{
"type": "FeatureCollection",
"name": "network_nodes",
"crs": { "type": "name", "properties": { "name": "urn:ogc:def:crs:OGC:1.3:CRS84" } },
"features": [
{ "type": "Feature", "properties": { "osmid": 32519942 }, "geometry": { "type": "Point", "coordinates": [ 37.158701, 36.1999935 ] } },
{ "type": "Feature", "properties": { "osmid": 32520028 }, "geometry": { "type": "Point", "coordinates": [ 37.1517808, 36.2023234 ] } },
{ "type": "Feature", "properties": { "osmid": 260925729 }, "geometry": { "type": "Point", "coordinates": [ 37.1492478, 36.1915494 ] } },
{ "type": "Feature", "properties": { "osmid": 260925730 }, "geometry": { "type": "Point", "coordinates": [ 37.1509624, 36.1947272 ] } },
{ "type": "Feature", "properties": { "osmid": 260925784 }, "geometry": { "type": "Point", "coordinates": [ 37.1605076, 36.1917643 ] } },
{ "type": "Feature", "properties": { "osmid": 260925786 }, "geometry": { "type": "Point", "coordinates": [ 37.1656195, 36.1928727 ] } },
{ "type": "Feature", "properties": { "osmid": 260925788 }, "geometry": { "type": "Point", "coordinates": [ 37.1678342, 36.1985527 ] } },
{ "type": "Feature", "properties": { "osmid": 260926967 }, "geometry": { "type": "Point", "coordinates": [ 37.1605187, 36.1914491 ] } },
{ "type": "Feature", "properties": { "osmid": 260927033 }, "geometry": { "type": "Point", "coordinates": [ 37.1528209, 36.1889268 ] } },
{ "type": "Feature", "properties": { "osmid": 260927034 }, "geometry": { "type": "Point", "coordinates": [ 37.152761, 36.1906103 ] } },
{ "type": "Feature", "properties": { "osmid": 260937520 }, "geometry": { "type": "Point", "coordinates": [ 37.16697, 36.1968237 ] } },
{ "type": "Feature", "properties": { "osmid": 260940483 }, "geometry": { "type": "Point", "coordinates": [ 37.1484099, 36.1876526 ] } },
{ "type": "Feature", "properties": { "osmid": 260940484 }, "geometry": { "type": "Point", "coordinates": [ 37.147035, 36.1877272 ] } },
{ "type": "Feature", "properties": { "osmid": 270138117 }, "geometry": { "type": "Point", "coordinates": [ 37.16052, 36.1902496 ] } },
{ "type": "Feature", "properties": { "osmid": 270138125 }, "geometry": { "type": "Point", "coordinates": [ 37.1651376, 36.1912266 ] } },
{ "type": "Feature", "properties": { "osmid": 270138204 }, "geometry": { "type": "Point", "coordinates": [ 37.1634917, 36.1920614 ] } },
{ "type": "Feature", "properties": { "osmid": 270138675 }, "geometry": { "type": "Point", "coordinates": [ 37.1526836, 36.1893979 ] } },
{ "type": "Feature", "properties": { "osmid": 270138707 }, "geometry": { "type": "Point", "coordinates": [ 37.1534426, 36.1870643 ] } },
{ "type": "Feature", "properties": { "osmid": 270139823 }, "geometry": { "type": "Point", "coordinates": [ 37.1736262, 36.1880332 ] } },
{ "type": "Feature", "properties": { "osmid": 270140885 }, "geometry": { "type": "Point", "coordinates": [ 37.168273, 36.1942188 ] } },
{ "type": "Feature", "properties": { "osmid": 270141384 }, "geometry": { "type": "Point", "coordinates": [ 37.1672764, 36.1985506 ] } },
{ "type": "Feature", "properties": { "osmid": 270142250 }, "geometry": { "type": "Point", "coordinates": [ 37.1735285, 36.2021395 ] } },
{ "type": "Feature", "properties": { "osmid": 270142251 }, "geometry": { "type": "Point", "coordinates": [ 37.1741244, 36.2024387 ] } },
{ "type": "Feature", "properties": { "osmid": 270142682 }, "geometry": { "type": "Point", "coordinates": [ 37.1680754, 36.1997808 ] } },
{ "type": "Feature", "properties": { "osmid": 270296199 }, "geometry": { "type": "Point", "coordinates": [ 37.1681737, 36.2015628 ] } },
{ "type": "Feature", "properties": { "osmid": 270381679 }, "geometry": { "type": "Point", "coordinates": [ 37.162542, 36.2041289 ] } },
{ "type": "Feature", "properties": { "osmid": 270381704 }, "geometry": { "type": "Point", "coordinates": [ 37.1673965, 36.2035987 ] } },
{ "type": "Feature", "properties": { "osmid": 270381706 }, "geometry": { "type": "Point", "coordinates": [ 37.167649, 36.2037577 ] } },
{ "type": "Feature", "properties": { "osmid": 270381707 }, "geometry": { "type": "Point", "coordinates": [ 37.1676139, 36.2039165 ] } },
{ "type": "Feature", "properties": { "osmid": 270381708 }, "geometry": { "type": "Point", "coordinates": [ 37.1674565, 36.2040044 ] } },
{ "type": "Feature", "properties": { "osmid": 270381709 }, "geometry": { "type": "Point", "coordinates": [ 37.1673016, 36.203993 ] } },
{ "type": "Feature", "properties": { "osmid": 270381711 }, "geometry": { "type": "Point", "coordinates": [ 37.1671471, 36.2037923 ] } },
{ "type": "Feature", "properties": { "osmid": 270381786 }, "geometry": { "type": "Point", "coordinates": [ 37.1732661, 36.2021148 ] } },
{ "type": "Feature", "properties": { "osmid": 270381820 }, "geometry": { "type": "Point", "coordinates": [ 37.1696906, 36.2041105 ] } },
{ "type": "Feature", "properties": { "osmid": 270381840 }, "geometry": { "type": "Point", "coordinates": [ 37.173735, 36.2019062 ] } },
{ "type": "Feature", "properties": { "osmid": 270381907 }, "geometry": { "type": "Point", "coordinates": [ 37.1699712, 36.2041031 ] } },
{ "type": "Feature", "properties": { "osmid": 270381908 }, "geometry": { "type": "Point", "coordinates": [ 37.1703706, 36.2043322 ] } },
{ "type": "Feature", "properties": { "osmid": 270381909 }, "geometry": { "type": "Point", "coordinates": [ 37.171514, 36.2049242 ] } },
{ "type": "Feature", "properties": { "osmid": 270381911 }, "geometry": { "type": "Point", "coordinates": [ 37.1728475, 36.2053504 ] } },
{ "type": "Feature", "properties": { "osmid": 270381912 }, "geometry": { "type": "Point", "coordinates": [ 37.1735157, 36.2055677 ] } },
{ "type": "Feature", "properties": { "osmid": 270381913 }, "geometry": { "type": "Point", "coordinates": [ 37.174019, 36.2057861 ] } },
{ "type": "Feature", "properties": { "osmid": 270381914 }, "geometry": { "type": "Point", "coordinates": [ 37.1748943, 36.2061948 ] } },
{ "type": "Feature", "properties": { "osmid": 270382924 }, "geometry": { "type": "Point", "coordinates": [ 37.1654829, 36.2097049 ] } },
{ "type": "Feature", "properties": { "osmid": 270382929 }, "geometry": { "type": "Point", "coordinates": [ 37.1655775, 36.2093009 ] } },
{ "type": "Feature", "properties": { "osmid": 270420243 }, "geometry": { "type": "Point", "coordinates": [ 37.1578481, 36.1886608 ] } },
{ "type": "Feature", "properties": { "osmid": 270420668 }, "geometry": { "type": "Point", "coordinates": [ 37.1472936, 36.2025669 ] } },
{ "type": "Feature", "properties": { "osmid": 270420688 }, "geometry": { "type": "Point", "coordinates": [ 37.1472876, 36.202348 ] } },
{ "type": "Feature", "properties": { "osmid": 270420689 }, "geometry": { "type": "Point", "coordinates": [ 37.1492041, 36.2022601 ] } },
{ "type": "Feature", "properties": { "osmid": 270421244 }, "geometry": { "type": "Point", "coordinates": [ 37.1473062, 36.1987767 ] } },
{ "type": "Feature", "properties": { "osmid": 270421246 }, "geometry": { "type": "Point", "coordinates": [ 37.1474542, 36.1989561 ] } },
{ "type": "Feature", "properties": { "osmid": 270421247 }, "geometry": { "type": "Point", "coordinates": [ 37.1475181, 36.2003415 ] } },
{ "type": "Feature", "properties": { "osmid": 270421249 }, "geometry": { "type": "Point", "coordinates": [ 37.1471814, 36.1989751 ] } },
{ "type": "Feature", "properties": { "osmid": 270421303 }, "geometry": { "type": "Point", "coordinates": [ 37.1473681, 36.2040584 ] } },
{ "type": "Feature", "properties": { "osmid": 270421349 }, "geometry": { "type": "Point", "coordinates": [ 37.1476261, 36.2023204 ] } },
{ "type": "Feature", "properties": { "osmid": 270421351 }, "geometry": { "type": "Point", "coordinates": [ 37.1476406, 36.2025648 ] } },
{ "type": "Feature", "properties": { "osmid": 270421354 }, "geometry": { "type": "Point", "coordinates": [ 37.1476946, 36.2040497 ] } },
{ "type": "Feature", "properties": { "osmid": 270421355 }, "geometry": { "type": "Point", "coordinates": [ 37.1479001, 36.2053392 ] } },
{ "type": "Feature", "properties": { "osmid": 270421576 }, "geometry": { "type": "Point", "coordinates": [ 37.1480272, 36.20641 ] } },
{ "type": "Feature", "properties": { "osmid": 270421577 }, "geometry": { "type": "Point", "coordinates": [ 37.1482525, 36.2071355 ] } },
{ "type": "Feature", "properties": { "osmid": 270421581 }, "geometry": { "type": "Point", "coordinates": [ 37.1470237, 36.2064898 ] } },
{ "type": "Feature", "properties": { "osmid": 270421658 }, "geometry": { "type": "Point", "coordinates": [ 37.1481364, 36.2067335 ] } },
{ "type": "Feature", "properties": { "osmid": 270421693 }, "geometry": { "type": "Point", "coordinates": [ 37.1469826, 36.2069751 ] } },
{ "type": "Feature", "properties": { "osmid": 270422613 }, "geometry": { "type": "Point", "coordinates": [ 37.1524445, 36.2038643 ] } },
{ "type": "Feature", "properties": { "osmid": 270422708 }, "geometry": { "type": "Point", "coordinates": [ 37.152876, 36.2050647 ] } },
{ "type": "Feature", "properties": { "osmid": 270422709 }, "geometry": { "type": "Point", "coordinates": [ 37.1527223, 36.2044597 ] } },
{ "type": "Feature", "properties": { "osmid": 270422890 }, "geometry": { "type": "Point", "coordinates": [ 37.1555537, 36.2082524 ] } },
{ "type": "Feature", "properties": { "osmid": 270422893 }, "geometry": { "type": "Point", "coordinates": [ 37.1542103, 36.2072225 ] } },
{ "type": "Feature", "properties": { "osmid": 270422895 }, "geometry": { "type": "Point", "coordinates": [ 37.1535649, 36.2065402 ] } },
{ "type": "Feature", "properties": { "osmid": 270422896 }, "geometry": { "type": "Point", "coordinates": [ 37.1533312, 36.2062327 ] } },
{ "type": "Feature", "properties": { "osmid": 270423007 }, "geometry": { "type": "Point", "coordinates": [ 37.153151, 36.2056755 ] } },
{ "type": "Feature", "properties": { "osmid": 270423008 }, "geometry": { "type": "Point", "coordinates": [ 37.1528405, 36.2057508 ] } },
{ "type": "Feature", "properties": { "osmid": 325230257 }, "geometry": { "type": "Point", "coordinates": [ 37.146539, 36.1889974 ] } },
{ "type": "Feature", "properties": { "osmid": 325230280 }, "geometry": { "type": "Point", "coordinates": [ 37.1495373, 36.1921421 ] } },
{ "type": "Feature", "properties": { "osmid": 325231256 }, "geometry": { "type": "Point", "coordinates": [ 37.146887, 36.1893781 ] } },
{ "type": "Feature", "properties": { "osmid": 325232468 }, "geometry": { "type": "Point", "coordinates": [ 37.146004, 36.1910452 ] } },
{ "type": "Feature", "properties": { "osmid": 325232471 }, "geometry": { "type": "Point", "coordinates": [ 37.146815, 36.1911495 ] } },
{ "type": "Feature", "properties": { "osmid": 325232472 }, "geometry": { "type": "Point", "coordinates": [ 37.1480896, 36.191253 ] } },
{ "type": "Feature", "properties": { "osmid": 325232475 }, "geometry": { "type": "Point", "coordinates": [ 37.1486278, 36.1911836 ] } },
{ "type": "Feature", "properties": { "osmid": 325232476 }, "geometry": { "type": "Point", "coordinates": [ 37.1491322, 36.1910145 ] } },
{ "type": "Feature", "properties": { "osmid": 325232505 }, "geometry": { "type": "Point", "coordinates": [ 37.146967, 36.1894523 ] } },
{ "type": "Feature", "properties": { "osmid": 325233630 }, "geometry": { "type": "Point", "coordinates": [ 37.1521101, 36.1872214 ] } },
{ "type": "Feature", "properties": { "osmid": 325233651 }, "geometry": { "type": "Point", "coordinates": [ 37.150085, 36.1874391 ] } },
{ "type": "Feature", "properties": { "osmid": 325237779 }, "geometry": { "type": "Point", "coordinates": [ 37.1734213, 36.1879817 ] } },
{ "type": "Feature", "properties": { "osmid": 338308641 }, "geometry": { "type": "Point", "coordinates": [ 37.1680653, 36.1960367 ] } },
{ "type": "Feature", "properties": { "osmid": 338309010 }, "geometry": { "type": "Point", "coordinates": [ 37.1681698, 36.1958944 ] } },
{ "type": "Feature", "properties": { "osmid": 338309268 }, "geometry": { "type": "Point", "coordinates": [ 37.1683733, 36.1871436 ] } },
{ "type": "Feature", "properties": { "osmid": 338309416 }, "geometry": { "type": "Point", "coordinates": [ 37.168246, 36.1935766 ] } },
{ "type": "Feature", "properties": { "osmid": 338309970 }, "geometry": { "type": "Point", "coordinates": [ 37.1680381, 36.195627 ] } },
{ "type": "Feature", "properties": { "osmid": 338309977 }, "geometry": { "type": "Point", "coordinates": [ 37.1679026, 36.1937221 ] } },
{ "type": "Feature", "properties": { "osmid": 338309988 }, "geometry": { "type": "Point", "coordinates": [ 37.1679685, 36.1870744 ] } },
{ "type": "Feature", "properties": { "osmid": 338310940 }, "geometry": { "type": "Point", "coordinates": [ 37.1680185, 36.1907166 ] } },
{ "type": "Feature", "properties": { "osmid": 338916674 }, "geometry": { "type": "Point", "coordinates": [ 37.1553313, 36.204943 ] } },
{ "type": "Feature", "properties": { "osmid": 338916675 }, "geometry": { "type": "Point", "coordinates": [ 37.1554463, 36.2051965 ] } },
{ "type": "Feature", "properties": { "osmid": 338917295 }, "geometry": { "type": "Point", "coordinates": [ 37.1664654, 36.1911367 ] } },
{ "type": "Feature", "properties": { "osmid": 391376719 }, "geometry": { "type": "Point", "coordinates": [ 37.1731912, 36.1881812 ] } },
{ "type": "Feature", "properties": { "osmid": 441953695 }, "geometry": { "type": "Point", "coordinates": [ 37.1461543, 36.1896466 ] } },
{ "type": "Feature", "properties": { "osmid": 441953715 }, "geometry": { "type": "Point", "coordinates": [ 37.1459445, 36.1917079 ] } },
{ "type": "Feature", "properties": { "osmid": 441953729 }, "geometry": { "type": "Point", "coordinates": [ 37.1490995, 36.1929006 ] } },
{ "type": "Feature", "properties": { "osmid": 441953737 }, "geometry": { "type": "Point", "coordinates": [ 37.1473988, 36.1933359 ] } },
{ "type": "Feature", "properties": { "osmid": 441953748 }, "geometry": { "type": "Point", "coordinates": [ 37.1476992, 36.192567 ] } },
{ "type": "Feature", "properties": { "osmid": 441953754 }, "geometry": { "type": "Point", "coordinates": [ 37.1479395, 36.1918328 ] } },
{ "type": "Feature", "properties": { "osmid": 540035110 }, "geometry": { "type": "Point", "coordinates": [ 37.1519916, 36.2002712 ] } },
{ "type": "Feature", "properties": { "osmid": 540035114 }, "geometry": { "type": "Point", "coordinates": [ 37.1533377, 36.1999373 ] } },
{ "type": "Feature", "properties": { "osmid": 540035224 }, "geometry": { "type": "Point", "coordinates": [ 37.1563037, 36.2000516 ] } },
{ "type": "Feature", "properties": { "osmid": 540035289 }, "geometry": { "type": "Point", "coordinates": [ 37.157163, 36.2048383 ] } },
{ "type": "Feature", "properties": { "osmid": 540035461 }, "geometry": { "type": "Point", "coordinates": [ 37.1546002, 36.202194 ] } },
{ "type": "Feature", "properties": { "osmid": 540035503 }, "geometry": { "type": "Point", "coordinates": [ 37.1542187, 36.2021956 ] } },
{ "type": "Feature", "properties": { "osmid": 540035633 }, "geometry": { "type": "Point", "coordinates": [ 37.1532505, 36.202204 ] } },
{ "type": "Feature", "properties": { "osmid": 540036007 }, "geometry": { "type": "Point", "coordinates": [ 37.1511066, 36.1985189 ] } },
{ "type": "Feature", "properties": { "osmid": 540036022 }, "geometry": { "type": "Point", "coordinates": [ 37.1511029, 36.1984257 ] } },
{ "type": "Feature", "properties": { "osmid": 540036387 }, "geometry": { "type": "Point", "coordinates": [ 37.1515155, 36.2038086 ] } },
{ "type": "Feature", "properties": { "osmid": 540036451 }, "geometry": { "type": "Point", "coordinates": [ 37.1519006, 36.2059486 ] } },
{ "type": "Feature", "properties": { "osmid": 540036461 }, "geometry": { "type": "Point", "coordinates": [ 37.150506, 36.2038997 ] } },
{ "type": "Feature", "properties": { "osmid": 540036543 }, "geometry": { "type": "Point", "coordinates": [ 37.1507995, 36.2061789 ] } },
{ "type": "Feature", "properties": { "osmid": 540036591 }, "geometry": { "type": "Point", "coordinates": [ 37.1490586, 36.2065393 ] } },
{ "type": "Feature", "properties": { "osmid": 540039940 }, "geometry": { "type": "Point", "coordinates": [ 37.1492312, 36.2025215 ] } },
{ "type": "Feature", "properties": { "osmid": 540039950 }, "geometry": { "type": "Point", "coordinates": [ 37.1494659, 36.2039921 ] } },
{ "type": "Feature", "properties": { "osmid": 540039958 }, "geometry": { "type": "Point", "coordinates": [ 37.1498008, 36.2063642 ] } },
{ "type": "Feature", "properties": { "osmid": 540040051 }, "geometry": { "type": "Point", "coordinates": [ 37.1486735, 36.206608 ] } },
{ "type": "Feature", "properties": { "osmid": 540040076 }, "geometry": { "type": "Point", "coordinates": [ 37.1501183, 36.2098572 ] } },
{ "type": "Feature", "properties": { "osmid": 540040088 }, "geometry": { "type": "Point", "coordinates": [ 37.1525844, 36.2058052 ] } },
{ "type": "Feature", "properties": { "osmid": 540040216 }, "geometry": { "type": "Point", "coordinates": [ 37.1496632, 36.2054642 ] } },
{ "type": "Feature", "properties": { "osmid": 540040217 }, "geometry": { "type": "Point", "coordinates": [ 37.1506957, 36.205361 ] } },
{ "type": "Feature", "properties": { "osmid": 540040218 }, "geometry": { "type": "Point", "coordinates": [ 37.1517683, 36.2052132 ] } },
{ "type": "Feature", "properties": { "osmid": 540040224 }, "geometry": { "type": "Point", "coordinates": [ 37.1478397, 36.204962 ] } },
{ "type": "Feature", "properties": { "osmid": 540040426 }, "geometry": { "type": "Point", "coordinates": [ 37.1481309, 36.2047406 ] } },
{ "type": "Feature", "properties": { "osmid": 540040427 }, "geometry": { "type": "Point", "coordinates": [ 37.1496008, 36.2048355 ] } },
{ "type": "Feature", "properties": { "osmid": 540040433 }, "geometry": { "type": "Point", "coordinates": [ 37.1506144, 36.2047343 ] } },
{ "type": "Feature", "properties": { "osmid": 540040437 }, "geometry": { "type": "Point", "coordinates": [ 37.1516593, 36.2046076 ] } },
{ "type": "Feature", "properties": { "osmid": 540040453 }, "geometry": { "type": "Point", "coordinates": [ 37.1488407, 36.2088592 ] } },
{ "type": "Feature", "properties": { "osmid": 540040478 }, "geometry": { "type": "Point", "coordinates": [ 37.1493699, 36.2088641 ] } },
{ "type": "Feature", "properties": { "osmid": 540040479 }, "geometry": { "type": "Point", "coordinates": [ 37.1497875, 36.208868 ] } },
{ "type": "Feature", "properties": { "osmid": 540040481 }, "geometry": { "type": "Point", "coordinates": [ 37.150191, 36.2088506 ] } },
{ "type": "Feature", "properties": { "osmid": 540040482 }, "geometry": { "type": "Point", "coordinates": [ 37.1506342, 36.2088468 ] } },
{ "type": "Feature", "properties": { "osmid": 540040483 }, "geometry": { "type": "Point", "coordinates": [ 37.1558483, 36.2089497 ] } },
{ "type": "Feature", "properties": { "osmid": 540040509 }, "geometry": { "type": "Point", "coordinates": [ 37.1490149, 36.2093661 ] } },
{ "type": "Feature", "properties": { "osmid": 540040586 }, "geometry": { "type": "Point", "coordinates": [ 37.1495484, 36.2093894 ] } },
{ "type": "Feature", "properties": { "osmid": 540040591 }, "geometry": { "type": "Point", "coordinates": [ 37.1499614, 36.2094003 ] } },
{ "type": "Feature", "properties": { "osmid": 540040596 }, "geometry": { "type": "Point", "coordinates": [ 37.1503081, 36.2093812 ] } },
{ "type": "Feature", "properties": { "osmid": 540040597 }, "geometry": { "type": "Point", "coordinates": [ 37.1504278, 36.2093462 ] } },
{ "type": "Feature", "properties": { "osmid": 540041864 }, "geometry": { "type": "Point", "coordinates": [ 37.1648794, 36.1968276 ] } },
{ "type": "Feature", "properties": { "osmid": 540056699 }, "geometry": { "type": "Point", "coordinates": [ 37.1580153, 36.2094629 ] } },
{ "type": "Feature", "properties": { "osmid": 540056822 }, "geometry": { "type": "Point", "coordinates": [ 37.1526782, 36.2094288 ] } },
{ "type": "Feature", "properties": { "osmid": 540056825 }, "geometry": { "type": "Point", "coordinates": [ 37.1527028, 36.2088946 ] } },
{ "type": "Feature", "properties": { "osmid": 540427731 }, "geometry": { "type": "Point", "coordinates": [ 37.1556487, 36.1943066 ] } },
{ "type": "Feature", "properties": { "osmid": 540560907 }, "geometry": { "type": "Point", "coordinates": [ 37.160704, 36.1924884 ] } },
{ "type": "Feature", "properties": { "osmid": 540562985 }, "geometry": { "type": "Point", "coordinates": [ 37.1739679, 36.1984698 ] } },
{ "type": "Feature", "properties": { "osmid": 540563850 }, "geometry": { "type": "Point", "coordinates": [ 37.1606464, 36.1961649 ] } },
{ "type": "Feature", "properties": { "osmid": 540563851 }, "geometry": { "type": "Point", "coordinates": [ 37.1598368, 36.1965006 ] } },
{ "type": "Feature", "properties": { "osmid": 540565398 }, "geometry": { "type": "Point", "coordinates": [ 37.1464274, 36.2040315 ] } },
{ "type": "Feature", "properties": { "osmid": 540575545 }, "geometry": { "type": "Point", "coordinates": [ 37.1567845, 36.2068045 ] } },
{ "type": "Feature", "properties": { "osmid": 540575546 }, "geometry": { "type": "Point", "coordinates": [ 37.1566898, 36.2061005 ] } },
{ "type": "Feature", "properties": { "osmid": 540575547 }, "geometry": { "type": "Point", "coordinates": [ 37.1566817, 36.2058668 ] } },
{ "type": "Feature", "properties": { "osmid": 540575552 }, "geometry": { "type": "Point", "coordinates": [ 37.1536959, 36.205756 ] } },
{ "type": "Feature", "properties": { "osmid": 540575553 }, "geometry": { "type": "Point", "coordinates": [ 37.1535985, 36.2055735 ] } },
{ "type": "Feature", "properties": { "osmid": 540575591 }, "geometry": { "type": "Point", "coordinates": [ 37.1577482, 36.2062347 ] } },
{ "type": "Feature", "properties": { "osmid": 540575810 }, "geometry": { "type": "Point", "coordinates": [ 37.1555079, 36.206965 ] } },
{ "type": "Feature", "properties": { "osmid": 540575945 }, "geometry": { "type": "Point", "coordinates": [ 37.1607989, 36.2043831 ] } },
{ "type": "Feature", "properties": { "osmid": 540575960 }, "geometry": { "type": "Point", "coordinates": [ 37.1551224, 36.2097342 ] } },
{ "type": "Feature", "properties": { "osmid": 540578179 }, "geometry": { "type": "Point", "coordinates": [ 37.1582883, 36.200053 ] } },
{ "type": "Feature", "properties": { "osmid": 540578737 }, "geometry": { "type": "Point", "coordinates": [ 37.1575394, 36.2000912 ] } },
{ "type": "Feature", "properties": { "osmid": 540578818 }, "geometry": { "type": "Point", "coordinates": [ 37.1565718, 36.1975523 ] } },
{ "type": "Feature", "properties": { "osmid": 540578823 }, "geometry": { "type": "Point", "coordinates": [ 37.1584521, 36.1969819 ] } },
{ "type": "Feature", "properties": { "osmid": 540578831 }, "geometry": { "type": "Point", "coordinates": [ 37.1608224, 36.197867 ] } },
{ "type": "Feature", "properties": { "osmid": 540578833 }, "geometry": { "type": "Point", "coordinates": [ 37.1609597, 36.1981163 ] } },
{ "type": "Feature", "properties": { "osmid": 540581234 }, "geometry": { "type": "Point", "coordinates": [ 37.1595245, 36.2022097 ] } },
{ "type": "Feature", "properties": { "osmid": 540582813 }, "geometry": { "type": "Point", "coordinates": [ 37.1511243, 36.2082468 ] } },
{ "type": "Feature", "properties": { "osmid": 540582837 }, "geometry": { "type": "Point", "coordinates": [ 37.1520507, 36.2070396 ] } },
{ "type": "Feature", "properties": { "osmid": 540582839 }, "geometry": { "type": "Point", "coordinates": [ 37.1519739, 36.2088645 ] } },
{ "type": "Feature", "properties": { "osmid": 540582853 }, "geometry": { "type": "Point", "coordinates": [ 37.1486621, 36.2082898 ] } },
{ "type": "Feature", "properties": { "osmid": 540582926 }, "geometry": { "type": "Point", "coordinates": [ 37.1491722, 36.20829 ] } },
{ "type": "Feature", "properties": { "osmid": 540582927 }, "geometry": { "type": "Point", "coordinates": [ 37.1495877, 36.2083011 ] } },
{ "type": "Feature", "properties": { "osmid": 540582928 }, "geometry": { "type": "Point", "coordinates": [ 37.1501088, 36.2083578 ] } },
{ "type": "Feature", "properties": { "osmid": 540582929 }, "geometry": { "type": "Point", "coordinates": [ 37.1510307, 36.2083625 ] } },
{ "type": "Feature", "properties": { "osmid": 540582932 }, "geometry": { "type": "Point", "coordinates": [ 37.1520081, 36.20835 ] } },
{ "type": "Feature", "properties": { "osmid": 540582933 }, "geometry": { "type": "Point", "coordinates": [ 37.1527205, 36.2081024 ] } },
{ "type": "Feature", "properties": { "osmid": 540582953 }, "geometry": { "type": "Point", "coordinates": [ 37.1513172, 36.2088576 ] } },
{ "type": "Feature", "properties": { "osmid": 540582974 }, "geometry": { "type": "Point", "coordinates": [ 37.1513018, 36.2093736 ] } },
{ "type": "Feature", "properties": { "osmid": 540582992 }, "geometry": { "type": "Point", "coordinates": [ 37.1589814, 36.2095706 ] } },
{ "type": "Feature", "properties": { "osmid": 544482019 }, "geometry": { "type": "Point", "coordinates": [ 37.1575561, 36.1907528 ] } },
{ "type": "Feature", "properties": { "osmid": 544482021 }, "geometry": { "type": "Point", "coordinates": [ 37.1573982, 36.1913194 ] } },
{ "type": "Feature", "properties": { "osmid": 544482041 }, "geometry": { "type": "Point", "coordinates": [ 37.1595289, 36.1903797 ] } },
{ "type": "Feature", "properties": { "osmid": 544482045 }, "geometry": { "type": "Point", "coordinates": [ 37.1601248, 36.1917077 ] } },
{ "type": "Feature", "properties": { "osmid": 544482050 }, "geometry": { "type": "Point", "coordinates": [ 37.1583379, 36.1889994 ] } },
{ "type": "Feature", "properties": { "osmid": 544482054 }, "geometry": { "type": "Point", "coordinates": [ 37.1583391, 36.1914461 ] } },
{ "type": "Feature", "properties": { "osmid": 544482073 }, "geometry": { "type": "Point", "coordinates": [ 37.1584653, 36.1905808 ] } },
{ "type": "Feature", "properties": { "osmid": 544482087 }, "geometry": { "type": "Point", "coordinates": [ 37.1572349, 36.1897743 ] } },
{ "type": "Feature", "properties": { "osmid": 544482113 }, "geometry": { "type": "Point", "coordinates": [ 37.1490708, 36.1875633 ] } },
{ "type": "Feature", "properties": { "osmid": 544482138 }, "geometry": { "type": "Point", "coordinates": [ 37.1515232, 36.1890999 ] } },
{ "type": "Feature", "properties": { "osmid": 544482140 }, "geometry": { "type": "Point", "coordinates": [ 37.1523898, 36.1903779 ] } },
{ "type": "Feature", "properties": { "osmid": 544482153 }, "geometry": { "type": "Point", "coordinates": [ 37.1476772, 36.1881287 ] } },
{ "type": "Feature", "properties": { "osmid": 544482154 }, "geometry": { "type": "Point", "coordinates": [ 37.1482285, 36.1907528 ] } },
{ "type": "Feature", "properties": { "osmid": 544482285 }, "geometry": { "type": "Point", "coordinates": [ 37.1470751, 36.1888629 ] } },
{ "type": "Feature", "properties": { "osmid": 544482287 }, "geometry": { "type": "Point", "coordinates": [ 37.1471686, 36.1893741 ] } },
{ "type": "Feature", "properties": { "osmid": 544482384 }, "geometry": { "type": "Point", "coordinates": [ 37.1488079, 36.1894934 ] } },
{ "type": "Feature", "properties": { "osmid": 544482387 }, "geometry": { "type": "Point", "coordinates": [ 37.1479659, 36.1894224 ] } },
{ "type": "Feature", "properties": { "osmid": 544482411 }, "geometry": { "type": "Point", "coordinates": [ 37.1467201, 36.1885015 ] } },
{ "type": "Feature", "properties": { "osmid": 544482451 }, "geometry": { "type": "Point", "coordinates": [ 37.1472991, 36.1884105 ] } },
{ "type": "Feature", "properties": { "osmid": 544482453 }, "geometry": { "type": "Point", "coordinates": [ 37.1481845, 36.1877101 ] } },
{ "type": "Feature", "properties": { "osmid": 544482472 }, "geometry": { "type": "Point", "coordinates": [ 37.1470674, 36.1872303 ] } },
{ "type": "Feature", "properties": { "osmid": 544482475 }, "geometry": { "type": "Point", "coordinates": [ 37.14834, 36.1872588 ] } },
{ "type": "Feature", "properties": { "osmid": 544482540 }, "geometry": { "type": "Point", "coordinates": [ 37.1463921, 36.1881885 ] } },
{ "type": "Feature", "properties": { "osmid": 544482542 }, "geometry": { "type": "Point", "coordinates": [ 37.1460011, 36.1884741 ] } },
{ "type": "Feature", "properties": { "osmid": 544482548 }, "geometry": { "type": "Point", "coordinates": [ 37.1471799, 36.1877166 ] } },
{ "type": "Feature", "properties": { "osmid": 544482549 }, "geometry": { "type": "Point", "coordinates": [ 37.1473289, 36.1883927 ] } },
{ "type": "Feature", "properties": { "osmid": 544482655 }, "geometry": { "type": "Point", "coordinates": [ 37.1509396, 36.187363 ] } },
{ "type": "Feature", "properties": { "osmid": 549272640 }, "geometry": { "type": "Point", "coordinates": [ 37.1708883, 36.190182 ] } },
{ "type": "Feature", "properties": { "osmid": 549272642 }, "geometry": { "type": "Point", "coordinates": [ 37.1706359, 36.1889379 ] } },
{ "type": "Feature", "properties": { "osmid": 549272645 }, "geometry": { "type": "Point", "coordinates": [ 37.1722343, 36.1889368 ] } },
{ "type": "Feature", "properties": { "osmid": 549272701 }, "geometry": { "type": "Point", "coordinates": [ 37.1682745, 36.1906855 ] } },
{ "type": "Feature", "properties": { "osmid": 549272865 }, "geometry": { "type": "Point", "coordinates": [ 37.1676249, 36.2037063 ] } },
{ "type": "Feature", "properties": { "osmid": 549272874 }, "geometry": { "type": "Point", "coordinates": [ 37.1672275, 36.2039541 ] } },
{ "type": "Feature", "properties": { "osmid": 567283340 }, "geometry": { "type": "Point", "coordinates": [ 37.1632012, 36.2008816 ] } },
{ "type": "Feature", "properties": { "osmid": 770035657 }, "geometry": { "type": "Point", "coordinates": [ 37.1571108, 36.2048496 ] } },
{ "type": "Feature", "properties": { "osmid": 770035670 }, "geometry": { "type": "Point", "coordinates": [ 37.1567738, 36.2059453 ] } },
{ "type": "Feature", "properties": { "osmid": 770035685 }, "geometry": { "type": "Point", "coordinates": [ 37.1540244, 36.2038808 ] } },
{ "type": "Feature", "properties": { "osmid": 770035727 }, "geometry": { "type": "Point", "coordinates": [ 37.157107, 36.2052773 ] } },
{ "type": "Feature", "properties": { "osmid": 773211789 }, "geometry": { "type": "Point", "coordinates": [ 37.160586, 36.2038008 ] } },
{ "type": "Feature", "properties": { "osmid": 773211796 }, "geometry": { "type": "Point", "coordinates": [ 37.161961, 36.2027209 ] } },
{ "type": "Feature", "properties": { "osmid": 773211797 }, "geometry": { "type": "Point", "coordinates": [ 37.1612969, 36.2028407 ] } },
{ "type": "Feature", "properties": { "osmid": 773211809 }, "geometry": { "type": "Point", "coordinates": [ 37.1575979, 36.204004 ] } },
{ "type": "Feature", "properties": { "osmid": 925592550 }, "geometry": { "type": "Point", "coordinates": [ 37.1561664, 36.2020897 ] } },
{ "type": "Feature", "properties": { "osmid": 925592558 }, "geometry": { "type": "Point", "coordinates": [ 37.1491223, 36.201708 ] } },
{ "type": "Feature", "properties": { "osmid": 925592561 }, "geometry": { "type": "Point", "coordinates": [ 37.1516417, 36.2014526 ] } },
{ "type": "Feature", "properties": { "osmid": 925592568 }, "geometry": { "type": "Point", "coordinates": [ 37.1504089, 36.2024363 ] } },
{ "type": "Feature", "properties": { "osmid": 925592570 }, "geometry": { "type": "Point", "coordinates": [ 37.1558747, 36.2022478 ] } },
{ "type": "Feature", "properties": { "osmid": 925592582 }, "geometry": { "type": "Point", "coordinates": [ 37.1561327, 36.2024184 ] } },
{ "type": "Feature", "properties": { "osmid": 1343812112 }, "geometry": { "type": "Point", "coordinates": [ 37.1499057, 36.2069572 ] } },
{ "type": "Feature", "properties": { "osmid": 1343812119 }, "geometry": { "type": "Point", "coordinates": [ 37.1488506, 36.2072494 ] } },
{ "type": "Feature", "properties": { "osmid": 1343812121 }, "geometry": { "type": "Point", "coordinates": [ 37.1509409, 36.2067645 ] } },
{ "type": "Feature", "properties": { "osmid": 1343812123 }, "geometry": { "type": "Point", "coordinates": [ 37.1506944, 36.2024242 ] } },
{ "type": "Feature", "properties": { "osmid": 1343812136 }, "geometry": { "type": "Point", "coordinates": [ 37.1510438, 36.2038471 ] } },
{ "type": "Feature", "properties": { "osmid": 1343812139 }, "geometry": { "type": "Point", "coordinates": [ 37.1498832, 36.2072058 ] } },
{ "type": "Feature", "properties": { "osmid": 1343812153 }, "geometry": { "type": "Point", "coordinates": [ 37.1511076, 36.2042381 ] } },
{ "type": "Feature", "properties": { "osmid": 1343812158 }, "geometry": { "type": "Point", "coordinates": [ 37.1492341, 36.2071686 ] } },
{ "type": "Feature", "properties": { "osmid": 1343812161 }, "geometry": { "type": "Point", "coordinates": [ 37.1512102, 36.204662 ] } },
{ "type": "Feature", "properties": { "osmid": 1343812174 }, "geometry": { "type": "Point", "coordinates": [ 37.1515832, 36.2041847 ] } },
{ "type": "Feature", "properties": { "osmid": 1343812177 }, "geometry": { "type": "Point", "coordinates": [ 37.1495421, 36.2044237 ] } },
{ "type": "Feature", "properties": { "osmid": 1343812180 }, "geometry": { "type": "Point", "coordinates": [ 37.1483734, 36.2073657 ] } },
{ "type": "Feature", "properties": { "osmid": 1343812181 }, "geometry": { "type": "Point", "coordinates": [ 37.1505586, 36.2043048 ] } },
{ "type": "Feature", "properties": { "osmid": 1643035541 }, "geometry": { "type": "Point", "coordinates": [ 37.1678987, 36.1941286 ] } },
{ "type": "Feature", "properties": { "osmid": 1832043806 }, "geometry": { "type": "Point", "coordinates": [ 37.1649471, 36.1982794 ] } },
{ "type": "Feature", "properties": { "osmid": 1832043815 }, "geometry": { "type": "Point", "coordinates": [ 37.1571467, 36.1973342 ] } },
{ "type": "Feature", "properties": { "osmid": 1832043844 }, "geometry": { "type": "Point", "coordinates": [ 37.1616175, 36.1978163 ] } },
{ "type": "Feature", "properties": { "osmid": 1832043852 }, "geometry": { "type": "Point", "coordinates": [ 37.1600318, 36.195318 ] } },
{ "type": "Feature", "properties": { "osmid": 1832043889 }, "geometry": { "type": "Point", "coordinates": [ 37.1578538, 36.1957135 ] } },
{ "type": "Feature", "properties": { "osmid": 1832043908 }, "geometry": { "type": "Point", "coordinates": [ 37.1562365, 36.1956464 ] } },
{ "type": "Feature", "properties": { "osmid": 1832043943 }, "geometry": { "type": "Point", "coordinates": [ 37.1583322, 36.1952649 ] } },
{ "type": "Feature", "properties": { "osmid": 1832043947 }, "geometry": { "type": "Point", "coordinates": [ 37.1559716, 36.1949554 ] } },
{ "type": "Feature", "properties": { "osmid": 1832043971 }, "geometry": { "type": "Point", "coordinates": [ 37.1597377, 36.1949505 ] } },
{ "type": "Feature", "properties": { "osmid": 1832043982 }, "geometry": { "type": "Point", "coordinates": [ 37.1577707, 36.1953131 ] } },
{ "type": "Feature", "properties": { "osmid": 1832048526 }, "geometry": { "type": "Point", "coordinates": [ 37.1590803, 36.1976506 ] } },
{ "type": "Feature", "properties": { "osmid": 1832048529 }, "geometry": { "type": "Point", "coordinates": [ 37.1603134, 36.1987793 ] } },
{ "type": "Feature", "properties": { "osmid": 1832048531 }, "geometry": { "type": "Point", "coordinates": [ 37.1584909, 36.1976595 ] } },
{ "type": "Feature", "properties": { "osmid": 1832048532 }, "geometry": { "type": "Point", "coordinates": [ 37.1563352, 36.1988934 ] } },
{ "type": "Feature", "properties": { "osmid": 1832048536 }, "geometry": { "type": "Point", "coordinates": [ 37.1543894, 36.1986437 ] } },
{ "type": "Feature", "properties": { "osmid": 1832048538 }, "geometry": { "type": "Point", "coordinates": [ 37.1583084, 36.198759 ] } },
{ "type": "Feature", "properties": { "osmid": 1832085148 }, "geometry": { "type": "Point", "coordinates": [ 37.148987, 36.2010051 ] } },
{ "type": "Feature", "properties": { "osmid": 1832085167 }, "geometry": { "type": "Point", "coordinates": [ 37.1486729, 36.1987394 ] } },
{ "type": "Feature", "properties": { "osmid": 1832085186 }, "geometry": { "type": "Point", "coordinates": [ 37.1475529, 36.2010485 ] } },
{ "type": "Feature", "properties": { "osmid": 1832085213 }, "geometry": { "type": "Point", "coordinates": [ 37.1486592, 36.1986487 ] } },
{ "type": "Feature", "properties": { "osmid": 1832085230 }, "geometry": { "type": "Point", "coordinates": [ 37.1471373, 36.2052612 ] } },
{ "type": "Feature", "properties": { "osmid": 1832085232 }, "geometry": { "type": "Point", "coordinates": [ 37.1471525, 36.1996262 ] } },
{ "type": "Feature", "properties": { "osmid": 1832085235 }, "geometry": { "type": "Point", "coordinates": [ 37.1472292, 36.201057 ] } },
{ "type": "Feature", "properties": { "osmid": 1832085237 }, "geometry": { "type": "Point", "coordinates": [ 37.1469935, 36.2058087 ] } },
{ "type": "Feature", "properties": { "osmid": 1832105772 }, "geometry": { "type": "Point", "coordinates": [ 37.1596273, 36.194712 ] } },
{ "type": "Feature", "properties": { "osmid": 1832105778 }, "geometry": { "type": "Point", "coordinates": [ 37.1599661, 36.1964513 ] } },
{ "type": "Feature", "properties": { "osmid": 1832105780 }, "geometry": { "type": "Point", "coordinates": [ 37.1593589, 36.1939278 ] } },
{ "type": "Feature", "properties": { "osmid": 1832105781 }, "geometry": { "type": "Point", "coordinates": [ 37.1602397, 36.1955937 ] } },
{ "type": "Feature", "properties": { "osmid": 1832105782 }, "geometry": { "type": "Point", "coordinates": [ 37.1590881, 36.1965992 ] } },
{ "type": "Feature", "properties": { "osmid": 1832105786 }, "geometry": { "type": "Point", "coordinates": [ 37.1583607, 36.193771 ] } },
{ "type": "Feature", "properties": { "osmid": 1832105788 }, "geometry": { "type": "Point", "coordinates": [ 37.1576959, 36.1943053 ] } },
{ "type": "Feature", "properties": { "osmid": 1832105792 }, "geometry": { "type": "Point", "coordinates": [ 37.1561398, 36.1948824 ] } },
{ "type": "Feature", "properties": { "osmid": 1832105798 }, "geometry": { "type": "Point", "coordinates": [ 37.1575748, 36.1942957 ] } },
{ "type": "Feature", "properties": { "osmid": 1832105802 }, "geometry": { "type": "Point", "coordinates": [ 37.1582634, 36.1943369 ] } },
{ "type": "Feature", "properties": { "osmid": 1832105808 }, "geometry": { "type": "Point", "coordinates": [ 37.1582626, 36.1946551 ] } },
{ "type": "Feature", "properties": { "osmid": 1832105810 }, "geometry": { "type": "Point", "coordinates": [ 37.1593075, 36.1938747 ] } },
{ "type": "Feature", "properties": { "osmid": 1832105813 }, "geometry": { "type": "Point", "coordinates": [ 37.1563386, 36.1935724 ] } },
{ "type": "Feature", "properties": { "osmid": 1832105815 }, "geometry": { "type": "Point", "coordinates": [ 37.1591837, 36.1960246 ] } },
{ "type": "Feature", "properties": { "osmid": 1832105816 }, "geometry": { "type": "Point", "coordinates": [ 37.1627321, 36.1951759 ] } },
{ "type": "Feature", "properties": { "osmid": 1832105817 }, "geometry": { "type": "Point", "coordinates": [ 37.1563488, 36.1945227 ] } },
{ "type": "Feature", "properties": { "osmid": 1832105822 }, "geometry": { "type": "Point", "coordinates": [ 37.1584679, 36.1966183 ] } },
{ "type": "Feature", "properties": { "osmid": 1832105829 }, "geometry": { "type": "Point", "coordinates": [ 37.1564124, 36.1935655 ] } },
{ "type": "Feature", "properties": { "osmid": 1832105831 }, "geometry": { "type": "Point", "coordinates": [ 37.1604036, 36.195824 ] } },
{ "type": "Feature", "properties": { "osmid": 1835295453 }, "geometry": { "type": "Point", "coordinates": [ 37.1688152, 36.1871253 ] } },
{ "type": "Feature", "properties": { "osmid": 1835918762 }, "geometry": { "type": "Point", "coordinates": [ 37.1594297, 36.206526 ] } },
{ "type": "Feature", "properties": { "osmid": 1835918771 }, "geometry": { "type": "Point", "coordinates": [ 37.1587819, 36.2063861 ] } },
{ "type": "Feature", "properties": { "osmid": 1835918778 }, "geometry": { "type": "Point", "coordinates": [ 37.1625307, 36.2046108 ] } },
{ "type": "Feature", "properties": { "osmid": 1835918787 }, "geometry": { "type": "Point", "coordinates": [ 37.1600903, 36.2065782 ] } },
{ "type": "Feature", "properties": { "osmid": 1835918790 }, "geometry": { "type": "Point", "coordinates": [ 37.1603156, 36.2086342 ] } },
{ "type": "Feature", "properties": { "osmid": 1835918829 }, "geometry": { "type": "Point", "coordinates": [ 37.1608257, 36.2050031 ] } },
{ "type": "Feature", "properties": { "osmid": 1835918833 }, "geometry": { "type": "Point", "coordinates": [ 37.1586719, 36.2080915 ] } },
{ "type": "Feature", "properties": { "osmid": 1835918845 }, "geometry": { "type": "Point", "coordinates": [ 37.1634645, 36.2071171 ] } },
{ "type": "Feature", "properties": { "osmid": 1835918848 }, "geometry": { "type": "Point", "coordinates": [ 37.1667247, 36.2055978 ] } },
{ "type": "Feature", "properties": { "osmid": 1835918854 }, "geometry": { "type": "Point", "coordinates": [ 37.1576806, 36.2101589 ] } },
{ "type": "Feature", "properties": { "osmid": 1835918883 }, "geometry": { "type": "Point", "coordinates": [ 37.1616269, 36.2064927 ] } },
{ "type": "Feature", "properties": { "osmid": 1835918887 }, "geometry": { "type": "Point", "coordinates": [ 37.1587805, 36.2099345 ] } },
{ "type": "Feature", "properties": { "osmid": 1835918894 }, "geometry": { "type": "Point", "coordinates": [ 37.1630516, 36.2067259 ] } },
{ "type": "Feature", "properties": { "osmid": 1835918896 }, "geometry": { "type": "Point", "coordinates": [ 37.1592406, 36.2074898 ] } },
{ "type": "Feature", "properties": { "osmid": 1835918924 }, "geometry": { "type": "Point", "coordinates": [ 37.1596715, 36.2048767 ] } },
{ "type": "Feature", "properties": { "osmid": 1835918929 }, "geometry": { "type": "Point", "coordinates": [ 37.1621534, 36.209364 ] } },
{ "type": "Feature", "properties": { "osmid": 1835918950 }, "geometry": { "type": "Point", "coordinates": [ 37.1599459, 36.2099162 ] } },
{ "type": "Feature", "properties": { "osmid": 1835918951 }, "geometry": { "type": "Point", "coordinates": [ 37.1665221, 36.2054413 ] } },
{ "type": "Feature", "properties": { "osmid": 1835918967 }, "geometry": { "type": "Point", "coordinates": [ 37.1579263, 36.2090048 ] } },
{ "type": "Feature", "properties": { "osmid": 1835918972 }, "geometry": { "type": "Point", "coordinates": [ 37.1645416, 36.2076902 ] } },
{ "type": "Feature", "properties": { "osmid": 1835918988 }, "geometry": { "type": "Point", "coordinates": [ 37.1625259, 36.2044441 ] } },
{ "type": "Feature", "properties": { "osmid": 1835918990 }, "geometry": { "type": "Point", "coordinates": [ 37.1617574, 36.2068922 ] } },
{ "type": "Feature", "properties": { "osmid": 1835919000 }, "geometry": { "type": "Point", "coordinates": [ 37.1593828, 36.2065136 ] } },
{ "type": "Feature", "properties": { "osmid": 1835919002 }, "geometry": { "type": "Point", "coordinates": [ 37.1622307, 36.2094368 ] } },
{ "type": "Feature", "properties": { "osmid": 1835919003 }, "geometry": { "type": "Point", "coordinates": [ 37.1624576, 36.2055095 ] } },
{ "type": "Feature", "properties": { "osmid": 1835919007 }, "geometry": { "type": "Point", "coordinates": [ 37.1614427, 36.2045616 ] } },
{ "type": "Feature", "properties": { "osmid": 1835919008 }, "geometry": { "type": "Point", "coordinates": [ 37.1579772, 36.2090719 ] } },
{ "type": "Feature", "properties": { "osmid": 1835919012 }, "geometry": { "type": "Point", "coordinates": [ 37.1635705, 36.206646 ] } },
{ "type": "Feature", "properties": { "osmid": 1835919015 }, "geometry": { "type": "Point", "coordinates": [ 37.1649271, 36.2046476 ] } },
{ "type": "Feature", "properties": { "osmid": 1835919019 }, "geometry": { "type": "Point", "coordinates": [ 37.1654488, 36.204575 ] } },
{ "type": "Feature", "properties": { "osmid": 1835919031 }, "geometry": { "type": "Point", "coordinates": [ 37.1625102, 36.2054489 ] } },
{ "type": "Feature", "properties": { "osmid": 1835919056 }, "geometry": { "type": "Point", "coordinates": [ 37.1614239, 36.2058905 ] } },
{ "type": "Feature", "properties": { "osmid": 1835919057 }, "geometry": { "type": "Point", "coordinates": [ 37.1631641, 36.2063487 ] } },
{ "type": "Feature", "properties": { "osmid": 1835919069 }, "geometry": { "type": "Point", "coordinates": [ 37.1659323, 36.20736 ] } },
{ "type": "Feature", "properties": { "osmid": 1835919083 }, "geometry": { "type": "Point", "coordinates": [ 37.1649349, 36.2080893 ] } },
{ "type": "Feature", "properties": { "osmid": 1835919087 }, "geometry": { "type": "Point", "coordinates": [ 37.1652492, 36.2094409 ] } },
{ "type": "Feature", "properties": { "osmid": 1835919089 }, "geometry": { "type": "Point", "coordinates": [ 37.1561592, 36.2085512 ] } },
{ "type": "Feature", "properties": { "osmid": 1835919090 }, "geometry": { "type": "Point", "coordinates": [ 37.1626871, 36.2045955 ] } },
{ "type": "Feature", "properties": { "osmid": 1835919096 }, "geometry": { "type": "Point", "coordinates": [ 37.1656886, 36.2084881 ] } },
{ "type": "Feature", "properties": { "osmid": 1835919098 }, "geometry": { "type": "Point", "coordinates": [ 37.1610208, 36.2064472 ] } },
{ "type": "Feature", "properties": { "osmid": 1835919099 }, "geometry": { "type": "Point", "coordinates": [ 37.1578136, 36.2100349 ] } },
{ "type": "Feature", "properties": { "osmid": 1835919124 }, "geometry": { "type": "Point", "coordinates": [ 37.1616009, 36.2045767 ] } },
{ "type": "Feature", "properties": { "osmid": 1836301643 }, "geometry": { "type": "Point", "coordinates": [ 37.1678576, 36.1993168 ] } },
{ "type": "Feature", "properties": { "osmid": 1836301664 }, "geometry": { "type": "Point", "coordinates": [ 37.1736096, 36.1985108 ] } },
{ "type": "Feature", "properties": { "osmid": 1836301668 }, "geometry": { "type": "Point", "coordinates": [ 37.1657404, 36.1999108 ] } },
{ "type": "Feature", "properties": { "osmid": 1836301670 }, "geometry": { "type": "Point", "coordinates": [ 37.16834, 36.1977813 ] } },
{ "type": "Feature", "properties": { "osmid": 1836301690 }, "geometry": { "type": "Point", "coordinates": [ 37.1674203, 36.1996294 ] } },
{ "type": "Feature", "properties": { "osmid": 1836301698 }, "geometry": { "type": "Point", "coordinates": [ 37.1725737, 36.198932 ] } },
{ "type": "Feature", "properties": { "osmid": 1836301720 }, "geometry": { "type": "Point", "coordinates": [ 37.1544141, 36.1975558 ] } },
{ "type": "Feature", "properties": { "osmid": 1836301741 }, "geometry": { "type": "Point", "coordinates": [ 37.169345, 36.1998341 ] } },
{ "type": "Feature", "properties": { "osmid": 1836301750 }, "geometry": { "type": "Point", "coordinates": [ 37.1681969, 36.1948311 ] } },
{ "type": "Feature", "properties": { "osmid": 1836301761 }, "geometry": { "type": "Point", "coordinates": [ 37.1670545, 36.1940864 ] } },
{ "type": "Feature", "properties": { "osmid": 1836301777 }, "geometry": { "type": "Point", "coordinates": [ 37.1728255, 36.199706 ] } },
{ "type": "Feature", "properties": { "osmid": 1836301795 }, "geometry": { "type": "Point", "coordinates": [ 37.1686337, 36.1949309 ] } },
{ "type": "Feature", "properties": { "osmid": 1836301818 }, "geometry": { "type": "Point", "coordinates": [ 37.1732586, 36.202038 ] } },
{ "type": "Feature", "properties": { "osmid": 1836301827 }, "geometry": { "type": "Point", "coordinates": [ 37.1742868, 36.2016696 ] } },
{ "type": "Feature", "properties": { "osmid": 1836301859 }, "geometry": { "type": "Point", "coordinates": [ 37.1687147, 36.201632 ] } },
{ "type": "Feature", "properties": { "osmid": 1836301868 }, "geometry": { "type": "Point", "coordinates": [ 37.1553992, 36.2006432 ] } },
{ "type": "Feature", "properties": { "osmid": 1836301869 }, "geometry": { "type": "Point", "coordinates": [ 37.1671438, 36.2033277 ] } },
{ "type": "Feature", "properties": { "osmid": 1836301889 }, "geometry": { "type": "Point", "coordinates": [ 37.1603964, 36.1925338 ] } },
{ "type": "Feature", "properties": { "osmid": 1836301926 }, "geometry": { "type": "Point", "coordinates": [ 37.1471982, 36.2003347 ] } },
{ "type": "Feature", "properties": { "osmid": 1836301937 }, "geometry": { "type": "Point", "coordinates": [ 37.1679487, 36.1978796 ] } },
{ "type": "Feature", "properties": { "osmid": 1836301939 }, "geometry": { "type": "Point", "coordinates": [ 37.1734305, 36.1985549 ] } },
{ "type": "Feature", "properties": { "osmid": 1836301947 }, "geometry": { "type": "Point", "coordinates": [ 37.1708624, 36.1998713 ] } },
{ "type": "Feature", "properties": { "osmid": 1836301984 }, "geometry": { "type": "Point", "coordinates": [ 37.1721913, 36.1967815 ] } },
{ "type": "Feature", "properties": { "osmid": 1836301992 }, "geometry": { "type": "Point", "coordinates": [ 37.1674459, 36.199414 ] } },
{ "type": "Feature", "properties": { "osmid": 1836301998 }, "geometry": { "type": "Point", "coordinates": [ 37.1693185, 36.198906 ] } },
{ "type": "Feature", "properties": { "osmid": 1836302006 }, "geometry": { "type": "Point", "coordinates": [ 37.17295, 36.1986733 ] } },
{ "type": "Feature", "properties": { "osmid": 1836302009 }, "geometry": { "type": "Point", "coordinates": [ 37.1685037, 36.1998088 ] } },
{ "type": "Feature", "properties": { "osmid": 1836302015 }, "geometry": { "type": "Point", "coordinates": [ 37.1743325, 36.2088239 ] } },
{ "type": "Feature", "properties": { "osmid": 1836302016 }, "geometry": { "type": "Point", "coordinates": [ 37.1683228, 36.1991794 ] } },
{ "type": "Feature", "properties": { "osmid": 1836302032 }, "geometry": { "type": "Point", "coordinates": [ 37.1531777, 36.1986767 ] } },
{ "type": "Feature", "properties": { "osmid": 1836302040 }, "geometry": { "type": "Point", "coordinates": [ 37.17402, 36.200818 ] } },
{ "type": "Feature", "properties": { "osmid": 1836302045 }, "geometry": { "type": "Point", "coordinates": [ 37.1658715, 36.2012153 ] } },
{ "type": "Feature", "properties": { "osmid": 1836302051 }, "geometry": { "type": "Point", "coordinates": [ 37.1689259, 36.1956724 ] } },
{ "type": "Feature", "properties": { "osmid": 1836302052 }, "geometry": { "type": "Point", "coordinates": [ 37.1726904, 36.1992865 ] } },
{ "type": "Feature", "properties": { "osmid": 1836302053 }, "geometry": { "type": "Point", "coordinates": [ 37.1471923, 36.2002207 ] } },
{ "type": "Feature", "properties": { "osmid": 1836302055 }, "geometry": { "type": "Point", "coordinates": [ 37.1722477, 36.1968887 ] } },
{ "type": "Feature", "properties": { "osmid": 1836302058 }, "geometry": { "type": "Point", "coordinates": [ 37.1687927, 36.1975985 ] } },
{ "type": "Feature", "properties": { "osmid": 1836302059 }, "geometry": { "type": "Point", "coordinates": [ 37.173487, 36.2019606 ] } },
{ "type": "Feature", "properties": { "osmid": 1836302066 }, "geometry": { "type": "Point", "coordinates": [ 37.1730771, 36.2004732 ] } },
{ "type": "Feature", "properties": { "osmid": 1836302074 }, "geometry": { "type": "Point", "coordinates": [ 37.1684158, 36.1991539 ] } },
{ "type": "Feature", "properties": { "osmid": 1836302075 }, "geometry": { "type": "Point", "coordinates": [ 37.1698618, 36.2056958 ] } },
{ "type": "Feature", "properties": { "osmid": 1836302076 }, "geometry": { "type": "Point", "coordinates": [ 37.1701997, 36.203189 ] } },
{ "type": "Feature", "properties": { "osmid": 1836302082 }, "geometry": { "type": "Point", "coordinates": [ 37.1687295, 36.2039255 ] } },
{ "type": "Feature", "properties": { "osmid": 1836302087 }, "geometry": { "type": "Point", "coordinates": [ 37.1703397, 36.2063863 ] } },
{ "type": "Feature", "properties": { "osmid": 1836302088 }, "geometry": { "type": "Point", "coordinates": [ 37.1602388, 36.1933818 ] } },
{ "type": "Feature", "properties": { "osmid": 1836302091 }, "geometry": { "type": "Point", "coordinates": [ 37.171636, 36.1972177 ] } },
{ "type": "Feature", "properties": { "osmid": 1836302093 }, "geometry": { "type": "Point", "coordinates": [ 37.1679469, 36.1936113 ] } },
{ "type": "Feature", "properties": { "osmid": 1836302094 }, "geometry": { "type": "Point", "coordinates": [ 37.1667973, 36.2031309 ] } },
{ "type": "Feature", "properties": { "osmid": 1836302105 }, "geometry": { "type": "Point", "coordinates": [ 37.1721651, 36.1935991 ] } },
{ "type": "Feature", "properties": { "osmid": 1836302106 }, "geometry": { "type": "Point", "coordinates": [ 37.1594822, 36.2021344 ] } },
{ "type": "Feature", "properties": { "osmid": 1836302114 }, "geometry": { "type": "Point", "coordinates": [ 37.1462522, 36.200065 ] } },
{ "type": "Feature", "properties": { "osmid": 1836302115 }, "geometry": { "type": "Point", "coordinates": [ 37.1689098, 36.1958239 ] } },
{ "type": "Feature", "properties": { "osmid": 1836302118 }, "geometry": { "type": "Point", "coordinates": [ 37.173143, 36.19918 ] } },
{ "type": "Feature", "properties": { "osmid": 1836302131 }, "geometry": { "type": "Point", "coordinates": [ 37.1719277, 36.20106 ] } },
{ "type": "Feature", "properties": { "osmid": 1836302136 }, "geometry": { "type": "Point", "coordinates": [ 37.1729472, 36.1980292 ] } },
{ "type": "Feature", "properties": { "osmid": 1836302139 }, "geometry": { "type": "Point", "coordinates": [ 37.1708401, 36.2065535 ] } },
{ "type": "Feature", "properties": { "osmid": 1836302152 }, "geometry": { "type": "Point", "coordinates": [ 37.1671999, 36.1996177 ] } },
{ "type": "Feature", "properties": { "osmid": 1836302162 }, "geometry": { "type": "Point", "coordinates": [ 37.169053, 36.1974283 ] } },
{ "type": "Feature", "properties": { "osmid": 1836302181 }, "geometry": { "type": "Point", "coordinates": [ 37.1723606, 36.2014765 ] } },
{ "type": "Feature", "properties": { "osmid": 1836302184 }, "geometry": { "type": "Point", "coordinates": [ 37.159511, 36.1936678 ] } },
{ "type": "Feature", "properties": { "osmid": 1836302187 }, "geometry": { "type": "Point", "coordinates": [ 37.1533476, 36.2012487 ] } },
{ "type": "Feature", "properties": { "osmid": 1836302190 }, "geometry": { "type": "Point", "coordinates": [ 37.1543005, 36.2011323 ] } },
{ "type": "Feature", "properties": { "osmid": 1836302196 }, "geometry": { "type": "Point", "coordinates": [ 37.1554568, 36.2000261 ] } },
{ "type": "Feature", "properties": { "osmid": 1836302197 }, "geometry": { "type": "Point", "coordinates": [ 37.1543678, 36.2000043 ] } },
{ "type": "Feature", "properties": { "osmid": 1836302223 }, "geometry": { "type": "Point", "coordinates": [ 37.1551241, 36.2010011 ] } },
{ "type": "Feature", "properties": { "osmid": 1836302225 }, "geometry": { "type": "Point", "coordinates": [ 37.174055, 36.2085839 ] } },
{ "type": "Feature", "properties": { "osmid": 1836302243 }, "geometry": { "type": "Point", "coordinates": [ 37.1699944, 36.1982621 ] } },
{ "type": "Feature", "properties": { "osmid": 1836302282 }, "geometry": { "type": "Point", "coordinates": [ 37.1685964, 36.1958923 ] } },
{ "type": "Feature", "properties": { "osmid": 1836302283 }, "geometry": { "type": "Point", "coordinates": [ 37.1533004, 36.1986737 ] } },
{ "type": "Feature", "properties": { "osmid": 1836302296 }, "geometry": { "type": "Point", "coordinates": [ 37.1714883, 36.2006933 ] } },
{ "type": "Feature", "properties": { "osmid": 1836302317 }, "geometry": { "type": "Point", "coordinates": [ 37.1724751, 36.2078059 ] } },
{ "type": "Feature", "properties": { "osmid": 1836302320 }, "geometry": { "type": "Point", "coordinates": [ 37.1727049, 36.1998027 ] } },
{ "type": "Feature", "properties": { "osmid": 1836302327 }, "geometry": { "type": "Point", "coordinates": [ 37.1729393, 36.2000216 ] } },
{ "type": "Feature", "properties": { "osmid": 1839652947 }, "geometry": { "type": "Point", "coordinates": [ 37.1471488, 36.1942838 ] } },
{ "type": "Feature", "properties": { "osmid": 1839652999 }, "geometry": { "type": "Point", "coordinates": [ 37.1467278, 36.1942309 ] } },
{ "type": "Feature", "properties": { "osmid": 1839653001 }, "geometry": { "type": "Point", "coordinates": [ 37.1488615, 36.193884 ] } },
{ "type": "Feature", "properties": { "osmid": 1839653003 }, "geometry": { "type": "Point", "coordinates": [ 37.1493848, 36.1919826 ] } },
{ "type": "Feature", "properties": { "osmid": 1839825558 }, "geometry": { "type": "Point", "coordinates": [ 37.1534799, 36.1965377 ] } },
{ "type": "Feature", "properties": { "osmid": 1839825569 }, "geometry": { "type": "Point", "coordinates": [ 37.1568288, 36.1943511 ] } },
{ "type": "Feature", "properties": { "osmid": 1839825577 }, "geometry": { "type": "Point", "coordinates": [ 37.1525893, 36.1956682 ] } },
{ "type": "Feature", "properties": { "osmid": 1839825626 }, "geometry": { "type": "Point", "coordinates": [ 37.1550737, 36.1964458 ] } },
{ "type": "Feature", "properties": { "osmid": 1839825631 }, "geometry": { "type": "Point", "coordinates": [ 37.1721844, 36.1934934 ] } },
{ "type": "Feature", "properties": { "osmid": 1839825634 }, "geometry": { "type": "Point", "coordinates": [ 37.1517751, 36.1956853 ] } },
{ "type": "Feature", "properties": { "osmid": 1839825636 }, "geometry": { "type": "Point", "coordinates": [ 37.1531686, 36.1956499 ] } },
{ "type": "Feature", "properties": { "osmid": 1839825638 }, "geometry": { "type": "Point", "coordinates": [ 37.1532639, 36.1964991 ] } },
{ "type": "Feature", "properties": { "osmid": 1839825642 }, "geometry": { "type": "Point", "coordinates": [ 37.1527899, 36.1956138 ] } },
{ "type": "Feature", "properties": { "osmid": 1839825658 }, "geometry": { "type": "Point", "coordinates": [ 37.1549013, 36.1986428 ] } },
{ "type": "Feature", "properties": { "osmid": 1839825660 }, "geometry": { "type": "Point", "coordinates": [ 37.1569658, 36.1955362 ] } },
{ "type": "Feature", "properties": { "osmid": 1839825663 }, "geometry": { "type": "Point", "coordinates": [ 37.1528776, 36.1951318 ] } },
{ "type": "Feature", "properties": { "osmid": 1839825664 }, "geometry": { "type": "Point", "coordinates": [ 37.1509122, 36.1958414 ] } },
{ "type": "Feature", "properties": { "osmid": 1839825697 }, "geometry": { "type": "Point", "coordinates": [ 37.1554894, 36.1975418 ] } },
{ "type": "Feature", "properties": { "osmid": 1839825698 }, "geometry": { "type": "Point", "coordinates": [ 37.1554867, 36.1951016 ] } },
{ "type": "Feature", "properties": { "osmid": 1839825705 }, "geometry": { "type": "Point", "coordinates": [ 37.1534134, 36.1965248 ] } },
{ "type": "Feature", "properties": { "osmid": 1839825706 }, "geometry": { "type": "Point", "coordinates": [ 37.1549395, 36.1975418 ] } },
{ "type": "Feature", "properties": { "osmid": 1839825710 }, "geometry": { "type": "Point", "coordinates": [ 37.1527979, 36.1952948 ] } },
{ "type": "Feature", "properties": { "osmid": 1839825713 }, "geometry": { "type": "Point", "coordinates": [ 37.1545018, 36.196425 ] } },
{ "type": "Feature", "properties": { "osmid": 1839825714 }, "geometry": { "type": "Point", "coordinates": [ 37.1552704, 36.1952949 ] } },
{ "type": "Feature", "properties": { "osmid": 1839825715 }, "geometry": { "type": "Point", "coordinates": [ 37.1540585, 36.1956258 ] } },
{ "type": "Feature", "properties": { "osmid": 1839825719 }, "geometry": { "type": "Point", "coordinates": [ 37.1584628, 36.1958822 ] } },
{ "type": "Feature", "properties": { "osmid": 1839847675 }, "geometry": { "type": "Point", "coordinates": [ 37.1597619, 36.1995133 ] } },
{ "type": "Feature", "properties": { "osmid": 1839847679 }, "geometry": { "type": "Point", "coordinates": [ 37.1583859, 36.2000393 ] } },
{ "type": "Feature", "properties": { "osmid": 1839847681 }, "geometry": { "type": "Point", "coordinates": [ 37.1583053, 36.1993642 ] } },
{ "type": "Feature", "properties": { "osmid": 1839847682 }, "geometry": { "type": "Point", "coordinates": [ 37.1580565, 36.1990948 ] } },
{ "type": "Feature", "properties": { "osmid": 1839847684 }, "geometry": { "type": "Point", "coordinates": [ 37.1580764, 36.1993435 ] } },
{ "type": "Feature", "properties": { "osmid": 1839847689 }, "geometry": { "type": "Point", "coordinates": [ 37.1571226, 36.1973358 ] } },
{ "type": "Feature", "properties": { "osmid": 1839847690 }, "geometry": { "type": "Point", "coordinates": [ 37.1570592, 36.1987121 ] } },
{ "type": "Feature", "properties": { "osmid": 1839847694 }, "geometry": { "type": "Point", "coordinates": [ 37.1595945, 36.1999979 ] } },
{ "type": "Feature", "properties": { "osmid": 1839847699 }, "geometry": { "type": "Point", "coordinates": [ 37.1575437, 36.1993618 ] } },
{ "type": "Feature", "properties": { "osmid": 1839847709 }, "geometry": { "type": "Point", "coordinates": [ 37.158281, 36.1989504 ] } },
{ "type": "Feature", "properties": { "osmid": 1839847711 }, "geometry": { "type": "Point", "coordinates": [ 37.1565832, 36.1986923 ] } },
{ "type": "Feature", "properties": { "osmid": 1839847713 }, "geometry": { "type": "Point", "coordinates": [ 37.1575478, 36.1992031 ] } },
{ "type": "Feature", "properties": { "osmid": 1839847714 }, "geometry": { "type": "Point", "coordinates": [ 37.1575433, 36.1989288 ] } },
{ "type": "Feature", "properties": { "osmid": 1839847716 }, "geometry": { "type": "Point", "coordinates": [ 37.1580449, 36.1989516 ] } },
{ "type": "Feature", "properties": { "osmid": 1839847722 }, "geometry": { "type": "Point", "coordinates": [ 37.1554644, 36.1988639 ] } },
{ "type": "Feature", "properties": { "osmid": 1839847723 }, "geometry": { "type": "Point", "coordinates": [ 37.1543865, 36.1988547 ] } },
{ "type": "Feature", "properties": { "osmid": 1839847726 }, "geometry": { "type": "Point", "coordinates": [ 37.1575459, 36.1990863 ] } },
{ "type": "Feature", "properties": { "osmid": 1839847727 }, "geometry": { "type": "Point", "coordinates": [ 37.1580705, 36.1992699 ] } },
{ "type": "Feature", "properties": { "osmid": 1839847728 }, "geometry": { "type": "Point", "coordinates": [ 37.157549, 36.1992768 ] } },
{ "type": "Feature", "properties": { "osmid": 1839847730 }, "geometry": { "type": "Point", "coordinates": [ 37.1580655, 36.1992076 ] } },
{ "type": "Feature", "properties": { "osmid": 1839847744 }, "geometry": { "type": "Point", "coordinates": [ 37.1548982, 36.1988586 ] } },
{ "type": "Feature", "properties": { "osmid": 1839847745 }, "geometry": { "type": "Point", "coordinates": [ 37.1602399, 36.1994976 ] } },
{ "type": "Feature", "properties": { "osmid": 1839879923 }, "geometry": { "type": "Point", "coordinates": [ 37.1530993, 36.208905 ] } },
{ "type": "Feature", "properties": { "osmid": 1839879925 }, "geometry": { "type": "Point", "coordinates": [ 37.1532651, 36.2019795 ] } },
{ "type": "Feature", "properties": { "osmid": 1839879932 }, "geometry": { "type": "Point", "coordinates": [ 37.1570481, 36.198914 ] } },
{ "type": "Feature", "properties": { "osmid": 1839879940 }, "geometry": { "type": "Point", "coordinates": [ 37.1554435, 36.1986483 ] } },
{ "type": "Feature", "properties": { "osmid": 1839879947 }, "geometry": { "type": "Point", "coordinates": [ 37.1524171, 36.2020012 ] } },
{ "type": "Feature", "properties": { "osmid": 1839879949 }, "geometry": { "type": "Point", "coordinates": [ 37.1591055, 36.1989457 ] } },
{ "type": "Feature", "properties": { "osmid": 1839879951 }, "geometry": { "type": "Point", "coordinates": [ 37.1553845, 36.198646 ] } },
{ "type": "Feature", "properties": { "osmid": 1839879957 }, "geometry": { "type": "Point", "coordinates": [ 37.1511404, 36.2078547 ] } },
{ "type": "Feature", "properties": { "osmid": 1839879963 }, "geometry": { "type": "Point", "coordinates": [ 37.152695, 36.2085298 ] } },
{ "type": "Feature", "properties": { "osmid": 1839879967 }, "geometry": { "type": "Point", "coordinates": [ 37.1561489, 36.2095983 ] } },
{ "type": "Feature", "properties": { "osmid": 1839879968 }, "geometry": { "type": "Point", "coordinates": [ 37.1581112, 36.2018064 ] } },
{ "type": "Feature", "properties": { "osmid": 1839879969 }, "geometry": { "type": "Point", "coordinates": [ 37.154256, 36.2011663 ] } },
{ "type": "Feature", "properties": { "osmid": 1839879972 }, "geometry": { "type": "Point", "coordinates": [ 37.1561275, 36.1986747 ] } },
{ "type": "Feature", "properties": { "osmid": 1839879974 }, "geometry": { "type": "Point", "coordinates": [ 37.15465, 36.209265 ] } },
{ "type": "Feature", "properties": { "osmid": 1839879976 }, "geometry": { "type": "Point", "coordinates": [ 37.1519556, 36.2093937 ] } },
{ "type": "Feature", "properties": { "osmid": 1839879983 }, "geometry": { "type": "Point", "coordinates": [ 37.1517123, 36.1977823 ] } },
{ "type": "Feature", "properties": { "osmid": 1839879985 }, "geometry": { "type": "Point", "coordinates": [ 37.1531145, 36.2084768 ] } },
{ "type": "Feature", "properties": { "osmid": 1839879987 }, "geometry": { "type": "Point", "coordinates": [ 37.1579535, 36.1987518 ] } },
{ "type": "Feature", "properties": { "osmid": 1839879989 }, "geometry": { "type": "Point", "coordinates": [ 37.1490113, 36.2047967 ] } },
{ "type": "Feature", "properties": { "osmid": 1839879991 }, "geometry": { "type": "Point", "coordinates": [ 37.1489484, 36.2054527 ] } },
{ "type": "Feature", "properties": { "osmid": 1839879993 }, "geometry": { "type": "Point", "coordinates": [ 37.1566575, 36.207241 ] } },
{ "type": "Feature", "properties": { "osmid": 1839879998 }, "geometry": { "type": "Point", "coordinates": [ 37.1591288, 36.2020358 ] } },
{ "type": "Feature", "properties": { "osmid": 1839880000 }, "geometry": { "type": "Point", "coordinates": [ 37.1534149, 36.2077364 ] } },
{ "type": "Feature", "properties": { "osmid": 1839880004 }, "geometry": { "type": "Point", "coordinates": [ 37.1522375, 36.2014771 ] } },
{ "type": "Feature", "properties": { "osmid": 1839880007 }, "geometry": { "type": "Point", "coordinates": [ 37.1489781, 36.207711 ] } },
{ "type": "Feature", "properties": { "osmid": 1839880019 }, "geometry": { "type": "Point", "coordinates": [ 37.1573137, 36.2070855 ] } },
{ "type": "Feature", "properties": { "osmid": 1839880021 }, "geometry": { "type": "Point", "coordinates": [ 37.1534299, 36.209447 ] } },
{ "type": "Feature", "properties": { "osmid": 1839880023 }, "geometry": { "type": "Point", "coordinates": [ 37.152068, 36.2066036 ] } },
{ "type": "Feature", "properties": { "osmid": 1839880027 }, "geometry": { "type": "Point", "coordinates": [ 37.1540432, 36.2094821 ] } },
{ "type": "Feature", "properties": { "osmid": 1839880034 }, "geometry": { "type": "Point", "coordinates": [ 37.149391, 36.2076184 ] } },
{ "type": "Feature", "properties": { "osmid": 1839880036 }, "geometry": { "type": "Point", "coordinates": [ 37.15313, 36.2078798 ] } },
{ "type": "Feature", "properties": { "osmid": 1839880037 }, "geometry": { "type": "Point", "coordinates": [ 37.1561247, 36.1987705 ] } },
{ "type": "Feature", "properties": { "osmid": 1839880039 }, "geometry": { "type": "Point", "coordinates": [ 37.1537287, 36.20404 ] } },
{ "type": "Feature", "properties": { "osmid": 1839880043 }, "geometry": { "type": "Point", "coordinates": [ 37.1534539, 36.2089116 ] } },
{ "type": "Feature", "properties": { "osmid": 1839880045 }, "geometry": { "type": "Point", "coordinates": [ 37.1536893, 36.209473 ] } },
{ "type": "Feature", "properties": { "osmid": 1839880047 }, "geometry": { "type": "Point", "coordinates": [ 37.1554507, 36.1985664 ] } },
{ "type": "Feature", "properties": { "osmid": 1839880048 }, "geometry": { "type": "Point", "coordinates": [ 37.1519995, 36.2086283 ] } },
{ "type": "Feature", "properties": { "osmid": 1839880054 }, "geometry": { "type": "Point", "coordinates": [ 37.156046, 36.1987677 ] } },
{ "type": "Feature", "properties": { "osmid": 1839880056 }, "geometry": { "type": "Point", "coordinates": [ 37.1590973, 36.1992218 ] } },
{ "type": "Feature", "properties": { "osmid": 1839880066 }, "geometry": { "type": "Point", "coordinates": [ 37.1556304, 36.2071934 ] } },
{ "type": "Feature", "properties": { "osmid": 1839880074 }, "geometry": { "type": "Point", "coordinates": [ 37.1519427, 36.1987466 ] } },
{ "type": "Feature", "properties": { "osmid": 1839880078 }, "geometry": { "type": "Point", "coordinates": [ 37.1485216, 36.207817 ] } },
{ "type": "Feature", "properties": { "osmid": 1839880080 }, "geometry": { "type": "Point", "coordinates": [ 37.1591503, 36.2021501 ] } },
{ "type": "Feature", "properties": { "osmid": 1839880085 }, "geometry": { "type": "Point", "coordinates": [ 37.1484187, 36.2047525 ] } },
{ "type": "Feature", "properties": { "osmid": 1839880087 }, "geometry": { "type": "Point", "coordinates": [ 37.1540284, 36.208922 ] } },
{ "type": "Feature", "properties": { "osmid": 1839880091 }, "geometry": { "type": "Point", "coordinates": [ 37.1558143, 36.2083461 ] } },
{ "type": "Feature", "properties": { "osmid": 1839880098 }, "geometry": { "type": "Point", "coordinates": [ 37.151305, 36.2052796 ] } },
{ "type": "Feature", "properties": { "osmid": 1839880104 }, "geometry": { "type": "Point", "coordinates": [ 37.1554561, 36.209368 ] } },
{ "type": "Feature", "properties": { "osmid": 1839880106 }, "geometry": { "type": "Point", "coordinates": [ 37.1546267, 36.2095087 ] } },
{ "type": "Feature", "properties": { "osmid": 1839880125 }, "geometry": { "type": "Point", "coordinates": [ 37.1570634, 36.1988054 ] } },
{ "type": "Feature", "properties": { "osmid": 1839880126 }, "geometry": { "type": "Point", "coordinates": [ 37.1561479, 36.2072172 ] } },
{ "type": "Feature", "properties": { "osmid": 1839880128 }, "geometry": { "type": "Point", "coordinates": [ 37.156562, 36.1987861 ] } },
{ "type": "Feature", "properties": { "osmid": 1839880130 }, "geometry": { "type": "Point", "coordinates": [ 37.1539701, 36.2083469 ] } },
{ "type": "Feature", "properties": { "osmid": 1839880131 }, "geometry": { "type": "Point", "coordinates": [ 37.1561221, 36.1985661 ] } },
{ "type": "Feature", "properties": { "osmid": 1839880132 }, "geometry": { "type": "Point", "coordinates": [ 37.1539755, 36.2085309 ] } },
{ "type": "Feature", "properties": { "osmid": 1839880133 }, "geometry": { "type": "Point", "coordinates": [ 37.1582894, 36.198861 ] } },
{ "type": "Feature", "properties": { "osmid": 1839880135 }, "geometry": { "type": "Point", "coordinates": [ 37.1556904, 36.2085366 ] } },
{ "type": "Feature", "properties": { "osmid": 1839880137 }, "geometry": { "type": "Point", "coordinates": [ 37.1546684, 36.2089235 ] } },
{ "type": "Feature", "properties": { "osmid": 1839880146 }, "geometry": { "type": "Point", "coordinates": [ 37.1530803, 36.2094407 ] } },
{ "type": "Feature", "properties": { "osmid": 1839880148 }, "geometry": { "type": "Point", "coordinates": [ 37.155371, 36.1988589 ] } },
{ "type": "Feature", "properties": { "osmid": 1839880161 }, "geometry": { "type": "Point", "coordinates": [ 37.1570584, 36.1984644 ] } },
{ "type": "Feature", "properties": { "osmid": 1839880164 }, "geometry": { "type": "Point", "coordinates": [ 37.1528274, 36.2067495 ] } },
{ "type": "Feature", "properties": { "osmid": 1839880165 }, "geometry": { "type": "Point", "coordinates": [ 37.1548614, 36.2000161 ] } },
{ "type": "Feature", "properties": { "osmid": 1839880166 }, "geometry": { "type": "Point", "coordinates": [ 37.1555815, 36.2099772 ] } },
{ "type": "Feature", "properties": { "osmid": 1839880168 }, "geometry": { "type": "Point", "coordinates": [ 37.1554286, 36.2081491 ] } },
{ "type": "Feature", "properties": { "osmid": 1839880171 }, "geometry": { "type": "Point", "coordinates": [ 37.1523233, 36.2019222 ] } },
{ "type": "Feature", "properties": { "osmid": 1839880175 }, "geometry": { "type": "Point", "coordinates": [ 37.1534437, 36.2084401 ] } },
{ "type": "Feature", "properties": { "osmid": 1839880183 }, "geometry": { "type": "Point", "coordinates": [ 37.1499669, 36.2076358 ] } },
{ "type": "Feature", "properties": { "osmid": 1839880185 }, "geometry": { "type": "Point", "coordinates": [ 37.1528328, 36.206594 ] } },
{ "type": "Feature", "properties": { "osmid": 1839880193 }, "geometry": { "type": "Point", "coordinates": [ 37.1567514, 36.2072583 ] } },
{ "type": "Feature", "properties": { "osmid": 1839880194 }, "geometry": { "type": "Point", "coordinates": [ 37.1523318, 36.199402 ] } },
{ "type": "Feature", "properties": { "osmid": 1839880197 }, "geometry": { "type": "Point", "coordinates": [ 37.1565848, 36.1985641 ] } },
{ "type": "Feature", "properties": { "osmid": 1839880198 }, "geometry": { "type": "Point", "coordinates": [ 37.1575437, 36.1987295 ] } },
{ "type": "Feature", "properties": { "osmid": 1839880200 }, "geometry": { "type": "Point", "coordinates": [ 37.1547291, 36.2071156 ] } },
{ "type": "Feature", "properties": { "osmid": 1839880202 }, "geometry": { "type": "Point", "coordinates": [ 37.1570585, 36.1985812 ] } },
{ "type": "Feature", "properties": { "osmid": 1839880203 }, "geometry": { "type": "Point", "coordinates": [ 37.1531917, 36.1990196 ] } },
{ "type": "Feature", "properties": { "osmid": 1839880204 }, "geometry": { "type": "Point", "coordinates": [ 37.1518562, 36.1994341 ] } },
{ "type": "Feature", "properties": { "osmid": 1839880205 }, "geometry": { "type": "Point", "coordinates": [ 37.1558547, 36.209611 ] } },
{ "type": "Feature", "properties": { "osmid": 1839880206 }, "geometry": { "type": "Point", "coordinates": [ 37.1554998, 36.207189 ] } },
{ "type": "Feature", "properties": { "osmid": 1839880208 }, "geometry": { "type": "Point", "coordinates": [ 37.1548239, 36.2010078 ] } },
{ "type": "Feature", "properties": { "osmid": 1839880209 }, "geometry": { "type": "Point", "coordinates": [ 37.1541526, 36.2071755 ] } },
{ "type": "Feature", "properties": { "osmid": 1839880211 }, "geometry": { "type": "Point", "coordinates": [ 37.1551107, 36.207914 ] } },
{ "type": "Feature", "properties": { "osmid": 1839880214 }, "geometry": { "type": "Point", "coordinates": [ 37.1575466, 36.1988263 ] } },
{ "type": "Feature", "properties": { "osmid": 1839880215 }, "geometry": { "type": "Point", "coordinates": [ 37.1533343, 36.2056336 ] } },
{ "type": "Feature", "properties": { "osmid": 1839880218 }, "geometry": { "type": "Point", "coordinates": [ 37.1483092, 36.2053796 ] } },
{ "type": "Feature", "properties": { "osmid": 1839880222 }, "geometry": { "type": "Point", "coordinates": [ 37.1518943, 36.198786 ] } },
{ "type": "Feature", "properties": { "osmid": 1839880224 }, "geometry": { "type": "Point", "coordinates": [ 37.1591105, 36.19879 ] } },
{ "type": "Feature", "properties": { "osmid": 1839880225 }, "geometry": { "type": "Point", "coordinates": [ 37.1565431, 36.1988876 ] } },
{ "type": "Feature", "properties": { "osmid": 1839906502 }, "geometry": { "type": "Point", "coordinates": [ 37.1602589, 36.1873778 ] } },
{ "type": "Feature", "properties": { "osmid": 1839906508 }, "geometry": { "type": "Point", "coordinates": [ 37.1575367, 36.1873895 ] } },
{ "type": "Feature", "properties": { "osmid": 1839906520 }, "geometry": { "type": "Point", "coordinates": [ 37.1603201, 36.1880929 ] } },
{ "type": "Feature", "properties": { "osmid": 1839906521 }, "geometry": { "type": "Point", "coordinates": [ 37.1619094, 36.1881083 ] } },
{ "type": "Feature", "properties": { "osmid": 1839906527 }, "geometry": { "type": "Point", "coordinates": [ 37.1574944, 36.1881939 ] } },
{ "type": "Feature", "properties": { "osmid": 1839946382 }, "geometry": { "type": "Point", "coordinates": [ 37.1503646, 36.1985777 ] } },
{ "type": "Feature", "properties": { "osmid": 1839946395 }, "geometry": { "type": "Point", "coordinates": [ 37.1505245, 36.2000435 ] } },
{ "type": "Feature", "properties": { "osmid": 1839946397 }, "geometry": { "type": "Point", "coordinates": [ 37.1498618, 36.2008734 ] } },
{ "type": "Feature", "properties": { "osmid": 1839946405 }, "geometry": { "type": "Point", "coordinates": [ 37.1514618, 36.2014841 ] } },
{ "type": "Feature", "properties": { "osmid": 1839946433 }, "geometry": { "type": "Point", "coordinates": [ 37.1508288, 36.2023217 ] } },
{ "type": "Feature", "properties": { "osmid": 1839946436 }, "geometry": { "type": "Point", "coordinates": [ 37.1515207, 36.2006945 ] } },
{ "type": "Feature", "properties": { "osmid": 1839946437 }, "geometry": { "type": "Point", "coordinates": [ 37.1514045, 36.1999663 ] } },
{ "type": "Feature", "properties": { "osmid": 1839946438 }, "geometry": { "type": "Point", "coordinates": [ 37.1515546, 36.2009064 ] } },
{ "type": "Feature", "properties": { "osmid": 1839946440 }, "geometry": { "type": "Point", "coordinates": [ 37.1487527, 36.1992683 ] } },
{ "type": "Feature", "properties": { "osmid": 1839946442 }, "geometry": { "type": "Point", "coordinates": [ 37.1497919, 36.2001086 ] } },
{ "type": "Feature", "properties": { "osmid": 1839966705 }, "geometry": { "type": "Point", "coordinates": [ 37.1604385, 36.1922396 ] } },
{ "type": "Feature", "properties": { "osmid": 1849178858 }, "geometry": { "type": "Point", "coordinates": [ 37.1687103, 36.1871939 ] } },
{ "type": "Feature", "properties": { "osmid": 1849178860 }, "geometry": { "type": "Point", "coordinates": [ 37.1702609, 36.1875464 ] } },
{ "type": "Feature", "properties": { "osmid": 1849178864 }, "geometry": { "type": "Point", "coordinates": [ 37.1702534, 36.1876989 ] } },
{ "type": "Feature", "properties": { "osmid": 1849178866 }, "geometry": { "type": "Point", "coordinates": [ 37.1687063, 36.1877295 ] } },
{ "type": "Feature", "properties": { "osmid": 1849178870 }, "geometry": { "type": "Point", "coordinates": [ 37.1682353, 36.1877814 ] } },
{ "type": "Feature", "properties": { "osmid": 1849178871 }, "geometry": { "type": "Point", "coordinates": [ 37.171682, 36.1878086 ] } },
{ "type": "Feature", "properties": { "osmid": 1849178873 }, "geometry": { "type": "Point", "coordinates": [ 37.1703406, 36.187957 ] } },
{ "type": "Feature", "properties": { "osmid": 1849178874 }, "geometry": { "type": "Point", "coordinates": [ 37.1707375, 36.1879796 ] } },
{ "type": "Feature", "properties": { "osmid": 1849178877 }, "geometry": { "type": "Point", "coordinates": [ 37.171347, 36.188008 ] } },
{ "type": "Feature", "properties": { "osmid": 1849178880 }, "geometry": { "type": "Point", "coordinates": [ 37.1710602, 36.188057 ] } },
{ "type": "Feature", "properties": { "osmid": 1849178884 }, "geometry": { "type": "Point", "coordinates": [ 37.1714062, 36.1882064 ] } },
{ "type": "Feature", "properties": { "osmid": 1849178885 }, "geometry": { "type": "Point", "coordinates": [ 37.170431, 36.18821 ] } },
{ "type": "Feature", "properties": { "osmid": 1849178888 }, "geometry": { "type": "Point", "coordinates": [ 37.1711339, 36.1882909 ] } },
{ "type": "Feature", "properties": { "osmid": 1849178889 }, "geometry": { "type": "Point", "coordinates": [ 37.1710363, 36.1883498 ] } },
{ "type": "Feature", "properties": { "osmid": 1849178893 }, "geometry": { "type": "Point", "coordinates": [ 37.1708696, 36.1883729 ] } },
{ "type": "Feature", "properties": { "osmid": 1849178894 }, "geometry": { "type": "Point", "coordinates": [ 37.170495, 36.1884124 ] } },
{ "type": "Feature", "properties": { "osmid": 1849178897 }, "geometry": { "type": "Point", "coordinates": [ 37.1717428, 36.1884933 ] } },
{ "type": "Feature", "properties": { "osmid": 1849178898 }, "geometry": { "type": "Point", "coordinates": [ 37.170514, 36.1884833 ] } },
{ "type": "Feature", "properties": { "osmid": 1849178900 }, "geometry": { "type": "Point", "coordinates": [ 37.1710803, 36.1885867 ] } },
{ "type": "Feature", "properties": { "osmid": 1849178902 }, "geometry": { "type": "Point", "coordinates": [ 37.1705649, 36.188673 ] } },
{ "type": "Feature", "properties": { "osmid": 1849178905 }, "geometry": { "type": "Point", "coordinates": [ 37.1716431, 36.1889276 ] } },
{ "type": "Feature", "properties": { "osmid": 1849178907 }, "geometry": { "type": "Point", "coordinates": [ 37.1718169, 36.1889288 ] } },
{ "type": "Feature", "properties": { "osmid": 1849178908 }, "geometry": { "type": "Point", "coordinates": [ 37.1711487, 36.1889556 ] } },
{ "type": "Feature", "properties": { "osmid": 1849178909 }, "geometry": { "type": "Point", "coordinates": [ 37.1706399, 36.188958 ] } },
{ "type": "Feature", "properties": { "osmid": 1849178911 }, "geometry": { "type": "Point", "coordinates": [ 37.1682436, 36.1891447 ] } },
{ "type": "Feature", "properties": { "osmid": 1849178918 }, "geometry": { "type": "Point", "coordinates": [ 37.1687725, 36.1891432 ] } },
{ "type": "Feature", "properties": { "osmid": 1849178919 }, "geometry": { "type": "Point", "coordinates": [ 37.1728647, 36.1892129 ] } },
{ "type": "Feature", "properties": { "osmid": 1849178922 }, "geometry": { "type": "Point", "coordinates": [ 37.170702, 36.1892368 ] } },
{ "type": "Feature", "properties": { "osmid": 1849178923 }, "geometry": { "type": "Point", "coordinates": [ 37.1718446, 36.1892639 ] } },
{ "type": "Feature", "properties": { "osmid": 1849178925 }, "geometry": { "type": "Point", "coordinates": [ 37.1707188, 36.1893586 ] } },
{ "type": "Feature", "properties": { "osmid": 1849178926 }, "geometry": { "type": "Point", "coordinates": [ 37.1711892, 36.1893779 ] } },
{ "type": "Feature", "properties": { "osmid": 1849178928 }, "geometry": { "type": "Point", "coordinates": [ 37.168824, 36.1894113 ] } },
{ "type": "Feature", "properties": { "osmid": 1849178929 }, "geometry": { "type": "Point", "coordinates": [ 37.1715829, 36.1895059 ] } },
{ "type": "Feature", "properties": { "osmid": 1849178930 }, "geometry": { "type": "Point", "coordinates": [ 37.1692969, 36.1895068 ] } },
{ "type": "Feature", "properties": { "osmid": 1849178932 }, "geometry": { "type": "Point", "coordinates": [ 37.1727011, 36.189598 ] } },
{ "type": "Feature", "properties": { "osmid": 1849178933 }, "geometry": { "type": "Point", "coordinates": [ 37.1707784, 36.1896243 ] } },
{ "type": "Feature", "properties": { "osmid": 1849178935 }, "geometry": { "type": "Point", "coordinates": [ 37.1699114, 36.1897081 ] } },
{ "type": "Feature", "properties": { "osmid": 1849178936 }, "geometry": { "type": "Point", "coordinates": [ 37.1696391, 36.1897246 ] } },
{ "type": "Feature", "properties": { "osmid": 1849178937 }, "geometry": { "type": "Point", "coordinates": [ 37.1712828, 36.1897747 ] } },
{ "type": "Feature", "properties": { "osmid": 1849178939 }, "geometry": { "type": "Point", "coordinates": [ 37.1688745, 36.1898068 ] } },
{ "type": "Feature", "properties": { "osmid": 1849178940 }, "geometry": { "type": "Point", "coordinates": [ 37.172616, 36.1898286 ] } },
{ "type": "Feature", "properties": { "osmid": 1849178941 }, "geometry": { "type": "Point", "coordinates": [ 37.1712189, 36.1898411 ] } },
{ "type": "Feature", "properties": { "osmid": 1849178943 }, "geometry": { "type": "Point", "coordinates": [ 37.1718594, 36.1900324 ] } },
{ "type": "Feature", "properties": { "osmid": 1849178944 }, "geometry": { "type": "Point", "coordinates": [ 37.1709968, 36.1900569 ] } },
{ "type": "Feature", "properties": { "osmid": 1849178947 }, "geometry": { "type": "Point", "coordinates": [ 37.1709162, 36.190156 ] } },
{ "type": "Feature", "properties": { "osmid": 1849178950 }, "geometry": { "type": "Point", "coordinates": [ 37.1716736, 36.1902768 ] } },
{ "type": "Feature", "properties": { "osmid": 1849178951 }, "geometry": { "type": "Point", "coordinates": [ 37.1721129, 36.1904527 ] } },
{ "type": "Feature", "properties": { "osmid": 1849178953 }, "geometry": { "type": "Point", "coordinates": [ 37.1721083, 36.190473 ] } },
{ "type": "Feature", "properties": { "osmid": 1849178954 }, "geometry": { "type": "Point", "coordinates": [ 37.1690018, 36.1904852 ] } },
{ "type": "Feature", "properties": { "osmid": 1849178955 }, "geometry": { "type": "Point", "coordinates": [ 37.1724726, 36.1905722 ] } },
{ "type": "Feature", "properties": { "osmid": 1849178957 }, "geometry": { "type": "Point", "coordinates": [ 37.1714879, 36.1905849 ] } },
{ "type": "Feature", "properties": { "osmid": 1849178958 }, "geometry": { "type": "Point", "coordinates": [ 37.1715319, 36.1906771 ] } },
{ "type": "Feature", "properties": { "osmid": 1849178960 }, "geometry": { "type": "Point", "coordinates": [ 37.1720187, 36.1908637 ] } },
{ "type": "Feature", "properties": { "osmid": 1849178962 }, "geometry": { "type": "Point", "coordinates": [ 37.1724153, 36.1909826 ] } },
{ "type": "Feature", "properties": { "osmid": 1849178967 }, "geometry": { "type": "Point", "coordinates": [ 37.1719137, 36.1913218 ] } },
{ "type": "Feature", "properties": { "osmid": 1849178969 }, "geometry": { "type": "Point", "coordinates": [ 37.172434, 36.1915744 ] } },
{ "type": "Feature", "properties": { "osmid": 1849178971 }, "geometry": { "type": "Point", "coordinates": [ 37.1689546, 36.1916497 ] } },
{ "type": "Feature", "properties": { "osmid": 1849178984 }, "geometry": { "type": "Point", "coordinates": [ 37.1682235, 36.1923468 ] } },
{ "type": "Feature", "properties": { "osmid": 1849178987 }, "geometry": { "type": "Point", "coordinates": [ 37.1689453, 36.1923587 ] } },
{ "type": "Feature", "properties": { "osmid": 1849178990 }, "geometry": { "type": "Point", "coordinates": [ 37.1702296, 36.1923668 ] } },
{ "type": "Feature", "properties": { "osmid": 1849178996 }, "geometry": { "type": "Point", "coordinates": [ 37.1697479, 36.192384 ] } },
{ "type": "Feature", "properties": { "osmid": 1849178997 }, "geometry": { "type": "Point", "coordinates": [ 37.1692677, 36.1923912 ] } },
{ "type": "Feature", "properties": { "osmid": 1854298049 }, "geometry": { "type": "Point", "coordinates": [ 37.1731524, 36.1978109 ] } },
{ "type": "Feature", "properties": { "osmid": 1854298053 }, "geometry": { "type": "Point", "coordinates": [ 37.1664485, 36.1997489 ] } },
{ "type": "Feature", "properties": { "osmid": 1854298071 }, "geometry": { "type": "Point", "coordinates": [ 37.1712021, 36.2004227 ] } },
{ "type": "Feature", "properties": { "osmid": 1854298079 }, "geometry": { "type": "Point", "coordinates": [ 37.1671224, 36.2005559 ] } },
{ "type": "Feature", "properties": { "osmid": 1854298080 }, "geometry": { "type": "Point", "coordinates": [ 37.1707418, 36.2005415 ] } },
{ "type": "Feature", "properties": { "osmid": 1854298083 }, "geometry": { "type": "Point", "coordinates": [ 37.1702837, 36.2006125 ] } },
{ "type": "Feature", "properties": { "osmid": 1854298091 }, "geometry": { "type": "Point", "coordinates": [ 37.1694757, 36.2007347 ] } },
{ "type": "Feature", "properties": { "osmid": 1854298095 }, "geometry": { "type": "Point", "coordinates": [ 37.1658533, 36.2009292 ] } },
{ "type": "Feature", "properties": { "osmid": 1854298098 }, "geometry": { "type": "Point", "coordinates": [ 37.1670667, 36.2009405 ] } },
{ "type": "Feature", "properties": { "osmid": 1854298099 }, "geometry": { "type": "Point", "coordinates": [ 37.166668, 36.2009439 ] } },
{ "type": "Feature", "properties": { "osmid": 1854298104 }, "geometry": { "type": "Point", "coordinates": [ 37.1651165, 36.2010716 ] } },
{ "type": "Feature", "properties": { "osmid": 1854298105 }, "geometry": { "type": "Point", "coordinates": [ 37.1651632, 36.2011034 ] } },
{ "type": "Feature", "properties": { "osmid": 1854298109 }, "geometry": { "type": "Point", "coordinates": [ 37.170795, 36.2011215 ] } },
{ "type": "Feature", "properties": { "osmid": 1854298112 }, "geometry": { "type": "Point", "coordinates": [ 37.1703087, 36.2011808 ] } },
{ "type": "Feature", "properties": { "osmid": 1854298118 }, "geometry": { "type": "Point", "coordinates": [ 37.1631371, 36.2012305 ] } },
{ "type": "Feature", "properties": { "osmid": 1854298127 }, "geometry": { "type": "Point", "coordinates": [ 37.1666784, 36.2013952 ] } },
{ "type": "Feature", "properties": { "osmid": 1854298135 }, "geometry": { "type": "Point", "coordinates": [ 37.1725386, 36.2016283 ] } },
{ "type": "Feature", "properties": { "osmid": 1854298139 }, "geometry": { "type": "Point", "coordinates": [ 37.1649301, 36.2016472 ] } },
{ "type": "Feature", "properties": { "osmid": 1854298150 }, "geometry": { "type": "Point", "coordinates": [ 37.1708591, 36.2019537 ] } },
{ "type": "Feature", "properties": { "osmid": 1854298157 }, "geometry": { "type": "Point", "coordinates": [ 37.1742237, 36.2019785 ] } },
{ "type": "Feature", "properties": { "osmid": 1854298163 }, "geometry": { "type": "Point", "coordinates": [ 37.1697625, 36.2020516 ] } },
{ "type": "Feature", "properties": { "osmid": 1854298168 }, "geometry": { "type": "Point", "coordinates": [ 37.1719488, 36.2021114 ] } },
{ "type": "Feature", "properties": { "osmid": 1854298172 }, "geometry": { "type": "Point", "coordinates": [ 37.1718056, 36.2022291 ] } },
{ "type": "Feature", "properties": { "osmid": 1854298188 }, "geometry": { "type": "Point", "coordinates": [ 37.165509, 36.2026881 ] } },
{ "type": "Feature", "properties": { "osmid": 1854298193 }, "geometry": { "type": "Point", "coordinates": [ 37.1663591, 36.2027205 ] } },
{ "type": "Feature", "properties": { "osmid": 1854298205 }, "geometry": { "type": "Point", "coordinates": [ 37.1644714, 36.2027874 ] } },
{ "type": "Feature", "properties": { "osmid": 1854298211 }, "geometry": { "type": "Point", "coordinates": [ 37.162738, 36.2028744 ] } },
{ "type": "Feature", "properties": { "osmid": 1854298214 }, "geometry": { "type": "Point", "coordinates": [ 37.1650289, 36.2029866 ] } },
{ "type": "Feature", "properties": { "osmid": 1854298222 }, "geometry": { "type": "Point", "coordinates": [ 37.1655448, 36.2033377 ] } },
{ "type": "Feature", "properties": { "osmid": 1854298231 }, "geometry": { "type": "Point", "coordinates": [ 37.1660192, 36.2034102 ] } },
{ "type": "Feature", "properties": { "osmid": 1854298234 }, "geometry": { "type": "Point", "coordinates": [ 37.1650015, 36.2034682 ] } },
{ "type": "Feature", "properties": { "osmid": 1854566019 }, "geometry": { "type": "Point", "coordinates": [ 37.1714654, 36.1876783 ] } },
{ "type": "Feature", "properties": { "osmid": 1859967421 }, "geometry": { "type": "Point", "coordinates": [ 37.1597964, 36.1873801 ] } },
{ "type": "Feature", "properties": { "osmid": 1859967430 }, "geometry": { "type": "Point", "coordinates": [ 37.1556417, 36.1877188 ] } },
{ "type": "Feature", "properties": { "osmid": 1862709923 }, "geometry": { "type": "Point", "coordinates": [ 37.1507691, 36.1947074 ] } },
{ "type": "Feature", "properties": { "osmid": 1862709924 }, "geometry": { "type": "Point", "coordinates": [ 37.1508902, 36.1946729 ] } },
{ "type": "Feature", "properties": { "osmid": 1862709926 }, "geometry": { "type": "Point", "coordinates": [ 37.1469562, 36.1952359 ] } },
{ "type": "Feature", "properties": { "osmid": 1862709929 }, "geometry": { "type": "Point", "coordinates": [ 37.150854, 36.1953034 ] } },
{ "type": "Feature", "properties": { "osmid": 1862709931 }, "geometry": { "type": "Point", "coordinates": [ 37.1481986, 36.1960913 ] } },
{ "type": "Feature", "properties": { "osmid": 1862709934 }, "geometry": { "type": "Point", "coordinates": [ 37.1502751, 36.1969607 ] } },
{ "type": "Feature", "properties": { "osmid": 1862709935 }, "geometry": { "type": "Point", "coordinates": [ 37.1480229, 36.1969757 ] } },
{ "type": "Feature", "properties": { "osmid": 1862709938 }, "geometry": { "type": "Point", "coordinates": [ 37.1510797, 36.1972723 ] } },
{ "type": "Feature", "properties": { "osmid": 1862709942 }, "geometry": { "type": "Point", "coordinates": [ 37.1740858, 36.2010253 ] } },
{ "type": "Feature", "properties": { "osmid": 1862709943 }, "geometry": { "type": "Point", "coordinates": [ 37.1733314, 36.2012582 ] } },
{ "type": "Feature", "properties": { "osmid": 1862709944 }, "geometry": { "type": "Point", "coordinates": [ 37.1727986, 36.2014545 ] } },
{ "type": "Feature", "properties": { "osmid": 1862709946 }, "geometry": { "type": "Point", "coordinates": [ 37.1747604, 36.2020736 ] } },
{ "type": "Feature", "properties": { "osmid": 1862709947 }, "geometry": { "type": "Point", "coordinates": [ 37.1734274, 36.2021886 ] } },
{ "type": "Feature", "properties": { "osmid": 1862709950 }, "geometry": { "type": "Point", "coordinates": [ 37.1736676, 36.2027227 ] } },
{ "type": "Feature", "properties": { "osmid": 1862709953 }, "geometry": { "type": "Point", "coordinates": [ 37.174036, 36.2030199 ] } },
{ "type": "Feature", "properties": { "osmid": 1862709955 }, "geometry": { "type": "Point", "coordinates": [ 37.1739296, 36.2038588 ] } },
{ "type": "Feature", "properties": { "osmid": 1862709956 }, "geometry": { "type": "Point", "coordinates": [ 37.1680079, 36.203931 ] } },
{ "type": "Feature", "properties": { "osmid": 1862709959 }, "geometry": { "type": "Point", "coordinates": [ 37.1739765, 36.2043633 ] } },
{ "type": "Feature", "properties": { "osmid": 1862709961 }, "geometry": { "type": "Point", "coordinates": [ 37.1687463, 36.2048248 ] } },
{ "type": "Feature", "properties": { "osmid": 1862709970 }, "geometry": { "type": "Point", "coordinates": [ 37.1714206, 36.2063708 ] } },
{ "type": "Feature", "properties": { "osmid": 1862709971 }, "geometry": { "type": "Point", "coordinates": [ 37.1729554, 36.2065935 ] } },
{ "type": "Feature", "properties": { "osmid": 1862709974 }, "geometry": { "type": "Point", "coordinates": [ 37.1715355, 36.2073571 ] } },
{ "type": "Feature", "properties": { "osmid": 2017970575 }, "geometry": { "type": "Point", "coordinates": [ 37.1680079, 36.1869066 ] } },
{ "type": "Feature", "properties": { "osmid": 2017970589 }, "geometry": { "type": "Point", "coordinates": [ 37.1683981, 36.186995 ] } },
{ "type": "Feature", "properties": { "osmid": 2085139820 }, "geometry": { "type": "Point", "coordinates": [ 37.1740562, 36.1873407 ] } },
{ "type": "Feature", "properties": { "osmid": 2085139822 }, "geometry": { "type": "Point", "coordinates": [ 37.1738323, 36.1875323 ] } },
{ "type": "Feature", "properties": { "osmid": 2085139825 }, "geometry": { "type": "Point", "coordinates": [ 37.1735886, 36.1877798 ] } },
{ "type": "Feature", "properties": { "osmid": 2085146266 }, "geometry": { "type": "Point", "coordinates": [ 37.1735499, 36.1882517 ] } },
{ "type": "Feature", "properties": { "osmid": 2085146269 }, "geometry": { "type": "Point", "coordinates": [ 37.1749, 36.1886511 ] } },
{ "type": "Feature", "properties": { "osmid": 2085146271 }, "geometry": { "type": "Point", "coordinates": [ 37.1729846, 36.1888553 ] } },
{ "type": "Feature", "properties": { "osmid": 2085146273 }, "geometry": { "type": "Point", "coordinates": [ 37.1746477, 36.1890328 ] } },
{ "type": "Feature", "properties": { "osmid": 2085146276 }, "geometry": { "type": "Point", "coordinates": [ 37.1731596, 36.1891662 ] } },
{ "type": "Feature", "properties": { "osmid": 2085146279 }, "geometry": { "type": "Point", "coordinates": [ 37.1734624, 36.1895199 ] } },
{ "type": "Feature", "properties": { "osmid": 2085146283 }, "geometry": { "type": "Point", "coordinates": [ 37.1727207, 36.1895449 ] } },
{ "type": "Feature", "properties": { "osmid": 2085146285 }, "geometry": { "type": "Point", "coordinates": [ 37.1729722, 36.1896296 ] } },
{ "type": "Feature", "properties": { "osmid": 2085146286 }, "geometry": { "type": "Point", "coordinates": [ 37.1743366, 36.18964 ] } },
{ "type": "Feature", "properties": { "osmid": 2085146294 }, "geometry": { "type": "Point", "coordinates": [ 37.1733493, 36.1897566 ] } },
{ "type": "Feature", "properties": { "osmid": 2085146295 }, "geometry": { "type": "Point", "coordinates": [ 37.1733851, 36.1897687 ] } },
{ "type": "Feature", "properties": { "osmid": 2085146296 }, "geometry": { "type": "Point", "coordinates": [ 37.1737572, 36.1898256 ] } },
{ "type": "Feature", "properties": { "osmid": 2085146300 }, "geometry": { "type": "Point", "coordinates": [ 37.1737592, 36.1898947 ] } },
{ "type": "Feature", "properties": { "osmid": 2085146302 }, "geometry": { "type": "Point", "coordinates": [ 37.1730502, 36.1900099 ] } },
{ "type": "Feature", "properties": { "osmid": 2085146305 }, "geometry": { "type": "Point", "coordinates": [ 37.1737635, 36.1900426 ] } },
{ "type": "Feature", "properties": { "osmid": 2085146309 }, "geometry": { "type": "Point", "coordinates": [ 37.1732291, 36.1900846 ] } },
{ "type": "Feature", "properties": { "osmid": 2085146311 }, "geometry": { "type": "Point", "coordinates": [ 37.1733922, 36.1901527 ] } },
{ "type": "Feature", "properties": { "osmid": 2085146313 }, "geometry": { "type": "Point", "coordinates": [ 37.1737692, 36.1902385 ] } },
{ "type": "Feature", "properties": { "osmid": 2085146315 }, "geometry": { "type": "Point", "coordinates": [ 37.1737672, 36.1903093 ] } },
{ "type": "Feature", "properties": { "osmid": 2085146321 }, "geometry": { "type": "Point", "coordinates": [ 37.1725046, 36.1903432 ] } },
{ "type": "Feature", "properties": { "osmid": 2085146323 }, "geometry": { "type": "Point", "coordinates": [ 37.1729533, 36.1904086 ] } },
{ "type": "Feature", "properties": { "osmid": 2085146325 }, "geometry": { "type": "Point", "coordinates": [ 37.1733226, 36.1904623 ] } },
{ "type": "Feature", "properties": { "osmid": 2085146327 }, "geometry": { "type": "Point", "coordinates": [ 37.1737911, 36.1904652 ] } },
{ "type": "Feature", "properties": { "osmid": 2085146329 }, "geometry": { "type": "Point", "coordinates": [ 37.1738638, 36.1904944 ] } },
{ "type": "Feature", "properties": { "osmid": 2085146334 }, "geometry": { "type": "Point", "coordinates": [ 37.1737732, 36.1905279 ] } },
{ "type": "Feature", "properties": { "osmid": 2085146339 }, "geometry": { "type": "Point", "coordinates": [ 37.1742167, 36.1906572 ] } },
{ "type": "Feature", "properties": { "osmid": 2085146345 }, "geometry": { "type": "Point", "coordinates": [ 37.1724529, 36.1907132 ] } },
{ "type": "Feature", "properties": { "osmid": 2085146348 }, "geometry": { "type": "Point", "coordinates": [ 37.1743502, 36.190727 ] } },
{ "type": "Feature", "properties": { "osmid": 2085146366 }, "geometry": { "type": "Point", "coordinates": [ 37.1728552, 36.1908182 ] } },
{ "type": "Feature", "properties": { "osmid": 2085146369 }, "geometry": { "type": "Point", "coordinates": [ 37.1745627, 36.19082 ] } },
{ "type": "Feature", "properties": { "osmid": 2085146374 }, "geometry": { "type": "Point", "coordinates": [ 37.1732274, 36.1909154 ] } },
{ "type": "Feature", "properties": { "osmid": 2085146377 }, "geometry": { "type": "Point", "coordinates": [ 37.1734974, 36.1910752 ] } },
{ "type": "Feature", "properties": { "osmid": 2085146379 }, "geometry": { "type": "Point", "coordinates": [ 37.1737487, 36.1912776 ] } },
{ "type": "Feature", "properties": { "osmid": 2085146381 }, "geometry": { "type": "Point", "coordinates": [ 37.1747831, 36.1913462 ] } },
{ "type": "Feature", "properties": { "osmid": 2085146385 }, "geometry": { "type": "Point", "coordinates": [ 37.1740269, 36.1915016 ] } },
{ "type": "Feature", "properties": { "osmid": 2085171184 }, "geometry": { "type": "Point", "coordinates": [ 37.1744083, 36.1934017 ] } },
{ "type": "Feature", "properties": { "osmid": 2085171188 }, "geometry": { "type": "Point", "coordinates": [ 37.1744166, 36.193717 ] } },
{ "type": "Feature", "properties": { "osmid": 2085171190 }, "geometry": { "type": "Point", "coordinates": [ 37.1706698, 36.1937262 ] } },
{ "type": "Feature", "properties": { "osmid": 2085171192 }, "geometry": { "type": "Point", "coordinates": [ 37.1733167, 36.1938152 ] } },
{ "type": "Feature", "properties": { "osmid": 2085171202 }, "geometry": { "type": "Point", "coordinates": [ 37.1734202, 36.194298 ] } },
{ "type": "Feature", "properties": { "osmid": 2085171206 }, "geometry": { "type": "Point", "coordinates": [ 37.1723131, 36.1944137 ] } },
{ "type": "Feature", "properties": { "osmid": 2085171218 }, "geometry": { "type": "Point", "coordinates": [ 37.1735479, 36.1945552 ] } },
{ "type": "Feature", "properties": { "osmid": 2085171224 }, "geometry": { "type": "Point", "coordinates": [ 37.172353, 36.1945982 ] } },
{ "type": "Feature", "properties": { "osmid": 2085171232 }, "geometry": { "type": "Point", "coordinates": [ 37.1736029, 36.1947101 ] } },
{ "type": "Feature", "properties": { "osmid": 2085171246 }, "geometry": { "type": "Point", "coordinates": [ 37.1723819, 36.1949586 ] } },
{ "type": "Feature", "properties": { "osmid": 2085171249 }, "geometry": { "type": "Point", "coordinates": [ 37.1705762, 36.1950062 ] } },
{ "type": "Feature", "properties": { "osmid": 2085171279 }, "geometry": { "type": "Point", "coordinates": [ 37.1713881, 36.1956841 ] } },
{ "type": "Feature", "properties": { "osmid": 2085171287 }, "geometry": { "type": "Point", "coordinates": [ 37.1713972, 36.1958658 ] } },
{ "type": "Feature", "properties": { "osmid": 2085171303 }, "geometry": { "type": "Point", "coordinates": [ 37.1704348, 36.1961119 ] } },
{ "type": "Feature", "properties": { "osmid": 2085171307 }, "geometry": { "type": "Point", "coordinates": [ 37.1701023, 36.1961252 ] } },
{ "type": "Feature", "properties": { "osmid": 2085171308 }, "geometry": { "type": "Point", "coordinates": [ 37.1705583, 36.1961252 ] } },
{ "type": "Feature", "properties": { "osmid": 2085171320 }, "geometry": { "type": "Point", "coordinates": [ 37.1692763, 36.1964123 ] } },
{ "type": "Feature", "properties": { "osmid": 2085171328 }, "geometry": { "type": "Point", "coordinates": [ 37.170996, 36.1969108 ] } },
{ "type": "Feature", "properties": { "osmid": 2085171330 }, "geometry": { "type": "Point", "coordinates": [ 37.1694047, 36.1969421 ] } },
{ "type": "Feature", "properties": { "osmid": 2085171334 }, "geometry": { "type": "Point", "coordinates": [ 37.1696874, 36.1969899 ] } },
{ "type": "Feature", "properties": { "osmid": 2085171340 }, "geometry": { "type": "Point", "coordinates": [ 37.1713607, 36.1971941 ] } },
{ "type": "Feature", "properties": { "osmid": 2085171342 }, "geometry": { "type": "Point", "coordinates": [ 37.170256, 36.1972344 ] } },
{ "type": "Feature", "properties": { "osmid": 2085171348 }, "geometry": { "type": "Point", "coordinates": [ 37.1698014, 36.197288 ] } },
{ "type": "Feature", "properties": { "osmid": 2085171350 }, "geometry": { "type": "Point", "coordinates": [ 37.1715545, 36.1973402 ] } },
{ "type": "Feature", "properties": { "osmid": 2085171354 }, "geometry": { "type": "Point", "coordinates": [ 37.1694183, 36.1974413 ] } },
{ "type": "Feature", "properties": { "osmid": 2085171367 }, "geometry": { "type": "Point", "coordinates": [ 37.1710843, 36.1977526 ] } },
{ "type": "Feature", "properties": { "osmid": 2085171371 }, "geometry": { "type": "Point", "coordinates": [ 37.172348, 36.1986052 ] } },
{ "type": "Feature", "properties": { "osmid": 2085171372 }, "geometry": { "type": "Point", "coordinates": [ 37.1724006, 36.1986323 ] } },
{ "type": "Feature", "properties": { "osmid": 2085171378 }, "geometry": { "type": "Point", "coordinates": [ 37.1709551, 36.2000414 ] } },
{ "type": "Feature", "properties": { "osmid": 2085175061 }, "geometry": { "type": "Point", "coordinates": [ 37.1693047, 36.1914077 ] } },
{ "type": "Feature", "properties": { "osmid": 2085175064 }, "geometry": { "type": "Point", "coordinates": [ 37.1703034, 36.1915003 ] } },
{ "type": "Feature", "properties": { "osmid": 2085175073 }, "geometry": { "type": "Point", "coordinates": [ 37.1725175, 36.1920077 ] } },
{ "type": "Feature", "properties": { "osmid": 2085175075 }, "geometry": { "type": "Point", "coordinates": [ 37.1711456, 36.1924169 ] } },
{ "type": "Feature", "properties": { "osmid": 2085175077 }, "geometry": { "type": "Point", "coordinates": [ 37.1724171, 36.1927582 ] } },
{ "type": "Feature", "properties": { "osmid": 2085175091 }, "geometry": { "type": "Point", "coordinates": [ 37.1697245, 36.1934174 ] } },
{ "type": "Feature", "properties": { "osmid": 2085175092 }, "geometry": { "type": "Point", "coordinates": [ 37.1707873, 36.1936048 ] } },
{ "type": "Feature", "properties": { "osmid": 2085175093 }, "geometry": { "type": "Point", "coordinates": [ 37.1702472, 36.1936478 ] } },
{ "type": "Feature", "properties": { "osmid": 2085175094 }, "geometry": { "type": "Point", "coordinates": [ 37.1697727, 36.1936857 ] } },
{ "type": "Feature", "properties": { "osmid": 2133709351 }, "geometry": { "type": "Point", "coordinates": [ 37.1644989, 36.1868297 ] } },
{ "type": "Feature", "properties": { "osmid": 2133709352 }, "geometry": { "type": "Point", "coordinates": [ 37.1639811, 36.1868507 ] } },
{ "type": "Feature", "properties": { "osmid": 2133709358 }, "geometry": { "type": "Point", "coordinates": [ 37.1636005, 36.1869159 ] } },
{ "type": "Feature", "properties": { "osmid": 2133709359 }, "geometry": { "type": "Point", "coordinates": [ 37.1663917, 36.1869725 ] } },
{ "type": "Feature", "properties": { "osmid": 2133709362 }, "geometry": { "type": "Point", "coordinates": [ 37.1654234, 36.1871465 ] } },
{ "type": "Feature", "properties": { "osmid": 2133709363 }, "geometry": { "type": "Point", "coordinates": [ 37.1663911, 36.1870727 ] } },
{ "type": "Feature", "properties": { "osmid": 2133709365 }, "geometry": { "type": "Point", "coordinates": [ 37.1671375, 36.1870903 ] } },
{ "type": "Feature", "properties": { "osmid": 2133709367 }, "geometry": { "type": "Point", "coordinates": [ 37.1640088, 36.1871242 ] } },
{ "type": "Feature", "properties": { "osmid": 2133709371 }, "geometry": { "type": "Point", "coordinates": [ 37.1663904, 36.1871993 ] } },
{ "type": "Feature", "properties": { "osmid": 2133709374 }, "geometry": { "type": "Point", "coordinates": [ 37.1645519, 36.1871803 ] } },
{ "type": "Feature", "properties": { "osmid": 2133709375 }, "geometry": { "type": "Point", "coordinates": [ 37.1680598, 36.1872881 ] } },
{ "type": "Feature", "properties": { "osmid": 2133709379 }, "geometry": { "type": "Point", "coordinates": [ 37.1677974, 36.1873258 ] } },
{ "type": "Feature", "properties": { "osmid": 2133709382 }, "geometry": { "type": "Point", "coordinates": [ 37.1663895, 36.1873505 ] } },
{ "type": "Feature", "properties": { "osmid": 2133709388 }, "geometry": { "type": "Point", "coordinates": [ 37.1644927, 36.187374 ] } },
{ "type": "Feature", "properties": { "osmid": 2133709389 }, "geometry": { "type": "Point", "coordinates": [ 37.1643693, 36.1874748 ] } },
{ "type": "Feature", "properties": { "osmid": 2133709391 }, "geometry": { "type": "Point", "coordinates": [ 37.167751, 36.1876194 ] } },
{ "type": "Feature", "properties": { "osmid": 2133709394 }, "geometry": { "type": "Point", "coordinates": [ 37.1640927, 36.1876598 ] } },
{ "type": "Feature", "properties": { "osmid": 2133709395 }, "geometry": { "type": "Point", "coordinates": [ 37.1663877, 36.1876598 ] } },
{ "type": "Feature", "properties": { "osmid": 2133709396 }, "geometry": { "type": "Point", "coordinates": [ 37.1650009, 36.1877125 ] } },
{ "type": "Feature", "properties": { "osmid": 2133709402 }, "geometry": { "type": "Point", "coordinates": [ 37.1677495, 36.1878506 ] } },
{ "type": "Feature", "properties": { "osmid": 2133709403 }, "geometry": { "type": "Point", "coordinates": [ 37.163918, 36.1877708 ] } },
{ "type": "Feature", "properties": { "osmid": 2133709404 }, "geometry": { "type": "Point", "coordinates": [ 37.1686105, 36.1877861 ] } },
{ "type": "Feature", "properties": { "osmid": 2133709405 }, "geometry": { "type": "Point", "coordinates": [ 37.1644589, 36.1877901 ] } },
{ "type": "Feature", "properties": { "osmid": 2133709410 }, "geometry": { "type": "Point", "coordinates": [ 37.1663863, 36.1879112 ] } },
{ "type": "Feature", "properties": { "osmid": 2133709414 }, "geometry": { "type": "Point", "coordinates": [ 37.1682396, 36.1880633 ] } },
{ "type": "Feature", "properties": { "osmid": 2133709415 }, "geometry": { "type": "Point", "coordinates": [ 37.1686122, 36.1880601 ] } },
{ "type": "Feature", "properties": { "osmid": 2133709416 }, "geometry": { "type": "Point", "coordinates": [ 37.1554212, 36.188087 ] } },
{ "type": "Feature", "properties": { "osmid": 2133709419 }, "geometry": { "type": "Point", "coordinates": [ 37.1663848, 36.1881643 ] } },
{ "type": "Feature", "properties": { "osmid": 2133709423 }, "geometry": { "type": "Point", "coordinates": [ 37.1663845, 36.1882188 ] } },
{ "type": "Feature", "properties": { "osmid": 2133709424 }, "geometry": { "type": "Point", "coordinates": [ 37.1657327, 36.1882234 ] } },
{ "type": "Feature", "properties": { "osmid": 2133709428 }, "geometry": { "type": "Point", "coordinates": [ 37.1569887, 36.1882604 ] } },
{ "type": "Feature", "properties": { "osmid": 2133709430 }, "geometry": { "type": "Point", "coordinates": [ 37.1561216, 36.1882752 ] } },
{ "type": "Feature", "properties": { "osmid": 2133709433 }, "geometry": { "type": "Point", "coordinates": [ 37.1563922, 36.1883166 ] } },
{ "type": "Feature", "properties": { "osmid": 2133709436 }, "geometry": { "type": "Point", "coordinates": [ 37.1682333, 36.1883318 ] } },
{ "type": "Feature", "properties": { "osmid": 2133709437 }, "geometry": { "type": "Point", "coordinates": [ 37.1686139, 36.1883448 ] } },
{ "type": "Feature", "properties": { "osmid": 2133709440 }, "geometry": { "type": "Point", "coordinates": [ 37.1568738, 36.1883859 ] } },
{ "type": "Feature", "properties": { "osmid": 2133709442 }, "geometry": { "type": "Point", "coordinates": [ 37.168062, 36.1884038 ] } },
{ "type": "Feature", "properties": { "osmid": 2133709445 }, "geometry": { "type": "Point", "coordinates": [ 37.1663834, 36.1884174 ] } },
{ "type": "Feature", "properties": { "osmid": 2133709450 }, "geometry": { "type": "Point", "coordinates": [ 37.164543, 36.1884448 ] } },
{ "type": "Feature", "properties": { "osmid": 2133709455 }, "geometry": { "type": "Point", "coordinates": [ 37.1686155, 36.1885906 ] } },
{ "type": "Feature", "properties": { "osmid": 2133709456 }, "geometry": { "type": "Point", "coordinates": [ 37.168231, 36.1886138 ] } },
{ "type": "Feature", "properties": { "osmid": 2133709463 }, "geometry": { "type": "Point", "coordinates": [ 37.1663812, 36.1887848 ] } },
{ "type": "Feature", "properties": { "osmid": 2133709464 }, "geometry": { "type": "Point", "coordinates": [ 37.1680567, 36.1887877 ] } },
{ "type": "Feature", "properties": { "osmid": 2133709466 }, "geometry": { "type": "Point", "coordinates": [ 37.157017, 36.1888552 ] } },
{ "type": "Feature", "properties": { "osmid": 2133709467 }, "geometry": { "type": "Point", "coordinates": [ 37.162537, 36.1888625 ] } },
{ "type": "Feature", "properties": { "osmid": 2133709476 }, "geometry": { "type": "Point", "coordinates": [ 37.1686658, 36.1888464 ] } },
{ "type": "Feature", "properties": { "osmid": 2133709477 }, "geometry": { "type": "Point", "coordinates": [ 37.1682485, 36.1889708 ] } },
{ "type": "Feature", "properties": { "osmid": 2133709483 }, "geometry": { "type": "Point", "coordinates": [ 37.1680489, 36.1889808 ] } },
{ "type": "Feature", "properties": { "osmid": 2133709484 }, "geometry": { "type": "Point", "coordinates": [ 37.1556664, 36.1889506 ] } },
{ "type": "Feature", "properties": { "osmid": 2133709485 }, "geometry": { "type": "Point", "coordinates": [ 37.1564992, 36.1890032 ] } },
{ "type": "Feature", "properties": { "osmid": 2133709490 }, "geometry": { "type": "Point", "coordinates": [ 37.1680186, 36.1890859 ] } },
{ "type": "Feature", "properties": { "osmid": 2133709491 }, "geometry": { "type": "Point", "coordinates": [ 37.1572117, 36.1890577 ] } },
{ "type": "Feature", "properties": { "osmid": 2133709493 }, "geometry": { "type": "Point", "coordinates": [ 37.1663797, 36.1890625 ] } },
{ "type": "Feature", "properties": { "osmid": 2133709496 }, "geometry": { "type": "Point", "coordinates": [ 37.1680574, 36.1891385 ] } },
{ "type": "Feature", "properties": { "osmid": 2133709497 }, "geometry": { "type": "Point", "coordinates": [ 37.1581152, 36.1891412 ] } },
{ "type": "Feature", "properties": { "osmid": 2133709502 }, "geometry": { "type": "Point", "coordinates": [ 37.1555356, 36.1891874 ] } },
{ "type": "Feature", "properties": { "osmid": 2133709505 }, "geometry": { "type": "Point", "coordinates": [ 37.1564805, 36.1892064 ] } },
{ "type": "Feature", "properties": { "osmid": 2133709507 }, "geometry": { "type": "Point", "coordinates": [ 37.1574175, 36.1892317 ] } },
{ "type": "Feature", "properties": { "osmid": 2133709510 }, "geometry": { "type": "Point", "coordinates": [ 37.1565941, 36.1892888 ] } },
{ "type": "Feature", "properties": { "osmid": 2133709512 }, "geometry": { "type": "Point", "coordinates": [ 37.1563913, 36.1893075 ] } },
{ "type": "Feature", "properties": { "osmid": 2133709516 }, "geometry": { "type": "Point", "coordinates": [ 37.157811, 36.1893383 ] } },
{ "type": "Feature", "properties": { "osmid": 2133709519 }, "geometry": { "type": "Point", "coordinates": [ 37.1571289, 36.1894169 ] } },
{ "type": "Feature", "properties": { "osmid": 2133709520 }, "geometry": { "type": "Point", "coordinates": [ 37.1562676, 36.1894251 ] } },
{ "type": "Feature", "properties": { "osmid": 2133709523 }, "geometry": { "type": "Point", "coordinates": [ 37.1576138, 36.1894517 ] } },
{ "type": "Feature", "properties": { "osmid": 2133709529 }, "geometry": { "type": "Point", "coordinates": [ 37.1560306, 36.1895817 ] } },
{ "type": "Feature", "properties": { "osmid": 2133709540 }, "geometry": { "type": "Point", "coordinates": [ 37.1562133, 36.189684 ] } },
{ "type": "Feature", "properties": { "osmid": 2133709542 }, "geometry": { "type": "Point", "coordinates": [ 37.1680722, 36.1897018 ] } },
{ "type": "Feature", "properties": { "osmid": 2133709548 }, "geometry": { "type": "Point", "coordinates": [ 37.160488, 36.1897508 ] } },
{ "type": "Feature", "properties": { "osmid": 2133709553 }, "geometry": { "type": "Point", "coordinates": [ 37.1668086, 36.1897756 ] } },
{ "type": "Feature", "properties": { "osmid": 2133709556 }, "geometry": { "type": "Point", "coordinates": [ 37.1663754, 36.1897984 ] } },
{ "type": "Feature", "properties": { "osmid": 2133709569 }, "geometry": { "type": "Point", "coordinates": [ 37.1571158, 36.1899485 ] } },
{ "type": "Feature", "properties": { "osmid": 2133709574 }, "geometry": { "type": "Point", "coordinates": [ 37.1586608, 36.1900001 ] } },
{ "type": "Feature", "properties": { "osmid": 2133709581 }, "geometry": { "type": "Point", "coordinates": [ 37.1577915, 36.1901214 ] } },
{ "type": "Feature", "properties": { "osmid": 2133709584 }, "geometry": { "type": "Point", "coordinates": [ 37.1569704, 36.1901766 ] } },
{ "type": "Feature", "properties": { "osmid": 2133709585 }, "geometry": { "type": "Point", "coordinates": [ 37.1582857, 36.1901852 ] } },
{ "type": "Feature", "properties": { "osmid": 2133709591 }, "geometry": { "type": "Point", "coordinates": [ 37.1600031, 36.1903255 ] } },
{ "type": "Feature", "properties": { "osmid": 2133709592 }, "geometry": { "type": "Point", "coordinates": [ 37.1560569, 36.190335 ] } },
{ "type": "Feature", "properties": { "osmid": 2133709600 }, "geometry": { "type": "Point", "coordinates": [ 37.1574293, 36.1904761 ] } },
{ "type": "Feature", "properties": { "osmid": 2133709601 }, "geometry": { "type": "Point", "coordinates": [ 37.1591189, 36.1904573 ] } },
{ "type": "Feature", "properties": { "osmid": 2133709603 }, "geometry": { "type": "Point", "coordinates": [ 37.1590499, 36.1904703 ] } },
{ "type": "Feature", "properties": { "osmid": 2133709604 }, "geometry": { "type": "Point", "coordinates": [ 37.1689421, 36.1904993 ] } },
{ "type": "Feature", "properties": { "osmid": 2133709606 }, "geometry": { "type": "Point", "coordinates": [ 37.1589682, 36.1904858 ] } },
{ "type": "Feature", "properties": { "osmid": 2133709607 }, "geometry": { "type": "Point", "coordinates": [ 37.1621531, 36.1905188 ] } },
{ "type": "Feature", "properties": { "osmid": 2133709612 }, "geometry": { "type": "Point", "coordinates": [ 37.1566776, 36.1905917 ] } },
{ "type": "Feature", "properties": { "osmid": 2133709614 }, "geometry": { "type": "Point", "coordinates": [ 37.1623324, 36.1906029 ] } },
{ "type": "Feature", "properties": { "osmid": 2133709621 }, "geometry": { "type": "Point", "coordinates": [ 37.168408, 36.1906287 ] } },
{ "type": "Feature", "properties": { "osmid": 2133709628 }, "geometry": { "type": "Point", "coordinates": [ 37.1605166, 36.1906601 ] } },
{ "type": "Feature", "properties": { "osmid": 2133709632 }, "geometry": { "type": "Point", "coordinates": [ 37.1569061, 36.1907166 ] } },
{ "type": "Feature", "properties": { "osmid": 2133709633 }, "geometry": { "type": "Point", "coordinates": [ 37.1577865, 36.1907092 ] } },
{ "type": "Feature", "properties": { "osmid": 2133709643 }, "geometry": { "type": "Point", "coordinates": [ 37.1616651, 36.1907893 ] } },
{ "type": "Feature", "properties": { "osmid": 2133709646 }, "geometry": { "type": "Point", "coordinates": [ 37.1619607, 36.1908152 ] } },
{ "type": "Feature", "properties": { "osmid": 2133709647 }, "geometry": { "type": "Point", "coordinates": [ 37.160074, 36.1907902 ] } },
{ "type": "Feature", "properties": { "osmid": 2133709649 }, "geometry": { "type": "Point", "coordinates": [ 37.1611068, 36.1908259 ] } },
{ "type": "Feature", "properties": { "osmid": 2133709650 }, "geometry": { "type": "Point", "coordinates": [ 37.1628998, 36.1908392 ] } },
{ "type": "Feature", "properties": { "osmid": 2133709654 }, "geometry": { "type": "Point", "coordinates": [ 37.1689584, 36.1908618 ] } },
{ "type": "Feature", "properties": { "osmid": 2133709656 }, "geometry": { "type": "Point", "coordinates": [ 37.1569207, 36.1908729 ] } },
{ "type": "Feature", "properties": { "osmid": 2133709660 }, "geometry": { "type": "Point", "coordinates": [ 37.1664028, 36.1909008 ] } },
{ "type": "Feature", "properties": { "osmid": 2133709668 }, "geometry": { "type": "Point", "coordinates": [ 37.1565046, 36.1909439 ] } },
{ "type": "Feature", "properties": { "osmid": 2133709672 }, "geometry": { "type": "Point", "coordinates": [ 37.1584307, 36.1909963 ] } },
{ "type": "Feature", "properties": { "osmid": 2133709675 }, "geometry": { "type": "Point", "coordinates": [ 37.163459, 36.1910106 ] } },
{ "type": "Feature", "properties": { "osmid": 2133709677 }, "geometry": { "type": "Point", "coordinates": [ 37.1555419, 36.1910169 ] } },
{ "type": "Feature", "properties": { "osmid": 2133709679 }, "geometry": { "type": "Point", "coordinates": [ 37.1635931, 36.1910491 ] } },
{ "type": "Feature", "properties": { "osmid": 2133709683 }, "geometry": { "type": "Point", "coordinates": [ 37.1562028, 36.191139 ] } },
{ "type": "Feature", "properties": { "osmid": 2133709685 }, "geometry": { "type": "Point", "coordinates": [ 37.1594026, 36.1912151 ] } },
{ "type": "Feature", "properties": { "osmid": 2133709687 }, "geometry": { "type": "Point", "coordinates": [ 37.1635651, 36.1912524 ] } },
{ "type": "Feature", "properties": { "osmid": 2133709688 }, "geometry": { "type": "Point", "coordinates": [ 37.1596251, 36.191282 ] } },
{ "type": "Feature", "properties": { "osmid": 2133709691 }, "geometry": { "type": "Point", "coordinates": [ 37.1599938, 36.1913593 ] } },
{ "type": "Feature", "properties": { "osmid": 2133709700 }, "geometry": { "type": "Point", "coordinates": [ 37.1691266, 36.1915308 ] } },
{ "type": "Feature", "properties": { "osmid": 2133709703 }, "geometry": { "type": "Point", "coordinates": [ 37.1626346, 36.1915925 ] } },
{ "type": "Feature", "properties": { "osmid": 2133709705 }, "geometry": { "type": "Point", "coordinates": [ 37.1633845, 36.1916691 ] } },
{ "type": "Feature", "properties": { "osmid": 2133709707 }, "geometry": { "type": "Point", "coordinates": [ 37.1625554, 36.1919219 ] } },
{ "type": "Feature", "properties": { "osmid": 2133728357 }, "geometry": { "type": "Point", "coordinates": [ 37.1597579, 36.186854 ] } },
{ "type": "Feature", "properties": { "osmid": 2133728359 }, "geometry": { "type": "Point", "coordinates": [ 37.1588121, 36.1868838 ] } },
{ "type": "Feature", "properties": { "osmid": 2133728360 }, "geometry": { "type": "Point", "coordinates": [ 37.1565905, 36.1869618 ] } },
{ "type": "Feature", "properties": { "osmid": 2133728362 }, "geometry": { "type": "Point", "coordinates": [ 37.1581855, 36.1870199 ] } },
{ "type": "Feature", "properties": { "osmid": 2133728363 }, "geometry": { "type": "Point", "coordinates": [ 37.1567589, 36.1872211 ] } },
{ "type": "Feature", "properties": { "osmid": 2133728366 }, "geometry": { "type": "Point", "coordinates": [ 37.1568721, 36.1873184 ] } },
{ "type": "Feature", "properties": { "osmid": 2133728367 }, "geometry": { "type": "Point", "coordinates": [ 37.1574215, 36.187351 ] } },
{ "type": "Feature", "properties": { "osmid": 2133728368 }, "geometry": { "type": "Point", "coordinates": [ 37.1588498, 36.1873848 ] } },
{ "type": "Feature", "properties": { "osmid": 2133728369 }, "geometry": { "type": "Point", "coordinates": [ 37.1582224, 36.1873879 ] } },
{ "type": "Feature", "properties": { "osmid": 2133728370 }, "geometry": { "type": "Point", "coordinates": [ 37.1581561, 36.1873899 ] } },
{ "type": "Feature", "properties": { "osmid": 2133728371 }, "geometry": { "type": "Point", "coordinates": [ 37.1569645, 36.1874483 ] } },
{ "type": "Feature", "properties": { "osmid": 2133728401 }, "geometry": { "type": "Point", "coordinates": [ 37.1559514, 36.1875621 ] } },
{ "type": "Feature", "properties": { "osmid": 2133728430 }, "geometry": { "type": "Point", "coordinates": [ 37.1585927, 36.1879799 ] } },
{ "type": "Feature", "properties": { "osmid": 2133728431 }, "geometry": { "type": "Point", "coordinates": [ 37.1581871, 36.1879623 ] } },
{ "type": "Feature", "properties": { "osmid": 2133728444 }, "geometry": { "type": "Point", "coordinates": [ 37.1593643, 36.1882215 ] } },
{ "type": "Feature", "properties": { "osmid": 2133728445 }, "geometry": { "type": "Point", "coordinates": [ 37.1588393, 36.1883442 ] } },
{ "type": "Feature", "properties": { "osmid": 2133728447 }, "geometry": { "type": "Point", "coordinates": [ 37.1576476, 36.1883529 ] } },
{ "type": "Feature", "properties": { "osmid": 2133728448 }, "geometry": { "type": "Point", "coordinates": [ 37.1585, 36.1884055 ] } },
{ "type": "Feature", "properties": { "osmid": 2133728451 }, "geometry": { "type": "Point", "coordinates": [ 37.1595896, 36.1886503 ] } },
{ "type": "Feature", "properties": { "osmid": 2133728462 }, "geometry": { "type": "Point", "coordinates": [ 37.1603824, 36.1888368 ] } },
{ "type": "Feature", "properties": { "osmid": 2133728463 }, "geometry": { "type": "Point", "coordinates": [ 37.1586089, 36.1888512 ] } },
{ "type": "Feature", "properties": { "osmid": 2133728500 }, "geometry": { "type": "Point", "coordinates": [ 37.1579757, 36.1896359 ] } },
{ "type": "Feature", "properties": { "osmid": 2133728507 }, "geometry": { "type": "Point", "coordinates": [ 37.157718, 36.189745 ] } },
{ "type": "Feature", "properties": { "osmid": 2133728514 }, "geometry": { "type": "Point", "coordinates": [ 37.1591045, 36.1899044 ] } },
{ "type": "Feature", "properties": { "osmid": 2133809908 }, "geometry": { "type": "Point", "coordinates": [ 37.1698009, 36.186828 ] } },
{ "type": "Feature", "properties": { "osmid": 2133809917 }, "geometry": { "type": "Point", "coordinates": [ 37.1718068, 36.1870079 ] } },
{ "type": "Feature", "properties": { "osmid": 2133809918 }, "geometry": { "type": "Point", "coordinates": [ 37.1732901, 36.187003 ] } },
{ "type": "Feature", "properties": { "osmid": 2133809919 }, "geometry": { "type": "Point", "coordinates": [ 37.1698963, 36.1870476 ] } },
{ "type": "Feature", "properties": { "osmid": 2133809925 }, "geometry": { "type": "Point", "coordinates": [ 37.1714536, 36.1872397 ] } },
{ "type": "Feature", "properties": { "osmid": 2133809928 }, "geometry": { "type": "Point", "coordinates": [ 37.1717867, 36.1872841 ] } },
{ "type": "Feature", "properties": { "osmid": 2133809930 }, "geometry": { "type": "Point", "coordinates": [ 37.1700288, 36.1873622 ] } },
{ "type": "Feature", "properties": { "osmid": 2133809932 }, "geometry": { "type": "Point", "coordinates": [ 37.1732524, 36.1874603 ] } },
{ "type": "Feature", "properties": { "osmid": 2133809934 }, "geometry": { "type": "Point", "coordinates": [ 37.1720214, 36.1880744 ] } },
{ "type": "Feature", "properties": { "osmid": 2133809952 }, "geometry": { "type": "Point", "coordinates": [ 37.1729813, 36.1884498 ] } },
{ "type": "Feature", "properties": { "osmid": 2133880201 }, "geometry": { "type": "Point", "coordinates": [ 37.1622447, 36.1869365 ] } },
{ "type": "Feature", "properties": { "osmid": 2133880202 }, "geometry": { "type": "Point", "coordinates": [ 37.1615436, 36.1869174 ] } },
{ "type": "Feature", "properties": { "osmid": 2133880203 }, "geometry": { "type": "Point", "coordinates": [ 37.1602196, 36.186945 ] } },
{ "type": "Feature", "properties": { "osmid": 2133880204 }, "geometry": { "type": "Point", "coordinates": [ 37.1615532, 36.1871784 ] } },
{ "type": "Feature", "properties": { "osmid": 2133880205 }, "geometry": { "type": "Point", "coordinates": [ 37.1602459, 36.1872245 ] } },
{ "type": "Feature", "properties": { "osmid": 2133880206 }, "geometry": { "type": "Point", "coordinates": [ 37.1615625, 36.1874369 ] } },
{ "type": "Feature", "properties": { "osmid": 2133880207 }, "geometry": { "type": "Point", "coordinates": [ 37.1615674, 36.1875196 ] } },
{ "type": "Feature", "properties": { "osmid": 2133880208 }, "geometry": { "type": "Point", "coordinates": [ 37.1621011, 36.1875289 ] } },
{ "type": "Feature", "properties": { "osmid": 2133880209 }, "geometry": { "type": "Point", "coordinates": [ 37.1608551, 36.1875303 ] } },
{ "type": "Feature", "properties": { "osmid": 2133880210 }, "geometry": { "type": "Point", "coordinates": [ 37.1602752, 36.18757 ] } },
{ "type": "Feature", "properties": { "osmid": 2133880211 }, "geometry": { "type": "Point", "coordinates": [ 37.1616017, 36.188102 ] } },
{ "type": "Feature", "properties": { "osmid": 2133880212 }, "geometry": { "type": "Point", "coordinates": [ 37.1608597, 36.18809 ] } },
{ "type": "Feature", "properties": { "osmid": 2133880213 }, "geometry": { "type": "Point", "coordinates": [ 37.1603364, 36.1883149 ] } },
{ "type": "Feature", "properties": { "osmid": 2133880216 }, "geometry": { "type": "Point", "coordinates": [ 37.1603431, 36.1883789 ] } },
{ "type": "Feature", "properties": { "osmid": 2134008067 }, "geometry": { "type": "Point", "coordinates": [ 37.1500604, 36.1868109 ] } },
{ "type": "Feature", "properties": { "osmid": 2134008069 }, "geometry": { "type": "Point", "coordinates": [ 37.1504757, 36.1868585 ] } },
{ "type": "Feature", "properties": { "osmid": 2134008071 }, "geometry": { "type": "Point", "coordinates": [ 37.150581, 36.1868693 ] } },
{ "type": "Feature", "properties": { "osmid": 2134008076 }, "geometry": { "type": "Point", "coordinates": [ 37.1509877, 36.186924 ] } },
{ "type": "Feature", "properties": { "osmid": 2134008077 }, "geometry": { "type": "Point", "coordinates": [ 37.1557627, 36.1869281 ] } },
{ "type": "Feature", "properties": { "osmid": 2134008081 }, "geometry": { "type": "Point", "coordinates": [ 37.1492495, 36.1869268 ] } },
{ "type": "Feature", "properties": { "osmid": 2134008082 }, "geometry": { "type": "Point", "coordinates": [ 37.1500704, 36.1869304 ] } },
{ "type": "Feature", "properties": { "osmid": 2134008084 }, "geometry": { "type": "Point", "coordinates": [ 37.1482691, 36.1868979 ] } },
{ "type": "Feature", "properties": { "osmid": 2134008103 }, "geometry": { "type": "Point", "coordinates": [ 37.1549224, 36.1871134 ] } },
{ "type": "Feature", "properties": { "osmid": 2134008107 }, "geometry": { "type": "Point", "coordinates": [ 37.153057, 36.1871011 ] } },
{ "type": "Feature", "properties": { "osmid": 2134008119 }, "geometry": { "type": "Point", "coordinates": [ 37.1500669, 36.1871774 ] } },
{ "type": "Feature", "properties": { "osmid": 2134008120 }, "geometry": { "type": "Point", "coordinates": [ 37.1522993, 36.1872011 ] } },
{ "type": "Feature", "properties": { "osmid": 2134008122 }, "geometry": { "type": "Point", "coordinates": [ 37.1492559, 36.1871783 ] } },
{ "type": "Feature", "properties": { "osmid": 2134008123 }, "geometry": { "type": "Point", "coordinates": [ 37.1483232, 36.1871618 ] } },
{ "type": "Feature", "properties": { "osmid": 2134008126 }, "geometry": { "type": "Point", "coordinates": [ 37.1518658, 36.187255 ] } },
{ "type": "Feature", "properties": { "osmid": 2134008134 }, "geometry": { "type": "Point", "coordinates": [ 37.151478, 36.1873089 ] } },
{ "type": "Feature", "properties": { "osmid": 2134008142 }, "geometry": { "type": "Point", "coordinates": [ 37.1548411, 36.1873803 ] } },
{ "type": "Feature", "properties": { "osmid": 2134008147 }, "geometry": { "type": "Point", "coordinates": [ 37.1505154, 36.1874064 ] } },
{ "type": "Feature", "properties": { "osmid": 2134008155 }, "geometry": { "type": "Point", "coordinates": [ 37.1523319, 36.1875116 ] } },
{ "type": "Feature", "properties": { "osmid": 2134008170 }, "geometry": { "type": "Point", "coordinates": [ 37.1518309, 36.1874753 ] } },
{ "type": "Feature", "properties": { "osmid": 2134008176 }, "geometry": { "type": "Point", "coordinates": [ 37.149246, 36.1875419 ] } },
{ "type": "Feature", "properties": { "osmid": 2134008187 }, "geometry": { "type": "Point", "coordinates": [ 37.1498843, 36.1877134 ] } },
{ "type": "Feature", "properties": { "osmid": 2134008205 }, "geometry": { "type": "Point", "coordinates": [ 37.1527709, 36.1878834 ] } },
{ "type": "Feature", "properties": { "osmid": 2134008209 }, "geometry": { "type": "Point", "coordinates": [ 37.1505971, 36.187904 ] } },
{ "type": "Feature", "properties": { "osmid": 2134008216 }, "geometry": { "type": "Point", "coordinates": [ 37.1505877, 36.1879418 ] } },
{ "type": "Feature", "properties": { "osmid": 2134008232 }, "geometry": { "type": "Point", "coordinates": [ 37.1516885, 36.1879954 ] } },
{ "type": "Feature", "properties": { "osmid": 2134008242 }, "geometry": { "type": "Point", "coordinates": [ 37.1484986, 36.1880584 ] } },
{ "type": "Feature", "properties": { "osmid": 2134008248 }, "geometry": { "type": "Point", "coordinates": [ 37.1469146, 36.1881601 ] } },
{ "type": "Feature", "properties": { "osmid": 2134008250 }, "geometry": { "type": "Point", "coordinates": [ 37.1476953, 36.1881608 ] } },
{ "type": "Feature", "properties": { "osmid": 2134008253 }, "geometry": { "type": "Point", "coordinates": [ 37.150519, 36.1882182 ] } },
{ "type": "Feature", "properties": { "osmid": 2134008256 }, "geometry": { "type": "Point", "coordinates": [ 37.1493781, 36.1882508 ] } },
{ "type": "Feature", "properties": { "osmid": 2134008260 }, "geometry": { "type": "Point", "coordinates": [ 37.1498677, 36.188308 ] } },
{ "type": "Feature", "properties": { "osmid": 2134008267 }, "geometry": { "type": "Point", "coordinates": [ 37.1504693, 36.188351 ] } },
{ "type": "Feature", "properties": { "osmid": 2134008268 }, "geometry": { "type": "Point", "coordinates": [ 37.1514934, 36.1884006 ] } },
{ "type": "Feature", "properties": { "osmid": 2134008270 }, "geometry": { "type": "Point", "coordinates": [ 37.1530941, 36.1883706 ] } },
{ "type": "Feature", "properties": { "osmid": 2134008271 }, "geometry": { "type": "Point", "coordinates": [ 37.1528704, 36.1883709 ] } },
{ "type": "Feature", "properties": { "osmid": 2134008273 }, "geometry": { "type": "Point", "coordinates": [ 37.1515553, 36.1883807 ] } },
{ "type": "Feature", "properties": { "osmid": 2134008278 }, "geometry": { "type": "Point", "coordinates": [ 37.1485705, 36.1883917 ] } },
{ "type": "Feature", "properties": { "osmid": 2134008279 }, "geometry": { "type": "Point", "coordinates": [ 37.14659, 36.188387 ] } },
{ "type": "Feature", "properties": { "osmid": 2134008282 }, "geometry": { "type": "Point", "coordinates": [ 37.1538431, 36.1884158 ] } },
{ "type": "Feature", "properties": { "osmid": 2134008288 }, "geometry": { "type": "Point", "coordinates": [ 37.1524284, 36.1884304 ] } },
{ "type": "Feature", "properties": { "osmid": 2134008294 }, "geometry": { "type": "Point", "coordinates": [ 37.1477617, 36.1884846 ] } },
{ "type": "Feature", "properties": { "osmid": 2134008296 }, "geometry": { "type": "Point", "coordinates": [ 37.1552722, 36.1885559 ] } },
{ "type": "Feature", "properties": { "osmid": 2134008304 }, "geometry": { "type": "Point", "coordinates": [ 37.1493063, 36.1886381 ] } },
{ "type": "Feature", "properties": { "osmid": 2134008305 }, "geometry": { "type": "Point", "coordinates": [ 37.1522242, 36.188662 ] } },
{ "type": "Feature", "properties": { "osmid": 2134008306 }, "geometry": { "type": "Point", "coordinates": [ 37.1529429, 36.1886857 ] } },
{ "type": "Feature", "properties": { "osmid": 2134008308 }, "geometry": { "type": "Point", "coordinates": [ 37.1486324, 36.188662 ] } },
{ "type": "Feature", "properties": { "osmid": 2134008312 }, "geometry": { "type": "Point", "coordinates": [ 37.1509934, 36.1887558 ] } },
{ "type": "Feature", "properties": { "osmid": 2134008313 }, "geometry": { "type": "Point", "coordinates": [ 37.1486396, 36.1887356 ] } },
{ "type": "Feature", "properties": { "osmid": 2134008314 }, "geometry": { "type": "Point", "coordinates": [ 37.1523985, 36.1887826 ] } },
{ "type": "Feature", "properties": { "osmid": 2134008318 }, "geometry": { "type": "Point", "coordinates": [ 37.1540101, 36.1888218 ] } },
{ "type": "Feature", "properties": { "osmid": 2134008321 }, "geometry": { "type": "Point", "coordinates": [ 37.1478404, 36.1888481 ] } },
{ "type": "Feature", "properties": { "osmid": 2134008325 }, "geometry": { "type": "Point", "coordinates": [ 37.1536375, 36.188885 ] } },
{ "type": "Feature", "properties": { "osmid": 2134008328 }, "geometry": { "type": "Point", "coordinates": [ 37.1474116, 36.1889129 ] } },
{ "type": "Feature", "properties": { "osmid": 2134008332 }, "geometry": { "type": "Point", "coordinates": [ 37.1486818, 36.188931 ] } },
{ "type": "Feature", "properties": { "osmid": 2134008333 }, "geometry": { "type": "Point", "coordinates": [ 37.1492663, 36.1889197 ] } },
{ "type": "Feature", "properties": { "osmid": 2134008334 }, "geometry": { "type": "Point", "coordinates": [ 37.1493727, 36.1889156 ] } },
{ "type": "Feature", "properties": { "osmid": 2134008339 }, "geometry": { "type": "Point", "coordinates": [ 37.1551564, 36.1890051 ] } },
{ "type": "Feature", "properties": { "osmid": 2134008341 }, "geometry": { "type": "Point", "coordinates": [ 37.1527945, 36.1890175 ] } },
{ "type": "Feature", "properties": { "osmid": 2134008342 }, "geometry": { "type": "Point", "coordinates": [ 37.1487063, 36.1890441 ] } },
{ "type": "Feature", "properties": { "osmid": 2134008343 }, "geometry": { "type": "Point", "coordinates": [ 37.1533919, 36.1890446 ] } },
{ "type": "Feature", "properties": { "osmid": 2134008345 }, "geometry": { "type": "Point", "coordinates": [ 37.1535529, 36.1890778 ] } },
{ "type": "Feature", "properties": { "osmid": 2134008349 }, "geometry": { "type": "Point", "coordinates": [ 37.1538637, 36.1891483 ] } },
{ "type": "Feature", "properties": { "osmid": 2134008351 }, "geometry": { "type": "Point", "coordinates": [ 37.1479051, 36.1891654 ] } },
{ "type": "Feature", "properties": { "osmid": 2134008361 }, "geometry": { "type": "Point", "coordinates": [ 37.1542708, 36.1893105 ] } },
{ "type": "Feature", "properties": { "osmid": 2134008365 }, "geometry": { "type": "Point", "coordinates": [ 37.1507568, 36.1893709 ] } },
{ "type": "Feature", "properties": { "osmid": 2134008374 }, "geometry": { "type": "Point", "coordinates": [ 37.1475231, 36.1893842 ] } },
{ "type": "Feature", "properties": { "osmid": 2134008378 }, "geometry": { "type": "Point", "coordinates": [ 37.1506654, 36.1894509 ] } },
{ "type": "Feature", "properties": { "osmid": 2134008382 }, "geometry": { "type": "Point", "coordinates": [ 37.153398, 36.1894757 ] } },
{ "type": "Feature", "properties": { "osmid": 2134008383 }, "geometry": { "type": "Point", "coordinates": [ 37.1546651, 36.189482 ] } },
{ "type": "Feature", "properties": { "osmid": 2134008391 }, "geometry": { "type": "Point", "coordinates": [ 37.1549266, 36.1895539 ] } },
{ "type": "Feature", "properties": { "osmid": 2134008401 }, "geometry": { "type": "Point", "coordinates": [ 37.1518995, 36.1895853 ] } },
{ "type": "Feature", "properties": { "osmid": 2134008402 }, "geometry": { "type": "Point", "coordinates": [ 37.1497497, 36.1895889 ] } },
{ "type": "Feature", "properties": { "osmid": 2134008409 }, "geometry": { "type": "Point", "coordinates": [ 37.1538142, 36.1896716 ] } },
{ "type": "Feature", "properties": { "osmid": 2134008414 }, "geometry": { "type": "Point", "coordinates": [ 37.1493935, 36.1897129 ] } },
{ "type": "Feature", "properties": { "osmid": 2134008418 }, "geometry": { "type": "Point", "coordinates": [ 37.1507291, 36.189765 ] } },
{ "type": "Feature", "properties": { "osmid": 2134008420 }, "geometry": { "type": "Point", "coordinates": [ 37.1504317, 36.1897873 ] } },
{ "type": "Feature", "properties": { "osmid": 2134008425 }, "geometry": { "type": "Point", "coordinates": [ 37.1531843, 36.1898027 ] } },
{ "type": "Feature", "properties": { "osmid": 2134008426 }, "geometry": { "type": "Point", "coordinates": [ 37.1488709, 36.1898013 ] } },
{ "type": "Feature", "properties": { "osmid": 2134008428 }, "geometry": { "type": "Point", "coordinates": [ 37.1508114, 36.1898225 ] } },
{ "type": "Feature", "properties": { "osmid": 2134008433 }, "geometry": { "type": "Point", "coordinates": [ 37.1461318, 36.1898475 ] } },
{ "type": "Feature", "properties": { "osmid": 2134008438 }, "geometry": { "type": "Point", "coordinates": [ 37.1543172, 36.1898763 ] } },
{ "type": "Feature", "properties": { "osmid": 2134008440 }, "geometry": { "type": "Point", "coordinates": [ 37.1494314, 36.1898853 ] } },
{ "type": "Feature", "properties": { "osmid": 2134008442 }, "geometry": { "type": "Point", "coordinates": [ 37.1541236, 36.1898889 ] } },
{ "type": "Feature", "properties": { "osmid": 2134008445 }, "geometry": { "type": "Point", "coordinates": [ 37.1480521, 36.1898872 ] } },
{ "type": "Feature", "properties": { "osmid": 2134008446 }, "geometry": { "type": "Point", "coordinates": [ 37.152087, 36.1899032 ] } },
{ "type": "Feature", "properties": { "osmid": 2134008448 }, "geometry": { "type": "Point", "coordinates": [ 37.1474259, 36.1899217 ] } },
{ "type": "Feature", "properties": { "osmid": 2134008450 }, "geometry": { "type": "Point", "coordinates": [ 37.1469202, 36.1898999 ] } },
{ "type": "Feature", "properties": { "osmid": 2134008451 }, "geometry": { "type": "Point", "coordinates": [ 37.1545398, 36.1899266 ] } },
{ "type": "Feature", "properties": { "osmid": 2134008454 }, "geometry": { "type": "Point", "coordinates": [ 37.1521019, 36.1899196 ] } },
{ "type": "Feature", "properties": { "osmid": 2134008456 }, "geometry": { "type": "Point", "coordinates": [ 37.149657, 36.189968 ] } },
{ "type": "Feature", "properties": { "osmid": 2134008457 }, "geometry": { "type": "Point", "coordinates": [ 37.1476247, 36.1899341 ] } },
{ "type": "Feature", "properties": { "osmid": 2134008460 }, "geometry": { "type": "Point", "coordinates": [ 37.1474669, 36.1899481 ] } },
{ "type": "Feature", "properties": { "osmid": 2134008464 }, "geometry": { "type": "Point", "coordinates": [ 37.1498368, 36.190026 ] } },
{ "type": "Feature", "properties": { "osmid": 2134008469 }, "geometry": { "type": "Point", "coordinates": [ 37.154939, 36.1900884 ] } },
{ "type": "Feature", "properties": { "osmid": 2134008471 }, "geometry": { "type": "Point", "coordinates": [ 37.1489295, 36.1900844 ] } },
{ "type": "Feature", "properties": { "osmid": 2134008472 }, "geometry": { "type": "Point", "coordinates": [ 37.1502427, 36.1901102 ] } },
{ "type": "Feature", "properties": { "osmid": 2134008473 }, "geometry": { "type": "Point", "coordinates": [ 37.1503251, 36.1901157 ] } },
{ "type": "Feature", "properties": { "osmid": 2134008476 }, "geometry": { "type": "Point", "coordinates": [ 37.1504902, 36.1901285 ] } },
{ "type": "Feature", "properties": { "osmid": 2134008478 }, "geometry": { "type": "Point", "coordinates": [ 37.1461062, 36.1901308 ] } },
{ "type": "Feature", "properties": { "osmid": 2134008485 }, "geometry": { "type": "Point", "coordinates": [ 37.1508149, 36.190166 ] } },
{ "type": "Feature", "properties": { "osmid": 2134008488 }, "geometry": { "type": "Point", "coordinates": [ 37.1509361, 36.1901799 ] } },
{ "type": "Feature", "properties": { "osmid": 2134008490 }, "geometry": { "type": "Point", "coordinates": [ 37.1477088, 36.1902133 ] } },
{ "type": "Feature", "properties": { "osmid": 2134008492 }, "geometry": { "type": "Point", "coordinates": [ 37.1481123, 36.1901632 ] } },
{ "type": "Feature", "properties": { "osmid": 2134008499 }, "geometry": { "type": "Point", "coordinates": [ 37.1468935, 36.1901732 ] } },
{ "type": "Feature", "properties": { "osmid": 2134008528 }, "geometry": { "type": "Point", "coordinates": [ 37.155014, 36.1903542 ] } },
{ "type": "Feature", "properties": { "osmid": 2134008532 }, "geometry": { "type": "Point", "coordinates": [ 37.1489859, 36.1903533 ] } },
{ "type": "Feature", "properties": { "osmid": 2134008536 }, "geometry": { "type": "Point", "coordinates": [ 37.1524373, 36.1904026 ] } },
{ "type": "Feature", "properties": { "osmid": 2134008537 }, "geometry": { "type": "Point", "coordinates": [ 37.1527357, 36.1904081 ] } },
{ "type": "Feature", "properties": { "osmid": 2134008539 }, "geometry": { "type": "Point", "coordinates": [ 37.1539259, 36.1903401 ] } },
{ "type": "Feature", "properties": { "osmid": 2134008541 }, "geometry": { "type": "Point", "coordinates": [ 37.1460779, 36.1904111 ] } },
{ "type": "Feature", "properties": { "osmid": 2134008543 }, "geometry": { "type": "Point", "coordinates": [ 37.1528437, 36.1904386 ] } },
{ "type": "Feature", "properties": { "osmid": 2134008545 }, "geometry": { "type": "Point", "coordinates": [ 37.1481679, 36.1904554 ] } },
{ "type": "Feature", "properties": { "osmid": 2134008551 }, "geometry": { "type": "Point", "coordinates": [ 37.1468831, 36.1904644 ] } },
{ "type": "Feature", "properties": { "osmid": 2134008552 }, "geometry": { "type": "Point", "coordinates": [ 37.1504397, 36.19048 ] } },
{ "type": "Feature", "properties": { "osmid": 2134008554 }, "geometry": { "type": "Point", "coordinates": [ 37.1480255, 36.1905338 ] } },
{ "type": "Feature", "properties": { "osmid": 2134008561 }, "geometry": { "type": "Point", "coordinates": [ 37.1508052, 36.1905921 ] } },
{ "type": "Feature", "properties": { "osmid": 2134008565 }, "geometry": { "type": "Point", "coordinates": [ 37.1517211, 36.1906264 ] } },
{ "type": "Feature", "properties": { "osmid": 2134008566 }, "geometry": { "type": "Point", "coordinates": [ 37.1490484, 36.1905875 ] } },
{ "type": "Feature", "properties": { "osmid": 2134008569 }, "geometry": { "type": "Point", "coordinates": [ 37.153466, 36.1906332 ] } },
{ "type": "Feature", "properties": { "osmid": 2134008579 }, "geometry": { "type": "Point", "coordinates": [ 37.1460451, 36.1907133 ] } },
{ "type": "Feature", "properties": { "osmid": 2134008580 }, "geometry": { "type": "Point", "coordinates": [ 37.153606, 36.1907144 ] } },
{ "type": "Feature", "properties": { "osmid": 2134008581 }, "geometry": { "type": "Point", "coordinates": [ 37.1482084, 36.1907005 ] } },
{ "type": "Feature", "properties": { "osmid": 2134008582 }, "geometry": { "type": "Point", "coordinates": [ 37.1507738, 36.190776 ] } },
{ "type": "Feature", "properties": { "osmid": 2134008583 }, "geometry": { "type": "Point", "coordinates": [ 37.1468515, 36.1907588 ] } },
{ "type": "Feature", "properties": { "osmid": 2134008591 }, "geometry": { "type": "Point", "coordinates": [ 37.1494915, 36.1908842 ] } },
{ "type": "Feature", "properties": { "osmid": 2134008592 }, "geometry": { "type": "Point", "coordinates": [ 37.1482111, 36.1908739 ] } },
{ "type": "Feature", "properties": { "osmid": 2134008598 }, "geometry": { "type": "Point", "coordinates": [ 37.1549268, 36.1909465 ] } },
{ "type": "Feature", "properties": { "osmid": 2134008599 }, "geometry": { "type": "Point", "coordinates": [ 37.1497497, 36.1909542 ] } },
{ "type": "Feature", "properties": { "osmid": 2134008602 }, "geometry": { "type": "Point", "coordinates": [ 37.1515415, 36.1909662 ] } },
{ "type": "Feature", "properties": { "osmid": 2134008606 }, "geometry": { "type": "Point", "coordinates": [ 37.1494929, 36.1910448 ] } },
{ "type": "Feature", "properties": { "osmid": 2134008608 }, "geometry": { "type": "Point", "coordinates": [ 37.150753, 36.1910785 ] } },
{ "type": "Feature", "properties": { "osmid": 2134008617 }, "geometry": { "type": "Point", "coordinates": [ 37.1491669, 36.1911577 ] } },
{ "type": "Feature", "properties": { "osmid": 2134158539 }, "geometry": { "type": "Point", "coordinates": [ 37.1642381, 36.1939489 ] } },
{ "type": "Feature", "properties": { "osmid": 2134158551 }, "geometry": { "type": "Point", "coordinates": [ 37.1658204, 36.1988271 ] } },
{ "type": "Feature", "properties": { "osmid": 2134158553 }, "geometry": { "type": "Point", "coordinates": [ 37.1604493, 36.1917607 ] } },
{ "type": "Feature", "properties": { "osmid": 2134158555 }, "geometry": { "type": "Point", "coordinates": [ 37.1654906, 36.1926716 ] } },
{ "type": "Feature", "properties": { "osmid": 2134158557 }, "geometry": { "type": "Point", "coordinates": [ 37.1639891, 36.1946624 ] } },
{ "type": "Feature", "properties": { "osmid": 2134158561 }, "geometry": { "type": "Point", "coordinates": [ 37.1634803, 36.1928138 ] } },
{ "type": "Feature", "properties": { "osmid": 2134158563 }, "geometry": { "type": "Point", "coordinates": [ 37.1680486, 36.1923538 ] } },
{ "type": "Feature", "properties": { "osmid": 2134158568 }, "geometry": { "type": "Point", "coordinates": [ 37.1640356, 36.1935443 ] } },
{ "type": "Feature", "properties": { "osmid": 2134158569 }, "geometry": { "type": "Point", "coordinates": [ 37.1654239, 36.1924897 ] } },
{ "type": "Feature", "properties": { "osmid": 2134158571 }, "geometry": { "type": "Point", "coordinates": [ 37.1639499, 36.1934078 ] } },
{ "type": "Feature", "properties": { "osmid": 2134158573 }, "geometry": { "type": "Point", "coordinates": [ 37.1627822, 36.1928406 ] } },
{ "type": "Feature", "properties": { "osmid": 2134158574 }, "geometry": { "type": "Point", "coordinates": [ 37.1656696, 36.1935469 ] } },
{ "type": "Feature", "properties": { "osmid": 2134158575 }, "geometry": { "type": "Point", "coordinates": [ 37.1610524, 36.1932103 ] } },
{ "type": "Feature", "properties": { "osmid": 2134158578 }, "geometry": { "type": "Point", "coordinates": [ 37.1661953, 36.1963479 ] } },
{ "type": "Feature", "properties": { "osmid": 2134158584 }, "geometry": { "type": "Point", "coordinates": [ 37.1633948, 36.194105 ] } },
{ "type": "Feature", "properties": { "osmid": 2134158596 }, "geometry": { "type": "Point", "coordinates": [ 37.1651412, 36.1980516 ] } },
{ "type": "Feature", "properties": { "osmid": 2134158598 }, "geometry": { "type": "Point", "coordinates": [ 37.1635562, 36.192926 ] } },
{ "type": "Feature", "properties": { "osmid": 2134158605 }, "geometry": { "type": "Point", "coordinates": [ 37.1617155, 36.1932067 ] } },
{ "type": "Feature", "properties": { "osmid": 2134158617 }, "geometry": { "type": "Point", "coordinates": [ 37.167022, 36.1909988 ] } },
{ "type": "Feature", "properties": { "osmid": 2134158624 }, "geometry": { "type": "Point", "coordinates": [ 37.1647999, 36.1960293 ] } },
{ "type": "Feature", "properties": { "osmid": 2134158629 }, "geometry": { "type": "Point", "coordinates": [ 37.1604071, 36.1937894 ] } },
{ "type": "Feature", "properties": { "osmid": 2134158632 }, "geometry": { "type": "Point", "coordinates": [ 37.1664335, 36.1922715 ] } },
{ "type": "Feature", "properties": { "osmid": 2134158636 }, "geometry": { "type": "Point", "coordinates": [ 37.1644057, 36.1926655 ] } },
{ "type": "Feature", "properties": { "osmid": 2134158637 }, "geometry": { "type": "Point", "coordinates": [ 37.1662726, 36.1925746 ] } },
{ "type": "Feature", "properties": { "osmid": 2134158638 }, "geometry": { "type": "Point", "coordinates": [ 37.1595978, 36.1935997 ] } },
{ "type": "Feature", "properties": { "osmid": 2134158640 }, "geometry": { "type": "Point", "coordinates": [ 37.1658094, 36.1941796 ] } },
{ "type": "Feature", "properties": { "osmid": 2134158643 }, "geometry": { "type": "Point", "coordinates": [ 37.1623894, 36.1928606 ] } },
{ "type": "Feature", "properties": { "osmid": 2134158652 }, "geometry": { "type": "Point", "coordinates": [ 37.1669302, 36.191759 ] } },
{ "type": "Feature", "properties": { "osmid": 2134158655 }, "geometry": { "type": "Point", "coordinates": [ 37.1663081, 36.1968419 ] } },
{ "type": "Feature", "properties": { "osmid": 2134158657 }, "geometry": { "type": "Point", "coordinates": [ 37.1634953, 36.19241 ] } },
{ "type": "Feature", "properties": { "osmid": 2134158659 }, "geometry": { "type": "Point", "coordinates": [ 37.1653417, 36.1956108 ] } },
{ "type": "Feature", "properties": { "osmid": 2134158668 }, "geometry": { "type": "Point", "coordinates": [ 37.1668766, 36.1938803 ] } },
{ "type": "Feature", "properties": { "osmid": 2134158680 }, "geometry": { "type": "Point", "coordinates": [ 37.161953, 36.1922249 ] } },
{ "type": "Feature", "properties": { "osmid": 2134158682 }, "geometry": { "type": "Point", "coordinates": [ 37.1641322, 36.1936526 ] } },
{ "type": "Feature", "properties": { "osmid": 2134158689 }, "geometry": { "type": "Point", "coordinates": [ 37.1652495, 36.1968115 ] } },
{ "type": "Feature", "properties": { "osmid": 2134170325 }, "geometry": { "type": "Point", "coordinates": [ 37.1681913, 36.1956138 ] } },
{ "type": "Feature", "properties": { "osmid": 2134170397 }, "geometry": { "type": "Point", "coordinates": [ 37.1680742, 36.1967573 ] } },
{ "type": "Feature", "properties": { "osmid": 2134178117 }, "geometry": { "type": "Point", "coordinates": [ 37.1724424, 36.2026921 ] } },
{ "type": "Feature", "properties": { "osmid": 2134510476 }, "geometry": { "type": "Point", "coordinates": [ 37.1521661, 36.1908675 ] } },
{ "type": "Feature", "properties": { "osmid": 2134510478 }, "geometry": { "type": "Point", "coordinates": [ 37.1503747, 36.1911189 ] } },
{ "type": "Feature", "properties": { "osmid": 2134510494 }, "geometry": { "type": "Point", "coordinates": [ 37.1508829, 36.1913774 ] } },
{ "type": "Feature", "properties": { "osmid": 2134510497 }, "geometry": { "type": "Point", "coordinates": [ 37.1504821, 36.1914284 ] } },
{ "type": "Feature", "properties": { "osmid": 2134510501 }, "geometry": { "type": "Point", "coordinates": [ 37.1505052, 36.191481 ] } },
{ "type": "Feature", "properties": { "osmid": 2134510503 }, "geometry": { "type": "Point", "coordinates": [ 37.1509853, 36.1916183 ] } },
{ "type": "Feature", "properties": { "osmid": 2134510504 }, "geometry": { "type": "Point", "coordinates": [ 37.1513644, 36.1916235 ] } },
{ "type": "Feature", "properties": { "osmid": 2134510505 }, "geometry": { "type": "Point", "coordinates": [ 37.1514268, 36.1916363 ] } },
{ "type": "Feature", "properties": { "osmid": 2134510509 }, "geometry": { "type": "Point", "coordinates": [ 37.1498656, 36.1916763 ] } },
{ "type": "Feature", "properties": { "osmid": 2134510510 }, "geometry": { "type": "Point", "coordinates": [ 37.1518783, 36.191678 ] } },
{ "type": "Feature", "properties": { "osmid": 2134510511 }, "geometry": { "type": "Point", "coordinates": [ 37.1523351, 36.1917112 ] } },
{ "type": "Feature", "properties": { "osmid": 2134510514 }, "geometry": { "type": "Point", "coordinates": [ 37.1506172, 36.191736 ] } },
{ "type": "Feature", "properties": { "osmid": 2134510517 }, "geometry": { "type": "Point", "coordinates": [ 37.1467385, 36.1917837 ] } },
{ "type": "Feature", "properties": { "osmid": 2134510533 }, "geometry": { "type": "Point", "coordinates": [ 37.1522451, 36.1919645 ] } },
{ "type": "Feature", "properties": { "osmid": 2134510538 }, "geometry": { "type": "Point", "coordinates": [ 37.1478532, 36.1919787 ] } },
{ "type": "Feature", "properties": { "osmid": 2134510543 }, "geometry": { "type": "Point", "coordinates": [ 37.1484769, 36.1920505 ] } },
{ "type": "Feature", "properties": { "osmid": 2134510547 }, "geometry": { "type": "Point", "coordinates": [ 37.1496554, 36.1920977 ] } },
{ "type": "Feature", "properties": { "osmid": 2134510550 }, "geometry": { "type": "Point", "coordinates": [ 37.1492775, 36.19211 ] } },
{ "type": "Feature", "properties": { "osmid": 2134510552 }, "geometry": { "type": "Point", "coordinates": [ 37.1467296, 36.1921289 ] } },
{ "type": "Feature", "properties": { "osmid": 2134510553 }, "geometry": { "type": "Point", "coordinates": [ 37.1477977, 36.1921611 ] } },
{ "type": "Feature", "properties": { "osmid": 2134510558 }, "geometry": { "type": "Point", "coordinates": [ 37.1521318, 36.1922832 ] } },
{ "type": "Feature", "properties": { "osmid": 2134510562 }, "geometry": { "type": "Point", "coordinates": [ 37.1477314, 36.1924686 ] } },
{ "type": "Feature", "properties": { "osmid": 2134510565 }, "geometry": { "type": "Point", "coordinates": [ 37.151299, 36.1925008 ] } },
{ "type": "Feature", "properties": { "osmid": 2134510567 }, "geometry": { "type": "Point", "coordinates": [ 37.1466986, 36.1925109 ] } },
{ "type": "Feature", "properties": { "osmid": 2134510568 }, "geometry": { "type": "Point", "coordinates": [ 37.1484307, 36.1925224 ] } },
{ "type": "Feature", "properties": { "osmid": 2134510577 }, "geometry": { "type": "Point", "coordinates": [ 37.1492105, 36.1925823 ] } },
{ "type": "Feature", "properties": { "osmid": 2134510578 }, "geometry": { "type": "Point", "coordinates": [ 37.1519804, 36.1925926 ] } },
{ "type": "Feature", "properties": { "osmid": 2134510595 }, "geometry": { "type": "Point", "coordinates": [ 37.1512533, 36.1927136 ] } },
{ "type": "Feature", "properties": { "osmid": 2134510607 }, "geometry": { "type": "Point", "coordinates": [ 37.1518652, 36.1928117 ] } },
{ "type": "Feature", "properties": { "osmid": 2134510612 }, "geometry": { "type": "Point", "coordinates": [ 37.1491292, 36.1928621 ] } },
{ "type": "Feature", "properties": { "osmid": 2134510615 }, "geometry": { "type": "Point", "coordinates": [ 37.1466733, 36.1929112 ] } },
{ "type": "Feature", "properties": { "osmid": 2134510621 }, "geometry": { "type": "Point", "coordinates": [ 37.1475405, 36.1929733 ] } },
{ "type": "Feature", "properties": { "osmid": 2134510625 }, "geometry": { "type": "Point", "coordinates": [ 37.1499621, 36.1930074 ] } },
{ "type": "Feature", "properties": { "osmid": 2134510630 }, "geometry": { "type": "Point", "coordinates": [ 37.1500145, 36.1931142 ] } },
{ "type": "Feature", "properties": { "osmid": 2134510633 }, "geometry": { "type": "Point", "coordinates": [ 37.1507675, 36.1932076 ] } },
{ "type": "Feature", "properties": { "osmid": 2134510635 }, "geometry": { "type": "Point", "coordinates": [ 37.1480229, 36.1932406 ] } },
{ "type": "Feature", "properties": { "osmid": 2134510636 }, "geometry": { "type": "Point", "coordinates": [ 37.1477321, 36.1932859 ] } },
{ "type": "Feature", "properties": { "osmid": 2134510637 }, "geometry": { "type": "Point", "coordinates": [ 37.146649, 36.1932949 ] } },
{ "type": "Feature", "properties": { "osmid": 2134510641 }, "geometry": { "type": "Point", "coordinates": [ 37.1489808, 36.1934228 ] } },
{ "type": "Feature", "properties": { "osmid": 2134510642 }, "geometry": { "type": "Point", "coordinates": [ 37.1510376, 36.1934344 ] } },
{ "type": "Feature", "properties": { "osmid": 2134510649 }, "geometry": { "type": "Point", "coordinates": [ 37.1473167, 36.1935837 ] } },
{ "type": "Feature", "properties": { "osmid": 2134510652 }, "geometry": { "type": "Point", "coordinates": [ 37.1477117, 36.1936631 ] } },
{ "type": "Feature", "properties": { "osmid": 2134510655 }, "geometry": { "type": "Point", "coordinates": [ 37.1514252, 36.1936769 ] } },
{ "type": "Feature", "properties": { "osmid": 2134510656 }, "geometry": { "type": "Point", "coordinates": [ 37.1482202, 36.193703 ] } },
{ "type": "Feature", "properties": { "osmid": 2134510658 }, "geometry": { "type": "Point", "coordinates": [ 37.145982, 36.1936826 ] } },
{ "type": "Feature", "properties": { "osmid": 2134510664 }, "geometry": { "type": "Point", "coordinates": [ 37.1514042, 36.193788 ] } },
{ "type": "Feature", "properties": { "osmid": 2134510667 }, "geometry": { "type": "Point", "coordinates": [ 37.1472425, 36.1938433 ] } },
{ "type": "Feature", "properties": { "osmid": 2134510669 }, "geometry": { "type": "Point", "coordinates": [ 37.1476974, 36.1939281 ] } },
{ "type": "Feature", "properties": { "osmid": 2134510674 }, "geometry": { "type": "Point", "coordinates": [ 37.1491565, 36.1941594 ] } },
{ "type": "Feature", "properties": { "osmid": 2134510678 }, "geometry": { "type": "Point", "coordinates": [ 37.1552987, 36.1943024 ] } },
{ "type": "Feature", "properties": { "osmid": 2134510684 }, "geometry": { "type": "Point", "coordinates": [ 37.1476746, 36.1943499 ] } },
{ "type": "Feature", "properties": { "osmid": 2134510695 }, "geometry": { "type": "Point", "coordinates": [ 37.1536855, 36.1944235 ] } },
{ "type": "Feature", "properties": { "osmid": 2134510697 }, "geometry": { "type": "Point", "coordinates": [ 37.1481506, 36.1944052 ] } },
{ "type": "Feature", "properties": { "osmid": 2134510698 }, "geometry": { "type": "Point", "coordinates": [ 37.1484553, 36.1944078 ] } },
{ "type": "Feature", "properties": { "osmid": 2134510700 }, "geometry": { "type": "Point", "coordinates": [ 37.1536884, 36.1944877 ] } },
{ "type": "Feature", "properties": { "osmid": 2134510702 }, "geometry": { "type": "Point", "coordinates": [ 37.1488105, 36.1944372 ] } },
{ "type": "Feature", "properties": { "osmid": 2134510715 }, "geometry": { "type": "Point", "coordinates": [ 37.1523039, 36.1945183 ] } },
{ "type": "Feature", "properties": { "osmid": 2134510716 }, "geometry": { "type": "Point", "coordinates": [ 37.1491432, 36.1944907 ] } },
{ "type": "Feature", "properties": { "osmid": 2134510727 }, "geometry": { "type": "Point", "coordinates": [ 37.1502517, 36.194552 ] } },
{ "type": "Feature", "properties": { "osmid": 2134510731 }, "geometry": { "type": "Point", "coordinates": [ 37.1507023, 36.1946015 ] } },
{ "type": "Feature", "properties": { "osmid": 2134510733 }, "geometry": { "type": "Point", "coordinates": [ 37.1523151, 36.1945992 ] } },
{ "type": "Feature", "properties": { "osmid": 2134510735 }, "geometry": { "type": "Point", "coordinates": [ 37.1500896, 36.1945934 ] } },
{ "type": "Feature", "properties": { "osmid": 2134510740 }, "geometry": { "type": "Point", "coordinates": [ 37.1497637, 36.1946194 ] } },
{ "type": "Feature", "properties": { "osmid": 2134510757 }, "geometry": { "type": "Point", "coordinates": [ 37.1481852, 36.1949188 ] } },
{ "type": "Feature", "properties": { "osmid": 2134510762 }, "geometry": { "type": "Point", "coordinates": [ 37.1516712, 36.1949859 ] } },
{ "type": "Feature", "properties": { "osmid": 2134510784 }, "geometry": { "type": "Point", "coordinates": [ 37.1508296, 36.1952501 ] } },
{ "type": "Feature", "properties": { "osmid": 2134510791 }, "geometry": { "type": "Point", "coordinates": [ 37.1501801, 36.1953087 ] } },
{ "type": "Feature", "properties": { "osmid": 2134510792 }, "geometry": { "type": "Point", "coordinates": [ 37.1460602, 36.1953441 ] } },
{ "type": "Feature", "properties": { "osmid": 2134510795 }, "geometry": { "type": "Point", "coordinates": [ 37.1498384, 36.1953384 ] } },
{ "type": "Feature", "properties": { "osmid": 2134510821 }, "geometry": { "type": "Point", "coordinates": [ 37.1493334, 36.195548 ] } },
{ "type": "Feature", "properties": { "osmid": 2134510824 }, "geometry": { "type": "Point", "coordinates": [ 37.1538199, 36.1956536 ] } },
{ "type": "Feature", "properties": { "osmid": 2134510837 }, "geometry": { "type": "Point", "coordinates": [ 37.146279, 36.1957203 ] } },
{ "type": "Feature", "properties": { "osmid": 2134510842 }, "geometry": { "type": "Point", "coordinates": [ 37.1514717, 36.1957354 ] } },
{ "type": "Feature", "properties": { "osmid": 2134510851 }, "geometry": { "type": "Point", "coordinates": [ 37.1538212, 36.1958656 ] } },
{ "type": "Feature", "properties": { "osmid": 2134510855 }, "geometry": { "type": "Point", "coordinates": [ 37.1519429, 36.1958886 ] } },
{ "type": "Feature", "properties": { "osmid": 2134510917 }, "geometry": { "type": "Point", "coordinates": [ 37.1536159, 36.1964688 ] } },
{ "type": "Feature", "properties": { "osmid": 2134510925 }, "geometry": { "type": "Point", "coordinates": [ 37.1465884, 36.1965279 ] } },
{ "type": "Feature", "properties": { "osmid": 2134510930 }, "geometry": { "type": "Point", "coordinates": [ 37.1487968, 36.1966059 ] } },
{ "type": "Feature", "properties": { "osmid": 2134510939 }, "geometry": { "type": "Point", "coordinates": [ 37.1466702, 36.1969014 ] } },
{ "type": "Feature", "properties": { "osmid": 2134510943 }, "geometry": { "type": "Point", "coordinates": [ 37.1492825, 36.1969748 ] } },
{ "type": "Feature", "properties": { "osmid": 2134510945 }, "geometry": { "type": "Point", "coordinates": [ 37.1488639, 36.1969978 ] } },
{ "type": "Feature", "properties": { "osmid": 2134510947 }, "geometry": { "type": "Point", "coordinates": [ 37.1483604, 36.1970389 ] } },
{ "type": "Feature", "properties": { "osmid": 2134510965 }, "geometry": { "type": "Point", "coordinates": [ 37.1466298, 36.1973702 ] } },
{ "type": "Feature", "properties": { "osmid": 2134510973 }, "geometry": { "type": "Point", "coordinates": [ 37.152027, 36.1975178 ] } },
{ "type": "Feature", "properties": { "osmid": 2134518354 }, "geometry": { "type": "Point", "coordinates": [ 37.1536084, 36.1965553 ] } },
{ "type": "Feature", "properties": { "osmid": 2134518360 }, "geometry": { "type": "Point", "coordinates": [ 37.1544703, 36.1968481 ] } },
{ "type": "Feature", "properties": { "osmid": 2134518363 }, "geometry": { "type": "Point", "coordinates": [ 37.1523955, 36.1970474 ] } },
{ "type": "Feature", "properties": { "osmid": 2134518370 }, "geometry": { "type": "Point", "coordinates": [ 37.1533607, 36.1972335 ] } },
{ "type": "Feature", "properties": { "osmid": 2134518371 }, "geometry": { "type": "Point", "coordinates": [ 37.1527868, 36.1975178 ] } },
{ "type": "Feature", "properties": { "osmid": 2134518372 }, "geometry": { "type": "Point", "coordinates": [ 37.1538741, 36.1975648 ] } },
{ "type": "Feature", "properties": { "osmid": 2134518374 }, "geometry": { "type": "Point", "coordinates": [ 37.1538395, 36.1979664 ] } },
{ "type": "Feature", "properties": { "osmid": 2134518381 }, "geometry": { "type": "Point", "coordinates": [ 37.1538402, 36.1981332 ] } },
{ "type": "Feature", "properties": { "osmid": 2134518397 }, "geometry": { "type": "Point", "coordinates": [ 37.1495689, 36.1986623 ] } },
{ "type": "Feature", "properties": { "osmid": 2134518398 }, "geometry": { "type": "Point", "coordinates": [ 37.1538358, 36.198671 ] } },
{ "type": "Feature", "properties": { "osmid": 2134518399 }, "geometry": { "type": "Point", "coordinates": [ 37.1527316, 36.1986766 ] } },
{ "type": "Feature", "properties": { "osmid": 2134518400 }, "geometry": { "type": "Point", "coordinates": [ 37.1491126, 36.1987025 ] } },
{ "type": "Feature", "properties": { "osmid": 2134518430 }, "geometry": { "type": "Point", "coordinates": [ 37.1526312, 36.199077 ] } },
{ "type": "Feature", "properties": { "osmid": 2134518436 }, "geometry": { "type": "Point", "coordinates": [ 37.1496529, 36.1991711 ] } },
{ "type": "Feature", "properties": { "osmid": 2134518437 }, "geometry": { "type": "Point", "coordinates": [ 37.1491976, 36.1992183 ] } },
{ "type": "Feature", "properties": { "osmid": 2134518443 }, "geometry": { "type": "Point", "coordinates": [ 37.1513209, 36.1994428 ] } },
{ "type": "Feature", "properties": { "osmid": 2134518455 }, "geometry": { "type": "Point", "coordinates": [ 37.1504944, 36.1995421 ] } },
{ "type": "Feature", "properties": { "osmid": 2134518460 }, "geometry": { "type": "Point", "coordinates": [ 37.1526806, 36.1995671 ] } },
{ "type": "Feature", "properties": { "osmid": 2134518475 }, "geometry": { "type": "Point", "coordinates": [ 37.1527738, 36.200173 ] } },
{ "type": "Feature", "properties": { "osmid": 2134518476 }, "geometry": { "type": "Point", "coordinates": [ 37.1523606, 36.2002249 ] } },
{ "type": "Feature", "properties": { "osmid": 2134518525 }, "geometry": { "type": "Point", "coordinates": [ 37.1461063, 36.2010626 ] } },
{ "type": "Feature", "properties": { "osmid": 2134518546 }, "geometry": { "type": "Point", "coordinates": [ 37.151794, 36.2023925 ] } },
{ "type": "Feature", "properties": { "osmid": 2134518547 }, "geometry": { "type": "Point", "coordinates": [ 37.1511232, 36.2024087 ] } },
{ "type": "Feature", "properties": { "osmid": 2134518551 }, "geometry": { "type": "Point", "coordinates": [ 37.1507546, 36.2029106 ] } },
{ "type": "Feature", "properties": { "osmid": 2134518556 }, "geometry": { "type": "Point", "coordinates": [ 37.1519741, 36.2033239 ] } },
{ "type": "Feature", "properties": { "osmid": 2134518557 }, "geometry": { "type": "Point", "coordinates": [ 37.1532048, 36.2033726 ] } },
{ "type": "Feature", "properties": { "osmid": 2134518558 }, "geometry": { "type": "Point", "coordinates": [ 37.1527196, 36.2035208 ] } },
{ "type": "Feature", "properties": { "osmid": 2134518559 }, "geometry": { "type": "Point", "coordinates": [ 37.1531049, 36.203591 ] } },
{ "type": "Feature", "properties": { "osmid": 2134518560 }, "geometry": { "type": "Point", "coordinates": [ 37.153353, 36.2036688 ] } },
{ "type": "Feature", "properties": { "osmid": 2134518561 }, "geometry": { "type": "Point", "coordinates": [ 37.1529152, 36.2039697 ] } },
{ "type": "Feature", "properties": { "osmid": 2134520993 }, "geometry": { "type": "Point", "coordinates": [ 37.1467216, 36.1988307 ] } },
{ "type": "Feature", "properties": { "osmid": 2134521058 }, "geometry": { "type": "Point", "coordinates": [ 37.1462104, 36.2003178 ] } },
{ "type": "Feature", "properties": { "osmid": 2134776899 }, "geometry": { "type": "Point", "coordinates": [ 37.1487162, 36.1970099 ] } },
{ "type": "Feature", "properties": { "osmid": 2134776901 }, "geometry": { "type": "Point", "coordinates": [ 37.1487803, 36.197194 ] } },
{ "type": "Feature", "properties": { "osmid": 2134776903 }, "geometry": { "type": "Point", "coordinates": [ 37.1483096, 36.1972321 ] } },
{ "type": "Feature", "properties": { "osmid": 2134776927 }, "geometry": { "type": "Point", "coordinates": [ 37.1488701, 36.1978691 ] } },
{ "type": "Feature", "properties": { "osmid": 2134776954 }, "geometry": { "type": "Point", "coordinates": [ 37.1489461, 36.1984405 ] } },
{ "type": "Feature", "properties": { "osmid": 2134776958 }, "geometry": { "type": "Point", "coordinates": [ 37.1505049, 36.1984743 ] } },
{ "type": "Feature", "properties": { "osmid": 2134776962 }, "geometry": { "type": "Point", "coordinates": [ 37.1496011, 36.1985597 ] } },
{ "type": "Feature", "properties": { "osmid": 2134776964 }, "geometry": { "type": "Point", "coordinates": [ 37.1491293, 36.1986043 ] } },
{ "type": "Feature", "properties": { "osmid": 2134776966 }, "geometry": { "type": "Point", "coordinates": [ 37.146731, 36.1986573 ] } },
{ "type": "Feature", "properties": { "osmid": 2134777043 }, "geometry": { "type": "Point", "coordinates": [ 37.1528971, 36.204079 ] } },
{ "type": "Feature", "properties": { "osmid": 2134777094 }, "geometry": { "type": "Point", "coordinates": [ 37.1546674, 36.2053662 ] } },
{ "type": "Feature", "properties": { "osmid": 2134777096 }, "geometry": { "type": "Point", "coordinates": [ 37.1462469, 36.2055567 ] } },
{ "type": "Feature", "properties": { "osmid": 2134777128 }, "geometry": { "type": "Point", "coordinates": [ 37.1528394, 36.2064049 ] } },
{ "type": "Feature", "properties": { "osmid": 2134777131 }, "geometry": { "type": "Point", "coordinates": [ 37.1543901, 36.2066369 ] } },
{ "type": "Feature", "properties": { "osmid": 2134777145 }, "geometry": { "type": "Point", "coordinates": [ 37.1548641, 36.2077363 ] } },
{ "type": "Feature", "properties": { "osmid": 2134820330 }, "geometry": { "type": "Point", "coordinates": [ 37.1602211, 36.2021707 ] } },
{ "type": "Feature", "properties": { "osmid": 2134820331 }, "geometry": { "type": "Point", "coordinates": [ 37.1588631, 36.2022481 ] } },
{ "type": "Feature", "properties": { "osmid": 2134820337 }, "geometry": { "type": "Point", "coordinates": [ 37.1606635, 36.2026226 ] } },
{ "type": "Feature", "properties": { "osmid": 2134820341 }, "geometry": { "type": "Point", "coordinates": [ 37.1562238, 36.2026812 ] } },
{ "type": "Feature", "properties": { "osmid": 2134820344 }, "geometry": { "type": "Point", "coordinates": [ 37.1606085, 36.2029359 ] } },
{ "type": "Feature", "properties": { "osmid": 2134820345 }, "geometry": { "type": "Point", "coordinates": [ 37.1601638, 36.2031263 ] } },
{ "type": "Feature", "properties": { "osmid": 2134820346 }, "geometry": { "type": "Point", "coordinates": [ 37.1600969, 36.2030266 ] } },
{ "type": "Feature", "properties": { "osmid": 2134820347 }, "geometry": { "type": "Point", "coordinates": [ 37.1570463, 36.2030903 ] } },
{ "type": "Feature", "properties": { "osmid": 2134820348 }, "geometry": { "type": "Point", "coordinates": [ 37.158952, 36.2030921 ] } },
{ "type": "Feature", "properties": { "osmid": 2134820349 }, "geometry": { "type": "Point", "coordinates": [ 37.1588984, 36.2030935 ] } },
{ "type": "Feature", "properties": { "osmid": 2134820354 }, "geometry": { "type": "Point", "coordinates": [ 37.1564264, 36.2031464 ] } },
{ "type": "Feature", "properties": { "osmid": 2134820359 }, "geometry": { "type": "Point", "coordinates": [ 37.1572314, 36.2032114 ] } },
{ "type": "Feature", "properties": { "osmid": 2134820363 }, "geometry": { "type": "Point", "coordinates": [ 37.1620266, 36.2035227 ] } },
{ "type": "Feature", "properties": { "osmid": 2134820368 }, "geometry": { "type": "Point", "coordinates": [ 37.1592485, 36.2037986 ] } },
{ "type": "Feature", "properties": { "osmid": 2134820412 }, "geometry": { "type": "Point", "coordinates": [ 37.1674024, 36.204648 ] } },
{ "type": "Feature", "properties": { "osmid": 2134820414 }, "geometry": { "type": "Point", "coordinates": [ 37.1577499, 36.204722 ] } },
{ "type": "Feature", "properties": { "osmid": 2134820416 }, "geometry": { "type": "Point", "coordinates": [ 37.1576326, 36.2047452 ] } },
{ "type": "Feature", "properties": { "osmid": 2134820419 }, "geometry": { "type": "Point", "coordinates": [ 37.165662, 36.2047856 ] } },
{ "type": "Feature", "properties": { "osmid": 2134820421 }, "geometry": { "type": "Point", "coordinates": [ 37.1600888, 36.2048453 ] } },
{ "type": "Feature", "properties": { "osmid": 2134820425 }, "geometry": { "type": "Point", "coordinates": [ 37.1639967, 36.2048557 ] } },
{ "type": "Feature", "properties": { "osmid": 2134820429 }, "geometry": { "type": "Point", "coordinates": [ 37.1698936, 36.2049978 ] } },
{ "type": "Feature", "properties": { "osmid": 2134820431 }, "geometry": { "type": "Point", "coordinates": [ 37.1697563, 36.2050164 ] } },
{ "type": "Feature", "properties": { "osmid": 2134820433 }, "geometry": { "type": "Point", "coordinates": [ 37.1670826, 36.2050335 ] } },
{ "type": "Feature", "properties": { "osmid": 2134820434 }, "geometry": { "type": "Point", "coordinates": [ 37.1683958, 36.2050646 ] } },
{ "type": "Feature", "properties": { "osmid": 2134820435 }, "geometry": { "type": "Point", "coordinates": [ 37.1669573, 36.205066 ] } },
{ "type": "Feature", "properties": { "osmid": 2134820436 }, "geometry": { "type": "Point", "coordinates": [ 37.1686115, 36.2050769 ] } },
{ "type": "Feature", "properties": { "osmid": 2134820440 }, "geometry": { "type": "Point", "coordinates": [ 37.1707842, 36.2051249 ] } },
{ "type": "Feature", "properties": { "osmid": 2134820441 }, "geometry": { "type": "Point", "coordinates": [ 37.1674198, 36.2051261 ] } },
{ "type": "Feature", "properties": { "osmid": 2134820443 }, "geometry": { "type": "Point", "coordinates": [ 37.1722362, 36.2051468 ] } },
{ "type": "Feature", "properties": { "osmid": 2134820448 }, "geometry": { "type": "Point", "coordinates": [ 37.1631443, 36.2051975 ] } },
{ "type": "Feature", "properties": { "osmid": 2134820450 }, "geometry": { "type": "Point", "coordinates": [ 37.1693099, 36.2052227 ] } },
{ "type": "Feature", "properties": { "osmid": 2134820451 }, "geometry": { "type": "Point", "coordinates": [ 37.1686354, 36.2052421 ] } },
{ "type": "Feature", "properties": { "osmid": 2134820454 }, "geometry": { "type": "Point", "coordinates": [ 37.162891, 36.2052979 ] } },
{ "type": "Feature", "properties": { "osmid": 2134820465 }, "geometry": { "type": "Point", "coordinates": [ 37.17149, 36.2054927 ] } },
{ "type": "Feature", "properties": { "osmid": 2134820467 }, "geometry": { "type": "Point", "coordinates": [ 37.1720217, 36.2055079 ] } },
{ "type": "Feature", "properties": { "osmid": 2134820472 }, "geometry": { "type": "Point", "coordinates": [ 37.1723388, 36.2055611 ] } },
{ "type": "Feature", "properties": { "osmid": 2134820477 }, "geometry": { "type": "Point", "coordinates": [ 37.1591378, 36.2054757 ] } },
{ "type": "Feature", "properties": { "osmid": 2134820486 }, "geometry": { "type": "Point", "coordinates": [ 37.1626176, 36.2057431 ] } },
{ "type": "Feature", "properties": { "osmid": 2134820488 }, "geometry": { "type": "Point", "coordinates": [ 37.1672891, 36.2057694 ] } },
{ "type": "Feature", "properties": { "osmid": 2134820490 }, "geometry": { "type": "Point", "coordinates": [ 37.158782, 36.2058065 ] } },
{ "type": "Feature", "properties": { "osmid": 2134820496 }, "geometry": { "type": "Point", "coordinates": [ 37.1589744, 36.2058929 ] } },
{ "type": "Feature", "properties": { "osmid": 2134820498 }, "geometry": { "type": "Point", "coordinates": [ 37.1700486, 36.2059125 ] } },
{ "type": "Feature", "properties": { "osmid": 2134820503 }, "geometry": { "type": "Point", "coordinates": [ 37.1744743, 36.2060065 ] } },
{ "type": "Feature", "properties": { "osmid": 2134820504 }, "geometry": { "type": "Point", "coordinates": [ 37.159527, 36.2060098 ] } },
{ "type": "Feature", "properties": { "osmid": 2134820506 }, "geometry": { "type": "Point", "coordinates": [ 37.1670488, 36.2060292 ] } },
{ "type": "Feature", "properties": { "osmid": 2134820511 }, "geometry": { "type": "Point", "coordinates": [ 37.1672677, 36.2060863 ] } },
{ "type": "Feature", "properties": { "osmid": 2134820512 }, "geometry": { "type": "Point", "coordinates": [ 37.1650616, 36.2060682 ] } },
{ "type": "Feature", "properties": { "osmid": 2134820514 }, "geometry": { "type": "Point", "coordinates": [ 37.1578254, 36.2060968 ] } },
{ "type": "Feature", "properties": { "osmid": 2134820524 }, "geometry": { "type": "Point", "coordinates": [ 37.1722617, 36.2062151 ] } },
{ "type": "Feature", "properties": { "osmid": 2134820527 }, "geometry": { "type": "Point", "coordinates": [ 37.1680585, 36.2062388 ] } },
{ "type": "Feature", "properties": { "osmid": 2134820530 }, "geometry": { "type": "Point", "coordinates": [ 37.1686521, 36.2062783 ] } },
{ "type": "Feature", "properties": { "osmid": 2134820534 }, "geometry": { "type": "Point", "coordinates": [ 37.1718273, 36.2063021 ] } },
{ "type": "Feature", "properties": { "osmid": 2134820541 }, "geometry": { "type": "Point", "coordinates": [ 37.1680603, 36.2063548 ] } },
{ "type": "Feature", "properties": { "osmid": 2134820545 }, "geometry": { "type": "Point", "coordinates": [ 37.15874, 36.2064097 ] } },
{ "type": "Feature", "properties": { "osmid": 2134820549 }, "geometry": { "type": "Point", "coordinates": [ 37.1724013, 36.206505 ] } },
{ "type": "Feature", "properties": { "osmid": 2134820560 }, "geometry": { "type": "Point", "coordinates": [ 37.1741142, 36.2067741 ] } },
{ "type": "Feature", "properties": { "osmid": 2134820561 }, "geometry": { "type": "Point", "coordinates": [ 37.1714596, 36.2067756 ] } },
{ "type": "Feature", "properties": { "osmid": 2134820562 }, "geometry": { "type": "Point", "coordinates": [ 37.1655382, 36.2067702 ] } },
{ "type": "Feature", "properties": { "osmid": 2134820563 }, "geometry": { "type": "Point", "coordinates": [ 37.162512, 36.2068015 ] } },
{ "type": "Feature", "properties": { "osmid": 2134820565 }, "geometry": { "type": "Point", "coordinates": [ 37.1673022, 36.2068101 ] } },
{ "type": "Feature", "properties": { "osmid": 2134820573 }, "geometry": { "type": "Point", "coordinates": [ 37.1680015, 36.2068962 ] } },
{ "type": "Feature", "properties": { "osmid": 2134820574 }, "geometry": { "type": "Point", "coordinates": [ 37.1662362, 36.2069156 ] } },
{ "type": "Feature", "properties": { "osmid": 2134820578 }, "geometry": { "type": "Point", "coordinates": [ 37.1682719, 36.2069518 ] } },
{ "type": "Feature", "properties": { "osmid": 2134820583 }, "geometry": { "type": "Point", "coordinates": [ 37.1664305, 36.2069762 ] } },
{ "type": "Feature", "properties": { "osmid": 2134820596 }, "geometry": { "type": "Point", "coordinates": [ 37.1660409, 36.2070667 ] } },
{ "type": "Feature", "properties": { "osmid": 2134820601 }, "geometry": { "type": "Point", "coordinates": [ 37.1673274, 36.2071314 ] } },
{ "type": "Feature", "properties": { "osmid": 2134820606 }, "geometry": { "type": "Point", "coordinates": [ 37.1602164, 36.2071401 ] } },
{ "type": "Feature", "properties": { "osmid": 2134820613 }, "geometry": { "type": "Point", "coordinates": [ 37.1583621, 36.2071669 ] } },
{ "type": "Feature", "properties": { "osmid": 2134820615 }, "geometry": { "type": "Point", "coordinates": [ 37.17191, 36.2071749 ] } },
{ "type": "Feature", "properties": { "osmid": 2134820624 }, "geometry": { "type": "Point", "coordinates": [ 37.1726639, 36.2072792 ] } },
{ "type": "Feature", "properties": { "osmid": 2134820642 }, "geometry": { "type": "Point", "coordinates": [ 37.1737177, 36.2073556 ] } },
{ "type": "Feature", "properties": { "osmid": 2134820654 }, "geometry": { "type": "Point", "coordinates": [ 37.1642385, 36.2073564 ] } },
{ "type": "Feature", "properties": { "osmid": 2134820664 }, "geometry": { "type": "Point", "coordinates": [ 37.1672952, 36.2074238 ] } },
{ "type": "Feature", "properties": { "osmid": 2134820668 }, "geometry": { "type": "Point", "coordinates": [ 37.1662674, 36.2074429 ] } },
{ "type": "Feature", "properties": { "osmid": 2134820671 }, "geometry": { "type": "Point", "coordinates": [ 37.1571235, 36.20747 ] } },
{ "type": "Feature", "properties": { "osmid": 2134820675 }, "geometry": { "type": "Point", "coordinates": [ 37.1665689, 36.207466 ] } },
{ "type": "Feature", "properties": { "osmid": 2134820677 }, "geometry": { "type": "Point", "coordinates": [ 37.1742549, 36.2074948 ] } },
{ "type": "Feature", "properties": { "osmid": 2134820682 }, "geometry": { "type": "Point", "coordinates": [ 37.1598869, 36.2075083 ] } },
{ "type": "Feature", "properties": { "osmid": 2134820689 }, "geometry": { "type": "Point", "coordinates": [ 37.1605817, 36.2075191 ] } },
{ "type": "Feature", "properties": { "osmid": 2134820695 }, "geometry": { "type": "Point", "coordinates": [ 37.1601675, 36.2075299 ] } },
{ "type": "Feature", "properties": { "osmid": 2134820702 }, "geometry": { "type": "Point", "coordinates": [ 37.1718953, 36.2075428 ] } },
{ "type": "Feature", "properties": { "osmid": 2134820717 }, "geometry": { "type": "Point", "coordinates": [ 37.1625948, 36.2076524 ] } },
{ "type": "Feature", "properties": { "osmid": 2134820726 }, "geometry": { "type": "Point", "coordinates": [ 37.1596851, 36.2077215 ] } },
{ "type": "Feature", "properties": { "osmid": 2134820732 }, "geometry": { "type": "Point", "coordinates": [ 37.1735045, 36.2077786 ] } },
{ "type": "Feature", "properties": { "osmid": 2134820741 }, "geometry": { "type": "Point", "coordinates": [ 37.1589316, 36.2078347 ] } },
{ "type": "Feature", "properties": { "osmid": 2134820763 }, "geometry": { "type": "Point", "coordinates": [ 37.1594428, 36.208019 ] } },
{ "type": "Feature", "properties": { "osmid": 2134820765 }, "geometry": { "type": "Point", "coordinates": [ 37.174536, 36.2080632 ] } },
{ "type": "Feature", "properties": { "osmid": 2134820766 }, "geometry": { "type": "Point", "coordinates": [ 37.1640508, 36.2080698 ] } },
{ "type": "Feature", "properties": { "osmid": 2134820768 }, "geometry": { "type": "Point", "coordinates": [ 37.1679303, 36.2081046 ] } },
{ "type": "Feature", "properties": { "osmid": 2134820776 }, "geometry": { "type": "Point", "coordinates": [ 37.1673233, 36.2081279 ] } },
{ "type": "Feature", "properties": { "osmid": 2134820782 }, "geometry": { "type": "Point", "coordinates": [ 37.1646614, 36.2082049 ] } },
{ "type": "Feature", "properties": { "osmid": 2134820792 }, "geometry": { "type": "Point", "coordinates": [ 37.1732845, 36.2082865 ] } },
{ "type": "Feature", "properties": { "osmid": 2134820796 }, "geometry": { "type": "Point", "coordinates": [ 37.1603944, 36.2083112 ] } },
{ "type": "Feature", "properties": { "osmid": 2134820804 }, "geometry": { "type": "Point", "coordinates": [ 37.1658327, 36.2083176 ] } },
{ "type": "Feature", "properties": { "osmid": 2134820806 }, "geometry": { "type": "Point", "coordinates": [ 37.1636338, 36.2084145 ] } },
{ "type": "Feature", "properties": { "osmid": 2134820813 }, "geometry": { "type": "Point", "coordinates": [ 37.1667793, 36.2084457 ] } },
{ "type": "Feature", "properties": { "osmid": 2134820815 }, "geometry": { "type": "Point", "coordinates": [ 37.1610624, 36.2085071 ] } },
{ "type": "Feature", "properties": { "osmid": 2134820819 }, "geometry": { "type": "Point", "coordinates": [ 37.1603327, 36.2085643 ] } },
{ "type": "Feature", "properties": { "osmid": 2134820820 }, "geometry": { "type": "Point", "coordinates": [ 37.1570075, 36.2085884 ] } },
{ "type": "Feature", "properties": { "osmid": 2134820824 }, "geometry": { "type": "Point", "coordinates": [ 37.1567089, 36.2085994 ] } },
{ "type": "Feature", "properties": { "osmid": 2134820826 }, "geometry": { "type": "Point", "coordinates": [ 37.1644121, 36.2086037 ] } },
{ "type": "Feature", "properties": { "osmid": 2134820832 }, "geometry": { "type": "Point", "coordinates": [ 37.1640091, 36.208663 ] } },
{ "type": "Feature", "properties": { "osmid": 2134820838 }, "geometry": { "type": "Point", "coordinates": [ 37.1657282, 36.2087432 ] } },
{ "type": "Feature", "properties": { "osmid": 2134820846 }, "geometry": { "type": "Point", "coordinates": [ 37.1667223, 36.2088031 ] } },
{ "type": "Feature", "properties": { "osmid": 2134820854 }, "geometry": { "type": "Point", "coordinates": [ 37.1666504, 36.2089068 ] } },
{ "type": "Feature", "properties": { "osmid": 2134820860 }, "geometry": { "type": "Point", "coordinates": [ 37.1656559, 36.2090232 ] } },
{ "type": "Feature", "properties": { "osmid": 2134820867 }, "geometry": { "type": "Point", "coordinates": [ 37.174872, 36.2090902 ] } },
{ "type": "Feature", "properties": { "osmid": 2134820869 }, "geometry": { "type": "Point", "coordinates": [ 37.1669878, 36.2091803 ] } },
{ "type": "Feature", "properties": { "osmid": 2134820872 }, "geometry": { "type": "Point", "coordinates": [ 37.1673307, 36.2092468 ] } },
{ "type": "Feature", "properties": { "osmid": 2134820876 }, "geometry": { "type": "Point", "coordinates": [ 37.1654635, 36.2092748 ] } },
{ "type": "Feature", "properties": { "osmid": 2134820883 }, "geometry": { "type": "Point", "coordinates": [ 37.1664735, 36.2092691 ] } },
{ "type": "Feature", "properties": { "osmid": 2134820903 }, "geometry": { "type": "Point", "coordinates": [ 37.1676075, 36.2094464 ] } },
{ "type": "Feature", "properties": { "osmid": 2134820905 }, "geometry": { "type": "Point", "coordinates": [ 37.1665191, 36.2094767 ] } },
{ "type": "Feature", "properties": { "osmid": 2134820912 }, "geometry": { "type": "Point", "coordinates": [ 37.1669038, 36.2097272 ] } },
{ "type": "Feature", "properties": { "osmid": 2134832121 }, "geometry": { "type": "Point", "coordinates": [ 37.1579671, 36.1908984 ] } },
{ "type": "Feature", "properties": { "osmid": 2134832133 }, "geometry": { "type": "Point", "coordinates": [ 37.1564673, 36.1911789 ] } },
{ "type": "Feature", "properties": { "osmid": 2134832137 }, "geometry": { "type": "Point", "coordinates": [ 37.1570016, 36.1912595 ] } },
{ "type": "Feature", "properties": { "osmid": 2134832139 }, "geometry": { "type": "Point", "coordinates": [ 37.1574337, 36.1913242 ] } },
{ "type": "Feature", "properties": { "osmid": 2134832146 }, "geometry": { "type": "Point", "coordinates": [ 37.1578425, 36.1913792 ] } },
{ "type": "Feature", "properties": { "osmid": 2134832176 }, "geometry": { "type": "Point", "coordinates": [ 37.1595759, 36.1916273 ] } },
{ "type": "Feature", "properties": { "osmid": 2134832178 }, "geometry": { "type": "Point", "coordinates": [ 37.1643308, 36.1916473 ] } },
{ "type": "Feature", "properties": { "osmid": 2134832197 }, "geometry": { "type": "Point", "coordinates": [ 37.1641994, 36.191769 ] } },
{ "type": "Feature", "properties": { "osmid": 2134832200 }, "geometry": { "type": "Point", "coordinates": [ 37.1577151, 36.1917975 ] } },
{ "type": "Feature", "properties": { "osmid": 2134832204 }, "geometry": { "type": "Point", "coordinates": [ 37.1645531, 36.191806 ] } },
{ "type": "Feature", "properties": { "osmid": 2134832208 }, "geometry": { "type": "Point", "coordinates": [ 37.1568392, 36.1918195 ] } },
{ "type": "Feature", "properties": { "osmid": 2134832239 }, "geometry": { "type": "Point", "coordinates": [ 37.1575873, 36.1921511 ] } },
{ "type": "Feature", "properties": { "osmid": 2134832241 }, "geometry": { "type": "Point", "coordinates": [ 37.1562659, 36.1921831 ] } },
{ "type": "Feature", "properties": { "osmid": 2134832243 }, "geometry": { "type": "Point", "coordinates": [ 37.1640431, 36.1921978 ] } },
{ "type": "Feature", "properties": { "osmid": 2134832249 }, "geometry": { "type": "Point", "coordinates": [ 37.156512, 36.1922858 ] } },
{ "type": "Feature", "properties": { "osmid": 2134832257 }, "geometry": { "type": "Point", "coordinates": [ 37.1569817, 36.1924457 ] } },
{ "type": "Feature", "properties": { "osmid": 2134832263 }, "geometry": { "type": "Point", "coordinates": [ 37.1590393, 36.1924934 ] } },
{ "type": "Feature", "properties": { "osmid": 2134832265 }, "geometry": { "type": "Point", "coordinates": [ 37.1558622, 36.1925394 ] } },
{ "type": "Feature", "properties": { "osmid": 2134832282 }, "geometry": { "type": "Point", "coordinates": [ 37.1594283, 36.192541 ] } },
{ "type": "Feature", "properties": { "osmid": 2134832294 }, "geometry": { "type": "Point", "coordinates": [ 37.1565654, 36.1925787 ] } },
{ "type": "Feature", "properties": { "osmid": 2134832304 }, "geometry": { "type": "Point", "coordinates": [ 37.1558357, 36.1926549 ] } },
{ "type": "Feature", "properties": { "osmid": 2134832310 }, "geometry": { "type": "Point", "coordinates": [ 37.1573847, 36.192717 ] } },
{ "type": "Feature", "properties": { "osmid": 2134832329 }, "geometry": { "type": "Point", "coordinates": [ 37.1580754, 36.1928991 ] } },
{ "type": "Feature", "properties": { "osmid": 2134832333 }, "geometry": { "type": "Point", "coordinates": [ 37.1649574, 36.1929087 ] } },
{ "type": "Feature", "properties": { "osmid": 2134832335 }, "geometry": { "type": "Point", "coordinates": [ 37.1571858, 36.1929392 ] } },
{ "type": "Feature", "properties": { "osmid": 2134832342 }, "geometry": { "type": "Point", "coordinates": [ 37.1593555, 36.1929469 ] } },
{ "type": "Feature", "properties": { "osmid": 2134832345 }, "geometry": { "type": "Point", "coordinates": [ 37.1599152, 36.1929506 ] } },
{ "type": "Feature", "properties": { "osmid": 2134832353 }, "geometry": { "type": "Point", "coordinates": [ 37.1603116, 36.1929812 ] } },
{ "type": "Feature", "properties": { "osmid": 2134832357 }, "geometry": { "type": "Point", "coordinates": [ 37.1597764, 36.1930112 ] } },
{ "type": "Feature", "properties": { "osmid": 2134832359 }, "geometry": { "type": "Point", "coordinates": [ 37.1647658, 36.1929898 ] } },
{ "type": "Feature", "properties": { "osmid": 2134832377 }, "geometry": { "type": "Point", "coordinates": [ 37.1558341, 36.1929126 ] } },
{ "type": "Feature", "properties": { "osmid": 2134832404 }, "geometry": { "type": "Point", "coordinates": [ 37.1576102, 36.193195 ] } },
{ "type": "Feature", "properties": { "osmid": 2134832412 }, "geometry": { "type": "Point", "coordinates": [ 37.1573224, 36.1932237 ] } },
{ "type": "Feature", "properties": { "osmid": 2134832419 }, "geometry": { "type": "Point", "coordinates": [ 37.1583135, 36.1932389 ] } },
{ "type": "Feature", "properties": { "osmid": 2134832434 }, "geometry": { "type": "Point", "coordinates": [ 37.1603197, 36.1933602 ] } },
{ "type": "Feature", "properties": { "osmid": 2134832443 }, "geometry": { "type": "Point", "coordinates": [ 37.1597687, 36.1934566 ] } },
{ "type": "Feature", "properties": { "osmid": 2134832450 }, "geometry": { "type": "Point", "coordinates": [ 37.1732611, 36.1935075 ] } },
{ "type": "Feature", "properties": { "osmid": 2134832465 }, "geometry": { "type": "Point", "coordinates": [ 37.1607203, 36.1935427 ] } },
{ "type": "Feature", "properties": { "osmid": 2134832485 }, "geometry": { "type": "Point", "coordinates": [ 37.1570739, 36.1936855 ] } },
{ "type": "Feature", "properties": { "osmid": 2134832487 }, "geometry": { "type": "Point", "coordinates": [ 37.1578101, 36.193714 ] } },
{ "type": "Feature", "properties": { "osmid": 2134832497 }, "geometry": { "type": "Point", "coordinates": [ 37.1563111, 36.1937965 ] } },
{ "type": "Feature", "properties": { "osmid": 2134832510 }, "geometry": { "type": "Point", "coordinates": [ 37.1575319, 36.1938159 ] } },
{ "type": "Feature", "properties": { "osmid": 2134832526 }, "geometry": { "type": "Point", "coordinates": [ 37.1598192, 36.1938937 ] } },
{ "type": "Feature", "properties": { "osmid": 2134832551 }, "geometry": { "type": "Point", "coordinates": [ 37.1609571, 36.1944175 ] } },
{ "type": "Feature", "properties": { "osmid": 2134832557 }, "geometry": { "type": "Point", "coordinates": [ 37.1600914, 36.1946982 ] } },
{ "type": "Feature", "properties": { "osmid": 2134832559 }, "geometry": { "type": "Point", "coordinates": [ 37.1596926, 36.1948854 ] } },
{ "type": "Feature", "properties": { "osmid": 2134832561 }, "geometry": { "type": "Point", "coordinates": [ 37.1593372, 36.1950694 ] } },
{ "type": "Feature", "properties": { "osmid": 2134832590 }, "geometry": { "type": "Point", "coordinates": [ 37.159552, 36.1957804 ] } },
{ "type": "Feature", "properties": { "osmid": 2134832595 }, "geometry": { "type": "Point", "coordinates": [ 37.1563549, 36.1959515 ] } },
{ "type": "Feature", "properties": { "osmid": 2134832628 }, "geometry": { "type": "Point", "coordinates": [ 37.1574335, 36.2012199 ] } },
{ "type": "Feature", "properties": { "osmid": 2134832630 }, "geometry": { "type": "Point", "coordinates": [ 37.1603159, 36.2012639 ] } },
{ "type": "Feature", "properties": { "osmid": 2134832636 }, "geometry": { "type": "Point", "coordinates": [ 37.1602892, 36.2020861 ] } },
{ "type": "Feature", "properties": { "osmid": 2135137104 }, "geometry": { "type": "Point", "coordinates": [ 37.1473219, 36.2074677 ] } },
{ "type": "Feature", "properties": { "osmid": 2135137116 }, "geometry": { "type": "Point", "coordinates": [ 37.1470822, 36.2073075 ] } },
{ "type": "Feature", "properties": { "osmid": 2135137130 }, "geometry": { "type": "Point", "coordinates": [ 37.1498676, 36.2070383 ] } },
{ "type": "Feature", "properties": { "osmid": 2135137134 }, "geometry": { "type": "Point", "coordinates": [ 37.1508734, 36.207717 ] } },
{ "type": "Feature", "properties": { "osmid": 2135137136 }, "geometry": { "type": "Point", "coordinates": [ 37.1520275, 36.2067993 ] } },
{ "type": "Feature", "properties": { "osmid": 2135137145 }, "geometry": { "type": "Point", "coordinates": [ 37.1522345, 36.2066734 ] } },
{ "type": "Feature", "properties": { "osmid": 2135178059 }, "geometry": { "type": "Point", "coordinates": [ 37.1502, 36.2097182 ] } },
{ "type": "Feature", "properties": { "osmid": 2135178070 }, "geometry": { "type": "Point", "coordinates": [ 37.1509441, 36.2099339 ] } },
{ "type": "Feature", "properties": { "osmid": 2135178073 }, "geometry": { "type": "Point", "coordinates": [ 37.1554863, 36.2099302 ] } },
{ "type": "Feature", "properties": { "osmid": 2135178081 }, "geometry": { "type": "Point", "coordinates": [ 37.1512396, 36.2100705 ] } },
{ "type": "Feature", "properties": { "osmid": 2135669503 }, "geometry": { "type": "Point", "coordinates": [ 37.1566245, 36.2086212 ] } },
{ "type": "Feature", "properties": { "osmid": 2135669507 }, "geometry": { "type": "Point", "coordinates": [ 37.1607857, 36.2087748 ] } },
{ "type": "Feature", "properties": { "osmid": 2135669511 }, "geometry": { "type": "Point", "coordinates": [ 37.1630558, 36.2088337 ] } },
{ "type": "Feature", "properties": { "osmid": 2135669515 }, "geometry": { "type": "Point", "coordinates": [ 37.1745499, 36.2089312 ] } },
{ "type": "Feature", "properties": { "osmid": 2135669527 }, "geometry": { "type": "Point", "coordinates": [ 37.1621091, 36.2091672 ] } },
{ "type": "Feature", "properties": { "osmid": 2135669530 }, "geometry": { "type": "Point", "coordinates": [ 37.1725214, 36.2091978 ] } },
{ "type": "Feature", "properties": { "osmid": 2135669535 }, "geometry": { "type": "Point", "coordinates": [ 37.1720682, 36.20924 ] } },
{ "type": "Feature", "properties": { "osmid": 2135669536 }, "geometry": { "type": "Point", "coordinates": [ 37.1636612, 36.2092568 ] } },
{ "type": "Feature", "properties": { "osmid": 2135669543 }, "geometry": { "type": "Point", "coordinates": [ 37.1636683, 36.2095087 ] } },
{ "type": "Feature", "properties": { "osmid": 2135669550 }, "geometry": { "type": "Point", "coordinates": [ 37.171832, 36.2096503 ] } },
{ "type": "Feature", "properties": { "osmid": 2135669551 }, "geometry": { "type": "Point", "coordinates": [ 37.1734467, 36.2096813 ] } },
{ "type": "Feature", "properties": { "osmid": 2135669554 }, "geometry": { "type": "Point", "coordinates": [ 37.1604993, 36.2097473 ] } },
{ "type": "Feature", "properties": { "osmid": 2135669556 }, "geometry": { "type": "Point", "coordinates": [ 37.1631381, 36.209945 ] } },
{ "type": "Feature", "properties": { "osmid": 2135669560 }, "geometry": { "type": "Point", "coordinates": [ 37.16252, 36.2099963 ] } },
{ "type": "Feature", "properties": { "osmid": 2135669561 }, "geometry": { "type": "Point", "coordinates": [ 37.174252, 36.2100139 ] } },
{ "type": "Feature", "properties": { "osmid": 2135669563 }, "geometry": { "type": "Point", "coordinates": [ 37.1636379, 36.2100555 ] } },
{ "type": "Feature", "properties": { "osmid": 2135669565 }, "geometry": { "type": "Point", "coordinates": [ 37.1577651, 36.2100801 ] } },
{ "type": "Feature", "properties": { "osmid": 2135669570 }, "geometry": { "type": "Point", "coordinates": [ 37.1563754, 36.2101464 ] } },
{ "type": "Feature", "properties": { "osmid": 2135799303 }, "geometry": { "type": "Point", "coordinates": [ 37.1601117, 36.2093734 ] } },
{ "type": "Feature", "properties": { "osmid": 2137500208 }, "geometry": { "type": "Point", "coordinates": [ 37.1734113, 36.2029429 ] } },
{ "type": "Feature", "properties": { "osmid": 2137500219 }, "geometry": { "type": "Point", "coordinates": [ 37.1746947, 36.2034344 ] } },
{ "type": "Feature", "properties": { "osmid": 2137500221 }, "geometry": { "type": "Point", "coordinates": [ 37.1715656, 36.2034875 ] } },
{ "type": "Feature", "properties": { "osmid": 2137500225 }, "geometry": { "type": "Point", "coordinates": [ 37.1736023, 36.2035222 ] } },
{ "type": "Feature", "properties": { "osmid": 2137500245 }, "geometry": { "type": "Point", "coordinates": [ 37.1716055, 36.2036895 ] } },
{ "type": "Feature", "properties": { "osmid": 2137500271 }, "geometry": { "type": "Point", "coordinates": [ 37.171622, 36.2038969 ] } },
{ "type": "Feature", "properties": { "osmid": 2137500289 }, "geometry": { "type": "Point", "coordinates": [ 37.1739614, 36.2042278 ] } },
{ "type": "Feature", "properties": { "osmid": 2137500305 }, "geometry": { "type": "Point", "coordinates": [ 37.1706747, 36.2044897 ] } },
{ "type": "Feature", "properties": { "osmid": 2137500327 }, "geometry": { "type": "Point", "coordinates": [ 37.1744544, 36.2048704 ] } },
{ "type": "Feature", "properties": { "osmid": 2147139348 }, "geometry": { "type": "Point", "coordinates": [ 37.1513396, 36.207971 ] } },
{ "type": "Feature", "properties": { "osmid": 2147139349 }, "geometry": { "type": "Point", "coordinates": [ 37.1520205, 36.2079765 ] } },
{ "type": "Feature", "properties": { "osmid": 2147139350 }, "geometry": { "type": "Point", "coordinates": [ 37.1496474, 36.2071864 ] } },
{ "type": "Feature", "properties": { "osmid": 2147139351 }, "geometry": { "type": "Point", "coordinates": [ 37.1494325, 36.2064721 ] } },
{ "type": "Feature", "properties": { "osmid": 2147139352 }, "geometry": { "type": "Point", "coordinates": [ 37.1490911, 36.2059122 ] } },
{ "type": "Feature", "properties": { "osmid": 2147139354 }, "geometry": { "type": "Point", "coordinates": [ 37.1527512, 36.2078413 ] } },
{ "type": "Feature", "properties": { "osmid": 2147139355 }, "geometry": { "type": "Point", "coordinates": [ 37.1503854, 36.2023095 ] } },
{ "type": "Feature", "properties": { "osmid": 2147139356 }, "geometry": { "type": "Point", "coordinates": [ 37.1520289, 36.2077146 ] } },
{ "type": "Feature", "properties": { "osmid": 2147139359 }, "geometry": { "type": "Point", "coordinates": [ 37.1492521, 36.2059555 ] } },
{ "type": "Feature", "properties": { "osmid": 2147139360 }, "geometry": { "type": "Point", "coordinates": [ 37.149741, 36.2059786 ] } },
{ "type": "Feature", "properties": { "osmid": 2147139362 }, "geometry": { "type": "Point", "coordinates": [ 37.1515522, 36.2076874 ] } },
{ "type": "Feature", "properties": { "osmid": 2183434423 }, "geometry": { "type": "Point", "coordinates": [ 37.1584463, 36.1905298 ] } },
{ "type": "Feature", "properties": { "osmid": 2284315478 }, "geometry": { "type": "Point", "coordinates": [ 37.1659755, 36.1960464 ] } },
{ "type": "Feature", "properties": { "osmid": 2284318828 }, "geometry": { "type": "Point", "coordinates": [ 37.1499896, 36.1940983 ] } },
{ "type": "Feature", "properties": { "osmid": 2285504199 }, "geometry": { "type": "Point", "coordinates": [ 37.1630005, 36.1991486 ] } },
{ "type": "Feature", "properties": { "osmid": 2285504208 }, "geometry": { "type": "Point", "coordinates": [ 37.1625634, 36.1986919 ] } },
{ "type": "Feature", "properties": { "osmid": 2285504212 }, "geometry": { "type": "Point", "coordinates": [ 37.162505, 36.1998716 ] } },
{ "type": "Feature", "properties": { "osmid": 2285504222 }, "geometry": { "type": "Point", "coordinates": [ 37.1625044, 36.1999019 ] } },
{ "type": "Feature", "properties": { "osmid": 2285504232 }, "geometry": { "type": "Point", "coordinates": [ 37.1623421, 36.1992558 ] } },
{ "type": "Feature", "properties": { "osmid": 2285504234 }, "geometry": { "type": "Point", "coordinates": [ 37.1623193, 36.1992006 ] } },
{ "type": "Feature", "properties": { "osmid": 2285504238 }, "geometry": { "type": "Point", "coordinates": [ 37.1614128, 36.1993196 ] } },
{ "type": "Feature", "properties": { "osmid": 2285504295 }, "geometry": { "type": "Point", "coordinates": [ 37.1624749, 36.1996833 ] } },
{ "type": "Feature", "properties": { "osmid": 2285504302 }, "geometry": { "type": "Point", "coordinates": [ 37.1633949, 36.1998304 ] } },
{ "type": "Feature", "properties": { "osmid": 2285507491 }, "geometry": { "type": "Point", "coordinates": [ 37.1625876, 36.2013347 ] } },
{ "type": "Feature", "properties": { "osmid": 2285507498 }, "geometry": { "type": "Point", "coordinates": [ 37.161953, 36.2009846 ] } },
{ "type": "Feature", "properties": { "osmid": 2286646812 }, "geometry": { "type": "Point", "coordinates": [ 37.1619934, 36.2028779 ] } },
{ "type": "Feature", "properties": { "osmid": 2286649340 }, "geometry": { "type": "Point", "coordinates": [ 37.1671419, 36.2014099 ] } },
{ "type": "Feature", "properties": { "osmid": 2286649369 }, "geometry": { "type": "Point", "coordinates": [ 37.1675058, 36.2018536 ] } },
{ "type": "Feature", "properties": { "osmid": 2286649393 }, "geometry": { "type": "Point", "coordinates": [ 37.1671491, 36.2013972 ] } },
{ "type": "Feature", "properties": { "osmid": 2286649422 }, "geometry": { "type": "Point", "coordinates": [ 37.1658511, 36.2005374 ] } },
{ "type": "Feature", "properties": { "osmid": 2286649427 }, "geometry": { "type": "Point", "coordinates": [ 37.1672772, 36.2017004 ] } },
{ "type": "Feature", "properties": { "osmid": 2286649431 }, "geometry": { "type": "Point", "coordinates": [ 37.1664214, 36.2027997 ] } },
{ "type": "Feature", "properties": { "osmid": 2286649433 }, "geometry": { "type": "Point", "coordinates": [ 37.1658577, 36.2006627 ] } },
{ "type": "Feature", "properties": { "osmid": 2286649434 }, "geometry": { "type": "Point", "coordinates": [ 37.1652792, 36.2005184 ] } },
{ "type": "Feature", "properties": { "osmid": 2286649444 }, "geometry": { "type": "Point", "coordinates": [ 37.1665636, 36.2004579 ] } },
{ "type": "Feature", "properties": { "osmid": 2286657789 }, "geometry": { "type": "Point", "coordinates": [ 37.168474, 36.1964021 ] } },
{ "type": "Feature", "properties": { "osmid": 2286657801 }, "geometry": { "type": "Point", "coordinates": [ 37.1683811, 36.1959973 ] } },
{ "type": "Feature", "properties": { "osmid": 2286657814 }, "geometry": { "type": "Point", "coordinates": [ 37.1683999, 36.1966358 ] } },
{ "type": "Feature", "properties": { "osmid": 2286657816 }, "geometry": { "type": "Point", "coordinates": [ 37.1670105, 36.200125 ] } },
{ "type": "Feature", "properties": { "osmid": 2286657827 }, "geometry": { "type": "Point", "coordinates": [ 37.1683974, 36.1968197 ] } },
{ "type": "Feature", "properties": { "osmid": 2286657829 }, "geometry": { "type": "Point", "coordinates": [ 37.1683931, 36.1970043 ] } },
{ "type": "Feature", "properties": { "osmid": 2286657831 }, "geometry": { "type": "Point", "coordinates": [ 37.1632608, 36.2025188 ] } },
{ "type": "Feature", "properties": { "osmid": 2286657844 }, "geometry": { "type": "Point", "coordinates": [ 37.168355, 36.1972078 ] } },
{ "type": "Feature", "properties": { "osmid": 2286657866 }, "geometry": { "type": "Point", "coordinates": [ 37.1627932, 36.2025666 ] } },
{ "type": "Feature", "properties": { "osmid": 2286657869 }, "geometry": { "type": "Point", "coordinates": [ 37.1683191, 36.1963912 ] } },
{ "type": "Feature", "properties": { "osmid": 2286657870 }, "geometry": { "type": "Point", "coordinates": [ 37.163113, 36.2028498 ] } },
{ "type": "Feature", "properties": { "osmid": 2286657874 }, "geometry": { "type": "Point", "coordinates": [ 37.1669401, 36.1996682 ] } },
{ "type": "Feature", "properties": { "osmid": 2286657878 }, "geometry": { "type": "Point", "coordinates": [ 37.1630733, 36.2025664 ] } },
{ "type": "Feature", "properties": { "osmid": 2286665735 }, "geometry": { "type": "Point", "coordinates": [ 37.167084, 36.1914881 ] } },
{ "type": "Feature", "properties": { "osmid": 2286665807 }, "geometry": { "type": "Point", "coordinates": [ 37.1676492, 36.1924688 ] } },
{ "type": "Feature", "properties": { "osmid": 2286665878 }, "geometry": { "type": "Point", "coordinates": [ 37.1676403, 36.1927778 ] } },
{ "type": "Feature", "properties": { "osmid": 2288537940 }, "geometry": { "type": "Point", "coordinates": [ 37.1601597, 36.2065579 ] } },
{ "type": "Feature", "properties": { "osmid": 2288537945 }, "geometry": { "type": "Point", "coordinates": [ 37.1606593, 36.2050792 ] } },
{ "type": "Feature", "properties": { "osmid": 2288537972 }, "geometry": { "type": "Point", "coordinates": [ 37.1606045, 36.2047629 ] } },
{ "type": "Feature", "properties": { "osmid": 2288537973 }, "geometry": { "type": "Point", "coordinates": [ 37.161214, 36.2058067 ] } },
{ "type": "Feature", "properties": { "osmid": 2288542888 }, "geometry": { "type": "Point", "coordinates": [ 37.1502716, 36.2095346 ] } },
{ "type": "Feature", "properties": { "osmid": 2288542964 }, "geometry": { "type": "Point", "coordinates": [ 37.1500149, 36.2095595 ] } },
{ "type": "Feature", "properties": { "osmid": 2288550033 }, "geometry": { "type": "Point", "coordinates": [ 37.158881, 36.2091112 ] } },
{ "type": "Feature", "properties": { "osmid": 2288550035 }, "geometry": { "type": "Point", "coordinates": [ 37.1588185, 36.2092933 ] } },
{ "type": "Feature", "properties": { "osmid": 2288551714 }, "geometry": { "type": "Point", "coordinates": [ 37.1640041, 36.2053409 ] } },
{ "type": "Feature", "properties": { "osmid": 2288551716 }, "geometry": { "type": "Point", "coordinates": [ 37.1634032, 36.2047827 ] } },
{ "type": "Feature", "properties": { "osmid": 2288551740 }, "geometry": { "type": "Point", "coordinates": [ 37.1637979, 36.2049032 ] } },
{ "type": "Feature", "properties": { "osmid": 2288552703 }, "geometry": { "type": "Point", "coordinates": [ 37.1659006, 36.2079743 ] } },
{ "type": "Feature", "properties": { "osmid": 2343576948 }, "geometry": { "type": "Point", "coordinates": [ 37.1557528, 36.1877681 ] } },
{ "type": "Feature", "properties": { "osmid": 2347391567 }, "geometry": { "type": "Point", "coordinates": [ 37.1683811, 36.1958856 ] } },
{ "type": "Feature", "properties": { "osmid": 2347391570 }, "geometry": { "type": "Point", "coordinates": [ 37.1680499, 36.1971837 ] } },
{ "type": "Feature", "properties": { "osmid": 2347391572 }, "geometry": { "type": "Point", "coordinates": [ 37.1687208, 36.1976275 ] } },
{ "type": "Feature", "properties": { "osmid": 2433633012 }, "geometry": { "type": "Point", "coordinates": [ 37.1728631, 36.1878999 ] } },
{ "type": "Feature", "properties": { "osmid": 2433633019 }, "geometry": { "type": "Point", "coordinates": [ 37.1728433, 36.1880943 ] } },
{ "type": "Feature", "properties": { "osmid": 2814366756 }, "geometry": { "type": "Point", "coordinates": [ 37.1683172, 36.1941175 ] } },
{ "type": "Feature", "properties": { "osmid": 2814366757 }, "geometry": { "type": "Point", "coordinates": [ 37.1682911, 36.1936126 ] } },
{ "type": "Feature", "properties": { "osmid": 3070459750 }, "geometry": { "type": "Point", "coordinates": [ 37.1736664, 36.1991476 ] } },
{ "type": "Feature", "properties": { "osmid": 3070708206 }, "geometry": { "type": "Point", "coordinates": [ 37.1688678, 36.1945585 ] } },
{ "type": "Feature", "properties": { "osmid": 3070708207 }, "geometry": { "type": "Point", "coordinates": [ 37.1685734, 36.1949142 ] } },
{ "type": "Feature", "properties": { "osmid": 3070708209 }, "geometry": { "type": "Point", "coordinates": [ 37.1699936, 36.2061582 ] } },
{ "type": "Feature", "properties": { "osmid": 3166777944 }, "geometry": { "type": "Point", "coordinates": [ 37.1482815, 36.2090824 ] } },
{ "type": "Feature", "properties": { "osmid": 3166777945 }, "geometry": { "type": "Point", "coordinates": [ 37.1460281, 36.2084727 ] } },
{ "type": "Feature", "properties": { "osmid": 3166777946 }, "geometry": { "type": "Point", "coordinates": [ 37.1483771, 36.2093651 ] } },
{ "type": "Feature", "properties": { "osmid": 3166777947 }, "geometry": { "type": "Point", "coordinates": [ 37.1477754, 36.2101389 ] } },
{ "type": "Feature", "properties": { "osmid": 3166781361 }, "geometry": { "type": "Point", "coordinates": [ 37.1467493, 36.2097187 ] } },
{ "type": "Feature", "properties": { "osmid": 3166781362 }, "geometry": { "type": "Point", "coordinates": [ 37.1466572, 36.2094302 ] } },
{ "type": "Feature", "properties": { "osmid": 3166784968 }, "geometry": { "type": "Point", "coordinates": [ 37.1463674, 36.2094837 ] } },
{ "type": "Feature", "properties": { "osmid": 3166784977 }, "geometry": { "type": "Point", "coordinates": [ 37.1464413, 36.2097815 ] } },
{ "type": "Feature", "properties": { "osmid": 3166784994 }, "geometry": { "type": "Point", "coordinates": [ 37.1465148, 36.20937 ] } },
{ "type": "Feature", "properties": { "osmid": 3166788166 }, "geometry": { "type": "Point", "coordinates": [ 37.1471303, 36.2099911 ] } },
{ "type": "Feature", "properties": { "osmid": 3166788171 }, "geometry": { "type": "Point", "coordinates": [ 37.1470263, 36.2101468 ] } },
{ "type": "Feature", "properties": { "osmid": 3166788176 }, "geometry": { "type": "Point", "coordinates": [ 37.1473053, 36.2100824 ] } },
{ "type": "Feature", "properties": { "osmid": 3166788180 }, "geometry": { "type": "Point", "coordinates": [ 37.147024, 36.209659 ] } },
{ "type": "Feature", "properties": { "osmid": 3166802143 }, "geometry": { "type": "Point", "coordinates": [ 37.1483295, 36.2092186 ] } },
{ "type": "Feature", "properties": { "osmid": 3166802144 }, "geometry": { "type": "Point", "coordinates": [ 37.1489251, 36.2090933 ] } },
{ "type": "Feature", "properties": { "osmid": 3167077084 }, "geometry": { "type": "Point", "coordinates": [ 37.1487169, 36.2029654 ] } },
{ "type": "Feature", "properties": { "osmid": 3167077085 }, "geometry": { "type": "Point", "coordinates": [ 37.1485044, 36.2028068 ] } },
{ "type": "Feature", "properties": { "osmid": 3167077090 }, "geometry": { "type": "Point", "coordinates": [ 37.1483059, 36.2029893 ] } },
{ "type": "Feature", "properties": { "osmid": 3167077103 }, "geometry": { "type": "Point", "coordinates": [ 37.1483315, 36.2030547 ] } },
{ "type": "Feature", "properties": { "osmid": 3167077105 }, "geometry": { "type": "Point", "coordinates": [ 37.1486792, 36.2030691 ] } },
{ "type": "Feature", "properties": { "osmid": 3167077107 }, "geometry": { "type": "Point", "coordinates": [ 37.1487441, 36.2032828 ] } },
{ "type": "Feature", "properties": { "osmid": 3167077108 }, "geometry": { "type": "Point", "coordinates": [ 37.1483056, 36.2033037 ] } },
{ "type": "Feature", "properties": { "osmid": 3167077109 }, "geometry": { "type": "Point", "coordinates": [ 37.1487938, 36.2036514 ] } },
{ "type": "Feature", "properties": { "osmid": 3167077110 }, "geometry": { "type": "Point", "coordinates": [ 37.1482822, 36.2036749 ] } },
{ "type": "Feature", "properties": { "osmid": 3177741281 }, "geometry": { "type": "Point", "coordinates": [ 37.1562866, 36.2021864 ] } },
{ "type": "Feature", "properties": { "osmid": 3177759527 }, "geometry": { "type": "Point", "coordinates": [ 37.1562999, 36.2022718 ] } },
{ "type": "Feature", "properties": { "osmid": 3177759529 }, "geometry": { "type": "Point", "coordinates": [ 37.1623829, 36.2020129 ] } },
{ "type": "Feature", "properties": { "osmid": 3177759530 }, "geometry": { "type": "Point", "coordinates": [ 37.1623821, 36.2020811 ] } },
{ "type": "Feature", "properties": { "osmid": 3177782358 }, "geometry": { "type": "Point", "coordinates": [ 37.1460763, 36.2024312 ] } },
{ "type": "Feature", "properties": { "osmid": 3177784464 }, "geometry": { "type": "Point", "coordinates": [ 37.1472785, 36.2020373 ] } },
{ "type": "Feature", "properties": { "osmid": 3177787069 }, "geometry": { "type": "Point", "coordinates": [ 37.1532372, 36.2023669 ] } },
{ "type": "Feature", "properties": { "osmid": 3200130735 }, "geometry": { "type": "Point", "coordinates": [ 37.1473193, 36.2031002 ] } },
{ "type": "Feature", "properties": { "osmid": 3200130741 }, "geometry": { "type": "Point", "coordinates": [ 37.1469374, 36.2025624 ] } },
{ "type": "Feature", "properties": { "osmid": 3200317675 }, "geometry": { "type": "Point", "coordinates": [ 37.147491, 36.2052963 ] } },
{ "type": "Feature", "properties": { "osmid": 3200317679 }, "geometry": { "type": "Point", "coordinates": [ 37.1473302, 36.2063806 ] } },
{ "type": "Feature", "properties": { "osmid": 3200317680 }, "geometry": { "type": "Point", "coordinates": [ 37.1473957, 36.2058948 ] } },
{ "type": "Feature", "properties": { "osmid": 3200317681 }, "geometry": { "type": "Point", "coordinates": [ 37.1479702, 36.205921 ] } },
{ "type": "Feature", "properties": { "osmid": 3200323958 }, "geometry": { "type": "Point", "coordinates": [ 37.1475441, 36.205905 ] } },
{ "type": "Feature", "properties": { "osmid": 3200323960 }, "geometry": { "type": "Point", "coordinates": [ 37.147652, 36.2063112 ] } },
{ "type": "Feature", "properties": { "osmid": 3200355041 }, "geometry": { "type": "Point", "coordinates": [ 37.1520469, 36.207156 ] } },
{ "type": "Feature", "properties": { "osmid": 3200355042 }, "geometry": { "type": "Point", "coordinates": [ 37.152823, 36.2068777 ] } },
{ "type": "Feature", "properties": { "osmid": 3200880237 }, "geometry": { "type": "Point", "coordinates": [ 37.1513478, 36.1990911 ] } },
{ "type": "Feature", "properties": { "osmid": 3200880242 }, "geometry": { "type": "Point", "coordinates": [ 37.1518952, 36.2023182 ] } },
{ "type": "Feature", "properties": { "osmid": 3200880243 }, "geometry": { "type": "Point", "coordinates": [ 37.1518951, 36.2023855 ] } },
{ "type": "Feature", "properties": { "osmid": 3213668332 }, "geometry": { "type": "Point", "coordinates": [ 37.1462102, 36.2085219 ] } },
{ "type": "Feature", "properties": { "osmid": 3215268244 }, "geometry": { "type": "Point", "coordinates": [ 37.1474543, 36.2095656 ] } },
{ "type": "Feature", "properties": { "osmid": 3503685281 }, "geometry": { "type": "Point", "coordinates": [ 37.1682555, 36.1907542 ] } },
{ "type": "Feature", "properties": { "osmid": 3503685283 }, "geometry": { "type": "Point", "coordinates": [ 37.1680303, 36.1906517 ] } },
{ "type": "Feature", "properties": { "osmid": 3503685288 }, "geometry": { "type": "Point", "coordinates": [ 37.1680456, 36.1907712 ] } },
{ "type": "Feature", "properties": { "osmid": 3503691696 }, "geometry": { "type": "Point", "coordinates": [ 37.168263, 36.1906536 ] } },
{ "type": "Feature", "properties": { "osmid": 3671070083 }, "geometry": { "type": "Point", "coordinates": [ 37.1511559, 36.1983969 ] } },
{ "type": "Feature", "properties": { "osmid": 3671070087 }, "geometry": { "type": "Point", "coordinates": [ 37.1512642, 36.1984389 ] } },
{ "type": "Feature", "properties": { "osmid": 3671070088 }, "geometry": { "type": "Point", "coordinates": [ 37.1511924, 36.1986377 ] } },
{ "type": "Feature", "properties": { "osmid": 3671070091 }, "geometry": { "type": "Point", "coordinates": [ 37.1508514, 36.1985201 ] } },
{ "type": "Feature", "properties": { "osmid": 3671070645 }, "geometry": { "type": "Point", "coordinates": [ 37.1512701, 36.198488 ] } },
{ "type": "Feature", "properties": { "osmid": 3671070646 }, "geometry": { "type": "Point", "coordinates": [ 37.1512151, 36.1982449 ] } },
{ "type": "Feature", "properties": { "osmid": 3671070647 }, "geometry": { "type": "Point", "coordinates": [ 37.1511962, 36.1985471 ] } },
{ "type": "Feature", "properties": { "osmid": 3749571317 }, "geometry": { "type": "Point", "coordinates": [ 37.1473594, 36.2076574 ] } },
{ "type": "Feature", "properties": { "osmid": 3749571318 }, "geometry": { "type": "Point", "coordinates": [ 37.1473251, 36.2077209 ] } },
{ "type": "Feature", "properties": { "osmid": 3749571323 }, "geometry": { "type": "Point", "coordinates": [ 37.1473669, 36.2088346 ] } },
{ "type": "Feature", "properties": { "osmid": 3749571326 }, "geometry": { "type": "Point", "coordinates": [ 37.1472736, 36.2092982 ] } },
{ "type": "Feature", "properties": { "osmid": 3749571327 }, "geometry": { "type": "Point", "coordinates": [ 37.1475454, 36.2095458 ] } },
{ "type": "Feature", "properties": { "osmid": 3749571328 }, "geometry": { "type": "Point", "coordinates": [ 37.1474471, 36.209261 ] } },
{ "type": "Feature", "properties": { "osmid": 3749571329 }, "geometry": { "type": "Point", "coordinates": [ 37.1475229, 36.2094805 ] } },
{ "type": "Feature", "properties": { "osmid": 3749571338 }, "geometry": { "type": "Point", "coordinates": [ 37.1474756, 36.2093435 ] } },
{ "type": "Feature", "properties": { "osmid": 3749575531 }, "geometry": { "type": "Point", "coordinates": [ 37.173519, 36.2019797 ] } },
{ "type": "Feature", "properties": { "osmid": 3749575541 }, "geometry": { "type": "Point", "coordinates": [ 37.1735588, 36.202088 ] } },
{ "type": "Feature", "properties": { "osmid": 3749575547 }, "geometry": { "type": "Point", "coordinates": [ 37.1733238, 36.2021683 ] } },
{ "type": "Feature", "properties": { "osmid": 4021447463 }, "geometry": { "type": "Point", "coordinates": [ 37.1679412, 36.1942177 ] } },
{ "type": "Feature", "properties": { "osmid": 4429078976 }, "geometry": { "type": "Point", "coordinates": [ 37.1696447, 36.1951789 ] } },
{ "type": "Feature", "properties": { "osmid": 4429078982 }, "geometry": { "type": "Point", "coordinates": [ 37.1721828, 36.1964662 ] } },
{ "type": "Feature", "properties": { "osmid": 4429080015 }, "geometry": { "type": "Point", "coordinates": [ 37.1738381, 36.200194 ] } },
{ "type": "Feature", "properties": { "osmid": 4429080029 }, "geometry": { "type": "Point", "coordinates": [ 37.1731391, 36.1968171 ] } },
{ "type": "Feature", "properties": { "osmid": 4429080031 }, "geometry": { "type": "Point", "coordinates": [ 37.1728353, 36.1961153 ] } },
{ "type": "Feature", "properties": { "osmid": 4429080032 }, "geometry": { "type": "Point", "coordinates": [ 37.1729413, 36.1962993 ] } },
{ "type": "Feature", "properties": { "osmid": 4429215076 }, "geometry": { "type": "Point", "coordinates": [ 37.1740897, 36.1952677 ] } },
{ "type": "Feature", "properties": { "osmid": 4449800749 }, "geometry": { "type": "Point", "coordinates": [ 37.1481283, 36.1994001 ] } },
{ "type": "Feature", "properties": { "osmid": 4449800750 }, "geometry": { "type": "Point", "coordinates": [ 37.1482258, 36.2005539 ] } },
{ "type": "Feature", "properties": { "osmid": 4449800753 }, "geometry": { "type": "Point", "coordinates": [ 37.1482986, 36.2005813 ] } },
{ "type": "Feature", "properties": { "osmid": 4449800757 }, "geometry": { "type": "Point", "coordinates": [ 37.1484178, 36.2007297 ] } },
{ "type": "Feature", "properties": { "osmid": 4449800758 }, "geometry": { "type": "Point", "coordinates": [ 37.1480383, 36.200782 ] } },
{ "type": "Feature", "properties": { "osmid": 4449800763 }, "geometry": { "type": "Point", "coordinates": [ 37.1482472, 36.2008835 ] } },
{ "type": "Feature", "properties": { "osmid": 4449800764 }, "geometry": { "type": "Point", "coordinates": [ 37.1483398, 36.2010247 ] } },
{ "type": "Feature", "properties": { "osmid": 4449800765 }, "geometry": { "type": "Point", "coordinates": [ 37.1483451, 36.2011642 ] } },
{ "type": "Feature", "properties": { "osmid": 4449800770 }, "geometry": { "type": "Point", "coordinates": [ 37.1490626, 36.2013263 ] } },
{ "type": "Feature", "properties": { "osmid": 4449800771 }, "geometry": { "type": "Point", "coordinates": [ 37.1488448, 36.2013386 ] } },
{ "type": "Feature", "properties": { "osmid": 4449800772 }, "geometry": { "type": "Point", "coordinates": [ 37.1486631, 36.201345 ] } },
{ "type": "Feature", "properties": { "osmid": 4449800773 }, "geometry": { "type": "Point", "coordinates": [ 37.148434, 36.201353 ] } },
{ "type": "Feature", "properties": { "osmid": 4449800774 }, "geometry": { "type": "Point", "coordinates": [ 37.1482834, 36.2013581 ] } },
{ "type": "Feature", "properties": { "osmid": 4449800775 }, "geometry": { "type": "Point", "coordinates": [ 37.1480386, 36.2013667 ] } },
{ "type": "Feature", "properties": { "osmid": 4449800776 }, "geometry": { "type": "Point", "coordinates": [ 37.1478569, 36.2013731 ] } },
{ "type": "Feature", "properties": { "osmid": 4449800777 }, "geometry": { "type": "Point", "coordinates": [ 37.1475722, 36.2013859 ] } },
{ "type": "Feature", "properties": { "osmid": 4449800778 }, "geometry": { "type": "Point", "coordinates": [ 37.1487176, 36.2013864 ] } },
{ "type": "Feature", "properties": { "osmid": 4449800779 }, "geometry": { "type": "Point", "coordinates": [ 37.1479925, 36.2014141 ] } },
{ "type": "Feature", "properties": { "osmid": 4449800780 }, "geometry": { "type": "Point", "coordinates": [ 37.1487541, 36.2014159 ] } },
{ "type": "Feature", "properties": { "osmid": 4449800781 }, "geometry": { "type": "Point", "coordinates": [ 37.1479481, 36.2014467 ] } },
{ "type": "Feature", "properties": { "osmid": 4449800782 }, "geometry": { "type": "Point", "coordinates": [ 37.1491056, 36.2015524 ] } },
{ "type": "Feature", "properties": { "osmid": 4449800783 }, "geometry": { "type": "Point", "coordinates": [ 37.1487542, 36.2015607 ] } },
{ "type": "Feature", "properties": { "osmid": 4449800784 }, "geometry": { "type": "Point", "coordinates": [ 37.1484424, 36.2015718 ] } },
{ "type": "Feature", "properties": { "osmid": 4449800786 }, "geometry": { "type": "Point", "coordinates": [ 37.1482984, 36.2015769 ] } },
{ "type": "Feature", "properties": { "osmid": 4449800788 }, "geometry": { "type": "Point", "coordinates": [ 37.1479482, 36.2015894 ] } },
{ "type": "Feature", "properties": { "osmid": 4449800989 }, "geometry": { "type": "Point", "coordinates": [ 37.1475849, 36.2016064 ] } },
{ "type": "Feature", "properties": { "osmid": 4449800992 }, "geometry": { "type": "Point", "coordinates": [ 37.1491252, 36.2017549 ] } },
{ "type": "Feature", "properties": { "osmid": 4449800993 }, "geometry": { "type": "Point", "coordinates": [ 37.1487258, 36.201775 ] } },
{ "type": "Feature", "properties": { "osmid": 4449800994 }, "geometry": { "type": "Point", "coordinates": [ 37.1480474, 36.2018049 ] } },
{ "type": "Feature", "properties": { "osmid": 4449800995 }, "geometry": { "type": "Point", "coordinates": [ 37.1475978, 36.2018319 ] } },
{ "type": "Feature", "properties": { "osmid": 4449800996 }, "geometry": { "type": "Point", "coordinates": [ 37.1486445, 36.2018489 ] } },
{ "type": "Feature", "properties": { "osmid": 4449800997 }, "geometry": { "type": "Point", "coordinates": [ 37.1481236, 36.2018596 ] } },
{ "type": "Feature", "properties": { "osmid": 4449801000 }, "geometry": { "type": "Point", "coordinates": [ 37.1487758, 36.2019496 ] } },
{ "type": "Feature", "properties": { "osmid": 4449801001 }, "geometry": { "type": "Point", "coordinates": [ 37.1479886, 36.2019737 ] } },
{ "type": "Feature", "properties": { "osmid": 4449801006 }, "geometry": { "type": "Point", "coordinates": [ 37.1484081, 36.2020636 ] } },
{ "type": "Feature", "properties": { "osmid": 4449801009 }, "geometry": { "type": "Point", "coordinates": [ 37.1484235, 36.202294 ] } },
{ "type": "Feature", "properties": { "osmid": 5020277334 }, "geometry": { "type": "Point", "coordinates": [ 37.1741798, 36.1872283 ] } },
{ "type": "Feature", "properties": { "osmid": 5063061086 }, "geometry": { "type": "Point", "coordinates": [ 37.1481577, 36.1997481 ] } },
{ "type": "Feature", "properties": { "osmid": 5063061087 }, "geometry": { "type": "Point", "coordinates": [ 37.1482028, 36.2002817 ] } },
{ "type": "Feature", "properties": { "osmid": 6321925710 }, "geometry": { "type": "Point", "coordinates": [ 37.1498169, 36.210176 ] } },
{ "type": "Feature", "properties": { "osmid": 6919384669 }, "geometry": { "type": "Point", "coordinates": [ 37.1539748, 36.2099614 ] } },
{ "type": "Feature", "properties": { "osmid": 6919384670 }, "geometry": { "type": "Point", "coordinates": [ 37.1534087, 36.2099252 ] } },
{ "type": "Feature", "properties": { "osmid": 6919384671 }, "geometry": { "type": "Point", "coordinates": [ 37.1530019, 36.2068467 ] } },
{ "type": "Feature", "properties": { "osmid": 6919384673 }, "geometry": { "type": "Point", "coordinates": [ 37.1533795, 36.2071624 ] } },
{ "type": "Feature", "properties": { "osmid": 6919384674 }, "geometry": { "type": "Point", "coordinates": [ 37.1538433, 36.2068476 ] } },
{ "type": "Feature", "properties": { "osmid": 6919384675 }, "geometry": { "type": "Point", "coordinates": [ 37.1494952, 36.207948 ] } },
{ "type": "Feature", "properties": { "osmid": 6919384676 }, "geometry": { "type": "Point", "coordinates": [ 37.1500319, 36.207948 ] } },
{ "type": "Feature", "properties": { "osmid": 6919384677 }, "geometry": { "type": "Point", "coordinates": [ 37.1511232, 36.2080012 ] } },
{ "type": "Feature", "properties": { "osmid": 7042917612 }, "geometry": { "type": "Point", "coordinates": [ 37.1668857, 36.1939948 ] } },
{ "type": "Feature", "properties": { "osmid": 7042917613 }, "geometry": { "type": "Point", "coordinates": [ 37.1662314, 36.1940675 ] } },
{ "type": "Feature", "properties": { "osmid": 7042917614 }, "geometry": { "type": "Point", "coordinates": [ 37.1662593, 36.1941629 ] } },
{ "type": "Feature", "properties": { "osmid": 7274658076 }, "geometry": { "type": "Point", "coordinates": [ 37.1626885, 36.188992 ] } },
{ "type": "Feature", "properties": { "osmid": 7274665273 }, "geometry": { "type": "Point", "coordinates": [ 37.1680641, 36.1903161 ] } },
{ "type": "Feature", "properties": { "osmid": 7274666021 }, "geometry": { "type": "Point", "coordinates": [ 37.1725993, 36.1960306 ] } },
{ "type": "Feature", "properties": { "osmid": 7274666022 }, "geometry": { "type": "Point", "coordinates": [ 37.1723378, 36.1960966 ] } },
{ "type": "Feature", "properties": { "osmid": 7274666031 }, "geometry": { "type": "Point", "coordinates": [ 37.172628, 36.1953656 ] } },
{ "type": "Feature", "properties": { "osmid": 7274666040 }, "geometry": { "type": "Point", "coordinates": [ 37.1737933, 36.1956935 ] } },
{ "type": "Feature", "properties": { "osmid": 7274666052 }, "geometry": { "type": "Point", "coordinates": [ 37.1733128, 36.1952524 ] } },
{ "type": "Feature", "properties": { "osmid": 7274666060 }, "geometry": { "type": "Point", "coordinates": [ 37.172537, 36.1951171 ] } },
{ "type": "Feature", "properties": { "osmid": 7274666061 }, "geometry": { "type": "Point", "coordinates": [ 37.1729243, 36.1960674 ] } },
{ "type": "Feature", "properties": { "osmid": 7274666064 }, "geometry": { "type": "Point", "coordinates": [ 37.1728474, 36.1959148 ] } },
{ "type": "Feature", "properties": { "osmid": 7274676593 }, "geometry": { "type": "Point", "coordinates": [ 37.1624672, 36.1897185 ] } },
{ "type": "Feature", "properties": { "osmid": 7274676596 }, "geometry": { "type": "Point", "coordinates": [ 37.1632026, 36.1898903 ] } },
{ "type": "Feature", "properties": { "osmid": 7274676602 }, "geometry": { "type": "Point", "coordinates": [ 37.1626993, 36.1898332 ] } },
{ "type": "Feature", "properties": { "osmid": 7274676608 }, "geometry": { "type": "Point", "coordinates": [ 37.1624859, 36.1902427 ] } },
{ "type": "Feature", "properties": { "osmid": 7274676609 }, "geometry": { "type": "Point", "coordinates": [ 37.1632501, 36.190199 ] } },
{ "type": "Feature", "properties": { "osmid": 7274676625 }, "geometry": { "type": "Point", "coordinates": [ 37.162212, 36.19044 ] } },
{ "type": "Feature", "properties": { "osmid": 7274676626 }, "geometry": { "type": "Point", "coordinates": [ 37.1648534, 36.1908529 ] } },
{ "type": "Feature", "properties": { "osmid": 7274676697 }, "geometry": { "type": "Point", "coordinates": [ 37.1633917, 36.1907092 ] } },
{ "type": "Feature", "properties": { "osmid": 7274676704 }, "geometry": { "type": "Point", "coordinates": [ 37.1647164, 36.1896688 ] } },
{ "type": "Feature", "properties": { "osmid": 7274676705 }, "geometry": { "type": "Point", "coordinates": [ 37.1658026, 36.1901179 ] } },
{ "type": "Feature", "properties": { "osmid": 7274676713 }, "geometry": { "type": "Point", "coordinates": [ 37.1651347, 36.1911364 ] } },
{ "type": "Feature", "properties": { "osmid": 7274676716 }, "geometry": { "type": "Point", "coordinates": [ 37.1650918, 36.1908604 ] } },
{ "type": "Feature", "properties": { "osmid": 7274676721 }, "geometry": { "type": "Point", "coordinates": [ 37.1654324, 36.1905693 ] } },
{ "type": "Feature", "properties": { "osmid": 7274676730 }, "geometry": { "type": "Point", "coordinates": [ 37.1670136, 36.1905617 ] } },
{ "type": "Feature", "properties": { "osmid": 7274676738 }, "geometry": { "type": "Point", "coordinates": [ 37.1667145, 36.1903095 ] } },
{ "type": "Feature", "properties": { "osmid": 7274676745 }, "geometry": { "type": "Point", "coordinates": [ 37.1663813, 36.1886924 ] } },
{ "type": "Feature", "properties": { "osmid": 7274676765 }, "geometry": { "type": "Point", "coordinates": [ 37.1652943, 36.1893408 ] } },
{ "type": "Feature", "properties": { "osmid": 7274676771 }, "geometry": { "type": "Point", "coordinates": [ 37.1649268, 36.1911007 ] } },
{ "type": "Feature", "properties": { "osmid": 7274676780 }, "geometry": { "type": "Point", "coordinates": [ 37.16409, 36.1890756 ] } },
{ "type": "Feature", "properties": { "osmid": 7314713681 }, "geometry": { "type": "Point", "coordinates": [ 37.1724784, 36.1949434 ] } },
{ "type": "Feature", "properties": { "osmid": 7725494110 }, "geometry": { "type": "Point", "coordinates": [ 37.1736832, 36.1876087 ] } },
{ "type": "Feature", "properties": { "osmid": 7725494112 }, "geometry": { "type": "Point", "coordinates": [ 37.1732825, 36.187556 ] } },
{ "type": "Feature", "properties": { "osmid": 7725494113 }, "geometry": { "type": "Point", "coordinates": [ 37.1739244, 36.1873983 ] } },
{ "type": "Feature", "properties": { "osmid": 7725494119 }, "geometry": { "type": "Point", "coordinates": [ 37.1745854, 36.1868123 ] } },
{ "type": "Feature", "properties": { "osmid": 7725494129 }, "geometry": { "type": "Point", "coordinates": [ 37.1732981, 36.1868601 ] } },
{ "type": "Feature", "properties": { "osmid": 7725494134 }, "geometry": { "type": "Point", "coordinates": [ 37.1718184, 36.1868533 ] } },
{ "type": "Feature", "properties": { "osmid": 7725494176 }, "geometry": { "type": "Point", "coordinates": [ 37.1732539, 36.1879469 ] } },
{ "type": "Feature", "properties": { "osmid": 7725494180 }, "geometry": { "type": "Point", "coordinates": [ 37.1733181, 36.1871575 ] } },
{ "type": "Feature", "properties": { "osmid": 7725494236 }, "geometry": { "type": "Point", "coordinates": [ 37.1733398, 36.1869189 ] } },
{ "type": "Feature", "properties": { "osmid": 7725494240 }, "geometry": { "type": "Point", "coordinates": [ 37.1733152, 36.1871738 ] } },
{ "type": "Feature", "properties": { "osmid": 7725494254 }, "geometry": { "type": "Point", "coordinates": [ 37.1733512, 36.1879588 ] } },
{ "type": "Feature", "properties": { "osmid": 7725494261 }, "geometry": { "type": "Point", "coordinates": [ 37.1744604, 36.1869173 ] } },
{ "type": "Feature", "properties": { "osmid": 7725494275 }, "geometry": { "type": "Point", "coordinates": [ 37.174448, 36.1869982 ] } },
{ "type": "Feature", "properties": { "osmid": 7727427492 }, "geometry": { "type": "Point", "coordinates": [ 37.1714536, 36.1869567 ] } },
{ "type": "Feature", "properties": { "osmid": 7727427493 }, "geometry": { "type": "Point", "coordinates": [ 37.1698633, 36.1869715 ] } },
{ "type": "Feature", "properties": { "osmid": 7727427494 }, "geometry": { "type": "Point", "coordinates": [ 37.1732715, 36.1872177 ] } },
{ "type": "Feature", "properties": { "osmid": 7727427496 }, "geometry": { "type": "Point", "coordinates": [ 37.1717977, 36.187149 ] } },
{ "type": "Feature", "properties": { "osmid": 7727427520 }, "geometry": { "type": "Point", "coordinates": [ 37.1732636, 36.1881948 ] } },
{ "type": "Feature", "properties": { "osmid": 7727427552 }, "geometry": { "type": "Point", "coordinates": [ 37.1717507, 36.18774 ] } },
{ "type": "Feature", "properties": { "osmid": 7740346971 }, "geometry": { "type": "Point", "coordinates": [ 37.1732333, 36.1879421 ] } },
{ "type": "Feature", "properties": { "osmid": 7853408341 }, "geometry": { "type": "Point", "coordinates": [ 37.1732217, 36.1881865 ] } },
{ "type": "Feature", "properties": { "osmid": 7853408342 }, "geometry": { "type": "Point", "coordinates": [ 37.1730613, 36.1885449 ] } },
{ "type": "Feature", "properties": { "osmid": 7853408344 }, "geometry": { "type": "Point", "coordinates": [ 37.1731193, 36.1884243 ] } },
{ "type": "Feature", "properties": { "osmid": 8280982085 }, "geometry": { "type": "Point", "coordinates": [ 37.1475084, 36.2000671 ] } },
{ "type": "Feature", "properties": { "osmid": 8280982086 }, "geometry": { "type": "Point", "coordinates": [ 37.1479386, 36.2000564 ] } },
{ "type": "Feature", "properties": { "osmid": 8280982087 }, "geometry": { "type": "Point", "coordinates": [ 37.1475427, 36.2007838 ] } },
{ "type": "Feature", "properties": { "osmid": 8280982088 }, "geometry": { "type": "Point", "coordinates": [ 37.1482498, 36.2010323 ] } },
{ "type": "Feature", "properties": { "osmid": 8280982089 }, "geometry": { "type": "Point", "coordinates": [ 37.1489532, 36.200698 ] } },
{ "type": "Feature", "properties": { "osmid": 8280982092 }, "geometry": { "type": "Point", "coordinates": [ 37.148128, 36.2005881 ] } },
{ "type": "Feature", "properties": { "osmid": 8280982096 }, "geometry": { "type": "Point", "coordinates": [ 37.1484748, 36.202292 ] } },
{ "type": "Feature", "properties": { "osmid": 8280982097 }, "geometry": { "type": "Point", "coordinates": [ 37.1484889, 36.2025544 ] } },
{ "type": "Feature", "properties": { "osmid": 8280982098 }, "geometry": { "type": "Point", "coordinates": [ 37.1470488, 36.2069614 ] } },
{ "type": "Feature", "properties": { "osmid": 8280982099 }, "geometry": { "type": "Point", "coordinates": [ 37.1473507, 36.2064506 ] } },
{ "type": "Feature", "properties": { "osmid": 8280982100 }, "geometry": { "type": "Point", "coordinates": [ 37.1476727, 36.2063801 ] } },
{ "type": "Feature", "properties": { "osmid": 8280982101 }, "geometry": { "type": "Point", "coordinates": [ 37.1480256, 36.2067644 ] } },
{ "type": "Feature", "properties": { "osmid": 9422576612 }, "geometry": { "type": "Point", "coordinates": [ 37.1518006, 36.2093769 ] } },
{ "type": "Feature", "properties": { "osmid": 9425147019 }, "geometry": { "type": "Point", "coordinates": [ 37.1631419, 36.2009286 ] } },
{ "type": "Feature", "properties": { "osmid": 9425147020 }, "geometry": { "type": "Point", "coordinates": [ 37.1631925, 36.2009286 ] } },
{ "type": "Feature", "properties": { "osmid": 9425147034 }, "geometry": { "type": "Point", "coordinates": [ 37.1639422, 36.2008839 ] } },
{ "type": "Feature", "properties": { "osmid": 9425147038 }, "geometry": { "type": "Point", "coordinates": [ 37.1651375, 36.2002866 ] } },
{ "type": "Feature", "properties": { "osmid": 9425147046 }, "geometry": { "type": "Point", "coordinates": [ 37.1655981, 36.1993111 ] } },
{ "type": "Feature", "properties": { "osmid": 9425147049 }, "geometry": { "type": "Point", "coordinates": [ 37.1652793, 36.1983989 ] } },
{ "type": "Feature", "properties": { "osmid": 9425147060 }, "geometry": { "type": "Point", "coordinates": [ 37.165524, 36.1987422 ] } },
{ "type": "Feature", "properties": { "osmid": 9425147066 }, "geometry": { "type": "Point", "coordinates": [ 37.1652205, 36.1984408 ] } },
{ "type": "Feature", "properties": { "osmid": 9425147091 }, "geometry": { "type": "Point", "coordinates": [ 37.1633523, 36.2009231 ] } },
{ "type": "Feature", "properties": { "osmid": 9425147096 }, "geometry": { "type": "Point", "coordinates": [ 37.1631598, 36.2011064 ] } },
{ "type": "Feature", "properties": { "osmid": 9425147104 }, "geometry": { "type": "Point", "coordinates": [ 37.1630103, 36.2009295 ] } },
{ "type": "Feature", "properties": { "osmid": 9425147121 }, "geometry": { "type": "Point", "coordinates": [ 37.1595007, 36.2000387 ] } },
{ "type": "Feature", "properties": { "osmid": 9425147125 }, "geometry": { "type": "Point", "coordinates": [ 37.1584167, 36.2000349 ] } },
{ "type": "Feature", "properties": { "osmid": 9425147126 }, "geometry": { "type": "Point", "coordinates": [ 37.160762, 36.2002722 ] } },
{ "type": "Feature", "properties": { "osmid": 9425147131 }, "geometry": { "type": "Point", "coordinates": [ 37.1604952, 36.1998808 ] } },
{ "type": "Feature", "properties": { "osmid": 9425147133 }, "geometry": { "type": "Point", "coordinates": [ 37.1603283, 36.2000161 ] } },
{ "type": "Feature", "properties": { "osmid": 9425147144 }, "geometry": { "type": "Point", "coordinates": [ 37.1628954, 36.2021134 ] } },
{ "type": "Feature", "properties": { "osmid": 9425147154 }, "geometry": { "type": "Point", "coordinates": [ 37.1630877, 36.2014441 ] } },
{ "type": "Feature", "properties": { "osmid": 9425147156 }, "geometry": { "type": "Point", "coordinates": [ 37.1628178, 36.2020873 ] } },
{ "type": "Feature", "properties": { "osmid": 9425147161 }, "geometry": { "type": "Point", "coordinates": [ 37.1630781, 36.2012352 ] } },
{ "type": "Feature", "properties": { "osmid": 9425147164 }, "geometry": { "type": "Point", "coordinates": [ 37.1631505, 36.2008833 ] } },
{ "type": "Feature", "properties": { "osmid": 9425147165 }, "geometry": { "type": "Point", "coordinates": [ 37.1631133, 36.2010698 ] } },
{ "type": "Feature", "properties": { "osmid": 9425147167 }, "geometry": { "type": "Point", "coordinates": [ 37.1628502, 36.202011 ] } },
{ "type": "Feature", "properties": { "osmid": 9425147168 }, "geometry": { "type": "Point", "coordinates": [ 37.1629428, 36.2020118 ] } },
{ "type": "Feature", "properties": { "osmid": 9425147172 }, "geometry": { "type": "Point", "coordinates": [ 37.156165, 36.2020251 ] } },
{ "type": "Feature", "properties": { "osmid": 9425147178 }, "geometry": { "type": "Point", "coordinates": [ 37.1564735, 36.2000568 ] } },
{ "type": "Feature", "properties": { "osmid": 9425147179 }, "geometry": { "type": "Point", "coordinates": [ 37.1559999, 36.2020931 ] } },
{ "type": "Feature", "properties": { "osmid": 9425147205 }, "geometry": { "type": "Point", "coordinates": [ 37.1542044, 36.2033833 ] } },
{ "type": "Feature", "properties": { "osmid": 9425147216 }, "geometry": { "type": "Point", "coordinates": [ 37.1526838, 36.203576 ] } },
{ "type": "Feature", "properties": { "osmid": 9425147219 }, "geometry": { "type": "Point", "coordinates": [ 37.1526429, 36.2039093 ] } },
{ "type": "Feature", "properties": { "osmid": 9425147220 }, "geometry": { "type": "Point", "coordinates": [ 37.1525144, 36.2038793 ] } },
{ "type": "Feature", "properties": { "osmid": 9425147224 }, "geometry": { "type": "Point", "coordinates": [ 37.1525241, 36.2039734 ] } },
{ "type": "Feature", "properties": { "osmid": 9425147253 }, "geometry": { "type": "Point", "coordinates": [ 37.1528158, 36.2048278 ] } },
{ "type": "Feature", "properties": { "osmid": 9425147656 }, "geometry": { "type": "Point", "coordinates": [ 37.1460469, 36.2083312 ] } },
{ "type": "Feature", "properties": { "osmid": 9425507658 }, "geometry": { "type": "Point", "coordinates": [ 37.1553875, 36.1942914 ] } },
{ "type": "Feature", "properties": { "osmid": 9425507665 }, "geometry": { "type": "Point", "coordinates": [ 37.1510399, 36.1946912 ] } },
{ "type": "Feature", "properties": { "osmid": 9425507668 }, "geometry": { "type": "Point", "coordinates": [ 37.1510343, 36.1946187 ] } },
{ "type": "Feature", "properties": { "osmid": 9427726212 }, "geometry": { "type": "Point", "coordinates": [ 37.1682246, 36.1922923 ] } },
{ "type": "Feature", "properties": { "osmid": 9427726214 }, "geometry": { "type": "Point", "coordinates": [ 37.1680485, 36.1922891 ] } },
{ "type": "Feature", "properties": { "osmid": 9427736819 }, "geometry": { "type": "Point", "coordinates": [ 37.1680476, 36.1924622 ] } },
{ "type": "Feature", "properties": { "osmid": 9427736821 }, "geometry": { "type": "Point", "coordinates": [ 37.1682207, 36.1924547 ] } },
{ "type": "Feature", "properties": { "osmid": 9591551514 }, "geometry": { "type": "Point", "coordinates": [ 37.1604892, 36.1973581 ] } },
{ "type": "Feature", "properties": { "osmid": 9591551741 }, "geometry": { "type": "Point", "coordinates": [ 37.1607774, 36.196147 ] } },
{ "type": "Feature", "properties": { "osmid": 10033803392 }, "geometry": { "type": "Point", "coordinates": [ 37.1609006, 36.1973424 ] } },
{ "type": "Feature", "properties": { "osmid": 10033803393 }, "geometry": { "type": "Point", "coordinates": [ 37.1614005, 36.196565 ] } },
{ "type": "Feature", "properties": { "osmid": 10033803401 }, "geometry": { "type": "Point", "coordinates": [ 37.1617837, 36.1965648 ] } },
{ "type": "Feature", "properties": { "osmid": 10033803407 }, "geometry": { "type": "Point", "coordinates": [ 37.1620923, 36.1959322 ] } },
{ "type": "Feature", "properties": { "osmid": 10033803408 }, "geometry": { "type": "Point", "coordinates": [ 37.1620291, 36.1960123 ] } },
{ "type": "Feature", "properties": { "osmid": 10033803424 }, "geometry": { "type": "Point", "coordinates": [ 37.1613868, 36.1960431 ] } },
{ "type": "Feature", "properties": { "osmid": 10033803429 }, "geometry": { "type": "Point", "coordinates": [ 37.1616305, 36.1965649 ] } },
{ "type": "Feature", "properties": { "osmid": 10033803442 }, "geometry": { "type": "Point", "coordinates": [ 37.1630835, 36.1966378 ] } },
{ "type": "Feature", "properties": { "osmid": 10033803448 }, "geometry": { "type": "Point", "coordinates": [ 37.1631421, 36.1963781 ] } },
{ "type": "Feature", "properties": { "osmid": 10033803465 }, "geometry": { "type": "Point", "coordinates": [ 37.163565, 36.1948082 ] } },
{ "type": "Feature", "properties": { "osmid": 10033803486 }, "geometry": { "type": "Point", "coordinates": [ 37.1659309, 36.1941659 ] } },
{ "type": "Feature", "properties": { "osmid": 10033803497 }, "geometry": { "type": "Point", "coordinates": [ 37.1624567, 36.1949375 ] } },
{ "type": "Feature", "properties": { "osmid": 10033803535 }, "geometry": { "type": "Point", "coordinates": [ 37.1607636, 36.1917769 ] } },
{ "type": "Feature", "properties": { "osmid": 10033803536 }, "geometry": { "type": "Point", "coordinates": [ 37.1619489, 36.1950882 ] } },
{ "type": "Feature", "properties": { "osmid": 10033803546 }, "geometry": { "type": "Point", "coordinates": [ 37.1615694, 36.1978382 ] } },
{ "type": "Feature", "properties": { "osmid": 10035794573 }, "geometry": { "type": "Point", "coordinates": [ 37.1628217, 36.1951194 ] } },
{ "type": "Feature", "properties": { "osmid": 10196768802 }, "geometry": { "type": "Point", "coordinates": [ 37.1636134, 36.1943248 ] } },
{ "type": "Feature", "properties": { "osmid": 10289544325 }, "geometry": { "type": "Point", "coordinates": [ 37.1743933, 36.1932981 ] } },
{ "type": "Feature", "properties": { "osmid": 10634671086 }, "geometry": { "type": "Point", "coordinates": [ 37.1617511, 36.1998106 ] } },
{ "type": "Feature", "properties": { "osmid": 10634671090 }, "geometry": { "type": "Point", "coordinates": [ 37.1620095, 36.1999296 ] } },
{ "type": "Feature", "properties": { "osmid": 10634671094 }, "geometry": { "type": "Point", "coordinates": [ 37.1613995, 36.1992719 ] } },
{ "type": "Feature", "properties": { "osmid": 10634671101 }, "geometry": { "type": "Point", "coordinates": [ 37.1630124, 36.1989381 ] } },
{ "type": "Feature", "properties": { "osmid": 10634672905 }, "geometry": { "type": "Point", "coordinates": [ 37.1635111, 36.1989453 ] } },
{ "type": "Feature", "properties": { "osmid": 10634672911 }, "geometry": { "type": "Point", "coordinates": [ 37.1633702, 36.1996702 ] } },
{ "type": "Feature", "properties": { "osmid": 10634672912 }, "geometry": { "type": "Point", "coordinates": [ 37.1634728, 36.19961 ] } },
{ "type": "Feature", "properties": { "osmid": 10634672913 }, "geometry": { "type": "Point", "coordinates": [ 37.1637886, 36.1994864 ] } },
{ "type": "Feature", "properties": { "osmid": 10634672914 }, "geometry": { "type": "Point", "coordinates": [ 37.1639514, 36.1997935 ] } },
{ "type": "Feature", "properties": { "osmid": 10634672916 }, "geometry": { "type": "Point", "coordinates": [ 37.1639954, 36.1997634 ] } },
{ "type": "Feature", "properties": { "osmid": 10634672917 }, "geometry": { "type": "Point", "coordinates": [ 37.1635562, 36.1992064 ] } },
{ "type": "Feature", "properties": { "osmid": 10634672945 }, "geometry": { "type": "Point", "coordinates": [ 37.1640823, 36.1994019 ] } },
{ "type": "Feature", "properties": { "osmid": 10634672946 }, "geometry": { "type": "Point", "coordinates": [ 37.1640953, 36.1995833 ] } },
{ "type": "Feature", "properties": { "osmid": 10634672950 }, "geometry": { "type": "Point", "coordinates": [ 37.1638671, 36.1996345 ] } },
{ "type": "Feature", "properties": { "osmid": 10634672952 }, "geometry": { "type": "Point", "coordinates": [ 37.1641517, 36.1995631 ] } },
{ "type": "Feature", "properties": { "osmid": 10634672953 }, "geometry": { "type": "Point", "coordinates": [ 37.1642044, 36.1995773 ] } },
{ "type": "Feature", "properties": { "osmid": 10634672960 }, "geometry": { "type": "Point", "coordinates": [ 37.1642637, 36.1994007 ] } },
{ "type": "Feature", "properties": { "osmid": 10634672961 }, "geometry": { "type": "Point", "coordinates": [ 37.1642957, 36.1992609 ] } },
{ "type": "Feature", "properties": { "osmid": 10634672963 }, "geometry": { "type": "Point", "coordinates": [ 37.1643284, 36.1995465 ] } },
{ "type": "Feature", "properties": { "osmid": 10634672965 }, "geometry": { "type": "Point", "coordinates": [ 37.1641339, 36.1997654 ] } },
{ "type": "Feature", "properties": { "osmid": 10634672966 }, "geometry": { "type": "Point", "coordinates": [ 37.1642731, 36.1996177 ] } },
{ "type": "Feature", "properties": { "osmid": 10634930965 }, "geometry": { "type": "Point", "coordinates": [ 37.1629307, 36.1973098 ] } },
{ "type": "Feature", "properties": { "osmid": 10634930967 }, "geometry": { "type": "Point", "coordinates": [ 37.1628799, 36.1966096 ] } },
{ "type": "Feature", "properties": { "osmid": 10636798614 }, "geometry": { "type": "Point", "coordinates": [ 37.1476597, 36.2029976 ] } },
{ "type": "Feature", "properties": { "osmid": 10636798615 }, "geometry": { "type": "Point", "coordinates": [ 37.147667, 36.2033437 ] } },
{ "type": "Feature", "properties": { "osmid": 10636798616 }, "geometry": { "type": "Point", "coordinates": [ 37.1476854, 36.2036998 ] } },
{ "type": "Feature", "properties": { "osmid": 10636798617 }, "geometry": { "type": "Point", "coordinates": [ 37.1482389, 36.2040317 ] } },
{ "type": "Feature", "properties": { "osmid": 10636798618 }, "geometry": { "type": "Point", "coordinates": [ 37.1488574, 36.2040112 ] } },
{ "type": "Feature", "properties": { "osmid": 10636798619 }, "geometry": { "type": "Point", "coordinates": [ 37.1492889, 36.2029354 ] } },
{ "type": "Feature", "properties": { "osmid": 10636798622 }, "geometry": { "type": "Point", "coordinates": [ 37.1477662, 36.1996654 ] } },
{ "type": "Feature", "properties": { "osmid": 10636798623 }, "geometry": { "type": "Point", "coordinates": [ 37.1479272, 36.1994899 ] } },
{ "type": "Feature", "properties": { "osmid": 10636798650 }, "geometry": { "type": "Point", "coordinates": [ 37.1476994, 36.1996897 ] } },
{ "type": "Feature", "properties": { "osmid": 10636798661 }, "geometry": { "type": "Point", "coordinates": [ 37.1480213, 36.1997977 ] } },
{ "type": "Feature", "properties": { "osmid": 10636798662 }, "geometry": { "type": "Point", "coordinates": [ 37.1478271, 36.1995767 ] } },
{ "type": "Feature", "properties": { "osmid": 10636798663 }, "geometry": { "type": "Point", "coordinates": [ 37.1483067, 36.1997898 ] } },
{ "type": "Feature", "properties": { "osmid": 10636798667 }, "geometry": { "type": "Point", "coordinates": [ 37.147711, 36.2007832 ] } },
{ "type": "Feature", "properties": { "osmid": 10636798668 }, "geometry": { "type": "Point", "coordinates": [ 37.1478903, 36.2004315 ] } },
{ "type": "Feature", "properties": { "osmid": 10636798669 }, "geometry": { "type": "Point", "coordinates": [ 37.1484235, 36.2003974 ] } },
{ "type": "Feature", "properties": { "osmid": 10636798670 }, "geometry": { "type": "Point", "coordinates": [ 37.1479656, 36.2004298 ] } },
{ "type": "Feature", "properties": { "osmid": 10637208355 }, "geometry": { "type": "Point", "coordinates": [ 37.1696094, 36.2012669 ] } },
{ "type": "Feature", "properties": { "osmid": 10637208365 }, "geometry": { "type": "Point", "coordinates": [ 37.1686873, 36.2015392 ] } },
{ "type": "Feature", "properties": { "osmid": 10640442845 }, "geometry": { "type": "Point", "coordinates": [ 37.1677499, 36.201688 ] } },
{ "type": "Feature", "properties": { "osmid": 10641862780 }, "geometry": { "type": "Point", "coordinates": [ 37.159994, 36.2083743 ] } },
{ "type": "Feature", "properties": { "osmid": 10641862782 }, "geometry": { "type": "Point", "coordinates": [ 37.1598051, 36.2087668 ] } },
{ "type": "Feature", "properties": { "osmid": 10641862921 }, "geometry": { "type": "Point", "coordinates": [ 37.1609643, 36.2054067 ] } },
{ "type": "Feature", "properties": { "osmid": 10641863228 }, "geometry": { "type": "Point", "coordinates": [ 37.1566428, 36.2054501 ] } },
{ "type": "Feature", "properties": { "osmid": 10641863229 }, "geometry": { "type": "Point", "coordinates": [ 37.1566643, 36.2049427 ] } },
{ "type": "Feature", "properties": { "osmid": 10642709382 }, "geometry": { "type": "Point", "coordinates": [ 37.1461367, 36.1954566 ] } },
{ "type": "Feature", "properties": { "osmid": 10642709387 }, "geometry": { "type": "Point", "coordinates": [ 37.1465653, 36.1957885 ] } },
{ "type": "Feature", "properties": { "osmid": 10644478231 }, "geometry": { "type": "Point", "coordinates": [ 37.1585822, 36.1952217 ] } },
{ "type": "Feature", "properties": { "osmid": 10647993065 }, "geometry": { "type": "Point", "coordinates": [ 37.1613625, 36.2028337 ] } },
{ "type": "Feature", "properties": { "osmid": 10648192882 }, "geometry": { "type": "Point", "coordinates": [ 37.1665519, 36.1981191 ] } },
{ "type": "Feature", "properties": { "osmid": 10648192883 }, "geometry": { "type": "Point", "coordinates": [ 37.1662745, 36.198112 ] } },
{ "type": "Feature", "properties": { "osmid": 10648192884 }, "geometry": { "type": "Point", "coordinates": [ 37.1665952, 36.1986145 ] } },
{ "type": "Feature", "properties": { "osmid": 10648192888 }, "geometry": { "type": "Point", "coordinates": [ 37.1661159, 36.1985184 ] } },
{ "type": "Feature", "properties": { "osmid": 10648194886 }, "geometry": { "type": "Point", "coordinates": [ 37.1696521, 36.1958966 ] } },
{ "type": "Feature", "properties": { "osmid": 10648194890 }, "geometry": { "type": "Point", "coordinates": [ 37.1697498, 36.1962515 ] } },
{ "type": "Feature", "properties": { "osmid": 10648321840 }, "geometry": { "type": "Point", "coordinates": [ 37.1536488, 36.2035861 ] } },
{ "type": "Feature", "properties": { "osmid": 10648321929 }, "geometry": { "type": "Point", "coordinates": [ 37.1545856, 36.2031213 ] } },
{ "type": "Feature", "properties": { "osmid": 10648321934 }, "geometry": { "type": "Point", "coordinates": [ 37.1542671, 36.2029888 ] } },
{ "type": "Feature", "properties": { "osmid": 10648321963 }, "geometry": { "type": "Point", "coordinates": [ 37.154772, 36.2034427 ] } },
{ "type": "Feature", "properties": { "osmid": 10648322333 }, "geometry": { "type": "Point", "coordinates": [ 37.1558851, 36.2037284 ] } },
{ "type": "Feature", "properties": { "osmid": 10648805459 }, "geometry": { "type": "Point", "coordinates": [ 37.1691339, 36.2046407 ] } },
{ "type": "Feature", "properties": { "osmid": 10648805464 }, "geometry": { "type": "Point", "coordinates": [ 37.1686205, 36.2047388 ] } },
{ "type": "Feature", "properties": { "osmid": 10648812461 }, "geometry": { "type": "Point", "coordinates": [ 37.1683037, 36.2045226 ] } },
{ "type": "Feature", "properties": { "osmid": 10648812463 }, "geometry": { "type": "Point", "coordinates": [ 37.1688394, 36.2042223 ] } },
{ "type": "Feature", "properties": { "osmid": 10648894214 }, "geometry": { "type": "Point", "coordinates": [ 37.1681571, 36.2058563 ] } },
{ "type": "Feature", "properties": { "osmid": 10650392209 }, "geometry": { "type": "Point", "coordinates": [ 37.1711207, 36.1987312 ] } },
{ "type": "Feature", "properties": { "osmid": 10650392213 }, "geometry": { "type": "Point", "coordinates": [ 37.1709914, 36.198449 ] } },
{ "type": "Feature", "properties": { "osmid": 10650392214 }, "geometry": { "type": "Point", "coordinates": [ 37.1717358, 36.1986071 ] } },
{ "type": "Feature", "properties": { "osmid": 10650392217 }, "geometry": { "type": "Point", "coordinates": [ 37.1715941, 36.1981757 ] } },
{ "type": "Feature", "properties": { "osmid": 10654414076 }, "geometry": { "type": "Point", "coordinates": [ 37.1622319, 36.1869814 ] } },
{ "type": "Feature", "properties": { "osmid": 10655115061 }, "geometry": { "type": "Point", "coordinates": [ 37.1549026, 36.2099653 ] } },
{ "type": "Feature", "properties": { "osmid": 10655907513 }, "geometry": { "type": "Point", "coordinates": [ 37.1670352, 36.2077487 ] } },
{ "type": "Feature", "properties": { "osmid": 10655907572 }, "geometry": { "type": "Point", "coordinates": [ 37.1669358, 36.2084594 ] } },
{ "type": "Feature", "properties": { "osmid": 10656729892 }, "geometry": { "type": "Point", "coordinates": [ 37.1711998, 36.1992795 ] } },
{ "type": "Feature", "properties": { "osmid": 10669833240 }, "geometry": { "type": "Point", "coordinates": [ 37.1622745, 36.1933835 ] } },
{ "type": "Feature", "properties": { "osmid": 10669833243 }, "geometry": { "type": "Point", "coordinates": [ 37.1624854, 36.1931965 ] } },
{ "type": "Feature", "properties": { "osmid": 10669851684 }, "geometry": { "type": "Point", "coordinates": [ 37.1655555, 36.1933752 ] } },
{ "type": "Feature", "properties": { "osmid": 10669886585 }, "geometry": { "type": "Point", "coordinates": [ 37.1639541, 36.196764 ] } },
{ "type": "Feature", "properties": { "osmid": 10669886592 }, "geometry": { "type": "Point", "coordinates": [ 37.1642118, 36.1960203 ] } },
{ "type": "Feature", "properties": { "osmid": 10669886595 }, "geometry": { "type": "Point", "coordinates": [ 37.1639462, 36.1956718 ] } },
{ "type": "Feature", "properties": { "osmid": 10669891720 }, "geometry": { "type": "Point", "coordinates": [ 37.1629514, 36.1936155 ] } },
{ "type": "Feature", "properties": { "osmid": 10669891721 }, "geometry": { "type": "Point", "coordinates": [ 37.1625312, 36.1934895 ] } },
{ "type": "Feature", "properties": { "osmid": 10669957042 }, "geometry": { "type": "Point", "coordinates": [ 37.1551653, 36.1961903 ] } },
{ "type": "Feature", "properties": { "osmid": 10669957043 }, "geometry": { "type": "Point", "coordinates": [ 37.1555674, 36.1961809 ] } },
{ "type": "Feature", "properties": { "osmid": 10671452772 }, "geometry": { "type": "Point", "coordinates": [ 37.1718309, 36.2088482 ] } },
{ "type": "Feature", "properties": { "osmid": 10671452791 }, "geometry": { "type": "Point", "coordinates": [ 37.1715939, 36.2073993 ] } },
{ "type": "Feature", "properties": { "osmid": 10671470379 }, "geometry": { "type": "Point", "coordinates": [ 37.1698503, 36.2005367 ] } },
{ "type": "Feature", "properties": { "osmid": 10671561748 }, "geometry": { "type": "Point", "coordinates": [ 37.1701587, 36.2006424 ] } },
{ "type": "Feature", "properties": { "osmid": 10671561750 }, "geometry": { "type": "Point", "coordinates": [ 37.1701339, 36.2005344 ] } },
{ "type": "Feature", "properties": { "osmid": 10671562211 }, "geometry": { "type": "Point", "coordinates": [ 37.1707127, 36.2004133 ] } },
{ "type": "Feature", "properties": { "osmid": 10671562212 }, "geometry": { "type": "Point", "coordinates": [ 37.1700748, 36.2006625 ] } },
{ "type": "Feature", "properties": { "osmid": 10671562214 }, "geometry": { "type": "Point", "coordinates": [ 37.1701042, 36.2008688 ] } },
{ "type": "Feature", "properties": { "osmid": 10671562215 }, "geometry": { "type": "Point", "coordinates": [ 37.1699453, 36.2008769 ] } },
{ "type": "Feature", "properties": { "osmid": 10671562217 }, "geometry": { "type": "Point", "coordinates": [ 37.1699057, 36.2006839 ] } },
{ "type": "Feature", "properties": { "osmid": 10673365811 }, "geometry": { "type": "Point", "coordinates": [ 37.155564, 36.193945 ] } },
{ "type": "Feature", "properties": { "osmid": 10673365817 }, "geometry": { "type": "Point", "coordinates": [ 37.1552374, 36.1929942 ] } },
{ "type": "Feature", "properties": { "osmid": 10673376904 }, "geometry": { "type": "Point", "coordinates": [ 37.1704609, 36.2019802 ] } },
{ "type": "Feature", "properties": { "osmid": 10673388310 }, "geometry": { "type": "Point", "coordinates": [ 37.1702156, 36.2013076 ] } },
{ "type": "Feature", "properties": { "osmid": 10673459059 }, "geometry": { "type": "Point", "coordinates": [ 37.1719958, 36.2018565 ] } },
{ "type": "Feature", "properties": { "osmid": 10673459063 }, "geometry": { "type": "Point", "coordinates": [ 37.1721162, 36.2020004 ] } },
{ "type": "Feature", "properties": { "osmid": 10673459066 }, "geometry": { "type": "Point", "coordinates": [ 37.1716578, 36.2014028 ] } },
{ "type": "Feature", "properties": { "osmid": 10673459074 }, "geometry": { "type": "Point", "coordinates": [ 37.1715186, 36.2018318 ] } },
{ "type": "Feature", "properties": { "osmid": 10673459077 }, "geometry": { "type": "Point", "coordinates": [ 37.1713526, 36.2018858 ] } },
{ "type": "Feature", "properties": { "osmid": 10676359964 }, "geometry": { "type": "Point", "coordinates": [ 37.150274, 36.1952988 ] } },
{ "type": "Feature", "properties": { "osmid": 10676359965 }, "geometry": { "type": "Point", "coordinates": [ 37.1504402, 36.195878 ] } },
{ "type": "Feature", "properties": { "osmid": 10676389527 }, "geometry": { "type": "Point", "coordinates": [ 37.1631897, 36.1916558 ] } },
{ "type": "Feature", "properties": { "osmid": 10676389528 }, "geometry": { "type": "Point", "coordinates": [ 37.1631581, 36.192015 ] } },
{ "type": "Feature", "properties": { "osmid": 10676889567 }, "geometry": { "type": "Point", "coordinates": [ 37.1540229, 36.1927498 ] } },
{ "type": "Feature", "properties": { "osmid": 10676925749 }, "geometry": { "type": "Point", "coordinates": [ 37.1552025, 36.1946932 ] } },
{ "type": "Feature", "properties": { "osmid": 10676925750 }, "geometry": { "type": "Point", "coordinates": [ 37.1553955, 36.1944217 ] } },
{ "type": "Feature", "properties": { "osmid": 10677815414 }, "geometry": { "type": "Point", "coordinates": [ 37.1643051, 36.1959759 ] } },
{ "type": "Feature", "properties": { "osmid": 10678066730 }, "geometry": { "type": "Point", "coordinates": [ 37.160042, 36.19212 ] } },
{ "type": "Feature", "properties": { "osmid": 10678097383 }, "geometry": { "type": "Point", "coordinates": [ 37.1570762, 36.1935655 ] } },
{ "type": "Feature", "properties": { "osmid": 10678097385 }, "geometry": { "type": "Point", "coordinates": [ 37.1562524, 36.193499 ] } },
{ "type": "Feature", "properties": { "osmid": 10678395806 }, "geometry": { "type": "Point", "coordinates": [ 37.1563907, 36.2000543 ] } },
{ "type": "Feature", "properties": { "osmid": 10678744209 }, "geometry": { "type": "Point", "coordinates": [ 37.1544373, 36.1951685 ] } },
{ "type": "Feature", "properties": { "osmid": 10679295060 }, "geometry": { "type": "Point", "coordinates": [ 37.1491097, 36.1909 ] } },
{ "type": "Feature", "properties": { "osmid": 10679336462 }, "geometry": { "type": "Point", "coordinates": [ 37.1460671, 36.1878788 ] } },
{ "type": "Feature", "properties": { "osmid": 10679336463 }, "geometry": { "type": "Point", "coordinates": [ 37.146543, 36.1875708 ] } },
{ "type": "Feature", "properties": { "osmid": 10680849759 }, "geometry": { "type": "Point", "coordinates": [ 37.1553042, 36.1943595 ] } },
{ "type": "Feature", "properties": { "osmid": 10683348393 }, "geometry": { "type": "Point", "coordinates": [ 37.1629116, 36.1936363 ] } },
{ "type": "Feature", "properties": { "osmid": 10683348395 }, "geometry": { "type": "Point", "coordinates": [ 37.1626499, 36.1935041 ] } },
{ "type": "Feature", "properties": { "osmid": 10683658015 }, "geometry": { "type": "Point", "coordinates": [ 37.1565497, 36.1948369 ] } },
{ "type": "Feature", "properties": { "osmid": 10683683925 }, "geometry": { "type": "Point", "coordinates": [ 37.1559191, 36.1947964 ] } },
{ "type": "Feature", "properties": { "osmid": 10683719903 }, "geometry": { "type": "Point", "coordinates": [ 37.1596253, 36.2073806 ] } },
{ "type": "Feature", "properties": { "osmid": 10683719904 }, "geometry": { "type": "Point", "coordinates": [ 37.1594967, 36.2072924 ] } },
{ "type": "Feature", "properties": { "osmid": 10683731941 }, "geometry": { "type": "Point", "coordinates": [ 37.1566988, 36.1955756 ] } },
{ "type": "Feature", "properties": { "osmid": 10683731942 }, "geometry": { "type": "Point", "coordinates": [ 37.1566264, 36.1954194 ] } },
{ "type": "Feature", "properties": { "osmid": 10684079528 }, "geometry": { "type": "Point", "coordinates": [ 37.1581017, 36.1961363 ] } },
{ "type": "Feature", "properties": { "osmid": 10684079532 }, "geometry": { "type": "Point", "coordinates": [ 37.1589972, 36.1960572 ] } },
{ "type": "Feature", "properties": { "osmid": 10684079554 }, "geometry": { "type": "Point", "coordinates": [ 37.1583936, 36.1961116 ] } },
{ "type": "Feature", "properties": { "osmid": 10684079558 }, "geometry": { "type": "Point", "coordinates": [ 37.1588579, 36.1958316 ] } },
{ "type": "Feature", "properties": { "osmid": 10684528801 }, "geometry": { "type": "Point", "coordinates": [ 37.155808, 36.2038106 ] } },
{ "type": "Feature", "properties": { "osmid": 10684528804 }, "geometry": { "type": "Point", "coordinates": [ 37.1564839, 36.2049803 ] } },
{ "type": "Feature", "properties": { "osmid": 10685453220 }, "geometry": { "type": "Point", "coordinates": [ 37.1602987, 36.1952952 ] } },
{ "type": "Feature", "properties": { "osmid": 10686037420 }, "geometry": { "type": "Point", "coordinates": [ 37.1675874, 36.1920231 ] } },
{ "type": "Feature", "properties": { "osmid": 10686911143 }, "geometry": { "type": "Point", "coordinates": [ 37.1726944, 36.2048617 ] } },
{ "type": "Feature", "properties": { "osmid": 10687316994 }, "geometry": { "type": "Point", "coordinates": [ 37.1609778, 36.1930893 ] } },
{ "type": "Feature", "properties": { "osmid": 10687611725 }, "geometry": { "type": "Point", "coordinates": [ 37.1679455, 36.20766 ] } },
{ "type": "Feature", "properties": { "osmid": 10687611728 }, "geometry": { "type": "Point", "coordinates": [ 37.1684012, 36.2081919 ] } },
{ "type": "Feature", "properties": { "osmid": 10687822479 }, "geometry": { "type": "Point", "coordinates": [ 37.1709296, 36.2011074 ] } },
{ "type": "Feature", "properties": { "osmid": 10687834206 }, "geometry": { "type": "Point", "coordinates": [ 37.1700854, 36.2013931 ] } },
{ "type": "Feature", "properties": { "osmid": 10687834218 }, "geometry": { "type": "Point", "coordinates": [ 37.1698903, 36.2011139 ] } },
{ "type": "Feature", "properties": { "osmid": 10687834225 }, "geometry": { "type": "Point", "coordinates": [ 37.169559, 36.2011477 ] } },
{ "type": "Feature", "properties": { "osmid": 10687834227 }, "geometry": { "type": "Point", "coordinates": [ 37.1696287, 36.2013484 ] } },
{ "type": "Feature", "properties": { "osmid": 10688002748 }, "geometry": { "type": "Point", "coordinates": [ 37.1607787, 36.2041441 ] } },
{ "type": "Feature", "properties": { "osmid": 10688093002 }, "geometry": { "type": "Point", "coordinates": [ 37.1609878, 36.2037448 ] } },
{ "type": "Feature", "properties": { "osmid": 10688093308 }, "geometry": { "type": "Point", "coordinates": [ 37.160326, 36.2033903 ] } },
{ "type": "Feature", "properties": { "osmid": 10689020037 }, "geometry": { "type": "Point", "coordinates": [ 37.1623845, 36.1935491 ] } },
{ "type": "Feature", "properties": { "osmid": 10690340676 }, "geometry": { "type": "Point", "coordinates": [ 37.1663464, 36.1969787 ] } },
{ "type": "Feature", "properties": { "osmid": 10691250570 }, "geometry": { "type": "Point", "coordinates": [ 37.1533853, 36.1899415 ] } },
{ "type": "Feature", "properties": { "osmid": 10691250580 }, "geometry": { "type": "Point", "coordinates": [ 37.1506115, 36.1873946 ] } },
{ "type": "Feature", "properties": { "osmid": 10691250995 }, "geometry": { "type": "Point", "coordinates": [ 37.1611832, 36.1950579 ] } },
{ "type": "Feature", "properties": { "osmid": 10691276575 }, "geometry": { "type": "Point", "coordinates": [ 37.159452, 36.2020231 ] } },
{ "type": "Feature", "properties": { "osmid": 10694345537 }, "geometry": { "type": "Point", "coordinates": [ 37.1652105, 36.1942406 ] } },
{ "type": "Feature", "properties": { "osmid": 10696475101 }, "geometry": { "type": "Point", "coordinates": [ 37.171419, 36.2059139 ] } },
{ "type": "Feature", "properties": { "osmid": 10696475106 }, "geometry": { "type": "Point", "coordinates": [ 37.1719358, 36.2059607 ] } },
{ "type": "Feature", "properties": { "osmid": 10696475107 }, "geometry": { "type": "Point", "coordinates": [ 37.17149, 36.2055284 ] } },
{ "type": "Feature", "properties": { "osmid": 10696475111 }, "geometry": { "type": "Point", "coordinates": [ 37.1708558, 36.2055267 ] } },
{ "type": "Feature", "properties": { "osmid": 10696475112 }, "geometry": { "type": "Point", "coordinates": [ 37.1709335, 36.2061246 ] } },
{ "type": "Feature", "properties": { "osmid": 10696475115 }, "geometry": { "type": "Point", "coordinates": [ 37.1714131, 36.2061476 ] } },
{ "type": "Feature", "properties": { "osmid": 10699148238 }, "geometry": { "type": "Point", "coordinates": [ 37.1554935, 36.1943931 ] } },
{ "type": "Feature", "properties": { "osmid": 10699148239 }, "geometry": { "type": "Point", "coordinates": [ 37.1551721, 36.1944395 ] } },
{ "type": "Feature", "properties": { "osmid": 10699148242 }, "geometry": { "type": "Point", "coordinates": [ 37.1549048, 36.1949721 ] } },
{ "type": "Feature", "properties": { "osmid": 10699148245 }, "geometry": { "type": "Point", "coordinates": [ 37.1553004, 36.1949754 ] } },
{ "type": "Feature", "properties": { "osmid": 10701340659 }, "geometry": { "type": "Point", "coordinates": [ 37.1535704, 36.1944234 ] } },
{ "type": "Feature", "properties": { "osmid": 10706258391 }, "geometry": { "type": "Point", "coordinates": [ 37.153042, 36.1884899 ] } },
{ "type": "Feature", "properties": { "osmid": 10706258398 }, "geometry": { "type": "Point", "coordinates": [ 37.152837, 36.1884421 ] } },
{ "type": "Feature", "properties": { "osmid": 10706941794 }, "geometry": { "type": "Point", "coordinates": [ 37.1510752, 36.1876815 ] } },
{ "type": "Feature", "properties": { "osmid": 10706941797 }, "geometry": { "type": "Point", "coordinates": [ 37.1510363, 36.1879505 ] } },
{ "type": "Feature", "properties": { "osmid": 10765490657 }, "geometry": { "type": "Point", "coordinates": [ 37.1732933, 36.1873898 ] } },
{ "type": "Feature", "properties": { "osmid": 10765490668 }, "geometry": { "type": "Point", "coordinates": [ 37.174124, 36.1872164 ] } },
{ "type": "Feature", "properties": { "osmid": 10765490717 }, "geometry": { "type": "Point", "coordinates": [ 37.1741318, 36.1872093 ] } },
{ "type": "Feature", "properties": { "osmid": 10810649442 }, "geometry": { "type": "Point", "coordinates": [ 37.1702524, 36.2004159 ] } },
{ "type": "Feature", "properties": { "osmid": 10963208927 }, "geometry": { "type": "Point", "coordinates": [ 37.1533453, 36.1975374 ] } },
{ "type": "Feature", "properties": { "osmid": 11083145204 }, "geometry": { "type": "Point", "coordinates": [ 37.1502128, 36.2016012 ] } },
{ "type": "Feature", "properties": { "osmid": 12478854363 }, "geometry": { "type": "Point", "coordinates": [ 37.1510011, 36.1966081 ] } },
{ "type": "Feature", "properties": { "osmid": 12908955058 }, "geometry": { "type": "Point", "coordinates": [ 37.1503385, 36.2024414 ] } },
{ "type": "Feature", "properties": { "osmid": 12908955059 }, "geometry": { "type": "Point", "coordinates": [ 37.150358, 36.2026936 ] } },
{ "type": "Feature", "properties": { "osmid": 12908955064 }, "geometry": { "type": "Point", "coordinates": [ 37.1503986, 36.2029099 ] } },
{ "type": "Feature", "properties": { "osmid": 12908955065 }, "geometry": { "type": "Point", "coordinates": [ 37.1504084, 36.2030463 ] } },
{ "type": "Feature", "properties": { "osmid": 12908967198 }, "geometry": { "type": "Point", "coordinates": [ 37.1484988, 36.2003957 ] } },
{ "type": "Feature", "properties": { "osmid": 12908967199 }, "geometry": { "type": "Point", "coordinates": [ 37.1487462, 36.2007103 ] } },
{ "type": "Feature", "properties": { "osmid": 12908967200 }, "geometry": { "type": "Point", "coordinates": [ 37.1479512, 36.2003445 ] } },
{ "type": "Feature", "properties": { "osmid": 12908986401 }, "geometry": { "type": "Point", "coordinates": [ 37.1480408, 36.2002345 ] } },
{ "type": "Feature", "properties": { "osmid": 12908986402 }, "geometry": { "type": "Point", "coordinates": [ 37.1484135, 36.2003173 ] } },
{ "type": "Feature", "properties": { "osmid": 12908986403 }, "geometry": { "type": "Point", "coordinates": [ 37.1483355, 36.2002407 ] } },
{ "type": "Feature", "properties": { "osmid": 12908986404 }, "geometry": { "type": "Point", "coordinates": [ 37.1478791, 36.200353 ] } },
{ "type": "Feature", "properties": { "osmid": 12908986407 }, "geometry": { "type": "Point", "coordinates": [ 37.1476833, 36.2000628 ] } },
{ "type": "Feature", "properties": { "osmid": 12908990725 }, "geometry": { "type": "Point", "coordinates": [ 37.1478539, 36.2077597 ] } },
{ "type": "Feature", "properties": { "osmid": 12908990726 }, "geometry": { "type": "Point", "coordinates": [ 37.1479879, 36.208376 ] } },
{ "type": "Feature", "properties": { "osmid": 12908990727 }, "geometry": { "type": "Point", "coordinates": [ 37.1477383, 36.208409 ] } },
{ "type": "Feature", "properties": { "osmid": 12908990745 }, "geometry": { "type": "Point", "coordinates": [ 37.1475772, 36.2100311 ] } },
{ "type": "Feature", "properties": { "osmid": 12908990755 }, "geometry": { "type": "Point", "coordinates": [ 37.1467193, 36.2089008 ] } },
{ "type": "Feature", "properties": { "osmid": 12908990759 }, "geometry": { "type": "Point", "coordinates": [ 37.1468639, 36.2089622 ] } },
{ "type": "Feature", "properties": { "osmid": 12908990767 }, "geometry": { "type": "Point", "coordinates": [ 37.1466214, 36.2086331 ] } },
{ "type": "Feature", "properties": { "osmid": 12908990768 }, "geometry": { "type": "Point", "coordinates": [ 37.146615, 36.2084998 ] } },
{ "type": "Feature", "properties": { "osmid": 12908990778 }, "geometry": { "type": "Point", "coordinates": [ 37.1464805, 36.2084466 ] } },
{ "type": "Feature", "properties": { "osmid": 12908990787 }, "geometry": { "type": "Point", "coordinates": [ 37.1462661, 36.2085058 ] } },
{ "type": "Feature", "properties": { "osmid": 12908990792 }, "geometry": { "type": "Point", "coordinates": [ 37.1471806, 36.2087843 ] } },
{ "type": "Feature", "properties": { "osmid": 12908990795 }, "geometry": { "type": "Point", "coordinates": [ 37.1471912, 36.2085179 ] } },
{ "type": "Feature", "properties": { "osmid": 12908990796 }, "geometry": { "type": "Point", "coordinates": [ 37.1477509, 36.2087666 ] } },
{ "type": "Feature", "properties": { "osmid": 12908990797 }, "geometry": { "type": "Point", "coordinates": [ 37.1480827, 36.2087364 ] } },
{ "type": "Feature", "properties": { "osmid": 12908996283 }, "geometry": { "type": "Point", "coordinates": [ 37.1473611, 36.203881 ] } },
{ "type": "Feature", "properties": { "osmid": 12908996284 }, "geometry": { "type": "Point", "coordinates": [ 37.1471609, 36.2035848 ] } },
{ "type": "Feature", "properties": { "osmid": 12908996285 }, "geometry": { "type": "Point", "coordinates": [ 37.1473419, 36.2035222 ] } },
{ "type": "Feature", "properties": { "osmid": 12908996288 }, "geometry": { "type": "Point", "coordinates": [ 37.1473333, 36.2033623 ] } },
{ "type": "Feature", "properties": { "osmid": 12908996290 }, "geometry": { "type": "Point", "coordinates": [ 37.148843, 36.2039308 ] } },
{ "type": "Feature", "properties": { "osmid": 12908996291 }, "geometry": { "type": "Point", "coordinates": [ 37.1482519, 36.2039511 ] } },
{ "type": "Feature", "properties": { "osmid": 12908996294 }, "geometry": { "type": "Point", "coordinates": [ 37.1477727, 36.2037007 ] } },
{ "type": "Feature", "properties": { "osmid": 12908996295 }, "geometry": { "type": "Point", "coordinates": [ 37.1477513, 36.2033384 ] } },
{ "type": "Feature", "properties": { "osmid": 12908996296 }, "geometry": { "type": "Point", "coordinates": [ 37.147734, 36.2029968 ] } },
{ "type": "Feature", "properties": { "osmid": 12908996299 }, "geometry": { "type": "Point", "coordinates": [ 37.1484966, 36.2026369 ] } },
{ "type": "Feature", "properties": { "osmid": 12908997602 }, "geometry": { "type": "Point", "coordinates": [ 37.1491925, 36.202944 ] } },
{ "type": "Feature", "properties": { "osmid": 12908997605 }, "geometry": { "type": "Point", "coordinates": [ 37.1478018, 36.2047294 ] } },
{ "type": "Feature", "properties": { "osmid": 12908997606 }, "geometry": { "type": "Point", "coordinates": [ 37.1472705, 36.2046848 ] } },
{ "type": "Feature", "properties": { "osmid": 12909008423 }, "geometry": { "type": "Point", "coordinates": [ 37.1483888, 36.2097464 ] } },
{ "type": "Feature", "properties": { "osmid": 12909008441 }, "geometry": { "type": "Point", "coordinates": [ 37.148402, 36.2101781 ] } },
{ "type": "Feature", "properties": { "osmid": 12909008442 }, "geometry": { "type": "Point", "coordinates": [ 37.1480536, 36.2101888 ] } },
{ "type": "Feature", "properties": { "osmid": 12909008443 }, "geometry": { "type": "Point", "coordinates": [ 37.1481154, 36.2101869 ] } },
{ "type": "Feature", "properties": { "osmid": 12912634796 }, "geometry": { "type": "Point", "coordinates": [ 37.1622934, 36.1959456 ] } },
{ "type": "Feature", "properties": { "osmid": 12912634797 }, "geometry": { "type": "Point", "coordinates": [ 37.1628288, 36.1958781 ] } },
{ "type": "Feature", "properties": { "osmid": 12912634798 }, "geometry": { "type": "Point", "coordinates": [ 37.1626106, 36.1961489 ] } },
{ "type": "Feature", "properties": { "osmid": 12912634799 }, "geometry": { "type": "Point", "coordinates": [ 37.1625151, 36.1956401 ] } },
{ "type": "Feature", "properties": { "osmid": 12912634800 }, "geometry": { "type": "Point", "coordinates": [ 37.1626401, 36.1956353 ] } },
{ "type": "Feature", "properties": { "osmid": 12912649401 }, "geometry": { "type": "Point", "coordinates": [ 37.1623837, 36.1958211 ] } },
{ "type": "Feature", "properties": { "osmid": 12912649402 }, "geometry": { "type": "Point", "coordinates": [ 37.1627152, 36.1957785 ] } },
{ "type": "Feature", "properties": { "osmid": 12912649403 }, "geometry": { "type": "Point", "coordinates": [ 37.1627388, 36.1958895 ] } },
{ "type": "Feature", "properties": { "osmid": 12912649404 }, "geometry": { "type": "Point", "coordinates": [ 37.1626924, 36.1956713 ] } },
{ "type": "Feature", "properties": { "osmid": 12912649408 }, "geometry": { "type": "Point", "coordinates": [ 37.1626855, 36.1955946 ] } },
{ "type": "Feature", "properties": { "osmid": 12912649422 }, "geometry": { "type": "Point", "coordinates": [ 37.1625593, 36.1959121 ] } },
{ "type": "Feature", "properties": { "osmid": 12912649423 }, "geometry": { "type": "Point", "coordinates": [ 37.1625412, 36.1958009 ] } },
{ "type": "Feature", "properties": { "osmid": 12917476237 }, "geometry": { "type": "Point", "coordinates": [ 37.1631171, 36.1961087 ] } },
{ "type": "Feature", "properties": { "osmid": 12921140545 }, "geometry": { "type": "Point", "coordinates": [ 37.146281, 36.2098202 ] } },
{ "type": "Feature", "properties": { "osmid": 12921140598 }, "geometry": { "type": "Point", "coordinates": [ 37.1461058, 36.2095417 ] } },
{ "type": "Feature", "properties": { "osmid": 12921147701 }, "geometry": { "type": "Point", "coordinates": [ 37.1460774, 36.2087681 ] } },
{ "type": "Feature", "properties": { "osmid": 13283336357 }, "geometry": { "type": "Point", "coordinates": [ 37.1749118, 36.193358 ] } },
{ "type": "Feature", "properties": { "osmid": 13283336360 }, "geometry": { "type": "Point", "coordinates": [ 37.1744139, 36.1936152 ] } },
{ "type": "Feature", "properties": { "osmid": 13283336361 }, "geometry": { "type": "Point", "coordinates": [ 37.1739082, 36.1942546 ] } },
{ "type": "Feature", "properties": { "osmid": 13283336364 }, "geometry": { "type": "Point", "coordinates": [ 37.1743932, 36.1910356 ] } },
{ "type": "Feature", "properties": { "osmid": 13283336365 }, "geometry": { "type": "Point", "coordinates": [ 37.1748355, 36.1912638 ] } },
{ "type": "Feature", "properties": { "osmid": 13283336367 }, "geometry": { "type": "Point", "coordinates": [ 37.1738402, 36.193792 ] } },
{ "type": "Feature", "properties": { "osmid": 13569891373 }, "geometry": { "type": "Point", "coordinates": [ 37.1575307, 36.1884639 ] } },
{ "type": "Feature", "properties": { "osmid": 13582253557 }, "geometry": { "type": "Point", "coordinates": [ 37.1588568, 36.1928597 ] } },
{ "type": "Feature", "properties": { "osmid": 13678638657 }, "geometry": { "type": "Point", "coordinates": [ 37.1468447, 36.2027561 ] } },
{ "type": "Feature", "properties": { "osmid": 13755043703 }, "geometry": { "type": "Point", "coordinates": [ 37.1566951, 36.1930002 ] } },
{ "type": "Feature", "properties": { "osmid": 13755043704 }, "geometry": { "type": "Point", "coordinates": [ 37.156143, 36.1926281 ] } },
{ "type": "Feature", "properties": { "osmid": 13755043708 }, "geometry": { "type": "Point", "coordinates": [ 37.1590384, 36.1880483 ] } },
{ "type": "Feature", "properties": { "osmid": 13755043709 }, "geometry": { "type": "Point", "coordinates": [ 37.1573556, 36.1896532 ] } },
{ "type": "Feature", "properties": { "osmid": 13755043711 }, "geometry": { "type": "Point", "coordinates": [ 37.1563078, 36.1899872 ] } },
{ "type": "Feature", "properties": { "osmid": 13755043716 }, "geometry": { "type": "Point", "coordinates": [ 37.15609, 36.1902542 ] } },
{ "type": "Feature", "properties": { "osmid": 13906104343 }, "geometry": { "type": "Point", "coordinates": [ 37.1700324, 36.2037652 ] } },
{ "type": "Feature", "properties": { "osmid": 13922432958 }, "geometry": { "type": "Point", "coordinates": [ 37.1734262, 36.2055346 ] } },
{ "type": "Feature", "properties": { "osmid": 13922432959 }, "geometry": { "type": "Point", "coordinates": [ 37.1727834, 36.2044803 ] } },
{ "type": "Feature", "properties": { "osmid": 13932187226 }, "geometry": { "type": "Point", "coordinates": [ 37.1502827, 36.188459 ] } },
{ "type": "Feature", "properties": { "osmid": 13932187228 }, "geometry": { "type": "Point", "coordinates": [ 37.150292, 36.1887768 ] } }
]
}
