{
"type": "FeatureCollection",
"name": "network_nodes",
"crs": { "type": "name", "properties": { "name": "urn:ogc:def:crs:OGC:1.3:CRS84" } },
"features": [
{ "type": "Feature", "properties": { "node_id": "7571410117", "street_count": 4 }, "geometry": { "type": "Point", "coordinates": [ -73.9658243, 40.7970688 ] } },
{ "type": "Feature", "properties": { "node_id": "6586965813", "street_count": 3 }, "geometry": { "type": "Point", "coordinates": [ -73.9555538, 40.8079206 ] } },
{ "type": "Feature", "properties": { "node_id": "10171508883", "street_count": 4 }, "geometry": { "type": "Point", "coordinates": [ -73.9526519, 40.8106825 ] } },
{ "type": "Feature", "properties": { "node_id": "10049926011", "street_count": 4 }, "geometry": { "type": "Point", "coordinates": [ -73.9602903, 40.8181203 ] } },
{ "type": "Feature", "properties": { "node_id": "10171069512", "street_count": 3 }, "geometry": { "type": "Point", "coordinates": [ -73.9551025, 40.8136001 ] } },
{ "type": "Feature", "properties": { "node_id": "10049860703", "street_count": 3 }, "geometry": { "type": "Point", "coordinates": [ -73.9608714, 40.8176752 ] } },
{ "type": "Feature", "properties": { "node_id": "11887802372", "street_count": 4 }, "geometry": { "type": "Point", "coordinates": [ -73.9543414, 40.8107047 ] } },
{ "type": "Feature", "properties": { "node_id": "2141026510", "street_count": 4 }, "geometry": { "type": "Point", "coordinates": [ -73.9501152, 40.8063799 ] } },
{ "type": "Feature", "properties": { "node_id": "10055257610", "street_count": 3 }, "geometry": { "type": "Point", "coordinates": [ -73.9749674, 40.7972104 ] } },
{ "type": "Feature", "properties": { "node_id": "1059207779", "street_count": 3 }, "geometry": { "type": "Point", "coordinates": [ -73.9566562, 40.7965211 ] } },
{ "type": "Feature", "properties": { "node_id": "7784826645", "street_count": 4 }, "geometry": { "type": "Point", "coordinates": [ -73.9605702, 40.7973245 ] } },
{ "type": "Feature", "properties": { "node_id": "10171397826", "street_count": 4 }, "geometry": { "type": "Point", "coordinates": [ -73.969236, 40.7985035 ] } },
{ "type": "Feature", "properties": { "node_id": "7598970691", "street_count": 1 }, "geometry": { "type": "Point", "coordinates": [ -73.9552162, 40.8121623 ] } },
{ "type": "Feature", "properties": { "node_id": "9646862901", "street_count": 4 }, "geometry": { "type": "Point", "coordinates": [ -73.9680493, 40.7996682 ] } },
{ "type": "Feature", "properties": { "node_id": "3704337183", "street_count": 3 }, "geometry": { "type": "Point", "coordinates": [ -73.9671176, 40.8090383 ] } },
{ "type": "Feature", "properties": { "node_id": "2340960635", "street_count": 3 }, "geometry": { "type": "Point", "coordinates": [ -73.9614097, 40.8080454 ] } },
{ "type": "Feature", "properties": { "node_id": "10187643800", "street_count": 4 }, "geometry": { "type": "Point", "coordinates": [ -73.9574514, 40.8043478 ] } },
{ "type": "Feature", "properties": { "node_id": "10166004020", "street_count": 4 }, "geometry": { "type": "Point", "coordinates": [ -73.9653097, 40.8012346 ] } },
{ "type": "Feature", "properties": { "node_id": "6929263899", "street_count": 3 }, "geometry": { "type": "Point", "coordinates": [ -73.9723164, 40.8021097 ] } },
{ "type": "Feature", "properties": { "node_id": "10172883039", "street_count": 4 }, "geometry": { "type": "Point", "coordinates": [ -73.9522578, 40.8039265 ] } },
{ "type": "Feature", "properties": { "node_id": "9518300226", "street_count": 3 }, "geometry": { "type": "Point", "coordinates": [ -73.9629643, 40.8125217 ] } },
{ "type": "Feature", "properties": { "node_id": "10055041237", "street_count": 3 }, "geometry": { "type": "Point", "coordinates": [ -73.9543222, 40.8171469 ] } },
{ "type": "Feature", "properties": { "node_id": "627905340", "street_count": 3 }, "geometry": { "type": "Point", "coordinates": [ -73.9625207, 40.8064016 ] } },
{ "type": "Feature", "properties": { "node_id": "12818423614", "street_count": 3 }, "geometry": { "type": "Point", "coordinates": [ -73.9581718, 40.8007528 ] } },
{ "type": "Feature", "properties": { "node_id": "1203883534", "street_count": 3 }, "geometry": { "type": "Point", "coordinates": [ -73.9551334, 40.7987805 ] } },
{ "type": "Feature", "properties": { "node_id": "7598688561", "street_count": 1 }, "geometry": { "type": "Point", "coordinates": [ -73.9572714, 40.8132696 ] } },
{ "type": "Feature", "properties": { "node_id": "7323390406", "street_count": 1 }, "geometry": { "type": "Point", "coordinates": [ -73.9592352, 40.8130777 ] } },
{ "type": "Feature", "properties": { "node_id": "10055186149", "street_count": 3 }, "geometry": { "type": "Point", "coordinates": [ -73.9712343, 40.8034034 ] } },
{ "type": "Feature", "properties": { "node_id": "9518268731", "street_count": 4 }, "geometry": { "type": "Point", "coordinates": [ -73.9619344, 40.8103621 ] } },
{ "type": "Feature", "properties": { "node_id": "6814582552", "street_count": 4 }, "geometry": { "type": "Point", "coordinates": [ -73.9546296, 40.8082097 ] } },
{ "type": "Feature", "properties": { "node_id": "10049860709", "street_count": 4 }, "geometry": { "type": "Point", "coordinates": [ -73.9605164, 40.8175236 ] } },
{ "type": "Feature", "properties": { "node_id": "10168029065", "street_count": 4 }, "geometry": { "type": "Point", "coordinates": [ -73.9530851, 40.808377 ] } },
{ "type": "Feature", "properties": { "node_id": "10171241035", "street_count": 4 }, "geometry": { "type": "Point", "coordinates": [ -73.9587957, 40.7999895 ] } },
{ "type": "Feature", "properties": { "node_id": "10168029051", "street_count": 4 }, "geometry": { "type": "Point", "coordinates": [ -73.9530266, 40.8074475 ] } },
{ "type": "Feature", "properties": { "node_id": "42442592", "street_count": 4 }, "geometry": { "type": "Point", "coordinates": [ -73.9550004, 40.8151098 ] } },
{ "type": "Feature", "properties": { "node_id": "11953023711", "street_count": 1 }, "geometry": { "type": "Point", "coordinates": [ -73.9613567, 40.8046227 ] } },
{ "type": "Feature", "properties": { "node_id": "10171865568", "street_count": 3 }, "geometry": { "type": "Point", "coordinates": [ -73.950489, 40.8131913 ] } },
{ "type": "Feature", "properties": { "node_id": "11840444668", "street_count": 4 }, "geometry": { "type": "Point", "coordinates": [ -73.9526685, 40.8058224 ] } },
{ "type": "Feature", "properties": { "node_id": "2329798596", "street_count": 3 }, "geometry": { "type": "Point", "coordinates": [ -73.9744853, 40.7967397 ] } },
{ "type": "Feature", "properties": { "node_id": "11865371821", "street_count": 3 }, "geometry": { "type": "Point", "coordinates": [ -73.9673196, 40.8066529 ] } },
{ "type": "Feature", "properties": { "node_id": "10168029019", "street_count": 4 }, "geometry": { "type": "Point", "coordinates": [ -73.9538937, 40.8062531 ] } },
{ "type": "Feature", "properties": { "node_id": "7784826657", "street_count": 4 }, "geometry": { "type": "Point", "coordinates": [ -73.9601116, 40.7979549 ] } },
{ "type": "Feature", "properties": { "node_id": "10173362954", "street_count": 4 }, "geometry": { "type": "Point", "coordinates": [ -73.955293, 40.8144986 ] } },
{ "type": "Feature", "properties": { "node_id": "10170606884", "street_count": 4 }, "geometry": { "type": "Point", "coordinates": [ -73.9537034, 40.8012708 ] } },
{ "type": "Feature", "properties": { "node_id": "5004570630", "street_count": 3 }, "geometry": { "type": "Point", "coordinates": [ -73.966962, 40.8075991 ] } },
{ "type": "Feature", "properties": { "node_id": "10055041233", "street_count": 3 }, "geometry": { "type": "Point", "coordinates": [ -73.9552351, 40.8174897 ] } },
{ "type": "Feature", "properties": { "node_id": "7323390424", "street_count": 3 }, "geometry": { "type": "Point", "coordinates": [ -73.9591207, 40.8131621 ] } },
{ "type": "Feature", "properties": { "node_id": "11296200793", "street_count": 3 }, "geometry": { "type": "Point", "coordinates": [ -73.9583444, 40.8032222 ] } },
{ "type": "Feature", "properties": { "node_id": "12468185080", "street_count": 1 }, "geometry": { "type": "Point", "coordinates": [ -73.9663316, 40.798261 ] } },
{ "type": "Feature", "properties": { "node_id": "6793779224", "street_count": 3 }, "geometry": { "type": "Point", "coordinates": [ -73.9599652, 40.8046485 ] } },
{ "type": "Feature", "properties": { "node_id": "10171069501", "street_count": 3 }, "geometry": { "type": "Point", "coordinates": [ -73.9532034, 40.8133924 ] } },
{ "type": "Feature", "properties": { "node_id": "6824030322", "street_count": 3 }, "geometry": { "type": "Point", "coordinates": [ -73.95514, 40.8118602 ] } },
{ "type": "Feature", "properties": { "node_id": "5790702447", "street_count": 1 }, "geometry": { "type": "Point", "coordinates": [ -73.9660214, 40.7981164 ] } },
{ "type": "Feature", "properties": { "node_id": "9646862905", "street_count": 4 }, "geometry": { "type": "Point", "coordinates": [ -73.968039, 40.7996449 ] } },
{ "type": "Feature", "properties": { "node_id": "10049830860", "street_count": 4 }, "geometry": { "type": "Point", "coordinates": [ -73.9587885, 40.8152328 ] } },
{ "type": "Feature", "properties": { "node_id": "14050457400", "street_count": 3 }, "geometry": { "type": "Point", "coordinates": [ -73.9745533, 40.7966538 ] } },
{ "type": "Feature", "properties": { "node_id": "11887637949", "street_count": 3 }, "geometry": { "type": "Point", "coordinates": [ -73.9672975, 40.7969534 ] } },
{ "type": "Feature", "properties": { "node_id": "6814582551", "street_count": 4 }, "geometry": { "type": "Point", "coordinates": [ -73.9561802, 40.8081876 ] } },
{ "type": "Feature", "properties": { "node_id": "10050004451", "street_count": 3 }, "geometry": { "type": "Point", "coordinates": [ -73.9621197, 40.8136601 ] } },
{ "type": "Feature", "properties": { "node_id": "5689234156", "street_count": 1 }, "geometry": { "type": "Point", "coordinates": [ -73.9616382, 40.8040729 ] } },
{ "type": "Feature", "properties": { "node_id": "11887792560", "street_count": 4 }, "geometry": { "type": "Point", "coordinates": [ -73.9543294, 40.8111696 ] } },
{ "type": "Feature", "properties": { "node_id": "10171187063", "street_count": 3 }, "geometry": { "type": "Point", "coordinates": [ -73.9705291, 40.8015257 ] } },
{ "type": "Feature", "properties": { "node_id": "3898470335", "street_count": 1 }, "geometry": { "type": "Point", "coordinates": [ -73.9506035, 40.8163143 ] } },
{ "type": "Feature", "properties": { "node_id": "6821760753", "street_count": 3 }, "geometry": { "type": "Point", "coordinates": [ -73.9568628, 40.8100258 ] } },
{ "type": "Feature", "properties": { "node_id": "7785880661", "street_count": 4 }, "geometry": { "type": "Point", "coordinates": [ -73.9690954, 40.8035058 ] } },
{ "type": "Feature", "properties": { "node_id": "8807524589", "street_count": 4 }, "geometry": { "type": "Point", "coordinates": [ -73.9503725, 40.8013646 ] } },
{ "type": "Feature", "properties": { "node_id": "1792516976", "street_count": 3 }, "geometry": { "type": "Point", "coordinates": [ -73.9604844, 40.8023126 ] } },
{ "type": "Feature", "properties": { "node_id": "10170977528", "street_count": 4 }, "geometry": { "type": "Point", "coordinates": [ -73.9529623, 40.8158879 ] } },
{ "type": "Feature", "properties": { "node_id": "10049920014", "street_count": 4 }, "geometry": { "type": "Point", "coordinates": [ -73.9592065, 40.8168932 ] } },
{ "type": "Feature", "properties": { "node_id": "10170977523", "street_count": 4 }, "geometry": { "type": "Point", "coordinates": [ -73.9523593, 40.8172648 ] } },
{ "type": "Feature", "properties": { "node_id": "10169443459", "street_count": 4 }, "geometry": { "type": "Point", "coordinates": [ -73.9712527, 40.7977091 ] } },
{ "type": "Feature", "properties": { "node_id": "10171340194", "street_count": 3 }, "geometry": { "type": "Point", "coordinates": [ -73.9599373, 40.8054009 ] } },
{ "type": "Feature", "properties": { "node_id": "10171241061", "street_count": 4 }, "geometry": { "type": "Point", "coordinates": [ -73.9611179, 40.799325 ] } },
{ "type": "Feature", "properties": { "node_id": "7785881405", "street_count": 3 }, "geometry": { "type": "Point", "coordinates": [ -73.9673646, 40.80762 ] } },
{ "type": "Feature", "properties": { "node_id": "595703242", "street_count": 3 }, "geometry": { "type": "Point", "coordinates": [ -73.9559762, 40.7992792 ] } },
{ "type": "Feature", "properties": { "node_id": "10050039070", "street_count": 4 }, "geometry": { "type": "Point", "coordinates": [ -73.9619674, 40.8122954 ] } },
{ "type": "Feature", "properties": { "node_id": "11892663525", "street_count": 4 }, "geometry": { "type": "Point", "coordinates": [ -73.9709038, 40.8010065 ] } },
{ "type": "Feature", "properties": { "node_id": "7801821423", "street_count": 4 }, "geometry": { "type": "Point", "coordinates": [ -73.9578048, 40.8003994 ] } },
{ "type": "Feature", "properties": { "node_id": "10168010400", "street_count": 4 }, "geometry": { "type": "Point", "coordinates": [ -73.9545601, 40.8057154 ] } },
{ "type": "Feature", "properties": { "node_id": "6880029844", "street_count": 4 }, "geometry": { "type": "Point", "coordinates": [ -73.9705056, 40.7991828 ] } },
{ "type": "Feature", "properties": { "node_id": "10055186136", "street_count": 3 }, "geometry": { "type": "Point", "coordinates": [ -73.9728215, 40.8009308 ] } },
{ "type": "Feature", "properties": { "node_id": "3269867929", "street_count": 3 }, "geometry": { "type": "Point", "coordinates": [ -73.9627646, 40.8138248 ] } },
{ "type": "Feature", "properties": { "node_id": "6814306892", "street_count": 4 }, "geometry": { "type": "Point", "coordinates": [ -73.9567963, 40.8049002 ] } },
{ "type": "Feature", "properties": { "node_id": "10173362957", "street_count": 1 }, "geometry": { "type": "Point", "coordinates": [ -73.9534728, 40.8135886 ] } },
{ "type": "Feature", "properties": { "node_id": "10171043059", "street_count": 4 }, "geometry": { "type": "Point", "coordinates": [ -73.9546286, 40.8006961 ] } },
{ "type": "Feature", "properties": { "node_id": "9654214290", "street_count": 4 }, "geometry": { "type": "Point", "coordinates": [ -73.9656612, 40.8002939 ] } },
{ "type": "Feature", "properties": { "node_id": "3269867933", "street_count": 3 }, "geometry": { "type": "Point", "coordinates": [ -73.962498, 40.8147147 ] } },
{ "type": "Feature", "properties": { "node_id": "10171508864", "street_count": 4 }, "geometry": { "type": "Point", "coordinates": [ -73.9507754, 40.8109606 ] } },
{ "type": "Feature", "properties": { "node_id": "42431113", "street_count": 1 }, "geometry": { "type": "Point", "coordinates": [ -73.9699722, 40.799705 ] } },
{ "type": "Feature", "properties": { "node_id": "10055110509", "street_count": 4 }, "geometry": { "type": "Point", "coordinates": [ -73.9568716, 40.8154846 ] } },
{ "type": "Feature", "properties": { "node_id": "6839169610", "street_count": 4 }, "geometry": { "type": "Point", "coordinates": [ -73.9626053, 40.8044741 ] } },
{ "type": "Feature", "properties": { "node_id": "11682734542", "street_count": 3 }, "geometry": { "type": "Point", "coordinates": [ -73.957823, 40.806418 ] } },
{ "type": "Feature", "properties": { "node_id": "7087041456", "street_count": 3 }, "geometry": { "type": "Point", "coordinates": [ -73.95601, 40.8104365 ] } },
{ "type": "Feature", "properties": { "node_id": "10166004084", "street_count": 4 }, "geometry": { "type": "Point", "coordinates": [ -73.9689582, 40.8008554 ] } },
{ "type": "Feature", "properties": { "node_id": "3907629287", "street_count": 1 }, "geometry": { "type": "Point", "coordinates": [ -73.9615226, 40.8082893 ] } },
{ "type": "Feature", "properties": { "node_id": "6961065587", "street_count": 3 }, "geometry": { "type": "Point", "coordinates": [ -73.9510103, 40.7975171 ] } },
{ "type": "Feature", "properties": { "node_id": "10171241051", "street_count": 4 }, "geometry": { "type": "Point", "coordinates": [ -73.9605914, 40.8000635 ] } },
{ "type": "Feature", "properties": { "node_id": "12000294664", "street_count": 3 }, "geometry": { "type": "Point", "coordinates": [ -73.955596, 40.8094642 ] } },
{ "type": "Feature", "properties": { "node_id": "11295648587", "street_count": 3 }, "geometry": { "type": "Point", "coordinates": [ -73.9577834, 40.8120689 ] } },
{ "type": "Feature", "properties": { "node_id": "10166004106", "street_count": 4 }, "geometry": { "type": "Point", "coordinates": [ -73.9656808, 40.7985921 ] } },
{ "type": "Feature", "properties": { "node_id": "10050024781", "street_count": 4 }, "geometry": { "type": "Point", "coordinates": [ -73.9621489, 40.8123705 ] } },
{ "type": "Feature", "properties": { "node_id": "42442559", "street_count": 1 }, "geometry": { "type": "Point", "coordinates": [ -73.9671272, 40.7985077 ] } },
{ "type": "Feature", "properties": { "node_id": "10171865599", "street_count": 3 }, "geometry": { "type": "Point", "coordinates": [ -73.9513558, 40.8136461 ] } },
{ "type": "Feature", "properties": { "node_id": "8385765473", "street_count": 3 }, "geometry": { "type": "Point", "coordinates": [ -73.9616329, 40.8062502 ] } },
{ "type": "Feature", "properties": { "node_id": "3898470351", "street_count": 3 }, "geometry": { "type": "Point", "coordinates": [ -73.9511553, 40.8165007 ] } },
{ "type": "Feature", "properties": { "node_id": "7323390407", "street_count": 1 }, "geometry": { "type": "Point", "coordinates": [ -73.9588267, 40.8129063 ] } },
{ "type": "Feature", "properties": { "node_id": "10170893920", "street_count": 4 }, "geometry": { "type": "Point", "coordinates": [ -73.9673864, 40.8035996 ] } },
{ "type": "Feature", "properties": { "node_id": "8251054465", "street_count": 3 }, "geometry": { "type": "Point", "coordinates": [ -73.9625064, 40.8044759 ] } },
{ "type": "Feature", "properties": { "node_id": "3704337160", "street_count": 4 }, "geometry": { "type": "Point", "coordinates": [ -73.9694525, 40.8053315 ] } },
{ "type": "Feature", "properties": { "node_id": "7323388268", "street_count": 3 }, "geometry": { "type": "Point", "coordinates": [ -73.9591699, 40.813433 ] } },
{ "type": "Feature", "properties": { "node_id": "10171241038", "street_count": 3 }, "geometry": { "type": "Point", "coordinates": [ -73.9585136, 40.7998774 ] } },
{ "type": "Feature", "properties": { "node_id": "13684300887", "street_count": 4 }, "geometry": { "type": "Point", "coordinates": [ -73.9621737, 40.8055126 ] } },
{ "type": "Feature", "properties": { "node_id": "11209021466", "street_count": 3 }, "geometry": { "type": "Point", "coordinates": [ -73.9677251, 40.805685 ] } },
{ "type": "Feature", "properties": { "node_id": "5444733416", "street_count": 3 }, "geometry": { "type": "Point", "coordinates": [ -73.9520894, 40.8169354 ] } },
{ "type": "Feature", "properties": { "node_id": "8835777031", "street_count": 3 }, "geometry": { "type": "Point", "coordinates": [ -73.9508851, 40.8184793 ] } },
{ "type": "Feature", "properties": { "node_id": "10173250035", "street_count": 4 }, "geometry": { "type": "Point", "coordinates": [ -73.9556469, 40.8142078 ] } },
{ "type": "Feature", "properties": { "node_id": "10050004448", "street_count": 3 }, "geometry": { "type": "Point", "coordinates": [ -73.9628618, 40.8126674 ] } },
{ "type": "Feature", "properties": { "node_id": "11993388564", "street_count": 3 }, "geometry": { "type": "Point", "coordinates": [ -73.9579833, 40.8064007 ] } },
{ "type": "Feature", "properties": { "node_id": "6791440569", "street_count": 3 }, "geometry": { "type": "Point", "coordinates": [ -73.9570603, 40.8100308 ] } },
{ "type": "Feature", "properties": { "node_id": "12818282371", "street_count": 4 }, "geometry": { "type": "Point", "coordinates": [ -73.9562937, 40.7993472 ] } },
{ "type": "Feature", "properties": { "node_id": "10170980697", "street_count": 4 }, "geometry": { "type": "Point", "coordinates": [ -73.9701637, 40.7972495 ] } },
{ "type": "Feature", "properties": { "node_id": "7326861886", "street_count": 3 }, "geometry": { "type": "Point", "coordinates": [ -73.9700546, 40.8021715 ] } },
{ "type": "Feature", "properties": { "node_id": "6996564330", "street_count": 4 }, "geometry": { "type": "Point", "coordinates": [ -73.971821, 40.8010203 ] } },
{ "type": "Feature", "properties": { "node_id": "12152851885", "street_count": 1 }, "geometry": { "type": "Point", "coordinates": [ -73.956287, 40.7987154 ] } },
{ "type": "Feature", "properties": { "node_id": "10168029069", "street_count": 4 }, "geometry": { "type": "Point", "coordinates": [ -73.9535172, 40.8093912 ] } },
{ "type": "Feature", "properties": { "node_id": "10170977557", "street_count": 4 }, "geometry": { "type": "Point", "coordinates": [ -73.9532224, 40.8175255 ] } },
{ "type": "Feature", "properties": { "node_id": "10171069698", "street_count": 3 }, "geometry": { "type": "Point", "coordinates": [ -73.953157, 40.8099478 ] } },
{ "type": "Feature", "properties": { "node_id": "10302073281", "street_count": 4 }, "geometry": { "type": "Point", "coordinates": [ -73.9562665, 40.8181273 ] } },
{ "type": "Feature", "properties": { "node_id": "8807524438", "street_count": 3 }, "geometry": { "type": "Point", "coordinates": [ -73.9509454, 40.7999531 ] } },
{ "type": "Feature", "properties": { "node_id": "10170977532", "street_count": 4 }, "geometry": { "type": "Point", "coordinates": [ -73.9528524, 40.8159484 ] } },
{ "type": "Feature", "properties": { "node_id": "10171219272", "street_count": 4 }, "geometry": { "type": "Point", "coordinates": [ -73.9501485, 40.8063344 ] } },
{ "type": "Feature", "properties": { "node_id": "2796607389", "street_count": 1 }, "geometry": { "type": "Point", "coordinates": [ -73.9617304, 40.8067733 ] } },
{ "type": "Feature", "properties": { "node_id": "12813131435", "street_count": 4 }, "geometry": { "type": "Point", "coordinates": [ -73.9549783, 40.8134476 ] } },
{ "type": "Feature", "properties": { "node_id": "7594173332", "street_count": 3 }, "geometry": { "type": "Point", "coordinates": [ -73.950988, 40.8125153 ] } },
{ "type": "Feature", "properties": { "node_id": "7571410089", "street_count": 3 }, "geometry": { "type": "Point", "coordinates": [ -73.966685, 40.7982836 ] } },
{ "type": "Feature", "properties": { "node_id": "12801060842", "street_count": 3 }, "geometry": { "type": "Point", "coordinates": [ -73.9701508, 40.8023413 ] } },
{ "type": "Feature", "properties": { "node_id": "8807524494", "street_count": 4 }, "geometry": { "type": "Point", "coordinates": [ -73.9512129, 40.8002231 ] } },
{ "type": "Feature", "properties": { "node_id": "5004570643", "street_count": 4 }, "geometry": { "type": "Point", "coordinates": [ -73.9677579, 40.8062998 ] } },
{ "type": "Feature", "properties": { "node_id": "10171363563", "street_count": 4 }, "geometry": { "type": "Point", "coordinates": [ -73.9616312, 40.8011752 ] } },
{ "type": "Feature", "properties": { "node_id": "10049833003", "street_count": 4 }, "geometry": { "type": "Point", "coordinates": [ -73.9580962, 40.8163509 ] } },
{ "type": "Feature", "properties": { "node_id": "10170893922", "street_count": 4 }, "geometry": { "type": "Point", "coordinates": [ -73.9644721, 40.8023795 ] } },
{ "type": "Feature", "properties": { "node_id": "42438246", "street_count": 3 }, "geometry": { "type": "Point", "coordinates": [ -73.9528655, 40.8158605 ] } },
{ "type": "Feature", "properties": { "node_id": "1203884017", "street_count": 4 }, "geometry": { "type": "Point", "coordinates": [ -73.9564005, 40.7989871 ] } },
{ "type": "Feature", "properties": { "node_id": "10050020897", "street_count": 3 }, "geometry": { "type": "Point", "coordinates": [ -73.9636235, 40.8137068 ] } },
{ "type": "Feature", "properties": { "node_id": "42429825", "street_count": 1 }, "geometry": { "type": "Point", "coordinates": [ -73.9542758, 40.8110093 ] } },
{ "type": "Feature", "properties": { "node_id": "6868145384", "street_count": 3 }, "geometry": { "type": "Point", "coordinates": [ -73.9638811, 40.8114305 ] } },
{ "type": "Feature", "properties": { "node_id": "11953023713", "street_count": 3 }, "geometry": { "type": "Point", "coordinates": [ -73.9614277, 40.8045233 ] } },
{ "type": "Feature", "properties": { "node_id": "7934826777", "street_count": 3 }, "geometry": { "type": "Point", "coordinates": [ -73.9674499, 40.808965 ] } },
{ "type": "Feature", "properties": { "node_id": "11298919645", "street_count": 4 }, "geometry": { "type": "Point", "coordinates": [ -73.9515425, 40.8094441 ] } },
{ "type": "Feature", "properties": { "node_id": "6912841275", "street_count": 4 }, "geometry": { "type": "Point", "coordinates": [ -73.9705817, 40.7990745 ] } },
{ "type": "Feature", "properties": { "node_id": "10171069500", "street_count": 3 }, "geometry": { "type": "Point", "coordinates": [ -73.9531894, 40.8135594 ] } },
{ "type": "Feature", "properties": { "node_id": "9654214252", "street_count": 4 }, "geometry": { "type": "Point", "coordinates": [ -73.9663787, 40.7997672 ] } },
{ "type": "Feature", "properties": { "node_id": "7323390399", "street_count": 3 }, "geometry": { "type": "Point", "coordinates": [ -73.9581344, 40.8118242 ] } },
{ "type": "Feature", "properties": { "node_id": "7598911162", "street_count": 3 }, "geometry": { "type": "Point", "coordinates": [ -73.9582613, 40.8138663 ] } },
{ "type": "Feature", "properties": { "node_id": "11296570957", "street_count": 4 }, "geometry": { "type": "Point", "coordinates": [ -73.9720856, 40.7965648 ] } },
{ "type": "Feature", "properties": { "node_id": "10173362968", "street_count": 4 }, "geometry": { "type": "Point", "coordinates": [ -73.951109, 40.8125673 ] } },
{ "type": "Feature", "properties": { "node_id": "11842918576", "street_count": 1 }, "geometry": { "type": "Point", "coordinates": [ -73.9657142, 40.8079015 ] } },
{ "type": "Feature", "properties": { "node_id": "1332862533", "street_count": 3 }, "geometry": { "type": "Point", "coordinates": [ -73.9636308, 40.8123181 ] } },
{ "type": "Feature", "properties": { "node_id": "11804385218", "street_count": 1 }, "geometry": { "type": "Point", "coordinates": [ -73.9615494, 40.8040868 ] } },
{ "type": "Feature", "properties": { "node_id": "10169289748", "street_count": 3 }, "geometry": { "type": "Point", "coordinates": [ -73.9626682, 40.8100705 ] } },
{ "type": "Feature", "properties": { "node_id": "6839169599", "street_count": 4 }, "geometry": { "type": "Point", "coordinates": [ -73.9635475, 40.8031851 ] } },
{ "type": "Feature", "properties": { "node_id": "11998027986", "street_count": 3 }, "geometry": { "type": "Point", "coordinates": [ -73.9560687, 40.8088155 ] } },
{ "type": "Feature", "properties": { "node_id": "6831699336", "street_count": 3 }, "geometry": { "type": "Point", "coordinates": [ -73.9626948, 40.8073015 ] } },
{ "type": "Feature", "properties": { "node_id": "10168029035", "street_count": 4 }, "geometry": { "type": "Point", "coordinates": [ -73.9544396, 40.8081313 ] } },
{ "type": "Feature", "properties": { "node_id": "42441941", "street_count": 4 }, "geometry": { "type": "Point", "coordinates": [ -73.9677623, 40.8054072 ] } },
{ "type": "Feature", "properties": { "node_id": "11803975685", "street_count": 4 }, "geometry": { "type": "Point", "coordinates": [ -73.9628366, 40.7966295 ] } },
{ "type": "Feature", "properties": { "node_id": "1203806463", "street_count": 3 }, "geometry": { "type": "Point", "coordinates": [ -73.9600248, 40.7966274 ] } },
{ "type": "Feature", "properties": { "node_id": "10049953223", "street_count": 4 }, "geometry": { "type": "Point", "coordinates": [ -73.9604648, 40.8178841 ] } },
{ "type": "Feature", "properties": { "node_id": "10054975835", "street_count": 3 }, "geometry": { "type": "Point", "coordinates": [ -73.9561073, 40.8163967 ] } },
{ "type": "Feature", "properties": { "node_id": "11998014766", "street_count": 1 }, "geometry": { "type": "Point", "coordinates": [ -73.9584599, 40.8060525 ] } },
{ "type": "Feature", "properties": { "node_id": "10187643799", "street_count": 4 }, "geometry": { "type": "Point", "coordinates": [ -73.9572609, 40.8042651 ] } },
{ "type": "Feature", "properties": { "node_id": "10173362962", "street_count": 4 }, "geometry": { "type": "Point", "coordinates": [ -73.9520414, 40.8114989 ] } },
{ "type": "Feature", "properties": { "node_id": "6929263901", "street_count": 3 }, "geometry": { "type": "Point", "coordinates": [ -73.9720383, 40.8032813 ] } },
{ "type": "Feature", "properties": { "node_id": "10050007138", "street_count": 3 }, "geometry": { "type": "Point", "coordinates": [ -73.9591857, 40.8141129 ] } },
{ "type": "Feature", "properties": { "node_id": "2308955236", "street_count": 3 }, "geometry": { "type": "Point", "coordinates": [ -73.961565, 40.807641 ] } },
{ "type": "Feature", "properties": { "node_id": "10171135918", "street_count": 4 }, "geometry": { "type": "Point", "coordinates": [ -73.9540016, 40.8162549 ] } },
{ "type": "Feature", "properties": { "node_id": "14050482501", "street_count": 3 }, "geometry": { "type": "Point", "coordinates": [ -73.9745324, 40.7965605 ] } },
{ "type": "Feature", "properties": { "node_id": "7784826668", "street_count": 4 }, "geometry": { "type": "Point", "coordinates": [ -73.9523318, 40.7982928 ] } },
{ "type": "Feature", "properties": { "node_id": "10171069683", "street_count": 4 }, "geometry": { "type": "Point", "coordinates": [ -73.9529052, 40.8100958 ] } },
{ "type": "Feature", "properties": { "node_id": "3898480632", "street_count": 3 }, "geometry": { "type": "Point", "coordinates": [ -73.9519247, 40.8170046 ] } },
{ "type": "Feature", "properties": { "node_id": "7803460151", "street_count": 4 }, "geometry": { "type": "Point", "coordinates": [ -73.9523272, 40.7997986 ] } },
{ "type": "Feature", "properties": { "node_id": "10170977533", "street_count": 3 }, "geometry": { "type": "Point", "coordinates": [ -73.9527525, 40.8159303 ] } },
{ "type": "Feature", "properties": { "node_id": "3704337185", "street_count": 3 }, "geometry": { "type": "Point", "coordinates": [ -73.9668418, 40.8093488 ] } },
{ "type": "Feature", "properties": { "node_id": "7802964955", "street_count": 4 }, "geometry": { "type": "Point", "coordinates": [ -73.9517124, 40.7995427 ] } },
{ "type": "Feature", "properties": { "node_id": "2329798731", "street_count": 3 }, "geometry": { "type": "Point", "coordinates": [ -73.9741251, 40.7994275 ] } },
{ "type": "Feature", "properties": { "node_id": "7616666755", "street_count": 3 }, "geometry": { "type": "Point", "coordinates": [ -73.9557098, 40.8172531 ] } },
{ "type": "Feature", "properties": { "node_id": "10171219251", "street_count": 4 }, "geometry": { "type": "Point", "coordinates": [ -73.9504183, 40.805765 ] } },
{ "type": "Feature", "properties": { "node_id": "11851500959", "street_count": 3 }, "geometry": { "type": "Point", "coordinates": [ -73.9623248, 40.809819 ] } },
{ "type": "Feature", "properties": { "node_id": "10055110512", "street_count": 4 }, "geometry": { "type": "Point", "coordinates": [ -73.9558512, 40.814173 ] } },
{ "type": "Feature", "properties": { "node_id": "10171069694", "street_count": 4 }, "geometry": { "type": "Point", "coordinates": [ -73.9531747, 40.8102076 ] } },
{ "type": "Feature", "properties": { "node_id": "10049986087", "street_count": 3 }, "geometry": { "type": "Point", "coordinates": [ -73.9630449, 40.8129726 ] } },
{ "type": "Feature", "properties": { "node_id": "5481882809", "street_count": 1 }, "geometry": { "type": "Point", "coordinates": [ -73.9567838, 40.800857 ] } },
{ "type": "Feature", "properties": { "node_id": "10170977546", "street_count": 4 }, "geometry": { "type": "Point", "coordinates": [ -73.9528046, 40.8183421 ] } },
{ "type": "Feature", "properties": { "node_id": "4635926089", "street_count": 3 }, "geometry": { "type": "Point", "coordinates": [ -73.9621818, 40.8027367 ] } },
{ "type": "Feature", "properties": { "node_id": "11887792543", "street_count": 4 }, "geometry": { "type": "Point", "coordinates": [ -73.9517566, 40.8096079 ] } },
{ "type": "Feature", "properties": { "node_id": "13033313008", "street_count": 3 }, "geometry": { "type": "Point", "coordinates": [ -73.9523836, 40.7989294 ] } },
{ "type": "Feature", "properties": { "node_id": "1774036501", "street_count": 3 }, "geometry": { "type": "Point", "coordinates": [ -73.959577, 40.8019849 ] } },
{ "type": "Feature", "properties": { "node_id": "10055186157", "street_count": 3 }, "geometry": { "type": "Point", "coordinates": [ -73.9705657, 40.8046901 ] } },
{ "type": "Feature", "properties": { "node_id": "8379839200", "street_count": 3 }, "geometry": { "type": "Point", "coordinates": [ -73.9604054, 40.8040887 ] } },
{ "type": "Feature", "properties": { "node_id": "7146086678", "street_count": 1 }, "geometry": { "type": "Point", "coordinates": [ -73.9651448, 40.7980379 ] } },
{ "type": "Feature", "properties": { "node_id": "10054996911", "street_count": 3 }, "geometry": { "type": "Point", "coordinates": [ -73.9551048, 40.8166031 ] } },
{ "type": "Feature", "properties": { "node_id": "10054975842", "street_count": 3 }, "geometry": { "type": "Point", "coordinates": [ -73.9569923, 40.8167262 ] } },
{ "type": "Feature", "properties": { "node_id": "10166004038", "street_count": 4 }, "geometry": { "type": "Point", "coordinates": [ -73.9622009, 40.7999292 ] } },
{ "type": "Feature", "properties": { "node_id": "11875287992", "street_count": 4 }, "geometry": { "type": "Point", "coordinates": [ -73.9652679, 40.7984164 ] } },
{ "type": "Feature", "properties": { "node_id": "9150552663", "street_count": 3 }, "geometry": { "type": "Point", "coordinates": [ -73.9646489, 40.7965663 ] } },
{ "type": "Feature", "properties": { "node_id": "2058920031", "street_count": 4 }, "geometry": { "type": "Point", "coordinates": [ -73.9586636, 40.7987276 ] } },
{ "type": "Feature", "properties": { "node_id": "2308955275", "street_count": 3 }, "geometry": { "type": "Point", "coordinates": [ -73.9618271, 40.807494 ] } },
{ "type": "Feature", "properties": { "node_id": "9780485368", "street_count": 3 }, "geometry": { "type": "Point", "coordinates": [ -73.9680699, 40.799586 ] } },
{ "type": "Feature", "properties": { "node_id": "10165996998", "street_count": 3 }, "geometry": { "type": "Point", "coordinates": [ -73.9583354, 40.8039727 ] } },
{ "type": "Feature", "properties": { "node_id": "7571410104", "street_count": 3 }, "geometry": { "type": "Point", "coordinates": [ -73.965983, 40.7973415 ] } },
{ "type": "Feature", "properties": { "node_id": "9518268743", "street_count": 4 }, "geometry": { "type": "Point", "coordinates": [ -73.9589039, 40.8100118 ] } },
{ "type": "Feature", "properties": { "node_id": "8758287375", "street_count": 4 }, "geometry": { "type": "Point", "coordinates": [ -73.9517565, 40.8046092 ] } },
{ "type": "Feature", "properties": { "node_id": "11953023709", "street_count": 3 }, "geometry": { "type": "Point", "coordinates": [ -73.9608532, 40.8043788 ] } },
{ "type": "Feature", "properties": { "node_id": "10054994692", "street_count": 3 }, "geometry": { "type": "Point", "coordinates": [ -73.9633616, 40.8125989 ] } },
{ "type": "Feature", "properties": { "node_id": "11378511124", "street_count": 4 }, "geometry": { "type": "Point", "coordinates": [ -73.9680874, 40.8047739 ] } },
{ "type": "Feature", "properties": { "node_id": "10049860704", "street_count": 4 }, "geometry": { "type": "Point", "coordinates": [ -73.9609527, 40.8177048 ] } },
{ "type": "Feature", "properties": { "node_id": "6793924876", "street_count": 1 }, "geometry": { "type": "Point", "coordinates": [ -73.9580795, 40.8098632 ] } },
{ "type": "Feature", "properties": { "node_id": "1203884092", "street_count": 3 }, "geometry": { "type": "Point", "coordinates": [ -73.9572129, 40.8000105 ] } },
{ "type": "Feature", "properties": { "node_id": "5539546686", "street_count": 3 }, "geometry": { "type": "Point", "coordinates": [ -73.9516276, 40.8180012 ] } },
{ "type": "Feature", "properties": { "node_id": "2340960633", "street_count": 3 }, "geometry": { "type": "Point", "coordinates": [ -73.9609469, 40.8079961 ] } },
{ "type": "Feature", "properties": { "node_id": "10050045627", "street_count": 4 }, "geometry": { "type": "Point", "coordinates": [ -73.9563622, 40.8134849 ] } },
{ "type": "Feature", "properties": { "node_id": "1203883582", "street_count": 4 }, "geometry": { "type": "Point", "coordinates": [ -73.9589813, 40.7992425 ] } },
{ "type": "Feature", "properties": { "node_id": "7745748136", "street_count": 4 }, "geometry": { "type": "Point", "coordinates": [ -73.9657701, 40.8086777 ] } },
{ "type": "Feature", "properties": { "node_id": "42441263", "street_count": 1 }, "geometry": { "type": "Point", "coordinates": [ -73.9670504, 40.8076278 ] } },
{ "type": "Feature", "properties": { "node_id": "10171069510", "street_count": 4 }, "geometry": { "type": "Point", "coordinates": [ -73.9532419, 40.81274 ] } },
{ "type": "Feature", "properties": { "node_id": "3579426797", "street_count": 3 }, "geometry": { "type": "Point", "coordinates": [ -73.9547951, 40.8114032 ] } },
{ "type": "Feature", "properties": { "node_id": "11869923560", "street_count": 3 }, "geometry": { "type": "Point", "coordinates": [ -73.9715439, 40.8005335 ] } },
{ "type": "Feature", "properties": { "node_id": "2308955218", "street_count": 3 }, "geometry": { "type": "Point", "coordinates": [ -73.96266, 40.8080956 ] } },
{ "type": "Feature", "properties": { "node_id": "10050045624", "street_count": 4 }, "geometry": { "type": "Point", "coordinates": [ -73.9560928, 40.8134059 ] } },
{ "type": "Feature", "properties": { "node_id": "10050036789", "street_count": 4 }, "geometry": { "type": "Point", "coordinates": [ -73.9579828, 40.8163196 ] } },
{ "type": "Feature", "properties": { "node_id": "11998014764", "street_count": 3 }, "geometry": { "type": "Point", "coordinates": [ -73.9584916, 40.8060556 ] } },
{ "type": "Feature", "properties": { "node_id": "7785881427", "street_count": 3 }, "geometry": { "type": "Point", "coordinates": [ -73.9634311, 40.8122061 ] } },
{ "type": "Feature", "properties": { "node_id": "11905290557", "street_count": 1 }, "geometry": { "type": "Point", "coordinates": [ -73.9640368, 40.7990277 ] } },
{ "type": "Feature", "properties": { "node_id": "3579426701", "street_count": 1 }, "geometry": { "type": "Point", "coordinates": [ -73.9569346, 40.8113816 ] } },
{ "type": "Feature", "properties": { "node_id": "10055123054", "street_count": 4 }, "geometry": { "type": "Point", "coordinates": [ -73.9548742, 40.8150566 ] } },
{ "type": "Feature", "properties": { "node_id": "11741833011", "street_count": 3 }, "geometry": { "type": "Point", "coordinates": [ -73.9592881, 40.801845 ] } },
{ "type": "Feature", "properties": { "node_id": "10171865600", "street_count": 3 }, "geometry": { "type": "Point", "coordinates": [ -73.9514251, 40.81354 ] } },
{ "type": "Feature", "properties": { "node_id": "4302966531", "street_count": 3 }, "geometry": { "type": "Point", "coordinates": [ -73.9560286, 40.7966702 ] } },
{ "type": "Feature", "properties": { "node_id": "42441104", "street_count": 3 }, "geometry": { "type": "Point", "coordinates": [ -73.9631713, 40.8124168 ] } },
{ "type": "Feature", "properties": { "node_id": "10170977525", "street_count": 4 }, "geometry": { "type": "Point", "coordinates": [ -73.9522226, 40.8172875 ] } },
{ "type": "Feature", "properties": { "node_id": "8378942157", "street_count": 3 }, "geometry": { "type": "Point", "coordinates": [ -73.956435, 40.8082963 ] } },
{ "type": "Feature", "properties": { "node_id": "6839169586", "street_count": 4 }, "geometry": { "type": "Point", "coordinates": [ -73.9632167, 40.8036379 ] } },
{ "type": "Feature", "properties": { "node_id": "7620561484", "street_count": 3 }, "geometry": { "type": "Point", "coordinates": [ -73.9583847, 40.8119295 ] } },
{ "type": "Feature", "properties": { "node_id": "627905350", "street_count": 3 }, "geometry": { "type": "Point", "coordinates": [ -73.9624922, 40.8072165 ] } },
{ "type": "Feature", "properties": { "node_id": "1774037185", "street_count": 3 }, "geometry": { "type": "Point", "coordinates": [ -73.9597201, 40.8015892 ] } },
{ "type": "Feature", "properties": { "node_id": "10170977552", "street_count": 3 }, "geometry": { "type": "Point", "coordinates": [ -73.9532578, 40.8177249 ] } },
{ "type": "Feature", "properties": { "node_id": "10302073272", "street_count": 1 }, "geometry": { "type": "Point", "coordinates": [ -73.9558633, 40.8179879 ] } },
{ "type": "Feature", "properties": { "node_id": "2340960628", "street_count": 3 }, "geometry": { "type": "Point", "coordinates": [ -73.9614957, 40.807927 ] } },
{ "type": "Feature", "properties": { "node_id": "7785782266", "street_count": 3 }, "geometry": { "type": "Point", "coordinates": [ -73.9660623, 40.8088013 ] } },
{ "type": "Feature", "properties": { "node_id": "7571410128", "street_count": 4 }, "geometry": { "type": "Point", "coordinates": [ -73.9665137, 40.7966231 ] } },
{ "type": "Feature", "properties": { "node_id": "10171340197", "street_count": 3 }, "geometry": { "type": "Point", "coordinates": [ -73.9628471, 40.805953 ] } },
{ "type": "Feature", "properties": { "node_id": "6813350873", "street_count": 4 }, "geometry": { "type": "Point", "coordinates": [ -73.9612072, 40.8161024 ] } },
{ "type": "Feature", "properties": { "node_id": "2308955226", "street_count": 3 }, "geometry": { "type": "Point", "coordinates": [ -73.9610401, 40.8085551 ] } },
{ "type": "Feature", "properties": { "node_id": "10171069657", "street_count": 4 }, "geometry": { "type": "Point", "coordinates": [ -73.9519583, 40.8088696 ] } },
{ "type": "Feature", "properties": { "node_id": "11887792548", "street_count": 4 }, "geometry": { "type": "Point", "coordinates": [ -73.9515784, 40.8093902 ] } },
{ "type": "Feature", "properties": { "node_id": "5689234155", "street_count": 1 }, "geometry": { "type": "Point", "coordinates": [ -73.962736, 40.8045284 ] } },
{ "type": "Feature", "properties": { "node_id": "10129081621", "street_count": 4 }, "geometry": { "type": "Point", "coordinates": [ -73.9566646, 40.8182634 ] } },
{ "type": "Feature", "properties": { "node_id": "4302967346", "street_count": 1 }, "geometry": { "type": "Point", "coordinates": [ -73.9558722, 40.7987495 ] } },
{ "type": "Feature", "properties": { "node_id": "10302073268", "street_count": 3 }, "geometry": { "type": "Point", "coordinates": [ -73.95574, 40.8178914 ] } },
{ "type": "Feature", "properties": { "node_id": "10166004061", "street_count": 4 }, "geometry": { "type": "Point", "coordinates": [ -73.9674138, 40.8027924 ] } },
{ "type": "Feature", "properties": { "node_id": "5481882806", "street_count": 1 }, "geometry": { "type": "Point", "coordinates": [ -73.955719, 40.7999662 ] } },
{ "type": "Feature", "properties": { "node_id": "6244980520", "street_count": 3 }, "geometry": { "type": "Point", "coordinates": [ -73.9618673, 40.8132543 ] } },
{ "type": "Feature", "properties": { "node_id": "12818423592", "street_count": 3 }, "geometry": { "type": "Point", "coordinates": [ -73.9580418, 40.8007173 ] } },
{ "type": "Feature", "properties": { "node_id": "10169289742", "street_count": 3 }, "geometry": { "type": "Point", "coordinates": [ -73.963109, 40.8094694 ] } },
{ "type": "Feature", "properties": { "node_id": "12815989267", "street_count": 3 }, "geometry": { "type": "Point", "coordinates": [ -73.9526755, 40.7982161 ] } },
{ "type": "Feature", "properties": { "node_id": "5481857114", "street_count": 1 }, "geometry": { "type": "Point", "coordinates": [ -73.9501722, 40.810282 ] } },
{ "type": "Feature", "properties": { "node_id": "9517167688", "street_count": 4 }, "geometry": { "type": "Point", "coordinates": [ -73.9609719, 40.8116842 ] } },
{ "type": "Feature", "properties": { "node_id": "10108660059", "street_count": 4 }, "geometry": { "type": "Point", "coordinates": [ -73.9621158, 40.7979648 ] } },
{ "type": "Feature", "properties": { "node_id": "6791440558", "street_count": 3 }, "geometry": { "type": "Point", "coordinates": [ -73.9574799, 40.808675 ] } },
{ "type": "Feature", "properties": { "node_id": "42437204", "street_count": 4 }, "geometry": { "type": "Point", "coordinates": [ -73.951484, 40.7994476 ] } },
{ "type": "Feature", "properties": { "node_id": "1774036751", "street_count": 3 }, "geometry": { "type": "Point", "coordinates": [ -73.9567777, 40.8101664 ] } },
{ "type": "Feature", "properties": { "node_id": "6250061769", "street_count": 1 }, "geometry": { "type": "Point", "coordinates": [ -73.9575522, 40.8101694 ] } },
{ "type": "Feature", "properties": { "node_id": "7785782259", "street_count": 3 }, "geometry": { "type": "Point", "coordinates": [ -73.9677549, 40.8069714 ] } },
{ "type": "Feature", "properties": { "node_id": "4302966815", "street_count": 3 }, "geometry": { "type": "Point", "coordinates": [ -73.9509694, 40.7970803 ] } },
{ "type": "Feature", "properties": { "node_id": "2340960582", "street_count": 3 }, "geometry": { "type": "Point", "coordinates": [ -73.9616809, 40.8074873 ] } },
{ "type": "Feature", "properties": { "node_id": "10171219252", "street_count": 4 }, "geometry": { "type": "Point", "coordinates": [ -73.9505284, 40.8058104 ] } },
{ "type": "Feature", "properties": { "node_id": "9518240971", "street_count": 3 }, "geometry": { "type": "Point", "coordinates": [ -73.9614667, 40.8087271 ] } },
{ "type": "Feature", "properties": { "node_id": "10165989514", "street_count": 4 }, "geometry": { "type": "Point", "coordinates": [ -73.9618228, 40.8004364 ] } },
{ "type": "Feature", "properties": { "node_id": "13684300888", "street_count": 4 }, "geometry": { "type": "Point", "coordinates": [ -73.9626409, 40.8048795 ] } },
{ "type": "Feature", "properties": { "node_id": "7087041469", "street_count": 3 }, "geometry": { "type": "Point", "coordinates": [ -73.9574416, 40.8119971 ] } },
{ "type": "Feature", "properties": { "node_id": "6791440560", "street_count": 3 }, "geometry": { "type": "Point", "coordinates": [ -73.9571049, 40.8094066 ] } },
{ "type": "Feature", "properties": { "node_id": "11682716951", "street_count": 3 }, "geometry": { "type": "Point", "coordinates": [ -73.9588363, 40.8024709 ] } },
{ "type": "Feature", "properties": { "node_id": "10171069502", "street_count": 4 }, "geometry": { "type": "Point", "coordinates": [ -73.9531133, 40.8133888 ] } },
{ "type": "Feature", "properties": { "node_id": "1774036551", "street_count": 4 }, "geometry": { "type": "Point", "coordinates": [ -73.9567341, 40.8083431 ] } },
{ "type": "Feature", "properties": { "node_id": "7323388267", "street_count": 4 }, "geometry": { "type": "Point", "coordinates": [ -73.9591772, 40.8135369 ] } },
{ "type": "Feature", "properties": { "node_id": "7571410105", "street_count": 3 }, "geometry": { "type": "Point", "coordinates": [ -73.9653965, 40.7977546 ] } },
{ "type": "Feature", "properties": { "node_id": "10128823995", "street_count": 4 }, "geometry": { "type": "Point", "coordinates": [ -73.9568987, 40.8174306 ] } },
{ "type": "Feature", "properties": { "node_id": "9654214298", "street_count": 4 }, "geometry": { "type": "Point", "coordinates": [ -73.9697987, 40.7997171 ] } },
{ "type": "Feature", "properties": { "node_id": "11842918579", "street_count": 4 }, "geometry": { "type": "Point", "coordinates": [ -73.9661231, 40.8073299 ] } },
{ "type": "Feature", "properties": { "node_id": "6813350876", "street_count": 3 }, "geometry": { "type": "Point", "coordinates": [ -73.9612283, 40.8158273 ] } },
{ "type": "Feature", "properties": { "node_id": "7618358575", "street_count": 1 }, "geometry": { "type": "Point", "coordinates": [ -73.9636752, 40.8032364 ] } },
{ "type": "Feature", "properties": { "node_id": "9150552661", "street_count": 3 }, "geometry": { "type": "Point", "coordinates": [ -73.9642123, 40.7971703 ] } },
{ "type": "Feature", "properties": { "node_id": "6887003315", "street_count": 3 }, "geometry": { "type": "Point", "coordinates": [ -73.9732328, 40.7986836 ] } },
{ "type": "Feature", "properties": { "node_id": "10168673721", "street_count": 4 }, "geometry": { "type": "Point", "coordinates": [ -73.9655459, 40.806115 ] } },
{ "type": "Feature", "properties": { "node_id": "10170977531", "street_count": 3 }, "geometry": { "type": "Point", "coordinates": [ -73.9527699, 40.81579 ] } },
{ "type": "Feature", "properties": { "node_id": "10055186140", "street_count": 4 }, "geometry": { "type": "Point", "coordinates": [ -73.9717201, 40.802516 ] } },
{ "type": "Feature", "properties": { "node_id": "9518268735", "street_count": 3 }, "geometry": { "type": "Point", "coordinates": [ -73.9607034, 40.8097787 ] } },
{ "type": "Feature", "properties": { "node_id": "2058919903", "street_count": 3 }, "geometry": { "type": "Point", "coordinates": [ -73.951186, 40.7973186 ] } },
{ "type": "Feature", "properties": { "node_id": "4635926100", "street_count": 3 }, "geometry": { "type": "Point", "coordinates": [ -73.9630805, 40.8038236 ] } },
{ "type": "Feature", "properties": { "node_id": "10049860712", "street_count": 4 }, "geometry": { "type": "Point", "coordinates": [ -73.9606798, 40.8175921 ] } },
{ "type": "Feature", "properties": { "node_id": "7598688547", "street_count": 1 }, "geometry": { "type": "Point", "coordinates": [ -73.9588041, 40.8141012 ] } },
{ "type": "Feature", "properties": { "node_id": "6223478849", "street_count": 3 }, "geometry": { "type": "Point", "coordinates": [ -73.9500929, 40.8011508 ] } },
{ "type": "Feature", "properties": { "node_id": "7578363999", "street_count": 4 }, "geometry": { "type": "Point", "coordinates": [ -73.9636275, 40.8080263 ] } },
{ "type": "Feature", "properties": { "node_id": "10171069671", "street_count": 3 }, "geometry": { "type": "Point", "coordinates": [ -73.9531348, 40.8092241 ] } },
{ "type": "Feature", "properties": { "node_id": "8385765461", "street_count": 4 }, "geometry": { "type": "Point", "coordinates": [ -73.9609867, 40.8066848 ] } },
{ "type": "Feature", "properties": { "node_id": "10172883030", "street_count": 4 }, "geometry": { "type": "Point", "coordinates": [ -73.9526649, 40.8058869 ] } },
{ "type": "Feature", "properties": { "node_id": "10171363555", "street_count": 4 }, "geometry": { "type": "Point", "coordinates": [ -73.9616406, 40.7986106 ] } },
{ "type": "Feature", "properties": { "node_id": "10171241048", "street_count": 4 }, "geometry": { "type": "Point", "coordinates": [ -73.9591714, 40.7994618 ] } },
{ "type": "Feature", "properties": { "node_id": "7326861885", "street_count": 3 }, "geometry": { "type": "Point", "coordinates": [ -73.970454, 40.8016224 ] } },
{ "type": "Feature", "properties": { "node_id": "7323388260", "street_count": 1 }, "geometry": { "type": "Point", "coordinates": [ -73.9594609, 40.8135285 ] } },
{ "type": "Feature", "properties": { "node_id": "7209676829", "street_count": 3 }, "geometry": { "type": "Point", "coordinates": [ -73.9598384, 40.8014166 ] } },
{ "type": "Feature", "properties": { "node_id": "8795723394", "street_count": 3 }, "geometry": { "type": "Point", "coordinates": [ -73.9601307, 40.8123242 ] } },
{ "type": "Feature", "properties": { "node_id": "10170893929", "street_count": 4 }, "geometry": { "type": "Point", "coordinates": [ -73.9640625, 40.8029504 ] } },
{ "type": "Feature", "properties": { "node_id": "10171227005", "street_count": 4 }, "geometry": { "type": "Point", "coordinates": [ -73.9578542, 40.8008356 ] } },
{ "type": "Feature", "properties": { "node_id": "3874689570", "street_count": 1 }, "geometry": { "type": "Point", "coordinates": [ -73.9619626, 40.8179842 ] } },
{ "type": "Feature", "properties": { "node_id": "11993088817", "street_count": 3 }, "geometry": { "type": "Point", "coordinates": [ -73.9569731, 40.8075702 ] } },
{ "type": "Feature", "properties": { "node_id": "13232597976", "street_count": 4 }, "geometry": { "type": "Point", "coordinates": [ -73.9549108, 40.8068311 ] } },
{ "type": "Feature", "properties": { "node_id": "4302966967", "street_count": 3 }, "geometry": { "type": "Point", "coordinates": [ -73.9553913, 40.7974021 ] } },
{ "type": "Feature", "properties": { "node_id": "2340960648", "street_count": 3 }, "geometry": { "type": "Point", "coordinates": [ -73.9614234, 40.8083229 ] } },
{ "type": "Feature", "properties": { "node_id": "10171397819", "street_count": 4 }, "geometry": { "type": "Point", "coordinates": [ -73.9698796, 40.7995971 ] } },
{ "type": "Feature", "properties": { "node_id": "10168029071", "street_count": 4 }, "geometry": { "type": "Point", "coordinates": [ -73.9534369, 40.8095071 ] } },
{ "type": "Feature", "properties": { "node_id": "7323390461", "street_count": 3 }, "geometry": { "type": "Point", "coordinates": [ -73.9635788, 40.8031421 ] } },
{ "type": "Feature", "properties": { "node_id": "8379847746", "street_count": 4 }, "geometry": { "type": "Point", "coordinates": [ -73.9599375, 40.8081317 ] } },
{ "type": "Feature", "properties": { "node_id": "6793779213", "street_count": 3 }, "geometry": { "type": "Point", "coordinates": [ -73.9606983, 40.8025198 ] } },
{ "type": "Feature", "properties": { "node_id": "10055148364", "street_count": 3 }, "geometry": { "type": "Point", "coordinates": [ -73.9717715, 40.8012607 ] } },
{ "type": "Feature", "properties": { "node_id": "7785782272", "street_count": 4 }, "geometry": { "type": "Point", "coordinates": [ -73.965626, 40.8088738 ] } },
{ "type": "Feature", "properties": { "node_id": "10055115542", "street_count": 4 }, "geometry": { "type": "Point", "coordinates": [ -73.9568667, 40.81567 ] } },
{ "type": "Feature", "properties": { "node_id": "10055257609", "street_count": 3 }, "geometry": { "type": "Point", "coordinates": [ -73.9750767, 40.7970177 ] } },
{ "type": "Feature", "properties": { "node_id": "10055260623", "street_count": 3 }, "geometry": { "type": "Point", "coordinates": [ -73.9749368, 40.7966685 ] } },
{ "type": "Feature", "properties": { "node_id": "10171397832", "street_count": 4 }, "geometry": { "type": "Point", "coordinates": [ -73.9693115, 40.7977208 ] } },
{ "type": "Feature", "properties": { "node_id": "10170977547", "street_count": 4 }, "geometry": { "type": "Point", "coordinates": [ -73.9526935, 40.8182718 ] } },
{ "type": "Feature", "properties": { "node_id": "7571274533", "street_count": 3 }, "geometry": { "type": "Point", "coordinates": [ -73.9651161, 40.7980761 ] } },
{ "type": "Feature", "properties": { "node_id": "410368099", "street_count": 3 }, "geometry": { "type": "Point", "coordinates": [ -73.9541837, 40.7976144 ] } },
{ "type": "Feature", "properties": { "node_id": "7785881416", "street_count": 3 }, "geometry": { "type": "Point", "coordinates": [ -73.9703301, 40.8024812 ] } },
{ "type": "Feature", "properties": { "node_id": "10171865593", "street_count": 4 }, "geometry": { "type": "Point", "coordinates": [ -73.9529885, 40.8142053 ] } },
{ "type": "Feature", "properties": { "node_id": "12818423541", "street_count": 3 }, "geometry": { "type": "Point", "coordinates": [ -73.9584556, 40.8008726 ] } },
{ "type": "Feature", "properties": { "node_id": "11986195409", "street_count": 3 }, "geometry": { "type": "Point", "coordinates": [ -73.9603903, 40.8041323 ] } },
{ "type": "Feature", "properties": { "node_id": "3579426700", "street_count": 3 }, "geometry": { "type": "Point", "coordinates": [ -73.9570947, 40.8117994 ] } },
{ "type": "Feature", "properties": { "node_id": "6821760756", "street_count": 3 }, "geometry": { "type": "Point", "coordinates": [ -73.9568817, 40.809954 ] } },
{ "type": "Feature", "properties": { "node_id": "42433161", "street_count": 1 }, "geometry": { "type": "Point", "coordinates": [ -73.9524352, 40.7990263 ] } },
{ "type": "Feature", "properties": { "node_id": "11741886394", "street_count": 3 }, "geometry": { "type": "Point", "coordinates": [ -73.9610031, 40.8015644 ] } },
{ "type": "Feature", "properties": { "node_id": "10170977549", "street_count": 4 }, "geometry": { "type": "Point", "coordinates": [ -73.9527699, 40.8181648 ] } },
{ "type": "Feature", "properties": { "node_id": "6880029882", "street_count": 3 }, "geometry": { "type": "Point", "coordinates": [ -73.9718316, 40.7997413 ] } },
{ "type": "Feature", "properties": { "node_id": "432755893", "street_count": 3 }, "geometry": { "type": "Point", "coordinates": [ -73.9537429, 40.797917 ] } },
{ "type": "Feature", "properties": { "node_id": "6284690487", "street_count": 3 }, "geometry": { "type": "Point", "coordinates": [ -73.9618264, 40.8067737 ] } },
{ "type": "Feature", "properties": { "node_id": "10172941356", "street_count": 4 }, "geometry": { "type": "Point", "coordinates": [ -73.9686154, 40.8017691 ] } },
{ "type": "Feature", "properties": { "node_id": "42432897", "street_count": 1 }, "geometry": { "type": "Point", "coordinates": [ -73.9527655, 40.8050309 ] } },
{ "type": "Feature", "properties": { "node_id": "10171508868", "street_count": 4 }, "geometry": { "type": "Point", "coordinates": [ -73.9506357, 40.8109038 ] } },
{ "type": "Feature", "properties": { "node_id": "10057432446", "street_count": 1 }, "geometry": { "type": "Point", "coordinates": [ -73.9612853, 40.8161913 ] } },
{ "type": "Feature", "properties": { "node_id": "6900903355", "street_count": 3 }, "geometry": { "type": "Point", "coordinates": [ -73.9682888, 40.8019413 ] } },
{ "type": "Feature", "properties": { "node_id": "10056883695", "street_count": 1 }, "geometry": { "type": "Point", "coordinates": [ -73.958869, 40.8139042 ] } },
{ "type": "Feature", "properties": { "node_id": "3271250935", "street_count": 1 }, "geometry": { "type": "Point", "coordinates": [ -73.9638511, 40.8084099 ] } },
{ "type": "Feature", "properties": { "node_id": "7323390457", "street_count": 3 }, "geometry": { "type": "Point", "coordinates": [ -73.9633985, 40.8030827 ] } },
{ "type": "Feature", "properties": { "node_id": "9518268101", "street_count": 3 }, "geometry": { "type": "Point", "coordinates": [ -73.9645497, 40.810883 ] } },
{ "type": "Feature", "properties": { "node_id": "7598688500", "street_count": 1 }, "geometry": { "type": "Point", "coordinates": [ -73.9583733, 40.8132732 ] } },
{ "type": "Feature", "properties": { "node_id": "8795723386", "street_count": 4 }, "geometry": { "type": "Point", "coordinates": [ -73.9576385, 40.8151604 ] } },
{ "type": "Feature", "properties": { "node_id": "11953435472", "street_count": 1 }, "geometry": { "type": "Point", "coordinates": [ -73.9638575, 40.8122117 ] } },
{ "type": "Feature", "properties": { "node_id": "6868145370", "street_count": 4 }, "geometry": { "type": "Point", "coordinates": [ -73.9622687, 40.8137207 ] } },
{ "type": "Feature", "properties": { "node_id": "2340960664", "street_count": 4 }, "geometry": { "type": "Point", "coordinates": [ -73.9618689, 40.8086626 ] } },
{ "type": "Feature", "properties": { "node_id": "8251054464", "street_count": 3 }, "geometry": { "type": "Point", "coordinates": [ -73.9623211, 40.8047424 ] } },
{ "type": "Feature", "properties": { "node_id": "2340960621", "street_count": 3 }, "geometry": { "type": "Point", "coordinates": [ -73.9613286, 40.8078568 ] } },
{ "type": "Feature", "properties": { "node_id": "8375719536", "street_count": 1 }, "geometry": { "type": "Point", "coordinates": [ -73.9635608, 40.8069321 ] } },
{ "type": "Feature", "properties": { "node_id": "6900903364", "street_count": 3 }, "geometry": { "type": "Point", "coordinates": [ -73.9683742, 40.8016741 ] } },
{ "type": "Feature", "properties": { "node_id": "10171865564", "street_count": 3 }, "geometry": { "type": "Point", "coordinates": [ -73.9509963, 40.8126887 ] } },
{ "type": "Feature", "properties": { "node_id": "42439855", "street_count": 3 }, "geometry": { "type": "Point", "coordinates": [ -73.9502721, 40.8064478 ] } },
{ "type": "Feature", "properties": { "node_id": "10050036784", "street_count": 4 }, "geometry": { "type": "Point", "coordinates": [ -73.9576628, 40.816185 ] } },
{ "type": "Feature", "properties": { "node_id": "10166004107", "street_count": 4 }, "geometry": { "type": "Point", "coordinates": [ -73.9658855, 40.7986801 ] } },
{ "type": "Feature", "properties": { "node_id": "10049835177", "street_count": 3 }, "geometry": { "type": "Point", "coordinates": [ -73.9597399, 40.815662 ] } },
{ "type": "Feature", "properties": { "node_id": "11932076659", "street_count": 3 }, "geometry": { "type": "Point", "coordinates": [ -73.9715442, 40.8001266 ] } },
{ "type": "Feature", "properties": { "node_id": "3088565329", "street_count": 3 }, "geometry": { "type": "Point", "coordinates": [ -73.9696397, 40.8037257 ] } },
{ "type": "Feature", "properties": { "node_id": "12815989285", "street_count": 3 }, "geometry": { "type": "Point", "coordinates": [ -73.9524316, 40.7980027 ] } },
{ "type": "Feature", "properties": { "node_id": "10171363579", "street_count": 4 }, "geometry": { "type": "Point", "coordinates": [ -73.9630708, 40.7992061 ] } },
{ "type": "Feature", "properties": { "node_id": "7326861788", "street_count": 3 }, "geometry": { "type": "Point", "coordinates": [ -73.9699354, 40.8023336 ] } },
{ "type": "Feature", "properties": { "node_id": "6244980557", "street_count": 3 }, "geometry": { "type": "Point", "coordinates": [ -73.9616862, 40.8133601 ] } },
{ "type": "Feature", "properties": { "node_id": "3907629313", "street_count": 3 }, "geometry": { "type": "Point", "coordinates": [ -73.9613138, 40.8068236 ] } },
{ "type": "Feature", "properties": { "node_id": "2329911882", "street_count": 3 }, "geometry": { "type": "Point", "coordinates": [ -73.9717683, 40.802188 ] } },
{ "type": "Feature", "properties": { "node_id": "7598911154", "street_count": 1 }, "geometry": { "type": "Point", "coordinates": [ -73.9579424, 40.8137345 ] } },
{ "type": "Feature", "properties": { "node_id": "10171069691", "street_count": 4 }, "geometry": { "type": "Point", "coordinates": [ -73.9529028, 40.8100154 ] } },
{ "type": "Feature", "properties": { "node_id": "6839169606", "street_count": 4 }, "geometry": { "type": "Point", "coordinates": [ -73.963297, 40.8035279 ] } },
{ "type": "Feature", "properties": { "node_id": "10166004059", "street_count": 4 }, "geometry": { "type": "Point", "coordinates": [ -73.9677685, 40.8030926 ] } },
{ "type": "Feature", "properties": { "node_id": "11209021452", "street_count": 3 }, "geometry": { "type": "Point", "coordinates": [ -73.9675531, 40.8062135 ] } },
{ "type": "Feature", "properties": { "node_id": "9654489344", "street_count": 4 }, "geometry": { "type": "Point", "coordinates": [ -73.967679, 40.7979979 ] } },
{ "type": "Feature", "properties": { "node_id": "7571410097", "street_count": 3 }, "geometry": { "type": "Point", "coordinates": [ -73.9660826, 40.7980363 ] } },
{ "type": "Feature", "properties": { "node_id": "10106642885", "street_count": 4 }, "geometry": { "type": "Point", "coordinates": [ -73.9574831, 40.8110542 ] } },
{ "type": "Feature", "properties": { "node_id": "11851500958", "street_count": 3 }, "geometry": { "type": "Point", "coordinates": [ -73.9622472, 40.8099269 ] } },
{ "type": "Feature", "properties": { "node_id": "2340960630", "street_count": 3 }, "geometry": { "type": "Point", "coordinates": [ -73.962771, 40.8079422 ] } },
{ "type": "Feature", "properties": { "node_id": "6223478836", "street_count": 3 }, "geometry": { "type": "Point", "coordinates": [ -73.9501432, 40.7997336 ] } },
{ "type": "Feature", "properties": { "node_id": "6223570381", "street_count": 3 }, "geometry": { "type": "Point", "coordinates": [ -73.9606481, 40.8159239 ] } },
{ "type": "Feature", "properties": { "node_id": "1792517027", "street_count": 3 }, "geometry": { "type": "Point", "coordinates": [ -73.9602386, 40.8023603 ] } },
{ "type": "Feature", "properties": { "node_id": "7801821427", "street_count": 3 }, "geometry": { "type": "Point", "coordinates": [ -73.9577107, 40.8005662 ] } },
{ "type": "Feature", "properties": { "node_id": "627905380", "street_count": 3 }, "geometry": { "type": "Point", "coordinates": [ -73.9635137, 40.8068132 ] } },
{ "type": "Feature", "properties": { "node_id": "3579426929", "street_count": 3 }, "geometry": { "type": "Point", "coordinates": [ -73.9502672, 40.8144508 ] } },
{ "type": "Feature", "properties": { "node_id": "6824030339", "street_count": 1 }, "geometry": { "type": "Point", "coordinates": [ -73.9639919, 40.8085277 ] } },
{ "type": "Feature", "properties": { "node_id": "10171069619", "street_count": 4 }, "geometry": { "type": "Point", "coordinates": [ -73.9534366, 40.8120872 ] } },
{ "type": "Feature", "properties": { "node_id": "10170704055", "street_count": 4 }, "geometry": { "type": "Point", "coordinates": [ -73.9668355, 40.8043544 ] } },
{ "type": "Feature", "properties": { "node_id": "10055105938", "street_count": 3 }, "geometry": { "type": "Point", "coordinates": [ -73.9611601, 40.8166664 ] } },
{ "type": "Feature", "properties": { "node_id": "10166004047", "street_count": 4 }, "geometry": { "type": "Point", "coordinates": [ -73.9682284, 40.8023178 ] } },
{ "type": "Feature", "properties": { "node_id": "7620497459", "street_count": 1 }, "geometry": { "type": "Point", "coordinates": [ -73.9519768, 40.8018675 ] } },
{ "type": "Feature", "properties": { "node_id": "10128759069", "street_count": 4 }, "geometry": { "type": "Point", "coordinates": [ -73.9575737, 40.8170223 ] } },
{ "type": "Feature", "properties": { "node_id": "11378511132", "street_count": 4 }, "geometry": { "type": "Point", "coordinates": [ -73.964248, 40.8107695 ] } },
{ "type": "Feature", "properties": { "node_id": "10054994693", "street_count": 4 }, "geometry": { "type": "Point", "coordinates": [ -73.963477, 40.812631 ] } },
{ "type": "Feature", "properties": { "node_id": "12468185079", "street_count": 3 }, "geometry": { "type": "Point", "coordinates": [ -73.96696, 40.7985238 ] } },
{ "type": "Feature", "properties": { "node_id": "4401269640", "street_count": 3 }, "geometry": { "type": "Point", "coordinates": [ -73.9634726, 40.8074451 ] } },
{ "type": "Feature", "properties": { "node_id": "627905386", "street_count": 3 }, "geometry": { "type": "Point", "coordinates": [ -73.9630189, 40.8074363 ] } },
{ "type": "Feature", "properties": { "node_id": "10171241047", "street_count": 4 }, "geometry": { "type": "Point", "coordinates": [ -73.9592486, 40.7993541 ] } },
{ "type": "Feature", "properties": { "node_id": "12000294662", "street_count": 3 }, "geometry": { "type": "Point", "coordinates": [ -73.9555387, 40.8095409 ] } },
{ "type": "Feature", "properties": { "node_id": "11296201223", "street_count": 4 }, "geometry": { "type": "Point", "coordinates": [ -73.9685867, 40.7967339 ] } },
{ "type": "Feature", "properties": { "node_id": "10049835181", "street_count": 4 }, "geometry": { "type": "Point", "coordinates": [ -73.9596243, 40.8154987 ] } },
{ "type": "Feature", "properties": { "node_id": "9714409350", "street_count": 1 }, "geometry": { "type": "Point", "coordinates": [ -73.9541968, 40.8105629 ] } },
{ "type": "Feature", "properties": { "node_id": "6919167799", "street_count": 3 }, "geometry": { "type": "Point", "coordinates": [ -73.9620272, 40.8087318 ] } },
{ "type": "Feature", "properties": { "node_id": "1203806746", "street_count": 3 }, "geometry": { "type": "Point", "coordinates": [ -73.9584268, 40.7965656 ] } },
{ "type": "Feature", "properties": { "node_id": "2340960645", "street_count": 3 }, "geometry": { "type": "Point", "coordinates": [ -73.9629785, 40.8082772 ] } },
{ "type": "Feature", "properties": { "node_id": "3269867964", "street_count": 3 }, "geometry": { "type": "Point", "coordinates": [ -73.9617793, 40.8160683 ] } },
{ "type": "Feature", "properties": { "node_id": "7571410119", "street_count": 4 }, "geometry": { "type": "Point", "coordinates": [ -73.9652491, 40.7968161 ] } },
{ "type": "Feature", "properties": { "node_id": "7123427493", "street_count": 3 }, "geometry": { "type": "Point", "coordinates": [ -73.9569778, 40.8121814 ] } },
{ "type": "Feature", "properties": { "node_id": "3898470315", "street_count": 3 }, "geometry": { "type": "Point", "coordinates": [ -73.9511345, 40.8159956 ] } },
{ "type": "Feature", "properties": { "node_id": "5481882808", "street_count": 1 }, "geometry": { "type": "Point", "coordinates": [ -73.9565881, 40.8011276 ] } },
{ "type": "Feature", "properties": { "node_id": "10187932990", "street_count": 4 }, "geometry": { "type": "Point", "coordinates": [ -73.95063, 40.8040718 ] } },
{ "type": "Feature", "properties": { "node_id": "10170606867", "street_count": 4 }, "geometry": { "type": "Point", "coordinates": [ -73.9564071, 40.8032306 ] } },
{ "type": "Feature", "properties": { "node_id": "6814306888", "street_count": 4 }, "geometry": { "type": "Point", "coordinates": [ -73.9569887, 40.8049834 ] } },
{ "type": "Feature", "properties": { "node_id": "6824030329", "street_count": 4 }, "geometry": { "type": "Point", "coordinates": [ -73.9553737, 40.8121296 ] } },
{ "type": "Feature", "properties": { "node_id": "10171865588", "street_count": 4 }, "geometry": { "type": "Point", "coordinates": [ -73.9502579, 40.8114207 ] } },
{ "type": "Feature", "properties": { "node_id": "7785880667", "street_count": 3 }, "geometry": { "type": "Point", "coordinates": [ -73.9677415, 40.8055498 ] } },
{ "type": "Feature", "properties": { "node_id": "3704337198", "street_count": 3 }, "geometry": { "type": "Point", "coordinates": [ -73.9641615, 40.8118136 ] } },
{ "type": "Feature", "properties": { "node_id": "10173400456", "street_count": 4 }, "geometry": { "type": "Point", "coordinates": [ -73.9560064, 40.8037476 ] } },
{ "type": "Feature", "properties": { "node_id": "10055069508", "street_count": 4 }, "geometry": { "type": "Point", "coordinates": [ -73.9551689, 40.8151156 ] } },
{ "type": "Feature", "properties": { "node_id": "7598641863", "street_count": 3 }, "geometry": { "type": "Point", "coordinates": [ -73.9576601, 40.8131858 ] } },
{ "type": "Feature", "properties": { "node_id": "7658581157", "street_count": 1 }, "geometry": { "type": "Point", "coordinates": [ -73.9526789, 40.808595 ] } },
{ "type": "Feature", "properties": { "node_id": "6791440564", "street_count": 4 }, "geometry": { "type": "Point", "coordinates": [ -73.958087, 40.8080309 ] } },
{ "type": "Feature", "properties": { "node_id": "42435997", "street_count": 3 }, "geometry": { "type": "Point", "coordinates": [ -73.9527209, 40.8182343 ] } },
{ "type": "Feature", "properties": { "node_id": "6912841281", "street_count": 3 }, "geometry": { "type": "Point", "coordinates": [ -73.9724279, 40.7991721 ] } },
{ "type": "Feature", "properties": { "node_id": "10049835178", "street_count": 4 }, "geometry": { "type": "Point", "coordinates": [ -73.9598714, 40.8154931 ] } },
{ "type": "Feature", "properties": { "node_id": "7598641862", "street_count": 3 }, "geometry": { "type": "Point", "coordinates": [ -73.9578779, 40.8137496 ] } },
{ "type": "Feature", "properties": { "node_id": "7801840673", "street_count": 4 }, "geometry": { "type": "Point", "coordinates": [ -73.9585248, 40.8003577 ] } },
{ "type": "Feature", "properties": { "node_id": "11986195428", "street_count": 1 }, "geometry": { "type": "Point", "coordinates": [ -73.959751, 40.8054502 ] } },
{ "type": "Feature", "properties": { "node_id": "11298919653", "street_count": 4 }, "geometry": { "type": "Point", "coordinates": [ -73.9524563, 40.8081831 ] } },
{ "type": "Feature", "properties": { "node_id": "42448605", "street_count": 3 }, "geometry": { "type": "Point", "coordinates": [ -73.9531087, 40.8135001 ] } },
{ "type": "Feature", "properties": { "node_id": "42435810", "street_count": 3 }, "geometry": { "type": "Point", "coordinates": [ -73.950216, 40.811478 ] } },
{ "type": "Feature", "properties": { "node_id": "8379847753", "street_count": 4 }, "geometry": { "type": "Point", "coordinates": [ -73.9600208, 40.8080174 ] } },
{ "type": "Feature", "properties": { "node_id": "8807524479", "street_count": 4 }, "geometry": { "type": "Point", "coordinates": [ -73.9508311, 40.8007412 ] } },
{ "type": "Feature", "properties": { "node_id": "6815909901", "street_count": 3 }, "geometry": { "type": "Point", "coordinates": [ -73.9617523, 40.806743 ] } },
{ "type": "Feature", "properties": { "node_id": "10171069508", "street_count": 4 }, "geometry": { "type": "Point", "coordinates": [ -73.9530427, 40.812593 ] } },
{ "type": "Feature", "properties": { "node_id": "11905306938", "street_count": 3 }, "geometry": { "type": "Point", "coordinates": [ -73.96436, 40.8000019 ] } },
{ "type": "Feature", "properties": { "node_id": "42442596", "street_count": 3 }, "geometry": { "type": "Point", "coordinates": [ -73.9545419, 40.8157354 ] } },
{ "type": "Feature", "properties": { "node_id": "7598688513", "street_count": 1 }, "geometry": { "type": "Point", "coordinates": [ -73.9570012, 40.8134132 ] } },
{ "type": "Feature", "properties": { "node_id": "6412865212", "street_count": 3 }, "geometry": { "type": "Point", "coordinates": [ -73.9681649, 40.8018529 ] } },
{ "type": "Feature", "properties": { "node_id": "7803460135", "street_count": 4 }, "geometry": { "type": "Point", "coordinates": [ -73.9523331, 40.7998768 ] } },
{ "type": "Feature", "properties": { "node_id": "6244980562", "street_count": 3 }, "geometry": { "type": "Point", "coordinates": [ -73.9625644, 40.8126845 ] } },
{ "type": "Feature", "properties": { "node_id": "6929263905", "street_count": 3 }, "geometry": { "type": "Point", "coordinates": [ -73.9720191, 40.802536 ] } },
{ "type": "Feature", "properties": { "node_id": "3579426486", "street_count": 4 }, "geometry": { "type": "Point", "coordinates": [ -73.9580086, 40.8121646 ] } },
{ "type": "Feature", "properties": { "node_id": "10129049645", "street_count": 4 }, "geometry": { "type": "Point", "coordinates": [ -73.958694, 40.8175617 ] } },
{ "type": "Feature", "properties": { "node_id": "8807524516", "street_count": 4 }, "geometry": { "type": "Point", "coordinates": [ -73.9502911, 40.8013306 ] } },
{ "type": "Feature", "properties": { "node_id": "3907629298", "street_count": 1 }, "geometry": { "type": "Point", "coordinates": [ -73.9630476, 40.8065728 ] } },
{ "type": "Feature", "properties": { "node_id": "10166004053", "street_count": 4 }, "geometry": { "type": "Point", "coordinates": [ -73.9681163, 40.7973665 ] } },
{ "type": "Feature", "properties": { "node_id": "1774036489", "street_count": 3 }, "geometry": { "type": "Point", "coordinates": [ -73.9567091, 40.8097462 ] } },
{ "type": "Feature", "properties": { "node_id": "2308955263", "street_count": 3 }, "geometry": { "type": "Point", "coordinates": [ -73.961238, 40.8098059 ] } },
{ "type": "Feature", "properties": { "node_id": "11993388562", "street_count": 3 }, "geometry": { "type": "Point", "coordinates": [ -73.957779, 40.8068143 ] } },
{ "type": "Feature", "properties": { "node_id": "12816046126", "street_count": 1 }, "geometry": { "type": "Point", "coordinates": [ -73.9514603, 40.7971801 ] } },
{ "type": "Feature", "properties": { "node_id": "1774036715", "street_count": 3 }, "geometry": { "type": "Point", "coordinates": [ -73.9560314, 40.8091091 ] } },
{ "type": "Feature", "properties": { "node_id": "7598911160", "street_count": 3 }, "geometry": { "type": "Point", "coordinates": [ -73.9575665, 40.8137777 ] } },
{ "type": "Feature", "properties": { "node_id": "5481863728", "street_count": 1 }, "geometry": { "type": "Point", "coordinates": [ -73.9546981, 40.8053359 ] } },
{ "type": "Feature", "properties": { "node_id": "10055169712", "street_count": 3 }, "geometry": { "type": "Point", "coordinates": [ -73.9676215, 40.8081051 ] } },
{ "type": "Feature", "properties": { "node_id": "8379839215", "street_count": 4 }, "geometry": { "type": "Point", "coordinates": [ -73.9595159, 40.8060679 ] } },
{ "type": "Feature", "properties": { "node_id": "10170606866", "street_count": 4 }, "geometry": { "type": "Point", "coordinates": [ -73.9561693, 40.803133 ] } },
{ "type": "Feature", "properties": { "node_id": "10171219238", "street_count": 4 }, "geometry": { "type": "Point", "coordinates": [ -73.9529442, 40.8058626 ] } },
{ "type": "Feature", "properties": { "node_id": "42438839", "street_count": 3 }, "geometry": { "type": "Point", "coordinates": [ -73.9508662, 40.8183904 ] } },
{ "type": "Feature", "properties": { "node_id": "8807524552", "street_count": 3 }, "geometry": { "type": "Point", "coordinates": [ -73.9500557, 40.8012323 ] } },
{ "type": "Feature", "properties": { "node_id": "6586965814", "street_count": 1 }, "geometry": { "type": "Point", "coordinates": [ -73.9555303, 40.8079532 ] } },
{ "type": "Feature", "properties": { "node_id": "2340960653", "street_count": 4 }, "geometry": { "type": "Point", "coordinates": [ -73.9613393, 40.8084419 ] } },
{ "type": "Feature", "properties": { "node_id": "432756990", "street_count": 4 }, "geometry": { "type": "Point", "coordinates": [ -73.9570392, 40.7972469 ] } },
{ "type": "Feature", "properties": { "node_id": "5004570638", "street_count": 4 }, "geometry": { "type": "Point", "coordinates": [ -73.9712246, 40.8009737 ] } },
{ "type": "Feature", "properties": { "node_id": "10170977537", "street_count": 4 }, "geometry": { "type": "Point", "coordinates": [ -73.9529618, 40.8151508 ] } },
{ "type": "Feature", "properties": { "node_id": "10169289722", "street_count": 3 }, "geometry": { "type": "Point", "coordinates": [ -73.9650658, 40.8083829 ] } },
{ "type": "Feature", "properties": { "node_id": "5539546687", "street_count": 1 }, "geometry": { "type": "Point", "coordinates": [ -73.9513013, 40.8178472 ] } },
{ "type": "Feature", "properties": { "node_id": "10055186121", "street_count": 3 }, "geometry": { "type": "Point", "coordinates": [ -73.9688373, 40.8072611 ] } },
{ "type": "Feature", "properties": { "node_id": "42432931", "street_count": 4 }, "geometry": { "type": "Point", "coordinates": [ -73.952101, 40.811442 ] } },
{ "type": "Feature", "properties": { "node_id": "11386952283", "street_count": 4 }, "geometry": { "type": "Point", "coordinates": [ -73.9618381, 40.8055267 ] } },
{ "type": "Feature", "properties": { "node_id": "3602678205", "street_count": 1 }, "geometry": { "type": "Point", "coordinates": [ -73.9607088, 40.7983289 ] } },
{ "type": "Feature", "properties": { "node_id": "1705982037", "street_count": 4 }, "geometry": { "type": "Point", "coordinates": [ -73.961886, 40.8163356 ] } },
{ "type": "Feature", "properties": { "node_id": "10171865592", "street_count": 4 }, "geometry": { "type": "Point", "coordinates": [ -73.9531802, 40.8142866 ] } },
{ "type": "Feature", "properties": { "node_id": "2539225403", "street_count": 1 }, "geometry": { "type": "Point", "coordinates": [ -73.9635008, 40.8003937 ] } },
{ "type": "Feature", "properties": { "node_id": "1774037127", "street_count": 3 }, "geometry": { "type": "Point", "coordinates": [ -73.9563395, 40.8088449 ] } },
{ "type": "Feature", "properties": { "node_id": "10166004088", "street_count": 4 }, "geometry": { "type": "Point", "coordinates": [ -73.9696015, 40.8004495 ] } },
{ "type": "Feature", "properties": { "node_id": "6919167828", "street_count": 1 }, "geometry": { "type": "Point", "coordinates": [ -73.9598066, 40.8088184 ] } },
{ "type": "Feature", "properties": { "node_id": "6993051329", "street_count": 4 }, "geometry": { "type": "Point", "coordinates": [ -73.9550483, 40.8101834 ] } },
{ "type": "Feature", "properties": { "node_id": "12814803374", "street_count": 3 }, "geometry": { "type": "Point", "coordinates": [ -73.9545041, 40.7967016 ] } },
{ "type": "Feature", "properties": { "node_id": "6864814369", "street_count": 3 }, "geometry": { "type": "Point", "coordinates": [ -73.9571569, 40.8093052 ] } },
{ "type": "Feature", "properties": { "node_id": "11979323590", "street_count": 3 }, "geometry": { "type": "Point", "coordinates": [ -73.9545744, 40.8114733 ] } },
{ "type": "Feature", "properties": { "node_id": "7598970689", "street_count": 1 }, "geometry": { "type": "Point", "coordinates": [ -73.9544251, 40.8108033 ] } },
{ "type": "Feature", "properties": { "node_id": "6814925330", "street_count": 3 }, "geometry": { "type": "Point", "coordinates": [ -73.9623543, 40.8091531 ] } },
{ "type": "Feature", "properties": { "node_id": "11851515078", "street_count": 4 }, "geometry": { "type": "Point", "coordinates": [ -73.9605503, 40.8142271 ] } },
{ "type": "Feature", "properties": { "node_id": "3579426715", "street_count": 3 }, "geometry": { "type": "Point", "coordinates": [ -73.9563931, 40.8115119 ] } },
{ "type": "Feature", "properties": { "node_id": "11952891929", "street_count": 3 }, "geometry": { "type": "Point", "coordinates": [ -73.9599314, 40.8047473 ] } },
{ "type": "Feature", "properties": { "node_id": "2329912106", "street_count": 4 }, "geometry": { "type": "Point", "coordinates": [ -73.9660848, 40.80941 ] } },
{ "type": "Feature", "properties": { "node_id": "4302967350", "street_count": 3 }, "geometry": { "type": "Point", "coordinates": [ -73.9562873, 40.7987396 ] } },
{ "type": "Feature", "properties": { "node_id": "10168029064", "street_count": 3 }, "geometry": { "type": "Point", "coordinates": [ -73.952842, 40.8082747 ] } },
{ "type": "Feature", "properties": { "node_id": "7784826640", "street_count": 3 }, "geometry": { "type": "Point", "coordinates": [ -73.9603555, 40.7973718 ] } },
{ "type": "Feature", "properties": { "node_id": "10054996900", "street_count": 4 }, "geometry": { "type": "Point", "coordinates": [ -73.9547132, 40.8157572 ] } },
{ "type": "Feature", "properties": { "node_id": "8807524489", "street_count": 4 }, "geometry": { "type": "Point", "coordinates": [ -73.9511341, 40.8001891 ] } },
{ "type": "Feature", "properties": { "node_id": "10171227006", "street_count": 3 }, "geometry": { "type": "Point", "coordinates": [ -73.9580888, 40.8009239 ] } },
{ "type": "Feature", "properties": { "node_id": "10171069659", "street_count": 4 }, "geometry": { "type": "Point", "coordinates": [ -73.9522182, 40.8089845 ] } },
{ "type": "Feature", "properties": { "node_id": "7784826659", "street_count": 3 }, "geometry": { "type": "Point", "coordinates": [ -73.9599151, 40.7979837 ] } },
{ "type": "Feature", "properties": { "node_id": "10171043057", "street_count": 4 }, "geometry": { "type": "Point", "coordinates": [ -73.954242, 40.8005358 ] } },
{ "type": "Feature", "properties": { "node_id": "7784826643", "street_count": 3 }, "geometry": { "type": "Point", "coordinates": [ -73.9604316, 40.7972668 ] } },
{ "type": "Feature", "properties": { "node_id": "10171865604", "street_count": 3 }, "geometry": { "type": "Point", "coordinates": [ -73.9521207, 40.8123467 ] } },
{ "type": "Feature", "properties": { "node_id": "7785782270", "street_count": 3 }, "geometry": { "type": "Point", "coordinates": [ -73.9704884, 40.8025515 ] } },
{ "type": "Feature", "properties": { "node_id": "11296200780", "street_count": 4 }, "geometry": { "type": "Point", "coordinates": [ -73.9567077, 40.8023931 ] } },
{ "type": "Feature", "properties": { "node_id": "7571410109", "street_count": 3 }, "geometry": { "type": "Point", "coordinates": [ -73.9647617, 40.797494 ] } },
{ "type": "Feature", "properties": { "node_id": "11851515077", "street_count": 4 }, "geometry": { "type": "Point", "coordinates": [ -73.9614202, 40.8110735 ] } },
{ "type": "Feature", "properties": { "node_id": "10165996975", "street_count": 4 }, "geometry": { "type": "Point", "coordinates": [ -73.952705, 40.8015329 ] } },
{ "type": "Feature", "properties": { "node_id": "11803957868", "street_count": 4 }, "geometry": { "type": "Point", "coordinates": [ -73.9620264, 40.7980775 ] } },
{ "type": "Feature", "properties": { "node_id": "10050024774", "street_count": 4 }, "geometry": { "type": "Point", "coordinates": [ -73.9606582, 40.8140923 ] } },
{ "type": "Feature", "properties": { "node_id": "10050045626", "street_count": 4 }, "geometry": { "type": "Point", "coordinates": [ -73.9561805, 40.8135024 ] } },
{ "type": "Feature", "properties": { "node_id": "11993388563", "street_count": 3 }, "geometry": { "type": "Point", "coordinates": [ -73.9578719, 40.8063516 ] } },
{ "type": "Feature", "properties": { "node_id": "10206355952", "street_count": 3 }, "geometry": { "type": "Point", "coordinates": [ -73.9527652, 40.8082166 ] } },
{ "type": "Feature", "properties": { "node_id": "10171508881", "street_count": 4 }, "geometry": { "type": "Point", "coordinates": [ -73.9524625, 40.8107133 ] } },
{ "type": "Feature", "properties": { "node_id": "10171129697", "street_count": 3 }, "geometry": { "type": "Point", "coordinates": [ -73.9509054, 40.8184878 ] } },
{ "type": "Feature", "properties": { "node_id": "10173250034", "street_count": 4 }, "geometry": { "type": "Point", "coordinates": [ -73.9556149, 40.8140461 ] } },
{ "type": "Feature", "properties": { "node_id": "11296201224", "street_count": 4 }, "geometry": { "type": "Point", "coordinates": [ -73.9682644, 40.7967316 ] } },
{ "type": "Feature", "properties": { "node_id": "42421728", "street_count": 1 }, "geometry": { "type": "Point", "coordinates": [ -73.9600437, 40.7980478 ] } },
{ "type": "Feature", "properties": { "node_id": "6793779206", "street_count": 3 }, "geometry": { "type": "Point", "coordinates": [ -73.9578795, 40.8079457 ] } },
{ "type": "Feature", "properties": { "node_id": "10171241062", "street_count": 4 }, "geometry": { "type": "Point", "coordinates": [ -73.9610419, 40.7994313 ] } },
{ "type": "Feature", "properties": { "node_id": "10106642882", "street_count": 1 }, "geometry": { "type": "Point", "coordinates": [ -73.9574609, 40.8108335 ] } },
{ "type": "Feature", "properties": { "node_id": "6927650852", "street_count": 3 }, "geometry": { "type": "Point", "coordinates": [ -73.958807, 40.8096761 ] } },
{ "type": "Feature", "properties": { "node_id": "10173362961", "street_count": 4 }, "geometry": { "type": "Point", "coordinates": [ -73.9519046, 40.8114401 ] } },
{ "type": "Feature", "properties": { "node_id": "11953237356", "street_count": 3 }, "geometry": { "type": "Point", "coordinates": [ -73.9626552, 40.8125809 ] } },
{ "type": "Feature", "properties": { "node_id": "7323390401", "street_count": 4 }, "geometry": { "type": "Point", "coordinates": [ -73.9590185, 40.8133158 ] } },
{ "type": "Feature", "properties": { "node_id": "10050028837", "street_count": 4 }, "geometry": { "type": "Point", "coordinates": [ -73.959837, 40.8139255 ] } },
{ "type": "Feature", "properties": { "node_id": "10165996979", "street_count": 4 }, "geometry": { "type": "Point", "coordinates": [ -73.9526645, 40.8008335 ] } },
{ "type": "Feature", "properties": { "node_id": "7123427494", "street_count": 3 }, "geometry": { "type": "Point", "coordinates": [ -73.9583141, 40.8115552 ] } },
{ "type": "Feature", "properties": { "node_id": "10129049646", "street_count": 3 }, "geometry": { "type": "Point", "coordinates": [ -73.9583309, 40.8180729 ] } },
{ "type": "Feature", "properties": { "node_id": "9483856796", "street_count": 3 }, "geometry": { "type": "Point", "coordinates": [ -73.9599441, 40.8068181 ] } },
{ "type": "Feature", "properties": { "node_id": "7578364003", "street_count": 3 }, "geometry": { "type": "Point", "coordinates": [ -73.9639928, 40.8082518 ] } },
{ "type": "Feature", "properties": { "node_id": "10166004083", "street_count": 4 }, "geometry": { "type": "Point", "coordinates": [ -73.968876, 40.8009723 ] } },
{ "type": "Feature", "properties": { "node_id": "10129081829", "street_count": 3 }, "geometry": { "type": "Point", "coordinates": [ -73.9594566, 40.8178904 ] } },
{ "type": "Feature", "properties": { "node_id": "10055105479", "street_count": 3 }, "geometry": { "type": "Point", "coordinates": [ -73.9589947, 40.8136221 ] } },
{ "type": "Feature", "properties": { "node_id": "6814262784", "street_count": 4 }, "geometry": { "type": "Point", "coordinates": [ -73.9635537, 40.8036311 ] } },
{ "type": "Feature", "properties": { "node_id": "42427523", "street_count": 4 }, "geometry": { "type": "Point", "coordinates": [ -73.95177, 40.81294 ] } },
{ "type": "Feature", "properties": { "node_id": "12005588910", "street_count": 3 }, "geometry": { "type": "Point", "coordinates": [ -73.960486, 40.8100035 ] } },
{ "type": "Feature", "properties": { "node_id": "9515699765", "street_count": 1 }, "geometry": { "type": "Point", "coordinates": [ -73.9585365, 40.815168 ] } },
{ "type": "Feature", "properties": { "node_id": "6793779216", "street_count": 3 }, "geometry": { "type": "Point", "coordinates": [ -73.9604489, 40.8032367 ] } },
{ "type": "Feature", "properties": { "node_id": "7803460141", "street_count": 4 }, "geometry": { "type": "Point", "coordinates": [ -73.9525918, 40.7998375 ] } },
{ "type": "Feature", "properties": { "node_id": "8376036428", "street_count": 4 }, "geometry": { "type": "Point", "coordinates": [ -73.9588197, 40.8101262 ] } },
{ "type": "Feature", "properties": { "node_id": "9518268732", "street_count": 3 }, "geometry": { "type": "Point", "coordinates": [ -73.961634, 40.810234 ] } },
{ "type": "Feature", "properties": { "node_id": "410368088", "street_count": 3 }, "geometry": { "type": "Point", "coordinates": [ -73.9545846, 40.7979174 ] } },
{ "type": "Feature", "properties": { "node_id": "10171187064", "street_count": 3 }, "geometry": { "type": "Point", "coordinates": [ -73.9694726, 40.8029774 ] } },
{ "type": "Feature", "properties": { "node_id": "10170893918", "street_count": 4 }, "geometry": { "type": "Point", "coordinates": [ -73.9673027, 40.8037195 ] } },
{ "type": "Feature", "properties": { "node_id": "10166004037", "street_count": 4 }, "geometry": { "type": "Point", "coordinates": [ -73.9624587, 40.8000381 ] } },
{ "type": "Feature", "properties": { "node_id": "10165996976", "street_count": 4 }, "geometry": { "type": "Point", "coordinates": [ -73.9524178, 40.8013996 ] } },
{ "type": "Feature", "properties": { "node_id": "7087041435", "street_count": 3 }, "geometry": { "type": "Point", "coordinates": [ -73.9572581, 40.8117982 ] } },
{ "type": "Feature", "properties": { "node_id": "10171102342", "street_count": 4 }, "geometry": { "type": "Point", "coordinates": [ -73.9526186, 40.8048998 ] } },
{ "type": "Feature", "properties": { "node_id": "6223570377", "street_count": 4 }, "geometry": { "type": "Point", "coordinates": [ -73.96109, 40.816125 ] } },
{ "type": "Feature", "properties": { "node_id": "10054996905", "street_count": 3 }, "geometry": { "type": "Point", "coordinates": [ -73.9545143, 40.8160162 ] } },
{ "type": "Feature", "properties": { "node_id": "10168010398", "street_count": 4 }, "geometry": { "type": "Point", "coordinates": [ -73.9557281, 40.8063587 ] } },
{ "type": "Feature", "properties": { "node_id": "42432928", "street_count": 3 }, "geometry": { "type": "Point", "coordinates": [ -73.9530446, 40.8100741 ] } },
{ "type": "Feature", "properties": { "node_id": "7620561450", "street_count": 3 }, "geometry": { "type": "Point", "coordinates": [ -73.9597018, 40.8129342 ] } },
{ "type": "Feature", "properties": { "node_id": "11851500964", "street_count": 3 }, "geometry": { "type": "Point", "coordinates": [ -73.9631964, 40.8093507 ] } },
{ "type": "Feature", "properties": { "node_id": "6814306905", "street_count": 4 }, "geometry": { "type": "Point", "coordinates": [ -73.9560009, 40.8063294 ] } },
{ "type": "Feature", "properties": { "node_id": "10168029073", "street_count": 4 }, "geometry": { "type": "Point", "coordinates": [ -73.9536194, 40.8095778 ] } },
{ "type": "Feature", "properties": { "node_id": "6900903315", "street_count": 3 }, "geometry": { "type": "Point", "coordinates": [ -73.9684559, 40.8017052 ] } },
{ "type": "Feature", "properties": { "node_id": "10171069627", "street_count": 4 }, "geometry": { "type": "Point", "coordinates": [ -73.9536517, 40.8120968 ] } },
{ "type": "Feature", "properties": { "node_id": "42441283", "street_count": 1 }, "geometry": { "type": "Point", "coordinates": [ -73.9693692, 40.8036829 ] } },
{ "type": "Feature", "properties": { "node_id": "11845848044", "street_count": 1 }, "geometry": { "type": "Point", "coordinates": [ -73.9660327, 40.80389 ] } },
{ "type": "Feature", "properties": { "node_id": "11804385216", "street_count": 3 }, "geometry": { "type": "Point", "coordinates": [ -73.9618131, 40.8041456 ] } },
{ "type": "Feature", "properties": { "node_id": "10129049648", "street_count": 3 }, "geometry": { "type": "Point", "coordinates": [ -73.9584021, 40.8172937 ] } },
{ "type": "Feature", "properties": { "node_id": "10054994694", "street_count": 3 }, "geometry": { "type": "Point", "coordinates": [ -73.9646656, 40.8109264 ] } },
{ "type": "Feature", "properties": { "node_id": "10171865594", "street_count": 4 }, "geometry": { "type": "Point", "coordinates": [ -73.9529769, 40.8143526 ] } },
{ "type": "Feature", "properties": { "node_id": "9518268093", "street_count": 4 }, "geometry": { "type": "Point", "coordinates": [ -73.9635475, 40.8104742 ] } },
{ "type": "Feature", "properties": { "node_id": "10170977535", "street_count": 4 }, "geometry": { "type": "Point", "coordinates": [ -73.9530761, 40.8150395 ] } },
{ "type": "Feature", "properties": { "node_id": "10168673719", "street_count": 4 }, "geometry": { "type": "Point", "coordinates": [ -73.9650635, 40.806065 ] } },
{ "type": "Feature", "properties": { "node_id": "10171129699", "street_count": 4 }, "geometry": { "type": "Point", "coordinates": [ -73.95105, 40.818389 ] } },
{ "type": "Feature", "properties": { "node_id": "42432933", "street_count": 4 }, "geometry": { "type": "Point", "coordinates": [ -73.950927, 40.812575 ] } },
{ "type": "Feature", "properties": { "node_id": "8807524544", "street_count": 4 }, "geometry": { "type": "Point", "coordinates": [ -73.9512117, 40.8000808 ] } },
{ "type": "Feature", "properties": { "node_id": "7571410107", "street_count": 1 }, "geometry": { "type": "Point", "coordinates": [ -73.965207, 40.7985031 ] } },
{ "type": "Feature", "properties": { "node_id": "7146086674", "street_count": 1 }, "geometry": { "type": "Point", "coordinates": [ -73.9648977, 40.7983678 ] } },
{ "type": "Feature", "properties": { "node_id": "2329912173", "street_count": 3 }, "geometry": { "type": "Point", "coordinates": [ -73.9649136, 40.8111397 ] } },
{ "type": "Feature", "properties": { "node_id": "3579426791", "street_count": 1 }, "geometry": { "type": "Point", "coordinates": [ -73.9562025, 40.8117112 ] } },
{ "type": "Feature", "properties": { "node_id": "7108220537", "street_count": 1 }, "geometry": { "type": "Point", "coordinates": [ -73.9616879, 40.8093895 ] } },
{ "type": "Feature", "properties": { "node_id": "1203806732", "street_count": 3 }, "geometry": { "type": "Point", "coordinates": [ -73.9584907, 40.7965841 ] } },
{ "type": "Feature", "properties": { "node_id": "3551738975", "street_count": 1 }, "geometry": { "type": "Point", "coordinates": [ -73.9535288, 40.8136722 ] } },
{ "type": "Feature", "properties": { "node_id": "10169443474", "street_count": 4 }, "geometry": { "type": "Point", "coordinates": [ -73.9707238, 40.7984548 ] } },
{ "type": "Feature", "properties": { "node_id": "765233284", "street_count": 3 }, "geometry": { "type": "Point", "coordinates": [ -73.9564464, 40.8149983 ] } },
{ "type": "Feature", "properties": { "node_id": "8835729572", "street_count": 4 }, "geometry": { "type": "Point", "coordinates": [ -73.9519802, 40.8174963 ] } },
{ "type": "Feature", "properties": { "node_id": "2768450196", "street_count": 1 }, "geometry": { "type": "Point", "coordinates": [ -73.9586427, 40.8096561 ] } },
{ "type": "Feature", "properties": { "node_id": "10055110506", "street_count": 4 }, "geometry": { "type": "Point", "coordinates": [ -73.9569749, 40.8154556 ] } },
{ "type": "Feature", "properties": { "node_id": "10171865562", "street_count": 3 }, "geometry": { "type": "Point", "coordinates": [ -73.9508607, 40.8124827 ] } },
{ "type": "Feature", "properties": { "node_id": "10171069641", "street_count": 3 }, "geometry": { "type": "Point", "coordinates": [ -73.9540816, 40.8104507 ] } },
{ "type": "Feature", "properties": { "node_id": "2339621215", "street_count": 4 }, "geometry": { "type": "Point", "coordinates": [ -73.9502969, 40.7997989 ] } },
{ "type": "Feature", "properties": { "node_id": "7122450391", "street_count": 3 }, "geometry": { "type": "Point", "coordinates": [ -73.9642283, 40.8072013 ] } },
{ "type": "Feature", "properties": { "node_id": "10165989510", "street_count": 4 }, "geometry": { "type": "Point", "coordinates": [ -73.9630776, 40.8009727 ] } },
{ "type": "Feature", "properties": { "node_id": "9518268100", "street_count": 3 }, "geometry": { "type": "Point", "coordinates": [ -73.9646161, 40.8107912 ] } },
{ "type": "Feature", "properties": { "node_id": "4302966857", "street_count": 1 }, "geometry": { "type": "Point", "coordinates": [ -73.9598824, 40.7971517 ] } },
{ "type": "Feature", "properties": { "node_id": "10171363578", "street_count": 4 }, "geometry": { "type": "Point", "coordinates": [ -73.9632512, 40.8020109 ] } },
{ "type": "Feature", "properties": { "node_id": "11887792550", "street_count": 4 }, "geometry": { "type": "Point", "coordinates": [ -73.9523861, 40.8108179 ] } },
{ "type": "Feature", "properties": { "node_id": "7024563826", "street_count": 3 }, "geometry": { "type": "Point", "coordinates": [ -73.9518751, 40.8177681 ] } },
{ "type": "Feature", "properties": { "node_id": "6814306899", "street_count": 3 }, "geometry": { "type": "Point", "coordinates": [ -73.9576289, 40.8061979 ] } },
{ "type": "Feature", "properties": { "node_id": "8807524468", "street_count": 1 }, "geometry": { "type": "Point", "coordinates": [ -73.9503636, 40.7998269 ] } },
{ "type": "Feature", "properties": { "node_id": "11296286342", "street_count": 4 }, "geometry": { "type": "Point", "coordinates": [ -73.9608044, 40.7975559 ] } },
{ "type": "Feature", "properties": { "node_id": "10171069654", "street_count": 4 }, "geometry": { "type": "Point", "coordinates": [ -73.9526646, 40.8083626 ] } },
{ "type": "Feature", "properties": { "node_id": "10166004022", "street_count": 4 }, "geometry": { "type": "Point", "coordinates": [ -73.9651303, 40.80101 ] } },
{ "type": "Feature", "properties": { "node_id": "6880053696", "street_count": 4 }, "geometry": { "type": "Point", "coordinates": [ -73.9701285, 40.7997046 ] } },
{ "type": "Feature", "properties": { "node_id": "7785782256", "street_count": 3 }, "geometry": { "type": "Point", "coordinates": [ -73.9672172, 40.8068086 ] } },
{ "type": "Feature", "properties": { "node_id": "11296200781", "street_count": 4 }, "geometry": { "type": "Point", "coordinates": [ -73.956631, 40.8025031 ] } },
{ "type": "Feature", "properties": { "node_id": "10049835179", "street_count": 4 }, "geometry": { "type": "Point", "coordinates": [ -73.9596914, 40.8154128 ] } },
{ "type": "Feature", "properties": { "node_id": "10171129700", "street_count": 4 }, "geometry": { "type": "Point", "coordinates": [ -73.9509498, 40.8183471 ] } },
{ "type": "Feature", "properties": { "node_id": "2059304095", "street_count": 3 }, "geometry": { "type": "Point", "coordinates": [ -73.9596532, 40.7968144 ] } },
{ "type": "Feature", "properties": { "node_id": "11905290558", "street_count": 4 }, "geometry": { "type": "Point", "coordinates": [ -73.964095, 40.7989497 ] } },
{ "type": "Feature", "properties": { "node_id": "11296200798", "street_count": 4 }, "geometry": { "type": "Point", "coordinates": [ -73.95834, 40.8041198 ] } },
{ "type": "Feature", "properties": { "node_id": "10049920012", "street_count": 3 }, "geometry": { "type": "Point", "coordinates": [ -73.9592458, 40.8169819 ] } },
{ "type": "Feature", "properties": { "node_id": "10173362951", "street_count": 3 }, "geometry": { "type": "Point", "coordinates": [ -73.9556259, 40.8144817 ] } },
{ "type": "Feature", "properties": { "node_id": "3704337152", "street_count": 3 }, "geometry": { "type": "Point", "coordinates": [ -73.9697584, 40.8039104 ] } },
{ "type": "Feature", "properties": { "node_id": "5694954658", "street_count": 1 }, "geometry": { "type": "Point", "coordinates": [ -73.9574285, 40.8100836 ] } },
{ "type": "Feature", "properties": { "node_id": "11840449874", "street_count": 4 }, "geometry": { "type": "Point", "coordinates": [ -73.9526245, 40.804972 ] } },
{ "type": "Feature", "properties": { "node_id": "2340960640", "street_count": 3 }, "geometry": { "type": "Point", "coordinates": [ -73.9613295, 40.8081558 ] } },
{ "type": "Feature", "properties": { "node_id": "7620561465", "street_count": 3 }, "geometry": { "type": "Point", "coordinates": [ -73.9597785, 40.812212 ] } },
{ "type": "Feature", "properties": { "node_id": "3907629290", "street_count": 3 }, "geometry": { "type": "Point", "coordinates": [ -73.9622321, 40.8081368 ] } },
{ "type": "Feature", "properties": { "node_id": "8376039720", "street_count": 4 }, "geometry": { "type": "Point", "coordinates": [ -73.9595565, 40.8086453 ] } },
{ "type": "Feature", "properties": { "node_id": "10050024601", "street_count": 3 }, "geometry": { "type": "Point", "coordinates": [ -73.9639371, 40.8114555 ] } },
{ "type": "Feature", "properties": { "node_id": "2058920032", "street_count": 4 }, "geometry": { "type": "Point", "coordinates": [ -73.9585288, 40.7987644 ] } },
{ "type": "Feature", "properties": { "node_id": "7323388262", "street_count": 4 }, "geometry": { "type": "Point", "coordinates": [ -73.9602852, 40.8123907 ] } },
{ "type": "Feature", "properties": { "node_id": "2340960569", "street_count": 3 }, "geometry": { "type": "Point", "coordinates": [ -73.9609163, 40.8071662 ] } },
{ "type": "Feature", "properties": { "node_id": "10171865565", "street_count": 4 }, "geometry": { "type": "Point", "coordinates": [ -73.9508151, 40.8125298 ] } },
{ "type": "Feature", "properties": { "node_id": "8807524467", "street_count": 3 }, "geometry": { "type": "Point", "coordinates": [ -73.9508605, 40.8000713 ] } },
{ "type": "Feature", "properties": { "node_id": "11296201262", "street_count": 3 }, "geometry": { "type": "Point", "coordinates": [ -73.9647789, 40.7968393 ] } },
{ "type": "Feature", "properties": { "node_id": "3602678206", "street_count": 1 }, "geometry": { "type": "Point", "coordinates": [ -73.9604638, 40.7986765 ] } },
{ "type": "Feature", "properties": { "node_id": "2329911961", "street_count": 4 }, "geometry": { "type": "Point", "coordinates": [ -73.9700417, 40.8044396 ] } },
{ "type": "Feature", "properties": { "node_id": "10170887318", "street_count": 3 }, "geometry": { "type": "Point", "coordinates": [ -73.9562552, 40.808078 ] } },
{ "type": "Feature", "properties": { "node_id": "10049953222", "street_count": 4 }, "geometry": { "type": "Point", "coordinates": [ -73.9605997, 40.8180402 ] } },
{ "type": "Feature", "properties": { "node_id": "11815639927", "street_count": 3 }, "geometry": { "type": "Point", "coordinates": [ -73.9614849, 40.8025129 ] } },
{ "type": "Feature", "properties": { "node_id": "9654489352", "street_count": 3 }, "geometry": { "type": "Point", "coordinates": [ -73.9664857, 40.7975051 ] } },
{ "type": "Feature", "properties": { "node_id": "10171069498", "street_count": 4 }, "geometry": { "type": "Point", "coordinates": [ -73.9529944, 40.8135311 ] } },
{ "type": "Feature", "properties": { "node_id": "7323390404", "street_count": 3 }, "geometry": { "type": "Point", "coordinates": [ -73.959202, 40.8128728 ] } },
{ "type": "Feature", "properties": { "node_id": "10055113540", "street_count": 3 }, "geometry": { "type": "Point", "coordinates": [ -73.9546429, 40.8158488 ] } },
{ "type": "Feature", "properties": { "node_id": "10049860701", "street_count": 3 }, "geometry": { "type": "Point", "coordinates": [ -73.9611684, 40.817652 ] } },
{ "type": "Feature", "properties": { "node_id": "6244980554", "street_count": 3 }, "geometry": { "type": "Point", "coordinates": [ -73.9617737, 40.8134516 ] } },
{ "type": "Feature", "properties": { "node_id": "4302967317", "street_count": 1 }, "geometry": { "type": "Point", "coordinates": [ -73.9563857, 40.7986697 ] } },
{ "type": "Feature", "properties": { "node_id": "11993402398", "street_count": 3 }, "geometry": { "type": "Point", "coordinates": [ -73.9573714, 40.8070302 ] } },
{ "type": "Feature", "properties": { "node_id": "4635925386", "street_count": 1 }, "geometry": { "type": "Point", "coordinates": [ -73.9616029, 40.802486 ] } },
{ "type": "Feature", "properties": { "node_id": "42428876", "street_count": 4 }, "geometry": { "type": "Point", "coordinates": [ -73.9565816, 40.8182287 ] } },
{ "type": "Feature", "properties": { "node_id": "10171865595", "street_count": 4 }, "geometry": { "type": "Point", "coordinates": [ -73.9529839, 40.814263 ] } },
{ "type": "Feature", "properties": { "node_id": "10172883027", "street_count": 4 }, "geometry": { "type": "Point", "coordinates": [ -73.9512593, 40.8053 ] } },
{ "type": "Feature", "properties": { "node_id": "9883961969", "street_count": 4 }, "geometry": { "type": "Point", "coordinates": [ -73.966581, 40.7990371 ] } },
{ "type": "Feature", "properties": { "node_id": "7087041476", "street_count": 4 }, "geometry": { "type": "Point", "coordinates": [ -73.9576404, 40.811268 ] } },
{ "type": "Feature", "properties": { "node_id": "6871927729", "street_count": 4 }, "geometry": { "type": "Point", "coordinates": [ -73.95645, 40.8133684 ] } },
{ "type": "Feature", "properties": { "node_id": "7618358580", "street_count": 3 }, "geometry": { "type": "Point", "coordinates": [ -73.9624714, 40.8029003 ] } },
{ "type": "Feature", "properties": { "node_id": "3579426481", "street_count": 3 }, "geometry": { "type": "Point", "coordinates": [ -73.9595691, 40.8124191 ] } },
{ "type": "Feature", "properties": { "node_id": "3907629296", "street_count": 1 }, "geometry": { "type": "Point", "coordinates": [ -73.9617452, 40.8079881 ] } },
{ "type": "Feature", "properties": { "node_id": "4401269637", "street_count": 3 }, "geometry": { "type": "Point", "coordinates": [ -73.9636097, 40.8075028 ] } },
{ "type": "Feature", "properties": { "node_id": "11998027984", "street_count": 3 }, "geometry": { "type": "Point", "coordinates": [ -73.9559925, 40.8089218 ] } },
{ "type": "Feature", "properties": { "node_id": "11851500966", "street_count": 3 }, "geometry": { "type": "Point", "coordinates": [ -73.9627042, 40.8092913 ] } },
{ "type": "Feature", "properties": { "node_id": "2329798751", "street_count": 3 }, "geometry": { "type": "Point", "coordinates": [ -73.9744647, 40.7995535 ] } },
{ "type": "Feature", "properties": { "node_id": "7802964908", "street_count": 4 }, "geometry": { "type": "Point", "coordinates": [ -73.9516642, 40.7994447 ] } },
{ "type": "Feature", "properties": { "node_id": "42448611", "street_count": 4 }, "geometry": { "type": "Point", "coordinates": [ -73.9529724, 40.8150729 ] } },
{ "type": "Feature", "properties": { "node_id": "2340960626", "street_count": 3 }, "geometry": { "type": "Point", "coordinates": [ -73.9607614, 40.8079187 ] } },
{ "type": "Feature", "properties": { "node_id": "10171508869", "street_count": 4 }, "geometry": { "type": "Point", "coordinates": [ -73.9507172, 40.8107933 ] } },
{ "type": "Feature", "properties": { "node_id": "1774037200", "street_count": 3 }, "geometry": { "type": "Point", "coordinates": [ -73.958768, 40.803626 ] } },
{ "type": "Feature", "properties": { "node_id": "12152851883", "street_count": 1 }, "geometry": { "type": "Point", "coordinates": [ -73.9562089, 40.7987429 ] } },
{ "type": "Feature", "properties": { "node_id": "10055113539", "street_count": 4 }, "geometry": { "type": "Point", "coordinates": [ -73.9543825, 40.8157467 ] } },
{ "type": "Feature", "properties": { "node_id": "9518259681", "street_count": 4 }, "geometry": { "type": "Point", "coordinates": [ -73.9592737, 40.8094919 ] } },
{ "type": "Feature", "properties": { "node_id": "10168983720", "street_count": 4 }, "geometry": { "type": "Point", "coordinates": [ -73.9630332, 40.8108231 ] } },
{ "type": "Feature", "properties": { "node_id": "11882319409", "street_count": 3 }, "geometry": { "type": "Point", "coordinates": [ -73.9656825, 40.7970101 ] } },
{ "type": "Feature", "properties": { "node_id": "10168029058", "street_count": 3 }, "geometry": { "type": "Point", "coordinates": [ -73.9539538, 40.8088953 ] } },
{ "type": "Feature", "properties": { "node_id": "2059304100", "street_count": 3 }, "geometry": { "type": "Point", "coordinates": [ -73.9596451, 40.7969917 ] } },
{ "type": "Feature", "properties": { "node_id": "10049860700", "street_count": 3 }, "geometry": { "type": "Point", "coordinates": [ -73.9610335, 40.8175979 ] } },
{ "type": "Feature", "properties": { "node_id": "3088565354", "street_count": 4 }, "geometry": { "type": "Point", "coordinates": [ -73.9660316, 40.8090455 ] } },
{ "type": "Feature", "properties": { "node_id": "10168010413", "street_count": 4 }, "geometry": { "type": "Point", "coordinates": [ -73.9547999, 40.8050014 ] } },
{ "type": "Feature", "properties": { "node_id": "10171865580", "street_count": 4 }, "geometry": { "type": "Point", "coordinates": [ -73.9514374, 40.8120769 ] } },
{ "type": "Feature", "properties": { "node_id": "10171363589", "street_count": 4 }, "geometry": { "type": "Point", "coordinates": [ -73.9599177, 40.8006086 ] } },
{ "type": "Feature", "properties": { "node_id": "10049857024", "street_count": 4 }, "geometry": { "type": "Point", "coordinates": [ -73.9604903, 40.815869 ] } },
{ "type": "Feature", "properties": { "node_id": "7006954132", "street_count": 1 }, "geometry": { "type": "Point", "coordinates": [ -73.9603835, 40.8032245 ] } },
{ "type": "Feature", "properties": { "node_id": "10168010405", "street_count": 4 }, "geometry": { "type": "Point", "coordinates": [ -73.9543395, 40.8056297 ] } },
{ "type": "Feature", "properties": { "node_id": "8378942155", "street_count": 3 }, "geometry": { "type": "Point", "coordinates": [ -73.9562598, 40.8080707 ] } },
{ "type": "Feature", "properties": { "node_id": "10171219271", "street_count": 4 }, "geometry": { "type": "Point", "coordinates": [ -73.9500483, 40.8062939 ] } },
{ "type": "Feature", "properties": { "node_id": "2761503363", "street_count": 1 }, "geometry": { "type": "Point", "coordinates": [ -73.9714939, 40.7997713 ] } },
{ "type": "Feature", "properties": { "node_id": "10049986092", "street_count": 3 }, "geometry": { "type": "Point", "coordinates": [ -73.9623785, 40.8137155 ] } },
{ "type": "Feature", "properties": { "node_id": "2141026492", "street_count": 1 }, "geometry": { "type": "Point", "coordinates": [ -73.9514846, 40.8044957 ] } },
{ "type": "Feature", "properties": { "node_id": "8807524606", "street_count": 4 }, "geometry": { "type": "Point", "coordinates": [ -73.9505249, 40.8007472 ] } },
{ "type": "Feature", "properties": { "node_id": "12818423615", "street_count": 3 }, "geometry": { "type": "Point", "coordinates": [ -73.9581815, 40.8004271 ] } },
{ "type": "Feature", "properties": { "node_id": "11869923561", "street_count": 1 }, "geometry": { "type": "Point", "coordinates": [ -73.9716939, 40.8004393 ] } },
{ "type": "Feature", "properties": { "node_id": "5763775589", "street_count": 1 }, "geometry": { "type": "Point", "coordinates": [ -73.9586275, 40.8150353 ] } },
{ "type": "Feature", "properties": { "node_id": "10049830858", "street_count": 3 }, "geometry": { "type": "Point", "coordinates": [ -73.9585221, 40.8150196 ] } },
{ "type": "Feature", "properties": { "node_id": "6907095261", "street_count": 3 }, "geometry": { "type": "Point", "coordinates": [ -73.962861, 40.81043 ] } },
{ "type": "Feature", "properties": { "node_id": "7620561463", "street_count": 3 }, "geometry": { "type": "Point", "coordinates": [ -73.9593288, 40.8127861 ] } },
{ "type": "Feature", "properties": { "node_id": "10170606857", "street_count": 4 }, "geometry": { "type": "Point", "coordinates": [ -73.9533242, 40.8017933 ] } },
{ "type": "Feature", "properties": { "node_id": "7323390436", "street_count": 4 }, "geometry": { "type": "Point", "coordinates": [ -73.959776, 40.808806 ] } },
{ "type": "Feature", "properties": { "node_id": "2340960674", "street_count": 4 }, "geometry": { "type": "Point", "coordinates": [ -73.9625099, 40.8089399 ] } },
{ "type": "Feature", "properties": { "node_id": "10166004090", "street_count": 4 }, "geometry": { "type": "Point", "coordinates": [ -73.9640353, 40.7978912 ] } },
{ "type": "Feature", "properties": { "node_id": "6814307799", "street_count": 3 }, "geometry": { "type": "Point", "coordinates": [ -73.9627571, 40.8042709 ] } },
{ "type": "Feature", "properties": { "node_id": "7732571819", "street_count": 4 }, "geometry": { "type": "Point", "coordinates": [ -73.9612706, 40.8160849 ] } },
{ "type": "Feature", "properties": { "node_id": "3917296982", "street_count": 3 }, "geometry": { "type": "Point", "coordinates": [ -73.9747511, 40.7968223 ] } },
{ "type": "Feature", "properties": { "node_id": "2091642195", "street_count": 4 }, "geometry": { "type": "Point", "coordinates": [ -73.9579061, 40.8004503 ] } },
{ "type": "Feature", "properties": { "node_id": "6223570378", "street_count": 3 }, "geometry": { "type": "Point", "coordinates": [ -73.9613264, 40.8160695 ] } },
{ "type": "Feature", "properties": { "node_id": "11887792554", "street_count": 4 }, "geometry": { "type": "Point", "coordinates": [ -73.9527897, 40.8107442 ] } },
{ "type": "Feature", "properties": { "node_id": "4302967319", "street_count": 3 }, "geometry": { "type": "Point", "coordinates": [ -73.9564224, 40.7986709 ] } },
{ "type": "Feature", "properties": { "node_id": "10171363565", "street_count": 4 }, "geometry": { "type": "Point", "coordinates": [ -73.9612874, 40.8011774 ] } },
{ "type": "Feature", "properties": { "node_id": "10168010409", "street_count": 4 }, "geometry": { "type": "Point", "coordinates": [ -73.9549286, 40.8052029 ] } },
{ "type": "Feature", "properties": { "node_id": "7326861786", "street_count": 3 }, "geometry": { "type": "Point", "coordinates": [ -73.9703123, 40.801819 ] } },
{ "type": "Feature", "properties": { "node_id": "10128823991", "street_count": 4 }, "geometry": { "type": "Point", "coordinates": [ -73.9570828, 40.8176929 ] } },
{ "type": "Feature", "properties": { "node_id": "12818423594", "street_count": 3 }, "geometry": { "type": "Point", "coordinates": [ -73.9583463, 40.800489 ] } },
{ "type": "Feature", "properties": { "node_id": "11682716949", "street_count": 3 }, "geometry": { "type": "Point", "coordinates": [ -73.9587587, 40.8025783 ] } },
{ "type": "Feature", "properties": { "node_id": "11655575170", "street_count": 4 }, "geometry": { "type": "Point", "coordinates": [ -73.9744029, 40.796714 ] } },
{ "type": "Feature", "properties": { "node_id": "10170704050", "street_count": 4 }, "geometry": { "type": "Point", "coordinates": [ -73.966068, 40.8046964 ] } },
{ "type": "Feature", "properties": { "node_id": "7124965416", "street_count": 1 }, "geometry": { "type": "Point", "coordinates": [ -73.9543361, 40.8169824 ] } },
{ "type": "Feature", "properties": { "node_id": "2308955267", "street_count": 3 }, "geometry": { "type": "Point", "coordinates": [ -73.9606046, 40.8092831 ] } },
{ "type": "Feature", "properties": { "node_id": "10183024496", "street_count": 1 }, "geometry": { "type": "Point", "coordinates": [ -73.9505925, 40.8153023 ] } },
{ "type": "Feature", "properties": { "node_id": "10171219256", "street_count": 4 }, "geometry": { "type": "Point", "coordinates": [ -73.95061, 40.8056974 ] } },
{ "type": "Feature", "properties": { "node_id": "7784826641", "street_count": 4 }, "geometry": { "type": "Point", "coordinates": [ -73.9606109, 40.7974795 ] } },
{ "type": "Feature", "properties": { "node_id": "13854932483", "street_count": 1 }, "geometry": { "type": "Point", "coordinates": [ -73.9701839, 40.799796 ] } },
{ "type": "Feature", "properties": { "node_id": "11296201225", "street_count": 4 }, "geometry": { "type": "Point", "coordinates": [ -73.9684101, 40.7965163 ] } },
{ "type": "Feature", "properties": { "node_id": "7640495256", "street_count": 3 }, "geometry": { "type": "Point", "coordinates": [ -73.9511089, 40.7999742 ] } },
{ "type": "Feature", "properties": { "node_id": "1203883655", "street_count": 3 }, "geometry": { "type": "Point", "coordinates": [ -73.9578427, 40.8003444 ] } },
{ "type": "Feature", "properties": { "node_id": "10166004028", "street_count": 4 }, "geometry": { "type": "Point", "coordinates": [ -73.96345, 40.7986814 ] } },
{ "type": "Feature", "properties": { "node_id": "6816455650", "street_count": 4 }, "geometry": { "type": "Point", "coordinates": [ -73.9590163, 40.8093824 ] } },
{ "type": "Feature", "properties": { "node_id": "10170893933", "street_count": 4 }, "geometry": { "type": "Point", "coordinates": [ -73.9637896, 40.8028207 ] } },
{ "type": "Feature", "properties": { "node_id": "6919167826", "street_count": 1 }, "geometry": { "type": "Point", "coordinates": [ -73.9611511, 40.8079343 ] } },
{ "type": "Feature", "properties": { "node_id": "2768438927", "street_count": 1 }, "geometry": { "type": "Point", "coordinates": [ -73.9572806, 40.8097369 ] } },
{ "type": "Feature", "properties": { "node_id": "11296200772", "street_count": 4 }, "geometry": { "type": "Point", "coordinates": [ -73.9573262, 40.8019763 ] } },
{ "type": "Feature", "properties": { "node_id": "10171069504", "street_count": 4 }, "geometry": { "type": "Point", "coordinates": [ -73.9532411, 40.812816 ] } },
{ "type": "Feature", "properties": { "node_id": "2340960681", "street_count": 1 }, "geometry": { "type": "Point", "coordinates": [ -73.9626163, 40.8092631 ] } },
{ "type": "Feature", "properties": { "node_id": "10171397830", "street_count": 4 }, "geometry": { "type": "Point", "coordinates": [ -73.96923, 40.7978316 ] } },
{ "type": "Feature", "properties": { "node_id": "10169289734", "street_count": 3 }, "geometry": { "type": "Point", "coordinates": [ -73.9633629, 40.8103726 ] } },
{ "type": "Feature", "properties": { "node_id": "6868145383", "street_count": 3 }, "geometry": { "type": "Point", "coordinates": [ -73.9642712, 40.8114947 ] } },
{ "type": "Feature", "properties": { "node_id": "7640495254", "street_count": 3 }, "geometry": { "type": "Point", "coordinates": [ -73.9504932, 40.8007901 ] } },
{ "type": "Feature", "properties": { "node_id": "6919167824", "street_count": 1 }, "geometry": { "type": "Point", "coordinates": [ -73.960074, 40.8095282 ] } },
{ "type": "Feature", "properties": { "node_id": "10171069621", "street_count": 4 }, "geometry": { "type": "Point", "coordinates": [ -73.9536077, 40.8121613 ] } },
{ "type": "Feature", "properties": { "node_id": "7571274581", "street_count": 4 }, "geometry": { "type": "Point", "coordinates": [ -73.9633755, 40.7969226 ] } },
{ "type": "Feature", "properties": { "node_id": "12818423315", "street_count": 3 }, "geometry": { "type": "Point", "coordinates": [ -73.9568591, 40.7998706 ] } },
{ "type": "Feature", "properties": { "node_id": "6284690486", "street_count": 3 }, "geometry": { "type": "Point", "coordinates": [ -73.9617171, 40.8066298 ] } },
{ "type": "Feature", "properties": { "node_id": "6223478852", "street_count": 3 }, "geometry": { "type": "Point", "coordinates": [ -73.9512702, 40.7994959 ] } },
{ "type": "Feature", "properties": { "node_id": "11185663340", "street_count": 4 }, "geometry": { "type": "Point", "coordinates": [ -73.9581915, 40.8157961 ] } },
{ "type": "Feature", "properties": { "node_id": "10171069624", "street_count": 4 }, "geometry": { "type": "Point", "coordinates": [ -73.9534549, 40.8119418 ] } },
{ "type": "Feature", "properties": { "node_id": "7801821426", "street_count": 4 }, "geometry": { "type": "Point", "coordinates": [ -73.9554211, 40.7996013 ] } },
{ "type": "Feature", "properties": { "node_id": "11271754126", "street_count": 4 }, "geometry": { "type": "Point", "coordinates": [ -73.968791, 40.7991382 ] } },
{ "type": "Feature", "properties": { "node_id": "3269867938", "street_count": 3 }, "geometry": { "type": "Point", "coordinates": [ -73.9617741, 40.8147691 ] } },
{ "type": "Feature", "properties": { "node_id": "11296570959", "street_count": 4 }, "geometry": { "type": "Point", "coordinates": [ -73.9724306, 40.796562 ] } },
{ "type": "Feature", "properties": { "node_id": "8379847759", "street_count": 4 }, "geometry": { "type": "Point", "coordinates": [ -73.9608576, 40.8068614 ] } },
{ "type": "Feature", "properties": { "node_id": "6929249784", "street_count": 3 }, "geometry": { "type": "Point", "coordinates": [ -73.9712369, 40.8024437 ] } },
{ "type": "Feature", "properties": { "node_id": "4302966574", "street_count": 1 }, "geometry": { "type": "Point", "coordinates": [ -73.9600792, 40.7967626 ] } },
{ "type": "Feature", "properties": { "node_id": "10050036783", "street_count": 4 }, "geometry": { "type": "Point", "coordinates": [ -73.9575659, 40.8163272 ] } },
{ "type": "Feature", "properties": { "node_id": "11952891934", "street_count": 3 }, "geometry": { "type": "Point", "coordinates": [ -73.9599694, 40.8046373 ] } },
{ "type": "Feature", "properties": { "node_id": "11296200769", "street_count": 4 }, "geometry": { "type": "Point", "coordinates": [ -73.9574101, 40.8018631 ] } },
{ "type": "Feature", "properties": { "node_id": "10173400451", "street_count": 4 }, "geometry": { "type": "Point", "coordinates": [ -73.9515686, 40.8027185 ] } },
{ "type": "Feature", "properties": { "node_id": "561035346", "street_count": 4 }, "geometry": { "type": "Point", "coordinates": [ -73.9563618, 40.8181613 ] } },
{ "type": "Feature", "properties": { "node_id": "7571410130", "street_count": 1 }, "geometry": { "type": "Point", "coordinates": [ -73.9662807, 40.7973877 ] } },
{ "type": "Feature", "properties": { "node_id": "3907629289", "street_count": 3 }, "geometry": { "type": "Point", "coordinates": [ -73.9624027, 40.8082127 ] } },
{ "type": "Feature", "properties": { "node_id": "2058920003", "street_count": 4 }, "geometry": { "type": "Point", "coordinates": [ -73.9574403, 40.7981301 ] } },
{ "type": "Feature", "properties": { "node_id": "9150552664", "street_count": 3 }, "geometry": { "type": "Point", "coordinates": [ -73.964901, 40.7966712 ] } },
{ "type": "Feature", "properties": { "node_id": "3579426709", "street_count": 3 }, "geometry": { "type": "Point", "coordinates": [ -73.9568053, 40.8116808 ] } },
{ "type": "Feature", "properties": { "node_id": "12815989283", "street_count": 4 }, "geometry": { "type": "Point", "coordinates": [ -73.9525499, 40.7980577 ] } },
{ "type": "Feature", "properties": { "node_id": "10055069507", "street_count": 4 }, "geometry": { "type": "Point", "coordinates": [ -73.9557434, 40.8143188 ] } },
{ "type": "Feature", "properties": { "node_id": "11887792566", "street_count": 3 }, "geometry": { "type": "Point", "coordinates": [ -73.9545839, 40.8108075 ] } },
{ "type": "Feature", "properties": { "node_id": "42442589", "street_count": 3 }, "geometry": { "type": "Point", "coordinates": [ -73.9554444, 40.8144827 ] } },
{ "type": "Feature", "properties": { "node_id": "7802964923", "street_count": 3 }, "geometry": { "type": "Point", "coordinates": [ -73.9513456, 40.7994644 ] } },
{ "type": "Feature", "properties": { "node_id": "6793779221", "street_count": 3 }, "geometry": { "type": "Point", "coordinates": [ -73.9587593, 40.8067422 ] } },
{ "type": "Feature", "properties": { "node_id": "3907629293", "street_count": 3 }, "geometry": { "type": "Point", "coordinates": [ -73.9615487, 40.807854 ] } },
{ "type": "Feature", "properties": { "node_id": "2340960651", "street_count": 4 }, "geometry": { "type": "Point", "coordinates": [ -73.9611748, 40.808369 ] } },
{ "type": "Feature", "properties": { "node_id": "2340960619", "street_count": 3 }, "geometry": { "type": "Point", "coordinates": [ -73.9613049, 40.8078469 ] } },
{ "type": "Feature", "properties": { "node_id": "11867354050", "street_count": 1 }, "geometry": { "type": "Point", "coordinates": [ -73.9684091, 40.8048937 ] } },
{ "type": "Feature", "properties": { "node_id": "10101676925", "street_count": 3 }, "geometry": { "type": "Point", "coordinates": [ -73.9629588, 40.7968237 ] } },
{ "type": "Feature", "properties": { "node_id": "10168010411", "street_count": 4 }, "geometry": { "type": "Point", "coordinates": [ -73.9547117, 40.8051133 ] } },
{ "type": "Feature", "properties": { "node_id": "10166004029", "street_count": 4 }, "geometry": { "type": "Point", "coordinates": [ -73.9631856, 40.7985726 ] } },
{ "type": "Feature", "properties": { "node_id": "7620561448", "street_count": 1 }, "geometry": { "type": "Point", "coordinates": [ -73.9591591, 40.8136031 ] } },
{ "type": "Feature", "properties": { "node_id": "7198971060", "street_count": 4 }, "geometry": { "type": "Point", "coordinates": [ -73.9584499, 40.8106178 ] } },
{ "type": "Feature", "properties": { "node_id": "10050024779", "street_count": 3 }, "geometry": { "type": "Point", "coordinates": [ -73.9613435, 40.8134947 ] } },
{ "type": "Feature", "properties": { "node_id": "6935388061", "street_count": 3 }, "geometry": { "type": "Point", "coordinates": [ -73.9607464, 40.7975997 ] } },
{ "type": "Feature", "properties": { "node_id": "8376008914", "street_count": 3 }, "geometry": { "type": "Point", "coordinates": [ -73.9597316, 40.8088675 ] } },
{ "type": "Feature", "properties": { "node_id": "10054994653", "street_count": 3 }, "geometry": { "type": "Point", "coordinates": [ -73.9628983, 40.8137865 ] } },
{ "type": "Feature", "properties": { "node_id": "6909757525", "street_count": 1 }, "geometry": { "type": "Point", "coordinates": [ -73.9707069, 40.7992901 ] } },
{ "type": "Feature", "properties": { "node_id": "7323390442", "street_count": 4 }, "geometry": { "type": "Point", "coordinates": [ -73.9573883, 40.8127852 ] } },
{ "type": "Feature", "properties": { "node_id": "3579426726", "street_count": 3 }, "geometry": { "type": "Point", "coordinates": [ -73.9558791, 40.8120105 ] } },
{ "type": "Feature", "properties": { "node_id": "11993388565", "street_count": 1 }, "geometry": { "type": "Point", "coordinates": [ -73.9581267, 40.8062887 ] } },
{ "type": "Feature", "properties": { "node_id": "2340960678", "street_count": 3 }, "geometry": { "type": "Point", "coordinates": [ -73.9604732, 40.8091452 ] } },
{ "type": "Feature", "properties": { "node_id": "6814306902", "street_count": 4 }, "geometry": { "type": "Point", "coordinates": [ -73.9563818, 40.8058082 ] } },
{ "type": "Feature", "properties": { "node_id": "11965021580", "street_count": 1 }, "geometry": { "type": "Point", "coordinates": [ -73.964385, 40.8110304 ] } },
{ "type": "Feature", "properties": { "node_id": "7087041477", "street_count": 4 }, "geometry": { "type": "Point", "coordinates": [ -73.9577228, 40.8111547 ] } },
{ "type": "Feature", "properties": { "node_id": "10170893917", "street_count": 4 }, "geometry": { "type": "Point", "coordinates": [ -73.9668938, 40.8035448 ] } },
{ "type": "Feature", "properties": { "node_id": "6893758022", "street_count": 3 }, "geometry": { "type": "Point", "coordinates": [ -73.9613273, 40.8073389 ] } },
{ "type": "Feature", "properties": { "node_id": "10049926014", "street_count": 3 }, "geometry": { "type": "Point", "coordinates": [ -73.9599231, 40.8172696 ] } },
{ "type": "Feature", "properties": { "node_id": "2308955237", "street_count": 3 }, "geometry": { "type": "Point", "coordinates": [ -73.9619458, 40.8073263 ] } },
{ "type": "Feature", "properties": { "node_id": "10171227008", "street_count": 3 }, "geometry": { "type": "Point", "coordinates": [ -73.958682, 40.8006049 ] } },
{ "type": "Feature", "properties": { "node_id": "10206355955", "street_count": 3 }, "geometry": { "type": "Point", "coordinates": [ -73.9530532, 40.8078298 ] } },
{ "type": "Feature", "properties": { "node_id": "11296201226", "street_count": 4 }, "geometry": { "type": "Point", "coordinates": [ -73.9686622, 40.7966205 ] } },
{ "type": "Feature", "properties": { "node_id": "7802964944", "street_count": 4 }, "geometry": { "type": "Point", "coordinates": [ -73.9518857, 40.7987134 ] } },
{ "type": "Feature", "properties": { "node_id": "7785782280", "street_count": 3 }, "geometry": { "type": "Point", "coordinates": [ -73.9662661, 40.8088104 ] } },
{ "type": "Feature", "properties": { "node_id": "10168010416", "street_count": 4 }, "geometry": { "type": "Point", "coordinates": [ -73.95411, 40.8063456 ] } },
{ "type": "Feature", "properties": { "node_id": "11296570953", "street_count": 4 }, "geometry": { "type": "Point", "coordinates": [ -73.9723492, 40.7966755 ] } },
{ "type": "Feature", "properties": { "node_id": "10168029047", "street_count": 4 }, "geometry": { "type": "Point", "coordinates": [ -73.9527734, 40.8075688 ] } },
{ "type": "Feature", "properties": { "node_id": "247225032", "street_count": 3 }, "geometry": { "type": "Point", "coordinates": [ -73.9546892, 40.7986297 ] } },
{ "type": "Feature", "properties": { "node_id": "3088565303", "street_count": 4 }, "geometry": { "type": "Point", "coordinates": [ -73.9742732, 40.7978961 ] } },
{ "type": "Feature", "properties": { "node_id": "1774036941", "street_count": 4 }, "geometry": { "type": "Point", "coordinates": [ -73.9594302, 40.8051215 ] } },
{ "type": "Feature", "properties": { "node_id": "10171865581", "street_count": 4 }, "geometry": { "type": "Point", "coordinates": [ -73.9515569, 40.8119616 ] } },
{ "type": "Feature", "properties": { "node_id": "2058920061", "street_count": 4 }, "geometry": { "type": "Point", "coordinates": [ -73.9555392, 40.7994245 ] } },
{ "type": "Feature", "properties": { "node_id": "410368040", "street_count": 3 }, "geometry": { "type": "Point", "coordinates": [ -73.958299, 40.7978504 ] } },
{ "type": "Feature", "properties": { "node_id": "3898470317", "street_count": 3 }, "geometry": { "type": "Point", "coordinates": [ -73.9518523, 40.8160033 ] } },
{ "type": "Feature", "properties": { "node_id": "10171219266", "street_count": 4 }, "geometry": { "type": "Point", "coordinates": [ -73.9504253, 40.8064462 ] } },
{ "type": "Feature", "properties": { "node_id": "9150552662", "street_count": 3 }, "geometry": { "type": "Point", "coordinates": [ -73.9644624, 40.7972751 ] } },
{ "type": "Feature", "properties": { "node_id": "6912871509", "street_count": 3 }, "geometry": { "type": "Point", "coordinates": [ -73.9707202, 40.7992717 ] } },
{ "type": "Feature", "properties": { "node_id": "13232597973", "street_count": 1 }, "geometry": { "type": "Point", "coordinates": [ -73.9547554, 40.8070404 ] } },
{ "type": "Feature", "properties": { "node_id": "11803957857", "street_count": 4 }, "geometry": { "type": "Point", "coordinates": [ -73.9606942, 40.7973745 ] } },
{ "type": "Feature", "properties": { "node_id": "6783696414", "street_count": 4 }, "geometry": { "type": "Point", "coordinates": [ -73.9573177, 40.8094915 ] } },
{ "type": "Feature", "properties": { "node_id": "9654214270", "street_count": 4 }, "geometry": { "type": "Point", "coordinates": [ -73.967415, 40.7978925 ] } },
{ "type": "Feature", "properties": { "node_id": "42441932", "street_count": 4 }, "geometry": { "type": "Point", "coordinates": [ -73.9679433, 40.8047982 ] } },
{ "type": "Feature", "properties": { "node_id": "7784826633", "street_count": 3 }, "geometry": { "type": "Point", "coordinates": [ -73.9608154, 40.7967449 ] } },
{ "type": "Feature", "properties": { "node_id": "10171865598", "street_count": 4 }, "geometry": { "type": "Point", "coordinates": [ -73.953174, 40.8143401 ] } },
{ "type": "Feature", "properties": { "node_id": "1684212082", "street_count": 3 }, "geometry": { "type": "Point", "coordinates": [ -73.9753232, 40.7991842 ] } },
{ "type": "Feature", "properties": { "node_id": "10302073280", "street_count": 1 }, "geometry": { "type": "Point", "coordinates": [ -73.9562466, 40.8179795 ] } },
{ "type": "Feature", "properties": { "node_id": "10171135920", "street_count": 3 }, "geometry": { "type": "Point", "coordinates": [ -73.9529743, 40.8158331 ] } },
{ "type": "Feature", "properties": { "node_id": "2058919946", "street_count": 3 }, "geometry": { "type": "Point", "coordinates": [ -73.9532704, 40.7978066 ] } },
{ "type": "Feature", "properties": { "node_id": "11803957847", "street_count": 4 }, "geometry": { "type": "Point", "coordinates": [ -73.9677821, 40.8003557 ] } },
{ "type": "Feature", "properties": { "node_id": "10166004113", "street_count": 4 }, "geometry": { "type": "Point", "coordinates": [ -73.9676591, 40.8011339 ] } },
{ "type": "Feature", "properties": { "node_id": "10302073267", "street_count": 3 }, "geometry": { "type": "Point", "coordinates": [ -73.9554806, 40.8178319 ] } },
{ "type": "Feature", "properties": { "node_id": "10166004051", "street_count": 3 }, "geometry": { "type": "Point", "coordinates": [ -73.9679683, 40.7971452 ] } },
{ "type": "Feature", "properties": { "node_id": "9150552659", "street_count": 3 }, "geometry": { "type": "Point", "coordinates": [ -73.9644116, 40.7973499 ] } },
{ "type": "Feature", "properties": { "node_id": "7594173331", "street_count": 3 }, "geometry": { "type": "Point", "coordinates": [ -73.9518195, 40.8128726 ] } },
{ "type": "Feature", "properties": { "node_id": "6929263904", "street_count": 3 }, "geometry": { "type": "Point", "coordinates": [ -73.9719024, 40.8027134 ] } },
{ "type": "Feature", "properties": { "node_id": "12818423306", "street_count": 3 }, "geometry": { "type": "Point", "coordinates": [ -73.9571697, 40.7999947 ] } },
{ "type": "Feature", "properties": { "node_id": "11822867881", "street_count": 3 }, "geometry": { "type": "Point", "coordinates": [ -73.9642107, 40.8007732 ] } },
{ "type": "Feature", "properties": { "node_id": "10171043056", "street_count": 4 }, "geometry": { "type": "Point", "coordinates": [ -73.9541676, 40.8006386 ] } },
{ "type": "Feature", "properties": { "node_id": "12998397974", "street_count": 4 }, "geometry": { "type": "Point", "coordinates": [ -73.9528812, 40.8024205 ] } },
{ "type": "Feature", "properties": { "node_id": "10129081624", "street_count": 4 }, "geometry": { "type": "Point", "coordinates": [ -73.9566188, 40.8181784 ] } },
{ "type": "Feature", "properties": { "node_id": "11993402395", "street_count": 3 }, "geometry": { "type": "Point", "coordinates": [ -73.9578512, 40.8067281 ] } },
{ "type": "Feature", "properties": { "node_id": "11298585711", "street_count": 4 }, "geometry": { "type": "Point", "coordinates": [ -73.9500197, 40.8104977 ] } },
{ "type": "Feature", "properties": { "node_id": "11548264833", "street_count": 4 }, "geometry": { "type": "Point", "coordinates": [ -73.9680887, 40.8015652 ] } },
{ "type": "Feature", "properties": { "node_id": "5266458369", "street_count": 4 }, "geometry": { "type": "Point", "coordinates": [ -73.9513115, 40.810232 ] } },
{ "type": "Feature", "properties": { "node_id": "10049835196", "street_count": 3 }, "geometry": { "type": "Point", "coordinates": [ -73.9596031, 40.8169914 ] } },
{ "type": "Feature", "properties": { "node_id": "9654214262", "street_count": 4 }, "geometry": { "type": "Point", "coordinates": [ -73.9665035, 40.799147 ] } },
{ "type": "Feature", "properties": { "node_id": "8379840019", "street_count": 4 }, "geometry": { "type": "Point", "coordinates": [ -73.9593977, 40.8062297 ] } },
{ "type": "Feature", "properties": { "node_id": "13435248259", "street_count": 4 }, "geometry": { "type": "Point", "coordinates": [ -73.9655152, 40.8054319 ] } },
{ "type": "Feature", "properties": { "node_id": "10050036790", "street_count": 4 }, "geometry": { "type": "Point", "coordinates": [ -73.9580458, 40.8164094 ] } },
{ "type": "Feature", "properties": { "node_id": "7785880680", "street_count": 4 }, "geometry": { "type": "Point", "coordinates": [ -73.9677058, 40.8053853 ] } },
{ "type": "Feature", "properties": { "node_id": "6887003326", "street_count": 3 }, "geometry": { "type": "Point", "coordinates": [ -73.9726641, 40.7991688 ] } },
{ "type": "Feature", "properties": { "node_id": "7785782262", "street_count": 3 }, "geometry": { "type": "Point", "coordinates": [ -73.967216, 40.8078415 ] } },
{ "type": "Feature", "properties": { "node_id": "10170977539", "street_count": 4 }, "geometry": { "type": "Point", "coordinates": [ -73.9529806, 40.8150124 ] } },
{ "type": "Feature", "properties": { "node_id": "8795723393", "street_count": 3 }, "geometry": { "type": "Point", "coordinates": [ -73.9598295, 40.8121997 ] } },
{ "type": "Feature", "properties": { "node_id": "10165996977", "street_count": 4 }, "geometry": { "type": "Point", "coordinates": [ -73.9524178, 40.8015618 ] } },
{ "type": "Feature", "properties": { "node_id": "11655575169", "street_count": 4 }, "geometry": { "type": "Point", "coordinates": [ -73.974483, 40.7966151 ] } },
{ "type": "Feature", "properties": { "node_id": "10055041239", "street_count": 3 }, "geometry": { "type": "Point", "coordinates": [ -73.9539939, 40.8172961 ] } },
{ "type": "Feature", "properties": { "node_id": "10171508871", "street_count": 4 }, "geometry": { "type": "Point", "coordinates": [ -73.9513804, 40.810138 ] } },
{ "type": "Feature", "properties": { "node_id": "8807410275", "street_count": 4 }, "geometry": { "type": "Point", "coordinates": [ -73.9500507, 40.8001361 ] } },
{ "type": "Feature", "properties": { "node_id": "6412865214", "street_count": 3 }, "geometry": { "type": "Point", "coordinates": [ -73.9682282, 40.8019126 ] } },
{ "type": "Feature", "properties": { "node_id": "10169443457", "street_count": 4 }, "geometry": { "type": "Point", "coordinates": [ -73.9714229, 40.7979317 ] } },
{ "type": "Feature", "properties": { "node_id": "10170977555", "street_count": 4 }, "geometry": { "type": "Point", "coordinates": [ -73.9530474, 40.8175496 ] } },
{ "type": "Feature", "properties": { "node_id": "10166004044", "street_count": 4 }, "geometry": { "type": "Point", "coordinates": [ -73.9634575, 40.800453 ] } },
{ "type": "Feature", "properties": { "node_id": "42441430", "street_count": 4 }, "geometry": { "type": "Point", "coordinates": [ -73.9637978, 40.8122726 ] } },
{ "type": "Feature", "properties": { "node_id": "1774036826", "street_count": 3 }, "geometry": { "type": "Point", "coordinates": [ -73.9589619, 40.8060158 ] } },
{ "type": "Feature", "properties": { "node_id": "6793779218", "street_count": 3 }, "geometry": { "type": "Point", "coordinates": [ -73.9603827, 40.8034337 ] } },
{ "type": "Feature", "properties": { "node_id": "10170887317", "street_count": 4 }, "geometry": { "type": "Point", "coordinates": [ -73.9566381, 40.8075617 ] } },
{ "type": "Feature", "properties": { "node_id": "5481882807", "street_count": 1 }, "geometry": { "type": "Point", "coordinates": [ -73.9559082, 40.7996973 ] } },
{ "type": "Feature", "properties": { "node_id": "2308955266", "street_count": 3 }, "geometry": { "type": "Point", "coordinates": [ -73.961671, 40.8076858 ] } },
{ "type": "Feature", "properties": { "node_id": "10173250033", "street_count": 4 }, "geometry": { "type": "Point", "coordinates": [ -73.9555678, 40.8141169 ] } },
{ "type": "Feature", "properties": { "node_id": "8807524513", "street_count": 4 }, "geometry": { "type": "Point", "coordinates": [ -73.9501522, 40.8012726 ] } },
{ "type": "Feature", "properties": { "node_id": "7616666750", "street_count": 1 }, "geometry": { "type": "Point", "coordinates": [ -73.953902, 40.8155924 ] } },
{ "type": "Feature", "properties": { "node_id": "4888388399", "street_count": 4 }, "geometry": { "type": "Point", "coordinates": [ -73.95068, 40.810843 ] } },
{ "type": "Feature", "properties": { "node_id": "10055186151", "street_count": 3 }, "geometry": { "type": "Point", "coordinates": [ -73.9707229, 40.8041402 ] } },
{ "type": "Feature", "properties": { "node_id": "10166004048", "street_count": 4 }, "geometry": { "type": "Point", "coordinates": [ -73.9676016, 40.8020447 ] } },
{ "type": "Feature", "properties": { "node_id": "8758345334", "street_count": 4 }, "geometry": { "type": "Point", "coordinates": [ -73.9500182, 40.8063365 ] } },
{ "type": "Feature", "properties": { "node_id": "6412865236", "street_count": 3 }, "geometry": { "type": "Point", "coordinates": [ -73.9681962, 40.8018512 ] } },
{ "type": "Feature", "properties": { "node_id": "7784826669", "street_count": 4 }, "geometry": { "type": "Point", "coordinates": [ -73.9524762, 40.7983483 ] } },
{ "type": "Feature", "properties": { "node_id": "6887003306", "street_count": 3 }, "geometry": { "type": "Point", "coordinates": [ -73.9733125, 40.7985771 ] } },
{ "type": "Feature", "properties": { "node_id": "12815556394", "street_count": 1 }, "geometry": { "type": "Point", "coordinates": [ -73.9533839, 40.7977655 ] } },
{ "type": "Feature", "properties": { "node_id": "11768136108", "street_count": 3 }, "geometry": { "type": "Point", "coordinates": [ -73.9588224, 40.8024896 ] } },
{ "type": "Feature", "properties": { "node_id": "2329911886", "street_count": 4 }, "geometry": { "type": "Point", "coordinates": [ -73.9719161, 40.8022356 ] } },
{ "type": "Feature", "properties": { "node_id": "7629434159", "street_count": 4 }, "geometry": { "type": "Point", "coordinates": [ -73.9641699, 40.8080085 ] } },
{ "type": "Feature", "properties": { "node_id": "10171069652", "street_count": 4 }, "geometry": { "type": "Point", "coordinates": [ -73.9524954, 40.8081287 ] } },
{ "type": "Feature", "properties": { "node_id": "2329912164", "street_count": 3 }, "geometry": { "type": "Point", "coordinates": [ -73.9650509, 40.8108548 ] } },
{ "type": "Feature", "properties": { "node_id": "10127369905", "street_count": 4 }, "geometry": { "type": "Point", "coordinates": [ -73.9512293, 40.8051392 ] } },
{ "type": "Feature", "properties": { "node_id": "8767214395", "street_count": 4 }, "geometry": { "type": "Point", "coordinates": [ -73.9579917, 40.8164674 ] } },
{ "type": "Feature", "properties": { "node_id": "10168010403", "street_count": 4 }, "geometry": { "type": "Point", "coordinates": [ -73.9542595, 40.8057513 ] } },
{ "type": "Feature", "properties": { "node_id": "3579426756", "street_count": 3 }, "geometry": { "type": "Point", "coordinates": [ -73.9550214, 40.8110795 ] } },
{ "type": "Feature", "properties": { "node_id": "10171069639", "street_count": 3 }, "geometry": { "type": "Point", "coordinates": [ -73.954016, 40.8105538 ] } },
{ "type": "Feature", "properties": { "node_id": "10173362956", "street_count": 3 }, "geometry": { "type": "Point", "coordinates": [ -73.9555445, 40.8145947 ] } },
{ "type": "Feature", "properties": { "node_id": "7323388263", "street_count": 3 }, "geometry": { "type": "Point", "coordinates": [ -73.9604012, 40.8124397 ] } },
{ "type": "Feature", "properties": { "node_id": "10166004046", "street_count": 4 }, "geometry": { "type": "Point", "coordinates": [ -73.9681976, 40.8024505 ] } },
{ "type": "Feature", "properties": { "node_id": "3579426865", "street_count": 3 }, "geometry": { "type": "Point", "coordinates": [ -73.9624385, 40.8065193 ] } },
{ "type": "Feature", "properties": { "node_id": "10049830851", "street_count": 4 }, "geometry": { "type": "Point", "coordinates": [ -73.9588478, 40.8152876 ] } },
{ "type": "Feature", "properties": { "node_id": "6793779209", "street_count": 3 }, "geometry": { "type": "Point", "coordinates": [ -73.9578371, 40.808001 ] } },
{ "type": "Feature", "properties": { "node_id": "10054994689", "street_count": 3 }, "geometry": { "type": "Point", "coordinates": [ -73.9633567, 40.812874 ] } },
{ "type": "Feature", "properties": { "node_id": "10054533814", "street_count": 3 }, "geometry": { "type": "Point", "coordinates": [ -73.9634886, 40.8142847 ] } },
{ "type": "Feature", "properties": { "node_id": "6913843953", "street_count": 1 }, "geometry": { "type": "Point", "coordinates": [ -73.9692223, 40.797158 ] } },
{ "type": "Feature", "properties": { "node_id": "10170606861", "street_count": 4 }, "geometry": { "type": "Point", "coordinates": [ -73.9532493, 40.8018978 ] } },
{ "type": "Feature", "properties": { "node_id": "10050024772", "street_count": 3 }, "geometry": { "type": "Point", "coordinates": [ -73.9607332, 40.8142993 ] } },
{ "type": "Feature", "properties": { "node_id": "5481863725", "street_count": 1 }, "geometry": { "type": "Point", "coordinates": [ -73.9524108, 40.8084819 ] } },
{ "type": "Feature", "properties": { "node_id": "2308955241", "street_count": 3 }, "geometry": { "type": "Point", "coordinates": [ -73.9626742, 40.8078423 ] } },
{ "type": "Feature", "properties": { "node_id": "42441191", "street_count": 3 }, "geometry": { "type": "Point", "coordinates": [ -73.9611688, 40.8168887 ] } },
{ "type": "Feature", "properties": { "node_id": "10166004021", "street_count": 4 }, "geometry": { "type": "Point", "coordinates": [ -73.9650457, 40.8011279 ] } },
{ "type": "Feature", "properties": { "node_id": "3271250938", "street_count": 1 }, "geometry": { "type": "Point", "coordinates": [ -73.9634923, 40.8082575 ] } },
{ "type": "Feature", "properties": { "node_id": "1203883616", "street_count": 3 }, "geometry": { "type": "Point", "coordinates": [ -73.9571033, 40.7972353 ] } },
{ "type": "Feature", "properties": { "node_id": "10050020904", "street_count": 1 }, "geometry": { "type": "Point", "coordinates": [ -73.9631758, 40.8147881 ] } },
{ "type": "Feature", "properties": { "node_id": "10302073275", "street_count": 1 }, "geometry": { "type": "Point", "coordinates": [ -73.9559151, 40.817586 ] } },
{ "type": "Feature", "properties": { "node_id": "11803957848", "street_count": 4 }, "geometry": { "type": "Point", "coordinates": [ -73.9677593, 40.8004904 ] } },
{ "type": "Feature", "properties": { "node_id": "7732243558", "street_count": 4 }, "geometry": { "type": "Point", "coordinates": [ -73.953036, 40.8101487 ] } },
{ "type": "Feature", "properties": { "node_id": "5862404347", "street_count": 1 }, "geometry": { "type": "Point", "coordinates": [ -73.9570597, 40.7998577 ] } },
{ "type": "Feature", "properties": { "node_id": "8807410288", "street_count": 3 }, "geometry": { "type": "Point", "coordinates": [ -73.950638, 40.800381 ] } },
{ "type": "Feature", "properties": { "node_id": "7571410118", "street_count": 3 }, "geometry": { "type": "Point", "coordinates": [ -73.9654121, 40.7968868 ] } },
{ "type": "Feature", "properties": { "node_id": "4302967148", "street_count": 3 }, "geometry": { "type": "Point", "coordinates": [ -73.9555884, 40.7978797 ] } },
{ "type": "Feature", "properties": { "node_id": "10168010415", "street_count": 4 }, "geometry": { "type": "Point", "coordinates": [ -73.9548018, 40.8053788 ] } },
{ "type": "Feature", "properties": { "node_id": "7122450393", "street_count": 3 }, "geometry": { "type": "Point", "coordinates": [ -73.9641446, 40.8073123 ] } },
{ "type": "Feature", "properties": { "node_id": "3907629308", "street_count": 3 }, "geometry": { "type": "Point", "coordinates": [ -73.962502, 40.8073187 ] } },
{ "type": "Feature", "properties": { "node_id": "7012450755", "street_count": 3 }, "geometry": { "type": "Point", "coordinates": [ -73.961953, 40.8063078 ] } },
{ "type": "Feature", "properties": { "node_id": "7785881396", "street_count": 3 }, "geometry": { "type": "Point", "coordinates": [ -73.9658947, 40.8089846 ] } },
{ "type": "Feature", "properties": { "node_id": "13703492001", "street_count": 1 }, "geometry": { "type": "Point", "coordinates": [ -73.9503841, 40.8105028 ] } },
{ "type": "Feature", "properties": { "node_id": "3269867923", "street_count": 1 }, "geometry": { "type": "Point", "coordinates": [ -73.9754877, 40.7994554 ] } },
{ "type": "Feature", "properties": { "node_id": "2539225447", "street_count": 1 }, "geometry": { "type": "Point", "coordinates": [ -73.9630467, 40.801015 ] } },
{ "type": "Feature", "properties": { "node_id": "7571274536", "street_count": 1 }, "geometry": { "type": "Point", "coordinates": [ -73.9664082, 40.7984411 ] } },
{ "type": "Feature", "properties": { "node_id": "10171087496", "street_count": 4 }, "geometry": { "type": "Point", "coordinates": [ -73.9542022, 40.8113351 ] } },
{ "type": "Feature", "properties": { "node_id": "11982188277", "street_count": 3 }, "geometry": { "type": "Point", "coordinates": [ -73.9575133, 40.8142128 ] } },
{ "type": "Feature", "properties": { "node_id": "10171241060", "street_count": 4 }, "geometry": { "type": "Point", "coordinates": [ -73.9609212, 40.7992443 ] } },
{ "type": "Feature", "properties": { "node_id": "2329911871", "street_count": 3 }, "geometry": { "type": "Point", "coordinates": [ -73.9715135, 40.8019271 ] } },
{ "type": "Feature", "properties": { "node_id": "6814307788", "street_count": 4 }, "geometry": { "type": "Point", "coordinates": [ -73.9630936, 40.8042656 ] } },
{ "type": "Feature", "properties": { "node_id": "6919167803", "street_count": 3 }, "geometry": { "type": "Point", "coordinates": [ -73.9613104, 40.8073318 ] } },
{ "type": "Feature", "properties": { "node_id": "11378635399", "street_count": 3 }, "geometry": { "type": "Point", "coordinates": [ -73.9701547, 40.8023359 ] } },
{ "type": "Feature", "properties": { "node_id": "6886294963", "street_count": 4 }, "geometry": { "type": "Point", "coordinates": [ -73.9583388, 40.8107665 ] } },
{ "type": "Feature", "properties": { "node_id": "6871927731", "street_count": 4 }, "geometry": { "type": "Point", "coordinates": [ -73.9582359, 40.8154107 ] } },
{ "type": "Feature", "properties": { "node_id": "7745748127", "street_count": 4 }, "geometry": { "type": "Point", "coordinates": [ -73.9650176, 40.8068618 ] } },
{ "type": "Feature", "properties": { "node_id": "6791440529", "street_count": 4 }, "geometry": { "type": "Point", "coordinates": [ -73.9580862, 40.8106523 ] } },
{ "type": "Feature", "properties": { "node_id": "7785782249", "street_count": 4 }, "geometry": { "type": "Point", "coordinates": [ -73.9673249, 40.8070242 ] } },
{ "type": "Feature", "properties": { "node_id": "10169289720", "street_count": 3 }, "geometry": { "type": "Point", "coordinates": [ -73.9647305, 40.8085022 ] } },
{ "type": "Feature", "properties": { "node_id": "12005588913", "street_count": 3 }, "geometry": { "type": "Point", "coordinates": [ -73.9606323, 40.8098119 ] } },
{ "type": "Feature", "properties": { "node_id": "6412865241", "street_count": 4 }, "geometry": { "type": "Point", "coordinates": [ -73.9681102, 40.8019804 ] } },
{ "type": "Feature", "properties": { "node_id": "4302967376", "street_count": 3 }, "geometry": { "type": "Point", "coordinates": [ -73.9579268, 40.798831 ] } },
{ "type": "Feature", "properties": { "node_id": "3579426845", "street_count": 3 }, "geometry": { "type": "Point", "coordinates": [ -73.9578124, 40.8127458 ] } },
{ "type": "Feature", "properties": { "node_id": "7146086677", "street_count": 1 }, "geometry": { "type": "Point", "coordinates": [ -73.9647259, 40.7977421 ] } },
{ "type": "Feature", "properties": { "node_id": "627905346", "street_count": 3 }, "geometry": { "type": "Point", "coordinates": [ -73.9620971, 40.8070477 ] } },
{ "type": "Feature", "properties": { "node_id": "10171219270", "street_count": 4 }, "geometry": { "type": "Point", "coordinates": [ -73.9502308, 40.8065043 ] } },
{ "type": "Feature", "properties": { "node_id": "6412865234", "street_count": 3 }, "geometry": { "type": "Point", "coordinates": [ -73.9681388, 40.801841 ] } },
{ "type": "Feature", "properties": { "node_id": "10177600399", "street_count": 4 }, "geometry": { "type": "Point", "coordinates": [ -73.9546969, 40.7999 ] } },
{ "type": "Feature", "properties": { "node_id": "2308955246", "street_count": 3 }, "geometry": { "type": "Point", "coordinates": [ -73.961884, 40.80741 ] } },
{ "type": "Feature", "properties": { "node_id": "8795723383", "street_count": 4 }, "geometry": { "type": "Point", "coordinates": [ -73.95769, 40.8152186 ] } },
{ "type": "Feature", "properties": { "node_id": "10743755828", "street_count": 4 }, "geometry": { "type": "Point", "coordinates": [ -73.9516404, 40.8130046 ] } },
{ "type": "Feature", "properties": { "node_id": "6993051363", "street_count": 5 }, "geometry": { "type": "Point", "coordinates": [ -73.9551543, 40.8100554 ] } },
{ "type": "Feature", "properties": { "node_id": "2308955234", "street_count": 4 }, "geometry": { "type": "Point", "coordinates": [ -73.9620382, 40.8071255 ] } },
{ "type": "Feature", "properties": { "node_id": "11296570950", "street_count": 4 }, "geometry": { "type": "Point", "coordinates": [ -73.9716326, 40.7971931 ] } },
{ "type": "Feature", "properties": { "node_id": "10171340195", "street_count": 4 }, "geometry": { "type": "Point", "coordinates": [ -73.9603838, 40.8055881 ] } },
{ "type": "Feature", "properties": { "node_id": "2058920054", "street_count": 4 }, "geometry": { "type": "Point", "coordinates": [ -73.9552983, 40.7993266 ] } },
{ "type": "Feature", "properties": { "node_id": "6223478840", "street_count": 3 }, "geometry": { "type": "Point", "coordinates": [ -73.9505406, 40.7991927 ] } },
{ "type": "Feature", "properties": { "node_id": "5790702444", "street_count": 1 }, "geometry": { "type": "Point", "coordinates": [ -73.9658309, 40.7987617 ] } },
{ "type": "Feature", "properties": { "node_id": "5422624269", "street_count": 1 }, "geometry": { "type": "Point", "coordinates": [ -73.9632889, 40.8019473 ] } },
{ "type": "Feature", "properties": { "node_id": "10049830849", "street_count": 4 }, "geometry": { "type": "Point", "coordinates": [ -73.9584403, 40.815866 ] } },
{ "type": "Feature", "properties": { "node_id": "12814803373", "street_count": 3 }, "geometry": { "type": "Point", "coordinates": [ -73.9544549, 40.7966035 ] } },
{ "type": "Feature", "properties": { "node_id": "7578364006", "street_count": 3 }, "geometry": { "type": "Point", "coordinates": [ -73.9638636, 40.808438 ] } },
{ "type": "Feature", "properties": { "node_id": "3907629302", "street_count": 4 }, "geometry": { "type": "Point", "coordinates": [ -73.9629631, 40.8075108 ] } },
{ "type": "Feature", "properties": { "node_id": "12468185081", "street_count": 4 }, "geometry": { "type": "Point", "coordinates": [ -73.9664856, 40.7983254 ] } },
{ "type": "Feature", "properties": { "node_id": "10054533806", "street_count": 3 }, "geometry": { "type": "Point", "coordinates": [ -73.9631353, 40.8146143 ] } },
{ "type": "Feature", "properties": { "node_id": "42427531", "street_count": 3 }, "geometry": { "type": "Point", "coordinates": [ -73.951322, 40.813567 ] } },
{ "type": "Feature", "properties": { "node_id": "1203883603", "street_count": 3 }, "geometry": { "type": "Point", "coordinates": [ -73.9561811, 40.7982619 ] } },
{ "type": "Feature", "properties": { "node_id": "9483856793", "street_count": 1 }, "geometry": { "type": "Point", "coordinates": [ -73.9597647, 40.8067376 ] } },
{ "type": "Feature", "properties": { "node_id": "13033209603", "street_count": 4 }, "geometry": { "type": "Point", "coordinates": [ -73.9598267, 40.8010925 ] } },
{ "type": "Feature", "properties": { "node_id": "5481863730", "street_count": 1 }, "geometry": { "type": "Point", "coordinates": [ -73.9532903, 40.8117934 ] } },
{ "type": "Feature", "properties": { "node_id": "6823085614", "street_count": 3 }, "geometry": { "type": "Point", "coordinates": [ -73.9584834, 40.8123709 ] } },
{ "type": "Feature", "properties": { "node_id": "5481882788", "street_count": 1 }, "geometry": { "type": "Point", "coordinates": [ -73.9515109, 40.8027982 ] } },
{ "type": "Feature", "properties": { "node_id": "9518300236", "street_count": 3 }, "geometry": { "type": "Point", "coordinates": [ -73.9617293, 40.811353 ] } },
{ "type": "Feature", "properties": { "node_id": "11953254611", "street_count": 3 }, "geometry": { "type": "Point", "coordinates": [ -73.9633476, 40.8103937 ] } },
{ "type": "Feature", "properties": { "node_id": "2329799051", "street_count": 3 }, "geometry": { "type": "Point", "coordinates": [ -73.9667339, 40.8101246 ] } },
{ "type": "Feature", "properties": { "node_id": "11741886396", "street_count": 3 }, "geometry": { "type": "Point", "coordinates": [ -73.9609801, 40.8015988 ] } },
{ "type": "Feature", "properties": { "node_id": "10168673724", "street_count": 4 }, "geometry": { "type": "Point", "coordinates": [ -73.9650998, 40.8067454 ] } },
{ "type": "Feature", "properties": { "node_id": "10055186120", "street_count": 3 }, "geometry": { "type": "Point", "coordinates": [ -73.9672237, 40.80816 ] } },
{ "type": "Feature", "properties": { "node_id": "10169443473", "street_count": 4 }, "geometry": { "type": "Point", "coordinates": [ -73.9708006, 40.7983493 ] } },
{ "type": "Feature", "properties": { "node_id": "4302966657", "street_count": 3 }, "geometry": { "type": "Point", "coordinates": [ -73.9600965, 40.7968717 ] } },
{ "type": "Feature", "properties": { "node_id": "7323390435", "street_count": 4 }, "geometry": { "type": "Point", "coordinates": [ -73.9612359, 40.8067912 ] } },
{ "type": "Feature", "properties": { "node_id": "10049830862", "street_count": 4 }, "geometry": { "type": "Point", "coordinates": [ -73.9589133, 40.8151925 ] } },
{ "type": "Feature", "properties": { "node_id": "11296306907", "street_count": 3 }, "geometry": { "type": "Point", "coordinates": [ -73.9508926, 40.814282 ] } },
{ "type": "Feature", "properties": { "node_id": "3269867942", "street_count": 3 }, "geometry": { "type": "Point", "coordinates": [ -73.9622651, 40.8146706 ] } },
{ "type": "Feature", "properties": { "node_id": "11298919648", "street_count": 4 }, "geometry": { "type": "Point", "coordinates": [ -73.9517972, 40.8095516 ] } },
{ "type": "Feature", "properties": { "node_id": "11815639923", "street_count": 4 }, "geometry": { "type": "Point", "coordinates": [ -73.9608042, 40.8029148 ] } },
{ "type": "Feature", "properties": { "node_id": "7122450398", "street_count": 4 }, "geometry": { "type": "Point", "coordinates": [ -73.9646232, 40.8073692 ] } },
{ "type": "Feature", "properties": { "node_id": "4302966987", "street_count": 3 }, "geometry": { "type": "Point", "coordinates": [ -73.9597661, 40.7974516 ] } },
{ "type": "Feature", "properties": { "node_id": "6919167827", "street_count": 1 }, "geometry": { "type": "Point", "coordinates": [ -73.9614334, 40.8087738 ] } },
{ "type": "Feature", "properties": { "node_id": "2329912071", "street_count": 3 }, "geometry": { "type": "Point", "coordinates": [ -73.9661592, 40.8091052 ] } },
{ "type": "Feature", "properties": { "node_id": "7087063686", "street_count": 4 }, "geometry": { "type": "Point", "coordinates": [ -73.9567471, 40.8129672 ] } },
{ "type": "Feature", "properties": { "node_id": "2340960675", "street_count": 3 }, "geometry": { "type": "Point", "coordinates": [ -73.9619351, 40.8089771 ] } },
{ "type": "Feature", "properties": { "node_id": "10128811419", "street_count": 3 }, "geometry": { "type": "Point", "coordinates": [ -73.9600619, 40.8181391 ] } },
{ "type": "Feature", "properties": { "node_id": "7785782281", "street_count": 3 }, "geometry": { "type": "Point", "coordinates": [ -73.9637539, 40.8123517 ] } },
{ "type": "Feature", "properties": { "node_id": "10054994690", "street_count": 3 }, "geometry": { "type": "Point", "coordinates": [ -73.9634687, 40.8129069 ] } },
{ "type": "Feature", "properties": { "node_id": "10166004039", "street_count": 4 }, "geometry": { "type": "Point", "coordinates": [ -73.9622883, 40.7998106 ] } },
{ "type": "Feature", "properties": { "node_id": "10168029021", "street_count": 4 }, "geometry": { "type": "Point", "coordinates": [ -73.953428, 40.8068849 ] } },
{ "type": "Feature", "properties": { "node_id": "11887802378", "street_count": 4 }, "geometry": { "type": "Point", "coordinates": [ -73.9548811, 40.8099618 ] } },
{ "type": "Feature", "properties": { "node_id": "6993998820", "street_count": 1 }, "geometry": { "type": "Point", "coordinates": [ -73.9586814, 40.8067087 ] } },
{ "type": "Feature", "properties": { "node_id": "10049953226", "street_count": 4 }, "geometry": { "type": "Point", "coordinates": [ -73.9616563, 40.8180682 ] } },
{ "type": "Feature", "properties": { "node_id": "2340960655", "street_count": 3 }, "geometry": { "type": "Point", "coordinates": [ -73.9628185, 40.8084903 ] } },
{ "type": "Feature", "properties": { "node_id": "10171069661", "street_count": 4 }, "geometry": { "type": "Point", "coordinates": [ -73.9522993, 40.8088768 ] } },
{ "type": "Feature", "properties": { "node_id": "2340960650", "street_count": 3 }, "geometry": { "type": "Point", "coordinates": [ -73.9625157, 40.8083599 ] } },
{ "type": "Feature", "properties": { "node_id": "7598688497", "street_count": 1 }, "geometry": { "type": "Point", "coordinates": [ -73.9586236, 40.8142482 ] } },
{ "type": "Feature", "properties": { "node_id": "10054994649", "street_count": 3 }, "geometry": { "type": "Point", "coordinates": [ -73.962807, 40.8139225 ] } },
{ "type": "Feature", "properties": { "node_id": "2329798841", "street_count": 3 }, "geometry": { "type": "Point", "coordinates": [ -73.9729237, 40.8023524 ] } },
{ "type": "Feature", "properties": { "node_id": "10165996980", "street_count": 4 }, "geometry": { "type": "Point", "coordinates": [ -73.9526493, 40.8006702 ] } },
{ "type": "Feature", "properties": { "node_id": "3579426843", "street_count": 3 }, "geometry": { "type": "Point", "coordinates": [ -73.9574904, 40.8128272 ] } },
{ "type": "Feature", "properties": { "node_id": "2308955243", "street_count": 3 }, "geometry": { "type": "Point", "coordinates": [ -73.9628279, 40.8077039 ] } },
{ "type": "Feature", "properties": { "node_id": "10173362950", "street_count": 4 }, "geometry": { "type": "Point", "coordinates": [ -73.9553774, 40.8143773 ] } },
{ "type": "Feature", "properties": { "node_id": "10171129714", "street_count": 3 }, "geometry": { "type": "Point", "coordinates": [ -73.9541612, 40.8164976 ] } },
{ "type": "Feature", "properties": { "node_id": "7618358582", "street_count": 4 }, "geometry": { "type": "Point", "coordinates": [ -73.9621625, 40.802765 ] } },
{ "type": "Feature", "properties": { "node_id": "7024230434", "street_count": 1 }, "geometry": { "type": "Point", "coordinates": [ -73.9576591, 40.8004358 ] } },
{ "type": "Feature", "properties": { "node_id": "7123873149", "street_count": 4 }, "geometry": { "type": "Point", "coordinates": [ -73.9524752, 40.798131 ] } },
{ "type": "Feature", "properties": { "node_id": "42432929", "street_count": 3 }, "geometry": { "type": "Point", "coordinates": [ -73.9525905, 40.8107673 ] } },
{ "type": "Feature", "properties": { "node_id": "12818282349", "street_count": 3 }, "geometry": { "type": "Point", "coordinates": [ -73.9533796, 40.7978147 ] } },
{ "type": "Feature", "properties": { "node_id": "7598688515", "street_count": 1 }, "geometry": { "type": "Point", "coordinates": [ -73.9566148, 40.8129089 ] } },
{ "type": "Feature", "properties": { "node_id": "10050038242", "street_count": 4 }, "geometry": { "type": "Point", "coordinates": [ -73.9599411, 40.8137861 ] } },
{ "type": "Feature", "properties": { "node_id": "10168673735", "street_count": 4 }, "geometry": { "type": "Point", "coordinates": [ -73.9673604, 40.806162 ] } },
{ "type": "Feature", "properties": { "node_id": "12817884839", "street_count": 1 }, "geometry": { "type": "Point", "coordinates": [ -73.9520711, 40.7977389 ] } },
{ "type": "Feature", "properties": { "node_id": "7785881424", "street_count": 4 }, "geometry": { "type": "Point", "coordinates": [ -73.971128, 40.8011036 ] } },
{ "type": "Feature", "properties": { "node_id": "10165996963", "street_count": 4 }, "geometry": { "type": "Point", "coordinates": [ -73.9566563, 40.8050962 ] } },
{ "type": "Feature", "properties": { "node_id": "3898480581", "street_count": 3 }, "geometry": { "type": "Point", "coordinates": [ -73.9511706, 40.8166679 ] } },
{ "type": "Feature", "properties": { "node_id": "9646878725", "street_count": 4 }, "geometry": { "type": "Point", "coordinates": [ -73.9668359, 40.7991425 ] } },
{ "type": "Feature", "properties": { "node_id": "6814306903", "street_count": 4 }, "geometry": { "type": "Point", "coordinates": [ -73.9575558, 40.8063043 ] } },
{ "type": "Feature", "properties": { "node_id": "10054975851", "street_count": 3 }, "geometry": { "type": "Point", "coordinates": [ -73.9571798, 40.8160269 ] } },
{ "type": "Feature", "properties": { "node_id": "6244980522", "street_count": 3 }, "geometry": { "type": "Point", "coordinates": [ -73.9619774, 40.8133006 ] } },
{ "type": "Feature", "properties": { "node_id": "10171069688", "street_count": 4 }, "geometry": { "type": "Point", "coordinates": [ -73.9515036, 40.8095034 ] } },
{ "type": "Feature", "properties": { "node_id": "6871927725", "street_count": 3 }, "geometry": { "type": "Point", "coordinates": [ -73.9567559, 40.8137287 ] } },
{ "type": "Feature", "properties": { "node_id": "10055069510", "street_count": 3 }, "geometry": { "type": "Point", "coordinates": [ -73.9559869, 40.8154634 ] } },
{ "type": "Feature", "properties": { "node_id": "10166004023", "street_count": 4 }, "geometry": { "type": "Point", "coordinates": [ -73.9653931, 40.8011162 ] } },
{ "type": "Feature", "properties": { "node_id": "42427538", "street_count": 3 }, "geometry": { "type": "Point", "coordinates": [ -73.95086, 40.814187 ] } },
{ "type": "Feature", "properties": { "node_id": "10166004036", "street_count": 4 }, "geometry": { "type": "Point", "coordinates": [ -73.9625461, 40.7999194 ] } },
{ "type": "Feature", "properties": { "node_id": "10171865572", "street_count": 4 }, "geometry": { "type": "Point", "coordinates": [ -73.9502259, 40.8131079 ] } },
{ "type": "Feature", "properties": { "node_id": "6868145369", "street_count": 4 }, "geometry": { "type": "Point", "coordinates": [ -73.9621706, 40.8136829 ] } },
{ "type": "Feature", "properties": { "node_id": "12815989284", "street_count": 4 }, "geometry": { "type": "Point", "coordinates": [ -73.9526751, 40.7981159 ] } },
{ "type": "Feature", "properties": { "node_id": "10054975833", "street_count": 3 }, "geometry": { "type": "Point", "coordinates": [ -73.9557571, 40.8169436 ] } },
{ "type": "Feature", "properties": { "node_id": "4302967263", "street_count": 3 }, "geometry": { "type": "Point", "coordinates": [ -73.9577505, 40.7985078 ] } },
{ "type": "Feature", "properties": { "node_id": "1203883834", "street_count": 3 }, "geometry": { "type": "Point", "coordinates": [ -73.9560042, 40.7978356 ] } },
{ "type": "Feature", "properties": { "node_id": "10177600398", "street_count": 4 }, "geometry": { "type": "Point", "coordinates": [ -73.9549975, 40.8001809 ] } },
{ "type": "Feature", "properties": { "node_id": "8807524453", "street_count": 4 }, "geometry": { "type": "Point", "coordinates": [ -73.9510698, 40.8000282 ] } },
{ "type": "Feature", "properties": { "node_id": "10171219255", "street_count": 4 }, "geometry": { "type": "Point", "coordinates": [ -73.9504993, 40.8056543 ] } },
{ "type": "Feature", "properties": { "node_id": "6919167813", "street_count": 1 }, "geometry": { "type": "Point", "coordinates": [ -73.9610717, 40.8083255 ] } },
{ "type": "Feature", "properties": { "node_id": "10049926008", "street_count": 3 }, "geometry": { "type": "Point", "coordinates": [ -73.9603991, 40.8182262 ] } },
{ "type": "Feature", "properties": { "node_id": "7803460129", "street_count": 4 }, "geometry": { "type": "Point", "coordinates": [ -73.9526025, 40.7999847 ] } },
{ "type": "Feature", "properties": { "node_id": "8807524530", "street_count": 3 }, "geometry": { "type": "Point", "coordinates": [ -73.9500074, 40.8001181 ] } },
{ "type": "Feature", "properties": { "node_id": "8795723391", "street_count": 3 }, "geometry": { "type": "Point", "coordinates": [ -73.9574996, 40.8145736 ] } },
{ "type": "Feature", "properties": { "node_id": "10171865576", "street_count": 4 }, "geometry": { "type": "Point", "coordinates": [ -73.9515711, 40.8121338 ] } },
{ "type": "Feature", "properties": { "node_id": "13033282363", "street_count": 4 }, "geometry": { "type": "Point", "coordinates": [ -73.9571723, 40.8017595 ] } },
{ "type": "Feature", "properties": { "node_id": "11887802383", "street_count": 4 }, "geometry": { "type": "Point", "coordinates": [ -73.9558, 40.8087087 ] } },
{ "type": "Feature", "properties": { "node_id": "11953023699", "street_count": 3 }, "geometry": { "type": "Point", "coordinates": [ -73.9609401, 40.804316 ] } },
{ "type": "Feature", "properties": { "node_id": "10166004081", "street_count": 4 }, "geometry": { "type": "Point", "coordinates": [ -73.9692187, 40.8009644 ] } },
{ "type": "Feature", "properties": { "node_id": "10171241042", "street_count": 4 }, "geometry": { "type": "Point", "coordinates": [ -73.9596342, 40.8010061 ] } },
{ "type": "Feature", "properties": { "node_id": "10169443456", "street_count": 4 }, "geometry": { "type": "Point", "coordinates": [ -73.971511, 40.7978261 ] } },
{ "type": "Feature", "properties": { "node_id": "4302966596", "street_count": 3 }, "geometry": { "type": "Point", "coordinates": [ -73.9601604, 40.7968043 ] } },
{ "type": "Feature", "properties": { "node_id": "2340960573", "street_count": 3 }, "geometry": { "type": "Point", "coordinates": [ -73.9597532, 40.8072898 ] } },
{ "type": "Feature", "properties": { "node_id": "10170977530", "street_count": 4 }, "geometry": { "type": "Point", "coordinates": [ -73.9528737, 40.8158002 ] } },
{ "type": "Feature", "properties": { "node_id": "7618358581", "street_count": 3 }, "geometry": { "type": "Point", "coordinates": [ -73.9618605, 40.8032206 ] } },
{ "type": "Feature", "properties": { "node_id": "1792502081", "street_count": 3 }, "geometry": { "type": "Point", "coordinates": [ -73.9565453, 40.8086676 ] } },
{ "type": "Feature", "properties": { "node_id": "10168673727", "street_count": 4 }, "geometry": { "type": "Point", "coordinates": [ -73.9660211, 40.8054883 ] } },
{ "type": "Feature", "properties": { "node_id": "10128823993", "street_count": 4 }, "geometry": { "type": "Point", "coordinates": [ -73.9566949, 40.8175311 ] } },
{ "type": "Feature", "properties": { "node_id": "7802964918", "street_count": 4 }, "geometry": { "type": "Point", "coordinates": [ -73.9519816, 40.7987551 ] } },
{ "type": "Feature", "properties": { "node_id": "10054975848", "street_count": 3 }, "geometry": { "type": "Point", "coordinates": [ -73.9561702, 40.8163134 ] } },
{ "type": "Feature", "properties": { "node_id": "6783696476", "street_count": 4 }, "geometry": { "type": "Point", "coordinates": [ -73.9581975, 40.8105065 ] } },
{ "type": "Feature", "properties": { "node_id": "7801840677", "street_count": 3 }, "geometry": { "type": "Point", "coordinates": [ -73.9581898, 40.8002396 ] } },
{ "type": "Feature", "properties": { "node_id": "8250876244", "street_count": 4 }, "geometry": { "type": "Point", "coordinates": [ -73.9555483, 40.8069561 ] } },
{ "type": "Feature", "properties": { "node_id": "10171865573", "street_count": 4 }, "geometry": { "type": "Point", "coordinates": [ -73.950303, 40.8132206 ] } },
{ "type": "Feature", "properties": { "node_id": "12814803418", "street_count": 3 }, "geometry": { "type": "Point", "coordinates": [ -73.9540412, 40.7965519 ] } },
{ "type": "Feature", "properties": { "node_id": "7802964958", "street_count": 4 }, "geometry": { "type": "Point", "coordinates": [ -73.9515814, 40.799558 ] } },
{ "type": "Feature", "properties": { "node_id": "8807524475", "street_count": 4 }, "geometry": { "type": "Point", "coordinates": [ -73.951295, 40.8001116 ] } },
{ "type": "Feature", "properties": { "node_id": "42434097", "street_count": 4 }, "geometry": { "type": "Point", "coordinates": [ -73.9522674, 40.8172259 ] } },
{ "type": "Feature", "properties": { "node_id": "8385765476", "street_count": 4 }, "geometry": { "type": "Point", "coordinates": [ -73.9614614, 40.8060357 ] } },
{ "type": "Feature", "properties": { "node_id": "6935388008", "street_count": 1 }, "geometry": { "type": "Point", "coordinates": [ -73.960842, 40.7975063 ] } },
{ "type": "Feature", "properties": { "node_id": "10171069515", "street_count": 3 }, "geometry": { "type": "Point", "coordinates": [ -73.9549175, 40.8133768 ] } },
{ "type": "Feature", "properties": { "node_id": "6793779223", "street_count": 3 }, "geometry": { "type": "Point", "coordinates": [ -73.9583495, 40.8073074 ] } },
{ "type": "Feature", "properties": { "node_id": "5994483997", "street_count": 3 }, "geometry": { "type": "Point", "coordinates": [ -73.9600478, 40.8074119 ] } },
{ "type": "Feature", "properties": { "node_id": "6991136420", "street_count": 3 }, "geometry": { "type": "Point", "coordinates": [ -73.9527018, 40.7982279 ] } },
{ "type": "Feature", "properties": { "node_id": "6793924868", "street_count": 3 }, "geometry": { "type": "Point", "coordinates": [ -73.9581877, 40.8098496 ] } },
{ "type": "Feature", "properties": { "node_id": "11296188167", "street_count": 4 }, "geometry": { "type": "Point", "coordinates": [ -73.9590256, 40.8018644 ] } },
{ "type": "Feature", "properties": { "node_id": "7178115433", "street_count": 4 }, "geometry": { "type": "Point", "coordinates": [ -73.9640288, 40.8081998 ] } },
{ "type": "Feature", "properties": { "node_id": "11295648592", "street_count": 1 }, "geometry": { "type": "Point", "coordinates": [ -73.9576248, 40.8123888 ] } },
{ "type": "Feature", "properties": { "node_id": "2340960682", "street_count": 3 }, "geometry": { "type": "Point", "coordinates": [ -73.9603737, 40.8092828 ] } },
{ "type": "Feature", "properties": { "node_id": "8807524592", "street_count": 4 }, "geometry": { "type": "Point", "coordinates": [ -73.9507504, 40.8008507 ] } },
{ "type": "Feature", "properties": { "node_id": "10173400455", "street_count": 4 }, "geometry": { "type": "Point", "coordinates": [ -73.9556995, 40.8037575 ] } },
{ "type": "Feature", "properties": { "node_id": "2329798592", "street_count": 4 }, "geometry": { "type": "Point", "coordinates": [ -73.974666, 40.7967159 ] } },
{ "type": "Feature", "properties": { "node_id": "247225034", "street_count": 3 }, "geometry": { "type": "Point", "coordinates": [ -73.955275, 40.7990112 ] } },
{ "type": "Feature", "properties": { "node_id": "10050004461", "street_count": 3 }, "geometry": { "type": "Point", "coordinates": [ -73.9620425, 40.8136966 ] } },
{ "type": "Feature", "properties": { "node_id": "12998517240", "street_count": 4 }, "geometry": { "type": "Point", "coordinates": [ -73.9522576, 40.8032412 ] } },
{ "type": "Feature", "properties": { "node_id": "7620616387", "street_count": 1 }, "geometry": { "type": "Point", "coordinates": [ -73.9580317, 40.8125757 ] } },
{ "type": "Feature", "properties": { "node_id": "11815639922", "street_count": 1 }, "geometry": { "type": "Point", "coordinates": [ -73.960703, 40.8028955 ] } },
{ "type": "Feature", "properties": { "node_id": "1774036547", "street_count": 3 }, "geometry": { "type": "Point", "coordinates": [ -73.9578897, 40.8075628 ] } },
{ "type": "Feature", "properties": { "node_id": "1774036843", "street_count": 1 }, "geometry": { "type": "Point", "coordinates": [ -73.9569947, 40.8104359 ] } },
{ "type": "Feature", "properties": { "node_id": "8379835877", "street_count": 3 }, "geometry": { "type": "Point", "coordinates": [ -73.9603682, 40.807546 ] } },
{ "type": "Feature", "properties": { "node_id": "10171340198", "street_count": 3 }, "geometry": { "type": "Point", "coordinates": [ -73.9638374, 40.8063746 ] } },
{ "type": "Feature", "properties": { "node_id": "10049860705", "street_count": 4 }, "geometry": { "type": "Point", "coordinates": [ -73.9611015, 40.8176936 ] } },
{ "type": "Feature", "properties": { "node_id": "10171219273", "street_count": 4 }, "geometry": { "type": "Point", "coordinates": [ -73.950308, 40.8063987 ] } },
{ "type": "Feature", "properties": { "node_id": "595314028", "street_count": 3 }, "geometry": { "type": "Point", "coordinates": [ -73.9605452, 40.8180852 ] } },
{ "type": "Feature", "properties": { "node_id": "11967772202", "street_count": 3 }, "geometry": { "type": "Point", "coordinates": [ -73.9596938, 40.8170295 ] } },
{ "type": "Feature", "properties": { "node_id": "10168029037", "street_count": 4 }, "geometry": { "type": "Point", "coordinates": [ -73.9545489, 40.8083219 ] } },
{ "type": "Feature", "properties": { "node_id": "2340960652", "street_count": 3 }, "geometry": { "type": "Point", "coordinates": [ -73.9606537, 40.8083986 ] } },
{ "type": "Feature", "properties": { "node_id": "10171102340", "street_count": 4 }, "geometry": { "type": "Point", "coordinates": [ -73.952899, 40.8050239 ] } },
{ "type": "Feature", "properties": { "node_id": "10049926007", "street_count": 3 }, "geometry": { "type": "Point", "coordinates": [ -73.9604568, 40.8181898 ] } },
{ "type": "Feature", "properties": { "node_id": "2340960647", "street_count": 3 }, "geometry": { "type": "Point", "coordinates": [ -73.9604687, 40.8083216 ] } },
{ "type": "Feature", "properties": { "node_id": "42441276", "street_count": 1 }, "geometry": { "type": "Point", "coordinates": [ -73.9681438, 40.8057489 ] } },
{ "type": "Feature", "properties": { "node_id": "7571410100", "street_count": 3 }, "geometry": { "type": "Point", "coordinates": [ -73.9662309, 40.796504 ] } },
{ "type": "Feature", "properties": { "node_id": "11909145331", "street_count": 1 }, "geometry": { "type": "Point", "coordinates": [ -73.9640284, 40.8010523 ] } },
{ "type": "Feature", "properties": { "node_id": "3088565343", "street_count": 4 }, "geometry": { "type": "Point", "coordinates": [ -73.9668343, 40.8083611 ] } },
{ "type": "Feature", "properties": { "node_id": "2329911817", "street_count": 4 }, "geometry": { "type": "Point", "coordinates": [ -73.9731481, 40.8004782 ] } },
{ "type": "Feature", "properties": { "node_id": "11655575171", "street_count": 4 }, "geometry": { "type": "Point", "coordinates": [ -73.9739813, 40.7965459 ] } },
{ "type": "Feature", "properties": { "node_id": "12818423591", "street_count": 3 }, "geometry": { "type": "Point", "coordinates": [ -73.9583265, 40.8007064 ] } },
{ "type": "Feature", "properties": { "node_id": "9654214260", "street_count": 4 }, "geometry": { "type": "Point", "coordinates": [ -73.9661283, 40.7996583 ] } },
{ "type": "Feature", "properties": { "node_id": "10169443463", "street_count": 4 }, "geometry": { "type": "Point", "coordinates": [ -73.9731448, 40.7985136 ] } },
{ "type": "Feature", "properties": { "node_id": "5539546684", "street_count": 1 }, "geometry": { "type": "Point", "coordinates": [ -73.9517237, 40.8173886 ] } },
{ "type": "Feature", "properties": { "node_id": "6814307797", "street_count": 3 }, "geometry": { "type": "Point", "coordinates": [ -73.962835, 40.8041599 ] } },
{ "type": "Feature", "properties": { "node_id": "8758345336", "street_count": 4 }, "geometry": { "type": "Point", "coordinates": [ -73.9509199, 40.8050746 ] } },
{ "type": "Feature", "properties": { "node_id": "10050004460", "street_count": 3 }, "geometry": { "type": "Point", "coordinates": [ -73.9623662, 40.8137507 ] } },
{ "type": "Feature", "properties": { "node_id": "6816455655", "street_count": 4 }, "geometry": { "type": "Point", "coordinates": [ -73.9586383, 40.8099036 ] } },
{ "type": "Feature", "properties": { "node_id": "12009067245", "street_count": 4 }, "geometry": { "type": "Point", "coordinates": [ -73.9605745, 40.8181191 ] } },
{ "type": "Feature", "properties": { "node_id": "10056883694", "street_count": 3 }, "geometry": { "type": "Point", "coordinates": [ -73.9589132, 40.8138965 ] } },
{ "type": "Feature", "properties": { "node_id": "4302967232", "street_count": 1 }, "geometry": { "type": "Point", "coordinates": [ -73.9560999, 40.7983755 ] } },
{ "type": "Feature", "properties": { "node_id": "10049835184", "street_count": 4 }, "geometry": { "type": "Point", "coordinates": [ -73.9604631, 40.8159749 ] } },
{ "type": "Feature", "properties": { "node_id": "8795723390", "street_count": 3 }, "geometry": { "type": "Point", "coordinates": [ -73.9570314, 40.8140417 ] } },
{ "type": "Feature", "properties": { "node_id": "10170977534", "street_count": 4 }, "geometry": { "type": "Point", "coordinates": [ -73.9530547, 40.8151938 ] } },
{ "type": "Feature", "properties": { "node_id": "7169900984", "street_count": 4 }, "geometry": { "type": "Point", "coordinates": [ -73.958389, 40.8055766 ] } },
{ "type": "Feature", "properties": { "node_id": "10169443470", "street_count": 4 }, "geometry": { "type": "Point", "coordinates": [ -73.9703508, 40.7989781 ] } },
{ "type": "Feature", "properties": { "node_id": "10171219245", "street_count": 4 }, "geometry": { "type": "Point", "coordinates": [ -73.9530041, 40.8068514 ] } },
{ "type": "Feature", "properties": { "node_id": "12535417961", "street_count": 3 }, "geometry": { "type": "Point", "coordinates": [ -73.9500528, 40.8137706 ] } },
{ "type": "Feature", "properties": { "node_id": "10172883042", "street_count": 4 }, "geometry": { "type": "Point", "coordinates": [ -73.952175, 40.8040384 ] } },
{ "type": "Feature", "properties": { "node_id": "6791440533", "street_count": 4 }, "geometry": { "type": "Point", "coordinates": [ -73.9585545, 40.8073975 ] } },
{ "type": "Feature", "properties": { "node_id": "2308955217", "street_count": 3 }, "geometry": { "type": "Point", "coordinates": [ -73.9617808, 40.8100317 ] } },
{ "type": "Feature", "properties": { "node_id": "11296201263", "street_count": 3 }, "geometry": { "type": "Point", "coordinates": [ -73.9645277, 40.7967339 ] } },
{ "type": "Feature", "properties": { "node_id": "11867354042", "street_count": 3 }, "geometry": { "type": "Point", "coordinates": [ -73.968509, 40.8045128 ] } },
{ "type": "Feature", "properties": { "node_id": "10171241027", "street_count": 4 }, "geometry": { "type": "Point", "coordinates": [ -73.9578435, 40.8012303 ] } },
{ "type": "Feature", "properties": { "node_id": "4302966995", "street_count": 3 }, "geometry": { "type": "Point", "coordinates": [ -73.9597108, 40.7974824 ] } },
{ "type": "Feature", "properties": { "node_id": "2308955230", "street_count": 3 }, "geometry": { "type": "Point", "coordinates": [ -73.9614871, 40.8099091 ] } },
{ "type": "Feature", "properties": { "node_id": "10171219243", "street_count": 4 }, "geometry": { "type": "Point", "coordinates": [ -73.9527156, 40.8065885 ] } },
{ "type": "Feature", "properties": { "node_id": "2541754747", "street_count": 4 }, "geometry": { "type": "Point", "coordinates": [ -73.9568442, 40.8175078 ] } },
{ "type": "Feature", "properties": { "node_id": "10050020899", "street_count": 3 }, "geometry": { "type": "Point", "coordinates": [ -73.9636966, 40.813565 ] } },
{ "type": "Feature", "properties": { "node_id": "7732551671", "street_count": 4 }, "geometry": { "type": "Point", "coordinates": [ -73.9618303, 40.816269 ] } },
{ "type": "Feature", "properties": { "node_id": "12998397967", "street_count": 4 }, "geometry": { "type": "Point", "coordinates": [ -73.9532586, 40.8025738 ] } },
{ "type": "Feature", "properties": { "node_id": "10055105945", "street_count": 4 }, "geometry": { "type": "Point", "coordinates": [ -73.9611677, 40.8163038 ] } },
{ "type": "Feature", "properties": { "node_id": "10168029024", "street_count": 4 }, "geometry": { "type": "Point", "coordinates": [ -73.953347, 40.8069983 ] } },
{ "type": "Feature", "properties": { "node_id": "10165984406", "street_count": 3 }, "geometry": { "type": "Point", "coordinates": [ -73.9652961, 40.8087392 ] } },
{ "type": "Feature", "properties": { "node_id": "10101656320", "street_count": 4 }, "geometry": { "type": "Point", "coordinates": [ -73.962382, 40.797259 ] } },
{ "type": "Feature", "properties": { "node_id": "4302966777", "street_count": 3 }, "geometry": { "type": "Point", "coordinates": [ -73.9511486, 40.7970157 ] } },
{ "type": "Feature", "properties": { "node_id": "7784826635", "street_count": 4 }, "geometry": { "type": "Point", "coordinates": [ -73.9611455, 40.7967357 ] } },
{ "type": "Feature", "properties": { "node_id": "11952891930", "street_count": 3 }, "geometry": { "type": "Point", "coordinates": [ -73.9601499, 40.8048252 ] } },
{ "type": "Feature", "properties": { "node_id": "3898480791", "street_count": 5 }, "geometry": { "type": "Point", "coordinates": [ -73.9507717, 40.8183502 ] } },
{ "type": "Feature", "properties": { "node_id": "10101667716", "street_count": 4 }, "geometry": { "type": "Point", "coordinates": [ -73.962608, 40.7972953 ] } },
{ "type": "Feature", "properties": { "node_id": "8795723382", "street_count": 4 }, "geometry": { "type": "Point", "coordinates": [ -73.9577756, 40.8151035 ] } },
{ "type": "Feature", "properties": { "node_id": "6183784570", "street_count": 1 }, "geometry": { "type": "Point", "coordinates": [ -73.9642211, 40.8089914 ] } },
{ "type": "Feature", "properties": { "node_id": "10165996982", "street_count": 4 }, "geometry": { "type": "Point", "coordinates": [ -73.9523768, 40.8007139 ] } },
{ "type": "Feature", "properties": { "node_id": "10171219250", "street_count": 4 }, "geometry": { "type": "Point", "coordinates": [ -73.9508044, 40.8059242 ] } },
{ "type": "Feature", "properties": { "node_id": "10170606883", "street_count": 4 }, "geometry": { "type": "Point", "coordinates": [ -73.9540812, 40.8014319 ] } },
{ "type": "Feature", "properties": { "node_id": "10170887320", "street_count": 4 }, "geometry": { "type": "Point", "coordinates": [ -73.9557193, 40.8088181 ] } },
{ "type": "Feature", "properties": { "node_id": "7732571869", "street_count": 3 }, "geometry": { "type": "Point", "coordinates": [ -73.9617671, 40.8153825 ] } },
{ "type": "Feature", "properties": { "node_id": "11807757985", "street_count": 4 }, "geometry": { "type": "Point", "coordinates": [ -73.9610371, 40.7966891 ] } },
{ "type": "Feature", "properties": { "node_id": "6823995468", "street_count": 4 }, "geometry": { "type": "Point", "coordinates": [ -73.9562731, 40.8131429 ] } },
{ "type": "Feature", "properties": { "node_id": "11263350565", "street_count": 3 }, "geometry": { "type": "Point", "coordinates": [ -73.9594497, 40.7986114 ] } },
{ "type": "Feature", "properties": { "node_id": "10170980700", "street_count": 4 }, "geometry": { "type": "Point", "coordinates": [ -73.9700783, 40.7973645 ] } },
{ "type": "Feature", "properties": { "node_id": "9150552660", "street_count": 3 }, "geometry": { "type": "Point", "coordinates": [ -73.9641536, 40.7972447 ] } },
{ "type": "Feature", "properties": { "node_id": "5266458370", "street_count": 4 }, "geometry": { "type": "Point", "coordinates": [ -73.9510489, 40.8101218 ] } },
{ "type": "Feature", "properties": { "node_id": "4630770060", "street_count": 3 }, "geometry": { "type": "Point", "coordinates": [ -73.966912, 40.8085019 ] } },
{ "type": "Feature", "properties": { "node_id": "10049830852", "street_count": 4 }, "geometry": { "type": "Point", "coordinates": [ -73.9589707, 40.8151092 ] } },
{ "type": "Feature", "properties": { "node_id": "11887792562", "street_count": 4 }, "geometry": { "type": "Point", "coordinates": [ -73.9540784, 40.8110755 ] } },
{ "type": "Feature", "properties": { "node_id": "12879077858", "street_count": 3 }, "geometry": { "type": "Point", "coordinates": [ -73.9526135, 40.8181632 ] } },
{ "type": "Feature", "properties": { "node_id": "6235381624", "street_count": 4 }, "geometry": { "type": "Point", "coordinates": [ -73.9623343, 40.8088673 ] } },
{ "type": "Feature", "properties": { "node_id": "6223478839", "street_count": 3 }, "geometry": { "type": "Point", "coordinates": [ -73.9502909, 40.7990902 ] } },
{ "type": "Feature", "properties": { "node_id": "10171219244", "street_count": 4 }, "geometry": { "type": "Point", "coordinates": [ -73.9527189, 40.8067303 ] } },
{ "type": "Feature", "properties": { "node_id": "6993051336", "street_count": 3 }, "geometry": { "type": "Point", "coordinates": [ -73.9564859, 40.8082329 ] } },
{ "type": "Feature", "properties": { "node_id": "2329912091", "street_count": 3 }, "geometry": { "type": "Point", "coordinates": [ -73.9668814, 40.8092573 ] } },
{ "type": "Feature", "properties": { "node_id": "42442586", "street_count": 4 }, "geometry": { "type": "Point", "coordinates": [ -73.9556965, 40.8141405 ] } },
{ "type": "Feature", "properties": { "node_id": "10173362963", "street_count": 4 }, "geometry": { "type": "Point", "coordinates": [ -73.9522168, 40.8114909 ] } },
{ "type": "Feature", "properties": { "node_id": "10171241043", "street_count": 4 }, "geometry": { "type": "Point", "coordinates": [ -73.9594542, 40.8012415 ] } },
{ "type": "Feature", "properties": { "node_id": "6223570382", "street_count": 3 }, "geometry": { "type": "Point", "coordinates": [ -73.9606044, 40.8160433 ] } },
{ "type": "Feature", "properties": { "node_id": "10171508863", "street_count": 4 }, "geometry": { "type": "Point", "coordinates": [ -73.9508545, 40.8108491 ] } },
{ "type": "Feature", "properties": { "node_id": "10168673730", "street_count": 4 }, "geometry": { "type": "Point", "coordinates": [ -73.9659376, 40.805608 ] } },
{ "type": "Feature", "properties": { "node_id": "10168029049", "street_count": 4 }, "geometry": { "type": "Point", "coordinates": [ -73.95276, 40.8074255 ] } },
{ "type": "Feature", "properties": { "node_id": "9646862907", "street_count": 4 }, "geometry": { "type": "Point", "coordinates": [ -73.9679735, 40.799765 ] } },
{ "type": "Feature", "properties": { "node_id": "6907095256", "street_count": 1 }, "geometry": { "type": "Point", "coordinates": [ -73.9628257, 40.8104829 ] } },
{ "type": "Feature", "properties": { "node_id": "7571410099", "street_count": 3 }, "geometry": { "type": "Point", "coordinates": [ -73.9653456, 40.7977338 ] } },
{ "type": "Feature", "properties": { "node_id": "10050045623", "street_count": 4 }, "geometry": { "type": "Point", "coordinates": [ -73.9562727, 40.8136036 ] } },
{ "type": "Feature", "properties": { "node_id": "3347295525", "street_count": 4 }, "geometry": { "type": "Point", "coordinates": [ -73.9622458, 40.8076717 ] } },
{ "type": "Feature", "properties": { "node_id": "10169443462", "street_count": 4 }, "geometry": { "type": "Point", "coordinates": [ -73.9730586, 40.7986185 ] } },
{ "type": "Feature", "properties": { "node_id": "11945779172", "street_count": 3 }, "geometry": { "type": "Point", "coordinates": [ -73.9703677, 40.8031226 ] } },
{ "type": "Feature", "properties": { "node_id": "2340960649", "street_count": 1 }, "geometry": { "type": "Point", "coordinates": [ -73.9631139, 40.8083362 ] } },
{ "type": "Feature", "properties": { "node_id": "10165996965", "street_count": 4 }, "geometry": { "type": "Point", "coordinates": [ -73.9554056, 40.8045712 ] } },
{ "type": "Feature", "properties": { "node_id": "8376008913", "street_count": 4 }, "geometry": { "type": "Point", "coordinates": [ -73.9580146, 40.8081413 ] } },
{ "type": "Feature", "properties": { "node_id": "10168729769", "street_count": 4 }, "geometry": { "type": "Point", "coordinates": [ -73.9507941, 40.8016873 ] } },
{ "type": "Feature", "properties": { "node_id": "10165996966", "street_count": 4 }, "geometry": { "type": "Point", "coordinates": [ -73.9551869, 40.8044748 ] } },
{ "type": "Feature", "properties": { "node_id": "10049970723", "street_count": 3 }, "geometry": { "type": "Point", "coordinates": [ -73.9619264, 40.8163796 ] } },
{ "type": "Feature", "properties": { "node_id": "13232597977", "street_count": 1 }, "geometry": { "type": "Point", "coordinates": [ -73.9549541, 40.8067727 ] } },
{ "type": "Feature", "properties": { "node_id": "3099327974", "street_count": 4 }, "geometry": { "type": "Point", "coordinates": [ -73.9516201, 40.7995043 ] } },
{ "type": "Feature", "properties": { "node_id": "1059207629", "street_count": 3 }, "geometry": { "type": "Point", "coordinates": [ -73.9560612, 40.7971584 ] } },
{ "type": "Feature", "properties": { "node_id": "10171129701", "street_count": 4 }, "geometry": { "type": "Point", "coordinates": [ -73.9508466, 40.8183071 ] } },
{ "type": "Feature", "properties": { "node_id": "12151121362", "street_count": 3 }, "geometry": { "type": "Point", "coordinates": [ -73.9699519, 40.8023111 ] } },
{ "type": "Feature", "properties": { "node_id": "10129081639", "street_count": 4 }, "geometry": { "type": "Point", "coordinates": [ -73.9553171, 40.818409 ] } },
{ "type": "Feature", "properties": { "node_id": "8250876249", "street_count": 4 }, "geometry": { "type": "Point", "coordinates": [ -73.9567113, 40.8074567 ] } },
{ "type": "Feature", "properties": { "node_id": "8376039724", "street_count": 3 }, "geometry": { "type": "Point", "coordinates": [ -73.9598367, 40.8087219 ] } },
{ "type": "Feature", "properties": { "node_id": "6880053697", "street_count": 3 }, "geometry": { "type": "Point", "coordinates": [ -73.9715911, 40.7996325 ] } },
{ "type": "Feature", "properties": { "node_id": "7934784598", "street_count": 3 }, "geometry": { "type": "Point", "coordinates": [ -73.960939, 40.8167054 ] } },
{ "type": "Feature", "properties": { "node_id": "11851500965", "street_count": 3 }, "geometry": { "type": "Point", "coordinates": [ -73.9627876, 40.8091752 ] } },
{ "type": "Feature", "properties": { "node_id": "7785782274", "street_count": 3 }, "geometry": { "type": "Point", "coordinates": [ -73.9671872, 40.8076035 ] } },
{ "type": "Feature", "properties": { "node_id": "8375719537", "street_count": 3 }, "geometry": { "type": "Point", "coordinates": [ -73.9635305, 40.8069711 ] } },
{ "type": "Feature", "properties": { "node_id": "10171069669", "street_count": 3 }, "geometry": { "type": "Point", "coordinates": [ -73.9528546, 40.8091136 ] } },
{ "type": "Feature", "properties": { "node_id": "6912871508", "street_count": 3 }, "geometry": { "type": "Point", "coordinates": [ -73.9708452, 40.7985053 ] } },
{ "type": "Feature", "properties": { "node_id": "6886294947", "street_count": 4 }, "geometry": { "type": "Point", "coordinates": [ -73.9608631, 40.8118261 ] } },
{ "type": "Feature", "properties": { "node_id": "10171219269", "street_count": 4 }, "geometry": { "type": "Point", "coordinates": [ -73.9500714, 40.80644 ] } },
{ "type": "Feature", "properties": { "node_id": "4302967111", "street_count": 3 }, "geometry": { "type": "Point", "coordinates": [ -73.9553463, 40.7977183 ] } },
{ "type": "Feature", "properties": { "node_id": "10171508885", "street_count": 3 }, "geometry": { "type": "Point", "coordinates": [ -73.9518893, 40.8129213 ] } },
{ "type": "Feature", "properties": { "node_id": "7323390409", "street_count": 3 }, "geometry": { "type": "Point", "coordinates": [ -73.9589637, 40.8129827 ] } },
{ "type": "Feature", "properties": { "node_id": "11768136105", "street_count": 3 }, "geometry": { "type": "Point", "coordinates": [ -73.95904, 40.802601 ] } },
{ "type": "Feature", "properties": { "node_id": "11298919643", "street_count": 4 }, "geometry": { "type": "Point", "coordinates": [ -73.9500859, 40.8114225 ] } },
{ "type": "Feature", "properties": { "node_id": "10165996981", "street_count": 4 }, "geometry": { "type": "Point", "coordinates": [ -73.9523624, 40.8005575 ] } },
{ "type": "Feature", "properties": { "node_id": "9654214297", "street_count": 4 }, "geometry": { "type": "Point", "coordinates": [ -73.9687209, 40.7992637 ] } },
{ "type": "Feature", "properties": { "node_id": "3579426724", "street_count": 3 }, "geometry": { "type": "Point", "coordinates": [ -73.955773, 40.8117375 ] } },
{ "type": "Feature", "properties": { "node_id": "10055186134", "street_count": 3 }, "geometry": { "type": "Point", "coordinates": [ -73.9732457, 40.80052 ] } },
{ "type": "Feature", "properties": { "node_id": "3579426847", "street_count": 1 }, "geometry": { "type": "Point", "coordinates": [ -73.9613745, 40.8077893 ] } },
{ "type": "Feature", "properties": { "node_id": "10170893927", "street_count": 4 }, "geometry": { "type": "Point", "coordinates": [ -73.9642065, 40.8022698 ] } },
{ "type": "Feature", "properties": { "node_id": "10049925998", "street_count": 3 }, "geometry": { "type": "Point", "coordinates": [ -73.9606422, 40.8180981 ] } },
{ "type": "Feature", "properties": { "node_id": "7785929603", "street_count": 4 }, "geometry": { "type": "Point", "coordinates": [ -73.9676812, 40.8055229 ] } },
{ "type": "Feature", "properties": { "node_id": "10171865585", "street_count": 4 }, "geometry": { "type": "Point", "coordinates": [ -73.9503877, 40.8114775 ] } },
{ "type": "Feature", "properties": { "node_id": "6235381625", "street_count": 3 }, "geometry": { "type": "Point", "coordinates": [ -73.9625579, 40.8088753 ] } },
{ "type": "Feature", "properties": { "node_id": "10108636987", "street_count": 4 }, "geometry": { "type": "Point", "coordinates": [ -73.9622951, 40.7973797 ] } },
{ "type": "Feature", "properties": { "node_id": "10173362955", "street_count": 4 }, "geometry": { "type": "Point", "coordinates": [ -73.9554029, 40.8145414 ] } },
{ "type": "Feature", "properties": { "node_id": "10168667113", "street_count": 4 }, "geometry": { "type": "Point", "coordinates": [ -73.9619224, 40.8054077 ] } },
{ "type": "Feature", "properties": { "node_id": "7124965415", "street_count": 3 }, "geometry": { "type": "Point", "coordinates": [ -73.9537851, 40.8167549 ] } },
{ "type": "Feature", "properties": { "node_id": "4302967030", "street_count": 3 }, "geometry": { "type": "Point", "coordinates": [ -73.9564275, 40.7975626 ] } },
{ "type": "Feature", "properties": { "node_id": "6824030312", "street_count": 1 }, "geometry": { "type": "Point", "coordinates": [ -73.9638724, 40.8084798 ] } },
{ "type": "Feature", "properties": { "node_id": "10055123053", "street_count": 4 }, "geometry": { "type": "Point", "coordinates": [ -73.9549103, 40.8150072 ] } },
{ "type": "Feature", "properties": { "node_id": "11965021582", "street_count": 3 }, "geometry": { "type": "Point", "coordinates": [ -73.9645106, 40.8108678 ] } },
{ "type": "Feature", "properties": { "node_id": "10165996967", "street_count": 4 }, "geometry": { "type": "Point", "coordinates": [ -73.9553354, 40.8042805 ] } },
{ "type": "Feature", "properties": { "node_id": "2340960642", "street_count": 1 }, "geometry": { "type": "Point", "coordinates": [ -73.9602888, 40.8082467 ] } },
{ "type": "Feature", "properties": { "node_id": "11296200790", "street_count": 4 }, "geometry": { "type": "Point", "coordinates": [ -73.9581735, 40.8030065 ] } },
{ "type": "Feature", "properties": { "node_id": "12815989435", "street_count": 3 }, "geometry": { "type": "Point", "coordinates": [ -73.9522948, 40.7975294 ] } },
{ "type": "Feature", "properties": { "node_id": "7323388257", "street_count": 1 }, "geometry": { "type": "Point", "coordinates": [ -73.9603328, 40.812325 ] } },
{ "type": "Feature", "properties": { "node_id": "10057369076", "street_count": 3 }, "geometry": { "type": "Point", "coordinates": [ -73.9634459, 40.8140195 ] } },
{ "type": "Feature", "properties": { "node_id": "7802964915", "street_count": 4 }, "geometry": { "type": "Point", "coordinates": [ -73.9518948, 40.7988694 ] } },
{ "type": "Feature", "properties": { "node_id": "10050036785", "street_count": 4 }, "geometry": { "type": "Point", "coordinates": [ -73.9576237, 40.8162418 ] } },
{ "type": "Feature", "properties": { "node_id": "4401269639", "street_count": 3 }, "geometry": { "type": "Point", "coordinates": [ -73.9637608, 40.8070679 ] } },
{ "type": "Feature", "properties": { "node_id": "5481863722", "street_count": 3 }, "geometry": { "type": "Point", "coordinates": [ -73.9520405, 40.8096546 ] } },
{ "type": "Feature", "properties": { "node_id": "6814306900", "street_count": 4 }, "geometry": { "type": "Point", "coordinates": [ -73.9564684, 40.8056982 ] } },
{ "type": "Feature", "properties": { "node_id": "1774036490", "street_count": 4 }, "geometry": { "type": "Point", "coordinates": [ -73.9572908, 40.808352 ] } },
{ "type": "Feature", "properties": { "node_id": "3271250940", "street_count": 3 }, "geometry": { "type": "Point", "coordinates": [ -73.9616503, 40.8096834 ] } },
{ "type": "Feature", "properties": { "node_id": "6814262781", "street_count": 4 }, "geometry": { "type": "Point", "coordinates": [ -73.9623883, 40.804771 ] } },
{ "type": "Feature", "properties": { "node_id": "6818442834", "street_count": 3 }, "geometry": { "type": "Point", "coordinates": [ -73.9608351, 40.8029207 ] } },
{ "type": "Feature", "properties": { "node_id": "8807524521", "street_count": 4 }, "geometry": { "type": "Point", "coordinates": [ -73.9502107, 40.8014402 ] } },
{ "type": "Feature", "properties": { "node_id": "561035344", "street_count": 4 }, "geometry": { "type": "Point", "coordinates": [ -73.9577315, 40.8162833 ] } },
{ "type": "Feature", "properties": { "node_id": "2308955248", "street_count": 4 }, "geometry": { "type": "Point", "coordinates": [ -73.9623663, 40.8075087 ] } },
{ "type": "Feature", "properties": { "node_id": "2329911903", "street_count": 3 }, "geometry": { "type": "Point", "coordinates": [ -73.9709967, 40.802732 ] } },
{ "type": "Feature", "properties": { "node_id": "13435248275", "street_count": 4 }, "geometry": { "type": "Point", "coordinates": [ -73.9659856, 40.8048091 ] } },
{ "type": "Feature", "properties": { "node_id": "7784826650", "street_count": 3 }, "geometry": { "type": "Point", "coordinates": [ -73.9599736, 40.7979036 ] } },
{ "type": "Feature", "properties": { "node_id": "7935304708", "street_count": 3 }, "geometry": { "type": "Point", "coordinates": [ -73.9684105, 40.807924 ] } },
{ "type": "Feature", "properties": { "node_id": "10055186137", "street_count": 3 }, "geometry": { "type": "Point", "coordinates": [ -73.9724155, 40.8017118 ] } },
{ "type": "Feature", "properties": { "node_id": "3704337150", "street_count": 3 }, "geometry": { "type": "Point", "coordinates": [ -73.9701658, 40.8033699 ] } },
{ "type": "Feature", "properties": { "node_id": "10128823992", "street_count": 4 }, "geometry": { "type": "Point", "coordinates": [ -73.957126, 40.8176375 ] } },
{ "type": "Feature", "properties": { "node_id": "7802964909", "street_count": 4 }, "geometry": { "type": "Point", "coordinates": [ -73.9521274, 40.7988185 ] } },
{ "type": "Feature", "properties": { "node_id": "6831699330", "street_count": 3 }, "geometry": { "type": "Point", "coordinates": [ -73.9629748, 40.8066729 ] } },
{ "type": "Feature", "properties": { "node_id": "10129081627", "street_count": 4 }, "geometry": { "type": "Point", "coordinates": [ -73.9565433, 40.8182807 ] } },
{ "type": "Feature", "properties": { "node_id": "2329912175", "street_count": 4 }, "geometry": { "type": "Point", "coordinates": [ -73.9650921, 40.8111497 ] } },
{ "type": "Feature", "properties": { "node_id": "10171069646", "street_count": 4 }, "geometry": { "type": "Point", "coordinates": [ -73.9552658, 40.8094471 ] } },
{ "type": "Feature", "properties": { "node_id": "10055123056", "street_count": 4 }, "geometry": { "type": "Point", "coordinates": [ -73.9549543, 40.8151728 ] } },
{ "type": "Feature", "properties": { "node_id": "6791440528", "street_count": 4 }, "geometry": { "type": "Point", "coordinates": [ -73.9576746, 40.8087928 ] } },
{ "type": "Feature", "properties": { "node_id": "13703485700", "street_count": 4 }, "geometry": { "type": "Point", "coordinates": [ -73.9502996, 40.8106174 ] } },
{ "type": "Feature", "properties": { "node_id": "7571410094", "street_count": 3 }, "geometry": { "type": "Point", "coordinates": [ -73.9666838, 40.7976818 ] } },
{ "type": "Feature", "properties": { "node_id": "7598641861", "street_count": 3 }, "geometry": { "type": "Point", "coordinates": [ -73.9582031, 40.8140565 ] } },
{ "type": "Feature", "properties": { "node_id": "7123427503", "street_count": 4 }, "geometry": { "type": "Point", "coordinates": [ -73.9578939, 40.811381 ] } },
{ "type": "Feature", "properties": { "node_id": "1203883850", "street_count": 3 }, "geometry": { "type": "Point", "coordinates": [ -73.9577123, 40.7967759 ] } },
{ "type": "Feature", "properties": { "node_id": "4302967200", "street_count": 3 }, "geometry": { "type": "Point", "coordinates": [ -73.9560849, 40.7982633 ] } },
{ "type": "Feature", "properties": { "node_id": "11296188168", "street_count": 4 }, "geometry": { "type": "Point", "coordinates": [ -73.9586408, 40.8023854 ] } },
{ "type": "Feature", "properties": { "node_id": "764744759", "street_count": 3 }, "geometry": { "type": "Point", "coordinates": [ -73.9612924, 40.8184772 ] } },
{ "type": "Feature", "properties": { "node_id": "8807524549", "street_count": 3 }, "geometry": { "type": "Point", "coordinates": [ -73.9504851, 40.8005956 ] } },
{ "type": "Feature", "properties": { "node_id": "42442578", "street_count": 1 }, "geometry": { "type": "Point", "coordinates": [ -73.9596506, 40.8087553 ] } },
{ "type": "Feature", "properties": { "node_id": "11998058281", "street_count": 4 }, "geometry": { "type": "Point", "coordinates": [ -73.9605706, 40.8035981 ] } },
{ "type": "Feature", "properties": { "node_id": "10171865569", "street_count": 4 }, "geometry": { "type": "Point", "coordinates": [ -73.9502749, 40.8130564 ] } },
{ "type": "Feature", "properties": { "node_id": "8807524609", "street_count": 3 }, "geometry": { "type": "Point", "coordinates": [ -73.9509911, 40.7998891 ] } },
{ "type": "Feature", "properties": { "node_id": "12818423316", "street_count": 3 }, "geometry": { "type": "Point", "coordinates": [ -73.9570476, 40.7998766 ] } },
{ "type": "Feature", "properties": { "node_id": "10171102341", "street_count": 4 }, "geometry": { "type": "Point", "coordinates": [ -73.9529114, 40.8051756 ] } },
{ "type": "Feature", "properties": { "node_id": "10170606879", "street_count": 4 }, "geometry": { "type": "Point", "coordinates": [ -73.954163, 40.8013192 ] } },
{ "type": "Feature", "properties": { "node_id": "13435248267", "street_count": 4 }, "geometry": { "type": "Point", "coordinates": [ -73.9623374, 40.8105224 ] } },
{ "type": "Feature", "properties": { "node_id": "12998397970", "street_count": 4 }, "geometry": { "type": "Point", "coordinates": [ -73.9528147, 40.8025308 ] } },
{ "type": "Feature", "properties": { "node_id": "10171865566", "street_count": 4 }, "geometry": { "type": "Point", "coordinates": [ -73.9508656, 40.8126371 ] } },
{ "type": "Feature", "properties": { "node_id": "4302967217", "street_count": 3 }, "geometry": { "type": "Point", "coordinates": [ -73.9560729, 40.7983399 ] } },
{ "type": "Feature", "properties": { "node_id": "10054975852", "street_count": 3 }, "geometry": { "type": "Point", "coordinates": [ -73.9565117, 40.8158299 ] } },
{ "type": "Feature", "properties": { "node_id": "6886294953", "street_count": 4 }, "geometry": { "type": "Point", "coordinates": [ -73.9579817, 40.8112619 ] } },
{ "type": "Feature", "properties": { "node_id": "7571410101", "street_count": 3 }, "geometry": { "type": "Point", "coordinates": [ -73.9660823, 40.7973817 ] } },
{ "type": "Feature", "properties": { "node_id": "2329798661", "street_count": 3 }, "geometry": { "type": "Point", "coordinates": [ -73.9746439, 40.7983268 ] } },
{ "type": "Feature", "properties": { "node_id": "6912871495", "street_count": 1 }, "geometry": { "type": "Point", "coordinates": [ -73.9702404, 40.8017886 ] } },
{ "type": "Feature", "properties": { "node_id": "10170980698", "street_count": 4 }, "geometry": { "type": "Point", "coordinates": [ -73.9697605, 40.7970839 ] } },
{ "type": "Feature", "properties": { "node_id": "11803957866", "street_count": 4 }, "geometry": { "type": "Point", "coordinates": [ -73.9683264, 40.7990962 ] } },
{ "type": "Feature", "properties": { "node_id": "11952891940", "street_count": 3 }, "geometry": { "type": "Point", "coordinates": [ -73.960303, 40.8043923 ] } },
{ "type": "Feature", "properties": { "node_id": "9518300225", "street_count": 4 }, "geometry": { "type": "Point", "coordinates": [ -73.9622528, 40.8122266 ] } },
{ "type": "Feature", "properties": { "node_id": "6814306904", "street_count": 4 }, "geometry": { "type": "Point", "coordinates": [ -73.9571779, 40.8068212 ] } },
{ "type": "Feature", "properties": { "node_id": "7784826667", "street_count": 4 }, "geometry": { "type": "Point", "coordinates": [ -73.9522152, 40.7982508 ] } },
{ "type": "Feature", "properties": { "node_id": "6838998745", "street_count": 1 }, "geometry": { "type": "Point", "coordinates": [ -73.9622828, 40.8060112 ] } },
{ "type": "Feature", "properties": { "node_id": "10050024775", "street_count": 3 }, "geometry": { "type": "Point", "coordinates": [ -73.9608333, 40.8141652 ] } },
{ "type": "Feature", "properties": { "node_id": "10168029017", "street_count": 4 }, "geometry": { "type": "Point", "coordinates": [ -73.9540266, 40.8064574 ] } },
{ "type": "Feature", "properties": { "node_id": "4302966575", "street_count": 3 }, "geometry": { "type": "Point", "coordinates": [ -73.9598784, 40.7967643 ] } },
{ "type": "Feature", "properties": { "node_id": "10171363564", "street_count": 4 }, "geometry": { "type": "Point", "coordinates": [ -73.9615451, 40.8012953 ] } },
{ "type": "Feature", "properties": { "node_id": "42441251", "street_count": 1 }, "geometry": { "type": "Point", "coordinates": [ -73.9639023, 40.8124025 ] } },
{ "type": "Feature", "properties": { "node_id": "8758345338", "street_count": 4 }, "geometry": { "type": "Point", "coordinates": [ -73.9518409, 40.8038194 ] } },
{ "type": "Feature", "properties": { "node_id": "10129081626", "street_count": 4 }, "geometry": { "type": "Point", "coordinates": [ -73.9563276, 40.8182062 ] } },
{ "type": "Feature", "properties": { "node_id": "2340960683", "street_count": 3 }, "geometry": { "type": "Point", "coordinates": [ -73.9605519, 40.8093561 ] } },
{ "type": "Feature", "properties": { "node_id": "10055186135", "street_count": 3 }, "geometry": { "type": "Point", "coordinates": [ -73.9729278, 40.8009763 ] } },
{ "type": "Feature", "properties": { "node_id": "10173362953", "street_count": 4 }, "geometry": { "type": "Point", "coordinates": [ -73.955334, 40.814436 ] } },
{ "type": "Feature", "properties": { "node_id": "10166004087", "street_count": 4 }, "geometry": { "type": "Point", "coordinates": [ -73.9696769, 40.800332 ] } },
{ "type": "Feature", "properties": { "node_id": "10055041218", "street_count": 4 }, "geometry": { "type": "Point", "coordinates": [ -73.9547917, 40.8166862 ] } },
{ "type": "Feature", "properties": { "node_id": "10171241050", "street_count": 4 }, "geometry": { "type": "Point", "coordinates": [ -73.9604611, 40.7998686 ] } },
{ "type": "Feature", "properties": { "node_id": "10170977545", "street_count": 4 }, "geometry": { "type": "Point", "coordinates": [ -73.9528436, 40.818286 ] } },
{ "type": "Feature", "properties": { "node_id": "3347295529", "street_count": 4 }, "geometry": { "type": "Point", "coordinates": [ -73.962308, 40.8075899 ] } },
{ "type": "Feature", "properties": { "node_id": "1684212032", "street_count": 4 }, "geometry": { "type": "Point", "coordinates": [ -73.9746082, 40.7967771 ] } },
{ "type": "Feature", "properties": { "node_id": "10170606880", "street_count": 4 }, "geometry": { "type": "Point", "coordinates": [ -73.9537844, 40.8011595 ] } },
{ "type": "Feature", "properties": { "node_id": "10171865571", "street_count": 3 }, "geometry": { "type": "Point", "coordinates": [ -73.9504127, 40.8132679 ] } },
{ "type": "Feature", "properties": { "node_id": "2308955229", "street_count": 3 }, "geometry": { "type": "Point", "coordinates": [ -73.9627297, 40.8077689 ] } },
{ "type": "Feature", "properties": { "node_id": "2329798679", "street_count": 3 }, "geometry": { "type": "Point", "coordinates": [ -73.9743746, 40.7987512 ] } },
{ "type": "Feature", "properties": { "node_id": "7323388282", "street_count": 3 }, "geometry": { "type": "Point", "coordinates": [ -73.9583098, 40.8118965 ] } },
{ "type": "Feature", "properties": { "node_id": "10170704052", "street_count": 4 }, "geometry": { "type": "Point", "coordinates": [ -73.9664394, 40.8041827 ] } },
{ "type": "Feature", "properties": { "node_id": "5895455155", "street_count": 3 }, "geometry": { "type": "Point", "coordinates": [ -73.9637088, 40.809022 ] } },
{ "type": "Feature", "properties": { "node_id": "7571410093", "street_count": 3 }, "geometry": { "type": "Point", "coordinates": [ -73.9663602, 40.7981502 ] } },
{ "type": "Feature", "properties": { "node_id": "10171508882", "street_count": 4 }, "geometry": { "type": "Point", "coordinates": [ -73.9525145, 40.8108721 ] } },
{ "type": "Feature", "properties": { "node_id": "10055041227", "street_count": 3 }, "geometry": { "type": "Point", "coordinates": [ -73.954498, 40.8170654 ] } },
{ "type": "Feature", "properties": { "node_id": "10171865575", "street_count": 4 }, "geometry": { "type": "Point", "coordinates": [ -73.9513125, 40.8120237 ] } },
{ "type": "Feature", "properties": { "node_id": "11953254607", "street_count": 3 }, "geometry": { "type": "Point", "coordinates": [ -73.9634272, 40.8102841 ] } },
{ "type": "Feature", "properties": { "node_id": "2329798975", "street_count": 3 }, "geometry": { "type": "Point", "coordinates": [ -73.9698326, 40.8054681 ] } },
{ "type": "Feature", "properties": { "node_id": "4302966781", "street_count": 1 }, "geometry": { "type": "Point", "coordinates": [ -73.9598081, 40.7970244 ] } },
{ "type": "Feature", "properties": { "node_id": "12814803319", "street_count": 3 }, "geometry": { "type": "Point", "coordinates": [ -73.9541629, 40.7967429 ] } },
{ "type": "Feature", "properties": { "node_id": "6793779204", "street_count": 3 }, "geometry": { "type": "Point", "coordinates": [ -73.9582627, 40.8074225 ] } },
{ "type": "Feature", "properties": { "node_id": "10170980691", "street_count": 4 }, "geometry": { "type": "Point", "coordinates": [ -73.9701277, 40.7965624 ] } },
{ "type": "Feature", "properties": { "node_id": "4401269638", "street_count": 3 }, "geometry": { "type": "Point", "coordinates": [ -73.9639015, 40.8071259 ] } },
{ "type": "Feature", "properties": { "node_id": "7024230446", "street_count": 1 }, "geometry": { "type": "Point", "coordinates": [ -73.9578742, 40.8009879 ] } },
{ "type": "Feature", "properties": { "node_id": "7372610413", "street_count": 3 }, "geometry": { "type": "Point", "coordinates": [ -73.9607892, 40.8029596 ] } },
{ "type": "Feature", "properties": { "node_id": "42434098", "street_count": 4 }, "geometry": { "type": "Point", "coordinates": [ -73.9531759, 40.8175891 ] } },
{ "type": "Feature", "properties": { "node_id": "7209676817", "street_count": 1 }, "geometry": { "type": "Point", "coordinates": [ -73.9622569, 40.8024836 ] } },
{ "type": "Feature", "properties": { "node_id": "8379839195", "street_count": 3 }, "geometry": { "type": "Point", "coordinates": [ -73.9601549, 40.8048117 ] } },
{ "type": "Feature", "properties": { "node_id": "2308955276", "street_count": 3 }, "geometry": { "type": "Point", "coordinates": [ -73.9621767, 40.8085251 ] } },
{ "type": "Feature", "properties": { "node_id": "7785881433", "street_count": 3 }, "geometry": { "type": "Point", "coordinates": [ -73.9675102, 40.8071052 ] } },
{ "type": "Feature", "properties": { "node_id": "7732571917", "street_count": 3 }, "geometry": { "type": "Point", "coordinates": [ -73.9602609, 40.818157 ] } },
{ "type": "Feature", "properties": { "node_id": "410368053", "street_count": 3 }, "geometry": { "type": "Point", "coordinates": [ -73.958229, 40.7971895 ] } },
{ "type": "Feature", "properties": { "node_id": "7785880672", "street_count": 3 }, "geometry": { "type": "Point", "coordinates": [ -73.9680157, 40.8048142 ] } },
{ "type": "Feature", "properties": { "node_id": "10050042193", "street_count": 3 }, "geometry": { "type": "Point", "coordinates": [ -73.9622873, 40.8124281 ] } },
{ "type": "Feature", "properties": { "node_id": "8376008909", "street_count": 3 }, "geometry": { "type": "Point", "coordinates": [ -73.9575503, 40.808536 ] } },
{ "type": "Feature", "properties": { "node_id": "8835729571", "street_count": 4 }, "geometry": { "type": "Point", "coordinates": [ -73.952195, 40.817185 ] } },
{ "type": "Feature", "properties": { "node_id": "9654214271", "street_count": 3 }, "geometry": { "type": "Point", "coordinates": [ -73.9669653, 40.7985166 ] } },
{ "type": "Feature", "properties": { "node_id": "11840444650", "street_count": 4 }, "geometry": { "type": "Point", "coordinates": [ -73.9548167, 40.8076133 ] } },
{ "type": "Feature", "properties": { "node_id": "13033313006", "street_count": 4 }, "geometry": { "type": "Point", "coordinates": [ -73.9522765, 40.7990192 ] } },
{ "type": "Feature", "properties": { "node_id": "10054994671", "street_count": 3 }, "geometry": { "type": "Point", "coordinates": [ -73.9624374, 40.8149728 ] } },
{ "type": "Feature", "properties": { "node_id": "7209676822", "street_count": 1 }, "geometry": { "type": "Point", "coordinates": [ -73.9621156, 40.8024234 ] } },
{ "type": "Feature", "properties": { "node_id": "10129073613", "street_count": 4 }, "geometry": { "type": "Point", "coordinates": [ -73.9566323, 40.8183115 ] } },
{ "type": "Feature", "properties": { "node_id": "6886295089", "street_count": 3 }, "geometry": { "type": "Point", "coordinates": [ -73.9604905, 40.8123219 ] } },
{ "type": "Feature", "properties": { "node_id": "8807518816", "street_count": 3 }, "geometry": { "type": "Point", "coordinates": [ -73.950929, 40.7999759 ] } },
{ "type": "Feature", "properties": { "node_id": "7802964947", "street_count": 4 }, "geometry": { "type": "Point", "coordinates": [ -73.9515275, 40.7993864 ] } },
{ "type": "Feature", "properties": { "node_id": "1203884134", "street_count": 3 }, "geometry": { "type": "Point", "coordinates": [ -73.9579411, 40.7995283 ] } },
{ "type": "Feature", "properties": { "node_id": "7732654931", "street_count": 5 }, "geometry": { "type": "Point", "coordinates": [ -73.9579439, 40.8163681 ] } },
{ "type": "Feature", "properties": { "node_id": "9518300235", "street_count": 3 }, "geometry": { "type": "Point", "coordinates": [ -73.9618171, 40.811235 ] } },
{ "type": "Feature", "properties": { "node_id": "2308955256", "street_count": 3 }, "geometry": { "type": "Point", "coordinates": [ -73.9615551, 40.8095024 ] } },
{ "type": "Feature", "properties": { "node_id": "7323390388", "street_count": 3 }, "geometry": { "type": "Point", "coordinates": [ -73.9582493, 40.8117833 ] } },
{ "type": "Feature", "properties": { "node_id": "11296200792", "street_count": 4 }, "geometry": { "type": "Point", "coordinates": [ -73.9580895, 40.8031255 ] } },
{ "type": "Feature", "properties": { "node_id": "2340960663", "street_count": 3 }, "geometry": { "type": "Point", "coordinates": [ -73.9612085, 40.8086201 ] } },
{ "type": "Feature", "properties": { "node_id": "8795723385", "street_count": 3 }, "geometry": { "type": "Point", "coordinates": [ -73.9579154, 40.815046 ] } },
{ "type": "Feature", "properties": { "node_id": "6831699320", "street_count": 3 }, "geometry": { "type": "Point", "coordinates": [ -73.9623814, 40.8072684 ] } },
{ "type": "Feature", "properties": { "node_id": "3579426933", "street_count": 3 }, "geometry": { "type": "Point", "coordinates": [ -73.9505857, 40.8145637 ] } },
{ "type": "Feature", "properties": { "node_id": "10168010396", "street_count": 4 }, "geometry": { "type": "Point", "coordinates": [ -73.9558084, 40.8062488 ] } },
{ "type": "Feature", "properties": { "node_id": "11298595026", "street_count": 4 }, "geometry": { "type": "Point", "coordinates": [ -73.9510484, 40.8126276 ] } },
{ "type": "Feature", "properties": { "node_id": "9150563666", "street_count": 4 }, "geometry": { "type": "Point", "coordinates": [ -73.9545542, 40.8007989 ] } },
{ "type": "Feature", "properties": { "node_id": "7784826637", "street_count": 4 }, "geometry": { "type": "Point", "coordinates": [ -73.960952, 40.7968042 ] } },
{ "type": "Feature", "properties": { "node_id": "7124965421", "street_count": 3 }, "geometry": { "type": "Point", "coordinates": [ -73.9546577, 40.8155777 ] } },
{ "type": "Feature", "properties": { "node_id": "10168029054", "street_count": 4 }, "geometry": { "type": "Point", "coordinates": [ -73.9541664, 40.8088382 ] } },
{ "type": "Feature", "properties": { "node_id": "8251054470", "street_count": 3 }, "geometry": { "type": "Point", "coordinates": [ -73.9625822, 40.8045057 ] } },
{ "type": "Feature", "properties": { "node_id": "10054975834", "street_count": 3 }, "geometry": { "type": "Point", "coordinates": [ -73.9557372, 40.8169215 ] } },
{ "type": "Feature", "properties": { "node_id": "10171219253", "street_count": 4 }, "geometry": { "type": "Point", "coordinates": [ -73.95069, 40.805877 ] } },
{ "type": "Feature", "properties": { "node_id": "7785880669", "street_count": 4 }, "geometry": { "type": "Point", "coordinates": [ -73.9680061, 40.8046313 ] } },
{ "type": "Feature", "properties": { "node_id": "2340960641", "street_count": 1 }, "geometry": { "type": "Point", "coordinates": [ -73.9633966, 40.808206 ] } },
{ "type": "Feature", "properties": { "node_id": "10171069695", "street_count": 4 }, "geometry": { "type": "Point", "coordinates": [ -73.9532215, 40.8101529 ] } },
{ "type": "Feature", "properties": { "node_id": "7802964910", "street_count": 4 }, "geometry": { "type": "Point", "coordinates": [ -73.9517554, 40.7994833 ] } },
{ "type": "Feature", "properties": { "node_id": "1203883604", "street_count": 3 }, "geometry": { "type": "Point", "coordinates": [ -73.9581402, 40.7998595 ] } },
{ "type": "Feature", "properties": { "node_id": "10171069647", "street_count": 4 }, "geometry": { "type": "Point", "coordinates": [ -73.9553474, 40.8093338 ] } },
{ "type": "Feature", "properties": { "node_id": "7571274525", "street_count": 1 }, "geometry": { "type": "Point", "coordinates": [ -73.966329, 40.7973937 ] } },
{ "type": "Feature", "properties": { "node_id": "1203884097", "street_count": 3 }, "geometry": { "type": "Point", "coordinates": [ -73.9556289, 40.7993617 ] } },
{ "type": "Feature", "properties": { "node_id": "10054975838", "street_count": 3 }, "geometry": { "type": "Point", "coordinates": [ -73.9561891, 40.8163861 ] } },
{ "type": "Feature", "properties": { "node_id": "4635926113", "street_count": 3 }, "geometry": { "type": "Point", "coordinates": [ -73.9621028, 40.8027023 ] } },
{ "type": "Feature", "properties": { "node_id": "7785881417", "street_count": 4 }, "geometry": { "type": "Point", "coordinates": [ -73.9679861, 40.8058511 ] } },
{ "type": "Feature", "properties": { "node_id": "11185663341", "street_count": 4 }, "geometry": { "type": "Point", "coordinates": [ -73.9579614, 40.8163108 ] } },
{ "type": "Feature", "properties": { "node_id": "8807524527", "street_count": 4 }, "geometry": { "type": "Point", "coordinates": [ -73.9506026, 40.800645 ] } },
{ "type": "Feature", "properties": { "node_id": "42434101", "street_count": 3 }, "geometry": { "type": "Point", "coordinates": [ -73.9552918, 40.818484 ] } },
{ "type": "Feature", "properties": { "node_id": "11296200779", "street_count": 4 }, "geometry": { "type": "Point", "coordinates": [ -73.9567427, 40.8009139 ] } },
{ "type": "Feature", "properties": { "node_id": "10171865601", "street_count": 4 }, "geometry": { "type": "Point", "coordinates": [ -73.9513891, 40.8135952 ] } },
{ "type": "Feature", "properties": { "node_id": "10171069667", "street_count": 4 }, "geometry": { "type": "Point", "coordinates": [ -73.9528546, 40.8092417 ] } },
{ "type": "Feature", "properties": { "node_id": "10171069673", "street_count": 4 }, "geometry": { "type": "Point", "coordinates": [ -73.9531662, 40.8093896 ] } },
{ "type": "Feature", "properties": { "node_id": "9654489350", "street_count": 4 }, "geometry": { "type": "Point", "coordinates": [ -73.9663235, 40.7974983 ] } },
{ "type": "Feature", "properties": { "node_id": "7935304709", "street_count": 4 }, "geometry": { "type": "Point", "coordinates": [ -73.9682234, 40.8078608 ] } },
{ "type": "Feature", "properties": { "node_id": "11892663524", "street_count": 4 }, "geometry": { "type": "Point", "coordinates": [ -73.9709958, 40.8008798 ] } },
{ "type": "Feature", "properties": { "node_id": "42439371", "street_count": 3 }, "geometry": { "type": "Point", "coordinates": [ -73.953623, 40.8103252 ] } },
{ "type": "Feature", "properties": { "node_id": "8795723384", "street_count": 4 }, "geometry": { "type": "Point", "coordinates": [ -73.9578749, 40.8152195 ] } },
{ "type": "Feature", "properties": { "node_id": "10168029020", "street_count": 4 }, "geometry": { "type": "Point", "coordinates": [ -73.9536582, 40.8069791 ] } },
{ "type": "Feature", "properties": { "node_id": "12998517242", "street_count": 4 }, "geometry": { "type": "Point", "coordinates": [ -73.9527877, 40.8032233 ] } },
{ "type": "Feature", "properties": { "node_id": "5924124671", "street_count": 3 }, "geometry": { "type": "Point", "coordinates": [ -73.9623122, 40.8060978 ] } },
{ "type": "Feature", "properties": { "node_id": "3271250939", "street_count": 1 }, "geometry": { "type": "Point", "coordinates": [ -73.9640046, 40.8075558 ] } },
{ "type": "Feature", "properties": { "node_id": "7024563821", "street_count": 4 }, "geometry": { "type": "Point", "coordinates": [ -73.9507985, 40.8184423 ] } },
{ "type": "Feature", "properties": { "node_id": "3602679364", "street_count": 3 }, "geometry": { "type": "Point", "coordinates": [ -73.9606066, 40.7976032 ] } },
{ "type": "Feature", "properties": { "node_id": "2635794215", "street_count": 3 }, "geometry": { "type": "Point", "coordinates": [ -73.961101, 40.8074782 ] } },
{ "type": "Feature", "properties": { "node_id": "10049860714", "street_count": 3 }, "geometry": { "type": "Point", "coordinates": [ -73.9616326, 40.818055 ] } },
{ "type": "Feature", "properties": { "node_id": "6838998747", "street_count": 3 }, "geometry": { "type": "Point", "coordinates": [ -73.9622678, 40.8060309 ] } },
{ "type": "Feature", "properties": { "node_id": "10171187069", "street_count": 4 }, "geometry": { "type": "Point", "coordinates": [ -73.9664694, 40.8048641 ] } },
{ "type": "Feature", "properties": { "node_id": "9520172547", "street_count": 1 }, "geometry": { "type": "Point", "coordinates": [ -73.9627203, 40.8062681 ] } },
{ "type": "Feature", "properties": { "node_id": "7571410106", "street_count": 1 }, "geometry": { "type": "Point", "coordinates": [ -73.965271, 40.7979269 ] } },
{ "type": "Feature", "properties": { "node_id": "7785782258", "street_count": 3 }, "geometry": { "type": "Point", "coordinates": [ -73.9705941, 40.8024079 ] } },
{ "type": "Feature", "properties": { "node_id": "5994483991", "street_count": 3 }, "geometry": { "type": "Point", "coordinates": [ -73.9638426, 40.8084682 ] } },
{ "type": "Feature", "properties": { "node_id": "10171865574", "street_count": 4 }, "geometry": { "type": "Point", "coordinates": [ -73.9503836, 40.813125 ] } },
{ "type": "Feature", "properties": { "node_id": "10049953217", "street_count": 4 }, "geometry": { "type": "Point", "coordinates": [ -73.959516, 40.8170315 ] } },
{ "type": "Feature", "properties": { "node_id": "11851500956", "street_count": 3 }, "geometry": { "type": "Point", "coordinates": [ -73.9627273, 40.8099903 ] } },
{ "type": "Feature", "properties": { "node_id": "2329798970", "street_count": 3 }, "geometry": { "type": "Point", "coordinates": [ -73.9697211, 40.8054278 ] } },
{ "type": "Feature", "properties": { "node_id": "10171069633", "street_count": 4 }, "geometry": { "type": "Point", "coordinates": [ -73.9546704, 40.8106922 ] } },
{ "type": "Feature", "properties": { "node_id": "11209021445", "street_count": 3 }, "geometry": { "type": "Point", "coordinates": [ -73.9674962, 40.8061855 ] } },
{ "type": "Feature", "properties": { "node_id": "4078840324", "street_count": 3 }, "geometry": { "type": "Point", "coordinates": [ -73.951706, 40.8130295 ] } },
{ "type": "Feature", "properties": { "node_id": "3898480562", "street_count": 4 }, "geometry": { "type": "Point", "coordinates": [ -73.9513914, 40.8165596 ] } },
{ "type": "Feature", "properties": { "node_id": "10128811417", "street_count": 4 }, "geometry": { "type": "Point", "coordinates": [ -73.9571723, 40.8175783 ] } },
{ "type": "Feature", "properties": { "node_id": "10170893921", "street_count": 4 }, "geometry": { "type": "Point", "coordinates": [ -73.9643926, 40.8024893 ] } },
{ "type": "Feature", "properties": { "node_id": "3088565345", "street_count": 3 }, "geometry": { "type": "Point", "coordinates": [ -73.9670634, 40.8083554 ] } },
{ "type": "Feature", "properties": { "node_id": "10128735834", "street_count": 3 }, "geometry": { "type": "Point", "coordinates": [ -73.9614023, 40.8167466 ] } },
{ "type": "Feature", "properties": { "node_id": "10055186159", "street_count": 1 }, "geometry": { "type": "Point", "coordinates": [ -73.9705969, 40.8047032 ] } },
{ "type": "Feature", "properties": { "node_id": "1203883693", "street_count": 3 }, "geometry": { "type": "Point", "coordinates": [ -73.9550349, 40.799064 ] } },
{ "type": "Feature", "properties": { "node_id": "10054975844", "street_count": 3 }, "geometry": { "type": "Point", "coordinates": [ -73.9554384, 40.8175771 ] } },
{ "type": "Feature", "properties": { "node_id": "2340960638", "street_count": 4 }, "geometry": { "type": "Point", "coordinates": [ -73.9631131, 40.808094 ] } },
{ "type": "Feature", "properties": { "node_id": "7934826779", "street_count": 3 }, "geometry": { "type": "Point", "coordinates": [ -73.9676539, 40.8090386 ] } },
{ "type": "Feature", "properties": { "node_id": "4786386654", "street_count": 3 }, "geometry": { "type": "Point", "coordinates": [ -73.9621407, 40.8026433 ] } },
{ "type": "Feature", "properties": { "node_id": "8376008905", "street_count": 4 }, "geometry": { "type": "Point", "coordinates": [ -73.9577759, 40.8085954 ] } },
{ "type": "Feature", "properties": { "node_id": "12998517238", "street_count": 4 }, "geometry": { "type": "Point", "coordinates": [ -73.952397, 40.8030526 ] } },
{ "type": "Feature", "properties": { "node_id": "8758287374", "street_count": 4 }, "geometry": { "type": "Point", "coordinates": [ -73.9513053, 40.8052364 ] } },
{ "type": "Feature", "properties": { "node_id": "10129081827", "street_count": 4 }, "geometry": { "type": "Point", "coordinates": [ -73.9587328, 40.8175109 ] } },
{ "type": "Feature", "properties": { "node_id": "10050007137", "street_count": 3 }, "geometry": { "type": "Point", "coordinates": [ -73.9589622, 40.8144184 ] } },
{ "type": "Feature", "properties": { "node_id": "10173400454", "street_count": 4 }, "geometry": { "type": "Point", "coordinates": [ -73.9557775, 40.8036513 ] } },
{ "type": "Feature", "properties": { "node_id": "11867354046", "street_count": 3 }, "geometry": { "type": "Point", "coordinates": [ -73.9682704, 40.8048004 ] } },
{ "type": "Feature", "properties": { "node_id": "11296200788", "street_count": 4 }, "geometry": { "type": "Point", "coordinates": [ -73.9585553, 40.8024954 ] } },
{ "type": "Feature", "properties": { "node_id": "7918859248", "street_count": 1 }, "geometry": { "type": "Point", "coordinates": [ -73.9571368, 40.8166713 ] } },
{ "type": "Feature", "properties": { "node_id": "6244980547", "street_count": 3 }, "geometry": { "type": "Point", "coordinates": [ -73.9619362, 40.8134686 ] } },
{ "type": "Feature", "properties": { "node_id": "2340960659", "street_count": 3 }, "geometry": { "type": "Point", "coordinates": [ -73.9619547, 40.8085429 ] } },
{ "type": "Feature", "properties": { "node_id": "7571274535", "street_count": 1 }, "geometry": { "type": "Point", "coordinates": [ -73.9664605, 40.7982776 ] } },
{ "type": "Feature", "properties": { "node_id": "10128823994", "street_count": 4 }, "geometry": { "type": "Point", "coordinates": [ -73.9567958, 40.8175732 ] } },
{ "type": "Feature", "properties": { "node_id": "10170606865", "street_count": 4 }, "geometry": { "type": "Point", "coordinates": [ -73.956246, 40.8030259 ] } },
{ "type": "Feature", "properties": { "node_id": "1792516995", "street_count": 3 }, "geometry": { "type": "Point", "coordinates": [ -73.9589649, 40.8057454 ] } },
{ "type": "Feature", "properties": { "node_id": "1774036694", "street_count": 3 }, "geometry": { "type": "Point", "coordinates": [ -73.9554076, 40.8100139 ] } },
{ "type": "Feature", "properties": { "node_id": "10171129702", "street_count": 4 }, "geometry": { "type": "Point", "coordinates": [ -73.9506982, 40.8184046 ] } },
{ "type": "Feature", "properties": { "node_id": "10055069511", "street_count": 4 }, "geometry": { "type": "Point", "coordinates": [ -73.9563742, 40.8150317 ] } },
{ "type": "Feature", "properties": { "node_id": "11845848043", "street_count": 1 }, "geometry": { "type": "Point", "coordinates": [ -73.9659444, 40.8040116 ] } },
{ "type": "Feature", "properties": { "node_id": "10172883025", "street_count": 4 }, "geometry": { "type": "Point", "coordinates": [ -73.9513429, 40.8051844 ] } },
{ "type": "Feature", "properties": { "node_id": "5481863731", "street_count": 3 }, "geometry": { "type": "Point", "coordinates": [ -73.9532105, 40.8119103 ] } },
{ "type": "Feature", "properties": { "node_id": "11378511131", "street_count": 4 }, "geometry": { "type": "Point", "coordinates": [ -73.9643299, 40.8106587 ] } },
{ "type": "Feature", "properties": { "node_id": "12027161903", "street_count": 3 }, "geometry": { "type": "Point", "coordinates": [ -73.9585074, 40.8143611 ] } },
{ "type": "Feature", "properties": { "node_id": "42426374", "street_count": 3 }, "geometry": { "type": "Point", "coordinates": [ -73.952396, 40.7982188 ] } },
{ "type": "Feature", "properties": { "node_id": "6868145379", "street_count": 1 }, "geometry": { "type": "Point", "coordinates": [ -73.9613738, 40.8135072 ] } },
{ "type": "Feature", "properties": { "node_id": "6814262783", "street_count": 4 }, "geometry": { "type": "Point", "coordinates": [ -73.9639255, 40.8031424 ] } },
{ "type": "Feature", "properties": { "node_id": "10171219239", "street_count": 4 }, "geometry": { "type": "Point", "coordinates": [ -73.9526732, 40.805739 ] } },
{ "type": "Feature", "properties": { "node_id": "10171508870", "street_count": 4 }, "geometry": { "type": "Point", "coordinates": [ -73.9508177, 40.810901 ] } },
{ "type": "Feature", "properties": { "node_id": "410368082", "street_count": 3 }, "geometry": { "type": "Point", "coordinates": [ -73.9555554, 40.7978705 ] } },
{ "type": "Feature", "properties": { "node_id": "3704337165", "street_count": 3 }, "geometry": { "type": "Point", "coordinates": [ -73.9688861, 40.8067305 ] } },
{ "type": "Feature", "properties": { "node_id": "2058919888", "street_count": 4 }, "geometry": { "type": "Point", "coordinates": [ -73.9512463, 40.7971707 ] } },
{ "type": "Feature", "properties": { "node_id": "7801840674", "street_count": 3 }, "geometry": { "type": "Point", "coordinates": [ -73.9580097, 40.8002595 ] } },
{ "type": "Feature", "properties": { "node_id": "9654214291", "street_count": 4 }, "geometry": { "type": "Point", "coordinates": [ -73.9659141, 40.8003972 ] } },
{ "type": "Feature", "properties": { "node_id": "10173362964", "street_count": 4 }, "geometry": { "type": "Point", "coordinates": [ -73.9522608, 40.8114411 ] } },
{ "type": "Feature", "properties": { "node_id": "10170977527", "street_count": 4 }, "geometry": { "type": "Point", "coordinates": [ -73.95295, 40.8159672 ] } },
{ "type": "Feature", "properties": { "node_id": "7803460149", "street_count": 4 }, "geometry": { "type": "Point", "coordinates": [ -73.9525966, 40.7999107 ] } },
{ "type": "Feature", "properties": { "node_id": "3579426702", "street_count": 3 }, "geometry": { "type": "Point", "coordinates": [ -73.9567919, 40.8109068 ] } },
{ "type": "Feature", "properties": { "node_id": "11803957849", "street_count": 4 }, "geometry": { "type": "Point", "coordinates": [ -73.9681843, 40.8006852 ] } },
{ "type": "Feature", "properties": { "node_id": "11982188280", "street_count": 3 }, "geometry": { "type": "Point", "coordinates": [ -73.957161, 40.8141889 ] } },
{ "type": "Feature", "properties": { "node_id": "6929263900", "street_count": 3 }, "geometry": { "type": "Point", "coordinates": [ -73.972222, 40.8033603 ] } },
{ "type": "Feature", "properties": { "node_id": "8379847766", "street_count": 3 }, "geometry": { "type": "Point", "coordinates": [ -73.9601905, 40.8082306 ] } },
{ "type": "Feature", "properties": { "node_id": "7616666757", "street_count": 1 }, "geometry": { "type": "Point", "coordinates": [ -73.9552666, 40.817431 ] } },
{ "type": "Feature", "properties": { "node_id": "2141026504", "street_count": 4 }, "geometry": { "type": "Point", "coordinates": [ -73.9510272, 40.8051196 ] } },
{ "type": "Feature", "properties": { "node_id": "10049926010", "street_count": 4 }, "geometry": { "type": "Point", "coordinates": [ -73.9601489, 40.8180266 ] } },
{ "type": "Feature", "properties": { "node_id": "6823085643", "street_count": 3 }, "geometry": { "type": "Point", "coordinates": [ -73.9567095, 40.8116416 ] } },
{ "type": "Feature", "properties": { "node_id": "10171069696", "street_count": 3 }, "geometry": { "type": "Point", "coordinates": [ -73.9532703, 40.8100871 ] } },
{ "type": "Feature", "properties": { "node_id": "10166004112", "street_count": 4 }, "geometry": { "type": "Point", "coordinates": [ -73.9681026, 40.8013263 ] } },
{ "type": "Feature", "properties": { "node_id": "6912871506", "street_count": 4 }, "geometry": { "type": "Point", "coordinates": [ -73.970965, 40.7985534 ] } },
{ "type": "Feature", "properties": { "node_id": "7571410111", "street_count": 4 }, "geometry": { "type": "Point", "coordinates": [ -73.9651278, 40.7969848 ] } },
{ "type": "Feature", "properties": { "node_id": "2340960585", "street_count": 3 }, "geometry": { "type": "Point", "coordinates": [ -73.9606263, 40.8075619 ] } },
{ "type": "Feature", "properties": { "node_id": "10168029063", "street_count": 4 }, "geometry": { "type": "Point", "coordinates": [ -73.952807, 40.80842 ] } },
{ "type": "Feature", "properties": { "node_id": "10171508884", "street_count": 3 }, "geometry": { "type": "Point", "coordinates": [ -73.953262, 40.8100994 ] } },
{ "type": "Feature", "properties": { "node_id": "7785881432", "street_count": 4 }, "geometry": { "type": "Point", "coordinates": [ -73.9670504, 40.8069046 ] } },
{ "type": "Feature", "properties": { "node_id": "11263350571", "street_count": 4 }, "geometry": { "type": "Point", "coordinates": [ -73.9596267, 40.7988308 ] } },
{ "type": "Feature", "properties": { "node_id": "7598641859", "street_count": 3 }, "geometry": { "type": "Point", "coordinates": [ -73.9586299, 40.8146966 ] } },
{ "type": "Feature", "properties": { "node_id": "2308955233", "street_count": 3 }, "geometry": { "type": "Point", "coordinates": [ -73.9625272, 40.8080406 ] } },
{ "type": "Feature", "properties": { "node_id": "7372610414", "street_count": 1 }, "geometry": { "type": "Point", "coordinates": [ -73.9610805, 40.8027105 ] } },
{ "type": "Feature", "properties": { "node_id": "11840444662", "street_count": 4 }, "geometry": { "type": "Point", "coordinates": [ -73.9548952, 40.8075048 ] } },
{ "type": "Feature", "properties": { "node_id": "2329912187", "street_count": 1 }, "geometry": { "type": "Point", "coordinates": [ -73.9656955, 40.8113861 ] } },
{ "type": "Feature", "properties": { "node_id": "11782155306", "street_count": 4 }, "geometry": { "type": "Point", "coordinates": [ -73.9634982, 40.8089383 ] } },
{ "type": "Feature", "properties": { "node_id": "10049833004", "street_count": 3 }, "geometry": { "type": "Point", "coordinates": [ -73.9591402, 40.816797 ] } },
{ "type": "Feature", "properties": { "node_id": "11263350542", "street_count": 4 }, "geometry": { "type": "Point", "coordinates": [ -73.9682123, 40.8005377 ] } },
{ "type": "Feature", "properties": { "node_id": "11986195427", "street_count": 3 }, "geometry": { "type": "Point", "coordinates": [ -73.9596957, 40.80544 ] } },
{ "type": "Feature", "properties": { "node_id": "10049860708", "street_count": 4 }, "geometry": { "type": "Point", "coordinates": [ -73.9607503, 40.8174716 ] } },
{ "type": "Feature", "properties": { "node_id": "10049953227", "street_count": 4 }, "geometry": { "type": "Point", "coordinates": [ -73.9597547, 40.8171381 ] } },
{ "type": "Feature", "properties": { "node_id": "6824030287", "street_count": 3 }, "geometry": { "type": "Point", "coordinates": [ -73.9547947, 40.8114687 ] } },
{ "type": "Feature", "properties": { "node_id": "42439849", "street_count": 1 }, "geometry": { "type": "Point", "coordinates": [ -73.9521121, 40.8039345 ] } },
{ "type": "Feature", "properties": { "node_id": "10170977521", "street_count": 4 }, "geometry": { "type": "Point", "coordinates": [ -73.9523057, 40.8171725 ] } },
{ "type": "Feature", "properties": { "node_id": "10050036786", "street_count": 4 }, "geometry": { "type": "Point", "coordinates": [ -73.9576767, 40.8163573 ] } },
{ "type": "Feature", "properties": { "node_id": "42428873", "street_count": 4 }, "geometry": { "type": "Point", "coordinates": [ -73.957044, 40.8176025 ] } },
{ "type": "Feature", "properties": { "node_id": "10049830850", "street_count": 4 }, "geometry": { "type": "Point", "coordinates": [ -73.958479, 40.815685 ] } },
{ "type": "Feature", "properties": { "node_id": "10049830842", "street_count": 4 }, "geometry": { "type": "Point", "coordinates": [ -73.9583613, 40.8159849 ] } },
{ "type": "Feature", "properties": { "node_id": "6903617778", "street_count": 3 }, "geometry": { "type": "Point", "coordinates": [ -73.961198, 40.8075058 ] } },
{ "type": "Feature", "properties": { "node_id": "10171187071", "street_count": 4 }, "geometry": { "type": "Point", "coordinates": [ -73.9663908, 40.8049725 ] } },
{ "type": "Feature", "properties": { "node_id": "10171129713", "street_count": 3 }, "geometry": { "type": "Point", "coordinates": [ -73.9532656, 40.8177153 ] } },
{ "type": "Feature", "properties": { "node_id": "3269867944", "street_count": 3 }, "geometry": { "type": "Point", "coordinates": [ -73.962436, 40.8134277 ] } },
{ "type": "Feature", "properties": { "node_id": "14050482502", "street_count": 3 }, "geometry": { "type": "Point", "coordinates": [ -73.974726, 40.7966552 ] } },
{ "type": "Feature", "properties": { "node_id": "42439851", "street_count": 3 }, "geometry": { "type": "Point", "coordinates": [ -73.9516496, 40.8045644 ] } },
{ "type": "Feature", "properties": { "node_id": "13703485699", "street_count": 3 }, "geometry": { "type": "Point", "coordinates": [ -73.9502623, 40.8106664 ] } },
{ "type": "Feature", "properties": { "node_id": "2329911901", "street_count": 3 }, "geometry": { "type": "Point", "coordinates": [ -73.9713513, 40.802706 ] } },
{ "type": "Feature", "properties": { "node_id": "11993088819", "street_count": 3 }, "geometry": { "type": "Point", "coordinates": [ -73.9569044, 40.8076633 ] } },
{ "type": "Feature", "properties": { "node_id": "10166004045", "street_count": 4 }, "geometry": { "type": "Point", "coordinates": [ -73.9675717, 40.802185 ] } },
{ "type": "Feature", "properties": { "node_id": "8375719535", "street_count": 3 }, "geometry": { "type": "Point", "coordinates": [ -73.9619764, 40.807557 ] } },
{ "type": "Feature", "properties": { "node_id": "3088565328", "street_count": 3 }, "geometry": { "type": "Point", "coordinates": [ -73.9699199, 40.8036886 ] } },
{ "type": "Feature", "properties": { "node_id": "10172883026", "street_count": 4 }, "geometry": { "type": "Point", "coordinates": [ -73.9509531, 40.8050293 ] } },
{ "type": "Feature", "properties": { "node_id": "10127369902", "street_count": 4 }, "geometry": { "type": "Point", "coordinates": [ -73.9509785, 40.805187 ] } },
{ "type": "Feature", "properties": { "node_id": "11296570952", "street_count": 4 }, "geometry": { "type": "Point", "coordinates": [ -73.9719674, 40.7971892 ] } },
{ "type": "Feature", "properties": { "node_id": "6900903337", "street_count": 3 }, "geometry": { "type": "Point", "coordinates": [ -73.9682564, 40.8016292 ] } },
{ "type": "Feature", "properties": { "node_id": "6823085625", "street_count": 3 }, "geometry": { "type": "Point", "coordinates": [ -73.95926, 40.812751 ] } },
{ "type": "Feature", "properties": { "node_id": "10172883032", "street_count": 4 }, "geometry": { "type": "Point", "coordinates": [ -73.9514234, 40.8043994 ] } },
{ "type": "Feature", "properties": { "node_id": "10170606856", "street_count": 4 }, "geometry": { "type": "Point", "coordinates": [ -73.9537065, 40.8019461 ] } },
{ "type": "Feature", "properties": { "node_id": "7087041434", "street_count": 3 }, "geometry": { "type": "Point", "coordinates": [ -73.9574216, 40.8115714 ] } },
{ "type": "Feature", "properties": { "node_id": "9654214263", "street_count": 4 }, "geometry": { "type": "Point", "coordinates": [ -73.9639188, 40.7980532 ] } },
{ "type": "Feature", "properties": { "node_id": "8807524477", "street_count": 4 }, "geometry": { "type": "Point", "coordinates": [ -73.9509958, 40.8001296 ] } },
{ "type": "Feature", "properties": { "node_id": "10166004062", "street_count": 4 }, "geometry": { "type": "Point", "coordinates": [ -73.9678383, 40.802963 ] } },
{ "type": "Feature", "properties": { "node_id": "11993402407", "street_count": 1 }, "geometry": { "type": "Point", "coordinates": [ -73.957632, 40.8072521 ] } },
{ "type": "Feature", "properties": { "node_id": "7785881423", "street_count": 4 }, "geometry": { "type": "Point", "coordinates": [ -73.9674207, 40.8068752 ] } },
{ "type": "Feature", "properties": { "node_id": "2340960600", "street_count": 1 }, "geometry": { "type": "Point", "coordinates": [ -73.9606095, 40.807716 ] } },
{ "type": "Feature", "properties": { "node_id": "5481882787", "street_count": 1 }, "geometry": { "type": "Point", "coordinates": [ -73.9517387, 40.802488 ] } },
{ "type": "Feature", "properties": { "node_id": "8251054466", "street_count": 3 }, "geometry": { "type": "Point", "coordinates": [ -73.9622354, 40.8047061 ] } },
{ "type": "Feature", "properties": { "node_id": "10170606860", "street_count": 4 }, "geometry": { "type": "Point", "coordinates": [ -73.9536242, 40.8020607 ] } },
{ "type": "Feature", "properties": { "node_id": "9646878719", "street_count": 4 }, "geometry": { "type": "Point", "coordinates": [ -73.9694294, 40.8002273 ] } },
{ "type": "Feature", "properties": { "node_id": "7323388265", "street_count": 4 }, "geometry": { "type": "Point", "coordinates": [ -73.9595369, 40.8136253 ] } },
{ "type": "Feature", "properties": { "node_id": "10171508866", "street_count": 4 }, "geometry": { "type": "Point", "coordinates": [ -73.9505901, 40.8107416 ] } },
{ "type": "Feature", "properties": { "node_id": "10168667112", "street_count": 4 }, "geometry": { "type": "Point", "coordinates": [ -73.9622989, 40.8048937 ] } },
{ "type": "Feature", "properties": { "node_id": "627905361", "street_count": 3 }, "geometry": { "type": "Point", "coordinates": [ -73.9626278, 40.8072742 ] } },
{ "type": "Feature", "properties": { "node_id": "6784911808", "street_count": 4 }, "geometry": { "type": "Point", "coordinates": [ -73.9514441, 40.7995039 ] } },
{ "type": "Feature", "properties": { "node_id": "6814306898", "street_count": 4 }, "geometry": { "type": "Point", "coordinates": [ -73.9580187, 40.8056674 ] } },
{ "type": "Feature", "properties": { "node_id": "11882319429", "street_count": 3 }, "geometry": { "type": "Point", "coordinates": [ -73.9655765, 40.7968946 ] } },
{ "type": "Feature", "properties": { "node_id": "10171069631", "street_count": 4 }, "geometry": { "type": "Point", "coordinates": [ -73.9541829, 40.8109201 ] } },
{ "type": "Feature", "properties": { "node_id": "13703560941", "street_count": 1 }, "geometry": { "type": "Point", "coordinates": [ -73.9522891, 40.8179346 ] } },
{ "type": "Feature", "properties": { "node_id": "5481863727", "street_count": 1 }, "geometry": { "type": "Point", "coordinates": [ -73.9551517, 40.8055292 ] } },
{ "type": "Feature", "properties": { "node_id": "10055186150", "street_count": 3 }, "geometry": { "type": "Point", "coordinates": [ -73.9711309, 40.8033618 ] } },
{ "type": "Feature", "properties": { "node_id": "8379839189", "street_count": 3 }, "geometry": { "type": "Point", "coordinates": [ -73.9599113, 40.8055271 ] } },
{ "type": "Feature", "properties": { "node_id": "8807524564", "street_count": 3 }, "geometry": { "type": "Point", "coordinates": [ -73.9503586, 40.8007736 ] } },
{ "type": "Feature", "properties": { "node_id": "6793779220", "street_count": 3 }, "geometry": { "type": "Point", "coordinates": [ -73.9602112, 40.8039324 ] } },
{ "type": "Feature", "properties": { "node_id": "1774036559", "street_count": 1 }, "geometry": { "type": "Point", "coordinates": [ -73.9582158, 40.804121 ] } },
{ "type": "Feature", "properties": { "node_id": "42441274", "street_count": 3 }, "geometry": { "type": "Point", "coordinates": [ -73.9679099, 40.8058294 ] } },
{ "type": "Feature", "properties": { "node_id": "6900903328", "street_count": 3 }, "geometry": { "type": "Point", "coordinates": [ -73.9680067, 40.8022148 ] } },
{ "type": "Feature", "properties": { "node_id": "10054994658", "street_count": 3 }, "geometry": { "type": "Point", "coordinates": [ -73.9629499, 40.8138851 ] } },
{ "type": "Feature", "properties": { "node_id": "10171087500", "street_count": 4 }, "geometry": { "type": "Point", "coordinates": [ -73.9538094, 40.811425 ] } },
{ "type": "Feature", "properties": { "node_id": "7784826648", "street_count": 4 }, "geometry": { "type": "Point", "coordinates": [ -73.96009, 40.7982028 ] } },
{ "type": "Feature", "properties": { "node_id": "10050020905", "street_count": 3 }, "geometry": { "type": "Point", "coordinates": [ -73.9630777, 40.8147262 ] } },
{ "type": "Feature", "properties": { "node_id": "10055260620", "street_count": 3 }, "geometry": { "type": "Point", "coordinates": [ -73.975331, 40.7967978 ] } },
{ "type": "Feature", "properties": { "node_id": "10171865584", "street_count": 4 }, "geometry": { "type": "Point", "coordinates": [ -73.9503027, 40.811585 ] } },
{ "type": "Feature", "properties": { "node_id": "42435794", "street_count": 1 }, "geometry": { "type": "Point", "coordinates": [ -73.9525797, 40.808235 ] } },
{ "type": "Feature", "properties": { "node_id": "5924124668", "street_count": 4 }, "geometry": { "type": "Point", "coordinates": [ -73.9621545, 40.8069096 ] } },
{ "type": "Feature", "properties": { "node_id": "10055148402", "street_count": 3 }, "geometry": { "type": "Point", "coordinates": [ -73.9620326, 40.8153049 ] } },
{ "type": "Feature", "properties": { "node_id": "1774036936", "street_count": 3 }, "geometry": { "type": "Point", "coordinates": [ -73.9562811, 40.8091803 ] } },
{ "type": "Feature", "properties": { "node_id": "11840449880", "street_count": 4 }, "geometry": { "type": "Point", "coordinates": [ -73.9552706, 40.8069832 ] } },
{ "type": "Feature", "properties": { "node_id": "6929249777", "street_count": 3 }, "geometry": { "type": "Point", "coordinates": [ -73.9713963, 40.8022408 ] } },
{ "type": "Feature", "properties": { "node_id": "2058920018", "street_count": 4 }, "geometry": { "type": "Point", "coordinates": [ -73.9538133, 40.7982266 ] } },
{ "type": "Feature", "properties": { "node_id": "7598911163", "street_count": 4 }, "geometry": { "type": "Point", "coordinates": [ -73.9574784, 40.8137527 ] } },
{ "type": "Feature", "properties": { "node_id": "10171069640", "street_count": 4 }, "geometry": { "type": "Point", "coordinates": [ -73.9540503, 40.8105016 ] } },
{ "type": "Feature", "properties": { "node_id": "10171397825", "street_count": 4 }, "geometry": { "type": "Point", "coordinates": [ -73.9688437, 40.7983459 ] } },
{ "type": "Feature", "properties": { "node_id": "6814306890", "street_count": 3 }, "geometry": { "type": "Point", "coordinates": [ -73.9581552, 40.8047817 ] } },
{ "type": "Feature", "properties": { "node_id": "8385765474", "street_count": 3 }, "geometry": { "type": "Point", "coordinates": [ -73.9617126, 40.8061417 ] } },
{ "type": "Feature", "properties": { "node_id": "10166004030", "street_count": 4 }, "geometry": { "type": "Point", "coordinates": [ -73.9632683, 40.7984565 ] } },
{ "type": "Feature", "properties": { "node_id": "9654214269", "street_count": 4 }, "geometry": { "type": "Point", "coordinates": [ -73.9670431, 40.7984119 ] } },
{ "type": "Feature", "properties": { "node_id": "12816046127", "street_count": 3 }, "geometry": { "type": "Point", "coordinates": [ -73.9514533, 40.7972042 ] } },
{ "type": "Feature", "properties": { "node_id": "3579426491", "street_count": 3 }, "geometry": { "type": "Point", "coordinates": [ -73.957482, 40.8119408 ] } },
{ "type": "Feature", "properties": { "node_id": "3898480570", "street_count": 4 }, "geometry": { "type": "Point", "coordinates": [ -73.9512203, 40.8166376 ] } },
{ "type": "Feature", "properties": { "node_id": "7745748122", "street_count": 4 }, "geometry": { "type": "Point", "coordinates": [ -73.9664242, 40.8081287 ] } },
{ "type": "Feature", "properties": { "node_id": "3247295570", "street_count": 3 }, "geometry": { "type": "Point", "coordinates": [ -73.9576001, 40.7999725 ] } },
{ "type": "Feature", "properties": { "node_id": "4302967341", "street_count": 3 }, "geometry": { "type": "Point", "coordinates": [ -73.9559384, 40.7987215 ] } },
{ "type": "Feature", "properties": { "node_id": "5994484000", "street_count": 3 }, "geometry": { "type": "Point", "coordinates": [ -73.9623548, 40.8061162 ] } },
{ "type": "Feature", "properties": { "node_id": "7620616388", "street_count": 3 }, "geometry": { "type": "Point", "coordinates": [ -73.9579113, 40.8123026 ] } },
{ "type": "Feature", "properties": { "node_id": "1774036511", "street_count": 3 }, "geometry": { "type": "Point", "coordinates": [ -73.956093, 40.8103066 ] } },
{ "type": "Feature", "properties": { "node_id": "10049991790", "street_count": 4 }, "geometry": { "type": "Point", "coordinates": [ -73.9621837, 40.8153812 ] } },
{ "type": "Feature", "properties": { "node_id": "10171069682", "street_count": 4 }, "geometry": { "type": "Point", "coordinates": [ -73.9529021, 40.8099493 ] } },
{ "type": "Feature", "properties": { "node_id": "11803975680", "street_count": 4 }, "geometry": { "type": "Point", "coordinates": [ -73.9660355, 40.799775 ] } },
{ "type": "Feature", "properties": { "node_id": "10054994655", "street_count": 3 }, "geometry": { "type": "Point", "coordinates": [ -73.9629566, 40.8136678 ] } },
{ "type": "Feature", "properties": { "node_id": "11296570949", "street_count": 4 }, "geometry": { "type": "Point", "coordinates": [ -73.9718882, 40.7972989 ] } },
{ "type": "Feature", "properties": { "node_id": "11803957865", "street_count": 4 }, "geometry": { "type": "Point", "coordinates": [ -73.9683885, 40.7989783 ] } },
{ "type": "Feature", "properties": { "node_id": "4295266895", "street_count": 3 }, "geometry": { "type": "Point", "coordinates": [ -73.9595176, 40.7971427 ] } },
{ "type": "Feature", "properties": { "node_id": "10129049650", "street_count": 3 }, "geometry": { "type": "Point", "coordinates": [ -73.9588353, 40.8166702 ] } },
{ "type": "Feature", "properties": { "node_id": "11263350568", "street_count": 3 }, "geometry": { "type": "Point", "coordinates": [ -73.9593648, 40.7987273 ] } },
{ "type": "Feature", "properties": { "node_id": "10054994711", "street_count": 3 }, "geometry": { "type": "Point", "coordinates": [ -73.9622168, 40.8137029 ] } },
{ "type": "Feature", "properties": { "node_id": "7785881430", "street_count": 4 }, "geometry": { "type": "Point", "coordinates": [ -73.9637833, 40.8113883 ] } },
{ "type": "Feature", "properties": { "node_id": "5266458371", "street_count": 4 }, "geometry": { "type": "Point", "coordinates": [ -73.9511003, 40.8102799 ] } },
{ "type": "Feature", "properties": { "node_id": "2308955261", "street_count": 3 }, "geometry": { "type": "Point", "coordinates": [ -73.9619006, 40.8089069 ] } },
{ "type": "Feature", "properties": { "node_id": "6993051333", "street_count": 3 }, "geometry": { "type": "Point", "coordinates": [ -73.9559522, 40.8128008 ] } },
{ "type": "Feature", "properties": { "node_id": "11909145329", "street_count": 1 }, "geometry": { "type": "Point", "coordinates": [ -73.9640036, 40.80106 ] } },
{ "type": "Feature", "properties": { "node_id": "10171865579", "street_count": 4 }, "geometry": { "type": "Point", "coordinates": [ -73.9513693, 40.8119601 ] } },
{ "type": "Feature", "properties": { "node_id": "3898480614", "street_count": 3 }, "geometry": { "type": "Point", "coordinates": [ -73.9510255, 40.8167965 ] } },
{ "type": "Feature", "properties": { "node_id": "10172883036", "street_count": 4 }, "geometry": { "type": "Point", "coordinates": [ -73.951341, 40.8045114 ] } },
{ "type": "Feature", "properties": { "node_id": "10055115545", "street_count": 4 }, "geometry": { "type": "Point", "coordinates": [ -73.9533823, 40.8175587 ] } },
{ "type": "Feature", "properties": { "node_id": "10171508886", "street_count": 3 }, "geometry": { "type": "Point", "coordinates": [ -73.9518129, 40.8130323 ] } },
{ "type": "Feature", "properties": { "node_id": "42441080", "street_count": 3 }, "geometry": { "type": "Point", "coordinates": [ -73.961865, 40.8140511 ] } },
{ "type": "Feature", "properties": { "node_id": "10171865561", "street_count": 3 }, "geometry": { "type": "Point", "coordinates": [ -73.951063, 40.8126105 ] } },
{ "type": "Feature", "properties": { "node_id": "10170977544", "street_count": 3 }, "geometry": { "type": "Point", "coordinates": [ -73.9528956, 40.8182172 ] } },
{ "type": "Feature", "properties": { "node_id": "3898480790", "street_count": 4 }, "geometry": { "type": "Point", "coordinates": [ -73.9508067, 40.8182974 ] } },
{ "type": "Feature", "properties": { "node_id": "6808258541", "street_count": 1 }, "geometry": { "type": "Point", "coordinates": [ -73.9613219, 40.8076269 ] } },
{ "type": "Feature", "properties": { "node_id": "10168029039", "street_count": 4 }, "geometry": { "type": "Point", "coordinates": [ -73.9543588, 40.8082435 ] } },
{ "type": "Feature", "properties": { "node_id": "8376008903", "street_count": 4 }, "geometry": { "type": "Point", "coordinates": [ -73.95942, 40.8092997 ] } },
{ "type": "Feature", "properties": { "node_id": "7618358583", "street_count": 1 }, "geometry": { "type": "Point", "coordinates": [ -73.9603389, 40.8056491 ] } },
{ "type": "Feature", "properties": { "node_id": "11622647914", "street_count": 3 }, "geometry": { "type": "Point", "coordinates": [ -73.9745333, 40.796753 ] } },
{ "type": "Feature", "properties": { "node_id": "10055041231", "street_count": 4 }, "geometry": { "type": "Point", "coordinates": [ -73.9549692, 40.8173754 ] } },
{ "type": "Feature", "properties": { "node_id": "9654489353", "street_count": 3 }, "geometry": { "type": "Point", "coordinates": [ -73.9665659, 40.7975373 ] } },
{ "type": "Feature", "properties": { "node_id": "2340960597", "street_count": 4 }, "geometry": { "type": "Point", "coordinates": [ -73.9609402, 40.8076937 ] } },
{ "type": "Feature", "properties": { "node_id": "11851515076", "street_count": 4 }, "geometry": { "type": "Point", "coordinates": [ -73.9613396, 40.8111856 ] } },
{ "type": "Feature", "properties": { "node_id": "6880029883", "street_count": 4 }, "geometry": { "type": "Point", "coordinates": [ -73.9700924, 40.7997574 ] } },
{ "type": "Feature", "properties": { "node_id": "11682716956", "street_count": 3 }, "geometry": { "type": "Point", "coordinates": [ -73.9574271, 40.8069544 ] } },
{ "type": "Feature", "properties": { "node_id": "10049857025", "street_count": 4 }, "geometry": { "type": "Point", "coordinates": [ -73.960527, 40.8160055 ] } },
{ "type": "Feature", "properties": { "node_id": "2340960654", "street_count": 3 }, "geometry": { "type": "Point", "coordinates": [ -73.9624309, 40.8084738 ] } },
{ "type": "Feature", "properties": { "node_id": "2308955259", "street_count": 3 }, "geometry": { "type": "Point", "coordinates": [ -73.9620223, 40.8087386 ] } },
{ "type": "Feature", "properties": { "node_id": "13033282362", "street_count": 4 }, "geometry": { "type": "Point", "coordinates": [ -73.9570829, 40.8018802 ] } },
{ "type": "Feature", "properties": { "node_id": "4302967446", "street_count": 3 }, "geometry": { "type": "Point", "coordinates": [ -73.9578473, 40.7990275 ] } },
{ "type": "Feature", "properties": { "node_id": "4332460241", "street_count": 3 }, "geometry": { "type": "Point", "coordinates": [ -73.9585156, 40.7989344 ] } },
{ "type": "Feature", "properties": { "node_id": "42441077", "street_count": 3 }, "geometry": { "type": "Point", "coordinates": [ -73.9605612, 40.8159022 ] } },
{ "type": "Feature", "properties": { "node_id": "7260975615", "street_count": 3 }, "geometry": { "type": "Point", "coordinates": [ -73.957484, 40.8161849 ] } },
{ "type": "Feature", "properties": { "node_id": "9646878718", "street_count": 4 }, "geometry": { "type": "Point", "coordinates": [ -73.9684395, 40.7998166 ] } },
{ "type": "Feature", "properties": { "node_id": "10173362960", "street_count": 4 }, "geometry": { "type": "Point", "coordinates": [ -73.9521651, 40.8115492 ] } },
{ "type": "Feature", "properties": { "node_id": "10171865589", "street_count": 4 }, "geometry": { "type": "Point", "coordinates": [ -73.9503452, 40.8115309 ] } },
{ "type": "Feature", "properties": { "node_id": "10049926013", "street_count": 4 }, "geometry": { "type": "Point", "coordinates": [ -73.960289, 40.8178261 ] } },
{ "type": "Feature", "properties": { "node_id": "6893757171", "street_count": 3 }, "geometry": { "type": "Point", "coordinates": [ -73.9630911, 40.8073683 ] } },
{ "type": "Feature", "properties": { "node_id": "10173362967", "street_count": 4 }, "geometry": { "type": "Point", "coordinates": [ -73.9519681, 40.811386 ] } },
{ "type": "Feature", "properties": { "node_id": "9484229174", "street_count": 3 }, "geometry": { "type": "Point", "coordinates": [ -73.9620099, 40.8071136 ] } },
{ "type": "Feature", "properties": { "node_id": "5924124669", "street_count": 1 }, "geometry": { "type": "Point", "coordinates": [ -73.9615432, 40.8066565 ] } },
{ "type": "Feature", "properties": { "node_id": "10050020898", "street_count": 3 }, "geometry": { "type": "Point", "coordinates": [ -73.9637108, 40.8138591 ] } },
{ "type": "Feature", "properties": { "node_id": "6993998832", "street_count": 1 }, "geometry": { "type": "Point", "coordinates": [ -73.957763, 40.8079675 ] } },
{ "type": "Feature", "properties": { "node_id": "2796609748", "street_count": 1 }, "geometry": { "type": "Point", "coordinates": [ -73.9625205, 40.8085139 ] } },
{ "type": "Feature", "properties": { "node_id": "7323390433", "street_count": 4 }, "geometry": { "type": "Point", "coordinates": [ -73.961105, 40.8069672 ] } },
{ "type": "Feature", "properties": { "node_id": "7620561466", "street_count": 3 }, "geometry": { "type": "Point", "coordinates": [ -73.9584468, 40.8119708 ] } },
{ "type": "Feature", "properties": { "node_id": "6824030302", "street_count": 3 }, "geometry": { "type": "Point", "coordinates": [ -73.9551465, 40.8109006 ] } },
{ "type": "Feature", "properties": { "node_id": "7785880683", "street_count": 3 }, "geometry": { "type": "Point", "coordinates": [ -73.9694851, 40.8036645 ] } },
{ "type": "Feature", "properties": { "node_id": "9518268733", "street_count": 3 }, "geometry": { "type": "Point", "coordinates": [ -73.9606721, 40.8098275 ] } },
{ "type": "Feature", "properties": { "node_id": "7803266922", "street_count": 1 }, "geometry": { "type": "Point", "coordinates": [ -73.952524, 40.7988365 ] } },
{ "type": "Feature", "properties": { "node_id": "10049830855", "street_count": 3 }, "geometry": { "type": "Point", "coordinates": [ -73.9585016, 40.8150477 ] } },
{ "type": "Feature", "properties": { "node_id": "11932076662", "street_count": 1 }, "geometry": { "type": "Point", "coordinates": [ -73.9715504, 40.8000714 ] } },
{ "type": "Feature", "properties": { "node_id": "3874689569", "street_count": 4 }, "geometry": { "type": "Point", "coordinates": [ -73.9617095, 40.8180977 ] } },
{ "type": "Feature", "properties": { "node_id": "10177600397", "street_count": 4 }, "geometry": { "type": "Point", "coordinates": [ -73.9546143, 40.8000138 ] } },
{ "type": "Feature", "properties": { "node_id": "11998058279", "street_count": 1 }, "geometry": { "type": "Point", "coordinates": [ -73.9604732, 40.803568 ] } },
{ "type": "Feature", "properties": { "node_id": "7571274565", "street_count": 4 }, "geometry": { "type": "Point", "coordinates": [ -73.9641515, 40.7965756 ] } },
{ "type": "Feature", "properties": { "node_id": "7618358584", "street_count": 1 }, "geometry": { "type": "Point", "coordinates": [ -73.96056, 40.805349 ] } },
{ "type": "Feature", "properties": { "node_id": "9654214268", "street_count": 4 }, "geometry": { "type": "Point", "coordinates": [ -73.9669836, 40.798492 ] } },
{ "type": "Feature", "properties": { "node_id": "9654489343", "street_count": 4 }, "geometry": { "type": "Point", "coordinates": [ -73.96729, 40.7985042 ] } },
{ "type": "Feature", "properties": { "node_id": "7571274563", "street_count": 3 }, "geometry": { "type": "Point", "coordinates": [ -73.9637907, 40.7970941 ] } },
{ "type": "Feature", "properties": { "node_id": "10055186138", "street_count": 3 }, "geometry": { "type": "Point", "coordinates": [ -73.972308, 40.8016691 ] } },
{ "type": "Feature", "properties": { "node_id": "4302966513", "street_count": 3 }, "geometry": { "type": "Point", "coordinates": [ -73.9603733, 40.7966297 ] } },
{ "type": "Feature", "properties": { "node_id": "11887792564", "street_count": 4 }, "geometry": { "type": "Point", "coordinates": [ -73.9542402, 40.8108373 ] } },
{ "type": "Feature", "properties": { "node_id": "6793779207", "street_count": 5 }, "geometry": { "type": "Point", "coordinates": [ -73.9609258, 40.8018493 ] } },
{ "type": "Feature", "properties": { "node_id": "6919167816", "street_count": 1 }, "geometry": { "type": "Point", "coordinates": [ -73.9603095, 40.8093715 ] } },
{ "type": "Feature", "properties": { "node_id": "7732571899", "street_count": 3 }, "geometry": { "type": "Point", "coordinates": [ -73.9605207, 40.8164739 ] } },
{ "type": "Feature", "properties": { "node_id": "8379892928", "street_count": 1 }, "geometry": { "type": "Point", "coordinates": [ -73.9578419, 40.8080852 ] } },
{ "type": "Feature", "properties": { "node_id": "8385765470", "street_count": 4 }, "geometry": { "type": "Point", "coordinates": [ -73.9613753, 40.8061511 ] } },
{ "type": "Feature", "properties": { "node_id": "10055186152", "street_count": 3 }, "geometry": { "type": "Point", "coordinates": [ -73.9706181, 40.804096 ] } },
{ "type": "Feature", "properties": { "node_id": "10170977529", "street_count": 3 }, "geometry": { "type": "Point", "coordinates": [ -73.9529796, 40.8158089 ] } },
{ "type": "Feature", "properties": { "node_id": "11386952284", "street_count": 4 }, "geometry": { "type": "Point", "coordinates": [ -73.9601955, 40.8046889 ] } },
{ "type": "Feature", "properties": { "node_id": "6929263908", "street_count": 3 }, "geometry": { "type": "Point", "coordinates": [ -73.9727947, 40.8023023 ] } },
{ "type": "Feature", "properties": { "node_id": "11953023708", "street_count": 3 }, "geometry": { "type": "Point", "coordinates": [ -73.9608828, 40.8042917 ] } },
{ "type": "Feature", "properties": { "node_id": "10171363580", "street_count": 4 }, "geometry": { "type": "Point", "coordinates": [ -73.96293, 40.7993986 ] } },
{ "type": "Feature", "properties": { "node_id": "10171241049", "street_count": 4 }, "geometry": { "type": "Point", "coordinates": [ -73.9603808, 40.7999722 ] } },
{ "type": "Feature", "properties": { "node_id": "10171069700", "street_count": 4 }, "geometry": { "type": "Point", "coordinates": [ -73.9529021, 40.8099137 ] } },
{ "type": "Feature", "properties": { "node_id": "6868145372", "street_count": 3 }, "geometry": { "type": "Point", "coordinates": [ -73.9627547, 40.8128111 ] } },
{ "type": "Feature", "properties": { "node_id": "10171397831", "street_count": 4 }, "geometry": { "type": "Point", "coordinates": [ -73.9696924, 40.7978813 ] } },
{ "type": "Feature", "properties": { "node_id": "10168673732", "street_count": 4 }, "geometry": { "type": "Point", "coordinates": [ -73.9672986, 40.8061778 ] } },
{ "type": "Feature", "properties": { "node_id": "7578363996", "street_count": 3 }, "geometry": { "type": "Point", "coordinates": [ -73.9635972, 40.8080681 ] } },
{ "type": "Feature", "properties": { "node_id": "10168010407", "street_count": 4 }, "geometry": { "type": "Point", "coordinates": [ -73.95502, 40.8050865 ] } },
{ "type": "Feature", "properties": { "node_id": "6816455653", "street_count": 4 }, "geometry": { "type": "Point", "coordinates": [ -73.9573714, 40.8093792 ] } },
{ "type": "Feature", "properties": { "node_id": "10055113538", "street_count": 4 }, "geometry": { "type": "Point", "coordinates": [ -73.9544608, 40.815638 ] } },
{ "type": "Feature", "properties": { "node_id": "10055186127", "street_count": 3 }, "geometry": { "type": "Point", "coordinates": [ -73.970487, 40.8044866 ] } },
{ "type": "Feature", "properties": { "node_id": "10055041238", "street_count": 3 }, "geometry": { "type": "Point", "coordinates": [ -73.9538435, 40.81694 ] } },
{ "type": "Feature", "properties": { "node_id": "10170977551", "street_count": 4 }, "geometry": { "type": "Point", "coordinates": [ -73.9533196, 40.8176488 ] } },
{ "type": "Feature", "properties": { "node_id": "10171102343", "street_count": 4 }, "geometry": { "type": "Point", "coordinates": [ -73.9526321, 40.805064 ] } },
{ "type": "Feature", "properties": { "node_id": "10169443471", "street_count": 4 }, "geometry": { "type": "Point", "coordinates": [ -73.9702715, 40.7990828 ] } },
{ "type": "Feature", "properties": { "node_id": "10177600400", "street_count": 4 }, "geometry": { "type": "Point", "coordinates": [ -73.9550832, 40.8000626 ] } },
{ "type": "Feature", "properties": { "node_id": "10171363557", "street_count": 4 }, "geometry": { "type": "Point", "coordinates": [ -73.9613186, 40.7987208 ] } },
{ "type": "Feature", "properties": { "node_id": "7785881415", "street_count": 3 }, "geometry": { "type": "Point", "coordinates": [ -73.9680701, 40.8064088 ] } },
{ "type": "Feature", "properties": { "node_id": "10171363566", "street_count": 4 }, "geometry": { "type": "Point", "coordinates": [ -73.9613599, 40.8010672 ] } },
{ "type": "Feature", "properties": { "node_id": "10049835195", "street_count": 4 }, "geometry": { "type": "Point", "coordinates": [ -73.9606001, 40.8174101 ] } },
{ "type": "Feature", "properties": { "node_id": "10166004058", "street_count": 3 }, "geometry": { "type": "Point", "coordinates": [ -73.9679195, 40.7972133 ] } },
{ "type": "Feature", "properties": { "node_id": "11263350572", "street_count": 4 }, "geometry": { "type": "Point", "coordinates": [ -73.9597021, 40.7987206 ] } },
{ "type": "Feature", "properties": { "node_id": "10054996899", "street_count": 3 }, "geometry": { "type": "Point", "coordinates": [ -73.9560905, 40.8163347 ] } },
{ "type": "Feature", "properties": { "node_id": "10055123052", "street_count": 4 }, "geometry": { "type": "Point", "coordinates": [ -73.954828, 40.8151199 ] } },
{ "type": "Feature", "properties": { "node_id": "10166004104", "street_count": 4 }, "geometry": { "type": "Point", "coordinates": [ -73.9649595, 40.7982852 ] } },
{ "type": "Feature", "properties": { "node_id": "10055041221", "street_count": 4 }, "geometry": { "type": "Point", "coordinates": [ -73.9542429, 40.8163839 ] } },
{ "type": "Feature", "properties": { "node_id": "10129081623", "street_count": 4 }, "geometry": { "type": "Point", "coordinates": [ -73.9564021, 40.8181067 ] } },
{ "type": "Feature", "properties": { "node_id": "7802964956", "street_count": 4 }, "geometry": { "type": "Point", "coordinates": [ -73.951801, 40.7988316 ] } },
{ "type": "Feature", "properties": { "node_id": "5994483995", "street_count": 3 }, "geometry": { "type": "Point", "coordinates": [ -73.9639358, 40.8088417 ] } },
{ "type": "Feature", "properties": { "node_id": "7169900971", "street_count": 3 }, "geometry": { "type": "Point", "coordinates": [ -73.9585469, 40.8059973 ] } },
{ "type": "Feature", "properties": { "node_id": "7785782275", "street_count": 4 }, "geometry": { "type": "Point", "coordinates": [ -73.966844, 40.8074798 ] } },
{ "type": "Feature", "properties": { "node_id": "3579426869", "street_count": 3 }, "geometry": { "type": "Point", "coordinates": [ -73.9619956, 40.8062498 ] } },
{ "type": "Feature", "properties": { "node_id": "10129049647", "street_count": 3 }, "geometry": { "type": "Point", "coordinates": [ -73.9587771, 40.8167825 ] } },
{ "type": "Feature", "properties": { "node_id": "42439852", "street_count": 4 }, "geometry": { "type": "Point", "coordinates": [ -73.9511928, 40.8051892 ] } },
{ "type": "Feature", "properties": { "node_id": "8378942154", "street_count": 3 }, "geometry": { "type": "Point", "coordinates": [ -73.9565166, 40.8081891 ] } },
{ "type": "Feature", "properties": { "node_id": "6791440534", "street_count": 3 }, "geometry": { "type": "Point", "coordinates": [ -73.9571337, 40.810134 ] } },
{ "type": "Feature", "properties": { "node_id": "10055257574", "street_count": 3 }, "geometry": { "type": "Point", "coordinates": [ -73.9747796, 40.79678 ] } },
{ "type": "Feature", "properties": { "node_id": "7123873140", "street_count": 4 }, "geometry": { "type": "Point", "coordinates": [ -73.9526025, 40.7981845 ] } },
{ "type": "Feature", "properties": { "node_id": "2562438658", "street_count": 3 }, "geometry": { "type": "Point", "coordinates": [ -73.9527707, 40.7981604 ] } },
{ "type": "Feature", "properties": { "node_id": "3579426930", "street_count": 3 }, "geometry": { "type": "Point", "coordinates": [ -73.9503052, 40.8144076 ] } },
{ "type": "Feature", "properties": { "node_id": "3579426868", "street_count": 3 }, "geometry": { "type": "Point", "coordinates": [ -73.9619163, 40.8063577 ] } },
{ "type": "Feature", "properties": { "node_id": "7784826636", "street_count": 3 }, "geometry": { "type": "Point", "coordinates": [ -73.9608938, 40.7966334 ] } },
{ "type": "Feature", "properties": { "node_id": "2340960662", "street_count": 3 }, "geometry": { "type": "Point", "coordinates": [ -73.9621157, 40.8086096 ] } },
{ "type": "Feature", "properties": { "node_id": "11298919641", "street_count": 4 }, "geometry": { "type": "Point", "coordinates": [ -73.9501277, 40.8113638 ] } },
{ "type": "Feature", "properties": { "node_id": "1775693233", "street_count": 3 }, "geometry": { "type": "Point", "coordinates": [ -73.9592004, 40.803319 ] } },
{ "type": "Feature", "properties": { "node_id": "1774036757", "street_count": 4 }, "geometry": { "type": "Point", "coordinates": [ -73.9586897, 40.8032926 ] } },
{ "type": "Feature", "properties": { "node_id": "11840449879", "street_count": 4 }, "geometry": { "type": "Point", "coordinates": [ -73.9554675, 40.8070677 ] } },
{ "type": "Feature", "properties": { "node_id": "10050036788", "street_count": 4 }, "geometry": { "type": "Point", "coordinates": [ -73.957902, 40.8164197 ] } },
{ "type": "Feature", "properties": { "node_id": "11882319431", "street_count": 1 }, "geometry": { "type": "Point", "coordinates": [ -73.9656639, 40.7967739 ] } },
{ "type": "Feature", "properties": { "node_id": "7785881395", "street_count": 3 }, "geometry": { "type": "Point", "coordinates": [ -73.9714509, 40.8012437 ] } },
{ "type": "Feature", "properties": { "node_id": "10171865596", "street_count": 4 }, "geometry": { "type": "Point", "coordinates": [ -73.9530792, 40.8142437 ] } },
{ "type": "Feature", "properties": { "node_id": "3347295524", "street_count": 1 }, "geometry": { "type": "Point", "coordinates": [ -73.9620229, 40.8079864 ] } },
{ "type": "Feature", "properties": { "node_id": "7618358570", "street_count": 1 }, "geometry": { "type": "Point", "coordinates": [ -73.9631748, 40.8039267 ] } },
{ "type": "Feature", "properties": { "node_id": "7785782252", "street_count": 4 }, "geometry": { "type": "Point", "coordinates": [ -73.963933, 40.8111962 ] } },
{ "type": "Feature", "properties": { "node_id": "2058920014", "street_count": 4 }, "geometry": { "type": "Point", "coordinates": [ -73.9523037, 40.7981802 ] } },
{ "type": "Feature", "properties": { "node_id": "7477877424", "street_count": 1 }, "geometry": { "type": "Point", "coordinates": [ -73.9507771, 40.8038579 ] } },
{ "type": "Feature", "properties": { "node_id": "2308955242", "street_count": 3 }, "geometry": { "type": "Point", "coordinates": [ -73.96235, 40.8082856 ] } },
{ "type": "Feature", "properties": { "node_id": "3907629307", "street_count": 3 }, "geometry": { "type": "Point", "coordinates": [ -73.9636802, 40.8078095 ] } },
{ "type": "Feature", "properties": { "node_id": "10170980692", "street_count": 4 }, "geometry": { "type": "Point", "coordinates": [ -73.970542, 40.7967314 ] } },
{ "type": "Feature", "properties": { "node_id": "2329798996", "street_count": 4 }, "geometry": { "type": "Point", "coordinates": [ -73.9692193, 40.806584 ] } },
{ "type": "Feature", "properties": { "node_id": "7087041436", "street_count": 3 }, "geometry": { "type": "Point", "coordinates": [ -73.9556055, 40.8102635 ] } },
{ "type": "Feature", "properties": { "node_id": "3907629305", "street_count": 3 }, "geometry": { "type": "Point", "coordinates": [ -73.9635443, 40.8079927 ] } },
{ "type": "Feature", "properties": { "node_id": "10054975832", "street_count": 4 }, "geometry": { "type": "Point", "coordinates": [ -73.9567973, 40.8173759 ] } },
{ "type": "Feature", "properties": { "node_id": "12998397972", "street_count": 4 }, "geometry": { "type": "Point", "coordinates": [ -73.9527079, 40.8024908 ] } },
{ "type": "Feature", "properties": { "node_id": "7803266926", "street_count": 3 }, "geometry": { "type": "Point", "coordinates": [ -73.9528278, 40.7984966 ] } },
{ "type": "Feature", "properties": { "node_id": "7785881440", "street_count": 4 }, "geometry": { "type": "Point", "coordinates": [ -73.9671063, 40.8067586 ] } },
{ "type": "Feature", "properties": { "node_id": "11803975670", "street_count": 4 }, "geometry": { "type": "Point", "coordinates": [ -73.9619189, 40.7978942 ] } },
{ "type": "Feature", "properties": { "node_id": "4635926111", "street_count": 3 }, "geometry": { "type": "Point", "coordinates": [ -73.9621571, 40.8033286 ] } },
{ "type": "Feature", "properties": { "node_id": "10166004082", "street_count": 4 }, "geometry": { "type": "Point", "coordinates": [ -73.9691379, 40.8010777 ] } },
{ "type": "Feature", "properties": { "node_id": "6783696446", "street_count": 3 }, "geometry": { "type": "Point", "coordinates": [ -73.957514, 40.8102226 ] } },
{ "type": "Feature", "properties": { "node_id": "10108643004", "street_count": 4 }, "geometry": { "type": "Point", "coordinates": [ -73.9624928, 40.7974511 ] } },
{ "type": "Feature", "properties": { "node_id": "2340960609", "street_count": 3 }, "geometry": { "type": "Point", "coordinates": [ -73.9606878, 40.8077499 ] } },
{ "type": "Feature", "properties": { "node_id": "3704337148", "street_count": 3 }, "geometry": { "type": "Point", "coordinates": [ -73.9705388, 40.8032948 ] } },
{ "type": "Feature", "properties": { "node_id": "10170977538", "street_count": 4 }, "geometry": { "type": "Point", "coordinates": [ -73.952866, 40.8151152 ] } },
{ "type": "Feature", "properties": { "node_id": "7169900980", "street_count": 3 }, "geometry": { "type": "Point", "coordinates": [ -73.9585338, 40.8063584 ] } },
{ "type": "Feature", "properties": { "node_id": "7802964941", "street_count": 4 }, "geometry": { "type": "Point", "coordinates": [ -73.9525573, 40.7990056 ] } },
{ "type": "Feature", "properties": { "node_id": "10168729765", "street_count": 4 }, "geometry": { "type": "Point", "coordinates": [ -73.9513443, 40.8017742 ] } },
{ "type": "Feature", "properties": { "node_id": "10127369904", "street_count": 4 }, "geometry": { "type": "Point", "coordinates": [ -73.951062, 40.8050726 ] } },
{ "type": "Feature", "properties": { "node_id": "42441442", "street_count": 4 }, "geometry": { "type": "Point", "coordinates": [ -73.9634655, 40.8122498 ] } },
{ "type": "Feature", "properties": { "node_id": "11993402408", "street_count": 3 }, "geometry": { "type": "Point", "coordinates": [ -73.9575903, 40.8071166 ] } },
{ "type": "Feature", "properties": { "node_id": "11953023698", "street_count": 1 }, "geometry": { "type": "Point", "coordinates": [ -73.9608178, 40.8044288 ] } },
{ "type": "Feature", "properties": { "node_id": "11887802377", "street_count": 4 }, "geometry": { "type": "Point", "coordinates": [ -73.9547997, 40.8100783 ] } },
{ "type": "Feature", "properties": { "node_id": "2340960671", "street_count": 1 }, "geometry": { "type": "Point", "coordinates": [ -73.9604978, 40.808802 ] } },
{ "type": "Feature", "properties": { "node_id": "11851500957", "street_count": 3 }, "geometry": { "type": "Point", "coordinates": [ -73.9626505, 40.8100951 ] } },
{ "type": "Feature", "properties": { "node_id": "2340960643", "street_count": 3 }, "geometry": { "type": "Point", "coordinates": [ -73.9612578, 40.8082543 ] } },
{ "type": "Feature", "properties": { "node_id": "10055041232", "street_count": 3 }, "geometry": { "type": "Point", "coordinates": [ -73.9549889, 40.8175115 ] } },
{ "type": "Feature", "properties": { "node_id": "10049970738", "street_count": 3 }, "geometry": { "type": "Point", "coordinates": [ -73.9638515, 40.813262 ] } },
{ "type": "Feature", "properties": { "node_id": "2340960575", "street_count": 3 }, "geometry": { "type": "Point", "coordinates": [ -73.9601615, 40.8073184 ] } },
{ "type": "Feature", "properties": { "node_id": "10171129715", "street_count": 4 }, "geometry": { "type": "Point", "coordinates": [ -73.9540233, 40.8164288 ] } },
{ "type": "Feature", "properties": { "node_id": "410368045", "street_count": 3 }, "geometry": { "type": "Point", "coordinates": [ -73.9588131, 40.7991083 ] } },
{ "type": "Feature", "properties": { "node_id": "10171219261", "street_count": 4 }, "geometry": { "type": "Point", "coordinates": [ -73.9525828, 40.804065 ] } },
{ "type": "Feature", "properties": { "node_id": "10050036792", "street_count": 4 }, "geometry": { "type": "Point", "coordinates": [ -73.9570693, 40.8155675 ] } },
{ "type": "Feature", "properties": { "node_id": "5004570645", "street_count": 4 }, "geometry": { "type": "Point", "coordinates": [ -73.9670023, 40.8075368 ] } },
{ "type": "Feature", "properties": { "node_id": "7784826634", "street_count": 4 }, "geometry": { "type": "Point", "coordinates": [ -73.9610584, 40.7968544 ] } },
{ "type": "Feature", "properties": { "node_id": "6814306894", "street_count": 4 }, "geometry": { "type": "Point", "coordinates": [ -73.9559314, 40.8038553 ] } },
{ "type": "Feature", "properties": { "node_id": "2340960578", "street_count": 3 }, "geometry": { "type": "Point", "coordinates": [ -73.9604851, 40.8074543 ] } },
{ "type": "Feature", "properties": { "node_id": "6823995459", "street_count": 4 }, "geometry": { "type": "Point", "coordinates": [ -73.9552376, 40.8119728 ] } },
{ "type": "Feature", "properties": { "node_id": "10171865603", "street_count": 3 }, "geometry": { "type": "Point", "coordinates": [ -73.9522578, 40.8124011 ] } },
{ "type": "Feature", "properties": { "node_id": "1775693308", "street_count": 5 }, "geometry": { "type": "Point", "coordinates": [ -73.9598597, 40.803655 ] } },
{ "type": "Feature", "properties": { "node_id": "10049926012", "street_count": 4 }, "geometry": { "type": "Point", "coordinates": [ -73.9603397, 40.8177546 ] } },
{ "type": "Feature", "properties": { "node_id": "12387627171", "street_count": 3 }, "geometry": { "type": "Point", "coordinates": [ -73.9531887, 40.8136172 ] } },
{ "type": "Feature", "properties": { "node_id": "1203883928", "street_count": 3 }, "geometry": { "type": "Point", "coordinates": [ -73.9598813, 40.7979707 ] } },
{ "type": "Feature", "properties": { "node_id": "10171397829", "street_count": 4 }, "geometry": { "type": "Point", "coordinates": [ -73.969611, 40.7979921 ] } },
{ "type": "Feature", "properties": { "node_id": "10173250032", "street_count": 4 }, "geometry": { "type": "Point", "coordinates": [ -73.9556721, 40.8139602 ] } },
{ "type": "Feature", "properties": { "node_id": "6814306897", "street_count": 4 }, "geometry": { "type": "Point", "coordinates": [ -73.9568492, 40.8051752 ] } },
{ "type": "Feature", "properties": { "node_id": "10171397824", "street_count": 4 }, "geometry": { "type": "Point", "coordinates": [ -73.9691555, 40.7986183 ] } },
{ "type": "Feature", "properties": { "node_id": "10055113541", "street_count": 4 }, "geometry": { "type": "Point", "coordinates": [ -73.954426, 40.8156864 ] } },
{ "type": "Feature", "properties": { "node_id": "4302966804", "street_count": 3 }, "geometry": { "type": "Point", "coordinates": [ -73.9602248, 40.7970676 ] } },
{ "type": "Feature", "properties": { "node_id": "10171397821", "street_count": 4 }, "geometry": { "type": "Point", "coordinates": [ -73.9700478, 40.7998195 ] } },
{ "type": "Feature", "properties": { "node_id": "11296570955", "street_count": 3 }, "geometry": { "type": "Point", "coordinates": [ -73.9736172, 40.797063 ] } },
{ "type": "Feature", "properties": { "node_id": "10171865591", "street_count": 4 }, "geometry": { "type": "Point", "coordinates": [ -73.9531642, 40.814424 ] } },
{ "type": "Feature", "properties": { "node_id": "10170980699", "street_count": 4 }, "geometry": { "type": "Point", "coordinates": [ -73.9696791, 40.7972 ] } },
{ "type": "Feature", "properties": { "node_id": "11867354044", "street_count": 1 }, "geometry": { "type": "Point", "coordinates": [ -73.9686047, 40.8045489 ] } },
{ "type": "Feature", "properties": { "node_id": "12816046129", "street_count": 3 }, "geometry": { "type": "Point", "coordinates": [ -73.9513977, 40.7971947 ] } },
{ "type": "Feature", "properties": { "node_id": "7122450395", "street_count": 3 }, "geometry": { "type": "Point", "coordinates": [ -73.9642056, 40.8072307 ] } },
{ "type": "Feature", "properties": { "node_id": "3088565319", "street_count": 4 }, "geometry": { "type": "Point", "coordinates": [ -73.9718178, 40.8007452 ] } },
{ "type": "Feature", "properties": { "node_id": "5422624268", "street_count": 1 }, "geometry": { "type": "Point", "coordinates": [ -73.9632445, 40.8020223 ] } },
{ "type": "Feature", "properties": { "node_id": "42432936", "street_count": 3 }, "geometry": { "type": "Point", "coordinates": [ -73.95035, 40.813159 ] } },
{ "type": "Feature", "properties": { "node_id": "7571274532", "street_count": 1 }, "geometry": { "type": "Point", "coordinates": [ -73.9645602, 40.7980096 ] } },
{ "type": "Feature", "properties": { "node_id": "11986195413", "street_count": 3 }, "geometry": { "type": "Point", "coordinates": [ -73.9601733, 40.8040429 ] } },
{ "type": "Feature", "properties": { "node_id": "10166004075", "street_count": 4 }, "geometry": { "type": "Point", "coordinates": [ -73.9657733, 40.8005947 ] } },
{ "type": "Feature", "properties": { "node_id": "6223478851", "street_count": 4 }, "geometry": { "type": "Point", "coordinates": [ -73.9509705, 40.7999182 ] } },
{ "type": "Feature", "properties": { "node_id": "10054975849", "street_count": 3 }, "geometry": { "type": "Point", "coordinates": [ -73.9563861, 40.8160081 ] } },
{ "type": "Feature", "properties": { "node_id": "2340960679", "street_count": 1 }, "geometry": { "type": "Point", "coordinates": [ -73.962298, 40.8092034 ] } },
{ "type": "Feature", "properties": { "node_id": "10049986100", "street_count": 3 }, "geometry": { "type": "Point", "coordinates": [ -73.9622777, 40.8153169 ] } },
{ "type": "Feature", "properties": { "node_id": "7785782283", "street_count": 3 }, "geometry": { "type": "Point", "coordinates": [ -73.9676882, 40.8062724 ] } },
{ "type": "Feature", "properties": { "node_id": "7784826647", "street_count": 3 }, "geometry": { "type": "Point", "coordinates": [ -73.9598275, 40.7981011 ] } },
{ "type": "Feature", "properties": { "node_id": "3347295526", "street_count": 4 }, "geometry": { "type": "Point", "coordinates": [ -73.9621037, 40.8078665 ] } },
{ "type": "Feature", "properties": { "node_id": "7598688548", "street_count": 3 }, "geometry": { "type": "Point", "coordinates": [ -73.9583993, 40.8141851 ] } },
{ "type": "Feature", "properties": { "node_id": "10127369903", "street_count": 4 }, "geometry": { "type": "Point", "coordinates": [ -73.9511453, 40.8052541 ] } },
{ "type": "Feature", "properties": { "node_id": "10165997010", "street_count": 4 }, "geometry": { "type": "Point", "coordinates": [ -73.9577231, 40.8036455 ] } },
{ "type": "Feature", "properties": { "node_id": "2329911836", "street_count": 3 }, "geometry": { "type": "Point", "coordinates": [ -73.97163, 40.8014058 ] } },
{ "type": "Feature", "properties": { "node_id": "1792521269", "street_count": 3 }, "geometry": { "type": "Point", "coordinates": [ -73.9585818, 40.8041174 ] } },
{ "type": "Feature", "properties": { "node_id": "42448607", "street_count": 4 }, "geometry": { "type": "Point", "coordinates": [ -73.9530769, 40.8143012 ] } },
{ "type": "Feature", "properties": { "node_id": "10168673728", "street_count": 4 }, "geometry": { "type": "Point", "coordinates": [ -73.9656078, 40.8053122 ] } },
{ "type": "Feature", "properties": { "node_id": "6412865233", "street_count": 1 }, "geometry": { "type": "Point", "coordinates": [ -73.968074, 40.8018422 ] } },
{ "type": "Feature", "properties": { "node_id": "10055123057", "street_count": 4 }, "geometry": { "type": "Point", "coordinates": [ -73.955132, 40.815166 ] } },
{ "type": "Feature", "properties": { "node_id": "10171865582", "street_count": 4 }, "geometry": { "type": "Point", "coordinates": [ -73.9516332, 40.8120704 ] } },
{ "type": "Feature", "properties": { "node_id": "7578364001", "street_count": 3 }, "geometry": { "type": "Point", "coordinates": [ -73.9634554, 40.808264 ] } },
{ "type": "Feature", "properties": { "node_id": "1774036785", "street_count": 3 }, "geometry": { "type": "Point", "coordinates": [ -73.9585854, 40.8056588 ] } },
{ "type": "Feature", "properties": { "node_id": "42436739", "street_count": 3 }, "geometry": { "type": "Point", "coordinates": [ -73.9550501, 40.8134085 ] } },
{ "type": "Feature", "properties": { "node_id": "10170977553", "street_count": 4 }, "geometry": { "type": "Point", "coordinates": [ -73.9531204, 40.8176678 ] } },
{ "type": "Feature", "properties": { "node_id": "10172883031", "street_count": 4 }, "geometry": { "type": "Point", "coordinates": [ -73.9517967, 40.8045539 ] } },
{ "type": "Feature", "properties": { "node_id": "7785881398", "street_count": 3 }, "geometry": { "type": "Point", "coordinates": [ -73.9666864, 40.8083033 ] } },
{ "type": "Feature", "properties": { "node_id": "11905290556", "street_count": 1 }, "geometry": { "type": "Point", "coordinates": [ -73.9641377, 40.7988923 ] } },
{ "type": "Feature", "properties": { "node_id": "10170977522", "street_count": 4 }, "geometry": { "type": "Point", "coordinates": [ -73.9523975, 40.8172075 ] } },
{ "type": "Feature", "properties": { "node_id": "6824030296", "street_count": 3 }, "geometry": { "type": "Point", "coordinates": [ -73.9556276, 40.8124262 ] } },
{ "type": "Feature", "properties": { "node_id": "2764229383", "street_count": 1 }, "geometry": { "type": "Point", "coordinates": [ -73.9604532, 40.8044522 ] } },
{ "type": "Feature", "properties": { "node_id": "7571410116", "street_count": 5 }, "geometry": { "type": "Point", "coordinates": [ -73.9663508, 40.7972894 ] } },
{ "type": "Feature", "properties": { "node_id": "10054975845", "street_count": 3 }, "geometry": { "type": "Point", "coordinates": [ -73.9552189, 40.8183414 ] } },
{ "type": "Feature", "properties": { "node_id": "6814306893", "street_count": 4 }, "geometry": { "type": "Point", "coordinates": [ -73.955553, 40.804375 ] } },
{ "type": "Feature", "properties": { "node_id": "10166004052", "street_count": 4 }, "geometry": { "type": "Point", "coordinates": [ -73.9682069, 40.7972492 ] } },
{ "type": "Feature", "properties": { "node_id": "6284690485", "street_count": 3 }, "geometry": { "type": "Point", "coordinates": [ -73.9618787, 40.8066973 ] } },
{ "type": "Feature", "properties": { "node_id": "8376008911", "street_count": 4 }, "geometry": { "type": "Point", "coordinates": [ -73.9594731, 40.8087588 ] } },
{ "type": "Feature", "properties": { "node_id": "12818423533", "street_count": 4 }, "geometry": { "type": "Point", "coordinates": [ -73.9584001, 40.8007579 ] } },
{ "type": "Feature", "properties": { "node_id": "10055041243", "street_count": 1 }, "geometry": { "type": "Point", "coordinates": [ -73.9546663, 40.817709 ] } },
{ "type": "Feature", "properties": { "node_id": "1203883868", "street_count": 3 }, "geometry": { "type": "Point", "coordinates": [ -73.9572993, 40.7982616 ] } },
{ "type": "Feature", "properties": { "node_id": "7629434156", "street_count": 4 }, "geometry": { "type": "Point", "coordinates": [ -73.9630855, 40.8087608 ] } },
{ "type": "Feature", "properties": { "node_id": "11296188166", "street_count": 4 }, "geometry": { "type": "Point", "coordinates": [ -73.9590936, 40.8017596 ] } },
{ "type": "Feature", "properties": { "node_id": "11261676952", "street_count": 3 }, "geometry": { "type": "Point", "coordinates": [ -73.9589023, 40.7993497 ] } },
{ "type": "Feature", "properties": { "node_id": "12998397976", "street_count": 4 }, "geometry": { "type": "Point", "coordinates": [ -73.9527233, 40.802355 ] } },
{ "type": "Feature", "properties": { "node_id": "7802964965", "street_count": 4 }, "geometry": { "type": "Point", "coordinates": [ -73.952045, 40.7989299 ] } },
{ "type": "Feature", "properties": { "node_id": "6880370167", "street_count": 3 }, "geometry": { "type": "Point", "coordinates": [ -73.9550943, 40.8118077 ] } },
{ "type": "Feature", "properties": { "node_id": "10055115544", "street_count": 4 }, "geometry": { "type": "Point", "coordinates": [ -73.9550866, 40.8152282 ] } },
{ "type": "Feature", "properties": { "node_id": "7785881438", "street_count": 3 }, "geometry": { "type": "Point", "coordinates": [ -73.9640081, 40.8127445 ] } },
{ "type": "Feature", "properties": { "node_id": "8767214391", "street_count": 3 }, "geometry": { "type": "Point", "coordinates": [ -73.9591523, 40.8169435 ] } },
{ "type": "Feature", "properties": { "node_id": "6913843956", "street_count": 1 }, "geometry": { "type": "Point", "coordinates": [ -73.9690173, 40.7968378 ] } },
{ "type": "Feature", "properties": { "node_id": "10165989497", "street_count": 4 }, "geometry": { "type": "Point", "coordinates": [ -73.9677629, 40.7978865 ] } },
{ "type": "Feature", "properties": { "node_id": "10171241059", "street_count": 4 }, "geometry": { "type": "Point", "coordinates": [ -73.9608451, 40.7993507 ] } },
{ "type": "Feature", "properties": { "node_id": "6868145382", "street_count": 3 }, "geometry": { "type": "Point", "coordinates": [ -73.9647284, 40.8108388 ] } },
{ "type": "Feature", "properties": { "node_id": "6887003302", "street_count": 4 }, "geometry": { "type": "Point", "coordinates": [ -73.9725382, 40.7990759 ] } },
{ "type": "Feature", "properties": { "node_id": "410368115", "street_count": 3 }, "geometry": { "type": "Point", "coordinates": [ -73.9540485, 40.7966684 ] } },
{ "type": "Feature", "properties": { "node_id": "6814306887", "street_count": 4 }, "geometry": { "type": "Point", "coordinates": [ -73.9581259, 40.8054667 ] } },
{ "type": "Feature", "properties": { "node_id": "6996574413", "street_count": 3 }, "geometry": { "type": "Point", "coordinates": [ -73.9723769, 40.8002438 ] } },
{ "type": "Feature", "properties": { "node_id": "3602679383", "street_count": 3 }, "geometry": { "type": "Point", "coordinates": [ -73.9604229, 40.7975294 ] } },
{ "type": "Feature", "properties": { "node_id": "11842918577", "street_count": 1 }, "geometry": { "type": "Point", "coordinates": [ -73.966173, 40.8072601 ] } },
{ "type": "Feature", "properties": { "node_id": "10171508888", "street_count": 3 }, "geometry": { "type": "Point", "coordinates": [ -73.9531913, 40.8098482 ] } },
{ "type": "Feature", "properties": { "node_id": "10171069496", "street_count": 4 }, "geometry": { "type": "Point", "coordinates": [ -73.9530131, 40.8133871 ] } },
{ "type": "Feature", "properties": { "node_id": "11803975674", "street_count": 4 }, "geometry": { "type": "Point", "coordinates": [ -73.961839, 40.7980019 ] } },
{ "type": "Feature", "properties": { "node_id": "7323390467", "street_count": 3 }, "geometry": { "type": "Point", "coordinates": [ -73.9634511, 40.8029423 ] } },
{ "type": "Feature", "properties": { "node_id": "3088565351", "street_count": 3 }, "geometry": { "type": "Point", "coordinates": [ -73.9665312, 40.8089785 ] } },
{ "type": "Feature", "properties": { "node_id": "10171069626", "street_count": 4 }, "geometry": { "type": "Point", "coordinates": [ -73.9536858, 40.81205 ] } },
{ "type": "Feature", "properties": { "node_id": "6823995458", "street_count": 3 }, "geometry": { "type": "Point", "coordinates": [ -73.9553386, 40.8109817 ] } },
{ "type": "Feature", "properties": { "node_id": "10054975854", "street_count": 4 }, "geometry": { "type": "Point", "coordinates": [ -73.9555971, 40.8172116 ] } },
{ "type": "Feature", "properties": { "node_id": "6961054473", "street_count": 3 }, "geometry": { "type": "Point", "coordinates": [ -73.9523744, 40.7980886 ] } },
{ "type": "Feature", "properties": { "node_id": "42454850", "street_count": 3 }, "geometry": { "type": "Point", "coordinates": [ -73.9584048, 40.7972876 ] } },
{ "type": "Feature", "properties": { "node_id": "3579426867", "street_count": 3 }, "geometry": { "type": "Point", "coordinates": [ -73.9620785, 40.8064249 ] } },
{ "type": "Feature", "properties": { "node_id": "9150552665", "street_count": 3 }, "geometry": { "type": "Point", "coordinates": [ -73.9649315, 40.7966327 ] } },
{ "type": "Feature", "properties": { "node_id": "11803975678", "street_count": 4 }, "geometry": { "type": "Point", "coordinates": [ -73.966287, 40.7998789 ] } },
{ "type": "Feature", "properties": { "node_id": "10054975830", "street_count": 3 }, "geometry": { "type": "Point", "coordinates": [ -73.9572185, 40.8168162 ] } },
{ "type": "Feature", "properties": { "node_id": "11296130427", "street_count": 4 }, "geometry": { "type": "Point", "coordinates": [ -73.9532482, 40.8118551 ] } },
{ "type": "Feature", "properties": { "node_id": "11945779173", "street_count": 1 }, "geometry": { "type": "Point", "coordinates": [ -73.9704581, 40.8031553 ] } },
{ "type": "Feature", "properties": { "node_id": "10168729763", "street_count": 4 }, "geometry": { "type": "Point", "coordinates": [ -73.9518772, 40.8037688 ] } },
{ "type": "Feature", "properties": { "node_id": "2308955247", "street_count": 3 }, "geometry": { "type": "Point", "coordinates": [ -73.9613835, 40.8096048 ] } },
{ "type": "Feature", "properties": { "node_id": "7598911157", "street_count": 1 }, "geometry": { "type": "Point", "coordinates": [ -73.9569644, 40.8136209 ] } },
{ "type": "Feature", "properties": { "node_id": "2329798778", "street_count": 1 }, "geometry": { "type": "Point", "coordinates": [ -73.975384, 40.7995903 ] } },
{ "type": "Feature", "properties": { "node_id": "10129081622", "street_count": 3 }, "geometry": { "type": "Point", "coordinates": [ -73.9563042, 40.8180743 ] } },
{ "type": "Feature", "properties": { "node_id": "10055148400", "street_count": 4 }, "geometry": { "type": "Point", "coordinates": [ -73.9618187, 40.8153952 ] } },
{ "type": "Feature", "properties": { "node_id": "4302967244", "street_count": 3 }, "geometry": { "type": "Point", "coordinates": [ -73.9555467, 40.7984337 ] } },
{ "type": "Feature", "properties": { "node_id": "10055186132", "street_count": 3 }, "geometry": { "type": "Point", "coordinates": [ -73.973562, 40.800066 ] } },
{ "type": "Feature", "properties": { "node_id": "10165989512", "street_count": 4 }, "geometry": { "type": "Point", "coordinates": [ -73.9620054, 40.8006656 ] } },
{ "type": "Feature", "properties": { "node_id": "42438066", "street_count": 3 }, "geometry": { "type": "Point", "coordinates": [ -73.9594934, 40.8170071 ] } },
{ "type": "Feature", "properties": { "node_id": "10171241028", "street_count": 4 }, "geometry": { "type": "Point", "coordinates": [ -73.9577646, 40.8013424 ] } },
{ "type": "Feature", "properties": { "node_id": "2329912174", "street_count": 3 }, "geometry": { "type": "Point", "coordinates": [ -73.9658111, 40.8111248 ] } },
{ "type": "Feature", "properties": { "node_id": "9654489342", "street_count": 4 }, "geometry": { "type": "Point", "coordinates": [ -73.9687633, 40.7984607 ] } },
{ "type": "Feature", "properties": { "node_id": "7087041474", "street_count": 3 }, "geometry": { "type": "Point", "coordinates": [ -73.9575074, 40.8119063 ] } },
{ "type": "Feature", "properties": { "node_id": "1778676696", "street_count": 4 }, "geometry": { "type": "Point", "coordinates": [ -73.9579597, 40.8007646 ] } },
{ "type": "Feature", "properties": { "node_id": "5924124670", "street_count": 4 }, "geometry": { "type": "Point", "coordinates": [ -73.9626418, 40.8062358 ] } },
{ "type": "Feature", "properties": { "node_id": "7180979635", "street_count": 3 }, "geometry": { "type": "Point", "coordinates": [ -73.9537893, 40.8154172 ] } },
{ "type": "Feature", "properties": { "node_id": "10129081629", "street_count": 3 }, "geometry": { "type": "Point", "coordinates": [ -73.9554118, 40.8184742 ] } },
{ "type": "Feature", "properties": { "node_id": "9646878723", "street_count": 4 }, "geometry": { "type": "Point", "coordinates": [ -73.9667527, 40.799242 ] } },
{ "type": "Feature", "properties": { "node_id": "10168029062", "street_count": 4 }, "geometry": { "type": "Point", "coordinates": [ -73.9531171, 40.8085464 ] } },
{ "type": "Feature", "properties": { "node_id": "10171493826", "street_count": 3 }, "geometry": { "type": "Point", "coordinates": [ -73.9525372, 40.8035496 ] } },
{ "type": "Feature", "properties": { "node_id": "9654489354", "street_count": 3 }, "geometry": { "type": "Point", "coordinates": [ -73.9672577, 40.7978264 ] } },
{ "type": "Feature", "properties": { "node_id": "42446218", "street_count": 4 }, "geometry": { "type": "Point", "coordinates": [ -73.9569253, 40.815546 ] } },
{ "type": "Feature", "properties": { "node_id": "8835729566", "street_count": 4 }, "geometry": { "type": "Point", "coordinates": [ -73.9528784, 40.8150327 ] } },
{ "type": "Feature", "properties": { "node_id": "10168667115", "street_count": 4 }, "geometry": { "type": "Point", "coordinates": [ -73.9620882, 40.8056299 ] } },
{ "type": "Feature", "properties": { "node_id": "7122450386", "street_count": 4 }, "geometry": { "type": "Point", "coordinates": [ -73.9645462, 40.8074771 ] } },
{ "type": "Feature", "properties": { "node_id": "10171219267", "street_count": 4 }, "geometry": { "type": "Point", "coordinates": [ -73.9503504, 40.8065525 ] } },
{ "type": "Feature", "properties": { "node_id": "10168010390", "street_count": 4 }, "geometry": { "type": "Point", "coordinates": [ -73.9562821, 40.8056203 ] } },
{ "type": "Feature", "properties": { "node_id": "11882319428", "street_count": 3 }, "geometry": { "type": "Point", "coordinates": [ -73.9652854, 40.7970505 ] } },
{ "type": "Feature", "properties": { "node_id": "6244980510", "street_count": 4 }, "geometry": { "type": "Point", "coordinates": [ -73.9620943, 40.8133515 ] } },
{ "type": "Feature", "properties": { "node_id": "7578363993", "street_count": 1 }, "geometry": { "type": "Point", "coordinates": [ -73.9680737, 40.7996269 ] } },
{ "type": "Feature", "properties": { "node_id": "1774037025", "street_count": 3 }, "geometry": { "type": "Point", "coordinates": [ -73.9593088, 40.8056565 ] } },
{ "type": "Feature", "properties": { "node_id": "10168673733", "street_count": 3 }, "geometry": { "type": "Point", "coordinates": [ -73.9673433, 40.8060514 ] } },
{ "type": "Feature", "properties": { "node_id": "10168029060", "street_count": 4 }, "geometry": { "type": "Point", "coordinates": [ -73.9539763, 40.8087602 ] } },
{ "type": "Feature", "properties": { "node_id": "11296188165", "street_count": 4 }, "geometry": { "type": "Point", "coordinates": [ -73.9577869, 40.8009215 ] } },
{ "type": "Feature", "properties": { "node_id": "10171219257", "street_count": 4 }, "geometry": { "type": "Point", "coordinates": [ -73.9507744, 40.8057615 ] } },
{ "type": "Feature", "properties": { "node_id": "13033313004", "street_count": 4 }, "geometry": { "type": "Point", "coordinates": [ -73.9525632, 40.7991461 ] } },
{ "type": "Feature", "properties": { "node_id": "2796609920", "street_count": 1 }, "geometry": { "type": "Point", "coordinates": [ -73.962634, 40.8089919 ] } },
{ "type": "Feature", "properties": { "node_id": "7598688498", "street_count": 1 }, "geometry": { "type": "Point", "coordinates": [ -73.9584466, 40.8137499 ] } },
{ "type": "Feature", "properties": { "node_id": "11296201265", "street_count": 3 }, "geometry": { "type": "Point", "coordinates": [ -73.9629929, 40.7974565 ] } },
{ "type": "Feature", "properties": { "node_id": "11296306921", "street_count": 4 }, "geometry": { "type": "Point", "coordinates": [ -73.9502731, 40.8151178 ] } },
{ "type": "Feature", "properties": { "node_id": "2340960570", "street_count": 3 }, "geometry": { "type": "Point", "coordinates": [ -73.9598322, 40.8071801 ] } },
{ "type": "Feature", "properties": { "node_id": "7323390403", "street_count": 4 }, "geometry": { "type": "Point", "coordinates": [ -73.9591662, 40.813057 ] } },
{ "type": "Feature", "properties": { "node_id": "11851515072", "street_count": 3 }, "geometry": { "type": "Point", "coordinates": [ -73.9567212, 40.8125303 ] } },
{ "type": "Feature", "properties": { "node_id": "8807524523", "street_count": 4 }, "geometry": { "type": "Point", "coordinates": [ -73.9506735, 40.8008154 ] } },
{ "type": "Feature", "properties": { "node_id": "10170977536", "street_count": 4 }, "geometry": { "type": "Point", "coordinates": [ -73.9530683, 40.8151134 ] } },
{ "type": "Feature", "properties": { "node_id": "10169443458", "street_count": 4 }, "geometry": { "type": "Point", "coordinates": [ -73.9711719, 40.7978275 ] } },
{ "type": "Feature", "properties": { "node_id": "10054996906", "street_count": 3 }, "geometry": { "type": "Point", "coordinates": [ -73.9556151, 40.8161354 ] } },
{ "type": "Feature", "properties": { "node_id": "10129049649", "street_count": 3 }, "geometry": { "type": "Point", "coordinates": [ -73.9588917, 40.8165875 ] } },
{ "type": "Feature", "properties": { "node_id": "4302966516", "street_count": 4 }, "geometry": { "type": "Point", "coordinates": [ -73.9603073, 40.7966371 ] } },
{ "type": "Feature", "properties": { "node_id": "1774036509", "street_count": 3 }, "geometry": { "type": "Point", "coordinates": [ -73.9589901, 40.8033414 ] } },
{ "type": "Feature", "properties": { "node_id": "9518259680", "street_count": 4 }, "geometry": { "type": "Point", "coordinates": [ -73.9617919, 40.8105546 ] } },
{ "type": "Feature", "properties": { "node_id": "12829214037", "street_count": 4 }, "geometry": { "type": "Point", "coordinates": [ -73.9575427, 40.801252 ] } },
{ "type": "Feature", "properties": { "node_id": "10055186141", "street_count": 4 }, "geometry": { "type": "Point", "coordinates": [ -73.9716383, 40.8028215 ] } },
{ "type": "Feature", "properties": { "node_id": "2354379212", "street_count": 3 }, "geometry": { "type": "Point", "coordinates": [ -73.9595323, 40.8015077 ] } },
{ "type": "Feature", "properties": { "node_id": "10173362965", "street_count": 4 }, "geometry": { "type": "Point", "coordinates": [ -73.95214, 40.8113883 ] } },
{ "type": "Feature", "properties": { "node_id": "7326861795", "street_count": 4 }, "geometry": { "type": "Point", "coordinates": [ -73.9621152, 40.8139094 ] } },
{ "type": "Feature", "properties": { "node_id": "7571410102", "street_count": 4 }, "geometry": { "type": "Point", "coordinates": [ -73.96571, 40.7972276 ] } },
{ "type": "Feature", "properties": { "node_id": "7785945685", "street_count": 3 }, "geometry": { "type": "Point", "coordinates": [ -73.9523924, 40.7980962 ] } },
{ "type": "Feature", "properties": { "node_id": "9658594744", "street_count": 1 }, "geometry": { "type": "Point", "coordinates": [ -73.951389, 40.8046267 ] } },
{ "type": "Feature", "properties": { "node_id": "8835729574", "street_count": 4 }, "geometry": { "type": "Point", "coordinates": [ -73.951535, 40.8179588 ] } },
{ "type": "Feature", "properties": { "node_id": "6887003332", "street_count": 3 }, "geometry": { "type": "Point", "coordinates": [ -73.9737542, 40.7988355 ] } },
{ "type": "Feature", "properties": { "node_id": "3907629291", "street_count": 3 }, "geometry": { "type": "Point", "coordinates": [ -73.9623541, 40.8079689 ] } },
{ "type": "Feature", "properties": { "node_id": "10173400453", "street_count": 3 }, "geometry": { "type": "Point", "coordinates": [ -73.9527019, 40.8026954 ] } },
{ "type": "Feature", "properties": { "node_id": "7099250754", "street_count": 1 }, "geometry": { "type": "Point", "coordinates": [ -73.9604371, 40.8036763 ] } },
{ "type": "Feature", "properties": { "node_id": "6244980561", "street_count": 3 }, "geometry": { "type": "Point", "coordinates": [ -73.962219, 40.8125431 ] } },
{ "type": "Feature", "properties": { "node_id": "7785929595", "street_count": 3 }, "geometry": { "type": "Point", "coordinates": [ -73.9695669, 40.8038342 ] } },
{ "type": "Feature", "properties": { "node_id": "4302966697", "street_count": 1 }, "geometry": { "type": "Point", "coordinates": [ -73.9511678, 40.7969124 ] } },
{ "type": "Feature", "properties": { "node_id": "11296306923", "street_count": 4 }, "geometry": { "type": "Point", "coordinates": [ -73.950939, 40.81422 ] } },
{ "type": "Feature", "properties": { "node_id": "7620561449", "street_count": 1 }, "geometry": { "type": "Point", "coordinates": [ -73.9573486, 40.8128425 ] } },
{ "type": "Feature", "properties": { "node_id": "7785929594", "street_count": 3 }, "geometry": { "type": "Point", "coordinates": [ -73.9691506, 40.8036672 ] } },
{ "type": "Feature", "properties": { "node_id": "10173250036", "street_count": 4 }, "geometry": { "type": "Point", "coordinates": [ -73.9557583, 40.8140627 ] } },
{ "type": "Feature", "properties": { "node_id": "10055115547", "street_count": 4 }, "geometry": { "type": "Point", "coordinates": [ -73.9547978, 40.8156369 ] } },
{ "type": "Feature", "properties": { "node_id": "8807524512", "street_count": 4 }, "geometry": { "type": "Point", "coordinates": [ -73.9507527, 40.8007082 ] } },
{ "type": "Feature", "properties": { "node_id": "10302073270", "street_count": 4 }, "geometry": { "type": "Point", "coordinates": [ -73.9555825, 40.8178553 ] } },
{ "type": "Feature", "properties": { "node_id": "2340960677", "street_count": 3 }, "geometry": { "type": "Point", "coordinates": [ -73.9623366, 40.8091457 ] } },
{ "type": "Feature", "properties": { "node_id": "2340960644", "street_count": 3 }, "geometry": { "type": "Point", "coordinates": [ -73.9629896, 40.8082624 ] } },
{ "type": "Feature", "properties": { "node_id": "1774036507", "street_count": 3 }, "geometry": { "type": "Point", "coordinates": [ -73.9567535, 40.8099123 ] } },
{ "type": "Feature", "properties": { "node_id": "10055041241", "street_count": 1 }, "geometry": { "type": "Point", "coordinates": [ -73.9539939, 40.8174315 ] } },
{ "type": "Feature", "properties": { "node_id": "3907629295", "street_count": 3 }, "geometry": { "type": "Point", "coordinates": [ -73.9618407, 40.8077568 ] } },
{ "type": "Feature", "properties": { "node_id": "1774036799", "street_count": 3 }, "geometry": { "type": "Point", "coordinates": [ -73.9568921, 40.8099051 ] } },
{ "type": "Feature", "properties": { "node_id": "10171069509", "street_count": 4 }, "geometry": { "type": "Point", "coordinates": [ -73.9532398, 40.8126742 ] } },
{ "type": "Feature", "properties": { "node_id": "2340960673", "street_count": 3 }, "geometry": { "type": "Point", "coordinates": [ -73.9607072, 40.8088886 ] } },
{ "type": "Feature", "properties": { "node_id": "10171508874", "street_count": 4 }, "geometry": { "type": "Point", "coordinates": [ -73.9511178, 40.8100278 ] } },
{ "type": "Feature", "properties": { "node_id": "2329798553", "street_count": 3 }, "geometry": { "type": "Point", "coordinates": [ -73.9752344, 40.7965317 ] } },
{ "type": "Feature", "properties": { "node_id": "7087041470", "street_count": 3 }, "geometry": { "type": "Point", "coordinates": [ -73.9572622, 40.811107 ] } },
{ "type": "Feature", "properties": { "node_id": "10171241037", "street_count": 3 }, "geometry": { "type": "Point", "coordinates": [ -73.9584154, 40.8000108 ] } },
{ "type": "Feature", "properties": { "node_id": "12818423593", "street_count": 3 }, "geometry": { "type": "Point", "coordinates": [ -73.9579961, 40.8004978 ] } },
{ "type": "Feature", "properties": { "node_id": "7803460152", "street_count": 4 }, "geometry": { "type": "Point", "coordinates": [ -73.952322, 40.799718 ] } },
{ "type": "Feature", "properties": { "node_id": "7803473008", "street_count": 4 }, "geometry": { "type": "Point", "coordinates": [ -73.9513849, 40.7994083 ] } },
{ "type": "Feature", "properties": { "node_id": "10171069623", "street_count": 4 }, "geometry": { "type": "Point", "coordinates": [ -73.9534459, 40.8120095 ] } },
{ "type": "Feature", "properties": { "node_id": "2058919917", "street_count": 4 }, "geometry": { "type": "Point", "coordinates": [ -73.9543551, 40.7976942 ] } },
{ "type": "Feature", "properties": { "node_id": "10166004076", "street_count": 4 }, "geometry": { "type": "Point", "coordinates": [ -73.9655204, 40.8004915 ] } },
{ "type": "Feature", "properties": { "node_id": "2340960665", "street_count": 3 }, "geometry": { "type": "Point", "coordinates": [ -73.9628968, 40.8086784 ] } },
{ "type": "Feature", "properties": { "node_id": "8251054463", "street_count": 4 }, "geometry": { "type": "Point", "coordinates": [ -73.9605404, 40.8037114 ] } },
{ "type": "Feature", "properties": { "node_id": "10171069679", "street_count": 4 }, "geometry": { "type": "Point", "coordinates": [ -73.9518347, 40.8095028 ] } },
{ "type": "Feature", "properties": { "node_id": "6912871502", "street_count": 3 }, "geometry": { "type": "Point", "coordinates": [ -73.9730761, 40.7996045 ] } },
{ "type": "Feature", "properties": { "node_id": "11777607957", "street_count": 4 }, "geometry": { "type": "Point", "coordinates": [ -73.9625482, 40.8049983 ] } },
{ "type": "Feature", "properties": { "node_id": "4401269636", "street_count": 1 }, "geometry": { "type": "Point", "coordinates": [ -73.9636364, 40.807514 ] } },
{ "type": "Feature", "properties": { "node_id": "11952891944", "street_count": 3 }, "geometry": { "type": "Point", "coordinates": [ -73.9602272, 40.8038858 ] } },
{ "type": "Feature", "properties": { "node_id": "7803266921", "street_count": 4 }, "geometry": { "type": "Point", "coordinates": [ -73.9524409, 40.7989538 ] } },
{ "type": "Feature", "properties": { "node_id": "6991136396", "street_count": 3 }, "geometry": { "type": "Point", "coordinates": [ -73.9582415, 40.8002468 ] } },
{ "type": "Feature", "properties": { "node_id": "7802964929", "street_count": 4 }, "geometry": { "type": "Point", "coordinates": [ -73.9522096, 40.7988542 ] } },
{ "type": "Feature", "properties": { "node_id": "10106642888", "street_count": 1 }, "geometry": { "type": "Point", "coordinates": [ -73.9574471, 40.8111207 ] } },
{ "type": "Feature", "properties": { "node_id": "7598911161", "street_count": 3 }, "geometry": { "type": "Point", "coordinates": [ -73.9586231, 40.8137877 ] } },
{ "type": "Feature", "properties": { "node_id": "10166004060", "street_count": 4 }, "geometry": { "type": "Point", "coordinates": [ -73.9673631, 40.802924 ] } },
{ "type": "Feature", "properties": { "node_id": "10049830844", "street_count": 4 }, "geometry": { "type": "Point", "coordinates": [ -73.9585256, 40.8157376 ] } },
{ "type": "Feature", "properties": { "node_id": "11296201231", "street_count": 4 }, "geometry": { "type": "Point", "coordinates": [ -73.9689709, 40.7968998 ] } },
{ "type": "Feature", "properties": { "node_id": "10172883028", "street_count": 4 }, "geometry": { "type": "Point", "coordinates": [ -73.9508695, 40.8051432 ] } },
{ "type": "Feature", "properties": { "node_id": "10049857026", "street_count": 4 }, "geometry": { "type": "Point", "coordinates": [ -73.9606032, 40.8157978 ] } },
{ "type": "Feature", "properties": { "node_id": "10101672650", "street_count": 3 }, "geometry": { "type": "Point", "coordinates": [ -73.9630398, 40.7967136 ] } },
{ "type": "Feature", "properties": { "node_id": "2340960637", "street_count": 3 }, "geometry": { "type": "Point", "coordinates": [ -73.9611287, 40.808072 ] } },
{ "type": "Feature", "properties": { "node_id": "10171219242", "street_count": 4 }, "geometry": { "type": "Point", "coordinates": [ -73.9530019, 40.8066948 ] } },
{ "type": "Feature", "properties": { "node_id": "7784826649", "street_count": 4 }, "geometry": { "type": "Point", "coordinates": [ -73.9602282, 40.7980015 ] } },
{ "type": "Feature", "properties": { "node_id": "12151060391", "street_count": 1 }, "geometry": { "type": "Point", "coordinates": [ -73.9700368, 40.8024976 ] } },
{ "type": "Feature", "properties": { "node_id": "6793924865", "street_count": 3 }, "geometry": { "type": "Point", "coordinates": [ -73.9572557, 40.8099196 ] } },
{ "type": "Feature", "properties": { "node_id": "11296570948", "street_count": 4 }, "geometry": { "type": "Point", "coordinates": [ -73.97342, 40.797806 ] } },
{ "type": "Feature", "properties": { "node_id": "10169443472", "street_count": 4 }, "geometry": { "type": "Point", "coordinates": [ -73.9710418, 40.7984458 ] } },
{ "type": "Feature", "properties": { "node_id": "2340960632", "street_count": 4 }, "geometry": { "type": "Point", "coordinates": [ -73.961217, 40.8079628 ] } },
{ "type": "Feature", "properties": { "node_id": "10172883035", "street_count": 4 }, "geometry": { "type": "Point", "coordinates": [ -73.9517113, 40.8046716 ] } },
{ "type": "Feature", "properties": { "node_id": "3579426866", "street_count": 3 }, "geometry": { "type": "Point", "coordinates": [ -73.9621107, 40.8063821 ] } },
{ "type": "Feature", "properties": { "node_id": "2059304076", "street_count": 4 }, "geometry": { "type": "Point", "coordinates": [ -73.9567982, 40.7965162 ] } },
{ "type": "Feature", "properties": { "node_id": "7785881435", "street_count": 3 }, "geometry": { "type": "Point", "coordinates": [ -73.9683015, 40.8059459 ] } },
{ "type": "Feature", "properties": { "node_id": "6235381628", "street_count": 3 }, "geometry": { "type": "Point", "coordinates": [ -73.9624645, 40.808999 ] } },
{ "type": "Feature", "properties": { "node_id": "11296200783", "street_count": 4 }, "geometry": { "type": "Point", "coordinates": [ -73.9569407, 40.8024895 ] } },
{ "type": "Feature", "properties": { "node_id": "10743755830", "street_count": 4 }, "geometry": { "type": "Point", "coordinates": [ -73.9505095, 40.8145335 ] } },
{ "type": "Feature", "properties": { "node_id": "5004570628", "street_count": 4 }, "geometry": { "type": "Point", "coordinates": [ -73.9702101, 40.8023762 ] } },
{ "type": "Feature", "properties": { "node_id": "11741833009", "street_count": 3 }, "geometry": { "type": "Point", "coordinates": [ -73.9592149, 40.801947 ] } },
{ "type": "Feature", "properties": { "node_id": "2329798656", "street_count": 4 }, "geometry": { "type": "Point", "coordinates": [ -73.9744895, 40.7982594 ] } },
{ "type": "Feature", "properties": { "node_id": "9654214280", "street_count": 4 }, "geometry": { "type": "Point", "coordinates": [ -73.9672117, 40.7986218 ] } },
{ "type": "Feature", "properties": { "node_id": "10049830843", "street_count": 4 }, "geometry": { "type": "Point", "coordinates": [ -73.9580662, 40.8156569 ] } },
{ "type": "Feature", "properties": { "node_id": "3088565347", "street_count": 3 }, "geometry": { "type": "Point", "coordinates": [ -73.9669537, 40.8084116 ] } },
{ "type": "Feature", "properties": { "node_id": "6880029884", "street_count": 3 }, "geometry": { "type": "Point", "coordinates": [ -73.97145, 40.8002529 ] } },
{ "type": "Feature", "properties": { "node_id": "2340960660", "street_count": 3 }, "geometry": { "type": "Point", "coordinates": [ -73.9623404, 40.8085904 ] } },
{ "type": "Feature", "properties": { "node_id": "10171363582", "street_count": 4 }, "geometry": { "type": "Point", "coordinates": [ -73.9628123, 40.7990978 ] } },
{ "type": "Feature", "properties": { "node_id": "10055110508", "street_count": 4 }, "geometry": { "type": "Point", "coordinates": [ -73.9568278, 40.8155976 ] } },
{ "type": "Feature", "properties": { "node_id": "10171865570", "street_count": 4 }, "geometry": { "type": "Point", "coordinates": [ -73.9501722, 40.8131642 ] } },
{ "type": "Feature", "properties": { "node_id": "8795723387", "street_count": 4 }, "geometry": { "type": "Point", "coordinates": [ -73.9577465, 40.8152805 ] } },
{ "type": "Feature", "properties": { "node_id": "3894470285", "street_count": 4 }, "geometry": { "type": "Point", "coordinates": [ -73.954575, 40.8156919 ] } },
{ "type": "Feature", "properties": { "node_id": "9166170284", "street_count": 3 }, "geometry": { "type": "Point", "coordinates": [ -73.9566614, 40.8126116 ] } },
{ "type": "Feature", "properties": { "node_id": "7784826666", "street_count": 4 }, "geometry": { "type": "Point", "coordinates": [ -73.952571, 40.7983869 ] } },
{ "type": "Feature", "properties": { "node_id": "10171241030", "street_count": 4 }, "geometry": { "type": "Point", "coordinates": [ -73.9576216, 40.8011408 ] } },
{ "type": "Feature", "properties": { "node_id": "2997576813", "street_count": 3 }, "geometry": { "type": "Point", "coordinates": [ -73.973281, 40.7986368 ] } },
{ "type": "Feature", "properties": { "node_id": "1792517011", "street_count": 3 }, "geometry": { "type": "Point", "coordinates": [ -73.9598402, 40.8046256 ] } },
{ "type": "Feature", "properties": { "node_id": "3269867925", "street_count": 3 }, "geometry": { "type": "Point", "coordinates": [ -73.9643236, 40.8114039 ] } },
{ "type": "Feature", "properties": { "node_id": "10054274058", "street_count": 3 }, "geometry": { "type": "Point", "coordinates": [ -73.9635231, 40.8122915 ] } },
{ "type": "Feature", "properties": { "node_id": "5924124676", "street_count": 3 }, "geometry": { "type": "Point", "coordinates": [ -73.9625466, 40.8061956 ] } },
{ "type": "Feature", "properties": { "node_id": "6996574534", "street_count": 3 }, "geometry": { "type": "Point", "coordinates": [ -73.9737286, 40.7979927 ] } },
{ "type": "Feature", "properties": { "node_id": "3898480605", "street_count": 3 }, "geometry": { "type": "Point", "coordinates": [ -73.9513534, 40.8167528 ] } },
{ "type": "Feature", "properties": { "node_id": "10049926009", "street_count": 3 }, "geometry": { "type": "Point", "coordinates": [ -73.9603656, 40.8181909 ] } },
{ "type": "Feature", "properties": { "node_id": "10170977526", "street_count": 3 }, "geometry": { "type": "Point", "coordinates": [ -73.952147, 40.8172546 ] } },
{ "type": "Feature", "properties": { "node_id": "11840444646", "street_count": 4 }, "geometry": { "type": "Point", "coordinates": [ -73.955084, 40.8075833 ] } },
{ "type": "Feature", "properties": { "node_id": "11998058280", "street_count": 1 }, "geometry": { "type": "Point", "coordinates": [ -73.9607029, 40.8036529 ] } },
{ "type": "Feature", "properties": { "node_id": "11887802370", "street_count": 4 }, "geometry": { "type": "Point", "coordinates": [ -73.954422, 40.810594 ] } },
{ "type": "Feature", "properties": { "node_id": "11968537919", "street_count": 1 }, "geometry": { "type": "Point", "coordinates": [ -73.961766, 40.8181326 ] } },
{ "type": "Feature", "properties": { "node_id": "7571274531", "street_count": 3 }, "geometry": { "type": "Point", "coordinates": [ -73.965023, 40.7982004 ] } },
{ "type": "Feature", "properties": { "node_id": "1669452686", "street_count": 1 }, "geometry": { "type": "Point", "coordinates": [ -73.9573074, 40.8099087 ] } },
{ "type": "Feature", "properties": { "node_id": "7108220536", "street_count": 3 }, "geometry": { "type": "Point", "coordinates": [ -73.9617881, 40.8091803 ] } },
{ "type": "Feature", "properties": { "node_id": "10168029026", "street_count": 4 }, "geometry": { "type": "Point", "coordinates": [ -73.9535772, 40.8070925 ] } },
{ "type": "Feature", "properties": { "node_id": "3271250937", "street_count": 1 }, "geometry": { "type": "Point", "coordinates": [ -73.9636112, 40.8080943 ] } },
{ "type": "Feature", "properties": { "node_id": "10171219254", "street_count": 4 }, "geometry": { "type": "Point", "coordinates": [ -73.9508905, 40.8058067 ] } },
{ "type": "Feature", "properties": { "node_id": "4302967255", "street_count": 3 }, "geometry": { "type": "Point", "coordinates": [ -73.9565426, 40.7984776 ] } },
{ "type": "Feature", "properties": { "node_id": "9518268108", "street_count": 4 }, "geometry": { "type": "Point", "coordinates": [ -73.9636283, 40.8103598 ] } },
{ "type": "Feature", "properties": { "node_id": "10128811420", "street_count": 4 }, "geometry": { "type": "Point", "coordinates": [ -73.9601005, 40.8180895 ] } },
{ "type": "Feature", "properties": { "node_id": "10171129710", "street_count": 3 }, "geometry": { "type": "Point", "coordinates": [ -73.9528856, 40.8182304 ] } },
{ "type": "Feature", "properties": { "node_id": "11851515074", "street_count": 3 }, "geometry": { "type": "Point", "coordinates": [ -73.9566434, 40.8126362 ] } },
{ "type": "Feature", "properties": { "node_id": "6814306889", "street_count": 4 }, "geometry": { "type": "Point", "coordinates": [ -73.9573692, 40.8044533 ] } },
{ "type": "Feature", "properties": { "node_id": "4938635542", "street_count": 4 }, "geometry": { "type": "Point", "coordinates": [ -73.9618251, 40.8164329 ] } },
{ "type": "Feature", "properties": { "node_id": "10170704053", "street_count": 4 }, "geometry": { "type": "Point", "coordinates": [ -73.9665715, 40.8039972 ] } },
{ "type": "Feature", "properties": { "node_id": "10171508873", "street_count": 4 }, "geometry": { "type": "Point", "coordinates": [ -73.9509724, 40.8102263 ] } },
{ "type": "Feature", "properties": { "node_id": "3907629288", "street_count": 1 }, "geometry": { "type": "Point", "coordinates": [ -73.9619231, 40.8084597 ] } },
{ "type": "Feature", "properties": { "node_id": "10049835183", "street_count": 4 }, "geometry": { "type": "Point", "coordinates": [ -73.9598059, 40.8155769 ] } },
{ "type": "Feature", "properties": { "node_id": "7785881422", "street_count": 4 }, "geometry": { "type": "Point", "coordinates": [ -73.967159, 40.8067806 ] } },
{ "type": "Feature", "properties": { "node_id": "3579426473", "street_count": 4 }, "geometry": { "type": "Point", "coordinates": [ -73.9592752, 40.8123695 ] } },
{ "type": "Feature", "properties": { "node_id": "2340960667", "street_count": 3 }, "geometry": { "type": "Point", "coordinates": [ -73.9626673, 40.8087348 ] } },
{ "type": "Feature", "properties": { "node_id": "7618358579", "street_count": 3 }, "geometry": { "type": "Point", "coordinates": [ -73.9621337, 40.8033605 ] } },
{ "type": "Feature", "properties": { "node_id": "10049835180", "street_count": 3 }, "geometry": { "type": "Point", "coordinates": [ -73.9595575, 40.8155849 ] } },
{ "type": "Feature", "properties": { "node_id": "10165989504", "street_count": 4 }, "geometry": { "type": "Point", "coordinates": [ -73.9645884, 40.8017526 ] } },
{ "type": "Feature", "properties": { "node_id": "10171241036", "street_count": 4 }, "geometry": { "type": "Point", "coordinates": [ -73.9587155, 40.8000936 ] } },
{ "type": "Feature", "properties": { "node_id": "10171219258", "street_count": 4 }, "geometry": { "type": "Point", "coordinates": [ -73.9525809, 40.8042119 ] } },
{ "type": "Feature", "properties": { "node_id": "10055169716", "street_count": 3 }, "geometry": { "type": "Point", "coordinates": [ -73.9678673, 40.8083194 ] } },
{ "type": "Feature", "properties": { "node_id": "5790702449", "street_count": 1 }, "geometry": { "type": "Point", "coordinates": [ -73.966223, 40.7982032 ] } },
{ "type": "Feature", "properties": { "node_id": "13435248280", "street_count": 1 }, "geometry": { "type": "Point", "coordinates": [ -73.9630442, 40.8043801 ] } },
{ "type": "Feature", "properties": { "node_id": "7099250764", "street_count": 1 }, "geometry": { "type": "Point", "coordinates": [ -73.9605551, 40.8037194 ] } },
{ "type": "Feature", "properties": { "node_id": "11762193078", "street_count": 1 }, "geometry": { "type": "Point", "coordinates": [ -73.9632022, 40.8035179 ] } },
{ "type": "Feature", "properties": { "node_id": "10166004054", "street_count": 3 }, "geometry": { "type": "Point", "coordinates": [ -73.9678823, 40.7972653 ] } },
{ "type": "Feature", "properties": { "node_id": "7001633285", "street_count": 3 }, "geometry": { "type": "Point", "coordinates": [ -73.9574671, 40.8087005 ] } },
{ "type": "Feature", "properties": { "node_id": "8251054450", "street_count": 4 }, "geometry": { "type": "Point", "coordinates": [ -73.9630532, 40.8038613 ] } },
{ "type": "Feature", "properties": { "node_id": "12036477424", "street_count": 4 }, "geometry": { "type": "Point", "coordinates": [ -73.9605399, 40.7975764 ] } },
{ "type": "Feature", "properties": { "node_id": "6993051342", "street_count": 3 }, "geometry": { "type": "Point", "coordinates": [ -73.9571329, 40.809352 ] } },
{ "type": "Feature", "properties": { "node_id": "10171865607", "street_count": 4 }, "geometry": { "type": "Point", "coordinates": [ -73.9517075, 40.8129128 ] } },
{ "type": "Feature", "properties": { "node_id": "7801821425", "street_count": 4 }, "geometry": { "type": "Point", "coordinates": [ -73.9550371, 40.79944 ] } },
{ "type": "Feature", "properties": { "node_id": "9166175593", "street_count": 4 }, "geometry": { "type": "Point", "coordinates": [ -73.9693194, 40.803597 ] } },
{ "type": "Feature", "properties": { "node_id": "7323388266", "street_count": 3 }, "geometry": { "type": "Point", "coordinates": [ -73.95924, 40.813564 ] } },
{ "type": "Feature", "properties": { "node_id": "6223478850", "street_count": 4 }, "geometry": { "type": "Point", "coordinates": [ -73.9503805, 40.8007424 ] } },
{ "type": "Feature", "properties": { "node_id": "10054975839", "street_count": 3 }, "geometry": { "type": "Point", "coordinates": [ -73.9566024, 40.8165592 ] } },
{ "type": "Feature", "properties": { "node_id": "2796609496", "street_count": 1 }, "geometry": { "type": "Point", "coordinates": [ -73.9610484, 40.8074585 ] } },
{ "type": "Feature", "properties": { "node_id": "7578364000", "street_count": 4 }, "geometry": { "type": "Point", "coordinates": [ -73.9637603, 40.8078429 ] } },
{ "type": "Feature", "properties": { "node_id": "3907629294", "street_count": 3 }, "geometry": { "type": "Point", "coordinates": [ -73.9617254, 40.8079238 ] } },
{ "type": "Feature", "properties": { "node_id": "10165996997", "street_count": 4 }, "geometry": { "type": "Point", "coordinates": [ -73.958103, 40.8039406 ] } },
{ "type": "Feature", "properties": { "node_id": "10171241052", "street_count": 4 }, "geometry": { "type": "Point", "coordinates": [ -73.9606687, 40.7999549 ] } },
{ "type": "Feature", "properties": { "node_id": "10055110507", "street_count": 4 }, "geometry": { "type": "Point", "coordinates": [ -73.9567974, 40.8155143 ] } },
{ "type": "Feature", "properties": { "node_id": "6244980545", "street_count": 1 }, "geometry": { "type": "Point", "coordinates": [ -73.9616551, 40.8136241 ] } },
{ "type": "Feature", "properties": { "node_id": "7598688562", "street_count": 4 }, "geometry": { "type": "Point", "coordinates": [ -73.957398, 40.8132423 ] } },
{ "type": "Feature", "properties": { "node_id": "10050028840", "street_count": 4 }, "geometry": { "type": "Point", "coordinates": [ -73.9594155, 40.813799 ] } },
{ "type": "Feature", "properties": { "node_id": "10055041236", "street_count": 1 }, "geometry": { "type": "Point", "coordinates": [ -73.9548517, 40.8177853 ] } },
{ "type": "Feature", "properties": { "node_id": "10049830854", "street_count": 3 }, "geometry": { "type": "Point", "coordinates": [ -73.9585822, 40.8149376 ] } },
{ "type": "Feature", "properties": { "node_id": "11741893736", "street_count": 3 }, "geometry": { "type": "Point", "coordinates": [ -73.9733969, 40.7979347 ] } },
{ "type": "Feature", "properties": { "node_id": "11845848045", "street_count": 4 }, "geometry": { "type": "Point", "coordinates": [ -73.965964, 40.8039846 ] } },
{ "type": "Feature", "properties": { "node_id": "5481882800", "street_count": 1 }, "geometry": { "type": "Point", "coordinates": [ -73.9507468, 40.8017549 ] } },
{ "type": "Feature", "properties": { "node_id": "8807524590", "street_count": 3 }, "geometry": { "type": "Point", "coordinates": [ -73.9504135, 40.800696 ] } },
{ "type": "Feature", "properties": { "node_id": "5994483994", "street_count": 4 }, "geometry": { "type": "Point", "coordinates": [ -73.9640732, 40.8086502 ] } },
{ "type": "Feature", "properties": { "node_id": "11741886398", "street_count": 4 }, "geometry": { "type": "Point", "coordinates": [ -73.9612195, 40.8017377 ] } },
{ "type": "Feature", "properties": { "node_id": "10171865578", "street_count": 4 }, "geometry": { "type": "Point", "coordinates": [ -73.9514219, 40.8119012 ] } },
{ "type": "Feature", "properties": { "node_id": "10171187068", "street_count": 3 }, "geometry": { "type": "Point", "coordinates": [ -73.9685357, 40.8042357 ] } },
{ "type": "Feature", "properties": { "node_id": "1147215165", "street_count": 3 }, "geometry": { "type": "Point", "coordinates": [ -73.9632372, 40.8128388 ] } },
{ "type": "Feature", "properties": { "node_id": "7571410126", "street_count": 3 }, "geometry": { "type": "Point", "coordinates": [ -73.966105, 40.7971869 ] } },
{ "type": "Feature", "properties": { "node_id": "10129081828", "street_count": 3 }, "geometry": { "type": "Point", "coordinates": [ -73.9590987, 40.8183918 ] } },
{ "type": "Feature", "properties": { "node_id": "12998517245", "street_count": 4 }, "geometry": { "type": "Point", "coordinates": [ -73.9526472, 40.8034085 ] } },
{ "type": "Feature", "properties": { "node_id": "8379847768", "street_count": 3 }, "geometry": { "type": "Point", "coordinates": [ -73.9602707, 40.8081235 ] } },
{ "type": "Feature", "properties": { "node_id": "6793924874", "street_count": 3 }, "geometry": { "type": "Point", "coordinates": [ -73.9572313, 40.8097334 ] } },
{ "type": "Feature", "properties": { "node_id": "2308955219", "street_count": 1 }, "geometry": { "type": "Point", "coordinates": [ -73.9618332, 40.8100568 ] } },
{ "type": "Feature", "properties": { "node_id": "10170977554", "street_count": 4 }, "geometry": { "type": "Point", "coordinates": [ -73.9530056, 40.8176244 ] } },
{ "type": "Feature", "properties": { "node_id": "7571410131", "street_count": 3 }, "geometry": { "type": "Point", "coordinates": [ -73.9667525, 40.7967238 ] } },
{ "type": "Feature", "properties": { "node_id": "10171363558", "street_count": 4 }, "geometry": { "type": "Point", "coordinates": [ -73.9614473, 40.7985342 ] } },
{ "type": "Feature", "properties": { "node_id": "10055257582", "street_count": 3 }, "geometry": { "type": "Point", "coordinates": [ -73.9747544, 40.7971533 ] } },
{ "type": "Feature", "properties": { "node_id": "11851515069", "street_count": 4 }, "geometry": { "type": "Point", "coordinates": [ -73.9570012, 40.8126103 ] } },
{ "type": "Feature", "properties": { "node_id": "10055105484", "street_count": 3 }, "geometry": { "type": "Point", "coordinates": [ -73.9585706, 40.8134426 ] } },
{ "type": "Feature", "properties": { "node_id": "7571274537", "street_count": 3 }, "geometry": { "type": "Point", "coordinates": [ -73.9665053, 40.798296 ] } },
{ "type": "Feature", "properties": { "node_id": "12998397980", "street_count": 4 }, "geometry": { "type": "Point", "coordinates": [ -73.9524666, 40.802387 ] } },
{ "type": "Feature", "properties": { "node_id": "10165989505", "street_count": 4 }, "geometry": { "type": "Point", "coordinates": [ -73.9646778, 40.8016381 ] } },
{ "type": "Feature", "properties": { "node_id": "2058920057", "street_count": 4 }, "geometry": { "type": "Point", "coordinates": [ -73.9554381, 40.7993825 ] } },
{ "type": "Feature", "properties": { "node_id": "7785929605", "street_count": 3 }, "geometry": { "type": "Point", "coordinates": [ -73.9696686, 40.8036856 ] } },
{ "type": "Feature", "properties": { "node_id": "11803975686", "street_count": 4 }, "geometry": { "type": "Point", "coordinates": [ -73.962759, 40.796742 ] } },
{ "type": "Feature", "properties": { "node_id": "5481882798", "street_count": 1 }, "geometry": { "type": "Point", "coordinates": [ -73.9513081, 40.8018252 ] } },
{ "type": "Feature", "properties": { "node_id": "6244980519", "street_count": 3 }, "geometry": { "type": "Point", "coordinates": [ -73.9617323, 40.8132008 ] } },
{ "type": "Feature", "properties": { "node_id": "10171493827", "street_count": 3 }, "geometry": { "type": "Point", "coordinates": [ -73.9528024, 40.803473 ] } },
{ "type": "Feature", "properties": { "node_id": "10171069653", "street_count": 4 }, "geometry": { "type": "Point", "coordinates": [ -73.9524089, 40.8082488 ] } },
{ "type": "Feature", "properties": { "node_id": "10170977556", "street_count": 4 }, "geometry": { "type": "Point", "coordinates": [ -73.953077, 40.8175026 ] } },
{ "type": "Feature", "properties": { "node_id": "6880376112", "street_count": 4 }, "geometry": { "type": "Point", "coordinates": [ -73.95756, 40.8127478 ] } },
{ "type": "Feature", "properties": { "node_id": "3088565324", "street_count": 3 }, "geometry": { "type": "Point", "coordinates": [ -73.9719632, 40.8011106 ] } },
{ "type": "Feature", "properties": { "node_id": "4401269635", "street_count": 3 }, "geometry": { "type": "Point", "coordinates": [ -73.9631524, 40.8073126 ] } },
{ "type": "Feature", "properties": { "node_id": "11296570954", "street_count": 3 }, "geometry": { "type": "Point", "coordinates": [ -73.9735752, 40.7971889 ] } },
{ "type": "Feature", "properties": { "node_id": "9513053640", "street_count": 1 }, "geometry": { "type": "Point", "coordinates": [ -73.9690395, 40.8040086 ] } },
{ "type": "Feature", "properties": { "node_id": "10049953224", "street_count": 3 }, "geometry": { "type": "Point", "coordinates": [ -73.9601848, 40.8179743 ] } },
{ "type": "Feature", "properties": { "node_id": "11993388558", "street_count": 3 }, "geometry": { "type": "Point", "coordinates": [ -73.9577365, 40.8065353 ] } },
{ "type": "Feature", "properties": { "node_id": "11296306922", "street_count": 3 }, "geometry": { "type": "Point", "coordinates": [ -73.9509771, 40.8141692 ] } },
{ "type": "Feature", "properties": { "node_id": "10171069503", "street_count": 4 }, "geometry": { "type": "Point", "coordinates": [ -73.9530333, 40.8127351 ] } },
{ "type": "Feature", "properties": { "node_id": "42436734", "street_count": 3 }, "geometry": { "type": "Point", "coordinates": [ -73.9531404, 40.8126972 ] } },
{ "type": "Feature", "properties": { "node_id": "10171069701", "street_count": 4 }, "geometry": { "type": "Point", "coordinates": [ -73.9520766, 40.8096049 ] } },
{ "type": "Feature", "properties": { "node_id": "8250876253", "street_count": 4 }, "geometry": { "type": "Point", "coordinates": [ -73.9570992, 40.8069267 ] } },
{ "type": "Feature", "properties": { "node_id": "10168729764", "street_count": 4 }, "geometry": { "type": "Point", "coordinates": [ -73.9517987, 40.8038781 ] } },
{ "type": "Feature", "properties": { "node_id": "10166004092", "street_count": 4 }, "geometry": { "type": "Point", "coordinates": [ -73.9637593, 40.7977774 ] } },
{ "type": "Feature", "properties": { "node_id": "7598970693", "street_count": 1 }, "geometry": { "type": "Point", "coordinates": [ -73.9550848, 40.8120077 ] } },
{ "type": "Feature", "properties": { "node_id": "2329912019", "street_count": 3 }, "geometry": { "type": "Point", "coordinates": [ -73.9682715, 40.8065552 ] } },
{ "type": "Feature", "properties": { "node_id": "6946606760", "street_count": 1 }, "geometry": { "type": "Point", "coordinates": [ -73.9617068, 40.8062113 ] } },
{ "type": "Feature", "properties": { "node_id": "5790702448", "street_count": 1 }, "geometry": { "type": "Point", "coordinates": [ -73.9656234, 40.7986742 ] } },
{ "type": "Feature", "properties": { "node_id": "9150552666", "street_count": 3 }, "geometry": { "type": "Point", "coordinates": [ -73.964681, 40.7965299 ] } },
{ "type": "Feature", "properties": { "node_id": "7477877422", "street_count": 1 }, "geometry": { "type": "Point", "coordinates": [ -73.9505964, 40.8041206 ] } },
{ "type": "Feature", "properties": { "node_id": "7658609429", "street_count": 1 }, "geometry": { "type": "Point", "coordinates": [ -73.9522956, 40.8091557 ] } },
{ "type": "Feature", "properties": { "node_id": "10055186128", "street_count": 3 }, "geometry": { "type": "Point", "coordinates": [ -73.9704455, 40.8045438 ] } },
{ "type": "Feature", "properties": { "node_id": "8807518809", "street_count": 4 }, "geometry": { "type": "Point", "coordinates": [ -73.9502514, 40.7997798 ] } },
{ "type": "Feature", "properties": { "node_id": "10171087494", "street_count": 4 }, "geometry": { "type": "Point", "coordinates": [ -73.9540603, 40.8115257 ] } },
{ "type": "Feature", "properties": { "node_id": "2329798753", "street_count": 3 }, "geometry": { "type": "Point", "coordinates": [ -73.9754031, 40.7994775 ] } },
{ "type": "Feature", "properties": { "node_id": "12816046128", "street_count": 1 }, "geometry": { "type": "Point", "coordinates": [ -73.9514041, 40.7971712 ] } },
{ "type": "Feature", "properties": { "node_id": "11851500946", "street_count": 4 }, "geometry": { "type": "Point", "coordinates": [ -73.9621921, 40.8107133 ] } },
{ "type": "Feature", "properties": { "node_id": "10049830847", "street_count": 4 }, "geometry": { "type": "Point", "coordinates": [ -73.9583032, 40.8159203 ] } },
{ "type": "Feature", "properties": { "node_id": "10050036787", "street_count": 4 }, "geometry": { "type": "Point", "coordinates": [ -73.9577687, 40.8162318 ] } },
{ "type": "Feature", "properties": { "node_id": "7785881421", "street_count": 3 }, "geometry": { "type": "Point", "coordinates": [ -73.9676224, 40.8069243 ] } },
{ "type": "Feature", "properties": { "node_id": "6793779225", "street_count": 3 }, "geometry": { "type": "Point", "coordinates": [ -73.9582966, 40.8073731 ] } },
{ "type": "Feature", "properties": { "node_id": "6831699328", "street_count": 3 }, "geometry": { "type": "Point", "coordinates": [ -73.9624364, 40.8071928 ] } },
{ "type": "Feature", "properties": { "node_id": "11298919644", "street_count": 4 }, "geometry": { "type": "Point", "coordinates": [ -73.9500488, 40.8114749 ] } },
{ "type": "Feature", "properties": { "node_id": "2091642197", "street_count": 1 }, "geometry": { "type": "Point", "coordinates": [ -73.9584247, 40.8008692 ] } },
{ "type": "Feature", "properties": { "node_id": "10171508887", "street_count": 4 }, "geometry": { "type": "Point", "coordinates": [ -73.9518528, 40.8129743 ] } },
{ "type": "Feature", "properties": { "node_id": "7802964933", "street_count": 4 }, "geometry": { "type": "Point", "coordinates": [ -73.951675, 40.7995959 ] } },
{ "type": "Feature", "properties": { "node_id": "10171069635", "street_count": 4 }, "geometry": { "type": "Point", "coordinates": [ -73.9545514, 40.8108567 ] } },
{ "type": "Feature", "properties": { "node_id": "11979323600", "street_count": 1 }, "geometry": { "type": "Point", "coordinates": [ -73.9544514, 40.8111861 ] } },
{ "type": "Feature", "properties": { "node_id": "7785881436", "street_count": 4 }, "geometry": { "type": "Point", "coordinates": [ -73.9671074, 40.8069294 ] } },
{ "type": "Feature", "properties": { "node_id": "10171508867", "street_count": 4 }, "geometry": { "type": "Point", "coordinates": [ -73.9505555, 40.8107903 ] } },
{ "type": "Feature", "properties": { "node_id": "10168029067", "street_count": 4 }, "geometry": { "type": "Point", "coordinates": [ -73.9537098, 40.8094696 ] } },
{ "type": "Feature", "properties": { "node_id": "8379835873", "street_count": 3 }, "geometry": { "type": "Point", "coordinates": [ -73.9606104, 40.8076505 ] } },
{ "type": "Feature", "properties": { "node_id": "5895455152", "street_count": 3 }, "geometry": { "type": "Point", "coordinates": [ -73.9629523, 40.8103126 ] } },
{ "type": "Feature", "properties": { "node_id": "4302966994", "street_count": 3 }, "geometry": { "type": "Point", "coordinates": [ -73.9553381, 40.7974762 ] } },
{ "type": "Feature", "properties": { "node_id": "10171135917", "street_count": 4 }, "geometry": { "type": "Point", "coordinates": [ -73.9539673, 40.8163098 ] } },
{ "type": "Feature", "properties": { "node_id": "7323388261", "street_count": 1 }, "geometry": { "type": "Point", "coordinates": [ -73.9580586, 40.8117929 ] } },
{ "type": "Feature", "properties": { "node_id": "10049860702", "street_count": 4 }, "geometry": { "type": "Point", "coordinates": [ -73.9610326, 40.8177343 ] } },
{ "type": "Feature", "properties": { "node_id": "7209676830", "street_count": 4 }, "geometry": { "type": "Point", "coordinates": [ -73.9596585, 40.8013255 ] } },
{ "type": "Feature", "properties": { "node_id": "10173400452", "street_count": 3 }, "geometry": { "type": "Point", "coordinates": [ -73.9524975, 40.8029285 ] } },
{ "type": "Feature", "properties": { "node_id": "7785881393", "street_count": 3 }, "geometry": { "type": "Point", "coordinates": [ -73.9641207, 40.8115227 ] } },
{ "type": "Feature", "properties": { "node_id": "5924124674", "street_count": 3 }, "geometry": { "type": "Point", "coordinates": [ -73.9616622, 40.8067057 ] } },
{ "type": "Feature", "properties": { "node_id": "42437211", "street_count": 1 }, "geometry": { "type": "Point", "coordinates": [ -73.9544809, 40.8006953 ] } },
{ "type": "Feature", "properties": { "node_id": "10183024494", "street_count": 3 }, "geometry": { "type": "Point", "coordinates": [ -73.950208, 40.8150823 ] } },
{ "type": "Feature", "properties": { "node_id": "10168029018", "street_count": 4 }, "geometry": { "type": "Point", "coordinates": [ -73.9538103, 40.806365 ] } },
{ "type": "Feature", "properties": { "node_id": "7571274526", "street_count": 1 }, "geometry": { "type": "Point", "coordinates": [ -73.9659704, 40.7975971 ] } },
{ "type": "Feature", "properties": { "node_id": "42453717", "street_count": 3 }, "geometry": { "type": "Point", "coordinates": [ -73.9578259, 40.8151611 ] } },
{ "type": "Feature", "properties": { "node_id": "2308955273", "street_count": 3 }, "geometry": { "type": "Point", "coordinates": [ -73.9619089, 40.8073103 ] } },
{ "type": "Feature", "properties": { "node_id": "7732571915", "street_count": 3 }, "geometry": { "type": "Point", "coordinates": [ -73.9595343, 40.8170513 ] } },
{ "type": "Feature", "properties": { "node_id": "11209021463", "street_count": 3 }, "geometry": { "type": "Point", "coordinates": [ -73.9675043, 40.8061792 ] } },
{ "type": "Feature", "properties": { "node_id": "10171187066", "street_count": 3 }, "geometry": { "type": "Point", "coordinates": [ -73.9686202, 40.8041312 ] } },
{ "type": "Feature", "properties": { "node_id": "3704337156", "street_count": 3 }, "geometry": { "type": "Point", "coordinates": [ -73.9706188, 40.8045381 ] } },
{ "type": "Feature", "properties": { "node_id": "10055257583", "street_count": 3 }, "geometry": { "type": "Point", "coordinates": [ -73.9748734, 40.7969518 ] } },
{ "type": "Feature", "properties": { "node_id": "3247295578", "street_count": 3 }, "geometry": { "type": "Point", "coordinates": [ -73.9577552, 40.8002393 ] } },
{ "type": "Feature", "properties": { "node_id": "10170977550", "street_count": 3 }, "geometry": { "type": "Point", "coordinates": [ -73.952649, 40.818111 ] } },
{ "type": "Feature", "properties": { "node_id": "7732571885", "street_count": 3 }, "geometry": { "type": "Point", "coordinates": [ -73.9621943, 40.813975 ] } },
{ "type": "Feature", "properties": { "node_id": "10173362952", "street_count": 4 }, "geometry": { "type": "Point", "coordinates": [ -73.9554879, 40.8144237 ] } },
{ "type": "Feature", "properties": { "node_id": "10168029042", "street_count": 4 }, "geometry": { "type": "Point", "coordinates": [ -73.9531181, 40.8077184 ] } },
{ "type": "Feature", "properties": { "node_id": "10055110510", "street_count": 4 }, "geometry": { "type": "Point", "coordinates": [ -73.9570158, 40.8155073 ] } },
{ "type": "Feature", "properties": { "node_id": "10055186131", "street_count": 4 }, "geometry": { "type": "Point", "coordinates": [ -73.9720218, 40.8022768 ] } },
{ "type": "Feature", "properties": { "node_id": "9518268092", "street_count": 4 }, "geometry": { "type": "Point", "coordinates": [ -73.9632377, 40.8109035 ] } },
{ "type": "Feature", "properties": { "node_id": "1774037010", "street_count": 3 }, "geometry": { "type": "Point", "coordinates": [ -73.9593879, 40.8055439 ] } },
{ "type": "Feature", "properties": { "node_id": "6912871493", "street_count": 3 }, "geometry": { "type": "Point", "coordinates": [ -73.9719109, 40.7996399 ] } },
{ "type": "Feature", "properties": { "node_id": "10170858716", "street_count": 4 }, "geometry": { "type": "Point", "coordinates": [ -73.9669905, 40.8034295 ] } },
{ "type": "Feature", "properties": { "node_id": "10128823997", "street_count": 4 }, "geometry": { "type": "Point", "coordinates": [ -73.9570021, 40.8176592 ] } },
{ "type": "Feature", "properties": { "node_id": "3271250936", "street_count": 1 }, "geometry": { "type": "Point", "coordinates": [ -73.963956, 40.8082623 ] } },
{ "type": "Feature", "properties": { "node_id": "6814262782", "street_count": 4 }, "geometry": { "type": "Point", "coordinates": [ -73.9636592, 40.8030323 ] } },
{ "type": "Feature", "properties": { "node_id": "10170893925", "street_count": 4 }, "geometry": { "type": "Point", "coordinates": [ -73.9641242, 40.8023829 ] } },
{ "type": "Feature", "properties": { "node_id": "10172883038", "street_count": 4 }, "geometry": { "type": "Point", "coordinates": [ -73.9516049, 40.8046256 ] } },
{ "type": "Feature", "properties": { "node_id": "10128889845", "street_count": 4 }, "geometry": { "type": "Point", "coordinates": [ -73.9567029, 40.8182062 ] } },
{ "type": "Feature", "properties": { "node_id": "7785880654", "street_count": 3 }, "geometry": { "type": "Point", "coordinates": [ -73.968164, 40.8047299 ] } },
{ "type": "Feature", "properties": { "node_id": "3570003194", "street_count": 3 }, "geometry": { "type": "Point", "coordinates": [ -73.9617541, 40.8179764 ] } },
{ "type": "Feature", "properties": { "node_id": "11822867882", "street_count": 3 }, "geometry": { "type": "Point", "coordinates": [ -73.9638348, 40.8012844 ] } },
{ "type": "Feature", "properties": { "node_id": "7571410090", "street_count": 3 }, "geometry": { "type": "Point", "coordinates": [ -73.9670096, 40.7978178 ] } },
{ "type": "Feature", "properties": { "node_id": "7598911158", "street_count": 1 }, "geometry": { "type": "Point", "coordinates": [ -73.9576065, 40.8139495 ] } },
{ "type": "Feature", "properties": { "node_id": "6893758006", "street_count": 1 }, "geometry": { "type": "Point", "coordinates": [ -73.9613481, 40.8072781 ] } },
{ "type": "Feature", "properties": { "node_id": "10165989515", "street_count": 4 }, "geometry": { "type": "Point", "coordinates": [ -73.9620908, 40.8005469 ] } },
{ "type": "Feature", "properties": { "node_id": "10050012836", "street_count": 3 }, "geometry": { "type": "Point", "coordinates": [ -73.9618571, 40.8163011 ] } },
{ "type": "Feature", "properties": { "node_id": "8250876256", "street_count": 4 }, "geometry": { "type": "Point", "coordinates": [ -73.9559206, 40.8064393 ] } },
{ "type": "Feature", "properties": { "node_id": "8795723388", "street_count": 3 }, "geometry": { "type": "Point", "coordinates": [ -73.958012, 40.8151591 ] } },
{ "type": "Feature", "properties": { "node_id": "10049830846", "street_count": 4 }, "geometry": { "type": "Point", "coordinates": [ -73.9581283, 40.815726 ] } },
{ "type": "Feature", "properties": { "node_id": "10165989513", "street_count": 4 }, "geometry": { "type": "Point", "coordinates": [ -73.9617374, 40.8005551 ] } },
{ "type": "Feature", "properties": { "node_id": "12233723165", "street_count": 3 }, "geometry": { "type": "Point", "coordinates": [ -73.9521208, 40.7989473 ] } },
{ "type": "Feature", "properties": { "node_id": "1774037249", "street_count": 3 }, "geometry": { "type": "Point", "coordinates": [ -73.958586, 40.8061914 ] } },
{ "type": "Feature", "properties": { "node_id": "10055186122", "street_count": 3 }, "geometry": { "type": "Point", "coordinates": [ -73.9686302, 40.8071883 ] } },
{ "type": "Feature", "properties": { "node_id": "10171363587", "street_count": 4 }, "geometry": { "type": "Point", "coordinates": [ -73.9602051, 40.8005825 ] } },
{ "type": "Feature", "properties": { "node_id": "1774036802", "street_count": 3 }, "geometry": { "type": "Point", "coordinates": [ -73.9585202, 40.8059116 ] } },
{ "type": "Feature", "properties": { "node_id": "4302966463", "street_count": 3 }, "geometry": { "type": "Point", "coordinates": [ -73.960185, 40.7965638 ] } },
{ "type": "Feature", "properties": { "node_id": "10165989502", "street_count": 4 }, "geometry": { "type": "Point", "coordinates": [ -73.9649387, 40.8017536 ] } },
{ "type": "Feature", "properties": { "node_id": "6893757991", "street_count": 3 }, "geometry": { "type": "Point", "coordinates": [ -73.9624493, 40.8077563 ] } },
{ "type": "Feature", "properties": { "node_id": "10054975855", "street_count": 4 }, "geometry": { "type": "Point", "coordinates": [ -73.9574247, 40.8162673 ] } },
{ "type": "Feature", "properties": { "node_id": "10171865597", "street_count": 4 }, "geometry": { "type": "Point", "coordinates": [ -73.9530654, 40.8143863 ] } },
{ "type": "Feature", "properties": { "node_id": "4302966767", "street_count": 1 }, "geometry": { "type": "Point", "coordinates": [ -73.9600489, 40.7970057 ] } },
{ "type": "Feature", "properties": { "node_id": "10171219260", "street_count": 4 }, "geometry": { "type": "Point", "coordinates": [ -73.9528551, 40.8041698 ] } },
{ "type": "Feature", "properties": { "node_id": "6793779217", "street_count": 3 }, "geometry": { "type": "Point", "coordinates": [ -73.9592594, 40.8060677 ] } },
{ "type": "Feature", "properties": { "node_id": "10055186146", "street_count": 3 }, "geometry": { "type": "Point", "coordinates": [ -73.971614, 40.803122 ] } },
{ "type": "Feature", "properties": { "node_id": "4302967314", "street_count": 3 }, "geometry": { "type": "Point", "coordinates": [ -73.9565162, 40.7986674 ] } },
{ "type": "Feature", "properties": { "node_id": "561035343", "street_count": 4 }, "geometry": { "type": "Point", "coordinates": [ -73.9582064, 40.8156143 ] } },
{ "type": "Feature", "properties": { "node_id": "9646878717", "street_count": 4 }, "geometry": { "type": "Point", "coordinates": [ -73.9693454, 40.8003433 ] } },
{ "type": "Feature", "properties": { "node_id": "11851515071", "street_count": 4 }, "geometry": { "type": "Point", "coordinates": [ -73.9569066, 40.8127427 ] } },
{ "type": "Feature", "properties": { "node_id": "3579426818", "street_count": 3 }, "geometry": { "type": "Point", "coordinates": [ -73.9580915, 40.8128683 ] } },
{ "type": "Feature", "properties": { "node_id": "9654489362", "street_count": 4 }, "geometry": { "type": "Point", "coordinates": [ -73.9675062, 40.7977782 ] } },
{ "type": "Feature", "properties": { "node_id": "10302073274", "street_count": 3 }, "geometry": { "type": "Point", "coordinates": [ -73.9555723, 40.8175049 ] } },
{ "type": "Feature", "properties": { "node_id": "7087041465", "street_count": 3 }, "geometry": { "type": "Point", "coordinates": [ -73.9571922, 40.8118899 ] } },
{ "type": "Feature", "properties": { "node_id": "10050007136", "street_count": 4 }, "geometry": { "type": "Point", "coordinates": [ -73.9588165, 40.8146175 ] } },
{ "type": "Feature", "properties": { "node_id": "2058920051", "street_count": 4 }, "geometry": { "type": "Point", "coordinates": [ -73.9551654, 40.799272 ] } },
{ "type": "Feature", "properties": { "node_id": "8767214399", "street_count": 3 }, "geometry": { "type": "Point", "coordinates": [ -73.9576237, 40.8169529 ] } },
{ "type": "Feature", "properties": { "node_id": "9459407318", "street_count": 4 }, "geometry": { "type": "Point", "coordinates": [ -73.9567434, 40.8174577 ] } },
{ "type": "Feature", "properties": { "node_id": "10165997008", "street_count": 4 }, "geometry": { "type": "Point", "coordinates": [ -73.957647, 40.8037578 ] } },
{ "type": "Feature", "properties": { "node_id": "42427519", "street_count": 3 }, "geometry": { "type": "Point", "coordinates": [ -73.9522263, 40.8123183 ] } },
{ "type": "Feature", "properties": { "node_id": "432755903", "street_count": 3 }, "geometry": { "type": "Point", "coordinates": [ -73.9525074, 40.7978519 ] } },
{ "type": "Feature", "properties": { "node_id": "10302073276", "street_count": 4 }, "geometry": { "type": "Point", "coordinates": [ -73.9556725, 40.8175286 ] } },
{ "type": "Feature", "properties": { "node_id": "10168010399", "street_count": 4 }, "geometry": { "type": "Point", "coordinates": [ -73.9544808, 40.8058347 ] } },
{ "type": "Feature", "properties": { "node_id": "627905371", "street_count": 3 }, "geometry": { "type": "Point", "coordinates": [ -73.9634346, 40.8069293 ] } },
{ "type": "Feature", "properties": { "node_id": "7616688918", "street_count": 4 }, "geometry": { "type": "Point", "coordinates": [ -73.9607211, 40.817536 ] } },
{ "type": "Feature", "properties": { "node_id": "6823995454", "street_count": 3 }, "geometry": { "type": "Point", "coordinates": [ -73.9547554, 40.8114202 ] } },
{ "type": "Feature", "properties": { "node_id": "10168673723", "street_count": 4 }, "geometry": { "type": "Point", "coordinates": [ -73.9654669, 40.8062312 ] } },
{ "type": "Feature", "properties": { "node_id": "9654214261", "street_count": 4 }, "geometry": { "type": "Point", "coordinates": [ -73.9635333, 40.7985669 ] } },
{ "type": "Feature", "properties": { "node_id": "12998397978", "street_count": 4 }, "geometry": { "type": "Point", "coordinates": [ -73.9524561, 40.8022382 ] } },
{ "type": "Feature", "properties": { "node_id": "6001651081", "street_count": 3 }, "geometry": { "type": "Point", "coordinates": [ -73.9601562, 40.8065578 ] } },
{ "type": "Feature", "properties": { "node_id": "10129081625", "street_count": 3 }, "geometry": { "type": "Point", "coordinates": [ -73.9562351, 40.8181716 ] } },
{ "type": "Feature", "properties": { "node_id": "6783696455", "street_count": 4 }, "geometry": { "type": "Point", "coordinates": [ -73.9585568, 40.8100128 ] } },
{ "type": "Feature", "properties": { "node_id": "1792517013", "street_count": 3 }, "geometry": { "type": "Point", "coordinates": [ -73.9593468, 40.8048086 ] } },
{ "type": "Feature", "properties": { "node_id": "42425088", "street_count": 3 }, "geometry": { "type": "Point", "coordinates": [ -73.9610181, 40.8176592 ] } },
{ "type": "Feature", "properties": { "node_id": "3247295580", "street_count": 4 }, "geometry": { "type": "Point", "coordinates": [ -73.9584311, 40.8004321 ] } },
{ "type": "Feature", "properties": { "node_id": "10055115546", "street_count": 4 }, "geometry": { "type": "Point", "coordinates": [ -73.9539327, 40.8168158 ] } },
{ "type": "Feature", "properties": { "node_id": "10171363588", "street_count": 4 }, "geometry": { "type": "Point", "coordinates": [ -73.9601286, 40.8006936 ] } },
{ "type": "Feature", "properties": { "node_id": "8767214402", "street_count": 4 }, "geometry": { "type": "Point", "coordinates": [ -73.9587738, 40.8174564 ] } },
{ "type": "Feature", "properties": { "node_id": "10055186123", "street_count": 3 }, "geometry": { "type": "Point", "coordinates": [ -73.9689842, 40.8065059 ] } },
{ "type": "Feature", "properties": { "node_id": "10055041240", "street_count": 3 }, "geometry": { "type": "Point", "coordinates": [ -73.9536859, 40.8171623 ] } },
{ "type": "Feature", "properties": { "node_id": "6883897062", "street_count": 4 }, "geometry": { "type": "Point", "coordinates": [ -73.9713644, 40.8003674 ] } },
{ "type": "Feature", "properties": { "node_id": "10171069507", "street_count": 4 }, "geometry": { "type": "Point", "coordinates": [ -73.9530397, 40.8126555 ] } },
{ "type": "Feature", "properties": { "node_id": "7598688516", "street_count": 3 }, "geometry": { "type": "Point", "coordinates": [ -73.9568819, 40.8130924 ] } },
{ "type": "Feature", "properties": { "node_id": "10054996915", "street_count": 3 }, "geometry": { "type": "Point", "coordinates": [ -73.955399, 40.8167803 ] } },
{ "type": "Feature", "properties": { "node_id": "10049970740", "street_count": 3 }, "geometry": { "type": "Point", "coordinates": [ -73.9634918, 40.8130938 ] } },
{ "type": "Feature", "properties": { "node_id": "10168029043", "street_count": 4 }, "geometry": { "type": "Point", "coordinates": [ -73.9532066, 40.8076059 ] } },
{ "type": "Feature", "properties": { "node_id": "7571410103", "street_count": 3 }, "geometry": { "type": "Point", "coordinates": [ -73.9656195, 40.7978462 ] } },
{ "type": "Feature", "properties": { "node_id": "8375719534", "street_count": 3 }, "geometry": { "type": "Point", "coordinates": [ -73.9620458, 40.8075849 ] } },
{ "type": "Feature", "properties": { "node_id": "10054996903", "street_count": 3 }, "geometry": { "type": "Point", "coordinates": [ -73.9552666, 40.8159892 ] } },
{ "type": "Feature", "properties": { "node_id": "10171069499", "street_count": 4 }, "geometry": { "type": "Point", "coordinates": [ -73.9531065, 40.8135488 ] } },
{ "type": "Feature", "properties": { "node_id": "3907629311", "street_count": 3 }, "geometry": { "type": "Point", "coordinates": [ -73.9611833, 40.8070001 ] } },
{ "type": "Feature", "properties": { "node_id": "13684300884", "street_count": 4 }, "geometry": { "type": "Point", "coordinates": [ -73.9651456, 40.8059499 ] } },
{ "type": "Feature", "properties": { "node_id": "10171363581", "street_count": 4 }, "geometry": { "type": "Point", "coordinates": [ -73.9626715, 40.7992903 ] } },
{ "type": "Feature", "properties": { "node_id": "10173250037", "street_count": 4 }, "geometry": { "type": "Point", "coordinates": [ -73.9557933, 40.8142513 ] } },
{ "type": "Feature", "properties": { "node_id": "9518300238", "street_count": 4 }, "geometry": { "type": "Point", "coordinates": [ -73.9620713, 40.8121514 ] } },
{ "type": "Feature", "properties": { "node_id": "4302966438", "street_count": 3 }, "geometry": { "type": "Point", "coordinates": [ -73.9566292, 40.7965437 ] } },
{ "type": "Feature", "properties": { "node_id": "2329911973", "street_count": 3 }, "geometry": { "type": "Point", "coordinates": [ -73.9702884, 40.8045847 ] } },
{ "type": "Feature", "properties": { "node_id": "10170704048", "street_count": 4 }, "geometry": { "type": "Point", "coordinates": [ -73.9634667, 40.80374 ] } },
{ "type": "Feature", "properties": { "node_id": "10171098627", "street_count": 3 }, "geometry": { "type": "Point", "coordinates": [ -73.9527241, 40.8082231 ] } },
{ "type": "Feature", "properties": { "node_id": "10055105483", "street_count": 4 }, "geometry": { "type": "Point", "coordinates": [ -73.958324, 40.8133386 ] } },
{ "type": "Feature", "properties": { "node_id": "10050020903", "street_count": 3 }, "geometry": { "type": "Point", "coordinates": [ -73.9631904, 40.8147567 ] } },
{ "type": "Feature", "properties": { "node_id": "4938635548", "street_count": 3 }, "geometry": { "type": "Point", "coordinates": [ -73.9614519, 40.8169441 ] } },
{ "type": "Feature", "properties": { "node_id": "6886294981", "street_count": 4 }, "geometry": { "type": "Point", "coordinates": [ -73.9612527, 40.8119905 ] } },
{ "type": "Feature", "properties": { "node_id": "7934887525", "street_count": 3 }, "geometry": { "type": "Point", "coordinates": [ -73.9607315, 40.8164399 ] } },
{ "type": "Feature", "properties": { "node_id": "3579426693", "street_count": 3 }, "geometry": { "type": "Point", "coordinates": [ -73.9582986, 40.8115929 ] } },
{ "type": "Feature", "properties": { "node_id": "3579426870", "street_count": 3 }, "geometry": { "type": "Point", "coordinates": [ -73.9621585, 40.8063152 ] } },
{ "type": "Feature", "properties": { "node_id": "7785881413", "street_count": 3 }, "geometry": { "type": "Point", "coordinates": [ -73.9676363, 40.8071723 ] } },
{ "type": "Feature", "properties": { "node_id": "7168010767", "street_count": 4 }, "geometry": { "type": "Point", "coordinates": [ -73.9611427, 40.8019455 ] } },
{ "type": "Feature", "properties": { "node_id": "11829983040", "street_count": 1 }, "geometry": { "type": "Point", "coordinates": [ -73.9631466, 40.8035894 ] } },
{ "type": "Feature", "properties": { "node_id": "11840444648", "street_count": 4 }, "geometry": { "type": "Point", "coordinates": [ -73.9550063, 40.8076951 ] } },
{ "type": "Feature", "properties": { "node_id": "7006954139", "street_count": 1 }, "geometry": { "type": "Point", "coordinates": [ -73.9606285, 40.8025079 ] } },
{ "type": "Feature", "properties": { "node_id": "42452276", "street_count": 4 }, "geometry": { "type": "Point", "coordinates": [ -73.9680554, 40.8057185 ] } },
{ "type": "Feature", "properties": { "node_id": "10055123055", "street_count": 4 }, "geometry": { "type": "Point", "coordinates": [ -73.9550358, 40.8150598 ] } },
{ "type": "Feature", "properties": { "node_id": "10054994691", "street_count": 3 }, "geometry": { "type": "Point", "coordinates": [ -73.9635937, 40.8126635 ] } },
{ "type": "Feature", "properties": { "node_id": "2340960701", "street_count": 3 }, "geometry": { "type": "Point", "coordinates": [ -73.9617541, 40.8100198 ] } },
{ "type": "Feature", "properties": { "node_id": "10171865608", "street_count": 4 }, "geometry": { "type": "Point", "coordinates": [ -73.9517551, 40.8128449 ] } },
{ "type": "Feature", "properties": { "node_id": "10168010392", "street_count": 4 }, "geometry": { "type": "Point", "coordinates": [ -73.9562003, 40.8057323 ] } },
{ "type": "Feature", "properties": { "node_id": "2058920035", "street_count": 4 }, "geometry": { "type": "Point", "coordinates": [ -73.9551023, 40.7989169 ] } },
{ "type": "Feature", "properties": { "node_id": "7745748130", "street_count": 4 }, "geometry": { "type": "Point", "coordinates": [ -73.9663267, 40.8082302 ] } },
{ "type": "Feature", "properties": { "node_id": "10302073269", "street_count": 1 }, "geometry": { "type": "Point", "coordinates": [ -73.9559205, 40.8177149 ] } },
{ "type": "Feature", "properties": { "node_id": "42428863", "street_count": 5 }, "geometry": { "type": "Point", "coordinates": [ -73.9583906, 40.8158098 ] } },
{ "type": "Feature", "properties": { "node_id": "10168029056", "street_count": 4 }, "geometry": { "type": "Point", "coordinates": [ -73.9540852, 40.8089518 ] } },
{ "type": "Feature", "properties": { "node_id": "7281240443", "street_count": 4 }, "geometry": { "type": "Point", "coordinates": [ -73.9582897, 40.8057844 ] } },
{ "type": "Feature", "properties": { "node_id": "10169289721", "street_count": 3 }, "geometry": { "type": "Point", "coordinates": [ -73.9649066, 40.8085742 ] } },
{ "type": "Feature", "properties": { "node_id": "11842918578", "street_count": 4 }, "geometry": { "type": "Point", "coordinates": [ -73.9657539, 40.807846 ] } },
{ "type": "Feature", "properties": { "node_id": "6993051358", "street_count": 1 }, "geometry": { "type": "Point", "coordinates": [ -73.9570532, 40.809329 ] } },
{ "type": "Feature", "properties": { "node_id": "6793779214", "street_count": 3 }, "geometry": { "type": "Point", "coordinates": [ -73.9593132, 40.8059958 ] } },
{ "type": "Feature", "properties": { "node_id": "10171865567", "street_count": 4 }, "geometry": { "type": "Point", "coordinates": [ -73.9509583, 40.8125444 ] } },
{ "type": "Feature", "properties": { "node_id": "2340960672", "street_count": 3 }, "geometry": { "type": "Point", "coordinates": [ -73.9617397, 40.8088402 ] } },
{ "type": "Feature", "properties": { "node_id": "3898480648", "street_count": 3 }, "geometry": { "type": "Point", "coordinates": [ -73.9509924, 40.8172768 ] } },
{ "type": "Feature", "properties": { "node_id": "10171508872", "street_count": 4 }, "geometry": { "type": "Point", "coordinates": [ -73.951235, 40.8103364 ] } },
{ "type": "Feature", "properties": { "node_id": "7785880681", "street_count": 4 }, "geometry": { "type": "Point", "coordinates": [ -73.9678618, 40.8047784 ] } },
{ "type": "Feature", "properties": { "node_id": "10173362966", "street_count": 4 }, "geometry": { "type": "Point", "coordinates": [ -73.9520238, 40.8113351 ] } },
{ "type": "Feature", "properties": { "node_id": "6808258543", "street_count": 3 }, "geometry": { "type": "Point", "coordinates": [ -73.9613143, 40.807556 ] } },
{ "type": "Feature", "properties": { "node_id": "11840449878", "street_count": 4 }, "geometry": { "type": "Point", "coordinates": [ -73.9553561, 40.8068808 ] } },
{ "type": "Feature", "properties": { "node_id": "13435248279", "street_count": 1 }, "geometry": { "type": "Point", "coordinates": [ -73.9630078, 40.8043709 ] } },
{ "type": "Feature", "properties": { "node_id": "1792517028", "street_count": 3 }, "geometry": { "type": "Point", "coordinates": [ -73.9595244, 40.8042291 ] } },
{ "type": "Feature", "properties": { "node_id": "10171227007", "street_count": 4 }, "geometry": { "type": "Point", "coordinates": [ -73.9585083, 40.800843 ] } },
{ "type": "Feature", "properties": { "node_id": "42431108", "street_count": 1 }, "geometry": { "type": "Point", "coordinates": [ -73.970885, 40.7984503 ] } },
{ "type": "Feature", "properties": { "node_id": "11882319423", "street_count": 3 }, "geometry": { "type": "Point", "coordinates": [ -73.9655661, 40.7971676 ] } },
{ "type": "Feature", "properties": { "node_id": "10049860711", "street_count": 4 }, "geometry": { "type": "Point", "coordinates": [ -73.9605559, 40.8174675 ] } },
{ "type": "Feature", "properties": { "node_id": "6814306895", "street_count": 4 }, "geometry": { "type": "Point", "coordinates": [ -73.9571761, 40.8043784 ] } },
{ "type": "Feature", "properties": { "node_id": "7785929606", "street_count": 4 }, "geometry": { "type": "Point", "coordinates": [ -73.9690176, 40.8036151 ] } },
{ "type": "Feature", "properties": { "node_id": "7598948781", "street_count": 4 }, "geometry": { "type": "Point", "coordinates": [ -73.9561256, 40.8115164 ] } },
{ "type": "Feature", "properties": { "node_id": "11909145332", "street_count": 3 }, "geometry": { "type": "Point", "coordinates": [ -73.9638546, 40.8012569 ] } },
{ "type": "Feature", "properties": { "node_id": "3898470340", "street_count": 3 }, "geometry": { "type": "Point", "coordinates": [ -73.951586, 40.8163871 ] } },
{ "type": "Feature", "properties": { "node_id": "10165989503", "street_count": 4 }, "geometry": { "type": "Point", "coordinates": [ -73.964856, 40.8018662 ] } },
{ "type": "Feature", "properties": { "node_id": "10165997006", "street_count": 4 }, "geometry": { "type": "Point", "coordinates": [ -73.9578255, 40.8038281 ] } },
{ "type": "Feature", "properties": { "node_id": "42432900", "street_count": 1 }, "geometry": { "type": "Point", "coordinates": [ -73.9527966, 40.8058775 ] } },
{ "type": "Feature", "properties": { "node_id": "3907629292", "street_count": 1 }, "geometry": { "type": "Point", "coordinates": [ -73.9621427, 40.8081536 ] } },
{ "type": "Feature", "properties": { "node_id": "11800515437", "street_count": 1 }, "geometry": { "type": "Point", "coordinates": [ -73.9622313, 40.8033685 ] } },
{ "type": "Feature", "properties": { "node_id": "10171219241", "street_count": 4 }, "geometry": { "type": "Point", "coordinates": [ -73.9529497, 40.8060164 ] } },
{ "type": "Feature", "properties": { "node_id": "10170977548", "street_count": 3 }, "geometry": { "type": "Point", "coordinates": [ -73.9525845, 40.8182057 ] } },
{ "type": "Feature", "properties": { "node_id": "10171363556", "street_count": 4 }, "geometry": { "type": "Point", "coordinates": [ -73.9615119, 40.7987972 ] } },
{ "type": "Feature", "properties": { "node_id": "8807524556", "street_count": 1 }, "geometry": { "type": "Point", "coordinates": [ -73.9507074, 40.7999015 ] } },
{ "type": "Feature", "properties": { "node_id": "7372610412", "street_count": 3 }, "geometry": { "type": "Point", "coordinates": [ -73.960824, 40.8029624 ] } },
{ "type": "Feature", "properties": { "node_id": "7024230438", "street_count": 4 }, "geometry": { "type": "Point", "coordinates": [ -73.9576063, 40.8005222 ] } },
{ "type": "Feature", "properties": { "node_id": "10170606864", "street_count": 4 }, "geometry": { "type": "Point", "coordinates": [ -73.9564838, 40.8031235 ] } },
{ "type": "Feature", "properties": { "node_id": "10171135919", "street_count": 4 }, "geometry": { "type": "Point", "coordinates": [ -73.9541098, 40.8163115 ] } },
{ "type": "Feature", "properties": { "node_id": "10171069676", "street_count": 3 }, "geometry": { "type": "Point", "coordinates": [ -73.9531569, 40.8092338 ] } },
{ "type": "Feature", "properties": { "node_id": "1775693253", "street_count": 3 }, "geometry": { "type": "Point", "coordinates": [ -73.9556678, 40.8101814 ] } },
{ "type": "Feature", "properties": { "node_id": "11887792552", "street_count": 4 }, "geometry": { "type": "Point", "coordinates": [ -73.9526471, 40.8109285 ] } },
{ "type": "Feature", "properties": { "node_id": "5895455147", "street_count": 4 }, "geometry": { "type": "Point", "coordinates": [ -73.9630209, 40.8102282 ] } },
{ "type": "Feature", "properties": { "node_id": "8807524551", "street_count": 4 }, "geometry": { "type": "Point", "coordinates": [ -73.9500642, 40.801379 ] } },
{ "type": "Feature", "properties": { "node_id": "10166004114", "street_count": 4 }, "geometry": { "type": "Point", "coordinates": [ -73.9676398, 40.8013925 ] } },
{ "type": "Feature", "properties": { "node_id": "10171069663", "street_count": 4 }, "geometry": { "type": "Point", "coordinates": [ -73.9520367, 40.8087681 ] } },
{ "type": "Feature", "properties": { "node_id": "3907629297", "street_count": 4 }, "geometry": { "type": "Point", "coordinates": [ -73.9630243, 40.8066051 ] } },
{ "type": "Feature", "properties": { "node_id": "5539546683", "street_count": 3 }, "geometry": { "type": "Point", "coordinates": [ -73.9520498, 40.8175255 ] } },
{ "type": "Feature", "properties": { "node_id": "7785929600", "street_count": 3 }, "geometry": { "type": "Point", "coordinates": [ -73.9694109, 40.8037731 ] } },
{ "type": "Feature", "properties": { "node_id": "7598688549", "street_count": 4 }, "geometry": { "type": "Point", "coordinates": [ -73.9587367, 40.8141119 ] } },
{ "type": "Feature", "properties": { "node_id": "10168673720", "street_count": 4 }, "geometry": { "type": "Point", "coordinates": [ -73.9646947, 40.806582 ] } },
{ "type": "Feature", "properties": { "node_id": "42435805", "street_count": 3 }, "geometry": { "type": "Point", "coordinates": [ -73.9511777, 40.8101762 ] } },
{ "type": "Feature", "properties": { "node_id": "4635926112", "street_count": 3 }, "geometry": { "type": "Point", "coordinates": [ -73.9618828, 40.8031867 ] } },
{ "type": "Feature", "properties": { "node_id": "5481868702", "street_count": 1 }, "geometry": { "type": "Point", "coordinates": [ -73.9590188, 40.8003926 ] } },
{ "type": "Feature", "properties": { "node_id": "10050024786", "street_count": 3 }, "geometry": { "type": "Point", "coordinates": [ -73.9614418, 40.8133558 ] } },
{ "type": "Feature", "properties": { "node_id": "7785881385", "street_count": 4 }, "geometry": { "type": "Point", "coordinates": [ -73.9669163, 40.8075059 ] } },
{ "type": "Feature", "properties": { "node_id": "3579426706", "street_count": 3 }, "geometry": { "type": "Point", "coordinates": [ -73.9566373, 40.8111998 ] } },
{ "type": "Feature", "properties": { "node_id": "11682716955", "street_count": 3 }, "geometry": { "type": "Point", "coordinates": [ -73.9573589, 40.8070472 ] } },
{ "type": "Feature", "properties": { "node_id": "10055105480", "street_count": 3 }, "geometry": { "type": "Point", "coordinates": [ -73.9572551, 40.8128876 ] } },
{ "type": "Feature", "properties": { "node_id": "7802964919", "street_count": 4 }, "geometry": { "type": "Point", "coordinates": [ -73.951429, 40.7993453 ] } },
{ "type": "Feature", "properties": { "node_id": "5481882801", "street_count": 1 }, "geometry": { "type": "Point", "coordinates": [ -73.9508369, 40.8016263 ] } },
{ "type": "Feature", "properties": { "node_id": "11905306937", "street_count": 3 }, "geometry": { "type": "Point", "coordinates": [ -73.9644556, 40.7997876 ] } },
{ "type": "Feature", "properties": { "node_id": "9646862916", "street_count": 4 }, "geometry": { "type": "Point", "coordinates": [ -73.9683833, 40.7999386 ] } },
{ "type": "Feature", "properties": { "node_id": "8376008900", "street_count": 4 }, "geometry": { "type": "Point", "coordinates": [ -73.95916, 40.8091852 ] } },
{ "type": "Feature", "properties": { "node_id": "10049830845", "street_count": 4 }, "geometry": { "type": "Point", "coordinates": [ -73.9581453, 40.8155421 ] } },
{ "type": "Feature", "properties": { "node_id": "10171865577", "street_count": 4 }, "geometry": { "type": "Point", "coordinates": [ -73.9516842, 40.8120185 ] } },
{ "type": "Feature", "properties": { "node_id": "8251054461", "street_count": 4 }, "geometry": { "type": "Point", "coordinates": [ -73.9604542, 40.8039666 ] } },
{ "type": "Feature", "properties": { "node_id": "10171865563", "street_count": 3 }, "geometry": { "type": "Point", "coordinates": [ -73.9507539, 40.812593 ] } },
{ "type": "Feature", "properties": { "node_id": "11979323601", "street_count": 4 }, "geometry": { "type": "Point", "coordinates": [ -73.9545136, 40.8111422 ] } },
{ "type": "Feature", "properties": { "node_id": "11887792565", "street_count": 4 }, "geometry": { "type": "Point", "coordinates": [ -73.954418, 40.8110323 ] } },
{ "type": "Feature", "properties": { "node_id": "10055186133", "street_count": 3 }, "geometry": { "type": "Point", "coordinates": [ -73.9734719, 40.8000265 ] } },
{ "type": "Feature", "properties": { "node_id": "11909145337", "street_count": 1 }, "geometry": { "type": "Point", "coordinates": [ -73.9638733, 40.8012651 ] } },
{ "type": "Feature", "properties": { "node_id": "7785881428", "street_count": 3 }, "geometry": { "type": "Point", "coordinates": [ -73.9715512, 40.8011075 ] } },
{ "type": "Feature", "properties": { "node_id": "12009067243", "street_count": 3 }, "geometry": { "type": "Point", "coordinates": [ -73.9606313, 40.8180833 ] } },
{ "type": "Feature", "properties": { "node_id": "7801821422", "street_count": 4 }, "geometry": { "type": "Point", "coordinates": [ -73.9558486, 40.7997818 ] } },
{ "type": "Feature", "properties": { "node_id": "9518268734", "street_count": 3 }, "geometry": { "type": "Point", "coordinates": [ -73.9600452, 40.809567 ] } },
{ "type": "Feature", "properties": { "node_id": "10170704054", "street_count": 4 }, "geometry": { "type": "Point", "coordinates": [ -73.966975, 40.8041709 ] } },
{ "type": "Feature", "properties": { "node_id": "10049953220", "street_count": 3 }, "geometry": { "type": "Point", "coordinates": [ -73.9605338, 40.8179556 ] } },
{ "type": "Feature", "properties": { "node_id": "7578363994", "street_count": 3 }, "geometry": { "type": "Point", "coordinates": [ -73.9639681, 40.807556 ] } },
{ "type": "Feature", "properties": { "node_id": "7124965414", "street_count": 1 }, "geometry": { "type": "Point", "coordinates": [ -73.9553551, 40.8158723 ] } },
{ "type": "Feature", "properties": { "node_id": "9518300224", "street_count": 4 }, "geometry": { "type": "Point", "coordinates": [ -73.9630935, 40.8110999 ] } },
{ "type": "Feature", "properties": { "node_id": "10171069497", "street_count": 4 }, "geometry": { "type": "Point", "coordinates": [ -73.9530055, 40.8134569 ] } },
{ "type": "Feature", "properties": { "node_id": "3579426748", "street_count": 3 }, "geometry": { "type": "Point", "coordinates": [ -73.955718, 40.8124198 ] } },
{ "type": "Feature", "properties": { "node_id": "5481868703", "street_count": 1 }, "geometry": { "type": "Point", "coordinates": [ -73.9591518, 40.8002053 ] } },
{ "type": "Feature", "properties": { "node_id": "11296570951", "street_count": 4 }, "geometry": { "type": "Point", "coordinates": [ -73.9717118, 40.7970833 ] } },
{ "type": "Feature", "properties": { "node_id": "11953237341", "street_count": 3 }, "geometry": { "type": "Point", "coordinates": [ -73.9623008, 40.8134379 ] } },
{ "type": "Feature", "properties": { "node_id": "11296195563", "street_count": 4 }, "geometry": { "type": "Point", "coordinates": [ -73.9591106, 40.8002633 ] } },
{ "type": "Feature", "properties": { "node_id": "6244980541", "street_count": 3 }, "geometry": { "type": "Point", "coordinates": [ -73.96254, 40.8127211 ] } },
{ "type": "Feature", "properties": { "node_id": "10128811418", "street_count": 3 }, "geometry": { "type": "Point", "coordinates": [ -73.9575384, 40.8170715 ] } },
{ "type": "Feature", "properties": { "node_id": "10055105482", "street_count": 3 }, "geometry": { "type": "Point", "coordinates": [ -73.9580719, 40.8132322 ] } },
{ "type": "Feature", "properties": { "node_id": "10165997003", "street_count": 3 }, "geometry": { "type": "Point", "coordinates": [ -73.958331, 40.8038345 ] } },
{ "type": "Feature", "properties": { "node_id": "12879077859", "street_count": 1 }, "geometry": { "type": "Point", "coordinates": [ -73.9519932, 40.8179079 ] } },
{ "type": "Feature", "properties": { "node_id": "4302966714", "street_count": 1 }, "geometry": { "type": "Point", "coordinates": [ -73.9600445, 40.7969353 ] } },
{ "type": "Feature", "properties": { "node_id": "2329911911", "street_count": 4 }, "geometry": { "type": "Point", "coordinates": [ -73.9715309, 40.8027848 ] } },
{ "type": "Feature", "properties": { "node_id": "2308955270", "street_count": 3 }, "geometry": { "type": "Point", "coordinates": [ -73.9627923, 40.8076884 ] } },
{ "type": "Feature", "properties": { "node_id": "2340960657", "street_count": 3 }, "geometry": { "type": "Point", "coordinates": [ -73.9609708, 40.8085277 ] } },
{ "type": "Feature", "properties": { "node_id": "11386952285", "street_count": 4 }, "geometry": { "type": "Point", "coordinates": [ -73.9646109, 40.8066919 ] } },
{ "type": "Feature", "properties": { "node_id": "10170977540", "street_count": 4 }, "geometry": { "type": "Point", "coordinates": [ -73.9528857, 40.8149705 ] } },
{ "type": "Feature", "properties": { "node_id": "7785782248", "street_count": 3 }, "geometry": { "type": "Point", "coordinates": [ -73.9670771, 40.8077763 ] } },
{ "type": "Feature", "properties": { "node_id": "1203883754", "street_count": 3 }, "geometry": { "type": "Point", "coordinates": [ -73.9539141, 40.7984467 ] } },
{ "type": "Feature", "properties": { "node_id": "10171219259", "street_count": 4 }, "geometry": { "type": "Point", "coordinates": [ -73.9528573, 40.8043314 ] } },
{ "type": "Feature", "properties": { "node_id": "7785880677", "street_count": 4 }, "geometry": { "type": "Point", "coordinates": [ -73.9676316, 40.8054949 ] } },
{ "type": "Feature", "properties": { "node_id": "9150629531", "street_count": 4 }, "geometry": { "type": "Point", "coordinates": [ -73.9542087, 40.8005818 ] } },
{ "type": "Feature", "properties": { "node_id": "7934826780", "street_count": 3 }, "geometry": { "type": "Point", "coordinates": [ -73.9673991, 40.8087979 ] } },
{ "type": "Feature", "properties": { "node_id": "10165996994", "street_count": 3 }, "geometry": { "type": "Point", "coordinates": [ -73.9581426, 40.8046432 ] } },
{ "type": "Feature", "properties": { "node_id": "7732654932", "street_count": 4 }, "geometry": { "type": "Point", "coordinates": [ -73.9574793, 40.8169831 ] } },
{ "type": "Feature", "properties": { "node_id": "4302967358", "street_count": 3 }, "geometry": { "type": "Point", "coordinates": [ -73.9580738, 40.7987862 ] } },
{ "type": "Feature", "properties": { "node_id": "12998397965", "street_count": 4 }, "geometry": { "type": "Point", "coordinates": [ -73.9531739, 40.8026897 ] } },
{ "type": "Feature", "properties": { "node_id": "8807518799", "street_count": 4 }, "geometry": { "type": "Point", "coordinates": [ -73.9502925, 40.8014744 ] } },
{ "type": "Feature", "properties": { "node_id": "1792502078", "street_count": 3 }, "geometry": { "type": "Point", "coordinates": [ -73.9591111, 40.8057361 ] } },
{ "type": "Feature", "properties": { "node_id": "6871927727", "street_count": 3 }, "geometry": { "type": "Point", "coordinates": [ -73.9572201, 40.8118508 ] } },
{ "type": "Feature", "properties": { "node_id": "2329911986", "street_count": 3 }, "geometry": { "type": "Point", "coordinates": [ -73.9689997, 40.8052549 ] } },
{ "type": "Feature", "properties": { "node_id": "8375689199", "street_count": 3 }, "geometry": { "type": "Point", "coordinates": [ -73.9625186, 40.8077843 ] } },
{ "type": "Feature", "properties": { "node_id": "42428858", "street_count": 3 }, "geometry": { "type": "Point", "coordinates": [ -73.9588371, 40.8151597 ] } },
{ "type": "Feature", "properties": { "node_id": "2058919983", "street_count": 3 }, "geometry": { "type": "Point", "coordinates": [ -73.9531111, 40.7980453 ] } },
{ "type": "Feature", "properties": { "node_id": "3898480586", "street_count": 3 }, "geometry": { "type": "Point", "coordinates": [ -73.9509653, 40.8166806 ] } },
{ "type": "Feature", "properties": { "node_id": "10166004091", "street_count": 4 }, "geometry": { "type": "Point", "coordinates": [ -73.9636427, 40.7979394 ] } },
{ "type": "Feature", "properties": { "node_id": "11298975879", "street_count": 4 }, "geometry": { "type": "Point", "coordinates": [ -73.9525396, 40.808538 ] } },
{ "type": "Feature", "properties": { "node_id": "10171508865", "street_count": 4 }, "geometry": { "type": "Point", "coordinates": [ -73.950511, 40.8108531 ] } },
{ "type": "Feature", "properties": { "node_id": "6867580414", "street_count": 4 }, "geometry": { "type": "Point", "coordinates": [ -73.9604157, 40.8179509 ] } },
{ "type": "Feature", "properties": { "node_id": "7785881431", "street_count": 3 }, "geometry": { "type": "Point", "coordinates": [ -73.9638265, 40.8122219 ] } },
{ "type": "Feature", "properties": { "node_id": "14050457399", "street_count": 3 }, "geometry": { "type": "Point", "coordinates": [ -73.9745782, 40.7966688 ] } },
{ "type": "Feature", "properties": { "node_id": "10049986101", "street_count": 3 }, "geometry": { "type": "Point", "coordinates": [ -73.9619829, 40.8154354 ] } },
{ "type": "Feature", "properties": { "node_id": "10171069506", "street_count": 4 }, "geometry": { "type": "Point", "coordinates": [ -73.9531383, 40.8127767 ] } },
{ "type": "Feature", "properties": { "node_id": "10171865605", "street_count": 4 }, "geometry": { "type": "Point", "coordinates": [ -73.9521864, 40.8123727 ] } },
{ "type": "Feature", "properties": { "node_id": "10050007135", "street_count": 3 }, "geometry": { "type": "Point", "coordinates": [ -73.9586806, 40.8147894 ] } },
{ "type": "Feature", "properties": { "node_id": "11887792556", "street_count": 4 }, "geometry": { "type": "Point", "coordinates": [ -73.9525265, 40.8106271 ] } },
{ "type": "Feature", "properties": { "node_id": "10171069678", "street_count": 3 }, "geometry": { "type": "Point", "coordinates": [ -73.9528355, 40.8091059 ] } },
{ "type": "Feature", "properties": { "node_id": "10049830848", "street_count": 4 }, "geometry": { "type": "Point", "coordinates": [ -73.958432, 40.815632 ] } },
{ "type": "Feature", "properties": { "node_id": "10055113542", "street_count": 4 }, "geometry": { "type": "Point", "coordinates": [ -73.9544991, 40.8157924 ] } },
{ "type": "Feature", "properties": { "node_id": "10168029075", "street_count": 3 }, "geometry": { "type": "Point", "coordinates": [ -73.9538848, 40.8088665 ] } },
{ "type": "Feature", "properties": { "node_id": "10170977520", "street_count": 3 }, "geometry": { "type": "Point", "coordinates": [ -73.9522234, 40.8171445 ] } },
{ "type": "Feature", "properties": { "node_id": "7620616386", "street_count": 1 }, "geometry": { "type": "Point", "coordinates": [ -73.9596798, 40.8124636 ] } },
{ "type": "Feature", "properties": { "node_id": "7785881402", "street_count": 4 }, "geometry": { "type": "Point", "coordinates": [ -73.9715894, 40.8005837 ] } },
{ "type": "Feature", "properties": { "node_id": "10173240928", "street_count": 4 }, "geometry": { "type": "Point", "coordinates": [ -73.9519639, 40.8178044 ] } },
{ "type": "Feature", "properties": { "node_id": "9518300237", "street_count": 4 }, "geometry": { "type": "Point", "coordinates": [ -73.9613678, 40.8118483 ] } },
{ "type": "Feature", "properties": { "node_id": "42432932", "street_count": 4 }, "geometry": { "type": "Point", "coordinates": [ -73.9515008, 40.8120151 ] } },
{ "type": "Feature", "properties": { "node_id": "9518300232", "street_count": 4 }, "geometry": { "type": "Point", "coordinates": [ -73.9628907, 40.8110132 ] } },
{ "type": "Feature", "properties": { "node_id": "10171129716", "street_count": 4 }, "geometry": { "type": "Point", "coordinates": [ -73.9539297, 40.8163652 ] } },
{ "type": "Feature", "properties": { "node_id": "10170977524", "street_count": 4 }, "geometry": { "type": "Point", "coordinates": [ -73.9523117, 40.8173272 ] } },
{ "type": "Feature", "properties": { "node_id": "10049857022", "street_count": 4 }, "geometry": { "type": "Point", "coordinates": [ -73.9605225, 40.8157641 ] } },
{ "type": "Feature", "properties": { "node_id": "1774036568", "street_count": 3 }, "geometry": { "type": "Point", "coordinates": [ -73.9563489, 40.8100047 ] } },
{ "type": "Feature", "properties": { "node_id": "7598688554", "street_count": 4 }, "geometry": { "type": "Point", "coordinates": [ -73.9580678, 40.8142278 ] } },
{ "type": "Feature", "properties": { "node_id": "6412865257", "street_count": 3 }, "geometry": { "type": "Point", "coordinates": [ -73.9682252, 40.8016806 ] } },
{ "type": "Feature", "properties": { "node_id": "7784826644", "street_count": 4 }, "geometry": { "type": "Point", "coordinates": [ -73.9604907, 40.7974335 ] } },
{ "type": "Feature", "properties": { "node_id": "6831699331", "street_count": 3 }, "geometry": { "type": "Point", "coordinates": [ -73.9626402, 40.8073762 ] } },
{ "type": "Feature", "properties": { "node_id": "3579426757", "street_count": 3 }, "geometry": { "type": "Point", "coordinates": [ -73.9551218, 40.8113648 ] } },
{ "type": "Feature", "properties": { "node_id": "11296200770", "street_count": 4 }, "geometry": { "type": "Point", "coordinates": [ -73.9584, 40.8031039 ] } },
{ "type": "Feature", "properties": { "node_id": "10170980689", "street_count": 4 }, "geometry": { "type": "Point", "coordinates": [ -73.9706149, 40.796622 ] } },
{ "type": "Feature", "properties": { "node_id": "3579426775", "street_count": 3 }, "geometry": { "type": "Point", "coordinates": [ -73.955045, 40.8110458 ] } },
{ "type": "Feature", "properties": { "node_id": "10128823996", "street_count": 4 }, "geometry": { "type": "Point", "coordinates": [ -73.9570916, 40.8175348 ] } },
{ "type": "Feature", "properties": { "node_id": "6836137815", "street_count": 3 }, "geometry": { "type": "Point", "coordinates": [ -73.9573809, 40.8101136 ] } },
{ "type": "Feature", "properties": { "node_id": "10049926016", "street_count": 3 }, "geometry": { "type": "Point", "coordinates": [ -73.9594105, 40.817088 ] } },
{ "type": "Feature", "properties": { "node_id": "7571410108", "street_count": 3 }, "geometry": { "type": "Point", "coordinates": [ -73.9656579, 40.7978619 ] } },
{ "type": "Feature", "properties": { "node_id": "10172941358", "street_count": 4 }, "geometry": { "type": "Point", "coordinates": [ -73.9684876, 40.8014966 ] } },
{ "type": "Feature", "properties": { "node_id": "42438247", "street_count": 3 }, "geometry": { "type": "Point", "coordinates": [ -73.9540766, 40.8163558 ] } },
{ "type": "Feature", "properties": { "node_id": "10165996974", "street_count": 4 }, "geometry": { "type": "Point", "coordinates": [ -73.9527049, 40.8016787 ] } },
{ "type": "Feature", "properties": { "node_id": "8379840023", "street_count": 3 }, "geometry": { "type": "Point", "coordinates": [ -73.9592012, 40.8061481 ] } },
{ "type": "Feature", "properties": { "node_id": "10171276010", "street_count": 4 }, "geometry": { "type": "Point", "coordinates": [ -73.9537455, 40.8154814 ] } },
{ "type": "Feature", "properties": { "node_id": "10055186148", "street_count": 1 }, "geometry": { "type": "Point", "coordinates": [ -73.9716338, 40.8024762 ] } },
{ "type": "Feature", "properties": { "node_id": "1774037211", "street_count": 3 }, "geometry": { "type": "Point", "coordinates": [ -73.9586524, 40.8042802 ] } },
{ "type": "Feature", "properties": { "node_id": "42441310", "street_count": 1 }, "geometry": { "type": "Point", "coordinates": [ -73.9717928, 40.800475 ] } },
{ "type": "Feature", "properties": { "node_id": "2340960634", "street_count": 1 }, "geometry": { "type": "Point", "coordinates": [ -73.9631447, 40.8080504 ] } },
{ "type": "Feature", "properties": { "node_id": "3269867943", "street_count": 4 }, "geometry": { "type": "Point", "coordinates": [ -73.9620305, 40.8155877 ] } },
{ "type": "Feature", "properties": { "node_id": "6900903335", "street_count": 3 }, "geometry": { "type": "Point", "coordinates": [ -73.9680718, 40.8022415 ] } },
{ "type": "Feature", "properties": { "node_id": "10171363576", "street_count": 4 }, "geometry": { "type": "Point", "coordinates": [ -73.9606331, 40.7984363 ] } },
{ "type": "Feature", "properties": { "node_id": "7745748126", "street_count": 4 }, "geometry": { "type": "Point", "coordinates": [ -73.9668255, 40.8076273 ] } },
{ "type": "Feature", "properties": { "node_id": "3704337155", "street_count": 3 }, "geometry": { "type": "Point", "coordinates": [ -73.9703426, 40.8045045 ] } },
{ "type": "Feature", "properties": { "node_id": "7802964945", "street_count": 3 }, "geometry": { "type": "Point", "coordinates": [ -73.9521284, 40.7989636 ] } },
{ "type": "Feature", "properties": { "node_id": "6198320765", "street_count": 3 }, "geometry": { "type": "Point", "coordinates": [ -73.9572758, 40.8168973 ] } },
{ "type": "Feature", "properties": { "node_id": "10172941357", "street_count": 4 }, "geometry": { "type": "Point", "coordinates": [ -73.9687319, 40.8016119 ] } },
{ "type": "Feature", "properties": { "node_id": "11296200782", "street_count": 4 }, "geometry": { "type": "Point", "coordinates": [ -73.9568599, 40.8025988 ] } },
{ "type": "Feature", "properties": { "node_id": "10171363590", "street_count": 4 }, "geometry": { "type": "Point", "coordinates": [ -73.9600003, 40.8004892 ] } },
{ "type": "Feature", "properties": { "node_id": "10101672647", "street_count": 3 }, "geometry": { "type": "Point", "coordinates": [ -73.9630077, 40.796758 ] } },
{ "type": "Feature", "properties": { "node_id": "10171187065", "street_count": 3 }, "geometry": { "type": "Point", "coordinates": [ -73.9695452, 40.8028751 ] } },
{ "type": "Feature", "properties": { "node_id": "5481847043", "street_count": 1 }, "geometry": { "type": "Point", "coordinates": [ -73.9589171, 40.814656 ] } },
{ "type": "Feature", "properties": { "node_id": "11209021447", "street_count": 3 }, "geometry": { "type": "Point", "coordinates": [ -73.9674902, 40.8062009 ] } },
{ "type": "Feature", "properties": { "node_id": "12151121363", "street_count": 3 }, "geometry": { "type": "Point", "coordinates": [ -73.9700395, 40.8021919 ] } },
{ "type": "Feature", "properties": { "node_id": "10055186139", "street_count": 3 }, "geometry": { "type": "Point", "coordinates": [ -73.9718235, 40.8025613 ] } },
{ "type": "Feature", "properties": { "node_id": "6791440549", "street_count": 4 }, "geometry": { "type": "Point", "coordinates": [ -73.9584669, 40.8075065 ] } },
{ "type": "Feature", "properties": { "node_id": "6893757999", "street_count": 3 }, "geometry": { "type": "Point", "coordinates": [ -73.9630076, 40.8075293 ] } },
{ "type": "Feature", "properties": { "node_id": "10171087498", "street_count": 4 }, "geometry": { "type": "Point", "coordinates": [ -73.9539638, 40.8112249 ] } },
{ "type": "Feature", "properties": { "node_id": "11993402389", "street_count": 3 }, "geometry": { "type": "Point", "coordinates": [ -73.9581588, 40.8068322 ] } },
{ "type": "Feature", "properties": { "node_id": "10055186130", "street_count": 3 }, "geometry": { "type": "Point", "coordinates": [ -73.9737311, 40.7996574 ] } },
{ "type": "Feature", "properties": { "node_id": "11982153149", "street_count": 3 }, "geometry": { "type": "Point", "coordinates": [ -73.9575774, 40.8145291 ] } },
{ "type": "Feature", "properties": { "node_id": "10055105481", "street_count": 3 }, "geometry": { "type": "Point", "coordinates": [ -73.957874, 40.8131487 ] } },
{ "type": "Feature", "properties": { "node_id": "10055110511", "street_count": 4 }, "geometry": { "type": "Point", "coordinates": [ -73.9569818, 40.8156106 ] } }
]
}
