{"type": "FeatureCollection", "features": [{"type": "Feature", "geometry": {"type": "MultiPolygon", "coordinates": [[[[-73.982253381333, 40.756434262481], [-73.982317583566, 40.756345885953], [-73.982331793448, 40.756326325555], [-73.982447231227, 40.756374818303], [-73.982707099761, 40.756483981737], [-73.982597375446, 40.756635019578], [-73.98259734583, 40.756635060096], [-73.982594301527, 40.756633781819], [-73.98222204011, 40.756477403561], [-73.982253381333, 40.756434262481]]]]}, "properties": {"name": null, "base_bbl": "1012600071", "shape_area": "1210.6484375", "construction_year": "1911", "ground_elevation": "62", "mappluto_bbl": "1012600071", "objectid": "835387", "feature_code": "2100", "shape_length": "146.22993696803528", "height_roof": "112.35", "last_status_type": "Constructed", "bin": "1034240", "last_edited_date": "2017-08-22T19:05:16.000Z", "geom_source": "Photogrammetric", "doitt_id": "276586"}}, {"type": "Feature", "geometry": {"type": "MultiPolygon", "coordinates": [[[[-73.981343643353, 40.75660070774], [-73.981509689724, 40.756372345647], [-73.981516525272, 40.756362943667], [-73.981586439313, 40.756392338351], [-73.981549295171, 40.756443422579], [-73.981479444504, 40.756539488985], [-73.981413557568, 40.756630102528], [-73.981343643353, 40.75660070774]]]]}, "properties": {"name": null, "base_bbl": "1012610112", "shape_area": "355.07421875", "construction_year": "1920", "ground_elevation": "62", "mappluto_bbl": "1012610112", "objectid": "835337", "feature_code": "2100", "shape_length": "97.584120486741455", "height_roof": "76.49", "last_status_type": "Constructed", "bin": "1034267", "last_edited_date": "2017-08-22T17:28:51.000Z", "geom_source": "Photogrammetric", "doitt_id": "369932"}}, {"type": "Feature", "geometry": {"type": "MultiPolygon", "coordinates": [[[[-73.984372582136, 40.756566599704], [-73.984544359053, 40.75632833566], [-73.984565790804, 40.756298610151], [-73.98458003793, 40.75630454909], [-73.984775744334, 40.756386135685], [-73.984813623889, 40.756401927443], [-73.984748596333, 40.756488672636], [-73.984705261381, 40.756548780123], [-73.984662162552, 40.756606538207], [-73.984617294569, 40.756668771549], [-73.984604747746, 40.756663532535], [-73.984372582136, 40.756566599704]]]]}, "properties": {"name": null, "base_bbl": "1009960046", "shape_area": "1402.09375", "construction_year": "1905", "ground_elevation": "57", "mappluto_bbl": "1009960046", "objectid": "998259", "feature_code": "2100", "shape_length": "152.36477874412455", "height_roof": "78.58", "last_status_type": "Constructed", "bin": "1022617", "last_edited_date": "2018-08-31T15:16:35.000Z", "geom_source": "Photogrammetric", "doitt_id": "394337"}}, {"type": "Feature", "geometry": {"type": "MultiPolygon", "coordinates": [[[[-73.984725460678, 40.756713931872], [-73.984770467189, 40.756651505798], [-73.984817327972, 40.756589673384], [-73.984856797517, 40.756534926955], [-73.984920085782, 40.756446309324], [-73.984968256493, 40.756466390584], [-73.984872811454, 40.756598779387], [-73.984841046505, 40.756642837837], [-73.98477490799, 40.756734577098], [-73.984725460678, 40.756713931872]]]]}, "properties": {"name": null, "base_bbl": "1009960050", "shape_area": "276.14453125", "construction_year": "1910", "ground_elevation": "56", "mappluto_bbl": "1009960050", "objectid": "619385", "feature_code": "2100", "shape_length": "102.2166597560966", "height_roof": "38.35", "last_status_type": "Constructed", "bin": "1022619", "last_edited_date": "2018-08-31T15:21:16.000Z", "geom_source": "Photogrammetric", "doitt_id": "785574"}}, {"type": "Feature", "geometry": {"type": "MultiPolygon", "coordinates": [[[[-73.980775299574, 40.756682407202], [-73.980937037025, 40.756459974145], [-73.980953867855, 40.756436826738], [-73.98103400861, 40.756470522459], [-73.9810972029, 40.756497092349], [-73.981155849189, 40.756521749687], [-73.980977280241, 40.756767330461], [-73.980942729883, 40.756752803203], [-73.980775299574, 40.756682407202]]]]}, "properties": {"name": null, "base_bbl": "1012610057", "shape_area": "1059.546875", "construction_year": "1967", "ground_elevation": "62", "mappluto_bbl": "1012610057", "objectid": "994220", "feature_code": "2100", "shape_length": "133.83649621285448", "height_roof": "78.98", "last_status_type": "Constructed", "bin": "1034264", "last_edited_date": "2017-08-22T18:23:56.000Z", "geom_source": "Photogrammetric", "doitt_id": "335778"}}, {"type": "Feature", "geometry": {"type": "MultiPolygon", "coordinates": [[[[-73.979827554039, 40.756711353092], [-73.9799529263, 40.756539515339], [-73.979991619383, 40.756555839221], [-73.979985133099, 40.756564729684], [-73.979866247192, 40.756727677016], [-73.979827554039, 40.756711353092]]]]}, "properties": {"name": null, "base_bbl": "1012620127", "shape_area": "142.26171875", "construction_year": "1920", "ground_elevation": "62", "mappluto_bbl": "1012620127", "objectid": "963521", "feature_code": "2100", "shape_length": "67.566557692495678", "height_roof": "52.91", "last_status_type": "Constructed", "bin": "1082694", "last_edited_date": "2017-08-22T17:27:14.000Z", "geom_source": "Photogrammetric", "doitt_id": "565632"}}, {"type": "Feature", "geometry": {"type": "MultiPolygon", "coordinates": [[[[-73.980829346841, 40.756384471417], [-73.980919266758, 40.756422278752], [-73.980946087284, 40.756433555716], [-73.980953867855, 40.756436826738], [-73.980937037025, 40.756459974145], [-73.980775299574, 40.756682407202], [-73.980657370006, 40.756632823652], [-73.980650778241, 40.75663005169], [-73.980829346841, 40.756384471417]]]]}, "properties": {"name": null, "base_bbl": "1012610056", "shape_area": "653.21875", "construction_year": "1914", "ground_elevation": "62", "mappluto_bbl": "1012610056", "objectid": "242907", "feature_code": "2100", "shape_length": "114.11232508639392", "height_roof": "54.31", "last_status_type": "Constructed", "bin": "1034263", "last_edited_date": "2017-08-22T19:19:06.000Z", "geom_source": "Photogrammetric", "doitt_id": "442026"}}, {"type": "Feature", "geometry": {"type": "MultiPolygon", "coordinates": [[[[-73.980977280241, 40.756767330461], [-73.981155849189, 40.756521749687], [-73.981171888742, 40.756528493492], [-73.981215761303, 40.756546940301], [-73.981037193693, 40.756792521167], [-73.980977280241, 40.756767330461]]]]}, "properties": {"name": null, "base_bbl": "1012610060", "shape_area": "314.29296875", "construction_year": "1985", "ground_elevation": "63", "mappluto_bbl": "1012610060", "objectid": "662356", "feature_code": "2100", "shape_length": "97.660910155772626", "height_roof": "52.79", "last_status_type": "Constructed", "bin": "1034265", "last_edited_date": "2017-08-22T17:55:05.000Z", "geom_source": "Photogrammetric", "doitt_id": "529410"}}, {"type": "Feature", "geometry": {"type": "MultiPolygon", "coordinates": [[[[-73.98128194081, 40.75657476498], [-73.981215761303, 40.756546940301], [-73.981171888742, 40.756528493492], [-73.981344771086, 40.756290730576], [-73.981501131048, 40.756356471065], [-73.981516525272, 40.756362943667], [-73.981509689724, 40.756372345647], [-73.981343643353, 40.75660070774], [-73.98128194081, 40.75657476498]]]]}, "properties": {"name": null, "base_bbl": "1012610015", "shape_area": "872.3125", "construction_year": "1922", "ground_elevation": "62", "mappluto_bbl": "1012610015", "objectid": "868954", "feature_code": "2100", "shape_length": "123.51614853200577", "height_roof": "150.35", "last_status_type": "Constructed", "bin": "1034242", "last_edited_date": "2017-08-22T18:43:21.000Z", "geom_source": "Photogrammetric", "doitt_id": "451574"}}, {"type": "Feature", "geometry": {"type": "MultiPolygon", "coordinates": [[[[-73.980792517249, 40.756435121409], [-73.980663183192, 40.756612991899], [-73.980626663944, 40.75659735119], [-73.980492373386, 40.756539835769], [-73.9804908483, 40.756539182644], [-73.980473579783, 40.75653178657], [-73.980602916558, 40.756353917192], [-73.980645358389, 40.756372094727], [-73.980769014581, 40.756425055242], [-73.980792517249, 40.756435121409]]]]}, "properties": {"name": null, "base_bbl": "1012610054", "shape_area": "723.53515625", "construction_year": null, "ground_elevation": "62", "mappluto_bbl": "1012610054", "objectid": "88038", "feature_code": "2100", "shape_length": "108.17752355769983", "height_roof": "87.73445161", "last_status_type": "Constructed", "bin": "1088772", "last_edited_date": "2017-08-22T19:22:55.000Z", "geom_source": "Photogrammetric", "doitt_id": "1268511"}}, {"type": "Feature", "geometry": {"type": "MultiPolygon", "coordinates": [[[[-73.98477490799, 40.756734577098], [-73.984841046505, 40.756642837837], [-73.984855252284, 40.756648759627], [-73.984887016043, 40.756604701173], [-73.984872811454, 40.756598779387], [-73.984968256493, 40.756466390584], [-73.985035454689, 40.756494404146], [-73.985020085819, 40.756515721612], [-73.985049896977, 40.756528147955], [-73.984969206132, 40.756640071166], [-73.984922118757, 40.756620441202], [-73.984888234587, 40.756667441338], [-73.984935321986, 40.756687071316], [-73.984871882073, 40.756775065783], [-73.98477490799, 40.756734577098]]]]}, "properties": {"name": null, "base_bbl": "1009960051", "shape_area": "479.65625", "construction_year": "1906", "ground_elevation": "56", "mappluto_bbl": "1009960051", "objectid": "993740", "feature_code": "2100", "shape_length": "130.04980914359277", "height_roof": "125.41", "last_status_type": "Constructed", "bin": "1022620", "last_edited_date": "2017-08-22T18:06:36.000Z", "geom_source": "Photogrammetric", "doitt_id": "223165"}}, {"type": "Feature", "geometry": {"type": "MultiPolygon", "coordinates": [[[[-73.984143101563, 40.756470786102], [-73.9843147985, 40.756232634949], [-73.984357437941, 40.756250410418], [-73.984544359053, 40.75632833566], [-73.984372582136, 40.756566599704], [-73.984347236354, 40.756556017127], [-73.984143101563, 40.756470786102]]]]}, "properties": {"name": null, "base_bbl": "1009960043", "shape_area": "1163.44921875", "construction_year": "1933", "ground_elevation": "59", "mappluto_bbl": "1009960043", "objectid": "256273", "feature_code": "2100", "shape_length": "138.111420884086", "height_roof": "177.64", "last_status_type": "Constructed", "bin": "1022616", "last_edited_date": "2017-08-22T18:56:38.000Z", "geom_source": "Photogrammetric", "doitt_id": "163427"}}, {"type": "Feature", "geometry": {"type": "MultiPolygon", "coordinates": [[[[-73.980414226488, 40.756508049081], [-73.980505974207, 40.756381870526], [-73.980580241459, 40.756279733344], [-73.98060506434, 40.756290170781], [-73.98063891815, 40.756304404459], [-73.980472902135, 40.756532719379], [-73.980414226488, 40.756508049081]]]]}, "properties": {"name": null, "base_bbl": "1012610053", "shape_area": "286.16015625", "construction_year": "1920", "ground_elevation": "62", "mappluto_bbl": "1012610053", "objectid": "825273", "feature_code": "2100", "shape_length": "91.552482402254611", "height_roof": "54.06", "last_status_type": "Constructed", "bin": "1034260", "last_edited_date": "2017-08-22T19:09:49.000Z", "geom_source": "Photogrammetric", "doitt_id": "480560"}}, {"type": "Feature", "geometry": {"type": "MultiPolygon", "coordinates": [[[[-73.985918057813, 40.751396047852], [-73.986025103806, 40.751246176168], [-73.986063523409, 40.751192385494], [-73.986080297479, 40.751199314214], [-73.986113176055, 40.751153281613], [-73.986168834659, 40.751176272824], [-73.986319674101, 40.750965086153], [-73.986353042211, 40.750978869654], [-73.986610353172, 40.751085157756], [-73.986296145276, 40.751525075617], [-73.986273630796, 40.751556596948], [-73.986027662727, 40.75145499481], [-73.985910517409, 40.751406605363], [-73.985918057813, 40.751396047852]]]]}, "properties": {"name": null, "base_bbl": "1008380001", "shape_area": "3286.03125", "construction_year": "1986", "ground_elevation": "57", "mappluto_bbl": "1008380001", "objectid": "710932", "feature_code": "2100", "shape_length": "249.61444114077605", "height_roof": "284.78765034", "last_status_type": "Constructed", "bin": "1015919", "last_edited_date": "2017-08-22T19:28:04.000Z", "geom_source": "Photogrammetric", "doitt_id": "654602"}}, {"type": "Feature", "geometry": {"type": "MultiPolygon", "coordinates": [[[[-73.986675767675, 40.75068883192], [-73.986600512627, 40.750657671985], [-73.986645756186, 40.750594477921], [-73.986650518848, 40.750587825534], [-73.986921333669, 40.750699960597], [-73.986871327647, 40.750769806264], [-73.986727646682, 40.750710313176], [-73.986675767675, 40.75068883192]]]]}, "properties": {"name": null, "base_bbl": "1008370005", "shape_area": "401.140625", "construction_year": "1920", "ground_elevation": "52", "mappluto_bbl": "1008370005", "objectid": "919798", "feature_code": "2100", "shape_length": "92.064483171656747", "height_roof": "31.49", "last_status_type": "Constructed", "bin": "1015884", "last_edited_date": "2017-08-22T17:39:51.000Z", "geom_source": "Photogrammetric", "doitt_id": "16953"}}, {"type": "Feature", "geometry": {"type": "MultiPolygon", "coordinates": [[[[-73.98734999048, 40.754876974863], [-73.987385079035, 40.754828163206], [-73.987571811467, 40.754905784563], [-73.987536724191, 40.754954596277], [-73.98734999048, 40.754876974863]]]]}, "properties": {"name": null, "base_bbl": "1009930003", "shape_area": "193.66015625", "construction_year": "1900", "ground_elevation": "54", "mappluto_bbl": "1009930003", "objectid": "866021", "feature_code": "2100", "shape_length": "63.757436065907278", "height_roof": "48.24", "last_status_type": "Constructed", "bin": "1022559", "last_edited_date": "2017-08-22T17:53:48.000Z", "geom_source": "Photogrammetric", "doitt_id": "22999"}}, {"type": "Feature", "geometry": {"type": "MultiPolygon", "coordinates": [[[[-73.987712744434, 40.752036223891], [-73.987746632279, 40.751849009622], [-73.987767353212, 40.751734533207], [-73.987788966631, 40.751615121209], [-73.987826375205, 40.751598858428], [-73.987926996401, 40.751641109048], [-73.988072385321, 40.751702157783], [-73.988271365746, 40.751785709141], [-73.988291778759, 40.751794280431], [-73.988271359287, 40.751822403856], [-73.988130144661, 40.752016896868], [-73.988088321573, 40.751999335388], [-73.987987031081, 40.75213884295], [-73.987980046453, 40.752148463226], [-73.987712744434, 40.752036223891]]]]}, "properties": {"name": "Lefcourt Marlboro Building", "base_bbl": "1008120022", "shape_area": "3058.51171875", "construction_year": "1924", "ground_elevation": "49", "mappluto_bbl": "1008120022", "objectid": "355820", "feature_code": "2100", "shape_length": "228.18470900266004", "height_roof": "289.58191738", "last_status_type": "Constructed", "bin": "1015240", "last_edited_date": "2017-08-22T17:47:33.000Z", "geom_source": "Photogrammetric", "doitt_id": "553871"}}, {"type": "Feature", "geometry": {"type": "MultiPolygon", "coordinates": [[[[-73.985774035683, 40.751850624471], [-73.985810180181, 40.751801196556], [-73.985964386095, 40.751866410273], [-73.986050332715, 40.751902757026], [-73.98601418834, 40.751952185015], [-73.98596739767, 40.751932397012], [-73.985774035683, 40.751850624471]]]]}, "properties": {"name": null, "base_bbl": "1008390005", "shape_area": "254.22265625", "construction_year": "1920", "ground_elevation": "56", "mappluto_bbl": "1008390005", "objectid": "156282", "feature_code": "2100", "shape_length": "77.841218207438146", "height_roof": "30.76", "last_status_type": "Constructed", "bin": "1015955", "last_edited_date": "2017-08-22T19:39:58.000Z", "geom_source": "Photogrammetric", "doitt_id": "561741"}}, {"type": "Feature", "geometry": {"type": "MultiPolygon", "coordinates": [[[[-73.985198003555, 40.751914155535], [-73.985351656513, 40.751702976818], [-73.985397153903, 40.751722121947], [-73.985417047919, 40.751730492869], [-73.985401675574, 40.751751621294], [-73.985263396289, 40.751941670772], [-73.985198003555, 40.751914155535]]]]}, "properties": {"name": null, "base_bbl": "1008390079", "shape_area": "295.05859375", "construction_year": "1920", "ground_elevation": "60", "mappluto_bbl": "1008390079", "objectid": "740697", "feature_code": "2100", "shape_length": "87.521758117509748", "height_roof": "53.91", "last_status_type": "Constructed", "bin": "1080735", "last_edited_date": "2017-08-22T18:50:37.000Z", "geom_source": "Photogrammetric", "doitt_id": "440717"}}, {"type": "Feature", "geometry": {"type": "MultiPolygon", "coordinates": [[[[-73.985956169239, 40.754659060353], [-73.985932684147, 40.75464915733], [-73.985754578234, 40.754574057596], [-73.985926669059, 40.754338048129], [-73.985858485212, 40.754309298343], [-73.985903557589, 40.754247484157], [-73.986030272932, 40.754073702007], [-73.98647120276, 40.754259623488], [-73.986672098671, 40.75434433135], [-73.986566544253, 40.754684765127], [-73.986322068407, 40.754581681607], [-73.986165964839, 40.754515860326], [-73.986085366806, 40.754481875445], [-73.985956169239, 40.754659060353]]]]}, "properties": {"name": null, "base_bbl": "1009930011", "shape_area": "5063.46875", "construction_year": "1924", "ground_elevation": "57", "mappluto_bbl": "1009930011", "objectid": "123479", "feature_code": "2100", "shape_length": "337.75304780464194", "height_roof": "347.91", "last_status_type": "Constructed", "bin": "1022563", "last_edited_date": "2017-08-22T18:59:48.000Z", "geom_source": "Photogrammetric", "doitt_id": "204460"}}, {"type": "Feature", "geometry": {"type": "MultiPolygon", "coordinates": [[[[-73.985004721105, 40.751488673002], [-73.98515324699, 40.751285566005], [-73.98517113156, 40.751293129858], [-73.985343594431, 40.751366065897], [-73.985195068946, 40.751569173136], [-73.985131269144, 40.751542192065], [-73.985004721105, 40.751488673002]]]]}, "properties": {"name": null, "base_bbl": "1008390016", "shape_area": "827.99609375", "construction_year": "1930", "ground_elevation": "62", "mappluto_bbl": "1008390016", "objectid": "564901", "feature_code": "2100", "shape_length": "116.77466505795545", "height_roof": "229.07", "last_status_type": "Constructed", "bin": "1015961", "last_edited_date": "2017-08-22T19:08:21.000Z", "geom_source": "Photogrammetric", "doitt_id": "851507"}}, {"type": "Feature", "geometry": {"type": "MultiPolygon", "coordinates": [[[[-73.985952382466, 40.75261347298], [-73.985986848812, 40.752566389727], [-73.98616849146, 40.752641278831], [-73.986134720243, 40.752688648581], [-73.985952382466, 40.75261347298]]]]}, "properties": {"name": null, "base_bbl": "1008140036", "shape_area": "182.4765625", "construction_year": "1920", "ground_elevation": "59", "mappluto_bbl": "1008140036", "objectid": "564941", "feature_code": "2100", "shape_length": "61.9530660302601", "height_roof": "33.17", "last_status_type": "Constructed", "bin": "1015270", "last_edited_date": "2017-08-22T18:11:48.000Z", "geom_source": "Photogrammetric", "doitt_id": "188483"}}, {"type": "Feature", "geometry": {"type": "MultiPolygon", "coordinates": [[[[-73.98651354092, 40.752158735955], [-73.986332285748, 40.752081317915], [-73.986454466496, 40.751913479847], [-73.986500772119, 40.751849870843], [-73.986814020383, 40.751981747489], [-73.98667814494, 40.752165721419], [-73.986644737103, 40.752210956265], [-73.986642594404, 40.752213857447], [-73.98651354092, 40.752158735955]]]]}, "properties": {"name": null, "base_bbl": "1008130031", "shape_area": "1549.6640625", "construction_year": "1926", "ground_elevation": "56", "mappluto_bbl": "1008130031", "objectid": "259969", "feature_code": "2100", "shape_length": "157.47267374246923", "height_roof": "311.59", "last_status_type": "Constructed", "bin": "1015255", "last_edited_date": "2017-08-22T18:56:58.000Z", "geom_source": "Photogrammetric", "doitt_id": "342994"}}, {"type": "Feature", "geometry": {"type": "MultiPolygon", "coordinates": [[[[-73.986193273242, 40.753676315904], [-73.986212590209, 40.753649663249], [-73.986421720449, 40.753737316293], [-73.986407560876, 40.753756853796], [-73.986457899288, 40.753777951367], [-73.986469816584, 40.753761507733], [-73.986529106604, 40.753786357831], [-73.986486738084, 40.753844816398], [-73.986605452127, 40.753894572392], [-73.986790583586, 40.753972165124], [-73.986727136056, 40.754177178649], [-73.986540012482, 40.754098750817], [-73.986040946608, 40.753889576913], [-73.986039227338, 40.7538888563], [-73.98604381497, 40.753882527202], [-73.986193273242, 40.753676315904]]]]}, "properties": {"name": null, "base_bbl": "1008150046", "shape_area": "2876.18359375", "construction_year": "1954", "ground_elevation": "57", "mappluto_bbl": "1008150046", "objectid": "689670", "feature_code": "2100", "shape_length": "253.60240943434744", "height_roof": "269.63", "last_status_type": "Constructed", "bin": "1015281", "last_edited_date": "2017-08-22T19:05:59.000Z", "geom_source": "Photogrammetric", "doitt_id": "680284"}}, {"type": "Feature", "geometry": {"type": "MultiPolygon", "coordinates": [[[[-73.985860344657, 40.755122628875], [-73.985687601213, 40.75535971424], [-73.985452388551, 40.755260611169], [-73.985625132574, 40.755023527055], [-73.985860344657, 40.755122628875]]]]}, "properties": {"name": null, "base_bbl": "1009940047", "shape_area": "1192.3203125", "construction_year": "2017", "ground_elevation": "59", "mappluto_bbl": "1009947503", "objectid": "763233", "feature_code": "2100", "shape_length": "139.51349819179541", "height_roof": "404", "last_status_type": "Constructed", "bin": "1022578", "last_edited_date": "2018-05-07T14:26:10.000Z", "geom_source": "Other (Manual)", "doitt_id": "1224826"}}, {"type": "Feature", "geometry": {"type": "MultiPolygon", "coordinates": [[[[-73.985195068946, 40.751569173136], [-73.985343594431, 40.751366065897], [-73.985404462515, 40.751391808284], [-73.985255937159, 40.751594915601], [-73.985195068946, 40.751569173136]]]]}, "properties": {"name": null, "base_bbl": "1008390015", "shape_area": "264.7734375", "construction_year": "1928", "ground_elevation": "61", "mappluto_bbl": "1008390015", "objectid": "584140", "feature_code": "2100", "shape_length": "83.759746898178051", "height_roof": "43.83", "last_status_type": "Constructed", "bin": "1015960", "last_edited_date": "2017-08-22T19:30:27.000Z", "geom_source": "Photogrammetric", "doitt_id": "507934"}}, {"type": "Feature", "geometry": {"type": "MultiPolygon", "coordinates": [[[[-73.986911530957, 40.754783911772], [-73.987130598386, 40.754824028757], [-73.987191609304, 40.754835201824], [-73.987193132183, 40.754872117317], [-73.987280191786, 40.754908306571], [-73.987264614329, 40.754929978217], [-73.98730101353, 40.754945108927], [-73.98734999048, 40.754876974863], [-73.987536724191, 40.754954596277], [-73.987336380336, 40.75523329799], [-73.987046352205, 40.755112737592], [-73.986836809354, 40.75502563316], [-73.986911530957, 40.754783911772]]]]}, "properties": {"name": null, "base_bbl": "1009930055", "shape_area": "2860.05859375", "construction_year": "1929", "ground_elevation": "55", "mappluto_bbl": "1009930055", "objectid": "622991", "feature_code": "2100", "shape_length": "238.47183176169216", "height_roof": "421.79", "last_status_type": "Constructed", "bin": "1022569", "last_edited_date": "2017-08-22T18:11:01.000Z", "geom_source": "Photogrammetric", "doitt_id": "49503"}}, {"type": "Feature", "geometry": {"type": "MultiPolygon", "coordinates": [[[[-73.987571691484, 40.752603395975], [-73.987623347495, 40.752387865466], [-73.987636911749, 40.752331269229], [-73.987645561298, 40.752328341712], [-73.988254978295, 40.752586141925], [-73.988083869258, 40.752820061354], [-73.987646886304, 40.752635205425], [-73.987571691484, 40.752603395975]]]]}, "properties": {"name": "Lefcourt-State Building", "base_bbl": "1008130016", "shape_area": "2827.63671875", "construction_year": "1927", "ground_elevation": "50", "mappluto_bbl": "1008130016", "objectid": "487323", "feature_code": "2100", "shape_length": "224.0000363825298", "height_roof": "326.705032", "last_status_type": "Constructed", "bin": "1015254", "last_edited_date": "2017-08-22T18:15:33.000Z", "geom_source": "Photogrammetric", "doitt_id": "588889"}}, {"type": "Feature", "geometry": {"type": "MultiPolygon", "coordinates": [[[[-73.985647879234, 40.751760669894], [-73.985675319006, 40.751723146526], [-73.985798737187, 40.75155437007], [-73.985876714811, 40.751587347179], [-73.985705412823, 40.751821603477], [-73.985698357188, 40.751818620126], [-73.985627435009, 40.751788626254], [-73.985647879234, 40.751760669894]]]]}, "properties": {"name": null, "base_bbl": "1008390008", "shape_area": "391.21875", "construction_year": "1920", "ground_elevation": "56", "mappluto_bbl": "1008390008", "objectid": "681089", "feature_code": "2100", "shape_length": "98.587607324415629", "height_roof": "33.61", "last_status_type": "Constructed", "bin": "1015957", "last_edited_date": "2017-08-22T18:27:14.000Z", "geom_source": "Photogrammetric", "doitt_id": "23915"}}, {"type": "Feature", "geometry": {"type": "MultiPolygon", "coordinates": [[[[-73.985810180181, 40.751801196556], [-73.98584704242, 40.751750787167], [-73.985931609431, 40.751786551212], [-73.985961321514, 40.751799115993], [-73.986087194829, 40.751852348461], [-73.986050332715, 40.751902757026], [-73.985964386095, 40.751866410273], [-73.985810180181, 40.751801196556]]]]}, "properties": {"name": null, "base_bbl": "1008390004", "shape_area": "259.26953125", "construction_year": "1910", "ground_elevation": "56", "mappluto_bbl": "1008390004", "objectid": "265426", "feature_code": "2100", "shape_length": "78.170867973390187", "height_roof": "40.96", "last_status_type": "Constructed", "bin": "1015954", "last_edited_date": "2017-08-22T19:18:36.000Z", "geom_source": "Photogrammetric", "doitt_id": "622065"}}, {"type": "Feature", "geometry": {"type": "MultiPolygon", "coordinates": [[[[-73.987103374194, 40.751604280956], [-73.987314093196, 40.751691061795], [-73.98732887715, 40.751697149941], [-73.987399633195, 40.751726289969], [-73.98736226776, 40.751913741491], [-73.987346354346, 40.751993575897], [-73.98732036476, 40.752000164742], [-73.986970095742, 40.751855913242], [-73.986803670418, 40.751787373003], [-73.986800551656, 40.751786088525], [-73.986802545113, 40.75178328908], [-73.986866523972, 40.751693445711], [-73.986911413275, 40.751711931902], [-73.986966319584, 40.751734544428], [-73.986984079391, 40.751709604222], [-73.987010170906, 40.751720349302], [-73.98707595809, 40.751627966593], [-73.987084114938, 40.751631325494], [-73.987103374194, 40.751604280956]]]]}, "properties": {"name": "Fischel Building", "base_bbl": "1008120049", "shape_area": "2060.55859375", "construction_year": "1922", "ground_elevation": "50", "mappluto_bbl": "1008120049", "objectid": "182292", "feature_code": "2100", "shape_length": "202.73140562724495", "height_roof": "222.1", "last_status_type": "Constructed", "bin": "1015244", "last_edited_date": "2017-08-22T18:58:25.000Z", "geom_source": "Photogrammetric", "doitt_id": "227729"}}, {"type": "Feature", "geometry": {"type": "MultiPolygon", "coordinates": [[[[-73.985754578234, 40.754574057596], [-73.985628314, 40.754520816633], [-73.985794017156, 40.754292728313], [-73.98592028109, 40.754345968196], [-73.985754578234, 40.754574057596]]]]}, "properties": {"name": null, "base_bbl": "1009930043", "shape_area": "615.44140625", "construction_year": "2018", "ground_elevation": "58", "mappluto_bbl": "1009930043", "objectid": "65268", "feature_code": "2100", "shape_length": "108.69071114872652", "height_roof": "257", "last_status_type": "Constructed", "bin": "1090597", "last_edited_date": "2018-05-11T14:25:00.000Z", "geom_source": "Other (Manual)", "doitt_id": "1284573"}}, {"type": "Feature", "geometry": {"type": "MultiPolygon", "coordinates": [[[[-73.986287598985, 40.752142703693], [-73.986332285748, 40.752081317915], [-73.98651354092, 40.752158735955], [-73.986469472568, 40.752219271798], [-73.986287598985, 40.752142703693]]]]}, "properties": {"name": null, "base_bbl": "1008130036", "shape_area": "236.953125", "construction_year": "1920", "ground_elevation": "57", "mappluto_bbl": "1008130036", "objectid": "624909", "feature_code": "2100", "shape_length": "66.785858325793569", "height_roof": "51.43", "last_status_type": "Constructed", "bin": "1015256", "last_edited_date": "2017-08-22T18:10:49.000Z", "geom_source": "Photogrammetric", "doitt_id": "667781"}}, {"type": "Feature", "geometry": {"type": "MultiPolygon", "coordinates": [[[[-73.986194661918, 40.752837938929], [-73.986355907331, 40.752611763687], [-73.98635956605, 40.752613272468], [-73.98642694572, 40.752641051124], [-73.986433486476, 40.752631876641], [-73.986486098563, 40.752654149631], [-73.98643153974, 40.752730679909], [-73.986318633693, 40.752889051117], [-73.986194661918, 40.752837938929]]]]}, "properties": {"name": null, "base_bbl": "1008140030", "shape_area": "603.5234375", "construction_year": "1923", "ground_elevation": "57", "mappluto_bbl": "1008140030", "objectid": "202510", "feature_code": "2100", "shape_length": "109.96147489614563", "height_roof": "143.38", "last_status_type": "Constructed", "bin": "1015267", "last_edited_date": "2017-08-22T17:36:52.000Z", "geom_source": "Photogrammetric", "doitt_id": "259728"}}, {"type": "Feature", "geometry": {"type": "MultiPolygon", "coordinates": [[[[-73.987120981149, 40.754685319213], [-73.98713795868, 40.754661700849], [-73.987174355338, 40.754676830698], [-73.987177515684, 40.754678143987], [-73.987198474313, 40.754648987947], [-73.987181293123, 40.754641845929], [-73.987145288417, 40.754626879117], [-73.986967452911, 40.754603530642], [-73.986977061235, 40.754574101405], [-73.986999887044, 40.754504188731], [-73.98700502948, 40.754488436767], [-73.987030203214, 40.754498900777], [-73.987264483906, 40.754596288673], [-73.987191525592, 40.754697782869], [-73.987173813101, 40.754694653443], [-73.987120981149, 40.754685319213]]]]}, "properties": {"name": "Emerson Building", "base_bbl": "1009930007", "shape_area": "429.40625", "construction_year": "1924", "ground_elevation": "55", "mappluto_bbl": "1009930007", "objectid": "186076", "feature_code": "2100", "shape_length": "116.11368229209164", "height_roof": "139.42", "last_status_type": "Constructed", "bin": "1022561", "last_edited_date": "2017-08-22T17:50:01.000Z", "geom_source": "Photogrammetric", "doitt_id": "160564"}}, {"type": "Feature", "geometry": {"type": "MultiPolygon", "coordinates": [[[[-73.985482756188, 40.750418131612], [-73.985641096891, 40.750198398247], [-73.985693507954, 40.750220241141], [-73.985687501547, 40.75022857728], [-73.985535168556, 40.750439974577], [-73.985482756188, 40.750418131612]]]]}, "properties": {"name": null, "base_bbl": "1008370071", "shape_area": "244.9609375", "construction_year": "1900", "ground_elevation": "59", "mappluto_bbl": "1008370071", "objectid": "643654", "feature_code": "2100", "shape_length": "86.890988102151709", "height_roof": "52.91", "last_status_type": "Constructed", "bin": "1015911", "last_edited_date": "2017-08-22T18:10:32.000Z", "geom_source": "Photogrammetric", "doitt_id": "509238"}}, {"type": "Feature", "geometry": {"type": "MultiPolygon", "coordinates": [[[[-73.987103374194, 40.751604280956], [-73.987106837542, 40.75159941681], [-73.987056257787, 40.751578506793], [-73.986803939667, 40.75147420048], [-73.986819161151, 40.751452906157], [-73.986800813361, 40.751445320896], [-73.986936335227, 40.751255729405], [-73.986955308149, 40.751263573161], [-73.986970261873, 40.751242539934], [-73.987360428423, 40.751403831603], [-73.987424521566, 40.751430326999], [-73.987421554872, 40.751464059629], [-73.987441615675, 40.751468019541], [-73.987405071241, 40.751679827159], [-73.987333196008, 40.751664337781], [-73.987332189226, 40.751665746061], [-73.987314093196, 40.751691061795], [-73.987103374194, 40.751604280956]]]]}, "properties": {"name": null, "base_bbl": "1008120029", "shape_area": "2671.85546875", "construction_year": "1924", "ground_elevation": "51", "mappluto_bbl": "1008120029", "objectid": "709425", "feature_code": "2100", "shape_length": "218.46438272687175", "height_roof": "100.3", "last_status_type": "Constructed", "bin": "1015241", "last_edited_date": "2020-01-28T17:14:45.000Z", "geom_source": "Photogrammetric", "doitt_id": "473538"}}, {"type": "Feature", "geometry": {"type": "MultiPolygon", "coordinates": [[[[-73.985108033141, 40.755106625762], [-73.985448958754, 40.754638718926], [-73.985505477214, 40.754662532716], [-73.985643640462, 40.754720745186], [-73.985302715797, 40.755188652592], [-73.985144061284, 40.755121805731], [-73.985135180648, 40.755118063886], [-73.985108033141, 40.755106625762]]]]}, "properties": {"name": null, "base_bbl": "1009940033", "shape_area": "1947.65234375", "construction_year": "1972", "ground_elevation": "60", "mappluto_bbl": "1009947501", "objectid": "1080422", "feature_code": "2100", "shape_length": "206.67597064897672", "height_roof": "627", "last_status_type": "Constructed", "bin": "1090617", "last_edited_date": "2019-01-22T17:36:28.000Z", "geom_source": "Other (Manual)", "doitt_id": "1284627"}}, {"type": "Feature", "geometry": {"type": "MultiPolygon", "coordinates": [[[[-73.985394180736, 40.751996702934], [-73.985429697867, 40.751947887404], [-73.985547832079, 40.751785523958], [-73.985562948535, 40.75176474848], [-73.985699126141, 40.751822048447], [-73.985967517908, 40.751934981478], [-73.985990463318, 40.751944636794], [-73.985969310829, 40.751973708854], [-73.985821696552, 40.752176591868], [-73.985767415542, 40.752153751948], [-73.985438893326, 40.752015517461], [-73.985394180736, 40.751996702934]]]]}, "properties": {"name": null, "base_bbl": "1008390082", "shape_area": "2118.7734375", "construction_year": "2001", "ground_elevation": "56", "mappluto_bbl": "1008397502", "objectid": "54899", "feature_code": "2100", "shape_length": "186.71887558743538", "height_roof": "463.01", "last_status_type": "Constructed", "bin": "1085979", "last_edited_date": "2017-08-22T18:19:12.000Z", "geom_source": "Photogrammetric", "doitt_id": "941658"}}, {"type": "Feature", "geometry": {"type": "MultiPolygon", "coordinates": [[[[-73.98591799425, 40.75266044817], [-73.985952382466, 40.75261347298], [-73.986134720243, 40.752688648581], [-73.986101027155, 40.75273590937], [-73.98591799425, 40.75266044817]]]]}, "properties": {"name": null, "base_bbl": "1008140037", "shape_area": "182.7578125", "construction_year": "1920", "ground_elevation": "59", "mappluto_bbl": "1008140037", "objectid": "707832", "feature_code": "2100", "shape_length": "62.092877978153012", "height_roof": "46.45", "last_status_type": "Constructed", "bin": "1015271", "last_edited_date": "2017-08-22T17:40:53.000Z", "geom_source": "Photogrammetric", "doitt_id": "539706"}}, {"type": "Feature", "geometry": {"type": "MultiPolygon", "coordinates": [[[[-73.985206239813, 40.752482220011], [-73.98521757557, 40.752466674233], [-73.985224795836, 40.752469718869], [-73.985285715814, 40.752495406391], [-73.985317566475, 40.752508836996], [-73.98534874343, 40.752521982947], [-73.985311882723, 40.752572536253], [-73.985255546226, 40.752649800561], [-73.985205494632, 40.752718444205], [-73.985142468071, 40.75269186757], [-73.985074326505, 40.752663134428], [-73.985206239813, 40.752482220011]]]]}, "properties": {"name": null, "base_bbl": "1008400004", "shape_area": "551.16015625", "construction_year": "1920", "ground_elevation": "61", "mappluto_bbl": "1008400004", "objectid": "5389", "feature_code": "2100", "shape_length": "99.384636593805027", "height_roof": "59.46", "last_status_type": "Constructed", "bin": "1080738", "last_edited_date": "2018-05-17T20:25:45.000Z", "geom_source": "Photogrammetric", "doitt_id": "635659"}}, {"type": "Feature", "geometry": {"type": "MultiPolygon", "coordinates": [[[[-73.986199781622, 40.75226333578], [-73.986221185209, 40.752233934124], [-73.986244636743, 40.752201719528], [-73.986426510438, 40.7522782877], [-73.986381655434, 40.752339904022], [-73.986269094293, 40.752292515949], [-73.986199781622, 40.75226333578]]]]}, "properties": {"name": null, "base_bbl": "1008130038", "shape_area": "239.5", "construction_year": "1920", "ground_elevation": "57", "mappluto_bbl": "1008130038", "objectid": "284883", "feature_code": "2100", "shape_length": "67.005048513674211", "height_roof": "48.58", "last_status_type": "Constructed", "bin": "1015258", "last_edited_date": "2017-08-22T17:48:42.000Z", "geom_source": "Photogrammetric", "doitt_id": "231879"}}, {"type": "Feature", "geometry": {"type": "MultiPolygon", "coordinates": [[[[-73.986547632542, 40.750867802513], [-73.986591019073, 40.750807202613], [-73.986786580474, 40.750888176199], [-73.986776430928, 40.750902352602], [-73.98675387663, 40.750933857817], [-73.986743194068, 40.750948777973], [-73.986547632542, 40.750867802513]]]]}, "properties": {"name": null, "base_bbl": "1008370087", "shape_area": "251.33203125", "construction_year": "1920", "ground_elevation": "53", "mappluto_bbl": "1008370087", "objectid": "871257", "feature_code": "2100", "shape_length": "69.879758588047352", "height_roof": "38.19", "last_status_type": "Constructed", "bin": "1015917", "last_edited_date": "2017-08-22T18:43:20.000Z", "geom_source": "Photogrammetric", "doitt_id": "126848"}}, {"type": "Feature", "geometry": {"type": "MultiPolygon", "coordinates": [[[[-73.986369162402, 40.750471731762], [-73.986397608183, 40.750432000293], [-73.986494186899, 40.750297105034], [-73.986730838092, 40.7503881701], [-73.986681769, 40.750456706459], [-73.986601989462, 40.750568137539], [-73.986369162402, 40.750471731762]]]]}, "properties": {"name": null, "base_bbl": "1008370006", "shape_area": "875.42578125", "construction_year": "2008", "ground_elevation": "54", "mappluto_bbl": "1008370006", "objectid": "861383", "feature_code": "2100", "shape_length": "118.36117729942703", "height_roof": "286.54970682", "last_status_type": "Constructed", "bin": "1015885", "last_edited_date": "2017-08-22T18:08:49.000Z", "geom_source": "Photogrammetric", "doitt_id": "1224744"}}, {"type": "Feature", "geometry": {"type": "MultiPolygon", "coordinates": [[[[-73.985298162877, 40.750808238954], [-73.985421809802, 40.750635126073], [-73.985449633203, 40.750596171896], [-73.985513006121, 40.75062234949], [-73.985439587401, 40.750725140206], [-73.985361534752, 40.75083441663], [-73.985298162877, 40.750808238954]]]]}, "properties": {"name": null, "base_bbl": "1008380020", "shape_area": "284.69921875", "construction_year": "1935", "ground_elevation": "60", "mappluto_bbl": "1008380020", "objectid": "247098", "feature_code": "2100", "shape_length": "86.933705414702246", "height_roof": "45.58", "last_status_type": "Constructed", "bin": "1015924", "last_edited_date": "2017-08-22T18:03:28.000Z", "geom_source": "Photogrammetric", "doitt_id": "214350"}}, {"type": "Feature", "geometry": {"type": "MultiPolygon", "coordinates": [[[[-73.985198439285, 40.754339554371], [-73.985371635461, 40.754102032117], [-73.985088196042, 40.753982514892], [-73.984980763606, 40.753937213607], [-73.985151449486, 40.753703132175], [-73.985327025601, 40.753777167231], [-73.985780388963, 40.753968335691], [-73.985552009609, 40.754281541855], [-73.985436509026, 40.754439940655], [-73.985296602412, 40.754380946973], [-73.98526418961, 40.754367279461], [-73.985198439285, 40.754339554371]]]]}, "properties": {"name": null, "base_bbl": "1009930029", "shape_area": "4358.3359375", "construction_year": "1958", "ground_elevation": "60", "mappluto_bbl": "1009930029", "objectid": "400665", "feature_code": "2100", "shape_length": "318.60526406588139", "height_roof": "417.99", "last_status_type": "Constructed", "bin": "1022565", "last_edited_date": "2017-08-22T19:15:22.000Z", "geom_source": "Photogrammetric", "doitt_id": "632349"}}, {"type": "Feature", "geometry": {"type": "MultiPolygon", "coordinates": [[[[-73.987712744434, 40.752036223891], [-73.987980046453, 40.752148463226], [-73.987911525458, 40.752242834475], [-73.987702007242, 40.752154858092], [-73.98769031912, 40.752139022348], [-73.987712744434, 40.752036223891]]]]}, "properties": {"name": null, "base_bbl": "1008120056", "shape_area": "492.98046875", "construction_year": "1928", "ground_elevation": "51", "mappluto_bbl": "1008120056", "objectid": "666580", "feature_code": "2100", "shape_length": "94.492166164822052", "height_roof": "71.98", "last_status_type": "Constructed", "bin": "1015245", "last_edited_date": "2017-08-22T18:45:36.000Z", "geom_source": "Photogrammetric", "doitt_id": "5240"}}, {"type": "Feature", "geometry": {"type": "MultiPolygon", "coordinates": [[[[-73.986347164874, 40.750785009818], [-73.986402688549, 40.750707955578], [-73.986502010661, 40.75057012049], [-73.986583210471, 40.750603959287], [-73.986542528241, 40.750660416272], [-73.986462680858, 40.750771224995], [-73.986428688224, 40.750818397607], [-73.986347164874, 40.750785009818]]]]}, "properties": {"name": null, "base_bbl": "1008370084", "shape_area": "370.7578125", "construction_year": "1915", "ground_elevation": "54", "mappluto_bbl": "1008370084", "objectid": "132472", "feature_code": "2100", "shape_length": "92.508430582996837", "height_roof": "41.52", "last_status_type": "Constructed", "bin": "1083645", "last_edited_date": "2017-08-22T17:37:43.000Z", "geom_source": "Photogrammetric", "doitt_id": "158642"}}, {"type": "Feature", "geometry": {"type": "MultiPolygon", "coordinates": [[[[-73.985985347719, 40.751112008551], [-73.98597536145, 40.751125844511], [-73.986079905845, 40.751169481303], [-73.985908416661, 40.751407087777], [-73.985816660649, 40.751368788804], [-73.985851537602, 40.751320466539], [-73.985738688389, 40.751273362465], [-73.985885430679, 40.751070043579], [-73.985985347719, 40.751112008551]]]]}, "properties": {"name": null, "base_bbl": "1008380010", "shape_area": "948.42578125", "construction_year": "2018", "ground_elevation": "55", "mappluto_bbl": "1008387502", "objectid": "1032649", "feature_code": "2100", "shape_length": "136.26501099620282", "height_roof": "393", "last_status_type": "Constructed", "bin": "1090374", "last_edited_date": "2019-01-22T17:37:12.000Z", "geom_source": "Other (Manual)", "doitt_id": "1284670"}}, {"type": "Feature", "geometry": {"type": "MultiPolygon", "coordinates": [[[[-73.987385079035, 40.754828163206], [-73.987485666813, 40.754688231113], [-73.987672400153, 40.754765852308], [-73.987672183391, 40.754766153054], [-73.987638249962, 40.754813360222], [-73.987571811467, 40.754905784563], [-73.987385079035, 40.754828163206]]]]}, "properties": {"name": null, "base_bbl": "1009930001", "shape_area": "555.18359375", "construction_year": "1925", "ground_elevation": "53", "mappluto_bbl": "1009930001", "objectid": "316250", "feature_code": "2100", "shape_length": "94.251447207876609", "height_roof": "258.14", "last_status_type": "Constructed", "bin": "1022558", "last_edited_date": "2017-08-22T18:36:33.000Z", "geom_source": "Photogrammetric", "doitt_id": "277191"}}, {"type": "Feature", "geometry": {"type": "MultiPolygon", "coordinates": [[[[-73.985224795836, 40.752469718869], [-73.98526643367, 40.75241261322], [-73.985309287554, 40.752430683741], [-73.985345638847, 40.752380828262], [-73.985369351572, 40.752390826891], [-73.985601915918, 40.752488891559], [-73.985616375434, 40.752494988889], [-73.985580024281, 40.752544844453], [-73.98554894293, 40.752587472305], [-73.985538386633, 40.752601949313], [-73.98534874343, 40.752521982947], [-73.985317566475, 40.752508836996], [-73.985285715814, 40.752495406391], [-73.985224795836, 40.752469718869]]]]}, "properties": {"name": null, "base_bbl": "1008400004", "shape_area": "671.703125", "construction_year": "1920", "ground_elevation": "59", "mappluto_bbl": "1008400004", "objectid": "251287", "feature_code": "2100", "shape_length": "115.81696828897448", "height_roof": "67.19", "last_status_type": "Constructed", "bin": "1080737", "last_edited_date": "2018-05-17T20:25:54.000Z", "geom_source": "Photogrammetric", "doitt_id": "95263"}}, {"type": "Feature", "geometry": {"type": "MultiPolygon", "coordinates": [[[[-73.987301596055, 40.754833788499], [-73.987424504726, 40.754662806784], [-73.987485666813, 40.754688231113], [-73.987385079035, 40.754828163206], [-73.98734999048, 40.754876974863], [-73.987288828271, 40.754851550463], [-73.987301596055, 40.754833788499]]]]}, "properties": {"name": null, "base_bbl": "1009930104", "shape_area": "245.27734375", "construction_year": "1900", "ground_elevation": "54", "mappluto_bbl": "1009930104", "objectid": "718373", "feature_code": "2100", "shape_length": "78.697123286000561", "height_roof": "42.91", "last_status_type": "Constructed", "bin": "1022570", "last_edited_date": "2017-08-22T18:26:34.000Z", "geom_source": "Photogrammetric", "doitt_id": "5491"}}, {"type": "Feature", "geometry": {"type": "MultiPolygon", "coordinates": [[[[-73.986449797131, 40.753749083805], [-73.986421720449, 40.753737316293], [-73.986212590209, 40.753649663249], [-73.986385341818, 40.753411312731], [-73.986765632224, 40.753570703327], [-73.986904193401, 40.753628778364], [-73.986833618137, 40.753832208059], [-73.986669320774, 40.753763346409], [-73.986493017279, 40.753689452892], [-73.986449797131, 40.753749083805]]]]}, "properties": {"name": "Lefcourt Manhattan Building", "base_bbl": "1008150014", "shape_area": "2391.76171875", "construction_year": "1926", "ground_elevation": "57", "mappluto_bbl": "1008150014", "objectid": "320596", "feature_code": "2100", "shape_length": "220.38405139533015", "height_roof": "359.98", "last_status_type": "Constructed", "bin": "1080611", "last_edited_date": "2017-08-22T18:02:20.000Z", "geom_source": "Photogrammetric", "doitt_id": "35059"}}, {"type": "Feature", "geometry": {"type": "MultiPolygon", "coordinates": [[[[-73.985852899675, 40.751742776985], [-73.985945336321, 40.751616368071], [-73.985959549397, 40.75162237888], [-73.986011521158, 40.751644357548], [-73.985957889282, 40.751717699033], [-73.985923931487, 40.751764136681], [-73.985919083415, 40.751770766514], [-73.985852899675, 40.751742776985]]]]}, "properties": {"name": null, "base_bbl": "1008390001", "shape_area": "179.17578125", "construction_year": "1925", "ground_elevation": "56", "mappluto_bbl": "1008390001", "objectid": "461907", "feature_code": "2100", "shape_length": "59.346222695857819", "height_roof": "60", "last_status_type": "Constructed", "bin": "1080733", "last_edited_date": "2017-08-22T19:13:30.000Z", "geom_source": "Photogrammetric", "doitt_id": "350266"}}, {"type": "Feature", "geometry": {"type": "MultiPolygon", "coordinates": [[[[-73.985361534752, 40.75083441663], [-73.985439587401, 40.750725140206], [-73.985513006121, 40.75062234949], [-73.985722045696, 40.750708699899], [-73.985831414226, 40.750753878283], [-73.985742556218, 40.750878284839], [-73.985679943572, 40.750965945839], [-73.985460102668, 40.750875133787], [-73.985361534752, 40.75083441663]]]]}, "properties": {"name": null, "base_bbl": "1008380015", "shape_area": "1430.44140625", "construction_year": "1917", "ground_elevation": "59", "mappluto_bbl": "1008380015", "objectid": "884277", "feature_code": "2100", "shape_length": "151.60775905216855", "height_roof": "155.48", "last_status_type": "Constructed", "bin": "1015923", "last_edited_date": "2017-08-22T19:27:04.000Z", "geom_source": "Photogrammetric", "doitt_id": "451070"}}, {"type": "Feature", "geometry": {"type": "MultiPolygon", "coordinates": [[[[-73.987571691484, 40.752603395975], [-73.987646886304, 40.752635205425], [-73.988083869258, 40.752820061354], [-73.988224991066, 40.752879759586], [-73.988213347994, 40.752895676636], [-73.988053704687, 40.753113920278], [-73.987500245959, 40.752879793098], [-73.987509067216, 40.752845667587], [-73.987551497764, 40.752681518077], [-73.987571691484, 40.752603395975]]]]}, "properties": {"name": null, "base_bbl": "1008130055", "shape_area": "3026.44140625", "construction_year": "1926", "ground_elevation": "50", "mappluto_bbl": "1008130055", "objectid": "540101", "feature_code": "2100", "shape_length": "234.58991510082981", "height_roof": "311.16477", "last_status_type": "Constructed", "bin": "1015262", "last_edited_date": "2017-08-22T17:56:39.000Z", "geom_source": "Photogrammetric", "doitt_id": "456552"}}, {"type": "Feature", "geometry": {"type": "MultiPolygon", "coordinates": [[[[-73.986502330928, 40.753267875034], [-73.986634930572, 40.753081878424], [-73.986650619179, 40.753059871882], [-73.986864176828, 40.753147916363], [-73.986909137988, 40.753155222781], [-73.987035539647, 40.753175763202], [-73.986959659798, 40.753423621541], [-73.986949400725, 40.7534571327], [-73.986743662008, 40.753370037513], [-73.986502330928, 40.753267875034]]]]}, "properties": {"name": null, "base_bbl": "1008140052", "shape_area": "1882.88671875", "construction_year": "1930", "ground_elevation": "56", "mappluto_bbl": "1008140052", "objectid": "284067", "feature_code": "2100", "shape_length": "180.77097086680465", "height_roof": "410.17", "last_status_type": "Constructed", "bin": "1015274", "last_edited_date": "2017-08-22T19:18:23.000Z", "geom_source": "Photogrammetric", "doitt_id": "167440"}}, {"type": "Feature", "geometry": {"type": "MultiPolygon", "coordinates": [[[[-73.985255937159, 40.751594915601], [-73.985404462515, 40.751391808284], [-73.985406797134, 40.751388616286], [-73.98540861579, 40.751389384648], [-73.98547539929, 40.751417628452], [-73.985400978083, 40.751519399633], [-73.985324539462, 40.751623927856], [-73.985312934846, 40.751619020421], [-73.985296554515, 40.751641420218], [-73.985239556815, 40.751617315391], [-73.985255937159, 40.751594915601]]]]}, "properties": {"name": null, "base_bbl": "1008390014", "shape_area": "330.4453125", "construction_year": "1910", "ground_elevation": "60", "mappluto_bbl": "1008390014", "objectid": "923152", "feature_code": "2100", "shape_length": "94.330005015428256", "height_roof": "51.18", "last_status_type": "Constructed", "bin": "1015959", "last_edited_date": "2017-08-22T19:26:22.000Z", "geom_source": "Photogrammetric", "doitt_id": "18267"}}, {"type": "Feature", "geometry": {"type": "MultiPolygon", "coordinates": [[[[-73.986428688224, 40.750818397607], [-73.986462680858, 40.750771224995], [-73.986542528241, 40.750660416272], [-73.986585690421, 40.750678374696], [-73.986600307125, 40.750684455713], [-73.986487010661, 40.750842701016], [-73.986475959019, 40.750838095432], [-73.986428688224, 40.750818397607]]]]}, "properties": {"name": null, "base_bbl": "1008370084", "shape_area": "195.04296875", "construction_year": "1915", "ground_elevation": "54", "mappluto_bbl": "1008370084", "objectid": "754327", "feature_code": "2100", "shape_length": "67.649784153105216", "height_roof": "62.2", "last_status_type": "Constructed", "bin": "1083646", "last_edited_date": "2017-08-22T19:32:49.000Z", "geom_source": "Photogrammetric", "doitt_id": "530534"}}, {"type": "Feature", "geometry": {"type": "MultiPolygon", "coordinates": [[[[-73.985856290948, 40.754989722771], [-73.985928079824, 40.754891192845], [-73.985956290704, 40.75485247455], [-73.986039066848, 40.754886460683], [-73.986036103147, 40.754890527908], [-73.985875707401, 40.755110668445], [-73.985793427384, 40.755076001474], [-73.985856290948, 40.754989722771]]]]}, "properties": {"name": null, "base_bbl": "1009940016", "shape_area": "393.82421875", "construction_year": "1900", "ground_elevation": "56", "mappluto_bbl": "1009940016", "objectid": "163553", "feature_code": "2100", "shape_length": "96.115030219692", "height_roof": "56.71", "last_status_type": "Constructed", "bin": "1022574", "last_edited_date": "2017-08-22T17:37:41.000Z", "geom_source": "Photogrammetric", "doitt_id": "281695"}}, {"type": "Feature", "geometry": {"type": "MultiPolygon", "coordinates": [[[[-73.985375301681, 40.751178082996], [-73.985254266506, 40.751128711735], [-73.985388375518, 40.750940952604], [-73.985443941409, 40.75096359836], [-73.985453658966, 40.750944348569], [-73.985473081431, 40.75095292834], [-73.985461799404, 40.750967889725], [-73.985512590284, 40.750988193529], [-73.985375301681, 40.751178082996]]]]}, "properties": {"name": null, "base_bbl": "1008380074", "shape_area": "491.95703125", "construction_year": null, "ground_elevation": "60", "mappluto_bbl": "1008380074", "objectid": "418845", "feature_code": "2100", "shape_length": "99.967889364356779", "height_roof": "203", "last_status_type": "Constructed", "bin": "1090392", "last_edited_date": "2019-02-20T18:51:12.000Z", "geom_source": "Other (Manual)", "doitt_id": "1284738"}}, {"type": "Feature", "geometry": {"type": "MultiPolygon", "coordinates": [[[[-73.986789177964, 40.752586648648], [-73.986828708403, 40.752533125307], [-73.986918539414, 40.752411494313], [-73.98719594949, 40.752529979815], [-73.987213107602, 40.752537308236], [-73.987202371182, 40.75258522476], [-73.987173106981, 40.752715829067], [-73.987135402705, 40.752732404976], [-73.986878965881, 40.752624448635], [-73.986789177964, 40.752586648648]]]]}, "properties": {"name": "Lefcourt Normandie Building", "base_bbl": "1008130050", "shape_area": "1249.87109375", "construction_year": "1928", "ground_elevation": "55", "mappluto_bbl": "1008130050", "objectid": "435320", "feature_code": "2100", "shape_length": "142.69239140785868", "height_roof": "321.59261171", "last_status_type": "Constructed", "bin": "1015261", "last_edited_date": "2017-08-22T18:16:16.000Z", "geom_source": "Photogrammetric", "doitt_id": "31563"}}, {"type": "Feature", "geometry": {"type": "MultiPolygon", "coordinates": [[[[-73.987648784181, 40.754559685337], [-73.987365626412, 40.754440564574], [-73.987187011436, 40.754365422873], [-73.987134564691, 40.754343359144], [-73.987153347248, 40.754317541943], [-73.987213243574, 40.754235208175], [-73.98717389763, 40.754218656111], [-73.987357173622, 40.7539667248], [-73.987398288481, 40.753984021714], [-73.98747838078, 40.753873926522], [-73.988001122012, 40.754093836096], [-73.987979442628, 40.754123637871], [-73.98791945733, 40.754206094498], [-73.987960330928, 40.754223288528], [-73.987779158969, 40.754472331289], [-73.98773814199, 40.754455075946], [-73.987663447132, 40.754557751722], [-73.987658934234, 40.754563954821], [-73.987648784181, 40.754559685337]]]]}, "properties": {"name": null, "base_bbl": "1008150001", "shape_area": "5693.7109375", "construction_year": "1969", "ground_elevation": "54", "mappluto_bbl": "1008150001", "objectid": "215023", "feature_code": "2100", "shape_length": "311.78775846550718", "height_roof": "499.35", "last_status_type": "Constructed", "bin": "1015275", "last_edited_date": "2017-08-22T18:20:39.000Z", "geom_source": "Photogrammetric", "doitt_id": "367643"}}, {"type": "Feature", "geometry": {"type": "MultiPolygon", "coordinates": [[[[-73.985831473723, 40.750557611191], [-73.985961302533, 40.750377442119], [-73.985974274715, 40.750359440781], [-73.985996116102, 40.7503291288], [-73.986064014211, 40.750357424632], [-73.986042175213, 40.750387738427], [-73.986027612318, 40.750407948521], [-73.985899374363, 40.750585908921], [-73.985831473723, 40.750557611191]]]]}, "properties": {"name": null, "base_bbl": "1008370077", "shape_area": "329.98828125", "construction_year": "1905", "ground_elevation": "56", "mappluto_bbl": "1008370077", "objectid": "898500", "feature_code": "2100", "shape_length": "93.7557935703129", "height_roof": "55.64", "last_status_type": "Constructed", "bin": "1015914", "last_edited_date": "2017-08-22T17:28:03.000Z", "geom_source": "Photogrammetric", "doitt_id": "711312"}}, {"type": "Feature", "geometry": {"type": "MultiPolygon", "coordinates": [[[[-73.985956169239, 40.754659060353], [-73.986085366806, 40.754481875445], [-73.986165964839, 40.754515860326], [-73.986322068407, 40.754581681607], [-73.986566544253, 40.754684765127], [-73.986503058697, 40.754889515556], [-73.986503019593, 40.754889641622], [-73.986233433344, 40.754775970431], [-73.986045482279, 40.754696719541], [-73.985956169239, 40.754659060353]]]]}, "properties": {"name": null, "base_bbl": "1009930047", "shape_area": "1947.96484375", "construction_year": "1931", "ground_elevation": "57", "mappluto_bbl": "1009930047", "objectid": "677605", "feature_code": "2100", "shape_length": "191.64667385492237", "height_roof": "510.94", "last_status_type": "Constructed", "bin": "1022568", "last_edited_date": "2017-08-22T19:05:58.000Z", "geom_source": "Photogrammetric", "doitt_id": "366371"}}, {"type": "Feature", "geometry": {"type": "MultiPolygon", "coordinates": [[[[-73.986694799403, 40.75158736848], [-73.986880613873, 40.751664182235], [-73.986800394935, 40.751776405828], [-73.986796668608, 40.75178161933], [-73.986753079379, 40.751763599706], [-73.986610853906, 40.751704804541], [-73.986694799403, 40.75158736848]]]]}, "properties": {"name": null, "base_bbl": "1008120045", "shape_area": "462.44140625", "construction_year": null, "ground_elevation": "54", "mappluto_bbl": "1008120045", "objectid": "66024", "feature_code": "5100", "shape_length": "86.377823996944727", "height_roof": "0", "last_status_type": "Constructed", "bin": "1090627", "last_edited_date": "2018-05-17T18:23:08.000Z", "geom_source": "Photogrammetric", "doitt_id": "1284721"}}, {"type": "Feature", "geometry": {"type": "MultiPolygon", "coordinates": [[[[-73.985931609431, 40.751786551212], [-73.985942314749, 40.751771911193], [-73.985923931487, 40.751764136681], [-73.985957889282, 40.751717699033], [-73.986011521158, 40.751644357548], [-73.986185489579, 40.751717928262], [-73.986087194829, 40.751852348461], [-73.985961321514, 40.751799115993], [-73.985931609431, 40.751786551212]]]]}, "properties": {"name": null, "base_bbl": "1008390001", "shape_area": "495.0625", "construction_year": "1925", "ground_elevation": "54", "mappluto_bbl": "1008390001", "objectid": "722441", "feature_code": "2100", "shape_length": "89.520637353167814", "height_roof": "52.55", "last_status_type": "Constructed", "bin": "1080732", "last_edited_date": "2017-08-22T17:32:34.000Z", "geom_source": "Photogrammetric", "doitt_id": "840179"}}, {"type": "Feature", "geometry": {"type": "MultiPolygon", "coordinates": [[[[-73.986918539414, 40.752411494313], [-73.986998880214, 40.752302713295], [-73.98667814494, 40.752165721419], [-73.986814020383, 40.751981747489], [-73.986945813806, 40.752037230959], [-73.987302180965, 40.752187258145], [-73.987213107602, 40.752537308236], [-73.98719594949, 40.752529979815], [-73.986918539414, 40.752411494313]]]]}, "properties": {"name": null, "base_bbl": "1008130023", "shape_area": "2734.69140625", "construction_year": "1914", "ground_elevation": "54", "mappluto_bbl": "1008130023", "objectid": "159397", "feature_code": "2100", "shape_length": "242.48356992558357", "height_roof": "149.41", "last_status_type": "Constructed", "bin": "1080609", "last_edited_date": "2017-08-22T17:50:23.000Z", "geom_source": "Photogrammetric", "doitt_id": "713109"}}, {"type": "Feature", "geometry": {"type": "MultiPolygon", "coordinates": [[[[-73.985345638847, 40.752380828262], [-73.985382035097, 40.752330911543], [-73.985393519073, 40.752335754119], [-73.98562409289, 40.75243297922], [-73.985652771543, 40.752445072085], [-73.985616375434, 40.752494988889], [-73.985601915918, 40.752488891559], [-73.985369351572, 40.752390826891], [-73.985345638847, 40.752380828262]]]]}, "properties": {"name": null, "base_bbl": "1008400003", "shape_area": "289.03515625", "construction_year": "1920", "ground_elevation": "59", "mappluto_bbl": "1008400003", "objectid": "799370", "feature_code": "2100", "shape_length": "85.744862520164588", "height_roof": "66.91", "last_status_type": "Constructed", "bin": "1015988", "last_edited_date": "2017-08-22T19:31:55.000Z", "geom_source": "Photogrammetric", "doitt_id": "950"}}, {"type": "Feature", "geometry": {"type": "MultiPolygon", "coordinates": [[[[-73.986502010661, 40.75057012049], [-73.986402688549, 40.750707955578], [-73.986347164874, 40.750785009818], [-73.986081881355, 40.750674453563], [-73.986034504232, 40.750654708736], [-73.98605921445, 40.750620417756], [-73.986207689613, 40.750414370117], [-73.986255638494, 40.750434352675], [-73.986284952245, 40.750446568832], [-73.986267754004, 40.750470436498], [-73.986296461559, 40.750482400438], [-73.98631358991, 40.750458630014], [-73.986409116048, 40.75049844009], [-73.986391987721, 40.750522210529], [-73.986416210275, 40.750532304458], [-73.986433408479, 40.75050843767], [-73.986520349466, 40.750544669832], [-73.986502010661, 40.75057012049]]]]}, "properties": {"name": null, "base_bbl": "1008370080", "shape_area": "1571.25390625", "construction_year": "1924", "ground_elevation": "54", "mappluto_bbl": "1008377501", "objectid": "52721", "feature_code": "2100", "shape_length": "175.87076994813822", "height_roof": "223.19", "last_status_type": "Constructed", "bin": "1015916", "last_edited_date": "2017-08-22T18:35:17.000Z", "geom_source": "Photogrammetric", "doitt_id": "723651"}}, {"type": "Feature", "geometry": {"type": "MultiPolygon", "coordinates": [[[[-73.984950172599, 40.752276344716], [-73.985052809209, 40.752135581094], [-73.985098470746, 40.752072957726], [-73.985104234548, 40.752065052029], [-73.985110408188, 40.752056586271], [-73.985275303495, 40.752126118414], [-73.985269019712, 40.752134735452], [-73.985267836394, 40.752136358913], [-73.985115068283, 40.752345877086], [-73.985047996266, 40.752317594318], [-73.984989348702, 40.752292864204], [-73.984950172599, 40.752276344716]]]]}, "properties": {"name": null, "base_bbl": "1008400009", "shape_area": "775.02734375", "construction_year": "1915", "ground_elevation": "61", "mappluto_bbl": "1008407501", "objectid": "56831", "feature_code": "2100", "shape_length": "115.80058851842706", "height_roof": "163", "last_status_type": "Constructed", "bin": "1016020", "last_edited_date": "2017-08-22T17:38:52.000Z", "geom_source": "Other (Manual)", "doitt_id": "578469"}}, {"type": "Feature", "geometry": {"type": "MultiPolygon", "coordinates": [[[[-73.986531348867, 40.753783264856], [-73.986449797131, 40.753749083805], [-73.986493017279, 40.753689452892], [-73.986669320774, 40.753763346409], [-73.986833618137, 40.753832208059], [-73.98681296906, 40.753901299695], [-73.986637891741, 40.75382791983], [-73.986531348867, 40.753783264856]]]]}, "properties": {"name": null, "base_bbl": "1008150014", "shape_area": "447.53515625", "construction_year": "1926", "ground_elevation": "57", "mappluto_bbl": "1008150014", "objectid": "329238", "feature_code": "2100", "shape_length": "109.94272044631742", "height_roof": "76.41", "last_status_type": "Constructed", "bin": "1080612", "last_edited_date": "2017-08-22T18:18:58.000Z", "geom_source": "Photogrammetric", "doitt_id": "3140"}}, {"type": "Feature", "geometry": {"type": "MultiPolygon", "coordinates": [[[[-73.985111905171, 40.751069904791], [-73.985209838991, 40.75093279375], [-73.985257192478, 40.75086649556], [-73.985262656517, 40.75085884646], [-73.985405017534, 40.750917653219], [-73.985262422917, 40.751117292561], [-73.985254266506, 40.751128711735], [-73.985228951043, 40.751118254517], [-73.985111905171, 40.751069904791]]]]}, "properties": {"name": null, "base_bbl": "1008380072", "shape_area": "636.51953125", "construction_year": "1924", "ground_elevation": "62", "mappluto_bbl": "1008380072", "objectid": "619388", "feature_code": "2100", "shape_length": "106.62757090262333", "height_roof": "170.12", "last_status_type": "Constructed", "bin": "1015951", "last_edited_date": "2017-08-22T17:55:29.000Z", "geom_source": "Photogrammetric", "doitt_id": "98854"}}, {"type": "Feature", "geometry": {"type": "MultiPolygon", "coordinates": [[[[-73.985205494632, 40.752718444205], [-73.985255546226, 40.752649800561], [-73.985311882723, 40.752572536253], [-73.985501526026, 40.752652502679], [-73.985392541774, 40.752801971975], [-73.985391427149, 40.752803499992], [-73.985391337126, 40.75280362425], [-73.985360999519, 40.752790831416], [-73.985360910715, 40.752790794484], [-73.985201693525, 40.752723657645], [-73.985205494632, 40.752718444205]]]]}, "properties": {"name": null, "base_bbl": "1008400087", "shape_area": "612.95703125", "construction_year": "1914", "ground_elevation": "59", "mappluto_bbl": "1008400087", "objectid": "997933", "feature_code": "2100", "shape_length": "99.061758727612641", "height_roof": "67.28", "last_status_type": "Constructed", "bin": "1016019", "last_edited_date": "2017-08-22T17:38:53.000Z", "geom_source": "Photogrammetric", "doitt_id": "528595"}}, {"type": "Feature", "geometry": {"type": "MultiPolygon", "coordinates": [[[[-73.985826864, 40.754977324597], [-73.985770465643, 40.755054729601], [-73.985641873746, 40.755000550043], [-73.985616329033, 40.755035609839], [-73.98559859164, 40.75505995369], [-73.985457348276, 40.755253804875], [-73.985302715797, 40.755188652592], [-73.985643640462, 40.754720745186], [-73.985956290704, 40.75485247455], [-73.985928079824, 40.754891192845], [-73.985856290948, 40.754989722771], [-73.985826864, 40.754977324597]]]]}, "properties": {"name": "Bryant Theatre", "base_bbl": "1009940045", "shape_area": "2223.51953125", "construction_year": "1918", "ground_elevation": "56", "mappluto_bbl": "1009940045", "objectid": "1051897", "feature_code": "2100", "shape_length": "236.72979500490123", "height_roof": "422.94", "last_status_type": "Constructed", "bin": "1022577", "last_edited_date": "2020-01-28T17:18:58.000Z", "geom_source": "Photogrammetric", "doitt_id": "198617"}}, {"type": "Feature", "geometry": {"type": "MultiPolygon", "coordinates": [[[[-73.98611848875, 40.753644971121], [-73.98617350209, 40.753569066008], [-73.986098408687, 40.753537591501], [-73.986235463095, 40.753348493653], [-73.986385341818, 40.753411312731], [-73.986212590209, 40.753649663249], [-73.986193273242, 40.753676315904], [-73.98611848875, 40.753644971121]]]]}, "properties": {"name": null, "base_bbl": "1008150020", "shape_area": "725.5390625", "construction_year": "1997", "ground_elevation": "58", "mappluto_bbl": "1008150020", "objectid": "1069156", "feature_code": "2100", "shape_length": "126.98795723976696", "height_roof": "291", "last_status_type": "Constructed", "bin": "1087857", "last_edited_date": "2017-08-22T17:30:04.000Z", "geom_source": "Other (Manual)", "doitt_id": "937396"}}, {"type": "Feature", "geometry": {"type": "MultiPolygon", "coordinates": [[[[-73.986199781622, 40.75226333578], [-73.986269094293, 40.752292515949], [-73.986381655434, 40.752339904022], [-73.986342676558, 40.752393448889], [-73.986339765103, 40.752397448591], [-73.986157891183, 40.752320879383], [-73.986199781622, 40.75226333578]]]]}, "properties": {"name": null, "base_bbl": "1008130039", "shape_area": "223.6640625", "construction_year": "1920", "ground_elevation": "58", "mappluto_bbl": "1008130039", "objectid": "238676", "feature_code": "2100", "shape_length": "65.638410214219178", "height_roof": "47.58", "last_status_type": "Constructed", "bin": "1015259", "last_edited_date": "2017-08-22T19:38:33.000Z", "geom_source": "Photogrammetric", "doitt_id": "640253"}}, {"type": "Feature", "geometry": {"type": "MultiPolygon", "coordinates": [[[[-73.985311882723, 40.752572536253], [-73.98534874343, 40.752521982947], [-73.985538386633, 40.752601949313], [-73.985501526026, 40.752652502679], [-73.985311882723, 40.752572536253]]]]}, "properties": {"name": null, "base_bbl": "1008400004", "shape_area": "205.04296875", "construction_year": "1920", "ground_elevation": "59", "mappluto_bbl": "1008400004", "objectid": "814857", "feature_code": "2100", "shape_length": "65.29566982428058", "height_roof": "61.62", "last_status_type": "Constructed", "bin": "1080741", "last_edited_date": "2017-08-22T19:31:41.000Z", "geom_source": "Photogrammetric", "doitt_id": "712662"}}, {"type": "Feature", "geometry": {"type": "MultiPolygon", "coordinates": [[[[-73.985139036592, 40.751889342608], [-73.985292688495, 40.75167816487], [-73.985351656513, 40.751702976818], [-73.985198003555, 40.751914155535], [-73.985139036592, 40.751889342608]]]]}, "properties": {"name": null, "base_bbl": "1008390078", "shape_area": "266.0703125", "construction_year": "1925", "ground_elevation": "61", "mappluto_bbl": "1008390078", "objectid": "225727", "feature_code": "2100", "shape_length": "85.885543406816623", "height_roof": "25.1", "last_status_type": "Constructed", "bin": "1015983", "last_edited_date": "2017-08-22T18:38:14.000Z", "geom_source": "Photogrammetric", "doitt_id": "552617"}}, {"type": "Feature", "geometry": {"type": "MultiPolygon", "coordinates": [[[[-73.985263396289, 40.751941670772], [-73.985401675574, 40.751751621294], [-73.985417047919, 40.751730492869], [-73.985547832079, 40.751785523958], [-73.985429697867, 40.751947887404], [-73.985394180736, 40.751996702934], [-73.985263396289, 40.751941670772]]]]}, "properties": {"name": null, "base_bbl": "1008390079", "shape_area": "590.11328125", "construction_year": "1920", "ground_elevation": "62", "mappluto_bbl": "1008390079", "objectid": "745038", "feature_code": "2100", "shape_length": "104.17578792095206", "height_roof": "76.15", "last_status_type": "Constructed", "bin": "1080736", "last_edited_date": "2017-08-22T18:50:23.000Z", "geom_source": "Photogrammetric", "doitt_id": "310087"}}, {"type": "Feature", "geometry": {"type": "MultiPolygon", "coordinates": [[[[-73.986113176055, 40.751153281613], [-73.986043472611, 40.751124489416], [-73.986027614997, 40.751117938114], [-73.986027365168, 40.751117835426], [-73.986009131225, 40.751110304082], [-73.9860283564, 40.751083386689], [-73.986165220575, 40.750891766518], [-73.986324923639, 40.750957735045], [-73.986324118205, 40.750958863283], [-73.986319674101, 40.750965086153], [-73.986168834659, 40.751176272824], [-73.986113176055, 40.751153281613]]]]}, "properties": {"name": null, "base_bbl": "1008380008", "shape_area": "739.35546875", "construction_year": "1924", "ground_elevation": "57", "mappluto_bbl": "1008380008", "objectid": "374486", "feature_code": "2100", "shape_length": "113.52386811025779", "height_roof": "149.24", "last_status_type": "Constructed", "bin": "1015920", "last_edited_date": "2017-08-22T18:01:19.000Z", "geom_source": "Photogrammetric", "doitt_id": "613626"}}, {"type": "Feature", "geometry": {"type": "MultiPolygon", "coordinates": [[[[-73.985382035097, 40.752330911543], [-73.98541626484, 40.752283966207], [-73.985463678012, 40.752218939466], [-73.985465344602, 40.752216654193], [-73.985466370378, 40.752215246832], [-73.985532355524, 40.752243070862], [-73.98572573735, 40.752324613278], [-73.985737106498, 40.752329407178], [-73.985652771543, 40.752445072085], [-73.98562409289, 40.75243297922], [-73.985393519073, 40.752335754119], [-73.985382035097, 40.752330911543]], [[-73.985541483194, 40.752350913889], [-73.985605831011, 40.752377902902], [-73.985618511082, 40.752360420264], [-73.985554163277, 40.752333431257], [-73.985541483194, 40.752350913889]]]]}, "properties": {"name": null, "base_bbl": "1008400001", "shape_area": "645.7421875", "construction_year": "1920", "ground_elevation": "61", "mappluto_bbl": "1008400001", "objectid": "359957", "feature_code": "2100", "shape_length": "130.05786383069375", "height_roof": "65.6", "last_status_type": "Constructed", "bin": "1015987", "last_edited_date": "2017-08-22T18:54:37.000Z", "geom_source": "Photogrammetric", "doitt_id": "647135"}}, {"type": "Feature", "geometry": {"type": "MultiPolygon", "coordinates": [[[[-73.986095294442, 40.754910161584], [-73.986439625606, 40.755055670285], [-73.98636131687, 40.755328977062], [-73.986025236433, 40.755186811811], [-73.986088112758, 40.755100857166], [-73.985987064849, 40.755058112333], [-73.986095294442, 40.754910161584]]]]}, "properties": {"name": "Siemens Building", "base_bbl": "1009940009", "shape_area": "1772.01953125", "construction_year": null, "ground_elevation": "57", "mappluto_bbl": "1009947504", "objectid": "1078349", "feature_code": "2100", "shape_length": "180.02301185902712", "height_roof": "188.13", "last_status_type": "Constructed", "bin": "1022573", "last_edited_date": "2017-08-22T17:33:36.000Z", "geom_source": "Photogrammetric", "doitt_id": "482250"}}, {"type": "Feature", "geometry": {"type": "MultiPolygon", "coordinates": [[[[-73.985705412823, 40.751821603477], [-73.985876714811, 40.751587347179], [-73.985945336321, 40.751616368071], [-73.985852899675, 40.751742776985], [-73.98584704242, 40.751750787167], [-73.985810180181, 40.751801196556], [-73.985774035683, 40.751850624471], [-73.985705412823, 40.751821603477]]]]}, "properties": {"name": null, "base_bbl": "1008390007", "shape_area": "344.28125", "construction_year": "1925", "ground_elevation": "57", "mappluto_bbl": "1008390007", "objectid": "923034", "feature_code": "2100", "shape_length": "96.202125138891574", "height_roof": "54.43", "last_status_type": "Constructed", "bin": "1015956", "last_edited_date": "2017-08-22T18:07:48.000Z", "geom_source": "Photogrammetric", "doitt_id": "216978"}}, {"type": "Feature", "geometry": {"type": "MultiPolygon", "coordinates": [[[[-73.985875707401, 40.755110668445], [-73.986036103147, 40.754890527908], [-73.986039066848, 40.754886460683], [-73.986048847411, 40.754890583482], [-73.986095294442, 40.754910161584], [-73.985987064849, 40.755058112333], [-73.986088112758, 40.755100857166], [-73.986025236433, 40.755186811811], [-73.98636131687, 40.755328977062], [-73.98628301232, 40.755601833523], [-73.986200970676, 40.755567252423], [-73.985956499255, 40.755464204161], [-73.985774889764, 40.755387653326], [-73.985697622911, 40.755355084185], [-73.985753660321, 40.755278174453], [-73.985849146433, 40.75514712125], [-73.985875707401, 40.755110668445]]]]}, "properties": {"name": "Newsweek Building", "base_bbl": "1009940054", "shape_area": "3167.62109375", "construction_year": null, "ground_elevation": "56", "mappluto_bbl": "1009947502", "objectid": "109235", "feature_code": "2100", "shape_length": "296.46391461091747", "height_roof": "219.82", "last_status_type": "Constructed", "bin": "1022579", "last_edited_date": "2019-01-22T17:36:32.000Z", "geom_source": "Photogrammetric", "doitt_id": "509650"}}, {"type": "Feature", "geometry": {"type": "MultiPolygon", "coordinates": [[[[-73.98591799425, 40.75266044817], [-73.986101027155, 40.75273590937], [-73.986134720243, 40.752688648581], [-73.98616849146, 40.752641278831], [-73.985986848812, 40.752566389727], [-73.98603381739, 40.752502228987], [-73.986055918755, 40.752472037704], [-73.986235075496, 40.752547881839], [-73.986348541603, 40.752595915713], [-73.986362878064, 40.752601985019], [-73.986357334643, 40.752609761131], [-73.986355907331, 40.752611763687], [-73.986194661918, 40.752837938929], [-73.986154147251, 40.752894767689], [-73.986030539424, 40.753068148756], [-73.985732679225, 40.752942052253], [-73.98571677625, 40.752935319903], [-73.985718797014, 40.752932559202], [-73.985786494881, 40.752840082028], [-73.98591799425, 40.75266044817]]]]}, "properties": {"name": null, "base_bbl": "1008140045", "shape_area": "2715.7734375", "construction_year": "2004", "ground_elevation": "59", "mappluto_bbl": "1008147501", "objectid": "52910", "feature_code": "2100", "shape_length": "281.07511619870706", "height_roof": "422", "last_status_type": "Constructed", "bin": "1015272", "last_edited_date": "2017-08-22T17:27:53.000Z", "geom_source": "Other (Manual)", "doitt_id": "1008746"}}, {"type": "Feature", "geometry": {"type": "MultiPolygon", "coordinates": [[[[-73.986467335455, 40.752451155406], [-73.986642594404, 40.752213857447], [-73.986644737103, 40.752210956265], [-73.98667814494, 40.752165721419], [-73.986998880214, 40.752302713295], [-73.986918539414, 40.752411494313], [-73.986828708403, 40.752533125307], [-73.986789177964, 40.752586648648], [-73.986467335455, 40.752451155406]]]]}, "properties": {"name": null, "base_bbl": "1008130023", "shape_area": "1964.82421875", "construction_year": "1914", "ground_elevation": "55", "mappluto_bbl": "1008130023", "objectid": "848338", "feature_code": "2100", "shape_length": "177.84955765172273", "height_roof": "264.99", "last_status_type": "Constructed", "bin": "1080610", "last_edited_date": "2017-08-22T18:43:56.000Z", "geom_source": "Photogrammetric", "doitt_id": "543700"}}, {"type": "Feature", "geometry": {"type": "MultiPolygon", "coordinates": [[[[-73.987120981149, 40.754685319213], [-73.987173813101, 40.754694653443], [-73.987191525592, 40.754697782869], [-73.987264483906, 40.754596288673], [-73.987424504726, 40.754662806784], [-73.987301596055, 40.754833788499], [-73.987217695706, 40.754798912548], [-73.987191609304, 40.754835201824], [-73.987135062798, 40.754811695932], [-73.987112814829, 40.754802447955], [-73.987152646287, 40.754747037995], [-73.987080741046, 40.754741297336], [-73.987120981149, 40.754685319213]]]]}, "properties": {"name": null, "base_bbl": "1009930005", "shape_area": "711.79296875", "construction_year": "1964", "ground_elevation": "54", "mappluto_bbl": "1009930005", "objectid": "826385", "feature_code": "2100", "shape_length": "127.39437283960372", "height_roof": "75.21", "last_status_type": "Constructed", "bin": "1022560", "last_edited_date": "2017-08-22T18:30:08.000Z", "geom_source": "Photogrammetric", "doitt_id": "841634"}}, {"type": "Feature", "geometry": {"type": "MultiPolygon", "coordinates": [[[[-73.986529106604, 40.753786357831], [-73.986531348867, 40.753783264856], [-73.986637891741, 40.75382791983], [-73.98681296906, 40.753901299695], [-73.986835194174, 40.753910614365], [-73.986790583586, 40.753972165124], [-73.986605452127, 40.753894572392], [-73.986486738084, 40.753844816398], [-73.986529106604, 40.753786357831]]]]}, "properties": {"name": null, "base_bbl": "1008150049", "shape_area": "398.87109375", "construction_year": "1920", "ground_elevation": "57", "mappluto_bbl": "1008150049", "objectid": "440536", "feature_code": "2100", "shape_length": "97.949214786152311", "height_roof": "44.28744178", "last_status_type": "Constructed", "bin": "1015282", "last_edited_date": "2017-08-22T19:14:02.000Z", "geom_source": "Photogrammetric", "doitt_id": "51081"}}, {"type": "Feature", "geometry": {"type": "MultiPolygon", "coordinates": [[[[-73.985917326373, 40.753215150641], [-73.985674203759, 40.753550591465], [-73.985620593525, 40.753624557727], [-73.985541637913, 40.753591465067], [-73.985509570468, 40.753635709187], [-73.985332736955, 40.7535615905], [-73.985363689842, 40.753518884352], [-73.985309570092, 40.753496200029], [-73.985607418907, 40.753085255812], [-73.985917326373, 40.753215150641]]]]}, "properties": {"name": null, "base_bbl": "1008150026", "shape_area": "2874.7265625", "construction_year": "2013", "ground_elevation": "57", "mappluto_bbl": "1008150026", "objectid": "65991", "feature_code": "2100", "shape_length": "230.95855698361459", "height_roof": "393", "last_status_type": "Constructed", "bin": "1088833", "last_edited_date": "2017-08-22T19:41:33.000Z", "geom_source": "Other (Manual)", "doitt_id": "1260324"}}, {"type": "Feature", "geometry": {"type": "MultiPolygon", "coordinates": [[[[-73.985674203759, 40.753550591465], [-73.985917326373, 40.753215150641], [-73.986178136749, 40.7533244658], [-73.986235463095, 40.753348493653], [-73.986098408687, 40.753537591501], [-73.986061290643, 40.753522034383], [-73.985910932432, 40.753459014013], [-73.985723273026, 40.753701178316], [-73.985634194715, 40.753663842183], [-73.985696030752, 40.753559739713], [-73.985674203759, 40.753550591465]]]]}, "properties": {"name": null, "base_bbl": "1008150021", "shape_area": "1886.83203125", "construction_year": "1963", "ground_elevation": "59", "mappluto_bbl": "1008150021", "objectid": "1032140", "feature_code": "2100", "shape_length": "224.41112143878658", "height_roof": "133.14", "last_status_type": "Constructed", "bin": "1015277", "last_edited_date": "2020-01-28T17:19:02.000Z", "geom_source": "Photogrammetric", "doitt_id": "306003"}}, {"type": "Feature", "geometry": {"type": "MultiPolygon", "coordinates": [[[[-73.985967515566, 40.753582226308], [-73.985813960855, 40.753787961344], [-73.98570987818, 40.753743037562], [-73.985863433109, 40.753537301763], [-73.985967515566, 40.753582226308]]]]}, "properties": {"name": null, "base_bbl": "1008150039", "shape_area": "463.13671875", "construction_year": "1914", "ground_elevation": "57", "mappluto_bbl": "1008150039", "objectid": "346663", "feature_code": "2100", "shape_length": "96.132317267828739", "height_roof": "74.4", "last_status_type": "Constructed", "bin": "1080613", "last_edited_date": "2017-08-22T19:16:53.000Z", "geom_source": "Photogrammetric", "doitt_id": "21439"}}, {"type": "Feature", "geometry": {"type": "MultiPolygon", "coordinates": [[[[-73.986494186899, 40.750297105034], [-73.986397608183, 40.750432000293], [-73.986369162402, 40.750471731762], [-73.986211227036, 40.750406334424], [-73.986336253008, 40.750231707866], [-73.986494186899, 40.750297105034]]]]}, "properties": {"name": null, "base_bbl": "1008370009", "shape_area": "584.8828125", "construction_year": "2008", "ground_elevation": "53", "mappluto_bbl": "1008370009", "objectid": "727890", "feature_code": "2100", "shape_length": "98.455879269711858", "height_roof": "185.21864569", "last_status_type": "Constructed", "bin": "1088537", "last_edited_date": "2017-08-22T19:11:37.000Z", "geom_source": "Photogrammetric", "doitt_id": "1158175"}}, {"type": "Feature", "geometry": {"type": "MultiPolygon", "coordinates": [[[[-73.986030539424, 40.753068148756], [-73.986154147251, 40.752894767689], [-73.986194661918, 40.752837938929], [-73.986318633693, 40.752889051117], [-73.986434856, 40.752936967265], [-73.986286213183, 40.753145465379], [-73.986269280706, 40.753169216903], [-73.986030539424, 40.753068148756]]]]}, "properties": {"name": null, "base_bbl": "1008140046", "shape_area": "1175.59375", "construction_year": "1927", "ground_elevation": "59", "mappluto_bbl": "1008140046", "objectid": "199421", "feature_code": "2100", "shape_length": "138.12275460257266", "height_roof": "203.57", "last_status_type": "Constructed", "bin": "1015273", "last_edited_date": "2017-08-22T17:50:01.000Z", "geom_source": "Photogrammetric", "doitt_id": "438938"}}, {"type": "Feature", "geometry": {"type": "MultiPolygon", "coordinates": [[[[-73.985324539462, 40.751623927856], [-73.985400978083, 40.751519399633], [-73.98547539929, 40.751417628452], [-73.985662084127, 40.751496578483], [-73.985798737187, 40.75155437007], [-73.985675319006, 40.751723146526], [-73.985647879234, 40.751760669894], [-73.985395383183, 40.751653887686], [-73.985324539462, 40.751623927856]]]]}, "properties": {"name": null, "base_bbl": "1008390009", "shape_area": "1428.60546875", "construction_year": "1925", "ground_elevation": "59", "mappluto_bbl": "1008390009", "objectid": "861296", "feature_code": "2100", "shape_length": "151.75756869442151", "height_roof": "210.74", "last_status_type": "Constructed", "bin": "1015958", "last_edited_date": "2017-08-22T17:40:33.000Z", "geom_source": "Photogrammetric", "doitt_id": "20686"}}, {"type": "Feature", "geometry": {"type": "MultiPolygon", "coordinates": [[[[-73.986911530957, 40.754783911772], [-73.986967452911, 40.754603530642], [-73.987145288417, 40.754626879117], [-73.987181293123, 40.754641845929], [-73.987198474313, 40.754648987947], [-73.987177515684, 40.754678143987], [-73.987174355338, 40.754676830698], [-73.98713795868, 40.754661700849], [-73.987120981149, 40.754685319213], [-73.987080741046, 40.754741297336], [-73.987152646287, 40.754747037995], [-73.987112814829, 40.754802447955], [-73.987135062798, 40.754811695932], [-73.987191609304, 40.754835201824], [-73.987130598386, 40.754824028757], [-73.986911530957, 40.754783911772]]]]}, "properties": {"name": null, "base_bbl": "1009930008", "shape_area": "621.4296875", "construction_year": "1965", "ground_elevation": "56", "mappluto_bbl": "1009930008", "objectid": "994222", "feature_code": "2100", "shape_length": "136.69652097787514", "height_roof": "75.44", "last_status_type": "Constructed", "bin": "1022562", "last_edited_date": "2017-08-22T17:26:53.000Z", "geom_source": "Photogrammetric", "doitt_id": "440967"}}, {"type": "Feature", "geometry": {"type": "MultiPolygon", "coordinates": [[[[-73.987772974067, 40.755200980982], [-73.988044910567, 40.755314627195], [-73.988086069084, 40.755331827511], [-73.987961959961, 40.755503554507], [-73.987648864381, 40.755372706745], [-73.987772974067, 40.755200980982]]]]}, "properties": {"name": null, "base_bbl": "1010120036", "shape_area": "1145.23046875", "construction_year": "1926", "ground_elevation": "54", "mappluto_bbl": "1010127502", "objectid": "1036976", "feature_code": "2100", "shape_length": "137.15295288708305", "height_roof": "255.24", "last_status_type": "Constructed", "bin": "1024649", "last_edited_date": "2019-01-22T17:36:53.000Z", "geom_source": "Photogrammetric", "doitt_id": "13580"}}, {"type": "Feature", "geometry": {"type": "MultiPolygon", "coordinates": [[[[-73.986677233614, 40.750528930126], [-73.986717295074, 40.750472975502], [-73.987000027884, 40.750590044727], [-73.986959967776, 40.750645999448], [-73.986677233614, 40.750528930126]]]]}, "properties": {"name": null, "base_bbl": "1008370001", "shape_area": "335.5078125", "construction_year": "1954", "ground_elevation": "51", "mappluto_bbl": "1008370001", "objectid": "259234", "feature_code": "2100", "shape_length": "90.444056495980931", "height_roof": "45.81", "last_status_type": "Constructed", "bin": "1083642", "last_edited_date": "2017-08-22T17:49:14.000Z", "geom_source": "Photogrammetric", "doitt_id": "827626"}}, {"type": "Feature", "geometry": {"type": "MultiPolygon", "coordinates": [[[[-73.985436509026, 40.754439940655], [-73.985552009609, 40.754281541855], [-73.985780388963, 40.753968335691], [-73.985919645084, 40.754027054956], [-73.986030272932, 40.754073702007], [-73.985903557589, 40.754247484157], [-73.9858413771, 40.754221265516], [-73.985740597472, 40.754359477995], [-73.985624214723, 40.754519088952], [-73.985590839131, 40.754505016184], [-73.985436509026, 40.754439940655]]]]}, "properties": {"name": null, "base_bbl": "1009930022", "shape_area": "2124.4765625", "construction_year": "1915", "ground_elevation": "59", "mappluto_bbl": "1009930022", "objectid": "514936", "feature_code": "2100", "shape_length": "222.0191071481818", "height_roof": "331.21465075", "last_status_type": "Constructed", "bin": "1022564", "last_edited_date": "2017-08-22T19:33:32.000Z", "geom_source": "Photogrammetric", "doitt_id": "266186"}}, {"type": "Feature", "geometry": {"type": "MultiPolygon", "coordinates": [[[[-73.986244636743, 40.752201719528], [-73.986287598985, 40.752142703693], [-73.986469472568, 40.752219271798], [-73.986426510438, 40.7522782877], [-73.986244636743, 40.752201719528]]]]}, "properties": {"name": null, "base_bbl": "1008130037", "shape_area": "229.39453125", "construction_year": "1920", "ground_elevation": "57", "mappluto_bbl": "1008130037", "objectid": "797883", "feature_code": "2100", "shape_length": "66.132243908875324", "height_roof": "50.46", "last_status_type": "Constructed", "bin": "1015257", "last_edited_date": "2017-08-22T17:31:45.000Z", "geom_source": "Photogrammetric", "doitt_id": "61378"}}, {"type": "Feature", "geometry": {"type": "MultiPolygon", "coordinates": [[[[-73.98810424986, 40.755306670167], [-73.988063092538, 40.755289469858], [-73.988044910567, 40.755314627195], [-73.987772974067, 40.755200980982], [-73.987861220425, 40.755077733625], [-73.988172242229, 40.755211174059], [-73.988110984881, 40.755297350631], [-73.98810424986, 40.755306670167]]]]}, "properties": {"name": null, "base_bbl": "1010120032", "shape_area": "789.3125", "construction_year": "1923", "ground_elevation": "51", "mappluto_bbl": "1010120032", "objectid": "1076360", "feature_code": "2100", "shape_length": "120.36011951154721", "height_roof": "104.17856146", "last_status_type": "Alteration", "bin": "1024648", "last_edited_date": "2021-07-16T16:56:19.000Z", "geom_source": "Other (Manual)", "doitt_id": "482636"}}, {"type": "Feature", "geometry": {"type": "MultiPolygon", "coordinates": [[[[-73.986339765103, 40.752397448591], [-73.986342676558, 40.752393448889], [-73.986381655434, 40.752339904022], [-73.986426510438, 40.7522782877], [-73.986469472568, 40.752219271798], [-73.98651354092, 40.752158735955], [-73.986642594404, 40.752213857447], [-73.986467335455, 40.752451155406], [-73.986347834374, 40.752400845355], [-73.986339765103, 40.752397448591]]]]}, "properties": {"name": "Markstern Building", "base_bbl": "1008130040", "shape_area": "654.90625", "construction_year": "1906", "ground_elevation": "57", "mappluto_bbl": "1008130040", "objectid": "366493", "feature_code": "2100", "shape_length": "112.75544632217554", "height_roof": "105.1", "last_status_type": "Constructed", "bin": "1015260", "last_edited_date": "2017-08-22T19:16:32.000Z", "geom_source": "Photogrammetric", "doitt_id": "525798"}}, {"type": "Feature", "geometry": {"type": "MultiPolygon", "coordinates": [[[[-73.985813960855, 40.753787961344], [-73.985967515566, 40.753582226308], [-73.986014643582, 40.753602567257], [-73.986028077019, 40.753584567779], [-73.986031888745, 40.753579460572], [-73.986079486852, 40.753600005067], [-73.986063606246, 40.753621282997], [-73.98611848875, 40.753644971121], [-73.98602893324, 40.753764958981], [-73.985963568624, 40.753852535117], [-73.985813960855, 40.753787961344]]]]}, "properties": {"name": "World Tower Building", "base_bbl": "1008150039", "shape_area": "691.6796875", "construction_year": "1914", "ground_elevation": "59", "mappluto_bbl": "1008150039", "objectid": "109944", "feature_code": "2100", "shape_length": "115.59923575457663", "height_roof": "336.989238", "last_status_type": "Constructed", "bin": "1080614", "last_edited_date": "2017-08-22T18:22:48.000Z", "geom_source": "Photogrammetric", "doitt_id": "493734"}}, {"type": "Feature", "geometry": {"type": "MultiPolygon", "coordinates": [[[[-73.986269280706, 40.753169216903], [-73.986286213183, 40.753145465379], [-73.986434856, 40.752936967265], [-73.986318633693, 40.752889051117], [-73.98643153974, 40.752730679909], [-73.986486098563, 40.752654149631], [-73.986874022921, 40.752818371096], [-73.987113868131, 40.752919904984], [-73.987035539647, 40.753175763202], [-73.986909137988, 40.753155222781], [-73.986864176828, 40.753147916363], [-73.986650619179, 40.753059871882], [-73.986634930572, 40.753081878424], [-73.986502330928, 40.753267875034], [-73.986306185439, 40.753184839666], [-73.986269280706, 40.753169216903]]]]}, "properties": {"name": null, "base_bbl": "1008140019", "shape_area": "4612.19921875", "construction_year": "1930", "ground_elevation": "56", "mappluto_bbl": "1008140019", "objectid": "531986", "feature_code": "2100", "shape_length": "322.43397168779279", "height_roof": "435.57", "last_status_type": "Constructed", "bin": "1015266", "last_edited_date": "2017-08-22T19:09:16.000Z", "geom_source": "Photogrammetric", "doitt_id": "58759"}}, {"type": "Feature", "geometry": {"type": "MultiPolygon", "coordinates": [[[[-73.986169758678, 40.749896502501], [-73.986237943399, 40.749802340233], [-73.986312969231, 40.749698728824], [-73.986334302508, 40.749707662577], [-73.986489981825, 40.749492668873], [-73.986531009183, 40.749436009322], [-73.986824236705, 40.749558811045], [-73.986741091412, 40.749673635858], [-73.986671441211, 40.749769822594], [-73.986645524723, 40.749805613813], [-73.986598982521, 40.749869889241], [-73.986532035463, 40.749841852279], [-73.986423267558, 40.749992061951], [-73.986413614384, 40.750005392807], [-73.98616600044, 40.749901692567], [-73.986169758678, 40.749896502501]]]]}, "properties": {"name": null, "base_bbl": "1008360010", "shape_area": "2825.765625", "construction_year": "1912", "ground_elevation": "51", "mappluto_bbl": "1008360010", "objectid": "887192", "feature_code": "2100", "shape_length": "239.1146517915144", "height_roof": "147.76", "last_status_type": "Constructed", "bin": "1083639", "last_edited_date": "2017-08-22T18:43:02.000Z", "geom_source": "Photogrammetric", "doitt_id": "378485"}}, {"type": "Feature", "geometry": {"type": "MultiPolygon", "coordinates": [[[[-73.984025441629, 40.751420750387], [-73.984171974687, 40.751219361642], [-73.984180348012, 40.751207854325], [-73.984210265539, 40.751220443901], [-73.984261417101, 40.751241967591], [-73.984165416971, 40.75137390828], [-73.984106512082, 40.751454863761], [-73.984025441629, 40.751420750387]]]]}, "properties": {"name": null, "base_bbl": "1008390062", "shape_area": "368.7734375", "construction_year": "1910", "ground_elevation": "66", "mappluto_bbl": "1008390062", "objectid": "386875", "feature_code": "2100", "shape_length": "92.091056978967956", "height_roof": "77.32", "last_status_type": "Constructed", "bin": "1015974", "last_edited_date": "2017-08-22T18:01:19.000Z", "geom_source": "Photogrammetric", "doitt_id": "230772"}}, {"type": "Feature", "geometry": {"type": "MultiPolygon", "coordinates": [[[[-73.984011322767, 40.749498311085], [-73.984025484533, 40.749478659501], [-73.984113933787, 40.749355918324], [-73.984184004298, 40.749258682295], [-73.98440472829, 40.749350675687], [-73.984491142161, 40.749386690493], [-73.984473273137, 40.749411487127], [-73.984377089802, 40.749544961564], [-73.984370473282, 40.749554142228], [-73.984318461403, 40.749626319738], [-73.984080874389, 40.749527299007], [-73.984011322767, 40.749498311085]]]]}, "properties": {"name": null, "base_bbl": "1008370040", "shape_area": "1565.48828125", "construction_year": "1928", "ground_elevation": "64", "mappluto_bbl": "1008370040", "objectid": "470327", "feature_code": "2100", "shape_length": "158.28029521622884", "height_roof": "162.45", "last_status_type": "Constructed", "bin": "1015898", "last_edited_date": "2017-08-22T17:59:35.000Z", "geom_source": "Photogrammetric", "doitt_id": "165965"}}, {"type": "Feature", "geometry": {"type": "MultiPolygon", "coordinates": [[[[-73.9831382585, 40.749416207219], [-73.983209506237, 40.749319229501], [-73.983288047045, 40.749352601977], [-73.983294051265, 40.749344428952], [-73.983294861462, 40.74934332685], [-73.98360410723, 40.749474727223], [-73.983550819223, 40.749547259905], [-73.983518066726, 40.749591841988], [-73.983138445513, 40.749430537903], [-73.983130278504, 40.749427067957], [-73.983130735722, 40.749426445774], [-73.9831382585, 40.749416207219]]]]}, "properties": {"name": null, "base_bbl": "1008650071", "shape_area": "959.15625", "construction_year": "1929", "ground_elevation": "71", "mappluto_bbl": "1008650071", "objectid": "396260", "feature_code": "2100", "shape_length": "138.37949650867412", "height_roof": "212.89", "last_status_type": "Constructed", "bin": "1017134", "last_edited_date": "2017-08-22T19:35:48.000Z", "geom_source": "Photogrammetric", "doitt_id": "59299"}}, {"type": "Feature", "geometry": {"type": "MultiPolygon", "coordinates": [[[[-73.984472476498, 40.7499896147], [-73.984579070705, 40.749841693864], [-73.984624750238, 40.749778304334], [-73.984705528117, 40.74966620927], [-73.984716729709, 40.749650665317], [-73.984810914313, 40.749519963894], [-73.985050820634, 40.749619948763], [-73.985183506688, 40.74967524798], [-73.98517847745, 40.749682227157], [-73.985152757961, 40.74971791811], [-73.985011996748, 40.749913255694], [-73.984993052869, 40.749905361192], [-73.984957668083, 40.74989061349], [-73.984796133882, 40.749823291155], [-73.984704489533, 40.749950465615], [-73.98462920732, 40.750054935922], [-73.984472476498, 40.7499896147]]]]}, "properties": {"name": null, "base_bbl": "1008370030", "shape_area": "2658.4765625", "construction_year": "1963", "ground_elevation": "62", "mappluto_bbl": "1008370030", "objectid": "502124", "feature_code": "2100", "shape_length": "251.9305104040042", "height_roof": "37.72", "last_status_type": "Constructed", "bin": "1015896", "last_edited_date": "2017-08-22T18:32:34.000Z", "geom_source": "Photogrammetric", "doitt_id": "786379"}}, {"type": "Feature", "geometry": {"type": "MultiPolygon", "coordinates": [[[[-73.986615216202, 40.750089822648], [-73.986769521569, 40.749876724883], [-73.986792813308, 40.749886479137], [-73.986836274645, 40.749826458171], [-73.986857306474, 40.749797412944], [-73.986816499797, 40.749780323879], [-73.986781199936, 40.749765540726], [-73.986807844756, 40.749728743694], [-73.986906075957, 40.749593084637], [-73.987062519272, 40.749658602431], [-73.986917110372, 40.749859415999], [-73.986917055888, 40.749859490735], [-73.986908278858, 40.749855813872], [-73.986710067067, 40.750129545049], [-73.986646845774, 40.750103068261], [-73.986646807885, 40.750103052948], [-73.986615216202, 40.750089822648]]]]}, "properties": {"name": null, "base_bbl": "1008360007", "shape_area": "1147.234375", "construction_year": "1907", "ground_elevation": "50", "mappluto_bbl": "1008360007", "objectid": "761686", "feature_code": "2100", "shape_length": "204.81638057945162", "height_roof": "162.65", "last_status_type": "Constructed", "bin": "1015868", "last_edited_date": "2017-08-22T19:32:51.000Z", "geom_source": "Photogrammetric", "doitt_id": "849662"}}, {"type": "Feature", "geometry": {"type": "MultiPolygon", "coordinates": [[[[-73.984786603332, 40.75012800047], [-73.984821757569, 40.750079216584], [-73.984957668083, 40.74989061349], [-73.984993052869, 40.749905361192], [-73.985011996748, 40.749913255694], [-73.98508749999, 40.749944722874], [-73.985070911454, 40.749967743966], [-73.985147205694, 40.749999540795], [-73.98506790401, 40.750109589505], [-73.984992731159, 40.750213907875], [-73.984834790748, 40.750148083608], [-73.984786603332, 40.75012800047]]]]}, "properties": {"name": null, "base_bbl": "1008370058", "shape_area": "1003.44921875", "construction_year": "1912", "ground_elevation": "63", "mappluto_bbl": "1008370058", "objectid": "638104", "feature_code": "2100", "shape_length": "131.8622004596551", "height_roof": "151.56", "last_status_type": "Constructed", "bin": "1015903", "last_edited_date": "2017-08-22T17:29:42.000Z", "geom_source": "Photogrammetric", "doitt_id": "492800"}}, {"type": "Feature", "geometry": {"type": "MultiPolygon", "coordinates": [[[[-73.9833035861, 40.749191171374], [-73.983223566704, 40.74915717014], [-73.983225545997, 40.749154476113], [-73.983269603287, 40.749094503399], [-73.983461272876, 40.749175942245], [-73.983713390469, 40.749283064568], [-73.983737414395, 40.749293272499], [-73.983733767363, 40.749298236475], [-73.983691373377, 40.749355944827], [-73.983404250393, 40.749233944658], [-73.9833035861, 40.749191171374]]]]}, "properties": {"name": null, "base_bbl": "1008650004", "shape_area": "629.25390625", "construction_year": "1910", "ground_elevation": "67", "mappluto_bbl": "1008650004", "objectid": "166653", "feature_code": "2100", "shape_length": "140.49364914938275", "height_roof": "59.04", "last_status_type": "Constructed", "bin": "1017119", "last_edited_date": "2017-08-22T17:50:33.000Z", "geom_source": "Photogrammetric", "doitt_id": "233713"}}, {"type": "Feature", "geometry": {"type": "MultiPolygon", "coordinates": [[[[-73.986050189142, 40.749234642134], [-73.98593350198, 40.749395785244], [-73.985916703066, 40.749418984735], [-73.985912792042, 40.749424387294], [-73.985950068794, 40.74943999942], [-73.98597941519, 40.749452289502], [-73.985957758887, 40.749482197179], [-73.985950020935, 40.749492882543], [-73.985906772217, 40.749552609639], [-73.985856344818, 40.749531491091], [-73.985810817116, 40.749594364239], [-73.985760321752, 40.749664096811], [-73.985726465446, 40.749710851406], [-73.985725994035, 40.749711503314], [-73.985475598693, 40.749606635986], [-73.985583836288, 40.749457162848], [-73.985620860962, 40.749406033129], [-73.985729972024, 40.749255352379], [-73.985815993169, 40.749136559211], [-73.986050189142, 40.749234642134]], [[-73.985712351583, 40.749503698109], [-73.985791132191, 40.749535547051], [-73.985877173445, 40.749412453927], [-73.985798392942, 40.749380605044], [-73.985712351583, 40.749503698109]]]]}, "properties": {"name": null, "base_bbl": "1008360020", "shape_area": "2348.125", "construction_year": "1907", "ground_elevation": "53", "mappluto_bbl": "1008360020", "objectid": "260974", "feature_code": "2100", "shape_length": "294.91263345573083", "height_roof": "183.21", "last_status_type": "Constructed", "bin": "1015873", "last_edited_date": "2017-08-22T18:03:39.000Z", "geom_source": "Photogrammetric", "doitt_id": "611951"}}, {"type": "Feature", "geometry": {"type": "MultiPolygon", "coordinates": [[[[-73.985173243647, 40.749948659247], [-73.985235438855, 40.74986255183], [-73.985327823477, 40.749734644929], [-73.985396017864, 40.749763132102], [-73.98527533882, 40.749930210164], [-73.98524213347, 40.749976182158], [-73.985237158704, 40.749983070393], [-73.985168965344, 40.749954582226], [-73.985173243647, 40.749948659247]]]]}, "properties": {"name": null, "base_bbl": "1008370027", "shape_area": "319.359375", "construction_year": "1920", "ground_elevation": "60", "mappluto_bbl": "1008370027", "objectid": "802575", "feature_code": "2100", "shape_length": "91.018540290126964", "height_roof": "39.53", "last_status_type": "Constructed", "bin": "1015893", "last_edited_date": "2017-08-22T18:49:40.000Z", "geom_source": "Photogrammetric", "doitt_id": "534552"}}, {"type": "Feature", "geometry": {"type": "MultiPolygon", "coordinates": [[[[-73.982894340278, 40.749312563513], [-73.982904084029, 40.749299301403], [-73.982989190663, 40.749183458468], [-73.982997358989, 40.749172340223], [-73.983059668445, 40.749087527114], [-73.983145336357, 40.749123929139], [-73.983070922564, 40.749225217078], [-73.982980348343, 40.749348501949], [-73.982980008389, 40.749348964759], [-73.982894340278, 40.749312563513]]]]}, "properties": {"name": null, "base_bbl": "1008650067", "shape_area": "413.78515625", "construction_year": "1925", "ground_elevation": "70", "mappluto_bbl": "1008650067", "objectid": "208452", "feature_code": "2100", "shape_length": "97.556130698399642", "height_roof": "61.89", "last_status_type": "Constructed", "bin": "1017131", "last_edited_date": "2017-08-22T18:21:05.000Z", "geom_source": "Photogrammetric", "doitt_id": "319184"}}, {"type": "Feature", "geometry": {"type": "MultiPolygon", "coordinates": [[[[-73.986717295074, 40.750472975502], [-73.986681611214, 40.750458200381], [-73.986731529552, 40.750388477252], [-73.98676445108, 40.750342493993], [-73.987082867361, 40.750474338112], [-73.987000027884, 40.750590044727], [-73.986717295074, 40.750472975502]]]]}, "properties": {"name": null, "base_bbl": "1008370001", "shape_area": "781.32421875", "construction_year": "1954", "ground_elevation": "50", "mappluto_bbl": "1008370001", "objectid": "533614", "feature_code": "2100", "shape_length": "119.47466868338479", "height_roof": "251.28", "last_status_type": "Constructed", "bin": "1083641", "last_edited_date": "2017-08-22T18:12:29.000Z", "geom_source": "Photogrammetric", "doitt_id": "786655"}}, {"type": "Feature", "geometry": {"type": "MultiPolygon", "coordinates": [[[[-73.9848855149, 40.75094961003], [-73.98495388996, 40.750853883482], [-73.985035976491, 40.750738958983], [-73.985115739625, 40.750771908027], [-73.985095798739, 40.750799826539], [-73.984974779058, 40.750969259042], [-73.984965278212, 40.750982560077], [-73.9848855149, 40.75094961003]]]]}, "properties": {"name": null, "base_bbl": "1008380069", "shape_area": "355.94140625", "construction_year": "1920", "ground_elevation": "64", "mappluto_bbl": "1008380069", "objectid": "166125", "feature_code": "2100", "shape_length": "90.617664979974109", "height_roof": "47.89", "last_status_type": "Constructed", "bin": "1015949", "last_edited_date": "2017-08-22T19:40:32.000Z", "geom_source": "Photogrammetric", "doitt_id": "193034"}}, {"type": "Feature", "geometry": {"type": "MultiPolygon", "coordinates": [[[[-73.985916984477, 40.749790640791], [-73.986072616772, 40.749575715185], [-73.986079114606, 40.749566742426], [-73.98607917146, 40.749566663188], [-73.986088742866, 40.749570671597], [-73.986091507492, 40.749571829982], [-73.986265992879, 40.74964490358], [-73.986204257629, 40.749730159733], [-73.986103806333, 40.749868882344], [-73.985916984477, 40.749790640791]]]]}, "properties": {"name": null, "base_bbl": "1008360065", "shape_area": "892.04296875", "construction_year": "1904", "ground_elevation": "53", "mappluto_bbl": "1008360065", "objectid": "156711", "feature_code": "2100", "shape_length": "122.60431500283363", "height_roof": "164.04", "last_status_type": "Constructed", "bin": "1015881", "last_edited_date": "2017-08-22T17:37:41.000Z", "geom_source": "Photogrammetric", "doitt_id": "557342"}}, {"type": "Feature", "geometry": {"type": "MultiPolygon", "coordinates": [[[[-73.986019965239, 40.750301108847], [-73.986033530794, 40.750282325934], [-73.986073520292, 40.750226959554], [-73.986116421102, 40.750167563746], [-73.986173846713, 40.75008805686], [-73.986239405044, 40.750115442798], [-73.986069604658, 40.750350534635], [-73.98603124873, 40.750334511788], [-73.986004046165, 40.750323148602], [-73.986019965239, 40.750301108847]]]]}, "properties": {"name": null, "base_bbl": "1008370012", "shape_area": "328.1875", "construction_year": "1920", "ground_elevation": "55", "mappluto_bbl": "1008370012", "objectid": "605709", "feature_code": "2100", "shape_length": "95.425018925385487", "height_roof": "50.52", "last_status_type": "Constructed", "bin": "1015887", "last_edited_date": "2017-08-22T18:28:28.000Z", "geom_source": "Photogrammetric", "doitt_id": "239934"}}, {"type": "Feature", "geometry": {"type": "MultiPolygon", "coordinates": [[[[-73.985689406649, 40.750163024273], [-73.985694581555, 40.750155859588], [-73.985843290044, 40.749949973624], [-73.985902716167, 40.749974797961], [-73.98584529033, 40.750054304712], [-73.985801989005, 40.750114255984], [-73.985731564667, 40.750211759491], [-73.985727015155, 40.750218057967], [-73.985716727353, 40.750213760378], [-73.985667587697, 40.750193233541], [-73.985689406649, 40.750163024273]]]]}, "properties": {"name": null, "base_bbl": "1008370019", "shape_area": "307.8203125", "construction_year": "1920", "ground_elevation": "57", "mappluto_bbl": "1008370019", "objectid": "396978", "feature_code": "2100", "shape_length": "96.602481521247171", "height_roof": "49.17", "last_status_type": "Constructed", "bin": "1015889", "last_edited_date": "2017-08-22T17:34:33.000Z", "geom_source": "Photogrammetric", "doitt_id": "816377"}}, {"type": "Feature", "geometry": {"type": "MultiPolygon", "coordinates": [[[[-73.986650518848, 40.750587825534], [-73.98663734192, 40.750582369641], [-73.986626472643, 40.750577869451], [-73.986630401455, 40.750572382223], [-73.986665105735, 40.7505239075], [-73.986677233614, 40.750528930126], [-73.986959967776, 40.750645999448], [-73.986921333669, 40.750699960597], [-73.986650518848, 40.750587825534]]]]}, "properties": {"name": null, "base_bbl": "1008370004", "shape_area": "337.42578125", "construction_year": "1920", "ground_elevation": "51", "mappluto_bbl": "1008370004", "objectid": "867057", "feature_code": "2100", "shape_length": "92.854947989784819", "height_roof": "25.8", "last_status_type": "Constructed", "bin": "1015883", "last_edited_date": "2017-08-22T18:43:21.000Z", "geom_source": "Photogrammetric", "doitt_id": "548753"}}, {"type": "Feature", "geometry": {"type": "MultiPolygon", "coordinates": [[[[-73.984299271499, 40.750733515533], [-73.984334187244, 40.750684632712], [-73.984468935217, 40.750495982326], [-73.984529069412, 40.750520822773], [-73.984513840298, 40.75054214381], [-73.984360054955, 40.750757447545], [-73.984359405845, 40.750758356068], [-73.984299271499, 40.750733515533]]]]}, "properties": {"name": null, "base_bbl": "1008380061", "shape_area": "302.5859375", "construction_year": "1925", "ground_elevation": "67", "mappluto_bbl": "1008380061", "objectid": "346433", "feature_code": "2100", "shape_length": "94.622545100873154", "height_roof": "57.1", "last_status_type": "Constructed", "bin": "1015944", "last_edited_date": "2017-08-22T18:18:26.000Z", "geom_source": "Photogrammetric", "doitt_id": "523673"}}, {"type": "Feature", "geometry": {"type": "MultiPolygon", "coordinates": [[[[-73.986843162183, 40.749252721234], [-73.986953736402, 40.74910065271], [-73.987017485898, 40.749012979416], [-73.987120879124, 40.74905646026], [-73.987174923646, 40.749079188764], [-73.987066031825, 40.749228946991], [-73.987000601508, 40.749318931719], [-73.986908947257, 40.749280386877], [-73.986843162183, 40.749252721234]]]]}, "properties": {"name": null, "base_bbl": "1008350065", "shape_area": "806.20703125", "construction_year": "1930", "ground_elevation": "48", "mappluto_bbl": "1008350065", "objectid": "211064", "feature_code": "2100", "shape_length": "120.52943639017097", "height_roof": "71.82", "last_status_type": "Constructed", "bin": "1015865", "last_edited_date": "2017-08-22T18:38:38.000Z", "geom_source": "Photogrammetric", "doitt_id": "460555"}}, {"type": "Feature", "geometry": {"type": "MultiPolygon", "coordinates": [[[[-73.986591019073, 40.750807202613], [-73.986675767675, 40.75068883192], [-73.986727646682, 40.750710313176], [-73.986871327647, 40.750769806264], [-73.986788255284, 40.750885837777], [-73.986786580474, 40.750888176199], [-73.986591019073, 40.750807202613]]]]}, "properties": {"name": null, "base_bbl": "1008370089", "shape_area": "490.9140625", "construction_year": "1977", "ground_elevation": "52", "mappluto_bbl": "1008370089", "objectid": "442681", "feature_code": "2100", "shape_length": "89.193989752578446", "height_roof": "22.06", "last_status_type": "Constructed", "bin": "1015918", "last_edited_date": "2017-08-22T18:34:17.000Z", "geom_source": "Photogrammetric", "doitt_id": "447522"}}, {"type": "Feature", "geometry": {"type": "MultiPolygon", "coordinates": [[[[-73.98354671004, 40.749059644189], [-73.983588515273, 40.749002739955], [-73.983635440496, 40.749022677536], [-73.983738199183, 40.749066338727], [-73.983864655114, 40.749120069006], [-73.983863854406, 40.749121160307], [-73.983836901549, 40.749157848557], [-73.983822851228, 40.749176974239], [-73.98354671004, 40.749059644189]]]]}, "properties": {"name": null, "base_bbl": "1008650001", "shape_area": "337.2734375", "construction_year": "1906", "ground_elevation": "64", "mappluto_bbl": "1008650001", "objectid": "994008", "feature_code": "2100", "shape_length": "89.62791562706424", "height_roof": "105.26", "last_status_type": "Constructed", "bin": "1017116", "last_edited_date": "2017-08-22T17:26:53.000Z", "geom_source": "Photogrammetric", "doitt_id": "738893"}}, {"type": "Feature", "geometry": {"type": "MultiPolygon", "coordinates": [[[[-73.985011996748, 40.749913255694], [-73.985152757961, 40.74971791811], [-73.98517847745, 40.749682227157], [-73.985254240971, 40.749713873463], [-73.985193530061, 40.749797927028], [-73.985105191245, 40.749920230494], [-73.98508749999, 40.749944722874], [-73.985011996748, 40.749913255694]]]]}, "properties": {"name": null, "base_bbl": "1008370029", "shape_area": "371.71875", "construction_year": "1925", "ground_elevation": "61", "mappluto_bbl": "1008370029", "objectid": "256060", "feature_code": "2100", "shape_length": "96.569230610089818", "height_roof": "48.72", "last_status_type": "Constructed", "bin": "1015895", "last_edited_date": "2017-08-22T17:49:04.000Z", "geom_source": "Photogrammetric", "doitt_id": "257204"}}, {"type": "Feature", "geometry": {"type": "MultiPolygon", "coordinates": [[[[-73.984934805472, 40.750639263378], [-73.985081376361, 40.750434057114], [-73.98509382142, 40.750439197913], [-73.985285073732, 40.750518202288], [-73.985279562344, 40.75052591802], [-73.985164849836, 40.750686521172], [-73.985128091636, 40.750737984857], [-73.98492439379, 40.750653840309], [-73.984934805472, 40.750639263378]]]]}, "properties": {"name": null, "base_bbl": "1008380024", "shape_area": "948.3984375", "construction_year": "1930", "ground_elevation": "62", "mappluto_bbl": "1008380024", "objectid": "951505", "feature_code": "2100", "shape_length": "125.09672027299706", "height_roof": "190.33", "last_status_type": "Constructed", "bin": "1015926", "last_edited_date": "2017-08-22T18:07:22.000Z", "geom_source": "Photogrammetric", "doitt_id": "826897"}}, {"type": "Feature", "geometry": {"type": "MultiPolygon", "coordinates": [[[[-73.985576406508, 40.749034041945], [-73.985579072687, 40.749030360108], [-73.985581515006, 40.749026988018], [-73.98566306289, 40.749061140891], [-73.985614588434, 40.749128082987], [-73.985471770272, 40.749325312856], [-73.985456032482, 40.749347046389], [-73.985438375872, 40.749371428967], [-73.985356827723, 40.749337275036], [-73.985407770985, 40.749266923146], [-73.985546056346, 40.749075954907], [-73.985576406508, 40.749034041945]]]]}, "properties": {"name": null, "base_bbl": "1008360025", "shape_area": "539.4296875", "construction_year": "1920", "ground_elevation": "54", "mappluto_bbl": "1008360025", "objectid": "697680", "feature_code": "2100", "shape_length": "124.75401082504038", "height_roof": "74.86", "last_status_type": "Constructed", "bin": "1015875", "last_edited_date": "2017-08-22T18:44:44.000Z", "geom_source": "Photogrammetric", "doitt_id": "671700"}}, {"type": "Feature", "geometry": {"type": "MultiPolygon", "coordinates": [[[[-73.985254240971, 40.749713873463], [-73.985259771228, 40.749706216266], [-73.985327823477, 40.749734644929], [-73.985235438855, 40.74986255183], [-73.985173243647, 40.749948659247], [-73.985105191245, 40.749920230494], [-73.985193530061, 40.749797927028], [-73.985254240971, 40.749713873463]]]]}, "properties": {"name": null, "base_bbl": "1008370028", "shape_area": "310.1171875", "construction_year": "1920", "ground_elevation": "60", "mappluto_bbl": "1008370028", "objectid": "88095", "feature_code": "2100", "shape_length": "88.998104424258855", "height_roof": "41.86", "last_status_type": "Constructed", "bin": "1015894", "last_edited_date": "2017-08-22T19:41:53.000Z", "geom_source": "Photogrammetric", "doitt_id": "816516"}}, {"type": "Feature", "geometry": {"type": "MultiPolygon", "coordinates": [[[[-73.98462920732, 40.750054935922], [-73.984704489533, 40.749950465615], [-73.984796133882, 40.749823291155], [-73.984957668083, 40.74989061349], [-73.984821757569, 40.750079216584], [-73.984786603332, 40.75012800047], [-73.984625069912, 40.750060678798], [-73.98462920732, 40.750054935922]]]]}, "properties": {"name": null, "base_bbl": "1008370056", "shape_area": "815.63671875", "construction_year": "1920", "ground_elevation": "63", "mappluto_bbl": "1008370056", "objectid": "361962", "feature_code": "2100", "shape_length": "120.53070309918475", "height_roof": "162.59", "last_status_type": "Constructed", "bin": "1015902", "last_edited_date": "2017-08-22T18:01:57.000Z", "geom_source": "Photogrammetric", "doitt_id": "50609"}}, {"type": "Feature", "geometry": {"type": "MultiPolygon", "coordinates": [[[[-73.983712075708, 40.751280392368], [-73.98386241157, 40.751074357939], [-73.983945134388, 40.751109167751], [-73.983795120754, 40.751315338308], [-73.983712075708, 40.751280392368]]]]}, "properties": {"name": null, "base_bbl": "1008390058", "shape_area": "365.1171875", "construction_year": "1900", "ground_elevation": "71", "mappluto_bbl": "1008390058", "objectid": "405813", "feature_code": "2100", "shape_length": "90.296140853478548", "height_roof": "56.66", "last_status_type": "Constructed", "bin": "1015971", "last_edited_date": "2017-08-22T18:34:58.000Z", "geom_source": "Photogrammetric", "doitt_id": "631764"}}, {"type": "Feature", "geometry": {"type": "MultiPolygon", "coordinates": [[[[-73.983502668421, 40.749119595399], [-73.983504249714, 40.749117443415], [-73.98354671004, 40.749059644189], [-73.983822851228, 40.749176974239], [-73.98377880978, 40.749236924653], [-73.983511996881, 40.749123558962], [-73.983502668421, 40.749119595399]]]]}, "properties": {"name": null, "base_bbl": "1008650002", "shape_area": "355.3203125", "construction_year": "1906", "ground_elevation": "65", "mappluto_bbl": "1008650002", "objectid": "467370", "feature_code": "2100", "shape_length": "90.652513881219662", "height_roof": "77.9", "last_status_type": "Constructed", "bin": "1017117", "last_edited_date": "2017-08-22T18:15:35.000Z", "geom_source": "Photogrammetric", "doitt_id": "281753"}}, {"type": "Feature", "geometry": {"type": "MultiPolygon", "coordinates": [[[[-73.986117075229, 40.749568452565], [-73.986288225489, 40.749334331538], [-73.98644372513, 40.749399454741], [-73.98642262455, 40.749428595339], [-73.986318266718, 40.749572714417], [-73.986286379382, 40.749616750782], [-73.986273818446, 40.749634096638], [-73.986117075229, 40.749568452565]]]]}, "properties": {"name": null, "base_bbl": "1008360015", "shape_area": "780.9453125", "construction_year": "2009", "ground_elevation": "51", "mappluto_bbl": "1008360015", "objectid": "156860", "feature_code": "2100", "shape_length": "118.36817194570847", "height_roof": "48.14912993", "last_status_type": "Constructed", "bin": "1088535", "last_edited_date": "2017-08-22T18:04:49.000Z", "geom_source": "Photogrammetric", "doitt_id": "1110059"}}, {"type": "Feature", "geometry": {"type": "MultiPolygon", "coordinates": [[[[-73.983294861462, 40.74934332685], [-73.983340817559, 40.749280773535], [-73.983605899831, 40.749393408163], [-73.983650063129, 40.749412173785], [-73.98364240066, 40.749422603261], [-73.98360410723, 40.749474727223], [-73.983294861462, 40.74934332685]]]]}, "properties": {"name": null, "base_bbl": "1008650073", "shape_area": "415.2109375", "construction_year": "1920", "ground_elevation": "68", "mappluto_bbl": "1008650073", "objectid": "488621", "feature_code": "2100", "shape_length": "99.979335582035873", "height_roof": "77.92", "last_status_type": "Constructed", "bin": "1080793", "last_edited_date": "2017-08-22T19:12:49.000Z", "geom_source": "Photogrammetric", "doitt_id": "631926"}}, {"type": "Feature", "geometry": {"type": "MultiPolygon", "coordinates": [[[[-73.983904332789, 40.751016905215], [-73.983750960807, 40.750952184128], [-73.983899689612, 40.75074834845], [-73.984101123395, 40.750833349977], [-73.984132655708, 40.7508466566], [-73.984028548, 40.750989338202], [-73.984013832804, 40.751009506596], [-73.983983927397, 40.751050492576], [-73.983904332789, 40.751016905215]]]]}, "properties": {"name": null, "base_bbl": "1008390034", "shape_area": "1015.96484375", "construction_year": "1921", "ground_elevation": "71", "mappluto_bbl": "1008390034", "objectid": "420193", "feature_code": "2100", "shape_length": "127.81957505041578", "height_roof": "151.99", "last_status_type": "Constructed", "bin": "1080734", "last_edited_date": "2017-08-22T18:53:07.000Z", "geom_source": "Photogrammetric", "doitt_id": "546407"}}, {"type": "Feature", "geometry": {"type": "MultiPolygon", "coordinates": [[[[-73.985456032482, 40.749347046389], [-73.985471770272, 40.749325312856], [-73.985614588434, 40.749128082987], [-73.98566306289, 40.749061140891], [-73.985822309776, 40.749127834984], [-73.985819921949, 40.749131134145], [-73.985815993169, 40.749136559211], [-73.985729972024, 40.749255352379], [-73.985620860962, 40.749406033129], [-73.985551082687, 40.749376809275], [-73.985545501564, 40.749384516908], [-73.985510026965, 40.749369659502], [-73.985456032482, 40.749347046389]]]]}, "properties": {"name": null, "base_bbl": "1008360023", "shape_area": "959.1484375", "construction_year": "1907", "ground_elevation": "54", "mappluto_bbl": "1008367501", "objectid": "57975", "feature_code": "2100", "shape_length": "136.34735625536049", "height_roof": "108.98", "last_status_type": "Constructed", "bin": "1015874", "last_edited_date": "2017-08-22T17:45:52.000Z", "geom_source": "Photogrammetric", "doitt_id": "550782"}}, {"type": "Feature", "geometry": {"type": "MultiPolygon", "coordinates": [[[[-73.984366583032, 40.749949868246], [-73.984378660088, 40.749933108762], [-73.984503694453, 40.749759599909], [-73.984520228647, 40.749736655433], [-73.984521288759, 40.749735184149], [-73.984624750238, 40.749778304334], [-73.984579070705, 40.749841693864], [-73.984472476498, 40.7499896147], [-73.984470045929, 40.749992988569], [-73.984386723861, 40.749958262794], [-73.984366583032, 40.749949868246]]]]}, "properties": {"name": null, "base_bbl": "1008370052", "shape_area": "472.4453125", "construction_year": "1910", "ground_elevation": "65", "mappluto_bbl": "1008370052", "objectid": "667061", "feature_code": "2100", "shape_length": "98.172748259126507", "height_roof": "113.04", "last_status_type": "Constructed", "bin": "1015901", "last_edited_date": "2017-08-22T17:54:56.000Z", "geom_source": "Photogrammetric", "doitt_id": "517600"}}, {"type": "Feature", "geometry": {"type": "MultiPolygon", "coordinates": [[[[-73.98524213347, 40.749976182158], [-73.98527533882, 40.749930210164], [-73.985396017864, 40.749763132102], [-73.98546328169, 40.749791230999], [-73.985311728476, 40.750001054027], [-73.985309397446, 40.750004281144], [-73.98524213347, 40.749976182158]]]]}, "properties": {"name": null, "base_bbl": "1008370026", "shape_area": "305.1484375", "construction_year": "1950", "ground_elevation": "59", "mappluto_bbl": "1008370026", "objectid": "138893", "feature_code": "2100", "shape_length": "88.474727771552267", "height_roof": "38.99", "last_status_type": "Constructed", "bin": "1015892", "last_edited_date": "2017-08-22T19:40:52.000Z", "geom_source": "Photogrammetric", "doitt_id": "326521"}}, {"type": "Feature", "geometry": {"type": "MultiPolygon", "coordinates": [[[[-73.984288261074, 40.750379093747], [-73.98444235019, 40.750163364197], [-73.984468132843, 40.750174015261], [-73.984523797166, 40.750197009972], [-73.984485212249, 40.750251028846], [-73.984369707052, 40.750412738729], [-73.984288261074, 40.750379093747]]]]}, "properties": {"name": null, "base_bbl": "1008380035", "shape_area": "372.22265625", "construction_year": "1906", "ground_elevation": "67", "mappluto_bbl": "1008380035", "objectid": "4619", "feature_code": "2100", "shape_length": "92.740925608890421", "height_roof": "76.65", "last_status_type": "Constructed", "bin": "1015932", "last_edited_date": "2017-08-22T18:19:11.000Z", "geom_source": "Photogrammetric", "doitt_id": "731397"}}, {"type": "Feature", "geometry": {"type": "MultiPolygon", "coordinates": [[[[-73.983569598801, 40.750916567704], [-73.983636315712, 40.750825131712], [-73.983741156033, 40.750681448301], [-73.983819234642, 40.750714397104], [-73.983899689612, 40.75074834845], [-73.983750960807, 40.750952184128], [-73.983728132767, 40.750983468087], [-73.983685042262, 40.750965284378], [-73.983569598801, 40.750916567704]]]]}, "properties": {"name": null, "base_bbl": "1008390037", "shape_area": "797.4765625", "construction_year": "1912", "ground_elevation": "72", "mappluto_bbl": "1008390037", "objectid": "757591", "feature_code": "2100", "shape_length": "119.35588362374133", "height_roof": "162.59", "last_status_type": "Constructed", "bin": "1015969", "last_edited_date": "2017-08-22T17:32:15.000Z", "geom_source": "Photogrammetric", "doitt_id": "667160"}}, {"type": "Feature", "geometry": {"type": "MultiPolygon", "coordinates": [[[[-73.985646042023, 40.750191535206], [-73.985641096891, 40.750198398247], [-73.985503569698, 40.750389248699], [-73.985298990528, 40.75030398717], [-73.985397397544, 40.750167421722], [-73.985431808694, 40.750119665934], [-73.985449454872, 40.750095177999], [-73.985654038329, 40.750180437463], [-73.985646042023, 40.750191535206]]]]}, "properties": {"name": null, "base_bbl": "1008370067", "shape_area": "908.6328125", "construction_year": "2016", "ground_elevation": "60", "mappluto_bbl": "1008370067", "objectid": "765075", "feature_code": "2100", "shape_length": "121.90036247486105", "height_roof": "229", "last_status_type": "Constructed", "bin": "1090629", "last_edited_date": "2018-05-17T17:41:36.000Z", "geom_source": "Photogrammetric", "doitt_id": "167259"}}, {"type": "Feature", "geometry": {"type": "MultiPolygon", "coordinates": [[[[-73.987000601508, 40.749318931719], [-73.987066031825, 40.749228946991], [-73.987174923646, 40.749079188764], [-73.987226197659, 40.74910075168], [-73.987254917799, 40.74911282975], [-73.987080594677, 40.749352572824], [-73.987049563304, 40.749339522806], [-73.987000601508, 40.749318931719]]]]}, "properties": {"name": null, "base_bbl": "1008350067", "shape_area": "409.6328125", "construction_year": "1925", "ground_elevation": "48", "mappluto_bbl": "1008350067", "objectid": "542533", "feature_code": "2100", "shape_length": "100.80886233883109", "height_roof": "63.55", "last_status_type": "Constructed", "bin": "1015866", "last_edited_date": "2017-08-22T17:43:00.000Z", "geom_source": "Photogrammetric", "doitt_id": "502491"}}, {"type": "Feature", "geometry": {"type": "MultiPolygon", "coordinates": [[[[-73.983959892129, 40.74956968076], [-73.984011322767, 40.749498311085], [-73.984080874389, 40.749527299007], [-73.984318461403, 40.749626319738], [-73.984330430282, 40.749631307469], [-73.984278999882, 40.749702678186], [-73.98427589903, 40.749701385537], [-73.983959892129, 40.74956968076]]]]}, "properties": {"name": null, "base_bbl": "1008370045", "shape_area": "484.42578125", "construction_year": "1906", "ground_elevation": "66", "mappluto_bbl": "1008370045", "objectid": "422387", "feature_code": "2100", "shape_length": "104.98435063901871", "height_roof": "105.98", "last_status_type": "Constructed", "bin": "1015899", "last_edited_date": "2017-08-22T18:16:48.000Z", "geom_source": "Photogrammetric", "doitt_id": "323994"}}, {"type": "Feature", "geometry": {"type": "MultiPolygon", "coordinates": [[[[-73.986710067067, 40.750129545049], [-73.986908278858, 40.749855813872], [-73.986917055888, 40.749859490735], [-73.986917110372, 40.749859415999], [-73.987062519272, 40.749658602431], [-73.987064093362, 40.749656428786], [-73.987324593335, 40.749765523449], [-73.987463902492, 40.749823863577], [-73.987492066511, 40.749835658766], [-73.987515966923, 40.749845667783], [-73.987527747741, 40.749876316886], [-73.987384086781, 40.75007471697], [-73.987247661791, 40.750263122953], [-73.987229636053, 40.750288017249], [-73.987200726621, 40.750327942482], [-73.987196790776, 40.750333377499], [-73.987001655746, 40.750251658131], [-73.986966336651, 40.75023686693], [-73.986961271446, 40.750234745665], [-73.986710067067, 40.750129545049]]]]}, "properties": {"name": "Marbridge Building", "base_bbl": "1008360001", "shape_area": "4903.703125", "construction_year": "1909", "ground_elevation": "49", "mappluto_bbl": "1008367502", "objectid": "91635", "feature_code": "2100", "shape_length": "281.7079200076472", "height_roof": "176.63", "last_status_type": "Constructed", "bin": "1015867", "last_edited_date": "2019-12-04T16:37:25.000Z", "geom_source": "Photogrammetric", "doitt_id": "206195"}}, {"type": "Feature", "geometry": {"type": "MultiPolygon", "coordinates": [[[[-73.987392082926, 40.751201790344], [-73.987141313833, 40.751095024751], [-73.987128389274, 40.751112580473], [-73.987056799452, 40.75108210023], [-73.987266774339, 40.750796876636], [-73.987294296848, 40.750759489762], [-73.987404473037, 40.750609828747], [-73.9875923655, 40.750689824881], [-73.987548656372, 40.750916889069], [-73.987494485355, 40.751231440759], [-73.98745249101, 40.75124648635], [-73.987402848102, 40.75122535146], [-73.987381446734, 40.751216239599], [-73.987392082926, 40.751201790344]]]]}, "properties": {"name": "Herald Square Building", "base_bbl": "1008110031", "shape_area": "3018.79296875", "construction_year": "1928", "ground_elevation": "51", "mappluto_bbl": "1008110031", "objectid": "583020", "feature_code": "2100", "shape_length": "244.57870020019914", "height_roof": "328.21", "last_status_type": "Constructed", "bin": "1080606", "last_edited_date": "2018-05-30T20:23:40.000Z", "geom_source": "Photogrammetric", "doitt_id": "354757"}}, {"type": "Feature", "geometry": {"type": "MultiPolygon", "coordinates": [[[[-73.984560415601, 40.750841392731], [-73.984640801854, 40.750728849224], [-73.984714849594, 40.750625180206], [-73.984791996965, 40.75065704852], [-73.984675602248, 40.750820003982], [-73.984637561965, 40.750873261147], [-73.984560415601, 40.750841392731]]]]}, "properties": {"name": null, "base_bbl": "1008380065", "shape_area": "353.35546875", "construction_year": "1931", "ground_elevation": "66", "mappluto_bbl": "1008380065", "objectid": "868113", "feature_code": "2100", "shape_length": "91.812385833760629", "height_roof": "29.25", "last_status_type": "Constructed", "bin": "1015946", "last_edited_date": "2017-08-22T19:27:20.000Z", "geom_source": "Photogrammetric", "doitt_id": "666073"}}, {"type": "Feature", "geometry": {"type": "MultiPolygon", "coordinates": [[[[-73.985679943572, 40.750965945839], [-73.985742556218, 40.750878284839], [-73.985831414226, 40.750753878283], [-73.986016864263, 40.750830483578], [-73.985865394026, 40.751042551375], [-73.985727781431, 40.750985707076], [-73.985679943572, 40.750965945839]]]]}, "properties": {"name": null, "base_bbl": "1008380012", "shape_area": "833.140625", "construction_year": "1911", "ground_elevation": "57", "mappluto_bbl": "1008380012", "objectid": "850769", "feature_code": "2100", "shape_length": "117.89128266455592", "height_roof": "148.09", "last_status_type": "Constructed", "bin": "1015922", "last_edited_date": "2017-08-22T17:54:00.000Z", "geom_source": "Photogrammetric", "doitt_id": "594587"}}, {"type": "Feature", "geometry": {"type": "MultiPolygon", "coordinates": [[[[-73.986016864263, 40.750830483578], [-73.986159583459, 40.750889438032], [-73.985999156555, 40.751114046274], [-73.985856437021, 40.751055092524], [-73.986016864263, 40.750830483578]]]]}, "properties": {"name": null, "base_bbl": "1008380010", "shape_area": "679.078125", "construction_year": "2018", "ground_elevation": "55", "mappluto_bbl": "1008387502", "objectid": "1032650", "feature_code": "2100", "shape_length": "111.2458985514111", "height_roof": "23", "last_status_type": "Constructed", "bin": "1090403", "last_edited_date": "2019-01-22T17:36:54.000Z", "geom_source": "Other (Manual)", "doitt_id": "1284678"}}, {"type": "Feature", "geometry": {"type": "MultiPolygon", "coordinates": [[[[-73.984377089802, 40.749544961564], [-73.984473273137, 40.749411487127], [-73.984491142161, 40.749386690493], [-73.984810914313, 40.749519963894], [-73.984716729709, 40.749650665317], [-73.984705528117, 40.74966620927], [-73.984674933927, 40.749653459439], [-73.984628165991, 40.749718359894], [-73.984468040297, 40.749651623514], [-73.98445247683, 40.74964513687], [-73.984455179819, 40.749641385726], [-73.984490580412, 40.74959226158], [-73.984377089802, 40.749544961564]]]]}, "properties": {"name": null, "base_bbl": "1008370036", "shape_area": "1266.28125", "construction_year": "1912", "ground_elevation": "62", "mappluto_bbl": "1008370036", "objectid": "382852", "feature_code": "2100", "shape_length": "151.95393348644555", "height_roof": "181.35", "last_status_type": "Constructed", "bin": "1015897", "last_edited_date": "2017-08-22T19:36:15.000Z", "geom_source": "Photogrammetric", "doitt_id": "404165"}}, {"type": "Feature", "geometry": {"type": "MultiPolygon", "coordinates": [[[[-73.985731564667, 40.750211759491], [-73.985801989005, 40.750114255984], [-73.985894311595, 40.750152821595], [-73.985937614046, 40.750092870289], [-73.98584529033, 40.750054304712], [-73.985902716167, 40.749974797961], [-73.98601243634, 40.750020630889], [-73.986074633155, 40.750046612623], [-73.986074713667, 40.750046646852], [-73.986173846713, 40.75008805686], [-73.986116421102, 40.750167563746], [-73.986045077726, 40.750137761881], [-73.986044226428, 40.750137406078], [-73.986001325573, 40.750196801859], [-73.986038030911, 40.750212134729], [-73.986073520292, 40.750226959554], [-73.986033530794, 40.750282325934], [-73.986019965239, 40.750301108847], [-73.985803864183, 40.750210837299], [-73.985786594775, 40.750234747209], [-73.985731564667, 40.750211759491]]]]}, "properties": {"name": null, "base_bbl": "1008370015", "shape_area": "1048.86328125", "construction_year": "1902", "ground_elevation": "56", "mappluto_bbl": "1008370015", "objectid": "353053", "feature_code": "2100", "shape_length": "190.14418702504668", "height_roof": "148.5", "last_status_type": "Constructed", "bin": "1015888", "last_edited_date": "2017-08-22T19:16:30.000Z", "geom_source": "Photogrammetric", "doitt_id": "478144"}}, {"type": "Feature", "geometry": {"type": "MultiPolygon", "coordinates": [[[[-73.986103806333, 40.749868882344], [-73.986204257629, 40.749730159733], [-73.986265992879, 40.74964490358], [-73.986273818446, 40.749634096638], [-73.986286379382, 40.749616750782], [-73.986318266718, 40.749572714417], [-73.98642262455, 40.749428595339], [-73.98644372513, 40.749399454741], [-73.986531009183, 40.749436009322], [-73.986489981825, 40.749492668873], [-73.986334302508, 40.749707662577], [-73.986312969231, 40.749698728824], [-73.986237943399, 40.749802340233], [-73.986169758678, 40.749896502501], [-73.986103806333, 40.749868882344]]]]}, "properties": {"name": null, "base_bbl": "1008360010", "shape_area": "783.5390625", "construction_year": "1912", "ground_elevation": "51", "mappluto_bbl": "1008360010", "objectid": "456142", "feature_code": "2100", "shape_length": "179.55705475930478", "height_roof": "85.64", "last_status_type": "Constructed", "bin": "1083638", "last_edited_date": "2017-08-22T19:34:40.000Z", "geom_source": "Photogrammetric", "doitt_id": "593608"}}, {"type": "Feature", "geometry": {"type": "MultiPolygon", "coordinates": [[[[-73.985384393315, 40.751167676102], [-73.985473321078, 40.751043173482], [-73.985526987674, 40.750968037511], [-73.985707488759, 40.751042598531], [-73.985829394236, 40.751092954578], [-73.985860547006, 40.751105823035], [-73.985713581422, 40.751311584033], [-73.985622231688, 40.751273849572], [-73.985477109768, 40.751213902695], [-73.985380021364, 40.751173797187], [-73.985384393315, 40.751167676102]]]]}, "properties": {"name": null, "base_bbl": "1008380076", "shape_area": "1453.94921875", "construction_year": "1926", "ground_elevation": "58", "mappluto_bbl": "1008380076", "objectid": "257968", "feature_code": "2100", "shape_length": "153.34253110662479", "height_roof": "233.88", "last_status_type": "Constructed", "bin": "1015952", "last_edited_date": "2017-08-22T17:36:23.000Z", "geom_source": "Photogrammetric", "doitt_id": "783577"}}, {"type": "Feature", "geometry": {"type": "MultiPolygon", "coordinates": [[[[-73.985508517429, 40.750087460902], [-73.985616916901, 40.749937381723], [-73.985662400045, 40.749874409593], [-73.985777225288, 40.749922375779], [-73.985843290044, 40.749949973624], [-73.985694581555, 40.750155859588], [-73.985689406649, 40.750163024273], [-73.985508517429, 40.750087460902]]]]}, "properties": {"name": null, "base_bbl": "1008370020", "shape_area": "820.61328125", "construction_year": "1915", "ground_elevation": "58", "mappluto_bbl": "1008370020", "objectid": "735650", "feature_code": "2100", "shape_length": "117.3634665933769", "height_roof": "147.11", "last_status_type": "Constructed", "bin": "1015890", "last_edited_date": "2017-08-22T17:58:33.000Z", "geom_source": "Photogrammetric", "doitt_id": "324344"}}, {"type": "Feature", "geometry": {"type": "MultiPolygon", "coordinates": [[[[-73.98755754376, 40.750406620067], [-73.987570098033, 40.750379551308], [-73.987632997291, 40.750396421855], [-73.987633489858, 40.750396554282], [-73.987624894498, 40.750415086675], [-73.987621386935, 40.75042265055], [-73.987620157334, 40.750425301508], [-73.987556765485, 40.750408298526], [-73.98755754376, 40.750406620067]]]]}, "properties": {"name": null, "base_bbl": "1008100045", "shape_area": "33.51171875", "construction_year": null, "ground_elevation": "50", "mappluto_bbl": "1008100045", "objectid": "1076846", "feature_code": "5110", "shape_length": "23.926787070959051", "height_roof": "47.97939979", "last_status_type": "Constructed", "bin": "1089436", "last_edited_date": "2017-08-22T19:00:44.000Z", "geom_source": "Photogrammetric", "doitt_id": "1261468"}}, {"type": "Feature", "geometry": {"type": "MultiPolygon", "coordinates": [[[[-73.984359405845, 40.750758356068], [-73.984360054955, 40.750757447545], [-73.984513840298, 40.75054214381], [-73.984583955687, 40.750571108087], [-73.984714849594, 40.750625180206], [-73.984640801854, 40.750728849224], [-73.984560415601, 40.750841392731], [-73.984360559065, 40.750758832592], [-73.984359405845, 40.750758356068]]]]}, "properties": {"name": null, "base_bbl": "1008380062", "shape_area": "920.70703125", "construction_year": "1912", "ground_elevation": "67", "mappluto_bbl": "1008380062", "objectid": "632242", "feature_code": "2100", "shape_length": "123.2225867811957", "height_roof": "150.31", "last_status_type": "Constructed", "bin": "1015945", "last_edited_date": "2017-08-22T18:45:52.000Z", "geom_source": "Photogrammetric", "doitt_id": "662404"}}, {"type": "Feature", "geometry": {"type": "MultiPolygon", "coordinates": [[[[-73.985309397446, 40.750004281144], [-73.985311728476, 40.750001054027], [-73.98546328169, 40.749791230999], [-73.985505100351, 40.749808700685], [-73.985547543, 40.74982643068], [-73.985662400045, 40.749874409593], [-73.985616916901, 40.749937381723], [-73.985508517429, 40.750087460902], [-73.985315558962, 40.750006854676], [-73.985309397446, 40.750004281144]]]]}, "properties": {"name": null, "base_bbl": "1008370023", "shape_area": "903.3125", "construction_year": "1911", "ground_elevation": "59", "mappluto_bbl": "1008370023", "objectid": "801037", "feature_code": "2100", "shape_length": "121.99816930178741", "height_roof": "147.18", "last_status_type": "Constructed", "bin": "1015891", "last_edited_date": "2017-08-22T17:57:25.000Z", "geom_source": "Photogrammetric", "doitt_id": "741695"}}, {"type": "Feature", "geometry": {"type": "MultiPolygon", "coordinates": [[[[-73.986288225489, 40.749334331538], [-73.986117075229, 40.749568452565], [-73.985962669521, 40.749503787414], [-73.985998375649, 40.749454478238], [-73.985916703066, 40.749418984735], [-73.98593350198, 40.749395785244], [-73.986050189142, 40.749234642134], [-73.986288225489, 40.749334331538]]]]}, "properties": {"name": null, "base_bbl": "1008360018", "shape_area": "1100.109375", "construction_year": "2009", "ground_elevation": "50", "mappluto_bbl": "1008360018", "objectid": "34781", "feature_code": "2100", "shape_length": "138.88486236158627", "height_roof": "30.0462563", "last_status_type": "Constructed", "bin": "1088536", "last_edited_date": "2017-08-22T17:59:20.000Z", "geom_source": "Photogrammetric", "doitt_id": "1110098"}}, {"type": "Feature", "geometry": {"type": "MultiPolygon", "coordinates": [[[[-73.984965278212, 40.750982560077], [-73.984974779058, 40.750969259042], [-73.985095798739, 40.750799826539], [-73.985196143643, 40.750841277164], [-73.985257192478, 40.75086649556], [-73.985209838991, 40.75093279375], [-73.985111905171, 40.751069904791], [-73.984981481306, 40.751016027696], [-73.984950511086, 40.751003234668], [-73.984965278212, 40.750982560077]]]]}, "properties": {"name": null, "base_bbl": "1008380070", "shape_area": "695.46875", "construction_year": "1906", "ground_elevation": "63", "mappluto_bbl": "1008380070", "objectid": "127483", "feature_code": "2100", "shape_length": "108.89787300534117", "height_roof": "161.75", "last_status_type": "Constructed", "bin": "1015950", "last_edited_date": "2017-08-22T18:05:13.000Z", "geom_source": "Photogrammetric", "doitt_id": "511751"}}, {"type": "Feature", "geometry": {"type": "MultiPolygon", "coordinates": [[[[-73.982980008389, 40.749348964759], [-73.982980348343, 40.749348501949], [-73.983070922564, 40.749225217078], [-73.983145336357, 40.749123929139], [-73.983223566704, 40.74915717014], [-73.983131073967, 40.749283066319], [-73.983058237734, 40.749382205871], [-73.982981131972, 40.749349442193], [-73.982980008389, 40.749348964759]]]]}, "properties": {"name": null, "base_bbl": "1008650068", "shape_area": "377.8671875", "construction_year": "1910", "ground_elevation": "70", "mappluto_bbl": "1008650068", "objectid": "495403", "feature_code": "2100", "shape_length": "95.657392110490349", "height_roof": "61.71", "last_status_type": "Constructed", "bin": "1017132", "last_edited_date": "2017-08-22T17:59:07.000Z", "geom_source": "Photogrammetric", "doitt_id": "351280"}}, {"type": "Feature", "geometry": {"type": "MultiPolygon", "coordinates": [[[[-73.983340817559, 40.749280773535], [-73.983262275626, 40.749247400194], [-73.9833035861, 40.749191171374], [-73.983404250393, 40.749233944658], [-73.983691373377, 40.749355944827], [-73.983650063129, 40.749412173785], [-73.983605899831, 40.749393408163], [-73.983340817559, 40.749280773535]]]]}, "properties": {"name": null, "base_bbl": "1008650073", "shape_area": "468.015625", "construction_year": "1920", "ground_elevation": "68", "mappluto_bbl": "1008650073", "objectid": "284798", "feature_code": "2100", "shape_length": "117.90142070058195", "height_roof": "78", "last_status_type": "Constructed", "bin": "1080792", "last_edited_date": "2017-08-22T18:03:05.000Z", "geom_source": "Photogrammetric", "doitt_id": "73589"}}, {"type": "Feature", "geometry": {"type": "MultiPolygon", "coordinates": [[[[-73.986487010661, 40.750842701016], [-73.986600307125, 40.750684455713], [-73.986585690421, 40.750678374696], [-73.986600512627, 40.750657671985], [-73.986675767675, 40.75068883192], [-73.986591019073, 40.750807202613], [-73.986547632542, 40.750867802513], [-73.986487010661, 40.750842701016]]]]}, "properties": {"name": null, "base_bbl": "1008370084", "shape_area": "236.51953125", "construction_year": "1915", "ground_elevation": "53", "mappluto_bbl": "1008370084", "objectid": "995904", "feature_code": "2100", "shape_length": "78.9264561649334", "height_roof": "34.13", "last_status_type": "Constructed", "bin": "1083647", "last_edited_date": "2017-08-22T18:23:56.000Z", "geom_source": "Photogrammetric", "doitt_id": "527439"}}, {"type": "Feature", "geometry": {"type": "MultiPolygon", "coordinates": [[[[-73.985148869834, 40.750278980672], [-73.985317372862, 40.750045145329], [-73.985341171209, 40.750055063833], [-73.985383962075, 40.750072897491], [-73.985369094641, 40.750093528901], [-73.98536253032, 40.750102638488], [-73.985215458027, 40.750306732929], [-73.985148869834, 40.750278980672]]]]}, "properties": {"name": null, "base_bbl": "1008370065", "shape_area": "331.19921875", "construction_year": "1960", "ground_elevation": "59", "mappluto_bbl": "1008370065", "objectid": "996078", "feature_code": "2100", "shape_length": "95.215338678826313", "height_roof": "76.07", "last_status_type": "Constructed", "bin": "1015905", "last_edited_date": "2017-08-22T18:06:35.000Z", "geom_source": "Photogrammetric", "doitt_id": "410840"}}, {"type": "Feature", "geometry": {"type": "MultiPolygon", "coordinates": [[[[-73.985127943658, 40.750737968187], [-73.985164701858, 40.750686504503], [-73.985279414367, 40.750525901351], [-73.985409479944, 40.750579629483], [-73.985449485227, 40.750596155227], [-73.985421661825, 40.750635109403], [-73.985298014899, 40.750808222285], [-73.98518097781, 40.750759876229], [-73.985127943658, 40.750737968187]]]]}, "properties": {"name": null, "base_bbl": "1008380021", "shape_area": "764.046875", "construction_year": "1911", "ground_elevation": "61", "mappluto_bbl": "1008387503", "objectid": "185330", "feature_code": "2100", "shape_length": "113.99111466544272", "height_roof": "149.26", "last_status_type": "Constructed", "bin": "1015925", "last_edited_date": "2017-08-22T18:38:28.000Z", "geom_source": "Photogrammetric", "doitt_id": "242112"}}, {"type": "Feature", "geometry": {"type": "MultiPolygon", "coordinates": [[[[-73.985790443758, 40.749737645772], [-73.985874795351, 40.749621158559], [-73.985946076338, 40.749522720335], [-73.986072616772, 40.749575715185], [-73.985916984477, 40.749790640791], [-73.985790443758, 40.749737645772]]]]}, "properties": {"name": null, "base_bbl": "1008360064", "shape_area": "579.7890625", "construction_year": "1930", "ground_elevation": "53", "mappluto_bbl": "1008360064", "objectid": "581460", "feature_code": "2100", "shape_length": "104.23464875455872", "height_roof": "84.47", "last_status_type": "Constructed", "bin": "1015880", "last_edited_date": "2017-08-22T19:30:15.000Z", "geom_source": "Photogrammetric", "doitt_id": "127085"}}, {"type": "Feature", "geometry": {"type": "MultiPolygon", "coordinates": [[[[-73.984992731159, 40.750213907875], [-73.98506790401, 40.750109589505], [-73.985147205694, 40.749999540795], [-73.985161235755, 40.749980072759], [-73.985317372862, 40.750045145329], [-73.985148869834, 40.750278980672], [-73.985131676971, 40.750271814928], [-73.984992731159, 40.750213907875]]]]}, "properties": {"name": null, "base_bbl": "1008370062", "shape_area": "776.59375", "construction_year": "1911", "ground_elevation": "60", "mappluto_bbl": "1008370062", "objectid": "890400", "feature_code": "2100", "shape_length": "117.9702283953122", "height_roof": "146.01", "last_status_type": "Constructed", "bin": "1015904", "last_edited_date": "2017-08-22T18:25:32.000Z", "geom_source": "Photogrammetric", "doitt_id": "512136"}}, {"type": "Feature", "geometry": {"type": "MultiPolygon", "coordinates": [[[[-73.983959892129, 40.74956968076], [-73.98427589903, 40.749701385537], [-73.984278999882, 40.749702678186], [-73.98435050304, 40.749732478467], [-73.984405415768, 40.749656276975], [-73.984481804053, 40.74968811298], [-73.984463778592, 40.749713127513], [-73.984494253187, 40.749725828756], [-73.984520228647, 40.749736655433], [-73.984503694453, 40.749759599909], [-73.984378660088, 40.749933108762], [-73.984366583032, 40.749949868246], [-73.984195115641, 40.749878404993], [-73.984024672764, 40.749807368467], [-73.983959140495, 40.749780056013], [-73.983933480049, 40.749769360728], [-73.983843132799, 40.749731706033], [-73.983853937796, 40.749716712318], [-73.983932311189, 40.749607954734], [-73.983959892129, 40.74956968076]]]]}, "properties": {"name": null, "base_bbl": "1008370048", "shape_area": "1989.2734375", "construction_year": "1906", "ground_elevation": "67", "mappluto_bbl": "1008370048", "objectid": "128592", "feature_code": "2100", "shape_length": "212.77771677793413", "height_roof": "142.27", "last_status_type": "Constructed", "bin": "1015900", "last_edited_date": "2017-08-22T19:41:06.000Z", "geom_source": "Photogrammetric", "doitt_id": "215247"}}, {"type": "Feature", "geometry": {"type": "MultiPolygon", "coordinates": [[[[-73.986671441211, 40.749769822594], [-73.986741091412, 40.749673635858], [-73.986824236705, 40.749558811045], [-73.986906075957, 40.749593084637], [-73.986807844756, 40.749728743694], [-73.986781199936, 40.749765540726], [-73.986753281828, 40.749804096294], [-73.986671441211, 40.749769822594]]]]}, "properties": {"name": null, "base_bbl": "1008360009", "shape_area": "368.1484375", "construction_year": "1930", "ground_elevation": "50", "mappluto_bbl": "1008360009", "objectid": "852788", "feature_code": "2100", "shape_length": "91.550645044637179", "height_roof": "100.04", "last_status_type": "Constructed", "bin": "1015869", "last_edited_date": "2017-08-22T17:28:33.000Z", "geom_source": "Photogrammetric", "doitt_id": "256508"}}, {"type": "Feature", "geometry": {"type": "MultiPolygon", "coordinates": [[[[-73.984476366312, 40.751046599558], [-73.984573854665, 40.751089902679], [-73.984438429379, 40.751279717435], [-73.984336546615, 40.751236094824], [-73.984476366312, 40.751046599558]]]]}, "properties": {"name": null, "base_bbl": "1008390027", "shape_area": "407.109375", "construction_year": "2015", "ground_elevation": "66", "mappluto_bbl": "1008390027", "objectid": "1071778", "feature_code": "2100", "shape_length": "89.214402773651571", "height_roof": "170", "last_status_type": "Constructed", "bin": "1088538", "last_edited_date": "2018-05-17T16:55:27.000Z", "geom_source": "Other (Manual)", "doitt_id": "1110247"}}, {"type": "Feature", "geometry": {"type": "MultiPolygon", "coordinates": [[[[-73.986069604658, 40.750350534635], [-73.986239405044, 40.750115442798], [-73.986272889897, 40.750129429852], [-73.986377348852, 40.75017306547], [-73.986375176583, 40.750176072003], [-73.986335315286, 40.750231260203], [-73.986261346548, 40.75033367227], [-73.986207547622, 40.750408157508], [-73.986069604658, 40.750350534635]]]]}, "properties": {"name": null, "base_bbl": "1008370012", "shape_area": "690.52734375", "construction_year": "1920", "ground_elevation": "54", "mappluto_bbl": "1008370012", "objectid": "169527", "feature_code": "2100", "shape_length": "113.82844507474263", "height_roof": "50.27", "last_status_type": "Constructed", "bin": "1085001", "last_edited_date": "2017-08-22T18:21:05.000Z", "geom_source": "Photogrammetric", "doitt_id": "764447"}}, {"type": "Feature", "geometry": {"type": "MultiPolygon", "coordinates": [[[[-73.986413614384, 40.750005392807], [-73.986423267558, 40.749992061951], [-73.986532035463, 40.749841852279], [-73.986598982521, 40.749869889241], [-73.986645524723, 40.749805613813], [-73.986780180232, 40.749862006433], [-73.986769521569, 40.749876724883], [-73.986615216202, 40.750089822648], [-73.986530993085, 40.750054550812], [-73.986413614384, 40.750005392807]]]]}, "properties": {"name": null, "base_bbl": "1008360010", "shape_area": "887.37890625", "construction_year": "1912", "ground_elevation": "52", "mappluto_bbl": "1008360010", "objectid": "486790", "feature_code": "2100", "shape_length": "127.65068777060227", "height_roof": "148.21", "last_status_type": "Constructed", "bin": "1083640", "last_edited_date": "2017-08-22T19:13:28.000Z", "geom_source": "Photogrammetric", "doitt_id": "805568"}}, {"type": "Feature", "geometry": {"type": "MultiPolygon", "coordinates": [[[[-73.985215458027, 40.750306732929], [-73.98536253032, 40.750102638488], [-73.985369094641, 40.750093528901], [-73.985431812246, 40.750119667736], [-73.985397399912, 40.750167422623], [-73.985278175772, 40.750332870947], [-73.985215458027, 40.750306732929]]]]}, "properties": {"name": null, "base_bbl": "1008370066", "shape_area": "284.421875", "construction_year": "1920", "ground_elevation": "61", "mappluto_bbl": "1008370066", "objectid": "204996", "feature_code": "2100", "shape_length": "87.323598121566974", "height_roof": "75.4", "last_status_type": "Constructed", "bin": "1015906", "last_edited_date": "2017-08-22T19:19:38.000Z", "geom_source": "Photogrammetric", "doitt_id": "251054"}}, {"type": "Feature", "geometry": {"type": "MultiPolygon", "coordinates": [[[[-73.983461272876, 40.749175942245], [-73.983502668421, 40.749119595399], [-73.983511996881, 40.749123558962], [-73.98377880978, 40.749236924653], [-73.983737414395, 40.749293272499], [-73.983713390469, 40.749283064568], [-73.983461272876, 40.749175942245]]]]}, "properties": {"name": null, "base_bbl": "1008650003", "shape_area": "333.96875", "construction_year": "1920", "ground_elevation": "66", "mappluto_bbl": "1008650003", "objectid": "590877", "feature_code": "2100", "shape_length": "89.440753715996308", "height_roof": "76.93", "last_status_type": "Constructed", "bin": "1017118", "last_edited_date": "2017-08-22T18:46:54.000Z", "geom_source": "Photogrammetric", "doitt_id": "320336"}}, {"type": "Feature", "geometry": {"type": "MultiPolygon", "coordinates": [[[[-73.98567334027, 40.750434728385], [-73.985804270389, 40.750249473564], [-73.986002097977, 40.750330335305], [-73.985996116102, 40.7503291288], [-73.985863050344, 40.750513790141], [-73.98567334027, 40.750434728385]]]]}, "properties": {"name": null, "base_bbl": "1008370074", "shape_area": "750.5546875", "construction_year": "2010", "ground_elevation": "54", "mappluto_bbl": "1008370074", "objectid": "46051", "feature_code": "2100", "shape_length": "111.6086758890212", "height_roof": "267", "last_status_type": "Constructed", "bin": "1015913", "last_edited_date": "2017-08-22T19:19:37.000Z", "geom_source": "Other (Manual)", "doitt_id": "1257114"}}, {"type": "Feature", "geometry": {"type": "MultiPolygon", "coordinates": [[[[-73.9830350884, 40.749694936568], [-73.982985754633, 40.749674184331], [-73.982959651458, 40.74971007375], [-73.982894986247, 40.749798981049], [-73.982793788529, 40.749756411658], [-73.98277964534, 40.749775855976], [-73.982714149197, 40.749748304185], [-73.982739255153, 40.749713786144], [-73.982799848113, 40.749630476771], [-73.982884520935, 40.74951405843], [-73.983410892605, 40.749735478056], [-73.983419240823, 40.749738989431], [-73.983353779023, 40.749828994589], [-73.983267256352, 40.749792598903], [-73.983238858684, 40.749780653162], [-73.9830350884, 40.749694936568]]]]}, "properties": {"name": null, "base_bbl": "1008660001", "shape_area": "1499.69921875", "construction_year": "1930", "ground_elevation": "75", "mappluto_bbl": "1008660001", "objectid": "655934", "feature_code": "2100", "shape_length": "214.77099267642319", "height_roof": "174.50477913", "last_status_type": "Constructed", "bin": "1017175", "last_edited_date": "2017-08-22T18:27:27.000Z", "geom_source": "Photogrammetric", "doitt_id": "631971"}}, {"type": "Feature", "geometry": {"type": "MultiPolygon", "coordinates": [[[[-73.983795120754, 40.751315338308], [-73.983945134388, 40.751109167751], [-73.983970430654, 40.751119812553], [-73.984025923811, 40.751143164078], [-73.984017713931, 40.751154448981], [-73.983871180549, 40.751355836632], [-73.983868116335, 40.751354546678], [-73.983790389763, 40.751321840197], [-73.983795120754, 40.751315338308]]]]}, "properties": {"name": null, "base_bbl": "1008390059", "shape_area": "367.10546875", "construction_year": "1910", "ground_elevation": "68", "mappluto_bbl": "1008390059", "objectid": "945658", "feature_code": "2100", "shape_length": "91.944909149099814", "height_roof": "63.74", "last_status_type": "Constructed", "bin": "1015972", "last_edited_date": "2017-08-22T17:52:40.000Z", "geom_source": "Photogrammetric", "doitt_id": "124887"}}, {"type": "Feature", "geometry": {"type": "MultiPolygon", "coordinates": [[[[-73.983965345486, 40.750595571443], [-73.984022866639, 40.750515040871], [-73.984135011227, 40.750358037822], [-73.984250008009, 40.750405543592], [-73.984265404703, 40.750411904169], [-73.984255515277, 40.750425749], [-73.98409573929, 40.75064943708], [-73.984022710209, 40.750619269026], [-73.983965345486, 40.750595571443]]]]}, "properties": {"name": null, "base_bbl": "1008380056", "shape_area": "656.15234375", "construction_year": "1924", "ground_elevation": "69", "mappluto_bbl": "1008380056", "objectid": "553283", "feature_code": "2100", "shape_length": "112.43984527038572", "height_roof": "120.03", "last_status_type": "Constructed", "bin": "1015941", "last_edited_date": "2017-08-22T17:43:09.000Z", "geom_source": "Photogrammetric", "doitt_id": "770069"}}, {"type": "Feature", "geometry": {"type": "MultiPolygon", "coordinates": [[[[-73.985726465446, 40.749710851406], [-73.985760321752, 40.749664096811], [-73.985810817116, 40.749594364239], [-73.985874795351, 40.749621158559], [-73.985790443758, 40.749737645772], [-73.985770629609, 40.749729347863], [-73.985726465446, 40.749710851406]]]]}, "properties": {"name": null, "base_bbl": "1008360062", "shape_area": "158.87890625", "construction_year": "1900", "ground_elevation": "54", "mappluto_bbl": "1008360062", "objectid": "378320", "feature_code": "2100", "shape_length": "55.322561148002755", "height_roof": "43.12", "last_status_type": "Constructed", "bin": "1015879", "last_edited_date": "2017-08-22T18:17:39.000Z", "geom_source": "Photogrammetric", "doitt_id": "72537"}}, {"type": "Feature", "geometry": {"type": "MultiPolygon", "coordinates": [[[[-73.983058237734, 40.749382205871], [-73.983131073967, 40.749283066319], [-73.983223566704, 40.74915717014], [-73.9833035861, 40.749191171374], [-73.983262275626, 40.749247400194], [-73.983219424048, 40.749305729656], [-73.983209506237, 40.749319229501], [-73.9831382585, 40.749416207219], [-73.983058237734, 40.749382205871]]]]}, "properties": {"name": null, "base_bbl": "1008650069", "shape_area": "386.5078125", "construction_year": "1910", "ground_elevation": "70", "mappluto_bbl": "1008650069", "objectid": "641145", "feature_code": "2100", "shape_length": "96.1143571034394", "height_roof": "61.74", "last_status_type": "Constructed", "bin": "1017133", "last_edited_date": "2017-08-22T19:29:29.000Z", "geom_source": "Photogrammetric", "doitt_id": "441150"}}, {"type": "Feature", "geometry": {"type": "MultiPolygon", "coordinates": [[[[-73.985804270389, 40.750249473564], [-73.98567334027, 40.750434728385], [-73.98557919995, 40.750395495096], [-73.985708890439, 40.750210486966], [-73.985716727353, 40.750213760378], [-73.985727015155, 40.750218057967], [-73.985777209927, 40.750238412012], [-73.985804270389, 40.750249473564]]]]}, "properties": {"name": null, "base_bbl": "1008370072", "shape_area": "370.234375", "construction_year": "2011", "ground_elevation": "49", "mappluto_bbl": "1008370072", "objectid": "66664", "feature_code": "2100", "shape_length": "85.685506277391084", "height_roof": "175", "last_status_type": "Constructed", "bin": "1015912", "last_edited_date": "2017-08-22T19:00:44.000Z", "geom_source": "Other (Manual)", "doitt_id": "1257115"}}, {"type": "Feature", "geometry": {"type": "MultiPolygon", "coordinates": [[[[-73.986207689613, 40.750414370117], [-73.986073000377, 40.750601286371], [-73.985930952136, 40.750542087852], [-73.986027612318, 40.750407948521], [-73.986042175213, 40.750387738427], [-73.9860463445, 40.750381951379], [-73.986061410778, 40.750361038948], [-73.986064014211, 40.750357424632], [-73.986064998492, 40.750356064086], [-73.986065337119, 40.750356201904], [-73.986073647691, 40.750359581608], [-73.986207689613, 40.750414370117]]]]}, "properties": {"name": null, "base_bbl": "1008370078", "shape_area": "563.4296875", "construction_year": "2014", "ground_elevation": "58", "mappluto_bbl": "1008370078", "objectid": "66666", "feature_code": "2100", "shape_length": "98.530413520904077", "height_roof": "181", "last_status_type": "Constructed", "bin": "1015915", "last_edited_date": "2018-05-15T16:26:51.000Z", "geom_source": "Other (Manual)", "doitt_id": "1257113"}}, {"type": "Feature", "geometry": {"type": "MultiPolygon", "coordinates": [[[[-73.988058220638, 40.75017625875], [-73.988073735448, 40.75008015294], [-73.988245059281, 40.750152878313], [-73.988213380733, 40.75020036777], [-73.988058220638, 40.75017625875]]]]}, "properties": {"name": null, "base_bbl": "1008100040", "shape_area": "210.40625", "construction_year": "1930", "ground_elevation": "46", "mappluto_bbl": "1008100040", "objectid": "786568", "feature_code": "2100", "shape_length": "61.539687616915089", "height_roof": "72.39", "last_status_type": "Constructed", "bin": "1015220", "last_edited_date": "2017-08-22T18:31:11.000Z", "geom_source": "Photogrammetric", "doitt_id": "3927"}}, {"type": "Feature", "geometry": {"type": "MultiPolygon", "coordinates": [[[[-73.982638513492, 40.749671408492], [-73.982710906731, 40.749571876522], [-73.982779991399, 40.749476891568], [-73.982783780668, 40.749471681805], [-73.982884520935, 40.74951405843], [-73.982799848113, 40.749630476771], [-73.982739255153, 40.749713786144], [-73.982638513492, 40.749671408492]]]]}, "properties": {"name": null, "base_bbl": "1008660009", "shape_area": "429.82421875", "construction_year": "1925", "ground_elevation": "72", "mappluto_bbl": "1008660009", "objectid": "470244", "feature_code": "2100", "shape_length": "92.672041177712032", "height_roof": "64.94", "last_status_type": "Constructed", "bin": "1017177", "last_edited_date": "2017-08-22T18:15:34.000Z", "geom_source": "Photogrammetric", "doitt_id": "830747"}}, {"type": "Feature", "geometry": {"type": "MultiPolygon", "coordinates": [[[[-73.981782015209, 40.751274417527], [-73.981850519081, 40.751179842791], [-73.981911850992, 40.75120564473], [-73.981923663508, 40.751189405058], [-73.981958464567, 40.751204045537], [-73.982246282804, 40.751325124561], [-73.982165744258, 40.751435845542], [-73.981782015209, 40.751274417527]]]]}, "properties": {"name": null, "base_bbl": "1008680072", "shape_area": "886.69140625", "construction_year": "1906", "ground_elevation": "77", "mappluto_bbl": "1008680072", "objectid": "364931", "feature_code": "2100", "shape_length": "134.90401066879883", "height_roof": "151.01", "last_status_type": "Constructed", "bin": "1017244", "last_edited_date": "2017-08-22T19:36:30.000Z", "geom_source": "Photogrammetric", "doitt_id": "420770"}}, {"type": "Feature", "geometry": {"type": "MultiPolygon", "coordinates": [[[[-73.979752746105, 40.750825424129], [-73.979853578166, 40.750686024557], [-73.979949545898, 40.750726171453], [-73.980015715584, 40.7507538528], [-73.979914883759, 40.750893251613], [-73.979885746221, 40.750881062682], [-73.979752746105, 40.750825424129]]]]}, "properties": {"name": null, "base_bbl": "1008690027", "shape_area": "481.59375", "construction_year": "1946", "ground_elevation": "77", "mappluto_bbl": "1008690027", "objectid": "574914", "feature_code": "2100", "shape_length": "87.952077836515713", "height_roof": "59.03", "last_status_type": "Constructed", "bin": "1017594", "last_edited_date": "2017-08-22T17:56:27.000Z", "geom_source": "Photogrammetric", "doitt_id": "421395"}}, {"type": "Feature", "geometry": {"type": "MultiPolygon", "coordinates": [[[[-73.978041632764, 40.749693197877], [-73.978137758615, 40.749561342426], [-73.978193048814, 40.749485500565], [-73.978196299432, 40.749481042774], [-73.97829094424, 40.749520949473], [-73.978445387393, 40.749586067965], [-73.978446931246, 40.74958671932], [-73.978445506143, 40.749588674952], [-73.978384656696, 40.749672140478], [-73.978292265131, 40.749798873856], [-73.978275337174, 40.749791735954], [-73.978116672978, 40.749724837934], [-73.978041632764, 40.749693197877]]]]}, "properties": {"name": "Doral Tuscany Hotel", "base_bbl": "1008940075", "shape_area": "1137.14453125", "construction_year": "1928", "ground_elevation": "64", "mappluto_bbl": "1008940075", "objectid": "669947", "feature_code": "2100", "shape_length": "135.08726796738287", "height_roof": "185.47985597", "last_status_type": "Constructed", "bin": "1019164", "last_edited_date": "2017-08-22T19:06:12.000Z", "geom_source": "Photogrammetric", "doitt_id": "320761"}}, {"type": "Feature", "geometry": {"type": "MultiPolygon", "coordinates": [[[[-73.980113472555, 40.749763086042], [-73.980234785973, 40.749595745139], [-73.980279589218, 40.749533943871], [-73.980360236375, 40.74956775815], [-73.980236815947, 40.749738003857], [-73.980194118721, 40.749796899535], [-73.980124208639, 40.749767587724], [-73.980113472555, 40.749763086042]]]]}, "properties": {"name": null, "base_bbl": "1008670044", "shape_area": "394.16796875", "construction_year": "1925", "ground_elevation": "76", "mappluto_bbl": "1008670044", "objectid": "875771", "feature_code": "2100", "shape_length": "97.350793526563564", "height_roof": "59.23", "last_status_type": "Constructed", "bin": "1017213", "last_edited_date": "2017-08-22T19:27:07.000Z", "geom_source": "Photogrammetric", "doitt_id": "138279"}}, {"type": "Feature", "geometry": {"type": "MultiPolygon", "coordinates": [[[[-73.979952983098, 40.749397002445], [-73.979963907348, 40.749381933473], [-73.97999730316, 40.749335868477], [-73.980152812027, 40.749401071315], [-73.980172127447, 40.74941142596], [-73.98017337955, 40.749409695402], [-73.980248171879, 40.749441054873], [-73.980236817681, 40.749456717232], [-73.980203853162, 40.749502188937], [-73.979952983098, 40.749397002445]]]]}, "properties": {"name": null, "base_bbl": "1008670037", "shape_area": "326.7421875", "construction_year": "1999", "ground_elevation": "76", "mappluto_bbl": "1008670037", "objectid": "1061536", "feature_code": "2100", "shape_length": "84.6420204298545", "height_roof": "86", "last_status_type": "Constructed", "bin": "1017207", "last_edited_date": "2017-08-22T18:13:41.000Z", "geom_source": "Other (Manual)", "doitt_id": "1106535"}}, {"type": "Feature", "geometry": {"type": "MultiPolygon", "coordinates": [[[[-73.982359359594, 40.74990890791], [-73.982460278186, 40.749770157118], [-73.982530210354, 40.749674007189], [-73.982540044289, 40.74966048758], [-73.982465674523, 40.749629202604], [-73.982552705128, 40.749509543944], [-73.982569313318, 40.74948670962], [-73.982624138859, 40.749411331123], [-73.982779991399, 40.749476891568], [-73.982710906731, 40.749571876522], [-73.982638513492, 40.749671408492], [-73.982612975148, 40.749706522582], [-73.982606007485, 40.749703592183], [-73.982602443249, 40.7497084922], [-73.98252597492, 40.749813627331], [-73.982441289245, 40.74993006161], [-73.982433876436, 40.74994025331], [-73.982359359594, 40.74990890791]]]]}, "properties": {"name": null, "base_bbl": "1008660011", "shape_area": "1122.57421875", "construction_year": "1912", "ground_elevation": "75", "mappluto_bbl": "1008667501", "objectid": "658190", "feature_code": "2100", "shape_length": "196.15186667355505", "height_roof": "162", "last_status_type": "Constructed", "bin": "1017178", "last_edited_date": "2017-08-22T18:57:40.000Z", "geom_source": "Other (Manual)", "doitt_id": "16682"}}, {"type": "Feature", "geometry": {"type": "MultiPolygon", "coordinates": [[[[-73.97999730316, 40.749335868477], [-73.98001459334, 40.749312018868], [-73.980052611318, 40.749259577271], [-73.980208120061, 40.749324780035], [-73.980182195546, 40.749360540084], [-73.980152812027, 40.749401071315], [-73.97999730316, 40.749335868477]]]]}, "properties": {"name": null, "base_bbl": "1008670035", "shape_area": "253.05078125", "construction_year": "1998", "ground_elevation": "75", "mappluto_bbl": "1008677501", "objectid": "1039479", "feature_code": "2100", "shape_length": "65.151057143757839", "height_roof": "226", "last_status_type": "Constructed", "bin": "1017206", "last_edited_date": "2017-08-22T17:41:43.000Z", "geom_source": "Other (Manual)", "doitt_id": "580642"}}, {"type": "Feature", "geometry": {"type": "MultiPolygon", "coordinates": [[[[-73.980650601182, 40.749590735076], [-73.980736704042, 40.74947196373], [-73.980758497717, 40.749441900369], [-73.980838912952, 40.749475616119], [-73.980809914765, 40.749515616281], [-73.980725562776, 40.749631972817], [-73.980700409576, 40.749666669613], [-73.980670924356, 40.749654307022], [-73.980696076382, 40.749619610233], [-73.98064514741, 40.749598256989], [-73.980650601182, 40.749590735076]]]]}, "properties": {"name": null, "base_bbl": "1008670027", "shape_area": "290.0078125", "construction_year": "1925", "ground_elevation": "77", "mappluto_bbl": "1008670027", "objectid": "751863", "feature_code": "2100", "shape_length": "84.520675116235779", "height_roof": "64.6", "last_status_type": "Constructed", "bin": "1017202", "last_edited_date": "2017-08-22T18:32:07.000Z", "geom_source": "Photogrammetric", "doitt_id": "264925"}}, {"type": "Feature", "geometry": {"type": "MultiPolygon", "coordinates": [[[[-73.98165570753, 40.750613280167], [-73.981314687433, 40.751084086468], [-73.98084972948, 40.750889309904], [-73.981090052182, 40.750557528424], [-73.981190751865, 40.750418504966], [-73.981276713054, 40.7504545158], [-73.98165570753, 40.750613280167]]]]}, "properties": {"name": null, "base_bbl": "1008680016", "shape_area": "4667.34765625", "construction_year": "1952", "ground_elevation": "81", "mappluto_bbl": "1008680016", "objectid": "618210", "feature_code": "2100", "shape_length": "276.11804883021335", "height_roof": "297.62", "last_status_type": "Constructed", "bin": "1017230", "last_edited_date": "2017-08-22T19:29:44.000Z", "geom_source": "Photogrammetric", "doitt_id": "434020"}}, {"type": "Feature", "geometry": {"type": "MultiPolygon", "coordinates": [[[[-73.978051775021, 40.749339599827], [-73.978070851089, 40.749313433847], [-73.97808591718, 40.749292768295], [-73.978118788189, 40.74924767899], [-73.978121230886, 40.74924432867], [-73.978151380766, 40.749202971438], [-73.978181455977, 40.749161717742], [-73.97823339131, 40.749183616173], [-73.97815784551, 40.749287242041], [-73.978095300774, 40.749373034904], [-73.978072715827, 40.749404014326], [-73.978071847494, 40.74940520463], [-73.978050336668, 40.749396134236], [-73.97805875583, 40.749384585046], [-73.978071003709, 40.749367784832], [-73.978040580277, 40.749354955828], [-73.978051775021, 40.749339599827]]]]}, "properties": {"name": null, "base_bbl": "1008940016", "shape_area": "227.66796875", "construction_year": "1865", "ground_elevation": "62", "mappluto_bbl": "1008940016", "objectid": "1028351", "feature_code": "2100", "shape_length": "87.626118836823352", "height_roof": "68.26", "last_status_type": "Constructed", "bin": "1019132", "last_edited_date": "2020-01-28T17:19:47.000Z", "geom_source": "Photogrammetric", "doitt_id": "445340"}}, {"type": "Feature", "geometry": {"type": "MultiPolygon", "coordinates": [[[[-73.982335569652, 40.751209027943], [-73.982073307004, 40.751098698858], [-73.982112674733, 40.751044578262], [-73.982351903819, 40.751145216989], [-73.982379921847, 40.751157004399], [-73.982340554269, 40.751211125086], [-73.982335569652, 40.751209027943]]]]}, "properties": {"name": null, "base_bbl": "1008680005", "shape_area": "308.9921875", "construction_year": "1929", "ground_elevation": "76", "mappluto_bbl": "1008680005", "objectid": "427553", "feature_code": "2100", "shape_length": "86.218988492373057", "height_roof": "69.47", "last_status_type": "Constructed", "bin": "1017226", "last_edited_date": "2017-08-22T17:46:16.000Z", "geom_source": "Photogrammetric", "doitt_id": "188633"}}, {"type": "Feature", "geometry": {"type": "MultiPolygon", "coordinates": [[[[-73.982329447294, 40.749393497697], [-73.982378764995, 40.749325692629], [-73.982394392413, 40.749304207138], [-73.982629974985, 40.749403307592], [-73.982624138859, 40.749411331123], [-73.982569313318, 40.74948670962], [-73.982552705128, 40.749509543944], [-73.982520245523, 40.74949588915], [-73.982455822763, 40.749584463055], [-73.982278583162, 40.749509905529], [-73.982343006087, 40.749421331722], [-73.982317122295, 40.749410443333], [-73.982329447294, 40.749393497697]]]]}, "properties": {"name": null, "base_bbl": "1008660013", "shape_area": "870.015625", "construction_year": "1940", "ground_elevation": "74", "mappluto_bbl": "1008660013", "objectid": "844641", "feature_code": "2100", "shape_length": "125.36117719637659", "height_roof": "79.13", "last_status_type": "Constructed", "bin": "1017179", "last_edited_date": "2017-08-22T18:43:57.000Z", "geom_source": "Photogrammetric", "doitt_id": "96798"}}, {"type": "Feature", "geometry": {"type": "MultiPolygon", "coordinates": [[[[-73.978691717866, 40.749452017608], [-73.978731467593, 40.749397492096], [-73.978743009276, 40.749381660625], [-73.97886791924, 40.749434327202], [-73.97881033881, 40.749513311734], [-73.978785555445, 40.749502862201], [-73.978776865118, 40.749514782402], [-73.978697343026, 40.749623864053], [-73.978622379606, 40.749592256806], [-73.97870591289, 40.749477673855], [-73.978709246037, 40.749459407702], [-73.978691717866, 40.749452017608]]]]}, "properties": {"name": null, "base_bbl": "1008940006", "shape_area": "401.5546875", "construction_year": "1924", "ground_elevation": "70", "mappluto_bbl": "1008940006", "objectid": "43492", "feature_code": "2100", "shape_length": "98.178800386561775", "height_roof": "94.06", "last_status_type": "Constructed", "bin": "1019124", "last_edited_date": "2017-08-22T19:33:19.000Z", "geom_source": "Photogrammetric", "doitt_id": "157888"}}, {"type": "Feature", "geometry": {"type": "MultiPolygon", "coordinates": [[[[-73.98131133693, 40.749815630321], [-73.981111652416, 40.749731908309], [-73.981124915971, 40.749713612197], [-73.981028265871, 40.749673089751], [-73.981102317629, 40.749570940393], [-73.981122944756, 40.749570414277], [-73.981210325556, 40.749607050349], [-73.981214756057, 40.749616845878], [-73.981216261292, 40.749620172593], [-73.981213413612, 40.749624101038], [-73.981208964408, 40.749630237262], [-73.98129696336, 40.749667132715], [-73.981301824785, 40.749660426534], [-73.981304116904, 40.749657265228], [-73.981317906926, 40.749653025181], [-73.981404330116, 40.749689260225], [-73.981406390729, 40.749700986949], [-73.981405047443, 40.749702839074], [-73.981320497249, 40.749819471565], [-73.98131133693, 40.749815630321]]]]}, "properties": {"name": "Consulate General of Poland", "base_bbl": "1008670023", "shape_area": "753.703125", "construction_year": "1905", "ground_elevation": "77", "mappluto_bbl": "1008670023", "objectid": "512119", "feature_code": "2100", "shape_length": "123.30562005690989", "height_roof": "101.37", "last_status_type": "Constructed", "bin": "1017198", "last_edited_date": "2020-01-28T17:19:56.000Z", "geom_source": "Photogrammetric", "doitt_id": "21619"}}, {"type": "Feature", "geometry": {"type": "MultiPolygon", "coordinates": [[[[-73.980194118721, 40.749796899535], [-73.980236815947, 40.749738003857], [-73.980360236375, 40.74956775815], [-73.980438359428, 40.749600512948], [-73.980359215288, 40.749709684959], [-73.980272241961, 40.749829655345], [-73.980194118721, 40.749796899535]]]]}, "properties": {"name": null, "base_bbl": "1008670045", "shape_area": "381.82421875", "construction_year": "1862", "ground_elevation": "76", "mappluto_bbl": "1008670045", "objectid": "998500", "feature_code": "2100", "shape_length": "96.708682008719691", "height_roof": "67.43", "last_status_type": "Constructed", "bin": "1017214", "last_edited_date": "2020-01-28T17:25:21.000Z", "geom_source": "Photogrammetric", "doitt_id": "260837"}}, {"type": "Feature", "geometry": {"type": "MultiPolygon", "coordinates": [[[[-73.978147847151, 40.749395191034], [-73.978194892211, 40.749330659764], [-73.978269705906, 40.749228036899], [-73.978285937583, 40.74920577134], [-73.978341650902, 40.749229262529], [-73.978307215169, 40.749276497509], [-73.97823414643, 40.749376726282], [-73.978179077894, 40.749452263836], [-73.978123364446, 40.749428772569], [-73.978147847151, 40.749395191034]]]]}, "properties": {"name": null, "base_bbl": "1008940014", "shape_area": "265.6875", "construction_year": "1864", "ground_elevation": "65", "mappluto_bbl": "1008940014", "objectid": "1050996", "feature_code": "2100", "shape_length": "89.063237517865645", "height_roof": "74.59", "last_status_type": "Constructed", "bin": "1019130", "last_edited_date": "2020-01-28T17:15:39.000Z", "geom_source": "Photogrammetric", "doitt_id": "730140"}}, {"type": "Feature", "geometry": {"type": "MultiPolygon", "coordinates": [[[[-73.98066907447, 40.749994157748], [-73.980691516311, 40.749963201209], [-73.980801318151, 40.749811738212], [-73.980815516434, 40.749792153667], [-73.980846963562, 40.749805338708], [-73.980864280805, 40.749781451157], [-73.98118593698, 40.749916312615], [-73.981226131366, 40.749933164941], [-73.98105506545, 40.750169137988], [-73.980693213997, 40.750017423671], [-73.980700521664, 40.750007342829], [-73.98066907447, 40.749994157748]]]]}, "properties": {"name": "Madison Towers", "base_bbl": "1008670055", "shape_area": "1956.765625", "construction_year": "1930", "ground_elevation": "79", "mappluto_bbl": "1008670055", "objectid": "699858", "feature_code": "2100", "shape_length": "179.19901131982527", "height_roof": "225.19", "last_status_type": "Constructed", "bin": "1017220", "last_edited_date": "2017-08-22T18:27:00.000Z", "geom_source": "Photogrammetric", "doitt_id": "702029"}}, {"type": "Feature", "geometry": {"type": "MultiPolygon", "coordinates": [[[[-73.979914883759, 40.750893251613], [-73.980015715584, 40.7507538528], [-73.980020365177, 40.750747424894], [-73.980093683729, 40.750778096216], [-73.980084467475, 40.750790838585], [-73.979994849289, 40.750914732691], [-73.979931981788, 40.751001646704], [-73.979858663064, 40.75097097438], [-73.979914883759, 40.750893251613]]]]}, "properties": {"name": null, "base_bbl": "1008690026", "shape_area": "349.23046875", "construction_year": "1967", "ground_elevation": "76", "mappluto_bbl": "1008690026", "objectid": "777655", "feature_code": "2100", "shape_length": "93.56374784116629", "height_roof": "69.51", "last_status_type": "Constructed", "bin": "1017593", "last_edited_date": "2017-08-22T17:32:04.000Z", "geom_source": "Photogrammetric", "doitt_id": "553104"}}, {"type": "Feature", "geometry": {"type": "MultiPolygon", "coordinates": [[[[-73.981193048846, 40.749081038416], [-73.981579680779, 40.749240560737], [-73.981618599809, 40.749256618478], [-73.981554536889, 40.74934642023], [-73.981512804739, 40.749329201263], [-73.981492322608, 40.749357912417], [-73.981505787764, 40.749363467101], [-73.98151896941, 40.749383678378], [-73.981573734621, 40.749406273648], [-73.981491104743, 40.749522103325], [-73.98113415552, 40.749374828861], [-73.981145352018, 40.74935913397], [-73.981028927838, 40.749311098061], [-73.981193048846, 40.749081038416]]]]}, "properties": {"name": null, "base_bbl": "1008660058", "shape_area": "2263.18359375", "construction_year": "1853", "ground_elevation": "78", "mappluto_bbl": "1008660058", "objectid": "1031390", "feature_code": "2100", "shape_length": "211.38740808899018", "height_roof": "77.59", "last_status_type": "Constructed", "bin": "1017186", "last_edited_date": "2020-01-28T17:25:39.000Z", "geom_source": "Photogrammetric", "doitt_id": "43455"}}, {"type": "Feature", "geometry": {"type": "MultiPolygon", "coordinates": [[[[-73.979128807454, 40.749725067179], [-73.97902396219, 40.749680861196], [-73.979052617915, 40.749641553911], [-73.978998700039, 40.749618820721], [-73.978944672093, 40.749596040658], [-73.978916016325, 40.749635347916], [-73.978835395925, 40.749601356133], [-73.978848509601, 40.749583368228], [-73.978814908229, 40.749569200692], [-73.978902545826, 40.749448986586], [-73.979029239055, 40.749502404336], [-73.979223700118, 40.749584395545], [-73.97923168936, 40.749587763978], [-73.979230024991, 40.749590046461], [-73.979130938553, 40.74972596537], [-73.979128807454, 40.749725067179]]]]}, "properties": {"name": null, "base_bbl": "1008940001", "shape_area": "869.125", "construction_year": "1922", "ground_elevation": "72", "mappluto_bbl": "1008940001", "objectid": "222228", "feature_code": "2100", "shape_length": "143.45976170076884", "height_roof": "164.31", "last_status_type": "Constructed", "bin": "1019122", "last_edited_date": "2017-08-22T18:57:40.000Z", "geom_source": "Photogrammetric", "doitt_id": "593945"}}, {"type": "Feature", "geometry": {"type": "MultiPolygon", "coordinates": [[[[-73.978512812194, 40.749553315642], [-73.978585058583, 40.749454215777], [-73.97866357018, 40.749346520792], [-73.978727036153, 40.749373280267], [-73.978743926166, 40.749380401887], [-73.978743009276, 40.749381660625], [-73.978731467593, 40.749397492096], [-73.978691717866, 40.749452017608], [-73.978619183776, 40.749551511908], [-73.97859043424, 40.749539390258], [-73.978570956119, 40.749531177621], [-73.978544940677, 40.749566863443], [-73.978512812194, 40.749553315642]]]]}, "properties": {"name": null, "base_bbl": "1008940008", "shape_area": "318.5703125", "construction_year": "1911", "ground_elevation": "69", "mappluto_bbl": "1008940008", "objectid": "1025314", "feature_code": "2100", "shape_length": "89.901463929340082", "height_roof": "70.75", "last_status_type": "Constructed", "bin": "1019125", "last_edited_date": "2020-01-28T17:17:43.000Z", "geom_source": "Photogrammetric", "doitt_id": "517583"}}, {"type": "Feature", "geometry": {"type": "MultiPolygon", "coordinates": [[[[-73.982001650306, 40.751144676528], [-73.981947620082, 40.751121947406], [-73.981990019226, 40.751063661586], [-73.982034487512, 40.751082368438], [-73.982073307004, 40.751098698858], [-73.982335569652, 40.751209027943], [-73.982293171902, 40.75126731479], [-73.982001650306, 40.751144676528]]]]}, "properties": {"name": null, "base_bbl": "1008680075", "shape_area": "430.2890625", "construction_year": "1920", "ground_elevation": "77", "mappluto_bbl": "1008680075", "objectid": "775939", "feature_code": "2100", "shape_length": "107.55806588297857", "height_roof": "80.15", "last_status_type": "Constructed", "bin": "1017246", "last_edited_date": "2017-08-22T17:44:25.000Z", "geom_source": "Photogrammetric", "doitt_id": "341958"}}, {"type": "Feature", "geometry": {"type": "MultiPolygon", "coordinates": [[[[-73.980015975541, 40.750526713693], [-73.980125784767, 40.750370661473], [-73.980156815708, 40.750326563634], [-73.980237481816, 40.750359391944], [-73.980218011544, 40.750387061155], [-73.980096641822, 40.7505595421], [-73.980015975541, 40.750526713693]]]]}, "properties": {"name": null, "base_bbl": "1008680050", "shape_area": "339.734375", "construction_year": "1915", "ground_elevation": "74", "mappluto_bbl": "1008680050", "objectid": "882251", "feature_code": "2100", "shape_length": "87.044642966919156", "height_roof": "65.16", "last_status_type": "Constructed", "bin": "1017240", "last_edited_date": "2017-08-22T17:40:21.000Z", "geom_source": "Photogrammetric", "doitt_id": "464376"}}, {"type": "Feature", "geometry": {"type": "MultiPolygon", "coordinates": [[[[-73.980837287736, 40.74977013361], [-73.981001404754, 40.749543745616], [-73.981076898526, 40.749575397328], [-73.980997985268, 40.749684251037], [-73.980949797094, 40.749750723849], [-73.980901297422, 40.749730389593], [-73.980864280805, 40.749781451157], [-73.980837287736, 40.74977013361]]]]}, "properties": {"name": null, "base_bbl": "1008670024", "shape_area": "311.71484375", "construction_year": "1920", "ground_elevation": "78", "mappluto_bbl": "1008670024", "objectid": "551860", "feature_code": "2100", "shape_length": "95.115589735605141", "height_roof": "72.59", "last_status_type": "Constructed", "bin": "1017199", "last_edited_date": "2017-08-22T18:47:49.000Z", "geom_source": "Photogrammetric", "doitt_id": "807255"}}, {"type": "Feature", "geometry": {"type": "MultiPolygon", "coordinates": [[[[-73.981464970829, 40.751147041708], [-73.981670449653, 40.750863361153], [-73.981805990185, 40.750676234066], [-73.981922655092, 40.750725106687], [-73.981818485692, 40.750868922724], [-73.981810468543, 40.750879990479], [-73.981748091483, 40.750853859634], [-73.981712411074, 40.750903119761], [-73.981773824402, 40.750928845245], [-73.981721923639, 40.751000498392], [-73.981661716747, 40.750975277356], [-73.981629608886, 40.751019604153], [-73.981689660704, 40.751044760344], [-73.981682366101, 40.751054830444], [-73.981580515072, 40.751195444428], [-73.981464970829, 40.751147041708]]]]}, "properties": {"name": null, "base_bbl": "1008680010", "shape_area": "1042.71484375", "construction_year": "1920", "ground_elevation": "80", "mappluto_bbl": "1008680010", "objectid": "496976", "feature_code": "2100", "shape_length": "218.41119141453376", "height_roof": "149.25", "last_status_type": "Constructed", "bin": "1017228", "last_edited_date": "2017-08-22T18:51:24.000Z", "geom_source": "Photogrammetric", "doitt_id": "201460"}}, {"type": "Feature", "geometry": {"type": "MultiPolygon", "coordinates": [[[[-73.979883275651, 40.749941486777], [-73.979904317637, 40.74991249235], [-73.979984879802, 40.749946323084], [-73.979994082307, 40.749939608707], [-73.980003008854, 40.749933096896], [-73.980143505876, 40.749990274524], [-73.980138555128, 40.750010152344], [-73.980218331381, 40.750043652293], [-73.980153543682, 40.75013288221], [-73.980126004236, 40.750170812185], [-73.980114004288, 40.750187338904], [-73.979800417693, 40.750055656461], [-73.979883275651, 40.749941486777]]]]}, "properties": {"name": null, "base_bbl": "1008680032", "shape_area": "1011.26171875", "construction_year": "1961", "ground_elevation": "77", "mappluto_bbl": "1008687501", "objectid": "696998", "feature_code": "2100", "shape_length": "131.95236475729612", "height_roof": "138", "last_status_type": "Constructed", "bin": "1017247", "last_edited_date": "2017-08-22T18:38:26.000Z", "geom_source": "Other (Manual)", "doitt_id": "10049"}}, {"type": "Feature", "geometry": {"type": "MultiPolygon", "coordinates": [[[[-73.979368660661, 40.749065174381], [-73.979484911309, 40.749113899025], [-73.979555996078, 40.749143692305], [-73.979512122322, 40.749204236354], [-73.97945942169, 40.749182148356], [-73.979310514444, 40.749119737335], [-73.979262488119, 40.749099607787], [-73.979276430833, 40.749080367377], [-73.979316711844, 40.749097250105], [-73.979320124667, 40.749092540169], [-73.979346643027, 40.74905594655], [-73.979368660661, 40.749065174381]]]]}, "properties": {"name": null, "base_bbl": "1008930005", "shape_area": "286.828125", "construction_year": "1911", "ground_elevation": "75", "mappluto_bbl": "1008930005", "objectid": "1053236", "feature_code": "2100", "shape_length": "83.8149403401335", "height_roof": "89.58", "last_status_type": "Constructed", "bin": "1019078", "last_edited_date": "2020-01-28T17:23:57.000Z", "geom_source": "Photogrammetric", "doitt_id": "688456"}}, {"type": "Feature", "geometry": {"type": "MultiPolygon", "coordinates": [[[[-73.978179077894, 40.749452263836], [-73.97823414643, 40.749376726282], [-73.978307215169, 40.749276497509], [-73.978341650902, 40.749229262529], [-73.978398118423, 40.749253071712], [-73.978345113786, 40.749325778541], [-73.978302546752, 40.749384168362], [-73.97827047405, 40.749370645718], [-73.978251245227, 40.74939702242], [-73.978239643008, 40.749412937577], [-73.978245407572, 40.749415368232], [-73.978234509016, 40.749430319079], [-73.9782596877, 40.7494409354], [-73.978234418442, 40.749475597417], [-73.978179077894, 40.749452263836]]]]}, "properties": {"name": null, "base_bbl": "1008940013", "shape_area": "231.0390625", "construction_year": "1864", "ground_elevation": "66", "mappluto_bbl": "1008940013", "objectid": "1048787", "feature_code": "2100", "shape_length": "97.139861894299585", "height_roof": "55.92", "last_status_type": "Constructed", "bin": "1019129", "last_edited_date": "2020-01-28T17:22:59.000Z", "geom_source": "Photogrammetric", "doitt_id": "523180"}}, {"type": "Feature", "geometry": {"type": "MultiPolygon", "coordinates": [[[[-73.980657086495, 40.749166527483], [-73.980660487402, 40.749161760774], [-73.980764119476, 40.749016492242], [-73.981101933301, 40.749155874487], [-73.980998392959, 40.749301013662], [-73.980994899673, 40.749305910039], [-73.980657086495, 40.749166527483]]]]}, "properties": {"name": null, "base_bbl": "1008660048", "shape_area": "1073.0859375", "construction_year": "1952", "ground_elevation": "77", "mappluto_bbl": "1008667502", "objectid": "604979", "feature_code": "2100", "shape_length": "135.76216227041328", "height_roof": "122", "last_status_type": "Constructed", "bin": "1017185", "last_edited_date": "2017-08-22T19:31:41.000Z", "geom_source": "Other (Manual)", "doitt_id": "456287"}}, {"type": "Feature", "geometry": {"type": "MultiPolygon", "coordinates": [[[[-73.97848412945, 40.749455423459], [-73.978555431636, 40.749357619263], [-73.978580090605, 40.749323793632], [-73.978587044298, 40.749314254061], [-73.97866357018, 40.749346520792], [-73.978585058583, 40.749454215777], [-73.978512812194, 40.749553315642], [-73.978489671792, 40.74958505777], [-73.978444473841, 40.749566000913], [-73.978413145719, 40.749552791824], [-73.978441951011, 40.749513279403], [-73.97844678427, 40.74950664988], [-73.978495344558, 40.749527124761], [-73.978532689712, 40.749475898324], [-73.97848412945, 40.749455423459]]]]}, "properties": {"name": null, "base_bbl": "1008940009", "shape_area": "337.17578125", "construction_year": "1864", "ground_elevation": "66", "mappluto_bbl": "1008940009", "objectid": "1034893", "feature_code": "2100", "shape_length": "111.95527019661206", "height_roof": "60.02", "last_status_type": "Constructed", "bin": "1019126", "last_edited_date": "2020-01-28T17:21:17.000Z", "geom_source": "Photogrammetric", "doitt_id": "396399"}}, {"type": "Feature", "geometry": {"type": "MultiPolygon", "coordinates": [[[[-73.980682747331, 40.749410139444], [-73.980575851642, 40.749557593773], [-73.98051526171, 40.749532189265], [-73.980494808948, 40.749523613885], [-73.980517659389, 40.74949209283], [-73.980601704761, 40.74937615963], [-73.980682747331, 40.749410139444]]]]}, "properties": {"name": null, "base_bbl": "1008670029", "shape_area": "254.890625", "construction_year": "1925", "ground_elevation": "77", "mappluto_bbl": "1008670029", "objectid": "256538", "feature_code": "2100", "shape_length": "70.062158035344439", "height_roof": "64.28", "last_status_type": "Constructed", "bin": "1017204", "last_edited_date": "2017-08-22T18:37:37.000Z", "geom_source": "Photogrammetric", "doitt_id": "552107"}}, {"type": "Feature", "geometry": {"type": "MultiPolygon", "coordinates": [[[[-73.980110287737, 40.749543545679], [-73.980234785973, 40.749595745139], [-73.980113472555, 40.749763086042], [-73.980033302419, 40.749729471586], [-73.980028655272, 40.749735882385], [-73.979915767932, 40.749688550163], [-73.979782218489, 40.749632554938], [-73.979783671987, 40.749630549765], [-73.979908180826, 40.749458804488], [-73.980110287737, 40.749543545679]]]]}, "properties": {"name": null, "base_bbl": "1008670042", "shape_area": "1199.44921875", "construction_year": "1926", "ground_elevation": "76", "mappluto_bbl": "1008670042", "objectid": "882492", "feature_code": "2100", "shape_length": "141.36652843002113", "height_roof": "152.46", "last_status_type": "Constructed", "bin": "1017211", "last_edited_date": "2017-08-22T18:08:34.000Z", "geom_source": "Photogrammetric", "doitt_id": "791974"}}, {"type": "Feature", "geometry": {"type": "MultiPolygon", "coordinates": [[[[-73.980236817681, 40.749456717232], [-73.980248171879, 40.749441054873], [-73.980285290653, 40.749389853043], [-73.980303479838, 40.749364762648], [-73.980208120061, 40.749324780035], [-73.980052611318, 40.749259577271], [-73.980123469306, 40.74916183416], [-73.980124514104, 40.74916039263], [-73.980367647646, 40.749262334711], [-73.980367460483, 40.749262593124], [-73.980357842929, 40.749275860445], [-73.98056814752, 40.749364036763], [-73.980508734134, 40.749445993505], [-73.980483820277, 40.749435547917], [-73.980467339297, 40.749458281106], [-73.980449319542, 40.749483139225], [-73.980387291227, 40.749457131967], [-73.980352445701, 40.749505197753], [-73.980236817681, 40.749456717232]]]]}, "properties": {"name": null, "base_bbl": "1008670033", "shape_area": "1181.5", "construction_year": "1940", "ground_elevation": "77", "mappluto_bbl": "1008670033", "objectid": "566460", "feature_code": "2100", "shape_length": "179.47010629976427", "height_roof": "152.09", "last_status_type": "Constructed", "bin": "1017205", "last_edited_date": "2017-08-22T17:30:44.000Z", "geom_source": "Photogrammetric", "doitt_id": "128234"}}, {"type": "Feature", "geometry": {"type": "MultiPolygon", "coordinates": [[[[-73.98080340075, 40.749664609353], [-73.980902713707, 40.749527613838], [-73.980916749615, 40.749508251678], [-73.980974851005, 40.749532612778], [-73.981001404754, 40.749543745616], [-73.980837287736, 40.74977013361], [-73.980807128773, 40.749757488184], [-73.980848777087, 40.749700039218], [-73.98079427956, 40.749677189706], [-73.98080340075, 40.749664609353]]]]}, "properties": {"name": null, "base_bbl": "1008670025", "shape_area": "342", "construction_year": "1925", "ground_elevation": "78", "mappluto_bbl": "1008670025", "objectid": "779258", "feature_code": "2100", "shape_length": "97.447113540056961", "height_roof": "62.4", "last_status_type": "Constructed", "bin": "1017200", "last_edited_date": "2017-08-22T18:13:44.000Z", "geom_source": "Photogrammetric", "doitt_id": "211946"}}, {"type": "Feature", "geometry": {"type": "MultiPolygon", "coordinates": [[[[-73.978327428016, 40.74944273837], [-73.978383824336, 40.749365379271], [-73.978449808824, 40.749274866441], [-73.978453157738, 40.749270274485], [-73.978460836713, 40.749273512341], [-73.978580090605, 40.749323793632], [-73.978555431636, 40.749357619263], [-73.97848412945, 40.749455423459], [-73.978449262499, 40.749503250032], [-73.978441236605, 40.749499866229], [-73.978322329395, 40.749449730742], [-73.978327428016, 40.74944273837]]]]}, "properties": {"name": null, "base_bbl": "1008940010", "shape_area": "487.1328125", "construction_year": "1865", "ground_elevation": "67", "mappluto_bbl": "1008940010", "objectid": "692032", "feature_code": "2100", "shape_length": "92.590687072350278", "height_roof": "60.99", "last_status_type": "Constructed", "bin": "1019127", "last_edited_date": "2020-01-28T17:23:50.000Z", "geom_source": "Photogrammetric", "doitt_id": "828844"}}, {"type": "Feature", "geometry": {"type": "MultiPolygon", "coordinates": [[[[-73.980864280805, 40.749781451157], [-73.980901297422, 40.749730389593], [-73.980949797094, 40.749750723849], [-73.980997985268, 40.749684251037], [-73.981111652416, 40.749731908309], [-73.98131133693, 40.749815630321], [-73.981239370053, 40.749914903932], [-73.981226131366, 40.749933164941], [-73.98118593698, 40.749916312615], [-73.980864280805, 40.749781451157]]]]}, "properties": {"name": null, "base_bbl": "1008670020", "shape_area": "838.3828125", "construction_year": "1926", "ground_elevation": "78", "mappluto_bbl": "1008670020", "objectid": "661357", "feature_code": "2100", "shape_length": "131.48538222157731", "height_roof": "177.66", "last_status_type": "Constructed", "bin": "1017197", "last_edited_date": "2017-08-22T17:55:07.000Z", "geom_source": "Photogrammetric", "doitt_id": "465080"}}, {"type": "Feature", "geometry": {"type": "MultiPolygon", "coordinates": [[[[-73.979373785267, 40.750213040667], [-73.979392673208, 40.750185530883], [-73.979549397269, 40.749957257988], [-73.979673056391, 40.75000918595], [-73.979629605112, 40.750069028616], [-73.979679398696, 40.750089938158], [-73.979685082072, 40.750102692129], [-73.979654555981, 40.750144734075], [-73.979658898373, 40.750151612008], [-73.979661426405, 40.750155615204], [-73.979653258546, 40.750166864685], [-73.979714175486, 40.750192446201], [-73.979722072481, 40.750195762354], [-73.979726922254, 40.750189082353], [-73.979769654833, 40.750207027047], [-73.979766093913, 40.750211930578], [-73.979854906197, 40.750249225296], [-73.979858225459, 40.750260303903], [-73.979843723546, 40.750280276394], [-73.979881798514, 40.750296266133], [-73.979862493031, 40.750322854705], [-73.979796146824, 40.750414231853], [-73.979795500029, 40.750415119638], [-73.979457486777, 40.750273178816], [-73.979452961555, 40.750279410412], [-73.979442777432, 40.750293438481], [-73.979363544388, 40.750261192498], [-73.979359072262, 40.750248895286], [-73.979381774522, 40.750216633316], [-73.979373785267, 40.750213040667]]]]}, "properties": {"name": null, "base_bbl": "1008680042", "shape_area": "1792.890625", "construction_year": "1956", "ground_elevation": "76", "mappluto_bbl": "1008687502", "objectid": "1041322", "feature_code": "2100", "shape_length": "209.12032345643084", "height_roof": "212", "last_status_type": "Constructed", "bin": "1017361", "last_edited_date": "2017-08-22T17:46:48.000Z", "geom_source": "Other (Manual)", "doitt_id": "657653"}}, {"type": "Feature", "geometry": {"type": "MultiPolygon", "coordinates": [[[[-73.978392812391, 40.749841268779], [-73.978453236702, 40.749758384899], [-73.978472426457, 40.749732061288], [-73.978502104264, 40.749744574861], [-73.978587564139, 40.749627348471], [-73.978596985919, 40.749631321454], [-73.978732868993, 40.749688614313], [-73.978645378852, 40.749808625699], [-73.978624816154, 40.749799955414], [-73.978619039932, 40.749807878797], [-73.978610226335, 40.749819967357], [-73.978617786986, 40.749823155652], [-73.978794850414, 40.749897811528], [-73.978810045159, 40.749904217823], [-73.978827449594, 40.749880343201], [-73.978799625722, 40.749868611692], [-73.978840422811, 40.749812650032], [-73.978908287652, 40.749841264355], [-73.978962274346, 40.749864026416], [-73.979012168175, 40.749885063237], [-73.979016609157, 40.749886935298], [-73.979020885569, 40.74988873889], [-73.978930810845, 40.750012296212], [-73.978891091715, 40.750066778569], [-73.978877162566, 40.750060904716], [-73.978777828211, 40.750019022828], [-73.97866099646, 40.749969763369], [-73.978600929048, 40.749944437197], [-73.978458531518, 40.749884397323], [-73.978409154062, 40.749863578282], [-73.978411246117, 40.749860708761], [-73.9784177521, 40.749851784163], [-73.978392812391, 40.749841268779]]]]}, "properties": {"name": "Grifon Apt. Hotel", "base_bbl": "1008940086", "shape_area": "1792.921875", "construction_year": "1924", "ground_elevation": "69", "mappluto_bbl": "1008947501", "objectid": "1036351", "feature_code": "2100", "shape_length": "248.26351309348723", "height_roof": "161", "last_status_type": "Constructed", "bin": "1019166", "last_edited_date": "2017-08-22T18:09:40.000Z", "geom_source": "Other (Manual)", "doitt_id": "362117"}}, {"type": "Feature", "geometry": {"type": "MultiPolygon", "coordinates": [[[[-73.978302546752, 40.749384168362], [-73.978345113786, 40.749325778541], [-73.978398118423, 40.749253071712], [-73.978449808824, 40.749274866441], [-73.978383824336, 40.749365379271], [-73.978327428016, 40.74944273837], [-73.978275736341, 40.749420943587], [-73.978302546752, 40.749384168362]]]]}, "properties": {"name": null, "base_bbl": "1008940012", "shape_area": "185.5703125", "construction_year": "1865", "ground_elevation": "66", "mappluto_bbl": "1008940012", "objectid": "1024857", "feature_code": "2100", "shape_length": "69.529778946726893", "height_roof": "67.1", "last_status_type": "Constructed", "bin": "1019128", "last_edited_date": "2020-01-28T17:15:14.000Z", "geom_source": "Photogrammetric", "doitt_id": "744751"}}, {"type": "Feature", "geometry": {"type": "MultiPolygon", "coordinates": [[[[-73.979001176012, 40.749224267062], [-73.979014114281, 40.749206413281], [-73.979054323326, 40.7491509278], [-73.979111873686, 40.749071511794], [-73.979265466654, 40.74913588702], [-73.979274569106, 40.749123328396], [-73.979305570455, 40.749136321972], [-73.979377433014, 40.749166441485], [-73.979359769493, 40.749190815027], [-73.97944602172, 40.749226965064], [-73.979477721674, 40.749240251382], [-73.979383381518, 40.749370434234], [-73.979374621401, 40.749382521963], [-73.979364131689, 40.749378125613], [-73.979338573922, 40.749413394763], [-73.979263536972, 40.749381944607], [-73.97928909595, 40.749346676375], [-73.979257500169, 40.749333434149], [-73.979219204319, 40.74938627976], [-73.979116916752, 40.749343407971], [-73.978993059182, 40.74929149648], [-73.979032319426, 40.749237321071], [-73.979001176012, 40.749224267062]]]]}, "properties": {"name": null, "base_bbl": "1008930092", "shape_area": "1538.5546875", "construction_year": "1956", "ground_elevation": "72", "mappluto_bbl": "1008930092", "objectid": "493873", "feature_code": "2100", "shape_length": "180.67547271951608", "height_roof": "125.74", "last_status_type": "Constructed", "bin": "1019119", "last_edited_date": "2009-02-14T00:00:00.000Z", "geom_source": "Photogrammetric", "doitt_id": "37"}}, {"type": "Feature", "geometry": {"type": "MultiPolygon", "coordinates": [[[[-73.980110287737, 40.749543545679], [-73.979908223472, 40.749458743261], [-73.979910612786, 40.749455447825], [-73.979952983098, 40.749397002445], [-73.980203853162, 40.749502188937], [-73.980279589218, 40.749533943871], [-73.980234785973, 40.749595745139], [-73.980110287737, 40.749543545679]]]]}, "properties": {"name": "Scandinavian House Foundation", "base_bbl": "1008670037", "shape_area": "430.41015625", "construction_year": "1999", "ground_elevation": "75", "mappluto_bbl": "1008670037", "objectid": "189822", "feature_code": "2100", "shape_length": "103.82073079102577", "height_roof": "104", "last_status_type": "Constructed", "bin": "1017208", "last_edited_date": "2017-08-22T17:45:32.000Z", "geom_source": "Other (Manual)", "doitt_id": "1106533"}}, {"type": "Feature", "geometry": {"type": "MultiPolygon", "coordinates": [[[[-73.980725562776, 40.749631972817], [-73.980809914765, 40.749515616281], [-73.980838912952, 40.749475616119], [-73.980916749615, 40.749508251678], [-73.980902713707, 40.749527613838], [-73.98080340075, 40.749664609353], [-73.980725562776, 40.749631972817]]]]}, "properties": {"name": null, "base_bbl": "1008670026", "shape_area": "259.58984375", "construction_year": "1925", "ground_elevation": "78", "mappluto_bbl": "1008670026", "objectid": "341914", "feature_code": "2100", "shape_length": "72.2316197860061", "height_roof": "63.6", "last_status_type": "Constructed", "bin": "1017201", "last_edited_date": "2017-08-22T18:18:41.000Z", "geom_source": "Photogrammetric", "doitt_id": "773632"}}, {"type": "Feature", "geometry": {"type": "MultiPolygon", "coordinates": [[[[-73.978035998168, 40.75020161899], [-73.978090965703, 40.750125926606], [-73.978196762456, 40.749980240278], [-73.978277642315, 40.750014210044], [-73.978114916441, 40.750238289112], [-73.978051480638, 40.750211646375], [-73.978034036393, 40.750204320134], [-73.978035998168, 40.75020161899]]]]}, "properties": {"name": null, "base_bbl": "1008950010", "shape_area": "386.88671875", "construction_year": "1915", "ground_elevation": "63", "mappluto_bbl": "1008950010", "objectid": "374560", "feature_code": "2100", "shape_length": "95.751334519988191", "height_roof": "63.2", "last_status_type": "Constructed", "bin": "1019461", "last_edited_date": "2017-08-22T18:54:16.000Z", "geom_source": "Photogrammetric", "doitt_id": "317487"}}, {"type": "Feature", "geometry": {"type": "MultiPolygon", "coordinates": [[[[-73.981683625048, 40.750412241219], [-73.981796874573, 40.750256851624], [-73.981816360474, 40.750230115073], [-73.981925177141, 40.750275981467], [-73.981935490745, 40.750280328927], [-73.981960879904, 40.750291030918], [-73.98197496329, 40.750296966558], [-73.981972022052, 40.750301002166], [-73.981832865427, 40.75049193893], [-73.98167426229, 40.750425087251], [-73.981683625048, 40.750412241219]]]]}, "properties": {"name": null, "base_bbl": "1008670062", "shape_area": "661.2265625", "construction_year": "1923", "ground_elevation": "78", "mappluto_bbl": "1008670062", "objectid": "946146", "feature_code": "2100", "shape_length": "105.86269247120399", "height_roof": "172.07", "last_status_type": "Constructed", "bin": "1017222", "last_edited_date": "2017-08-22T17:52:40.000Z", "geom_source": "Photogrammetric", "doitt_id": "359966"}}, {"type": "Feature", "geometry": {"type": "MultiPolygon", "coordinates": [[[[-73.980272241961, 40.749829655345], [-73.980359215288, 40.749709684959], [-73.980438359428, 40.749600512948], [-73.98047604819, 40.749616315121], [-73.980518717861, 40.749634206398], [-73.980359139493, 40.749854327853], [-73.980352600587, 40.749863348009], [-73.980272241961, 40.749829655345]]]]}, "properties": {"name": null, "base_bbl": "1008670046", "shape_area": "392.7578125", "construction_year": "1925", "ground_elevation": "77", "mappluto_bbl": "1008670046", "objectid": "805239", "feature_code": "2100", "shape_length": "97.277616647398574", "height_roof": "66.03", "last_status_type": "Constructed", "bin": "1017215", "last_edited_date": "2017-08-22T18:30:32.000Z", "geom_source": "Photogrammetric", "doitt_id": "289989"}}, {"type": "Feature", "geometry": {"type": "MultiPolygon", "coordinates": [[[[-73.979853578166, 40.750686024557], [-73.979752746105, 40.750825424129], [-73.979698656409, 40.750900201638], [-73.979617755766, 40.750866358042], [-73.979595416162, 40.750897243246], [-73.979447161367, 40.751102198181], [-73.979224539436, 40.751009066636], [-73.978887729492, 40.750868164455], [-73.978881094561, 40.75086538878], [-73.978881201178, 40.750865241117], [-73.978977827301, 40.75073166061], [-73.979054533858, 40.750763750609], [-73.979197258087, 40.750566441368], [-73.979123866775, 40.750535738844], [-73.979223250919, 40.750398344081], [-73.979507724509, 40.750517350993], [-73.979866900315, 40.750667607934], [-73.979853578166, 40.750686024557]]]]}, "properties": {"name": null, "base_bbl": "1008690034", "shape_area": "5718.83203125", "construction_year": "1963", "ground_elevation": "75", "mappluto_bbl": "1008690034", "objectid": "433272", "feature_code": "2100", "shape_length": "340.19151398882315", "height_roof": "511.98", "last_status_type": "Constructed", "bin": "1017595", "last_edited_date": "2017-08-22T19:13:59.000Z", "geom_source": "Photogrammetric", "doitt_id": "204441"}}, {"type": "Feature", "geometry": {"type": "MultiPolygon", "coordinates": [[[[-73.980519940885, 40.749634718993], [-73.980575851642, 40.749557593773], [-73.980682747331, 40.749410139444], [-73.980700713785, 40.749417672488], [-73.980758497717, 40.749441900369], [-73.980736704042, 40.74947196373], [-73.980650601182, 40.749590735076], [-73.980596091973, 40.749567880965], [-73.980588887397, 40.749577817738], [-73.980595026193, 40.749580391518], [-73.980602764164, 40.749605165748], [-73.980567027914, 40.74965446154], [-73.980519940885, 40.749634718993]]]]}, "properties": {"name": null, "base_bbl": "1008670028", "shape_area": "307.6015625", "construction_year": "1925", "ground_elevation": "76", "mappluto_bbl": "1008670028", "objectid": "693705", "feature_code": "2100", "shape_length": "99.616894097024939", "height_roof": "65.6", "last_status_type": "Constructed", "bin": "1017203", "last_edited_date": "2017-08-22T19:05:43.000Z", "geom_source": "Photogrammetric", "doitt_id": "137022"}}, {"type": "Feature", "geometry": {"type": "MultiPolygon", "coordinates": [[[[-73.982039943005, 40.749271713486], [-73.982296047726, 40.749379447373], [-73.982186513098, 40.749530043758], [-73.982353580011, 40.749600322463], [-73.982289181803, 40.749688862958], [-73.982184243841, 40.749833138486], [-73.981892045572, 40.749710221559], [-73.981761071963, 40.749655125037], [-73.981762684128, 40.749652909147], [-73.981869065488, 40.74950664951], [-73.982039943005, 40.749271713486]]]]}, "properties": {"name": null, "base_bbl": "1008660064", "shape_area": "2928.5625", "construction_year": "1941", "ground_elevation": "76", "mappluto_bbl": "1008660064", "objectid": "654579", "feature_code": "2100", "shape_length": "236.4175152552088", "height_roof": "163.67218328", "last_status_type": "Constructed", "bin": "1017187", "last_edited_date": "2017-08-22T19:28:59.000Z", "geom_source": "Photogrammetric", "doitt_id": "591570"}}, {"type": "Feature", "geometry": {"type": "MultiPolygon", "coordinates": [[[[-73.982054297948, 40.750220579103], [-73.982193023384, 40.750030231829], [-73.982363275229, 40.750101994141], [-73.982224550131, 40.750292341618], [-73.982054297948, 40.750220579103]]]]}, "properties": {"name": null, "base_bbl": "1008670009", "shape_area": "692.953125", "construction_year": "1920", "ground_elevation": "77", "mappluto_bbl": "1008670009", "objectid": "294449", "feature_code": "2100", "shape_length": "107.2777288650079", "height_roof": "154.42", "last_status_type": "Constructed", "bin": "1017192", "last_edited_date": "2017-08-22T17:48:30.000Z", "geom_source": "Photogrammetric", "doitt_id": "772625"}}, {"type": "Feature", "geometry": {"type": "MultiPolygon", "coordinates": [[[[-73.978637699356, 40.749138353168], [-73.978730666494, 40.749010067134], [-73.978738040687, 40.748999890973], [-73.978783169705, 40.749018805424], [-73.978682827256, 40.749157268557], [-73.978637699356, 40.749138353168]]]]}, "properties": {"name": null, "base_bbl": "1008930081", "shape_area": "133.25390625", "construction_year": "1856", "ground_elevation": "68", "mappluto_bbl": "1008930081", "objectid": "1032516", "feature_code": "2100", "shape_length": "57.903546884244861", "height_roof": "43.56", "last_status_type": "Constructed", "bin": "1019117", "last_edited_date": "2020-01-28T17:23:53.000Z", "geom_source": "Photogrammetric", "doitt_id": "460887"}}, {"type": "Feature", "geometry": {"type": "MultiPolygon", "coordinates": [[[[-73.980535897029, 40.749929184515], [-73.980650140142, 40.749771597168], [-73.980712142805, 40.749797592572], [-73.980711719912, 40.74979817603], [-73.980597899794, 40.749955180881], [-73.980535897029, 40.749929184515]]]]}, "properties": {"name": null, "base_bbl": "1008670050", "shape_area": "208.41015625", "construction_year": "1925", "ground_elevation": "76", "mappluto_bbl": "1008670050", "objectid": "993130", "feature_code": "2100", "shape_length": "68.615119291763563", "height_roof": "71.51", "last_status_type": "Constructed", "bin": "1017218", "last_edited_date": "2017-08-22T17:52:04.000Z", "geom_source": "Photogrammetric", "doitt_id": "473060"}}, {"type": "Feature", "geometry": {"type": "MultiPolygon", "coordinates": [[[[-73.978095300774, 40.749373034904], [-73.97815784551, 40.749287242041], [-73.97823339131, 40.749183616173], [-73.978235427665, 40.74918447474], [-73.978285937583, 40.74920577134], [-73.978269705906, 40.749228036899], [-73.978194892211, 40.749330659764], [-73.978147847151, 40.749395191034], [-73.978095300774, 40.749373034904]]]]}, "properties": {"name": null, "base_bbl": "1008940015", "shape_area": "212.86328125", "construction_year": "1864", "ground_elevation": "64", "mappluto_bbl": "1008940015", "objectid": "1046969", "feature_code": "2100", "shape_length": "76.981765912799574", "height_roof": "73.57", "last_status_type": "Constructed", "bin": "1019131", "last_edited_date": "2020-01-28T17:21:14.000Z", "geom_source": "Photogrammetric", "doitt_id": "832328"}}, {"type": "Feature", "geometry": {"type": "MultiPolygon", "coordinates": [[[[-73.980125148305, 40.750880744932], [-73.980127323247, 40.750877738517], [-73.980165624002, 40.750824788158], [-73.980183582642, 40.750799961594], [-73.980209382581, 40.750810754092], [-73.980233748737, 40.750820947502], [-73.980501259548, 40.750932854853], [-73.980442826663, 40.751013639251], [-73.980168983734, 40.750899082287], [-73.980125148305, 40.750880744932]]]]}, "properties": {"name": null, "base_bbl": "1008690024", "shape_area": "546.8203125", "construction_year": "1949", "ground_elevation": "77", "mappluto_bbl": "1008690024", "objectid": "506570", "feature_code": "2100", "shape_length": "107.86707088592956", "height_roof": "61.8", "last_status_type": "Constructed", "bin": "1017591", "last_edited_date": "2017-08-22T18:32:33.000Z", "geom_source": "Photogrammetric", "doitt_id": "404050"}}, {"type": "Feature", "geometry": {"type": "MultiPolygon", "coordinates": [[[[-73.981580515072, 40.751195444428], [-73.981682366101, 40.751054830444], [-73.981731190209, 40.751075283286], [-73.981764591581, 40.751029170962], [-73.981740302078, 40.751018995899], [-73.981811492348, 40.750920710623], [-73.981833983351, 40.750930131664], [-73.981864389996, 40.750888152162], [-73.981818485692, 40.750868922724], [-73.981922655092, 40.750725106687], [-73.982013277236, 40.750763068197], [-73.98203770403, 40.750773300857], [-73.981803682451, 40.751096390913], [-73.981697387084, 40.751243139445], [-73.981696685815, 40.751244108278], [-73.981580515072, 40.751195444428]]]]}, "properties": {"name": null, "base_bbl": "1008680008", "shape_area": "1021.1953125", "construction_year": "1920", "ground_elevation": "78", "mappluto_bbl": "1008680008", "objectid": "432907", "feature_code": "2100", "shape_length": "205.24119371128975", "height_roof": "152.68", "last_status_type": "Constructed", "bin": "1017227", "last_edited_date": "2017-08-22T18:52:41.000Z", "geom_source": "Photogrammetric", "doitt_id": "36651"}}, {"type": "Feature", "geometry": {"type": "MultiPolygon", "coordinates": [[[[-73.980126004236, 40.750170812185], [-73.980153543682, 40.75013288221], [-73.980218331381, 40.750043652293], [-73.980231179445, 40.75002595505], [-73.980303166772, 40.750055251841], [-73.980211833646, 40.750181045003], [-73.980207771676, 40.75018663915], [-73.980197472822, 40.750200823053], [-73.980126004236, 40.750170812185]]]]}, "properties": {"name": null, "base_bbl": "1008680031", "shape_area": "221.53125", "construction_year": "1925", "ground_elevation": "76", "mappluto_bbl": "1008680031", "objectid": "828037", "feature_code": "2100", "shape_length": "66.899557802893355", "height_roof": "61.92", "last_status_type": "Constructed", "bin": "1017235", "last_edited_date": "2017-08-22T18:12:41.000Z", "geom_source": "Photogrammetric", "doitt_id": "450554"}}, {"type": "Feature", "geometry": {"type": "MultiPolygon", "coordinates": [[[[-73.978525260606, 40.749601079012], [-73.978360184184, 40.749827511025], [-73.978339512595, 40.749818795643], [-73.978292265131, 40.749798873856], [-73.978384656696, 40.749672140478], [-73.978408568682, 40.749682222527], [-73.978447343832, 40.749629035085], [-73.978463592132, 40.749606746993], [-73.978477415779, 40.749612575851], [-73.978488200586, 40.749597782548], [-73.978495074951, 40.74958835193], [-73.978525260606, 40.749601079012]]]]}, "properties": {"name": null, "base_bbl": "1008940079", "shape_area": "270.74609375", "construction_year": "1920", "ground_elevation": "66", "mappluto_bbl": "1008940079", "objectid": "88058", "feature_code": "2100", "shape_length": "93.325816346234291", "height_roof": "48.3096068", "last_status_type": "Constructed", "bin": "1019165", "last_edited_date": "2017-08-22T17:51:19.000Z", "geom_source": "Photogrammetric", "doitt_id": "848997"}}, {"type": "Feature", "geometry": {"type": "MultiPolygon", "coordinates": [[[[-73.980359139493, 40.749854327853], [-73.980518717861, 40.749634206398], [-73.980519940885, 40.749634718993], [-73.980567027914, 40.74965446154], [-73.980575850741, 40.749658160506], [-73.98052863115, 40.749723294253], [-73.980416272504, 40.74987828294], [-73.980359139493, 40.749854327853]]]]}, "properties": {"name": null, "base_bbl": "1008670047", "shape_area": "268.25", "construction_year": "1925", "ground_elevation": "76", "mappluto_bbl": "1008670047", "objectid": "379609", "feature_code": "2100", "shape_length": "88.343182637967118", "height_roof": "60.64", "last_status_type": "Constructed", "bin": "1017216", "last_edited_date": "2017-08-22T18:53:59.000Z", "geom_source": "Photogrammetric", "doitt_id": "349107"}}, {"type": "Feature", "geometry": {"type": "MultiPolygon", "coordinates": [[[[-73.98008865994, 40.750931190383], [-73.980125148305, 40.750880744932], [-73.980168983734, 40.750899082287], [-73.980442826663, 40.751013639251], [-73.980406337282, 40.751064083901], [-73.980128460409, 40.750947839507], [-73.98008865994, 40.750931190383]]]]}, "properties": {"name": null, "base_bbl": "1008690022", "shape_area": "341.46484375", "construction_year": "1925", "ground_elevation": "78", "mappluto_bbl": "1008690022", "objectid": "350893", "feature_code": "2100", "shape_length": "97.699988579786918", "height_roof": "34.14", "last_status_type": "Constructed", "bin": "1017590", "last_edited_date": "2017-08-22T18:18:28.000Z", "geom_source": "Photogrammetric", "doitt_id": "140920"}}, {"type": "Feature", "geometry": {"type": "MultiPolygon", "coordinates": [[[[-73.981897058687, 40.74998611673], [-73.981610876071, 40.749865488223], [-73.981596254105, 40.749859324625], [-73.981641211349, 40.74979763902], [-73.982115328793, 40.749997483693], [-73.981966355675, 40.750201891574], [-73.981943272365, 40.750233565063], [-73.98183743463, 40.750188954461], [-73.981782899694, 40.750165967634], [-73.981796206953, 40.750147708374], [-73.981910000657, 40.749991571328], [-73.981897058687, 40.74998611673]]]]}, "properties": {"name": null, "base_bbl": "1008670015", "shape_area": "1223.40234375", "construction_year": "1930", "ground_elevation": "77", "mappluto_bbl": "1008670015", "objectid": "807015", "feature_code": "2100", "shape_length": "200.05032034618466", "height_roof": "185.34", "last_status_type": "Constructed", "bin": "1017194", "last_edited_date": "2018-12-07T18:34:44.000Z", "geom_source": "Photogrammetric", "doitt_id": "251031"}}, {"type": "Feature", "geometry": {"type": "MultiPolygon", "coordinates": [[[[-73.978908287652, 40.749841264355], [-73.978927383666, 40.749815069423], [-73.978807833832, 40.74976466237], [-73.978801074706, 40.749761812825], [-73.97880911826, 40.749750779502], [-73.978838003957, 40.749711157136], [-73.978813334173, 40.749700756257], [-73.978774781509, 40.749684500426], [-73.978821155674, 40.749620888197], [-73.978835395925, 40.749601356133], [-73.978916016325, 40.749635347916], [-73.978888382845, 40.749673254167], [-73.978984682308, 40.74971385759], [-73.978996328753, 40.749718767473], [-73.97902396219, 40.749680861196], [-73.979128807454, 40.749725067179], [-73.979012168175, 40.749885063237], [-73.978962274346, 40.749864026416], [-73.978908287652, 40.749841264355]]]]}, "properties": {"name": null, "base_bbl": "1008940004", "shape_area": "741.76953125", "construction_year": "1924", "ground_elevation": "72", "mappluto_bbl": "1008947503", "objectid": "756908", "feature_code": "2100", "shape_length": "141.20185141131859", "height_roof": "141", "last_status_type": "Constructed", "bin": "1019123", "last_edited_date": "2017-08-22T18:21:20.000Z", "geom_source": "Other (Manual)", "doitt_id": "566256"}}, {"type": "Feature", "geometry": {"type": "MultiPolygon", "coordinates": [[[[-73.982246282804, 40.751325124561], [-73.981958464567, 40.751204045537], [-73.982001650306, 40.751144676528], [-73.982293171902, 40.75126731479], [-73.982304573777, 40.751272110836], [-73.982261388226, 40.751331479058], [-73.982246282804, 40.751325124561]]]]}, "properties": {"name": null, "base_bbl": "1008680074", "shape_area": "384.2109375", "construction_year": "1906", "ground_elevation": "77", "mappluto_bbl": "1008680074", "objectid": "589198", "feature_code": "2100", "shape_length": "97.065511404112044", "height_roof": "101.55", "last_status_type": "Constructed", "bin": "1017245", "last_edited_date": "2017-08-22T17:42:37.000Z", "geom_source": "Photogrammetric", "doitt_id": "206110"}}, {"type": "Feature", "geometry": {"type": "MultiPolygon", "coordinates": [[[[-73.980207771676, 40.75018663915], [-73.980211833646, 40.750181045003], [-73.980303166772, 40.750055251841], [-73.980393595599, 40.750092052944], [-73.980303292003, 40.750216427155], [-73.980263404412, 40.75027136381], [-73.980237767431, 40.750306673663], [-73.980171007331, 40.750278640241], [-73.980230244149, 40.75019705286], [-73.980230787877, 40.750196304632], [-73.980219734417, 40.750191662427], [-73.980207771676, 40.75018663915]]]]}, "properties": {"name": null, "base_bbl": "1008680030", "shape_area": "369.9609375", "construction_year": "1925", "ground_elevation": "74", "mappluto_bbl": "1008680030", "objectid": "837242", "feature_code": "2100", "shape_length": "94.689274431592438", "height_roof": "67.12", "last_status_type": "Constructed", "bin": "1017234", "last_edited_date": "2017-08-22T19:09:33.000Z", "geom_source": "Photogrammetric", "doitt_id": "611531"}}, {"type": "Feature", "geometry": {"type": "MultiPolygon", "coordinates": [[[[-73.982530210354, 40.749674007189], [-73.982460278186, 40.749770157118], [-73.982359359594, 40.74990890791], [-73.982196813479, 40.749840530884], [-73.982301192326, 40.749697021589], [-73.982367664637, 40.749605630402], [-73.982530210354, 40.749674007189]]]]}, "properties": {"name": null, "base_bbl": "1008660067", "shape_area": "815.66796875", "construction_year": "1910", "ground_elevation": "76", "mappluto_bbl": "1008660067", "objectid": "703479", "feature_code": "2100", "shape_length": "120.21404175021445", "height_roof": "63.33", "last_status_type": "Constructed", "bin": "1017188", "last_edited_date": "2017-08-22T18:44:45.000Z", "geom_source": "Photogrammetric", "doitt_id": "13253"}}, {"type": "Feature", "geometry": {"type": "MultiPolygon", "coordinates": [[[[-73.987961959961, 40.755503554507], [-73.988086069084, 40.755331827511], [-73.98810424986, 40.755306670167], [-73.988110984881, 40.755297350631], [-73.988191619327, 40.755331048633], [-73.988193723494, 40.755331927742], [-73.988044697568, 40.755538131725], [-73.987961959961, 40.755503554507]]]]}, "properties": {"name": null, "base_bbl": "1010120037", "shape_area": "363.40234375", "construction_year": "1900", "ground_elevation": "54", "mappluto_bbl": "1010120037", "objectid": "113558", "feature_code": "2100", "shape_length": "90.13146480364874", "height_roof": "64.82", "last_status_type": "Constructed", "bin": "1024650", "last_edited_date": "2017-08-22T18:05:25.000Z", "geom_source": "Photogrammetric", "doitt_id": "83628"}}, {"type": "Feature", "geometry": {"type": "MultiPolygon", "coordinates": [[[[-73.986613566134, 40.755727325415], [-73.986785567859, 40.755199869704], [-73.986958622946, 40.755272417033], [-73.987218253054, 40.755381257805], [-73.986942654109, 40.755761416692], [-73.986884904759, 40.755841074244], [-73.986777711978, 40.755796137579], [-73.986758797013, 40.755788208258], [-73.986613566134, 40.755727325415]]]]}, "properties": {"name": null, "base_bbl": "1009940001", "shape_area": "3452.62890625", "construction_year": "2002", "ground_elevation": "54", "mappluto_bbl": "1009940001", "objectid": "737982", "feature_code": "2100", "shape_length": "246.50670599353037", "height_roof": "687.61", "last_status_type": "Constructed", "bin": "1086069", "last_edited_date": "2017-08-22T19:11:39.000Z", "geom_source": "Photogrammetric", "doitt_id": "303329"}}, {"type": "Feature", "geometry": {"type": "MultiPolygon", "coordinates": [[[[-73.987691901044, 40.756139536728], [-73.987671203771, 40.75613084734], [-73.987617134406, 40.756108147006], [-73.98758769322, 40.756148695395], [-73.987420307124, 40.756078420714], [-73.987439473854, 40.756052022689], [-73.987220637506, 40.755989049697], [-73.98730025282, 40.755879395855], [-73.987556983268, 40.755525800794], [-73.987557652515, 40.755524878749], [-73.987560644762, 40.755526135277], [-73.987932382923, 40.755682207187], [-73.987796598384, 40.755869224256], [-73.98776315377, 40.755915288764], [-73.987790602836, 40.755926812741], [-73.987808912876, 40.755934499593], [-73.987853435787, 40.755953192483], [-73.987712009813, 40.756147979311], [-73.987691901044, 40.756139536728]]]]}, "properties": {"name": null, "base_bbl": "1010130029", "shape_area": "4051.95703125", "construction_year": "2000", "ground_elevation": "52", "mappluto_bbl": "1010130029", "objectid": "87054", "feature_code": "2100", "shape_length": "279.46033963427232", "height_roof": "540.58", "last_status_type": "Constructed", "bin": "1024656", "last_edited_date": "2017-08-22T17:51:19.000Z", "geom_source": "Photogrammetric", "doitt_id": "989520"}}, {"type": "Feature", "geometry": {"type": "MultiPolygon", "coordinates": [[[[-73.985204155588, 40.756092729413], [-73.98530893998, 40.755951049201], [-73.985538519276, 40.755640629909], [-73.985545028394, 40.755631828285], [-73.985846156267, 40.755760608229], [-73.985860200261, 40.755741619195], [-73.985934089302, 40.755773217969], [-73.986024806872, 40.755812014676], [-73.986093333265, 40.755841320011], [-73.986102404416, 40.755846467494], [-73.986110984023, 40.755852086781], [-73.986119030645, 40.755858149053], [-73.986126504026, 40.755864625487], [-73.986133369829, 40.755871482762], [-73.986139592534, 40.755878689355], [-73.986145141361, 40.755886208342], [-73.986149990264, 40.755894003699], [-73.986154115566, 40.755902036703], [-73.986157495959, 40.755910268629], [-73.986160116058, 40.755918658953], [-73.986161961659, 40.755927166249], [-73.986163025666, 40.755935749093], [-73.986163300981, 40.755944365162], [-73.986162787615, 40.755952973031], [-73.986161487942, 40.755961529477], [-73.986159406709, 40.755969993077], [-73.986133220262, 40.756055261484], [-73.986049833911, 40.756326777194], [-73.98604782766, 40.756333320924], [-73.986041642224, 40.756345900234], [-73.986032717895, 40.756357497661], [-73.986021315271, 40.756367773746], [-73.986007768365, 40.756376426858], [-73.986000312945, 40.756380063093], [-73.985992475127, 40.756383204004], [-73.985984311757, 40.756385824382], [-73.985975883234, 40.756387907126], [-73.985967249959, 40.756389434232], [-73.985958477064, 40.756390396704], [-73.985949628499, 40.756390787345], [-73.985940769398, 40.756390602561], [-73.985931963708, 40.756389843261], [-73.98592327656, 40.756388515756], [-73.985914770716, 40.756386629958], [-73.985906511305, 40.756384199385], [-73.985549258789, 40.75623594456], [-73.985204155588, 40.756092729413]]]]}, "properties": {"name": "Conde-Nast", "base_bbl": "1009950005", "shape_area": "7155.140625", "construction_year": "1998", "ground_elevation": "56", "mappluto_bbl": "1009950005", "objectid": "1071063", "feature_code": "2100", "shape_length": "334.34738141205338", "height_roof": "737", "last_status_type": "Constructed", "bin": "1085682", "last_edited_date": "2017-08-22T18:51:07.000Z", "geom_source": "Other (Manual)", "doitt_id": "895105"}}, {"type": "Feature", "geometry": {"type": "MultiPolygon", "coordinates": [[[[-73.98782789612, 40.756263177052], [-73.987990752101, 40.756038873755], [-73.988051619591, 40.756064429221], [-73.988016968043, 40.756112154208], [-73.987888763752, 40.756288731703], [-73.987873338137, 40.756282255447], [-73.98782789612, 40.756263177052]]]]}, "properties": {"name": null, "base_bbl": "1010130041", "shape_area": "291.43359375", "construction_year": "1914", "ground_elevation": "53", "mappluto_bbl": "1010130041", "objectid": "889880", "feature_code": "2100", "shape_length": "90.7326307634564", "height_roof": "70.24", "last_status_type": "Constructed", "bin": "1024662", "last_edited_date": "2017-08-22T17:28:11.000Z", "geom_source": "Photogrammetric", "doitt_id": "591122"}}, {"type": "Feature", "geometry": {"type": "MultiPolygon", "coordinates": [[[[-73.987741772342, 40.756227018935], [-73.987904628525, 40.75600271666], [-73.987990752101, 40.756038873755], [-73.98782789612, 40.756263177052], [-73.987741772342, 40.756227018935]]]]}, "properties": {"name": null, "base_bbl": "1010130040", "shape_area": "412.359375", "construction_year": "1920", "ground_elevation": "53", "mappluto_bbl": "1010130040", "objectid": "27245", "feature_code": "2100", "shape_length": "97.161362813319442", "height_roof": "41.67", "last_status_type": "Constructed", "bin": "1024661", "last_edited_date": "2017-08-22T18:16:32.000Z", "geom_source": "Photogrammetric", "doitt_id": "376789"}}, {"type": "Feature", "geometry": {"type": "MultiPolygon", "coordinates": [[[[-73.986301266712, 40.756541216779], [-73.986377231665, 40.756439319201], [-73.986413057079, 40.756454762595], [-73.986435157499, 40.756463897224], [-73.986468820742, 40.756478409223], [-73.986384678957, 40.756591277651], [-73.986295440327, 40.756552809191], [-73.986293310101, 40.756551891323], [-73.986301266712, 40.756541216779]]]]}, "properties": {"name": null, "base_bbl": "1009959999", "shape_area": "222.625", "construction_year": "1908", "ground_elevation": "53", "mappluto_bbl": "1009959999", "objectid": "1078172", "feature_code": "2100", "shape_length": "61.453548993459464", "height_roof": "11", "last_status_type": "Constructed", "bin": "1088995", "last_edited_date": "2021-05-20T19:43:02.000Z", "geom_source": "Other (Manual)", "doitt_id": "1116320"}}, {"type": "Feature", "geometry": {"type": "MultiPolygon", "coordinates": [[[[-73.986392956953, 40.756398556084], [-73.986522368165, 40.756013306291], [-73.986718944677, 40.756098045061], [-73.98661613316, 40.756235958166], [-73.986607769767, 40.756232352471], [-73.986518114497, 40.756352618911], [-73.986461758779, 40.756428214227], [-73.986423694206, 40.756411806143], [-73.986392956953, 40.756398556084]]]]}, "properties": {"name": null, "base_bbl": "1009950001", "shape_area": "952.11328125", "construction_year": "1908", "ground_elevation": "54", "mappluto_bbl": "1009950001", "objectid": "62697", "feature_code": "2100", "shape_length": "149.81219047329307", "height_roof": "337", "last_status_type": "Constructed", "bin": "1022581", "last_edited_date": "2017-08-22T18:35:44.000Z", "geom_source": "Other (Manual)", "doitt_id": "847289"}}, {"type": "Feature", "geometry": {"type": "MultiPolygon", "coordinates": [[[[-73.985403938188, 40.756650045225], [-73.985352742977, 40.756628735474], [-73.985223824974, 40.75657507231], [-73.985279158126, 40.756498321222], [-73.985328825708, 40.756518995054], [-73.985375367944, 40.756454341088], [-73.985325754865, 40.756433688894], [-73.98536753383, 40.756375738585], [-73.985381366159, 40.756356551473], [-73.985386873454, 40.756358843958], [-73.985571817447, 40.756435827153], [-73.9855154138, 40.756514179347], [-73.985467563777, 40.756494262248], [-73.985425457862, 40.756552752854], [-73.98543424, 40.75656381217], [-73.985469208079, 40.756578367851], [-73.985432621083, 40.756629193153], [-73.985414457869, 40.756654423913], [-73.985403938188, 40.756650045225]]]]}, "properties": {"name": "Casablanca Hotel", "base_bbl": "1009960009", "shape_area": "752.8203125", "construction_year": "1910", "ground_elevation": "55", "mappluto_bbl": "1009960009", "objectid": "454996", "feature_code": "2100", "shape_length": "145.65842567871579", "height_roof": "80.14", "last_status_type": "Constructed", "bin": "1022611", "last_edited_date": "2017-08-22T19:13:44.000Z", "geom_source": "Photogrammetric", "doitt_id": "380278"}}, {"type": "Feature", "geometry": {"type": "MultiPolygon", "coordinates": [[[[-73.987365044181, 40.756686510603], [-73.987257110925, 40.756640713426], [-73.987409853469, 40.756432557705], [-73.987432629496, 40.756401518873], [-73.987606332409, 40.756475221536], [-73.987650889928, 40.756494127026], [-73.987594472371, 40.756571013312], [-73.987475371897, 40.756733321908], [-73.987365044181, 40.756686510603]]]]}, "properties": {"name": "New Victory Theatre", "base_bbl": "1010140025", "shape_area": "1119.98828125", "construction_year": "1903", "ground_elevation": "52", "mappluto_bbl": "1010140025", "objectid": "203590", "feature_code": "2100", "shape_length": "136.13106865519197", "height_roof": "69.33", "last_status_type": "Constructed", "bin": "1024685", "last_edited_date": "2017-08-22T17:36:53.000Z", "geom_source": "Photogrammetric", "doitt_id": "773147"}}, {"type": "Feature", "geometry": {"type": "MultiPolygon", "coordinates": [[[[-73.978967112412, 40.75428311143], [-73.979057237777, 40.754159763081], [-73.979125025574, 40.754066986383], [-73.979204012817, 40.754100359899], [-73.979046101015, 40.754316485955], [-73.978967112412, 40.75428311143]]]]}, "properties": {"name": null, "base_bbl": "1012780062", "shape_area": "365.4765625", "construction_year": "1939", "ground_elevation": "61", "mappluto_bbl": "1012780062", "objectid": "575623", "feature_code": "2100", "shape_length": "92.737457311731816", "height_roof": "65.36", "last_status_type": "Constructed", "bin": "1035361", "last_edited_date": "2017-08-22T18:47:13.000Z", "geom_source": "Photogrammetric", "doitt_id": "164239"}}, {"type": "Feature", "geometry": {"type": "MultiPolygon", "coordinates": [[[[-73.978257015481, 40.754436309591], [-73.97837317565, 40.754275780311], [-73.978399805605, 40.754238978941], [-73.97840105001, 40.754239499666], [-73.978702220242, 40.754365522064], [-73.978694043399, 40.754376820996], [-73.978781823471, 40.754413551711], [-73.978846030848, 40.754440418396], [-73.978812942044, 40.754486146293], [-73.978679816313, 40.754670122038], [-73.978527829683, 40.754606524422], [-73.978559429558, 40.754562853085], [-73.978257015481, 40.754436309591]]]]}, "properties": {"name": null, "base_bbl": "1012790017", "shape_area": "2015.8515625", "construction_year": "1915", "ground_elevation": "59", "mappluto_bbl": "1012790017", "objectid": "711110", "feature_code": "2100", "shape_length": "196.35173907758491", "height_roof": "177.4", "last_status_type": "Constructed", "bin": "1035370", "last_edited_date": "2017-08-22T19:28:31.000Z", "geom_source": "Photogrammetric", "doitt_id": "730866"}}, {"type": "Feature", "geometry": {"type": "MultiPolygon", "coordinates": [[[[-73.979126128213, 40.751779879272], [-73.979283465109, 40.751564553475], [-73.979302055924, 40.751572410129], [-73.979290150322, 40.751588703546], [-73.979330115504, 40.751605591608], [-73.979551202478, 40.751699016233], [-73.979583412709, 40.75171262769], [-73.979568494628, 40.751733044018], [-73.979565289011, 40.751737431615], [-73.979520135487, 40.75179922712], [-73.979601051316, 40.751833420179], [-73.979783745077, 40.75191062124], [-73.979702556253, 40.752021734796], [-73.97970159196, 40.752023053868], [-73.979618580191, 40.751987975312], [-73.979355168296, 40.751876665499], [-73.979126128213, 40.751779879272]]]]}, "properties": {"name": "Lefcourt Colonial Building", "base_bbl": "1012750050", "shape_area": "1969.859375", "construction_year": "1929", "ground_elevation": "74", "mappluto_bbl": "1012750050", "objectid": "470433", "feature_code": "2100", "shape_length": "219.0369364462494", "height_roof": "538.44", "last_status_type": "Constructed", "bin": "1035321", "last_edited_date": "2017-08-22T17:59:33.000Z", "geom_source": "Photogrammetric", "doitt_id": "606190"}}, {"type": "Feature", "geometry": {"type": "MultiPolygon", "coordinates": [[[[-73.978106309329, 40.750540429793], [-73.978153687022, 40.750475189016], [-73.978202115404, 40.750408501303], [-73.978250643199, 40.750341675812], [-73.978276454202, 40.750306134103], [-73.97818315912, 40.750266950759], [-73.978114916441, 40.750238289112], [-73.978277642315, 40.750014210044], [-73.978285909897, 40.750002825602], [-73.978304218396, 40.750010514872], [-73.978450004584, 40.750071744237], [-73.978592711592, 40.750131679719], [-73.978741498439, 40.750194169079], [-73.978775168799, 40.750208309632], [-73.978434032472, 40.750678070932], [-73.978415962934, 40.750670481685], [-73.978306412748, 40.750624472261], [-73.978178247429, 40.750570642815], [-73.978106309329, 40.750540429793]]]]}, "properties": {"name": "National Distillers Building", "base_bbl": "1008950001", "shape_area": "4098.328125", "construction_year": "1953", "ground_elevation": "67", "mappluto_bbl": "1008950001", "objectid": "386605", "feature_code": "2100", "shape_length": "282.11852383341284", "height_roof": "319.06", "last_status_type": "Constructed", "bin": "1019460", "last_edited_date": "2017-08-22T18:17:38.000Z", "geom_source": "Photogrammetric", "doitt_id": "608288"}}, {"type": "Feature", "geometry": {"type": "MultiPolygon", "coordinates": [[[[-73.978776543301, 40.754710596011], [-73.978679816313, 40.754670122038], [-73.978812942044, 40.754486146293], [-73.978846030848, 40.754440418396], [-73.979107246521, 40.754549720805], [-73.978999316605, 40.754698877133], [-73.978940209726, 40.754674144764], [-73.97893040036, 40.754687701883], [-73.978881925685, 40.754754692422], [-73.978776543301, 40.754710596011]]]]}, "properties": {"name": null, "base_bbl": "1012790009", "shape_area": "1177.29296875", "construction_year": "1927", "ground_elevation": "59", "mappluto_bbl": "1012790009", "objectid": "894890", "feature_code": "2100", "shape_length": "143.42841996372994", "height_roof": "212.64004477", "last_status_type": "Constructed", "bin": "1035369", "last_edited_date": "2017-08-22T18:08:14.000Z", "geom_source": "Photogrammetric", "doitt_id": "71870"}}, {"type": "Feature", "geometry": {"type": "MultiPolygon", "coordinates": [[[[-73.978607272464, 40.754944521447], [-73.978776543301, 40.754710596011], [-73.978881925685, 40.754754692422], [-73.978917394573, 40.754769534747], [-73.978748125265, 40.755003459488], [-73.978607272464, 40.754944521447]]]]}, "properties": {"name": null, "base_bbl": "1012790063", "shape_area": "702.2109375", "construction_year": "1930", "ground_elevation": "59", "mappluto_bbl": "1012790063", "objectid": "531346", "feature_code": "2100", "shape_length": "114.22944870162615", "height_roof": "54.28", "last_status_type": "Constructed", "bin": "1035378", "last_edited_date": "2017-08-22T18:12:27.000Z", "geom_source": "Photogrammetric", "doitt_id": "25008"}}, {"type": "Feature", "geometry": {"type": "MultiPolygon", "coordinates": [[[[-73.979492672334, 40.751320445725], [-73.979462538943, 40.751361685332], [-73.979374416594, 40.751482286962], [-73.979338028182, 40.751532087427], [-73.979314463488, 40.751522129906], [-73.979184873776, 40.751467368407], [-73.97912611786, 40.751442539831], [-73.979072823655, 40.751420018413], [-73.978980241523, 40.751546723461], [-73.978884488919, 40.751677767388], [-73.97883111765, 40.751655213427], [-73.978540134876, 40.751532249531], [-73.978429228818, 40.751485382695], [-73.978470884857, 40.751428374951], [-73.978539693043, 40.75133420747], [-73.978663518382, 40.751164744433], [-73.978754356794, 40.751040426554], [-73.978772210506, 40.751015992812], [-73.979231460739, 40.75121006353], [-73.979492672334, 40.751320445725]]]]}, "properties": {"name": null, "base_bbl": "1012750027", "shape_area": "5776.625", "construction_year": "1950", "ground_elevation": "71", "mappluto_bbl": "1012750027", "objectid": "18314", "feature_code": "2100", "shape_length": "341.34671497940212", "height_roof": "476.29", "last_status_type": "Constructed", "bin": "1035319", "last_edited_date": "2017-08-22T18:17:37.000Z", "geom_source": "Photogrammetric", "doitt_id": "100691"}}, {"type": "Feature", "geometry": {"type": "MultiPolygon", "coordinates": [[[[-73.978291861551, 40.755634756633], [-73.978417026149, 40.755462898873], [-73.978430558552, 40.755468598004], [-73.97847899378, 40.755402093027], [-73.97857131107, 40.755440972449], [-73.978544254303, 40.75547812407], [-73.978565143174, 40.755486921394], [-73.978418601595, 40.755688131789], [-73.978291861551, 40.755634756633]]]]}, "properties": {"name": null, "base_bbl": "1012810065", "shape_area": "609.9609375", "construction_year": "1948", "ground_elevation": "58", "mappluto_bbl": "1012810065", "objectid": "304254", "feature_code": "2100", "shape_length": "112.29658952519981", "height_roof": "81.8", "last_status_type": "Constructed", "bin": "1035399", "last_edited_date": "2017-08-22T18:36:46.000Z", "geom_source": "Photogrammetric", "doitt_id": "802070"}}, {"type": "Feature", "geometry": {"type": "MultiPolygon", "coordinates": [[[[-73.97937421075, 40.75584970262], [-73.979413773041, 40.755795295756], [-73.979729357295, 40.755927989857], [-73.979689795183, 40.755982396829], [-73.97937421075, 40.75584970262]]]]}, "properties": {"name": null, "base_bbl": "1012610038", "shape_area": "366.765625", "construction_year": "1909", "ground_elevation": "62", "mappluto_bbl": "1012610038", "objectid": "34551", "feature_code": "2100", "shape_length": "98.616176835553887", "height_roof": "73.31", "last_status_type": "Constructed", "bin": "1034251", "last_edited_date": "2017-08-22T19:12:50.000Z", "geom_source": "Photogrammetric", "doitt_id": "55694"}}, {"type": "Feature", "geometry": {"type": "MultiPolygon", "coordinates": [[[[-73.979284094235, 40.754038799552], [-73.979421476575, 40.753850770677], [-73.979489493763, 40.753879508937], [-73.979598719691, 40.753925659435], [-73.979552966453, 40.753988279691], [-73.979444217906, 40.754137120225], [-73.979266974402, 40.754062231231], [-73.979284094235, 40.754038799552]]]]}, "properties": {"name": null, "base_bbl": "1012780008", "shape_area": "802.40625", "construction_year": "1909", "ground_elevation": "63", "mappluto_bbl": "1012780008", "objectid": "475777", "feature_code": "2100", "shape_length": "116.21821035592788", "height_roof": "106.86221712", "last_status_type": "Constructed", "bin": "1035356", "last_edited_date": "2017-08-22T19:34:26.000Z", "geom_source": "Photogrammetric", "doitt_id": "574630"}}, {"type": "Feature", "geometry": {"type": "MultiPolygon", "coordinates": [[[[-73.978212845677, 40.755601478847], [-73.97834340568, 40.755422212827], [-73.97842242259, 40.755455490524], [-73.978417026149, 40.755462898873], [-73.978291861551, 40.755634756633], [-73.978212845677, 40.755601478847]]]]}, "properties": {"name": "Columbian Consulate", "base_bbl": "1012810064", "shape_area": "302.80078125", "construction_year": "1920", "ground_elevation": "58", "mappluto_bbl": "1012810064", "objectid": "278747", "feature_code": "2100", "shape_length": "80.303096394679784", "height_roof": "73.69", "last_status_type": "Constructed", "bin": "1035398", "last_edited_date": "2017-08-22T19:37:54.000Z", "geom_source": "Photogrammetric", "doitt_id": "446455"}}, {"type": "Feature", "geometry": {"type": "MultiPolygon", "coordinates": [[[[-73.979421476575, 40.753850770677], [-73.979284094235, 40.754038799552], [-73.979271459544, 40.754033460883], [-73.979257272603, 40.754027466365], [-73.979204012817, 40.754100359899], [-73.979125025574, 40.754066986383], [-73.979057237777, 40.754159763081], [-73.978967112412, 40.75428311143], [-73.978820565981, 40.754221191931], [-73.978511740723, 40.754090705506], [-73.978643193587, 40.753910796314], [-73.97886029735, 40.753613659575], [-73.979334579097, 40.753814055013], [-73.979421476575, 40.753850770677]]]]}, "properties": {"name": null, "base_bbl": "1012780014", "shape_area": "5199.921875", "construction_year": "1922", "ground_elevation": "61", "mappluto_bbl": "1012780014", "objectid": "1065246", "feature_code": "2100", "shape_length": "303.31118355558664", "height_roof": "268", "last_status_type": "Constructed", "bin": "1035357", "last_edited_date": "2017-08-22T18:13:26.000Z", "geom_source": "Other (Manual)", "doitt_id": "36622"}}, {"type": "Feature", "geometry": {"type": "MultiPolygon", "coordinates": [[[[-73.979840929855, 40.753200966075], [-73.979764160529, 40.75330656483], [-73.979572490259, 40.753570214388], [-73.979520748634, 40.753641385675], [-73.979494759312, 40.753677134731], [-73.979458875309, 40.75366204847], [-73.978976772387, 40.753459363926], [-73.979119924058, 40.753262456561], [-73.979322944317, 40.752983196812], [-73.979332856796, 40.752987364331], [-73.979721618299, 40.753150805875], [-73.979840929855, 40.753200966075]]]]}, "properties": {"name": "Sperry & Hutchinson Building", "base_bbl": "1012770014", "shape_area": "5268.0078125", "construction_year": "1965", "ground_elevation": "63", "mappluto_bbl": "1012770014", "objectid": "51000", "feature_code": "2100", "shape_length": "291.65968141776779", "height_roof": "494.16", "last_status_type": "Constructed", "bin": "1035348", "last_edited_date": "2019-02-06T21:10:00.000Z", "geom_source": "Photogrammetric", "doitt_id": "845432"}}, {"type": "Feature", "geometry": {"type": "MultiPolygon", "coordinates": [[[[-73.97834340568, 40.755422212827], [-73.978212845677, 40.755601478847], [-73.978182964024, 40.755588894032], [-73.978058281034, 40.755536384393], [-73.978200324938, 40.755341352869], [-73.978215703945, 40.755320236223], [-73.978319648222, 40.755364012292], [-73.978370267056, 40.755385330468], [-73.97834340568, 40.755422212827]]]]}, "properties": {"name": null, "base_bbl": "1012810062", "shape_area": "714.16015625", "construction_year": "1915", "ground_elevation": "59", "mappluto_bbl": "1012810062", "objectid": "609260", "feature_code": "2100", "shape_length": "111.92797120805818", "height_roof": "97.56", "last_status_type": "Constructed", "bin": "1035397", "last_edited_date": "2017-08-22T17:30:13.000Z", "geom_source": "Photogrammetric", "doitt_id": "845638"}}, {"type": "Feature", "geometry": {"type": "MultiPolygon", "coordinates": [[[[-73.979447161367, 40.751102198181], [-73.979595416162, 40.750897243246], [-73.979837338178, 40.75099844779], [-73.979814203753, 40.751030428813], [-73.979788627802, 40.751065787201], [-73.979722280304, 40.751038031851], [-73.979678307094, 40.751098823568], [-73.979744654634, 40.751126578943], [-73.979686354525, 40.751207175673], [-73.97944443198, 40.751105970814], [-73.979447161367, 40.751102198181]]]]}, "properties": {"name": null, "base_bbl": "1008690049", "shape_area": "990.0234375", "construction_year": "1927", "ground_elevation": "76", "mappluto_bbl": "1008690049", "objectid": "730261", "feature_code": "2100", "shape_length": "148.35208564248313", "height_roof": "132.3", "last_status_type": "Constructed", "bin": "1017596", "last_edited_date": "2017-08-22T17:32:25.000Z", "geom_source": "Photogrammetric", "doitt_id": "729064"}}, {"type": "Feature", "geometry": {"type": "MultiPolygon", "coordinates": [[[[-73.979239364207, 40.752097330772], [-73.979261726789, 40.752066726604], [-73.979276598837, 40.752046372444], [-73.979283185467, 40.752037358664], [-73.979450353779, 40.752107999073], [-73.979584834835, 40.752164826895], [-73.979541013762, 40.752224799116], [-73.979493332089, 40.752204649924], [-73.979304909727, 40.752125028619], [-73.979239364207, 40.752097330772]]]]}, "properties": {"name": null, "base_bbl": "1012760023", "shape_area": "387.3046875", "construction_year": "1913", "ground_elevation": "73", "mappluto_bbl": "1012760023", "objectid": "346394", "feature_code": "2100", "shape_length": "97.046691859538512", "height_roof": "185.93", "last_status_type": "Constructed", "bin": "1035332", "last_edited_date": "2017-08-22T19:36:44.000Z", "geom_source": "Photogrammetric", "doitt_id": "621948"}}, {"type": "Feature", "geometry": {"type": "MultiPolygon", "coordinates": [[[[-73.978937783266, 40.751700288893], [-73.979018129507, 40.751590330165], [-73.97912611786, 40.751442539831], [-73.979184873776, 40.751467368407], [-73.979314463488, 40.751522129906], [-73.979292970635, 40.751551545574], [-73.979283465109, 40.751564553475], [-73.979126128213, 40.751779879272], [-73.979107027066, 40.751771807276], [-73.978937783266, 40.751700288893]]]]}, "properties": {"name": "Chemist Club", "base_bbl": "1012750044", "shape_area": "1039.3203125", "construction_year": "1910", "ground_elevation": "71", "mappluto_bbl": "1012750044", "objectid": "553490", "feature_code": "2100", "shape_length": "134.59772143525063", "height_roof": "208.05", "last_status_type": "Constructed", "bin": "1035320", "last_edited_date": "2017-08-22T18:48:08.000Z", "geom_source": "Photogrammetric", "doitt_id": "439062"}}, {"type": "Feature", "geometry": {"type": "MultiPolygon", "coordinates": [[[[-73.978423995642, 40.755311556726], [-73.97856361643, 40.755119848961], [-73.978644468348, 40.755153900383], [-73.978524056845, 40.755319235121], [-73.97847266109, 40.755389804447], [-73.978391807789, 40.755355753806], [-73.978423995642, 40.755311556726]]]]}, "properties": {"name": null, "base_bbl": "1012810009", "shape_area": "407.7265625", "construction_year": "1922", "ground_elevation": "58", "mappluto_bbl": "1012810009", "objectid": "495520", "feature_code": "2100", "shape_length": "99.782292663084888", "height_roof": "119.59", "last_status_type": "Constructed", "bin": "1035390", "last_edited_date": "2017-08-22T19:12:49.000Z", "geom_source": "Photogrammetric", "doitt_id": "214570"}}, {"type": "Feature", "geometry": {"type": "MultiPolygon", "coordinates": [[[[-73.979066084266, 40.75287637611], [-73.97871342128, 40.753357974013], [-73.978033346173, 40.753069976267], [-73.978386013735, 40.752588379527], [-73.979066084266, 40.75287637611]]]]}, "properties": {"name": null, "base_bbl": "1012770027", "shape_area": "7019.2109375", "construction_year": "2021", "ground_elevation": "60", "mappluto_bbl": "1012770027", "objectid": "114475", "feature_code": "2100", "shape_length": "335.32456066150746", "height_roof": "1401", "last_status_type": "Constructed", "bin": "1090825", "last_edited_date": "2023-07-18T16:12:13.000Z", "geom_source": "Other (Manual)", "doitt_id": "1284912"}}, {"type": "Feature", "geometry": {"type": "MultiPolygon", "coordinates": [[[[-73.978257015481, 40.754436309591], [-73.978559429558, 40.754562853085], [-73.978527829683, 40.754606524422], [-73.978679816313, 40.754670122038], [-73.978776543301, 40.754710596011], [-73.978607272464, 40.754944521447], [-73.978481394364, 40.754891849047], [-73.978056143281, 40.754713904579], [-73.978247587491, 40.754449338127], [-73.978257015481, 40.754436309591]]]]}, "properties": {"name": null, "base_bbl": "1012790057", "shape_area": "3029.08984375", "construction_year": "1922", "ground_elevation": "58", "mappluto_bbl": "1012790057", "objectid": "288465", "feature_code": "2100", "shape_length": "233.21956604154943", "height_roof": "294.11264521", "last_status_type": "Constructed", "bin": "1035377", "last_edited_date": "2017-08-22T18:03:05.000Z", "geom_source": "Photogrammetric", "doitt_id": "637734"}}, {"type": "Feature", "geometry": {"type": "MultiPolygon", "coordinates": [[[[-73.978705188478, 40.75549335266], [-73.978623166283, 40.755458809389], [-73.978677695519, 40.755383938863], [-73.978524056845, 40.755319235121], [-73.978644468348, 40.755153900383], [-73.979138448903, 40.755361934717], [-73.979268914116, 40.755416878295], [-73.979274355993, 40.75541917016], [-73.979272898803, 40.755421170821], [-73.979211383967, 40.755505637055], [-73.979139718347, 40.755604039441], [-73.979120710816, 40.755596035007], [-73.978974013285, 40.755534255266], [-73.978933711551, 40.755589592969], [-73.978705188478, 40.75549335266]]]]}, "properties": {"name": "Fred F. French Building", "base_bbl": "1012810001", "shape_area": "2792.42578125", "construction_year": "1927", "ground_elevation": "59", "mappluto_bbl": "1012810001", "objectid": "878787", "feature_code": "2100", "shape_length": "241.08382938642083", "height_roof": "419.67", "last_status_type": "Constructed", "bin": "1035389", "last_edited_date": "2017-08-22T18:43:19.000Z", "geom_source": "Photogrammetric", "doitt_id": "91206"}}, {"type": "Feature", "geometry": {"type": "MultiPolygon", "coordinates": [[[[-73.978884488919, 40.751677767388], [-73.978980241523, 40.751546723461], [-73.979072823655, 40.751420018413], [-73.97912611786, 40.751442539831], [-73.979018129507, 40.751590330165], [-73.978937783266, 40.751700288893], [-73.978884488919, 40.751677767388]]]]}, "properties": {"name": null, "base_bbl": "1012750143", "shape_area": "294.09375", "construction_year": "1910", "ground_elevation": "71", "mappluto_bbl": "1012750143", "objectid": "202283", "feature_code": "2100", "shape_length": "100.16840319483364", "height_roof": "50.22", "last_status_type": "Constructed", "bin": "1035329", "last_edited_date": "2017-08-22T18:38:26.000Z", "geom_source": "Photogrammetric", "doitt_id": "814181"}}, {"type": "Feature", "geometry": {"type": "MultiPolygon", "coordinates": [[[[-73.979285635479, 40.755971516105], [-73.979331603674, 40.755908298075], [-73.97937421075, 40.75584970262], [-73.979689795183, 40.755982396829], [-73.979601219129, 40.756104210553], [-73.979285635479, 40.755971516105]]]]}, "properties": {"name": null, "base_bbl": "1012610039", "shape_area": "821.1640625", "construction_year": "1927", "ground_elevation": "63", "mappluto_bbl": "1012610039", "objectid": "526970", "feature_code": "2100", "shape_length": "121.2344262937869", "height_roof": "123.71", "last_status_type": "Constructed", "bin": "1034252", "last_edited_date": "2017-08-22T17:31:12.000Z", "geom_source": "Photogrammetric", "doitt_id": "333885"}}, {"type": "Feature", "geometry": {"type": "MultiPolygon", "coordinates": [[[[-73.979413773041, 40.755795295756], [-73.979506496687, 40.755667778207], [-73.979822080522, 40.755800472056], [-73.979729357295, 40.755927989857], [-73.979413773041, 40.755795295756]]]]}, "properties": {"name": null, "base_bbl": "1012610036", "shape_area": "859.6171875", "construction_year": "1940", "ground_elevation": "62", "mappluto_bbl": "1012610036", "objectid": "210676", "feature_code": "2100", "shape_length": "123.14825015688294", "height_roof": "122.06", "last_status_type": "Constructed", "bin": "1083858", "last_edited_date": "2017-08-22T17:36:52.000Z", "geom_source": "Photogrammetric", "doitt_id": "604173"}}, {"type": "Feature", "geometry": {"type": "MultiPolygon", "coordinates": [[[[-73.978418601595, 40.755688131789], [-73.978565143174, 40.755486921394], [-73.9786549623, 40.755524747593], [-73.97864717155, 40.755535445054], [-73.978508420909, 40.755725959002], [-73.978418601595, 40.755688131789]]]]}, "properties": {"name": null, "base_bbl": "1012810066", "shape_area": "386.33203125", "construction_year": "1939", "ground_elevation": "57", "mappluto_bbl": "1012810066", "objectid": "238023", "feature_code": "2100", "shape_length": "90.421057869907969", "height_roof": "85.91", "last_status_type": "Constructed", "bin": "1035400", "last_edited_date": "2017-08-22T18:56:40.000Z", "geom_source": "Photogrammetric", "doitt_id": "639051"}}, {"type": "Feature", "geometry": {"type": "MultiPolygon", "coordinates": [[[[-73.978305598214, 40.752242282442], [-73.978309107215, 40.752237480705], [-73.978397962248, 40.752115879577], [-73.978487256467, 40.751993676924], [-73.978577007636, 40.751870849333], [-73.978650651896, 40.751770063972], [-73.978700215526, 40.751791009009], [-73.978995687015, 40.751915868879], [-73.979008716732, 40.751921374246], [-73.97915784173, 40.75198439081], [-73.979151253904, 40.751993406384], [-73.97920843088, 40.752017567385], [-73.979132742484, 40.752121151501], [-73.979124018715, 40.752133090629], [-73.979150602763, 40.752144323851], [-73.979192186754, 40.752161896638], [-73.979196767795, 40.752155625441], [-73.97936175422, 40.752225343466], [-73.979498418717, 40.752283093897], [-73.979430444899, 40.752376121146], [-73.979412715452, 40.752400384811], [-73.979272541438, 40.752341151415], [-73.979062768096, 40.752252507306], [-73.978987887998, 40.752220865204], [-73.978936457292, 40.752291249257], [-73.978850491216, 40.752408897206], [-73.978814957234, 40.752457526998], [-73.978684510091, 40.752402402784], [-73.978319642611, 40.752248217618], [-73.978305598214, 40.752242282442]]]]}, "properties": {"name": "Lincoln Building", "base_bbl": "1012760042", "shape_area": "6335.4453125", "construction_year": "1929", "ground_elevation": "65", "mappluto_bbl": "1012760042", "objectid": "28671", "feature_code": "2100", "shape_length": "398.89109103242845", "height_roof": "669.14", "last_status_type": "Constructed", "bin": "1035335", "last_edited_date": "2017-08-22T19:13:29.000Z", "geom_source": "Photogrammetric", "doitt_id": "704320"}}, {"type": "Feature", "geometry": {"type": "MultiPolygon", "coordinates": [[[[-73.97920115273, 40.754381998819], [-73.97926682115, 40.754292121286], [-73.979359065367, 40.754165872553], [-73.979408079248, 40.754186581247], [-73.979520178071, 40.754233945312], [-73.979437992024, 40.754346429038], [-73.979362265795, 40.754450071797], [-73.97920115273, 40.754381998819]]]]}, "properties": {"name": null, "base_bbl": "1012780065", "shape_area": "745.4765625", "construction_year": "1921", "ground_elevation": "62", "mappluto_bbl": "1012780065", "objectid": "584505", "feature_code": "2100", "shape_length": "113.67377853595509", "height_roof": "182.14", "last_status_type": "Constructed", "bin": "1035364", "last_edited_date": "2017-08-22T18:47:11.000Z", "geom_source": "Photogrammetric", "doitt_id": "826342"}}, {"type": "Feature", "geometry": {"type": "MultiPolygon", "coordinates": [[[[-73.979046101015, 40.754316485955], [-73.979204012817, 40.754100359899], [-73.979247290011, 40.754118645266], [-73.97928719158, 40.754135504509], [-73.97923012416, 40.754213610397], [-73.979129279965, 40.754351630678], [-73.979046101015, 40.754316485955]]]]}, "properties": {"name": null, "base_bbl": "1012780063", "shape_area": "384.87109375", "construction_year": "1917", "ground_elevation": "62", "mappluto_bbl": "1012780063", "objectid": "195064", "feature_code": "2100", "shape_length": "93.805926820024112", "height_roof": "101.21", "last_status_type": "Constructed", "bin": "1035362", "last_edited_date": "2017-08-22T17:50:01.000Z", "geom_source": "Photogrammetric", "doitt_id": "214691"}}, {"type": "Feature", "geometry": {"type": "MultiPolygon", "coordinates": [[[[-73.979076599827, 40.754836151654], [-73.979034424494, 40.754818503983], [-73.979105356187, 40.75472081652], [-73.979209276731, 40.754577694558], [-73.979272163058, 40.754604007856], [-73.979282098278, 40.754608165477], [-73.979107709182, 40.754849168704], [-73.979076599827, 40.754836151654]]]]}, "properties": {"name": null, "base_bbl": "1012790006", "shape_area": "375.21875", "construction_year": "1940", "ground_elevation": "60", "mappluto_bbl": "1012790006", "objectid": "256789", "feature_code": "2100", "shape_length": "99.356569771216229", "height_roof": "77.55", "last_status_type": "Constructed", "bin": "1035367", "last_edited_date": "2017-08-22T18:37:38.000Z", "geom_source": "Photogrammetric", "doitt_id": "554678"}}, {"type": "Feature", "geometry": {"type": "MultiPolygon", "coordinates": [[[[-73.979196767795, 40.752155625441], [-73.979239364207, 40.752097330772], [-73.979304909727, 40.752125028619], [-73.979493332089, 40.752204649924], [-73.979541013762, 40.752224799116], [-73.979516957214, 40.75225772364], [-73.979498418717, 40.752283093897], [-73.97936175422, 40.752225343466], [-73.979196767795, 40.752155625441]]]]}, "properties": {"name": null, "base_bbl": "1012760022", "shape_area": "376.4765625", "construction_year": "1939", "ground_elevation": "72", "mappluto_bbl": "1012760022", "objectid": "708071", "feature_code": "2100", "shape_length": "96.483434808096078", "height_roof": "66.42", "last_status_type": "Constructed", "bin": "1035331", "last_edited_date": "2017-08-22T18:26:35.000Z", "geom_source": "Photogrammetric", "doitt_id": "211595"}}, {"type": "Feature", "geometry": {"type": "MultiPolygon", "coordinates": [[[[-73.97920843088, 40.752017567385], [-73.979231672506, 40.752027388893], [-73.979276598837, 40.752046372444], [-73.979261726789, 40.752066726604], [-73.979239364207, 40.752097330772], [-73.979196767795, 40.752155625441], [-73.979192186754, 40.752161896638], [-73.979150602763, 40.752144323851], [-73.979124018715, 40.752133090629], [-73.979132742484, 40.752121151501], [-73.97920843088, 40.752017567385]]]]}, "properties": {"name": null, "base_bbl": "1012760024", "shape_area": "168.59375", "construction_year": "1920", "ground_elevation": "70", "mappluto_bbl": "1012760024", "objectid": "884086", "feature_code": "2100", "shape_length": "56.184748813156432", "height_roof": "61.16", "last_status_type": "Constructed", "bin": "1035333", "last_edited_date": "2017-08-22T17:28:13.000Z", "geom_source": "Photogrammetric", "doitt_id": "820715"}}, {"type": "Feature", "geometry": {"type": "MultiPolygon", "coordinates": [[[[-73.979285635479, 40.755971516105], [-73.979601219129, 40.756104210553], [-73.979566693027, 40.756151691685], [-73.97955568703, 40.756166827228], [-73.979240103174, 40.756034132656], [-73.979248685285, 40.756022330377], [-73.979285635479, 40.755971516105]]]]}, "properties": {"name": null, "base_bbl": "1012610041", "shape_area": "422.109375", "construction_year": "1907", "ground_elevation": "63", "mappluto_bbl": "1012610041", "objectid": "443297", "feature_code": "2100", "shape_length": "101.3710105122541", "height_roof": "72.01", "last_status_type": "Constructed", "bin": "1034253", "last_edited_date": "2017-08-22T19:14:01.000Z", "geom_source": "Photogrammetric", "doitt_id": "629528"}}, {"type": "Feature", "geometry": {"type": "MultiPolygon", "coordinates": [[[[-73.979129279965, 40.754351630678], [-73.97923012416, 40.754213610397], [-73.97928719158, 40.754135504509], [-73.979359065367, 40.754165872553], [-73.97926682115, 40.754292121286], [-73.97920115273, 40.754381998819], [-73.979129279965, 40.754351630678]]]]}, "properties": {"name": null, "base_bbl": "1012780064", "shape_area": "332.5546875", "construction_year": "1921", "ground_elevation": "62", "mappluto_bbl": "1012780064", "objectid": "654231", "feature_code": "2100", "shape_length": "90.923938313847216", "height_roof": "96.45", "last_status_type": "Constructed", "bin": "1035363", "last_edited_date": "2017-08-22T17:41:44.000Z", "geom_source": "Photogrammetric", "doitt_id": "659822"}}, {"type": "Feature", "geometry": {"type": "MultiPolygon", "coordinates": [[[[-73.978508420909, 40.755725959002], [-73.97864717155, 40.755535445054], [-73.978668110182, 40.755544263081], [-73.978705188478, 40.75549335266], [-73.978933711551, 40.755589592969], [-73.978974013285, 40.755534255266], [-73.979120710816, 40.755596035007], [-73.979139718347, 40.755604039441], [-73.978923587619, 40.75590080219], [-73.978913315966, 40.755896476984], [-73.978508420909, 40.755725959002]]]]}, "properties": {"name": null, "base_bbl": "1012810069", "shape_area": "2315.859375", "construction_year": "1955", "ground_elevation": "59", "mappluto_bbl": "1012810069", "objectid": "248066", "feature_code": "2100", "shape_length": "205.37196505250989", "height_roof": "201.81", "last_status_type": "Constructed", "bin": "1035401", "last_edited_date": "2017-08-22T18:20:25.000Z", "geom_source": "Photogrammetric", "doitt_id": "794716"}}, {"type": "Feature", "geometry": {"type": "MultiPolygon", "coordinates": [[[[-73.978330577014, 40.75615827544], [-73.978368538694, 40.756105689458], [-73.978189399937, 40.756030911036], [-73.978108598002, 40.755997181689], [-73.9782284175, 40.755831201626], [-73.978422361125, 40.755912160231], [-73.978424626351, 40.755909022394], [-73.97846153458, 40.755857895902], [-73.978551915495, 40.755895624129], [-73.97851520635, 40.755946476933], [-73.978512743276, 40.755949888489], [-73.978689814819, 40.756023803343], [-73.978796642621, 40.756068396269], [-73.978638862603, 40.756286963], [-73.978330577014, 40.75615827544]]]]}, "properties": {"name": null, "base_bbl": "1012820001", "shape_area": "2457.37109375", "construction_year": "1991", "ground_elevation": "61", "mappluto_bbl": "1012820001", "objectid": "391945", "feature_code": "2100", "shape_length": "235.84119185399416", "height_roof": "384.4", "last_status_type": "Constructed", "bin": "1035402", "last_edited_date": "2017-08-22T18:17:53.000Z", "geom_source": "Photogrammetric", "doitt_id": "843583"}}, {"type": "Feature", "geometry": {"type": "MultiPolygon", "coordinates": [[[[-73.978999316605, 40.754698877133], [-73.979107246521, 40.754549720805], [-73.979114036033, 40.754540336967], [-73.979209276731, 40.754577694558], [-73.979105356187, 40.75472081652], [-73.979034424494, 40.754818503983], [-73.978942213138, 40.754779786139], [-73.978999316605, 40.754698877133]]]]}, "properties": {"name": null, "base_bbl": "1012790007", "shape_area": "477.90625", "construction_year": "2007", "ground_elevation": "60", "mappluto_bbl": "1012797501", "objectid": "51837", "feature_code": "2100", "shape_length": "104.11438018573278", "height_roof": "78", "last_status_type": "Constructed", "bin": "1035368", "last_edited_date": "2017-08-22T17:34:42.000Z", "geom_source": "Other (Manual)", "doitt_id": "1105689"}}, {"type": "Feature", "geometry": {"type": "MultiPolygon", "coordinates": [[[[-73.979107709182, 40.754849168704], [-73.979282098278, 40.754608165477], [-73.979410139707, 40.754661742398], [-73.979724136903, 40.754793127818], [-73.979506314331, 40.75509415619], [-73.979373537012, 40.755038597419], [-73.979201018829, 40.754966410696], [-73.979244451244, 40.754906386328], [-73.979107709182, 40.754849168704]]]]}, "properties": {"name": null, "base_bbl": "1012790001", "shape_area": "2660.96484375", "construction_year": "1927", "ground_elevation": "62", "mappluto_bbl": "1012790001", "objectid": "767352", "feature_code": "2100", "shape_length": "213.32523445837069", "height_roof": "392.77069287", "last_status_type": "Constructed", "bin": "1035366", "last_edited_date": "2017-08-22T19:32:36.000Z", "geom_source": "Photogrammetric", "doitt_id": "34825"}}, {"type": "Feature", "geometry": {"type": "MultiPolygon", "coordinates": [[[[-73.978907329724, 40.755070076626], [-73.979076599827, 40.754836151654], [-73.979107709182, 40.754849168704], [-73.979244451244, 40.754906386328], [-73.979201018829, 40.754966410696], [-73.979373537012, 40.755038597419], [-73.979506314331, 40.75509415619], [-73.979465623428, 40.755150390916], [-73.979393927567, 40.755249473341], [-73.979389694381, 40.755252254246], [-73.979385024361, 40.755254597426], [-73.979379998045, 40.755256463274], [-73.979374695968, 40.755257822089], [-73.979369209319, 40.755258650472], [-73.979363626919, 40.755258934932], [-73.979358043504, 40.755258670084], [-73.978907329724, 40.755070076626]]]]}, "properties": {"name": null, "base_bbl": "1012790069", "shape_area": "1965.21875", "construction_year": "1930", "ground_elevation": "61", "mappluto_bbl": "1012790069", "objectid": "861685", "feature_code": "2100", "shape_length": "197.14224970636778", "height_roof": "173.93018591", "last_status_type": "Constructed", "bin": "1035380", "last_edited_date": "2017-08-22T17:53:49.000Z", "geom_source": "Photogrammetric", "doitt_id": "456945"}}, {"type": "Feature", "geometry": {"type": "MultiPolygon", "coordinates": [[[[-73.978814957234, 40.752457526998], [-73.978850491216, 40.752408897206], [-73.978936457292, 40.752291249257], [-73.978987887998, 40.752220865204], [-73.979062768096, 40.752252507306], [-73.979272541438, 40.752341151415], [-73.979412715452, 40.752400384811], [-73.979345494833, 40.752492380163], [-73.979265520026, 40.752601829486], [-73.979253180646, 40.752618717151], [-73.979215491319, 40.752626781592], [-73.979097632919, 40.752576977604], [-73.9789055325, 40.75249580161], [-73.978814957234, 40.752457526998]]]]}, "properties": {"name": null, "base_bbl": "1012760051", "shape_area": "2147.7421875", "construction_year": "1917", "ground_elevation": "65", "mappluto_bbl": "1012760051", "objectid": "994068", "feature_code": "2100", "shape_length": "185.98734750791863", "height_roof": "316.23", "last_status_type": "Constructed", "bin": "1035336", "last_edited_date": "2017-08-22T18:23:56.000Z", "geom_source": "Photogrammetric", "doitt_id": "124605"}}, {"type": "Feature", "geometry": {"type": "MultiPolygon", "coordinates": [[[[-73.978748125265, 40.755003459488], [-73.978917394573, 40.754769534747], [-73.979034424494, 40.754818503983], [-73.979076599827, 40.754836151654], [-73.978907329724, 40.755070076626], [-73.978748125265, 40.755003459488]]]]}, "properties": {"name": null, "base_bbl": "1012790065", "shape_area": "793.70703125", "construction_year": "1932", "ground_elevation": "59", "mappluto_bbl": "1012790065", "objectid": "541713", "feature_code": "2100", "shape_length": "118.89729176523971", "height_roof": "247.91", "last_status_type": "Constructed", "bin": "1035379", "last_edited_date": "2017-08-22T18:29:27.000Z", "geom_source": "Photogrammetric", "doitt_id": "174177"}}, {"type": "Feature", "geometry": {"type": "MultiPolygon", "coordinates": [[[[-73.981696685815, 40.751244108278], [-73.981697387084, 40.751243139445], [-73.981803682451, 40.751096390913], [-73.981885991051, 40.751130870752], [-73.981850519081, 40.751179842791], [-73.981782015209, 40.751274417527], [-73.981778994542, 40.751278588193], [-73.981697250578, 40.751244345201], [-73.981696685815, 40.751244108278]]]]}, "properties": {"name": null, "base_bbl": "1008680070", "shape_area": "259.23828125", "construction_year": "1915", "ground_elevation": "77", "mappluto_bbl": "1008680070", "objectid": "1061066", "feature_code": "2100", "shape_length": "70.459631332515315", "height_roof": "68", "last_status_type": "Constructed", "bin": "1017243", "last_edited_date": "2017-08-22T18:49:11.000Z", "geom_source": "Other (Manual)", "doitt_id": "1075788"}}, {"type": "Feature", "geometry": {"type": "MultiPolygon", "coordinates": [[[[-73.9807760587, 40.752459399096], [-73.980808017569, 40.752414612363], [-73.9809211112, 40.752256125907], [-73.980945878051, 40.752221417305], [-73.981010999529, 40.752248290148], [-73.98086917424, 40.752447042547], [-73.980841180343, 40.752486272034], [-73.9807760587, 40.752459399096]]]]}, "properties": {"name": null, "base_bbl": "1012750066", "shape_area": "328.17578125", "construction_year": "1921", "ground_elevation": "77", "mappluto_bbl": "1012750066", "objectid": "416758", "feature_code": "2100", "shape_length": "96.017492824996268", "height_roof": "88.19", "last_status_type": "Constructed", "bin": "1035327", "last_edited_date": "2017-08-22T18:52:54.000Z", "geom_source": "Photogrammetric", "doitt_id": "667341"}}, {"type": "Feature", "geometry": {"type": "MultiPolygon", "coordinates": [[[[-73.984369707052, 40.750412738729], [-73.984485212249, 40.750251028846], [-73.984523797166, 40.750197009972], [-73.984600773454, 40.750228809054], [-73.98459707073, 40.750233991872], [-73.984511315678, 40.75035405116], [-73.9844466847, 40.750444537913], [-73.984369707052, 40.750412738729]]]]}, "properties": {"name": null, "base_bbl": "1008380034", "shape_area": "351.7890625", "construction_year": "1926", "ground_elevation": "66", "mappluto_bbl": "1008380034", "objectid": "720725", "feature_code": "2100", "shape_length": "91.607443644586382", "height_roof": "88.6", "last_status_type": "Constructed", "bin": "1015931", "last_edited_date": "2017-08-22T17:54:22.000Z", "geom_source": "Photogrammetric", "doitt_id": "410906"}}, {"type": "Feature", "geometry": {"type": "MultiPolygon", "coordinates": [[[[-73.983006188461, 40.749818787931], [-73.982959340957, 40.749799081537], [-73.9830350884, 40.749694936568], [-73.983238858684, 40.749780653162], [-73.983267256352, 40.749792598903], [-73.983353779023, 40.749828994589], [-73.983329154253, 40.749862852762], [-73.983278033109, 40.749933139766], [-73.983006926077, 40.749819098714], [-73.983006188461, 40.749818787931]]]]}, "properties": {"name": null, "base_bbl": "1008660003", "shape_area": "709.01953125", "construction_year": "1910", "ground_elevation": "75", "mappluto_bbl": "1008660003", "objectid": "21988", "feature_code": "2100", "shape_length": "116.10289968673102", "height_roof": "141.62", "last_status_type": "Constructed", "bin": "1017176", "last_edited_date": "2017-08-22T18:34:19.000Z", "geom_source": "Photogrammetric", "doitt_id": "159299"}}, {"type": "Feature", "geometry": {"type": "MultiPolygon", "coordinates": [[[[-73.980186383396, 40.756054774973], [-73.9802253682, 40.756001161078], [-73.980326214002, 40.755862471696], [-73.980460165902, 40.75591879319], [-73.980453529277, 40.755927920487], [-73.980302358995, 40.756135819632], [-73.980284677401, 40.756160137457], [-73.980248081441, 40.756144750557], [-73.980265763045, 40.756120431837], [-73.980168406793, 40.756079497057], [-73.980186383396, 40.756054774973]]]]}, "properties": {"name": null, "base_bbl": "1012610027", "shape_area": "639.98828125", "construction_year": "1911", "ground_elevation": "61", "mappluto_bbl": "1012610027", "objectid": "897352", "feature_code": "2100", "shape_length": "115.09194446670584", "height_roof": "127.71", "last_status_type": "Constructed", "bin": "1034248", "last_edited_date": "2017-08-22T17:53:24.000Z", "geom_source": "Photogrammetric", "doitt_id": "212195"}}, {"type": "Feature", "geometry": {"type": "MultiPolygon", "coordinates": [[[[-73.981482305353, 40.750852676277], [-73.98165570753, 40.750613280167], [-73.981805990185, 40.750676234066], [-73.981670449653, 40.750863361153], [-73.981633387364, 40.750912434631], [-73.981548339632, 40.750880338712], [-73.981482305353, 40.750852676277]]]]}, "properties": {"name": null, "base_bbl": "1008680012", "shape_area": "764.0078125", "construction_year": "1924", "ground_elevation": "80", "mappluto_bbl": "1008680012", "objectid": "1061329", "feature_code": "2100", "shape_length": "117.89310792275744", "height_roof": "143", "last_status_type": "Constructed", "bin": "1017229", "last_edited_date": "2019-10-17T16:40:19.000Z", "geom_source": "Other (Manual)", "doitt_id": "1272518"}}, {"type": "Feature", "geometry": {"type": "MultiPolygon", "coordinates": [[[[-73.982390141097, 40.756012475952], [-73.982263345168, 40.755959029517], [-73.982210689229, 40.755936834747], [-73.982263117989, 40.755864910459], [-73.982489937641, 40.755960517593], [-73.982460209099, 40.756001405021], [-73.982437610881, 40.756032485223], [-73.982395221984, 40.75601461813], [-73.982390141097, 40.756012475952]]]]}, "properties": {"name": "Algonquin Hotel", "base_bbl": "1012600007", "shape_area": "348.9609375", "construction_year": "1902", "ground_elevation": "65", "mappluto_bbl": "1012600007", "objectid": "511809", "feature_code": "2100", "shape_length": "81.951931047810916", "height_roof": "141.17", "last_status_type": "Constructed", "bin": "1081059", "last_edited_date": "2017-08-22T18:14:53.000Z", "geom_source": "Photogrammetric", "doitt_id": "775564"}}, {"type": "Feature", "geometry": {"type": "MultiPolygon", "coordinates": [[[[-73.983395320677, 40.751155414548], [-73.983569598801, 40.750916567704], [-73.983685042262, 40.750965284378], [-73.983728132767, 40.750983468087], [-73.983750960807, 40.750952184128], [-73.983904332789, 40.751016905215], [-73.98386241157, 40.751074357939], [-73.983712075708, 40.751280392368], [-73.983707408681, 40.751286788002], [-73.983707228633, 40.751287035616], [-73.983550980276, 40.751221100876], [-73.983395320677, 40.751155414548]]]]}, "properties": {"name": null, "base_bbl": "1008390055", "shape_area": "1696.515625", "construction_year": "1900", "ground_elevation": "70", "mappluto_bbl": "1008390055", "objectid": "10008", "feature_code": "2100", "shape_length": "170.20032003744484", "height_roof": "154.22", "last_status_type": "Constructed", "bin": "1075696", "last_edited_date": "2017-08-22T18:02:33.000Z", "geom_source": "Photogrammetric", "doitt_id": "103403"}}, {"type": "Feature", "geometry": {"type": "MultiPolygon", "coordinates": [[[[-73.984740210564, 40.752529673517], [-73.984919034847, 40.752284423585], [-73.984977521348, 40.752309085275], [-73.984951349532, 40.752344977824], [-73.984798697215, 40.752554335297], [-73.984740210564, 40.752529673517]]]]}, "properties": {"name": null, "base_bbl": "1008400080", "shape_area": "306.77734375", "construction_year": "1930", "ground_elevation": "62", "mappluto_bbl": "1008400080", "objectid": "290855", "feature_code": "2100", "shape_length": "97.245970860411433", "height_roof": "61.69", "last_status_type": "Constructed", "bin": "1016017", "last_edited_date": "2017-08-22T17:48:42.000Z", "geom_source": "Photogrammetric", "doitt_id": "254554"}}, {"type": "Feature", "geometry": {"type": "MultiPolygon", "coordinates": [[[[-73.984471832763, 40.751608590325], [-73.984620672302, 40.751404029744], [-73.98463969072, 40.751377891493], [-73.984655070309, 40.751377401866], [-73.984701940734, 40.751397124678], [-73.984708847329, 40.751409340058], [-73.984542297233, 40.751638240855], [-73.984509064205, 40.751624256937], [-73.984471832763, 40.751608590325]]]]}, "properties": {"name": null, "base_bbl": "1008390068", "shape_area": "353.77734375", "construction_year": "1915", "ground_elevation": "66", "mappluto_bbl": "1008390068", "objectid": "948605", "feature_code": "2100", "shape_length": "95.724587292986115", "height_roof": "60.66", "last_status_type": "Constructed", "bin": "1015979", "last_edited_date": "2017-08-22T19:25:42.000Z", "geom_source": "Photogrammetric", "doitt_id": "378364"}}, {"type": "Feature", "geometry": {"type": "MultiPolygon", "coordinates": [[[[-73.980086526548, 40.756012788803], [-73.980226357354, 40.755820485646], [-73.980326214002, 40.755862471696], [-73.9802253682, 40.756001161078], [-73.980186383396, 40.756054774973], [-73.980143960738, 40.756036937663], [-73.980086526548, 40.756012788803]]]]}, "properties": {"name": null, "base_bbl": "1012610029", "shape_area": "410.18359375", "construction_year": "2003", "ground_elevation": "62", "mappluto_bbl": "1012610029", "objectid": "333888", "feature_code": "2100", "shape_length": "89.954480119140328", "height_roof": "207.04", "last_status_type": "Constructed", "bin": "1034249", "last_edited_date": "2017-08-22T18:02:11.000Z", "geom_source": "Photogrammetric", "doitt_id": "850005"}}, {"type": "Feature", "geometry": {"type": "MultiPolygon", "coordinates": [[[[-73.980515106796, 40.753021644592], [-73.980643835813, 40.752845374275], [-73.980646180189, 40.752842164366], [-73.980766427468, 40.752818158108], [-73.980905066974, 40.752876708645], [-73.980911200428, 40.75289490258], [-73.980879906273, 40.752937728147], [-73.980878061815, 40.752940251959], [-73.980911604935, 40.752954417975], [-73.981034810016, 40.753006449736], [-73.980947878867, 40.753125486757], [-73.980845847393, 40.753082395946], [-73.980643995392, 40.752997149149], [-73.980565944756, 40.753104026044], [-73.980517564277, 40.753170272584], [-73.980432763984, 40.753134398272], [-73.980515106796, 40.753021644592]]]]}, "properties": {"name": null, "base_bbl": "1012760004", "shape_area": "1539.1875", "construction_year": "1971", "ground_elevation": "72", "mappluto_bbl": "1012760004", "objectid": "690886", "feature_code": "2100", "shape_length": "209.55122300964297", "height_roof": "425.43", "last_status_type": "Constructed", "bin": "1076266", "last_edited_date": "2017-08-22T18:45:21.000Z", "geom_source": "Photogrammetric", "doitt_id": "428026"}}, {"type": "Feature", "geometry": {"type": "MultiPolygon", "coordinates": [[[[-73.982301377087, 40.755687881481], [-73.982314419967, 40.755669914799], [-73.982650371804, 40.755207148399], [-73.983335567819, 40.755494785443], [-73.983405497156, 40.755524140307], [-73.983316317198, 40.755646986986], [-73.983174993502, 40.755841660208], [-73.983056506228, 40.756004875655], [-73.983044124248, 40.755999677918], [-73.982532775121, 40.755785020997], [-73.982461240287, 40.755754990881], [-73.982320126904, 40.755695752076], [-73.982301377087, 40.755687881481]], [[-73.982952392709, 40.755606803588], [-73.982927318799, 40.755595834421], [-73.982895074992, 40.755638455963], [-73.982920150096, 40.755649425138], [-73.982952392709, 40.755606803588]]]]}, "properties": {"name": null, "base_bbl": "1012590001", "shape_area": "7725.11328125", "construction_year": "1962", "ground_elevation": "65", "mappluto_bbl": "1012590001", "objectid": "22603", "feature_code": "2100", "shape_length": "374.34391021969356", "height_roof": "273.84", "last_status_type": "Constructed", "bin": "1034202", "last_edited_date": "2017-08-22T18:34:45.000Z", "geom_source": "Photogrammetric", "doitt_id": "344"}}, {"type": "Feature", "geometry": {"type": "MultiPolygon", "coordinates": [[[[-73.983075879744, 40.754802924338], [-73.983135570685, 40.754720889832], [-73.98320654359, 40.754623348433], [-73.983222645647, 40.754630123481], [-73.983709748924, 40.754835076407], [-73.983863194975, 40.754899639033], [-73.98372991536, 40.755083761059], [-73.98368995538, 40.755138962699], [-73.983507553551, 40.755062610787], [-73.983031824279, 40.754863470552], [-73.983075879744, 40.754802924338]]]]}, "properties": {"name": null, "base_bbl": "1012580001", "shape_area": "3363.24609375", "construction_year": "1906", "ground_elevation": "65", "mappluto_bbl": "1012580001", "objectid": "844773", "feature_code": "2100", "shape_length": "247.72433375484883", "height_roof": "201.26", "last_status_type": "Constructed", "bin": "1034195", "last_edited_date": "2017-08-22T17:54:09.000Z", "geom_source": "Photogrammetric", "doitt_id": "151046"}}, {"type": "Feature", "geometry": {"type": "MultiPolygon", "coordinates": [[[[-73.983810653872, 40.751798940108], [-73.983965601986, 40.751586437873], [-73.984044793562, 40.751619832424], [-73.984100084683, 40.751643147864], [-73.98400291578, 40.751776409291], [-73.983966289001, 40.751826640724], [-73.983945136866, 40.751855650278], [-73.983810653872, 40.751798940108]]]]}, "properties": {"name": null, "base_bbl": "1008400028", "shape_area": "611.22265625", "construction_year": "1917", "ground_elevation": "67", "mappluto_bbl": "1008400028", "objectid": "10748", "feature_code": "2100", "shape_length": "105.61515930891838", "height_roof": "217.77", "last_status_type": "Constructed", "bin": "1016000", "last_edited_date": "2017-08-22T18:17:54.000Z", "geom_source": "Photogrammetric", "doitt_id": "243976"}}, {"type": "Feature", "geometry": {"type": "MultiPolygon", "coordinates": [[[[-73.981906190026, 40.755137307789], [-73.982041153273, 40.754951399732], [-73.982114950978, 40.754982379597], [-73.981948438565, 40.755211744797], [-73.981874640683, 40.755180764827], [-73.981906190026, 40.755137307789]]]]}, "properties": {"name": null, "base_bbl": "1012590117", "shape_area": "361.2890625", "construction_year": "1920", "ground_elevation": "66", "mappluto_bbl": "1012590117", "objectid": "948342", "feature_code": "2100", "shape_length": "95.71846073599734", "height_roof": "45.55", "last_status_type": "Constructed", "bin": "1034216", "last_edited_date": "2017-08-22T18:07:23.000Z", "geom_source": "Photogrammetric", "doitt_id": "457154"}}, {"type": "Feature", "geometry": {"type": "MultiPolygon", "coordinates": [[[[-73.984806354329, 40.750916910348], [-73.98492899473, 40.750745209858], [-73.984956816096, 40.750706258503], [-73.985035976491, 40.750738958983], [-73.98495388996, 40.750853883482], [-73.9848855149, 40.75094961003], [-73.984806354329, 40.750916910348]]]]}, "properties": {"name": null, "base_bbl": "1008380068", "shape_area": "353.26171875", "construction_year": "1926", "ground_elevation": "64", "mappluto_bbl": "1008380068", "objectid": "197553", "feature_code": "2100", "shape_length": "90.4647132263641", "height_roof": "56.09", "last_status_type": "Constructed", "bin": "1015948", "last_edited_date": "2017-08-22T18:58:11.000Z", "geom_source": "Photogrammetric", "doitt_id": "543955"}}, {"type": "Feature", "geometry": {"type": "MultiPolygon", "coordinates": [[[[-73.984176913929, 40.750246030529], [-73.984231729126, 40.750169287907], [-73.984282983596, 40.750097529975], [-73.98444235019, 40.750163364197], [-73.984288261074, 40.750379093747], [-73.984269934438, 40.750404751167], [-73.984247376933, 40.75039543415], [-73.984110563884, 40.750338922111], [-73.984176913929, 40.750246030529]]]]}, "properties": {"name": null, "base_bbl": "1008380036", "shape_area": "814.94921875", "construction_year": "1924", "ground_elevation": "68", "mappluto_bbl": "1008380036", "objectid": "21439", "feature_code": "2100", "shape_length": "121.07511561779123", "height_roof": "190.33", "last_status_type": "Constructed", "bin": "1015933", "last_edited_date": "2017-08-22T19:14:21.000Z", "geom_source": "Photogrammetric", "doitt_id": "556489"}}, {"type": "Feature", "geometry": {"type": "MultiPolygon", "coordinates": [[[[-73.982831387576, 40.75110638444], [-73.982865209299, 40.751098860345], [-73.983143387339, 40.751216169779], [-73.983462626464, 40.751350792166], [-73.983663538194, 40.751435516121], [-73.983653168826, 40.751449736341], [-73.983650382812, 40.751453557693], [-73.983495434001, 40.751666059507], [-73.983449017868, 40.751729715917], [-73.983306512619, 40.751925149266], [-73.983304611422, 40.751927757757], [-73.983221423854, 40.751892490865], [-73.982802250264, 40.751714782646], [-73.982802490729, 40.751714453097], [-73.982777567391, 40.75170394227], [-73.982770102231, 40.751700794786], [-73.982481627928, 40.751579143355], [-73.982483620359, 40.751576410623], [-73.982553803082, 40.751480163488], [-73.982550337512, 40.751478702343], [-73.982535704449, 40.751472531659], [-73.982797135983, 40.751114003915], [-73.982828790641, 40.751106962178], [-73.982831387576, 40.75110638444]]]]}, "properties": {"name": "Lord & Taylor Department Store", "base_bbl": "1008400042", "shape_area": "8796.84765625", "construction_year": "1920", "ground_elevation": "75", "mappluto_bbl": "1008400042", "objectid": "564971", "feature_code": "2100", "shape_length": "376.37377074907732", "height_roof": "201.39", "last_status_type": "Constructed", "bin": "1016004", "last_edited_date": "2025-04-04T18:18:50.000Z", "geom_source": "Photogrammetric", "doitt_id": "400920"}}, {"type": "Feature", "geometry": {"type": "MultiPolygon", "coordinates": [[[[-73.980359317423, 40.756484961583], [-73.980525332524, 40.756256646825], [-73.980580241459, 40.756279733344], [-73.980505974207, 40.756381870526], [-73.980414226488, 40.756508049081], [-73.980391658032, 40.756498560219], [-73.980359317423, 40.756484961583]]]]}, "properties": {"name": null, "base_bbl": "1012610052", "shape_area": "267.7890625", "construction_year": "1920", "ground_elevation": "62", "mappluto_bbl": "1012610052", "objectid": "845727", "feature_code": "2100", "shape_length": "90.593163816717592", "height_roof": "54.12", "last_status_type": "Constructed", "bin": "1034259", "last_edited_date": "2017-08-22T17:54:09.000Z", "geom_source": "Photogrammetric", "doitt_id": "559919"}}, {"type": "Feature", "geometry": {"type": "MultiPolygon", "coordinates": [[[[-73.981751921366, 40.756208905627], [-73.981854018758, 40.756068847242], [-73.981863272102, 40.756056153375], [-73.981887055474, 40.756066178841], [-73.981914467186, 40.756028575341], [-73.981949498106, 40.756043341018], [-73.982018210143, 40.756072303911], [-73.981998883727, 40.756098816274], [-73.981870372267, 40.75627511057], [-73.98183992296, 40.756316881118], [-73.981712396316, 40.756263125991], [-73.981713758678, 40.756261256758], [-73.981743203446, 40.756220864758], [-73.981751921366, 40.756208905627]]]]}, "properties": {"name": null, "base_bbl": "1012600064", "shape_area": "647.90625", "construction_year": "1914", "ground_elevation": "62", "mappluto_bbl": "1012600064", "objectid": "31703", "feature_code": "2100", "shape_length": "114.60800688558206", "height_roof": "217.44", "last_status_type": "Constructed", "bin": "1034235", "last_edited_date": "2017-08-22T17:33:34.000Z", "geom_source": "Photogrammetric", "doitt_id": "517806"}}, {"type": "Feature", "geometry": {"type": "MultiPolygon", "coordinates": [[[[-73.98489182822, 40.752251742463], [-73.985040127675, 40.752048355548], [-73.985056234029, 40.752055147452], [-73.985098470746, 40.752072957726], [-73.985052809209, 40.752135581094], [-73.984950172599, 40.752276344716], [-73.98489182822, 40.752251742463]]]]}, "properties": {"name": null, "base_bbl": "1008400012", "shape_area": "253.796875", "construction_year": "1915", "ground_elevation": "62", "mappluto_bbl": "1008400012", "objectid": "31641", "feature_code": "2100", "shape_length": "83.1537461876101", "height_roof": "55.7", "last_status_type": "Constructed", "bin": "1015991", "last_edited_date": "2017-08-22T19:34:28.000Z", "geom_source": "Photogrammetric", "doitt_id": "108379"}}, {"type": "Feature", "geometry": {"type": "MultiPolygon", "coordinates": [[[[-73.980225460028, 40.75304669954], [-73.980320739248, 40.752916454091], [-73.980382814058, 40.752831599211], [-73.98045715677, 40.752863049404], [-73.980393491084, 40.752950002232], [-73.980299697529, 40.75307810479], [-73.980225460028, 40.75304669954]]]]}, "properties": {"name": null, "base_bbl": "1012760066", "shape_area": "342.3046875", "construction_year": "1939", "ground_elevation": "71", "mappluto_bbl": "1012760066", "objectid": "60707", "feature_code": "2100", "shape_length": "91.220335455124527", "height_roof": "79", "last_status_type": "Constructed", "bin": "1035341", "last_edited_date": "2017-08-22T18:37:26.000Z", "geom_source": "Other (Manual)", "doitt_id": "1069433"}}, {"type": "Feature", "geometry": {"type": "MultiPolygon", "coordinates": [[[[-73.983443499615, 40.751982870292], [-73.983591349216, 40.751780105617], [-73.983615010327, 40.751747656552], [-73.983679846928, 40.751774997911], [-73.983755571787, 40.751806930648], [-73.983616439659, 40.751997739855], [-73.983584061418, 40.752042144595], [-73.983443499615, 40.751982870292]]]]}, "properties": {"name": null, "base_bbl": "1008400060", "shape_area": "707.13671875", "construction_year": "1930", "ground_elevation": "72", "mappluto_bbl": "1008400060", "objectid": "299110", "feature_code": "2100", "shape_length": "114.79002386954772", "height_roof": "35.38", "last_status_type": "Constructed", "bin": "1016007", "last_edited_date": "2017-08-22T18:02:44.000Z", "geom_source": "Photogrammetric", "doitt_id": "817582"}}, {"type": "Feature", "geometry": {"type": "MultiPolygon", "coordinates": [[[[-73.98140928606, 40.754487104201], [-73.981581681587, 40.754248959866], [-73.981438265617, 40.754188921752], [-73.981610070324, 40.753951594028], [-73.981966873828, 40.754101731402], [-73.98212499348, 40.754168264687], [-73.982220612319, 40.754208498766], [-73.981877146862, 40.754682960364], [-73.98140928606, 40.754487104201]]]]}, "properties": {"name": null, "base_bbl": "1012580021", "shape_area": "5460.82421875", "construction_year": "1926", "ground_elevation": "66", "mappluto_bbl": "1012580021", "objectid": "502984", "feature_code": "2100", "shape_length": "314.70063135939949", "height_roof": "378.01", "last_status_type": "Constructed", "bin": "1034198", "last_edited_date": "2017-08-22T18:50:55.000Z", "geom_source": "Photogrammetric", "doitt_id": "190175"}}, {"type": "Feature", "geometry": {"type": "MultiPolygon", "coordinates": [[[[-73.984288568693, 40.751992054932], [-73.984433776639, 40.751792910651], [-73.984438680537, 40.751786184534], [-73.984560756672, 40.75183766127], [-73.984462756874, 40.751972063911], [-73.984444654337, 40.751964429681], [-73.984392542539, 40.752035898488], [-73.984381849615, 40.752031390007], [-73.984288568693, 40.751992054932]]]]}, "properties": {"name": null, "base_bbl": "1008400021", "shape_area": "509.83984375", "construction_year": "1930", "ground_elevation": "66", "mappluto_bbl": "1008400021", "objectid": "349436", "feature_code": "2100", "shape_length": "100.22727958392717", "height_roof": "60.85", "last_status_type": "Constructed", "bin": "1015996", "last_edited_date": "2017-08-22T18:54:56.000Z", "geom_source": "Photogrammetric", "doitt_id": "682571"}}, {"type": "Feature", "geometry": {"type": "MultiPolygon", "coordinates": [[[[-73.980106607004, 40.751897105919], [-73.980408954379, 40.752021878702], [-73.980316560208, 40.752151421438], [-73.980251305736, 40.752242910673], [-73.979948924483, 40.752118184301], [-73.980061465268, 40.751960397378], [-73.980080370883, 40.751933890655], [-73.980106607004, 40.751897105919]]]]}, "properties": {"name": null, "base_bbl": "1012750059", "shape_area": "1415.12109375", "construction_year": "1923", "ground_elevation": "75", "mappluto_bbl": "1012750059", "objectid": "956943", "feature_code": "2100", "shape_length": "150.49874754808576", "height_roof": "337.88", "last_status_type": "Constructed", "bin": "1035322", "last_edited_date": "2017-08-22T19:25:12.000Z", "geom_source": "Photogrammetric", "doitt_id": "64461"}}, {"type": "Feature", "geometry": {"type": "MultiPolygon", "coordinates": [[[[-73.9844466847, 40.750444537913], [-73.984511315678, 40.75035405116], [-73.98459707073, 40.750233991872], [-73.984748216275, 40.750296431464], [-73.984597830582, 40.750506975899], [-73.984555510843, 40.750489494111], [-73.9844466847, 40.750444537913]]]]}, "properties": {"name": null, "base_bbl": "1008380032", "shape_area": "674.1484375", "construction_year": "1917", "ground_elevation": "65", "mappluto_bbl": "1008380032", "objectid": "404179", "feature_code": "2100", "shape_length": "108.68372031440458", "height_roof": "201.49", "last_status_type": "Constructed", "bin": "1015930", "last_edited_date": "2017-08-22T18:17:21.000Z", "geom_source": "Photogrammetric", "doitt_id": "18852"}}, {"type": "Feature", "geometry": {"type": "MultiPolygon", "coordinates": [[[[-73.984760523642, 40.752135487871], [-73.984879638143, 40.751972127483], [-73.985044897681, 40.752041813091], [-73.985040127675, 40.752048355548], [-73.98489182822, 40.752251742463], [-73.984749171447, 40.752191587885], [-73.984783126756, 40.752145020012], [-73.984760523642, 40.752135487871]]]]}, "properties": {"name": null, "base_bbl": "1008400013", "shape_area": "719.49609375", "construction_year": "1924", "ground_elevation": "63", "mappluto_bbl": "1008400013", "objectid": "588451", "feature_code": "2100", "shape_length": "112.59317597568464", "height_roof": "217.33", "last_status_type": "Constructed", "bin": "1015992", "last_edited_date": "2017-08-22T18:11:33.000Z", "geom_source": "Photogrammetric", "doitt_id": "409235"}}, {"type": "Feature", "geometry": {"type": "MultiPolygon", "coordinates": [[[[-73.979882992083, 40.756284685353], [-73.980009893022, 40.756110164288], [-73.980213338037, 40.756195705094], [-73.980086436284, 40.756370226381], [-73.979882992083, 40.756284685353]]]]}, "properties": {"name": null, "base_bbl": "1012610046", "shape_area": "758.4296875", "construction_year": "1987", "ground_elevation": "62", "mappluto_bbl": "1012617502", "objectid": "51839", "feature_code": "2100", "shape_length": "110.36536863146117", "height_roof": "237", "last_status_type": "Constructed", "bin": "1076258", "last_edited_date": "2017-08-22T17:34:42.000Z", "geom_source": "Other (Manual)", "doitt_id": "409817"}}, {"type": "Feature", "geometry": {"type": "MultiPolygon", "coordinates": [[[[-73.981847587135, 40.755069829996], [-73.981958694252, 40.754916783123], [-73.982041153273, 40.754951399732], [-73.981906190026, 40.755137307789], [-73.981823729661, 40.755102691084], [-73.981847587135, 40.755069829996]]]]}, "properties": {"name": null, "base_bbl": "1012590018", "shape_area": "327.203125", "construction_year": "1898", "ground_elevation": "66", "mappluto_bbl": "1012590018", "objectid": "1026697", "feature_code": "2100", "shape_length": "83.346870464813946", "height_roof": "46.53", "last_status_type": "Constructed", "bin": "1076256", "last_edited_date": "2020-01-28T17:25:49.000Z", "geom_source": "Photogrammetric", "doitt_id": "637510"}}, {"type": "Feature", "geometry": {"type": "MultiPolygon", "coordinates": [[[[-73.981731602637, 40.75544869124], [-73.981870347197, 40.755257577269], [-73.981875842753, 40.755250006684], [-73.981884962129, 40.755237443365], [-73.981905119622, 40.755245904981], [-73.981919314174, 40.755251864053], [-73.981931904539, 40.755234521392], [-73.981948438565, 40.755211744797], [-73.982114950978, 40.754982379597], [-73.982313519314, 40.755065738529], [-73.982328771233, 40.755072141662], [-73.982186858292, 40.755267624053], [-73.982185268091, 40.755266956532], [-73.982078217956, 40.755222017313], [-73.981871134243, 40.755507266847], [-73.981843975286, 40.755495864872], [-73.981731602637, 40.75544869124]]]]}, "properties": {"name": null, "base_bbl": "1012590015", "shape_area": "1687.45703125", "construction_year": "1922", "ground_elevation": "66", "mappluto_bbl": "1012597501", "objectid": "1043371", "feature_code": "2100", "shape_length": "224.41805510622351", "height_roof": "175", "last_status_type": "Constructed", "bin": "1034205", "last_edited_date": "2017-08-22T18:11:19.000Z", "geom_source": "Other (Manual)", "doitt_id": "163592"}}, {"type": "Feature", "geometry": {"type": "MultiPolygon", "coordinates": [[[[-73.983455773969, 40.752986202615], [-73.983410527118, 40.753048692109], [-73.983348553368, 40.753023358245], [-73.983393994495, 40.752960731926], [-73.983455773969, 40.752986202615]]]]}, "properties": {"name": null, "base_bbl": "1012570001", "shape_area": "82.1640625", "construction_year": null, "ground_elevation": "73", "mappluto_bbl": "1012570001", "objectid": "1045701", "feature_code": "2100", "shape_length": "36.64418591711943", "height_roof": "13", "last_status_type": "Constructed", "bin": "1090909", "last_edited_date": "2026-04-21T17:35:52.000Z", "geom_source": "Other (Manual)", "doitt_id": "1292226"}}, {"type": "Feature", "geometry": {"type": "MultiPolygon", "coordinates": [[[[-73.983006188461, 40.749818787931], [-73.983006926077, 40.749819098714], [-73.983278033109, 40.749933139766], [-73.983291204876, 40.74993868069], [-73.98307980994, 40.750229327818], [-73.983076877215, 40.750228094595], [-73.982787333598, 40.750106296963], [-73.982774538345, 40.750100914527], [-73.982585484491, 40.75002138852], [-73.982593963363, 40.750009730948], [-73.982602566609, 40.749997903198], [-73.982694026392, 40.749872155884], [-73.982752218525, 40.749792147433], [-73.982961526196, 40.749880193154], [-73.983005850873, 40.749819252542], [-73.983006188461, 40.749818787931]]]]}, "properties": {"name": null, "base_bbl": "1008660076", "shape_area": "2794.65234375", "construction_year": "1906", "ground_elevation": "77", "mappluto_bbl": "1008660076", "objectid": "692028", "feature_code": "2100", "shape_length": "223.4098137368203", "height_roof": "140.19", "last_status_type": "Constructed", "bin": "1017190", "last_edited_date": "2020-01-28T17:23:50.000Z", "geom_source": "Photogrammetric", "doitt_id": "248561"}}, {"type": "Feature", "geometry": {"type": "MultiPolygon", "coordinates": [[[[-73.979686354525, 40.751207175673], [-73.979744654634, 40.751126578943], [-73.979788627802, 40.751065787201], [-73.979814203753, 40.751030428813], [-73.979836804624, 40.751039883582], [-73.979851839908, 40.751046173545], [-73.979894345184, 40.750987410346], [-73.979960615745, 40.751015133165], [-73.98001802549, 40.751039149727], [-73.980008120924, 40.751052842905], [-73.979975750105, 40.751097595134], [-73.979992759103, 40.751104710286], [-73.980287538897, 40.751228025969], [-73.98028770347, 40.751228094436], [-73.980287401394, 40.751228512219], [-73.980283894944, 40.751233359943], [-73.980215019153, 40.751328578445], [-73.980174024328, 40.751385254648], [-73.980159625303, 40.751405159655], [-73.980156119531, 40.751403693027], [-73.979840713122, 40.751271749257], [-73.979686354525, 40.751207175673]]]]}, "properties": {"name": null, "base_bbl": "1008690054", "shape_area": "1939.359375", "construction_year": "1931", "ground_elevation": "77", "mappluto_bbl": "1008690054", "objectid": "397994", "feature_code": "2100", "shape_length": "199.29174489015881", "height_roof": "509.24", "last_status_type": "Constructed", "bin": "1017597", "last_edited_date": "2017-08-22T17:34:32.000Z", "geom_source": "Photogrammetric", "doitt_id": "175434"}}, {"type": "Feature", "geometry": {"type": "MultiPolygon", "coordinates": [[[[-73.981468432892, 40.750032799255], [-73.981697723807, 40.750129448515], [-73.98165679862, 40.750185601171], [-73.981724781081, 40.750214256176], [-73.981717974629, 40.750223595145], [-73.981604724976, 40.750378983763], [-73.981596475695, 40.750390303608], [-73.981299201641, 40.750264998935], [-73.981468432892, 40.750032799255]]]]}, "properties": {"name": null, "base_bbl": "1008670057", "shape_area": "1394.3671875", "construction_year": "1916", "ground_elevation": "80", "mappluto_bbl": "1008670057", "objectid": "619229", "feature_code": "2100", "shape_length": "153.69123837983682", "height_roof": "213.21", "last_status_type": "Constructed", "bin": "1017221", "last_edited_date": "2017-08-22T19:29:45.000Z", "geom_source": "Photogrammetric", "doitt_id": "734469"}}, {"type": "Feature", "geometry": {"type": "MultiPolygon", "coordinates": [[[[-73.9834400689, 40.752455568745], [-73.983565709229, 40.752278853457], [-73.983594921562, 40.752237764836], [-73.983669137468, 40.752268280017], [-73.983570249524, 40.752407368898], [-73.983514284978, 40.752486084024], [-73.983484726887, 40.752473931066], [-73.9834400689, 40.752455568745]]]]}, "properties": {"name": null, "base_bbl": "1008410026", "shape_area": "341.7265625", "construction_year": "1920", "ground_elevation": "69", "mappluto_bbl": "1008410026", "objectid": "211435", "feature_code": "2100", "shape_length": "91.506388513221225", "height_roof": "75.88", "last_status_type": "Constructed", "bin": "1016043", "last_edited_date": "2017-08-22T18:38:15.000Z", "geom_source": "Photogrammetric", "doitt_id": "330862"}}, {"type": "Feature", "geometry": {"type": "MultiPolygon", "coordinates": [[[[-73.984233269928, 40.753125412306], [-73.984389652124, 40.752909925461], [-73.984443714244, 40.752932614713], [-73.984517944191, 40.752963766904], [-73.984614790624, 40.753004411598], [-73.984458291664, 40.75322005902], [-73.984233269928, 40.753125412306]]]]}, "properties": {"name": null, "base_bbl": "1008410081", "shape_area": "1035.72265625", "construction_year": "1921", "ground_elevation": "65", "mappluto_bbl": "1008410081", "objectid": "580697", "feature_code": "2100", "shape_length": "129.60117262894209", "height_roof": "214.52", "last_status_type": "Constructed", "bin": "1016058", "last_edited_date": "2017-08-22T18:28:42.000Z", "geom_source": "Photogrammetric", "doitt_id": "211097"}}, {"type": "Feature", "geometry": {"type": "MultiPolygon", "coordinates": [[[[-73.984623023083, 40.752480257986], [-73.984709943308, 40.752361051586], [-73.984795307954, 40.752243978211], [-73.984801847664, 40.752235008234], [-73.984919034847, 40.752284423585], [-73.984740210564, 40.752529673517], [-73.984705986019, 40.752515241974], [-73.984623023083, 40.752480257986]]]]}, "properties": {"name": null, "base_bbl": "1008400078", "shape_area": "614.6875", "construction_year": "1924", "ground_elevation": "64", "mappluto_bbl": "1008400078", "objectid": "672697", "feature_code": "2100", "shape_length": "112.2034423256526", "height_roof": "204.03", "last_status_type": "Constructed", "bin": "1016016", "last_edited_date": "2017-08-22T18:09:51.000Z", "geom_source": "Photogrammetric", "doitt_id": "139496"}}, {"type": "Feature", "geometry": {"type": "MultiPolygon", "coordinates": [[[[-73.981211764806, 40.75175493768], [-73.981501610234, 40.751355322028], [-73.981581976054, 40.75138903274], [-73.981411128026, 40.751624585765], [-73.981577589671, 40.751694410721], [-73.981600640535, 40.751662631047], [-73.981913561041, 40.751793888817], [-73.981890541065, 40.751825681165], [-73.981713766394, 40.75206981011], [-73.981630534395, 40.752034897763], [-73.981327241601, 40.751907677758], [-73.981249921713, 40.751875245185], [-73.981200849718, 40.751854661528], [-73.98115376095, 40.751834909341], [-73.981211764806, 40.75175493768]]]]}, "properties": {"name": null, "base_bbl": "1008690074", "shape_area": "3531.12109375", "construction_year": "1915", "ground_elevation": "79", "mappluto_bbl": "1008690074", "objectid": "1062852", "feature_code": "2100", "shape_length": "313.9637983660856", "height_roof": "102", "last_status_type": "Constructed", "bin": "1017602", "last_edited_date": "2017-08-22T17:31:33.000Z", "geom_source": "Other (Manual)", "doitt_id": "694696"}}, {"type": "Feature", "geometry": {"type": "MultiPolygon", "coordinates": [[[[-73.980942695117, 40.751426513637], [-73.980570009489, 40.751270519765], [-73.980740144088, 40.75103595481], [-73.981190139447, 40.751224714891], [-73.981020232209, 40.751458968066], [-73.980942695117, 40.751426513637]]]]}, "properties": {"name": null, "base_bbl": "1008690016", "shape_area": "2250.48046875", "construction_year": "1923", "ground_elevation": "78", "mappluto_bbl": "1008697502", "objectid": "640492", "feature_code": "2100", "shape_length": "193.12583032032393", "height_roof": "225.25", "last_status_type": "Constructed", "bin": "1017588", "last_edited_date": "2017-08-22T19:29:45.000Z", "geom_source": "Photogrammetric", "doitt_id": "517278"}}, {"type": "Feature", "geometry": {"type": "MultiPolygon", "coordinates": [[[[-73.981286022805, 40.752359115383], [-73.981162331763, 40.752308071661], [-73.981198197156, 40.752257810382], [-73.981103246924, 40.752218627344], [-73.981106753386, 40.752213713858], [-73.981118099628, 40.752197812785], [-73.981155640038, 40.752145203273], [-73.981155816454, 40.752145276243], [-73.98125249763, 40.752185173621], [-73.981321000037, 40.752089176413], [-73.981545625094, 40.752181871968], [-73.981552085045, 40.7521845376], [-73.98154579243, 40.752193356147], [-73.981556043578, 40.752197586564], [-73.981559899497, 40.752200617384], [-73.981564169548, 40.752204801817], [-73.981567816648, 40.752209314836], [-73.981570796999, 40.752214101501], [-73.981573076277, 40.752219105977], [-73.981575431026, 40.75222953061], [-73.981575456306, 40.752232321282], [-73.981575479296, 40.752234826493], [-73.981574685474, 40.752240716575], [-73.981567089791, 40.75225136204], [-73.981578410111, 40.752256033875], [-73.9815721092, 40.752264864128], [-73.98145507472, 40.752428876993], [-73.981439572448, 40.752422480004], [-73.981286022805, 40.752359115383]]]]}, "properties": {"name": null, "base_bbl": "1012750001", "shape_area": "1477.82421875", "construction_year": "1988", "ground_elevation": "77", "mappluto_bbl": "1012750001", "objectid": "477779", "feature_code": "2100", "shape_length": "169.20406216288436", "height_roof": "334.58", "last_status_type": "Constructed", "bin": "1071438", "last_edited_date": "2017-08-22T18:33:34.000Z", "geom_source": "Photogrammetric", "doitt_id": "99817"}}, {"type": "Feature", "geometry": {"type": "MultiPolygon", "coordinates": [[[[-73.980352660735, 40.754510006108], [-73.980382447602, 40.754522511102], [-73.980746514426, 40.754675354096], [-73.98072199314, 40.75470913066], [-73.981036299691, 40.754841081673], [-73.981116754724, 40.754874858443], [-73.981096786182, 40.754902364711], [-73.9809655817, 40.755083091676], [-73.980942324411, 40.755115126016], [-73.980465484858, 40.754914941218], [-73.980153705835, 40.75478404988], [-73.980241288793, 40.754663411598], [-73.980352660735, 40.754510006108]]]]}, "properties": {"name": "Morgan Guaranty Trust Co.", "base_bbl": "1012590038", "shape_area": "4328.359375", "construction_year": "1919", "ground_elevation": "64", "mappluto_bbl": "1012597502", "objectid": "51927", "feature_code": "2100", "shape_length": "292.65832244689079", "height_roof": "321.54020633", "last_status_type": "Constructed", "bin": "1034212", "last_edited_date": "2017-08-22T18:26:35.000Z", "geom_source": "Photogrammetric", "doitt_id": "11435"}}, {"type": "Feature", "geometry": {"type": "MultiPolygon", "coordinates": [[[[-73.98250269502, 40.752385443778], [-73.982647338927, 40.752184297147], [-73.982659456145, 40.752189336402], [-73.982848364918, 40.752267895997], [-73.982696539347, 40.752479029309], [-73.982617129545, 40.752445626598], [-73.982496043602, 40.752394693664], [-73.98250269502, 40.752385443778]]]]}, "properties": {"name": null, "base_bbl": "1008410054", "shape_area": "900.34375", "construction_year": "1916", "ground_elevation": "74", "mappluto_bbl": "1008410054", "objectid": "722492", "feature_code": "2100", "shape_length": "121.59516296703129", "height_roof": "290.98", "last_status_type": "Constructed", "bin": "1016048", "last_edited_date": "2017-08-22T17:58:34.000Z", "geom_source": "Photogrammetric", "doitt_id": "399891"}}, {"type": "Feature", "geometry": {"type": "MultiPolygon", "coordinates": [[[[-73.98328551411, 40.755243923485], [-73.983328003638, 40.755185172559], [-73.983346490578, 40.755192904271], [-73.983350462564, 40.755187413563], [-73.983471184878, 40.755237899775], [-73.983418673667, 40.755310508091], [-73.983293799897, 40.755258285047], [-73.983299850881, 40.755249918428], [-73.98328551411, 40.755243923485]]]]}, "properties": {"name": null, "base_bbl": "1012580009", "shape_area": "210.640625", "construction_year": "1971", "ground_elevation": "64", "mappluto_bbl": "1012580009", "objectid": "1058547", "feature_code": "2100", "shape_length": "59.7361421725379", "height_roof": "20", "last_status_type": "Constructed", "bin": "1089022", "last_edited_date": "2017-08-10T15:05:45.000Z", "geom_source": "Other (Manual)", "doitt_id": "1046017"}}, {"type": "Feature", "geometry": {"type": "MultiPolygon", "coordinates": [[[[-73.980086436284, 40.756370226381], [-73.980213338037, 40.756195705094], [-73.980223072708, 40.756182317152], [-73.980227741486, 40.756184280154], [-73.980248059094, 40.756156219389], [-73.980275453685, 40.756167691118], [-73.98025510647, 40.756195786102], [-73.980359704712, 40.756239765751], [-73.980223068555, 40.756427675141], [-73.980086436284, 40.756370226381]]]]}, "properties": {"name": null, "base_bbl": "1012610048", "shape_area": "564.82421875", "construction_year": "1913", "ground_elevation": "61", "mappluto_bbl": "1012610048", "objectid": "18420", "feature_code": "2100", "shape_length": "107.25781797785422", "height_roof": "152.11", "last_status_type": "Constructed", "bin": "1034256", "last_edited_date": "2017-08-22T17:47:10.000Z", "geom_source": "Photogrammetric", "doitt_id": "576422"}}, {"type": "Feature", "geometry": {"type": "MultiPolygon", "coordinates": [[[[-73.984968256493, 40.756466390584], [-73.984904074276, 40.756439634483], [-73.984826349482, 40.756407232196], [-73.984775744334, 40.756386135685], [-73.98458003793, 40.75630454909], [-73.984642784792, 40.756217515525], [-73.984736392444, 40.756087675091], [-73.984914901675, 40.756162092051], [-73.985191808166, 40.756277529535], [-73.985035454689, 40.756494404146], [-73.984968256493, 40.756466390584]], [[-73.98509026915, 40.756333675555], [-73.984903784295, 40.756250814686], [-73.9848527271, 40.756317259876], [-73.985039210893, 40.756400120826], [-73.98509026915, 40.756333675555]]]]}, "properties": {"name": "Woodstock Hotel", "base_bbl": "1009960014", "shape_area": "1829.47265625", "construction_year": "1902", "ground_elevation": "57", "mappluto_bbl": "1009960014", "objectid": "877632", "feature_code": "2100", "shape_length": "259.09387109253362", "height_roof": "151.1", "last_status_type": "Constructed", "bin": "1022613", "last_edited_date": "2017-08-22T18:08:35.000Z", "geom_source": "Photogrammetric", "doitt_id": "357972"}}, {"type": "Feature", "geometry": {"type": "MultiPolygon", "coordinates": [[[[-73.981276464404, 40.754941906434], [-73.981116754724, 40.754874858443], [-73.981036299691, 40.754841081673], [-73.981089763142, 40.754767439013], [-73.981209634333, 40.754602322116], [-73.981513370136, 40.754729833314], [-73.981391659711, 40.754897482448], [-73.981340035066, 40.754968593323], [-73.981276464404, 40.754941906434]]]]}, "properties": {"name": "Princeton Club of N.Y.", "base_bbl": "1012590025", "shape_area": "1547.91015625", "construction_year": "1962", "ground_elevation": "66", "mappluto_bbl": "1012590025", "objectid": "219660", "feature_code": "2100", "shape_length": "157.3988173791497", "height_roof": "156.1", "last_status_type": "Constructed", "bin": "1034207", "last_edited_date": "2017-08-22T18:57:58.000Z", "geom_source": "Photogrammetric", "doitt_id": "485394"}}, {"type": "Feature", "geometry": {"type": "MultiPolygon", "coordinates": [[[[-73.981420431451, 40.753617287351], [-73.981353871317, 40.75358887915], [-73.98137423371, 40.753561289149], [-73.981440795009, 40.753589698238], [-73.981420431451, 40.753617287351]]]]}, "properties": {"name": null, "base_bbl": "1201519999", "shape_area": "39.5", "construction_year": null, "ground_elevation": "75", "mappluto_bbl": "1201519999", "objectid": "1078638", "feature_code": "1004", "shape_length": "26.299269856354847", "height_roof": "0", "last_status_type": "Constructed", "bin": "1090962", "last_edited_date": "2021-03-29T16:29:07.000Z", "geom_source": "Other (Manual)", "doitt_id": "1294196"}}, {"type": "Feature", "geometry": {"type": "MultiPolygon", "coordinates": [[[[-73.980829346841, 40.756384471417], [-73.980767728767, 40.756358563514], [-73.980754724078, 40.756353096176], [-73.980767939278, 40.756334920782], [-73.980927607457, 40.756115332979], [-73.981025600075, 40.756156533772], [-73.981092149729, 40.75618451531], [-73.980994882774, 40.756318284685], [-73.980919266758, 40.756422278752], [-73.980829346841, 40.756384471417]]]]}, "properties": {"name": null, "base_bbl": "1012610019", "shape_area": "835.671875", "construction_year": "1920", "ground_elevation": "62", "mappluto_bbl": "1012610019", "objectid": "620813", "feature_code": "2100", "shape_length": "121.67976038920787", "height_roof": "164.83", "last_status_type": "Constructed", "bin": "1034244", "last_edited_date": "2017-08-22T17:55:39.000Z", "geom_source": "Photogrammetric", "doitt_id": "101362"}}, {"type": "Feature", "geometry": {"type": "MultiPolygon", "coordinates": [[[[-73.982448944383, 40.752371249933], [-73.982460142241, 40.75235562426], [-73.982441939153, 40.752348080651], [-73.982450498944, 40.752336135844], [-73.982434038736, 40.752329314705], [-73.982441455405, 40.752318965422], [-73.982426944094, 40.752312951432], [-73.982433337283, 40.752304030195], [-73.98241812267, 40.752297725233], [-73.982429417658, 40.752281964502], [-73.982381747993, 40.752262209128], [-73.98238576965, 40.75225659689], [-73.98237008855, 40.752250097341], [-73.982373231248, 40.752245711458], [-73.982356837375, 40.752238917333], [-73.982359811862, 40.752234766457], [-73.982276270835, 40.752179875906], [-73.982144261332, 40.752113451317], [-73.982157539178, 40.75209114154], [-73.982124587541, 40.752079799062], [-73.982216967359, 40.751950554742], [-73.982375582381, 40.751728639526], [-73.982672510417, 40.7518513767], [-73.982961725689, 40.751970924176], [-73.982791809422, 40.752206457754], [-73.982668421948, 40.752154979849], [-73.982657929008, 40.752169570068], [-73.982647338927, 40.752184297147], [-73.98250269502, 40.752385443778], [-73.982492604821, 40.752381235082], [-73.982488101052, 40.752387477604], [-73.982448944383, 40.752371249933]]]]}, "properties": {"name": "Fifth Avenue Tower", "base_bbl": "1008410049", "shape_area": "4541.3046875", "construction_year": "1902", "ground_elevation": "75", "mappluto_bbl": "1008410049", "objectid": "1065032", "feature_code": "2100", "shape_length": "302.69605693058958", "height_roof": "438", "last_status_type": "Constructed", "bin": "1016046", "last_edited_date": "2017-08-22T19:10:30.000Z", "geom_source": "Other (Manual)", "doitt_id": "1262643"}}, {"type": "Feature", "geometry": {"type": "MultiPolygon", "coordinates": [[[[-73.983860816751, 40.752158895125], [-73.984009903306, 40.751954431737], [-73.984020571327, 40.751958930343], [-73.984178671334, 40.752025599506], [-73.984029585137, 40.75223006221], [-73.983983821397, 40.75221076432], [-73.983860816751, 40.752158895125]]]]}, "properties": {"name": null, "base_bbl": "1008400066", "shape_area": "738.03125", "construction_year": "1925", "ground_elevation": "68", "mappluto_bbl": "1008407503", "objectid": "837301", "feature_code": "2100", "shape_length": "111.65249355803428", "height_roof": "165.74", "last_status_type": "Constructed", "bin": "1016010", "last_edited_date": "2017-08-22T18:26:23.000Z", "geom_source": "Photogrammetric", "doitt_id": "588847"}}, {"type": "Feature", "geometry": {"type": "MultiPolygon", "coordinates": [[[[-73.984458291664, 40.75322005902], [-73.984614790624, 40.753004411598], [-73.984628935212, 40.753010347819], [-73.98478547427, 40.753076043384], [-73.98476463478, 40.753104758659], [-73.984732051793, 40.753149657165], [-73.984628888038, 40.753291812592], [-73.984595246853, 40.753277662954], [-73.984458291664, 40.75322005902]]]]}, "properties": {"name": null, "base_bbl": "1008410085", "shape_area": "785.71484375", "construction_year": "1922", "ground_elevation": "64", "mappluto_bbl": "1008410085", "objectid": "777224", "feature_code": "2100", "shape_length": "115.78854474427601", "height_roof": "217.08", "last_status_type": "Constructed", "bin": "1016059", "last_edited_date": "2017-08-22T17:58:01.000Z", "geom_source": "Photogrammetric", "doitt_id": "843549"}}, {"type": "Feature", "geometry": {"type": "MultiPolygon", "coordinates": [[[[-73.983495581983, 40.751666076179], [-73.983650530794, 40.751453574364], [-73.983706246698, 40.751477070155], [-73.983641362869, 40.751566055262], [-73.983629739056, 40.751581996169], [-73.983551298011, 40.751689571143], [-73.983495581983, 40.751666076179]]]]}, "properties": {"name": null, "base_bbl": "1008400034", "shape_area": "253.22265625", "construction_year": "1930", "ground_elevation": "72", "mappluto_bbl": "1008400034", "objectid": "43931", "feature_code": "2100", "shape_length": "85.544468770959966", "height_roof": "57.27", "last_status_type": "Constructed", "bin": "1016003", "last_edited_date": "2017-08-22T19:11:57.000Z", "geom_source": "Photogrammetric", "doitt_id": "821880"}}, {"type": "Feature", "geometry": {"type": "MultiPolygon", "coordinates": [[[[-73.984209410321, 40.751736371128], [-73.984090653509, 40.751899239202], [-73.983954927085, 40.751842004935], [-73.984073682942, 40.751679136999], [-73.984209410321, 40.751736371128]]]]}, "properties": {"name": null, "base_bbl": "1008400026", "shape_area": "472.7890625", "construction_year": "2023", "ground_elevation": "67", "mappluto_bbl": "1008407502", "objectid": "1075639", "feature_code": "2100", "shape_length": "89.267352249467834", "height_roof": "256", "last_status_type": "Constructed", "bin": "1090631", "last_edited_date": "2023-07-31T19:38:03.000Z", "geom_source": "Other (Manual)", "doitt_id": "1284829"}}, {"type": "Feature", "geometry": {"type": "MultiPolygon", "coordinates": [[[[-73.980663862122, 40.752103259964], [-73.980738041996, 40.751999306283], [-73.980823657929, 40.751879325451], [-73.980989479372, 40.751947756264], [-73.980887744552, 40.752090327337], [-73.980829685143, 40.752171691005], [-73.980663862122, 40.752103259964]]]]}, "properties": {"name": null, "base_bbl": "1012750008", "shape_area": "786.3125", "construction_year": "1913", "ground_elevation": "78", "mappluto_bbl": "1012750008", "objectid": "434035", "feature_code": "2100", "shape_length": "116.85502955122735", "height_roof": "227.02", "last_status_type": "Constructed", "bin": "1081143", "last_edited_date": "2017-08-22T18:00:02.000Z", "geom_source": "Photogrammetric", "doitt_id": "43100"}}, {"type": "Feature", "geometry": {"type": "MultiPolygon", "coordinates": [[[[-73.981798696828, 40.750053460893], [-73.981550213937, 40.749948723116], [-73.981610876071, 40.749865488223], [-73.981897058687, 40.74998611673], [-73.981844526363, 40.750058195782], [-73.981818001457, 40.750061598214], [-73.981798696828, 40.750053460893]]]]}, "properties": {"name": null, "base_bbl": "1008670016", "shape_area": "507.1484375", "construction_year": "1930", "ground_elevation": "79", "mappluto_bbl": "1008670016", "objectid": "364030", "feature_code": "2100", "shape_length": "99.635287151456936", "height_roof": "60.94", "last_status_type": "Constructed", "bin": "1017195", "last_edited_date": "2017-08-22T19:16:32.000Z", "geom_source": "Photogrammetric", "doitt_id": "130412"}}, {"type": "Feature", "geometry": {"type": "MultiPolygon", "coordinates": [[[[-73.980596761577, 40.755160587988], [-73.980477025483, 40.755324840672], [-73.980424565603, 40.75539680377], [-73.980188392097, 40.755297246738], [-73.980012278917, 40.75553883184], [-73.97969809796, 40.755406389995], [-73.980046409256, 40.754928590401], [-73.980517607775, 40.755127220806], [-73.980596761577, 40.755160587988]]]]}, "properties": {"name": "Bank of N.Y. Building", "base_bbl": "1012600034", "shape_area": "4403.47265625", "construction_year": "1957", "ground_elevation": "61", "mappluto_bbl": "1012607503", "objectid": "49240", "feature_code": "2100", "shape_length": "300.64445248135092", "height_roof": "302.34244", "last_status_type": "Constructed", "bin": "1034227", "last_edited_date": "2017-08-22T19:09:52.000Z", "geom_source": "Photogrammetric", "doitt_id": "214909"}}, {"type": "Feature", "geometry": {"type": "MultiPolygon", "coordinates": [[[[-73.982946625683, 40.752271047947], [-73.982791809422, 40.752206457754], [-73.982961725689, 40.751970924176], [-73.983105443785, 40.752030883915], [-73.983330147834, 40.752124631395], [-73.983231293069, 40.752261661436], [-73.983160231294, 40.752360165512], [-73.982946625683, 40.752271047947]]]]}, "properties": {"name": null, "base_bbl": "1008410031", "shape_area": "1846.73828125", "construction_year": "1923", "ground_elevation": "73", "mappluto_bbl": "1008410031", "objectid": "625167", "feature_code": "2100", "shape_length": "172.52735335260894", "height_roof": "170.09", "last_status_type": "Constructed", "bin": "1016045", "last_edited_date": "2017-08-22T17:30:03.000Z", "geom_source": "Photogrammetric", "doitt_id": "246921"}}, {"type": "Feature", "geometry": {"type": "MultiPolygon", "coordinates": [[[[-73.980574887728, 40.752376380135], [-73.980619082737, 40.752314422869], [-73.980690434042, 40.752214394051], [-73.980719896852, 40.75217309008], [-73.9809211112, 40.752256125907], [-73.980808017569, 40.752414612363], [-73.9807760587, 40.752459399096], [-73.980574887728, 40.752376380135]]]]}, "properties": {"name": null, "base_bbl": "1012750064", "shape_area": "866.00390625", "construction_year": "1926", "ground_elevation": "76", "mappluto_bbl": "1012750064", "objectid": "894901", "feature_code": "2100", "shape_length": "118.92004983126681", "height_roof": "226.07", "last_status_type": "Constructed", "bin": "1035326", "last_edited_date": "2017-08-22T18:25:31.000Z", "geom_source": "Photogrammetric", "doitt_id": "566085"}}, {"type": "Feature", "geometry": {"type": "MultiPolygon", "coordinates": [[[[-73.980221033843, 40.753369104153], [-73.980222496884, 40.753367091773], [-73.980629784455, 40.753538333603], [-73.980638496499, 40.753541996523], [-73.980598608397, 40.753596864829], [-73.98058741825, 40.75361225799], [-73.980534212269, 40.753685446618], [-73.980464001707, 40.753782025674], [-73.980461611158, 40.753781020304], [-73.980313264635, 40.753718654843], [-73.980080804332, 40.753620928027], [-73.980122703234, 40.753563293894], [-73.980089890496, 40.753549499685], [-73.980118202554, 40.753510555001], [-73.980173632444, 40.753434307928], [-73.980221033843, 40.753369104153]]]]}, "properties": {"name": null, "base_bbl": "1012770002", "shape_area": "2092.37109375", "construction_year": "2004", "ground_elevation": "70", "mappluto_bbl": "1012770002", "objectid": "1065822", "feature_code": "2100", "shape_length": "186.46455808645743", "height_roof": "407", "last_status_type": "Constructed", "bin": "1035344", "last_edited_date": "2017-08-22T17:41:03.000Z", "geom_source": "Other (Manual)", "doitt_id": "760486"}}, {"type": "Feature", "geometry": {"type": "MultiPolygon", "coordinates": [[[[-73.981572845068, 40.755379824116], [-73.981705567202, 40.755197007536], [-73.981715851108, 40.755182841516], [-73.981875842753, 40.755250006684], [-73.981870347197, 40.755257577269], [-73.981731602637, 40.75544869124], [-73.981571609476, 40.755381525873], [-73.981572845068, 40.755379824116]]]]}, "properties": {"name": null, "base_bbl": "1012590054", "shape_area": "678.5078125", "construction_year": "1901", "ground_elevation": "65", "mappluto_bbl": "1012590054", "objectid": "580546", "feature_code": "2100", "shape_length": "107.36817053026176", "height_roof": "184.96", "last_status_type": "Constructed", "bin": "1034215", "last_edited_date": "2017-08-22T17:30:33.000Z", "geom_source": "Photogrammetric", "doitt_id": "814032"}}, {"type": "Feature", "geometry": {"type": "MultiPolygon", "coordinates": [[[[-73.982331793448, 40.756326325555], [-73.982348480422, 40.756303356222], [-73.982399602722, 40.756232985047], [-73.98238006533, 40.756224777557], [-73.98238108531, 40.756223375626], [-73.982425970345, 40.756161644734], [-73.982757125989, 40.756300875978], [-73.982820700899, 40.75632760527], [-73.982707099761, 40.756483981737], [-73.982447231227, 40.756374818303], [-73.982331793448, 40.756326325555]]]]}, "properties": {"name": null, "base_bbl": "1012600004", "shape_area": "1279.83984375", "construction_year": "1914", "ground_elevation": "62", "mappluto_bbl": "1012600004", "objectid": "766775", "feature_code": "2100", "shape_length": "152.99547860871974", "height_roof": "106.35", "last_status_type": "Constructed", "bin": "1034218", "last_edited_date": "2017-08-22T17:32:03.000Z", "geom_source": "Photogrammetric", "doitt_id": "623131"}}, {"type": "Feature", "geometry": {"type": "MultiPolygon", "coordinates": [[[[-73.984637561965, 40.750873261147], [-73.984675602248, 40.750820003982], [-73.984791996965, 40.75065704852], [-73.984808526591, 40.750633906794], [-73.984901697172, 40.750672394966], [-73.984962935182, 40.750697691887], [-73.984956816096, 40.750706258503], [-73.98492899473, 40.750745209858], [-73.984806354329, 40.750916910348], [-73.984791970946, 40.750937046467], [-73.984707289402, 40.750902065005], [-73.984637561965, 40.750873261147]]]]}, "properties": {"name": null, "base_bbl": "1008380066", "shape_area": "782.9453125", "construction_year": "1996", "ground_elevation": "65", "mappluto_bbl": "1008380066", "objectid": "1082857", "feature_code": "2100", "shape_length": "119.13828033453053", "height_roof": "36", "last_status_type": "Constructed", "bin": "1088178", "last_edited_date": "2017-08-22T19:02:11.000Z", "geom_source": "Other (Manual)", "doitt_id": "261339"}}, {"type": "Feature", "geometry": {"type": "MultiPolygon", "coordinates": [[[[-73.985115068017, 40.753184664482], [-73.985045097942, 40.753281080675], [-73.984766852154, 40.753164308059], [-73.984836822509, 40.753067891133], [-73.985115068017, 40.753184664482]]]]}, "properties": {"name": null, "base_bbl": "1008410091", "shape_area": "572.5234375", "construction_year": "2019", "ground_elevation": "61", "mappluto_bbl": "1008417503", "objectid": "1075529", "feature_code": "2100", "shape_length": "103.15648394527722", "height_roof": "246", "last_status_type": "Constructed", "bin": "1090451", "last_edited_date": "2023-07-20T20:16:44.000Z", "geom_source": "Other (Manual)", "doitt_id": "1283104"}}, {"type": "Feature", "geometry": {"type": "MultiPolygon", "coordinates": [[[[-73.980829685143, 40.752171691005], [-73.980887744552, 40.752090327337], [-73.980989479372, 40.751947756264], [-73.981063647555, 40.751978363168], [-73.981037113413, 40.752015547896], [-73.980955113143, 40.752130463235], [-73.980955063389, 40.752130532566], [-73.980903852318, 40.75220229801], [-73.980829685143, 40.752171691005]]]]}, "properties": {"name": null, "base_bbl": "1012750008", "shape_area": "351.69921875", "construction_year": "1913", "ground_elevation": "78", "mappluto_bbl": "1012750008", "objectid": "495172", "feature_code": "2100", "shape_length": "93.6177750727667", "height_roof": "40.17", "last_status_type": "Constructed", "bin": "1081144", "last_edited_date": "2017-08-22T17:33:06.000Z", "geom_source": "Photogrammetric", "doitt_id": "487058"}}, {"type": "Feature", "geometry": {"type": "MultiPolygon", "coordinates": [[[[-73.983636315712, 40.750825131712], [-73.983569598801, 40.750916567704], [-73.983395320677, 40.751155414548], [-73.983341249731, 40.751132596925], [-73.983245211971, 40.751092069232], [-73.982937724508, 40.750962311611], [-73.982939872075, 40.750959369075], [-73.982951846565, 40.750942958225], [-73.98317282691, 40.750640110004], [-73.983276009609, 40.750498698747], [-73.983443669673, 40.750569450514], [-73.983408031035, 40.750618292438], [-73.983424833062, 40.75062538274], [-73.983407498789, 40.750649140098], [-73.983437097416, 40.750661630774], [-73.983420818546, 40.750683941172], [-73.983552954638, 40.750739702339], [-73.983610280141, 40.750763892698], [-73.983582244952, 40.750802315101], [-73.983636315712, 40.750825131712]]]]}, "properties": {"name": null, "base_bbl": "1008390050", "shape_area": "3936.35546875", "construction_year": "1990", "ground_elevation": "77", "mappluto_bbl": "1008397501", "objectid": "289696", "feature_code": "2100", "shape_length": "272.30087294854985", "height_roof": "391", "last_status_type": "Constructed", "bin": "1081017", "last_edited_date": "2017-08-22T18:54:57.000Z", "geom_source": "Other (Manual)", "doitt_id": "708214"}}, {"type": "Feature", "geometry": {"type": "MultiPolygon", "coordinates": [[[[-73.980150121133, 40.750846000066], [-73.980055810744, 40.750976382456], [-73.980049770403, 40.750984731803], [-73.979967769111, 40.750951949058], [-73.980069269033, 40.750811628198], [-73.980150121133, 40.750846000066]]]]}, "properties": {"name": null, "base_bbl": "1008690025", "shape_area": "241.27734375", "construction_year": "2020", "ground_elevation": "77", "mappluto_bbl": "1008690025", "objectid": "1033318", "feature_code": "2100", "shape_length": "67.40072994514658", "height_roof": "251", "last_status_type": "Constructed", "bin": "1017592", "last_edited_date": "2023-07-31T19:40:21.000Z", "geom_source": "Other (Manual)", "doitt_id": "1290767"}}, {"type": "Feature", "geometry": {"type": "MultiPolygon", "coordinates": [[[[-73.981738399035, 40.755927271329], [-73.981766534598, 40.75588867382], [-73.981897570072, 40.755708917583], [-73.981905078371, 40.755698617881], [-73.981905303454, 40.755698309043], [-73.981968260526, 40.755724846903], [-73.982131506306, 40.755793657443], [-73.982073667179, 40.755873003696], [-73.982051971684, 40.755875887339], [-73.982010266136, 40.755933100748], [-73.982019864015, 40.755946812441], [-73.98197222803, 40.756012160076], [-73.981964602425, 40.756022620954], [-73.981738399035, 40.755927271329]]]]}, "properties": {"name": "Iriquois Hotel", "base_bbl": "1012600012", "shape_area": "1086.625", "construction_year": "1900", "ground_elevation": "65", "mappluto_bbl": "1012600012", "objectid": "703969", "feature_code": "2100", "shape_length": "136.45382355454259", "height_roof": "137.8", "last_status_type": "Constructed", "bin": "1034220", "last_edited_date": "2017-08-22T19:28:31.000Z", "geom_source": "Photogrammetric", "doitt_id": "118502"}}, {"type": "Feature", "geometry": {"type": "MultiPolygon", "coordinates": [[[[-73.979886371187, 40.750473968306], [-73.979999719079, 40.750312888397], [-73.980031979792, 40.750326017969], [-73.980053612045, 40.750295275736], [-73.980044759355, 40.750280399643], [-73.98005776619, 40.75026267273], [-73.980076077594, 40.750257609651], [-73.980112338917, 40.750272366207], [-73.980105976363, 40.750281407991], [-73.98008137668, 40.750316366792], [-73.980062363617, 40.750343386791], [-73.979951752299, 40.750500577051], [-73.979886371187, 40.750473968306]]]]}, "properties": {"name": null, "base_bbl": "1008680048", "shape_area": "277.171875", "construction_year": "1907", "ground_elevation": "75", "mappluto_bbl": "1008680048", "objectid": "760583", "feature_code": "2100", "shape_length": "94.412508627508132", "height_roof": "73.91", "last_status_type": "Constructed", "bin": "1017238", "last_edited_date": "2017-08-22T19:11:18.000Z", "geom_source": "Photogrammetric", "doitt_id": "18179"}}, {"type": "Feature", "geometry": {"type": "MultiPolygon", "coordinates": [[[[-73.979566693027, 40.756151691685], [-73.979601219129, 40.756104210553], [-73.979689795183, 40.755982396829], [-73.979729357295, 40.755927989857], [-73.979901537425, 40.756000385537], [-73.980045655614, 40.756060982182], [-73.980023263572, 40.756091776486], [-73.980009893022, 40.756110164288], [-73.979882992083, 40.756284685353], [-73.979750883524, 40.75622913795], [-73.979566693027, 40.756151691685]]]]}, "properties": {"name": null, "base_bbl": "1012610042", "shape_area": "1511.42578125", "construction_year": "1926", "ground_elevation": "62", "mappluto_bbl": "1012610042", "objectid": "150828", "feature_code": "2100", "shape_length": "155.60518269123176", "height_roof": "217.22", "last_status_type": "Constructed", "bin": "1034254", "last_edited_date": "2017-08-22T18:59:27.000Z", "geom_source": "Photogrammetric", "doitt_id": "540141"}}, {"type": "Feature", "geometry": {"type": "MultiPolygon", "coordinates": [[[[-73.982018210143, 40.756072303911], [-73.981949498106, 40.756043341018], [-73.981964602425, 40.756022620954], [-73.98197222803, 40.756012160076], [-73.982019864015, 40.755946812441], [-73.982073667179, 40.755873003696], [-73.982131506306, 40.755793657443], [-73.982271915139, 40.755852842339], [-73.982263117989, 40.755864910459], [-73.982210689229, 40.755936834747], [-73.98218682929, 40.755969566232], [-73.982160835235, 40.755958609363], [-73.98214293167, 40.755983169675], [-73.982168549196, 40.755993968001], [-73.982159011587, 40.756007114804], [-73.982139015884, 40.756034678877], [-73.982120091943, 40.756026701066], [-73.982101432538, 40.756052298636], [-73.982070715746, 40.756094436611], [-73.982018210143, 40.756072303911]]]]}, "properties": {"name": null, "base_bbl": "1012600010", "shape_area": "708.015625", "construction_year": "1904", "ground_elevation": "65", "mappluto_bbl": "1012600010", "objectid": "220228", "feature_code": "2100", "shape_length": "126.14570679988645", "height_roof": "98.61", "last_status_type": "Constructed", "bin": "1034219", "last_edited_date": "2017-08-22T19:39:24.000Z", "geom_source": "Photogrammetric", "doitt_id": "744771"}}, {"type": "Feature", "geometry": {"type": "MultiPolygon", "coordinates": [[[[-73.983765505636, 40.75623845717], [-73.983689998256, 40.756206978346], [-73.983654862468, 40.756255713218], [-73.983620069022, 40.75624120744], [-73.983376349551, 40.756139602732], [-73.983479364254, 40.755996720855], [-73.983564447037, 40.756032191323], [-73.983619300697, 40.755956107331], [-73.983705151961, 40.755837029468], [-73.98364765503, 40.755813058873], [-73.983620745467, 40.755801840156], [-73.983721087835, 40.755662661454], [-73.983777687117, 40.755686294197], [-73.984054812227, 40.755802001904], [-73.984019376031, 40.755851154684], [-73.984141952012, 40.75590225549], [-73.984237329539, 40.755942016887], [-73.984128661243, 40.756092744767], [-73.984039601299, 40.756216275496], [-73.98396396151, 40.756321190975], [-73.983765505636, 40.75623845717]]]]}, "properties": {"name": null, "base_bbl": "1009960029", "shape_area": "4740.90625", "construction_year": "1968", "ground_elevation": "63", "mappluto_bbl": "1009960029", "objectid": "316828", "feature_code": "2100", "shape_length": "321.63979083655295", "height_roof": "548.44", "last_status_type": "Constructed", "bin": "1080824", "last_edited_date": "2017-08-22T17:35:32.000Z", "geom_source": "Photogrammetric", "doitt_id": "727018"}}, {"type": "Feature", "geometry": {"type": "MultiPolygon", "coordinates": [[[[-73.984443714244, 40.752932614713], [-73.984472067337, 40.752893545592], [-73.98463236664, 40.752672658606], [-73.98463921393, 40.752675538436], [-73.984706557296, 40.752703864701], [-73.98466231514, 40.752764829366], [-73.984517944191, 40.752963766904], [-73.984443714244, 40.752932614713]]]]}, "properties": {"name": null, "base_bbl": "1008410012", "shape_area": "411.75390625", "construction_year": "1910", "ground_elevation": "64", "mappluto_bbl": "1008410012", "objectid": "784847", "feature_code": "2100", "shape_length": "106.0692251675314", "height_roof": "58.01", "last_status_type": "Constructed", "bin": "1016036", "last_edited_date": "2017-08-22T18:49:42.000Z", "geom_source": "Photogrammetric", "doitt_id": "282784"}}, {"type": "Feature", "geometry": {"type": "MultiPolygon", "coordinates": [[[[-73.979820195685, 40.750447037003], [-73.979834138693, 40.750427222907], [-73.979915058917, 40.750312225303], [-73.979980039872, 40.750219881605], [-73.979981449564, 40.750217877324], [-73.980014181445, 40.750231198791], [-73.980015071787, 40.750231559148], [-73.980014903572, 40.750231797753], [-73.979967164755, 40.750299639897], [-73.979989879138, 40.750308883938], [-73.979999719079, 40.750312888397], [-73.979886371187, 40.750473968306], [-73.979820195685, 40.750447037003]]]]}, "properties": {"name": null, "base_bbl": "1008680047", "shape_area": "272.4609375", "construction_year": "1938", "ground_elevation": "76", "mappluto_bbl": "1008680047", "objectid": "479194", "feature_code": "2100", "shape_length": "93.043918498715655", "height_roof": "61.19", "last_status_type": "Constructed", "bin": "1017237", "last_edited_date": "2017-08-22T18:33:34.000Z", "geom_source": "Photogrammetric", "doitt_id": "572119"}}, {"type": "Feature", "geometry": {"type": "MultiPolygon", "coordinates": [[[[-73.979515108591, 40.753644721046], [-73.979566850225, 40.753573549762], [-73.979758520527, 40.753309900213], [-73.979835289866, 40.753204301462], [-73.979903467641, 40.753232964766], [-73.980090437635, 40.753311568157], [-73.980008752259, 40.753423930823], [-73.9798810165, 40.753599636874], [-73.97992947722, 40.753620010263], [-73.97990690706, 40.753651057566], [-73.979818719513, 40.75377236278], [-73.979763712266, 40.75374923715], [-73.979645090069, 40.753699366959], [-73.979515108591, 40.753644721046]]]]}, "properties": {"name": null, "base_bbl": "1012770008", "shape_area": "2557.78515625", "construction_year": "1968", "ground_elevation": "64", "mappluto_bbl": "1012770008", "objectid": "746450", "feature_code": "2100", "shape_length": "225.07897671900082", "height_roof": "385.3", "last_status_type": "Constructed", "bin": "1035347", "last_edited_date": "2017-08-22T18:13:58.000Z", "geom_source": "Photogrammetric", "doitt_id": "345744"}}, {"type": "Feature", "geometry": {"type": "MultiPolygon", "coordinates": [[[[-73.984010629538, 40.750201324013], [-73.984130108056, 40.750034050806], [-73.984204460204, 40.750064945684], [-73.98428283562, 40.750097513303], [-73.984153961883, 40.750277940869], [-73.984076236284, 40.750245832511], [-73.984043677678, 40.750232382549], [-73.984053276917, 40.750218942023], [-73.984010629538, 40.750201324013]]]]}, "properties": {"name": null, "base_bbl": "1008380038", "shape_area": "572.87109375", "construction_year": "2011", "ground_elevation": "56", "mappluto_bbl": "1008380038", "objectid": "45351", "feature_code": "2100", "shape_length": "99.120461450942472", "height_roof": "260", "last_status_type": "Correction", "bin": "1080727", "last_edited_date": "2025-05-07T19:48:11.000Z", "geom_source": "Other (Manual)", "doitt_id": "1255844"}}, {"type": "Feature", "geometry": {"type": "MultiPolygon", "coordinates": [[[[-73.979951752299, 40.750500577051], [-73.980062363617, 40.750343386791], [-73.980066595116, 40.75034510839], [-73.980093323177, 40.750355986623], [-73.980123552149, 40.750313026895], [-73.980156815708, 40.750326563634], [-73.980125784767, 40.750370661473], [-73.980015975541, 40.750526713693], [-73.979951752299, 40.750500577051]]]]}, "properties": {"name": null, "base_bbl": "1008680049", "shape_area": "242.49609375", "construction_year": "1915", "ground_elevation": "75", "mappluto_bbl": "1008680049", "objectid": "315076", "feature_code": "2100", "shape_length": "82.888951951815514", "height_roof": "62.29", "last_status_type": "Constructed", "bin": "1017239", "last_edited_date": "2017-08-22T19:17:33.000Z", "geom_source": "Photogrammetric", "doitt_id": "59400"}}, {"type": "Feature", "geometry": {"type": "MultiPolygon", "coordinates": [[[[-73.984628888038, 40.753291812592], [-73.984732051793, 40.753149657165], [-73.985003805306, 40.75326370589], [-73.985045245928, 40.753281097341], [-73.984941745116, 40.753423401585], [-73.984905371004, 40.753408101735], [-73.984628888038, 40.753291812592]]]]}, "properties": {"name": null, "base_bbl": "1008410089", "shape_area": "950.60546875", "construction_year": "1901", "ground_elevation": "63", "mappluto_bbl": "1008410089", "objectid": "1056565", "feature_code": "2100", "shape_length": "127.40701935749462", "height_roof": "171.11", "last_status_type": "Constructed", "bin": "1016060", "last_edited_date": "2020-01-28T17:22:33.000Z", "geom_source": "Photogrammetric", "doitt_id": "559323"}}, {"type": "Feature", "geometry": {"type": "MultiPolygon", "coordinates": [[[[-73.98396396151, 40.756321190975], [-73.984039601299, 40.756216275496], [-73.984128661243, 40.756092744767], [-73.9841847803, 40.75611614041], [-73.984173282532, 40.756132089482], [-73.984213264756, 40.756148757919], [-73.984224105063, 40.756133721865], [-73.984348671007, 40.756185652087], [-73.984332809194, 40.75620765378], [-73.9843147985, 40.756232634949], [-73.984143101563, 40.756470786102], [-73.983974729474, 40.75640048557], [-73.983922510682, 40.756378683365], [-73.983923754527, 40.75637695907], [-73.98396396151, 40.756321190975]]]]}, "properties": {"name": null, "base_bbl": "1009960029", "shape_area": "1326.74609375", "construction_year": "1968", "ground_elevation": "60", "mappluto_bbl": "1009960029", "objectid": "345761", "feature_code": "2100", "shape_length": "156.88965451370797", "height_roof": "172.45", "last_status_type": "Constructed", "bin": "1080823", "last_edited_date": "2017-08-22T18:02:11.000Z", "geom_source": "Photogrammetric", "doitt_id": "493485"}}, {"type": "Feature", "geometry": {"type": "MultiPolygon", "coordinates": [[[[-73.980369685073, 40.756164126803], [-73.98039454825, 40.756129933445], [-73.980394715526, 40.756108787806], [-73.980416083206, 40.75611777128], [-73.980537211821, 40.755951187504], [-73.980615270191, 40.755984008777], [-73.980457463635, 40.75620103453], [-73.980369685073, 40.756164126803]]]]}, "properties": {"name": null, "base_bbl": "1012610025", "shape_area": "374.37109375", "construction_year": "1929", "ground_elevation": "61", "mappluto_bbl": "1012610025", "objectid": "997740", "feature_code": "2100", "shape_length": "97.038984204621684", "height_roof": "46.07", "last_status_type": "Constructed", "bin": "1034246", "last_edited_date": "2017-08-22T19:02:11.000Z", "geom_source": "Photogrammetric", "doitt_id": "799245"}}, {"type": "Feature", "geometry": {"type": "MultiPolygon", "coordinates": [[[[-73.983975937368, 40.754554325764], [-73.983981256981, 40.754568065517], [-73.983959029412, 40.754599202807], [-73.983941416, 40.754603352585], [-73.983900890917, 40.7545879762], [-73.983896423372, 40.754576559866], [-73.983916910336, 40.754544900052], [-73.983936037509, 40.75453914849], [-73.983975937368, 40.754554325764]]]]}, "properties": {"name": null, "base_bbl": "1012570002", "shape_area": "59.69140625", "construction_year": null, "ground_elevation": "66", "mappluto_bbl": "1012570002", "objectid": "1045463", "feature_code": "2100", "shape_length": "28.597223442394636", "height_roof": "15", "last_status_type": "Constructed", "bin": "1091077", "last_edited_date": "2026-04-21T17:21:01.000Z", "geom_source": "Other (Manual)", "doitt_id": "1292225"}}, {"type": "Feature", "geometry": {"type": "MultiPolygon", "coordinates": [[[[-73.984056795201, 40.751093447815], [-73.984212334292, 40.750880279835], [-73.984365350171, 40.750944849877], [-73.984506472998, 40.751004400495], [-73.984350322425, 40.751217311241], [-73.984234900538, 40.751168605144], [-73.984056795201, 40.751093447815]]]]}, "properties": {"name": null, "base_bbl": "1008390029", "shape_area": "1340.06640625", "construction_year": "1920", "ground_elevation": "68", "mappluto_bbl": "1008390029", "objectid": "946823", "feature_code": "2100", "shape_length": "146.46526261473826", "height_roof": "202.35", "last_status_type": "Constructed", "bin": "1015967", "last_edited_date": "2017-08-22T18:41:38.000Z", "geom_source": "Photogrammetric", "doitt_id": "261266"}}, {"type": "Feature", "geometry": {"type": "MultiPolygon", "coordinates": [[[[-73.984725966587, 40.752182882322], [-73.984649509106, 40.752150642155], [-73.98463327884, 40.752172900496], [-73.98451841039, 40.752124462215], [-73.984535182023, 40.752101396208], [-73.984644890791, 40.751950934546], [-73.984836253099, 40.752031628112], [-73.984726321942, 40.752182395196], [-73.984725966587, 40.752182882322]]]]}, "properties": {"name": null, "base_bbl": "1008400016", "shape_area": "673.74609375", "construction_year": "2016", "ground_elevation": "64", "mappluto_bbl": "1008400016", "objectid": "553825", "feature_code": "2100", "shape_length": "107.01292474939576", "height_roof": "240", "last_status_type": "Constructed", "bin": "1090630", "last_edited_date": "2018-05-17T15:26:19.000Z", "geom_source": "Other (Manual)", "doitt_id": "580872"}}, {"type": "Feature", "geometry": {"type": "MultiPolygon", "coordinates": [[[[-73.982696539347, 40.752479029309], [-73.982848364918, 40.752267895997], [-73.982856937646, 40.752255974575], [-73.982934843735, 40.752288372835], [-73.982774240688, 40.752511712206], [-73.982696539347, 40.752479029309]]]]}, "properties": {"name": null, "base_bbl": "1008410057", "shape_area": "369.50390625", "construction_year": "1915", "ground_elevation": "74", "mappluto_bbl": "1008410057", "objectid": "362133", "feature_code": "2100", "shape_length": "94.48557258977479", "height_roof": "50.47", "last_status_type": "Constructed", "bin": "1016049", "last_edited_date": "2017-08-22T17:35:03.000Z", "geom_source": "Photogrammetric", "doitt_id": "54078"}}, {"type": "Feature", "geometry": {"type": "MultiPolygon", "coordinates": [[[[-73.983822983147, 40.752925350393], [-73.983945201508, 40.752756941389], [-73.983974750276, 40.752769342766], [-73.984167091045, 40.752850065485], [-73.984217346442, 40.752780817182], [-73.984128139973, 40.752743379005], [-73.984275106926, 40.752540867296], [-73.984285379216, 40.752526711845], [-73.984423840105, 40.752584950151], [-73.984279665467, 40.75278361727], [-73.984250086308, 40.752824374625], [-73.984239376686, 40.752819879637], [-73.984224369727, 40.752840558599], [-73.984207912878, 40.752863235582], [-73.984068072446, 40.753055928167], [-73.98380769885, 40.752946411076], [-73.983822983147, 40.752925350393]]]]}, "properties": {"name": null, "base_bbl": "1008410075", "shape_area": "1756.5546875", "construction_year": "1924", "ground_elevation": "66", "mappluto_bbl": "1008410075", "objectid": "922332", "feature_code": "2100", "shape_length": "251.18812673898765", "height_roof": "87.29", "last_status_type": "Constructed", "bin": "1080744", "last_edited_date": "2017-08-22T18:25:01.000Z", "geom_source": "Photogrammetric", "doitt_id": "364011"}}, {"type": "Feature", "geometry": {"type": "MultiPolygon", "coordinates": [[[[-73.980156249903, 40.7530174194], [-73.980252303967, 40.752886115147], [-73.980313604087, 40.752802319166], [-73.980382814058, 40.752831599211], [-73.980320739248, 40.752916454091], [-73.980225460028, 40.75304669954], [-73.980156249903, 40.7530174194]]]]}, "properties": {"name": null, "base_bbl": "1012760065", "shape_area": "318.8984375", "construction_year": "1939", "ground_elevation": "68", "mappluto_bbl": "1012760065", "objectid": "1082854", "feature_code": "2100", "shape_length": "89.925178217679914", "height_roof": "83", "last_status_type": "Constructed", "bin": "1035340", "last_edited_date": "2017-08-22T17:38:53.000Z", "geom_source": "Other (Manual)", "doitt_id": "1032824"}}, {"type": "Feature", "geometry": {"type": "MultiPolygon", "coordinates": [[[[-73.97990690706, 40.753651057566], [-73.97992947722, 40.753620010263], [-73.9798810165, 40.753599636874], [-73.980008752259, 40.753423930823], [-73.980090437635, 40.753311568157], [-73.980220109905, 40.7533660882], [-73.980222496884, 40.753367091773], [-73.980221033843, 40.753369104153], [-73.980173632444, 40.753434307928], [-73.980118202554, 40.753510555001], [-73.980089890496, 40.753549499685], [-73.980026672472, 40.753636458682], [-73.979990508381, 40.753686203545], [-73.97990690706, 40.753651057566]]]]}, "properties": {"name": null, "base_bbl": "1012770006", "shape_area": "867.9609375", "construction_year": "1927", "ground_elevation": "66", "mappluto_bbl": "1012770006", "objectid": "47697", "feature_code": "2100", "shape_length": "140.69668205690849", "height_roof": "241", "last_status_type": "Constructed", "bin": "1035346", "last_edited_date": "2017-08-22T18:20:26.000Z", "geom_source": "Other (Manual)", "doitt_id": "408411"}}, {"type": "Feature", "geometry": {"type": "MultiPolygon", "coordinates": [[[[-73.980012278917, 40.75553883184], [-73.980188392097, 40.755297246738], [-73.980424565603, 40.75539680377], [-73.980248453016, 40.755638389229], [-73.980012278917, 40.75553883184]]]]}, "properties": {"name": null, "base_bbl": "1012600042", "shape_area": "1220.21484375", "construction_year": "1910", "ground_elevation": "62", "mappluto_bbl": "1012600042", "objectid": "216312", "feature_code": "2100", "shape_length": "141.28638861711926", "height_roof": "212.44", "last_status_type": "Constructed", "bin": "1034228", "last_edited_date": "2017-08-22T18:57:19.000Z", "geom_source": "Photogrammetric", "doitt_id": "453991"}}, {"type": "Feature", "geometry": {"type": "MultiPolygon", "coordinates": [[[[-73.984106512082, 40.751454863761], [-73.984165416971, 40.75137390828], [-73.984261417101, 40.751241967591], [-73.984417132264, 40.751307492465], [-73.984262226406, 40.751520388842], [-73.984171221923, 40.751482094065], [-73.984106512082, 40.751454863761]]]]}, "properties": {"name": null, "base_bbl": "1008390063", "shape_area": "708.32421875", "construction_year": "1910", "ground_elevation": "66", "mappluto_bbl": "1008390063", "objectid": "891214", "feature_code": "2100", "shape_length": "111.1019342256953", "height_roof": "154.56", "last_status_type": "Constructed", "bin": "1015975", "last_edited_date": "2017-08-22T18:08:15.000Z", "geom_source": "Photogrammetric", "doitt_id": "727495"}}, {"type": "Feature", "geometry": {"type": "MultiPolygon", "coordinates": [[[[-73.984805869694, 40.751749149811], [-73.984856561823, 40.751679479839], [-73.984900280678, 40.751619393015], [-73.984911395084, 40.751624069898], [-73.98493780474, 40.751587773058], [-73.984924915492, 40.751582349426], [-73.984957747485, 40.751537225762], [-73.985127100408, 40.751608487676], [-73.985292688495, 40.75167816487], [-73.985139036592, 40.751889342608], [-73.985125255696, 40.751883544273], [-73.98482698082, 40.751758033383], [-73.984805869694, 40.751749149811]]]]}, "properties": {"name": null, "base_bbl": "1008390073", "shape_area": "1496.375", "construction_year": "1912", "ground_elevation": "63", "mappluto_bbl": "1008390073", "objectid": "771936", "feature_code": "2100", "shape_length": "159.00091705677161", "height_roof": "153.99", "last_status_type": "Constructed", "bin": "1015982", "last_edited_date": "2017-08-22T19:32:23.000Z", "geom_source": "Photogrammetric", "doitt_id": "330453"}}, {"type": "Feature", "geometry": {"type": "MultiPolygon", "coordinates": [[[[-73.980517564277, 40.753170272584], [-73.980565944756, 40.753104026044], [-73.980643995392, 40.752997149149], [-73.980845847393, 40.753082395946], [-73.980947878867, 40.753125486757], [-73.980821327465, 40.753298777096], [-73.980812735035, 40.753295142125], [-73.980535579067, 40.753177893908], [-73.980517564277, 40.753170272584]]]]}, "properties": {"name": null, "base_bbl": "1012760069", "shape_area": "1126.58203125", "construction_year": "1917", "ground_elevation": "73", "mappluto_bbl": "1012760069", "objectid": "997457", "feature_code": "2100", "shape_length": "135.63674352516276", "height_roof": "279.96", "last_status_type": "Constructed", "bin": "1035342", "last_edited_date": "2017-08-22T19:01:52.000Z", "geom_source": "Photogrammetric", "doitt_id": "208189"}}, {"type": "Feature", "geometry": {"type": "MultiPolygon", "coordinates": [[[[-73.980251305736, 40.752242910673], [-73.980316560208, 40.752151421438], [-73.980408954379, 40.752021878702], [-73.980495703551, 40.752057661516], [-73.980397259581, 40.752195684256], [-73.980338055111, 40.752278692704], [-73.980251305736, 40.752242910673]]]]}, "properties": {"name": null, "base_bbl": "1012750060", "shape_area": "405.93359375", "construction_year": "1920", "ground_elevation": "76", "mappluto_bbl": "1012750060", "objectid": "12258", "feature_code": "2100", "shape_length": "95.827510456568149", "height_roof": "50.64", "last_status_type": "Constructed", "bin": "1035323", "last_edited_date": "2017-08-22T18:35:31.000Z", "geom_source": "Photogrammetric", "doitt_id": "521084"}}, {"type": "Feature", "geometry": {"type": "MultiPolygon", "coordinates": [[[[-73.980376598477, 40.75621653199], [-73.980447624887, 40.756246395818], [-73.980294095122, 40.756457539063], [-73.980223068555, 40.756427675141], [-73.980359704712, 40.756239765751], [-73.980376598477, 40.75621653199]]]]}, "properties": {"name": null, "base_bbl": "1012610050", "shape_area": "320.34375", "construction_year": "1920", "ground_elevation": "62", "mappluto_bbl": "1012610050", "objectid": "961228", "feature_code": "2100", "shape_length": "88.93528319200955", "height_roof": "56.65", "last_status_type": "Constructed", "bin": "1034257", "last_edited_date": "2017-08-22T17:39:21.000Z", "geom_source": "Photogrammetric", "doitt_id": "576942"}}, {"type": "Feature", "geometry": {"type": "MultiPolygon", "coordinates": [[[[-73.984403530504, 40.75286413392], [-73.984563505402, 40.752643695436], [-73.98463236664, 40.752672658606], [-73.984472067337, 40.752893545592], [-73.984403530504, 40.75286413392]]]]}, "properties": {"name": null, "base_bbl": "1008410013", "shape_area": "324.44140625", "construction_year": "1925", "ground_elevation": "65", "mappluto_bbl": "1008410013", "objectid": "164881", "feature_code": "2100", "shape_length": "91.543290407430575", "height_roof": "18.81", "last_status_type": "Constructed", "bin": "1016037", "last_edited_date": "2017-08-22T18:39:15.000Z", "geom_source": "Photogrammetric", "doitt_id": "764524"}}, {"type": "Feature", "geometry": {"type": "MultiPolygon", "coordinates": [[[[-73.984542297233, 40.751638240855], [-73.984708847329, 40.751409340058], [-73.984724896242, 40.751407607813], [-73.984765214362, 40.751424574181], [-73.984775660896, 40.751439532066], [-73.984765181598, 40.751453934274], [-73.98461026822, 40.75166684282], [-73.984542297233, 40.751638240855]]]]}, "properties": {"name": null, "base_bbl": "1008390069", "shape_area": "339.67578125", "construction_year": "1930", "ground_elevation": "65", "mappluto_bbl": "1008390069", "objectid": "358886", "feature_code": "2100", "shape_length": "94.629318987574422", "height_roof": "73.69", "last_status_type": "Constructed", "bin": "1015980", "last_edited_date": "2017-08-22T19:16:31.000Z", "geom_source": "Photogrammetric", "doitt_id": "834786"}}, {"type": "Feature", "geometry": {"type": "MultiPolygon", "coordinates": [[[[-73.981463644871, 40.755666092588], [-73.981541758725, 40.755558935077], [-73.981780132815, 40.755659415398], [-73.981669223243, 40.755811562509], [-73.981603349195, 40.755901929433], [-73.981509431011, 40.755862340787], [-73.981364975689, 40.75580144875], [-73.98140339072, 40.755748750177], [-73.981463644871, 40.755666092588]]]]}, "properties": {"name": "N.Y. Yacht Club", "base_bbl": "1012600016", "shape_area": "1236.30078125", "construction_year": "1900", "ground_elevation": "65", "mappluto_bbl": "1012600016", "objectid": "877220", "feature_code": "2100", "shape_length": "142.15771316269522", "height_roof": "99.79", "last_status_type": "Constructed", "bin": "1034221", "last_edited_date": "2017-08-22T19:27:06.000Z", "geom_source": "Photogrammetric", "doitt_id": "72450"}}, {"type": "Feature", "geometry": {"type": "MultiPolygon", "coordinates": [[[[-73.981832865427, 40.75049193893], [-73.981972022052, 40.750301002166], [-73.98197496329, 40.750296966558], [-73.981998103466, 40.750265216529], [-73.982160309391, 40.750333586574], [-73.982047192068, 40.750488796444], [-73.981995071735, 40.750560310106], [-73.981832865427, 40.75049193893]]]]}, "properties": {"name": null, "base_bbl": "1008670064", "shape_area": "786.37890625", "construction_year": "1916", "ground_elevation": "78", "mappluto_bbl": "1008670064", "objectid": "374697", "feature_code": "2100", "shape_length": "117.4397074503371", "height_roof": "151.82", "last_status_type": "Constructed", "bin": "1017223", "last_edited_date": "2017-08-22T19:36:03.000Z", "geom_source": "Photogrammetric", "doitt_id": "251463"}}, {"type": "Feature", "geometry": {"type": "MultiPolygon", "coordinates": [[[[-73.980387525845, 40.750281187917], [-73.980407422218, 40.750253784399], [-73.98049491228, 40.750133284508], [-73.980562866062, 40.750160939732], [-73.980471049961, 40.750287426405], [-73.980455008257, 40.750309525707], [-73.980387525845, 40.750281187917]]]]}, "properties": {"name": null, "base_bbl": "1008680027", "shape_area": "213.5", "construction_year": "1925", "ground_elevation": "79", "mappluto_bbl": "1008680027", "objectid": "128845", "feature_code": "2100", "shape_length": "66.897726351374089", "height_roof": "57.33", "last_status_type": "Constructed", "bin": "1017232", "last_edited_date": "2017-08-22T19:41:05.000Z", "geom_source": "Photogrammetric", "doitt_id": "243505"}}, {"type": "Feature", "geometry": {"type": "MultiPolygon", "coordinates": [[[[-73.980542528422, 40.755762353319], [-73.980620697181, 40.755655123503], [-73.980639793711, 40.75566317363], [-73.980696520769, 40.755585356966], [-73.980717269163, 40.755556894563], [-73.980802807234, 40.755439554977], [-73.980727464476, 40.755407795078], [-73.980834590518, 40.755260841451], [-73.980999868201, 40.755330511219], [-73.981146718705, 40.755392413577], [-73.981109350918, 40.755443674132], [-73.981046452355, 40.755529959239], [-73.980980555811, 40.755502182194], [-73.98091576037, 40.755591067576], [-73.980866686548, 40.755658385725], [-73.9807325161, 40.75584243928], [-73.980542528422, 40.755762353319]]]]}, "properties": {"name": "Berkeley Building", "base_bbl": "1012600024", "shape_area": "2220.61328125", "construction_year": "1916", "ground_elevation": "63", "mappluto_bbl": "1012600024", "objectid": "220571", "feature_code": "2100", "shape_length": "244.81309267732559", "height_roof": "217.87", "last_status_type": "Constructed", "bin": "1034224", "last_edited_date": "2017-08-22T18:38:15.000Z", "geom_source": "Photogrammetric", "doitt_id": "488293"}}, {"type": "Feature", "geometry": {"type": "MultiPolygon", "coordinates": [[[[-73.979549397269, 40.749957257988], [-73.979672264807, 40.749778298727], [-73.979926590399, 40.74988180338], [-73.979925415281, 40.749883422286], [-73.979904317637, 40.74991249235], [-73.979883275651, 40.749941486777], [-73.979805856938, 40.749908976666], [-73.979777868425, 40.749947524226], [-73.979790617235, 40.749952878172], [-73.979735626894, 40.750028613688], [-73.979731817214, 40.750033861167], [-73.979673056391, 40.75000918595], [-73.979549397269, 40.749957257988]]]]}, "properties": {"name": "70 Park Avenue Hotel (Doral Park)", "base_bbl": "1008680036", "shape_area": "773.37890625", "construction_year": "1928", "ground_elevation": "76", "mappluto_bbl": "1008680036", "objectid": "878810", "feature_code": "2100", "shape_length": "126.52792377230334", "height_roof": "173.86", "last_status_type": "Constructed", "bin": "1017236", "last_edited_date": "2017-08-22T18:08:34.000Z", "geom_source": "Photogrammetric", "doitt_id": "369223"}}, {"type": "Feature", "geometry": {"type": "MultiPolygon", "coordinates": [[[[-73.98409573929, 40.75064943708], [-73.984255515277, 40.750425749], [-73.984265404703, 40.750411904169], [-73.984403969168, 40.75046914387], [-73.98430672257, 40.750605290787], [-73.984234304103, 40.750706677883], [-73.98409573929, 40.75064943708]]]]}, "properties": {"name": null, "base_bbl": "1008380058", "shape_area": "697.26171875", "construction_year": "1911", "ground_elevation": "68", "mappluto_bbl": "1008380058", "objectid": "582595", "feature_code": "2100", "shape_length": "114.51182953155265", "height_roof": "153.57", "last_status_type": "Constructed", "bin": "1015942", "last_edited_date": "2017-08-22T17:30:33.000Z", "geom_source": "Photogrammetric", "doitt_id": "369842"}}, {"type": "Feature", "geometry": {"type": "MultiPolygon", "coordinates": [[[[-73.983755358021, 40.754602162147], [-73.983748577384, 40.754602093653], [-73.983713838033, 40.754587738291], [-73.983710187044, 40.75458347208], [-73.983717587374, 40.754572356385], [-73.9837262169, 40.754570884377], [-73.983760029179, 40.754584617355], [-73.983762631723, 40.754590697936], [-73.983755358021, 40.754602162147]]]]}, "properties": {"name": null, "base_bbl": "1201529999", "shape_area": "15.56640625", "construction_year": null, "ground_elevation": "62", "mappluto_bbl": "1201529999", "objectid": "1078382", "feature_code": "2100", "shape_length": "15.800741166374973", "height_roof": "0", "last_status_type": null, "bin": "1090963", "last_edited_date": "2026-04-21T19:35:20.000Z", "geom_source": "Other (Manual)", "doitt_id": "1294197"}}, {"type": "Feature", "geometry": {"type": "MultiPolygon", "coordinates": [[[[-73.981178425769, 40.754080146241], [-73.980973349533, 40.753994295268], [-73.980786488969, 40.753916069748], [-73.980959075971, 40.75367766341], [-73.981288627199, 40.753816335847], [-73.98130462112, 40.753823065221], [-73.981473753349, 40.753894233391], [-73.981610070324, 40.753951594028], [-73.981438265617, 40.754188921752], [-73.981178425769, 40.754080146241]]]]}, "properties": {"name": "Salmon Tower Building", "base_bbl": "1012580034", "shape_area": "3304.78125", "construction_year": "1931", "ground_elevation": "68", "mappluto_bbl": "1012580034", "objectid": "1047722", "feature_code": "2100", "shape_length": "245.52791122066785", "height_roof": "704.76", "last_status_type": "Constructed", "bin": "1034199", "last_edited_date": "2020-01-28T17:18:14.000Z", "geom_source": "Photogrammetric", "doitt_id": "709316"}}, {"type": "Feature", "geometry": {"type": "MultiPolygon", "coordinates": [[[[-73.984332809194, 40.75620765378], [-73.984348671007, 40.756185652087], [-73.984224105063, 40.756133721865], [-73.984213264756, 40.756148757919], [-73.984173282532, 40.756132089482], [-73.9841847803, 40.75611614041], [-73.984128661243, 40.756092744767], [-73.984237329539, 40.755942016887], [-73.98427191745, 40.755894041786], [-73.984484310926, 40.755982586662], [-73.984665797603, 40.756058245306], [-73.984572188671, 40.756188085683], [-73.984506021807, 40.756279863513], [-73.984359964149, 40.75621897412], [-73.984332809194, 40.75620765378]]]]}, "properties": {"name": null, "base_bbl": "1009960021", "shape_area": "1765.61328125", "construction_year": "1921", "ground_elevation": "59", "mappluto_bbl": "1009960021", "objectid": "1026202", "feature_code": "2100", "shape_length": "179.34887375470026", "height_roof": "116.04", "last_status_type": "Constructed", "bin": "1022615", "last_edited_date": "2020-01-28T17:24:20.000Z", "geom_source": "Photogrammetric", "doitt_id": "41727"}}, {"type": "Feature", "geometry": {"type": "MultiPolygon", "coordinates": [[[[-73.983499168862, 40.750192910945], [-73.983683559721, 40.750269084907], [-73.983799175256, 40.750316846059], [-73.983880475279, 40.750350431033], [-73.98393944261, 40.750267876365], [-73.983947333917, 40.750271136396], [-73.984003967831, 40.750294531318], [-73.98383199902, 40.750535548483], [-73.98338788403, 40.750349404717], [-73.983499168862, 40.750192910945]]]]}, "properties": {"name": null, "base_bbl": "1008380048", "shape_area": "1598.875", "construction_year": "1914", "ground_elevation": "74", "mappluto_bbl": "1008380048", "objectid": "1047186", "feature_code": "2100", "shape_length": "193.20255421453786", "height_roof": "147.35", "last_status_type": "Constructed", "bin": "1015938", "last_edited_date": "2020-02-19T19:59:53.000Z", "geom_source": "Photogrammetric", "doitt_id": "93995"}}, {"type": "Feature", "geometry": {"type": "MultiPolygon", "coordinates": [[[[-73.983403587343, 40.752528086633], [-73.983263540062, 40.752717525594], [-73.983099624535, 40.752648578751], [-73.983161213562, 40.752563902401], [-73.983216534928, 40.752487842044], [-73.983226548201, 40.752492123607], [-73.983235601234, 40.752495993497], [-73.983292838752, 40.752418569116], [-73.983438509013, 40.752480847521], [-73.983403587343, 40.752528086633]]]]}, "properties": {"name": null, "base_bbl": "1008410063", "shape_area": "806.6328125", "construction_year": "1925", "ground_elevation": "70", "mappluto_bbl": "1008417502", "objectid": "47318", "feature_code": "2100", "shape_length": "121.79912830303358", "height_roof": "253.5", "last_status_type": "Constructed", "bin": "1016053", "last_edited_date": "2019-01-22T17:36:32.000Z", "geom_source": "Photogrammetric", "doitt_id": "531213"}}, {"type": "Feature", "geometry": {"type": "MultiPolygon", "coordinates": [[[[-73.980096641822, 40.7505595421], [-73.980218011544, 40.750387061155], [-73.980237481816, 40.750359391944], [-73.980256057692, 40.75033299319], [-73.980277101547, 40.750341557006], [-73.980413574165, 40.750397097393], [-73.980254158677, 40.750623645618], [-73.980239595805, 40.750617719592], [-73.980130987648, 40.750573519381], [-73.980096641822, 40.7505595421]]]]}, "properties": {"name": "The Williams College Alumni Club", "base_bbl": "1008680051", "shape_area": "750.8984375", "construction_year": "1929", "ground_elevation": "77", "mappluto_bbl": "1008680051", "objectid": "878809", "feature_code": "2100", "shape_length": "115.25886808962156", "height_roof": "82.17", "last_status_type": "Constructed", "bin": "1017241", "last_edited_date": "2017-08-22T19:04:29.000Z", "geom_source": "Photogrammetric", "doitt_id": "91947"}}, {"type": "Feature", "geometry": {"type": "MultiPolygon", "coordinates": [[[[-73.980786488969, 40.753916069748], [-73.980973349533, 40.753994295268], [-73.981178425769, 40.754080146241], [-73.981006028053, 40.754318290878], [-73.98061409146, 40.754154213805], [-73.980662420603, 40.754087453937], [-73.980786488969, 40.753916069748]]]]}, "properties": {"name": null, "base_bbl": "1012580040", "shape_area": "1989.609375", "construction_year": "1954", "ground_elevation": "70", "mappluto_bbl": "1012580040", "objectid": "553807", "feature_code": "2100", "shape_length": "179.52415890022348", "height_roof": "76.77", "last_status_type": "Constructed", "bin": "1034200", "last_edited_date": "2017-08-22T18:47:49.000Z", "geom_source": "Photogrammetric", "doitt_id": "61908"}}, {"type": "Feature", "geometry": {"type": "MultiPolygon", "coordinates": [[[[-73.983601394152, 40.75251177348], [-73.983750674283, 40.752301805673], [-73.983816451763, 40.752328849918], [-73.98381025182, 40.752337571347], [-73.983902263902, 40.752375402785], [-73.984051100126, 40.75243659845], [-73.984055712753, 40.752430110043], [-73.984113730332, 40.752453964353], [-73.983964379931, 40.752664031672], [-73.983888104413, 40.75263266992], [-73.983920629897, 40.752586921564], [-73.983838686525, 40.752553229379], [-73.983782759957, 40.752530235209], [-73.983751891601, 40.75257365235], [-73.983601394152, 40.75251177348]]]]}, "properties": {"name": null, "base_bbl": "1008410020", "shape_area": "1448.64453125", "construction_year": "1906", "ground_elevation": "70", "mappluto_bbl": "1008410020", "objectid": "951062", "feature_code": "2100", "shape_length": "179.89851055445072", "height_roof": "249.2", "last_status_type": "Constructed", "bin": "1016041", "last_edited_date": "2017-08-22T17:52:38.000Z", "geom_source": "Photogrammetric", "doitt_id": "12988"}}, {"type": "Feature", "geometry": {"type": "MultiPolygon", "coordinates": [[[[-73.982139015884, 40.756034678877], [-73.982159011587, 40.756007114804], [-73.982210285744, 40.756028726757], [-73.982227261417, 40.756019886414], [-73.98226378757, 40.755969778017], [-73.982263345168, 40.755959029517], [-73.982390141097, 40.756012475952], [-73.982368942295, 40.756017793796], [-73.982367245887, 40.756020121343], [-73.982333478821, 40.756066442669], [-73.982340584425, 40.756083081496], [-73.982386755338, 40.756102427817], [-73.982331651543, 40.756178212214], [-73.982104069862, 40.756082852292], [-73.982128619391, 40.756049011509], [-73.982139015884, 40.756034678877]]]]}, "properties": {"name": null, "base_bbl": "1012600007", "shape_area": "533.5859375", "construction_year": "1902", "ground_elevation": "63", "mappluto_bbl": "1012600007", "objectid": "532778", "feature_code": "2100", "shape_length": "108.43307446815621", "height_roof": "154.01", "last_status_type": "Constructed", "bin": "1081060", "last_edited_date": "2009-02-14T00:00:00.000Z", "geom_source": "Photogrammetric", "doitt_id": "102201"}}, {"type": "Feature", "geometry": {"type": "MultiPolygon", "coordinates": [[[[-73.981901260789, 40.756342651526], [-73.981929241279, 40.756304135902], [-73.982059808174, 40.756124409134], [-73.982166783958, 40.756169347453], [-73.982185801158, 40.756143170903], [-73.982205835816, 40.75615158742], [-73.982118346884, 40.756272017367], [-73.982028272711, 40.756396006539], [-73.981986431907, 40.756378430245], [-73.981901260789, 40.756342651526]]]]}, "properties": {"name": null, "base_bbl": "1012600066", "shape_area": "603.0390625", "construction_year": "1911", "ground_elevation": "63", "mappluto_bbl": "1012600066", "objectid": "619367", "feature_code": "2100", "shape_length": "114.33242431579203", "height_roof": "150.52", "last_status_type": "Constructed", "bin": "1034237", "last_edited_date": "2017-08-22T18:46:14.000Z", "geom_source": "Photogrammetric", "doitt_id": "123538"}}, {"type": "Feature", "geometry": {"type": "MultiPolygon", "coordinates": [[[[-73.984603115971, 40.751293110276], [-73.984468930599, 40.751237127618], [-73.984483748813, 40.751216586371], [-73.984514290177, 40.751174250489], [-73.984529111916, 40.751153704734], [-73.98456871824, 40.751098802592], [-73.984702903417, 40.751154786036], [-73.984707174149, 40.751156567804], [-73.984716441414, 40.751160434005], [-73.984736652509, 40.751168866322], [-73.984777217979, 40.751185790396], [-73.984727250923, 40.751255055207], [-73.984707104924, 40.751246649913], [-73.984689627559, 40.751270875705], [-73.984673894958, 40.751292684769], [-73.984657284628, 40.751315710297], [-73.984603115971, 40.751293110276]]]]}, "properties": {"name": null, "base_bbl": "1008390024", "shape_area": "584.1640625", "construction_year": "2014", "ground_elevation": "64", "mappluto_bbl": "1008390024", "objectid": "87268", "feature_code": "2100", "shape_length": "99.321812122363724", "height_roof": "204.33008239", "last_status_type": "Constructed", "bin": "1090626", "last_edited_date": "2018-05-17T16:49:02.000Z", "geom_source": "Photogrammetric", "doitt_id": "1255848"}}, {"type": "Feature", "geometry": {"type": "MultiPolygon", "coordinates": [[[[-73.982568854967, 40.750188645116], [-73.9829680732, 40.750356914872], [-73.982838713036, 40.750534414243], [-73.982439492882, 40.750366144944], [-73.982568854967, 40.750188645116]]]]}, "properties": {"name": null, "base_bbl": "1008670001", "shape_area": "1515.203125", "construction_year": "1915", "ground_elevation": "79", "mappluto_bbl": "1008670001", "objectid": "217111", "feature_code": "2100", "shape_length": "161.300693905343", "height_roof": "146.15", "last_status_type": "Constructed", "bin": "1017191", "last_edited_date": "2017-08-22T17:49:28.000Z", "geom_source": "Photogrammetric", "doitt_id": "596893"}}, {"type": "Feature", "geometry": {"type": "MultiPolygon", "coordinates": [[[[-73.981995071735, 40.750560310106], [-73.982047192068, 40.750488796444], [-73.982160309391, 40.750333586574], [-73.982186457537, 40.750344608313], [-73.982224550131, 40.750292341618], [-73.982363275229, 40.750101994141], [-73.982568854967, 40.750188645116], [-73.982439492882, 40.750366144944], [-73.982838713036, 40.750534414243], [-73.982626020865, 40.750826254392], [-73.982161467306, 40.750630445794], [-73.981995071735, 40.750560310106]], [[-73.982494784903, 40.750438527035], [-73.982282568376, 40.750348756457], [-73.982257011869, 40.750383697565], [-73.982229714064, 40.75037215067], [-73.982205910647, 40.750404694888], [-73.982445425136, 40.750506013357], [-73.982494784903, 40.750438527035]]]]}, "properties": {"name": null, "base_bbl": "1008670070", "shape_area": "4355.3984375", "construction_year": "1912", "ground_elevation": "79", "mappluto_bbl": "1008670070", "objectid": "3194", "feature_code": "2100", "shape_length": "402.06331543071246", "height_roof": "152.99", "last_status_type": "Constructed", "bin": "1017224", "last_edited_date": "2017-08-22T17:48:31.000Z", "geom_source": "Photogrammetric", "doitt_id": "375296"}}, {"type": "Feature", "geometry": {"type": "MultiPolygon", "coordinates": [[[[-73.980294095122, 40.756457539063], [-73.980447624887, 40.756246395818], [-73.980460111562, 40.756229223499], [-73.980525332524, 40.756256646825], [-73.980359317423, 40.756484961583], [-73.980294095122, 40.756457539063]]]]}, "properties": {"name": null, "base_bbl": "1012610051", "shape_area": "318.078125", "construction_year": "1925", "ground_elevation": "62", "mappluto_bbl": "1012610051", "objectid": "600035", "feature_code": "2100", "shape_length": "93.219157080592524", "height_roof": "54.95", "last_status_type": "Constructed", "bin": "1034258", "last_edited_date": "2017-08-22T18:46:33.000Z", "geom_source": "Photogrammetric", "doitt_id": "28675"}}, {"type": "Feature", "geometry": {"type": "MultiPolygon", "coordinates": [[[[-73.980931732313, 40.751728880556], [-73.981272412341, 40.751259181197], [-73.98146460341, 40.751339799462], [-73.981501610234, 40.751355322028], [-73.981211764806, 40.75175493768], [-73.98115376095, 40.751834909341], [-73.980924561908, 40.751738766924], [-73.980928578899, 40.751733227676], [-73.980931732313, 40.751728880556]]]]}, "properties": {"name": null, "base_bbl": "1008690066", "shape_area": "2345.1484375", "construction_year": "1928", "ground_elevation": "80", "mappluto_bbl": "1008690066", "objectid": "662355", "feature_code": "2100", "shape_length": "219.15199413683473", "height_roof": "618.72", "last_status_type": "Constructed", "bin": "1017601", "last_edited_date": "2017-08-22T19:29:00.000Z", "geom_source": "Photogrammetric", "doitt_id": "292236"}}, {"type": "Feature", "geometry": {"type": "MultiPolygon", "coordinates": [[[[-73.979729357295, 40.755927989857], [-73.979822080522, 40.755800472056], [-73.979506496687, 40.755667778207], [-73.979581387829, 40.755564785388], [-73.979607663123, 40.755560344247], [-73.98007777562, 40.755758012699], [-73.97992262869, 40.755971379433], [-73.979901537425, 40.756000385537], [-73.979729357295, 40.755927989857]]]]}, "properties": {"name": null, "base_bbl": "1012610034", "shape_area": "1663.4375", "construction_year": "1989", "ground_elevation": "62", "mappluto_bbl": "1012610034", "objectid": "863099", "feature_code": "2100", "shape_length": "204.29060986353085", "height_roof": "269.13", "last_status_type": "Constructed", "bin": "1082895", "last_edited_date": "2017-08-22T18:25:58.000Z", "geom_source": "Photogrammetric", "doitt_id": "678561"}}, {"type": "Feature", "geometry": {"type": "MultiPolygon", "coordinates": [[[[-73.983959605571, 40.751084733194], [-73.984094937471, 40.750898308486], [-73.984173929416, 40.750931472395], [-73.984038598854, 40.751117896294], [-73.983959605571, 40.751084733194]]]]}, "properties": {"name": null, "base_bbl": "1008390033", "shape_area": "314.3046875", "construction_year": "2019", "ground_elevation": "70", "mappluto_bbl": "1008390033", "objectid": "68485", "feature_code": "2100", "shape_length": "82.633868816936641", "height_roof": "162", "last_status_type": "Constructed", "bin": "1090635", "last_edited_date": "2023-07-13T20:40:43.000Z", "geom_source": "Other (Manual)", "doitt_id": "1284736"}}, {"type": "Feature", "geometry": {"type": "MultiPolygon", "coordinates": [[[[-73.9843147985, 40.756232634949], [-73.984332809194, 40.75620765378], [-73.984359964149, 40.75621897412], [-73.984506021807, 40.756279863513], [-73.984572188671, 40.756188085683], [-73.984642784792, 40.756217515525], [-73.98458003793, 40.75630454909], [-73.984565790804, 40.756298610151], [-73.984544359053, 40.75632833566], [-73.984357437941, 40.756250410418], [-73.9843147985, 40.756232634949]]]]}, "properties": {"name": null, "base_bbl": "1009960020", "shape_area": "258.42578125", "construction_year": "1910", "ground_elevation": "58", "mappluto_bbl": "1009960020", "objectid": "467069", "feature_code": "2100", "shape_length": "101.0599341299182", "height_roof": "21.27999999", "last_status_type": "Constructed", "bin": "1022614", "last_edited_date": "2017-08-22T18:33:34.000Z", "geom_source": "Photogrammetric", "doitt_id": "646519"}}, {"type": "Feature", "geometry": {"type": "MultiPolygon", "coordinates": [[[[-73.981155849189, 40.756521749687], [-73.9810972029, 40.756497092349], [-73.98103400861, 40.756470522459], [-73.980953867855, 40.756436826738], [-73.980946087284, 40.756433555716], [-73.980919266758, 40.756422278752], [-73.980994882774, 40.756318284685], [-73.981092149729, 40.75618451531], [-73.981344771086, 40.756290730576], [-73.981171888742, 40.756528493492], [-73.981155849189, 40.756521749687]]]]}, "properties": {"name": null, "base_bbl": "1012610016", "shape_area": "1283", "construction_year": "1923", "ground_elevation": "63", "mappluto_bbl": "1012610016", "objectid": "441515", "feature_code": "2100", "shape_length": "144.10782348239991", "height_roof": "191.66", "last_status_type": "Constructed", "bin": "1034243", "last_edited_date": "2017-08-22T18:00:03.000Z", "geom_source": "Photogrammetric", "doitt_id": "138107"}}, {"type": "Feature", "geometry": {"type": "MultiPolygon", "coordinates": [[[[-73.97992262869, 40.755971379433], [-73.98007777562, 40.755758012699], [-73.980226357354, 40.755820485646], [-73.980086526548, 40.756012788803], [-73.980071209569, 40.756033852577], [-73.97992262869, 40.755971379433]]]]}, "properties": {"name": null, "base_bbl": "1012610030", "shape_area": "677.18359375", "construction_year": "1913", "ground_elevation": "62", "mappluto_bbl": "1012610030", "objectid": "128126", "feature_code": "2100", "shape_length": "109.42947454300304", "height_roof": "211.77", "last_status_type": "Constructed", "bin": "1034250", "last_edited_date": "2017-08-22T17:37:52.000Z", "geom_source": "Photogrammetric", "doitt_id": "88786"}}, {"type": "Feature", "geometry": {"type": "MultiPolygon", "coordinates": [[[[-73.982372695742, 40.754864987097], [-73.982358419527, 40.754859010958], [-73.98217558781, 40.754782475866], [-73.982251208417, 40.754678012688], [-73.982208458079, 40.754660116651], [-73.982441351855, 40.754338395434], [-73.982489297671, 40.754358465996], [-73.982506815718, 40.754334264868], [-73.982509778431, 40.754330172519], [-73.983178123745, 40.754611390075], [-73.983107395897, 40.754709095385], [-73.983135570685, 40.754720889832], [-73.983075879744, 40.754802924338], [-73.983047940561, 40.754791228967], [-73.982849932741, 40.755064761533], [-73.982372695742, 40.754864987097]]]]}, "properties": {"name": null, "base_bbl": "1012580009", "shape_area": "6864.09375", "construction_year": "1971", "ground_elevation": "66", "mappluto_bbl": "1012580009", "objectid": "241052", "feature_code": "2100", "shape_length": "341.70028247778458", "height_roof": "626.74", "last_status_type": "Constructed", "bin": "1034196", "last_edited_date": "2017-08-22T18:03:52.000Z", "geom_source": "Photogrammetric", "doitt_id": "53917"}}, {"type": "Feature", "geometry": {"type": "MultiPolygon", "coordinates": [[[[-73.984177456963, 40.752292371945], [-73.984339378348, 40.752070304106], [-73.984374053699, 40.752084925826], [-73.98441357173, 40.752101590538], [-73.984363612073, 40.752170106863], [-73.984251649333, 40.752323657579], [-73.984177456963, 40.752292371945]]]]}, "properties": {"name": null, "base_bbl": "1008400070", "shape_area": "352.38671875", "construction_year": "1915", "ground_elevation": "68", "mappluto_bbl": "1008400070", "objectid": "786884", "feature_code": "2100", "shape_length": "93.464576224009846", "height_roof": "55.78", "last_status_type": "Constructed", "bin": "1016013", "last_edited_date": "2017-08-22T17:57:36.000Z", "geom_source": "Photogrammetric", "doitt_id": "36952"}}, {"type": "Feature", "geometry": {"type": "MultiPolygon", "coordinates": [[[[-73.984597830582, 40.750506975899], [-73.984748216275, 40.750296431464], [-73.984775615188, 40.750307749947], [-73.984902556538, 40.750360188716], [-73.984828322235, 40.750464120781], [-73.984748070466, 40.750576477136], [-73.984593728667, 40.750512719679], [-73.984597830582, 40.750506975899]]]]}, "properties": {"name": null, "base_bbl": "1008380030", "shape_area": "707.1796875", "construction_year": "1925", "ground_elevation": "65", "mappluto_bbl": "1008380030", "objectid": "619813", "feature_code": "2100", "shape_length": "111.41284233116079", "height_roof": "149.31", "last_status_type": "Constructed", "bin": "1015929", "last_edited_date": "2017-08-22T18:11:03.000Z", "geom_source": "Photogrammetric", "doitt_id": "340822"}}, {"type": "Feature", "geometry": {"type": "MultiPolygon", "coordinates": [[[[-73.980493989444, 40.752343012629], [-73.980543113757, 40.75227413764], [-73.980609527609, 40.752181022122], [-73.980690434042, 40.752214394051], [-73.980619082737, 40.752314422869], [-73.980574887728, 40.752376380135], [-73.980493989444, 40.752343012629]]]]}, "properties": {"name": null, "base_bbl": "1012750063", "shape_area": "277.453125", "construction_year": "1920", "ground_elevation": "76", "mappluto_bbl": "1012750063", "objectid": "150976", "feature_code": "2100", "shape_length": "74.622272461794111", "height_roof": "76.97", "last_status_type": "Constructed", "bin": "1035325", "last_edited_date": "2017-08-22T19:41:04.000Z", "geom_source": "Photogrammetric", "doitt_id": "308592"}}, {"type": "Feature", "geometry": {"type": "MultiPolygon", "coordinates": [[[[-73.980416272504, 40.74987828294], [-73.98052863115, 40.749723294253], [-73.980555837259, 40.749734701058], [-73.980580921854, 40.749700100637], [-73.980646140049, 40.749727444677], [-73.980622525536, 40.74976001832], [-73.980650140142, 40.749771597168], [-73.980535897029, 40.749929184515], [-73.980508311977, 40.749917619152], [-73.980498636312, 40.749930964817], [-73.980435987167, 40.749904698136], [-73.980446077445, 40.749890779825], [-73.980416272504, 40.74987828294]]]]}, "properties": {"name": null, "base_bbl": "1008670048", "shape_area": "465.109375", "construction_year": "1900", "ground_elevation": "77", "mappluto_bbl": "1008670048", "objectid": "787312", "feature_code": "2100", "shape_length": "98.779616459781323", "height_roof": "59.59", "last_status_type": "Constructed", "bin": "1017217", "last_edited_date": "2017-08-22T17:57:48.000Z", "geom_source": "Photogrammetric", "doitt_id": "63722"}}, {"type": "Feature", "geometry": {"type": "MultiPolygon", "coordinates": [[[[-73.982425970345, 40.756161644734], [-73.982552947311, 40.755987009215], [-73.982692967402, 40.756045879261], [-73.982852315567, 40.756112876374], [-73.982947677146, 40.75615297022], [-73.982877427211, 40.756249586727], [-73.982820700899, 40.75632760527], [-73.982757125989, 40.756300875978], [-73.982425970345, 40.756161644734]]]]}, "properties": {"name": null, "base_bbl": "1012600001", "shape_area": "1472.44921875", "construction_year": "1931", "ground_elevation": "65", "mappluto_bbl": "1012600001", "objectid": "867055", "feature_code": "2100", "shape_length": "159.1099900191968", "height_roof": "259.92", "last_status_type": "Constructed", "bin": "1034217", "last_edited_date": "2017-08-22T18:08:48.000Z", "geom_source": "Photogrammetric", "doitt_id": "405478"}}, {"type": "Feature", "geometry": {"type": "MultiPolygon", "coordinates": [[[[-73.984462756874, 40.751972063911], [-73.984560756672, 40.75183766127], [-73.984688275953, 40.751891433989], [-73.984535182023, 40.752101396208], [-73.984407662463, 40.752047624221], [-73.984462756874, 40.751972063911]]]]}, "properties": {"name": null, "base_bbl": "1008400019", "shape_area": "572.6484375", "construction_year": "1915", "ground_elevation": "65", "mappluto_bbl": "1008400019", "objectid": "997460", "feature_code": "2100", "shape_length": "102.98792380341689", "height_roof": "160.67", "last_status_type": "Constructed", "bin": "1015995", "last_edited_date": "2017-08-22T18:40:58.000Z", "geom_source": "Photogrammetric", "doitt_id": "469427"}}, {"type": "Feature", "geometry": {"type": "MultiPolygon", "coordinates": [[[[-73.980811719407, 40.755875826129], [-73.98093970335, 40.755700259624], [-73.980994963469, 40.755624454301], [-73.981059758838, 40.755535568875], [-73.981046452355, 40.755529959239], [-73.981109350918, 40.755443674132], [-73.981146718705, 40.755392413577], [-73.981264530368, 40.75544207496], [-73.98131291232, 40.755462469361], [-73.981541758725, 40.755558935077], [-73.981463644871, 40.755666092588], [-73.98140339072, 40.755748750177], [-73.981360702712, 40.755730756583], [-73.981322287657, 40.755783455143], [-73.981215616763, 40.755929786137], [-73.981150767909, 40.756018744578], [-73.980811719407, 40.755875826129]]]]}, "properties": {"name": "Harvard Club", "base_bbl": "1012600020", "shape_area": "3676.921875", "construction_year": "1910", "ground_elevation": "65", "mappluto_bbl": "1012600020", "objectid": "878702", "feature_code": "2100", "shape_length": "261.07263442027238", "height_roof": "131.32", "last_status_type": "Constructed", "bin": "1034223", "last_edited_date": "2017-08-22T17:40:21.000Z", "geom_source": "Photogrammetric", "doitt_id": "802719"}}, {"type": "Feature", "geometry": {"type": "MultiPolygon", "coordinates": [[[[-73.983117047734, 40.753089597274], [-73.982975108276, 40.753284675459], [-73.982959353492, 40.753278046308], [-73.982926515733, 40.753323177495], [-73.98289238944, 40.753308818371], [-73.982872220739, 40.753336536543], [-73.982781331793, 40.753298292024], [-73.982976278082, 40.753030364702], [-73.983117047734, 40.753089597274]]]]}, "properties": {"name": null, "base_bbl": "1012570001", "shape_area": "761.14453125", "construction_year": "1940", "ground_elevation": null, "mappluto_bbl": "1012570001", "objectid": "77219", "feature_code": "2100", "shape_length": "125.76480069070973", "height_roof": "0", "last_status_type": "Constructed", "bin": "1089784", "last_edited_date": "2026-02-25T19:29:21.000Z", "geom_source": "Other (Manual)", "doitt_id": "1271104"}}, {"type": "Feature", "geometry": {"type": "MultiPolygon", "coordinates": [[[[-73.980493538283, 40.751376399586], [-73.980697816126, 40.751461903718], [-73.980738105704, 40.751406235779], [-73.980906513803, 40.751476725705], [-73.980772390599, 40.751662041933], [-73.980448265258, 40.751526372983], [-73.980399704053, 40.751506046615], [-73.980418050154, 40.751480698691], [-73.980493538283, 40.751376399586]]]]}, "properties": {"name": null, "base_bbl": "1008690061", "shape_area": "1229.64453125", "construction_year": "1930", "ground_elevation": "80", "mappluto_bbl": "1008690061", "objectid": "149555", "feature_code": "2100", "shape_length": "156.90997140660917", "height_roof": "156.95", "last_status_type": "Constructed", "bin": "1017599", "last_edited_date": "2017-08-22T17:37:51.000Z", "geom_source": "Photogrammetric", "doitt_id": "472949"}}, {"type": "Feature", "geometry": {"type": "MultiPolygon", "coordinates": [[[[-73.983683559721, 40.750269084907], [-73.983499168862, 40.750192910945], [-73.983693135467, 40.749921358516], [-73.983697142662, 40.74991574983], [-73.983705780669, 40.749906183174], [-73.983709540032, 40.749902017964], [-73.983714636216, 40.749897979014], [-73.983719893145, 40.74989513866], [-73.983724790058, 40.749892493665], [-73.983731099367, 40.749890826818], [-73.983740783347, 40.749889249598], [-73.983750605662, 40.74988851527], [-73.983759181093, 40.749887873518], [-73.983770802832, 40.749888833295], [-73.983771288286, 40.749888948628], [-73.983791899959, 40.749893858388], [-73.984063883941, 40.75000686303], [-73.984129878252, 40.750034282647], [-73.984121096362, 40.750046577849], [-73.984026879768, 40.75017848267], [-73.98398228545, 40.750240914873], [-73.983958084754, 40.75027479575], [-73.983947333917, 40.750271136396], [-73.98393944261, 40.750267876365], [-73.983880475279, 40.750350431033], [-73.983799175256, 40.750316846059], [-73.983683559721, 40.750269084907]]]]}, "properties": {"name": null, "base_bbl": "1008380047", "shape_area": "2697.54296875", "construction_year": "2010", "ground_elevation": "72", "mappluto_bbl": "1008387501", "objectid": "254705", "feature_code": "2100", "shape_length": "206.1775088275258", "height_roof": "592", "last_status_type": "Constructed", "bin": "1015937", "last_edited_date": "2017-08-22T19:06:47.000Z", "geom_source": "Other (Manual)", "doitt_id": "1111936"}}, {"type": "Feature", "geometry": {"type": "MultiPolygon", "coordinates": [[[[-73.980106607004, 40.751897105919], [-73.980133157018, 40.751859899795], [-73.980197725364, 40.751769416369], [-73.980491729897, 40.751890745769], [-73.98050007233, 40.751894188915], [-73.980408954379, 40.752021878702], [-73.980106607004, 40.751897105919]]]]}, "properties": {"name": null, "base_bbl": "1012750016", "shape_area": "817.50390625", "construction_year": "1951", "ground_elevation": "77", "mappluto_bbl": "1012750016", "objectid": "514492", "feature_code": "2100", "shape_length": "119.31423194322574", "height_roof": "74.46", "last_status_type": "Constructed", "bin": "1035317", "last_edited_date": "2017-08-22T17:45:11.000Z", "geom_source": "Photogrammetric", "doitt_id": "675472"}}, {"type": "Feature", "geometry": {"type": "MultiPolygon", "coordinates": [[[[-73.980263404412, 40.75027136381], [-73.980303292003, 40.750216427155], [-73.980393595599, 40.750092052944], [-73.98049491228, 40.750133284508], [-73.980407422218, 40.750253784399], [-73.980387525845, 40.750281187917], [-73.980363991576, 40.750313602129], [-73.980263404412, 40.75027136381]]]]}, "properties": {"name": null, "base_bbl": "1008680028", "shape_area": "386.0546875", "construction_year": "1925", "ground_elevation": "76", "mappluto_bbl": "1008680028", "objectid": "263357", "feature_code": "2100", "shape_length": "85.9171016895944", "height_roof": "59.83", "last_status_type": "Constructed", "bin": "1017233", "last_edited_date": "2017-08-22T17:49:02.000Z", "geom_source": "Photogrammetric", "doitt_id": "616781"}}, {"type": "Feature", "geometry": {"type": "MultiPolygon", "coordinates": [[[[-73.980550344114, 40.755409725713], [-73.98052390771, 40.755398581995], [-73.980673743907, 40.755193038936], [-73.980834590518, 40.755260841451], [-73.980727464476, 40.755407795078], [-73.980684754665, 40.755466384717], [-73.980550344114, 40.755409725713]]]]}, "properties": {"name": "Paragon Building", "base_bbl": "1012600028", "shape_area": "707.04296875", "construction_year": "1914", "ground_elevation": "63", "mappluto_bbl": "1012600028", "objectid": "311224", "feature_code": "2100", "shape_length": "109.9921688882297", "height_roof": "150.13", "last_status_type": "Constructed", "bin": "1034225", "last_edited_date": "2017-08-22T18:36:58.000Z", "geom_source": "Photogrammetric", "doitt_id": "222300"}}, {"type": "Feature", "geometry": {"type": "MultiPolygon", "coordinates": [[[[-73.98183992296, 40.756316881118], [-73.981870372267, 40.75627511057], [-73.981998883727, 40.756098816274], [-73.982059808174, 40.756124409134], [-73.981929241279, 40.756304135902], [-73.981901260789, 40.756342651526], [-73.98183992296, 40.756316881118]]]]}, "properties": {"name": null, "base_bbl": "1012600065", "shape_area": "284.8671875", "construction_year": "1920", "ground_elevation": "62", "mappluto_bbl": "1012600065", "objectid": "349321", "feature_code": "2100", "shape_length": "88.778354360075383", "height_roof": "23.72", "last_status_type": "Constructed", "bin": "1034236", "last_edited_date": "2017-08-22T17:47:35.000Z", "geom_source": "Photogrammetric", "doitt_id": "85352"}}, {"type": "Feature", "geometry": {"type": "MultiPolygon", "coordinates": [[[[-73.984135121711, 40.751838449018], [-73.984230093156, 40.751708201173], [-73.984237042733, 40.751698670269], [-73.984436244404, 40.751782671331], [-73.984440066421, 40.751784282853], [-73.984438680537, 40.751786184534], [-73.984433776639, 40.751792910651], [-73.984288568693, 40.751992054932], [-73.984283412461, 40.751999127703], [-73.984080387135, 40.751913514845], [-73.984135121711, 40.751838449018]]]]}, "properties": {"name": null, "base_bbl": "1008400023", "shape_area": "932.91796875", "construction_year": "1912", "ground_elevation": "66", "mappluto_bbl": "1008400023", "objectid": "912301", "feature_code": "2100", "shape_length": "123.86652869316177", "height_roof": "213.41", "last_status_type": "Constructed", "bin": "1015997", "last_edited_date": "2017-08-22T17:39:53.000Z", "geom_source": "Photogrammetric", "doitt_id": "549228"}}, {"type": "Feature", "geometry": {"type": "MultiPolygon", "coordinates": [[[[-73.983361999182, 40.75275894061], [-73.983427865052, 40.752669843252], [-73.983447852608, 40.752678388324], [-73.983504786793, 40.752601373526], [-73.983483892288, 40.752592440216], [-73.983526481505, 40.752534829249], [-73.983572686911, 40.75255458394], [-73.983581507036, 40.752542652594], [-73.983641972877, 40.752568503912], [-73.983632856624, 40.752580835044], [-73.98369849672, 40.752608897809], [-73.983647811234, 40.752677459641], [-73.983619382716, 40.752665305978], [-73.983562562326, 40.752742165962], [-73.983578987178, 40.752749187747], [-73.983522018601, 40.752826248501], [-73.983361999182, 40.75275894061]]]]}, "properties": {"name": null, "base_bbl": "1008410069", "shape_area": "739.90234375", "construction_year": "1907", "ground_elevation": "69", "mappluto_bbl": "1008410069", "objectid": "541352", "feature_code": "2100", "shape_length": "132.59776739317215", "height_roof": "195.28", "last_status_type": "Constructed", "bin": "1016055", "last_edited_date": "2017-08-22T19:09:00.000Z", "geom_source": "Photogrammetric", "doitt_id": "485283"}}, {"type": "Feature", "geometry": {"type": "MultiPolygon", "coordinates": [[[[-73.984556275564, 40.752452112753], [-73.984712561324, 40.752237774482], [-73.984716729641, 40.752232057723], [-73.984728560599, 40.752215832176], [-73.984795307954, 40.752243978211], [-73.984709943308, 40.752361051586], [-73.984623023083, 40.752480257986], [-73.984556275564, 40.752452112753]]]]}, "properties": {"name": null, "base_bbl": "1008400076", "shape_area": "337.3125", "construction_year": "1939", "ground_elevation": "64", "mappluto_bbl": "1008400076", "objectid": "956474", "feature_code": "2100", "shape_length": "96.339383334231087", "height_roof": "59.54", "last_status_type": "Constructed", "bin": "1016015", "last_edited_date": "2017-08-22T18:24:33.000Z", "geom_source": "Photogrammetric", "doitt_id": "454379"}}, {"type": "Feature", "geometry": {"type": "MultiPolygon", "coordinates": [[[[-73.98001437202, 40.753705169636], [-73.980030592377, 40.753682857917], [-73.980076829575, 40.753619256902], [-73.980080804332, 40.753620928027], [-73.980313264635, 40.753718654843], [-73.980461611158, 40.753781020304], [-73.980399153948, 40.753866933245], [-73.98035493172, 40.753848341977], [-73.980032337182, 40.75371272259], [-73.98001437202, 40.753705169636]]]]}, "properties": {"name": null, "base_bbl": "1012770072", "shape_area": "706.05859375", "construction_year": "1917", "ground_elevation": "69", "mappluto_bbl": "1012777501", "objectid": "48207", "feature_code": "2100", "shape_length": "126.80159068731716", "height_roof": "163.69", "last_status_type": "Constructed", "bin": "1035354", "last_edited_date": "2017-08-22T18:54:17.000Z", "geom_source": "Photogrammetric", "doitt_id": "239895"}}, {"type": "Feature", "geometry": {"type": "MultiPolygon", "coordinates": [[[[-73.98001437202, 40.753705169636], [-73.980032337182, 40.75371272259], [-73.98035493172, 40.753848341977], [-73.980399153948, 40.753866933245], [-73.980379277826, 40.753894274616], [-73.98029169973, 40.754014748225], [-73.980289955913, 40.754017147774], [-73.980122539087, 40.753946763404], [-73.980061468194, 40.753921088439], [-73.979947464347, 40.75387315905], [-73.97998563539, 40.7538206545], [-73.979943340897, 40.753802873864], [-73.98001437202, 40.753705169636]]]]}, "properties": {"name": null, "base_bbl": "1012770069", "shape_area": "1187.05859375", "construction_year": "1917", "ground_elevation": "68", "mappluto_bbl": "1012770069", "objectid": "739148", "feature_code": "2100", "shape_length": "148.376230518592", "height_roof": "256.87426924", "last_status_type": "Constructed", "bin": "1035353", "last_edited_date": "2017-08-22T17:58:34.000Z", "geom_source": "Photogrammetric", "doitt_id": "691689"}}, {"type": "Feature", "geometry": {"type": "MultiPolygon", "coordinates": [[[[-73.984614790624, 40.753004411598], [-73.984517944191, 40.752963766904], [-73.98466231514, 40.752764829366], [-73.984706557296, 40.752703864701], [-73.98497394806, 40.752816330736], [-73.984802020999, 40.75305324116], [-73.98478547427, 40.753076043384], [-73.984628935212, 40.753010347819], [-73.984614790624, 40.753004411598]]]]}, "properties": {"name": null, "base_bbl": "1008410008", "shape_area": "1483.30078125", "construction_year": "1926", "ground_elevation": "64", "mappluto_bbl": "1008410008", "objectid": "162361", "feature_code": "2100", "shape_length": "155.22761989480679", "height_roof": "199.66", "last_status_type": "Constructed", "bin": "1016035", "last_edited_date": "2017-08-22T19:20:58.000Z", "geom_source": "Photogrammetric", "doitt_id": "8091"}}, {"type": "Feature", "geometry": {"type": "MultiPolygon", "coordinates": [[[[-73.984102397957, 40.752260720537], [-73.984272036694, 40.752028070211], [-73.984347095519, 40.752059721509], [-73.984339378348, 40.752070304106], [-73.984177456963, 40.752292371945], [-73.984102397957, 40.752260720537]]]]}, "properties": {"name": null, "base_bbl": "1008400069", "shape_area": "373.48046875", "construction_year": "1950", "ground_elevation": "68", "mappluto_bbl": "1008400069", "objectid": "790663", "feature_code": "2100", "shape_length": "97.238491997663147", "height_roof": "56.27", "last_status_type": "Constructed", "bin": "1016012", "last_edited_date": "2017-08-22T17:44:04.000Z", "geom_source": "Photogrammetric", "doitt_id": "381908"}}, {"type": "Feature", "geometry": {"type": "MultiPolygon", "coordinates": [[[[-73.983306660603, 40.751925165938], [-73.98344916585, 40.751729732588], [-73.983492508983, 40.751748010072], [-73.983497853622, 40.751740678919], [-73.983591349216, 40.751780105617], [-73.983443499615, 40.751982870292], [-73.983306660603, 40.751925165938]]]]}, "properties": {"name": null, "base_bbl": "1008400058", "shape_area": "586.63671875", "construction_year": "1916", "ground_elevation": "72", "mappluto_bbl": "1008400058", "objectid": "322345", "feature_code": "2100", "shape_length": "102.94649090320505", "height_roof": "151.86", "last_status_type": "Constructed", "bin": "1016006", "last_edited_date": "2017-08-22T19:37:11.000Z", "geom_source": "Photogrammetric", "doitt_id": "406238"}}, {"type": "Feature", "geometry": {"type": "MultiPolygon", "coordinates": [[[[-73.981697723807, 40.750129448515], [-73.981468432892, 40.750032799255], [-73.981504791682, 40.749982911654], [-73.981534527573, 40.749942110887], [-73.981550213937, 40.749948723116], [-73.981798696828, 40.750053460893], [-73.981753663745, 40.750115251004], [-73.981732602397, 40.750144149411], [-73.981697723807, 40.750129448515]]]]}, "properties": {"name": null, "base_bbl": "1008670018", "shape_area": "512.26953125", "construction_year": "1925", "ground_elevation": "78", "mappluto_bbl": "1008670018", "objectid": "991463", "feature_code": "2100", "shape_length": "97.750130979763867", "height_roof": "196.34", "last_status_type": "Constructed", "bin": "1017196", "last_edited_date": "2017-08-22T18:40:59.000Z", "geom_source": "Photogrammetric", "doitt_id": "116276"}}, {"type": "Feature", "geometry": {"type": "MultiPolygon", "coordinates": [[[[-73.982225781287, 40.755500057728], [-73.982280003436, 40.755522820052], [-73.98229980008, 40.755517169722], [-73.982462281939, 40.755293355928], [-73.982458012396, 40.755277283957], [-73.982403975101, 40.755254600088], [-73.982487928464, 40.755138955557], [-73.982650371804, 40.755207148399], [-73.982314419967, 40.755669914799], [-73.982301377087, 40.755687881481], [-73.982138932932, 40.755619688151], [-73.982225781287, 40.755500057728]]]]}, "properties": {"name": "Royalton Hotel", "base_bbl": "1012590011", "shape_area": "1322.53125", "construction_year": "1900", "ground_elevation": "67", "mappluto_bbl": "1012590011", "objectid": "403448", "feature_code": "2100", "shape_length": "217.50942128476586", "height_roof": "135.9", "last_status_type": "Constructed", "bin": "1034203", "last_edited_date": "2017-08-22T19:35:48.000Z", "geom_source": "Photogrammetric", "doitt_id": "218990"}}, {"type": "Feature", "geometry": {"type": "MultiPolygon", "coordinates": [[[[-73.985203800548, 40.75453473154], [-73.984862873745, 40.755002637657], [-73.984390310807, 40.754804018535], [-73.984731878339, 40.754335447514], [-73.985203800548, 40.75453473154]]]]}, "properties": {"name": null, "base_bbl": "1009940033", "shape_area": "4727.9375", "construction_year": "1972", "ground_elevation": "60", "mappluto_bbl": "1009947501", "objectid": "1080398", "feature_code": "2100", "shape_length": "277.5039324251934", "height_roof": "627", "last_status_type": "Constructed", "bin": "1087119", "last_edited_date": "2019-01-22T17:36:31.000Z", "geom_source": "Other (Manual)", "doitt_id": "16489"}}, {"type": "Feature", "geometry": {"type": "MultiPolygon", "coordinates": [[[[-73.983100911572, 40.752649120144], [-73.982774240688, 40.752511712206], [-73.982920255188, 40.752310961664], [-73.983246925389, 40.752448368291], [-73.983100911572, 40.752649120144]]]]}, "properties": {"name": null, "base_bbl": "1008410030", "shape_area": "1400.9765625", "construction_year": "2018", "ground_elevation": "72", "mappluto_bbl": "1008417501", "objectid": "1032657", "feature_code": "2100", "shape_length": "150.55283935801123", "height_roof": "361", "last_status_type": "Constructed", "bin": "1090404", "last_edited_date": "2019-01-22T17:37:09.000Z", "geom_source": "Other (Manual)", "doitt_id": "1284739"}}, {"type": "Feature", "geometry": {"type": "MultiPolygon", "coordinates": [[[[-73.9807325161, 40.75584243928], [-73.980866686548, 40.755658385725], [-73.98091576037, 40.755591067576], [-73.980994963469, 40.755624454301], [-73.98093970335, 40.755700259624], [-73.980811719407, 40.755875826129], [-73.9807325161, 40.75584243928]]]]}, "properties": {"name": null, "base_bbl": "1012600051", "shape_area": "425.7890625", "construction_year": "1902", "ground_elevation": "61", "mappluto_bbl": "1012607501", "objectid": "1043079", "feature_code": "2100", "shape_length": "104.57735285564519", "height_roof": "99", "last_status_type": "Constructed", "bin": "1034233", "last_edited_date": "2017-08-22T17:59:33.000Z", "geom_source": "Other (Manual)", "doitt_id": "917695"}}, {"type": "Feature", "geometry": {"type": "MultiPolygon", "coordinates": [[[[-73.982348480422, 40.756303356222], [-73.982331793448, 40.756326325555], [-73.982317583566, 40.756345885953], [-73.982253381333, 40.756434262481], [-73.982073664364, 40.756358767809], [-73.982168764883, 40.756227861697], [-73.982348480422, 40.756303356222]]]]}, "properties": {"name": null, "base_bbl": "1012600068", "shape_area": "502.3203125", "construction_year": "2008", "ground_elevation": "62", "mappluto_bbl": "1012607502", "objectid": "61542", "feature_code": "2100", "shape_length": "89.6689726243446", "height_roof": "480.14354301", "last_status_type": "Constructed", "bin": "1034238", "last_edited_date": "2017-08-22T18:01:06.000Z", "geom_source": "Photogrammetric", "doitt_id": "1246718"}}, {"type": "Feature", "geometry": {"type": "MultiPolygon", "coordinates": [[[[-73.981418631634, 40.755315084521], [-73.981556196904, 40.755125595247], [-73.981586243581, 40.755138208931], [-73.981623107414, 40.755087429909], [-73.981593060752, 40.755074816234], [-73.981340035066, 40.754968593323], [-73.981391659711, 40.754897482448], [-73.981513370136, 40.754729833314], [-73.981958694252, 40.754916783123], [-73.981847587135, 40.755069829996], [-73.981809500676, 40.755053840917], [-73.981715851108, 40.755182841516], [-73.981705567202, 40.755197007536], [-73.981572845068, 40.755379824116], [-73.981418631634, 40.755315084521]]]]}, "properties": {"name": null, "base_bbl": "1012590019", "shape_area": "2958.125", "construction_year": "1920", "ground_elevation": "66", "mappluto_bbl": "1012590019", "objectid": "746267", "feature_code": "2100", "shape_length": "281.67909801009358", "height_roof": "257.9", "last_status_type": "Constructed", "bin": "1034206", "last_edited_date": "2017-08-22T19:11:20.000Z", "geom_source": "Photogrammetric", "doitt_id": "824144"}}, {"type": "Feature", "geometry": {"type": "MultiPolygon", "coordinates": [[[[-73.981373230224, 40.756049181821], [-73.981383402958, 40.756035225632], [-73.981393061542, 40.756021976255], [-73.981449648235, 40.755944350109], [-73.981509431011, 40.755862340787], [-73.981603349195, 40.755901929433], [-73.981669223243, 40.755811562509], [-73.981780132815, 40.755659415398], [-73.981897570072, 40.755708917583], [-73.981766534598, 40.75588867382], [-73.981738399035, 40.755927271329], [-73.981686629514, 40.755998288673], [-73.981854018758, 40.756068847242], [-73.981751921366, 40.756208905627], [-73.981661958663, 40.75617098457], [-73.981645915506, 40.756168858623], [-73.981631060229, 40.756166329438], [-73.981630022906, 40.756166152773], [-73.981614319939, 40.75616287333], [-73.981598838578, 40.756159028402], [-73.981583617901, 40.7561546261], [-73.981568689878, 40.756149676337], [-73.981554088848, 40.756144190823], [-73.981539849152, 40.756138181271], [-73.981526002758, 40.756131662994], [-73.981512581637, 40.756124649507], [-73.98149961539, 40.756117157022], [-73.981487133618, 40.756109202654], [-73.981475164737, 40.756100804418], [-73.981463737162, 40.756091981229], [-73.981452875757, 40.756082754704], [-73.981373230224, 40.756049181821]]]]}, "properties": {"name": null, "base_bbl": "1012600014", "shape_area": "1998", "construction_year": "1999", "ground_elevation": "62", "mappluto_bbl": "1012600014", "objectid": "937791", "feature_code": "2100", "shape_length": "241.24376514136102", "height_roof": "337.21", "last_status_type": "Constructed", "bin": "1085873", "last_edited_date": "2017-08-22T17:39:40.000Z", "geom_source": "Photogrammetric", "doitt_id": "945673"}}, {"type": "Feature", "geometry": {"type": "MultiPolygon", "coordinates": [[[[-73.980299697529, 40.75307810479], [-73.980393491084, 40.752950002232], [-73.98045715677, 40.752863049404], [-73.980485239608, 40.752824693518], [-73.980512144893, 40.752787945729], [-73.98062936947, 40.752627839356], [-73.980634077158, 40.752621410536], [-73.98083214132, 40.752705839966], [-73.980837998081, 40.752697819235], [-73.980843636869, 40.752690098335], [-73.981132431442, 40.752812062774], [-73.981135611238, 40.752819228619], [-73.981137831297, 40.752824232193], [-73.981149187209, 40.752849828228], [-73.981034810016, 40.753006449736], [-73.980911604935, 40.752954417975], [-73.980878061815, 40.752940251959], [-73.980879906273, 40.752937728147], [-73.980911200428, 40.75289490258], [-73.980905066974, 40.752876708645], [-73.980766427468, 40.752818158108], [-73.980646180189, 40.752842164366], [-73.980643835813, 40.752845374275], [-73.980515106796, 40.753021644592], [-73.980432763984, 40.753134398272], [-73.980299697529, 40.75307810479]]]]}, "properties": {"name": null, "base_bbl": "1012760001", "shape_area": "2531.47265625", "construction_year": "1914", "ground_elevation": "73", "mappluto_bbl": "1012760001", "objectid": "846859", "feature_code": "2100", "shape_length": "301.56034130179819", "height_roof": "204.94784676", "last_status_type": "Constructed", "bin": "1035330", "last_edited_date": "2017-08-22T19:27:47.000Z", "geom_source": "Photogrammetric", "doitt_id": "492727"}}, {"type": "Feature", "geometry": {"type": "MultiPolygon", "coordinates": [[[[-73.984068072446, 40.753055928167], [-73.984207912878, 40.752863235582], [-73.984224369727, 40.752840558599], [-73.98430415498, 40.752874043998], [-73.984374817283, 40.752903700055], [-73.984389652124, 40.752909925461], [-73.984233269928, 40.753125412306], [-73.984172991515, 40.753100059306], [-73.984068072446, 40.753055928167]]]]}, "properties": {"name": null, "base_bbl": "1008410080", "shape_area": "759.87109375", "construction_year": "1903", "ground_elevation": "64", "mappluto_bbl": "1008410080", "objectid": "297160", "feature_code": "2100", "shape_length": "114.31991562344081", "height_roof": "156.63", "last_status_type": "Constructed", "bin": "1016057", "last_edited_date": "2017-08-22T19:37:39.000Z", "geom_source": "Photogrammetric", "doitt_id": "135162"}}, {"type": "Feature", "geometry": {"type": "MultiPolygon", "coordinates": [[[[-73.984802020999, 40.75305324116], [-73.98497394806, 40.752816330736], [-73.984996170179, 40.75282567728], [-73.98528698001, 40.752947992665], [-73.985115216003, 40.753184681148], [-73.985007789523, 40.753139596906], [-73.984802020999, 40.75305324116]]]]}, "properties": {"name": null, "base_bbl": "1008410001", "shape_area": "1582.7109375", "construction_year": "1925", "ground_elevation": "63", "mappluto_bbl": "1008410001", "objectid": "944436", "feature_code": "2100", "shape_length": "159.133751379374", "height_roof": "279.72", "last_status_type": "Constructed", "bin": "1016034", "last_edited_date": "2017-08-22T19:25:44.000Z", "geom_source": "Photogrammetric", "doitt_id": "774760"}}, {"type": "Feature", "geometry": {"type": "MultiPolygon", "coordinates": [[[[-73.982331651543, 40.756178212214], [-73.982386755338, 40.756102427817], [-73.982437610881, 40.756032485223], [-73.982460209099, 40.756001405021], [-73.982489937641, 40.755960517593], [-73.982546858766, 40.755984449957], [-73.982552947311, 40.755987009215], [-73.982425970345, 40.756161644734], [-73.98238108531, 40.756223375626], [-73.982318075484, 40.756196883911], [-73.982331651543, 40.756178212214]]]]}, "properties": {"name": null, "base_bbl": "1012600007", "shape_area": "318.12109375", "construction_year": "1902", "ground_elevation": "64", "mappluto_bbl": "1012600007", "objectid": "852789", "feature_code": "2100", "shape_length": "95.356222252200354", "height_roof": "43.75", "last_status_type": "Constructed", "bin": "1081061", "last_edited_date": "2017-08-22T17:40:41.000Z", "geom_source": "Photogrammetric", "doitt_id": "319562"}}, {"type": "Feature", "geometry": {"type": "MultiPolygon", "coordinates": [[[[-73.981273283714, 40.752683637607], [-73.981150718075, 40.75263305962], [-73.980963099483, 40.752555636597], [-73.980973002945, 40.752541758737], [-73.980957094578, 40.752535194122], [-73.980956976488, 40.752534057665], [-73.980841180343, 40.752486272034], [-73.98086917424, 40.752447042547], [-73.981010999529, 40.752248290148], [-73.981145835409, 40.75230393384], [-73.981108476149, 40.752356288534], [-73.981247192332, 40.752413532041], [-73.981286022805, 40.752359115383], [-73.981439572448, 40.752422480004], [-73.98145507472, 40.752428876993], [-73.981440346454, 40.752449517817], [-73.981297837309, 40.752649227865], [-73.981273283714, 40.752683637607]]]]}, "properties": {"name": null, "base_bbl": "1012750069", "shape_area": "2180.984375", "construction_year": "1925", "ground_elevation": "79", "mappluto_bbl": "1012750069", "objectid": "49883", "feature_code": "2100", "shape_length": "214.75422757315516", "height_roof": "304", "last_status_type": "Constructed", "bin": "1035328", "last_edited_date": "2017-08-22T18:58:27.000Z", "geom_source": "Other (Manual)", "doitt_id": "248527"}}, {"type": "Feature", "geometry": {"type": "MultiPolygon", "coordinates": [[[[-73.980338055111, 40.752278692704], [-73.980397259581, 40.752195684256], [-73.980495703551, 40.752057661516], [-73.980500379277, 40.752051106625], [-73.980556897472, 40.752074419469], [-73.980540133814, 40.752097923444], [-73.9806395496, 40.752138930322], [-73.980609527609, 40.752181022122], [-73.980543113757, 40.75227413764], [-73.980493989444, 40.752343012629], [-73.980338055111, 40.752278692704]]]]}, "properties": {"name": null, "base_bbl": "1012750061", "shape_area": "701.84375", "construction_year": "1914", "ground_elevation": "76", "mappluto_bbl": "1012750061", "objectid": "1052507", "feature_code": "2100", "shape_length": "115.55580174706367", "height_roof": "265.94", "last_status_type": "Constructed", "bin": "1035324", "last_edited_date": "2020-01-28T17:23:23.000Z", "geom_source": "Photogrammetric", "doitt_id": "41189"}}, {"type": "Feature", "geometry": {"type": "MultiPolygon", "coordinates": [[[[-73.980955063389, 40.752130532566], [-73.980955113143, 40.752130463235], [-73.981037113413, 40.752015547896], [-73.981072211972, 40.752030032902], [-73.98108195778, 40.752016374729], [-73.981143165983, 40.752041634049], [-73.98117279093, 40.75205385966], [-73.981163254811, 40.75206722431], [-73.981200359129, 40.752082535369], [-73.981155783376, 40.752145003384], [-73.981155640038, 40.752145203273], [-73.981118099628, 40.752197812785], [-73.980955597375, 40.752130752378], [-73.980955063389, 40.752130532566]]]]}, "properties": {"name": null, "base_bbl": "1012750006", "shape_area": "423.46484375", "construction_year": "1988", "ground_elevation": "77", "mappluto_bbl": "1012750006", "objectid": "767933", "feature_code": "2100", "shape_length": "84.312544964059711", "height_roof": "285.06", "last_status_type": "Constructed", "bin": "1035312", "last_edited_date": "2017-08-22T17:58:09.000Z", "geom_source": "Photogrammetric", "doitt_id": "219485"}}, {"type": "Feature", "geometry": {"type": "MultiPolygon", "coordinates": [[[[-73.983522018601, 40.752826248501], [-73.983578987178, 40.752749187747], [-73.983562562326, 40.752742165962], [-73.983619382716, 40.752665305978], [-73.983647811234, 40.752677459641], [-73.98369849672, 40.752608897809], [-73.983767461624, 40.752638382003], [-73.983603303637, 40.752860438796], [-73.983522018601, 40.752826248501]]]]}, "properties": {"name": null, "base_bbl": "1008410070", "shape_area": "396.90234375", "construction_year": "1930", "ground_elevation": "69", "mappluto_bbl": "1008410070", "objectid": "445138", "feature_code": "2100", "shape_length": "99.769697513563244", "height_roof": "77.6", "last_status_type": "Constructed", "bin": "1016056", "last_edited_date": "2017-08-22T18:33:49.000Z", "geom_source": "Photogrammetric", "doitt_id": "172687"}}, {"type": "Feature", "geometry": {"type": "MultiPolygon", "coordinates": [[[[-73.98063294372, 40.750202435151], [-73.980645124763, 40.750185730108], [-73.980948980076, 40.750313877755], [-73.980617844036, 40.750767974758], [-73.980605271964, 40.750785215533], [-73.980301415163, 40.750657066987], [-73.98063294372, 40.750202435151]]]]}, "properties": {"name": null, "base_bbl": "1008680025", "shape_area": "3063.234375", "construction_year": "1954", "ground_elevation": "78", "mappluto_bbl": "1008680025", "objectid": "611615", "feature_code": "2100", "shape_length": "235.67958577758108", "height_roof": "357.23", "last_status_type": "Constructed", "bin": "1017231", "last_edited_date": "2017-08-22T17:30:22.000Z", "geom_source": "Photogrammetric", "doitt_id": "805137"}}, {"type": "Feature", "geometry": {"type": "MultiPolygon", "coordinates": [[[[-73.980302358995, 40.756135819632], [-73.980453529277, 40.755927920487], [-73.980460165902, 40.75591879319], [-73.980475415468, 40.755925204672], [-73.980537211821, 40.755951187504], [-73.980416083206, 40.75611777128], [-73.980394715526, 40.756108787806], [-73.98039454825, 40.756129933445], [-73.980369685073, 40.756164126803], [-73.980302358995, 40.756135819632]]]]}, "properties": {"name": null, "base_bbl": "1012610026", "shape_area": "344.671875", "construction_year": "1920", "ground_elevation": "60", "mappluto_bbl": "1012610026", "objectid": "605407", "feature_code": "2100", "shape_length": "94.306010177391869", "height_roof": "73.16", "last_status_type": "Constructed", "bin": "1034247", "last_edited_date": "2017-08-22T19:07:44.000Z", "geom_source": "Photogrammetric", "doitt_id": "375030"}}, {"type": "Feature", "geometry": {"type": "MultiPolygon", "coordinates": [[[[-73.98430415498, 40.752874043998], [-73.984492880011, 40.752613989071], [-73.984563505402, 40.752643695436], [-73.984403530504, 40.75286413392], [-73.984374817283, 40.752903700055], [-73.98430415498, 40.752874043998]]]]}, "properties": {"name": null, "base_bbl": "1008410014", "shape_area": "392.1171875", "construction_year": "1925", "ground_elevation": "63", "mappluto_bbl": "1008410014", "objectid": "149386", "feature_code": "2100", "shape_length": "105.19508375350634", "height_roof": "58.73", "last_status_type": "Constructed", "bin": "1016038", "last_edited_date": "2017-08-22T19:41:04.000Z", "geom_source": "Photogrammetric", "doitt_id": "591958"}}, {"type": "Feature", "geometry": {"type": "MultiPolygon", "coordinates": [[[[-73.983998027497, 40.750549593002], [-73.983861279176, 40.750494288256], [-73.983971013672, 40.750340493531], [-73.984106090388, 40.750398303126], [-73.983998027497, 40.750549593002]]]]}, "properties": {"name": null, "base_bbl": "1008380054", "shape_area": "439.890625", "construction_year": "2020", "ground_elevation": null, "mappluto_bbl": "1008380054", "objectid": "1047185", "feature_code": "2100", "shape_length": "85.493223502578545", "height_roof": "265", "last_status_type": "Constructed", "bin": "1090636", "last_edited_date": "2023-07-26T20:17:12.000Z", "geom_source": "Other (Manual)", "doitt_id": "1284737"}}, {"type": "Feature", "geometry": {"type": "MultiPolygon", "coordinates": [[[[-73.984285379216, 40.752526711845], [-73.984275106926, 40.752540867296], [-73.984128139973, 40.752743379005], [-73.984025207185, 40.752699815417], [-73.984002210881, 40.752690163306], [-73.984137602795, 40.752503599922], [-73.984185307215, 40.752484620216], [-73.984281061049, 40.752524895836], [-73.984285379216, 40.752526711845]]]]}, "properties": {"name": null, "base_bbl": "1008410018", "shape_area": "574.5859375", "construction_year": "1912", "ground_elevation": "68", "mappluto_bbl": "1008410018", "objectid": "269487", "feature_code": "2100", "shape_length": "102.41084338955453", "height_roof": "142.5", "last_status_type": "Constructed", "bin": "1016040", "last_edited_date": "2017-08-22T17:36:11.000Z", "geom_source": "Photogrammetric", "doitt_id": "815468"}}, {"type": "Feature", "geometry": {"type": "MultiPolygon", "coordinates": [[[[-73.979362265795, 40.754450071797], [-73.979437992024, 40.754346429038], [-73.979520178071, 40.754233945312], [-73.979784282752, 40.754345533987], [-73.979991358131, 40.754433025439], [-73.979969991398, 40.754462269248], [-73.979833446912, 40.754649152563], [-73.97963866607, 40.754566855318], [-73.97963856898, 40.754566813878], [-73.979362265795, 40.754450071797]]]]}, "properties": {"name": null, "base_bbl": "1012780069", "shape_area": "2180.16796875", "construction_year": "1958", "ground_elevation": "63", "mappluto_bbl": "1012780069", "objectid": "563737", "feature_code": "2100", "shape_length": "192.7191271502505", "height_roof": "261.30054092", "last_status_type": "Constructed", "bin": "1035365", "last_edited_date": "2017-08-22T18:28:57.000Z", "geom_source": "Photogrammetric", "doitt_id": "199799"}}, {"type": "Feature", "geometry": {"type": "MultiPolygon", "coordinates": [[[[-73.980942324411, 40.755115126016], [-73.9809655817, 40.755083091676], [-73.981096786182, 40.754902364711], [-73.981255477108, 40.754970815552], [-73.981102034492, 40.755182174247], [-73.98102387261, 40.755149360486], [-73.980942324411, 40.755115126016]]]]}, "properties": {"name": "Mansfield Hotel", "base_bbl": "1012590047", "shape_area": "722.90234375", "construction_year": "1902", "ground_elevation": "65", "mappluto_bbl": "1012590047", "objectid": "1030942", "feature_code": "2100", "shape_length": "111.78486258101837", "height_roof": "141.48", "last_status_type": "Constructed", "bin": "1034213", "last_edited_date": "2020-01-28T17:19:04.000Z", "geom_source": "Photogrammetric", "doitt_id": "104207"}}, {"type": "Feature", "geometry": {"type": "MultiPolygon", "coordinates": [[[[-73.981006028053, 40.754318290878], [-73.981178425769, 40.754080146241], [-73.981438265617, 40.754188921752], [-73.981581681587, 40.754248959866], [-73.98140928606, 40.754487104201], [-73.981006028053, 40.754318290878]]]]}, "properties": {"name": null, "base_bbl": "1012580042", "shape_area": "2047.07421875", "construction_year": "1900", "ground_elevation": "67", "mappluto_bbl": "1012580042", "objectid": "38418", "feature_code": "2100", "shape_length": "182.40355175020119", "height_roof": "106.83", "last_status_type": "Constructed", "bin": "1034201", "last_edited_date": "2017-08-22T19:33:46.000Z", "geom_source": "Photogrammetric", "doitt_id": "106088"}}, {"type": "Feature", "geometry": {"type": "MultiPolygon", "coordinates": [[[[-73.980457463635, 40.75620103453], [-73.980615270191, 40.755984008777], [-73.980888597053, 40.756098931013], [-73.980927607457, 40.756115332979], [-73.980767939278, 40.756334920782], [-73.980644441638, 40.756282994972], [-73.980669955113, 40.756247906562], [-73.980658720641, 40.756243183327], [-73.980608402351, 40.7562220265], [-73.980584751189, 40.756254553273], [-73.980457463635, 40.75620103453]]]]}, "properties": {"name": null, "base_bbl": "1012610021", "shape_area": "1411.9296875", "construction_year": "1913", "ground_elevation": "62", "mappluto_bbl": "1012610021", "objectid": "160591", "feature_code": "2100", "shape_length": "164.12940585335414", "height_roof": "209.78", "last_status_type": "Constructed", "bin": "1034245", "last_edited_date": "2017-08-22T17:50:22.000Z", "geom_source": "Photogrammetric", "doitt_id": "482751"}}, {"type": "Feature", "geometry": {"type": "MultiPolygon", "coordinates": [[[[-73.985538519276, 40.755640629909], [-73.98530893998, 40.755951049201], [-73.985204155588, 40.756092729413], [-73.984993407216, 40.75600260029], [-73.984501522721, 40.755792236546], [-73.984258811826, 40.755688435701], [-73.983863487762, 40.755519364246], [-73.984218411225, 40.755039477311], [-73.984586326614, 40.755196826519], [-73.985211461969, 40.755464178478], [-73.98544577594, 40.755564386844], [-73.985425222736, 40.755592177445], [-73.985538519276, 40.755640629909]]]]}, "properties": {"name": "Bank of America Tower", "base_bbl": "1009950033", "shape_area": "13786.1796875", "construction_year": "2005", "ground_elevation": "60", "mappluto_bbl": "1009950033", "objectid": "330210", "feature_code": "2100", "shape_length": "504.4417594265372", "height_roof": "887.74953871", "last_status_type": "Constructed", "bin": "1087268", "last_edited_date": "2017-08-22T19:17:32.000Z", "geom_source": "Photogrammetric", "doitt_id": "1213537"}}, {"type": "Feature", "geometry": {"type": "MultiPolygon", "coordinates": [[[[-73.982112674733, 40.751044578262], [-73.982071006585, 40.751027048838], [-73.982035286818, 40.751012021932], [-73.982167713404, 40.750829969189], [-73.982512347779, 40.750974950363], [-73.982379921847, 40.751157004399], [-73.982351903819, 40.751145216989], [-73.982112674733, 40.751044578262]]]]}, "properties": {"name": null, "base_bbl": "1008680001", "shape_area": "1340.39453125", "construction_year": "2003", "ground_elevation": "76", "mappluto_bbl": "1008687503", "objectid": "685399", "feature_code": "2100", "shape_length": "148.85571918906106", "height_roof": "600", "last_status_type": "Constructed", "bin": "1085975", "last_edited_date": "2017-08-22T18:38:51.000Z", "geom_source": "Other (Manual)", "doitt_id": "996670"}}, {"type": "Feature", "geometry": {"type": "MultiPolygon", "coordinates": [[[[-73.979520178071, 40.754233945312], [-73.979408079248, 40.754186581247], [-73.979444217906, 40.754137120225], [-73.979552966453, 40.753988279691], [-73.979598719691, 40.753925659435], [-73.980181996995, 40.754172102671], [-73.980093196967, 40.754293642113], [-73.98004751739, 40.754356162618], [-73.979991358131, 40.754433025439], [-73.979784282752, 40.754345533987], [-73.979520178071, 40.754233945312]]]]}, "properties": {"name": null, "base_bbl": "1012780001", "shape_area": "3258.21484375", "construction_year": "1929", "ground_elevation": "65", "mappluto_bbl": "1012780001", "objectid": "850841", "feature_code": "2100", "shape_length": "236.34326435239748", "height_roof": "463.19041058", "last_status_type": "Constructed", "bin": "1035355", "last_edited_date": "2017-08-22T18:09:00.000Z", "geom_source": "Photogrammetric", "doitt_id": "259638"}}, {"type": "Feature", "geometry": {"type": "MultiPolygon", "coordinates": [[[[-73.981877146862, 40.754682960364], [-73.982220612319, 40.754208498766], [-73.982461890675, 40.75431002273], [-73.982441351855, 40.754338395434], [-73.982208458079, 40.754660116651], [-73.982118717831, 40.754784085262], [-73.981877146862, 40.754682960364]]]]}, "properties": {"name": null, "base_bbl": "1012580018", "shape_area": "2442.125", "construction_year": "1912", "ground_elevation": "64", "mappluto_bbl": "1012580018", "objectid": "828208", "feature_code": "2100", "shape_length": "220.42015115395122", "height_roof": "292", "last_status_type": "Constructed", "bin": "1034197", "last_edited_date": "2017-08-22T18:30:30.000Z", "geom_source": "Photogrammetric", "doitt_id": "256501"}}, {"type": "Feature", "geometry": {"type": "MultiPolygon", "coordinates": [[[[-73.98091576037, 40.755591067576], [-73.980980555811, 40.755502182194], [-73.981046452355, 40.755529959239], [-73.981059758838, 40.755535568875], [-73.980994963469, 40.755624454301], [-73.98091576037, 40.755591067576]]]]}, "properties": {"name": null, "base_bbl": "1012600024", "shape_area": "150.5546875", "construction_year": "1916", "ground_elevation": "61", "mappluto_bbl": "1012600024", "objectid": "49090", "feature_code": "2100", "shape_length": "50.02302318327483", "height_roof": "30", "last_status_type": "Constructed", "bin": "1086846", "last_edited_date": "2017-08-10T15:04:48.000Z", "geom_source": "Other (Manual)", "doitt_id": "1017836"}}, {"type": "Feature", "geometry": {"type": "MultiPolygon", "coordinates": [[[[-73.980670887031, 40.751946175992], [-73.980742491361, 40.751845830201], [-73.98076732688, 40.751856079406], [-73.980823657929, 40.751879325451], [-73.980738041996, 40.751999306283], [-73.980663862122, 40.752103259964], [-73.980582695362, 40.752069764602], [-73.980670887031, 40.751946175992]]]]}, "properties": {"name": null, "base_bbl": "1012750011", "shape_area": "384.875", "construction_year": "1915", "ground_elevation": "78", "mappluto_bbl": "1012750011", "objectid": "994565", "feature_code": "2100", "shape_length": "95.392182674205628", "height_roof": "70.62", "last_status_type": "Constructed", "bin": "1035314", "last_edited_date": "2017-08-22T18:23:57.000Z", "geom_source": "Photogrammetric", "doitt_id": "200531"}}, {"type": "Feature", "geometry": {"type": "MultiPolygon", "coordinates": [[[[-73.98515324699, 40.751285566005], [-73.985004721105, 40.751488673002], [-73.984987040125, 40.751512851085], [-73.98490785533, 40.751479362629], [-73.984855438871, 40.751457194299], [-73.984851425145, 40.751423841732], [-73.984945748964, 40.751294854813], [-73.985004034296, 40.751215150524], [-73.985157329923, 40.751279981593], [-73.98515324699, 40.751285566005]]]]}, "properties": {"name": null, "base_bbl": "1008390019", "shape_area": "758.92578125", "construction_year": "1915", "ground_elevation": "63", "mappluto_bbl": "1008390019", "objectid": "763942", "feature_code": "2100", "shape_length": "115.42042841598465", "height_roof": "151.7", "last_status_type": "Constructed", "bin": "1015962", "last_edited_date": "2017-08-22T17:57:48.000Z", "geom_source": "Photogrammetric", "doitt_id": "785631"}}, {"type": "Feature", "geometry": {"type": "MultiPolygon", "coordinates": [[[[-73.980772390599, 40.751662041933], [-73.980906513803, 40.751476725705], [-73.980942843102, 40.751426530313], [-73.981020380193, 40.751458984742], [-73.98119028743, 40.751224731567], [-73.981272412341, 40.751259181197], [-73.980931732313, 40.751728880556], [-73.980772390599, 40.751662041933]]]]}, "properties": {"name": null, "base_bbl": "1008690064", "shape_area": "1211.5234375", "construction_year": "1911", "ground_elevation": "78", "mappluto_bbl": "1008690064", "objectid": "267315", "feature_code": "2100", "shape_length": "198.08560841636356", "height_roof": "153.28", "last_status_type": "Constructed", "bin": "1017600", "last_edited_date": "2017-08-22T18:56:22.000Z", "geom_source": "Photogrammetric", "doitt_id": "205721"}}, {"type": "Feature", "geometry": {"type": "MultiPolygon", "coordinates": [[[[-73.983871180549, 40.751355836632], [-73.984017713931, 40.751154448981], [-73.984171974687, 40.751219361642], [-73.984025441629, 40.751420750387], [-73.983871180549, 40.751355836632]]]]}, "properties": {"name": null, "base_bbl": "1008390060", "shape_area": "663.78125", "construction_year": "1912", "ground_elevation": "69", "mappluto_bbl": "1008390060", "objectid": "3365", "feature_code": "2100", "shape_length": "106.86980197577563", "height_roof": "152.19", "last_status_type": "Constructed", "bin": "1015973", "last_edited_date": "2017-08-22T19:37:39.000Z", "geom_source": "Photogrammetric", "doitt_id": "1284"}}, {"type": "Feature", "geometry": {"type": "MultiPolygon", "coordinates": [[[[-73.984815656679, 40.750590044083], [-73.984853360263, 40.750537256877], [-73.984962227827, 40.750384837969], [-73.985081376361, 40.750434057114], [-73.984934805472, 40.750639263378], [-73.984880612356, 40.750616876901], [-73.984815656679, 40.750590044083]]]]}, "properties": {"name": null, "base_bbl": "1008380027", "shape_area": "517.9609375", "construction_year": "1925", "ground_elevation": "63", "mappluto_bbl": "1008380027", "objectid": "993732", "feature_code": "2100", "shape_length": "98.785309708918959", "height_roof": "144.72", "last_status_type": "Constructed", "bin": "1015927", "last_edited_date": "2017-08-22T18:06:36.000Z", "geom_source": "Photogrammetric", "doitt_id": "247374"}}, {"type": "Feature", "geometry": {"type": "MultiPolygon", "coordinates": [[[[-73.983945201508, 40.752756941389], [-73.983822983147, 40.752925350393], [-73.9838010137, 40.752934185771], [-73.983789572438, 40.752938786646], [-73.983723827672, 40.75291113275], [-73.983637561282, 40.752874848157], [-73.983631675055, 40.752845061291], [-73.983789658865, 40.752627371942], [-73.983813398688, 40.752637335775], [-73.983980965338, 40.752707660784], [-73.983945201508, 40.752756941389]]]]}, "properties": {"name": null, "base_bbl": "1008410071", "shape_area": "965.671875", "construction_year": "1924", "ground_elevation": "69", "mappluto_bbl": "1008410071", "objectid": "483007", "feature_code": "2100", "shape_length": "125.34810839799704", "height_roof": "320.08", "last_status_type": "Constructed", "bin": "1080745", "last_edited_date": "2017-08-22T18:15:11.000Z", "geom_source": "Photogrammetric", "doitt_id": "2570"}}, {"type": "Feature", "geometry": {"type": "MultiPolygon", "coordinates": [[[[-73.98461026822, 40.75166684282], [-73.984765181598, 40.751453934274], [-73.984816921975, 40.751475706333], [-73.984900036517, 40.751510680302], [-73.98494083072, 40.751527845683], [-73.984889683947, 40.751598141486], [-73.984909634695, 40.751606536816], [-73.984900280678, 40.751619393015], [-73.984856561823, 40.751679479839], [-73.984805869694, 40.751749149811], [-73.98461026822, 40.75166684282]]]]}, "properties": {"name": null, "base_bbl": "1008390070", "shape_area": "859.83984375", "construction_year": "1916", "ground_elevation": "65", "mappluto_bbl": "1008390070", "objectid": "889946", "feature_code": "2100", "shape_length": "121.26400691455603", "height_roof": "151.79", "last_status_type": "Constructed", "bin": "1015981", "last_edited_date": "2017-08-22T18:43:01.000Z", "geom_source": "Photogrammetric", "doitt_id": "193082"}}, {"type": "Feature", "geometry": {"type": "MultiPolygon", "coordinates": [[[[-73.984251649333, 40.752323657579], [-73.984363612073, 40.752170106863], [-73.98441357173, 40.752101590538], [-73.98442187997, 40.752090194859], [-73.984667124007, 40.752193609437], [-73.984657348178, 40.752207017568], [-73.984712761956, 40.752230384957], [-73.984716729641, 40.752232057723], [-73.984712561324, 40.752237774482], [-73.984556275564, 40.752452112753], [-73.984354451482, 40.75236700753], [-73.984251649333, 40.752323657579]]]]}, "properties": {"name": null, "base_bbl": "1008400071", "shape_area": "1504.05859375", "construction_year": "1927", "ground_elevation": "65", "mappluto_bbl": "1008400071", "objectid": "667213", "feature_code": "2100", "shape_length": "156.00671949264245", "height_roof": "250.7", "last_status_type": "Constructed", "bin": "1016014", "last_edited_date": "2017-08-22T17:41:45.000Z", "geom_source": "Photogrammetric", "doitt_id": "609578"}}, {"type": "Feature", "geometry": {"type": "MultiPolygon", "coordinates": [[[[-73.982332968928, 40.75384515482], [-73.982004878968, 40.753706673806], [-73.981971078299, 40.753692407213], [-73.98196682318, 40.753698236421], [-73.981845859829, 40.753647179462], [-73.981849692049, 40.753641929217], [-73.98175403284, 40.753601552541], [-73.981743628748, 40.753597161828], [-73.981607799069, 40.75353982934], [-73.981542604032, 40.753512311165], [-73.981490246282, 40.753490211559], [-73.981489571386, 40.753489926891], [-73.981547756203, 40.753410209051], [-73.98169467056, 40.75320892353], [-73.981735291922, 40.753153267916], [-73.981742563033, 40.753143306773], [-73.981734416948, 40.753139868251], [-73.981678224377, 40.753116149912], [-73.981708977936, 40.753074015632], [-73.981846993545, 40.752884921343], [-73.981914263683, 40.752913315865], [-73.982157050465, 40.752580672659], [-73.982171515436, 40.752560853865], [-73.982308196098, 40.752618545129], [-73.982467246709, 40.75268567784], [-73.982510557038, 40.752703958387], [-73.982807348102, 40.752829227398], [-73.983010623209, 40.752915025327], [-73.982948177293, 40.753000585763], [-73.982957809382, 40.75300465117], [-73.982898275005, 40.753086221867], [-73.982894185359, 40.753084496792], [-73.982891191934, 40.753088598151], [-73.982459767601, 40.753679700874], [-73.982462811765, 40.753680986359], [-73.982403539158, 40.75376219573], [-73.98239587842, 40.753758962644], [-73.982349084274, 40.753823075991], [-73.982332968928, 40.75384515482]]]]}, "properties": {"name": "New York Public Library", "base_bbl": "1012570001", "shape_area": "17171.828125", "construction_year": "1940", "ground_elevation": "77", "mappluto_bbl": "1012570001", "objectid": "300177", "feature_code": "2100", "shape_length": "548.43001529688058", "height_roof": "125.26", "last_status_type": "Constructed", "bin": "1034194", "last_edited_date": "2017-08-22T18:19:58.000Z", "geom_source": "Photogrammetric", "doitt_id": "556382"}}, {"type": "Feature", "geometry": {"type": "MultiPolygon", "coordinates": [[[[-73.984977804653, 40.751252144396], [-73.984882397398, 40.7513814878], [-73.984673894958, 40.751292684769], [-73.984707104924, 40.751246649913], [-73.984727250923, 40.751255055207], [-73.984788969934, 40.751172408628], [-73.984977804653, 40.751252144396]]]]}, "properties": {"name": null, "base_bbl": "1008390021", "shape_area": "543.48046875", "construction_year": "2008", "ground_elevation": "65", "mappluto_bbl": "1008397503", "objectid": "1074484", "feature_code": "2100", "shape_length": "96.688328088726166", "height_roof": "219", "last_status_type": "Constructed", "bin": "1084661", "last_edited_date": "2018-05-17T16:56:11.000Z", "geom_source": "Other (Manual)", "doitt_id": "1108007"}}, {"type": "Feature", "geometry": {"type": "MultiPolygon", "coordinates": [[[[-73.981150767909, 40.756018744578], [-73.981215616763, 40.755929786137], [-73.981322287657, 40.755783455143], [-73.981364975689, 40.75580144875], [-73.981509431011, 40.755862340787], [-73.981449648235, 40.755944350109], [-73.981388346493, 40.755918510126], [-73.981333759469, 40.755993390925], [-73.981322101158, 40.756009384713], [-73.981383402958, 40.756035225632], [-73.981373230224, 40.756049181821], [-73.98133791172, 40.756097630498], [-73.981150767909, 40.756018744578]]]]}, "properties": {"name": "Webster Apt. Hotel", "base_bbl": "1012600056", "shape_area": "822.55078125", "construction_year": "1903", "ground_elevation": "62", "mappluto_bbl": "1012600056", "objectid": "789921", "feature_code": "2100", "shape_length": "142.29874088626084", "height_roof": "157.37", "last_status_type": "Constructed", "bin": "1034234", "last_edited_date": "2017-08-22T19:32:09.000Z", "geom_source": "Photogrammetric", "doitt_id": "351369"}}, {"type": "Feature", "geometry": {"type": "MultiPolygon", "coordinates": [[[[-73.983306559223, 40.752400675352], [-73.983275381462, 40.752387855731], [-73.983240790168, 40.752373632618], [-73.983260830654, 40.752345445195], [-73.983395642106, 40.752155828974], [-73.983544649059, 40.752217094659], [-73.983594921562, 40.752237764836], [-73.983565709229, 40.752278853457], [-73.9834400689, 40.752455568745], [-73.983306559223, 40.752400675352]]]]}, "properties": {"name": null, "base_bbl": "1008410027", "shape_area": "917.55859375", "construction_year": "1925", "ground_elevation": "71", "mappluto_bbl": "1008410027", "objectid": "374654", "feature_code": "2100", "shape_length": "123.18701446983886", "height_roof": "229.87", "last_status_type": "Constructed", "bin": "1016044", "last_edited_date": "2017-08-22T17:34:43.000Z", "geom_source": "Photogrammetric", "doitt_id": "153689"}}, {"type": "Feature", "geometry": {"type": "MultiPolygon", "coordinates": [[[[-73.980597899794, 40.749955180881], [-73.980711719912, 40.74979817603], [-73.980736919274, 40.749808741383], [-73.980749096694, 40.749791942674], [-73.980772905035, 40.749785073987], [-73.980792839339, 40.749793432209], [-73.980801318151, 40.749811738212], [-73.980691516311, 40.749963201209], [-73.98066907447, 40.749994157748], [-73.980668592346, 40.74999482134], [-73.980592339375, 40.749962850456], [-73.980592441248, 40.749962709994], [-73.980597899794, 40.749955180881]]]]}, "properties": {"name": null, "base_bbl": "1008670051", "shape_area": "296.20703125", "construction_year": "1920", "ground_elevation": "78", "mappluto_bbl": "1008670051", "objectid": "860760", "feature_code": "2100", "shape_length": "82.247139291052875", "height_roof": "74.54", "last_status_type": "Constructed", "bin": "1017219", "last_edited_date": "2017-08-22T18:26:08.000Z", "geom_source": "Photogrammetric", "doitt_id": "795655"}}, {"type": "Feature", "geometry": {"type": "MultiPolygon", "coordinates": [[[[-73.984234304103, 40.750706677883], [-73.98430672257, 40.750605290787], [-73.984403969168, 40.75046914387], [-73.984468935217, 40.750495982326], [-73.984334187244, 40.750684632712], [-73.984299271499, 40.750733515533], [-73.984234304103, 40.750706677883]]]]}, "properties": {"name": null, "base_bbl": "1008380060", "shape_area": "326.9140625", "construction_year": "1920", "ground_elevation": "68", "mappluto_bbl": "1008380060", "objectid": "990899", "feature_code": "2100", "shape_length": "95.8483299848679", "height_roof": "55.65", "last_status_type": "Constructed", "bin": "1015943", "last_edited_date": "2017-08-22T17:39:00.000Z", "geom_source": "Photogrammetric", "doitt_id": "835958"}}, {"type": "Feature", "geometry": {"type": "MultiPolygon", "coordinates": [[[[-73.981600640535, 40.751662631047], [-73.981630973018, 40.751620810087], [-73.981595450747, 40.75160591005], [-73.981711043443, 40.751446538902], [-73.982059300799, 40.75159261881], [-73.981913561041, 40.751793888817], [-73.981600640535, 40.751662631047]]]]}, "properties": {"name": null, "base_bbl": "1008690001", "shape_area": "1463.5625", "construction_year": "1986", "ground_elevation": "79", "mappluto_bbl": "1008697501", "objectid": "756906", "feature_code": "2100", "shape_length": "156.11877219148667", "height_roof": "329", "last_status_type": "Constructed", "bin": "1017603", "last_edited_date": "2017-08-22T18:21:20.000Z", "geom_source": "Other (Manual)", "doitt_id": "484641"}}, {"type": "Feature", "geometry": {"type": "MultiPolygon", "coordinates": [[[[-73.983570249524, 40.752407368898], [-73.983669137468, 40.752268280017], [-73.983750674283, 40.752301805673], [-73.983601394152, 40.75251177348], [-73.983587347637, 40.752531529478], [-73.983532759128, 40.752509083784], [-73.983597198002, 40.75241844986], [-73.983570249524, 40.752407368898]]]]}, "properties": {"name": null, "base_bbl": "1008410021", "shape_area": "344.34765625", "construction_year": "1920", "ground_elevation": "69", "mappluto_bbl": "1008410021", "objectid": "693312", "feature_code": "2100", "shape_length": "97.339895962555588", "height_roof": "61.82", "last_status_type": "Constructed", "bin": "1016042", "last_edited_date": "2017-08-22T17:29:13.000Z", "geom_source": "Photogrammetric", "doitt_id": "444546"}}, {"type": "Feature", "geometry": {"type": "MultiPolygon", "coordinates": [[[[-73.981871134243, 40.755507266847], [-73.982078217956, 40.755222017313], [-73.982185268091, 40.755266956532], [-73.982186858292, 40.755267624053], [-73.982328771233, 40.755072141662], [-73.982487928464, 40.755138955557], [-73.982403975101, 40.755254600088], [-73.98223297441, 40.755490148775], [-73.982225781287, 40.755500057728], [-73.982138932932, 40.755619688151], [-73.981871134243, 40.755507266847]]]]}, "properties": {"name": "N.Y. Bar Association", "base_bbl": "1012590014", "shape_area": "2294.578125", "construction_year": "1896", "ground_elevation": "67", "mappluto_bbl": "1012590014", "objectid": "1035465", "feature_code": "2100", "shape_length": "229.41379663325887", "height_roof": "99.44", "last_status_type": "Constructed", "bin": "1034204", "last_edited_date": "2020-01-28T17:22:41.000Z", "geom_source": "Photogrammetric", "doitt_id": "386608"}}, {"type": "Feature", "geometry": {"type": "MultiPolygon", "coordinates": [[[[-73.984980763606, 40.753937213607], [-73.985088196042, 40.753982514892], [-73.985371635461, 40.754102032117], [-73.985198439285, 40.754339554371], [-73.984807566465, 40.754174735279], [-73.984827758292, 40.75414704379], [-73.984980763606, 40.753937213607]]]]}, "properties": {"name": null, "base_bbl": "1009930036", "shape_area": "1985.73046875", "construction_year": "1919", "ground_elevation": "61", "mappluto_bbl": "1009930036", "objectid": "728844", "feature_code": "2100", "shape_length": "179.34825842734847", "height_roof": "152.82", "last_status_type": "Constructed", "bin": "1022566", "last_edited_date": "2017-08-22T17:44:47.000Z", "geom_source": "Photogrammetric", "doitt_id": "39782"}}, {"type": "Feature", "geometry": {"type": "MultiPolygon", "coordinates": [[[[-73.984507353999, 40.751559550411], [-73.984295387011, 40.751474594094], [-73.98439679921, 40.751334557581], [-73.98461018003, 40.751418230682], [-73.984507353999, 40.751559550411]]]]}, "properties": {"name": null, "base_bbl": "1008390067", "shape_area": "630.2578125", "construction_year": "2024", "ground_elevation": "67", "mappluto_bbl": "1008390067", "objectid": "68484", "feature_code": "5100", "shape_length": "100.62558253350528", "height_roof": "227", "last_status_type": "Initialization", "bin": "1090634", "last_edited_date": "2024-05-03T16:37:14.000Z", "geom_source": "Other (Manual)", "doitt_id": "1284735"}}, {"type": "Feature", "geometry": {"type": "MultiPolygon", "coordinates": [[[[-73.983263540062, 40.752717525594], [-73.983403587343, 40.752528086633], [-73.983447370193, 40.752546804543], [-73.983465108068, 40.752554387548], [-73.983498975462, 40.752508575568], [-73.983534624075, 40.752523815426], [-73.983526481505, 40.752534829249], [-73.983483892288, 40.752592440216], [-73.983504786793, 40.752601373526], [-73.983447852608, 40.752678388324], [-73.983427865052, 40.752669843252], [-73.983361999182, 40.75275894061], [-73.983342128796, 40.752750582846], [-73.983263540062, 40.752717525594]]]]}, "properties": {"name": null, "base_bbl": "1008410066", "shape_area": "467.3125", "construction_year": "1920", "ground_elevation": "70", "mappluto_bbl": "1008410066", "objectid": "701770", "feature_code": "2100", "shape_length": "109.34011787135789", "height_roof": "54.48", "last_status_type": "Constructed", "bin": "1016054", "last_edited_date": "2017-08-22T17:29:12.000Z", "geom_source": "Photogrammetric", "doitt_id": "695669"}}, {"type": "Feature", "geometry": {"type": "MultiPolygon", "coordinates": [[[[-73.983551298011, 40.751689571143], [-73.983629739056, 40.751581996169], [-73.983669303963, 40.751598680955], [-73.98368092777, 40.751582739144], [-73.983641362869, 40.751566055262], [-73.983706246698, 40.751477070155], [-73.983776987731, 40.751506901293], [-73.983886389178, 40.751553034259], [-73.983731440888, 40.751765536388], [-73.983688654165, 40.751747494105], [-73.983551298011, 40.751689571143]]]]}, "properties": {"name": null, "base_bbl": "1008400031", "shape_area": "805.25390625", "construction_year": "1910", "ground_elevation": "72", "mappluto_bbl": "1008400031", "objectid": "499577", "feature_code": "2100", "shape_length": "127.33110121554959", "height_roof": "159.27", "last_status_type": "Constructed", "bin": "1016002", "last_edited_date": "2017-08-22T17:58:58.000Z", "geom_source": "Photogrammetric", "doitt_id": "522166"}}, {"type": "Feature", "geometry": {"type": "MultiPolygon", "coordinates": [[[[-73.981316568023, 40.751083371771], [-73.981484185934, 40.750851961577], [-73.981550220214, 40.750879624011], [-73.981633387364, 40.750912434631], [-73.981466851419, 40.751146327009], [-73.981382601279, 40.7511110343], [-73.981316568023, 40.751083371771]]]]}, "properties": {"name": null, "base_bbl": "1008680064", "shape_area": "737.44140625", "construction_year": "2018", "ground_elevation": "80", "mappluto_bbl": "1008680064", "objectid": "818039", "feature_code": "2100", "shape_length": "115.79355592948721", "height_roof": "240", "last_status_type": "Constructed", "bin": "1089811", "last_edited_date": "2019-10-17T16:37:01.000Z", "geom_source": "Other (Manual)", "doitt_id": "328053"}}, {"type": "Feature", "geometry": {"type": "MultiPolygon", "coordinates": [[[[-73.981102034492, 40.755182174247], [-73.981255477108, 40.754970815552], [-73.981276464404, 40.754941906434], [-73.981340035066, 40.754968593323], [-73.981593060752, 40.755074816234], [-73.981556196904, 40.755125595247], [-73.981418631634, 40.755315084521], [-73.981102034492, 40.755182174247]]]]}, "properties": {"name": "General Society of Mechanics & Tradesmen", "base_bbl": "1012590048", "shape_area": "1623.6484375", "construction_year": "1890", "ground_elevation": "65", "mappluto_bbl": "1012590048", "objectid": "1025320", "feature_code": "2100", "shape_length": "161.17873372725239", "height_roof": "98.49", "last_status_type": "Constructed", "bin": "1034214", "last_edited_date": "2020-01-28T17:14:40.000Z", "geom_source": "Photogrammetric", "doitt_id": "728463"}}, {"type": "Feature", "geometry": {"type": "MultiPolygon", "coordinates": [[[[-73.981604724976, 40.750378983763], [-73.981717974629, 40.750223595145], [-73.981796874573, 40.750256851624], [-73.981683625048, 40.750412241219], [-73.981604724976, 40.750378983763]]]]}, "properties": {"name": null, "base_bbl": "1008670018", "shape_area": "262.1640625", "construction_year": "1925", "ground_elevation": "77", "mappluto_bbl": "1008670018", "objectid": "763403", "feature_code": "2100", "shape_length": "72.267593149751761", "height_roof": "184.79", "last_status_type": "Constructed", "bin": "1088972", "last_edited_date": "2017-08-22T17:31:55.000Z", "geom_source": "Photogrammetric", "doitt_id": "232858"}}, {"type": "Feature", "geometry": {"type": "MultiPolygon", "coordinates": [[[[-73.984924417138, 40.752607348385], [-73.985048388584, 40.752437326527], [-73.985077070365, 40.752397990748], [-73.985115068283, 40.752345877086], [-73.985267836394, 40.752136358913], [-73.985447778783, 40.752212234994], [-73.985463678012, 40.752218939466], [-73.98541626484, 40.752283966207], [-73.985382035097, 40.752330911543], [-73.985345638847, 40.752380828262], [-73.985309287554, 40.752430683741], [-73.98526643367, 40.75241261322], [-73.985219708008, 40.752392910471], [-73.985166734382, 40.752465561877], [-73.985206239813, 40.752482220011], [-73.985074326505, 40.752663134428], [-73.985070185435, 40.752668815183], [-73.985055525828, 40.752662634011], [-73.984924417138, 40.752607348385]]]]}, "properties": {"name": null, "base_bbl": "1008400006", "shape_area": "1633.76953125", "construction_year": "1930", "ground_elevation": "61", "mappluto_bbl": "1008400006", "objectid": "170452", "feature_code": "2100", "shape_length": "218.10369532125165", "height_roof": "150.77", "last_status_type": "Constructed", "bin": "1015989", "last_edited_date": "2017-08-22T18:58:13.000Z", "geom_source": "Photogrammetric", "doitt_id": "476849"}}, {"type": "Feature", "geometry": {"type": "MultiPolygon", "coordinates": [[[[-73.979818719513, 40.75377236278], [-73.97990690706, 40.753651057566], [-73.979990508381, 40.753686203545], [-73.979876331759, 40.753843257963], [-73.97979776713, 40.753810228073], [-73.979823755156, 40.75377447985], [-73.979818719513, 40.75377236278]]]]}, "properties": {"name": null, "base_bbl": "1012770067", "shape_area": "276.58984375", "construction_year": "1927", "ground_elevation": "66", "mappluto_bbl": "1012770067", "objectid": "57936", "feature_code": "2100", "shape_length": "73.982545760530584", "height_roof": "84", "last_status_type": "Constructed", "bin": "1088173", "last_edited_date": "2017-08-22T18:16:14.000Z", "geom_source": "Other (Manual)", "doitt_id": "1108306"}}, {"type": "Feature", "geometry": {"type": "MultiPolygon", "coordinates": [[[[-73.982701910811, 40.754020068755], [-73.982689789927, 40.75403696042], [-73.982693040145, 40.75403829906], [-73.98267561119, 40.754061989644], [-73.98267269369, 40.754060783428], [-73.982658780482, 40.754080171022], [-73.98263842081, 40.754071487982], [-73.982634364898, 40.754076427545], [-73.9826091909, 40.754065695123], [-73.982613148538, 40.75406070872], [-73.982600113382, 40.754055148831], [-73.982642748543, 40.753995889385], [-73.982701910811, 40.754020068755]]]]}, "properties": {"name": "Bryant Park Public Restroom", "base_bbl": "1012570001", "shape_area": "79.08203125", "construction_year": "1911", "ground_elevation": "65", "mappluto_bbl": "1012570001", "objectid": "1045703", "feature_code": "2100", "shape_length": "37.428232025887596", "height_roof": "13", "last_status_type": "Constructed", "bin": "1090520", "last_edited_date": "2026-04-21T17:29:53.000Z", "geom_source": "Other (Manual)", "doitt_id": "1283805"}}, {"type": "Feature", "geometry": {"type": "MultiPolygon", "coordinates": [[[[-73.980634077158, 40.752621410536], [-73.98062936947, 40.752627839356], [-73.980512144893, 40.752787945729], [-73.980485239608, 40.752824693518], [-73.980341668037, 40.752763956107], [-73.980313604087, 40.752802319166], [-73.980252303967, 40.752886115147], [-73.980156249903, 40.7530174194], [-73.980021109534, 40.752960248146], [-73.979778587275, 40.752857648128], [-73.979527538594, 40.752751440458], [-73.979556441708, 40.752711931395], [-73.979631964229, 40.752608693675], [-73.979705095906, 40.752508725219], [-73.979774254083, 40.752414186969], [-73.979856933499, 40.752301165457], [-73.979861698102, 40.752294652931], [-73.980634077158, 40.752621410536]]]]}, "properties": {"name": null, "base_bbl": "1012760058", "shape_area": "6777.3515625", "construction_year": "2002", "ground_elevation": "72", "mappluto_bbl": "1012760058", "objectid": "35492", "feature_code": "2100", "shape_length": "350.43348986592423", "height_roof": "534.4", "last_status_type": "Constructed", "bin": "1085972", "last_edited_date": "2017-08-22T18:15:33.000Z", "geom_source": "Photogrammetric", "doitt_id": "996719"}}, {"type": "Feature", "geometry": {"type": "MultiPolygon", "coordinates": [[[[-73.98050007233, 40.751894188915], [-73.980491729897, 40.751890745769], [-73.980578151675, 40.75176963602], [-73.980742914101, 40.751837629364], [-73.980747107817, 40.751839359937], [-73.980746547493, 40.751840145085], [-73.980742491361, 40.751845830201], [-73.980670887031, 40.751946175992], [-73.980643077292, 40.751934699778], [-73.980549475398, 40.752065870614], [-73.980480680337, 40.752037480435], [-73.980491741204, 40.7520219801], [-73.980439964988, 40.752000613121], [-73.980512305376, 40.75189923742], [-73.98050007233, 40.751894188915]]]]}, "properties": {"name": null, "base_bbl": "1012750012", "shape_area": "706.29296875", "construction_year": "1913", "ground_elevation": "78", "mappluto_bbl": "1012750012", "objectid": "322718", "feature_code": "2100", "shape_length": "122.34413154114229", "height_roof": "152.52", "last_status_type": "Constructed", "bin": "1035315", "last_edited_date": "2017-08-22T18:02:31.000Z", "geom_source": "Photogrammetric", "doitt_id": "615428"}}, {"type": "Feature", "geometry": {"type": "MultiPolygon", "coordinates": [[[[-73.980493538283, 40.751376399586], [-73.980570157474, 40.751270536442], [-73.980942843102, 40.751426530313], [-73.980906513803, 40.751476725705], [-73.980738105704, 40.751406235779], [-73.980697816126, 40.751461903718], [-73.980493538283, 40.751376399586]]]]}, "properties": {"name": null, "base_bbl": "1008690058", "shape_area": "641.08203125", "construction_year": "1927", "ground_elevation": "78", "mappluto_bbl": "1008690058", "objectid": "451995", "feature_code": "2100", "shape_length": "130.27962540563439", "height_roof": "258.23", "last_status_type": "Constructed", "bin": "1017598", "last_edited_date": "2017-08-22T19:13:44.000Z", "geom_source": "Photogrammetric", "doitt_id": "414342"}}, {"type": "Feature", "geometry": {"type": "MultiPolygon", "coordinates": [[[[-73.984748070466, 40.750576477136], [-73.984828322235, 40.750464120781], [-73.984902556538, 40.750360188716], [-73.984962227827, 40.750384837969], [-73.984853360263, 40.750537256877], [-73.984815656679, 40.750590044083], [-73.984804093651, 40.750606231857], [-73.984744423406, 40.750581582522], [-73.984748070466, 40.750576477136]]]]}, "properties": {"name": null, "base_bbl": "1008380029", "shape_area": "279.859375", "construction_year": "1920", "ground_elevation": "64", "mappluto_bbl": "1008380029", "objectid": "309663", "feature_code": "2100", "shape_length": "89.111610236896539", "height_roof": "66.66", "last_status_type": "Constructed", "bin": "1015928", "last_edited_date": "2017-08-22T19:37:26.000Z", "geom_source": "Photogrammetric", "doitt_id": "395154"}}, {"type": "Feature", "geometry": {"type": "MultiPolygon", "coordinates": [[[[-73.981966355675, 40.750201891574], [-73.982115328793, 40.749997483693], [-73.982193023384, 40.750030231829], [-73.982054297948, 40.750220579103], [-73.982044050431, 40.75023463981], [-73.981966355675, 40.750201891574]]]]}, "properties": {"name": null, "base_bbl": "1008670012", "shape_area": "339.58203125", "construction_year": "1924", "ground_elevation": "77", "mappluto_bbl": "1008670012", "objectid": "750693", "feature_code": "2100", "shape_length": "88.415998091298462", "height_roof": "93.62", "last_status_type": "Constructed", "bin": "1017193", "last_edited_date": "2017-08-22T18:31:42.000Z", "geom_source": "Photogrammetric", "doitt_id": "292921"}}, {"type": "Feature", "geometry": {"type": "MultiPolygon", "coordinates": [[[[-73.980008120924, 40.751052842905], [-73.980030417548, 40.751062170611], [-73.980051553883, 40.75107101274], [-73.980105117353, 40.750996962585], [-73.980091363117, 40.750991209578], [-73.980055958728, 40.750976399135], [-73.98008865994, 40.750931190383], [-73.980128460409, 40.750947839507], [-73.980406337282, 40.751064083901], [-73.980347623415, 40.751145256319], [-73.98028770347, 40.751228094436], [-73.980287538897, 40.751228025969], [-73.979992759103, 40.751104710286], [-73.979975750105, 40.751097595134], [-73.980008120924, 40.751052842905]]]]}, "properties": {"name": null, "base_bbl": "1008690020", "shape_area": "1027.1640625", "construction_year": "1927", "ground_elevation": "78", "mappluto_bbl": "1008690020", "objectid": "160335", "feature_code": "2100", "shape_length": "146.80482850973223", "height_roof": "257.2", "last_status_type": "Constructed", "bin": "1017589", "last_edited_date": "2017-08-22T17:50:33.000Z", "geom_source": "Photogrammetric", "doitt_id": "195939"}}, {"type": "Feature", "geometry": {"type": "MultiPolygon", "coordinates": [[[[-73.980746514426, 40.754675354096], [-73.980801422161, 40.754599723493], [-73.980827631501, 40.754563622086], [-73.980847630853, 40.754536073544], [-73.980895329749, 40.754470371572], [-73.981209634333, 40.754602322116], [-73.981089763142, 40.754767439013], [-73.981036299691, 40.754841081673], [-73.98072199314, 40.75470913066], [-73.980746514426, 40.754675354096]]]]}, "properties": {"name": null, "base_bbl": "1012590029", "shape_area": "1601.78125", "construction_year": "1891", "ground_elevation": "65", "mappluto_bbl": "1012590029", "objectid": "1032316", "feature_code": "2100", "shape_length": "160.08942057837422", "height_roof": "83.60208893", "last_status_type": "Constructed", "bin": "1034208", "last_edited_date": "2020-01-28T17:19:49.000Z", "geom_source": "Photogrammetric", "doitt_id": "657679"}}, {"type": "Feature", "geometry": {"type": "MultiPolygon", "coordinates": [[[[-73.980197725364, 40.751769416369], [-73.98028414752, 40.751648305938], [-73.980416297469, 40.751702841507], [-73.980450228313, 40.751716843834], [-73.980578151675, 40.75176963602], [-73.980491729897, 40.751890745769], [-73.980197725364, 40.751769416369]]]]}, "properties": {"name": null, "base_bbl": "1012750014", "shape_area": "753.98828125", "construction_year": "1918", "ground_elevation": "78", "mappluto_bbl": "1012750014", "objectid": "795635", "feature_code": "2100", "shape_length": "115.00069280728397", "height_roof": "294.01", "last_status_type": "Constructed", "bin": "1035316", "last_edited_date": "2017-08-22T18:13:42.000Z", "geom_source": "Photogrammetric", "doitt_id": "324287"}}, {"type": "Feature", "geometry": {"type": "MultiPolygon", "coordinates": [[[[-73.979568494628, 40.751733044018], [-73.979619712544, 40.751754686845], [-73.979702334581, 40.751641612293], [-73.979637254676, 40.751614111963], [-73.979640495822, 40.751609674843], [-73.979599935016, 40.751592535541], [-73.979608281916, 40.7515811123], [-73.979532857684, 40.751549239924], [-73.979374416594, 40.751482286962], [-73.979462538943, 40.751361685332], [-73.979492672334, 40.751320445725], [-73.979714540015, 40.751414200665], [-73.980044568635, 40.751553661133], [-73.979863847327, 40.751800994169], [-73.979783745077, 40.75191062124], [-73.979601051316, 40.751833420179], [-73.979520135487, 40.75179922712], [-73.979565289011, 40.751737431615], [-73.979568494628, 40.751733044018]]]]}, "properties": {"name": null, "base_bbl": "1012750023", "shape_area": "2904.04296875", "construction_year": "1926", "ground_elevation": "76", "mappluto_bbl": "1012750023", "objectid": "548792", "feature_code": "2100", "shape_length": "273.6626869523422", "height_roof": "336.64", "last_status_type": "Constructed", "bin": "1035318", "last_edited_date": "2017-08-22T18:12:03.000Z", "geom_source": "Photogrammetric", "doitt_id": "340883"}}, {"type": "Feature", "geometry": {"type": "MultiPolygon", "coordinates": [[[[-73.98482833073, 40.753583452057], [-73.984811153694, 40.753607155606], [-73.984792042563, 40.753611572767], [-73.984759903582, 40.753598777738], [-73.984754799632, 40.753584044789], [-73.984772170987, 40.753559896424], [-73.984791086539, 40.753556258178], [-73.984823226858, 40.753568316586], [-73.98482833073, 40.753583452057]]]]}, "properties": {"name": null, "base_bbl": "1012570002", "shape_area": "46.390625", "construction_year": null, "ground_elevation": "62", "mappluto_bbl": "1012570002", "objectid": "1045696", "feature_code": "2100", "shape_length": "24.979929301661819", "height_roof": "11", "last_status_type": "Constructed", "bin": "1085593", "last_edited_date": "2026-04-21T17:13:10.000Z", "geom_source": "Other (Manual)", "doitt_id": "1292227"}}, {"type": "Feature", "geometry": {"type": "MultiPolygon", "coordinates": [[[[-73.984224369727, 40.752840558599], [-73.984239376686, 40.752819879637], [-73.984250086308, 40.752824374625], [-73.984279665467, 40.75278361727], [-73.984423840105, 40.752584950151], [-73.984492880011, 40.752613989071], [-73.98430415498, 40.752874043998], [-73.984224369727, 40.752840558599]]]]}, "properties": {"name": null, "base_bbl": "1008410015", "shape_area": "388.11328125", "construction_year": "1910", "ground_elevation": "64", "mappluto_bbl": "1008410015", "objectid": "180905", "feature_code": "2100", "shape_length": "107.53374763908838", "height_roof": "57.44", "last_status_type": "Constructed", "bin": "1016039", "last_edited_date": "2017-08-22T19:20:33.000Z", "geom_source": "Photogrammetric", "doitt_id": "662788"}}, {"type": "Feature", "geometry": {"type": "MultiPolygon", "coordinates": [[[[-73.982561118025, 40.753726432255], [-73.982489965436, 40.75369217163], [-73.982554845424, 40.753604501034], [-73.982630501708, 40.75363739263], [-73.982561118025, 40.753726432255]]]]}, "properties": {"name": null, "base_bbl": "1012570001", "shape_area": "142.97265625", "construction_year": "1995", "ground_elevation": "76", "mappluto_bbl": "1012570001", "objectid": "1091106", "feature_code": "2100", "shape_length": "49.0596486586274", "height_roof": "10", "last_status_type": "Constructed", "bin": "1090168", "last_edited_date": "2026-02-25T19:36:19.000Z", "geom_source": "Other (Manual)", "doitt_id": "1305358"}}, {"type": "Feature", "geometry": {"type": "MultiPolygon", "coordinates": [[[[-73.984336453496, 40.753848530225], [-73.984291780151, 40.753830131314], [-73.984315975066, 40.753795393102], [-73.984361320885, 40.753814302681], [-73.984336453496, 40.753848530225]]]]}, "properties": {"name": null, "base_bbl": "1012570002", "shape_area": "32.875", "construction_year": null, "ground_elevation": "71", "mappluto_bbl": "1012570002", "objectid": "1091525", "feature_code": "2100", "shape_length": "22.935754997084814", "height_roof": "13", "last_status_type": "Constructed", "bin": "1091074", "last_edited_date": "2026-04-21T17:13:02.000Z", "geom_source": "Other (Manual)", "doitt_id": "1305831"}}, {"type": "Feature", "geometry": {"type": "MultiPolygon", "coordinates": [[[[-73.984092999147, 40.75452848667], [-73.984097898381, 40.754542287594], [-73.984076869391, 40.754572926193], [-73.984059255994, 40.754577075988], [-73.984019526891, 40.754560792045], [-73.984014542215, 40.754547804262], [-73.984034951778, 40.754517661768], [-73.984053877391, 40.754512871898], [-73.984092999147, 40.75452848667]]]]}, "properties": {"name": null, "base_bbl": "1012570002", "shape_area": "58.9296875", "construction_year": null, "ground_elevation": "66", "mappluto_bbl": "1012570002", "objectid": "1091542", "feature_code": "2100", "shape_length": "28.366377942079339", "height_roof": "15", "last_status_type": "Constructed", "bin": "1090910", "last_edited_date": "2026-04-21T17:24:01.000Z", "geom_source": "Other (Manual)", "doitt_id": "1305833"}}, {"type": "Feature", "geometry": {"type": "MultiPolygon", "coordinates": [[[[-73.984053769, 40.754238444605], [-73.984009095472, 40.754220045586], [-73.984033290676, 40.754185307435], [-73.98407863668, 40.754204217124], [-73.984053769, 40.754238444605]]]]}, "properties": {"name": null, "base_bbl": "1012570002", "shape_area": "32.87109375", "construction_year": null, "ground_elevation": "70", "mappluto_bbl": "1012570002", "objectid": "1091531", "feature_code": "2100", "shape_length": "22.935888719590622", "height_roof": "13", "last_status_type": "Constructed", "bin": "1091076", "last_edited_date": "2026-04-21T17:15:50.000Z", "geom_source": "Other (Manual)", "doitt_id": "1305832"}}, {"type": "Feature", "geometry": {"type": "MultiPolygon", "coordinates": [[[[-73.98411973882, 40.754033450009], [-73.984111996707, 40.754033305762], [-73.98410361419, 40.754032169968], [-73.984093906897, 40.754029703044], [-73.984083460026, 40.754025014469], [-73.984075735435, 40.754020926007], [-73.98406863546, 40.754014517027], [-73.984062719382, 40.754009285172], [-73.984060931651, 40.754007715343], [-73.98406148156, 40.754005831561], [-73.984062308815, 40.754002902331], [-73.984062309541, 40.753999867627], [-73.984061483863, 40.753996205156], [-73.984059422054, 40.753991914862], [-73.984056945259, 40.753989821744], [-73.98405598345, 40.753985950337], [-73.984055984352, 40.753982183522], [-73.984056673309, 40.753978207885], [-73.984058865025, 40.753974068564], [-73.984062642879, 40.753967725925], [-73.984067209105, 40.753962583769], [-73.984073233296, 40.753956420641], [-73.984081688324, 40.753951399689], [-73.984088469424, 40.753949257422], [-73.984098421872, 40.753946580693], [-73.984113370232, 40.75394441884], [-73.984123690094, 40.753945361291], [-73.98413455929, 40.753946827911], [-73.984144878605, 40.753950072953], [-73.984151207051, 40.753954154915], [-73.984158497934, 40.753959492314], [-73.984167852414, 40.753966608495], [-73.98416690552, 40.753969711508], [-73.984166679651, 40.753973397246], [-73.984167863113, 40.753976397894], [-73.984169157981, 40.75397901224], [-73.984171299605, 40.753981326833], [-73.984173102687, 40.753983083968], [-73.98417422987, 40.753983727083], [-73.984173625673, 40.753989837832], [-73.984173212362, 40.753994965254], [-73.984171146876, 40.754001137936], [-73.984166191403, 40.754009822632], [-73.984159997802, 40.754016309024], [-73.98415352987, 40.754021121337], [-73.984147611618, 40.754024991796], [-73.984140495149, 40.754028150691], [-73.98413662057, 40.754027949345], [-73.984133450546, 40.754027881371], [-73.984130544544, 40.754028015146], [-73.984126669695, 40.754028952038], [-73.984122794701, 40.75403049227], [-73.98411973882, 40.754033450009]]]]}, "properties": {"name": null, "base_bbl": "1012570002", "shape_area": "130.83203125", "construction_year": "1913", "ground_elevation": "71", "mappluto_bbl": "1012570002", "objectid": "1091517", "feature_code": "2100", "shape_length": "41.514609148379051", "height_roof": "10", "last_status_type": "Constructed", "bin": "1091075", "last_edited_date": "2026-04-21T18:55:08.000Z", "geom_source": "Other (Manual)", "doitt_id": "1305835"}}, {"type": "Feature", "geometry": {"type": "MultiPolygon", "coordinates": [[[[-73.980895181755, 40.7544703549], [-73.980746901897, 40.754674599999], [-73.98035251274, 40.754509989435], [-73.98050013038, 40.754305468271], [-73.980895181755, 40.7544703549]]]]}, "properties": {"name": null, "base_bbl": "1012590035", "shape_area": "1718.46484375", "construction_year": "2025", "ground_elevation": "71", "mappluto_bbl": "1012597503", "objectid": "1089766", "feature_code": "5100", "shape_length": "168.84505890782239", "height_roof": "922", "last_status_type": "Constructed", "bin": "1091887", "last_edited_date": "2025-10-17T19:42:25.000Z", "geom_source": "Other (Manual)", "doitt_id": "1303559"}}, {"type": "Feature", "geometry": {"type": "MultiPolygon", "coordinates": [[[[-73.982684192976, 40.753619837249], [-73.982578129371, 40.753574226855], [-73.982618864303, 40.753521558827], [-73.982722256124, 40.753568111613], [-73.982684192976, 40.753619837249]]]]}, "properties": {"name": null, "base_bbl": "1012570001", "shape_area": "119.125", "construction_year": "1995", "ground_elevation": "76", "mappluto_bbl": "1012570001", "objectid": "1091112", "feature_code": "2100", "shape_length": "44.638458488056663", "height_roof": "10", "last_status_type": "Constructed", "bin": "1090169", "last_edited_date": "2026-02-25T19:37:51.000Z", "geom_source": "Other (Manual)", "doitt_id": "1305359"}}, {"type": "Feature", "geometry": {"type": "MultiPolygon", "coordinates": [[[[-73.984326264312, 40.753468340741], [-73.984308844218, 40.753492698851], [-73.984306110254, 40.753491521517], [-73.984301292767, 40.753497798286], [-73.984267447989, 40.753483145143], [-73.984271795171, 40.753477683269], [-73.984270396815, 40.753477068033], [-73.98428878214, 40.753452176061], [-73.984326264312, 40.753468340741]]]]}, "properties": {"name": null, "base_bbl": "1012570002", "shape_area": "24.28515625", "construction_year": null, "ground_elevation": "71", "mappluto_bbl": "1012570002", "objectid": "1091505", "feature_code": "2100", "shape_length": "19.937626304627308", "height_roof": "9", "last_status_type": "Constructed", "bin": "1090172", "last_edited_date": "2026-04-21T20:40:35.000Z", "geom_source": "Other (Manual)", "doitt_id": "1305842"}}, {"type": "Feature", "geometry": {"type": "MultiPolygon", "coordinates": [[[[-73.983898048831, 40.753451413416], [-73.983890738616, 40.75345288382], [-73.983880849483, 40.753453536204], [-73.983873753918, 40.753453699103], [-73.983862576139, 40.753450590793], [-73.983854407447, 40.753446993029], [-73.983849033705, 40.753442087221], [-73.983844735107, 40.753437509348], [-73.983842370293, 40.753432767853], [-73.983839147633, 40.753425246378], [-73.983839149179, 40.753418869897], [-73.98384022583, 40.753412984343], [-73.983843021769, 40.753407589805], [-73.983847108607, 40.753401541681], [-73.983853344308, 40.753397128276], [-73.983860225142, 40.753393695612], [-73.983869255115, 40.753390754024], [-73.983879144357, 40.753389610865], [-73.983891613578, 40.753389776502], [-73.983900427794, 40.753392720586], [-73.983906231941, 40.753395337366], [-73.98391203597, 40.753398444021], [-73.983917625192, 40.753403512848], [-73.983921277751, 40.753410870489], [-73.983923640636, 40.753418718726], [-73.983924068437, 40.753427220461], [-73.983921487706, 40.753433922565], [-73.983912884857, 40.753443240697], [-73.983898048831, 40.753451413416]]]]}, "properties": {"name": null, "base_bbl": "1012570002", "shape_area": "70.1640625", "construction_year": "2000", "ground_elevation": "71", "mappluto_bbl": "1012570002", "objectid": "1091504", "feature_code": "2100", "shape_length": "29.820486301899507", "height_roof": "15", "last_status_type": "Constructed", "bin": "1090173", "last_edited_date": "2026-04-21T19:24:36.000Z", "geom_source": "Other (Manual)", "doitt_id": "1305841"}}, {"type": "Feature", "geometry": {"type": "MultiPolygon", "coordinates": [[[[-73.983926530757, 40.752065788401], [-73.983900128061, 40.752055512644], [-73.983875054801, 40.752090772047], [-73.9836419798, 40.751995435048], [-73.983669559605, 40.751956841476], [-73.98365300819, 40.751950006991], [-73.983725793264, 40.751850030522], [-73.98400097389, 40.751963533711], [-73.983926530757, 40.752065788401]]]]}, "properties": {"name": null, "base_bbl": "1008400030", "shape_area": "775.20703125", "construction_year": "2022", "ground_elevation": "70", "mappluto_bbl": "1008407504", "objectid": "1085211", "feature_code": "2100", "shape_length": "116.04017328186184", "height_roof": "324", "last_status_type": "Constructed", "bin": "1090669", "last_edited_date": "2023-07-20T17:47:36.000Z", "geom_source": "Other (Manual)", "doitt_id": "1297381"}}, {"type": "Feature", "geometry": {"type": "MultiPolygon", "coordinates": [[[[-73.982124587541, 40.752079799062], [-73.982157539178, 40.75209114154], [-73.982144261332, 40.752113451317], [-73.982276270835, 40.752179875906], [-73.982359811862, 40.752234766457], [-73.982356837375, 40.752238917333], [-73.982373231248, 40.752245711458], [-73.98237008855, 40.752250097341], [-73.98238576965, 40.75225659689], [-73.982381747993, 40.752262209128], [-73.982429417658, 40.752281964502], [-73.98241812267, 40.752297725233], [-73.982433337283, 40.752304030195], [-73.982426944094, 40.752312951432], [-73.982441455405, 40.752318965422], [-73.982434038736, 40.752329314705], [-73.982450498944, 40.752336135844], [-73.982441939153, 40.752348080651], [-73.982460142241, 40.75235562426], [-73.982448944383, 40.752371249933], [-73.98238169574, 40.752343380719], [-73.982180896177, 40.752260162905], [-73.982037998831, 40.752200942358], [-73.982094542848, 40.752121834514], [-73.982124587541, 40.752079799062]]]]}, "properties": {"name": "Fifth Avenue Tower", "base_bbl": "1008410049", "shape_area": "695.08984375", "construction_year": "1902", "ground_elevation": "77", "mappluto_bbl": "1008410049", "objectid": "67543", "feature_code": "2100", "shape_length": "141.08787188896562", "height_roof": "148", "last_status_type": "Constructed", "bin": "1016047", "last_edited_date": "2017-08-22T18:59:49.000Z", "geom_source": "Other (Manual)", "doitt_id": "123449"}}], "crs": {"type": "name", "properties": {"name": "urn:ogc:def:crs:OGC:1.3:CRS84"}}}