"Organization Name","Address","City","State","Postcode","Main Phone #","Discipline","Council District","Community Board","Borough","Latitude","Longitude","Census Tract","BIN","BBL","NTA"
"122 Community Center Inc.","150 First Avenue","New York","NY","10009","(917) 864-5050",,"Manhattan Council District #2",,"Manhattan","40.728261","-73.984785","34","1005894","1004370001","MN0303"
"13 Playwrights, Inc.","c/o Gary Winter","Brooklyn","NY","11205","(917) 886-6545","Theater","Brooklyn Council District #39","Brooklyn Community Board #6","Manhattan",,,,,,
"1687, Inc.","29 Charles Street #6F","New York","NY","10014","(212) 252-3499","Multi-Discipline, Performing","Manhattan Council District #3","Manhattan Community Board #2","Manhattan","40.735031","-74.002288","73","1010876","1006120033","MN0203"
"18 Mai Committee","832 Franklin Avenue, PMB337","Brooklyn","NY","11225","(718) 270-6935","Multi-Discipline, Performing","Brooklyn Council District #33","Brooklyn Community Board #6","Brooklyn","40.669459","-73.958419","213","3029691","3011870049","BK0901"
"20/20 Vision for Schools","428 East 10th Street","New York","NY","10009","(347) 921-4426","Visual Arts","Brooklyn Council District #43","Manhattan Community Board #3","Manhattan","40.725251","-73.976059","28","1077210","1003790023","MN0303"
"2020 Incubator LLC","499 Washington Avenue","New York","NY","11238","(917) 399-7150","Multi-Discipl, Perf & Non-Perf","Brooklyn Council District #35","Brooklyn Community Board #2","Brooklyn","40.683468","-73.964853","201","3056647","3019790001","BK0204"
"24 Hour Company","51 Bergen Street","Brooklyn","NY","11201","(646) 909-1321","Theater","Manhattan Council District #3","Brooklyn Community Board #2","Brooklyn","40.687071","-73.991303","43","3001235","3001930038","BK0202"
"3 Graces Theater Co., Inc.","56 West 128th Street","New York","NY","10027","(917) 385-0332","Theater","Manhattan Council District #9","Manhattan Community Board #10","Manhattan","40.809045","-73.942567","208","1053656","1017250062","MN1002"
"42nd Street Workshop, Inc.","421 Eighth Avenue","New York","NY","10116","(651) 248-8870","Theater","Manhattan Council District #3","Manhattan Community Board #4","Manhattan","40.750393","-73.994781","103","1084820","1007557501","MN0401"
"4A AMERICAN ALLIANCE OF ARTISTS AND AUDIENCES INC","99 Wall Street Frnt 1","New York","NY","10005","(646) 318-8309","Multi-Discipl, Perf & Non-Perf","Manhattan Council District #1","Manhattan Community Board #1","Manhattan","40.705","-74.007156","7","1000865","1000337501","MN0101"
"4heads, Inc.","1022 Pacific St.","Brooklyn","NY","11238","(412) 956-3330","Visual Arts","Brooklyn Council District #35","Brooklyn Community Board #8","Brooklyn","40.67922","-73.959415","305","3027736","3011330044","BK0802"
"52nd Street Project, Inc.","789 Tenth Avenue","New York","NY","10019","(212) 333-5252","Theater","Manhattan Council District #3","Manhattan Community Board #4","Manhattan","40.766661","-73.990365","13501","1087777","1010817502","MN0402"
"826NYC, Inc.","372 Fifth Avenue","Brooklyn","NY","11215","(718) 499-9884","Multi-Discipl, Perf & Non-Perf","Brooklyn Council District #39","Brooklyn Community Board #6","Brooklyn","40.671365","-73.984492","137","3021351","3009870042","BK0602"
"Aaccapella Light Sound Organization Plus","851A Prospect Avenue","Bronx","NY","10459","(646) 453-3535","Multi-Discipline, Non-Perform",,"Brooklyn Community Board #2","Brooklyn",,,,,,
"AAMC Foundation","174 East 80th Street","New York","NY","10075","(646) 405-8057","Visual Arts","Manhattan Council District #5","Manhattan Community Board #8","Brooklyn",,,,,,
"ABAKUA Afro-Latin Dance Company","250 9th Street","Brooklyn","NY","11215","(917) 570-6089","Dance","Brooklyn Council District #38","Brooklyn Community Board #6","Manhattan",,,,,,
"ABC Cooperation","545 West 30th Street","New York","NY","10001","(212) 232-4567","Architecture/Design","Bronx Council District #11",,"Manhattan","40.753017","-74.003227","9903","1089411","1007027502","MN0401"
"ABC No Rio","107 Suffolk Street","New York","NY","10002","(212) 254-3697","Visual Arts","Manhattan Council District #1","Manhattan Community Board #3","Manhattan","40.718943","-73.986122","1402","1004301","1003530054","MN0302"
"A Better Jamaica, Inc.","114-73 178th St","Jamaica","NY","11434","(718) 657-2605","Film/Video/Audio","Queens Council District #27","Queens Community Board #12","Queens","40.693113","-73.771003","424","4219917","4103120056","QN1205"
"Abingdon Theatre Company","31-57 31st St, Unit 617","Astoria","NY","11106","(212) 868-2055","Theater","Manhattan Council District #3","Queens Community Board #1","Queens","40.763038","-73.924507","61","4596062","4006137502","QN0103"
"A Blade of Grass Fund","487 9th Street, #4","New York","NY","11215","(646) 358-1164","Visual Arts","Manhattan Council District #3","Manhattan Community Board #5","Brooklyn","40.666155","-73.980041","153","3025895","3010907504","BK0602"
"Abraham.In.Motion, Inc.","219 West 19th Street","New York","NY","10011","(212) 691-6500","Dance","Manhattan Council District #3","Manhattan Community Board #4","Manhattan","40.74212","-73.998546","87","1013977","1007697506","MN0401"
"Abraham Lincoln Brigade Archives","239 W 14th street","New York","NY","10011","(212) 674-5398","Humanities","Manhattan Council District #2","Manhattan Community Board #4","Manhattan","40.739066","-74.000873","81","1013718","1007640018","MN0401"
"AbunDance Academy of the Arts, Inc.","90 Sullivan Place","Brooklyn","NY","11225","(347) 788-1069","Multi-Discipline, Performing","Brooklyn Council District #40","Brooklyn Community Board #9","Brooklyn","40.664222","-73.958544","327","3034459","3013060042","BK0902"
"Abundant Waters, Inc.","400 W.43rd St. #36G","New York","NY","10036","(212) 564-2589","Multi-Discipline, Performing","Manhattan Council District #3","Manhattan Community Board #4","Manhattan","40.759302","-73.992636","12102","1083745","1010520001","MN0402"
"Academy of American Poets","75 Maiden Ln","New York","NY","10038","(212) 274-0343","Literature","Manhattan Council District #3","Manhattan Community Board #1","Manhattan","40.707657","-74.007758","1502","1001112","1000680011","MN0101"
"Academy of Bosnia and Herzegovina, Inc.","55-23 31st Avenue","Woodside","NY","11377","(214) 597-2789","Film/Video/Audio","Queens Council District #22","Queens Community Board #1","Queens","40.757194","-73.905506","295","4431053","4011110001","QN0104"
"Access Theater","380 Broadway Fourth Floor","New York","NY","10013","(212) 966-1047","Theater","Manhattan Council District #1","Manhattan Community Board #1","Manhattan","40.718112","-74.002958","31","1002317","1001950001","MN0102"
"ACMP Associated Chamber Music Players, Inc.","1133 Broadway, Suite 810","New York","NY","10010","(212) 645-7424","Music","Manhattan Council District #3","Manhattan Community Board #5","Manhattan","40.743523","-73.989073","58","1015625","1008270049","MN0501"
"ACTIONPLAY INCORPORATED","227 Clermont Ave. #3","Brooklyn","NY","11205","(844) 228-7529","Film/Video/Audio","Brooklyn Council District #35","Brooklyn Community Board #2","Brooklyn","40.690694","-73.970359","183","3058562","3020920017","BK0203"
"Actors' Fund of America","729 7th Ave","New York","NY","10019","(212) 221-7300","Multi-Discipline, Performing","Manhattan Council District #4","Manhattan Community Board #5","Manhattan","40.760103","-73.983973","125","1022699","1010017501","MN0502"
"Actors Center, Inc.","520 8th Avenue","New York","NY","10018",,,,"Manhattan Community Board #5","Manhattan","40.753612","-73.992417","109","1083624","1007860001","MN0502"
"Actors Company Theatre","900 Broadway, Suite 905","New York","NY","10003","(212) 645-8228","Theater","Manhattan Council District #2","Manhattan Community Board #5","Manhattan","40.739109","-73.989773","52","1016184","1008480061","MN0501"
"Actors Theatre Workshop, Inc.","145 West 28th Street","New York","NY","10001","(212) 947-1386","Theater","Manhattan Council District #3","Manhattan Community Board #5","Manhattan","40.746602","-73.991829","95","1015100","1008040011","MN0501"
"AENY - SPANISH ARTISTS IN NEW YORK INC.","239 West 14th St","New York","NY","10011","(914) 500-5942","Multi-Discipline, Performing","Manhattan Council District #3","Manhattan Community Board #4","Manhattan","40.739066","-74.000873","81","1013718","1007640018","MN0401"
"AFC New York, Inc.","20 Jay Street","Brooklyn","NY","11201","(718) 753-3464","Multi-Discipl, Perf & Non-Perf","Brooklyn Council District #34","Brooklyn Community Board #3","Brooklyn","40.704313","-73.986587","21","3000010","3000190001","BK0202"
"African American Women In Cinema","2006 Westchester Avenue","Parkchester","NY","10462","(347) 310-3445","Other","Bronx Council District #15","Bronx Community Board #12","Bronx","40.833615","-73.857136","92","2026267","2038050001","BX0903"
"African Cultural Center, Inc.","1120 Avenue of the Americas","New York City","NY","10036","(646) 289-1877","Multi-Discipl, Perf & Non-Perf","Manhattan Council District #9","Manhattan Community Board #10","Manhattan","40.755651","-73.983516","96","1034202","1012590001","MN0502"
"African Diaspora Film Festival","535 Cathedral Parkway St 14B","New York","NY","10025","(212) 864-1760","Film/Video/Audio","Manhattan Council District #8","Manhattan Community Board #9","Manhattan","40.803795","-73.965797","199","1056904","1018820008","MN0901"
"African Film Festival, Inc.","154 West 18th Street, Suite 2A","New York","NY","10011","(212) 352-1720","Film/Video/Audio","Manhattan Council District #3","Manhattan Community Board #4","Manhattan","40.740493","-73.996547","81","1014671","1007930067","MN0401"
"African Peach Arts Coalition Inc, (APAC)","15 Louis Pl","Brooklyn","NY","11233","(678) 558-9339",,,"Brooklyn Community Board #3","Brooklyn","40.677353","-73.917329","301","3042406","3015610011","BK1601"
"African Services Committee, Inc.","429 W 127th Street","New York","NY","10027","(212) 222-3882","Multi-Discipl, Perf & Non-Perf","Manhattan Council District #7","Manhattan Community Board #9","Manhattan","40.813002","-73.953849","21303","1084104","1019670060","MN0902"
"African Voices Communications, Inc.","325 Lafayette Avenue, CF Suite","Brooklyn","NY","11238","(212) 865-2982","Literature","Manhattan Council District #7","Brooklyn Community Board #2","Brooklyn","40.688594","-73.962568","193","3055380","3019337501","BK0204"
"Afrikan Poetry Theatre, Inc.","176-03 Jamaica Ave.","Jamaica","NY","11432","(516) 602-5020","Multi-Discipl, Perf & Non-Perf","Queens Council District #27","Queens Community Board #12","Queens","40.707941","-73.784233","468","4209975","4098120008","QN1201"
"Afro-Asian, Inc.","107 Suffolk Street #213-A","New York,  NY","NY","10002","(212) 253-2280","Music","Manhattan Council District #1","Manhattan Community Board #3","Manhattan","40.718943","-73.986122","1402","1004301","1003530054","MN0302"
"Afro Brazil Arts","107 Suffolk Street #307","New York","NY","10002","(646) 363-8417","Multi-Discipl, Perf & Non-Perf","Manhattan Council District #1","Manhattan Community Board #3","Manhattan","40.718943","-73.986122","1402","1004301","1003530054","MN0302"
"Afro-Heritage Venture","901 Drew Street suite 222","Brooklyn","NY","11208","(718) 510-5575","Folk Arts","Brooklyn Council District #42","Brooklyn Community Board #5","Brooklyn","40.667414","-73.860358","1220","3323063","3045167501","BK0505"
"Afro-Latin Jazz Alliance of New York, Inc.","215 East 99th Street","New York","NY","10029","(646) 355-8170","Music","Brooklyn Council District #38","Manhattan Community Board #11","Manhattan","40.786963","-73.947537","164","1052383","1016490009","MN1101"
"Afrolatin Project, Inc.","11325 Seaview Ave","Brooklyn","NY","11239","(718) 414-5035","Multi-Discipl, Perf & Non-Perf","Brooklyn Council District #42","Brooklyn Community Board #5","Brooklyn","40.644788","-73.877046","105801","3343607","3044520200","BK0504"
"After School Rocks, Inc.","187-08 Union Turnpike","Fresh Meadows","NY","11366","(718) 454-0100","Music","Queens Council District #26","Queens Community Board #9","Queens","40.728972","-73.781866","1277","4156126","4072560114","QN0804"
"A Gathering of the Tribes","293 Troutman St Apt.","Brooklyn","NY","11237","(212) 674-8262","Multi-Discipl, Perf & Non-Perf","Manhattan Council District #2","Manhattan Community Board #3","Manhattan",,,,,,
"AGM Theater Company, Inc.","130 Malcolm X Blvd","New York","NY","10026","(917) 399-6964","Theater","Manhattan Council District #9","Manhattan Community Board #10","Manhattan","40.802359","-73.949425","190","1085936","1016007501","MN1001"
"Agudath Israel of America Community Services, Inc.","42 Broadway, 14th Floor","New York","NY","10004","(212) 797-9000","Humanities","Manhattan Council District #1","Manhattan Community Board #1","Manhattan","40.70627","-74.012909","9","1000812","1000220020","MN0101"
"AHHABROADWAY INC","4558 Broadway, Unit 736","New York","NY","10040","(212) 942-1214","Multi-Discipl, Perf & Non-Perf","Manhattan Council District #10","Manhattan Community Board #12","Manhattan","40.858811","-73.931531","283","1064061","1021700103","MN1202"
"AHL Foundation, Inc.","2605 Frederick Douglass Blvd","New York","NY","10030","(646) 590-2900","Visual Arts","Manhattan Council District #3","Manhattan Community Board #9","Manhattan","40.81888","-73.94482","22102","1088730","1020417503","MN1002"
"Aims of Modzawe, Inc.","187-40 Quencer Road","St. Albans","NY","11412","(347) 231-2595","Dance",,"Queens Community Board #12","Queens","40.695966","-73.767423","398","4221355","4104010119","QN1205"
"Aks Chorale, Inc.","456 Riverside Drive Apt 7B","New York","NY","10027","(914) 960-9596","Music","Manhattan Council District #4","Manhattan Community Board #9","Manhattan","40.810012","-73.964949","205","1059829","1019900052","MN0901"
"AKTINA Productions, Inc.","21-02 28th Avenue","Astoria","NY","11102","(718) 545-1151","Music","Queens Council District #22","Queens Community Board #1","Queens","40.771024","-73.926599","71","4006203","4005450028","QN0103"
"Alarm Will Sound, Inc.","45 Tudor City Pl","New York","NY","10017","(773) 234-2846","Music","Manhattan Council District #1","Manhattan Community Board #6","Manhattan","40.749294","-73.970246","88","1038660","1013350022","MN0603"
"Albanian Artists Association","169 east 101st street","New York","NY","10029","(212) 945-8268","Film/Video/Audio","Manhattan Council District #8","Manhattan Community Board #11","Manhattan","40.788786","-73.947936","166","1051843","1016290024","MN1101"
"Alchemy Theatre Company of Manhattan","412 W. 42nd Street","New York","NY","10036","(212) 967-0901","Theater","Manhattan Council District #3","Manhattan Community Board #4","Manhattan","40.758682","-73.993254","115","1026330","1010510029","MN0402"
"Alexander and Buono Worldwide Inc","244 Madison Ave","New York City","NY","10016","(212) 947-4503",,,"Manhattan Community Board #6","Manhattan","40.750131","-73.981247","82","1017221","1008670057","MN0502"
"Alianza Dominicana, Inc.","2410 Amsterdam Ave","New York","NY","10033","(212) 740-1960","Folk Arts","Manhattan Council District #10","Manhattan Community Board #12","Manhattan","40.847177","-73.93159","261","1063604","1021520048","MN1201"
"Alison Cook Beatty Dance, Inc.","529 E 85th St","New York","NY","10028","(917) 620-2057","Dance","Manhattan Council District #5","Manhattan Community Board #10","Manhattan","40.774905","-73.946792","14401","1051244","1015820015","MN0803"
"Alkemie Early Music Ensemble, Inc.","2101 Bedford Ave","Brooklyn","NY","11226","(929) 445-8613","Music","Brooklyn Council District #40","Brooklyn Community Board #17","Brooklyn","40.653121","-73.956079","822","3116642","3050840010","BK1701"
"Alley Pond Environmental Center, Inc.","229-10 Northern Blvd","Douglaston","NY","11362","(718) 229-4000","Science","Queens Council District #19","Queens Community Board #8","Queens","40.763261","-73.752373","138502","4000000","4075700001","QN1191"
"All Faiths Restoration & Beautification Program, Inc","67-29 Metropolitan Avenue","Queens","NY","11731","(718) 821-1750",,,"Queens Community Board #5","Queens","40.712297","-73.889067","60701","4062578","4027900001","QN0571"
"All For One Theater Festival, Inc.","1650 Broadway","New York","NY","10019","(212) 398-7180","Theater","Manhattan Council District #4","Manhattan Community Board #5","Manhattan","40.761964","-73.983684","131","1024811","1010220035","MN0502"
"Alliance for Inclusion in the Arts","1560 Broadway, Suite 1600","New York","NY","10036","(212) 730-4750","Theater","Manhattan Council District #3","Manhattan Community Board #5","Manhattan","40.75886","-73.984843","125","1022661","1009990003","MN0502"
"Alliance for the Development of Theatre Artists, Inc.","520 Eighth Ave","New York","NY","10018","(212) 447-6309","Theater","Manhattan Council District #3","Manhattan Community Board #4","Manhattan","40.753612","-73.992417","109","1083624","1007860001","MN0502"
"Alliance for Young Artists and Writers, Inc.","557 Broadway","New York","NY","10012","(212) 343-7702","Multi-Discipline, Non-Perform","Manhattan Council District #1","Manhattan Community Board #2","Manhattan","40.723835","-73.998138","49","1088114","1004980009","MN0201"
"Alliance of Queens Artists, Inc.","99-10 Metropolitan Avenue","Forest Hills","NY","11375","(718) 520-9842","Visual Arts","Queens Council District #29",,"Queens","40.71086","-73.853439","645","4095202","4038940035","QN0602"
"Alliance of Resident Theatres / New York, Inc.","520 8th Avenue","New York","NY","10018","(212) 244-6667","Theater","Manhattan Council District #3","Manhattan Community Board #5","Manhattan","40.753612","-73.992417","109","1083624","1007860001","MN0502"
"Allied Productions, Inc.","368 E 8th St SFW","New York","NY","10009","(212) 529-8815","Multi-Discipl, Perf & Non-Perf","Manhattan Council District #2","Manhattan Community Board #3","Manhattan","40.724319","-73.977549","2602","1004506","1003770016","MN0303"
"All Out Arts, Inc.","404 East 66th Street apt 11g","New York","NY","10065","(917) 733-2366","Multi-Discipline, Performing","Manhattan Council District #2","Manhattan Community Board #3","Manhattan","40.763816","-73.958385","116","1083271","1014607501","MN0801"
"Alpha Omega 1-7 Theatrical Dance Company, Inc.","70 East 4th Street","New York","NY","10003","(212) 749-0095","Dance","Manhattan Council District #6","Manhattan Community Board #3","Manhattan","40.726563","-73.990331","38","1077966","1004590021","MN0303"
"Alpha Workshops, Inc.","322 3rd Avenue","Brooklyn","NY","11215","(212) 594-7320","Architecture/Design","Manhattan Council District #3","Brooklyn Community Board #6","Brooklyn","40.676204","-73.987079","11901","3020760","3009670001","BK0601"
"Alvin Ailey Dance Foundation, Inc.","The Joan Weill Center for Dance","New York","NY","10019","(212) 405-9035","Dance","Manhattan Council District #6","Manhattan Community Board #4","Manhattan",,,,,,
"Alwan Foundation","16 Beaver Street","New York","NY","10004","(212) 967-4318","Multi-Discipl, Perf & Non-Perf","Manhattan Council District #1","Manhattan Community Board #1","Manhattan","40.704983","-74.012375","9","1000030","1000110007","MN0101"
"Amanda & James, Incorporated","94 Mercer Street","New York","NY","10012","(917) 842-3651",,,"Manhattan Community Board #2","Manhattan","40.723058","-73.999906","49","1083498","1004840001","MN0201"
"Amas Musical Theatre, Inc.","630 Ninth Avenue","New York","NY","10036","(212) 563-2565","Theater","Manhattan Council District #3","Manhattan Community Board #4","Manhattan","40.760038","-73.991449","12101","1024982","1010350001","MN0402"
"Amaterasu Za, Inc.","139 Reade Street","New York","NY","10013","(917) 797-3519",,,"Manhattan Community Board #1","Manhattan","40.71641","-74.009718","21","1084396","1001407503","MN0102"
"Amaya's Bookreads Inc.","569 Academy St","New York","NY","10034","(917) 736-4311","Other","Manhattan Council District #10","Manhattan Community Board #12","Manhattan","40.863263","-73.923027","291","1064720","1022180001","MN1203"
"American Academy of Dramatic Arts","120 Madison Ave","New York","NY","7307","(212) 686-9244","Theater","Manhattan Council District #3","Manhattan Community Board #5","Manhattan","40.745402","-73.984691","74","1016957","1008600016","MN0501"
"American Bard Theater Company","4 E 27th Street, Unit 20077","New York","NY","10001","(347) 422-7309",,,"Manhattan Community Board #5","Manhattan","40.743909","-73.987402","56","1087263","1008567502","MN0501"
"American Bolero Dance Company, Inc.","42-24 9th Street","Long Island City","NY","11101","(718) 392-8888","Dance","Queens Council District #26","Queens Community Board #2","Queens","40.753508","-73.948837","1903","4005310","4004620001","QN0201"
"American Center for Musical Arts, Inc.","201 West 72nd Street, Suite 3 K","New York","NY","10023","(718) 680-1680","Music","Manhattan Council District #6","Manhattan Community Board #7","Manhattan","40.778954","-73.982412","159","1077846","1011647501","MN0701"
"American Classical Orchestra, Inc.","552 West End Avenue","New York","NY","10024","(212) 362-2727","Music","Manhattan Council District #7","Manhattan Community Board #7","Manhattan","40.789358","-73.977494","175","1033199","1012340061","MN0702"
"American Composers Orchestra","244 Fifth Avenue, Suite 1257","New York","NY","10001","(212) 977-8495","Music","Manhattan Council District #3","Manhattan Community Board #5","Manhattan","40.744521","-73.987427","58","1015690","1008290040","MN0501"
"American Dance Guild, Inc.","320 West 83rd Street, Apt. 7D","New York","NY","10024","(212) 874-6947","Dance","Manhattan Council District #6","Manhattan Community Board #7","Manhattan","40.78727","-73.98012","171","1033808","1012450034","MN0702"
"American Dance Machine for the 21st Century Foundation, Inc.","45 East 80th Street","New York","NY","10075","(917) 570-0040","Dance","Manhattan Council District #4","Manhattan Community Board #8","Manhattan","40.776857","-73.961258","142","1076323","1014927501","MN0802"
"American Documentary","20 Jay Street","Brooklyn","NY","11201","(212) 989-8121","Film/Video/Audio","Brooklyn Council District #33","Brooklyn Community Board #2","Brooklyn","40.704313","-73.986587","21","3000010","3000190001","BK0202"
"American Federation of Arts, Inc.","305 East 47th Street","New York","NY","10017","(212) 988-7700","Visual Arts","Manhattan Council District #4","Manhattan Community Board #6","Manhattan","40.752862","-73.969548","90","1038906","1013407502","MN0604"
"American Folk Art Museum","2 Lincoln Square","New York","NY","10023","(212) 265-1040","Museum","Manhattan Council District #6","Manhattan Community Board #7","Manhattan","40.773003","-73.980154","149","1028159","1011180001","MN0701"
"American Friends of Chicken Shed, Inc.","1441 Broadway","New York","NY","10018","(646) 569-5742",,,"Manhattan Community Board #5","Manhattan","40.754707","-73.986753","113","1022569","1009930055","MN0502"
"American Friends of the Ludwig Foundation of Cuba","4 West 43rd Street","New York","NY","10036","(212) 628-3494","Film/Video/Audio","Manhattan Council District #4","Manhattan Community Board #5","Manhattan","40.754371","-73.980932","96","1034201","1012580042","MN0502"
"American Globe Theatre, Ltd.","145 West 46th Street","New York","NY","10036","(212) 869-9809","Theater","Manhattan Council District #3","Manhattan Community Board #5","Manhattan","40.757946","-73.983547","125","1022665","1009990012","MN0502"
"American Indian Artists, Inc.","288 E 10th St","New York","NY","10009","(212) 598-0968","Multi-Discipl, Perf & Non-Perf","Manhattan Council District #2","Manhattan Community Board #3","Manhattan","40.728102","-73.982862","34","1005912","1004370025","MN0303"
"American Indian Community House, Inc.","234 W 39th St","New York","NY","10018","(646) 575-3638","Multi-Discipl, Perf & Non-Perf","Manhattan Council District #1","Manhattan Community Board #5","Manhattan","40.754595","-73.989457","113","1014487","1007880066","MN0502"
"American Institute of Architects","536 LaGuardia Place","New York","NY","10012","(212) 358-0640","Architecture/Design",,,"Manhattan","40.728575","-73.998532","65","1008642","1005370026","MN0202"
"American Institute of Graphic Arts","233 Broadway","New York","NY","10279","(212) 710-3125","Architecture/Design","Manhattan Council District #3","Manhattan Community Board #5","Manhattan","40.712265","-74.007892","21","1087167","1001237501","MN0102"
"American Jewish Historical Society","15 West 16th Street","New York","NY","10011","(212) 294-6160","Humanities","Manhattan Council District #3","Manhattan Community Board #2","Manhattan","40.737677","-73.993454","54","1080631","1008180027","MN0501"
"American Kennel Club Museum of the Dog","101 Park Avenue","New York","NY","10178","(212) 696-8244",,,"Manhattan Community Board #5","Manhattan","40.750992","-73.978485","80","1036144","1012950001","MN0603"
"American Latin Association of New York","14 West 170th st.","Bronx","NY","10452","(646) 260-3382","Multi-Discipl, Perf & Non-Perf",,"Brooklyn Community Board #2","Brooklyn",,,,,,
"American Lyric Theater Center, Inc.","1178 Broadway","New York","NY","10001","(646) 216-8298","Music","Manhattan Council District #4","Manhattan Community Board #5","Manhattan","40.745309","-73.98852","76","1015727","1008300028","MN0501"
"American Museum of Natural History","Central Park West and 79th Street","New York","NY","10024","(212) 769-5000","Museum","Manhattan Council District #6","Manhattan Community Board #7","Manhattan",,,,,,
"American Museum of the Moving Image","36-01 35th Avenue","Astoria","NY","11106","(718) 784-4520","Film/Video/Audio","Queens Council District #26","Queens Community Board #1","Queens","40.756206","-73.924377","57","4439074","4006440001","QN0103"
"American Numismatic Society","Broadway @ 155th Street","New York","NY","10032","(212) 571-4470",,,,"Manhattan",,,,,,
"American Opera/Musical Theatre Co Inc","175 W. 60th St","New York","NY","10023","(646) 352-1683","Multi-Discipline, Performing","Manhattan Council District #6","Manhattan Community Board #7","Manhattan","40.770676","-73.98623","145","1088863","1011320021","MN0701"
"American Opera Projects, Inc.","138 S Oxford St","Brooklyn","NY","11217",,"Music","Brooklyn Council District #35","Brooklyn Community Board #2","Brooklyn","40.685073","-73.973221","179","3000000","3020040048","BK0203"
"American Performing Arts Collaborative, Inc.","6 Hancock Place","New York City","NY","10027","(212) 665-7716","Theater","Manhattan Council District #9","Manhattan Community Board #9","Manhattan","40.81029","-73.953685","20901","1059277","1019500056","MN0901"
"American Place Theatre, Inc.","630 Ninth Avenue","New York","NY","10036","(212) 594-4482","Theater","Manhattan Council District #3","Manhattan Community Board #5","Manhattan","40.760038","-73.991449","12101","1024982","1010350001","MN0402"
"American Songbook Association Inc.","PO Box 1594","New York","NY","10025","(917) 913-6006","Multi-Discipline, Performing","Manhattan Council District #7","Manhattan Community Board #7","Manhattan",,,,,,
"American Story Project Theater Company, Inc.","412 Eighth Avenue","Manhattan","NY","10116","(914) 907-4041","Theater","Brooklyn Council District #39","Manhattan Community Board #5","Manhattan","40.750033","-73.995023","101","1014349","1007800075","MN0501"
"American Symphony Orchestra, Inc.","1330 Avenue of the Americas","New York","NY","10019","(212) 868-9276","Music","Manhattan Council District #4","Manhattan Community Board #4","Manhattan","40.762103","-73.978803","104","1034522","1012690001","MN0502"
"American Symphony Orchestra League","520 8th Avenue","New York","NY","10018","(646) 822-4039","Music","Manhattan Council District #6","Manhattan Community Board #5","Manhattan","40.753612","-73.992417","109","1083624","1007860001","MN0502"
"American Tap Dance Foundation, Inc.","154 Christopher Street #2B","New York","NY","10014","(646) 230-9564","Dance","Manhattan Council District #3","Manhattan Community Board #2","Manhattan","40.73273","-74.008129","69","1010421","1006040033","MN0203"
"American Theatre of Harlem","138 S. Oxford Street","Brooklyn","NY","11217","(718) 857-2783","Multi-Discipline, Performing","Brooklyn Council District #35","Brooklyn Community Board #5","Brooklyn","40.685073","-73.973221","179","3000000","3020040048","BK0203"
"American Theatre Wing","58 W 40th St","New York","NY","10018","(212) 765-0606","Theater","Manhattan Council District #3","Manhattan Community Board #5","Manhattan","40.753183","-73.984184","84","1016058","1008410081","MN0502"
"American Turkish Society, Inc.","1460 Broadway","New York","NY","10036","(212) 583-7614","Film/Video/Audio","Manhattan Council District #4","Manhattan Community Board #6","Manhattan","40.754946","-73.986161","113","1022573","1009947504","MN0502"
"American Vicarious, Inc.","200 6th St #3A","New York","NY","11215","(718) 701-6648","Multi-Discipline, Performing","Brooklyn Council District #39","Brooklyn Community Board #6","Brooklyn","40.67355","-73.990108","11901","3339454","3009910031","BK0601"
"America SCORES New York","520 8th Avenue","New York","NY","10031","(212) 868-9533","Multi-Discipl, Perf & Non-Perf","Manhattan Council District #7","Manhattan Community Board #9","Manhattan","40.753612","-73.992417","109","1083624","1007860001","MN0502"
"Americas Society, Inc.","680 Park Avenue","New York","NY","10065","(212) 277-8334","Multi-Discipl, Perf & Non-Perf","Manhattan Council District #4","Manhattan Community Board #8","Manhattan","40.768739","-73.965563","122","1041265","1013830033","MN0802"
"Amigos del Museo del Barrio","1230 Fifth Avenue","New York","NY","10029","(212) 831-7272","Visual Arts","Manhattan Council District #8","Manhattan Community Board #11","Manhattan","40.793072","-73.951992","168","1051499","1016100001","MN1101"
"Amor Artis, Inc.","P.O. Box 97","New York","NY","10024","(646) 771-0393","Music","Manhattan Council District #6","Manhattan Community Board #7","Manhattan",,,,,,
"Amore Opera, Inc.","27 West 76th St. #2B","New York","NY","10023","(347) 948-4588","Multi-Discipline, Performing","Manhattan Council District #2","Manhattan Community Board #7","Manhattan","40.77943","-73.975534","161","1028809","1011290015","MN0702"
"Amos Eno Gallery, Inc.","191 Henry St.","Manhattan","NY","10002","(347) 670-3310","Visual Arts","Brooklyn Council District #34","Brooklyn Community Board #4","Brooklyn","40.694888","-73.994241","502","3001991","3002430022","BK0201"
"An Claidheamh Soluis, Inc.","726 11th Ave","New York","NY","10019","(212) 757-3318","Theater","Manhattan Council District #3","Manhattan Community Board #4","Manhattan","40.76676","-73.993978","13501","1082277","1010800102","MN0402"
"ANDHOW! Theater Company Inc.","138 South Oxford Street","Brooklyn","NY","11217","(718) 398-3690","Theater","Brooklyn Council District #35","Brooklyn Community Board #2","Manhattan",,,,,,
"Angel Orensanz Foundation, Inc","172 Norfolk Street","New York","NY","10002","(212) 529-7194",,,,"Manhattan","40.721174","-73.985927","3001","1004329","1003550041","MN0302"
"Animation Project, Inc.","291 Broadway","Manhattan","NY","10007","(914) 443-5828","Other","Manhattan Council District #3","Manhattan Community Board #1","Manhattan","40.714824","-74.005779","33","1001649","1001500038","MN0102"
"AnkhLave Arts Alliance, Inc.","2011 Lexington Ave, #4","New York","NY","10035","(212) 945-8847",,,"Manhattan Community Board #11","Manhattan","40.8027","-73.938632","196","1054425","1017710122","MN1102"
"Annabella Gonzalez Dance Theater, Inc.","4 East 89th Street, #P-C","New York","NY","10128","(212) 722-4128","Dance","Manhattan Council District #4","Manhattan Community Board #8","Manhattan","40.783345","-73.958752","15002","1046964","1015000065","MN0802"
"Anne Frank Center USA, Inc.","244 Fifth Ave","New York","NY","10001","(212) 431-7993","Humanities","Manhattan Council District #1","Manhattan Community Board #5","Manhattan","40.744521","-73.987427","58","1015690","1008290040","MN0501"
"ANONYMOUS ENSEMBLE INC","249 Smith St.","Brooklyn","NY","11231","(917) 701-8388","Multi-Discipline, Performing","Brooklyn Council District #35","Brooklyn Community Board #6","Brooklyn","40.683311","-73.992767","75","3006697","3004150008","BK0601"
"Ansonia Music Outreach Organization, Inc.","330 Wadsworth Avenue 2G","New York","NY","10040","(212) 567-3554","Music","Manhattan Council District #7","Manhattan Community Board #12","Manhattan","40.855188","-73.931061","279","1064084","1021700287","MN1202"
"Anthology Film Archives, Inc.","32 Second Avenue","New York","NY","10003","(212) 505-5181","Film/Video/Audio","Manhattan Council District #2","Manhattan Community Board #3","Manhattan","40.724716","-73.990486","3602","1006081","1004430008","MN0303"
"Anthropologists, Inc.","100 Cabrini Blvd.","New York","NY","10033","(917) 557-3517","Theater","Manhattan Council District #7","Manhattan Community Board #12","Manhattan","40.851661","-73.940087","275","1064334","1021790070","MN1202"
"Anthropology Museum of the People of New York","64-19 Kissena Boulevard","Flushing","NY","11367","(718) 428-5650","Museum","Queens Council District #24","Queens Community Board #8","Queens","40.737459","-73.814744","122702","4146646","4067430029","QN0802"
"Anti-Social Music, Inc.","500C Grand St","New York","NY","10002","(646) 489-8791","Music","Brooklyn Council District #33","Manhattan Community Board #3","Manhattan","40.715701","-73.982674","12","1004065","1003310065","MN0302"
"Anyone Corporation","41 WEST 25TH ST FL 11","NEW YORK CITY","NY","10010","(212) 645-1400","Architecture/Design","Manhattan Council District #3","Manhattan Community Board #5","Manhattan","40.743523","-73.990285","58","1015612","1008270012","MN0501"
"Aperture Foundation, Inc.","548 W 28th St","New York","NY","10001","(212) 946-7135","Photography","Manhattan Council District #3","Manhattan Community Board #4","Manhattan","40.751494","-74.003483","9902","1012403","1006990005","MN0401"
"ApexArt Curatorial Program","291 Church St","New York","NY","10013","(212) 431-5270","Visual Arts","Manhattan Council District #1","Manhattan Community Board #10","Manhattan","40.719084","-74.004654","33","1002206","1001930019","MN0102"
"Apex for Youth Inc.","195 Chrystie Street, #200","New York","NY","10002","(212) 385-3574",,,"Manhattan Community Board #3","Manhattan","40.721922","-73.991904","3601","1005719","1004260029","MN0302"
"Apollo Theater Foundation, Inc.","253 West 125th Street","New York","NY","10027","(212) 531-5349","Multi-Discipline, Performing","Manhattan Council District #9","Manhattan Community Board #10","Manhattan","40.809778","-73.95021","222","1058654","1019310010","MN1001"
"Appleby Foundation, Inc.","579 Broadway, 4B, Apt. 4B","New York","NY","10012","(212) 431-8489","Dance","Manhattan Council District #2","Manhattan Community Board #1","Manhattan","40.724612","-73.997478","49","1007953","1005120020","MN0201"
"A Public Space Literary Projects, Inc.","601 East 20th Street","New York","NY","10010","(718) 858-8067","Literature","Brooklyn Council District #33","Manhattan Community Board #6","Manhattan","40.732967","-73.975298","60","1083700","1009780001","MN0601"
"Aquila Theatre Company, Inc.","Room 503n Silver","New York","NY","10003","(212) 992-9642","Theater","Manhattan Council District #1","Manhattan Community Board #2","Manhattan",,,,,,
"Arab American Association of NY, Inc.","7111 5th Avenue","Brooklyn","NY","11209","(718) 745-3523","Multi-Discipline, Performing","Brooklyn Council District #43","Brooklyn Community Board #10","Brooklyn","40.63238","-74.021444","130","3146649","3058930010","BK1001"
"Arab-American Family Support Center Inc.","150 Court Street","Brooklyn","NY","11201","(718) 643-8000","Folk Arts","Brooklyn Council District #39","Brooklyn Community Board #6","Brooklyn","40.688806","-73.992806","45","3003069","3002920026","BK0601"
"ARC Athens Inc","220 East 134th Street","Bronx","NY","10451","(415) 298-6751","Visual Arts","Bronx Council District #8","Bronx Community Board #1","Bronx","40.809255","-73.93065","51","2000783","2023190098","BX0101"
"Archipelago Books, Inc.","232 Third Street, Suite A111","Brooklyn","NY","11215","(718) 852-6134","Multi-Discipl, Perf & Non-Perf","Brooklyn Council District #38","Brooklyn Community Board #6","Brooklyn","40.674909","-73.987671","11901","3337594","3009800008","BK0601"
"Architectural League of New York","594 Broadway, Suite 607","New York","NY","10012","(212) 753-1722","Architecture/Design","Manhattan Council District #3","Manhattan Community Board #2","Manhattan","40.72496","-73.997157","43","1007944","1005110012","MN0201"
"Archive for Research in Archetypal Symbolism","28 E 39th St","New York","NY","10016","(212) 697-3480","Other","Manhattan Council District #4","Manhattan Community Board #6","Manhattan","40.750619","-73.980023","82","1017240","1008680050","MN0502"
"ARC on 4th Street, Inc.","59 East 4th Street","New York","NY","10003","(212) 477-5340","Multi-Discipl, Perf & Non-Perf","Manhattan Council District #2",,"Manhattan","40.726785","-73.990807","38","1082642","1004600056","MN0303"
"Arcos Orchestra, Ltd.","17 E 96th St 14B","New York","NY","10128","(772) 766-2851","Music","Manhattan Council District #4","Manhattan Community Board #8","Manhattan","40.78765","-73.955138","16002","1051441","1016020013","MN1101"
"Arctic Cycle","64 Bleecker Street","New York","NY","10012",,,,"Manhattan Community Board #2","Manhattan","40.726267","-73.995339","5502","1008214","1005227502","MN0202"
"Ardea Arts","463 Broome Street","New York","NY","10013","(212) 431-7039","Multi-Discipline, Performing","Manhattan Council District #1","Manhattan Community Board #2","Manhattan","40.722419","-74.001147","47","1007034","1004740009","MN0201"
"Arete Education, Inc.","557 Grand Concourse, Suite 140, #3","New York","NY","10451","(646) 504-2015","Multi-Discipl, Perf & Non-Perf","Bronx Council District #8","Bronx Community Board #1","Bronx","40.819057","-73.927092","6301","2001057","2023470024","BX0401"
"Arete Living Arts Foundation","64 Dupont St 2L","Brooklyn","NY","11222","(718) 349-1681","Multi-Discipl, Perf & Non-Perf","Brooklyn Council District #33","Brooklyn Community Board #1","Brooklyn","40.735643","-73.95749","56301","3063810","3024950015","BK0101"
"Argento New Music Project","Box 824","New York","NY","10024","(212) 665-4444","Music","Manhattan Council District #9","Manhattan Community Board #9","Manhattan",,,,,,
"Armitage Foundation, Ltd.","9 N. Moore St.","New York","NY","10013","(212) 431-4314","Dance","Manhattan Council District #1","Manhattan Community Board #1","Manhattan","40.719748","-74.006414","33","1002175","1001907502","MN0102"
"Around the Block, Inc.","5 East 22nd Street, Suite 9K","New York","NY","10010","(917) 455-1278","Theater","Manhattan Council District #2","Manhattan Community Board #5","Manhattan","40.740426","-73.988976","56","1016304","1008517501","MN0501"
"Ars Nova Theater I, Inc.","511 West 54th Street","New York","NY","10019","(212) 489-9800","Multi-Discipline, Performing","Manhattan Council District #6","Manhattan Community Board #4","Manhattan","40.76741","-73.990469","13502","1027060","1010830026","MN0402"
"Art's House Schools, Inc.","1507 Surf Avenue","Brooklyn","NY","11224","(718) 996-2000","Dance","Brooklyn Council District #48","Brooklyn Community Board #13","Brooklyn","40.5755","-73.98266","348","3255289","3070630012","BK1302"
"Art21, Inc.","231 W. 29th St","New York","NY","10001","(212) 741-7133","Visual Arts","Manhattan Council District #3","Manhattan Community Board #5","Manhattan","40.748299","-73.993937","95","1014283","1007790017","MN0501"
"Art4aids","1800 Albemarle rd","brooklyn","NY","11226","(323) 481-2518","Visual Arts","Brooklyn Council District #33","Brooklyn Community Board #8","Brooklyn","40.647016","-73.962469","512","3117590","3051220001","BK1401"
"Art and Resistance Through Education, Inc.","3176 Decatur Avenue, #3A","Bronx","NY","10467","(347) 493-5081","Visual Arts","Brooklyn Council District #34","Brooklyn Community Board #1","Brooklyn",,,,,,
"Art Beyond Sight, Inc.","589 Broadway, 3rd Floor","New York","NY","10012","(212) 334-8720","Multi-Discipl, Perf & Non-Perf","Manhattan Council District #1","Manhattan Community Board #2","Manhattan","40.724818","-73.997305","49","1007952","1005120017","MN0201"
"ArtBridge Projects, Inc.","526 West 26th Street","New York","NY","10001","(917) 720-5742","Visual Arts","Manhattan Council District #3","Manhattan Community Board #2","Manhattan","40.750094","-74.003999","9901","1012386","1006970047","MN0401"
"ArtCouncil, Inc.","c/o Soho Works","Brooklyn","NY","11201","(212) 727-2233","Visual Arts","Manhattan Council District #3","Brooklyn Community Board #2","Brooklyn",,,,,,
"ArtCrawl Harlem, Inc.","153 West 120th Street","New York","NY","10027","(212) 866-7427","Visual Arts","Manhattan Council District #9","Manhattan Community Board #10","Manhattan","40.805211","-73.949271","220","1057612","1019050007","MN1001"
"Art Creates Us, Inc.","483 Humboldt","Brooklyn","NY","11222","(212) 256-1947","Visual Arts","Brooklyn Council District #33","Brooklyn Community Board #1","Brooklyn",,,,,,
"Art Deco Society of New York, Inc.","400 East 56th Street, Suite 39N","New York","NY","10022","(212) 679-3326","Architecture/Design","Manhattan Council District #5","Manhattan Community Board #6","Manhattan","40.757576","-73.963283","10601","1040460","1013670001","MN0604"
"Art Directors Club, Inc.","106 West 29th Street","New York","NY","10001","(212) 643-1440","Architecture/Design","Manhattan Council District #3","Manhattan Community Board #5","Manhattan","40.746882","-73.99062","95","1015125","1008040044","MN0501"
"ArteEast, Inc.","320 7th Ave","Brooklyn","NY","11215","(718) 282-5938","Multi-Discipline, Non-Perform","Manhattan Council District #3","Brooklyn Community Board #6","Brooklyn","40.667253","-73.981292","153","3022171","3010060040","BK0602"
"Art for Change, Inc.","1699 Lexington Avenue","New York","NY","10029","(212) 348-7044","Multi-Discipl, Perf & Non-Perf","Manhattan Council District #8","Manhattan Community Board #11","Manhattan","40.792606","-73.946001","172","1052053","1016340052","MN1101"
"Art For Progress","133 Mulberry Street, #4W1","New York","NY","10013","(212) 475-4185","Multi-Discipline, Non-Perform","Manhattan Council District #2","Manhattan Community Board #2","Manhattan","40.718455","-73.99776","41","1003081","1002367503","MN0201"
"artHARLEM, Inc.","104 West 119th Street, Suite 3","New York","NY","10026","(917) 602-1927","Visual Arts","Manhattan Council District #9","Manhattan Community Board #10","Manhattan","40.804181","-73.948827","220","1057496","1019030039","MN1001"
"Art House Astoria Conservatory for Music and Art","23-35 Broadway","Astoria","NY","11106","(347) 738-4148","Multi-Discipl, Perf & Non-Perf","Queens Council District #22","Queens Community Board #1","Queens","40.764312","-73.930025","75","4006568","4005670007","QN0103"
"Arthur Aviles Typical Theatre, Inc.","2474 Westchester Avenue","New York","NY","10461","(718) 842-5223","Multi-Discipline, Performing","Bronx Council District #17","Bronx Community Board #10","Bronx","40.838109","-73.845078","96","2097349","2038480018","BX1001"
"Arthur Miller Foundation","56 W 12th St","New York","NY","10011","(212) 321-0307","Theater","Manhattan Council District #3","Manhattan Community Board #2","Manhattan","40.735344","-73.996197","63","1009605","1005750127","MN0202"
"Artichoke Dance Company, Inc.","675 Vanderbilt Avenue","Brooklyn","NY","11238","(917) 627-8770","Multi-Discipline, Performing","Brooklyn Council District #33","Brooklyn Community Board #8","Brooklyn","40.676602","-73.969233","207","3029080","3011650011","BK0801"
"Art in the Park inc","8 West 126th street","New York","NY","10037","(917) 456-4062",,,"Manhattan Community Board #11","Manhattan","40.80734","-73.942384","200","1089797","1017230031","MN1001"
"Artist's Theatre Repertory Ensemble, Inc.","6776 Booth St","Forest Hills","NY","11375","(718) 683-2225","Theater","Queens Council District #29","Queens Community Board #6","Queens","40.724783","-73.851965","71305","4075055","4031670028","QN0602"
"Artist Exchange International on Broadway","107 Suffolk Street, #35","New York","NY","10002","(212) 226-5169","Visual Arts","Manhattan Council District #1","Manhattan Community Board #1","Manhattan","40.718943","-73.986122","1402","1004301","1003530054","MN0302"
"Artistic Dreams International, Inc.","48 Wall Street","NEW YORK","NY","10005","(917) 294-1431","Visual Arts","Manhattan Council District #7","Manhattan Community Board #1","Manhattan","40.706331","-74.009396","7","1001005","1000400014","MN0101"
"Artistic Noise, Inc.","2185 Adam Clayton Powell Jr Blvd","New York","NY","10027","(718) 496-8873","Visual Arts","Brooklyn Council District #35","Manhattan Community Board #10","Manhattan","40.81164","-73.946369","224","1087836","1019147503","MN1002"
"Artists Alliance, Inc.","107 Suffolk Street","New York","NY","10002","(212) 420-9202","Visual Arts","Manhattan Council District #1","Manhattan Community Board #3","Manhattan","40.718943","-73.986122","1402","1004301","1003530054","MN0302"
"Artists Forum, Inc.","1998 2nd Avenue","New York","NY","10029","(646) 355-4391","Film/Video/Audio","Manhattan Council District #9","Manhattan Community Board #11","Manhattan","40.788616","-73.943899","164","1052673","1016740049","MN1101"
"Artists in Residence, Inc.","155 Plymouth Street","Brooklyn","NY","11201","(212) 255-6651","Visual Arts","Brooklyn Council District #33","Brooklyn Community Board #2","Brooklyn","40.703784","-73.987077","21","3000010","3000190001","BK0202"
"Artists Space","11 Cortlandt Alley","New York","NY","10013","(212) 226-3970","Visual Arts","Manhattan Council District #1","Manhattan Community Board #1","Manhattan","40.717774","-74.002269","31","1002333","1001950030","MN0102"
"Artists Unite, Inc.","730 W. 183rd Street #3D","New York","NY","10033","(917) 312-6691","Multi-Discipl, Perf & Non-Perf","Manhattan Council District #7","Manhattan Community Board #12","Manhattan","40.851978","-73.937231","273","1064387","1021800015","MN1202"
"ArtistYear","335 Rutland Road","New York","NY","11225","(347) 302-4667","Multi-Discipl, Perf & Non-Perf","Brooklyn Council District #40","Brooklyn Community Board #3","Queens",,,,,,
"Art Kibbutz, Inc.","500 W 235th Street","Bronx","NY","10463","(347) 479-8274","Multi-Discipl, Perf & Non-Perf","Bronx Council District #11","Bronx Community Board #8","Manhattan",,,,,,
"Art Lab, Inc.","1000 RICHMOND TER STE 10","Staten Island","NY","10301","(718) 447-8667","Visual Arts","Staten Island Council Dist #49","Staten Island Community Board #1","Staten Island","40.645075","-74.104753","9702","5000000","5000760200","SI0191"
"Art Loisaida Foundation","608 East 9th Street","New York","NY","10009","(212) 674-4057","Multi-Discipl, Perf & Non-Perf","Manhattan Council District #2","Manhattan Community Board #3","Manhattan","40.725963","-73.979601","2602","1004739","1003910011","MN0303"
"Art of Brooklyn Festival, Inc.","145 72nd Street","Brooklyn","NY","11209","(917) 538-1799","Film/Video/Audio","Brooklyn Council District #43","Brooklyn Community Board #10","Brooklyn","40.634612","-74.031526","36","3146490","3058890058","BK1001"
"Art of the Early Keyboard, Inc.","170 West 73rd Street, Apt 3C","New York","NY","10023","(917) 482-8645","Music","Manhattan Council District #6","Manhattan Community Board #7","Manhattan","40.778865","-73.980145","157","1029960","1011440061","MN0701"
"Art Omi Inc.","55 Fifth Avenue","New York","NY","10003","(212) 206-5660","Multi-Discipline, Performing","Manhattan Council District #2","Brooklyn Community Board #3","Manhattan","40.734877","-73.994422","61","1009373","1005707501","MN0202"
"Artopolis Development","284 10th Street","Brooklyn","NY","11215","(718) 412-8515","Visual Arts","Brooklyn Council District #38","Brooklyn Community Board #7","Brooklyn","40.669993","-73.989733","121","3022484","3010150040","BK0601"
"Art Radio International, Inc.","159 Pioneer St","Brooklyn","NY","11231","(212) 233-1096","New Media","Manhattan Council District #1","Manhattan Community Board #1","Brooklyn","40.679416","-74.011789","5301","3332119","3005450010","BK0601"
"Art Resources for Teachers and Students, Inc.","134 Henry Street","New York","NY","11372","(212) 962-8231","Multi-Discipl, Perf & Non-Perf","Manhattan Council District #1","Manhattan Community Board #3","Manhattan","40.713311","-73.990863","6","1003263","1002730032","MN0301"
"Art Resources Transfer","526 W 26th St.","New York","NY","10001","(212) 255-2919","Multi-Discipline, Non-Perform","Manhattan Council District #3","Manhattan Community Board #4","Manhattan","40.750094","-74.003999","9901","1012386","1006970047","MN0401"
"Arts @ Henson-Parks, Inc.","11460 174TH STREET","JAMAICA","NY","11434","(646) 996-8500","Photography","Queens Council District #27","Queens Community Board #12","Queens","40.691401","-73.775888","432","4268603","4123950029","QN1205"
"Arts & Business Council, Inc.","1 East 53rd Street, 3rd Floor","New York","NY","10022","(212) 279-5910","Multi-Discipline, Non-Perform","Manhattan Council District #3","Manhattan Community Board #5","Manhattan","40.760324","-73.975584","102","1035725","1012890005","MN0502"
"Arts & Democracy, Inc.","88 Prospect Park West #3D","Brooklyn","NY","11215","(347) 512-6612","Multi-Discipl, Perf & Non-Perf","Brooklyn Council District #39","Brooklyn Community Board #6","Brooklyn","40.66735","-73.974573","165","3025555","3010830038","BK0602"
"Arts & Education Continuum, Inc.","27 Mount Morris Park West","New York","NY","10027","(646) 330-3883","Music","Queens Council District #24","Manhattan Community Board #10","Manhattan","40.805563","-73.94494","200","1053445","1017210118","MN1001"
"Arts Business Collaborative","44-70 21st Street #3096","Long Island City","NY","11101","(781) 375-6968","Other","Queens Council District #26","Queens Community Board #2","Queens","40.747757","-73.947485","702","4000456","4000520051","QN0201"
"Arts Connection, Inc.","45 West 34th Street","New York","NY","10001","(212) 302-7433","Multi-Discipline, Non-Perform","Manhattan Council District #3","Manhattan Community Board #5","Manhattan","40.749344","-73.986693","76","1015868","1008360007","MN0501"
"Arts For All, Inc.","1115 Broadway","New York","NY","10010","(212) 591-6108","Multi-Discipl, Perf & Non-Perf","Manhattan Council District #2","Manhattan Community Board #5","Manhattan","40.742916","-73.989185","58","1015604","1008260046","MN0501"
"Arts for Art, Inc.","107 Suffolk Street, #300","New York","NY","10002","(212) 254-5420","Multi-Discipline, Performing","Manhattan Council District #1","Manhattan Community Board #3","Manhattan","40.718943","-73.986122","1402","1004301","1003530054","MN0302"
"Artsgenesis, Inc.","154 Christopher Street, Suite 2A","New York","NY","10014","(212) 741-1414","Multi-Discipl, Perf & Non-Perf","Manhattan Council District #3","Manhattan Community Board #2","Manhattan","40.73273","-74.008129","69","1010421","1006040033","MN0203"
"Arts Gowanus, Inc.","540 President St, BNA Studio 16","Brooklyn","NY","11215","(718) 499-1987","Multi-Discipline, Non-Perform","Brooklyn Council District #39","Brooklyn Community Board #6","Brooklyn","40.677354","-73.984973","11901","3424497","3004480013","BK0601"
"Artshack Brooklyn, Inc.","1131","Brooklyn","NY","11216","(917) 251-5327","Crafts","Brooklyn Council District #36","Brooklyn Community Board #3","Brooklyn",,,,,,
"Arts Horizons New York, Inc.","289 St. Nicholas Avenue (Lower Level)","New York","NY","10027","(212) 862-2787","Visual Arts","Manhattan Council District #9","Manhattan Community Board #10","Manhattan","40.810512","-73.952785","20901","1059300","1019510051","MN0901"
"Arts Ignite, Inc.","240 West 40th Street","New York","NY","10018","(212) 921-1227","Multi-Discipl, Perf & Non-Perf","Manhattan Council District #4","Manhattan Community Board #4","Manhattan","40.755265","-73.989132","113","1014508","1007890062","MN0502"
"Arts Indonesia","1064 Seneca Avenue","Ridgewood","NY","11385","(914) 393-6611","Multi-Discipline, Performing","Manhattan Council District #9","Queens Community Board #5","Queens","40.69804","-73.899643","557","4086033","4035660032","QN0502"
"Arts in the Armed Forces","220 36th Street","Brooklyn","NY","11232","(917) 855-8455","Theater","Brooklyn Council District #39","Brooklyn Community Board #7","Manhattan",,,,,,
"Art Song Preservation Society of New York, Inc.","PO Box 177","New York","NY","10113","(646) 263-7829","Music","Manhattan Council District #3","Manhattan Community Board #5","Manhattan",,,,,,
"Arts On Site NYC, Inc.","12 Saint Marks Place","New York","NY","10003","(919) 614-0505","Multi-Discipl, Perf & Non-Perf","Manhattan Council District #2","Manhattan Community Board #3","Manhattan","40.729209","-73.989133","38","1006665","1004630015","MN0303"
"Artspace Projects, Inc.","250 Third Avenue N.","Minneapolis",,"55401","(612) 333-9012","Multi-Discipl, Perf & Non-Perf","Manhattan Council District #10","Manhattan Community Board #11",,,,,,,
"Artspectrum","2130 1st Ave., #1809","New York","NY","10029","(929) 524-6210","Folk Arts","Manhattan Council District #9","Manhattan Community Board #11","Manhattan","40.791957","-73.938349","162","1083955","1017010001","MN1101"
"Arts Resources in Collaboration, Inc.","70 East 10th Street","NYC","NY","10003","(212) 206-6492","Dance","Manhattan Council District #6","Manhattan Community Board #2","Manhattan","40.731413","-73.990705","57","1008954","1005550001","MN0202"
"Art Start, Inc.","526 W 26th St","New York","NY","10001","(212) 460-0019","Multi-Discipl, Perf & Non-Perf","Manhattan Council District #3","Manhattan Community Board #4","Manhattan","40.750094","-74.003999","9901","1012386","1006970047","MN0401"
"Art Students League of New York","215 W 57th St","New York","NY","10019","(212) 247-4510","Visual Arts","Manhattan Council District #7","Manhattan Community Board #5","Manhattan","40.765894","-73.980896","137","1080846","1010290023","MN0502"
"Art Sweats, Inc.","PO Box 1227","New York","NY","10009","(212) 677-2503","Dance","Manhattan Council District #2","Manhattan Community Board #6","Manhattan",,,,,,
"ArtTable","1 East 53rd Street","New York","NY","10022","(929) 855-4477","Visual Arts","Manhattan Council District #4","Manhattan Community Board #5","Manhattan","40.760324","-73.975584","102","1035725","1012890005","MN0502"
"Asase Yaa Cultural Arts Foundation","80 Hanson Pl","Brooklyn","NY","11217","(347) 915-2563","Dance","Brooklyn Council District #36","Brooklyn Community Board #2","Brooklyn","40.685488","-73.974421","35","3057479","3020030034","BK0203"
"Ascension Music Chorus and Orchestra, Inc.","12 West 11th Street","New York","NY","10011","(212) 358-1469","Music","Manhattan Council District #3","Manhattan Community Board #2","Manhattan","40.734328","-73.995775","63","1009538","1005740038","MN0202"
"ASDT, Inc. - The American Spanish Dance Theatre","356 West 45th Street","New York","NY","10036","(646) 425-4931","Dance","Manhattan Council District #2","Manhattan Community Board #4","Manhattan","40.75981","-73.989958","12101","1024998","1010350058","MN0402"
"Asia Art Archive in America, Inc.","23 Cranberry Street","Brooklyn","NY","11201","(718) 522-2299","Visual Arts","Brooklyn Council District #33","Brooklyn Community Board #2","Brooklyn","40.700027","-73.994331","1","3001582","3002150023","BK0201"
"Asian American Activity Center, Inc.","396 Broadway, Suite 205","New York","NY","10013","(212) 431-0368","Multi-Discipline, Non-Perform","Manhattan Council District #1","Manhattan Community Board #3","Manhattan","40.718488","-74.002644","31","1002323","1001950007","MN0102"
"Asian American Arts Alliance","29 W 38th Street","New York","NY","10018","(212) 941-9208","Multi-Discipl, Perf & Non-Perf","Manhattan Council District #3","Manhattan Community Board #5","Manhattan","40.751443","-73.983845","84","1015997","1008400023","MN0502"
"Asian American Arts Centre, Inc.","111 Norfolk Street","New York","NY","10002","(212) 233-2154","Visual Arts","Manhattan Council District #1","Manhattan Community Board #2","Manhattan","40.719036","-73.987038","18","1087047","1003530032","MN0302"
"Asian American Coalition for Education","202-39 Rocky Hill Road","Bayside","NY","11361","(718) 229-1368","Multi-Discipl, Perf & Non-Perf","Queens Council District #19","Queens Community Board #11","Queens","40.753503","-73.777844","145102","4538785","4055610046","QN1101"
"Asian American Film Lab, Inc.","25 W. 43 Street, #1000 attn:  Film Lab","New York","NY","10036","(646) 535-5212","Film/Video/Audio","Manhattan Council District #5","Manhattan Community Board #8","Manhattan","40.754599","-73.981426","96","1034206","1012590019","MN0502"
"Asian American Women Artists Alliance, Inc.","136 15th Street","Brooklyn","NY","11215","(718) 788-6170","Visual Arts","Brooklyn Council District #38","Brooklyn Community Board #7","Brooklyn","40.667018","-73.99234","117","3023861","3010460036","BK0601"
"Asian American Writers' Workshop","110-112 West 27th Street","New York","NY","10001","(212) 494-0061","Literature","Manhattan Council District #3","Manhattan Community Board #5","Manhattan","40.74568","-73.991602","95","1015048","1008020050","MN0501"
"Asian CineVision, Inc.","Made In New York Media Center by IFP","New York","NY","11201","(212) 989-1422","Film/Video/Audio","Manhattan Council District #3","Manhattan Community Board #4","Manhattan",,,,,,
"Asian Cultural Council, Inc.","1 Rockefeller Plaza","New York","NY","10020","(212) 843-0403","Multi-Discipl, Perf & Non-Perf","Manhattan Council District #3","Manhattan Community Board #5","Manhattan","40.757904","-73.979288","96","1077286","1012640005","MN0502"
"Asian United And Cultural Exchange Council Inc","43-06","Flushing","NY","11355","(347) 234-9329","Folk Arts","Queens Council District #20","Queens Community Board #7","Queens",,,,,,
"Asia Society","725 Park Avenue","New York","NY","10021","(212) 327-9218","Museum","Manhattan Council District #4","Manhattan Community Board #8","Manhattan","40.770032","-73.964594","128","1042714","1014050001","MN0802"
"Association for Cultural Equity, Inc.","425 E 25th Street","New York","NY","10010","(212) 268-4623","Folk Arts","Manhattan Council District #3","Manhattan Community Board #4","Manhattan","40.737878","-73.97688","62","1069579","1009620100","MN0603"
"Association for Development of Dramatic Arts, Inc.","310 West 72nd Street","New York","NY","10023","(212) 583-2706","Theater","Manhattan Council District #1","Manhattan Community Board #7","Manhattan","40.780002","-73.984965","159","1030968","1011830037","MN0701"
"Association for the Advancement of Creative Musicians, New York City Chapter, Inc.","AACM C/O Richard Abrams","New York","NY","10036","(212) 594-7121","Music","Manhattan Council District #2","Manhattan Community Board #4","Manhattan",,,,,,
"Association for the Development of Vocal Artistry and Neighborhood Cultural Enrichment","255 W 75th St","New York","NY","10023","(212) 595-7084","Music","Manhattan Council District #6","Manhattan Community Board #7","Manhattan","40.781377","-73.982126","163","1030850","1011670104","MN0702"
"Association of Dominican Classical Artists, Inc.","699 EAST 137TH STREET","Bronx","NY","10454","(917) 331-6122","Multi-Discipline, Performing","Bronx Council District #8","Bronx Community Board #1","Bronx","40.804496","-73.914082","2702","2003795","2025660026","BX0101"
"Astoria Big Band","161 Sixth Avenue, 14th floor","New York","NY","10013","(212) 691-6969","Music",,"Manhattan Community Board #1","Manhattan","40.725644","-74.003987","37","1007822","1005050031","MN0201"
"Astoria Film Festival Inc","3355 14 St","Astoria","NY","11106","(917) 710-4472","Film/Video/Audio","Queens Council District #22","Queens Community Board #2","Queens","40.764208","-73.93496","45","4430815","4005280050","QN0105"
"Astoria Music Society, Inc.","22-70 23rd Street","Astoria","NY","11105","(718) 721-8311","Music","Queens Council District #22","Queens Community Board #1","Queens","40.778324","-73.917575","101","4019527","4008780066","QN0101"
"Astoria Performing Arts Center","Kaufman Astoria Studios","Astoria","NY","11106","(917) 566-0969","Theater","Queens Council District #22","Queens Community Board #1","Queens","40.757447","-73.923921","57",,,"QN0103"
"At Hand Theatre Company, Inc.","47-11 47th Street #2-R","Woodside","NY","11377","(646) 334-8352","Theater","Queens Council District #26","Queens Community Board #2","Manhattan",,,,,,
"Athena Theatre","1224 St. Nicholas Avenue","New York","NY","10032","(818) 642-6294","Theater","Manhattan Council District #4","Manhattan Community Board #8","Manhattan","40.843094","-73.938269","253","1063062","1021280003","MN1201"
"Atlantic Avenue Local Development Corporation","494 Atlantic Avenue","Brooklyn","NY","11217","(718) 875-8993","Multi-Discipl, Perf & Non-Perf","Brooklyn Council District #33","Brooklyn Community Board #2","Brooklyn","40.685711","-73.981716","39","3000977","3001850014","BK0202"
"Atlantic Theater Company","76 9th Avenue","New York","NY","10011","(212) 691-5919","Theater","Manhattan Council District #3","Manhattan Community Board #4","Manhattan","40.741915","-74.004659","83","1013043","1007390001","MN0401"
"Aubin Pictures, Inc.","138 Grand St 5WR","New York","NY","10013","(212) 274-0551","Film/Video/Audio","Manhattan Council District #1","Manhattan Community Board #2","Manhattan","40.720313","-73.9996","45","1084588","1004730051","MN0201"
"Audience, Inc.","260 Hoyt Street","Brooklyn","NY","11217","(646) 351-9859","Film/Video/Audio","Brooklyn Council District #33","Brooklyn Community Board #6","Manhattan",,,,,,
"Audience Development Committee, Inc.","P.O. Box 30","New York","NY","10027","(212) 368-6906","Theater","Manhattan Council District #9","Manhattan Community Board #10","Manhattan",,,,,,
"Australian Aboriginal Theatre Initiative","60 2nd Avenue","New York","NY","10003","(212) 533-0889","Theater","Manhattan Council District #2","Manhattan Community Board #3","Manhattan","40.725827","-73.989678","38","1006165","1004450004","MN0303"
"Autonomedia, Inc.","P.O. Box 568 Williamsburgh Station","Brooklyn","NY","11211","(718) 963-2603","Literature","Brooklyn Council District #33","Brooklyn Community Board #1","Brooklyn",,,,,,
"Avant Media Performance, Inc.","113 South 2nd St. #1B","Brooklyn","NY","11249","(212) 372-3326","Multi-Discipline, Performing","Brooklyn Council District #34","Brooklyn Community Board #1","Manhattan",,,,,,
"Azure Ensemble","c/o Susan Glaser, Steinhardt School, NYU","New York","NY","10012","(212) 222-3067","Music","Manhattan Council District #9","Manhattan Community Board #7","Manhattan",,,,,,
"Babycastles Studio Inc.","145 W 14th Street","New York","NY","10011","(774) 593-3038","New Media","Manhattan Council District #3","Manhattan Community Board #4","Manhattan","40.737921","-73.998156","81","1014518","1007900010","MN0401"
"Bailey's Cafe","324 Malcolm X Boulevard","Brooklyn","NY","11233","(347) 721-2152","Multi-Discipl, Perf & Non-Perf","Brooklyn Council District #36","Brooklyn Community Board #3","Brooklyn","40.681747","-73.928835","297","3047513","3016810047","BK0302"
"Baja Musical Arts Initiative, Inc.","601 W 26TH ST SUITE 325-257","New York City","NY","10001","(646) 996-9467","Music","Manhattan Council District #3","Manhattan Community Board #3","Bronx",,,,,,
"Balance Dance Theatre","326 -A","New York","NY","11233","(718) 624-6414","Multi-Discipline, Performing","Brooklyn Council District #35","Brooklyn Community Board #2","Brooklyn",,,,,,
"Balinese American Dance Theatre","319 West 18th St, Apt 4C","New York","NY","10011","(646) 361-9183","Dance","Manhattan Council District #3","Manhattan Community Board #5","Staten Island",,,,,,
"Ballet and Beyond NYC","309 W. 75th St., Apt. 5","New York","NY","10023","(917) 499-4407","Dance","Manhattan Council District #6","Manhattan Community Board #7","Manhattan","40.782088","-73.983816","163","1031025","1011850015","MN0702"
"BalletCollective Inc.","720 Fort Washington Avenue","New York","NY","10040","(646) 355-8585","Multi-Discipl, Perf & Non-Perf","Manhattan Council District #7","Manhattan Community Board #12","Manhattan","40.857943","-73.934962","281","1064475","1021800614","MN1202"
"Ballet Folklorico Mexicano de Nueva York","79-01 32 Ave 1 Fl","East Elmhurst","NY","11370","(917) 940-6733","Dance","Queens Council District #22","Queens Community Board #3","Queens","40.75741","-73.888407","30903","4025781","4011500034","QN0301"
"Ballet Hispanico of New York, Inc.","167 W 89th St","New York","NY","10024","(212) 362-6710","Dance","Manhattan Council District #6","Manhattan Community Board #7","Manhattan","40.78917","-73.972525","173","1081050","1012200107","MN0702"
"Ballet Next, Inc.","243 West 60th Street","New York","NY","10023","(212) 203-0409","Dance","Manhattan Council District #6","Manhattan Community Board #7","Manhattan","40.771824","-73.988974","147","1030315","1011527502","MN0701"
"Ballet Orchestra of New York City","438 East 76th Street #4-C","New York","NY","10021","(212) 988-2148","Music","Manhattan Council District #5","Manhattan Community Board #8","Manhattan","40.769772","-73.95267","13201","1045938","1014700030","MN0801"
"Ballet Tech Foundation, Inc.","890 Broadway","New York","NY","10003","(212) 777-7710","Dance","Manhattan Council District #2","Manhattan Community Board #5","Manhattan","40.738604","-73.989911","52","1016163","1008487502","MN0501"
"Ballet Theatre Foundation, Inc.","890 Broadway","New York","NY","10003","(212) 477-3030","Dance","Manhattan Council District #2","Manhattan Community Board #5","Manhattan","40.738604","-73.989911","52","1016163","1008487502","MN0501"
"Ballroom Basix USA Inc.","178 E 117th Street 1B","New York","NY","10035","(212) 876-8660","Dance","Manhattan Council District #8","Manhattan Community Board #11","Manhattan","40.798918","-73.940235","182","1088162","1016440043","MN1102"
"BAM Local Development Corporation","80 Hansen Place","Brooklyn","NY","11217","(718) 907-4411","Multi-Discipl, Perf & Non-Perf","Brooklyn Council District #35","Brooklyn Community Board #2","Brooklyn",,,,,,
"Bang Group, Inc.","131 Perry Street","New York","NY","10014","(646) 226-0995","Dance","Manhattan Council District #3","Manhattan Community Board #2","Manhattan","40.734943","-74.007516","75","1011864","1006330028","MN0203"
"Bangladeshi American Community Development and Youth Services","1101-B Liberty Avenue","Brooklyn","NY","11208","(718) 235-1700","Multi-Discipl, Perf & Non-Perf","Brooklyn Council District #37","Brooklyn Community Board #5","Brooklyn",,,,,,
"Bangladesh Institute of Performing Arts, Inc.","40-25 68th Street","Woodside","NY","11377","(917) 674-4746","Folk Arts","Queens Council District #26","Queens Community Board #1","Queens","40.745706","-73.897109","263","4535463","4013000116","QN0203"
"Bang on a Can, Inc.","80 Hanson Place","Brooklyn","NY","11217","(718) 852-7755","Music","Brooklyn Council District #35","Brooklyn Community Board #2","Brooklyn","40.685488","-73.974421","35","3057479","3020030034","BK0203"
"Barbad Chamber Orchestra, Inc.","PO Box 216, Lenox Hill Station","New York","NY","10021","(212) 414-7691","Music","Manhattan Council District #6","Manhattan Community Board #7","Manhattan",,,,,,
"Bardekova Ensemble","2965 Marion Avenue 3G","New York","NY","10458","(718) 933-6221","Music","Bronx Council District #11","Bronx Community Board #7","Bronx","40.869159","-73.883993","415","2016732","2032920001","BX0702"
"Bare Opera, Inc.","21-58 35th Street, 2D","New York","NY","11105","(646) 374-6885","Film/Video/Audio","Queens Council District #22","Queens Community Board #1","Manhattan",,,,,,
"Bargemusic, Ltd.","Brooklyn Bridge Park","Brooklyn","NY","11201","(718) 624-4061","Music","Brooklyn Council District #33","Brooklyn Community Board #2","Brooklyn","40.701191","-73.996451","1","3000000","3001990003","BK0201"
"Barrio Independent Productions","215 East 99th Street, suite # 118","New York","NY","10029","(787) 632-1141",,,"Manhattan Community Board #11","Manhattan","40.786963","-73.947537","164","1052383","1016490009","MN1101"
"Barrow Group, Inc.","520 8th Ave","New York","NY","10018","(212) 760-2615","Theater","Manhattan Council District #3","Manhattan Community Board #4","Manhattan","40.753612","-73.992417","109","1083624","1007860001","MN0502"
"Bartlett Foundation, Inc.","120  51 200 th Street","ST Albans","NY","11412","(212) 470-6559","Multi-Discipline, Performing","Queens Council District #27","Queens Community Board #12","Queens",,,,,,
"Bartow-Pell Landmark Fund","895 Shore Rd","Bronx","NY","10464","(718) 885-1461","Museum","Bronx Council District #13","Bronx Community Board #10","Bronx","40.873618","-73.806978","504","2097423","2056500001","BX2891"
"Baryshnikov Dance Foundation, Inc.","450 W 37th Street","New York","NY","10018","(646) 731-3201","Multi-Discipline, Performing","Manhattan Council District #3","Manhattan Community Board #4","Manhattan","40.756058","-73.996759","111","1087066","1007347502","MN0401"
"Batala New York","348 4th Avenue","Brooklyn","NY","11215","(818) 231-2063",,,"Brooklyn Community Board #6","Brooklyn","40.673665","-73.985973","11901","3021047","3009800023","BK0601"
"Batoto Yetu, Inc.","Wadleigh School for the Performing Arts","New York City","NY","10026","(646) 240-4161","Dance","Manhattan Council District #7","Manhattan Community Board #9","Manhattan",,,,,,
"Battered Women's Safe Territory -an Opportunity to Progress, Inc.","766 East 228th Street","Bronx","NY","10466","(203) 768-3841","Multi-Discipline, Non-Perform","Bronx Council District #16","Bronx Community Board #5","Bronx","40.889347","-73.857512","406","2063542","2048410084","BX1201"
"Battery Dance Corporation","380 Broadway","New York","NY","10013","(212) 219-3910","Dance","Manhattan Council District #1","Manhattan Community Board #1","Manhattan","40.718112","-74.002958","31","1002317","1001950001","MN0102"
"Battleworks Dance Company","P.O. Box 16","New York","NY","10012","(718) 312-8718","Dance","Manhattan Council District #3","Manhattan Community Board #2","Manhattan",,,,,,
"Bayside Glee Club, Inc.","51-17 Reeder Street","Elmhurst","NY","11373","(718) 424-5769","Music","Queens Council District #19","Queens Community Board #4","Queens","40.738106","-73.878263","473","4038776","4015490055","QN0401"
"Bayside Historical Society","208 Totten Avenue","Bayside","NY","11359","(718) 352-1548","Humanities","Queens Council District #19","Queens Community Board #7","Queens","40.792442","-73.777563","999","4539849","4059170001","QN0761"
"BCA Development Corporation","1738 Hone Avenue","Bronx","NY","10461","(718) 401-9558",,,,"Bronx","40.848065","-73.854058","254","2044837","2041040001","BX1102"
"BCT Brooklyn Children's Theatre, Inc.","540 President Street","Brooklyn","NY","11215","(443) 929-3558","Theater","Brooklyn Council District #39","Brooklyn Community Board #6","Brooklyn","40.677354","-73.984973","11901","3424497","3004480013","BK0601"
"Beam Center, Inc.","60 Sackett St","Brooklyn","NY","11231","(347) 470-6747","Multi-Discipline, Non-Perform","Brooklyn Council District #33","Brooklyn Community Board #6","Brooklyn","40.685702","-74.005005","5303","3336015","3003340028","BK0601"
"Beautiful Trouble, Inc.","139 Norfolk St","New York City","NY","10002","(480) 580-3968","Multi-Discipl, Perf & Non-Perf","Manhattan Council District #1","Manhattan Community Board #1","Manhattan","40.720071","-73.986515","3001","1004315","1003540027","MN0302"
"Bedford Stuyvesant Restoration Corporation","1368 Fulton Street","Brooklyn","NY","11216","(718) 636-6931","Multi-Discipl, Perf & Non-Perf","Brooklyn Council District #36","Brooklyn Community Board #3","Brooklyn","40.680175","-73.945717","247","3053786","3018620014","BK0301"
"Bedlam, Inc.","263 W 86th St","New York","NY","10024","(646) 784-1029","Theater","Manhattan Council District #7","Manhattan Community Board #7","Manhattan","40.788672","-73.977332","175","1033195","1012347502","MN0702"
"Before Your Eyes","340 8TH STREET","Brooklyn","NY","11215",,,,"Brooklyn Community Board #6","Brooklyn","40.668903","-73.983995","137","3022127","3010050039","BK0602"
"Behind the Book, Inc.","216 West 135th Street","New York","NY","10030","(212) 222-3627","Literature","Manhattan Council District #8","Manhattan Community Board #7","Manhattan","40.815595","-73.944411","228","1058844","1019400039","MN1002"
"Believe In Me","1123 Broadway","New York","NY","10010","(646) 336-1500",,,,"Manhattan","40.743254","-73.989123","58","1015618","1008270028","MN0501"
"Belladonna Series, Inc.","925 Bergen St.","Brooklyn","NY","11238","(917) 474-2729","Literature","Brooklyn Council District #35","Brooklyn Community Board #8","Brooklyn","40.676979","-73.956557","305","3330648","3011420060","BK0802"
"Bella Voce, Inc.","659 85th Street","Brooklyn","NY","11228","(917) 501-0338","Music","Brooklyn Council District #43","Brooklyn Community Board #10","Brooklyn","40.619946","-74.021991","140","3152918","3060280069","BK1002"
"Beta Israel of North America Cultural Foundation, Inc.","206 Edgecombe Ave","New York","NY","10030","(212) 284-6942","Multi-Discipl, Perf & Non-Perf","Manhattan Council District #1","Manhattan Community Board #1","Manhattan","40.822621","-73.944322","227","1061092","1020510113","MN0903"
"Beth Ha Mishpahot","12 e 31 st","New york","NY","10016","(347) 452-5764","Multi-Discipline, Non-Perform","Manhattan Council District #6","Manhattan Community Board #6","Manhattan","40.746231","-73.985247","74","1016980","1008600074","MN0501"
"Beth Morrison Projects","138 South Oxford Street, Suite 3B","Brooklyn","NY","11217","(646) 682-7181","Music","Manhattan Council District #4","Brooklyn Community Board #2","Brooklyn","40.685073","-73.973221","179","3000000","3020040048","BK0203"
"Beyond Booking Inc","302 Bedford Avenue","Brooklyn","NY","11249","(720) 297-1670","Music","Brooklyn Council District #34","Brooklyn Community Board #1","Brooklyn","40.714098","-73.961562","551","3319530","3023920031","BK0102"
"BHRAGS Home Care","9805 Foster ave","Brooklyn","NY","11236","(347) 314-1057","Multi-Discipline, Non-Perform","Brooklyn Council District #42","Brooklyn Community Board #18","Brooklyn","40.648926","-73.90479","1098","3228718","3081310005","BK0503"
"Big Apple Greeter, Inc.","1 Centre Street","New York","NY","10007","(212) 669-3146","Other","Manhattan Council District #1","Manhattan Community Board #1","Queens",,,,,,
"Big Apple Leadership Academy for the Arts, Inc.","1381 Bergen St","Brooklyn","NY","11213","(347) 859-2226","Multi-Discipl, Perf & Non-Perf","Brooklyn Council District #41","Brooklyn Community Board #3","Brooklyn","40.675383","-73.936853","311","3035752","3013460001","BK0802"
"Big Apple Performing Arts, Inc.","1460 Broadway, 15th Floor","New York","NY","10036","(212) 344-1777","Music","Manhattan Council District #1","Manhattan Community Board #4","Manhattan","40.754946","-73.986161","113","1022573","1009947504","MN0502"
"Big Art Group, Inc.","105 West 10th Street","New York","NY","10011","(646) 479-4363","Multi-Discipline, Performing","Manhattan Council District #3","Manhattan Community Board #2","Manhattan","40.734825","-73.999037","71","1010555","1006060075","MN0203"
"Big Dance Theater, Inc.","303 Clinton Street","Brooklyn","NY","11231","(929) 293-5300","Theater","Brooklyn Council District #39","Brooklyn Community Board #2","Brooklyn","40.685781","-73.996499","67","3003958","3003250033","BK0601"
"Big Initiatives Incorporated","1 12th Street","Brooklyn","NY","11215","(718) 777-2065",,,"Brooklyn Community Board #6","Brooklyn","40.672027","-73.99748","11902","3022202","3010070172","BK0601"
"Big Tree Productions, Inc.","504 W 110th St, Apt 10F","New York","NY","10025","(212) 633-0016","Dance","Manhattan Council District #3","Manhattan Community Board #2","Manhattan","40.803276","-73.964606","195","1084036","1018817501","MN0703"
"Biko Transformation Center","1474 Bushwick Ave.","Brooklyn","NY","11207","(718) 455-5963","Multi-Discipline, Performing","Brooklyn Council District #37","Brooklyn Community Board #4","Brooklyn","40.683397","-73.907438","403","3080316","3034567502","BK0402"
"Billie Holiday Theatre, Inc.","1368 Fulton Street","Brooklyn","NY","11216","(718) 636-0918","Theater","Brooklyn Council District #36","Brooklyn Community Board #3","Brooklyn","40.680175","-73.945717","247","3053786","3018620014","BK0301"
"Bindlestiff Family Variety Arts, Inc.","55 South 11th Street, 2H","New York","NY","11249","(718) 963-2918","Multi-Discipline, Performing","Brooklyn Council District #33","Brooklyn Community Board #1","Brooklyn","40.707578","-73.96677","547","3392478","3021560124","BK0102"
"Biodesign Challenge","250 Hudson Street","New York","NY","10013","(908) 391-7196","Multi-Discipline, Non-Perform","Manhattan Council District #3","Manhattan Community Board #2","Manhattan","40.724658","-74.007753","37","1009723","1005780047","MN0201"
"BJHI INC","3603 QUENTIN RD","BROOKLYN","NY","11234","(347) 434-3973","Film/Video/Audio","Brooklyn Council District #46","Brooklyn Community Board #18","Brooklyn","40.614729","-73.936687","646","3212428","3077090009","BK1802"
"Black American Heritage Foundation","94-20 Guy Brewer Boulevard","Jamaica","NY","11451","(212) 366-6900","Multi-Discipl, Perf & Non-Perf","Queens Council District #27","Queens Community Board #12","Queens","40.702532","-73.795578","246","4215630","4101040043","QN1201"
"Blackberry Productions, Inc.","730 Riverside Drive","New York","NY","10031","(212) 694-6698","Multi-Discipline, Performing","Manhattan Council District #7","Manhattan Community Board #9","Manhattan","40.830449","-73.949613","237","1062447","1020970014","MN0903"
"Black Experimental Theatre","P.O. Box 1902","New York","NY","10013","(646) 623-3488","Theater","Manhattan Council District #2","Manhattan Community Board #2","Manhattan",,,,,,
"BLACKLOVE INC","60 Clarkson Avenue","Brooklyn","NY","11226","(347) 336-8802","Music","Brooklyn Council District #40","Brooklyn Community Board #14","Brooklyn","40.654947","-73.957837","79602","3116204","3050640040","BK1401"
"Black Moon Theatre Company, Inc.","104 Greenpoint Avenue","Brooklyn","NY","11222","(347) 268-3276","Theater","Brooklyn Council District #33","Brooklyn Community Board #1","Manhattan",,,,,,
"Black Spectrum Theatre Company, Inc.","119-07 Merrick Blvd","Jamaica","NY","11434","(718) 723-1800","Theater","Queens Council District #27","Queens Community Board #12","Queens","40.685612","-73.772853","426","4268835","4124060180","QN1205"
"Black Women's Blueprint","279 Empire Blvd","Brooklyn","NY","11225","(347) 533-9102","Multi-Discipl, Perf & Non-Perf","Brooklyn Council District #35","Brooklyn Community Board #9","Brooklyn","40.663803","-73.952796","321","3034532","3013080065","BK0901"
"Blank Forms INC.","468 Grand Avenue","Brooklyn","NY","11238","(347) 463-6316","Multi-Discipline, Performing","Brooklyn Council District #35","Brooklyn Community Board #2","Brooklyn","40.682028","-73.961551","201","3335113","3020140035","BK0204"
"Blessed Unrest Theatre, Inc.","167 Allen St","New York","NY","10002","(212) 713-0163","Theater","Manhattan Council District #3","Manhattan Community Board #3","Manhattan","40.721199","-73.989365","3601","1076868","1004160022","MN0302"
"Bloomingdale School of Music, Inc.","323 West 108th Street","New York","NY","10025","(212) 663-6021","Music","Manhattan Council District #9","Manhattan Community Board #7","Manhattan","40.803236","-73.968308","195","1057302","1018930010","MN0703"
"Blue Coyote Theater Group, Inc.","380 Broadway, 4th Floor","New York","NY","10013","(646) 242-6260","Theater","Manhattan Council District #1","Manhattan Community Board #1","Manhattan","40.718112","-74.002958","31","1002317","1001950001","MN0102"
"Blue Heron Theatre, Inc.","645 West End Avenue, Suite 7B","New York","NY","10025","(212) 787-0422","Theater","Manhattan Council District #6","Manhattan Community Board #7","Manhattan","40.79236","-73.975337","179","1034102","1012510062","MN0702"
"Blue Mountains Projects, Inc","215 E 99th Street","New York","NY","10029","(917) 623-3315","Visual Arts","Manhattan Council District #1","Manhattan Community Board #1","Manhattan","40.786963","-73.947537","164","1052383","1016490009","MN1101"
"Blue Pipa, Inc.","68-39 Harrow Street","Forest Hills","NY","11375","(718) 459-1730","Music","Queens Council District #29","Queens Community Board #6","Queens","40.717143","-73.853122","709","4076410","4032000048","QN0602"
"Bnos Yakov Educational Center","638 Bedford Avenue","Brooklyn","NY","11211","(718) 963-1212","Multi-Discipl, Perf & Non-Perf","Brooklyn Council District #33","Brooklyn Community Board #1","Brooklyn","40.702169","-73.958946","537","3332990","3022100038","BK0103"
"Bohemian Benevolent and Literary Assocation of the City of New York","321 E 73rd St","New York","NY","10021","(212) 988-1733","Theater","Manhattan Council District #5","Manhattan Community Board #8","Manhattan","40.769198","-73.957169","12601","1076316","1014480016","MN0801"
"Bombazo Dance Co., Inc.","1949 McGraw Ave 1-A","New York","NY","10462","(718) 319-8652","Dance","Bronx Council District #18","Bronx Community Board #9","Bronx","40.834736","-73.859859","212","2096668","2039387501","BX0904"
"Bond Street Theatre Coalition, Ltd.","2 BOND STREET","New York","NY","10012","(212) 254-4614","Multi-Discipline, Performing","Manhattan Council District #1","Manhattan Community Board #2","Manhattan","40.726901","-73.994631","5502","1008504","1005300067","MN0202"
"Bon Shen Ling, the Tibetan Bon Education Fund","65-55 Maurice Avenue","Woodside","NY","11377","(212) 222-0756","Humanities","Queens Council District #30","Queens Community Board #2","Queens","40.73496","-73.899775","243","4055104","4023850019","QN0203"
"Booklyn, Inc.","140 58th Street","BROOKLYN","NY","11220","(718) 383-9621","Visual Arts","Brooklyn Council District #38","Brooklyn Community Board #7","Brooklyn","40.645338","-74.022864","1804","3414976","3057780001","BK0702"
"Boricua Festival Committee, Inc.","c/o 313 97th Street","Brooklyn","NY","11209","(718) 492-7129","Music","Brooklyn Council District #38","Brooklyn Community Board #7","Brooklyn","40.615625","-74.033804","5601","3155738","3061220001","BK1001"
"Born Dancing.Inc.","812 West 181st Street","New York","NY","10033","(347) 256-3306","Dance","Manhattan Council District #10","Manhattan Community Board #12","Manhattan","40.851053","-73.938829","265","1064299","1021770105","MN1202"
"Borough of Manhattan Community College Performing Arts Center, Inc.","199 Chambers St., S115K","New York","NY","10007","(212) 220-1459","Multi-Discipline, Performing","Manhattan Council District #2","Manhattan Community Board #1","Manhattan","40.716838","-74.012117","39","1066406","1001420050","MN0102"
"Boundless Theatre Company Inc.","41-21 42nd St","Sunnyside","NY","11104","(347) 724-3640","Theater","Queens Council District #26","Queens Community Board #2","Queens","40.746727","-73.921768","18102","4001783","4001597501","QN0202"
"Bowery Arts and Science","310 Bowery","New York","NY","10012","(212) 614-0504","Literature","Manhattan Council District #1","Manhattan Community Board #3","Manhattan","40.724804","-73.992373","5502","1008202","1005210077","MN0202"
"Bowne House Historical Society, Inc.","37-01 Bowne Street","Flushing","NY","11354","(718) 359-0528","Architecture/Design","Queens Council District #20","Queens Community Board #7","Queens","40.762853","-73.825247","865","4113403","4050130006","QN0707"
"Box Turtle Press/Attitude Art, Inc.","94 Franklin Street","New York","NY","10013","(646) 246-3652","Literature","Manhattan Council District #1","Manhattan Community Board #1","Manhattan","40.7182","-74.005141","33","1001924","1001757504","MN0102"
"Boys' Club of New York, Inc.","91 Fifth Avenue","New York","NY","10003","(212) 677-1102","Multi-Discipl, Perf & Non-Perf","Manhattan Council District #2","Manhattan Community Board #5","Manhattan","40.737663","-73.992401","52","1016095","1008440042","MN0501"
"Braata Productions","251-21 Jerico Turnpike #1055","Queens","NY","11426","(917) 668-2209","Folk Arts","Queens Council District #27","Queens Community Board #12","Queens",,,,,,
"Brass Out Loud Inc","300 Lenox Rd Apt 3e","New York","NY","11226","(301) 440-2260","Music","Brooklyn Council District #40","Brooklyn Community Board #17","Brooklyn","40.654189","-73.949213","818","3108055","3048530022","BK1701"
"Brave New World Repertory Theatre, Inc.","303 Westminster Road","Brooklyn","NY","11218","(917) 660-4660","Theater","Brooklyn Council District #40","Brooklyn Community Board #14","Brooklyn","40.641295","-73.967271","1522","3118328","3051430102","BK1402"
"Brazilian Endowment for the Arts, Inc.","240E 52nd street","New York","NY","10022","(212) 371-1556","Music","Manhattan Council District #5","Manhattan Community Board #5","Manhattan","40.756658","-73.968879","98","1038479","1013250035","MN0604"
"Bread & Roses Cultural Project, Inc.","322 West 48th Street, 6th floor","New York","NY","10036","(212) 767-0025","Multi-Discipline, Non-Perform","Manhattan Council District #3","Manhattan Community Board #4","Manhattan","40.761511","-73.988167","127","1025108","1010380043","MN0402"
"Break A Leg Productions, Inc.","PO Box 20503","New York","NY","10017","(212) 330-0406","Theater","Manhattan Council District #4","Manhattan Community Board #6","Manhattan",,,,,,
"Breakthru Education, Inc.","138 South Oxford Street","Brooklyn","NY","11217","(718) 614-2289","Theater","Brooklyn Council District #39","Brooklyn Community Board #6","Brooklyn","40.685073","-73.973221","179","3000000","3020040048","BK0203"
"Brecht Forum","388 Atlantic Avenue","Brooklyn","NY","11217","(212) 242-4201","Other","Manhattan Council District #3","Manhattan Community Board #2","Brooklyn","40.687202","-73.985555","41","3335914","3001830028","BK0202"
"BRIC Arts Media Bklyn","647 Fulton Street","Brooklyn","NY","11217","(718) 683-5600","Multi-Discipl, Perf & Non-Perf","Brooklyn Council District #35","Brooklyn Community Board #2","Brooklyn","40.688236","-73.979212","33","3058597","3020950001","BK0203"
"Brick Theater, Inc.","579 Metropolitan Ave.","Brooklyn","NY","11211","(917) 640-2119","Theater","Brooklyn Council District #33","Brooklyn Community Board #1","Brooklyn","40.714075","-73.949881","501","3400166","3027560029","BK0104"
"Bridge, Inc.","290 Lenox Avenue","New York","NY","10027","(212) 663-3000","Visual Arts","Manhattan Council District #8","Manhattan Community Board #7","Manhattan","40.807457","-73.945704","200","1053487","1017220069","MN1001"
"Bridging Education and Art Together, Inc.","44-02 23rd St","Long Island City","NY","11101","(718) 937-2328","Multi-Discipline, Performing","Queens Council District #26","Queens Community Board #2","Queens","40.748914","-73.94438","1903","4005192","4004390039","QN0201"
"Brighton Ballet Theater Company, Inc.","2001 Oriental Blvd.","Brooklyn","NY","11235","(718) 769-9161","Dance","Brooklyn Council District #48","Brooklyn Community Board #15","Brooklyn","40.578497","-73.9349","616","3326937","3087600060","BK1503"
"Brighton Neighborhood Association, Inc.","1002 Brighton Beach Avenue","New York","NY","11235","(718) 891-0800","Multi-Discipl, Perf & Non-Perf","Brooklyn Council District #47","Brooklyn Community Board #13","Brooklyn","40.578014","-73.959505","61002","3245723","3087200001","BK1303"
"Bring to Light","43 East 1st Street","New York","NY","10003","(646) 345-1581","Multi-Discipl, Perf & Non-Perf","Manhattan Council District #3","Manhattan Community Board #1","Brooklyn",,,,,,
"Broadway Advocacy Coalition, Inc.","165 W 46th St","New York","NY","10036","(408) 691-8887","Multi-Discipl, Perf & Non-Perf","Manhattan Council District #4","Manhattan Community Board #5","Manhattan","40.758116","-73.983948","125","1022661","1009990003","MN0502"
"Broadway Bound Kids","630 W 135th St","New York","NY","10031","(315) 247-7706","Theater","Manhattan Council District #7","Manhattan Community Board #9","Manhattan","40.820507","-73.956059","22302","1059943","1020010055","MN0902"
"Broadway Dance Lab","307 W. 38th Street","New York","NY","10018","(646) 325-5389","Dance","Manhattan Council District #3","Manhattan Community Board #4","Manhattan","40.754946","-73.992175","115","1013643","1007627503","MN0402"
"Broadway for Arts Education, Inc.","336 W 37th St Suite 500","New York","NY","10018","(804) 200-2421","Multi-Discipl, Perf & Non-Perf","Manhattan Council District #3","Manhattan Community Board #4","Manhattan","40.754573","-73.99324","111","1013604","1007600063","MN0401"
"Broadway Housing Communities, Inc.","898 St. Nicholas Ave","New York","NY","10032","(212) 568-2030","Visual Arts","Manhattan Council District #7","Manhattan Community Board #9","Manhattan","40.8307","-73.941435","23501","1089726","1020697501","MN0903"
"Broadway League Foundation, Inc.","729 Seventh Avenue","New York","NY","10019","(212) 764-1122","Theater","Manhattan Council District #4","Manhattan Community Board #5","Manhattan","40.760103","-73.983973","125","1022699","1010017501","MN0502"
"Broken Box Mime Theater","1169 Ocean Ave Apt 5F","Brooklyn","NY","11230","(617) 877-8937","Theater","Manhattan Council District #6","Brooklyn Community Board #14","Brooklyn","40.633876","-73.957922","766","3121396","3052410018","BK1401"
"Bronx Arts Ensemble","80 Van Cortlandt Park South","Bronx","NY","10463","(718) 601-7399","Multi-Discipline, Performing","Bronx Council District #11","Bronx Community Board #8","Bronx","40.884706","-73.889991","281","2015473","2032520209","BX0801"
"BronxArtSpace, Inc.","700 Manida St","Bronx","NY","10474","(718) 401-8144","Visual Arts","Bronx Council District #17","Bronx Community Board #2","Bronx","40.814412","-73.888365","9301","2128935","2027630108","BX0201"
"Bronx Children's Museum","725 Exterior St, 2nd Floor","Bronx","NY","10451","(718) 775-3450","Multi-Discipl, Perf & Non-Perf","Bronx Council District #8","Bronx Community Board #4","Bronx","40.823465","-73.931021","6301","2097176","2025390002","BX0401"
"Bronx Community Cable Programming Corp.","250 Bedford Park Blvd. West","Bronx","NY","10468","(718) 960-7158","Film/Video/Audio","Bronx Council District #11","Bronx Community Board #7","Bronx","40.875028","-73.89286","409","2097309","2032470165","BX0702"
"Bronx Community College Association, Inc.","2155 University Avenue","New York City","NY","10453","(718) 289-5127","Music","Bronx Council District #14","Bronx Community Board #5","Bronx","40.857394","-73.909698","249","2100248","2032220062","BX0501"
"Bronx Conservatory of Music","200 Hall of Fame Terrace","Bronx","NY","10453","(718) 841-7415","Music","Bronx Council District #14","Bronx Community Board #5","Bronx","40.859532","-73.91306","249","2119712","2032220062","BX0501"
"Bronx Council on the Arts","2700 East Tremont Avenue","Bronx","NY","10461","(718) 931-9500","Multi-Discipline, Non-Perform","Bronx Council District #13","Bronx Community Board #10","Bronx","40.842689","-73.845772","200","2041961","2039880021","BX1001"
"Bronx Council on the Arts - Regrant","2700 East Tremont Avenue","Bronx","NY","10461","(718) 931-9500","Multi-Discipline, Non-Perform",,"Bronx Community Board #10","Bronx","40.842689","-73.845772","200","2041961","2039880021","BX1001"
"Bronx County Historical Society","3309 Bainbridge Avenue","Bronx","NY","10467","(718) 881-8900","Multi-Discipline, Non-Perform","Bronx Council District #11","Bronx Community Board #7","Bronx","40.878193","-73.879468","419","2018096","2033380054","BX0703"
"Bronx Dance Theatre, Inc.","585 East 187th Street, 2nd Floor","New York","NY","10458","(718) 364-2725","Dance","Bronx Council District #15","Bronx Community Board #6","Bronx","40.855777","-73.887967","389","2011907","2030660002","BX0603"
"Bronx Documentary Center","614 Courtlandt Ave","Bronx","NY","10451","(718) 993-3512","Photography","Bronx Council District #17","Bronx Community Board #1","Bronx","40.818168","-73.918816","67","2001658","2023980001","BX0102"
"Bronx Hispanic Festival Inc","3 fordham hill","Bronx","NY","10468","(917) 699-7598","Multi-Discipl, Perf & Non-Perf","Bronx Council District #14","Bronx Community Board #7","Bronx","40.864394","-73.908097","261","2092433","2032260053","BX0701"
"Bronx House, Inc.","990 Pelham Parkway South","Bronx","NY","10461","(718) 792-1800","Multi-Discipline, Performing","Bronx Council District #13","Bronx Community Board #11","Bronx","40.856804","-73.860354","248","2088568","2043287501","BX1102"
"Bronx Museum of the Arts","1040 Grand Concourse","Bronx","NY","10456","(718) 681-6000","Visual Arts","Bronx Council District #16","Bronx Community Board #4","Bronx","40.831063","-73.920361","18102","2002826","2024620001","BX0401"
"Bronx Opera Company","5 Minerva Place","Bronx","NY","10468","(718) 365-4209","Music",,"Bronx Community Board #7","Bronx","40.871469","-73.891036","40701","2017596","2033190064","BX0702"
"Bronx River Alliance","1490 Sheridan Blvd","Bronx","NY","10459","(718) 542-4124","Science","Bronx Council District #15","Bronx Community Board #11","Bronx","40.833338","-73.883614","157","2128943","2030190100","BX0303"
"Bronx River Art Center, Inc.","1087 East Tremont Avenue","Bronx","NY","10460","(718) 589-5819","Multi-Discipl, Perf & Non-Perf","Bronx Council District #15","Bronx Community Board #6","Bronx","40.84003","-73.878648","361","2118038","2031410001","BX0601"
"Bronx School for Music Inc.","3348 Perry Ave","Bronx","NY","10467","(347) 202-5402",,,"Bronx Community Board #7","Bronx","40.878536","-73.874538","42902","2018388","2033480027","BX0703"
"Bronx Stage & Film Company, Inc.","P.O. Box 580-179","Bronx","NY","10458","(917) 250-6298","Film/Video/Audio","Bronx Council District #15","Bronx Community Board #6","Bronx",,,,,,
"Bronx Symphony Orchestra, Inc.","c/o Denise Orr, 2707 Sedgwick Ave., Apt. 2D","Bronx","NY","10468","(718) 601-9151","Music","Bronx Council District #14","Bronx Community Board #8","Bronx",,,,,,
"BronxWorks, Inc.","2054 Morris Avenue","Bronx","NY","10453","(718) 365-0910","Multi-Discipline, Performing","Bronx Council District #14","Bronx Community Board #5","Bronx","40.853493","-73.905278","241","2092406","2031690066","BX0502"
"Brooklyn Academy of Music","30 Lafayette Avenue","Brooklyn","NY","11217","(718) 636-4111","Multi-Discipline, Performing","Brooklyn Council District #35","Brooklyn Community Board #2","Brooklyn","40.686866","-73.977738","35","3059185","3021110015","BK0203"
"Brooklyn Art Incubator, Inc.","365 Clinton ave. apt #12D","Brooklyn","NY","11238","(718) 208-0525","Visual Arts",,,"Brooklyn","40.687097","-73.967599","197","3321876","3019440004","BK0204"
"Brooklyn Arts Council, Inc.","10 Lafayette Avenue","Brooklyn","NY","11217","(212) 842-8842","Multi-Discipline, Performing","Brooklyn Council District #33","Brooklyn Community Board #2","Brooklyn","40.686754","-73.978661","35","3428715","3021107501","BK0203"
"Brooklyn Arts Council, Inc. - Regrant","20 Jay Street","Brooklyn","NY","11201","(718) 625-0080","Multi-Discipline, Performing",,"Brooklyn Community Board #2","Brooklyn","40.704313","-73.986587","21","3000010","3000190001","BK0202"
"Brooklyn Arts Exchange","421 5th Ave","Brooklyn","NY","11215","(718) 832-0018","Multi-Discipline, Performing","Brooklyn Council District #39","Brooklyn Community Board #6","Brooklyn","40.669869","-73.985714","137","3021879","3009990001","BK0602"
"Brooklyn Art Song Society","60 East 8th Street","New York","NY","10003","(917) 509-6258","Music","Manhattan Council District #1","Manhattan Community Board #2","Manhattan","40.730886","-73.99313","57","1080855","1005487501","MN0202"
"Brooklyn Ballet, Inc.","160 Schermerhorn St","Brooklyn","NY","11201","(718) 246-0146","Dance","Brooklyn Council District #33","Brooklyn Community Board #2","Brooklyn","40.689525","-73.987452","43","3394335","3001700015","BK0202"
"Brooklyn Blues Society, Inc","10 Stratford Road  #9F","Brooklyn","NY","11218","(929) 271-2259","Folk Arts","Brooklyn Council District #40","Brooklyn Community Board #16","Brooklyn","40.648462","-73.969599","506","3116307","3050710006","BK1402"
"Brooklyn Book Bodega, Inc.","141 Flushing Avenue","Brooklyn","NY","11205","(347) 731-6064","Literature","Brooklyn Council District #33","Brooklyn Community Board #2","Brooklyn","40.697858","-73.970987","543","3335143","3020230001","BK0261"
"Brooklyn Book Festival, Inc.","249 Smith St","Brooklyn","NY","11231","(718) 802-3901","Literature","Brooklyn Council District #33","Brooklyn Community Board #2","Brooklyn","40.683311","-73.992767","75","3006697","3004150008","BK0601"
"Brooklyn Botanic Garden Corporation","1000 Washington Avenue","Brooklyn","NY","11225","(718) 623-7200","Botanical","Brooklyn Council District #35","Brooklyn Community Board #9","Brooklyn","40.667533","-73.96179","177","3337842","3011830001","BK5591"
"Brooklyn Bridge Park Conservancy, Inc.","334 Furman Street","Brooklyn","NY","11201","(718) 802-0603","Multi-Discipline, Non-Perform","Brooklyn Council District #33","Brooklyn Community Board #2","Brooklyn","40.693999","-73.999196","301","3423338","3002450015","BK0201"
"Brooklyn Chamber Music Society","49 Cheever Place","Brooklyn","NY","11231","(718) 858-3523","Music","Brooklyn Council District #39","Brooklyn Community Board #6","Brooklyn","40.685713","-73.999524","49","3003770","3003220006","BK0601"
"Brooklyn Children's Museum","145 Brooklyn Avenue","Brooklyn","NY","11213","(718) 735-4400","Museum","Brooklyn Council District #36","Brooklyn Community Board #8","Brooklyn","40.674773","-73.944464","341","3031049","3012290001","BK0802"
"Brooklyn City Streetcar Company, Inc.","1360 Ocean Parkway, Ste. 6L","Brooklyn","NY","11230","(718) 314-0226","Multi-Discipl, Perf & Non-Perf","Brooklyn Council District #44","Brooklyn Community Board #12","Brooklyn","40.615623","-73.968858","444","3172890","3065680033","BK1204"
"Brooklyn Community Pride Center","1360 Fulton Street","Brooklyn","NY","11216","(347) 889-7719","Multi-Discipl, Perf & Non-Perf","Brooklyn Council District #33","Brooklyn Community Board #1","Brooklyn","40.680186","-73.94593","247","3329709","3018620001","BK0301"
"Brooklyn Contemporary Chorus, Inc.","350 Clinton Avenue - Cadman Church","Brooklyn","NY","11205","(718) 625-0305","Music","Brooklyn Council District #35","Brooklyn Community Board #2","Brooklyn",,,,,,
"Brooklyn Defender Services","177 Livingston Street","Brooklyn","NY","11201","(718) 254-0700",,,,"Brooklyn","40.690019","-73.986701","37","3391746","3001567501","BK0202"
"BROOKLYN FILMSHOP INC","104 Sullivan St","New York","NY","10012","(786) 271-6221","Film/Video/Audio","Manhattan Council District #3","Manhattan Community Board #2","Manhattan","40.725748","-74.002976","49","1007813","1005040034","MN0201"
"Brooklyn Film Society","184 S. 4th St","Brooklyn","NY","11211","(718) 388-4306","Film/Video/Audio","Brooklyn Council District #34","Brooklyn Community Board #1","Brooklyn","40.711101","-73.960773","523",,,"BK0102"
"Brooklyn Four Plus One, Inc.","3030 Emmons Ave.  2N","New York","NY","11235","(347) 713-5190","Music","Brooklyn Council District #46","Brooklyn Community Board #15","Brooklyn","40.583919","-73.937886","622","3248031","3088150042","BK1503"
"Brooklyn Heights Music Society","Brooklyn Heights Music Society","New York","NY","11201","(347) 760-5950","Music","Brooklyn Council District #33","Brooklyn Community Board #2","Brooklyn",,,,,,
"Brooklyn Historical Society","128 Pierrepont Street","Brooklyn","NY","11201","(718) 222-4111","Museum","Brooklyn Council District #33","Brooklyn Community Board #1","Brooklyn","40.69502","-73.992387","502","3002006","3002430047","BK0201"
"Brooklyn House of Kulture, Inc.","1685 Ocean Ave","Brooklyn","NY","11230","(646) 596-1283","Dance","Brooklyn Council District #44","Brooklyn Community Board #14","Brooklyn","40.620593","-73.955412","760","3209163","3076380036","BK1403"
"Brooklyn Institute for Social Research, Inc.","68 Jay Street","Brooklyn","NY","11201","(512) 914-0597","Multi-Discipl, Perf & Non-Perf","Brooklyn Council District #33","Brooklyn Community Board #2","Brooklyn","40.702763","-73.986681","21","3000090","3000400001","BK0202"
"Brooklyn Institute of Arts and Sciences","200 Eastern Parkway","Brooklyn","NY","11238","(718) 638-5000","Visual Arts","Brooklyn Council District #35","Brooklyn Community Board #9","Brooklyn","40.671835","-73.963042","177","3029667","3011830026","BK5591"
"Brooklyn Music School","126 St. Felix","Brooklyn","NY","11217","(718) 434-4500","Multi-Discipline, Performing","Brooklyn Council District #35","Brooklyn Community Board #2","Brooklyn",,,,,,
"Brooklyn Navy Yard Development Corporation","63 Flushing Avenue","Brooklyn","NY","11205","(718) 907-5900","Humanities","Brooklyn Council District #33","Brooklyn Community Board #2","Brooklyn","40.69802","-73.974986","543","3335129","3020230001","BK0261"
"Brooklyn Poets, Inc.","144 Montague Street","Brooklyn","NY","11201","(718) 374-1953","Literature","Brooklyn Council District #34","Brooklyn Community Board #2","Brooklyn","40.694556","-73.993469","502","3002083","3002490033","BK0201"
"Brooklyn Queens Conservatory of Music","58 7th Avenue","Brooklyn","NY","11217","(718) 622-3300","Music","Brooklyn Council District #39","Brooklyn Community Board #6","Brooklyn","40.675843","-73.974533","159","3019495","3009480048","BK0602"
"Brooklyn Rail","253 36th Street","Brooklyn","NY","11232","(718) 349-8427","Literature","Brooklyn Council District #33","Brooklyn Community Board #1","Brooklyn","40.65597","-74.007154","1802","3345565","3006910001","BK0702"
"Brooklyn Steppers","137 Montague Street #237","New York City","NY","11201","(347) 343-8413","Multi-Discipl, Perf & Non-Perf","Brooklyn Council District #36","Brooklyn Community Board #2","Brooklyn","40.694661","-73.993787","502","3001989","3002430019","BK0201"
"Brooklyn Studios for Dance","210 Lafayette Ave.","Brooklyn","NY","11238","(917) 945-6890","Dance","Brooklyn Council District #35","Brooklyn Community Board #2","Brooklyn","40.687934","-73.968143","197","3055458","3019430016","BK0204"
"Brooklyn Theatre Arts Project, Inc.","1618 76th Street","Brooklyn","NY","11214","(718) 791-9667","Theater","Brooklyn Council District #43","Brooklyn Community Board #10","Brooklyn","40.615389","-74.000936","182","3160774","3062360011","BK1101"
"Brooklyn USA Athletic Assc","1424 Fulton Street","Brooklyn","NY","11216","(718) 773-3456","Multi-Discipl, Perf & Non-Perf","Brooklyn Council District #36","Brooklyn Community Board #3","Brooklyn","40.68007","-73.943796","271","3053794","3018630008","BK0302"
"Brooklyn Waterfront Artist Coalition","499 Van Brunt St","Brooklyn","NY","11231","(718) 596-2506","Visual Arts","Brooklyn Council District #38","Brooklyn Community Board #6","Brooklyn","40.67428","-74.016493","5301","3390948","3006120001","BK0601"
"Brooklyn Young Filmmakers Center, Inc.","378 Myrtle Avenue","New York","NY","11205","(718) 935-0490","Film/Video/Audio","Brooklyn Council District #35","Brooklyn Community Board #2","Brooklyn","40.693172","-73.97109","183","3058371","3020740029","BK0203"
"Brooklyn Youth Chorus Academy, Inc.","179 Pacific Street","Brooklyn","NY","11201","(718) 243-9447","Music","Brooklyn Council District #39","Brooklyn Community Board #6","Brooklyn","40.689281","-73.993549","45","3002990","3002867503","BK0601"
"Brooklyn Youth Music Project, Inc.","123 7th Ave, #169","Brooklyn","NY","11215","(718) 350-1265","Music","Brooklyn Council District #39","Brooklyn Community Board #6","Brooklyn","40.673345","-73.976211","157","3024730","3010670003","BK0602"
"Brotherhood Sister Sol, Inc.","512 W 143rd St","New York","NY","10031","(212) 283-7044",,,"Manhattan Community Board #9","Manhattan","40.824482","-73.949867","229","1061865","1020740047","MN0903"
"Brownsville Heritage House, Inc.","581 Mother Gaston Boulevard FL 2","New York","NY","11212","(718) 385-1111","Multi-Discipl, Perf & Non-Perf","Brooklyn Council District #42","Brooklyn Community Board #16","Brooklyn","40.664531","-73.905532","910","3084596","3037940018","BK1602"
"Builders Association, Inc.","200 6th Street","New York","NY","11215","(212) 274-0446","Multi-Discipline, Performing","Manhattan Council District #1","Brooklyn Community Board #6","Brooklyn","40.67355","-73.990108","11901","3339454","3009910031","BK0601"
"Building Beats Incorporated","37 North 15th St","Brooklyn","NY","11222","(347) 762-5669","Music","Brooklyn Council District #37","Brooklyn Community Board #1","Brooklyn","40.724376","-73.95636","561","3065480","3026140024","BK0101"
"Building for the Arts NY, Inc.","407 W. 41st. St.","New York","NY","10036","(212) 695-4242","Multi-Discipl, Perf & Non-Perf","Manhattan Council District #3","Manhattan Community Board #4","Manhattan","40.758015","-73.993488","115","1087829","1010510029","MN0402"
"Bukharian Jewish Theater Studio, Inc.","99-37 64th Road","Rego Park","NY","11374","(718) 459-3341","Theater","Queens Council District #24","Queens Community Board #8","Queens","40.730758","-73.854394","721","4050828","4021130059","QN0602"
"Bukharian Jewish Theater Vozrozhdeniye","139-60 85th Drive, Suite 4E","Queens","NY","11435","(718) 293-0593","Theater","Queens Council District #24","Queens Community Board #8","Queens","40.708914","-73.814744","214","4440103","4097100037","QN0805"
"Bushwick Institute of the Performing Arts, Inc.","112 Hendrix Street","Brooklyn","NY","11207","(718) 235-4681","Multi-Discipl, Perf & Non-Perf","Brooklyn Council District #34","Bronx Community Board #5","Brooklyn","40.679412","-73.891108","1146","3087482","3039330028","BK0501"
"Bushwick Starr, Inc.","419 Eldert Street","Brooklyn","NY","11237","(718) 306-2370","Multi-Discipl, Perf & Non-Perf","Brooklyn Council District #34","Brooklyn Community Board #4","Brooklyn","40.69539","-73.90458","439","3078949","3034130120","BK0402"
"BxArts Factory, Inc.","240 E 153rd St","BRONX","NY","10451","(929) 614-4344","Visual Arts","Bronx Council District #17","Bronx Community Board #1","Bronx","40.82044","-73.922484","65",,,"BX0102"
"Byrd Hoffman Watermill Foundation","115 W 29th St.","New York","NY","10001","(212) 253-7484","Multi-Discipl, Perf & Non-Perf","Brooklyn Council District #33","Brooklyn Community Board #2","Manhattan","40.746965","-73.990772","95","1015145","1008050039","MN0501"
"C4 Choral Composer Conductor Collective","601 W 41st St","New York","NY","10036","(917) 596-9931","Music","Manhattan Council District #3","Manhattan Community Board #4","Manhattan","40.76023","-73.998953","117","1087678","1010897501","MN0401"
"CABD, Inc.","P.O. Box 340600","Jamaica","NY","11434","(646) 653-4960","Dance","Queens Council District #28","Queens Community Board #12","Queens",,,,,,
"Caborca Inc.","210 Jefferson Ave","Brooklyn","NY","11216","(212) 729-3073","Theater","Brooklyn Council District #36","Brooklyn Community Board #3","Brooklyn","40.68339","-73.949043","249","3052280","3018330013","BK0301"
"Calliope Brass Music Association","41 Park Terrace West #E6","New York","NY","10034","(860) 459-5134","Multi-Discipline, Performing","Manhattan Council District #10","Manhattan Community Board #12","Manhattan","40.870707","-73.918245","303","1080040","1022430090","MN1203"
"Calliope Creative Foundation","200 W 41st St","New York","NY","10036","(212) 683-7343","Multi-Discipline, Performing","Manhattan Council District #4","Manhattan Community Board #5","Manhattan","40.755547","-73.987876","113","1024649","1010127502","MN0502"
"Calpulli Mexican Dance Company, Inc.","2512 77th Street","East Elmhurst","NY","11370","(718) 507-2617","Dance","Queens Council District #25","Queens Community Board #3","Queens","40.762276","-73.891337","30904","4023118","4010530014","QN0301"
"Camera Club of New York, Inc.","154 Ludlow Street","New York","NY","10002","(646) 864-0404","Visual Arts","Manhattan Council District #3","Manhattan Community Board #3","Manhattan","40.720884","-73.987936","3001","1079699","1004110050","MN0302"
"Camera News, Inc.","545 Eighth Avenue","New York","NY","10018","(212) 947-9277","Film/Video/Audio","Manhattan Council District #3","Manhattan Community Board #4","Manhattan","40.754296","-73.991944","111","1013622","1007610033","MN0401"
"CAMERATA INTERNAZIONALE INC","325 5TH AVE.","NEW YORK","NY","10016","(845) 729-4986","Multi-Discipline, Performing","Manhattan Council District #4","Manhattan Community Board #5","Manhattan","40.747428","-73.985282","74","1087309","1008627503","MN0501"
"Can't Sleep, Inc.","540 9th Street #3","New York","NY","10034","(718) 788-2561","Multi-Discipline, Performing","Brooklyn Council District #39","Brooklyn Community Board #6","Brooklyn","40.665364","-73.978441","167","3026066","3010930015","BK0602"
"Canopy Canopy Canopy, Inc.","264 Canal St, 3W","New York","NY","10013","(240) 472-7260","Visual Arts","Brooklyn Council District #39","Manhattan Community Board #1","Manhattan","40.718752","-74.000996","31","1002345","1001960015","MN0102"
"Canteen Arts, Inc.","96 Pierrepont St. #4","Brooklyn","NY","11201","(917) 975-3027","Multi-Discipline, Non-Perform","Brooklyn Council District #33","Brooklyn Community Board #2","Brooklyn","40.695347","-73.993585","502","3001994","3002437501","BK0201"
"Canticorum Virtuosi, Inc.","10248 220th Street","Queens Village","NY","11429","(914) 582-3915","Music","Manhattan Council District #8","Queens Community Board #13","Queens","40.712607","-73.734168","568","4240545","4111540043","QN1303"
"Canvas Institute","183 Victory Blvd","Staten Island","NY","10301","(917) 373-7032","Humanities","Staten Island Council Dist #49","Staten Island Community Board #1","Staten Island","40.636519","-74.082016","11","5000662","5000330026","SI0101"
"Capoeira Foundation, Inc.","463 West Street","New York","NY","10014","(212) 382-0555","Dance","Manhattan Council District #3","Manhattan Community Board #5","Manhattan","40.736762","-74.009959","79","1012047","1006390001","MN0203"
"Caribbean American Repertory Theatre, Inc.","114-13 OVID PL","SAINT ALBANS","NY","11412","(212) 963-6459","Theater","Queens Council District #27","Queens Community Board #12","Queens","40.697103","-73.766546","400","4221406","4104030027","QN1205"
"Caribbean Equality Project","10942 124th Street","South Ozone Park","NY","11420","(347) 709-3179","Multi-Discipline, Performing","Queens Council District #28","Queens Community Board #10","Queens","40.683191","-73.817646","168","4249646","4116040030","QN1001"
"caribBEING","1399 Nostrand Ave","Brooklyn","NY","11226","(347) 268-1613","Film/Video/Audio","Brooklyn Council District #45","Brooklyn Community Board #17","Brooklyn","40.652314","-73.949722","818","3108501","3048687501","BK1701"
"Carlos Lezama Archives and Caribbean Cultural Center","1028 St. John's Place","Brooklyn","NY","11213","(516) 984-8948","Folk Arts","Brooklyn Council District #35","Brooklyn Community Board #8","Brooklyn","40.671278","-73.943893","339","3032434","3012570014","BK0802"
"Carnegie Hall Corporation","881 Seventh Avenue","New York","NY","10019","(212) 903-9600","Multi-Discipline, Performing","Manhattan Council District #4","Manhattan Community Board #5","Manhattan","40.764941","-73.980445","137","1023449","1010090001","MN0502"
"Carriage Trade Gallery Corporation","277 Grand Street","New York","NY","10002","(718) 483-0815","Visual Arts","Manhattan Council District #1","Manhattan Community Board #3","Manhattan","40.717813","-73.992764","16","1003959","1003060017","MN0301"
"Carter Burden Center for the Aging","1484 First Avenue","New York","NY","10075","(212) 879-7400","Crafts","Manhattan Council District #5","Manhattan Community Board #8","Manhattan","40.771244","-73.953478","13203","1081248","1014720003","MN0801"
"Casa Belvedere, The Italian Cultural Foundation","79 Howard Ave","Staten Island","NY","10301","(718) 273-7660","Multi-Discipl, Perf & Non-Perf","Staten Island Council Dist #49","Staten Island Community Board #1","Staten Island","40.628788","-74.088552","33","5015115","5005870001","SI0104"
"Casita Maria, Inc.","928 Simpson Street","Bronx","NY","10459","(718) 589-2230","Multi-Discipl, Perf & Non-Perf","Bronx Council District #17","Bronx Community Board #2","Bronx","40.820579","-73.893128","89","2116211","2027230033","BX0201"
"Catharine Lorillard Wolfe Art Club, Inc.","802 Broadway c/o Grace Church","New York","NY","10003","(973) 432-9078","Visual Arts","Manhattan Council District #2","Manhattan Community Board #2","Manhattan","40.732277","-73.991311","61","1008997","1005570001","MN0202"
"Cathedral Church of St. John the Divine","1047 Amsterdam Ave","New York","NY","10025","(212) 316-7493","Multi-Discipl, Perf & Non-Perf","Manhattan Council District #9","Manhattan Community Board #9","Manhattan","40.804033","-73.963074","19701","1082706","1018650001","MN0901"
"Catholic Charities Community Services, Archdiocese of New York","1011 First Avenue","New York","NY","10022","(212) 371-1000","Multi-Discipline, Performing","Manhattan Council District #8","Manhattan Community Board #6","Manhattan","40.757271","-73.963692","10801","1039972","1013480023","MN0604"
"Causa Artium Limited","215 West 104th Street Box 844","New York","NY","10025","(212) 203-0461","Multi-Discipl, Perf & Non-Perf","Manhattan Council District #7","Manhattan Community Board #7","Manhattan","40.799407","-73.967291","191","1056587","1018760022","MN0703"
"Cave Canem Foundation, Inc.","65 Bleecker St","New York","NY","10012","(718) 858-0000","Literature","Brooklyn Council District #33","Manhattan Community Board #2","Manhattan","40.726204","-73.995173","5502","1008454","1005290072","MN0202"
"CAVE Organization, Inc.","58 Grand St","Brooklyn","NY","11249","(718) 388-6780","Dance","Brooklyn Council District #33","Brooklyn Community Board #1","Brooklyn","40.715908","-73.965099","551","3335767","3023900018","BK0102"
"CBA Cultural & Arts Center","137-22 Kalmia Ave","Flushing","NY","11355","(347) 386-7016","Folk Arts","Queens Council District #20","Queens Community Board #7","Queens","40.748581","-73.820163","845","4315219","4051500011","QN0705"
"CBD Music, Inc.","1075 Grand Concourse","Bronx","NY","10452","(917) 446-5080","Music","Manhattan Council District #9","Bronx Community Board #4","Bronx","40.831448","-73.920162","195","2002889","2024720011","BX0401"
"CEC ArtsLink, Inc.","291 Broadway, 12 Fl.","New York City","NY","10007","(212) 643-1985","Multi-Discipl, Perf & Non-Perf","Manhattan Council District #3","Manhattan Community Board #2","Manhattan","40.714824","-74.005779","33","1001649","1001500038","MN0102"
"CEC Stuyvesant Cove, Inc.","24-20 FDR Drive Service Road East","New York","NY","10010","(212) 505-6050","Multi-Discipl, Perf & Non-Perf","Manhattan Council District #4","Manhattan Community Board #2","Manhattan","40.735508","-73.974745","62",,,"MN0603"
"Cedar Lake, Inc.","547 West 26th Street","New York","NY","10001","(212) 244-0015","Dance","Manhattan Council District #3","Manhattan Community Board #4","Manhattan","40.750259","-74.004345","9902","1012390","1006980010","MN0401"
"Cell Theatre Co.","338 W 23rd st","New York","NY","10011","(917) 715-6301","Multi-Discipl, Perf & Non-Perf","Manhattan Council District #3","Manhattan Community Board #4","Manhattan","40.745793","-73.99969","93","1013366","1007460063","MN0401"
"Center at West Park, Inc.","263 W 86th St","New York","NY","10024","(212) 997-4490","Multi-Discipline, Performing","Manhattan Council District #6","Manhattan Community Board #7","Manhattan","40.788672","-73.977332","175","1033195","1012347502","MN0702"
"Center for Architecture, Inc.","536 LaGuardia Place","New York","NY","10012","(212) 358-6136","Architecture/Design","Manhattan Council District #1","Manhattan Community Board #2","Manhattan","40.728575","-73.998532","65","1008642","1005370026","MN0202"
"Center for Artistic Development, Inc.","2880 West 12 Street","Brooklyn","NY","11224","(718) 510-2333","Multi-Discipl, Perf & Non-Perf","Brooklyn Council District #47","Brooklyn Community Board #13","Brooklyn","40.577347","-73.979625","350","3196559","3072660060","BK1302"
"Center for Art Law, Inc.","195 Plymouth St","Brooklyn","NY","11201","(917) 719-6815","Visual Arts","Brooklyn Council District #33","Brooklyn Community Board #2","Brooklyn","40.703729","-73.985501","21","3343214","3000200029","BK0202"
"Center for Arts Education, Inc.","266 West 37th Street, 9th Floor","New York","NY","10018","(212) 971-3300","Multi-Discipl, Perf & Non-Perf","Manhattan Council District #3","Manhattan Community Board #5","Manhattan","40.753632","-73.991009","109","1083624","1007860001","MN0502"
"Center for Book Arts, Inc.","28 West 27th Street, Third Floor","New York","NY","10001","(212) 481-0295","Multi-Discipline, Non-Perform","Manhattan Council District #3","Manhattan Community Board #5","Manhattan","40.744785","-73.989491","58","1015663","1008280064","MN0501"
"Center for Communication, Inc.","195 Plymouth St","Brooklyn","NY","11201","(212) 686-5005","Film/Video/Audio","Brooklyn Council District #33","Brooklyn Community Board #2","Brooklyn","40.703729","-73.985501","21","3343214","3000200029","BK0202"
"Center for Contemporary Opera","236 East 31st St.","New York","NY","10016","(347) 265-8943","Music","Manhattan Council District #3","Manhattan Community Board #4","Manhattan","40.743422","-73.978578","7002","1019962","1009110045","MN0603"
"Center for Curatorial Leadership, Inc.","174 E 80th St","New York","NY","10075","(646) 405-8067","Visual Arts","Manhattan Council District #5","Manhattan Community Board #8","Manhattan","40.77528","-73.957562","140","1047499","1015080142","MN0802"
"Center for Educational Innovation-Public Education Association","369 Lexington Avenue","New York","NY","10017","(934) 233-4343","Multi-Discipline, Non-Perform","Manhattan Council District #4","Manhattan Community Board #5","Manhattan","40.750583","-73.976663","80","1036146","1012950020","MN0603"
"Center for Italian Modern Art","421 Broome Street","New York","NY","10013","(646) 370-3596","Museum","Manhattan Council District #1","Manhattan Community Board #2","Manhattan","40.721252","-73.998662","45","1079136","1004737505","MN0201"
"Center for Jewish History","15 West 16th Street","New York","NY","10011","(212) 294-6137","Humanities","Manhattan Council District #3","Manhattan Community Board #5","Manhattan","40.737677","-73.993454","54","1080631","1008180027","MN0501"
"Center for Performance Research, Inc.","361 Manhattan Avenue","New York","NY","11211","(718) 349-1210","Multi-Discipline, Performing","Brooklyn Council District #34","Brooklyn Community Board #1","Brooklyn","40.716664","-73.946456","501","3068283","3027437501","BK0104"
"Center for the Study of Classical Architecture","20 West 44th Street","New York","NY","10036","(212) 730-9646","Architecture/Design","Manhattan Council District #3","Manhattan Community Board #5","Manhattan","40.755156","-73.980848","96","1034214","1012590048","MN0502"
"Center for Traditional Music and Dance","32 Broadway","New York","NY","10004","(212) 571-1555","Folk Arts","Manhattan Council District #1","Manhattan Community Board #1","Manhattan","40.706045","-74.013096","9","1078979","1000220017","MN0101"
"Center for Urban Pedagogy, Inc.","232 Third Street #D201","Brooklyn","NY","11215","(718) 596-7721","Multi-Discipline, Non-Perform","Brooklyn Council District #39","Brooklyn Community Board #6","Brooklyn","40.674909","-73.987671","11901","3337594","3009800008","BK0601"
"CenterStage: The Queens Center for the Performing Arts, Inc.","135-32 38th Avenue","Flushing","NY","11354","(718) 321-8496","Multi-Discipl, Perf & Non-Perf","Queens Council District #20","Queens Community Board #8","Queens","40.760399","-73.831899","871","4112307","4049750001","QN0707"
"Center Stage Community Playhouse, Inc.","PO Box 138","New York","NY","10461","(718) 823-6434","Theater","Bronx Council District #13","Bronx Community Board #10","Bronx",,,,,,
"Central Astoria Local Development Coalition, Inc.","25-69 38th St","Astoria","NY","11103","(718) 728-7820","Multi-Discipline, Performing","Queens Council District #22","Queens Community Board #1","Queens","40.767773","-73.912931","143","4536838","4006547501","QN0104"
"Central Brooklyn Jazz Consortium, Inc.","868 Schenectady Ave.","Brooklyn","NY","11203","(718) 773-2252","Music","Brooklyn Council District #36","Brooklyn Community Board #9","Brooklyn","40.652054","-73.933354","870","3109212","3048830032","BK1703"
"Central City Chorus, Inc.","552 W End Ave","New York","NY","10024","(917) 797-6675","Music","Manhattan Council District #6","Manhattan Community Board #7","Manhattan","40.789358","-73.977494","175","1033199","1012340061","MN0702"
"Central Family Life Center","59 Wright Street","Staten Island","NY","10304","(718) 273-8414","Other","Staten Island Council Dist #49","Staten Island Community Brd #1","Staten Island","40.62722","-74.07843","21","5013676","5005210053","SI0102"
"Central Park Brass, Inc.","1435 Lexington Avenue, #7F","New York","NY","10128","(646) 201-5242","Music","Manhattan Council District #4","Manhattan Community Board #8","Manhattan","40.784248","-73.952103","15801","1048403","1015220050","MN0802"
"Central Yiddish Culture Organization","51-02 21st Street, 7th Floor A-2","Long Island City","NY","11101","(646) 662-8802","Multi-Discipl, Perf & Non-Perf","Queens Council District #26","Queens Community Board #2","Queens","40.741017","-73.949742","701","4000210","4000390182","QN0201"
"Centro Civico Cultural Dominicano, Inc.","619 West 145th Street","New York","NY","10031","(917) 405-6167","Multi-Discipl, Perf & Non-Perf","Manhattan Council District #7","Manhattan Community Board #9","Manhattan","40.826637","-73.950938","229","1062376","1020920022","MN0903"
"Centro Cultural Cubano, Inc.","39-51 49th Street","Sunnyside","NY","11104","(646) 263-7741","Music","Manhattan Council District #1","Manhattan Community Board #3","Manhattan",,,,,,
"Cerddorian NYC, Inc.","P.O. Box 946 Village Station","New York","NY","10014","(212) 799-0244","Music","Manhattan Council District #3","Manhattan Community Board #2","Manhattan",,,,,,
"Cerealinalimo LLC","702 grand concourse","brooklyn","NY","11221","(213) 570-3487","Visual Arts","Bronx Council District #8","Bronx Community Board #1","Manhattan",,,,,,
"Chamber Dance Project","P.O. Box 4499","New York","NY","10163","(914) 332-7762","Dance","Manhattan Council District #6","Manhattan Community Board #5","Manhattan",,,,,,
"Chamber Music America, Inc.","P.O. Box 22248","Brooklyn","NY","11202","(212) 242-2022","Music","Manhattan Council District #3","Brooklyn Community Board #2","Brooklyn",,,,,,
"Chamber Music Center of New York, Inc.","299 Riverside Dr.","New York","NY","10025","(917) 407-4647",,,"Manhattan Community Board #7","Manhattan","40.799537","-73.971752","187","1057167","1018890072","MN0703"
"ChamberMusicNY, Inc.","PO Box 230736","New York","NY","10023","(646) 300-1027","Music","Manhattan Council District #6","Manhattan Community Board #7","Manhattan",,,,,,
"Chamber Music Society of Lincoln Center, Inc.","70 Lincoln Center Plaza, Tenth Floor","New York","NY","10023","(212) 875-5775","Music","Manhattan Council District #6","Manhattan Community Board #7","Manhattan","40.773997","-73.984479","149","1077844","1011377501","MN0701"
"Chamber Orchestra of New York Ottorino Respighi","450 Lexington Ave. #1514","New York","NY","10163","(646) 642-8441","Music","Manhattan Council District #5","Manhattan Community Board #5","Manhattan","40.753102","-73.974854","92","1085671","1012800090","MN0604"
"ChamberQUEER inc","1701 Albemarle Road","Brooklyn","NY","11226","(929) 328-4952","Music","Brooklyn Council District #40","Brooklyn Community Board #14","Brooklyn","40.646929","-73.963427","512","3117085","3050970120","BK1401"
"Chambers Memorial Baptist Church","219 East 123rd Street","New York","NY","10035","(917) 822-6429","Theater","Manhattan Council District #8","Manhattan Community Board #11","Manhattan","40.802141","-73.93614","194","1054635","1017880008","MN1102"
"Change for Kids Inc","110 East 23rd Street","New York","NY","10010","(646) 853-1791","Multi-Discipl, Perf & Non-Perf","Manhattan Council District #3","Manhattan Community Board #5","Brooklyn",,,,,,
"Character Studies Productions, Inc.","202 West 107th Street 6-W","New York","NY","10025","(212) 665-8279","Theater","Manhattan Council District #8","Manhattan Community Board #7","Manhattan","40.801215","-73.965481","195","1056641","1018780036","MN0703"
"ChaRosa Foundation Corporation","228-08 Linden Boulevard","Cambria Heights","NY","11411","(718) 723-1400","Multi-Discipline, Non-Perform","Queens Council District #19","Queens Community Board #13","Queens","40.692891","-73.732988","606","4274602","4127450004","QN1304"
"Chashama, Inc.","205 East 42nd Street","New York","NY","10017","(212) 391-8151","Multi-Discipl, Perf & Non-Perf","Manhattan Council District #4","Manhattan Community Board #6","Manhattan","40.750643","-73.974126","88","1037550","1013167501","MN0603"
"Chassida Shmella:  Ethiopian Jewish Community","25 Broadway Suite 1700","New York, NY","NY","10004","(212) 284-6532","Multi-Discipl, Perf & Non-Perf","Manhattan Council District #1","Manhattan Community Board #1","Manhattan","40.705752","-74.013374","13","1000045","1000130027","MN0101"
"CHEER Foundation, Inc.","90-18 153rd Avenue","Howard Beach","NY","11414","(718) 641-2781","Film/Video/Audio","Queens Council District #32","Queens Community Board #10","Queens","40.667415","-73.843888","6201","4619599","4114510050","QN1003"
"Chelsea Film Festival","208 W 23rd Street","New York","NY","10011","(347) 614-8029","Film/Video/Audio","Manhattan Council District #3","Manhattan Community Board #4","Manhattan","40.744338","-73.99624","91","1014129","1007720056","MN0401"
"Chelsea Music Festival","PO Box 20435","New York","NY","10025","(646) 820-6506","Music","Manhattan Council District #3","Manhattan Community Board #4","Manhattan",,,,,,
"Chelsea Opera, Inc.","521 East 14th Street","New York","NY","10011","(212) 260-1796","Music","Manhattan Council District #4","Manhattan Community Board #6","Manhattan","40.730001","-73.979297","44","1082885","1009720001","MN0601"
"Chelsea Symphony","245 Eighth Avenue","New York","NY","10011","(888) 741-2915","Music","Manhattan Council District #2","Manhattan Community Board #4","Manhattan","40.744901","-73.998784","93","1013361","1007460038","MN0401"
"Cherry Lane Alternative, Inc.","145 Avenue of the Americas","New York","NY","10013",,"Theater","Manhattan Council District #3","Manhattan Community Board #2","Manhattan","40.724971","-74.004477","37","1087061","1004917502","MN0201"
"Cherry Orchard Festival Foundation","60 Riverside Blvd","New York","NY","10069","(800) 349-0021","Multi-Discipline, Performing","Manhattan Council District #4","Manhattan Community Board #7","Manhattan","40.774566","-73.99132","15102","1087835","1011717508","MN0701"
"Chhandayan, Inc.","4 W 43rd Street #616","New York","NY","10036","(646) 281-4062","Music","Manhattan Council District #4","Manhattan Community Board #5","Manhattan","40.754371","-73.980932","96","1034201","1012580042","MN0502"
"Chhaya Community Development Corporation","37-43 77th Street","Jackson Heights","NY","11372","(718) 478-3848","Multi-Discipl, Perf & Non-Perf","Queens Council District #25","Queens Community Board #3","Queens","40.747993","-73.888827","287","4029909","4012880059","QN0301"
"Child and Youth Development Center","888 Mcdonald Avenue","Brooklyn","NY","11218","(718) 809-4729","Multi-Discipline, Performing","Brooklyn Council District #44","Brooklyn Community Board #12","Brooklyn","40.632253","-73.977457","478","3127463","3054070019","BK1202"
"Children's Aid Society","105 East 22nd Street","New York","NY","10010","(212) 949-4696","Music","Manhattan Council District #2","Manhattan Community Board #6","Manhattan","40.739265","-73.986215","68","1018010","1008780001","MN0602"
"Children's Art Carnival","62 Hamilton Terrace","New York","NY","10031","(917) 756-9143","Visual Arts","Manhattan Council District #7","Manhattan Community Board #9","Manhattan","40.823075","-73.946309","227","1060961","1020500064","MN0903"
"Children's Arts & Science Workshops, Inc.","4320 Broadway","New York","NY","10033","(212) 923-7766","Multi-Discipl, Perf & Non-Perf","Manhattan Council District #10","Manhattan Community Board #12","Manhattan","40.852155","-73.934715","271","1081882","1021670001","MN1202"
"Children's Museum of Manhattan","212 West 83rd Street","New York","NY","10024","(212) 721-1223","Museum","Manhattan Council District #6","Manhattan Community Board #7","Manhattan","40.785946","-73.976961","171","1032767","1012300038","MN0702"
"Children's Museum of the Arts","101 Avenue of the Americas, 9th Floor","New York","NY","10013","(212) 274-0986","Museum","Manhattan Council District #3","Manhattan Community Board #3","Manhattan","40.723247","-74.004957","37","1007119","1004770011","MN0201"
"Children's Orchestra Society","65-03 180th Street","Fresh Meadows","NY","11365","(718) 888-0635","Music","Queens Council District #24","Queens Community Board #8","Manhattan",,,,,,
"Children's Theatre Company of New York","526 West 26th Street","New York","NY","10001","(212) 633-6629","Theater","Manhattan Council District #3","Manhattan Community Board #4","Manhattan","40.750094","-74.003999","9901","1012386","1006970047","MN0401"
"Children of Promise, NYC","54 MacDonough Street","Brooklyn","NY","11216","(718) 483-9290","Multi-Discipl, Perf & Non-Perf","Brooklyn Council District #36","Brooklyn Community Board #3","Brooklyn","40.680929","-73.944383","269","3053461","3018540025","BK0301"
"China Institute in America","100 Washington St","New York","NY","10006","(212) 744-8181","Multi-Discipl, Perf & Non-Perf","Manhattan Council District #1","Manhattan Community Board #1","Manhattan","40.708494","-74.014291","13","1088750","1000557501","MN0101"
"Chinatown Partnership Local Development Corp","60 St. James Street","New York","NY","10038","(212) 346-9288","Multi-Discipline, Performing","Manhattan Council District #1","Manhattan Community Board #3","Manhattan",,,,,,
"Chinese American Arts Council, Inc.","456 Broadway, 3rd Floor","New York","NY","10013","(212) 431-9740","Other","Manhattan Council District #1","Manhattan Community Board #2","Manhattan","40.720648","-74.000812","45","1003033","1002320011","MN0201"
"Chinese American Culture & Art Association","880 Third Avenue, 13th Floor","New York","NY","10022","(212) 750-5295","Multi-Discipline, Performing","Manhattan Council District #1","Manhattan Community Board #1","Manhattan","40.75791","-73.969254","100","1036473","1013080033","MN0604"
"Chinese Community Center of Flushing, Inc.","43-17 Union Street","Flushing","NY","11355","(347) 542-3700","Humanities","Queens Council District #20","Queens Community Board #7","Queens","40.754358","-73.821356","859","4534926","4051937502","QN0707"
"Chinese Cultural Foundation, Inc.","77 West 55th Street, Suite 3F","New York","NY","10019","(212) 752-4881","Visual Arts","Manhattan Council District #4","Manhattan Community Board #4","Manhattan","40.762616","-73.977146","104","1034856","1012717501","MN0502"
"Chinese Methodist Center Corporation","69 Madison st.","New York","NY","10002","(212) 349-2703","Photography","Manhattan Council District #2","Manhattan Community Board #1","Manhattan","40.712115","-73.996562","8","1079619","1002770056","MN0301"
"Chinese Musical Arts, Inc.","200 Bowery Street apt# 2E","New York","NY","10012","(718) 461-2666","Music","Manhattan Council District #3","Brooklyn Community Board #2","Manhattan","40.72129","-73.993672","43","1084745","1004927503","MN0201"
"Chinese Music Ensemble of New York, Inc.","P.O. Box 1062","New York","NY","10002","(212) 925-6110","Music","Manhattan Council District #1","Manhattan Community Board #1","Manhattan",,,,,,
"Chinese Theatre Works, Inc.","3718 Northern Blvd","Long Island City","NY","11101","(718) 392-3493","Theater","Queens Council District #21","Queens Community Board #1","Queens","40.752096","-73.925887","17102","4003103","4002140040","QN0161"
"Chinese Writers Association of New York","189-23 46 Ave,","Flushing","NY","11358","(718) 888-2678","Multi-Discipline, Non-Perform","Queens Council District #20","Queens Community Board #11","Queens","40.753495","-73.791037","1459","4124857","4055310065","QN1101"
"Choral Chameleon, Inc.","157 Columbus Avenue, Fourth Floor","New York","NY","10023","(973) 220-8593","Music","Manhattan Council District #3","Manhattan Community Board #7","Manhattan","40.774318","-73.981038","15301","1028260","1011207501","MN0701"
"Chris S. Owens Foundation, Inc.","1275 East 51st Street","Brooklyn","NY","11234","(929) 855-2525","Film/Video/Audio","Brooklyn Council District #36","Brooklyn Community Board #3","Brooklyn","40.629688","-73.927003","728","3215627","3077770026","BK1801"
"Christ Church New Brighton","76 Franklin Avenue","Staten Island","NY","10301","(718) 727-6100",,,,"Staten Island","40.643587","-74.092301","81","5106503","5000660158","SI0101"
"Church Street School for Music and Art, Inc.","41 White Street","New York","NY","10013","(212) 571-7290","Multi-Discipline, Non-Perform","Manhattan Council District #1","Manhattan Community Board #1","Manhattan","40.718664","-74.004452","33","1001931","1001750019","MN0102"
"Cinema Conservancy, Inc.","225 W. 13th Street","New York, NY","NY","10011","(212) 989-1038","Film/Video/Audio","Manhattan Council District #3","Manhattan Community Board #2","Manhattan","40.738308","-74.001205","77","1011120","1006180052","MN0203"
"Cinema Tropical, Inc.","611 Broadway Suite 836","New York","NY","10012","(212) 254-5474","Film/Video/Audio","Manhattan Council District #1","Manhattan Community Board #2","Manhattan","40.7256","-73.996641","5501","1008240","1005230048","MN0202"
"Circle in the Square Theatre School, Inc.","1633 Broadway","New York","NY","10019","(212) 307-0388","Theater","Manhattan Council District #3","Manhattan Community Board #5","Manhattan","40.761574","-73.983962","131","1024812","1010220043","MN0502"
"Circuit Productions, Inc.","635 Carroll Street","Brooklyn","NY","11215","(718) 638-4878","Multi-Discipl, Perf & Non-Perf","Brooklyn Council District #39","Brooklyn Community Board #6","Brooklyn","40.674746","-73.980277","133","3020342","3009590074","BK0602"
"Circus Amok, Inc.","53 South 11th Street, #5A","Brooklyn","NY","11249","(718) 486-7432","Theater","Brooklyn Council District #33","Brooklyn Community Board #1","Brooklyn","40.707584","-73.966824","547","3392478","3021560124","BK0102"
"Circusense, Inc.","423 Atlantic Avenue","Brooklyn","NY","11217",,,,"Brooklyn Community Board #2","Brooklyn","40.686563","-73.983857","41","3000724","3001780054","BK0202"
"Citizens Against Recidivism, Inc.","137-58 Thurston St","Springfield Gardens","NY","11413","(347) 626-7233","Visual Arts","Queens Council District #27","Queens Community Board #12","Queens","40.673202","-73.76004","330","4534276","4130230042","QN1204"
"Citizen Schools, Inc.","79 Madison Avenue","New York","NY","10016","(646) 442-3873","Multi-Discipl, Perf & Non-Perf","Manhattan Council District #1","Manhattan Community Board #1","Manhattan","40.744096","-73.985619","74","1016900","1008580022","MN0501"
"Citizens Committee for New York City, Inc.","77 Water St.","New York","NY","10005","(212) 822-9590","Multi-Discipl, Perf & Non-Perf","Manhattan Council District #1","Manhattan Community Board #1","Manhattan","40.704275","-74.008681","7","1000863","1000330001","MN0101"
"CITYarts, Inc.","77 Bleecker Street","New York","NY","10012","(212) 966-0377","Visual Arts","Manhattan Council District #1","Manhattan Community Board #2","Manhattan","40.726634","-73.996042","5501","1084761","1005320020","MN0202"
"City Center for Music & Drama, Inc.","20 Lincoln Center","New York","NY","10023","(212) 870-4285","Multi-Discipline, Performing","Manhattan Council District #6","Manhattan Community Board #6","Manhattan","40.771414","-73.983201","149","1028831","1011340005","MN0701"
"City College Center for the Arts","129 Convent Ave","New York","NY","10031","(212) 650-5362","Multi-Discipl, Perf & Non-Perf","Manhattan Council District #9","Manhattan Community Board #9","Manhattan","40.817802","-73.951834","21703","1084075","1019570001","MN0902"
"City Grand Opera Society, Inc.","250 West 54th Street, Suite 807","New York","NY","10019","(212) 245-8837","Music","Manhattan Council District #4","Manhattan Community Board #8","Manhattan","40.764308","-73.983145","131","1024842","1010250054","MN0502"
"City Growers, Inc.","63 Flushing Ave","Brooklyn","NY","11205","(917) 742-9657","Botanical","Brooklyn Council District #33","Brooklyn Community Board #2","Brooklyn","40.69802","-73.974986","543","3335129","3020230001","BK0261"
"City Island Historical Society","190 Fordham Street","BRONX","NY","10464","(718) 885-0008","Museum","Bronx Council District #13","Bronx Community Board #10","Bronx","40.847655","-73.784647","51601","2082595","2056437501","BX1003"
"City Island Theater Group","116 City Island Avenue","New York","NY","10464","(718) 885-3190","Theater","Bronx Council District #13","Bronx Community Board #10","Bronx","40.841097","-73.784187","51601","2082432","2056400010","BX1003"
"City Lore, Inc.","56 E. First Street","New York","NY","10003","(212) 529-1955","Folk Arts","Manhattan Council District #1","Manhattan Community Board #2","Manhattan","40.723631","-73.989281","3602","1087561","1004430049","MN0303"
"City Parks Foundation","830 5th Ave","New York","NY","10065","(212) 360-1399","Multi-Discipline, Performing","Manhattan Council District #4","Manhattan Community Board #8","Manhattan","40.767711","-73.970516","143","1083811","1011110001","MN6491"
"Citywide Youth Opera, Inc.","321 East 43rd Street #906","New York","NY","10017","(646) 296-0344","Music","Manhattan Council District #4","Manhattan Community Board #6","Manhattan","40.750098","-73.970755","88","1038665","1013360010","MN0603"
"Civil Aid Services, Inc.","29 Bay 25th Street","Brooklyn","NY","11214","(212) 966-3253","Multi-Discipline, Performing","Brooklyn Council District #47","Brooklyn Community Board #11","Manhattan",,,,,,
"Civilians, Inc.","138 S. Oxford Street","Brooklyn","NY","11217","(212) 730-2019","Theater","Manhattan Council District #5","Brooklyn Community Board #2","Brooklyn","40.685073","-73.973221","179","3000000","3020040048","BK0203"
"Clarion Music Society, Inc.","PO BOX 259","New York","NY","10021","(212) 580-5700","Music","Manhattan Council District #4","Manhattan Community Board #8","Manhattan",,,,,,
"Classical Domain","218 East 18th Street","New York","NY","10003","(212) 366-6900","Music","Brooklyn Council District #33","Brooklyn Community Board #6","Brooklyn","40.645866","-73.962408","512","3117582","3051210018","BK1401"
"Classical Theatre of Harlem, Inc.","1850 Amsterdam Avenue","New York","NY","10031","(347) 688-6304","Theater","Manhattan Council District #9","Manhattan Community Board #9","Manhattan","40.829365","-73.944602","237","1062192","1020830033","MN0903"
"Classic Chamber Players","1133 Broadway","New York","NY","10010","(914) 762-8878","Music","Manhattan Council District #3","Manhattan Community Board #5","Manhattan","40.743523","-73.989073","58","1015625","1008270049","MN0501"
"Clemente Soto Velez Cultural and Educational Center, Inc.","107 Suffolk Street","New York","NY","10002","(212) 566-5600","Multi-Discipl, Perf & Non-Perf","Manhattan Council District #1","Manhattan Community Board #3","Manhattan","40.718943","-73.986122","1402","1004301","1003530054","MN0302"
"Climate Museum","630 Ninth Ave","New York","NY","10036","(212) 324-3512","Other","Manhattan Council District #4","Manhattan Community Board #4","Manhattan","40.760038","-73.991449","12101","1024982","1010350001","MN0402"
"Cliplight Theatre Company, Inc.","484 W 43 ST","New York","NY","10036","(917) 385-9090","Theater","Manhattan Council District #3","Manhattan Community Board #4","Manhattan","40.760205","-73.994777","12102","1083746","1010520001","MN0402"
"Clive Barnes Foundation Incorporated","241 West 23rd Street, 4A","New York","NY","10011","(212) 463-8955","Multi-Discipline, Performing","Manhattan Council District #3","Manhattan Community Board #4","Manhattan","40.744626","-73.996878","91","1014146","1007730022","MN0401"
"Clockwork Theatre, Inc.","410 West 42nd Street","New York","NY","10036","(631) 793-1946","Theater","Manhattan Council District #3","Manhattan Community Board #5","Manhattan","40.758652","-73.993185","115","1026330","1010510029","MN0402"
"Club A-Elita, Inc.","2740 Cropsey Ave, 13A","brooklyn","NY","11214","(347) 495-2669","Multi-Discipline, Performing","Brooklyn Council District #43","Brooklyn Community Board #13","Brooklyn","40.587446","-73.989184","31401","3321111","3069370048","BK1301"
"Clubbed Thumb, Inc.","440 Lafayette St","New York","NY","10003","(212) 228-0153","Theater","Manhattan Council District #2","Manhattan Community Board #6","Manhattan","40.729448","-73.991803","57","1088676","1005450026","MN0202"
"Clutch Productions, Inc.","19 Seaman Avenue","NEW YORK","NY","10034","(646) 481-2725","Theater","Manhattan Council District #10","Manhattan Community Board #12","Manhattan","40.866744","-73.927274","295","1064936","1022370012","MN1203"
"CO/LAB Theater Group","520 8th Ave., 3rd Floor","New York","NY","10018","(847) 529-7355","Theater","Brooklyn Council District #34","Manhattan Community Board #5","Manhattan","40.753612","-73.992417","109","1083624","1007860001","MN0502"
"Coalition for Hispanic Family Services","315 Wyckoff Avenue","Brooklyn","NY","11237","(718) 497-6090","Multi-Discipl, Perf & Non-Perf","Brooklyn Council District #37","Brooklyn Community Board #4","Brooklyn","40.700045","-73.911981","439","3076376","3033380001","BK0402"
"Coalition to Preserve Reggae Music, Inc.","1199 Ocean Avenue","New York","NY","11230","(718) 421-6927","Music","Brooklyn Council District #45","Brooklyn Community Board #14","Brooklyn","40.633332","-73.957818","766","3121393","3052410006","BK1401"
"Cocolart","555 West 186th Street, #4C","New York","NY","10033","(646) 225-0333","Visual Arts","Manhattan Council District #10","Manhattan Community Board #12","Manhattan","40.852009","-73.930587","269","1063801","1021570093","MN1202"
"CollaborationTown, A Theatre Company, Inc.","529 Fifth Street, #1R","Brooklyn","NY","11215","(646) 369-4592","Theater","Brooklyn Council District #39","Brooklyn Community Board #6","Manhattan",,,,,,
"Collaborative Urban Sculpture, Inc.","62 Washington Ave. #1","Brooklyn","NY","11205","(917) 418-3516","Visual Arts","Brooklyn Council District #33","Brooklyn Community Board #2","Brooklyn","40.69688","-73.967587","211","3054139","3018747502","BK0203"
"Collapsable Giraffe, Inc.","155 Bank St","New York","NY","10014","(917) 821-4451","Theater","Brooklyn Council District #34","Manhattan Community Board #2","Manhattan","40.736095","-74.009205","79","1012047","1006390001","MN0203"
"Collected Objects, Inc.","100 Newel Street, #2R","Brooklyn","NY","11222","(917) 715-8601","Multi-Discipline, Performing","Brooklyn Council District #33","Brooklyn Community Board #1","Brooklyn","40.725764","-73.947914","571","3066295","3026510049","BK0101"
"Collective Unconscious","P.O. Box 2026","New York","NY","10013","(212) 920-4161","Multi-Discipline, Performing","Manhattan Council District #1","Manhattan Community Board #1","Manhattan",,,,,,
"College and Community Fellowship, Inc.","475 RIVERSIDE DRIVE","New York","NY","10115","(646) 462-2207","Multi-Discipline, Performing","Manhattan Council District #7","Manhattan Community Board #9","Manhattan","40.811101","-73.964168","205","1059835","1019910001","MN0901"
"College Art Association of America, Inc.","50 Broadway, 21st Fl.","New York","NY","10004","(212) 691-1051","Visual Arts","Manhattan Council District #1","Manhattan Community Board #1","Manhattan","40.706449","-74.012761","9","1000813","1000220024","MN0101"
"Colombian Film Festival","575 Main St","New York","NY","10044","(347) 617-2821","Film/Video/Audio","Manhattan Council District #5","Manhattan Community Board #8","Manhattan","40.76253","-73.949423","23803","1084704","1013737505","MN0801"
"Colonial Dames of America/Mount Vernon Hotel Museum & Garden","421 E 61st St","New York","NY","10022","(212) 838-6878","Museum","Manhattan Council District #5","Manhattan Community Board #8","Manhattan","40.760473","-73.960123","10602","1045284","1014560012","MN0801"
"Colonial Farmhouse Restoration Society of Bellerose, Inc.","7350 Little Neck Pkwy","Floral Park","NY","11004","(718) 347-3276","Museum","Queens Council District #23","Queens Community Board #13","Queens","40.748171","-73.719381","1567","4572707","4084010001","QN1302"
"Colt Coeur Theater Company, Inc.","20 Jay Street","Brooklyn","NY","11201","(646) 489-7380","Theater","Brooklyn Council District #33","Brooklyn Community Board #2","Brooklyn","40.704313","-73.986587","21","3000010","3000190001","BK0202"
"Community Center of the Rockaway Peninsula, Inc.","257 Beach 17th Street","Far Rockaway","NY","11691","(718) 868-2300","Music","Queens Council District #31","Queens Community Board #14","Queens","40.596751","-73.751147","101004","4454258","4156340094","QN1401"
"Community Film Workshop Council","525 West 125th Street","New York","NY","10027","(212) 531-3786","Film/Video/Audio","Manhattan Council District #7","Manhattan Community Board #9","Manhattan","40.813876","-73.956685","219","1059694","1019820014","MN0902"
"Community New Horizons of New York, Inc.","341 Wadsworth Avenue, Suite B","New York","NY","10040","(212) 543-0682","Visual Arts","Manhattan Council District #10","Manhattan Community Board #12","Manhattan","40.855572","-73.930757","279","1064021","1021690001","MN1202"
"Community-Word Project, Inc.","11 Broadway, Suite 508","New York","NY","10004","(212) 962-3820","Multi-Discipl, Perf & Non-Perf","Manhattan Council District #1","Manhattan Community Board #1","Manhattan","40.705354","-74.013731","13","1000044","1000130005","MN0101"
"Community Works, Inc.","55 West End Avenuee","New York","NY","10023","(212) 459-1854","Multi-Discipl, Perf & Non-Perf","Manhattan Council District #6","Manhattan Community Board #7","Manhattan",,,,,,
"Complexions - A Concept in Dance","37 West 39th Street","New York","NY","10018","(212) 777-7771","Dance",,"Manhattan Community Board #1","Manhattan","40.752138","-73.983578","84","1016040","1008410018","MN0502"
"Complicated, Incorporated","1072 Lorimer St. #3l","Brooklyn","NY","11222","(612) 227-8013","New Media","Brooklyn Council District #33","Brooklyn Community Board #1","Brooklyn","40.727372","-73.953851","561","3065314","3025960008","BK0101"
"Composers Collaborative, Inc.","210 Riverside Drive, Apt. 11G","New York","NY","10025","(212) 663-1967","Music","Manhattan Council District #6","Manhattan Community Board #7","Manhattan","40.79423","-73.976518","179","1034130","1012520034","MN0702"
"Composers Concordance, Inc.","1510 York Ave","new york","NY","10075","(212) 663-8826","Music","Manhattan Council District #5","Manhattan Community Board #8","Manhattan","40.771967","-73.950004","13602","1050773","1015760049","MN0803"
"Composers Now, Inc.","33 W 60th Street","New York","NY","10023",,,,"Manhattan Community Board #7","Manhattan","40.769493","-73.983451","145","1084277","1011130008","MN0701"
"Concert Artists Guild, Inc.","224 W. 35th St","New York","NY","10001","(212) 333-5200","Music","Manhattan Council District #3","Manhattan Community Board #5","Manhattan","40.752034","-73.991053","109","1014414","1007840060","MN0502"
"Concerts in Motion, Inc.","P.O. Box 231097","New York","NY","10023","(212) 498-9868","Music","Manhattan Council District #3","Manhattan Community Board #7","Manhattan",,,,,,
"Concerts in the Heights","251 Seaman Avenue","New York","NY","10034","(212) 543-0475","Music","Manhattan Council District #7","Manhattan Community Board #12","Manhattan","40.871766","-73.918157","307","1065036","1022430366","MN1203"
"Concourse House Housing Development Fund Company, Inc.","2751 Grand Concourse","Bronx","NY","10468","(718) 584-4400",,,"Bronx Community Board #7","Bronx","40.868185","-73.89278","40303","2017431","2033150001","BX0702"
"Concrete Temple Theatre","211 E 14th St","NEW YORK","NY","10003","(212) 598-9135","Theater","Manhattan Council District #2","Manhattan Community Board #6","Manhattan","40.733092","-73.986678","48","1019503","1008960010","MN0602"
"Coney Island, USA","1208 Surf Avenue","Brooklyn","NY","11224","(718) 372-5159","Multi-Discipl, Perf & Non-Perf","Brooklyn Council District #47","Brooklyn Community Board #13","Brooklyn","40.575535","-73.979978","352","3245137","3086940018","BK1302"
"Coney Island Generation Gap Reunion Committee, Corp","2904 Neptune Avenue","Brooklyn","NY","11224","(718) 975-0447","Film/Video/Audio","Brooklyn Council District #47","Brooklyn Community Board #13","Brooklyn","40.577733","-73.995997","328","3188862","3070100010","BK1302"
"Coney Island History Project, Inc.","c/o Deno's Wonder Wheel Park","Brooklyn","NY","11224","(718) 265-2100","Multi-Discipline, Non-Perform","Brooklyn Council District #47","Brooklyn Community Board #13","Brooklyn","40.574034","-73.979194","352","3347224","3086960145","BK1302"
"Coney Island Youth Alive Inc.","2953 West 33rd street","New York","NY","11224","(718) 372-0361","Multi-Discipline, Performing","Brooklyn Council District #47","Brooklyn Community Board #13","Brooklyn","40.573651","-73.99932","342","3321766","3070480015","BK1302"
"Conference House Association, Inc.","298 Satterlee Street","Staten Island","NY","10307","(718) 984-0415","Museum","Staten Island Council Dist #51","Staten Island Community Board #3","Staten Island","40.502357","-74.25144","24402","5126463","5078570001","SI0305"
"Congress for Jewish Culture, Inc.","306 W 18th St","New York City","NY","10011","(212) 505-8040","Multi-Discipl, Perf & Non-Perf","Manhattan Council District #2","Manhattan Community Board #5","Manhattan","40.742477","-74.001256","83","1013082","1007410039","MN0401"
"Conrad Poppenhusen Association","114-04 14th Road","College Point","NY","11356","(718) 358-0067","Multi-Discipl, Perf & Non-Perf","Queens Council District #19","Queens Community Board #7","Queens","40.78462","-73.853042","929","4098136","4040670001","QN0701"
"Conscientious Musical Revues","166 Regis Dr;","Staten Island","NY","10314","(800) 624-8474","Music","Staten Island Council Dist #49","Staten Island Community Board #1","Staten Island","40.620017","-74.160461","30301","5032568","5016550067","SI0107"
"Construction Company Theater/Dance Associates, Inc.","10 East 18th Street, #3","New York","NY","10003","(212) 924-7882","Dance","Manhattan Council District #2","Manhattan Community Board #5","Manhattan","40.738225","-73.991163","52","1080748","1008467502","MN0501"
"Contemporaneous Inc.","617 Warren Street","Brooklyn","NY","11217","(205) 914-9663","Music","Manhattan Council District #6","Brooklyn Community Board #6","Brooklyn","40.68088","-73.979557","12901","3018682","3009340069","BK0602"
"Contemporary Art for America, Inc.","330 West 15th Street, Suite 5D","New York","NY","10011","(212) 645-2895","Museum","Manhattan Council District #3","Manhattan Community Board #4","Manhattan","40.740866","-74.003046","83","1013028","1007380057","MN0401"
"Contemporary Ballet Theatre, Inc","861 Manida St.","Bronx","NY","10474","(718) 623-0933","Multi-Discipline, Performing","Bronx Council District #17","Bronx Community Board #2","Bronx","40.817831","-73.889834","9301","2005985","2027400082","BX0201"
"Continuum Culture & Arts, Inc.","292 Lefferts Ave.","Brooklyn","NY","11225","(917) 828-4951",,,"Brooklyn Community Board #9","Brooklyn","40.662284","-73.951809","800","3035354","3013290030","BK0902"
"Continuum Project, Inc.","148 Hancock Street","New York","NY","11216","(718) 791-9088","Theater","Brooklyn Council District #36","Brooklyn Community Board #3","Brooklyn","40.682592","-73.949462","249","3052653","3018380001","BK0301"
"Converging Arts Media Organization","57 Stanton Street","New York","NY","10002","(212) 995-5290","Visual Arts","Manhattan Council District #1","Manhattan Community Board #3","Manhattan","40.721976","-73.990259","3601","1077627","1004210060","MN0302"
"Cool Culture","80 Hanson Place","Brooklyn","NY","11217","(718) 230-4186","Multi-Discipline, Non-Perform","Brooklyn Council District #35","Brooklyn Community Board #2","Brooklyn","40.685488","-73.974421","35","3057479","3020030034","BK0203"
"Coopdanza, Inc.","202 W 107th St","New York","NY","10025","(929) 296-2862","Multi-Discipline, Performing","Queens Council District #21","Manhattan Community Board #7","Manhattan","40.801215","-73.965481","195","1056641","1018780036","MN0703"
"Cooperative Culture Collective","117 S. Oxford Street","Brooklyn","NY","11217","(718) 638-7624","Other","Brooklyn Council District #35","Brooklyn Community Board #2","Brooklyn","40.686058","-73.973397","181","3059376","3021180048","BK0203"
"Cooper-Hewitt, National Design Museum","2 East 91st Street","New York","NY","10128","(212) 849-8373","Museum","Manhattan Council District #5","Manhattan Community Board #8","Manhattan","40.784607","-73.957866","15002","1046980","1015020001","MN0802"
"Cora Incorporated","177 Dwight Street","Brooklyn","NY","11231","(732) 267-1859","Dance","Brooklyn Council District #38","Brooklyn Community Board #6","Brooklyn","40.673764","-74.011702","5301","3396331","3006000102","BK0601"
"CorbinDances, Inc.","196 West 134th Street","New York","NY","10030","(646) 734-6338","Dance","Manhattan Council District #9","Manhattan Community Board #10","Manhattan","40.814518","-73.943939","226","1086206","1019180059","MN1002"
"Corona Youth Music Project, Inc.","40-32 99th Street","New York","NY","11368","(646) 330-7562","Music","Manhattan Council District #6","Queens Community Board #3","Queens","40.748858","-73.866214","40901","4437174","4016070001","QN0402"
"Council For Living Music, Inc.","322 West 48th Street, 3rd Floor","New York","NY","10036","(212) 245-4802","Music","Manhattan Council District #3","Manhattan Community Board #4","Manhattan","40.761511","-73.988167","127","1025108","1010380043","MN0402"
"Council of Literary Magazines and Presses","90 Broad Street","New York","NY","10004","(212) 741-9110","Literature","Manhattan Council District #3","Manhattan Community Board #1","Manhattan","40.703954","-74.011592","9","1000025","1000100016","MN0101"
"Council of Peoples Organization","1077 Coney Island Avenue","Brooklyn","NY","11230","(718) 434-3266","Music","Brooklyn Council District #45","Brooklyn Community Board #14","Brooklyn","40.631136","-73.966459","528","3178918","3066860079","BK1402"
"Council on the Arts and Humanities for Staten Island","25 Hyatt Street, Suite 200","Staten Island","NY","10301","(718) 447-3329","Multi-Discipline, Non-Perform","Staten Island Council Dist #49","Staten Island Community Board #1","Staten Island","40.641894","-74.077223","3","5110428","5000080099","SI0101"
"Council on the Arts and Humanities for Staten Island - Regrant","25 Hyatt Street, Suite 200","Staten Island","NY","10301","(718) 447-3329","Multi-Discipline, Non-Perform",,"Staten Island Community Board #1","Staten Island","40.641894","-74.077223","3","5110428","5000080099","SI0101"
"Covenant Ballet Theatre of Brooklyn, Inc.","251 Avenue U","Brooklyn","NY","11223","(718) 891-6199","Dance","Brooklyn Council District #48","Brooklyn Community Board #11","Brooklyn","40.59682","-73.974747","400","3191385","3071020046","BK1103"
"Coyote REP Theatre Company","360 W 28th St","New York","NY","10001","(917) 584-8796","Theater","Manhattan Council District #3","Manhattan Community Board #4","Manhattan","40.749482","-73.998354","97","1013462","1007517501","MN0401"
"Create in Chinatown, Inc","1 Pike St","New York","NY","10002","(212) 563-0392",,,"Manhattan Community Board #3","Manhattan","40.714288","-73.992796","6","1003612","1002830094","MN0301"
"Creative Alternatives of New York, Inc.","225 West 99th Street","New York","NY","10025","(212) 222-1969","Theater","Manhattan Council District #8","Manhattan Community Board #7","Manhattan","40.796267","-73.969586","187","1084035","1018710029","MN0703"
"Creative Ammo, Inc.","18 East 41st Street Suite 1806","New York","NY","10017","(212) 807-1337","Theater","Manhattan Council District #4","Manhattan Community Board #4","Manhattan","40.752417","-73.980448","82","1035324","1012750061","MN0502"
"Creative Arts Team","101 West 31st Street, 6th Floor","New York","NY","10001","(212) 652-2830","Theater","Manhattan Council District #3","Manhattan Community Board #5","Manhattan","40.748084","-73.989588","101","1015182","1008070039","MN0501"
"Creative Arts Workshops for Kids","100 W. 33rd Street","New York","NY","10001","(646) 424-0392","Multi-Discipline, Non-Perform","Manhattan Council District #8","Manhattan Community Board #5","Manhattan","40.7493","-73.988675","101","1015190","1008080040","MN0501"
"Creative Capital Foundation","15 Maiden Lane","New York","NY","10038","(212) 598-9900","Visual Arts","Manhattan Council District #1","Manhattan Community Board #1","Manhattan","40.709482","-74.009356","1502","1001097","1000650007","MN0101"
"Creative Minds NYC, Inc.","35 West 35th St Suite #701","New York","NY","10001","(212) 742-8091","Multi-Discipl, Perf & Non-Perf","Manhattan Council District #3","Manhattan Community Board #5","Manhattan","40.749679","-73.985426","84","1015890","1008370020","MN0502"
"Creative Netwerk","25-18 43rd Street","Astoria","NY","11103","(646) 761-5269","Dance","Manhattan Council District #1","Queens Community Board #1","Queens","40.766447","-73.909612","143","4012189","4007010050","QN0104"
"Creative Time, Inc.","59 E 4th St","New York","NY","10003","(212) 206-6674","Multi-Discipline, Non-Perform","Manhattan Council District #2","Manhattan Community Board #3","Manhattan","40.726785","-73.990807","38","1082642","1004600056","MN0303"
"Cross Performance, Inc.","140 Second Avenue","New York","NY","10003","(212) 260-7426","Multi-Discipl, Perf & Non-Perf","Manhattan Council District #2","Manhattan Community Board #3","Brooklyn","40.67108","-73.994668","11902",,,"BK0601"
"Crown Heights Jewish Community Council","375 Kingston Avenue","Brooklyn","NY","11213","(347) 432-3777","Visual Arts","Brooklyn Council District #35","Brooklyn Community Board #9","Brooklyn","40.666153","-73.942485","333","3330806","3012930001","BK0901"
"Crown Heights North Association Inc.","986 Sterling Place","New York","NY","11213","(718) 756-8386","Architecture/Design","Brooklyn Council District #36","Brooklyn Community Board #8","Brooklyn","40.672292","-73.946027","339","3031993","3012490026","BK0802"
"Crown Heights Youth Collective","133 Rogers Avenue","Brooklyn","NY","11225","(718) 756-7600",,"Brooklyn Council District #36","Brooklyn Community Board #8","Brooklyn","40.673022","-73.952976","31701","3031485","3012400004","BK0802"
"CSC Repertory, Ltd.","136 East 13th Street","New York","NY","10003","(212) 677-4210","Theater","Manhattan Council District #2","Manhattan Community Board #3","Manhattan","40.732821","-73.988212","42","1009015","1005580024","MN0303"
"CSI Foundation","2800 Victory Boulevard,","Staten Island","NY","10314","(718) 982-2359","Multi-Discipline, Performing","Staten Island Council Dist #50","Staten Island Community Brd #2","Staten Island","40.608853","-74.153335","27301","5170676","5020400001","SI0204"
"Cuala Foundation, Inc.","513 E 13th St","New York","NY","10009","(212) 260-2302","Multi-Discipl, Perf & Non-Perf","Manhattan Council District #2","Manhattan Community Board #3","Manhattan","40.729391","-73.98004","34","1005262","1004070054","MN0303"
"Cuban Artists Fund","41 Union Square West","New York","NY","10003","(212) 812-4200","Multi-Discipl, Perf & Non-Perf","Manhattan Council District #2","Manhattan Community Board #5","Manhattan","40.736976","-73.990452","52","1016089","1008440026","MN0501"
"Cubraiti, Inc.","41 Union Square West","New York","NY","10003","(212) 987-4363","Multi-Discipl, Perf & Non-Perf","Manhattan Council District #2","Manhattan Community Board #3","Manhattan","40.736976","-73.990452","52","1016089","1008440026","MN0501"
"CUE Art Foundation","137 West 25th Street","New York","NY","10001","(212) 206-3583","Visual Arts","Manhattan Council District #3","Manhattan Community Board #4","Manhattan","40.744681","-73.99302","91","1068241","1008017501","MN0401"
"Cultural and Educational Foundation INC","2000 84th Street Apt. 203","Brooklyn","NY","11214","(856) 503-9190","Music","Brooklyn Council District #46","Brooklyn Community Board #11","Brooklyn","40.605562","-73.996719","288","3165376","3063340006","BK1101"
"Cultural Center for Soviet Refugees, Inc.","139 East 33rd Street, Suite 9M","New York","NY","10016","(212) 686-0199","Literature","Manhattan Council District #2","Manhattan Community Board #6","Manhattan","40.745838","-73.980436","72","1018492","1008890015","MN0603"
"Cultural Collaborative Jamaica, Inc.","90-73 198 Street. 1fl","Jamaica","NY","11432","(718) 526-3217","Multi-Discipl, Perf & Non-Perf","Queens Council District #27","Queens Community Board #12","Queens","40.714156","-73.761148","484","4222891","4104810050","QN1206"
"Cultural Museum Of African Art - The Eric Edwards Collection","1360 Fulton Street","Kings","NY","11216","(347) 295-3775","Museum","Brooklyn Council District #33","Brooklyn Community Board #3","Brooklyn","40.680186","-73.94593","247","3329709","3018620001","BK0301"
"Culture For One, Inc.","380 Lexington Avenue","New York","NY","10168","(914) 319-5261","Multi-Discipl, Perf & Non-Perf","Manhattan Council District #4","Manhattan Community Board #4","Manhattan","40.751036","-73.97636","80","1036152","1012960014","MN0603"
"Culturehub, Inc.","47 Great Jones St","New York","NY","10012","(347) 633-2055","New Media","Manhattan Council District #1","Manhattan Community Board #2","Manhattan","40.726739","-73.992528","5502","1008483","1005307503","MN0202"
"Culture Lab LIC Inc.","5-25 46th Ave","Long Island City","NY","11101","(347) 612-0913",,,"Queens Community Board #2","Queens","40.747269","-73.954682","103","4000035","4000260021","QN0201"
"CultureNOW, Inc.","37-24 24th Street","LONG ISLAND CITY","NY","11101","(212) 604-0900","Multi-Discipline, Non-Perform","Manhattan Council District #3","Queens Community Board #1","Queens","40.757018","-73.935833","3302","4439111","4003660001","QN0105"
"Culture Project, Inc.","49 Bleecker Street","New York","NY","10012","(212) 925-1806","Multi-Discipl, Perf & Non-Perf","Manhattan Council District #1","Manhattan Community Board #2","Manhattan","40.725825","-73.994357","5502","1008451","1005290062","MN0202"
"Culture Push, Inc.","241 E. 7th Street","New York","NY","10009","(917) 306-6363","Multi-Discipl, Perf & Non-Perf","Manhattan Council District #2","Manhattan Community Board #3","Manhattan","40.723836","-73.978253","2602","1004524","1003770067","MN0303"
"Cumbe: Center for African and Diaspora Dance, Inc.","1368 Fulton St","New York City","NY","11216","(718) 935-9700","Dance","Brooklyn Council District #36","Brooklyn Community Board #3","Brooklyn","40.680175","-73.945717","247","3053786","3018620014","BK0301"
"Cunningham Dance Foundation, Inc.","55 Bethune Street","New York","NY","10014","(212) 255-8240","Dance","Manhattan Council District #3","Manhattan Community Board #2","Manhattan","40.736955","-74.008494","79","1012047","1006390001","MN0203"
"Curatorial Program for Research","1 Blue Slip","Brooklyn","NY","11222","(917) 826-9951",,,"Brooklyn Community Board #1","Brooklyn","40.736165","-73.959012","56302","3418101","3024727503","BK0101"
"Curiosity Cabinet, Inc.","522 Stratford Road","Brooklyn","NY","11218","(925) 285-3611","Music","Brooklyn Council District #40","Brooklyn Community Board #14","Brooklyn","40.635888","-73.967216","526","3119257","3051740034","BK1402"
"Curran Events Inc","21 First Avenue","New York","NY","10003","(212) 254-5018","Dance","Manhattan Council District #2","Manhattan Community Board #3","Manhattan","40.723527","-73.988257","3602","1006095","1004430035","MN0303"
"Custom Collaborative","253 West 35th Street","New York","NY","10001","(646) 596-8005","Architecture/Design","Manhattan Council District #9","Manhattan Community Board #5","Manhattan","40.752289","-73.991612","109","1014423","1007850011","MN0502"
"Cygnus Ensemble, Inc.","400 West 43rd Street, Apt. 11G","New York","NY","10036","(914) 665-2254","Music","Manhattan Council District #3","Manhattan Community Board #4","Manhattan","40.759302","-73.992636","12102","1083745","1010520001","MN0402"
"CYPRECO of America, Inc.","21-02 28th Ave","Astoria","NY","11102","(718) 545-1151","Folk Arts","Queens Council District #22","Queens Community Board #1","Queens","40.771024","-73.926599","71","4006203","4005450028","QN0103"
"D.U.M.B.O. Arts Center, Inc.","111 Front Street, #212","Brooklyn","NY","11201","(718) 694-0831","Visual Arts","Brooklyn Council District #33","Brooklyn Community Board #2","Brooklyn","40.70251","-73.988975","21","3000088","3000380001","BK0202"
"Da Capo Chamber Players, Inc.","215 West 90th Street, #1G","New York","NY","10024","(212) 873-1065","Music","Manhattan Council District #6","Manhattan Community Board #7","Manhattan","40.790642","-73.974067","179","1033556","1012387501","MN0702"
"Dance 2000: The Felice Lesser Dance Theater Foundation, Inc.","484 West 43rd Street","New York","NY","10036","(212) 594-3388","Dance","Manhattan Council District #3","Manhattan Community Board #4","Manhattan","40.760205","-73.994777","12102","1083746","1010520001","MN0402"
"DanceBreak Foundation","350 West 42nd Street, Apt 39D","New York","NY","10036","(212) 315-1516","Dance","Manhattan Council District #3","Manhattan Community Board #4","Manhattan","40.757834","-73.99124","115","1087264","1010327501","MN0402"
"Dance Continuum, Inc.","348 W 57th St","New York","NY","10019","(212) 219-0005","Dance","Manhattan Council District #3","Manhattan Community Board #5","Manhattan","40.7673","-73.984282","139","1083734","1010477501","MN0402"
"Dance Entropy, Inc.","37-24 24th Street","Long Island City","NY","11101","(718) 956-3037","Dance","Queens Council District #26","Queens Community Board #2","Queens","40.757018","-73.935833","3302","4439111","4003660001","QN0105"
"Dance Films Association, Inc.","3 Lafayette Avenue","Brooklyn","NY","11217","(212) 727-0764","Multi-Discipl, Perf & Non-Perf","Manhattan Council District #3","Brooklyn Community Board #2","Brooklyn","40.686746","-73.97887","33","3059169","3021070001","BK0203"
"Dance Giant Steps, Inc.","137 Montague Street, Suite 303","Brooklyn","NY","11201","(713) 666-6395","Dance","Brooklyn Council District #33","Brooklyn Community Board #2","Brooklyn","40.694661","-73.993787","502","3001989","3002430019","BK0201"
"Dance Heginbotham, Inc.","601 E 19th Street","New York","NY","11226","(518) 210-1473","Dance","Brooklyn Council District #40","Brooklyn Community Board #14","Brooklyn","40.636195","-73.959592","518","3120576","3052190040","BK1402"
"Dance Iquail","Po Box 559","New York","NY","10030","(646) 457-7484","Dance","Manhattan Council District #9","Manhattan Community Board #9","Manhattan",,,,,,
"Dance Notation Bureau, Inc.","111 John Street","New York","NY","10038","(212) 571-7011","Dance","Manhattan Council District #1","Manhattan Community Board #1","Manhattan","40.707671","-74.005764","1502","1001167","1000750030","MN0101"
"Dancenow/NYC","93 4th Avenue","New York City","NY","10003","(917) 664-8065","Dance","Manhattan Council District #3","Manhattan Community Board #3","Manhattan","40.732058","-73.990186","42","1008976","1005560036","MN0303"
"Dance Parade, Inc.","455 FDR Drive, Suite B104","New York","NY","10002","(262) 880-1270","Dance","Manhattan Council District #6","Manhattan Community Board #3","Manhattan","40.712914","-73.977769","202","1083400","1002630008","MN0302"
"Dance Project of Washington Heights","350 Fort Washington Avenue","New York","NY","10033","(347) 871-7573","Dance","Manhattan Council District #10","Manhattan Community Board #12","Manhattan","40.84689","-73.939899","263","1063506","1021420175","MN1201"
"Dance Project Sequence, Inc.","37-18 Northern Blvd., #315","Long Island City","NY","11101","(212) 517-4177","Multi-Discipl, Perf & Non-Perf","Manhattan Council District #8","Manhattan Community Board #5","Queens","40.752096","-73.925887","17102","4003103","4002140040","QN0161"
"Dance Ring, Inc.","131 East 10 Street","New York","NY","10003","(212) 679-0401","Dance","Manhattan Council District #2","Manhattan Community Board #3","Manhattan","40.730471","-73.988432","4002","1006818","1004660026","MN0303"
"Dancers Unlimited","399 Dean St","Brooklyn","NY","11217","(808) 888-9858",,,"Brooklyn Community Board #6","Brooklyn","40.682694","-73.978046","12901","3389842","3009280067","BK0602"
"Dances and Drums of Africa","397 Bridge Street, 2nd Floor","Brooklyn","NY","11201","(718) 254-0670","Dance","Brooklyn Council District #33","Brooklyn Community Board #2","Brooklyn","40.691388","-73.985313","1502","3000286","3001450006","BK0202"
"Dance Service New York City, Inc.","218 E 18th St","New York","NY","10003","(212) 366-6900","Dance","Manhattan Council District #1","Manhattan Community Board #6","Manhattan","40.735518","-73.98474","48","1019574","1008980046","MN0602"
"Dances For A Variable Population","127 W 127th St","New York","NY","10027","(347) 683-2691","Dance","Manhattan Council District #9","Manhattan Community Board #9","Manhattan","40.809488","-73.945496","224","1057904","1019120012","MN1002"
"Dance Spotlight, Inc.","156 West 44th St.","New York","NY","10036","(212) 398-4200","Multi-Discipline, Non-Perform","Manhattan Council District #4","Manhattan Community Board #5","Manhattan","40.756746","-73.984634","119","1022622","1009960056","MN0502"
"Dance Theatre of Harlem, Inc.","466 West 152nd Street","New York","NY","10031","(212) 690-2800","Dance","Manhattan Council District #7","Manhattan Community Board #9","Manhattan","40.829329","-73.943644","23501","1061605","1020660059","MN0903"
"Dance to Unite, Inc.","222 W 14th St","New York","NY","10011","(917) 744-1080","Dance","Manhattan Council District #3","Manhattan Community Board #4","Manhattan","40.738915","-74.000559","77","1067572","1006187501","MN0203"
"Dancewave, Inc.","182 4th Avenue","Brooklyn","NY","11217","(718) 522-4696","Dance","Brooklyn Council District #39","Brooklyn Community Board #6","Brooklyn","40.678775","-73.982136","11901","3006806","3004200042","BK0601"
"DanceWorks, Inc.","3 Lafayette Avenue","Brooklyn","NY","11217","(212) 278-8111","Dance","Manhattan Council District #3","Brooklyn Community Board #2","Brooklyn","40.686746","-73.97887","33","3059169","3021070001","BK0203"
"Dancing Classrooms, Inc.","1350 Avenue of the Americas","New York","NY","10019","(212) 244-9442","Dance","Manhattan Council District #3","Manhattan Community Board #5","Manhattan","40.762731","-73.978341","104","1034815","1012700071","MN0502"
"Dancing Crane, Inc.","302 Kings Hwy 2nd Floor","Brooklyn","NY","11223","(914) 522-3888","Multi-Discipl, Perf & Non-Perf","Brooklyn Council District #47","Brooklyn Community Board #11","Brooklyn","40.605091","-73.979418","426","3176815","3066500022","BK1103"
"Dancing Dreams","23-91 Bell Blvd","Bayside","NY","11360","(718) 428-2600","Dance","Queens Council District #19","Queens Community Board #11","Queens","40.779916","-73.775333","99703","4132710","4059580052","QN0703"
"Dancing in the Streets, Inc.","2825 Third Avenue","New York City","NY","10455","(917) 902-9471","Dance","Manhattan Council District #3","Bronx Community Board #1","Bronx","40.815752","-73.918222","65","2000853","2023270064","BX0102"
"Daniel's Music Foundation","1595 Lexington Ave","New York","NY","10029","(212) 289-8912","Music","Manhattan Council District #8","Manhattan Community Board #11","Manhattan","40.789291","-73.94842","166","1085680","1016297502","MN1101"
"Danisar Productions, Inc.","One Union Square South","New York","NY","10003","(212) 842-2643","Multi-Discipline, Performing","Manhattan Council District #8","Manhattan Community Board #2","Manhattan",,,,,,
"Dansology, Inc.","515 East 6th Street, APT A1","New York","NY","10009","(212) 375-0186","Dance","Manhattan Council District #7","Manhattan Community Board #2","Manhattan","40.725234","-73.983372","32","1005112","1004020057","MN0303"
"Danspace Project, Inc.","131 East 10th Street","New York","NY","10003","(212) 674-8112","Dance","Manhattan Council District #2","Manhattan Community Board #3","Manhattan","40.730471","-73.988432","4002","1006818","1004660026","MN0303"
"Dare2Draw","23 West 73rd Street","New York","NY","10023","(917) 864-6242","Visual Arts","Manhattan Council District #6","Manhattan Community Board #7","Manhattan","40.777182","-73.976108","157","1028661","1011260014","MN0701"
"Dare to Revitalize Education thru Arts & Mediation","3418 Gates","Bronx","NY","10467","(718) 405-1312",,,"Bronx Community Board #7","Bronx",,,,,,
"DDJW INCORPORATED","511 West 151 Street","New York","NY","10031","(212) 694-0477","Dance","Manhattan Council District #9","Manhattan Community Board #7","Manhattan","40.829286","-73.94544","237","1062188","1020830026","MN0903"
"Death By Audio","49 South 2nd St","Brooklyn","NY","11221","(518) 321-4651","Music","Brooklyn Council District #33","Brooklyn Community Board #1","Brooklyn","40.714448","-73.965695","551","3062892","3024030041","BK0102"
"Decoda, Inc.","33 W. 60th St.","New York","NY","10023","(646) 902-1489","Music","Manhattan Council District #1","Manhattan Community Board #7","Manhattan","40.769493","-73.983451","145","1084277","1011130008","MN0701"
"Deconstructive Theatre Project, Inc.","1421 DeKalb Avenue","Brooklyn","NY","11237","(646) 833-8276","Multi-Discipline, Performing","Brooklyn Council District #37","Brooklyn Community Board #4","Manhattan",,,,,,
"Deep Dish T.V., Inc.","339 Lafayette Street","New York","NY","10012","(212) 473-8933","Film/Video/Audio","Manhattan Council District #1","Manhattan Community Board #2","Manhattan","40.726036","-73.994559","5502","1008452","1005290065","MN0202"
"Design Trust for Public Space, Inc.","40 Worth Street","New York","NY","10013","(212) 695-2432","Architecture/Design","Manhattan Council District #3","Manhattan Community Board #1","Manhattan","40.717453","-74.007103","33","1001622","1001487501","MN0102"
"Desipina Productions, Inc.","138 South Oxford Street","Brooklyn","NY","11217","(212) 564-8666","Theater","Brooklyn Council District #35","Brooklyn Community Board #2","Manhattan",,,,,,
"Dessoff Choirs, Inc.","225 W 99th St","New York","NY","10025","(212) 790-6646","Music","Manhattan Council District #4","Manhattan Community Board #7","Manhattan","40.796267","-73.969586","187","1084035","1018710029","MN0703"
"Developing Artists Theater Company","22 E 30th St","New York","NY","10016","(917) 512-7976","Multi-Discipline, Performing","Manhattan Council District #2","Manhattan Community Board #5","Manhattan","40.745419","-73.985229","74","1087726","1008597501","MN0501"
"DG Falu Foundation, Inc.","333 East 118th St.","New York","NY","10035","(646) 705-3266","Multi-Discipline, Non-Perform","Manhattan Council District #8","Manhattan Community Board #11","Manhattan","40.797936","-73.93592","188","1054711","1017950017","MN1102"
"Dharma Road Productions, Inc.","123 4th Ave, 2nd FL","New York","NY","10003","(212) 677-8621","Multi-Discipl, Perf & Non-Perf","Manhattan Council District #2","Manhattan Community Board #3","Manhattan","40.733114","-73.989944","42","1009008","1005580005","MN0303"
"Dia Center for the Arts","535 West 22nd Street","New York","NY","10011","(212) 293-5505","Visual Arts","Manhattan Council District #4","Manhattan Community Board #4","Manhattan","40.747495","-74.005756","9901","1012326","1006940014","MN0401"
"Dicapo Opera Theatre Corp.","184 East 76th Street","New York","NY","10021","(212) 288-9438","Music","Manhattan Council District #4","Manhattan Community Board #8","Manhattan","40.77255","-73.95925","128","1043153","1014100042","MN0802"
"Dieu Donne Paper Mill, Inc.","Brooklyn Navy Yard","Brooklyn","NY","11205","(212) 226-0573","Visual Arts","Manhattan Council District #3","Brooklyn Community Board #2","Brooklyn","40.702505","-73.972193","543","3335138","3020230001","BK0261"
"Digital Innovations Group, Inc.","174 Fifth Avenue, Suite 401","New York","NY","10010","(212) 353-0080",,,,"Manhattan","40.741041","-73.989961","58","1015562","1008240037","MN0501"
"Diller-Quaile School of Music, Inc.","24 E 95th St","New York","NY","10128","(212) 369-1484","Music","Manhattan Council District #4","Manhattan Community Board #8","Manhattan","40.786829","-73.955341","16001","1047407","1015060060","MN0802"
"Dinizulu Cultural Arts Institute, Inc.","171-32 Liberty Ave.","Jamaica","NY","11433","(917) 834-9900","Multi-Discipline, Performing","Queens Council District #27","Queens Community Board #12","Queens","40.703886","-73.786933","440","4217873","4102280015","QN1202"
"Diocese of the Armenian Church of America (Eastern)","630 Second Avenue","New York","NY","10016","(212) 686-0710","Multi-Discipl, Perf & Non-Perf","Manhattan Council District #2","Manhattan Community Board #6","Manhattan","40.745082","-73.975647","78","1081682","1009400001","MN0603"
"Direct Arts, Inc.","647 East 11th Street","New York","NY","10009","(917) 941-7926","Multi-Discipl, Perf & Non-Perf","Manhattan Council District #2","Manhattan Community Board #3","Manhattan","40.72672","-73.977678","28","1004914","1003940044","MN0303"
"Discalced, Inc.","3 Lafayette Avenue","Brooklyn","NY","11217","(718) 624-8400","Dance","Brooklyn Council District #35","Brooklyn Community Board #2","Brooklyn","40.686746","-73.97887","33","3059169","3021070001","BK0203"
"Discipleship Outreach Ministries, Inc","5220 4th Avenue","Brooklyn","NY","11220","(718) 360-8100","Music","Brooklyn Council District #38","Brooklyn Community Board #7","Brooklyn","40.645191","-74.013924","76","3013857","3008060046","BK0702"
"Divaria Productions Inc","63 Thompson Street Apt 4D","New York","NY","10012","(917) 250-2087","Music","Manhattan Council District #3","Manhattan Community Board #2","Manhattan","40.724211","-74.0032","47","1007366","1004890035","MN0201"
"DIVAS for Social Justice","131-02 229th Street","Laurelton","NY","11413","(718) 413-8031","Photography","Brooklyn Council District #36","Queens Community Board #13","Queens","40.679577","-73.739607","632","4278871","4129380078","QN1305"
"Diversity in Arts and Nations for Cultural Education, Inc.","1408 Commonwealth Ave","The Bronx","NY","10472","(646) 408-6007","Folk Arts","Bronx Council District #18","Bronx Community Board #9","Bronx","40.835002","-73.868994","76","2028161","2038970004","BX0901"
"Djoniba Dance and Drum Centre, Inc.","P.O. Box 1074","New York","NY","10276","(212) 254-9466","Dance","Manhattan Council District #2","Manhattan Community Board #2","Manhattan",,,,,,
"DMF Youth, Inc.","308 West 104th Street","New York","NY","10025","(714) 612-3440","Dance","Manhattan Council District #6","Manhattan Community Board #7","Manhattan","40.800453","-73.969823","191","1057200","1018900064","MN0703"
"Doing Art Together, Inc.","127 w 127th St","New York","NY","10027","(212) 245-8134","Visual Arts","Manhattan Council District #6","Manhattan Community Board #7","Manhattan","40.809488","-73.945496","224","1057904","1019120012","MN1002"
"DOME Project, Inc.","486 Amsterdam Ave","New York","NY","10023","(212) 724-1780","Multi-Discipl, Perf & Non-Perf","Manhattan Council District #7","Manhattan Community Board #9","Manhattan","40.786001","-73.976261","171","1032781","1012310032","MN0702"
"Dominican Collectives Dance Ensemble","4867 Broadway","New York","NY","10034","(929) 264-9172","Folk Arts","Manhattan Council District #10","Manhattan Community Board #12","Manhattan","40.866818","-73.923684","295","1064955","1022380023","MN1203"
"Dominican Sunday, Inc.","175 West 107th Street","New York","NY","10025","(212) 749-0781","Folk Arts","Manhattan Council District #8","Manhattan Community Board #7","Manhattan","40.800734","-73.964296","193","1055983","1018620001","MN0703"
"Door - A Center of Alternatives, Inc.","121 Avenue of the Americas","New York","NY","10013","(212) 941-9090",,,"Manhattan Community Board #2","Manhattan","40.723903","-74.00469","37","1083493","1004777501","MN0201"
"Dorian Woodwind Foundation, Inc.","251 Seaman Avenue","New York","NY","10034","(646) 387-7089","Music","Manhattan Council District #6","Manhattan Community Board #12","Manhattan","40.871766","-73.918157","307","1065036","1022430366","MN1203"
"Dorrance Dance Incorporated","520 8th Ave","New York","NY","10018","(212) 802-1432","Dance","Manhattan Council District #2","Manhattan Community Board #4","Manhattan","40.753612","-73.992417","109","1083624","1007860001","MN0502"
"Dorsky Gallery Curatorial Programs","11-03 45 Ave.","Long Island City","NY","11101","(718) 937-6317","Visual Arts","Queens Council District #26","Queens Community Board #2","Queens","40.747722","-73.94943","702","4000441","4000520020","QN0201"
"Double Decker Productions","484 W.43rd Street","New York","NY","10036","(646) 765-5292","Theater","Manhattan Council District #3","Manhattan Community Board #4","Manhattan","40.760205","-73.994777","12102","1083746","1010520001","MN0402"
"Double Entendre Music Ensemble, Inc.","45 Overlook Terrace","New York","NY","10033","(212) 740-2909","Music","Manhattan Council District #10","Manhattan Community Board #12","Manhattan","40.853536","-73.93638","273","1064400","1021800057","MN1202"
"Douglaston and Little Neck Historical Society","24 Knollwood Ave","Douglaston","NY","11363","(917) 690-1750","Humanities","Queens Council District #19","Queens Community Board #11","Queens","40.779962","-73.752332","1483","4168039","4080180015","QN1103"
"Dova, Inc.","224 W 35th St","New York","NY","10001","(212) 279-3344","Dance","Manhattan Council District #1","Manhattan Community Board #5","Manhattan","40.752034","-73.991053","109","1014414","1007840060","MN0502"
"Downtown Art Company, Inc.","70 East 4th Street","New York","NY","10003","(917) 587-6889","Theater","Manhattan Council District #2","Manhattan Community Board #3","Manhattan","40.726563","-73.990331","38","1077966","1004590021","MN0303"
"Downtown Brooklyn Arts Alliance, Inc.","300 Cadman Plz W","Brooklyn","NY","11201","(917) 765-9576","Other","Brooklyn Council District #39","Brooklyn Community Board #2","Brooklyn","40.695198","-73.990869","502","3001937","3002390001","BK0201"
"Downtown Brooklyn Partnership","84 E 7 St. #4","NY","NY","10003","(718) 403-1641","Multi-Discipline, Performing","Brooklyn Council District #33","Brooklyn Community Board #2","Brooklyn","40.650945","-73.974737","50401",,,"BK0701"
"Downtown Community Television Center","87 Lafayette St","New York","NY","10013","(212) 966-4510","Film/Video/Audio","Manhattan Council District #1","Manhattan Community Board #1","Manhattan","40.717324","-74.00154","31","1002355","1001970001","MN0102"
"Down Town Glee Club, Inc.","P.O.Box 1494 Bowling Green Station","New York","NY","10274","(718) 257-3531","Music","Manhattan Council District #1","Manhattan Community Board #1","Manhattan",,,,,,
"Downtown Music Productions, Inc.","310 East 12th Street","New York","NY","10003","(212) 477-1594","Music","Manhattan Council District #2","Manhattan Community Board #1","Manhattan","40.730789","-73.985391","4001","1082513","1004530011","MN0303"
"Drag Queen Story Hour NYC Ltd.","1700 York Avenue","New York City","NY","10128","(917) 974-8617","Multi-Discipline, Performing","Brooklyn Council District #35","Manhattan Community Board #8","Manhattan","40.777998","-73.945598","152","1051368","1015860001","MN0803"
"Drama Club Inc","121 Ave of the Americas","New York","NY","10013","(917) 617-0502","Theater","Queens Council District #26","Manhattan Community Board #2","Manhattan","40.723903","-74.00469","37","1083493","1004777501","MN0201"
"Drama Dept. Incorporated","9 Desbrosses Street, 2nd floor","New York","NY","10013","(212) 633-9108","Theater","Manhattan Council District #1","Manhattan Community Board #1","Manhattan","40.723343","-74.008698","39","1002856","1002227503","MN0102"
"Drama League of New York, Inc.","32 Avenue of the Americas","New York","NY","10013","(212) 244-9494","Theater","Manhattan Council District #3","Manhattan Community Board #1","Manhattan","40.72008","-74.005184","33","1002192","1001920001","MN0102"
"Dramatic Question Theatre","3216 Fillmore Avenue","New York","NY","11234","(212) 685-2400","Theater","Manhattan Council District #4","Brooklyn Community Board #18","Brooklyn","40.609632","-73.935852","636","3239922","3084990038","BK1802"
"Dramatists Guild Fund","520 8th Ave","New York","NY","10018","(212) 391-8384",,,"Manhattan Community Board #4","Manhattan","40.753612","-73.992417","109","1083624","1007860001","MN0502"
"Drammeh Institute, Inc.","140 De Kruif Place","Bronx","NY","10475","(718) 737-1976","Multi-Discipl, Perf & Non-Perf","Bronx Council District #11","Bronx Community Board #10","Bronx","40.875431","-73.82912","46206","2095389","2051410120","BX1004"
"Drawing Center, Inc.","35 Wooster Street","New York","NY","10013","(212) 219-2166","Museum","Manhattan Council District #1","Manhattan Community Board #2","Manhattan","40.722268","-74.002753","47","1007088","1004757502","MN0201"
"DREAMMAKER DREAMDOER DREAMSUPPORTER","100 Jay Street","Brooklyn","NY","11201","(917) 750-6284","Film/Video/Audio","Brooklyn Council District #33","Brooklyn Community Board #2","Brooklyn","40.70184","-73.986739","21","3391186","3000537501","BK0202"
"DreamYard Project, Inc.","1085 Washington Avenue","Bronx","NY","10456","(718) 588-8007","Multi-Discipl, Perf & Non-Perf","Bronx Council District #17","Bronx Community Board #3","Bronx","40.828266","-73.909025","18501","2115806","2023870032","BX0301"
"Drilling Company Theatrical Productions","107 W 82nd Street","New York","NY","10024","(917) 330-4234","Theater","Manhattan Council District #6","Manhattan Community Board #7","Manhattan","40.78414","-73.9746","169","1081465","1012137504","MN0702"
"Drumsongs Productions","P.O. Box 340716","Jamaica","NY","11434","(212) 366-6900","Multi-Discipl, Perf & Non-Perf","Queens Council District #28","Queens Community Board #12","Queens",,,,,,
"DUMBO District Management Association, Inc.","20 Jay St Suite 510","Brooklyn","NY","11201","(718) 237-8700","Architecture/Design","Brooklyn Council District #33","Brooklyn Community Board #2","Brooklyn","40.704313","-73.986587","21","3000010","3000190001","BK0202"
"Dusan Tynek Dance Theatre Foundation, Inc.","415 9th Street, #54","Brooklyn","NY","11215","(718) 249-7708","Dance","Brooklyn Council District #39","Brooklyn Community Board #6","Brooklyn","40.667344","-73.982503","153","3022183","3010060055","BK0602"
"Dwana Smallwood Performing Arts Center, Inc.","857 Lexington Avenue","Brooklyn","NY","11221","(646) 489-3517","Dance","Brooklyn Council District #41","Brooklyn Community Board #3","Brooklyn","40.690515","-73.926349","387","3251314","3016230067","BK0302"
"Dyckman Farmhouse Museum Alliance","4881 Broadway","New York","NY","10034","(212) 304-9422","Museum","Manhattan Council District #10","Manhattan Community Board #12","Manhattan","40.867125","-73.92283","295","1075616","1022410035","MN1203"
"Dynamic Forms, Inc.","107 Suffolk Street, Studio Theater 310","New York","NY","10002","(212) 375-9214","Dance","Manhattan Council District #1","Manhattan Community Board #3","Manhattan","40.718943","-73.986122","1402","1004301","1003530054","MN0302"
"Early Music Foundation, Inc.","10 W 68th St","New York","NY","10023","(212) 749-6600","Music","Manhattan Council District #6","Manhattan Community Board #7","Manhattan","40.773809","-73.978211","15301","1028244","1011200033","MN0701"
"EarSay, Inc.","3940 44th St","Sunnyside","NY","11104","(718) 791-4324","Multi-Discipl, Perf & Non-Perf","Queens Council District #26","Queens Community Board #2","Queens","40.748897","-73.919459","183","4002339","4001820092","QN0202"
"Earth Celebrations, Inc.","638 E 6th St","New York","NY","10009","(347) 752-0854","Multi-Discipl, Perf & Non-Perf","Manhattan Council District #1","Manhattan Community Board #3","Manhattan","40.723745","-73.979872","2601","1004655","1003870128","MN0303"
"East Flatbush Village, Inc.","1011 Utica Avenue","Brooklyn","NY","11203","(718) 826-0807","Multi-Discipl, Perf & Non-Perf","Brooklyn Council District #45","Brooklyn Community Board #17","Brooklyn","40.648505","-73.930024","862","3103788","3047220040","BK1703"
"East Harlem Arts & Education Local Development Corporation","1 East 104th Street","New York","NY","10029","(212) 427-2244","Multi-Discipline, Non-Perform","Manhattan Council District #8","Manhattan Community Board #11","Manhattan","40.792888","-73.951826","168","1051499","1016100001","MN1101"
"East New York 4 Gardens Inc","485 Fountain Ave","New York","NY","11208","(347) 546-8575","Humanities","Brooklyn Council District #42","Brooklyn Community Board #5","Brooklyn","40.66818","-73.872926","1210","3337041","3042920061","BK0505"
"East New York United Concerned Citizens, Inc.","457 New Lots Avenue, Rear Suite","Brooklyn","NY","11207","(347) 240-3049","Multi-Discipline, Performing","Brooklyn Council District #42","Brooklyn Community Board #5",,,,,,,
"East River Ensemble, Inc.","58 Grand Street","Brooklyn","NY","11249","(718) 387-5179","Theater","Brooklyn Council District #33","Brooklyn Community Board #1","Manhattan","40.722265","-74.003503","47","1007056","1004750001","MN0201"
"East Winds, Inc.","55 Park Terrace East","New York","NY","10034","(646) 418-8808","Music","Manhattan Council District #7","Manhattan Community Board #12","Manhattan","40.870401","-73.916644","307","1065004","1022430210","MN1203"
"Ecuadorian American Cultural Center, Inc.","36-32 34th St","Long Island City","NY","11106","(646) 229-5867","Multi-Discipline, Performing","Queens Council District #26","Queens Community Board #1","Queens","40.754798","-73.927902","55","4007963","4006020048","QN0105"
"Eden II School for Autistic Children","Eden II Programs","Staten Island","NY","10304","(732) 829-8893","Theater","Staten Island Council Dist #51","Staten Island Community Brd #1","Staten Island",,,,,,
"Edge School of the Arts Dance Legacy","147-36 94th Avenue","Jamaica","NY","11435","(347) 321-5873","Multi-Discipline, Performing","Queens Council District #27","Queens Community Board #12","Queens","40.699257","-73.806271","208","4608253","4099997501","QN1201"
"Edge Theater Company, Inc.","880 Third Avenue, 16th floor","New York","NY","10022","(212) 350-7244","Theater","Manhattan Council District #4","Manhattan Community Board #6","Manhattan","40.75791","-73.969254","100","1036473","1013080033","MN0604"
"Educational Alliance, Inc.","197 E Broadway","New York","NY","10002","(212) 780-2300","Visual Arts","Manhattan Council District #1","Manhattan Community Board #3","Manhattan","40.714211","-73.988302","6","1003704","1002850029","MN0301"
"Educational Theater of New York, Inc.","228 E 45th St","New York","NY","10017","(646) 733-7685","Theater","Manhattan Council District #4","Manhattan Community Board #6","Manhattan","40.752355","-73.972266","90","1037578","1013180033","MN0604"
"Educational Video Center, Inc.","16 Clarkson St","New York","NY","10014","(212) 465-9366","Film/Video/Audio","Manhattan Council District #3","Manhattan Community Board #2","Manhattan","40.729412","-74.006242","67","1009757","1005810054","MN0203"
"Education Through Music, Inc.","122 East 42nd Street","New York","NY","10168","(212) 972-4788","Music","Manhattan Council District #4","Manhattan Community Board #5","Manhattan","40.751601","-73.97645","80","1036152","1012960014","MN0603"
"Egbe Omo Yoruba New York, NY","173 Hagaman Place","STATEN ISLAND","NY","10302","(718) 556-3926","Other","Staten Island Council Dist #49","Staten Island Community Brd #1","Staten Island","40.626767","-74.141564","247","5025156","5010610027","SI0106"
"Egg & Spoon Theatre Collective, Inc.","520 8th Avenue","New York","NY","10018","(845) 803-4927","Theater","Manhattan Council District #9","Manhattan Community Board #5","Manhattan","40.753612","-73.992417","109","1083624","1007860001","MN0502"
"Either/Or, Inc.","c/o Lancaster","New York","NY","10025","(646) 331-5895","Music","Manhattan Council District #4","Manhattan Community Board #6","Manhattan",,,,,,
"Ekmeles, Inc.","69 Bennett Avenue","New York","NY","10033","(207) 653-9856","Music","Manhattan Council District #10","Manhattan Community Board #12","Manhattan","40.852657","-73.935542","271","1064427","1021807501","MN1202"
"Elaine Kaufman Cultural Center/Lucy Moses School for Music and Dance","129 West 67th Street","New York","NY","10023","(212) 501-3313","Music","Manhattan Council District #6","Manhattan Community Board #7","Manhattan","40.774919","-73.982745","15302","1081024","1011390008","MN0701"
"Elastic City Performing Arts, Inc.","50 Lefferts Ave #3b","Brooklyn","NY","11225","(347) 829-7779","Multi-Discipline, Performing","Brooklyn Council District #40","Brooklyn Community Board #9","Brooklyn","40.661812","-73.959371","79801","3035242","3013270013","BK0902"
"Elder Craftsmen, Inc.","307 Seventh Avenue, Suite 1401","New York","NY","10001","(212) 319-8128","Visual Arts","Manhattan Council District #3","Manhattan Community Board #5","Manhattan","40.746869","-73.993616","95","1015061","1008030004","MN0501"
"Electric Lit, Inc.","147 Prince St","Brooklyn","NY","11201","(610) 999-3779","Literature","Manhattan Council District #2","Manhattan Community Board #5","Brooklyn","40.692648","-73.982532","1502","3058261","3020620006","BK0202"
"Electronic Arts Intermix","264 Canal St","New York","NY","10013","(212) 337-0680","Film/Video/Audio","Manhattan Council District #1","Manhattan Community Board #1","Manhattan","40.718752","-74.000996","31","1002345","1001960015","MN0102"
"Electronic Music Foundation, Inc.","150 West End Ave Ste 20k","New York","NY","10023","(518) 434-4110","Music","Manhattan Council District #3","Manhattan Community Board #4","Manhattan","40.776706","-73.986727","15501","1070703","1011587503","MN0701"
"Elevator Repair Service Theater, Inc.","47 Great Jones Street","New York","NY","10012","(718) 783-1905","Theater","Brooklyn Council District #35","Manhattan Community Board #2","Manhattan","40.726739","-73.992528","5502","1008483","1005307503","MN0202"
"El Grito Inc","4600 9th Ave Apt 209","New York","NY","11220","(917) 995-6558","Other","Brooklyn Council District #38","Brooklyn Community Board #7","Brooklyn","40.641947","-73.999272","9402","3012122","3007600036","BK1201"
"Elite Learners, Inc.","45 Belmont Avenue","Brooklyn","NY","11212","(347) 742-7913","Dance","Brooklyn Council District #41","Brooklyn Community Board #16","Brooklyn","40.668676","-73.908753","906","3081090","3035230030","BK1602"
"Elizabeth Foundation for the Arts","323 W 39th St","New York","NY","10018","(212) 563-5855","Visual Arts","Manhattan Council District #3","Manhattan Community Board #4","Manhattan","40.755707","-73.992045","115","1013682","1007637502","MN0402"
"Ellen Beckerman & Company, Inc.","64 Fulton Street, Ste. 403","New York","NY","10038","(212) 346-0020","Theater","Manhattan Council District #1","Manhattan Community Board #1","Manhattan","40.708769","-74.005136","1502","1001176","1000760001","MN0101"
"Elmcor Youth & Adult Activities, Inc.","33-16  108th Street","Corona","NY","11368","(718) 651-0096","Music","Queens Council District #21","Queens Community Board #3","Queens","40.757429","-73.860938","381","4042761","4017220012","QN0303"
"El Mundo del Flamenco NY Center for Flamenco","Dance New Amsterdam","New York","NY","10007","(917) 667-2695","Dance","Manhattan Council District #1","Manhattan Community Board #1","Manhattan",,,,,,
"El Puente De Williamsburg, Inc.","211 S 4th St","Brooklyn","NY","11211","(718) 387-0404","Multi-Discipl, Perf & Non-Perf","Brooklyn Council District #34","Brooklyn Community Board #1","Brooklyn","40.710686","-73.959655","523","3063295","3024330001","BK0102"
"Emerald Isle Immigration Center","59-26 Woodside Ave","Woodside","NY","11377","(718) 478-5502","Multi-Discipline, Non-Perform","Queens Council District #26","Queens Community Board #1","Queens","40.745293","-73.905216","249","4031221","4013310054","QN0203"
"Emerge 125, Inc.","8 W. 126th St.","New York","NY","10027","(212) 868-4488","Dance","Manhattan Council District #3","Manhattan Community Board #10","Manhattan","40.80734","-73.942384","200","1089797","1017230031","MN1001"
"Emerging Artists Theatre Company","475 West 57th Street","New York","NY","10019","(212) 967-8240","Theater","Manhattan Council District #3","Manhattan Community Board #4","Manhattan","40.768738","-73.987639","139","1026878","1010677501","MN0402"
"Emit Theatre, Inc.","856 Washington Avenue","Brooklyn","NY","11238","(917) 719-6766","Theater","Queens Council District #22","Brooklyn Community Board #8","Brooklyn","40.672485","-73.962743","215","3029639","3011797501","BK0801"
"Emmanuel Baptist Church in Brooklyn","279 Lafayette Avenue","Brooklyn","NY","11238","(718) 622-1107","Music","Brooklyn Council District #35","Brooklyn Community Board #2","Brooklyn","40.688279","-73.965287","197","3055373","3019320042","BK0204"
"empowerment zone","180 Parkhill Ave","Staten Island","NY","10304","(718) 448-0010",,,"Staten Island Community Board #1","Staten Island","40.614572","-74.082129","4003","5109256","5029220265","SI0103"
"Encompass Theatre Company, Inc.","138 Oxford Street","New York","NY","11217","(718) 398-4675","Music",,"Manhattan Community Board #2","Manhattan",,,,,,
"Endangered Language Alliance","3 W 18th St","New York","NY","10011","(646) 225-6613","Folk Arts","Manhattan Council District #2","Manhattan Community Board #5","Manhattan","40.738736","-73.992321","54","1015450","1008200036","MN0501"
"En Foco, Inc.","15 Canal Pl.","Bronx","NY","10451","(718) 931-9311","Photography","Bronx Council District #13","Bronx Community Board #11","Bronx","40.813409","-73.927427","51","2089845","2023400040","BX0101"
"En Garde Arts, Inc.","80 Hanson Pl.","Brooklyn","NY","11217","(323) 528-6434","Theater","Manhattan Council District #3","Brooklyn Community Board #2","Brooklyn","40.685488","-73.974421","35","3057479","3020030034","BK0203"
"English-Speaking Union of the U.S.","144 East 39th Street","New York","NY","10016","(212) 818-1200","Multi-Discipl, Perf & Non-Perf","Manhattan Council District #4","Queens Community Board #6","Manhattan","40.749351","-73.976999","80","1019152","1008940056","MN0603"
"Enrichment Through the Arts, Inc.","11 Borman Avenue","Staten Island","NY","10314","(718) 982-5678","Theater","Staten Island Council Dist #50","Staten Island Community Brd #2","Staten Island","40.592473","-74.154176","27301","5127458","5020030082","SI0204"
"Ensemble 212, Inc.","301 W 45th St","New York","NY","10036","(646) 266-9632","Music","Manhattan Council District #3","Manhattan Community Board #4","Manhattan","40.759351","-73.988814","12101","1025011","1010360029","MN0402"
"Ensemble for the Romantic Century","24 E. 82nd St","New York","NY","10028","(212) 288-8020","Multi-Discipl, Perf & Non-Perf","Manhattan Council District #4","Manhattan Community Board #8","Bronx",,,,,,
"Ensemble Ipse Inc","671A Quincy Street","Brooklyn","NY","11221","(203) 606-1949","Music","Brooklyn Council District #35","Brooklyn Community Board #3","Brooklyn","40.689137","-73.931799","291","3341935","3016260169","BK0302"
"ENSEMBLE MISE-EN, Inc.","45 Saint Nicholas Avenue","New York","NY","10026","(217) 721-8936","Music","Manhattan Council District #1","Manhattan Community Board #10","Manhattan","40.800206","-73.952489","216","1054981","1018220015","MN1001"
"Ensemble Studio Theatre, Inc.","545 West 52nd Street, 2nd Floor","New York","NY","10019","(212) 247-4982","Theater","Manhattan Council District #3","Manhattan Community Board #4","Manhattan","40.766658","-73.99257","13501","1083290","1010810080","MN0402"
"Entertainers For Education Alliance, Inc.","1360 Fulton Street","New York","NY","11216","(718) 385-3133","Music","Brooklyn Council District #41","Brooklyn Community Board #3","Brooklyn","40.680186","-73.94593","247","3329709","3018620001","BK0301"
"EPIC Players Inc","138 South Oxford Street","Brooklyn","NY","11217","(347) 687-7610","Theater","Manhattan Council District #6","Brooklyn Community Board #2","Brooklyn","40.685073","-73.973221","179","3000000","3020040048","BK0203"
"Epic Theatre Center, Inc.","31-01 Vernon Blvd","Astoria","NY","11106","(212) 239-1770","Theater","Manhattan Council District #6","Queens Community Board #1","Queens","40.769448","-73.935298","81","4005452","4005030005","QN0102"
"Epiphany Magazine, Inc.","71 Bedford St.","New York","NY","10014","(646) 221-8834","Literature","Manhattan Council District #3","Manhattan Community Board #2","Manhattan","40.731298","-74.00481","67","1009833","1005840033","MN0203"
"Epiphany Theater Company, Inc.","154 Christopher Street - Suite 2B","New York","NY","10014","(646) 638-0252","Theater","Manhattan Council District #3","Manhattan Community Board #2","Manhattan",,,,,,
"Episcopal Actors' Guild of America, Inc.","1 East 29th Street","New York","NY","10016","(212) 685-2927","Multi-Discipl, Perf & Non-Perf","Manhattan Council District #4","Manhattan Community Board #5","Manhattan","40.745208","-73.9866","74","1016925","1008590005","MN0501"
"Equus Projects, Inc.","121 West 17th Street","New York","NY","10011","(212) 924-1336","Dance","Manhattan Council District #3","Manhattan Community Board #4","Manhattan","40.739675","-73.996384","81","1014653","1007930022","MN0401"
"Errol Grimes Dance Group","50 Taaffe Place","Brooklyn","NY","11205","(718) 596-0560","Dance","Brooklyn Council District #35","Brooklyn Community Board #2","Brooklyn","40.697358","-73.960854","191","3334522","3018810047","BK0204"
"Erwin C. and Isabelle Ziegelman Foundation","318 West 52nd Street","New York","NY","10019","(925) 209-3229","Dance","Manhattan Council District #4","Manhattan Community Board #4","Manhattan","40.763847","-73.985936","133","1000000","1010427503","MN0402"
"Eryc Taylor Dance, Inc.","450 West 42nd Street","New York","NY","10036","(917) 701-7477",,,"Manhattan Community Board #4","Manhattan","40.759184","-73.994448","115","1088437","1010517502","MN0402"
"Esopus Foundation, Ltd.","41 Schermerhorn Street, #143","New York","NY","11201","(212) 473-0919","Multi-Discipl, Perf & Non-Perf","Manhattan Council District #1","Manhattan Community Board #2","Brooklyn","40.691131","-73.992218","9","3002599","3002680001","BK0201"
"Esperanza del Barrio, Inc.","2290 Second Avenue","New York","NY","10035","(212) 289-9025","Multi-Discipline, Non-Perform","Manhattan Council District #8","Manhattan Community Board #11","Manhattan","40.798014","-73.937025","188","1052994","1016890052","MN1102"
"ESS COMMUNITY PROJECTS INC","70 Eckford","Brooklyn","NY","11222","(347) 464-6929","Visual Arts","Brooklyn Council District #33","Brooklyn Community Board #1","Brooklyn",,,,,,
"Essence Theatre-Studio, Inc.","1183 Sheepshead Bay Rd","Brooklyn","NY","11235","(917) 375-4766","Theater","Brooklyn Council District #48","Brooklyn Community Board #15","Brooklyn","40.591254","-73.957304","588","3202902","3074140021","BK1501"
"Ethel's Foundation for the Arts","420 W. 47 St.","New York","NY","10036","(914) 841-7405","Music","Manhattan Council District #4","Manhattan Community Board #4","Manhattan","40.761954","-73.991156","127","1075635","1010560042","MN0402"
"Ether Sea Projects, Inc.","925 Bergen Street","Brooklyn","NY","11238","(718) 288-5530","Literature","Brooklyn Council District #35","Brooklyn Community Board #8","Brooklyn","40.676979","-73.956557","305","3330648","3011420060","BK0802"
"Eugenio Maria de Hostos Community College Foundation, Inc.","450 Grand Concourse","Bronx","NY","10451","(718) 518-4300","Multi-Discipline, Performing","Bronx Council District #17","Bronx Community Board #1","Bronx","40.817315","-73.927859","51","2090411","2023430014","BX0101"
"Eva Dean Dance Company, Inc.","725 Union Street, Ste. B","Brooklyn","NY","11215","(718) 857-8368","Dance","Brooklyn Council District #33","Brooklyn Community Board #6","Brooklyn","40.676667","-73.981102","131","3019712","3009527504","BK0602"
"Evangelical Lutheran Church of the Advent","2504 Broadway","New York","NY","10025","(212) 665-2504","Music","Manhattan Council District #6","Manhattan Community Board #7","Manhattan","40.792848","-73.973084","179","1033646","1012410020","MN0702"
"Every Voice Choirs","465 West 143rd Street","New York","NY","10031","(347) 419-2178","Music","Manhattan Council District #7","Manhattan Community Board #9","Manhattan","40.823657","-73.947855","227","1061274","1020590006","MN0903"
"Evidence, Inc.","1368 Fulton Street","Brooklyn","NY","11216","(718) 230-4633","Dance","Brooklyn Council District #35","Brooklyn Community Board #2","Brooklyn","40.680175","-73.945717","247","3053786","3018620014","BK0301"
"Ex.Pgirl, Inc.","259 Bleecker Street","New York","NY","10014","(212) 647-0202","Multi-Discipline, Performing","Manhattan Council District #3","Manhattan Community Board #2","Manhattan","40.731227","-74.002988","67","1010129","1005900002","MN0203"
"Experiential Orchestra, Inc","375 Riverside Drive Apt. 10E","New York","NY","10025","(646) 320-5583",,,"Manhattan Community Board #9","Manhattan","40.80449","-73.967867","195","1057313","1018930035","MN0703"
"Experimental Theater Project","59-61 E. 4th St","New York","NY","10003","(617) 797-1981","Theater","Manhattan Council District #2","Manhattan Community Board #3","Manhattan","40.726785","-73.990807","38","1082642","1004600056","MN0303"
"Experiments in Opera","205 23rd Street","Brooklyn","NY","11232","(917) 576-1314","Multi-Discipline, Performing","Brooklyn Council District #38","Brooklyn Community Board #7","Brooklyn","40.660971","-73.995801","145","3323842","3006460062","BK0702"
"Exploring the Arts","232 East 11th Street","New York","NY","10003","(718) 706-5020","Multi-Discipl, Perf & Non-Perf","Manhattan Council District #4","Manhattan Community Board #3","Manhattan","40.730817","-73.987433","4002","1006817","1004660025","MN0303"
"Extreme Kids and Crew, Inc.","71 Sullivan Street","Brooklyn","NY","11231","(347) 410-6050","Multi-Discipl, Perf & Non-Perf","Brooklyn Council District #38","Brooklyn Community Board #6","Brooklyn","40.677343","-74.011558","5301","3008585","3005660001","BK0601"
"Eyebeam Atelier, Inc.","596 Broadway","New York City","NY","10012","(347) 378-9163","New Media",,"Manhattan Community Board #2","Manhattan","40.725004","-73.997121","43","1007944","1005110012","MN0201"
"eyeBLINK","350 West 43rd St. Apt. 32G","New York","NY","10036","(646) 489-5322","Theater","Manhattan Council District #3","Manhattan Community Board #5","Manhattan","40.758509","-73.990745","12101","1024938","1010330109","MN0402"
"FACE Foundation","972 5th Avenue","New York","NY","10075","(212) 439-1449",,,"Manhattan Community Board #8","Manhattan","40.776553","-73.964042","142","1041896","1013930072","MN0802"
"Failte Care Corporation","1040 Jackson Avenue","Long Island City","NY","11101","(718) 482-0909","Folk Arts","Queens Council District #26","Queens Community Board #2","Queens","40.742199","-73.953274","701","4436600","4000400016","QN0201"
"Falconworks Artists Group","135 Richards St","Brooklyn","NY","11231","(718) 395-3218","Theater","Brooklyn Council District #38","Brooklyn Community Board #6","Brooklyn","40.677201","-74.010351","85","3323704","3005570001","BK0601"
"FAN4Kids","538 Clinton Avenue, Unit 1","BROOKLYN","NY","11238","(516) 567-5205","Other","Brooklyn Council District #35","Brooklyn Community Board #2","Brooklyn","40.68228","-73.966667","199","3057548","3020100057","BK0204"
"Fantastic Experimental Latino Theater, Inc.","107 Suffolk Street","New York","NY","10002","(212) 228-3705","Theater","Manhattan Council District #1","Manhattan Community Board #3","Manhattan","40.718943","-73.986122","1402","1004301","1003530054","MN0302"
"Fashion Center District Management Association, Inc.","209 West 38th Street, 2nd Fl.","New York","NY","10018","(212) 764-9600","Multi-Discipl, Perf & Non-Perf","Manhattan Council District #3","Manhattan Community Board #5","Manhattan","40.753769","-73.98937","113","1014480","1007880037","MN0502"
"Fault Line Theatre, Inc.","412 West 42nd Street","New York","NY","10036","(646) 801-1085","Theater","Manhattan Council District #3","Manhattan Community Board #5","Manhattan","40.758682","-73.993254","115","1026330","1010510029","MN0402"
"FCBC Community Development Corporation","205 W. 119th Street","New York","NY","10026","(212) 678-7030","Theater","Manhattan Council District #9","Manhattan Community Board #10","Manhattan","40.805289","-73.951406","220","1088701","1019250025","MN1001"
"Feath3r Theory, Inc.","440 Prospect Avenue, #2F","Brooklyn","NY","11215","(347) 407-1012","Theater","Brooklyn Council District #39","Brooklyn Community Board #7","Brooklyn","40.659708","-73.983222","169","3016564","3008700012","BK0701"
"Federation Employment & Guidance Service, Inc.","315 Hudson Street","New York","NY","10013","(212) 366-8032","Theater","Manhattan Council District #3","Manhattan Community Board #2","Manhattan","40.72631","-74.00749","37","1010362","1005970012","MN0201"
"Federation of Italian American Organizations of Brooklyn, LTD.","8711 18th Avenue, Brooklyn, NY 11214","Brooklyn","NY","11214","(718) 259-2828","Other","Brooklyn Council District #47","Brooklyn Community Board #11","Brooklyn","40.605142","-74.004851","278","3166588","3063690001","BK1101"
"Feed Your Mind Music","147 Prince Street","New York","NY","11201","(347) 796-1113","Music","Brooklyn Council District #40","Brooklyn Community Board #9","Brooklyn","40.692648","-73.982532","1502","3058261","3020620006","BK0202"
"Feminist Press, Inc.","365 Fifth Avenue","New York","NY","10016","(212) 817-7929","Literature","Manhattan Council District #3","Manhattan Community Board #5","Manhattan","40.748822","-73.984268","74","1017097","1008647502","MN0501"
"Festival of Cinema, Inc.","90-60 Union TPKE #8A","Glendale","NY","11385","(929) 278-5432","Film/Video/Audio","Manhattan Council District #2","Queens Community Board #6","Queens","40.706636","-73.855129","639","4094962","4038800097","QN0503"
"Festival of New Trumpet Music, Inc.","P.O. Box 1654","New York","NY","10276","(718) 496-5132","Music","Manhattan Council District #8","Manhattan Community Board #7","Manhattan",,,,,,
"Festival of North American Orchestras, Inc.","470 Park Avenue South","New York","NY","10016","(212) 683-6060","Music","Manhattan Council District #2","Manhattan Community Board #5","Manhattan","40.745492","-73.982515","74","1080788","1008610044","MN0501"
"FGP NYC INC","1717 Gates Avenue","Ridgewood","NY","11385","(615) 202-1686","Multi-Discipline, Performing","Queens Council District #30","Queens Community Board #5","Queens","40.702426","-73.909287","547","4082480","4034520042","QN0502"
"Fiasco Theater LTD","181 Ashland Pl","Brooklyn","NY","11217","(646) 845-9073","Theater","Manhattan Council District #3","Brooklyn Community Board #2","Brooklyn","40.689372","-73.978549","33","3058660","3020960025","BK0203"
"Fiction, Inc.","94 Bowery","NYC","NY","10013","(212) 966-3659","Literature","Manhattan Council District #1","Manhattan Community Board #2","Manhattan","40.717563","-73.995292","41","1003135","1002390036","MN0201"
"Figment Project, Inc.","111 East 14th Street #369","New York","NY","10003","(212) 333-2203","Multi-Discipl, Perf & Non-Perf","Manhattan Council District #1","Manhattan Community Board #2","Manhattan","40.734245","-73.989428","50","1083247","1008707501","MN0602"
"Figure Skating in Harlem","361 W 125th St","New York City","NY","10027","(646) 698-3440","Other","Manhattan Council District #7","Manhattan Community Board #9","Manhattan","40.810952","-73.953005","20901","1059308","1019520009","MN0901"
"Fiji Theatre Company","47 Great Jones Street,","New York","NY","10012","(212) 529-1557","Theater","Manhattan Council District #1","Manhattan Community Board #2","Manhattan","40.726739","-73.992528","5502","1008483","1005307503","MN0202"
"Film Biz Recycling","540 President Street","Brooklyn","NY","11215","(347) 384-2336","Multi-Discipline, Non-Perform","Brooklyn Council District #39","Brooklyn Community Board #6","Brooklyn","40.677354","-73.984973","11901","3424497","3004480013","BK0601"
"Film Fleadh Foundation","4023 Ave T","Brooklyn","NY","11234","(917) 373-6735","Multi-Discipl, Perf & Non-Perf","Brooklyn Council District #33","Brooklyn Community Board #2","Brooklyn","40.610128","-73.926427","662","3241195","3085260001","BK1802"
"Film Forum, Inc.","209 West Houston Street","New York","NY","10014","(212) 627-2035","Film/Video/Audio","Manhattan Council District #3","Manhattan Community Board #2","Manhattan","40.728493","-74.00425","37","1008118","1005207503","MN0201"
"Film Society of Lincoln Center","70 Lincoln Center Plaza","New York","NY","10023","(212) 875-5618","Film/Video/Audio","Manhattan Council District #6","Manhattan Community Board #7","Manhattan","40.773997","-73.984479","149","1077844","1011377501","MN0701"
"Filomen M. D'Agostino Greenberg Music School","2130 Broadway","New York","NY","10023","(315) 203-8130","Music","Manhattan Council District #6","Manhattan Community Board #7","Manhattan","40.780737","-73.981379","163","1030727","1011660035","MN0702"
"Finland Center Foundation","47 Fifth Avenue","New York","NY","10003","(646) 704-8000","Music","Manhattan Council District #2","Manhattan Community Board #2","Manhattan","40.73435","-73.994808","61","1009274","1005690004","MN0202"
"Finnish Cultural Institute in New York","68 Jay Street, Suite 235","Brooklyn","NY","11201","(250) 818-4353","Architecture/Design","Manhattan Council District #1","Brooklyn Community Board #2","Brooklyn","40.702763","-73.986681","21","3000090","3000400001","BK0202"
"Fiorello H LaGuardia Community College Auxiliary Enterprises Corporation","3110 Thomson Ave.","Long Island City","NY","11101","(718) 482-5151","Multi-Discipline, Performing","Queens Council District #26","Queens Community Board #2","Queens","40.744902","-73.935022","17902","4003534","4002780001","QN0202"
"Firelight Media, Inc.","72 Hamilton Terrace","New York","NY","10031","(212) 234-1324","Film/Video/Audio","Manhattan Council District #7","Manhattan Community Board #9","Manhattan","40.823248","-73.946186","227","1061017","1020500163","MN0903"
"First Baptist Church of Crown Heights, Inc.","450 Eastern Parkway","Brooklyn","NY","11225","(718) 778-1200","Music","Brooklyn Council District #35","Brooklyn Community Board #9","Brooklyn","40.670028","-73.953728","323","3032891","3012670027","BK0901"
"First Look Institute","114 Fifth Avenue","New York","NY","10011","(917) 648-7986","Film/Video/Audio","Manhattan Council District #3","Manhattan Community Board #5","Manhattan","40.737696","-73.992397","54","1015394","1008180051","MN0501"
"Fist and Heel Performance Group, Inc.","476 Dean Street","Brooklyn","NY","11217","(718) 636-9509","Dance","Brooklyn Council District #35","Brooklyn Community Board #2","Brooklyn","40.681612","-73.974791","12902","3027795","3011350021","BK0602"
"Five Boroughs Music Festival, Inc.","1706 8th Ave.","Brooklyn","NY","11215","(646) 504-0545","Music","Manhattan Council District #2","Brooklyn Community Board #6","Brooklyn","40.659447","-73.984649","14902","3016839","3008750040","BK0701"
"Five Myles, Inc.","558 St. Johns Place","Brooklyn","NY","11238","(718) 783-4438","Visual Arts","Brooklyn Council District #35","Brooklyn Community Board #8","Brooklyn","40.672899","-73.959682","217","3029584","3011780024","BK0802"
"FJC","520 Eighth Avenue","New York","NY","10018","(212) 714-0001",,,,"Manhattan","40.753612","-73.992417","109","1083624","1007860001","MN0502"
"Flamenco Latino, Inc.","8412 35th Avenue Apt 1E","Jackson Hts","NY","11372","(347) 771-2440","Multi-Discipline, Performing","Manhattan Council District #3","Manhattan Community Board #5","Manhattan",,,,,,
"FLAMENCO NYC INC","344 West 38th Street","New York","NY","10018","(212) 426-7363","Dance","Manhattan Council District #3","Manhattan Community Board #4","Manhattan","40.755259","-73.992954","111","1013628","1007610059","MN0401"
"Flanbwayan Haitian Literacy Project","3116 Clarendon Rd","Brooklyn","NY","11226","(718) 774-3037","Dance","Brooklyn Council District #40","Brooklyn Community Board #14","Brooklyn","40.643313","-73.947542","830","3337664","3049480007","BK1702"
"Flea Theater, Inc.","20 Thomas Street","NEW YORK","NY","10007","(212) 226-0051","Multi-Discipline, Performing","Manhattan Council District #1","Manhattan Community Board #1","Manhattan","40.716095","-74.005736","33","1001654","1001510022","MN0102"
"Flex Program","1303 Saint Johns Place, sdance studio 1h378 Throop Avenue","New York","NY","11221","(917) 476-5497","Dance","Brooklyn Council District #41","Brooklyn Community Board #8","Brooklyn","40.670821","-73.93513","35301","3036776","3013770048","BK0802"
"Flight Path Dance Foundation, Inc.","531 E 20th St","New York","NY","10010","(646) 243-9938","Dance","Manhattan Council District #4","Manhattan Community Board #6","Manhattan","40.733439","-73.976427","60","1083696","1009780001","MN0601"
"Fluid Motion Theater & Film, Inc.","109 West 27th Street Suite 9A","New York","NY","10001","(917) 459-8181","Theater","Manhattan Council District #3","Manhattan Community Board #5","Manhattan","40.745735","-73.991689","95","1015070","1008030029","MN0501"
"Flushing Council on Culture and the Arts","137-35 Northern Boulevard","Flushing","NY","11354","(718) 463-7700","Multi-Discipl, Perf & Non-Perf","Queens Council District #20","Queens Community Board #7","Queens","40.763478","-73.829992","869","4112147","4049600001","QN0707"
"Flux Factory","39-31 29TH STREET","LONG ISLAND CITY","NY","11101","(718) 707-3362","Visual Arts","Queens Council District #26","Queens Community Board #1","Queens","40.753067","-73.934877","31","4436784","4003990007","QN0105"
"Flux Theatre Ensemble, Inc.","6776 Booth Street, 5A","Forest Hills","NY","11375","(860) 306-8241","Theater","Queens Council District #29","Queens Community Board #6","Queens","40.724783","-73.851965","71305","4075055","4031670028","QN0602"
"Fly-by-Night Dance Theater, Inc.","248 West 21st Street","New York","NY","10011","(970) 819-0330",,,"Manhattan Community Board #4","Manhattan","40.74349","-73.998206","87","1014053","1007700066","MN0401"
"Flying Carpet Theater, Inc.","43-38 47th Street #A35","Sunnyside","NY","11104","(917) 721-7567","Theater","Queens Council District #26","Queens Community Board #2","Queens","40.74413","-73.91756","25301","4448556","4001410027","QN0202"
"Flying Fig Theater, Inc.","161 Sixth Avenue, 14th Floor","New York","NY","10013","(212) 691-6969","Theater",,"Manhattan Community Board #2","Manhattan","40.725644","-74.003987","37","1007822","1005050031","MN0201"
"Focal Point Press, Ltd.","321 City Island Avenue","Bronx","NY","10464","(718) 885-1403","Visual Arts","Bronx Council District #12","Bronx Community Board #10","Bronx","40.847587","-73.786631","51601","2094043","2056310139","BX1003"
"Folksbiene Yiddish Theatre","36 Battery Place","New York","NY","10280","(212) 213-2120","Theater","Manhattan Council District #3","Manhattan Community Board #1","Manhattan","40.705806","-74.018001","31704","1084594","1000160010","MN0101"
"Fordham Road District Management Association, Inc.","2530 Grand Concourse, Suite 803","Bronx","NY","10458","(718) 562-2104","Multi-Discipline, Non-Perform","Bronx Council District #15","Bronx Community Board #5","Bronx","40.863086","-73.896642","39901","2096820","2031547501","BX0701"
"Forest Hills Symphony Orchestra","160-08 25th Drive","Flushing","NY","11358","(718) 544-7692","Music","Queens Council District #22","Queens Community Board #6","Queens","40.774149","-73.803558","1059","4110540","4048850008","QN0704"
"Forest Park Trust, Inc.","Oak Ridge","Woodhaven","NY","11421","(718) 235-4151","Multi-Discipline, Non-Perform","Queens Council District #30","Queens Community Board #9","Queens",,,,,,
"Forgotten Futures Fund Inc.","188 Underhill Avenue","Brooklyn","NY","11238",,,,"Brooklyn Community Board #8","Brooklyn","40.674913","-73.966768","207","3029345","3011710057","BK0801"
"Fort Greene Park Conservancy, Inc.","85 S Oxford Street","Brooklyn","NY","11217","(718) 398-4024","Humanities","Brooklyn Council District #35","Brooklyn Community Board #2","Brooklyn","40.686942","-73.97357","181","3059350","3021180011","BK0203"
"Fortune Society, Inc.","29-76 Northern Blvd","Long Island City","NY","11101","(212) 691-7554","Multi-Discipl, Perf & Non-Perf","Queens Council District #26","Queens Community Board #1","Queens","40.750466","-73.935284","17102","4003410","4002390049","QN0161"
"Forty Greene Avenue Cultural Center, Inc.","40 Greene Avenue","Brooklyn","NY","11238","(718) 783-9794","Theater","Brooklyn Council District #35","Brooklyn Community Board #2","Brooklyn","40.686104","-73.971017","179","3055848","3019570028","BK0203"
"Forum for Urban Design, Inc.","401 Broadway","New York","NY","10013","(718) 663-8475","Architecture/Design","Queens Council District #26","Manhattan Community Board #1","Manhattan","40.71871","-74.002482","33","1002310","1001940042","MN0102"
"Forum on Law, Culture & Society, Inc.","140 West 62nd Street","New York","NY","10023","(212) 636-6945","Film/Video/Audio","Manhattan Council District #6","Manhattan Community Board #7","Manhattan","40.771711","-73.984891","145","1028829","1011320001","MN0701"
"Forward Motion Theatre, Inc.","43-01 21st Street, Ste. 230","Long Island City","NY","11101","(646) 710-0395","Multi-Discipline, Performing","Queens Council District #26","Queens Community Board #2","Queens","40.750564","-73.945718","1903","4005198","4004410016","QN0201"
"Foundation","413 East 120 St","New York","NY","10035","(917) 403-6875","Visual Arts","Manhattan Council District #8","Manhattan Community Board #11","Manhattan","40.798371","-73.932987","192","1054888","1018080008","MN1102"
"Foundation for City College","160 Convent Avenue","New York","NY","10031","(212) 650-7450",,,"Manhattan Community Board #9","Manhattan","40.819196","-73.950221","21703","1084081","1019570200","MN0902"
"Foundation for Contemporary Arts, Inc.","820 Greenwich Street","New York","NY","10014","(212) 807-7077","Multi-Discipline, Non-Perform","Manhattan Council District #3","Manhattan Community Board #2","Manhattan","40.738354","-74.006477","79","1012144","1006420062","MN0203"
"Foundation for Filipino Artists, Inc.","34-67 60th Street","Woodside","NY","11377","(718) 565-8852","Multi-Discipl, Perf & Non-Perf","Queens Council District #25","Queens Community Board #2","Manhattan",,,,,,
"Foundation for Independent Artists, Inc.","246 West 38th Street, 4th Floor","New York","NY","10018","(212) 278-8111","Dance","Manhattan Council District #3","Manhattan Community Board #5","Manhattan","40.754079","-73.990154","109","1014465","1007870067","MN0502"
"Foundation For New American Art Inc","224 East 10th St.","New York City","NY","10003","(646) 872-5992","Multi-Discipl, Perf & Non-Perf","Manhattan Council District #2","Manhattan Community Board #3","Manhattan","40.729184","-73.985434","4001","1006413","1004510023","MN0303"
"Foundation for the Advance of Dance","55 Bethune St, Apt. 630A","New York","NY","10014","(212) 989-2250","Film/Video/Audio","Manhattan Council District #8","Manhattan Community Board #3","Manhattan","40.736955","-74.008494","79","1012047","1006390001","MN0203"
"Foundry Theatre, Inc.","140-142 Second Avenue #405","New York","NY","10003","(212) 777-1444","Theater","Manhattan Council District #2","Manhattan Community Board #3","Manhattan","40.728956","-73.987401","38","1006362","1004500006","MN0303"
"Found Sound Nation, Inc.","467 Woodward Ave.","Ridgewood","NY","11385","(847) 927-7275","Multi-Discipl, Perf & Non-Perf","Brooklyn Council District #35","Queens Community Board #5","Queens","40.708065","-73.911054","591","4080749","4033870001","QN0502"
"Fountain House, Inc.","425 West 47th Street","New York","NY","10036","(212) 765-2294","Multi-Discipline, Non-Perform","Manhattan Council District #3","Manhattan Community Board #4","Manhattan","40.762","-73.991225","127","1026562","1010570021","MN0402"
"Four Borough Neighborhood Preservation Alliance Foundation","215 Adams Street, #12H","Brooklyn","NY","11201","(212) 751-0038","Architecture/Design","Brooklyn Council District #33","Brooklyn Community Board #2","Brooklyn","40.697545","-73.988673","13","3325913","3000860011","BK0202"
"Four Seas Players, Inc","P.O. Box 1780","New York","NY","10013","(646) 456-8478","Theater","Manhattan Council District #2","Manhattan Community Board #2","Manhattan",,,,,,
"Fourth Arts Block, Inc.","70 E 4th St","New York","NY","10003","(212) 228-4670","Multi-Discipl, Perf & Non-Perf","Manhattan Council District #2","Manhattan Community Board #3","Manhattan","40.726563","-73.990331","38","1077966","1004590021","MN0303"
"Fractured Atlas Productions, Inc.","228 Park Ave S #56651","New York","NY","10003","(212) 277-8020","Multi-Discipl, Perf & Non-Perf","Manhattan Council District #3","Manhattan Community Board #5","Manhattan","40.737481","-73.988366","52","1016152","1008470040","MN0501"
"Franklin Furnace Archive, Inc.","30-30 47th Avenue","Long Island City","NY","11101","(929) 522-0050","Multi-Discipline, Non-Perform","Brooklyn Council District #35","Brooklyn Community Board #2","Brooklyn",,,,,,
"Frank Silvera Writers' Workshop Foundation, Inc.","738 St. Nicholas Ave, Suite #5","New York","NY","10031","(212) 281-8832","Theater","Manhattan Council District #9","Manhattan Community Board #10","Manhattan","40.825193","-73.943901","231","1061135","1020530060","MN0903"
"Frederick Douglass Creative Arts Center","270 West 96th Street","New York","NY","10025","(212) 864-3375","Multi-Discipl, Perf & Non-Perf","Manhattan Council District #9","Manhattan Community Board #7","Manhattan","40.794981","-73.972584","183","1000000","1012437503","MN0702"
"Free103point9, Inc.","c/o Ontological Theater","New York","NY","10003","(518) 622-2598","Film/Video/Audio","Manhattan Council District #2","Manhattan Community Board #3","Manhattan",,,,,,
"Free Arts for Abused Children of New York City, Inc.","1431 Broadway","New York","NY","10018","(212) 974-9092","Multi-Discipline, Non-Perform","Manhattan Council District #3","Manhattan Community Board #5","Manhattan","40.754531","-73.987086","113","1022561","1009930007","MN0502"
"Freestyle Repertory Theatre","120 West 86th Street","New York","NY","10024","(212) 362-4978","Theater","Manhattan Council District #6","Manhattan Community Board #7","Manhattan","40.786769","-73.972866","169","1032176","1012160140","MN0702"
"French Institute-Alliance Francaise","22 East 60th Street","New York","NY","10022","(646) 388-6622","Multi-Discipl, Perf & Non-Perf","Manhattan Council District #4","Manhattan Community Board #8","Manhattan","40.764091","-73.970684","11401","1040761","1013740047","MN0802"
"Frere Independent","149 West 24th Street, #3A","New York","NY","10011","(646) 827-9205","Film/Video/Audio","Manhattan Council District #3","Manhattan Community Board #4","Manhattan","40.744165","-73.99371","91","1014973","1008000010","MN0401"
"Freshkills Park Alliance","2240 Richmond Avenue","Staten Island","NY","10314","(917) 409-8458","Multi-Discipl, Perf & Non-Perf","Staten Island Council Dist #51","Staten Island Community Board #2","Staten Island","40.591454","-74.164792","22802","5156842","5026000100","SI0291"
"Fresh Squeezed Opera Company","245 Bennett Avenue","New York","NY","10040","(919) 272-7645","Music","Manhattan Council District #10","Manhattan Community Board #12","Manhattan","40.858346","-73.932851","279","1085393","1021800633","MN1202"
"FreshStart-Cultural Theatre Arts Productions, Inc.","10 Richman Plaza","New York","NY","10453","(718) 716-4299","Multi-Discipl, Perf & Non-Perf","Manhattan Council District #8","Manhattan Community Board #11","Bronx","40.851607","-73.922888","53","2093973","2028820229","BX0501"
"Frick Collection","1 East 70th Street","New York","NY","10021","(212) 991-5770","Museum","Manhattan Council District #4","Manhattan Community Board #8","Manhattan","40.771054","-73.967749","130","1081213","1013850001","MN0802"
"Friends of Alice Austen House, Inc.","2 Hylan Boulevard","Staten Island","NY","10305","(718) 816-4506","Museum","Staten Island Council Dist #49","Staten Island Community Board #1","Staten Island","40.615561","-74.06322","6","5042188","5028300049","SI0103"
"Friends of City Reliquary Incorporated","370 Metropolitan Avenue","New York","NY","11211","(718) 782-4842","Museum","Brooklyn Council District #34","Brooklyn Community Board #1","Brooklyn","40.714077","-73.955711","519","3062502","3023690011","BK0102"
"Friends of Historic New Utrecht","1831 84th Street","Brookyn","NY","11214","(718) 256-7173","Humanities","Brooklyn Council District #43","Brooklyn Community Board #11","Brooklyn","40.607896","-74.000551","278","3329063","3063270010","BK1101"
"Friends of Hudson River Park, Inc.","Pier 40, 353 West Street","New York","NY","10014","(212) 757-0981",,,"Manhattan Community Board #2","Manhattan","40.729381","-74.011867","69","1000000","1006560001","MN0203"
"Friends of Pasos: The Museum and Center for Peacebuilding, Inc.","P.O. Box 20324","New York","NY","10023","(718) 744-7065","Museum","Manhattan Council District #6","Manhattan Community Board #7","Manhattan",,,,,,
"Friends of PS 163 Inc","163 West 97th Street","New York","NY","10025","(603) 557-8763","Dance","Manhattan Council District #7","Manhattan Community Board #7","Manhattan","40.794442","-73.969139","185","1055908","1018520099","MN0703"
"Friends of The Choral Society, Inc.","c/o John Maclay","New York","NY","10011","(917) 710-0248","Music","Manhattan Council District #2","Manhattan Community Board #2","Manhattan",,,,,,
"Friends of the High Line","820 Washington St","New York","NY","10014","(212) 206-9922","Other","Manhattan Council District #3","Manhattan Community Board #4","Manhattan","40.739587","-74.008036","79","1089240","1006440010","MN0203"
"Friends of the New York Transit Museum","130 Livingston Street, 10th Floor","Brooklyn","NY","11201","(718) 694-5102","Museum","Brooklyn Council District #33","Brooklyn Community Board #2","Brooklyn","40.690782","-73.988753","37","3319419","3001630001","BK0202"
"Friends of the Nubian Conservatory of Music, Inc.","892 Eastern Parkway 1st Floor","Brooklyn","NY","11213","(212) 470-6559","Multi-Discipline, Performing","Brooklyn Council District #35","Brooklyn Community Board #9","Brooklyn","40.669195","-73.938578","33702","3037458","3013940013","BK0901"
"Friends of the Upper East Side Historic Districts","966 Lexington Ave","New York","NY","10021","(212) 535-2526","Architecture/Design","Manhattan Council District #4","Manhattan Community Board #8","Manhattan","40.769397","-73.962966","128","1042724","1014050016","MN0802"
"Friends of Wingate Park, Inc.","636 Brooklyn Ave","New York","NY","11203","(917) 627-7690","Multi-Discipl, Perf & Non-Perf","Brooklyn Council District #40","Brooklyn Community Board #9","Brooklyn","40.658513","-73.94522","810","3107316","3048150037","BK0902"
"FRIGID New York, Inc.","94 St. Marks Place","New York","NY","10009","(917) 270-0608","Theater","Manhattan Council District #2","Manhattan Community Board #3","Manhattan","40.727424","-73.984912","32","1005822","1004350011","MN0303"
"Frog & Peach Theatre Company, Inc.","19 Cumming St","New York","NY","10034","(212) 953-1104","Theater","Manhattan Council District #6","Manhattan Community Board #12","Manhattan","40.866573","-73.926367","295","1064948","1022370064","MN1203"
"Fruta Extrana, Inc.","820 Colgate Avenue","Bronx","NY","10473","(718) 701-2514","Film/Video/Audio","Bronx Council District #17","Bronx Community Board #9","Bronx","40.81963","-73.879906","28","2092719","2036230001","BX0901"
"Fulton Art Fair, Inc.","1766 Bergen St","Brooklyn","NY","11233","(347) 526-6073","Visual Arts","Brooklyn Council District #36","Brooklyn Community Board #8","Brooklyn","40.674667","-73.92385","307","3035958","3013570029","BK0802"
"FUNDACION YOLANDA LAPREA INC","231 West 148th St., Apt. 1-L","New York","NY","10039","(917) 340-3679","Multi-Discipline, Performing","Manhattan Council District #9","Manhattan Community Board #10","Manhattan","40.824026","-73.938749","234","1087991","1020347501","MN1002"
"Fund for the City of New York","121 6th Ave","New York","NY","10013","(212) 925-6675",,,"Manhattan Community Board #2","Manhattan","40.723903","-74.00469","37","1083493","1004777501","MN0201"
"Futurepoem, Inc.","311 W 24th St","New York","NY","10011","(646) 247-9860","Literature","Manhattan Council District #3","Manhattan Community Board #4","Manhattan","40.746043","-73.998333","93","1083596","1007480001","MN0401"
"Futuro Media Group","361 W. 125th Street","New York","NY","10027","(646) 571-1220","Humanities","Manhattan Council District #9","Manhattan Community Board #9","Manhattan","40.810952","-73.953005","20901","1059308","1019520009","MN0901"
"Gallery Players, Inc.","199 14th Street","Brooklyn","NY","11215",,"Theater","Brooklyn Council District #39","Brooklyn Community Board #6","Brooklyn","40.666966","-73.990448","14101","3023430","3010340068","BK0602"
"Gallim Dance Company, Inc.","520 Clinton Ave","Brooklyn","NY","11238","(516) 510-3330","Dance","Brooklyn Council District #35","Brooklyn Community Board #2","Brooklyn","40.682648","-73.966739","199","3057525","3020100010","BK0204"
"Game Devs of Color, Inc.","223 Bedford Avenue","New York City","NY","11211",,,,"Brooklyn Community Board #1","Brooklyn","40.716444","-73.959205","553","3062323","3023440001","BK0102"
"Games for Change, Inc.","6 East 43rd Street","New York","NY","10017","(212) 242-4922","New Media","Manhattan Council District #1","Manhattan Community Board #5","Manhattan","40.753979","-73.979997","94","1035347","1012770008","MN0502"
"Garibaldi-Meucci Museum","420 Tompkins Ave., Staten Island, NY 10305","Staten Island","NY","10305","(718) 442-1608","Humanities","Staten Island Council Dist #49","Staten Island Community Board #1","Staten Island","40.615239","-74.073334","36","5043850","5029660032","SI0103"
"Gelsey Kirkland Academy of Classical Ballet","29 Jay Street","Brooklyn","NY","11201","(212) 600-0047","Dance","Manhattan Council District #1","Manhattan Community Board #1","Brooklyn","40.704058","-73.98658","21","3000000","3000200001","BK0202"
"General Mischief Dance Theatre","4867 Broadway, Suite #838","New York","NY","10034","(212) 714-4694",,,"Manhattan Community Board #12","Manhattan","40.866818","-73.923684","295","1064955","1022380023","MN1203"
"General Society of Mechanics and Tradesmen of the City","20 West 44th Street","New York","NY","10036","(212) 840-1840","Multi-Discipline, Non-Perform","Manhattan Council District #4","Manhattan Community Board #5","Manhattan","40.755156","-73.980848","96","1034214","1012590048","MN0502"
"Generations Project, Inc.","889 Broadway 4C","Brooklyn","NY","11206","(917) 341-6021","Multi-Discipl, Perf & Non-Perf","Manhattan Council District #3","Brooklyn Community Board #4","Brooklyn","40.698031","-73.937095","389","3071785","3031360005","BK0401"
"Genspace","132 32nd St","Brooklyn","NY","11232",,,,"Brooklyn Community Board #7","Brooklyn","40.657217","-74.003215","101","3396137","3006800021","BK0702"
"George London Foundation for Singers, Inc.","157 Columbus Ave","New York","NY","10023","(646) 461-3578","Music","Manhattan Council District #6","Manhattan Community Board #7","Manhattan","40.774318","-73.981038","15301","1028260","1011207501","MN0701"
"George Walker Jr. Community Coalition, Inc.","29 Wyona Street","Brooklyn","NY","11207","(718) 484-1999","Multi-Discipl, Perf & Non-Perf","Brooklyn Council District #37","Bronx Community Board #5","Brooklyn","40.678591","-73.894624","1146","3083177","3036630110","BK0501"
"Ghetto Film School, Inc.","79 Alexander Ave","New York","NY","10454","(718) 589-5470","Film/Video/Audio","Manhattan Council District #8","Bronx Community Board #1","Bronx","40.806267","-73.927915","1901","2000683","2023080015","BX0101"
"Gilgamesh Theatre Group, Inc.","425 West 46th Street, Apt. 3A","New York","NY","10036","(917) 673-9138","Multi-Discipline, Performing","Manhattan Council District #3","Manhattan Community Board #4","Queens",,,,,,
"Gina Gibney Dance, Inc.","890 Broadway","New York","NY","10003","(212) 677-8560","Dance","Manhattan Council District #1","Manhattan Community Board #5","Manhattan","40.738604","-73.989911","52","1016163","1008487502","MN0501"
"Gingold Theatrical Group, Inc.","Gingold Theatrical Group, 520 8th Ave #304","New York","NY","10018","(212) 355-7823","Theater","Manhattan Council District #3","Manhattan Community Board #5","Manhattan",,,,,,
"Girl Be Heard Institute","225 4th Avenue, PMB 40","Brooklyn","NY","11215","(857) 277-2418","Theater","Manhattan Council District #2","Brooklyn Community Board #2","Brooklyn","40.677016","-73.983301","133","3426557","3009557506","BK0602"
"Girls Write Now, Inc.","247 West 37 Street","New York","NY","10018","(212) 336-9330","Literature","Manhattan Council District #3","Manhattan Community Board #4","Manhattan","40.753475","-73.990594","109","1014454","1007870011","MN0502"
"Giulio Gari Foundation, Inc","175 West 72nd Street","New York","NY","10023","(212) 874-3934","Other","Manhattan Council District #6","Manhattan Community Board #7","Manhattan","40.778306","-73.980889","157","1029916","1011440001","MN0701"
"Glass Farm Ensemble, Inc.","109 W 27 St #5D","New York","NY","10018","(212) 244-6422","Music","Manhattan Council District #3","Manhattan Community Board #4","Manhattan","40.745735","-73.991689","95","1015070","1008030029","MN0501"
"Glass Menagerie A Downtown Community Chorus, Inc.","11 Fifth Avenue Ste. 8R","New York","NY","10003","(917) 319-4661","Music","Manhattan Council District #2","Manhattan Community Board #2","Manhattan","40.732407","-73.996226","59","1009222","1005660001","MN0202"
"Global Artists Coalition Incorporated","323 W. 138TH Street","New York","NY","10030","(917) 855-7772","Museum","Manhattan Council District #10","Manhattan Community Board #10","Manhattan","40.81884","-73.946103","22102","1060657","1020410036","MN1002"
"globalFEST, Inc.","179 Prospect Park W","Brooklyn","NY","11215","(917) 568-3835","Music","Brooklyn Council District #35","Brooklyn Community Board #6","Brooklyn","40.662114","-73.978939","167","3026542","3011010038","BK0602"
"Go Africa Network, Inc.","1760 2nd ave","New York","NY","10128","(212) 987-1598","Multi-Discipl, Perf & Non-Perf","Manhattan Council District #5","Manhattan Community Board #8","Manhattan","40.78148","-73.949101","15402","1050233","1015547501","MN0803"
"Goddard Riverside Community Center","593 Columbus Avenue","New York","NY","10024","(212) 873-6600","Multi-Discipline, Performing","Manhattan Council District #6","Manhattan Community Board #7","Manhattan","40.788212","-73.970904","173","1079511","1012020001","MN0702"
"Godwin Ternbach Museum","Queens College, 405 Klapper Hall","Flushing","NY","11367","(718) 997-3920","Museum","Queens Council District #24","Queens Community Board #8","Queens","40.736237","-73.815946","809","4000000","4065170001","QN0801"
"Golden Fleece Theatre Company, Ltd.","70A Greenwich Avenue, # 256","New York","NY","10011","(212) 691-6105","Music","Manhattan Council District #3","Manhattan Community Board #2","Manhattan","40.736395","-74.000985","71","1010573","1006067501","MN0203"
"Goliard Concerts, Inc.","30-87 46th Street","Astoria","NY","11103","(212) 923-1711","Music","Queens Council District #22","Queens Community Board #1","Queens","40.759453","-73.911956","151","4013273","4007280010","QN0104"
"Gorilla Repertory Theatre Company, Inc.","363 Tompkins Avenue #3","Brooklyn","NY","11216","(212) 252-5258","Theater","Brooklyn Council District #36","Brooklyn Community Board #3","Manhattan",,,,,,
"Gotham Arts Exchange, Inc.","168 West 123rd Street","New York","NY","10027","(212) 928-6517","Dance","Manhattan Council District #7","Manhattan Community Board #12","Manhattan","40.807214","-73.948215","222","1057755","1019070060","MN1001"
"Gotham Dance, Inc.","140 Second Avenue","New York","NY","10003","(212) 777-1340","Dance","Manhattan Council District #2","Manhattan Community Board #3","Manhattan","40.728956","-73.987401","38","1006362","1004500006","MN0303"
"Gotham Early Music Scene, Inc.","340 Riverside Drive, Suite 1A","New York","NY","10025","(212) 866-0468","Music","Manhattan Council District #9","Manhattan Community Board #7","Manhattan","40.8023","-73.969728","195","1057257","1018920001","MN0703"
"Gotham Performing Arts, Inc.","99 Wall St #2650","New York","NY","10005","(212) 787-2520","Music","Manhattan Council District #6","Manhattan Community Board #4","Manhattan","40.705","-74.007156","7","1000865","1000337501","MN0101"
"Gotham Stage Company, Inc.","288 W. 92nd Street","New York","NY","10025","(212) 579-0321","Theater","Manhattan Council District #6","Manhattan Community Board #7","Manhattan","40.792544","-73.974738","179","1033601","1012390056","MN0702"
"Gotham Yardbird Sanctuary Inc","309 Wilson Ave","Brooklyn","NY","11237","(917) 231-4766",,,"Brooklyn Community Board #4","Brooklyn","40.696779","-73.918805","433","3075666","3033070003","BK0402"
"Gowanus Canal Conservancy, Inc.","543 Union Street","New York","NY","11215","(718) 541-4378","Architecture/Design","Brooklyn Council District #39","Brooklyn Community Board #6","Brooklyn","40.679158","-73.987511","11901","3336115","3004327501","BK0601"
"Grace Chorale of Brooklyn","137 Montague St, #202","Brooklyn","NY","11201","(212) 755-5510","Music","Brooklyn Council District #33","Brooklyn Community Board #2","Brooklyn","40.694661","-73.993787","502","3001989","3002430019","BK0201"
"Grace Exhibition Space for International Performance Art Inc","182 Ave C","New York","NY","10003","(646) 578-3402","Multi-Discipl, Perf & Non-Perf","Manhattan Council District #2","Manhattan Community Board #10","Manhattan","40.726651","-73.976942","28","1078021","1003820100","MN0303"
"Gracie Mansion Conservancy","181 East End Ave.","New York","NY","10028","(212) 570-4751",,,"Manhattan Community Board #8","Manhattan","40.776309","-73.943758","14402","1085796","1015920001","MN0803"
"Gramercy Brass of New York, Inc.","111 Fourth Avenue, Suite 1-C","New York","NY","10003","(212) 229-7607","Music","Manhattan Council District #2","Manhattan Community Board #6","Manhattan","40.732423","-73.990095","42","1008977","1005560044","MN0303"
"Greater Astoria Historical Society","32-63 48 Street","Long Island City","NY","11103","(718) 278-0700","Humanities","Queens Council District #22","Queens Community Board #1","Queens","40.755531","-73.912954","161","4013619","4007340014","QN0104"
"Greater Bethel Community Development Corporation","94-15 Merrick Boulevard","Jamaica","NY","11433","(718) 523-4357","Multi-Discipline, Performing","Queens Council District #27","Queens Community Board #12","Queens","40.703553","-73.792163","444","4216254","4101560111","QN1201"
"Greater Chinatown Community Association","105 Mosco Street","New York","NY","10013","(212) 374-1311","Music","Manhattan Council District #1","Manhattan Community Board #3","Manhattan","40.714459","-73.999347","2902","1001820","1001640044","MN0301"
"Greater New York Coalition for Soviet Jewry, Inc.","25 West 45th Street, Suite 1405","New York","NY","10036","(212) 840-1166","Humanities","Manhattan Council District #3","Manhattan Community Board #5","Manhattan","40.755854","-73.980516","96","1034245","1012610021","MN0502"
"Greater Ridgewood Historical Society","1820 Flushing Avenue","Ridgewood","NY","11385","(718) 765-7067","Museum","Brooklyn Council District #34","Queens Community Board #5","Queens","40.710926","-73.920356","53901","4081481","4034120001","QN0502"
"Greater Ridgewood Youth Council, Inc.","59-03 Summerfield St","Ridgewood","NY","11385","(718) 456-5437","Visual Arts","Queens Council District #30","Queens Community Board #5","Queens","40.699463","-73.897855","557","4437841","4035880001","QN0502"
"Great Small Works, Inc.","1 12th Street","Brooklyn","NY","11215","(212) 787-8457","Theater","Manhattan Council District #6","Brooklyn Community Board #6","Brooklyn","40.672027","-73.99748","11902","3022202","3010070172","BK0601"
"Greek-American Broadcasting Information & Cultural Activities Corporation","20-12 20th Street, Apt. 2C","Astoria","NY","11105","(718) 728-6114","Film/Video/Audio","Queens Council District #22","Queens Community Board #1","Queens","40.784151","-73.913668","105","4020311","4008930030","QN0101"
"Greek American Educational Public Information System, Inc.","23-18 29th Street","Astoria","NY","11105","(718) 204-8900","Multi-Discipl, Perf & Non-Perf","Queens Council District #22","Queens Community Board #1","Queens","40.774644","-73.914381","115","4017552","4008430045","QN0101"
"Greek Cultural Center, Inc.","27-18 Hoyt Avenue South","Astoria","NY","11102","(718) 726-7329","Theater","Queens Council District #22","Queens Community Board #1","Queens","40.771931","-73.919901","69","4540506","4008397503","QN0103"
"Green Earth Poets Cafe, Inc.","521 St. Marks Ave","Brooklyn","NY","11238","(516) 670-4868","Multi-Discipline, Performing","Brooklyn Council District #35","Brooklyn Community Board #8","Brooklyn","40.676087","-73.956789","305","3420429","3011490065","BK0802"
"Green Earth Urban Gardens, Inc.","147-14 22nd Avenue","Whitestone","NY","11357","(212) 633-8763","Other","Queens Council District #19","Queens Community Board #7","Queens","40.779227","-73.81899","1047","4105512","4046570059","QN0704"
"Greenwich House, Inc.","27 Barrow Street","New York","NY","10014","(212) 991-0003","Multi-Discipline, Performing","Manhattan Council District #3","Manhattan Community Board #2","Manhattan","40.732486","-74.00311","67","1010159","1005900056","MN0203"
"Greenwich Village Orchestra","P.O. Box 573","New York","NY","10014","(917) 502-7004","Music","Manhattan Council District #2","Manhattan Community Board #2","Manhattan",,,,,,
"Greenwich Village Society for Historic Preservation","232 East 11th Street","New York","NY","10003","(212) 475-9585","Humanities","Manhattan Council District #2","Manhattan Community Board #3","Manhattan","40.730817","-73.987433","4002","1006817","1004660025","MN0303"
"Greenwich Village Youth Council","345 East 15th Street","New York","NY","10003","(212) 475-7972","Multi-Discipline, Performing","Manhattan Council District #2","Manhattan Community Board #6","Manhattan","40.732447","-73.983031","48","1020419","1009220008","MN0602"
"Green-Wood Historic Fund, Inc.","500 25th Avenue","Brooklyn","NY","11232","(718) 788-7850","Multi-Discipl, Perf & Non-Perf","Brooklyn Council District #38","Brooklyn Community Board #7","Brooklyn",,,,,,
"GRENCAP United, Inc.","4809 Avenue N","Brooklyn","NY","11234","(917) 846-9843","Multi-Discipl, Perf & Non-Perf","Brooklyn Council District #45","Brooklyn Community Board #18","Brooklyn","40.61885","-73.928625","672","3219843","3078730007","BK1801"
"Groove With Me, Inc.","1785 Park Ave.","New York","NY","10035","(212) 987-5910","Dance","Manhattan Council District #8","Manhattan Community Board #11","Manhattan","40.803941","-73.939834","196","1089527","1017720001","MN1102"
"Groundswell Community Mural Project","540 President Street Ste 1A","Brooklyn","NY","11215","(718) 254-9782","Visual Arts","Brooklyn Council District #33","Brooklyn Community Board #6","Brooklyn","40.677354","-73.984973","11901","3424497","3004480013","BK0601"
"Ground UP Productions","72 Barrow St. #2N","New York","NY","10014","(646) 479-4997","Theater","Manhattan Council District #3","Manhattan Community Board #4","Manhattan","40.731619","-74.005975","73","1083518","1005850001","MN0203"
"Group 1 Acting Company, Inc.","630 Ninth Avenue","New York","NY","10036","(212) 258-3111","Theater","Manhattan Council District #3","Manhattan Community Board #4","Manhattan","40.760038","-73.991449","12101","1024982","1010350001","MN0402"
"Group BR Limited","234 5th Ave","New York","NY","10001","(917) 402-7961","Theater","Manhattan Council District #2","Manhattan Community Board #5","Manhattan","40.744162","-73.98769","58","1015686","1008290035","MN0501"
"Groupmuse Foundation Inc.","447 Broadway","New York","NY","10013","(646) 457-2372","Music","Manhattan Council District #1","Manhattan Community Board #2","Manhattan","40.720393","-74.001053","47","1003022","1002310037","MN0201"
"Guerrilla Shakespeare Project, Inc.","237 9th Street","Brooklyn","NY","11215","(319) 361-3118","Theater","Brooklyn Council District #38","Brooklyn Community Board #6","Manhattan",,,,,,
"Guyana Cultural Association of New York, Inc.","844 East 95th Street","New York","NY","11236","(646) 331-5493","Folk Arts","Brooklyn Council District #45","Brooklyn Community Board #17","Brooklyn","40.648562","-73.909025","970","3228662","3081270146","BK1803"
"H.T. Dance Company, Inc.","70 Mulberry Street, NYC, NY 10013","New York","NY","10108","(212) 920-5179","Dance","Manhattan Council District #1","Manhattan Community Board #3","Manhattan","40.716092","-73.999203","2902","1066494","1002000001","MN0301"
"HABNET SERVICES CORP","1401 Flatbush Avenue","NYC","NY","11210","(718) 360-5971","Multi-Discipline, Performing","Brooklyn Council District #45","Brooklyn Community Board #14","Brooklyn","40.636511","-73.951539","78801","3120877","3052280008","BK1401"
"Haitian American Cultural and Educational Foundation","91-40 Lamont Avenue, #4M","New York","NY","11373","(516) 482-1658","Literature",,"Queens Community Board #4","Queens","40.744146","-73.874066","463","4039409","4015770001","QN0401"
"Haiti Cultural Exchange, Inc.","558 St Johns Pl","New York","NY","11238","(347) 565-4429","Multi-Discipl, Perf & Non-Perf","Brooklyn Council District #35","Brooklyn Community Board #8","Brooklyn","40.672899","-73.959682","217","3029584","3011780024","BK0802"
"Halawai, Inc.","P.O. Box 250189","New York","NY","10025","(973) 886-6836","Multi-Discipl, Perf & Non-Perf","Manhattan Council District #7","Manhattan Community Board #9","Manhattan",,,,,,
"Haleakala, Inc.","163B Bank Street, 4th Floor Loft","New York","NY","10014","(212) 255-5793","Multi-Discipl, Perf & Non-Perf","Manhattan Council District #3","Manhattan Community Board #2","Manhattan","40.736062","-74.009508","79","1012047","1006390001","MN0203"
"Hands On Sign Interpreted Performances, Inc.","159-00 Riverside Drive West","New York","NY","10032","(212) 740-3087","Theater","Manhattan Council District #7","Manhattan Community Board #12","Manhattan","40.837414","-73.947996","247","1063300","1021350060","MN1201"
"Harbor Lights Theater Company, Inc.","38 Westervelt Avenue","Staten Island","NY","10301","(718) 273-7516","Theater","Staten Island Council Dist #49","Staten Island Community Brd #1","Staten Island","40.646724","-74.086738","7","5001178","5000510171","SI0101"
"Harlem9, Inc.","141 West 128th Street","New York","NY","10027","(917) 512-6267","Theater","Manhattan Council District #9","Manhattan Community Board #10","Manhattan","40.810221","-73.945308","224","1057930","1019130009","MN1002"
"Harlem Artists' Development League Especially For You","204 W. 134th Street","New York","NY","10030","(917) 334-8694","Theater","Manhattan Council District #9","Manhattan Community Board #10","Manhattan","40.814867","-73.944766","226","1058809","1019390026","MN1002"
"Harlem Arts Alliance","229 West 135th Street","New York","NY","10030","(347) 735-4280","Multi-Discipline, Non-Perform","Manhattan Council District #9","Manhattan Community Board #10","Manhattan","40.815902","-73.945094","228","1058880","1019410014","MN1002"
"Harlem Arts Festival","42 West 130th Street","New York","NY","10037","(347) 619-3823","Multi-Discipl, Perf & Non-Perf","Manhattan Council District #9","Manhattan Community Board #10","Manhattan","40.810159","-73.941342","208","1053754","1017270058","MN1002"
"Harlem Chamber Players, Inc.","279 West 117th Street","NEW YORK","NY","10026","(212) 866-1492","Music","Manhattan Council District #9","Manhattan Community Board #10","Manhattan","40.804826","-73.954205","218","1086232","1019230001","MN1001"
"Harlem Children's Zone, Inc.","35 East 125th Street","New York","NY","10035","(212) 360-3255","Multi-Discipl, Perf & Non-Perf","Manhattan Council District #9","Manhattan Community Board #10","Manhattan","40.805934","-73.941096","198","1087811","1017500007","MN1102"
"Harlem Educational Activities Fund","2090 Adam Clayton Powell Jr. Blvd., 10th Fl.","New York","NY","10027","(917) 841-7803","Other","Manhattan Council District #9","Manhattan Community Board #10","Manhattan","40.808639","-73.948582","222","1058640","1019300030","MN1001"
"Harlem Globe Awards","484 W. 43rd Street","New York","NY","10036","(347) 815-6730","Multi-Discipline, Performing","Manhattan Council District #3","Manhattan Community Board #4","Brooklyn",,,,,,
"Harlem-Heights Cultural Council Inc.","Audubon Center@ Columbia University","New York","NY","10032","(212) 795-3475","Humanities","Manhattan Council District #7","Manhattan Community Board #12","Manhattan",,,,,,
"Harlem Late Night Jazz Inc.","435 Convent Ave","New York","NY","10031","(646) 242-6710","Music","Manhattan Council District #9","Manhattan Community Board #9","Manhattan","40.827043","-73.944463","231","1061524","1020630046","MN0903"
"Harlem Needle Arts, Inc.","2160 Madison Avenue","New York","NY","10037","(212) 491-8581","Folk Arts","Manhattan Council District #9","Manhattan Community Board #11","Manhattan","40.812376","-73.936058","210","1081105","1017600001","MN1102"
"Harlem Opera Theater, Inc.","425 West 144 St., NYC","New York","NY","10031","(212) 234-6767","Music","Manhattan Council District #9","Manhattan Community Board #7","Manhattan","40.823821","-73.94633","227","1084160","1020500037","MN0903"
"Harlem Presents, Inc.","418 West 150th Street","New York","NY","10031","(718) 657-2605","Folk Arts","Manhattan Council District #7","Manhattan Community Board #9","Manhattan","40.827525","-73.943234","231","1061565","1020640142","MN0903"
"Harlem School of the Arts, Inc.","645 Saint Nicholas Avenue","New York City","NY","10030","(212) 926-4100","Multi-Discipline, Non-Perform","Manhattan Council District #7","Manhattan Community Board #9","Manhattan","40.82218","-73.945652","227","1061014","1020500160","MN0903"
"Harlem Stage, Inc.","150 Convent Avenue","New York","NY","10031","(212) 281-9240","Multi-Discipline, Performing","Manhattan Council District #7","Manhattan Community Board #9","Manhattan","40.818329","-73.95102","21303","1086181","1019710018","MN0902"
"Harlem Textile Works, Inc.","62 Hamilton Terrace","New York","NY","10031","(212) 234-5257","Crafts","Manhattan Council District #10","Manhattan Community Board #9","Manhattan","40.823075","-73.946309","227","1060961","1020500064","MN0903"
"HARLEM WEEK, INC.","200A West 136th Street","New York","NY","10030","(212) 862-8477","Other","Manhattan Council District #7","Manhattan Community Board #9","Manhattan","40.816176","-73.943706","228","1058898","1019410036","MN1002"
"Harlem Wellness Center Inc.","44 W 105th St.","New York","NY","10025","(646) 682-7993","Multi-Discipline, Performing","Manhattan Council District #7","Manhattan Community Board #7","Manhattan","40.797852","-73.961679","189","1084020","1018407501","MN0703"
"Harmonia Opera Company, Inc.","2109 Broadway","New York","NY","10023","(212) 870-1500","Music","Manhattan Council District #6","Manhattan Community Board #7","Manhattan","40.780408","-73.982076","159","1030544","1011657503","MN0701"
"Harmonie Ensemble, Inc.","820 West End Avenue, Ste. 13B","New York","NY","10025","(212) 222-6684","Music","Manhattan Council District #6","Manhattan Community Board #7","Manhattan","40.797662","-73.971438","187","1056468","1018710061","MN0703"
"Harmony Program, Inc.","244 West 54th Street, Suite 300","New York","NY","10019","(212) 463-7455","Music","Manhattan Council District #5","Manhattan Community Board #4","Manhattan","40.764261","-73.983037","131","1024842","1010250054","MN0502"
"Harpsichord Unlimited","215 W 98th St., Suite 2A","New York","NY","10025","(212) 280-1086","Music","Manhattan Council District #8","Manhattan Community Board #7","Manhattan","40.79568","-73.970146","187","1082691","1018707502","MN0703"
"Harvestworks, Inc.","596 Broadway","New York","NY","10012","(212) 431-1130","New Media","Manhattan Council District #1","Manhattan Community Board #2","Manhattan","40.725004","-73.997121","43","1007944","1005110012","MN0201"
"Haven Arts Inc.","50 bruckner blvd","bronx","NY","10454","(845) 729-5467","Multi-Discipl, Perf & Non-Perf","Bronx Council District #17","Bronx Community Board #1","Bronx","40.80656","-73.926842","1901","2000000","2022950051","BX0101"
"Haven of Hope Foundation, Inc.","P.O. Box 1576","Bronx","NY","10451","(917) 361-2130","Multi-Discipl, Perf & Non-Perf","Bronx Council District #12","Bronx Community Board #6","Bronx",,,,,,
"Hazel Incorporated","720 West 181st Street, #31","New York","NY","10033","(212) 543-1367","Dance","Manhattan Council District #7","Manhattan Community Board #12","Manhattan","40.85049","-73.936842","265","1064278","1021760123","MN1202"
"HB Playwrights Foundation, Inc.","122 Bank Street","New York","NY","10014","(212) 989-6540","Theater","Manhattan Council District #3","Manhattan Community Board #2","Manhattan","40.73629","-74.007556","75","1083548","1006340014","MN0203"
"HEARTBEAT OPERA, LTD","225 Lincoln Place, Apt 4A Brooklyn, NY 11217","Brooklyn","NY","11217","(646) 246-6307","Multi-Discipline, Performing","Manhattan Council District #10","Brooklyn Community Board #6","Brooklyn","40.675123","-73.973009","159","3024464","3010590055","BK0602"
"Heart of Brooklyn Cultural Institutions","789 Washington Avenue","Brooklyn","NY","11238","(718) 638-7700","Multi-Discipline, Non-Perform","Brooklyn Council District #35",,"Brooklyn","40.673023","-73.962829","215","3029569","3011770105","BK0801"
"Hebrew Home for the Aged at Riverdale","5901 Palisade Ave","Bronx","NY","10471","(718) 581-1330","Visual Arts","Bronx Council District #11","Bronx Community Board #8","Bronx","40.908233","-73.90897","309","2116428","2059330224","BX0803"
"Hell's Kitchen, NY Chapter of SPEBSQSA, Inc.","Gotham Chorus","New York","NY","10036","(315) 404-2643","Music","Manhattan Council District #3","Manhattan Community Board #5","Manhattan",,,,,,
"Hendrick I Lott House Preservation Association","1940 East 36th Street","Brooklyn","NY","11234","(718) 375-2681","Multi-Discipline, Non-Perform","Brooklyn Council District #46","Brooklyn Community Board #18","Brooklyn","40.610664","-73.932379","658","3240121","3085020020","BK1802"
"Henry Street Settlement","265 Henry Street","New York","NY","10002","(212) 766-9200","Multi-Discipl, Perf & Non-Perf","Manhattan Council District #1","Manhattan Community Board #3","Manhattan","40.713857","-73.984532","202","1079627","1002880078","MN0302"
"Herbert Berghof Studio","120 Bank Street","New York","NY","10014","(212) 675-2370","Theater","Manhattan Council District #3","Manhattan Community Board #2","Manhattan","40.736299","-74.007495","75","1011899","1006340015","MN0203"
"here there and EVERYwhere, Inc.","80 Centre Street","New York","NY","10013","(201) 315-6598","Multi-Discipline, Non-Perform","Manhattan Council District #1","Manhattan Community Board #1","Manhattan","40.715447","-74.00189","2901","1001830","1001660027","MN0102"
"Heritage Radio Network","100 Bogart Street","Brooklyn","NY","11206","(929) 337-8805","Film/Video/Audio","Brooklyn Council District #34","Brooklyn Community Board #1","Brooklyn","40.707133","-73.933796","453","3071317","3030750002","BK0104"
"Hetrick-Martin Institute, Inc.","2 Astor Place","New York","NY","10003","(212) 674-2400","Visual Arts","Manhattan Council District #2","Manhattan Community Board #3","Manhattan","40.730038","-73.992632","57","1080092","1005450026","MN0202"
"Highbridge Voices Corporation","1360 Merriam Ave","Bronx","NY","10452","(718) 293-8759","Music","Bronx Council District #16","Bronx Community Board #4","Bronx","40.84195","-73.925346","201","2003558","2025350001","BX0402"
"High Frequency Wavelengths","560 Riverside Drive, Apt. 3P","New York","NY","10027","(646) 712-0459","Dance","Manhattan Council District #9","Manhattan Community Board #9","Brooklyn",,,,,,
"Highlights In Jazz","7 Peter Cooper Road","New York","NY","10010","(212) 982-3697","Music","Manhattan Council District #4","Manhattan Community Board #6","Manhattan","40.734474","-73.975557","60","1083698","1009780001","MN0601"
"Highly Over Violent Records","825 Melrose Ave, Bronx, NY Apt 7E","New York City","NY","10451","(646) 360-8399","Music","Bronx Council District #17","Bronx Community Board #1","Bronx","40.82319","-73.914387","141","2114448","2024060021","BX0301"
"High Tide Dance, Inc.","139 Fulton Street","New York","NY","10038","(212) 233-0330","Dance","Manhattan Council District #1","Manhattan Community Board #1","Manhattan","40.710385","-74.008051","1501","1001242","1000890001","MN0101"
"Hindu Community Outreach","45-57 Bowne Street","Flushing","NY","11355","(718) 460-8484","Multi-Discipl, Perf & Non-Perf","Queens Council District #20","Queens Community Board #7","Queens","40.752968","-73.817419","1205","4117475","4052030037","QN0705"
"Hindu Temple Society of North America","45-57 Bowne Street","Flushing","NY","11355","(718) 460-8492","Multi-Discipline, Performing","Queens Council District #20","Queens Community Board #7","Queens","40.752968","-73.817419","1205","4117475","4052030037","QN0705"
"Hip-Hop Association","545 8th Avenue","New York","NY","10018","(718) 682-2744","Multi-Discipl, Perf & Non-Perf","Manhattan Council District #3","Manhattan Community Board #4","Manhattan","40.754296","-73.991944","111","1013622","1007610033","MN0401"
"Hip Hop Elders","2134 Dean Street","New York","NY","11233","(646) 996-3960","Other","Brooklyn Council District #41","Brooklyn Community Board #16","Bronx",,,,,,
"Hip Hop Loves Foundation","1390 5th Avenue","New York","NY","10026","(347) 920-6884","Film/Video/Audio","Manhattan Council District #9","Manhattan Community Board #9","Manhattan","40.799512","-73.947314","186","1083316","1015960001","MN1001"
"Hip Hop Theatre Festival","10 Lafayette Ave","Brooklyn","NY","11217","(718) 497-4282","Multi-Discipl, Perf & Non-Perf","Brooklyn Council District #34","Brooklyn Community Board #2","Brooklyn","40.686754","-73.978661","35","3428715","3021107501","BK0203"
"Hip to Hip Theatre Company","5240 39th Dr","Woodside","NY","11377","(718) 729-8567","Theater","Queens Council District #26","Queens Community Board #2","Queens","40.747142","-73.910905","251","4431300","4012380025","QN0203"
"Hispanic Federation Inc.","55 Exchange Place, fl 5","New York","NY","10005","(212) 233-8955",,,"Manhattan Community Board #1","Manhattan","40.706221","-74.011004","7","1078988","1000267501","MN0101"
"Hispanic Organization of Latin Actors","107 Suffolk Street, Suite 302","New York","NY","10002","(212) 253-1015","Multi-Discipline, Non-Perform","Manhattan Council District #1","Manhattan Community Board #3","Manhattan","40.718943","-73.986122","1402","1004301","1003530054","MN0302"
"Hispanic Society of America","613 W 155th St","New York","NY","10032","(212) 926-2234","Museum","Manhattan Council District #7","Manhattan Community Board #12","Manhattan","40.83306","-73.946464","241","1081864","1021340008","MN1201"
"Historic Districts Council, Inc.","231 West 29th Street","New York","NY","10001","(212) 614-9107","Architecture/Design","Manhattan Council District #2","Manhattan Community Board #4","Manhattan","40.748299","-73.993937","95","1014283","1007790017","MN0501"
"Historic House Trust of New York City","830 5th Avenue","New York","NY","10065","(212) 360-8282","Museum","Manhattan Council District #4","Manhattan Community Board #8","Manhattan","40.767711","-73.970516","143","1083811","1011110001","MN6491"
"Hivewild Dance Company, INC","1173 Greene Avenue","Brooklyn","NY","11221","(770) 778-3421","Multi-Discipline, Performing","Brooklyn Council District #34","Brooklyn Community Board #4","Brooklyn","40.695112","-73.92242","419","3421391","3032850072","BK0402"
"Holyrood Church","715 West 179th Street","New York","NY","10033","(612) 619-1582","Music","Manhattan Council District #10","Manhattan Community Board #12","Manhattan","40.849038","-73.937555","265","1064262","1021760030","MN1202"
"Home for Contemporary Theatre & Art, Ltd.","145 Sixth Avenue","New York","NY","10013","(212) 647-0202","Multi-Discipline, Performing","Manhattan Council District #3","Manhattan Community Board #2","Manhattan","40.724971","-74.004477","37","1087061","1004917502","MN0201"
"Honest Accomplice Theatre Inc.","17 Kermit Place","Brooklyn","NY","11218","(646) 591-7051","Theater","Brooklyn Council District #39","Brooklyn Community Board #7","Manhattan",,,,,,
"Hook Arts Media, Inc.","480 Van Brunt St","Brooklyn","NY","11231","(718) 643-6790","Multi-Discipl, Perf & Non-Perf","Brooklyn Council District #38","Brooklyn Community Board #6","Brooklyn","40.674431","-74.016345","5301","3008873","3006110011","BK0601"
"Horizon Concerts, Inc.","420 Lexington Ave., Suite 300","New York","NY","10170","(212) 297-6195","Music","Manhattan Council District #3","Manhattan Community Board #6","Manhattan","40.752262","-73.975464","92","1035385","1012807501","MN0604"
"Horizon Theatre Rep","117 East 37th St","New York","NY","10016","(646) 781-9067","Theater","Manhattan Council District #3","Manhattan Community Board #6","Manhattan","40.748615","-73.979053","80","1019086","1008930014","MN0603"
"Horticultural Society of New York","148 West 37th Street","New York","NY","10018","(212) 757-0915","Multi-Discipline, Non-Perform","Manhattan Council District #3","Manhattan Community Board #5","Manhattan","40.752465","-73.988237","109","1015249","1008120069","MN0502"
"Hotel Savant Theatre Company, Inc.","2350 Broadway","New York","NY","10024","(646) 221-4021","Theater","Manhattan Council District #3","Manhattan Community Board #7","Manhattan","40.788007","-73.976747","171","1033133","1012330016","MN0702"
"Hourglass Group, Ltd.","520 Eighth Avenue, Suite 317a","New York","NY","10018","(212) 439-8122","Theater","Manhattan Council District #3","Manhattan Community Board #5","Manhattan","40.753612","-73.992417","109","1083624","1007860001","MN0502"
"House Foundation for the Arts, Inc.","260 West Broadway, Suite #2","New York","NY","10013","(212) 904-1330","Multi-Discipline, Performing","Manhattan Council District #10","Manhattan Community Board #1","Manhattan","40.720404","-74.00544","33","1002740","1002127501","MN0102"
"House of SpeakEasy","117 E 19th St","New York","NY","10010","(845) 684-0908","Literature","Manhattan Council District #2","Manhattan Community Board #3","Manhattan","40.737229","-73.986937","50","1017913","1008750014","MN0602"
"House of the Roses Volunteer Dance Company, Inc.","P.O. Box 921","New York","NY","10150","(718) 850-0122","Dance","Manhattan Council District #3","Manhattan Community Board #4","Manhattan",,,,,,
"Houses on the Moon Theater Company","2 Tudor City Place","New York","NY","10017","(646) 228-2292","Theater","Manhattan Council District #6","Manhattan Community Board #6","Manhattan","40.747985","-73.971265","88","1038646","1013330018","MN0603"
"Housing Works Used Book Cafe, Inc.","126 Crosby Street","New York","NY","10012","(212) 966-0466","Literature","Manhattan Council District #1","Manhattan Community Board #2","Manhattan","40.724496","-73.996454","43","1007944","1005110012","MN0201"
"Howard Otway and Florence Otway Opportunity Project, Inc.","80 St. Marks Place","New York","NY","10003","(973) 747-7520","Multi-Discipline, Performing","Manhattan Council District #2","Manhattan Community Board #3","Manhattan","40.72785","-73.985922","38","1079759","1004490028","MN0303"
"Howl Arts, Inc.","6 East First Street","New York","NY","10003","(212) 334-6414","Multi-Discipline, Performing",,,"Manhattan","40.724757","-73.991947","3602","1079814","1004577501","MN0303"
"Hudson Guild, Inc.","441 West 26th Street","New York","NY","10001","(212) 760-9804","Multi-Discipl, Perf & Non-Perf","Manhattan Council District #3","Manhattan Community Board #4","Manhattan","40.749196","-74.001815","97","1012827","1007240010","MN0401"
"Hudson Review, Inc.","33 West 67th Street","New York","NY","10023","(212) 650-0020","Literature","Manhattan Council District #4","Manhattan Community Board #8","Manhattan","40.773491","-73.979348","15301","1028238","1011200011","MN0701"
"Hudson River Community Sailing","PO Box 20677","New York","NY","10011","(212) 924-1920","Other","Manhattan Council District #3","Manhattan Community Board #4","Manhattan",,,,,,
"human future dance corps","140 Second Avenue","New York","NY","10003","(212) 691-6500","Multi-Discipline, Performing",,"Manhattan Community Board #3","Manhattan","40.728956","-73.987401","38","1006362","1004500006","MN0303"
"Human Impacts Institute","312 South 3rd Street, Apt7","BROOKLYN","NY","11211","(917) 727-9761","Multi-Discipl, Perf & Non-Perf","Brooklyn Council District #34","Brooklyn Community Board #1","Brooklyn","40.709693","-73.954819","527","3063334","3024360012","BK0102"
"Humans in Harmony Corp.","PO Box #250818","New York","NY","10025","(646) 309-1056","Music","Manhattan Council District #7","Manhattan Community Board #9","Manhattan",,,,,,
"Humble Arts Foundation, Inc.","377a Nostrand Avenue","Brooklyn","NY","11216","(646) 330-1039","Visual Arts","Brooklyn Council District #36","Brooklyn Community Board #3","Manhattan",,,,,,
"Hungarian Theatre & Art Association Inc.","PO Box 20701","New York","NY","10021","(646) 228-0050","Multi-Discipline, Performing","Manhattan Council District #5","Manhattan Community Board #8","Manhattan",,,,,,
"Hunts Point Alliance for Children","1231 Lafayette Avenue, SB","New York","NY","10474","(718) 620-2824","Multi-Discipline, Performing","Bronx Council District #17","Bronx Community Board #2","Bronx","40.816486","-73.890277","9301","2005939","2027390015","BX0201"
"Hypercube Ensemble, Inc.","50-50 45th St, Basement","Woodside","NY","11377","(347) 284-7703","Music","Queens Council District #22","Queens Community Board #2","Queens","40.736461","-73.920997","187","4053174","4022940067","QN0202"
"I'm From Driftwood","144 North 7th Street","Brooklyn","NY","11249","(347) 423-4444","Film/Video/Audio","Brooklyn Council District #33","Brooklyn Community Board #1","Brooklyn","40.718261","-73.958424","553","3062075","3023270014","BK0102"
"I'RAISE Girls & Boys International Corporation","3640 White Plains Road","Bronx","NY","10467","(718) 725-8996","Multi-Discipline, Performing","Manhattan Council District #9","Bronx Community Board #12","Bronx","40.880178","-73.864749","380","2057854","2046620030","BX1201"
"I Cantori di New York","176 Broadway APT 15D","New York","NY","10038","(631) 439-0747","Music","Manhattan Council District #5","Manhattan Community Board #1","Manhattan","40.709932","-74.009869","1502","1001100","1000650017","MN0101"
"Ice Theatre of New York, Inc.","62 CHELSEA PIERS, SUITE 308","NEW YORK","NY","10011","(212) 929-5811","Dance","Manhattan Council District #3","Manhattan Community Board #4","Manhattan","40.747999","-74.008496","9901","1000000","1006620011","MN0401"
"Iconos Kids, Inc.","1660E Gun Hill Rd.","Bronx","NY","10469","(609) 566-7264","Multi-Discipline, Performing","Bronx Council District #12","Bronx Community Board #11","Bronx","40.866024","-73.837717","360","2054712","2045390015","BX1103"
"ID Studio Theater Performance and Research Center","311  E 140 ST","Bronx","NY","10454","(917) 658-5187","Theater","Manhattan Council District #10","Bronx Community Board #1","Bronx","40.81156","-73.924654","39","2000746","2023150021","BX0101"
"id Theatre Inc","143 E. 8th Street","Brooklyn","NY","11218","(718) 926-7832","Theater","Brooklyn Council District #39","Brooklyn Community Board #12","Manhattan","40.730169","-73.991384","57","1008952","1005540001","MN0202"
"Ifetayo Cultural Arts Academy, Inc.","1561 BEDFORD AVE 2ND FLOOR","Brooklyn","NY","11225","(718) 856-1123","Multi-Discipl, Perf & Non-Perf","Brooklyn Council District #45","Brooklyn Community Board #9","Brooklyn","40.668945","-73.955683","323","3033161","3012740001","BK0901"
"I Giullari di Piazza, Inc","1047 Amsterdam Avenue","New York","NY","10025","(646) 322-4637","Multi-Discipline, Performing","Manhattan Council District #7","Manhattan Community Board #9","Manhattan","40.804033","-73.963074","19701","1082706","1018650001","MN0901"
"I Giullari Di Piazza, Inc.","c/o Cathedral St. John Divine","New York","NY","10025","(212) 665-4516","Multi-Discipl, Perf & Non-Perf","Manhattan Council District #7","Manhattan Community Board #9","Manhattan",,,,,,
"iLAND, Inc.","140 Second Avenue","New York","NY","10003","(917) 860-8239","Dance","Manhattan Council District #2","Manhattan Community Board #3","Manhattan","40.728956","-73.987401","38","1006362","1004500006","MN0303"
"IlluminArt Productions","1000 Richmond Ter","Staten Island","NY","10301","(248) 705-0966","Theater","Staten Island Council Dist #49","Staten Island Community Board #1","Staten Island","40.645075","-74.104753","9702","5000000","5000760200","SI0191"
"ImageNation Film Festival","211 W. 145th St., #4F","New York","NY","10039","(212) 694-2887","Film/Video/Audio","Manhattan Council District #7","Manhattan Community Board #10","Manhattan","40.821938","-73.939759","232","1079777","1020310023","MN1002"
"Imagine Project Inc","540 ocean parkway 4k","NYC","NY","11218","(718) 851-8091","Multi-Discipline, Performing","Brooklyn Council District #39","Brooklyn Community Board #10","Manhattan",,,,,,
"Imagine Science Films","New Lab, Building 128, Suite 201","Brooklyn","NY","11205","(718) 596-6404","Film/Video/Audio","Brooklyn Council District #33","Brooklyn Community Board #2","Manhattan",,,,,,
"Imani Winds Foundation","123 W 128th Street Apt. 1","New York","NY","10027","(917) 971-0525","Music","Manhattan Council District #9","Manhattan Community Board #10","Manhattan","40.810073","-73.944961","224","1087398","1019130019","MN1002"
"Immaterial Incorporated","181 Wyckoff Street","Brooklyn","NY","11217","(718) 222-8434","Visual Arts","Brooklyn Council District #38","Brooklyn Community Board #2","Brooklyn","40.68462","-73.987128","71","3005872","3003860050","BK0601"
"Immediate Medium","525 Grand St","Brooklyn","NY","11211","(646) 526-4523","Multi-Discipline, Performing","Queens Council District #26","Brooklyn Community Board #1","Brooklyn","40.711053","-73.950183","513","3338177","3027790043","BK0102"
"Immigrant Adult Support Center","10 St. Paul Place","Brooklyn","NY","11226","(718) 940-5295","Multi-Discipline, Non-Perform","Brooklyn Council District #40","Brooklyn Community Board #14","Brooklyn","40.653695","-73.964022","50804","3328161","3050520027","BK1401"
"Immigrants' Theatre Project, Inc.","44 Douglass St.","Brooklyn","NY","11231","(718) 237-4545","Theater","Brooklyn Council District #33","Brooklyn Community Board #6","Manhattan",,,,,,
"Immigrant Social Services, Inc.","137 Henry Street","New York","NY","10002","(212) 571-1840","Multi-Discipline, Non-Perform","Manhattan Council District #2","Manhattan Community Board #3","Manhattan","40.71333","-73.990827","6","1003564","1002830015","MN0301"
"Impact Theatre, Inc.","210 W. 101st St. #2B","NYC","NY","10025","(212) 662-4108","Theater","Manhattan Council District #8","Manhattan Community Board #7","Manhattan","40.797538","-73.968755","187","1056485","1018720043","MN0703"
"InCollaboration, Inc.","29-27 Queens Plaza North","Long Island City","NY","11101","(718) 391-0354","Multi-Discipline, Non-Perform","Queens Council District #26","Queens Community Board #1","Queens","40.749915","-73.93663","3301","4004872","4004030009","QN0105"
"Incorporation of Artists on the Move, Inc.","118 West 114th Street, 1E","New York","NY","10026","(212) 665-5313","Multi-Discipl, Perf & Non-Perf","Manhattan Council District #9","Bronx Community Board #10","Manhattan","40.801185","-73.951759","216","1055028","1018230045","MN1001"
"Independent Curators International","401 Broadway","New York","NY","10013","(212) 254-8200","Visual Arts","Manhattan Council District #1","Manhattan Community Board #1","Manhattan","40.71871","-74.002482","33","1002310","1001940042","MN0102"
"Independent Feature Project, Inc.","55 Washington St.","Brooklyn","NY","11201","(212) 465-8200","Film/Video/Audio","Brooklyn Council District #33","Brooklyn Community Board #2","Brooklyn","40.70273","-73.989602","21","3000088","3000380001","BK0202"
"Independent Media Arts Preservation, Inc.","c/o Lehman College, Leif Lib. 201","Bronx","NY","10468","(212) 560-7259","New Media","Manhattan Council District #3","Manhattan Community Board #4","Manhattan",,,,,,
"India Center","244 5th Avenue","New York","NY","10001","(917) 541-8577",,,"Manhattan Community Board #5","Manhattan","40.744521","-73.987427","58","1015690","1008290040","MN0501"
"India Center Foundation, Inc.","15 Clark Street, Suite 3C","Brooklyn","NY","11201","(917) 209-1598","Multi-Discipl, Perf & Non-Perf","Brooklyn Council District #33","Brooklyn Community Board #2","Manhattan",,,,,,
"IndieSpace, Inc.","48-15 28th Avenue","Astoria","NY","11103","(917) 626-1369","Theater","Queens Council District #22","Queens Community Board #1","Queens","40.7624","-73.907105","145","4013953","4007440004","QN0104"
"Indo-American Arts Council, Inc.","303 5th Avenue","New York","NY","10016","(212) 594-3685","Multi-Discipl, Perf & Non-Perf","Manhattan Council District #5","Manhattan Community Board #5","Manhattan","40.746679","-73.985835","74","1016981","1008610001","MN0501"
"Indochina Sino-American Senior Citizen Center, Inc.","170 Forsyth St, 2nd Fl","New York","NY","10002","(212) 226-0317","Visual Arts","Manhattan Council District #1","Manhattan Community Board #3","Manhattan","40.721238","-73.991385","3601","1075911","1004217502","MN0302"
"IndyKids","811 Avenue H","Brooklyn","NY","11230","(212) 592-0116","New Media","Manhattan Council District #1","Brooklyn Community Board #12","Brooklyn","40.629262","-73.968726","460","3170160","3064960039","BK1402"
"Infinity Dance Theater Company, Ltd.","220 West 93rd Street, Apt. 6C","New York","NY","10025","(212) 877-3490","Dance","Manhattan Council District #6","Manhattan Community Board #7","Manhattan","40.792475","-73.972622","179","1033616","1012407502","MN0702"
"Infopower International Inc.","18-17 Gateway Blvd","Far Rockaway","NY","11691","(347) 606-5441","Multi-Discipline, Non-Perform","Queens Council District #31","Queens Community Board #14","Queens","40.600262","-73.75108","101003","4449669","4156280026","QN1401"
"Innovative Charitable Initiative, Inc.","1361 Amsterdam Avenue","New York","NY","10027","(212) 222-2792","Multi-Discipline, Non-Perform","Manhattan Council District #7","Manhattan Community Board #9","Manhattan","40.814216","-73.95564","21303","1081781","1019670040","MN0902"
"Innovative Theatre Foundation","PO Box 2104","New York","NY","10108","(347) 927-3366","Theater","Manhattan Council District #3","Manhattan Community Board #4","Manhattan",,,,,,
"Inoue Chamber Ensemble, Inc.","440 Riverside Drive, Suite 126","New York","NY","10027","(212) 864-6459","Music","Manhattan Council District #9","Manhattan Community Board #10","Manhattan","40.808999","-73.965686","205","1059817","1019900001","MN0901"
"In Parentheses, Inc","67 Saint Felix Street","New York","NY","11217","(917) 935-1595","Theater","Brooklyn Council District #35","Brooklyn Community Board #2","Manhattan",,,,,,
"Inquiring Minds Institute","321 Adelphi Street","Brooklyn","NY","11205","(347) 227-7004","Multi-Discipl, Perf & Non-Perf","Brooklyn Council District #35","Brooklyn Community Board #2","Brooklyn","40.687886","-73.970804","181","3335278","3021040065","BK0203"
"Inside Change from Within, Inc.","8 Spring Street","New York City","NY","10012","(917) 607-7922","Visual Arts","Manhattan Council District #1","Manhattan Community Board #2","Manhattan","40.721153","-73.994343","41","1007139","1004780020","MN0201"
"Inspiring Minds of New York City Inc.","410 Franklin Avenue","Brooklyn","NY","11238","(212) 470-6559","Science","Brooklyn Council District #35","Brooklyn Community Board #3","Brooklyn","40.684631","-73.956383","229","3390210","3019870044","BK0301"
"Institute for Multicultural Communication Coop & Development","4 West 43rd St","New York","NY","10036","(646) 657-0039","Multi-Discipline, Non-Perform","Manhattan Council District #4","Manhattan Community Board #5","Manhattan","40.754371","-73.980932","96","1034201","1012580042","MN0502"
"Institute for Public Architecture","900 Broadway","New York","NY","10003","(212) 219-9931","Architecture/Design","Manhattan Council District #2","Manhattan Community Board #5","Manhattan","40.739109","-73.989773","52","1016184","1008480061","MN0501"
"Instituto Arte Teatral Internacional, Inc.","64 E 4th St","New York","NY","10003","(212) 505-6757","Theater","Manhattan Council District #2","Manhattan Community Board #3","Manhattan","40.72667","-73.99058","38","1077965","1004590018","MN0303"
"Inta, Inc.","505 East 79th Street","New York","NY","10075","(212) 278-8111","Dance","Manhattan Council District #3","Manhattan Community Board #8","Manhattan","40.77119","-73.949932","13602","1050765","1015760005","MN0803"
"Interactive Drama for Education and Awareness in Schools, Inc.","98 4th Street, Ste. 305","Brooklyn","NY","11231","(718) 387-5055","Theater","Brooklyn Council District #39","Brooklyn Community Board #6","Brooklyn","40.676625","-73.992966","77","3008082","3004710125","BK0601"
"Intercultural Alliance of Artists & Scholars, Inc.","140-21 31st Road, 4G","Flushing","NY","11354","(718) 545-0763","Literature","Queens Council District #20",,"Queens","40.770685","-73.827623","88903","4440071","4043430125","QN0704"
"Interfaith League of Devotees","25 First Avenue","New York","NY","10003","(347) 251-4242","Multi-Discipline, Non-Perform","Manhattan Council District #2","Manhattan Community Board #2","Manhattan","40.723661","-73.988163","3602","1006094","1004430033","MN0303"
"Internal Creations, Inc.","867 W 181st #6B","New York","NY","10033","(646) 244-5819","Music","Manhattan Council District #10","Manhattan Community Board #12","Manhattan",,,,,,
"International African Arts Festival","1360 Fulton Street","Brooklyn","NY","11216","(718) 638-6700","Multi-Discipl, Perf & Non-Perf","Brooklyn Council District #35","Brooklyn Community Board #3","Brooklyn","40.680186","-73.94593","247","3329709","3018620001","BK0301"
"International Agency for Minority Artists Affairs, Inc.","Adam Clayton Powell, Jr. State Office Building","New York","NY","10027","(212) 749-5298","Multi-Discipline, Non-Perform","Manhattan Council District #9","Manhattan Community Board #10","Manhattan",,,,,,
"International Arts Movement, Inc.","Space 38|39","New York","NY","10018","(646) 261-2859","Multi-Discipl, Perf & Non-Perf","Manhattan Council District #3","Manhattan Community Board #5","Manhattan",,,,,,
"International Arts Relations, Inc.","500 West 52nd Street","New York","NY","10019","(212) 695-6134","Theater","Manhattan Council District #3","Manhattan Community Board #4","Manhattan","40.765964","-73.990971","13501","1088274","1010800028","MN0402"
"International Association of Art Critics American Section","330 East 63rd Street","New York","NY","10065",,,,"Manhattan Community Board #8","Manhattan","40.762565","-73.961245","110","1044377","1014370041","MN0801"
"International Black Film Festival, Inc","P.O. Box 2558","New York","NY","10108","(347) 371-2544","Film/Video/Audio","Manhattan Council District #3","Manhattan Community Board #5","Manhattan",,,,,,
"International Brazilian Opera Company","203 W 111 St 4A","New York","NY","10026","(646) 922-7640",,,"Manhattan Community Board #10","Manhattan","40.800262","-73.955379","216","1055083","1018270026","MN1001"
"International Center of Photography","84 Ludlow Street","New York","NY","10002","(212) 857-0000","Museum","Manhattan Council District #3","Manhattan Community Board #3","Manhattan","40.718142","-73.989336","18","1090849","1004097502","MN0302"
"International Contemporary Ensemble Foundation, Inc.","80 Hanson Pl","Brooklyn","NY","11217","(347) 227-7320","Music","Brooklyn Council District #38","Brooklyn Community Board #2","Brooklyn","40.685488","-73.974421","35","3057479","3020030034","BK0203"
"International Film Seminars, Inc.","335 East 14th Street","New York","NY","10009","(207) 975-6448","Film/Video/Audio","Manhattan Council District #3","Manhattan Community Board #6","Manhattan","40.731648","-73.983247","48","1020402","1009210019","MN0602"
"International Girls Ensemble","174 West 141st Street 4R","New York","NY","10030","(917) 579-9825",,,"Manhattan Community Board #10","Manhattan","40.818727","-73.940073","230","1060079","1020090061","MN1002"
"International Human Rights Art Festival","4142 73rd Street","Woodside","NY","11377","(240) 305-6742",,,"Queens Community Board #2","Queens","40.744153","-73.891836","26501","4030671","4013120043","QN0401"
"International Print Center New York","535 W 24th St","New York","NY","10011","(212) 989-5090","Visual Arts","Manhattan Council District #3","Manhattan Community Board #4","Manhattan","40.748936","-74.005042","9901","1012366","1006960013","MN0401"
"International Society for the Performing Arts Foundation","630 9th Avenue","New York","NY","10036","(212) 206-8490","Multi-Discipline, Performing","Manhattan Council District #3","Manhattan Community Board #4","Manhattan","40.760038","-73.991449","12101","1024982","1010350001","MN0402"
"International Studio and Curatorial Program","1040 Metropolitan Avenue","Brooklyn","NY","11211","(212) 279-1173","Visual Arts","Brooklyn Council District #34","Brooklyn Community Board #1","Brooklyn","40.714429","-73.934803","44902","3338341","3029250001","BK0104"
"International Youth Leadership Institute","127 West 127 Street","New York","NY","10027","(212) 222-0404","Multi-Discipl, Perf & Non-Perf","Manhattan Council District #9","Manhattan Community Board #10","Manhattan","40.809488","-73.945496","224","1057904","1019120012","MN1002"
"Intrepid Museum Foundation, Inc.","One Intrepid Square","New York","NY","10036","(212) 957-3700","Museum","Manhattan Council District #3","Manhattan Community Board #4","Manhattan",,,,,,
"Inwood Art Works Inc","97 Park Ter W","New York City","NY","10034","(513) 290-9003","Multi-Discipl, Perf & Non-Perf","Manhattan Council District #10","Manhattan Community Board #12","Manhattan","40.872003","-73.916447","307","1065039","1022430382","MN1203"
"Irish Repertory Theatre Company, Inc.","132 West 22nd Street","New York","NY","10011","(212) 255-0270","Theater","Manhattan Council District #3","Manhattan Community Board #4","Manhattan","40.74268","-73.99437","87","1014777","1007977503","MN0401"
"Irondale Productions, Inc.","85 S. Oxford St.","New York","NY","11217","(718) 488-9233","Theater","Brooklyn Council District #35","Brooklyn Community Board #2","Brooklyn","40.686942","-73.97357","181","3059350","3021180011","BK0203"
"IRT Theater, Inc.","154 Christopher Street","New York","NY","10014","(212) 206-6875","Theater","Manhattan Council District #2","Manhattan Community Board #2","Manhattan","40.73273","-74.008129","69","1010421","1006040033","MN0203"
"Isadora Duncan Dance Foundation","141 West 26th Street, 3rd Floor","New York","NY","10001","(917) 836-9514","Dance","Manhattan Council District #3","Manhattan Community Board #5","Manhattan","40.745343","-73.992674","95","1080591","1008020017","MN0501"
"Isamu Noguchi Foundation and Garden Museum","32-37 Vernon Boulevard","Long Island City","NY","11106","(718) 204-7088","Museum","Queens Council District #26","Queens Community Board #1","Queens","40.767243","-73.937405","45","4307192","4003147501","QN0105"
"Island Kids, Inc.","P.O. Box 2, Island Station","New York","NY","10044","(212) 421-3512","Multi-Discipline, Non-Perform","Manhattan Council District #5","Manhattan Community Board #8","Manhattan",,,,,,
"Island Voice, Inc.","P.O. Box 141274","Staten Island","NY","10314","(718) 273-7736","Multi-Discipline, Performing","Staten Island Council Dist #49","Staten Island Community Brd #1","Staten Island",,,,,,
"Issue Project Room, Inc.","22 Boerum Place","Brooklyn","NY","11201","(718) 812-1129","Music","Brooklyn Council District #38","Brooklyn Community Board #2","Brooklyn","40.690903","-73.989384","9","3002642","3002697501","BK0201"
"Italian American Museum","151 Mulberry Street","New York","NY","10013","(212) 965-9000","Museum","Manhattan Council District #1","Manhattan Community Board #2","Manhattan","40.719021","-73.997457","41","1003074","1002367504","MN0201"
"J. Mandle Performance, Inc.","232 Third Street, #D0A","Brooklyn","NY","11215","(917) 319-5897","Multi-Discipl, Perf & Non-Perf","Brooklyn Council District #38","Brooklyn Community Board #6","Manhattan",,,,,,
"J'Ouvert City International, Inc.","13 Atlantic Commons","Brooklyn","NY","11217","(718) 636-8029","Other","Brooklyn Council District #40","Brooklyn Community Board #9","Brooklyn","40.684186","-73.972702","179","3341470","3020050165","BK0203"
"Jack Arts, Inc.","20 Putnam Avenue","Brooklyn","NY","11238","(646) 734-8985","Multi-Discipline, Performing","Brooklyn Council District #35","Brooklyn Community Board #2","Brooklyn","40.682745","-73.961125","227","3057238","3019910016","BK0301"
"Jackie Robinson Foundation","75 Varick","New York","NY","10013","(212) 290-8600","Museum","Manhattan Council District #1","Manhattan Community Board #2","Manhattan",,,,,,
"Jackie Robinson Park Conservancy","85-89 Bradhurst Avenue","New York","NY","10039","(212) 252-2113","Music","Manhattan Council District #9","Manhattan Community Board #10","Manhattan","40.824198","-73.942229","231","1084164","1020520001","MN0903"
"JACK Music Inc","350 Fort Washington Ave","New York","NY","10033","(574) 238-1333","Music","Manhattan Council District #10","Manhattan Community Board #12","Manhattan","40.84689","-73.939899","263","1063506","1021420175","MN1201"
"Jackson Heights Art Club, Inc.","33-50 82nd Street","Jackson Heights, NY 11372","NY","11372","(718) 899-0065","Visual Arts","Queens Council District #25","Queens Community Board #3","Queens","40.754645","-73.885213","283","4028776","4012540032","QN0301"
"Jackson Heights Beautification Group","PO Box 720253","Jackson Heights","NY","11372","(917) 509-8757","Music","Queens Council District #25","Queens Community Board #3","Queens",,,,,,
"Jacques Marchais Center of Tibetan Arts, Inc.","338 Lighthouse Avenue","Staten Island","NY","10306","(718) 987-3500","Museum","Staten Island Council Dist #50","Staten Island Community Board #2","Staten Island","40.576285","-74.138645","279","5095332","5022750004","SI0203"
"Jamaica Center for Arts & Learning, Inc.","161-04 Jamaica Avenue","Jamaica","NY","11432","(718) 658-7400","Multi-Discipl, Perf & Non-Perf","Queens Council District #27","Queens Community Board #12","Queens","40.704025","-73.798437","44601","4215617","4101010011","QN1201"
"Jamel Gaines Creative Outlet Inc","138 South Oxford Street","Brooklyn","NY","11217","(917) 500-8774","Dance","Brooklyn Council District #35","Brooklyn Community Board #2","Brooklyn","40.685073","-73.973221","179","3000000","3020040048","BK0203"
"JAMES BALDWIN OUTDOOR LEARNING CENTER, INC.","600 West 246th St.","Bronx","NY","10471","(917) 232-1385","Other","Bronx Council District #11","Bronx Community Board #7","Bronx","40.892614","-73.910207","30701","2091924","2059090825","BX0803"
"James Beard Foundation","34 West 15th Street","New York","NY","10011","(212) 627-2308","Other","Manhattan Council District #3","Manhattan Community Board #4","Manhattan","40.737333","-73.994667","54","1015297","1008160061","MN0501"
"Japanese Folk Dance Institute of New York, Inc.","568 Grand St. Apt. J1206","New York","NY","10002","(212) 982-6952","Multi-Discipline, Performing","Manhattan Council District #1","Manhattan Community Board #3","Manhattan","40.713732","-73.979161","1001","1083419","1003210001","MN0302"
"Japan Performing Arts, Inc.","4124","Woodside","NY","11377","(646) 201-8129","Multi-Discipl, Perf & Non-Perf","Manhattan Council District #3","Queens Community Board #2","Queens",,,,,,
"Japan Society, Inc.","333 E 47th St","New York","NY","10017","(212) 715-1212","Museum","Manhattan Council District #4","Manhattan Community Board #6","Manhattan","40.75236","-73.968404","90","1038908","1013400016","MN0604"
"Jazz at Lincoln Center, Inc.","3 Columbus Circle","New York","NY","10019","(212) 258-9865","Music","Manhattan Council District #6","Manhattan Community Board #5","Manhattan","40.766835","-73.981968","137","1024900","1010297501","MN0502"
"Jazz Bytes, Inc.","1539 Lexington Avenue, Apt. 5E","New York","NY","10029","(212) 876-9252","Music","Manhattan Council District #8","Manhattan Community Board #11","Manhattan","40.78745","-73.949765","166","1082319","1016260021","MN1101"
"Jazz Drama Program","5030 Broadway","New York","NY","10034","(917) 818-1759","Multi-Discipline, Performing","Manhattan Council District #10","Manhattan Community Board #12","Manhattan","40.868979","-73.917383","303","1064883","1022310001","MN1203"
"Jazz Foundation of America, Inc.","247 West 37th Street, Suite 201","New York","NY","10018","(212) 245-3999","Music","Manhattan Council District #3","Manhattan Community Board #4","Manhattan","40.753475","-73.990594","109","1014454","1007870011","MN0502"
"Jazz Gallery","1158 Broadway","New York","NY","10001","(212) 242-1063","Music","Manhattan Council District #3","Manhattan Community Board #5","Manhattan","40.744489","-73.988513","58","1080699","1008290030","MN0501"
"Jazzmobile, Inc.","163 W 125th St","New York","NY","10027","(212) 866-4900","Music","Manhattan Council District #9","Manhattan Community Board #10","Manhattan","40.808644","-73.947524","222","1081602","1019100001","MN1001"
"Jazz Passengers Music Projects, Inc","559 Marlborough Rd","Brooklyn","NY","11226","(212) 929-4873","Music","Manhattan Council District #3","Brooklyn Community Board #14","Brooklyn","40.636353","-73.963494","520","3120182","3052010051","BK1402"
"JazzReach Performing Arts and Education Association","42 Main St","Brooklyn","NY","11201","(718) 625-5188","Music","Brooklyn Council District #33","Brooklyn Community Board #2","Brooklyn","40.702659","-73.990702","21","3000085","3000367502","BK0202"
"J CHEN PROJECT, Inc","661 9th Ave, Apt D","New York","NY","10036","(626) 893-1802","Dance","Manhattan Council District #3","Manhattan Community Board #4","Manhattan","40.760858","-73.990871","12102","1026456","1010550035","MN0402"
"Jewish Children's Learning Lab","515 West 20th Street","New York","NY","10011","(212) 924-4500","Humanities","Manhattan Council District #3","Manhattan Community Board #4","Manhattan","40.746215","-74.006456","9901","1012296","1006920023","MN0401"
"Jewish Children's Museum","792 Eastern Pkwy","Brooklyn","NY","11213","(718) 467-0600","Museum","Brooklyn Council District #35","Brooklyn Community Board #9","Brooklyn","40.669369","-73.941736","33702","3033058","3012720006","BK0901"
"Jewish Community Center in Manhattan, Inc.","334 Amsterdam Avenue","New York","NY","10023","(646) 505-4471","Multi-Discipl, Perf & Non-Perf","Manhattan Council District #6","Manhattan Community Board #7","Manhattan","40.781014","-73.979891","163","1085971","1011670033","MN0702"
"Jewish Community Center of Staten Island, Inc.","1466 Manor Road","Staten Island","NY","10314","(718) 475-5235","Film/Video/Audio","Staten Island Council Dist #50","Staten Island Community Brd #2","Staten Island","40.594916","-74.125393","181","5141743","5009550100","SI0203"
"Jewish Community Council of Greater Coney Island","3001 West 37th Street","New York","NY","11224","(718) 449-5000","Other","Brooklyn Council District #47","Brooklyn Community Board #13","Brooklyn","40.573177","-74.002509","340","3189617","3070650001","BK1302"
"Jewish Community Council of Pelham Parkway, Inc.","2157 Holland Avenue","Bronx","NY","10462","(718) 792-4744","Music","Bronx Council District #13","Bronx Community Board #11","Bronx","40.855218","-73.86574","22403","2049409","2043190045","BX1101"
"Jewish Community Council of the RockawayPeninsula","1525 Central Avenue","Far Rockaway","NY","11691","(718) 327-7755","Music","Queens Council District #31","Queens Community Board #14","Queens","40.605645","-73.751391","103202","4298051","4155450023","QN1401"
"Jewish Folk Crafts Guild, Inc.","P.O. Box 297191","Brooklyn","NY","11229","(646) 321-5220","Crafts","Brooklyn Council District #46","Brooklyn Community Board #15","Brooklyn",,,,,,
"Jewish Museum","1109 Fifth Avenue","New York","NY","10128","(212) 423-3215","Museum","Manhattan Council District #4","Manhattan Community Board #8","Manhattan","40.785298","-73.957263","16001","1047052","1015040001","MN0802"
"Jewish Plays Project","53 Lefferts Ave","Brooklyn","NY","11225","(347) 878-5771","Theater","Brooklyn Council District #40","Brooklyn Community Board #9","Brooklyn","40.661834","-73.959281","327","3034925","3013180086","BK0902"
"Jewish Theater of New York Incorporated","P.O. Box 845","New York","NY","10108","(212) 494-0050","Theater","Manhattan Council District #3","Manhattan Community Board #4","Manhattan",,,,,,
"Jiva Performing Arts, Inc.","22-44 Jackson Avenue","Long Island City","NY","11101","(646) 251-7463","Multi-Discipline, Performing","Brooklyn Council District #34","Queens Community Board #2","Queens","40.74564","-73.94609","1901","4596913","4000867501","QN0201"
"Joan Miller and the Chamber Arts Dance Players, Inc.","1380 Riverside Drive, #10B","New York","NY","10033","(212) 568-8854","Dance","Manhattan Council District #7","Manhattan Community Board #12","Manhattan","40.852295","-73.941359","275","1064332","1021790005","MN1202"
"Jody Sperling Time Lapse Dance, Inc.","825 West End Avenue #13G","New York","NY","10025","(212) 866-1759","Dance","Manhattan Council District #9","Manhattan Community Board #7","Manhattan","40.798027","-73.971196","187","1057135","1018897501","MN0703"
"John Jay College Foundation","555 W 57th Street","New York","NY","10019","(212) 237-8321","Multi-Discipline, Performing","Manhattan Council District #6","Manhattan Community Board #4","Manhattan","40.770009","-73.990657","13502","1027072","1010867502","MN0402"
"Jonah Bokaer Arts Foundation, Inc.","304 Boerum Street","Brooklyn","NY","11206","(917) 459-1072","Multi-Discipline, Performing","Brooklyn Council District #34","Brooklyn Community Board #4","Brooklyn","40.70675","-73.93542","485","3071388","3030830006","BK0104"
"Jon Lehrer Dance, Inc.","44-14 Newtown Road","Astoria","NY","11103","(315) 534-4261",,,"Queens Community Board #1","Queens","40.759172","-73.914155","153","4012495","4007090028","QN0104"
"Jose Limon Dance Foundation, Inc.","466 West 152nd Street, 2nd Fl","New York City","NY","10031","(212) 777-3353","Dance","Manhattan Council District #3","Manhattan Community Board #9","Manhattan","40.829329","-73.943644","23501","1061605","1020660059","MN0903"
"Joseph Gheraldi Playwright's Theatre","252 Reid Avenue","New York","NY","10305","(718) 351-6147","Theater","Staten Island Council Dist #50","Staten Island Community Brd #2","Staten Island","40.594306","-74.087239","9601","5049030","5033250046","SI0201"
"Josephine Herrick Project, Inc.","64 Fulton St","New York","NY","10038","(212) 213-4946","Photography","Manhattan Council District #1","Manhattan Community Board #1","Manhattan","40.708769","-74.005136","1502","1001176","1000760001","MN0101"
"Joyce Theater Foundation, Inc.","175 Eighth Avenue","New York","NY","10011","(212) 691-9740","Dance","Manhattan Council District #3","Manhattan Community Board #4","Manhattan","40.742757","-74.000346","89","1013110","1007420039","MN0401"
"Jozef Pilsudski Institute of America for Research in Modern History of Poland, Inc.","138 Greenpoint Ave","New York","NY","11222","(212) 505-9077","Humanities","Manhattan Council District #2","Brooklyn Community Board #1","Brooklyn","40.730084","-73.95535","565","3421613","3025630133","BK0101"
"Judd Foundation","101 Spring Street","New York","NY","10012","(212) 219-2747","Architecture/Design","Manhattan Council District #1","Manhattan Community Board #2","Manhattan","40.72333","-73.999405","49","1007585","1004980027","MN0201"
"Judson Memorial Church Inc","239 Thompson St","New York","NY","10012","(212) 477-0351","Multi-Discipline, Performing","Manhattan Council District #1","Manhattan Community Board #2","Manhattan","40.729923","-73.998409","65","1086188","1005417501","MN0202"
"Juggernaut Theatre Co., Inc.","P.O. Box 328","New York","NY","10011","(718) 875-7577","Theater","Manhattan Council District #3","Manhattan Community Board #4","Manhattan",,,,,,
"Julia de Burgos Latino Cultural Center","1689 Lexington Avenue","New York","NY","10029","(222) 222-2222",,,,"Manhattan","40.792342","-73.946197","172",,,"MN1101"
"Juneteenth Festival, Inc.","605 Water Street, Apt. 21B","New York","NY","10002","(212) 964-1904","Theater","Manhattan Council District #1","Manhattan Community Board #3","Manhattan","40.711249","-73.98445","202","1003141","1002440019","MN0302"
"Jupiter Symphony of New York, Inc.","155 West 68th Street","New York","NY","10023","(212) 799-1259","Music","Manhattan Council District #6","Manhattan Community Board #7","Manhattan","40.775704","-73.982659","15302","1028950","1011407501","MN0701"
"Jurukan, Inc.","118-17 Union Tpke","Forest Hills","NY","11375","(347) 955-2745","Multi-Discipl, Perf & Non-Perf","Queens Council District #29","Queens Community Board #6","Queens","40.712636","-73.834609","76901","4079634","4033340260","QN0602"
"K.S. J.A.M.M. Dance Troupe, Inc.","347 Nostrand Avenue","Brooklyn","NY","11216","(347) 789-4849","Dance","Brooklyn Council District #35","Brooklyn Community Board #3","Brooklyn","40.686378","-73.95076","251","3426264","3018087501","BK0301"
"Kaiser's Room Inc","101 w.23rd street","New York","NY","10011","(917) 727-2046","Theater","Manhattan Council District #3","Manhattan Community Board #4","Manhattan","40.743097","-73.993226","91","1014954","1007990035","MN0401"
"Kalavant Center for Music and Dance","326 East 11th Street, Ste. 2","New York","NY","10003","(212) 475-2348","Music","Manhattan Council District #2","Manhattan Community Board #3","Manhattan","40.729812","-73.985063","4001","1006442","1004520021","MN0303"
"Kan Cobra Tiger Alliance, Inc.","20 New York Avenue Suite 100","Brookyn","NY","11206","(917) 294-5877","Music","Brooklyn Council District #42","Brooklyn Community Board #3","Brooklyn","40.679602","-73.946817","247","3053759","3018610037","BK0301"
"Kathak Ensemble & Friends Caravan, Inc.","141 East 3rd Street, Apt. 12-H","New York","NY","10009","(212) 673-1282","Multi-Discipline, Performing","Manhattan Council District #2","Manhattan Community Board #3","Manhattan","40.723793","-73.985602","32","1005762","1004310031","MN0303"
"Kathryn Posin Dance Foundation","20 Bond Street","New York","NY","10012","(212) 777-1515","Dance","Manhattan Council District #1","Manhattan Community Board #2","Manhattan","40.726472","-73.993762","5502","1008500","1005300058","MN0202"
"Kaufman Arts District Foundation","c/o Kaufman Astoria Studios","Astoria","NY","11106","(718) 705-5075","Multi-Discipline, Performing","Queens Council District #26","Queens Community Board #1","Queens","40.757447","-73.923921","57",,,"QN0103"
"KDNY Incorporated","213 West 127th Street","New York","NY","10027","(646) 529-6412","Dance","Manhattan Council District #4","Manhattan Community Board #5","Manhattan","40.810455","-73.947768","224","1081506","1019330001","MN1002"
"Keen Theater Company, Inc.","C/O Moses Singer, 405 Lexington Ave","New York","NY","10174","(212) 216-0963","Theater","Manhattan Council District #3","Manhattan Community Board #6","Manhattan",,,,,,
"Keep Empowering Youth Achievement","187 19 Linden blvd","Saint Albans","NY","11434","(347) 529-9270","Dance","Queens Council District #27","Queens Community Board #12","Queens","40.692025","-73.765039","398","4221033","4103800025","QN1205"
"Keep Rising to the Top, Inc.","119 East 102 Street, Apt. 5B","New York","NY","10029","(212) 410-9426","Dance","Manhattan Council District #8","Manhattan Community Board #11","Manhattan","40.790008","-73.948885","166","1051879","1016300010","MN1101"
"Kehila Kedosha Janina Synagogue and Museum","280 Broome Street","New York","NY","10002","(212) 431-1619","Museum","Manhattan Council District #1",,"Manhattan","40.718466","-73.991328","18","1005465","1004140027","MN0302"
"Keigwin and Company, Inc.","450 Lexington Avenue, #2361","New York","NY","10163","(212) 278-0691","Dance","Manhattan Council District #3","Manhattan Community Board #8","Manhattan","40.753102","-73.974854","92","1085671","1012800090","MN0604"
"Kenkeleba House, New York","214 East Second Street","New York","NY","10009","(212) 674-3939","Visual Arts","Manhattan Council District #2","Manhattan Community Board #3","Manhattan","40.721794","-73.982889","2202","1004609","1003850063","MN0303"
"Kentler International Drawing Space, Inc.","353 Van Brunt St","Brooklyn","NY","11231","(718) 875-2098","Visual Arts","Brooklyn Council District #38","Brooklyn Community Board #6","Brooklyn","40.677105","-74.013177","5301","3319434","3005760004","BK0601"
"Kerri Edge Children's Dance Ensemble, Inc.","217-12 Merrick Boulevard","Laurelton","NY","11413","(718) 527-2011","Dance","Queens Council District #31","Queens Community Board #13","Queens","40.679923","-73.752087","358","4279942","4130110037","QN1305"
"Kettle Corn New Music INC","145 4th Avenue","New York","NY","10003","(917) 902-4619","Music","Manhattan Council District #2","Manhattan Community Board #3","Manhattan","40.733916","-73.989872","42","1077569","1005590009","MN0303"
"Keys to the Future Festival, Inc.","200 West 20th Street, Ste. 502","New York","NY","10011","(212) 242-2691","Music","Manhattan Council District #3","Manhattan Community Board #4","Manhattan","40.742299","-73.997196","87","1068149","1007697503","MN0401"
"Kinding Sindaw Heritage Foundation, Inc.","37-30 73rd St.","Jackson Heights","NY","11372","(917) 710-2335","Folk Arts","Manhattan Council District #2","Queens Community Board #3","Queens","40.748037","-73.892577","291","4029772","4012830016","QN0301"
"Kindred Arts","244 Madison Ave, Ste 172, Ste 172","New York","NY","10016","(917) 685-6855","New Media","Manhattan Council District #9","Manhattan Community Board #10","Manhattan","40.750131","-73.981247","82","1017221","1008670057","MN0502"
"King Manor Association of Long Island, Inc.","150-03 Jamaica Avenue","Jamaica","NY","11432","(718) 206-0545","Museum","Queens Council District #24","Queens Community Board #12","Queens","40.702376","-73.803607","240","4438667","4096820001","QN1201"
"Kings Bay YM-YWHA, Inc.","3495 Nostrand Ave","Brooklyn","NY","11229","(718) 648-7703","Multi-Discipline, Performing","Brooklyn Council District #45","Brooklyn Community Board #15","Brooklyn","40.598817","-73.94157","570","3200300","3073630036","BK1503"
"Kingsborough Community College Auxiliary Enterprises Corp.","Kingsborough Community College Auxiliary Enterprises","Brooklyn","NY","11235","(718) 368-4539","Multi-Discipline, Performing","Brooklyn Council District #48","Brooklyn Community Board #15","Brooklyn","40.577904","-73.93535","616","3000000","3087600060","BK1503"
"Kingsbridge Heights Community Center, Inc.","3101 Kingsbridge Terrace","Bronx","NY","10463","(718) 884-0700","Multi-Discipline, Non-Perform","Bronx Council District #14","Bronx Community Board #8","Bronx","40.877505","-73.90033","277","2015788","2032570111","BX0801"
"Kings County Shakespeare Company, Inc.","138 South Oxford Street, #1C","Brooklyn","NY","11217","(718) 398-2546","Theater","Brooklyn Council District #33","Brooklyn Community Board #2","Brooklyn","40.685073","-73.973221","179","3000000","3020040048","BK0203"
"Kings Majestic Corporation","10 Lafayette Ave., 4th Floor","Brooklyn","NY","11217","(929) 506-5886","Multi-Discipline, Performing","Brooklyn Council District #35","Brooklyn Community Board #2","Brooklyn","40.686754","-73.978661","35","3428715","3021107501","BK0203"
"Kleinman Holocaust Education Center Inc","5923 Strickland Avenue","Brooklyn","NY","11234","(718) 759-6200","Museum","Brooklyn Council District #46","Brooklyn Community Board #18","Brooklyn","40.607938","-73.915358","698","3391939","3084707501","BK1802"
"Knickerbocker Chamber Orchestra","P. O. Box 838","New York","NY","10272","(212) 267-3102","Music","Manhattan Council District #1","Manhattan Community Board #1","Manhattan",,,,,,
"Knowledge Project","111 John Street, Suite 1070","New York","NY","10038","(212) 346-9933","Multi-Discipline, Performing","Manhattan Council District #1","Manhattan Community Board #1","Manhattan","40.707671","-74.005764","1502","1001167","1000750030","MN0101"
"KODA Arts Inc.","1062 Dean St Apt 3","Brooklyn","NY","11216","(929) 303-2884",,,"Brooklyn Community Board #8","Brooklyn","40.67742","-73.954722","221","3030252","3012110015","BK0802"
"Korean American Heritage Foundation, Inc.","163-07 Depot Road, #206","Flushing","NY","11358","(646) 275-0549","Folk Arts","Queens Council District #19","Queens Community Board #7","Brooklyn",,,,,,
"Korean Art Forum","616 W 207th St.","New York City","NY","10034","(347) 840-1142","Visual Arts","Manhattan Council District #10","Manhattan Community Board #12","Manhattan","40.86781","-73.9213","295","1064984","1022410024","MN1203"
"Korean Community Service of Metropolitan New York","203-05 32nd Avenue","Bayside","NY","11361","(718) 939-6137","Dance","Queens Council District #20","Queens Community Board #11","Queens","40.770539","-73.786535","1085","4134304","4060300040","QN1101"
"Korean Traditional Marching Band, Inc.","45-19 162 Street","Flushing","NY","11358","(646) 808-7272","Music","Queens Council District #20","Queens Community Board #7","Queens","40.755665","-73.804616","1191","4123255","4054410029","QN0705"
"Korean Traditional Performing Arts Association, Inc.","142 West 49th Street","New York","NY","10019","(212) 921-9344","Folk Arts","Manhattan Council District #3","Manhattan Community Board #5","Manhattan","40.759798","-73.982172","125","1022694","1010010055","MN0502"
"Korea Society","350 Madison Avenue, 24th Floor","New York","NY","10017","(212) 759-7525","Visual Arts","Manhattan Council District #4","Manhattan Community Board #6","Manhattan","40.754374","-73.978145","94","1035377","1012790057","MN0502"
"Kota Alliance, Inc.","43 St Nicholas Pl","New York","NY","10031","(347) 884-3626",,,"Manhattan Community Board #9","Manhattan","40.828581","-73.941459","23501","1061619","1020670030","MN0903"
"KowTeff School of African Dance","168 Macon St","Brooklyn","NY","11216","(718) 789-5870","Multi-Discipl, Perf & Non-Perf","Brooklyn Council District #36","Brooklyn Community Board #10","Brooklyn","40.681665","-73.944476","269","3053319","3018510029","BK0301"
"KRVC Development Corporation","505 West 236th Street","Bronx","NY","10463","(718) 543-7100","Multi-Discipline, Performing","Bronx Council District #11","Bronx Community Board #8","Bronx","40.886562","-73.907206","295","2084186","2057960167","BX0803"
"Kundiman, Inc.","99 Wall St","New York","NY","10005","(347) 693-6506","Literature","Manhattan Council District #8","Manhattan Community Board #1","Manhattan","40.705","-74.007156","7","1000865","1000337501","MN0101"
"Kunqu Society, Inc.","POB 528301","Flushing","NY","11352","(718) 352-0070","Folk Arts","Queens Council District #20","Queens Community Board #7","Queens",,,,,,
"Kupferberg Center Performances","65-30 Kissena Boulevard","Queens","NY","11367","(718) 997-2785","Multi-Discipline, Performing","Queens Council District #24","Queens Community Board #8","Queens","40.736707","-73.814703","809","4141870","4065170001","QN0801"
"Kweli Journal, Inc.","334 East 73rd Street","New York","NY","10021","(646) 709-7026","Literature","Manhattan Council District #5","Manhattan Community Board #8","Manhattan","40.769085","-73.956941","12601","1044886","1014470033","MN0801"
"KW Projects, Inc.","145 17th Street, #2","Brooklyn","NY","11215","(646) 330-7609","Dance","Brooklyn Council District #38","Brooklyn Community Board #7","Manhattan",,,,,,
"Kyo-Shin-An Arts, Inc.","44 Prospect Park West #C6","Brooklyn","NY","11215","(718) 832-5435","Music","Brooklyn Council District #33","Brooklyn Community Board #6","Manhattan",,,,,,
"L'Amore della Musica Inc.","736 W 187 St","New York","NY","10033","(212) 795-1951","Music","Manhattan Council District #10","Manhattan Community Board #12","Manhattan","40.854672","-73.935262","271","1087079","1021807503","MN1202"
"L'Opera Francais de New York, Inc.","620 Fifth Avenue, 6th Floor","New York","NY","10020","(212) 632-5565","Music","Manhattan Council District #3","Manhattan Community Board #5","Manhattan","40.758323","-73.977368","104","1075692","1012650050","MN0502"
"La Asociacion Benefica Cultural Padre Billini, Inc.","35-34 105th Street","Corona","NY","11368","(718) 651-8427","Dance","Queens Council District #24","Queens Community Board #3","Queens","40.754876","-73.863206","379","4437218","4017460027","QN0303"
"LAByrinth, Inc.","50 Central Park W","New York","NY","10023","(212) 513-1018","Theater","Manhattan Council District #3","Manhattan Community Board #7","Manhattan","40.77169","-73.979273","149","1028138","1011170036","MN0701"
"La Casa de la Herencia Cultural Puertorriquena","1230 Fifth Avenue","New York City","NY","10029","(212) 722-2600","Multi-Discipl, Perf & Non-Perf","Manhattan Council District #8","Manhattan Community Board #11","Manhattan","40.793072","-73.951992","168","1051499","1016100001","MN1101"
"La Compagnia de' Colombari, Inc.","PO Box 17","New York","NY","10014","(646) 246-6307","Theater","Manhattan Council District #3","Manhattan Community Board #2","Manhattan",,,,,,
"La Donna Dance, Inc.","140 2nd Ave","New York","NY","10003","(212) 982-1227","Dance","Manhattan Council District #2","Manhattan Community Board #3","Manhattan","40.728956","-73.987401","38","1006362","1004500006","MN0303"
"La Fortaleza Community Development Corporation","215 East 99th Street","El Barrio/NY,","NY","10029","(646) 633-1790","Multi-Discipl, Perf & Non-Perf","Manhattan Council District #8","Manhattan Community Board #12","Manhattan","40.786963","-73.947537","164","1052383","1016490009","MN1101"
"LaGuardia and Wagner Archives","31-10 Thomson Avenue","Long Island City","NY","11101","(718) 482-5301","Humanities","Queens Council District #26","Queens Community Board #2","Queens","40.744902","-73.935022","17902","4003534","4002780001","QN0202"
"LaGuardia Performing Arts Center","31-10 Thomson Avenue, Room E413","Long Island City","NY","11101","(718) 482-5301","Multi-Discipline, Performing","Queens Council District #26","Queens Community Board #1","Queens","40.744902","-73.935022","17902","4003534","4002780001","QN0202"
"La Mama Experimental Theater Club, Inc.","74A East 4th Street","New York","NY","10003","(212) 254-6468","Theater","Manhattan Council District #2","Manhattan Community Board #3","Manhattan","40.726494","-73.990169","38",,,"MN0303"
"LaMicro Theater, Inc.","43-08 41st. Street  Apt.4A","New York","NY","11104","(212) 929-0332","Theater","Manhattan Council District #2","Manhattan Community Board #3","Manhattan",,,,,,
"Landmark West, Inc.","45 W 67th St","New York","NY","10023","(212) 496-8110","Architecture/Design","Manhattan Council District #6","Manhattan Community Board #7","Manhattan","40.773595","-73.979594","15301","1028260","1011207501","MN0701"
"Lark Theatre Company","311 West 43rd Street","New York","NY","10036","(212) 246-2676","Theater","Manhattan Council District #6","Manhattan Community Board #4","Manhattan","40.75818","-73.989922","12101","1024965","1010347501","MN0402"
"Latin American Film Center, Inc.","3 Washington Square Village","New York","NY","10012","(214) 674-5877","Film/Video/Audio","Manhattan Council District #4","Manhattan Community Board #2","Manhattan","40.727881","-73.998557","5501","1077835","1005330001","MN0202"
"Latin American Intercultural Alliance","86-28 110th Street","Richmond Hill","NY","11418","(347) 995-2745","Multi-Discipl, Perf & Non-Perf","Queens Council District #27","Queens Community Board #12","Queens","40.697707","-73.838573","128","4192199","4092050019","QN0902"
"Latin American Theater Experiment & Associates","107 Suffolk St","New York","NY","10002","(212) 529-1948","Theater","Manhattan Council District #1","Manhattan Community Board #3","Manhattan","40.718943","-73.986122","1402","1004301","1003530054","MN0302"
"Latin American Theatre Ensemble Inc.","350 West 51st Street,  Apt. 13-D","New York","NY","10019","(212) 397-3262","Theater","Manhattan Council District #8","Manhattan Community Board #11","Manhattan","40.76374","-73.987632","133","1025183","1010410050","MN0402"
"Latin American Workshop, Inc.","985 Amsterdam Avenue","New York","NY","10025","(212) 665-9460","Film/Video/Audio","Manhattan Council District #8","Manhattan Community Board #11","Manhattan","40.801931","-73.96461","193","1055998","1018630003","MN0703"
"Latin Jazz Coalition","80-15 Cross Island Parkway","Bellerose","NY","11426","(718) 343-3113","Music","Queens Council District #23","Queens Community Board #13","Queens","40.740198","-73.725037","157101","4165637","4078990040","QN1302"
"Latino Film Market Inc","812 Riverside drive","NY","NY","10032","(347) 252-7952","Film/Video/Audio","Manhattan Council District #10","Manhattan Community Board #12","Manhattan","40.835489","-73.945583","247","1063305","1021367501","MN1201"
"Latino International Theater Festival of New York, Inc.","142 East 27th Street, Ste. 1A","New York","NY","10016","(212) 695-4010","Theater","Manhattan Council District #2","Manhattan Community Board #6","Manhattan","40.741825","-73.982458","68","1018149","1008820056","MN0602"
"La Troupe Makandal, Inc.","621 Rutland Rd Apt 4C","Brooklyn","NY","11203","(718) 953-6638","Multi-Discipline, Performing","Brooklyn Council District #40","Brooklyn Community Board #9","Brooklyn","40.660056","-73.940118","810","3107065","3048040040","BK0902"
"Latsky Dance, Inc.","400 West 43rd Street, Suite 21S","New York","NY","10036","(917) 929-6985","Dance","Manhattan Council District #3","Manhattan Community Board #4","Manhattan","40.759302","-73.992636","12102","1083745","1010520001","MN0402"
"Laundromat Project, Inc.","1476 Fulton St","Brooklyn","NY","11216","(718) 574-0798","Visual Arts","Brooklyn Council District #36","Brooklyn Community Board #3","Brooklyn","40.67997","-73.941903","271","3345900","3018630034","BK0302"
"Laurie Foundation for the Performing Arts, Inc.","547 West 26th Street","New York","NY","10001","(212) 244-0015","Dance","Manhattan Council District #3","Manhattan Community Board #4","Manhattan","40.750259","-74.004345","9902","1012390","1006980010","MN0401"
"LayeRhythm Productions, Inc.","320 E 25th Street, Apt 4BB","New York","NY","10010",,,,"Manhattan Community Board #6","Manhattan","40.738869","-73.979283","66","1078831","1009300012","MN0603"
"LEA","341 Wadsworth Avenue, Suite B","New York","NY","10040","(212) 543-0682","Multi-Discipline, Non-Perform","Manhattan Council District #10","Manhattan Community Board #12","Manhattan","40.855572","-73.930757","279","1064021","1021690001","MN1202"
"League of American Theatres and Producers, Inc.","729 Seventh Avenue","New York","NY","10019","(212) 703-0222","Theater","Manhattan Council District #3","Manhattan Community Board #5","Manhattan","40.760103","-73.983973","125","1022699","1010017501","MN0502"
"League of Composers","24 Waverly Place RM 268","New York","NY","10003","(718) 622-3005","Music","Brooklyn Council District #33","Manhattan Community Board #2","Manhattan","40.730398","-73.994938","59","1008822","1005470005","MN0202"
"League of Professional Theatre Women","22 East 30th Street","New York","NY","10016","(646) 389-5676","Theater","Manhattan Council District #3","Manhattan Community Board #5","Manhattan","40.745419","-73.985229","74","1087726","1008597501","MN0501"
"Learning Leaders, Inc.","75 Maiden Lane","New York","NY","10038","(212) 213-3370","Visual Arts","Manhattan Council District #1","Manhattan Community Board #1","Manhattan","40.707657","-74.007758","1502","1001112","1000680011","MN0101"
"Learning Through an Expanded Arts Program, Inc.","535 Eighth Avenue","New York","NY","10018","(212) 769-4160","Multi-Discipline, Non-Perform","Manhattan Council District #6","Manhattan Community Board #5","Manhattan","40.75395","-73.992193","111","1013599","1007600043","MN0401"
"Legacy Center","2069 Bruckner Boulevard","Bronx","NY","10472","(917) 634-9200","Multi-Discipline, Performing","Bronx Council District #18","Bronx Community Board #9","Bronx","40.827044","-73.854205","78","2000000","2037970033","BX0903"
"Legros Cultural Arts, Inc.","146-28 225 Street","Rosedale","NY","11413","(917) 741-2992","Multi-Discipl, Perf & Non-Perf","Queens Council District #31","Queens Community Board #13","Manhattan",,,,,,
"Lehman College Art Gallery","250 Bedford Park Boulevard West","Bronx","NY","10468","(718) 960-7732","Visual Arts","Bronx Council District #11","Bronx Community Board #7","Bronx","40.875028","-73.89286","409","2097309","2032470165","BX0702"
"Lehman College Center for the Performing Arts, Inc.","250 Bedford Park Blvd W","The Bronx","NY","10468","(718) 960-8490","Multi-Discipline, Performing","Bronx Council District #11","Bronx Community Board #7","Bronx","40.875028","-73.89286","409","2097309","2032470165","BX0702"
"LEMUR","461 Third Avenue","Brooklyn","NY","11215","(212) 431-1130","Multi-Discipl, Perf & Non-Perf","Brooklyn Council District #38","Brooklyn Community Board #6","Brooklyn","40.671239","-73.991193","121","3022219","3010090006","BK0601"
"Les Ballets Trockadero de Monte Carlo, Inc.","PO Box 1325 Gracie Station","New York","NY","10028","(202) 251-4176","Dance","Manhattan Council District #5","Manhattan Community Board #8","Manhattan",,,,,,
"Lesbian and Gay Community Services Center, Inc.","208 W 13 St","New York","NY","10011","(212) 620-7310","Multi-Discipl, Perf & Non-Perf","Manhattan Council District #3","Manhattan Community Board #2","Manhattan","40.738034","-74.000603","77","1067571","1006170047","MN0203"
"LES Film Festival, Inc","115 Delancey St","New York","NY","10002","(347) 223-4346","Film/Video/Audio","Manhattan Council District #1","Manhattan Community Board #3","Manhattan","40.718509","-73.988085","18","1090554","1003527501","MN0302"
"Leslie-Lohman Museum of Gay and Lesbian Art","26 Wooster Street","New York","NY","10013","(212) 431-2609","Museum","Manhattan Council District #1","Manhattan Community Board #2","Manhattan","40.721705","-74.003204","47","1077455","1002290020","MN0201"
"Letter of Marque Theater, Incorporated","172 5th Ave No. 191","Brooklyn","NY","11217","(718) 246-2411","Theater","Brooklyn Council District #39","Brooklyn Community Board #6","Brooklyn","40.677501","-73.979731","131","3019561","3009490046","BK0602"
"Leviathan Lab, Inc.","425 West 18th Street","New York","NY","10011","(347) 581-3047","Theater","Manhattan Council District #3","Manhattan Community Board #4","Manhattan","40.743962","-74.004735","89","1089965","1007167506","MN0401"
"Lewis Howard Latimer Fund, Inc.","3441 137th St.","Flushing","NY","11354","(718) 961-8585","Museum","Queens Council District #25","Queens Community Board #7","Queens","40.765923","-73.829621","88902","4538071","4049530001","QN0707"
"Liberata Dance Theatre, Inc.","440 West 34th Street","New York","NY","10001","(212) 971-6054","Multi-Discipline, Performing","Manhattan Council District #3","Manhattan Community Board #4","Manhattan","40.754019","-73.997834","103","1012854","1007310065","MN0401"
"Liberated Movement, Inc.","380 Broadway","New York","NY","10013","(646) 244-7889","Dance","Manhattan Council District #1","Manhattan Community Board #1","Manhattan","40.718112","-74.002958","31","1002317","1001950001","MN0102"
"Liberian Cultural Association, Inc.","361 Van Duzer Street","Staten Island","NY","10304","(347) 893-3393","Multi-Discipline, Performing","Staten Island Council Dist #49","Staten Island Community Brd #1","Staten Island","40.629308","-74.079373","21","5013472","5005130060","SI0102"
"Library Action Committee of Corona-East Elmhurst, Inc.","100-01 Northern Boulevard","Corona","NY","11368","(718) 651-1100","Multi-Discipline, Performing","Queens Council District #21","Queens Community Board #3","Queens","40.757361","-73.868331","363","4437193","4016950039","QN0302"
"Library Study Hall","1 43rd St","Brooklyn","NY","10960","(917) 864-6471","Humanities","Brooklyn Council District #38","Brooklyn Community Board #7","Brooklyn","40.655201","-74.016474","1803","3345662","3007150001","BK0702"
"LIFE Camp Inc.","111-12 Sutphin Blvd.","Jamaica","NY","11435","(917) 280-3864",,,"Queens Community Board #12","Queens","40.688355","-73.795409","190","4540376","4119650026","QN1203"
"Life Force Arts, Inc.","10 South Oxford St","BROOKLYN","NY","11217","(212) 920-6583","Music","Brooklyn Council District #35","Brooklyn Community Board #2","Brooklyn","40.689124","-73.974016","181","3058894","3021007501","BK0203"
"Life Jacket Theatre Company","51 Jane Street, Suite #10","New York","NY","10014","(917) 478-3572","Theater","Manhattan Council District #3","Manhattan Community Board #2","Manhattan","40.738146","-74.005131","77","1011667","1006260054","MN0203"
"Life of Hope, Inc.","710 E. 37 Street","New York City","NY","11203","(917) 216-3137","Multi-Discipl, Perf & Non-Perf","Brooklyn Council District #45","Brooklyn Community Board #17","Brooklyn","40.6398","-73.941625","832","3333839","3049700035","BK1702"
"Life Through Dance, Inc.","345 Riverside Drive, #5A","New York","NY","10025","(646) 250-1847","Dance","Manhattan Council District #9","Bronx Community Board #7","Manhattan","40.802794","-73.969464","195","1057273","1018920032","MN0703"
"Light & Love Productions, Inc.","8915 Parsons Boulevard, Ste. 9L","Jamaica","NY","11432","(347) 806-0344","Film/Video/Audio","Queens Council District #24","Queens Community Board #12","Queens","40.705537","-73.801509","44601","4208859","4097580006","QN1201"
"Lighthouse International","250 West 64th Street","New York","NY","10023","(212) 821-9374","Music","Manhattan Council District #4","Manhattan Community Board #8","Manhattan","40.774338","-73.987266","15101","1030337","1011547501","MN0701"
"Light Industry Cinema Projects, Ltd.","361 Stagg Street","Brooklyn","NY","11206","(646) 420-0359","Film/Video/Audio","Brooklyn Council District #38","Brooklyn Community Board #1","Brooklyn","40.710477","-73.934421","485","3070837","3030290065","BK0104"
"Light Opera of New York, Inc.","Light Opera of New York","New York","NY","10101","(610) 613-4793","Multi-Discipline, Performing","Manhattan Council District #3","Manhattan Community Board #4","Manhattan",,,,,,
"Lincoln Center for the Performing Arts, Inc.","165 West 65th Street","New York","NY","10023","(212) 875-5000","Multi-Discipline, Performing","Manhattan Council District #6","Manhattan Community Board #7","Manhattan","40.773915","-73.984284","149","1077844","1011377501","MN0701"
"Lincoln Square District Management Association, Inc.","1841 Broadway","New York","NY","10023","(212) 581-3774","Music","Manhattan Council District #6","Manhattan Community Board #7","Manhattan","40.769169","-73.982111","145","1000000","1011130018","MN0701"
"Lindsay's Theatre","161 Sixth Avenue, 14th Floor","New York","NY","10013","(212) 691-6969","Theater",,"Manhattan Community Board #2","Manhattan","40.725644","-74.003987","37","1007822","1005050031","MN0201"
"Literary Arts & Film Foundation Inc.","608 West 135th Street, Suite 5a","New York","NY","10031","(212) 283-4738","Film/Video/Audio","Manhattan Council District #7","Manhattan Community Board #9","Manhattan","40.820348","-73.955687","22302","1079747","1020010038","MN0902"
"Literary Freedom Project","80 Van Cortlandt Park South","The Bronx","NY","10463","(347) 454-2161","Literature","Bronx Council District #8","Bronx Community Board #4","Bronx","40.884706","-73.889991","281","2015473","2032520209","BX0801"
"Little Branches of Borinquen, Inc.","2038 Davidson Avenue","Bronx","NY","10453","(718) 731-6360","Dance","Bronx Council District #14","Bronx Community Board #5","Bronx","40.853537","-73.908741","243","2008399","2028630028","BX0501"
"Little Opera Theatre of NY","307 West 38th Street, Suite 1614","New York","NY","10018","(646) 382-4952","Music","Manhattan Council District #4","Manhattan Community Board #4","Manhattan","40.754946","-73.992175","115","1013643","1007627503","MN0402"
"Little Orchestra Society/Orpheon, Inc.","630 Ninth Avenue","New York","NY","10036","(212) 971-9500","Music","Manhattan Council District #3","Manhattan Community Board #4","Manhattan","40.760038","-73.991449","12101","1024982","1010350001","MN0402"
"Living Arts Productions","731 West 183rd Street #3-l","New York","NY","10033","(914) 961-8822","Multi-Discipline, Performing","Manhattan Council District #7","Manhattan Community Board #12","Manhattan","40.851994","-73.937224","273","1064410","1021800085","MN1202"
"Living Image Arts, Inc.","1072 Lorimer Street","Brooklyn","NY","11222","(718) 389-2151","Theater","Brooklyn Council District #33","Brooklyn Community Board #1","Brooklyn","40.727372","-73.953851","561","3065314","3025960008","BK0101"
"Living Room for Artists, Inc.","1501 Broadway","New York","NY","10036","(212) 279-4040","Theater","Manhattan Council District #3","Manhattan Community Board #5","Manhattan","40.757103","-73.986193","119","1024706","1010150029","MN0502"
"Living Theatre, Inc.","21 Clinton Street","New York","NY","10002","(212) 397-9307","Theater","Manhattan Council District #1","Manhattan Community Board #3","Manhattan","40.720683","-73.984253","3001","1088336","1003500026","MN0302"
"Living Traditions, Inc.","315 Columbia Street","Brooklyn","NY","11231","(212) 532-8202","Folk Arts","Manhattan Council District #2","Brooklyn Community Board #6","Brooklyn","40.681502","-74.004388","51","3005185","3003630006","BK0601"
"Loadbang Inc.","69 Bennett Ave","New York","NY","10033","(412) 680-0974","Music","Manhattan Council District #10","Manhattan Community Board #12","Manhattan","40.852657","-73.935542","271","1064427","1021807501","MN1202"
"Local 802 Senior Musicians Association","322 West 48th Street","New York, NY","NY","10036","(212) 245-4802","Music","Manhattan Council District #4","Manhattan Community Board #3","Manhattan","40.761511","-73.988167","127","1025108","1010380043","MN0402"
"Local Project","11-27 44th Road","New York","NY","11101","(646) 298-0969","Multi-Discipl, Perf & Non-Perf","Queens Council District #26","Queens Community Board #2","Queens","40.749237","-73.949061","1903","4005222","4004460018","QN0201"
"Location One, Inc.","26 Greene Street","New York","NY","10013","(212) 334-3347","Visual Arts","Manhattan Council District #1","Manhattan Community Board #2","Manhattan","40.721172","-74.002576","47","1002990","1002307503","MN0201"
"Loco7 Dance Puppet Theatre Company Incorporated","69 East 4th Street, apt 4c","New York","NY","10003","(646) 642-5990","Theater","Manhattan Council District #2","Manhattan Community Board #3","Manhattan","40.726634","-73.99045","38","1077982","1004600052","MN0303"
"Loco-Motion Dance Theatre for Children, Inc.","131 East 10th Street","New York","NY","10003","(212) 995-9027","Dance","Manhattan Council District #3","Manhattan Community Board #2","Manhattan","40.730471","-73.988432","4002","1006818","1004660026","MN0303"
"Lodyjensky Immigration Archive Center of Russian & Ukrainian Culture, Inc.","1679 East 3 street, Apt 601","Brooklyn","NY","11230","(718) 594-4800","Multi-Discipline, Non-Perform","Brooklyn Council District #44","Brooklyn Community Board #12","Brooklyn","40.609684","-73.971004","438","3174881","3066100055","BK1204"
"Loft Practice Organization, Inc.","212 E Broadway 1103g","New York","NY","10002","(201) 881-3086","Dance","Manhattan Council District #1","Manhattan Community Board #3","Manhattan","40.714285","-73.987591","1401","1077607","1003110013","MN0302"
"Loisaida, Inc.","710 E 9th St","New York","NY","10009","(646) 757-0522","Multi-Discipl, Perf & Non-Perf","Manhattan Council District #2","Manhattan Community Board #3","Manhattan","40.725093","-73.977534","2602","1004530","1003780010","MN0303"
"LonGar Ebony Ensemble, Ltd.","119 West 119 Street","New York","NY","10026","(212) 749-5500","Music","Manhattan Council District #9","Manhattan Community Board #10","Manhattan","40.80431","-73.949087","220","1057550","1019040022","MN1001"
"Long Island City Artists","30-30 47th Ave","Long Island City","NY","11101","(347) 379-5821",,,"Queens Community Board #2","Queens","40.743168","-73.936568","19902","4003540","4002820001","QN0202"
"Long Island City Cultural Alliance","PO Box 1858","Long Island City","NY","11101","(917) 558-4800","Multi-Discipl, Perf & Non-Perf","Queens Council District #26",,"Queens",,,,,,
"Long Island String Quartet","1434 155th St.","Whitestone","NY","11557","(631) 421-4635","Music","Queens Council District #19","Queens Community Board #11","Queens","40.788512","-73.806795","991","4103801","4045610058","QN0702"
"Looking Glass Productions of New York, Inc.","812 Broadway","New York","NY","10003","(212) 420-9208","Multi-Discipl, Perf & Non-Perf","Manhattan Council District #2","Manhattan Community Board #2","Manhattan","40.732741","-73.991203","61","1080118","1005570012","MN0202"
"Looking Glass Theatre, Inc.","422 West 57 Street","NY","NY","10019","(212) 307-9467","Theater","Manhattan Council District #6","Manhattan Community Board #5","Manhattan","40.768277","-73.986592","139","1080955","1010660043","MN0402"
"Los Pleneros de la 21, Inc.","Julia de Burgos Cultural Center, 1680 Lexington Avenue, Room 209","New York","NY","10029","(212) 427-5221","Folk Arts","Manhattan Council District #8","Manhattan Community Board #11","Manhattan",,,,,,
"Lot Radio, Inc.","17 Nassau Ave.","Brooklyn","NY","11222","(347) 446-6553","Music","Brooklyn Council District #33","Brooklyn Community Board #1","Brooklyn","40.722722","-73.953966","569","3065937","3026400001","BK0101"
"Lotus Fine Arts Productions, Inc.","310 Riverside Drive, Suite 210","New York","NY","10025","(212) 627-1076","Folk Arts","Manhattan Council District #3","Manhattan Community Board #7","Manhattan","40.800423","-73.971383","191","1057188","1018900040","MN0703"
"Louis Armstrong Educational Foundation, Inc.","c/o Schain Leifer Guralnick, ATTN: Howard Schain","New York","NY","10016","(646) 257-9141","Music","Manhattan Council District #4","Manhattan Community Board #5","Manhattan",,,,,,
"Louis Armstrong House","34-56 107 Street","Corona","NY","11368","(718) 997-3920","Museum","Queens Council District #21","Queens Community Board #3","Queens","40.754932","-73.861398","379","4043494","4017480036","QN0303"
"Love Fellowship Tabernacle, Inc.","464 Liberty Avenue","Brooklyn","NY","11207","(718) 235-2266","Multi-Discipline, Performing","Brooklyn Council District #42","Brooklyn Community Board #5","Brooklyn","40.674969","-73.892629","1152","3083726","3037080011","BK0502"
"Lower East Side Community Music Workshop, Inc.","95 Avenue B","New York","NY","10009","(212) 353-1843","Music","Manhattan Council District #2","Manhattan Community Board #3","Manhattan","40.724627","-73.981525","2602","1004669","1003890002","MN0303"
"Lower East Side Conservancy","383 Grand Street","New York","NY","10002","(212) 233-6037","Multi-Discipline, Non-Perform","Manhattan Council District #1","Manhattan Community Board #3","Manhattan","40.716402","-73.988244","1401","1077605","1003110013","MN0302"
"Lower East Side District Management Association","54 Orchard Street","New York","NY","10002","(212) 226-9010","Multi-Discipl, Perf & Non-Perf","Manhattan Council District #1","Manhattan Community Board #3","Manhattan","40.716679","-73.99096","16","1004000","1003090006","MN0301"
"Lower East Side Girls Club","101 Avenue D","New York","NY","10009","(212) 982-1633","Multi-Discipl, Perf & Non-Perf","Manhattan Council District #2","Manhattan Community Board #3","Manhattan","40.723308","-73.976323","2602","1089381","1003777503","MN0303"
"Lower East Side Performing Arts, Inc.","268 East Broadway","New York","NY","10002","(212) 388-0202","Multi-Discipline, Performing","Manhattan Council District #1","Manhattan Community Board #1","Brooklyn","40.708789","-73.95895","525",,,"BK0102"
"Lower East Side Printshop, Inc.","306 West 37th Street, 6th floor","New York","NY","10018","(212) 673-5390","Visual Arts","Manhattan Council District #3","Manhattan Community Board #4","Manhattan","40.754318","-73.99263","111","1013596","1007600032","MN0401"
"Lower East Side Tenement Museum","103 Orchard St","New York","NY","10002","(212) 431-0233","Museum","Manhattan Council District #1","Manhattan Community Board #3","Manhattan","40.718592","-73.990007","18","1005471","1004140051","MN0302"
"Lower Manhattan Cultural Council","125 Maiden Lane, 2nd Floor","New York","NY","10038","(212) 219-9401","Multi-Discipline, Non-Perform","Manhattan Council District #1","Manhattan Community Board #1","Manhattan","40.706397","-74.006341","1502","1087484","1000707501","MN0101"
"Lower Manhattan Cultural Council - Regrant","125 Maiden Lane, 2nd Floor","New York","NY","10038","(212) 219-9401","Multi-Discipline, Non-Perform",,"Manhattan Community Board #1","Manhattan","40.706397","-74.006341","1502","1087484","1000707501","MN0101"
"Lubovitch Dance Foundation, Inc.","315 West 39th Street, Studio #1500","New York","NY","10018","(212) 221-7909","Dance","Manhattan Council District #1","Manhattan Community Board #3","Manhattan","40.755638","-73.991882","115","1013683","1007630024","MN0402"
"Lucille Lortel Theatre Foundation Inc.","134 W 18th St","New York","NY","10011","(212) 924-2817","Theater","Manhattan Council District #3","Manhattan Community Board #4","Manhattan","40.740323","-73.996139","81","1014667","1007930058","MN0401"
"Lyfeline Community Development Corporation CDC, Inc.","122-22 Long Street","Jamaica","NY","11434","(212) 470-6559","Science","Queens Council District #27","Queens Community Board #12","Queens","40.678287","-73.781509","28802","4534785","4122540040","QN1203"
"Lyric Chamber Music Society of New York, Inc.","157 Columbus Ave","New York","NY","10023","(212) 496-9927","Music","Manhattan Council District #6","Manhattan Community Board #7","Manhattan","40.774318","-73.981038","15301","1028260","1011207501","MN0701"
"Mabou Mines Development Foundation, Inc.","150 First Avenue","New York","NY","10009","(212) 473-0559","Theater","Manhattan Council District #2","Manhattan Community Board #3","Manhattan","40.728261","-73.984785","34","1005894","1004370001","MN0303"
"MAC Creations P.O.P. Arts, Inc.","PO Box 1234","Bronx","NY","10462","(718) 512-5042","Film/Video/Audio","Bronx Council District #18","Bronx Community Board #9","Bronx",,,,,,
"Madison Square Park Conservancy","11 Madison Avenue","New York","NY","10010","(212) 538-7150","Multi-Discipl, Perf & Non-Perf","Manhattan Council District #3","Manhattan Community Board #5","Manhattan","40.741617","-73.987449","56","1088910","1008547501","MN0501"
"Maestra Music, Inc","520 8th Ave","New York","NY","10018","(215) 378-6757","Multi-Discipline, Performing","Manhattan Council District #7","Manhattan Community Board #5","Manhattan","40.753612","-73.992417","109","1083624","1007860001","MN0502"
"Mafata Dance Company, Inc.","301 Admiral Lane","Bronx","NY","10473","(718) 518-8099","Dance","Bronx Council District #18","Bronx Community Board #2","Bronx","40.807073","-73.854206","4","2099266","2034327501","BX0902"
"Magic Box Productions, Inc.","325 East 41st Street","New York","NY","10017","(718) 809-7405","Multi-Discipline, Non-Perform","Manhattan Council District #6","Manhattan Community Board #4","Manhattan","40.748773","-73.971766","88","1038652","1013340010","MN0603"
"Magnum Cultural Foundation","59 East 4th Street","New York","NY","10003","(212) 219-1248","Photography","Manhattan Council District #3","Manhattan Community Board #3","Manhattan","40.726785","-73.990807","38","1082642","1004600056","MN0303"
"Maimouna Keita School of African Dance, Inc.","304 Quincy Street","Brooklyn","NY","11216","(718) 455-1406","Folk Arts","Brooklyn Council District #36","Brooklyn Community Board #3","Brooklyn","40.687132","-73.949087","251","3050892","3018080032","BK0301"
"Main Street Theatre & Dance Alliance","548 Main St","New York","NY","10044","(212) 371-4449","Multi-Discipline, Performing","Manhattan Council District #5","Manhattan Community Board #8","Manhattan","40.761957","-73.949679","23803","1084696","1013730030","MN0801"
"Major Music International Corporation","114-04 Farmers Blvd","St. Albans","NY","11412","(917) 865-9376","Multi-Discipline, Performing","Queens Council District #27","Queens Community Board #12","Queens","40.697841","-73.762234","400","4536661","4103970025","QN1205"
"Makam New York, Inc.","1800 Adam Clayton Powell Jr Blvd apt 6D","New York","NY","10026","(646) 522-9285","Multi-Discipl, Perf & Non-Perf","Manhattan Council District #9","Manhattan Community Board #10","Manhattan","40.799584","-73.955209","216","1076519","1018267501","MN1001"
"Make Music New York, Inc.","1919 24th Avenue, L210","Astoria","NY","11102","(917) 779-9709","Music","Manhattan Council District #9","Queens Community Board #1","Queens","40.777298","-73.922462","97","4437037","4008907501","QN0101"
"Maker Park Radio Incorporated","450 Front Street Ste A","Staten Island","NY","10304","(917) 660-3687","Multi-Discipline, Performing","Staten Island Council Dist #49","Staten Island Community Board #1","Staten Island","40.626437","-74.074056","6","5106813","5004940030","SI0103"
"Make the Road New York","301 Grove Street","Brooklyn","NY","11237","(718) 418-7690","Multi-Discipl, Perf & Non-Perf","Brooklyn Council District #37","Brooklyn Community Board #4","Brooklyn","40.698505","-73.915575","433","3075926","3033170041","BK0402"
"Making Books Sing, Inc.","340 East 46 Street","New York","NY","10017","(212) 573-8791","Theater","Manhattan Council District #4","Manhattan Community Board #6","Manhattan","40.751943","-73.969339","90","1038777","1013380035","MN0604"
"Making the Impossible Possible","P.O. Box 360171","Brooklyn","NY","11210","(212) 470-6559","Science","Brooklyn Council District #40","Brooklyn Community Board #17","Brooklyn",,,,,,
"Mama Foundation for the Arts, Inc.","149 West 126th Street","New York","NY","10027","(212) 280-1045","Music","Manhattan Council District #9","Manhattan Community Board #10","Manhattan","40.809036","-73.946375","224","1057889","1019110112","MN1002"
"Manhattan Art Program, Inc.","800 6th avenue, suite 11C","New York","NY","10010","(212) 686-2202","Visual Arts","Manhattan Council District #1","Manhattan Community Board #1","Manhattan","40.745342","-73.990487","58","1088723","1008290001","MN0501"
"Manhattan Choral Ensemble","PO Box 3852","Manhattan","NY","10163","(917) 586-7593","Music","Manhattan Council District #6","Manhattan Community Board #4","Manhattan",,,,,,
"Manhattan Class Company, Inc.","511 W. 52nd St.","New York","NY","10019","(212) 727-7722","Theater","Manhattan Council District #3","Manhattan Community Board #4","Manhattan","40.766299","-73.991722","13501","1087777","1010817502","MN0402"
"Manhattan Community Access Corporation","509 W. 38th Street","New York","NY","10018","(212) 757-2670","Film/Video/Audio","Manhattan Council District #6","Manhattan Community Board #4","Manhattan","40.757343","-73.997831","117","1089733","1007107501","MN0401"
"Manhattan Graphics Center","322 3rd Ave","Brooklyn","NY","11215","(212) 219-8783","Visual Arts","Manhattan Council District #3","Brooklyn Community Board #6","Brooklyn","40.676204","-73.987079","11901","3020760","3009670001","BK0601"
"Manhattan School of Music","130 Claremont Avenue","New York","NY","10027","(212) 749-2802","Music","Manhattan Council District #7","Manhattan Community Board #9","Manhattan","40.81272","-73.96175","211","1076684","1019930001","MN0901"
"Manhattan Sprout, Inc.","270 West 96th Street","New York","NY","10025","(212) 222-9575","Film/Video/Audio","Manhattan Council District #8","Manhattan Community Board #7","Manhattan","40.794981","-73.972584","183","1000000","1012437503","MN0702"
"Manhattan Theatre Club, Inc.","311 West 43rd Street","New York","NY","10036","(212) 399-3000","Theater","Manhattan Council District #3","Manhattan Community Board #4","Manhattan","40.75818","-73.989922","12101","1024965","1010347501","MN0402"
"Manhattan Theatre Source Incorporated","177 MacDougal Street","New York","NY","10011","(212) 260-4698","Theater","Manhattan Council District #3","Manhattan Community Board #2","Manhattan","40.732783","-73.998142","63","1077891","1005530026","MN0202"
"Manna House Workshops, Inc.","338 East 106th Street","New York","NY","10029","(212) 722-8223","Multi-Discipline, Performing","Manhattan Council District #8","Manhattan Community Board #11","Manhattan","40.790012","-73.941005","170","1052766","1016770035","MN1101"
"Mano a Mano: Mexican Culture Without Borders","475 Riverside Drive","New York","NY","10115","(212) 587-3070","Multi-Discipline, Performing","Manhattan Council District #1","Manhattan Community Board #9","Manhattan","40.811101","-73.964168","205","1059835","1019910001","MN0901"
"Man Up! Inc.","797/799 Van Siclen Avenue","Brooklyn","NY","11207","(718) 498-2320","Other","Brooklyn Council District #42","Brooklyn Community Board #5","Brooklyn",,,,,,
"MAP Fund, Inc.","12 East 127th Street","New York","NY","10035","(212) 226-1677","Multi-Discipl, Perf & Non-Perf","Manhattan Council District #2","Manhattan Community Board #11","Manhattan","40.807485","-73.940798","206","1054126","1017510067","MN1102"
"Marcus Garvey Park Alliance","17 West 121, Apt 3","New York","NY","10027","(917) 797-9938","Multi-Discipl, Perf & Non-Perf","Manhattan Council District #9","Manhattan Community Board #11","Manhattan",,,,,,
"Mare Nostrum Elements, Inc.","39-48 64th Street","WOODSIDE","NY","11377","(646) 528-4797","Multi-Discipline, Performing","Queens Council District #26","Queens Community Board #2","Queens","40.745072","-73.90046","261","4030069","4012950032","QN0203"
"Marie-Christine Giordano Dance Company","220 25th St","Brooklyn","NY","11232","(718) 369-6459","Dance","Brooklyn Council District #38","Brooklyn Community Board #7","Brooklyn","40.660164","-73.997524","101","3009615","3006550015","BK0702"
"Marine Park Alliance, Corp.","3000 Fillmore Ave","Brooklyn","NY","11234","(860) 712-3393","Multi-Discipl, Perf & Non-Perf","Brooklyn Council District #46","Brooklyn Community Board #18","Brooklyn","40.608592","-73.937467","666","3239888","3084960001","BK1891"
"Marine Park Community Association","3221 Avenue S","Brooklyn","NY","11234","(718) 382-1657","Multi-Discipline, Non-Perform","Brooklyn Council District #46","Brooklyn Community Board #18","Brooklyn","40.608036","-73.934028","636","3239890","3084990002","BK1802"
"Marquis Studios, Ltd.","20 Jay Street, Suite 826","Brooklyn","NY","11201","(718) 694-9400","Multi-Discipl, Perf & Non-Perf","Brooklyn Council District #33","Brooklyn Community Board #2","Brooklyn","40.704313","-73.986587","21","3000010","3000190001","BK0202"
"Martha Graham Center of Contemporary Dance, Inc.","55 Bethune Street","New York","NY","10014","(917) 553-5984","Dance","Manhattan Council District #5","Manhattan Community Board #2","Manhattan","40.736955","-74.008494","79","1012047","1006390001","MN0203"
"Martina Arroyo Foundation, Inc.","200 Central Park South, #20-i","New York","NY","10019","(212) 397-7256","Music","Manhattan Council District #4","Manhattan Community Board #5","Manhattan","40.767019","-73.979444","137","1024918","1010300029","MN0502"
"Martin Luther King, Jr. Concert Series, Inc.","32 Court Street","Brooklyn","NY","11201","(212) 297-4888","Music","Brooklyn Council District #36","Brooklyn Community Board #9","Brooklyn","40.693014","-73.990758","9","3002248","3002550044","BK0201"
"Mary Miss / City as Living Laboratory","349 Greenwich Street","New York","NY","10013","(212) 966-4287","Multi-Discipline, Non-Perform","Manhattan Council District #1","Manhattan Community Board #1","Manhattan","40.718559","-74.010433","39","1002032","1001807511","MN0102"
"Maspeth Town Hall, Inc.","53-37 72nd Street","Maspeth","NY","11378","(718) 335-6049","Multi-Discipline, Non-Perform","Queens Council District #30","Queens Community Board #5","Queens","40.730158","-73.892367","497","4058706","4025060015","QN0501"
"Mass Transit Street Theater","3101 Kingsbridge Terrace","Bronx","NY","10463","(718) 882-2454","Theater","Bronx Council District #14","Bronx Community Board #7","Bronx","40.877505","-73.90033","277","2015788","2032570111","BX0801"
"MasterVoices, Inc.","57 W 57th Street","New York","NY","10019","(646) 202-9623","Music","Manhattan Council District #4","Manhattan Community Board #5","Manhattan","40.763719","-73.975741","11201","1035062","1012730001","MN0502"
"Matthew Westerby Dance Company, Inc.","125 Vermilyea Avenue","New York","NY","10034","(347) 256-6125","Dance","Manhattan Council District #10","Manhattan Community Board #12","Manhattan","40.866493","-73.921313","293","1064843","1022260015","MN1203"
"MA-YI Filipino Theatre Ensemble, Inc.","330 West 38th St","New York City","NY","10018","(212) 971-4862","Theater","Manhattan Council District #3","Manhattan Community Board #5","Manhattan","40.755139","-73.992669","111","1013627","1007610053","MN0401"
"Maysles Institute, Inc.","343 Malcolm X Blvd","New York","NY","10027","(646) 853-1296","Film/Video/Audio","Manhattan Council District #9","Manhattan Community Board #10","Manhattan","40.809254","-73.944416","224","1086536","1019120130","MN1002"
"McDougald Jackson Leake Community Development Corporation","1820 Loring Place","Bronx","NY","10453","(347) 409-0288","Multi-Discipline, Performing","Bronx Council District #14","Bronx Community Board #5","Bronx","40.852496","-73.915918","24501","2009061","2028790053","BX0501"
"McKoy Dance Project, Inc","539 Atlantic Avenue, #170-377","Brooklyn","NY","11217","(954) 401-9064",,,"Brooklyn Community Board #2","Brooklyn","40.684937","-73.979682","39","3000805","3001800053","BK0202"
"MEDIA ART XPLORATION INC","132 Perry Street #5","New York","NY","10014","(917) 593-1677","Multi-Discipl, Perf & Non-Perf","Manhattan Council District #3","Manhattan Community Board #2","Manhattan","40.734923","-74.007538","75","1080230","1006327503","MN0203"
"Medicine Show Theatre Ensemble, Inc.","549 West 52nd Street","New York","NY","10019","(212) 262-4216","Theater","Manhattan Council District #3","Manhattan Community Board #4","Manhattan","40.766683","-73.992635","13501","1081734","1010810080","MN0402"
"Megan Jill Paznik","275 West 22nd Street, Suite 2A","New York","NY","10011","(212) 924-3622","Film/Video/Audio","Manhattan Council District #3","Manhattan Community Board #4","Manhattan","40.744396","-73.998394","91","1014107","1007720007","MN0401"
"Mekong, Inc.","84 W 197th St","Bronx","NY","10468","(347) 918-9220","Multi-Discipl, Perf & Non-Perf","Bronx Council District #14","Bronx Community Board #8","Bronx","40.871813","-73.898444","26702","2015314","2032490054","BX0801"
"Melodia Women's Choir of NYC, Inc.","446 W 47th St","New York","NY","10036","(212) 757-2945","Music","Manhattan Council District #3","Manhattan Community Board #4","Manhattan","40.762176","-73.991683","127","1026520","1010567501","MN0402"
"Melting Pot Theatre, Inc.","2444 Broadway, Suite 231","New York","NY","10024","(212) 874-7210","Theater","Manhattan Council District #6","Manhattan Community Board #7","Manhattan","40.791029","-73.974417","179","1033556","1012387501","MN0702"
"Mencius Society for the Arts, Inc.","175 Delancey St","New York","NY","10002","(212) 431-7373","Music","Manhattan Council District #1","Manhattan Community Board #2","Manhattan","40.717466","-73.985004","1402","1089451","1003477501","MN0302"
"Mendelssohn Glee Club","250 W 94th St","New York","NY","10025","(845) 525-0100","Music","Manhattan Council District #6","Manhattan Community Board #7","Manhattan","40.793546","-73.973221","179","1033653","1012410052","MN0702"
"Mercantile Library Association of the City of New York","15 Lafayette Ave","Brooklyn","NY","11217","(212) 755-6710","Literature","Manhattan Council District #3","Brooklyn Community Board #2","Brooklyn","40.68679","-73.97851","33","3397135","3021077502","BK0203"
"Mercy Corps","6 River Terrace","New York","NY","10282","(212) 537-0508","Multi-Discipline, Non-Perform","Manhattan Council District #1","Manhattan Community Board #1","Manhattan","40.71583","-74.016503","31703","1087518","1000167516","MN0101"
"Messenger Theatre Corp","617 W. 190th St. #2B","New York","NY","10040","(646) 522-5300","Theater","Manhattan Council District #10","Manhattan Community Board #12","Queens",,,,,,
"Metro Chamber Orchestra Incorporated","8831 16th Avenue","Brooklyn","NY","11214","(718) 801-3811","Music","Brooklyn Council District #43","Brooklyn Community Board #11","Brooklyn","40.605507","-74.012057","174","3168401","3064300011","BK1102"
"Metropolis Ensemble, Inc.","34-33 84th Street","Jackson Heights","NY","11372","(917) 930-6106","Music","Manhattan Council District #3","Queens Community Board #3","Queens","40.752906","-73.882979","281","4035572","4014450053","QN0301"
"Metropolitan Historic Structures Association","232 East 11th Street","New York","NY","10003","(718) 343-8830","Multi-Discipline, Non-Perform","Manhattan Council District #2","Manhattan Community Board #3","Manhattan","40.730817","-73.987433","4002","1006817","1004660025","MN0303"
"Metropolitan Museum of Art","1000 Fifth Avenue","New York","NY","10028","(212) 879-5500","Visual Arts","Manhattan Council District #6","Manhattan Community Board #8","Manhattan","40.778633","-73.962546","143","1083810","1011110001","MN6491"
"Metropolitan Music Community","65 Meserole Ave","Brooklyn","NY","11122","(718) 662-8802","Music","Brooklyn Council District #34","Brooklyn Community Board #1","Brooklyn","40.726406","-73.954811","561","3065298","3025940036","BK0101"
"Metropolitan Opera Association, Inc.","30 Lincoln Center Plaza","New York","NY","10023","(212) 870-7647","Music","Manhattan Council District #6","Manhattan Community Board #7","Manhattan","40.772018","-73.982761","149","1081022","1011340001","MN0701"
"Mexican American Symphony Orchestra","30 West 63rd Street","New York","NY","10023","(212) 564-0508","Music","Manhattan Council District #3","Manhattan Community Board #4","Manhattan","40.77109","-73.981454","149","1027463","1011157503","MN0701"
"Mexican Cultural Institute","27 East 39th Street","New York","NY","10016","(212) 217-6478","Other","Manhattan Council District #4","Manhattan Community Board #6","Manhattan","40.750636","-73.980012","82","1017594","1008690027","MN0502"
"Mexicanos Unidos de Queens, Inc.","94-28 32nd Avenue","East Elmhurst","NY","11369","(718) 779-8508","Dance","Queens Council District #21","Queens Community Board #3","Queens","40.758622","-73.874136","353","4034911","4014240013","QN0302"
"Michael Chekhov Theatre Company","161 Sixth Avenue, 14th Floor","New York","NY","10013","(212) 691-6969","Theater","Manhattan Council District #3","Manhattan Community Board #4","Manhattan","40.725644","-74.003987","37","1007822","1005050031","MN0201"
"Mid-Bronx Senior Citizens Council, Inc.","900 Grand Concourse","Bronx","NY","10451","(718) 588-8200","Multi-Discipl, Perf & Non-Perf","Bronx Council District #12","Bronx Community Board #4","Bronx","40.827401","-73.92228","18301","2002802","2024600001","BX0401"
"Midori Foundation, Inc.","251 West 30th Street Suite 15E","New York","NY","10001","(212) 767-1300","Music","Manhattan Council District #3","Manhattan Community Board #6","Manhattan","40.749086","-73.993893","101","1014338","1007800010","MN0501"
"Midtown Management Group, Inc.","630 Ninth Avenue","New York","NY","10036","(212) 245-0710","Theater","Manhattan Council District #3","Manhattan Community Board #3","Manhattan","40.760038","-73.991449","12101","1024982","1010350001","MN0402"
"Millennium Dance Company","2038 Davidson Avenue","New York","NY","10453","(718) 993-2555","Multi-Discipl, Perf & Non-Perf","Bronx Council District #14","Bronx Community Board #10","Bronx","40.853537","-73.908741","243","2008399","2028630028","BX0501"
"Millennium Film Workshop, Inc.","167 Wilson Avenue","Brooklyn","NY","11237","(212) 673-0090","Film/Video/Audio","Manhattan Council District #2","Brooklyn Community Board #4","Brooklyn","40.699911","-73.924311","429","3073555","3032350006","BK0401"
"Milton Resnick and Pat Passlof Foundation","87 Eldridge Street","New York","NY","10002","(646) 559-2513","Visual Arts","Manhattan Council District #1","Manhattan Community Board #3","Manhattan","40.717264","-73.992435","16","1075791","1003060025","MN0301"
"Mindbuilders Creative Arts, Inc.","3415 Olinville Ave","Bronx","NY","10467","(718) 652-6256","Multi-Discipline, Performing","Bronx Council District #11","Bronx Community Board #12","Bronx","40.87593","-73.868125","376","2056942","2046270037","BX1201"
"Mind to Move, Inc.","135 Ocean Avenue","Brooklyn","NY","11225","(917) 767-6350","Dance","Brooklyn Council District #33","Brooklyn Community Board #9","Brooklyn","40.65959","-73.962656","79802","3114590","3050260028","BK0902"
"Mint Theater Company, Inc.","412 W 42nd St","New York","NY","10036","(212) 315-9434","Theater","Manhattan Council District #3","Manhattan Community Board #4","Manhattan","40.758682","-73.993254","115","1026330","1010510029","MN0402"
"Mirror Theatre, Ltd.","217 East 70th Street","New York","NY","10021","(646) 688-4365","Theater","Manhattan Council District #4","Manhattan Community Board #8","Manhattan","40.76803","-73.960581","12602","1043922","1014250013","MN0801"
"Misa Hylton Fashion Academy Inc","71w 23rd street","New York","NY","10010","(718) 926-2363","Multi-Discipline, Non-Perform","Manhattan Council District #3","Manhattan Community Board #5","Manhattan","40.742441","-73.991667","58","1015575","1008250001","MN0501"
"MiShinnah Productions, Inc","435 E. 76th Street Apt. 3D","New York","NY","10021","(917) 664-9696","Multi-Discipline, Performing","Manhattan Council District #5","Manhattan Community Board #8","Manhattan","40.769753","-73.95258","13203","1045956","1014717501","MN0801"
"Misnomer, Inc.","16 Micieli Place","Brooklyn","NY","11218","(917) 602-0478","Dance","Brooklyn Council District #39","Brooklyn Community Board #6","Brooklyn","40.646519","-73.982051","498","3123444","3053030075","BK1203"
"Mivos Quartet Performing Arts, Inc.","1911 Albemarle Rd.","Brooklyn","NY","11226","(805) 458-5086","Music","Brooklyn Council District #40","Brooklyn Community Board #14","Brooklyn","40.647175","-73.961193","51002","3117134","3051000080","BK1401"
"Mixteca Organization Inc","245 23rd St 2nd Floor","Brooklyn","NY","11215","(718) 965-4795","Visual Arts","Brooklyn Council District #38","Brooklyn Community Board #7","Brooklyn","40.659942","-73.994096","145","3017611","3008990001","BK0702"
"MODArts Dance Collective","145 Morningside Avenue","New York","NY","10027","(929) 352-5253",,,"Manhattan Community Board #9","Manhattan","40.811627","-73.953821","20901","1059306","1019520004","MN0901"
"Moliere in the Park Inc.","295 St. Johns Place","Brooklyn","NY","11238","(347) 463-6292","Theater","Brooklyn Council District #35","Brooklyn Community Board #8","Brooklyn","40.674189","-73.967832","207","3029331","3011710007","BK0801"
"Momenta Art, Inc.","220 Highland Boulevard, 3-0","Brooklyn","NY","11207","(718) 218-8058","Visual Arts","Brooklyn Council District #34","Brooklyn Community Board #1","Brooklyn","40.681958","-73.893465","114202","3086212","3038860005","BK0501"
"Monica Bill Barnes & Company, Inc.","41 Perry Street","New York","NY","10014","(917) 903-0149","Dance","Manhattan Council District #3","Manhattan Community Board #2","Manhattan","40.735621","-74.002818","73","1010930","1006130040","MN0203"
"Moose Hall Theatre Company","25 Indian Road, #4G","New York","NY","10034","(212) 304-8950","Theater","Manhattan Council District #7","Manhattan Community Board #12","Manhattan","40.872623","-73.918937","307","1065081","1022500054","MN1203"
"Morballet, Inc.","315 W 105th ST","New York","NY","10025","(203) 313-4300","Dance","Manhattan Council District #6","Manhattan Community Board #7","Manhattan","40.801139","-73.969458","191","1057232","1018910046","MN0703"
"More Art, Inc.","219 W 19th St","New York","NY","10011","(646) 416-6940","Multi-Discipline, Non-Perform","Manhattan Council District #1","Manhattan Community Board #5","Manhattan","40.74212","-73.998546","87","1013977","1007697506","MN0401"
"More Gardens Fund","79 Clinton Street","New York","NY","10002","(917) 518-9987","Other","Manhattan Council District #1","Manhattan Community Board #3","Manhattan","40.718828","-73.985213","1402","1004177","1003480021","MN0302"
"Morphoses, Ltd.","437 Madison Avenue","New York","NY","10022","(212) 813-9818","Dance","Manhattan Council District #3","Manhattan Community Board #5","Manhattan","40.757519","-73.975827","102","1035455","1012850021","MN0502"
"Morris-Jumel Mansion, Inc.","65 Jumel Terrace","New York","NY","10032","(212) 923-8008","Museum","Manhattan Council District #10","Manhattan Community Board #12","Manhattan","40.835076","-73.938562","24301","1084189","1021090106","MN1201"
"Mostly Modern Projects, Inc.","400 W 43RD ST APT 39S","New York","NY","10036","(917) 941-1493","Music","Manhattan Council District #3","Manhattan Community Board #4","Manhattan","40.759302","-73.992636","12102","1083745","1010520001","MN0402"
"Motherhood Foundation, Inc.","401 E 84th","New York City","NY","10028","(212) 452-9816","Museum","Manhattan Council District #5","Manhattan Community Board #8","Manhattan",,,,,,
"Mott Haven Film Festival","15 Canal Pl","Bronx","NY","10451","(929) 541-2884","Film/Video/Audio","Bronx Council District #8","Bronx Community Board #1","Bronx","40.813409","-73.927427","51","2089845","2023400040","BX0101"
"Movement Research, Inc.","150 First Avenue","New York","NY","10009","(212) 598-0551","Dance","Manhattan Council District #3","Manhattan Community Board #3","Manhattan","40.728261","-73.984785","34","1005894","1004370001","MN0303"
"MOVE NYC Foundation Inc.","217 W. 18th Street, #320","New York","NY","10013","(917) 846-2156","Dance","Manhattan Council District #6","Manhattan Community Board #4","Manhattan","40.741379","-73.998607","87","1013879","1007680020","MN0401"
"Moving For Life, Inc.","Moving For Life C/O Booker T Washington Learning Center","New York","NY","10029","(212) 222-1351","Dance","Manhattan Council District #2","Manhattan Community Board #3","Manhattan",,,,,,
"Moving Mountains Inc.","195 Plymouth Street, suite 4-4","Brooklyn","NY","11201","(347) 866-8279","Theater","Brooklyn Council District #33","Brooklyn Community Board #2","Brooklyn","40.703729","-73.985501","21","3343214","3000200029","BK0202"
"Moving Theater, Inc.","466 Harman Street #3L","Brooklyn","NY","11237","(917) 553-5645","Multi-Discipline, Performing","Brooklyn Council District #37","Brooklyn Community Board #4","Brooklyn","40.703896","-73.914886","443","3075234","3032920012","BK0401"
"Muller Works Foundation","131 West 24th Street, 4th Floor","New York","NY","10011","(212) 691-3803","Dance","Manhattan Council District #3","Manhattan Community Board #4","Manhattan","40.744011","-73.993349","91","1014979","1008000022","MN0401"
"Multicultural Music Group, Inc.","601 Walton Ave","Bronx","NY","10451","(718) 884-5495","Music","Bronx Council District #17","Bronx Community Board #1","Bronx","40.820221","-73.927849","6301","2001136","2023530048","BX0401"
"Multicultural Youth Arts Program","82-46 234th street","Bellerose Manor","NY","11427","(917) 414-3753","Other","Queens Council District #32","Queens Community Board #9","Queens","40.735279","-73.736817","1301","4166158","4079340064","QN1302"
"Municipal Art Society of New York","111 Broadway","New York","NY","10006","(212) 935-3960","Architecture/Design","Manhattan Council District #3","Manhattan Community Board #1","Manhattan","40.708486","-74.011113","13","1001029","1000490002","MN0101"
"MUSE Film and Television, Inc.","1 East 53rd Street","New York","NY","10022","(212) 688-8280","Film/Video/Audio","Manhattan Council District #3","Manhattan Community Board #5","Manhattan","40.760324","-73.975584","102","1035725","1012890005","MN0502"
"Museum at Eldridge Street","12 Eldridge St","New York","NY","10002","(212) 219-0888","Museum","Manhattan Council District #1","Manhattan Community Board #3","Manhattan","40.714733","-73.993713","16","1003778","1002930003","MN0301"
"Museum for African Art","1280 Fifth Ave","New York","NY","10029","(718) 784-7700","Museum","Queens Council District #26","Manhattan Community Board #11","Manhattan","40.796304","-73.949614","17401","1089046","1016157501","MN1101"
"Museum Hue","495 Flatbush Avenue","Brooklyn","NY","11225","(732) 618-0452",,,"Brooklyn Community Board #9","Brooklyn","40.662162","-73.961739","327","3029735","3011970006","BK0902"
"Museum of African American Cinema, Inc.","163 West 125th Street, Suite 903","New York","NY","10027","(212) 749-5298","Museum","Manhattan Council District #9","Manhattan Community Board #10","Manhattan","40.808644","-73.947524","222","1081602","1019100001","MN1001"
"Museum of American Finance","48 Wall Street","New York","NY","10005","(212) 908-4110","Museum","Manhattan Council District #1","Manhattan Community Board #1","Manhattan","40.706331","-74.009396","7","1001005","1000400014","MN0101"
"Museum of Arts & Design","2 Columbus Cir","New York","NY","10019","(212) 956-3535","Museum","Manhattan Council District #6","Manhattan Community Board #5","Manhattan","40.7677","-73.981957","137","1024910","1010300001","MN0502"
"Museum of Biblical Art","1865 Broadway","New York","NY","10023","(212) 408-1236","Museum","Manhattan Council District #6","Manhattan Community Board #7","Manhattan","40.769995","-73.982137","145","1090158","1011147504","MN0701"
"Museum of Chinese in the Americas","215 Centre St","New York","NY","10013","(212) 619-4785","Museum","Manhattan Council District #1","Manhattan Community Board #3","Manhattan","40.719383","-73.998867","45","1003058","1002340017","MN0201"
"Museum of Comic and Cartoon Art","594 Broadway, Ste. 401","New York","NY","10012","(212) 254-3511","Museum","Manhattan Council District #1","Manhattan Community Board #2","Manhattan","40.72496","-73.997157","43","1007944","1005110012","MN0201"
"Museum of Contemporary African Diasporian Arts, Inc.","10 Lafayette Ave","Brooklyn","NY","11217","(718) 230-0492","Museum","Brooklyn Council District #35","Brooklyn Community Board #2","Brooklyn","40.686754","-73.978661","35","3428715","3021107501","BK0203"
"Museum of Food and Drink","55 Water St","New York","NY","11201","(212) 228-5482","Museum","Manhattan Council District #2","Brooklyn Community Board #2","Brooklyn","40.703301","-73.992047","21","3000019","3000260050","BK0202"
"Museum of Jewish Heritage  A Living Memorial to the Holocaust","36 Battery Place","New York","NY","10280","(646) 437-4200","Museum","Manhattan Council District #1","Manhattan Community Board #1","Manhattan","40.705806","-74.018001","31704","1084594","1000160010","MN0101"
"Museum of Maritime Navigation and Communication","1208 Bay Street","Staten Island","NY","10305","(718) 594-1717","Museum","Staten Island Council Dist #49","Staten Island Community Board #1","Staten Island","40.613825","-74.065952","8","5042811","5028540023","SI0103"
"Museum of Modern Art","11 West 53rd Street","New York","NY","10019","(212) 708-9773","Museum","Manhattan Council District #3","Manhattan Community Board #5","Manhattan","40.761002","-73.977201","104","1081128","1012690020","MN0502"
"Museum of Music & Entertainment in New York City","550 Grand St","New York","NY","10002","(917) 743-2376","Music","Manhattan Council District #1","Manhattan Community Board #3","Manhattan","40.714117","-73.980402","12","1076784","1003310120","MN0302"
"Museum of the City of New York","1220 Fifth Avenue","New York","NY","10029","(212) 534-1672","Museum","Manhattan Council District #8","Manhattan Community Board #11","Manhattan","40.792438","-73.952448","168","1074157","1016090001","MN1101"
"Musica De Camara, Inc.","1215 Fifth Ave.","New York","NY","10029","(212) 410-5612","Music","Manhattan Council District #8","Manhattan Community Board #11","Manhattan","40.79181","-73.9529","168","1051491","1016080001","MN1101"
"Musical Chairs Chamber Ensemble, Inc.","289 Potter Avenue","Staten Island","NY","10314","(718) 815-5786","Music","Staten Island Council Dist #49","Staten Island Community Brd #1","Staten Island","40.616739","-74.123007","147","5009266","5003410037","SI0105"
"Musical Mentors Collaborative, Inc.","Musical Mentors Collaborative, Attn: Kathryn Sansone","New York","NY","10001","(615) 974-3929","Music","Manhattan Council District #1","Manhattan Community Board #5","Manhattan",,,,,,
"Musicals Tonight! Inc.","150 West 79th Street","New York","NY","10024","(212) 362-5620","Theater","Manhattan Council District #6","Manhattan Community Board #7","Manhattan","40.782551","-73.97693","165","1030264","1011500055","MN0702"
"Musical Theatre Factory","584 8th Ave","New York","NY","10018","(212) 477-5769","Theater","Manhattan Council District #2","Manhattan Community Board #5","Manhattan","40.755015","-73.991395","113","1014472","1007880008","MN0502"
"Musica Reginae Productions, Ltd.","59-56 57th Drive","Maspeth","NY","11378","(718) 894-2517","Music","Queens Council District #19","Queens Community Board #5","Queens","40.72184","-73.90631","531","4060168","4026940034","QN0501"
"Musica Sacra of New York, Inc.","PO Box 974","New York","NY","10021","(212) 861-5617","Music","Manhattan Council District #5","Manhattan Community Board #8","Manhattan",,,,,,
"Music Associates of New York, Ltd.","P.O. Box 604565","Bay Terrace","NY","11360","(718) 352-3995","Music",,"Queens Community Board #11","Queens",,,,,,
"Music at the Anthology, Inc.","260 W Broadway","NY","NY","10013","(212) 563-5124","Music","Brooklyn Council District #33","Manhattan Community Board #1","Manhattan","40.720404","-74.00544","33","1002740","1002127501","MN0102"
"Musica Viva Inc.","1157 Lexington Ave","New York","NY","10075","(212) 794-3646","Music","Manhattan Council District #5","Manhattan Community Board #8","Manhattan","40.775377","-73.95858","140","1047486","1015080053","MN0802"
"Music Before 1800, Inc.","Corpus Christi Church 529 W 121st St","New York","NY","10027","(212) 666-0675","Music","Manhattan Council District #9","Manhattan Community Board #1","Manhattan",,,,,,
"Music for Autism","401 Park Avenue South","New York","NY","10016","(646) 964-6487","Music","Manhattan Council District #4","Manhattan Community Board #5","Manhattan","40.743228","-73.984132","68","1018203","1008830088","MN0602"
"Music Forward","1275 Prospect Avenue","Brooklyn","NY","11218","(347) 457-5129","Music","Brooklyn Council District #39","Brooklyn Community Board #7","Brooklyn","40.652007","-73.975912","50202","3122569","3052770009","BK0701"
"Music from China","170 Park Row, #12D","New York","NY","10038","(212) 941-8733","Music","Manhattan Council District #1","Manhattan Community Board #2","Manhattan","40.713215","-73.999931","2902","1077439","1001610001","MN0301"
"Musicians For Harmony, Inc.","345 E. 93rd Street, Suite 12B","New York","NY","10128","(212) 996-8010","Music","Manhattan Council District #4","Manhattan Community Board #8","Manhattan","40.781501","-73.946545","15402","1050288","1015560023","MN0803"
"Musicians Foundation","875 Sixth Avenue","New York","NY","10001","(212) 239-9137","Music","Manhattan Council District #3","Manhattan Community Board #5","Manhattan","40.747991","-73.989108","101","1015182","1008070039","MN0501"
"Music in the Center","2350 Broadway","New York","NY","10024","(917) 459-6527","Music","Bronx Council District #15","Bronx Community Board #6","Manhattan","40.788007","-73.976747","171","1033133","1012330016","MN0702"
"Music on the Inside","205 West End Avenue","New York","NY","10023","(347) 453-1765","Music","Manhattan Council District #6","Manhattan Community Board #7","Manhattan","40.778573","-73.986377","15502","1070766","1011797503","MN0701"
"Music-Theatre Group, Inc.","20 Jay Street","Brooklyn","NY","11201","(718) 797-1145","Multi-Discipline, Performing","Manhattan Council District #3","Manhattan Community Board #5","Brooklyn","40.704313","-73.986587","21","3000010","3000190001","BK0202"
"Muslim American Leadership Alliance","79 Madison Ave","New York","NY","10016","(312) 451-8066","Multi-Discipl, Perf & Non-Perf","Manhattan Council District #2","Manhattan Community Board #2","Manhattan","40.744096","-73.985619","74","1016900","1008580022","MN0501"
"Muslim American Society of Queens","46-01 20th Ave","Astoria","NY","11105","(718) 806-1146","New Media","Queens Council District #22","Queens Community Board #1","Queens","40.773851","-73.897961","12301","4014851","4007740001","QN0101"
"Myrtle Avenue Revitalization Project","472 Myrtle Avenue, Second Floor","Brooklyn","NY","11205","(718) 230-1689","Visual Arts","Brooklyn Council District #35","Brooklyn Community Board #2","Brooklyn","40.693377","-73.966431","195","3054864","3019040028","BK0204"
"n+1 Foundation","37 Greenpoint Ave","Brooklyn","NY","11222","(718) 797-0750","Literature","Brooklyn Council District #33","Brooklyn Community Board #1","Brooklyn","40.729756","-73.958998","565","3064672","3025570001","BK0101"
"Nai-Ni Chen Dance Company, Inc.","c/o Harlem School of the Arts","New York","NY","10030","(800) 650-0246","Dance","Manhattan Council District #7","Manhattan Community Board #9","Manhattan",,,,,,
"Naked Angels, Ltd.","151 Bank Street","New York","NY","10014","(212) 343-7394","Theater","Manhattan Council District #3","Manhattan Community Board #2","Manhattan","40.736112","-74.009053","79","1012047","1006390001","MN0203"
"Narrows Community Theater, Inc.","97-28 Third Avenue, #527","Brooklyn","NY","11209","(718) 836-2880","Theater","Brooklyn Council District #43","Brooklyn Community Board #10","Brooklyn","40.615504","-74.034322","5601","3155816","3061250001","BK1001"
"NARS Foundation, Inc.","201 46th Street, 4th Fl.","New York City","NY","11220","(718) 768-2765","Visual Arts","Brooklyn Council District #38","Brooklyn Community Board #7","Brooklyn","40.651142","-74.01426","2","3011467","3007450001","BK0702"
"Nascenta Ltd","119 W 57th St","New York","NY","10019","(631) 377-9057","Multi-Discipl, Perf & Non-Perf","Manhattan Council District #4","Manhattan Community Board #5","Manhattan","40.764655","-73.977972","137","1023725","1010100021","MN0502"
"National Academy of Design","519 W 26th St","New York","NY","10001","(212) 369-4880","Museum","Manhattan Council District #4","Manhattan Community Board #4","Manhattan","40.750047","-74.003844","9902","1080320","1006980018","MN0401"
"National Alliance for Musical Theatre, Inc.","520 8th Avenue","New York","NY","10018","(212) 714-6668","Theater","Manhattan Council District #3","Manhattan Community Board #5","Manhattan","40.753612","-73.992417","109","1083624","1007860001","MN0502"
"National Arts Club","15 Gramercy Pk S","New York","NY","10003","(212) 475-3424","Multi-Discipl, Perf & Non-Perf","Manhattan Council District #2","Manhattan Community Board #6","Manhattan","40.737783","-73.986483","50","1090418","1008750070","MN0602"
"National Asian American Theater Festival","520 8th Avenue, Suite 308","New York","NY","10018","(212) 224-0447","Theater","Manhattan Council District #3","Manhattan Community Board #5","Manhattan","40.753612","-73.992417","109","1083624","1007860001","MN0502"
"National Asian American Theatre Co., Inc.","520 8th Avenue","New York","NY","10018","(212) 244-0447","Theater","Manhattan Council District #3","Manhattan Community Board #5","Manhattan","40.753612","-73.992417","109","1083624","1007860001","MN0502"
"National Asian Artists Project, Inc.","10 West 66th Street 23C","New York","NY","10023","(646) 543-6227","Theater","Manhattan Council District #6","Manhattan Community Board #7","Manhattan","40.772659","-73.979323","149","1028163","1011180022","MN0701"
"National Association of Women Artists, Inc.","15 Gramercy Park South","New York","NY","10003","(646) 461-0068","Visual Arts","Manhattan Council District #3","Manhattan Community Board #2","Manhattan","40.737783","-73.986483","50","1090418","1008750070","MN0602"
"National Black Programming Consortium","8 W 126th St","New York","NY","10027","(212) 234-8200","Film/Video/Audio","Manhattan Council District #9","Manhattan Community Board #11","Manhattan","40.80734","-73.942384","200","1089797","1017230031","MN1001"
"National Black Theatre Workshop, Inc.","213 W 137TH ST","New York","NY","10030","(212) 926-1049","Theater","Manhattan Council District #9","Manhattan Community Board #11","Manhattan","40.816917","-73.943478","228","1060216","1020230024","MN1002"
"National Black Touring Circuit, Inc.","790 Riverside Drive, Apt. 3E","New York","NY","10032","(212) 283-0974","Theater","Manhattan Council District #7","Manhattan Community Board #6","Manhattan","40.834787","-73.946852","241","1063252","1021340071","MN1201"
"National Book Foundation, Inc.","90 Broad Street","New York","NY","10004","(212) 685-0261","Literature","Manhattan Council District #1","Manhattan Community Board #1","Manhattan","40.703954","-74.011592","9","1000025","1000100016","MN0101"
"National Choral Council","1650 Broadway - Suite 301","New York","NY","10019","(212) 333-5333","Music","Manhattan Council District #6","Manhattan Community Board #7","Manhattan",,,,,,
"National Council of Jewish Women New York Section","241 West 72nd Street","New York","NY","10023","(212) 799-7205","Multi-Discipl, Perf & Non-Perf","Manhattan Council District #6","Manhattan Community Board #7","Manhattan","40.779242","-73.983105","159","1030512","1011640015","MN0701"
"National Dance Institute, Inc.","217 W 147th St","New York","NY","10039","(212) 226-0083","Dance","Manhattan Council District #7","Manhattan Community Board #10","Manhattan","40.823585","-73.93965","234","1060526","1020337501","MN1002"
"National Guild for Community Arts Education, Inc.","520 8th Ave","New York","NY","10018","(212) 268-3337","Multi-Discipline, Non-Perform","Manhattan Council District #3","Manhattan Community Board #5","Manhattan","40.753612","-73.992417","109","1083624","1007860001","MN0502"
"National Jazz Museum in Harlem","58 West 129th Street","New York","NY","10027","(212) 348-8300","Music","Manhattan Council District #8","Manhattan Community Board #10","Manhattan","40.809802","-73.942422","208","1089720","1017267502","MN1002"
"National Lighthouse Museum","200 The Promenade at Lighthouse Point","Staten Island","NY","10301","(855) 656-7469","Museum","Staten Island Council Dist #49","Staten Island Community Board #1","Staten Island","40.641081","-74.073489","3","5157462","5000010065","SI0101"
"National Museum of Catholic Art and History","443 East 115th Street","New York","NY","10029","(212) 828-5209","Museum","Manhattan Council District #8","Manhattan Community Board #11","Manhattan","40.794897","-73.934887","178","1081441","1017090031","MN1102"
"National Museum of Mathematics","134 W. 26th St.","New York","NY","10001","(212) 542-0566","Museum","Manhattan Council District #3","Manhattan Community Board #4","Manhattan","40.745266","-73.99254","91","1015025","1008010061","MN0401"
"National Music Theater Network, Inc.","36 West 44th Street","New York","NY","10036","(212) 664-0979","Theater","Manhattan Council District #3","Manhattan Community Board #4","Manhattan","40.755316","-73.981227","96","1034205","1012597501","MN0502"
"National Parks of New York Harbor Conservancy","26 Wall Street","New York","NY","10005","(212) 668-2321",,,,"Manhattan","40.707001","-74.010474","7","1001020","1000430006","MN0101"
"National Queer Theater","138 South Oxford Street","Brooklyn","NY","11217","(510) 813-0396","Theater","Brooklyn Council District #35","Brooklyn Community Board #6","Brooklyn","40.685073","-73.973221","179","3000000","3020040048","BK0203"
"National September 11 Memorial and Museum at the World Trade Center","200 Liberty Street","New York","NY","10281","(646) 480-3733","Museum","Manhattan Council District #1","Manhattan Community Board #1","Manhattan","40.711425","-74.015442","31704","1000057","1000160120","MN0101"
"National Theater Workshop of the Handicapped, Inc.","535 Greenwich Street","New York","NY","10013","(212) 206-7789","Theater","Manhattan Council District #3","Manhattan Community Board #2","Manhattan","40.726881","-74.008937","37","1010366","1005970038","MN0201"
"National Urban League, Inc.","80 Pine Street, 9th Floor","New York","NY","10005","(212) 558-5394","Multi-Discipline, Non-Perform","Manhattan Council District #1","Manhattan Community Board #1","Manhattan","40.705892","-74.007181","7","1000880","1000390012","MN0101"
"National Video Resources, Inc.","73 Spring Street, Suite 403","New York","NY","10012","(212) 274-8080","Film/Video/Audio","Manhattan Council District #1","Manhattan Community Board #2","Manhattan","40.722542","-73.997673","43","1079952","1004960036","MN0201"
"Naturally Occurring Cultural Districts NY","88 Prospect Park West #3D","Brooklyn","NY","11215","(347) 512-6612","Multi-Discipl, Perf & Non-Perf","Brooklyn Council District #39","Brooklyn Community Board #6","Brooklyn","40.66735","-73.974573","165","3025555","3010830038","BK0602"
"Naumburg Orchestral Concerts, Inc.","300 Central Park West, Apt. 18 H","New York","NY","10024","(212) 787-0804","Music","Manhattan Council District #6","Manhattan Community Board #7","Manhattan","40.788063","-73.967315","177","1031607","1012040029","MN0702"
"Navatman","500 8th Avenue","New York","NY","10018","(732) 580-2093","Folk Arts","Manhattan Council District #3","Manhattan Community Board #5","Manhattan","40.752943","-73.992904","109","1014421","1007850001","MN0502"
"Navatman, Inc.","355 7th Avenue","New York","NY","10001","(212) 564-4895","Folk Arts","Manhattan Council District #3","Manhattan Community Board #5","Manhattan","40.748277","-73.992587","95","1015153","1008050097","MN0501"
"Negro Ensemble Company, Inc.","500 7th Avenue","New York","NY","10018","(212) 582-5860","Theater","Manhattan Council District #3","Manhattan Community Board #4","Manhattan","40.752992","-73.989186","109","1014459","1007870040","MN0502"
"Neighborhood Work Play Kids Theatre","Pratt Station, P.O. Box 50081","Brooklyn","NY","11205","(718) 503-4763","Theater","Brooklyn Council District #35","Brooklyn Community Board #2",,,,,,,
"Neue Galerie New York","1048 Fifth Avenue","New York","NY","10028",,,,"Manhattan Community Board #8","Manhattan","40.781306","-73.960324","15001","1046843","1014970071","MN0802"
"Neville Dance Theatre, Inc","11007 73rd Road, Apt. 1C","Forest Hills","NY","11375","(917) 517-2175","Dance","Queens Council District #29","Queens Community Board #6","Queens","40.718025","-73.83943","76901","4078801","4032920036","QN0602"
"New 42nd Street, Inc.","229 West 42nd Street, 10th Floor","New York","NY","10036","(646) 223-3001","Theater","Manhattan Council District #3","Manhattan Community Board #5","Manhattan","40.756571","-73.98819","119","1024683","1010140017","MN0502"
"New Africa Live","280 West 113th Street","New York","NY","10026","(917) 687-8774","Multi-Discipl, Perf & Non-Perf","Manhattan Council District #9","Manhattan Community Board #10","Manhattan","40.802216","-73.956161","216","1055126","1018280060","MN1001"
"New American Cinema Group, Inc.","475 Park Ave. S","New York","NY","10016","(212) 267-5665","Film/Video/Audio","Manhattan Council District #2","Manhattan Community Board #6","Manhattan","40.745646","-73.982378","72","1018471","1008870095","MN0603"
"New Amsterdam Musical Association, Inc.","107 W 130th Street","New York","NY","10027","(212) 281-1351","Music","Manhattan Council District #9","Manhattan Community Board #10","Manhattan","40.811195","-73.943743","226","1058040","1019150026","MN1002"
"New Amsterdam Presents, Inc.","485 Henry St","Brooklyn","NY","11231","(864) 569-5158","Music","Brooklyn Council District #35","Brooklyn Community Board #2","Brooklyn","40.685235","-73.998871","67","3003830","3003230005","BK0601"
"New Amsterdam Singers","P.O. Box 373","New York","NY","10025","(914) 712-8708","Music","Manhattan Council District #6","Manhattan Community Board #7","Manhattan",,,,,,
"New Art Publications","80 Hanson Place","Brooklyn","NY","11217","(718) 636-9100","Multi-Discipl, Perf & Non-Perf","Brooklyn Council District #35","Brooklyn Community Board #2","Brooklyn","40.685488","-73.974421","35","3057479","3020030034","BK0203"
"New Camerata Opera Inc","3850 Sedgwick Avenue","Bronx","NY","10463","(860) 836-5157","Multi-Discipline, Performing","Manhattan Council District #10","Bronx Community Board #8","Bronx","40.882693","-73.895039","409","2015229","2032460056","BX0702"
"New Conductors Orchestra, Inc.","343 E 30th Street","New York","NY","10016","(646) 342-3719",,,"Manhattan Community Board #6","Manhattan","40.741679","-73.97628","7001","1083120","1009367501","MN0603"
"New Dance Alliance, Inc.","182 DUANE ST FL 3","New York","NY","10013","(212) 226-7624","Dance","Manhattan Council District #1","Manhattan Community Board #1","Manhattan","40.717398","-74.010198","39","1001523","1001410023","MN0102"
"New Dramatists, Inc.","424 W 44th St","New York","NY","10036","(212) 757-6960","Theater","Manhattan Council District #3","Manhattan Community Board #4","Manhattan","40.760107","-73.992604","12102","1026374","1010530045","MN0402"
"New England Dinosaur, Inc.","130 West 56th Street","New York","NY","10019","(212) 757-9669","Dance","Manhattan Council District #4","Manhattan Community Board #5","Manhattan","40.764151","-73.978889","137","1023391","1010080015","MN0502"
"New Federal Theatre, Inc.","154 Christopher St","New York","NY","10014","(917) 455-0540","Theater","Manhattan Council District #2","Manhattan Community Board #2","Manhattan","40.73273","-74.008129","69","1010421","1006040033","MN0203"
"New Festival, Inc.","26 3rd St 3L","Brooklyn","NY","11231","(212) 571-2170","Film/Video/Audio","Brooklyn Council District #33","Brooklyn Community Board #6","Brooklyn","40.678401","-73.994909","77","3007974","3004647503","BK0601"
"New Group, Inc.","240 W. 35th Street","New York","NY","10001","(212) 244-3380","Theater","Manhattan Council District #3","Manhattan Community Board #5","Manhattan","40.752171","-73.991377","109","1014415","1007840064","MN0502"
"New Heritage Theatre Group","229 West 135th Street","New York","NY","10030","(212) 926-2550","Multi-Discipline, Performing","Manhattan Council District #9","Manhattan Community Board #10","Manhattan","40.815902","-73.945094","228","1058880","1019410014","MN1002"
"New Light Theater Project","3750 Broadway","New York","NY","10032","(630) 632-1459","Theater","Manhattan Council District #7","Manhattan Community Board #12","Manhattan","40.833277","-73.945441","241","1062678","1021140005","MN1201"
"New Museum of Contemporary Art","235 Bowery","New York","NY","10002","(212) 219-1222","Museum","Manhattan Council District #1","Manhattan Community Board #3","Manhattan","40.722424","-73.993225","3601","1005709","1004260012","MN0302"
"New Music Theatre Project, Inc.","138 South Oxford Street","Brooklyn","NY","11217","(917) 300-9248","Theater","Brooklyn Council District #36","Brooklyn Community Board #2","Brooklyn","40.685073","-73.973221","179","3000000","3020040048","BK0203"
"New Music USA, Inc.","40 Wall St","New York","NY","10005","(212) 645-6949",,,"Manhattan Community Board #1","Manhattan","40.706784","-74.010132","7","1001018","1000430002","MN0101"
"New Perspectives Theatre Company","456 West 37th Street","New York","NY","10018","(646) 342-2060","Theater","Manhattan Council District #3","Manhattan Community Board #4","Manhattan","40.756099","-73.996856","111","1012895","1007340066","MN0401"
"New Professional Theatre, Inc.","479 West 152nd Street","New York","NY","10031","(212) 398-2666","Theater","Manhattan Council District #3","Manhattan Community Board #9","Manhattan","40.829417","-73.943811","23501","1061608","1020677501","MN0903"
"New Radio and Performing Arts, Inc.","129 Tysen Street","Staten Island","NY","10301","(617) 522-3856","Multi-Discipl, Perf & Non-Perf","Staten Island Council Dist #49","Staten Island Community Brd #1","Manhattan",,,,,,
"New Review, Inc.","1216 Broadway Floor 2","New York","NY","10001","(212) 353-1478","Literature","Manhattan Council District #1","Manhattan Community Board #2","Manhattan","40.746616","-73.988473","76","1080723","1008310059","MN0501"
"New School","The New School-New School Concerts","New York","NY","10011","(212) 229-5873","Music","Manhattan Council District #3","Manhattan Community Board #2","Manhattan",,,,,,
"New Sounds Music Incorporated","870 W. 181st Street 9B","New York","NY","10033","(215) 316-1381","Music","Manhattan Council District #7","Manhattan Community Board #12","Manhattan","40.851365","-73.941146","265","1064322","1021770170","MN1202"
"New Stage Theatre Company, Inc.","75 Broad St","New York","NY","10004","(917) 297-0469","Theater","Manhattan Council District #1","Manhattan Community Board #1","Manhattan","40.704541","-74.011552","9","1000849","1000290070","MN0101"
"New Thread Quartet, Inc.","2138 Crescent St D3","Astoria","NY","11105","(347) 284-7703","Music","Queens Council District #22","Queens Community Board #1","Queens","40.77979","-73.913222","103","4019005","4008690047","QN0101"
"Newtown Literary Alliance","61-15 97th Street","Rego Park","NY","11374","(347) 774-4375","Literature","Queens Council District #29","Queens Community Board #6","Queens","40.733991","-73.862434","71702","4050412","4020820107","QN0601"
"New Triad for Collborative Arts, Inc.","Box 237136","New York","NY","10023","(347) 350-7476","Multi-Discipline, Non-Perform","Manhattan Council District #6","Manhattan Community Board #7","Manhattan",,,,,,
"New Way Circus Center, Inc.","2820 Ocean Parkway, Suite 21E","Brooklyn","NY","11235","(718) 266-0202","Multi-Discipline, Performing","Brooklyn Council District #46","Brooklyn Community Board #15","Brooklyn","40.581014","-73.967459","35601","3320735","3072530001","BK1302"
"New Worlds Theatre Project, Inc.","670 West End Avenue, Ste. 16A","New York","NY","10025","(917) 513-7620","Theater","Manhattan Council District #6","Manhattan Community Board #7","Manhattan","40.793079","-73.974297","179","1033621","1012400061","MN0702"
"New York Academy of Medicine","1216 Fifth Avenue","New York","NY","10029","(212) 822-7200",,"Manhattan Council District #8",,"Manhattan","40.792101","-73.952174","168","1051496","1016080069","MN1101"
"New York Academy of Sciences","7 World Trade Center","New York","NY","10007","(212) 298-8672","Science","Manhattan Council District #1","Manhattan Community Board #1","Manhattan","40.71322","-74.011709","21","1086510","1000840036","MN0102"
"New York African Chorus Ensemble, Inc.","515 W 151st St","New York","NY","10031","(212) 862-4858","Multi-Discipline, Performing","Manhattan Council District #7","Manhattan Community Board #9","Manhattan","40.829319","-73.945516","237","1062187","1020830025","MN0903"
"New York Artist Equity Association","245 Broome St.","New York","NY","10001","(931) 410-0020","Visual Arts","Manhattan Council District #1","Manhattan Community Board #2","Manhattan","40.717944","-73.989668","18","1005277","1004080014","MN0302"
"New York Asian Film Foundation, Inc.","165 W 65th St","New York","NY","10023","(203) 858-7152","Film/Video/Audio","Manhattan Council District #6","Manhattan Community Board #7","Manhattan","40.773915","-73.984284","149","1077844","1011377501","MN0701"
"New York Asian Symphony Orchestra, Inc.","889 Ninth Ave. Suite No.1","New York","NY","10019","(212) 397-5298","Music","Manhattan Council District #6","Manhattan Community Board #5","Manhattan","40.768321","-73.985433","139","1026889","1010670033","MN0402"
"New York Botanical Garden","2900 Southern Boulevard","Bronx","NY","10458","(718) 817-8700","Botanical","Bronx Council District #15","Bronx Community Board #6","Bronx","40.865684","-73.883312","334","2000000","2032720001","BX2791"
"New York Chinese Cultural Center, Inc.","137 Henry Street","New York","NY","10002","(212) 334-3764","Multi-Discipl, Perf & Non-Perf","Manhattan Council District #1","Manhattan Community Board #3","Manhattan","40.71333","-73.990827","6","1003564","1002830015","MN0301"
"New York Chinese Opera Society, Inc.","120 Broadway","New York","NY","10271","(212) 227-2920","Folk Arts","Manhattan Council District #1","Manhattan Community Board #1","Manhattan","40.708546","-74.011041","7","1001026","1000477501","MN0101"
"New York Choral Society","119 West 57th Street","New York","NY","10019","(212) 247-3878","Music","Manhattan Council District #4","Manhattan Community Board #5","Manhattan","40.764655","-73.977972","137","1023725","1010100021","MN0502"
"New York City AIDS Memorial Inc","208 West 13th Street","New York","NY","10011","(646) 248-7845","Visual Arts","Manhattan Council District #3","Manhattan Community Board #2","Manhattan","40.738034","-74.000603","77","1067571","1006170047","MN0203"
"New York City Arts in Education Roundtable","520 8th Ave","New York","NY","10018","(646) 389-4071","Humanities","Manhattan Council District #3","Manhattan Community Board #5","Manhattan","40.753612","-73.992417","109","1083624","1007860001","MN0502"
"New York City Ballet","David H. Koch Theater","New York","NY","10023","(212) 870-5500","Dance","Manhattan Council District #6","Manhattan Community Board #6","Manhattan","40.771776","-73.983652","149","1028831","1011340005","MN0701"
"New York City Center, Inc.","130 West 56th Street","New York","NY","10019","(212) 247-0430","Multi-Discipline, Performing","Manhattan Council District #4","Manhattan Community Board #5","Manhattan","40.764151","-73.978889","137","1023391","1010080015","MN0502"
"New York City Community Chorus at Holy Apostles","296 Ninth Avenue","New York","NY","10001","(212) 475-2702","Music","Manhattan Council District #3","Manhattan Community Board #4","Manhattan","40.749416","-73.999188","97","1013463","1007510076","MN0401"
"New York City Fire Museum","278 Spring Street, New York, NY, USA","New York","NY","10013","(212) 691-1303","Museum","Manhattan Council District #3","Manhattan Community Board #2","Manhattan","40.725786","-74.007079","37","1009739","1005790011","MN0201"
"New York City H2O Inc.","410 E 6th St","New York","NY","10009","(917) 656-2984","Multi-Discipline, Non-Perform","Manhattan Council District #2","Manhattan Community Board #3","Manhattan","40.726186","-73.98568","32","1077557","1004320001","MN0303"
"New York City Independent Film Festival, Inc.","358 West 44th Street","New York","NY","10036","(917) 608-4784","Film/Video/Audio","Manhattan Council District #4","Manhattan Community Board #5","Manhattan","40.759201","-73.990452","12101","1024978","1010340061","MN0402"
"New York City Master Chorale","511 Avenue of the Americas","New York","NY","10011","(917) 326-1422","Music","Manhattan Council District #3","Manhattan Community Board #2","Manhattan","40.736875","-73.997203","71","1010653","1006090047","MN0203"
"New York City Opera, Inc.","142 W 57th St","New York","NY","10019","(212) 870-5600","Music","Manhattan Council District #6","Manhattan Community Board #6","Manhattan","40.765131","-73.979145","137","1085969","1010097501","MN0502"
"New York City Players, Inc.","400 W. 43rd Street","New York","NY","10036","(212) 479-0808","Theater","Manhattan Council District #3","Manhattan Community Board #5","Manhattan","40.759302","-73.992636","12102","1083745","1010520001","MN0402"
"New York City Police Museum","100 Old Slip","New York","NY","10005","(212) 480-3100","Museum","Manhattan Council District #1","Manhattan Community Board #1","Manhattan","40.703279","-74.008039","7","1000866","1000340037","MN0101"
"New York City Street Photography Collective","1027 Grand Street","Brooklyn","NY","11211","(813) 841-0240","Photography","Queens Council District #34","Queens Community Board #5","Brooklyn","40.713595","-73.933996","44902","3338342","3029250001","BK0104"
"New York Classical Players","580 Fifth Avenue, Suite 820","New York","NY","10036","(617) 285-4627","Music","Brooklyn Council District #35","Manhattan Community Board #5","Manhattan","40.756959","-73.979025","96","1034484","1012630034","MN0502"
"New York Classical Theatre, Inc.","11 Broadway","New York","NY","10004","(212) 662-0760","Theater","Manhattan Council District #9","Manhattan Community Board #1","Manhattan","40.705354","-74.013731","13","1000044","1000130005","MN0101"
"New York Collegium, Inc.","869 Lexington Avenue","New York","NY","10021","(212) 717-9246","Music","Manhattan Council District #4","Manhattan Community Board #8","Manhattan","40.766118","-73.965336","120","1083886","1014000020","MN0802"
"New York Composers Circle, Inc.","c/o Richard Brooks","Brooklyn","NY","11201","(718) 398-3579","Music","Brooklyn Council District #35","Brooklyn Community Board #2","Manhattan",,,,,,
"New York Conservatory of Music","321 East 69th Street","New York","NY","10021","(212) 717-9590","Music","Manhattan Council District #5","Manhattan Community Board #8","Manhattan","40.766377","-73.958589","12601","1044819","1014440013","MN0801"
"New York Council for the Humanities","150 Broadway","New York","NY","10038","(212) 233-1131","Humanities","Manhattan Council District #1","Manhattan Community Board #1","Manhattan","40.70932","-74.010392","1502","1001087","1000640012","MN0101"
"New York Dance & Arts Innovations, Inc.","127 W 78 St","New York","NY","10024","(203) 509-9062","Multi-Discipline, Performing","Manhattan Council District #6","Manhattan Community Board #7","Manhattan","40.781681","-73.976941","165","1030249","1011500020","MN0702"
"New York Dance Center","890 Broadway, 8th Floor","New York","NY","10003","(212) 777-7710","Dance","Manhattan Council District #2","Manhattan Community Board #5","Manhattan","40.738604","-73.989911","52","1016163","1008487502","MN0501"
"New York Deaf Theatre, Ltd.","138 South Oxford Street","Brooklyn","NY","11217","(718) 793-5499","Theater",,,"Manhattan",,,,,,
"New York Edge, Inc.","58-12 Queens Blvd, Suite 1","Queens","NY","11377","(347) 738-3608","Multi-Discipl, Perf & Non-Perf","Queens Council District #26","Queens Community Board #2","Queens","40.741828","-73.907281","245","4454475","4023137501","QN0203"
"New York Festival of Song, Inc.","209 West 29th Street","New York","NY","10001","(646) 230-8380","Music","Manhattan Council District #3","Manhattan Community Board #5","Manhattan","40.748109","-73.993493","95","1014290","1007790039","MN0501"
"New York Film & Music Foundation","372 FIFTH AVENUE, 3J","New York","NY","10018","(212) 245-3444","Multi-Discipl, Perf & Non-Perf","Manhattan Council District #4","Manhattan Community Board #5","Manhattan","40.749341","-73.984369","84","1015898","1008370040","MN0502"
"New York Foundation for the Arts","29 W. 38th Street, 9th Floor","New York","NY","10018","(212) 366-6900","Multi-Discipl, Perf & Non-Perf","Brooklyn Council District #33","Manhattan Community Board #5","Manhattan","40.751443","-73.983845","84","1015997","1008400023","MN0502"
"New York Foundation for the Arts - Regrant","29 W. 38th Street, 9th Floor","New York","NY","10018","(212) 366-6900","Multi-Discipl, Perf & Non-Perf",,"Manhattan Community Board #5","Manhattan","40.751443","-73.983845","84","1015997","1008400023","MN0502"
"New York Genealogical and Biographical Society","36 W. 44th Street","New York","NY","10036","(212) 755-8532","Humanities","Manhattan Council District #4","Manhattan Community Board #5","Manhattan","40.755316","-73.981227","96","1034205","1012597501","MN0502"
"New York Gilbert & Sullivan Players, Inc.","225 W. 99th St.","New York","NY","10025","(212) 769-1000","Theater","Manhattan Council District #6","Manhattan Community Board #7","Manhattan","40.796267","-73.969586","187","1084035","1018710029","MN0703"
"New York Hall of Science","47-01 111th Street","Corona","NY","11368","(718) 699-0005","Science","Queens Council District #21","Queens Community Board #4","Queens","40.747399","-73.853546","38302","4441124","4020180001","QN8191"
"New-York Historical Society","170 Central Park West","New York","NY","10024","(212) 485-9273","Museum","Manhattan Council District #6","Manhattan Community Board #7","Manhattan","40.779265","-73.973743","161","1028816","1011290029","MN0702"
"New York Institute for Haiti Advocacy, Inc.","176 West 94th Street #8C","New York","NY","10025","(646) 301-0146","Film/Video/Audio","Manhattan Council District #7","Manhattan Community Board #7","Manhattan","40.792483","-73.970689","177","1032545","1012240058","MN0702"
"New York International Ballet Competition, Inc.","119 West 57th Street","New York","NY","10019","(212) 956-1520","Dance","Manhattan Council District #4","Manhattan Community Board #5","Manhattan","40.764655","-73.977972","137","1023725","1010100021","MN0502"
"New York International Children's Film Festival","225 Broadway #2730","New York","NY","10007","(212) 349-0330","Film/Video/Audio","Manhattan Council District #1","Manhattan Community Board #1","Manhattan","40.71187","-74.008217","21","1001241","1000880018","MN0102"
"New York Kathak Festival","4265 Kissena Blvd.","Flushing","NY","11355","(917) 650-5454","Dance","Queens Council District #20","Queens Community Board #7","Queens","40.756038","-73.825369","857","4116923","4051800001","QN0707"
"New York Kids Theatrical Alliance","3467 Eastchester Road #6D","Bronx","NY","10469","(646) 406-3322","Theater","Bronx Council District #12","Bronx Community Board #12","Bronx","40.878072","-73.846944","386","2117012","2047220012","BX1202"
"New York Live Arts, Inc.","219 West 19th Street","New York","NY","10011","(212) 691-6500","Dance","Manhattan Council District #3","Manhattan Community Board #4","Manhattan","40.74212","-73.998546","87","1013977","1007697506","MN0401"
"New York Mandolin Orchestra","c/o Andrew McDonough, Treasurer","New York","NY","10003",,,,"Manhattan Community Board #6","Manhattan",,,,,,
"New York Music Foundation, Inc.","247 Wadsworth Avenue","New York","NY","10033","(212) 740-0077","Music","Manhattan Council District #10","Manhattan Community Board #12","Manhattan","40.852552","-73.932965","271","1063968","1021660033","MN1202"
"New York Neo-Futurists","64 N 9th Street","Brooklyn","NY","11249","(347) 871-6365","Theater","Manhattan Council District #6","Brooklyn Community Board #1","Brooklyn","40.72099","-73.959848","557","3392437","3023090015","BK0102"
"New York New Music Ensemble, Inc.","780 Riverside Drive","New York","NY","10032","(718) 614-8144","Music","Manhattan Council District #3","Manhattan Community Board #2","Manhattan","40.834208","-73.9481","241","1063247","1021340022","MN1201"
"New York Pops, Inc.","39 Broadway","New York","NY","10006","(212) 765-7677","Music","Manhattan Council District #3","Manhattan Community Board #1","Manhattan","40.706251","-74.012952","13","1000803","1000200004","MN0101"
"New York Public Radio","160 Varick Street","New York","NY","10013","(646) 829-4444","Film/Video/Audio","Manhattan Council District #3","Manhattan Community Board #2","Manhattan","40.726615","-74.005617","37","1007825","1005067501","MN0201"
"NewYorkRep, Inc","345 W 58th St","New York","NY","10019","(646) 875-2022","Theater","Manhattan Council District #3","Manhattan Community Board #4","Manhattan","40.768216","-73.984292","145","1082934","1010490001","MN0701"
"New York Repertory Orchestra","949 West End Avenue","New York","NY","10025","(212) 662-8383","Music","Manhattan Council District #9","Manhattan Community Board #7","Manhattan","40.801842","-73.968457","195","1057264","1018920016","MN0703"
"New York Restoration Project","254 West 31st St.","New York","NY","10001","(212) 333-2552","Botanical","Manhattan Council District #3","Manhattan Community Board #4","Brooklyn",,,,,,
"New York Revels, Inc.","8 Eighth Ave","Brooklyn","NY","11217","(718) 399-9282","Multi-Discipline, Performing","Brooklyn Council District #33","Brooklyn Community Board #6","Manhattan","40.73713","-74.005258","77","1011379","1006240031","MN0203"
"New York Scandia Symphony","824 W 176th Street, #5C","New York","NY","10033","(212) 927-1596","Music","Manhattan Council District #7","Manhattan Community Board #12","Manhattan","40.847448","-73.941066","255","1063455","1021390578","MN1201"
"New York Shakespeare Exchange","476 Waverly Ave","New York","NY","11238","(917) 428-0065","Multi-Discipline, Performing","Brooklyn Council District #35","Brooklyn Community Board #2","Manhattan",,,,,,
"New York Shakespeare Festival","425 Lafayette Street","New York","NY","10003","(212) 539-8500","Theater","Manhattan Council District #2","Manhattan Community Board #2","Manhattan","40.729052","-73.992116","57","1008774","1005440016","MN0202"
"New York Society Library Trustees","53 E 79th Street","New York","NY","10075","(212) 288-6900","Humanities","Manhattan Council District #4","Manhattan Community Board #8","Manhattan","40.776108","-73.961598","142","1046438","1014910025","MN0802"
"New York Stage and Film Co.","214 West 29th Street","New York","NY","10001","(212) 736-4240","Theater","Manhattan Council District #3","Manhattan Community Board #4","Manhattan","40.748148","-73.993623","95","1014267","1007780048","MN0501"
"New York State Institute on Disability","930 Willowbrook Road","Staten Island","NY","10314","(718) 494-6457","Multi-Discipl, Perf & Non-Perf","Staten Island Council Dist #49","Staten Island Community Brd #1","Staten Island","40.603318","-74.141798","27301","5107306","5020400400","SI0204"
"New York Studio School","8 West 8th Street","New York","NY","10011","(212) 673-6466","Visual Arts","Manhattan Council District #1","Manhattan Community Board #2","Manhattan","40.732437","-73.996803","63","1008861","1005510028","MN0202"
"New York Theatre Barn","401 W. 56th Street","New York","NY","10019","(650) 219-0097","Theater","Manhattan Council District #6","Manhattan Community Board #4","Manhattan","40.767429","-73.986625","139","1026869","1010660029","MN0402"
"New York Theatre Experience, Inc.","155 E. 31st Street   #10B","New York","NY","10016","(212) 217-9627","Theater","Manhattan Council District #2","Manhattan Community Board #5","Manhattan","40.744257","-73.980512","72","1078756","1008870030","MN0603"
"New York Theatre Workshop, Inc.","79 E 4th St","New York","NY","10003","(212) 780-9037","Theater","Manhattan Council District #2","Manhattan Community Board #3","Manhattan","40.726483","-73.990096","38","1006601","1004600046","MN0303"
"New York United Jewish Association","3415 Quentin Rd","Brooklyn","NY","11234","(718) 407-1832","Dance","Brooklyn Council District #41","Brooklyn Community Board #18","Brooklyn","40.613824","-73.938082","646","3212283","3077070001","BK1802"
"New York WEB Center, Inc.","402 Eastern Parkway","Brooklyn","NY","11225","(718) 773-7765","Multi-Discipl, Perf & Non-Perf","Brooklyn Council District #35","Brooklyn Community Board #8","Brooklyn","40.6701","-73.954972","323","3032886","3012670001","BK0901"
"New York Women in Film & Television, Inc.","79-10 34th Ave","New York","NY","11372","(212) 679-0870","Film/Video/Audio","Manhattan Council District #3","Queens Community Board #3","Queens","40.753448","-73.887616","285","4029138","4012660001","QN0301"
"New York Youth Symphony, Inc.","110 W 40th Street","New York","NY","10018","(212) 581-5933","Music","Manhattan Council District #4","Manhattan Community Board #5","Manhattan","40.753818","-73.985696","113","1080614","1008150039","MN0502"
"NIA Community Services Network, Inc.","6614 11th Ave","Brooklyn","NY","11219","(718) 236-5266","Multi-Discipl, Perf & Non-Perf","Brooklyn Council District #43","Brooklyn Community Board #10","Brooklyn","40.627905","-74.006708","210","3142417","3057580042","BK1002"
"Nia Theatrical Production Co, Inc.","138 S Oxford St","Brooklyn","NY","11217","(347) 336-4122","Theater","Brooklyn Council District #42","Brooklyn Community Board #2","Brooklyn","40.685073","-73.973221","179","3000000","3020040048","BK0203"
"Nicholas Roerich Museum, Inc.","319 West 107 Street","New York","NY","10025","(212) 864-7752","Museum","Manhattan Council District #9","Manhattan Community Board #7","Manhattan","40.802775","-73.969139","195","1057276","1018920038","MN0703"
"Nicole Paultre Bell When It's Real It's Forever Fund, Inc.","191 Beach 27th street","Far Rockaway","NY","11691","(631) 639-8967","Multi-Discipline, Performing","Queens Council District #31","Queens Community Board #14","Queens","40.59455","-73.760074","99802","4301724","4158190040","QN1401"
"Nicu's Spoon","415 west 55th street","new york","NY","10019","(212) 245-6467","Multi-Discipline, Performing","Manhattan Council District #3","Manhattan Community Board #5","Manhattan","40.766924","-73.987368","139","1026844","1010650023","MN0402"
"NIGERIAN-AMERICAN COMMUNITY ASSOCIATION (USA), INC.","295 Granite Avenue","Staten Island","NY","10303","(718) 273-8778","Multi-Discipl, Perf & Non-Perf","Staten Island Council Dist #49","Staten Island Community Brd #1","Staten Island","40.628672","-74.149796","239","5110174","5011700014","SI0107"
"Nightboat Books, Inc.","310 Nassau Avenue, #205","Brooklyn","NY","11222","(718) 930-1062","Literature","Brooklyn Council District #33","Brooklyn Community Board #1","Brooklyn","40.726244","-73.9378","593","3400086","3026930001","BK0101"
"Nitchen, Inc.","203 West 107th Street","New York City","NY","10025","(646) 330-2125","Multi-Discipl, Perf & Non-Perf","Manhattan Council District #7","Manhattan Community Board #10","Manhattan","40.801248","-73.965517","195","1056656","1018790027","MN0703"
"Noble Maritime Collection","1000 Richmond Terrace","Staten Island","NY","10301","(718) 447-6490","Museum","Staten Island Council Dist #49","Staten Island Community Board #1","Staten Island","40.645075","-74.104753","9702","5000000","5000760200","SI0191"
"Noche Flamenca, Inc.","168 West 86 Street, 9A","New York","NY","10024","(917) 775-4035","Dance","Manhattan Council District #6","Manhattan Community Board #7","Manhattan","40.787365","-73.974278","169","1032177","1012160060","MN0702"
"Noel Pointer Foundation, Inc.","247 Herkimer Street","Brooklyn","NY","11216","(718) 230-4825","Music","Brooklyn Council District #36","Brooklyn Community Board #3","Brooklyn","40.679398","-73.945051","247","3329713","3018620026","BK0301"
"No Empty Space Theatre, Inc.","164 Greenleaf Ave.","Staten Island","NY","10310","(718) 727-9381",,,,"Staten Island","40.626452","-74.12658","151","5009659","5003520052","SI0105"
"Noor Theatre, Inc","83 E 4th Street","New York","NY","10003","(646) 450-3198","Theater","Manhattan Council District #2","Manhattan Community Board #3","Manhattan","40.726423","-73.989956","38","1006600","1004600045","MN0303"
"NOoSPHERE Arts, Inc.","520 Kingsland Ave","Brooklyn","NY","11222","(718) 389-8228","Multi-Discipl, Perf & Non-Perf","Brooklyn Council District #33","Brooklyn Community Board #1","Brooklyn","40.733708","-73.943242","57902","3064104","3025170027","BK0101"
"Norte Maar for Collaborative Projects in the Arts, Inc.","88 Pine St","Brooklyn","NY","11208","(646) 361-8512","Multi-Discipl, Perf & Non-Perf","Brooklyn Council District #34","Brooklyn Community Board #5","Brooklyn","40.684436","-73.873479","117602","3092205","3041290044","BK0501"
"North/South Consonance, Inc.","308 W 103rd STREET APT 3A","New York","NY","10025","(212) 663-7566","Music","Manhattan Council District #9","Manhattan Community Board #7","Manhattan","40.799825","-73.970278","191","1057183","1018900028","MN0703"
"Northern Manhattan Arts Alliance","4140 Broadway","New York","NY","10033","(212) 568-4396","Multi-Discipl, Perf & Non-Perf","Manhattan Council District #7","Manhattan Community Board #12","Manhattan","40.846299","-73.938407","263","1063557","1021450001","MN1201"
"Northern Manhattan Coalition For Economic Development","600 West 185th Street, 2nd Floor","New York","NY","10033","(212) 543-0010","Music","Manhattan Council District #10","Manhattan Community Board #12","Manhattan","40.851769","-73.932185","271","1063962","1021660016","MN1202"
"Northern Woodside Coalition","33-47 60th St","WOODSIDE","NY","11377","(718) 205-1030","Music","Queens Council District #22","Queens Community Board #2","Queens","40.752451","-73.902239","293","4027091","4011830145","QN0203"
"Notes in Motion","412 Broadway","New York","NY","10013","(212) 995-9446","Dance","Manhattan Council District #1","Manhattan Community Board #1","Manhattan","40.71907","-74.00215","31","1002339","1001960007","MN0102"
"Nouveau Classical Project","323 20th St, 1B","Brooklyn","NY","11215","(917) 609-1740","Multi-Discipl, Perf & Non-Perf","Manhattan Council District #3","Brooklyn Community Board #7","Brooklyn","40.660112","-73.989843","147","3397864","3008867504","BK0702"
"Nuit Blanche New York, LLC","464 West 25th St #2","New York","NY","10001","(646) 345-1581","New Media","Manhattan Council District #3","Manhattan Community Board #3","Brooklyn",,,,,,
"Nuyorican Poets Cafe","236 E. 3rd Street","New York","NY","10009","(646) 322-3094","Multi-Discipline, Performing","Manhattan Council District #2","Manhattan Community Board #3","Manhattan","40.722274","-73.982048","2202","1004592","1003850023","MN0303"
"Nuyorican School Original Poetry Jazz Ensemble","c/o Positive Workforce, Inc.","New York","NY","10029","(718) 931-9311","Multi-Discipline, Performing","Bronx Council District #8","Bronx Community Board #11","Bronx",,,,,,
"NW&D, Inc.","c/o The Field","New York","NY","10013","(212) 645-6462","Dance","Manhattan Council District #3","Manhattan Community Board #2","Manhattan",,,,,,
"NY Artists Unlimited, Inc.","212 West 14th Street, Ste. 2A","New York","NY","10011","(212) 242-6036","Theater","Manhattan Council District #3","Manhattan Community Board #2","Manhattan","40.738827","-74.000357","77","1011107","1006180026","MN0203"
"NycArtsCypher, Inc.","12 Broad Street","Staten Island","NY","10304","(718) 981-8510","Multi-Discipl, Perf & Non-Perf","Staten Island Council Dist #49","Staten Island Community Board #1","Staten Island","40.625547","-74.075507","27","5109983","5005280032","SI0102"
"NYC KidsFest","530 Manhattan Ave","New York","NY","10027","(646) 229-1900","Multi-Discipline, Performing","Manhattan Council District #9","Manhattan Community Board #10","Manhattan","40.809028","-73.953892","257","1059238","1019490018","MN1001"
"NYC Kids Project","25 Beaver Street","New York","NY","10004","(646) 766-3456","Multi-Discipline, Performing","Manhattan Council District #2","Manhattan Community Board #1","Manhattan","40.704983","-74.012046","9","1000817","1000240001","MN0101"
"NYC SALT","127 West 26th Street","New York","NY","10001","(917) 992-6756","Photography","Manhattan Council District #3","Manhattan Community Board #4","Manhattan","40.745225","-73.992396","95","1015037","1008020022","MN0501"
"NYCxD","630 3rd Avenue","New York","NY","10017","(908) 419-3755","Architecture/Design","Manhattan Council District #4","Manhattan Community Board #6","Manhattan","40.749798","-73.975165","80","1036149","1012950040","MN0603"
"NY de Volunteer, Inc.","475 Riverside Dr., Ste. 439","New York","NY","10115","(212) 932-7208","Multi-Discipline, Non-Perform","Manhattan Council District #7","Manhattan Community Board #9","Manhattan","40.811101","-73.964168","205","1059835","1019910001","MN0901"
"NYIHA MEDIA INC","176 WEST 94TH STREET, #8C","New York","NY","10025","(646) 715-9134","Literature","Manhattan Council District #6","Manhattan Community Board #7","Manhattan","40.792483","-73.970689","177","1032545","1012240058","MN0702"
"NY JAZZ Initiative","149 W. 46th Street","New York","NY","10036","(646) 395-9581","Music","Manhattan Council District #3","Manhattan Community Board #5","Manhattan","40.757981","-73.983627","125","1022664","1009990011","MN0502"
"NYLaughs, Inc.","C/O 312 WEST 23RD STREET, APT. 2K","New York","NY","10011","(917) 727-5233","Multi-Discipline, Performing","Manhattan Council District #3","Manhattan Community Board #4","Manhattan","40.745568","-73.999163","93","1087067","1007467506","MN0401"
"NYSARC Inc., New York City Chapter","83 Maiden Lane","New York","NY","10038","(212) 780-2500",,,"Manhattan Community Board #1","Manhattan","40.707443","-74.007607","1502","1001111","1000680007","MN0101"
"NY Tibetan Service Center, Inc.","76-09 Queens Blvd","Elmhurst","NY","11373","(718) 278-8700","Multi-Discipl, Perf & Non-Perf","Queens Council District #25","Queens Community Board #4","Queens","40.738814","-73.888131","485","4618846","4015360013","QN0401"
"Octavia Project, Inc.","531 E 8th St","Brooklyn","NY","11218","(516) 350-0804",,,"Brooklyn Community Board #12","Brooklyn","40.637121","-73.970412","492","3126888","3053920061","BK1203"
"Old Merchant's House Museum of New York, Inc.","29 East 4th Street","New York","NY","10003","(212) 777-1089","Humanities","Manhattan Council District #2","Manhattan Community Board #2","Manhattan","40.727579","-73.992528","57","1008785","1005440071","MN0202"
"Old Stone House of Brooklyn","336 Third Street","Brooklyn","NY","11215","(718) 768-3195","Multi-Discipl, Perf & Non-Perf","Brooklyn Council District #39","Brooklyn Community Board #6","Brooklyn","40.673316","-73.984369","135","3021055","3009810001","BK0602"
"Ollantay Center for the Arts","94-46 46 Avenue","Elmhurst","NY","11373","(718) 699-6772","Theater","Queens Council District #21","Queens Community Board #4","Queens","40.743373","-73.870011","463","4040091","4016030027","QN0401"
"Omni Ensemble, Ltd.","23 Wellington Court","Brooklyn","NY","11230","(718) 859-8649","Music","Brooklyn Council District #44","Brooklyn Community Board #14","Brooklyn","40.630748","-73.962672","528","3179050","3066900073","BK1402"
"One Club for Creativity, Inc.","450 W 31st St, 6 Fl","New York","NY","10001",,,,"Manhattan Community Board #4","Manhattan","40.752364","-73.999787","103","1012836","1007280060","MN0401"
"One to World, Inc.","285 West Broadway","New York","NY","10013","(212) 431-1195","Multi-Discipline, Non-Perform","Manhattan Council District #1","Manhattan Community Board #1","Manhattan","40.721054","-74.004859","33","1002728","1002110018","MN0102"
"One World Arts, Inc","156 Marine Street","Bronx","NY","10464","(718) 885-2574","Dance",,"Bronx Community Board #10","Bronx","40.840401","-73.783532","51601","2091725","2056390014","BX1003"
"One World Taekwondo Foundation, Inc.","236 West 116th Street, Second Floor","New York","NY","10026","(347) 624-5546","Other","Manhattan Council District #9","Manhattan Community Board #10","Manhattan","40.803868","-73.954083","218","1055245","1018310051","MN1001"
"One Year Lease, Inc.","138 South Oxford Street","Brooklyn","NY","11217","(646) 247-6226","Theater","Manhattan Council District #3","Manhattan Community Board #5","Manhattan",,,,,,
"Onipa-Abusia Temple, Inc.","171-32 Liberty Avenue","Jamaica","NY","11433","(347) 454-9900","Folk Arts","Queens Council District #27","Queens Community Board #12","Queens","40.703886","-73.786933","440","4217873","4102280015","QN1202"
"Only Make Believe, Inc.","121 West 27th Street","New York","NY","10001","(646) 336-1500","Theater","Manhattan Council District #3","Manhattan Community Board #5","Manhattan","40.745831","-73.991916","95","1015067","1008030021","MN0501"
"Onos Footprints, Inc.","2420 Glenwood Rd","Brooklyn","NY","11210","(347) 385-7365","Multi-Discipline, Non-Perform","Brooklyn Council District #40","Brooklyn Community Board #17","Brooklyn","40.633344","-73.953653","772","3205785","3075520047","BK1401"
"On Site Opera, Inc.","475 Riverside Dr","New York","NY","10115","(646) 280-9500","Multi-Discipline, Performing","Manhattan Council District #6","Manhattan Community Board #9","Manhattan","40.811101","-73.964168","205","1059835","1019910001","MN0901"
"On the Road Productions International, Inc.","310 Greenwich Street, #21F","New York","NY","10013","(212) 732-0732","Film/Video/Audio","Manhattan Council District #8","Manhattan Community Board #1","Manhattan","40.717604","-74.010667","39","1083243","1001420025","MN0102"
"On This Spot NYC Inc","24 West 90th Street","New York","NY","10024","(917) 930-7625",,,"Manhattan Community Board #7","Manhattan","40.78834","-73.968618","173","1031579","1012030046","MN0702"
"Open Channels New York, Inc.","161A Chrystie Street","New York","NY","10002","(212) 219-0736","Multi-Discipl, Perf & Non-Perf","Manhattan Council District #1","Manhattan Community Board #3","Manhattan","40.720621","-73.992572","18","1079084","1004257501","MN0302"
"Open Future Institute","301 W 57 St","New York","NY","10019","(646) 863-3872","Other","Manhattan Council District #3","Manhattan Community Board #4","Bronx",,,,,,
"openhousenewyork, Inc.","150 Varick Street","New York","NY","10013","(212) 991-6470","Architecture/Design","Manhattan Council District #3","Manhattan Community Board #2","Manhattan","40.726143","-74.005693","37","1007817","1005050001","MN0201"
"Opening Act, Inc.","PO Box 25613","Brooklyn","NY","11202","(917) 982-7616","Theater","Manhattan Council District #6","Brooklyn Community Board #2","Brooklyn",,,,,,
"Open Source Gallery, Inc.","306 17th St.","Brooklyn","NY","11215","(646) 279-3969","Visual Arts","Brooklyn Council District #38","Brooklyn Community Board #7","Brooklyn","40.662442","-73.989219","143","3324507","3008730039","BK0702"
"Open Space Alliance for North Brooklyn","86 Kent Avenue","Brooklyn","NY","11249","(347) 386-4741","Multi-Discipline, Performing","Brooklyn Council District #33","Brooklyn Community Board #1","Brooklyn","40.721558","-73.960406","557","3061641","3023010001","BK0102"
"OPERA America, Inc.","330 Seventh Avenue, 7th Floor","New York","NY","10001","(212) 796-8620","Music","Manhattan Council District #3","Manhattan Community Board #5","Manhattan","40.747549","-73.993143","95","1014264","1007780043","MN0501"
"Opera Company of Brooklyn Association","33 Indian Road","New York","NY","10034","(917) 836-8920","Music","Manhattan Council District #1","Manhattan Community Board #12","Manhattan","40.872776","-73.918731","307","1065082","1022500058","MN1203"
"Opera New York","309 West 104th Street 1D","New York","NY","10025","(212) 864-3753","Music","Manhattan Council District #6","Manhattan Community Board #7","Manhattan","40.80047","-73.969812","191","1057214","1018910011","MN0703"
"Opera on Tap","190 Ocean Pkwy","Brooklyn","NY","11218","(917) 538-7413","Music","Brooklyn Council District #40","Brooklyn Community Board #12","Brooklyn","40.64537","-73.974779","496","3124681","3053380012","BK1203"
"Opera Orchestra of New York, Inc.","1632 1st Avenue","New York","NY","10028","(212) 799-1982","Music","Manhattan Council District #6","Manhattan Community Board #7","Manhattan","40.775999","-73.950008","14401","1050520","1015640047","MN0803"
"Opportunity Music Project Foundation","300 East 95th St. #170","New York","NY","10128","(608) 886-1757","Music","Manhattan Council District #4","Manhattan Community Board #8","Manhattan","40.783411","-73.947229","15601","1073762","1015577501","MN0803"
"Opus 118 Harlem School of Music","433 E 100th St","New York","NY","10029","(201) 338-0053","Music","Manhattan Council District #8","Manhattan Community Board #11","Manhattan","40.785258","-73.941526","162","1083933","1016940001","MN1101"
"Opus Dance Theatre and Community Services, Inc.","779 Riverside Drive, Suite C43","New York","NY","10032","(843) 478-9005","Dance","Manhattan Council District #9","Manhattan Community Board #12","Manhattan","40.834738","-73.947564","241","1063251","1021347502","MN1201"
"Oracle Theatre, Inc.","8225 5th Ave Suite 127","Brooklyn","NY","11209","(516) 661-4044","Theater","Brooklyn Council District #34","Brooklyn Community Board #1","Manhattan",,,,,,
"Oratorio Society of New York","450 Lexington Avenue","New York","NY","10163","(212) 400-7255","Music","Manhattan Council District #4","Manhattan Community Board #5","Manhattan","40.753102","-73.974854","92","1085671","1012800090","MN0604"
"Oratorio Society of Queens, Inc.","50 Ascan Avenue","Forest Hills","NY","11375","(718) 347-0295","Music","Queens Council District #19","Queens Community Board #7","Queens","40.717237","-73.841264","749","4437656","4032880001","QN0602"
"Orchestra of the Bronx","5 Minerva Place (2J)","Bronx","NY","10468","(718) 365-4209","Music","Bronx Council District #15","Bronx Community Board #7","Bronx","40.871469","-73.891036","40701","2017596","2033190064","BX0702"
"Orchestrating Dreams, Inc.","178 Bennett Avenue","New York","NY","10040","(347) 688-2747","Music","Queens Council District #24","Manhattan Community Board #12","Manhattan","40.855958","-73.934144","281","1064455","1021800466","MN1202"
"Organization of Puerto Rican Artists, Inc.","218 East 18th Street","New York","NY","10003","(212) 366-6900","Visual Arts","Manhattan Council District #3","Manhattan Community Board #4","Manhattan","40.735518","-73.98474","48","1019574","1008980046","MN0602"
"Original Music Workshop, Inc.","80 N 6th St","Brooklyn","NY","11249","(202) 236-3393","Music","Brooklyn Council District #33","Brooklyn Community Board #1","Brooklyn","40.719113","-73.961277","555","3062161","3023330019","BK0102"
"Origin Theatre Company","10-40 Jackson Ave","Long Island City","NY","11101","(212) 253-8300","Theater","Manhattan Council District #3","Queens Community Board #2","Queens","40.742199","-73.953274","701","4436600","4000400016","QN0201"
"Orisha Wholeness Corp","120 Dreiser loop, 14G","Bronx","NY","10475","(917) 557-1547",,,"Bronx Community Board #10","Bronx","40.877477","-73.82807","46203","2128852","2051410120","BX1004"
"Orpheus Chamber Orchestra, Inc.","490 Riverside Drive, 11th Floor","New York","NY","10027","(212) 896-1706","Music","Manhattan Council District #9","Manhattan Community Board #9","Manhattan","40.812306","-73.963607","205","1081792","1019910032","MN0901"
"Ortega y Gasset Projects","363 Third Avenue","Brooklyn","NY","11215","(732) 639-1363","Visual Arts","Brooklyn Council District #39","Brooklyn Community Board #6","Brooklyn","40.674901","-73.988136","11901","3337594","3009800008","BK0601"
"OSS Project Inc","68 Jay St","Brooklyn","NY","11201","(646) 246-0877","Multi-Discipline, Non-Perform","Brooklyn Council District #33","Brooklyn Community Board #2","Manhattan",,,,,,
"Others Are Us","121 West 72nd Street","New York","NY","10023","(212) 595-6814","Visual Arts","Manhattan Council District #6","Manhattan Community Board #7","Bronx",,,,,,
"Other Side Productions","64 Seventh Avenue, #3B","New York","NY","10011","(212) 696-7847","Theater","Manhattan Council District #3","Manhattan Community Board #4","Manhattan","40.738607","-73.999657","81","1013732","1007640037","MN0401"
"Our Firefighters Children's Foundation","420 East 111 Street","New York","NY","10029","(646) 623-8083","Theater","Manhattan Council District #8","Manhattan Community Board #11","Manhattan","40.792277","-73.936532","162","1083956","1017010001","MN1101"
"Our Steps Inc","156 W 56th St","New York","NY","10019","(646) 346-0537","Dance","Brooklyn Council District #35","Manhattan Community Board #5","Manhattan","40.764538","-73.979813","137","1076177","1010087503","MN0502"
"Out of the Box Theatre Company, Inc.","66 Nancy Ct","Staten Island","NY","10306","(917) 992-5150","Theater","Manhattan Council District #6","Staten Island Community Board #3","Staten Island","40.55639","-74.141271","14606","5122984","5046457501","SI0302"
"Out of the Box Theatrics","308 W 46th St","New York","NY","10036","(917) 903-8911","Theater","Manhattan Council District #6","Manhattan Community Board #4","Manhattan","40.760032","-73.988518","12101","1025013","1010360037","MN0402"
"Outpost Artists Resources, Inc.","1665 Norman St","Ridgewood","NY","11385","(718) 599-2385","Film/Video/Audio","Manhattan Council District #1","Manhattan Community Board #1","Queens","40.696422","-73.901964","555","4085711","4035530070","QN0502"
"Outstanding Renewal Enterprises, Inc.","P. O. Box 20488","New York","NY","10009","(212) 477-4022","Other","Manhattan Council District #2","Manhattan Community Board #3","Manhattan",,,,,,
"Overfoot, Inc.","455 Fdr Drive Service Road East","New York","NY","10002","(212) 777-6227","Dance","Manhattan Council District #2","Manhattan Community Board #3","Manhattan",,,,,,
"Oye Group","214 Starr St","Bushwick","NY","11237","(757) 472-9952","Theater","Queens Council District #34","Brooklyn Community Board #4","Brooklyn","40.705145","-73.923086","447","3421700","3031990016","BK0401"
"P.S.1 Contemporary Art Center, Inc.","22-25 Jackson Avenue","Long Island City","NY","11101","(718) 784-2084","Visual Arts","Queens Council District #26","Queens Community Board #2","Queens","40.745325","-73.946931","702","4000561","4000767509","QN0201"
"Page Seventy-Three Productions, Inc.","80 Hanson Place","Brooklyn","NY","11217","(718) 398-2099","Theater","Brooklyn Council District #35","Brooklyn Community Board #2","Brooklyn","40.685488","-73.974421","35","3057479","3020030034","BK0203"
"Paige Fraser Foundation","1450 Allerton Avenue","Bronx","NY","10469","(917) 318-0278","Dance","Bronx Council District #13","Bronx Community Board #11","Bronx","40.865218","-73.844212","312","2053000","2044800043","BX1103"
"PAINTING SPACE 122 INC.","150 1st Ave","New York","NY","10009","(646) 908-7666","Visual Arts","Manhattan Council District #2","Manhattan Community Board #3","Manhattan","40.728261","-73.984785","34","1005894","1004370001","MN0303"
"Paley Center for Media","25 W 52nd St","New York","NY","10019","(212) 621-6625","Museum","Manhattan Council District #3","Manhattan Community Board #5","Manhattan","40.760445","-73.977829","104","1076265","1012680021","MN0502"
"Palissimo, Inc.","415 E 52nd Street","New York","NY","10022","(917) 740-2099","Dance","Manhattan Council District #7","Manhattan Community Board #3","Manhattan","40.754889","-73.964653","8603","1078257","1013640005","MN0604"
"Pamplemousse Productions, Inc.","304 W. 75th St. #3H","New York","NY","10023","(917) 930-4419","Music","Brooklyn Council District #34","Brooklyn Community Board #1","Brooklyn",,,,,,
"Pan American Musical Art Research, Inc.","547 W 157th Street Apt 65","New York","NY","10032","(832) 880-4065","Multi-Discipl, Perf & Non-Perf","Manhattan Council District #4","Manhattan Community Board #6","Manhattan","40.833556","-73.943652","241","1062744","1021160058","MN1201"
"Pan Asian Repertory Theatre, Inc.","520 8th Avenue","New York","NY","10018","(212) 868-4030","Theater","Manhattan Council District #3","Manhattan Community Board #5","Manhattan","40.753612","-73.992417","109","1083624","1007860001","MN0502"
"Paper Bag Players","1120 Avenue of the Americas","New York","NY","10036","(212) 353-2332","Theater","Manhattan Council District #8","Manhattan Community Board #5","Manhattan","40.755651","-73.983516","96","1034202","1012590001","MN0502"
"Paper Tiger Television, Inc.","339 Lafayette Street","New York","NY","10012","(212) 420-9045","Film/Video/Audio","Manhattan Council District #1","Manhattan Community Board #2","Manhattan","40.726036","-73.994559","5502","1008452","1005290065","MN0202"
"Para Arts Foundation INC.","3091 Brighton 5th street","Brooklyn","NY","11229","(917) 941-4411","Multi-Discipl, Perf & Non-Perf","Brooklyn Council District #48","Brooklyn Community Board #13","Brooklyn","40.577068","-73.962292","36002","3245098","3086890015","BK1303"
"Parabola Arts Foundation, Inc.","108 Franklin Street","New York","NY","10013","(212) 966-6253","Multi-Discipline, Non-Perform","Manhattan Council District #1","Manhattan Community Board #1","Manhattan","40.718546","-74.005891","33","1001982","1001780007","MN0102"
"Paracademia Center, Inc.","281 W 119TH ST","New York","NY","10026","(212) 203-6163","Music","Manhattan Council District #9","Manhattan Community Board #10","Manhattan","40.806085","-73.953294","220","1058440","1019250001","MN1001"
"Parachute Literary Arts, Inc.","9322 3rd Avenue, #543","Brooklyn","NY","11209","(646) 726-0182","Literature","Brooklyn Council District #43","Brooklyn Community Board #10","Brooklyn","40.618431","-74.033128","58","3155214","3061060040","BK1001"
"Parallel Exit, Inc.","175 Eastern Parkway, #1K","Brooklyn","NY","11238","(212) 691-6969","Theater","Manhattan Council District #7","Brooklyn Community Board #8","Brooklyn","40.671895","-73.963248","215","3029640","3011790108","BK0801"
"Parents As Primary Teachers, Inc.","198 Hancock Street","NY","NY","11216","(718) 857-8487","Multi-Discipline, Non-Perform","Brooklyn Council District #36","Brooklyn Community Board #3","Brooklyn","40.682748","-73.948095","249","3052674","3018380027","BK0301"
"Paris Review Foundation, Inc.","544 West 27th St","New York","NY","10001","(212) 343-1333","Literature","Manhattan Council District #3","Manhattan Community Board #4","Manhattan","40.750854","-74.003891","9902","1012401","1006980061","MN0401"
"Parity Productions, Inc.","450 W 17th St","New York","NY","10011","(917) 304-6823","Theater","Manhattan Council District #3","Manhattan Community Board #4","Manhattan","40.74369","-74.005955","83","1080359","1007147501","MN0401"
"Park Avenue Chamber Symphony, Inc.","875 Fifth Avenue","New York","NY","10065","(203) 581-1595","Multi-Discipl, Perf & Non-Perf","Manhattan Council District #4","Manhattan Community Board #8","Manhattan","40.770247","-73.96863","122","1041288","1013830069","MN0802"
"Park Slope Ambulance Corps, Inc.","156 17th Street","Brooklyn","NY","11215","(718) 398-5400","Multi-Discipl, Perf & Non-Perf","Brooklyn Council District #38","Brooklyn Community Board #7","Brooklyn","40.665478","-73.994233","143","3000000","3006300022","BK0702"
"Parsifal's Productions, Inc.","220 East 4th Street","New York","NY","10009","(212) 995-8410","Theater","Manhattan Council District #2","Manhattan Community Board #3","Manhattan","40.723658","-73.983433","32","1081927","1003990020","MN0303"
"Parsnip Ship, Inc","631 Lexington Avenue","Brooklyn","NY","11221","(347) 500-2724","Multi-Discipline, Performing","Brooklyn Council District #36","Brooklyn Community Board #2","Brooklyn","40.689441","-73.935649","291","3044063","3016200080","BK0302"
"Parsons Dance Foundation","124 East 91st Street 2B","New York","NY","10128","(212) 869-9275","Dance","Manhattan Council District #3","Manhattan Community Board #8","Manhattan","40.782873","-73.953737","14802","1048277","1015190060","MN0802"
"Parthenia, Inc.","67-25 47th Avenue","Woodside","NY","11377","(718) 219-6166",,,"Queens Community Board #2","Queens","40.739102","-73.896939","243","4056305","4024310005","QN0203"
"Partial Comfort Productions","520 Eighth Avenue, Suite 331","New York","NY","10018","(646) 498-3883","Theater","Manhattan Council District #1","Manhattan Community Board #2","Manhattan","40.753612","-73.992417","109","1083624","1007860001","MN0502"
"Participant, Inc.","116 Elizabeth St","New York","NY","10013","(212) 254-4334","Visual Arts","Manhattan Council District #1","Manhattan Community Board #2","Manhattan","40.719155","-73.995534","41","1006939","1004700037","MN0201"
"Partnership with Children","1 Battery Pl","New York","NY","10004","(212) 689-9500","Multi-Discipl, Perf & Non-Perf","Manhattan Council District #1","Manhattan Community Board #1","Manhattan","40.704634","-74.014427","13","1000043","1000130001","MN0101"
"Paul Taylor Dance Foundation, Inc.","307 W 38th St","New York","NY","10018","(212) 431-5562","Dance","Manhattan Council District #2","Manhattan Community Board #4","Manhattan","40.754946","-73.992175","115","1013643","1007627503","MN0402"
"PDM Performing Arts Corporation","219-26 138 Road","Laurelton","NY","11413","(718) 749-7957","Theater","Queens Council District #31","Queens Community Board #13","Brooklyn",,,,,,
"Peace Islands Institute","535 Fifth Ave 6th floor","New York","NY","10017","(212) 510-8644","New Media","Manhattan Council District #4","Manhattan Community Board #5","Manhattan","40.754997","-73.979769","94","1035366","1012790001","MN0502"
"Peace of Heart Choir, Inc.","127 West 79th Street, #3L","New York","NY","10024","(917) 653-6968","Music","Manhattan Council District #10","Manhattan Community Board #12","Manhattan","40.782361","-73.976432","165","1031759","1012100019","MN0702"
"Peccadillo Theater Company, Inc.","423 West 46th Street","New York","NY","10036","(212) 633-6533","Theater","Manhattan Council District #3","Manhattan Community Board #4","Manhattan","40.761355","-73.991607","127","1026488","1010560022","MN0402"
"Peculiar Works Project, Inc.","595 Broadway, 2nd Floor","New York","NY","10012","(212) 529-3626","Multi-Discipl, Perf & Non-Perf","Manhattan Council District #1","Manhattan Community Board #2","Manhattan","40.724938","-73.9972","49","1007949","1005120014","MN0201"
"Pellettieri Stone Carvers' Academy","114 morningside drive, apartment 52","New York","NY","10027","(646) 229-6418","Visual Arts","Manhattan Council District #7","Manhattan Community Board #9","Manhattan","40.809962","-73.957164","20701","1059524","1019630055","MN0901"
"PEN American Center, Inc.","120 Broadway","New York","NY","10271","(212) 334-1660","Literature","Manhattan Council District #1","Manhattan Community Board #1","Manhattan","40.708546","-74.011041","7","1001026","1000477501","MN0101"
"Pen and Brush, Inc.","29 E 22nd St","New York","NY","10010","(212) 475-3669","Multi-Discipline, Non-Perform","Manhattan Council District #2","Manhattan Community Board #5","Manhattan","40.740242","-73.988539","56","1016283","1008517504","MN0501"
"Pen Parentis, Ltd.","176 Broadway 14F","New York","NY","10038","(212) 501-2031","Literature","Manhattan Council District #1","Manhattan Community Board #1","Manhattan","40.709932","-74.009869","1502","1001100","1000650017","MN0101"
"Penumbra Foundation","36 East 30th Street","New York","NY","10016","(917) 288-0343",,,"Manhattan Community Board #2","Manhattan","40.745084","-73.984438","74","1016937","1008590056","MN0501"
"People's Theatre Project, Inc.","419 West 206th Street","New York","NY","10034","(646) 398-9062","Theater","Manhattan Council District #10","Manhattan Community Board #12","Manhattan","40.863244","-73.91807","299",,,"MN1203"
"PEOPLE'S URBAN FILMS LLC","102 Dwight Street, Apt. 2A","Brooklyn","NY","11231","(347) 257-7577","New Media","Brooklyn Council District #46","Brooklyn Community Board #18","Brooklyn","40.675705","-74.009435","85","3323702","3005570001","BK0601"
"PEOPLE'S URBAN FILMS PUF FOUNDATION INC.","102 Dwight Street","Brooklyn","NY","11231","(347) 772-6772","Multi-Discipline, Performing","Brooklyn Council District #38","Brooklyn Community Board #6","Manhattan",,,,,,
"Pepatian, Inc.","571 Walton Ave","Bronx","NY","10451","(917) 300-8736","Dance","Bronx Council District #17","Bronx Community Board #1","Bronx","40.819393","-73.928132","6301","2000000","2023520045","BX0401"
"Percussia","37-22 85th St Apt 1","Jackson Heights","NY","11372","(718) 813-6171","Music","Queens Council District #21","Queens Community Board #3","Queens","40.749706","-73.881468","281","4036230","4014720015","QN0301"
"PERFORMA, Inc.","100 West 23rd Street","New York","NY","10011","(212) 366-5700","Visual Arts","Manhattan Council District #3","Manhattan Community Board #4","Manhattan","40.743081","-73.993237","91","1014803","1007980049","MN0401"
"Performance Space 122","150 1st Ave","New York","NY","10009","(212) 477-5829","Multi-Discipline, Performing","Manhattan Council District #2","Manhattan Community Board #3","Manhattan","40.728261","-73.984785","34","1005894","1004370001","MN0303"
"Performance Zone, Inc.","228 Park Ave S","New York","NY","10003","(212) 691-6969","Multi-Discipline, Performing","Manhattan Council District #3","Manhattan Community Board #5","Manhattan","40.737481","-73.988366","52","1016152","1008470040","MN0501"
"Performing Artservices, Inc.","260 West Broadway","New York","NY","10013","(212) 941-8911","Theater","Manhattan Council District #1","Manhattan Community Board #1","Manhattan","40.720404","-74.00544","33","1002740","1002127501","MN0102"
"Performing Arts Mosaic","153 W 75 ST","New York","NY","10023","(407) 497-1600","Multi-Discipl, Perf & Non-Perf","Manhattan Council District #3","Manhattan Community Board #7","Manhattan","40.780131","-73.979169","161","1030115","1011470008","MN0702"
"Periapsis Music and Dance, Inc.","523 Prospect Place","Brooklyn","NY","11238","(412) 480-1147","Multi-Discipline, Performing","Brooklyn Council District #35","Brooklyn Community Board #8","Brooklyn","40.675602","-73.958977","305","3378995","3011560090","BK0802"
"Peridance Ensemble, Ltd.","126 East 13th Street","New York City","NY","10003","(212) 505-0886","Dance","Manhattan Council District #2","Manhattan Community Board #3","Manhattan","40.73298","-73.988594","42","1009026","1005580043","MN0303"
"Perlman Music Program, Inc.","19 West 69th Street, #501","New York","NY","10023","(212) 877-3230","Music","Manhattan Council District #6","Manhattan Community Board #7","Manhattan","40.774627","-73.978164","15301","1028505","1011220022","MN0701"
"Personal Space Theatrics, Inc.","PO Box 25916","Brooklyn","NY","11202","(917) 968-8474","Theater","Manhattan Council District #6","Manhattan Community Board #4","Manhattan",,,,,,
"Peter Westbrook Foundation, Inc.","G.P.O. Box 7554","New York","NY","10116","(212) 280-2771","Multi-Discipline, Performing","Manhattan Council District #3","Manhattan Community Board #4","Manhattan",,,,,,
"Philharmonic - Symphony Society of New York, Inc.","10 Lincoln Center Plaza","New York","NY","10023","(212) 875-5721","Music","Manhattan Council District #6","Manhattan Community Board #7","Manhattan","40.77246","-73.982432","149","1081023","1011340001","MN0701"
"PHILIPPINE FORUM","40-21 69th Street","Woodside","NY","11377","(718) 565-8862","Multi-Discipl, Perf & Non-Perf","Queens Council District #26","Queens Community Board #2","Queens","40.745826","-73.896218","263","4533541","4013010017","QN0203"
"Phoenix Theatre Ensemble","200 E 10th St","New York","NY","10003","(212) 586-3709","Theater","Manhattan Council District #2","Manhattan Community Board #3","Manhattan","40.72951","-73.986203","4001","1006404","1004510006","MN0303"
"Photo-Based Art","c/o Rhiannon Kubicka","New York","NY","10013","(212) 633-1317","Photography","Manhattan Council District #3","Manhattan Community Board #4","Manhattan",,,,,,
"Pick Up Performance Company, Inc.","440 West 34th Street","New York","NY","10001","(212) 244-7622","Dance","Manhattan Council District #2","Manhattan Community Board #1","Manhattan","40.754019","-73.997834","103","1012854","1007310065","MN0401"
"Pied Piper Children's Theatre of NYC, Inc.","4867 Broadway","New York","NY","10034","(718) 496-7233","Theater","Manhattan Council District #10","Manhattan Community Board #12","Manhattan","40.866818","-73.923684","295","1064955","1022380023","MN1203"
"Pierpont Morgan Library","225 Madison Avenue","New York","NY","10016","(212) 590-0305","Museum","Manhattan Council District #3","Manhattan Community Board #6","Manhattan","40.749387","-73.981763","82","1017186","1008660058","MN0502"
"Pioneers Go East Collective, Inc.","149 Avenue C","New York","NY","10009","(646) 246-8797","Multi-Discipline, Performing","Manhattan Council District #2","Manhattan Community Board #3","Manhattan","40.725482","-73.977844","28","1004777","1003920036","MN0303"
"Pioneer Works Art Foundation","159 Pioneer Street","Brooklyn","NY","11231","(718) 596-3001","Multi-Discipl, Perf & Non-Perf","Brooklyn Council District #38","Brooklyn Community Board #6","Brooklyn","40.679416","-74.011789","5301","3332119","3005450010","BK0601"
"Pipeline Theatre Company","45 West 126th Street","New York","NY","10027","(908) 283-0760","Theater","Brooklyn Council District #34","Manhattan Community Board #10","Manhattan","40.807711","-73.943226","208","1053552","1017240017","MN1002"
"Piper Theatre Productions, Inc.","332 5th Street #4R","Brooklyn","NY","11215","(347) 830-2580","Multi-Discipline, Performing","Brooklyn Council District #33","Brooklyn Community Board #6","Brooklyn","40.671829","-73.984794","137","3021348","3009870039","BK0602"
"Place in History","1205 Manhattan Avenue, Unit 1212","Brooklyn","NY","11222","(917) 981-5481","Multi-Discipl, Perf & Non-Perf","Brooklyn Council District #33","Brooklyn Community Board #1","Brooklyn","40.738876","-73.955395","56302","3404803","3024720350","BK0101"
"Play GroundNYC, Inc.","40 Barry Road","New York","NY","10004","(347) 422-6595","Multi-Discipline, Non-Perform","Manhattan Council District #1","Manhattan Community Board #1","Manhattan","40.689261","-74.01319","5","1086351","1000010010","MN0191"
"Play Production Company, Inc.","321 West 44th Street","New York","NY","10036","(212) 398-2977","Theater","Manhattan Council District #3","Manhattan Community Board #4","Manhattan","40.75889","-73.989669","12101","1080878","1010350017","MN0402"
"Plays for Living, Inc.","505 Eighth Avenue, Suite 1202","New York","NY","10018","(212) 760-2751","Theater","Manhattan Council District #3","Manhattan Community Board #4","Manhattan","40.753047","-73.99285","111","1013575","1007590037","MN0401"
"Playwrights' Preview Productions","555 Eighth Avenue, Ste. 1800","New York","NY","10018","(212) 421-1380","Multi-Discipl, Perf & Non-Perf","Manhattan Council District #3","Manhattan Community Board #4","Manhattan","40.754477","-73.991814","111","1013623","1007610037","MN0401"
"Playwrights Horizons, Inc.","416 W 42nd St","New York","NY","10036","(212) 564-1235","Theater","Manhattan Council District #3","Manhattan Community Board #4","Manhattan","40.758742","-73.993394","115","1026333","1010510041","MN0402"
"Playwrights Realm, Inc.","520 Eighth Avenue","New York","NY","10018","(212) 255-3089","Theater","Manhattan Council District #3","Manhattan Community Board #5","Manhattan","40.753612","-73.992417","109","1083624","1007860001","MN0502"
"Pluma Poetica Del Arte, Inc","845 Columbus Ave. Apt. 3-E","New York","NY","10025","(646) 491-8012",,,"Manhattan Community Board #7","Manhattan","40.796398","-73.964934","189","1081299","1018360001","MN0703"
"Poetry Outreach Center","160 Convent Ave.","New York","NY","10031","(212) 650-6356","Literature","Manhattan Council District #7","Manhattan Community Board #7","Manhattan","40.819196","-73.950221","21703","1084081","1019570200","MN0902"
"Poetry Project, Ltd.","131 East 10th Street","New York","NY","10003","(212) 674-0910","Literature",,"Manhattan Community Board #3","Manhattan","40.730471","-73.988432","4002","1006818","1004660026","MN0303"
"Poetry Society of America","119 Smith Street","Brooklyn","NY","11201","(212) 254-9628","Literature","Manhattan Council District #2","Brooklyn Community Board #2","Brooklyn","40.687749","-73.989763","43","3001066","3001880007","BK0202"
"Poetry Society of New York, Inc.","155 Diamond Street","Brooklyn","NY","11222","(346) 260-2847","Multi-Discipl, Perf & Non-Perf","Brooklyn Council District #38","Brooklyn Community Board #1","Brooklyn","40.727674","-73.948046","573","3065791","3026240014","BK0101"
"Poets & Writers, Inc.","90 Broad St","New York","NY","10004","(212) 226-3586","Literature","Manhattan Council District #2","Manhattan Community Board #1","Manhattan","40.703954","-74.011592","9","1000025","1000100016","MN0101"
"Poets House, Inc.","10 River Terrace","New York","NY","10282","(212) 431-7920","Literature","Manhattan Council District #1","Manhattan Community Board #1","Manhattan","40.716072","-74.016442","31703","1087518","1000167516","MN0101"
"Point Community Development Corp.","940 Garrison Avenue","Bronx","NY","10474","(718) 542-4139","Multi-Discipl, Perf & Non-Perf","Bronx Council District #16","Bronx Community Board #2","Bronx","40.818219","-73.890899","9301","2005984","2027400075","BX0201"
"Polaris Productions Inc.","458 W. 17th St.","New York","NY","10011","(917) 658-9538","Theater","Manhattan Council District #3","Manhattan Community Board #4","Manhattan","40.74374","-74.006066","83","1012544","1007140063","MN0401"
"Police Athletic League, Inc.","34 1/2 East 12th Street","New York","NY","10003","(212) 477-9450","Multi-Discipline, Performing","Manhattan Council District #2","Manhattan Community Board #2","Manhattan","40.733809","-73.992549","61","1009129","1005630020","MN0202"
"POLISHFILMMAKERS NYC","151 First Avenue Apartment 226","New York","NY","10003","(872) 305-8679","Visual Arts","Manhattan Council District #2","Manhattan Community Board #2","Manhattan","40.728387","-73.984717","4001","1075923","1004510036","MN0303"
"Polish Theatre Institute in the USA, Inc.","112 West 72nd St","New York","NY","10023","(212) 724-9323","Multi-Discipline, Performing","Manhattan Council District #7","Manhattan Community Board #7","Manhattan","40.777581","-73.979213","157","1076234","1011437504","MN0701"
"Polyhymnia Music Foundation, Inc.","552 West End Avenue","New York","NY","10024","(917) 838-4636","Music","Manhattan Council District #6","Manhattan Community Board #7","Manhattan","40.789358","-73.977494","175","1033199","1012340061","MN0702"
"Pony Box Dance Theatre","1836 Westchester Avenue","Bronx","NY","10472","(562) 256-0198","Dance","Manhattan Council District #8","Bronx Community Board #9","Bronx","40.832324","-73.864767","70","2024784","2037650044","BX0901"
"PORTAL TEST 1","6 Smith Road","9","NY","12603","(845) 249-5207",,,"Brooklyn Community Board #1","Brooklyn",,,,,,
"PortSide NewYork","190 Pioneer St","NYC","NY","11231","(917) 414-0565","Multi-Discipl, Perf & Non-Perf","Brooklyn Council District #38","Brooklyn Community Board #6","Brooklyn","40.680332","-74.013199","5301","3343910","3005150061","BK0601"
"Positive Women United","131-76 226th St","Laurelton","NY","11413","(917) 514-3532","Film/Video/Audio","Queens Council District #31","Queens Community Board #13","Queens","40.680308","-73.742251","630","4278729","4129350075","QN1305"
"Possibility Project, Inc.","377 5th Avenue","New York","NY","10016","(212) 924-9204","Multi-Discipline, Performing","Manhattan Council District #3","Manhattan Community Board #5","Manhattan","40.749316","-73.983907","82","1017118","1008650003","MN0502"
"Poster House","119 W. 23rd Street","New York","NY","10011","(212) 841-2544","Museum","Manhattan Council District #3","Manhattan Community Board #4","Manhattan","40.743248","-73.993591","91","1014952","1007990028","MN0401"
"Poverty Elimination And Community Education Foundation, Inc.","35-28, 30th Street","Astoria","NY","11106","(347) 418-6438","Multi-Discipline, Performing","Queens Council District #26","Queens Community Board #1","Queens",,,,,,
"POWRPLNT INC","400 Jay St","Brooklyn","NY","11201","(347) 592-3374","New Media","Brooklyn Council District #33","Brooklyn Community Board #2","Brooklyn","40.692118","-73.987318","11","3000375","3001500019","BK0202"
"Pratt Institute","200 Willoughby Avenue","Brooklyn","NY","11205","(718) 399-4212","Multi-Discipline, Non-Perform","Brooklyn Council District #35","Brooklyn Community Board #2","Brooklyn","40.692056","-73.963958","193","3334961","3019200001","BK0204"
"Precious First Step Child Development Center Inc.","142-17 129th Avenue","Jamaica","NY","11436","(718) 308-7805","Other","Queens Council District #28","Queens Community Board #12","Queens","40.67188","-73.797641","790","4262023","4120650170","QN1203"
"Pregones / Puerto Rican Traveling Theater, Inc.","571-575 Walton Avenue","Bronx","NY","10451","(718) 585-1202","Theater","Manhattan Council District #8","Bronx Community Board #4","Bronx","40.819393","-73.928132","6301","2000000","2023520045","BX0401"
"Presbyterian Senior Services","2095 Broadway","New York","NY","10023","(917) 734-1554","Film/Video/Audio","Manhattan Council District #6","Manhattan Community Board #7","Bronx",,,,,,
"Present Pariah, Inc.","911 Cortelyou Rd","Brooklyn","NY","11218","(917) 703-5327","Multi-Discipline, Performing","Brooklyn Council District #40","Brooklyn Community Board #12","Brooklyn","40.638932","-73.969571","492","3126337","3053780049","BK1203"
"Present Theatre Company","PO Box 1022","New York","NY","10116","(212) 279-4455","Theater","Manhattan Council District #3","Manhattan Community Board #5","Manhattan",,,,,,
"Pride Not Prejudice, Inc.","407 Rugby Rd","New York","NY","11226","(718) 462-7187","Theater","Brooklyn Council District #40","Brooklyn Community Board #17","Brooklyn","40.639804","-73.965096","520","3118700","3051570055","BK1402"
"Primary Information, Inc.","232 3rd St.","Brooklyn","NY","11215","(646) 894-5547","Visual Arts","Manhattan Council District #1","Brooklyn Community Board #6","Brooklyn","40.674909","-73.987671","11901","3337594","3009800008","BK0601"
"Primary Stages Company, Inc.","520 8th Ave","New York","NY","10018","(212) 840-9705","Theater","Manhattan Council District #4","Manhattan Community Board #5","Manhattan","40.753612","-73.992417","109","1083624","1007860001","MN0502"
"Printed Matter, Inc.","231 11th Ave","New York","NY","10001","(212) 925-0325","Visual Arts","Manhattan Council District #3","Manhattan Community Board #4","Manhattan","40.750489","-74.005858","9901","1012267","1006700050","MN0401"
"PRISM Quartet Incorporated","2 Ellwood Street, 5D","New York","NY","10040","(646) 489-0367","Music","Manhattan Council District #7","Manhattan Community Board #12","Brooklyn",,,,,,
"Professional Organization for Women in the Arts, Inc.","109 E 12th St. Apt 3","New York City","NY","10003","(952) 412-7729","Visual Arts","Manhattan Council District #2","Manhattan Community Board #3","Manhattan","40.732546","-73.989515","42","1009029","1005580049","MN0303"
"Project City Kids, Inc.","395 South End Ave #6H","New York","NY","10280","(212) 786-0400","Other","Manhattan Council District #1","Manhattan Community Board #1","Manhattan","40.711411","-74.01586","31704","1083377","1000160100","MN0101"
"Projectivity Group, Inc.","884 castleton ave","staten island","NY","10310","(301) 938-9335","Multi-Discipl, Perf & Non-Perf","Staten Island Council Dist #49","Staten Island Community Board #1","Staten Island","40.634735","-74.111712","105","5108640","5001620020","SI0104"
"Project Rebirth, Inc","163 William Street","New York","NY","10038","(212) 346-1482",,"Manhattan Council District #1",,"Manhattan","40.710114","-74.005901","1501","1001269","1000927502","MN0101"
"Project Y Theatre, Inc.","520 8th Avenue #353","New York","NY","10018","(646) 717-2094","Theater","Manhattan Council District #7","Manhattan Community Board #12","Manhattan","40.753612","-73.992417","109","1083624","1007860001","MN0502"
"Promote Art Works, Inc.","123 Smith Street","Brooklyn","NY","11201","(718) 797-3116","Film/Video/Audio","Brooklyn Council District #33","Brooklyn Community Board #2","Brooklyn","40.68765","-73.989828","43","3001064","3001880005","BK0202"
"Pro Musica Corp.","1000 Richmond Terrace, Building G","Staten Island","NY","10301","(718) 720-5354","Music",,"Manhattan Community Board #1","Manhattan",,,,,,
"Prospect Hill Senior Center","283 prospect avenue","brooklyn","NY","11215","(718) 499-9574","Music","Brooklyn Council District #39","Brooklyn Community Board #7","Brooklyn","40.663323","-73.989165","14102","3337801","3010530073","BK0701"
"Prospect Park Alliance, Inc.","95 Prospect Park W","Brooklyn","NY","11215","(718) 965-8951","Museum","Brooklyn Council District #39","Brooklyn Community Board #6","Brooklyn","40.667391","-73.974508","177","3339260","3011170001","BK5591"
"Prospect Theater Company, Inc.","520 8th Avenue","New York","NY","10018","(212) 594-4476","Theater","Manhattan Council District #3","Manhattan Community Board #4","Manhattan","40.753612","-73.992417","109","1083624","1007860001","MN0502"
"PROTOCINEMA INC","31 Madison Str. 2b","NEW YORK","NY","10038","(917) 660-7332","Visual Arts","Manhattan Council District #4","Manhattan Community Board #3","Manhattan","40.711849","-73.999073","27","1082028","1001160043","MN0301"
"Providence Productions International, Inc.","115 Montague Street, 8C","Brooklyn","NY","11201","(212) 420-5965","Multi-Discipline, Performing",,"Brooklyn Community Board #2","Brooklyn","40.69496","-73.994872","501","3001964","3002420006","BK0201"
"PR Project, Inc.","1355 Park Avenue","New York","NY","10029","(212) 828-0401","New Media","Manhattan Council District #8","Manhattan Community Board #11","Manhattan","40.790461","-73.949687","166","1051874","1016300001","MN1101"
"Psittacus Productions","P.O. Box 1220","New York","NY","10276","(201) 286-2583","Theater","Manhattan Council District #2","Manhattan Community Board #3","Manhattan",,,,,,
"Public Art Fund, Inc.","1 East 53rd Street","New York","NY","10022","(212) 980-4575","Visual Arts","Manhattan Council District #3","Manhattan Community Board #5","Manhattan","40.760324","-73.975584","102","1035725","1012890005","MN0502"
"Publicolor, Inc.","20 West 36 Street","New York","NY","10018","(212) 213-6121","Architecture/Design","Manhattan Council District #2","Manhattan Community Board #5","Manhattan","40.75009","-73.984513","84","1015903","1008370058","MN0502"
"Public Policy Lab","20 Jay St, Suite 203","Brooklyn","NY","11201","(646) 535-6535","Architecture/Design","Brooklyn Council District #33","Brooklyn Community Board #2","Brooklyn","40.704313","-73.986587","21","3000010","3000190001","BK0202"
"Puerto Rican Workshop, Inc.","1680 Lexington Avenue","New York","NY","10029","(212) 831-4333","Visual Arts","Manhattan Council District #8","Manhattan Community Board #11","Manhattan","40.791881","-73.946558","172","1051991","1016330013","MN1101"
"Pulse Ensemble Theatre, Inc.","248 West 35th Street, 15th Floor","New York","NY","10001","(212) 695-1596","Theater","Manhattan Council District #5","Manhattan Community Board #3","Manhattan","40.75224","-73.99154","109","1014416","1007840068","MN0502"
"Puppetry Arts Theatre, Inc.","320 7th Avenue","Brooklyn","NY","11215","(718) 768-3703","Multi-Discipline, Performing","Brooklyn Council District #39","Brooklyn Community Board #6","Brooklyn","40.667253","-73.981292","153","3022171","3010060040","BK0602"
"Puppetry in Practice Inc.","2900 Bedford Avenue, James Hall 0712, Brooklyn College","Brooklyn","NY","11210","(718) 344-7980","Multi-Discipl, Perf & Non-Perf","Brooklyn Council District #45","Brooklyn Community Board #14","Brooklyn","40.63176","-73.952667","772","3347326","3075520100","BK1401"
"Puppet Works, Inc.","338 6th Avenue","Brooklyn","NY","11215","(718) 965-3391","Theater","Brooklyn Council District #39","Brooklyn Community Board #6","Brooklyn","40.670966","-73.981507","135","3021213","3009850043","BK0602"
"Purelements: An Evolution in Dance","1958 Fulton Street","Brooklyn","NY","11233","(347) 533-8933","Dance","Brooklyn Council District #42","Brooklyn Community Board #3","Brooklyn","40.678793","-73.920384","301","3042090","3015480019","BK1601"
"Qi Shu Fang Peking Opera Association","80-31 88th Road","Queens","NY","11421","(608) 363-2081","Folk Arts","Queens Council District #32","Queens Community Board #9","Queens","40.689531","-73.860272","10","4183552","4089160063","QN0905"
"QMAD Queens Media Arts Development","35-05 94th Street","Jackson Heights, 11372","NY","11372","(646) 338-6301","Multi-Discipline, Non-Perform","Queens Council District #21","Queens Community Board #3","Queens","40.752596","-73.873454","27302","4036162","4014680001","QN0301"
"QTP_GV_9132010111442AM","60 Main Street","NewBronx","NY","10088","(212) 222-7755","Crafts","Queens Council District #23","Queens Community Board #8","Manhattan",,,,,,
"Qubit New Music, Inc.","147A Lafayette Avenue","Brooklyn","NY","11238","(646) 683-8409","Multi-Discipl, Perf & Non-Perf","Manhattan Council District #7","Brooklyn Community Board #2","Brooklyn","40.687513","-73.971943","181","3259389","3021020062","BK0203"
"Queen's Theatre Company, Inc.","Times Square Station","New York","NY","10108","(917) 648-4167","Theater","Manhattan Council District #3","Manhattan Community Board #4","Manhattan","40.756582","-73.989637","113","1000000","1009950001","MN0502"
"Queensboro Dance Festival Inc.","4516 49th St 3A","Woodside","NY","11377","(203) 609-1611","Dance","Queens Council District #26","Queens Community Board #2","Queens","40.7422","-73.91605","23502","4432158","4022810001","QN0202"
"Queensborough Community College Auxiliary Enterprise Association, Inc.","222-05 56th Avenue","Oakland Gardens","NY","11364","(718) 631-6311","Multi-Discipline, Performing","Queens Council District #23","Queens Community Board #11","Queens","40.753932","-73.756468","138501","4439440","4074900002","QN1102"
"Queensborough Community College Fund, Inc.","22205 56th Avenue","Bayside","NY","11364","(718) 281-5770","Multi-Discipl, Perf & Non-Perf","Queens Council District #23","Queens Community Board #11","Queens","40.753932","-73.756468","138501","4439440","4074900002","QN1102"
"Queens Botanical Garden Society, Inc.","43-50 Main Street","Flushing","NY","11355","(718) 886-3800","Botanical","Queens Council District #20","Queens Community Board #7","Queens","40.751508","-73.826092","79702","4439682","4051070200","QN0707"
"Queens College Foundation, Inc.","65-30 Kissena Boulevard","Flushing","NY","11367","(718) 997-5550",,,"Queens Community Board #8","Queens","40.736707","-73.814703","809","4141870","4065170001","QN0801"
"Queens Community Civic Corporation","68-01 A  136 Street","Flushing","NY","11367","(718) 261-8015","Multi-Discipl, Perf & Non-Perf","Queens Council District #24","Queens Community Board #8","Queens","40.729912","-73.831636","809",,,"QN0801"
"Queens Council on the Arts","5-11 47th Avenue","Queens","NY","11101","(347) 505-3018","Multi-Discipline, Non-Perform","Queens Council District #26","Queens Community Board #1","Queens","40.745886","-73.955155","702","4615146","4000280021","QN0201"
"Queens Historical Society","143-35 37th Ave","Flushing","NY","11354","(718) 939-0647","Museum","Queens Council District #20","Queens Community Board #7","Queens","40.763513","-73.823649","865","4430341","4050120060","QN0707"
"Queens Jewish Community Council, Inc.","119-45 Union Tpke","Forest Hills","NY","11375","(718) 544-9033","Multi-Discipline, Performing","Queens Council District #29","Queens Community Board #6","Queens","40.713909","-73.832351","76902","4312087","4033477501","QN0602"
"Queens Lesbian & Gay Pride Committee, Inc.","P.O. Box 720464","Queens","NY","11372","(917) 587-4241","Multi-Discipline, Performing","Queens Council District #25","Queens Community Board #3","Queens",,,,,,
"Queens Lesbian and Gay Community Center Inc.","76-11 37 Avenue, 2nd floor","Jackson Heights","NY","11372","(917) 848-2630","Multi-Discipl, Perf & Non-Perf","Queens Council District #25","Queens Community Board #3","Queens","40.749193","-73.889702","287","4029578","4012760037","QN0301"
"Queens Lesbian and Gay Pride Committee, Inc.","115-55 77th Avenue","Forest Hills","NY","11374","(917) 587-4241","Theater","Queens Council District #25","Queens Community Board #10","Queens",,,,,,
"Queens Museum of Art","New York City Building / Flushing Meadows Park","Corona","NY","11368","(718) 592-9700","Visual Arts","Queens Council District #21","Queens Community Board #7","Queens",,,,,,
"Queens Symphony Orchestra","65-30 Kissena Boulevard","Flushing","NY","11367","(718) 326-4455","Music","Queens Council District #30","Queens Community Board #5","Queens","40.736707","-73.814703","809","4141870","4065170001","QN0801"
"Queens Theatre in the Park, Inc.","14 United Nations Avenue South","Queens","NY","11368","(718) 760-0064","Theater","Queens Council District #21","Queens Community Board #7","Queens","40.744535","-73.844339","38302","4464056","4020180001","QN8191"
"Queer/Art Inc.","140 2nd Ave","New York","NY","10003","(212) 431-0147","Multi-Discipl, Perf & Non-Perf","Manhattan Council District #1","Manhattan Community Board #3","Manhattan","40.728956","-73.987401","38","1006362","1004500006","MN0303"
"Queer Big Apple Corps, Inc.","5 Union Square W","New York","NY","10003","(929) 539-6821","Music","Manhattan Council District #3","Manhattan Community Board #5","Manhattan","40.735453","-73.991549","52","1016064","1008420023","MN0501"
"Queer Urban Orchestra, Inc.","296 9th Ave","New York","NY","10001","(646) 233-4113","Music","Manhattan Council District #3","Manhattan Community Board #4","Manhattan","40.749416","-73.999188","97","1013463","1007510076","MN0401"
"Quest Youth Organization, Inc.","400 Empire Boulevard","Brooklyn","NY","11225","(718) 928-7058","Music","Brooklyn Council District #36","Brooklyn Community Board #9","Brooklyn","40.664007","-73.94922","329","3337872","3013160015","BK0902"
"Quintet of the Americas, Inc.","15 Circle Road","Douglaston","NY","11363","(718) 230-5189","Music","Queens Council District #19","Queens Community Board #11","Queens","40.771316","-73.747065","1483","4168672","4080950076","QN1103"
"Rabbit Hole Ensemble","415 Ocean Parkway","Brooklyn","NY","11218","(718) 686-6624","Theater","Brooklyn Council District #39","Brooklyn Community Board #12","Brooklyn","40.638928","-73.97325","490","3126217","3053750049","BK1203"
"Racing Thoughts, Inc.","41 Eastern Parkway Apt. 9A","Brooklyn","NY","11238","(212) 226-5109","Dance","Manhattan Council District #1","Brooklyn Community Board #8","Brooklyn","40.672887","-73.966946","215","3029636","3011790096","BK0801"
"Racoco Productions, Inc.","109 North 9th Street 3R","Brooklyn","NY","11249","(718) 381-4074","Multi-Discipline, Performing","Brooklyn Council District #33","Brooklyn Community Board #1","Manhattan",,,,,,
"Radical Evolution Performance Collective","235 Hawthorne St.","Brooklyn","NY","11225","(213) 909-8770","Theater","Brooklyn Council District #40","Brooklyn Community Board #9","Brooklyn","40.657723","-73.952313","802","3425934","3050440077","BK0902"
"Radio Diaries, Inc.","20 Jay Street","New York","NY","11201","(917) 748-9371","Film/Video/Audio","Brooklyn Council District #33","Brooklyn Community Board #2","Brooklyn","40.704313","-73.986587","21","3000010","3000190001","BK0202"
"Radio Foundation, Inc.","1 West 89th Street","New York","NY","10024","(212) 595-1837","Other","Manhattan Council District #6","Manhattan Community Board #7","Manhattan","40.787289","-73.968055","173","1031567","1012037502","MN0702"
"RadioHole, Inc.","155 Bank St","New York","NY","10014","(718) 218-6996","Multi-Discipline, Performing","Brooklyn Council District #34","Manhattan Community Board #2","Manhattan","40.736095","-74.009205","79","1012047","1006390001","MN0203"
"Raga Massive Inc.","323 Prospect Place","Brooklyn","NY","11238","(720) 436-5099","Music","Brooklyn Council District #35","Brooklyn Community Board #8","Brooklyn","40.676971","-73.965505","205","3028580","3011530060","BK0801"
"Rajkumari Cultural Center","Office: 122-09 Liberty Ave, 2nd Fl, Richmond Hill, NY 11419","New York","NY","11418","(718) 846-5431","Multi-Discipline, Performing","Queens Council District #29","Queens Community Board #9","Queens",,,,,,
"Randall's Island Park Alliance, Inc.","10 Central Road","New York","NY","10035","(212) 830-7722","Multi-Discipl, Perf & Non-Perf","Manhattan Council District #8","Manhattan Community Board #11","Manhattan","40.792269","-73.923827","240","1085645","1018190203","MN1191"
"Random Access Music, Ltd.","3368 21st St.","Astoria","NY","11106","(718) 721-8311","Music","Queens Council District #22","Queens Community Board #1","Queens","40.763387","-73.933459","45","4430811","4005280050","QN0105"
"Rattapallax, Incorporated","330 3rd Avenue","New York","NY","10010","(646) 416-4702","Literature","Manhattan Council District #1","Manhattan Community Board #6","Manhattan","40.739811","-73.982451","68","1018079","1008800042","MN0602"
"Rattlestick Productions, Inc.","224 Waverly Place","New York","NY","10014","(212) 627-2556","Theater","Manhattan Council District #3","Manhattan Community Board #2","Manhattan","40.736027","-74.001855","73","1080204","1006130023","MN0203"
"Reaching for the Arts, Inc.","482 FORT WASHINGTON AVE, #2D","New York","NY","10033","(917) 868-9253","Multi-Discipline, Performing","Manhattan Council District #10","Manhattan Community Board #7","Manhattan","40.851407","-73.938081","273","1064385","1021800007","MN1202"
"Reach Into Cultural Heights, Inc.","90-04 161st St.","Jamaica","NY","11432","(718) 523-4099","Film/Video/Audio","Queens Council District #27","Queens Community Board #12","Queens","40.705199","-73.799278","44601","4208850","4097570023","QN1201"
"Recess Activities, Inc.","46 Washington Avenue","Brooklyn","NY","11205","(585) 443-3586","Multi-Discipline, Non-Perform","Manhattan Council District #1","Brooklyn Community Board #2","Brooklyn","40.697267","-73.967655","211","3054134","3018740034","BK0203"
"Recording Artists' Development, Inc.","17 Gay Street #8","New York","NY","10014","(212) 727-2625","Music","Manhattan Council District #3","Manhattan Community Board #2","Manhattan","40.733645","-74.000393","71","1010266","1005930008","MN0203"
"Rector, Church Wardens, Vestrymembers of the Church of St. Luke in the Field","487 Hudson St","New York","NY","10014","(212) 924-0562","Music","Manhattan Council District #3","Manhattan Community Board #2","Manhattan","40.732522","-74.006498","69","1067305","1006050031","MN0203"
"Red Bull Theater, Inc.","191 SEVENTH AVENUE","NEW YORK","NY","10011","(212) 414-5168","Theater","Manhattan Council District #6","Manhattan Community Board #4","Manhattan","40.742949","-73.996467","87","1080586","1007970002","MN0401"
"Red Fern Theatre Company, Inc.","160 East 38th Street, #10D","New York","NY","10016","(646) 554-3791","Theater","Manhattan Council District #3","Manhattan Community Board #5","Manhattan","40.74842","-73.976721","80","1019099","1008930041","MN0603"
"Redhawk Indian Arts Council","1022 39th St","Brooklyn","NY","11219","(718) 686-9297","Folk Arts","Brooklyn Council District #38","Brooklyn Community Board #8","Brooklyn","40.644165","-73.992173","110","3135218","3055840009","BK1201"
"Red Hook Art Project, Inc.","291 Van Brunt Street","Brooklyn","NY","11231","(347) 889-4098","Multi-Discipl, Perf & Non-Perf","Brooklyn Council District #38","Brooklyn Community Board #6","Brooklyn","40.678839","-74.01114","5301","3396666","3005460010","BK0601"
"Red Light Contemporary Music","171 Clermont Ave","Brooklyn","NY","11205","(718) 968-5317","Music","Brooklyn Council District #35","Brooklyn Community Board #2","Brooklyn","40.692508","-73.970719","183","3058391","3020750012","BK0203"
"Red Monkey Theater Group","895 Shore Road","Bronx","NY","10464","(914) 693-1646","Theater","Bronx Council District #11","Bronx Community Board #10","Bronx","40.873618","-73.806978","504","2097423","2056500001","BX2891"
"Red Umbrella Project, Inc.","101 West 23rd St","New York","NY","10011","(347) 927-3867","Multi-Discipl, Perf & Non-Perf","Manhattan Council District #3","Manhattan Community Board #4","Manhattan","40.743097","-73.993226","91","1014954","1007990035","MN0401"
"Reel Lives, Inc.","101 Avenue D","New York","NY","10009","(646) 488-2991","Film/Video/Audio","Brooklyn Council District #34","Brooklyn Community Board #1","Manhattan","40.723308","-73.976323","2602","1089381","1003777503","MN0303"
"Reel Stories Teen Filmmaking, Inc.","540 President","Brooklyn","NY","11215","(718) 768-9000","Film/Video/Audio","Brooklyn Council District #39","Brooklyn Community Board #6","Brooklyn",,,,,,
"Regina Opera Company, Inc.","599 E 7th Street (Apt 1-A)","Brooklyn","NY","11218","(718) 259-2772","Music","Brooklyn Council District #43","Brooklyn Community Board #12","Brooklyn","40.637179","-73.971518","490","3126865","3053910061","BK1203"
"Regional Plan Association","4 Irving Place","New York","NY","10003","(917) 546-4304","Multi-Discipl, Perf & Non-Perf","Manhattan Council District #2","Manhattan Community Board #6","Manhattan","40.734163","-73.988627","50","1084936","1008700024","MN0602"
"Relationship Performance and Art Group, Inc.","100 Saint Marks Place apt 7","New York","NY","10009","(212) 533-9169","Theater","Manhattan Council District #2","Manhattan Community Board #3","Brooklyn","40.681391","-73.978868","12901","3018650","3009340021","BK0602"
"ReLIT NY, Inc.","PO Box 1833","New York","NY","10016","(917) 573-0034","Literature","Manhattan Council District #2","Manhattan Community Board #6","Manhattan",,,,,,
"Remember the Triangle Fire Coalition, Inc.","P.O. Box 1822","New York","NY","10113","(646) 316-2483","Multi-Discipl, Perf & Non-Perf","Manhattan Council District #1","Manhattan Community Board #2","Manhattan",,,,,,
"Remote Theater Project","406 East 5th Street","Brooklyn","NY","11218","(347) 267-3736","Theater","Brooklyn Council District #39","Brooklyn Community Board #12","Brooklyn","40.642222","-73.975303","494","3125415","3053560022","BK1203"
"Renaissance Youth Center","3485 Third Avenue","Bronx","NY","10456","(718) 450-3466","Music","Bronx Council District #16","Bronx Community Board #3","Bronx","40.830224","-73.906233","145","2001324","2023720032","BX0302"
"Renee and Chaim Gross Foundation","526 LaGuardia Place","New York","NY","10012","(212) 529-4906","Visual Arts","Manhattan Council District #1","Manhattan Community Board #2","Manhattan","40.728377","-73.998701","65","1008645","1005370032","MN0202"
"Repast Ensemble, Inc.","39-44 47th St","Sunnyside","NY","11104","(206) 930-8532","Music","Brooklyn Council District #35","Queens Community Board #2","Queens","40.74809","-73.916768","169","4001467","4001490052","QN0202"
"Research Foundation of CUNY","Research Foundation of CUNY","New York","NY","10036","(212) 652-2800","Theater","Manhattan Council District #3","Manhattan Community Board #5","Manhattan",,,,,,
"Residency Unlimited, Inc.","360 Court Street, Unit #4","Brooklyn","NY","11231","(646) 327-8511","Visual Arts","Brooklyn Council District #39","Brooklyn Community Board #6","Brooklyn","40.681983","-73.996095","67","3004582","3003457501","BK0601"
"Resident Acting Company, Inc.","187 Chrystie St.","NEW YORK","NY","10002","(917) 626-8026","Film/Video/Audio","Manhattan Council District #1","Manhattan Community Board #3","Manhattan","40.721675","-73.992031","3601","1005722","1004260034","MN0302"
"Restless Books Inc","232 3rd St","Brooklyn","NY","11215","(864) 378-5822","Literature","Brooklyn Council District #39","Brooklyn Community Board #6","Brooklyn","40.674909","-73.987671","11901","3337594","3009800008","BK0601"
"Reverend Linnette C. Williamson Memorial Park Association","54 West 129th Street","New York","NY","10027","(212) 566-0828","Multi-Discipline, Non-Perform","Manhattan Council District #9","Manhattan Community Board #10","Manhattan","40.809769","-73.942346","208","1000000","1017260065","MN1002"
"Reverie Productions, Inc.","520 8th Avenue","New York","NY","10018","(212) 244-7803","Theater","Manhattan Council District #3","Manhattan Community Board #5","Manhattan","40.753612","-73.992417","109","1083624","1007860001","MN0502"
"Reversing The Projections. Inc","113-35 Farmers Boulevard","Saint Albans","NY","11412","(718) 217-5117","Dance","Queens Council District #27","Queens Community Board #12","Queens","40.698506","-73.762513","526","4235658","4109880006","QN1205"
"Rhizome","235 Bowery","New York","NY","10002","(212) 219-1222","New Media","Manhattan Council District #1","Manhattan Community Board #3","Manhattan","40.722424","-73.993225","3601","1005709","1004260012","MN0302"
"Rhymes With Opera, Inc.","45 Overlook Terrace Apt 4A","New York","NY","10033","(617) 688-5511","Music","Manhattan Council District #10","Manhattan Community Board #12","Manhattan","40.853536","-73.93638","273","1064400","1021800057","MN1202"
"Rhythm N Dance LLC","161-04 Jamaica Ave","Jamaica","NY","11432","(703) 868-4114","Multi-Discipl, Perf & Non-Perf","Queens Council District #27","Queens Community Board #12","Queens","40.704025","-73.798437","44601","4215617","4101010011","QN1201"
"Richard Allen Center for Culture and Art","40 Peck Slip","New York","NY","10038","(917) 605-4014","Theater","Manhattan Council District #1","Manhattan Community Board #1","Manhattan","40.707712","-74.001508","1501","1001338","1000970031","MN0101"
"Richmond Choral Society","P.O. Box 141002","Staten Island","NY","10314","(718) 816-7724","Music","Staten Island Council Dist #49","Staten Island Community Board #1","Staten Island",,,,,,
"Richmond County Orchestra","610 Victory Blvd.","Staten Island","NY","10301","(917) 829-0616","Music","Staten Island Council Dist #49","Staten Island Community Board #1","Staten Island","40.627499","-74.090946","33","5015142","5005890053","SI0104"
"Ridge Chorale Inc.","80 73rd Street","Brooklyn","NY","11209","(646) 220-5813","Theater","Brooklyn Council District #43","Brooklyn Community Board #10","Brooklyn","40.63452","-74.034372","38","3147721","3059150017","BK1001"
"Rincon Criollo Cultural Center, Inc.","1580 Monroe Avenue, #2","Bronx","NY","10457","(347) 679-6802","Folk Arts",,"Bronx Community Board #1","Bronx",,,,,,
"Rio Grande Union, Inc.","541 Broadway, Third Floor","New York","NY","10012","(212) 966-6999","Dance","Manhattan Council District #1","Manhattan Community Board #2","Manhattan","40.723478","-73.998441","49","1007580","1004980018","MN0201"
"Ripe Time, Inc.","138 South Oxford Street","Brooklyn","NY","11217","(718) 622-3650","Theater","Brooklyn Council District #35","Brooklyn Community Board #2","Brooklyn","40.685073","-73.973221","179","3000000","3020040048","BK0203"
"Ripple Effect Artists, Inc.","600 W. 162nd St.","New York","NY","10032","(917) 773-2933","Theater","Manhattan Council District #3","Manhattan Community Board #12","Manhattan","40.837299","-73.942897","245","1063354","1021370026","MN1201"
"Riseboro Community Partnership, Inc.","565 Bushwick Avenue","New York","NY","11206","(718) 821-0254","Theater","Brooklyn Council District #34","Brooklyn Community Board #4","Brooklyn","40.699023","-73.935359","391","3071908","3031510012","BK0401"
"Rising Circle Theater Collective, Inc.","1380 Riverside Dr","New York","NY","10033","(646) 245-5050","Theater","Brooklyn Council District #35","Brooklyn Community Board #2","Manhattan","40.852295","-73.941359","275","1064332","1021790005","MN1202"
"Riverdale Choral Society","P.O. Box 436","Bronx","NY","10471","(718) 543-9091","Music","Bronx Council District #11","Bronx Community Board #8","Bronx",,,,,,
"Riverside Opera Company, Inc.","1000 Richmond Terrace box 2-8","Staten Island","NY","10301","(212) 729-4792","Music","Staten Island Council Dist #49","Staten Island Community Board #1","Staten Island","40.645075","-74.104753","9702","5000000","5000760200","SI0191"
"Riverside Symphony, Inc.","2350 Broadway","New York","NY","10024","(212) 864-4197","Music","Manhattan Council District #8","Manhattan Community Board #7","Manhattan","40.788007","-73.976747","171","1033133","1012330016","MN0702"
"Riverside Theatre, Inc.","91 Claremont Avenue","New York","NY","10027","(212) 870-6877","Multi-Discipline, Performing","Manhattan Council District #9","Manhattan Community Board #9","Manhattan","40.811452","-73.962701","205","1075480","1019910031","MN0901"
"Roaring Epiphany Production Company","161 Cornelia St","Brooklyn","NY","11221",,,,"Brooklyn Community Board #4","Brooklyn","40.691311","-73.914437","415","3077225","3033750041","BK0402"
"Roberta Wells Conservatory of Arts & Learning, Inc.","23-51 97 Street","East Elmhurst","NY","11369","(718) 565-0399","Multi-Discipl, Perf & Non-Perf","Queens Council District #21","Queens Community Board #3","Queens","40.76736","-73.873184","357","4023851","4010910050","QN0302"
"Robert H. Clampitt Foundation, Inc.","163 Amsterdam Avenue","New York","NY","10023","(202) 316-3917","Multi-Discipline, Non-Perform","Manhattan Council District #6","Manhattan Community Board #7","Manhattan","40.775613","-73.983818","15302","1028849","1011390001","MN0701"
"Rockaway Artists Alliance, Inc.","260 Beach 116th Street","Rockaway Park","NY","11694","(718) 474-0861","Multi-Discipl, Perf & Non-Perf","Queens Council District #32","Queens Community Board #14","Queens","40.580701","-73.837704","938","4303771","4161660483","QN1403"
"Rockaway Film Festival, Inc.","4-15 B 72 St","Arverne","NY","11692","(508) 498-0344","Multi-Discipl, Perf & Non-Perf","Queens Council District #32","Queens Community Board #14","Queens","40.593044","-73.800706","954","4303242","4160700024","QN1402"
"Rockaway Theatre Company","1 Murray Rd","Breezy Point","NY","11697","(917) 817-5594","Theater","Queens Council District #32","Queens Community Board #14","Queens",,,,,,
"Rockaway Waterfront Alliance, Inc.","58-03 Rockaway Beach Blvd","Far Rockaway","NY","11692","(718) 327-5919","Multi-Discipline, Non-Perform","Queens Council District #31","Queens Community Board #14","Queens","40.592098","-73.78784","97202","4302052","4159260044","QN1402"
"Rocking the Boat, Inc.","812 Edgewater Rd","Bronx","NY","10474","(718) 466-5799","Multi-Discipline, Non-Perform","Bronx Council District #17","Bronx Community Board #2","Bronx","40.817921","-73.883518","11502","2006493","2027620314","BX0201"
"Rod Rodgers Dance Company, Inc.","62 East 4th Street","New York","NY","10003","(212) 674-9066","Dance","Manhattan Council District #2","Manhattan Community Board #3","Manhattan","40.726706","-73.990663","38","1077964","1004590017","MN0303"
"Romare Bearden Foundation","2214 Frederick Douglass Blvd.","New York","NY","10026","(212) 924-0455","Visual Arts","Manhattan Council District #3","Manhattan Community Board #10","Manhattan","40.806591","-73.953771","220","1058442","1019250002","MN1001"
"Rooftop Films","232 Third Street, Suite E 106","Brooklyn","NY","11215","(718) 417-7362","Film/Video/Audio","Brooklyn Council District #39","Brooklyn Community Board #6","Brooklyn","40.674909","-73.987671","11901","3337594","3009800008","BK0601"
"Roosevelt Island Historical Society","531 Main St.","New York","NY","10044","(212) 688-4836","Humanities","Manhattan Council District #5","Manhattan Community Board #8","Manhattan","40.761304","-73.950301","23803","1087293","1013730040","MN0801"
"Roosevelt Island Theatre Corporation","548 Main Street","New York","NY","10044","(212) 371-4449","Multi-Discipline, Performing","Manhattan Council District #5","Manhattan Community Board #8","Manhattan","40.761957","-73.949679","23803","1084696","1013730030","MN0801"
"Roosevelt Island Youth Program, Inc.","506 Main Street","New York","NY","10044","(212) 935-3645","Music","Manhattan Council District #5","Manhattan Community Board #8","Manhattan","40.760788","-73.950994","23803","1083215","1013730001","MN0801"
"Roots&Branches Theater, Inc.","University Settlement","New York","NY","10002","(315) 497-7628","Theater","Manhattan Council District #1","Manhattan Community Board #3","Manhattan",,,,,,
"Rosie's Theater Kids","445 West 45th Street","New York","NY","10036","(646) 434-2781","Theater","Manhattan Council District #3","Manhattan Community Board #4","Manhattan","40.761177","-73.993156","12102","1026440","1010550010","MN0402"
"Roulette Intermedium, Inc.","30 Third Avenue","Brooklyn","NY","11217","(212) 219-8242","Music","Brooklyn Council District #33","Brooklyn Community Board #2","Brooklyn","40.68581","-73.980385","39","3000753","3001797503","BK0202"
"Roundabout Theatre Company, Inc.","231 West 39th Street","New York","NY","10018","(212) 719-9393","Theater","Manhattan Council District #3","Manhattan Community Board #5","Manhattan","40.754576","-73.989363","113","1014499","1007890021","MN0502"
"Roundtable Ensemble, Ltd.","333 East 43rd Street","New York","NY","10017","(212) 223-2619","Theater","Manhattan Council District #4","Manhattan Community Board #6","Manhattan","40.749923","-73.970344","88","1038666","1013360015","MN0603"
"Roust Theatre Company, Inc.","211 West 107th Street","New York","NY","10025","(212) 666-3813","Theater","Manhattan Council District #8","Manhattan Community Board #7","Manhattan","40.801426","-73.965936","195","1056652","1018790021","MN0703"
"Royal Family Productions, Inc.","66 Pinehurst Ave.","New York","NY","10033","(646) 244-8207","Theater","Manhattan Council District #10","Manhattan Community Board #12","Manhattan","40.85048","-73.939531","265","1064307","1021770132","MN1202"
"Royal People Group, Inc.","147-12 Archer Avenue","Jamaica","NY","11435","(718) 291-1094","Literature","Queens Council District #28","Queens Community Board #12","Manhattan",,,,,,
"RPGA Studio, Inc","6133 Alderton Street","Rego Park","NY","11374","(917) 597-3089","Visual Arts","Queens Council District #29","Queens Community Board #6","Queens","40.728043","-73.869998","687","4072728","4031010077","QN0601"
"RSOAA, LLC","400 South 2nd Street","Brooklyn","NY","11211","(917) 575-7264","Visual Arts","Brooklyn Council District #45","Brooklyn Community Board #2","Brooklyn","40.709382","-73.95149","527","3063215","3024250017","BK0102"
"Rubin Museum of Art","150 W 17th St","New York","NY","10011","(212) 620-0628","Multi-Discipl, Perf & Non-Perf","Manhattan Council District #3","Manhattan Community Board #4","Manhattan","40.740224","-73.997727","81","1014595","1007920064","MN0401"
"Rush Philanthropic Arts Foundation","334 Grand Avenue","Brooklyn","NY","11238","(212) 997-3034","Visual Arts","Manhattan Council District #5","Manhattan Community Board #3","Brooklyn","40.686462","-73.962432","201","3056218","3019657501","BK0204"
"Russian American Cultural Center","520 E 76th St # 7E","New York","NY","10021","(212) 744-5168","Multi-Discipline, Non-Perform","Manhattan Council District #8","Manhattan Community Board #8","Manhattan","40.769146","-73.951179","13201","1046307","1014870039","MN0801"
"Russian American Cultural Heritage Center","34 Hillside Ave 4C","New York, NY","NY","10040","(212) 567-5834","Multi-Discipl, Perf & Non-Perf","Manhattan Council District #7","Manhattan Community Board #12","Manhattan","40.858448","-73.929279","283","1064130","1021710052","MN1202"
"Russian-American Foundation, Inc.","1560 Broadway, Suite 500","New York","NY","10036","(212) 687-6132","Multi-Discipl, Perf & Non-Perf","Manhattan Council District #3","Manhattan Community Board #5","Manhattan","40.75886","-73.984843","125","1022661","1009990003","MN0502"
"Russian Musical Arts Society of America, Inc.","731 West 183rd Street","New York","NY","10033","(212) 928-1402","Music","Manhattan Council District #7","Manhattan Community Board #12","Manhattan","40.851994","-73.937224","273","1064410","1021800085","MN1202"
"Ruth Williams Dance Foundation, Inc.","2090 Adam Clayton Powell Jr. Boulevard","New York","NY","10027","(212) 662-6403","Dance",,"Manhattan Community Board #10","Manhattan",,,,,,
"RX Art, Inc.","208 Forsyth Street","New York","NY","10002","(212) 260-8797","Visual Arts","Manhattan Council District #1","Manhattan Community Board #2","Manhattan","40.722934","-73.990519","3601","1005614","1004220044","MN0302"
"Ryan Repertory Company, Inc.","2445 Bath Avenue","New York","NY","11214","(917) 613-9740","Theater","Brooklyn Council District #47","Brooklyn Community Board #11","Brooklyn","40.594879","-73.991819","302","3186057","3068770001","BK1103"
"S.E.M. Ensemble, Inc.","25 Columbia Place","Brooklyn","NY","11201","(718) 488-7659","Music","Brooklyn Council District #33","Brooklyn Community Board #2","Brooklyn","40.693107","-73.998601","7","3002274","3002590012","BK0201"
"S.I.T.U., Inc.","127 Second Avenue, #19","New York","NY","10003","(212) 260-3546","Dance",,"Manhattan Community Board #2","Manhattan","40.72836","-73.987852","38","1006679","1004630031","MN0303"
"S'Cool Sounds, Inc.","111 2nd Place","Brooklyn","NY","11231","(917) 488-6415","Music","Brooklyn Council District #39","Brooklyn Community Board #6","Brooklyn","40.67937","-73.996788","77","3007805","3004590042","BK0601"
"Sachiyo Ito and Company, Inc.","405 West 23rd Street","New York","NY","10011","(212) 627-0265","Dance","Manhattan Council District #3","Manhattan Community Board #4","Manhattan","40.746712","-74.001826","93","1077236","1007217501","MN0401"
"Sacred Music Chorale of Richmond Hill","86-20 114th Street","Richmond Hill","NY","11418","(917) 837-5783","Music","Queens Council District #30","Queens Community Board #9","Queens","40.699105","-73.835259","130","4192690","4092260069","QN0902"
"Saeko Ichinohe and Company, Inc.","159 West 53rd Street, Suite 22-H","New York","NY","10019","(212) 757-2531","Dance","Manhattan Council District #3","Manhattan Community Board #5","Manhattan","40.762713","-73.981261","131","1023166","1010067501","MN0502"
"Safe Harbors Indigenous Collective","511 Ave of the Americas","New York City","NY","10011","(551) 208-2844","Multi-Discipl, Perf & Non-Perf","Manhattan Council District #3","Manhattan Community Board #3","Manhattan","40.736875","-73.997203","71","1010653","1006090047","MN0203"
"Saint Alban's Episcopal Church","76 Saint Alban's Place","Staten Island","NY","10312","(718) 984-7756","Music","Staten Island Council Dist #51","Staten Island Community Brd #3","Staten Island","40.544249","-74.160822","15601","5107683","5052390048","SI0302"
"Saint Mary's Community Services, Inc.","230 Classon Avenue","Brooklyn","NY","11205","(718) 230-0827","Multi-Discipline, Performing","Brooklyn Council District #35","Brooklyn Community Board #2","Brooklyn","40.692769","-73.960824","193","3000000","3019090047","BK0204"
"Salmagundi Club","47 Fifth Avenue","New York","NY","10003","(212) 255-7740","Visual Arts","Manhattan Council District #2","Manhattan Community Board #2","Manhattan","40.73435","-73.994808","61","1009274","1005690004","MN0202"
"Salon de Virtuosi","c/o Erika White","New York","NY","10017","(914) 589-6880","Music","Manhattan Council District #4","Manhattan Community Board #5","Manhattan",,,,,,
"Salvadori Center","475 Riverside Drive, Suite 239","New York","NY","10115","(212) 870-3970","Architecture/Design","Manhattan Council District #7","Manhattan Community Board #9","Manhattan","40.811101","-73.964168","205","1059835","1019910001","MN0901"
"Salvation Army","86-07 35th Avenue","Jackson Heights","NY","11372","(212) 337-7201","Multi-Discipline, Performing","Queens Council District #25","Queens Community Board #3","Queens","40.752206","-73.880785","279","4437130","4014470035","QN0301"
"Salvatones, Inc.","1280 Fifth Avenue, #18C","New York","NY","10029","(212) 784-6176","Music","Manhattan Council District #9","Manhattan Community Board #11","Manhattan","40.796304","-73.949614","17401","1089046","1016157501","MN1101"
"Salvatore LaRussa Dance Co.","66-79","Middle Village","NY","11379","(917) 686-7429","Dance","Queens Council District #30","Queens Community Board #5","Queens",,,,,,
"Sandbox Percussion Inc.","169 54th Street","Brooklyn","NY","11220","(248) 821-1397","Music","Brooklyn Council District #38","Brooklyn Community Board #7","Brooklyn","40.647345","-74.02005","1803","3014135","3008120026","BK0702"
"Sandy Ground Historical Society","1538 Woodrow Road","Staten Island, New York","NY","10309","(718) 317-5796","Museum","Staten Island Council Dist #51","Staten Island Community Brd #3","Staten Island","40.541234","-74.21656","20803","5085733","5070200098","SI0304"
"Sarah Michelson, Inc.","140 Second Ave #501","New York","NY","10003","(212) 375-8283","Dance","Manhattan Council District #2","Manhattan Community Board #3","Manhattan","40.728956","-73.987401","38","1006362","1004500006","MN0303"
"Saratoga International Theater Institute, Inc.","520 Eighth Avenue, Ste. 310","New York","NY","10018","(212) 868-0860","Theater","Manhattan Council District #3","Manhattan Community Board #5","Manhattan","40.753612","-73.992417","109","1083624","1007860001","MN0502"
"Sato Yamamoto","267 Grand street","Brooklyn","NY","11211","(646) 640-8255","Visual Arts","Brooklyn Council District #34","Brooklyn Community Board #1","Manhattan","40.717969","-73.993283","16",,,"MN0301"
"Scandinavian American Theater Company","520 8th Ave","New York","NY","10018","(646) 508-2263","Theater","Manhattan Council District #3","Manhattan Community Board #5","Manhattan","40.753612","-73.992417","109","1083624","1007860001","MN0502"
"Scandinavian East Coast Museum","440 Ovington Avenue","Brooklyn","NY","11209","(718) 567-9620","Multi-Discipl, Perf & Non-Perf","Brooklyn Council District #43","Brooklyn Community Board #10","Brooklyn","40.633219","-74.022795","130","3146599","3058920024","BK1001"
"Scan-Harbor, Inc.","345 E 102nd St","New York","NY","10029","(212) 427-2244","Multi-Discipline, Performing","Manhattan Council District #8","Manhattan Community Board #11","Manhattan","40.787394","-73.942709","164","1086440","1016747501","MN1101"
"School News Nationwide, Inc.","1072 Fulton Street","New York","NY","11238","(718) 753-9920","Visual Arts","Brooklyn Council District #35","Brooklyn Community Board #13","Brooklyn","40.681613","-73.958004","227","3000000","3020160012","BK0301"
"School of American Ballet, Inc.","70 Lincoln Center Plaza","New York","NY","10023","(212) 769-6600","Dance","Manhattan Council District #6","Manhattan Community Board #7","Manhattan","40.773997","-73.984479","149","1077844","1011377501","MN0701"
"Science and Arts Engagement New York, Inc.","300 West 53rd Street","New York","NY","10019","(917) 434-9035","Science","Manhattan Council District #3","Manhattan Community Board #4","Manhattan","40.764344","-73.985167","133","1025323","1010437502","MN0402"
"Science Live Productions Inc","515 E 7th St","Brooklyn","NY","11218","(718) 724-3563","Science","Brooklyn Council District #39","Brooklyn Community Board #12","Brooklyn","40.639361","-73.971931","490","3126254","3053760058","BK1203"
"Screen Slate, Inc","253 Huron St","Brooklyn","NY","11222","(347) 834-7738","Film/Video/Audio","Brooklyn Council District #35","Brooklyn Community Board #1","Brooklyn","40.733417","-73.950758","57901","3336917","3025240042","BK0101"
"Sculptors Alliance Inc.","305 East 11 Street Apt 5D","New York","NY","10003","(212) 982-4135","Visual Arts","Manhattan Council District #2","Manhattan Community Board #3","Manhattan","40.730136","-73.985777","4001","1079353","1004530011","MN0303"
"Sculpture Center, Inc.","44-19 Purves St","Long Island City","NY","11101","(718) 361-1750","Visual Arts","Queens Council District #26","Queens Community Board #2","Queens","40.747013","-73.941173","1902","4461880","4002670014","QN0201"
"SeaChange Capital Partners","1385 Broadway","New York","NY","10018","(212) 336-1500",,,,"Manhattan","40.752613","-73.987389","109","1015262","1008130055","MN0502"
"Sea Dog Theater","209 E 16th St","New York City","NY","10003","(646) 463-0542","Theater","Manhattan Council District #2","Manhattan Community Board #6","Manhattan","40.7345","-73.98591","48","1019537","1008970050","MN0602"
"Seaport Museum New York","12 Fulton St","New York","NY","10038","(212) 748-8770","Museum","Manhattan Council District #1","Manhattan Community Board #1","Manhattan","40.706631","-74.003495","1502","1085798","1000740001","MN0101"
"Search and Restore, Inc.","332 Gates Avenue, Apt 1","New York City","NY","11216","(617) 548-3961","Music","Brooklyn Council District #36","Brooklyn Community Board #3","Manhattan",,,,,,
"Seaside Summer Concert Series, Inc.","32 Court Street","Brooklyn","NY","11201","(212) 297-4888","Music","Brooklyn Council District #47","Brooklyn Community Board #13","Brooklyn","40.693014","-73.990758","9","3002248","3002550044","BK0201"
"Sebastian Chamber Players, Inc.","163 Saint Nicholas Avenue","New York","NY","10026","(262) 345-2224","Music","Manhattan Council District #9","Manhattan Community Board #10","Manhattan","40.80527","-73.952782","220","1058418","1019247501","MN1001"
"Second Generation Productions, Inc.","80-17 Bell Blvd.","Hollis Hills","NY","11427","(212) 334-4777","Theater","Queens Council District #23","Queens Community Board #11","Queens","40.733809","-73.75495","129102","4164775","4077900026","QN1104"
"Second Stage Theatre","1501 Broadway","New York","NY","10036","(212) 787-8302","Theater","Manhattan Council District #3","Manhattan Community Board #5","Manhattan","40.757103","-73.986193","119","1024706","1010150029","MN0502"
"Secret City","316 West 94th Street, #6B","New York","NY","10025","(917) 208-7948","Multi-Discipline, Performing","Brooklyn Council District #33","Brooklyn Community Board #1","Manhattan","40.794369","-73.975167","179","1034140","1012520072","MN0702"
"Seedco Financial Services","915 Broadway","New York","NY","10010","(212) 204-1300","Other","Manhattan Council District #2","Manhattan Community Board #5","Manhattan","40.739644","-73.989654","52","1016226","1008490070","MN0501"
"Seeing for Ourselves Inc","101 Clark Street","New York","NY","11201","(914) 413-5378","Photography","Brooklyn Council District #33","Brooklyn Community Board #2","Brooklyn","40.697285","-73.992304","1","3001727","3002320001","BK0201"
"Segue Foundation, Inc.","300 Bowery","New York","NY","10012","(917) 608-2733",,,"Manhattan Community Board #2","Manhattan","40.724557","-73.992463","5502","1008206","1005210082","MN0202"
"SENS Production, Inc.","148 Classon Ave.","Brooklyn","NY","11205","(718) 302-5024","Dance","Brooklyn Council District #33","Brooklyn Community Board #1","Brooklyn","40.695453","-73.961428","191","3054626","3018950042","BK0204"
"Sephardic Community Youth Center","1901 Ocean Parkway","Brooklyn","NY","11223","(718) 627-4300",,,"Brooklyn Community Board #15","Brooklyn","40.60211","-73.966289","416","3190468","3070880001","BK1501"
"September 11th Widows and Victim Families Association","92 Greenwich Street","New York","NY","10006","(212) 422-3520","Museum","Manhattan Council District #1","Manhattan Community Board #1","Manhattan","40.70784","-74.013656","13","1000794","1000187501","MN0101"
"September Concert Foundation","601 West 57th St #37D","New York","NY","10019","(212) 333-3399","Music","Manhattan Council District #6","Manhattan Community Board #4","Manhattan","40.77052","-73.99187","13502","1081009","1011050029","MN0402"
"Serenade at Historic Christ Church, Inc.","228 Bard Avenue","New York","NY","10310","(718) 727-6100","Music","Staten Island Council Dist #49","Staten Island Community Brd #1","Staten Island","40.638936","-74.107432","9701","5003543","5001380162","SI0104"
"Serious Fun After School Inc.","Serious Fun @ GREEN DESK","Long Island City","NY","11101","(718) 956-5945","Theater","Queens Council District #26","Queens Community Board #2","Queens",,,,,,
"Sesame Flyers International, Inc.","3510 Church Avenue","New York","NY","11203","(718) 693-0500","Music","Brooklyn Council District #45","Brooklyn Community Board #17","Brooklyn","40.651066","-73.944555","856","3109467","3048890004","BK1701"
"Seven Loaves","309 E 4TH ST APT 3B","New York","NY","10009","(212) 777-3891","Multi-Discipline, Performing","Manhattan Council District #1","Manhattan Community Board #3","Manhattan","40.722118","-73.979754","2601","1004423","1003740065","MN0303"
"Seven Stories Institute","2113 Amsterdam Ave","New York","NY","10032","(347) 688-4456","Humanities","Manhattan Council District #10","Manhattan Community Board #12","Manhattan","40.837706","-73.93848","24301","1062632","1021110008","MN1201"
"Seventh Regiment Armory Conservancy, Inc.","643 Park Avenue","New York","NY","10065","(212) 616-3951","Multi-Discipl, Perf & Non-Perf","Manhattan Council District #4","Manhattan Community Board #8","Manhattan","40.767491","-73.966448","120","1042460","1014010001","MN0802"
"Shadow Box Theatre, Inc.","325 West End Avenue","New York","NY","10023","(212) 724-0677","Multi-Discipline, Performing","Manhattan Council District #6","Manhattan Community Board #7","Manhattan","40.782036","-73.98287","163","1031026","1011850019","MN0702"
"Shakespeare Downtown, Inc.","251 Water Street, Apt. 2","New York","NY","10038","(917) 575-5452","Theater","Manhattan Council District #1","Manhattan Community Board #1","Manhattan","40.708113","-74.002207","1501","1001349","1000970057","MN0101"
"Shanghai Association in USA Inc.","37-12 Prince St, Suite 11A","Flushing","NY","11354","(646) 812-6816","Music","Queens Council District #20","Queens Community Board #7","Queens","40.760559","-73.83284","871","4618203","4049727502","QN0707"
"Sheba USA Inc.","72-32 Broadway","Jackson Heights","NY","11372","(718) 507-7773","Other","Queens Council District #25","Queens Community Board #3","Queens","40.747475","-73.893278","26501","4529527","4012830085","QN0401"
"Shed NYC, Inc.","545 W 30th Street","New York","NY","10001","(212) 616-5822",,"Manhattan Council District #3","Manhattan Community Board #4","Manhattan","40.753017","-74.003227","9903","1089411","1007027502","MN0401"
"Shen Wei Dance Arts, Inc.","165 West 86th Street","New York","NY","10024","(212) 962-1113","Dance","Manhattan Council District #1","Manhattan Community Board #1","Manhattan","40.787351","-73.974202","173","1032188","1012170001","MN0702"
"She NYC Arts, Inc","121 west 36th st","New York","NY","10018","(978) 809-0707","Theater","Brooklyn Council District #33","Manhattan Community Board #5","Manhattan","40.75157","-73.987985","109","1015240","1008120022","MN0502"
"Shorefront YM-YWHA of Brighton Manhattan Beach Inc","3300 Coney Island Avenue","Brooklyn","NY","11235","(347) 689-1880","Multi-Discipl, Perf & Non-Perf","Brooklyn Council District #48","Brooklyn Community Board #13","Brooklyn","40.575566","-73.95946","36002","3326880","3086930001","BK1303"
"Shotgun Productions, Inc.","165 East 35th Street, Suite 7J","New York","NY","10016","(917) 371-7612","Theater",,"Manhattan Community Board #6","Manhattan","40.746768","-73.978505","80","1018910","1008910039","MN0603"
"Showpaper, Inc","26-15 Jackson Ave.","Long Island City","NY","11101","(347) 746-5512","Music","Queens Council District #32","Queens Community Board #5","Queens","40.747343","-73.941794","1902","4005143","4004330006","QN0201"
"Signature Theatre Company, Inc.","480 West 42nd Street","New York","NY","10036","(646) 388-8120","Theater","Manhattan Council District #3","Manhattan Community Board #4","Manhattan","40.759379","-73.994907","115","1088437","1010517502","MN0402"
"Sign of the Times Theater Company, Inc.","80 East 11th Street, Suite 301C","New York","NY","10003","(917) 334-2897","Theater","Manhattan Council District #2","Manhattan Community Board #2","Manhattan","40.732681","-73.991863","61","1009108","1005620024","MN0202"
"Silent Cinema Presentations, Inc.","176 W 87th Street","New York","NY","10024","(212) 595-5655","Film/Video/Audio","Manhattan Council District #6","Manhattan Community Board #7","Manhattan","40.787985","-73.973656","173","1032218","1012170064","MN0702"
"Sinfonietta of Riverdale","P.O. Box 345","New York","NY","10471","(917) 689-1211","Music","Bronx Council District #11","Bronx Community Board #8","Bronx",,,,,,
"Sing for Hope","99 Wall St","New York","NY","10005","(212) 966-5955","Multi-Discipl, Perf & Non-Perf","Manhattan Council District #1","Manhattan Community Board #2","Manhattan","40.705","-74.007156","7","1000865","1000337501","MN0101"
"Singing Winds, Inc.","625 Greenwood Avenue","Brooklyn","NY","11218","(718) 564-5983","Multi-Discipl, Perf & Non-Perf","Brooklyn Council District #39","Brooklyn Community Board #12","Brooklyn","40.651554","-73.975508","50202","3122596","3052770046","BK0701"
"Sino-American Culture & Arts Foundation","17 E Broadway","New York","NY","10002","(212) 791-6931","Multi-Discipl, Perf & Non-Perf","Manhattan Council District #4","Manhattan Community Board #3","Manhattan","40.713479","-73.996894","8","1003432","1002807501","MN0301"
"Siren - protectors of the Rainforest, Inc.","90 Monroe St","Brooklyn","NY","11216","(917) 455-0719","Multi-Discipline, Performing","Brooklyn Council District #36","Brooklyn Community Board #3","Brooklyn","40.684886","-73.955575","229","3057125","3019880015","BK0301"
"Sisters With Purpose Inc.","1310 Pennsylvania Avenue","Brooklyn","NY","11239","(646) 460-4101","Dance","Brooklyn Council District #42","Brooklyn Community Board #5","Brooklyn","40.649","-73.88306","105804","3342903","3044520001","BK0504"
"Six Figures, Inc.","P.O. Box 88, Planetarium Station","New York","NY","10024","(212) 854-0179","Theater","Manhattan Council District #6","Manhattan Community Board #7","Manhattan",,,,,,
"Skysaver Productions, Inc.","5 E 3rd St","New York","NY","10003","(212) 677-3109","Multi-Discipline, Performing","Manhattan Council District #2","Manhattan Community Board #3","Manhattan","40.72619","-73.991291","38","1082671","1004597501","MN0303"
"Skyscraper Museum","39 Battery Pl","New York","NY","10280","(212) 945-6324","Museum","Manhattan Council District #1","Manhattan Community Board #1","Manhattan","40.705869","-74.017976","31704","1085789","1000167513","MN0101"
"SLEEP CENTER ART SPACE INC.","9 Monroe St.","New York","NY","10002","(718) 406-7839","Multi-Discipline, Non-Perform","Manhattan Council District #1","Manhattan Community Board #3","Manhattan","40.711434","-73.995982","8","1003289","1002760004","MN0301"
"Slice Literary, Inc.","PO Box 659","New York","NY","10014","(848) 228-6077","Literature","Manhattan Council District #3","Manhattan Community Board #2","Manhattan",,,,,,
"Slideluck Potshow","154 Morgan Ave","New York","NY","11237","(917) 804-2767","Photography","Manhattan Council District #2","Manhattan Community Board #3","Brooklyn","40.709422","-73.933033","44902","3070556","3029670001","BK0104"
"Smack Mellon Studios, Inc.","92 Plymouth Street","Brooklyn","NY","11201","(718) 834-8761","Visual Arts","Brooklyn Council District #33","Brooklyn Community Board #2","Brooklyn","40.703875","-73.9901","21","3344162","3000270020","BK0202"
"SMARTSPACES-DOT-ORG","61 7th Avenue South","New York","NY","10014","(646) 823-6993","Multi-Discipline, Non-Perform","Manhattan Council District #3","Manhattan Community Board #2","Manhattan","40.73163","-74.003929","67","1009947","1005870021","MN0203"
"Smithsonian National Museum of the American Indian","National Museum of the American Indian-NY","New York","NY","10004","(212) 277-8021","Museum","Manhattan Council District #1","Manhattan Community Board #1","Manhattan",,,,,,
"Smith Street Stage, Inc.","15 Stratford Road","Brooklyn","NY","11218","(540) 230-8670","Theater","Brooklyn Council District #39","Brooklyn Community Board #14","Brooklyn","40.648361","-73.96956","506","3116387","3050720058","BK1402"
"Snug Harbor Cultural Center & Botanical Garden, Inc.","1000 Richmond Terrace","Staten Island","NY","10301","(718) 448-2500","Multi-Discipline, Non-Perform","Staten Island Council Dist #49","Staten Island Community Brd #1","Staten Island","40.645075","-74.104753","9702","5000000","5000760200","SI0191"
"Society for the Preservation and Encouragement of Barber Shop Quartet","PO Box 522, Cooper Union Station","New York","NY","10276","(631) 221-2911","Music","Manhattan Council District #2","Manhattan Community Board #6","Manhattan","40.728141","-73.991626","57","1006642","1004620001","MN0202"
"Society for the Preservation of Weeksville & Bed-Stuyvesant History","158 Buffalo Avenue","Brooklyn","NY","11213","(718) 756-5250","Humanities","Brooklyn Council District #36","Brooklyn Community Board #8","Brooklyn","40.673979","-73.92508","307","3035918","3013560050","BK0802"
"Society of Illustrators, Inc.","128 E 63rd St","New York","NY","10065","(212) 838-2560","Museum","Manhattan Council District #4","Manhattan Community Board #8","Manhattan","40.764897","-73.966774","11402","1042056","1013970060","MN0802"
"Society of the Educational Arts, Inc.","107 Suffolk Street","New York","NY","10002","(212) 529-1545","Theater","Manhattan Council District #1","Manhattan Community Board #3","Manhattan","40.718943","-73.986122","1402","1004301","1003530054","MN0302"
"Society of the Third Street Music School Settlement, Inc.","235 East 11th Street","New York","NY","10003","(212) 777-3240","Music","Manhattan Council District #2","Manhattan Community Board #3","Manhattan","40.730806","-73.987364","4002","1006849","1004677501","MN0303"
"Socrates Sculpture Park, Inc.","32-01 Vernon Blvd.","Long Island City","NY","11106","(718) 956-1819","Visual Arts","Queens Council District #26","Queens Community Board #1","Queens","40.767634","-73.936314","45","4003748","4003150001","QN0105"
"SoHarlem, Inc.","1361 Amsterdam Ave","New York","NY","10027","(212) 222-2792","Other","Manhattan Council District #7","Manhattan Community Board #9","Manhattan","40.814216","-73.95564","21303","1081781","1019670040","MN0902"
"Soho 20 Artists, Inc.","56 Bogart Street","Brooklyn","NY","11206","(212) 367-8994","Multi-Discipl, Perf & Non-Perf","Manhattan Council District #3","Manhattan Community Board #4","Brooklyn","40.705533","-73.933351","453","3071424","3030930001","BK0104"
"Soho Repertory Theatre, Inc.","401 Broadway","New York","NY","10013","(212) 941-8632","Theater","Manhattan Council District #1","Manhattan Community Board #1","Manhattan","40.71871","-74.002482","33","1002310","1001940042","MN0102"
"Soho Think Tank, Inc.","3 Horatio Street","New York","NY","10014","(212) 966-4844","Theater","Manhattan Council District #3","Manhattan Community Board #2","Manhattan","40.738761","-74.003655","77","1011076","1006160052","MN0203"
"Sokoloff Arts Foundation Inc","221 W broadway","New York","NY","10013","(212) 634-7690","Multi-Discipline, Performing","Manhattan Council District #1","Manhattan Community Board #1","Manhattan","40.719218","-74.00631","33","1001988","1001780022","MN0102"
"Solo Foundation, Inc.","15 West 28 Street","NYC","NY","10001","(212) 643-2036","New Media","Manhattan Council District #3","Manhattan Community Board #4","Manhattan","40.74515","-73.988383","76","1015728","1008300030","MN0501"
"Solomon R. Guggenheim Foundation","1071 5th Ave","New York","NY","10128","(212) 423-3688","Museum","Manhattan Council District #4","Manhattan Community Board #8","Manhattan","40.782925","-73.959391","15002","1046946","1015000001","MN0802"
"Sol Zim Jewish Enrichment Music Foundation, Inc.","85-39 213th Street","Queens Village","NY","11427","(917) 592-0019","Music","Queens Council District #23","Queens Community Board #13","Queens","40.729329","-73.755894","129102","4165352","4078170056","QN1104"
"Songs of Love Foundation","73-26 Yellowstone Blvd","Forest Hills","NY","11375","(718) 441-5422","Music","Queens Council District #29","Queens Community Board #6","Queens","40.716981","-73.857462","709","4467419","4031500134","QN0602"
"Songs of Solomon: An Inspirational Ensemble, Inc.","133 West 138th Street, Suite 3A","New York","NY","10030","(212) 281-2674","Music","Manhattan Council District #10","Manhattan Community Board #10","Manhattan","40.816823","-73.941321","230","1060022","1020070010","MN1002"
"Sonnet Repertory Theatre, Inc.","419 Lafayette Street, 4th Floor","New York","NY","10003","(917) 703-3188","Theater","Manhattan Council District #3","Manhattan Community Board #4","Manhattan","40.728745","-73.99238","57","1008773","1005440013","MN0202"
"Sonora House, Inc.","484 W 43rd St","New York","NY","10036","(212) 561-0283","Music","Staten Island Council Dist #49","Staten Island Community Brd #1","Manhattan","40.760205","-73.994777","12102","1083746","1010520001","MN0402"
"Sons of the Revolution in the State of New York, Inc.","54 Pearl St","New York","NY","10004","(212) 425-1778","Museum","Manhattan Council District #1","Manhattan Community Board #1","Manhattan","40.703496","-74.011375","9","1078965","1000070035","MN0101"
"So Percussion","20 Grand Avenue, #205","Brooklyn","NY","11205","(410) 375-0007","Music","Brooklyn Council District #33","Brooklyn Community Board #1","Brooklyn","40.697112","-73.964763","211","3330875","3018770035","BK0203"
"Sophie Gerson Healthy Youth","505 LaGuardia Place","New York","NY","10012","(917) 836-3272","Multi-Discipl, Perf & Non-Perf","Manhattan Council District #1","Manhattan Community Board #2","Manhattan","40.727667","-73.999282","5501","1008241","1005240001","MN0202"
"SOUL CITY MOVEMENT","14 Dunham Place","Brooklyn","NY","11249","(415) 400-6859","Multi-Discipline, Non-Perform","Brooklyn Council District #33","Brooklyn Community Board #1","Brooklyn","40.71116","-73.967446","549","3336591","3024690006","BK0102"
"Sound Business Inc.","443 West 135th Street","New York City","NY","10031","(212) 690-6800","Multi-Discipline, Performing","Manhattan Council District #9","Manhattan Community Board #9","Manhattan","40.818188","-73.950356","21703","1059409","1019570078","MN0902"
"Sound Mind Live","929 Lorimer St","Brooklyn","NY","11222","(818) 618-2654",,,"Brooklyn Community Board #1","Brooklyn","40.724135","-73.952028","569","3065994","3026440031","BK0101"
"South Asian Cultural Preservation and Education Center","115 John Street","Staten Island","NY","10302","(718) 874-8137","Music","Staten Island Council Dist #49","Staten Island Community Brd #1","Staten Island","40.635874","-74.143446","213","5026093","5011210071","SI0106"
"South Asian Fund for Education, Scholarship and Training, Inc","165-23, Hillside Avenue","Jamaica","NY","11432","(646) 318-4617","Multi-Discipline, Non-Perform","Queens Council District #24","Queens Community Board #8","Queens",,,,,,
"South Asian International Film Festival, Inc.","114 Franklin Street","New York","NY","10013","(917) 902-6706","Film/Video/Audio","Manhattan Council District #1","Manhattan Community Board #1","Manhattan","40.718633","-74.006082","33","1001984","1001780010","MN0102"
"South Asian Women's Creative Collective","323 W 39th St","New York","NY","10018","(419) 612-3833","Multi-Discipl, Perf & Non-Perf","Manhattan Council District #3","Manhattan Community Board #4","Manhattan","40.755707","-73.992045","115","1013682","1007637502","MN0402"
"South Bronx Community Action Theatre","778 Forest Avenue, Suite 407","Bronx","NY","10456","(718) 829-5730","Multi-Discipl, Perf & Non-Perf","Bronx Council District #17","Bronx Community Board #1","Bronx","40.819006","-73.905869","77","2004690","2026550030","BX0102"
"Southern Community Development Corporation, Inc.","820 Stanley Ave","Brooklyn","NY","11207","(212) 470-6559","Science","Brooklyn Council District #42","Brooklyn Community Board #5","Brooklyn","40.661473","-73.878954","1116","3097781","3043810001","BK0503"
"Southern Queens Park Association","177-01 Baisley Boulevard","Jamaica","NY","11434","(718) 276-4630","Multi-Discipline, Performing","Queens Council District #27","Queens Community Board #12","Queens","40.686284","-73.768455","426","4268835","4124060180","QN1205"
"South of the Navy Yard Artists","PO Box 380558","Brooklyn","NY","11238","(718) 857-5696","Visual Arts","Brooklyn Council District #35","Brooklyn Community Board #2","Brooklyn",,,,,,
"Southside United Housing Development Fund Corp","434 South 5th Street","Brooklyn","NY","11211","(718) 387-3600","Museum","Brooklyn Council District #34","Brooklyn Community Board #1","Brooklyn","40.707016","-73.951506","527","3321351","3024650006","BK0102"
"South Wing Theatre Company","221 East 18th Street","NEW YORK","NY","11226","(212) 647-0202","Theater","Brooklyn Council District #40","Brooklyn Community Board #14","Manhattan","40.735518","-73.984697","48","1019581","1008990008","MN0602"
"Spanish Dance Arts Company, Inc.","4 West 43rd Street","New York","NY","10036","(212) 736-4499","Dance","Manhattan Council District #1","Manhattan Community Board #5","Manhattan","40.754371","-73.980932","96","1034201","1012580042","MN0502"
"Spanish-English Ensemble Theatre, Inc.","62 East 4 Street","New York","NY","10003","(212) 598-4320","Dance","Manhattan Council District #2","Manhattan Community Board #3","Manhattan","40.726706","-73.990663","38","1077964","1004590017","MN0303"
"Spanish Theatre Repertory Company, Ltd.","138 East 27th Street","New York","NY","10016","(212) 225-9934","Theater","Manhattan Council District #2","Manhattan Community Board #6","Manhattan","40.741889","-73.982606","68","1018151","1008820060","MN0602"
"Special Audiences and Musicians Inc","148 West 23rd Street #5F","New York","NY","10011","(917) 359-3430","Music","Manhattan Council District #3","Manhattan Community Board #4","Manhattan","40.74349","-73.994211","91","1014811","1007980071","MN0401"
"Speculum Musicae, Inc.","255 West 88th St., Apt. 10C","New York","NY","10024","(212) 799-2227","Music","Manhattan Council District #6","Manhattan Community Board #7","Manhattan","40.789874","-73.97614","175","1033291","1012360010","MN0702"
"Spellbound Theatre, Inc","147 Prince Street","Brooklyn","NY","11201","(347) 646-8542","Theater","Brooklyn Council District #39","Brooklyn Community Board #2","Brooklyn","40.692648","-73.982532","1502","3058261","3020620006","BK0202"
"Sphinx Organization, Inc.","2214 Frederick Douglass Boulevard,","New York","NY","10026","(313) 877-9100","Music","Manhattan Council District #9","Manhattan Community Board #10","Manhattan",,,,,,
"Spiderwoman Theater Workshop, Inc.","333 Degraw St","New York","NY","11231","(929) 486-9879","Theater","Brooklyn Council District #33","Brooklyn Community Board #6","Brooklyn","40.683108","-73.993546","75","3006672","3004140044","BK0601"
"Spoke the Hub Dancing, Inc.","748 Union Street","Brooklyn","NY","11215","(718) 408-3234","Multi-Discipline, Performing","Brooklyn Council District #39","Brooklyn Community Board #6","Brooklyn","40.675607","-73.97842","133","3020144","3009560043","BK0602"
"St. Ann's Warehouse, Inc.","45 Water Street","Brooklyn","NY","11201","(718) 834-8794","Multi-Discipl, Perf & Non-Perf","Brooklyn Council District #33","Brooklyn Community Board #2","Brooklyn","40.70332","-73.992624","21","3378511","3000260080","BK0202"
"St. Augustine's Project, Inc","333 Madison Street","New York","NY","10002","(212) 673-5220",,,,"Manhattan","40.713264","-73.9834","202","1081965","1002670019","MN0302"
"St. Cecilia Club, Inc.","P.O. Box 421 FDR Station","New York","NY","10150","(646) 638-2535","Music","Manhattan Council District #5","Manhattan Community Board #6","Manhattan",,,,,,
"St. George's Choral Society Since 1817","P.O. Box 3932","New York","NY","10163","(609) 498-5034","Music","Manhattan Council District #2","Manhattan Community Board #6","Manhattan",,,,,,
"St. George Theatre Restoration, Inc.","35 Hyatt Street","Staten Island","NY","10301","(718) 442-2900","Multi-Discipl, Perf & Non-Perf","Staten Island Council Dist #49","Staten Island Community Board #1","Staten Island","40.641861","-74.077295","3","5135204","5000080150","SI0101"
"St. Luke's Chamber Ensemble, Inc.","450 West 37th Street","New York","NY","10018","(212) 594-6100","Music","Manhattan Council District #3","Manhattan Community Board #4","Manhattan","40.756058","-73.996759","111","1087066","1007347502","MN0401"
"St. Mark's Historic Landmark Fund","232 East 11th Street","New York","NY","10003","(212) 228-2781","Multi-Discipline, Non-Perform","Manhattan Council District #2","Manhattan Community Board #3","Manhattan","40.730817","-73.987433","4002","1006817","1004660025","MN0303"
"St. Nicks Alliance","2 Kingsland Avenue","Brooklyn","NY","11211","(718) 388-5454","Multi-Discipl, Perf & Non-Perf","Brooklyn Council District #34","Brooklyn Community Board #1","Brooklyn","40.715895","-73.940025","44901","3389465","3028850010","BK0104"
"St. Paul Community Baptist Church","859 Hendrix Street","Brooklyn","NY","11207","(718) 257-1300","Theater","Brooklyn Council District #42","Brooklyn Community Board #5","Brooklyn","40.660158","-73.88427","1104","3097692","3043540024","BK0503"
"St. Raymond Community Outreach, Inc.","71 Metropolitan Oval, 2nd Floor","Bronx","NY","10462","(718) 824-0353","Multi-Discipl, Perf & Non-Perf","Bronx Council District #18","Bronx Community Board #9","Bronx","40.838277","-73.860617","21602","2096605","2039377501","BX0904"
"Stage Aurora NY","24-54 29th Street #2A","Astoria","NY","11102","(904) 252-6879","Theater","Queens Council District #22","Queens Community Board #1","Queens","40.772011","-73.917597","125","4017475","4008410056","QN0101"
"Stage Directors and Choreographers Workshop Foundation","321 West 44th Street","New York","NY","10036","(646) 524-2226","Theater","Manhattan Council District #3","Manhattan Community Board #4","Manhattan","40.75889","-73.989669","12101","1080878","1010350017","MN0402"
"stageFARM, Inc.","268 West 12th Street","New York","NY","10014","(917) 751-2906","Theater","Manhattan Council District #3","Manhattan Community Board #2","Manhattan","40.737575","-74.003219","77","1078158","1006150112","MN0203"
"Stages on the Sound, Inc.","19 Prospect Park Southwest","Brooklyn","NY","11215","(646) 535-3154","Theater","Brooklyn Council District #39","Brooklyn Community Board #7","Brooklyn","40.660264","-73.978371","169","3026737","3011060025","BK0701"
"St Albans Cycle of Life, Inc.","190- 04 119th Avenue","St. Albans","NY","11412","(212) 470-6559","Multi-Discipline, Performing","Queens Council District #27","Queens Community Board #12","Queens","40.688997","-73.75968","394","4272513","4126460001","QN1205"
"Standby Program, Inc.","14362 Sanford Ave","Flushing","NY","11355","(212) 206-7858","Film/Video/Audio","Manhattan Council District #3","Queens Community Board #7","Queens","40.758588","-73.821666","857","4117073","4051830035","QN0707"
"Staret...The Directors Company","101 E. 15th ST 2nd FL","New York","NY","10003","(212) 246-5877","Theater","Manhattan Council District #3","Manhattan Community Board #4","Manhattan","40.735233","-73.989619","50","1017788","1008710001","MN0602"
"Statement Arts","2 River Terrace","New York","NY","10282","(800) 804-0081","Multi-Discipl, Perf & Non-Perf","Manhattan Council District #6","Manhattan Community Board #1","Manhattan","40.715534","-74.016651","31703","1087518","1000167516","MN0101"
"Staten Island Ballet Theater, Inc.","3081 Richmond Rd., Staten Island NY","Staten Island","NY","10306","(718) 980-0500","Dance","Staten Island Council Dist #50","Staten Island Community Board #2","Staten Island","40.575849","-74.124267","181","5023603","5009500133","SI0203"
"Staten Island Chamber Music Players, Inc.","27 Storer Avenue","Staten Island","NY","10309","(718) 356-2094","Music","Staten Island Council Dist #51","Staten Island Community Brd #3","Staten Island","40.539114","-74.235471","22602",,,"SI0305"
"Staten Island Children's Museum","1000 Richmond Terrace, Building M","Staten Island","NY","10301","(718) 273-2060","Museum","Staten Island Council Dist #49","Staten Island Community Brd #1","Staten Island","40.645075","-74.104753","9702","5000000","5000760200","SI0191"
"Staten Island Community Job Center, Inc.","774 Port Richmond Ave","Staten Island","NY","10302","(718) 442-7700","Folk Arts","Staten Island Council Dist #49","Staten Island Community Brd #1","Staten Island","40.625234","-74.144615","247","5150918","5011400004","SI0106"
"Staten Island Historical Society","441 Clarke Avenue","Staten Island","NY","10306","(718) 351-1611","Folk Arts","Staten Island Council Dist #50","Staten Island Community Brd #2","Staten Island","40.571061","-74.145848","279","5121947","5044410001","SI0203"
"Staten Island Institute of Arts and Sciences","1000 Richmond Terrace","New York","NY","10301","(718) 727-1135","Museum","Staten Island Council Dist #49","Staten Island Community Brd #1","Staten Island","40.645075","-74.104753","9702","5000000","5000760200","SI0191"
"Staten Island MakerSpace","450 Front Street","Staten Island","NY","10304","(718) 273-3951","Multi-Discipline, Non-Perform","Staten Island Council Dist #49","Staten Island Community Board #1","Staten Island","40.626437","-74.074056","6","5106813","5004940030","SI0103"
"Staten Island Philharmonic Orchestra, Inc.","14 Brentwood Ave.","Staten Island","NY","10301","(917) 783-2957","Music","Staten Island Council Dist #49","Staten Island Community Board #1","Staten Island","40.638956","-74.102978","67","5002259","5001010103","SI0104"
"Staten Island Shakespearean Theatre Co. Inc.","126 Galloway Avenue","Staten Island","NY","10302","(718) 447-2245","Theater","Staten Island Council Dist #49","Staten Island Community Board #1","Staten Island","40.622977","-74.142878","251","5028732","5014350178","SI0105"
"Staten Island Zoological Society, Inc.","614 Broadway","Staten Island","NY","10310","(718) 442-3101","Zoo","Staten Island Council Dist #49","Staten Island Community Brd #1","Staten Island","40.625592","-74.114611","125","5106733","5003140070","SI0104"
"Stecher and Horowitz Foundation","119 West 57th Street, Suite 1401","New York","NY","10019","(212) 581-8380","Music","Manhattan Council District #3","Manhattan Community Board #4","Manhattan","40.764655","-73.977972","137","1023725","1010100021","MN0502"
"Stefanie Nelson Dance Group","468 Riverside Drive","New York","NY","10027","(347) 831-3384","Dance","Manhattan Council District #7","Manhattan Community Board #9","Manhattan","40.810679","-73.964468","205","1059826","1019900040","MN0901"
"Stella Adler Studio of Acting","65 Broadway, 2nd Fl.","New York","NY","10006","(212) 689-0087","Multi-Discipline, Performing","Manhattan Council District #3","Manhattan Community Board #1","Manhattan","40.707113","-74.012234","13","1000809","1000210004","MN0101"
"STEM From Dance, Inc.","495 Flatbush Ave, Ofc 61","Brooklyn","NY","11225","(516) 521-9740","Dance","Brooklyn Council District #40","Brooklyn Community Board #9","Brooklyn","40.662162","-73.961739","327","3029735","3011970006","BK0902"
"Stephen Petronio Dance Company, Inc.","140 Second Avenue","New York","NY","10003","(212) 473-1660","Dance","Manhattan Council District #2","Manhattan Community Board #3","Manhattan","40.728956","-73.987401","38","1006362","1004500006","MN0303"
"Stolen Chair Theatre Company, Inc.","64 East 94th St","New York","NY","10128","(212) 410-2830","Theater","Manhattan Council District #4","Manhattan Community Board #8","Manhattan","40.78564","-73.954461","16001","1047126","1015050044","MN0802"
"Storefront for Art and Architecture","97 Kenmare Street","New York","NY","10012","(212) 431-5795","Architecture/Design","Manhattan Council District #1","Manhattan Community Board #2","Manhattan","40.721318","-73.996984","41","1066730","1004817501","MN0201"
"Storm Theatre, Inc.","32 West 72 Street, Suite 2B","New York","NY","10023","(917) 841-6636","Theater","Manhattan Council District #6","Manhattan Community Board #7","Manhattan","40.776949","-73.977719","157","1028622","1011240051","MN0701"
"Story Collider, Inc.","121 West 36th Street","New York","NY","10018","(917) 975-3706","Multi-Discipline, Performing","Manhattan Council District #3","Manhattan Community Board #5","Manhattan","40.75157","-73.987985","109","1015240","1008120022","MN0502"
"StoryCorps, Inc.","80 Hanson Pl","Brooklyn","NY","11217","(646) 723-7020","Film/Video/Audio","Brooklyn Council District #35","Brooklyn Community Board #2","Brooklyn","40.685488","-73.974421","35","3057479","3020030034","BK0203"
"Storyline, Inc.","1296 Willoughby Ave","Brooklyn","NY","11237","(908) 787-7017","Film/Video/Audio","Brooklyn Council District #34","Brooklyn Community Board #4","Brooklyn","40.705122","-73.92194","445","3072971","3032100027","BK0401"
"Storyville Center for the Spoken Word","75 Broad Street","New York","NY","10004","(212) 742-0552","Multi-Discipline, Performing","Manhattan Council District #3","Manhattan Community Board #4","Manhattan","40.704541","-74.011552","9","1000849","1000290070","MN0101"
"Strange Sun Theater, Inc.","65 west 90th street","New York, NY 10024","NY","10024","(646) 801-7143","Theater","Manhattan Council District #6","Manhattan Community Board #7","Manhattan","40.788816","-73.969712","177","1031595","1012040001","MN0702"
"Streb, Inc.","51 North 1st Street","Brooklyn","NY","11249","(718) 384-6491","Dance","Brooklyn Council District #33","Brooklyn Community Board #1","Brooklyn","40.716767","-73.964713","555","3062433","3023630038","BK0102"
"Street Lab, Inc.","62 Degraw St","Brooklyn","NY","11231","(212) 941-5084","Visual Arts","Manhattan Council District #1","Brooklyn Community Board #6","Brooklyn","40.686264","-74.004237","51","3004050","3003290005","BK0601"
"Strike Anywhere Inc.","85 South Oxford St.","Brooklyn","NY","11217","(646) 298-4116",,,"Brooklyn Community Board #2","Brooklyn","40.686942","-73.97357","181","3059350","3021180011","BK0203"
"String Orchestra of New York City","251 Seaman Avenue","New York","NY","10034","(212) 543-0475","Music","Manhattan Council District #7","Manhattan Community Board #12","Manhattan","40.871766","-73.918157","307","1065036","1022430366","MN1203"
"Studio in a School Association, Inc.","75 West End Avenue","New York","NY","10023","(212) 765-5900","Visual Arts","Manhattan Council District #6","Manhattan Community Board #7","Manhattan","40.77422","-73.989237","15102","1088686","1011710063","MN0701"
"Studio Museum in Harlem","144 West 125th Street","New York","NY","10027","(212) 864-4500","Visual Arts","Manhattan Council District #9","Manhattan Community Board #10","Manhattan","40.808523","-73.947278","222","1057819","1019090009","MN1001"
"Stuttering Association for the Young, Inc.","333 W 39th St","New York","NY","10018","(212) 414-9696","Theater","Manhattan Council District #3","Manhattan Community Board #4","Manhattan","40.755792","-73.99225","115","1013681","1007630018","MN0402"
"Sugar Hill Children's Museum of Art & Storytelling","898 St. Nicholas Avenue","New York","NY","10032","(212) 568-2030","Museum","Manhattan Council District #9","Manhattan Community Board #9","Manhattan","40.8307","-73.941435","23501","1089726","1020697501","MN0903"
"Sukkahwood Inc.","56 Bennett Avenue","New York","NY","10033","(646) 883-5397","Multi-Discipl, Perf & Non-Perf","Manhattan Council District #10","Manhattan Community Board #12","Manhattan","40.852078","-73.935857","273","1064402","1021800067","MN1202"
"Summertime Gallery Inc","145 Ainslie St","Brooklyn","NY","11211","(646) 470-8243","Visual Arts","Brooklyn Council District #34","Brooklyn Community Board #1","Brooklyn","40.712677","-73.948548","503","3322947","3027680038","BK0104"
"Sundog Theatre, Inc.","157 Benziger Ave","STATEN ISLAND","NY","10301","(718) 816-5453","Theater","Staten Island Council Dist #49","Staten Island Community Board #1","Staten Island","40.639696","-74.083688","11","5000855","5000390068","SI0101"
"Sunnyside District Management Association","4556 43rd Street","Sunnyside","NY","11104","(718) 606-1800","Multi-Discipline, Performing","Queens Council District #26","Queens Community Board #2","Queens","40.741883","-73.921813","18102","4002006","4001690001","QN0202"
"Sunset Park School of Music, Inc.","4520 4th Avenue","Brooklyn","NY","11220","(718) 748-7860","Music","Brooklyn Council District #38","Brooklyn Community Board #7","Brooklyn","40.649111","-74.009845","80","3324372","3007460039","BK0702"
"Sunset Spark, Inc.","254 36th St","Brooklyn","NY","11232","(718) 902-1377","Science","Brooklyn Council District #38","Brooklyn Community Board #7","Brooklyn","40.655951","-74.007158","2","3398687","3006950020","BK0702"
"Super Happy Healthy Kids","412 E 65th St, #2E","New York","NY","10065","(917) 369-0032","Other","Manhattan Council District #1","Manhattan Community Board #1","Manhattan","40.762962","-73.958299","116","1078415","1014590030","MN0801"
"Superhero Clubhouse, Inc.","1716 Caton Avenue","Brooklyn","NY","11226","(703) 231-0872","Theater","Brooklyn Council District #40","Brooklyn Community Board #14","Brooklyn","40.651093","-73.96411","506","3116491","3050780006","BK1402"
"Sweet Jane Productions, Inc.","37 Grand Avenue","Brooklyn","NY","11205","(917) 913-9610","Theater","Brooklyn Council District #35","Brooklyn Community Board #2","Brooklyn","40.696728","-73.964666","211","3334520","3018780006","BK0203"
"Sweet Serenity Success, Inc.","2575 Bedford Ave","Brooklyn","NY","11226","(718) 826-2500","Multi-Discipline, Non-Perform","Brooklyn Council District #45","Brooklyn Community Board #17","Brooklyn","40.640936","-73.954307","79002","3119746","3051900046","BK1701"
"Swiss Institute","38 Saint Marks Pl","New York","NY","10003","(212) 925-2035","Visual Arts","Manhattan Council District #1","Manhattan Community Board #3","Manhattan","40.72844","-73.987322","38","1006313","1004490007","MN0303"
"Sybarite Chamber Players LTD","3299 Cambridge Ave","Bronx","NY","10463","(646) 457-2372","Music","Bronx Council District #11","Bronx Community Board #8","Bronx","40.884793","-73.908308","295","2084073","2057850268","BX0803"
"Sylvan Winds, Inc.","444 CENTRAL PARK W","New York","NY","10025","(212) 662-0433","Music","Manhattan Council District #8","Manhattan Community Board #7","Manhattan","40.797011","-73.960791","189","1055495","1018400029","MN0703"
"Sympho, Inc.","235 West 108th Street","New York","NY","10025","(917) 412-1848",,,,"Manhattan","40.802393","-73.966282","195","1056675","1018800010","MN0703"
"Symphony Space, Inc.","2537 Broadway","New York","NY","10025","(212) 864-1414","Multi-Discipline, Performing","Manhattan Council District #6","Manhattan Community Board #7","Manhattan","40.793842","-73.972393","183","1033687","1012420055","MN0702"
"Synagogue for the Arts","49 White Street","New York","NY","10013","(212) 966-7141","Visual Arts","Manhattan Council District #1",,"Manhattan","40.718526","-74.004156","33","1001933","1001750022","MN0102"
"Synapse Productions","220 East 4th Street","New York","NY","10009","(212) 674-2716","Theater","Manhattan Council District #2","Manhattan Community Board #3","Manhattan","40.723658","-73.983433","32","1081927","1003990020","MN0303"
"SYREN Modern Dance, Inc.","470 Lenox Avenue, 17H","New York","NY","10037","(917) 650-5134","Dance","Queens Council District #26","Manhattan Community Board #10","Manhattan","40.813008","-73.94165","212","1053898","1017300075","MN1002"
"Syrian Music Preservation Initiative Corp","2568 36th St","Astoria","NY","11103","(914) 433-6953","Music","Queens Council District #22","Queens Community Board #1","Manhattan",,,,,,
"T.O.A.S.T.","315 Broadway #3R","New York","NY","10007","(917) 291-1316","Visual Arts","Manhattan Council District #1","Manhattan Community Board #1","Manhattan","40.715625","-74.005101","33","1001657","1001510029","MN0102"
"T. Schreiber Studio, Inc.","151 West 26th Street","New York","NY","10001","(212) 741-0209","Theater","Manhattan Council District #3","Manhattan Community Board #5","Manhattan","40.745428","-73.992872","95","1015034","1008020008","MN0501"
"TADA! Theater and Dance Alliance, Inc.","15 West 28th Street","New York","NY","10001","(212) 252-1619","Theater","Manhattan Council District #3","Manhattan Community Board #5","Manhattan","40.74515","-73.988383","76","1015728","1008300030","MN0501"
"Taiwanese American Arts Council Corp.","47-40 190th St","Flushing","NY","11358","(917) 412-2831","Multi-Discipline, Non-Perform","Queens Council District #20","Queens Community Board #11","Queens","40.750011","-73.789012","1417","4126783","4056070022","QN1101"
"Taiwanese American Association of New York","137-44 Northern Blvd","Flushing","NY","11354","(212) 300-6672","Multi-Discipl, Perf & Non-Perf","Queens Council District #20","Queens Community Board #7","Manhattan",,,,,,
"Taiwanese American Council of Greater New York, Inc.","120 E 36 St","New York","NY","10016","(212) 300-6672","Multi-Discipl, Perf & Non-Perf","Manhattan Council District #4","Manhattan Community Board #6","Manhattan","40.747959","-73.979457","80","1018931","1008910077","MN0603"
"TAK Ensemble Music Inc","409 Woodward Ave","Queens","NY","11385",,,,"Queens Community Board #5","Queens","40.708672","-73.912085","591","4080712","4033860006","QN0502"
"Take Wing and Soar Productions, Inc.","45 Tiemann Place, Ste. 3G","New York","NY","10027","(212) 696-6575","Theater","Manhattan Council District #9","Manhattan Community Board #9","Manhattan","40.815436","-73.959465","211","1059883","1019950016","MN0901"
"Talea Ensemble, Inc.","520 Clinton Avenue","Brooklyn","NY","11238","(973) 945-3929","Music","Bronx Council District #17","Brooklyn Community Board #2","Brooklyn","40.682648","-73.966739","199","3057525","3020100010","BK0204"
"Talking Band, Inc.","93 MERCER ST APT 6W","New York","NY","10012","(413) 299-9993","Theater","Manhattan Council District #1","Manhattan Community Board #2","Manhattan","40.723097","-73.999899","49","1007267","1004850022","MN0201"
"Talujon, Inc.","37-56 87th St","Jackson Heights","NY","11372","(347) 661-4134","Music","Manhattan Council District #6","Queens Community Board #3","Queens","40.748889","-73.879427","279","4445458","4014740012","QN0301"
"Tamarind Art Council","142 East 39th Street","New York","NY","10016","(212) 200-8000","Dance","Manhattan Council District #4","Manhattan Community Board #6","Manhattan","40.749364","-73.977032","80","1019153","1008940057","MN0603"
"Tamar Rogoff Performance Projects, Inc.","170 Avenue C","New York","NY","10009","(212) 533-8589","Dance","Manhattan Council District #2","Manhattan Community Board #3","Manhattan","40.726196","-73.977281","28","1078025","1003820100","MN0303"
"Tamizdat, Incorporated","20 Jay St","Brooklyn","NY","11201","(917) 757-1162","Multi-Discipline, Performing","Brooklyn Council District #33","Brooklyn Community Board #2","Brooklyn","40.704313","-73.986587","21","3000010","3000190001","BK0202"
"Tank, Ltd.","312 West 36th Street","New York","NY","10018","(212) 563-6269","Multi-Discipline, Performing","Manhattan Council District #4","Manhattan Community Board #5","Manhattan","40.753755","-73.9932","111","1080495","1007590049","MN0401"
"Tapestry Choir, Inc.","542 Eastern Parkway","Brooklyn","NY","11225","(860) 839-4548",,,"Brooklyn Community Board #9","Brooklyn","40.669253","-73.950423","319","3032927","3012690004","BK0901"
"Target Margin Theater, Inc.","232 52nd Street","Brooklyn","NY","11220","(718) 398-3095","Theater","Brooklyn Council District #35","Brooklyn Community Board #2","Brooklyn","40.647469","-74.017269","20","3388020","3008050121","BK0702"
"Tea Arts and Culture, Inc.","1350 Pacific Steet Apt 1","Brooklyn","NY","11216","(347) 840-3016",,,"Brooklyn Community Board #8","Brooklyn",,,,,,
"Teachers & Writers Collaborative, Inc.","20 West 20th Street","New York","NY","10011","(212) 691-6590","Literature","Manhattan Council District #3","Manhattan Community Board #5","Manhattan","40.740048","-73.991855","54","1015480","1008210055","MN0501"
"Teachers College Columbia University","525 West 120th Street, Box 21","New York","NY","10027","(212) 678-3000",,,,"Manhattan","40.809716","-73.96009","203","1088704","1019750001","MN0901"
"Team Unity Incorporated","246 Lenox Avenue","New York","NY","10027","(845) 625-8287","Museum","Manhattan Council District #9","Manhattan Community Board #10","Manhattan","40.806173","-73.946641","200","1053442","1017210103","MN1001"
"Teatro Circulo, Ltd.","64 E 4th St","New York","NY","10003","(347) 967-4761","Theater","Manhattan Council District #2","Manhattan Community Board #6","Manhattan","40.72667","-73.99058","38","1077965","1004590018","MN0303"
"Teatro Experimental Blue Amigos, Inc.","P.O. Box 240572,","Brooklyn","NY","11224","(718) 896-4702","Theater","Brooklyn Council District #38","Brooklyn Community Board #8","Brooklyn",,,,,,
"Teatro Grattacielo, Inc.","420 West 25th street","New York","NY","10001","(646) 309-1398",,,"Manhattan Community Board #1","Manhattan","40.74811","-74.001223","93","1087713","1007227501","MN0401"
"Teatro Nuovo, Inc.","820 West End Avenue","New York","NY","10023","(917) 273-6232","Music","Manhattan Council District #6","Manhattan Community Board #7","Manhattan","40.797662","-73.971438","187","1056468","1018710061","MN0703"
"Tech Kids Unlimited, Inc.","The Ability Project, NYU Tandon School of Engineering","Brooklyn","NY","11201","(917) 334-7880","New Media","Brooklyn Council District #33","Brooklyn Community Board #2","Brooklyn",,,,,,
"TechLINC Project, Inc.","1513 Popham Avenue","Bronx","NY","10453","(646) 633-4844","Multi-Discipline, Non-Perform","Bronx Council District #16","Bronx Community Board #5","Bronx","40.848019","-73.921804","20501","2099086","2028770197","BX0501"
"Tectonic Theater Project, Inc.","130 W 56th St","New York","NY","10019","(212) 579-6111","Theater","Manhattan Council District #8","Manhattan Community Board #5","Manhattan","40.764151","-73.978889","137","1023391","1010080015","MN0502"
"Teen Art Salon Inc.","2728 Thomson Avenue WS6","Long Island City","NY","11101",,,,"Queens Community Board #2","Queens","40.746196","-73.942029","1901","4000697","4000827501","QN0201"
"Temple of Understanding","211 East 43rd Street,","New York","NY","10017","(212) 573-9224","Multi-Discipline, Non-Perform","Manhattan Council District #4","Manhattan Community Board #6","Manhattan","40.751238","-73.973458","88","1037556","1013170007","MN0603"
"Temporary Distortion Theater Corp.","165 Avenue C","New York","NY","10009","(718) 729-5914","Theater","Queens Council District #22","Manhattan Community Board #3","Manhattan","40.726029","-73.977433","28","1004895","1003930038","MN0303"
"TENET NYC, Inc.","207 West 98th Street, 8A","New York","NY","10025","(212) 222-4066","Music","Manhattan Council District #6","Manhattan Community Board #7","Manhattan","40.795551","-73.969839","187","1082690","1018707502","MN0703"
"Ten O'Clock Classics, Inc.","230 Central Park South","New York","NY","10019","(212) 629-6004","Music","Manhattan Council District #4","Manhattan Community Board #5","Manhattan","40.767236","-73.97996","137","1024921","1010300048","MN0502"
"Ten Penny Players, Inc.","393 Saint Pauls Avenue","Staten Island","NY","10304","(718) 442-7429","Multi-Discipl, Perf & Non-Perf","Staten Island Council Dist #49","Staten Island Community Brd #1","Staten Island","40.628932","-74.082853","33","5013644","5005190080","SI0104"
"Terra Incognita, Inc.","7 East 14th Street","New York","NY","10003","(212) 627-6361","Theater","Manhattan Council District #2","Manhattan Community Board #2","Manhattan","40.735859","-73.993245","52","1016062","1008420007","MN0501"
"terraNOVA Theatre Collective, Inc.","401 West 24th Street, Apt. 8","New York","NY","10011","(212) 691-2627","Multi-Discipline, Performing","Manhattan Council District #3","Manhattan Community Board #4","Manhattan","40.747335","-74.00127","93","1012799","1007220037","MN0401"
"Terreform ONE","New Lab (building 128)","New York","NY","11205","(646) 369-0659","Multi-Discipline, Non-Perform","Brooklyn Council District #33","Brooklyn Community Board #2","Brooklyn",,,,,,
"Territorial Empathy, Inc.","31 Ainslie Street","Brooklyn","NY","11211","(504) 472-8537","Architecture/Design","Brooklyn Council District #34","Brooklyn Community Board #1","Brooklyn","40.713047","-73.953255","513","3418393","3023710050","BK0102"
"test","59 maiden ln","new york","NY","10038","(212) 555-5555","Photography","Brooklyn Council District #33","Brooklyn Community Board #1","Bronx",,,,,,
"TFI Digital Archive","1220 Park Ave","New York","NY","10128","(212) 882-1262",,,"Manhattan Community Board #8","Manhattan","40.785977","-73.95298","16001","1047431","1015070033","MN0802"
"ThaiLinks","628 Tenth Avenue","New York","NY","10036","(917) 648-1933","Film/Video/Audio",,"Manhattan Community Board #2","Manhattan","40.761312","-73.994235","12102","1026430","1010540063","MN0402"
"Thalia Spanish Theatre, Inc.","41-17 Greenpoint Avenue","Sunnyside","NY","11104","(718) 729-3880","Multi-Discipline, Performing","Queens Council District #26","Queens Community Board #2","Queens","40.740108","-73.9238","18502","4002638","4001960001","QN0202"
"Theater Breaking Through Barriers Corp.","400 West 43rd Street","New York","NY","10036","(212) 243-4337","Theater","Manhattan Council District #3","Manhattan Community Board #4","Manhattan","40.759302","-73.992636","12102","1083745","1010520001","MN0402"
"Theater et al","38-33 24th Street","Long Island City","NY","11101","(718) 482-7069","Multi-Discipl, Perf & Non-Perf","Queens Council District #26","Queens Community Board #1","Queens","40.755808","-73.936939","3302","4004729","4003880030","QN0105"
"Theater for Personal Growth","66 West 38th Street","New York","NY","10018","(212) 731-0668","Theater","Manhattan Council District #3","Manhattan Community Board #4","Bronx",,,,,,
"Theater for the New City Foundation, Inc.","155 First Avenue","New York","NY","10003","(212) 254-1109","Theater","Manhattan Council District #2","Manhattan Community Board #3","Manhattan","40.728505","-73.984634","4001","1006416","1004517502","MN0303"
"Theater Garden, Ltd.","304 Windsor Place","Brooklyn","NY","11218","(212) 501-6920","Theater","Brooklyn Council District #39","Brooklyn Community Board #7","Brooklyn","40.656711","-73.974483","171","3121888","3052570033","BK0701"
"Theater Labrador, Inc.","85 Broad Street","New York","NY","10004","(646) 336-8077","Theater","Manhattan Council District #3","Manhattan Community Board #1","Manhattan","40.704215","-74.011559","9","1066031","1000290001","MN0101"
"Theater Mitu, Inc.","580 Sackett Street","Brooklyn","NY","11217","(262) 501-3503","Multi-Discipline, Performing","Manhattan Council District #1","Brooklyn Community Board #6","Brooklyn","40.679286","-73.985806","11901","3336223","3004330024","BK0601"
"Theater Resources Unlimited","1441 Broadway","New York","NY","10018","(212) 864-3753","Multi-Discipl, Perf & Non-Perf","Manhattan Council District #9","Manhattan Community Board #5","Manhattan","40.754707","-73.986753","113","1022569","1009930055","MN0502"
"Theater Talk Productions, Inc.","426 Broome Street","New York","NY","10013","(212) 965-0997","Theater","Manhattan Council District #1","Manhattan Community Board #2","Manhattan","40.721304","-73.998734","45","1081554","1004820001","MN0201"
"Theater Three Collaborative, Inc.","372 DeKalb Ave.","Brooklyn","NY","11205","(718) 789-5404","Theater","Brooklyn Council District #35","Brooklyn Community Board #2","Manhattan",,,,,,
"TheaterTweed, Inc.","332 Bleecker Street, #G-36","New York","NY","10014","(212) 777-0536","Theater","Manhattan Council District #8","Manhattan Community Board #2","Manhattan","40.733529","-74.004352","73","1011145","1006190033","MN0203"
"Theatre Askew","PO Box 1603","New York","NY","10276","(646) 338-3057","Theater","Manhattan Council District #2","Manhattan Community Board #3","Manhattan",,,,,,
"Theatre Communications Group, Inc.","520 8th Ave","New York","NY","10018","(212) 609-5900","Theater","Manhattan Council District #3","Manhattan Community Board #5","Manhattan","40.753612","-73.992417","109","1083624","1007860001","MN0502"
"Theatre Development Fund, Inc.","520 Eighth Avenue, Suite 801","New York","NY","10018","(212) 221-0885","Theater","Manhattan Council District #3","Manhattan Community Board #5","Manhattan","40.753612","-73.992417","109","1083624","1007860001","MN0502"
"Theatre East","44-02 23rd St","Long Island City","NY","11101","(347) 776-9287","Theater","Queens Council District #26","Queens Community Board #2","Queens","40.748914","-73.94438","1903","4005192","4004390039","QN0201"
"Theatre for a New Audience","154 Christopher Street, Suite 3D","New York","NY","10014","(212) 229-2819","Theater","Manhattan Council District #3","Manhattan Community Board #2","Manhattan","40.73273","-74.008129","69","1010421","1006040033","MN0203"
"Theatre Lab, Inc.","357 W 36th St.","New York","NY","10018","(212) 929-2545","Music","Manhattan Council District #3","Manhattan Community Board #4","Manhattan","40.754151","-73.994077","111","1013589","1007600010","MN0401"
"TheatreMoves, Inc.","275 East 7th Street #4","New York","NY","10009","(212) 529-8068","Theater","Manhattan Council District #2","Manhattan Community Board #3","Manhattan","40.723484","-73.977419","2602","1004511","1003770050","MN0303"
"Theatre Museum","40 Worth St.","New York","NY","10013","(212) 764-4112","Museum","Manhattan Council District #3","Manhattan Community Board #5","Queens",,,,,,
"Theatre Now New York, Inc.","520 8th Ave","New York","NY","10018","(212) 845-9824","Theater","Manhattan Council District #3","Manhattan Community Board #5","Manhattan","40.753612","-73.992417","109","1083624","1007860001","MN0502"
"Theatre of the Emerging American Moment, Inc.","138 S. Oxford Street","New York","NY","11217","(917) 570-5257","Theater","Brooklyn Council District #35","Brooklyn Community Board #2","Brooklyn","40.685073","-73.973221","179","3000000","3020040048","BK0203"
"Theatre of the Oppressed NYC","758 Eighth Avenue","New York","NY","10036","(646) 504-4582","Theater","Brooklyn Council District #33","Manhattan Community Board #5","Manhattan","40.76007","-73.987709","125","1024736","1010187502","MN0502"
"Theatre Rehabilitation for Youth, Inc.","58 Farragut Avenue","New York","NY","10303","(718) 983-1990","Theater","Staten Island Council Dist #49","Staten Island Community Brd #1","Staten Island","40.621298","-74.165082","30302","5119167","5016517501","SI0107"
"Theatre-Studio, Inc.","123 East 24th Street","New York","NY","10010","(212) 719-0500","Theater","Manhattan Council District #2","Manhattan Community Board #5","Manhattan","40.740418","-73.984829","68","1018069","1008800014","MN0602"
"Theatreworks/USA Corp.","158 West 29th Street","New York","NY","10001","(212) 647-1100","Theater","Manhattan Council District #3","Manhattan Community Board #4","Manhattan","40.747327","-73.991678","95","1015134","1008040071","MN0501"
"Theatron, Inc.","32-15 38th Street","Long Island City","NY","11103","(718) 721-7610","Theater","Queens Council District #26","Queens Community Board #1","Queens","40.758978","-73.920086","155","4010405","4006560031","QN0104"
"Thelma Hill Performing Arts Center","1525 Pacific St","Brooklyn","NY","11213","(718) 875-9710","Dance","Brooklyn Council District #35","Brooklyn Community Board #8","Brooklyn","40.677156","-73.940492","311","3029942","3012040068","BK0802"
"thingNY, Inc.","201 Greene Ave, Apt 4","Brooklkyn","NY","11238","(347) 284-7703","Music","Queens Council District #28","Queens Community Board #9","Queens",,,,,,
"Thin Man Dance, Inc.","John Jasperse Projects/Thin Man Dance, Inc.","New York","NY","10014","(212) 375-0187","Dance","Manhattan Council District #2","Manhattan Community Board #3","Manhattan",,,,,,
"Thresh Inc","521 E 72nd Street","New York","NY","10021","(917) 216-2664","Dance","Manhattan Council District #3","Manhattan Community Board #5","Manhattan","40.766385","-73.952622","124","1046262","1014840014","MN0801"
"Threshold Dance Projects, Inc.","400 West 43rd Street","New York","NY","10036","(212) 719-3301","Dance","Manhattan Council District #3","Manhattan Community Board #4","Manhattan","40.759302","-73.992636","12102","1083745","1010520001","MN0402"
"Tickle the Sleeping Giant","140 2nd Avenue","New York","NY","10003","(646) 246-1799","Dance","Manhattan Council District #1","Manhattan Community Board #2","Manhattan","40.728956","-73.987401","38","1006362","1004500006","MN0303"
"Tiger Strikes Asteroid, Inc.","1329 Willoughby Ave","Brooklyn","NY","11237","(215) 990-3438","Visual Arts","Brooklyn Council District #34","Brooklyn Community Board #4","Brooklyn","40.706025","-73.921062","447","3072801","3032000035","BK0401"
"Time In Children's Arts Initiative","227 West 29th St.","New York","NY","10001","(212) 209-1552","Multi-Discipline, Non-Perform","Manhattan Council District #3","Manhattan Community Board #4","Manhattan","40.748263","-73.993857","95","1014284","1007790023","MN0501"
"Times Square District Management Association","1560 Broadway, Suite 1001","New York","NY","10036","(212) 452-5227","Visual Arts","Manhattan Council District #3","Manhattan Community Board #5","Manhattan","40.75886","-73.984843","125","1022661","1009990003","MN0502"
"Tiny Little Band, Inc.","858 Jefferson Ave.","Brooklyn","NY","11221","(631) 885-5163","Theater","Brooklyn Council District #40","Brooklyn Community Board #3","Brooklyn","40.686395","-73.922885","375","3039844","3014870010","BK0302"
"Titan Productions Incorporated","21-12 30th Road","Astoria","NY","11102","(917) 683-3322","Theater","Queens Council District #22","Queens Community Board #1","Queens","40.768955","-73.928269","79","4006319","4005500007","QN0102"
"Together in Dance, Inc.","34-18 Northern Blvd","Long Island City","NY","11101","(718) 768-3632","Dance","Brooklyn Council District #39","Queens Community Board #1","Queens","40.752021","-73.929345","17102","4003108","4002140249","QN0161"
"TonalMotion, Inc.","882 Third Avenue","Brooklyn","NY","11232","(718) 499-5070","New Media","Brooklyn Council District #38","Brooklyn Community Board #7","Brooklyn","40.657464","-74.004419","1802","3336893","3006790001","BK0702"
"Tong Xiao Ling Chinese Opera Ensemble","30 West 95th Street","New York","NY","10025","(646) 286-3327","Folk Arts","Manhattan Council District #6","Manhattan Community Board #7","Manhattan","40.791439","-73.966259","181","1031688","1012080046","MN0702"
"Topaz Arts, Inc.","55-03 39th Avenue","Woodside","NY","11377","(718) 505-0440","Multi-Discipl, Perf & Non-Perf","Queens Council District #26","Queens Community Board #2","Queens","40.748561","-73.907867","255","4027598","4012080025","QN0203"
"Topical Cream","611 Broadway","New York","NY","10012","(310) 666-5902","Literature","Manhattan Council District #1","Manhattan Community Board #2","Manhattan","40.7256","-73.996641","5501","1008240","1005230048","MN0202"
"Torkomada, Inc.","7920 4th Ave","Brooklyn","NY","11209","(347) 512-0541","Dance","Manhattan Council District #9","Brooklyn Community Board #10","Brooklyn","40.62771","-74.02636","64","3150871","3059790046","BK1001"
"TOSOS II, Inc.","688 10th Ave","New York","NY","10019","(718) 593-7525","Theater","Manhattan Council District #3","Manhattan Community Board #4","Manhattan","40.763565","-73.992589","127","1026580","1010580002","MN0402"
"Town Hall Foundation, Inc.","123 West 43rd Street","New York","NY","10036","(212) 997-1003","Multi-Discipline, Performing","Manhattan Council District #3","Manhattan Community Board #5","Manhattan","40.755843","-73.984382","119","1022615","1009960021","MN0502"
"Town Square, Inc.","102 Oak Street","Brooklyn","NY","11222","(718) 609-1090","Multi-Discipl, Perf & Non-Perf","Brooklyn Council District #33","Brooklyn Community Board #1","Brooklyn","40.727798","-73.956705","561","3065048","3025720010","BK0101"
"Toy Museum of New York","205 Columbia St","BROOKLYN","NY","11231","(718) 243-0820","Museum","Brooklyn Council District #39","Brooklyn Community Board #6","Brooklyn","40.685158","-74.002629","51","3004074","3003300001","BK0601"
"Tradition in Tap, Inc.","P.O. Box 1050","New York","NY","10276","(646) 383-4949","Dance",,"Manhattan Community Board #5","Manhattan",,,,,,
"Traditions Unlimited LTD","385 E. 18th St.","Brooklyn","NY","11226","(805) 450-5252","Folk Arts","Brooklyn Council District #40","Brooklyn Community Board #14","Brooklyn","40.64179","-73.961614","514","3118793","3051610056","BK1401"
"Trail Blazer Camps","495a Flatbush Avenue","Brooklyn","NY","11225","(212) 529-5113","Science","Brooklyn Council District #40","Brooklyn Community Board #9","Brooklyn","40.662162","-73.961739","327","3029735","3011970006","BK0902"
"TRANSBORDERART INC","42-47 27 street","Long Island City","NY","11101","(347) 408-6500","Visual Arts","Queens Council District #26","Queens Community Board #2","Queens","40.749011","-73.940905","1902","4005108","4004310010","QN0201"
"Transforma Theatre, Inc.","316 E 55th St","New York","NY","10022","(917) 702-1530","Theater","Manhattan Council District #3","Manhattan Community Board #6","Manhattan","40.757736","-73.965619","10801","1039959","1013470042","MN0604"
"Transnational Villages Network / Red de Pueblos Trasnacionales","366 East 146th street","New York City","NY","10455","(917) 698-8205",,,"Bronx Community Board #1","Bronx","40.814504","-73.920041","43","2000662","2023070012","BX0101"
"Transport Group","520 8th Avenue","New York","NY","10018","(212) 966-4994","Theater","Manhattan Council District #3","Manhattan Community Board #5","Manhattan","40.753612","-73.992417","109","1083624","1007860001","MN0502"
"Travelled Rhodes International Sculptor Arts Garden, Inc.","290-292 Gates Avenue","Brooklyn","NY","11216","(718) 398-4237","Multi-Discipl, Perf & Non-Perf","Brooklyn Council District #36","Brooklyn Community Board #3","Brooklyn","40.685663","-73.955347","229","3057014","3019860020","BK0301"
"Treehouse Shakers, Inc.","Radio City Station","New York","NY","10101","(917) 749-2909","Multi-Discipline, Performing","Manhattan Council District #6","Manhattan Community Board #4","Manhattan","40.760023","-73.979952","104","1083862","1012660001","MN0502"
"Trestle Gallery","850 3rd Ave","Brooklyn","NY","11232","(718) 858-9069","Visual Arts","Brooklyn Council District #39","Brooklyn Community Board #6","Brooklyn","40.658518","-74.003327","1802","3009889","3006710001","BK0702"
"TRI314 Multidisciplinary Visual Performances, INC.","545 Lexington Ave","Brooklyn","NY","11221","(917) 246-1695","Dance","Brooklyn Council District #36","Brooklyn Community Board #3","Brooklyn","40.688936","-73.940063","279","3050541","3018010053","BK0302"
"Triangle Arts Association","20 JAY ST","New York","NY","11201","(718) 858-1260","Visual Arts","Manhattan Council District #1","Brooklyn Community Board #2","Brooklyn","40.704313","-73.986587","21","3000010","3000190001","BK0202"
"Tribeca Film Institute, Inc.","32 Avenue of the Americas","New York","NY","10013","(212) 941-2427","Film/Video/Audio","Manhattan Council District #1","Manhattan Community Board #1","Manhattan","40.72008","-74.005184","33","1002192","1001920001","MN0102"
"Tribeca New Music, Inc.","640 West 139th Street","New York","NY","10031","(212) 234-4325","Music","Manhattan Council District #7","Manhattan Community Board #9","Manhattan","40.823232","-73.954644","225","1079500","1020870050","MN0903"
"TribecArts, Inc.","88 Greenwich St","New York","NY","10006","(212) 966-7141","Multi-Discipline, Performing","Manhattan Council District #1","Manhattan Community Board #1","Manhattan","40.707731","-74.013706","13","1000794","1000187501","MN0101"
"Tri-Centric Foundation, Inc.","PO Box 22935","New York","NY","11202","(347) 433-8742","Music","Brooklyn Council District #33","Brooklyn Community Board #2","Brooklyn",,,,,,
"Trilok Fusion Arts, Inc.","143 Waverly Ave","Brooklyn","NY","11205","(718) 398-0333","Dance","Brooklyn Council District #35","Brooklyn Community Board #2","Brooklyn","40.693841","-73.967956","191","3255178","3018890001","BK0204"
"Trisha Brown Company, Inc.","315 W 39th St","New York","NY","10018","(212) 977-5365","Dance","Manhattan Council District #1","Manhattan Community Board #4","Manhattan","40.755638","-73.991882","115","1013683","1007630024","MN0402"
"Triskelion Arts - Kick/StanDance, Inc.","106 Calyer Street","Brooklyn","NY","11222","(718) 599-3577","Dance","Brooklyn Council District #33","Brooklyn Community Board #1","Brooklyn","40.727098","-73.956507","561","3337696","3025930016","BK0101"
"Tropicalfete, Inc.","850 New York Avenue","Brooklyn","NY","11203","(646) 504-3383","Other","Manhattan Council District #4","Brooklyn Community Board #17","Brooklyn","40.653104","-73.946918","818","3000000","3048530075","BK1701"
"Trustees of Columbia University in the City of New York","Miller Theatre at Columbia University","New York","NY","10027","(212) 854-1633","Music","Manhattan Council District #9","Manhattan Community Board #9","Manhattan","40.808021","-73.963411","203","1084457","1019730001","MN0901"
"Tug Pegasus Preservation Project","83 Murray Street","New York","NY","10007","(212) 406-2225","Museum","Manhattan Council District #1","Manhattan Community Board #1","Manhattan","40.714821","-74.011107","21","1077396","1001327504","MN0102"
"Tung Ching Chinese Center for the Arts, Inc.","54-17 90th street","elmhurst","NY","11373","(917) 981-7089","Folk Arts","Queens Council District #25","Queens Community Board #4","Queens","40.737256","-73.87322","457","4045945","4018560079","QN0401"
"Twin Lions, Inc.","2576 Broadway","New York","NY","10025","(212) 937-7979","Music","Manhattan Council District #6","Manhattan Community Board #7","Manhattan","40.795417","-73.971208","183","1075313","1018697501","MN0702"
"Two Bridges Neighborhood Council, Inc.","80 Rutgers Slip","New York","NY","10002","(212) 566-2729","Multi-Discipl, Perf & Non-Perf","Manhattan Council District #1","Manhattan Community Board #3","Manhattan","40.710632","-73.989871","6","1084418","1002480070","MN0301"
"Two Chairs Inc","39 Remsen Street","Brooklyn","NY","11201","(718) 852-7815","Multi-Discipline, Performing","Brooklyn Council District #33","Brooklyn Community Board #2","Brooklyn","40.694779","-73.996931","301","3002022","3002470009","BK0201"
"UBW, Inc.","138 South Oxford Street","Brooklyn","NY","11217","(718) 398-7414","Dance","Brooklyn Council District #35","Brooklyn Community Board #2","Brooklyn","40.685073","-73.973221","179","3000000","3020040048","BK0203"
"Udichi School of Performing Arts New York, Inc.","65 PIERPONT PLACE","STATEN ISLAND","NY","10314","(917) 693-5021","Multi-Discipline, Performing","Staten Island Council Dist #50","Staten Island Community Brd #2","Queens",,,,,,
"Ugly Duckling Presse","232 Third Street, E303","Brooklyn","NY","11215","(347) 948-5170","Literature","Brooklyn Council District #38","Brooklyn Community Board #6","Brooklyn","40.674909","-73.987671","11901","3337594","3009800008","BK0601"
"Ujamaa Black Theater, Inc.","300 west 43rd street","new york","NY","10036","(212) 391-8151","Theater","Bronx Council District #12","Bronx Community Board #5","Manhattan","40.758081","-73.989731","12101","1083728","1010330036","MN0402"
"Ukrainian Contemporary Music Festival","47 Fort Washington Ave","New York","NY","10032",,,,"Brooklyn Community Board #8","Brooklyn",,,,,,
"Ukrainian Museum","222 East 6th Street","New York","NY","10003","(212) 228-0110","Museum","Manhattan Council District #2","Manhattan Community Board #3","Manhattan","40.72785","-73.989642","38","1000000","1004610018","MN0303"
"Ukrainian New Wave Corporation","228 Ave. S","Brooklyn","NY","11223","(347) 420-7678","Other","Staten Island Council Dist #50","Brooklyn Community Board #11","Brooklyn","40.6013","-73.976953","410","3190273","3070840001","BK1103"
"Uncle Yao's Chorus, Inc.","140-39 35 Ave.  #4R","Flushing","NY","11354","(516) 318-1205","Multi-Discipline, Performing","Queens Council District #20","Queens Community Board #7","Queens","40.774969","-73.750968","1483","4168268","4080430032","QN1103"
"Underground Development Foundation","140 Essex Street","New York","NY","10002","(718) 594-4702","Multi-Discipline, Non-Perform","Manhattan Council District #1","Manhattan Community Board #3","Manhattan","40.720291","-73.987298","3001","1090736","1003540001","MN0302"
"Underworld Productions Opera Ensemble","10 Park Terrace East  Suite 4-C","New York","NY","10034","(212) 304-1472","Music","Manhattan Council District #7","Manhattan Community Board #12","Manhattan","40.8698","-73.917635","303","1065003","1022430045","MN1203"
"Undiscovered Works, Inc.","463 West 159th Street","New York","NY","10032","(510) 207-5774","Multi-Discipl, Perf & Non-Perf","Manhattan Council District #10","Manhattan Community Board #12","Manhattan","40.833669","-73.94006","24301","1062547","1021090042","MN1201"
"Unheard-of Ensemble","300 Lenox Road 3E","Brooklyn","NY","11226","(678) 739-7988","Multi-Discipline, Performing","Brooklyn Council District #40","Brooklyn Community Board #17","Brooklyn","40.654189","-73.949213","818","3108055","3048530022","BK1701"
"UNIONDOCS, Inc.","352 Onderdonk Ave.","Ridgewood","NY","11385","(718) 395-7902","Film/Video/Audio","Brooklyn Council District #34","Queens Community Board #5","Queens","40.708466","-73.914812","53901","4081697","4034230024","QN0502"
"United Haitian Association of USA","4114 Avenue D","Brooklyn","NY","11203","(646) 639-0936","Music","Brooklyn Council District #40","Brooklyn Community Board #17","Brooklyn","40.641609","-73.937767","834","3112747","3049750006","BK1702"
"United Palace of Cultural Arts","4140 Broadway","New York","NY","10033","(212) 568-1157","Multi-Discipline, Performing","Manhattan Council District #10","Manhattan Community Board #12","Manhattan","40.846299","-73.938407","263","1063557","1021450001","MN1201"
"United Photo Industries, Inc.","20 Jay St","Brooklyn","NY","11201","(718) 801-8099","Visual Arts","Brooklyn Council District #33","Brooklyn Community Board #2","Brooklyn","40.704313","-73.986587","21","3000010","3000190001","BK0202"
"United Senior Citizen of Sunset Park,Inc","475 53rd Street","Brooklyn","NY","11220","(718) 439-8646","Multi-Discipline, Performing","Brooklyn Council District #38","Brooklyn Community Board #7","Brooklyn","40.64386","-74.012767","76","3013917","3008070046","BK0702"
"United Sherpa Association (USA) Inc.","41-01 75th St","Elmhurst","NY","11373","(718) 779-7300","Literature","Queens Council District #25","Queens Community Board #4","Queens","40.744999","-73.890117","267","4442797","4014950028","QN0401"
"United Sports Youth League, INC","PO Box 70041","Staten Island","NY","10307","(760) 397-6729","Multi-Discipl, Perf & Non-Perf","Staten Island Council Dist #49","Staten Island Community Brd #1","Staten Island",,,,,,
"United States Sierra Leonean Association","141 Park Hill Avenue","Staten Island,","NY","10304","(715) 524-4529","Dance","Staten Island Council Dist #49","Staten Island Community Brd #2","Staten Island","40.616535","-74.081105","4003","5109250","5028710001","SI0103"
"Unity Stage Company, Inc.","39-21 46 Street","Sunnyside","NY","11104","(917) 548-1086","Multi-Discipline, Performing","Queens Council District #26","Queens Community Board #2","Queens","40.748758","-73.917565","169","4001449","4001490034","QN0202"
"Universal Communications Network, Inc.","229W 28th Street Suite 1200","New York","NY","10001","(212) 736-8535","Multi-Discipline, Performing","Manhattan Council District #3","Manhattan Community Board #5","Manhattan","40.747665","-73.994348","95","1014255","1007780020","MN0501"
"Universal Hip Hop Museum","585 Exterior St","Bronx","NY","10451","(347) 454-2793","Museum","Bronx Council District #8","Bronx Community Board #4","Bronx","40.819951","-73.930541","6301",,,"BX0401"
"Universal Temple of the Arts, Inc.","425 Jersey Street","New York","NY","10301","(718) 273-5610","Multi-Discipl, Perf & Non-Perf","Staten Island Council Dist #49","Staten Island Community Board #1","Staten Island","40.638082","-74.08744","11","5000919","5000420004","SI0101"
"Universal Theater Alliance, Inc.","100 Summit St.","Brooklyn","NY","11231","(646) 322-1542","Theater","Brooklyn Council District #39","Brooklyn Community Board #6","Manhattan",,,,,,
"University Settlement Society of New York","184 Eldridge Street","New York","NY","10002","(212) 453-0248","Multi-Discipline, Performing","Manhattan Council District #1","Manhattan Community Board #3","Manhattan","40.720653","-73.990674","18","1005483","1004150018","MN0302"
"UnLocal, Inc.","45 West 29th Street","New York","NY","10001","(646) 216-8210","Multi-Discipl, Perf & Non-Perf","Manhattan Council District #3","Manhattan Community Board #5","Manhattan","40.746237","-73.989043","76","1015754","1008310007","MN0501"
"Untitled Theater Company #61","215 W. 95th St, Apt 11G","New York","NY","10025","(212) 866-1073","Theater","Manhattan Council District #6","Manhattan Community Board #7","Manhattan","40.79363","-73.971429","183","1071159","1012437501","MN0702"
"UpBeat NYC, Inc.","287 East 139th Street","Bronx","NY","10454","(718) 766-5291","Music","Bronx Council District #17","Bronx Community Board #1","Bronx","40.811206","-73.925727","39","2000727","2023140086","BX0101"
"UP Theater Company, Inc.","60 Cooper Street","New York","NY","10034","(646) 379-8422","Theater","Manhattan Council District #10","Manhattan Community Board #12","Manhattan","40.868097","-73.922862","295","1064979","1022400029","MN1203"
"Uptown Dance Academy, Inc.","309 E 108th Street","New York","NY","10029","(917) 202-1601","Dance","Manhattan Council District #8","Manhattan Community Board #11","Manhattan","40.791664","-73.940906","170","1074279","1016807501","MN1101"
"Uptown Grand Central","1974 Madison Avenue","New York","NY","10035","(212) 457-1254",,,"Manhattan Community Board #11","Manhattan","40.806617","-73.940019","206","1054088","1017510014","MN1102"
"Uptown Stories","178 Bennett Avenue","New York","NY","10040","(917) 596-4795","Literature","Manhattan Council District #10","Manhattan Community Board #12","Manhattan","40.855958","-73.934144","281","1064455","1021800466","MN1202"
"Urban Archive, Inc.","162 Clinton Street","Brooklyn","NY","11201","(917) 573-6969","Multi-Discipline, Non-Perform","Manhattan Council District #1","Brooklyn Community Board #2","Brooklyn","40.691633","-73.9937","7","3002587","3002670034","BK0201"
"Urban Arts Partnership","39 West 19th Street","New York","NY","10011","(212) 966-5881","Multi-Discipl, Perf & Non-Perf","Manhattan Council District #1","Manhattan Community Board #5","Manhattan","40.739666","-73.992725","54","1015465","1008210014","MN0501"
"Urban Ballet Theater","5 West 102nd Street","New York","NY","10025","(212) 663-7140","Dance","Manhattan Council District #8","Manhattan Community Board #7","Manhattan","40.795648","-73.962276","189","1055399","1018380027","MN0703"
"Urban Divers Marine Conservation & Scientific Diving, Inc.","c/o UDEC","Brooklyn","NY","11231","(718) 901-3331","Other","Bronx Council District #16","Bronx Community Board #5","Bronx",,,,,,
"UrbanGlass: New York Contemporary Glass Center, Inc.","647 Fulton St","Brooklyn","NY","11217","(718) 625-3685","Visual Arts","Brooklyn Council District #35","Brooklyn Community Board #2","Brooklyn","40.688236","-73.979212","33","3058597","3020950001","BK0203"
"Urban Word NYC","PO Box 1813","New York","NY","10113","(212) 334-6414","Literature","Manhattan Council District #3","Manhattan Community Board #5","Manhattan",,,,,,
"Urbanworld Foundation Inc.","174 West 4th Street, #119","New York","NY","11014","(908) 405-2352",,,"Manhattan Community Board #2","Manhattan","40.73219","-74.001559","67","1080167","1005900028","MN0203"
"Urzone, Inc.","633 Vanderbilt St","Brooklyn","NY","11218","(718) 686-0048","Humanities","Brooklyn Council District #39","Brooklyn Community Board #7","Brooklyn","40.653912","-73.975194","50202","3122201","3052680041","BK0701"
"USA Bangladesh Organization INC","122 E 116th Street","NYC","NY","10029","(646) 251-9220","Other","Manhattan Council District #8","Manhattan Community Board #8","Manhattan","40.798906","-73.942312","182","1052265","1016430060","MN1102"
"USA Mali Charitable Association","3716 10th Ave","New York","NY","10034","(917) 557-2298","Dance","Manhattan Council District #9","Manhattan Community Board #10","Manhattan","40.858998","-73.922912","299","1080028","1022160001","MN1203"
"US-China Arts Exchange Center, Inc.","136-31 41 Avenue","Flushing","NY","11355","(718) 390-0666","Folk Arts","Queens Council District #20","Queens Community Board #7","Manhattan",,,,,,
"Vampire Cowboys, Inc.","170 East 4th Street #4H","Brooklyn","NY","11218","(212) 696-7806","Theater","Brooklyn Council District #34","Brooklyn Community Board #4","Manhattan","40.724636","-73.985756","32","1088212","1004310020","MN0303"
"Van Alen Institute: Projects in Public Architecture","303 Bond St","Brooklyn","NY","11231","(212) 924-7000","Architecture/Design","Manhattan Council District #3","Brooklyn Community Board #6","Brooklyn","40.680088","-73.989451","75","3007179","3004310002","BK0601"
"Van Cortlandt Park Alliance, Inc.","80 Van Cortlandt Park South","New York","NY","10463","(718) 430-1890","Multi-Discipline, Performing","Bronx Council District #15","Bronx Community Board #8","Bronx","40.884706","-73.889991","281","2015473","2032520209","BX0801"
"Vangeline Theater, Inc.","240 Irving Avenue","Brooklyn","NY","11237","(917) 749-9062","Multi-Discipline, Performing","Brooklyn Council District #39","Brooklyn Community Board #4","Brooklyn","40.700345","-73.916727","431","3075440","3033000035","BK0401"
"Variations Theatre Group, Inc.","312 W. 36th Street, 3rd & 4th Floor","New York City","NY","10018","(646) 580-6003","Theater","Queens Council District #26","Manhattan Community Board #4","Manhattan","40.753755","-73.9932","111","1080495","1007590049","MN0401"
"Variety Boys & Girls Club of Queens, Inc.","21-12 30th Road","Astoria","NY","11102","(718) 728-0946","Multi-Discipl, Perf & Non-Perf","Queens Council District #26","Queens Community Board #1","Queens","40.768955","-73.928269","79","4006319","4005500007","QN0102"
"Verrazano Foundation","777 Seaview Avenue","Staten Island","NY","10305","(718) 667-2832","Visual Arts","Staten Island Council Dist #50","Staten Island Community Brd #2","Staten Island","40.579965","-74.079153","7002","5172050","5033550001","SI0201"
"Vertical Player Repertory, Ltd.","219 Court Street","NY","NY","11201","(718) 624-3310","Music","Brooklyn Council District #33","Brooklyn Community Board #6","Brooklyn","40.686566","-73.993863","6901","3006027","3003900002","BK0202"
"viBe Theater Experience, Inc.","138 S Oxford St","Brooklyn","NY","11217","(917) 647-0326","Theater","Manhattan Council District #9","Brooklyn Community Board #2","Brooklyn","40.685073","-73.973221","179","3000000","3020040048","BK0203"
"Victory Music & Dance Company, Inc.","220 Livonia Ave","Brooklyn","NY","11212","(917) 270-6528","Multi-Discipline, Performing","Brooklyn Council District #42","Brooklyn Community Board #16","Brooklyn","40.662435","-73.909655","916",,,"BK1602"
"Village Halloween Parade, Inc.","Village Halloween Parade, Inc. c/o Shelley Wyant, Board Member","New York","NY","10011","(845) 758-5519","Multi-Discipline, Performing","Manhattan Council District #3","Manhattan Community Board #2","Manhattan",,,,,,
"Village Light Opera Group, Ltd.","P.O. Box 143","New York","NY","10014","(212) 620-7300","Theater","Manhattan Council District #2","Manhattan Community Board #1","Manhattan",,,,,,
"Vineyard Theatre and Workshop Center, Inc.","108 East 15th Street","New York","NY","10003","(212) 353-3366","Theater","Manhattan Council District #2","Manhattan Community Board #5","Manhattan","40.735011","-73.989139","50","1083247","1008707501","MN0602"
"Visible Theatre, Inc.","201 East 28th Street, #3E","New York","NY","10016","(212) 615-3199","Theater","Manhattan Council District #2","Manhattan Community Board #6","Manhattan","40.741921","-73.980715","66","1019888","1009090001","MN0603"
"VisionIntoArt Presents, Inc.","440 Kent Ave 19A","Brooklyn","NY","11249","(917) 544-1482","Music","Manhattan Council District #2","Brooklyn Community Board #1","Brooklyn","40.709319","-73.968497","547","3387992","3021347503","BK0102"
"VISION U WE R ARTS, INC","770 Faile Street","Bronx","NY","10474","(929) 389-4484",,,"Bronx Community Board #2","Bronx","40.8162","-73.886917","11701","2006551","2027630215","BX0201"
"Visual AIDS for the Arts, Inc.","526 West 26th Street","New York","NY","10001","(212) 627-9855","Visual Arts","Manhattan Council District #4","Manhattan Community Board #4","Manhattan","40.750094","-74.003999","9901","1012386","1006970047","MN0401"
"Visual Arts Foundation","209 East 23rd Street","New York","NY","10010","(212) 260-7607",,,,"Manhattan","40.738642","-73.982679","64","1019770","1009040007","MN0602"
"Visual Arts Resource and Research Center Relating to the Caribbean, Inc.","120 East 125th St","New York","NY","10035","(212) 307-7420","Multi-Discipl, Perf & Non-Perf","Manhattan Council District #8","Manhattan Community Board #11","Manhattan","40.804665","-73.938132","196","1054469","1017730062","MN1102"
"Visual Understanding in Education, Inc","109 South Fifth Street","Brooklyn","NY","11211","(212) 253-9007","Visual Arts","Manhattan Council District #3","Manhattan Community Board #4","Brooklyn","40.711445","-73.964135","549","3063433","3024430034","BK0102"
"Vital Theatre Company, Inc.","2162 Broadway","New York","NY","10024","(212) 579-0528","Theater","Manhattan Council District #6","Manhattan Community Board #7","Manhattan","40.781912","-73.980996","163","1030861","1011680022","MN0702"
"Viva Voce Chamber Ensemble, Inc.","14 Brentwood Avenue","Staten Island","NY","10301","(917) 783-2957","Music","Staten Island Council Dist #49","Staten Island Community Board #1","Staten Island","40.638956","-74.102978","67","5002259","5001010103","SI0104"
"Vivian Beaumont Theater, Inc.","150 W. 65th St.","New York","NY","10023","(212) 362-7600","Theater","Manhattan Council District #6","Manhattan Community Board #7","Manhattan","40.773876","-73.984233","149","1028832","1011340025","MN0701"
"Vocal Ease, Inc.","240 West 73rd Street, #1403","New York","NY","10023","(212) 579-5386","Music","Manhattan Council District #6","Manhattan Community Board #7","Manhattan","40.779876","-73.982553","159","1030522","1011640047","MN0701"
"Voelker Orth Museum","14919 38th Ave","Flushing","NY","11354","(718) 359-6227","Multi-Discipl, Perf & Non-Perf","Queens Council District #20","Queens Community Board #7","Queens","40.764478","-73.816275","1157","4113540","4050170031","QN0704"
"Voice and Vision, Inc.","805 8th Ave","Brooklyn","NY","11215","(212) 268-3717","Theater","Manhattan Council District #3","Manhattan Community Board #5","Manhattan","40.76141","-73.986756","127","1025144","1010390032","MN0402"
"Voices in Contemporary Art","50 Broadway, 21st Floor","New York","NY","10004","(646) 338-4946","Visual Arts","Manhattan Council District #1","Manhattan Community Board #1","Manhattan","40.706449","-74.012761","9","1000813","1000220024","MN0101"
"Voices in the Heights, Inc.","119 Pierrepont St","Brooklyn","NY","11201","(845) 304-7368","Music","Brooklyn Council District #33","Brooklyn Community Board #2","Brooklyn","40.69513","-73.992723","502","3001917","3002380007","BK0201"
"Voices of a People's History of the United States","45 Main Street","New York","NY","11201","(646) 552-2109","Multi-Discipline, Performing","Brooklyn Council District #33","Brooklyn Community Board #2","Manhattan",,,,,,
"Voices UnBroken, Inc.","1414 Metropolitan Avenue","Bronx","NY","10462","(718) 292-3018","Literature","Bronx Council District #17","Bronx Community Board #1","Bronx","40.835857","-73.861041","212","2096676","2039387501","BX0904"
"Volcano Love, Inc.","524 Bergen Street","Brooklyn","NY","11217","(718) 399-3161","Dance","Brooklyn Council District #35","Brooklyn Community Board #8","Brooklyn","40.680399","-73.972942","161","3028046","3011430033","BK0801"
"Volunteer Lawyers for the Arts, Inc.","729 7th Avenue, Suite 1401","New York","NY","10019","(212) 319-2787","Multi-Discipline, Non-Perform","Manhattan Council District #3","Manhattan Community Board #5","Manhattan","40.760103","-73.983973","125","1022699","1010017501","MN0502"
"Vortex Theater Company, Inc.","164 Eleventh Avenue","New York","NY","10011","(212) 206-1764","Theater","Manhattan Council District #3","Manhattan Community Board #4","Manhattan","40.748345","-74.007344","9901",,,"MN0401"
"Voyage Theater Company, Inc.","165 First Avenue","New York","NY","10003","(917) 370-1101","Theater","Manhattan Council District #2","Manhattan Community Board #3","Manhattan","40.728923","-73.984334","4001","1077703","1004520036","MN0303"
"VSW ARTHOUSE CORP","55 Washington Street","Brooklyn","NY","11201","(917) 679-9929","Music","Brooklyn Council District #33","Brooklyn Community Board #2","Brooklyn","40.70273","-73.989602","21","3000088","3000380001","BK0202"
"Wagner College Young Musician's Competition","Wagner College","Staten Island","NY","10301","(718) 390-3202","Music","Staten Island Council Dist #49","Staten Island Community Brd #1","Staten Island","40.615583","-74.094478","47","5113454","5006200001","SI0104"
"Washington Heights and Inwood Development Corporation","611 West 177th Street","New York","NY","10033","(212) 795-1600","Multi-Discipline, Performing","Manhattan Council District #10","Manhattan Community Board #12","Manhattan","40.846913","-73.936039","263","1063546","1021440029","MN1201"
"Washington Heights Chamber Orchestra Corporation","5030 Broadway","New York","NY","10034","(410) 804-4735","Music","Manhattan Council District #10","Manhattan Community Board #12","Manhattan","40.868979","-73.917383","303","1064883","1022310001","MN1203"
"Washington Heights Inwood Coalition, Inc.","652 West 187th Street","New York","NY","10033","(212) 781-6722",,,,"Manhattan","40.853696","-73.932537","271","1075520","1021670056","MN1202"
"Washington Square Association Music Fund","PO Box 1066","New York","NY","10014","(917) 855-4205","Music","Manhattan Council District #1","Manhattan Community Board #2","Manhattan",,,,,,
"Washington Square Contemporary Music Society","24 Waverly Pl","New York","NY","10003","(917) 751-0707","Music","Manhattan Council District #1","Manhattan Community Board #2","Manhattan","40.730398","-73.994938","59","1008822","1005470005","MN0202"
"Waterfront Alliance, Inc.","217 Water Street","New York","NY","10038","(212) 935-9831","Multi-Discipline, Non-Perform","Manhattan Council District #1","Manhattan Community Board #1","Manhattan","40.707525","-74.003365","1501","1082012","1000960005","MN0101"
"Waterfront Museum","290 Conover St","Brooklyn","NY","11231","(718) 624-4719","Museum","Brooklyn Council District #38","Brooklyn Community Board #6","Brooklyn","40.675183","-74.017654","5301","3418181","3005950170","BK0601"
"Waterwell Productions, Inc.","321 W. 44th Street","New York","NY","10036","(212) 560-7545","Theater","Manhattan Council District #3","Manhattan Community Board #4","Manhattan","40.75889","-73.989669","12101","1080878","1010350017","MN0402"
"Watson Arts, Inc","147 Bergen St.","Brooklyn","NY","11217","(917) 239-1331","Theater","Brooklyn Council District #33","Brooklyn Community Board #2","Manhattan",,,,,,
"Wave Hill","675 West 252nd Street","Bronx","NY","10471","(718) 549-3200","Botanical","Bronx Council District #11","Bronx Community Board #8","Bronx","40.900127","-73.911202","309","2130612","2059370440","BX0803"
"WaxFactory, Inc.","POB 1197","New York","NY","10013","(646) 247-9959","Multi-Discipline, Performing","Manhattan Council District #3","Manhattan Community Board #1","Manhattan",,,,,,
"WBAI","120 Wall St; 10th Fl.","New York","NY","10005","(212) 209-2800","Humanities","Manhattan Council District #1","Manhattan Community Board #1","Manhattan","40.70438","-74.006427","7","1000871","1000370001","MN0101"
"WCV, Inc.","175 Prospect Park Southwest #2A","Brooklyn","NY","11218","(917) 374-2750","Dance","Brooklyn Council District #39","Brooklyn Community Board #7","Brooklyn","40.653719","-73.973006","50202","3122653","3052790032","BK0701"
"Weaving Hand","197 7th Avenue","Brooklyn","NY","11215","(646) 345-1636","Crafts","Brooklyn Council District #39","Brooklyn Community Board #7","Brooklyn","40.670809","-73.978302","155","3025283","3010780004","BK0602"
"We Care Media Arts","150 East 73rd Street","New York","NY","10021","(917) 509-7453","Film/Video/Audio","Manhattan Council District #7","Manhattan Community Board #7","Manhattan","40.77098","-73.961431","128","1042858","1014070051","MN0802"
"Welltone New Music, Inc.","256 West 10th Street","New York","NY","10014","(212) 691-6858","Music","Manhattan Council District #1","Manhattan Community Board #2","Manhattan","40.733661","-74.006802","75","1084966","1006300043","MN0203"
"Wendy's Subway Inc.","379 Bushwick Ave","Brooklyn","NY","11206","(646) 842-0971","Literature","Brooklyn Council District #34","Brooklyn Community Board #1","Brooklyn","40.703831","-73.938279","485","3071532","3031090007","BK0104"
"We Stay - Nos Quedamos, Inc.","754 Melrose Avenue","Bronx","NY","10451","(718) 585-2323","Multi-Discipline, Performing","Bronx Council District #17","Bronx Community Board #1","Bronx","40.82127","-73.915372","69","2114124","2023780001","BX0102"
"Westbeth Artists Residents Council","463 West Street","NY","NY","10014","(212) 243-6373","Multi-Discipl, Perf & Non-Perf","Manhattan Council District #3","Manhattan Community Board #2","Manhattan","40.736762","-74.009959","79","1012047","1006390001","MN0203"
"Westbeth Corp HDFC Inc","463 West Street","New York","NY","10014","(212) 843-6579",,,"Manhattan Community Board #2","Manhattan","40.736762","-74.009959","79","1012047","1006390001","MN0203"
"Westchester Square Art Center","2616 East Tremont Avenue","New York","NY","10461","(718) 684-4589","Visual Arts","Bronx Council District #11","Bronx Community Board #10","Bronx","40.843115","-73.846559","200","2042415","2040020056","BX1001"
"Western Wind Vocal Ensemble, Inc.","250 West 100th Street","New York","NY","10025","(212) 873-2848","Music","Manhattan Council District #6","Manhattan Community Board #7","Manhattan","40.797533","-73.970687","187","1056466","1018710052","MN0703"
"West Harlem Community Preservation Organization","502 West 142nd Street, Ground Flr.","New York","NY","10031","(917) 583-4109","Other","Manhattan Council District #7","Manhattan Community Board #9","Manhattan","40.823554","-73.9496","225","1061801","1020730037","MN0903"
"West Harlem Development Corporation","423 W. 127th St., Suite A","New York","NY","10027","(646) 476-3394","Multi-Discipline, Performing","Manhattan Council District #7","Manhattan Community Board #9","Manhattan","40.812964","-73.953759","21303","1084105","1019670060","MN0902"
"West Indian American Day Carnival Association, Inc.","1561 Bedford Ave","Brooklyn","NY","11225","(718) 467-1797","Folk Arts","Brooklyn Council District #36","Brooklyn Community Board #8","Brooklyn","40.668945","-73.955683","323","3033161","3012740001","BK0901"
"Westside Community Garden Inc.","123 West 89th Street","New York","NY","10024","(646) 712-2484","Music","Manhattan Council District #6","Manhattan Community Board #7","Manhattan","40.788794","-73.971634","173","1000000","1012200017","MN0702"
"West Side Cultural Center","136 West 70th Street","New York","NY","10023","(212) 496-2030","Multi-Discipl, Perf & Non-Perf","Manhattan Council District #6","Manhattan Community Board #7","Manhattan","40.776607","-73.980958","15302","1029654","1011410046","MN0701"
"Wet Ink Music Productions, Inc.","49 Clarkson Avenue","Brooklyn","NY","11226","(518) 817-3380","Music","Brooklyn Council District #35","Brooklyn Community Board #9","Brooklyn","40.654947","-73.958071","79601","3115980","3050550082","BK0902"
"What Will the Neighbors Say?","854 Bushwick Avenue","New York","NY","11221","(401) 477-6348","Theater","Brooklyn Council District #34","Brooklyn Community Board #4","Brooklyn","40.694154","-73.926525","393","3074020","3032520035","BK0401"
"Where there is Need, Inc.","110-31 155 Street","Jamaica","NY","11433","(718) 529-3639","Multi-Discipline, Non-Perform","Queens Council District #28","Queens Community Board #12","Queens","40.689937","-73.794095","262","4263457","4121590039","QN1202"
"Where We At: Black Women Artists, Inc.","89 Fifth Avenue, Suite 129","Brooklyn","NY","11217","(718) 361-3376","Multi-Discipline, Non-Perform","Brooklyn Council District #36","Brooklyn Community Board #8","Brooklyn","40.679947","-73.978058","12902","3018850","3009380005","BK0602"
"While We Are Still Here","555 Edgecombe Ave","New York","NY","10032","(929) 266-3952","Multi-Discipl, Perf & Non-Perf","Manhattan Council District #10","Manhattan Community Board #12","Manhattan","40.833633","-73.938755","24301","1062545","1021090034","MN1201"
"White Box, Ltd.","9 Avenue B, Storefront","NEW YORK","NY","10009","(917) 771-2230","Visual Arts","Manhattan Council District #2","Manhattan Community Board #3","Manhattan","40.721808","-73.983578","2202","1004567","1003840006","MN0303"
"White Columns, Inc.","91 Horatio Street","New York","NY","10014","(212) 924-4212","Visual Arts","Manhattan Council District #3","Manhattan Community Board #2","Manhattan","40.738763","-74.008332","79","1012154","1006430001","MN0203"
"White Wave Rising: Young Soon Kim Dance Company","150 MacDougal Street","Brooklyn","NY","11233","(718) 855-8822","Dance","Brooklyn Council District #33","Brooklyn Community Board #16","Brooklyn","40.679819","-73.914859","371","3041630","3015320021","BK1601"
"Whitney Museum of American Art","99 Gansevoort Street","New York","NY","10014","(212) 570-3635","Museum","Manhattan Council District #4","Manhattan Community Board #2","Manhattan","40.739386","-74.008967","79","1089239","1006440005","MN0203"
"Whoop Dee Doo Inc","1053 64TH ST","Brooklyn","NY","11219",,,,"Brooklyn Community Board #10","Brooklyn","40.629889","-74.006344","212","3141757","3057370056","BK1002"
"Wide Eyed Productions","24-50 29th St., Apt 3A","Astoria","NY","11102","(917) 868-1647","Theater","Queens Council District #22","Queens Community Board #1","Manhattan",,,,,,
"Wilbur Ware Institute, Inc.","620 Malcolm X Boulevard","New York","NY","10037","(347) 523-9886","Music","Manhattan Council District #9","Manhattan Community Board #10","Manhattan","40.817647","-73.938264","214","1053936","1017370001","MN1002"
"Wildarts","163 W. 97th St.","New York","NY","10025","(646) 389-6501",,,"Manhattan Community Board #7","Manhattan","40.794442","-73.969139","185","1055908","1018520099","MN0703"
"Wildlife Conservation Society - Bronx Zoo","2300 Southern Boulevard","Bronx","NY","10460","(718) 220-5100","Zoo","Bronx Council District #15","Bronx Community Board #6","Bronx","40.850543","-73.882456","334","2116700","2031200020","BX2791"
"Wildlife Conservation Society - New York Aquarium","602 Surf Avenue","Brooklyn","NY","11224","(718) 265-3400","Zoo","Brooklyn Council District #47","Brooklyn Community Board #13","Brooklyn","40.575183","-73.975799","352","3397349","3086980001","BK1302"
"Wild Project Productions, Inc.","195 E. 3rd St.","New York City","NY","10009","(212) 228-1195","Film/Video/Audio","Manhattan Council District #2","Manhattan Community Board #3","Manhattan","40.722953","-73.983607","32","1005001","1003990040","MN0303"
"Williamsburg Art and Historical Center","135 Broadway","Brooklyn","NY","11211","(718) 486-7372",,"Brooklyn Council District #34",,"Brooklyn","40.710446","-73.963728","549","3063566","3024570045","BK0102"
"Williamsburg Art Nexus, Inc.","24-26 26th Street","Astoria","NY","11102","(718) 384-8060","Dance","Brooklyn Council District #33","Queens Community Board #1","Queens","40.773794","-73.919263","95","4018608","4008620045","QN0101"
"Willie Mae Rock Camp for Girls","540 President Street","Brooklyn","NY","11215","(347) 335-0653","Music","Brooklyn Council District #33","Brooklyn Community Board #6","Brooklyn","40.677354","-73.984973","11901","3424497","3004480013","BK0601"
"Wingspan Arts, Inc.","229 E 85th St","New York","NY","10028","(212) 586-2330","Multi-Discipl, Perf & Non-Perf","Manhattan Council District #3","Manhattan Community Board #8","Manhattan","40.777815","-73.953693","14601","1048767","1015310016","MN0803"
"Wings Theatre Company, Inc.","154 Christopher Street","New York","NY","10014","(212) 627-2960","Theater","Manhattan Council District #3","Manhattan Community Board #2","Manhattan","40.73273","-74.008129","69","1010421","1006040033","MN0203"
"Winter Film Awards","31 West 34th Street","New York","NY","10001","(415) 355-4371","Film/Video/Audio","Manhattan Council District #2","Manhattan Community Board #2","Manhattan","40.749256","-73.98648","76","1083638","1008360010","MN0501"
"WNET","825 Eighth Avenue","New York","NY","10019","(212) 560-1355","Film/Video/Audio","Manhattan Council District #3","Manhattan Community Board #4","Manhattan","40.762074","-73.986275","127","1076203","1010400029","MN0402"
"Women's Expressive Theater, Inc.","441 Lexington Avenue, PH","New York","NY","10017","(212) 682-0265","Multi-Discipline, Non-Perform","Manhattan Council District #4","Manhattan Community Board #5","Manhattan","40.752726","-73.974793","92","1036174","1012990022","MN0604"
"Women's Interart Center, Inc.","549 West 52nd Street, Third Floor","New York","NY","10019","(212) 246-1050",,,,"Manhattan","40.766683","-73.992635","13501","1081734","1010810080","MN0402"
"Women's Project and Productions, Inc.","55 West End Avenue","New York","NY","10023","(212) 765-1706","Theater","Manhattan Council District #6","Manhattan Community Board #7","Manhattan","40.773446","-73.989129","15102","1087719","1011710063","MN0701"
"Women Make Movies, Inc.","231 West 29th Street","New York","NY","10001","(212) 925-0606","Film/Video/Audio","Manhattan Council District #1","Manhattan Community Board #2","Manhattan","40.748299","-73.993937","95","1014283","1007790017","MN0501"
"Women of Color on Broadway Inc.","847 East 229th Street","New York City","NY","10466","(201) 706-0868","Theater","Bronx Council District #12","Bronx Community Board #12","Bronx","40.889283","-73.854648","422","2064066","2048540023","BX1203"
"Womens Housing and Economic Development Corporation","50 East 168th Street","Bronx","NY","10452","(718) 839-1100","Music","Bronx Council District #16","Bronx Community Board #4","Bronx","40.836725","-73.919292","197","2101464","2024800001","BX0401"
"Woodlawn Conservancy, Inc.","4199 Webster Ave","Bronx","NY","10470","(718) 920-1469","Multi-Discipl, Perf & Non-Perf","Bronx Council District #11","Bronx Community Board #12","Bronx","40.89522","-73.863587","43502","2123994","2033610001","BX1271"
"Woodshed Collective, Inc.","366 Union Street","Brooklyn","NY","11231","(646) 824-4831","Theater","Brooklyn Council District #39","Brooklyn Community Board #6","Manhattan",,,,,,
"Woodside on the Move, Inc.","39-42 59th Street","Woodside","NY","11377","(718) 476-8449","Multi-Discipl, Perf & Non-Perf","Queens Council District #26","Queens Community Board #2","Queens","40.7463","-73.905092","259","4000000","4012290059","QN0203"
"Woodycrest Center for Human Development, Inc.","153 W 165th St","Bronx","NY","10452","(718) 992-4256","Multi-Discipl, Perf & Non-Perf","Bronx Council District #16","Bronx Community Board #4","Bronx","40.834544","-73.928932","193","2003478","2025260034","BX0402"
"Wooster Group, Inc.","33 Wooster Street","New York","NY","10013","(212) 966-9796","Theater","Manhattan Council District #1","Manhattan Community Board #2","Manhattan","40.722204","-74.002807","47","1077733","1004750028","MN0201"
"Words without Borders","147 Prince Street","Brooklyn","NY","11201","(917) 499-8329","Literature","Brooklyn Council District #35","Brooklyn Community Board #2","Brooklyn","40.692648","-73.982532","1502","3058261","3020620006","BK0202"
"Working Theatre Company, Inc.","520 8th Avenue","New York","NY","10018","(212) 539-5675","Theater","Manhattan Council District #2","Manhattan Community Board #5","Manhattan","40.753612","-73.992417","109","1083624","1007860001","MN0502"
"Workmens Circle/Arbeter Ring, Inc.","247 West 37th Street","New York","NY","10018","(212) 889-6800","Music","Manhattan Council District #2","Manhattan Community Board #5","Manhattan","40.753475","-73.990594","109","1014454","1007870011","MN0502"
"Works and Process, Inc.","155 East 44th Street","New York","NY","10017","(212) 758-0024","Multi-Discipline, Performing","Manhattan Council District #5","Manhattan Community Board #6","Manhattan","40.752386","-73.974241","92","1036177","1012990033","MN0604"
"Works In Progress NYC","59 E. 4th Street","New York","NY","10003","(212) 598-0046","Visual Arts",,"Manhattan Community Board #3","Manhattan","40.726785","-73.990807","38","1082642","1004600056","MN0303"
"Works on Water Inc","849 St. Nicholas Ave., 5A, New York, NY 10031","New York","NY","10031","(314) 603-8671","Visual Arts","Manhattan Council District #1","Manhattan Community Board #9","Manhattan","40.829103","-73.942084","23501","1061629","1020670043","MN0903"
"World According to Shorts, Inc.","50 Lefferts Avenue","Brooklyn","NY","11225","(718) 469-3824","Film/Video/Audio","Brooklyn Council District #40","Brooklyn Community Board #9","Manhattan",,,,,,
"World Around, Inc.","250 Ashland Pl","Brooklyn","NY","11217","(917) 922-1795",,,"Brooklyn Community Board #2","Brooklyn","40.687723","-73.978336","33","3424470","3021077501","BK0203"
"World Civic Orchestra, Inc.","530 E. 76th Street","New York","NY","10021","(917) 797-1118","Music","Manhattan Council District #2","Manhattan Community Board #5","Manhattan","40.769077","-73.95101","13201","1072696","1014877502","MN0801"
"World Dance Theatre","43-18 42nd Street, Apt. 2R","Sunnyside","NY","11104","(646) 330-5152","Dance","Queens Council District #26","Queens Community Board #2","Queens","40.744894","-73.922156","18102","4002461","4001880031","QN0202"
"World Foundation for Music and Healing","1270 Broadway, Suite #1109","New York","NY","10001","(212) 669-6126","Music","Manhattan Council District #2","Manhattan Community Board #2","Manhattan","40.748655","-73.988097","76","1015858","1008340080","MN0501"
"World Music Institute, Inc.","68 Jay Street","New York","NY","11201","(212) 545-7536","Multi-Discipline, Performing","Manhattan Council District #3","Brooklyn Community Board #2","Brooklyn","40.702763","-73.986681","21","3000090","3000400001","BK0202"
"World Savvy, Inc.","68 Jay Street","Brooklyn","NY","11201","(718) 710-4872","Multi-Discipl, Perf & Non-Perf","Brooklyn Council District #33","Brooklyn Community Board #2","Brooklyn","40.702763","-73.986681","21","3000090","3000400001","BK0202"
"World Science Foundation","475 Riverside Dr","New York","NY","10115","(646) 200-8818","Science","Manhattan Council District #3","Manhattan Community Board #9","Manhattan","40.811101","-73.964168","205","1059835","1019910001","MN0901"
"Worthless Foundation, Inc.","350 Canal Street #11","New York","NY","10013","(917) 576-3999","Visual Arts","Brooklyn Council District #34","Manhattan Community Board #1","Manhattan","40.720596","-74.003579","33","1002721","1002110003","MN0102"
"Woven Spaces, Inc.","853 Manhattan Ave","New York City","NY","11222","(347) 278-1524","Film/Video/Audio","Brooklyn Council District #33","Brooklyn Community Board #1","Brooklyn","40.729161","-73.953817","565","3064908","3025660046","BK0101"
"Wreckio Ensemble Theatre, Inc.","23-54 23rd Street","Astoria","NY","11105","(917) 626-1369","Theater","Queens Council District #22","Queens Community Board #1","Queens","40.776835","-73.919393","97","4019348","4008760044","QN0101"
"Writers Guild of America, East Foundation","250 Hudson St","New York","NY","10013","(212) 767-7843","Literature","Manhattan Council District #3","Manhattan Community Board #1","Manhattan","40.724658","-74.007753","37","1009723","1005780047","MN0201"
"Writers Room, Inc.","740 Broadway, Suite 702","New York","NY","10003","(212) 254-6995","Literature","Manhattan Council District #2","Manhattan Community Board #2","Manhattan","40.729884","-73.992993","57","1080092","1005450026","MN0202"
"Writopia Lab, Inc.","155 West 81 St.","New York","NY","10024","(212) 222-4088","Multi-Discipl, Perf & Non-Perf","Manhattan Council District #6","Manhattan Community Board #7","Manhattan","40.783904","-73.976048","165","1032045","1012120110","MN0702"
"Wyckoff House and Association, Inc.","5816 Clarendon Rd","Brooklyn","NY","11203","(718) 629-5400","Museum","Brooklyn Council District #45","Brooklyn Community Board #17","Brooklyn","40.64497","-73.920914","946","3221967","3079170009","BK1703"
"XFR Collective Inc.","411 South 5th Street","New York City","NY","11211",,,,"Brooklyn Community Board #1","Brooklyn","40.707145","-73.951834","527","3063535","3024520041","BK0102"
"Xoregos Performing Company","496 Ninth Avenue   #4-A","New York City","NY","10018","(212) 239-8405","Theater","Manhattan Council District #3","Manhattan Community Board #4","Manhattan","40.755704","-73.994607","111","1013631","1007610066","MN0401"
"Yaa Samar Dance Theatre","228 Norman Avenue","Brooklyn","NY","11222","(646) 734-4342","Multi-Discipline, Performing","Manhattan Council District #2","Brooklyn Community Board #1","Brooklyn","40.727524","-73.94429","58901","3066476","3026550005","BK0101"
"Yamantaka Power Association, Inc.","155 Bay 28th street","Brooklyn","NY","11214","(646) 251-1839","Other","Brooklyn Council District #47","Brooklyn Community Board #11","Brooklyn","40.599872","-73.998372","292","3425022","3064137502","BK1102"
"Yangtze Repertory Theatre of America, Inc.","520 Eighth Ave #360","NEW YORK","NY","10018","(917) 578-1946","Theater","Manhattan Council District #1","Manhattan Community Board #5","Manhattan","40.753612","-73.992417","109","1083624","1007860001","MN0502"
"Yara Arts Group","306 East 11th Street","New York","NY","10003","(212) 475-6474","Theater","Manhattan Council District #2","Manhattan Community Board #3","Manhattan","40.730172","-73.985903","4001","1006437","1004520011","MN0303"
"Yarnwire, Inc.","1717 Troutman St","Ridgewood","NY","11385","(718) 501-2654","Music","Queens Council District #34","Queens Community Board #5","Queens","40.708997","-73.920406","53901","4443074","4034120047","QN0502"
"Yemeni American Merchant Association, Inc.","3305 Wallace Avenue","Bronx","NY","10467","(718) 230-0030","Multi-Discipl, Perf & Non-Perf","Brooklyn Council District #36","Brooklyn Community Board #10","Brooklyn",,,,,,
"Yeshiva University Museum","15 West 16th Street","New York","NY","10011","(212) 294-8337","Museum","Manhattan Council District #3","Manhattan Community Board #5","Manhattan","40.737677","-73.993454","54","1080631","1008180027","MN0501"
"YIVO Institute for Jewish Research, Inc.","15 West 16th Street","New York","NY","10011","(212) 294-6156","Other","Manhattan Council District #3","Manhattan Community Board #5","Manhattan","40.737677","-73.993454","54","1080631","1008180027","MN0501"
"YM & YWHA of Washington Heights and Inwood","54 Nagle Avenue","New York","NY","10040","(212) 569-6200","Music","Manhattan Council District #6","Manhattan Community Board #12","Manhattan","40.859993","-73.929129","285","1064146","1021720064","MN1202"
"YM-YWHA of the Bronx","5625 Arlington Ave","Bronx","NY","10471","(718) 548-8200","Theater","Bronx Council District #11","Bronx Community Board #8","Bronx","40.905009","-73.907133","323","2086312","2059520374","BX0803"
"York Theatre Company, Inc.","630 Ninth Ave","New York","NY","10036","(212) 935-5824","Theater","Manhattan Council District #4","Manhattan Community Board #4","Manhattan","40.760038","-73.991449","12101","1024982","1010350001","MN0402"
"Young Adult Institute, Inc.","220 East 42nd Street","New York","NY","10017","(212) 273-6263","Multi-Discipl, Perf & Non-Perf","Manhattan Council District #3","Manhattan Community Board #4","Manhattan","40.750256","-73.973256","88","1037546","1013157501","MN0603"
"Young Audiences, Inc.","171 Madison Ave.","New York","NY","10016","(212) 831-8110","Multi-Discipl, Perf & Non-Perf","Manhattan Council District #2","Manhattan Community Board #2","Manhattan","40.74726","-73.983316","74","1017082","1008630027","MN0501"
"Young Audiences New York, Inc.","1 East 53rd Street","New York","NY","10022","(212) 319-9269","Multi-Discipline, Non-Perform","Manhattan Council District #3","Manhattan Community Board #5","Manhattan","40.760324","-73.975584","102","1035725","1012890005","MN0502"
"Young Concert Artists, Inc.","1776 Broadway","New York","NY","10019","(212) 307-6655","Music","Manhattan Council District #6","Manhattan Community Board #5","Manhattan","40.766481","-73.981809","137","1024901","1010290012","MN0502"
"Young Dancers in Repertory, Inc.","5602 5th Avenue","Brooklyn","NY","11220","(347) 702-7155","Dance","Brooklyn Council District #38","Brooklyn Community Board #7","Brooklyn","40.641658","-74.01392","74","3015339","3008390038","BK0702"
"Young Jean Lee's Theater Company","1041 Broadway #3","Brooklyn","NY","11221","(606) 627-3358","Theater","Brooklyn Council District #34","Brooklyn Community Board #4","Manhattan",,,,,,
"Young Men's & Young Women's Hebrew Association","1395 Lexington Avenue","New York","NY","10128","(212) 699-7240","Multi-Discipl, Perf & Non-Perf","Manhattan Council District #5","Manhattan Community Board #8","Manhattan","40.783051","-73.952978","15801","1048310","1015200050","MN0802"
"Young Men's Christian Association of Greater New York","5 West 63rd Street","New York","NY","10023","(212) 912-2640","Multi-Discipl, Perf & Non-Perf","Manhattan Council District #6","Manhattan Community Board #7","Manhattan","40.770689","-73.980465","149","1027468","1011160024","MN0701"
"Young Movement, Inc.","158 Buffalo Avenue","Brooklyn","NY","11213","(347) 835-3110","Multi-Discipl, Perf & Non-Perf","Brooklyn Council District #36","Brooklyn Community Board #8","Brooklyn","40.673979","-73.92508","307","3035918","3013560050","BK0802"
"Young New Yorker's Chorus, Inc.","888 8th Avenue","New York","NY","10019","(518) 253-8645","Music","Manhattan Council District #3","Manhattan Community Board #5","Manhattan","40.764072","-73.984791","131","1024825","1010240001","MN0502"
"Young New Yorkers Inc","30 3rd Ave","Brooklyn","NY","11217","(347) 720-0776","Multi-Discipline, Non-Perform","Brooklyn Council District #35","Brooklyn Community Board #2","Brooklyn","40.68581","-73.980385","39","3000753","3001797503","BK0202"
"Young People's Chorus of New York City, Inc.","37 West 65th Street","New York","NY","10023","(212) 289-7779","Music","Manhattan Council District #6","Manhattan Community Board #7","Manhattan","40.772281","-73.980363","149","1028160","1011180005","MN0701"
"Young Playwrights, Inc.","431 Fifth Avenue","New York","NY","10016","(212) 594-5440","Theater","Manhattan Council District #3","Manhattan Community Board #4","Manhattan","40.751265","-73.982488","82","1017226","1008680005","MN0502"
"Young Urban Christians & Artists, Inc.","3213 B Third Avenue","Bronx","NY","10451","(646) 573-4461","Visual Arts","Bronx Council District #16","Bronx Community Board #3","Bronx",,,,"2116624","2023677502",
"Youth America Grand Prix","121 West 36th Street","New York","NY","10018","(646) 791-9500","Dance","Manhattan Council District #4","Manhattan Community Board #5","Manhattan","40.75157","-73.987985","109","1015240","1008120022","MN0502"
"Youth Arts New York, Inc.","P.O. Box 363","New York","NY","10113","(917) 757-4519","Multi-Discipl, Perf & Non-Perf","Manhattan Council District #3","Manhattan Community Board #4","Brooklyn",,,,,,
"Youth Ministries for Peace and Justice, Inc.","1384 Stratford Avenue","Bronx","NY","10472","(718) 328-5622",,,"Bronx Community Board #9","Bronx","40.833564","-73.876509","62","2027513","2038670036","BX0901"
"Youth Orchestra, CYCNY","46-35 Oceania Street","Bayside","NY","11461","(718) 454-7181","Music","Queens Council District #24","Queens Community Board #11","Queens","40.756139","-73.772862","1447","4438325","4073120001","QN1102"
"YYDC, Inc.","50 Franklin Street","New York","NY","10013",,,,"Manhattan Community Board #1","Manhattan","40.716951","-74.0025","31","1088222","1001727504","MN0102"
"Zeus's Thigh, Ltd.","PO Box 237166","New York","NY","10023","(917) 885-0917","Theater","Manhattan Council District #6","Manhattan Community Board #7","Manhattan",,,,,,
"ZGD, Inc.","114 Perry Street","New York","NY","10014","(212) 869-7429","Dance","Manhattan Council District #3","Manhattan Community Board #2","Manhattan","40.735077","-74.006416","75","1078252","1006320048","MN0203"
"ZMI Foundation, Inc.","188-03 Linden Blvd","Saint Albans","NY","11412","(718) 276-0600","Other","Queens Council District #27","Queens Community Board #12","Queens","40.691874","-73.763993","398","4221054","4103810080","QN1205"
