{
"type": "FeatureCollection",
"name": "walk_to_park_zone",
"crs": { "type": "name", "properties": { "name": "urn:ogc:def:crs:OGC:1.3:CRS84" } },
"features": [
{ "type": "Feature", "properties": { "name": "NYC Walk-to-a-Park service area", "source_updated": "2024-11-01" }, "geometry": { "type": "MultiPolygon", "coordinates": [ [ [ [ -74.252378696315859, 40.512232613495442 ], [ -74.25217923763806, 40.512039514840211 ], [ -74.252465615114289, 40.511869019558844 ], [ -74.252639133587223, 40.512037001331443 ], [ -74.252378696315859, 40.512232613495442 ] ] ], [ [ [ -74.227981369662942, 40.51179889932942 ], [ -74.228492560296957, 40.513076884962672 ], [ -74.22780757995892, 40.513244547825842 ], [ -74.227296401139583, 40.511966560057488 ], [ -74.227981369662942, 40.51179889932942 ] ] ], [ [ [ -74.229528621252541, 40.515011713282824 ], [ -74.228769180942095, 40.513181239598836 ], [ -74.229455859241341, 40.513011732311163 ], [ -74.230215316430588, 40.514842202374282 ], [ -74.229528621252541, 40.515011713282824 ] ] ], [ [ [ -74.228636938980912, 40.5152259617767 ], [ -74.227963804561909, 40.51360345982625 ], [ -74.22830810816204, 40.513518472157863 ], [ -74.227879074373107, 40.513399222647372 ], [ -74.228568099682676, 40.513229142383906 ], [ -74.229325982366277, 40.515055876082833 ], [ -74.228636938980912, 40.5152259617767 ] ] ], [ [ [ -74.227697091248388, 40.513508120434565 ], [ -74.228452604980347, 40.515323058550173 ], [ -74.227773371217339, 40.515496176826403 ], [ -74.227017872791478, 40.513681235165343 ], [ -74.227697091248388, 40.513508120434565 ] ] ], [ [ [ -74.226805266787593, 40.515743958911401 ], [ -74.226053680957762, 40.513927287737559 ], [ -74.226744071804248, 40.513749133487529 ], [ -74.227492911870499, 40.515568502731867 ], [ -74.226805266787593, 40.515743958911401 ] ] ], [ [ [ -74.229109768135885, 40.515477465011408 ], [ -74.228696541151507, 40.515391331065985 ], [ -74.22938462600743, 40.515222736414856 ], [ -74.22962772620059, 40.515811804198272 ], [ -74.228919803982606, 40.515927602052621 ], [ -74.229109768135885, 40.515477465011408 ] ] ], [ [ [ -74.247167235527399, 40.514995995475289 ], [ -74.249513106846493, 40.514156793285586 ], [ -74.249658370279221, 40.514335440755843 ], [ -74.243465008082651, 40.516093841046654 ], [ -74.240542964259191, 40.517701075772685 ], [ -74.241138152232253, 40.516647375499481 ], [ -74.243547345139888, 40.515769789436 ], [ -74.247167235527399, 40.514995995475289 ] ] ], [ [ [ -74.22971416178018, 40.516021249833003 ], [ -74.229327589005763, 40.516000655940978 ], [ -74.229670944509579, 40.515916526122489 ], [ -74.22971416178018, 40.516021249833003 ] ] ], [ [ [ -74.228514255851266, 40.515504847753689 ], [ -74.229037135870399, 40.516632939129629 ], [ -74.228353734921683, 40.51680378716847 ], [ -74.227830863921213, 40.515675693596123 ], [ -74.228514255851266, 40.515504847753689 ] ] ], [ [ [ -74.229757381539955, 40.516125971720712 ], [ -74.229869402806955, 40.516397409055031 ], [ -74.229185960392229, 40.51656689063406 ], [ -74.229028713982956, 40.516189198193587 ], [ -74.229757381539955, 40.516125971720712 ] ] ], [ [ [ -74.227400579469304, 40.517031119516744 ], [ -74.226875414287818, 40.515907052461685 ], [ -74.227554066450665, 40.515741078285245 ], [ -74.22807924055941, 40.516865142251078 ], [ -74.227400579469304, 40.517031119516744 ] ] ], [ [ [ -74.240238455693103, 40.518729184450763 ], [ -74.239604655573416, 40.518316534437893 ], [ -74.240542964259191, 40.517701075772685 ], [ -74.240238455693103, 40.518729184450763 ] ] ], [ [ [ -74.239556725333031, 40.52120705011599 ], [ -74.239743210122526, 40.520556017569056 ], [ -74.240288246858697, 40.521267060763485 ], [ -74.239556725333031, 40.52120705011599 ] ] ], [ [ [ -74.223627375932296, 40.52092993357158 ], [ -74.224240225004309, 40.520742556020451 ], [ -74.223546592609082, 40.522605283698702 ], [ -74.224085058648853, 40.521142554410638 ], [ -74.223627375932296, 40.52092993357158 ] ] ], [ [ [ -74.205107288321187, 40.521358632458984 ], [ -74.205289809895035, 40.521683595921189 ], [ -74.205588170600961, 40.521928546637454 ], [ -74.20570993992834, 40.521961291511317 ], [ -74.206680337908523, 40.521376686992056 ], [ -74.206673329644417, 40.521636646848776 ], [ -74.206863556308733, 40.521935014776311 ], [ -74.207306449619736, 40.521600769906229 ], [ -74.207243982684233, 40.522009461657738 ], [ -74.207328738917511, 40.52207797858334 ], [ -74.207480869789109, 40.522050503173006 ], [ -74.206616713938786, 40.522385390663331 ], [ -74.20577098150676, 40.522000447948628 ], [ -74.204979774625087, 40.522095541261258 ], [ -74.20486933077845, 40.521429472612205 ], [ -74.205107288321187, 40.521358632458984 ] ] ], [ [ [ -74.207904058683397, 40.523262873154273 ], [ -74.207169114317949, 40.523349001280309 ], [ -74.207162746834157, 40.523058941908566 ], [ -74.207963494961234, 40.523040143474859 ], [ -74.207904058683397, 40.523262873154273 ] ] ], [ [ [ -74.198835522321644, 40.523952420158068 ], [ -74.199545467590099, 40.524908181094794 ], [ -74.199045484343685, 40.525100648684699 ], [ -74.198398831389298, 40.524118390663219 ], [ -74.198835522321644, 40.523952420158068 ] ] ], [ [ [ -74.220033886787959, 40.526164515172511 ], [ -74.220036430984294, 40.526033602822693 ], [ -74.220228039930248, 40.526019653585685 ], [ -74.220033886787959, 40.526164515172511 ] ] ], [ [ [ -74.20367747508746, 40.527639215686719 ], [ -74.203364383662091, 40.527009370664587 ], [ -74.204616258872974, 40.526780908566408 ], [ -74.203974109462607, 40.525850605668879 ], [ -74.205327448860132, 40.525912981676377 ], [ -74.20537049248621, 40.527164153971739 ], [ -74.20367747508746, 40.527639215686719 ] ] ], [ [ [ -74.203209059016842, 40.527090322436479 ], [ -74.201787528773352, 40.527692653415272 ], [ -74.201529596322473, 40.526353044382077 ], [ -74.202199687874781, 40.526128682190091 ], [ -74.202551569590796, 40.526863157632299 ], [ -74.203046505889432, 40.5267510398605 ], [ -74.203209059016842, 40.527090322436479 ] ] ], [ [ [ -74.183969481928202, 40.527301430558481 ], [ -74.182222030896966, 40.528084944632333 ], [ -74.181995426231254, 40.527781450916954 ], [ -74.181413121353557, 40.527713039899957 ], [ -74.182080300680511, 40.527485158166229 ], [ -74.182233008760306, 40.52768968194448 ], [ -74.182276057680525, 40.527418294748848 ], [ -74.182926795047806, 40.527196020173704 ], [ -74.183057578615418, 40.527371176395064 ], [ -74.183767488248378, 40.526908854667006 ], [ -74.183969481928202, 40.527301430558481 ] ] ], [ [ [ -74.181020805573922, 40.530290957383592 ], [ -74.182489378026858, 40.532018799257486 ], [ -74.181842320506306, 40.532279624240353 ], [ -74.180575497351128, 40.530470456143625 ], [ -74.181020805573922, 40.530290957383592 ] ] ], [ [ [ -74.182557988785206, 40.531771037332327 ], [ -74.182135321935775, 40.531155572594564 ], [ -74.182278649423111, 40.531087312804928 ], [ -74.182813857804675, 40.531682511552653 ], [ -74.182557988785206, 40.531771037332327 ] ] ], [ [ [ -74.181024071831942, 40.532609444933726 ], [ -74.179757757439035, 40.530800971296571 ], [ -74.180394754809427, 40.530544211806394 ], [ -74.181661081576081, 40.532352679353572 ], [ -74.181024071831942, 40.532609444933726 ] ] ], [ [ [ -74.180197067050543, 40.532942787383682 ], [ -74.178897030661972, 40.531145325699796 ], [ -74.179568110995405, 40.530875728375918 ], [ -74.180835341108747, 40.532685518319816 ], [ -74.180197067050543, 40.532942787383682 ] ] ], [ [ [ -74.191448225498704, 40.537128143421832 ], [ -74.190415295205369, 40.537273366802992 ], [ -74.191283653131933, 40.536791054179034 ], [ -74.191448225498704, 40.537128143421832 ] ] ], [ [ [ -74.188448252943815, 40.542883043737127 ], [ -74.189998358511744, 40.542280522623919 ], [ -74.190122685271362, 40.542540068125376 ], [ -74.189851724671684, 40.542614164418573 ], [ -74.189975222605113, 40.542871975223392 ], [ -74.188620406039036, 40.54324244403842 ], [ -74.188448252943815, 40.542883043737127 ] ] ], [ [ [ -74.2225199587959, 40.542668254872972 ], [ -74.222926866436609, 40.542601001095683 ], [ -74.222731187827179, 40.543157961364571 ], [ -74.2225199587959, 40.542668254872972 ] ] ], [ [ [ -74.19021914515784, 40.543559721412528 ], [ -74.188947000296764, 40.543915732344736 ], [ -74.188699882896572, 40.543406288966601 ], [ -74.189968184010084, 40.543041935597337 ], [ -74.19021914515784, 40.543559721412528 ] ] ], [ [ [ -74.208673990456944, 40.543660611423007 ], [ -74.207734451015128, 40.543878567224141 ], [ -74.207430569682259, 40.543149505003889 ], [ -74.208411925309136, 40.543031894703631 ], [ -74.208673990456944, 40.543660611423007 ] ] ], [ [ [ -74.186631944200627, 40.54338301396249 ], [ -74.188166421099794, 40.542788716252147 ], [ -74.18841428426876, 40.543306596624944 ], [ -74.187302933174692, 40.543609044697135 ], [ -74.186626431153286, 40.544389290953312 ], [ -74.186014364475255, 40.544094718844292 ], [ -74.186631944200627, 40.54338301396249 ] ] ], [ [ [ -74.220138466236733, 40.543738761779075 ], [ -74.218952078114668, 40.543830905687962 ], [ -74.218718732345422, 40.543230986208158 ], [ -74.219846512666749, 40.542986624211437 ], [ -74.219713192968854, 40.542643160712139 ], [ -74.219993365453561, 40.542905615864811 ], [ -74.220579160719694, 40.542874160398895 ], [ -74.220679324307099, 40.54315400296295 ], [ -74.220926456972762, 40.542511937226635 ], [ -74.222124691565227, 40.54224215826131 ], [ -74.222650739407271, 40.543452021476774 ], [ -74.221942929161074, 40.545068780769142 ], [ -74.221501321987702, 40.543957982778601 ], [ -74.220320927594045, 40.544208809786518 ], [ -74.220138466236733, 40.543738761779075 ] ] ], [ [ [ -74.187439577270723, 40.543744515214101 ], [ -74.188483447418264, 40.543459664885034 ], [ -74.188731935388347, 40.543978839387563 ], [ -74.187910273493301, 40.544199192867573 ], [ -74.187416689351679, 40.544771468818503 ], [ -74.186804849069688, 40.544479730913167 ], [ -74.187439577270723, 40.543744515214101 ] ] ], [ [ [ -74.189269284942682, 40.544580125072144 ], [ -74.189020926558086, 40.544068132351057 ], [ -74.190154979842106, 40.543751926720432 ], [ -74.190737951091748, 40.54417204804917 ], [ -74.189269284942682, 40.544580125072144 ] ] ], [ [ [ -74.187590411436304, 40.54485698933005 ], [ -74.188040798319378, 40.544333885618272 ], [ -74.188792436951147, 40.544127864809099 ], [ -74.188562757584478, 40.544431686208682 ], [ -74.188893725987441, 40.544339486408361 ], [ -74.189039466816737, 40.54464398012594 ], [ -74.187894298455376, 40.545004056727748 ], [ -74.187590411436304, 40.54485698933005 ] ] ], [ [ [ -74.188998238216769, 40.545537328435813 ], [ -74.188389718153076, 40.545244087821565 ], [ -74.189118151258953, 40.544801754689736 ], [ -74.189368754706535, 40.545320362360052 ], [ -74.188998238216769, 40.545537328435813 ] ] ], [ [ [ -74.188027393675711, 40.545365764981277 ], [ -74.187507299375014, 40.544979091794382 ], [ -74.188105869890023, 40.545274404784664 ], [ -74.188027393675711, 40.545365764981277 ] ] ], [ [ [ -74.189181726869123, 40.545627409654649 ], [ -74.189436967846646, 40.545476186312058 ], [ -74.189610231937777, 40.54583473944524 ], [ -74.189181726869123, 40.545627409654649 ] ] ], [ [ [ -74.202161295577682, 40.553359940707786 ], [ -74.202348250685517, 40.553758617676159 ], [ -74.201482824943284, 40.553993574272013 ], [ -74.201301134492226, 40.553581198788237 ], [ -74.202161295577682, 40.553359940707786 ] ] ], [ [ [ -74.218063880646028, 40.553869928732354 ], [ -74.218080276339833, 40.553740509614755 ], [ -74.218094381279911, 40.553868172416657 ], [ -74.218063880646028, 40.553869928732354 ] ] ], [ [ [ -74.21679144426497, 40.553445712660491 ], [ -74.217828554234544, 40.553406788479684 ], [ -74.217850571245293, 40.55430023571477 ], [ -74.217213381615196, 40.55471485894364 ], [ -74.21679144426497, 40.553445712660491 ] ] ], [ [ [ -74.190886668571096, 40.554794443398585 ], [ -74.19232774596226, 40.556200689287458 ], [ -74.191775813727816, 40.556553792543859 ], [ -74.190334740340049, 40.555147540672039 ], [ -74.190886668571096, 40.554794443398585 ] ] ], [ [ [ -74.212378388562371, 40.5563725506167 ], [ -74.212752515406535, 40.556160070967721 ], [ -74.212858188265713, 40.556264292346071 ], [ -74.212589643452688, 40.556643781676023 ], [ -74.212378388562371, 40.5563725506167 ] ] ], [ [ [ -74.192507103011209, 40.55639404194195 ], [ -74.194500734608127, 40.558304397697121 ], [ -74.193938764876762, 40.558647668392929 ], [ -74.191955316264796, 40.556747053055837 ], [ -74.192507103011209, 40.55639404194195 ] ] ], [ [ [ -74.187244813791011, 40.558270681674401 ], [ -74.187910120372408, 40.55893830358314 ], [ -74.187365760438126, 40.558985804235903 ], [ -74.187244813791011, 40.558270681674401 ] ] ], [ [ [ -74.19252259693819, 40.560406974421909 ], [ -74.19206224854355, 40.559984824905108 ], [ -74.193898417929319, 40.55896841899623 ], [ -74.194276357433651, 40.559339078765554 ], [ -74.19252259693819, 40.560406974421909 ] ] ], [ [ [ -74.1944118920742, 40.559466889176512 ], [ -74.194809555491148, 40.559856959794715 ], [ -74.193070272393115, 40.560916044647819 ], [ -74.192618207525413, 40.560496922722379 ], [ -74.1944118920742, 40.559466889176512 ] ] ], [ [ [ -74.188570008127016, 40.561794333290713 ], [ -74.187894129028905, 40.561983873623468 ], [ -74.187425303478093, 40.55919765168467 ], [ -74.188125472099372, 40.55913704962088 ], [ -74.188570008127016, 40.561794333290713 ] ] ], [ [ [ -74.186872269099908, 40.559246155629722 ], [ -74.187216982767538, 40.559216002002785 ], [ -74.187687343483717, 40.562001124521935 ], [ -74.18733658198137, 40.562032574447286 ], [ -74.186872269099908, 40.559246155629722 ] ] ], [ [ [ -74.188382714035441, 40.559409993973638 ], [ -74.189234533571906, 40.560280757430554 ], [ -74.189489921943405, 40.561844467270639 ], [ -74.188794782468577, 40.561905987865202 ], [ -74.188382714035441, 40.559409993973638 ] ] ], [ [ [ -74.188628031646289, 40.562141158135475 ], [ -74.188876680133774, 40.563615964771387 ], [ -74.188193506311052, 40.563727596169251 ], [ -74.18793169032007, 40.562202438633562 ], [ -74.188628031646289, 40.562141158135475 ] ] ], [ [ [ -74.187374400633729, 40.562249657848398 ], [ -74.187722120198586, 40.562220240769626 ], [ -74.187981326049055, 40.563759464779366 ], [ -74.187646965472595, 40.563814159317289 ], [ -74.187374400633729, 40.562249657848398 ] ] ], [ [ [ -74.190121139784125, 40.596221690551928 ], [ -74.188779967641551, 40.595517043713812 ], [ -74.189213739303042, 40.59493938388664 ], [ -74.18964682975863, 40.595163554421795 ], [ -74.189892522588764, 40.594886988341457 ], [ -74.190585914883528, 40.595296171786138 ], [ -74.191272703251443, 40.594779795407305 ], [ -74.190121139784125, 40.596221690551928 ] ] ], [ [ [ -74.189007425336442, 40.597775159566076 ], [ -74.189584235633703, 40.596171848305403 ], [ -74.190057448897576, 40.596521252790765 ], [ -74.18974747428534, 40.597911786028156 ], [ -74.189007425336442, 40.597775159566076 ] ] ], [ [ [ -74.180882601594007, 40.599011453499315 ], [ -74.180131593931051, 40.598461007676093 ], [ -74.182048133792492, 40.597095824920267 ], [ -74.182745629557118, 40.597689893541514 ], [ -74.180882601594007, 40.599011453499315 ] ] ], [ [ [ -74.186549295835391, 40.599527954968778 ], [ -74.184847221932415, 40.598298214297174 ], [ -74.187602075745829, 40.596474273585059 ], [ -74.189030327037173, 40.597086225986061 ], [ -74.188780759334108, 40.597849165329734 ], [ -74.189754943664084, 40.598035013182979 ], [ -74.188937878132563, 40.599433897755262 ], [ -74.186203826944137, 40.601693747454433 ], [ -74.186549295835391, 40.599527954968778 ] ] ], [ [ [ -74.181575391438699, 40.599548209824995 ], [ -74.183310284941186, 40.598335834424006 ], [ -74.183836865960401, 40.598783186952325 ], [ -74.181989596619474, 40.599898752792967 ], [ -74.181575391438699, 40.599548209824995 ] ] ], [ [ [ -74.18188139990383, 40.618028161364848 ], [ -74.179382813215511, 40.616112793722294 ], [ -74.179496020947283, 40.615923872846899 ], [ -74.18313639916758, 40.617767590087659 ], [ -74.182612608008327, 40.618211620958242 ], [ -74.18188139990383, 40.618028161364848 ] ] ], [ [ [ -74.15849986463796, 40.54581879276062 ], [ -74.158698634833982, 40.546198843666907 ], [ -74.157729889937542, 40.546691086876891 ], [ -74.156354893370832, 40.545636746956902 ], [ -74.156899491304884, 40.545321462261406 ], [ -74.1577442519187, 40.546155495191734 ], [ -74.15849986463796, 40.54581879276062 ] ] ], [ [ [ -74.178445845680685, 40.546884143819106 ], [ -74.177628740004565, 40.54758915921078 ], [ -74.177037869302765, 40.54725090747786 ], [ -74.177673562029838, 40.546504523167307 ], [ -74.178445845680685, 40.546884143819106 ] ] ], [ [ [ -74.177043929226812, 40.547484510504589 ], [ -74.177299554337779, 40.547614110079678 ], [ -74.176995229744179, 40.547973594082301 ], [ -74.176602966594004, 40.547779764043995 ], [ -74.177043929226812, 40.547484510504589 ] ] ], [ [ [ -74.149719369441684, 40.548199202858129 ], [ -74.149003574519, 40.548472232841604 ], [ -74.148661678597236, 40.54804405896347 ], [ -74.149512568634648, 40.54767731385634 ], [ -74.149719369441684, 40.548199202858129 ] ] ], [ [ [ -74.174151430113398, 40.547752781191392 ], [ -74.174859093785457, 40.548069096090529 ], [ -74.174311452995724, 40.548410557100929 ], [ -74.174782014108345, 40.54855991398486 ], [ -74.174011093038359, 40.548555614957145 ], [ -74.174029510421263, 40.548867400344555 ], [ -74.174537767790355, 40.548870335542844 ], [ -74.173493511323755, 40.5490044279816 ], [ -74.173019511196827, 40.548763029819561 ], [ -74.173027196516841, 40.548504075859029 ], [ -74.173845786112238, 40.548381443819849 ], [ -74.174151430113398, 40.547752781191392 ] ] ], [ [ [ -74.14857638191252, 40.548251646451853 ], [ -74.148824693228391, 40.548566806798782 ], [ -74.148488667237999, 40.548766416916386 ], [ -74.148208363902768, 40.548583088477542 ], [ -74.14857638191252, 40.548251646451853 ] ] ], [ [ [ -74.150003621271395, 40.548575273225943 ], [ -74.149526262360936, 40.548494884310578 ], [ -74.149927630109346, 40.548402704369394 ], [ -74.150003621271395, 40.548575273225943 ] ] ], [ [ [ -74.177256896316564, 40.548864733057464 ], [ -74.175733711930377, 40.548734672946445 ], [ -74.175850324450707, 40.548271709699229 ], [ -74.176516379617524, 40.548525861855971 ], [ -74.177256896316564, 40.548864733057464 ] ] ], [ [ [ -74.174938484541201, 40.548239166912374 ], [ -74.174983886670589, 40.547899280689428 ], [ -74.175720868157597, 40.548212344226101 ], [ -74.175593896360866, 40.54891190760582 ], [ -74.1753090166943, 40.54888164745573 ], [ -74.175234991879663, 40.549289479089389 ], [ -74.174804295949315, 40.549243729488921 ], [ -74.174913556206917, 40.548425789838497 ], [ -74.175644307793362, 40.54839223111302 ], [ -74.174938484541201, 40.548239166912374 ] ] ], [ [ [ -74.175761689870839, 40.548792701036248 ], [ -74.177423543888025, 40.548967282956454 ], [ -74.177959748674652, 40.549213801352224 ], [ -74.175999674215589, 40.549091703644699 ], [ -74.175761689870839, 40.548792701036248 ] ] ], [ [ [ -74.113218770631534, 40.551824076650149 ], [ -74.112897801379773, 40.551527103473795 ], [ -74.113247824798364, 40.551341913064476 ], [ -74.113463754709514, 40.55154125580416 ], [ -74.113218770631534, 40.551824076650149 ] ] ], [ [ [ -74.113722977333126, 40.551036018971992 ], [ -74.115034210386668, 40.552264600531402 ], [ -74.11481520299057, 40.552393829187906 ], [ -74.113323496595967, 40.551266630003752 ], [ -74.113722977333126, 40.551036018971992 ] ] ], [ [ [ -74.110515040579941, 40.552851764819735 ], [ -74.112838338677307, 40.551558563291103 ], [ -74.113213860767317, 40.551905731368919 ], [ -74.1108852913097, 40.553206874680882 ], [ -74.110515040579941, 40.552851764819735 ] ] ], [ [ [ -74.118964649653918, 40.553126760879124 ], [ -74.119336120642316, 40.552914849797894 ], [ -74.119010595497016, 40.553232023596145 ], [ -74.118964649653918, 40.553126760879124 ] ] ], [ [ [ -74.110172437320983, 40.553329153490353 ], [ -74.110353820190909, 40.553132953564493 ], [ -74.110414011760952, 40.553190931061188 ], [ -74.110172437320983, 40.553329153490353 ] ] ], [ [ [ -74.119563074515824, 40.553600276747993 ], [ -74.119403799799628, 40.553760098673379 ], [ -74.119041581056592, 40.553564137327378 ], [ -74.119146929514073, 40.553544352466872 ], [ -74.119563074515824, 40.553600276747993 ] ] ], [ [ [ -74.110672221528148, 40.553810545730194 ], [ -74.111036647417293, 40.553790649830283 ], [ -74.110795072096906, 40.553928873562228 ], [ -74.110672221528148, 40.553810545730194 ] ] ], [ [ [ -74.116335740327642, 40.553484027518373 ], [ -74.117177331327241, 40.554272499002543 ], [ -74.117065405229283, 40.554506027897141 ], [ -74.116098587919851, 40.553871635438952 ], [ -74.116335740327642, 40.553484027518373 ] ] ], [ [ [ -74.119710574327911, 40.554355195971645 ], [ -74.120320336610106, 40.553581024164892 ], [ -74.120698211744042, 40.553625885428161 ], [ -74.12083757221319, 40.553962402665633 ], [ -74.120162097836896, 40.554622415040932 ], [ -74.119710574327911, 40.554355195971645 ] ] ], [ [ [ -74.111187470063058, 40.553935917369827 ], [ -74.111198745275175, 40.554317682069808 ], [ -74.110945893348855, 40.554074141418539 ], [ -74.111187470063058, 40.553935917369827 ] ] ], [ [ [ -74.120326299067003, 40.554713379137837 ], [ -74.120785274224716, 40.55432316012287 ], [ -74.121297154393019, 40.554623154355205 ], [ -74.120899683038814, 40.555055376086244 ], [ -74.120326299067003, 40.554713379137837 ] ] ], [ [ [ -74.120250537731962, 40.554804925900733 ], [ -74.120471640416568, 40.554936234132448 ], [ -74.120245576396087, 40.555149849074972 ], [ -74.120021158188123, 40.555016571721282 ], [ -74.120250537731962, 40.554804925900733 ] ] ], [ [ [ -74.122056242354134, 40.555040850154668 ], [ -74.121613687617298, 40.555458802071769 ], [ -74.121085114738278, 40.555156909642506 ], [ -74.121598962779814, 40.5547668006216 ], [ -74.122056242354134, 40.555040850154668 ] ] ], [ [ [ -74.119496844519261, 40.555248368343186 ], [ -74.118703733143505, 40.555133583006715 ], [ -74.118934469404962, 40.554913486074753 ], [ -74.119496844519261, 40.555248368343186 ] ] ], [ [ [ -74.112295959727987, 40.555003565051869 ], [ -74.11225992562953, 40.555339758789316 ], [ -74.112054381448303, 40.555141792320391 ], [ -74.112295959727987, 40.555003565051869 ] ] ], [ [ [ -74.120001432395611, 40.555904944887317 ], [ -74.119570186217331, 40.555651150762998 ], [ -74.119784857817493, 40.555408245004159 ], [ -74.120240633535175, 40.555678919137264 ], [ -74.120001432395611, 40.555904944887317 ] ] ], [ [ [ -74.118264791291779, 40.555977966292581 ], [ -74.11898067714597, 40.55552184581088 ], [ -74.11854476875169, 40.556148270720854 ], [ -74.118264791291779, 40.555977966292581 ] ] ], [ [ [ -74.120170744581941, 40.556003382733977 ], [ -74.120993212305677, 40.555238828366669 ], [ -74.121501905914485, 40.555552002437075 ], [ -74.12073670774403, 40.556342156243709 ], [ -74.120170744581941, 40.556003382733977 ] ] ], [ [ [ -74.119347559972283, 40.555811369911005 ], [ -74.119845665838113, 40.556040477418982 ], [ -74.118986026661133, 40.556410190068206 ], [ -74.118714908054301, 40.556245277118407 ], [ -74.119347559972283, 40.555811369911005 ] ] ], [ [ [ -74.113431099291162, 40.556096835261229 ], [ -74.11336671965492, 40.556405723627947 ], [ -74.113189520586147, 40.556235064003083 ], [ -74.113431099291162, 40.556096835261229 ] ] ], [ [ [ -74.113664096512139, 40.556321231363547 ], [ -74.11406908162617, 40.556711264858777 ], [ -74.113827500838696, 40.556849494936564 ], [ -74.113422516297149, 40.556459460594056 ], [ -74.113664096512139, 40.556321231363547 ] ] ], [ [ [ -74.119666064748884, 40.557162997404369 ], [ -74.119561234632314, 40.556742526415391 ], [ -74.11921150586204, 40.55689312752623 ], [ -74.120032418809785, 40.556134867410407 ], [ -74.120597935247702, 40.556473175594668 ], [ -74.120369906717386, 40.556685599614021 ], [ -74.120086460749235, 40.556516034490194 ], [ -74.119731185750183, 40.556844197130253 ], [ -74.12001646069325, 40.557014856255833 ], [ -74.119666064748884, 40.557162997404369 ] ] ], [ [ [ -74.11419689275489, 40.557205244171442 ], [ -74.114177522569562, 40.55681570013563 ], [ -74.114510192814194, 40.557136082465512 ], [ -74.11419689275489, 40.557205244171442 ] ] ], [ [ [ -74.116570203952307, 40.567988255282962 ], [ -74.117653615908054, 40.566795898432403 ], [ -74.11903637073641, 40.567534220070435 ], [ -74.117361268783142, 40.569281946158036 ], [ -74.115145353765939, 40.568103959278247 ], [ -74.115681534156408, 40.567518115043924 ], [ -74.116570203952307, 40.567988255282962 ] ] ], [ [ [ -74.118159633989919, 40.569416124359023 ], [ -74.118934423992982, 40.569885440587043 ], [ -74.118667976522929, 40.570160416987299 ], [ -74.11789318638489, 40.569691099872983 ], [ -74.118159633989919, 40.569416124359023 ] ] ], [ [ [ -74.136947108993013, 40.575300845314899 ], [ -74.138084167442216, 40.57516282227509 ], [ -74.138126224454709, 40.575718015011596 ], [ -74.137414490135328, 40.575805575642953 ], [ -74.136947108993013, 40.575300845314899 ] ] ], [ [ [ -74.094332421058269, 40.58132816451846 ], [ -74.096620565751508, 40.582497278808994 ], [ -74.09631762261057, 40.582737566125715 ], [ -74.094133719405335, 40.581552530147135 ], [ -74.094332421058269, 40.58132816451846 ] ] ], [ [ [ -74.097528665496526, 40.582144661373981 ], [ -74.099090811922153, 40.582878526284695 ], [ -74.098599416230982, 40.58327438636865 ], [ -74.097981663657677, 40.582659605504638 ], [ -74.097780993230145, 40.582821161225318 ], [ -74.09697228338436, 40.582586087570945 ], [ -74.097442287287109, 40.58245644126233 ], [ -74.097528665496526, 40.582144661373981 ] ] ], [ [ [ -74.098524296562687, 40.584349835236779 ], [ -74.098170448567984, 40.583822303959408 ], [ -74.099225165853795, 40.582974025302249 ], [ -74.099740345532439, 40.583340203381752 ], [ -74.098524296562687, 40.584349835236779 ] ] ], [ [ [ -74.094710389405961, 40.584202612754545 ], [ -74.096168913095752, 40.583043786448819 ], [ -74.097801619881352, 40.584026185882053 ], [ -74.096431921520619, 40.585091006930334 ], [ -74.094710389405961, 40.584202612754545 ] ] ], [ [ [ -74.099084056612227, 40.584684696473751 ], [ -74.098679107004727, 40.584442960666337 ], [ -74.09990267429265, 40.583421313953913 ], [ -74.100424711175506, 40.583782322989258 ], [ -74.099084056612227, 40.584684696473751 ] ] ], [ [ [ -74.072221041549525, 40.587702381116543 ], [ -74.073037602103, 40.588126136774541 ], [ -74.072537816797194, 40.588742693368189 ], [ -74.072026116229267, 40.588364666586884 ], [ -74.072452263811925, 40.587838956651574 ], [ -74.071912009420217, 40.587730372304662 ], [ -74.072221041549525, 40.587702381116543 ] ] ], [ [ [ -74.105747713586098, 40.58923912506193 ], [ -74.104758211956792, 40.589073767699389 ], [ -74.105724059486974, 40.588139048671536 ], [ -74.106311210682222, 40.588739291978143 ], [ -74.105747713586098, 40.58923912506193 ] ] ], [ [ [ -74.129027562938035, 40.593281885106428 ], [ -74.128486018165418, 40.593356978726078 ], [ -74.127929742892462, 40.593843726421433 ], [ -74.127879472023977, 40.591466227354104 ], [ -74.128150858886841, 40.592101322105513 ], [ -74.12876254341127, 40.592406738996566 ], [ -74.129027562938035, 40.593281885106428 ] ] ], [ [ [ -74.13723183060371, 40.59374292553035 ], [ -74.137233213285285, 40.59374260329259 ], [ -74.137233212300032, 40.593742698749352 ], [ -74.13723183060371, 40.59374292553035 ] ] ], [ [ [ -74.080406573669904, 40.599418798595721 ], [ -74.080728222801056, 40.600668518351235 ], [ -74.080324034197417, 40.601327191616136 ], [ -74.079349680285006, 40.601023761120146 ], [ -74.07938562286256, 40.60063730855623 ], [ -74.080047794776988, 40.600675611339668 ], [ -74.079857537075355, 40.599387040866752 ], [ -74.080406573669904, 40.599418798595721 ] ] ], [ [ [ -74.083157461231821, 40.600668329768368 ], [ -74.084334854766695, 40.600233016445387 ], [ -74.084485903558814, 40.600483634423618 ], [ -74.083313017297925, 40.600926434759394 ], [ -74.083157461231821, 40.600668329768368 ] ] ], [ [ [ -74.08415317039946, 40.601034548130791 ], [ -74.083401646478421, 40.601064105405484 ], [ -74.084703234733809, 40.600604077844345 ], [ -74.0842831599645, 40.600761432428769 ], [ -74.084407316589449, 40.601253542647783 ], [ -74.08415317039946, 40.601034548130791 ] ] ], [ [ [ -74.151321400226479, 40.605428508702019 ], [ -74.150667206446244, 40.606005938471149 ], [ -74.148300174557804, 40.605872262992364 ], [ -74.148280316250307, 40.60495305089264 ], [ -74.147608595060845, 40.604649879311694 ], [ -74.146883971364758, 40.603392219865775 ], [ -74.151061209620863, 40.603285956819875 ], [ -74.150603339575653, 40.6048786544942 ], [ -74.151321400226479, 40.605428508702019 ] ] ], [ [ [ -74.113577407504636, 40.610491871106497 ], [ -74.114423455430497, 40.610644157664332 ], [ -74.113788926803323, 40.610564084591076 ], [ -74.113471071449723, 40.610461360181212 ], [ -74.113261758615721, 40.610363892397295 ], [ -74.113027831833463, 40.610218220977387 ], [ -74.112829230246206, 40.610051295406912 ], [ -74.112714169419633, 40.60992658242214 ], [ -74.112518983495775, 40.609633651903941 ], [ -74.113577407504636, 40.610491871106497 ] ] ], [ [ [ -74.091388162631944, 40.613105377479087 ], [ -74.091527514084476, 40.612396236569744 ], [ -74.092776966829348, 40.6126391583025 ], [ -74.092134433532053, 40.613062350557094 ], [ -74.091388162631944, 40.613105377479087 ] ] ], [ [ [ -74.132305523788645, 40.612438431234828 ], [ -74.132088277327782, 40.613234013318092 ], [ -74.13073612287404, 40.612796960930638 ], [ -74.130718792130722, 40.612557845734514 ], [ -74.132305523788645, 40.612438431234828 ] ] ], [ [ [ -74.176345024655362, 40.617340108378869 ], [ -74.175188546822724, 40.618759220631233 ], [ -74.173620233846862, 40.619775583578871 ], [ -74.171584345714919, 40.620418537892121 ], [ -74.169545964325565, 40.620477790850366 ], [ -74.171903430452616, 40.617273839871764 ], [ -74.173221382122151, 40.617410306850331 ], [ -74.173532190907935, 40.616771212742151 ], [ -74.174691684840369, 40.616359380160787 ], [ -74.17425177020101, 40.61540818554198 ], [ -74.173497165676082, 40.615212801400482 ], [ -74.174407093032826, 40.614035457890886 ], [ -74.175648245421726, 40.615610423873932 ], [ -74.176345024655362, 40.617340108378869 ] ] ], [ [ [ -74.168197943232201, 40.627688601222012 ], [ -74.168358128915969, 40.626923860164986 ], [ -74.169230961758231, 40.627168628697611 ], [ -74.16907318713217, 40.627831589883279 ], [ -74.168197943232201, 40.627688601222012 ] ] ], [ [ [ -74.171165677810393, 40.628315616707035 ], [ -74.171302142021759, 40.630459209741581 ], [ -74.171305043279986, 40.630497228124611 ], [ -74.171104345725979, 40.630498251891446 ], [ -74.171165677810393, 40.628315616707035 ] ] ], [ [ [ -74.148044891751283, 40.63427986208071 ], [ -74.147559428205568, 40.635799402437797 ], [ -74.14668195412095, 40.635641547389753 ], [ -74.147015832995962, 40.634587107398296 ], [ -74.148044891751283, 40.63427986208071 ] ] ], [ [ [ -74.144710053234874, 40.635796369120314 ], [ -74.145669328877759, 40.635051931620261 ], [ -74.145564788871624, 40.635459017665404 ], [ -74.144710053234874, 40.635796369120314 ] ] ], [ [ [ -74.171350298153882, 40.637190936606011 ], [ -74.171660063137566, 40.636492519821452 ], [ -74.172760848495372, 40.636489413282199 ], [ -74.172543911600457, 40.634750627314368 ], [ -74.171300133230105, 40.634754024182804 ], [ -74.171283347413549, 40.633572067883847 ], [ -74.177934379539678, 40.633329491052507 ], [ -74.177914825433433, 40.64086078638632 ], [ -74.175292542118527, 40.641159244075467 ], [ -74.173946743705798, 40.640884859486953 ], [ -74.172783291928212, 40.640260541227036 ], [ -74.171800195533592, 40.640346669382126 ], [ -74.17168536663246, 40.637188454767035 ], [ -74.171350298153882, 40.637190936606011 ] ] ], [ [ [ -74.171359563903593, 40.637827740274169 ], [ -74.171701010112955, 40.637618737030927 ], [ -74.171705434808814, 40.637824570494772 ], [ -74.171359563903593, 40.637827740274169 ] ] ], [ [ [ -74.072130799960817, 40.588744104064212 ], [ -74.072206452354237, 40.588650779417982 ], [ -74.072384652178073, 40.588931641452028 ], [ -74.072130799960817, 40.588744104064212 ] ] ], [ [ [ -74.07190364878889, 40.589507719277236 ], [ -74.070749477168931, 40.588735380412729 ], [ -74.071033591952101, 40.588156043297033 ], [ -74.072249313724043, 40.589090710456716 ], [ -74.07190364878889, 40.589507719277236 ] ] ], [ [ [ -74.071610348345644, 40.589864969900475 ], [ -74.071096655741968, 40.590192005995668 ], [ -74.070035464375948, 40.589017590740916 ], [ -74.070600982354065, 40.588862366321422 ], [ -74.071610348345644, 40.589864969900475 ] ] ], [ [ [ -73.976738162097959, 40.61100888259466 ], [ -73.977327762365292, 40.610946675443394 ], [ -73.977407176961364, 40.611410476900758 ], [ -73.977011572569467, 40.611172768859738 ], [ -73.976738162097959, 40.61100888259466 ] ] ], [ [ [ -73.954739192114559, 40.613435255509998 ], [ -73.952987825137583, 40.615524139720897 ], [ -73.952503119714962, 40.615716082828733 ], [ -73.949502334867873, 40.614008895345442 ], [ -73.94799920908595, 40.611567576865902 ], [ -73.946932078661675, 40.611684183334376 ], [ -73.946523858041203, 40.609539852572041 ], [ -73.948413547580529, 40.609333010907427 ], [ -73.94870182425376, 40.610851740040836 ], [ -73.951102226238689, 40.60834827551632 ], [ -73.955219764704282, 40.610077719365087 ], [ -73.955520165003207, 40.610739542773665 ], [ -73.953937725123595, 40.612351255832586 ], [ -73.954739192114559, 40.613435255509998 ] ] ], [ [ [ -73.922373032739657, 40.613297886244958 ], [ -73.921541238854218, 40.613285498141785 ], [ -73.922276714863813, 40.612810377988694 ], [ -73.922373032739657, 40.613297886244958 ] ] ], [ [ [ -73.932195123480852, 40.623269164556987 ], [ -73.933100069304601, 40.622693929082736 ], [ -73.933153582656587, 40.623201637462536 ], [ -73.932195123480852, 40.623269164556987 ] ] ], [ [ [ -73.927660306038135, 40.626211075356771 ], [ -73.927613366973546, 40.625823587833324 ], [ -73.928316380659012, 40.625784523026788 ], [ -73.927660306038135, 40.626211075356771 ] ] ], [ [ [ -73.92495622240267, 40.628349391830298 ], [ -73.924297209699702, 40.628386583061271 ], [ -73.924918717015615, 40.627983864918946 ], [ -73.92495622240267, 40.628349391830298 ] ] ], [ [ [ -73.961142768772078, 40.627649485726863 ], [ -73.961619647363577, 40.629102986242572 ], [ -73.961196690338866, 40.629151344824564 ], [ -73.960917773077071, 40.627674514977194 ], [ -73.961142768772078, 40.627649485726863 ] ] ], [ [ [ -73.93423676862011, 40.62859293263827 ], [ -73.934579082288593, 40.628460973031032 ], [ -73.93459079528003, 40.628570842222167 ], [ -73.93423676862011, 40.62859293263827 ] ] ], [ [ [ -73.915265137412248, 40.628609861998974 ], [ -73.915263470632539, 40.62860817949953 ], [ -73.915265683167348, 40.628609172602772 ], [ -73.915265137412248, 40.628609861998974 ] ] ], [ [ [ -73.995677285999477, 40.630789292044824 ], [ -73.996194790345768, 40.631105851446726 ], [ -73.995617738979902, 40.631667017189301 ], [ -73.995460762895618, 40.631574698321515 ], [ -73.995677285999477, 40.630789292044824 ] ] ], [ [ [ -73.960605221599309, 40.631066235701788 ], [ -73.960666909761613, 40.631668133411942 ], [ -73.960573725902933, 40.631052677490793 ], [ -73.960605221599309, 40.631066235701788 ] ] ], [ [ [ -73.948995810511121, 40.632153488815135 ], [ -73.947542920488587, 40.631580778117069 ], [ -73.947458370931557, 40.630590411258225 ], [ -73.951161531401567, 40.630184609494549 ], [ -73.95103331754035, 40.629652334031078 ], [ -73.95217147553663, 40.629196714311519 ], [ -73.953447841936523, 40.629546995376487 ], [ -73.953771341120444, 40.62922563602752 ], [ -73.955363207937822, 40.629037338011955 ], [ -73.956737143963593, 40.627541359452017 ], [ -73.959130275865917, 40.628633459723567 ], [ -73.96001257104993, 40.628637116300382 ], [ -73.96022499183438, 40.629516967998242 ], [ -73.961197196108131, 40.630076849784487 ], [ -73.957037599478355, 40.634689214197309 ], [ -73.956447769196629, 40.634411996109073 ], [ -73.95451622312369, 40.636384911578723 ], [ -73.953873448755715, 40.636019293992966 ], [ -73.953531885434046, 40.636368447341816 ], [ -73.952428929994298, 40.635737325017949 ], [ -73.951857237694213, 40.634995893207794 ], [ -73.950834202987963, 40.634598683467416 ], [ -73.949478875997414, 40.634489493339018 ], [ -73.949622468104423, 40.633453498117746 ], [ -73.948270202471676, 40.632919530884735 ], [ -73.948995810511121, 40.632153488815135 ] ] ], [ [ [ -73.960754793821508, 40.631871834820942 ], [ -73.960810164491534, 40.632430316206737 ], [ -73.960725137931576, 40.631840490221215 ], [ -73.960754793821508, 40.631871834820942 ] ] ], [ [ [ -73.963550616228176, 40.632285294749138 ], [ -73.963127529343623, 40.632301515982142 ], [ -73.963567995753252, 40.632263021408207 ], [ -73.963550616228176, 40.632285294749138 ] ] ], [ [ [ -73.962924134965021, 40.632350543289675 ], [ -73.962552047643882, 40.632359034372541 ], [ -73.962943796857928, 40.632326741697362 ], [ -73.962924134965021, 40.632350543289675 ] ] ], [ [ [ -73.962018148618867, 40.63245141732736 ], [ -73.961641568306675, 40.632454848464015 ], [ -73.962031813640763, 40.632433251161061 ], [ -73.962018148618867, 40.63245141732736 ] ] ], [ [ [ -73.961441544558497, 40.632489750527583 ], [ -73.961022140657093, 40.632559862232199 ], [ -73.961000139646657, 40.632541743526737 ], [ -73.961441544558497, 40.632489750527583 ] ] ], [ [ [ -73.960696241497331, 40.632560791391434 ], [ -73.960030232844403, 40.632669297709839 ], [ -73.959997885317904, 40.632652019002158 ], [ -73.960696241497331, 40.632560791391434 ] ] ], [ [ [ -73.959760294172895, 40.632694856650481 ], [ -73.959072126463795, 40.632751823746325 ], [ -73.959780241257789, 40.632676480427911 ], [ -73.959760294172895, 40.632694856650481 ] ] ], [ [ [ -73.960913389319501, 40.632682076217797 ], [ -73.960958215723508, 40.63322871657207 ], [ -73.960882968776474, 40.632665925864558 ], [ -73.960913389319501, 40.632682076217797 ] ] ], [ [ [ -73.961046832434249, 40.633423649615239 ], [ -73.96109576172411, 40.633958819547203 ], [ -73.961016966582662, 40.633400253008254 ], [ -73.961046832434249, 40.633423649615239 ] ] ], [ [ [ -73.961190788184041, 40.634154946019109 ], [ -73.96126015011734, 40.63476910456432 ], [ -73.961160554815805, 40.634138851637466 ], [ -73.961190788184041, 40.634154946019109 ] ] ], [ [ [ -73.996066794923038, 40.634673281249263 ], [ -73.994893598904369, 40.635790635332164 ], [ -73.994846010744354, 40.635761474702953 ], [ -73.995074630325121, 40.634076730848868 ], [ -73.996066794923038, 40.634673281249263 ] ] ], [ [ [ -73.994733174843802, 40.63659162110298 ], [ -73.994318292383866, 40.636353558591253 ], [ -73.994834146739237, 40.6358488061163 ], [ -73.994733174843802, 40.63659162110298 ] ] ], [ [ [ -73.982337042061744, 40.640976181014373 ], [ -73.982994192414253, 40.641324996849143 ], [ -73.981232405013685, 40.642044913387785 ], [ -73.981757885971177, 40.641535736038698 ], [ -73.982337042061744, 40.640976181014373 ] ] ], [ [ [ -73.920897646893067, 40.653625105882398 ], [ -73.919962039820689, 40.652788274636386 ], [ -73.920773666844894, 40.65255431408562 ], [ -73.920897646893067, 40.653625105882398 ] ] ], [ [ [ -73.952691360138303, 40.661056008339834 ], [ -73.952876213913953, 40.660764603227584 ], [ -73.952906967691106, 40.66104272684295 ], [ -73.952691360138303, 40.661056008339834 ] ] ], [ [ [ -73.882262677270845, 40.67099058220623 ], [ -73.882017616613112, 40.671027251414515 ], [ -73.881997755130243, 40.671253389365233 ], [ -73.881928486765474, 40.670981877521818 ], [ -73.882262677270845, 40.67099058220623 ] ] ], [ [ [ -73.889841628270844, 40.674172931277099 ], [ -73.889972044999624, 40.674318620830149 ], [ -73.889882506982858, 40.674331853794378 ], [ -73.889841628270844, 40.674172931277099 ] ] ], [ [ [ -73.95307012816906, 40.67625192687855 ], [ -73.952677824878762, 40.677026983454169 ], [ -73.952687085426874, 40.676245088157827 ], [ -73.95307012816906, 40.67625192687855 ] ] ], [ [ [ -73.953707660626293, 40.67758544373855 ], [ -73.953580737995196, 40.67727306166892 ], [ -73.953806745754463, 40.6773202405452 ], [ -73.953707660626293, 40.67758544373855 ] ] ], [ [ [ -73.957163765806499, 40.685834221448218 ], [ -73.957308965865053, 40.686099520843314 ], [ -73.957219834309143, 40.686109768907571 ], [ -73.957163765806499, 40.685834221448218 ] ] ], [ [ [ -74.042555501901745, 40.689967128177493 ], [ -74.043467892774331, 40.689633615436044 ], [ -74.04362557836204, 40.688777390620992 ], [ -74.044385217112506, 40.688516178235481 ], [ -74.046275389376191, 40.689327425562034 ], [ -74.046810183353912, 40.689945339278964 ], [ -74.047476515283705, 40.68961136999809 ], [ -74.047738998047222, 40.689912766468801 ], [ -74.046912229656257, 40.690078318329284 ], [ -74.047165439368882, 40.690995428150664 ], [ -74.046169027467911, 40.691135402014936 ], [ -74.043877616399058, 40.690187675371234 ], [ -74.043509554999815, 40.689703349367754 ], [ -74.042702219173179, 40.690165551150486 ], [ -74.042555501901745, 40.689967128177493 ] ] ], [ [ [ -74.039912488726173, 40.697702040398468 ], [ -74.041660060786995, 40.696438225655243 ], [ -74.043741669705526, 40.698035718442021 ], [ -74.041138986760046, 40.700476361532289 ], [ -74.040817674512923, 40.700281259877514 ], [ -74.040313320695233, 40.700626385370413 ], [ -74.040536377321928, 40.700782094439965 ], [ -74.040288113823138, 40.700643634083825 ], [ -74.039950407884888, 40.700890630307676 ], [ -74.03771199038539, 40.699334955699698 ], [ -74.038229544013433, 40.698368591362794 ], [ -74.039000438780221, 40.698369890391035 ], [ -74.039352133549727, 40.698092476431647 ], [ -74.041238230288414, 40.699533488054371 ], [ -74.041718187415384, 40.699170578172307 ], [ -74.039912488726173, 40.697702040398468 ] ] ], [ [ [ -73.848187722356599, 40.869124121277238 ], [ -73.846848637666682, 40.868347168884405 ], [ -73.847140959672601, 40.867622262074022 ], [ -73.846421444872462, 40.868161855723422 ], [ -73.846330703548844, 40.868574503313511 ], [ -73.847255522523071, 40.869187728548859 ], [ -73.846621949325822, 40.87031195846366 ], [ -73.847035342336866, 40.869844441956765 ], [ -73.846992736899125, 40.870852888254113 ], [ -73.846726752609655, 40.870717145471609 ], [ -73.845993496315671, 40.871106207040093 ], [ -73.846071475415698, 40.872474374518276 ], [ -73.845529970018035, 40.873459703955284 ], [ -73.847291673830654, 40.874037635071737 ], [ -73.845991338514736, 40.876384751289947 ], [ -73.846367839347593, 40.877034718267097 ], [ -73.845456107553659, 40.877337563709887 ], [ -73.844999073117833, 40.878230311136555 ], [ -73.844890547729406, 40.879806433406465 ], [ -73.843502439320901, 40.881181899431773 ], [ -73.842810223240207, 40.880642254282542 ], [ -73.843024285268243, 40.881114429360267 ], [ -73.842158774810628, 40.881390217071669 ], [ -73.842741981295987, 40.882350971070615 ], [ -73.843712184402364, 40.881661234288927 ], [ -73.847447066778216, 40.880752862802034 ], [ -73.848495870501523, 40.883025652108429 ], [ -73.849633203185405, 40.884355193821087 ], [ -73.849094735637777, 40.88451271833739 ], [ -73.849458281402761, 40.884756953298776 ], [ -73.849209421433812, 40.8853264730528 ], [ -73.848521172102167, 40.885372597996742 ], [ -73.850050489152466, 40.888640880155897 ], [ -73.849947992692066, 40.889441506537125 ], [ -73.849250020692452, 40.890049768155677 ], [ -73.849731453485973, 40.89098037866512 ], [ -73.846922995003439, 40.892876605184142 ], [ -73.849759548370045, 40.893938140194358 ], [ -73.850260629655978, 40.895160749519292 ], [ -73.850874936480551, 40.895418855784214 ], [ -73.848034943195557, 40.899336467576035 ], [ -73.84742583073924, 40.899080229709803 ], [ -73.847129843123554, 40.899485201565376 ], [ -73.84204819496766, 40.897361596427025 ], [ -73.841940258153912, 40.896017144457254 ], [ -73.842478531348959, 40.895273082422321 ], [ -73.841469914129888, 40.894852772124104 ], [ -73.840829633492561, 40.89545025840475 ], [ -73.840068640522176, 40.895258384228498 ], [ -73.839038790326896, 40.895778013103126 ], [ -73.837836560129475, 40.895946638505784 ], [ -73.837780846537001, 40.895185195881417 ], [ -73.837500262821024, 40.895059310440701 ], [ -73.830867113829655, 40.89292305566417 ], [ -73.830160754930347, 40.892481429456687 ], [ -73.830097318972065, 40.891655146907176 ], [ -73.828982405795344, 40.890796456880302 ], [ -73.827867019869245, 40.889370295312403 ], [ -73.82722429784296, 40.890910233551907 ], [ -73.822523776668689, 40.889428823916781 ], [ -73.822552901110356, 40.889806404648276 ], [ -73.823374431023993, 40.889921762435748 ], [ -73.823370039960665, 40.890967295878433 ], [ -73.822853350726845, 40.891206829096177 ], [ -73.820700310163929, 40.890636615098614 ], [ -73.820452075151664, 40.890967229859896 ], [ -73.819574509296871, 40.890315059085331 ], [ -73.818505718100468, 40.890789587860823 ], [ -73.818973772228759, 40.890335229307524 ], [ -73.81782255322014, 40.890525764878269 ], [ -73.816482614263379, 40.890292123514406 ], [ -73.815168548592794, 40.889037762259527 ], [ -73.815172282181948, 40.886772888950283 ], [ -73.811424004080834, 40.886780955022829 ], [ -73.807297734953934, 40.886151515110619 ], [ -73.804838707681171, 40.886473964601755 ], [ -73.804237617251829, 40.886341681883536 ], [ -73.805201136695672, 40.885999955849563 ], [ -73.800452990767624, 40.884654238245112 ], [ -73.800138973892672, 40.884868971376022 ], [ -73.800473153334551, 40.884949600269763 ], [ -73.799399163163386, 40.885930374938411 ], [ -73.798572344322707, 40.884449809887755 ], [ -73.798781507506959, 40.884195894184664 ], [ -73.798612811810358, 40.884151545388718 ], [ -73.79850577946894, 40.884655621010126 ], [ -73.797128214300585, 40.885392181142073 ], [ -73.796169578702688, 40.884340402860389 ], [ -73.796050524344693, 40.883477896079903 ], [ -73.793228709484552, 40.882822595157023 ], [ -73.793006526493315, 40.883358736880481 ], [ -73.784735471689785, 40.881032343346853 ], [ -73.783751517413407, 40.880986222502848 ], [ -73.782472152728218, 40.880395609437983 ], [ -73.777878558194146, 40.879122804098209 ], [ -73.745161102601287, 40.871450708303342 ], [ -73.75439238504535, 40.856552870490454 ], [ -73.775115001017696, 40.830868722511674 ], [ -73.778957513543844, 40.811713192711203 ], [ -73.763712079313692, 40.793803064776128 ], [ -73.75710329156199, 40.789692097953498 ], [ -73.751166614238826, 40.783264470612458 ], [ -73.74994714117166, 40.783170535231392 ], [ -73.748749945330204, 40.78160476694439 ], [ -73.743936308165303, 40.778578588706559 ], [ -73.742604866925078, 40.778471705947965 ], [ -73.740717917974081, 40.777715308072651 ], [ -73.740329663620997, 40.777068761807122 ], [ -73.739305095624019, 40.776841690134539 ], [ -73.739287854162853, 40.776558226611897 ], [ -73.736307542530312, 40.77507692580582 ], [ -73.735133149641044, 40.774193360123427 ], [ -73.735741906666973, 40.773369401833051 ], [ -73.736599385856977, 40.773206071730627 ], [ -73.734532819776533, 40.772237106679832 ], [ -73.73407917713898, 40.772314260596751 ], [ -73.733062864892418, 40.770026254535992 ], [ -73.733526674798384, 40.769219572878711 ], [ -73.733590964217214, 40.769427497463994 ], [ -73.734189037102155, 40.769335423070949 ], [ -73.734182142813424, 40.768261228666709 ], [ -73.733454829828148, 40.767522856460523 ], [ -73.734677698909209, 40.767370713348875 ], [ -73.734354298906098, 40.765891113519828 ], [ -73.735037292362165, 40.764671966654475 ], [ -73.733019247623375, 40.764330227654057 ], [ -73.733140984088593, 40.762347094445971 ], [ -73.730228878472715, 40.761920853047855 ], [ -73.730253066775688, 40.762404583610092 ], [ -73.728874145905777, 40.763130547384719 ], [ -73.729155084828349, 40.764127408889451 ], [ -73.728553418114402, 40.764234250357909 ], [ -73.728503000281975, 40.764500724190526 ], [ -73.728790604709673, 40.76558688240609 ], [ -73.727584240446291, 40.76581280680977 ], [ -73.727475039993266, 40.766541116165982 ], [ -73.727901530794384, 40.76672597309291 ], [ -73.728027150237736, 40.767290393880273 ], [ -73.727325068860395, 40.768047423220153 ], [ -73.724709748598769, 40.766959880155156 ], [ -73.723113477534909, 40.766934700333813 ], [ -73.722511754696654, 40.766076522571844 ], [ -73.719767304553145, 40.764293416884527 ], [ -73.720376253640822, 40.764167173519539 ], [ -73.722325982925796, 40.762003470810448 ], [ -73.721877375119576, 40.760952099549336 ], [ -73.722933192516436, 40.760855947660694 ], [ -73.723329321438086, 40.761385475552601 ], [ -73.725039337654124, 40.759844226521807 ], [ -73.725165814111364, 40.758921439607676 ], [ -73.723703362070609, 40.758256154491704 ], [ -73.723989282899041, 40.757425832800358 ], [ -73.722389853367957, 40.75699712537682 ], [ -73.723337524598037, 40.75637868760267 ], [ -73.723556975103946, 40.755294479378982 ], [ -73.724539040966192, 40.754741502906874 ], [ -73.724268089366547, 40.754012596584786 ], [ -73.723187858997079, 40.754559720403805 ], [ -73.723031561831988, 40.754285346362252 ], [ -73.720848003818446, 40.757552014489903 ], [ -73.718516038277428, 40.759072947209738 ], [ -73.716655047898186, 40.759644026651927 ], [ -73.714019956957131, 40.759937007427126 ], [ -73.712449407307119, 40.759241704218731 ], [ -73.717092025870912, 40.759167275615866 ], [ -73.719640380403447, 40.757971376070877 ], [ -73.721092504635422, 40.756281555534933 ], [ -73.722917503237653, 40.753342419253002 ], [ -73.723158946852308, 40.753142166900922 ], [ -73.723947805671486, 40.752858788829109 ], [ -73.725697517276245, 40.751850600198729 ], [ -73.727099192894386, 40.750538179755232 ], [ -73.727840731083603, 40.749271972857315 ], [ -73.72829056028381, 40.747458664998483 ], [ -73.726743709024475, 40.744688467679417 ], [ -73.724317922211398, 40.745390018414753 ], [ -73.724026731759096, 40.74502162280934 ], [ -73.726475623548581, 40.744217450374563 ], [ -73.724882581852498, 40.741387139156146 ], [ -73.725864522866516, 40.741051153400761 ], [ -73.724683379737925, 40.73991770396389 ], [ -73.723058974125806, 40.736252985727553 ], [ -73.722701768831101, 40.733400390079801 ], [ -73.722564322771831, 40.734152247712707 ], [ -73.722235714426674, 40.734221506426024 ], [ -73.7223402608318, 40.733406156232441 ], [ -73.719752476132768, 40.736342679541387 ], [ -73.719444921385815, 40.736211908539332 ], [ -73.718832094675022, 40.736490732484157 ], [ -73.713264050422524, 40.734034184411868 ], [ -73.713797398695434, 40.733306476175699 ], [ -73.71350975694277, 40.732153712694753 ], [ -73.716431885959068, 40.729109386655644 ], [ -73.716979697570565, 40.729377656166491 ], [ -73.717675556120213, 40.728324277372685 ], [ -73.718083652742749, 40.728397019350737 ], [ -73.718028785545499, 40.72926902723686 ], [ -73.71934436260166, 40.729162860837235 ], [ -73.719529490941952, 40.730096989168452 ], [ -73.721471415277506, 40.731337402851821 ], [ -73.722495910201218, 40.732661674197679 ], [ -73.722617586279171, 40.732694040629823 ], [ -73.722780304345676, 40.732282716548838 ], [ -73.72280610036664, 40.732744185983094 ], [ -73.723598003267057, 40.729000497886858 ], [ -73.723272679926168, 40.728959697226976 ], [ -73.723859870769417, 40.726260827284868 ], [ -73.72339106137899, 40.726191073327435 ], [ -73.723869556052691, 40.726206112295671 ], [ -73.723912094537866, 40.72578475296185 ], [ -73.723543947332317, 40.725723777741749 ], [ -73.723911583772065, 40.725689563090931 ], [ -73.723854383126522, 40.725254031911327 ], [ -73.722975154195552, 40.724823671273114 ], [ -73.718287067785354, 40.726041111270455 ], [ -73.724925288848439, 40.724246871703919 ], [ -73.724545299508776, 40.723413420036273 ], [ -73.728278271243923, 40.722092148648009 ], [ -73.729221486976883, 40.722583496546733 ], [ -73.730281001238126, 40.722228553339249 ], [ -73.733692409921062, 40.723919687452664 ], [ -73.733445270616372, 40.724261873745242 ], [ -73.7374203235576, 40.725653051933286 ], [ -73.7373817934659, 40.725975670160437 ], [ -73.738286587176503, 40.726794217228381 ], [ -73.737715698274243, 40.72879804956375 ], [ -73.735654651305538, 40.729644608827833 ], [ -73.736568979269833, 40.730422146643832 ], [ -73.737689682400969, 40.730795982731053 ], [ -73.73666142314967, 40.731450010677214 ], [ -73.738686435718591, 40.732490725843611 ], [ -73.739448750120729, 40.732669594474245 ], [ -73.743763989980039, 40.730227197575225 ], [ -73.74242143833105, 40.729918864983112 ], [ -73.743861566359328, 40.729032379788606 ], [ -73.744590611640334, 40.729726007607404 ], [ -73.747186467861297, 40.728300002134311 ], [ -73.744813847188794, 40.729928850842114 ], [ -73.745555914762676, 40.73063747348322 ], [ -73.743838783963994, 40.73024459902522 ], [ -73.740612843204815, 40.732418112338252 ], [ -73.740709005712688, 40.732675819830654 ], [ -73.741911282761848, 40.73243845864895 ], [ -73.742364996019944, 40.733379288621201 ], [ -73.74332236369824, 40.732717877087332 ], [ -73.744255396428755, 40.733340459961255 ], [ -73.746217667426237, 40.731937659362686 ], [ -73.745387011619457, 40.731263324065957 ], [ -73.746571498481842, 40.731558788943985 ], [ -73.747541370913268, 40.731351620782341 ], [ -73.746976776681478, 40.731232446691372 ], [ -73.750824079848002, 40.728543583409888 ], [ -73.75072528105126, 40.7283508913603 ], [ -73.751436250569398, 40.728379601267385 ], [ -73.750255429316638, 40.729142867086033 ], [ -73.747816926214185, 40.731368654612474 ], [ -73.751811447167697, 40.728241050418525 ], [ -73.75661221980495, 40.726207926527842 ], [ -73.755514685031955, 40.725835967889196 ], [ -73.754091423994169, 40.724691905786834 ], [ -73.754956397775246, 40.724167407026762 ], [ -73.755093305939837, 40.723010750932566 ], [ -73.754544370810819, 40.722152236036749 ], [ -73.755060065774458, 40.719083461487322 ], [ -73.75527859482024, 40.718483263063789 ], [ -73.755943407765827, 40.718622977537386 ], [ -73.756113412668668, 40.718155619535182 ], [ -73.759916705850671, 40.718895706529274 ], [ -73.760482322194918, 40.719452142865435 ], [ -73.762306474702598, 40.719852170737113 ], [ -73.761521469023208, 40.723044264050472 ], [ -73.760649957085135, 40.723694885164036 ], [ -73.760403656320278, 40.72349182598154 ], [ -73.759878998272555, 40.72359198828515 ], [ -73.759406303688564, 40.72468690480742 ], [ -73.758457436659342, 40.724137947514627 ], [ -73.757956184262582, 40.724507742387999 ], [ -73.757490213002413, 40.724144003058619 ], [ -73.756568365494616, 40.724187401178959 ], [ -73.755718699873356, 40.724884799307851 ], [ -73.754979719119788, 40.724189354735365 ], [ -73.755244494851851, 40.724783126697247 ], [ -73.756570376450227, 40.725407452861766 ], [ -73.756709873003999, 40.726179072948199 ], [ -73.759131992150159, 40.72572996459327 ], [ -73.761654843943859, 40.725918776029211 ], [ -73.757233188790835, 40.725386125502077 ], [ -73.759026331954615, 40.725115851890848 ], [ -73.761624147249265, 40.725446293589947 ], [ -73.76261598619358, 40.72491509210176 ], [ -73.762530464271123, 40.723435200778425 ], [ -73.763749095878239, 40.722907268884306 ], [ -73.763833111522928, 40.722530347066098 ], [ -73.765041204181657, 40.722622276587686 ], [ -73.766224649096785, 40.722312578689525 ], [ -73.769514640442111, 40.723306167171692 ], [ -73.770464070435381, 40.724157085811591 ], [ -73.770155507454163, 40.724765651845928 ], [ -73.773315359727448, 40.723981629984095 ], [ -73.77477582847321, 40.723442828962654 ], [ -73.775845036336477, 40.722652088459874 ], [ -73.774809163356338, 40.722125001532973 ], [ -73.774178017387769, 40.721311639959346 ], [ -73.774250065810364, 40.72094847755784 ], [ -73.775427780113148, 40.720986589638436 ], [ -73.776015329503068, 40.720139051482128 ], [ -73.777682516286802, 40.720806893542033 ], [ -73.778774551390768, 40.720857097183917 ], [ -73.78091300308904, 40.719863488164805 ], [ -73.786674641538028, 40.719379152705685 ], [ -73.787500220176028, 40.71733453824735 ], [ -73.788345921548427, 40.716416343940956 ], [ -73.789674148814171, 40.716999749352823 ], [ -73.789882388454075, 40.716068292535049 ], [ -73.790764077318556, 40.715878651063576 ], [ -73.790168147945664, 40.714119192730841 ], [ -73.789298242419051, 40.71348693471819 ], [ -73.788856819773443, 40.713531164794695 ], [ -73.789070782687361, 40.714378401625005 ], [ -73.78723522963314, 40.714721068497511 ], [ -73.784617170606609, 40.713437126745838 ], [ -73.784005832170294, 40.71350148324639 ], [ -73.782867531208254, 40.713963267759539 ], [ -73.782735431436407, 40.714171988920427 ], [ -73.783070722900362, 40.715056450536629 ], [ -73.782858705934729, 40.715506511777384 ], [ -73.780460226981504, 40.715994978492944 ], [ -73.779587433355431, 40.714933642788708 ], [ -73.778899499463094, 40.715742714321976 ], [ -73.777829848797197, 40.716222321499401 ], [ -73.77762751066777, 40.715278613622601 ], [ -73.776318573452016, 40.715419661072971 ], [ -73.775687517760048, 40.714604832090892 ], [ -73.775502835930155, 40.713442425296094 ], [ -73.774749270371359, 40.713207852675744 ], [ -73.776557798782335, 40.710390101250944 ], [ -73.777833755851773, 40.709099536779505 ], [ -73.777544502103567, 40.708944314646089 ], [ -73.77846757095196, 40.707402545312 ], [ -73.777945519174423, 40.707533400994016 ], [ -73.778112971066264, 40.707867975633171 ], [ -73.7770979017467, 40.708489237773399 ], [ -73.775798651486838, 40.708417710888199 ], [ -73.775442644744672, 40.707504386657227 ], [ -73.773124143861722, 40.708397196199257 ], [ -73.770508758391074, 40.708799307888455 ], [ -73.768259690526264, 40.709526367374487 ], [ -73.770382144481729, 40.708597272201025 ], [ -73.770023846800214, 40.708025535191396 ], [ -73.77123570492607, 40.706560976524983 ], [ -73.769888178513455, 40.705888295707908 ], [ -73.76991882917801, 40.704152760052814 ], [ -73.771384311195973, 40.703928287977014 ], [ -73.771882160222304, 40.703424037854909 ], [ -73.773012789594276, 40.702970788164201 ], [ -73.773243725182823, 40.702139524246505 ], [ -73.772307686654059, 40.700571507321143 ], [ -73.772633537132648, 40.700428203939694 ], [ -73.772343184409806, 40.699734554827316 ], [ -73.772509943484593, 40.699256340877255 ], [ -73.773334795593698, 40.699165785226761 ], [ -73.771971901958224, 40.697760282973505 ], [ -73.770880904165395, 40.698187751261656 ], [ -73.770663706399247, 40.697961373062043 ], [ -73.771530816197938, 40.697300562295652 ], [ -73.771726766113005, 40.696339602050443 ], [ -73.770173637142079, 40.696155681346411 ], [ -73.770423773889576, 40.694934370795139 ], [ -73.769999774791529, 40.694409647686079 ], [ -73.769234245448686, 40.694271640834664 ], [ -73.769331876539866, 40.693794902628966 ], [ -73.768767627228186, 40.6932071934378 ], [ -73.768548068861918, 40.693327396604175 ], [ -73.768561213582359, 40.692992194307074 ], [ -73.768046627156508, 40.693668231920689 ], [ -73.766937546863375, 40.694339394383192 ], [ -73.765798416667266, 40.694254303770414 ], [ -73.763262535554162, 40.695321616341168 ], [ -73.761532757508149, 40.693665349384545 ], [ -73.760878050019656, 40.693767745993718 ], [ -73.760494705279754, 40.692720158176591 ], [ -73.759619296310859, 40.692411724308869 ], [ -73.759644478076041, 40.691670405176922 ], [ -73.761001338539671, 40.689767125787618 ], [ -73.760819555636388, 40.68890287347768 ], [ -73.762007680874348, 40.688667608473217 ], [ -73.762981271910675, 40.687447625473311 ], [ -73.760944917937778, 40.686534087589457 ], [ -73.761803115232425, 40.685337788766297 ], [ -73.761263338843833, 40.684600175024819 ], [ -73.762566476703881, 40.684062240898065 ], [ -73.762005231255358, 40.683507197100269 ], [ -73.76282219136877, 40.683339572434143 ], [ -73.762916264846098, 40.682979497070988 ], [ -73.762489220701354, 40.681516411172581 ], [ -73.761366277124864, 40.68078636602722 ], [ -73.76279597933798, 40.679113354442222 ], [ -73.763515783349064, 40.679937257575084 ], [ -73.763856268707116, 40.679634829730439 ], [ -73.764145247901823, 40.679826959846217 ], [ -73.767142874664387, 40.679086662165339 ], [ -73.765963658764321, 40.676486734353063 ], [ -73.767242808702548, 40.676906403125784 ], [ -73.770018568524463, 40.678604990691539 ], [ -73.771392266980925, 40.678630633890641 ], [ -73.772291958320139, 40.677767365270981 ], [ -73.773497867990045, 40.678199068179403 ], [ -73.775006674862894, 40.677797491692274 ], [ -73.775439518323026, 40.679212576524904 ], [ -73.77776379679824, 40.678126292932085 ], [ -73.777489408053682, 40.677707852987268 ], [ -73.775378915851064, 40.677162357230415 ], [ -73.774672451052126, 40.676194689769304 ], [ -73.774848612968427, 40.675717539783797 ], [ -73.772958857913267, 40.675242989338528 ], [ -73.773529972763882, 40.673936246896453 ], [ -73.772999009126664, 40.673940064106581 ], [ -73.772295556678671, 40.673339291888425 ], [ -73.769492601611958, 40.673749631809315 ], [ -73.769765133717641, 40.673913566460747 ], [ -73.768728805053058, 40.675018891060745 ], [ -73.767007463748968, 40.675672964649031 ], [ -73.766179062421458, 40.676375490070228 ], [ -73.764186761703385, 40.675132054481395 ], [ -73.764138497189961, 40.673968519351398 ], [ -73.767366328161131, 40.670782615055096 ], [ -73.767297488764129, 40.669881985180886 ], [ -73.76874763504685, 40.669485679661292 ], [ -73.769072171249277, 40.668589843621596 ], [ -73.769343908861103, 40.668620130198335 ], [ -73.769325023855018, 40.669287686655743 ], [ -73.770379524597828, 40.66783432390217 ], [ -73.768323039590967, 40.667606693592639 ], [ -73.766257100658194, 40.668493242031403 ], [ -73.765409397127257, 40.667414660610554 ], [ -73.761664592114158, 40.666976022577728 ], [ -73.758799048704546, 40.668486547816592 ], [ -73.757845812994177, 40.669296174943796 ], [ -73.75655608468756, 40.66947452302842 ], [ -73.755527284246398, 40.668109965306819 ], [ -73.754531471301618, 40.66754002663356 ], [ -73.753589919031427, 40.666399938325334 ], [ -73.751758865728974, 40.66639531955596 ], [ -73.751552644156106, 40.666714794195997 ], [ -73.750730170193052, 40.666401901950671 ], [ -73.745559770510326, 40.666403057072465 ], [ -73.744496122718971, 40.666841159016059 ], [ -73.744369319394323, 40.66730006215186 ], [ -73.742563895696975, 40.667815847099654 ], [ -73.742415002111585, 40.668283227917982 ], [ -73.742119836129532, 40.668182586113076 ], [ -73.741201531578568, 40.669670254015095 ], [ -73.741481993261075, 40.670429714074906 ], [ -73.73810352985933, 40.671326246412434 ], [ -73.736729238531396, 40.671427167730386 ], [ -73.733588301301907, 40.67580609131582 ], [ -73.732283696366565, 40.676555869020881 ], [ -73.733988085912259, 40.674564269243234 ], [ -73.729917360861464, 40.678855644211886 ], [ -73.727715826946095, 40.681920235634188 ], [ -73.729925048847448, 40.678971980676693 ], [ -73.730349214869364, 40.67932804643894 ], [ -73.729424778045001, 40.680037560673597 ], [ -73.728032001191451, 40.681804435822791 ], [ -73.730018395242539, 40.68101560346615 ], [ -73.730690035656593, 40.681970838084567 ], [ -73.731498197233748, 40.682099890798625 ], [ -73.733595677896659, 40.685449459734144 ], [ -73.733733500717534, 40.685200486078294 ], [ -73.734232002820676, 40.685338567039771 ], [ -73.735823682823096, 40.682444296779124 ], [ -73.739645965649515, 40.683598485676299 ], [ -73.739506571614726, 40.683887968824763 ], [ -73.740465215019455, 40.684183932235094 ], [ -73.74094523591738, 40.68328538304656 ], [ -73.747861005286381, 40.68537214014404 ], [ -73.748045134313188, 40.684957257674895 ], [ -73.747720504283052, 40.684240604335386 ], [ -73.746989210611829, 40.683834687003468 ], [ -73.746247466788603, 40.684065623180999 ], [ -73.745007484782022, 40.681726415601496 ], [ -73.746857187871584, 40.681157957702403 ], [ -73.747482503250353, 40.679875074131857 ], [ -73.748823242475083, 40.679455177675543 ], [ -73.750343362038464, 40.68006774950971 ], [ -73.751053862196073, 40.679865302691333 ], [ -73.751319371263648, 40.680403020487653 ], [ -73.752561411553756, 40.680577643938541 ], [ -73.752131983815261, 40.681411669003111 ], [ -73.752865076619685, 40.682626392700492 ], [ -73.752462307512033, 40.683602497403406 ], [ -73.753044502568173, 40.683949171196168 ], [ -73.754161134596131, 40.682710701875962 ], [ -73.756325427058499, 40.682757024678367 ], [ -73.759675753922195, 40.683396250225883 ], [ -73.761024929558815, 40.68503399957504 ], [ -73.759445099258798, 40.688283706585715 ], [ -73.758665256400519, 40.688747288858842 ], [ -73.758217799929213, 40.689694389319996 ], [ -73.757232638731182, 40.689771432867921 ], [ -73.754303168160135, 40.688958836152437 ], [ -73.753474333416719, 40.687352463936506 ], [ -73.751753732742927, 40.686951529692877 ], [ -73.752179690971403, 40.684145657228697 ], [ -73.751016756999363, 40.684381472802052 ], [ -73.750153961382267, 40.685947954097301 ], [ -73.747838025392554, 40.689047935998403 ], [ -73.748229826725606, 40.690198012958085 ], [ -73.746952835947923, 40.690460542254996 ], [ -73.747557129817721, 40.691409012307318 ], [ -73.747414121718521, 40.691674432919278 ], [ -73.745643020326085, 40.692186907280977 ], [ -73.745266226829841, 40.692524210224242 ], [ -73.74619101882476, 40.693098698044004 ], [ -73.745060838711467, 40.693066874805304 ], [ -73.744903667398589, 40.693419303794855 ], [ -73.743497736737496, 40.693014179177702 ], [ -73.74199446725531, 40.693509277398363 ], [ -73.741047785426161, 40.693386520654876 ], [ -73.73854143040586, 40.688950864400866 ], [ -73.73873917893971, 40.688081349774265 ], [ -73.738063609348274, 40.686888980442717 ], [ -73.738288995065645, 40.686568748818416 ], [ -73.737599941235246, 40.686362011532616 ], [ -73.737441637384961, 40.686700767888972 ], [ -73.733651158173728, 40.685545109057045 ], [ -73.732081204647059, 40.686126221607466 ], [ -73.732675607893128, 40.687178417352868 ], [ -73.727149262140898, 40.68898282578423 ], [ -73.726997769307573, 40.688710685751957 ], [ -73.727272225023128, 40.690779144559436 ], [ -73.728179621938324, 40.690917872990973 ], [ -73.727382308199921, 40.692457600684094 ], [ -73.727348735799325, 40.693197287009433 ], [ -73.728108627089668, 40.70846423510487 ], [ -73.72859915208609, 40.708564932970766 ], [ -73.731202231061914, 40.707581356437551 ], [ -73.734178911969465, 40.712151618254353 ], [ -73.733223811859276, 40.712522007404942 ], [ -73.733286851000614, 40.713447533485706 ], [ -73.733873888923824, 40.714308640365253 ], [ -73.731088852773112, 40.715838207733512 ], [ -73.73150733481171, 40.71749480480868 ], [ -73.732388925631739, 40.717252152199812 ], [ -73.733700201270949, 40.715842913499323 ], [ -73.733664297903857, 40.714913959705882 ], [ -73.735068973106493, 40.714993652713098 ], [ -73.735651354514573, 40.714537743546828 ], [ -73.736902082179313, 40.715638819446497 ], [ -73.737884609218682, 40.715074547886353 ], [ -73.739399817464502, 40.716293051759585 ], [ -73.741281501912937, 40.715855471297594 ], [ -73.741641401680113, 40.715016836932335 ], [ -73.743906956371262, 40.715632087689386 ], [ -73.740651664806464, 40.716418937006864 ], [ -73.740824244738562, 40.717039201181969 ], [ -73.738798164091634, 40.720599829533896 ], [ -73.736739544917029, 40.72109074783409 ], [ -73.736466011233361, 40.721515654892748 ], [ -73.732045428609851, 40.720504620599208 ], [ -73.732101185826778, 40.720111836906568 ], [ -73.731388237977114, 40.719617345490526 ], [ -73.732181926171265, 40.718987110133583 ], [ -73.732501421689065, 40.717935774475073 ], [ -73.731614059967526, 40.717908592428827 ], [ -73.731789416906253, 40.718586637382806 ], [ -73.729176295154332, 40.719167214561814 ], [ -73.727234403302546, 40.711878626774912 ], [ -73.726507016431384, 40.71160072248469 ], [ -73.72594486527305, 40.710279884937542 ], [ -73.727046965527123, 40.709498753313198 ], [ -73.726893915241519, 40.705775376311024 ], [ -73.726245110248826, 40.705895464179491 ], [ -73.726855234083502, 40.705398081869824 ], [ -73.726202597427474, 40.688984340810691 ], [ -73.726176825817817, 40.688672701152711 ], [ -73.725764391136522, 40.688653615811241 ], [ -73.725454195124996, 40.686270184965963 ], [ -73.725854998561289, 40.685185844676909 ], [ -73.725862641823468, 40.683241080947944 ], [ -73.729212139657932, 40.678417540949013 ], [ -73.732060084621978, 40.675255948766264 ], [ -73.730029718543548, 40.674557631235331 ], [ -73.730253503986646, 40.674038872003798 ], [ -73.731239065196647, 40.673885865944911 ], [ -73.729666110987949, 40.670578503929875 ], [ -73.730001154333479, 40.669133270375958 ], [ -73.732863271206043, 40.66814128790525 ], [ -73.731096108917214, 40.66596550034204 ], [ -73.729849784624179, 40.66596695379048 ], [ -73.7298415074996, 40.665557801348982 ], [ -73.728113513966093, 40.665345314436884 ], [ -73.730634866334711, 40.665358062356482 ], [ -73.733317059709748, 40.661658030434445 ], [ -73.733649597196518, 40.659818981535423 ], [ -73.733242911500341, 40.658912470968524 ], [ -73.73494617022061, 40.658137174613231 ], [ -73.735307241200516, 40.657353145806901 ], [ -73.735137726177754, 40.656715669659427 ], [ -73.736339707169492, 40.656234761156512 ], [ -73.734987589713057, 40.655141711963097 ], [ -73.734249484430237, 40.655028990896334 ], [ -73.731664737587636, 40.652921110861335 ], [ -73.73563229369563, 40.650131537633428 ], [ -73.735429971402866, 40.649709740066733 ], [ -73.73031244605923, 40.650454976498445 ], [ -73.726497901795454, 40.651663514400269 ], [ -73.73051457301024, 40.650310312006539 ], [ -73.735135014724861, 40.649732039964249 ], [ -73.735391969496931, 40.649630513798272 ], [ -73.735212825619897, 40.649257032424721 ], [ -73.73549927891122, 40.649142747184172 ], [ -73.735801497625729, 40.649468702090886 ], [ -73.739044821314337, 40.648201180344472 ], [ -73.741437060423351, 40.646889178321565 ], [ -73.741622582090159, 40.64271602742695 ], [ -73.741793204080736, 40.64298041677214 ], [ -73.742144493199575, 40.642372847634043 ], [ -73.743176046827429, 40.642515082361605 ], [ -73.743861003316141, 40.643505466128232 ], [ -73.743809557283512, 40.643787343694761 ], [ -73.741969645375363, 40.643959580474124 ], [ -73.744081457667505, 40.643909904092311 ], [ -73.744310560519608, 40.644126111229859 ], [ -73.744434988039188, 40.644906697250271 ], [ -73.742419704292345, 40.645600536882064 ], [ -73.74287366536349, 40.645478968322472 ], [ -73.743169641209917, 40.645878079086785 ], [ -73.744099773653858, 40.64545772947497 ], [ -73.744375073250851, 40.645812045085243 ], [ -73.743752037527727, 40.646093612381172 ], [ -73.744413269801512, 40.645858323146108 ], [ -73.744564886490409, 40.646578821642557 ], [ -73.744289196000821, 40.646618473103452 ], [ -73.744586823891197, 40.646646998433617 ], [ -73.745727214842617, 40.648540699094923 ], [ -73.745633746146595, 40.65013657020269 ], [ -73.745873285103755, 40.650436251476535 ], [ -73.745884956287128, 40.648573729619372 ], [ -73.744858727198192, 40.646999841763702 ], [ -73.744450223415711, 40.644026500483953 ], [ -73.743219602396636, 40.642425155327665 ], [ -73.743098423695116, 40.641491264017297 ], [ -73.743383285758256, 40.640645032213975 ], [ -73.743990632322067, 40.64124706904088 ], [ -73.744105268006592, 40.6409442877533 ], [ -73.743637035193132, 40.640485714295544 ], [ -73.744149957366716, 40.639351668045116 ], [ -73.744582498756259, 40.639597375754107 ], [ -73.746794508641401, 40.637871694662465 ], [ -73.746993912569195, 40.637150645188335 ], [ -73.747130199195681, 40.637216860342178 ], [ -73.747157816149382, 40.637060523023187 ], [ -73.74691427129541, 40.636915721957536 ], [ -73.745296394098062, 40.638330139540841 ], [ -73.745271387089019, 40.63791590124687 ], [ -73.746790746380427, 40.636778135545462 ], [ -73.746292190006514, 40.636437267982508 ], [ -73.74519496966802, 40.637191712312053 ], [ -73.744712755776618, 40.637307046895785 ], [ -73.744795581485079, 40.637075029076193 ], [ -73.743734215704123, 40.639022118168036 ], [ -73.743522263039623, 40.638889486878881 ], [ -73.743971284960367, 40.637880013117552 ], [ -73.742729663031611, 40.638270156484339 ], [ -73.741890403057852, 40.638122213037747 ], [ -73.741303724910992, 40.637898812918493 ], [ -73.740964877523396, 40.637304775031645 ], [ -73.741117942404216, 40.637468149795801 ], [ -73.742536918563715, 40.635174966121809 ], [ -73.741768992435439, 40.634988666209672 ], [ -73.740003904801085, 40.635308864794332 ], [ -73.740119269250314, 40.635642628602 ], [ -73.740730876753219, 40.635536558199327 ], [ -73.74112008900974, 40.636483894454379 ], [ -73.740331033291653, 40.63726030146033 ], [ -73.739471216269862, 40.635706431326909 ], [ -73.739959575705612, 40.635143809373304 ], [ -73.74167778671864, 40.634838178717288 ], [ -73.742650425352124, 40.63504535070674 ], [ -73.74257994598355, 40.63564827897077 ], [ -73.741200885676292, 40.637590375840524 ], [ -73.742361373512367, 40.638093174621218 ], [ -73.743294993085087, 40.638047723389342 ], [ -73.746022279925299, 40.635212202568681 ], [ -73.748001172766607, 40.634630964145451 ], [ -73.767452532676771, 40.626554518615059 ], [ -73.768502415073982, 40.624893991807021 ], [ -73.7679851268676, 40.625097578445029 ], [ -73.76671931113313, 40.615004231396398 ], [ -73.765244061331984, 40.614942266609482 ], [ -73.76002143380309, 40.611348997719148 ], [ -73.755149628533715, 40.61071753362323 ], [ -73.754732195725708, 40.610405241678507 ], [ -73.755584142716828, 40.6099921337875 ], [ -73.754719638819878, 40.609823676189237 ], [ -73.754844388420267, 40.609458219346742 ], [ -73.756299443874056, 40.609741527264077 ], [ -73.756158181930644, 40.610065099638263 ], [ -73.759329767621338, 40.610364011665368 ], [ -73.759735710990128, 40.610155457652198 ], [ -73.759491198333862, 40.610815795910995 ], [ -73.759984470405982, 40.610879378350724 ], [ -73.761436057429179, 40.609188774233182 ], [ -73.760513429782321, 40.609336480063391 ], [ -73.759779322847862, 40.608507840372823 ], [ -73.76044675885025, 40.607509551074024 ], [ -73.759415335641208, 40.606153692016726 ], [ -73.760833110236973, 40.605242187568486 ], [ -73.762022396652057, 40.604922761729426 ], [ -73.762438998338439, 40.605773397802885 ], [ -73.763726757712476, 40.604915810554225 ], [ -73.762026792715375, 40.604365334037041 ], [ -73.761684047517235, 40.60348910797731 ], [ -73.761101128766271, 40.603349681414279 ], [ -73.760600880083047, 40.603709128993337 ], [ -73.758513217759926, 40.602788611693512 ], [ -73.758538599839113, 40.603231995700469 ], [ -73.758129130676025, 40.603532808901186 ], [ -73.757620690698715, 40.603058108215947 ], [ -73.756094567736938, 40.603865347607574 ], [ -73.757468667299634, 40.602916171102862 ], [ -73.756783674012141, 40.602133837092282 ], [ -73.755614341977804, 40.601968941329844 ], [ -73.755827956231187, 40.601021505776203 ], [ -73.755502149227652, 40.601130470021317 ], [ -73.75473357190198, 40.600023971586808 ], [ -73.753910388713095, 40.600109527113439 ], [ -73.751684380466912, 40.601107761714573 ], [ -73.749824341558551, 40.60117377625452 ], [ -73.749720074702452, 40.601282028645471 ], [ -73.751347409581186, 40.602234125765477 ], [ -73.752400845450197, 40.601367806147238 ], [ -73.754143791539803, 40.604850739223998 ], [ -73.753442565541548, 40.605605537889502 ], [ -73.753500733231803, 40.605205824896764 ], [ -73.753146985079951, 40.605449792432339 ], [ -73.753497680571854, 40.605658519649396 ], [ -73.752891179777095, 40.607192613466296 ], [ -73.750788085377124, 40.607491137501398 ], [ -73.75036437123002, 40.607343888044731 ], [ -73.749829490393168, 40.608330810179538 ], [ -73.747931290084409, 40.606826556139708 ], [ -73.747438630523362, 40.606910951583686 ], [ -73.745991073113913, 40.605525748494912 ], [ -73.744730988590348, 40.605395551257907 ], [ -73.744600002258139, 40.604840278911183 ], [ -73.745721646467018, 40.604383699577276 ], [ -73.745600092846885, 40.60374413387359 ], [ -73.746477334504036, 40.603286646606591 ], [ -73.746397892936699, 40.60236731726647 ], [ -73.747074811182884, 40.602661966636589 ], [ -73.747014711991739, 40.602236628998263 ], [ -73.747903479768709, 40.602072245250184 ], [ -73.746721973223885, 40.601977952719658 ], [ -73.745753355306846, 40.603087679960261 ], [ -73.74389851781369, 40.602151558826321 ], [ -73.742752680501326, 40.602240104159534 ], [ -73.742390010653452, 40.600983255267373 ], [ -73.74076201539151, 40.601566593390366 ], [ -73.739062425035954, 40.600140149819204 ], [ -73.737873216482285, 40.600487104374942 ], [ -73.737534490081515, 40.600143543252969 ], [ -73.737312773872446, 40.598470031560794 ], [ -73.737713703503687, 40.596708023464728 ], [ -73.737278919230832, 40.595892585892727 ], [ -73.737415091732629, 40.595058078247426 ], [ -73.737932053696596, 40.594406911139885 ], [ -73.73741188702391, 40.593063958292035 ], [ -73.744467066243757, 40.592898883659224 ], [ -73.747778927667568, 40.59152951169051 ], [ -73.752381291612352, 40.587958363881157 ], [ -73.763932359352808, 40.585173625131517 ], [ -73.7878666946594, 40.58194453187064 ], [ -73.794188999774519, 40.581450000323073 ], [ -73.800465654863004, 40.580158695154395 ], [ -73.816707733737417, 40.57603299165816 ], [ -73.842453576102301, 40.56857190960514 ], [ -73.876571622911655, 40.555890831320291 ], [ -73.898000041239825, 40.552198243762703 ], [ -73.926460666849295, 40.544628559920497 ], [ -73.936942202822394, 40.542458199108708 ], [ -73.940357121860288, 40.540852769979438 ], [ -73.940276397835802, 40.541772552275383 ], [ -73.998584361897031, 40.540162066862898 ], [ -74.038617259914886, 40.534691795554252 ], [ -74.03626417621652, 40.551027269311348 ], [ -74.049550702560808, 40.550747798243172 ], [ -74.112671357946169, 40.516384907838216 ], [ -74.130436686878937, 40.492714014151396 ], [ -74.161553699145813, 40.486083076255618 ], [ -74.21918599603049, 40.488134370045707 ], [ -74.234883607035158, 40.490710681175933 ], [ -74.253263182305702, 40.487414498742908 ], [ -74.258743543541769, 40.497041486729024 ], [ -74.258747459842482, 40.502706023861187 ], [ -74.257976051148162, 40.507792514258355 ], [ -74.258500817256405, 40.50810821310791 ], [ -74.254809981851807, 40.515343800357613 ], [ -74.246068866368731, 40.520951503631849 ], [ -74.246466633875215, 40.524813327771696 ], [ -74.248729581509352, 40.532753476325404 ], [ -74.250608995531977, 40.541850892442412 ], [ -74.247414872248967, 40.549200688982452 ], [ -74.239210878227013, 40.553763864025122 ], [ -74.231693048739345, 40.558457263787673 ], [ -74.218398146702697, 40.556996506123717 ], [ -74.215278384615331, 40.560240958139559 ], [ -74.208968422510438, 40.576563027394819 ], [ -74.209098084212329, 40.578859980806591 ], [ -74.207220183855853, 40.587939266295464 ], [ -74.199520113043107, 40.597538605974457 ], [ -74.199408294276992, 40.600201165210862 ], [ -74.203812331980785, 40.605960695045177 ], [ -74.203128097328133, 40.614109035937304 ], [ -74.201863187831648, 40.618557164182292 ], [ -74.203737773219999, 40.624226880391554 ], [ -74.202440945989409, 40.628520771113998 ], [ -74.202247104498156, 40.630903155213126 ], [ -74.197151260217822, 40.635684186101244 ], [ -74.196206235669322, 40.637730532879921 ], [ -74.191455293394739, 40.642045283298721 ], [ -74.185637232682453, 40.646046710735199 ], [ -74.181645544952815, 40.646524845574575 ], [ -74.161433333498451, 40.644144600586642 ], [ -74.161331214774833, 40.645458025212285 ], [ -74.160107076882255, 40.645218441781928 ], [ -74.160267775333622, 40.644907500884599 ], [ -74.159712073475362, 40.644502111742774 ], [ -74.159059295149774, 40.644669571156832 ], [ -74.159262456975071, 40.64490988088567 ], [ -74.158870979845474, 40.644783178056848 ], [ -74.157989086494482, 40.643851910098192 ], [ -74.143112365336293, 40.641989306784041 ], [ -74.132933219130237, 40.643677941953726 ], [ -74.125569197660738, 40.644023137426508 ], [ -74.120674787802741, 40.645456149966485 ], [ -74.109976605248789, 40.648011166911637 ], [ -74.093746702615277, 40.648239028360258 ], [ -74.086806052895355, 40.651595429893177 ], [ -74.055797483573642, 40.651918560798478 ], [ -74.052843160566937, 40.655425155111885 ], [ -74.03626480650216, 40.681912909673997 ], [ -74.026212768098389, 40.699794144583024 ], [ -74.021652626954889, 40.724216974955432 ], [ -74.021505879989903, 40.727560062557401 ], [ -74.013994651346124, 40.756937314146811 ], [ -73.991347454445958, 40.78860802322005 ], [ -73.986218247787775, 40.786497511216844 ], [ -73.984662000480171, 40.7882771970447 ], [ -73.990081181167625, 40.790475791208749 ], [ -73.980770050213422, 40.803334229319482 ], [ -73.974665567227078, 40.800813514734202 ], [ -73.972869048391672, 40.803330038145624 ], [ -73.978974034582507, 40.805749383991007 ], [ -73.963337212644745, 40.8271104608787 ], [ -73.954241549143504, 40.847979358057763 ], [ -73.952873321690774, 40.852072226574123 ], [ -73.933809724847634, 40.882264291080531 ], [ -73.929527688791254, 40.889668433244864 ], [ -73.921963280761872, 40.907119009286937 ], [ -73.918273640707582, 40.917661808859442 ], [ -73.908511550176073, 40.915002264026441 ], [ -73.907866627435553, 40.913128497460441 ], [ -73.907245770521143, 40.912492053373491 ], [ -73.907600085030921, 40.912009030517225 ], [ -73.911052218749816, 40.913025539944996 ], [ -73.913103033041651, 40.906196199311005 ], [ -73.911074035974664, 40.907763681093165 ], [ -73.911442221112182, 40.908606209729726 ], [ -73.911136842379605, 40.90899697809656 ], [ -73.90998693578743, 40.909057929806892 ], [ -73.909079363024034, 40.910033680164005 ], [ -73.907948986542806, 40.909636487673673 ], [ -73.907107348824312, 40.908841717800087 ], [ -73.907130455060752, 40.908177403583174 ], [ -73.908243688863919, 40.907795601115247 ], [ -73.908039499200171, 40.906299373849201 ], [ -73.90935219346693, 40.906280542768975 ], [ -73.909425008315651, 40.906498884171015 ], [ -73.909705038749209, 40.906083461310757 ], [ -73.90944595123284, 40.905662518530804 ], [ -73.90814591147948, 40.905585429578387 ], [ -73.908152130867762, 40.905846399008539 ], [ -73.90682190567469, 40.906092518418632 ], [ -73.906221981412287, 40.90558054037993 ], [ -73.905424420119019, 40.906659783187706 ], [ -73.904260489566283, 40.906491168678755 ], [ -73.905030068110264, 40.908000905084016 ], [ -73.904840890415258, 40.908717332670591 ], [ -73.90556857448523, 40.909537560045806 ], [ -73.905775279216215, 40.9110343133204 ], [ -73.905075488175441, 40.911802487994812 ], [ -73.904476559703028, 40.911490444395056 ], [ -73.904184977643027, 40.911602182254711 ], [ -73.903669395970198, 40.912664551614299 ], [ -73.904466217179163, 40.913361657045378 ], [ -73.902641180108049, 40.913488341484175 ], [ -73.902229761969267, 40.913806088131963 ], [ -73.90131642583701, 40.91338189027406 ], [ -73.900317973012903, 40.913444079892024 ], [ -73.897051005379581, 40.912565794639193 ], [ -73.895445486814708, 40.91137487373706 ], [ -73.895442068004073, 40.911059891572584 ], [ -73.874830452884964, 40.904943783368296 ], [ -73.868863448704488, 40.903616702425936 ], [ -73.867531568344702, 40.903758716071493 ], [ -73.85967704084446, 40.901456130352031 ], [ -73.859027041522239, 40.9014449097536 ], [ -73.858864013163483, 40.901711695049642 ], [ -73.859665299139451, 40.901980668135224 ], [ -73.859761517609996, 40.902541498600009 ], [ -73.859264325419815, 40.902669479394071 ], [ -73.858728248334472, 40.902288970570318 ], [ -73.8581600000484, 40.90230571020269 ], [ -73.857110905461951, 40.903649532696818 ], [ -73.857082837982304, 40.904329879388342 ], [ -73.85734909630294, 40.903938107919501 ], [ -73.85727610844323, 40.90467160238061 ], [ -73.857663573278799, 40.904865265115944 ], [ -73.857434859539993, 40.905284103219614 ], [ -73.856582130356486, 40.905066604411111 ], [ -73.856010233892633, 40.905305983627045 ], [ -73.85685864173945, 40.905655715997462 ], [ -73.857042232893505, 40.906186034800733 ], [ -73.856557325450069, 40.906262032343562 ], [ -73.854161881870183, 40.905175308172581 ], [ -73.854536546288045, 40.904705620101218 ], [ -73.85254313498038, 40.905071080341337 ], [ -73.852445778768427, 40.904764679574583 ], [ -73.851596242931933, 40.9049134611613 ], [ -73.850583789661684, 40.901736567926349 ], [ -73.849657646823843, 40.90111445535522 ], [ -73.850742295944855, 40.90153543091867 ], [ -73.851406321133894, 40.901384686407489 ], [ -73.852077690062359, 40.899568920620425 ], [ -73.856520251442248, 40.898706808508926 ], [ -73.856651737034824, 40.899019799281106 ], [ -73.857441275350581, 40.898852569198532 ], [ -73.857774601020907, 40.899641386191213 ], [ -73.857970567580722, 40.899010220300774 ], [ -73.854950580653835, 40.89262430260348 ], [ -73.85610109931558, 40.892233890672856 ], [ -73.85617398071318, 40.890591703639139 ], [ -73.85597286446199, 40.890211525734316 ], [ -73.855708358911485, 40.890293444264934 ], [ -73.853639843138907, 40.886463792152242 ], [ -73.854634183746839, 40.886157657409605 ], [ -73.854500285209667, 40.88590767571791 ], [ -73.857120176028431, 40.885095167071569 ], [ -73.856575421295929, 40.884081875936594 ], [ -73.858312230425739, 40.883544230421421 ], [ -73.857420376326175, 40.881861161572246 ], [ -73.858174320355033, 40.881624799793691 ], [ -73.85685064564926, 40.879206173496506 ], [ -73.857864516461461, 40.878884770778704 ], [ -73.859529388132245, 40.877808298045096 ], [ -73.860035938162312, 40.876945332468999 ], [ -73.860434748147313, 40.876884744442471 ], [ -73.861132563935868, 40.875108407865945 ], [ -73.860700828820697, 40.874428519091957 ], [ -73.861308300075592, 40.873886721476218 ], [ -73.860093199016077, 40.873548565496847 ], [ -73.861311306702206, 40.873459339492101 ], [ -73.862413067884432, 40.872733198213744 ], [ -73.861924511570066, 40.872170475514885 ], [ -73.861345564784102, 40.872503605092689 ], [ -73.86102413298714, 40.872248740113797 ], [ -73.860320882801389, 40.872756478413997 ], [ -73.857572413747377, 40.870569576196566 ], [ -73.856662452643931, 40.870361185739881 ], [ -73.856635299489881, 40.870108257321995 ], [ -73.856254691624912, 40.870916123632725 ], [ -73.856630583629652, 40.870634655356419 ], [ -73.856613825166122, 40.871250166982975 ], [ -73.85461200673079, 40.872550461442586 ], [ -73.854508050666269, 40.873580942497256 ], [ -73.853069988721828, 40.873119612147867 ], [ -73.852400622324382, 40.87390874542043 ], [ -73.851995769792353, 40.873783253413691 ], [ -73.852245444070491, 40.872864028134835 ], [ -73.851481806327854, 40.872739170086206 ], [ -73.849897844604698, 40.871621204416648 ], [ -73.849876451922029, 40.872101881392233 ], [ -73.848596760689333, 40.871670784885147 ], [ -73.849475751993864, 40.871395885058455 ], [ -73.848713695317684, 40.870874621757501 ], [ -73.848898772315806, 40.870165949905548 ], [ -73.847874104241669, 40.869352071977211 ], [ -73.848187722356599, 40.869124121277238 ] ], [ [ -73.727575991363992, 40.765810539148916 ], [ -73.727575727213164, 40.765810826648668 ], [ -73.727584240446291, 40.76581280680977 ], [ -73.727575991363992, 40.765810539148916 ] ], [ [ -73.785244791293934, 40.7826487480312 ], [ -73.784053206707512, 40.775768185204086 ], [ -73.783651244661186, 40.775496099449683 ], [ -73.783603069279664, 40.773735210100263 ], [ -73.782591006770886, 40.773652892917994 ], [ -73.782172741295966, 40.775430788297669 ], [ -73.780345211227399, 40.775719856591145 ], [ -73.779984195030352, 40.776164803384113 ], [ -73.77677893500757, 40.77495254550746 ], [ -73.776149343533518, 40.775771999244249 ], [ -73.777611419838777, 40.776404650126786 ], [ -73.776633673574267, 40.7777095767715 ], [ -73.776954493204457, 40.779354452053305 ], [ -73.77563401708737, 40.779219515286243 ], [ -73.774221976322778, 40.780119297501805 ], [ -73.77318072955849, 40.780419771066931 ], [ -73.772530708077838, 40.781288622467962 ], [ -73.773222914839295, 40.782419672757342 ], [ -73.774155921965075, 40.781775260912895 ], [ -73.774482070468736, 40.78075498152598 ], [ -73.775449387954637, 40.779602085509751 ], [ -73.776684164838542, 40.779479960473516 ], [ -73.778221919390162, 40.779929083583795 ], [ -73.779648282764725, 40.779186960045884 ], [ -73.780855632526112, 40.779454103590474 ], [ -73.780520374699435, 40.783237130194053 ], [ -73.781081071876187, 40.782890785674006 ], [ -73.783048016246028, 40.78402984854894 ], [ -73.784220958770661, 40.784300678287089 ], [ -73.785400532992426, 40.784003363274429 ], [ -73.785556897386144, 40.785017865930072 ], [ -73.786505959684774, 40.785872398871739 ], [ -73.787047751445471, 40.785930566346146 ], [ -73.786988502976229, 40.78587472717242 ], [ -73.786702765603209, 40.785579686203889 ], [ -73.786485698177955, 40.785341870004423 ], [ -73.787052480938925, 40.785931074099096 ], [ -73.787487178028371, 40.78597774181484 ], [ -73.786286954182557, 40.784638018684198 ], [ -73.785244791293934, 40.7826487480312 ] ], [ [ -73.907284314576486, 40.872504651322132 ], [ -73.908095787492428, 40.87273568556526 ], [ -73.908720463913696, 40.872228665589461 ], [ -73.908388101104521, 40.869958329552617 ], [ -73.907284314576486, 40.872504651322132 ] ], [ [ -73.904735484056829, 40.870230691005865 ], [ -73.901966996237761, 40.870805153306961 ], [ -73.902637639886251, 40.870930513426842 ], [ -73.902490903053931, 40.871362866160212 ], [ -73.903241060767201, 40.872258634518715 ], [ -73.903238291684659, 40.871644483152423 ], [ -73.904472903247694, 40.871060394864493 ], [ -73.904735484056829, 40.870230691005865 ] ], [ [ -73.909370137562888, 40.874369255086926 ], [ -73.908804857900165, 40.873957059593877 ], [ -73.90826794055107, 40.874183951318777 ], [ -73.909370137562888, 40.874369255086926 ] ], [ [ -73.916812118202728, 40.874342444403197 ], [ -73.916713499019394, 40.874354987850303 ], [ -73.916655360487738, 40.87438715026493 ], [ -73.916812118202728, 40.874342444403197 ] ], [ [ -73.910574945999869, 40.874416624906189 ], [ -73.910384378926381, 40.874429839217164 ], [ -73.910685960459844, 40.874463869965673 ], [ -73.910574945999869, 40.874416624906189 ] ], [ [ -73.916343487006515, 40.874523849889968 ], [ -73.917564698672606, 40.874569738385802 ], [ -73.917577298847192, 40.874548678547264 ], [ -73.916783930694564, 40.874476616812593 ], [ -73.916343487006515, 40.874523849889968 ] ], [ [ -73.911550584487159, 40.874732549712903 ], [ -73.912150037107068, 40.875134404455039 ], [ -73.912729132705465, 40.876676567496595 ], [ -73.913485766028359, 40.877288892572984 ], [ -73.912850616089841, 40.877039536979844 ], [ -73.913351968268614, 40.877590123300642 ], [ -73.915988252228985, 40.877020545376425 ], [ -73.918488798803466, 40.875885061117557 ], [ -73.917756693959092, 40.875663627860767 ], [ -73.915720064495417, 40.875709435412965 ], [ -73.911809339903584, 40.874522014839236 ], [ -73.911550584487159, 40.874732549712903 ] ], [ [ -73.903959973030325, 40.876239369872664 ], [ -73.903654344038415, 40.876584368526913 ], [ -73.903946670317538, 40.876258128458012 ], [ -73.903959973030325, 40.876239369872664 ] ], [ [ -73.904105622977781, 40.875983898855374 ], [ -73.904332588647108, 40.875469227913875 ], [ -73.90397336658944, 40.874859193310584 ], [ -73.903481217539635, 40.875038184372542 ], [ -73.904105622977781, 40.875983898855374 ] ], [ [ -73.898623282933869, 40.878533571518297 ], [ -73.899640459135867, 40.878990279849141 ], [ -73.899985279740946, 40.878666811921249 ], [ -73.899991829592082, 40.878031375033657 ], [ -73.899503279837731, 40.878023860967971 ], [ -73.898623282933869, 40.878533571518297 ] ], [ [ -73.921399994836833, 40.884992727842807 ], [ -73.923098712941965, 40.881291512872785 ], [ -73.921279048566859, 40.883256640617269 ], [ -73.921399994836833, 40.884992727842807 ] ], [ [ -73.919860468616761, 40.888525135042393 ], [ -73.919159438381556, 40.890894353471666 ], [ -73.920938136903743, 40.885978095103567 ], [ -73.919917040764687, 40.887461602350442 ], [ -73.919860468616761, 40.888525135042393 ] ], [ [ -73.909660632243146, 40.891006170894187 ], [ -73.908471692356258, 40.891332876028358 ], [ -73.908489790199297, 40.892769006313991 ], [ -73.909233928373197, 40.891922034844868 ], [ -73.910501103536348, 40.891559322227806 ], [ -73.909752057321427, 40.890869951009421 ], [ -73.909937159479313, 40.890408572415524 ], [ -73.909447275720069, 40.890469348952244 ], [ -73.909808372284729, 40.890698090533931 ], [ -73.909660632243146, 40.891006170894187 ] ], [ [ -73.918672924015098, 40.891371142975544 ], [ -73.918005308236587, 40.89254286773064 ], [ -73.918126473786558, 40.892828133204958 ], [ -73.918672924015098, 40.891371142975544 ] ], [ [ -73.904569957478529, 40.894008428291407 ], [ -73.904023912016697, 40.892135957900322 ], [ -73.902840036747662, 40.892344287902176 ], [ -73.90261844178653, 40.892780104623128 ], [ -73.903449919147619, 40.894215277558573 ], [ -73.901186091190752, 40.895001034290296 ], [ -73.901027640453989, 40.896747687609768 ], [ -73.899603924688577, 40.898619314672835 ], [ -73.899461291576444, 40.899277769638722 ], [ -73.899728725143703, 40.899606839245209 ], [ -73.900720393959929, 40.899101055078397 ], [ -73.901317585338205, 40.899831798526641 ], [ -73.902519512832015, 40.899438612023452 ], [ -73.902643136612326, 40.900377275588461 ], [ -73.903252715062209, 40.900743454733998 ], [ -73.904189656519463, 40.900323248171716 ], [ -73.904158575353307, 40.899400977207179 ], [ -73.905374884492403, 40.898929288500973 ], [ -73.907077288034714, 40.898937444818102 ], [ -73.907676042893883, 40.897610880365121 ], [ -73.907704017872007, 40.897327614728837 ], [ -73.906992568314124, 40.897299235259837 ], [ -73.907705194786431, 40.897315697619398 ], [ -73.907852091749106, 40.895828225686948 ], [ -73.907130856568287, 40.895756048354791 ], [ -73.9074870372432, 40.895180251911484 ], [ -73.907204134594181, 40.894963553691625 ], [ -73.907274229781962, 40.89394280316759 ], [ -73.907702051148675, 40.893824063346401 ], [ -73.907424812866765, 40.893607482535053 ], [ -73.907969156218044, 40.893193921560659 ], [ -73.907969271393753, 40.892153631572903 ], [ -73.906952036159211, 40.893025382710817 ], [ -73.906600554811817, 40.89396577353024 ], [ -73.905561493843663, 40.893473527133942 ], [ -73.904569957478529, 40.894008428291407 ] ], [ [ -73.917052898494759, 40.894977679694456 ], [ -73.914460308403505, 40.901911863147951 ], [ -73.914699253456632, 40.901990849754988 ], [ -73.917451094226223, 40.89462392526827 ], [ -73.917052898494759, 40.894977679694456 ] ], [ [ -73.856133214242533, 40.902946344855145 ], [ -73.857998397150439, 40.900905929197279 ], [ -73.857672341276881, 40.90079926734041 ], [ -73.857759299752331, 40.899879653732931 ], [ -73.857287321873599, 40.900923089522657 ], [ -73.855895192470555, 40.90234579244126 ], [ -73.856133214242533, 40.902946344855145 ] ], [ [ -73.914206317579129, 40.899484733734461 ], [ -73.913467338742961, 40.901134175534004 ], [ -73.913533463237115, 40.901307435577394 ], [ -73.914206317579129, 40.899484733734461 ] ], [ [ -73.908206620624796, 40.897347660715887 ], [ -73.907803220400979, 40.898853621839706 ], [ -73.908087343465141, 40.899282722038492 ], [ -73.909055593761551, 40.89879418317566 ], [ -73.908206620624796, 40.897347660715887 ] ], [ [ -73.908313929380213, 40.896150545470078 ], [ -73.90847126453896, 40.895871314054531 ], [ -73.908338476123873, 40.895876897779345 ], [ -73.908313929380213, 40.896150545470078 ] ], [ [ -73.906379390772415, 40.866858082162921 ], [ -73.906422211700729, 40.865927910910671 ], [ -73.904425664611566, 40.867331509594372 ], [ -73.904979707935809, 40.869157265086656 ], [ -73.906001754867148, 40.869869326455806 ], [ -73.905218829078194, 40.869137120593443 ], [ -73.905608943189534, 40.868799763225283 ], [ -73.906667266324206, 40.869293816589021 ], [ -73.90792656520486, 40.868387130673632 ], [ -73.908021300489807, 40.868831310563174 ], [ -73.908606093384748, 40.867481443194208 ], [ -73.908126453937498, 40.868337043597691 ], [ -73.908398906382388, 40.867479519843833 ], [ -73.906379390772415, 40.866858082162921 ] ], [ [ -73.890129380724062, 40.869619761684383 ], [ -73.889754313576319, 40.868420116131738 ], [ -73.889492585757509, 40.867127486994768 ], [ -73.888780274654749, 40.868160695010708 ], [ -73.888844227045951, 40.868882950977692 ], [ -73.888081666375783, 40.869750505048287 ], [ -73.890129380724062, 40.869619761684383 ] ], [ [ -73.853770940358316, 40.866560967230782 ], [ -73.856865271724828, 40.869091966451585 ], [ -73.857635666107299, 40.868662942860084 ], [ -73.857515366250141, 40.867711574399053 ], [ -73.859186264411704, 40.866499006152345 ], [ -73.858637672494297, 40.866601810290327 ], [ -73.855793365473644, 40.864579541756029 ], [ -73.853849159096825, 40.863718780748634 ], [ -73.853477068205052, 40.863987684387205 ], [ -73.855292099668361, 40.865432190872049 ], [ -73.853770940358316, 40.866560967230782 ] ], [ [ -73.832959573291575, 40.861631386181415 ], [ -73.831056220670291, 40.861203357100663 ], [ -73.831743914110575, 40.862436276919283 ], [ -73.83076150406292, 40.862974553056901 ], [ -73.830495762052365, 40.863515915282825 ], [ -73.833182907888698, 40.8683677418407 ], [ -73.833135329887355, 40.867310585536856 ], [ -73.834122685621423, 40.866577590535115 ], [ -73.833805046247321, 40.866027444139561 ], [ -73.834635168884134, 40.865754311571671 ], [ -73.835140885861932, 40.866624034668106 ], [ -73.835204813538454, 40.865818337583789 ], [ -73.834151056644899, 40.865242018077886 ], [ -73.833925243931276, 40.863963430131989 ], [ -73.83295355790419, 40.863374004047223 ], [ -73.832630252710018, 40.862580797045013 ], [ -73.832959573291575, 40.861631386181415 ] ], [ [ -73.826517395294218, 40.869449509521644 ], [ -73.828766795375287, 40.86938751623164 ], [ -73.831732569932001, 40.868771069111332 ], [ -73.830889168960752, 40.866891586486048 ], [ -73.82929571851372, 40.867245906398594 ], [ -73.828161187099909, 40.866886061542814 ], [ -73.826285624203308, 40.869186229847152 ], [ -73.826517395294218, 40.869449509521644 ] ], [ [ -73.82015584755969, 40.863254759191584 ], [ -73.820009205354168, 40.866264620731961 ], [ -73.82193671401177, 40.865868587327533 ], [ -73.824828389592739, 40.86284632509178 ], [ -73.823940813721805, 40.862437837756381 ], [ -73.821942879103617, 40.862630998840395 ], [ -73.821675367921543, 40.86170829768858 ], [ -73.820258978690461, 40.861954822848169 ], [ -73.81992161818944, 40.861775373389612 ], [ -73.818954255622401, 40.862474561858271 ], [ -73.82015584755969, 40.863254759191584 ] ], [ [ -73.801854575386713, 40.840008526500796 ], [ -73.794001274584403, 40.855486615124619 ], [ -73.794231389407912, 40.855558458967153 ], [ -73.799388259461153, 40.84550851968897 ], [ -73.801782096789921, 40.846658453683006 ], [ -73.811297680638191, 40.861260052745131 ], [ -73.814343160150869, 40.863322913822373 ], [ -73.815018972034281, 40.863122525364915 ], [ -73.815508290639414, 40.862482608708177 ], [ -73.81232177684835, 40.860685265741722 ], [ -73.808831282988436, 40.852278973931085 ], [ -73.809334803167289, 40.84942878119206 ], [ -73.809302945510296, 40.838034623799636 ], [ -73.801854575386713, 40.840008526500796 ] ], [ [ -73.791756004178211, 40.857760523524341 ], [ -73.791353775473254, 40.857745614416629 ], [ -73.791618660758232, 40.857901342048201 ], [ -73.791409291508586, 40.858142260297875 ], [ -73.791756004178211, 40.857760523524341 ] ], [ [ -73.787294392264826, 40.853926157074291 ], [ -73.787224485783014, 40.854193230180925 ], [ -73.787499350771839, 40.854189372941022 ], [ -73.787294392264826, 40.853926157074291 ] ], [ [ -73.79121251169272, 40.852215176415427 ], [ -73.790566158095672, 40.852188664033378 ], [ -73.791054839072558, 40.852867532432768 ], [ -73.791446400277707, 40.852771571924215 ], [ -73.79121251169272, 40.852215176415427 ] ], [ [ -73.790247256470181, 40.84917884749369 ], [ -73.789346313572352, 40.849331005688107 ], [ -73.788362430401492, 40.851011003973639 ], [ -73.785262266008758, 40.850017140240844 ], [ -73.785266225490489, 40.850210756493333 ], [ -73.784008790496202, 40.850525932556138 ], [ -73.784600777637877, 40.851095692196409 ], [ -73.783444959361006, 40.851400909224473 ], [ -73.784334742747433, 40.851776157573688 ], [ -73.785881865066472, 40.851788672440883 ], [ -73.787164077551921, 40.852756674701702 ], [ -73.788231695312177, 40.852302276035822 ], [ -73.788669273164331, 40.851445061650359 ], [ -73.790124391718265, 40.851189912194585 ], [ -73.789757110704372, 40.84953146979025 ], [ -73.790247256470181, 40.84917884749369 ] ], [ [ -73.790147784344725, 40.851607407184126 ], [ -73.790130229197061, 40.851611614127712 ], [ -73.790183139768885, 40.851702361379196 ], [ -73.790147784344725, 40.851607407184126 ] ], [ [ -73.791029740177578, 40.846998156767441 ], [ -73.790370924912679, 40.847915100351209 ], [ -73.790508543062558, 40.848945861297558 ], [ -73.79136288106794, 40.848232302390379 ], [ -73.791438683471725, 40.847040190851743 ], [ -73.791029740177578, 40.846998156767441 ] ], [ [ -73.781907359279018, 40.845355561746914 ], [ -73.781887076728268, 40.845333885146864 ], [ -73.781815359666339, 40.845480582881642 ], [ -73.781907359279018, 40.845355561746914 ] ], [ [ -73.781628610162059, 40.842354239062686 ], [ -73.782311109767136, 40.842224178958432 ], [ -73.782307836656244, 40.84251935876798 ], [ -73.782887783014857, 40.842494828849695 ], [ -73.783495931739665, 40.843732342433498 ], [ -73.783094947062807, 40.843866093899784 ], [ -73.783777878930977, 40.843717372038228 ], [ -73.784130243016492, 40.844222387182377 ], [ -73.783456769565504, 40.842409227675134 ], [ -73.782282977533953, 40.84181685319065 ], [ -73.781440031078375, 40.842142133493418 ], [ -73.782332572158879, 40.841922844111508 ], [ -73.782306433841057, 40.842211115308743 ], [ -73.781628610162059, 40.842354239062686 ] ], [ [ -73.78222520124001, 40.841787886178096 ], [ -73.782064992919274, 40.841844577302993 ], [ -73.782236672434493, 40.841793637438045 ], [ -73.78222520124001, 40.841787886178096 ] ], [ [ -73.782148811590005, 40.84174958699662 ], [ -73.782015934356025, 40.841793189025196 ], [ -73.782161554305929, 40.841755975769154 ], [ -73.782148811590005, 40.84174958699662 ] ], [ [ -73.781883331278536, 40.841733819393518 ], [ -73.781933762631056, 40.841641768227625 ], [ -73.781838938421643, 40.841442762683037 ], [ -73.781883331278536, 40.841733819393518 ] ], [ [ -73.822164900571423, 40.833041167221985 ], [ -73.820872585602629, 40.831809431023231 ], [ -73.823274990084059, 40.834388187512609 ], [ -73.822164900571423, 40.833041167221985 ] ], [ [ -73.821481795445223, 40.831572294773785 ], [ -73.823793832346524, 40.834300146960388 ], [ -73.82463346490978, 40.833855807714713 ], [ -73.825158838689376, 40.83461447159705 ], [ -73.827927363509872, 40.833079992400293 ], [ -73.828018073111849, 40.832752785640345 ], [ -73.828435185314987, 40.832804170575855 ], [ -73.828973955345333, 40.831801688429273 ], [ -73.832220699598324, 40.829803692550733 ], [ -73.833432655822961, 40.829423212945116 ], [ -73.831589584613397, 40.827604350760282 ], [ -73.829785937648865, 40.827465086358615 ], [ -73.828557375773514, 40.828029791497016 ], [ -73.82457374243053, 40.827378246763949 ], [ -73.824756879563196, 40.826054521036873 ], [ -73.82264737777389, 40.825737999283426 ], [ -73.822799955311979, 40.825207827436145 ], [ -73.822493329741022, 40.824589985092459 ], [ -73.821494669175465, 40.824049831019089 ], [ -73.820747517281404, 40.825363214866279 ], [ -73.82119904122699, 40.826426986171633 ], [ -73.820021737512107, 40.830531669764504 ], [ -73.821064113067834, 40.831734700235309 ], [ -73.821481795445223, 40.831572294773785 ] ], [ [ -73.822659287391048, 40.834469871569368 ], [ -73.819810433140887, 40.831259044869725 ], [ -73.815921182891501, 40.830609166302317 ], [ -73.814901309391033, 40.831078550701697 ], [ -73.816037471217342, 40.834168614805314 ], [ -73.815663581391007, 40.834490849809569 ], [ -73.816084014672711, 40.834590346266367 ], [ -73.816081883797594, 40.835361182401286 ], [ -73.815573970601008, 40.835525081831214 ], [ -73.816007730708392, 40.83551259733607 ], [ -73.81606339574067, 40.835772927976329 ], [ -73.81550338675288, 40.835953212965556 ], [ -73.816060682348152, 40.836030195954407 ], [ -73.816478785440395, 40.83770398388954 ], [ -73.815974623492735, 40.838559476458293 ], [ -73.814782777401263, 40.839076488460258 ], [ -73.814695674155558, 40.839748113763527 ], [ -73.815568698585679, 40.841752295621667 ], [ -73.81541503962714, 40.842391327281973 ], [ -73.816813651572005, 40.84359619243552 ], [ -73.818402622546628, 40.842614665641356 ], [ -73.819283611595111, 40.841532154162735 ], [ -73.820108301822088, 40.841031926156653 ], [ -73.824859364690383, 40.838766796566297 ], [ -73.824397208182233, 40.83595007319073 ], [ -73.823092104919496, 40.834421379476979 ], [ -73.822659287391048, 40.834469871569368 ] ], [ [ -73.827123560344162, 40.837255794620923 ], [ -73.827791602621417, 40.834846946275761 ], [ -73.82883440486826, 40.834332742360239 ], [ -73.829262327544129, 40.834585081901075 ], [ -73.829461395720642, 40.834435367003181 ], [ -73.828944291063507, 40.833911286144044 ], [ -73.828710995128915, 40.833811823996818 ], [ -73.827700167263004, 40.83360657141759 ], [ -73.826220878047295, 40.834354708293318 ], [ -73.825494964858791, 40.835218223540338 ], [ -73.82619292813682, 40.836925319142644 ], [ -73.825849859606251, 40.837060867103112 ], [ -73.825959185532909, 40.839906472890164 ], [ -73.828003777206348, 40.841227684280085 ], [ -73.829080873371126, 40.842299026218406 ], [ -73.829154371050706, 40.84286375697053 ], [ -73.830375354437066, 40.841613270130928 ], [ -73.828687003321235, 40.840992529190046 ], [ -73.825987121009945, 40.838742426991125 ], [ -73.827123560344162, 40.837255794620923 ] ], [ [ -73.839482910510796, 40.834918808068217 ], [ -73.839794885622752, 40.835619206990373 ], [ -73.839404534742769, 40.835882968685361 ], [ -73.839346098191371, 40.838793604171045 ], [ -73.839589537655726, 40.838798486328365 ], [ -73.839950690949678, 40.839818736553042 ], [ -73.840146562317059, 40.838153118530471 ], [ -73.839653341792271, 40.837486840167522 ], [ -73.840661270389944, 40.836946416026571 ], [ -73.839955356025655, 40.834901464333733 ], [ -73.840569725891825, 40.834366017676366 ], [ -73.839864021627136, 40.833577018770661 ], [ -73.842335754596988, 40.83155420781393 ], [ -73.842422712179285, 40.831225462061333 ], [ -73.839920484787811, 40.833320794296917 ], [ -73.839482910510796, 40.834918808068217 ] ], [ [ -73.933469092872528, 40.831169895356368 ], [ -73.932149802889967, 40.834836978609395 ], [ -73.93317633707278, 40.834943574078807 ], [ -73.933605920367057, 40.832789530520806 ], [ -73.933469092872528, 40.831169895356368 ] ], [ [ -73.937614126280309, 40.830561849295322 ], [ -73.936719939179625, 40.831998825795353 ], [ -73.937637518840674, 40.832162443687061 ], [ -73.938331845185516, 40.83106879320939 ], [ -73.938216086304379, 40.830709517343003 ], [ -73.937614126280309, 40.830561849295322 ] ], [ [ -73.864022966932126, 40.827036745110163 ], [ -73.863961855203598, 40.826828766448394 ], [ -73.864810469829152, 40.826591090063211 ], [ -73.863432576386487, 40.826124709382356 ], [ -73.860979511138936, 40.826358820101021 ], [ -73.86085727466633, 40.826131874471628 ], [ -73.860091875516119, 40.826471387453815 ], [ -73.859917873722253, 40.826291030817387 ], [ -73.860001528774347, 40.826670307378564 ], [ -73.861072720762152, 40.826397404340554 ], [ -73.861485398350524, 40.827293605582895 ], [ -73.863036582598824, 40.828118778409952 ], [ -73.861948073716434, 40.829298963485328 ], [ -73.86216355355559, 40.830233880389144 ], [ -73.863127234720466, 40.830270919237236 ], [ -73.864855479489961, 40.830997217780357 ], [ -73.865123447137506, 40.830636870607805 ], [ -73.864226077163508, 40.830158864647693 ], [ -73.865373514051143, 40.828914005341794 ], [ -73.863712840758708, 40.828030230571819 ], [ -73.863586785430641, 40.827110464179945 ], [ -73.864022966932126, 40.827036745110163 ] ], [ [ -73.8549582889421, 40.8303977483571 ], [ -73.854750592289946, 40.830289921339535 ], [ -73.854583714562764, 40.8301928921097 ], [ -73.854557752778931, 40.830507037400693 ], [ -73.8549582889421, 40.8303977483571 ] ], [ [ -73.852631622483898, 40.827247210828027 ], [ -73.853856599347296, 40.827896476130121 ], [ -73.854711774565516, 40.826965492529482 ], [ -73.852631622483898, 40.827247210828027 ] ], [ [ -73.844971047208205, 40.819443838517962 ], [ -73.844974355172809, 40.819428948052334 ], [ -73.84496716724982, 40.819427486741894 ], [ -73.844971047208205, 40.819443838517962 ] ], [ [ -73.845090051395573, 40.819346042270098 ], [ -73.84431739477192, 40.818633971359866 ], [ -73.845398063505542, 40.818980191802702 ], [ -73.845760253789138, 40.818372742161657 ], [ -73.844529167414422, 40.817505762964842 ], [ -73.844227077201111, 40.817344853166077 ], [ -73.845988411890914, 40.815443907980679 ], [ -73.845082421577857, 40.815393735375849 ], [ -73.84400857727907, 40.814915422307905 ], [ -73.845167207896722, 40.812419585623843 ], [ -73.845182168751052, 40.811959952617137 ], [ -73.841986848340397, 40.818774373908262 ], [ -73.839998604735669, 40.819934946814008 ], [ -73.839829262416927, 40.821571501496102 ], [ -73.841923340140198, 40.826296145735398 ], [ -73.842177442446896, 40.826045254993424 ], [ -73.841856567760729, 40.824904137962584 ], [ -73.843034479301537, 40.824666696001536 ], [ -73.847771267754666, 40.827178834084108 ], [ -73.848185968536669, 40.82712297840871 ], [ -73.849055357822024, 40.826178393642998 ], [ -73.845835100833739, 40.824462736723916 ], [ -73.846373752693992, 40.823883595493726 ], [ -73.845968850202013, 40.823669192152963 ], [ -73.847732301347165, 40.821753802044 ], [ -73.846942777675906, 40.821334468526167 ], [ -73.846635847084059, 40.820432795626338 ], [ -73.845975051292939, 40.820172797918659 ], [ -73.845170934971108, 40.820286238467915 ], [ -73.845630293685616, 40.822263989315857 ], [ -73.842569294369625, 40.822678077762184 ], [ -73.841930744126415, 40.819833198487053 ], [ -73.845090051395573, 40.819346042270098 ] ], [ [ -73.88250870611526, 40.819912475831238 ], [ -73.880957018411166, 40.818705743172849 ], [ -73.881268157425225, 40.820224823483841 ], [ -73.88250870611526, 40.819912475831238 ] ], [ [ -73.920010022747917, 40.817724918443105 ], [ -73.920803937714027, 40.818658169581859 ], [ -73.921678821820493, 40.818749956634655 ], [ -73.920972545056188, 40.817664928739831 ], [ -73.920010022747917, 40.817724918443105 ] ], [ [ -73.932658786318228, 40.818524254249674 ], [ -73.932817668742231, 40.815312916124498 ], [ -73.932364771177632, 40.815108803976443 ], [ -73.932359542412925, 40.818454639697165 ], [ -73.932658786318228, 40.818524254249674 ] ], [ [ -73.889774635827834, 40.815127047267062 ], [ -73.890146503457487, 40.815323035697652 ], [ -73.89027508780066, 40.815224914890031 ], [ -73.890158750962613, 40.814897565090682 ], [ -73.889774635827834, 40.815127047267062 ] ], [ [ -73.921949504683226, 40.819170357874917 ], [ -73.921692312851249, 40.818770909880072 ], [ -73.921495542075888, 40.819208904386869 ], [ -73.922651255507503, 40.820516154045819 ], [ -73.922974298605979, 40.820211053998229 ], [ -73.922524371947986, 40.818957728066458 ], [ -73.921949504683226, 40.819170357874917 ] ], [ [ -73.865960307371651, 40.825002698124877 ], [ -73.866448535826805, 40.824957303261087 ], [ -73.867137836816312, 40.824227763066965 ], [ -73.866612915724531, 40.823941433415499 ], [ -73.865827167945994, 40.824436643369395 ], [ -73.865960307371651, 40.825002698124877 ] ], [ [ -73.852638912964679, 40.82578926864705 ], [ -73.850428249693479, 40.826078930126315 ], [ -73.851545210980078, 40.826668988094688 ], [ -73.855890635186384, 40.826074999730508 ], [ -73.855933084946756, 40.825882297981046 ], [ -73.855766185562345, 40.825145967133288 ], [ -73.854971571817373, 40.824723757368872 ], [ -73.853671267997271, 40.824898744449712 ], [ -73.852638912964679, 40.82578926864705 ] ], [ [ -73.865487057665575, 40.826062018964151 ], [ -73.866002012790318, 40.825441647752584 ], [ -73.865145818127687, 40.825815234526907 ], [ -73.865487057665575, 40.826062018964151 ] ], [ [ -73.839632012122252, 40.823682155592181 ], [ -73.838886831998153, 40.822152330154267 ], [ -73.837715047848079, 40.82248840023761 ], [ -73.837589396562748, 40.823428376794368 ], [ -73.83624197173225, 40.823349844253805 ], [ -73.836338525440183, 40.824952001749679 ], [ -73.837927124463675, 40.82446165684339 ], [ -73.838573432947811, 40.823670854980627 ], [ -73.839632012122252, 40.823682155592181 ] ], [ [ -73.806445390685965, 40.822996720660129 ], [ -73.806236306935375, 40.823307935153316 ], [ -73.806661660667743, 40.823419584238287 ], [ -73.806563615549607, 40.824606405431879 ], [ -73.806977711523416, 40.825388370394869 ], [ -73.807666047652447, 40.825896992059114 ], [ -73.809167007778228, 40.825842837949146 ], [ -73.810069387438787, 40.825143921275966 ], [ -73.808819343973909, 40.825073497249001 ], [ -73.808297021806396, 40.824794208839265 ], [ -73.807448113561719, 40.825453833592427 ], [ -73.808282225720845, 40.824783317034651 ], [ -73.807290463348011, 40.824930962827295 ], [ -73.808244177636141, 40.824685368707961 ], [ -73.808017656792956, 40.824102223036824 ], [ -73.806328899627033, 40.822339849485573 ], [ -73.805951691244346, 40.822882595349498 ], [ -73.806445390685965, 40.822996720660129 ] ], [ [ -73.811454501767017, 40.82455077697616 ], [ -73.811605875175104, 40.824320181425911 ], [ -73.811329190810966, 40.824556429823616 ], [ -73.811454501767017, 40.82455077697616 ] ], [ [ -73.816133084986902, 40.821791378943381 ], [ -73.816343669850326, 40.822351941396285 ], [ -73.816650976639067, 40.822441354230094 ], [ -73.816629843272025, 40.821934602848089 ], [ -73.816133084986902, 40.821791378943381 ] ], [ [ -73.820555215834574, 40.813017655077992 ], [ -73.820107593402938, 40.81286406966553 ], [ -73.819816384549469, 40.813179933155972 ], [ -73.816480156129543, 40.813853231879925 ], [ -73.815663263917884, 40.813512040247211 ], [ -73.814003190660429, 40.813551467265931 ], [ -73.810784778681708, 40.812770951857637 ], [ -73.809983149451952, 40.812946958398527 ], [ -73.808572163807412, 40.812161027128248 ], [ -73.807139878840346, 40.810661676956435 ], [ -73.803926734171952, 40.80852797081176 ], [ -73.803081751267655, 40.809582787748724 ], [ -73.80189804785374, 40.809133155959124 ], [ -73.801240325305528, 40.810479339740482 ], [ -73.801478329860899, 40.810606279089839 ], [ -73.802353402790033, 40.810037058959018 ], [ -73.803911860624638, 40.812110497881264 ], [ -73.804963365210611, 40.812163958656413 ], [ -73.805322094452109, 40.813226861069133 ], [ -73.805802380809041, 40.813160620967778 ], [ -73.806108296733868, 40.813847158801714 ], [ -73.805421452689245, 40.814131452964709 ], [ -73.805425597857166, 40.814400613238334 ], [ -73.806317700535033, 40.81416901243972 ], [ -73.807697315892227, 40.816778100025843 ], [ -73.805982921944462, 40.817213033419115 ], [ -73.805228605844292, 40.816965411285224 ], [ -73.80325543351951, 40.814214151991258 ], [ -73.803628844965786, 40.814059697976049 ], [ -73.803198705388013, 40.813505240572233 ], [ -73.803653921612494, 40.812579593570817 ], [ -73.803140785285578, 40.81245744352934 ], [ -73.801458005172947, 40.812940947203217 ], [ -73.800915932376299, 40.813761402506643 ], [ -73.80011146864274, 40.814024525560704 ], [ -73.799028163799974, 40.815541135442466 ], [ -73.798119452936021, 40.815698784500732 ], [ -73.797714653029061, 40.815513292744718 ], [ -73.797440809959852, 40.815718730189971 ], [ -73.798301492850243, 40.81624057507635 ], [ -73.802171207343008, 40.817204877867802 ], [ -73.804474023291462, 40.816177472802266 ], [ -73.805150480304093, 40.817050778384413 ], [ -73.807546513560396, 40.817826761294235 ], [ -73.809105814919988, 40.816731370576868 ], [ -73.812538133097746, 40.818048319104911 ], [ -73.812520198933385, 40.819422550745287 ], [ -73.81421034862602, 40.819950857522905 ], [ -73.815067925429759, 40.819717053924386 ], [ -73.815586561194692, 40.820382451233733 ], [ -73.81620341089203, 40.819952656906437 ], [ -73.818011752935661, 40.816457533513962 ], [ -73.817984277472718, 40.815594412487712 ], [ -73.818686053157606, 40.814241999871633 ], [ -73.81934979664004, 40.813368368087495 ], [ -73.820555215834574, 40.813017655077992 ] ], [ [ -73.801709874773167, 40.817624468788189 ], [ -73.803820323960039, 40.818141723086086 ], [ -73.8035091758927, 40.818285531271243 ], [ -73.805596214606126, 40.820036394369119 ], [ -73.806485310503732, 40.81972807899691 ], [ -73.806016154592399, 40.818690247695365 ], [ -73.805020821529411, 40.8182356522479 ], [ -73.805944759496072, 40.818247452778088 ], [ -73.801709874773167, 40.817624468788189 ] ], [ [ -73.798557399189576, 40.809434278616436 ], [ -73.800519575381387, 40.809598771923874 ], [ -73.801659973341842, 40.809071885201142 ], [ -73.79793757306831, 40.806883573510071 ], [ -73.796889471631275, 40.806833280084916 ], [ -73.795829223670097, 40.80825079681658 ], [ -73.798557399189576, 40.809434278616436 ] ], [ [ -73.931034231152779, 40.807043213341082 ], [ -73.929087754454983, 40.804593326801935 ], [ -73.92830484437998, 40.804988267829422 ], [ -73.928732425173195, 40.805426106015034 ], [ -73.928292178354909, 40.806297023051876 ], [ -73.930031353730342, 40.807048109319204 ], [ -73.930138334390975, 40.807639410073023 ], [ -73.931034231152779, 40.807043213341082 ] ], [ [ -73.790667587939524, 40.805661830704672 ], [ -73.791740198400674, 40.806452972400216 ], [ -73.792524614163725, 40.804665253685364 ], [ -73.790981429830538, 40.80460364472561 ], [ -73.790533587610938, 40.805119989979659 ], [ -73.790667587939524, 40.805661830704672 ] ], [ [ -73.873550965725059, 40.800853302771962 ], [ -73.871603361924329, 40.801751811949153 ], [ -73.872454423389939, 40.802110495440765 ], [ -73.874159736557701, 40.801967520214085 ], [ -73.877579381439801, 40.80477943023908 ], [ -73.876946744245146, 40.805665383124094 ], [ -73.877880251852375, 40.805850420737514 ], [ -73.879295214453961, 40.805647515556103 ], [ -73.878409734326183, 40.804304264554361 ], [ -73.877887920982005, 40.802291553341483 ], [ -73.878142188198211, 40.801319290809118 ], [ -73.87592998071689, 40.801084222588706 ], [ -73.875857885813232, 40.801455987586493 ], [ -73.875265170373154, 40.801398152548558 ], [ -73.87473060452588, 40.801256638131235 ], [ -73.874677163141484, 40.800979422361685 ], [ -73.873550965725059, 40.800853302771962 ] ], [ [ -73.82042432056825, 40.800717200224341 ], [ -73.820528107884172, 40.80100602386819 ], [ -73.820452858490157, 40.800708512116941 ], [ -73.82042432056825, 40.800717200224341 ] ], [ [ -73.819734406622359, 40.800741642005093 ], [ -73.820054445060748, 40.800805559086193 ], [ -73.820107136659644, 40.800768170143193 ], [ -73.819734406622359, 40.800741642005093 ] ], [ [ -73.819445011508932, 40.800681109844767 ], [ -73.819578826062923, 40.800732981019671 ], [ -73.819667620092105, 40.800727672482942 ], [ -73.819445011508932, 40.800681109844767 ] ], [ [ -73.923462847912674, 40.803308143420573 ], [ -73.924236435051355, 40.804439936134443 ], [ -73.925619673840387, 40.804224516592932 ], [ -73.923462847912674, 40.803308143420573 ] ], [ [ -73.907070957959874, 40.804033437921106 ], [ -73.906052642615421, 40.803367572481037 ], [ -73.905469957239774, 40.803930429400296 ], [ -73.90603260394991, 40.804254795062803 ], [ -73.907070957959874, 40.804033437921106 ] ], [ [ -73.928635247105078, 40.80745894321889 ], [ -73.928852128216306, 40.807412342112393 ], [ -73.928653810982283, 40.807328835055557 ], [ -73.928635247105078, 40.80745894321889 ] ], [ [ -73.968695036846881, 40.808270167199559 ], [ -73.966007115075698, 40.81193226605248 ], [ -73.966992821750253, 40.81088265590882 ], [ -73.968695036846881, 40.808270167199559 ] ], [ [ -73.932479432461889, 40.808733746942224 ], [ -73.93181760136892, 40.809045656712016 ], [ -73.931920191178534, 40.809857085977981 ], [ -73.93116617957557, 40.810826224369094 ], [ -73.931673578033028, 40.81189352162432 ], [ -73.931485099239268, 40.813089944065759 ], [ -73.932160281964599, 40.811708747824106 ], [ -73.932616846571065, 40.811467496393426 ], [ -73.932874120019548, 40.810414043429105 ], [ -73.932479432461889, 40.808733746942224 ] ], [ [ -73.893815767007737, 40.812939862080107 ], [ -73.894801633256364, 40.812532142904722 ], [ -73.892880475936906, 40.811737953615406 ], [ -73.892371092282943, 40.81233540079208 ], [ -73.893815767007737, 40.812939862080107 ] ], [ [ -73.826307847575578, 40.811284121706422 ], [ -73.824940760449422, 40.811857261519421 ], [ -73.824710511252263, 40.81169935840618 ], [ -73.824535504238312, 40.811986954676314 ], [ -73.823340533062193, 40.812376351284144 ], [ -73.823909580282603, 40.812826995061712 ], [ -73.82789374272599, 40.813997534717394 ], [ -73.826307847575578, 40.811284121706422 ] ], [ [ -73.901663790919983, 40.811767404106561 ], [ -73.901543513098105, 40.811248481044068 ], [ -73.901194737615782, 40.81134692712574 ], [ -73.901663790919983, 40.811767404106561 ] ], [ [ -73.849086947381281, 40.81182053644612 ], [ -73.849075088303849, 40.811859095893332 ], [ -73.849107379190158, 40.8118575213837 ], [ -73.849086947381281, 40.81182053644612 ] ], [ [ -73.900305807022349, 40.812160574440625 ], [ -73.900308730432215, 40.811852857143101 ], [ -73.899962520968984, 40.812099129796117 ], [ -73.900305807022349, 40.812160574440625 ] ], [ [ -73.880719174028556, 40.811045813181885 ], [ -73.881859602045921, 40.810851947812246 ], [ -73.880363626825272, 40.809398477600709 ], [ -73.880296873879743, 40.809407629375237 ], [ -73.880719174028556, 40.811045813181885 ] ], [ [ -73.930396051254462, 40.813303747384637 ], [ -73.929648841303603, 40.813917954481333 ], [ -73.929871115722548, 40.814184358453261 ], [ -73.930849298209992, 40.813885590326997 ], [ -73.930396051254462, 40.813303747384637 ] ], [ [ -73.927641630238099, 40.814454112985466 ], [ -73.928026831277364, 40.813787365068499 ], [ -73.928565025837443, 40.813411195442235 ], [ -73.92712025485055, 40.813501827634092 ], [ -73.927641630238099, 40.814454112985466 ] ], [ [ -73.928974814790152, 40.813365929737984 ], [ -73.928608832824025, 40.81383656019905 ], [ -73.929314090523093, 40.813896169869103 ], [ -73.929720028646344, 40.813283608812434 ], [ -73.928974814790152, 40.813365929737984 ] ], [ [ -73.909847115472829, 40.827290459272717 ], [ -73.909879674970909, 40.827051073987207 ], [ -73.909511377811768, 40.827019772041886 ], [ -73.909538180730792, 40.82707011234325 ], [ -73.909847115472829, 40.827290459272717 ] ], [ [ -73.910188878694356, 40.828734254046104 ], [ -73.909946426743417, 40.828809673658007 ], [ -73.909945951892098, 40.828813687824869 ], [ -73.910150630684882, 40.828928364823817 ], [ -73.910188878694356, 40.828734254046104 ] ], [ [ -73.933206263398972, 40.829132801184478 ], [ -73.932647263938932, 40.829234622640925 ], [ -73.933250262776724, 40.829463037138233 ], [ -73.933206263398972, 40.829132801184478 ] ], [ [ -73.88347338799386, 40.830342818942775 ], [ -73.883900947886715, 40.829802816910473 ], [ -73.883710973835207, 40.829614389430461 ], [ -73.883677712623268, 40.829760444543005 ], [ -73.88347338799386, 40.830342818942775 ] ], [ [ -73.910850141408446, 40.830767126774589 ], [ -73.911680098423687, 40.830454869051124 ], [ -73.911096592968562, 40.829658622500318 ], [ -73.910661025085957, 40.830433366370713 ], [ -73.910850141408446, 40.830767126774589 ] ], [ [ -73.883982032804553, 40.829693140139987 ], [ -73.883981414245639, 40.829694032091822 ], [ -73.883982188766595, 40.829693638029426 ], [ -73.883982032804553, 40.829693140139987 ] ], [ [ -73.858294614992431, 40.837729034226946 ], [ -73.858766494415192, 40.838272921547059 ], [ -73.857441173534696, 40.838964649870832 ], [ -73.857165433813449, 40.83947733758319 ], [ -73.857612655799656, 40.840245704330883 ], [ -73.85720281197473, 40.840273311024987 ], [ -73.856916265702324, 40.841138643501687 ], [ -73.856001996917271, 40.842202296885304 ], [ -73.855938778745625, 40.843141362086435 ], [ -73.85463933447825, 40.843313142672443 ], [ -73.854295176277006, 40.842319662533626 ], [ -73.853738822791485, 40.842390843287994 ], [ -73.853209331442528, 40.843399961942872 ], [ -73.852916683248822, 40.842517928039292 ], [ -73.851007488210072, 40.842314340658902 ], [ -73.851497432758009, 40.841355627338935 ], [ -73.850148650466579, 40.84065637528338 ], [ -73.850067346254505, 40.839776446862182 ], [ -73.849752039257794, 40.839586485510601 ], [ -73.84948653083606, 40.839753276271807 ], [ -73.849941245691795, 40.840289889844648 ], [ -73.848702494792576, 40.840421377291904 ], [ -73.848699818168086, 40.841383997828594 ], [ -73.846820725639375, 40.841469262998189 ], [ -73.846878424649788, 40.8427164248777 ], [ -73.84565112567212, 40.843876585921208 ], [ -73.841977668187539, 40.84364440017071 ], [ -73.840872644601433, 40.842896211972636 ], [ -73.841017621845836, 40.843917772333285 ], [ -73.842109377057724, 40.845125582516381 ], [ -73.844777412990169, 40.845854264127546 ], [ -73.845541873878844, 40.844980231918335 ], [ -73.846428096595105, 40.845774038145507 ], [ -73.847108761192771, 40.845305938427359 ], [ -73.847519948390953, 40.845658423127141 ], [ -73.85026203065101, 40.844270994779343 ], [ -73.850271089635456, 40.844597795650053 ], [ -73.847722425938954, 40.845839680152352 ], [ -73.847884920413293, 40.845988980526229 ], [ -73.84635095775748, 40.847278903437086 ], [ -73.845370269649052, 40.848712628053548 ], [ -73.845346569950124, 40.849449488455043 ], [ -73.84709717212175, 40.849153028289386 ], [ -73.847571496041809, 40.849755829821419 ], [ -73.849058016826518, 40.845835710776129 ], [ -73.849798991837574, 40.845384116874669 ], [ -73.855783403110024, 40.84654572660088 ], [ -73.855547953556666, 40.84724403580887 ], [ -73.85581989444465, 40.847556722356792 ], [ -73.85697264997998, 40.847780214069957 ], [ -73.855552643558326, 40.851997001130698 ], [ -73.856092908369121, 40.852101753707394 ], [ -73.856660077355627, 40.851380282359294 ], [ -73.858299777160894, 40.850681252900138 ], [ -73.860568460500886, 40.850272871558921 ], [ -73.860694851108846, 40.849896976058133 ], [ -73.858918513160589, 40.849552185411319 ], [ -73.859124932091234, 40.848938982247013 ], [ -73.858096783353616, 40.847621693701718 ], [ -73.85755625442529, 40.847516939493758 ], [ -73.85854270038169, 40.845137787247474 ], [ -73.859405214745237, 40.845127564031202 ], [ -73.859966204321793, 40.844045645849349 ], [ -73.862227062201924, 40.842808085927757 ], [ -73.862072220381165, 40.842497439284678 ], [ -73.863206818342391, 40.842388392578847 ], [ -73.86313091522473, 40.842215495031553 ], [ -73.861886069805422, 40.842471377766977 ], [ -73.8616853174086, 40.841561079925462 ], [ -73.861953827970765, 40.841030649764342 ], [ -73.861438051617156, 40.840587940557356 ], [ -73.862236004685414, 40.839872246091346 ], [ -73.863051197902877, 40.838258798677685 ], [ -73.861920792330395, 40.838463267984331 ], [ -73.862238860226142, 40.838307753799199 ], [ -73.86182382271258, 40.838353039376557 ], [ -73.861991285523828, 40.837713179833372 ], [ -73.860645481046291, 40.837351019908155 ], [ -73.858415171600925, 40.835473096697449 ], [ -73.857474388078046, 40.835180246860347 ], [ -73.856520831647344, 40.834171278691301 ], [ -73.856150296189085, 40.834577004063483 ], [ -73.857292980637411, 40.835519676698617 ], [ -73.857179092676319, 40.836853732145066 ], [ -73.857602431542063, 40.837397239983261 ], [ -73.857471917401469, 40.837671015499993 ], [ -73.858294614992431, 40.837729034226946 ] ], [ [ -73.866326202550809, 40.835509433132039 ], [ -73.866964941156851, 40.83589612817488 ], [ -73.867579750783193, 40.83628771073127 ], [ -73.866558909076929, 40.835335067417155 ], [ -73.866326202550809, 40.835509433132039 ] ], [ [ -73.87818498314796, 40.836796416989316 ], [ -73.876505999944129, 40.837099504274285 ], [ -73.877690501792017, 40.837672443193831 ], [ -73.87818498314796, 40.836796416989316 ] ], [ [ -73.8802269398725, 40.838041518539029 ], [ -73.880424250003074, 40.837453255445425 ], [ -73.879909695133634, 40.838317522300166 ], [ -73.8802269398725, 40.838041518539029 ] ], [ [ -73.929705612381667, 40.838415468590782 ], [ -73.929995596567323, 40.837837122691333 ], [ -73.929630733348219, 40.837506127620571 ], [ -73.929323531916623, 40.838251464943887 ], [ -73.929705612381667, 40.838415468590782 ] ], [ [ -73.920303392571299, 40.840794485964047 ], [ -73.920303454382974, 40.840793283756994 ], [ -73.920302521655032, 40.840792962350214 ], [ -73.920303392571299, 40.840794485964047 ] ], [ [ -73.870488749374076, 40.845223492319548 ], [ -73.869964127008117, 40.84502310054085 ], [ -73.870044848498964, 40.843309838589562 ], [ -73.869661088836537, 40.842671936767459 ], [ -73.869476183512845, 40.844054158704857 ], [ -73.869814232772953, 40.845241798195779 ], [ -73.870318873202791, 40.845542532150745 ], [ -73.870488749374076, 40.845223492319548 ] ], [ [ -73.897356055638852, 40.853017834145085 ], [ -73.898012016252238, 40.852452360573942 ], [ -73.897331742456004, 40.851608322826273 ], [ -73.897607986403983, 40.852142061462679 ], [ -73.896862866001001, 40.852365361890321 ], [ -73.897356055638852, 40.853017834145085 ] ], [ [ -73.848441893271342, 40.850291796283109 ], [ -73.8469360924162, 40.850275387695682 ], [ -73.847224414390311, 40.851144737831461 ], [ -73.844470556315358, 40.851244135809033 ], [ -73.84479283327849, 40.852473942020119 ], [ -73.844453006129996, 40.852998218512397 ], [ -73.844621849688508, 40.853281985948279 ], [ -73.845711439785759, 40.852729950377515 ], [ -73.846218774455409, 40.851951638798923 ], [ -73.847543790286167, 40.851980135954719 ], [ -73.848441893271342, 40.850291796283109 ] ], [ [ -73.896917102409859, 40.853101749820006 ], [ -73.896935051265601, 40.853098432919488 ], [ -73.896916598131128, 40.853094903160184 ], [ -73.896917102409859, 40.853101749820006 ] ], [ [ -73.88196789838716, 40.853433467154296 ], [ -73.882367963398664, 40.853296513421064 ], [ -73.881736653950639, 40.853109609559269 ], [ -73.881350849967021, 40.854473190453611 ], [ -73.882603163644418, 40.85452019615844 ], [ -73.88196789838716, 40.853433467154296 ] ], [ [ -73.844393178618716, 40.851070983254175 ], [ -73.8447577994977, 40.850468460681789 ], [ -73.843617357954301, 40.850080340120222 ], [ -73.844940537968711, 40.848218220852253 ], [ -73.844708807002917, 40.84687560714287 ], [ -73.840849811000851, 40.848774844495075 ], [ -73.839596241121129, 40.848140521493463 ], [ -73.839379801132083, 40.847187425205455 ], [ -73.838395691616228, 40.846096045384776 ], [ -73.837565100552908, 40.852343729888759 ], [ -73.836291701925759, 40.855559475571887 ], [ -73.838591031393932, 40.85542432775604 ], [ -73.839479401377744, 40.855046697670261 ], [ -73.839796727724845, 40.853976589176426 ], [ -73.841597080035285, 40.851638830608636 ], [ -73.844393178618716, 40.851070983254175 ] ], [ [ -73.814097850698616, 40.844867691311194 ], [ -73.812633971804161, 40.844970866318995 ], [ -73.814031982193754, 40.845589297867996 ], [ -73.813188651388202, 40.846229535973798 ], [ -73.813990421987057, 40.84582691869241 ], [ -73.814203012511769, 40.846007866787083 ], [ -73.814510586119724, 40.845277901393139 ], [ -73.814097850698616, 40.844867691311194 ] ], [ [ -73.882085511629583, 40.851897943175913 ], [ -73.882002990785892, 40.852189358189655 ], [ -73.881816644541374, 40.852833227523625 ], [ -73.882132764296841, 40.852227365380642 ], [ -73.882085511629583, 40.851897943175913 ] ], [ [ -73.814999551060964, 40.843504452140429 ], [ -73.813426532457967, 40.843701740396071 ], [ -73.813439498364872, 40.844211163427254 ], [ -73.814170834599693, 40.844639678952234 ], [ -73.815517797734415, 40.844240057941747 ], [ -73.814999551060964, 40.843504452140429 ] ], [ [ -73.849290713190157, 40.838336994050174 ], [ -73.849254685898558, 40.839479669688806 ], [ -73.849341349963296, 40.839581944653055 ], [ -73.849290713190157, 40.838336994050174 ] ], [ [ -73.84475769401736, 40.836184428897546 ], [ -73.843226723536588, 40.835230447612204 ], [ -73.842182366461842, 40.835374141908112 ], [ -73.842518111767234, 40.836806938061535 ], [ -73.84340385805038, 40.837232794709237 ], [ -73.843977035519657, 40.836627563589779 ], [ -73.844477147511725, 40.836574130465671 ], [ -73.84475769401736, 40.836184428897546 ] ], [ [ -73.849410882319106, 40.832155599354266 ], [ -73.846907444067639, 40.834737132964747 ], [ -73.847375141748913, 40.834674140817796 ], [ -73.848290678581265, 40.833680452750727 ], [ -73.849715794995902, 40.833468707535317 ], [ -73.849804451010854, 40.83363947863792 ], [ -73.850037365188314, 40.8334378185885 ], [ -73.850142204797081, 40.83600005571563 ], [ -73.850633665660709, 40.835783085219376 ], [ -73.850617860676465, 40.834876119247205 ], [ -73.85227289475695, 40.834142587865202 ], [ -73.849717220419805, 40.832848144555456 ], [ -73.849981718336338, 40.832541336279711 ], [ -73.849410882319106, 40.832155599354266 ] ], [ [ -73.87125712522672, 40.832073653648671 ], [ -73.87198634022225, 40.83128867280616 ], [ -73.871971248472576, 40.831282178619517 ], [ -73.87125712522672, 40.832073653648671 ] ], [ [ -73.831094164088285, 40.835032382275642 ], [ -73.831723284465809, 40.835162922175833 ], [ -73.831109998696562, 40.834927434139601 ], [ -73.831094164088285, 40.835032382275642 ] ], [ [ -73.784158708299245, 40.83765790394628 ], [ -73.785571922214075, 40.837969282611667 ], [ -73.784218074942572, 40.836754901168725 ], [ -73.783381681253388, 40.836909272184499 ], [ -73.782822601397385, 40.836338155887979 ], [ -73.782701187782109, 40.836803271663889 ], [ -73.784025709134852, 40.837364728016858 ], [ -73.784158708299245, 40.83765790394628 ] ], [ [ -73.812903219189081, 40.828953131163452 ], [ -73.813077834545965, 40.828952309549635 ], [ -73.813011668336216, 40.828871744954071 ], [ -73.812903219189081, 40.828953131163452 ] ], [ [ -73.812531257801112, 40.827842452096455 ], [ -73.810095781382316, 40.827819493091575 ], [ -73.809927992414444, 40.828193222258733 ], [ -73.812484536668237, 40.828264338230063 ], [ -73.812531257801112, 40.827842452096455 ] ], [ [ -73.831001530046024, 40.858385976141271 ], [ -73.834308915326389, 40.857215525567902 ], [ -73.834330461111662, 40.856937433373794 ], [ -73.830882133164152, 40.857941682543292 ], [ -73.830332018428479, 40.858587839280837 ], [ -73.831374694630185, 40.857907735628167 ], [ -73.831001530046024, 40.858385976141271 ] ], [ [ -73.919518390968562, 40.858785406444227 ], [ -73.919343888435492, 40.858957568735399 ], [ -73.919732004295057, 40.858881593577841 ], [ -73.919518390968562, 40.858785406444227 ] ], [ [ -73.882153179894345, 40.860602117703515 ], [ -73.884839823736058, 40.863654600700009 ], [ -73.885253210031877, 40.865186202418634 ], [ -73.88742151905096, 40.863482157542094 ], [ -73.886922074538305, 40.863140238849596 ], [ -73.886496220538078, 40.862204147226414 ], [ -73.885473640676963, 40.861586777072908 ], [ -73.885968772532436, 40.861364684499264 ], [ -73.884937285644313, 40.860669737516041 ], [ -73.885039224948045, 40.860287780697135 ], [ -73.884237453117493, 40.859933179775396 ], [ -73.884341901685332, 40.859382571693622 ], [ -73.882153179894345, 40.860602117703515 ] ], [ [ -73.915449705996281, 40.863006510495396 ], [ -73.915215847645072, 40.863975952189158 ], [ -73.915922708197627, 40.86428040089978 ], [ -73.915085838543277, 40.864448143417341 ], [ -73.914411133927459, 40.86417362637048 ], [ -73.914923879278575, 40.8645803789192 ], [ -73.913918631332351, 40.864745584403664 ], [ -73.912072547192807, 40.867404904763056 ], [ -73.914708811286076, 40.868182159196259 ], [ -73.91699456112201, 40.865255496890228 ], [ -73.916720169766975, 40.864697753236094 ], [ -73.916652743436217, 40.865285285791444 ], [ -73.916114399490212, 40.863288290949292 ], [ -73.915449705996281, 40.863006510495396 ] ], [ [ -73.908148376838184, 40.868887070159047 ], [ -73.908425734873276, 40.869008770765724 ], [ -73.909157603926744, 40.867486561141966 ], [ -73.90879075625476, 40.867483157135823 ], [ -73.908148376838184, 40.868887070159047 ] ], [ [ -73.910559333361093, 40.86400154744846 ], [ -73.909582705815168, 40.866627468398015 ], [ -73.910599143190424, 40.864502377587023 ], [ -73.91183688080028, 40.86317155916381 ], [ -73.911227253641414, 40.863264631273445 ], [ -73.910559333361093, 40.86400154744846 ] ], [ [ -73.860978714213175, 40.865309510631356 ], [ -73.861690132006871, 40.865213407912471 ], [ -73.862939650700355, 40.86414494528676 ], [ -73.861577018163828, 40.865125604462499 ], [ -73.861284513521895, 40.864892738395795 ], [ -73.860978714213175, 40.865309510631356 ] ], [ [ -73.910177272348463, 40.864290541598336 ], [ -73.91016405815715, 40.864292069524566 ], [ -73.910157233682483, 40.864323136667934 ], [ -73.910177272348463, 40.864290541598336 ] ], [ [ -73.910199044958119, 40.864255126040483 ], [ -73.910389991300718, 40.863944528891338 ], [ -73.911029436745011, 40.863294831338138 ], [ -73.91065197117257, 40.863507539754167 ], [ -73.910199044958119, 40.864255126040483 ] ], [ [ -73.84082447249726, 40.863206943703481 ], [ -73.839841005075073, 40.863918631793119 ], [ -73.838037165393089, 40.866059954313343 ], [ -73.841705841762291, 40.864410598611421 ], [ -73.842831980616253, 40.86444565602627 ], [ -73.84082447249726, 40.863206943703481 ] ], [ [ -73.829645966843159, 40.860869006836005 ], [ -73.830122827775639, 40.862011949946734 ], [ -73.828419635079072, 40.860931939593286 ], [ -73.829508926921065, 40.861841213446759 ], [ -73.829726148378697, 40.861952744635481 ], [ -73.830893297277726, 40.862212849092963 ], [ -73.830108486928239, 40.861298065689191 ], [ -73.83071945361452, 40.86110019460012 ], [ -73.829801839628558, 40.860860450665804 ], [ -73.83051825633494, 40.862075196668052 ], [ -73.829645966843159, 40.860869006836005 ] ], [ [ -73.827798117270362, 40.861417067587709 ], [ -73.82793496549948, 40.860921431398026 ], [ -73.827609399038181, 40.86163822651978 ], [ -73.827798117270362, 40.861417067587709 ] ], [ [ -73.837867418520247, 40.866191023290924 ], [ -73.837024577149222, 40.86645547979488 ], [ -73.837780134545469, 40.866682627762643 ], [ -73.837867418520247, 40.866191023290924 ] ], [ [ -73.846959497505779, 40.867183996014475 ], [ -73.846587432521702, 40.866978840522926 ], [ -73.847045900954853, 40.867377043427396 ], [ -73.846959497505779, 40.867183996014475 ] ], [ [ -73.81858589278707, 40.799276157098852 ], [ -73.817849619494766, 40.799614077201952 ], [ -73.818589339458583, 40.799279397261934 ], [ -73.81858589278707, 40.799276157098852 ] ], [ [ -73.822538535802423, 40.799277745931349 ], [ -73.822518438076017, 40.799304306323279 ], [ -73.822677878968392, 40.799486135236492 ], [ -73.822538535802423, 40.799277745931349 ] ], [ [ -73.822792706257474, 40.799339783225825 ], [ -73.822653619155105, 40.799195841142428 ], [ -73.822755047657509, 40.799352829817614 ], [ -73.822792706257474, 40.799339783225825 ] ], [ [ -73.823140681533047, 40.79878636785557 ], [ -73.823305524977087, 40.798962865618009 ], [ -73.823160743900004, 40.798769660834047 ], [ -73.823140681533047, 40.79878636785557 ] ], [ [ -73.823460205527624, 40.798496557116081 ], [ -73.823757235652437, 40.798880828177261 ], [ -73.823469980185365, 40.79848829422923 ], [ -73.823460205527624, 40.798496557116081 ] ], [ [ -73.841299436120906, 40.796219669330988 ], [ -73.84150804072776, 40.79513729961792 ], [ -73.842167473411223, 40.795612940163721 ], [ -73.842920690914141, 40.796903686184912 ], [ -73.842259593683309, 40.795584968937412 ], [ -73.842808752411074, 40.795418222915657 ], [ -73.843284972603215, 40.796174392685984 ], [ -73.842848653223868, 40.795213401671795 ], [ -73.843306323869101, 40.795500933488974 ], [ -73.843341872642839, 40.795161374115068 ], [ -73.839924565785225, 40.794603724668235 ], [ -73.837813500302502, 40.793605647254601 ], [ -73.837118206871082, 40.792439825501532 ], [ -73.837737858493028, 40.791905909335682 ], [ -73.837754111627135, 40.791673158624725 ], [ -73.83738787369046, 40.791697402117819 ], [ -73.837224416392189, 40.792197647808145 ], [ -73.836650917185125, 40.792559482122073 ], [ -73.838400830779449, 40.796755258306895 ], [ -73.839036768125069, 40.797052476075756 ], [ -73.839970996561661, 40.796905641893275 ], [ -73.840258608091375, 40.797588858432235 ], [ -73.83919004727295, 40.797777265945093 ], [ -73.837899675038372, 40.798508970181551 ], [ -73.839209483240893, 40.797844314354002 ], [ -73.840415179759461, 40.797678436756229 ], [ -73.840139303644548, 40.796879187836225 ], [ -73.841299436120906, 40.796219669330988 ] ], [ [ -73.823861510041695, 40.798157909523987 ], [ -73.824084660909989, 40.798248127585609 ], [ -73.823988017187119, 40.798038860930447 ], [ -73.823861510041695, 40.798157909523987 ] ], [ [ -73.812504472891348, 40.798082482404595 ], [ -73.812874489147063, 40.797177142464243 ], [ -73.813493503686843, 40.797058379875146 ], [ -73.813350137199379, 40.797672323160178 ], [ -73.813699637252427, 40.797079415665173 ], [ -73.813644482028707, 40.797518033189014 ], [ -73.814352496978785, 40.79781188508133 ], [ -73.815480051308228, 40.796271475759099 ], [ -73.814916563734897, 40.795485921924914 ], [ -73.816026740330045, 40.79480724401985 ], [ -73.819443567241379, 40.789755585200759 ], [ -73.818785333462927, 40.789374455754547 ], [ -73.818222136579251, 40.789498591720147 ], [ -73.817713027438415, 40.78899838235678 ], [ -73.816480366919365, 40.789671640162297 ], [ -73.815877081012928, 40.789394609070676 ], [ -73.814712894489588, 40.789612141811084 ], [ -73.814397562926516, 40.787954276524019 ], [ -73.81376943613563, 40.787951620415583 ], [ -73.813807487297254, 40.78754827066814 ], [ -73.813087733102279, 40.78747232028811 ], [ -73.812226493721141, 40.787932659413507 ], [ -73.811829020503637, 40.787308979767566 ], [ -73.809511037273225, 40.787052759210255 ], [ -73.809026312820578, 40.787251601298102 ], [ -73.809061598033381, 40.787005909267506 ], [ -73.803068127698992, 40.786497049199134 ], [ -73.802393426928333, 40.78696032057772 ], [ -73.802822667736649, 40.787537470587203 ], [ -73.802266061520413, 40.788015122405795 ], [ -73.802501936692991, 40.789769099197123 ], [ -73.799948353716758, 40.791766415622767 ], [ -73.799734812886101, 40.792669168767979 ], [ -73.797570029040187, 40.793356159884205 ], [ -73.797097122617657, 40.792916794415227 ], [ -73.795816658501835, 40.792367716438449 ], [ -73.795620659161827, 40.792495699691649 ], [ -73.794944104681434, 40.791743497631401 ], [ -73.79431846550834, 40.793566448140581 ], [ -73.794383310908927, 40.794799533860363 ], [ -73.796558751812341, 40.795137374177919 ], [ -73.796486904006329, 40.795645778939893 ], [ -73.79673567726374, 40.795208942919274 ], [ -73.797870149147101, 40.795552012141385 ], [ -73.797582955374594, 40.795967202156007 ], [ -73.797669940750026, 40.795993822382975 ], [ -73.797898327533332, 40.79555922091793 ], [ -73.79960548292496, 40.796332220605713 ], [ -73.8001823545424, 40.796266913698091 ], [ -73.800128615787656, 40.796446819836426 ], [ -73.800293816452594, 40.796254972503448 ], [ -73.801011262305892, 40.796522374589678 ], [ -73.802579344748921, 40.796295443638734 ], [ -73.803260669187452, 40.796706491003384 ], [ -73.803205498474483, 40.797076623643221 ], [ -73.803463764752024, 40.796474414814 ], [ -73.803605900627758, 40.796632311500161 ], [ -73.804311387660604, 40.79621287616127 ], [ -73.80427353681165, 40.796641260827045 ], [ -73.804348259354001, 40.796214090992812 ], [ -73.805395733411132, 40.796170821514529 ], [ -73.805885814459387, 40.796474889537194 ], [ -73.806330767145212, 40.796392740938593 ], [ -73.806231350125017, 40.796817477080346 ], [ -73.806363314525598, 40.796393605437814 ], [ -73.811607813799924, 40.797372406880427 ], [ -73.811790028355318, 40.798026331253141 ], [ -73.812504472891348, 40.798082482404595 ] ], [ [ -73.789443196963134, 40.787642532056019 ], [ -73.789402513292316, 40.787420815422756 ], [ -73.789130363589052, 40.787229380533674 ], [ -73.789443196963134, 40.787642532056019 ] ], [ [ -73.789465161148172, 40.787286620395335 ], [ -73.786603858561932, 40.784378734214158 ], [ -73.785789161296719, 40.782811072231844 ], [ -73.785013682434567, 40.778826648735638 ], [ -73.785045016978444, 40.776991236443159 ], [ -73.784620134492286, 40.776857792931615 ], [ -73.784790693642321, 40.779429878071248 ], [ -73.78573105566177, 40.783294983183531 ], [ -73.787585241134124, 40.785857783103772 ], [ -73.789465161148172, 40.787286620395335 ] ], [ [ -73.773989986277542, 40.784190616564139 ], [ -73.774931085553547, 40.785891215100925 ], [ -73.775749668948819, 40.785903197941089 ], [ -73.776861577673415, 40.785382909786442 ], [ -73.777064714050496, 40.784838087180283 ], [ -73.775698055775138, 40.784817122777277 ], [ -73.775214688373154, 40.784259739561435 ], [ -73.773989986277542, 40.784190616564139 ] ], [ [ -73.772755371590804, 40.78368754313037 ], [ -73.774745645518522, 40.785888499727022 ], [ -73.772796652903239, 40.783661406408655 ], [ -73.772755371590804, 40.78368754313037 ] ], [ [ -73.778961179216822, 40.783911695892115 ], [ -73.779087029808977, 40.783932772444899 ], [ -73.778893526521642, 40.783822990828881 ], [ -73.778961179216822, 40.783911695892115 ] ], [ [ -73.779355842138074, 40.783994307124587 ], [ -73.77943220296136, 40.783943210232835 ], [ -73.779288864380064, 40.783978975103693 ], [ -73.779355842138074, 40.783994307124587 ] ], [ [ -73.748175026725846, 40.780540387485807 ], [ -73.748063871829757, 40.780277362235914 ], [ -73.748300630175464, 40.780801705616902 ], [ -73.748175026725846, 40.780540387485807 ] ], [ [ -73.747654044275222, 40.779741474479351 ], [ -73.747872466292165, 40.780073004659961 ], [ -73.748039373340788, 40.780215149669125 ], [ -73.74796100397333, 40.779961962449448 ], [ -73.747654044275222, 40.779741474479351 ] ], [ [ -73.751870495888141, 40.774348128537717 ], [ -73.754137175649561, 40.775461552926998 ], [ -73.753540460122579, 40.773620267157725 ], [ -73.752093892235195, 40.774086258756959 ], [ -73.751870495888141, 40.774348128537717 ] ], [ [ -73.785684633503408, 40.776774848972401 ], [ -73.786432752167912, 40.778519602060868 ], [ -73.790644873599248, 40.77723112148071 ], [ -73.791611191905346, 40.782874332141851 ], [ -73.792941581797123, 40.781278410094423 ], [ -73.792848862357857, 40.780970871430725 ], [ -73.794017333454534, 40.780438833939286 ], [ -73.79508153951798, 40.780498604920723 ], [ -73.795105408301922, 40.779779541044739 ], [ -73.793539575178741, 40.778750365593034 ], [ -73.79396327415796, 40.778183307629924 ], [ -73.793584790546674, 40.777850521818316 ], [ -73.792375939898065, 40.777944989551237 ], [ -73.793571080465, 40.777784247123009 ], [ -73.794438465428442, 40.77698176397238 ], [ -73.798588411281472, 40.774473656076125 ], [ -73.797547308486941, 40.774031098239121 ], [ -73.79646296800631, 40.774508255805408 ], [ -73.796965541792957, 40.773641007719391 ], [ -73.796322451848241, 40.774441525917759 ], [ -73.796924176832093, 40.773617716196846 ], [ -73.796681171828922, 40.772398025935168 ], [ -73.795761974823293, 40.772239334063165 ], [ -73.795657020774129, 40.773036086212066 ], [ -73.794805461339294, 40.772256875281776 ], [ -73.795036657090691, 40.770612152797369 ], [ -73.795971478065297, 40.770686230438308 ], [ -73.795798044589034, 40.771971944447948 ], [ -73.796740659006318, 40.771959075044151 ], [ -73.79681385760955, 40.771425606898539 ], [ -73.79602787282866, 40.77069060326405 ], [ -73.797337892472399, 40.769883246104534 ], [ -73.796204644208785, 40.768819478608947 ], [ -73.805524209891871, 40.762889054411616 ], [ -73.806536550725085, 40.762444067105008 ], [ -73.806897399559972, 40.762696284965728 ], [ -73.807434529810919, 40.762459341116326 ], [ -73.807895965952255, 40.762078596637572 ], [ -73.806760142147496, 40.760787708256693 ], [ -73.808867097017782, 40.759658777345152 ], [ -73.808553834938877, 40.759379749325959 ], [ -73.809395420090141, 40.759366031949199 ], [ -73.810279805243681, 40.758817827077486 ], [ -73.810809402760256, 40.757978412885748 ], [ -73.814678548687027, 40.759385118469567 ], [ -73.816068517876886, 40.757158496818178 ], [ -73.818074846814056, 40.757589570789591 ], [ -73.820023609870233, 40.757423067822756 ], [ -73.82086904164774, 40.756726062253136 ], [ -73.82115330748934, 40.756980411059899 ], [ -73.821209870733455, 40.756524119576724 ], [ -73.818960863804449, 40.756394417558909 ], [ -73.819055423664665, 40.755464960190352 ], [ -73.818736847968097, 40.755181234367264 ], [ -73.81653065991253, 40.755048625125163 ], [ -73.816602444163777, 40.75436553826956 ], [ -73.815780662033717, 40.753741811596747 ], [ -73.813565349682378, 40.755494928193968 ], [ -73.812308300792338, 40.754412171744896 ], [ -73.811640770952195, 40.754210120396166 ], [ -73.811619018829035, 40.755154744146985 ], [ -73.810203236734381, 40.75503854551539 ], [ -73.806305463311489, 40.757193806509484 ], [ -73.805057061570722, 40.756034581834278 ], [ -73.805217522195377, 40.756453244517466 ], [ -73.802085846668263, 40.758386134027759 ], [ -73.802312279530867, 40.75859803415684 ], [ -73.801932635774733, 40.758836252231418 ], [ -73.801530889395721, 40.760441245991238 ], [ -73.799234414651821, 40.761271207319361 ], [ -73.802874893040126, 40.761448528834983 ], [ -73.803640378490343, 40.76203716433713 ], [ -73.798775147215636, 40.761576168857708 ], [ -73.798311719394903, 40.762145142214187 ], [ -73.797106517295902, 40.761689003950266 ], [ -73.793436737693938, 40.761596830829056 ], [ -73.793442999765858, 40.761185336504219 ], [ -73.789915038904326, 40.761442347012334 ], [ -73.789861610228328, 40.76105682295524 ], [ -73.794256344621999, 40.760706515982179 ], [ -73.794127450332311, 40.759095845598061 ], [ -73.794932712274402, 40.759058022235358 ], [ -73.793193256209037, 40.757752876927327 ], [ -73.794819529218699, 40.756475302025635 ], [ -73.795967753374626, 40.756090477110511 ], [ -73.795540045703476, 40.75569226078575 ], [ -73.796187542682659, 40.755290209501595 ], [ -73.796345701706286, 40.754136169713178 ], [ -73.795919386366265, 40.753718463511056 ], [ -73.794577269281646, 40.753563011688641 ], [ -73.7937797579646, 40.752889965429304 ], [ -73.792418891077702, 40.753896870690767 ], [ -73.791346623538757, 40.752897721567962 ], [ -73.790178570758897, 40.752418199015999 ], [ -73.789673515301288, 40.753258158070253 ], [ -73.790082826440695, 40.752389566711805 ], [ -73.78905123615516, 40.751960155922553 ], [ -73.788185248804865, 40.75261217548087 ], [ -73.788661273619255, 40.751783120899375 ], [ -73.78771265759876, 40.752315954977028 ], [ -73.78733293018449, 40.752073830044765 ], [ -73.78771919401801, 40.75154314316655 ], [ -73.782185588650151, 40.749459807155205 ], [ -73.781365530898697, 40.749522179945188 ], [ -73.78039070326858, 40.748995179899886 ], [ -73.7786745417567, 40.751772438657483 ], [ -73.775095846537198, 40.750572437180359 ], [ -73.776178376733995, 40.752894142646099 ], [ -73.77715361774257, 40.756346108624108 ], [ -73.777524179216954, 40.756665054423664 ], [ -73.777270248225236, 40.756761612151656 ], [ -73.777417321131324, 40.757361532703285 ], [ -73.778628940665186, 40.760896252372262 ], [ -73.781934960033382, 40.767127472875337 ], [ -73.78249536478954, 40.767312188329754 ], [ -73.782786056607549, 40.766817333396183 ], [ -73.787358339931941, 40.768343330353893 ], [ -73.788305141671643, 40.77000584929602 ], [ -73.787851030427476, 40.770791356621245 ], [ -73.789200982046779, 40.771241644036273 ], [ -73.78860970153255, 40.772269103081157 ], [ -73.789784537977738, 40.773995930312836 ], [ -73.789832842444625, 40.774689436350599 ], [ -73.789370018378975, 40.775371068881469 ], [ -73.78792167421237, 40.775173537564449 ], [ -73.787005561518981, 40.776613319790762 ], [ -73.785684633503408, 40.776774848972401 ] ], [ [ -73.753250277628737, 40.773040778341482 ], [ -73.753409858125153, 40.772959173811557 ], [ -73.753435708842716, 40.772899881011263 ], [ -73.753250277628737, 40.773040778341482 ] ], [ [ -73.75557332715411, 40.771529125924161 ], [ -73.754732166764342, 40.769818232408042 ], [ -73.75373562112334, 40.770312095518683 ], [ -73.753554681358665, 40.770665573288717 ], [ -73.753895703162982, 40.770983044068323 ], [ -73.753583127934434, 40.771605276310993 ], [ -73.75394906767059, 40.772402345990635 ], [ -73.75557332715411, 40.771529125924161 ] ], [ [ -73.743832813235485, 40.772023245421032 ], [ -73.744129425456251, 40.77135637912103 ], [ -73.743608225943674, 40.771777085799975 ], [ -73.740794665221458, 40.771288433404649 ], [ -73.74091368476455, 40.77158145840432 ], [ -73.743832813235485, 40.772023245421032 ] ], [ [ -73.744141415392434, 40.771334756758655 ], [ -73.744184238126422, 40.771257531145331 ], [ -73.744137306933155, 40.771299862815141 ], [ -73.744141415392434, 40.771334756758655 ] ], [ [ -73.761675083897899, 40.770014304959837 ], [ -73.761925778294682, 40.770249318531476 ], [ -73.762111894269083, 40.770384155066026 ], [ -73.762011858749247, 40.769928918260966 ], [ -73.761675083897899, 40.770014304959837 ] ], [ [ -73.76170939486785, 40.770242312505026 ], [ -73.76227326227496, 40.770701960161404 ], [ -73.76149419636296, 40.770060167119603 ], [ -73.76170939486785, 40.770242312505026 ] ], [ [ -73.754699036105109, 40.769719091325769 ], [ -73.75468875809446, 40.769664232548514 ], [ -73.754608889759197, 40.769604170615509 ], [ -73.754699036105109, 40.769719091325769 ] ], [ [ -73.760628124312348, 40.769021138389711 ], [ -73.758940286903524, 40.764921971313107 ], [ -73.758818322791441, 40.764884131614508 ], [ -73.759771657344686, 40.767456672933129 ], [ -73.760628124312348, 40.769021138389711 ] ], [ [ -73.751915469260169, 40.766616243018703 ], [ -73.753131256720252, 40.765954057628015 ], [ -73.75391678492511, 40.765949061183719 ], [ -73.753388530727136, 40.765333945711888 ], [ -73.749344622835252, 40.76759523298383 ], [ -73.750763884550551, 40.766972168548165 ], [ -73.752179370518462, 40.767169035113874 ], [ -73.751915469260169, 40.766616243018703 ] ], [ [ -73.759248929108992, 40.764976239567751 ], [ -73.759873793795094, 40.767143775827869 ], [ -73.760914209222747, 40.768806051372657 ], [ -73.762657351572059, 40.76677089031363 ], [ -73.763512732394915, 40.766608269785849 ], [ -73.763420788287078, 40.765665666092389 ], [ -73.764549666656521, 40.765386094676089 ], [ -73.765252569207462, 40.764466915193573 ], [ -73.763970489680233, 40.764555159676441 ], [ -73.763382678095695, 40.76490432832766 ], [ -73.763468216002394, 40.765156061973876 ], [ -73.761388590712556, 40.765681263834345 ], [ -73.760651925406776, 40.765221044596046 ], [ -73.759898984846657, 40.76517164636126 ], [ -73.760391472677725, 40.764931501913104 ], [ -73.759248929108992, 40.764976239567751 ] ], [ [ -73.78143098386434, 40.768024317422032 ], [ -73.776474887459003, 40.758467197819911 ], [ -73.775380363051767, 40.758732509987404 ], [ -73.77491797242989, 40.759451246384899 ], [ -73.77508337779517, 40.759838038531349 ], [ -73.774236075485433, 40.760080009005712 ], [ -73.774045467842086, 40.759700551206876 ], [ -73.77309169607156, 40.759363763149217 ], [ -73.772101203268747, 40.760591237137902 ], [ -73.769362938335533, 40.759559254549558 ], [ -73.766554168144623, 40.763042224440625 ], [ -73.768172583949124, 40.762774820541161 ], [ -73.769806978378611, 40.762844567855197 ], [ -73.77111968489578, 40.763878809834537 ], [ -73.777876358502454, 40.76662466982286 ], [ -73.779644428158775, 40.767582811757507 ], [ -73.779304054285859, 40.768172589707547 ], [ -73.781022141869627, 40.768742400862827 ], [ -73.78143098386434, 40.768024317422032 ] ], [ [ -73.749255051098331, 40.762968540399719 ], [ -73.749065480424292, 40.763068745154712 ], [ -73.749288934880298, 40.763006951410183 ], [ -73.749255051098331, 40.762968540399719 ] ], [ [ -73.742926996679955, 40.758714372552681 ], [ -73.742510928072335, 40.758631258394857 ], [ -73.742235598227268, 40.759177929525507 ], [ -73.743004636653666, 40.759877782309125 ], [ -73.742030853424595, 40.760236670700962 ], [ -73.743901953706413, 40.760712069232071 ], [ -73.744341561719466, 40.760513086414718 ], [ -73.744171252659072, 40.760126337017333 ], [ -73.742926996679955, 40.758714372552681 ] ], [ [ -73.740800685584688, 40.760343480079847 ], [ -73.740616745875727, 40.760215121819613 ], [ -73.74020750179767, 40.76019340585453 ], [ -73.740800685584688, 40.760343480079847 ] ], [ [ -73.726862284983866, 40.759551362666862 ], [ -73.726760305576278, 40.758924983567148 ], [ -73.726212992273517, 40.75866437424213 ], [ -73.7253372456709, 40.758879356710189 ], [ -73.725764629760576, 40.758796913507751 ], [ -73.726377857258356, 40.75963616397712 ], [ -73.726862284983866, 40.759551362666862 ] ], [ [ -73.732880563771076, 40.758937513717882 ], [ -73.73388186598018, 40.758604290684694 ], [ -73.734435152093624, 40.759167171531793 ], [ -73.734873598726026, 40.759054603646028 ], [ -73.73538779361013, 40.758227011837107 ], [ -73.734009596155786, 40.758522668176681 ], [ -73.73429855170474, 40.757468024748462 ], [ -73.732880563771076, 40.758937513717882 ] ], [ [ -73.776677484512533, 40.757571882253551 ], [ -73.777200241779596, 40.758266727407936 ], [ -73.776800005138711, 40.756940420731802 ], [ -73.775991176323728, 40.757757230043111 ], [ -73.776677484512533, 40.757571882253551 ] ], [ [ -73.760326310618467, 40.756454355105255 ], [ -73.758583218743681, 40.754260517770234 ], [ -73.75613292710301, 40.754909497681318 ], [ -73.755907450787319, 40.755792358199237 ], [ -73.756297907387392, 40.756096269956437 ], [ -73.757948194035791, 40.755976451174263 ], [ -73.759225744929125, 40.756808170621149 ], [ -73.759551706158646, 40.75739095902334 ], [ -73.760196404776053, 40.756989551400373 ], [ -73.760326310618467, 40.756454355105255 ] ], [ [ -73.731951695219976, 40.755623888332607 ], [ -73.732436240676606, 40.755544355285977 ], [ -73.73252069305893, 40.755211396762775 ], [ -73.731951695219976, 40.755623888332607 ] ], [ [ -73.732666306477341, 40.754637299230538 ], [ -73.733422927105735, 40.754947512310657 ], [ -73.733574400288376, 40.755185983250627 ], [ -73.733199045405797, 40.754439456009941 ], [ -73.732188329148727, 40.754634266024823 ], [ -73.732605097985598, 40.754878621933273 ], [ -73.732666306477341, 40.754637299230538 ] ], [ [ -73.737594741766742, 40.75472826176857 ], [ -73.737327612578241, 40.754142625281006 ], [ -73.736422895732517, 40.753616893809749 ], [ -73.736619153012143, 40.754853616075955 ], [ -73.737594741766742, 40.75472826176857 ] ], [ [ -73.771709806075208, 40.753608359128151 ], [ -73.7750471450086, 40.754977087888697 ], [ -73.77647535565076, 40.755851352818603 ], [ -73.775694919141031, 40.753291730877756 ], [ -73.77535492524747, 40.753353527418909 ], [ -73.771451309690292, 40.745483254556007 ], [ -73.769161803975834, 40.748762185648836 ], [ -73.764794479018676, 40.747212251783601 ], [ -73.764283062804921, 40.747418727671935 ], [ -73.764082340505738, 40.747142417573698 ], [ -73.762667455618498, 40.747862820956136 ], [ -73.762476672166059, 40.747514036997153 ], [ -73.761484789813764, 40.747800399061248 ], [ -73.76128763637054, 40.74827546824838 ], [ -73.758733209386577, 40.749415181578492 ], [ -73.75796230086965, 40.749669305311663 ], [ -73.757572862083464, 40.749386369479794 ], [ -73.755887196512475, 40.749847868981263 ], [ -73.754165246539387, 40.752541721344258 ], [ -73.755125767946922, 40.752776544464325 ], [ -73.754882640607576, 40.753412047696138 ], [ -73.755314925271946, 40.753593566744492 ], [ -73.757143169753206, 40.749844451105304 ], [ -73.75837937111649, 40.749595690814097 ], [ -73.762992980010395, 40.751107666159584 ], [ -73.764205803458324, 40.753379624212108 ], [ -73.7631817943725, 40.753934897414361 ], [ -73.767444760903359, 40.756388333675709 ], [ -73.768712077878078, 40.75456227889547 ], [ -73.770470626643046, 40.75373218392005 ], [ -73.771747063883737, 40.753782577755047 ], [ -73.771709806075208, 40.753608359128151 ] ], [ [ -73.728568987691048, 40.750422972591373 ], [ -73.729035707533086, 40.74950224520353 ], [ -73.732343813546962, 40.749287490827165 ], [ -73.734682472212825, 40.748544353308375 ], [ -73.734864590025907, 40.749517302990554 ], [ -73.735588445811985, 40.74944431445666 ], [ -73.736285183456701, 40.747733530407643 ], [ -73.735911310665514, 40.74753643294472 ], [ -73.733779485092739, 40.747618006627526 ], [ -73.733011293477887, 40.746747378146175 ], [ -73.733896894550583, 40.746096796967031 ], [ -73.733691390062447, 40.745003965862402 ], [ -73.731924278860134, 40.745025677459367 ], [ -73.733175202301354, 40.744458782221038 ], [ -73.733606241700471, 40.744749361908887 ], [ -73.733179922680634, 40.744358032139864 ], [ -73.731194767999227, 40.745392821919964 ], [ -73.729966042908856, 40.746586062543102 ], [ -73.728421905152473, 40.750568349680186 ], [ -73.725081882374582, 40.753585980767781 ], [ -73.72587824626288, 40.754025459027929 ], [ -73.726567842555212, 40.75364907163965 ], [ -73.72669235201856, 40.753155984049684 ], [ -73.728765478446803, 40.752779357131075 ], [ -73.728568987691048, 40.750422972591373 ] ], [ [ -73.870564119208851, 40.739487062607061 ], [ -73.863968339387355, 40.73718650978487 ], [ -73.86356878684839, 40.736314914686844 ], [ -73.863964074205214, 40.736385558056959 ], [ -73.86424414008701, 40.736132661873995 ], [ -73.863892119496569, 40.735559414665396 ], [ -73.862980935438657, 40.735745853393013 ], [ -73.862320607695438, 40.735331331098891 ], [ -73.862491196098944, 40.735887864330955 ], [ -73.860506248230394, 40.73655107024868 ], [ -73.8613133989179, 40.737991498323161 ], [ -73.861991918860184, 40.738231634112502 ], [ -73.862447606035815, 40.738046644195251 ], [ -73.866996771624855, 40.739871459760181 ], [ -73.865376612561235, 40.742204911641139 ], [ -73.86628909502916, 40.742150454131888 ], [ -73.866151402456083, 40.74309319897116 ], [ -73.865372722940862, 40.743883930938907 ], [ -73.866481835239668, 40.745090871732572 ], [ -73.86681403990481, 40.74470724307232 ], [ -73.866524750602721, 40.743883805380271 ], [ -73.867305972570264, 40.7432731543175 ], [ -73.867276011624654, 40.742116074255222 ], [ -73.86643077615463, 40.741454482575776 ], [ -73.867502706301167, 40.741944268907098 ], [ -73.868379448451847, 40.741494306089777 ], [ -73.869177547917289, 40.740385385080323 ], [ -73.869565523590396, 40.740499648474831 ], [ -73.869238869316732, 40.739588155521751 ], [ -73.870564119208851, 40.739487062607061 ] ], [ [ -73.73227714105488, 40.743572225338269 ], [ -73.732433802333404, 40.742928754038971 ], [ -73.731900578903478, 40.743379032656705 ], [ -73.730057625832615, 40.742523330603845 ], [ -73.731341078099163, 40.742815366917704 ], [ -73.73204324548297, 40.742826427461154 ], [ -73.732325296384957, 40.742722688091874 ], [ -73.73054336929772, 40.742624600424428 ], [ -73.728053749669471, 40.74160632419234 ], [ -73.732325467737155, 40.74364541210047 ], [ -73.732699171643702, 40.743367825647162 ], [ -73.73227714105488, 40.743572225338269 ] ], [ [ -73.732070272564343, 40.74102601542193 ], [ -73.730068243127207, 40.741457429304702 ], [ -73.728548845593849, 40.741559693608295 ], [ -73.730557436198623, 40.742478795548791 ], [ -73.732239275012518, 40.742542777871385 ], [ -73.732070272564343, 40.74102601542193 ] ], [ [ -73.798483242850779, 40.741208085382574 ], [ -73.80233628121178, 40.741313372159652 ], [ -73.80329723585109, 40.740568141545559 ], [ -73.803059870230271, 40.738622801677835 ], [ -73.797283858467395, 40.738476934916633 ], [ -73.794624408643813, 40.73898015542364 ], [ -73.795322222209947, 40.740219859426951 ], [ -73.794584495631725, 40.740089012430289 ], [ -73.795441759262843, 40.740671947701323 ], [ -73.798286458845524, 40.739613923580841 ], [ -73.79805147573326, 40.740118312266937 ], [ -73.79842595558425, 40.740172425270785 ], [ -73.798483242850779, 40.741208085382574 ] ], [ [ -73.726290224270784, 40.740046508047413 ], [ -73.731007523710929, 40.739260102524348 ], [ -73.7325653887616, 40.738365831761733 ], [ -73.733179880527544, 40.736092878037581 ], [ -73.732211543435454, 40.735079098178652 ], [ -73.733107909669585, 40.73487971852304 ], [ -73.732802014180905, 40.733946107646304 ], [ -73.731078222103505, 40.733583091152425 ], [ -73.727357910992552, 40.734199916192701 ], [ -73.726815158984934, 40.73335800602581 ], [ -73.726366053699834, 40.733454578950628 ], [ -73.726698140241638, 40.732424547997958 ], [ -73.727663487116004, 40.731106992704902 ], [ -73.730358622083656, 40.731186163912199 ], [ -73.729451992202613, 40.731150159201178 ], [ -73.729343449302192, 40.730219313392752 ], [ -73.730940727149004, 40.72935157421113 ], [ -73.730690092494768, 40.729084522584635 ], [ -73.730126113272178, 40.729198529825155 ], [ -73.727834672634771, 40.730057584785818 ], [ -73.724581236695684, 40.726368155008885 ], [ -73.724000781282996, 40.729117683992619 ], [ -73.723675961572923, 40.72907254621893 ], [ -73.723536111869265, 40.72972366888952 ], [ -73.723522602705714, 40.730377594438814 ], [ -73.723940993626769, 40.729138995871601 ], [ -73.723218661697175, 40.732853927282036 ], [ -73.723665432907367, 40.732972766331137 ], [ -73.72357896347944, 40.733386393860314 ], [ -73.723183548513433, 40.733392703794955 ], [ -73.72320042411755, 40.733824454455799 ], [ -73.724043693323821, 40.733939627619165 ], [ -73.722824136304865, 40.734216668130564 ], [ -73.723028056572929, 40.735570953740215 ], [ -73.723384230396135, 40.736677647272799 ], [ -73.724312222182874, 40.738660376745621 ], [ -73.725232686705553, 40.739694238757814 ], [ -73.725091602321541, 40.739265655021562 ], [ -73.725505822722539, 40.739023586907301 ], [ -73.726290224270784, 40.740046508047413 ] ], [ [ -73.820252706468736, 40.739850409934455 ], [ -73.822402928072677, 40.739742199970621 ], [ -73.822068648796716, 40.740401885761067 ], [ -73.822957216545106, 40.740755611650414 ], [ -73.824416710160847, 40.740307699826573 ], [ -73.823550389993329, 40.739489372706487 ], [ -73.824761821295411, 40.739536666609624 ], [ -73.823523009951757, 40.739470415558884 ], [ -73.82363142225941, 40.73862213718423 ], [ -73.824924377369769, 40.737796551916027 ], [ -73.823719440046801, 40.737680053753486 ], [ -73.823873969829322, 40.736339422624106 ], [ -73.822741748246372, 40.736304987606836 ], [ -73.822611942349468, 40.737682603511033 ], [ -73.8229404623943, 40.737702928320509 ], [ -73.822668473871303, 40.739384992555159 ], [ -73.818379896379057, 40.738593740735098 ], [ -73.818063452301587, 40.739138278653321 ], [ -73.820252706468736, 40.739850409934455 ] ], [ [ -73.819010827756244, 40.73757233329389 ], [ -73.820416489778268, 40.737770359717331 ], [ -73.821163825726842, 40.734551117519423 ], [ -73.81972466070809, 40.734370081041185 ], [ -73.819749189005904, 40.734195480255856 ], [ -73.821859445475496, 40.734433427225014 ], [ -73.821691233745412, 40.735440586063625 ], [ -73.82312424217163, 40.734495050950713 ], [ -73.82467064631129, 40.732481610020834 ], [ -73.832472347780211, 40.730846327943816 ], [ -73.831867718093491, 40.730859577223761 ], [ -73.830753442315924, 40.72987875447086 ], [ -73.829993838076035, 40.73055589795355 ], [ -73.828393801889717, 40.730330231366636 ], [ -73.827879864075697, 40.729515827185665 ], [ -73.826692760782521, 40.729096861479626 ], [ -73.824844131851549, 40.729447483421943 ], [ -73.822716477018773, 40.728415800238395 ], [ -73.821551611250854, 40.728742873634324 ], [ -73.822355940823854, 40.728022367128418 ], [ -73.821302301121619, 40.727852993264015 ], [ -73.819959393352335, 40.727203174794759 ], [ -73.820378714963667, 40.726514173359618 ], [ -73.816690332779359, 40.725108878308625 ], [ -73.816395616380419, 40.723664150912334 ], [ -73.817940299618527, 40.720983765024791 ], [ -73.817188138533737, 40.721098153049716 ], [ -73.817381847448999, 40.72016181172566 ], [ -73.816381906234554, 40.71983600969422 ], [ -73.816922873369577, 40.718909054024458 ], [ -73.815485223232798, 40.718186994263675 ], [ -73.816217895875297, 40.716820083122961 ], [ -73.815992579490924, 40.716038832284276 ], [ -73.806397819190735, 40.716050622090378 ], [ -73.805252701790565, 40.717230034119119 ], [ -73.805381017241061, 40.718150516961778 ], [ -73.80512055558907, 40.718516692877223 ], [ -73.803740741179055, 40.718740321714314 ], [ -73.80022769698833, 40.717069040844983 ], [ -73.798707063094554, 40.719307998309468 ], [ -73.797427092602689, 40.719242020460605 ], [ -73.797352656401188, 40.71895307447879 ], [ -73.797013737454634, 40.719057371798037 ], [ -73.796294503470961, 40.718616928069991 ], [ -73.79341439694943, 40.719436059401218 ], [ -73.793003945305912, 40.720121910362252 ], [ -73.79339635197914, 40.720995131336323 ], [ -73.79277692646663, 40.720859390667314 ], [ -73.792658796848102, 40.721336912272498 ], [ -73.791449895948006, 40.721366089193282 ], [ -73.790396331689394, 40.722192071673753 ], [ -73.789455583269799, 40.721791567933572 ], [ -73.78741408890204, 40.719722718840032 ], [ -73.781131093138413, 40.720592656640456 ], [ -73.780721154538725, 40.721194441731356 ], [ -73.781314460363106, 40.721502675622162 ], [ -73.782099255353344, 40.720782505575826 ], [ -73.782323431514683, 40.720907290394599 ], [ -73.78195864111737, 40.721752508109276 ], [ -73.783134569862028, 40.721871035626705 ], [ -73.782847315326777, 40.723213208291206 ], [ -73.784364591241868, 40.723648937854946 ], [ -73.783942432050736, 40.725655386531464 ], [ -73.78516016679734, 40.7260747965666 ], [ -73.784772391503964, 40.726950160370926 ], [ -73.786271651808136, 40.72746865074248 ], [ -73.783039843448577, 40.733162296019827 ], [ -73.783427763433792, 40.734026647613369 ], [ -73.782170150094217, 40.734554179326878 ], [ -73.782318824023491, 40.735465623254775 ], [ -73.781625887364214, 40.735777677989965 ], [ -73.782062634934206, 40.73581319955116 ], [ -73.781752044990796, 40.735902835631663 ], [ -73.781142479090278, 40.737104966592348 ], [ -73.782753338811602, 40.736915379579024 ], [ -73.784103732568653, 40.738511645455162 ], [ -73.783725942130573, 40.737528284853497 ], [ -73.784792911357272, 40.737059261848579 ], [ -73.786318447698676, 40.736914904258597 ], [ -73.786868760060059, 40.737738180854315 ], [ -73.787988644442194, 40.737409712105958 ], [ -73.78852401720961, 40.738334758552156 ], [ -73.790205289839832, 40.73925381589595 ], [ -73.791433101923886, 40.738884384232534 ], [ -73.792437745926307, 40.738961652103619 ], [ -73.792962944166661, 40.738494520888807 ], [ -73.792998639624031, 40.737961677019364 ], [ -73.793990058166742, 40.737995467995908 ], [ -73.794074408476192, 40.736704606405759 ], [ -73.791525631806138, 40.735255313000238 ], [ -73.792223309860063, 40.734533345175358 ], [ -73.792128078604335, 40.733995425383824 ], [ -73.790837744589766, 40.733451597480482 ], [ -73.791007560286147, 40.733018120075464 ], [ -73.787238531915023, 40.731706313701856 ], [ -73.790291421577777, 40.727051720964973 ], [ -73.790880253497932, 40.727267977999418 ], [ -73.791260736643068, 40.72700923834126 ], [ -73.796916834804634, 40.729228228590642 ], [ -73.79749226534517, 40.729247429643294 ], [ -73.797041481879006, 40.730273659067741 ], [ -73.799884016181878, 40.732903930375329 ], [ -73.799486222452103, 40.733609878674187 ], [ -73.800881589332207, 40.734785163411473 ], [ -73.796446832174297, 40.737833700942019 ], [ -73.802392981368342, 40.738070966991863 ], [ -73.800732132527273, 40.736619865349418 ], [ -73.801975965070625, 40.735565972970164 ], [ -73.801159071946373, 40.734796478709882 ], [ -73.803333068453895, 40.733296318280722 ], [ -73.801249991553775, 40.731514295884217 ], [ -73.801926816468054, 40.731055581562472 ], [ -73.801249600998361, 40.730530770944313 ], [ -73.803700043899156, 40.728658944692874 ], [ -73.803530625961272, 40.727723163513687 ], [ -73.80444776467904, 40.727817394362681 ], [ -73.803549288578893, 40.727260119244129 ], [ -73.803934918473118, 40.726885088250675 ], [ -73.803471481808685, 40.726606123529322 ], [ -73.805585336825985, 40.724439954224941 ], [ -73.805324653359435, 40.724292946803217 ], [ -73.808740205332413, 40.72102342865459 ], [ -73.809154430780694, 40.720306436216987 ], [ -73.80956898618615, 40.720185042061772 ], [ -73.809944619530924, 40.720889926726677 ], [ -73.814551873514759, 40.72267921002296 ], [ -73.814244047740274, 40.723220139501684 ], [ -73.814752349990826, 40.723388878161508 ], [ -73.815065000418841, 40.724065486022582 ], [ -73.815468969729139, 40.723940296123118 ], [ -73.815806870252814, 40.724606188711995 ], [ -73.814477594896189, 40.725008910064062 ], [ -73.819457600103817, 40.726585133972193 ], [ -73.818947631312099, 40.727557013035572 ], [ -73.821225358972697, 40.728358049473549 ], [ -73.820784846841846, 40.729122194647921 ], [ -73.820961349115478, 40.730718502977773 ], [ -73.819845008964492, 40.731098670972742 ], [ -73.819482155203303, 40.73173031222715 ], [ -73.817287617574777, 40.73114262611174 ], [ -73.816176164710555, 40.732012929851116 ], [ -73.816449447436895, 40.733899557548483 ], [ -73.816002735701986, 40.734719911249584 ], [ -73.816027222700967, 40.737459541280401 ], [ -73.817671026138868, 40.737558583470296 ], [ -73.81784764414725, 40.738520404673665 ], [ -73.818379896379057, 40.738593740735098 ], [ -73.819010827756244, 40.73757233329389 ] ], [ [ -73.795948528310916, 40.737813719147908 ], [ -73.796404549841384, 40.737830409239848 ], [ -73.794932145291725, 40.737423103300252 ], [ -73.794891929297293, 40.738029072891891 ], [ -73.795848033549035, 40.738074680212449 ], [ -73.795948528310916, 40.737813719147908 ] ], [ [ -73.809545308375561, 40.734165465272419 ], [ -73.810745101806688, 40.733932152649366 ], [ -73.810990768552159, 40.732940264585267 ], [ -73.810657752070227, 40.733079433951957 ], [ -73.810392811825523, 40.732850663382848 ], [ -73.809171702359762, 40.734191889987997 ], [ -73.807506130692374, 40.733895882966316 ], [ -73.806643245841371, 40.732866931390966 ], [ -73.806275380091535, 40.733087358076041 ], [ -73.806218148926234, 40.733753372765094 ], [ -73.806520377800751, 40.734020537162415 ], [ -73.807995064659323, 40.733993152869445 ], [ -73.808568590383658, 40.734911212397705 ], [ -73.808620219373495, 40.736648335932479 ], [ -73.808931374718625, 40.736935310172221 ], [ -73.807457274937448, 40.73794742235922 ], [ -73.809013560673833, 40.736938567667501 ], [ -73.809612459254282, 40.735752079533185 ], [ -73.809906644176479, 40.736657356641224 ], [ -73.810478093419235, 40.736252582676087 ], [ -73.810667026944287, 40.735139348921486 ], [ -73.809475778691038, 40.734784854359845 ], [ -73.809545308375561, 40.734165465272419 ] ], [ [ -73.813131996680681, 40.732770277686079 ], [ -73.814266085867416, 40.732511738680685 ], [ -73.813599154219219, 40.731981882473477 ], [ -73.813181525096965, 40.732023949916723 ], [ -73.813131996680681, 40.732770277686079 ] ], [ [ -73.811350020605502, 40.73265683338014 ], [ -73.812071958025783, 40.732692964520382 ], [ -73.811911700137017, 40.732266441025203 ], [ -73.811787289107599, 40.732311846469678 ], [ -73.811350020605502, 40.73265683338014 ] ], [ [ -73.813793148097034, 40.728874722073577 ], [ -73.813661680411343, 40.728889679567374 ], [ -73.813823252917146, 40.728925477316494 ], [ -73.813793148097034, 40.728874722073577 ] ], [ [ -73.776857639390315, 40.736079187228235 ], [ -73.776748870882614, 40.736180798481811 ], [ -73.776923732725535, 40.736219381869105 ], [ -73.776857639390315, 40.736079187228235 ] ], [ [ -73.778071682158028, 40.735697330389911 ], [ -73.778155175961814, 40.735874426895471 ], [ -73.778925451095688, 40.735673598379563 ], [ -73.778867577081144, 40.735505090542965 ], [ -73.778071682158028, 40.735697330389911 ] ], [ [ -73.748562764472965, 40.73196977863438 ], [ -73.749484323797105, 40.732297359953328 ], [ -73.751362937422996, 40.732448516648418 ], [ -73.752909003273132, 40.73174426824049 ], [ -73.755594667006349, 40.732813816706589 ], [ -73.756713058602301, 40.73102938855542 ], [ -73.756821910717363, 40.729947713761696 ], [ -73.75760340576322, 40.7286879368692 ], [ -73.75726817213156, 40.727851430176493 ], [ -73.756283717490788, 40.728021988784441 ], [ -73.75617449417237, 40.727802410578079 ], [ -73.754198246330446, 40.727824899609608 ], [ -73.753399959623209, 40.728117914774991 ], [ -73.752811432176856, 40.729263210009144 ], [ -73.748562764472965, 40.73196977863438 ] ], [ [ -73.776260608328741, 40.722812262285665 ], [ -73.773811290491935, 40.724226614397352 ], [ -73.768716636712185, 40.725502391369126 ], [ -73.767449183159925, 40.726008124385189 ], [ -73.773799474247568, 40.724321713353788 ], [ -73.775414989772329, 40.723595937736576 ], [ -73.776396153266518, 40.722949676453212 ], [ -73.776260608328741, 40.722812262285665 ] ], [ [ -73.817655472674531, 40.712927415067099 ], [ -73.817174403736104, 40.712876211825794 ], [ -73.816530389691309, 40.714232395051447 ], [ -73.816320559417093, 40.714228468501275 ], [ -73.817383403814205, 40.712417287732457 ], [ -73.817013794885597, 40.711449450202934 ], [ -73.815909861425482, 40.713322332587808 ], [ -73.813938663095399, 40.713530428292238 ], [ -73.812876606241119, 40.714518135063166 ], [ -73.812522593718924, 40.714259848640317 ], [ -73.811110080928103, 40.714303382972304 ], [ -73.811155371669059, 40.71331048374806 ], [ -73.810177503495495, 40.713982274250462 ], [ -73.808108502102883, 40.713153693281143 ], [ -73.806639461228826, 40.715259604738499 ], [ -73.80663428453974, 40.715753658528094 ], [ -73.816547779592355, 40.715638996362493 ], [ -73.816746244878146, 40.715103239785996 ], [ -73.818383421514582, 40.715374545254143 ], [ -73.819159875329731, 40.715830945438469 ], [ -73.821962242142007, 40.715372140736854 ], [ -73.822759911153483, 40.716161155542636 ], [ -73.825460607322725, 40.715549645594407 ], [ -73.824437598625508, 40.71570870575556 ], [ -73.823347299933417, 40.715448792657256 ], [ -73.820314262739799, 40.714271459717736 ], [ -73.820493074137943, 40.713979132658288 ], [ -73.819148932594672, 40.713698377811774 ], [ -73.818202147864426, 40.714208838650592 ], [ -73.817547554666589, 40.713535560651145 ], [ -73.817655472674531, 40.712927415067099 ] ], [ [ -73.783489561001389, 40.712559472888827 ], [ -73.783984451226175, 40.711774354919562 ], [ -73.783480956414408, 40.712541186189711 ], [ -73.782226525749977, 40.712072534966175 ], [ -73.783489561001389, 40.712559472888827 ] ], [ [ -73.867901653492282, 40.708972704152409 ], [ -73.867465416112765, 40.70771185312794 ], [ -73.866747710668378, 40.70754582358559 ], [ -73.864225750305167, 40.707591569439913 ], [ -73.86401736105293, 40.707819641813863 ], [ -73.864299270159506, 40.708126985229505 ], [ -73.863499603158502, 40.708900367668214 ], [ -73.860222399055999, 40.708137773929224 ], [ -73.85946091552097, 40.709076241723231 ], [ -73.859561893224992, 40.70987523381006 ], [ -73.860466291945471, 40.710474026373817 ], [ -73.86159529677883, 40.710727963122608 ], [ -73.862208001026076, 40.712138251923434 ], [ -73.865009820215477, 40.710776909070859 ], [ -73.869276577641401, 40.709506721563372 ], [ -73.867901653492282, 40.708972704152409 ] ], [ [ -73.806903497162139, 40.710690675110015 ], [ -73.807239012672795, 40.710621034985031 ], [ -73.806774246763666, 40.710484250723034 ], [ -73.806903497162139, 40.710690675110015 ] ], [ [ -73.817070016570511, 40.71032908207777 ], [ -73.817075152844495, 40.71044382076748 ], [ -73.817187244308641, 40.71036414713226 ], [ -73.817070016570511, 40.71032908207777 ] ], [ [ -73.830320189441991, 40.701694151801625 ], [ -73.830323833825403, 40.700335518952635 ], [ -73.82870587517192, 40.697864847530433 ], [ -73.828259404776986, 40.69770968138554 ], [ -73.828598985911341, 40.697144710019103 ], [ -73.826130107219612, 40.696378533908202 ], [ -73.824962433383391, 40.696699610935312 ], [ -73.824562905561152, 40.696571662693977 ], [ -73.824227731751122, 40.695948789065994 ], [ -73.818700691315883, 40.697662574624559 ], [ -73.818358318808535, 40.697111665166638 ], [ -73.817772926939796, 40.697057518985702 ], [ -73.817413766004947, 40.697308059091434 ], [ -73.817286298571418, 40.697087200967893 ], [ -73.816783187905486, 40.697217555238474 ], [ -73.816841444542675, 40.697468724508141 ], [ -73.815600718199647, 40.697814331963137 ], [ -73.815979933834996, 40.698470923041825 ], [ -73.815554818469067, 40.698820550030455 ], [ -73.816547674942669, 40.700977146034681 ], [ -73.816249145367678, 40.701294361974284 ], [ -73.817333358152936, 40.702957785509831 ], [ -73.817051846825137, 40.702876908937405 ], [ -73.817770266539, 40.704604062541136 ], [ -73.81911914523738, 40.706638091360325 ], [ -73.819128986626637, 40.705985234211902 ], [ -73.82030996402402, 40.705535751946719 ], [ -73.820952726478808, 40.706052568441393 ], [ -73.822243938977053, 40.70544332241775 ], [ -73.824046699458691, 40.706930740916256 ], [ -73.826104277214753, 40.707726553298542 ], [ -73.827320349396459, 40.710122087428672 ], [ -73.827855767311647, 40.706558983609526 ], [ -73.828962567248823, 40.705013853742372 ], [ -73.828500039729661, 40.704259863546675 ], [ -73.829667426195243, 40.70394123756143 ], [ -73.830320189441991, 40.701694151801625 ] ], [ [ -73.78876453996304, 40.70891685054621 ], [ -73.791124056869322, 40.709892977118784 ], [ -73.793028404401099, 40.705863199542222 ], [ -73.791744274945813, 40.706594181975625 ], [ -73.790510443347074, 40.708480741942957 ], [ -73.789151431165919, 40.708256842044946 ], [ -73.78876453996304, 40.70891685054621 ] ], [ [ -73.815242726833219, 40.704202439562536 ], [ -73.817901030189688, 40.707854900423548 ], [ -73.818741605630237, 40.70757096716661 ], [ -73.817027681182637, 40.704033499372585 ], [ -73.816400467284154, 40.704083352603632 ], [ -73.816201311302507, 40.703782830798495 ], [ -73.816310967949704, 40.703181147263074 ], [ -73.815940206380972, 40.702458901909253 ], [ -73.816289164183999, 40.702454065349762 ], [ -73.815916993474929, 40.701647300337065 ], [ -73.815185349280313, 40.703411333803608 ], [ -73.814836689412758, 40.703428981838634 ], [ -73.814645658406647, 40.702831025231639 ], [ -73.814316330610083, 40.702839067334004 ], [ -73.814122081813352, 40.703460727617056 ], [ -73.813424675031968, 40.703879697022089 ], [ -73.812790830916612, 40.704950909438658 ], [ -73.813230342677784, 40.70594236207414 ], [ -73.812036378817965, 40.706127295848972 ], [ -73.811652022806442, 40.706857826594089 ], [ -73.812119845386306, 40.706766974033975 ], [ -73.815478741117801, 40.708858974902526 ], [ -73.81612889150577, 40.708798923758849 ], [ -73.816014882729775, 40.707877209249801 ], [ -73.817052849418644, 40.708321852994921 ], [ -73.817640448010451, 40.707930438032513 ], [ -73.815242726833219, 40.704202439562536 ] ], [ [ -73.793130920782943, 40.704780802312158 ], [ -73.793284501567868, 40.705202738506678 ], [ -73.793979904374424, 40.705174421782722 ], [ -73.794474193557377, 40.704638023522485 ], [ -73.793946235175511, 40.703090456402556 ], [ -73.793130920782943, 40.704780802312158 ] ], [ [ -73.795039212455166, 40.702196979527706 ], [ -73.79523071115517, 40.702064932693276 ], [ -73.794639419268606, 40.701237369172169 ], [ -73.794422122298542, 40.701325684029193 ], [ -73.795039212455166, 40.702196979527706 ] ], [ [ -73.776236492505234, 40.699926927770669 ], [ -73.774578501768573, 40.700445663429001 ], [ -73.775565829873102, 40.701382911638198 ], [ -73.777157212409449, 40.701352219253423 ], [ -73.778141633869865, 40.700846295218525 ], [ -73.776631818667013, 40.700487000101923 ], [ -73.776236492505234, 40.699926927770669 ] ], [ [ -73.793158267169076, 40.697462700881545 ], [ -73.792618864748448, 40.696791088836541 ], [ -73.789939187673752, 40.696217343514817 ], [ -73.790502361691011, 40.696881075836032 ], [ -73.789749762882039, 40.698260767499036 ], [ -73.791139607395024, 40.698270110332992 ], [ -73.791731650698296, 40.699084762273216 ], [ -73.790986453567257, 40.699962634152151 ], [ -73.791119303760809, 40.700144314517196 ], [ -73.792884294751033, 40.70021663043876 ], [ -73.797531020305925, 40.698201852071122 ], [ -73.794272738399329, 40.697047954505379 ], [ -73.793158267169076, 40.697462700881545 ] ], [ [ -73.802797688598815, 40.692380749508722 ], [ -73.807089906945947, 40.692205280338143 ], [ -73.806962594469709, 40.690543930631378 ], [ -73.804681314852644, 40.68901793973231 ], [ -73.804581845573125, 40.688002517828316 ], [ -73.804860404875811, 40.687841282169416 ], [ -73.804149202595468, 40.687406505302711 ], [ -73.803081560762919, 40.687904835502778 ], [ -73.803353703180179, 40.688642023303544 ], [ -73.803119076711297, 40.689942048577038 ], [ -73.801502572164509, 40.690506893613197 ], [ -73.801500245949214, 40.691469493766263 ], [ -73.799494765622512, 40.691465784795795 ], [ -73.799433403919792, 40.692284660933602 ], [ -73.800206664434853, 40.692309754014232 ], [ -73.79990191538721, 40.692515285313455 ], [ -73.800042973723691, 40.693509578280533 ], [ -73.798651058394668, 40.69736884526008 ], [ -73.800143820509007, 40.695902580397991 ], [ -73.801298196308508, 40.695556658974112 ], [ -73.802322222999678, 40.695918797673961 ], [ -73.802154040343027, 40.693269252046939 ], [ -73.802801485040575, 40.69302894369531 ], [ -73.802797688598815, 40.692380749508722 ] ], [ [ -73.769048961520085, 40.691655089118683 ], [ -73.771863102148572, 40.690978412722778 ], [ -73.771606534290711, 40.690532567872218 ], [ -73.771843827430786, 40.689901606475019 ], [ -73.770405585284735, 40.688446083383646 ], [ -73.770284392773902, 40.68794416482033 ], [ -73.76905264881087, 40.687619307110147 ], [ -73.768397586723623, 40.687845802384665 ], [ -73.765768787710556, 40.689821884232579 ], [ -73.765814817480276, 40.690876092983686 ], [ -73.766166073192736, 40.691236784262593 ], [ -73.767611947697631, 40.691444720968988 ], [ -73.768012474033867, 40.691993682274671 ], [ -73.768292490998206, 40.691091532036211 ], [ -73.768547054035821, 40.691119861243969 ], [ -73.768489155835368, 40.692059928879864 ], [ -73.769048961520085, 40.691655089118683 ] ], [ [ -73.797874552772754, 40.685666585554202 ], [ -73.794384058190829, 40.684444120934991 ], [ -73.794115149009414, 40.684889837303366 ], [ -73.7947414889193, 40.685556883854836 ], [ -73.793823680253823, 40.686192476230403 ], [ -73.792411691792566, 40.690233496227854 ], [ -73.792691431033703, 40.690293638296424 ], [ -73.792903344461976, 40.689731426362258 ], [ -73.793611475711998, 40.689821958245915 ], [ -73.793746042654192, 40.68944528534324 ], [ -73.79542695251105, 40.689742799402779 ], [ -73.796836136921314, 40.68660206056316 ], [ -73.797655597533023, 40.686237768829798 ], [ -73.797874552772754, 40.685666585554202 ] ], [ [ -73.809885359889392, 40.68714048826682 ], [ -73.809629375577543, 40.687566701178447 ], [ -73.808476947654825, 40.687324133915297 ], [ -73.809104358737784, 40.687826040832562 ], [ -73.810626090335816, 40.690434723171826 ], [ -73.813126779411334, 40.691311296968941 ], [ -73.811872230732334, 40.693434005170857 ], [ -73.812271484598128, 40.694158351805626 ], [ -73.812868034789318, 40.694357708558471 ], [ -73.813179278206434, 40.695221431605319 ], [ -73.814287036379625, 40.695033000478148 ], [ -73.814749337448205, 40.695909893138122 ], [ -73.816464623283366, 40.696479926085146 ], [ -73.816902467494117, 40.69586121504755 ], [ -73.816385752393003, 40.695445977820036 ], [ -73.818047649889351, 40.692668540773369 ], [ -73.817323173192761, 40.692418094762147 ], [ -73.81785957320767, 40.691516839697947 ], [ -73.817248891778831, 40.690158555773166 ], [ -73.818952875354739, 40.687340685765903 ], [ -73.819769509049948, 40.68758220746583 ], [ -73.819915058558081, 40.687292793265073 ], [ -73.823283261419775, 40.688443273238356 ], [ -73.823254178452416, 40.689087994411842 ], [ -73.825857205637135, 40.689992408961714 ], [ -73.824637881181744, 40.692029945898774 ], [ -73.82488856363527, 40.692117251348947 ], [ -73.825460462098448, 40.691261890586361 ], [ -73.826477181236498, 40.690941481433605 ], [ -73.831964402064699, 40.692852556924358 ], [ -73.835101524874105, 40.691966974821852 ], [ -73.835285680030481, 40.691652694965178 ], [ -73.834776341205313, 40.691324486332171 ], [ -73.83427291965674, 40.691471872895981 ], [ -73.834352755784195, 40.691051531437786 ], [ -73.83346067050482, 40.690722982237617 ], [ -73.833814887731918, 40.690108715544419 ], [ -73.833394703513235, 40.68929875671833 ], [ -73.83107931117307, 40.68851225923671 ], [ -73.833165755186641, 40.685033537428417 ], [ -73.833585382516034, 40.685046681639648 ], [ -73.833883943396657, 40.684550811448617 ], [ -73.834845183157199, 40.684539776976592 ], [ -73.836000461000395, 40.684944296466199 ], [ -73.837167246438725, 40.684622650430029 ], [ -73.837682684710828, 40.685526924216738 ], [ -73.839432163661712, 40.686134134980385 ], [ -73.838668577375984, 40.68751205873243 ], [ -73.839547987506322, 40.687235310436762 ], [ -73.842910258864833, 40.68840111475749 ], [ -73.843564477998612, 40.688213961255457 ], [ -73.84380420339545, 40.688709291936938 ], [ -73.844971802467015, 40.68845330283272 ], [ -73.843925922602708, 40.688954115214408 ], [ -73.843785379141863, 40.68919936238958 ], [ -73.84425644600644, 40.689365973249281 ], [ -73.846681033718909, 40.688668912248488 ], [ -73.846903884680202, 40.688282430494041 ], [ -73.847502350540751, 40.688435737485783 ], [ -73.843002975071457, 40.687037916376617 ], [ -73.841849193314772, 40.684687696858973 ], [ -73.841498047771637, 40.685280747819739 ], [ -73.840848980528406, 40.685055474242354 ], [ -73.840616734329743, 40.685443825008058 ], [ -73.837565502970932, 40.684384683884609 ], [ -73.836611887546852, 40.683344237087063 ], [ -73.835098164597881, 40.68299161420164 ], [ -73.836156093767926, 40.680381428771881 ], [ -73.835828864120188, 40.68023013111565 ], [ -73.834194380347682, 40.68019288026769 ], [ -73.833021993744566, 40.682136967325235 ], [ -73.832220070396403, 40.681858979350778 ], [ -73.832035468970332, 40.682166973910192 ], [ -73.827739292280029, 40.680674510956976 ], [ -73.828512023182313, 40.679389061931595 ], [ -73.827670241068105, 40.67870195667706 ], [ -73.826259606050556, 40.67825468665886 ], [ -73.826488390350647, 40.677326081742926 ], [ -73.827301278288232, 40.676512344574455 ], [ -73.829966489992231, 40.676827034653698 ], [ -73.830038347599015, 40.676176470883746 ], [ -73.830339969316896, 40.676158922290831 ], [ -73.83060501448675, 40.675357896004648 ], [ -73.831439219748972, 40.67468030640385 ], [ -73.832171353354923, 40.675452124996482 ], [ -73.833161918236812, 40.675014486625656 ], [ -73.834824316559533, 40.675258501915913 ], [ -73.835955615022911, 40.674042800472272 ], [ -73.836953890661917, 40.67373445802054 ], [ -73.83782251370549, 40.674475289848431 ], [ -73.837952094614835, 40.675678297892738 ], [ -73.83904982962963, 40.674190584239312 ], [ -73.842214835080341, 40.675310506546474 ], [ -73.841328609106085, 40.673024191093603 ], [ -73.840572226591135, 40.67383022529706 ], [ -73.838584574876435, 40.672805291841811 ], [ -73.836648649600576, 40.672399614233889 ], [ -73.837127298438944, 40.672469386393757 ], [ -73.836230794694373, 40.671845785006496 ], [ -73.835709527359967, 40.669821865497546 ], [ -73.835300982719417, 40.669769279440004 ], [ -73.83580431627577, 40.668961172243748 ], [ -73.834783668962004, 40.668752351854422 ], [ -73.834609455721363, 40.668263339519449 ], [ -73.835932320479799, 40.667266993879771 ], [ -73.835472477033079, 40.667584270352471 ], [ -73.833348192693421, 40.666773187015536 ], [ -73.832969911009783, 40.665975950615895 ], [ -73.832771116819757, 40.666610792780688 ], [ -73.831539813901571, 40.667607446754239 ], [ -73.830035266560628, 40.667102557708894 ], [ -73.82902902843081, 40.667076557593269 ], [ -73.828209007099829, 40.66977293165192 ], [ -73.826991909842405, 40.669591273586867 ], [ -73.826350004763057, 40.668994457026137 ], [ -73.825092031642896, 40.669507039051638 ], [ -73.824828240305322, 40.669227772808142 ], [ -73.824109840836599, 40.669564964914542 ], [ -73.823642887398009, 40.669055362366578 ], [ -73.822118653763781, 40.669770663099008 ], [ -73.820263089251171, 40.668766710343846 ], [ -73.819347801791963, 40.6691500043272 ], [ -73.815506389450434, 40.666520462060944 ], [ -73.813468546283772, 40.666981974057563 ], [ -73.812579388418627, 40.669042553978684 ], [ -73.810388850911082, 40.67007020116862 ], [ -73.81015850087519, 40.670482444715603 ], [ -73.809160788190837, 40.670808934495838 ], [ -73.808622914993265, 40.670651792990519 ], [ -73.807511158497661, 40.67114853149247 ], [ -73.806877336732882, 40.670953120543686 ], [ -73.806375168967591, 40.671240139461752 ], [ -73.806010071003982, 40.670869279186128 ], [ -73.805454658810348, 40.671021274566478 ], [ -73.804480908319647, 40.670704349015296 ], [ -73.801721021144289, 40.668611648998912 ], [ -73.801709673014344, 40.669068492659896 ], [ -73.801287743378552, 40.669093358109897 ], [ -73.801273998609147, 40.672168544066245 ], [ -73.803903625737391, 40.673974729921653 ], [ -73.807487333632295, 40.671586286293824 ], [ -73.808825728844241, 40.67188296835922 ], [ -73.80957820349505, 40.672680650896147 ], [ -73.810451781836889, 40.67296499905688 ], [ -73.81265518044205, 40.67536786917055 ], [ -73.811049240108161, 40.676868672101129 ], [ -73.81196734913101, 40.677187558806125 ], [ -73.812262435043891, 40.678354914856676 ], [ -73.813436753555933, 40.678764413131283 ], [ -73.81166429204923, 40.682266683716463 ], [ -73.811865692759653, 40.682336296609265 ], [ -73.81315905791044, 40.680182854966667 ], [ -73.813929584033048, 40.680217364462763 ], [ -73.814065254670638, 40.679991337739366 ], [ -73.816516521728261, 40.680132578073191 ], [ -73.817725875549257, 40.680344132284688 ], [ -73.818329198552306, 40.682500491470357 ], [ -73.819674517545778, 40.682964897523654 ], [ -73.817599356077338, 40.686456511370729 ], [ -73.81598614295288, 40.686796863833763 ], [ -73.813817881230079, 40.686313923620332 ], [ -73.811777919224269, 40.685593644063609 ], [ -73.812163043068523, 40.684582981525949 ], [ -73.810517048685057, 40.687339265977577 ], [ -73.809885359889392, 40.68714048826682 ] ], [ [ -73.796751110982626, 40.676583614018028 ], [ -73.797127407933289, 40.676315419955401 ], [ -73.797069905388057, 40.676039421289452 ], [ -73.796751110982626, 40.676583614018028 ] ], [ [ -73.797161865437729, 40.675872767457236 ], [ -73.797117613668888, 40.675952962469303 ], [ -73.797147134293098, 40.675933665190072 ], [ -73.797161865437729, 40.675872767457236 ] ], [ [ -73.775045804007846, 40.675356192717601 ], [ -73.775205892683658, 40.674707879887215 ], [ -73.774934655347508, 40.675328523956004 ], [ -73.775045804007846, 40.675356192717601 ] ], [ [ -73.801308491243645, 40.667503370976576 ], [ -73.801593930713381, 40.666371106120742 ], [ -73.798480339935679, 40.666275313470692 ], [ -73.799422799405775, 40.666520663738908 ], [ -73.798911874798193, 40.666534374202193 ], [ -73.799217548729132, 40.667208503500376 ], [ -73.798063774928778, 40.667594912579091 ], [ -73.798182074437463, 40.667967952660248 ], [ -73.797577349861726, 40.668771955509399 ], [ -73.798158265807032, 40.669337588806798 ], [ -73.79717690261927, 40.670361205744925 ], [ -73.797828019554771, 40.671289037929917 ], [ -73.796675978879364, 40.671769760809781 ], [ -73.795837550799916, 40.672503606581529 ], [ -73.797019297562628, 40.673716277332538 ], [ -73.79944273398003, 40.67147747702581 ], [ -73.800647505094233, 40.671735575485791 ], [ -73.800624889520805, 40.669136551654084 ], [ -73.801091907264336, 40.669107417732391 ], [ -73.801157225182081, 40.668543350474891 ], [ -73.800512936906969, 40.668465297517798 ], [ -73.801308491243645, 40.667503370976576 ] ], [ [ -73.777633069707761, 40.667734130761772 ], [ -73.776170526431912, 40.667841623213242 ], [ -73.778947307466936, 40.668791037097868 ], [ -73.778924773633776, 40.668722803121867 ], [ -73.777633069707761, 40.667734130761772 ] ], [ [ -73.769633964933362, 40.666885245117001 ], [ -73.776327101069299, 40.667003664160113 ], [ -73.777004042072946, 40.666511737510646 ], [ -73.777331157106275, 40.66693674923291 ], [ -73.778163845434847, 40.66687903780663 ], [ -73.778939880542879, 40.665629152738582 ], [ -73.781035310081108, 40.665827235706672 ], [ -73.782584114082852, 40.663742508413108 ], [ -73.780222167244318, 40.662697173534113 ], [ -73.778436537112313, 40.665061635571234 ], [ -73.775701578582471, 40.661894234551092 ], [ -73.774051164853731, 40.662636680115845 ], [ -73.772455958006617, 40.661062702927111 ], [ -73.772545065090981, 40.661974606207501 ], [ -73.771337798732873, 40.662208181183956 ], [ -73.770959105272297, 40.662670847403568 ], [ -73.771586260974232, 40.663376815787345 ], [ -73.770493471387439, 40.663893052556418 ], [ -73.770229755416835, 40.665112654029507 ], [ -73.770494840310974, 40.665684722591074 ], [ -73.769633964933362, 40.666885245117001 ] ], [ [ -73.752950131689346, 40.665466509531868 ], [ -73.752787027468187, 40.665487995022275 ], [ -73.752943324330317, 40.665487774100292 ], [ -73.752950131689346, 40.665466509531868 ] ], [ [ -73.820152500232638, 40.661533563921729 ], [ -73.821437309863185, 40.661004684720176 ], [ -73.822021841687985, 40.660798143300482 ], [ -73.822181864023662, 40.660716518686314 ], [ -73.820201025214416, 40.661478822863906 ], [ -73.820152500232638, 40.661533563921729 ] ], [ [ -73.821300677238213, 40.660068044228403 ], [ -73.819700741536664, 40.660724086809388 ], [ -73.821308070023946, 40.660065572784205 ], [ -73.821300677238213, 40.660068044228403 ] ], [ [ -73.824091663714739, 40.658431480621374 ], [ -73.823476251956734, 40.660060038355113 ], [ -73.822496945990807, 40.660573256421415 ], [ -73.823521519620328, 40.660075390258129 ], [ -73.824091663714739, 40.658431480621374 ] ], [ [ -73.822854161513689, 40.657696987498142 ], [ -73.822467655966165, 40.659159866147718 ], [ -73.822855192192449, 40.657693957350133 ], [ -73.822854161513689, 40.657696987498142 ] ], [ [ -73.824980703785371, 40.655431971183759 ], [ -73.823973326998242, 40.652111628739945 ], [ -73.823465863191558, 40.649773039847197 ], [ -73.823475274808303, 40.650476295388742 ], [ -73.824929410294388, 40.65544153187308 ], [ -73.824921914599102, 40.655666789478772 ], [ -73.82433004674651, 40.657385878179412 ], [ -73.824301832775205, 40.657481604837805 ], [ -73.824267760403458, 40.657746511638635 ], [ -73.824968623755382, 40.655658829755019 ], [ -73.824980703785371, 40.655431971183759 ] ], [ [ -73.823434932107403, 40.655805325004373 ], [ -73.823404800806799, 40.65607373064033 ], [ -73.823421214470855, 40.656025495649587 ], [ -73.823434932107403, 40.655805325004373 ] ], [ [ -73.821229206058504, 40.648975150170855 ], [ -73.818822393108121, 40.646738112489118 ], [ -73.819988260895627, 40.648102854645671 ], [ -73.821247972737311, 40.649138615747411 ], [ -73.821825136319319, 40.649899795613997 ], [ -73.822627236808245, 40.652885188665891 ], [ -73.823447293601376, 40.655214996166904 ], [ -73.822605726734665, 40.652786106843102 ], [ -73.822151432640652, 40.650135289740874 ], [ -73.821229206058504, 40.648975150170855 ] ], [ [ -73.749371428029576, 40.653034834464556 ], [ -73.749370967058724, 40.653087335502313 ], [ -73.749545727154782, 40.653153974759789 ], [ -73.749371428029576, 40.653034834464556 ] ], [ [ -73.748770863424653, 40.652903441262289 ], [ -73.749208141007173, 40.652933863197838 ], [ -73.748714063914036, 40.652796052983149 ], [ -73.748770863424653, 40.652903441262289 ] ], [ [ -73.741256160024776, 40.652529849784067 ], [ -73.741907412275751, 40.652533598561917 ], [ -73.741917787114502, 40.652149305498135 ], [ -73.741300348300854, 40.652145880532608 ], [ -73.741256160024776, 40.652529849784067 ] ], [ [ -73.745875669522945, 40.650726992939447 ], [ -73.745822972923392, 40.650601354329375 ], [ -73.745785256197593, 40.650592018008879 ], [ -73.745875669522945, 40.650726992939447 ] ], [ [ -73.754503696014496, 40.647935479054333 ], [ -73.752049026742782, 40.646651936812333 ], [ -73.751573841915388, 40.647259300703233 ], [ -73.754110866746984, 40.64869766490721 ], [ -73.755223868798325, 40.647444468936435 ], [ -73.754612084709905, 40.647200458956334 ], [ -73.754927686429099, 40.647572721038564 ], [ -73.754503696014496, 40.647935479054333 ] ], [ [ -73.887015019328715, 40.647175661980285 ], [ -73.887582319817739, 40.647592762665816 ], [ -73.886383764885537, 40.64663223114205 ], [ -73.887015019328715, 40.647175661980285 ] ], [ [ -73.915534997904885, 40.625594530900528 ], [ -73.915782863893767, 40.623325918043271 ], [ -73.913581444690308, 40.623179302204314 ], [ -73.914068430963269, 40.623671509215704 ], [ -73.911826871353668, 40.624251534643122 ], [ -73.911770158674344, 40.624812437048654 ], [ -73.908612255803547, 40.624703085050868 ], [ -73.908443992488785, 40.624972156021194 ], [ -73.90858781567303, 40.625384190301439 ], [ -73.910769468083373, 40.62634667892624 ], [ -73.910573735032344, 40.62650245241926 ], [ -73.915263470632539, 40.62860817949953 ], [ -73.91451573559975, 40.629556490603377 ], [ -73.917321635296076, 40.63100649685412 ], [ -73.917498266549529, 40.631410175742957 ], [ -73.917195150765707, 40.631738205747887 ], [ -73.918602248060765, 40.63206832791878 ], [ -73.918250148081228, 40.628839444124374 ], [ -73.916623060932892, 40.628156264130894 ], [ -73.916024512107015, 40.62827803719135 ], [ -73.915531139994357, 40.626834865983625 ], [ -73.916677687003002, 40.626103500993914 ], [ -73.915534997904885, 40.625594530900528 ] ], [ [ -73.918602248060765, 40.63206832791878 ], [ -73.916223866343316, 40.63360535881214 ], [ -73.915599121360358, 40.633036340714433 ], [ -73.908690929324592, 40.629923757685042 ], [ -73.907334110298976, 40.63019605962468 ], [ -73.907588993070959, 40.630938640279147 ], [ -73.905893871409233, 40.632274386073668 ], [ -73.905493546715007, 40.633014237251423 ], [ -73.904701636219002, 40.63296649294653 ], [ -73.904653365303233, 40.633406754647069 ], [ -73.903049152359571, 40.633484467131062 ], [ -73.902969723697154, 40.634141955983985 ], [ -73.902310938153121, 40.634653643455067 ], [ -73.901682153297756, 40.634614250037544 ], [ -73.901625445672792, 40.635141956515092 ], [ -73.900418512102917, 40.63547881918592 ], [ -73.900324788691165, 40.636349402932694 ], [ -73.899592050342903, 40.63630359730584 ], [ -73.899549354266981, 40.63683825321543 ], [ -73.900654213806078, 40.637749685901952 ], [ -73.90104370318879, 40.637767598081147 ], [ -73.900681663799915, 40.641083038924869 ], [ -73.900293184654359, 40.641058892994288 ], [ -73.898828154718572, 40.6420052444115 ], [ -73.897589992876661, 40.640893935848595 ], [ -73.896328134299907, 40.640814075557586 ], [ -73.894109367931065, 40.63944032451397 ], [ -73.894372101650973, 40.637009447309815 ], [ -73.892258276397314, 40.636876910164766 ], [ -73.892165983562919, 40.637647984487266 ], [ -73.8925060862816, 40.637668994950204 ], [ -73.892343758569851, 40.639190187933515 ], [ -73.892869986128218, 40.640629971901248 ], [ -73.896282704258908, 40.640843299660553 ], [ -73.897425597990591, 40.642103560130501 ], [ -73.89856593643843, 40.642174709449435 ], [ -73.898450021285399, 40.643253995086354 ], [ -73.902589282060077, 40.643515415993754 ], [ -73.90253290377197, 40.64428062243568 ], [ -73.903217727169903, 40.64435046316575 ], [ -73.903620727298588, 40.64022212034304 ], [ -73.904698223800395, 40.640277498877253 ], [ -73.904841309664548, 40.63921907970451 ], [ -73.910932640644219, 40.639600535466904 ], [ -73.910760558199513, 40.641145491763574 ], [ -73.911303410799889, 40.641898203386063 ], [ -73.910996413453034, 40.644744004982947 ], [ -73.909247879879345, 40.644680962336125 ], [ -73.909042611211049, 40.644886960863765 ], [ -73.903480312495986, 40.644586272530972 ], [ -73.903321290454628, 40.646040428682745 ], [ -73.903837622220038, 40.646527259954148 ], [ -73.904810358545063, 40.646563195978935 ], [ -73.904846815398287, 40.64617991798567 ], [ -73.908653257401667, 40.646415147247112 ], [ -73.909589210667818, 40.645868365372721 ], [ -73.910344303896821, 40.646324447722932 ], [ -73.910094031302833, 40.647329925982405 ], [ -73.911453359798699, 40.647416830641411 ], [ -73.91268531163783, 40.646264701187548 ], [ -73.911116363813434, 40.644851060624141 ], [ -73.914145515255015, 40.643529196814001 ], [ -73.91421618483237, 40.641399964207942 ], [ -73.913711185440377, 40.640686933767299 ], [ -73.913892274904782, 40.638957255532212 ], [ -73.908468030532234, 40.638620017684225 ], [ -73.908948093684472, 40.632809871007559 ], [ -73.912454541665866, 40.63287611782139 ], [ -73.913171681432004, 40.633639359785839 ], [ -73.915895420989344, 40.63381469707069 ], [ -73.916507870576055, 40.634656854495383 ], [ -73.915727521364616, 40.635416075975719 ], [ -73.91545365955028, 40.637929120671252 ], [ -73.916448562529823, 40.638022569566424 ], [ -73.91683008960257, 40.636063937682053 ], [ -73.916166952724922, 40.635010877095944 ], [ -73.917480428541751, 40.634227473881133 ], [ -73.917532132965889, 40.633763294066817 ], [ -73.918766328883507, 40.633670863513373 ], [ -73.918602248060765, 40.63206832791878 ] ], [ [ -73.946330576729125, 40.634186132675666 ], [ -73.94677683571264, 40.6337955796457 ], [ -73.95037008736746, 40.636122537958663 ], [ -73.950086800416628, 40.6365780676608 ], [ -73.952786394934577, 40.638427312530567 ], [ -73.94863292721115, 40.642048268280853 ], [ -73.946564426841661, 40.640710925925653 ], [ -73.945668481050305, 40.641515282991371 ], [ -73.942617999543614, 40.639543683862364 ], [ -73.939104434379232, 40.642696024946154 ], [ -73.938687346365072, 40.642428038454057 ], [ -73.938126540964802, 40.642685029927122 ], [ -73.934369455653254, 40.640252727830443 ], [ -73.93403173216835, 40.640554071913705 ], [ -73.933067179736341, 40.64033093151707 ], [ -73.928873175583462, 40.637616547057398 ], [ -73.929106231699649, 40.639795105916015 ], [ -73.925772438586975, 40.640012166419361 ], [ -73.926163778382673, 40.637572961179949 ], [ -73.925919808491088, 40.637578532064794 ], [ -73.925833251670014, 40.636549038101535 ], [ -73.926820857946382, 40.636060662187596 ], [ -73.926651492174642, 40.63471540404457 ], [ -73.924836360389733, 40.636347907827506 ], [ -73.923584356284124, 40.63620161810254 ], [ -73.922959531440469, 40.636764331892572 ], [ -73.923372899141057, 40.638054774649369 ], [ -73.922146484506314, 40.638148486438681 ], [ -73.92181830255808, 40.638782511039231 ], [ -73.922350556668064, 40.639646635959906 ], [ -73.921244621245208, 40.640311212504429 ], [ -73.921460086448732, 40.641712782241569 ], [ -73.920729258640861, 40.642415883045743 ], [ -73.920930267206657, 40.642725478580488 ], [ -73.922336202151428, 40.641838257605215 ], [ -73.922162903863025, 40.64030736117877 ], [ -73.923224241962018, 40.63931940429871 ], [ -73.924763638543084, 40.639467932795064 ], [ -73.924889788550743, 40.640407988557982 ], [ -73.925668720942951, 40.640552567796284 ], [ -73.927320957013805, 40.641984487009161 ], [ -73.930086419587369, 40.639507608288511 ], [ -73.930463873687245, 40.639751743294745 ], [ -73.930999359642698, 40.639271552890008 ], [ -73.934895109870638, 40.641798103685694 ], [ -73.934227552826329, 40.642390498969725 ], [ -73.934390993961912, 40.643948131063262 ], [ -73.934654747159513, 40.644119148293456 ], [ -73.933768800745057, 40.645072280662212 ], [ -73.942608245801793, 40.644661862383074 ], [ -73.942725532596484, 40.645845298698902 ], [ -73.943231263959447, 40.645799957953002 ], [ -73.944983618312449, 40.64426804929159 ], [ -73.948579607201239, 40.646666055675837 ], [ -73.950834481111983, 40.644707773239396 ], [ -73.951831902062338, 40.644750408924544 ], [ -73.952572521473257, 40.645158167896611 ], [ -73.953812056931454, 40.645124799418433 ], [ -73.95409126651704, 40.646200078479758 ], [ -73.954488823144445, 40.646473261432519 ], [ -73.955177182363073, 40.645673445335483 ], [ -73.956347242952361, 40.645359600198717 ], [ -73.956595633497187, 40.645949274073246 ], [ -73.958064821720853, 40.645791247994858 ], [ -73.96036626820387, 40.647255579668418 ], [ -73.959590057132502, 40.648193004951736 ], [ -73.962313161992114, 40.64541778796832 ], [ -73.963100407912151, 40.645864887467461 ], [ -73.964167025149521, 40.644836950235678 ], [ -73.963522627578428, 40.644468340270294 ], [ -73.964354704835472, 40.643619970845627 ], [ -73.961447465247886, 40.642558770823506 ], [ -73.962448131073543, 40.640962349481491 ], [ -73.961980076671409, 40.639919055688914 ], [ -73.963203413918606, 40.639763409984425 ], [ -73.962721575015522, 40.63878540677225 ], [ -73.963784094076203, 40.638623311385331 ], [ -73.963433723760062, 40.637599556744142 ], [ -73.964518035604371, 40.637466181943665 ], [ -73.964250399159098, 40.636919560690011 ], [ -73.965474270368887, 40.63676684826477 ], [ -73.968443277634663, 40.638055778680538 ], [ -73.968198239236315, 40.637222990197564 ], [ -73.966935364554672, 40.637126554105173 ], [ -73.96689784054594, 40.636920437402068 ], [ -73.966489379086568, 40.63711170871828 ], [ -73.962758842178388, 40.635800071807438 ], [ -73.96326017519678, 40.634991888455765 ], [ -73.962746841017719, 40.63394852498368 ], [ -73.963796458467272, 40.633822195291494 ], [ -73.96390951840786, 40.633481851413656 ], [ -73.963438686183068, 40.63276893535194 ], [ -73.963743293194526, 40.632702642127825 ], [ -73.963646353072278, 40.632206052338979 ], [ -73.966104019078699, 40.62963350206919 ], [ -73.967371903174225, 40.630000064972258 ], [ -73.966492081469369, 40.62949816146088 ], [ -73.966990924472, 40.628989626529673 ], [ -73.966903160217342, 40.628101287236071 ], [ -73.967398321641866, 40.627850450821349 ], [ -73.96608977468415, 40.627103511108814 ], [ -73.967432748491561, 40.625734594918207 ], [ -73.966555537915028, 40.625235814687272 ], [ -73.966324315630828, 40.625471149944694 ], [ -73.961510121030287, 40.622727529020011 ], [ -73.962608302535742, 40.621605645901276 ], [ -73.963067782553892, 40.620432578778896 ], [ -73.962800535908485, 40.620280182737055 ], [ -73.959223141168565, 40.62392398764549 ], [ -73.958572037289628, 40.62355414972027 ], [ -73.958236967769906, 40.62389573641596 ], [ -73.956627435253452, 40.622980736217031 ], [ -73.955861571611052, 40.623057961293199 ], [ -73.955771646770302, 40.622494257430112 ], [ -73.954136261517874, 40.621560516346598 ], [ -73.953669022469697, 40.622037336715628 ], [ -73.953651758770079, 40.623591686389176 ], [ -73.95152364520564, 40.625759260358905 ], [ -73.949212441524793, 40.624443152237816 ], [ -73.946882482658395, 40.626816433805104 ], [ -73.943232363843322, 40.624736303490209 ], [ -73.943522151143597, 40.624441267397486 ], [ -73.942944284209233, 40.622609868251239 ], [ -73.941438212684787, 40.623622216457228 ], [ -73.939901755875013, 40.623241301580023 ], [ -73.942657020067273, 40.624799223671438 ], [ -73.941872079940836, 40.625852543672103 ], [ -73.943964396443391, 40.627095173333061 ], [ -73.943196244411936, 40.627855207116347 ], [ -73.942946209023418, 40.62866669483725 ], [ -73.944239144933704, 40.629500714299809 ], [ -73.942010701372297, 40.632258635649698 ], [ -73.941583335894563, 40.631662347439573 ], [ -73.938552822973918, 40.632439984078637 ], [ -73.938370581140347, 40.632781099339581 ], [ -73.938083303856089, 40.632352005087185 ], [ -73.937625234008564, 40.632266169400012 ], [ -73.937425208474025, 40.633206620880536 ], [ -73.937191701290857, 40.632297474993869 ], [ -73.935803021257016, 40.632328877291876 ], [ -73.936986658943468, 40.632039877257327 ], [ -73.934055381138961, 40.630141350917711 ], [ -73.935455949362662, 40.628883017594326 ], [ -73.93378419515993, 40.627802727790211 ], [ -73.935069495127067, 40.626647944781688 ], [ -73.933945998550755, 40.625917318265572 ], [ -73.934402716653338, 40.625014466073331 ], [ -73.933545202395635, 40.624360716383585 ], [ -73.934597195629024, 40.6248457147843 ], [ -73.93526668302539, 40.624260495418802 ], [ -73.935281053557986, 40.623700074579581 ], [ -73.937197977085503, 40.623104534672116 ], [ -73.933388687714199, 40.622510945217364 ], [ -73.932980260391716, 40.620996076398953 ], [ -73.933683510718353, 40.619696266548473 ], [ -73.93390634338455, 40.617600907208768 ], [ -73.935766703527491, 40.617065436806662 ], [ -73.939210984630705, 40.617280261795365 ], [ -73.939322833877213, 40.617033637266204 ], [ -73.937613511278457, 40.616925617851599 ], [ -73.937650165044005, 40.616587260691091 ], [ -73.936639727424946, 40.615646334443312 ], [ -73.93537309611969, 40.615568347605709 ], [ -73.935481026427439, 40.61453566358702 ], [ -73.934373087170613, 40.61446688565826 ], [ -73.934130587913884, 40.616700012456711 ], [ -73.93347024202906, 40.616658597223967 ], [ -73.933416803367876, 40.617161108338664 ], [ -73.930674860597733, 40.616986682872735 ], [ -73.930164663080106, 40.617287880390862 ], [ -73.931648069948437, 40.618252413847365 ], [ -73.931731792137143, 40.617926921394563 ], [ -73.932462455680067, 40.61860132049646 ], [ -73.929488079118897, 40.621071397845441 ], [ -73.929688582363468, 40.621200927452648 ], [ -73.929139743342844, 40.621832579427625 ], [ -73.929396600663893, 40.623435459531372 ], [ -73.926611878802191, 40.625932335335001 ], [ -73.926095336204284, 40.625598389679183 ], [ -73.925674863731729, 40.625975051113684 ], [ -73.92302823026175, 40.624261010064757 ], [ -73.922377376764715, 40.62562140829084 ], [ -73.923135021247276, 40.626110299794476 ], [ -73.919334547763427, 40.629516004355338 ], [ -73.919434844456717, 40.630458448202042 ], [ -73.920365243868829, 40.630394469495819 ], [ -73.923014701403375, 40.628085232832277 ], [ -73.924187417042788, 40.628453927653737 ], [ -73.925069576595249, 40.629413819942073 ], [ -73.926879083989462, 40.630584934924649 ], [ -73.926232890471425, 40.631163729244669 ], [ -73.926698234266425, 40.631486138644156 ], [ -73.927160373062378, 40.631071259949202 ], [ -73.927128263494382, 40.630569597880246 ], [ -73.92895725966487, 40.628929477627153 ], [ -73.92954183560353, 40.629307157438667 ], [ -73.929914909987474, 40.629086809866209 ], [ -73.932683881246632, 40.629758559197839 ], [ -73.932373059445396, 40.627216241162614 ], [ -73.932634605031254, 40.626551963214226 ], [ -73.932907992396849, 40.629915291227263 ], [ -73.933167750563896, 40.630192216643053 ], [ -73.932997483226728, 40.630815479747284 ], [ -73.933373379957928, 40.631051347133841 ], [ -73.933027051947491, 40.631106891914932 ], [ -73.933103946902634, 40.631864712012501 ], [ -73.934072118745519, 40.632496104635415 ], [ -73.937017462237918, 40.63231097863364 ], [ -73.936104116915686, 40.632958954279069 ], [ -73.936335336054071, 40.634166772084228 ], [ -73.937137420943188, 40.633445422130549 ], [ -73.93765882786316, 40.633781092150365 ], [ -73.938113692998428, 40.633377379881466 ], [ -73.943032459883881, 40.636561149475348 ], [ -73.945858347116243, 40.634029735201651 ], [ -73.946330576729125, 40.634186132675666 ] ], [ [ -73.919475467137971, 40.630840153983421 ], [ -73.919542605709708, 40.631471003268324 ], [ -73.919686242737129, 40.632793873290332 ], [ -73.92058013172101, 40.632252401126017 ], [ -73.920485817581678, 40.631525752574149 ], [ -73.919475467137971, 40.630840153983421 ] ], [ [ -73.894444272326837, 40.625007613240847 ], [ -73.891031715441926, 40.627401542999884 ], [ -73.894723825305022, 40.624924028190584 ], [ -73.896567288844892, 40.623062722915421 ], [ -73.894444272326837, 40.625007613240847 ] ], [ [ -73.784843915860975, 40.626668258697521 ], [ -73.78303078501952, 40.629017862055612 ], [ -73.784878887408695, 40.626631470708098 ], [ -73.784843915860975, 40.626668258697521 ] ], [ [ -73.784979961037365, 40.626544986233021 ], [ -73.78507776214667, 40.626504865025439 ], [ -73.785340141510147, 40.626236792523244 ], [ -73.784979961037365, 40.626544986233021 ] ], [ [ -73.788228562114966, 40.62376512880487 ], [ -73.788035607135953, 40.623930250954487 ], [ -73.788091209350753, 40.623890113945897 ], [ -73.788228562114966, 40.62376512880487 ] ], [ [ -73.788561161482988, 40.623557318543462 ], [ -73.788805771330416, 40.623376735843607 ], [ -73.78843028240486, 40.62363938965467 ], [ -73.788561161482988, 40.623557318543462 ] ], [ [ -73.789558143553919, 40.622791994921315 ], [ -73.78925824280941, 40.622886051659563 ], [ -73.789208914327929, 40.622968215222151 ], [ -73.789558143553919, 40.622791994921315 ] ], [ [ -73.926297699145508, 40.613192155675677 ], [ -73.92699206967994, 40.613765345966918 ], [ -73.927101815609021, 40.613006625095899 ], [ -73.926349360641055, 40.612950846433471 ], [ -73.926410186132202, 40.612478746580734 ], [ -73.925444333961408, 40.612415447124782 ], [ -73.926202751235351, 40.613042599102101 ], [ -73.925246228803317, 40.613119002132898 ], [ -73.92518239448637, 40.612418506866753 ], [ -73.923318894087728, 40.612999332664884 ], [ -73.921637782845977, 40.612225134704936 ], [ -73.921360943334747, 40.61340260691285 ], [ -73.921874826697874, 40.614291782740082 ], [ -73.920652027442102, 40.614760489971609 ], [ -73.918784827127396, 40.617099489775988 ], [ -73.917947086540281, 40.617687968517238 ], [ -73.918331274645482, 40.617931146358281 ], [ -73.91788058842846, 40.617994592307774 ], [ -73.917805678413586, 40.618340000077723 ], [ -73.91837839879166, 40.618384261668105 ], [ -73.917794814564175, 40.618390092650728 ], [ -73.917487248266895, 40.618880254360953 ], [ -73.918406366800284, 40.619475571525001 ], [ -73.917383996328653, 40.620684757723076 ], [ -73.918603008105364, 40.620729821264632 ], [ -73.919016070340703, 40.62123204665702 ], [ -73.919377827765487, 40.621099656414664 ], [ -73.922483896192304, 40.623110778585385 ], [ -73.922389023521234, 40.6222167480122 ], [ -73.921596478541673, 40.621703143106501 ], [ -73.92364644274933, 40.619866755110593 ], [ -73.922640228937809, 40.619214983721868 ], [ -73.923835696670778, 40.618141374123304 ], [ -73.923768106952423, 40.617200337057966 ], [ -73.923189738555592, 40.616826579807046 ], [ -73.926360851789923, 40.613991505307652 ], [ -73.926297699145508, 40.613192155675677 ] ], [ [ -73.917943561169338, 40.621531723648609 ], [ -73.917478361988415, 40.62159159946264 ], [ -73.917622839194337, 40.621811037419889 ], [ -73.917943561169338, 40.621531723648609 ] ], [ [ -73.897498973222184, 40.618034267419908 ], [ -73.897566338247998, 40.62004311618476 ], [ -73.897191639665181, 40.621683199953672 ], [ -73.897678508785376, 40.620027921049022 ], [ -73.897498973222184, 40.618034267419908 ] ], [ [ -73.918460370587439, 40.621050680905334 ], [ -73.917441033974086, 40.621232337836361 ], [ -73.917461751047938, 40.621433239075394 ], [ -73.918075081106409, 40.621417183227528 ], [ -73.918460370587439, 40.621050680905334 ] ], [ [ -73.909072826934889, 40.617098453203525 ], [ -73.908991913342717, 40.616963807793276 ], [ -73.908957061946722, 40.616991484819906 ], [ -73.909072826934889, 40.617098453203525 ] ], [ [ -73.898622849809811, 40.607972487918346 ], [ -73.898881910959943, 40.606768340604333 ], [ -73.899046304165779, 40.605432091764541 ], [ -73.898716065045235, 40.607333807527176 ], [ -73.897721465760895, 40.610206915159488 ], [ -73.897438421688747, 40.611293144936262 ], [ -73.897296093478943, 40.612027664094185 ], [ -73.897299379453187, 40.61640629790314 ], [ -73.897437716271895, 40.611392693458981 ], [ -73.898622849809811, 40.607972487918346 ] ], [ [ -73.821184356226027, 40.615117489088362 ], [ -73.822695882855896, 40.613750837219726 ], [ -73.822152482404377, 40.613245004217973 ], [ -73.820644290689998, 40.614483758033799 ], [ -73.821184356226027, 40.615117489088362 ] ], [ [ -73.816292357853115, 40.609616815290003 ], [ -73.817498110362791, 40.614214131565248 ], [ -73.817760632655222, 40.614308972744929 ], [ -73.816551061191092, 40.609676131723766 ], [ -73.816292357853115, 40.609616815290003 ] ], [ [ -73.773962474420955, 40.612121046368429 ], [ -73.773767677531154, 40.611256222475483 ], [ -73.772900069839579, 40.610153449584693 ], [ -73.773403890789822, 40.611090448779152 ], [ -73.772711782304512, 40.611418266242424 ], [ -73.772761875958494, 40.611636351029006 ], [ -73.773549151136038, 40.611627791964921 ], [ -73.773910444228122, 40.612254182708263 ], [ -73.773779276327389, 40.61280928727529 ], [ -73.774154466281317, 40.611815199781269 ], [ -73.773962474420955, 40.612121046368429 ] ], [ [ -73.761808944210912, 40.610772570565075 ], [ -73.761801321441254, 40.609130295951431 ], [ -73.760236358229236, 40.610820864951719 ], [ -73.761724137888748, 40.611847242757818 ], [ -73.76219186136781, 40.611422083376219 ], [ -73.761808944210912, 40.610772570565075 ] ], [ [ -73.776409719920807, 40.609401045277146 ], [ -73.774844515757479, 40.608451018154732 ], [ -73.774271284217392, 40.608564687031965 ], [ -73.775093653529694, 40.609560001978238 ], [ -73.776409719920807, 40.609401045277146 ] ], [ [ -73.817165246632086, 40.608435510122682 ], [ -73.815547143369272, 40.607414120187507 ], [ -73.816208852767758, 40.609298401488211 ], [ -73.81642563227723, 40.608673506026712 ], [ -73.817165246632086, 40.608435510122682 ] ], [ [ -73.768477534181599, 40.606222949077484 ], [ -73.768692006876194, 40.607051118673695 ], [ -73.76840689538777, 40.607494928118882 ], [ -73.769834978708445, 40.607452007248703 ], [ -73.769896922922399, 40.606565791206386 ], [ -73.76950992457185, 40.60671315862205 ], [ -73.768477534181599, 40.606222949077484 ] ], [ [ -73.822904633777881, 40.60585127642446 ], [ -73.821792034283206, 40.60601650487488 ], [ -73.820760605749712, 40.60723586956437 ], [ -73.820999793340363, 40.607489546281045 ], [ -73.821264703427076, 40.607002850913119 ], [ -73.822360008760938, 40.606469261162694 ], [ -73.822904633777881, 40.60585127642446 ] ], [ [ -73.765308076057821, 40.605475315502979 ], [ -73.766795521528053, 40.60584612733264 ], [ -73.76581621062995, 40.605377582403619 ], [ -73.765308076057821, 40.605475315502979 ] ], [ [ -73.815402481105025, 40.606897793573431 ], [ -73.81541208966523, 40.606877088040726 ], [ -73.815346054885822, 40.606949558974861 ], [ -73.815402481105025, 40.606897793573431 ] ], [ [ -73.763611339248698, 40.611275515085914 ], [ -73.763973492909287, 40.611214781175164 ], [ -73.763632644505705, 40.611213375179382 ], [ -73.763611339248698, 40.611275515085914 ] ], [ [ -73.901642118560176, 40.605763360739481 ], [ -73.902214427659828, 40.610343315529512 ], [ -73.902721583638638, 40.610906933486703 ], [ -73.903074827122325, 40.610570062307382 ], [ -73.90260898077976, 40.609694191031167 ], [ -73.90294493999923, 40.609619884193798 ], [ -73.902884638580517, 40.609258306879937 ], [ -73.902286644603791, 40.608427099098797 ], [ -73.904505135441369, 40.607570586954601 ], [ -73.905416372930674, 40.606724101277997 ], [ -73.906365834695819, 40.606767404620285 ], [ -73.907122482138448, 40.606372375156759 ], [ -73.90597461177849, 40.606384028704348 ], [ -73.905205310457418, 40.604908182910023 ], [ -73.901642118560176, 40.605763360739481 ] ], [ [ -73.770565214078417, 40.604840409250961 ], [ -73.770530354624015, 40.604662139174636 ], [ -73.770400081034239, 40.605019797696748 ], [ -73.770565214078417, 40.604840409250961 ] ], [ [ -73.822689343863956, 40.604971506464906 ], [ -73.822807705658263, 40.603961705346819 ], [ -73.822595277705361, 40.603957002647178 ], [ -73.821819468634402, 40.604425954933625 ], [ -73.822689343863956, 40.604971506464906 ] ], [ [ -73.915427776654496, 40.605621316672568 ], [ -73.91329003999536, 40.60387843583743 ], [ -73.9109227002117, 40.603505476100736 ], [ -73.908325369011152, 40.604073373919171 ], [ -73.909520543779465, 40.605605759638472 ], [ -73.914933828302608, 40.605831124443768 ], [ -73.915427776654496, 40.605621316672568 ] ], [ [ -73.817295257687718, 40.603782629672082 ], [ -73.817941976308404, 40.602647163748792 ], [ -73.818150386788489, 40.601580668393218 ], [ -73.817295257687718, 40.603782629672082 ] ], [ [ -73.770259821672852, 40.602564874100445 ], [ -73.771118557870636, 40.600083458657274 ], [ -73.769534972089758, 40.600686226675059 ], [ -73.769438550823679, 40.602324577088091 ], [ -73.770259821672852, 40.602564874100445 ] ], [ [ -73.775564005850228, 40.601658073813574 ], [ -73.777295169443292, 40.599375798044676 ], [ -73.777090783655751, 40.598671675035511 ], [ -73.775698227196827, 40.59869433831085 ], [ -73.775924004297565, 40.598578633502797 ], [ -73.775039733765453, 40.598065253514477 ], [ -73.774982046560041, 40.598413692532453 ], [ -73.77464052610874, 40.598438585631691 ], [ -73.774595378443991, 40.598049034522461 ], [ -73.773819717517839, 40.598020718722417 ], [ -73.773477623656959, 40.597553863224057 ], [ -73.772826988345372, 40.597914507979567 ], [ -73.773632441059377, 40.598153123407215 ], [ -73.773744328390734, 40.59867015398158 ], [ -73.774222633792888, 40.599003784554014 ], [ -73.774109679563111, 40.599840621157412 ], [ -73.774742850433668, 40.600743783346253 ], [ -73.774868433576174, 40.60159263961652 ], [ -73.774972073537711, 40.601744487091992 ], [ -73.775564005850228, 40.601658073813574 ] ], [ [ -73.805111854798909, 40.597151047998132 ], [ -73.803684687615075, 40.595197790687607 ], [ -73.803314537952971, 40.595179560935577 ], [ -73.803651586244328, 40.595149547417371 ], [ -73.803895070067213, 40.594990875367259 ], [ -73.80321494251389, 40.595145647948087 ], [ -73.803200106891182, 40.594872846425353 ], [ -73.803384680361859, 40.594885260358708 ], [ -73.803651670805706, 40.594753143284237 ], [ -73.803724542673805, 40.594817111979971 ], [ -73.803655193134929, 40.594730642030143 ], [ -73.803377543036845, 40.594869041161658 ], [ -73.803196753649445, 40.594678199883276 ], [ -73.803508970422726, 40.594505800012335 ], [ -73.803440170412998, 40.594434209679477 ], [ -73.803185744044001, 40.594663002841713 ], [ -73.802345139115928, 40.59449597525812 ], [ -73.803287938930154, 40.59428211589173 ], [ -73.803242531711462, 40.594087239362942 ], [ -73.802568376010655, 40.594272266994246 ], [ -73.802513042829702, 40.593966851792395 ], [ -73.803165494647658, 40.593863133347405 ], [ -73.802509650872665, 40.593948128041546 ], [ -73.802396579745064, 40.593381727094787 ], [ -73.80112797516118, 40.593279294363597 ], [ -73.800750994421591, 40.593620105160426 ], [ -73.800306389741934, 40.593331691239449 ], [ -73.798879190450108, 40.593611910377113 ], [ -73.798753960450739, 40.593324899954695 ], [ -73.798194073274985, 40.593818203751866 ], [ -73.79826727980516, 40.594596686810441 ], [ -73.798589279180632, 40.59480955763248 ], [ -73.798127546344261, 40.595223679918028 ], [ -73.800454271140197, 40.596761382528335 ], [ -73.800625074960791, 40.5981316726253 ], [ -73.801374982161732, 40.598643611066912 ], [ -73.801252507400463, 40.597476106678691 ], [ -73.80416509377234, 40.597300385150533 ], [ -73.804335521349898, 40.597565253224396 ], [ -73.804308705793602, 40.597291963142119 ], [ -73.805111854798909, 40.597151047998132 ] ], [ [ -73.78999909505022, 40.596208943504514 ], [ -73.789713774671867, 40.594846993886094 ], [ -73.789676643707026, 40.5948568447726 ], [ -73.7895399967461, 40.59493706086829 ], [ -73.789432682713624, 40.594965372346856 ], [ -73.789460352443044, 40.594997466247953 ], [ -73.789673896758288, 40.594860475900241 ], [ -73.789698723608112, 40.596228039911445 ], [ -73.78999909505022, 40.596208943504514 ] ], [ [ -73.789402039180018, 40.59497934032602 ], [ -73.789335703065092, 40.595107490970683 ], [ -73.78934246051648, 40.595196180010852 ], [ -73.789402039180018, 40.59497934032602 ] ], [ [ -73.79028420225859, 40.595786206827249 ], [ -73.79014216381529, 40.594962077720268 ], [ -73.790258343034282, 40.595858743557528 ], [ -73.79028420225859, 40.595786206827249 ] ], [ [ -73.790212524923547, 40.596069068763654 ], [ -73.790176169444536, 40.5960602109419 ], [ -73.790178300672437, 40.5960713197057 ], [ -73.790212524923547, 40.596069068763654 ] ], [ [ -73.789869689594866, 40.594787872928848 ], [ -73.78989588911115, 40.594820736014462 ], [ -73.789873168045716, 40.594786645734054 ], [ -73.789869689594866, 40.594787872928848 ] ], [ [ -73.789906437047875, 40.594808623133304 ], [ -73.789907186158501, 40.594808598939053 ], [ -73.789905265153877, 40.594807359241024 ], [ -73.789906437047875, 40.594808623133304 ] ], [ [ -73.808917430087917, 40.592198787704149 ], [ -73.809349105586278, 40.592945807560426 ], [ -73.809616793743572, 40.593575726914636 ], [ -73.80973138393702, 40.592404186053351 ], [ -73.810039205846465, 40.593077909539069 ], [ -73.809859770488657, 40.592224154328292 ], [ -73.808917430087917, 40.592198787704149 ] ], [ [ -73.951813403653375, 40.595053249978918 ], [ -73.94958471491384, 40.593784887067386 ], [ -73.948066257157734, 40.595334041050862 ], [ -73.951109010086896, 40.596519618596176 ], [ -73.951404159051023, 40.597218639442517 ], [ -73.947882292109483, 40.601315966601483 ], [ -73.946991954693758, 40.601810943013916 ], [ -73.942942555949514, 40.600214909234197 ], [ -73.942431378930024, 40.600762866763091 ], [ -73.945211840331936, 40.602364773160907 ], [ -73.944151486301266, 40.603447920753311 ], [ -73.946310100490606, 40.604683595641532 ], [ -73.945719181419022, 40.60528428233529 ], [ -73.946015164256622, 40.606753666586279 ], [ -73.94650543417265, 40.607032679237818 ], [ -73.94453794086651, 40.609037574182651 ], [ -73.94490034410785, 40.609718662590197 ], [ -73.944954103229293, 40.611515495063301 ], [ -73.945520567676084, 40.611838513841938 ], [ -73.945140153514458, 40.612226349400224 ], [ -73.945393709850975, 40.613559267903014 ], [ -73.947344182228193, 40.61409563685072 ], [ -73.947134624773085, 40.614566302501096 ], [ -73.94793876223271, 40.615285252019646 ], [ -73.946870206090139, 40.61543880298084 ], [ -73.947090137560423, 40.616049305130296 ], [ -73.946729721630788, 40.616231547264981 ], [ -73.946759489602087, 40.617027436991542 ], [ -73.945309162016017, 40.618502881775463 ], [ -73.944246753972649, 40.618272787239093 ], [ -73.944331268920791, 40.618721187593856 ], [ -73.947900993106018, 40.620758061698837 ], [ -73.95014328419758, 40.618474984591849 ], [ -73.953964615076899, 40.620653963684859 ], [ -73.955115055329259, 40.619482833398202 ], [ -73.954624808857943, 40.618603599086946 ], [ -73.955208206272502, 40.6172257465483 ], [ -73.95774002893755, 40.616069125239498 ], [ -73.959819369023023, 40.616873140380875 ], [ -73.959666659740662, 40.616061679379861 ], [ -73.959003089738829, 40.615680027192305 ], [ -73.961876028641129, 40.612753200372879 ], [ -73.962283802489154, 40.612984737012134 ], [ -73.96283635307276, 40.612424675139358 ], [ -73.965301930377223, 40.613620756176076 ], [ -73.96331992352286, 40.612495312464091 ], [ -73.963878694301954, 40.611921171567964 ], [ -73.960792934803138, 40.610162919576162 ], [ -73.961287464073067, 40.609657176912869 ], [ -73.961053696456048, 40.608445513621611 ], [ -73.960036726005143, 40.608030208275387 ], [ -73.962660511362103, 40.605849161185049 ], [ -73.961920815468247, 40.605332299008474 ], [ -73.963243551340753, 40.603988643939807 ], [ -73.96196407531589, 40.604073161233622 ], [ -73.96180177174098, 40.60365678264187 ], [ -73.960726857805568, 40.604662309752065 ], [ -73.960974124236685, 40.605442672704093 ], [ -73.958984489919075, 40.607468867148967 ], [ -73.956733407912438, 40.606186362262278 ], [ -73.955181778024993, 40.607766535705551 ], [ -73.95409923128291, 40.607147812964051 ], [ -73.952863047008265, 40.607219119339149 ], [ -73.952727608921663, 40.60636687922527 ], [ -73.951600735574772, 40.605134593040219 ], [ -73.950081720017607, 40.60426827020958 ], [ -73.953802715333424, 40.600473983723838 ], [ -73.954997126640848, 40.600671224311583 ], [ -73.955679701054748, 40.600007112259277 ], [ -73.956127122809093, 40.600260823143699 ], [ -73.956370840807892, 40.600011710829286 ], [ -73.95464216106204, 40.599022414814158 ], [ -73.954416965372076, 40.598263502734738 ], [ -73.952392807203523, 40.597109871192529 ], [ -73.95627517267944, 40.593155590152001 ], [ -73.958721448249904, 40.594095997904518 ], [ -73.959488565117951, 40.594681236144169 ], [ -73.960111741768287, 40.594621537643285 ], [ -73.959908266552276, 40.594503134747207 ], [ -73.960260595581659, 40.594159454058016 ], [ -73.959788295166675, 40.593861055138831 ], [ -73.961240730599812, 40.592382097280357 ], [ -73.960295521008362, 40.591639430558956 ], [ -73.961877447611371, 40.590035818465552 ], [ -73.960581783829454, 40.590306076761586 ], [ -73.959116638010073, 40.5893647427853 ], [ -73.958641645753588, 40.589906590009946 ], [ -73.958218037829653, 40.589671234018205 ], [ -73.956526634713214, 40.589585288738647 ], [ -73.953803842219301, 40.588024414596596 ], [ -73.953416742243817, 40.588067751434721 ], [ -73.953251956994748, 40.587195077685848 ], [ -73.953912385603047, 40.58731074029572 ], [ -73.953840176799488, 40.586679532746807 ], [ -73.952855751326084, 40.58675975837113 ], [ -73.952549115639698, 40.586225479272102 ], [ -73.952358197132313, 40.586532831030503 ], [ -73.950010912108766, 40.585625190178938 ], [ -73.950103589229826, 40.586129901534939 ], [ -73.948921686773147, 40.586260723733488 ], [ -73.948503578820123, 40.58491009297763 ], [ -73.94539032352084, 40.585148094649249 ], [ -73.945400057954771, 40.585489011768985 ], [ -73.944272090058973, 40.585250388858832 ], [ -73.94392480261736, 40.585608241105874 ], [ -73.943460017713875, 40.585343945441743 ], [ -73.941660803391812, 40.585871554060709 ], [ -73.943417753627671, 40.586865073109621 ], [ -73.943352321869867, 40.587776794854676 ], [ -73.944118946570569, 40.588213534231095 ], [ -73.944367140282282, 40.587961047910099 ], [ -73.946552902230394, 40.58770302911374 ], [ -73.946952506972664, 40.588608529839789 ], [ -73.949253348669941, 40.58802820152696 ], [ -73.949345517980191, 40.58851389521741 ], [ -73.947126807867321, 40.588758039804347 ], [ -73.948653978667252, 40.5897145089886 ], [ -73.950406033747598, 40.587738241754643 ], [ -73.951345032874769, 40.587503723484254 ], [ -73.955501775940661, 40.590002858992008 ], [ -73.954099171173368, 40.591441686439701 ], [ -73.955342295827236, 40.591763195669358 ], [ -73.955498501533356, 40.592588980092678 ], [ -73.954382318083105, 40.593153139720357 ], [ -73.952734854311743, 40.594824295617016 ], [ -73.952288603222087, 40.594569966421844 ], [ -73.951813403653375, 40.595053249978918 ] ], [ [ -73.935940988614988, 40.589367368011736 ], [ -73.936965320501542, 40.588316265603261 ], [ -73.935867679949141, 40.587695643909548 ], [ -73.937110796852011, 40.586420649986948 ], [ -73.936848716771919, 40.58638498727089 ], [ -73.934792350853002, 40.588486822203706 ], [ -73.934857615429337, 40.58883423350953 ], [ -73.935940988614988, 40.589367368011736 ] ], [ [ -73.825046878382793, 40.586351006807917 ], [ -73.822278373764277, 40.587204518379366 ], [ -73.823155588366049, 40.58748797034918 ], [ -73.825248827067597, 40.586900869423317 ], [ -73.825046878382793, 40.586351006807917 ] ], [ [ -73.974180889306609, 40.588406689396493 ], [ -73.973997852596909, 40.589038140748826 ], [ -73.975139976562446, 40.589601320656676 ], [ -73.975333229127074, 40.589064347962591 ], [ -73.975653565470196, 40.589006286606377 ], [ -73.978926123629464, 40.590325065312939 ], [ -73.977253830947717, 40.589631039141381 ], [ -73.978371708835397, 40.588735172236099 ], [ -73.982549748164132, 40.588279142178543 ], [ -73.982196771591532, 40.586994035411458 ], [ -73.983317570257555, 40.586446935702924 ], [ -73.983049650421606, 40.585046604032982 ], [ -73.982692399443621, 40.584844119375454 ], [ -73.983184551475546, 40.583856642059239 ], [ -73.977425253356955, 40.582906592669005 ], [ -73.971351711645625, 40.583731669023102 ], [ -73.972624685612004, 40.584469607905092 ], [ -73.974256697802446, 40.584551679762448 ], [ -73.974343440471628, 40.585422304673003 ], [ -73.975790238968614, 40.585687967801228 ], [ -73.975783794826114, 40.585859404511488 ], [ -73.974570630174611, 40.585905626543607 ], [ -73.973427230757608, 40.587103811179198 ], [ -73.974378325849386, 40.587198677597293 ], [ -73.974473585927882, 40.587675292999293 ], [ -73.975679259411336, 40.587827352145048 ], [ -73.975663723892808, 40.58810932522897 ], [ -73.974180889306609, 40.588406689396493 ] ], [ [ -73.946181397666052, 40.583734162635054 ], [ -73.945371644888056, 40.584562930434458 ], [ -73.947510953761608, 40.584397930449583 ], [ -73.94738175500278, 40.583711736177989 ], [ -73.946181397666052, 40.583734162635054 ] ], [ [ -73.971695312564165, 40.583451770724388 ], [ -73.971306017462808, 40.583658046985953 ], [ -73.972120253643851, 40.583370737617628 ], [ -73.971695312564165, 40.583451770724388 ] ], [ [ -73.957106202999213, 40.581573027495104 ], [ -73.959769191641186, 40.583292779478263 ], [ -73.960628496265684, 40.582928919520249 ], [ -73.961158192814835, 40.582420826090868 ], [ -73.961168227564244, 40.58164763221157 ], [ -73.96039029396772, 40.581863291819268 ], [ -73.959969416876106, 40.582312759522502 ], [ -73.958968547889583, 40.58163836159126 ], [ -73.957106202999213, 40.581573027495104 ] ], [ [ -73.934113653732155, 40.583085502426123 ], [ -73.93420971487005, 40.582979798390852 ], [ -73.93397395101259, 40.582973802189315 ], [ -73.934113653732155, 40.583085502426123 ] ], [ [ -73.835854281263437, 40.581460518205091 ], [ -73.836248718973977, 40.58104479652247 ], [ -73.834892619531473, 40.581470299991921 ], [ -73.835854281263437, 40.581460518205091 ] ], [ [ -73.932101660352032, 40.579809570035806 ], [ -73.932640748047817, 40.581276719973872 ], [ -73.933624127497382, 40.581134283855079 ], [ -73.933482859036829, 40.580938067412625 ], [ -73.932599334483797, 40.580945232732311 ], [ -73.932101660352032, 40.579809570035806 ] ], [ [ -73.854049115909859, 40.580363212115017 ], [ -73.854238566403424, 40.580511334554267 ], [ -73.854313017746136, 40.580472067922273 ], [ -73.854049115909859, 40.580363212115017 ] ], [ [ -74.007624567230764, 40.581767790277958 ], [ -74.011479285601823, 40.580078406901258 ], [ -74.012350359951313, 40.579221820653814 ], [ -74.013027154544091, 40.577850894564101 ], [ -74.01201540257037, 40.574885052474237 ], [ -74.011156687951754, 40.574166761858784 ], [ -74.010074107854209, 40.573830809517737 ], [ -74.010470167902142, 40.574419167806965 ], [ -74.009740175045081, 40.576142040508785 ], [ -74.010005439212165, 40.577044630295596 ], [ -74.009687192917028, 40.577101060105363 ], [ -74.009402934172854, 40.576201839105821 ], [ -74.00884677881254, 40.576330617730385 ], [ -74.008019434298902, 40.577143984240642 ], [ -74.007076496767311, 40.577169927258318 ], [ -74.005890596446093, 40.57838085789075 ], [ -74.005323628915093, 40.578057663137663 ], [ -74.004839685251014, 40.579141488423112 ], [ -74.005882026417353, 40.579182776827537 ], [ -74.007305932933406, 40.579956383015656 ], [ -74.00742364946899, 40.580569502612747 ], [ -74.006571446457997, 40.581405481187417 ], [ -74.006675483525115, 40.581903198637406 ], [ -74.007624567230764, 40.581767790277958 ] ], [ [ -73.99315761249953, 40.579397667027095 ], [ -73.991778306256066, 40.579239972663146 ], [ -73.993187942416881, 40.57954945360607 ], [ -73.99315761249953, 40.579397667027095 ] ], [ [ -73.93191471835901, 40.579268920190529 ], [ -73.932136905872099, 40.578992788827783 ], [ -73.931816700726856, 40.578918447297681 ], [ -73.93191471835901, 40.579268920190529 ] ], [ [ -73.858206261570089, 40.577264800535019 ], [ -73.857469177792495, 40.578711463602353 ], [ -73.857277260799918, 40.578905117645022 ], [ -73.859504243373621, 40.577724494862039 ], [ -73.859310979611479, 40.577027114269285 ], [ -73.858928793539818, 40.57691369190352 ], [ -73.858678509558715, 40.577404610447601 ], [ -73.858206261570089, 40.577264800535019 ] ], [ [ -73.931062884016512, 40.576163099718585 ], [ -73.931398346836545, 40.577375450414522 ], [ -73.931246651524802, 40.576213346417234 ], [ -73.931590992800096, 40.575808144834248 ], [ -73.933048233277802, 40.575592094057136 ], [ -73.931502567440376, 40.575660505126898 ], [ -73.931062884016512, 40.576163099718585 ] ], [ [ -73.974453100502046, 40.575949616430201 ], [ -73.973624385020528, 40.577979418733314 ], [ -73.974991990549128, 40.578121552663475 ], [ -73.975258242422996, 40.576249866538298 ], [ -73.974453100502046, 40.575949616430201 ] ], [ [ -73.836346519961708, 40.576599557192139 ], [ -73.843903722348244, 40.573938381607121 ], [ -73.843859862284859, 40.573858560525117 ], [ -73.837784913049632, 40.575923683475494 ], [ -73.836346519961708, 40.576599557192139 ] ], [ [ -73.956295612695172, 40.573834984654695 ], [ -73.956434985385869, 40.573997927667577 ], [ -73.956345334545915, 40.573797578291973 ], [ -73.956295612695172, 40.573834984654695 ] ], [ [ -74.107700002670313, 40.580262282807865 ], [ -74.113618477065472, 40.575773924377131 ], [ -74.113298438071766, 40.575346611104358 ], [ -74.113567561107246, 40.575162128549856 ], [ -74.114077103412711, 40.575442533477336 ], [ -74.119894613400035, 40.571249959044842 ], [ -74.120282517613887, 40.571473892108543 ], [ -74.114565583159674, 40.575711343201704 ], [ -74.118183194350152, 40.575141736268783 ], [ -74.119198324578662, 40.575283392109526 ], [ -74.119233098942743, 40.574116076971968 ], [ -74.121210487839861, 40.573162954672007 ], [ -74.121351226800655, 40.572744476008261 ], [ -74.122661740444073, 40.573335781177363 ], [ -74.12261725443517, 40.573067571152002 ], [ -74.123920398917107, 40.572833409493043 ], [ -74.123039868685296, 40.571710743287092 ], [ -74.122908375236548, 40.570495859801355 ], [ -74.12380470869914, 40.570253146742544 ], [ -74.123269503674109, 40.570006053352202 ], [ -74.123589517414246, 40.569128351597044 ], [ -74.122445394252765, 40.568766237238449 ], [ -74.123796223850817, 40.567271653775414 ], [ -74.123673098313162, 40.566466839386401 ], [ -74.122934222669713, 40.565684255973636 ], [ -74.122703004568635, 40.564816152944402 ], [ -74.123052546731017, 40.563945501261308 ], [ -74.121553907104484, 40.563998974804349 ], [ -74.120854505421519, 40.56476581739566 ], [ -74.120572587253832, 40.564668169757809 ], [ -74.12085840279417, 40.563627173010595 ], [ -74.119737643579427, 40.5642798295018 ], [ -74.119465677884833, 40.564091306588885 ], [ -74.120210008146685, 40.563355866376689 ], [ -74.119632219317921, 40.560137578939603 ], [ -74.120138856598231, 40.560099565649367 ], [ -74.119513369912781, 40.559517379540658 ], [ -74.12050300935789, 40.558918438218264 ], [ -74.121681755535633, 40.558687288059531 ], [ -74.121896468630794, 40.558025556308642 ], [ -74.120938085086962, 40.557434942411255 ], [ -74.121545318468804, 40.556524043611262 ], [ -74.121660537385338, 40.55566178702302 ], [ -74.122470646299945, 40.555099074490613 ], [ -74.1211672223004, 40.554293124144074 ], [ -74.12113670565995, 40.553829737991535 ], [ -74.122789316541727, 40.554665151759977 ], [ -74.122970546936244, 40.554537571331252 ], [ -74.118816643595792, 40.552326536542509 ], [ -74.117281698228325, 40.55381499327143 ], [ -74.117105962759439, 40.553265869547602 ], [ -74.117246554429727, 40.554370796334908 ], [ -74.117094108081716, 40.554129510001232 ], [ -74.113684352105139, 40.550948084608493 ], [ -74.112749552330726, 40.55143532523671 ], [ -74.112031949104491, 40.550754377183523 ], [ -74.111854514643781, 40.550930803931806 ], [ -74.112474865291674, 40.551410869618536 ], [ -74.108617656475616, 40.553645662103314 ], [ -74.105344046488042, 40.556624887605501 ], [ -74.105944341887565, 40.556252305075397 ], [ -74.107664486950171, 40.557391220655333 ], [ -74.10773628202486, 40.557038722152249 ], [ -74.108822794963302, 40.556265118967517 ], [ -74.10726751987437, 40.555012504286623 ], [ -74.109792120625059, 40.55320418689292 ], [ -74.114033657406964, 40.557281113630857 ], [ -74.113162637172408, 40.557738953648325 ], [ -74.11266870773035, 40.557286175443899 ], [ -74.111642593949341, 40.557918107863898 ], [ -74.111951120700198, 40.558322198407645 ], [ -74.113742895813004, 40.558462828795022 ], [ -74.113849114607035, 40.559393280056035 ], [ -74.114519035957031, 40.5597142332104 ], [ -74.114445524803884, 40.560376224278258 ], [ -74.115331847309108, 40.561572852736944 ], [ -74.115554886439426, 40.562711219664997 ], [ -74.115692081971005, 40.563517141590154 ], [ -74.114919872796605, 40.56425579343513 ], [ -74.112568173974012, 40.562928516256548 ], [ -74.111745966285994, 40.563998706405549 ], [ -74.112125159164023, 40.565513230438683 ], [ -74.111369651258642, 40.566233714336541 ], [ -74.110018203855958, 40.56613797874828 ], [ -74.109847667798817, 40.566441417438106 ], [ -74.110622804858778, 40.567204277071681 ], [ -74.111462258918777, 40.566670855003331 ], [ -74.111524148683856, 40.566933218949103 ], [ -74.111859670850521, 40.566767879454936 ], [ -74.11310228383708, 40.567047413265719 ], [ -74.114282138984123, 40.572885306358636 ], [ -74.11187041750091, 40.573210794109549 ], [ -74.112337168782446, 40.575230322050587 ], [ -74.111744685330336, 40.575310164861669 ], [ -74.111852017041031, 40.575807357521612 ], [ -74.107094261454364, 40.57632527556563 ], [ -74.107700002670313, 40.580262282807865 ] ], [ [ -74.104344232090327, 40.57256699566161 ], [ -74.105525190184096, 40.571621466251273 ], [ -74.107274106494103, 40.571378950425832 ], [ -74.107059854998312, 40.570109678734894 ], [ -74.106535941287603, 40.570116383952872 ], [ -74.103466349801423, 40.571527503979461 ], [ -74.10311222860777, 40.572006324070429 ], [ -74.104344232090327, 40.57256699566161 ] ], [ [ -74.001983968883636, 40.569596541321289 ], [ -74.002409667848326, 40.571385049800284 ], [ -74.002085476397284, 40.569585983985057 ], [ -74.001983968883636, 40.569596541321289 ] ], [ [ -73.883557218526889, 40.568603545625443 ], [ -73.883691950437196, 40.568395359723411 ], [ -73.883672305762261, 40.568363723678885 ], [ -73.883425406956093, 40.568417257315616 ], [ -73.883557218526889, 40.568603545625443 ] ], [ [ -73.886691148652119, 40.568430709822223 ], [ -73.886739964821942, 40.568196582617851 ], [ -73.886082009271462, 40.568464310537507 ], [ -73.886691148652119, 40.568430709822223 ] ], [ [ -73.88399326079103, 40.568511799404924 ], [ -73.883973341983889, 40.568416965135746 ], [ -73.88393360842187, 40.56840942725465 ], [ -73.88399326079103, 40.568511799404924 ] ], [ [ -73.884336847748145, 40.568487934478064 ], [ -73.884340281865434, 40.568486576820334 ], [ -73.884335104935872, 40.568485594720975 ], [ -73.884336847748145, 40.568487934478064 ] ], [ [ -74.159616831426902, 40.55600644889428 ], [ -74.160361196348703, 40.556022102027249 ], [ -74.160887898076609, 40.55540045292328 ], [ -74.162379698476528, 40.554715483366181 ], [ -74.16331117834622, 40.553141215492921 ], [ -74.164493895591036, 40.553885936183093 ], [ -74.165482233665045, 40.55377184009231 ], [ -74.164795431562382, 40.55313695557124 ], [ -74.165964039916346, 40.551868486046914 ], [ -74.165755627335457, 40.550808453164159 ], [ -74.167263657210242, 40.549189307371002 ], [ -74.169394439960357, 40.5490017225397 ], [ -74.17357166913763, 40.551257632894902 ], [ -74.17320807041834, 40.551652504115104 ], [ -74.173789129287997, 40.551968866111451 ], [ -74.170773071505664, 40.555205906354558 ], [ -74.169179184357148, 40.555417108031108 ], [ -74.172078608823384, 40.556591653606176 ], [ -74.173335463927813, 40.556046253721149 ], [ -74.17434026573811, 40.556598667194535 ], [ -74.175834886387619, 40.554244142901396 ], [ -74.175334046836895, 40.551769312709318 ], [ -74.17715924418674, 40.551746564902565 ], [ -74.178350151816275, 40.549350560514647 ], [ -74.178128033890673, 40.549236497605627 ], [ -74.179778777713381, 40.547247438365268 ], [ -74.179082342751727, 40.546781586849839 ], [ -74.179542738011861, 40.546405346847365 ], [ -74.179438600588654, 40.54603382089774 ], [ -74.17742568187424, 40.544500240123881 ], [ -74.177073822986031, 40.544803835212029 ], [ -74.176131215328311, 40.544949755811786 ], [ -74.175928455607675, 40.54416494261649 ], [ -74.174728239299881, 40.54382444198226 ], [ -74.175336751710788, 40.543001673973883 ], [ -74.174778577997131, 40.541933127317215 ], [ -74.1735504335428, 40.541726913113102 ], [ -74.173865533561397, 40.543194936622932 ], [ -74.172646024070559, 40.543374025938839 ], [ -74.171042081346741, 40.544033007994948 ], [ -74.168772294129951, 40.543000458023727 ], [ -74.166548785688661, 40.544031925338054 ], [ -74.164327087684569, 40.543387352670599 ], [ -74.165260552471707, 40.5442396087887 ], [ -74.159327210031563, 40.547300590612309 ], [ -74.159000205539485, 40.546811008779102 ], [ -74.157070787938864, 40.547210619732667 ], [ -74.159294583490095, 40.546021549206358 ], [ -74.158949688514213, 40.545395169561196 ], [ -74.16054629995574, 40.544348092065036 ], [ -74.163457628512205, 40.543778723307895 ], [ -74.161692441877619, 40.541994520166355 ], [ -74.162527502728338, 40.541502706961381 ], [ -74.164216311528961, 40.543281022069223 ], [ -74.163790974846904, 40.540686095474172 ], [ -74.163327267305277, 40.540015150867248 ], [ -74.161319879742123, 40.539740635911819 ], [ -74.160856718619513, 40.539405927732304 ], [ -74.159047115085443, 40.539375349953879 ], [ -74.158389688982354, 40.538678182466526 ], [ -74.158455171374314, 40.538342898240991 ], [ -74.157417121907216, 40.538814860441505 ], [ -74.158380661807186, 40.538256920410447 ], [ -74.158714847053815, 40.536648730679239 ], [ -74.156828708566962, 40.536765057407898 ], [ -74.156079747904371, 40.537517267525324 ], [ -74.155125947378195, 40.536920091307636 ], [ -74.154220380291989, 40.537013817225379 ], [ -74.154453016347986, 40.538248284101776 ], [ -74.153860981607622, 40.540942223806951 ], [ -74.151735240484882, 40.540750167485704 ], [ -74.149688047122012, 40.540926839754917 ], [ -74.149912178473272, 40.543264009383016 ], [ -74.149399830917645, 40.543745338554601 ], [ -74.150252516474268, 40.544046719344443 ], [ -74.151086645813834, 40.543607814476985 ], [ -74.153499317225027, 40.544223618719137 ], [ -74.154409453238458, 40.544932149707073 ], [ -74.156244567388242, 40.545123719473672 ], [ -74.15614993000078, 40.54569463870093 ], [ -74.156961109868831, 40.546504455832419 ], [ -74.156297077511283, 40.546700487983472 ], [ -74.155980776613418, 40.546537580293453 ], [ -74.15666092939253, 40.547303897953164 ], [ -74.154418841014362, 40.548770902323348 ], [ -74.15451466032853, 40.550594813135213 ], [ -74.153836971007323, 40.549830642726704 ], [ -74.153134467158949, 40.550181374544039 ], [ -74.153569892876092, 40.551041278798017 ], [ -74.152305611977852, 40.550275090610121 ], [ -74.151207703736446, 40.550554438053886 ], [ -74.150839576914862, 40.549963095327293 ], [ -74.151224234970996, 40.549585983593431 ], [ -74.150573946643689, 40.549486659661241 ], [ -74.149866087361502, 40.548255705102463 ], [ -74.149908716282468, 40.54697645327159 ], [ -74.149206815925027, 40.546096054303881 ], [ -74.14900243482532, 40.546746665423342 ], [ -74.14957364232167, 40.547578432010702 ], [ -74.148291226734926, 40.548152235793069 ], [ -74.147988142211503, 40.548958269728367 ], [ -74.149579411824035, 40.5501522036663 ], [ -74.150328263047982, 40.550043485136165 ], [ -74.150217820659549, 40.550332492798887 ], [ -74.155051436451998, 40.552284525920619 ], [ -74.153806294200578, 40.55429920111618 ], [ -74.154684749513763, 40.554087261420385 ], [ -74.155895621492917, 40.554429349122422 ], [ -74.159616831426902, 40.55600644889428 ] ], [ [ -74.144963369586705, 40.548051654982551 ], [ -74.146405193465881, 40.547929988452026 ], [ -74.146791100520488, 40.547797416544171 ], [ -74.145092947181695, 40.547439803034898 ], [ -74.144963369586705, 40.548051654982551 ] ], [ [ -74.140233156264287, 40.543543339738726 ], [ -74.140872332659825, 40.542959982784019 ], [ -74.140190820949869, 40.543510988940028 ], [ -74.140233156264287, 40.543543339738726 ] ], [ [ -74.141845587448671, 40.537304350441694 ], [ -74.141945984652452, 40.537071733635763 ], [ -74.141582876908927, 40.537087577952427 ], [ -74.141845587448671, 40.537304350441694 ] ], [ [ -74.187356748201111, 40.540123109110645 ], [ -74.187309009993385, 40.540669922638493 ], [ -74.186559357240156, 40.541054209744807 ], [ -74.187029357662283, 40.541500102440715 ], [ -74.186839316338776, 40.542396143783861 ], [ -74.187846926214192, 40.542116655001266 ], [ -74.188094928095339, 40.542634837533548 ], [ -74.186689140575695, 40.543026463734428 ], [ -74.185834814172708, 40.544009772715157 ], [ -74.185466319901721, 40.543834389161134 ], [ -74.184356140484994, 40.545100573126341 ], [ -74.182772146502842, 40.545474826067249 ], [ -74.182160683275768, 40.546206204563148 ], [ -74.183006950558394, 40.546155491605404 ], [ -74.183886583185966, 40.546813388543193 ], [ -74.183530635459277, 40.54808946206591 ], [ -74.183919323794825, 40.549495117180847 ], [ -74.18455885181946, 40.549393545811441 ], [ -74.184323252871664, 40.548478233034494 ], [ -74.188451940613703, 40.547951300014176 ], [ -74.189152556262655, 40.547172252569389 ], [ -74.190061167986244, 40.547867059058277 ], [ -74.192982660056586, 40.54765292526077 ], [ -74.193504609906853, 40.547072096979662 ], [ -74.192247906815425, 40.546447022355309 ], [ -74.19175731911993, 40.545500882580704 ], [ -74.193903190323638, 40.542018646274535 ], [ -74.194831010303403, 40.542355380189719 ], [ -74.196028171986441, 40.542032039089413 ], [ -74.196471592599408, 40.541324039020637 ], [ -74.199925258353645, 40.542873857994856 ], [ -74.198991158509671, 40.544022142683829 ], [ -74.199442872760997, 40.544986479044439 ], [ -74.200264538978118, 40.545310239967748 ], [ -74.199050657799987, 40.546852591069843 ], [ -74.199051549597925, 40.547715208761844 ], [ -74.19645509175885, 40.54846418414683 ], [ -74.195556363503485, 40.547738083733329 ], [ -74.194108537310328, 40.547384201517112 ], [ -74.195119155431115, 40.547865033851267 ], [ -74.195023880550806, 40.548586847883399 ], [ -74.196036196181836, 40.549512844330899 ], [ -74.196867353992488, 40.549611780070933 ], [ -74.197807468677439, 40.550834327851867 ], [ -74.199010028737035, 40.55067832190678 ], [ -74.199099611405131, 40.55089960030945 ], [ -74.196520916246328, 40.551968862152698 ], [ -74.197595517444938, 40.552556276307378 ], [ -74.198087849350642, 40.553686617650477 ], [ -74.198697411171239, 40.553540337568734 ], [ -74.199638230157433, 40.553844721703243 ], [ -74.200730843870986, 40.555144102264499 ], [ -74.201794501357114, 40.554666748466111 ], [ -74.203327258304043, 40.555382239882775 ], [ -74.200028363074409, 40.548154561607817 ], [ -74.201392084619584, 40.54783936763981 ], [ -74.201333668563876, 40.547258283129523 ], [ -74.2023729607197, 40.547043355978253 ], [ -74.202476312245835, 40.547320781653021 ], [ -74.204404334232805, 40.546063120774264 ], [ -74.203636794169896, 40.544244262951743 ], [ -74.206036637836874, 40.543709255006156 ], [ -74.210732407050088, 40.555088906552193 ], [ -74.208308291771971, 40.555784856545721 ], [ -74.205144466627218, 40.555974400654939 ], [ -74.203827049071748, 40.556469553233029 ], [ -74.203244193972083, 40.557027164870561 ], [ -74.202465470738915, 40.556783878497072 ], [ -74.200765190793746, 40.557360308850491 ], [ -74.199480116156735, 40.558630714015415 ], [ -74.199481950818608, 40.559120214437648 ], [ -74.200178193774036, 40.559345300338464 ], [ -74.203984500759191, 40.556617484571518 ], [ -74.204928239731657, 40.557205489553155 ], [ -74.209946646455933, 40.555872619732561 ], [ -74.213079990714405, 40.554643266634223 ], [ -74.212915582229186, 40.55426073929555 ], [ -74.215781767034585, 40.552536312380418 ], [ -74.218179749621683, 40.550421845070261 ], [ -74.217914183153951, 40.549836537015764 ], [ -74.218963323156515, 40.549607200329959 ], [ -74.220013860911152, 40.548277419780447 ], [ -74.219712537834695, 40.547975498929034 ], [ -74.220164133953702, 40.547338531574326 ], [ -74.220674326968847, 40.547370879956958 ], [ -74.221581297326722, 40.546001598398206 ], [ -74.222584307282489, 40.543918407635495 ], [ -74.223150991500944, 40.543703783919824 ], [ -74.223774955764284, 40.541686383768415 ], [ -74.221966094979152, 40.541516377660592 ], [ -74.219568490632398, 40.539986028978156 ], [ -74.219292901449762, 40.539459051345048 ], [ -74.217781960007287, 40.540127157246268 ], [ -74.218962402001566, 40.540837017322481 ], [ -74.218158125626218, 40.5422151115432 ], [ -74.217713793702501, 40.542349407085744 ], [ -74.215958605355269, 40.544714511675828 ], [ -74.212834410975432, 40.543182490958991 ], [ -74.208837999715996, 40.54354981739619 ], [ -74.20851950596105, 40.542780321106534 ], [ -74.20983770762237, 40.542712418441035 ], [ -74.20857753060524, 40.541692715626965 ], [ -74.203797166877536, 40.539917546318598 ], [ -74.202721743782362, 40.54014178631521 ], [ -74.201919085968939, 40.538718250515338 ], [ -74.201366781704763, 40.538385801621338 ], [ -74.200427297265861, 40.538438595994748 ], [ -74.199398995636187, 40.538058144952643 ], [ -74.200016613464811, 40.537040645915347 ], [ -74.199020850257511, 40.536616020270763 ], [ -74.199786172451738, 40.535403234128012 ], [ -74.197817483234275, 40.534698007136079 ], [ -74.19616557469574, 40.535168423124595 ], [ -74.195467343359653, 40.534825242291632 ], [ -74.193560251812642, 40.535406172263755 ], [ -74.193771692585102, 40.535833847144822 ], [ -74.191353237606009, 40.536664859266658 ], [ -74.190381118381879, 40.537203925664834 ], [ -74.189244867450654, 40.538195228675683 ], [ -74.18927872942443, 40.538594574680154 ], [ -74.188716314759844, 40.538745869253908 ], [ -74.187356748201111, 40.540123109110645 ] ], [ [ -74.144425292415463, 40.536286777435251 ], [ -74.14435599410794, 40.536425810748433 ], [ -74.14464485701285, 40.536442670814083 ], [ -74.144425292415463, 40.536286777435251 ] ], [ [ -74.192364841514348, 40.534411023980205 ], [ -74.191052316821271, 40.535004105315892 ], [ -74.190037157325378, 40.535974147809227 ], [ -74.191711127672505, 40.534736066567007 ], [ -74.193584831467405, 40.534176463961749 ], [ -74.193096766270159, 40.533545676277875 ], [ -74.192121777526353, 40.533893584478406 ], [ -74.192364841514348, 40.534411023980205 ] ], [ [ -74.144824061626466, 40.535796775702714 ], [ -74.145158225577305, 40.536036720427226 ], [ -74.145190867015543, 40.536036258931752 ], [ -74.145497506172205, 40.535791629169054 ], [ -74.145175797847116, 40.536028205892777 ], [ -74.144824061626466, 40.535796775702714 ] ], [ [ -74.144555073239303, 40.535946931272093 ], [ -74.144556156273907, 40.535971098150554 ], [ -74.144614811632565, 40.535899981537654 ], [ -74.144555073239303, 40.535946931272093 ] ], [ [ -74.191762903971622, 40.533972987457574 ], [ -74.190420566837929, 40.533215953166852 ], [ -74.190663549877755, 40.534456246225652 ], [ -74.1902898377718, 40.534166199595099 ], [ -74.190275271672036, 40.534458399665169 ], [ -74.188849227162919, 40.535140656516411 ], [ -74.188784664286914, 40.53559841990846 ], [ -74.189456154798592, 40.535790777834777 ], [ -74.190818865614929, 40.534496467896126 ], [ -74.190919073162377, 40.534703395194043 ], [ -74.189699329165009, 40.535867526479507 ], [ -74.191762903971622, 40.533972987457574 ] ], [ [ -74.145996696150831, 40.535390392811848 ], [ -74.145959318850984, 40.535448719721195 ], [ -74.146074856739659, 40.535378873728192 ], [ -74.145996696150831, 40.535390392811848 ] ], [ [ -74.175401686162701, 40.534498659697022 ], [ -74.17577833567222, 40.534186257306075 ], [ -74.175332000300415, 40.534370388114979 ], [ -74.175401686162701, 40.534498659697022 ] ], [ [ -74.175293736977011, 40.533909199234614 ], [ -74.175566959620511, 40.533964658798546 ], [ -74.175485162178248, 40.533832822767941 ], [ -74.175293736977011, 40.533909199234614 ] ], [ [ -74.160184139472449, 40.533518054473461 ], [ -74.161359083794864, 40.530627619753758 ], [ -74.160907576777234, 40.530531997769081 ], [ -74.160592110279097, 40.530685495079119 ], [ -74.160342958396868, 40.530503964967004 ], [ -74.160029698596759, 40.530814998128058 ], [ -74.160184139472449, 40.533518054473461 ] ], [ [ -74.15449818893731, 40.530317742762833 ], [ -74.15390200414754, 40.530918639409883 ], [ -74.154647622750659, 40.530892370033413 ], [ -74.15449818893731, 40.530317742762833 ] ], [ [ -74.178732700880332, 40.531270058253583 ], [ -74.180022999148562, 40.533056519069909 ], [ -74.179379360296309, 40.533302899177876 ], [ -74.178122639623723, 40.531562906555941 ], [ -74.179063090712404, 40.53348119391287 ], [ -74.179370955804487, 40.533551499549567 ], [ -74.181751778061283, 40.532522838551081 ], [ -74.181946159805719, 40.532778107244688 ], [ -74.181943596903224, 40.532443191763655 ], [ -74.182584633534191, 40.532189978061446 ], [ -74.183019323013099, 40.53266153004494 ], [ -74.18375282971013, 40.532612932781618 ], [ -74.183214917686001, 40.531922005639615 ], [ -74.183951491821801, 40.530902030526995 ], [ -74.183096159993198, 40.529784939181312 ], [ -74.184637578770491, 40.529090223269904 ], [ -74.184177577257415, 40.528487282090985 ], [ -74.182658742721557, 40.529213641982508 ], [ -74.182272762137657, 40.528709514815141 ], [ -74.1827573338647, 40.528513940904844 ], [ -74.182545634659434, 40.528129263395087 ], [ -74.18285992907829, 40.528273469339496 ], [ -74.183575832728465, 40.527985893428607 ], [ -74.183400580751595, 40.527751186568594 ], [ -74.184064650448065, 40.527457512747681 ], [ -74.185357982579035, 40.529189548886698 ], [ -74.185003020469097, 40.529343274569911 ], [ -74.185483733577186, 40.529357951082517 ], [ -74.186223492887763, 40.530348587204536 ], [ -74.18640739511504, 40.5301193011341 ], [ -74.185638133610468, 40.529285058474358 ], [ -74.1862674977598, 40.529018783465524 ], [ -74.18664116007713, 40.529506216041888 ], [ -74.186330641230214, 40.529644787889474 ], [ -74.186512268903329, 40.529881713223034 ], [ -74.186822753303233, 40.529601432774044 ], [ -74.186331311535938, 40.528833630087277 ], [ -74.187274669463548, 40.52859123835993 ], [ -74.18629395456162, 40.527177905638951 ], [ -74.187035600070274, 40.528470446493621 ], [ -74.186323706967528, 40.528771596754481 ], [ -74.186101345226547, 40.528479087102447 ], [ -74.186413615778051, 40.528342823770139 ], [ -74.185740362450957, 40.528004217138104 ], [ -74.185980433396409, 40.527772981210241 ], [ -74.185668165804174, 40.527909243368256 ], [ -74.184608016386235, 40.526853818272741 ], [ -74.186138560654243, 40.528850583603138 ], [ -74.185509198755142, 40.529116857906722 ], [ -74.183950606111694, 40.527083474923288 ], [ -74.183873494633218, 40.526858700105848 ], [ -74.184459626805207, 40.526540168969625 ], [ -74.183728002348232, 40.526653724783436 ], [ -74.183264826987994, 40.526008262117685 ], [ -74.183537259598012, 40.526723035713481 ], [ -74.182905940679674, 40.526952436639817 ], [ -74.182438333227537, 40.526300786894147 ], [ -74.182717744010347, 40.52702081910406 ], [ -74.182078290301362, 40.527253169542767 ], [ -74.181701028714031, 40.527073123588863 ], [ -74.181881525350917, 40.527324664746047 ], [ -74.181178192018592, 40.52758021714218 ], [ -74.181042428912107, 40.527279628613172 ], [ -74.180600319066457, 40.527286484238367 ], [ -74.181139596996985, 40.528250860298932 ], [ -74.180105528221716, 40.529060779311465 ], [ -74.180880888485916, 40.530102905979284 ], [ -74.180452087675505, 40.53027674003841 ], [ -74.17978140273631, 40.529314639816683 ], [ -74.180273586534753, 40.530348227156836 ], [ -74.179631549644213, 40.530605350475938 ], [ -74.179102474763098, 40.529846378337162 ], [ -74.179488942948424, 40.530725528570564 ], [ -74.178026494753681, 40.531299261687515 ], [ -74.178111544854758, 40.531514132952232 ], [ -74.178732700880332, 40.531270058253583 ] ], [ [ -74.164538503506307, 40.529681998003319 ], [ -74.163002507660792, 40.529326075246132 ], [ -74.162742038470824, 40.530038967976999 ], [ -74.163132674805254, 40.530122045041985 ], [ -74.164538503506307, 40.529681998003319 ] ], [ [ -74.154807098219251, 40.530173835449077 ], [ -74.154496523664321, 40.530102166861212 ], [ -74.154677406104781, 40.53028071041836 ], [ -74.154807098219251, 40.530173835449077 ] ], [ [ -74.156076391731062, 40.529516309107422 ], [ -74.156603654948626, 40.528940097302929 ], [ -74.15618731918201, 40.528611371090875 ], [ -74.156430455691549, 40.529003175870159 ], [ -74.155731534349201, 40.529600904029884 ], [ -74.155470855862291, 40.529477505972601 ], [ -74.155618098223414, 40.529675156134132 ], [ -74.156076391731062, 40.529516309107422 ] ], [ [ -74.207300765501543, 40.52204073902336 ], [ -74.207341695826727, 40.521575686475828 ], [ -74.206772756833587, 40.521671681246985 ], [ -74.206890418825978, 40.521412095635881 ], [ -74.206640272868455, 40.521340137235221 ], [ -74.205640086372881, 40.521905867430398 ], [ -74.205212827403258, 40.521320770120951 ], [ -74.204851253299879, 40.521320446089263 ], [ -74.205296919927093, 40.521217557599591 ], [ -74.20591695364179, 40.521547612712226 ], [ -74.206536698835507, 40.521307172399602 ], [ -74.207170375859846, 40.521456972059418 ], [ -74.207428113247076, 40.520773750184922 ], [ -74.208570152363578, 40.52050165293705 ], [ -74.208942755967129, 40.519570363847031 ], [ -74.208372070817674, 40.519344508853429 ], [ -74.208100530507849, 40.518817793668532 ], [ -74.207595427451778, 40.518982849000075 ], [ -74.207675822936224, 40.519502029011576 ], [ -74.207233262079214, 40.518647263151159 ], [ -74.206901787803488, 40.51874983366335 ], [ -74.207128244248011, 40.519263322283209 ], [ -74.206408544371044, 40.51800510989613 ], [ -74.207850160082458, 40.517602962573974 ], [ -74.208540030440517, 40.51894114447461 ], [ -74.208227432452446, 40.517712108172368 ], [ -74.207190535727321, 40.516968064073936 ], [ -74.205905003393013, 40.516660761287085 ], [ -74.204737446488039, 40.516898530555807 ], [ -74.20328804499114, 40.516302132007411 ], [ -74.203289539996234, 40.515100375926771 ], [ -74.203948193051744, 40.514080964154935 ], [ -74.20388596854221, 40.513871346373406 ], [ -74.202721372382385, 40.514148807026643 ], [ -74.202581440187728, 40.513916505408261 ], [ -74.203615570091586, 40.513422472077913 ], [ -74.203948456943607, 40.512910039686524 ], [ -74.201343773335736, 40.513416143324712 ], [ -74.200174591822872, 40.513301022453447 ], [ -74.200978110468128, 40.514851777985207 ], [ -74.202577845055075, 40.516371277745115 ], [ -74.203085109604771, 40.516431982223963 ], [ -74.202981025777177, 40.516947975696539 ], [ -74.203654470510401, 40.517772611625951 ], [ -74.203403203670248, 40.518663449091072 ], [ -74.204060124858799, 40.518498370250455 ], [ -74.204219086552826, 40.518960135578915 ], [ -74.203878172962789, 40.519052224755207 ], [ -74.203739439507729, 40.520612946155794 ], [ -74.204659824074227, 40.521298755169816 ], [ -74.204819384818393, 40.522112724218395 ], [ -74.204049143753664, 40.5222676616957 ], [ -74.204162149833479, 40.522750965616567 ], [ -74.203573708381285, 40.522862056446506 ], [ -74.20363043787728, 40.523113626236778 ], [ -74.202535708358312, 40.523321233385211 ], [ -74.20235542239071, 40.522809103469989 ], [ -74.20076152189877, 40.523234809428537 ], [ -74.200026052072516, 40.523965008856919 ], [ -74.197823261601144, 40.523480782699011 ], [ -74.199162277334011, 40.525639996214103 ], [ -74.197446217461334, 40.527386417206742 ], [ -74.199418200300855, 40.52811165534694 ], [ -74.199293247819639, 40.529309777413673 ], [ -74.200406769949765, 40.530194758492534 ], [ -74.201267532826549, 40.529950530971888 ], [ -74.200959857779409, 40.528922770755806 ], [ -74.20212104461713, 40.52859454934304 ], [ -74.203287648433459, 40.528398103678967 ], [ -74.2038658063329, 40.529217123821134 ], [ -74.204451370214059, 40.529511381359676 ], [ -74.204999456889823, 40.52891569494772 ], [ -74.205355636738858, 40.527366628795498 ], [ -74.206112504504702, 40.527277520190175 ], [ -74.206097843902299, 40.527461742089429 ], [ -74.207435014232288, 40.526570413521085 ], [ -74.207428903768957, 40.525262318342087 ], [ -74.208080847136472, 40.524367226680738 ], [ -74.208613727705398, 40.524412276628169 ], [ -74.210948310898715, 40.523486919410594 ], [ -74.211209836078979, 40.523505788221414 ], [ -74.211510167764914, 40.524400003551889 ], [ -74.21235592359622, 40.524625579377819 ], [ -74.213587450134327, 40.524532516558359 ], [ -74.214022717158883, 40.526832824346954 ], [ -74.215724503162363, 40.52638075379582 ], [ -74.219029542387261, 40.527405761116121 ], [ -74.221696502501516, 40.525602075781364 ], [ -74.223652684970077, 40.525441309280161 ], [ -74.223987757846842, 40.523267845917445 ], [ -74.224689332921486, 40.523232281439441 ], [ -74.224821006264321, 40.522993310499693 ], [ -74.223984558601842, 40.522869520886843 ], [ -74.22499766006743, 40.520460661347613 ], [ -74.226706246326117, 40.52011680275411 ], [ -74.226280311387654, 40.519986187029488 ], [ -74.222236498553229, 40.521083508203397 ], [ -74.222323444728559, 40.520780117687984 ], [ -74.223741890747448, 40.520496502664024 ], [ -74.221541131485068, 40.520727249683404 ], [ -74.221511057671293, 40.520275923408121 ], [ -74.221187674146336, 40.520764304640515 ], [ -74.219682451408389, 40.520922095418634 ], [ -74.219322679234779, 40.521092239309922 ], [ -74.221644338066213, 40.520850761128102 ], [ -74.221266489144327, 40.521412072496261 ], [ -74.218003490257772, 40.522269226835647 ], [ -74.218134708588735, 40.523026081893214 ], [ -74.217741762342442, 40.523974354945935 ], [ -74.216343365549932, 40.523881738097153 ], [ -74.215600062912969, 40.52446694264215 ], [ -74.214504777566049, 40.523412741607622 ], [ -74.214058484785653, 40.523866696186062 ], [ -74.212818398904304, 40.523745153736328 ], [ -74.212720945248691, 40.522974839847933 ], [ -74.211137495807264, 40.523157459989115 ], [ -74.210509397865735, 40.522872295855379 ], [ -74.210301804359815, 40.523038512937362 ], [ -74.210279458298743, 40.522838438553471 ], [ -74.209521278254314, 40.523102677528769 ], [ -74.207681362693535, 40.52186393339813 ], [ -74.207300765501543, 40.52204073902336 ] ], [ [ -74.197552796516121, 40.52329861999209 ], [ -74.197408545852326, 40.523210693060939 ], [ -74.197823261601144, 40.523480782699011 ], [ -74.197552796516121, 40.52329861999209 ] ], [ [ -74.215984005028162, 40.520132191939311 ], [ -74.216926032339387, 40.519524680396785 ], [ -74.218945004079529, 40.519141143346587 ], [ -74.217848882069305, 40.515774722964842 ], [ -74.219064337263717, 40.515526065265931 ], [ -74.218477833169473, 40.513661496828014 ], [ -74.217834161181585, 40.5133402147382 ], [ -74.212569624389232, 40.514008559610588 ], [ -74.214260504259684, 40.519912226254846 ], [ -74.214511304076566, 40.520249413823336 ], [ -74.215984005028162, 40.520132191939311 ] ], [ [ -74.210370607321366, 40.514680023470312 ], [ -74.210019486644427, 40.513715493126028 ], [ -74.209492270574799, 40.513559474198004 ], [ -74.207745282609537, 40.514830731052591 ], [ -74.208509562916674, 40.515702585872923 ], [ -74.209448344691907, 40.514910498262353 ], [ -74.210370607321366, 40.514680023470312 ] ], [ [ -74.228819339418123, 40.518258569531149 ], [ -74.22911567078998, 40.518226345777059 ], [ -74.228464927401063, 40.516983207567307 ], [ -74.229138571082487, 40.516813965087941 ], [ -74.229741507710813, 40.517960546009164 ], [ -74.230013215377184, 40.517739178809322 ], [ -74.229283767263865, 40.516754391329457 ], [ -74.230066326293255, 40.516311079564758 ], [ -74.229793693119262, 40.515656156414352 ], [ -74.230111072500236, 40.515521126984545 ], [ -74.229684795147122, 40.515394559159802 ], [ -74.22998039451376, 40.515207209542282 ], [ -74.229592232304569, 40.515172201318791 ], [ -74.230271468505563, 40.515006556574342 ], [ -74.230515146066892, 40.51559000409874 ], [ -74.230477606508799, 40.514952173945758 ], [ -74.231127358664651, 40.514792835796428 ], [ -74.23041928786644, 40.514794744782236 ], [ -74.229778968812951, 40.513251445511109 ], [ -74.229308786518914, 40.512877089182027 ], [ -74.228695349625852, 40.513027246281723 ], [ -74.228184328047007, 40.511749691658345 ], [ -74.228809087952925, 40.511596762752966 ], [ -74.228781716513438, 40.511393559976284 ], [ -74.228121206417583, 40.51155952661032 ], [ -74.2273524359844, 40.50999773507781 ], [ -74.227166103868896, 40.510235587803884 ], [ -74.227915025992417, 40.511607953504942 ], [ -74.227230591610621, 40.51177949768055 ], [ -74.227529058763764, 40.51158913094897 ], [ -74.227374058458295, 40.511223515034601 ], [ -74.227031308364801, 40.511309421709271 ], [ -74.226783252952089, 40.510724290275832 ], [ -74.226623597412811, 40.510928085274685 ], [ -74.227602744561366, 40.513294544702454 ], [ -74.226927858128207, 40.513466555269574 ], [ -74.226705452245952, 40.512936117717466 ], [ -74.226423845996536, 40.51298539599486 ], [ -74.226654863238664, 40.51353637172177 ], [ -74.225963641686903, 40.513712537802299 ], [ -74.225522654022839, 40.513177079815584 ], [ -74.225766886666761, 40.513759595962341 ], [ -74.225460869667458, 40.513837586470828 ], [ -74.225554162768773, 40.514055847133456 ], [ -74.225858256430257, 40.513977519607771 ], [ -74.226630462400735, 40.515792904996403 ], [ -74.226329494894841, 40.515869697381127 ], [ -74.226673847960555, 40.515956347782193 ], [ -74.227200683729237, 40.517083997459288 ], [ -74.227006093215635, 40.5173298340871 ], [ -74.227285318697568, 40.517261546221313 ], [ -74.22806930828051, 40.51830127266723 ], [ -74.227491893794621, 40.517203518262143 ], [ -74.228174944150851, 40.517035632514698 ], [ -74.228819339418123, 40.518258569531149 ] ], [ [ -74.207365258341483, 40.512105418754288 ], [ -74.207774425903096, 40.512274434342253 ], [ -74.208303678613163, 40.511929853583041 ], [ -74.207365258341483, 40.512105418754288 ] ], [ [ -74.19316595564554, 40.511847699090531 ], [ -74.193002194873287, 40.512009507901837 ], [ -74.193226724763477, 40.511973821646571 ], [ -74.19316595564554, 40.511847699090531 ] ], [ [ -74.197677522063572, 40.510753147754883 ], [ -74.197791545320186, 40.510738436824312 ], [ -74.197706573532642, 40.510665366536706 ], [ -74.197677522063572, 40.510753147754883 ] ], [ [ -74.24429835217606, 40.51851500310778 ], [ -74.245634731699397, 40.518075580745688 ], [ -74.245208615283502, 40.517289743624239 ], [ -74.246749971940545, 40.516495613240501 ], [ -74.246125608766874, 40.516116596447041 ], [ -74.247518118355259, 40.515735864778691 ], [ -74.248221716945721, 40.516486019747539 ], [ -74.248545892916752, 40.516169917148453 ], [ -74.248759583809985, 40.516356221132881 ], [ -74.248647646321018, 40.51611262849682 ], [ -74.249622703661075, 40.515574729435542 ], [ -74.249215287419545, 40.5150848612979 ], [ -74.249843745940524, 40.515518050208932 ], [ -74.250111711228485, 40.515044819853792 ], [ -74.252125913970545, 40.513710379800031 ], [ -74.25195197554136, 40.512997002043299 ], [ -74.253010693569252, 40.51218630845522 ], [ -74.252181213476817, 40.511362785368974 ], [ -74.252522404185129, 40.511103906460114 ], [ -74.253092869642302, 40.511410765935395 ], [ -74.25311581967712, 40.510774714682867 ], [ -74.251996142081694, 40.511289006885008 ], [ -74.250246345481528, 40.510943864676833 ], [ -74.24929737029403, 40.511286886006829 ], [ -74.248068048161002, 40.510588631807416 ], [ -74.247311701702742, 40.509490490534183 ], [ -74.247193593313511, 40.510737514320105 ], [ -74.246700533154893, 40.511091189584263 ], [ -74.245738490074103, 40.511504038624501 ], [ -74.244904413681937, 40.511058277318291 ], [ -74.243670331988099, 40.511591929353138 ], [ -74.242921740426326, 40.51087349190032 ], [ -74.242084062607418, 40.510762661098653 ], [ -74.242309713396637, 40.510302067725299 ], [ -74.241461999536767, 40.508563244778564 ], [ -74.239940756411485, 40.51057760441612 ], [ -74.238330306306381, 40.511127079755695 ], [ -74.238244638146782, 40.512396996489755 ], [ -74.237036818923613, 40.512663629775368 ], [ -74.238184384330353, 40.512972654419286 ], [ -74.237810729789302, 40.515059022115047 ], [ -74.237978347202016, 40.517320983155479 ], [ -74.2371853127202, 40.518018729505208 ], [ -74.23517755643887, 40.516819522370447 ], [ -74.236020455829689, 40.519562062643821 ], [ -74.239849776846654, 40.520001684819391 ], [ -74.240238455693103, 40.518729184450763 ], [ -74.241259686750283, 40.519180469320439 ], [ -74.242324778334478, 40.518326525524365 ], [ -74.24429835217606, 40.51851500310778 ] ], [ [ -74.231156563754155, 40.519549570356382 ], [ -74.23185847365319, 40.519939920119981 ], [ -74.233092441758728, 40.519922193895155 ], [ -74.233118119302006, 40.52058408022274 ], [ -74.232210420966226, 40.520741469326431 ], [ -74.231352323421874, 40.521525222268444 ], [ -74.231119171951406, 40.522453715725 ], [ -74.229876794591902, 40.522399015881071 ], [ -74.228914902084767, 40.521905267651306 ], [ -74.227682656725264, 40.521995637301345 ], [ -74.22691449152633, 40.521183264436267 ], [ -74.227258310930736, 40.520436502063035 ], [ -74.227031039670194, 40.520208084271651 ], [ -74.226680999542154, 40.520395999944242 ], [ -74.226518333391198, 40.521282475713676 ], [ -74.226868586726496, 40.521226894085544 ], [ -74.227231976378945, 40.524057153885316 ], [ -74.226818102121186, 40.52404770527032 ], [ -74.226837456570763, 40.52447542710307 ], [ -74.22770710928971, 40.525120159404835 ], [ -74.229304162265578, 40.52518281728873 ], [ -74.229413431012816, 40.524672791139977 ], [ -74.229310281039474, 40.525188612591805 ], [ -74.227704840827968, 40.525125625626046 ], [ -74.226837140449945, 40.524483752875554 ], [ -74.226800644515095, 40.525791572975443 ], [ -74.230369613952206, 40.525558540447804 ], [ -74.23044011521138, 40.524610229884367 ], [ -74.233737426083209, 40.52477080939429 ], [ -74.234465714608376, 40.524599664361965 ], [ -74.234949495383347, 40.524919940991232 ], [ -74.238095990218113, 40.524564606412561 ], [ -74.238769271114322, 40.525039991115037 ], [ -74.239267902590726, 40.525028179786226 ], [ -74.239299105528218, 40.526281147180839 ], [ -74.241352092765453, 40.527449852708671 ], [ -74.242283317907862, 40.527488536532893 ], [ -74.242871788690493, 40.528212688557979 ], [ -74.243338839498918, 40.525853805681251 ], [ -74.243968359049433, 40.524998933585259 ], [ -74.243300953323228, 40.524773729046721 ], [ -74.242801570097512, 40.5240072967893 ], [ -74.242583757051207, 40.522198648496627 ], [ -74.24293235102364, 40.521227161131492 ], [ -74.241332196413779, 40.520894517578895 ], [ -74.241172935521973, 40.52106013143208 ], [ -74.240555843075171, 40.520447528900121 ], [ -74.239782325206761, 40.520222508686906 ], [ -74.239459484209405, 40.52127941606264 ], [ -74.235384431317797, 40.520961986723314 ], [ -74.235092291809721, 40.521128431755535 ], [ -74.233745849506647, 40.520094511985675 ], [ -74.233575841299384, 40.519194725316602 ], [ -74.232917935271388, 40.518771246097749 ], [ -74.231683153759249, 40.519017089137648 ], [ -74.231156563754155, 40.519549570356382 ] ], [ [ -74.22449699463499, 40.519255714419707 ], [ -74.224037175707963, 40.519316226987783 ], [ -74.225265305549641, 40.519507748359409 ], [ -74.22449699463499, 40.519255714419707 ] ], [ [ -74.233473571840676, 40.514497473727452 ], [ -74.234197874761847, 40.513914531316637 ], [ -74.233641746327422, 40.512986676275126 ], [ -74.233343390229237, 40.514050645052443 ], [ -74.233473571840676, 40.514497473727452 ] ], [ [ -74.231040666021329, 40.514460110595572 ], [ -74.231003781877021, 40.51432086981869 ], [ -74.230982781376653, 40.51432060148435 ], [ -74.231040666021329, 40.514460110595572 ] ], [ [ -74.230960092378112, 40.514138687997843 ], [ -74.230890581628955, 40.514098390100074 ], [ -74.230976264005676, 40.514304893715931 ], [ -74.230960092378112, 40.514138687997843 ] ], [ [ -74.228425984288677, 40.510485985951028 ], [ -74.228758892511792, 40.511269256797185 ], [ -74.228793589443313, 40.511350888677391 ], [ -74.228655925958449, 40.510491792440959 ], [ -74.228425984288677, 40.510485985951028 ] ], [ [ -74.229373553569502, 40.510401060776452 ], [ -74.22944369048345, 40.510350927467712 ], [ -74.229353178313914, 40.510353030842865 ], [ -74.229373553569502, 40.510401060776452 ] ], [ [ -74.226801555703929, 40.509248552743401 ], [ -74.226817300731639, 40.509290119920998 ], [ -74.226812537948732, 40.509246173708391 ], [ -74.226801555703929, 40.509248552743401 ] ], [ [ -74.211290929476135, 40.508930372086724 ], [ -74.211013464041841, 40.5093078073333 ], [ -74.211444228026835, 40.508744647967688 ], [ -74.211290929476135, 40.508930372086724 ] ], [ [ -74.232375428668547, 40.531851102725845 ], [ -74.232233134925551, 40.532048804114339 ], [ -74.230062997452848, 40.531849699409349 ], [ -74.229942788497624, 40.53291389116125 ], [ -74.226454867812819, 40.532452828451738 ], [ -74.22648791312632, 40.532667842754243 ], [ -74.230112871267636, 40.533165111826477 ], [ -74.229642945412522, 40.535850967498384 ], [ -74.228982239401518, 40.535752487696179 ], [ -74.231988687820333, 40.536552849335067 ], [ -74.233776160592896, 40.536057655605845 ], [ -74.235992817062581, 40.536491004666637 ], [ -74.237092408772057, 40.53735931639293 ], [ -74.237455650955852, 40.538427771929058 ], [ -74.235891152846392, 40.53919057624995 ], [ -74.2357704201888, 40.539564225042305 ], [ -74.235852784397352, 40.539841661984347 ], [ -74.237478694685734, 40.540030708070987 ], [ -74.23721611805513, 40.541930750228111 ], [ -74.234924136739437, 40.543064614032943 ], [ -74.235436396067044, 40.543666213691381 ], [ -74.234951635728947, 40.543267950303495 ], [ -74.234876668517643, 40.544406307896274 ], [ -74.232368708122877, 40.545438592698105 ], [ -74.232615719077018, 40.546224141649049 ], [ -74.233923703640258, 40.54768120461685 ], [ -74.232013612330562, 40.551962023988153 ], [ -74.23072971071268, 40.552026360894438 ], [ -74.229873207847859, 40.550507630184441 ], [ -74.22758862957977, 40.549606241694875 ], [ -74.229037055489457, 40.552303960350969 ], [ -74.228216356801553, 40.553231431870927 ], [ -74.226786730844594, 40.55298048583068 ], [ -74.224853530933359, 40.54924894059571 ], [ -74.225633832921957, 40.551360617358533 ], [ -74.224867177527528, 40.552527708422794 ], [ -74.223501331622643, 40.552352885842346 ], [ -74.222952435151427, 40.551034670402288 ], [ -74.222305488336431, 40.55194718262198 ], [ -74.219880934292235, 40.551570226935013 ], [ -74.219514221695576, 40.550614467612334 ], [ -74.21631891301513, 40.55345715861143 ], [ -74.214045626307623, 40.554837858220353 ], [ -74.214371390115886, 40.555588065557153 ], [ -74.213501755609514, 40.55566761760138 ], [ -74.213302706710309, 40.555205215001145 ], [ -74.207880099163802, 40.557073245360655 ], [ -74.205696051573454, 40.558516005600495 ], [ -74.213764673177451, 40.556396943827941 ], [ -74.214623404781207, 40.556913361718387 ], [ -74.21501817201802, 40.556755638379954 ], [ -74.214740531988198, 40.556242389132144 ], [ -74.217753423919007, 40.555005285278817 ], [ -74.218707676257182, 40.556041015194772 ], [ -74.218593257828076, 40.554674210247825 ], [ -74.218958326330622, 40.554857582913222 ], [ -74.219217163710937, 40.555796970381216 ], [ -74.219080608994986, 40.554847002700576 ], [ -74.219743569967804, 40.554612672573832 ], [ -74.220621759489546, 40.555898820502577 ], [ -74.22097904527034, 40.555911800054474 ], [ -74.221298646044602, 40.555366224685585 ], [ -74.221570066131932, 40.555648982957791 ], [ -74.22179863887051, 40.555417070759113 ], [ -74.222574868672581, 40.55540620977839 ], [ -74.223194705271638, 40.555795560990603 ], [ -74.226114205584864, 40.556252367092739 ], [ -74.227436827305326, 40.556038533516485 ], [ -74.228161549924806, 40.556376517429335 ], [ -74.228724299746077, 40.556297016636663 ], [ -74.229319541858857, 40.555491587465355 ], [ -74.230755113115748, 40.555536657539086 ], [ -74.2322911293316, 40.553363697975755 ], [ -74.23334188482491, 40.552499710613795 ], [ -74.234898658668698, 40.553005217172618 ], [ -74.23639962086493, 40.552335333192048 ], [ -74.236164731361171, 40.551429424661769 ], [ -74.236414597269686, 40.550508223952455 ], [ -74.237619635333985, 40.550123469079885 ], [ -74.238371913701187, 40.549141566813063 ], [ -74.240391828100513, 40.547663310173768 ], [ -74.242203184630668, 40.546948677295063 ], [ -74.242935859290156, 40.547113219245269 ], [ -74.243638072106307, 40.547666195234001 ], [ -74.246137437687025, 40.545696446932013 ], [ -74.248034637356881, 40.543093240441486 ], [ -74.247677781054904, 40.54312540330146 ], [ -74.246486148816643, 40.54221339265424 ], [ -74.245602056983202, 40.540949594577434 ], [ -74.245393762199129, 40.539551674715746 ], [ -74.244427489878973, 40.538016433397665 ], [ -74.245341093346482, 40.537057796466023 ], [ -74.245233014512138, 40.536780614572443 ], [ -74.2442384253482, 40.536929658939449 ], [ -74.244327805384387, 40.537839938155649 ], [ -74.244572626660073, 40.53834086033639 ], [ -74.241731789277125, 40.537948061199643 ], [ -74.241565511165447, 40.536719699172529 ], [ -74.244058416341872, 40.536694652949365 ], [ -74.244129171080857, 40.536206470632848 ], [ -74.242603439066855, 40.536405797383267 ], [ -74.242333905420267, 40.535515686698375 ], [ -74.243037090580032, 40.535443098648948 ], [ -74.242045702860082, 40.534346377050525 ], [ -74.24217799663235, 40.532576138476664 ], [ -74.241763987451662, 40.532353867771441 ], [ -74.24090161554949, 40.532895424708634 ], [ -74.239859516729922, 40.531879903052143 ], [ -74.240119725800639, 40.529564776756906 ], [ -74.239300566736475, 40.530160113195095 ], [ -74.237740256513447, 40.529067970302556 ], [ -74.235466853946022, 40.528964913771603 ], [ -74.23487920089083, 40.529595285717853 ], [ -74.236942821151118, 40.529608699619779 ], [ -74.236891761313814, 40.530085035545483 ], [ -74.235945371708453, 40.529971615661637 ], [ -74.235822538871432, 40.531494950517285 ], [ -74.235350488708477, 40.531432327300813 ], [ -74.235327728921789, 40.532641731102444 ], [ -74.234798109174918, 40.53258861883301 ], [ -74.234830173412107, 40.532000478688119 ], [ -74.232375428668547, 40.531851102725845 ] ], [ [ -74.222718025573641, 40.548247815826223 ], [ -74.225242992868033, 40.547284319746943 ], [ -74.224335238217705, 40.545515773584285 ], [ -74.222718025573641, 40.548247815826223 ] ], [ [ -74.22779260071168, 40.544800101444871 ], [ -74.226712269797488, 40.544973052506506 ], [ -74.227291082302784, 40.546220831680955 ], [ -74.227757649546945, 40.545130923868854 ], [ -74.228038583417018, 40.545116837915671 ], [ -74.22779260071168, 40.544800101444871 ] ], [ [ -74.231400768000981, 40.543472837793004 ], [ -74.232611769888706, 40.543454072859156 ], [ -74.233055738499885, 40.543166814100765 ], [ -74.232057987828099, 40.542797041230578 ], [ -74.231400768000981, 40.543472837793004 ] ], [ [ -74.224014921650721, 40.541680675037057 ], [ -74.223751952134307, 40.542622966776598 ], [ -74.223429723231035, 40.54359821664525 ], [ -74.224083887755512, 40.543350453418761 ], [ -74.224386375016337, 40.54243488532034 ], [ -74.224586244165877, 40.541711109045131 ], [ -74.224014921650721, 40.541680675037057 ] ], [ [ -74.234835584702651, 40.543157712475981 ], [ -74.234806289728752, 40.543125386573529 ], [ -74.234761994147405, 40.543148229307874 ], [ -74.234835584702651, 40.543157712475981 ] ], [ [ -74.215196218333531, 40.537955062476726 ], [ -74.215142363107219, 40.538411611112593 ], [ -74.215607930348042, 40.538007559868603 ], [ -74.215196218333531, 40.537955062476726 ] ], [ [ -74.220802308890626, 40.534511202566719 ], [ -74.22099268316326, 40.535237460241916 ], [ -74.220931697181825, 40.533946377860893 ], [ -74.219987935575659, 40.534045613870497 ], [ -74.220802308890626, 40.534511202566719 ] ], [ [ -74.187512611546893, 40.531841532085473 ], [ -74.189825766624523, 40.53239214912481 ], [ -74.189983947782778, 40.531474448000317 ], [ -74.187894226625488, 40.530975480155135 ], [ -74.188019097994456, 40.531320693722115 ], [ -74.187707137661491, 40.531459423814638 ], [ -74.187470357240031, 40.531147985770019 ], [ -74.186971942255283, 40.531350826677233 ], [ -74.187512611546893, 40.531841532085473 ] ], [ [ -74.185984413528558, 40.531041354245701 ], [ -74.186237483906979, 40.531176536474241 ], [ -74.186188970874682, 40.531114149857736 ], [ -74.185984413528558, 40.531041354245701 ] ], [ [ -74.232723577029816, 40.530630811926976 ], [ -74.22697389086504, 40.53087597292437 ], [ -74.226925108857074, 40.531361357895506 ], [ -74.229635305857371, 40.531598742066777 ], [ -74.229692572837337, 40.531052164715739 ], [ -74.232652998749472, 40.531346989834617 ], [ -74.232723577029816, 40.530630811926976 ] ], [ [ -74.177777219031583, 40.521902597497537 ], [ -74.177356106933061, 40.522171929296256 ], [ -74.177268356056274, 40.523295260936244 ], [ -74.175802463307519, 40.523864865055984 ], [ -74.177193793114384, 40.525166781777365 ], [ -74.178401258132808, 40.525032388592848 ], [ -74.178376484808666, 40.523113693163019 ], [ -74.177777219031583, 40.521902597497537 ] ], [ [ -74.17067681046872, 40.523173059807192 ], [ -74.169997112273236, 40.523045772451418 ], [ -74.168870361883521, 40.523579338362445 ], [ -74.17031520093731, 40.524004597329252 ], [ -74.17067681046872, 40.523173059807192 ] ], [ [ -74.196777581009329, 40.522366399020271 ], [ -74.196725594342183, 40.521875875856217 ], [ -74.197096665633865, 40.521717119395419 ], [ -74.197042309195908, 40.521702210121951 ], [ -74.196569275351251, 40.521948717508103 ], [ -74.196777581009329, 40.522366399020271 ] ], [ [ -74.200185940209764, 40.520830118940616 ], [ -74.199990036497496, 40.521140075282943 ], [ -74.200434493784329, 40.521873835260784 ], [ -74.200860372145399, 40.521795801788713 ], [ -74.200185940209764, 40.520830118940616 ] ], [ [ -74.182082155041599, 40.522499641580573 ], [ -74.182424791185866, 40.523416523427301 ], [ -74.183282581355812, 40.523995205611996 ], [ -74.182835949700717, 40.523267357085771 ], [ -74.182082155041599, 40.522499641580573 ] ], [ [ -74.177711772073707, 40.519325931480239 ], [ -74.177619921366329, 40.51932993503619 ], [ -74.177477133304308, 40.519467269481567 ], [ -74.177711772073707, 40.519325931480239 ] ], [ [ -74.189014861215441, 40.554027092494898 ], [ -74.189277437696759, 40.554482551497266 ], [ -74.188568215767958, 40.554936260560432 ], [ -74.189403362231658, 40.554616504566802 ], [ -74.189919007674249, 40.555116156608761 ], [ -74.189208666131535, 40.555570583768024 ], [ -74.189391069798106, 40.555751238817024 ], [ -74.190103842109266, 40.555295254904181 ], [ -74.190486877012034, 40.555666397835836 ], [ -74.189769063958906, 40.556125607323487 ], [ -74.189913386353908, 40.556280763870625 ], [ -74.190640717766286, 40.555815463626828 ], [ -74.191028392628169, 40.556191096081847 ], [ -74.190305598358492, 40.556653495147685 ], [ -74.191149890073163, 40.556308818071777 ], [ -74.191551097522833, 40.556697555029736 ], [ -74.190841915842128, 40.557151247350447 ], [ -74.191038398823267, 40.557333644113655 ], [ -74.19174262189135, 40.556883124222246 ], [ -74.192150244001041, 40.557278068316805 ], [ -74.191448127403163, 40.557714698336994 ], [ -74.192275775645399, 40.557405411707286 ], [ -74.192674251295529, 40.557787252157475 ], [ -74.191992532021175, 40.558211198846465 ], [ -74.192804247030466, 40.557911820156683 ], [ -74.1932076896355, 40.558298409701436 ], [ -74.192542384145852, 40.558712151552186 ], [ -74.193335424743807, 40.558420808826881 ], [ -74.193716457849561, 40.558785919787226 ], [ -74.191288385184663, 40.560409798452774 ], [ -74.191927779364363, 40.560076264144286 ], [ -74.192381177782892, 40.560493539574281 ], [ -74.191567126622346, 40.561158019077112 ], [ -74.1924757315102, 40.560581021416354 ], [ -74.192932050515978, 40.561001437115031 ], [ -74.192068216731116, 40.561692383807021 ], [ -74.193023571240801, 40.561087321560713 ], [ -74.193296978181223, 40.561340779735062 ], [ -74.193183029921457, 40.561026710008775 ], [ -74.195097749046425, 40.559786722459251 ], [ -74.194150675873971, 40.558849860699809 ], [ -74.194433613975932, 40.558680216996031 ], [ -74.195343420881457, 40.559580211899103 ], [ -74.19574097395008, 40.559246026880601 ], [ -74.19486519982172, 40.558379702506514 ], [ -74.195380473737302, 40.558065923222998 ], [ -74.195146567362073, 40.557909892736248 ], [ -74.194677010236148, 40.558196720087281 ], [ -74.192668788799025, 40.556290600916419 ], [ -74.193185007828433, 40.555960338198005 ], [ -74.192997035892702, 40.555772497700154 ], [ -74.192495705887694, 40.556093234248735 ], [ -74.191054627279016, 40.554686990454712 ], [ -74.191532712456848, 40.554381129012874 ], [ -74.191339982146644, 40.554207083179953 ], [ -74.190872968007668, 40.554505862213496 ], [ -74.190133265958238, 40.55403001724131 ], [ -74.190712728590057, 40.554608376186295 ], [ -74.190160725548807, 40.554961519581639 ], [ -74.189014861215441, 40.554027092494898 ] ], [ [ -74.197804474397188, 40.560344703419801 ], [ -74.197666501603067, 40.56030366844535 ], [ -74.19783845626165, 40.560461373956301 ], [ -74.197804474397188, 40.560344703419801 ] ], [ [ -74.189457535172949, 40.55979492612817 ], [ -74.189256906865893, 40.559918741760143 ], [ -74.18869902215819, 40.559608181570212 ], [ -74.188337095663641, 40.559002565584379 ], [ -74.188544545378704, 40.558591831303318 ], [ -74.188162052561381, 40.558826969515728 ], [ -74.187768695622424, 40.558434897626135 ], [ -74.188426175956337, 40.55781302218427 ], [ -74.187652826197208, 40.558288110962046 ], [ -74.187291160741836, 40.557927619384905 ], [ -74.187620802923604, 40.55772343509166 ], [ -74.186674740582163, 40.557698261636212 ], [ -74.187150364549311, 40.559003821074441 ], [ -74.186826367108367, 40.559035441086287 ], [ -74.186494394072966, 40.556307605666589 ], [ -74.185914566768275, 40.556817183644945 ], [ -74.184103856040608, 40.556912716192826 ], [ -74.183469947556404, 40.557818737589031 ], [ -74.182401484128945, 40.558160625098949 ], [ -74.182644897736765, 40.559464503444886 ], [ -74.180446211919389, 40.55963829021681 ], [ -74.180427224870527, 40.558129591810697 ], [ -74.179440334751249, 40.557089528763704 ], [ -74.180784269025125, 40.555649746551069 ], [ -74.180870103205393, 40.554617411046308 ], [ -74.180227536156337, 40.553297343128243 ], [ -74.180227790092786, 40.552000435983601 ], [ -74.178191451124476, 40.552044630558697 ], [ -74.174987471284624, 40.557824133114252 ], [ -74.176996576856666, 40.560200844160185 ], [ -74.178207950684182, 40.560143629972352 ], [ -74.17705558941303, 40.560496301791908 ], [ -74.177111298092527, 40.560763454602515 ], [ -74.178337828261178, 40.560771976703393 ], [ -74.178398602110079, 40.561078581235478 ], [ -74.177230169839774, 40.561363217861043 ], [ -74.177299551476381, 40.561732481866486 ], [ -74.178510559001651, 40.561676800501765 ], [ -74.177314860015429, 40.561817842629871 ], [ -74.177065113038338, 40.563486975382993 ], [ -74.181808166486945, 40.565384579365315 ], [ -74.183731157969007, 40.565341704813072 ], [ -74.185253959533597, 40.564549355216919 ], [ -74.189544640832622, 40.563552317201989 ], [ -74.189080288877165, 40.563583548487856 ], [ -74.188831917357618, 40.562124311046155 ], [ -74.190054014602168, 40.56201912461885 ], [ -74.189995655270152, 40.561575885149075 ], [ -74.189663351212104, 40.561614375391258 ], [ -74.189457535172949, 40.55979492612817 ] ], [ [ -74.196952521057398, 40.562244893425678 ], [ -74.196973742803564, 40.562227833392875 ], [ -74.196973992344127, 40.562223498217755 ], [ -74.196952521057398, 40.562244893425678 ] ], [ [ -74.189825644756823, 40.569425174845939 ], [ -74.185822592995351, 40.572126977572381 ], [ -74.186099217618988, 40.572528016968903 ], [ -74.18749405747171, 40.572786770570715 ], [ -74.189039895783623, 40.572666506141935 ], [ -74.189599838335496, 40.576269770831381 ], [ -74.190202927008812, 40.576338781085127 ], [ -74.18978290006639, 40.572982501539279 ], [ -74.190589004334043, 40.569894017468179 ], [ -74.192299165170738, 40.56742694750956 ], [ -74.196334090291529, 40.563297030676011 ], [ -74.196075091107744, 40.563126141014607 ], [ -74.194612758224068, 40.564629328914684 ], [ -74.19421291390843, 40.563946195255575 ], [ -74.193452852220616, 40.565436951455624 ], [ -74.192518597748915, 40.566049244133133 ], [ -74.189825644756823, 40.569425174845939 ] ], [ [ -74.171284300582016, 40.570791251966867 ], [ -74.17119082234062, 40.577986953161613 ], [ -74.169604071281796, 40.587634948017275 ], [ -74.169858026108884, 40.588266632472141 ], [ -74.169465177325463, 40.588841522968266 ], [ -74.170094497160562, 40.588375104811178 ], [ -74.170803093039751, 40.584982359398644 ], [ -74.17187752546053, 40.583519004806092 ], [ -74.171235678146644, 40.58000675247321 ], [ -74.171933015851252, 40.574590669310886 ], [ -74.173001643930945, 40.571532938388223 ], [ -74.172692712560689, 40.570955990775126 ], [ -74.17196999310049, 40.570696352721669 ], [ -74.171284300582016, 40.570791251966867 ] ], [ [ -74.202059599995437, 40.585578367648687 ], [ -74.20342189828186, 40.583937894333332 ], [ -74.203292159775827, 40.582383447057097 ], [ -74.201843353995415, 40.581242330468122 ], [ -74.200033326592106, 40.580998799661664 ], [ -74.199649813374933, 40.582262626346463 ], [ -74.198033442684647, 40.58287871248023 ], [ -74.194232613911907, 40.585146805917319 ], [ -74.193324197843467, 40.585038280972029 ], [ -74.193150683102004, 40.585736859022759 ], [ -74.193562063049498, 40.587626649833091 ], [ -74.194788725578817, 40.587491908748994 ], [ -74.195332509557886, 40.588424859290392 ], [ -74.196210022964976, 40.588405235929919 ], [ -74.202059599995437, 40.585578367648687 ] ], [ [ -74.185248092450237, 40.587699313828942 ], [ -74.184672272220965, 40.58860829217415 ], [ -74.184886138901973, 40.588959169758375 ], [ -74.185862093748867, 40.587386053470645 ], [ -74.185248092450237, 40.587699313828942 ] ], [ [ -74.158612464260656, 40.584998311735802 ], [ -74.154956966898794, 40.585259665557274 ], [ -74.155416212672122, 40.588901033877384 ], [ -74.156008116198535, 40.588311976264769 ], [ -74.156968395254125, 40.588891251133965 ], [ -74.160755198421612, 40.588585580785796 ], [ -74.161073849634349, 40.590321529495696 ], [ -74.160365162998929, 40.585270958570405 ], [ -74.159537615382789, 40.585495885718096 ], [ -74.158612464260656, 40.584998311735802 ] ], [ [ -74.153294018532847, 40.589438892098961 ], [ -74.153641484161994, 40.591114884822794 ], [ -74.154245787328975, 40.590838576330277 ], [ -74.155655823627143, 40.591238289025981 ], [ -74.155275898563971, 40.589177021680847 ], [ -74.153294018532847, 40.589438892098961 ] ], [ [ -74.143005793182411, 40.592815804278736 ], [ -74.144089081410442, 40.591423714865911 ], [ -74.144000235056282, 40.591378932379001 ], [ -74.140419542939256, 40.589947557150751 ], [ -74.14400015118467, 40.591378932484119 ], [ -74.142679123189239, 40.59270262911091 ], [ -74.143005793182411, 40.592815804278736 ] ], [ [ -74.184806818594154, 40.591957198292299 ], [ -74.184952712774574, 40.5916220288739 ], [ -74.184695090814515, 40.591454758958932 ], [ -74.184508030207965, 40.591800646970924 ], [ -74.184806818594154, 40.591957198292299 ] ], [ [ -74.152093901616396, 40.593397568960732 ], [ -74.153104544652123, 40.59423466985146 ], [ -74.15351719923747, 40.593605511623984 ], [ -74.153197843005628, 40.591788059823287 ], [ -74.152588250611046, 40.59186122848196 ], [ -74.152047632514737, 40.59239477867154 ], [ -74.152093901616396, 40.593397568960732 ] ], [ [ -74.183752510379449, 40.593642634945297 ], [ -74.183058310294498, 40.593211958382483 ], [ -74.182367755201057, 40.593838408715172 ], [ -74.182714573498956, 40.594038673908685 ], [ -74.181635370840326, 40.594731478970679 ], [ -74.183347652167484, 40.596048312030177 ], [ -74.182982682197917, 40.59630568373926 ], [ -74.182691930117045, 40.596082084118272 ], [ -74.182295205113547, 40.59636184343001 ], [ -74.182585957081685, 40.596585443148129 ], [ -74.18087256497877, 40.597793638825067 ], [ -74.180326122331394, 40.59745022980232 ], [ -74.180406424392785, 40.59638981637206 ], [ -74.181978679553012, 40.593606455037438 ], [ -74.181686016145747, 40.593452154487849 ], [ -74.180178000936408, 40.595960967650427 ], [ -74.179770894870984, 40.59813855909799 ], [ -74.178086967037473, 40.599650233524024 ], [ -74.175605414890683, 40.59848720724338 ], [ -74.178036708239304, 40.599830451346605 ], [ -74.17554452889533, 40.601548238628553 ], [ -74.176169378662223, 40.602568823704843 ], [ -74.173450459374152, 40.604763074379775 ], [ -74.16884071859792, 40.606639252529256 ], [ -74.168310040229343, 40.607312270628306 ], [ -74.166159018218451, 40.608463055644364 ], [ -74.168376253643899, 40.611058912627108 ], [ -74.167785168095222, 40.611364808279411 ], [ -74.167727409705506, 40.61171715653613 ], [ -74.169297294456669, 40.613227114950185 ], [ -74.170313006711751, 40.608652104717578 ], [ -74.170708844915268, 40.608523577458044 ], [ -74.170359258864309, 40.608468121417353 ], [ -74.17053943294556, 40.607751425840533 ], [ -74.174401838057179, 40.60821924768436 ], [ -74.177207784038856, 40.606968591744824 ], [ -74.177892813564611, 40.607185834828094 ], [ -74.17870890319017, 40.608152036297845 ], [ -74.16902240611266, 40.62053330047069 ], [ -74.172034694619512, 40.620409509099431 ], [ -74.17304061235852, 40.620107846474419 ], [ -74.174412139199219, 40.619431162544792 ], [ -74.175825980522973, 40.618241781169004 ], [ -74.177878723192109, 40.615113266788583 ], [ -74.176855858712614, 40.614355110812362 ], [ -74.178132671388227, 40.613663688552215 ], [ -74.177916373079952, 40.612681890954761 ], [ -74.175649549394947, 40.612181875096567 ], [ -74.179174775680082, 40.607865531229066 ], [ -74.177017956638437, 40.606079069274855 ], [ -74.177339879258213, 40.605059229894202 ], [ -74.180413861413271, 40.602926058000996 ], [ -74.182464105119635, 40.604210317262641 ], [ -74.184700320387236, 40.60219308419844 ], [ -74.186246831834254, 40.601919764748267 ], [ -74.187710244913291, 40.602098632513915 ], [ -74.189392688637255, 40.600352753534395 ], [ -74.190655505641132, 40.598435997821326 ], [ -74.192127359939121, 40.594768496443329 ], [ -74.191902770752975, 40.594867354792967 ], [ -74.190888940448332, 40.594242722915943 ], [ -74.189785192064747, 40.594660631423089 ], [ -74.187590191771861, 40.594253008494391 ], [ -74.187662991091798, 40.59463511532168 ], [ -74.187245684504177, 40.594237607217089 ], [ -74.186458212487807, 40.594182459157054 ], [ -74.186433371683961, 40.593406034403678 ], [ -74.184980147421058, 40.592716247311124 ], [ -74.183752510379449, 40.593642634945297 ] ], [ [ -74.180984577986209, 40.612455904148106 ], [ -74.178942891298675, 40.616365424920126 ], [ -74.179325084448138, 40.616610574908051 ], [ -74.179500127349783, 40.616338684113742 ], [ -74.180872865355596, 40.617269365776174 ], [ -74.181264154411664, 40.61785430430762 ], [ -74.18253674751891, 40.61830356951598 ], [ -74.183212406182562, 40.617732878290319 ], [ -74.184112716763096, 40.618455838139553 ], [ -74.186068937750193, 40.617733530914371 ], [ -74.187678934108163, 40.614379581775012 ], [ -74.180984577986209, 40.612455904148106 ] ], [ [ -74.14589066997361, 40.629629810586692 ], [ -74.146030606100993, 40.630061053094323 ], [ -74.14599661762945, 40.629579349499345 ], [ -74.14589066997361, 40.629629810586692 ] ], [ [ -74.14564638566128, 40.629746158433846 ], [ -74.145607000085022, 40.629764916927975 ], [ -74.145652133908271, 40.629846623816498 ], [ -74.14564638566128, 40.629746158433846 ] ], [ [ -74.174440237831988, 40.628282026965564 ], [ -74.175335717339763, 40.628531905810767 ], [ -74.175916662450717, 40.62693794742632 ], [ -74.174440237831988, 40.628282026965564 ] ], [ [ -74.176994979315808, 40.62694927982524 ], [ -74.176760693199071, 40.62851144598276 ], [ -74.177038031033945, 40.628433876866055 ], [ -74.176994979315808, 40.62694927982524 ] ], [ [ -74.119854439420891, 40.642235613904852 ], [ -74.119956998757601, 40.642209453429103 ], [ -74.119643742970794, 40.641738570613306 ], [ -74.119854439420891, 40.642235613904852 ] ], [ [ -74.11948087155082, 40.642355101709867 ], [ -74.119109288096951, 40.641708528184104 ], [ -74.119400295324553, 40.642379378532802 ], [ -74.11948087155082, 40.642355101709867 ] ], [ [ -74.118336908922444, 40.641460062983853 ], [ -74.117796433186996, 40.641783400645501 ], [ -74.118401850835497, 40.641529800542862 ], [ -74.118836246169423, 40.642541864060476 ], [ -74.11896077402352, 40.642504515993288 ], [ -74.118605348047325, 40.641561860613514 ], [ -74.118336908922444, 40.641460062983853 ] ], [ [ -74.116720586259632, 40.642236271647505 ], [ -74.117224700825432, 40.643027359962709 ], [ -74.116796124795584, 40.642183192118154 ], [ -74.116720586259632, 40.642236271647505 ] ], [ [ -74.116753428746605, 40.643161826702418 ], [ -74.116323574917445, 40.642500776573051 ], [ -74.116670413826768, 40.643189824892879 ], [ -74.116753428746605, 40.643161826702418 ] ], [ [ -74.088009707494905, 40.643888252899153 ], [ -74.089632205819314, 40.645836935283242 ], [ -74.087694975305993, 40.646944449048213 ], [ -74.087555057681982, 40.646761877911231 ], [ -74.086695356087219, 40.646985662727765 ], [ -74.087404547921153, 40.647585180030561 ], [ -74.089297336452134, 40.646458498334184 ], [ -74.091740374229445, 40.64576620652398 ], [ -74.092003515199366, 40.645396042944569 ], [ -74.090838782737009, 40.644786902542464 ], [ -74.090979740913866, 40.643319968111193 ], [ -74.089793584924379, 40.643652018174549 ], [ -74.08923452088473, 40.642901370315585 ], [ -74.088009707494905, 40.643888252899153 ] ], [ [ -74.114033696405073, 40.643331593576164 ], [ -74.113596359969463, 40.643369826761173 ], [ -74.113796730586841, 40.643609470055928 ], [ -74.114033696405073, 40.643331593576164 ] ], [ [ -74.113199304330209, 40.643593591088063 ], [ -74.113248725681458, 40.643579688867824 ], [ -74.113195310588011, 40.643577497371389 ], [ -74.113199304330209, 40.643593591088063 ] ], [ [ -74.113950941344584, 40.644136591674645 ], [ -74.113864087556564, 40.644059960424421 ], [ -74.113118663378216, 40.644446562662964 ], [ -74.113950941344584, 40.644136591674645 ] ], [ [ -74.077668782761577, 40.647272559728805 ], [ -74.079739484612858, 40.648025477325056 ], [ -74.078019675860148, 40.6471671270887 ], [ -74.077668782761577, 40.647272559728805 ] ], [ [ -74.015901009082697, 40.646655961211636 ], [ -74.015637750864016, 40.646904814171741 ], [ -74.016082183793841, 40.649905792701269 ], [ -74.016342612888778, 40.649655731403399 ], [ -74.017001352790032, 40.650050341295881 ], [ -74.018324725402366, 40.649930062936463 ], [ -74.016926763516182, 40.649094101709473 ], [ -74.01662978943871, 40.647014816165331 ], [ -74.015901009082697, 40.646655961211636 ] ], [ [ -74.024460775994697, 40.65094460933544 ], [ -74.02089687533082, 40.648723605142607 ], [ -74.019535046297989, 40.64884424445242 ], [ -74.020294412184697, 40.649302683978121 ], [ -74.019795310269629, 40.649908120251041 ], [ -74.021273674770498, 40.650248934518523 ], [ -74.021414075130465, 40.65078823580528 ], [ -74.02262162002134, 40.651311559175937 ], [ -74.023059910470295, 40.650974304134834 ], [ -74.023823473950557, 40.651353784913177 ], [ -74.024460775994697, 40.65094460933544 ] ], [ [ -73.948461617951679, 40.64957784850796 ], [ -73.945808304533315, 40.651957989189832 ], [ -73.941834448322439, 40.649386154563786 ], [ -73.93857097308971, 40.649590510240543 ], [ -73.93826012174523, 40.648574855012193 ], [ -73.934185578747062, 40.648760931092774 ], [ -73.933908260602038, 40.649880918075034 ], [ -73.932290955354659, 40.651332093656379 ], [ -73.931366642961962, 40.651464300103221 ], [ -73.928193777543314, 40.649414900899686 ], [ -73.926399041045059, 40.651024922197664 ], [ -73.925878731188021, 40.650688241767256 ], [ -73.925461465847036, 40.65106188167983 ], [ -73.923755866351499, 40.65054173311448 ], [ -73.923386780959362, 40.650103277857951 ], [ -73.922149010457204, 40.650162857007992 ], [ -73.922362875251238, 40.649129886004587 ], [ -73.921381958156758, 40.648716508685105 ], [ -73.921181910374287, 40.646855856216028 ], [ -73.921535237274881, 40.646666971693314 ], [ -73.919321066087718, 40.64524111897439 ], [ -73.916916257679745, 40.646696762469453 ], [ -73.916810889246349, 40.647686352141896 ], [ -73.917984379849784, 40.648448418260507 ], [ -73.917734965884208, 40.65079661006942 ], [ -73.918399158529823, 40.650988273851802 ], [ -73.918112168435286, 40.65398033708496 ], [ -73.918472940295786, 40.653744965377591 ], [ -73.918979349916825, 40.654201866847067 ], [ -73.922158148160008, 40.654316167835809 ], [ -73.922004164382386, 40.654628804053651 ], [ -73.921776529764543, 40.654424204878531 ], [ -73.921173497395912, 40.6548105609603 ], [ -73.921434433041611, 40.655059340422028 ], [ -73.92204249677529, 40.654999275849306 ], [ -73.923426802606045, 40.655793830591747 ], [ -73.92438438265458, 40.65533765168032 ], [ -73.924700623747967, 40.655617077140505 ], [ -73.9240738923572, 40.656448349959952 ], [ -73.924798091514532, 40.65699906943933 ], [ -73.926368014079841, 40.657134643668002 ], [ -73.927888667475031, 40.655819900276406 ], [ -73.928533098773542, 40.656236658148572 ], [ -73.928877578466498, 40.655928236786345 ], [ -73.930975453070104, 40.657284877780313 ], [ -73.932214410288211, 40.657232745242268 ], [ -73.93226482896192, 40.659868613133533 ], [ -73.932591096893674, 40.660079840200254 ], [ -73.932871207398492, 40.659288688207567 ], [ -73.934105226881115, 40.659189746060754 ], [ -73.934643757067292, 40.659550341975184 ], [ -73.937012298247993, 40.659309585530963 ], [ -73.938338041393777, 40.660167747604532 ], [ -73.939622012228583, 40.659018317030792 ], [ -73.940964332989964, 40.659023086043604 ], [ -73.941242399072109, 40.658812558323007 ], [ -73.939958454800589, 40.658486831956964 ], [ -73.939594754369097, 40.658765280907318 ], [ -73.936016433577308, 40.656284327303055 ], [ -73.940161679150677, 40.652561801125906 ], [ -73.941133642467165, 40.65287044265898 ], [ -73.943707335109792, 40.654550671990833 ], [ -73.9441256766723, 40.654529719496217 ], [ -73.94680415320687, 40.652123344251756 ], [ -73.947756316221884, 40.652748735296122 ], [ -73.948516330039709, 40.652882099113938 ], [ -73.951019394460403, 40.652700995753129 ], [ -73.951635669879295, 40.65310080889963 ], [ -73.951814136381373, 40.654060608054486 ], [ -73.954281137860306, 40.653989424241928 ], [ -73.955447848864424, 40.653819567541809 ], [ -73.956106486418165, 40.653231090504342 ], [ -73.956284947425615, 40.652486271239979 ], [ -73.956920188648311, 40.652266537045151 ], [ -73.957877311157148, 40.651324320183441 ], [ -73.956384569093316, 40.6512846178709 ], [ -73.955940571389092, 40.651677127588833 ], [ -73.954190760698751, 40.650591049796361 ], [ -73.952608115363347, 40.6519724700835 ], [ -73.949640222474756, 40.65000622704153 ], [ -73.948461617951679, 40.64957784850796 ] ], [ [ -74.02194713972186, 40.653577265264197 ], [ -74.023062191552228, 40.654233236291894 ], [ -74.023204647271129, 40.654096116315309 ], [ -74.022084635527506, 40.653398859622421 ], [ -74.02194713972186, 40.653577265264197 ] ], [ [ -74.021644864153544, 40.654878982377404 ], [ -74.021824797454727, 40.654656175282888 ], [ -74.021263962327694, 40.654286180341039 ], [ -74.020985292648561, 40.654487366069546 ], [ -74.021644864153544, 40.654878982377404 ] ], [ [ -74.019971647038602, 40.655278336261389 ], [ -74.018548053258868, 40.654455933511478 ], [ -74.02005182454279, 40.655335948371985 ], [ -74.02025589052927, 40.65511826288121 ], [ -74.019971647038602, 40.655278336261389 ] ], [ [ -74.017685970961068, 40.655432379162605 ], [ -74.019800816519989, 40.656487210584672 ], [ -74.01782380938468, 40.655246044540249 ], [ -74.017685970961068, 40.655432379162605 ] ], [ [ -74.018605695269869, 40.657845874022883 ], [ -74.019108438031225, 40.657368884303537 ], [ -74.016870846530182, 40.655927568778552 ], [ -74.015874080290146, 40.656225330069439 ], [ -74.018605695269869, 40.657845874022883 ] ], [ [ -74.017742327275016, 40.658098917227576 ], [ -74.015436323356369, 40.656632396759612 ], [ -74.015827936653096, 40.656239114159803 ], [ -74.014705498256561, 40.656574403031598 ], [ -74.014482080928701, 40.656340394248282 ], [ -74.014936458941591, 40.657066902384351 ], [ -74.017685491754634, 40.658452992761312 ], [ -74.017742327275016, 40.658098917227576 ] ], [ [ -73.993741206722746, 40.664496488158981 ], [ -73.997058072434939, 40.6642481151341 ], [ -74.001286062659389, 40.66033660378524 ], [ -73.997785115901479, 40.66062519720235 ], [ -73.997583108191662, 40.659299686889568 ], [ -73.996442700050167, 40.658444729246646 ], [ -73.994546554152677, 40.660102199873577 ], [ -73.99292837737309, 40.659126482400438 ], [ -73.993741206722746, 40.664496488158981 ] ], [ [ -74.00337283587929, 40.659654332209733 ], [ -74.003420916640195, 40.660157154813369 ], [ -74.00464607402688, 40.660889477174742 ], [ -74.005277632614479, 40.660298078933252 ], [ -74.00407721860357, 40.659569301602026 ], [ -74.00337283587929, 40.659654332209733 ] ], [ [ -73.945298676534975, 40.664535768849667 ], [ -73.944849784561754, 40.664161946047003 ], [ -73.942558732858245, 40.665678655974681 ], [ -73.943875293552097, 40.666837390866199 ], [ -73.944593537757015, 40.666364635789066 ], [ -73.944091916924549, 40.665922462032846 ], [ -73.944910078427171, 40.665380016647489 ], [ -73.944537933707892, 40.66505299461074 ], [ -73.945298676534975, 40.664535768849667 ] ], [ [ -74.015936985345448, 40.665470791721546 ], [ -74.016025517760056, 40.664863048788149 ], [ -74.016486656204975, 40.664930508953802 ], [ -74.017510371526882, 40.67103453048157 ], [ -74.019339468717888, 40.671624948925299 ], [ -74.018576050768715, 40.67039241386987 ], [ -74.017887192153935, 40.665850466285384 ], [ -74.016902674270582, 40.664846602338812 ], [ -74.015748728826537, 40.664568336291723 ], [ -74.015355451153397, 40.664616709898148 ], [ -74.014646401694179, 40.665563126078588 ], [ -74.015936985345448, 40.665470791721546 ] ], [ [ -74.014923012938112, 40.671543151260373 ], [ -74.015686254975051, 40.671038834928879 ], [ -74.015596444895436, 40.670970477517386 ], [ -74.014923012938112, 40.671543151260373 ] ], [ [ -73.899724029936365, 40.671878770234599 ], [ -73.900228509033369, 40.673849343321137 ], [ -73.89930675442244, 40.673982041766607 ], [ -73.899708994752942, 40.675494250282149 ], [ -73.900220010797099, 40.675491901888876 ], [ -73.90057842206852, 40.675155687664621 ], [ -73.900461446998847, 40.673813764359139 ], [ -73.901021718998578, 40.673167735133603 ], [ -73.899955266904399, 40.672601653566886 ], [ -73.900645817662451, 40.671820500525939 ], [ -73.900550956379107, 40.671395879017687 ], [ -73.900276510039475, 40.671254907760364 ], [ -73.899724029936365, 40.671878770234599 ] ], [ [ -74.018800947768938, 40.672250764346195 ], [ -74.018168392807809, 40.671939240601148 ], [ -74.016833391484909, 40.67308578796186 ], [ -74.017890804373295, 40.673058760333028 ], [ -74.018800947768938, 40.672250764346195 ] ], [ [ -74.014872288114702, 40.672358770745028 ], [ -74.015904228914579, 40.673268622834172 ], [ -74.016320999223083, 40.672908270066351 ], [ -74.015119186639737, 40.67215699647172 ], [ -74.014872288114702, 40.672358770745028 ] ], [ [ -73.992036771769676, 40.674211016216987 ], [ -73.991853767470346, 40.672724249539272 ], [ -73.991561126069669, 40.67259522097865 ], [ -73.992036771769676, 40.674211016216987 ] ], [ [ -73.951471326014229, 40.676962149463414 ], [ -73.949644798035095, 40.678359391986071 ], [ -73.954593452710853, 40.678973326178252 ], [ -73.955170867218698, 40.67859194665192 ], [ -73.955887975261547, 40.679216068851893 ], [ -73.95899478966831, 40.677867814818832 ], [ -73.960677707495194, 40.680112344258632 ], [ -73.961503682143231, 40.679483838232841 ], [ -73.962337301280229, 40.680608546851381 ], [ -73.963125526880347, 40.679957255679007 ], [ -73.963922676571741, 40.680134449465619 ], [ -73.962514222656011, 40.678252712688639 ], [ -73.962140031778688, 40.678415665418278 ], [ -73.961063965584529, 40.676975584050332 ], [ -73.960053367953719, 40.676763529393753 ], [ -73.959266286810447, 40.67710684844905 ], [ -73.957131170816041, 40.674266132866066 ], [ -73.956668603906309, 40.674264836118752 ], [ -73.955755635595409, 40.673057667182341 ], [ -73.953910830303471, 40.673650132897187 ], [ -73.95344899285665, 40.674097158551142 ], [ -73.953894664299042, 40.674543506560873 ], [ -73.953331186685233, 40.674870109246754 ], [ -73.953802320261772, 40.675473566449575 ], [ -73.951471326014229, 40.676962149463414 ] ], [ [ -73.980616602849182, 40.674869436573232 ], [ -73.980508566332887, 40.674422193066299 ], [ -73.979732554204546, 40.674525238002609 ], [ -73.980616602849182, 40.674869436573232 ] ], [ [ -73.989872086226995, 40.674531381116047 ], [ -73.991003230853892, 40.675459229047476 ], [ -73.991703313822597, 40.674612079331524 ], [ -73.99007744041829, 40.674612293604035 ], [ -73.989872086226995, 40.674531381116047 ] ], [ [ -73.990039932803882, 40.674941002090577 ], [ -73.990285931097546, 40.675060872281819 ], [ -73.990314156697934, 40.675102506341617 ], [ -73.990299972643427, 40.675063710741277 ], [ -73.990039932803882, 40.674941002090577 ] ], [ [ -73.99476539626788, 40.675981088645003 ], [ -73.995248727979657, 40.675859154773072 ], [ -73.99567037327617, 40.676112387164189 ], [ -73.995867676160614, 40.676069801138823 ], [ -73.995438056457417, 40.675526705924469 ], [ -73.99476539626788, 40.675981088645003 ] ], [ [ -74.018487481941364, 40.675823245424105 ], [ -74.018451981332021, 40.675866305846924 ], [ -74.018535783046019, 40.675779738143717 ], [ -74.018487481941364, 40.675823245424105 ] ], [ [ -73.993860512754267, 40.677387237393781 ], [ -73.994058292672776, 40.677999225524324 ], [ -73.994236928294853, 40.677953339479615 ], [ -73.993919928336851, 40.677552656912432 ], [ -73.993860512754267, 40.677387237393781 ] ], [ [ -73.97715825654943, 40.680308342133166 ], [ -73.97710543281849, 40.680183465599249 ], [ -73.977078982391006, 40.680198496836439 ], [ -73.97715825654943, 40.680308342133166 ] ], [ [ -73.96763643646328, 40.682229960246836 ], [ -73.966005909412985, 40.680589632895739 ], [ -73.964458341844349, 40.680846967507939 ], [ -73.964434051545155, 40.681190905782778 ], [ -73.965658577763818, 40.681313320859957 ], [ -73.965674578541865, 40.682244260119475 ], [ -73.96724493648432, 40.683672140512549 ], [ -73.968784405625939, 40.682675442934588 ], [ -73.968689613576473, 40.682005257094772 ], [ -73.968127649098321, 40.681890465719889 ], [ -73.96763643646328, 40.682229960246836 ] ], [ [ -73.976533509192976, 40.683724108553399 ], [ -73.977703573539145, 40.683925704842807 ], [ -73.977423011047478, 40.683258922297092 ], [ -73.978225210423943, 40.683049045716231 ], [ -73.977870866155357, 40.681920990886759 ], [ -73.977646616082509, 40.682131291549027 ], [ -73.977846713985343, 40.682607317042709 ], [ -73.976618350164131, 40.683362909726917 ], [ -73.976533509192976, 40.683724108553399 ] ], [ [ -73.999561877242073, 40.683811290915862 ], [ -74.000530965732082, 40.685491906054935 ], [ -74.001108371295359, 40.684268459324656 ], [ -74.000814957353555, 40.683775908184835 ], [ -73.999750628123223, 40.683421184337554 ], [ -73.999521088961544, 40.683044552524635 ], [ -73.997770011524935, 40.683665702294029 ], [ -73.998962438602334, 40.684022406254378 ], [ -73.999561877242073, 40.683811290915862 ] ], [ [ -74.000767771357971, 40.685931575290176 ], [ -74.001911521231662, 40.685578868865029 ], [ -74.001344032151209, 40.684647031093206 ], [ -74.000885761632119, 40.685316318160496 ], [ -74.000767771357971, 40.685931575290176 ] ], [ [ -73.954388418151098, 40.685756935356224 ], [ -73.949987579646404, 40.68328821810163 ], [ -73.950406865954506, 40.682855265079077 ], [ -73.949867315988627, 40.6825529833012 ], [ -73.951221875502952, 40.68114873259718 ], [ -73.951265167413567, 40.68048404074618 ], [ -73.953051341584697, 40.679048637490581 ], [ -73.954433996073178, 40.679096158768594 ], [ -73.949827537846033, 40.678572771573066 ], [ -73.951138533913053, 40.679720550684422 ], [ -73.950486200863125, 40.680170780305708 ], [ -73.95081646211149, 40.680459788077449 ], [ -73.949241575429326, 40.68169189597328 ], [ -73.949512381935818, 40.681844062166576 ], [ -73.948501125418076, 40.682888171423876 ], [ -73.955565708263151, 40.686850497186988 ], [ -73.956601499019939, 40.685781044347408 ], [ -73.95836220691119, 40.68677003864584 ], [ -73.959377053660617, 40.685722433728507 ], [ -73.960861632844356, 40.686553921175538 ], [ -73.961968292418817, 40.686600322530346 ], [ -73.962365644666306, 40.686189250604016 ], [ -73.962249172111115, 40.685601541478007 ], [ -73.961194874782308, 40.685010809048897 ], [ -73.960677581457318, 40.685056231498258 ], [ -73.960624027204602, 40.685995212264444 ], [ -73.960178804345844, 40.686046185724621 ], [ -73.95976479067869, 40.685160736672131 ], [ -73.957592002249442, 40.684069347773793 ], [ -73.956486732011896, 40.685212595768327 ], [ -73.954388418151098, 40.685756935356224 ] ], [ [ -74.003248346416186, 40.686004060985645 ], [ -74.003003658669286, 40.685970436595433 ], [ -74.003372748719073, 40.686165127673604 ], [ -74.003248346416186, 40.686004060985645 ] ], [ [ -74.007466097591887, 40.686349437715251 ], [ -74.006500980351944, 40.686312970153317 ], [ -74.007019886826484, 40.686526417194138 ], [ -74.007466097591887, 40.686349437715251 ] ], [ [ -74.002546339920499, 40.688242033988345 ], [ -74.001588442385028, 40.690311047848716 ], [ -74.00185304524615, 40.690387986741875 ], [ -74.001963219928626, 40.690136379460853 ], [ -74.002975654035467, 40.690426575920796 ], [ -74.003820388867126, 40.68892964419679 ], [ -74.004592705217703, 40.688215222735366 ], [ -74.005629863303966, 40.686784205666825 ], [ -74.005724452873267, 40.686563664066455 ], [ -74.004048393319081, 40.68722508249617 ], [ -74.003486672472803, 40.687054378641982 ], [ -74.002546339920499, 40.688242033988345 ] ], [ [ -73.923754115350278, 40.691619790904213 ], [ -73.923245909855709, 40.690904035682642 ], [ -73.923696803075259, 40.691074768216126 ], [ -73.924030339164005, 40.690622129045721 ], [ -73.923472774415146, 40.690299487447533 ], [ -73.922582277209671, 40.690942614007305 ], [ -73.922309074110217, 40.690788157525567 ], [ -73.922860623610092, 40.68995340941067 ], [ -73.92156464749894, 40.689538698615181 ], [ -73.921968292171798, 40.691672477904653 ], [ -73.921436149588075, 40.692351095892612 ], [ -73.921732000938405, 40.692333894893999 ], [ -73.9221924816393, 40.694903624250898 ], [ -73.922662589355781, 40.694851884276005 ], [ -73.922880372856866, 40.69599902026205 ], [ -73.923566601198146, 40.696884938006967 ], [ -73.926875376270829, 40.696524060227517 ], [ -73.927917463262318, 40.696858658365599 ], [ -73.929376693547496, 40.696851388182971 ], [ -73.93044098123643, 40.697638724241422 ], [ -73.931751110116053, 40.697978387051037 ], [ -73.931759495537278, 40.697373565022019 ], [ -73.931337823330921, 40.697420725948696 ], [ -73.931842465859887, 40.697077651624227 ], [ -73.933523403011165, 40.697171659743063 ], [ -73.933598473215966, 40.696231351671798 ], [ -73.93469799767162, 40.696680127388738 ], [ -73.931931348991739, 40.694775700378813 ], [ -73.931931889131548, 40.695116323000335 ], [ -73.930575935955588, 40.695279411903577 ], [ -73.930028985278469, 40.696078473049106 ], [ -73.929133816030571, 40.696103780482808 ], [ -73.928524333756471, 40.696448318379851 ], [ -73.927944454251019, 40.696315657557747 ], [ -73.925633487539315, 40.696596349196788 ], [ -73.925033560309515, 40.696015927061318 ], [ -73.924414918107644, 40.693027790331783 ], [ -73.925216266922405, 40.691928417830695 ], [ -73.925080046485988, 40.691216545543902 ], [ -73.925664901569348, 40.690399065874615 ], [ -73.926030767740841, 40.691290007581422 ], [ -73.926712046291144, 40.690930549179548 ], [ -73.925214545444277, 40.690088308166615 ], [ -73.923754115350278, 40.691619790904213 ] ], [ [ -73.957370454659369, 40.695654255469613 ], [ -73.957282420013456, 40.694960867177365 ], [ -73.956702181569298, 40.694635563267575 ], [ -73.954558746592411, 40.696850468602229 ], [ -73.955020637027602, 40.698374554083749 ], [ -73.956792649411938, 40.697839811966944 ], [ -73.957506181786471, 40.698214540601541 ], [ -73.957915235508295, 40.697763814760393 ], [ -73.956237457281361, 40.696824645364195 ], [ -73.957370454659369, 40.695654255469613 ] ], [ [ -73.95399713882064, 40.697822719269851 ], [ -73.9535944571426, 40.698240062755126 ], [ -73.954140716322627, 40.698543383720207 ], [ -73.95399713882064, 40.697822719269851 ] ], [ [ -73.907396633475756, 40.696085787432381 ], [ -73.907689124146614, 40.698152161534423 ], [ -73.908557077011707, 40.699629461099448 ], [ -73.909528460713787, 40.698679283290474 ], [ -73.908199206618661, 40.698824309705131 ], [ -73.907683486136037, 40.696054262973632 ], [ -73.907396633475756, 40.696085787432381 ] ], [ [ -73.907282909943731, 40.70662640215879 ], [ -73.907427774712502, 40.70764766420605 ], [ -73.904880798510916, 40.708051596951826 ], [ -73.90405948054628, 40.708546259794645 ], [ -73.901591499018323, 40.707692854122371 ], [ -73.901330031636292, 40.708139802024711 ], [ -73.899960415788513, 40.708678168668591 ], [ -73.899199432750976, 40.710100431084683 ], [ -73.894253990061031, 40.708590472162314 ], [ -73.893340040222469, 40.708076432687577 ], [ -73.893623524653364, 40.707557869722386 ], [ -73.892505488383406, 40.708023031672127 ], [ -73.891830906043779, 40.707760592798216 ], [ -73.890982100859503, 40.708706763918578 ], [ -73.890428195374156, 40.708335822384832 ], [ -73.890770838531992, 40.706882731687124 ], [ -73.890578670698375, 40.706422530509336 ], [ -73.889807136987798, 40.709863713402569 ], [ -73.888773044068628, 40.712280177827083 ], [ -73.895024609860457, 40.712478253144077 ], [ -73.895538251885398, 40.713803633709276 ], [ -73.897533039796514, 40.71636976107699 ], [ -73.898422464884575, 40.715707517572397 ], [ -73.898891284257616, 40.716261166858764 ], [ -73.899419471174582, 40.716254309318821 ], [ -73.900079633801241, 40.715751369262271 ], [ -73.900341459410726, 40.715902341051638 ], [ -73.899763677986186, 40.715062735092005 ], [ -73.901138054410097, 40.714553125754918 ], [ -73.900661474496061, 40.712849746084451 ], [ -73.903095336754163, 40.713680033648664 ], [ -73.904653651846971, 40.713758088988897 ], [ -73.905408444229408, 40.713022968019054 ], [ -73.90729540053087, 40.713880931684734 ], [ -73.906618135090923, 40.710844118797624 ], [ -73.906288569791357, 40.710484564063179 ], [ -73.906295088009742, 40.708889300694842 ], [ -73.907724316083446, 40.708753353135869 ], [ -73.907913497484898, 40.707935436793072 ], [ -73.912152881144038, 40.707529163020183 ], [ -73.911774614564777, 40.705225369255828 ], [ -73.912418776328778, 40.705164372427312 ], [ -73.913542370021048, 40.704460666696882 ], [ -73.915731491931211, 40.70425298545868 ], [ -73.914880205534914, 40.69983137832299 ], [ -73.914183236565165, 40.699907709616291 ], [ -73.913715090628443, 40.699301724259577 ], [ -73.91227515342058, 40.69945387096729 ], [ -73.911808201044707, 40.69993800262192 ], [ -73.911034895787893, 40.699532113970726 ], [ -73.909938191923132, 40.700608859134093 ], [ -73.908708076340375, 40.699856452546584 ], [ -73.908207504014683, 40.701307250110716 ], [ -73.906932588769038, 40.701427737774438 ], [ -73.907017019422497, 40.70192266959576 ], [ -73.907449684525162, 40.701881710471902 ], [ -73.908192273067996, 40.706369927989229 ], [ -73.907282909943731, 40.70662640215879 ] ], [ [ -73.911078183135288, 40.699528919002717 ], [ -73.912265746638397, 40.699441271269833 ], [ -73.912213524977318, 40.699170464732482 ], [ -73.910680434862883, 40.699095397563468 ], [ -73.91053105903832, 40.699244671562496 ], [ -73.911078183135288, 40.699528919002717 ] ], [ [ -73.951512500681815, 40.699555998106348 ], [ -73.951832303730242, 40.699143790040466 ], [ -73.951343920254018, 40.699590319939809 ], [ -73.951512500681815, 40.699555998106348 ] ], [ [ -73.969718864658944, 40.700402985600803 ], [ -73.969486552180769, 40.700519061258277 ], [ -73.972131383972453, 40.702749738201845 ], [ -73.972515944876321, 40.7024653442881 ], [ -73.969718864658944, 40.700402985600803 ] ], [ [ -74.004878363139341, 40.703510711746773 ], [ -74.003928246145904, 40.702703889822835 ], [ -74.003283947119399, 40.703191680130047 ], [ -74.004096985107836, 40.70403376499678 ], [ -74.004878363139341, 40.703510711746773 ] ], [ [ -73.957589641702498, 40.70460888971165 ], [ -73.957837063235758, 40.703836669714697 ], [ -73.958313328114926, 40.703872938098129 ], [ -73.957766657648719, 40.703581784344379 ], [ -73.957747848204065, 40.703756506763369 ], [ -73.956670283290848, 40.703690541902183 ], [ -73.956579622721179, 40.704547923447059 ], [ -73.957589641702498, 40.70460888971165 ] ], [ [ -73.963339404123118, 40.703773040706977 ], [ -73.963345777483283, 40.703711884919677 ], [ -73.963123975188068, 40.703746902036272 ], [ -73.963339404123118, 40.703773040706977 ] ], [ [ -73.982329442165934, 40.705552033664134 ], [ -73.983368199441472, 40.705461064574123 ], [ -73.983438062879486, 40.705644094847955 ], [ -73.98601227708086, 40.705397101181219 ], [ -73.983637350545095, 40.705239938561107 ], [ -73.982377750741293, 40.705502628124194 ], [ -73.981531835534724, 40.704765152524814 ], [ -73.980943057213267, 40.705164737448513 ], [ -73.979501724578611, 40.704385891980067 ], [ -73.979050499041293, 40.705966963089097 ], [ -73.979559185532693, 40.705743615250064 ], [ -73.98090864629846, 40.70590794381198 ], [ -73.980925103119773, 40.705369255200537 ], [ -73.982329442165934, 40.705552033664134 ] ], [ [ -73.993709591665905, 40.704919875691111 ], [ -73.990960862939218, 40.704830476223137 ], [ -73.990875149877922, 40.704949462342384 ], [ -73.991479646875177, 40.705624752648532 ], [ -73.992722209242103, 40.705543828335344 ], [ -73.993709591665905, 40.704919875691111 ] ], [ [ -73.964509330801945, 40.702067496153823 ], [ -73.964072464449757, 40.7017810370387 ], [ -73.964294837868351, 40.70249752423917 ], [ -73.964509330801945, 40.702067496153823 ] ], [ [ -73.930797534837282, 40.707991302959947 ], [ -73.930335481594042, 40.707336638718793 ], [ -73.929609427967137, 40.708182752174999 ], [ -73.930797534837282, 40.707991302959947 ] ], [ [ -73.932479955166997, 40.708194829546052 ], [ -73.932634734784855, 40.708498255093573 ], [ -73.932669154153473, 40.708511135092813 ], [ -73.932508746386944, 40.708207132424619 ], [ -73.932479955166997, 40.708194829546052 ] ], [ [ -73.934484261211011, 40.7089194152042 ], [ -73.933908367381846, 40.708974847392071 ], [ -73.934070321002437, 40.709035448682457 ], [ -73.934484261211011, 40.7089194152042 ] ], [ [ -73.934971091655044, 40.709197215326654 ], [ -73.934593227020173, 40.708966035758628 ], [ -73.93472018966888, 40.709256204947991 ], [ -73.934971091655044, 40.709197215326654 ] ], [ [ -73.969874471913059, 40.709476554360613 ], [ -73.96970117636711, 40.709917452728078 ], [ -73.969701381558224, 40.709924055849335 ], [ -73.969874471913059, 40.709476554360613 ] ], [ [ -73.91151770684975, 40.711307589601887 ], [ -73.913933479908991, 40.712467745524926 ], [ -73.915001193167612, 40.713451862610036 ], [ -73.914107785607982, 40.714347243852593 ], [ -73.909426823432284, 40.714550950241261 ], [ -73.908684328907484, 40.714308206587106 ], [ -73.908871212086794, 40.715415018359167 ], [ -73.908498617016122, 40.715783979760097 ], [ -73.911328426781566, 40.716398129681615 ], [ -73.912368072978666, 40.715386598744345 ], [ -73.912830377329783, 40.715360907984859 ], [ -73.912483311774977, 40.715574200366895 ], [ -73.912892455415403, 40.715402738045952 ], [ -73.911186396305354, 40.716956454073411 ], [ -73.912321143094431, 40.71934838577797 ], [ -73.911524907349857, 40.719567780173008 ], [ -73.91423632914514, 40.722773694382703 ], [ -73.91655468012712, 40.722005506731804 ], [ -73.918050351750693, 40.717765420914375 ], [ -73.915166865564572, 40.718554565807949 ], [ -73.913260947609047, 40.715066729125361 ], [ -73.915698819131123, 40.713485289106409 ], [ -73.920839375507867, 40.713815140079312 ], [ -73.918657685614747, 40.712526535162176 ], [ -73.916239412431381, 40.713295765854973 ], [ -73.916588127928293, 40.71272902616257 ], [ -73.915267580444649, 40.712851723447884 ], [ -73.914536509511692, 40.712064290356949 ], [ -73.914943983840544, 40.711481005999445 ], [ -73.913503898468008, 40.71066226426619 ], [ -73.913615505511459, 40.710447878798647 ], [ -73.91335489944224, 40.710573836371175 ], [ -73.912734500207961, 40.710137421002052 ], [ -73.912150631974825, 40.7103881541859 ], [ -73.91151770684975, 40.711307589601887 ] ], [ [ -73.920905931713449, 40.710377044513095 ], [ -73.92111051389621, 40.710173496338797 ], [ -73.921088501965514, 40.710182728084874 ], [ -73.920905931713449, 40.710377044513095 ] ], [ [ -73.970012853567198, 40.710522749715139 ], [ -73.969714990138272, 40.710327459997181 ], [ -73.96970173333095, 40.710496390220499 ], [ -73.970012853567198, 40.710522749715139 ] ], [ [ -73.928267441625763, 40.710533233013201 ], [ -73.926701079902585, 40.710938881902713 ], [ -73.926997602588273, 40.711612921769465 ], [ -73.928582705110301, 40.711224985429482 ], [ -73.928267441625763, 40.710533233013201 ] ], [ [ -73.969707338232865, 40.710770948650186 ], [ -73.969812412881225, 40.710732783748718 ], [ -73.969704863080835, 40.710672817597661 ], [ -73.969707338232865, 40.710770948650186 ] ], [ [ -73.938796409425791, 40.710877927157213 ], [ -73.93893019980797, 40.711180239424571 ], [ -73.939242810618651, 40.711360017190209 ], [ -73.939162776720849, 40.71092111713272 ], [ -73.938796409425791, 40.710877927157213 ] ], [ [ -73.969639160488015, 40.711119938207744 ], [ -73.969711942700044, 40.711212167902673 ], [ -73.969825728151037, 40.71120398829072 ], [ -73.969639160488015, 40.711119938207744 ] ], [ [ -73.94743764829488, 40.712502584475359 ], [ -73.947829149001251, 40.712734230289321 ], [ -73.948588889117076, 40.712415662408063 ], [ -73.947413355671898, 40.711720522052858 ], [ -73.94583256397155, 40.712920865187989 ], [ -73.945318459459727, 40.712616943147694 ], [ -73.946434359098859, 40.713485967390824 ], [ -73.94743764829488, 40.712502584475359 ] ], [ [ -73.950213592257498, 40.711812843947122 ], [ -73.94959202154655, 40.712319815419661 ], [ -73.949658830229808, 40.712359277026707 ], [ -73.950213592257498, 40.711812843947122 ] ], [ [ -73.924852309359991, 40.715198600698379 ], [ -73.924313299615648, 40.715847056576827 ], [ -73.923075799774992, 40.716389235018269 ], [ -73.926925557044157, 40.715400721782871 ], [ -73.926293019681793, 40.713964400741141 ], [ -73.924040113340226, 40.714008312629034 ], [ -73.924852309359991, 40.715198600698379 ] ], [ [ -74.016710186058162, 40.718624176058121 ], [ -74.016741618021982, 40.71844834834156 ], [ -74.016707116851265, 40.718628909324245 ], [ -74.016710186058162, 40.718624176058121 ] ], [ [ -73.972592450207486, 40.722479763282472 ], [ -73.973428639595511, 40.719047954933522 ], [ -73.972541278490368, 40.722564818137243 ], [ -73.972592450207486, 40.722479763282472 ] ], [ [ -73.925261253985767, 40.727528620241543 ], [ -73.927908928152675, 40.728253316315538 ], [ -73.928485912203698, 40.727758579666244 ], [ -73.926556639124541, 40.725669064784675 ], [ -73.924903162312276, 40.724506575671938 ], [ -73.920370642357724, 40.723681112815953 ], [ -73.920733560941216, 40.723309812770594 ], [ -73.922162436350249, 40.723708830924828 ], [ -73.924517342785521, 40.723552242500034 ], [ -73.925152000464763, 40.722305369730087 ], [ -73.924243649209501, 40.721429499261227 ], [ -73.923878791783892, 40.719990486270184 ], [ -73.922315545030557, 40.720385945847447 ], [ -73.921275063855518, 40.723086335490166 ], [ -73.920531984004327, 40.722940342392874 ], [ -73.919473371786708, 40.725945548950868 ], [ -73.922302355302463, 40.726280851782271 ], [ -73.925261253985767, 40.727528620241543 ] ], [ [ -73.959967270827875, 40.725332680668863 ], [ -73.959926449487654, 40.725309507194552 ], [ -73.959917992731789, 40.725310904399137 ], [ -73.959967270827875, 40.725332680668863 ] ], [ [ -73.961681568133287, 40.725575089811606 ], [ -73.961188934293176, 40.725847260776334 ], [ -73.961184969840616, 40.725849451044446 ], [ -73.961615189019867, 40.72586556307435 ], [ -73.961681568133287, 40.725575089811606 ] ], [ [ -73.935406973266723, 40.729899097444509 ], [ -73.937548739024209, 40.731716121019744 ], [ -73.938933666151058, 40.733762029600889 ], [ -73.940101073323774, 40.733363028983888 ], [ -73.939110545747639, 40.731379807028247 ], [ -73.936481386800267, 40.729686520344586 ], [ -73.934531763757334, 40.729104806032439 ], [ -73.93043971109131, 40.728563137284958 ], [ -73.928819642846022, 40.728008613376936 ], [ -73.928414157980825, 40.728364423106648 ], [ -73.935406973266723, 40.729899097444509 ] ], [ [ -73.95127912084223, 40.729873085485153 ], [ -73.951639220092645, 40.72939757687643 ], [ -73.951538127792332, 40.729367113441434 ], [ -73.95127912084223, 40.729873085485153 ] ], [ [ -73.9510963128036, 40.731217901815683 ], [ -73.95139651196078, 40.730884752116367 ], [ -73.950793362604912, 40.730528227529945 ], [ -73.949224947824192, 40.730708083946958 ], [ -73.949794565272228, 40.734173779744104 ], [ -73.951981815772896, 40.735466037233437 ], [ -73.952264153319817, 40.735192806845831 ], [ -73.951497929970898, 40.735018352458951 ], [ -73.952300961641157, 40.734537842573928 ], [ -73.951772016675051, 40.731616512327903 ], [ -73.9510963128036, 40.731217901815683 ] ], [ [ -73.951983191931362, 40.731853428721109 ], [ -73.952340499349049, 40.733979631741533 ], [ -73.952485286708324, 40.734442664071722 ], [ -73.954127266428301, 40.733012698023039 ], [ -73.951983191931362, 40.731853428721109 ] ], [ [ -73.962209892283695, 40.734199807205719 ], [ -73.962254483295098, 40.732894685274204 ], [ -73.961795441844004, 40.733347339068061 ], [ -73.962209892283695, 40.734199807205719 ] ], [ [ -73.973464295875104, 40.735386545293146 ], [ -73.973442289045735, 40.735202739521021 ], [ -73.973405602371315, 40.734975773259016 ], [ -73.973280302910027, 40.735273364925511 ], [ -73.973464295875104, 40.735386545293146 ] ], [ [ -73.936827972688448, 40.735836327672587 ], [ -73.938799249485442, 40.735339163873391 ], [ -73.940601673662911, 40.738153927246351 ], [ -73.942276019196456, 40.737513005514899 ], [ -73.942398388522847, 40.737249289371952 ], [ -73.940551689595949, 40.735920932198901 ], [ -73.939383741600722, 40.734654901109515 ], [ -73.938558850974175, 40.734957926654879 ], [ -73.937420317205323, 40.733762041454831 ], [ -73.934417337827128, 40.734884420648704 ], [ -73.934780173015341, 40.735554022900637 ], [ -73.932654441632991, 40.736341746940759 ], [ -73.933015336294119, 40.737094045721079 ], [ -73.934340536532119, 40.737341404161526 ], [ -73.93563505011592, 40.736875707459681 ], [ -73.936032635199979, 40.737486356931555 ], [ -73.937520439313033, 40.736923410451141 ], [ -73.936827972688448, 40.735836327672587 ] ], [ [ -73.972601787423329, 40.737415666099274 ], [ -73.973240293370182, 40.73592540820453 ], [ -73.972489941747199, 40.735803280610305 ], [ -73.972601787423329, 40.737415666099274 ] ], [ [ -73.957584502047084, 40.739505766410019 ], [ -73.958754188976997, 40.738967967645017 ], [ -73.95954051687707, 40.738193430047978 ], [ -73.960629060635341, 40.737791547889742 ], [ -73.961609801480805, 40.737720113946622 ], [ -73.962579376929597, 40.738351843314284 ], [ -73.962478638468497, 40.736800953300758 ], [ -73.956247966597147, 40.739308515444939 ], [ -73.957584502047084, 40.739505766410019 ] ], [ [ -73.999329959097309, 40.738826704221246 ], [ -73.999616444504625, 40.73925477874932 ], [ -73.999444967126877, 40.738801076926265 ], [ -73.999329959097309, 40.738826704221246 ] ], [ [ -73.945294204148894, 40.738314858561644 ], [ -73.942791069375616, 40.739069032951562 ], [ -73.942756578837844, 40.739817238593993 ], [ -73.944930420921168, 40.740672078962056 ], [ -73.945304434022418, 40.739552990055508 ], [ -73.948695979277872, 40.740208409524605 ], [ -73.94943508804306, 40.739501415652974 ], [ -73.945294204148894, 40.738314858561644 ] ], [ [ -73.942712765537991, 40.739936237935261 ], [ -73.941835050588196, 40.739692620211933 ], [ -73.940799728834705, 40.740897668565999 ], [ -73.942283141467499, 40.741181396997305 ], [ -73.942712765537991, 40.739936237935261 ] ], [ [ -73.947620838535215, 40.743657478697166 ], [ -73.947709015378976, 40.743232932103204 ], [ -73.946976629053367, 40.743040230046077 ], [ -73.947539923955802, 40.741315468640799 ], [ -73.944839536507388, 40.740936018976136 ], [ -73.944598735681382, 40.741631275260573 ], [ -73.946421344451153, 40.741981552110587 ], [ -73.94419561678194, 40.742882145935688 ], [ -73.944051493800885, 40.743471126505646 ], [ -73.944589162599158, 40.744201793920062 ], [ -73.945889768292062, 40.7445409245734 ], [ -73.947620838535215, 40.743657478697166 ] ], [ [ -73.948028418226428, 40.741417078019282 ], [ -73.948031283674467, 40.741414572093909 ], [ -73.948012014043286, 40.741410685603405 ], [ -73.948028418226428, 40.741417078019282 ] ], [ [ -73.999169526573965, 40.744296733710051 ], [ -73.998985324351679, 40.743816561201513 ], [ -73.997077778213196, 40.744233138079657 ], [ -73.997259732288626, 40.744715664062838 ], [ -73.999169526573965, 40.744296733710051 ] ], [ [ -73.99962211115303, 40.744235949208758 ], [ -73.999231367635304, 40.744322802455244 ], [ -73.999418543611426, 40.744810089868054 ], [ -73.999795166988307, 40.744695808638205 ], [ -73.99962211115303, 40.744235949208758 ] ], [ [ -73.974228538280158, 40.748802732897417 ], [ -73.974790066537892, 40.750295875153157 ], [ -73.975192077114585, 40.749745620222235 ], [ -73.975038039752235, 40.749337440544835 ], [ -73.980524276493085, 40.748132376478672 ], [ -73.980790617026727, 40.747787056974694 ], [ -73.980646307766534, 40.748105001775571 ], [ -73.981636494647034, 40.74789553348927 ], [ -73.980256415770953, 40.744255126067593 ], [ -73.978047453835515, 40.744491470072525 ], [ -73.979006777805552, 40.746969952197851 ], [ -73.978957172323774, 40.747756098682231 ], [ -73.974228538280158, 40.748802732897417 ] ], [ [ -73.994168726030452, 40.756321849115935 ], [ -73.994571793858853, 40.757397849345395 ], [ -73.995116520654648, 40.757281458702003 ], [ -73.995304638975199, 40.756982118298211 ], [ -73.99485558737355, 40.755264558141 ], [ -73.995525898356362, 40.755121254059198 ], [ -73.995366126840295, 40.754692378016507 ], [ -73.99594307249734, 40.754521505158046 ], [ -73.995873299259699, 40.754081118028225 ], [ -73.996502053709207, 40.753909160434617 ], [ -73.996470035724087, 40.753458028591645 ], [ -73.997074813074548, 40.753249355784064 ], [ -73.996989485347854, 40.752807229253172 ], [ -73.99588244512465, 40.752062101120167 ], [ -73.996097643178345, 40.750821156713727 ], [ -73.9947650097116, 40.747517375700802 ], [ -73.991248935603181, 40.748847518340064 ], [ -73.991983377865068, 40.751565699981505 ], [ -73.991575841927698, 40.751807221639773 ], [ -73.991781231301772, 40.752350426940744 ], [ -73.991285811437209, 40.752538011111653 ], [ -73.992819435996893, 40.756613763455704 ], [ -73.994168726030452, 40.756321849115935 ] ], [ [ -74.011300077237522, 40.747768630011521 ], [ -74.011232284760737, 40.74801022464667 ], [ -74.011391577814763, 40.747718175250057 ], [ -74.011300077237522, 40.747768630011521 ] ], [ [ -74.011067878880993, 40.749050574299233 ], [ -74.011132899429882, 40.749041634333587 ], [ -74.011155202052208, 40.748995767177142 ], [ -74.011067878880993, 40.749050574299233 ] ], [ [ -74.010564634764492, 40.751321462603919 ], [ -74.010677375326097, 40.751022674476928 ], [ -74.010262560092059, 40.750850826158747 ], [ -74.010665844351479, 40.751028186368821 ], [ -74.010564634764492, 40.751321462603919 ] ], [ [ -73.999335451156085, 40.752268997462885 ], [ -73.999263069544156, 40.752153387693042 ], [ -73.999057406546626, 40.752281828963852 ], [ -73.999335451156085, 40.752268997462885 ] ], [ [ -73.974887271865569, 40.755923790640914 ], [ -73.973275598040104, 40.755243537580888 ], [ -73.97363341748968, 40.75475597227085 ], [ -73.967656620104066, 40.756063111191821 ], [ -73.967445933742425, 40.755502409936533 ], [ -73.966361121684031, 40.755740244241956 ], [ -73.96666482681826, 40.756557133776873 ], [ -73.966087091518517, 40.756709676945718 ], [ -73.966274126962119, 40.757200945164442 ], [ -73.965343170273314, 40.757406073939499 ], [ -73.965432113128003, 40.7576674462616 ], [ -73.964767006666591, 40.757951902820928 ], [ -73.966570094089079, 40.757559462168956 ], [ -73.9680211822281, 40.76075599765462 ], [ -73.973704201751801, 40.759520463783424 ], [ -73.972612714184294, 40.759059308484595 ], [ -73.973068519547979, 40.758431494196486 ], [ -73.971450480437895, 40.757749232037341 ], [ -73.971906760084451, 40.757124673351314 ], [ -73.973524196119016, 40.757808440279092 ], [ -73.974438663834803, 40.756556306848914 ], [ -73.976045421323803, 40.757232057135766 ], [ -73.976299538601182, 40.756884852471373 ], [ -73.976125172627732, 40.756419334200039 ], [ -73.975872904663859, 40.756576183370854 ], [ -73.975381831244732, 40.756368769676214 ], [ -73.97528197580958, 40.755384187965326 ], [ -73.974887271865569, 40.755923790640914 ] ], [ [ -73.974511064116342, 40.759344748300073 ], [ -73.976997851128502, 40.758816418767928 ], [ -73.977490432256147, 40.760126838972013 ], [ -73.97912700290334, 40.759772083893672 ], [ -73.978621855498503, 40.758430065935954 ], [ -73.977022682669244, 40.75878225496735 ], [ -73.976879184874022, 40.75840258695861 ], [ -73.975591239212918, 40.757859658661026 ], [ -73.974511064116342, 40.759344748300073 ] ], [ [ -74.001609274414292, 40.759267351660689 ], [ -74.002260816680362, 40.758602243504257 ], [ -74.001397735690489, 40.758435253052909 ], [ -74.001609274414292, 40.759267351660689 ] ], [ [ -73.98191501849395, 40.760526061266219 ], [ -73.981258251220837, 40.760669738786881 ], [ -73.981390419953726, 40.761018205785184 ], [ -73.982198062268665, 40.760848693120792 ], [ -73.98191501849395, 40.760526061266219 ] ], [ [ -73.921148878304365, 40.763231415824038 ], [ -73.915867319990838, 40.764174352477262 ], [ -73.915090395391942, 40.761662369684458 ], [ -73.913893972708124, 40.761525571546606 ], [ -73.914349171296422, 40.763588825270681 ], [ -73.909084673597718, 40.764377821422229 ], [ -73.908881726986706, 40.763744072158126 ], [ -73.9084822942893, 40.763758249370518 ], [ -73.907718960981455, 40.76136665098317 ], [ -73.905729483338177, 40.761739904810753 ], [ -73.905086055000595, 40.76252186664405 ], [ -73.905762878639848, 40.761278155661522 ], [ -73.905090676360203, 40.760417374967254 ], [ -73.903355232861728, 40.759385960396727 ], [ -73.904586172574184, 40.759291822888066 ], [ -73.904729140512458, 40.758175125764872 ], [ -73.90433886446219, 40.758126952775768 ], [ -73.903069247603355, 40.75899536817527 ], [ -73.901952217992061, 40.75857614425481 ], [ -73.903297275124288, 40.759562587293836 ], [ -73.904399294055253, 40.761732108899828 ], [ -73.904035928496768, 40.761876054589031 ], [ -73.905677551257256, 40.764511508871969 ], [ -73.905312454825037, 40.764964496622078 ], [ -73.90451229915756, 40.764589063994329 ], [ -73.903707711853372, 40.765597148723309 ], [ -73.904825422541066, 40.767455907827994 ], [ -73.905273592043855, 40.767740197167178 ], [ -73.906639031023332, 40.766047877631749 ], [ -73.907130784099081, 40.766799952927798 ], [ -73.906200583814169, 40.76795867038517 ], [ -73.906718985099559, 40.768172521703413 ], [ -73.907271778969431, 40.767985642989778 ], [ -73.907457164745921, 40.76829444841276 ], [ -73.909049063222298, 40.768296417043977 ], [ -73.909054161303473, 40.768538333613094 ], [ -73.909169093291013, 40.768315632134581 ], [ -73.909539533033836, 40.768375350537887 ], [ -73.909720050029506, 40.76865709895155 ], [ -73.909894997350932, 40.768400135393264 ], [ -73.91045375478987, 40.768773700489845 ], [ -73.914192740753919, 40.769369164302567 ], [ -73.915081248924963, 40.769073867994699 ], [ -73.915669861730606, 40.76805421534943 ], [ -73.916736753807982, 40.768538437660446 ], [ -73.918151389678542, 40.768156787537023 ], [ -73.918844863651714, 40.76848191429702 ], [ -73.91876827439873, 40.767396304526784 ], [ -73.917806590829898, 40.766824675859482 ], [ -73.917940426763238, 40.766659817808424 ], [ -73.918844407430683, 40.766985426988875 ], [ -73.918385774131494, 40.765486998632966 ], [ -73.924544036120793, 40.764367367957064 ], [ -73.92463403769581, 40.764655924727222 ], [ -73.925382491443187, 40.764701274469225 ], [ -73.925860523639784, 40.76696920036423 ], [ -73.927024536544138, 40.76729976122256 ], [ -73.926404489177699, 40.768036554684642 ], [ -73.928802119209394, 40.767632064200605 ], [ -73.928656076509, 40.765708157825571 ], [ -73.92925156326514, 40.765620305660235 ], [ -73.928810580968403, 40.763629157270749 ], [ -73.931048084174151, 40.763288605310237 ], [ -73.930491852678458, 40.761193422878087 ], [ -73.930796815021964, 40.760926995745663 ], [ -73.930269627481906, 40.760284435749604 ], [ -73.920981527366095, 40.761965662540987 ], [ -73.920674969056535, 40.760985912902406 ], [ -73.921148878304365, 40.763231415824038 ] ], [ [ -73.986057746027498, 40.762323303301017 ], [ -73.986170958566134, 40.76199410494641 ], [ -73.985520295569231, 40.762136253342206 ], [ -73.986057746027498, 40.762323303301017 ] ], [ [ -73.941695300495226, 40.765350733480467 ], [ -73.942426037117741, 40.765687846830765 ], [ -73.943502820327396, 40.764499040492652 ], [ -73.942460275407896, 40.764121467895258 ], [ -73.941695300495226, 40.765350733480467 ] ], [ [ -73.960343710078703, 40.768001613078212 ], [ -73.960061065009114, 40.768020723671185 ], [ -73.960077344623713, 40.768065397187485 ], [ -73.960343710078703, 40.768001613078212 ] ], [ [ -73.957606828951171, 40.769328732576128 ], [ -73.958354930021954, 40.771309479756631 ], [ -73.959570516486551, 40.771044340199062 ], [ -73.958837125886063, 40.769060830388192 ], [ -73.957606828951171, 40.769328732576128 ] ], [ [ -73.907274883918816, 40.774644163740831 ], [ -73.907396369600349, 40.77720847381174 ], [ -73.906642420570932, 40.778736324439947 ], [ -73.907059560110426, 40.779003497130901 ], [ -73.906238713873236, 40.779682916136551 ], [ -73.90848082268036, 40.781267479486253 ], [ -73.911342027884359, 40.78119023194882 ], [ -73.911115821676617, 40.77642636695218 ], [ -73.912037367107061, 40.776399856509819 ], [ -73.911237234803664, 40.775818456250605 ], [ -73.912057571693325, 40.775016665890348 ], [ -73.911986981317, 40.773425423718685 ], [ -73.911564151248584, 40.772417161120337 ], [ -73.912175370975078, 40.771917600644485 ], [ -73.912886278405225, 40.772122632955138 ], [ -73.912209097721146, 40.771339387795933 ], [ -73.913053811687888, 40.771931062781363 ], [ -73.913209051877075, 40.769862658019058 ], [ -73.91243213708421, 40.769739810149893 ], [ -73.912167725933998, 40.770031110979033 ], [ -73.911011535140702, 40.769547748186191 ], [ -73.910982184128741, 40.773024262832593 ], [ -73.909773529998517, 40.773060379661736 ], [ -73.908511068264687, 40.774094147749203 ], [ -73.908535733716477, 40.774602190731144 ], [ -73.907274883918816, 40.774644163740831 ] ], [ [ -73.94136990742399, 40.772309150827731 ], [ -73.941103226524945, 40.772327058535609 ], [ -73.941107283732705, 40.772343616544681 ], [ -73.94136990742399, 40.772309150827731 ] ], [ [ -73.953677570981952, 40.77665222937474 ], [ -73.956466358349019, 40.776041786092307 ], [ -73.955705777154535, 40.773992706968336 ], [ -73.954560960267827, 40.774242353292351 ], [ -73.954834177631682, 40.774968621421301 ], [ -73.953207122570134, 40.775324375602231 ], [ -73.953677570981952, 40.77665222937474 ] ], [ [ -73.932595692675676, 40.777130403079831 ], [ -73.930972803286934, 40.776445800082968 ], [ -73.9306759222941, 40.776662140781738 ], [ -73.931049642989436, 40.777441897312144 ], [ -73.931788343051451, 40.777870607104958 ], [ -73.933467362348964, 40.778041366627448 ], [ -73.932595692675676, 40.777130403079831 ] ], [ [ -73.952701550880349, 40.778106199662709 ], [ -73.952874755787448, 40.777461158279252 ], [ -73.953396274804675, 40.777345514220812 ], [ -73.953320127607626, 40.777139506208194 ], [ -73.952414558764673, 40.777337845818089 ], [ -73.952701550880349, 40.778106199662709 ] ], [ [ -73.953079012756803, 40.779377896023398 ], [ -73.952686321602471, 40.778333163600195 ], [ -73.952297226402422, 40.778420222672693 ], [ -73.95255754381013, 40.779110768928327 ], [ -73.953079012756803, 40.779377896023398 ] ], [ [ -73.892860400757243, 40.777159074348418 ], [ -73.891195897043545, 40.7785632881385 ], [ -73.891668597688593, 40.779492539913129 ], [ -73.892540182116562, 40.779551834272141 ], [ -73.891591641733484, 40.780581120535935 ], [ -73.891671037732749, 40.780854854295114 ], [ -73.892217927786461, 40.781205323876591 ], [ -73.89211148854676, 40.781395179209106 ], [ -73.893009862463103, 40.781798023562907 ], [ -73.892241910974391, 40.782410799061189 ], [ -73.891654591897492, 40.782194782033962 ], [ -73.892749178764149, 40.782965706684784 ], [ -73.892307502035521, 40.782466042076379 ], [ -73.893060906920638, 40.781848289707291 ], [ -73.894164691238089, 40.7824720468791 ], [ -73.895344478422885, 40.781585566311342 ], [ -73.894774291195688, 40.782253592997534 ], [ -73.896063777383532, 40.783157202307883 ], [ -73.894294823567478, 40.784117567827117 ], [ -73.894313738609725, 40.784235457870906 ], [ -73.898654378440213, 40.781995420320868 ], [ -73.900349608464566, 40.78216441002801 ], [ -73.901291276189269, 40.781858419270435 ], [ -73.902035657901109, 40.781203101963008 ], [ -73.902143665528129, 40.780802765297508 ], [ -73.901283363407515, 40.780810778583145 ], [ -73.900384562705852, 40.780206808539774 ], [ -73.898831269520898, 40.779874127548048 ], [ -73.898720520757621, 40.777768520704512 ], [ -73.899349807405912, 40.777231552884089 ], [ -73.899296865892836, 40.776184103605651 ], [ -73.895656850774614, 40.779163294593545 ], [ -73.892860400757243, 40.777159074348418 ] ], [ [ -73.858083181034203, 40.783724078339162 ], [ -73.856841290146662, 40.783371363485266 ], [ -73.856649510906024, 40.782892319276506 ], [ -73.856453787414324, 40.783350925658674 ], [ -73.855450628350269, 40.783143078635845 ], [ -73.855167394604791, 40.781954131617162 ], [ -73.8502808965778, 40.782459562009606 ], [ -73.849263457510162, 40.782275109484075 ], [ -73.849536891682391, 40.78189809202452 ], [ -73.847994712130998, 40.782717175914499 ], [ -73.849172703291387, 40.783605088345858 ], [ -73.849218684543004, 40.783156366475481 ], [ -73.853982971808307, 40.782986972810846 ], [ -73.856332606814348, 40.784503472820553 ], [ -73.856397987345886, 40.78561610260784 ], [ -73.85604064440308, 40.786326135256786 ], [ -73.855205069908067, 40.78737051835531 ], [ -73.854338968817189, 40.786584305172084 ], [ -73.853761413685305, 40.786633832691443 ], [ -73.853849261439947, 40.787783213761585 ], [ -73.855938938939914, 40.787688734280422 ], [ -73.856811337655927, 40.786672613194632 ], [ -73.858021091642783, 40.787063036692814 ], [ -73.858445063836655, 40.78678813942377 ], [ -73.858584532078183, 40.786153141228645 ], [ -73.85912461223819, 40.785850159160724 ], [ -73.858990489374705, 40.785491598431186 ], [ -73.859508335508707, 40.785534934450595 ], [ -73.859348601200665, 40.785027249440105 ], [ -73.859463281491443, 40.785494851996624 ], [ -73.858525202365357, 40.785213518780985 ], [ -73.85797958218275, 40.784668779801748 ], [ -73.858083181034203, 40.783724078339162 ] ], [ [ -73.98462475142172, 40.784734603605294 ], [ -73.98467899994175, 40.784768051120594 ], [ -73.984674206941961, 40.784661005029641 ], [ -73.98462475142172, 40.784734603605294 ] ], [ [ -73.878616758957236, 40.785413729762297 ], [ -73.878306800576382, 40.785356620508495 ], [ -73.878305870307727, 40.785356889577791 ], [ -73.878616758957236, 40.785413729762297 ] ], [ [ -73.873354610821039, 40.785788689328022 ], [ -73.87522731150213, 40.785922952584414 ], [ -73.875967914181487, 40.785896419081553 ], [ -73.876702975730097, 40.785828022258393 ], [ -73.877170990065778, 40.785737208403511 ], [ -73.878299204146458, 40.785358817686237 ], [ -73.876291295580302, 40.785848463804754 ], [ -73.873354610821039, 40.785788689328022 ] ], [ [ -73.873202343804081, 40.785824969393488 ], [ -73.873227223581225, 40.785821689382473 ], [ -73.87324435865294, 40.785818630769349 ], [ -73.873202343804081, 40.785824969393488 ] ], [ [ -73.983470707391348, 40.786759453602443 ], [ -73.983429657090269, 40.786669269423214 ], [ -73.982905719528048, 40.788061466133563 ], [ -73.983707355725443, 40.786562181214173 ], [ -73.983470707391348, 40.786759453602443 ] ], [ [ -73.889797240861157, 40.78865239269242 ], [ -73.889448648779918, 40.787891185026929 ], [ -73.889862141411399, 40.788867768657823 ], [ -73.889797240861157, 40.78865239269242 ] ], [ [ -73.870966746739086, 40.789032943886376 ], [ -73.870956346794799, 40.788603676829965 ], [ -73.870796950475494, 40.787924574289605 ], [ -73.870942583421538, 40.788599413466194 ], [ -73.870947463924111, 40.788953753822646 ], [ -73.870966746739086, 40.789032943886376 ] ], [ [ -73.890347159623346, 40.789928437475446 ], [ -73.890797576338571, 40.790207590976713 ], [ -73.89091849469753, 40.790225398617345 ], [ -73.890301355650593, 40.78987672733539 ], [ -73.889863100822566, 40.788870952505128 ], [ -73.890153513897729, 40.789691821955394 ], [ -73.890236139750982, 40.789801388128502 ], [ -73.890298931577036, 40.78987673432421 ], [ -73.890347159623346, 40.789928437475446 ] ], [ [ -73.892179412606154, 40.790394267346365 ], [ -73.892662503057693, 40.79360665395734 ], [ -73.89179047933176, 40.796775243866705 ], [ -73.89138324745565, 40.797135919139571 ], [ -73.891278466683346, 40.797263436551368 ], [ -73.891267174468425, 40.797295883530566 ], [ -73.891137620709642, 40.79738617819325 ], [ -73.89126861053272, 40.79729759286186 ], [ -73.891792896865738, 40.796775245758738 ], [ -73.892618051664769, 40.793840995308869 ], [ -73.892822836770492, 40.792817081952123 ], [ -73.892181829849349, 40.790394269609052 ], [ -73.892104339103142, 40.790323336940261 ], [ -73.891974489271547, 40.790236273739147 ], [ -73.891604200816374, 40.790160976530181 ], [ -73.892179412606154, 40.790394267346365 ] ], [ [ -73.845610359095986, 40.795914310037425 ], [ -73.846244207221588, 40.796163095438125 ], [ -73.846488420733621, 40.796077934314546 ], [ -73.845610359095986, 40.795914310037425 ] ], [ [ -73.883732284790895, 40.795891180121245 ], [ -73.883628316195967, 40.795668116284645 ], [ -73.883668126518131, 40.795968492247376 ], [ -73.883732284790895, 40.795891180121245 ] ], [ [ -73.883157151638471, 40.795527330515178 ], [ -73.883159034352673, 40.795527647611976 ], [ -73.883158765328844, 40.795527562095209 ], [ -73.883157151638471, 40.795527330515178 ] ], [ [ -73.883096963607287, 40.795519810024466 ], [ -73.883098907709865, 40.795520136803411 ], [ -73.883110690359715, 40.795521431345684 ], [ -73.883096963607287, 40.795519810024466 ] ], [ [ -73.882062437994307, 40.79515405437035 ], [ -73.882071191288333, 40.795155085173278 ], [ -73.882070350486245, 40.795154901679041 ], [ -73.882062437994307, 40.79515405437035 ] ], [ [ -73.88138138019265, 40.795057298016914 ], [ -73.881486200795734, 40.795055340426337 ], [ -73.881365027783076, 40.795057605432028 ], [ -73.88138138019265, 40.795057298016914 ] ], [ [ -73.88130761920722, 40.79505593321354 ], [ -73.881308700439305, 40.795056034607612 ], [ -73.881327739512088, 40.795056565589746 ], [ -73.88130761920722, 40.79505593321354 ] ], [ [ -73.88106233659019, 40.795011371664181 ], [ -73.880974810218774, 40.795003446904055 ], [ -73.880957173385696, 40.795001319686769 ], [ -73.880977054790279, 40.795003797023227 ], [ -73.88106233659019, 40.795011371664181 ] ], [ [ -73.852623961901486, 40.794640100624463 ], [ -73.852556115767314, 40.794893564973478 ], [ -73.852630982562445, 40.794944854244761 ], [ -73.852623961901486, 40.794640100624463 ] ], [ [ -73.879987001292918, 40.794908019549396 ], [ -73.879984820668554, 40.794907610230482 ], [ -73.879912897340716, 40.794904118713028 ], [ -73.879987001292918, 40.794908019549396 ] ], [ [ -73.880309611624483, 40.794917343779616 ], [ -73.880311884724762, 40.794917723358779 ], [ -73.880331643872424, 40.794919288209691 ], [ -73.880309611624483, 40.794917343779616 ] ], [ [ -73.876781224180263, 40.793690193812395 ], [ -73.876959024237905, 40.793805369656795 ], [ -73.877040764147878, 40.79384616661568 ], [ -73.876781224180263, 40.793690193812395 ] ], [ [ -73.87361978246561, 40.791772817707169 ], [ -73.873623852156229, 40.791771232647839 ], [ -73.873577024281289, 40.791754196085826 ], [ -73.87361978246561, 40.791772817707169 ] ], [ [ -73.837758503820055, 40.791526269402617 ], [ -73.837714620304766, 40.79154682416759 ], [ -73.837764387941803, 40.791548424938831 ], [ -73.837758503820055, 40.791526269402617 ] ], [ [ -73.831215867963195, 40.791463374480358 ], [ -73.831756929992807, 40.790982667408549 ], [ -73.831871837565615, 40.790533245765118 ], [ -73.831586164848829, 40.790556893671877 ], [ -73.831215867963195, 40.791463374480358 ] ], [ [ -73.890922560783551, 40.790224892986934 ], [ -73.890929905341736, 40.790223556097679 ], [ -73.890945442420858, 40.790219901001706 ], [ -73.890922560783551, 40.790224892986934 ] ], [ [ -73.891156495641326, 40.790173856207673 ], [ -73.891369888898168, 40.790192927751988 ], [ -73.891403526445046, 40.790193837729575 ], [ -73.891156495641326, 40.790173856207673 ] ], [ [ -73.891431321733606, 40.790190818130775 ], [ -73.891458753431337, 40.790184972740526 ], [ -73.891406106255502, 40.79019365853096 ], [ -73.891431321733606, 40.790190818130775 ] ], [ [ -73.819771573789438, 40.789710092056303 ], [ -73.820306460907531, 40.789926105708439 ], [ -73.820320335430011, 40.789748318189382 ], [ -73.819771573789438, 40.789710092056303 ] ], [ [ -73.820513249319887, 40.789456339530823 ], [ -73.82028505284795, 40.7892891090939 ], [ -73.820253851248154, 40.789395869012893 ], [ -73.820513249319887, 40.789456339530823 ] ], [ [ -73.889402188852173, 40.787791298361483 ], [ -73.889404608731169, 40.787791280577778 ], [ -73.889391705088968, 40.787775952299206 ], [ -73.889402188852173, 40.787791298361483 ] ], [ [ -73.889157610220039, 40.787507460314181 ], [ -73.889353938198511, 40.787731088837504 ], [ -73.889139976542637, 40.787476921428706 ], [ -73.889157610220039, 40.787507460314181 ] ], [ [ -73.871239499701659, 40.787464566043496 ], [ -73.871347227491199, 40.787302339835911 ], [ -73.871131437327421, 40.787525297588225 ], [ -73.871239499701659, 40.787464566043496 ] ], [ [ -73.888478892435742, 40.78711590047407 ], [ -73.888541839647061, 40.787146829036082 ], [ -73.88843789936557, 40.787084582481938 ], [ -73.888478892435742, 40.78711590047407 ] ], [ [ -73.888304840974541, 40.787006357882845 ], [ -73.888307257322637, 40.787006344786342 ], [ -73.888302074362059, 40.787005198118067 ], [ -73.888304840974541, 40.787006357882845 ] ], [ [ -73.887689245969341, 40.786870412214682 ], [ -73.888026286370405, 40.786944182915633 ], [ -73.887701263726001, 40.786872274070788 ], [ -73.887689245969341, 40.786870412214682 ] ], [ [ -73.887289785874259, 40.786808523077482 ], [ -73.887468472147575, 40.786846593103846 ], [ -73.887653977097841, 40.786864948161778 ], [ -73.887289785874259, 40.786808523077482 ] ], [ [ -73.887238018898884, 40.786812903728155 ], [ -73.887158072086763, 40.786828968452525 ], [ -73.887170195371795, 40.786829188337975 ], [ -73.887238018898884, 40.786812903728155 ] ], [ [ -73.887277834187302, 40.786806673248797 ], [ -73.887276939129919, 40.786806813311735 ], [ -73.887280776940841, 40.78680712916767 ], [ -73.887277834187302, 40.786806673248797 ] ], [ [ -73.885996841320818, 40.786743261544608 ], [ -73.885989866533635, 40.786745115064278 ], [ -73.885992294236601, 40.786745497250664 ], [ -73.885996841320818, 40.786743261544608 ] ], [ [ -73.88660678011496, 40.786738676143386 ], [ -73.886592827702628, 40.786738175412793 ], [ -73.88658934615917, 40.78673810839539 ], [ -73.88660678011496, 40.786738676143386 ] ], [ [ -73.886242581866341, 40.786726020880842 ], [ -73.886360263176996, 40.786733698466044 ], [ -73.886213958887865, 40.786719179580444 ], [ -73.886242581866341, 40.786726020880842 ] ], [ [ -73.886924724302602, 40.786734211922344 ], [ -73.886921997863652, 40.78673311425441 ], [ -73.886919683757228, 40.786733149838184 ], [ -73.886924724302602, 40.786734211922344 ] ], [ [ -73.886129555384414, 40.786707993252243 ], [ -73.886129374709469, 40.78670804126611 ], [ -73.886129972780509, 40.786708048571576 ], [ -73.886129555384414, 40.786707993252243 ] ], [ [ -73.885534672090557, 40.78667345465405 ], [ -73.885567230420961, 40.786673384070951 ], [ -73.885528839307781, 40.786672536408034 ], [ -73.885534672090557, 40.78667345465405 ] ], [ [ -73.812896181231451, 40.786851366353197 ], [ -73.812978744176732, 40.786391252277298 ], [ -73.812300472523063, 40.786269460612615 ], [ -73.811882327042838, 40.78518930529966 ], [ -73.810374350018051, 40.786543225161843 ], [ -73.811269523174659, 40.786469102372315 ], [ -73.811433052470221, 40.786708543304456 ], [ -73.812896181231451, 40.786851366353197 ] ], [ [ -73.80675914331178, 40.786220181414919 ], [ -73.809340948012647, 40.786324666111987 ], [ -73.808027266445876, 40.785819492830235 ], [ -73.80735935678139, 40.785962611043239 ], [ -73.808068034890596, 40.78613750162976 ], [ -73.80624987909178, 40.786118735660089 ], [ -73.806393234231507, 40.785690533851458 ], [ -73.806109371886095, 40.785900057958905 ], [ -73.805837302852083, 40.785597025126435 ], [ -73.806277005887097, 40.786298745994443 ], [ -73.809224839612767, 40.786607818275392 ], [ -73.80675914331178, 40.786220181414919 ] ], [ [ -73.802847325968372, 40.784242886691864 ], [ -73.802698497923089, 40.783250201320456 ], [ -73.803342026705565, 40.782557635138474 ], [ -73.802419608369817, 40.782016794096627 ], [ -73.803291162053611, 40.781096994729033 ], [ -73.805036029752443, 40.781055416523024 ], [ -73.805006014196181, 40.781319134074153 ], [ -73.80733035789099, 40.77972378990566 ], [ -73.807424058072925, 40.780588622485539 ], [ -73.807791360134615, 40.780494383432099 ], [ -73.807645626125804, 40.779843606375586 ], [ -73.808894233749086, 40.780149076247945 ], [ -73.81228107932975, 40.783291420238228 ], [ -73.812933949789098, 40.784060463667409 ], [ -73.812020017380064, 40.785150039116068 ], [ -73.813234649443629, 40.784803644260009 ], [ -73.816072061033182, 40.783051221843692 ], [ -73.815169004564098, 40.782069494825251 ], [ -73.81411119068963, 40.781948624623546 ], [ -73.810972256119996, 40.779600464027027 ], [ -73.809828738987548, 40.779440556708991 ], [ -73.809813267232343, 40.778515810584707 ], [ -73.809097707587924, 40.778675381801762 ], [ -73.808453462013844, 40.778262598533445 ], [ -73.808363490831127, 40.777406329924801 ], [ -73.806223260360824, 40.778521428976198 ], [ -73.804667625785243, 40.777059864199394 ], [ -73.804171825524136, 40.777077477989089 ], [ -73.803496659951236, 40.777430508956584 ], [ -73.803571553357799, 40.778399638767858 ], [ -73.802911064234593, 40.779151909516678 ], [ -73.803467713961751, 40.77956272786345 ], [ -73.80303318534655, 40.780940870104075 ], [ -73.802340256733402, 40.780355837387937 ], [ -73.800196606128054, 40.781154675538723 ], [ -73.799901519646426, 40.780876826256744 ], [ -73.798920933296174, 40.780799258908317 ], [ -73.798703467316031, 40.78177216661517 ], [ -73.799049191557543, 40.781848243887652 ], [ -73.799320364080771, 40.781569266919355 ], [ -73.800277349463599, 40.782170785819822 ], [ -73.802420723802541, 40.786018887818045 ], [ -73.802410701612558, 40.785817210986721 ], [ -73.805228159480706, 40.785864249802003 ], [ -73.80550916185382, 40.785680013124342 ], [ -73.80485739840843, 40.785066860596267 ], [ -73.804280496283297, 40.785212680295231 ], [ -73.804794336413053, 40.785018427957375 ], [ -73.80457910071442, 40.784853122644819 ], [ -73.804120378967738, 40.7850082794222 ], [ -73.804156263533073, 40.784814044226053 ], [ -73.803365052732204, 40.784773658258075 ], [ -73.802847325968372, 40.784242886691864 ] ], [ [ -73.799858007807572, 40.776374989050552 ], [ -73.801294721031141, 40.776776539622517 ], [ -73.801264732967581, 40.777183669431828 ], [ -73.802190782005241, 40.777316831643795 ], [ -73.802678432558366, 40.777904940690547 ], [ -73.803351786280174, 40.777294661049829 ], [ -73.802182416835748, 40.776200160828353 ], [ -73.800936276334994, 40.775778823509754 ], [ -73.799641117518789, 40.774560378367177 ], [ -73.798955149036985, 40.7745038691722 ], [ -73.798530131020968, 40.775065730829219 ], [ -73.798865866950862, 40.775217817417527 ], [ -73.79885686475501, 40.775619644841861 ], [ -73.800028833439427, 40.775368953452507 ], [ -73.800323298135126, 40.775622211517657 ], [ -73.799858007807572, 40.776374989050552 ] ], [ [ -73.832577853232365, 40.769353012075257 ], [ -73.833661994322171, 40.769096469257818 ], [ -73.83301456404736, 40.767499675940869 ], [ -73.835471613272105, 40.766925356783069 ], [ -73.835143301953693, 40.76572634130055 ], [ -73.834703857396903, 40.765455236712093 ], [ -73.835396751872906, 40.765346555817871 ], [ -73.835073066314166, 40.76379396621013 ], [ -73.834487791740784, 40.763806523139081 ], [ -73.834596535014256, 40.764747623120989 ], [ -73.831876273991938, 40.765672613470976 ], [ -73.831372982312544, 40.766398191010076 ], [ -73.830104978568798, 40.766099360596634 ], [ -73.827682306317797, 40.766953720415771 ], [ -73.829067687866399, 40.76754413384689 ], [ -73.829797978636279, 40.767278244324302 ], [ -73.831872526160424, 40.769248425941377 ], [ -73.831499512393734, 40.769845259875957 ], [ -73.832058027228925, 40.77046410627883 ], [ -73.831818516730507, 40.771362222146827 ], [ -73.830578243332155, 40.771406737899966 ], [ -73.830235320248406, 40.772463696794773 ], [ -73.829384680682764, 40.773180944024226 ], [ -73.828834288898804, 40.772195707720655 ], [ -73.8277603251953, 40.771675364113577 ], [ -73.828189906194368, 40.773091724303967 ], [ -73.827615322569542, 40.773103243641785 ], [ -73.827576895521304, 40.774069925459152 ], [ -73.826295941955337, 40.773952727310075 ], [ -73.827496421260918, 40.774391123927543 ], [ -73.827364441843642, 40.774963745250226 ], [ -73.826645819330778, 40.774987040634322 ], [ -73.82826085960798, 40.775163276716199 ], [ -73.830152245138095, 40.772861772405236 ], [ -73.832823456557733, 40.771562906097735 ], [ -73.833147907438885, 40.770764289936999 ], [ -73.832577853232365, 40.769353012075257 ] ], [ [ -73.81892229003634, 40.763704671135763 ], [ -73.820086519582063, 40.763424291954372 ], [ -73.81986670124823, 40.762513041316112 ], [ -73.821053859643186, 40.761899720470616 ], [ -73.821693291954205, 40.760872849152307 ], [ -73.821098925000186, 40.760658207396993 ], [ -73.819287178511928, 40.761146992285532 ], [ -73.818507434991915, 40.762392734546914 ], [ -73.816270864235406, 40.761583801051977 ], [ -73.814693036968862, 40.764098260197123 ], [ -73.816157149526873, 40.765286841241355 ], [ -73.81656683221459, 40.764436248633956 ], [ -73.816658489426501, 40.764794542888389 ], [ -73.816945044649444, 40.764501329125423 ], [ -73.818307935491788, 40.764300207214717 ], [ -73.818498106954593, 40.765233850782785 ], [ -73.81942741075332, 40.765383115579986 ], [ -73.81955390839731, 40.765916393440449 ], [ -73.824176567947362, 40.76882164462338 ], [ -73.825775337112987, 40.76745061723377 ], [ -73.82609190442129, 40.766598820372785 ], [ -73.825443841317423, 40.766632171011359 ], [ -73.825476972623193, 40.765629668468463 ], [ -73.824709158363859, 40.765715580823546 ], [ -73.823883711785612, 40.766571115297189 ], [ -73.822671752687, 40.765901236164481 ], [ -73.82143199749585, 40.765855029771302 ], [ -73.821030563309677, 40.764995861091499 ], [ -73.819750746147733, 40.765485735656796 ], [ -73.81892229003634, 40.763704671135763 ] ], [ [ -73.823145156648366, 40.760787602962253 ], [ -73.822046472456265, 40.760364030744604 ], [ -73.821735722233129, 40.760861203901463 ], [ -73.8228339135064, 40.761256736371898 ], [ -73.823145156648366, 40.760787602962253 ] ], [ [ -73.8292896386736, 40.761212348742788 ], [ -73.829611746064373, 40.760626497069453 ], [ -73.827975337876637, 40.76010655582072 ], [ -73.827480401270591, 40.760901711917789 ], [ -73.828374461331194, 40.760732610399813 ], [ -73.8292896386736, 40.761212348742788 ] ], [ [ -73.837728513331328, 40.758405100041266 ], [ -73.836440444555024, 40.758841782741634 ], [ -73.835352919045135, 40.759765628988923 ], [ -73.834709635496196, 40.759059028516717 ], [ -73.833880780729217, 40.760544612916036 ], [ -73.834192956234673, 40.76108512527933 ], [ -73.835278671333953, 40.761362865924255 ], [ -73.836269289733451, 40.761181850274731 ], [ -73.837293242521554, 40.758757024208187 ], [ -73.837728513331328, 40.758405100041266 ] ], [ [ -73.865151564973189, 40.754794934681236 ], [ -73.867823653082652, 40.751614474425068 ], [ -73.870044112915238, 40.752437992354338 ], [ -73.870671732161924, 40.751259984651909 ], [ -73.872328876423282, 40.751573137606201 ], [ -73.873983780820168, 40.752300842940535 ], [ -73.874297241867552, 40.751990072252319 ], [ -73.87794088949984, 40.75390901648683 ], [ -73.878360505014413, 40.753491819450716 ], [ -73.879761088208028, 40.754288922708376 ], [ -73.880269776154663, 40.754238123372787 ], [ -73.879792626401411, 40.754307157345686 ], [ -73.882477013326394, 40.755864322338773 ], [ -73.881762918207613, 40.756581895530459 ], [ -73.881921561718428, 40.757452990589989 ], [ -73.88285103535938, 40.75798810786408 ], [ -73.879743698442937, 40.761110061055327 ], [ -73.879104341653246, 40.760741230870686 ], [ -73.878785922578416, 40.761058658708237 ], [ -73.877092324742904, 40.760084806071234 ], [ -73.876642578584338, 40.761557555371844 ], [ -73.874323517990192, 40.763582128125599 ], [ -73.875462156231961, 40.764238144702759 ], [ -73.874781994942936, 40.765012561236908 ], [ -73.87546328391953, 40.766095181506309 ], [ -73.871824639621181, 40.769746570699738 ], [ -73.872155781658464, 40.770069962158232 ], [ -73.874206400264484, 40.76946027916798 ], [ -73.873729562590611, 40.768422661279388 ], [ -73.874986242426971, 40.76716295700637 ], [ -73.875855108708265, 40.767019332200185 ], [ -73.87553353073848, 40.76608798268304 ], [ -73.875865038555872, 40.766051653513756 ], [ -73.876022042189561, 40.766991137925508 ], [ -73.877798894124851, 40.76800488997462 ], [ -73.878257181110442, 40.76856700623955 ], [ -73.879721589235203, 40.768579609684529 ], [ -73.880161401643775, 40.769235282501931 ], [ -73.880031702419302, 40.768010569284506 ], [ -73.879676229341328, 40.767806426147871 ], [ -73.880268117895639, 40.766817853840081 ], [ -73.882139649688284, 40.765160906077028 ], [ -73.881342742232661, 40.764919509400215 ], [ -73.881342386291252, 40.764693171641987 ], [ -73.88011006548011, 40.764809506293652 ], [ -73.880401451792153, 40.763920709119695 ], [ -73.879690775891305, 40.764635957952137 ], [ -73.879744187553186, 40.763777046869173 ], [ -73.877430021924823, 40.764031038321662 ], [ -73.877306356205153, 40.763347063815658 ], [ -73.879747579138055, 40.763764500055721 ], [ -73.88040378548537, 40.762740376082924 ], [ -73.87909465931547, 40.761972214398796 ], [ -73.882982867490313, 40.758081542350595 ], [ -73.883484361262646, 40.758226623039363 ], [ -73.883921917299006, 40.758018177379348 ], [ -73.887493333434321, 40.760075332348357 ], [ -73.889593072093561, 40.757968145122021 ], [ -73.892231604665767, 40.759488075577053 ], [ -73.89268802463485, 40.759404442214255 ], [ -73.894631840390701, 40.760351530457093 ], [ -73.896220685144044, 40.758754634393675 ], [ -73.895351068261277, 40.758253486902184 ], [ -73.898500982482901, 40.7550919145188 ], [ -73.897193480194673, 40.754314646067598 ], [ -73.897740114141541, 40.752907905197389 ], [ -73.897365126348063, 40.752025662967903 ], [ -73.894372264604002, 40.750731205150572 ], [ -73.897376832347504, 40.752429606242487 ], [ -73.893158460130365, 40.756737159593165 ], [ -73.892217644984541, 40.7561951378297 ], [ -73.890533581402664, 40.75789601256718 ], [ -73.88995641529624, 40.757565686932729 ], [ -73.88874479953877, 40.758503952013847 ], [ -73.887814039587923, 40.758596922565481 ], [ -73.882975954573141, 40.755811550044953 ], [ -73.884461199851089, 40.754316365957038 ], [ -73.883769547607727, 40.753877351673225 ], [ -73.883300792244071, 40.753909676538413 ], [ -73.883788095142279, 40.753853390861345 ], [ -73.886594426930728, 40.751028921494495 ], [ -73.884357046089335, 40.749740487998857 ], [ -73.88511859536986, 40.74897942489396 ], [ -73.884654379564395, 40.747555670966491 ], [ -73.885762004740855, 40.746446337261325 ], [ -73.884586378925803, 40.746039692694708 ], [ -73.883919615280419, 40.746380634890677 ], [ -73.884927646547837, 40.746344638833008 ], [ -73.884963328211896, 40.746534238446458 ], [ -73.883778287789511, 40.746752304258699 ], [ -73.88386639884888, 40.747637959940334 ], [ -73.883118387335372, 40.748394758445549 ], [ -73.882180632320285, 40.748438977865888 ], [ -73.881350824414767, 40.749105796139474 ], [ -73.879435320215435, 40.748990266644164 ], [ -73.878596747578314, 40.749598596779492 ], [ -73.87653303172533, 40.748410701985684 ], [ -73.876825475743885, 40.747446625994662 ], [ -73.87610638248394, 40.745758816292174 ], [ -73.875505878072659, 40.745878391169278 ], [ -73.875278263706733, 40.745217806404781 ], [ -73.873726245183065, 40.744479717540862 ], [ -73.873646681330428, 40.745303406987375 ], [ -73.871805463988139, 40.746263615939633 ], [ -73.869214759425105, 40.74607332311566 ], [ -73.870423136363428, 40.749059222025885 ], [ -73.868714332902485, 40.751415800246953 ], [ -73.86660503429249, 40.750979968028204 ], [ -73.865498309111956, 40.751340677853278 ], [ -73.864389647624336, 40.753153552368893 ], [ -73.863652215779979, 40.752911741898878 ], [ -73.863430380430515, 40.753212355873941 ], [ -73.859533533280882, 40.751922699638229 ], [ -73.859242085592825, 40.752423811054271 ], [ -73.859456666195214, 40.752905262849339 ], [ -73.859972407515002, 40.752991035285021 ], [ -73.860005781436854, 40.753935607389245 ], [ -73.859013207510529, 40.755040464701054 ], [ -73.858921854164763, 40.755633635376135 ], [ -73.860583172681501, 40.756308617137613 ], [ -73.859018019080281, 40.758265029810801 ], [ -73.861065295605371, 40.758191722151928 ], [ -73.862085725463018, 40.758781050654889 ], [ -73.861926252776215, 40.757794063638954 ], [ -73.863961297862389, 40.755955180227829 ], [ -73.863481052287881, 40.755989724655493 ], [ -73.864032542532996, 40.755882982534878 ], [ -73.863860714212564, 40.754947467770805 ], [ -73.865151564973189, 40.754794934681236 ] ], [ [ -73.837807716399027, 40.758371598397773 ], [ -73.837818168599071, 40.758376894808563 ], [ -73.837821466748281, 40.758366068289099 ], [ -73.837807716399027, 40.758371598397773 ] ], [ [ -73.836468109622217, 40.756811998086462 ], [ -73.83799955921279, 40.756270212670792 ], [ -73.837927733875063, 40.756003598897358 ], [ -73.837464484782117, 40.755906382678667 ], [ -73.837392612135602, 40.756273996348625 ], [ -73.836468109622217, 40.756811998086462 ] ], [ [ -73.838017535860047, 40.75501252350459 ], [ -73.837636740410616, 40.755025314112537 ], [ -73.837483256993096, 40.755810366036343 ], [ -73.838125614100946, 40.755932734400034 ], [ -73.838189289323694, 40.756200054365983 ], [ -73.83846752581465, 40.756040155599337 ], [ -73.838017535860047, 40.75501252350459 ] ], [ [ -73.820305624225597, 40.747057971534126 ], [ -73.820027595722422, 40.747183679242184 ], [ -73.820188890547868, 40.747248458358591 ], [ -73.820305624225597, 40.747057971534126 ] ], [ [ -73.773148444743001, 40.746454254920465 ], [ -73.773394403747446, 40.746056718707351 ], [ -73.772693292204139, 40.745296691775309 ], [ -73.772701066694225, 40.745404841418278 ], [ -73.773148444743001, 40.746454254920465 ] ], [ [ -73.866861950054684, 40.745244516243574 ], [ -73.866682237904499, 40.745297827272651 ], [ -73.867251332436808, 40.745406534676441 ], [ -73.866861950054684, 40.745244516243574 ] ], [ [ -73.912388240281928, 40.752331177579727 ], [ -73.91455015498201, 40.752754914751577 ], [ -73.915192390276843, 40.753752035589237 ], [ -73.916505346199799, 40.753891590291879 ], [ -73.916073428198914, 40.7544292748589 ], [ -73.915175866379997, 40.754024332895355 ], [ -73.916249690374997, 40.757681585154806 ], [ -73.915447959239572, 40.757913309073167 ], [ -73.916065204531876, 40.759902939447677 ], [ -73.91732613843709, 40.759676983498359 ], [ -73.917794977838625, 40.759100880328688 ], [ -73.917543453874885, 40.758289622053368 ], [ -73.919700812146544, 40.757902236204572 ], [ -73.918195115319307, 40.753761166754536 ], [ -73.918301055268003, 40.752797296264482 ], [ -73.919359993876327, 40.752694896700255 ], [ -73.92069252468427, 40.752171852490569 ], [ -73.92074829139014, 40.75188070471129 ], [ -73.918826129674585, 40.750488433731576 ], [ -73.915195560570325, 40.751170636481234 ], [ -73.915256009314689, 40.750845625945765 ], [ -73.913143392450124, 40.750967051673257 ], [ -73.909843186461003, 40.751638679830563 ], [ -73.910296264841335, 40.752583300422799 ], [ -73.911340969431052, 40.752129716487239 ], [ -73.911326045390581, 40.753101340001294 ], [ -73.911676250464282, 40.753158476927801 ], [ -73.912388240281928, 40.752331177579727 ] ], [ [ -73.917658573438047, 40.750344129781858 ], [ -73.917625689414862, 40.749378304540706 ], [ -73.918394403094879, 40.748406245617055 ], [ -73.916440918665728, 40.746386916291321 ], [ -73.918982475359854, 40.744963983905436 ], [ -73.918674088457109, 40.744645533082156 ], [ -73.914459779962527, 40.747008584775642 ], [ -73.914220316925025, 40.748509291098841 ], [ -73.914744183099458, 40.749043112213322 ], [ -73.912691142763478, 40.750105493367215 ], [ -73.915405999410851, 40.750111075643488 ], [ -73.915256009314689, 40.750845625945765 ], [ -73.917658573438047, 40.750344129781858 ] ], [ [ -73.909843186461003, 40.751638679830563 ], [ -73.909455246773717, 40.750832972221666 ], [ -73.908008349611521, 40.750813417630219 ], [ -73.907616452376644, 40.750025084089032 ], [ -73.907345129042838, 40.750116799095366 ], [ -73.906563125669038, 40.749631712791981 ], [ -73.906110423851374, 40.750624105171802 ], [ -73.905223660286495, 40.750392012543735 ], [ -73.905912516780873, 40.748859220785263 ], [ -73.905136506219264, 40.748382802236918 ], [ -73.905349164199734, 40.7478925700673 ], [ -73.905571279560149, 40.747951127553051 ], [ -73.905458195067069, 40.747662441497589 ], [ -73.903658002064589, 40.745564812765437 ], [ -73.903742152658836, 40.744928456919766 ], [ -73.907675036235787, 40.743352182387262 ], [ -73.909167254736516, 40.742256047684648 ], [ -73.906013731331228, 40.741853288985631 ], [ -73.901550638575941, 40.743878653604924 ], [ -73.900998714270969, 40.743070529851281 ], [ -73.898866581223146, 40.744213564418182 ], [ -73.898162584594516, 40.743286145927051 ], [ -73.895211217192255, 40.745303046054865 ], [ -73.895456669699158, 40.74606735384998 ], [ -73.896149792991508, 40.745419893192256 ], [ -73.897179535559602, 40.746006657296633 ], [ -73.899313074162578, 40.74539997946642 ], [ -73.899919645176453, 40.745954653192946 ], [ -73.901987056901262, 40.749551322727122 ], [ -73.901207299407687, 40.749934584117995 ], [ -73.901481505160675, 40.749854828607987 ], [ -73.902141933934459, 40.750646372180981 ], [ -73.902992943639845, 40.750964214367855 ], [ -73.904226935385296, 40.75265790795644 ], [ -73.904420036727544, 40.752209748939691 ], [ -73.90607483373762, 40.752913469856125 ], [ -73.906999956889052, 40.750852565752069 ], [ -73.909843186461003, 40.751638679830563 ] ], [ [ -73.905912516780873, 40.748859220785263 ], [ -73.906005437990117, 40.748735583258146 ], [ -73.905981713408096, 40.748705758150038 ], [ -73.905912516780873, 40.748859220785263 ] ], [ [ -73.89369728211669, 40.749576959663742 ], [ -73.893210128398522, 40.75005282453948 ], [ -73.893655859301091, 40.750314462032279 ], [ -73.89369728211669, 40.749576959663742 ] ], [ [ -73.89072154319355, 40.740050966695378 ], [ -73.889194390115634, 40.739681209642178 ], [ -73.889026580977657, 40.738987034795748 ], [ -73.888515801492304, 40.739630147011887 ], [ -73.886591096464045, 40.739234572956335 ], [ -73.885540034577858, 40.739548974260245 ], [ -73.88689502771264, 40.74044881545889 ], [ -73.886966192995729, 40.739484077064375 ], [ -73.887218637589243, 40.740387779020786 ], [ -73.887887825796525, 40.74103806779825 ], [ -73.889886873644045, 40.742128357230676 ], [ -73.891322252517867, 40.740636505052052 ], [ -73.891689860126959, 40.739661521809708 ], [ -73.89094520347706, 40.739525444143808 ], [ -73.89072154319355, 40.740050966695378 ] ], [ [ -73.878094248179835, 40.739561742984471 ], [ -73.883119173202005, 40.73963429440024 ], [ -73.884703340856447, 40.738366302393288 ], [ -73.877957042973605, 40.737062617611201 ], [ -73.875862681613157, 40.735747484121582 ], [ -73.873248326349227, 40.737304561574867 ], [ -73.871685141945306, 40.739377700975702 ], [ -73.873849815757808, 40.740274160329953 ], [ -73.874361251598714, 40.740159886321841 ], [ -73.874504552950384, 40.740532132610745 ], [ -73.875086543386445, 40.740622243529579 ], [ -73.874821811232081, 40.740136490278758 ], [ -73.875994011543781, 40.739824196067069 ], [ -73.878051445470035, 40.7400307337181 ], [ -73.878094248179835, 40.739561742984471 ] ], [ [ -73.876198969633208, 40.732696477746742 ], [ -73.876244244198745, 40.735539871362121 ], [ -73.876935208364401, 40.736034818031392 ], [ -73.878228449731068, 40.736715923870854 ], [ -73.88273132131232, 40.737587294392497 ], [ -73.880368762508908, 40.737006968226275 ], [ -73.878953767536487, 40.736171665544006 ], [ -73.87943739969414, 40.734494706163197 ], [ -73.87757975503682, 40.734470251667766 ], [ -73.877280170548289, 40.73262430812153 ], [ -73.876198969633208, 40.732696477746742 ] ], [ [ -73.85925082871691, 40.729732854031333 ], [ -73.859396119587373, 40.729244745419486 ], [ -73.858165002476554, 40.729624934143196 ], [ -73.857629236479866, 40.72860692181537 ], [ -73.855954153073213, 40.727984720998087 ], [ -73.854889941777287, 40.728301660647389 ], [ -73.854519908335391, 40.727630512207554 ], [ -73.854771793524606, 40.727552828078487 ], [ -73.852472440473534, 40.726714377002537 ], [ -73.851388116577581, 40.727043962143135 ], [ -73.850485443371937, 40.728217291197986 ], [ -73.851677285364545, 40.728032327843692 ], [ -73.856054957236921, 40.729489167836036 ], [ -73.855789203706934, 40.729948064025564 ], [ -73.856395677263293, 40.730149970362703 ], [ -73.85582515285185, 40.731126183149946 ], [ -73.856172020056817, 40.731749772496848 ], [ -73.856004023143342, 40.732926038634943 ], [ -73.856709921440753, 40.731845446840886 ], [ -73.857966538249741, 40.732354964808174 ], [ -73.858794612314838, 40.732230389463538 ], [ -73.85962736337963, 40.73157982209441 ], [ -73.859800203165136, 40.7299673146427 ], [ -73.85925082871691, 40.729732854031333 ] ], [ [ -73.8433671246963, 40.723816452176763 ], [ -73.842154016736117, 40.723411430897187 ], [ -73.841977194326105, 40.723715768611463 ], [ -73.842027062320952, 40.724452519715747 ], [ -73.84326511734082, 40.724864829112548 ], [ -73.841431015931192, 40.728351805012124 ], [ -73.843176966600552, 40.729490921232241 ], [ -73.845158032760409, 40.728900557609187 ], [ -73.848103133862836, 40.730209748231317 ], [ -73.848282271830641, 40.729454185853541 ], [ -73.847973038615322, 40.729769864682005 ], [ -73.842836136760454, 40.728058835562109 ], [ -73.843119453054811, 40.727565718289107 ], [ -73.842551708307226, 40.727377063317022 ], [ -73.844126380190502, 40.724637560713042 ], [ -73.843337288934521, 40.724077713559367 ], [ -73.8433671246963, 40.723816452176763 ] ], [ [ -73.860206788931364, 40.725250874828355 ], [ -73.862768344696491, 40.726122393666259 ], [ -73.865302492801121, 40.725516583856709 ], [ -73.866980914474198, 40.729225513662556 ], [ -73.866446383313601, 40.729368842037708 ], [ -73.867090442479352, 40.730922746689835 ], [ -73.868563504030192, 40.731652365051218 ], [ -73.869086687617127, 40.731548799400521 ], [ -73.869365401932129, 40.731146278116739 ], [ -73.870580964361793, 40.731533624945257 ], [ -73.870594566458735, 40.730807410501427 ], [ -73.871694194194291, 40.730262740498858 ], [ -73.87255219886616, 40.73088174162536 ], [ -73.874236426591793, 40.730243028780428 ], [ -73.875881559967738, 40.730323886076555 ], [ -73.875191291261046, 40.729435650665579 ], [ -73.875292766479902, 40.728068735440935 ], [ -73.872806412428886, 40.728231294756739 ], [ -73.871334700607292, 40.728661421625887 ], [ -73.869634129566137, 40.727958536790936 ], [ -73.870656796834027, 40.727364184784513 ], [ -73.870477900595745, 40.72696197629012 ], [ -73.869536490456937, 40.726647912450545 ], [ -73.867291868400415, 40.726611128825624 ], [ -73.866219540527638, 40.724289732640678 ], [ -73.865755056600108, 40.722347603402433 ], [ -73.866430571603786, 40.721535019120275 ], [ -73.867084890902859, 40.719672130116493 ], [ -73.865476108674898, 40.720280937328603 ], [ -73.859926139838819, 40.714751202842002 ], [ -73.85869605226074, 40.716051768906404 ], [ -73.858091226211073, 40.715974615666376 ], [ -73.857187530227321, 40.715289673202811 ], [ -73.85731233751477, 40.71445572465106 ], [ -73.856812662127624, 40.714052931257861 ], [ -73.856660539891806, 40.71311980732893 ], [ -73.855541519820974, 40.712589067874035 ], [ -73.85425613479444, 40.71293702325891 ], [ -73.85471104963429, 40.712870240502149 ], [ -73.856520411155103, 40.716785109138804 ], [ -73.851367468643843, 40.718171168450851 ], [ -73.8511027525457, 40.717574892345255 ], [ -73.849723188849779, 40.717076975365245 ], [ -73.849358259768749, 40.717172012445957 ], [ -73.847688534751228, 40.713566800790971 ], [ -73.846515586218388, 40.713930826571257 ], [ -73.846415679302623, 40.714684763889871 ], [ -73.845842446118581, 40.715230572311604 ], [ -73.847341211663391, 40.715634725382664 ], [ -73.846389657641367, 40.71619370844568 ], [ -73.846686685590029, 40.717165170058493 ], [ -73.845337611432626, 40.71751791947748 ], [ -73.844628133213959, 40.718635715052308 ], [ -73.842865744083866, 40.718541241691398 ], [ -73.842297095594859, 40.719269075439215 ], [ -73.842443161489541, 40.71962032135761 ], [ -73.84342958978003, 40.719636395639029 ], [ -73.843856443057604, 40.718897574741206 ], [ -73.844847943046162, 40.719250740070301 ], [ -73.845458930814019, 40.719095442346728 ], [ -73.845697775363064, 40.719597037273644 ], [ -73.851293193176247, 40.72154807499804 ], [ -73.852771600530133, 40.721354217825969 ], [ -73.853339186505195, 40.720514070393364 ], [ -73.853487483030008, 40.72094041508344 ], [ -73.853918082202867, 40.720758908746795 ], [ -73.853677675631303, 40.721487200484134 ], [ -73.854797672859149, 40.721506020789654 ], [ -73.854802957924818, 40.722834150190074 ], [ -73.855553854914447, 40.723072242309776 ], [ -73.855540444608636, 40.724090533575769 ], [ -73.854951819975525, 40.725146754030725 ], [ -73.855370986517684, 40.725832670577937 ], [ -73.853312621435506, 40.726607163891842 ], [ -73.85845990564772, 40.728482464540143 ], [ -73.857596551568818, 40.726590965394259 ], [ -73.858511320642549, 40.726345975464554 ], [ -73.858393479799943, 40.726090577516906 ], [ -73.860206788931364, 40.725250874828355 ] ], [ [ -73.839527341864667, 40.716599213781905 ], [ -73.839853892515407, 40.716791284324529 ], [ -73.839980845105075, 40.716916133093342 ], [ -73.839835901229421, 40.716603385307849 ], [ -73.839527341864667, 40.716599213781905 ] ], [ [ -73.873265950807905, 40.713668489312361 ], [ -73.871443036218835, 40.712336533822373 ], [ -73.871637352557556, 40.713541622627915 ], [ -73.873128701862882, 40.714176967353851 ], [ -73.873461889380238, 40.713936797253595 ], [ -73.873265950807905, 40.713668489312361 ] ], [ [ -73.878143391887548, 40.711937151386209 ], [ -73.878396389546666, 40.712267189355124 ], [ -73.879215549459389, 40.712030038033816 ], [ -73.879986672568492, 40.712475781084386 ], [ -73.879076852823758, 40.710359389840569 ], [ -73.879434955035023, 40.710284419435595 ], [ -73.87926181248298, 40.709905347268446 ], [ -73.878727832073324, 40.710027535142018 ], [ -73.877725756341732, 40.707460784116982 ], [ -73.876456879598351, 40.70728275751874 ], [ -73.875603633867783, 40.708062769169167 ], [ -73.87649163401062, 40.708351525244716 ], [ -73.875986817706618, 40.709249461988747 ], [ -73.876031129040655, 40.709954583508136 ], [ -73.877495803173517, 40.710688881732288 ], [ -73.875336147941169, 40.712737703876975 ], [ -73.875422998222675, 40.713124844619642 ], [ -73.876098167729594, 40.713637448798316 ], [ -73.876464030553635, 40.712929973748196 ], [ -73.877340534748811, 40.712780357140986 ], [ -73.878002689887722, 40.712381164904954 ], [ -73.878143391887548, 40.711937151386209 ] ], [ [ -73.870967959806919, 40.708817582515948 ], [ -73.870992483540491, 40.708843178715384 ], [ -73.87097017713802, 40.708816362879595 ], [ -73.870967959806919, 40.708817582515948 ] ], [ [ -73.871984903480964, 40.707722965743692 ], [ -73.871808292152991, 40.70771313833125 ], [ -73.871732581312301, 40.707771992970208 ], [ -73.871984903480964, 40.707722965743692 ] ], [ [ -73.856843463630696, 40.708711832349763 ], [ -73.856677143668136, 40.707691874465986 ], [ -73.855937553902464, 40.707769551348726 ], [ -73.856231504205553, 40.708126162606462 ], [ -73.856843463630696, 40.708711832349763 ] ], [ [ -73.857623084538673, 40.707627733570192 ], [ -73.857422301929304, 40.706964025887665 ], [ -73.856428364847901, 40.707253185556517 ], [ -73.856677143668136, 40.707691874465986 ], [ -73.857623084538673, 40.707627733570192 ] ], [ [ -73.874335971521944, 40.713719164172701 ], [ -73.875119489032073, 40.713146410813202 ], [ -73.875113043402109, 40.71286037311986 ], [ -73.874328350047094, 40.713348820529923 ], [ -73.874335971521944, 40.713719164172701 ] ], [ [ -73.8927618677357, 40.72142208304782 ], [ -73.894186551475414, 40.721643584052302 ], [ -73.895301484995372, 40.721273243725854 ], [ -73.896017426209056, 40.722391888210744 ], [ -73.897155493525503, 40.722897767213148 ], [ -73.897785828208214, 40.722605802353826 ], [ -73.900293409338218, 40.722544452655391 ], [ -73.900002085954299, 40.722018941051566 ], [ -73.900707125482455, 40.721895450794229 ], [ -73.89966598977594, 40.721840404390697 ], [ -73.899295965201247, 40.720952890639552 ], [ -73.897773289799574, 40.720413791926163 ], [ -73.896787440633787, 40.719012371085881 ], [ -73.896994568037755, 40.717307350680301 ], [ -73.897471725725751, 40.716398268843513 ], [ -73.894235324725443, 40.717924379781344 ], [ -73.893014892694637, 40.716150284490759 ], [ -73.890968048174429, 40.718252730425007 ], [ -73.890552802807278, 40.719375762163907 ], [ -73.891113807231065, 40.719481822963452 ], [ -73.889625285111435, 40.724701167296104 ], [ -73.890807700240188, 40.724705660373218 ], [ -73.891211063840117, 40.723497612420267 ], [ -73.891713115707859, 40.722715184071902 ], [ -73.892404762102586, 40.722399300494224 ], [ -73.8927618677357, 40.72142208304782 ] ], [ [ -73.906447421515168, 40.721155988628972 ], [ -73.906762338037822, 40.721831767101293 ], [ -73.907770321491384, 40.722468910715186 ], [ -73.90839410343284, 40.721965148452853 ], [ -73.910693870778857, 40.723115743819314 ], [ -73.913169698057914, 40.723081525896454 ], [ -73.91347489807363, 40.72230245270849 ], [ -73.912459672310348, 40.720930534319265 ], [ -73.911944915430865, 40.720950070943694 ], [ -73.911888893308287, 40.720262830674386 ], [ -73.910513627653913, 40.720313044418269 ], [ -73.910483762978075, 40.719856957731452 ], [ -73.911320951405258, 40.719624229591389 ], [ -73.909659801415785, 40.7177931553272 ], [ -73.90831000765975, 40.718522880268218 ], [ -73.908451136787548, 40.717761838069514 ], [ -73.906819195577597, 40.719256060495752 ], [ -73.906316150407562, 40.718994603619286 ], [ -73.905860324443452, 40.719450382307073 ], [ -73.904937820289504, 40.720508202670189 ], [ -73.906153240135339, 40.720220824264786 ], [ -73.906103673122217, 40.721169305603965 ], [ -73.906447421515168, 40.721155988628972 ] ], [ [ -73.908576193030868, 40.71727840205147 ], [ -73.909803496836687, 40.717652212487259 ], [ -73.908696815160255, 40.716452945784745 ], [ -73.908576193030868, 40.71727840205147 ] ], [ [ -73.914678297194669, 40.726496287121591 ], [ -73.914871156319748, 40.724429328606938 ], [ -73.915106011279562, 40.724442577473056 ], [ -73.914541421361363, 40.723885854948087 ], [ -73.912836024603621, 40.723323057516701 ], [ -73.913498698258266, 40.725321611518758 ], [ -73.914286977053948, 40.726469819459815 ], [ -73.914678297194669, 40.726496287121591 ] ], [ [ -73.918561498514094, 40.731072315972092 ], [ -73.919029330530918, 40.730170318803786 ], [ -73.917730391288686, 40.729879344299512 ], [ -73.917521075674799, 40.731002704588619 ], [ -73.918561498514094, 40.731072315972092 ] ], [ [ -73.918975212381156, 40.730323853244933 ], [ -73.919213565390208, 40.731473087506672 ], [ -73.92010085015572, 40.73204785358061 ], [ -73.922964105556872, 40.732655602900024 ], [ -73.923219614708344, 40.731968469765761 ], [ -73.924514663168281, 40.732250806666244 ], [ -73.924834417514518, 40.731578254835256 ], [ -73.923459053229976, 40.731282900742293 ], [ -73.923983988276504, 40.729900517726492 ], [ -73.922560552498965, 40.729586506674892 ], [ -73.922040441425366, 40.730971174624116 ], [ -73.918975212381156, 40.730323853244933 ] ], [ [ -73.88883814098952, 40.733103596320937 ], [ -73.889750080645115, 40.733698871415221 ], [ -73.890019318532566, 40.733282944478063 ], [ -73.891263566108591, 40.73302571878925 ], [ -73.892174330200632, 40.733142988463179 ], [ -73.893094890619935, 40.733956762768813 ], [ -73.895848902352284, 40.732145589169356 ], [ -73.896387705203907, 40.732539996084874 ], [ -73.897012420553608, 40.731980282839295 ], [ -73.897936184275565, 40.731698012792009 ], [ -73.896974582630207, 40.729871280316374 ], [ -73.895784130328508, 40.729584406416357 ], [ -73.893888671758873, 40.731400738288627 ], [ -73.892899103541524, 40.731083636168378 ], [ -73.890399134973151, 40.732875766926483 ], [ -73.889802382345735, 40.732346096764395 ], [ -73.88883814098952, 40.733103596320937 ] ], [ [ -73.921267588526405, 40.734723806480261 ], [ -73.919780896168007, 40.732779360972529 ], [ -73.919021803699522, 40.732087838358908 ], [ -73.918814378205056, 40.733207654851498 ], [ -73.918351091049018, 40.733152558253281 ], [ -73.917592508127115, 40.735239441438502 ], [ -73.921267588526405, 40.734723806480261 ] ], [ [ -73.906895074793255, 40.736676959689092 ], [ -73.909305518375859, 40.736287285171031 ], [ -73.909597165314239, 40.735656456936916 ], [ -73.907476428338484, 40.735093781598223 ], [ -73.906895074793255, 40.736676959689092 ] ], [ [ -73.908893753658234, 40.736377677686143 ], [ -73.907044284668501, 40.736744358785074 ], [ -73.909285423835058, 40.736334059248911 ], [ -73.908893753658234, 40.736377677686143 ] ], [ [ -73.917510188593639, 40.739606830438305 ], [ -73.918673760672277, 40.740313798874467 ], [ -73.919329097996766, 40.739947152136374 ], [ -73.919300331601661, 40.739292655401677 ], [ -73.922698977547853, 40.737389570789723 ], [ -73.922951075821743, 40.737523510124809 ], [ -73.923798456564754, 40.73718274930993 ], [ -73.925494604517837, 40.736202421204275 ], [ -73.921202531736512, 40.73537934068468 ], [ -73.91746640845264, 40.735485676018975 ], [ -73.916080894344532, 40.739739531892575 ], [ -73.916815918500859, 40.740004070476964 ], [ -73.917510188593639, 40.739606830438305 ] ], [ [ -73.929668495686016, 40.740492339892235 ], [ -73.930236563307375, 40.737674186471551 ], [ -73.929946265296323, 40.737535971636312 ], [ -73.930813563087383, 40.737151762900169 ], [ -73.927067695595241, 40.736521109745013 ], [ -73.929557741898179, 40.737685553925623 ], [ -73.929184847641892, 40.738079399138755 ], [ -73.928781597555485, 40.74016475054426 ], [ -73.929668495686016, 40.740492339892235 ] ], [ [ -73.933513819091999, 40.737722600490571 ], [ -73.932789243907081, 40.737523942168252 ], [ -73.932878768417169, 40.737854066374368 ], [ -73.931645886975701, 40.738318301285346 ], [ -73.933709110214181, 40.739272577253367 ], [ -73.933920519200626, 40.738331974257491 ], [ -73.933513819091999, 40.737722600490571 ] ], [ [ -73.936343046238562, 40.740339525740531 ], [ -73.937268118767648, 40.740459089144743 ], [ -73.937727386197594, 40.738196804490919 ], [ -73.936795914749311, 40.738041337614959 ], [ -73.936343046238562, 40.740339525740531 ] ], [ [ -73.956391922974674, 40.738952673090196 ], [ -73.958458686808143, 40.738039203051024 ], [ -73.958542028344212, 40.73771695358738 ], [ -73.957934515993088, 40.737698130281935 ], [ -73.95661240645012, 40.738474842636435 ], [ -73.956391922974674, 40.738952673090196 ] ], [ [ -73.906415791424081, 40.741535350397207 ], [ -73.907554903741328, 40.741664563654197 ], [ -73.909216420383842, 40.73649627641614 ], [ -73.907398962012152, 40.736904567594209 ], [ -73.907912285623723, 40.737764818695887 ], [ -73.906496295143157, 40.737959655286254 ], [ -73.907193745496201, 40.738599887180172 ], [ -73.905486624500668, 40.739830410705302 ], [ -73.905502176432861, 40.740234847344659 ], [ -73.906291763053318, 40.74058308715253 ], [ -73.906415791424081, 40.741535350397207 ] ], [ [ -73.894811917878073, 40.740965309171642 ], [ -73.894332551710903, 40.740152242414574 ], [ -73.892956358911363, 40.73989390950311 ], [ -73.894546634266177, 40.741042739169053 ], [ -73.894811917878073, 40.740965309171642 ] ], [ [ -73.892222808459209, 40.737955871268532 ], [ -73.890676693072081, 40.738673720611558 ], [ -73.891041989496927, 40.738963237932218 ], [ -73.892246314263161, 40.738990220971594 ], [ -73.892231021100429, 40.739390924322599 ], [ -73.894828807223959, 40.739884220506084 ], [ -73.895878235756172, 40.739269045242345 ], [ -73.897853756560437, 40.739138297653376 ], [ -73.897725812376663, 40.738653164241107 ], [ -73.897047476676889, 40.738156176420489 ], [ -73.895908698266652, 40.738175276088349 ], [ -73.895334132997363, 40.73771058753438 ], [ -73.894509208885935, 40.737838357147766 ], [ -73.894557504432228, 40.737383495029263 ], [ -73.893708631679999, 40.736913459042704 ], [ -73.8934577333699, 40.737167089581995 ], [ -73.893581671083524, 40.737552680276465 ], [ -73.894138593131743, 40.737596593398678 ], [ -73.894107579658908, 40.738316764374673 ], [ -73.892276094357854, 40.738269743153545 ], [ -73.892222808459209, 40.737955871268532 ] ], [ [ -73.882912642198022, 40.736084916898221 ], [ -73.88271303115198, 40.73696889996215 ], [ -73.883493234836905, 40.737728265477088 ], [ -73.88467534581406, 40.737949511272866 ], [ -73.883518887846009, 40.73748462766909 ], [ -73.883784701355182, 40.73716782001614 ], [ -73.883584536348053, 40.736290153404589 ], [ -73.884754244252107, 40.736409309137692 ], [ -73.885297787527549, 40.735791532040267 ], [ -73.884800425204148, 40.734826785171194 ], [ -73.884077153890416, 40.734723382308147 ], [ -73.884233296851633, 40.735573767573655 ], [ -73.883577744595883, 40.735636119906815 ], [ -73.883406064179823, 40.735984462723302 ], [ -73.882912642198022, 40.736084916898221 ] ], [ [ -73.901126637570087, 40.735077992202612 ], [ -73.9019369532177, 40.734508082632466 ], [ -73.902205078434676, 40.734711098930077 ], [ -73.902436680775509, 40.734568470166565 ], [ -73.901510384710733, 40.73435842312059 ], [ -73.900980299667211, 40.734891042327916 ], [ -73.901126637570087, 40.735077992202612 ] ], [ [ -73.905629695143773, 40.736086748011935 ], [ -73.905169488596755, 40.73585964300289 ], [ -73.904730509637602, 40.735690511500316 ], [ -73.905629695143773, 40.736086748011935 ] ], [ [ -73.928695390878843, 40.74060385489139 ], [ -73.926797480024845, 40.741666843138105 ], [ -73.92721327715941, 40.742096389087941 ], [ -73.928371354475871, 40.742229934057114 ], [ -73.928695390878843, 40.74060385489139 ] ], [ [ -73.93616335887188, 40.741243877515664 ], [ -73.93338007427765, 40.740921152941077 ], [ -73.932634879093897, 40.744618273910412 ], [ -73.933470695728232, 40.745032570414729 ], [ -73.93326391644834, 40.746288396299349 ], [ -73.937696815883996, 40.745238574259481 ], [ -73.935413653897939, 40.744961202803587 ], [ -73.93616335887188, 40.741243877515664 ] ], [ [ -73.930721832203901, 40.74472115867642 ], [ -73.93171621098341, 40.744509402387131 ], [ -73.930786572191295, 40.744396259595007 ], [ -73.930721832203901, 40.74472115867642 ] ], [ [ -73.930721832203901, 40.74472115867642 ], [ -73.928867619070843, 40.744509200290381 ], [ -73.92855441993251, 40.746082471138855 ], [ -73.930407271478828, 40.746296250828046 ], [ -73.930721832203901, 40.74472115867642 ] ], [ [ -73.931335375042181, 40.746405138878622 ], [ -73.932267630934248, 40.746497128375708 ], [ -73.932577462096006, 40.74493844300455 ], [ -73.931649800372782, 40.744832383653531 ], [ -73.931335375042181, 40.746405138878622 ] ], [ [ -73.934409311014377, 40.748970736469303 ], [ -73.935063518857035, 40.748345977248988 ], [ -73.935580959615038, 40.747177802209166 ], [ -73.934806335303193, 40.746426606627743 ], [ -73.932850067892375, 40.746976411662793 ], [ -73.9274993398829, 40.747750321798492 ], [ -73.92767265621093, 40.748369235266061 ], [ -73.926446597656508, 40.748533006596112 ], [ -73.926396989615938, 40.748955135931006 ], [ -73.92601301193028, 40.748934588908057 ], [ -73.926326774932647, 40.749043574802002 ], [ -73.923973293520461, 40.748783618083856 ], [ -73.924383893459066, 40.748699142607741 ], [ -73.924016773241235, 40.748611138550409 ], [ -73.924118483274242, 40.748238521908704 ], [ -73.922008808529029, 40.747942989314581 ], [ -73.921130106223231, 40.751049625558821 ], [ -73.921612080914102, 40.751371551622185 ], [ -73.923416342094768, 40.751604276876286 ], [ -73.923605101503071, 40.750638092460605 ], [ -73.924898551291619, 40.750298748910367 ], [ -73.926032986122038, 40.750917257258898 ], [ -73.930955862233802, 40.750121941382041 ], [ -73.931647373516398, 40.751392263113573 ], [ -73.932762958248418, 40.751844694025017 ], [ -73.932980618818846, 40.750834090737442 ], [ -73.934211176630114, 40.75007137083427 ], [ -73.934409311014377, 40.748970736469303 ] ], [ [ -73.939167354011644, 40.746520167000526 ], [ -73.937766294598333, 40.747334492371415 ], [ -73.938982131286878, 40.747674371862736 ], [ -73.939167354011644, 40.746520167000526 ] ], [ [ -73.973123051636563, 40.751450623882377 ], [ -73.974067860372074, 40.753942221931659 ], [ -73.973834190026494, 40.754481318056911 ], [ -73.974868441906992, 40.753063948201522 ], [ -73.974175160025467, 40.751221186894149 ], [ -73.973123051636563, 40.751450623882377 ] ], [ [ -73.936685504476273, 40.753605859327649 ], [ -73.937256157538769, 40.755810387259075 ], [ -73.938175573139475, 40.755686766362942 ], [ -73.939270915455623, 40.754497233900047 ], [ -73.938855594958454, 40.752105872523387 ], [ -73.935084288455016, 40.752856202925592 ], [ -73.933243377982393, 40.75229985015303 ], [ -73.932909903584076, 40.752693203411084 ], [ -73.932398471232474, 40.752438342452074 ], [ -73.932349208633909, 40.754041755128711 ], [ -73.936685504476273, 40.753605859327649 ] ], [ [ -73.926450157696337, 40.742524156213783 ], [ -73.925504543555817, 40.743052956361922 ], [ -73.926201361562534, 40.743777386829912 ], [ -73.926450157696337, 40.742524156213783 ] ], [ [ -73.860714971644825, 40.729822693353498 ], [ -73.861132801105171, 40.729895016672621 ], [ -73.860728148452921, 40.729803047992434 ], [ -73.860714971644825, 40.729822693353498 ] ], [ [ -73.85237865642894, 40.726668658676196 ], [ -73.852371242583772, 40.726671223303399 ], [ -73.852388737307123, 40.72667895067945 ], [ -73.85237865642894, 40.726668658676196 ] ], [ [ -73.905864403300342, 40.753403848745883 ], [ -73.905128027627526, 40.754710463197213 ], [ -73.904958720203354, 40.753743942348272 ], [ -73.90268437555234, 40.756048363871429 ], [ -73.904112491479324, 40.756869446060918 ], [ -73.904166270863371, 40.756325856726498 ], [ -73.905363199368992, 40.756011424330921 ], [ -73.906909606452231, 40.754477014028161 ], [ -73.908166970494349, 40.754671700637587 ], [ -73.908205906986097, 40.754292016100692 ], [ -73.9070072655378, 40.754363820972316 ], [ -73.907666586786647, 40.753651270401988 ], [ -73.906908897675038, 40.75328484873512 ], [ -73.905864403300342, 40.753403848745883 ] ], [ [ -73.894775778021568, 40.760434645191062 ], [ -73.895872093005067, 40.761226945869126 ], [ -73.895915452318391, 40.761251982652006 ], [ -73.894775778021568, 40.760434645191062 ] ], [ [ -73.8929582379415, 40.764743980711245 ], [ -73.89144025476088, 40.765646883904239 ], [ -73.893180602082879, 40.76577100602784 ], [ -73.893965240480398, 40.765558471946974 ], [ -73.895035250987448, 40.764037797264685 ], [ -73.896373369233885, 40.762942965901281 ], [ -73.892720352805682, 40.763332744794134 ], [ -73.8929582379415, 40.764743980711245 ] ], [ [ -73.888065630407183, 40.76517834457966 ], [ -73.887370441395362, 40.765155390782795 ], [ -73.889151742814377, 40.766012657525486 ], [ -73.889051069516, 40.765389800411938 ], [ -73.887992201899834, 40.764783000963028 ], [ -73.888065630407183, 40.76517834457966 ] ], [ [ -73.904273368164496, 40.767545104741075 ], [ -73.903512277858198, 40.765849460030573 ], [ -73.902025165325185, 40.767416783846997 ], [ -73.903252116106216, 40.767504322942273 ], [ -73.903806735856179, 40.766814376382051 ], [ -73.904273368164496, 40.767545104741075 ] ], [ [ -73.893099074601622, 40.76670992476415 ], [ -73.895848129262319, 40.766729368806459 ], [ -73.89150537324636, 40.766409409959955 ], [ -73.890475149177718, 40.766509941033476 ], [ -73.890666140577693, 40.766642720721514 ], [ -73.888407961977393, 40.76705883962007 ], [ -73.889412808096978, 40.772985241960114 ], [ -73.893583247938636, 40.774138640799606 ], [ -73.893542876660305, 40.773271714864975 ], [ -73.892643525757023, 40.772619795620052 ], [ -73.892823048641475, 40.77218258810877 ], [ -73.893726913149322, 40.772074197079384 ], [ -73.893613988008369, 40.771156373997684 ], [ -73.894650873458431, 40.770143631277236 ], [ -73.896289635053236, 40.770388330834848 ], [ -73.897408868060836, 40.769665299508162 ], [ -73.90057990573095, 40.769694843250896 ], [ -73.90061772280751, 40.770416047761088 ], [ -73.901043855069645, 40.770403248529732 ], [ -73.901161116341612, 40.772801429215498 ], [ -73.900479498168067, 40.773759089843956 ], [ -73.900488555176551, 40.774700563423657 ], [ -73.900493646906853, 40.773804907086131 ], [ -73.902247143171337, 40.773589170432381 ], [ -73.90207412936202, 40.770036735800744 ], [ -73.902843739109386, 40.770010936827262 ], [ -73.904695301645404, 40.768557068032187 ], [ -73.905334566207657, 40.76851729886598 ], [ -73.903970045383048, 40.76799270918265 ], [ -73.895388109139205, 40.766769739233119 ], [ -73.893099074601622, 40.76670992476415 ] ], [ [ -73.851253749794324, 40.771890786149477 ], [ -73.850338088184003, 40.771743669041371 ], [ -73.849942418829784, 40.771927193259913 ], [ -73.848621912876553, 40.770688044629246 ], [ -73.848466168396385, 40.769726441506926 ], [ -73.848996563682348, 40.769148313504111 ], [ -73.848192708034532, 40.76848035983145 ], [ -73.848566972051415, 40.768090907199991 ], [ -73.847805751044135, 40.766772948171742 ], [ -73.847230679761552, 40.766313158095812 ], [ -73.846200240379417, 40.766196343166506 ], [ -73.844913328461232, 40.765528387676042 ], [ -73.843947483357965, 40.765494881485857 ], [ -73.840311703152807, 40.766294797898446 ], [ -73.839753879822752, 40.767120444435875 ], [ -73.839498058619029, 40.767017016985669 ], [ -73.839697725490808, 40.766392677045445 ], [ -73.839256217687833, 40.766034209639713 ], [ -73.83674671466521, 40.769174182644001 ], [ -73.838130517430216, 40.769894565202605 ], [ -73.837861009685284, 40.770899816010257 ], [ -73.837415279697751, 40.770913427597698 ], [ -73.837879578694867, 40.771801071738309 ], [ -73.842022310502585, 40.772021036389624 ], [ -73.842961237096318, 40.772985616503149 ], [ -73.845469091831603, 40.77379017589616 ], [ -73.847303266355041, 40.775747979230722 ], [ -73.847173589567177, 40.776160446114922 ], [ -73.847521878506555, 40.77645174950441 ], [ -73.848032657091821, 40.776083348296133 ], [ -73.849053194018452, 40.776481668539176 ], [ -73.849185805032363, 40.773104720588684 ], [ -73.850040656124605, 40.772224600555937 ], [ -73.849951625835203, 40.771958298375388 ], [ -73.851253749794324, 40.771890786149477 ] ], [ [ -73.839578268535348, 40.765252322973083 ], [ -73.839578718655574, 40.765482397957101 ], [ -73.839700534285342, 40.765289588437696 ], [ -73.839578268535348, 40.765252322973083 ] ], [ [ -73.869710567675213, 40.769736150509807 ], [ -73.870221046768435, 40.769574059875588 ], [ -73.869733475294851, 40.769322637748196 ], [ -73.869784145894343, 40.769693209298595 ], [ -73.868555487647171, 40.769782648165702 ], [ -73.868588283087149, 40.768955221287356 ], [ -73.868882610095199, 40.768826549601386 ], [ -73.868618352093449, 40.768635243937076 ], [ -73.867314490056003, 40.768209475204692 ], [ -73.866322245145227, 40.768756869738333 ], [ -73.865399126027654, 40.768120950033612 ], [ -73.868176644145862, 40.770102795239822 ], [ -73.869838578814367, 40.770964312841734 ], [ -73.869176278048428, 40.77058571481863 ], [ -73.869710567675213, 40.769736150509807 ] ], [ [ -73.871566585971465, 40.769667442218726 ], [ -73.871155973839606, 40.769433426963083 ], [ -73.871072620514909, 40.769515972598555 ], [ -73.871566585971465, 40.769667442218726 ] ], [ [ -73.887843462981735, 40.764696977592493 ], [ -73.887519198799637, 40.76482546630249 ], [ -73.887982019901145, 40.764777177999072 ], [ -73.887843462981735, 40.764696977592493 ] ], [ [ -73.865333324071187, 40.763376838427433 ], [ -73.864796740036653, 40.762901566134097 ], [ -73.863645670971508, 40.761712966774219 ], [ -73.863358878692466, 40.763141048708952 ], [ -73.865333324071187, 40.763376838427433 ] ], [ [ -73.836348069916383, 40.762228193735154 ], [ -73.836332650826634, 40.762264766695964 ], [ -73.836350726562372, 40.762253039702777 ], [ -73.836348069916383, 40.762228193735154 ] ], [ [ -73.835362806572675, 40.761778560693664 ], [ -73.836289409336302, 40.761679570303379 ], [ -73.836247985467281, 40.761292146956805 ], [ -73.835291031031645, 40.761409705406898 ], [ -73.835362806572675, 40.761778560693664 ] ], [ [ -73.849952245685714, 40.779461336782781 ], [ -73.851079460828402, 40.779297757684098 ], [ -73.851476061265487, 40.778964408726374 ], [ -73.850111481301965, 40.779300895374128 ], [ -73.849952245685714, 40.779461336782781 ] ], [ [ -73.850089303936656, 40.77963435299413 ], [ -73.852388328445187, 40.779528902387909 ], [ -73.852356619362382, 40.77916933052235 ], [ -73.852352678815066, 40.779480671828289 ], [ -73.850089303936656, 40.77963435299413 ] ], [ [ -73.851670991622285, 40.780035228878177 ], [ -73.850456560316914, 40.779888279913848 ], [ -73.85037629587373, 40.780011113908216 ], [ -73.851670991622285, 40.780035228878177 ] ], [ [ -73.850936464626386, 40.781119575156985 ], [ -73.849846916841969, 40.780982434074751 ], [ -73.849328192161565, 40.781335980933285 ], [ -73.849850891169254, 40.78152409851625 ], [ -73.849887280637475, 40.781121511316961 ], [ -73.850936464626386, 40.781119575156985 ] ], [ [ -73.8287811904612, 40.783745772252331 ], [ -73.831700252465836, 40.784094109156165 ], [ -73.832317833647764, 40.783973781698968 ], [ -73.833289751058942, 40.784360345027522 ], [ -73.835166993152967, 40.784353759211058 ], [ -73.835304067621223, 40.783007957064576 ], [ -73.834503786476276, 40.782582585055081 ], [ -73.833944423366077, 40.782591437611323 ], [ -73.83341582597734, 40.783000372333859 ], [ -73.832172959736937, 40.783024002860849 ], [ -73.830928803879758, 40.782991082699269 ], [ -73.829957839472712, 40.782568187579521 ], [ -73.82892610604469, 40.782649033623194 ], [ -73.8287811904612, 40.783745772252331 ] ], [ [ -73.82635784549953, 40.783744145976755 ], [ -73.826709494072148, 40.783773185826611 ], [ -73.82657143535863, 40.783227388731113 ], [ -73.82645733216664, 40.783291535204384 ], [ -73.82635784549953, 40.783744145976755 ] ], [ [ -73.806276633382694, 40.785388519351933 ], [ -73.806236240957887, 40.785533080272856 ], [ -73.806359727203514, 40.785603745683694 ], [ -73.806276633382694, 40.785388519351933 ] ], [ [ -73.932264826559916, 40.760883990042849 ], [ -73.932328636242843, 40.760766009621655 ], [ -73.932069340508434, 40.760796363049451 ], [ -73.932264826559916, 40.760883990042849 ] ], [ [ -73.901691709344419, 40.714829471448809 ], [ -73.902096773265072, 40.714368022947795 ], [ -73.902229893148998, 40.71410480352224 ], [ -73.90123621569245, 40.714584610906535 ], [ -73.901691709344419, 40.714829471448809 ] ], [ [ -73.908307597899665, 40.714113267322098 ], [ -73.90834167893729, 40.714109515804068 ], [ -73.908332849921266, 40.714062135179162 ], [ -73.908307597899665, 40.714113267322098 ] ], [ [ -73.879570978929721, 40.70681626210731 ], [ -73.878885724309441, 40.706315002065821 ], [ -73.878731154963972, 40.706966881599016 ], [ -73.879570978929721, 40.70681626210731 ] ], [ [ -73.893144906758096, 40.702047065416942 ], [ -73.892910954653331, 40.702307661059024 ], [ -73.893404882585386, 40.702226528968758 ], [ -73.893344149220752, 40.702620758206969 ], [ -73.894375644800633, 40.703665000709663 ], [ -73.895352863986218, 40.704044364486705 ], [ -73.894985687229521, 40.70459498473496 ], [ -73.895209286300783, 40.705115902895386 ], [ -73.895793366759861, 40.704168752056297 ], [ -73.898666505382764, 40.705160414640126 ], [ -73.899000970485275, 40.705064049835933 ], [ -73.898892140726147, 40.704109007578239 ], [ -73.899380705925196, 40.703968724361104 ], [ -73.899541165448042, 40.704154764468441 ], [ -73.89986507407508, 40.703607370830717 ], [ -73.89491183524018, 40.701909705094828 ], [ -73.894850552808066, 40.700774263191441 ], [ -73.89429349426716, 40.700822273323531 ], [ -73.894335262870243, 40.701746911179249 ], [ -73.894174901993111, 40.700832250089093 ], [ -73.893012758275901, 40.700734942427118 ], [ -73.893200234560098, 40.699845370347418 ], [ -73.892205958727487, 40.699239575295408 ], [ -73.890995219006527, 40.699298182226663 ], [ -73.890909642232216, 40.698722043046082 ], [ -73.892381147736074, 40.698111043359887 ], [ -73.892022319699223, 40.697929599895026 ], [ -73.892569618709686, 40.697187530911876 ], [ -73.891950435971353, 40.696109300061842 ], [ -73.893134184150199, 40.695825312724388 ], [ -73.893623708193346, 40.695327268201964 ], [ -73.893519942962016, 40.694967671046719 ], [ -73.892452075920332, 40.69522572853807 ], [ -73.89195658664795, 40.694410570189042 ], [ -73.888290758922196, 40.695235477505882 ], [ -73.888654169191213, 40.695829548900747 ], [ -73.886485302770382, 40.696439914589313 ], [ -73.887651561413463, 40.69732519209839 ], [ -73.888614393407991, 40.699539507132101 ], [ -73.883293953989266, 40.700520492904865 ], [ -73.885862189993006, 40.70225917844428 ], [ -73.887792150605037, 40.703031336657517 ], [ -73.885920578710383, 40.706181382768371 ], [ -73.889119177516307, 40.705598876894776 ], [ -73.889770628999258, 40.705035275611486 ], [ -73.889093241746778, 40.704278838373867 ], [ -73.890001485342779, 40.702968285633361 ], [ -73.890743542610139, 40.702372644215714 ], [ -73.891779605623086, 40.702493486532127 ], [ -73.891628271261112, 40.702126540940313 ], [ -73.890727248003088, 40.702334643636945 ], [ -73.890245543664207, 40.701148606927866 ], [ -73.891527299778573, 40.701045848524842 ], [ -73.891654301196539, 40.701428614166069 ], [ -73.893144906758096, 40.702047065416942 ] ], [ [ -73.8768092598648, 40.701376028457268 ], [ -73.877654222362551, 40.701269123670201 ], [ -73.878299158326783, 40.702143447058162 ], [ -73.87749215470096, 40.703078588505953 ], [ -73.878298860011171, 40.703269382912289 ], [ -73.878094844083023, 40.704072550109203 ], [ -73.879095985092903, 40.702801916801867 ], [ -73.8791666243892, 40.702075734725092 ], [ -73.880541549512728, 40.701713065916024 ], [ -73.880636229773387, 40.701031160498424 ], [ -73.88111786749549, 40.700993864452315 ], [ -73.881228253234269, 40.701257872094835 ], [ -73.882145433424625, 40.700183077369701 ], [ -73.881951424995236, 40.699670000783279 ], [ -73.881826905816013, 40.69952929900591 ], [ -73.8768092598648, 40.701376028457268 ] ], [ [ -73.835352322322507, 40.692062460290202 ], [ -73.831871150952438, 40.693052806796793 ], [ -73.830830236937629, 40.694759255808833 ], [ -73.834344643277561, 40.695981754152498 ], [ -73.834002268007012, 40.69655428279669 ], [ -73.834643253797012, 40.69783289728781 ], [ -73.835547969119077, 40.697642978661904 ], [ -73.835886848956946, 40.696768226751288 ], [ -73.83533744196157, 40.695818148834171 ], [ -73.8363525395376, 40.695523836386954 ], [ -73.836146152627805, 40.695233972427665 ], [ -73.83661458913916, 40.695090300287632 ], [ -73.837466868460922, 40.693215637700384 ], [ -73.83803233591793, 40.693388443857607 ], [ -73.838300839076226, 40.693074921824078 ], [ -73.83649050203077, 40.69245761300018 ], [ -73.836090569845524, 40.692673335641345 ], [ -73.835352322322507, 40.692062460290202 ] ], [ [ -73.845502380281047, 40.69266391045835 ], [ -73.844378762955273, 40.690609365664621 ], [ -73.845524701535879, 40.690282509930228 ], [ -73.844769638410966, 40.689397240652887 ], [ -73.844138260679017, 40.689578277742598 ], [ -73.842242956728782, 40.692727375505633 ], [ -73.840466224475065, 40.692110270416485 ], [ -73.838470377446001, 40.693026707366826 ], [ -73.842166222889247, 40.694324010896722 ], [ -73.843907695244923, 40.692109796212378 ], [ -73.845502380281047, 40.69266391045835 ] ], [ [ -73.84983832822634, 40.688460967927611 ], [ -73.849650107819244, 40.688861143361876 ], [ -73.847704988473907, 40.688546735685982 ], [ -73.850232463810457, 40.68945932746864 ], [ -73.850744462067084, 40.688777073930673 ], [ -73.84983832822634, 40.688460967927611 ] ], [ [ -73.845452587892396, 40.689195885259188 ], [ -73.845926939038264, 40.689056049312711 ], [ -73.845937073820764, 40.689050846379182 ], [ -73.845925953094977, 40.689054022338127 ], [ -73.845452587892396, 40.689195885259188 ] ], [ [ -73.864809614979634, 40.688015968446997 ], [ -73.870204773083913, 40.690689424178984 ], [ -73.87433455774358, 40.68917403397213 ], [ -73.873853965308669, 40.688294077315668 ], [ -73.87422878000524, 40.687970719213517 ], [ -73.873441519193733, 40.686884312157368 ], [ -73.874562981524406, 40.684437512687602 ], [ -73.874388502897517, 40.684004759129706 ], [ -73.874987428746536, 40.683890455242306 ], [ -73.875485583177166, 40.683248385267007 ], [ -73.874932873781717, 40.682869556679016 ], [ -73.874105321206471, 40.68310383199352 ], [ -73.873807283559898, 40.681933026208959 ], [ -73.87244157915444, 40.681367751001353 ], [ -73.872872696553188, 40.680016736303742 ], [ -73.871762866744291, 40.679439301393444 ], [ -73.871085278876492, 40.679736596794378 ], [ -73.868997980051589, 40.678570259319351 ], [ -73.865094243383453, 40.682529105438313 ], [ -73.86092201612388, 40.680631977504717 ], [ -73.860605114630403, 40.681165211475324 ], [ -73.861259097799291, 40.681832480287888 ], [ -73.860230356189632, 40.683571638472806 ], [ -73.860147378100081, 40.684589341479594 ], [ -73.860764958535569, 40.684753326334359 ], [ -73.859354006650634, 40.685158865514516 ], [ -73.859601954995725, 40.685983522360353 ], [ -73.859330834753422, 40.686062670691818 ], [ -73.858736745258639, 40.685249194919251 ], [ -73.858144197114015, 40.685323823925124 ], [ -73.856169062625256, 40.688673521927939 ], [ -73.860571676723339, 40.690571068699505 ], [ -73.861541572798089, 40.689537068952816 ], [ -73.862719840996704, 40.689211423640046 ], [ -73.863131153144764, 40.688766610980586 ], [ -73.863810342212048, 40.689093814087144 ], [ -73.864809614979634, 40.688015968446997 ] ], [ [ -73.842951467384083, 40.682854172312254 ], [ -73.842039894718965, 40.684358657508824 ], [ -73.842868355942372, 40.686037028555006 ], [ -73.843730518903513, 40.685789237862906 ], [ -73.845454570376702, 40.683302166565291 ], [ -73.844430529392042, 40.680667417865259 ], [ -73.843972633488747, 40.68058374078668 ], [ -73.842862413097905, 40.682023764616211 ], [ -73.842951467384083, 40.682854172312254 ] ], [ [ -73.850196489925139, 40.683582987065797 ], [ -73.850809374195336, 40.682136848070684 ], [ -73.851639287720985, 40.681886272321997 ], [ -73.8519663852598, 40.682451662977172 ], [ -73.853275095186106, 40.680194330077065 ], [ -73.853221686731729, 40.67990767412352 ], [ -73.85267726102947, 40.680079415082652 ], [ -73.852554910219041, 40.679788518383496 ], [ -73.853189366005267, 40.679734199894511 ], [ -73.852180978051621, 40.679047182082641 ], [ -73.851016128364549, 40.679372787535506 ], [ -73.850806060981043, 40.678429742503909 ], [ -73.850147510347242, 40.678845733134672 ], [ -73.843894135902019, 40.676259385355664 ], [ -73.844164468282457, 40.678797303213798 ], [ -73.843522390107168, 40.676372756335304 ], [ -73.843139627759541, 40.677210720590701 ], [ -73.843419645187211, 40.67749980512815 ], [ -73.841996060041524, 40.679861560846348 ], [ -73.842548337106578, 40.680023265398773 ], [ -73.84275204541278, 40.679479750615634 ], [ -73.842915919334843, 40.680012045162968 ], [ -73.843966093953128, 40.680403107789765 ], [ -73.84589207654723, 40.680186379053971 ], [ -73.846334339577609, 40.681089296283979 ], [ -73.844832207637424, 40.680738997272641 ], [ -73.845656313684941, 40.68296386530546 ], [ -73.845987631017792, 40.682422565339685 ], [ -73.847016929597302, 40.682475944081474 ], [ -73.850196489925139, 40.683582987065797 ] ], [ [ -73.875069923531512, 40.675894869933799 ], [ -73.878440330496844, 40.672296220357673 ], [ -73.878687799422607, 40.672339092930464 ], [ -73.877382356675369, 40.671661602158657 ], [ -73.87584543911855, 40.673379573444848 ], [ -73.873746683768417, 40.672146839629278 ], [ -73.873853852235641, 40.672492428489399 ], [ -73.871765593651574, 40.674803352755198 ], [ -73.86959608710643, 40.673680788854504 ], [ -73.870598893619842, 40.674281168257423 ], [ -73.869915288658419, 40.675049154297767 ], [ -73.869520459541803, 40.676344172230436 ], [ -73.871791249980163, 40.674906279694227 ], [ -73.873026075731346, 40.675411913256546 ], [ -73.873387989875255, 40.675019000480688 ], [ -73.875069923531512, 40.675894869933799 ] ], [ [ -73.866555047833316, 40.669684370855741 ], [ -73.866291139883515, 40.669024246825558 ], [ -73.864509765451473, 40.669372831242718 ], [ -73.864363175791695, 40.670710174845489 ], [ -73.863177610891128, 40.67090129959756 ], [ -73.862145418921529, 40.672050775269746 ], [ -73.862666063447733, 40.672322426582205 ], [ -73.863346729257287, 40.671584057806584 ], [ -73.864612789695187, 40.671717839609542 ], [ -73.864727422427251, 40.672310741997393 ], [ -73.865156660097455, 40.672448522457458 ], [ -73.86495179091159, 40.671620691413693 ], [ -73.866005633010872, 40.6708744608449 ], [ -73.867058657929135, 40.671221206102764 ], [ -73.867002855397146, 40.670751825270123 ], [ -73.866336845994979, 40.670405974252731 ], [ -73.867653114027689, 40.668927675583745 ], [ -73.866729261489979, 40.669056363546062 ], [ -73.866792462802337, 40.669649942793825 ], [ -73.866555047833316, 40.669684370855741 ] ], [ [ -73.864319713591243, 40.669081400568466 ], [ -73.865523179694165, 40.668895861188773 ], [ -73.866200253441718, 40.668796905786088 ], [ -73.864988886743774, 40.668477902275271 ], [ -73.864319713591243, 40.669081400568466 ] ], [ [ -73.866827069430315, 40.668706161733176 ], [ -73.867994406821964, 40.668542255702491 ], [ -73.868795961990855, 40.668104807151494 ], [ -73.868671401994789, 40.66786514676285 ], [ -73.869079942884255, 40.668014612135522 ], [ -73.868749148016676, 40.66735539856149 ], [ -73.867800204032093, 40.668543713905365 ], [ -73.866827069430315, 40.668706161733176 ] ], [ [ -73.84162917036744, 40.666672094165079 ], [ -73.841502412996192, 40.666179923250183 ], [ -73.838916407165698, 40.666922923575108 ], [ -73.839826565685286, 40.667398481256413 ], [ -73.84060815380316, 40.667552502898118 ], [ -73.839142045957246, 40.666935300888028 ], [ -73.84140495532742, 40.666292445951456 ], [ -73.84162917036744, 40.666672094165079 ] ], [ [ -73.840597447198093, 40.665304669690919 ], [ -73.839946878894494, 40.665695423232371 ], [ -73.839743760762943, 40.665844113944082 ], [ -73.8395620703742, 40.665956072361475 ], [ -73.839372450170742, 40.666053688585876 ], [ -73.84035018706777, 40.665302019398929 ], [ -73.839845814973671, 40.665232605732434 ], [ -73.839590629912237, 40.66438162862088 ], [ -73.837188123009412, 40.663166636821522 ], [ -73.836622978295225, 40.663790890017935 ], [ -73.835529558547066, 40.664305031337044 ], [ -73.835206885251253, 40.663841214490169 ], [ -73.831931183420124, 40.662045917073428 ], [ -73.831733291825671, 40.660343113795527 ], [ -73.83454867113619, 40.657202046019485 ], [ -73.837832498391776, 40.658909215433269 ], [ -73.83835331712018, 40.658953631430229 ], [ -73.837704634077099, 40.656355411818261 ], [ -73.837235090209845, 40.656514128559124 ], [ -73.836698993783202, 40.656235881072078 ], [ -73.836317500715779, 40.65666092749435 ], [ -73.835772197522232, 40.656377553141319 ], [ -73.835401466399944, 40.656789685755491 ], [ -73.834854013346401, 40.656504106900151 ], [ -73.834479542063519, 40.65692091007746 ], [ -73.83377941626631, 40.656556911460271 ], [ -73.833510489454753, 40.65685699300689 ], [ -73.833031141549142, 40.656588107905165 ], [ -73.833384394725286, 40.658051859208072 ], [ -73.831126644218187, 40.658318786441022 ], [ -73.832600363707314, 40.657826591124731 ], [ -73.832903095245811, 40.657483771623092 ], [ -73.832809461812204, 40.657003620491267 ], [ -73.832423383830928, 40.656866024240166 ], [ -73.832728023333289, 40.656660542957177 ], [ -73.832619067730292, 40.656308287992715 ], [ -73.831564923621556, 40.655233572087177 ], [ -73.831325449419566, 40.655949382278493 ], [ -73.830505321233659, 40.656342367317194 ], [ -73.831161008098661, 40.655919232732074 ], [ -73.83137386865539, 40.655013059094202 ], [ -73.830347278916094, 40.655825727515662 ], [ -73.830091358636636, 40.657173895187825 ], [ -73.828544894875918, 40.656998825473977 ], [ -73.829314201528177, 40.658898656745571 ], [ -73.831857379877775, 40.663653930430982 ], [ -73.832331700508206, 40.663719360914783 ], [ -73.832816130092851, 40.664988778251292 ], [ -73.835178750302887, 40.665442239376986 ], [ -73.835027541047793, 40.66592569058195 ], [ -73.838727836609777, 40.666844557556999 ], [ -73.841467992591404, 40.666043006358422 ], [ -73.841160393155093, 40.665310701722149 ], [ -73.841324021496987, 40.666018523950804 ], [ -73.839125014208534, 40.666699233480202 ], [ -73.840597447198093, 40.665304669690919 ] ], [ [ -73.801804945111044, 40.666267965141714 ], [ -73.804403130054041, 40.665943202332336 ], [ -73.806631097456716, 40.666021927666293 ], [ -73.807425997148428, 40.665533138631218 ], [ -73.80603103456599, 40.665278321972302 ], [ -73.806143959728459, 40.664912730210077 ], [ -73.802148665193499, 40.665249953213021 ], [ -73.801804945111044, 40.666267965141714 ] ], [ [ -73.781591457823055, 40.666487764068393 ], [ -73.785921401559975, 40.666260557229805 ], [ -73.78572366938873, 40.664545765250118 ], [ -73.783922778018606, 40.664675417263418 ], [ -73.78385569179261, 40.664284902456622 ], [ -73.78338290064076, 40.664080151736471 ], [ -73.781591457823055, 40.666487764068393 ] ], [ [ -73.816990069931251, 40.664824128598916 ], [ -73.821544135033747, 40.664506886752712 ], [ -73.821793525984162, 40.663711673932369 ], [ -73.814105203850687, 40.662795182285322 ], [ -73.812731962914967, 40.663084968252655 ], [ -73.813294272014346, 40.663851044991041 ], [ -73.815476345392852, 40.665357995239781 ], [ -73.816990069931251, 40.664824128598916 ] ], [ [ -73.823807708014115, 40.665041193088548 ], [ -73.826404750311596, 40.665202800502612 ], [ -73.826847617174963, 40.665213301442677 ], [ -73.823807708014115, 40.665041193088548 ] ], [ [ -73.818737991141575, 40.662071762472259 ], [ -73.819921144861866, 40.661664337560211 ], [ -73.820142339837844, 40.661541722479569 ], [ -73.818737991141575, 40.662071762472259 ] ], [ [ -73.822332161419212, 40.66061485853065 ], [ -73.822332259231004, 40.660620008678528 ], [ -73.822366471338853, 40.66060619654796 ], [ -73.822332161419212, 40.66061485853065 ] ], [ [ -73.824076981198942, 40.658288260425799 ], [ -73.824253584511581, 40.657814373997304 ], [ -73.824264108676431, 40.657779092686617 ], [ -73.824149458196501, 40.657969398456792 ], [ -73.824095580529828, 40.658096044180972 ], [ -73.824077457749027, 40.65816120224941 ], [ -73.824076981198942, 40.658288260425799 ] ], [ [ -73.841643522764585, 40.664912239147789 ], [ -73.84455367843141, 40.664705594490293 ], [ -73.842743268767279, 40.665485075635587 ], [ -73.842863393113319, 40.665154795833033 ], [ -73.8426468968634, 40.664936693556861 ], [ -73.842474709679465, 40.664902606549873 ], [ -73.842078931615518, 40.664977447123071 ], [ -73.841675960630909, 40.665297193759038 ], [ -73.841551234341139, 40.66501547114207 ], [ -73.841659977331645, 40.665968996212868 ], [ -73.846424606440152, 40.663943364372059 ], [ -73.844249393374326, 40.66462120065686 ], [ -73.84419915882674, 40.664404185373641 ], [ -73.846761843904105, 40.663225801797907 ], [ -73.846417662517808, 40.662197331978518 ], [ -73.845670949653211, 40.661808857847916 ], [ -73.848451337093479, 40.658707053104841 ], [ -73.850678046315849, 40.659857483511068 ], [ -73.85210616735624, 40.660283415855126 ], [ -73.853520097498048, 40.659213919120418 ], [ -73.853448866921681, 40.658942373704114 ], [ -73.854353944661966, 40.658526171650557 ], [ -73.853205161506168, 40.653807885445744 ], [ -73.848397910347401, 40.654497425910009 ], [ -73.846946741489631, 40.648417231086263 ], [ -73.842457571731387, 40.653654980601765 ], [ -73.842940584443767, 40.653907551331336 ], [ -73.843307929406805, 40.653500374172907 ], [ -73.848519591853062, 40.65620465904496 ], [ -73.847328485172753, 40.658106024052849 ], [ -73.845073545753806, 40.660620744634016 ], [ -73.844867310819296, 40.660513492995179 ], [ -73.843985827728162, 40.661169548996163 ], [ -73.844269135332866, 40.662011131259902 ], [ -73.841643522764585, 40.664912239147789 ] ], [ [ -73.825791166084969, 40.649464513379655 ], [ -73.82521977343437, 40.649547609782474 ], [ -73.825361847913044, 40.649913565692607 ], [ -73.825791166084969, 40.649464513379655 ] ], [ [ -73.824114807773427, 40.649305459920797 ], [ -73.82480745226384, 40.649706300319366 ], [ -73.823980020632376, 40.64920401568736 ], [ -73.824114807773427, 40.649305459920797 ] ], [ [ -73.82318252627023, 40.649157273608168 ], [ -73.823422367874556, 40.649464247358551 ], [ -73.823392852290823, 40.649354073108668 ], [ -73.823354273370825, 40.64924553584936 ], [ -73.823306784736459, 40.649139067652897 ], [ -73.82318252627023, 40.649157273608168 ] ], [ [ -73.826420642409843, 40.649312397036852 ], [ -73.826392010969215, 40.649379449499399 ], [ -73.826371534371134, 40.649422345357017 ], [ -73.82640208896548, 40.649362787132176 ], [ -73.826420642409843, 40.649312397036852 ] ], [ [ -73.82505457647602, 40.649400814161027 ], [ -73.825071677788955, 40.649410626779698 ], [ -73.82505555530696, 40.649401230791192 ], [ -73.82505457647602, 40.649400814161027 ] ], [ [ -73.825123888647866, 40.64944427146537 ], [ -73.825107494908764, 40.649431500548324 ], [ -73.825105715410146, 40.649430463479554 ], [ -73.825123888647866, 40.64944427146537 ] ], [ [ -73.825167455328128, 40.649481973879354 ], [ -73.825153215789641, 40.649467117637919 ], [ -73.825150868301293, 40.649465288919167 ], [ -73.825167455328128, 40.649481973879354 ] ], [ [ -73.825203026291064, 40.649523526029455 ], [ -73.825191777659342, 40.649507349571778 ], [ -73.825189140378171, 40.649504598075488 ], [ -73.825203026291064, 40.649523526029455 ] ], [ [ -73.826768773253875, 40.649645573894325 ], [ -73.82671943612813, 40.649578819320375 ], [ -73.826739449017168, 40.649666082565595 ], [ -73.826768773253875, 40.649645573894325 ] ], [ [ -73.880603864188018, 40.650383734059254 ], [ -73.881017825281418, 40.649318326365297 ], [ -73.880367809299983, 40.649732832791379 ], [ -73.879683437559706, 40.649132275336456 ], [ -73.879020123384393, 40.649062207209148 ], [ -73.878885488651377, 40.647822518505464 ], [ -73.877930679450046, 40.648653157243309 ], [ -73.878887968596359, 40.64993645083927 ], [ -73.880120142075214, 40.649722023470765 ], [ -73.880603864188018, 40.650383734059254 ] ], [ [ -73.826293694465136, 40.64834539225177 ], [ -73.826333626733629, 40.648346682505355 ], [ -73.826392428774625, 40.648324348616214 ], [ -73.826293694465136, 40.64834539225177 ] ], [ [ -73.889746722919668, 40.649546072756259 ], [ -73.890542411847676, 40.649211717046569 ], [ -73.889195618900828, 40.648669646401991 ], [ -73.889668809361865, 40.648694497266732 ], [ -73.889455465685913, 40.648226245264091 ], [ -73.889696317220213, 40.647941280530041 ], [ -73.889009185402173, 40.648010203405931 ], [ -73.88764926562186, 40.647788485956532 ], [ -73.889746722919668, 40.649546072756259 ] ], [ [ -73.873911350126548, 40.647597507991186 ], [ -73.874209143980124, 40.647810030048426 ], [ -73.873998323571499, 40.647524209389054 ], [ -73.873911350126548, 40.647597507991186 ] ], [ [ -73.888251539690572, 40.647770107410146 ], [ -73.889641815059079, 40.647699888757202 ], [ -73.88912763733606, 40.647236581011931 ], [ -73.888251539690572, 40.647770107410146 ] ], [ [ -73.901102724365657, 40.647104482919957 ], [ -73.900287832276788, 40.64775930694509 ], [ -73.901095538680337, 40.648508666673564 ], [ -73.902355385706315, 40.647689602363684 ], [ -73.903589704712459, 40.64879793669278 ], [ -73.903811754793139, 40.646773285495605 ], [ -73.901102724365657, 40.647104482919957 ] ], [ [ -73.8998270499699, 40.650345885956852 ], [ -73.900108904434234, 40.650934525088054 ], [ -73.899371888327252, 40.651699473321294 ], [ -73.899835084704748, 40.652116957067754 ], [ -73.902733719129259, 40.650243972411154 ], [ -73.901070898515613, 40.648797976213913 ], [ -73.900941022905485, 40.649787745250784 ], [ -73.8998270499699, 40.650345885956852 ] ], [ [ -73.912469679039219, 40.653974154804985 ], [ -73.911272439455416, 40.653267628233607 ], [ -73.910595792844788, 40.653226092878057 ], [ -73.910991347902666, 40.649543587040931 ], [ -73.910098573045715, 40.649857383171813 ], [ -73.909917039796525, 40.649660432024916 ], [ -73.909036377520664, 40.651088201520544 ], [ -73.909448463793908, 40.651521598790339 ], [ -73.907974791045589, 40.652469418882959 ], [ -73.908409032149265, 40.653058542844221 ], [ -73.91036410384875, 40.65405324494504 ], [ -73.912469679039219, 40.653974154804985 ] ], [ [ -73.905036685754553, 40.652191390062185 ], [ -73.905478529650821, 40.652120244735237 ], [ -73.904560412258661, 40.651865426944646 ], [ -73.900968809881547, 40.654192507244673 ], [ -73.901599956385496, 40.654846036714105 ], [ -73.905548854779738, 40.65250445041724 ], [ -73.905036685754553, 40.652191390062185 ] ], [ [ -73.911533690614618, 40.654691598186048 ], [ -73.913102882189094, 40.654892416236848 ], [ -73.913060405033775, 40.654313798424432 ], [ -73.910709746433355, 40.654178733806184 ], [ -73.910010626116872, 40.655164985423383 ], [ -73.910570672771826, 40.655451517286053 ], [ -73.911533690614618, 40.654691598186048 ] ], [ [ -73.917334571247011, 40.654574421992777 ], [ -73.920863482271656, 40.654790630329884 ], [ -73.920593216720661, 40.654547729291721 ], [ -73.917868675847501, 40.654321937833167 ], [ -73.917334571247011, 40.654574421992777 ] ], [ [ -73.915470412004069, 40.655084467481466 ], [ -73.914722895351701, 40.654971399638313 ], [ -73.91452208661957, 40.654357002117095 ], [ -73.914125042563427, 40.655158329990854 ], [ -73.913508325267046, 40.655120316639277 ], [ -73.914137480953684, 40.655747759428941 ], [ -73.915270509670506, 40.655817098405599 ], [ -73.916018190181731, 40.656330703722034 ], [ -73.916161177189338, 40.655017019594339 ], [ -73.915704774874499, 40.654395653201739 ], [ -73.915470412004069, 40.655084467481466 ] ], [ [ -73.870848416186249, 40.65477478286639 ], [ -73.871921720051247, 40.653709866031988 ], [ -73.873662601124849, 40.653613688096229 ], [ -73.875297294662872, 40.65285899364239 ], [ -73.874090420841625, 40.650809708443219 ], [ -73.873098348279569, 40.650532796507648 ], [ -73.871758538084762, 40.650592997757599 ], [ -73.868472119228642, 40.65293209517214 ], [ -73.86896433331097, 40.655529658792183 ], [ -73.870848416186249, 40.65477478286639 ] ], [ [ -73.901121230699559, 40.65500606896677 ], [ -73.901281906818213, 40.655052758339117 ], [ -73.901414285084272, 40.654993505804477 ], [ -73.901121230699559, 40.65500606896677 ] ], [ [ -73.865911057477291, 40.658586581437746 ], [ -73.86578235384971, 40.658580244088519 ], [ -73.865904393179434, 40.658745050911598 ], [ -73.865911057477291, 40.658586581437746 ] ], [ [ -73.866180527311656, 40.658978364524195 ], [ -73.866454665138278, 40.659481786698038 ], [ -73.86715570199992, 40.659185813352444 ], [ -73.866180527311656, 40.658978364524195 ] ], [ [ -73.89865585018569, 40.659110718045952 ], [ -73.898788779548667, 40.659093523510727 ], [ -73.89873234917826, 40.65901940303587 ], [ -73.89865585018569, 40.659110718045952 ] ], [ [ -73.874274150820526, 40.659743394210302 ], [ -73.874442041745226, 40.659671028227599 ], [ -73.874175377877563, 40.65960954624655 ], [ -73.874274150820526, 40.659743394210302 ] ], [ [ -73.870494165888857, 40.664841908042071 ], [ -73.870855999460474, 40.664929925213492 ], [ -73.87072342605633, 40.665233812804516 ], [ -73.871635646692013, 40.666455346171865 ], [ -73.872463951057426, 40.664278275127778 ], [ -73.871485219729834, 40.664700576236584 ], [ -73.870375888612955, 40.663209903812671 ], [ -73.869485008950335, 40.663545392414214 ], [ -73.870494165888857, 40.664841908042071 ] ], [ [ -73.869485008950335, 40.663545392414214 ], [ -73.867180695130514, 40.66045225153875 ], [ -73.860812466963935, 40.661397314210468 ], [ -73.860741269127885, 40.661150044338683 ], [ -73.858089544887576, 40.661537818647311 ], [ -73.857720827364886, 40.660093127914301 ], [ -73.852827489249108, 40.660956380986441 ], [ -73.853343991510926, 40.662305478382535 ], [ -73.854364415618477, 40.662799145345772 ], [ -73.854574571846442, 40.663556825594647 ], [ -73.855211069550393, 40.663876260339492 ], [ -73.854866011066363, 40.664299084419419 ], [ -73.855942491878849, 40.664845822703185 ], [ -73.857219829583684, 40.665004146608446 ], [ -73.857652677725042, 40.665990138705922 ], [ -73.858838719486528, 40.665764360618041 ], [ -73.858645071705681, 40.665147953424771 ], [ -73.859215042895968, 40.663984513313643 ], [ -73.860429816364785, 40.663790931656742 ], [ -73.860272694199267, 40.663134102788312 ], [ -73.862093074804932, 40.66288876740424 ], [ -73.862400725632625, 40.663895409725015 ], [ -73.863729072219741, 40.663535685480838 ], [ -73.864928821491603, 40.662466901127146 ], [ -73.866713779978241, 40.662301356398324 ], [ -73.869485008950335, 40.663545392414214 ] ], [ [ -73.871593920762152, 40.66653256793839 ], [ -73.870683231707673, 40.666592185668307 ], [ -73.870741355369532, 40.666830893743253 ], [ -73.871310506260571, 40.666970697785509 ], [ -73.871593920762152, 40.66653256793839 ] ], [ [ -73.870419307070634, 40.665559824483005 ], [ -73.869660953770691, 40.666324589306384 ], [ -73.869244399779859, 40.666800373353048 ], [ -73.870683231707673, 40.666592185668307 ], [ -73.870419307070634, 40.665559824483005 ] ], [ [ -73.843372188029079, 40.665733612287355 ], [ -73.842623820054811, 40.66662604323632 ], [ -73.843789977375309, 40.666502520269042 ], [ -73.844956812398081, 40.665264751072783 ], [ -73.846397649528853, 40.664446046279437 ], [ -73.843372188029079, 40.665733612287355 ] ], [ [ -73.941060202684852, 40.666645841902394 ], [ -73.942528627488983, 40.665677016864322 ], [ -73.942158736411713, 40.665352906903053 ], [ -73.941092244058282, 40.665306729242886 ], [ -73.940217536575958, 40.665906140976418 ], [ -73.941060202684852, 40.666645841902394 ] ], [ [ -73.937798423989193, 40.66558024368166 ], [ -73.937486720939248, 40.665787010099756 ], [ -73.93829566616597, 40.666493943556411 ], [ -73.939259118447112, 40.665847956551239 ], [ -73.938062592854081, 40.664797289006692 ], [ -73.937549454800475, 40.665133871119494 ], [ -73.937798423989193, 40.66558024368166 ] ], [ [ -73.897014391301383, 40.664616957807908 ], [ -73.896376021237231, 40.665188100313102 ], [ -73.896575227875644, 40.665289557983542 ], [ -73.896968658588449, 40.664841786661214 ], [ -73.897508726931704, 40.665117793932652 ], [ -73.897014391301383, 40.664616957807908 ] ], [ [ -73.955020711258044, 40.667414555333849 ], [ -73.955473284037822, 40.667091027889292 ], [ -73.954775596363035, 40.666334391351533 ], [ -73.954097453753477, 40.666771557801034 ], [ -73.955020711258044, 40.667414555333849 ] ], [ [ -73.988632752022625, 40.670341944022283 ], [ -73.989019113775925, 40.671643212030261 ], [ -73.990054763456513, 40.671467569082367 ], [ -73.98968694392866, 40.670222136116692 ], [ -73.989070077816251, 40.669929484431755 ], [ -73.989216853760482, 40.669753475076512 ], [ -73.989604968246653, 40.6699419281044 ], [ -73.989317204967321, 40.668951954119109 ], [ -73.99011432957731, 40.668818140463323 ], [ -73.990001576377693, 40.668444172577118 ], [ -73.99158401609516, 40.668173452703194 ], [ -73.990820276084406, 40.665520904470348 ], [ -73.989107892714202, 40.665811734434222 ], [ -73.988990302211292, 40.665410553310785 ], [ -73.987998494151938, 40.66490212693607 ], [ -73.985282518330564, 40.665301762006017 ], [ -73.985853989502388, 40.667275102136607 ], [ -73.984611018736246, 40.667515903706153 ], [ -73.984868523728153, 40.668478372747224 ], [ -73.983764406155544, 40.668666472197096 ], [ -73.983451381266306, 40.669495605309066 ], [ -73.982198881509404, 40.669714372471937 ], [ -73.982255272541309, 40.669918700165127 ], [ -73.986111693376259, 40.669403445466472 ], [ -73.986291872494235, 40.670024817574237 ], [ -73.987373570144527, 40.670552853646981 ], [ -73.988632752022625, 40.670341944022283 ] ], [ [ -74.00688141944147, 40.666132467137416 ], [ -74.006001833198127, 40.667890361928109 ], [ -74.005149774102534, 40.667972500056578 ], [ -74.005660008143408, 40.668850261679111 ], [ -74.00688141944147, 40.666132467137416 ] ], [ [ -74.008737185851913, 40.668621882167407 ], [ -74.007087242878072, 40.668591358535785 ], [ -74.007796533496148, 40.667159770777374 ], [ -74.007548216183721, 40.667051745733659 ], [ -74.005654605394341, 40.670506059896006 ], [ -74.00570736680082, 40.671055271713328 ], [ -74.006051639052131, 40.671151356819884 ], [ -74.006970890943961, 40.669547635462145 ], [ -74.008118625291246, 40.669867952089731 ], [ -74.008737185851913, 40.668621882167407 ] ], [ [ -74.013148474353358, 40.67018159016925 ], [ -74.014062198281707, 40.669705838436556 ], [ -74.012930159312589, 40.670112405082271 ], [ -74.013148474353358, 40.67018159016925 ] ], [ [ -74.015199805700547, 40.670754027161813 ], [ -74.014557213527027, 40.671135634092188 ], [ -74.014640105537069, 40.671226243374825 ], [ -74.015199805700547, 40.670754027161813 ] ], [ [ -74.003661134204435, 40.667500410009957 ], [ -74.003190752748367, 40.667263199814954 ], [ -74.002654643375635, 40.667783149906263 ], [ -74.003661134204435, 40.667500410009957 ] ], [ [ -73.87967132134041, 40.672589825796862 ], [ -73.882321803354586, 40.673961283512433 ], [ -73.883200051730199, 40.672968415279264 ], [ -73.883924186989788, 40.672924324702116 ], [ -73.883053791190207, 40.672477796193299 ], [ -73.883693178906597, 40.671755447193327 ], [ -73.882875460601184, 40.671202086950416 ], [ -73.885174124897915, 40.66860553312916 ], [ -73.884085931707759, 40.669816476597646 ], [ -73.882711710723001, 40.669419837500556 ], [ -73.87967132134041, 40.672589825796862 ] ], [ [ -73.897973392230739, 40.672897705733192 ], [ -73.898990894603159, 40.672743708527932 ], [ -73.898799726319282, 40.672003163293404 ], [ -73.89876620264927, 40.671985990843204 ], [ -73.897973392230739, 40.672897705733192 ] ], [ [ -73.892656402599073, 40.676224470613676 ], [ -73.894012587261372, 40.675130196840151 ], [ -73.890964726935081, 40.673565747814798 ], [ -73.890714529152717, 40.673886672128816 ], [ -73.890859742064151, 40.673511766341456 ], [ -73.890443709353832, 40.673297826796244 ], [ -73.889005183238268, 40.674915510253214 ], [ -73.888200979466646, 40.67505757988193 ], [ -73.889072335122677, 40.675507182239521 ], [ -73.888555205482206, 40.676086602930702 ], [ -73.888783135559535, 40.676452800289049 ], [ -73.8911581984093, 40.677065284967419 ], [ -73.892094418895411, 40.676008306950145 ], [ -73.892656402599073, 40.676224470613676 ] ], [ [ -73.899251851999495, 40.6780572478064 ], [ -73.901476820004078, 40.678936545185948 ], [ -73.900821520560029, 40.679713175136399 ], [ -73.901629746348434, 40.680140080259186 ], [ -73.902131904393897, 40.67922949697094 ], [ -73.899920897228697, 40.678037553616541 ], [ -73.900092836969364, 40.676918667699837 ], [ -73.899183649165792, 40.677286195911854 ], [ -73.899251851999495, 40.6780572478064 ] ], [ [ -73.900566401609652, 40.676669406048532 ], [ -73.900311159998253, 40.675702899591244 ], [ -73.898808396058612, 40.675723273093197 ], [ -73.898386559473636, 40.674121244339801 ], [ -73.897484227705263, 40.674255485254726 ], [ -73.897324215513478, 40.673630347732761 ], [ -73.895721348539027, 40.675421519236906 ], [ -73.895109986804215, 40.675210660273173 ], [ -73.898630948383413, 40.677006754525998 ], [ -73.900566401609652, 40.676669406048532 ] ], [ [ -73.924368615770121, 40.676991494870613 ], [ -73.926613170746165, 40.67711726647935 ], [ -73.926908232527595, 40.677133912663585 ], [ -73.924628803331885, 40.675088353072873 ], [ -73.924577585085416, 40.675612567846272 ], [ -73.925379735268805, 40.676323479089248 ], [ -73.924368615770121, 40.676991494870613 ] ], [ [ -73.922789590034895, 40.678016351351275 ], [ -73.924228401137441, 40.67810986662063 ], [ -73.924712107450873, 40.677793750842874 ], [ -73.925251151331594, 40.678274688534323 ], [ -73.926238874792162, 40.678366656574596 ], [ -73.927455672535714, 40.677564495033671 ], [ -73.927163378197406, 40.677304503090411 ], [ -73.924130534141881, 40.677133879517839 ], [ -73.922789590034895, 40.678016351351275 ] ], [ [ -73.910499695046781, 40.680260890140211 ], [ -73.910986899367103, 40.679756682559251 ], [ -73.910542100196707, 40.679506416172742 ], [ -73.909835218623513, 40.679658385871939 ], [ -73.909688047379532, 40.679809998448498 ], [ -73.910499695046781, 40.680260890140211 ] ], [ [ -73.86878180592781, 40.677282226704499 ], [ -73.868365194551771, 40.677548363066983 ], [ -73.867273999503297, 40.676820018879909 ], [ -73.866745007238919, 40.677142671332298 ], [ -73.868815921441183, 40.678260014361911 ], [ -73.86878180592781, 40.677282226704499 ] ], [ [ -73.873242577249542, 40.671696900147282 ], [ -73.872942085762659, 40.670525547437919 ], [ -73.872486746846633, 40.670455158569318 ], [ -73.872620303936742, 40.670993120096107 ], [ -73.872066021387354, 40.671072924119215 ], [ -73.872272899243825, 40.671803260772357 ], [ -73.873242577249542, 40.671696900147282 ] ], [ [ -73.871708262604656, 40.667124076343114 ], [ -73.871886426379305, 40.667266324268816 ], [ -73.872130844951727, 40.667173322699242 ], [ -73.871708262604656, 40.667124076343114 ] ], [ [ -73.954606349397721, 40.662051051679988 ], [ -73.953584726319747, 40.661389729984357 ], [ -73.956339263121095, 40.658767157387608 ], [ -73.95602880440498, 40.658566395338305 ], [ -73.954349887019674, 40.659166172666922 ], [ -73.953464463347245, 40.659961671075123 ], [ -73.951637948283164, 40.658780534070942 ], [ -73.95053205880977, 40.65977260229414 ], [ -73.949589887937634, 40.659164090226689 ], [ -73.949666071933905, 40.659456777422399 ], [ -73.948325060380284, 40.660659469610017 ], [ -73.948765251044691, 40.660943959325593 ], [ -73.949990312195339, 40.66086780145784 ], [ -73.950591191673013, 40.660328988493156 ], [ -73.952223589634912, 40.661383800504112 ], [ -73.952281210050756, 40.661081273112941 ], [ -73.952225319580123, 40.661384917139493 ], [ -73.953395113209879, 40.662140363629128 ], [ -73.953669695714467, 40.661894089466713 ], [ -73.954508039996284, 40.662435011006764 ], [ -73.954606349397721, 40.662051051679988 ] ], [ [ -73.990074311159375, 40.658715293053405 ], [ -73.990499712893723, 40.658678236359577 ], [ -73.991817090676236, 40.658564090100434 ], [ -73.990188414680162, 40.657600818580015 ], [ -73.990074311159375, 40.658715293053405 ] ], [ [ -73.878287863700066, 40.662251187589561 ], [ -73.878663193443458, 40.662756945317327 ], [ -73.878886181233653, 40.662638829582122 ], [ -73.878934065808934, 40.662390840870685 ], [ -73.878287863700066, 40.662251187589561 ] ], [ [ -73.875569020662184, 40.662942340506589 ], [ -73.876387507332552, 40.662590724912086 ], [ -73.875285350516421, 40.66110691443 ], [ -73.874469404907771, 40.66145907449539 ], [ -73.875569020662184, 40.662942340506589 ] ], [ [ -73.877202648475787, 40.662240656756644 ], [ -73.877785616102699, 40.661417492489718 ], [ -73.876362145661346, 40.661109033974057 ], [ -73.877202648475787, 40.662240656756644 ] ], [ [ -73.838201282795282, 40.660415188441213 ], [ -73.838706049528454, 40.660491429253547 ], [ -73.838553112163908, 40.659808419245394 ], [ -73.838097068735465, 40.659989375050358 ], [ -73.838201282795282, 40.660415188441213 ] ], [ [ -73.84010940318754, 40.655985460197478 ], [ -73.840604037569037, 40.655607218473953 ], [ -73.841031320740143, 40.655130470058808 ], [ -73.84010940318754, 40.655985460197478 ] ], [ [ -73.839646641179883, 40.655745169073732 ], [ -73.839106716485304, 40.655633162360729 ], [ -73.838983293440123, 40.655576661821172 ], [ -73.839045516445154, 40.655831641985728 ], [ -73.839646641179883, 40.655745169073732 ] ], [ [ -73.853459722078668, 40.679835119416509 ], [ -73.853335839728416, 40.679871663729045 ], [ -73.853348407911668, 40.68005169297421 ], [ -73.853459722078668, 40.679835119416509 ] ], [ [ -73.851768141836715, 40.682676567838939 ], [ -73.851806279819471, 40.682613934067255 ], [ -73.851685982351299, 40.682648636301629 ], [ -73.851768141836715, 40.682676567838939 ] ], [ [ -73.875197454467312, 40.681786415745854 ], [ -73.875842980140945, 40.681506279941573 ], [ -73.875043451242718, 40.681485324608794 ], [ -73.875275300266267, 40.682406492139172 ], [ -73.875197454467312, 40.681786415745854 ] ], [ [ -73.929464733157388, 40.68564954204566 ], [ -73.931680299880398, 40.685394664746454 ], [ -73.929572045224788, 40.685536776970416 ], [ -73.926402881234324, 40.683752945456298 ], [ -73.926781016504307, 40.683360328495894 ], [ -73.926350768617667, 40.683120879607564 ], [ -73.926151796702342, 40.683326370372072 ], [ -73.92470833433822, 40.682517131908121 ], [ -73.923720555185596, 40.683533417782435 ], [ -73.924499657614788, 40.683971111021755 ], [ -73.924700057414526, 40.684696787522576 ], [ -73.923852818942606, 40.685576250848086 ], [ -73.924397370504408, 40.685882982476606 ], [ -73.925238038909299, 40.684725035337195 ], [ -73.925362751041703, 40.684888147201427 ], [ -73.926275034375095, 40.683948249089546 ], [ -73.929464733157388, 40.68564954204566 ] ], [ [ -73.939488702539848, 40.683201821797446 ], [ -73.939315218234881, 40.683381213778731 ], [ -73.940295141389413, 40.683654785848425 ], [ -73.939488702539848, 40.683201821797446 ] ], [ [ -73.935305314830984, 40.684258315385023 ], [ -73.934639790114915, 40.683884343355871 ], [ -73.933255839840299, 40.685313068029998 ], [ -73.934626149623412, 40.686081721392704 ], [ -73.936545333574855, 40.684099460512719 ], [ -73.935305314830984, 40.684258315385023 ] ], [ [ -73.907824450527812, 40.684906582852093 ], [ -73.906503159855305, 40.685044803920071 ], [ -73.905765317777551, 40.685750849099534 ], [ -73.905156844291497, 40.685093154482693 ], [ -73.904494010887177, 40.686298600456823 ], [ -73.905365699744578, 40.686832807813502 ], [ -73.904620382787186, 40.687807742909136 ], [ -73.907477787724545, 40.687572281099207 ], [ -73.907087368109984, 40.685506470991257 ], [ -73.907824450527812, 40.684906582852093 ] ], [ [ -73.914968576025814, 40.687692762230888 ], [ -73.914699676856884, 40.687722223043629 ], [ -73.914884769034757, 40.688701250373995 ], [ -73.915550218990504, 40.688023243294218 ], [ -73.916228926052881, 40.687947690442222 ], [ -73.915212567335388, 40.686924178903944 ], [ -73.914808605884929, 40.686856711360413 ], [ -73.914968576025814, 40.687692762230888 ] ], [ [ -73.935730169214935, 40.690175755337677 ], [ -73.937041149082717, 40.688893569428458 ], [ -73.936070321921406, 40.688348979907289 ], [ -73.934548148949688, 40.689924449037015 ], [ -73.935122488888027, 40.690245820523955 ], [ -73.935730169214935, 40.690175755337677 ] ], [ [ -73.987171994509339, 40.689421514964657 ], [ -73.986724170255499, 40.689319599162111 ], [ -73.987014404088143, 40.690004012005431 ], [ -73.987374544627244, 40.68991533273168 ], [ -73.987171994509339, 40.689421514964657 ] ], [ [ -73.991536148082531, 40.6898121789649 ], [ -73.990596840217094, 40.690135246081155 ], [ -73.991713709117747, 40.690128484359093 ], [ -73.991536148082531, 40.6898121789649 ] ], [ [ -73.929394290215185, 40.690167192305125 ], [ -73.92920143379402, 40.690058475246246 ], [ -73.929025439766534, 40.690239189733781 ], [ -73.929394290215185, 40.690167192305125 ] ], [ [ -73.907773604629142, 40.688623032330874 ], [ -73.908017142466917, 40.689160485678293 ], [ -73.907912791731164, 40.688607708826282 ], [ -73.907773604629142, 40.688623032330874 ] ], [ [ -73.914367229114092, 40.693752453079135 ], [ -73.91483146486199, 40.693279996601113 ], [ -73.914235538594383, 40.690192009971732 ], [ -73.913305810164047, 40.69029534918679 ], [ -73.913786726555102, 40.692798312261459 ], [ -73.914174287607239, 40.692755504094471 ], [ -73.914367229114092, 40.693752453079135 ] ], [ [ -73.900402284939858, 40.693352935589928 ], [ -73.901180095495448, 40.693843236330395 ], [ -73.90074009312174, 40.69448716138114 ], [ -73.899851453034088, 40.694941044859064 ], [ -73.900704332061011, 40.695616394233568 ], [ -73.904661959163448, 40.695260481319423 ], [ -73.904944816614432, 40.693803176014974 ], [ -73.904221372354243, 40.694534220469571 ], [ -73.903469053061059, 40.694122912406783 ], [ -73.902970514689969, 40.693409111728947 ], [ -73.901663556048206, 40.694029838701717 ], [ -73.90094770540442, 40.692052442040001 ], [ -73.900402284939858, 40.693352935589928 ] ], [ [ -73.894380261867326, 40.694945993216336 ], [ -73.893944362991661, 40.694865103701567 ], [ -73.894152692066825, 40.695185924179974 ], [ -73.894380261867326, 40.694945993216336 ] ], [ [ -73.896706029092911, 40.693306987980456 ], [ -73.897015305629651, 40.693729821374696 ], [ -73.897427301797066, 40.693288979898369 ], [ -73.897686318095651, 40.693365258731404 ], [ -73.896956535074779, 40.691949207446896 ], [ -73.894742709641889, 40.692636952664571 ], [ -73.893262099024227, 40.692200947082526 ], [ -73.893579349707352, 40.693085329106388 ], [ -73.89398113181106, 40.693075965290809 ], [ -73.895586254572237, 40.693979162011971 ], [ -73.895463479958408, 40.694126747054689 ], [ -73.896706029092911, 40.693306987980456 ] ], [ [ -73.900030391998541, 40.693437450574081 ], [ -73.898582771025801, 40.693897027653058 ], [ -73.897241323368561, 40.694038821956852 ], [ -73.899641993591942, 40.69411058331174 ], [ -73.900030391998541, 40.693437450574081 ] ], [ [ -73.904836534418649, 40.693213378525378 ], [ -73.904287927770724, 40.693278068245249 ], [ -73.904911908226765, 40.693630079463716 ], [ -73.904836534418649, 40.693213378525378 ] ], [ [ -73.895355745392067, 40.705873466787246 ], [ -73.895370115752868, 40.705838708765057 ], [ -73.895362058827018, 40.705835586185941 ], [ -73.895355745392067, 40.705873466787246 ] ], [ [ -73.993938921472733, 40.683668366643616 ], [ -73.994348582316263, 40.684636735454148 ], [ -73.994674447728343, 40.684539177199014 ], [ -73.99418777318229, 40.68360581031596 ], [ -73.993938921472733, 40.683668366643616 ] ], [ [ -73.953588996500827, 40.673302704863382 ], [ -73.953574295045797, 40.673312612438814 ], [ -73.953704511978444, 40.673427406416472 ], [ -73.953588996500827, 40.673302704863382 ] ], [ [ -74.006451941606514, 40.659191376569183 ], [ -74.006776120558072, 40.658882650988396 ], [ -74.006054810388761, 40.658949287968404 ], [ -74.006451941606514, 40.659191376569183 ] ], [ [ -74.00904506055636, 40.65670690603465 ], [ -74.009855372067449, 40.655909290455682 ], [ -74.009802753269469, 40.655586092666397 ], [ -74.008957063848968, 40.65611764791776 ], [ -74.00904506055636, 40.65670690603465 ] ], [ [ -73.928935236038129, 40.645485027042163 ], [ -73.927508320320598, 40.644562515907026 ], [ -73.927378946893597, 40.64253044484132 ], [ -73.926563799232653, 40.643263390487277 ], [ -73.926680388423577, 40.644080622815025 ], [ -73.92743210125083, 40.644567264897915 ], [ -73.927171624100424, 40.644801137751799 ], [ -73.928638264000654, 40.645751301262152 ], [ -73.928935236038129, 40.645485027042163 ] ], [ [ -73.920490394384501, 40.642806955519191 ], [ -73.91974962355286, 40.642889674243804 ], [ -73.919790372746576, 40.643260565547443 ], [ -73.920490394384501, 40.642806955519191 ] ], [ [ -73.948313346542562, 40.647540139713819 ], [ -73.94823893506792, 40.647493916932874 ], [ -73.948247817291389, 40.6475754827812 ], [ -73.948313346542562, 40.647540139713819 ] ], [ [ -73.980773296494746, 40.649844358424723 ], [ -73.980732049877517, 40.649629735532848 ], [ -73.980608451010738, 40.649580590505494 ], [ -73.980773296494746, 40.649844358424723 ] ], [ [ -73.980982060114655, 40.65093061891249 ], [ -73.98092730604445, 40.650645721470504 ], [ -73.980417189389897, 40.65070935972058 ], [ -73.980982060114655, 40.65093061891249 ] ], [ [ -74.0220580089252, 40.652280415278483 ], [ -74.023594345635644, 40.653216369464232 ], [ -74.023807039031084, 40.653044728009029 ], [ -74.022269679267694, 40.65209463203297 ], [ -74.0220580089252, 40.652280415278483 ] ], [ [ -74.015153800740606, 40.638871966687731 ], [ -74.015502204149442, 40.638837539048815 ], [ -74.015286079692828, 40.637436955265485 ], [ -74.014647204865781, 40.63749369478117 ], [ -74.014516652694198, 40.63663502169134 ], [ -74.013403243577486, 40.63596318875824 ], [ -74.012579186991118, 40.636035516905807 ], [ -74.011817938988287, 40.635282551290466 ], [ -74.01209982063888, 40.635052026797652 ], [ -74.011675550378172, 40.634924028920103 ], [ -74.011354878589756, 40.635247181438857 ], [ -74.011021602371244, 40.635100580279904 ], [ -74.009715988149665, 40.635340080555451 ], [ -74.009599335107453, 40.634573418248522 ], [ -74.007135120937363, 40.633348929916508 ], [ -74.007191414499474, 40.635010782468356 ], [ -74.006540503286274, 40.635067871807983 ], [ -74.00660063911252, 40.635564123783503 ], [ -74.003568394405036, 40.635623099576542 ], [ -74.004735554164782, 40.636682471997467 ], [ -74.005121149143562, 40.639231943760748 ], [ -74.003809026031206, 40.63934924147172 ], [ -74.004884983446118, 40.639987117198068 ], [ -74.004968529503927, 40.640532963547827 ], [ -74.007427996877396, 40.640315617113295 ], [ -74.007174806313316, 40.638648268171444 ], [ -74.008200481118521, 40.638355205943057 ], [ -74.014312378996266, 40.63781546978683 ], [ -74.015022825510599, 40.642475701205633 ], [ -74.014576254254578, 40.642799861806587 ], [ -74.014629417592687, 40.643149587225572 ], [ -74.012599163099665, 40.643328888459806 ], [ -74.013134212919994, 40.646694445477223 ], [ -74.015577472823608, 40.646615155456509 ], [ -74.015967370391309, 40.646235878891744 ], [ -74.014677637495126, 40.639532524637659 ], [ -74.015248041939159, 40.639481634329876 ], [ -74.015153800740606, 40.638871966687731 ] ], [ [ -73.991493604663646, 40.643767649748845 ], [ -73.991030219039061, 40.64332597373032 ], [ -73.990232557950208, 40.64334108936243 ], [ -73.990190891141651, 40.642068741762735 ], [ -73.98950187590259, 40.64098487823923 ], [ -73.989208238214971, 40.639036933979575 ], [ -73.988962427186451, 40.639058803525806 ], [ -73.989036197502955, 40.639547273155614 ], [ -73.984429096358554, 40.639952521410507 ], [ -73.984506166689755, 40.640462148022074 ], [ -73.983243612567833, 40.640745275894652 ], [ -73.981991084499143, 40.640685852104582 ], [ -73.980266393778905, 40.641563528773787 ], [ -73.978373510830579, 40.640518791823716 ], [ -73.977160740835103, 40.641751773247478 ], [ -73.979018831357536, 40.642971929504768 ], [ -73.978457923002736, 40.643415717562263 ], [ -73.979047510084953, 40.642960029681106 ], [ -73.979374302789196, 40.64245770581838 ], [ -73.983120807111675, 40.644141546489294 ], [ -73.982357465354539, 40.645244142414398 ], [ -73.983192864703767, 40.646578814531374 ], [ -73.989401849314945, 40.644048965364185 ], [ -73.991589342386973, 40.645221373342423 ], [ -73.991493604663646, 40.643767649748845 ] ], [ [ -73.96803559202354, 40.642306686289132 ], [ -73.968384091390234, 40.642118122936679 ], [ -73.968849517832695, 40.642382042983478 ], [ -73.96939776924529, 40.641767791334054 ], [ -73.96865858585349, 40.641519738706485 ], [ -73.96803559202354, 40.642306686289132 ] ], [ [ -73.968902272184664, 40.641071625301166 ], [ -73.968852209920897, 40.641077801107507 ], [ -73.968845087882173, 40.641094056927486 ], [ -73.968902272184664, 40.641071625301166 ] ], [ [ -73.969765616161837, 40.640442437402712 ], [ -73.969216778170775, 40.640409470814248 ], [ -73.969355003733185, 40.640841365938151 ], [ -73.969765616161837, 40.640442437402712 ] ], [ [ -73.977854431130368, 40.640002558539074 ], [ -73.977674960269837, 40.639808058712731 ], [ -73.976755951507613, 40.63928572136065 ], [ -73.976699613483206, 40.639342954435186 ], [ -73.977854431130368, 40.640002558539074 ] ], [ [ -73.99709102087057, 40.639485411822882 ], [ -73.997165255449218, 40.639710574912854 ], [ -73.997387190607839, 40.639690989201718 ], [ -73.997372590891132, 40.639595586840976 ], [ -73.99709102087057, 40.639485411822882 ] ], [ [ -73.9996470669101, 40.634362622872167 ], [ -73.999145260742438, 40.631064352671515 ], [ -73.999811104715761, 40.631005829095237 ], [ -73.999736311055074, 40.630510809856489 ], [ -74.002141908491666, 40.630298238864746 ], [ -73.996953006642329, 40.626931309551978 ], [ -73.99670162359206, 40.627171983606146 ], [ -73.996788475972707, 40.626826051412834 ], [ -73.994649729741568, 40.625697179221675 ], [ -73.994982943347253, 40.625376093159907 ], [ -73.99489428075573, 40.624779314657474 ], [ -73.993427591636475, 40.623894335136143 ], [ -73.992895672918507, 40.623941404299131 ], [ -73.992681142150744, 40.622533015870573 ], [ -73.992306533284349, 40.622306554883679 ], [ -73.99308430840162, 40.628311769338751 ], [ -73.992370914326145, 40.628374337990422 ], [ -73.992441135606356, 40.628837196472652 ], [ -73.987337757211634, 40.62940286203785 ], [ -73.982820357201348, 40.630611975294777 ], [ -73.982935494249602, 40.631304788033063 ], [ -73.981060893063599, 40.631469349014047 ], [ -73.979535741825174, 40.631216300483302 ], [ -73.980318219421093, 40.631819389395467 ], [ -73.980736400519177, 40.631780404736119 ], [ -73.981202403725931, 40.634817309982147 ], [ -73.980855589393741, 40.634970727355373 ], [ -73.981471793914238, 40.634916506257099 ], [ -73.981581217644901, 40.635653138239093 ], [ -73.981582017472803, 40.63504592404874 ], [ -73.982256245321864, 40.634986712590162 ], [ -73.982182784376377, 40.634496844365309 ], [ -73.985832221452796, 40.634176849998319 ], [ -73.98715663282195, 40.634764994990078 ], [ -73.988969601322978, 40.634605940814026 ], [ -73.989587353708629, 40.638672698799795 ], [ -73.989821603960209, 40.638652148683548 ], [ -73.989745544240137, 40.638150312695494 ], [ -73.992724457703673, 40.637887198368638 ], [ -73.994594708111549, 40.637834509482147 ], [ -73.99637823216095, 40.638444793411459 ], [ -73.996255806698827, 40.63478786891848 ], [ -73.9996470669101, 40.634362622872167 ] ], [ [ -73.976228509130962, 40.636967152210531 ], [ -73.977003834794047, 40.636334110830134 ], [ -73.976903077836269, 40.636276896549568 ], [ -73.976228509130962, 40.636967152210531 ] ], [ [ -73.974946864403663, 40.626391304829731 ], [ -73.97571913858971, 40.626898009834797 ], [ -73.976322907990934, 40.626298530080227 ], [ -73.975826503281723, 40.62601646226117 ], [ -73.976029112220175, 40.625814410443851 ], [ -73.974128128619085, 40.625463863502922 ], [ -73.975235867989653, 40.62609134446221 ], [ -73.974946864403663, 40.626391304829731 ] ], [ [ -74.001975116174179, 40.625266791375964 ], [ -74.001592529134641, 40.623064379203079 ], [ -74.007704317243125, 40.622505715290472 ], [ -74.0082829879548, 40.622339480426717 ], [ -74.008268418808143, 40.621792118875319 ], [ -74.009065517147747, 40.621722667960945 ], [ -74.009149056203981, 40.621343882116022 ], [ -74.00992495696515, 40.621275690849671 ], [ -74.009851048595465, 40.620786607321683 ], [ -74.010566703923331, 40.620723451838138 ], [ -74.010368370307773, 40.619453243489559 ], [ -74.008104222537639, 40.619652007841644 ], [ -74.007871292856123, 40.618117862634321 ], [ -74.005939033686801, 40.61828833773707 ], [ -74.00477433695805, 40.611346331047841 ], [ -74.004377974566992, 40.610687213875721 ], [ -74.004585751182617, 40.609555320071102 ], [ -74.003973350288689, 40.609609575530271 ], [ -74.004116481858375, 40.610331064650246 ], [ -74.002801260985265, 40.610573549165217 ], [ -74.003030856247932, 40.612113356060654 ], [ -74.000816473462848, 40.612708645708565 ], [ -74.000418885550417, 40.612361025070697 ], [ -73.996671830005695, 40.612708776027524 ], [ -73.995874960677796, 40.607790994972824 ], [ -73.997300448829264, 40.606831844888582 ], [ -73.999749456966626, 40.606615153170573 ], [ -74.000888736824379, 40.606194670310089 ], [ -74.001710937763207, 40.606255667793931 ], [ -74.002256303061998, 40.605840705132813 ], [ -74.002493622341177, 40.605984147039337 ], [ -74.00212619683748, 40.606436053652402 ], [ -74.003257286661608, 40.606446740266428 ], [ -74.002940314733593, 40.605503767554609 ], [ -74.003154928028223, 40.605354876896321 ], [ -74.000103963081713, 40.60571820764563 ], [ -73.999148301072779, 40.606316387807055 ], [ -73.998785893315571, 40.606098506922308 ], [ -73.999315038358702, 40.605203037833647 ], [ -73.998382346890267, 40.605860266223139 ], [ -73.998118750241744, 40.605703021206281 ], [ -73.998736705521551, 40.604899394999769 ], [ -73.998516380025123, 40.603696930463705 ], [ -73.995412869385547, 40.603892501723188 ], [ -73.993512283864916, 40.602948814413786 ], [ -73.993406170467196, 40.602657859613814 ], [ -73.993037443625738, 40.602690133289087 ], [ -73.992552668200162, 40.599519940045305 ], [ -73.989037775108841, 40.599827933924018 ], [ -73.989524646848494, 40.603047094874867 ], [ -73.988997816959369, 40.60310241604536 ], [ -73.98676046001377, 40.604404713170034 ], [ -73.989001644439767, 40.605458432044188 ], [ -73.990273891532269, 40.605344336270498 ], [ -73.99093983021254, 40.610345397645368 ], [ -73.990377637251768, 40.610395349331611 ], [ -73.990179559615171, 40.610916078283005 ], [ -73.99095556283207, 40.611624337232648 ], [ -73.991363665780639, 40.614310506922216 ], [ -73.990711680573753, 40.614367570742111 ], [ -73.9907886398275, 40.614875086221687 ], [ -73.990311456570709, 40.614917594100106 ], [ -73.990558137774102, 40.616557652018599 ], [ -73.989876693044977, 40.616617834106272 ], [ -73.989950226708999, 40.617101638386252 ], [ -73.98478383398421, 40.617558024545815 ], [ -73.984669155840677, 40.616778513161037 ], [ -73.983002838537232, 40.615841511175695 ], [ -73.982529948111946, 40.612809827334132 ], [ -73.98132939241664, 40.612716880417416 ], [ -73.983100754935293, 40.612542919964568 ], [ -73.982299997093961, 40.611522325104396 ], [ -73.983573759265312, 40.611936383926803 ], [ -73.982892962664337, 40.610996196176302 ], [ -73.983327851581961, 40.610767014695455 ], [ -73.982767142774932, 40.609050466882493 ], [ -73.980837700911735, 40.607953643917988 ], [ -73.98230250412827, 40.606460423077372 ], [ -73.982782334539692, 40.605533321708101 ], [ -73.982143549688914, 40.605615166449525 ], [ -73.982100309477232, 40.605379088006693 ], [ -73.982781982029167, 40.605462382530703 ], [ -73.984229712829205, 40.604364358103048 ], [ -73.982044750988592, 40.603119950372559 ], [ -73.982524394336906, 40.602630667124203 ], [ -73.982363950798344, 40.601783083824856 ], [ -73.980791228987485, 40.600886727511089 ], [ -73.9832135849406, 40.598416468680902 ], [ -73.979480850441789, 40.59629127018848 ], [ -73.98023016212673, 40.595522679381766 ], [ -73.980332616594723, 40.594843180162904 ], [ -73.979690436884525, 40.594514084940577 ], [ -73.977343491486408, 40.595293619406661 ], [ -73.979154018047552, 40.596326375873758 ], [ -73.976097090690743, 40.599438018837702 ], [ -73.975257295090685, 40.599909502280248 ], [ -73.97544569915857, 40.600907219606079 ], [ -73.976273796153976, 40.601384545144775 ], [ -73.975485143060212, 40.602507399165155 ], [ -73.975053052103164, 40.602479076013971 ], [ -73.97318199003513, 40.603834366084371 ], [ -73.973713067202993, 40.604354305937122 ], [ -73.971456026879579, 40.606355639148276 ], [ -73.972105423307084, 40.606724999158061 ], [ -73.971653200818437, 40.60718660472871 ], [ -73.974270177620753, 40.60867595024137 ], [ -73.974001025405229, 40.609354284042816 ], [ -73.97318034653722, 40.60978597026044 ], [ -73.972238005713422, 40.611003590649759 ], [ -73.973346754214674, 40.611668717805024 ], [ -73.973508314118746, 40.611503882663605 ], [ -73.975448272811093, 40.612125631641732 ], [ -73.976059635092227, 40.61206930242269 ], [ -73.976130471351311, 40.612533680816746 ], [ -73.976702359038129, 40.612878987666001 ], [ -73.979017751399525, 40.612677828623958 ], [ -73.979129561651845, 40.613435223264403 ], [ -73.980546664751969, 40.614291075782511 ], [ -73.981009575743286, 40.614250055213667 ], [ -73.981520459205569, 40.617612175447945 ], [ -73.980696491164991, 40.617685485489183 ], [ -73.980758961652938, 40.618099050290738 ], [ -73.979475721744961, 40.618211636863165 ], [ -73.979234664095131, 40.618360355687457 ], [ -73.988425252777262, 40.617502942581552 ], [ -73.988514728152651, 40.618081287689328 ], [ -73.991533667315707, 40.617803659658584 ], [ -73.992229930769142, 40.621798546350746 ], [ -73.992605176718541, 40.622023645184704 ], [ -73.992366399053651, 40.620449287921865 ], [ -73.993039489939108, 40.62038995853721 ], [ -73.992953906728587, 40.619825274671328 ], [ -73.99465505365167, 40.6196783994626 ], [ -73.994285530987426, 40.616987994562614 ], [ -73.995126319952192, 40.616914387366123 ], [ -73.995072050223484, 40.616551062279321 ], [ -73.996797870247363, 40.616388460590663 ], [ -74.000025535811417, 40.615506689824137 ], [ -74.001212201189205, 40.615939221610716 ], [ -74.001324219950888, 40.616674164271096 ], [ -74.0016628648102, 40.616851065576768 ], [ -74.004041791881974, 40.616666061836881 ], [ -74.004776180354995, 40.621504055955818 ], [ -74.004132760705957, 40.621561526361603 ], [ -74.004210516548795, 40.62207130678847 ], [ -74.000135113138512, 40.622408094087895 ], [ -74.000419654467649, 40.624336211121076 ], [ -73.99974925361218, 40.624522055231765 ], [ -73.999815609220605, 40.624953847799887 ], [ -73.997127946003928, 40.62567707547921 ], [ -73.995770420809322, 40.625308453665973 ], [ -73.99991636027832, 40.627813539547844 ], [ -73.999614330198881, 40.625810882938886 ], [ -74.000544010564866, 40.625393495816382 ], [ -74.001975116174179, 40.625266791375964 ] ], [ [ -73.97373526462242, 40.619130538343597 ], [ -73.973093632764915, 40.61933691439706 ], [ -73.972115984527122, 40.620594492477736 ], [ -73.971347813819264, 40.620916732646087 ], [ -73.971389465096976, 40.621293138767079 ], [ -73.972348701098738, 40.621699917206485 ], [ -73.97317256760897, 40.621655531795085 ], [ -73.973841977250871, 40.620906857355237 ], [ -73.97373526462242, 40.619130538343597 ] ], [ [ -73.961439357575927, 40.619165199615729 ], [ -73.962750585651889, 40.620016838448471 ], [ -73.962956638194356, 40.619807098328671 ], [ -73.962205794252014, 40.61948994311436 ], [ -73.961439357575927, 40.619165199615729 ] ], [ [ -73.977179620757866, 40.62021971164382 ], [ -73.977144502434271, 40.6201805153989 ], [ -73.977130543209441, 40.620224979421081 ], [ -73.977179620757866, 40.62021971164382 ] ], [ [ -73.970226773553534, 40.597373039001766 ], [ -73.969033746803433, 40.598588528365944 ], [ -73.96935506035986, 40.598771868138243 ], [ -73.970547926422327, 40.597555435036135 ], [ -73.970226773553534, 40.597373039001766 ] ], [ [ -73.961811073431193, 40.597168741137502 ], [ -73.961107033841088, 40.59680167674459 ], [ -73.960924442600088, 40.597817652982457 ], [ -73.961114413431758, 40.597921164758446 ], [ -73.961811073431193, 40.597168741137502 ] ], [ [ -73.972929353698547, 40.589787682543992 ], [ -73.97133434206421, 40.591402379374074 ], [ -73.969923712662023, 40.590600914876518 ], [ -73.968382875456555, 40.592178254179458 ], [ -73.969463196741813, 40.592792697518107 ], [ -73.968875760117257, 40.593392215239561 ], [ -73.968557661570017, 40.594409118781343 ], [ -73.969772434889762, 40.594929970375993 ], [ -73.968715560913523, 40.596404118559668 ], [ -73.970203872681836, 40.597252500803819 ], [ -73.970494690287538, 40.596954421407055 ], [ -73.970023454448196, 40.595913003512891 ], [ -73.971785134732045, 40.594995958286368 ], [ -73.971984510355227, 40.594088107187801 ], [ -73.974299050560049, 40.593948677856538 ], [ -73.972240148506842, 40.592486167799578 ], [ -73.972721145605789, 40.59210731230047 ], [ -73.972929353698547, 40.589787682543992 ] ], [ [ -73.961017453771021, 40.595500810092965 ], [ -73.960970587592584, 40.595121294235703 ], [ -73.960871645794612, 40.595063721380527 ], [ -73.961017453771021, 40.595500810092965 ] ], [ [ -74.073191121114348, 40.588276817332549 ], [ -74.073796396052487, 40.588373839222953 ], [ -74.073402510875511, 40.588173849920722 ], [ -74.073800031528577, 40.587721123586313 ], [ -74.074836494692093, 40.588247365340578 ], [ -74.074960499410793, 40.588108860068857 ], [ -74.073918485734424, 40.587579801208221 ], [ -74.074300571502647, 40.587148332698703 ], [ -74.075342094744457, 40.587677141073598 ], [ -74.075912422956492, 40.587519155909092 ], [ -74.072400154268493, 40.585752164766809 ], [ -74.072103703640451, 40.586061962285676 ], [ -74.074048491494537, 40.587031262550703 ], [ -74.073158511244273, 40.588051999892805 ], [ -74.071714401735278, 40.587329935683428 ], [ -74.069876757667714, 40.588968145063617 ], [ -74.069716367706334, 40.58946377629465 ], [ -74.069955531595596, 40.589249971794693 ], [ -74.070108098990374, 40.58990037643602 ], [ -74.070388271565733, 40.589729859434875 ], [ -74.070908336232918, 40.590306571682802 ], [ -74.069876092839721, 40.591033167141603 ], [ -74.070777725849169, 40.590660508372089 ], [ -74.071257228525567, 40.591195053159673 ], [ -74.072021954237826, 40.591450674098304 ], [ -74.072338256963732, 40.590770846653079 ], [ -74.071631572770471, 40.589842424673932 ], [ -74.072786034304244, 40.589499110342693 ], [ -74.073059119817543, 40.588875759462638 ], [ -74.072587051274951, 40.589094902197893 ], [ -74.073191121114348, 40.588276817332549 ] ], [ [ -73.995103001896283, 40.588203168268265 ], [ -73.994411417836275, 40.588361474978086 ], [ -73.99412427378509, 40.588671787211091 ], [ -73.995103001896283, 40.588203168268265 ] ], [ [ -74.071249135610259, 40.587099885120018 ], [ -74.071284849084677, 40.5873184160261 ], [ -74.071422636823243, 40.587186540621531 ], [ -74.071249135610259, 40.587099885120018 ] ], [ [ -73.998610416299471, 40.586493076614389 ], [ -73.999634238235046, 40.586069747433427 ], [ -73.999289050094632, 40.585552366052951 ], [ -73.998085709369363, 40.585378038288511 ], [ -73.997367113928163, 40.585871954882109 ], [ -73.998737674316772, 40.586092977886459 ], [ -73.998610416299471, 40.586493076614389 ] ], [ [ -74.09627888281193, 40.582018487595157 ], [ -74.0962127117687, 40.582054042597576 ], [ -74.096329756958838, 40.582059729731775 ], [ -74.09627888281193, 40.582018487595157 ] ], [ [ -74.096805934082042, 40.582348768593029 ], [ -74.095340515475797, 40.581759863259478 ], [ -74.095673131372536, 40.581482779977073 ], [ -74.096242141200136, 40.581851197642592 ], [ -74.095736637806922, 40.581439998093828 ], [ -74.096044885871692, 40.580953050598012 ], [ -74.095322246580139, 40.581357346719457 ], [ -74.094656235610373, 40.580829543686193 ], [ -74.094335993771892, 40.581208495622946 ], [ -74.092920305770306, 40.580526362142912 ], [ -74.092776536000315, 40.580693883042905 ], [ -74.094146788890839, 40.581235261095017 ], [ -74.093944809562458, 40.581461499473562 ], [ -74.092818719479567, 40.580885170935247 ], [ -74.093473376769381, 40.583588624121376 ], [ -74.093985124945107, 40.584397648350603 ], [ -74.093332576987834, 40.585202029509048 ], [ -74.08732769561594, 40.586054198385931 ], [ -74.086693254110202, 40.584585835972881 ], [ -74.086837615941434, 40.584038135510319 ], [ -74.085067635583144, 40.583155722053014 ], [ -74.085496885454603, 40.582642377178971 ], [ -74.085439396250592, 40.582206975404546 ], [ -74.085239843394135, 40.581659370749065 ], [ -74.084372720546895, 40.580960445716613 ], [ -74.084890084408812, 40.57998426811789 ], [ -74.085845274661082, 40.579846808420044 ], [ -74.085792536049283, 40.579649049965916 ], [ -74.084197115398894, 40.578846575490743 ], [ -74.083038507542824, 40.579182363888926 ], [ -74.083933873504535, 40.579631285206887 ], [ -74.084241267231235, 40.581736186257885 ], [ -74.084816365065862, 40.581671096497061 ], [ -74.084229433972268, 40.582620590761607 ], [ -74.083786610987133, 40.582627914320106 ], [ -74.083096483178437, 40.583412382121153 ], [ -74.079547260405135, 40.58152166972598 ], [ -74.078099942984295, 40.581528753737544 ], [ -74.076670696188714, 40.5831558923514 ], [ -74.085493968265979, 40.587835908261241 ], [ -74.085848991294952, 40.587830609925447 ], [ -74.084863722973395, 40.587292643118197 ], [ -74.085939556719637, 40.587716281067479 ], [ -74.088954507305061, 40.587289544433055 ], [ -74.089338301258806, 40.588755343396521 ], [ -74.089968303991284, 40.589030036681635 ], [ -74.091317968550115, 40.59298291872269 ], [ -74.088846053102969, 40.59523293807019 ], [ -74.087637717872767, 40.595125602340048 ], [ -74.085777511085823, 40.595906254719701 ], [ -74.086486673414086, 40.596185212190555 ], [ -74.084431722934511, 40.597541306119702 ], [ -74.083996757927636, 40.598531086965302 ], [ -74.082877769750979, 40.598237652998229 ], [ -74.081731194521154, 40.598747685247034 ], [ -74.077202084815625, 40.597505710136581 ], [ -74.078292902680957, 40.595257582852049 ], [ -74.07660301025507, 40.594711693738724 ], [ -74.07688035999692, 40.594149041599337 ], [ -74.073096392012175, 40.593380912583093 ], [ -74.07273673810829, 40.594166925703462 ], [ -74.071504880643488, 40.595194292714346 ], [ -74.074128244986625, 40.595934070278354 ], [ -74.074700440247497, 40.597102408579602 ], [ -74.075840600952361, 40.596978755427536 ], [ -74.075543581009811, 40.597845130657298 ], [ -74.074132374287601, 40.598894721897523 ], [ -74.07447959529533, 40.600031201911278 ], [ -74.073551272706624, 40.600770774899608 ], [ -74.072345865253922, 40.600994866910263 ], [ -74.071365929696327, 40.600581247162623 ], [ -74.06971829607312, 40.600599082258256 ], [ -74.067596346923452, 40.59964635077651 ], [ -74.067086295148911, 40.599911064685912 ], [ -74.06666151050139, 40.599695275041569 ], [ -74.066327966242014, 40.600019943078621 ], [ -74.065244578473582, 40.599977611925084 ], [ -74.064682564350363, 40.600264758734184 ], [ -74.06507709967461, 40.601204392232212 ], [ -74.066479744295066, 40.60141968076433 ], [ -74.067560995270398, 40.602808903223504 ], [ -74.068217379850523, 40.603185179629158 ], [ -74.072157145505685, 40.604672975701661 ], [ -74.07497171999924, 40.605292012617483 ], [ -74.076197886153935, 40.605427049562316 ], [ -74.07632810054956, 40.605052119951011 ], [ -74.075745757705619, 40.6042503563461 ], [ -74.077018461329814, 40.603630338578299 ], [ -74.076765590724776, 40.602095936520882 ], [ -74.077642287670656, 40.603781601397536 ], [ -74.077874791086231, 40.605601193866718 ], [ -74.079526294202182, 40.60592178639272 ], [ -74.079610196521628, 40.605716522349866 ], [ -74.07801182771928, 40.60547678925802 ], [ -74.07791983658133, 40.604128476355406 ], [ -74.078819817839673, 40.60382017941977 ], [ -74.07981201108889, 40.605222767624298 ], [ -74.079892576953625, 40.605025654948022 ], [ -74.082430790811884, 40.605197501519143 ], [ -74.082701301879851, 40.604535188918241 ], [ -74.083551970186036, 40.603798656752083 ], [ -74.083714897102965, 40.60402534208108 ], [ -74.085274599776639, 40.604034136312229 ], [ -74.085615136513255, 40.605446609887736 ], [ -74.086475487183506, 40.606868221457049 ], [ -74.086962648602324, 40.606804905806818 ], [ -74.087361314761083, 40.606459970955562 ], [ -74.08840517545265, 40.60636167008203 ], [ -74.088246367880785, 40.605577699806169 ], [ -74.087287527440679, 40.604977793574704 ], [ -74.087230323174637, 40.604669132327899 ], [ -74.086018828727944, 40.604387123175414 ], [ -74.085653089607305, 40.602049801325457 ], [ -74.086867755712163, 40.601958330390232 ], [ -74.08597817601914, 40.600426322479571 ], [ -74.087664014143286, 40.599666482772527 ], [ -74.089830331772191, 40.599691706687786 ], [ -74.090299963679527, 40.598817352427808 ], [ -74.091543303370315, 40.599337254570877 ], [ -74.090589979926932, 40.598766989371484 ], [ -74.091722470039002, 40.599037035891236 ], [ -74.091869847526695, 40.59952576068536 ], [ -74.09316044759197, 40.599596813735729 ], [ -74.096989568648183, 40.598555302743357 ], [ -74.096577489607725, 40.597767048298678 ], [ -74.09702970404787, 40.596913846821494 ], [ -74.097583093277223, 40.596718886862924 ], [ -74.097172190646461, 40.596344133845257 ], [ -74.097689377717046, 40.595122303125088 ], [ -74.09987382485906, 40.594322688676876 ], [ -74.099875201106457, 40.593921447586077 ], [ -74.102201585909881, 40.593536096091789 ], [ -74.103214354992531, 40.592970370847929 ], [ -74.104520300394611, 40.593883337922748 ], [ -74.105802351250361, 40.595532435018953 ], [ -74.106047734543353, 40.595715309203243 ], [ -74.105814290284854, 40.595443067798257 ], [ -74.10686762961214, 40.594973680426762 ], [ -74.110297849902395, 40.596111804056157 ], [ -74.111511776888008, 40.595863093864949 ], [ -74.111814796864095, 40.59461951427329 ], [ -74.112815058949138, 40.594585794050161 ], [ -74.111379036864392, 40.593950938546321 ], [ -74.111775955512371, 40.592938633004252 ], [ -74.111728017493817, 40.591899342037181 ], [ -74.110888026773225, 40.591684668482202 ], [ -74.110903534590364, 40.59117807559327 ], [ -74.111544041592452, 40.588663291116347 ], [ -74.11250294603542, 40.589225167523551 ], [ -74.11184027473881, 40.587259299597065 ], [ -74.110448545922637, 40.586419513061081 ], [ -74.112755310103395, 40.582618605951836 ], [ -74.11825970531298, 40.585783997937739 ], [ -74.117362622558829, 40.586679291445705 ], [ -74.120327146104714, 40.588490209574395 ], [ -74.12362180687407, 40.584757472545284 ], [ -74.120961572519889, 40.583087345567421 ], [ -74.119777010543871, 40.581892446446368 ], [ -74.119432457227703, 40.58200648406153 ], [ -74.117980170796741, 40.581359669840282 ], [ -74.117279260767063, 40.579125044541776 ], [ -74.116289020904091, 40.579246147824499 ], [ -74.115469490009687, 40.580029411605373 ], [ -74.114920524874933, 40.579891859356756 ], [ -74.115157456314549, 40.580246728743148 ], [ -74.114210878640478, 40.579752265249759 ], [ -74.113908806152381, 40.576161563674944 ], [ -74.107733663986266, 40.580602944746438 ], [ -74.107754837786445, 40.580837474417095 ], [ -74.106956973154823, 40.581182733236581 ], [ -74.107373732074961, 40.581734240375077 ], [ -74.107013842909154, 40.581973822096337 ], [ -74.106391693136203, 40.581607239430696 ], [ -74.103954865864878, 40.583383729984888 ], [ -74.10408985681886, 40.586265105147994 ], [ -74.105064119161867, 40.587473403078192 ], [ -74.102270620253961, 40.590176814209208 ], [ -74.1018875707516, 40.590163027635036 ], [ -74.102566384978189, 40.591011466640254 ], [ -74.102256636242984, 40.592354471132644 ], [ -74.101747458310598, 40.592880010274392 ], [ -74.101935820898987, 40.593376058789367 ], [ -74.099804250894593, 40.593823280138075 ], [ -74.098906373061212, 40.593738108702702 ], [ -74.097731188479742, 40.59423935491013 ], [ -74.096398416641449, 40.593544463471787 ], [ -74.096938092675984, 40.592831020667468 ], [ -74.095783601943467, 40.592132458306473 ], [ -74.094949193743346, 40.592252511230647 ], [ -74.094308911097585, 40.590361769752832 ], [ -74.094169928933525, 40.589207975208204 ], [ -74.09472713232843, 40.58917242138557 ], [ -74.094667226678396, 40.588633204415601 ], [ -74.095654040477243, 40.58848833533451 ], [ -74.09537698214622, 40.586251332424929 ], [ -74.098246557798916, 40.586033655288986 ], [ -74.097219459666462, 40.585495227661632 ], [ -74.098485188567466, 40.584455115943278 ], [ -74.100004690087914, 40.585360073296563 ], [ -74.099252387064396, 40.585945337109393 ], [ -74.100286832708548, 40.585363699059627 ], [ -74.100818992285426, 40.584476474635345 ], [ -74.099991323247181, 40.585226283580866 ], [ -74.099403634471685, 40.584875468436287 ], [ -74.100562126463814, 40.583874421885817 ], [ -74.100988448008295, 40.58433012789606 ], [ -74.101605336905038, 40.583397936307236 ], [ -74.103361474854267, 40.583375946944351 ], [ -74.106037069393309, 40.581398284987515 ], [ -74.102283292289542, 40.581955138681849 ], [ -74.097201106585644, 40.582022920110383 ], [ -74.096805934082042, 40.582348768593029 ] ], [ [ -74.138584238033246, 40.574407112339493 ], [ -74.138488661227967, 40.574976625396275 ], [ -74.136920139890634, 40.575167390769288 ], [ -74.136881734608664, 40.574982474998208 ], [ -74.136857742907495, 40.575836742838355 ], [ -74.133744307871851, 40.577192185053526 ], [ -74.134749700659199, 40.577531753219915 ], [ -74.135322318171873, 40.576743756303031 ], [ -74.139280933540249, 40.575925689032644 ], [ -74.139344522454465, 40.575095264816397 ], [ -74.138696988331361, 40.574937594737314 ], [ -74.138584238033246, 40.574407112339493 ] ], [ [ -74.137718523246619, 40.574792343739666 ], [ -74.137811058074007, 40.574513724454988 ], [ -74.137185284518694, 40.574672747456304 ], [ -74.137222648297083, 40.574852651873726 ], [ -74.137718523246619, 40.574792343739666 ] ], [ [ -74.165267123031299, 40.576053941881518 ], [ -74.166026540277997, 40.576556984298804 ], [ -74.166469126259059, 40.576785614216547 ], [ -74.166550991172357, 40.576582225612242 ], [ -74.165267123031299, 40.576053941881518 ] ], [ [ -74.131642754177406, 40.578580750116465 ], [ -74.134219323556763, 40.577970608724321 ], [ -74.133671888896203, 40.577224653640407 ], [ -74.131642754177406, 40.578580750116465 ] ], [ [ -74.160150096249126, 40.580595727021269 ], [ -74.160439980553988, 40.58080919196037 ], [ -74.162205865461658, 40.580644900417226 ], [ -74.161512637268444, 40.579183770470905 ], [ -74.159531523933879, 40.579040073428231 ], [ -74.159710151401299, 40.578476147997876 ], [ -74.15890112897651, 40.579119205773601 ], [ -74.158952540846698, 40.579710709864891 ], [ -74.159311326834541, 40.579792840994742 ], [ -74.160214536722094, 40.579177998421287 ], [ -74.160469143926008, 40.580178275518762 ], [ -74.160150096249126, 40.580595727021269 ] ], [ [ -74.134750135906231, 40.581379874824755 ], [ -74.136425964814549, 40.578972028171329 ], [ -74.135299137271758, 40.578657579301414 ], [ -74.135294846855857, 40.579961962214604 ], [ -74.134597615233218, 40.580823982955607 ], [ -74.134750135906231, 40.581379874824755 ] ], [ [ -74.131346407315405, 40.578676948975726 ], [ -74.129051447062636, 40.579426587597411 ], [ -74.129161754446926, 40.57977360251531 ], [ -74.130746978330762, 40.579202242599571 ], [ -74.131346407315405, 40.578676948975726 ] ], [ [ -74.13141357015121, 40.578668616192992 ], [ -74.131349072965904, 40.578676137595757 ], [ -74.131367817490386, 40.57870524281914 ], [ -74.13141357015121, 40.578668616192992 ] ], [ [ -74.152581197615731, 40.582235583658935 ], [ -74.154091703428819, 40.583038581386454 ], [ -74.154691513651755, 40.583726805647835 ], [ -74.155003865099999, 40.583033008474175 ], [ -74.152940428954281, 40.581941524484677 ], [ -74.152581197615731, 40.582235583658935 ] ], [ [ -74.125871228167696, 40.584284517722921 ], [ -74.124763656653457, 40.583869930761487 ], [ -74.125145392050612, 40.584588626381937 ], [ -74.125871228167696, 40.584284517722921 ] ], [ [ -74.130507633987378, 40.584114485352558 ], [ -74.1304755962733, 40.584092470031457 ], [ -74.130475500044895, 40.584092653505387 ], [ -74.130507633987378, 40.584114485352558 ] ], [ [ -74.131206643386378, 40.584589387585567 ], [ -74.131329203615721, 40.584671636558554 ], [ -74.130774878044434, 40.584296050449964 ], [ -74.131206643386378, 40.584589387585567 ] ], [ [ -74.132158445740984, 40.585226577190895 ], [ -74.131646441101609, 40.58488452998624 ], [ -74.131969906898988, 40.585101600838598 ], [ -74.132158445740984, 40.585226577190895 ] ], [ [ -74.132511965818182, 40.585460912214778 ], [ -74.132511941263374, 40.585460811796906 ], [ -74.132491823831643, 40.585447560930874 ], [ -74.132511965818182, 40.585460912214778 ] ], [ [ -74.130064599676899, 40.596372819974668 ], [ -74.130064645841912, 40.596372866749711 ], [ -74.130064728543672, 40.59637286935768 ], [ -74.130064599676899, 40.596372819974668 ] ], [ [ -74.131000368611538, 40.596478776175445 ], [ -74.13150353691347, 40.596194400720201 ], [ -74.129804326932984, 40.594964675475111 ], [ -74.12994969992279, 40.593959369109534 ], [ -74.12961723014584, 40.594507706412031 ], [ -74.128569143866599, 40.594225942532624 ], [ -74.12976873326528, 40.592246569178833 ], [ -74.130619112071642, 40.591931668632284 ], [ -74.130923444494385, 40.591005182864897 ], [ -74.130233270637476, 40.590932457237777 ], [ -74.130224998914983, 40.591266114515733 ], [ -74.129769397300095, 40.591312947495403 ], [ -74.129583291138303, 40.590994845689877 ], [ -74.127915350518009, 40.591172792202428 ], [ -74.127957286889085, 40.590691479100499 ], [ -74.12744020282976, 40.591257658726569 ], [ -74.127469764005269, 40.591724548514499 ], [ -74.126738455571484, 40.591970569475016 ], [ -74.126826330077904, 40.592929232096431 ], [ -74.126174371047185, 40.594214684741083 ], [ -74.125932224252821, 40.594131521342419 ], [ -74.126513163070058, 40.593091947156658 ], [ -74.12649098232788, 40.592053820987438 ], [ -74.125055353972101, 40.591852357187726 ], [ -74.125023354078209, 40.591198901606525 ], [ -74.124268181737961, 40.590978882582448 ], [ -74.124725509715361, 40.590001786811477 ], [ -74.126224677404807, 40.589513869442811 ], [ -74.12665797057349, 40.589047073581149 ], [ -74.126243701494985, 40.588775864500882 ], [ -74.126632832720531, 40.588453925332857 ], [ -74.126617624484169, 40.587412280892501 ], [ -74.126948060073531, 40.586845247725726 ], [ -74.123452099020056, 40.587652688632907 ], [ -74.121670250165678, 40.588488814136106 ], [ -74.119231273543974, 40.590756869530331 ], [ -74.117578063697323, 40.593546105651782 ], [ -74.119749585163902, 40.594641664579456 ], [ -74.120164347788503, 40.594017886468301 ], [ -74.121840433619141, 40.595216019753984 ], [ -74.121707359317895, 40.595785804042741 ], [ -74.122040790081527, 40.595287104300645 ], [ -74.122687610898652, 40.595525683761544 ], [ -74.122369584853132, 40.596372850846251 ], [ -74.122882851234564, 40.595596619212913 ], [ -74.123528295268585, 40.595832962115075 ], [ -74.123035619721222, 40.596961553001044 ], [ -74.123729421309591, 40.595904897486825 ], [ -74.124391591892348, 40.596149767099355 ], [ -74.122211795170699, 40.599536474363141 ], [ -74.123326783308485, 40.601114690963207 ], [ -74.124201205732945, 40.60171978689749 ], [ -74.118898046504285, 40.606555754287164 ], [ -74.122149799503575, 40.6065118130904 ], [ -74.122252404947886, 40.607825465481092 ], [ -74.123508354894696, 40.608819380224489 ], [ -74.129797655372414, 40.607883008270065 ], [ -74.140853340992507, 40.607290910261312 ], [ -74.140705287892871, 40.605630392619965 ], [ -74.142966178175001, 40.6055223185869 ], [ -74.142921803443372, 40.607184544758169 ], [ -74.145989317335037, 40.607286318363016 ], [ -74.148525876531281, 40.608088217629444 ], [ -74.148976332223995, 40.607977162377026 ], [ -74.151523017944882, 40.605650317302349 ], [ -74.153038563318077, 40.605162949808559 ], [ -74.153166397848096, 40.604876262753358 ], [ -74.154456152902128, 40.604774194486787 ], [ -74.154439208801463, 40.601951319669588 ], [ -74.153774233463395, 40.600406526987342 ], [ -74.150817137165831, 40.600412329718324 ], [ -74.150816809011204, 40.599994503829947 ], [ -74.149559663401334, 40.599967644679275 ], [ -74.147791166535342, 40.598896182228401 ], [ -74.146450488345508, 40.598895225627643 ], [ -74.146610546870107, 40.599827682575196 ], [ -74.14611506071364, 40.601838158436891 ], [ -74.146453932949072, 40.602996169140127 ], [ -74.14593285797082, 40.603256561378487 ], [ -74.143628304255117, 40.603257022269062 ], [ -74.142320788760287, 40.602846822776804 ], [ -74.142771876053516, 40.60240085577928 ], [ -74.142835723721916, 40.600512190605222 ], [ -74.144940760153503, 40.600409767189539 ], [ -74.144932206284039, 40.597202278790419 ], [ -74.14349845759584, 40.597030392353979 ], [ -74.141205920465879, 40.597223551191341 ], [ -74.141133762023159, 40.597932869094919 ], [ -74.140867694255292, 40.598023518064551 ], [ -74.141296384946202, 40.599050326182052 ], [ -74.140059780385329, 40.599113379008166 ], [ -74.139193642021098, 40.599719725056538 ], [ -74.140185254475213, 40.600467379142458 ], [ -74.141403518816503, 40.600541243339244 ], [ -74.141699961185296, 40.60233423258866 ], [ -74.141416082382975, 40.603253856138373 ], [ -74.137915314633204, 40.60614777873333 ], [ -74.135967822971011, 40.605027637005918 ], [ -74.133692229429968, 40.605059702332412 ], [ -74.1335249857121, 40.604087426563112 ], [ -74.132764323903416, 40.603630373836062 ], [ -74.133339367444009, 40.602800783707359 ], [ -74.132464017853067, 40.603050145964758 ], [ -74.131578520996811, 40.603860473964033 ], [ -74.130529595174622, 40.603210292976193 ], [ -74.130628293411547, 40.603883035897951 ], [ -74.129731914711471, 40.603962531635112 ], [ -74.129723868938299, 40.602717086166479 ], [ -74.126153011908173, 40.600478063930019 ], [ -74.126091122510388, 40.599779839149768 ], [ -74.125715125134946, 40.599533285276458 ], [ -74.124487018542354, 40.599660110963256 ], [ -74.124605727600652, 40.598719564078287 ], [ -74.12420057823671, 40.59859361511139 ], [ -74.123643664147053, 40.597757570937915 ], [ -74.124980001803152, 40.597309808874272 ], [ -74.128262716405914, 40.597548730783799 ], [ -74.128230959659831, 40.597312979437262 ], [ -74.129345388502074, 40.597207664214615 ], [ -74.12923042084654, 40.5963890807867 ], [ -74.127351090843675, 40.596344252541506 ], [ -74.12812315617326, 40.595009246999695 ], [ -74.12971560062654, 40.594851915729052 ], [ -74.129739825627595, 40.596038825390345 ], [ -74.130064728543672, 40.59637286935768 ], [ -74.131000368611538, 40.596478776175445 ] ], [ [ -74.136344726319024, 40.59631955521472 ], [ -74.137957131535643, 40.59657844592401 ], [ -74.140140506908836, 40.596459069176596 ], [ -74.140775493420534, 40.596719052563806 ], [ -74.140200054482719, 40.595366223033238 ], [ -74.139028168925677, 40.594785061505199 ], [ -74.139933073834626, 40.595133268253413 ], [ -74.139311218299468, 40.594474448612303 ], [ -74.140502607500906, 40.59330116537317 ], [ -74.137587171724789, 40.594015333254788 ], [ -74.137499638226686, 40.593680424217837 ], [ -74.137233213285285, 40.59374260329259 ], [ -74.13723976999286, 40.593255812089872 ], [ -74.136927309202392, 40.59340460894748 ], [ -74.136907855821107, 40.593455679226444 ], [ -74.138069137303305, 40.594528400499456 ], [ -74.136858153230193, 40.595431301365238 ], [ -74.135987410136124, 40.595441111577841 ], [ -74.13547628679386, 40.595871562279527 ], [ -74.136344726319024, 40.59631955521472 ] ], [ [ -74.159062882627637, 40.596414955455344 ], [ -74.158837032968108, 40.59554937109597 ], [ -74.157697588322449, 40.595941980032151 ], [ -74.156475986799421, 40.595784290477489 ], [ -74.156496776848613, 40.594464688552563 ], [ -74.154130419143925, 40.594831073621954 ], [ -74.155198445992156, 40.595591966311481 ], [ -74.159062882627637, 40.596414955455344 ] ], [ [ -74.153901886447926, 40.597702449889567 ], [ -74.1538685440064, 40.597904603608676 ], [ -74.154019699928881, 40.598075656467046 ], [ -74.153979534944497, 40.597928632211243 ], [ -74.153901886447926, 40.597702449889567 ] ], [ [ -74.153858580758694, 40.599378378975864 ], [ -74.15442960803459, 40.601600995975758 ], [ -74.154211595959822, 40.598995225915388 ], [ -74.153858580758694, 40.599378378975864 ] ], [ [ -74.109811627181855, 40.607779789794733 ], [ -74.108965636679272, 40.607410995383574 ], [ -74.107747613334126, 40.607354072597929 ], [ -74.106609744780457, 40.606795840873076 ], [ -74.104771301814694, 40.607040104053262 ], [ -74.106604788219187, 40.607041574598611 ], [ -74.107550218450498, 40.607819912440505 ], [ -74.108328668318364, 40.607688375606038 ], [ -74.108883223047769, 40.607943515025838 ], [ -74.109098026653996, 40.608560019672801 ], [ -74.10882740050539, 40.609080246358083 ], [ -74.107140819945769, 40.60969686155709 ], [ -74.107782132270927, 40.610118823456339 ], [ -74.10980396695183, 40.610194956438519 ], [ -74.113045150830672, 40.610946326116107 ], [ -74.11488622490586, 40.611103975607072 ], [ -74.114634091507824, 40.610629913148728 ], [ -74.115201356267832, 40.609803337477999 ], [ -74.114778431987943, 40.609540810903788 ], [ -74.115394517183645, 40.608857657973246 ], [ -74.114560169417018, 40.609085976769656 ], [ -74.114414821539, 40.608147842178624 ], [ -74.114079692435382, 40.607923407625634 ], [ -74.112844110069119, 40.607999381505344 ], [ -74.112674607705003, 40.607803891265092 ], [ -74.112480995624836, 40.608176990837848 ], [ -74.110729693156003, 40.608274505137658 ], [ -74.110201350443589, 40.608659803362507 ], [ -74.109811627181855, 40.607779789794733 ] ], [ [ -74.119890351663045, 40.610018375978591 ], [ -74.120239214239945, 40.609887921222551 ], [ -74.119432984776125, 40.609996383056611 ], [ -74.119890351663045, 40.610018375978591 ] ], [ [ -74.112245975003319, 40.611614982717057 ], [ -74.113282498299398, 40.611760839922169 ], [ -74.114835095038345, 40.611420307611532 ], [ -74.108940528158101, 40.610414130165871 ], [ -74.110807399456149, 40.610828154334961 ], [ -74.112245975003319, 40.611614982717057 ] ], [ [ -74.089988543054503, 40.611074214081633 ], [ -74.090337997865191, 40.611755135119857 ], [ -74.091358603407087, 40.612256600735741 ], [ -74.090035659006944, 40.613645061096008 ], [ -74.088855519336974, 40.613795305691568 ], [ -74.088992721741334, 40.615155035540155 ], [ -74.08841786801807, 40.615510565311766 ], [ -74.088876552770969, 40.616382947502508 ], [ -74.087844431608872, 40.617185215545653 ], [ -74.087588354828057, 40.617743631395143 ], [ -74.087262033036652, 40.617738935708779 ], [ -74.087403055827039, 40.618161252210044 ], [ -74.08620969046676, 40.617985859250524 ], [ -74.084851340275023, 40.618713566054026 ], [ -74.084782241893549, 40.619000533757863 ], [ -74.08389883386819, 40.618932228841302 ], [ -74.083982923614442, 40.618286178532962 ], [ -74.082958468164151, 40.617781981759641 ], [ -74.081787751413955, 40.617639327736029 ], [ -74.081473271764096, 40.61801957753579 ], [ -74.080258752132707, 40.617452979372025 ], [ -74.080124235190681, 40.615916943540043 ], [ -74.081949778524105, 40.612409203345941 ], [ -74.081865632241374, 40.612164948568577 ], [ -74.081073419542705, 40.612408403235129 ], [ -74.080441298450594, 40.612227838013474 ], [ -74.079262282502071, 40.612959220454599 ], [ -74.079805391442264, 40.61352816153201 ], [ -74.078913467058825, 40.614387256054421 ], [ -74.078990047534177, 40.615317351904018 ], [ -74.078009755564679, 40.614804296477999 ], [ -74.075482224269081, 40.61586889890166 ], [ -74.075716102043273, 40.616918040409018 ], [ -74.075344469742205, 40.618152732308459 ], [ -74.074130310980777, 40.618001492137225 ], [ -74.07322804096242, 40.618501927094442 ], [ -74.073014319067624, 40.618050619297847 ], [ -74.072744000955737, 40.618196821613218 ], [ -74.071406083431128, 40.619431378949585 ], [ -74.071165687707506, 40.620698785784953 ], [ -74.069244524774177, 40.619412863021587 ], [ -74.071213657259264, 40.618330719716781 ], [ -74.070353272043633, 40.61765234021081 ], [ -74.068994876666466, 40.617365921664465 ], [ -74.067689818832932, 40.618295669530966 ], [ -74.066195997483788, 40.618513837079242 ], [ -74.065445861354775, 40.619202628791612 ], [ -74.066199080208207, 40.618722481288465 ], [ -74.069755431543399, 40.62120814037462 ], [ -74.071918105308711, 40.624108429992376 ], [ -74.072189095898651, 40.623423244375687 ], [ -74.072984366064532, 40.622724252645405 ], [ -74.073806801405397, 40.623655141745225 ], [ -74.074349848594139, 40.623807162309603 ], [ -74.075027341742228, 40.623507642057767 ], [ -74.075498126423284, 40.624035037926056 ], [ -74.07617297574042, 40.623018141104417 ], [ -74.077180428223699, 40.622359983949714 ], [ -74.076175339186051, 40.620566775611465 ], [ -74.076416316661138, 40.61956915382774 ], [ -74.077735601600182, 40.619753059760569 ], [ -74.079704083357939, 40.620551072533608 ], [ -74.080328574591732, 40.620317241857187 ], [ -74.08048088210117, 40.619423392704917 ], [ -74.080122778498549, 40.619373935901457 ], [ -74.079529141516588, 40.618563560508335 ], [ -74.080583833060317, 40.618043644138716 ], [ -74.082223853631263, 40.618303346608549 ], [ -74.082551113908693, 40.618715225590286 ], [ -74.083138677185531, 40.618768817202628 ], [ -74.083456393901827, 40.61972016024955 ], [ -74.083532613266669, 40.620921939994055 ], [ -74.083096470396754, 40.621883769974652 ], [ -74.084313642155053, 40.622058756325593 ], [ -74.084016478388094, 40.623436550687792 ], [ -74.082953347884711, 40.623470181677533 ], [ -74.082737393779681, 40.623791204593417 ], [ -74.081421777755367, 40.626103086884996 ], [ -74.080979623433549, 40.62759357758177 ], [ -74.081832335824316, 40.627882173148187 ], [ -74.081938913411591, 40.628344078909599 ], [ -74.082123130083446, 40.628055627502931 ], [ -74.083369921612444, 40.628229793082461 ], [ -74.083990884706466, 40.627467138193047 ], [ -74.085339065483879, 40.627743981010568 ], [ -74.085331185977765, 40.626737202643348 ], [ -74.086331405784875, 40.627257091695085 ], [ -74.087271480740867, 40.627301651102023 ], [ -74.085493996930225, 40.626517068831575 ], [ -74.086023701897545, 40.62530051245097 ], [ -74.086735799894853, 40.62502706792931 ], [ -74.087357329893109, 40.62432469935986 ], [ -74.087377483761401, 40.622000938750794 ], [ -74.088670464611297, 40.621210451380307 ], [ -74.090574441296695, 40.620804372942843 ], [ -74.093579199343822, 40.620919869232921 ], [ -74.093771705111706, 40.622242567098482 ], [ -74.094330848445708, 40.622707453753442 ], [ -74.097537931215243, 40.619973340040559 ], [ -74.097391689911333, 40.619781835882016 ], [ -74.096446359733605, 40.620098281695341 ], [ -74.095610360734057, 40.619348328225989 ], [ -74.095823160731612, 40.618610838873394 ], [ -74.094051230568709, 40.618096904609416 ], [ -74.094071103903715, 40.617639483770297 ], [ -74.093452099476451, 40.61826676732035 ], [ -74.092534033822361, 40.618141202898506 ], [ -74.092577319518568, 40.615797994311237 ], [ -74.094302280188018, 40.616655599072303 ], [ -74.095708314968235, 40.615948160293883 ], [ -74.095153102773025, 40.615073508226843 ], [ -74.09624946435207, 40.61525205492967 ], [ -74.096387363214603, 40.613721452683777 ], [ -74.097466054358705, 40.61203642979838 ], [ -74.097147693490228, 40.611007733011682 ], [ -74.094702054061216, 40.610876929881584 ], [ -74.092263395199168, 40.610233881766213 ], [ -74.089988543054503, 40.611074214081633 ] ], [ [ -74.096792686346646, 40.6165385889296 ], [ -74.097158562445046, 40.616474193681633 ], [ -74.096755632720189, 40.6163280458264 ], [ -74.096792686346646, 40.6165385889296 ] ], [ [ -74.097410914194569, 40.616755632604736 ], [ -74.096832752521053, 40.616766248174905 ], [ -74.096909608475556, 40.617202945527289 ], [ -74.097129344248032, 40.617177880082487 ], [ -74.097410914194569, 40.616755632604736 ] ], [ [ -74.103248474395528, 40.625192944393987 ], [ -74.103526572418076, 40.628952358825721 ], [ -74.104440944040789, 40.629466065921228 ], [ -74.104434607713429, 40.628199214252376 ], [ -74.104834345779608, 40.627202736249643 ], [ -74.10730579170702, 40.624739193850779 ], [ -74.110884390328806, 40.626769981364149 ], [ -74.111386474271541, 40.627288266083795 ], [ -74.111507254481467, 40.628588154048046 ], [ -74.112913519228513, 40.627117909096803 ], [ -74.113467388685478, 40.627047813699072 ], [ -74.1129561946303, 40.627065302893129 ], [ -74.112865060193386, 40.626610448510448 ], [ -74.111615572601593, 40.626320252673743 ], [ -74.110754809357971, 40.62487470576891 ], [ -74.111092513562213, 40.624491536265808 ], [ -74.110984986526717, 40.62408364513756 ], [ -74.110614964329599, 40.624400739652771 ], [ -74.10700233579125, 40.622909288901049 ], [ -74.106287659426954, 40.622834082985079 ], [ -74.106290433513905, 40.62310143515105 ], [ -74.105040910161193, 40.621534252757307 ], [ -74.103840031679852, 40.621650228497856 ], [ -74.104022438215068, 40.622653204236165 ], [ -74.102697952720874, 40.622795557088743 ], [ -74.10274739434989, 40.623067439574321 ], [ -74.102151716286016, 40.62313145712627 ], [ -74.102476144198548, 40.624486351043977 ], [ -74.102053708145888, 40.624524281149803 ], [ -74.103248474395528, 40.625192944393987 ] ], [ [ -74.077869005849664, 40.632526013210352 ], [ -74.0791545694494, 40.632726294361341 ], [ -74.079830887047848, 40.633590746113768 ], [ -74.081032719629064, 40.633824923897983 ], [ -74.081333445344086, 40.634588802352376 ], [ -74.080654903376953, 40.635307030301846 ], [ -74.081200843724687, 40.635899634448492 ], [ -74.082860469667224, 40.636102345159294 ], [ -74.083607156344584, 40.637453699664832 ], [ -74.08498194704309, 40.637187628728135 ], [ -74.084640290744801, 40.636139917038868 ], [ -74.083948799200186, 40.635653046682108 ], [ -74.083668409103552, 40.634497800882826 ], [ -74.082807345384481, 40.633889250692512 ], [ -74.08273216590149, 40.633112938076323 ], [ -74.083661379570316, 40.632486751273923 ], [ -74.083581100966882, 40.632104108600743 ], [ -74.082549471102723, 40.63157920521639 ], [ -74.083136158148847, 40.630330600215338 ], [ -74.082659496997692, 40.630352130106118 ], [ -74.082637548741161, 40.629195176793949 ], [ -74.082123933354382, 40.628734380019615 ], [ -74.081932949888639, 40.629853256035339 ], [ -74.08011161818122, 40.62915403226723 ], [ -74.079424058316505, 40.629193920936743 ], [ -74.076552584023219, 40.630566620105249 ], [ -74.075990181340586, 40.63146641792445 ], [ -74.077409588090575, 40.631734817086517 ], [ -74.077869005849664, 40.632526013210352 ] ], [ [ -74.110233197144581, 40.63018644108449 ], [ -74.110810372456015, 40.629929767931479 ], [ -74.110566833561393, 40.629806499737185 ], [ -74.110864307389377, 40.629469400359014 ], [ -74.110526733154785, 40.629813878433559 ], [ -74.110233197144581, 40.63018644108449 ] ], [ [ -74.107797539325077, 40.634663573298909 ], [ -74.108081455114828, 40.635563070031829 ], [ -74.110189566736011, 40.636495659290219 ], [ -74.111291807025907, 40.635323469005648 ], [ -74.111417952367603, 40.634741172535634 ], [ -74.113973509542234, 40.632461676195689 ], [ -74.111521234490411, 40.631108744147291 ], [ -74.110253895059387, 40.630897318484969 ], [ -74.110131795332876, 40.630285535602546 ], [ -74.109097197773806, 40.631258513718855 ], [ -74.108546376135621, 40.63258945520468 ], [ -74.107016054951643, 40.631027273611998 ], [ -74.106246205231287, 40.630617265693438 ], [ -74.103610287893005, 40.633348367669022 ], [ -74.104480162722439, 40.633242208647147 ], [ -74.104433965472111, 40.634150243814375 ], [ -74.105277704704889, 40.634698061997128 ], [ -74.107797539325077, 40.634663573298909 ] ], [ [ -74.126691833250334, 40.636532479114955 ], [ -74.126726047027503, 40.636318745117727 ], [ -74.12635344456703, 40.635342895290137 ], [ -74.126691833250334, 40.636532479114955 ] ], [ [ -74.093463990323556, 40.637007012284734 ], [ -74.093930584908236, 40.638643020006818 ], [ -74.094761777539986, 40.639295587357317 ], [ -74.095798892479053, 40.638612499119347 ], [ -74.095903115392787, 40.63815284267956 ], [ -74.096528028824636, 40.638091929351475 ], [ -74.097120160256168, 40.637669165381858 ], [ -74.099031208478479, 40.637357264890539 ], [ -74.095481439956515, 40.637492795978133 ], [ -74.095340366885182, 40.637121228802194 ], [ -74.094653115489265, 40.637182435124082 ], [ -74.094237027457311, 40.636043521074839 ], [ -74.093515645877233, 40.635809239100126 ], [ -74.093012672862301, 40.636327008966106 ], [ -74.093320444127542, 40.636705958281169 ], [ -74.092233903857533, 40.636891839980713 ], [ -74.093463990323556, 40.637007012284734 ] ], [ [ -74.099341195986398, 40.637926663526024 ], [ -74.100844572877023, 40.637802827831436 ], [ -74.100728092185093, 40.637285055944105 ], [ -74.099421735573699, 40.63677105793024 ], [ -74.099513647484827, 40.637594229985261 ], [ -74.099078228315179, 40.637368417889007 ], [ -74.099341195986398, 40.637926663526024 ] ], [ [ -74.12752677306851, 40.640155304715798 ], [ -74.128812019132027, 40.640226978005842 ], [ -74.128994963094939, 40.641189313241192 ], [ -74.128933012097988, 40.640413928985296 ], [ -74.129270512137353, 40.640406978900209 ], [ -74.127180654263356, 40.637679574748852 ], [ -74.126990542332365, 40.639110891787077 ], [ -74.12752677306851, 40.640155304715798 ] ], [ [ -74.15476625887645, 40.63769620331199 ], [ -74.154692638645201, 40.639193968114313 ], [ -74.154759336653171, 40.639196327303964 ], [ -74.154829324618504, 40.637723855418784 ], [ -74.155688096166969, 40.637728660949442 ], [ -74.15476625887645, 40.63769620331199 ] ], [ [ -74.159015212847791, 40.638268617066466 ], [ -74.158962412396875, 40.637749237697115 ], [ -74.156109626999296, 40.637708091798807 ], [ -74.156102765568576, 40.637939590885246 ], [ -74.157773659367905, 40.637957159243548 ], [ -74.157733525723373, 40.638879035165417 ], [ -74.15789262953875, 40.637965051231241 ], [ -74.158932992266358, 40.638264017818202 ], [ -74.158895324168185, 40.638815277130405 ], [ -74.159015212847791, 40.638268617066466 ] ], [ [ -74.159781753060798, 40.638649332401712 ], [ -74.159915574924952, 40.638742222608904 ], [ -74.15975982173461, 40.638619230949388 ], [ -74.159781753060798, 40.638649332401712 ] ], [ [ -74.159948996344781, 40.63994013677781 ], [ -74.160226628010321, 40.638899444412019 ], [ -74.160128666433124, 40.638910490816563 ], [ -74.159948996344781, 40.63994013677781 ] ], [ [ -74.13740172366488, 40.641081065812763 ], [ -74.138184950342449, 40.640945727501851 ], [ -74.136493069504454, 40.641130301814307 ], [ -74.1365127215239, 40.641463485190755 ], [ -74.137370018158535, 40.64129546298566 ], [ -74.13740172366488, 40.641081065812763 ] ], [ [ -74.112223803216509, 40.641408185192518 ], [ -74.112640548222885, 40.642588590853748 ], [ -74.112368310825261, 40.641757340130532 ], [ -74.11359241645917, 40.641606161425038 ], [ -74.113403679706522, 40.640648233130847 ], [ -74.111896882593953, 40.64044960754584 ], [ -74.11169021661803, 40.639678097682157 ], [ -74.111063155438472, 40.63932128387399 ], [ -74.111149557902849, 40.640334824242721 ], [ -74.112223803216509, 40.641408185192518 ] ], [ [ -74.070329237154368, 40.642526128634884 ], [ -74.071514639430546, 40.642541449200529 ], [ -74.071779894207978, 40.642355896232147 ], [ -74.070329237154368, 40.642526128634884 ] ], [ [ -74.070246587646821, 40.64220697479913 ], [ -74.072058676705183, 40.641768576693508 ], [ -74.070193996251874, 40.642007502805029 ], [ -74.070246587646821, 40.64220697479913 ] ], [ [ -74.081981333273191, 40.641506864097039 ], [ -74.081813982770512, 40.641521417975667 ], [ -74.081879792237842, 40.641592551781294 ], [ -74.081981333273191, 40.641506864097039 ] ], [ [ -74.084258197397659, 40.641538070918514 ], [ -74.083717586995476, 40.641088554913445 ], [ -74.083079792861142, 40.641079039128428 ], [ -74.083316494615232, 40.641147178221139 ], [ -74.084258197397659, 40.641538070918514 ] ], [ [ -74.080682688935809, 40.640914648989167 ], [ -74.081425982508648, 40.641297742119434 ], [ -74.080982134886725, 40.64058857042231 ], [ -74.080682688935809, 40.640914648989167 ] ], [ [ -74.070018491487929, 40.641278132740084 ], [ -74.071811418229771, 40.641123124704556 ], [ -74.072071210658436, 40.640879140757662 ], [ -74.069983546538936, 40.64106894261424 ], [ -74.070018491487929, 40.641278132740084 ] ], [ [ -74.081983155601407, 40.641505326281575 ], [ -74.082484218811842, 40.641082488257972 ], [ -74.081890336829971, 40.6410651126575 ], [ -74.081983155601407, 40.641505326281575 ] ], [ [ -74.129869624991031, 40.640868233507028 ], [ -74.129490576374593, 40.641354835698479 ], [ -74.12967785166326, 40.641385313055508 ], [ -74.129869624991031, 40.640868233507028 ] ], [ [ -74.085669862480074, 40.637086845763619 ], [ -74.088325324999246, 40.63790478731503 ], [ -74.088376615112438, 40.637595192681751 ], [ -74.089023698580121, 40.637443878443769 ], [ -74.088827283152241, 40.636784469043121 ], [ -74.089283892405092, 40.636613118454278 ], [ -74.087242132494126, 40.635976493866124 ], [ -74.086682666089089, 40.636974022511744 ], [ -74.085628487401266, 40.636579913951294 ], [ -74.084935245139576, 40.636720799249069 ], [ -74.085044251375479, 40.637178501021886 ], [ -74.085669862480074, 40.637086845763619 ] ], [ [ -74.126946309924946, 40.63672084411855 ], [ -74.126951464743868, 40.636704786759736 ], [ -74.126905213572343, 40.63669324753991 ], [ -74.126946309924946, 40.63672084411855 ] ], [ [ -74.072094838075031, 40.636647277624711 ], [ -74.07218899951701, 40.63671716156864 ], [ -74.072239434530005, 40.636633547737532 ], [ -74.072094838075031, 40.636647277624711 ] ], [ [ -74.07369186584414, 40.631887150540656 ], [ -74.073341251333929, 40.631481905840054 ], [ -74.073208537516422, 40.63145375318458 ], [ -74.073326670606505, 40.632050645630393 ], [ -74.07369186584414, 40.631887150540656 ] ], [ [ -74.026990876098807, 40.624794942597532 ], [ -74.027124250169891, 40.624124946532213 ], [ -74.026571912288077, 40.62397099605942 ], [ -74.027475161926617, 40.623233903406309 ], [ -74.029273462382776, 40.622635039931026 ], [ -74.028936189248242, 40.622155289922354 ], [ -74.032419744639171, 40.620910109612566 ], [ -74.03213068595214, 40.620385903885662 ], [ -74.028989207088202, 40.621239739145075 ], [ -74.027994779565674, 40.620699107874259 ], [ -74.026888000116571, 40.620885159963642 ], [ -74.027120498384235, 40.622046254543555 ], [ -74.025321481434744, 40.622282562833384 ], [ -74.02538255551454, 40.623723525999424 ], [ -74.026291252480888, 40.624045533599435 ], [ -74.025499342769166, 40.624805189799559 ], [ -74.026178516709109, 40.627870596074843 ], [ -74.024160020954184, 40.628360466996341 ], [ -74.025439446609155, 40.628963431865422 ], [ -74.024718555854207, 40.629760949940909 ], [ -74.02494472427064, 40.630270060543907 ], [ -74.025352583829971, 40.630131419549727 ], [ -74.026401455258195, 40.631646508357797 ], [ -74.027972116622635, 40.631019174572778 ], [ -74.028218917372541, 40.631376841888496 ], [ -74.030365671593827, 40.630503296746312 ], [ -74.030339594041948, 40.62995895326074 ], [ -74.026990876098807, 40.624794942597532 ] ], [ [ -74.006274261695239, 40.631472334457655 ], [ -74.006380746719927, 40.630724111209993 ], [ -74.004535138392541, 40.630887676994313 ], [ -74.005054844153761, 40.631460957486603 ], [ -74.005965782517052, 40.631201243919286 ], [ -74.006274261695239, 40.631472334457655 ] ], [ [ -74.072880816056525, 40.626483495087967 ], [ -74.072329056293228, 40.624991345148366 ], [ -74.072653861685282, 40.626630869437584 ], [ -74.072880816056525, 40.626483495087967 ] ], [ [ -74.068130192479856, 40.628539046091575 ], [ -74.068021736099055, 40.628787585185094 ], [ -74.072157819491409, 40.630054855588916 ], [ -74.072128737553626, 40.629757741705674 ], [ -74.068130192479856, 40.628539046091575 ] ], [ [ -74.081995239017118, 40.623134593216534 ], [ -74.081154774266992, 40.622774435594906 ], [ -74.080936601121181, 40.622720773608599 ], [ -74.080993198121021, 40.62282528216879 ], [ -74.081995239017118, 40.623134593216534 ] ], [ [ -74.064812463140257, 40.617735910174041 ], [ -74.064357051587109, 40.618245945368301 ], [ -74.064930898637357, 40.617796665480718 ], [ -74.064812463140257, 40.617735910174041 ] ], [ [ -74.06525757681294, 40.617922298112475 ], [ -74.065465499527548, 40.618107070280836 ], [ -74.065531676383443, 40.618064308614365 ], [ -74.06525757681294, 40.617922298112475 ] ], [ [ -74.06394029303496, 40.617351138751054 ], [ -74.064012117679383, 40.617402225630563 ], [ -74.064030373430285, 40.617387612161529 ], [ -74.06394029303496, 40.617351138751054 ] ], [ [ -74.07138728396599, 40.61728460989503 ], [ -74.071885893550871, 40.618030148495777 ], [ -74.072809956040473, 40.617619068078298 ], [ -74.07138728396599, 40.61728460989503 ] ], [ [ -74.071631139053949, 40.6181440554613 ], [ -74.071440995360362, 40.618212746145005 ], [ -74.071288325473589, 40.618297334289672 ], [ -74.071631139053949, 40.6181440554613 ] ], [ [ -74.027470236661642, 40.615228184347892 ], [ -74.029043645226977, 40.613579493633658 ], [ -74.028972205547277, 40.613516130788106 ], [ -74.027470236661642, 40.615228184347892 ] ], [ [ -74.063514897382987, 40.614276204447947 ], [ -74.064812234557849, 40.61374561962355 ], [ -74.065125763785758, 40.61272560136306 ], [ -74.066472366578154, 40.611751083187364 ], [ -74.070223035305247, 40.612147405966489 ], [ -74.070902390026518, 40.611787098916629 ], [ -74.075391457523082, 40.612724071476386 ], [ -74.075950103264006, 40.613594078464146 ], [ -74.076861335860087, 40.612606919925781 ], [ -74.079660014171282, 40.607893094209587 ], [ -74.078895450234754, 40.607707762581931 ], [ -74.078208031382218, 40.606868986373691 ], [ -74.077538881291076, 40.606886276520669 ], [ -74.075829390772824, 40.608811603697809 ], [ -74.076549037173734, 40.606217771213053 ], [ -74.073318617713852, 40.605669205189443 ], [ -74.069108350558267, 40.604120173038972 ], [ -74.068797990364686, 40.604840706622305 ], [ -74.068359039744806, 40.604731702756297 ], [ -74.067089112425236, 40.605241788454073 ], [ -74.067707472633458, 40.605941918657017 ], [ -74.067500867400327, 40.606103500686963 ], [ -74.068042778916734, 40.606104289175626 ], [ -74.066855457588971, 40.607849680892265 ], [ -74.067568115493387, 40.608376862401819 ], [ -74.066610940303249, 40.60872890301949 ], [ -74.066293734614803, 40.609493531930305 ], [ -74.066706019144149, 40.610380103698851 ], [ -74.065739320654416, 40.610909508156432 ], [ -74.065085899519829, 40.612671636785258 ], [ -74.06343071018172, 40.612434925304242 ], [ -74.062437760161828, 40.612914558030226 ], [ -74.060851382639996, 40.611963361388646 ], [ -74.060476312697347, 40.612068058834488 ], [ -74.06073779443372, 40.613046677094822 ], [ -74.061866035927608, 40.614817831338897 ], [ -74.063330903163148, 40.614066578174615 ], [ -74.063514897382987, 40.614276204447947 ] ], [ [ -74.025167489228224, 40.611957613395148 ], [ -74.026277673587131, 40.61278492132972 ], [ -74.026029963989188, 40.61181908054234 ], [ -74.02743157680365, 40.610583326393275 ], [ -74.026837960369008, 40.610184014331864 ], [ -74.025923459047988, 40.610139095627332 ], [ -74.025167489228224, 40.611957613395148 ] ], [ [ -74.02807721039072, 40.609728884295784 ], [ -74.027938340553504, 40.609741128927219 ], [ -74.028061253274018, 40.609840510456692 ], [ -74.02807721039072, 40.609728884295784 ] ], [ [ -74.057696608523372, 40.6087504844335 ], [ -74.057375703228416, 40.608961948239305 ], [ -74.057638140622629, 40.60920918221565 ], [ -74.057696608523372, 40.6087504844335 ] ], [ [ -74.030369507525606, 40.606055530692501 ], [ -74.030712515923099, 40.606122708758932 ], [ -74.031125371718275, 40.605764229638119 ], [ -74.030015412851796, 40.605250243353495 ], [ -74.030369507525606, 40.606055530692501 ] ], [ [ -74.094127990500127, 40.610054416841244 ], [ -74.098135505766805, 40.610229819537103 ], [ -74.099756143321926, 40.608817675650549 ], [ -74.098604825010739, 40.608273611022547 ], [ -74.097652662841298, 40.608704146764687 ], [ -74.09597193858346, 40.608640378143257 ], [ -74.096080637544148, 40.60736055447434 ], [ -74.09745663350229, 40.605502340782714 ], [ -74.096484937261806, 40.605690245029926 ], [ -74.096977080464981, 40.604915464231745 ], [ -74.096174933676394, 40.605134035184157 ], [ -74.095228202978191, 40.605949152322587 ], [ -74.093691742217857, 40.605746606182791 ], [ -74.093577539707539, 40.605113803747663 ], [ -74.092596430215352, 40.605218294715925 ], [ -74.092572878538149, 40.60613937416889 ], [ -74.091078036125936, 40.606179048948455 ], [ -74.091562265011277, 40.607948796876478 ], [ -74.092609137524775, 40.608465212599143 ], [ -74.09194664646148, 40.609309350929991 ], [ -74.094127990500127, 40.610054416841244 ] ], [ [ -74.092561022993408, 40.604905455353034 ], [ -74.093559588171829, 40.605014332188524 ], [ -74.093530847322143, 40.604855075154077 ], [ -74.092561022993408, 40.604905455353034 ] ], [ [ -74.097403364995586, 40.604721905673912 ], [ -74.097327239916268, 40.60479630779313 ], [ -74.097496653938435, 40.60506004500089 ], [ -74.097403364995586, 40.604721905673912 ] ], [ [ -74.107523401230807, 40.605200943520565 ], [ -74.107202283332541, 40.605335113948598 ], [ -74.107727597400711, 40.605360774488759 ], [ -74.107523401230807, 40.605200943520565 ] ], [ [ -74.081198295437687, 40.611175524714469 ], [ -74.081540372069483, 40.611195841523148 ], [ -74.081695738319254, 40.611004994119739 ], [ -74.081399551688165, 40.610971076978856 ], [ -74.081198295437687, 40.611175524714469 ] ], [ [ -74.096997129331655, 40.603914990527763 ], [ -74.09739841210903, 40.604703953118964 ], [ -74.097374304228936, 40.604616569985765 ], [ -74.096997129331655, 40.603914990527763 ] ], [ [ -74.106889887355649, 40.603155612904935 ], [ -74.107359917796515, 40.603021034963611 ], [ -74.107344020123676, 40.602661210620766 ], [ -74.106262197215926, 40.602884640297184 ], [ -74.106889887355649, 40.603155612904935 ] ], [ [ -74.108927716777785, 40.603009701471002 ], [ -74.108994350775177, 40.602789161569824 ], [ -74.108702213061065, 40.602841173946231 ], [ -74.108927716777785, 40.603009701471002 ] ], [ [ -74.092813270773178, 40.599999589902829 ], [ -74.092927182989129, 40.599714416634093 ], [ -74.092408544562375, 40.59997076482891 ], [ -74.092813270773178, 40.599999589902829 ] ], [ [ -74.112495694768072, 40.597805468652652 ], [ -74.113049167207649, 40.598366134215055 ], [ -74.114862409529451, 40.598219409706559 ], [ -74.114215737645821, 40.59742757477688 ], [ -74.112491171292646, 40.597092551712855 ], [ -74.112495694768072, 40.597805468652652 ] ], [ [ -74.117856358569696, 40.597169977362697 ], [ -74.117522807154032, 40.596995626434413 ], [ -74.116652432601015, 40.597177462594708 ], [ -74.11763545973109, 40.597156397772956 ], [ -74.117648080725331, 40.59760894168253 ], [ -74.117856358569696, 40.597169977362697 ] ], [ [ -74.117592333090016, 40.597640681318929 ], [ -74.116591636699823, 40.597659963870299 ], [ -74.116579534539781, 40.597827024583104 ], [ -74.117287893352838, 40.59781401154406 ], [ -74.117592333090016, 40.597640681318929 ] ], [ [ -74.114233541742877, 40.595396787823255 ], [ -74.114764014090383, 40.595592660941833 ], [ -74.114025893721021, 40.595230052589471 ], [ -74.114233541742877, 40.595396787823255 ] ], [ [ -74.136007542832459, 40.589552382940035 ], [ -74.135569835905784, 40.591311519843536 ], [ -74.135952644241627, 40.590799547237033 ], [ -74.136007542832459, 40.589552382940035 ] ], [ [ -74.135555382847784, 40.588600320230704 ], [ -74.13031796649129, 40.589257044280359 ], [ -74.130666024269274, 40.589758485920989 ], [ -74.131333085538841, 40.589859920515565 ], [ -74.132958648982566, 40.589061353678204 ], [ -74.136007542832459, 40.589552382940035 ], [ -74.135555382847784, 40.588600320230704 ] ], [ [ -74.10620440687876, 40.595887297676867 ], [ -74.106229616876561, 40.596034119476109 ], [ -74.106274985820164, 40.595964775988072 ], [ -74.10620440687876, 40.595887297676867 ] ], [ [ -74.068222796317855, 40.604047639039187 ], [ -74.068950408297908, 40.604057704654153 ], [ -74.06804995971072, 40.603755310145331 ], [ -74.068222796317855, 40.604047639039187 ] ], [ [ -74.007394802594689, 40.60387695674558 ], [ -74.007170684201128, 40.602741063772413 ], [ -74.006117200347063, 40.602881468700907 ], [ -74.006346160821835, 40.603966977457219 ], [ -74.007394802594689, 40.60387695674558 ] ], [ [ -74.066944192354995, 40.60338395073952 ], [ -74.066999275957059, 40.603457341989127 ], [ -74.067119056576189, 40.60344267788598 ], [ -74.066944192354995, 40.60338395073952 ] ], [ [ -74.008117771066921, 40.601455203971895 ], [ -74.007345139919067, 40.60172649445326 ], [ -74.007491917885261, 40.602423101908137 ], [ -74.008175779528131, 40.601832030935924 ], [ -74.008117771066921, 40.601455203971895 ] ], [ [ -74.062337258697866, 40.601559135130138 ], [ -74.062577999892596, 40.60157947574703 ], [ -74.062195941636446, 40.601368718433406 ], [ -74.062337258697866, 40.601559135130138 ] ], [ [ -74.061202924998412, 40.599769223685009 ], [ -74.062078970897474, 40.601211110479234 ], [ -74.064532899313548, 40.600222607550478 ], [ -74.061827075870468, 40.599784447226007 ], [ -74.061950617605078, 40.5995134157587 ], [ -74.061202924998412, 40.599769223685009 ] ], [ [ -74.052787618269448, 40.600054662780863 ], [ -74.05279416485439, 40.599873464654948 ], [ -74.052228269541885, 40.599776102303636 ], [ -74.052787618269448, 40.600054662780863 ] ], [ [ -73.987253365129789, 40.596750842272861 ], [ -73.987811740580767, 40.599275619251031 ], [ -73.988728864336849, 40.599544826088014 ], [ -73.988282740069437, 40.596598244553171 ], [ -73.987253365129789, 40.596750842272861 ] ], [ [ -73.980519988193223, 40.59110713291507 ], [ -73.979467185714938, 40.591215877995118 ], [ -73.979433067460519, 40.591881690042094 ], [ -73.980654185453204, 40.591798021553636 ], [ -73.980519988193223, 40.59110713291507 ] ], [ [ -73.974802983789388, 40.58269491465434 ], [ -73.974890219207552, 40.582368021097288 ], [ -73.976209683557911, 40.581588847350901 ], [ -73.97592627615208, 40.581270658515201 ], [ -73.976135318727927, 40.580898844421078 ], [ -73.975764448356543, 40.581178041368148 ], [ -73.973295424203855, 40.581017956292548 ], [ -73.97251819835536, 40.58146927520675 ], [ -73.972474813403664, 40.582066633820148 ], [ -73.973015302169713, 40.582182493762879 ], [ -73.973203250583424, 40.582724265590379 ], [ -73.974605388872831, 40.582495520576117 ], [ -73.974562872413884, 40.5827847775208 ], [ -73.977034073465902, 40.582563038791108 ], [ -73.98066279581127, 40.582851080771526 ], [ -73.977521647473893, 40.58252531843754 ], [ -73.974802983789388, 40.58269491465434 ] ], [ [ -73.978321976091621, 40.582479810270769 ], [ -73.980694499871717, 40.582754810895779 ], [ -73.981107897774123, 40.58149949541194 ], [ -73.97958232380789, 40.580391309270482 ], [ -73.978427938263323, 40.580473157209589 ], [ -73.975454467058242, 40.582565124253037 ], [ -73.978321976091621, 40.582479810270769 ] ], [ [ -73.976089610731734, 40.580013642351915 ], [ -73.976164460248157, 40.580488750131536 ], [ -73.976194001185036, 40.580073029880985 ], [ -73.976089610731734, 40.580013642351915 ] ], [ [ -73.982311687276678, 40.581142841241984 ], [ -73.981394469966332, 40.580884827604024 ], [ -73.981304937353514, 40.581056938152514 ], [ -73.982442171923438, 40.582198105117946 ], [ -73.983575571263344, 40.581731130401245 ], [ -73.983317578314157, 40.580845175539267 ], [ -73.982898258462612, 40.58061626494387 ], [ -73.982311687276678, 40.581142841241984 ] ], [ [ -73.99893006475169, 40.581493996627039 ], [ -73.997940789908498, 40.580867998783226 ], [ -73.997708682698615, 40.581166442230099 ], [ -73.998071661117123, 40.581555477140078 ], [ -73.99893006475169, 40.581493996627039 ] ], [ [ -74.077991757477747, 40.580901552223196 ], [ -74.07772341743312, 40.58105518880474 ], [ -74.078046872272935, 40.581221079719946 ], [ -74.077991757477747, 40.580901552223196 ] ], [ [ -74.082247696141309, 40.579758189290963 ], [ -74.082394029674418, 40.579599852503968 ], [ -74.082390858004402, 40.579598252993272 ], [ -74.082247696141309, 40.579758189290963 ] ], [ [ -74.089659213026067, 40.578625719528347 ], [ -74.089388550160734, 40.578911204184088 ], [ -74.089335228883698, 40.578967445340929 ], [ -74.089578027841483, 40.578999063015182 ], [ -74.089659213026067, 40.578625719528347 ] ], [ [ -74.091460950447825, 40.579003143048297 ], [ -74.091490302626838, 40.578965517705342 ], [ -74.091396473231214, 40.578970611031458 ], [ -74.091460950447825, 40.579003143048297 ] ], [ [ -74.090483477790372, 40.579020166975518 ], [ -74.090667982688814, 40.579140992011958 ], [ -74.090785543787874, 40.579003772123663 ], [ -74.090483477790372, 40.579020166975518 ] ], [ [ -73.976914432286435, 40.5950978185625 ], [ -73.976884111498578, 40.59509797456132 ], [ -73.976961889141577, 40.595128926816109 ], [ -73.976914432286435, 40.5950978185625 ] ], [ [ -74.085537743909981, 40.64657634724734 ], [ -74.0840346636422, 40.645309869934117 ], [ -74.083743074452016, 40.645635568690743 ], [ -74.0844363717177, 40.645785914255711 ], [ -74.084204644438373, 40.646419107343924 ], [ -74.085537743909981, 40.64657634724734 ] ], [ [ -74.087347002620604, 40.646658815513511 ], [ -74.08742349732492, 40.646642274353461 ], [ -74.087400674587897, 40.646610950936335 ], [ -74.087347002620604, 40.646658815513511 ] ], [ [ -74.1350495155977, 40.641773213986923 ], [ -74.13504515059816, 40.641776264601091 ], [ -74.135523155769278, 40.641682208205481 ], [ -74.1350495155977, 40.641773213986923 ] ], [ [ -74.157315999588462, 40.635120394909734 ], [ -74.156999289370106, 40.63485310849758 ], [ -74.156963115743778, 40.634852035505169 ], [ -74.156998243472287, 40.634885864556928 ], [ -74.157315999588462, 40.635120394909734 ] ], [ [ -74.163088423840165, 40.608667218764175 ], [ -74.163624445121087, 40.609156152370801 ], [ -74.164235519322247, 40.608482372463683 ], [ -74.163283538877778, 40.608087721567678 ], [ -74.163088423840165, 40.608667218764175 ] ], [ [ -74.154173164323296, 40.60963980818007 ], [ -74.152004960717747, 40.610055611081435 ], [ -74.15202423420557, 40.610601323787876 ], [ -74.155375759781123, 40.613310555812852 ], [ -74.154183379936455, 40.610863321227292 ], [ -74.154173164323296, 40.60963980818007 ] ], [ [ -74.18965123767876, 40.585606193775256 ], [ -74.189987637636321, 40.585813721576798 ], [ -74.189651945715454, 40.58560384029137 ], [ -74.18965123767876, 40.585606193775256 ] ], [ [ -74.190395398361389, 40.585615639687305 ], [ -74.188942061232495, 40.586769729925109 ], [ -74.188563524544321, 40.586715646642759 ], [ -74.188827340758436, 40.58687839851747 ], [ -74.188372579580076, 40.587309168394867 ], [ -74.187825905437805, 40.587143883963108 ], [ -74.18816741234194, 40.587503510560914 ], [ -74.189296398314127, 40.586754396099998 ], [ -74.190196000943189, 40.586652428959361 ], [ -74.191775292452732, 40.587452513556471 ], [ -74.19222962667358, 40.587245200751568 ], [ -74.191901615964397, 40.586230413174654 ], [ -74.19153783861104, 40.586618415011941 ], [ -74.190169287619483, 40.585821076439473 ], [ -74.190395398361389, 40.585615639687305 ] ], [ [ -74.149186025814927, 40.571262198884504 ], [ -74.150172460730829, 40.571031372444004 ], [ -74.150477243976468, 40.570945716928954 ], [ -74.149613151274252, 40.570847271093157 ], [ -74.149186025814927, 40.571262198884504 ] ], [ [ -74.150600775805771, 40.570910999561931 ], [ -74.150607001336269, 40.570909249935276 ], [ -74.150605924468849, 40.570908079473732 ], [ -74.150600775805771, 40.570910999561931 ] ], [ [ -74.150487329694329, 40.570942882446602 ], [ -74.150488464614355, 40.570942563489524 ], [ -74.150488106429663, 40.570942325772378 ], [ -74.150487329694329, 40.570942882446602 ] ], [ [ -74.151759127780224, 40.570577985230827 ], [ -74.151997475159391, 40.570247900844052 ], [ -74.151779592826813, 40.569992091780634 ], [ -74.151614706385303, 40.570275575527717 ], [ -74.151759127780224, 40.570577985230827 ] ], [ [ -74.15178678330723, 40.569979729367688 ], [ -74.151783440308847, 40.569985476901806 ], [ -74.151784380719505, 40.569985918559738 ], [ -74.15178678330723, 40.569979729367688 ] ], [ [ -74.150457949682448, 40.567305550998533 ], [ -74.144859617409892, 40.562671020843034 ], [ -74.14389439902844, 40.562247204170227 ], [ -74.140882254896226, 40.55987909184018 ], [ -74.141323370099101, 40.558998398435079 ], [ -74.140519883889837, 40.558472036679824 ], [ -74.140730690635124, 40.558159929986196 ], [ -74.139500752424254, 40.557826348378491 ], [ -74.136819256892139, 40.559358209595622 ], [ -74.13571783667706, 40.56140418731939 ], [ -74.134529517161553, 40.562414355504657 ], [ -74.134257814072754, 40.563093826207165 ], [ -74.135288658076007, 40.563743787701227 ], [ -74.136290834187875, 40.565001794386504 ], [ -74.137052907762097, 40.565360184465639 ], [ -74.139251155646335, 40.565525200232123 ], [ -74.139475033333468, 40.56651351821931 ], [ -74.141124183873714, 40.566841363061599 ], [ -74.144148288316742, 40.568591636563262 ], [ -74.146637853453996, 40.569616129848086 ], [ -74.147745625112961, 40.569702598132096 ], [ -74.148363213067299, 40.56908800982869 ], [ -74.148371910555014, 40.567470770564981 ], [ -74.150457949682448, 40.567305550998533 ] ], [ [ -74.126234905297963, 40.566926733828758 ], [ -74.125864385346205, 40.566678074522734 ], [ -74.124984364327844, 40.56761165004076 ], [ -74.124424371509718, 40.56745140535935 ], [ -74.124954283314779, 40.567637803477091 ], [ -74.125142719254328, 40.567587278040229 ], [ -74.126234905297963, 40.566926733828758 ] ], [ [ -74.186673912752866, 40.555306297110626 ], [ -74.187020654298706, 40.555365162314857 ], [ -74.186879063042255, 40.555224322066522 ], [ -74.186673912752866, 40.555306297110626 ] ], [ [ -74.203497458403632, 40.555785289788936 ], [ -74.203608725989326, 40.556201338119465 ], [ -74.203772055176415, 40.556204124205962 ], [ -74.203497458403632, 40.555785289788936 ] ], [ [ -74.180251457030039, 40.541820875403893 ], [ -74.180420940673571, 40.54231999883914 ], [ -74.181135164509101, 40.541473164898584 ], [ -74.180978694187843, 40.541575228427469 ], [ -74.180251457030039, 40.541820875403893 ] ], [ [ -74.181620053909128, 40.540211603791761 ], [ -74.182005429047067, 40.541042319988833 ], [ -74.183488230185532, 40.540883240401193 ], [ -74.183504465434922, 40.540548879128565 ], [ -74.182341674047478, 40.540007886395401 ], [ -74.181620053909128, 40.540211603791761 ] ], [ [ -74.184086054747254, 40.538413797069431 ], [ -74.184689779612413, 40.538180170233893 ], [ -74.18467234155068, 40.538160500648452 ], [ -74.184086054747254, 40.538413797069431 ] ], [ [ -74.166632954022788, 40.554941286598272 ], [ -74.167893240912349, 40.555843387026286 ], [ -74.168363935763921, 40.555326520516282 ], [ -74.167697810182716, 40.554976688066475 ], [ -74.166632954022788, 40.554941286598272 ] ], [ [ -73.958942684618307, 40.573467167647422 ], [ -73.959056940535433, 40.573713751139273 ], [ -73.958987190385173, 40.573430654727098 ], [ -73.958942684618307, 40.573467167647422 ] ], [ [ -74.007744051988453, 40.573586639212472 ], [ -74.007812650008646, 40.573644874197392 ], [ -74.008045568407439, 40.573640772604719 ], [ -74.007744051988453, 40.573586639212472 ] ], [ [ -73.944612182229093, 40.575235768151337 ], [ -73.944559988481771, 40.575280337428779 ], [ -73.944644153329321, 40.575271256277496 ], [ -73.944612182229093, 40.575235768151337 ] ], [ [ -73.938842353402691, 40.575492112666588 ], [ -73.938172038463279, 40.575513773889632 ], [ -73.93863094121258, 40.575552831322035 ], [ -73.938842353402691, 40.575492112666588 ] ], [ [ -73.916222257997092, 40.612713392926246 ], [ -73.91721840501225, 40.612065261618042 ], [ -73.916445818637214, 40.611371791774708 ], [ -73.91573181993067, 40.611830844514301 ], [ -73.916222257997092, 40.612713392926246 ] ], [ [ -73.914141146744925, 40.613993047566886 ], [ -73.914883759159622, 40.61359403075339 ], [ -73.914674803044534, 40.612364215152169 ], [ -73.914556926263288, 40.613531674431776 ], [ -73.914141146744925, 40.613993047566886 ] ], [ [ -73.914559387635734, 40.611570851641829 ], [ -73.914208973186263, 40.611544552761131 ], [ -73.914075926950318, 40.611838213775101 ], [ -73.914645964877465, 40.612220729632377 ], [ -73.914559387635734, 40.611570851641829 ] ], [ [ -73.90245208040416, 40.612193689159852 ], [ -73.90263210033055, 40.612203657324308 ], [ -73.90253339734889, 40.612138887370001 ], [ -73.90245208040416, 40.612193689159852 ] ], [ [ -73.902696169832822, 40.611840489314744 ], [ -73.9024458652394, 40.612017028733497 ], [ -73.902629182453495, 40.61192580917092 ], [ -73.902917503703449, 40.612186543448615 ], [ -73.903043928124958, 40.612095214987264 ], [ -73.902696169832822, 40.611840489314744 ] ], [ [ -73.901207673500366, 40.610554677776435 ], [ -73.902493930512378, 40.611814999032902 ], [ -73.902385450777345, 40.611963958162178 ], [ -73.902631173931852, 40.611793501844915 ], [ -73.901207673500366, 40.610554677776435 ] ], [ [ -73.901432138898414, 40.611126514019915 ], [ -73.901355394189991, 40.611046878548699 ], [ -73.901333303605099, 40.611039689738817 ], [ -73.901432138898414, 40.611126514019915 ] ], [ [ -73.901168134135688, 40.610894591882555 ], [ -73.901104049192014, 40.610821529979646 ], [ -73.90106951109469, 40.610807953229418 ], [ -73.901168134135688, 40.610894591882555 ] ], [ [ -73.900869199000027, 40.610631981528506 ], [ -73.900850024143708, 40.610610748545582 ], [ -73.900785823892406, 40.610558737149113 ], [ -73.900869199000027, 40.610631981528506 ] ], [ [ -73.917890761473942, 40.611659231643159 ], [ -73.917604405007793, 40.610731912560695 ], [ -73.917107663614459, 40.611103087578385 ], [ -73.916959769854842, 40.611722983681787 ], [ -73.917297806842058, 40.612020625860261 ], [ -73.917890761473942, 40.611659231643159 ] ], [ [ -73.9166915481742, 40.611127656686513 ], [ -73.916819312993198, 40.611109039540843 ], [ -73.916780833910096, 40.611073894790714 ], [ -73.9166915481742, 40.611127656686513 ] ], [ [ -73.920608062118333, 40.609762646631211 ], [ -73.919217639222254, 40.608428821752071 ], [ -73.919366847915811, 40.608035152315161 ], [ -73.918029644478111, 40.608846697044221 ], [ -73.917744300994244, 40.609709241501584 ], [ -73.919425329327993, 40.609880616836733 ], [ -73.91989159592228, 40.610241666639759 ], [ -73.920608062118333, 40.609762646631211 ] ], [ [ -73.91772902651725, 40.60975703538174 ], [ -73.917732433905982, 40.6097840464071 ], [ -73.917741246980015, 40.609718797525986 ], [ -73.91772902651725, 40.60975703538174 ] ], [ [ -73.91527730998591, 40.609141434143083 ], [ -73.916426960651279, 40.609436618601158 ], [ -73.916497992658833, 40.609683699237827 ], [ -73.916783944328714, 40.60877388338718 ], [ -73.916322300174642, 40.608675663171631 ], [ -73.916412742772977, 40.608437389749483 ], [ -73.91527730998591, 40.609141434143083 ] ], [ [ -73.917949805341649, 40.606209252342467 ], [ -73.919325402687491, 40.607491213526366 ], [ -73.919585566967413, 40.607349320621289 ], [ -73.918527608334074, 40.606113366389259 ], [ -73.917949805341649, 40.606209252342467 ] ], [ [ -73.899435404527807, 40.603477598714605 ], [ -73.899244656421089, 40.603556235434375 ], [ -73.899399429200542, 40.603547295963878 ], [ -73.899435404527807, 40.603477598714605 ] ], [ [ -73.781136428075328, 40.599973460058074 ], [ -73.779850243793703, 40.601104758375293 ], [ -73.7808129385661, 40.601749188772445 ], [ -73.781498482964906, 40.601445512959167 ], [ -73.781089486266509, 40.601097318857391 ], [ -73.781136428075328, 40.599973460058074 ] ], [ [ -73.80138662498365, 40.598650963560402 ], [ -73.801744670542462, 40.59869321632852 ], [ -73.801738645257871, 40.598633143638288 ], [ -73.80138662498365, 40.598650963560402 ] ], [ [ -73.936715165437889, 40.597381023324886 ], [ -73.936788937091762, 40.597786188828707 ], [ -73.937293995651316, 40.597849691318146 ], [ -73.93719622402682, 40.597302214882021 ], [ -73.936715165437889, 40.597381023324886 ] ], [ [ -73.823638937648852, 40.597109586779325 ], [ -73.8236101395144, 40.597358397078963 ], [ -73.823642726733141, 40.597109007704006 ], [ -73.823638937648852, 40.597109586779325 ] ], [ [ -73.939869259850752, 40.594807243300096 ], [ -73.937995365609439, 40.595239893396851 ], [ -73.936790169869568, 40.595333338735536 ], [ -73.936636896897411, 40.595143548364518 ], [ -73.936281501782858, 40.595433011355368 ], [ -73.937563723467235, 40.595315802500416 ], [ -73.937637448761663, 40.595622723659559 ], [ -73.937627312621174, 40.595308239320516 ], [ -73.937693670351493, 40.595648836873139 ], [ -73.938957772503713, 40.59620441657691 ], [ -73.94039596398855, 40.595930594009388 ], [ -73.940925986005112, 40.595438933671858 ], [ -73.94332011818895, 40.596800695128401 ], [ -73.94450339113709, 40.595592921083124 ], [ -73.94124128234472, 40.593735675119028 ], [ -73.942402976761784, 40.592547547285925 ], [ -73.942149944943623, 40.592403558722552 ], [ -73.939869259850752, 40.594807243300096 ] ], [ [ -73.811433890899409, 40.592435546715592 ], [ -73.811574204241893, 40.592828532703315 ], [ -73.81151931462675, 40.592355625563933 ], [ -73.811433890899409, 40.592435546715592 ] ], [ [ -73.776702575268303, 40.597969887093818 ], [ -73.776394909821349, 40.598243088290864 ], [ -73.776839141946652, 40.598170143852819 ], [ -73.776702575268303, 40.597969887093818 ] ], [ [ -73.777293667380619, 40.597429020270631 ], [ -73.777435570359742, 40.59730910605446 ], [ -73.777431994469907, 40.597301572187753 ], [ -73.777293667380619, 40.597429020270631 ] ], [ [ -73.900488524034969, 40.610297559746485 ], [ -73.900548079927972, 40.610242082216068 ], [ -73.900472609527512, 40.610168865855307 ], [ -73.900488524034969, 40.610297559746485 ] ], [ [ -73.900176546004218, 40.6056504318043 ], [ -73.899272877220369, 40.605533327870468 ], [ -73.899953790945887, 40.605973135874862 ], [ -73.900393582886565, 40.609529803425879 ], [ -73.901099489088352, 40.607067772331831 ], [ -73.900176546004218, 40.6056504318043 ] ], [ [ -73.939138654105093, 40.62291225784876 ], [ -73.939053352510996, 40.622863864528405 ], [ -73.9390242603601, 40.62289339815932 ], [ -73.939138654105093, 40.62291225784876 ] ], [ [ -73.919723546562281, 40.634096179531866 ], [ -73.920105224918345, 40.635127081582688 ], [ -73.920453770343514, 40.635108955484 ], [ -73.92072034103002, 40.634445944993701 ], [ -73.920486394949265, 40.634637411916387 ], [ -73.919723546562281, 40.634096179531866 ] ], [ [ -73.934925945693607, 40.63356205078825 ], [ -73.935158725350618, 40.633642287197986 ], [ -73.935336371908235, 40.634523758867957 ], [ -73.935209931124348, 40.633414062901281 ], [ -73.934925945693607, 40.63356205078825 ] ], [ [ -73.93287017651005, 40.634010673278382 ], [ -73.933316998747316, 40.63388510062714 ], [ -73.933252068821886, 40.633231097836855 ], [ -73.93287017651005, 40.634010673278382 ] ], [ [ -73.929923913529862, 40.636166209167726 ], [ -73.929682820151584, 40.636290941803914 ], [ -73.929876002624638, 40.636512071339602 ], [ -73.929896622254105, 40.636417871237889 ], [ -73.929923913529862, 40.636166209167726 ] ], [ [ -73.943993416067315, 40.637965360814604 ], [ -73.944216956131967, 40.63736142923922 ], [ -73.943035735446699, 40.636590770470434 ], [ -73.941651944838895, 40.637834291407529 ], [ -73.942516938537963, 40.638394701177788 ], [ -73.943230678444124, 40.637993905582007 ], [ -73.943993416067315, 40.637965360814604 ] ], [ [ -73.928781108491805, 40.636757444795826 ], [ -73.928884745102451, 40.637088811985485 ], [ -73.928980250146608, 40.636654419489055 ], [ -73.928781108491805, 40.636757444795826 ] ], [ [ -73.816335287220468, 40.645963447106553 ], [ -73.817590909432582, 40.646135877060516 ], [ -73.815753372329723, 40.645620836900008 ], [ -73.816335287220468, 40.645963447106553 ] ], [ [ -73.813746157911311, 40.644744590240073 ], [ -73.813916264124288, 40.644861977077113 ], [ -73.814077994366613, 40.644913945481214 ], [ -73.813746157911311, 40.644744590240073 ] ], [ [ -73.886060401013907, 40.644465860313936 ], [ -73.886212592371862, 40.644669471156348 ], [ -73.886248205911826, 40.644646477259627 ], [ -73.886060401013907, 40.644465860313936 ] ], [ [ -73.812781381371408, 40.644505807574234 ], [ -73.813243317008514, 40.644569433142827 ], [ -73.813210055625277, 40.644557846928237 ], [ -73.812781381371408, 40.644505807574234 ] ], [ [ -73.879642074499344, 40.640438170618424 ], [ -73.87945712306869, 40.640274493007148 ], [ -73.879128138148644, 40.640487232866704 ], [ -73.879345657808372, 40.640621490313144 ], [ -73.879642074499344, 40.640438170618424 ] ], [ [ -73.782740784194004, 40.629842196573343 ], [ -73.782645433697681, 40.630247968585081 ], [ -73.783572017370815, 40.630564086551942 ], [ -73.782740784194004, 40.629842196573343 ] ], [ [ -73.810100662836206, 40.693722821980835 ], [ -73.81031836138007, 40.693956677578555 ], [ -73.810396038875297, 40.693818991789534 ], [ -73.810100662836206, 40.693722821980835 ] ], [ [ -73.811634891345022, 40.69394107218509 ], [ -73.811580132507075, 40.693928616797884 ], [ -73.81163776051234, 40.693947424394025 ], [ -73.811634891345022, 40.69394107218509 ] ], [ [ -73.797887556061625, 40.697434100186335 ], [ -73.797740665700658, 40.697827474990021 ], [ -73.79774556228152, 40.69806694806217 ], [ -73.798429961376243, 40.697556164149105 ], [ -73.797887556061625, 40.697434100186335 ] ], [ [ -73.82704120620501, 40.738897084952356 ], [ -73.827922887043499, 40.738922323311421 ], [ -73.828417368934936, 40.738518670285238 ], [ -73.831219082445557, 40.740971164394828 ], [ -73.831430255042847, 40.739135733129373 ], [ -73.830535512314256, 40.737520194763299 ], [ -73.829467519970038, 40.737024482753462 ], [ -73.828091525771598, 40.737083175775531 ], [ -73.827943602841898, 40.738489982440925 ], [ -73.826015212813061, 40.739032422194903 ], [ -73.826000503230844, 40.739604315215701 ], [ -73.824951617874575, 40.739549781567625 ], [ -73.826310566315783, 40.739780153308992 ], [ -73.82692553385661, 40.73945952103854 ], [ -73.82704120620501, 40.738897084952356 ] ], [ [ -73.85627182977872, 40.737189609961504 ], [ -73.855983287186419, 40.73780198549148 ], [ -73.856406801247218, 40.738256307301192 ], [ -73.857751714725111, 40.737871246880225 ], [ -73.85627182977872, 40.737189609961504 ] ], [ [ -73.76195339270862, 40.747081250247412 ], [ -73.762201283519403, 40.747010573622013 ], [ -73.76203350276397, 40.746950238291085 ], [ -73.76195339270862, 40.747081250247412 ] ], [ [ -73.752269723784323, 40.748882371576691 ], [ -73.753108473322612, 40.748980410150466 ], [ -73.753749393531933, 40.749722957408999 ], [ -73.754676142406723, 40.749802179189729 ], [ -73.756817882511825, 40.749274903546521 ], [ -73.756697782185043, 40.749076448161333 ], [ -73.757007911173602, 40.748975913771382 ], [ -73.754457640601586, 40.748456630185082 ], [ -73.752943070819938, 40.748610762768024 ], [ -73.75238629607199, 40.747825004071352 ], [ -73.752045377974085, 40.748362036470546 ], [ -73.752269723784323, 40.748882371576691 ] ], [ [ -73.795143667082073, 40.760641486451824 ], [ -73.795458533245679, 40.76062236325221 ], [ -73.79513182204488, 40.760487179302537 ], [ -73.795143667082073, 40.760641486451824 ] ], [ [ -73.829297137303641, 40.792930906673512 ], [ -73.828906232157408, 40.792826919400859 ], [ -73.829231746517337, 40.793002288181739 ], [ -73.829297137303641, 40.792930906673512 ] ], [ [ -73.827183334114196, 40.79760634820579 ], [ -73.827069376643408, 40.796979189712665 ], [ -73.826801835860735, 40.796943873349768 ], [ -73.827183334114196, 40.79760634820579 ] ], [ [ -73.890672289696241, 40.797698251903782 ], [ -73.890619066247353, 40.797748920739288 ], [ -73.890620208302963, 40.797750662087687 ], [ -73.890672289696241, 40.797698251903782 ] ], [ [ -73.889307291990178, 40.797804794427101 ], [ -73.889233997733214, 40.797802161195165 ], [ -73.889322055068959, 40.797806144322145 ], [ -73.889307291990178, 40.797804794427101 ] ], [ [ -73.889149253597552, 40.797810130858416 ], [ -73.888859204168142, 40.79787305521009 ], [ -73.88870863640301, 40.797938246627041 ], [ -73.888365124595794, 40.798132970928179 ], [ -73.889149253597552, 40.797810130858416 ] ], [ [ -73.889463492733256, 40.797822026810692 ], [ -73.889406166838668, 40.797814673269613 ], [ -73.889541502848587, 40.797836364058426 ], [ -73.889463492733256, 40.797822026810692 ] ], [ [ -73.889960175714435, 40.797885709044174 ], [ -73.889911825165612, 40.797883085361732 ], [ -73.889995757296333, 40.797891090309072 ], [ -73.889960175714435, 40.797885709044174 ] ], [ [ -73.890112800851412, 40.797889783297002 ], [ -73.89004602239774, 40.797902996432171 ], [ -73.890083440663858, 40.797900904982747 ], [ -73.890112800851412, 40.797889783297002 ] ], [ [ -73.890169163687133, 40.797964657929988 ], [ -73.890179487269634, 40.797960018522161 ], [ -73.890169091670899, 40.79796454722127 ], [ -73.890169163687133, 40.797964657929988 ] ], [ [ -73.887944206699018, 40.798343336181901 ], [ -73.888348769041926, 40.798143367303823 ], [ -73.887668067518149, 40.798380899787404 ], [ -73.887944206699018, 40.798343336181901 ] ], [ [ -74.247069132488591, 40.508325273919617 ], [ -74.247872817478694, 40.507014007757789 ], [ -74.247645840347758, 40.506817101649531 ], [ -74.246749791883971, 40.507990797859193 ], [ -74.247069132488591, 40.508325273919617 ] ], [ [ -74.211791831981486, 40.508173273997642 ], [ -74.211985260649953, 40.508110055249873 ], [ -74.212014079459365, 40.508077603953353 ], [ -74.211791831981486, 40.508173273997642 ] ], [ [ -74.212208215160729, 40.507858997269857 ], [ -74.212264912627333, 40.507675207943251 ], [ -74.212178249631435, 40.507892740096302 ], [ -74.212208215160729, 40.507858997269857 ] ], [ [ -74.226689866526371, 40.506903420762484 ], [ -74.227324726605488, 40.506797881093426 ], [ -74.226588774381369, 40.506812400770059 ], [ -74.226689866526371, 40.506903420762484 ] ], [ [ -74.228202526956039, 40.505839770389088 ], [ -74.227614528147797, 40.5057417147612 ], [ -74.227572509551294, 40.506751773468864 ], [ -74.228453626281393, 40.506587809798802 ], [ -74.228202526956039, 40.505839770389088 ] ], [ [ -74.21373536804991, 40.50653293560147 ], [ -74.21353130803665, 40.506397477227935 ], [ -74.213515873097919, 40.506494664744487 ], [ -74.21373536804991, 40.50653293560147 ] ], [ [ -74.255341032686943, 40.505658214669673 ], [ -74.255295951606982, 40.505748017999359 ], [ -74.255334279247464, 40.505846868718592 ], [ -74.255341032686943, 40.505658214669673 ] ], [ [ -74.236735069188299, 40.504825946769024 ], [ -74.236420317288406, 40.504039674111837 ], [ -74.235376253375406, 40.504046793447642 ], [ -74.235728185443449, 40.505040912574636 ], [ -74.236735069188299, 40.504825946769024 ] ], [ [ -74.227300546743962, 40.503170194516812 ], [ -74.227223596110022, 40.502941965985073 ], [ -74.223319881311937, 40.502541976866709 ], [ -74.223322111371544, 40.502762504829256 ], [ -74.227300546743962, 40.503170194516812 ] ], [ [ -74.235303884396146, 40.500702218449824 ], [ -74.235345798514729, 40.500645796881095 ], [ -74.234845801361203, 40.50079887514493 ], [ -74.235303884396146, 40.500702218449824 ] ], [ [ -73.736726429354277, 40.649175645279321 ], [ -73.735859807625204, 40.649531591285907 ], [ -73.736204429715428, 40.649903274171812 ], [ -73.736759364770961, 40.649683714363796 ], [ -73.736726429354277, 40.649175645279321 ] ], [ [ -73.7323462552378, 40.673702059996621 ], [ -73.732540403539105, 40.673668694758987 ], [ -73.732510109444675, 40.673606210474823 ], [ -73.7323462552378, 40.673702059996621 ] ], [ [ -73.734060473578538, 40.674572739604152 ], [ -73.734043615021179, 40.674501826088132 ], [ -73.734044878683733, 40.674605003236032 ], [ -73.734060473578538, 40.674572739604152 ] ], [ [ -73.750840515689603, 40.684434538966983 ], [ -73.748618208731514, 40.685050698807949 ], [ -73.748318051729456, 40.685348371683574 ], [ -73.750017043508677, 40.685891319008633 ], [ -73.750840515689603, 40.684434538966983 ] ], [ [ -73.727788565752206, 40.707380498046554 ], [ -73.727755339971523, 40.705793638799634 ], [ -73.727464428017129, 40.7057888343898 ], [ -73.727679911520099, 40.708376223880819 ], [ -73.727788565752206, 40.707380498046554 ] ], [ [ -73.728776411235515, 40.716496379807154 ], [ -73.728827544609089, 40.716489054233307 ], [ -73.728797048018777, 40.716454837394693 ], [ -73.728776411235515, 40.716496379807154 ] ], [ [ -73.752098618966613, 40.683439305392049 ], [ -73.752374513627231, 40.683593607828819 ], [ -73.752383752353509, 40.68356742874176 ], [ -73.752098618966613, 40.683439305392049 ] ], [ [ -73.727400598346748, 40.765762323683362 ], [ -73.727511519995574, 40.765795892153427 ], [ -73.727525223336229, 40.765796583074454 ], [ -73.727400598346748, 40.765762323683362 ] ], [ [ -73.828171930951527, 40.874956485937261 ], [ -73.827497748833039, 40.877057219381371 ], [ -73.828070756812622, 40.877581551250195 ], [ -73.828889355918406, 40.875806434307961 ], [ -73.830097131982782, 40.876208354278361 ], [ -73.829518143742888, 40.877297007132697 ], [ -73.829555413137115, 40.878264368076842 ], [ -73.828271827121867, 40.878464057634169 ], [ -73.828081909163444, 40.877983808814434 ], [ -73.82651965085536, 40.878019514252109 ], [ -73.826318962873813, 40.878190779189914 ], [ -73.826758129865439, 40.878938237712532 ], [ -73.825432196221826, 40.879383914888493 ], [ -73.824957510712139, 40.878632070581226 ], [ -73.824250299480369, 40.878303389845428 ], [ -73.823980139962941, 40.878735695391477 ], [ -73.823721611540719, 40.878694205267358 ], [ -73.823811825258346, 40.879135996712911 ], [ -73.822871453118537, 40.879859562417899 ], [ -73.821597747983773, 40.879787620281704 ], [ -73.820591085725724, 40.882938570838704 ], [ -73.820649309845081, 40.885382459728774 ], [ -73.821331141296255, 40.884370150325402 ], [ -73.828690478497947, 40.881979727264493 ], [ -73.830097142503277, 40.881341040792499 ], [ -73.832890596488951, 40.878652779631125 ], [ -73.832589005833043, 40.878406891306227 ], [ -73.833721686707932, 40.876876765815737 ], [ -73.832852942228072, 40.876047542568308 ], [ -73.832184227425714, 40.874585381463312 ], [ -73.832179919064302, 40.874165027631726 ], [ -73.833870237526938, 40.8734245781434 ], [ -73.83365915183569, 40.872327480303873 ], [ -73.83243421103613, 40.870030607488751 ], [ -73.830955151760563, 40.870269322251524 ], [ -73.830535138692412, 40.871462360501354 ], [ -73.826307688238686, 40.870583847351341 ], [ -73.825886649294389, 40.870396140219263 ], [ -73.826171244745282, 40.869690278383501 ], [ -73.825707294444214, 40.870472839503243 ], [ -73.823553600062752, 40.870052741496025 ], [ -73.823644896064465, 40.871703266643465 ], [ -73.824594630927834, 40.871743321887834 ], [ -73.825032103191646, 40.872410507889853 ], [ -73.82670055187107, 40.872879339770712 ], [ -73.828171930951527, 40.874956485937261 ] ], [ [ -73.833758892085726, 40.880919470551696 ], [ -73.833846890554682, 40.880444296072412 ], [ -73.833672612230458, 40.880386661299859 ], [ -73.833758892085726, 40.880919470551696 ] ], [ [ -73.833209660414198, 40.879509862902864 ], [ -73.834119866204929, 40.879151271802932 ], [ -73.833443266897405, 40.879103367671853 ], [ -73.832116644616974, 40.880537641511225 ], [ -73.832315738277515, 40.880834632230211 ], [ -73.83171628574101, 40.881021844205463 ], [ -73.832530391643289, 40.880972395133078 ], [ -73.833672612230458, 40.880386661299859 ], [ -73.833209660414198, 40.879509862902864 ] ], [ [ -73.827577858789667, 40.88555873438434 ], [ -73.828269329263833, 40.887275120151877 ], [ -73.82902005560905, 40.886483032485309 ], [ -73.829354931512782, 40.884993961258559 ], [ -73.830887688590636, 40.882470930308692 ], [ -73.830793454883278, 40.881564531879725 ], [ -73.829049365304968, 40.882622154569809 ], [ -73.829643568869542, 40.883684033493253 ], [ -73.828774987334967, 40.883946843134062 ], [ -73.828249519113513, 40.883035497282101 ], [ -73.826063087306309, 40.884152835713678 ], [ -73.827577858789667, 40.88555873438434 ] ], [ [ -73.839944497228757, 40.88644114963023 ], [ -73.839587168761923, 40.886220013744833 ], [ -73.840060906463989, 40.886764091954142 ], [ -73.839944497228757, 40.88644114963023 ] ], [ [ -73.82354071588999, 40.885649508010282 ], [ -73.82445788983631, 40.887373799715455 ], [ -73.826934953661564, 40.886304758533122 ], [ -73.825223685463286, 40.886848294025661 ], [ -73.824393463725997, 40.885373647167725 ], [ -73.82354071588999, 40.885649508010282 ] ], [ [ -73.819697400945259, 40.886402039535845 ], [ -73.81957531501115, 40.886422585517863 ], [ -73.820054343341994, 40.886769040403195 ], [ -73.819697400945259, 40.886402039535845 ] ], [ [ -73.824442850245447, 40.877997521157283 ], [ -73.824257158666839, 40.878292095235757 ], [ -73.824261445745577, 40.878300915539732 ], [ -73.824442850245447, 40.877997521157283 ] ], [ [ -73.826196555299916, 40.878148792019296 ], [ -73.826065291625198, 40.877973709246639 ], [ -73.825528305558166, 40.877919571855529 ], [ -73.826196555299916, 40.878148792019296 ] ], [ [ -73.82023947269208, 40.889794216718592 ], [ -73.821256423636868, 40.889121623559873 ], [ -73.819998076292435, 40.887893862538547 ], [ -73.819812387273998, 40.889042553998316 ], [ -73.82023947269208, 40.889794216718592 ] ], [ [ -74.148133961430489, 40.637412546272429 ], [ -74.153407960864698, 40.633291155730198 ], [ -74.153943594587787, 40.633790280272066 ], [ -74.1551159244855, 40.633203091493527 ], [ -74.155442657610706, 40.633455229668883 ], [ -74.155085298610317, 40.633046702469485 ], [ -74.155152241461607, 40.631901085020502 ], [ -74.155947050188402, 40.631028788732173 ], [ -74.155364434912769, 40.630766297184664 ], [ -74.15542370081134, 40.62924253748988 ], [ -74.156647837527018, 40.62901292007659 ], [ -74.157909374022722, 40.627932262900124 ], [ -74.160607903818857, 40.629655707847938 ], [ -74.161394194547469, 40.627979015585979 ], [ -74.163881739707932, 40.627737582388775 ], [ -74.165152409201681, 40.627091861882171 ], [ -74.165617129661015, 40.626232151768271 ], [ -74.165876223129615, 40.626283840991015 ], [ -74.165728325732744, 40.627206757351424 ], [ -74.16769452682027, 40.628473273097093 ], [ -74.167628400375975, 40.629130076524973 ], [ -74.168358349497041, 40.629200473467719 ], [ -74.169506650770586, 40.630065179894856 ], [ -74.169510442117911, 40.629592077920172 ], [ -74.170654696638252, 40.629802574140278 ], [ -74.170659547630422, 40.630602751160531 ], [ -74.169503682395543, 40.630435793390681 ], [ -74.169505963151451, 40.630151035357279 ], [ -74.167535770695125, 40.63153185807262 ], [ -74.167472154811037, 40.634003632024232 ], [ -74.164977476803571, 40.634359572589794 ], [ -74.163270837422957, 40.634403482985917 ], [ -74.163256035368718, 40.634156914433049 ], [ -74.163208137130439, 40.63440665898505 ], [ -74.16314014763141, 40.633395595010818 ], [ -74.161954072718572, 40.632219702545051 ], [ -74.161686977618302, 40.632390175638058 ], [ -74.161374825197115, 40.635597386192785 ], [ -74.162573413593719, 40.636072508088006 ], [ -74.162372015120653, 40.636980218265087 ], [ -74.163552410978866, 40.63758945750385 ], [ -74.163406858588104, 40.638724823372435 ], [ -74.164170359494733, 40.639439833739651 ], [ -74.167333088666396, 40.64066806047682 ], [ -74.169172328622807, 40.640953021942806 ], [ -74.172674626615532, 40.640307141408044 ], [ -74.173971478961178, 40.640936730115619 ], [ -74.175293953570161, 40.641171803115263 ], [ -74.175805223893235, 40.641222233812002 ], [ -74.180804747583593, 40.640817470278911 ], [ -74.186524968975931, 40.643388662171489 ], [ -74.188818966965101, 40.641530413719742 ], [ -74.182810523337452, 40.633463406452002 ], [ -74.179624574915763, 40.633193530503839 ], [ -74.167592099409958, 40.633536569152042 ], [ -74.171107011184432, 40.633288518093202 ], [ -74.17464933201623, 40.632642511315339 ], [ -74.182131238441229, 40.629769370839711 ], [ -74.183277017669454, 40.62902076714721 ], [ -74.181647050312804, 40.628082080461581 ], [ -74.180290766636247, 40.629085243094806 ], [ -74.179653816587759, 40.628558283282622 ], [ -74.179965382345046, 40.629142813513738 ], [ -74.17957171593531, 40.628713844258677 ], [ -74.17986573607169, 40.629272488035006 ], [ -74.180243118883439, 40.629387473376795 ], [ -74.180755260352299, 40.629101521932881 ], [ -74.181139642883167, 40.629672475273068 ], [ -74.181774834198848, 40.629758143481631 ], [ -74.179160095157428, 40.630721119180855 ], [ -74.178261148865317, 40.630462398148943 ], [ -74.173488248288223, 40.630639869660421 ], [ -74.173268601726519, 40.628432809723179 ], [ -74.173752804036056, 40.628578926118301 ], [ -74.173860884509267, 40.628336274629469 ], [ -74.171984788363488, 40.627568138525596 ], [ -74.172031840799633, 40.626491338857683 ], [ -74.170927214917285, 40.625503181717292 ], [ -74.172749312522356, 40.62449351852247 ], [ -74.172985435722907, 40.623499536314263 ], [ -74.167329193025765, 40.62109735165842 ], [ -74.167070165907646, 40.622658168042584 ], [ -74.165860887724406, 40.622128026745827 ], [ -74.164599753340809, 40.622495888841527 ], [ -74.162391757664523, 40.622040821131257 ], [ -74.16233461080212, 40.622342140148469 ], [ -74.158404261638097, 40.621817075854104 ], [ -74.1579252752028, 40.621804449459923 ], [ -74.157830714114539, 40.622190383445115 ], [ -74.156830153871311, 40.622029431030157 ], [ -74.157255119908626, 40.621603459773553 ], [ -74.161864065799847, 40.621932992944309 ], [ -74.159221513970522, 40.62160355764405 ], [ -74.15939627818544, 40.620668249606659 ], [ -74.158006864520459, 40.618853802333788 ], [ -74.160142691882996, 40.61765408892677 ], [ -74.160602095187429, 40.617778404285545 ], [ -74.159252136333549, 40.616931133533541 ], [ -74.157134132359459, 40.617845585405064 ], [ -74.156609163533076, 40.618606994394561 ], [ -74.155544286810311, 40.618144588499 ], [ -74.153507375354863, 40.615171761862072 ], [ -74.154447295286204, 40.614525832501378 ], [ -74.153969544788211, 40.614462267228241 ], [ -74.153403701448298, 40.615157830787645 ], [ -74.152490011417896, 40.617736516426199 ], [ -74.148155878386319, 40.622614428834765 ], [ -74.148772103428144, 40.62211161018292 ], [ -74.149367595184529, 40.622329088609931 ], [ -74.150546413290911, 40.622004831747311 ], [ -74.152538899107057, 40.622624985276204 ], [ -74.155492152731853, 40.623019692419881 ], [ -74.155373877066623, 40.623932343605986 ], [ -74.155741795334748, 40.624308047636873 ], [ -74.155104916351874, 40.624641742266604 ], [ -74.15478982026255, 40.625774506823554 ], [ -74.151851331121847, 40.627530840677807 ], [ -74.150723116246311, 40.626410848669771 ], [ -74.150026063078428, 40.626208531983693 ], [ -74.146080590819864, 40.627373151695778 ], [ -74.146324418118411, 40.629183446673387 ], [ -74.146121631578609, 40.630070688198799 ], [ -74.146244665835638, 40.629553233552869 ], [ -74.147550064184188, 40.629315021401709 ], [ -74.149346355417549, 40.631556934970597 ], [ -74.148799246778381, 40.631872947206269 ], [ -74.148534566806234, 40.632802587042697 ], [ -74.147352763180905, 40.63251673804735 ], [ -74.14637090083086, 40.632987985036543 ], [ -74.146398267405772, 40.633354062667991 ], [ -74.145500103277882, 40.633387410124627 ], [ -74.144840812401782, 40.63547378317849 ], [ -74.14381499456222, 40.636001851672589 ], [ -74.144687120529952, 40.635258835578803 ], [ -74.145318482902795, 40.63339415255372 ], [ -74.143723408973301, 40.634014775715158 ], [ -74.142841772131675, 40.634772953446102 ], [ -74.141565807394841, 40.633174899449067 ], [ -74.140522265509247, 40.632932885044973 ], [ -74.140859854136849, 40.632112699655686 ], [ -74.140405325168075, 40.632881279499202 ], [ -74.140749862874259, 40.632028322963933 ], [ -74.139813290085044, 40.630319395152341 ], [ -74.138975483769144, 40.629651187176719 ], [ -74.140001830853024, 40.630162905587561 ], [ -74.140455503069063, 40.629997705727185 ], [ -74.139584284309478, 40.62913990847148 ], [ -74.140852101173564, 40.629454403641816 ], [ -74.142174656676431, 40.628513369634909 ], [ -74.143321182008805, 40.628536840455816 ], [ -74.143376764726355, 40.6283401732722 ], [ -74.143031746268036, 40.628078727634993 ], [ -74.142099349708957, 40.628113611665455 ], [ -74.140889303843906, 40.626590658364229 ], [ -74.140046884853547, 40.6263532234995 ], [ -74.14032174136446, 40.625968953435724 ], [ -74.139549638056096, 40.624392501306595 ], [ -74.139759150961467, 40.623461310467427 ], [ -74.140978491926987, 40.623573361203306 ], [ -74.141517083291049, 40.623237990424336 ], [ -74.141394264574231, 40.622136303807565 ], [ -74.144634507966785, 40.620255380626176 ], [ -74.145080406905663, 40.620638665059907 ], [ -74.145977449881102, 40.620189632197054 ], [ -74.146002026468238, 40.619751900174634 ], [ -74.146538144881092, 40.619776814943137 ], [ -74.146723373789712, 40.619007981960586 ], [ -74.147663275182907, 40.619626066424779 ], [ -74.14983914718205, 40.619385219595912 ], [ -74.15155402834516, 40.617512781250873 ], [ -74.152340612193228, 40.615801858191432 ], [ -74.152666235270758, 40.614550653997178 ], [ -74.151973213793426, 40.612869348471655 ], [ -74.150094390589814, 40.612999932569345 ], [ -74.148179272881478, 40.613736401594991 ], [ -74.14736392763794, 40.612994498269707 ], [ -74.146597983481101, 40.612849698271127 ], [ -74.143525647353144, 40.610841487901212 ], [ -74.14348476314477, 40.609896107334805 ], [ -74.145287605158785, 40.609144488097471 ], [ -74.145077854477705, 40.609036927074442 ], [ -74.145366339920045, 40.608118206409209 ], [ -74.144447419159519, 40.608012797008001 ], [ -74.137174060141845, 40.608292698392155 ], [ -74.137330931174191, 40.609999956175585 ], [ -74.136056393201002, 40.610067461663235 ], [ -74.135905814156885, 40.60835890745642 ], [ -74.126365559042455, 40.609104186425967 ], [ -74.123902542486661, 40.60957316761494 ], [ -74.123930332975462, 40.609770261574333 ], [ -74.122642375332745, 40.60984213963571 ], [ -74.12296012838577, 40.610822996913242 ], [ -74.121777460358516, 40.61110591861334 ], [ -74.12090800103384, 40.610728507647558 ], [ -74.120434828227999, 40.610818200537402 ], [ -74.123279471368292, 40.61303480628083 ], [ -74.121778924793006, 40.614396007153694 ], [ -74.12290782068203, 40.615123020149404 ], [ -74.124041899607874, 40.614899964716251 ], [ -74.12438808617496, 40.615791619597921 ], [ -74.126469545347319, 40.617180050217634 ], [ -74.12644785111587, 40.617907623510902 ], [ -74.126900048537379, 40.618592955230142 ], [ -74.12665920779267, 40.61910249077259 ], [ -74.128693172001746, 40.620606351356471 ], [ -74.128241545445931, 40.621385524782802 ], [ -74.129289749623226, 40.622036345020064 ], [ -74.130051494329535, 40.621152838152604 ], [ -74.1291105760683, 40.62057476221019 ], [ -74.129953326469973, 40.619770548552559 ], [ -74.128545304886998, 40.618475034714763 ], [ -74.129388700893657, 40.617699601210077 ], [ -74.129592177774811, 40.616941360573243 ], [ -74.131022408600245, 40.615621896781533 ], [ -74.13198893319705, 40.615475908793819 ], [ -74.132253260792211, 40.614575505384963 ], [ -74.132455718906712, 40.614875818777307 ], [ -74.132633543488978, 40.614624133066229 ], [ -74.133120054133101, 40.614844831767591 ], [ -74.134421997451938, 40.614147807325978 ], [ -74.134774549473391, 40.614860914815097 ], [ -74.135069943856706, 40.614730549142209 ], [ -74.134868367979351, 40.615050903384457 ], [ -74.135154255233914, 40.61463606813011 ], [ -74.135477769276903, 40.615659006254454 ], [ -74.1358442888789, 40.616064951171886 ], [ -74.13618833515585, 40.615892060967525 ], [ -74.139246755116872, 40.619432461631973 ], [ -74.139310025729856, 40.620462989618481 ], [ -74.139070713673817, 40.620583240945429 ], [ -74.13943733865031, 40.62128058174256 ], [ -74.137612992601234, 40.622238394757424 ], [ -74.138631610410414, 40.62271599132383 ], [ -74.138412371563859, 40.623698490677192 ], [ -74.139051711100208, 40.624334917454192 ], [ -74.13846634517617, 40.625200269234838 ], [ -74.137566256862328, 40.625152972883797 ], [ -74.136758946718771, 40.625910150387199 ], [ -74.135481537460535, 40.626495541682218 ], [ -74.134702343476363, 40.625789338496986 ], [ -74.134735571931273, 40.625315529539378 ], [ -74.132765243677426, 40.625191956476755 ], [ -74.131526790891641, 40.625685439041618 ], [ -74.131256889587974, 40.625394873997912 ], [ -74.131996890875158, 40.626347680958574 ], [ -74.131155167676681, 40.62683873652243 ], [ -74.131034952169614, 40.628078882572844 ], [ -74.129859116904598, 40.627858722801633 ], [ -74.130244702724141, 40.630250770831736 ], [ -74.131091407745856, 40.630458801359687 ], [ -74.131189758332141, 40.631188240617114 ], [ -74.131878797518638, 40.631592733150207 ], [ -74.132648164424708, 40.630878349586077 ], [ -74.131955779514854, 40.631635356507999 ], [ -74.132419304704101, 40.632858592956616 ], [ -74.133230151706059, 40.633198170829253 ], [ -74.132811252728104, 40.633660933049221 ], [ -74.133566525523818, 40.633507102069508 ], [ -74.13543422287097, 40.634543699166151 ], [ -74.136198560555883, 40.633999411373495 ], [ -74.137115638869474, 40.633889764289584 ], [ -74.137521879768187, 40.633438377253036 ], [ -74.137468524287399, 40.633847570801912 ], [ -74.138708589670259, 40.633995877699874 ], [ -74.139706010015274, 40.635029140030419 ], [ -74.140756263887582, 40.634914135181987 ], [ -74.14188095576425, 40.635278408226725 ], [ -74.141762753353689, 40.635612246262674 ], [ -74.142389029467395, 40.635878189389352 ], [ -74.142054319355495, 40.63637290978162 ], [ -74.142798104295181, 40.636357765573663 ], [ -74.142830968234037, 40.63665310577661 ], [ -74.143862322942923, 40.637224385526679 ], [ -74.144365017232118, 40.6359591852598 ], [ -74.144710053234874, 40.635796369120314 ], [ -74.144075960921541, 40.637348829435119 ], [ -74.144990139183946, 40.637916626241449 ], [ -74.148133961430489, 40.637412546272429 ] ] ], [ [ [ -73.895393803465069, 40.703130214922631 ], [ -73.894565573410603, 40.702777124536773 ], [ -73.895201656670849, 40.702592686607133 ], [ -73.895393803465069, 40.703130214922631 ] ] ], [ [ [ -73.903801844975263, 40.713348378652213 ], [ -73.903769439678612, 40.712817031800697 ], [ -73.904772445685595, 40.712865799877449 ], [ -73.903801844975263, 40.713348378652213 ] ] ], [ [ [ -73.90821550513661, 40.719026918769103 ], [ -73.907818584915006, 40.71903769159816 ], [ -73.907277131130044, 40.719064123593604 ], [ -73.90831000765975, 40.718522880268218 ], [ -73.90821550513661, 40.719026918769103 ] ] ], [ [ [ -73.917666508272688, 40.730938512227205 ], [ -73.918090048553793, 40.731030634657607 ], [ -73.91816632216333, 40.730778193430453 ], [ -73.918092752783892, 40.731034077425214 ], [ -73.917666508272688, 40.730938512227205 ] ] ], [ [ [ -73.919812130389914, 40.733385942814095 ], [ -73.920185961520758, 40.7334290388089 ], [ -73.920202008298631, 40.733453567172582 ], [ -73.920131462065257, 40.733814516782218 ], [ -73.920184077545215, 40.733431459870808 ], [ -73.919812130389914, 40.733385942814095 ] ] ], [ [ [ -73.933936757552019, 40.742874179442147 ], [ -73.934867969024481, 40.742982752573617 ], [ -73.93447550261368, 40.744837303539136 ], [ -73.933588330383614, 40.744733498363857 ], [ -73.933936757552019, 40.742874179442147 ] ] ], [ [ [ -73.981314145716425, 40.747187527461847 ], [ -73.98088134217052, 40.747705680710226 ], [ -73.981288803266651, 40.747141591220206 ], [ -73.981314145716425, 40.747187527461847 ] ] ], [ [ [ -73.876548426294036, 40.748273121905896 ], [ -73.876433411224042, 40.748284564688227 ], [ -73.876463396990729, 40.748234631316755 ], [ -73.876548426294036, 40.748273121905896 ] ] ], [ [ [ -73.871250204651972, 40.748745551551714 ], [ -73.872372563536572, 40.748851551331306 ], [ -73.871356485448274, 40.748956950801187 ], [ -73.871250204651972, 40.748745551551714 ] ] ], [ [ [ -73.87572395853627, 40.749400445975979 ], [ -73.875556431472646, 40.74851360804908 ], [ -73.87625180213044, 40.748438850113345 ], [ -73.87572395853627, 40.749400445975979 ] ] ], [ [ [ -73.930234572223227, 40.748790378166383 ], [ -73.930955862233802, 40.750121941382041 ], [ -73.927144722363195, 40.749468320469838 ], [ -73.930234572223227, 40.748790378166383 ] ] ], [ [ [ -73.873159923406391, 40.750915013867029 ], [ -73.874012031170381, 40.75041348517707 ], [ -73.874085063353988, 40.750822709565981 ], [ -73.873159923406391, 40.750915013867029 ] ] ], [ [ [ -73.935385510576936, 40.753153995765267 ], [ -73.935038017214296, 40.753052056669446 ], [ -73.935090005643417, 40.752995871000422 ], [ -73.935385510576936, 40.753153995765267 ] ] ], [ [ [ -73.883068667488232, 40.753928748895717 ], [ -73.88238918728527, 40.754020049265193 ], [ -73.882374819715054, 40.754011300584722 ], [ -73.883068667488232, 40.753928748895717 ] ] ], [ [ [ -73.882140794979179, 40.754043053663722 ], [ -73.881446015354527, 40.754100942043834 ], [ -73.882148433385225, 40.754035431489193 ], [ -73.882140794979179, 40.754043053663722 ] ] ], [ [ [ -73.881201865466977, 40.754125198686971 ], [ -73.880516429921869, 40.754214658344509 ], [ -73.880503999028605, 40.754207701646052 ], [ -73.881201865466977, 40.754125198686971 ] ] ], [ [ [ -73.879544757473042, 40.763167909293834 ], [ -73.879342358105745, 40.763517231242815 ], [ -73.879569297732061, 40.763085629683744 ], [ -73.879544757473042, 40.763167909293834 ] ] ], [ [ [ -73.890647620346783, 40.766522926129809 ], [ -73.891482415813414, 40.766457583285728 ], [ -73.892792119035789, 40.766630338423205 ], [ -73.890647620346783, 40.766522926129809 ] ] ], [ [ [ -73.895505090034263, 40.767017536325653 ], [ -73.8955081167027, 40.767014194597472 ], [ -73.89586145704186, 40.766979739735632 ], [ -73.895505090034263, 40.767017536325653 ] ] ], [ [ [ -73.893714894486521, 40.77079984147931 ], [ -73.893381299038467, 40.77056367328958 ], [ -73.893667405979201, 40.770536810001815 ], [ -73.893714894486521, 40.77079984147931 ] ] ], [ [ [ -73.90471928794949, 40.895006320452616 ], [ -73.904285886850019, 40.895351638904359 ], [ -73.902327671103137, 40.896459998990437 ], [ -73.904568799274585, 40.895001278362891 ], [ -73.905486271630124, 40.893744037447775 ], [ -73.90471928794949, 40.895006320452616 ] ] ], [ [ [ -73.830889369567515, 40.657897509645615 ], [ -73.830318495633406, 40.657229634904262 ], [ -73.830717308183452, 40.657185853641955 ], [ -73.830889369567515, 40.657897509645615 ] ] ], [ [ [ -73.830121471252184, 40.657867591009435 ], [ -73.829972116566424, 40.657625503690582 ], [ -73.830297131151653, 40.657504954891806 ], [ -73.83001484709861, 40.6576947635835 ], [ -73.830121471252184, 40.657867591009435 ] ] ], [ [ [ -73.829672722907105, 40.657952468522645 ], [ -73.82988130834039, 40.657829778999243 ], [ -73.829921474888948, 40.657872767011199 ], [ -73.829672722907105, 40.657952468522645 ] ] ], [ [ [ -73.859082831732977, 40.661770000876999 ], [ -73.859807793572401, 40.66166550814615 ], [ -73.860194541004333, 40.663195968674913 ], [ -73.859469564320065, 40.663300463825827 ], [ -73.859082831732977, 40.661770000876999 ] ] ], [ [ [ -73.858862336631233, 40.661801780867648 ], [ -73.859262894885745, 40.663386978705866 ], [ -73.856651014771373, 40.663712423475189 ], [ -73.85698764482764, 40.663025927849517 ], [ -73.856538238642486, 40.662981070005301 ], [ -73.856706920129596, 40.662115825371671 ], [ -73.857061735675003, 40.662064690576436 ], [ -73.857107512896462, 40.662266876698617 ], [ -73.857267925211687, 40.662034975581214 ], [ -73.858862336631233, 40.661801780867648 ] ] ], [ [ [ -73.842775885070395, 40.665233204084373 ], [ -73.841763872193638, 40.665852869997806 ], [ -73.841754692178284, 40.665297302089584 ], [ -73.842474350882952, 40.664948875544447 ], [ -73.842775885070395, 40.665233204084373 ] ] ], [ [ [ -73.814948354386402, 40.675580126021899 ], [ -73.815403368204201, 40.675624225632816 ], [ -73.816839241631953, 40.675764335417398 ], [ -73.815240164436602, 40.676261241462136 ], [ -73.814948354386402, 40.675580126021899 ] ] ], [ [ [ -73.820286523006729, 40.676306110492597 ], [ -73.821007887778819, 40.676425508634075 ], [ -73.820918246162819, 40.676648994506984 ], [ -73.820501622299034, 40.676756200874372 ], [ -73.820286523006729, 40.676306110492597 ] ] ], [ [ [ -73.824358067646713, 40.676981265767004 ], [ -73.825405745151556, 40.677147321963382 ], [ -73.825470270741064, 40.677336032822865 ], [ -73.824648435306315, 40.677570844180785 ], [ -73.824358067646713, 40.676981265767004 ] ] ], [ [ [ -73.848633839752011, 40.681684028091539 ], [ -73.847868176319238, 40.681486832122921 ], [ -73.848444346339448, 40.681290703133904 ], [ -73.848633839752011, 40.681684028091539 ] ] ], [ [ [ -73.865234654982487, 40.685894764414599 ], [ -73.864397096524726, 40.686205647262184 ], [ -73.864268318895597, 40.685653182110471 ], [ -73.865234654982487, 40.685894764414599 ] ] ], [ [ [ -73.866776918229505, 40.686390952798909 ], [ -73.866829288357849, 40.686537978310909 ], [ -73.866488332420658, 40.686322331406174 ], [ -73.866776918229505, 40.686390952798909 ] ] ], [ [ [ -73.858273717384179, 40.687447018169607 ], [ -73.85813397333925, 40.687102984432933 ], [ -73.858180460270844, 40.687065078733667 ], [ -73.858239153903369, 40.687091400157449 ], [ -73.858273717384179, 40.687447018169607 ] ] ], [ [ [ -73.803685402461312, 40.690813878440018 ], [ -73.80379591948504, 40.690514556390532 ], [ -73.803929335471636, 40.690607584593302 ], [ -73.803685402461312, 40.690813878440018 ] ] ], [ [ [ -73.816209971061511, 40.692731581140187 ], [ -73.816808233521357, 40.693959764903227 ], [ -73.815965093323925, 40.694198145553656 ], [ -73.815363752039119, 40.692971411650639 ], [ -73.816209971061511, 40.692731581140187 ] ] ], [ [ [ -73.823878326058647, 40.706065255020057 ], [ -73.819963841120497, 40.703832205079763 ], [ -73.820049410170498, 40.703134480484941 ], [ -73.821316991912738, 40.701988114808366 ], [ -73.822489270269074, 40.700033396728628 ], [ -73.824113578888358, 40.699910115609157 ], [ -73.82535424849965, 40.700351050394389 ], [ -73.826495014338846, 40.700800946105829 ], [ -73.826607565065643, 40.701457268733087 ], [ -73.828454812108049, 40.702164294172086 ], [ -73.827007284061239, 40.70409108249325 ], [ -73.826995897043616, 40.704787861878962 ], [ -73.824734507701962, 40.705525726215811 ], [ -73.823878326058647, 40.706065255020057 ] ] ], [ [ [ -73.815929706798272, 40.703234391455226 ], [ -73.816213539516639, 40.703315901143093 ], [ -73.816149864640181, 40.703557572066643 ], [ -73.815929706798272, 40.703234391455226 ] ] ], [ [ [ -73.82699632570737, 40.707398868262217 ], [ -73.826911621780141, 40.70686090991039 ], [ -73.827459595742752, 40.707348450986025 ], [ -73.82699632570737, 40.707398868262217 ] ] ], [ [ [ -73.856401910971456, 40.714375248767951 ], [ -73.856752838153952, 40.713822924411055 ], [ -73.856839704760958, 40.714533608111772 ], [ -73.856401910971456, 40.714375248767951 ] ] ], [ [ [ -73.857686182462942, 40.71633807445766 ], [ -73.857518336084084, 40.716094492847049 ], [ -73.857813452593277, 40.716136515367971 ], [ -73.857686182462942, 40.71633807445766 ] ] ], [ [ [ -73.785034795769619, 40.719019024880538 ], [ -73.785136549783218, 40.719483079630628 ], [ -73.785016060521031, 40.71949220652651 ], [ -73.785034795769619, 40.719019024880538 ] ] ], [ [ [ -73.857687587634715, 40.721656868948571 ], [ -73.857918860601856, 40.720534583255407 ], [ -73.856133204738583, 40.720119918301627 ], [ -73.856147028583678, 40.719029939967541 ], [ -73.857319253487177, 40.718406845615924 ], [ -73.857643440129252, 40.717369252921976 ], [ -73.858832788536233, 40.717142413514644 ], [ -73.862020615485548, 40.718841603531736 ], [ -73.863123707024158, 40.718240049153344 ], [ -73.863910488717607, 40.718969990526183 ], [ -73.864242384348287, 40.721650584258647 ], [ -73.864698943542379, 40.722093732539982 ], [ -73.864002440186724, 40.723087648248438 ], [ -73.862155888934154, 40.723336679444941 ], [ -73.861333442257305, 40.723155030530123 ], [ -73.860777487862848, 40.724120532583619 ], [ -73.859838410325054, 40.724705643492221 ], [ -73.858614430363801, 40.723885751489227 ], [ -73.858803704830365, 40.723221207725594 ], [ -73.857687587634715, 40.721656868948571 ] ] ], [ [ [ -73.805788938673103, 40.721018730224962 ], [ -73.805846583256866, 40.721342354106916 ], [ -73.80465472622484, 40.721421225738318 ], [ -73.805788938673103, 40.721018730224962 ] ] ], [ [ [ -73.855880803645476, 40.723864291717398 ], [ -73.855576426485939, 40.724048376292693 ], [ -73.855729556520103, 40.723808593035287 ], [ -73.855880803645476, 40.723864291717398 ] ] ], [ [ [ -73.823530382144781, 40.730000989091948 ], [ -73.822695236183193, 40.728687337551129 ], [ -73.822829872473662, 40.72864782314236 ], [ -73.823530382144781, 40.730000989091948 ] ] ], [ [ [ -73.815584454812239, 40.756128705437291 ], [ -73.815339312820797, 40.755431554280477 ], [ -73.816159113375477, 40.755972142861737 ], [ -73.815584454812239, 40.756128705437291 ] ] ], [ [ [ -73.862579217364228, 40.756093642377039 ], [ -73.863320512303446, 40.756005214801462 ], [ -73.863322970054355, 40.756019395288455 ], [ -73.862579217364228, 40.756093642377039 ] ] ], [ [ [ -73.862429353258719, 40.756115127880818 ], [ -73.861712481196705, 40.756175776813421 ], [ -73.862434858279215, 40.756108438290248 ], [ -73.862429353258719, 40.756115127880818 ] ] ], [ [ [ -73.860849963374605, 40.756265873903196 ], [ -73.861509170850226, 40.756210225472692 ], [ -73.860852043663073, 40.756279662266898 ], [ -73.860849963374605, 40.756265873903196 ] ] ], [ [ [ -73.861001232571937, 40.757108239673251 ], [ -73.861670441151404, 40.757097472805285 ], [ -73.861720067076106, 40.75737211111835 ], [ -73.86106248110508, 40.757440365299011 ], [ -73.861001232571937, 40.757108239673251 ] ] ], [ [ [ -73.804631341225658, 40.762588527928877 ], [ -73.803691983071957, 40.762505776561859 ], [ -73.803740797416921, 40.762133365338507 ], [ -73.804212323678115, 40.762447759814457 ], [ -73.804631341225658, 40.762588527928877 ] ] ], [ [ [ -73.785271096221038, 40.765774424326779 ], [ -73.78548888631849, 40.764234032455391 ], [ -73.784868378407282, 40.763589275140127 ], [ -73.782493716346892, 40.762627492711545 ], [ -73.782030661892051, 40.761807918764426 ], [ -73.779325023264349, 40.760789362335686 ], [ -73.778729958147977, 40.760927662498872 ], [ -73.779356830866163, 40.760732247313399 ], [ -73.780705699774543, 40.758590665615515 ], [ -73.781192375793637, 40.756764605731505 ], [ -73.781269338326609, 40.757306069678044 ], [ -73.781606492037724, 40.756690646718447 ], [ -73.782058960535267, 40.756659866996543 ], [ -73.782687408577559, 40.757051366014288 ], [ -73.783732905304589, 40.75717275874824 ], [ -73.784390707233612, 40.757649425438814 ], [ -73.784772063352946, 40.757585665154416 ], [ -73.784887476440019, 40.757878459627811 ], [ -73.78693080457019, 40.758351403151948 ], [ -73.786931559182761, 40.759337673351865 ], [ -73.78740325800112, 40.759627008249588 ], [ -73.786991482272086, 40.760014540971206 ], [ -73.786923661556543, 40.761199059482578 ], [ -73.788745113731125, 40.761048286233731 ], [ -73.78959696528328, 40.761907161213522 ], [ -73.789948913269285, 40.761686699262498 ], [ -73.79279782250785, 40.763221693 ], [ -73.794299102655245, 40.762211600012961 ], [ -73.794720181724088, 40.762508823888197 ], [ -73.795244491097762, 40.76218512978987 ], [ -73.798291396862766, 40.765037325730638 ], [ -73.797630588994281, 40.765445386715555 ], [ -73.797298863751564, 40.767514835910958 ], [ -73.794259939113843, 40.769392476784795 ], [ -73.793903566930524, 40.769058590098496 ], [ -73.793322946884643, 40.769419552981873 ], [ -73.792450608040411, 40.768834025659189 ], [ -73.792382438136784, 40.7694838394359 ], [ -73.791902041280665, 40.76893621247369 ], [ -73.792386475285696, 40.768797258867899 ], [ -73.791896727189837, 40.768184813912143 ], [ -73.791630761744315, 40.76852168671406 ], [ -73.790853228057088, 40.768366801595867 ], [ -73.790137421249014, 40.768714275390998 ], [ -73.789691015876556, 40.768238661530283 ], [ -73.786274588476573, 40.767131210307781 ], [ -73.786647845141403, 40.766482053490677 ], [ -73.786413472937255, 40.766031369486818 ], [ -73.785271096221038, 40.765774424326779 ] ] ], [ [ [ -73.843733134470071, 40.771249142480549 ], [ -73.841731359146991, 40.769333881519238 ], [ -73.842813784746753, 40.769401383582945 ], [ -73.842954734872137, 40.766393596710323 ], [ -73.844823578201726, 40.766188309969785 ], [ -73.844639809406573, 40.769528369022161 ], [ -73.84662530714094, 40.769627139755606 ], [ -73.846539024028871, 40.7713213874218 ], [ -73.843733134470071, 40.771249142480549 ] ] ], [ [ [ -73.792231250043656, 40.770381272687096 ], [ -73.792382438136784, 40.7694838394359 ], [ -73.793237118640604, 40.770467721311931 ], [ -73.792231250043656, 40.770381272687096 ] ] ], [ [ [ -73.794103261196483, 40.770537583618463 ], [ -73.794058717172334, 40.770877156558868 ], [ -73.793949058022577, 40.771267374937452 ], [ -73.793237118640604, 40.770467721311931 ], [ -73.794103261196483, 40.770537583618463 ] ] ], [ [ [ -73.847970225587005, 40.771389075126443 ], [ -73.84787490997482, 40.773162447886122 ], [ -73.846419941450947, 40.773116690858949 ], [ -73.846539024028871, 40.7713213874218 ], [ -73.847970225587005, 40.771389075126443 ] ] ], [ [ [ -73.78613443387853, 40.785392545609561 ], [ -73.78541680535632, 40.783706972826465 ], [ -73.785298817356974, 40.783463563814038 ], [ -73.785189960623114, 40.783215770926724 ], [ -73.785091504938165, 40.782966203518086 ], [ -73.784996733856431, 40.782694417541883 ], [ -73.784943662908077, 40.782523980919699 ], [ -73.784857870689535, 40.7822187956478 ], [ -73.784789270056393, 40.781925716365997 ], [ -73.785381828714023, 40.783630682718439 ], [ -73.786482175508851, 40.78534237856617 ], [ -73.78613443387853, 40.785392545609561 ] ] ], [ [ [ -73.811426189400137, 40.789815870971687 ], [ -73.813629224353306, 40.790946917782684 ], [ -73.811570083543884, 40.793310603221776 ], [ -73.811636651178929, 40.794489863715341 ], [ -73.809148158634599, 40.794520352093258 ], [ -73.808475787320702, 40.794183029926096 ], [ -73.808085732364006, 40.794514619920086 ], [ -73.808063892812712, 40.795113315260899 ], [ -73.806831150477251, 40.795194484808192 ], [ -73.803424366589425, 40.791994069629354 ], [ -73.803939405913837, 40.791677000581686 ], [ -73.803521911306703, 40.79128493795934 ], [ -73.807730828749982, 40.78866026454341 ], [ -73.808529559281666, 40.789357177323936 ], [ -73.809859395023338, 40.789096755846465 ], [ -73.809377946641703, 40.788246832253073 ], [ -73.810025936058423, 40.789027693564201 ], [ -73.810962733290694, 40.78953818123022 ], [ -73.811352544757312, 40.789469110855151 ], [ -73.811426189400137, 40.789815870971687 ] ] ], [ [ [ -73.813759432129586, 40.795110284054267 ], [ -73.813804887235563, 40.795218036805238 ], [ -73.813687207206755, 40.795211444978264 ], [ -73.813759432129586, 40.795110284054267 ] ] ], [ [ [ -73.811794212088913, 40.795892511649065 ], [ -73.810561913776368, 40.796300959327496 ], [ -73.809859281464043, 40.796113994201257 ], [ -73.809985902766087, 40.795359692306022 ], [ -73.81045058021364, 40.795332380987169 ], [ -73.810435712675329, 40.795008874116789 ], [ -73.811736083526242, 40.795107719969053 ], [ -73.811794212088913, 40.795892511649065 ] ] ], [ [ [ -73.808319750099912, 40.813564883295307 ], [ -73.808650181888282, 40.813421036449235 ], [ -73.808805186424195, 40.813705779645012 ], [ -73.808596813237145, 40.813803236771768 ], [ -73.808319750099912, 40.813564883295307 ] ] ], [ [ [ -73.812101717001624, 40.814639316594615 ], [ -73.813411528120298, 40.814240210712498 ], [ -73.813622805274477, 40.81476218169098 ], [ -73.812266032375121, 40.814974317284765 ], [ -73.812101717001624, 40.814639316594615 ] ] ], [ [ [ -73.80893740044398, 40.814498311648869 ], [ -73.80951705049516, 40.815434079573272 ], [ -73.808553369010468, 40.815527314910007 ], [ -73.808178152397886, 40.814785364247207 ], [ -73.80893740044398, 40.814498311648869 ] ] ], [ [ [ -73.813839211191649, 40.815549531691467 ], [ -73.815213725267725, 40.815264033518019 ], [ -73.815620196291107, 40.816082805776468 ], [ -73.814075462590466, 40.816401550435252 ], [ -73.813839211191649, 40.815549531691467 ] ] ], [ [ [ -73.811538114417587, 40.815095714868029 ], [ -73.812277427417357, 40.816552541385789 ], [ -73.811142426926324, 40.81663643427526 ], [ -73.810469500721709, 40.815283743358478 ], [ -73.811538114417587, 40.815095714868029 ] ] ], [ [ [ -73.798104253153198, 40.81585517060806 ], [ -73.798104369938002, 40.815852228881425 ], [ -73.79931751735306, 40.816243115704737 ], [ -73.798104253153198, 40.81585517060806 ] ] ], [ [ [ -73.844369062504384, 40.817431528734211 ], [ -73.844416422882333, 40.817634213713326 ], [ -73.843796525174085, 40.817717813487093 ], [ -73.844235005067716, 40.817602888985526 ], [ -73.844369062504384, 40.817431528734211 ] ] ], [ [ [ -73.828153579526045, 40.833713755627429 ], [ -73.82838005587756, 40.834012951241185 ], [ -73.827907457720499, 40.834244144514777 ], [ -73.827680981519478, 40.833944948883314 ], [ -73.828153579526045, 40.833713755627429 ] ] ], [ [ [ -73.825721918565506, 40.8350074133294 ], [ -73.825837688341096, 40.83485391410089 ], [ -73.826172901198476, 40.834520042304291 ], [ -73.826324542950545, 40.834717282133809 ], [ -73.825721918565506, 40.8350074133294 ] ] ], [ [ [ -73.86093939353448, 40.838926051800264 ], [ -73.859515358222936, 40.838645254269892 ], [ -73.85877233372004, 40.837675380654339 ], [ -73.859822317317622, 40.837771987068038 ], [ -73.860533070167236, 40.837407157849555 ], [ -73.86093939353448, 40.838926051800264 ] ] ], [ [ [ -73.802222953883415, 40.841634813144744 ], [ -73.802638111563738, 40.841081152513311 ], [ -73.805294959106561, 40.841134924850287 ], [ -73.806946086418122, 40.841462446432608 ], [ -73.806808013723753, 40.842489139987642 ], [ -73.80393073307404, 40.842594072549993 ], [ -73.802222953883415, 40.841634813144744 ] ] ], [ [ [ -73.847761880243951, 40.871947585702657 ], [ -73.84725144839912, 40.870987052454282 ], [ -73.848596760689333, 40.871670784885147 ], [ -73.847761880243951, 40.871947585702657 ] ] ], [ [ [ -73.848412699646687, 40.87503085231986 ], [ -73.850876074624608, 40.87536129766309 ], [ -73.85125350859262, 40.875914441888781 ], [ -73.852414157581151, 40.875919682469601 ], [ -73.85379857126145, 40.876724757132756 ], [ -73.854213333524399, 40.876597363780192 ], [ -73.85536516550053, 40.878737426369085 ], [ -73.854987085154676, 40.880260960625407 ], [ -73.852212338701051, 40.881030540625098 ], [ -73.854121222185256, 40.881636485280794 ], [ -73.853681900021684, 40.882328250982177 ], [ -73.85110603635772, 40.881508971067973 ], [ -73.851247371013358, 40.881298921184552 ], [ -73.850171451702181, 40.880743570057675 ], [ -73.848479545449308, 40.880925733469127 ], [ -73.847225693240105, 40.880662560789489 ], [ -73.846469009457152, 40.87967048925303 ], [ -73.846807055460147, 40.879502049648295 ], [ -73.846600432423187, 40.879221537350809 ], [ -73.848412699646687, 40.87503085231986 ] ] ], [ [ [ -73.82902959845535, 40.878440662555143 ], [ -73.830408484217685, 40.878725356861921 ], [ -73.831398797893428, 40.879619483873476 ], [ -73.830645933421195, 40.880183831661441 ], [ -73.830970849900638, 40.880490593828327 ], [ -73.828736482014492, 40.881850270046854 ], [ -73.828456236244634, 40.880215229653956 ], [ -73.82883631222542, 40.8803006451895 ], [ -73.829465900220796, 40.881380915221371 ], [ -73.829256380645049, 40.88098505692674 ], [ -73.830156721080684, 40.880444537180473 ], [ -73.82902959845535, 40.878440662555143 ] ] ], [ [ [ -73.806490719612995, 40.886264926967989 ], [ -73.811804174912439, 40.88698429585294 ], [ -73.815120112332096, 40.886875490928183 ], [ -73.815116038117424, 40.889011999160147 ], [ -73.813694280865221, 40.888656305138483 ], [ -73.813844497281721, 40.888222656606246 ], [ -73.806490719612995, 40.886264926967989 ] ] ], [ [ [ -73.850702254718485, 40.898789801652512 ], [ -73.85049506342861, 40.898275825306413 ], [ -73.851223042372425, 40.898115245034127 ], [ -73.850702254718485, 40.898789801652512 ] ] ], [ [ [ -73.855823208072493, 40.906262364005912 ], [ -73.855948661162529, 40.90607347395477 ], [ -73.856164439306497, 40.906172334225076 ], [ -73.856068231357241, 40.906179420901665 ], [ -73.855823208072493, 40.906262364005912 ] ] ], [ [ [ -73.855063637264493, 40.908015901578622 ], [ -73.854796928098565, 40.908958736272986 ], [ -73.852985595418986, 40.910340890151147 ], [ -73.854754477903768, 40.907967311108337 ], [ -73.855063637264493, 40.908015901578622 ] ] ], [ [ [ -73.851492425025754, 40.910271640499793 ], [ -73.851071161839386, 40.910371519719504 ], [ -73.852072879383158, 40.909197082764095 ], [ -73.852269167784144, 40.90928502607634 ], [ -73.851492425025754, 40.910271640499793 ] ] ], [ [ [ -73.77498047872092, 40.601371764528793 ], [ -73.775353970677841, 40.601582791227671 ], [ -73.775021528875641, 40.601725932267648 ], [ -73.77498047872092, 40.601371764528793 ] ] ], [ [ [ -73.75197249162153, 40.668390358775433 ], [ -73.751582899269593, 40.66901276730686 ], [ -73.750435024008524, 40.668604536276632 ], [ -73.750811141138783, 40.667975860616735 ], [ -73.75197249162153, 40.668390358775433 ] ] ], [ [ [ -73.752344104220668, 40.67222702921898 ], [ -73.752780447825486, 40.671941393267325 ], [ -73.752477142315726, 40.671283703259242 ], [ -73.753239274719675, 40.671508581143307 ], [ -73.756494006488396, 40.669835540268465 ], [ -73.757695056760923, 40.670153473901145 ], [ -73.757771506863847, 40.67104296202767 ], [ -73.758226353875685, 40.671138797479593 ], [ -73.757823496997389, 40.6714789075304 ], [ -73.75994424931956, 40.671424466117337 ], [ -73.760375342262108, 40.672293675470485 ], [ -73.760017407935123, 40.673004603393181 ], [ -73.760949206457653, 40.674024050202576 ], [ -73.759992234763985, 40.67444005485531 ], [ -73.760600211805098, 40.674991444757978 ], [ -73.760454856111735, 40.675959434318919 ], [ -73.759350311133304, 40.678194094559068 ], [ -73.758231508910029, 40.678559350442029 ], [ -73.757556602058472, 40.677541365260261 ], [ -73.756499244138595, 40.677526952891235 ], [ -73.755730513524668, 40.678814801335506 ], [ -73.754083994265727, 40.678741190512469 ], [ -73.752549769818273, 40.675688127791894 ], [ -73.753232053527526, 40.67429859422657 ], [ -73.752415407833652, 40.673080145931849 ], [ -73.752344104220668, 40.67222702921898 ] ] ], [ [ [ -73.758081138117504, 40.679267230050783 ], [ -73.759721715405746, 40.678949773442696 ], [ -73.761613502419223, 40.679727941150773 ], [ -73.760612413601407, 40.682775120666207 ], [ -73.758081138117504, 40.679267230050783 ] ] ], [ [ [ -73.754220546361978, 40.702329942353501 ], [ -73.75392394566515, 40.702789171686923 ], [ -73.749837658351325, 40.701268142675417 ], [ -73.750088801633837, 40.700873981443394 ], [ -73.749529280822387, 40.699629643753646 ], [ -73.748663796323754, 40.699309655224667 ], [ -73.750834254337008, 40.695935151198015 ], [ -73.751452425746251, 40.696163270632091 ], [ -73.751745892315853, 40.695701275163742 ], [ -73.755200008178093, 40.696991891489795 ], [ -73.755856469126684, 40.695979691098188 ], [ -73.756703901802055, 40.696294705824322 ], [ -73.756874341484405, 40.696033195961675 ], [ -73.762247361737707, 40.698033591780728 ], [ -73.762557895423527, 40.698575287822017 ], [ -73.763703023215839, 40.698339912043991 ], [ -73.762682948236062, 40.698815038748911 ], [ -73.763011634716705, 40.699347105692596 ], [ -73.760587186999402, 40.70312211952978 ], [ -73.761815210798375, 40.701435613752672 ], [ -73.763562430209646, 40.700749336797017 ], [ -73.763755832336216, 40.700239892813578 ], [ -73.767336640626326, 40.700019014374568 ], [ -73.768063579193026, 40.700457595238596 ], [ -73.7683392877681, 40.702201102837535 ], [ -73.769159541250588, 40.702642628949775 ], [ -73.769376960535354, 40.704014628103529 ], [ -73.768683413359824, 40.704475883067317 ], [ -73.767769066318493, 40.704648150166229 ], [ -73.766316558201027, 40.705999613368434 ], [ -73.762658489447603, 40.705205534655093 ], [ -73.76160649720066, 40.704365861170011 ], [ -73.760283322789633, 40.704270198901838 ], [ -73.760002217473868, 40.703621436600464 ], [ -73.759312923674656, 40.703662487451304 ], [ -73.755123590538716, 40.702100608272168 ], [ -73.754830382910058, 40.702556649625052 ], [ -73.754220546361978, 40.702329942353501 ] ] ], [ [ [ -73.770820010426803, 40.700991571788258 ], [ -73.771355151518051, 40.701243681344287 ], [ -73.769898989938639, 40.702119259644995 ], [ -73.770820010426803, 40.700991571788258 ] ] ], [ [ [ -73.76985782216407, 40.7021979968194 ], [ -73.76924770462098, 40.70255327563801 ], [ -73.769855473388205, 40.70217366291093 ], [ -73.76985782216407, 40.7021979968194 ] ] ], [ [ [ -73.748997146285561, 40.706023795773824 ], [ -73.751006541679757, 40.702915145490749 ], [ -73.751601607511972, 40.703135400118057 ], [ -73.751893476326913, 40.702682967252585 ], [ -73.755980663069451, 40.704204835942988 ], [ -73.755739513092109, 40.704579271555964 ], [ -73.756258294539364, 40.705353277639546 ], [ -73.757285981736089, 40.705103464140471 ], [ -73.757427412479672, 40.705946577555238 ], [ -73.757824021343396, 40.706160570857307 ], [ -73.754441748509677, 40.710346936260592 ], [ -73.748583274833067, 40.708263018067022 ], [ -73.74850969846625, 40.707695410508194 ], [ -73.749115297508339, 40.706836655062723 ], [ -73.748997146285561, 40.706023795773824 ] ] ], [ [ [ -73.763864416783946, 40.706983550301814 ], [ -73.764563901807847, 40.707399642618206 ], [ -73.764090228403546, 40.707520197248925 ], [ -73.763864416783946, 40.706983550301814 ] ] ], [ [ [ -73.771428435183978, 40.710265977919278 ], [ -73.771225479251839, 40.710341472769656 ], [ -73.771197192113277, 40.710283273065265 ], [ -73.771428435183978, 40.710265977919278 ] ] ], [ [ [ -73.766883383225547, 40.709359936181954 ], [ -73.767896448997064, 40.709385081476917 ], [ -73.768879191215987, 40.709984290538408 ], [ -73.770211663536841, 40.709599710943735 ], [ -73.769517654008368, 40.710439996192932 ], [ -73.769904893360845, 40.710514281454145 ], [ -73.770376385370938, 40.709653392397364 ], [ -73.771120932850081, 40.710371376336724 ], [ -73.771409560527147, 40.710463873404315 ], [ -73.772643168213449, 40.712219504220513 ], [ -73.773146318010618, 40.712363281379744 ], [ -73.771377087886506, 40.716409116608311 ], [ -73.769956527433507, 40.71612116089895 ], [ -73.768730874758731, 40.716299124914357 ], [ -73.768182224017124, 40.714934549866662 ], [ -73.766282574191919, 40.714406023571428 ], [ -73.76630552403924, 40.713887686699344 ], [ -73.765225534489218, 40.713321350831229 ], [ -73.766734348947111, 40.71142164038271 ], [ -73.767072824776307, 40.71027933034685 ], [ -73.766883383225547, 40.709359936181954 ] ] ], [ [ [ -73.749033845640753, 40.714461174518924 ], [ -73.748796804914292, 40.713899637177697 ], [ -73.749842407786559, 40.713966705488609 ], [ -73.754683203773936, 40.712755960124916 ], [ -73.756991106160811, 40.709388969601676 ], [ -73.762050871512741, 40.711421180616455 ], [ -73.761876449280891, 40.712010764708161 ], [ -73.762945138532942, 40.713326635521689 ], [ -73.762925620632615, 40.714357861883869 ], [ -73.761353918913571, 40.714744092086718 ], [ -73.761065405554319, 40.715894070910011 ], [ -73.76043664815532, 40.716502881982557 ], [ -73.756813752449474, 40.715895979009773 ], [ -73.75650058873957, 40.715559497491171 ], [ -73.753959575927453, 40.715026862100487 ], [ -73.752821336934957, 40.714178823013569 ], [ -73.747062048648331, 40.715647329083417 ], [ -73.746905295638669, 40.714889445679724 ], [ -73.749033845640753, 40.714461174518924 ] ] ], [ [ [ -73.764017813487669, 40.713318062906531 ], [ -73.763247787925152, 40.713360445462321 ], [ -73.762968627106318, 40.713375810421851 ], [ -73.763808717726192, 40.712650731477574 ], [ -73.764017813487669, 40.713318062906531 ] ] ], [ [ [ -73.783251253860882, 40.714998412111832 ], [ -73.782789856397386, 40.714170341924408 ], [ -73.782834746275626, 40.714113435834896 ], [ -73.783251253860882, 40.714998412111832 ] ] ], [ [ [ -73.784147787266249, 40.716246515501602 ], [ -73.78349995566758, 40.715624620480874 ], [ -73.783276401153572, 40.715198788492465 ], [ -73.783350311053766, 40.715213064760782 ], [ -73.784147787266249, 40.716246515501602 ] ] ], [ [ [ -73.784604595397809, 40.716942771418466 ], [ -73.784810372753725, 40.717706792854258 ], [ -73.784238049044461, 40.716438728980926 ], [ -73.784604595397809, 40.716942771418466 ] ] ], [ [ [ -73.752439994727908, 40.717570089434474 ], [ -73.75331533188961, 40.717296096424135 ], [ -73.753470688340371, 40.717502493921167 ], [ -73.752763066334509, 40.718006551743144 ], [ -73.752439994727908, 40.717570089434474 ] ] ], [ [ [ -73.784910187060476, 40.717897217187968 ], [ -73.785081997094053, 40.718311797282738 ], [ -73.785138366246358, 40.7187136706996 ], [ -73.785080634506869, 40.7188184024184 ], [ -73.784910187060476, 40.717897217187968 ] ] ], [ [ [ -73.749370642968103, 40.719005354886278 ], [ -73.749150647447237, 40.718708583391155 ], [ -73.749169874214218, 40.718681869222458 ], [ -73.749370642968103, 40.719005354886278 ] ] ], [ [ [ -73.749629548892784, 40.719486765401598 ], [ -73.749403001882811, 40.719176169891178 ], [ -73.749421469170798, 40.719150311317883 ], [ -73.749629548892784, 40.719486765401598 ] ] ], [ [ [ -73.749885985400255, 40.719968037555311 ], [ -73.749655323314443, 40.719653800056193 ], [ -73.749675236858948, 40.719633640336049 ], [ -73.749885985400255, 40.719968037555311 ] ] ], [ [ [ -73.750493755689433, 40.720488001538911 ], [ -73.749976767058413, 40.720131416765035 ], [ -73.74997958419047, 40.720100755899828 ], [ -73.750493755689433, 40.720488001538911 ] ] ], [ [ [ -73.750979521530468, 40.720947335236851 ], [ -73.75062013090124, 40.720593898346188 ], [ -73.751017557032441, 40.720945240055983 ], [ -73.750979521530468, 40.720947335236851 ] ] ], [ [ [ -73.784393139893922, 40.721438270036536 ], [ -73.784844893306101, 40.720340171305125 ], [ -73.784919611316198, 40.720317893555418 ], [ -73.784674723472691, 40.721098986888038 ], [ -73.784393139893922, 40.721438270036536 ] ] ], [ [ [ -73.751450446683393, 40.721327083471436 ], [ -73.751211695068946, 40.721074837448747 ], [ -73.751484075115812, 40.721323596334294 ], [ -73.751450446683393, 40.721327083471436 ] ] ], [ [ [ -73.751850415030702, 40.721594036152339 ], [ -73.751524169226499, 40.72138908624175 ], [ -73.751526693705145, 40.721358330159781 ], [ -73.751850415030702, 40.721594036152339 ] ] ], [ [ [ -73.784469180541677, 40.721797976144579 ], [ -73.784392937453006, 40.721684508431068 ], [ -73.784482172592092, 40.72179078195866 ], [ -73.784469180541677, 40.721797976144579 ] ] ], [ [ [ -73.752193628532879, 40.721871603905974 ], [ -73.751888374595566, 40.721680785145395 ], [ -73.751893021074636, 40.721653539327356 ], [ -73.752193628532879, 40.721871603905974 ] ] ], [ [ [ -73.752689308444673, 40.722273308855485 ], [ -73.752356939349951, 40.722063391759256 ], [ -73.752363567990756, 40.722034295130456 ], [ -73.752689308444673, 40.722273308855485 ] ] ], [ [ [ -73.753032335838512, 40.722550281131177 ], [ -73.752722652741994, 40.722360547433482 ], [ -73.752725475658821, 40.722332159420013 ], [ -73.753032335838512, 40.722550281131177 ] ] ], [ [ [ -73.753394161873956, 40.722848418667454 ], [ -73.753074924916717, 40.722646119519922 ], [ -73.753076636546908, 40.722617338293318 ], [ -73.753394161873956, 40.722848418667454 ] ] ], [ [ [ -73.75384263175593, 40.723208429955832 ], [ -73.753518988634681, 40.723008685495422 ], [ -73.75352834873955, 40.722984053091118 ], [ -73.75384263175593, 40.723208429955832 ] ] ], [ [ [ -73.754184068418013, 40.723486698385727 ], [ -73.753876333990604, 40.72329831735798 ], [ -73.753886493546986, 40.723272884277598 ], [ -73.754184068418013, 40.723486698385727 ] ] ], [ [ [ -73.754505366504517, 40.723747121512446 ], [ -73.754223050176805, 40.723578862643535 ], [ -73.754226388549426, 40.723549839036956 ], [ -73.754505366504517, 40.723747121512446 ] ] ], [ [ [ -73.756452566049731, 40.725221719231683 ], [ -73.755946176932383, 40.725059155373827 ], [ -73.755754587942548, 40.724974746601781 ], [ -73.755657068289835, 40.724887547472925 ], [ -73.756452566049731, 40.725221719231683 ] ] ], [ [ [ -73.754792136897635, 40.725346022865118 ], [ -73.754855328808773, 40.726191539688742 ], [ -73.751919550209962, 40.728061650555532 ], [ -73.75149745993005, 40.727444425205867 ], [ -73.75303376263463, 40.726708469289008 ], [ -73.752843936354978, 40.726471800821194 ], [ -73.754792136897635, 40.725346022865118 ] ] ], [ [ [ -73.783731139091856, 40.735327424485163 ], [ -73.783884590242138, 40.734875300838894 ], [ -73.784359195848822, 40.735279862682717 ], [ -73.784151064976399, 40.735586083833851 ], [ -73.783731139091856, 40.735327424485163 ] ] ], [ [ [ -73.783691383852627, 40.735367784642897 ], [ -73.782756027653122, 40.735609579610127 ], [ -73.783696915398096, 40.735358481052089 ], [ -73.783691383852627, 40.735367784642897 ] ] ], [ [ [ -73.782483811507831, 40.735699471619533 ], [ -73.782170846260797, 40.735771994310326 ], [ -73.78254192275152, 40.735676807454858 ], [ -73.782483811507831, 40.735699471619533 ] ] ], [ [ [ -73.761615978185148, 40.747951411017318 ], [ -73.762199889717749, 40.749043686123279 ], [ -73.762315796913526, 40.749421041580518 ], [ -73.761615978185148, 40.747951411017318 ] ] ], [ [ [ -73.762983021278558, 40.751037501410309 ], [ -73.762444656606689, 40.749603969430922 ], [ -73.763033663311049, 40.751031717175529 ], [ -73.762983021278558, 40.751037501410309 ] ] ], [ [ [ -73.763916134467678, 40.752085852411263 ], [ -73.763421459904222, 40.751709365753527 ], [ -73.763115941889652, 40.751235659018967 ], [ -73.763916134467678, 40.752085852411263 ] ] ], [ [ [ -73.763996798606485, 40.752157018337705 ], [ -73.764322758809342, 40.752472665733379 ], [ -73.76392061334073, 40.752171268562392 ], [ -73.763996798606485, 40.752157018337705 ] ] ], [ [ [ -73.76459485234956, 40.752597982222788 ], [ -73.765537762340088, 40.753119045073127 ], [ -73.765533136598307, 40.753158856156141 ], [ -73.76459485234956, 40.752597982222788 ] ] ], [ [ [ -73.780520378005761, 40.753330743102758 ], [ -73.779302551571874, 40.753821768539645 ], [ -73.77919777200978, 40.75348358025208 ], [ -73.779482900861524, 40.753482164125323 ], [ -73.780093574376153, 40.752507503847319 ], [ -73.780520378005761, 40.753330743102758 ] ] ], [ [ [ -73.777396769845666, 40.753316139932529 ], [ -73.778225595737339, 40.753393291449129 ], [ -73.777505966623394, 40.753584036567425 ], [ -73.777396769845666, 40.753316139932529 ] ] ], [ [ [ -73.76617325701757, 40.75381102432636 ], [ -73.765680172897817, 40.75333568298673 ], [ -73.765688357496629, 40.753287647587619 ], [ -73.766098242418821, 40.753631767153351 ], [ -73.76617325701757, 40.75381102432636 ] ] ], [ [ [ -73.775690922588055, 40.753997521307554 ], [ -73.775584336355678, 40.753734068078735 ], [ -73.775448607066011, 40.753439082459074 ], [ -73.775587750987555, 40.753733170620613 ], [ -73.775690922588055, 40.753997521307554 ] ] ], [ [ [ -73.775733970815963, 40.75412492620675 ], [ -73.775926693626857, 40.754654170708072 ], [ -73.775730576178418, 40.75412585882794 ], [ -73.775733970815963, 40.75412492620675 ] ] ], [ [ [ -73.766266562266438, 40.753919242311824 ], [ -73.766647208978554, 40.754384168613804 ], [ -73.767102581153594, 40.75554517568024 ], [ -73.766593285484461, 40.754470787346598 ], [ -73.766266562266438, 40.753919242311824 ] ] ], [ [ [ -73.775968979806407, 40.754812298465687 ], [ -73.775972412378493, 40.754811363209754 ], [ -73.776110269343079, 40.755359176267845 ], [ -73.775968979806407, 40.754812298465687 ] ] ], [ [ [ -73.779262869287749, 40.757727745469218 ], [ -73.780029104041617, 40.757418293117411 ], [ -73.780101723642559, 40.757625809403564 ], [ -73.779262869287749, 40.757727745469218 ] ] ], [ [ [ -73.769351218052435, 40.760283556665371 ], [ -73.770275092751973, 40.76008338941471 ], [ -73.770787183474198, 40.761217635026938 ], [ -73.76994195288674, 40.761437592188955 ], [ -73.769351218052435, 40.760283556665371 ] ] ], [ [ [ -73.776979192959629, 40.761364679673399 ], [ -73.77763677986654, 40.761244909102494 ], [ -73.776953002611847, 40.761421060165631 ], [ -73.776979192959629, 40.761364679673399 ] ] ], [ [ [ -73.776076804525445, 40.761666367803713 ], [ -73.776720387070341, 40.761436997897597 ], [ -73.776755709877037, 40.761478483388586 ], [ -73.776076804525445, 40.761666367803713 ] ] ], [ [ [ -73.775854589270793, 40.761727145858011 ], [ -73.775165369983768, 40.761865713765253 ], [ -73.77586453753365, 40.761705678206589 ], [ -73.775854589270793, 40.761727145858011 ] ] ], [ [ [ -73.774949796003924, 40.761908288473656 ], [ -73.773139242044991, 40.762328755691165 ], [ -73.773071830962721, 40.762319115370026 ], [ -73.774949796003924, 40.761908288473656 ] ] ], [ [ [ -73.772975909820943, 40.762359438413917 ], [ -73.771512123463083, 40.762581433698472 ], [ -73.772965720777023, 40.762301145602059 ], [ -73.772975909820943, 40.762359438413917 ] ] ], [ [ [ -73.771511478099256, 40.76282517140163 ], [ -73.770695455213655, 40.763041907428075 ], [ -73.770518517630265, 40.762680290210888 ], [ -73.771414946619856, 40.762561177100487 ], [ -73.771511478099256, 40.76282517140163 ] ] ], [ [ [ -73.747709907814482, 40.609471766807857 ], [ -73.747637629786794, 40.608740074877282 ], [ -73.747671332813482, 40.608714033674104 ], [ -73.748210326671185, 40.609094733569215 ], [ -73.747709907814482, 40.609471766807857 ] ] ], [ [ [ -73.752569408349927, 40.607543235310509 ], [ -73.752648007744071, 40.609272873770763 ], [ -73.750537747304648, 40.611097103172774 ], [ -73.749791534393367, 40.612491078146704 ], [ -73.748765974126755, 40.612792474051631 ], [ -73.745903351158631, 40.612108533007309 ], [ -73.746456593077127, 40.610897364796159 ], [ -73.749095307436122, 40.609663864664782 ], [ -73.750949740672652, 40.60814525787405 ], [ -73.751285707582213, 40.607519332014945 ], [ -73.752030559477546, 40.607738015522706 ], [ -73.752569408349927, 40.607543235310509 ] ] ], [ [ [ -73.741020236478391, 40.637921831088754 ], [ -73.741926193157028, 40.638443748226031 ], [ -73.741600778757075, 40.638791096189635 ], [ -73.741020236478391, 40.637921831088754 ] ] ], [ [ [ -73.742595037407767, 40.641953203753424 ], [ -73.742224489496451, 40.641925735380838 ], [ -73.742615635792745, 40.641829115571454 ], [ -73.742595037407767, 40.641953203753424 ] ] ], [ [ [ -73.742651790305942, 40.642309544036742 ], [ -73.742676029604382, 40.641807544541585 ], [ -73.742841503083895, 40.641822273526287 ], [ -73.743029515796991, 40.642286229510177 ], [ -73.742651790305942, 40.642309544036742 ] ] ], [ [ [ -73.742064308667111, 40.642271853032227 ], [ -73.742176162302471, 40.642030160561156 ], [ -73.742577327947657, 40.64205989850695 ], [ -73.742536337724317, 40.642306843394223 ], [ -73.742064308667111, 40.642271853032227 ] ] ], [ [ [ -73.744118768813848, 40.643760990352533 ], [ -73.74400807876782, 40.64377042371715 ], [ -73.743978180729655, 40.643621495469013 ], [ -73.744118768813848, 40.643760990352533 ] ] ], [ [ [ -73.743801754743544, 40.645312633947455 ], [ -73.743499331514741, 40.645261172187418 ], [ -73.743726552093747, 40.645182941628434 ], [ -73.743801754743544, 40.645312633947455 ] ] ], [ [ [ -73.742928929626771, 40.645457553189487 ], [ -73.743331859006048, 40.645318830864255 ], [ -73.743506942514159, 40.645620778340707 ], [ -73.743134409358106, 40.645789135106128 ], [ -73.742928929626771, 40.645457553189487 ] ] ], [ [ [ -73.726928588990845, 40.652091683025773 ], [ -73.726898440598788, 40.652792973026187 ], [ -73.726488004128015, 40.652785054979098 ], [ -73.726652833444888, 40.652100222477472 ], [ -73.726928588990845, 40.652091683025773 ] ] ], [ [ [ -73.749021561609496, 40.670915593062801 ], [ -73.748978966316272, 40.670897091721578 ], [ -73.749894345587748, 40.669511962692162 ], [ -73.749021561609496, 40.670915593062801 ] ] ], [ [ [ -73.748871965038077, 40.671150464171674 ], [ -73.747925903509369, 40.672575900538291 ], [ -73.74886182408963, 40.67112669714998 ], [ -73.748871965038077, 40.671150464171674 ] ] ], [ [ [ -73.747815049503743, 40.672837967942861 ], [ -73.746874847880136, 40.67426066894626 ], [ -73.747804237703363, 40.672816172398903 ], [ -73.747815049503743, 40.672837967942861 ] ] ], [ [ [ -73.746766486194844, 40.674518358861945 ], [ -73.745823390777588, 40.675944661199473 ], [ -73.746754072108672, 40.674494304798017 ], [ -73.746766486194844, 40.674518358861945 ] ] ], [ [ [ -73.730547819805565, 40.679122552277562 ], [ -73.730020054594576, 40.678859374945226 ], [ -73.730271736244475, 40.678570108047118 ], [ -73.732041523644483, 40.676823222256068 ], [ -73.733134045729614, 40.676201087720017 ], [ -73.7309396805869, 40.678370045785144 ], [ -73.730547819805565, 40.679122552277562 ] ] ], [ [ [ -73.746972985429522, 40.678312725328851 ], [ -73.746222454918495, 40.678081871923894 ], [ -73.746826456935011, 40.677147077580862 ], [ -73.747535458959547, 40.677369298559263 ], [ -73.746972985429522, 40.678312725328851 ] ] ], [ [ [ -73.729505557952294, 40.680055725643868 ], [ -73.730473012609735, 40.679347936760635 ], [ -73.730617481202103, 40.67939295861099 ], [ -73.73029798171072, 40.680246685203123 ], [ -73.729505557952294, 40.680055725643868 ] ] ], [ [ [ -73.745330984900704, 40.694196057454811 ], [ -73.745731465039967, 40.695090941883784 ], [ -73.745114588634209, 40.694837610957826 ], [ -73.745330984900704, 40.694196057454811 ] ] ], [ [ [ -73.736645217416111, 40.699957601503975 ], [ -73.735271628052317, 40.697531646278165 ], [ -73.736636740121412, 40.697074600699096 ], [ -73.737505850216593, 40.696254356081639 ], [ -73.741513106545696, 40.695010472749146 ], [ -73.741780723669834, 40.694657899621525 ], [ -73.743409773004828, 40.69516749656146 ], [ -73.743202317189969, 40.696097322283009 ], [ -73.744913595176371, 40.698989525453378 ], [ -73.744128840593461, 40.698305564242382 ], [ -73.743854995770434, 40.698424389671764 ], [ -73.743563981929853, 40.69930913085161 ], [ -73.744542074839828, 40.699823314972718 ], [ -73.744286579931554, 40.700385398962368 ], [ -73.743163380184143, 40.700394843701815 ], [ -73.742798373381575, 40.701357175068374 ], [ -73.741614840407351, 40.701070361970764 ], [ -73.740695445194859, 40.701267900902536 ], [ -73.740156295098927, 40.702136435626755 ], [ -73.739643502186482, 40.702099170655387 ], [ -73.739450611193334, 40.701526531056096 ], [ -73.73921983736814, 40.701728325563103 ], [ -73.738696795959385, 40.701553650357113 ], [ -73.738233871276847, 40.701871325358184 ], [ -73.737307175935044, 40.70088022602674 ], [ -73.736067163784071, 40.700839049757342 ], [ -73.736645217416111, 40.699957601503975 ] ] ], [ [ [ -73.743307238513864, 40.702959796738774 ], [ -73.74309690651846, 40.70239915253061 ], [ -73.743861759581748, 40.702811096433493 ], [ -73.743307238513864, 40.702959796738774 ] ] ], [ [ [ -73.727532803936796, 40.705824389890793 ], [ -73.727775902088112, 40.707028863585982 ], [ -73.727643884959093, 40.707590877357674 ], [ -73.727532803936796, 40.705824389890793 ] ] ], [ [ [ -73.744056247670144, 40.707933948508 ], [ -73.743407741255055, 40.708038778135162 ], [ -73.744068791593136, 40.707907985734032 ], [ -73.744056247670144, 40.707933948508 ] ] ], [ [ [ -73.743153803343304, 40.708140359024654 ], [ -73.742513472925907, 40.708233852670595 ], [ -73.743167410584334, 40.708110334697139 ], [ -73.743153803343304, 40.708140359024654 ] ] ], [ [ [ -73.742250665678483, 40.708339165977222 ], [ -73.741588258065391, 40.708441353548956 ], [ -73.742258460130245, 40.70831509285216 ], [ -73.742250665678483, 40.708339165977222 ] ] ], [ [ [ -73.747048340261983, 40.709611883684204 ], [ -73.746831115412874, 40.709228372200698 ], [ -73.74685328966676, 40.7091990875984 ], [ -73.747048340261983, 40.709611883684204 ] ] ], [ [ [ -73.747268892865605, 40.710142116588628 ], [ -73.747061912652526, 40.709786199123826 ], [ -73.747082731331332, 40.709758962873131 ], [ -73.747268892865605, 40.710142116588628 ] ] ], [ [ [ -73.747483070028082, 40.710648703737114 ], [ -73.747278621738772, 40.710306576423164 ], [ -73.747302531961111, 40.710280166389857 ], [ -73.747483070028082, 40.710648703737114 ] ] ], [ [ [ -73.736318852943938, 40.709274607456088 ], [ -73.73651583350933, 40.708347442362758 ], [ -73.739496015047493, 40.70746122221513 ], [ -73.740192944956377, 40.706661082123155 ], [ -73.740796795274093, 40.706798615779398 ], [ -73.740801486922251, 40.707758557515362 ], [ -73.741519097250702, 40.708636304505113 ], [ -73.744263180996825, 40.709792091398924 ], [ -73.744670799943364, 40.710832744928474 ], [ -73.743484968769209, 40.710703411610545 ], [ -73.743549232231999, 40.71111787798916 ], [ -73.742468415671084, 40.71224316966272 ], [ -73.742588677582646, 40.713195388706595 ], [ -73.741361763264877, 40.71333946133322 ], [ -73.740735077882121, 40.71297987923338 ], [ -73.740123442311329, 40.713932418701617 ], [ -73.738955320000528, 40.714420788527832 ], [ -73.737610740907058, 40.713801605918036 ], [ -73.736692671635026, 40.71450656687972 ], [ -73.736608437186277, 40.714294132750027 ], [ -73.735982437630113, 40.714290411577984 ], [ -73.736143366756181, 40.713554001629923 ], [ -73.735745802187424, 40.713738327800726 ], [ -73.734326340795661, 40.711490173834449 ], [ -73.737350342411375, 40.710395416756896 ], [ -73.736318852943938, 40.709274607456088 ] ] ], [ [ [ -73.747701026493246, 40.711182868881828 ], [ -73.74749789246853, 40.710834837492264 ], [ -73.747520790233636, 40.71080768587197 ], [ -73.747701026493246, 40.711182868881828 ] ] ], [ [ [ -73.747919032322883, 40.711705217126152 ], [ -73.747790275845546, 40.711534588388801 ], [ -73.747811562685129, 40.711510671433565 ], [ -73.747919032322883, 40.711705217126152 ] ] ], [ [ [ -73.748129299413961, 40.712221640608298 ], [ -73.747932570181831, 40.711889378558148 ], [ -73.74795790441847, 40.711860767952913 ], [ -73.748129299413961, 40.712221640608298 ] ] ], [ [ [ -73.74835765661075, 40.71276308437654 ], [ -73.74820571718567, 40.712539103111993 ], [ -73.748226959987647, 40.712515924408272 ], [ -73.74835765661075, 40.71276308437654 ] ] ], [ [ [ -73.748571981060451, 40.713267991951554 ], [ -73.748367396645435, 40.71292665437182 ], [ -73.748388017444256, 40.712906498206763 ], [ -73.748571981060451, 40.713267991951554 ] ] ], [ [ [ -73.748787510623842, 40.713797533480509 ], [ -73.74857739892991, 40.713444315464919 ], [ -73.748601276499016, 40.713421076711221 ], [ -73.748787510623842, 40.713797533480509 ] ] ], [ [ [ -73.748529673224255, 40.715790754598373 ], [ -73.748642614946405, 40.716032052612576 ], [ -73.748615063554922, 40.716057301398337 ], [ -73.748529673224255, 40.715790754598373 ] ] ], [ [ [ -73.745010567513646, 40.715955073325553 ], [ -73.744805698723439, 40.716013938040085 ], [ -73.744786663174665, 40.71589525942305 ], [ -73.745010567513646, 40.715955073325553 ] ] ], [ [ [ -73.748721907119489, 40.716445277915746 ], [ -73.748617215769187, 40.716203998010322 ], [ -73.748643057863518, 40.716186379148589 ], [ -73.748721907119489, 40.716445277915746 ] ] ], [ [ [ -73.748777964745557, 40.716860558742546 ], [ -73.748698163714323, 40.716615971619504 ], [ -73.748721143724396, 40.716595654857521 ], [ -73.74875428323999, 40.716611071940235 ], [ -73.748777964745557, 40.716860558742546 ] ] ], [ [ [ -73.748911369307891, 40.717398598772469 ], [ -73.748786721352431, 40.717035843949141 ], [ -73.748811359177665, 40.717015010290545 ], [ -73.748911369307891, 40.717398598772469 ] ] ], [ [ [ -73.749027997666786, 40.717976372319903 ], [ -73.748894117774256, 40.717598181624986 ], [ -73.748918492972365, 40.717581133131468 ], [ -73.749027997666786, 40.717976372319903 ] ] ], [ [ [ -73.749138155023047, 40.718520234467896 ], [ -73.749022116791991, 40.718223689174792 ], [ -73.749046654057494, 40.718203884536265 ], [ -73.749138155023047, 40.718520234467896 ] ] ], [ [ [ -73.745560674061409, 40.719478876665249 ], [ -73.746415671947148, 40.71921431001541 ], [ -73.747195451485766, 40.720661889425614 ], [ -73.746341181440457, 40.720926994849606 ], [ -73.745560674061409, 40.719478876665249 ] ] ], [ [ [ -73.735755985950846, 40.72307620796245 ], [ -73.735828530565769, 40.722709108756405 ], [ -73.73691657457951, 40.722467065683205 ], [ -73.735755985950846, 40.72307620796245 ] ] ], [ [ [ -73.710499953620683, 40.727227087413318 ], [ -73.715889923647921, 40.726588991666397 ], [ -73.710503518390013, 40.727278390129307 ], [ -73.710499953620683, 40.727227087413318 ] ] ], [ [ [ -73.72330920463807, 40.729068787426094 ], [ -73.722868600698817, 40.731880671837295 ], [ -73.722548607289539, 40.73265596135321 ], [ -73.722829838042315, 40.731372257075705 ], [ -73.72330920463807, 40.729068787426094 ] ] ], [ [ [ -73.722813344508921, 40.73579235716015 ], [ -73.722158613183694, 40.734494236945274 ], [ -73.722592087491449, 40.734404948874193 ], [ -73.722813344508921, 40.73579235716015 ] ] ], [ [ [ -73.723276903850135, 40.736029931216528 ], [ -73.72291368213655, 40.734341958745951 ], [ -73.723252839190067, 40.734255098620963 ], [ -73.723276903850135, 40.736029931216528 ] ] ], [ [ [ -73.72470597626014, 40.738987561620625 ], [ -73.723436558317971, 40.736464050954538 ], [ -73.723408166345379, 40.734388795371721 ], [ -73.72356919383536, 40.734179029436312 ], [ -73.72387073685006, 40.734843712395751 ], [ -73.723526134498059, 40.734906844471389 ], [ -73.725079712184339, 40.739059578628506 ], [ -73.72470597626014, 40.738987561620625 ] ] ], [ [ [ -73.721931409246309, 40.734536198133959 ], [ -73.723756819557693, 40.738220326466731 ], [ -73.724401865142838, 40.739343061424215 ], [ -73.723819638780995, 40.739075982342648 ], [ -73.721931409246309, 40.734536198133959 ] ] ], [ [ [ -73.701912176650623, 40.738710917063095 ], [ -73.700982794391066, 40.738895679497851 ], [ -73.7009204510628, 40.738718495485124 ], [ -73.701759165949738, 40.738298887625291 ], [ -73.701912176650623, 40.738710917063095 ] ] ], [ [ [ -73.724891642327066, 40.741320424187293 ], [ -73.724520281461309, 40.740699291036364 ], [ -73.724796377169881, 40.740641842653929 ], [ -73.724891642327066, 40.741320424187293 ] ] ], [ [ [ -73.719345734060298, 40.743199675026986 ], [ -73.718694786480711, 40.74345249095748 ], [ -73.717625163636797, 40.744028479154814 ], [ -73.717405985318052, 40.743510930594368 ], [ -73.719345734060298, 40.743199675026986 ] ] ], [ [ [ -73.717643030179616, 40.744070414620417 ], [ -73.718232501995629, 40.745396663023172 ], [ -73.718052750507411, 40.74545928585912 ], [ -73.716797264163475, 40.744537234389604 ], [ -73.717643030179616, 40.744070414620417 ] ] ], [ [ [ -73.719379041314681, 40.752951372025684 ], [ -73.718532004085631, 40.752410607412251 ], [ -73.716076238176896, 40.752603163703377 ], [ -73.715589794963208, 40.752119414407709 ], [ -73.715191944753911, 40.75255225313196 ], [ -73.713809254272888, 40.752430580098675 ], [ -73.713162217903772, 40.75296083102107 ], [ -73.711488720100931, 40.753093869146234 ], [ -73.711339838498816, 40.751819324618019 ], [ -73.71191301723978, 40.751023089947381 ], [ -73.711370961551182, 40.750705858101639 ], [ -73.711646457093735, 40.74966458588306 ], [ -73.710951114342194, 40.749172857987304 ], [ -73.71143515228232, 40.748365648761677 ], [ -73.710677428390483, 40.748767931458374 ], [ -73.709297162517103, 40.747914544713154 ], [ -73.705132578723891, 40.746147037208623 ], [ -73.706137058975898, 40.744780477546882 ], [ -73.705953197412384, 40.744285584826976 ], [ -73.705400472516359, 40.74405036347239 ], [ -73.707703331952032, 40.740921718992283 ], [ -73.708478131097934, 40.741251127978629 ], [ -73.711282292425324, 40.737439251902948 ], [ -73.711715492213585, 40.737623609392898 ], [ -73.712121934052391, 40.7370726687614 ], [ -73.717756618722831, 40.739468959947054 ], [ -73.717044840928281, 40.740469711600227 ], [ -73.71762208677815, 40.741421963775323 ], [ -73.715044006628887, 40.744932524103078 ], [ -73.714254500846877, 40.744598236208596 ], [ -73.713029086027234, 40.746575854789732 ], [ -73.716117119696221, 40.746218111789481 ], [ -73.720065065295259, 40.746468078754809 ], [ -73.723870301602446, 40.745044331767311 ], [ -73.725692317100922, 40.749535265980349 ], [ -73.724397413446454, 40.749989308528285 ], [ -73.725348442054198, 40.750506855474065 ], [ -73.723649347874513, 40.751952518568864 ], [ -73.723988645216494, 40.752791462082634 ], [ -73.722292700888801, 40.753008859584206 ], [ -73.72095467523566, 40.753610255015772 ], [ -73.720288530928556, 40.75303261186226 ], [ -73.719379041314681, 40.752951372025684 ] ] ], [ [ [ -73.707074097256125, 40.749609647388517 ], [ -73.708693933040166, 40.748758341894167 ], [ -73.708834163850398, 40.748847964263803 ], [ -73.707630594754121, 40.74994044106311 ], [ -73.707074097256125, 40.749609647388517 ] ] ], [ [ [ -73.706963746945235, 40.749607754420424 ], [ -73.707074097256125, 40.749609647388517 ], [ -73.705323916749279, 40.750539193704356 ], [ -73.705102400419037, 40.749975446928708 ], [ -73.706963746945235, 40.749607754420424 ] ] ], [ [ [ -73.701693869615227, 40.752536855046728 ], [ -73.702085064574447, 40.75225407067515 ], [ -73.702178416796627, 40.752885940000013 ], [ -73.701693869615227, 40.752536855046728 ] ] ], [ [ [ -73.723013822127783, 40.754463670895632 ], [ -73.723043001223587, 40.755519044010441 ], [ -73.722415136053883, 40.755742681792448 ], [ -73.721776229311601, 40.756534598455481 ], [ -73.723013822127783, 40.754463670895632 ] ] ], [ [ [ -73.717734893197274, 40.759461693317512 ], [ -73.719989153429466, 40.758381562136243 ], [ -73.721431868136094, 40.757098057983733 ], [ -73.722406899900264, 40.755824793836432 ], [ -73.722955848817676, 40.755604025363077 ], [ -73.720925875221852, 40.757978342984892 ], [ -73.719319319749673, 40.759069186477127 ], [ -73.716633906521281, 40.75997421867325 ], [ -73.714081485921923, 40.760198959408278 ], [ -73.713826906015655, 40.760032941522418 ], [ -73.715927156977514, 40.759846897543255 ], [ -73.717734893197274, 40.759461693317512 ] ] ] ] } }
]
}
