{
  "type": "FeatureCollection",
  "metadata": {
    "title": "Other Manhattan Privately Owned Public Spaces",
    "source": "NYC Department of City Planning, Privately Owned Public Spaces (POPS), dataset rvih-nhyn, downloaded 2026-08-06.",
    "context_count": 351,
    "total_manhattan_count": 366
  },
  "features": [
    {
      "type": "Feature",
      "id": "M050065",
      "geometry": {
        "type": "Point",
        "coordinates": [
          -73.981075,
          40.746511
        ]
      },
      "properties": {
        "pops_number": "M050065",
        "address": "3 PARK AVENUE",
        "building_name": "Three Park Avenue",
        "public_space_type": "Arcade; Plaza"
      }
    },
    {
      "type": "Feature",
      "id": "M050117",
      "geometry": {
        "type": "Point",
        "coordinates": [
          -73.976058,
          40.756662
        ]
      },
      "properties": {
        "pops_number": "M050117",
        "address": "415 MADISON AVENUE",
        "building_name": "",
        "public_space_type": "Open Air Concourse"
      }
    },
    {
      "type": "Feature",
      "id": "M080022",
      "geometry": {
        "type": "Point",
        "coordinates": [
          -73.956462,
          40.7683
        ]
      },
      "properties": {
        "pops_number": "M080022",
        "address": "353 EAST 72 STREET",
        "building_name": "Fontaine",
        "public_space_type": "Arcade; Plaza"
      }
    },
    {
      "type": "Feature",
      "id": "M080069",
      "geometry": {
        "type": "Point",
        "coordinates": [
          -73.946331,
          40.77771
        ]
      },
      "properties": {
        "pops_number": "M080069",
        "address": "1675 YORK AVENUE",
        "building_name": "Andover",
        "public_space_type": "Plaza"
      }
    },
    {
      "type": "Feature",
      "id": "M010058",
      "geometry": {
        "type": "Point",
        "coordinates": [
          -74.001176,
          40.710907
        ]
      },
      "properties": {
        "pops_number": "M010058",
        "address": "375 PEARL STREET",
        "building_name": "Verizon Building",
        "public_space_type": "Arcade; Plaza"
      }
    },
    {
      "type": "Feature",
      "id": "M080080",
      "geometry": {
        "type": "Point",
        "coordinates": [
          -73.952113,
          40.766492
        ]
      },
      "properties": {
        "pops_number": "M080080",
        "address": "525 EAST 72 STREET",
        "building_name": "One East River Place",
        "public_space_type": "Public Park"
      }
    },
    {
      "type": "Feature",
      "id": "M050045",
      "geometry": {
        "type": "Point",
        "coordinates": [
          -73.975094,
          40.756418
        ]
      },
      "properties": {
        "pops_number": "M050045",
        "address": "280 PARK AVENUE",
        "building_name": "",
        "public_space_type": "Plaza"
      }
    },
    {
      "type": "Feature",
      "id": "M050006",
      "geometry": {
        "type": "Point",
        "coordinates": [
          -73.969317,
          40.762219
        ]
      },
      "properties": {
        "pops_number": "M050006",
        "address": "110 EAST 59 STREET",
        "building_name": "",
        "public_space_type": "Arcade; Plaza (in C5-3); Plaza (in C6-4)"
      }
    },
    {
      "type": "Feature",
      "id": "M080056",
      "geometry": {
        "type": "Point",
        "coordinates": [
          -73.9509,
          40.775349
        ]
      },
      "properties": {
        "pops_number": "M080056",
        "address": "353 EAST 83 STREET",
        "building_name": "",
        "public_space_type": "Plaza"
      }
    },
    {
      "type": "Feature",
      "id": "M080039",
      "geometry": {
        "type": "Point",
        "coordinates": [
          -73.955231,
          40.777876
        ]
      },
      "properties": {
        "pops_number": "M080039",
        "address": "171 EAST 84 STREET",
        "building_name": "Evans Tower",
        "public_space_type": "Residential Plaza"
      }
    },
    {
      "type": "Feature",
      "id": "M060054",
      "geometry": {
        "type": "Point",
        "coordinates": [
          -73.969196,
          40.757218
        ]
      },
      "properties": {
        "pops_number": "M060054",
        "address": "875 THIRD AVENUE",
        "building_name": "",
        "public_space_type": "Arcade; Covered Pedestrian Space; Open Space; Public Circulation Space"
      }
    },
    {
      "type": "Feature",
      "id": "M060035",
      "geometry": {
        "type": "Point",
        "coordinates": [
          -73.967924,
          40.761036
        ]
      },
      "properties": {
        "pops_number": "M060035",
        "address": "150 EAST 58 STREET",
        "building_name": "Architects and Designers",
        "public_space_type": "Plaza"
      }
    },
    {
      "type": "Feature",
      "id": "M040008",
      "geometry": {
        "type": "Point",
        "coordinates": [
          -73.986888,
          40.769696
        ]
      },
      "properties": {
        "pops_number": "M040008",
        "address": "1000 TENTH AVENUE",
        "building_name": "St. Luke's-Roosevelt Hospital Center",
        "public_space_type": "Public Open Space"
      }
    },
    {
      "type": "Feature",
      "id": "M080061",
      "geometry": {
        "type": "Point",
        "coordinates": [
          -73.946256,
          40.78178
        ]
      },
      "properties": {
        "pops_number": "M080061",
        "address": "345 EAST 93 STREET",
        "building_name": "Mill Rock Plaza",
        "public_space_type": "Plaza; Special Permit Arcade"
      }
    },
    {
      "type": "Feature",
      "id": "M050079",
      "geometry": {
        "type": "Point",
        "coordinates": [
          -73.969367,
          40.761387
        ]
      },
      "properties": {
        "pops_number": "M050079",
        "address": "135 EAST 57 STREET",
        "building_name": "",
        "public_space_type": "Open Park Space; Plaza"
      }
    },
    {
      "type": "Feature",
      "id": "M050020",
      "geometry": {
        "type": "Point",
        "coordinates": [
          -73.982694,
          40.764686
        ]
      },
      "properties": {
        "pops_number": "M050020",
        "address": "230 WEST 55 STREET",
        "building_name": "La Premiere",
        "public_space_type": "Residential Plaza"
      }
    },
    {
      "type": "Feature",
      "id": "M060018",
      "geometry": {
        "type": "Point",
        "coordinates": [
          -73.96782,
          40.752562
        ]
      },
      "properties": {
        "pops_number": "M060018",
        "address": "845 FIRST AVENUE",
        "building_name": "Trump World Tower",
        "public_space_type": "Residential Plaza"
      }
    },
    {
      "type": "Feature",
      "id": "M060085",
      "geometry": {
        "type": "Point",
        "coordinates": [
          -73.97896,
          40.744021
        ]
      },
      "properties": {
        "pops_number": "M060085",
        "address": "200 EAST 32 STREET",
        "building_name": "Future",
        "public_space_type": "Residential Plaza"
      }
    },
    {
      "type": "Feature",
      "id": "M080006",
      "geometry": {
        "type": "Point",
        "coordinates": [
          -73.964136,
          40.770092
        ]
      },
      "properties": {
        "pops_number": "M080006",
        "address": "733 PARK AVENUE",
        "building_name": "",
        "public_space_type": "Arcade; Plaza"
      }
    },
    {
      "type": "Feature",
      "id": "M060051",
      "geometry": {
        "type": "Point",
        "coordinates": [
          -73.97054,
          40.755388
        ]
      },
      "properties": {
        "pops_number": "M060051",
        "address": "805 THIRD AVENUE",
        "building_name": "Crystal Pavilion",
        "public_space_type": "Covered Pedestrian Space"
      }
    },
    {
      "type": "Feature",
      "id": "M110001",
      "geometry": {
        "type": "Point",
        "coordinates": [
          -73.949629,
          40.785712
        ]
      },
      "properties": {
        "pops_number": "M110001",
        "address": "175 EAST 96 STREET",
        "building_name": "Monterey",
        "public_space_type": "Residential Plaza"
      }
    },
    {
      "type": "Feature",
      "id": "M060077",
      "geometry": {
        "type": "Point",
        "coordinates": [
          -73.963125,
          40.757098
        ]
      },
      "properties": {
        "pops_number": "M060077",
        "address": "400 EAST 56 STREET",
        "building_name": "Plaza 400",
        "public_space_type": "Arcade; Plaza"
      }
    },
    {
      "type": "Feature",
      "id": "M010045",
      "geometry": {
        "type": "Point",
        "coordinates": [
          -74.008119,
          40.705041
        ]
      },
      "properties": {
        "pops_number": "M010045",
        "address": "75 WALL STREET",
        "building_name": "Barclays Bank",
        "public_space_type": "Arcade; Non-Bonused Public Open Space; Urban Plaza"
      }
    },
    {
      "type": "Feature",
      "id": "M050049",
      "geometry": {
        "type": "Point",
        "coordinates": [
          -73.978242,
          40.756268
        ]
      },
      "properties": {
        "pops_number": "M050049",
        "address": "575 FIFTH AVENUE",
        "building_name": "",
        "public_space_type": "Covered Pedestrian Space"
      }
    },
    {
      "type": "Feature",
      "id": "M080048",
      "geometry": {
        "type": "Point",
        "coordinates": [
          -73.951833,
          40.778385
        ]
      },
      "properties": {
        "pops_number": "M080048",
        "address": "250 EAST 87 STREET",
        "building_name": "Newbury",
        "public_space_type": "Plaza"
      }
    },
    {
      "type": "Feature",
      "id": "M050061",
      "geometry": {
        "type": "Point",
        "coordinates": [
          -73.977756,
          40.750874
        ]
      },
      "properties": {
        "pops_number": "M050061",
        "address": "101 PARK AVENUE",
        "building_name": "",
        "public_space_type": "Arcade; Sidewalk Widening; Urban Plaza"
      }
    },
    {
      "type": "Feature",
      "id": "M050084",
      "geometry": {
        "type": "Point",
        "coordinates": [
          -73.982553,
          40.765974
        ]
      },
      "properties": {
        "pops_number": "M050084",
        "address": "1755 BROADWAY",
        "building_name": "Symphony House",
        "public_space_type": "Urban Plaza"
      }
    },
    {
      "type": "Feature",
      "id": "M050095",
      "geometry": {
        "type": "Point",
        "coordinates": [
          -73.977022,
          40.757231
        ]
      },
      "properties": {
        "pops_number": "M050095",
        "address": "12 EAST 49 STREET",
        "building_name": "Tower 49",
        "public_space_type": "Arcade; Public Access Passageway; Sidewalk Widening; Urban Plaza"
      }
    },
    {
      "type": "Feature",
      "id": "M010028",
      "geometry": {
        "type": "Point",
        "coordinates": [
          -74.011054,
          40.703993
        ]
      },
      "properties": {
        "pops_number": "M010028",
        "address": "85 BROAD STREET",
        "building_name": "Goldman Sachs",
        "public_space_type": "Arcade; Publicly Accessible Lobby; Sidewalk Widening; Urban Plaza"
      }
    },
    {
      "type": "Feature",
      "id": "M010010",
      "geometry": {
        "type": "Point",
        "coordinates": [
          -74.006168,
          40.705662
        ]
      },
      "properties": {
        "pops_number": "M010010",
        "address": "88 PINE STREET",
        "building_name": "Wall Street Plaza",
        "public_space_type": "Special Permit Plaza"
      }
    },
    {
      "type": "Feature",
      "id": "M070012",
      "geometry": {
        "type": "Point",
        "coordinates": [
          -73.981428,
          40.773157
        ]
      },
      "properties": {
        "pops_number": "M070012",
        "address": "2 LINCOLN SQUARE",
        "building_name": "Two Lincoln Square",
        "public_space_type": "Covered Plaza; Mandatory Arcade; Special Permit Plaza; Through Block Arcade"
      }
    },
    {
      "type": "Feature",
      "id": "M070029",
      "geometry": {
        "type": "Point",
        "coordinates": [
          -73.991804,
          40.772677
        ]
      },
      "properties": {
        "pops_number": "M070029",
        "address": "639 WEST 59 STREET",
        "building_name": "Riverside Center",
        "public_space_type": "Public Access Area"
      }
    },
    {
      "type": "Feature",
      "id": "M010023",
      "geometry": {
        "type": "Point",
        "coordinates": [
          -74.01485,
          40.708074
        ]
      },
      "properties": {
        "pops_number": "M010023",
        "address": "90 WASHINGTON STREET",
        "building_name": "",
        "public_space_type": "Plaza"
      }
    },
    {
      "type": "Feature",
      "id": "M010011",
      "geometry": {
        "type": "Point",
        "coordinates": [
          -74.005515,
          40.705269
        ]
      },
      "properties": {
        "pops_number": "M010011",
        "address": "180 MAIDEN LANE",
        "building_name": "",
        "public_space_type": "Enclosed Public Space; Outdoor Public Space"
      }
    },
    {
      "type": "Feature",
      "id": "M060062",
      "geometry": {
        "type": "Point",
        "coordinates": [
          -73.96956,
          40.751701
        ]
      },
      "properties": {
        "pops_number": "M060062",
        "address": "320 EAST 46 STREET",
        "building_name": "Belmont",
        "public_space_type": "Residential Plaza"
      }
    },
    {
      "type": "Feature",
      "id": "M010041",
      "geometry": {
        "type": "Point",
        "coordinates": [
          -74.005129,
          40.706362
        ]
      },
      "properties": {
        "pops_number": "M010041",
        "address": "175 WATER STREET",
        "building_name": "",
        "public_space_type": "Open Pedestrian Area; Special Permit Arcade"
      }
    },
    {
      "type": "Feature",
      "id": "M050094",
      "geometry": {
        "type": "Point",
        "coordinates": [
          -73.986164,
          40.742024
        ]
      },
      "properties": {
        "pops_number": "M050094",
        "address": "45 EAST 25 STREET",
        "building_name": "Stanford",
        "public_space_type": "Plaza"
      }
    },
    {
      "type": "Feature",
      "id": "M080097",
      "geometry": {
        "type": "Point",
        "coordinates": [
          -73.955251,
          40.769798
        ]
      },
      "properties": {
        "pops_number": "M080097",
        "address": "330 EAST 75 STREET",
        "building_name": "Saratoga",
        "public_space_type": "Residential Plaza"
      }
    },
    {
      "type": "Feature",
      "id": "M050015",
      "geometry": {
        "type": "Point",
        "coordinates": [
          -73.973042,
          40.762105
        ]
      },
      "properties": {
        "pops_number": "M050015",
        "address": "590 MADISON AVENUE",
        "building_name": "",
        "public_space_type": "Arcade; Covered Pedestrian Space; Seating Area; Through Block Arcade; Urban Plaza"
      }
    },
    {
      "type": "Feature",
      "id": "M050031",
      "geometry": {
        "type": "Point",
        "coordinates": [
          -73.978746,
          40.761227
        ]
      },
      "properties": {
        "pops_number": "M050031",
        "address": "51 WEST 52 STREET",
        "building_name": "CBS",
        "public_space_type": "Plaza"
      }
    },
    {
      "type": "Feature",
      "id": "M080053",
      "geometry": {
        "type": "Point",
        "coordinates": [
          -73.954245,
          40.773327
        ]
      },
      "properties": {
        "pops_number": "M080053",
        "address": "301 EAST 79 STREET",
        "building_name": "Continental Towers",
        "public_space_type": "Plaza"
      }
    },
    {
      "type": "Feature",
      "id": "M050110",
      "geometry": {
        "type": "Point",
        "coordinates": [
          -73.990281,
          40.747129
        ]
      },
      "properties": {
        "pops_number": "M050110",
        "address": "835 SIXTH AVENUE",
        "building_name": "Hotel Eventi",
        "public_space_type": "Public Plaza; Urban Plaza"
      }
    },
    {
      "type": "Feature",
      "id": "M050102",
      "geometry": {
        "type": "Point",
        "coordinates": [
          -73.980463,
          40.763503
        ]
      },
      "properties": {
        "pops_number": "M050102",
        "address": "151 WEST 54 STREET",
        "building_name": "London Hotel",
        "public_space_type": "Through Block Connection"
      }
    },
    {
      "type": "Feature",
      "id": "M010006",
      "geometry": {
        "type": "Point",
        "coordinates": [
          -74.00848,
          40.709123
        ]
      },
      "properties": {
        "pops_number": "M010006",
        "address": "33 MAIDEN LANE",
        "building_name": "Two Federal Reserve Plaza",
        "public_space_type": "Covered Pedestrian Space; Public Pedestrian Circulation Area"
      }
    },
    {
      "type": "Feature",
      "id": "M010032",
      "geometry": {
        "type": "Point",
        "coordinates": [
          -74.01373,
          40.703347
        ]
      },
      "properties": {
        "pops_number": "M010032",
        "address": "1 BATTERY PARK PLAZA",
        "building_name": "",
        "public_space_type": "Plaza"
      }
    },
    {
      "type": "Feature",
      "id": "M040013",
      "geometry": {
        "type": "Point",
        "coordinates": [
          -73.991004,
          40.766241
        ]
      },
      "properties": {
        "pops_number": "M040013",
        "address": "501 WEST 52 STREET",
        "building_name": "Clinton Green",
        "public_space_type": "Linear Open Space; Open Space"
      }
    },
    {
      "type": "Feature",
      "id": "M070006",
      "geometry": {
        "type": "Point",
        "coordinates": [
          -73.982788,
          40.777798
        ]
      },
      "properties": {
        "pops_number": "M070006",
        "address": "201 WEST 70 STREET",
        "building_name": "One Sherman Square",
        "public_space_type": "Plaza"
      }
    },
    {
      "type": "Feature",
      "id": "M080030",
      "geometry": {
        "type": "Point",
        "coordinates": [
          -73.953411,
          40.768013
        ]
      },
      "properties": {
        "pops_number": "M080030",
        "address": "1385 YORK AVENUE",
        "building_name": "Stratford",
        "public_space_type": "Plaza"
      }
    },
    {
      "type": "Feature",
      "id": "M060029",
      "geometry": {
        "type": "Point",
        "coordinates": [
          -73.971785,
          40.755012
        ]
      },
      "properties": {
        "pops_number": "M060029",
        "address": "780 THIRD AVENUE",
        "building_name": "",
        "public_space_type": "Sidewalk Widening; Urban Plaza"
      }
    },
    {
      "type": "Feature",
      "id": "M070013",
      "geometry": {
        "type": "Point",
        "coordinates": [
          -73.979753,
          40.772399
        ]
      },
      "properties": {
        "pops_number": "M070013",
        "address": "10 WEST 66 STREET",
        "building_name": "",
        "public_space_type": "Arcade; Plaza"
      }
    },
    {
      "type": "Feature",
      "id": "M010046",
      "geometry": {
        "type": "Point",
        "coordinates": [
          -74.008505,
          40.706241
        ]
      },
      "properties": {
        "pops_number": "M010046",
        "address": "60 WALL STREET",
        "building_name": "J.P. Morgan",
        "public_space_type": "Arcade; Covered Pedestrian Space"
      }
    },
    {
      "type": "Feature",
      "id": "M080015",
      "geometry": {
        "type": "Point",
        "coordinates": [
          -73.94924,
          40.78468
        ]
      },
      "properties": {
        "pops_number": "M080015",
        "address": "205 EAST 95 STREET",
        "building_name": "Normandie Court",
        "public_space_type": "Residential Plaza"
      }
    },
    {
      "type": "Feature",
      "id": "M020007",
      "geometry": {
        "type": "Point",
        "coordinates": [
          -73.991236,
          40.729513
        ]
      },
      "properties": {
        "pops_number": "M020007",
        "address": "26 ASTOR PLACE",
        "building_name": "Astor Place",
        "public_space_type": "Residential Plaza; Unbonused Open Space"
      }
    },
    {
      "type": "Feature",
      "id": "M060066",
      "geometry": {
        "type": "Point",
        "coordinates": [
          -73.967642,
          40.7531
        ]
      },
      "properties": {
        "pops_number": "M060066",
        "address": "100 UNITED NATIONS PLAZA",
        "building_name": "",
        "public_space_type": "Arcade; Residential Plaza"
      }
    },
    {
      "type": "Feature",
      "id": "M010015",
      "geometry": {
        "type": "Point",
        "coordinates": [
          -74.006997,
          40.704265
        ]
      },
      "properties": {
        "pops_number": "M010015",
        "address": "111 WALL STREET",
        "building_name": "",
        "public_space_type": "Arcade; Plaza"
      }
    },
    {
      "type": "Feature",
      "id": "M060017",
      "geometry": {
        "type": "Point",
        "coordinates": [
          -73.974848,
          40.748203
        ]
      },
      "properties": {
        "pops_number": "M060017",
        "address": "222 EAST 39 STREET",
        "building_name": "The Nash",
        "public_space_type": "Plaza"
      }
    },
    {
      "type": "Feature",
      "id": "M050072",
      "geometry": {
        "type": "Point",
        "coordinates": [
          -73.984335,
          40.740536
        ]
      },
      "properties": {
        "pops_number": "M050072",
        "address": "50 LEXINGTON AVENUE",
        "building_name": "",
        "public_space_type": "Public Access Areas; Residential Plaza"
      }
    },
    {
      "type": "Feature",
      "id": "M050089",
      "geometry": {
        "type": "Point",
        "coordinates": [
          -73.974123,
          40.758495
        ]
      },
      "properties": {
        "pops_number": "M050089",
        "address": "40 EAST 52 STREET",
        "building_name": "",
        "public_space_type": "Urban Plaza"
      }
    },
    {
      "type": "Feature",
      "id": "M080023",
      "geometry": {
        "type": "Point",
        "coordinates": [
          -73.957212,
          40.769607
        ]
      },
      "properties": {
        "pops_number": "M080023",
        "address": "300 EAST 74 STREET",
        "building_name": "",
        "public_space_type": "Plaza"
      }
    },
    {
      "type": "Feature",
      "id": "M080101",
      "geometry": {
        "type": "Point",
        "coordinates": [
          -73.95031,
          40.782666
        ]
      },
      "properties": {
        "pops_number": "M080101",
        "address": "205 EAST 92 STREET",
        "building_name": "The Easton",
        "public_space_type": "Non-Bonused Open Area; Public Plaza"
      }
    },
    {
      "type": "Feature",
      "id": "M060011",
      "geometry": {
        "type": "Point",
        "coordinates": [
          -73.985267,
          40.735365
        ]
      },
      "properties": {
        "pops_number": "M060011",
        "address": "201 EAST 17 STREET",
        "building_name": "Park Towers Medical Plaza",
        "public_space_type": "Plaza"
      }
    },
    {
      "type": "Feature",
      "id": "M060058",
      "geometry": {
        "type": "Point",
        "coordinates": [
          -73.967589,
          40.758963
        ]
      },
      "properties": {
        "pops_number": "M060058",
        "address": "919 THIRD AVENUE",
        "building_name": "",
        "public_space_type": "Plaza"
      }
    },
    {
      "type": "Feature",
      "id": "M050011",
      "geometry": {
        "type": "Point",
        "coordinates": [
          -73.980881,
          40.765361
        ]
      },
      "properties": {
        "pops_number": "M050011",
        "address": "888 SEVENTH AVENUE",
        "building_name": "",
        "public_space_type": "Plaza"
      }
    },
    {
      "type": "Feature",
      "id": "M060040",
      "geometry": {
        "type": "Point",
        "coordinates": [
          -73.973869,
          40.751016
        ]
      },
      "properties": {
        "pops_number": "M060040",
        "address": "201 EAST 42 STREET",
        "building_name": "",
        "public_space_type": "Plaza"
      }
    },
    {
      "type": "Feature",
      "id": "M050027",
      "geometry": {
        "type": "Point",
        "coordinates": [
          -73.981279,
          40.762998
        ]
      },
      "properties": {
        "pops_number": "M050027",
        "address": "825 SEVENTH AVENUE",
        "building_name": "Tower 53",
        "public_space_type": "Plaza"
      }
    },
    {
      "type": "Feature",
      "id": "M080057",
      "geometry": {
        "type": "Point",
        "coordinates": [
          -73.950441,
          40.775988
        ]
      },
      "properties": {
        "pops_number": "M080057",
        "address": "351 EAST 84 STREET",
        "building_name": "Adams Tower",
        "public_space_type": "Plaza"
      }
    },
    {
      "type": "Feature",
      "id": "M040002",
      "geometry": {
        "type": "Point",
        "coordinates": [
          -73.984574,
          40.767961
        ]
      },
      "properties": {
        "pops_number": "M040002",
        "address": "347 WEST 57 STREET",
        "building_name": "Colonnade",
        "public_space_type": "Plaza"
      }
    },
    {
      "type": "Feature",
      "id": "M080062",
      "geometry": {
        "type": "Point",
        "coordinates": [
          -73.948325,
          40.781993
        ]
      },
      "properties": {
        "pops_number": "M080062",
        "address": "300 EAST 93 STREET",
        "building_name": "Waterford",
        "public_space_type": "Residential Plaza"
      }
    },
    {
      "type": "Feature",
      "id": "M060090",
      "geometry": {
        "type": "Point",
        "coordinates": [
          -73.974328,
          40.739922
        ]
      },
      "properties": {
        "pops_number": "M060090",
        "address": "430 EAST 29 STREET",
        "building_name": "Alexandria Science Center",
        "public_space_type": "Public Access Area"
      }
    },
    {
      "type": "Feature",
      "id": "M010050",
      "geometry": {
        "type": "Point",
        "coordinates": [
          -74.006932,
          40.70741
        ]
      },
      "properties": {
        "pops_number": "M010050",
        "address": "2 GOLD STREET",
        "building_name": "Two Gold",
        "public_space_type": "Urban Plaza"
      }
    },
    {
      "type": "Feature",
      "id": "M060022",
      "geometry": {
        "type": "Point",
        "coordinates": [
          -73.972452,
          40.747088
        ]
      },
      "properties": {
        "pops_number": "M060022",
        "address": "330 EAST 39 STREET",
        "building_name": "New York Tower",
        "public_space_type": "Plaza"
      }
    },
    {
      "type": "Feature",
      "id": "M070017",
      "geometry": {
        "type": "Point",
        "coordinates": [
          -73.983133,
          40.77073
        ]
      },
      "properties": {
        "pops_number": "M070017",
        "address": "44 WEST 62 STREET",
        "building_name": "Lincoln Plaza Towers",
        "public_space_type": "Plaza"
      }
    },
    {
      "type": "Feature",
      "id": "M050038",
      "geometry": {
        "type": "Point",
        "coordinates": [
          -73.984702,
          40.762107
        ]
      },
      "properties": {
        "pops_number": "M050038",
        "address": "1633 BROADWAY",
        "building_name": "Paramount Plaza",
        "public_space_type": "Special Permit Arcade; Special Permit Plaza; Underground Concourse"
      }
    },
    {
      "type": "Feature",
      "id": "M040009",
      "geometry": {
        "type": "Point",
        "coordinates": [
          -74.000466,
          40.761271
        ]
      },
      "properties": {
        "pops_number": "M040009",
        "address": "650 WEST 42 STREET",
        "building_name": "River Place",
        "public_space_type": "Major Public Open Space; Public Open Space"
      }
    },
    {
      "type": "Feature",
      "id": "M050039",
      "geometry": {
        "type": "Point",
        "coordinates": [
          -73.975,
          40.758249
        ]
      },
      "properties": {
        "pops_number": "M050039",
        "address": "457 MADISON AVENUE",
        "building_name": "New York Palace Hotel",
        "public_space_type": "Courtyard"
      }
    },
    {
      "type": "Feature",
      "id": "M060047",
      "geometry": {
        "type": "Point",
        "coordinates": [
          -73.970226,
          40.753494
        ]
      },
      "properties": {
        "pops_number": "M060047",
        "address": "885 SECOND AVENUE",
        "building_name": "1 Dag Hammarskjold Plaza",
        "public_space_type": "Additional Plaza; Plaza"
      }
    },
    {
      "type": "Feature",
      "id": "M060073",
      "geometry": {
        "type": "Point",
        "coordinates": [
          -73.963696,
          40.754935
        ]
      },
      "properties": {
        "pops_number": "M060073",
        "address": "429 EAST 52 STREET",
        "building_name": "Rivercourt",
        "public_space_type": "Plaza"
      }
    },
    {
      "type": "Feature",
      "id": "M080011",
      "geometry": {
        "type": "Point",
        "coordinates": [
          -73.962659,
          40.76444
        ]
      },
      "properties": {
        "pops_number": "M080011",
        "address": "220 EAST 65 STREET",
        "building_name": "Concorde",
        "public_space_type": "Plaza"
      }
    },
    {
      "type": "Feature",
      "id": "M020002",
      "geometry": {
        "type": "Point",
        "coordinates": [
          -73.993444,
          40.730071
        ]
      },
      "properties": {
        "pops_number": "M020002",
        "address": "300 MERCER STREET",
        "building_name": "",
        "public_space_type": "Arcade; Plaza"
      }
    },
    {
      "type": "Feature",
      "id": "M060006",
      "geometry": {
        "type": "Point",
        "coordinates": [
          -73.978675,
          40.745467
        ]
      },
      "properties": {
        "pops_number": "M060006",
        "address": "166 EAST 34 STREET",
        "building_name": "",
        "public_space_type": "Plaza"
      }
    },
    {
      "type": "Feature",
      "id": "M080005",
      "geometry": {
        "type": "Point",
        "coordinates": [
          -73.964391,
          40.765124
        ]
      },
      "properties": {
        "pops_number": "M080005",
        "address": "160 EAST 65 STREET",
        "building_name": "Phoenix",
        "public_space_type": "Plaza"
      }
    },
    {
      "type": "Feature",
      "id": "M070016",
      "geometry": {
        "type": "Point",
        "coordinates": [
          -73.982837,
          40.771115
        ]
      },
      "properties": {
        "pops_number": "M070016",
        "address": "61 WEST 62 STREET",
        "building_name": "The Harmony/David Rubenstein Atrium",
        "public_space_type": "Covered Plaza"
      }
    },
    {
      "type": "Feature",
      "id": "M060034",
      "geometry": {
        "type": "Point",
        "coordinates": [
          -73.968094,
          40.760198
        ]
      },
      "properties": {
        "pops_number": "M060034",
        "address": "950 THIRD AVENUE",
        "building_name": "",
        "public_space_type": "Plaza"
      }
    },
    {
      "type": "Feature",
      "id": "M060052",
      "geometry": {
        "type": "Point",
        "coordinates": [
          -73.970095,
          40.755906
        ]
      },
      "properties": {
        "pops_number": "M060052",
        "address": "825 THIRD AVENUE",
        "building_name": "",
        "public_space_type": "Plaza"
      }
    },
    {
      "type": "Feature",
      "id": "M010049",
      "geometry": {
        "type": "Point",
        "coordinates": [
          -74.005634,
          40.708374
        ]
      },
      "properties": {
        "pops_number": "M010049",
        "address": "15 CLIFF STREET",
        "building_name": "",
        "public_space_type": "Urban Plaza"
      }
    },
    {
      "type": "Feature",
      "id": "M110003",
      "geometry": {
        "type": "Point",
        "coordinates": [
          -73.946059,
          40.796772
        ]
      },
      "properties": {
        "pops_number": "M110003",
        "address": "60 EAST 112 STREET",
        "building_name": "Sendero Verde",
        "public_space_type": "Public Access Area"
      }
    },
    {
      "type": "Feature",
      "id": "M060078",
      "geometry": {
        "type": "Point",
        "coordinates": [
          -73.960947,
          40.758736
        ]
      },
      "properties": {
        "pops_number": "M060078",
        "address": "425 EAST 58 STREET",
        "building_name": "Sovereign",
        "public_space_type": "Open Space; Plaza"
      }
    },
    {
      "type": "Feature",
      "id": "M040003",
      "geometry": {
        "type": "Point",
        "coordinates": [
          -73.984238,
          40.766825
        ]
      },
      "properties": {
        "pops_number": "M040003",
        "address": "322 WEST 57 STREET",
        "building_name": "Sheffield",
        "public_space_type": "Arcade; Plaza"
      }
    },
    {
      "type": "Feature",
      "id": "M050116",
      "geometry": {
        "type": "Point",
        "coordinates": [
          -73.97599,
          40.755982
        ]
      },
      "properties": {
        "pops_number": "M050116",
        "address": "270 PARK AVENUE",
        "building_name": "",
        "public_space_type": "Pedestrian Circulation Space"
      }
    },
    {
      "type": "Feature",
      "id": "M110004",
      "geometry": {
        "type": "Point",
        "coordinates": [
          -73.93422,
          40.804311
        ]
      },
      "properties": {
        "pops_number": "M110004",
        "address": "225 EAST 126 STREET",
        "building_name": "East Harlem MECC",
        "public_space_type": "'Public Plaza'"
      }
    },
    {
      "type": "Feature",
      "id": "M060021",
      "geometry": {
        "type": "Point",
        "coordinates": [
          -73.97272,
          40.746328
        ]
      },
      "properties": {
        "pops_number": "M060021",
        "address": "330 EAST 38 STREET",
        "building_name": "Corinthian",
        "public_space_type": "Residential Plaza"
      }
    },
    {
      "type": "Feature",
      "id": "M080082",
      "geometry": {
        "type": "Point",
        "coordinates": [
          -73.960545,
          40.768406
        ]
      },
      "properties": {
        "pops_number": "M080082",
        "address": "211 EAST 70 STREET",
        "building_name": "",
        "public_space_type": "Park-Like Open Space; Plaza; Variance Arcade"
      }
    },
    {
      "type": "Feature",
      "id": "M050007",
      "geometry": {
        "type": "Point",
        "coordinates": [
          -73.969757,
          40.761711
        ]
      },
      "properties": {
        "pops_number": "M050007",
        "address": "115 EAST 57 STREET",
        "building_name": "Galleria",
        "public_space_type": "Covered Pedestrian Space"
      }
    },
    {
      "type": "Feature",
      "id": "M080040",
      "geometry": {
        "type": "Point",
        "coordinates": [
          -73.954732,
          40.778669
        ]
      },
      "properties": {
        "pops_number": "M080040",
        "address": "185 EAST 85 STREET",
        "building_name": "Park Lane Towers",
        "public_space_type": "Plaza; Plaza- Connected Open Area"
      }
    },
    {
      "type": "Feature",
      "id": "M070030",
      "geometry": {
        "type": "Point",
        "coordinates": [
          -73.984295,
          40.770871
        ]
      },
      "properties": {
        "pops_number": "M070030",
        "address": "40 COLUMBUS AVENUE",
        "building_name": "Fordham University",
        "public_space_type": "Interim Open Space"
      }
    },
    {
      "type": "Feature",
      "id": "M060065",
      "geometry": {
        "type": "Point",
        "coordinates": [
          -73.96992,
          40.752483
        ]
      },
      "properties": {
        "pops_number": "M060065",
        "address": "866 SECOND AVENUE",
        "building_name": "Dag Hammarskjold Plaza",
        "public_space_type": "Arcade"
      }
    },
    {
      "type": "Feature",
      "id": "M080058",
      "geometry": {
        "type": "Point",
        "coordinates": [
          -73.952051,
          40.776864
        ]
      },
      "properties": {
        "pops_number": "M080058",
        "address": "300 EAST 85 STREET",
        "building_name": "America",
        "public_space_type": "Residential Plaza"
      }
    },
    {
      "type": "Feature",
      "id": "M010014",
      "geometry": {
        "type": "Point",
        "coordinates": [
          -74.007581,
          40.704676
        ]
      },
      "properties": {
        "pops_number": "M010014",
        "address": "95 WALL STREET",
        "building_name": "",
        "public_space_type": "Arcade; Plaza"
      }
    },
    {
      "type": "Feature",
      "id": "M010024",
      "geometry": {
        "type": "Point",
        "coordinates": [
          -74.009659,
          40.704056
        ]
      },
      "properties": {
        "pops_number": "M010024",
        "address": "7 HANOVER SQUARE",
        "building_name": "100 Pearl Street",
        "public_space_type": "Arcade; Through Block Arcade"
      }
    },
    {
      "type": "Feature",
      "id": "M050068",
      "geometry": {
        "type": "Point",
        "coordinates": [
          -73.992132,
          40.749981
        ]
      },
      "properties": {
        "pops_number": "M050068",
        "address": "2 PENNSYLVANIA PLAZA",
        "building_name": "Two Penn Plaza/Madison Square Garden",
        "public_space_type": "Plaza (C6-2); Plaza (C6-4)"
      }
    },
    {
      "type": "Feature",
      "id": "M070023",
      "geometry": {
        "type": "Point",
        "coordinates": [
          -73.983341,
          40.775567
        ]
      },
      "properties": {
        "pops_number": "M070023",
        "address": "145 WEST 67 STREET",
        "building_name": "Tower 67",
        "public_space_type": "Residential Plaza"
      }
    },
    {
      "type": "Feature",
      "id": "M010059",
      "geometry": {
        "type": "Point",
        "coordinates": [
          -74.002814,
          40.717714
        ]
      },
      "properties": {
        "pops_number": "M010059",
        "address": "376 BROADWAY",
        "building_name": "Mandarin Plaza",
        "public_space_type": "Residential Plaza"
      }
    },
    {
      "type": "Feature",
      "id": "M050106",
      "geometry": {
        "type": "Point",
        "coordinates": [
          -73.978951,
          40.763747
        ]
      },
      "properties": {
        "pops_number": "M050106",
        "address": "125 WEST 55 STREET",
        "building_name": "Avenue of the Americas Plaza",
        "public_space_type": "Through Block Connection"
      }
    },
    {
      "type": "Feature",
      "id": "M060084",
      "geometry": {
        "type": "Point",
        "coordinates": [
          -73.978151,
          40.748033
        ]
      },
      "properties": {
        "pops_number": "M060084",
        "address": "285 LEXINGTON AVENUE",
        "building_name": "Carlton Regency North",
        "public_space_type": "Variance Arcade"
      }
    },
    {
      "type": "Feature",
      "id": "M010007",
      "geometry": {
        "type": "Point",
        "coordinates": [
          -74.007199,
          40.708346
        ]
      },
      "properties": {
        "pops_number": "M010007",
        "address": "100 WILLIAM STREET",
        "building_name": "",
        "public_space_type": "Covered Pedestrian Space"
      }
    },
    {
      "type": "Feature",
      "id": "M050074",
      "geometry": {
        "type": "Point",
        "coordinates": [
          -73.979745,
          40.764241
        ]
      },
      "properties": {
        "pops_number": "M050074",
        "address": "156 WEST 56 STREET",
        "building_name": "CitySpire",
        "public_space_type": "Building Entrance Recess Area; Through Block Connection"
      }
    },
    {
      "type": "Feature",
      "id": "M010019",
      "geometry": {
        "type": "Point",
        "coordinates": [
          -74.011047,
          40.705277
        ]
      },
      "properties": {
        "pops_number": "M010019",
        "address": "55 BROAD STREET",
        "building_name": "",
        "public_space_type": "Arcade"
      }
    },
    {
      "type": "Feature",
      "id": "M040012",
      "geometry": {
        "type": "Point",
        "coordinates": [
          -74.00742,
          40.7447
        ]
      },
      "properties": {
        "pops_number": "M040012",
        "address": "76 ELEVENTH AVENUE",
        "building_name": "HFZ Plaza",
        "public_space_type": "At-Grade Plaza"
      }
    },
    {
      "type": "Feature",
      "id": "M060030",
      "geometry": {
        "type": "Point",
        "coordinates": [
          -73.971355,
          40.755635
        ]
      },
      "properties": {
        "pops_number": "M060030",
        "address": "800 THIRD AVENUE",
        "building_name": "",
        "public_space_type": "Arcade; Plaza"
      }
    },
    {
      "type": "Feature",
      "id": "M060057",
      "geometry": {
        "type": "Point",
        "coordinates": [
          -73.966795,
          40.757849
        ]
      },
      "properties": {
        "pops_number": "M060057",
        "address": "245 EAST 54 STREET",
        "building_name": "Brevard",
        "public_space_type": "Plaza; Residential Plaza"
      }
    },
    {
      "type": "Feature",
      "id": "M050111",
      "geometry": {
        "type": "Point",
        "coordinates": [
          -73.983637,
          40.747406
        ]
      },
      "properties": {
        "pops_number": "M050111",
        "address": "172 MADISON AVENUE",
        "building_name": "",
        "public_space_type": "Public Plaza"
      }
    },
    {
      "type": "Feature",
      "id": "M080073",
      "geometry": {
        "type": "Point",
        "coordinates": [
          -73.946952,
          40.772792
        ]
      },
      "properties": {
        "pops_number": "M080073",
        "address": "60 EAST END AVENUE",
        "building_name": "",
        "public_space_type": "Plaza"
      }
    },
    {
      "type": "Feature",
      "id": "M010054",
      "geometry": {
        "type": "Point",
        "coordinates": [
          -74.009036,
          40.712776
        ]
      },
      "properties": {
        "pops_number": "M010054",
        "address": "99 CHURCH STREET",
        "building_name": "30 Park Place",
        "public_space_type": "Public Plaza"
      }
    },
    {
      "type": "Feature",
      "id": "M050002",
      "geometry": {
        "type": "Point",
        "coordinates": [
          -73.97538,
          40.764811
        ]
      },
      "properties": {
        "pops_number": "M050002",
        "address": "36 CENTRAL PARK SOUTH",
        "building_name": "Park Lane Hotel",
        "public_space_type": "Arcade; Plaza"
      }
    },
    {
      "type": "Feature",
      "id": "M080034",
      "geometry": {
        "type": "Point",
        "coordinates": [
          -73.956936,
          40.78221
        ]
      },
      "properties": {
        "pops_number": "M080034",
        "address": "50 EAST 89 STREET",
        "building_name": "Park Regis",
        "public_space_type": "Landscaped Open Area; Plaza (Park-Like Open Space)"
      }
    },
    {
      "type": "Feature",
      "id": "M080029",
      "geometry": {
        "type": "Point",
        "coordinates": [
          -73.956257,
          40.766642
        ]
      },
      "properties": {
        "pops_number": "M080029",
        "address": "400 EAST 71 STREET",
        "building_name": "Windsor",
        "public_space_type": "Plaza"
      }
    },
    {
      "type": "Feature",
      "id": "M070007",
      "geometry": {
        "type": "Point",
        "coordinates": [
          -73.982543,
          40.77681
        ]
      },
      "properties": {
        "pops_number": "M070007",
        "address": "2025 BROADWAY",
        "building_name": "Nevada Towers",
        "public_space_type": "Plaza"
      }
    },
    {
      "type": "Feature",
      "id": "M060025",
      "geometry": {
        "type": "Point",
        "coordinates": [
          -73.971836,
          40.745155
        ]
      },
      "properties": {
        "pops_number": "M060025",
        "address": "630 FIRST AVENUE",
        "building_name": "Manhattan Place",
        "public_space_type": "Residential Plaza"
      }
    },
    {
      "type": "Feature",
      "id": "M080016",
      "geometry": {
        "type": "Point",
        "coordinates": [
          -73.959739,
          40.768919
        ]
      },
      "properties": {
        "pops_number": "M080016",
        "address": "220 EAST 72 STREET",
        "building_name": "",
        "public_space_type": "Plaza"
      }
    },
    {
      "type": "Feature",
      "id": "M050064",
      "geometry": {
        "type": "Point",
        "coordinates": [
          -73.992374,
          40.751263
        ]
      },
      "properties": {
        "pops_number": "M050064",
        "address": "1 PENNSYLVANIA PLAZA",
        "building_name": "One Penn Plaza",
        "public_space_type": "Arcade; Plaza"
      }
    },
    {
      "type": "Feature",
      "id": "M050101",
      "geometry": {
        "type": "Point",
        "coordinates": [
          -73.983038,
          40.75814
        ]
      },
      "properties": {
        "pops_number": "M050101",
        "address": "114 WEST 47 STREET",
        "building_name": "United States Trust",
        "public_space_type": "Through Block Connection"
      }
    },
    {
      "type": "Feature",
      "id": "M010042",
      "geometry": {
        "type": "Point",
        "coordinates": [
          -74.015837,
          40.7056
        ]
      },
      "properties": {
        "pops_number": "M010042",
        "address": "17 BATTERY PLACE",
        "building_name": "",
        "public_space_type": "Arcade; Plaza"
      }
    },
    {
      "type": "Feature",
      "id": "M080068",
      "geometry": {
        "type": "Point",
        "coordinates": [
          -73.947885,
          40.77588
        ]
      },
      "properties": {
        "pops_number": "M080068",
        "address": "444 EAST 86 STREET",
        "building_name": "",
        "public_space_type": "Plaza"
      }
    },
    {
      "type": "Feature",
      "id": "M050078",
      "geometry": {
        "type": "Point",
        "coordinates": [
          -73.976816,
          40.757966
        ]
      },
      "properties": {
        "pops_number": "M050078",
        "address": "611 FIFTH AVENUE",
        "building_name": "Saks Tower",
        "public_space_type": "Building Entrance Recess Area; Special Permit Pedestrian Circulation Sp"
      }
    },
    {
      "type": "Feature",
      "id": "M050014",
      "geometry": {
        "type": "Point",
        "coordinates": [
          -73.973894,
          40.762311
        ]
      },
      "properties": {
        "pops_number": "M050014",
        "address": "725 FIFTH AVENUE",
        "building_name": "Trump Tower",
        "public_space_type": "Covered Pedestrian Space; Landscaped Terraces; Passageway"
      }
    },
    {
      "type": "Feature",
      "id": "M080033",
      "geometry": {
        "type": "Point",
        "coordinates": [
          -73.960695,
          40.776088
        ]
      },
      "properties": {
        "pops_number": "M080033",
        "address": "900 PARK AVENUE",
        "building_name": "Park 900",
        "public_space_type": "Plaza"
      }
    },
    {
      "type": "Feature",
      "id": "M060061",
      "geometry": {
        "type": "Point",
        "coordinates": [
          -73.971256,
          40.75056
        ]
      },
      "properties": {
        "pops_number": "M060061",
        "address": "303 EAST 43 STREET",
        "building_name": "International Plaza",
        "public_space_type": "Residential Plaza"
      }
    },
    {
      "type": "Feature",
      "id": "M060026",
      "geometry": {
        "type": "Point",
        "coordinates": [
          -73.975876,
          40.75008
        ]
      },
      "properties": {
        "pops_number": "M060026",
        "address": "622 THIRD AVENUE",
        "building_name": "Grand Central Plaza",
        "public_space_type": "Arcade; Landscaped Terrace; Plaza; Through Block Arcade; Urban Plaza"
      }
    },
    {
      "type": "Feature",
      "id": "M080046",
      "geometry": {
        "type": "Point",
        "coordinates": [
          -73.955688,
          40.775905
        ]
      },
      "properties": {
        "pops_number": "M080046",
        "address": "200 EAST 82 STREET",
        "building_name": "Wimbledon",
        "public_space_type": "Plaza"
      }
    },
    {
      "type": "Feature",
      "id": "M020006",
      "geometry": {
        "type": "Point",
        "coordinates": [
          -74.005408,
          40.725306
        ]
      },
      "properties": {
        "pops_number": "M020006",
        "address": "246 SPRING STREET",
        "building_name": "The Dominick",
        "public_space_type": "Arcade; Urban Plaza"
      }
    },
    {
      "type": "Feature",
      "id": "M050107",
      "geometry": {
        "type": "Point",
        "coordinates": [
          -73.990772,
          40.744914
        ]
      },
      "properties": {
        "pops_number": "M050107",
        "address": "776 SIXTH AVENUE",
        "building_name": "The Capitol at Chelsea",
        "public_space_type": "Urban Plaza"
      }
    },
    {
      "type": "Feature",
      "id": "M060012",
      "geometry": {
        "type": "Point",
        "coordinates": [
          -73.982513,
          40.739149
        ]
      },
      "properties": {
        "pops_number": "M060012",
        "address": "200 EAST 24 STREET",
        "building_name": "Crystal House",
        "public_space_type": "Plaza"
      }
    },
    {
      "type": "Feature",
      "id": "M040016",
      "geometry": {
        "type": "Point",
        "coordinates": [
          -73.997957,
          40.752087
        ]
      },
      "properties": {
        "pops_number": "M040016",
        "address": "401 WEST 31 STREET",
        "building_name": "Hudson Yards / Manhattan West (Subarea B2)",
        "public_space_type": "Art Plaza; Central Plaza; Entry Plaza"
      }
    },
    {
      "type": "Feature",
      "id": "M050083",
      "geometry": {
        "type": "Point",
        "coordinates": [
          -73.980702,
          40.76288
        ]
      },
      "properties": {
        "pops_number": "M050083",
        "address": "1325 SIXTH AVENUE",
        "building_name": "1325 Avenue of the Americas",
        "public_space_type": "Through Block Galleria"
      }
    },
    {
      "type": "Feature",
      "id": "M050035",
      "geometry": {
        "type": "Point",
        "coordinates": [
          -73.976086,
          40.759199
        ]
      },
      "properties": {
        "pops_number": "M050035",
        "address": "645 FIFTH AVENUE",
        "building_name": "Olympic Tower",
        "public_space_type": "Covered Pedestrian Space"
      }
    },
    {
      "type": "Feature",
      "id": "M010027",
      "geometry": {
        "type": "Point",
        "coordinates": [
          -74.010722,
          40.702777
        ]
      },
      "properties": {
        "pops_number": "M010027",
        "address": "115 BROAD STREET",
        "building_name": "4 New York Plaza",
        "public_space_type": "Arcade; Plaza"
      }
    },
    {
      "type": "Feature",
      "id": "M080094",
      "geometry": {
        "type": "Point",
        "coordinates": [
          -73.950164,
          40.775165
        ]
      },
      "properties": {
        "pops_number": "M080094",
        "address": "400 EAST 84 STREET",
        "building_name": "Strathmore",
        "public_space_type": "Residential Plaza"
      }
    },
    {
      "type": "Feature",
      "id": "M050040",
      "geometry": {
        "type": "Point",
        "coordinates": [
          -73.97264,
          40.756859
        ]
      },
      "properties": {
        "pops_number": "M050040",
        "address": "560 LEXINGTON AVENUE",
        "building_name": "",
        "public_space_type": "Arcade; Covered Pedestrian Space; Public Access Area"
      }
    },
    {
      "type": "Feature",
      "id": "M020001",
      "geometry": {
        "type": "Point",
        "coordinates": [
          -73.993076,
          40.730499
        ]
      },
      "properties": {
        "pops_number": "M020001",
        "address": "60 EAST 8 STREET",
        "building_name": "Georgetown Plaza",
        "public_space_type": "Plaza"
      }
    },
    {
      "type": "Feature",
      "id": "M050034",
      "geometry": {
        "type": "Point",
        "coordinates": [
          -73.972426,
          40.757754
        ]
      },
      "properties": {
        "pops_number": "M050034",
        "address": "345 PARK AVENUE",
        "building_name": "",
        "public_space_type": "Plaza"
      }
    },
    {
      "type": "Feature",
      "id": "M080051",
      "geometry": {
        "type": "Point",
        "coordinates": [
          -73.951976,
          40.78099
        ]
      },
      "properties": {
        "pops_number": "M080051",
        "address": "200 EAST 90 STREET",
        "building_name": "",
        "public_space_type": "Plaza"
      }
    },
    {
      "type": "Feature",
      "id": "M060039",
      "geometry": {
        "type": "Point",
        "coordinates": [
          -73.973982,
          40.750107
        ]
      },
      "properties": {
        "pops_number": "M060039",
        "address": "212 EAST 42 STREET",
        "building_name": "New York Helmsley Hotel",
        "public_space_type": "Urban Plaza"
      }
    },
    {
      "type": "Feature",
      "id": "M050010",
      "geometry": {
        "type": "Point",
        "coordinates": [
          -73.98147,
          40.765474
        ]
      },
      "properties": {
        "pops_number": "M050010",
        "address": "211 WEST 56 STREET",
        "building_name": "Carnegie Mews",
        "public_space_type": "Plaza"
      }
    },
    {
      "type": "Feature",
      "id": "M060048",
      "geometry": {
        "type": "Point",
        "coordinates": [
          -73.971406,
          40.754219
        ]
      },
      "properties": {
        "pops_number": "M060048",
        "address": "767 THIRD AVENUE",
        "building_name": "",
        "public_space_type": "Arcade; Urban Plaza"
      }
    },
    {
      "type": "Feature",
      "id": "M060074",
      "geometry": {
        "type": "Point",
        "coordinates": [
          -73.96353,
          40.755676
        ]
      },
      "properties": {
        "pops_number": "M060074",
        "address": "420 EAST 54 STREET",
        "building_name": "River Tower",
        "public_space_type": "Residential Plaza"
      }
    },
    {
      "type": "Feature",
      "id": "M080072",
      "geometry": {
        "type": "Point",
        "coordinates": [
          -73.949394,
          40.772184
        ]
      },
      "properties": {
        "pops_number": "M080072",
        "address": "1520 YORK AVENUE",
        "building_name": "Caldwell",
        "public_space_type": "Plaza"
      }
    },
    {
      "type": "Feature",
      "id": "M060005",
      "geometry": {
        "type": "Point",
        "coordinates": [
          -73.979288,
          40.745895
        ]
      },
      "properties": {
        "pops_number": "M060005",
        "address": "150 EAST 34 STREET",
        "building_name": "Dumont Plaza",
        "public_space_type": "Residential Plaza"
      }
    },
    {
      "type": "Feature",
      "id": "M080010",
      "geometry": {
        "type": "Point",
        "coordinates": [
          -73.964081,
          40.764339
        ]
      },
      "properties": {
        "pops_number": "M080010",
        "address": "200 EAST 64 STREET",
        "building_name": "Carlton Towers",
        "public_space_type": "Plaza"
      }
    },
    {
      "type": "Feature",
      "id": "M070024",
      "geometry": {
        "type": "Point",
        "coordinates": [
          -73.982637,
          40.775276
        ]
      },
      "properties": {
        "pops_number": "M070024",
        "address": "1991 BROADWAY",
        "building_name": "Bel Canto",
        "public_space_type": "Covered Plaza"
      }
    },
    {
      "type": "Feature",
      "id": "M050075",
      "geometry": {
        "type": "Point",
        "coordinates": [
          -73.980893,
          40.762046
        ]
      },
      "properties": {
        "pops_number": "M050075",
        "address": "135 WEST 52 STREET",
        "building_name": "Flatotel",
        "public_space_type": "Through Block Galleria"
      }
    },
    {
      "type": "Feature",
      "id": "M010018",
      "geometry": {
        "type": "Point",
        "coordinates": [
          -74.011787,
          40.706021
        ]
      },
      "properties": {
        "pops_number": "M010018",
        "address": "40 BROAD STREET",
        "building_name": "",
        "public_space_type": "Arcade; Urban Plaza"
      }
    },
    {
      "type": "Feature",
      "id": "M010020",
      "geometry": {
        "type": "Point",
        "coordinates": [
          -74.013024,
          40.706855
        ]
      },
      "properties": {
        "pops_number": "M010020",
        "address": "55 BROADWAY",
        "building_name": "1 Exchange Plaza",
        "public_space_type": "Other Public Access Areas; Urban Plaza"
      }
    },
    {
      "type": "Feature",
      "id": "M060072",
      "geometry": {
        "type": "Point",
        "coordinates": [
          -73.964228,
          40.760167
        ]
      },
      "properties": {
        "pops_number": "M060072",
        "address": "300 EAST 59 STREET",
        "building_name": "Landmark",
        "public_space_type": "Arcade; Plaza"
      }
    },
    {
      "type": "Feature",
      "id": "M010031",
      "geometry": {
        "type": "Point",
        "coordinates": [
          -74.013878,
          40.702892
        ]
      },
      "properties": {
        "pops_number": "M010031",
        "address": "17 STATE STREET",
        "building_name": "",
        "public_space_type": "Arcade; Public Exhibit Space; Sidewalk Widening; Urban Plaza"
      }
    },
    {
      "type": "Feature",
      "id": "M050069",
      "geometry": {
        "type": "Point",
        "coordinates": [
          -73.986269,
          40.742383
        ]
      },
      "properties": {
        "pops_number": "M050069",
        "address": "41 MADISON AVENUE",
        "building_name": "New York Merchandise Mart",
        "public_space_type": "Arcade; Plaza"
      }
    },
    {
      "type": "Feature",
      "id": "M060088",
      "geometry": {
        "type": "Point",
        "coordinates": [
          -73.974948,
          40.752246
        ]
      },
      "properties": {
        "pops_number": "M060088",
        "address": "425 LEXINGTON AVENUE",
        "building_name": "",
        "public_space_type": "Urban Plaza"
      }
    },
    {
      "type": "Feature",
      "id": "M010053",
      "geometry": {
        "type": "Point",
        "coordinates": [
          -74.005677,
          40.71097
        ]
      },
      "properties": {
        "pops_number": "M010053",
        "address": "8 SPRUCE STREET",
        "building_name": "New York by Gehry",
        "public_space_type": "Non-Bonused Open Area; Porte Cochere; Urban Plaza"
      }
    },
    {
      "type": "Feature",
      "id": "M050090",
      "geometry": {
        "type": "Point",
        "coordinates": [
          -73.984645,
          40.757155
        ]
      },
      "properties": {
        "pops_number": "M050090",
        "address": "145 WEST 44 STREET",
        "building_name": "Millennium Broadway",
        "public_space_type": "Through Block Connection"
      }
    },
    {
      "type": "Feature",
      "id": "M070021",
      "geometry": {
        "type": "Point",
        "coordinates": [
          -73.981621,
          40.769108
        ]
      },
      "properties": {
        "pops_number": "M070021",
        "address": "1 CENTRAL PARK WEST",
        "building_name": "Trump International Hotel and Tower",
        "public_space_type": "Plaza"
      }
    },
    {
      "type": "Feature",
      "id": "M010003",
      "geometry": {
        "type": "Point",
        "coordinates": [
          -74.013389,
          40.709616
        ]
      },
      "properties": {
        "pops_number": "M010003",
        "address": "130 LIBERTY STREET",
        "building_name": "One Bankers Trust Plaza",
        "public_space_type": "Arcade; Elevated Plaza; Elevated Shopping Way; Pedestrian Bridge; Pedestrian Connection; Plaza; Shopping Arcade"
      }
    },
    {
      "type": "Feature",
      "id": "M080100",
      "geometry": {
        "type": "Point",
        "coordinates": [
          -73.960679,
          40.760375
        ]
      },
      "properties": {
        "pops_number": "M080100",
        "address": "401 EAST 60 STREET",
        "building_name": "Bridge Tower Place",
        "public_space_type": "Residential Plaza"
      }
    },
    {
      "type": "Feature",
      "id": "M050086",
      "geometry": {
        "type": "Point",
        "coordinates": [
          -73.972133,
          40.760886
        ]
      },
      "properties": {
        "pops_number": "M050086",
        "address": "65 EAST 55 STREET",
        "building_name": "Park Avenue Tower",
        "public_space_type": "Urban Plaza"
      }
    },
    {
      "type": "Feature",
      "id": "M050104",
      "geometry": {
        "type": "Point",
        "coordinates": [
          -73.985507,
          40.759977
        ]
      },
      "properties": {
        "pops_number": "M050104",
        "address": "1585 BROADWAY",
        "building_name": "Morgan Stanley Building",
        "public_space_type": "Through Block Connection"
      }
    },
    {
      "type": "Feature",
      "id": "M010008",
      "geometry": {
        "type": "Point",
        "coordinates": [
          -74.004736,
          40.70741
        ]
      },
      "properties": {
        "pops_number": "M010008",
        "address": "200 WATER STREET",
        "building_name": "",
        "public_space_type": "Arcade; Plaza"
      }
    },
    {
      "type": "Feature",
      "id": "M010030",
      "geometry": {
        "type": "Point",
        "coordinates": [
          -74.013301,
          40.70276
        ]
      },
      "properties": {
        "pops_number": "M010030",
        "address": "1 STATE STREET",
        "building_name": "1 State Street Plaza",
        "public_space_type": "Arcade; Plaza"
      }
    },
    {
      "type": "Feature",
      "id": "M070009",
      "geometry": {
        "type": "Point",
        "coordinates": [
          -73.978139,
          40.774012
        ]
      },
      "properties": {
        "pops_number": "M070009",
        "address": "80 CENTRAL PARK WEST",
        "building_name": "",
        "public_space_type": "Arcade; Plaza"
      }
    },
    {
      "type": "Feature",
      "id": "M070015",
      "geometry": {
        "type": "Point",
        "coordinates": [
          -73.981573,
          40.770769
        ]
      },
      "properties": {
        "pops_number": "M070015",
        "address": "1886 BROADWAY",
        "building_name": "30 Lincoln Plaza",
        "public_space_type": "Covered Plaza; Landscaped Plaza; Mandatory Arcade; Special Permit Arcade"
      }
    },
    {
      "type": "Feature",
      "id": "M010048",
      "geometry": {
        "type": "Point",
        "coordinates": [
          -74.005977,
          40.71582
        ]
      },
      "properties": {
        "pops_number": "M010048",
        "address": "105 DUANE STREET",
        "building_name": "Tribeca Tower",
        "public_space_type": "Residential Plaza"
      }
    },
    {
      "type": "Feature",
      "id": "M050024",
      "geometry": {
        "type": "Point",
        "coordinates": [
          -73.973277,
          40.76043
        ]
      },
      "properties": {
        "pops_number": "M050024",
        "address": "535 MADISON AVENUE",
        "building_name": "Warburg Dillon Read",
        "public_space_type": "Arcade; Urban Plaza"
      }
    },
    {
      "type": "Feature",
      "id": "M060091",
      "geometry": {
        "type": "Point",
        "coordinates": [
          -73.971413,
          40.747403
        ]
      },
      "properties": {
        "pops_number": "M060091",
        "address": "685 FIRST AVENUE",
        "building_name": "East River Realty North",
        "public_space_type": "Public Access Area"
      }
    },
    {
      "type": "Feature",
      "id": "M060003",
      "geometry": {
        "type": "Point",
        "coordinates": [
          -73.980112,
          40.744476
        ]
      },
      "properties": {
        "pops_number": "M060003",
        "address": "155 EAST 31 STREET",
        "building_name": "Windsor Court",
        "public_space_type": "Residential Plaza"
      }
    },
    {
      "type": "Feature",
      "id": "M060064",
      "geometry": {
        "type": "Point",
        "coordinates": [
          -73.970372,
          40.751775
        ]
      },
      "properties": {
        "pops_number": "M060064",
        "address": "301 EAST 45 STREET",
        "building_name": "Delegate",
        "public_space_type": "Plaza"
      }
    },
    {
      "type": "Feature",
      "id": "M010013",
      "geometry": {
        "type": "Point",
        "coordinates": [
          -74.006755,
          40.705244
        ]
      },
      "properties": {
        "pops_number": "M010013",
        "address": "100 WALL STREET",
        "building_name": "",
        "public_space_type": "Arcade; Plaza"
      }
    },
    {
      "type": "Feature",
      "id": "M010060",
      "geometry": {
        "type": "Point",
        "coordinates": [
          -74.006345,
          40.709112
        ]
      },
      "properties": {
        "pops_number": "M010060",
        "address": "130 WILLIAM STREET",
        "building_name": "",
        "public_space_type": "Public Plaza"
      }
    },
    {
      "type": "Feature",
      "id": "M010043",
      "geometry": {
        "type": "Point",
        "coordinates": [
          -74.014659,
          40.708631
        ]
      },
      "properties": {
        "pops_number": "M010043",
        "address": "40 RECTOR STREET",
        "building_name": "",
        "public_space_type": "Plaza"
      }
    },
    {
      "type": "Feature",
      "id": "M080012",
      "geometry": {
        "type": "Point",
        "coordinates": [
          -73.963557,
          40.764775
        ]
      },
      "properties": {
        "pops_number": "M080012",
        "address": "200 EAST 65 STREET",
        "building_name": "Bristol",
        "public_space_type": "Residential Plaza"
      }
    },
    {
      "type": "Feature",
      "id": "M050051",
      "geometry": {
        "type": "Point",
        "coordinates": [
          -73.986214,
          40.744642
        ]
      },
      "properties": {
        "pops_number": "M050051",
        "address": "10 EAST 29 STREET",
        "building_name": "Madison Belvedere",
        "public_space_type": "Residential Plaza"
      }
    },
    {
      "type": "Feature",
      "id": "M010037",
      "geometry": {
        "type": "Point",
        "coordinates": [
          -74.011003,
          40.720865
        ]
      },
      "properties": {
        "pops_number": "M010037",
        "address": "388 GREENWICH STREET",
        "building_name": "Salomon Smith Barney",
        "public_space_type": "Plaza; Public Plaza"
      }
    },
    {
      "type": "Feature",
      "id": "M080041",
      "geometry": {
        "type": "Point",
        "coordinates": [
          -73.956624,
          40.779485
        ]
      },
      "properties": {
        "pops_number": "M080041",
        "address": "111 EAST 85 STREET",
        "building_name": "",
        "public_space_type": "Arcade; Plaza"
      }
    },
    {
      "type": "Feature",
      "id": "M060038",
      "geometry": {
        "type": "Point",
        "coordinates": [
          -73.973675,
          40.74921
        ]
      },
      "properties": {
        "pops_number": "M060038",
        "address": "235 EAST 40 STREET",
        "building_name": "Vanderbilt",
        "public_space_type": "Residential Plaza"
      }
    },
    {
      "type": "Feature",
      "id": "M050091",
      "geometry": {
        "type": "Point",
        "coordinates": [
          -73.986197,
          40.758627
        ]
      },
      "properties": {
        "pops_number": "M050091",
        "address": "1535 BROADWAY",
        "building_name": "Marriott Marquis",
        "public_space_type": "Broadway Plaza; Covered Public Pedestrian Area; Interior Spaces; Shubert Alley Extension"
      }
    },
    {
      "type": "Feature",
      "id": "M080059",
      "geometry": {
        "type": "Point",
        "coordinates": [
          -73.950797,
          40.77861
        ]
      },
      "properties": {
        "pops_number": "M080059",
        "address": "301 EAST 87 STREET",
        "building_name": "Corniche",
        "public_space_type": "Plaza"
      }
    },
    {
      "type": "Feature",
      "id": "M040004",
      "geometry": {
        "type": "Point",
        "coordinates": [
          -73.986943,
          40.76223
        ]
      },
      "properties": {
        "pops_number": "M040004",
        "address": "825 EIGHTH AVENUE",
        "building_name": "One Worldwide Plaza",
        "public_space_type": "Elliptical Arcades; Plaza; Subway Access Areas"
      }
    },
    {
      "type": "Feature",
      "id": "M050067",
      "geometry": {
        "type": "Point",
        "coordinates": [
          -73.987874,
          40.747774
        ]
      },
      "properties": {
        "pops_number": "M050067",
        "address": "1250 BROADWAY",
        "building_name": "",
        "public_space_type": "Arcade; Plaza"
      }
    },
    {
      "type": "Feature",
      "id": "M050100",
      "geometry": {
        "type": "Point",
        "coordinates": [
          -73.98515,
          40.758432
        ]
      },
      "properties": {
        "pops_number": "M050100",
        "address": "1548 BROADWAY",
        "building_name": "Bertelsmann",
        "public_space_type": "Through Block Connection"
      }
    },
    {
      "type": "Feature",
      "id": "M050082",
      "geometry": {
        "type": "Point",
        "coordinates": [
          -73.983336,
          40.750812
        ]
      },
      "properties": {
        "pops_number": "M050082",
        "address": "420 FIFTH AVENUE",
        "building_name": "",
        "public_space_type": "Urban Plaza"
      }
    },
    {
      "type": "Feature",
      "id": "M050018",
      "geometry": {
        "type": "Point",
        "coordinates": [
          -73.973504,
          40.761462
        ]
      },
      "properties": {
        "pops_number": "M050018",
        "address": "550 MADISON AVENUE",
        "building_name": "Sony",
        "public_space_type": "Arcade; Covered Pedestrian Space"
      }
    },
    {
      "type": "Feature",
      "id": "M060020",
      "geometry": {
        "type": "Point",
        "coordinates": [
          -73.975684,
          40.744286
        ]
      },
      "properties": {
        "pops_number": "M060020",
        "address": "300 EAST 34 STREET",
        "building_name": "",
        "public_space_type": "Arcade; Plaza"
      }
    },
    {
      "type": "Feature",
      "id": "M060083",
      "geometry": {
        "type": "Point",
        "coordinates": [
          -73.978378,
          40.747756
        ]
      },
      "properties": {
        "pops_number": "M060083",
        "address": "137 EAST 36 STREET",
        "building_name": "Carlton Regency",
        "public_space_type": "Plaza"
      }
    },
    {
      "type": "Feature",
      "id": "M030001",
      "geometry": {
        "type": "Point",
        "coordinates": [
          -73.990168,
          40.730068
        ]
      },
      "properties": {
        "pops_number": "M030001",
        "address": "51 ASTOR PLACE",
        "building_name": "",
        "public_space_type": "Open Space"
      }
    },
    {
      "type": "Feature",
      "id": "M080102",
      "geometry": {
        "type": "Point",
        "coordinates": [
          -73.956228,
          40.755487
        ]
      },
      "properties": {
        "pops_number": "M080102",
        "address": "2 WEST LOOP ROAD",
        "building_name": "Cornell Tech",
        "public_space_type": "Public Access Area"
      }
    },
    {
      "type": "Feature",
      "id": "M060031",
      "geometry": {
        "type": "Point",
        "coordinates": [
          -73.970752,
          40.757866
        ]
      },
      "properties": {
        "pops_number": "M060031",
        "address": "599 LEXINGTON AVENUE",
        "building_name": "",
        "public_space_type": "Open Space and Sidewalk Widenings"
      }
    },
    {
      "type": "Feature",
      "id": "M080075",
      "geometry": {
        "type": "Point",
        "coordinates": [
          -73.963184,
          40.761347
        ]
      },
      "properties": {
        "pops_number": "M080075",
        "address": "303 EAST 60 STREET",
        "building_name": "Evansview",
        "public_space_type": "Residential Plaza"
      }
    },
    {
      "type": "Feature",
      "id": "M020004",
      "geometry": {
        "type": "Point",
        "coordinates": [
          -74.008596,
          40.738442
        ]
      },
      "properties": {
        "pops_number": "M020004",
        "address": "99 JANE STREET",
        "building_name": "",
        "public_space_type": "Park"
      }
    },
    {
      "type": "Feature",
      "id": "M060049",
      "geometry": {
        "type": "Point",
        "coordinates": [
          -73.971092,
          40.754712
        ]
      },
      "properties": {
        "pops_number": "M060049",
        "address": "777 THIRD AVENUE",
        "building_name": "",
        "public_space_type": "Arcade; Plaza"
      }
    },
    {
      "type": "Feature",
      "id": "M080019",
      "geometry": {
        "type": "Point",
        "coordinates": [
          -73.96279,
          40.762203
        ]
      },
      "properties": {
        "pops_number": "M080019",
        "address": "300 EAST 62 STREET",
        "building_name": "Paladin",
        "public_space_type": "Residential Plaza"
      }
    },
    {
      "type": "Feature",
      "id": "M010025",
      "geometry": {
        "type": "Point",
        "coordinates": [
          -74.009154,
          40.703183
        ]
      },
      "properties": {
        "pops_number": "M010025",
        "address": "55 WATER STREET",
        "building_name": "",
        "public_space_type": "Arcade; Elevated Plaza; Plaza"
      }
    },
    {
      "type": "Feature",
      "id": "M050003",
      "geometry": {
        "type": "Point",
        "coordinates": [
          -73.972435,
          40.763609
        ]
      },
      "properties": {
        "pops_number": "M050003",
        "address": "767 FIFTH AVENUE",
        "building_name": "General Motors Building",
        "public_space_type": "Arcade; Plaza"
      }
    },
    {
      "type": "Feature",
      "id": "M080001",
      "geometry": {
        "type": "Point",
        "coordinates": [
          -73.968648,
          40.762812
        ]
      },
      "properties": {
        "pops_number": "M080001",
        "address": "118 EAST 60 STREET",
        "building_name": "Plaza Tower",
        "public_space_type": "Plaza"
      }
    },
    {
      "type": "Feature",
      "id": "M060079",
      "geometry": {
        "type": "Point",
        "coordinates": [
          -73.97923,
          40.746466
        ]
      },
      "properties": {
        "pops_number": "M060079",
        "address": "243 LEXINGTON AVENUE",
        "building_name": "",
        "public_space_type": "Residential Plaza"
      }
    },
    {
      "type": "Feature",
      "id": "M060008",
      "geometry": {
        "type": "Point",
        "coordinates": [
          -73.979696,
          40.746873
        ]
      },
      "properties": {
        "pops_number": "M060008",
        "address": "132 EAST 35 STREET",
        "building_name": "Murray Hill House",
        "public_space_type": "Plaza"
      }
    },
    {
      "type": "Feature",
      "id": "M080054",
      "geometry": {
        "type": "Point",
        "coordinates": [
          -73.952306,
          40.773469
        ]
      },
      "properties": {
        "pops_number": "M080054",
        "address": "345 EAST 80 STREET",
        "building_name": "East Winds",
        "public_space_type": "Plaza"
      }
    },
    {
      "type": "Feature",
      "id": "M080085",
      "geometry": {
        "type": "Point",
        "coordinates": [
          -73.947598,
          40.782975
        ]
      },
      "properties": {
        "pops_number": "M080085",
        "address": "301 EAST 94 STREET",
        "building_name": "Marmara Manhattan",
        "public_space_type": "Residential Plaza"
      }
    },
    {
      "type": "Feature",
      "id": "M050008",
      "geometry": {
        "type": "Point",
        "coordinates": [
          -73.974991,
          40.763886
        ]
      },
      "properties": {
        "pops_number": "M050008",
        "address": "9 WEST 57 STREET",
        "building_name": "Solow",
        "public_space_type": "Arcade; Plaza"
      }
    },
    {
      "type": "Feature",
      "id": "M080027",
      "geometry": {
        "type": "Point",
        "coordinates": [
          -73.956792,
          40.76614
        ]
      },
      "properties": {
        "pops_number": "M080027",
        "address": "400 EAST 70 STREET",
        "building_name": "Kingsley",
        "public_space_type": "Residential Plaza"
      }
    },
    {
      "type": "Feature",
      "id": "M060014",
      "geometry": {
        "type": "Point",
        "coordinates": [
          -73.97964,
          40.740247
        ]
      },
      "properties": {
        "pops_number": "M060014",
        "address": "240 EAST 27 STREET",
        "building_name": "Parc East Tower Apartments",
        "public_space_type": "Mini-Park; Public Open Area"
      }
    },
    {
      "type": "Feature",
      "id": "M040011",
      "geometry": {
        "type": "Point",
        "coordinates": [
          -73.992669,
          40.753821
        ]
      },
      "properties": {
        "pops_number": "M040011",
        "address": "525 EIGHTH AVENUE",
        "building_name": "",
        "public_space_type": "Public Plaza"
      }
    },
    {
      "type": "Feature",
      "id": "M010055",
      "geometry": {
        "type": "Point",
        "coordinates": [
          -74.00597,
          40.710451
        ]
      },
      "properties": {
        "pops_number": "M010055",
        "address": "33 BEEKMAN STREET",
        "building_name": "",
        "public_space_type": "Public Plaza"
      }
    },
    {
      "type": "Feature",
      "id": "M060044",
      "geometry": {
        "type": "Point",
        "coordinates": [
          -73.970433,
          40.752857
        ]
      },
      "properties": {
        "pops_number": "M060044",
        "address": "240 EAST 47 STREET",
        "building_name": "Dag Hammarskjold Tower",
        "public_space_type": "Non-Bonused Space; Residential Plaza"
      }
    },
    {
      "type": "Feature",
      "id": "M060056",
      "geometry": {
        "type": "Point",
        "coordinates": [
          -73.967903,
          40.758299
        ]
      },
      "properties": {
        "pops_number": "M060056",
        "address": "909 THIRD AVENUE",
        "building_name": "",
        "public_space_type": "Arcade; Plaza"
      }
    },
    {
      "type": "Feature",
      "id": "M050063",
      "geometry": {
        "type": "Point",
        "coordinates": [
          -73.987566,
          40.754194
        ]
      },
      "properties": {
        "pops_number": "M050063",
        "address": "1411 BROADWAY",
        "building_name": "World Apparel Center",
        "public_space_type": "Arcade; Plaza"
      }
    },
    {
      "type": "Feature",
      "id": "M050112",
      "geometry": {
        "type": "Point",
        "coordinates": [
          -73.971797,
          40.7615
        ]
      },
      "properties": {
        "pops_number": "M050112",
        "address": "432 PARK AVENUE",
        "building_name": "432 Park Avenue",
        "public_space_type": "Public Plaza"
      }
    },
    {
      "type": "Feature",
      "id": "M050013",
      "geometry": {
        "type": "Point",
        "coordinates": [
          -73.976359,
          40.763549
        ]
      },
      "properties": {
        "pops_number": "M050013",
        "address": "40 WEST 57 STREET",
        "building_name": "",
        "public_space_type": "Plaza; Through Block Arcade"
      }
    },
    {
      "type": "Feature",
      "id": "M080035",
      "geometry": {
        "type": "Point",
        "coordinates": [
          -73.956669,
          40.782968
        ]
      },
      "properties": {
        "pops_number": "M080035",
        "address": "45 EAST 89 STREET",
        "building_name": "",
        "public_space_type": "Plaza"
      }
    },
    {
      "type": "Feature",
      "id": "M050036",
      "geometry": {
        "type": "Point",
        "coordinates": [
          -73.976804,
          40.75977
        ]
      },
      "properties": {
        "pops_number": "M050036",
        "address": "650 FIFTH AVENUE",
        "building_name": "",
        "public_space_type": "Cellar Floor Public Space; Covered Pedestrian Space"
      }
    },
    {
      "type": "Feature",
      "id": "M060087",
      "geometry": {
        "type": "Point",
        "coordinates": [
          -73.961984,
          40.75847
        ]
      },
      "properties": {
        "pops_number": "M060087",
        "address": "410 EAST 58 STREET",
        "building_name": "New Yorker East",
        "public_space_type": "Plaza"
      }
    },
    {
      "type": "Feature",
      "id": "M060024",
      "geometry": {
        "type": "Point",
        "coordinates": [
          -73.972838,
          40.748002
        ]
      },
      "properties": {
        "pops_number": "M060024",
        "address": "728 SECOND AVENUE",
        "building_name": "Churchill",
        "public_space_type": "Plaza"
      }
    },
    {
      "type": "Feature",
      "id": "M080004",
      "geometry": {
        "type": "Point",
        "coordinates": [
          -73.964843,
          40.764499
        ]
      },
      "properties": {
        "pops_number": "M080004",
        "address": "188 EAST 64 STREET",
        "building_name": "Royale",
        "public_space_type": "Residential Plaza"
      }
    },
    {
      "type": "Feature",
      "id": "M050041",
      "geometry": {
        "type": "Point",
        "coordinates": [
          -73.975394,
          40.75737
        ]
      },
      "properties": {
        "pops_number": "M050041",
        "address": "437 MADISON AVENUE",
        "building_name": "",
        "public_space_type": "Arcade; Plaza"
      }
    },
    {
      "type": "Feature",
      "id": "M070026",
      "geometry": {
        "type": "Point",
        "coordinates": [
          -73.987797,
          40.770898
        ]
      },
      "properties": {
        "pops_number": "M070026",
        "address": "200 WEST 60 STREET",
        "building_name": "Concerto",
        "public_space_type": "Public Open Space"
      }
    },
    {
      "type": "Feature",
      "id": "M060027",
      "geometry": {
        "type": "Point",
        "coordinates": [
          -73.9741,
          40.752748
        ]
      },
      "properties": {
        "pops_number": "M060027",
        "address": "140 EAST 45 STREET",
        "building_name": "Two Grand Central Tower",
        "public_space_type": "Arcade; Sidewalk Widening; Urban Plaza"
      }
    },
    {
      "type": "Feature",
      "id": "M060075",
      "geometry": {
        "type": "Point",
        "coordinates": [
          -73.964003,
          40.756003
        ]
      },
      "properties": {
        "pops_number": "M060075",
        "address": "400 EAST 54 STREET",
        "building_name": "Revere",
        "public_space_type": "Plaza"
      }
    },
    {
      "type": "Feature",
      "id": "M060045",
      "geometry": {
        "type": "Point",
        "coordinates": [
          -73.971659,
          40.753272
        ]
      },
      "properties": {
        "pops_number": "M060045",
        "address": "212 EAST 47 STREET",
        "building_name": "L'Ecole",
        "public_space_type": "Plaza"
      }
    },
    {
      "type": "Feature",
      "id": "M020012",
      "geometry": {
        "type": "Point",
        "coordinates": [
          -73.997954,
          40.726794
        ]
      },
      "properties": {
        "pops_number": "M020012",
        "address": "181 MERCER STREET",
        "building_name": "",
        "public_space_type": "Pedestrian Circulation Space; Public Plaza"
      }
    },
    {
      "type": "Feature",
      "id": "M050076",
      "geometry": {
        "type": "Point",
        "coordinates": [
          -73.975103,
          40.762294
        ]
      },
      "properties": {
        "pops_number": "M050076",
        "address": "712 FIFTH AVENUE",
        "building_name": "",
        "public_space_type": "Access Area; Exhibit Area; Pedestrian Circulation Space"
      }
    },
    {
      "type": "Feature",
      "id": "M010021",
      "geometry": {
        "type": "Point",
        "coordinates": [
          -74.012274,
          40.706485
        ]
      },
      "properties": {
        "pops_number": "M010021",
        "address": "52 BROADWAY",
        "building_name": "",
        "public_space_type": "Through Block Arcade Equivalent"
      }
    },
    {
      "type": "Feature",
      "id": "M050070",
      "geometry": {
        "type": "Point",
        "coordinates": [
          -73.988889,
          40.740794
        ]
      },
      "properties": {
        "pops_number": "M050070",
        "address": "5 EAST 22 STREET",
        "building_name": "Madison Green",
        "public_space_type": "Residential Plaza"
      }
    },
    {
      "type": "Feature",
      "id": "M080099",
      "geometry": {
        "type": "Point",
        "coordinates": [
          -73.968262,
          40.762669
        ]
      },
      "properties": {
        "pops_number": "M080099",
        "address": "750 LEXINGTON AVENUE",
        "building_name": "International Plaza",
        "public_space_type": "Plaza"
      }
    },
    {
      "type": "Feature",
      "id": "M060060",
      "geometry": {
        "type": "Point",
        "coordinates": [
          -73.969853,
          40.750285
        ]
      },
      "properties": {
        "pops_number": "M060060",
        "address": "3 UNITED NATIONS PLAZA",
        "building_name": "UNICEF House",
        "public_space_type": "Urban Plaza"
      }
    },
    {
      "type": "Feature",
      "id": "M060009",
      "geometry": {
        "type": "Point",
        "coordinates": [
          -73.976866,
          40.748093
        ]
      },
      "properties": {
        "pops_number": "M060009",
        "address": "560 THIRD AVENUE",
        "building_name": "Murray Hill Mews",
        "public_space_type": "Plaza"
      }
    },
    {
      "type": "Feature",
      "id": "M050017",
      "geometry": {
        "type": "Point",
        "coordinates": [
          -73.995362,
          40.747028
        ]
      },
      "properties": {
        "pops_number": "M050017",
        "address": "230 WEST 27 STREET",
        "building_name": "",
        "public_space_type": "Plaza"
      }
    },
    {
      "type": "Feature",
      "id": "M080050",
      "geometry": {
        "type": "Point",
        "coordinates": [
          -73.952402,
          40.78051
        ]
      },
      "properties": {
        "pops_number": "M080050",
        "address": "200 EAST 89 STREET",
        "building_name": "Monarch",
        "public_space_type": "Residential Plaza"
      }
    },
    {
      "type": "Feature",
      "id": "M050029",
      "geometry": {
        "type": "Point",
        "coordinates": [
          -73.982525,
          40.762913
        ]
      },
      "properties": {
        "pops_number": "M050029",
        "address": "810 SEVENTH AVENUE",
        "building_name": "",
        "public_space_type": "Plaza"
      }
    },
    {
      "type": "Feature",
      "id": "M080066",
      "geometry": {
        "type": "Point",
        "coordinates": [
          -73.949915,
          40.775565
        ]
      },
      "properties": {
        "pops_number": "M080066",
        "address": "401 EAST 84 STREET",
        "building_name": "Dunhill",
        "public_space_type": "Open Plaza"
      }
    },
    {
      "type": "Feature",
      "id": "M050108",
      "geometry": {
        "type": "Point",
        "coordinates": [
          -73.976742,
          40.761276
        ]
      },
      "properties": {
        "pops_number": "M050108",
        "address": "11 WEST 53 STREET",
        "building_name": "Museum of Modern Art",
        "public_space_type": "Building Entrance Recess Areas; Through Block Lobby"
      }
    },
    {
      "type": "Feature",
      "id": "M010034",
      "geometry": {
        "type": "Point",
        "coordinates": [
          -74.007693,
          40.703809
        ]
      },
      "properties": {
        "pops_number": "M010034",
        "address": "32 OLD SLIP",
        "building_name": "Financial Square",
        "public_space_type": "Arcade; Sidewalk Widening; Urban Plaza"
      }
    },
    {
      "type": "Feature",
      "id": "M010052",
      "geometry": {
        "type": "Point",
        "coordinates": [
          -74.014994,
          40.707761
        ]
      },
      "properties": {
        "pops_number": "M010052",
        "address": "50 WEST STREET",
        "building_name": "",
        "public_space_type": "Public Open Space"
      }
    },
    {
      "type": "Feature",
      "id": "M070020",
      "geometry": {
        "type": "Point",
        "coordinates": [
          -73.983295,
          40.769989
        ]
      },
      "properties": {
        "pops_number": "M070020",
        "address": "30 WEST 61 STREET",
        "building_name": "Beaumont",
        "public_space_type": "Additional Residential Plaza; Arcade; Residential Plaza"
      }
    },
    {
      "type": "Feature",
      "id": "M010004",
      "geometry": {
        "type": "Point",
        "coordinates": [
          -74.011257,
          40.709216
        ]
      },
      "properties": {
        "pops_number": "M010004",
        "address": "1 LIBERTY PLAZA",
        "building_name": "One Liberty Plaza",
        "public_space_type": "Open Area; Plaza"
      }
    },
    {
      "type": "Feature",
      "id": "M060092",
      "geometry": {
        "type": "Point",
        "coordinates": [
          -73.971941,
          40.744458
        ]
      },
      "properties": {
        "pops_number": "M060092",
        "address": "626 FIRST AVENUE",
        "building_name": "East River Realty South",
        "public_space_type": "Public Access Area"
      }
    },
    {
      "type": "Feature",
      "id": "M050058",
      "geometry": {
        "type": "Point",
        "coordinates": [
          -73.979798,
          40.753507
        ]
      },
      "properties": {
        "pops_number": "M050058",
        "address": "6 EAST 43 STREET",
        "building_name": "Emigrant Savings Bank",
        "public_space_type": "Plaza"
      }
    },
    {
      "type": "Feature",
      "id": "M040015",
      "geometry": {
        "type": "Point",
        "coordinates": [
          -73.999448,
          40.753045
        ]
      },
      "properties": {
        "pops_number": "M040015",
        "address": "450 WEST 33 STREET",
        "building_name": "",
        "public_space_type": "Public Access Area"
      }
    },
    {
      "type": "Feature",
      "id": "M080032",
      "geometry": {
        "type": "Point",
        "coordinates": [
          -73.96315,
          40.777261
        ]
      },
      "properties": {
        "pops_number": "M080032",
        "address": "985 FIFTH AVENUE",
        "building_name": "",
        "public_space_type": "Arcade; Plaza"
      }
    },
    {
      "type": "Feature",
      "id": "M060070",
      "geometry": {
        "type": "Point",
        "coordinates": [
          -73.963359,
          40.758202
        ]
      },
      "properties": {
        "pops_number": "M060070",
        "address": "360 EAST 57 STREET",
        "building_name": "Morrison",
        "public_space_type": "Plaza"
      }
    },
    {
      "type": "Feature",
      "id": "M080009",
      "geometry": {
        "type": "Point",
        "coordinates": [
          -73.965078,
          40.763016
        ]
      },
      "properties": {
        "pops_number": "M080009",
        "address": "200 EAST 62 STREET",
        "building_name": "Wellington Estates",
        "public_space_type": "Arcade; Plaza"
      }
    },
    {
      "type": "Feature",
      "id": "M010038",
      "geometry": {
        "type": "Point",
        "coordinates": [
          -74.008195,
          40.707363
        ]
      },
      "properties": {
        "pops_number": "M010038",
        "address": "10 LIBERTY STREET",
        "building_name": "Liberty Tower",
        "public_space_type": "Pedestrian Circulation Space; Urban Plaza"
      }
    },
    {
      "type": "Feature",
      "id": "M010056",
      "geometry": {
        "type": "Point",
        "coordinates": [
          -74.009794,
          40.713726
        ]
      },
      "properties": {
        "pops_number": "M010056",
        "address": "43 PARK PLACE",
        "building_name": "",
        "public_space_type": "Public Access Area; Public Plaza"
      }
    },
    {
      "type": "Feature",
      "id": "M050113",
      "geometry": {
        "type": "Point",
        "coordinates": [
          -73.989083,
          40.745677
        ]
      },
      "properties": {
        "pops_number": "M050113",
        "address": "1185 BROADWAY",
        "building_name": "",
        "public_space_type": "Public Plaza"
      }
    },
    {
      "type": "Feature",
      "id": "M050087",
      "geometry": {
        "type": "Point",
        "coordinates": [
          -73.976726,
          40.755469
        ]
      },
      "properties": {
        "pops_number": "M050087",
        "address": "383 MADISON AVENUE",
        "building_name": "Bear Stearns",
        "public_space_type": "Building Entrance Recess Area; New North End Access to 47th Street Cro; Off-Street Rail Mass Transit Access; Through Block Connection"
      }
    },
    {
      "type": "Feature",
      "id": "M050092",
      "geometry": {
        "type": "Point",
        "coordinates": [
          -73.980759,
          40.752999
        ]
      },
      "properties": {
        "pops_number": "M050092",
        "address": "489 FIFTH AVENUE",
        "building_name": "",
        "public_space_type": "Arcade"
      }
    },
    {
      "type": "Feature",
      "id": "M080036",
      "geometry": {
        "type": "Point",
        "coordinates": [
          -73.954963,
          40.785523
        ]
      },
      "properties": {
        "pops_number": "M080036",
        "address": "40 EAST 94 STREET",
        "building_name": "Carnegie Hill Tower",
        "public_space_type": "Access to Public Open Area; Public Open Area"
      }
    },
    {
      "type": "Feature",
      "id": "M010002",
      "geometry": {
        "type": "Point",
        "coordinates": [
          -74.012236,
          40.71451
        ]
      },
      "properties": {
        "pops_number": "M010002",
        "address": "101 BARCLAY STREET",
        "building_name": "",
        "public_space_type": "Pedestrian Easement; Public Lobby"
      }
    },
    {
      "type": "Feature",
      "id": "M080093",
      "geometry": {
        "type": "Point",
        "coordinates": [
          -73.946954,
          40.783875
        ]
      },
      "properties": {
        "pops_number": "M080093",
        "address": "1850 SECOND AVENUE",
        "building_name": "",
        "public_space_type": "Arcade"
      }
    },
    {
      "type": "Feature",
      "id": "M050033",
      "geometry": {
        "type": "Point",
        "coordinates": [
          -73.973671,
          40.759124
        ]
      },
      "properties": {
        "pops_number": "M050033",
        "address": "55 EAST 52 STREET",
        "building_name": "Park Avenue Plaza",
        "public_space_type": "Through Block Arcade"
      }
    },
    {
      "type": "Feature",
      "id": "M080044",
      "geometry": {
        "type": "Point",
        "coordinates": [
          -73.950341,
          40.784371
        ]
      },
      "properties": {
        "pops_number": "M080044",
        "address": "182 EAST 95 STREET",
        "building_name": "Highgate",
        "public_space_type": "Residential Plaza"
      }
    },
    {
      "type": "Feature",
      "id": "M080071",
      "geometry": {
        "type": "Point",
        "coordinates": [
          -73.948828,
          40.771028
        ]
      },
      "properties": {
        "pops_number": "M080071",
        "address": "515 EAST 79 STREET",
        "building_name": "Austen House",
        "public_space_type": "Residential Plaza"
      }
    },
    {
      "type": "Feature",
      "id": "M010017",
      "geometry": {
        "type": "Point",
        "coordinates": [
          -74.008858,
          40.704569
        ]
      },
      "properties": {
        "pops_number": "M010017",
        "address": "86 WATER STREET",
        "building_name": "10 Hanover Square",
        "public_space_type": "Plaza"
      }
    },
    {
      "type": "Feature",
      "id": "M080042",
      "geometry": {
        "type": "Point",
        "coordinates": [
          -73.956255,
          40.780871
        ]
      },
      "properties": {
        "pops_number": "M080042",
        "address": "1065 PARK AVENUE",
        "building_name": "Carlton Park",
        "public_space_type": "Arcade; Plaza"
      }
    },
    {
      "type": "Feature",
      "id": "M050062",
      "geometry": {
        "type": "Point",
        "coordinates": [
          -73.981752,
          40.751588
        ]
      },
      "properties": {
        "pops_number": "M050062",
        "address": "445 FIFTH AVENUE",
        "building_name": "Fifth Avenue Tower",
        "public_space_type": "Urban Plaza"
      }
    },
    {
      "type": "Feature",
      "id": "M010061",
      "geometry": {
        "type": "Point",
        "coordinates": [
          -74.001482,
          40.705442
        ]
      },
      "properties": {
        "pops_number": "M010061",
        "address": "95 SOUTH STREET",
        "building_name": "Pier 17",
        "public_space_type": "Public Access Area"
      }
    },
    {
      "type": "Feature",
      "id": "M050085",
      "geometry": {
        "type": "Point",
        "coordinates": [
          -73.97929,
          40.764719
        ]
      },
      "properties": {
        "pops_number": "M050085",
        "address": "146 WEST 57 STREET",
        "building_name": "Metropolitan Tower",
        "public_space_type": "Through Block Connection; Urban Plaza"
      }
    },
    {
      "type": "Feature",
      "id": "M080013",
      "geometry": {
        "type": "Point",
        "coordinates": [
          -73.96142,
          40.765598
        ]
      },
      "properties": {
        "pops_number": "M080013",
        "address": "265 EAST 66 STREET",
        "building_name": "",
        "public_space_type": "Plaza"
      }
    },
    {
      "type": "Feature",
      "id": "M050050",
      "geometry": {
        "type": "Point",
        "coordinates": [
          -73.974723,
          40.754626
        ]
      },
      "properties": {
        "pops_number": "M050050",
        "address": "245 PARK AVENUE",
        "building_name": "",
        "public_space_type": "Arcade; Plaza"
      }
    },
    {
      "type": "Feature",
      "id": "M010029",
      "geometry": {
        "type": "Point",
        "coordinates": [
          -74.012021,
          40.702153
        ]
      },
      "properties": {
        "pops_number": "M010029",
        "address": "1 NEW YORK PLAZA",
        "building_name": "",
        "public_space_type": "Arcade; Plaza"
      }
    },
    {
      "type": "Feature",
      "id": "M070014",
      "geometry": {
        "type": "Point",
        "coordinates": [
          -73.981407,
          40.771515
        ]
      },
      "properties": {
        "pops_number": "M070014",
        "address": "1 LINCOLN PLAZA",
        "building_name": "One Lincoln Plaza",
        "public_space_type": "Arcade; Plaza"
      }
    },
    {
      "type": "Feature",
      "id": "M060055",
      "geometry": {
        "type": "Point",
        "coordinates": [
          -73.968777,
          40.757885
        ]
      },
      "properties": {
        "pops_number": "M060055",
        "address": "885 THIRD AVENUE",
        "building_name": "",
        "public_space_type": "Pedestrian Circulation Space"
      }
    },
    {
      "type": "Feature",
      "id": "M060032",
      "geometry": {
        "type": "Point",
        "coordinates": [
          -73.970037,
          40.758398
        ]
      },
      "properties": {
        "pops_number": "M060032",
        "address": "153 EAST 53 STREET",
        "building_name": "Citigroup Center",
        "public_space_type": "Covered Pedestrian Space; Open Air Concourse; Plaza; Through Block Arcade"
      }
    },
    {
      "type": "Feature",
      "id": "M050004",
      "geometry": {
        "type": "Point",
        "coordinates": [
          -73.970356,
          40.762894
        ]
      },
      "properties": {
        "pops_number": "M050004",
        "address": "500 PARK AVENUE",
        "building_name": "500 Park Tower",
        "public_space_type": "Arcade; Sidewalk Widening; Urban Plaza"
      }
    },
    {
      "type": "Feature",
      "id": "M080076",
      "geometry": {
        "type": "Point",
        "coordinates": [
          -73.952478,
          40.765855
        ]
      },
      "properties": {
        "pops_number": "M080076",
        "address": "524 EAST 72 STREET",
        "building_name": "Belaire",
        "public_space_type": "Residential Plaza"
      }
    },
    {
      "type": "Feature",
      "id": "M040007",
      "geometry": {
        "type": "Point",
        "coordinates": [
          -73.985054,
          40.766509
        ]
      },
      "properties": {
        "pops_number": "M040007",
        "address": "330 WEST 56 STREET",
        "building_name": "",
        "public_space_type": "Arcade; Plaza"
      }
    },
    {
      "type": "Feature",
      "id": "M060002",
      "geometry": {
        "type": "Point",
        "coordinates": [
          -73.98057,
          40.742964
        ]
      },
      "properties": {
        "pops_number": "M060002",
        "address": "155 EAST 29 STREET",
        "building_name": "Biltmore Plaza",
        "public_space_type": "Plaza"
      }
    },
    {
      "type": "Feature",
      "id": "M060019",
      "geometry": {
        "type": "Point",
        "coordinates": [
          -73.973654,
          40.74854
        ]
      },
      "properties": {
        "pops_number": "M060019",
        "address": "250 EAST 40 STREET",
        "building_name": "Highpoint",
        "public_space_type": "Residential Plaza"
      }
    },
    {
      "type": "Feature",
      "id": "M050009",
      "geometry": {
        "type": "Point",
        "coordinates": [
          -73.976351,
          40.764458
        ]
      },
      "properties": {
        "pops_number": "M050009",
        "address": "58 WEST 58 STREET",
        "building_name": "",
        "public_space_type": "Arcade; Plaza"
      }
    },
    {
      "type": "Feature",
      "id": "M080086",
      "geometry": {
        "type": "Point",
        "coordinates": [
          -73.961762,
          40.767289
        ]
      },
      "properties": {
        "pops_number": "M080086",
        "address": "200 EAST 69 STREET",
        "building_name": "Trump Palace",
        "public_space_type": "Residential Plaza"
      }
    },
    {
      "type": "Feature",
      "id": "M080021",
      "geometry": {
        "type": "Point",
        "coordinates": [
          -73.961461,
          40.763976
        ]
      },
      "properties": {
        "pops_number": "M080021",
        "address": "304 EAST 65 STREET",
        "building_name": "Rio",
        "public_space_type": "Residential Plaza"
      }
    },
    {
      "type": "Feature",
      "id": "M010026",
      "geometry": {
        "type": "Point",
        "coordinates": [
          -74.010607,
          40.702266
        ]
      },
      "properties": {
        "pops_number": "M010026",
        "address": "125 BROAD STREET",
        "building_name": "2 New York Plaza",
        "public_space_type": "Arcade; Plaza"
      }
    },
    {
      "type": "Feature",
      "id": "M080002",
      "geometry": {
        "type": "Point",
        "coordinates": [
          -73.965768,
          40.763253
        ]
      },
      "properties": {
        "pops_number": "M080002",
        "address": "167 EAST 61 STREET",
        "building_name": "Trump Plaza",
        "public_space_type": "Residential Plaza"
      }
    },
    {
      "type": "Feature",
      "id": "M010012",
      "geometry": {
        "type": "Point",
        "coordinates": [
          -74.006355,
          40.70491
        ]
      },
      "properties": {
        "pops_number": "M010012",
        "address": "110 WALL STREET",
        "building_name": "",
        "public_space_type": "Arcade"
      }
    },
    {
      "type": "Feature",
      "id": "M060063",
      "geometry": {
        "type": "Point",
        "coordinates": [
          -73.969239,
          40.751336
        ]
      },
      "properties": {
        "pops_number": "M060063",
        "address": "333 EAST 45 STREET",
        "building_name": "Lausanne",
        "public_space_type": "Arcade; Plaza"
      }
    },
    {
      "type": "Feature",
      "id": "M050066",
      "geometry": {
        "type": "Point",
        "coordinates": [
          -73.982089,
          40.745402
        ]
      },
      "properties": {
        "pops_number": "M050066",
        "address": "475 PARK AVENUE SOUTH",
        "building_name": "",
        "public_space_type": "Arcade; Plaza"
      }
    },
    {
      "type": "Feature",
      "id": "M080060",
      "geometry": {
        "type": "Point",
        "coordinates": [
          -73.946704,
          40.781182
        ]
      },
      "properties": {
        "pops_number": "M080060",
        "address": "340 EAST 93 STREET",
        "building_name": "Plymouth Tower",
        "public_space_type": "Residential Plaza"
      }
    },
    {
      "type": "Feature",
      "id": "M050097",
      "geometry": {
        "type": "Point",
        "coordinates": [
          -73.982843,
          40.76052
        ]
      },
      "properties": {
        "pops_number": "M050097",
        "address": "745 SEVENTH AVENUE",
        "building_name": "",
        "public_space_type": "Public Plaza; Underground Passageway"
      }
    },
    {
      "type": "Feature",
      "id": "M010044",
      "geometry": {
        "type": "Point",
        "coordinates": [
          -74.01183,
          40.707121
        ]
      },
      "properties": {
        "pops_number": "M010044",
        "address": "1 WALL STREET",
        "building_name": "Bank of New York",
        "public_space_type": "Plaza"
      }
    },
    {
      "type": "Feature",
      "id": "M050081",
      "geometry": {
        "type": "Point",
        "coordinates": [
          -73.986092,
          40.760894
        ]
      },
      "properties": {
        "pops_number": "M050081",
        "address": "235 WEST 48 STREET",
        "building_name": "Ritz",
        "public_space_type": "Urban Plaza"
      }
    },
    {
      "type": "Feature",
      "id": "M050046",
      "geometry": {
        "type": "Point",
        "coordinates": [
          -73.974138,
          40.756014
        ]
      },
      "properties": {
        "pops_number": "M050046",
        "address": "299 PARK AVENUE",
        "building_name": "Westvaco",
        "public_space_type": "Arcade; Plaza"
      }
    },
    {
      "type": "Feature",
      "id": "M010009",
      "geometry": {
        "type": "Point",
        "coordinates": [
          -74.005544,
          40.706996
        ]
      },
      "properties": {
        "pops_number": "M010009",
        "address": "180 WATER STREET",
        "building_name": "",
        "public_space_type": "Arcade; Plaza"
      }
    },
    {
      "type": "Feature",
      "id": "M020003",
      "geometry": {
        "type": "Point",
        "coordinates": [
          -74.007923,
          40.728482
        ]
      },
      "properties": {
        "pops_number": "M020003",
        "address": "375 HUDSON STREET",
        "building_name": "Saatchi & Saatchi",
        "public_space_type": "Arcade; Plaza"
      }
    },
    {
      "type": "Feature",
      "id": "M050025",
      "geometry": {
        "type": "Point",
        "coordinates": [
          -73.974476,
          40.760258
        ]
      },
      "properties": {
        "pops_number": "M050025",
        "address": "520 MADISON AVENUE",
        "building_name": "",
        "public_space_type": "Sidewalk Widening; Urban Plaza"
      }
    },
    {
      "type": "Feature",
      "id": "M010047",
      "geometry": {
        "type": "Point",
        "coordinates": [
          -74.010244,
          40.71114
        ]
      },
      "properties": {
        "pops_number": "M010047",
        "address": "55 CHURCH STREET",
        "building_name": "Millenium Hilton Hotel",
        "public_space_type": "Sidewalk Widening; Urban Plaza"
      }
    },
    {
      "type": "Feature",
      "id": "M090001",
      "geometry": {
        "type": "Point",
        "coordinates": [
          -73.958615,
          40.817859
        ]
      },
      "properties": {
        "pops_number": "M090001",
        "address": "614 WEST 131 STREET",
        "building_name": "Manhattanville",
        "public_space_type": "Grove; Large Square; Midblock Open Area; Small Square"
      }
    },
    {
      "type": "Feature",
      "id": "M060037",
      "geometry": {
        "type": "Point",
        "coordinates": [
          -73.973343,
          40.748957
        ]
      },
      "properties": {
        "pops_number": "M060037",
        "address": "245 EAST 40 STREET",
        "building_name": "Marlborough",
        "public_space_type": "Arcade; Plaza"
      }
    },
    {
      "type": "Feature",
      "id": "M060050",
      "geometry": {
        "type": "Point",
        "coordinates": [
          -73.96906,
          40.754635
        ]
      },
      "properties": {
        "pops_number": "M060050",
        "address": "255 EAST 49 STREET",
        "building_name": "Sterling Plaza",
        "public_space_type": "Residential Plaza"
      }
    },
    {
      "type": "Feature",
      "id": "M060007",
      "geometry": {
        "type": "Point",
        "coordinates": [
          -73.980165,
          40.746892
        ]
      },
      "properties": {
        "pops_number": "M060007",
        "address": "115 EAST 34 STREET",
        "building_name": "Murray Hill",
        "public_space_type": "Plaza"
      }
    },
    {
      "type": "Feature",
      "id": "M060081",
      "geometry": {
        "type": "Point",
        "coordinates": [
          -73.961258,
          40.759066
        ]
      },
      "properties": {
        "pops_number": "M060081",
        "address": "418 EAST 59 STREET",
        "building_name": "Grand Sutton",
        "public_space_type": "Residential Plaza"
      }
    },
    {
      "type": "Feature",
      "id": "M080055",
      "geometry": {
        "type": "Point",
        "coordinates": [
          -73.952651,
          40.776028
        ]
      },
      "properties": {
        "pops_number": "M080055",
        "address": "303 EAST 83 STREET",
        "building_name": "Camargue",
        "public_space_type": "Plaza"
      }
    },
    {
      "type": "Feature",
      "id": "M030002",
      "geometry": {
        "type": "Point",
        "coordinates": [
          -73.993499,
          40.720604
        ]
      },
      "properties": {
        "pops_number": "M030002",
        "address": "189 BOWERY",
        "building_name": "citizenM Bowery",
        "public_space_type": "Public Plaza"
      }
    },
    {
      "type": "Feature",
      "id": "M060015",
      "geometry": {
        "type": "Point",
        "coordinates": [
          -73.97848,
          40.744616
        ]
      },
      "properties": {
        "pops_number": "M060015",
        "address": "200 EAST 33 STREET",
        "building_name": "Laurence Tower",
        "public_space_type": "Plaza"
      }
    },
    {
      "type": "Feature",
      "id": "M070011",
      "geometry": {
        "type": "Point",
        "coordinates": [
          -73.983233,
          40.774875
        ]
      },
      "properties": {
        "pops_number": "M070011",
        "address": "130 WEST 67 STREET",
        "building_name": "Toulaine",
        "public_space_type": "Arcade; Plaza"
      }
    },
    {
      "type": "Feature",
      "id": "M050059",
      "geometry": {
        "type": "Point",
        "coordinates": [
          -73.978305,
          40.751928
        ]
      },
      "properties": {
        "pops_number": "M050059",
        "address": "120 PARK AVENUE",
        "building_name": "Philip Morris",
        "public_space_type": "Arcade; Covered Pedestrian Space"
      }
    },
    {
      "type": "Feature",
      "id": "M070027",
      "geometry": {
        "type": "Point",
        "coordinates": [
          -73.989403,
          40.773792
        ]
      },
      "properties": {
        "pops_number": "M070027",
        "address": "75 WEST END AVENUE",
        "building_name": "West End Towers",
        "public_space_type": "Public Open Spaces"
      }
    },
    {
      "type": "Feature",
      "id": "M080014",
      "geometry": {
        "type": "Point",
        "coordinates": [
          -73.960813,
          40.766067
        ]
      },
      "properties": {
        "pops_number": "M080014",
        "address": "254 EAST 68 STREET",
        "building_name": "",
        "public_space_type": "Plaza"
      }
    },
    {
      "type": "Feature",
      "id": "M010022",
      "geometry": {
        "type": "Point",
        "coordinates": [
          -74.013266,
          40.706542
        ]
      },
      "properties": {
        "pops_number": "M010022",
        "address": "45 BROADWAY",
        "building_name": "45 Broadway Atrium",
        "public_space_type": "Arcade; Shopping Arcade"
      }
    },
    {
      "type": "Feature",
      "id": "M050077",
      "geometry": {
        "type": "Point",
        "coordinates": [
          -73.979954,
          40.765619
        ]
      },
      "properties": {
        "pops_number": "M050077",
        "address": "899 SEVENTH AVENUE",
        "building_name": "Carnegie Hall Tower",
        "public_space_type": "Through Block Connection"
      }
    },
    {
      "type": "Feature",
      "id": "M060067",
      "geometry": {
        "type": "Point",
        "coordinates": [
          -73.966399,
          40.756954
        ]
      },
      "properties": {
        "pops_number": "M060067",
        "address": "300 EAST 54 STREET",
        "building_name": "Connaught Tower",
        "public_space_type": "Park; Plaza"
      }
    },
    {
      "type": "Feature",
      "id": "M050053",
      "geometry": {
        "type": "Point",
        "coordinates": [
          -73.986439,
          40.757929
        ]
      },
      "properties": {
        "pops_number": "M050053",
        "address": "1515 BROADWAY",
        "building_name": "One Astor Place",
        "public_space_type": "Pedestrian Thoroughfare; Shubert Alley"
      }
    },
    {
      "type": "Feature",
      "id": "M010016",
      "geometry": {
        "type": "Point",
        "coordinates": [
          -74.008198,
          40.704226
        ]
      },
      "properties": {
        "pops_number": "M010016",
        "address": "77 WATER STREET",
        "building_name": "",
        "public_space_type": "Arcade; Plaza"
      }
    },
    {
      "type": "Feature",
      "id": "M010040",
      "geometry": {
        "type": "Point",
        "coordinates": [
          -74.007982,
          40.708659
        ]
      },
      "properties": {
        "pops_number": "M010040",
        "address": "59 MAIDEN LANE",
        "building_name": "",
        "public_space_type": "Arcade; Plaza"
      }
    },
    {
      "type": "Feature",
      "id": "M050103",
      "geometry": {
        "type": "Point",
        "coordinates": [
          -73.982199,
          40.750965
        ]
      },
      "properties": {
        "pops_number": "M050103",
        "address": "425 FIFTH AVENUE",
        "building_name": "",
        "public_space_type": "Pedestrian Circulation Space; Urban Plaza"
      }
    },
    {
      "type": "Feature",
      "id": "M050093",
      "geometry": {
        "type": "Point",
        "coordinates": [
          -73.983627,
          40.743374
        ]
      },
      "properties": {
        "pops_number": "M050093",
        "address": "407 PARK AVENUE SOUTH",
        "building_name": "Ascot",
        "public_space_type": "Residential Plaza"
      }
    },
    {
      "type": "Feature",
      "id": "M010005",
      "geometry": {
        "type": "Point",
        "coordinates": [
          -74.010117,
          40.70865
        ]
      },
      "properties": {
        "pops_number": "M010005",
        "address": "140 BROADWAY",
        "building_name": "",
        "public_space_type": "Plaza"
      }
    },
    {
      "type": "Feature",
      "id": "M060082",
      "geometry": {
        "type": "Point",
        "coordinates": [
          -73.972537,
          40.743838
        ]
      },
      "properties": {
        "pops_number": "M060082",
        "address": "401 EAST 34 STREET",
        "building_name": "Rivergate",
        "public_space_type": "Residential Plaza"
      }
    },
    {
      "type": "Feature",
      "id": "M080098",
      "geometry": {
        "type": "Point",
        "coordinates": [
          -73.955026,
          40.766853
        ]
      },
      "properties": {
        "pops_number": "M080098",
        "address": "422 EAST 72 STREET",
        "building_name": "Oxford",
        "public_space_type": "Residential Plaza"
      }
    },
    {
      "type": "Feature",
      "id": "M080003",
      "geometry": {
        "type": "Point",
        "coordinates": [
          -73.963201,
          40.777041
        ]
      },
      "properties": {
        "pops_number": "M080003",
        "address": "980 FIFTH AVENUE",
        "building_name": "",
        "public_space_type": "Plaza"
      }
    },
    {
      "type": "Feature",
      "id": "M060010",
      "geometry": {
        "type": "Point",
        "coordinates": [
          -73.975952,
          40.749359
        ]
      },
      "properties": {
        "pops_number": "M060010",
        "address": "600 THIRD AVENUE",
        "building_name": "",
        "public_space_type": "Arcade; Plaza"
      }
    },
    {
      "type": "Feature",
      "id": "M080031",
      "geometry": {
        "type": "Point",
        "coordinates": [
          -73.953899,
          40.76741
        ]
      },
      "properties": {
        "pops_number": "M080031",
        "address": "1365 YORK AVENUE",
        "building_name": "Somerset",
        "public_space_type": "Plaza"
      }
    },
    {
      "type": "Feature",
      "id": "M050012",
      "geometry": {
        "type": "Point",
        "coordinates": [
          -73.978481,
          40.764263
        ]
      },
      "properties": {
        "pops_number": "M050012",
        "address": "118 WEST 57 STREET",
        "building_name": "Le Parker Meridien Hotel",
        "public_space_type": "Plaza; Through Block Arcade"
      }
    },
    {
      "type": "Feature",
      "id": "M060041",
      "geometry": {
        "type": "Point",
        "coordinates": [
          -73.973331,
          40.751581
        ]
      },
      "properties": {
        "pops_number": "M060041",
        "address": "685 THIRD AVENUE",
        "building_name": "",
        "public_space_type": "Augmented Sidewalk; Vest Pocket Park"
      }
    },
    {
      "type": "Feature",
      "id": "M060046",
      "geometry": {
        "type": "Point",
        "coordinates": [
          -73.972049,
          40.75348
        ]
      },
      "properties": {
        "pops_number": "M060046",
        "address": "747 THIRD AVENUE",
        "building_name": "",
        "public_space_type": "Plaza"
      }
    },
    {
      "type": "Feature",
      "id": "M070019",
      "geometry": {
        "type": "Point",
        "coordinates": [
          -73.983711,
          40.769943
        ]
      },
      "properties": {
        "pops_number": "M070019",
        "address": "45 WEST 60 STREET",
        "building_name": "Regent",
        "public_space_type": "Residential Plaza"
      }
    },
    {
      "type": "Feature",
      "id": "M050032",
      "geometry": {
        "type": "Point",
        "coordinates": [
          -73.975317,
          40.759813
        ]
      },
      "properties": {
        "pops_number": "M050032",
        "address": "10 EAST 53 STREET",
        "building_name": "HarperCollins",
        "public_space_type": "Plaza; Through Block Arcade"
      }
    },
    {
      "type": "Feature",
      "id": "M080049",
      "geometry": {
        "type": "Point",
        "coordinates": [
          -73.95284,
          40.779615
        ]
      },
      "properties": {
        "pops_number": "M080049",
        "address": "201 EAST 87 STREET",
        "building_name": "Claridge House",
        "public_space_type": "Park; Plaza"
      }
    },
    {
      "type": "Feature",
      "id": "M060076",
      "geometry": {
        "type": "Point",
        "coordinates": [
          -73.963014,
          40.756151
        ]
      },
      "properties": {
        "pops_number": "M060076",
        "address": "415 EAST 54 STREET",
        "building_name": "St. James Tower",
        "public_space_type": "Residential Plaza"
      }
    },
    {
      "type": "Feature",
      "id": "M080070",
      "geometry": {
        "type": "Point",
        "coordinates": [
          -73.94598,
          40.778319
        ]
      },
      "properties": {
        "pops_number": "M080070",
        "address": "1725 YORK AVENUE",
        "building_name": "East River Towers",
        "public_space_type": "Plaza"
      }
    },
    {
      "type": "Feature",
      "id": "M020011",
      "geometry": {
        "type": "Point",
        "coordinates": [
          -73.997197,
          40.728076
        ]
      },
      "properties": {
        "pops_number": "M020011",
        "address": "133 BLEECKER STREET",
        "building_name": "NYU Core",
        "public_space_type": "Public Access Area"
      }
    },
    {
      "type": "Feature",
      "id": "M050109",
      "geometry": {
        "type": "Point",
        "coordinates": [
          -73.98486,
          40.747329
        ]
      },
      "properties": {
        "pops_number": "M050109",
        "address": "325 FIFTH AVENUE",
        "building_name": "",
        "public_space_type": "Residential Plaza"
      }
    },
    {
      "type": "Feature",
      "id": "M040014",
      "geometry": {
        "type": "Point",
        "coordinates": [
          -74.002841,
          40.753267
        ]
      },
      "properties": {
        "pops_number": "M040014",
        "address": "545 WEST 30 STREET",
        "building_name": "Hudson Yards Eastern Rail Yards Subarea A1",
        "public_space_type": "'Covered Pedestrian Space'; Public Access Area"
      }
    },
    {
      "type": "Feature",
      "id": "M070005",
      "geometry": {
        "type": "Point",
        "coordinates": [
          -73.978901,
          40.782916
        ]
      },
      "properties": {
        "pops_number": "M070005",
        "address": "200 WEST 79 STREET",
        "building_name": "Gloucester",
        "public_space_type": "Plaza"
      }
    },
    {
      "type": "Feature",
      "id": "M080037",
      "geometry": {
        "type": "Point",
        "coordinates": [
          -73.95736,
          40.77489
        ]
      },
      "properties": {
        "pops_number": "M080037",
        "address": "178 EAST 80 STREET",
        "building_name": "Kenilworth",
        "public_space_type": "Plaza"
      }
    },
    {
      "type": "Feature",
      "id": "M010033",
      "geometry": {
        "type": "Point",
        "coordinates": [
          -74.005879,
          40.706804
        ]
      },
      "properties": {
        "pops_number": "M010033",
        "address": "160 WATER STREET",
        "building_name": "",
        "public_space_type": "Arcade; Plaza"
      }
    },
    {
      "type": "Feature",
      "id": "M050071",
      "geometry": {
        "type": "Point",
        "coordinates": [
          -73.993043,
          40.737289
        ]
      },
      "properties": {
        "pops_number": "M050071",
        "address": "108 FIFTH AVENUE",
        "building_name": "",
        "public_space_type": "Residential Plaza"
      }
    },
    {
      "type": "Feature",
      "id": "M050115",
      "geometry": {
        "type": "Point",
        "coordinates": [
          -73.988671,
          40.747409
        ]
      },
      "properties": {
        "pops_number": "M050115",
        "address": "1241 BROADWAY",
        "building_name": "",
        "public_space_type": "Arcade"
      }
    },
    {
      "type": "Feature",
      "id": "M010057",
      "geometry": {
        "type": "Point",
        "coordinates": [
          -74.012593,
          40.715408
        ]
      },
      "properties": {
        "pops_number": "M010057",
        "address": "111 MURRAY STREET",
        "building_name": "One Eleven Murray Street",
        "public_space_type": "Public Plaza"
      }
    },
    {
      "type": "Feature",
      "id": "M010051",
      "geometry": {
        "type": "Point",
        "coordinates": [
          -74.013714,
          40.709161
        ]
      },
      "properties": {
        "pops_number": "M010051",
        "address": "123 WASHINGTON STREET",
        "building_name": "W Downtown Hotel & Residences",
        "public_space_type": "Urban Plaza"
      }
    },
    {
      "type": "Feature",
      "id": "M050088",
      "geometry": {
        "type": "Point",
        "coordinates": [
          -73.978013,
          40.760925
        ]
      },
      "properties": {
        "pops_number": "M050088",
        "address": "31 WEST 52 STREET",
        "building_name": "Deutsche Bank",
        "public_space_type": "Urban Plaza"
      }
    },
    {
      "type": "Feature",
      "id": "M060086",
      "geometry": {
        "type": "Point",
        "coordinates": [
          -73.981432,
          40.733602
        ]
      },
      "properties": {
        "pops_number": "M060086",
        "address": "353 EAST 17 STREET",
        "building_name": "Gilman Hall",
        "public_space_type": "Plaza"
      }
    },
    {
      "type": "Feature",
      "id": "M080089",
      "geometry": {
        "type": "Point",
        "coordinates": [
          -73.948251,
          40.78426
        ]
      },
      "properties": {
        "pops_number": "M080089",
        "address": "235 EAST 95 STREET",
        "building_name": "Normandie Court",
        "public_space_type": "Residential Plaza"
      }
    },
    {
      "type": "Feature",
      "id": "M040010",
      "geometry": {
        "type": "Point",
        "coordinates": [
          -73.991731,
          40.755262
        ]
      },
      "properties": {
        "pops_number": "M040010",
        "address": "585 EIGHTH AVENUE",
        "building_name": "",
        "public_space_type": "Public Plaza"
      }
    },
    {
      "type": "Feature",
      "id": "M050016",
      "geometry": {
        "type": "Point",
        "coordinates": [
          -73.971328,
          40.761495
        ]
      },
      "properties": {
        "pops_number": "M050016",
        "address": "450 PARK AVENUE",
        "building_name": "",
        "public_space_type": "Plaza"
      }
    },
    {
      "type": "Feature",
      "id": "M060059",
      "geometry": {
        "type": "Point",
        "coordinates": [
          -73.968588,
          40.753512
        ]
      },
      "properties": {
        "pops_number": "M060059",
        "address": "309 EAST 48 STREET",
        "building_name": "Libya House",
        "public_space_type": "Arcade; Plaza"
      }
    },
    {
      "type": "Feature",
      "id": "M060028",
      "geometry": {
        "type": "Point",
        "coordinates": [
          -73.972442,
          40.755138
        ]
      },
      "properties": {
        "pops_number": "M060028",
        "address": "141 EAST 48 STREET",
        "building_name": "Cosmopolitan",
        "public_space_type": "Pedestrian Circulation Space; Urban Plaza"
      }
    },
    {
      "type": "Feature",
      "id": "M080025",
      "geometry": {
        "type": "Point",
        "coordinates": [
          -73.956691,
          40.770262
        ]
      },
      "properties": {
        "pops_number": "M080025",
        "address": "300 EAST 75 STREET",
        "building_name": "Fairmont",
        "public_space_type": "Arcade; Landscaped Park; Plaza"
      }
    },
    {
      "type": "Feature",
      "id": "M080043",
      "geometry": {
        "type": "Point",
        "coordinates": [
          -73.955598,
          40.780796
        ]
      },
      "properties": {
        "pops_number": "M080043",
        "address": "115 EAST 87 STREET",
        "building_name": "Carnegie Towers",
        "public_space_type": "Plaza"
      }
    },
    {
      "type": "Feature",
      "id": "M050028",
      "geometry": {
        "type": "Point",
        "coordinates": [
          -73.982272,
          40.763512
        ]
      },
      "properties": {
        "pops_number": "M050028",
        "address": "1700 BROADWAY",
        "building_name": "",
        "public_space_type": "Plaza"
      }
    },
    {
      "type": "Feature",
      "id": "M080064",
      "geometry": {
        "type": "Point",
        "coordinates": [
          -73.951638,
          40.773206
        ]
      },
      "properties": {
        "pops_number": "M080064",
        "address": "401 EAST 80 STREET",
        "building_name": "",
        "public_space_type": "Residential Plaza"
      }
    },
    {
      "type": "Feature",
      "id": "M040001",
      "geometry": {
        "type": "Point",
        "coordinates": [
          -73.990491,
          40.770402
        ]
      },
      "properties": {
        "pops_number": "M040001",
        "address": "555 WEST 57 STREET",
        "building_name": "BMW",
        "public_space_type": "Arcade; Plaza"
      }
    },
    {
      "type": "Feature",
      "id": "M080008",
      "geometry": {
        "type": "Point",
        "coordinates": [
          -73.965591,
          40.762366
        ]
      },
      "properties": {
        "pops_number": "M080008",
        "address": "200 EAST 61 STREET",
        "building_name": "Savoy",
        "public_space_type": "Residential Plaza"
      }
    },
    {
      "type": "Feature",
      "id": "M060016",
      "geometry": {
        "type": "Point",
        "coordinates": [
          -73.97495,
          40.747289
        ]
      },
      "properties": {
        "pops_number": "M060016",
        "address": "240 EAST 38 STREET",
        "building_name": "",
        "public_space_type": "Arcade; Plaza"
      }
    },
    {
      "type": "Feature",
      "id": "M060023",
      "geometry": {
        "type": "Point",
        "coordinates": [
          -73.973221,
          40.747242
        ]
      },
      "properties": {
        "pops_number": "M060023",
        "address": "311 EAST 38 STREET",
        "building_name": "Whitney",
        "public_space_type": "Residential Plaza"
      }
    },
    {
      "type": "Feature",
      "id": "M080078",
      "geometry": {
        "type": "Point",
        "coordinates": [
          -73.947177,
          40.776355
        ]
      },
      "properties": {
        "pops_number": "M080078",
        "address": "455 EAST 86 STREET",
        "building_name": "Channel Club",
        "public_space_type": "Residential Plaza"
      }
    },
    {
      "type": "Feature",
      "id": "M060033",
      "geometry": {
        "type": "Point",
        "coordinates": [
          -73.969094,
          40.758703
        ]
      },
      "properties": {
        "pops_number": "M060033",
        "address": "900 THIRD AVENUE",
        "building_name": "",
        "public_space_type": "Sidewalk Widening"
      }
    },
    {
      "type": "Feature",
      "id": "M050005",
      "geometry": {
        "type": "Point",
        "coordinates": [
          -73.969605,
          40.76254
        ]
      },
      "properties": {
        "pops_number": "M050005",
        "address": "499 PARK AVENUE",
        "building_name": "",
        "public_space_type": "Glass-Enclosed Urban Plaza Equivalent; Open Urban Plaza Equivalent; Sidewalk Widening Equivalent; Through Block Arcade Equivalent"
      }
    }
  ]
}