{
  "type": "FeatureCollection",
  "features": [
    {
      "type": "Feature",
      "properties": {
        "neighborhood_id": "battery_park_city",
        "neighborhood": "Battery Park City",
        "target_stop_id": "138",
        "target_station": "WTC Cortlandt",
        "target_routes": "1",
        "network_distance_m": 532.3173097694525,
        "euclidean_distance_m": 352.5093893713121,
        "extra_distance_m": 179.80792039814042,
        "detour_ratio": 1.510079804452362,
        "estimated_walk_minutes": 6.653966372118157,
        "growth_pct": 21.2
      },
      "geometry": {
        "type": "MultiLineString",
        "coordinates": [
          [
            [
              -74.0163,
              40.7113
            ],
            [
              -74.016326,
              40.7111581
            ]
          ],
          [
            [
              -74.0163517,
              40.7110909
            ],
            [
              -74.0163456,
              40.7111068
            ],
            [
              -74.016326,
              40.7111581
            ]
          ],
          [
            [
              -74.0163517,
              40.7110909
            ],
            [
              -74.0161563,
              40.7110448
            ]
          ],
          [
            [
              -74.0160977,
              40.7111977
            ],
            [
              -74.0161092,
              40.7111686
            ],
            [
              -74.0161302,
              40.7111134
            ],
            [
              -74.01615,
              40.7110611
            ],
            [
              -74.0161563,
              40.7110448
            ]
          ],
          [
            [
              -74.0160977,
              40.7111977
            ],
            [
              -74.0159808,
              40.711503
            ]
          ],
          [
            [
              -74.0156906,
              40.7113833
            ],
            [
              -74.0157506,
              40.7114064
            ],
            [
              -74.0158521,
              40.7114496
            ],
            [
              -74.0159495,
              40.7114911
            ],
            [
              -74.0159808,
              40.711503
            ]
          ],
          [
            [
              -74.0155907,
              40.7116298
            ],
            [
              -74.0156016,
              40.7116004
            ],
            [
              -74.0156279,
              40.7115173
            ],
            [
              -74.0156558,
              40.7114289
            ],
            [
              -74.0156634,
              40.711411
            ],
            [
              -74.0156753,
              40.7113963
            ],
            [
              -74.0156906,
              40.7113833
            ]
          ],
          [
            [
              -74.0151261,
              40.711436
            ],
            [
              -74.0152263,
              40.7114756
            ],
            [
              -74.0153051,
              40.7115089
            ],
            [
              -74.0155907,
              40.7116298
            ]
          ],
          [
            [
              -74.0151261,
              40.711436
            ],
            [
              -74.014938,
              40.7113588
            ],
            [
              -74.0149004,
              40.7113496
            ],
            [
              -74.0148654,
              40.7113446
            ]
          ],
          [
            [
              -74.0146222,
              40.7112761
            ],
            [
              -74.0147187,
              40.7113212
            ],
            [
              -74.014734,
              40.7113269
            ],
            [
              -74.014758,
              40.7113325
            ],
            [
              -74.0147816,
              40.7113361
            ],
            [
              -74.0148173,
              40.7113396
            ],
            [
              -74.0148654,
              40.7113446
            ]
          ],
          [
            [
              -74.0146222,
              40.7112761
            ],
            [
              -74.0144864,
              40.7112122
            ],
            [
              -74.014433,
              40.7111871
            ],
            [
              -74.0143564,
              40.7111512
            ],
            [
              -74.0142613,
              40.7111065
            ],
            [
              -74.0142114,
              40.7110839
            ]
          ],
          [
            [
              -74.014201,
              40.7111436
            ],
            [
              -74.0142022,
              40.7111368
            ],
            [
              -74.0142043,
              40.7111249
            ],
            [
              -74.0142084,
              40.7111013
            ],
            [
              -74.0142114,
              40.7110839
            ]
          ],
          [
            [
              -74.0140774,
              40.7110921
            ],
            [
              -74.0141137,
              40.7111068
            ],
            [
              -74.0141149,
              40.7111072
            ],
            [
              -74.0141247,
              40.7111113
            ],
            [
              -74.0141265,
              40.7111121
            ],
            [
              -74.0141381,
              40.7111169
            ],
            [
              -74.0141398,
              40.7111176
            ],
            [
              -74.0141508,
              40.7111222
            ],
            [
              -74.014152,
              40.7111227
            ],
            [
              -74.014201,
              40.7111436
            ]
          ],
          [
            [
              -74.013634,
              40.7109066
            ],
            [
              -74.0140774,
              40.7110921
            ]
          ],
          [
            [
              -74.0132273,
              40.711451
            ],
            [
              -74.0132337,
              40.7114424
            ],
            [
              -74.0132479,
              40.7114234
            ],
            [
              -74.013257,
              40.7114112
            ],
            [
              -74.0132595,
              40.7114076
            ],
            [
              -74.0132676,
              40.7113967
            ],
            [
              -74.0132822,
              40.7113773
            ],
            [
              -74.0132985,
              40.7113557
            ],
            [
              -74.0132999,
              40.7113538
            ],
            [
              -74.0133134,
              40.7113358
            ],
            [
              -74.0133272,
              40.7113173
            ],
            [
              -74.0133424,
              40.7112969
            ],
            [
              -74.0133454,
              40.711293
            ],
            [
              -74.0133612,
              40.7112716
            ],
            [
              -74.0133753,
              40.7112526
            ],
            [
              -74.0134032,
              40.7112148
            ],
            [
              -74.0134057,
              40.7112119
            ],
            [
              -74.0134302,
              40.7111791
            ],
            [
              -74.0134445,
              40.71116
            ],
            [
              -74.013455,
              40.7111459
            ],
            [
              -74.0134568,
              40.7111434
            ],
            [
              -74.0134676,
              40.711129
            ],
            [
              -74.0134823,
              40.7111094
            ],
            [
              -74.0134958,
              40.7110913
            ],
            [
              -74.0134976,
              40.7110892
            ],
            [
              -74.0135123,
              40.7110694
            ],
            [
              -74.0135262,
              40.7110507
            ],
            [
              -74.0135355,
              40.7110384
            ],
            [
              -74.0135372,
              40.7110359
            ],
            [
              -74.0135466,
              40.7110235
            ],
            [
              -74.0135604,
              40.7110049
            ],
            [
              -74.0135693,
              40.710993
            ],
            [
              -74.0135715,
              40.7109904
            ],
            [
              -74.0135806,
              40.7109782
            ],
            [
              -74.0135947,
              40.7109592
            ],
            [
              -74.013604,
              40.7109468
            ],
            [
              -74.0136058,
              40.7109444
            ],
            [
              -74.0136149,
              40.7109322
            ],
            [
              -74.013629,
              40.7109134
            ],
            [
              -74.013634,
              40.7109066
            ]
          ],
          [
            [
              -74.0132273,
              40.711451
            ],
            [
              -74.0132244,
              40.7114549
            ],
            [
              -74.0132226,
              40.7114572
            ],
            [
              -74.0132136,
              40.7114692
            ],
            [
              -74.0131996,
              40.7114879
            ],
            [
              -74.0131911,
              40.7114993
            ],
            [
              -74.0131892,
              40.7115019
            ],
            [
              -74.0131796,
              40.7115149
            ],
            [
              -74.0131724,
              40.7115244
            ]
          ],
          [
            [
              -74.0131724,
              40.7115244
            ],
            [
              -74.0131657,
              40.7115334
            ],
            [
              -74.0131527,
              40.7115509
            ],
            [
              -74.0131378,
              40.7115708
            ],
            [
              -74.0131238,
              40.7115895
            ],
            [
              -74.0131117,
              40.7116058
            ],
            [
              -74.013098,
              40.711624
            ],
            [
              -74.0130837,
              40.7116432
            ],
            [
              -74.0130719,
              40.711659
            ],
            [
              -74.0130602,
              40.7116747
            ],
            [
              -74.0130462,
              40.7116934
            ],
            [
              -74.0130346,
              40.7117089
            ],
            [
              -74.0130284,
              40.7117172
            ]
          ],
          [
            [
              -74.0130284,
              40.7117172
            ],
            [
              -74.0130013,
              40.7117056
            ],
            [
              -74.0129534,
              40.71169
            ],
            [
              -74.0129285,
              40.7116853
            ],
            [
              -74.0128914,
              40.7116799
            ],
            [
              -74.0128457,
              40.7116759
            ],
            [
              -74.0128223,
              40.7116751
            ],
            [
              -74.0127998,
              40.711675
            ],
            [
              -74.0127558,
              40.7116759
            ],
            [
              -74.0127032,
              40.711677
            ],
            [
              -74.012608,
              40.711679
            ],
            [
              -74.0125538,
              40.7116802
            ],
            [
              -74.0124321,
              40.7116827
            ],
            [
              -74.0124221,
              40.7116829
            ]
          ],
          [
            [
              -74.0124221,
              40.7116829
            ],
            [
              -74.0123764,
              40.7116839
            ],
            [
              -74.0122359,
              40.7116868
            ]
          ],
          [
            [
              -74.0122359,
              40.7116868
            ],
            [
              -74.012188,
              40.711835
            ]
          ]
        ]
      }
    },
    {
      "type": "Feature",
      "properties": {
        "neighborhood_id": "central_harlem",
        "neighborhood": "Central Harlem",
        "target_stop_id": "225",
        "target_station": "125 St",
        "target_routes": "2 3",
        "network_distance_m": 727.556667447253,
        "euclidean_distance_m": 440.8529213741538,
        "extra_distance_m": 286.7037460730991,
        "detour_ratio": 1.6503387687200384,
        "estimated_walk_minutes": 9.094458343090661,
        "growth_pct": 44.0
      },
      "geometry": {
        "type": "MultiLineString",
        "coordinates": [
          [
            [
              -73.9442,
              40.8116
            ],
            [
              -73.945072,
              40.8120329
            ]
          ],
          [
            [
              -73.9451873,
              40.8118672
            ],
            [
              -73.945072,
              40.8120329
            ]
          ],
          [
            [
              -73.9451873,
              40.8118672
            ],
            [
              -73.9433109,
              40.8110733
            ]
          ],
          [
            [
              -73.9433515,
              40.8110161
            ],
            [
              -73.9433109,
              40.8110733
            ]
          ],
          [
            [
              -73.9433515,
              40.8110161
            ],
            [
              -73.9433889,
              40.8109633
            ]
          ],
          [
            [
              -73.9437597,
              40.8104501
            ],
            [
              -73.9433889,
              40.8109633
            ]
          ],
          [
            [
              -73.9438012,
              40.810392
            ],
            [
              -73.9437597,
              40.8104501
            ]
          ],
          [
            [
              -73.9438012,
              40.810392
            ],
            [
              -73.9438344,
              40.8103455
            ]
          ],
          [
            [
              -73.9442006,
              40.8098274
            ],
            [
              -73.9438344,
              40.8103455
            ]
          ],
          [
            [
              -73.9442006,
              40.8098274
            ],
            [
              -73.9442153,
              40.8098065
            ],
            [
              -73.9442448,
              40.8097606
            ]
          ],
          [
            [
              -73.9442448,
              40.8097606
            ],
            [
              -73.9442659,
              40.8097277
            ],
            [
              -73.9442784,
              40.8097068
            ]
          ],
          [
            [
              -73.944202,
              40.8096749
            ],
            [
              -73.9442531,
              40.8096961
            ],
            [
              -73.9442784,
              40.8097068
            ]
          ],
          [
            [
              -73.944573,
              40.8091648
            ],
            [
              -73.944202,
              40.8096749
            ]
          ],
          [
            [
              -73.944573,
              40.8091648
            ],
            [
              -73.9446164,
              40.8091051
            ]
          ],
          [
            [
              -73.9446611,
              40.8090446
            ],
            [
              -73.9446164,
              40.8091051
            ]
          ],
          [
            [
              -73.9450316,
              40.8085426
            ],
            [
              -73.9446611,
              40.8090446
            ]
          ],
          [
            [
              -73.944882,
              40.8084789
            ],
            [
              -73.9450316,
              40.8085426
            ]
          ],
          [
            [
              -73.944882,
              40.8084789
            ],
            [
              -73.9449268,
              40.8084187
            ]
          ],
          [
            [
              -73.944964,
              40.8083659
            ],
            [
              -73.9449268,
              40.8084187
            ]
          ],
          [
            [
              -73.944964,
              40.8083659
            ],
            [
              -73.9450493,
              40.8082456
            ],
            [
              -73.9453335,
              40.8078552
            ]
          ],
          [
            [
              -73.9453335,
              40.8078552
            ],
            [
              -73.9454127,
              40.8077463
            ]
          ],
          [
            [
              -73.9454127,
              40.8077463
            ],
            [
              -73.945495,
              40.807754
            ]
          ]
        ]
      }
    },
    {
      "type": "Feature",
      "properties": {
        "neighborhood_id": "central_park_south",
        "neighborhood": "Central Park South",
        "target_stop_id": "125",
        "target_station": "59 St-Columbus Circle",
        "target_routes": "1 2",
        "network_distance_m": 265.9456159585946,
        "euclidean_distance_m": 240.39960312267073,
        "extra_distance_m": 25.546012835923875,
        "detour_ratio": 1.1062647878952125,
        "estimated_walk_minutes": 3.3243201994824325,
        "growth_pct": 68.9
      },
      "geometry": {
        "type": "MultiLineString",
        "coordinates": [
          [
            [
              -73.9797,
              40.7669
            ],
            [
              -73.9797345,
              40.7670328
            ]
          ],
          [
            [
              -73.9797345,
              40.7670328
            ],
            [
              -73.981193,
              40.7676558
            ]
          ],
          [
            [
              -73.981193,
              40.7676558
            ],
            [
              -73.9813151,
              40.7677084
            ]
          ],
          [
            [
              -73.9813151,
              40.7677084
            ],
            [
              -73.9813053,
              40.7677179
            ],
            [
              -73.9812745,
              40.7677533
            ],
            [
              -73.9812494,
              40.7677821
            ],
            [
              -73.9812384,
              40.767796
            ]
          ],
          [
            [
              -73.9812384,
              40.767796
            ],
            [
              -73.9813666,
              40.7678504
            ],
            [
              -73.9813775,
              40.767855
            ],
            [
              -73.9814435,
              40.7678827
            ]
          ],
          [
            [
              -73.9817881,
              40.7680302
            ],
            [
              -73.9815596,
              40.7679317
            ],
            [
              -73.9814435,
              40.7678827
            ]
          ],
          [
            [
              -73.9819228,
              40.7681586
            ],
            [
              -73.9818923,
              40.7681625
            ],
            [
              -73.9818616,
              40.7681601
            ],
            [
              -73.9818328,
              40.7681517
            ],
            [
              -73.9818079,
              40.7681379
            ],
            [
              -73.9817887,
              40.7681196
            ],
            [
              -73.9817766,
              40.7680981
            ],
            [
              -73.9817723,
              40.768075
            ],
            [
              -73.9817762,
              40.7680518
            ],
            [
              -73.9817881,
              40.7680302
            ]
          ],
          [
            [
              -73.9819228,
              40.7681586
            ],
            [
              -73.981929,
              40.768247
            ]
          ]
        ]
      }
    },
    {
      "type": "Feature",
      "properties": {
        "neighborhood_id": "chelsea",
        "neighborhood": "Chelsea",
        "target_stop_id": "A30",
        "target_station": "23 St",
        "target_routes": "A C E",
        "network_distance_m": 328.9050739060081,
        "euclidean_distance_m": 291.25817868303716,
        "extra_distance_m": 37.646895222970954,
        "detour_ratio": 1.1292560964062759,
        "estimated_walk_minutes": 4.111313423825101,
        "growth_pct": 46.0
      },
      "geometry": {
        "type": "MultiLineString",
        "coordinates": [
          [
            [
              -74.0014,
              40.7465
            ],
            [
              -74.0013497,
              40.7465212
            ]
          ],
          [
            [
              -74.0011823,
              40.7464508
            ],
            [
              -74.0013497,
              40.7465212
            ]
          ],
          [
            [
              -74.0011823,
              40.7464508
            ],
            [
              -73.9996118,
              40.7457871
            ]
          ],
          [
            [
              -73.9995593,
              40.7458596
            ],
            [
              -73.9996118,
              40.7457871
            ]
          ],
          [
            [
              -73.9995593,
              40.7458596
            ],
            [
              -73.9995276,
              40.7459034
            ],
            [
              -73.999408,
              40.7460666
            ],
            [
              -73.9993975,
              40.746081
            ]
          ],
          [
            [
              -73.9993975,
              40.746081
            ],
            [
              -73.9992008,
              40.7460067
            ],
            [
              -73.9991119,
              40.7459792
            ],
            [
              -73.9990003,
              40.7459669
            ],
            [
              -73.9988674,
              40.7459576
            ],
            [
              -73.9986527,
              40.7459617
            ],
            [
              -73.9984468,
              40.7459708
            ],
            [
              -73.9983268,
              40.7459582
            ],
            [
              -73.9982023,
              40.7459414
            ]
          ],
          [
            [
              -73.9982023,
              40.7459414
            ],
            [
              -73.9981204,
              40.7459328
            ],
            [
              -73.9980369,
              40.7459015
            ]
          ],
          [
            [
              -73.9980369,
              40.7459015
            ],
            [
              -73.998041,
              40.745906
            ]
          ]
        ]
      }
    },
    {
      "type": "Feature",
      "properties": {
        "neighborhood_id": "chinatown",
        "neighborhood": "Chinatown",
        "target_stop_id": "M20",
        "target_station": "Canal St",
        "target_routes": "J Z",
        "network_distance_m": 476.1764819921284,
        "euclidean_distance_m": 364.7408366726558,
        "extra_distance_m": 111.4356453194726,
        "detour_ratio": 1.3055200682655745,
        "estimated_walk_minutes": 5.952206024901605,
        "growth_pct": 56.4
      },
      "geometry": {
        "type": "MultiLineString",
        "coordinates": [
          [
            [
              -73.9968,
              40.7158
            ],
            [
              -73.9966142,
              40.7156914
            ]
          ],
          [
            [
              -73.9966142,
              40.7156914
            ],
            [
              -73.9965981,
              40.7156856
            ]
          ],
          [
            [
              -73.9965981,
              40.7156856
            ],
            [
              -73.9963125,
              40.7161604
            ]
          ],
          [
            [
              -73.9970035,
              40.7164127
            ],
            [
              -73.9963125,
              40.7161604
            ]
          ],
          [
            [
              -73.9971017,
              40.716464
            ],
            [
              -73.9970567,
              40.7164394
            ],
            [
              -73.9970208,
              40.7164198
            ],
            [
              -73.997018,
              40.7164186
            ],
            [
              -73.9970035,
              40.7164127
            ]
          ],
          [
            [
              -73.9971017,
              40.716464
            ],
            [
              -73.9970433,
              40.7165704
            ],
            [
              -73.996991,
              40.7166656
            ],
            [
              -73.996982,
              40.7166798
            ]
          ],
          [
            [
              -73.9976377,
              40.7169107
            ],
            [
              -73.996982,
              40.7166798
            ]
          ],
          [
            [
              -73.9976572,
              40.7169071
            ],
            [
              -73.9976456,
              40.7169092
            ],
            [
              -73.9976377,
              40.7169107
            ]
          ],
          [
            [
              -73.9976572,
              40.7169071
            ],
            [
              -73.9977039,
              40.7169275
            ],
            [
              -73.9977445,
              40.7169453
            ],
            [
              -73.9977659,
              40.7169527
            ]
          ],
          [
            [
              -73.9977659,
              40.7169527
            ],
            [
              -73.9984646,
              40.7171931
            ]
          ],
          [
            [
              -73.9984646,
              40.7171931
            ],
            [
              -73.9984833,
              40.7171995
            ],
            [
              -73.9985323,
              40.7172148
            ],
            [
              -73.9985721,
              40.7172273
            ],
            [
              -73.9985908,
              40.7172337
            ]
          ],
          [
            [
              -73.9985908,
              40.7172337
            ],
            [
              -73.9986811,
              40.7172639
            ],
            [
              -73.9987203,
              40.7172802
            ],
            [
              -73.9987543,
              40.7173005
            ],
            [
              -73.9991925,
              40.7176253
            ]
          ],
          [
            [
              -73.9992987,
              40.7176847
            ],
            [
              -73.9992461,
              40.7176563
            ],
            [
              -73.9992094,
              40.7176365
            ],
            [
              -73.9991925,
              40.7176253
            ]
          ],
          [
            [
              -73.9992987,
              40.7176847
            ],
            [
              -73.9992984,
              40.7176988
            ]
          ],
          [
            [
              -73.999807,
              40.7180592
            ],
            [
              -73.9992984,
              40.7176988
            ]
          ],
          [
            [
              -73.999807,
              40.7180592
            ],
            [
              -73.999892,
              40.718092
            ]
          ]
        ]
      }
    },
    {
      "type": "Feature",
      "properties": {
        "neighborhood_id": "east_harlem",
        "neighborhood": "East Harlem",
        "target_stop_id": "623",
        "target_station": "110 St",
        "target_routes": "4 6 6X",
        "network_distance_m": 332.10678042360155,
        "euclidean_distance_m": 212.21666419152825,
        "extra_distance_m": 119.8901162320733,
        "detour_ratio": 1.5649420449087397,
        "estimated_walk_minutes": 4.15133475529502,
        "growth_pct": 32.7
      },
      "geometry": {
        "type": "MultiLineString",
        "coordinates": [
          [
            [
              -73.9419,
              40.7957
            ],
            [
              -73.9421297,
              40.7956992
            ]
          ],
          [
            [
              -73.9424621,
              40.7958378
            ],
            [
              -73.9421297,
              40.7956992
            ]
          ],
          [
            [
              -73.9424621,
              40.7958378
            ],
            [
              -73.9425206,
              40.7957584
            ]
          ],
          [
            [
              -73.9425206,
              40.7957584
            ],
            [
              -73.94335,
              40.7961151
            ]
          ],
          [
            [
              -73.9433992,
              40.7960426
            ],
            [
              -73.94335,
              40.7961151
            ]
          ],
          [
            [
              -73.9433992,
              40.7960426
            ],
            [
              -73.9434488,
              40.7959806
            ]
          ],
          [
            [
              -73.9438258,
              40.7954611
            ],
            [
              -73.9434488,
              40.7959806
            ]
          ],
          [
            [
              -73.9438258,
              40.7954611
            ],
            [
              -73.9438616,
              40.7954143
            ]
          ],
          [
            [
              -73.9438616,
              40.7954143
            ],
            [
              -73.9439488,
              40.7954494
            ]
          ],
          [
            [
              -73.9439957,
              40.7953842
            ],
            [
              -73.9439488,
              40.7954494
            ]
          ],
          [
            [
              -73.9443716,
              40.7948706
            ],
            [
              -73.9439957,
              40.7953842
            ]
          ],
          [
            [
              -73.9443716,
              40.7948706
            ],
            [
              -73.94425,
              40.79502
            ]
          ]
        ]
      }
    },
    {
      "type": "Feature",
      "properties": {
        "neighborhood_id": "east_village",
        "neighborhood": "East Village",
        "target_stop_id": "L06",
        "target_station": "1 Av",
        "target_routes": "L",
        "network_distance_m": 732.2307194423018,
        "euclidean_distance_m": 533.5563176252599,
        "extra_distance_m": 198.67440181704194,
        "detour_ratio": 1.3723588218415206,
        "estimated_walk_minutes": 9.152883993028773,
        "growth_pct": 59.1
      },
      "geometry": {
        "type": "MultiLineString",
        "coordinates": [
          [
            [
              -73.984,
              40.7265
            ],
            [
              -73.9835886,
              40.7261673
            ]
          ],
          [
            [
              -73.9835886,
              40.7261673
            ],
            [
              -73.9832372,
              40.7266572
            ]
          ],
          [
            [
              -73.9832372,
              40.7266572
            ],
            [
              -73.9831983,
              40.7267115
            ],
            [
              -73.9831531,
              40.7267745
            ]
          ],
          [
            [
              -73.9828054,
              40.7272527
            ],
            [
              -73.9831531,
              40.7267745
            ]
          ],
          [
            [
              -73.9827222,
              40.7273747
            ],
            [
              -73.9827605,
              40.7273186
            ],
            [
              -73.9828054,
              40.7272527
            ]
          ],
          [
            [
              -73.9827222,
              40.7273747
            ],
            [
              -73.9823789,
              40.72784
            ]
          ],
          [
            [
              -73.9822904,
              40.72796
            ],
            [
              -73.9823425,
              40.7278894
            ],
            [
              -73.9823789,
              40.72784
            ]
          ],
          [
            [
              -73.9819223,
              40.7284424
            ],
            [
              -73.9822904,
              40.72796
            ]
          ],
          [
            [
              -73.9818501,
              40.7285391
            ],
            [
              -73.9818887,
              40.7284874
            ],
            [
              -73.9819223,
              40.7284424
            ]
          ],
          [
            [
              -73.9814558,
              40.7290786
            ],
            [
              -73.9818501,
              40.7285391
            ]
          ],
          [
            [
              -73.9813855,
              40.72918
            ],
            [
              -73.9814222,
              40.729127
            ],
            [
              -73.9814558,
              40.7290786
            ]
          ],
          [
            [
              -73.9810033,
              40.7297205
            ],
            [
              -73.9813855,
              40.72918
            ]
          ],
          [
            [
              -73.9809265,
              40.7298315
            ],
            [
              -73.9809354,
              40.7298195
            ],
            [
              -73.9809684,
              40.7297711
            ],
            [
              -73.9809927,
              40.7297355
            ],
            [
              -73.9810033,
              40.7297205
            ]
          ],
          [
            [
              -73.9809265,
              40.7298315
            ],
            [
              -73.9805366,
              40.7303577
            ]
          ],
          [
            [
              -73.9805212,
              40.7303787
            ],
            [
              -73.9805366,
              40.7303577
            ]
          ],
          [
            [
              -73.9803953,
              40.7305338
            ],
            [
              -73.9804199,
              40.7305017
            ],
            [
              -73.9804606,
              40.730453
            ],
            [
              -73.9805118,
              40.7303915
            ],
            [
              -73.9805212,
              40.7303787
            ]
          ],
          [
            [
              -73.9803953,
              40.7305338
            ],
            [
              -73.9803854,
              40.7305466
            ]
          ],
          [
            [
              -73.9809851,
              40.7307919
            ],
            [
              -73.9809414,
              40.7307759
            ],
            [
              -73.9808349,
              40.730737
            ],
            [
              -73.9803854,
              40.7305466
            ]
          ],
          [
            [
              -73.9809851,
              40.7307919
            ],
            [
              -73.9810321,
              40.7308091
            ],
            [
              -73.9815252,
              40.7310154
            ],
            [
              -73.9815783,
              40.7310376
            ]
          ],
          [
            [
              -73.9815783,
              40.7310376
            ],
            [
              -73.981628,
              40.730953
            ]
          ]
        ]
      }
    },
    {
      "type": "Feature",
      "properties": {
        "neighborhood_id": "financial_district",
        "neighborhood": "Financial District",
        "target_stop_id": "230",
        "target_station": "Wall St",
        "target_routes": "2 3",
        "network_distance_m": 166.05364337891172,
        "euclidean_distance_m": 107.09746206331492,
        "extra_distance_m": 58.956181315596794,
        "detour_ratio": 1.5504909283540491,
        "estimated_walk_minutes": 2.0756705422363964,
        "growth_pct": 33.3
      },
      "geometry": {
        "type": "MultiLineString",
        "coordinates": [
          [
            [
              -74.01,
              40.7075
            ],
            [
              -74.0101929,
              40.707634
            ]
          ],
          [
            [
              -74.0101929,
              40.707634
            ],
            [
              -74.0090679,
              40.7069452
            ]
          ],
          [
            [
              -74.0090679,
              40.7069452
            ],
            [
              -74.0090537,
              40.7069363
            ],
            [
              -74.0090297,
              40.706921
            ],
            [
              -74.0089922,
              40.7068975
            ],
            [
              -74.0089816,
              40.7068909
            ]
          ],
          [
            [
              -74.0089816,
              40.7068909
            ],
            [
              -74.0091,
              40.706821
            ]
          ]
        ]
      }
    },
    {
      "type": "Feature",
      "properties": {
        "neighborhood_id": "flatiron",
        "neighborhood": "Flatiron",
        "target_stop_id": "R19",
        "target_station": "23 St",
        "target_routes": "N Q R W",
        "network_distance_m": 140.55752456581607,
        "euclidean_distance_m": 83.83447284224037,
        "extra_distance_m": 56.72305172357569,
        "detour_ratio": 1.6766077223425389,
        "estimated_walk_minutes": 1.7569690570727008,
        "growth_pct": 31.9
      },
      "geometry": {
        "type": "MultiLineString",
        "coordinates": [
          [
            [
              -73.9903,
              40.7411
            ],
            [
              -73.9901541,
              40.7409939
            ]
          ],
          [
            [
              -73.9901541,
              40.7409939
            ],
            [
              -73.9897817,
              40.7415057
            ]
          ],
          [
            [
              -73.9895346,
              40.7414019
            ],
            [
              -73.9895637,
              40.7414142
            ],
            [
              -73.9895914,
              40.7414258
            ],
            [
              -73.9896257,
              40.7414403
            ],
            [
              -73.9896662,
              40.7414574
            ],
            [
              -73.9897464,
              40.7414911
            ],
            [
              -73.9897817,
              40.7415057
            ]
          ],
          [
            [
              -73.9894677,
              40.7413738
            ],
            [
              -73.9895346,
              40.7414019
            ]
          ],
          [
            [
              -73.9894677,
              40.7413738
            ],
            [
              -73.989436,
              40.7413604
            ],
            [
              -73.989255,
              40.7412842
            ]
          ],
          [
            [
              -73.989255,
              40.7412842
            ],
            [
              -73.989344,
              40.741303
            ]
          ]
        ]
      }
    },
    {
      "type": "Feature",
      "properties": {
        "neighborhood_id": "gramercy_park",
        "neighborhood": "Gramercy Park",
        "target_stop_id": "634",
        "target_station": "23 St-Baruch College",
        "target_routes": "4 6 6X",
        "network_distance_m": 393.41454118489946,
        "euclidean_distance_m": 252.18754553945053,
        "extra_distance_m": 141.22699564544894,
        "detour_ratio": 1.5600078122151213,
        "estimated_walk_minutes": 4.917681764811244,
        "growth_pct": 48.6
      },
      "geometry": {
        "type": "MultiLineString",
        "coordinates": [
          [
            [
              -73.9851,
              40.7379
            ],
            [
              -73.985089,
              40.7379055
            ]
          ],
          [
            [
              -73.985089,
              40.7379055
            ],
            [
              -73.9850926,
              40.7379092
            ],
            [
              -73.9850976,
              40.7379125
            ],
            [
              -73.9851084,
              40.7379172
            ],
            [
              -73.9856414,
              40.7381407
            ]
          ],
          [
            [
              -73.9856414,
              40.7381407
            ],
            [
              -73.9856341,
              40.7381505
            ],
            [
              -73.9855995,
              40.7381978
            ],
            [
              -73.9855621,
              40.7382489
            ]
          ],
          [
            [
              -73.9851886,
              40.7387505
            ],
            [
              -73.9855621,
              40.7382489
            ]
          ],
          [
            [
              -73.9851886,
              40.7387505
            ],
            [
              -73.9852152,
              40.7387616
            ],
            [
              -73.9852904,
              40.738793
            ],
            [
              -73.9853411,
              40.738818
            ],
            [
              -73.985363,
              40.7388288
            ]
          ],
          [
            [
              -73.9853565,
              40.738838
            ],
            [
              -73.985363,
              40.7388288
            ]
          ],
          [
            [
              -73.9853565,
              40.738838
            ],
            [
              -73.9853505,
              40.7388464
            ],
            [
              -73.9853256,
              40.7388816
            ],
            [
              -73.9852982,
              40.7389238
            ],
            [
              -73.98529,
              40.7389365
            ]
          ],
          [
            [
              -73.98529,
              40.7389365
            ],
            [
              -73.9849189,
              40.7394511
            ]
          ],
          [
            [
              -73.9862965,
              40.7400392
            ],
            [
              -73.9849189,
              40.7394511
            ]
          ],
          [
            [
              -73.9862965,
              40.7400392
            ],
            [
              -73.986599,
              40.739864
            ]
          ]
        ]
      }
    },
    {
      "type": "Feature",
      "properties": {
        "neighborhood_id": "greenwich_village",
        "neighborhood": "Greenwich Village",
        "target_stop_id": "A32",
        "target_station": "W 4 St-Wash Sq",
        "target_routes": "A C E",
        "network_distance_m": 404.901411160592,
        "euclidean_distance_m": 304.1091090989852,
        "extra_distance_m": 100.79230206160679,
        "detour_ratio": 1.3314346694850225,
        "estimated_walk_minutes": 5.0612676395074,
        "growth_pct": 50.0
      },
      "geometry": {
        "type": "MultiLineString",
        "coordinates": [
          [
            [
              -73.9973,
              40.7336
            ],
            [
              -73.9978976,
              40.7329729
            ]
          ],
          [
            [
              -73.9978976,
              40.7329729
            ],
            [
              -73.9979381,
              40.7329216
            ],
            [
              -73.9979763,
              40.7328733
            ]
          ],
          [
            [
              -73.9979763,
              40.7328733
            ],
            [
              -73.9980399,
              40.7328975
            ],
            [
              -73.998099,
              40.7329201
            ]
          ],
          [
            [
              -73.998099,
              40.7329201
            ],
            [
              -73.9986283,
              40.7323035
            ]
          ],
          [
            [
              -73.9986283,
              40.7323035
            ],
            [
              -73.9986381,
              40.7322919
            ],
            [
              -73.9986762,
              40.7322465
            ],
            [
              -73.9987084,
              40.7322081
            ],
            [
              -73.998713,
              40.7322028
            ],
            [
              -73.9987189,
              40.7321959
            ]
          ],
          [
            [
              -73.9991236,
              40.7317186
            ],
            [
              -73.9987189,
              40.7321959
            ]
          ],
          [
            [
              -74.0003561,
              40.7323187
            ],
            [
              -73.9991236,
              40.7317186
            ]
          ],
          [
            [
              -74.0003561,
              40.7323187
            ],
            [
              -74.000495,
              40.732338
            ]
          ]
        ]
      }
    },
    {
      "type": "Feature",
      "properties": {
        "neighborhood_id": "hamilton_heights",
        "neighborhood": "Hamilton Heights",
        "target_stop_id": "114",
        "target_station": "145 St",
        "target_routes": "1",
        "network_distance_m": 122.31208920527564,
        "euclidean_distance_m": 75.02938731085736,
        "extra_distance_m": 47.28270189441828,
        "detour_ratio": 1.6301890977533824,
        "estimated_walk_minutes": 1.5289011150659455,
        "growth_pct": 41.3
      },
      "geometry": {
        "type": "MultiLineString",
        "coordinates": [
          [
            [
              -73.9496,
              40.8262
            ],
            [
              -73.9501731,
              40.8264573
            ]
          ],
          [
            [
              -73.9501731,
              40.8264573
            ],
            [
              -73.9501944,
              40.826427
            ],
            [
              -73.9502498,
              40.8263549
            ],
            [
              -73.950303,
              40.8262856
            ],
            [
              -73.9503152,
              40.8262548
            ]
          ],
          [
            [
              -73.9503152,
              40.8262548
            ],
            [
              -73.9503635,
              40.8262739
            ],
            [
              -73.9504357,
              40.8263043
            ]
          ],
          [
            [
              -73.9504357,
              40.8263043
            ],
            [
              -73.9503603,
              40.8264034
            ]
          ],
          [
            [
              -73.9503603,
              40.8264034
            ],
            [
              -73.95036,
              40.826551
            ]
          ]
        ]
      }
    },
    {
      "type": "Feature",
      "properties": {
        "neighborhood_id": "inwood",
        "neighborhood": "Inwood",
        "target_stop_id": "A02",
        "target_station": "Inwood-207 St",
        "target_routes": "A",
        "network_distance_m": 174.04945192140346,
        "euclidean_distance_m": 157.3486345910619,
        "extra_distance_m": 16.70081733034155,
        "detour_ratio": 1.106138940282169,
        "estimated_walk_minutes": 2.1756181490175432,
        "growth_pct": 49.1
      },
      "geometry": {
        "type": "MultiLineString",
        "coordinates": [
          [
            [
              -73.9217,
              40.8677
            ],
            [
              -73.9213809,
              40.8677703
            ]
          ],
          [
            [
              -73.921279,
              40.8678061
            ],
            [
              -73.9213493,
              40.8677803
            ],
            [
              -73.9213809,
              40.8677703
            ]
          ],
          [
            [
              -73.921279,
              40.8678061
            ],
            [
              -73.9212171,
              40.867707
            ]
          ],
          [
            [
              -73.9211172,
              40.8677392
            ],
            [
              -73.9212171,
              40.867707
            ]
          ],
          [
            [
              -73.9211172,
              40.8677392
            ],
            [
              -73.9210173,
              40.8677714
            ],
            [
              -73.9206966,
              40.8678696
            ],
            [
              -73.9205774,
              40.8679012
            ],
            [
              -73.9205443,
              40.86791
            ],
            [
              -73.9205194,
              40.8679153
            ],
            [
              -73.9198676,
              40.868089
            ]
          ],
          [
            [
              -73.9198676,
              40.868089
            ],
            [
              -73.919899,
              40.868072
            ]
          ]
        ]
      }
    },
    {
      "type": "Feature",
      "properties": {
        "neighborhood_id": "little_italy",
        "neighborhood": "Little Italy",
        "target_stop_id": "M20",
        "target_station": "Canal St",
        "target_routes": "J Z",
        "network_distance_m": 345.4869203852408,
        "euclidean_distance_m": 231.03240588069804,
        "extra_distance_m": 114.45451450454277,
        "detour_ratio": 1.495404590833225,
        "estimated_walk_minutes": 4.31858650481551,
        "growth_pct": 50.0
      },
      "geometry": {
        "type": "MultiLineString",
        "coordinates": [
          [
            [
              -73.9975,
              40.7191
            ],
            [
              -73.9974023,
              40.7192812
            ]
          ],
          [
            [
              -73.9980612,
              40.7194987
            ],
            [
              -73.9974023,
              40.7192812
            ]
          ],
          [
            [
              -73.9980612,
              40.7194987
            ],
            [
              -73.9981066,
              40.7195137
            ]
          ],
          [
            [
              -73.9981066,
              40.7195137
            ],
            [
              -73.99813,
              40.719522
            ],
            [
              -73.9981677,
              40.7195355
            ],
            [
              -73.998211,
              40.7195509
            ],
            [
              -73.9982339,
              40.719559
            ]
          ],
          [
            [
              -73.9982286,
              40.7195674
            ],
            [
              -73.9982339,
              40.719559
            ]
          ],
          [
            [
              -73.9982286,
              40.7195674
            ],
            [
              -73.9984935,
              40.7196859
            ]
          ],
          [
            [
              -73.9984935,
              40.7196859
            ],
            [
              -73.9991074,
              40.7189251
            ],
            [
              -73.9991754,
              40.7188408
            ],
            [
              -73.99929,
              40.7186988
            ]
          ],
          [
            [
              -73.99929,
              40.7186988
            ],
            [
              -73.9993353,
              40.7186529
            ],
            [
              -73.9993803,
              40.7186073
            ]
          ],
          [
            [
              -73.9995717,
              40.7183614
            ],
            [
              -73.9993803,
              40.7186073
            ]
          ],
          [
            [
              -73.9995717,
              40.7183614
            ],
            [
              -73.999807,
              40.7180592
            ]
          ],
          [
            [
              -73.999807,
              40.7180592
            ],
            [
              -73.999892,
              40.718092
            ]
          ]
        ]
      }
    },
    {
      "type": "Feature",
      "properties": {
        "neighborhood_id": "lower_east_side",
        "neighborhood": "Lower East Side",
        "target_stop_id": "M18",
        "target_station": "Delancey St-Essex St",
        "target_routes": "J M Z",
        "network_distance_m": 349.6917291522806,
        "euclidean_distance_m": 191.43845167108927,
        "extra_distance_m": 158.2532774811913,
        "detour_ratio": 1.8266535594065842,
        "estimated_walk_minutes": 4.371146614403507,
        "growth_pct": 50.4
      },
      "geometry": {
        "type": "MultiLineString",
        "coordinates": [
          [
            [
              -73.9897,
              40.7184
            ],
            [
              -73.9901542,
              40.7181637
            ]
          ],
          [
            [
              -73.9901542,
              40.7181637
            ],
            [
              -73.9895196,
              40.7179751
            ]
          ],
          [
            [
              -73.9893797,
              40.7179333
            ],
            [
              -73.989401,
              40.71794
            ],
            [
              -73.9894475,
              40.7179538
            ],
            [
              -73.9895023,
              40.71797
            ],
            [
              -73.9895196,
              40.7179751
            ]
          ],
          [
            [
              -73.9887579,
              40.7177448
            ],
            [
              -73.9893797,
              40.7179333
            ]
          ],
          [
            [
              -73.9885229,
              40.717673
            ],
            [
              -73.9885531,
              40.7176822
            ],
            [
              -73.9886416,
              40.7177096
            ],
            [
              -73.9887344,
              40.7177383
            ],
            [
              -73.9887579,
              40.7177448
            ]
          ],
          [
            [
              -73.9879193,
              40.7174908
            ],
            [
              -73.9885229,
              40.717673
            ]
          ],
          [
            [
              -73.9879193,
              40.7174908
            ],
            [
              -73.9875654,
              40.7181673
            ]
          ],
          [
            [
              -73.9875654,
              40.7181673
            ],
            [
              -73.987437,
              40.718315
            ]
          ]
        ]
      }
    },
    {
      "type": "Feature",
      "properties": {
        "neighborhood_id": "marble_hill",
        "neighborhood": "Marble Hill",
        "target_stop_id": "107",
        "target_station": "215 St",
        "target_routes": "1",
        "network_distance_m": 1277.843342186217,
        "euclidean_distance_m": 857.4644278600459,
        "extra_distance_m": 420.37891432617096,
        "detour_ratio": 1.4902581386090858,
        "estimated_walk_minutes": 15.973041777327712,
        "growth_pct": 97.3
      },
      "geometry": {
        "type": "MultiLineString",
        "coordinates": [
          [
            [
              -73.9106,
              40.8763
            ],
            [
              -73.9100914,
              40.8768895
            ]
          ],
          [
            [
              -73.9100914,
              40.8768895
            ],
            [
              -73.9100822,
              40.8768903
            ],
            [
              -73.9100695,
              40.8768879
            ],
            [
              -73.9100563,
              40.8768803
            ],
            [
              -73.9097192,
              40.8766226
            ],
            [
              -73.9096773,
              40.876592
            ],
            [
              -73.9096434,
              40.8765731
            ],
            [
              -73.9096118,
              40.8765592
            ],
            [
              -73.9095824,
              40.8765453
            ],
            [
              -73.9095603,
              40.8765297
            ]
          ],
          [
            [
              -73.9095541,
              40.8763035
            ],
            [
              -73.9095409,
              40.8763228
            ],
            [
              -73.9095292,
              40.8763616
            ],
            [
              -73.9095287,
              40.8763879
            ],
            [
              -73.9095397,
              40.8764897
            ],
            [
              -73.9095464,
              40.8765102
            ],
            [
              -73.9095603,
              40.8765297
            ]
          ],
          [
            [
              -73.9095541,
              40.8763035
            ],
            [
              -73.9095451,
              40.8762706
            ],
            [
              -73.9095326,
              40.8762251
            ],
            [
              -73.9095207,
              40.8761815
            ],
            [
              -73.9095174,
              40.8761694
            ]
          ],
          [
            [
              -73.9094953,
              40.876129
            ],
            [
              -73.9094975,
              40.8761485
            ],
            [
              -73.9095014,
              40.8761584
            ],
            [
              -73.9095077,
              40.876165
            ],
            [
              -73.9095174,
              40.8761694
            ]
          ],
          [
            [
              -73.9093437,
              40.8761746
            ],
            [
              -73.9093748,
              40.8761652
            ],
            [
              -73.9094362,
              40.8761468
            ],
            [
              -73.9094804,
              40.8761335
            ],
            [
              -73.9094953,
              40.876129
            ]
          ],
          [
            [
              -73.9093437,
              40.8761746
            ],
            [
              -73.9093238,
              40.8760146
            ],
            [
              -73.9093232,
              40.875989
            ],
            [
              -73.9093255,
              40.8759616
            ],
            [
              -73.9093303,
              40.8759512
            ]
          ],
          [
            [
              -73.9085299,
              40.8760038
            ],
            [
              -73.9093303,
              40.8759512
            ]
          ],
          [
            [
              -73.9085299,
              40.8760038
            ],
            [
              -73.9085097,
              40.8757953
            ],
            [
              -73.9085103,
              40.875767
            ]
          ],
          [
            [
              -73.9085542,
              40.875711
            ],
            [
              -73.9085243,
              40.8757343
            ],
            [
              -73.9085149,
              40.8757445
            ],
            [
              -73.9085103,
              40.875767
            ]
          ],
          [
            [
              -73.9085542,
              40.875711
            ],
            [
              -73.9094352,
              40.8750231
            ],
            [
              -73.9097321,
              40.8747853
            ]
          ],
          [
            [
              -73.9097321,
              40.8747853
            ],
            [
              -73.9099323,
              40.8746351
            ]
          ],
          [
            [
              -73.9099323,
              40.8746351
            ],
            [
              -73.9101097,
              40.8744936
            ],
            [
              -73.9104341,
              40.874336
            ]
          ],
          [
            [
              -73.9104873,
              40.8742973
            ],
            [
              -73.9104341,
              40.874336
            ]
          ],
          [
            [
              -73.9104873,
              40.8742973
            ],
            [
              -73.9105511,
              40.8742509
            ],
            [
              -73.9108912,
              40.8739769
            ],
            [
              -73.9116269,
              40.8733842
            ],
            [
              -73.9117384,
              40.8732943
            ],
            [
              -73.9119497,
              40.8731241
            ],
            [
              -73.912848,
              40.8723804
            ]
          ],
          [
            [
              -73.9141567,
              40.8713312
            ],
            [
              -73.9139231,
              40.8715189
            ],
            [
              -73.912848,
              40.8723804
            ]
          ],
          [
            [
              -73.9138087,
              40.8711796
            ],
            [
              -73.9138347,
              40.871191
            ],
            [
              -73.9138997,
              40.8712195
            ],
            [
              -73.9140414,
              40.8712817
            ],
            [
              -73.914121,
              40.8713166
            ],
            [
              -73.9141567,
              40.8713312
            ]
          ],
          [
            [
              -73.9139498,
              40.8710333
            ],
            [
              -73.9139311,
              40.8710588
            ],
            [
              -73.9138829,
              40.8711179
            ],
            [
              -73.9138287,
              40.8711634
            ],
            [
              -73.9138087,
              40.8711796
            ]
          ],
          [
            [
              -73.9139498,
              40.8710333
            ],
            [
              -73.9142494,
              40.8706241
            ]
          ],
          [
            [
              -73.9145381,
              40.8702313
            ],
            [
              -73.9142494,
              40.8706241
            ]
          ],
          [
            [
              -73.9146212,
              40.8701421
            ],
            [
              -73.9146116,
              40.8701553
            ],
            [
              -73.9145867,
              40.8701801
            ],
            [
              -73.9145458,
              40.8702209
            ],
            [
              -73.9145381,
              40.8702313
            ]
          ],
          [
            [
              -73.9146212,
              40.8701421
            ],
            [
              -73.9150068,
              40.8696138
            ]
          ],
          [
            [
              -73.9150068,
              40.8696138
            ],
            [
              -73.915026,
              40.8695878
            ],
            [
              -73.9150816,
              40.8695082
            ],
            [
              -73.9151348,
              40.8694239
            ],
            [
              -73.915154,
              40.8693976
            ]
          ],
          [
            [
              -73.915154,
              40.8693976
            ],
            [
              -73.915279,
              40.869444
            ]
          ]
        ]
      }
    },
    {
      "type": "Feature",
      "properties": {
        "neighborhood_id": "midtown",
        "neighborhood": "Midtown",
        "target_stop_id": "D16",
        "target_station": "42 St-Bryant Pk",
        "target_routes": "B D F FX M",
        "network_distance_m": 119.72634831318669,
        "euclidean_distance_m": 75.51618675292005,
        "extra_distance_m": 44.21016156026664,
        "detour_ratio": 1.585439539007935,
        "estimated_walk_minutes": 1.4965793539148335,
        "growth_pct": 37.3
      },
      "geometry": {
        "type": "MultiLineString",
        "coordinates": [
          [
            [
              -73.9845,
              40.7549
            ],
            [
              -73.984328,
              40.7548168
            ]
          ],
          [
            [
              -73.984328,
              40.7548168
            ],
            [
              -73.9846895,
              40.7542929
            ]
          ],
          [
            [
              -73.9846895,
              40.7542929
            ],
            [
              -73.9846613,
              40.7542813
            ],
            [
              -73.9845535,
              40.7542363
            ],
            [
              -73.98445,
              40.7541931
            ],
            [
              -73.984433,
              40.7541859
            ]
          ],
          [
            [
              -73.984433,
              40.7541859
            ],
            [
              -73.984569,
              40.754222
            ]
          ]
        ]
      }
    },
    {
      "type": "Feature",
      "properties": {
        "neighborhood_id": "midtown_east",
        "neighborhood": "Midtown East",
        "target_stop_id": "630",
        "target_station": "51 St",
        "target_routes": "4 6 6X",
        "network_distance_m": 659.3173768447738,
        "euclidean_distance_m": 350.3446431606686,
        "extra_distance_m": 308.97273368410515,
        "detour_ratio": 1.881910826141588,
        "estimated_walk_minutes": 8.241467210559673,
        "growth_pct": 49.9
      },
      "geometry": {
        "type": "MultiLineString",
        "coordinates": [
          [
            [
              -73.9712,
              40.754
            ],
            [
              -73.9706979,
              40.7536149
            ]
          ],
          [
            [
              -73.9708056,
              40.753463
            ],
            [
              -73.9706979,
              40.7536149
            ]
          ],
          [
            [
              -73.9719548,
              40.7539511
            ],
            [
              -73.9708056,
              40.753463
            ]
          ],
          [
            [
              -73.9722342,
              40.7540695
            ],
            [
              -73.9722088,
              40.7540589
            ],
            [
              -73.9721051,
              40.7540148
            ],
            [
              -73.971984,
              40.7539635
            ],
            [
              -73.9719548,
              40.7539511
            ]
          ],
          [
            [
              -73.9722342,
              40.7540695
            ],
            [
              -73.9718627,
              40.7545709
            ]
          ],
          [
            [
              -73.9717735,
              40.7546993
            ],
            [
              -73.9717863,
              40.7546811
            ],
            [
              -73.971821,
              40.7546314
            ],
            [
              -73.9718473,
              40.7545939
            ],
            [
              -73.9718627,
              40.7545709
            ]
          ],
          [
            [
              -73.9717735,
              40.7546993
            ],
            [
              -73.9714226,
              40.7552094
            ]
          ],
          [
            [
              -73.9714226,
              40.7552094
            ],
            [
              -73.9720349,
              40.7554741
            ],
            [
              -73.9727507,
              40.7557781
            ]
          ],
          [
            [
              -73.9726732,
              40.7558881
            ],
            [
              -73.9727165,
              40.7558266
            ],
            [
              -73.9727507,
              40.7557781
            ]
          ],
          [
            [
              -73.9723045,
              40.7564016
            ],
            [
              -73.9726732,
              40.7558881
            ]
          ],
          [
            [
              -73.9722184,
              40.7565189
            ],
            [
              -73.972264,
              40.7564568
            ],
            [
              -73.9723045,
              40.7564016
            ]
          ],
          [
            [
              -73.9718437,
              40.7570279
            ],
            [
              -73.9722184,
              40.7565189
            ]
          ],
          [
            [
              -73.9718437,
              40.7570279
            ],
            [
              -73.97192,
              40.757107
            ]
          ]
        ]
      }
    },
    {
      "type": "Feature",
      "properties": {
        "neighborhood_id": "midtown_south",
        "neighborhood": "Midtown South",
        "target_stop_id": "632",
        "target_station": "33 St",
        "target_routes": "4 6 6X",
        "network_distance_m": 705.9308896126477,
        "euclidean_distance_m": 407.50035216718476,
        "extra_distance_m": 298.4305374454629,
        "detour_ratio": 1.7323442442646677,
        "estimated_walk_minutes": 8.824136120158096,
        "growth_pct": 38.7
      },
      "geometry": {
        "type": "MultiLineString",
        "coordinates": [
          [
            [
              -73.985,
              40.749
            ],
            [
              -73.9849092,
              40.7494537
            ]
          ],
          [
            [
              -73.9848699,
              40.749516
            ],
            [
              -73.9849092,
              40.7494537
            ]
          ],
          [
            [
              -73.9848699,
              40.749516
            ],
            [
              -73.9841531,
              40.7492147
            ]
          ],
          [
            [
              -73.9842128,
              40.7491035
            ],
            [
              -73.9841875,
              40.7491542
            ],
            [
              -73.9841685,
              40.7491919
            ],
            [
              -73.9841531,
              40.7492147
            ]
          ],
          [
            [
              -73.9842128,
              40.7491035
            ],
            [
              -73.9841077,
              40.7490528
            ],
            [
              -73.9840257,
              40.7490131
            ],
            [
              -73.9840041,
              40.7490022
            ]
          ],
          [
            [
              -73.9840041,
              40.7490022
            ],
            [
              -73.9843752,
              40.7484827
            ]
          ],
          [
            [
              -73.9843752,
              40.7484827
            ],
            [
              -73.9829934,
              40.7479017
            ]
          ],
          [
            [
              -73.9829934,
              40.7479017
            ],
            [
              -73.9829963,
              40.7478624
            ],
            [
              -73.9830364,
              40.7478048
            ],
            [
              -73.9830924,
              40.7477245
            ]
          ],
          [
            [
              -73.9830924,
              40.7477245
            ],
            [
              -73.9830185,
              40.7476939
            ],
            [
              -73.9829183,
              40.7476525
            ]
          ],
          [
            [
              -73.9829183,
              40.7476525
            ],
            [
              -73.9829199,
              40.7476378
            ]
          ],
          [
            [
              -73.9815956,
              40.7470713
            ],
            [
              -73.9829199,
              40.7476378
            ]
          ],
          [
            [
              -73.9819706,
              40.7465576
            ],
            [
              -73.9815956,
              40.7470713
            ]
          ],
          [
            [
              -73.9819706,
              40.7465576
            ],
            [
              -73.9820124,
              40.7465015
            ],
            [
              -73.9820554,
              40.7464425
            ]
          ],
          [
            [
              -73.9824193,
              40.7459375
            ],
            [
              -73.9820554,
              40.7464425
            ]
          ],
          [
            [
              -73.9824193,
              40.7459375
            ],
            [
              -73.982076,
              40.746081
            ]
          ]
        ]
      }
    },
    {
      "type": "Feature",
      "properties": {
        "neighborhood_id": "midtown_west",
        "neighborhood": "Midtown West",
        "target_stop_id": "A25",
        "target_station": "50 St",
        "target_routes": "A C E",
        "network_distance_m": 809.7337007350766,
        "euclidean_distance_m": 549.2011440592836,
        "extra_distance_m": 260.532556675793,
        "detour_ratio": 1.4743845847627546,
        "estimated_walk_minutes": 10.121671259188457,
        "growth_pct": 43.6
      },
      "geometry": {
        "type": "MultiLineString",
        "coordinates": [
          [
            [
              -73.9922,
              40.761
            ],
            [
              -73.9913129,
              40.7604702
            ]
          ],
          [
            [
              -73.9913129,
              40.7604702
            ],
            [
              -73.9909455,
              40.7609947
            ]
          ],
          [
            [
              -73.9908763,
              40.7610948
            ],
            [
              -73.9909113,
              40.7610442
            ],
            [
              -73.9909455,
              40.7609947
            ]
          ],
          [
            [
              -73.9906072,
              40.7609881
            ],
            [
              -73.9907305,
              40.761037
            ],
            [
              -73.9908763,
              40.7610948
            ]
          ],
          [
            [
              -73.9906072,
              40.7609881
            ],
            [
              -73.9902149,
              40.7614993
            ]
          ],
          [
            [
              -73.9902149,
              40.7614993
            ],
            [
              -73.989651,
              40.7612759
            ],
            [
              -73.9889756,
              40.7609824
            ],
            [
              -73.9884189,
              40.7607408
            ],
            [
              -73.9876503,
              40.7604218
            ]
          ],
          [
            [
              -73.9875699,
              40.7605328
            ],
            [
              -73.9876173,
              40.7604685
            ],
            [
              -73.9876503,
              40.7604218
            ]
          ],
          [
            [
              -73.9872061,
              40.7610492
            ],
            [
              -73.9875699,
              40.7605328
            ]
          ],
          [
            [
              -73.9872061,
              40.7610492
            ],
            [
              -73.9871696,
              40.7611006
            ],
            [
              -73.9871168,
              40.7611591
            ]
          ],
          [
            [
              -73.9871168,
              40.7611591
            ],
            [
              -73.986968,
              40.761105
            ],
            [
              -73.9868336,
              40.7610514
            ]
          ],
          [
            [
              -73.9864689,
              40.7615541
            ],
            [
              -73.9868336,
              40.7610514
            ]
          ],
          [
            [
              -73.9864689,
              40.7615541
            ],
            [
              -73.9864275,
              40.7616093
            ],
            [
              -73.9863867,
              40.7616638
            ]
          ],
          [
            [
              -73.9860033,
              40.7621729
            ],
            [
              -73.9863867,
              40.7616638
            ]
          ],
          [
            [
              -73.9859125,
              40.7623
            ],
            [
              -73.9859593,
              40.7622344
            ],
            [
              -73.9860033,
              40.7621729
            ]
          ],
          [
            [
              -73.9859125,
              40.7623
            ],
            [
              -73.985984,
              40.762456
            ]
          ]
        ]
      }
    },
    {
      "type": "Feature",
      "properties": {
        "neighborhood_id": "morningside_heights",
        "neighborhood": "Morningside Heights",
        "target_stop_id": "117",
        "target_station": "116 St-Columbia University",
        "target_routes": "1",
        "network_distance_m": 182.8581860914372,
        "euclidean_distance_m": 129.77535185166755,
        "extra_distance_m": 53.08283423976965,
        "detour_ratio": 1.4090363345764072,
        "estimated_walk_minutes": 2.285727326142965,
        "growth_pct": 41.2
      },
      "geometry": {
        "type": "MultiLineString",
        "coordinates": [
          [
            [
              -73.9626,
              40.8075
            ],
            [
              -73.9626402,
              40.8073762
            ]
          ],
          [
            [
              -73.9626402,
              40.8073762
            ],
            [
              -73.9629631,
              40.8075108
            ]
          ],
          [
            [
              -73.9630076,
              40.8075293
            ],
            [
              -73.9629631,
              40.8075108
            ]
          ],
          [
            [
              -73.9630076,
              40.8075293
            ],
            [
              -73.9636802,
              40.8078095
            ]
          ],
          [
            [
              -73.9637603,
              40.8078429
            ],
            [
              -73.9637185,
              40.8078255
            ],
            [
              -73.9636802,
              40.8078095
            ]
          ],
          [
            [
              -73.9637603,
              40.8078429
            ],
            [
              -73.9639089,
              40.8076378
            ],
            [
              -73.9639681,
              40.807556
            ]
          ],
          [
            [
              -73.9639681,
              40.807556
            ],
            [
              -73.9639959,
              40.8075677
            ],
            [
              -73.9640046,
              40.8075558
            ]
          ],
          [
            [
              -73.9640046,
              40.8075558
            ],
            [
              -73.96411,
              40.807722
            ]
          ]
        ]
      }
    },
    {
      "type": "Feature",
      "properties": {
        "neighborhood_id": "nolita",
        "neighborhood": "Nolita",
        "target_stop_id": "638",
        "target_station": "Spring St",
        "target_routes": "4 6 6X",
        "network_distance_m": 260.24064002810314,
        "euclidean_distance_m": 163.98948849961954,
        "extra_distance_m": 96.2511515284836,
        "detour_ratio": 1.5869348847240712,
        "estimated_walk_minutes": 3.253008000351289,
        "growth_pct": 48.7
      },
      "geometry": {
        "type": "MultiLineString",
        "coordinates": [
          [
            [
              -73.9952,
              40.7223
            ],
            [
              -73.9951324,
              40.7222762
            ]
          ],
          [
            [
              -73.9951324,
              40.7222762
            ],
            [
              -73.9953805,
              40.7216509
            ]
          ],
          [
            [
              -73.9953805,
              40.7216509
            ],
            [
              -73.9954408,
              40.7216771
            ],
            [
              -73.9955078,
              40.7217062
            ]
          ],
          [
            [
              -73.9961895,
              40.7219883
            ],
            [
              -73.9955078,
              40.7217062
            ]
          ],
          [
            [
              -73.9963074,
              40.7220345
            ],
            [
              -73.9962432,
              40.7220093
            ],
            [
              -73.9961895,
              40.7219883
            ]
          ],
          [
            [
              -73.9963485,
              40.7219412
            ],
            [
              -73.9963317,
              40.7219793
            ],
            [
              -73.9963074,
              40.7220345
            ]
          ],
          [
            [
              -73.9967969,
              40.7221173
            ],
            [
              -73.9963485,
              40.7219412
            ]
          ],
          [
            [
              -73.9967969,
              40.7221173
            ],
            [
              -73.9970324,
              40.7222105
            ]
          ],
          [
            [
              -73.9970324,
              40.7222105
            ],
            [
              -73.9971272,
              40.7222503
            ],
            [
              -73.9971568,
              40.7222624
            ]
          ],
          [
            [
              -73.9971568,
              40.7222624
            ],
            [
              -73.997141,
              40.722301
            ]
          ]
        ]
      }
    },
    {
      "type": "Feature",
      "properties": {
        "neighborhood_id": "roosevelt_island",
        "neighborhood": "Roosevelt Island",
        "target_stop_id": "B06",
        "target_station": "Roosevelt Island",
        "target_routes": "F M",
        "network_distance_m": 438.26060292942833,
        "euclidean_distance_m": 419.53779875670676,
        "extra_distance_m": 18.722804172721567,
        "detour_ratio": 1.0446272164944523,
        "estimated_walk_minutes": 5.478257536617854,
        "growth_pct": 34.2
      },
      "geometry": {
        "type": "MultiLineString",
        "coordinates": [
          [
            [
              -73.9496,
              40.7617
            ],
            [
              -73.949839,
              40.7616003
            ]
          ],
          [
            [
              -73.9504342,
              40.7611483
            ],
            [
              -73.9499529,
              40.7614932
            ],
            [
              -73.9498606,
              40.7615593
            ],
            [
              -73.949839,
              40.7616003
            ]
          ],
          [
            [
              -73.9508092,
              40.7608577
            ],
            [
              -73.95056,
              40.7610365
            ],
            [
              -73.9504726,
              40.7611208
            ],
            [
              -73.9504342,
              40.7611483
            ]
          ],
          [
            [
              -73.9508092,
              40.7608577
            ],
            [
              -73.9509233,
              40.7607759
            ]
          ],
          [
            [
              -73.9509233,
              40.7607759
            ],
            [
              -73.9511123,
              40.7606402
            ]
          ],
          [
            [
              -73.9511123,
              40.7606402
            ],
            [
              -73.9512637,
              40.7605316
            ],
            [
              -73.9513363,
              40.7604754
            ]
          ],
          [
            [
              -73.9513925,
              40.7604024
            ],
            [
              -73.9513891,
              40.7604142
            ],
            [
              -73.9513363,
              40.7604754
            ]
          ],
          [
            [
              -73.9513925,
              40.7604024
            ],
            [
              -73.9514799,
              40.7603843
            ],
            [
              -73.9515356,
              40.7603727
            ],
            [
              -73.9516866,
              40.7603414
            ],
            [
              -73.9517191,
              40.7603347
            ]
          ],
          [
            [
              -73.9517915,
              40.7603197
            ],
            [
              -73.9517191,
              40.7603347
            ]
          ],
          [
            [
              -73.9517915,
              40.7603197
            ],
            [
              -73.9521412,
              40.7602794
            ],
            [
              -73.9522132,
              40.7602503
            ],
            [
              -73.9522851,
              40.7602085
            ],
            [
              -73.9528871,
              40.7597219
            ],
            [
              -73.953247,
              40.7593619
            ]
          ],
          [
            [
              -73.953247,
              40.7593619
            ],
            [
              -73.95326,
              40.759145
            ]
          ]
        ]
      }
    },
    {
      "type": "Feature",
      "properties": {
        "neighborhood_id": "soho",
        "neighborhood": "Soho",
        "target_stop_id": "A33",
        "target_station": "Spring St",
        "target_routes": "A C E",
        "network_distance_m": 402.09805388280927,
        "euclidean_distance_m": 306.2935566318734,
        "extra_distance_m": 95.80449725093587,
        "detour_ratio": 1.3127865251376505,
        "estimated_walk_minutes": 5.026225673535116,
        "growth_pct": 25.0
      },
      "geometry": {
        "type": "MultiLineString",
        "coordinates": [
          [
            [
              -74.0016,
              40.724
            ],
            [
              -74.0012249,
              40.7241529
            ]
          ],
          [
            [
              -74.0011536,
              40.7242481
            ],
            [
              -74.0011934,
              40.7241978
            ],
            [
              -74.0012249,
              40.7241529
            ]
          ],
          [
            [
              -74.0018005,
              40.72457
            ],
            [
              -74.0011536,
              40.7242481
            ]
          ],
          [
            [
              -74.0018005,
              40.72457
            ],
            [
              -74.0018872,
              40.724617
            ],
            [
              -74.0019674,
              40.7246611
            ]
          ],
          [
            [
              -74.0025007,
              40.7249196
            ],
            [
              -74.0019674,
              40.7246611
            ]
          ],
          [
            [
              -74.0026316,
              40.7249823
            ],
            [
              -74.0026001,
              40.724968
            ],
            [
              -74.0025615,
              40.7249492
            ],
            [
              -74.0025007,
              40.7249196
            ]
          ],
          [
            [
              -74.0032725,
              40.7252866
            ],
            [
              -74.0026316,
              40.7249823
            ]
          ],
          [
            [
              -74.0033889,
              40.7253431
            ],
            [
              -74.0033744,
              40.725335
            ],
            [
              -74.0033264,
              40.7253122
            ],
            [
              -74.003286,
              40.725293
            ],
            [
              -74.0032725,
              40.7252866
            ]
          ],
          [
            [
              -74.0033889,
              40.7253431
            ],
            [
              -74.0037656,
              40.7255355
            ]
          ],
          [
            [
              -74.0038577,
              40.7255836
            ],
            [
              -74.0037656,
              40.7255355
            ]
          ],
          [
            [
              -74.0038577,
              40.7255836
            ],
            [
              -74.0036087,
              40.7261846
            ]
          ],
          [
            [
              -74.0036087,
              40.7261846
            ],
            [
              -74.003739,
              40.726227
            ]
          ]
        ]
      }
    },
    {
      "type": "Feature",
      "properties": {
        "neighborhood_id": "stuyvesant_town_pcv",
        "neighborhood": "Stuyvesant Town/PCV",
        "target_stop_id": "L06",
        "target_station": "1 Av",
        "target_routes": "L",
        "network_distance_m": 725.2852852954791,
        "euclidean_distance_m": 432.7682212210645,
        "extra_distance_m": 292.5170640744146,
        "detour_ratio": 1.6759208503089058,
        "estimated_walk_minutes": 9.066066066193489,
        "growth_pct": 51.8
      },
      "geometry": {
        "type": "MultiLineString",
        "coordinates": [
          [
            [
              -73.9766,
              40.7317
            ],
            [
              -73.9765509,
              40.7316693
            ]
          ],
          [
            [
              -73.9764602,
              40.7317574
            ],
            [
              -73.9764673,
              40.7317438
            ],
            [
              -73.9764822,
              40.7317139
            ],
            [
              -73.9764941,
              40.7316913
            ],
            [
              -73.9765046,
              40.7316777
            ],
            [
              -73.9765188,
              40.7316704
            ],
            [
              -73.9765509,
              40.7316693
            ]
          ],
          [
            [
              -73.9764602,
              40.7317574
            ],
            [
              -73.97645,
              40.7317768
            ],
            [
              -73.9764291,
              40.7318079
            ],
            [
              -73.9764112,
              40.7318317
            ],
            [
              -73.9763996,
              40.731844
            ]
          ],
          [
            [
              -73.9763996,
              40.731844
            ],
            [
              -73.9763798,
              40.7318651
            ],
            [
              -73.9763335,
              40.7319008
            ],
            [
              -73.9762909,
              40.7319302
            ],
            [
              -73.9762506,
              40.731963
            ],
            [
              -73.9762177,
              40.7319936
            ],
            [
              -73.9761923,
              40.7320248
            ],
            [
              -73.9761684,
              40.7320599
            ],
            [
              -73.9761497,
              40.732095
            ],
            [
              -73.9761337,
              40.7321286
            ]
          ],
          [
            [
              -73.9760978,
              40.7322326
            ],
            [
              -73.9761085,
              40.7322041
            ],
            [
              -73.9761337,
              40.7321286
            ]
          ],
          [
            [
              -73.9760978,
              40.7322326
            ],
            [
              -73.9761022,
              40.7322337
            ],
            [
              -73.9761144,
              40.7322403
            ],
            [
              -73.9761231,
              40.7322495
            ],
            [
              -73.9761276,
              40.7322603
            ],
            [
              -73.9761272,
              40.7322717
            ],
            [
              -73.976122,
              40.7322824
            ],
            [
              -73.9761166,
              40.7322874
            ]
          ],
          [
            [
              -73.9763358,
              40.7323635
            ],
            [
              -73.9762986,
              40.7323572
            ],
            [
              -73.9762606,
              40.7323453
            ],
            [
              -73.9762217,
              40.7323315
            ],
            [
              -73.9761787,
              40.7323127
            ],
            [
              -73.9761166,
              40.7322874
            ]
          ],
          [
            [
              -73.9767221,
              40.7323478
            ],
            [
              -73.9766125,
              40.7323417
            ],
            [
              -73.9765092,
              40.7323439
            ],
            [
              -73.9764237,
              40.7323524
            ],
            [
              -73.9763358,
              40.7323635
            ]
          ],
          [
            [
              -73.9767507,
              40.7323424
            ],
            [
              -73.9767221,
              40.7323478
            ]
          ],
          [
            [
              -73.9767507,
              40.7323424
            ],
            [
              -73.976903,
              40.7323135
            ]
          ],
          [
            [
              -73.976903,
              40.7323135
            ],
            [
              -73.9771188,
              40.7322725
            ]
          ],
          [
            [
              -73.9771188,
              40.7322725
            ],
            [
              -73.9771454,
              40.7322411
            ],
            [
              -73.9771829,
              40.7321909
            ],
            [
              -73.9771984,
              40.7321666
            ],
            [
              -73.9772112,
              40.7321386
            ],
            [
              -73.9772204,
              40.7321089
            ],
            [
              -73.9772242,
              40.7320792
            ],
            [
              -73.9772252,
              40.7320257
            ],
            [
              -73.977208,
              40.7319275
            ]
          ],
          [
            [
              -73.9771343,
              40.7318488
            ],
            [
              -73.977208,
              40.7319275
            ]
          ],
          [
            [
              -73.9780497,
              40.7313605
            ],
            [
              -73.977968,
              40.7313474
            ],
            [
              -73.9778973,
              40.7313414
            ],
            [
              -73.9778396,
              40.7313387
            ],
            [
              -73.9777728,
              40.7313385
            ],
            [
              -73.9777105,
              40.7313385
            ],
            [
              -73.9776437,
              40.7313369
            ],
            [
              -73.9775814,
              40.7313352
            ],
            [
              -73.9775157,
              40.731341
            ],
            [
              -73.9774468,
              40.7313559
            ],
            [
              -73.9773866,
              40.7313775
            ],
            [
              -73.977333,
              40.731404
            ],
            [
              -73.9772936,
              40.7314355
            ],
            [
              -73.977263,
              40.731462
            ],
            [
              -73.9772411,
              40.7314944
            ],
            [
              -73.9772247,
              40.7315292
            ],
            [
              -73.9772148,
              40.7315657
            ],
            [
              -73.9772072,
              40.731603
            ],
            [
              -73.9772072,
              40.7316312
            ],
            [
              -73.9772105,
              40.7316569
            ],
            [
              -73.9772236,
              40.731695
            ],
            [
              -73.97724,
              40.731729
            ],
            [
              -73.9772466,
              40.7317539
            ],
            [
              -73.9772487,
              40.7317738
            ],
            [
              -73.9772422,
              40.7317929
            ],
            [
              -73.9772236,
              40.7318103
            ],
            [
              -73.9771929,
              40.7318252
            ],
            [
              -73.9771343,
              40.7318488
            ]
          ],
          [
            [
              -73.9781237,
              40.7313864
            ],
            [
              -73.9780998,
              40.7313753
            ],
            [
              -73.9780497,
              40.7313605
            ]
          ],
          [
            [
              -73.9781237,
              40.7313864
            ],
            [
              -73.9781694,
              40.7314075
            ]
          ],
          [
            [
              -73.9781694,
              40.7314075
            ],
            [
              -73.9782252,
              40.7314332
            ],
            [
              -73.9783968,
              40.7315424
            ]
          ],
          [
            [
              -73.978552,
              40.7312854
            ],
            [
              -73.9784927,
              40.731353
            ],
            [
              -73.9784668,
              40.7313885
            ],
            [
              -73.9784521,
              40.7314312
            ],
            [
              -73.9783968,
              40.7315424
            ]
          ],
          [
            [
              -73.9787766,
              40.7312073
            ],
            [
              -73.9787724,
              40.7312082
            ],
            [
              -73.9787117,
              40.7312252
            ],
            [
              -73.9786454,
              40.7312471
            ],
            [
              -73.978552,
              40.7312854
            ]
          ],
          [
            [
              -73.9787766,
              40.7312073
            ],
            [
              -73.9788434,
              40.7311934
            ],
            [
              -73.9789098,
              40.7311811
            ],
            [
              -73.9789495,
              40.731176
            ]
          ],
          [
            [
              -73.9789925,
              40.7311779
            ],
            [
              -73.9789495,
              40.731176
            ]
          ],
          [
            [
              -73.9789925,
              40.7311779
            ],
            [
              -73.979,
              40.7311782
            ],
            [
              -73.9790478,
              40.7311778
            ],
            [
              -73.9791257,
              40.7311755
            ],
            [
              -73.9791917,
              40.7311724
            ]
          ],
          [
            [
              -73.9791917,
              40.7311724
            ],
            [
              -73.9792065,
              40.7311717
            ],
            [
              -73.9792854,
              40.7311633
            ],
            [
              -73.9793109,
              40.7311598
            ]
          ],
          [
            [
              -73.9797281,
              40.7310661
            ],
            [
              -73.9796522,
              40.7310905
            ],
            [
              -73.9795582,
              40.731115
            ],
            [
              -73.9794744,
              40.7311326
            ],
            [
              -73.9793703,
              40.7311518
            ],
            [
              -73.9793109,
              40.7311598
            ]
          ],
          [
            [
              -73.9797543,
              40.7310569
            ],
            [
              -73.9797402,
              40.7310622
            ],
            [
              -73.9797281,
              40.7310661
            ]
          ],
          [
            [
              -73.9797543,
              40.7310569
            ],
            [
              -73.9798352,
              40.7310269
            ],
            [
              -73.979913,
              40.7309917
            ]
          ],
          [
            [
              -73.9801236,
              40.7308534
            ],
            [
              -73.9801091,
              40.7308661
            ],
            [
              -73.9800525,
              40.7309075
            ],
            [
              -73.9799777,
              40.7309557
            ],
            [
              -73.979913,
              40.7309917
            ]
          ],
          [
            [
              -73.9801519,
              40.7308285
            ],
            [
              -73.9801236,
              40.7308534
            ]
          ],
          [
            [
              -73.9801519,
              40.7308285
            ],
            [
              -73.9801606,
              40.7308209
            ],
            [
              -73.980199,
              40.7307765
            ],
            [
              -73.9802374,
              40.7307237
            ],
            [
              -73.9802617,
              40.7306923
            ],
            [
              -73.980313,
              40.7306221
            ]
          ],
          [
            [
              -73.980299,
              40.7306162
            ],
            [
              -73.980313,
              40.7306221
            ]
          ],
          [
            [
              -73.980299,
              40.7306162
            ],
            [
              -73.980313,
              40.730597
            ],
            [
              -73.9803472,
              40.7305774
            ]
          ],
          [
            [
              -73.9810239,
              40.730861
            ],
            [
              -73.9803472,
              40.7305774
            ]
          ],
          [
            [
              -73.9814758,
              40.7310503
            ],
            [
              -73.9810239,
              40.730861
            ]
          ],
          [
            [
              -73.9815783,
              40.7310376
            ],
            [
              -73.9814758,
              40.7310503
            ]
          ],
          [
            [
              -73.9815783,
              40.7310376
            ],
            [
              -73.981628,
              40.730953
            ]
          ]
        ]
      }
    },
    {
      "type": "Feature",
      "properties": {
        "neighborhood_id": "tribeca",
        "neighborhood": "Tribeca",
        "target_stop_id": "137",
        "target_station": "Chambers St",
        "target_routes": "1 2 3",
        "network_distance_m": 121.76795144666151,
        "euclidean_distance_m": 107.23371872617265,
        "extra_distance_m": 14.534232720488859,
        "detour_ratio": 1.1355378969706613,
        "estimated_walk_minutes": 1.522099393083269,
        "growth_pct": 0.6
      },
      "geometry": {
        "type": "MultiLineString",
        "coordinates": [
          [
            [
              -74.0086,
              40.7163
            ],
            [
              -74.0086744,
              40.7160283
            ]
          ],
          [
            [
              -74.008704,
              40.7160292
            ],
            [
              -74.0086744,
              40.7160283
            ]
          ],
          [
            [
              -74.0087723,
              40.7159378
            ],
            [
              -74.0087393,
              40.7159819
            ],
            [
              -74.008704,
              40.7160292
            ]
          ],
          [
            [
              -74.0087723,
              40.7159378
            ],
            [
              -74.0087701,
              40.7159209
            ]
          ],
          [
            [
              -74.0090648,
              40.7155408
            ],
            [
              -74.0087701,
              40.7159209
            ]
          ],
          [
            [
              -74.0090648,
              40.7155408
            ],
            [
              -74.0090728,
              40.7155316
            ]
          ],
          [
            [
              -74.009098,
              40.7155263
            ],
            [
              -74.0090728,
              40.7155316
            ]
          ],
          [
            [
              -74.0091669,
              40.7154281
            ],
            [
              -74.0091635,
              40.715433
            ],
            [
              -74.0091326,
              40.7154769
            ],
            [
              -74.009098,
              40.7155263
            ]
          ],
          [
            [
              -74.0091669,
              40.7154281
            ],
            [
              -74.009266,
              40.715478
            ]
          ]
        ]
      }
    },
    {
      "type": "Feature",
      "properties": {
        "neighborhood_id": "upper_east_side",
        "neighborhood": "Upper East Side",
        "target_stop_id": "627",
        "target_station": "77 St",
        "target_routes": "4 6 6X",
        "network_distance_m": 591.1656812816622,
        "euclidean_distance_m": 327.0585579371738,
        "extra_distance_m": 264.10712334448834,
        "detour_ratio": 1.8075224357688935,
        "estimated_walk_minutes": 7.389571016020777,
        "growth_pct": 47.7
      },
      "geometry": {
        "type": "MultiLineString",
        "coordinates": [
          [
            [
              -73.956,
              40.7736
            ],
            [
              -73.9552473,
              40.7733103
            ]
          ],
          [
            [
              -73.9572201,
              40.7741403
            ],
            [
              -73.9567373,
              40.7739283
            ],
            [
              -73.9560345,
              40.7736326
            ],
            [
              -73.9552473,
              40.7733103
            ]
          ],
          [
            [
              -73.9576138,
              40.7736041
            ],
            [
              -73.9572201,
              40.7741403
            ]
          ],
          [
            [
              -73.9576888,
              40.7734966
            ],
            [
              -73.9576799,
              40.7735096
            ],
            [
              -73.9576575,
              40.7735424
            ],
            [
              -73.9576212,
              40.7735937
            ],
            [
              -73.9576138,
              40.7736041
            ]
          ],
          [
            [
              -73.9576888,
              40.7734966
            ],
            [
              -73.9580829,
              40.7729777
            ]
          ],
          [
            [
              -73.9580829,
              40.7729777
            ],
            [
              -73.9582194,
              40.7730318
            ],
            [
              -73.9582667,
              40.7730506
            ],
            [
              -73.9582868,
              40.7730586
            ],
            [
              -73.9583543,
              40.7730853
            ]
          ],
          [
            [
              -73.9583543,
              40.7730853
            ],
            [
              -73.9583885,
              40.7730357
            ],
            [
              -73.9584318,
              40.7729732
            ]
          ],
          [
            [
              -73.9597965,
              40.7735474
            ],
            [
              -73.9584318,
              40.7729732
            ]
          ],
          [
            [
              -73.9597965,
              40.7735474
            ],
            [
              -73.959874,
              40.77362
            ]
          ]
        ]
      }
    },
    {
      "type": "Feature",
      "properties": {
        "neighborhood_id": "upper_west_side",
        "neighborhood": "Upper West Side",
        "target_stop_id": "121",
        "target_station": "86 St",
        "target_routes": "1 2",
        "network_distance_m": 295.0467148912517,
        "euclidean_distance_m": 182.57138360507474,
        "extra_distance_m": 112.47533128617698,
        "detour_ratio": 1.6160622166805478,
        "estimated_walk_minutes": 3.6880839361406466,
        "growth_pct": 37.1
      },
      "geometry": {
        "type": "MultiLineString",
        "coordinates": [
          [
            [
              -73.9762,
              40.787
            ],
            [
              -73.9756746,
              40.787012
            ]
          ],
          [
            [
              -73.9756746,
              40.787012
            ],
            [
              -73.9756659,
              40.7870238
            ],
            [
              -73.9756421,
              40.7870571
            ],
            [
              -73.9756121,
              40.7870989
            ],
            [
              -73.975603,
              40.7871218
            ]
          ],
          [
            [
              -73.975603,
              40.7871218
            ],
            [
              -73.9752205,
              40.7876502
            ]
          ],
          [
            [
              -73.9752205,
              40.7876502
            ],
            [
              -73.9752013,
              40.7876766
            ],
            [
              -73.9751496,
              40.7877475
            ],
            [
              -73.9750946,
              40.7878228
            ],
            [
              -73.9750816,
              40.7878407
            ]
          ],
          [
            [
              -73.9762312,
              40.7883305
            ],
            [
              -73.9750816,
              40.7878407
            ]
          ],
          [
            [
              -73.9762312,
              40.7883305
            ],
            [
              -73.976218,
              40.788644
            ]
          ]
        ]
      }
    },
    {
      "type": "Feature",
      "properties": {
        "neighborhood_id": "washington_heights",
        "neighborhood": "Washington Heights",
        "target_stop_id": "A07",
        "target_station": "175 St",
        "target_routes": "A",
        "network_distance_m": 740.550098374926,
        "euclidean_distance_m": 602.4996767501533,
        "extra_distance_m": 138.05042162477275,
        "detour_ratio": 1.2291294534287691,
        "estimated_walk_minutes": 9.256876229686576,
        "growth_pct": 36.7
      },
      "geometry": {
        "type": "MultiLineString",
        "coordinates": [
          [
            [
              -73.9389,
              40.842
            ],
            [
              -73.9388012,
              40.8421439
            ]
          ],
          [
            [
              -73.9388012,
              40.8421439
            ],
            [
              -73.9387829,
              40.8421683
            ],
            [
              -73.9387616,
              40.8422007
            ],
            [
              -73.9387187,
              40.8422542
            ],
            [
              -73.9387078,
              40.8422662
            ],
            [
              -73.9386953,
              40.8422843
            ]
          ],
          [
            [
              -73.9386953,
              40.8422843
            ],
            [
              -73.9383392,
              40.8428001
            ]
          ],
          [
            [
              -73.9385891,
              40.8429049
            ],
            [
              -73.9385573,
              40.8428915
            ],
            [
              -73.938474,
              40.8428566
            ],
            [
              -73.9384604,
              40.8428509
            ],
            [
              -73.9383683,
              40.8428123
            ],
            [
              -73.9383392,
              40.8428001
            ]
          ],
          [
            [
              -73.9390531,
              40.8430966
            ],
            [
              -73.9385891,
              40.8429049
            ]
          ],
          [
            [
              -73.9390424,
              40.8432498
            ],
            [
              -73.9390441,
              40.8432249
            ],
            [
              -73.9390481,
              40.8431682
            ],
            [
              -73.9390518,
              40.8431159
            ],
            [
              -73.9390531,
              40.8430966
            ]
          ],
          [
            [
              -73.9390424,
              40.8432498
            ],
            [
              -73.9389715,
              40.8435584
            ],
            [
              -73.938911,
              40.843822
            ]
          ],
          [
            [
              -73.938911,
              40.843822
            ],
            [
              -73.9389049,
              40.8438455
            ],
            [
              -73.9388941,
              40.8438867
            ]
          ],
          [
            [
              -73.9388761,
              40.8439559
            ],
            [
              -73.9388819,
              40.8439336
            ],
            [
              -73.9388941,
              40.8438867
            ]
          ],
          [
            [
              -73.9391416,
              40.8440767
            ],
            [
              -73.9391135,
              40.8440639
            ],
            [
              -73.9390079,
              40.8440159
            ],
            [
              -73.9389098,
              40.8439713
            ],
            [
              -73.9388761,
              40.8439559
            ]
          ],
          [
            [
              -73.9390183,
              40.8446671
            ],
            [
              -73.9391416,
              40.8440767
            ]
          ],
          [
            [
              -73.9390183,
              40.8446671
            ],
            [
              -73.9390122,
              40.8446904
            ],
            [
              -73.9390003,
              40.8447357
            ]
          ],
          [
            [
              -73.9389814,
              40.8448082
            ],
            [
              -73.9389887,
              40.84478
            ],
            [
              -73.9390003,
              40.8447357
            ]
          ],
          [
            [
              -73.9388486,
              40.8453915
            ],
            [
              -73.9389814,
              40.8448082
            ]
          ],
          [
            [
              -73.9388486,
              40.8453915
            ],
            [
              -73.9388401,
              40.8454202
            ],
            [
              -73.9388285,
              40.8454593
            ]
          ],
          [
            [
              -73.9401462,
              40.8460149
            ],
            [
              -73.9400932,
              40.8459939
            ],
            [
              -73.9388285,
              40.8454593
            ]
          ],
          [
            [
              -73.9401209,
              40.8460755
            ],
            [
              -73.9401293,
              40.8460562
            ],
            [
              -73.9401462,
              40.8460149
            ]
          ],
          [
            [
              -73.9401209,
              40.8460755
            ],
            [
              -73.9401478,
              40.8460867
            ],
            [
              -73.9402225,
              40.8461081
            ]
          ],
          [
            [
              -73.9402225,
              40.8461081
            ],
            [
              -73.9400798,
              40.8464728
            ]
          ],
          [
            [
              -73.9400798,
              40.8464728
            ],
            [
              -73.9400565,
              40.8465308
            ]
          ],
          [
            [
              -73.9400311,
              40.8465923
            ],
            [
              -73.9400565,
              40.8465308
            ]
          ],
          [
            [
              -73.939803,
              40.8471511
            ],
            [
              -73.9400311,
              40.8465923
            ]
          ],
          [
            [
              -73.939803,
              40.8471511
            ],
            [
              -73.9397798,
              40.8472122
            ]
          ],
          [
            [
              -73.9397543,
              40.8472743
            ],
            [
              -73.9397798,
              40.8472122
            ]
          ],
          [
            [
              -73.9397543,
              40.8472743
            ],
            [
              -73.939704,
              40.847391
            ]
          ]
        ]
      }
    },
    {
      "type": "Feature",
      "properties": {
        "neighborhood_id": "west_harlem",
        "neighborhood": "West Harlem",
        "target_stop_id": "115",
        "target_station": "137 St-City College",
        "target_routes": "1",
        "network_distance_m": 185.57231285910905,
        "euclidean_distance_m": 148.4711572627924,
        "extra_distance_m": 37.10115559631666,
        "detour_ratio": 1.2498879666617537,
        "estimated_walk_minutes": 2.319653910738863,
        "growth_pct": 35.7
      },
      "geometry": {
        "type": "MultiLineString",
        "coordinates": [
          [
            [
              -73.952,
              40.8216
            ],
            [
              -73.952209,
              40.8213396
            ]
          ],
          [
            [
              -73.952209,
              40.8213396
            ],
            [
              -73.9528903,
              40.8216321
            ]
          ],
          [
            [
              -73.9529701,
              40.8216641
            ],
            [
              -73.9528903,
              40.8216321
            ]
          ],
          [
            [
              -73.9529701,
              40.8216641
            ],
            [
              -73.9530431,
              40.8216941
            ]
          ],
          [
            [
              -73.9531005,
              40.8217165
            ],
            [
              -73.9530431,
              40.8216941
            ]
          ],
          [
            [
              -73.9531005,
              40.8217165
            ],
            [
              -73.9535288,
              40.8218788
            ]
          ],
          [
            [
              -73.9535288,
              40.8218788
            ],
            [
              -73.9535117,
              40.8219019
            ],
            [
              -73.9534856,
              40.8219388
            ]
          ],
          [
            [
              -73.9534856,
              40.8219388
            ],
            [
              -73.9535995,
              40.8219884
            ]
          ],
          [
            [
              -73.9535995,
              40.8219884
            ],
            [
              -73.953676,
              40.822008
            ]
          ]
        ]
      }
    },
    {
      "type": "Feature",
      "properties": {
        "neighborhood_id": "west_village",
        "neighborhood": "West Village",
        "target_stop_id": "133",
        "target_station": "Christopher St-Stonewall",
        "target_routes": "1 2",
        "network_distance_m": 515.6444702217493,
        "euclidean_distance_m": 365.6458975455678,
        "extra_distance_m": 149.99857267618154,
        "detour_ratio": 1.41022905954384,
        "estimated_walk_minutes": 6.4455558777718664,
        "growth_pct": 57.7
      },
      "geometry": {
        "type": "MultiLineString",
        "coordinates": [
          [
            [
              -74.0059,
              40.7358
            ],
            [
              -74.0058503,
              40.7358073
            ]
          ],
          [
            [
              -74.0058503,
              40.7358073
            ],
            [
              -74.005165,
              40.7359066
            ]
          ],
          [
            [
              -74.0050098,
              40.7353489
            ],
            [
              -74.005165,
              40.7359066
            ]
          ],
          [
            [
              -74.0049831,
              40.7352528
            ],
            [
              -74.0049929,
              40.735288
            ],
            [
              -74.0050098,
              40.7353489
            ]
          ],
          [
            [
              -74.0048293,
              40.7347
            ],
            [
              -74.0049831,
              40.7352528
            ]
          ],
          [
            [
              -74.0048293,
              40.7347
            ],
            [
              -74.0048159,
              40.7346413
            ],
            [
              -74.0048063,
              40.7345992
            ]
          ],
          [
            [
              -74.0048063,
              40.7345992
            ],
            [
              -74.0046512,
              40.7340535
            ]
          ],
          [
            [
              -74.0045267,
              40.7340683
            ],
            [
              -74.0045761,
              40.7340624
            ],
            [
              -74.0046512,
              40.7340535
            ]
          ],
          [
            [
              -74.0045267,
              40.7340683
            ],
            [
              -74.0044996,
              40.7340191
            ],
            [
              -74.0044743,
              40.7339734
            ]
          ],
          [
            [
              -74.0042003,
              40.7334603
            ],
            [
              -74.0044743,
              40.7339734
            ]
          ],
          [
            [
              -74.0042003,
              40.7334603
            ],
            [
              -74.0041964,
              40.7334529
            ],
            [
              -74.004175,
              40.7334104
            ],
            [
              -74.0041594,
              40.7333794
            ],
            [
              -74.0041491,
              40.7333601
            ]
          ],
          [
            [
              -74.0041491,
              40.7333601
            ],
            [
              -74.002993,
              40.7335445
            ]
          ],
          [
            [
              -74.002993,
              40.7335445
            ],
            [
              -74.0028702,
              40.733506
            ],
            [
              -74.0027456,
              40.7334674
            ]
          ],
          [
            [
              -74.0027759,
              40.7334161
            ],
            [
              -74.0027456,
              40.7334674
            ]
          ],
          [
            [
              -74.0027759,
              40.7334161
            ],
            [
              -74.0028113,
              40.7333561
            ]
          ],
          [
            [
              -74.0028113,
              40.7333561
            ],
            [
              -74.002906,
              40.733422
            ]
          ]
        ]
      }
    }
  ]
}