shop_id,tag,name,rating,special_tags,promo,delivery_type,avg_price,addr,lng,lat,monthly_sales_plus,distance_m,start_price,delivery_fee,delivery_time_min,rank,time_period,__source__,is_food_court,has_floor_token,hit_mall_chain,pre_label
20020065406,,青年肉筋卷饼(第六档口吉祥美食城),5.0,20人觉得好吃,最高28;13元;1元店铺红包;返3元红包;集点返3元;支持自取;线上开票;售后无忧,蜂鸟准时达,11.0,中关村南三街6号中科资源大厦地下1层B15室,116.32152825707004,39.98296719288689,200,1406,20.0,0.0,30,北京中关村科贸电子城_中午_010,中午,北京中关村科贸电子城_中午_wgs84.csv,1,1,0,food_court
20021435158,,MODELBOWL轻体碗轻食沙拉健康餐(第20档口渝源居美食城),5.0,18人觉得口感很好;回复超快,最高28;13元;40减2;60减3;83减5;128减8;2元店铺红包;售后无忧,蜂鸟准时达,12.0,学院路乙9号院1号楼2层203号,116.34598490242524,39.99838331442757,3000,4828,15.0,0.0,46,北京中关村科贸电子城_中午_014,中午,北京中关村科贸电子城_中午_wgs84.csv,1,1,0,food_court
1096728324,,醉面·肉酱面牛肉面(中关村科贸店),5.0,94人觉得好吃,最高28;13元;50减1;80减2;100减3;线上开票;售后无忧,蜂鸟准时达,18.0,中关村大街18号B座2层D区04（科贸钻石街美食城内）,116.3119142442856,39.982204588878645,300,47,20.0,0.0,20,北京中关村科贸电子城_中午_038,中午,北京中关村科贸电子城_中午_wgs84.csv,1,0,0,food_court
20007983404,品牌,谷米·中华牛肉瓦锅饭(第3档口吉祥厨房美食城),5.0,22人觉得口感很好,最高28;13元;38减1;58减2;78减3;98减5;128减8;2元店铺红包;集点返3元;线上开票;售后无忧,蜂鸟准时达,19.0,中关村东路与中关村南一条交叉口北160米,116.3276681449439,39.98279940987041,1000,1976,0.0,0.0,35,北京中关村科贸电子城_中午_054,中午,北京中关村科贸电子城_中午_wgs84.csv,1,1,0,food_court
651924336,品牌,CoCo都可(圣熙8号店),5.0,回复超快;近7日816人下单;174人觉得口感醇厚,最高28;13元;10元店铺红包;优评领3元店铺券;返3元红包;支持自取;线上开票,蜂鸟准时达,,学清路甲8号五层美食城,116.34843481377298,40.00740482104915,3000,5590,20.0,9.0,47,北京中关村科贸电子城_中午_059,中午,北京中关村科贸电子城_中午_wgs84.csv,1,0,0,food_court
20007703288,,元气水饺·鲜饺制造铺(第8号档口吉祥美食城),4.6,回复超快;126人觉得味道不错,最高28;13元;59减2;69减3;89减4;109减8;2元店铺红包,蜂鸟准时达,10.0,中关村南三街6号,116.32177662086332,39.98347569411412,3000,1333,0.0,0.0,41,北京中关村科贸电子城_中午_063,中午,北京中关村科贸电子城_中午_wgs84.csv,1,1,0,food_court
20024211120,,彩色泡泡·暖轻食·健康餐北京中关村店(第6档口吉祥美食城),4.9,91人觉得好吃,最高28;13元;66减1;88减2;2元店铺红包;优评领3元店铺券;集点返5元;支持自取;线上开票,蜂鸟准时达,15.0,中关村东路66号2号楼2层商业7-2,116.32772094925286,39.98338728480666,3000,1940,15.0,0.0,35,北京中关村科贸电子城_中午_064,中午,北京中关村科贸电子城_中午_wgs84.csv,1,1,0,food_court
20007858461,,哈尔滨车站的老盒饭(第17档口逸洁美食城),4.6,22人觉得好吃,最高28;13元;38减1;78减2;158减3;首次光顾减2;优评领3元店铺券;集点返3元,蜂鸟准时达,11.0,学清路16号学知轩1层106,116.3467397750251,40.0108614888049,1000,5900,15.0,4.5,66,北京中关村科贸电子城_中午_069,中午,北京中关村科贸电子城_中午_wgs84.csv,1,1,0,food_court
369901488,,咕咕蒸鸡(第8档口庆余年美食城),4.7,1051人觉得好吃,最高28;13元;40减1;60减2;98减5;128减10;首次光顾减2;满赠;线上开票;售后无忧,商家自配送,16.0,知春里甲23号二层206号,116.31887864015548,39.97273770252315,300,1702,18.0,2.0,40,北京中关村科贸电子城_中午_078,中午,北京中关村科贸电子城_中午_wgs84.csv,1,1,0,food_court
1113558185,,一碗赌上厨师生涯的炒饭·王者炒饭(第六号档口吉祥厨房美食城),4.9,近7日374人下单;29人觉得口感好吃,最高28;13元;28减1;38减2;48减3;58减5;88减8;1元店铺红包;优评领3元店铺券;返2元红包;集点返3元;支持自取;极速退,蜂鸟准时达,,中关村南三街6号中科资源大厦地下1层B15室,116.3212817380912,39.98365063911848,1000,1314,1.0,0.0,39,北京中关村科贸电子城_中午_081,中午,北京中关村科贸电子城_中午_wgs84.csv,1,1,0,food_court
20021217268,,牛呢·炖了·探店No.1牛腩牛杂砂锅煲(第9档口禾留香美食城店),4.9,回复超快;18人觉得口味正宗,最高28;13元;38减1;58减2;88减3;108减4;138减5;售后无忧,蜂鸟准时达,21.0,学院路乙9号院1号楼2层202号,116.34598490242524,39.99838331442757,3000,4828,0.0,0.9,45,北京中关村科贸电子城_中午_084,中午,北京中关村科贸电子城_中午_wgs84.csv,1,1,0,food_court
1114327108,,厚府·牛油拌饭(第二档口吉祥厨房美食城大师店),5.0,328人觉得好吃,最高28;13元;49减2;69减3;99减5;支持自取;线上开票;售后无忧,蜂鸟准时达,17.0,中关村南三街6号中科资源大厦地下1层B15室,116.32177562404426,39.98346869631981,1000,1333,0.0,0.0,36,北京中关村科贸电子城_中午_085,中午,北京中关村科贸电子城_中午_wgs84.csv,1,1,0,food_court
20015330202,,川湘快餐(上可味美食城)(五道口店),4.0,17人觉得味道不错,最高28;13元;39减1;48减2;99减3;3元店铺红包;优评领3元店铺券;支持自取;线上开票;极速退;售后无忧,蜂鸟准时达,11.0,中关村东路66号2号楼地下一层,116.32753145776417,39.98280667086936,800,1976,25.0,0.0,37,北京中关村科贸电子城_中午_093,中午,北京中关村科贸电子城_中午_wgs84.csv,1,1,0,food_court
20000166232,品牌,蜜雪冰城(第一档口五道口美食城),4.6,37人觉得口感醇厚,最高28;13元;50减1;支持自取;线上开票;售后无忧,蜂鸟准时达,,五道口方砖厂炸酱面旁,116.32990988985492,39.991653770263184,3000,2696,20.0,0.0,46,北京中关村科贸电子城_中午_099,中午,北京中关村科贸电子城_中午_wgs84.csv,1,1,0,food_court
20014696437,,Timefor牛排·火焰牛排饭·意面(第15号档口亦红美食城),4.9,22人觉得口感很好,最高28;15元(含新客补8);48减1;68减2;98减7;2元店铺红包;支持自取,蜂鸟准时达,23.0,北四环西路66号-1层-158,116.3014327523492,39.98297972991886,1000,1115,15.0,1.3,35,北京中关村科贸电子城_中午_102,中午,北京中关村科贸电子城_中午_wgs84.csv,1,1,0,food_court
20000306108,,共禾之约·创意轻食(第四档口锦鲤智灶美食城),4.9,回复超快;47人觉得口感不错,最高28;13元;55减2;78减3;98减4;售后无忧,蜂鸟准时达,22.0,海淀南路36号一层0102,116.29624337621492,39.97304304306688,1000,2190,20.0,0.1,42,北京中关村科贸电子城_中午_136,中午,北京中关村科贸电子城_中午_wgs84.csv,1,1,0,food_court
293332183,,手工饺子坊(第2档口口福居美食城),4.7,116人觉得好吃,最高28;13元;首次光顾减2;售后无忧,蜂鸟准时达,22.0,知春路29号幸福超市,116.3366916344024,39.97575173131041,52,3083,15.0,4.7,56,北京中关村科贸电子城_中午_160,中午,北京中关村科贸电子城_中午_wgs84.csv,1,1,0,food_court
20019563336,,一家喷醋撒糖的奉天鸡架·火鸡面(风味1北京王庄七号餐饮有限公司),4.8,92人觉得好吃,最高28;13元;39减1;49减2;59减3;99减6;1元店铺红包;首次光顾减1;集点返5元;支持自取;售后无忧,蜂鸟准时达,22.0,东王庄小区33号楼二层-19号（韩国美食城二楼最里面猫猫爱吃取餐）,116.33418333800664,39.99850243063911,900,3775,30.0,0.3,45,北京中关村科贸电子城_中午_188,中午,北京中关村科贸电子城_中午_wgs84.csv,1,0,0,food_court
20012340240,,简粟·中式健康菜(第16档口富市美食城),4.9,回复超快;1114人觉得好吃,最高28;13元(含本店补6);35减1;48减4;58减5;68减6;108减9;2元店铺红包;返2元红包;支持自取;线上开票,蜂鸟准时达,18.0,太阳园13号楼地下一层1号西侧,116.33330604134258,39.96912228299691,1000,3249,20.0,7.0,61,北京中关村科贸电子城_中午_192,中午,北京中关村科贸电子城_中午_wgs84.csv,1,1,0,food_court
20010080017,,李一麻辣香锅·麻辣烫(第07档口富市美食城),0.0,麻辣香锅，人间美味,最高28;13元;29减2;45减5;65减10;86减15;支持自取,蜂鸟准时达,,太阳园13号楼地下一层，富市美食城,116.33293385598998,39.96931797296477,54,3223,22.0,7.0,53,北京中关村科贸电子城_中午_194,中午,北京中关村科贸电子城_中午_wgs84.csv,1,1,0,food_court
20012521464,,大懒龙(第三档口锦鲤智灶美食城),4.8,41人觉得味道不错,最高28;13元;35减5;60减6;1元店铺红包;集点返5元,蜂鸟准时达,19.0,海淀南路36号一层0102,116.29628833130177,39.972707981417415,900,2277,25.0,0.5,42,北京中关村科贸电子城_中午_213,中午,北京中关村科贸电子城_中午_wgs84.csv,1,1,0,food_court
20000399264,,幸好麻辣拌沾串(第9号档口吉祥厨房美食城),4.7,口味正宗;25人觉得味道正宗;回复超快,最高28;13元;29减1;35减2;42减5;60减8;1元店铺红包;集点返3元;售后无忧,蜂鸟准时达,19.0,中关村东路66号2号楼2层商业7-2,116.32761027369752,39.982831519171526,4000,1976,20.0,0.0,40,北京中关村科贸电子城_中午_234,中午,北京中关村科贸电子城_中午_wgs84.csv,1,1,0,food_court
1109532174,,喜赞·轻食健康餐(第1号档口永宝顺来美食城店),4.9,回复超快;21人觉得口感很好;近7日546人下单,最高28;13元;35减2;44减4;55减5;66减6;88减10;3元店铺红包;首次光顾减1;优评领3元店铺券;返3元红包;集点返3元;线上开票,蜂鸟准时达,15.0,四道口2号院1号楼2层226号,116.33910141565408,39.95942698952993,2000,4457,28.0,0.3,67,北京中关村科贸电子城_中午_238,中午,北京中关村科贸电子城_中午_wgs84.csv,1,1,0,food_court
1113616136,品牌,库迪咖啡(第1号档口九洲风味美食城),5.0,16人觉得味道不错;近7日1074人下单,最高28;13元;30减5;40减12;60减15;80减19;2元店铺红包;支持自取;售后无忧,蜂鸟准时达,,中关村南大街17号3号楼-1层B05-4,116.31543105753728,39.95255710598132,3000,3537,1.0,3.2,55,北京中关村科贸电子城_中午_239,中午,北京中关村科贸电子城_中午_wgs84.csv,1,1,0,food_court
1065399064,,炒方便面是招牌!邻上丰味·炒饭·炒面·炒粉(第5档口京食美食城),4.9,97人觉得口感不错;近7日428人下单,最高28;13元;30减1;45减2;59减3;99减5;2元店铺红包;关注0元商品券;透明餐厅,蜂鸟准时达,12.0,学清路23号1号楼1层a112,116.34455941535234,40.009564259774535,1000,5403,20.0,1.6,57,北京中关村科贸电子城_中午_244,中午,北京中关村科贸电子城_中午_wgs84.csv,1,1,0,food_court
20016519322,,6块6家常菜·小份菜(第2档口乐食美食城),4.9,13人觉得好吃,最高28;13元;25减3;38减7;55减11;集点返3元,蜂鸟准时达,11.0,四道口路2号京果商厦B座F1层,116.33986190308784,39.95833566189662,1000,4580,30.0,0.0,66,北京中关村科贸电子城_中午_256,中午,北京中关村科贸电子城_中午_wgs84.csv,1,1,0,food_court
20010210042,,人均20吃饱饱·老蚌埠格子饭(第一档口乐食美食城),4.8,39人觉得好吃,最高28;13元;36减2;48减3;58减5;88减7;100减9;2元店铺红包;售后无忧,蜂鸟准时达,11.0,四道口2号36幢一层203号、303号,116.33990576434525,39.95868056940324,700,4600,22.0,0.0,85,北京中关村科贸电子城_中午_269,中午,北京中关村科贸电子城_中午_wgs84.csv,1,1,0,food_court
1092914295,品牌,晨曦炖汤(第 5 档口京食美食城店),5.0,52人觉得味道不错,最高28;13元(含本店补6);100减1;集点返3元;透明餐厅;售后无忧,蜂鸟准时达,32.0,学清路23号院1号楼1层a112,116.34428501405831,40.00934374302738,100,5382,20.0,1.9,61,北京中关村科贸电子城_中午_275,中午,北京中关村科贸电子城_中午_wgs84.csv,1,1,0,food_court
1102691203,,农耕记·湖南土菜(第16档口京食美食城),5.0,1012人觉得口感丰富;回复超快,最高28;13元;58减3;98减6;168减8;208减12;268减15;返3元红包;透明餐厅;支持自取;线上开票,蜂鸟准时达,21.0,学清路23号院1号楼1层a112,116.34488375744984,40.0094507071256,9999,5433,15.0,3.6,68,北京中关村科贸电子城_中午_283,中午,北京中关村科贸电子城_中午_wgs84.csv,1,1,0,food_court
360598192,品牌,鱼籽村秘制拌饭(五道口店),4.9,30人觉得口感好;近7日1119人下单,最高28;13元;50减2;75减5;100减10;首次光顾减2;优评领2元店铺券;集点返5元;支持自取,蜂鸟准时达,15.0,东王庄小区33号楼王庄美食城2层201-203,116.33415444682964,39.99815649941233,4000,3769,19.0,2.7,41,北京中关村科贸电子城_中午_312,中午,北京中关村科贸电子城_中午_wgs84.csv,1,0,0,food_court
20025244019,,卷云鲜面·鲜切手擀面(第6档口乙九号美食城),5.0,10人觉得好吃;回复超快,最高28;13元(含本店补6);45减2;58减3;88减5;2元店铺红包;关注0.1元商品券;返3元红包;集点返8元;售后无忧,蜂鸟准时达,22.0,学院路乙9号院1号楼2层202号,116.3458183201288,39.99778062321487,100,4862,15.0,0.0,48,北京中关村科贸电子城_中午_338,中午,北京中关村科贸电子城_中午_wgs84.csv,1,1,0,food_court
20015191276,,喜禾年·健康家常菜·新中式轻食(第5号档口渝源居美食城),4.8,608人觉得好吃,最高28;13元;38减2;48减3;68减5;128减10;关注4.9元商品券;优评领3元店铺券;返4元红包;集点返3元;线上开票;极速退,蜂鸟准时达,18.0,学院路乙9号院1号楼2层203号,116.34598490242524,39.99838331442757,1000,4828,28.0,0.8,40,北京中关村科贸电子城_中午_339,中午,北京中关村科贸电子城_中午_wgs84.csv,1,1,0,food_court
1102394339,,重庆鸡公煲(第5档口四海凯悦美食城),5.0,87人觉得好吃,最高28;13元;35减1;55减2;65减3;85减4;支持自取;线上开票;售后无忧,蜂鸟全城达,21.0,慧忠北里105号楼(一层107、109、122、124、A段地下一层),116.40159088891733,40.004696582333935,800,9949,80.0,9.2,78,北京中关村科贸电子城_中午_358,中午,北京中关村科贸电子城_中午_wgs84.csv,1,1,0,food_court
934067089,,胖墩墩·肉蛋堡(第B19号档口橘猫精选美食城),4.8,回复超快;96人觉得口感很好;近7日445人下单,最高28;13元;30减1;45减2;98减3;1元店铺红包;首次光顾减1;集点返3元;支持自取;线上开票;极速退;售后无忧,蜂鸟准时达,13.0,四道口路2号橘猫精选美食城B19,116.3396333184524,39.95896504816381,2000,4500,22.0,0.2,59,北京中关村科贸电子城_中午_374,中午,北京中关村科贸电子城_中午_wgs84.csv,1,1,0,food_court
20014467476,,万家早安·品致早餐(第1档口上地美食城),5.0,40人觉得好吃,最高28;13元;35减2;49减5;89减11;透明餐厅;线上开票;售后无忧,蜂鸟全城达,15.0,马连洼北路8号A座地下一层01号,116.28978682952544,40.03237977598796,1000,7285,18.0,9.8,54,北京中关村科贸电子城_中午_376,中午,北京中关村科贸电子城_中午_wgs84.csv,1,1,0,food_court
769337152,,柳记港式烧腊(第2档口尚品食佳美食城),4.9,口味正宗;596人觉得口感丰富,最高28;13元(含本店补6);50减3;88减5;108减8;首次光顾减2;优评领5元店铺券;线上开票;极速退,蜂鸟全城达,26.0,裕民路18号-1层地下商业,116.37580454524596,39.97081423603099,600,6833,35.0,13.0,70,北京中关村科贸电子城_中午_387,中午,北京中关村科贸电子城_中午_wgs84.csv,1,1,0,food_court
1060631287,,湘味人家(第四档口郦城美食城),4.5,51人觉得味道不错,最高28;13元;30减4;55减10;120减20;2元店铺红包;优评领3元店铺券;支持自取;线上开票;售后无忧,蜂鸟全城达,21.0,四季青路8号郦城工作区一通道,116.26546632259654,39.95220133130002,200,6791,35.0,8.2,39,北京中关村科贸电子城_中午_396,中午,北京中关村科贸电子城_中午_wgs84.csv,1,1,0,food_court
572545046,品牌,麦田归来·四季轻食(第一档口华光商厦美食城),5.0,回复超快;127人觉得口感很好;近7日919人下单,最高28;13元;52减2;69减3;89减4;1元店铺红包;优评领3元店铺券,蜂鸟全城达,17.0,阜成路61号华光商厦4层,116.29585736501284,39.9232686777333,4000,8180,50.0,9.2,59,北京中关村科贸电子城_中午_417,中午,北京中关村科贸电子城_中午_wgs84.csv,1,1,0,food_court
20006328414,,米悦朝鲜族拌饭(第16档口吉祥厨房美食城),4.8,180人觉得好吃;回复超快,最高28;13元;48减1;56减2;99减5;168减6;2元店铺红包;集点返3元;线上开票,蜂鸟准时达,18.0,中关村南三街6号中科资源大厦地下1层B15室,116.32158208961752,39.983311075184304,1000,1368,0.0,0.0,34,北京中关村科贸电子城_中午_433,中午,北京中关村科贸电子城_中午_wgs84.csv,1,1,0,food_court
1088855429,品牌,靠谱儿牛肉饭(北三环店),4.9,49人觉得口感不错,最高28;13元;35减1;50减2;80减3;100减5;200减10;1元店铺红包;首次光顾减2;线上开票;极速退;售后无忧,蜂鸟全城达,21.0,裕民路18号-1地下一层（尚品食佳美食城）,116.37603931422125,39.97083203879708,900,6828,50.0,6.4,69,北京中关村科贸电子城_中午_446,中午,北京中关村科贸电子城_中午_wgs84.csv,1,1,0,food_court
20017986036,,牛蛙江湖干锅菜(第3号档口南门美食城),4.1,44人觉得好吃,最高28;13元;60减2;99减3;132减5;首次光顾减5;返3元红包;线上开票;售后无忧,商家自配送,41.0,文慧园北路9号今典花园,116.35399912634162,39.95291823246239,56,6225,28.0,0.0,50,北京中关村科贸电子城_中午_455,中午,北京中关村科贸电子城_中午_wgs84.csv,1,1,0,food_court
20005300297,,忆家土耳其烤肉拌饭(第8号档口逸洁美食城),4.8,40人觉得好吃;回复超快,最高28;13元;35减1;55减2;90减3;138减4;1元店铺红包;集点返3元;支持自取;线上开票,蜂鸟准时达,11.0,学清路16号学知轩1层106,116.34671781572396,40.01089152438963,2000,5896,15.0,1.5,68,北京中关村科贸电子城_中午_469,中午,北京中关村科贸电子城_中午_wgs84.csv,1,1,0,food_court
1059752382,,人民公社东北菜(第5号档口华府美食城),4.8,回复超快;290人觉得口感丰富;近7日451人下单,最高28;13元(含本店补6);38减2;45减6;65减10;100减15;返3元红包;集点返5元;支持自取;售后无忧,蜂鸟全城达,21.0,马连洼北路138号院1号楼-1层-101,116.27640612059788,40.032180990754505,1000,8194,50.0,9.2,54,北京中关村科贸电子城_中午_472,中午,北京中关村科贸电子城_中午_wgs84.csv,1,1,0,food_court
20009817168,,祁姥姥家的疙瘩汤(第一档口吉祥厨房美食城),4.9,317人觉得好吃;回复超快,7元老朋友补贴;最高28;12元;38减2;48减3;68减5;98减8;1元店铺红包;夜宵100减30;返2元红包;集点返3元;线上开票;极速退,蜂鸟准时达,16.0,中关村南三街6号中科资源大厦,116.32177662086332,39.98347569411412,2000,1333,20.0,2.2,20,北京中关村科贸电子城_宵夜_013,宵夜,北京中关村科贸电子城_宵夜_wgs84.csv,1,1,0,food_court
20016420440,,他大舅东北老饭盒(第08档口庆余年美食城),4.5,回复超快;480人觉得好吃,7元老朋友补贴;最高28;39减2;57减4;81减7;1元店铺红包;夜宵100减30;集点返3元;售后无忧,蜂鸟准时达,10.0,知春里甲23号二层206号,116.3192617690876,39.97267596909383,4000,1719,20.0,0.0,26,北京中关村科贸电子城_宵夜_016,宵夜,北京中关村科贸电子城_宵夜_wgs84.csv,1,1,0,food_court
20022290042,,淮南牛肉汤(第3号档口逸杰美食城),4.8,51人觉得好吃,7元老朋友补贴;最高28;69减5;2元店铺红包;夜宵100减30;集点返5元;支持自取;售后无忧,蜂鸟准时达,17.0,学清路16号学知轩1层106,116.34684153989818,40.01108830744484,1000,5910,15.0,3.0,38,北京中关村科贸电子城_宵夜_019,宵夜,北京中关村科贸电子城_宵夜_wgs84.csv,1,1,0,food_court
20022454178,,粤茗客茶点·港式茶餐厅(第二档口农科美食城店),4.9,793人觉得口感丰富;海淀区地方菜·第1名,7元老朋友补贴;最高28;12元;88减2;158减5;208减8;235减10;2元店铺红包;集点返5元;满赠;售后无忧,蜂鸟准时达,31.0,中关村南大街12号院东区2号楼103,116.32645044296052,39.96305553563659,6000,3459,32.0,1.7,26,北京中关村科贸电子城_宵夜_021,宵夜,北京中关村科贸电子城_宵夜_wgs84.csv,1,1,0,food_court
20014989364,,王者蛋炒饭·走出扬州(第8号档口吉祥厨房美食城),4.9,308人觉得好吃,7元老朋友补贴;最高28;12元;28减1;38减2;48减3;58减5;88减8;1元店铺红包;夜宵100减30;优评领3元店铺券;返2元红包;集点返3元;极速退,蜂鸟准时达,10.0,中关村南三街6号中科资源大厦地下1层B15室,116.32150223637356,39.98360421678091,2000,1373,0.0,1.6,20,北京中关村科贸电子城_宵夜_023,宵夜,北京中关村科贸电子城_宵夜_wgs84.csv,1,1,0,food_court
656989350,品牌,阿呆锅锅现炒·炒饭·炒粉·炒面(第二档口一美闲美食城),4.8,近7日1056人下单;3561人觉得非常好吃,7元老朋友补贴;最高28;12元;25减1;45减2;55减3;85减5;125减10;夜宵100减30,蜂鸟准时达,10.0,科学院南路知春里23号(知春公园西门对面),116.31891855835774,39.97266062896291,4000,1737,12.0,1.9,26,北京中关村科贸电子城_宵夜_028,宵夜,北京中关村科贸电子城_宵夜_wgs84.csv,1,1,0,food_court
670152406,品牌,Obligi Chicken韩式炸鸡((第四号档口营养小厨美食城店)),4.9,近7日1087人下单;1405人觉得好吃,7元老朋友补贴;最高28;12元;38减1;48减2;65减3;2元店铺红包;夜宵100减30;优评领2元店铺券;集点返5元;线上开票,蜂鸟准时达,11.0,中关村南大街2号A座A6,116.31696202202669,39.96484469320711,4000,2215,0.0,0.0,36,北京中关村科贸电子城_宵夜_030,宵夜,北京中关村科贸电子城_宵夜_wgs84.csv,1,1,0,food_court
649097270,品牌,左小姐·手工炸排骨(第3档口食客集荟美食城),5.0,近7日418人下单;3048人觉得好吃,7元老朋友补贴;最高28;12元;2元店铺红包;夜宵58减21;返2元红包;满赠;支持自取;售后无忧,蜂鸟准时达,19.0,清华东路25号2号楼1层1-1号,116.34537192026367,40.00026527662491,1000,4712,20.0,5.0,39,北京中关村科贸电子城_宵夜_031,宵夜,北京中关村科贸电子城_宵夜_wgs84.csv,1,1,0,food_court
20022491328,,一品黄焖鸡米饭(第9号档口食客集汇美食城),4.9,口味正宗;34人觉得味道不错,7元老朋友补贴;最高28;45减2;65减4;85减6;5元店铺红包;夜宵58减21;优评领5元店铺券;集点返3元,蜂鸟准时达,17.0,清华东路25号2号楼1层1—1号,116.34537692257976,40.000166272371104,400,4709,15.0,4.8,33,北京中关村科贸电子城_宵夜_039,宵夜,北京中关村科贸电子城_宵夜_wgs84.csv,1,1,0,food_court
677535030,品牌,私町外带寿司(第5档口营养小厨美食城),4.9,近7日729人下单;186人觉得口感很好,7元老朋友补贴;最高28;12元;49减2;88减4;128减6;188减10;2元店铺红包;夜宵100减30;集点返5元;线上开票;售后无忧,蜂鸟准时达,19.0,中关村南大街2号A座A6,116.31697599267524,39.96482466726152,3000,2215,20.0,0.1,39,北京中关村科贸电子城_宵夜_048,宵夜,北京中关村科贸电子城_宵夜_wgs84.csv,1,1,0,food_court
20015915084,品牌,汉江里·韩国炸鸡(时代网络大厦店),4.9,194人觉得好吃;回复超快,7元老朋友补贴;最高28;12元;48减1;68减2;98减3;1元店铺红包;夜宵58减21;关注0元商品券;售后无忧,蜂鸟准时达,26.0,海淀南路19号1层1008-4（时代网络大厦一楼金福盛悦美食城里面）,116.30462302108631,39.97546634308582,2000,1237,15.0,0.0,23,北京中关村科贸电子城_宵夜_052,宵夜,北京中关村科贸电子城_宵夜_wgs84.csv,1,0,0,food_court
20013555050,品牌,朴正喜韩式炸鸡·火鸡面(第6号档口锦鲤智灶美食城),4.9,299人觉得好吃,7元老朋友补贴;最高28;48减2;68减3;88减4;2元店铺红包;夜宵58减21;优评领5元店铺券;返2元红包;集点返3元;支持自取;线上开票;售后无忧,蜂鸟准时达,15.0,海淀南路36号一层0102,116.29636018976234,39.97272686052597,1000,2280,0.0,0.0,30,北京中关村科贸电子城_宵夜_059,宵夜,北京中关村科贸电子城_宵夜_wgs84.csv,1,1,0,food_court
20002821220,,驴火先生·新中式汉堡(中关村第9档口吉祥厨房美食城店),4.4,223人觉得好吃,7元老朋友补贴;最高28;夜宵58减21;集点返3元;线上开票;极速退;售后无忧,蜂鸟准时达,13.0,中关村南三街6号中科资源大厦地下1层B15室,116.32155511477092,39.98360311508322,4000,1321,20.0,0.0,22,北京中关村科贸电子城_宵夜_074,宵夜,北京中关村科贸电子城_宵夜_wgs84.csv,1,1,0,food_court
1111769341,品牌,箐筳·荷叶烤鸡(第06档口星选闪电美食城),5.0,近7日596人下单;回复超快,7元老朋友补贴;最高28;12元;40减1;55减2;75减3;100减5;1元店铺红包;夜宵100减30;线上开票,蜂鸟准时达,17.0,中关村东路18号-1层,116.32772751439094,39.98669913556119,2000,1934,0.0,1.7,21,北京中关村科贸电子城_宵夜_078,宵夜,北京中关村科贸电子城_宵夜_wgs84.csv,1,1,0,food_court
20020918358,,泰尚煌·咖喱蛋包饭(东王庄店),5.0,回复超快;26人觉得爱吃,7元老朋友补贴;最高28;12元;59减4;89减5;99减6;2元店铺红包;夜宵58减21;首次光顾减1;集点返3元;支持自取;线上开票;售后无忧,蜂鸟准时达,16.0,东王庄33号楼二层韩国美食城内,116.33417039983112,39.99824446587293,3000,3780,38.0,0.6,33,北京中关村科贸电子城_宵夜_082,宵夜,北京中关村科贸电子城_宵夜_wgs84.csv,1,0,0,food_court
1065461032,,潮皇潮汕砂锅粥(第3号档口铁道边儿美食城),4.9,近7日712人下单;51人觉得好喝;回复超快,7元老朋友补贴;最高28;12元;75减5;2元店铺红包;夜宵58减21;关注0.1元商品券;优评领2元店铺券;线上开票,蜂鸟准时达,15.0,学院路暂安处1号蓟鑫大厦A区A1-39,116.33391934181624,39.98739539275702,2000,2572,25.0,0.0,20,北京中关村科贸电子城_宵夜_097,宵夜,北京中关村科贸电子城_宵夜_wgs84.csv,1,1,0,food_court
20001157248,,东北烤冷面·芝士火鸡面(第四号档口美闲美食城),4.5,口味正宗;21人觉得味道正宗;回复超快,7元老朋友补贴;最高28;12元;38减2;48减3;58减4;88减5;1元店铺红包;夜宵58减21;线上开票;售后无忧,蜂鸟准时达,17.0,知春里甲23号二层205号,116.31891855835774,39.97266062896291,1000,1737,20.0,0.0,26,北京中关村科贸电子城_宵夜_098,宵夜,北京中关村科贸电子城_宵夜_wgs84.csv,1,1,0,food_court
1057864301,,三好韩式嫩豆腐汤(第9号档口上可味美食城),4.7,近7日560人下单;回复超快;618人觉得好吃,7元老朋友补贴;最高28;38减1;65减2;100减3;1元店铺红包;夜宵100减30;支持自取;线上开票;售后无忧,蜂鸟准时达,11.0,中关村街道中关村东路64号世纪科贸大厦C座负1层,116.32768413107227,39.98261938670248,2000,1976,15.0,0.0,31,北京中关村科贸电子城_宵夜_103,宵夜,北京中关村科贸电子城_宵夜_wgs84.csv,1,1,0,food_court
1090252296,,提钱退休の猪排饭(第2号档口橘猫精选美食城),4.7,近7日781人下单;15人觉得色香味俱全,7元老朋友补贴;最高28;12元;48减2;68减4;88减6;108减8;128减10;1元店铺红包;夜宵58减21;优评领2元店铺券;支持自取;线上开票;售后无忧,蜂鸟准时达,12.0,四道口2号院1号楼二层202号,116.33919325475637,39.959119835732565,2000,4472,0.0,0.6,40,北京中关村科贸电子城_宵夜_106,宵夜,北京中关村科贸电子城_宵夜_wgs84.csv,1,1,0,food_court
837454185,,合椒魂●麻辣香锅(第1号档口富老八美食城),4.9,近7日833人下单;回复超快,7元老朋友补贴;最高28;12元;35减2;48减3;68减4;88减5;108减8;夜宵58减21;返3元红包;集点返4元;满赠;支持自取;线上开票;极速退,蜂鸟准时达,20.0,双榆树西里3号楼南侧小吃店,116.31696777253316,39.96671660763051,3000,1969,20.0,0.0,31,北京中关村科贸电子城_宵夜_113,宵夜,北京中关村科贸电子城_宵夜_wgs84.csv,1,1,0,food_court
371934464,品牌,Obligi Chicken韩式炸鸡(第5号档口五道口遇叶美食城),4.7,回复超快;近7日861人下单,7元老朋友补贴;最高28;38减1;48减2;65减3;首次光顾减1;优评领1元店铺券;返3元红包;满赠;线上开票;售后无忧,蜂鸟准时达,12.0,五道口东王庄甲1号5幢平房16号,116.33401193905053,39.996801823447335,3000,3614,0.0,3.5,34,北京中关村科贸电子城_宵夜_116,宵夜,北京中关村科贸电子城_宵夜_wgs84.csv,1,1,0,food_court
20007609229,品牌,曼玲粥·民族大学西路店(第1号档口食尚美食街美食城),4.9,116人觉得味道不错;回复超快,7元老朋友补贴;最高28;32减1;45减2;2元店铺红包;夜宵100减30;集点返3元;支持自取;线上开票,蜂鸟准时达,13.0,民族大学西路8号院1号楼四层401,116.31138995780334,39.95410670096378,2000,3725,25.0,1.9,38,北京中关村科贸电子城_宵夜_119,宵夜,北京中关村科贸电子城_宵夜_wgs84.csv,1,1,0,food_court
20014611224,,曹氏鸭脖川味热卤麻辣烫(第2号档口庆余年美食城),4.6,17人觉得爱吃;回复超快,7元老朋友补贴;最高28;12元;42减1;52减2;62减3;82减5;1元店铺红包;夜宵100减30;集点返3元;售后无忧,蜂鸟准时达,15.0,知春里甲23号二层206号,116.318884633869,39.97267869338525,2000,1705,25.0,0.0,26,北京中关村科贸电子城_宵夜_121,宵夜,北京中关村科贸电子城_宵夜_wgs84.csv,1,1,0,food_court
524344020,品牌,小谷姐姐麻辣拌●麻辣烫(五道口店),4.9,近7日1705人下单;702人觉得口感好,7元老朋友补贴;最高28;42减5;66减9;82减12;2元店铺红包;夜宵100减30;优评领0元商品券;返3元红包;线上开票;售后无忧,蜂鸟准时达,13.0,东王庄33号2层-7五道口韩国美食城,116.33422326742772,39.99835236263921,7000,3801,25.0,0.4,36,北京中关村科贸电子城_宵夜_124,宵夜,北京中关村科贸电子城_宵夜_wgs84.csv,1,0,0,food_court
543972013,,大阪の豚骨拉面(第1档口聚鼎荟美食城),5.0,近7日625人下单;5636人觉得好吃,7元老朋友补贴;最高28;12元;38减1;48减2;65减3;2元店铺红包;夜宵100减30;支持自取;线上开票,蜂鸟准时达,12.0,大钟寺第二食品厂西农科院北圃厂(中关村东路118号)南楼二层F2-032号,116.32860594208908,39.9674332404088,2000,3068,0.0,0.0,34,北京中关村科贸电子城_宵夜_131,宵夜,北京中关村科贸电子城_宵夜_wgs84.csv,1,1,0,food_court
20000136168,,叫了只炸鸡(第七档口锦鲤智灶美食城店),4.9,192人觉得好吃,7元老朋友补贴;最高28;45减2;65减5;88减8;100减10;1元店铺红包;夜宵100减30;线上开票,蜂鸟准时达,16.0,美华海润大厦一层102锦鲤智灶(美华·海润大厦店),116.29630432884356,39.97248096379439,1000,2294,20.0,1.7,33,北京中关村科贸电子城_宵夜_133,宵夜,北京中关村科贸电子城_宵夜_wgs84.csv,1,1,0,food_court
20002367073,,湘遇臭豆腐卷凉皮烤冷面(第7号档口利康金桥美食城店),4.9,444人觉得好吃;回复超快,7元老朋友补贴;最高28;12元;36减1;43减2;58减3;78减4;100减6;2元店铺红包;夜宵58减21;优评领9元商品券;集点返5元;支持自取;线上开票;售后无忧,蜂鸟准时达,16.0,中关村东路18号财智国际大厦负1层,116.32768061478892,39.98675622282748,3000,1936,20.0,0.0,20,北京中关村科贸电子城_宵夜_135,宵夜,北京中关村科贸电子城_宵夜_wgs84.csv,1,1,0,food_court
20024533041,,薯栗汇糖葫芦(第9档口五道口纪菜园美食城),4.8,包装好评率93%;回复超快,7元老朋友补贴;最高28;12元;38减2;50减8;80减15;夜宵100减30;支持自取;极速退;售后无忧,蜂鸟准时达,21.0,成府路华清嘉园会所二层102号,116.32946197234683,39.99118664120589,500,2668,20.0,0.0,22,北京中关村科贸电子城_宵夜_137,宵夜,北京中关村科贸电子城_宵夜_wgs84.csv,1,1,0,food_court
537568212,,大碗香焖面·牛肉汤(A2+橘猫精选美食城),4.5,近7日326人下单;482人觉得味道不错,7元老朋友补贴;最高28;12元;39减1;55减2;88减3;2元店铺红包;夜宵58减21;支持自取;线上开票;售后无忧,蜂鸟准时达,10.0,四道口2号院1号楼二层202，京果商厦,116.3394487277768,39.95889638349189,1000,4486,0.0,0.2,39,北京中关村科贸电子城_宵夜_140,宵夜,北京中关村科贸电子城_宵夜_wgs84.csv,1,0,0,food_court
20001837262,,赌上厨师职业生涯的炒饭!锄禾蛋炒饭·炒面·炒粉(第6号档口档口蓝鲸云厨美食城),4.6,602人觉得好吃;回复超快,7元老朋友补贴;最高28;12元;35减1;50减2;70减3;100减4;夜宵58减21;支持自取,蜂鸟准时达,11.0,四道口2号院1号楼二层202号（橘猫精选C2）,116.33955749625282,39.95886018888456,2000,4496,0.0,4.2,36,北京中关村科贸电子城_宵夜_141,宵夜,北京中关村科贸电子城_宵夜_wgs84.csv,1,1,0,food_court
428398028,品牌,碳火小腰·烧烤·五道口(第2档口铁道边美食城),4.8,近7日423人下单;1526人觉得好吃;回复超快,7元老朋友补贴;最高28;12元;38减1;70减4;110减6;3元店铺红包;夜宵58减21;首次光顾减1;优评领3元店铺券;返3元红包;集点返3元,商家自配送,18.0,暂安处1号蓟鑫大厦A区A1-39,116.33404207797332,39.98730116752884,1000,2551,30.0,0.0,35,北京中关村科贸电子城_宵夜_145,宵夜,北京中关村科贸电子城_宵夜_wgs84.csv,1,1,0,food_court
1104056335,,陈记麻辣香锅(第7号档口禾留香美食城),4.9,近7日579人下单;海淀区香锅·第3名;回复超快,7元老朋友补贴;最高28;12元;35减2;45减3;55减4;88减8;118减16;2元店铺红包;夜宵100减30;集点返5元;售后无忧,蜂鸟准时达,17.0,学院路乙9号院1号楼2层202号,116.34579138346226,39.99771667175147,2000,4707,20.0,3.5,38,北京中关村科贸电子城_宵夜_148,宵夜,北京中关村科贸电子城_宵夜_wgs84.csv,1,1,0,food_court
20009473382,,饺子研究所·东北大馅水饺(第3档口食客集汇美食城),4.8,72人觉得好吃,7元老朋友补贴;最高28;12元;1元店铺红包;夜宵58减21;支持自取;售后无忧,蜂鸟准时达,,清华东路25号2号楼1层1-1号,116.34544175822494,40.00040915115445,1000,4729,10.0,8.0,37,北京中关村科贸电子城_宵夜_152,宵夜,北京中关村科贸电子城_宵夜_wgs84.csv,1,1,0,food_court
1098254225,,饼不厌炸·炸串(第23号档口铁道边儿美食城),4.9,89人觉得爱吃;近7日370人下单,7元老朋友补贴;最高28;12元;33减3;45减10;68减15;夜宵100减30;集点返5元;支持自取;线上开票,蜂鸟准时达,20.0,暂安处1号蓟鑫大厦A区A1-39,116.33392637577931,39.98700339589555,1000,2519,15.0,2.5,20,北京中关村科贸电子城_宵夜_153,宵夜,北京中关村科贸电子城_宵夜_wgs84.csv,1,1,0,food_court
1086178094,,淄博烧烤·相约五道口(第1号档口铁道边美食城),4.8,1166人觉得好吃;近7日331人下单;回复超快,7元老朋友补贴;最高28;12元;38减1;70减2;110减3;2元店铺红包;夜宵58减21;首次光顾减1;优评领3元店铺券;返3元红包;集点返3元,商家自配送,19.0,学院路暂安处1号蓟鑫大厦A区,116.33411997882584,39.98670404694379,1000,2484,30.0,1.5,35,北京中关村科贸电子城_宵夜_154,宵夜,北京中关村科贸电子城_宵夜_wgs84.csv,1,1,0,food_court
20003261377,,潮粤故事茶点·港式茶餐厅(第6号档口橘猫精选美食城),4.9,口味正宗;71人觉得口感丰富,7元老朋友补贴;最高28;12元;35减2;55减4;78减5;88减6;2元店铺红包;夜宵58减21;集点返8元;透明餐厅;线上开票;售后无忧,蜂鸟准时达,13.0,四道口2号院1号楼二层202号,116.33955749625282,39.95886018888456,3000,4496,20.0,0.0,32,北京中关村科贸电子城_宵夜_157,宵夜,北京中关村科贸电子城_宵夜_wgs84.csv,1,1,0,food_court
20017104374,,馋阿喵凉皮·煎饼·烤冷面·臭豆腐·炸串(第06档口菜大妈美食城),4.8,29人觉得很好吃,7元老朋友补贴;最高28;12元;38减1;49减2;69减4;1元店铺红包;夜宵100减30;极速退,蜂鸟准时达,11.0,知春东路15号1层1层东南角，菜大妈超市外面,116.31988416371524,39.97407071681743,1000,1647,25.0,0.0,26,北京中关村科贸电子城_宵夜_158,宵夜,北京中关村科贸电子城_宵夜_wgs84.csv,1,1,0,food_court
525007422,,左小姐排骨炸肉(第01档口老八美食城),4.9,91人觉得很脆,7元老朋友补贴;最高28;38减2;50减4;88减10;120减20;夜宵100减30;集点返3元;支持自取,蜂鸟准时达,23.0,双榆树西里3号楼南侧小吃店,116.31675722615586,39.96692800213843,1000,1995,20.0,0.0,30,北京中关村科贸电子城_宵夜_165,宵夜,北京中关村科贸电子城_宵夜_wgs84.csv,1,1,0,food_court
20005805443,,竹巷里叫花鸡(第十档口美闲美食城),4.4,79人觉得好吃,7元老朋友补贴;最高28;38减1;45减2;68减4;98减8;129减10;夜宵58减21;首次光顾减1;集点返5元;线上开票;售后无忧,蜂鸟准时达,15.0,知春里甲23号二层205号,116.31891855835774,39.97266062896291,100,1737,15.0,0.0,26,北京中关村科贸电子城_宵夜_167,宵夜,北京中关村科贸电子城_宵夜_wgs84.csv,1,1,0,food_court
20025343468,,美滋滋烤肉拌饭(第B7号档口橘猫精选美食城),5.0,49人觉得好吃,7元老朋友补贴;最高28;12元;35减1;45减2;65减3;夜宵100减30;集点返3元;支持自取;售后无忧,蜂鸟准时达,13.0,四道口2号院1号楼二层202号,116.33925112886804,39.959119731202186,200,4427,0.0,0.2,39,北京中关村科贸电子城_宵夜_173,宵夜,北京中关村科贸电子城_宵夜_wgs84.csv,1,1,0,food_court
843238239,,佳木斯人在北京·特色烧烤·拌饭(第7档口口福居美食城),5.0,732人觉得好吃;回复超快;正宗味道,7元老朋友补贴;最高28;58减15;88减25;148减35;夜宵100减30;集点返3元;支持自取;售后无忧,蜂鸟准时达,23.0,知春路29号7-8号楼1层,116.33676345730473,39.97589459353941,1000,3093,20.0,0.0,30,北京中关村科贸电子城_宵夜_184,宵夜,北京中关村科贸电子城_宵夜_wgs84.csv,1,1,0,food_court
20017445137,,带你去吃佳木斯去拌饭·锅包肉冷面(第B26号档口橘猫精选美食城),4.8,口味正宗;73人觉得好吃,7元老朋友补贴;最高28;12元;48减2;69减3;99减5;2元店铺红包;夜宵58减21;首次光顾减1;优评领3元店铺券;集点返3元;支持自取;售后无忧,蜂鸟准时达,13.0,四道口2号院1号楼二层202号,116.33925112886804,39.959119731202186,1000,4427,0.0,0.2,41,北京中关村科贸电子城_宵夜_192,宵夜,北京中关村科贸电子城_宵夜_wgs84.csv,1,1,0,food_court
406201317,,猫猫爱吃烤冷面·火鸡面·炸串(五道口店),4.9,口味正宗;近7日907人下单;4636人觉得好吃,7元老朋友补贴;最高28;12元;39减1;49减2;69减3;99减6;2元店铺红包;夜宵100减30;支持自取;线上开票;售后无忧,蜂鸟准时达,23.0,东王庄小区33号楼二层-21号 韩国美食城二楼猫猫爱吃烤冷面 对门是花小小,116.33424620704696,39.99842231685725,3000,3801,36.0,2.0,32,北京中关村科贸电子城_宵夜_196,宵夜,北京中关村科贸电子城_宵夜_wgs84.csv,1,0,0,food_court
20015556081,,津卫·天津煎饼果子(第2号档口禾留香美食城),4.9,77人觉得好吃,7元老朋友补贴;最高28;26减2;49减6;89减14;159减24;2元店铺红包;首次光顾减1;售后无忧,蜂鸟准时达,16.0,学院路乙9号院1号楼2层,116.34598490242524,39.99838331442757,1000,4828,20.0,2.2,33,北京中关村科贸电子城_宵夜_201,宵夜,北京中关村科贸电子城_宵夜_wgs84.csv,1,1,0,food_court
1096997128,品牌,晨曦鲍鱼饭(第4号档口京食美食城),5.0,近7日354人下单;回复超快;123人觉得好吃,7元老朋友补贴;最高28;12元;65减2;128减4;1元店铺红包;夜宵100减30;透明餐厅;线上开票;售后无忧,蜂鸟准时达,28.0,学清路23号院1号楼1层A112,116.34428501405831,40.00934374302738,1000,5382,15.0,2.9,28,北京中关村科贸电子城_宵夜_207,宵夜,北京中关村科贸电子城_宵夜_wgs84.csv,1,1,0,food_court
20005233305,,吉祥馄饨(第1档口食客集汇美食城),4.8,120人觉得好吃,7元老朋友补贴;最高28;35减1;夜宵100减30;关注1.8元商品券;集点返3元;支持自取,蜂鸟准时达,19.0,清华东路25号2号楼1层-1号,116.34543578210987,40.0003181652983,400,4723,30.0,4.1,32,北京中关村科贸电子城_宵夜_209,宵夜,北京中关村科贸电子城_宵夜_wgs84.csv,1,1,0,food_court
20022980262,,犇犇堡·炙烤牛肉汉堡(第3档口京食美食城),4.9,月泉路汉堡薯条热销榜·上榜好店;96人觉得好吃,7元老朋友补贴;最高28;12元;48减1;68减2;98减3;118减5;2元店铺红包;夜宵100减30;首次光顾减2;优评领2元店铺券;返2元红包;集点返3元;满赠;透明餐厅;支持自取;售后无忧,蜂鸟准时达,18.0,学清路23号院1号楼1层a112,116.34428501405831,40.00934374302738,1000,5382,0.0,0.0,28,北京中关村科贸电子城_宵夜_211,宵夜,北京中关村科贸电子城_宵夜_wgs84.csv,1,1,0,food_court
20022177057,,江湖石锅鸡公煲·五道口(第二号档口凯时广场美食城),5.0,146人觉得好吃,7元老朋友补贴;最高28;12元;21减21;60减25;80减30;100减40;150减50;1元店铺红包;夜宵100减30;首次光顾减1;返2元红包;集点返3元;售后无忧,蜂鸟准时达,20.0,东王庄33号楼一层33-8,116.33440488548534,39.99815103281591,900,3826,20.0,4.4,30,北京中关村科贸电子城_宵夜_219,宵夜,北京中关村科贸电子城_宵夜_wgs84.csv,1,1,0,food_court
241547082,,醉爱黄焖鸡米饭排骨米饭(第2档口韩国美食城),4.9,近7日1177人下单;10316人觉得好吃,7元老朋友补贴;最高28;36减1;55减3;80减8;100减10;150减15;3元店铺红包;夜宵100减30;首次光顾减1;优评领3元店铺券;返2元红包;集点返3元;支持自取;线上开票;极速退;售后无忧,蜂鸟准时达,14.0,东王庄33号楼一层33-8,116.33453057347138,39.99838878852934,3000,3848,20.0,2.4,30,北京中关村科贸电子城_宵夜_231,宵夜,北京中关村科贸电子城_宵夜_wgs84.csv,1,1,0,food_court
20024567153,,好好吃·脆皮鸡烤肉拌饭(第60号档口橘猫精选美食城),5.0,12人觉得非常好吃,7元老朋友补贴;最高28;12元;48减2;68减3;88减4;108减6;2元店铺红包;夜宵58减21;集点返5元;支持自取;线上开票,蜂鸟准时达,12.0,四道口2号院1号楼二层202号,116.33925112886804,39.959119731202186,600,4427,15.0,0.6,42,北京中关村科贸电子城_宵夜_233,宵夜,北京中关村科贸电子城_宵夜_wgs84.csv,1,1,0,food_court
1087854135,品牌,晨曦鲍鱼饭(第8档口绿安美食城店),4.9,198人觉得好吃,7元老朋友补贴;最高28;12元;88减1;128减2;1元店铺红包;夜宵58减21;极速退,商家自配送,26.0,中关村南大街12号院东区2号楼103,116.32645143713094,39.96308353261871,800,3459,20.0,0.0,43,北京中关村科贸电子城_宵夜_234,宵夜,北京中关村科贸电子城_宵夜_wgs84.csv,1,1,0,food_court
20008093066,,曹氏鸭脖·热卤麻辣烫(第38档口橘猫美食城),4.9,118人觉得好吃,7元老朋友补贴;最高28;12元;54减3;69减5;2元店铺红包;夜宵100减30;优评领2元店铺券;集点返3元;线上开票,蜂鸟准时达,19.0,四道口路2号院1号楼二层202,116.33965527554165,39.95892801010028,1000,4504,35.0,0.0,35,北京中关村科贸电子城_宵夜_242,宵夜,北京中关村科贸电子城_宵夜_wgs84.csv,1,1,0,food_court
253120122,品牌,麦特派·炸鸡汉堡 (中央财经大学店第B10号档口橘猫精选美食城),4.8,近7日413人下单;265人觉得好吃,7元老朋友补贴;最高28;12元;48减2;3元店铺红包;夜宵100减30;优评领2元店铺券;支持自取;线上开票;极速退;售后无忧,蜂鸟准时达,11.0,四道口2号院1号楼2层202号B10号档口(橘猫星厨),116.33953060818756,39.9584382540585,1000,4478,48.0,0.0,42,北京中关村科贸电子城_宵夜_243,宵夜,北京中关村科贸电子城_宵夜_wgs84.csv,1,1,0,food_court
872394115,,鄂皖情·武汉热干面(第6档口聚鼎荟美食城),5.0,口味正宗;近7日404人下单;1701人觉得好吃,7元老朋友补贴;最高28;12元;60减1;150减2;200减4;3元店铺红包;夜宵100减30;支持自取;线上开票,蜂鸟准时达,11.0,大钟寺第二食品厂西农科院北圃厂(中关村东路118号)南楼二层F2-032号,116.32881944802118,39.96747483176936,1000,3064,15.0,0.0,42,北京中关村科贸电子城_宵夜_250,宵夜,北京中关村科贸电子城_宵夜_wgs84.csv,1,1,0,food_court
1113274238,品牌,箐筳荷叶烤鸡(第B9号档口橘猫精选美食城),5.0,106人觉得好吃;海淀区炸鸡炸串热销榜·第5名,7元老朋友补贴;最高28;12元;48减2;58减3;88减4;1元店铺红包;夜宵100减30;集点返3元;线上开票,蜂鸟准时达,16.0,四道口路2号院1号楼二层202,116.33970515826717,39.95899991746452,1000,4509,65.0,5.0,38,北京中关村科贸电子城_宵夜_252,宵夜,北京中关村科贸电子城_宵夜_wgs84.csv,1,1,0,food_court
647847406,品牌,奉天·十三记熏拌鸡架(第二档口五道口美食城),4.9,口味正宗;2401人觉得好吃,7元老朋友补贴;最高28;12元;50减5;128减6;168减9;3元店铺红包;首次光顾减3;优评领3元店铺券;返2元红包;集点返10元;支持自取;线上开票;售后无忧,蜂鸟准时达,19.0,学院路乙9号院1号楼2层203号,116.34579138346226,39.99771667175147,1000,4707,20.0,2.0,34,北京中关村科贸电子城_宵夜_262,宵夜,北京中关村科贸电子城_宵夜_wgs84.csv,1,1,0,food_court
20010308231,,京都板面(第6档口京食美食城),4.8,56人觉得好吃,7元老朋友补贴;最高28;12元;50减1;70减2;80减3;90减5;200减8;10元店铺红包;夜宵58减21;集点返5元;透明餐厅;支持自取;售后无忧,蜂鸟准时达,17.0,学清路23号1号楼1层a112号京食美食城,116.34455941535234,40.009564259774535,500,5403,10.0,7.8,37,北京中关村科贸电子城_宵夜_264,宵夜,北京中关村科贸电子城_宵夜_wgs84.csv,1,1,0,food_court
1005331457,品牌,山姆上校芝士牛肉卷·意面(第1档口小渔村美食城),4.7,近7日407人下单;海淀区披萨意面·第5名,7元老朋友补贴;最高28;12元;48减1;88减2;138减3;168减5;199减6;线上开票;极速退;售后无忧,蜂鸟准时达,18.0,万泉庄路与万泉河路交叉口万泉庄粮店,116.30026114684723,39.96710342254429,1000,2621,20.0,0.0,31,北京中关村科贸电子城_宵夜_270,宵夜,北京中关村科贸电子城_宵夜_wgs84.csv,1,1,0,food_court
1103786483,,1980老盒饭(第B39号档口橘猫精选美食城),5.0,40人觉得口感不错;回复超快,7元老朋友补贴;最高28;48减2;68减3;118减4;夜宵58减21;优评领2元店铺券,蜂鸟准时达,13.0,四道口2号院1号楼二层202号,116.33969019957846,39.95892994715941,1000,4504,30.0,1.4,36,北京中关村科贸电子城_宵夜_272,宵夜,北京中关村科贸电子城_宵夜_wgs84.csv,1,1,0,food_court
1113482057,,王国华炭烤排骨(第B1号档口熊猫星厨美食城),4.4,16人觉得口感很好;海淀区烧烤回头客榜·第4名,8元双重补贴;最高28;12元;99减1;159减2;199减3;249减4;299减5;1元店铺红包;夜宵58减21;优评领3元店铺券;售后无忧,商家自配送,28.0,知春里甲23号二层206号,116.31889658586564,39.97284166388119,600,1737,0.0,2.0,40,北京中关村科贸电子城_宵夜_273,宵夜,北京中关村科贸电子城_宵夜_wgs84.csv,1,1,0,food_court
1098348105,,三味肋排(第15档口富市美食城),4.8,近7日698人下单;19人觉得口感好吃;回复超快,7元老朋友补贴;最高28;35减1;90减2;108减3;122减4;198减5;1元店铺红包;夜宵100减30;线上开票,蜂鸟准时达,25.0,太阳园13号楼地下一层1号,116.33306558373695,39.96912073374333,2000,3248,0.0,0.0,35,北京中关村科贸电子城_宵夜_276,宵夜,北京中关村科贸电子城_宵夜_wgs84.csv,1,1,0,food_court
20002908143,,豁出全部身家的专业炒饼炒面炒河粉(第16号档口吉祥厨房美食城),3.9,82人觉得好吃,7元老朋友补贴;最高28;12元;30减2;50减6;夜宵58减21,蜂鸟准时达,,中关村南三街6号中科资源大厦地下1层B15室,116.32151227463028,39.98311921739639,1000,1371,15.0,5.9,20,北京中关村科贸电子城_宵夜_278,宵夜,北京中关村科贸电子城_宵夜_wgs84.csv,1,1,0,food_court
20015892375,,川香干锅方便面(第八档口渝源美食城),5.0,回复超快;71人觉得好吃,7元老朋友补贴;最高28;40减2;50减3;88减8;118减16;夜宵100减30;关注0.8元商品券;优评领8元店铺券;返2元红包;集点返5元,蜂鸟准时达,10.0,学院路乙9号院1号楼2层202号,116.34584519095527,39.99836255253519,1000,4854,0.0,2.7,39,北京中关村科贸电子城_宵夜_280,宵夜,北京中关村科贸电子城_宵夜_wgs84.csv,1,1,0,food_court
1071224459,品牌,万家早安·品致早餐(第5档口六道口美食城),4.9,近7日316人下单;回复超快;39人觉得口感不错,7元老朋友补贴;最高28;12元;35减2;49减5;89减11;夜宵58减21;集点返3元;透明餐厅;支持自取;售后无忧,蜂鸟准时达,17.0,学清路23号院1号楼1层A112,116.34428501405831,40.00934374302738,1000,5382,23.0,8.9,36,北京中关村科贸电子城_宵夜_286,宵夜,北京中关村科贸电子城_宵夜_wgs84.csv,1,1,0,food_court
849651150,,肘局牌隆江猪脚饭(3号档口津鑫盛美食城),4.4,14人觉得口感不错,7元老朋友补贴;最高28;35减1;40减2;58减6;88减8;128减10;2元店铺红包;夜宵58减21;支持自取;线上开票;售后无忧,蜂鸟准时达,11.0,海淀南路十一号楼北侧1层西半部101,116.30167923537228,39.97509961585144,500,1518,0.0,0.0,27,北京中关村科贸电子城_宵夜_290,宵夜,北京中关村科贸电子城_宵夜_wgs84.csv,1,1,0,food_court
20001201330,,云之南·野生菌炒饭·炖肉炒饭(第B51号档口橘猫精选美食城),4.7,23人觉得口感不错,7元老朋友补贴;最高28;12元;2元店铺红包;夜宵58减21;集点返3元;支持自取;售后无忧,蜂鸟准时达,18.0,四道口路2号院1号楼二层202,116.3396073788981,39.95893209618101,1000,4500,15.0,0.6,30,北京中关村科贸电子城_宵夜_297,宵夜,北京中关村科贸电子城_宵夜_wgs84.csv,1,1,0,food_court
573178038,品牌,奉天·十三记熏拌鸡架(四道口店)(第一档口四道口美食城),4.6,口味正宗;61人觉得口感好吃;回复超快,7元老朋友补贴;最高28;12元;50减4;128减5;168减8;夜宵58减21;线上开票;极速退;售后无忧,蜂鸟准时达,21.0,四道口2号院1号楼二层B38号,116.33919325475637,39.959119835732565,500,4472,20.0,0.0,28,北京中关村科贸电子城_宵夜_309,宵夜,北京中关村科贸电子城_宵夜_wgs84.csv,1,1,0,food_court
20018778363,,潮汕家·正宗隆江猪脚饭(第8号档口绿源生鲜美食城),4.1,美味烧腊饭，越吃越爱,7元老朋友补贴;最高28;12元;39减2;49减3;69减5;99减7;128减9;夜宵100减30;返2元红包;支持自取;售后无忧,蜂鸟准时达,14.0,万柳星标家园11号楼-1层商业1,116.28835959225393,39.96624483396776,1000,3584,15.0,0.0,35,北京中关村科贸电子城_宵夜_356,宵夜,北京中关村科贸电子城_宵夜_wgs84.csv,1,1,0,food_court
534527069,,正宗淄博烧烤·鲜肉现烤(第9号档口尚府美食城),5.0,230人觉得好吃,7元老朋友补贴;最高28;48减1;88减2;138减3;198减4;298减10;2元店铺红包;夜宵58减21;首次光顾减2;优评领2元店铺券;支持自取;线上开票,商家自配送,20.0,中关村北大街18号,116.31219744509602,40.015188628796416,69,4001,40.0,1.0,43,北京中关村科贸电子城_宵夜_360,宵夜,北京中关村科贸电子城_宵夜_wgs84.csv,1,1,0,food_court
20002159270,,69元狂吃3斤羊蝎子·羊棒骨·肚包肉(第B08档口食味天街美食城),4.9,54人觉得味道不错,7元老朋友补贴;最高28;12元;50减1;80减4;100减8;150减12;5元店铺红包;夜宵100减30;优评领3元店铺券;集点返5元;支持自取;线上开票;极速退;售后无忧,蜂鸟准时达,42.0,中关村东路118号南楼二层B08,116.32864780317072,39.967773147025646,600,3029,15.0,0.0,30,北京中关村科贸电子城_宵夜_376,宵夜,北京中关村科贸电子城_宵夜_wgs84.csv,1,1,0,food_court
20012327432,,火锅鸡是招牌·北京卫星店(第四档口捷玛特美食城),4.9,正宗味道;15人觉得辣度够,7元老朋友补贴;最高28;12元;37减3;42减6;70减12;80减15;200减50;3元店铺红包;夜宵100减30;优评领3元店铺券;返2元红包;集点返5元;支持自取;售后无忧,蜂鸟准时达,18.0,东王庄33号楼一层33-8醉爱黄焖鸡隔壁,116.33429210975328,39.99837723322796,800,3848,15.0,5.0,26,北京中关村科贸电子城_宵夜_396,宵夜,北京中关村科贸电子城_宵夜_wgs84.csv,1,1,0,food_court
20004043061,品牌,朴正喜韩式炸鸡·火鸡面(第22号档口京食美食城店),4.7,448人觉得好吃;回复超快;海淀区炸鸡炸串·第4名,7元老朋友补贴;最高28;48减2;68减3;88减4;2元店铺红包;夜宵58减21;首次光顾减1;售后无忧,蜂鸟准时达,15.0,学清路23号院1号楼1层a112,116.34474403036128,40.00957994136347,2000,5420,0.0,3.9,34,北京中关村科贸电子城_宵夜_409,宵夜,北京中关村科贸电子城_宵夜_wgs84.csv,1,1,0,food_court
20022089218,,叫了只炸鸡·鸡小厨(第1档口逸洁美食城),5.0,回复超快;49人觉得好吃,7元老朋友补贴;最高28;12元;39减1;79减2;2元店铺红包;关注0元商品券;优评领3元店铺券;支持自取,蜂鸟准时达,15.0,学清路16号学知轩1层106,116.34667489029611,40.01098959219371,1000,5896,70.0,3.9,33,北京中关村科贸电子城_宵夜_426,宵夜,北京中关村科贸电子城_宵夜_wgs84.csv,1,1,0,food_court
20007532201,品牌,三米粥铺·现熬粥·豆浆(第2档口聚天香美食城),4.3,77人觉得好吃;海淀区粥店·上榜好店;夜宵热搜,7元老朋友补贴;最高28;45减1;65减2;98减4;118减6;148减8;夜宵100减30;支持自取;线上开票,蜂鸟准时达,13.0,农大南路一号院1号楼-1层B102-1室,116.3049269272448,40.02661755152265,2000,5428,30.0,3.1,38,北京中关村科贸电子城_宵夜_429,宵夜,北京中关村科贸电子城_宵夜_wgs84.csv,1,1,0,food_court
20018309017,,池宝炒饭市井小巷烟火人间(第10档口津鑫盛美食城),4.6,28人觉得好吃,7元老朋友补贴;最高28;12元;58减1;78减2;98减3;108减5;关注1元商品券;返2元红包;集点返3元,蜂鸟准时达,12.0,海淀南路十一号楼北侧1层西半部101,116.30215829813088,39.97466678627004,73,1493,15.0,0.0,25,北京中关村科贸电子城_宵夜_430,宵夜,北京中关村科贸电子城_宵夜_wgs84.csv,1,1,0,food_court
20006148047,,炒方便面是一绝·炒饭·炒饼·炒粉(第11档口京食美食城),5.0,72人觉得好吃,7元老朋友补贴;最高28;12元;30减1;45减2;59减3;99减5;夜宵58减21;透明餐厅;支持自取,蜂鸟准时达,,学清路23号院1号楼1层a112号京食美食城内,116.344394784226,40.0093545530329,100,5390,15.0,4.6,43,北京中关村科贸电子城_宵夜_434,宵夜,北京中关村科贸电子城_宵夜_wgs84.csv,1,1,0,food_court
525984149,品牌,正新鸡排(第1档口贵凤凰美食城),4.4,回复超快;近7日600人下单;17人觉得口感好吃,7元老朋友补贴;最高28;38减1;68减4;98减6;128减8;夜宵100减30;首次光顾减1;关注1元商品券;集点返3元;支持自取;线上开票,蜂鸟准时达,14.0,交通大学路3号院2号楼1层B0101-B12、B0101-B13,116.33675610582856,39.94727674675164,2000,5502,30.0,6.1,36,北京中关村科贸电子城_宵夜_446,宵夜,北京中关村科贸电子城_宵夜_wgs84.csv,1,1,0,food_court
330516250,品牌,海盗虾饭·小龙虾饭(金运大厦店),4.9,近7日458人下单;回复超快;85人觉得口感好吃,7元老朋友补贴;最高28;12元;49减1;69减2;1元店铺红包;夜宵100减30;集点返5元;支持自取;线上开票,蜂鸟全城达,17.0,西直门北大街甲43号1号楼地下一层海豚食集美食广场,116.34881340688266,39.94975356928013,1000,6276,20.0,0.0,32,北京中关村科贸电子城_宵夜_458,宵夜,北京中关村科贸电子城_宵夜_wgs84.csv,1,1,0,food_court
20018741470,,轩炉·北京烤鸭(第2号档口百万鲜果美食城),4.8,回复超快;161人觉得口感丰富;正宗味道,7元老朋友补贴;最高28;12元;45减1;85减3;125减5;200减8;1元店铺红包;夜宵58减21;优评领3元店铺券;支持自取;线上开票;售后无忧,蜂鸟全城达,19.0,新街口南大街80号甲,116.3667277561484,39.935785737402426,2000,8906,50.0,8.2,45,北京中关村科贸电子城_宵夜_460,宵夜,北京中关村科贸电子城_宵夜_wgs84.csv,1,1,0,food_court
531010370,,叫了个炸鸡(第1号档口聚天香美食城),4.7,193人觉得好吃,7元老朋友补贴;最高28;12元;50减1;100减2;150减5;夜宵100减30;集点返5元;线上开票,蜂鸟准时达,15.0,农大南路1号院1号楼-1层B102-1室,116.3050776276421,40.02644428692621,900,5471,20.0,0.0,42,北京中关村科贸电子城_宵夜_463,宵夜,北京中关村科贸电子城_宵夜_wgs84.csv,1,1,0,food_court
20014425347,,高老师·现炖肘子排骨红烧肉饭(第4档口津鑫盛美食城),4.8,199人觉得好吃,7元老朋友补贴;最高28;39减1;58减2;81减3;2元店铺红包;夜宵58减21;关注0元商品券;集点返3元;支持自取,蜂鸟准时达,13.0,海淀南路11号,116.30206243078182,39.9751929348389,1000,1487,15.0,0.0,22,北京中关村科贸电子城_宵夜_470,宵夜,北京中关村科贸电子城_宵夜_wgs84.csv,1,1,0,food_court
20025496268,,滋滋爆·爆汁烤冷面(第15号档口昆仑天香美食城),4.9,17人觉得好吃;回复超快,7元老朋友补贴;最高28;12元;35减1;55减3;85减5;125减8;165减15;夜宵58减21;集点返5元;满赠;支持自取,蜂鸟准时达,20.0,北四环西路68号,116.29878314693792,39.98285334309527,100,1309,20.0,0.0,30,北京中关村科贸电子城_宵夜_471,宵夜,北京中关村科贸电子城_宵夜_wgs84.csv,1,1,0,food_court
20024306074,,粤茗客茶点·港式茶餐厅(第11档口禾留香美食城),4.9,回复超快;同方科技广场地方菜·第4名,7元老朋友补贴;最高28;12元;88减3;158减5;208减8;2元店铺红包;优评领2元店铺券;集点返5元;售后无忧,蜂鸟准时达,29.0,学院路乙9号院1号楼2层202号,116.34618743086536,39.99883795162712,7000,4841,42.0,1.1,31,北京中关村科贸电子城_宵夜_472,宵夜,北京中关村科贸电子城_宵夜_wgs84.csv,1,1,0,food_court
20021998160,,煲满意·香喷喷煲仔饭(第2号档口锦鲤智灶美食城),4.9,口味正宗;11人觉得色香味俱全,最高28;12元;59减3;99减6;139减7;179减8;关注0.9元商品券;优评领1元店铺券;线上开票,蜂鸟准时达,12.0,海淀南路36号一层0102,116.29615561720516,39.97247521237358,1000,2285,20.0,0.0,26,北京中关村科贸电子城_晚上_012,晚上,北京中关村科贸电子城_晚上_wgs84.csv,1,1,0,food_court
20004119320,,北平春饼·家常菜(四道口B15橘猫精选美食城店),4.9,1445人觉得口感丰富;回复超快;正宗味道,最高28;38减2;68减5;98减8;128减10;3元店铺红包;优评领10元店铺券;支持自取;线上开票;极速退;售后无忧,蜂鸟准时达,18.0,四道口2号院1号楼二层202号（橘猫美食城2层B15档口）,116.3394087607366,39.959320438755086,4000,4482,20.0,1.1,34,北京中关村科贸电子城_晚上_014,晚上,北京中关村科贸电子城_晚上_wgs84.csv,1,1,0,food_court
20003966123,,粤味香广式煲仔饭(第1号档口津鑫盛美食城),4.9,154人觉得好吃,最高28;12元;45减2;55减3;1元店铺红包;支持自取;线上开票,蜂鸟准时达,12.0,海淀南路十一号楼北侧1层西半部101,116.30166030100295,39.97488865776352,100,1529,0.0,0.0,20,北京中关村科贸电子城_晚上_019,晚上,北京中关村科贸电子城_晚上_wgs84.csv,1,1,0,food_court
20019726488,,潮汕牛肉饭!减脂健康餐(第7号档口利康美食城),4.5,175人觉得好吃;回复超快,最高28;12元;38减2;58减3;88减5;1元店铺红包;售后无忧,蜂鸟准时达,11.0,中关村东路18号-1层,116.32766863467646,39.98681624323617,6000,1993,2.0,0.0,21,北京中关村科贸电子城_晚上_023,晚上,北京中关村科贸电子城_晚上_wgs84.csv,1,1,0,food_court
1087704086,品牌,农耕记·湖南土菜(第6号档口吉祥厨房美食城),4.9,图书大厦地方菜·第4名;102人觉得很下饭,最高28;12元;58减3;98减6;168减8;208减12;268减15;优评领3元店铺券;返3元红包;支持自取;线上开票,蜂鸟准时达,22.0,北四环西路68号2层202,116.29824023207712,39.98282627369552,2000,1358,20.0,0.0,24,北京中关村科贸电子城_晚上_025,晚上,北京中关村科贸电子城_晚上_wgs84.csv,1,1,0,food_court
686021455,,柳小碗·健康餐·家常菜(昆仑天香美食广场店),4.8,417人觉得口感很好;回复超快,最高28;38减3;65减5;88减7;99减8;159减15;2元店铺红包;首次光顾减1;优评领3元店铺券;支持自取;线上开票;极速退;售后无忧,蜂鸟准时达,17.0,北四环西路68号,116.29837493358976,39.983071033531104,6000,1333,20.0,0.0,22,北京中关村科贸电子城_晚上_028,晚上,北京中关村科贸电子城_晚上_wgs84.csv,1,0,0,food_court
20024449277,,人均20吃饱饱·老长沙格子饭(第23号档口禾留香美食城),5.0,21人觉得好吃,最高28;12元;38减2;45减3;58减5;88减7;2元店铺红包;首次光顾减2;优评领2元店铺券;返2元红包,蜂鸟准时达,15.0,学院路乙9号院1号楼2层202号,116.34588211040509,39.99840148813916,200,4850,15.0,2.4,36,北京中关村科贸电子城_晚上_029,晚上,北京中关村科贸电子城_晚上_wgs84.csv,1,1,0,food_court
20019210479,,鳗界·蒲烧鳗鱼·肥牛工坊店(第H1号档口橘猫精选美食城),4.9,95人觉得好吃,最高28;12元;38减1;50减2;88减3;120减5;190减10;1元店铺红包;优评领2.1元店铺券;返1.9元红包;集点返3元;售后无忧,蜂鸟准时达,13.0,四道口2号院1号楼二层202号,116.33919325475637,39.959119835732565,1000,4472,15.0,0.8,35,北京中关村科贸电子城_晚上_034,晚上,北京中关村科贸电子城_晚上_wgs84.csv,1,1,0,food_court
20014371204,,够粤·正宗隆江猪脚饭(第8档口吉祥厨房美食城),5.0,口味正宗;52人觉得好吃,最高28;12元;39减1;49减2;69减5;99减7;128减9;1元店铺红包;线上开票;售后无忧,蜂鸟准时达,14.0,中关村南三街6号中科资源大厦地下1层B15室,116.32207291440132,39.98366611616513,1000,1313,0.0,0.0,20,北京中关村科贸电子城_晚上_037,晚上,北京中关村科贸电子城_晚上_wgs84.csv,1,1,0,food_court
1096421032,品牌,嘎嘎香东北老饭盒(第22档口吉祥厨房美食城),4.7,回复超快;1529人觉得好吃;近7日806人下单,最高28;12元;32减2;45减3;65减5;118减8;138减12;2元店铺红包;集点返4元;极速退;售后无忧,蜂鸟准时达,12.0,中关村南三街6号中科资源大厦地下1层B15室,116.32207291440132,39.98366611616513,3000,1313,0.0,0.0,20,北京中关村科贸电子城_晚上_050,晚上,北京中关村科贸电子城_晚上_wgs84.csv,1,1,0,food_court
1103970121,,祁姥姥家现熬疙瘩汤(第九档口锦鲤智灶美食城),4.7,23人觉得口感不错;近7日411人下单;回复超快,最高28;12元;38减2;48减3;68减5;98减8;2元店铺红包;首次光顾减1;优评领3元店铺券;返2元红包;集点返3元;支持自取;线上开票;极速退;售后无忧,蜂鸟准时达,15.0,海淀南路36号一层0102,116.29611368312992,39.97259527750741,1000,2324,25.0,0.1,23,北京中关村科贸电子城_晚上_066,晚上,北京中关村科贸电子城_晚上_wgs84.csv,1,1,0,food_court
20013510165,,马向前·生滚鲜切牛肉烫饭(第9档口津鑫盛美食城),4.9,165人觉得好吃;回复超快,最高28;12元;59减5;78减8;118减10;1元店铺红包;优评领20元店铺券;支持自取;线上开票,蜂鸟准时达,14.0,海淀南路十一号楼北侧1层西半部101,116.30170420255708,39.974950577803774,1000,1522,0.0,0.0,20,北京中关村科贸电子城_晚上_067,晚上,北京中关村科贸电子城_晚上_wgs84.csv,1,1,0,food_court
1071436467,,萝小象芝士焗饭·意面·TACO(第5档口吉祥美食城),4.7,中关村南路米饭快餐·上榜好店;回复超快,最高28;12元;45减1;66减3;99减5;1元店铺红包;返2元红包;线上开票;极速退;售后无忧,蜂鸟准时达,13.0,中关村东路66号2号楼2层商业7,116.32764119045127,39.98292845609436,2000,1965,20.0,0.0,23,北京中关村科贸电子城_晚上_072,晚上,北京中关村科贸电子城_晚上_wgs84.csv,1,1,0,food_court
675975378,,饭否丨精致小份菜·鲜粥炖汤·小吃点心(第十二档口美闲美食城),4.0,94人觉得口味正宗;回复超快;近7日478人下单,最高28;12元;66减4;88减6;2元店铺红包;线上开票;极速退,蜂鸟准时达,14.0,知春里甲23号二层206号,116.31873697528069,39.972655977828005,2000,1754,20.0,0.0,21,北京中关村科贸电子城_晚上_103,晚上,北京中关村科贸电子城_晚上_wgs84.csv,1,1,0,food_court
1092853287,,高老庄·隆江猪脚饭(第6号档口物美美食城),4.8,1171人觉得好吃;近7日314人下单,最高28;12元;26减1;33减2;46减4;1元店铺红包;线上开票;极速退;售后无忧,蜂鸟准时达,15.0,大钟寺第二食品厂西农科院北圃厂(中关村东路118号)南楼二层F2-032号,116.328999092728,39.9670345070984,1000,3036,15.0,0.0,31,北京中关村科贸电子城_晚上_104,晚上,北京中关村科贸电子城_晚上_wgs84.csv,1,1,0,food_court
20017974426,,七里香·土鸡焖花卷·排骨饭(第1档口食味天街美食城),4.7,回复超快;114人觉得口感丰富,最高28;12元;35减1;48减2;78减6;关注0.9元商品券;优评领8元店铺券;返3元红包;集点返5元;线上开票;极速退;售后无忧,蜂鸟准时达,18.0,大钟寺第二食品厂西农院北圃厂中关村东路118号金五星购物广场南楼二层F2-032号,116.32911179580206,39.96734328015795,2000,3069,20.0,0.6,30,北京中关村科贸电子城_晚上_112,晚上,北京中关村科贸电子城_晚上_wgs84.csv,1,1,0,food_court
20016448475,,半亩良田排骨米饭(第十一档口吉祥厨房美食城),4.8,60人觉得好吃,最高28;12元;45减4;68减6;102减8;136减10;集点返3元;支持自取;售后无忧,蜂鸟准时达,12.0,中关村南三街6号中科资源大厦地下1层B15室（吉祥厨房）,116.32150223637356,39.98360421678091,1000,1373,0.0,0.0,21,北京中关村科贸电子城_晚上_114,晚上,北京中关村科贸电子城_晚上_wgs84.csv,1,1,0,food_court
20014103002,品牌,抖喜·新疆炒米粉(第4号档口中关村美食城店),4.9,222人觉得好吃;回复超快,最高28;12元;35减1;48减2;68减3;88减4;108减5;1元店铺红包;关注1.9元商品券;返2元红包;集点返3元;满赠;支持自取;线上开票;售后无忧,蜂鸟准时达,12.0,北四环西路66号-1层-158,116.3014327523492,39.98297972991886,900,1115,0.0,0.0,21,北京中关村科贸电子城_晚上_116,晚上,北京中关村科贸电子城_晚上_wgs84.csv,1,1,0,food_court
239407283,,云南过桥米线(第02档口富市美食城),4.9,317人觉得口感很好;近7日847人下单,最高28;45减2;58减4;关注0.1元商品券;集点返3元;线上开票,蜂鸟准时达,12.0,太阳园13号楼地下一层1号,116.33330604134258,39.96912228299691,4000,3249,15.0,0.0,32,北京中关村科贸电子城_晚上_125,晚上,北京中关村科贸电子城_晚上_wgs84.csv,1,1,0,food_court
20014936092,,满满蟹黄·蟹黄拌饭是招牌(第12档口食味天街美食城),4.0,54人觉得好吃,最高28;12元;38减1;55减2;85减3;115减5;1元店铺红包;优评领3元店铺券;集点返5元;线上开票;售后无忧,蜂鸟准时达,,中关村东路118号，二楼美食城,116.32869974721422,39.967276067842654,1000,3066,20.0,0.0,30,北京中关村科贸电子城_晚上_126,晚上,北京中关村科贸电子城_晚上_wgs84.csv,1,1,0,food_court
20015337200,品牌,青渝蓝之麻辣香锅(第九档口吉祥厨房美食城),4.7,49人觉得好吃,最高28;12元;50减2;60减3;80减4;110减5;2元店铺红包;返3元红包;满赠;线上开票;售后无忧,蜂鸟准时达,19.0,北四环西路68号2层202,116.29837792023211,39.98313002600512,1000,1345,20.0,0.0,22,北京中关村科贸电子城_晚上_128,晚上,北京中关村科贸电子城_晚上_wgs84.csv,1,1,0,food_court
20020577074,,隆江猪脚饭·烧腊餐厅·雯西家(第1号档口昆仑天香美食城),4.3,165人觉得好吃,最高28;12元;32减1;42减3;62减5;首次光顾减1;关注0.9元商品券;返2元红包,蜂鸟准时达,14.0,北四环西路68号-1层-101,116.29893583931168,39.98287008006236,500,1309,0.0,0.3,23,北京中关村科贸电子城_晚上_148,晚上,北京中关村科贸电子城_晚上_wgs84.csv,1,1,0,food_court
20005810268,,独一味·沂蒙山鲜炒鸡(风味47北京鑫彤餐饮管理有限公司),4.9,口味正宗;回复超快;204人觉得口感丰富,最高28;12元;25减2;48减4;68减6;120减8;300减10;3元店铺红包;首次光顾减2;优评领3元店铺券;返3元红包;集点返5元;支持自取;线上开票;极速退;售后无忧,蜂鸟准时达,15.0,四道口2号院1号楼二层202号B13档口（橘猫精选美食城店）,116.33975007135804,39.95891783990856,3000,4511,15.0,1.6,34,北京中关村科贸电子城_晚上_164,晚上,北京中关村科贸电子城_晚上_wgs84.csv,1,1,0,food_court
20007426083,,千韧·潮汕牛肉粿条·鲜牛肉粉(第4号档口京食美食城店),5.0,736人觉得好吃;回复超快,最高28;12元;55减1;95减2;2元店铺红包;优评领2元店铺券;返2元红包;集点返5元;透明餐厅;支持自取;线上开票,蜂鸟准时达,15.0,学清路23号院1号楼1层A112,116.34428501405831,40.00934374302738,1000,5382,20.0,1.8,34,北京中关村科贸电子城_晚上_166,晚上,北京中关村科贸电子城_晚上_wgs84.csv,1,1,0,food_court
20022566397,,好饭恰光·老式烤肉拌饭(第25档口食味天街美食城),4.9,127人觉得好吃,最高28;12元;30减1;35减3;49减5;1元店铺红包,蜂鸟准时达,14.0,大钟寺第二食品厂西农科院北圃厂(中关村东路118号)南楼二层F2-032号,116.32875962952336,39.96712295981139,1000,3049,0.0,1.0,31,北京中关村科贸电子城_晚上_183,晚上,北京中关村科贸电子城_晚上_wgs84.csv,1,1,0,food_court
1098081458,,冒仟味成都火锅冒菜麻辣烫(第5号档口菜大妈美食城),4.5,口味正宗;101人觉得口感不错;回复超快,最高28;6元;32减2;42减3;52减4;62减5;72减6;1元店铺红包;优评领10元店铺券;集点返3元;支持自取;线上开票;售后无忧,蜂鸟准时达,13.0,知春东里15号楼1层1层东南角,116.31971456121413,39.97400804536434,1000,1634,20.0,0.0,21,北京中关村科贸电子城_晚上_185,晚上,北京中关村科贸电子城_晚上_wgs84.csv,1,1,0,food_court
20022914322,,啊臻味道米粉·新疆炒米粉(第9号档口昆仑天香美食城),4.9,包装好评率100%,最高28;50减1;80减2;2元店铺红包;支持自取;极速退;售后无忧,蜂鸟准时达,21.0,北四环西路68号-1层-101,116.29883204916128,39.98285325912206,900,1305,15.0,0.0,20,北京中关村科贸电子城_晚上_203,晚上,北京中关村科贸电子城_晚上_wgs84.csv,1,1,0,food_court
20012511066,品牌,鱼你在一起(中关村店中关村5号美食城负一层),4.6,36人觉得好吃,返2元红包;支持自取,蜂鸟准时达,26.0,中关村大街15号15-17号-1层地下室,116.30650619943884,39.98172866335967,600,792,0.0,0.0,20,北京中关村科贸电子城_晚上_214,晚上,北京中关村科贸电子城_晚上_wgs84.csv,1,1,0,food_court
1060317001,,香河肉饼(第4档口上可味美食城),5.0,57人觉得味道很好;近7日437人下单,19减2;38减4;82减7;首次光顾减1;返2元红包;集点返3元;支持自取,蜂鸟准时达,10.0,中关村街道中关村南大街67号保福寺世纪科贸大厦上可味,116.32783884138136,39.98210411218905,1000,2013,20.0,0.0,23,北京中关村科贸电子城_晚上_216,晚上,北京中关村科贸电子城_晚上_wgs84.csv,1,1,0,food_court
1106821176,,大胡子可可(第2号档口中关村美食城),4.3,22人觉得好喝,53减1;79减2;售后无忧,蜂鸟准时达,14.0,新中关购物中心四层中岛（菲利门旁）,116.30913606014695,39.9770290013428,300,699,0.0,0.3,25,北京中关村科贸电子城_晚上_222,晚上,北京中关村科贸电子城_晚上_wgs84.csv,1,1,0,food_court
860977403,,人和东北大饭包(第2号档口聚鼎荟美食城),4.2,口味正宗;525人觉得好吃,最高28;49减1;98减2;2元店铺红包,蜂鸟准时达,12.0,大钟寺第二食品厂西农科院北圃厂(中关村东路118号)南楼二层F2-032号,116.32857399244502,39.96761329414391,800,3045,15.0,0.0,33,北京中关村科贸电子城_晚上_235,晚上,北京中关村科贸电子城_晚上_wgs84.csv,1,1,0,food_court
666025137,品牌,状元派丨盖码饭(第3号档口久食久美食广场),4.1,健翔桥米饭快餐·上榜好店;137人觉得口感不错,最高28;12元;32减2;39减3;59减5;89减8;1元店铺红包,蜂鸟准时达,10.0,知春路1号学院国际大厦B1层02室,116.34700170186076,39.97587853472713,900,3952,15.0,0.3,30,北京中关村科贸电子城_晚上_241,晚上,北京中关村科贸电子城_晚上_wgs84.csv,1,1,0,food_court
405031107,,肴可及脆皮鸡烤肉饭(第7档口吉祥美食城),4.8,近7日394人下单;103人觉得口感很好,最高28;12元;38减2;58减4;78减6;98减8;128减18;支持自取;售后无忧,蜂鸟准时达,13.0,中关村南三街6号吉祥厨房,116.32175167210744,39.98352474010331,1000,1365,0.0,0.0,20,北京中关村科贸电子城_晚上_252,晚上,北京中关村科贸电子城_晚上_wgs84.csv,1,1,0,food_court
1099817444,品牌,麦稻中式健康菜·绝无预制菜(第5档口禾留香美食城),4.8,回复超快;近7日1342人下单,最高28;12元;30减1;35减2;60减4;108减8;200减20;3元店铺红包;首次光顾减1;线上开票;售后无忧,蜂鸟准时达,19.0,学院路乙9号院1号楼2层202号,116.34597792484476,39.998319329019225,6000,4840,20.0,0.9,33,北京中关村科贸电子城_晚上_254,晚上,北京中关村科贸电子城_晚上_wgs84.csv,1,1,0,food_court
20013785354,,东北黏糊土豆拌茄子·大碴粥(第18档口食味天街美食城),3.9,56人觉得好吃,最高28;12元;25减1;40减2;集点返5元;支持自取,蜂鸟准时达,,大钟寺第二食品厂西农科院北圃厂(中关村东路118号)南楼二层F2-032号,116.32854806486648,39.96751034769677,800,3056,20.0,0.0,33,北京中关村科贸电子城_晚上_262,晚上,北京中关村科贸电子城_晚上_wgs84.csv,1,1,0,food_court
674980042,,霸王·大碗盖码饭(昆仑天香美食广场店),4.5,1571人觉得味道不错,最高28;2元店铺红包;极速退;售后无忧,蜂鸟准时达,10.0,北四环西路68号,116.2983879376443,39.98283302105716,300,1333,0.0,0.0,30,北京中关村科贸电子城_晚上_267,晚上,北京中关村科贸电子城_晚上_wgs84.csv,1,0,0,food_court
574174374,品牌,大先生小碗菜(第六号档口久食久美食城),4.9,102人觉得口感不错;口味正宗,最高28;12元;40减1;60减2;80减3;100减4;130减5;2元店铺红包;返2元红包;集点返3元;极速退,蜂鸟准时达,17.0,知春路1号学院国际大厦B1层02室,116.34700468285388,39.97598052560545,400,3962,25.0,0.0,36,北京中关村科贸电子城_晚上_274,晚上,北京中关村科贸电子城_晚上_wgs84.csv,1,1,0,food_court
20003606326,,嘎嘎好吃·东北老饭盒中关村店(第14档口吉祥厨房美食城),4.4,口味正宗;47人觉得口味正宗,最高28;68减2;88减3;118减7;138减11;3元店铺红包;优评领3元店铺券,蜂鸟准时达,17.0,中关村东路66号2号楼2层商业7-2,116.32764119045127,39.98292845609436,700,1965,0.0,0.0,24,北京中关村科贸电子城_晚上_276,晚上,北京中关村科贸电子城_晚上_wgs84.csv,1,1,0,food_court
20018873253,,美滋滋·烤肉拌饭(第12档口古里铺美食城),4.8,38人觉得好吃,最高28;12元,蜂鸟准时达,15.0,知春路辅路交叉口东南60米，古里铺美食城,116.33216492928548,39.97456320771919,200,2612,15.0,0.6,23,北京中关村科贸电子城_晚上_283,晚上,北京中关村科贸电子城_晚上_wgs84.csv,1,1,0,food_court
1110848297,,老家炒饼(第07档口古里铺美食城),4.3,25人觉得好吃,最高28;3元;26减2;48减3;70减8;2元店铺红包;优评领3元店铺券;返1.1元红包;集点返3元;售后无忧,蜂鸟准时达,12.0,知春路48号1层5号,116.33217291336209,39.97454619337197,300,2612,10.0,0.4,41,北京中关村科贸电子城_晚上_296,晚上,北京中关村科贸电子城_晚上_wgs84.csv,1,1,0,food_court
290833139,品牌,虎头军煎饼(第1档口五道口美食城),4.9,10人觉得口感不错;近7日475人下单,最高28;3元;29减1;49减2;79减3;1元店铺红包;优评领2元店铺券;返3元红包;线上开票;售后无忧,蜂鸟准时达,12.0,华清嘉园5号楼一、二、3层1号,116.3293163050952,39.99118891822363,2000,2660,20.0,1.8,24,北京中关村科贸电子城_晚上_297,晚上,北京中关村科贸电子城_晚上_wgs84.csv,1,1,0,food_court
20009651319,,铜锣湾港式滑蛋饭(第7号档口橘猫精选美食城),4.9,492人觉得好吃;回复超快,最高28;12元;38减1;78减2;128减5;189减10;239减20;关注0.9元商品券;支持自取;线上开票;售后无忧,蜂鸟准时达,11.0,四道口路2号院1号楼三层306,116.33924713501412,39.95913973762132,1000,4423,45.0,2.6,31,北京中关村科贸电子城_晚上_303,晚上,北京中关村科贸电子城_晚上_wgs84.csv,1,1,0,food_court
20017262454,,拌山海·话梅排骨饭是招牌(第8号档口绿源生鲜美食城),4.4,41人觉得味道不错;回复超快,最高28;12元;38减2;65减4;128减8,蜂鸟准时达,18.0,万柳星标家园11号楼-1层商业1,116.2882008716473,39.96616607474422,200,3588,25.0,0.0,33,北京中关村科贸电子城_晚上_309,晚上,北京中关村科贸电子城_晚上_wgs84.csv,1,1,0,food_court
20001260492,,周真真南昌拌粉瓦罐汤(第B01档口上可味美食城),4.5,口味正宗;58人觉得好吃,最高28;90减1;2元店铺红包;售后无忧,蜂鸟准时达,16.0,关村东路66号2号楼地下一层上可味美食城B1档口,116.3277809147062,39.98257420359824,1000,2004,20.0,0.0,20,北京中关村科贸电子城_晚上_312,晚上,北京中关村科贸电子城_晚上_wgs84.csv,1,1,0,food_court
20013734210,,番茄肥牛捞饭是招牌(第42号档口橘猫美食城),4.8,26人觉得番茄味很浓;回复超快,最高28;12元;30减1;50减2;70减3;88减4;118减5;2元店铺红包;支持自取;线上开票;售后无忧,蜂鸟准时达,15.0,京果商厦A座,116.33944767545708,39.95932636834053,3000,4496,25.0,0.8,35,北京中关村科贸电子城_晚上_315,晚上,北京中关村科贸电子城_晚上_wgs84.csv,1,1,0,food_court
265119481,品牌,小谷姐姐麻辣拌●麻辣烫(四道口第B6档口+橘猫精选美食城店),4.9,回复超快;近7日333人下单,最高28;12元;42减5;66减9;82减12;2元店铺红包;优评领0.8元商品券;返3元红包;线上开票;售后无忧,蜂鸟准时达,15.0,四道口2号院1号楼2层202号,116.33924813512476,39.95912173652898,1000,4427,25.0,0.0,34,北京中关村科贸电子城_晚上_347,晚上,北京中关村科贸电子城_晚上_wgs84.csv,1,1,0,food_court
289194320,,西北狼大盘鸡拌面.拌饭(第12档口老八美食城),4.9,169人觉得口味正宗;近7日1594人下单,最高28;12元;35减3;75减12;145减20;优评领10元店铺券;支持自取;线上开票;极速退,蜂鸟准时达,15.0,双榆树西里3号楼南侧小吃店,116.31690990153854,39.9667407174389,5000,1991,0.0,0.0,25,北京中关村科贸电子城_晚上_350,晚上,北京中关村科贸电子城_晚上_wgs84.csv,1,1,0,food_court
20020061287,,發记港式烧腊(第25档口利康金桥美食城),4.5,口味正宗;包装好评率100%,最高28;12元;21减14;60减18;88减30;130减42;170减52;首次光顾减1;透明餐厅,蜂鸟准时达,13.0,中关村东路18号-1层,116.3280877457596,39.98624346631771,400,1926,15.0,0.0,21,北京中关村科贸电子城_晚上_355,晚上,北京中关村科贸电子城_晚上_wgs84.csv,1,1,0,food_court
20002571417,,云之南·野生菌炒饭·炖肉炒饭(第5号档口食客云集美食城),4.8,141人觉得好吃,最高28;12元;1元店铺红包;首次光顾减2;集点返3元;线上开票,蜂鸟准时达,17.0,学院路辅路与清华东路交叉口南140米,116.3459599606862,39.99832635919974,1000,4844,15.0,2.8,32,北京中关村科贸电子城_晚上_369,晚上,北京中关村科贸电子城_晚上_wgs84.csv,1,1,0,food_court
20021623353,,卤知鸭·徽州鸭头(第01档口古里铺美食城),4.5,10人觉得味道很好,最高28;12元,蜂鸟准时达,11.0,知春路48号，古里铺美食城门口,116.3319723595655,39.974610568558425,300,2604,20.0,0.6,28,北京中关村科贸电子城_晚上_382,晚上,北京中关村科贸电子城_晚上_wgs84.csv,1,1,0,food_court
20019218095,,食夫指·手撕烤鸭(第2号档口京食美食城),5.0,83人觉得味道不错;回复超快;海淀区小吃·第4名,最高28;12元;50减5;60减6;70减8;80减10;100减15;优评领2元店铺券;集点返5元;透明餐厅;售后无忧,蜂鸟准时达,19.0,学清路23号院1号楼1层a112,116.34471211473446,40.009437002676094,3000,5416,15.0,0.0,36,北京中关村科贸电子城_晚上_396,晚上,北京中关村科贸电子城_晚上_wgs84.csv,1,1,0,food_court
20012230409,,好吃不如饺子·东北水饺(第36号档口橘猫精选美食城),4.9,68人觉得好吃,最高28;12元;32减2;45减3;66减5;88减8;1元店铺红包;优评领2元商品券;返2元红包;集点返3元;极速退,蜂鸟准时达,16.0,四道口2号院1号楼二层202号,116.3394087607366,39.959320438755086,500,4482,25.0,0.8,36,北京中关村科贸电子城_晚上_397,晚上,北京中关村科贸电子城_晚上_wgs84.csv,1,1,0,food_court
20014727238,,徽食道·安徽牛肉板面(第7档口上可味美食城),5.0,包装好评率100%,最高28;12元;关注23.9元商品券;支持自取;售后无忧,蜂鸟准时达,19.0,中关村东路66号2号楼地下一层,116.32768413107227,39.98261938670248,100,1976,25.0,2.8,25,北京中关村科贸电子城_晚上_402,晚上,北京中关村科贸电子城_晚上_wgs84.csv,1,1,0,food_court
20015918480,,哈利羊肉烩面安徽牛肉板面(第01号档口朗秋园美食城),5.0,33人觉得好吃;回复超快,最高28;12元;28减1;45减3;65减5;返2元红包;支持自取,蜂鸟准时达,12.0,塔院小区郎秋园乙7号,116.35475254555318,39.97810708703378,1000,4797,35.0,0.1,36,北京中关村科贸电子城_晚上_403,晚上,北京中关村科贸电子城_晚上_wgs84.csv,1,1,0,food_court
399742186,,爱上鸡公煲((第B18档口+橘猫精选美食城店)),4.7,202人觉得口感很好;回复超快;近7日806人下单,最高28;12元;21减1;46减2;69减3;99减4;150减35;1元店铺红包;线上开票,蜂鸟准时达,14.0,四道口路2号院1号楼二层202,116.3395954022088,39.95895311691783,3000,4500,0.0,0.0,33,北京中关村科贸电子城_晚上_411,晚上,北京中关村科贸电子城_晚上_wgs84.csv,1,1,0,food_court
20004161426,,临榆炸鸡腿(第3档口北京蜀味隆美食城店),4.9,包装好评率100%;海淀区炸鸡炸串·上榜好店,最高28;12元;32减2;68减4;98减6;2元店铺红包;优评领5元店铺券,蜂鸟准时达,15.0,西外学院南路1幢平房,116.33962455726748,39.95723413254526,1000,4598,20.0,4.1,30,北京中关村科贸电子城_晚上_424,晚上,北京中关村科贸电子城_晚上_wgs84.csv,1,1,0,food_court
20001376103,,冯哥·家常炒菜(第6号档口福玉岛美食城),5.0,12人觉得味道真好,最高28;35减2;55减3;89减5;158减10;189减12;3元店铺红包;返2元红包,蜂鸟准时达,20.0,学院路9号B1层,116.34585432131236,39.99719258725956,100,4686,23.0,3.4,32,北京中关村科贸电子城_晚上_435,晚上,北京中关村科贸电子城_晚上_wgs84.csv,1,1,0,food_court
1058680243,,老长沙湘菜辣椒炒肉(第5号档口禾留香美食城),3.7,口味正宗;1104人觉得味道不错,最高28;12元;45减1;65减2;95减3;125减4;1元店铺红包;优评领3元店铺券;线上开票;售后无忧,蜂鸟准时达,18.0,学院路乙9号,116.34577145156544,39.99750271482495,200,4947,15.0,2.4,28,北京中关村科贸电子城_晚上_440,晚上,北京中关村科贸电子城_晚上_wgs84.csv,1,1,0,food_court
20020862284,品牌,轻禾小厨现炒健康菜·无预制菜(第10号档口利康金桥美食城),4.7,回复超快;139人觉得味道不错,最高28;12元;32减1;45减2;58减4;108减8;200减15;1元店铺红包;透明餐厅;线上开票,蜂鸟准时达,19.0,中关村东路18号-1层,116.32738229097173,39.986824790362505,7000,1941,22.0,0.0,21,北京中关村科贸电子城_晚上_450,晚上,北京中关村科贸电子城_晚上_wgs84.csv,1,1,0,food_court
20017521426,,功夫炒饭(第02档口食味天街美食城),4.0,炒饭，当属这个味儿,最高28;12元;28减1;38减4;48减7;1元店铺红包;优评领1元店铺券;集点返5元;支持自取,蜂鸟准时达,,大钟寺第二食品厂西农科院北圃厂(中关村东路118号)南楼二层F2-032号,116.32869974721422,39.967276067842654,500,3066,15.0,1.2,33,北京中关村科贸电子城_晚上_462,晚上,北京中关村科贸电子城_晚上_wgs84.csv,1,1,0,food_court
20014474423,,东北土豆茄子拌饭(第5号档口京食美食城),5.0,16人觉得香喷喷,最高28;12元;38减2;49减3;65减4;88减6;关注0.6元商品券;集点返3元;透明餐厅;支持自取;线上开票,蜂鸟准时达,12.0,学清路28号院1号楼1层a112,116.34428501405831,40.00934374302738,2000,5382,15.0,3.5,36,北京中关村科贸电子城_晚上_471,晚上,北京中关村科贸电子城_晚上_wgs84.csv,1,1,0,food_court
20019227133,,天下煎手工生煎·鸭血粉丝(第5号档口京食美食广场美食城),4.6,67人觉得味道不错,最高28;12元;38减3;58减5;88减8;4元店铺红包;关注0.9元商品券;优评领4元店铺券;返3元红包;集点返3元;透明餐厅;支持自取;线上开票,蜂鸟准时达,13.0,学清路23号院1号楼1层a112,116.34428501405831,40.00934374302738,1000,5382,38.0,2.8,38,北京中关村科贸电子城_晚上_474,晚上,北京中关村科贸电子城_晚上_wgs84.csv,1,1,0,food_court
669322079,品牌,黄饷·咖喱蛋包饭(第1档口利康金桥美食城),4.7,中关村南路米饭快餐·第3名;回复超快,最高28;12元;59减2;89减3;99减4;2元店铺红包;关注2.9元商品券;线上开票;售后无忧,蜂鸟准时达,16.0,中关村东路18号-1层,116.32738229097173,39.986824790362505,3000,1941,0.0,0.0,21,北京中关村科贸电子城_晚上_478,晚上,北京中关村科贸电子城_晚上_wgs84.csv,1,1,0,food_court
20016464033,,西域大盘鸡拌面拌饭(第06档口老八美食城),4.2,18人觉得好吃,最高28;49减1;98减2;优评领3元店铺券;集点返5元,蜂鸟准时达,15.0,双榆树西里3号楼南侧小吃店,116.316916886991,39.96672970450804,100,1991,15.0,0.0,26,北京中关村科贸电子城_晚上_482,晚上,北京中关村科贸电子城_晚上_wgs84.csv,1,1,0,food_court
239246274,品牌,啊臻味道米粉·新疆炒米粉(乐食美食城第十五档口店),5.0,回复超快;近7日842人下单,最高28;12元;50减1;80减2;支持自取;线上开票,蜂鸟准时达,21.0,四道口2号36幢1层203号、303号,116.33974115151436,39.958438874942935,2000,4511,20.0,1.9,31,北京中关村科贸电子城_晚上_492,晚上,北京中关村科贸电子城_晚上_wgs84.csv,1,1,0,food_court
676614376,品牌,海盗虾饭·小龙虾饭(万柳华联店),4.7,72人觉得口感好吃;近7日366人下单,最高28;12元;49减1;69减2;1元店铺红包;集点返5元;支持自取;线上开票,蜂鸟准时达,21.0,巴沟路2号1幢地下一层银河美食广场,116.28922839746362,39.971868297959965,1000,2791,20.0,0.0,31,北京中关村科贸电子城_晚上_493,晚上,北京中关村科贸电子城_晚上_wgs84.csv,1,1,0,food_court
1055908478,品牌,万家早安.品致早餐(第6档口广安门口福汇美食城),5.0,近7日460人下单;回复超快;558人觉得好吃,最高28;38减2;59减5;129减11;支持自取;线上开票;售后无忧,蜂鸟全城达,16.0,北小马厂6号-01层-01号莲花池东路,116.3298700103106,39.8966347552473,1000,10756,18.0,15.8,49,北京中关村科贸电子城_晚上_502,晚上,北京中关村科贸电子城_晚上_wgs84.csv,1,1,0,food_court
20020853389,,哈哈镜(北京总店),4.0,包装好评率100%,最高28;12元;68减1;88减2;138减3;188减4;支持自取;线上开票,蜂鸟全城达,51.0,北辰东路15号（双奥美食街东侧马路边哈哈镜）,116.38553681106464,39.99034007989154,98,7148,120.0,12.8,39,北京中关村科贸电子城_晚上_514,晚上,北京中关村科贸电子城_晚上_wgs84.csv,1,0,0,food_court
20010071263,,沂蒙山鲜炒鸡(第六号档口美食街美食城),5.0,146人觉得好吃,最高28;13元;首次光顾减2;集点返5元;支持自取;线上开票,蜂鸟准时达,17.0,西八里庄路62号1号楼负一层,116.27203937736208,39.92691025705726,200,2923,25.0,4.4,42,北京五棵松_中午_051,中午,北京五棵松_中午_wgs84.csv,1,1,0,food_court
20025537199,,湘大厨·湖南小炒(第22号档口北京宏鼎嘉合美食城),4.9,27人觉得口感丰富,最高28;13元(含本店补6);39减1;69减2;99减3;139减4;199减10;2元店铺红包;售后无忧,蜂鸟准时达,21.0,阜成路73号B座地下一层,116.29303260512984,39.92391926751189,100,3188,15.0,0.0,34,北京五棵松_中午_067,中午,北京五棵松_中午_wgs84.csv,1,1,0,food_court
20024811447,,醉湘楼·湖南土菜(第1号档口宏鼎嘉合美食城),4.7,回复超快;11人觉得特别下饭,最高28;13元;40减2;55减3;70减5;2元店铺红包;优评领1元店铺券;返2元红包;透明餐厅;极速退;售后无忧,蜂鸟准时达,26.0,阜成路73号B座地下一层,116.2926123719952,39.92396293836992,1000,3188,20.0,0.0,38,北京五棵松_中午_069,中午,北京五棵松_中午_wgs84.csv,1,1,0,food_court
20019977307,,稻谷田园·潮汕减脂牛肉饭(第2号档口美食城),5.0,40人觉得好吃,最高28;13元;38减1;55减2;68减3;2元店铺红包;优评领2元店铺券;返2元红包;支持自取;售后无忧,蜂鸟准时达,17.0,永定路88号一层,116.25916729139256,39.90400873878121,400,2597,20.0,0.0,35,北京五棵松_中午_078,中午,北京五棵松_中午_wgs84.csv,1,1,0,food_court
20024239026,品牌,Obligi Chicken韩式炸鸡(第5档口京西国际柴多米美食城),4.9,141人觉得好吃;回复超快,最高28;13元;38减1;48减2;65减3;2元店铺红包;返2元红包;集点返5元;满赠;极速退;售后无忧,蜂鸟准时达,14.0,鲁谷路6号(瑞达公司东侧)丰业红工艺美术品市场柴米多美食城,116.24088606210373,39.90160142651803,1000,4464,0.0,2.3,40,北京五棵松_中午_107,中午,北京五棵松_中午_wgs84.csv,1,1,0,food_court
20010943394,,韩式烤肉拌饭石锅冷面(第12号档口华光美食城),4.3,20人觉得好吃,最高28;13元;28减2;38减3;58减8;88减11;售后无忧,蜂鸟准时达,19.0,阜成路61号,116.29559785125204,39.92336310465952,80,3309,15.0,5.0,42,北京五棵松_中午_113,中午,北京五棵松_中午_wgs84.csv,1,1,0,food_court
813512321,,有荤有素小碗菜(第4号档口柴米多美食城),4.9,872人觉得好吃,最高28;13元;68减3;98减5;138减12;支持自取;线上开票;售后无忧,蜂鸟准时达,11.0,"鲁谷路6号(瑞达公司东侧)丰业红工艺美术品市场1层68号,2层139号",116.2409190881908,39.90150643381308,500,4460,35.0,1.0,46,北京五棵松_中午_116,中午,北京五棵松_中午_wgs84.csv,1,1,0,food_court
239137499,品牌,共禾之约·创意轻食(第二档口华光商厦美食城),5.0,回复超快;2301人觉得好吃,最高28;13元;55减2;78减3;98减4;透明餐厅;线上开票;极速退,蜂鸟准时达,27.0,阜成路65号华光商厦4楼,116.29563480462944,39.92317005136699,1000,3307,20.0,1.4,38,北京五棵松_中午_118,中午,北京五棵松_中午_wgs84.csv,1,1,0,food_court
928046055,,麦田归来·国民拌饭·四季轻食(第九档口食乐园美食城),5.0,92人觉得口感不错;近7日357人下单,最高28;13元;39减2;69减3;89减4;3元店铺红包,蜂鸟准时达,18.0,鲁谷路74号院39号楼地下一层B001-B016,116.23809793817938,39.89934111774044,1000,5067,35.0,3.8,49,北京五棵松_中午_142,中午,北京五棵松_中午_wgs84.csv,1,1,0,food_court
20021412135,品牌,库迪咖啡(第1号档口食宝街美食城),4.9,包装好评率100%,最高28;13元;30减5;40减12;60减15;80减19;2元店铺红包;支持自取,蜂鸟准时达,,羊坊店路18号1幢1层101F1-085、086,116.31595474606756,39.897971375569206,2000,5174,1.0,6.9,46,北京五棵松_中午_144,中午,北京五棵松_中午_wgs84.csv,1,1,0,food_court
20020899457,,农耕记·湖南土菜(第15档口宏光赢利美食城),4.9,132人觉得口感丰富;回复超快,最高28;13元;58减3;98减6;168减8;208减12;268减15,蜂鸟准时达,24.0,西四环中路113号5层F8539-2,116.265813858206,39.88143506779766,800,4742,15.0,3.6,45,北京五棵松_中午_179,中午,北京五棵松_中午_wgs84.csv,1,1,0,food_court
308341061,,坛小厨家常菜(岳各庄店),4.9,71人觉得下饭;午餐热搜;近7日528人下单,最高28;13元(含本店补6);48减3;68减6;108减15;158减22;198减30;5元店铺红包;返5元红包;集点返5元;满赠;支持自取;极速退;售后无忧,蜂鸟准时达,20.0,西四环中路136号京丰岳各庄农副产品批发市场美食城3号,116.27421410467316,39.87744014243546,2000,5252,28.0,0.0,45,北京五棵松_中午_184,中午,北京五棵松_中午_wgs84.csv,1,0,0,food_court
20016683266,,大懒龙(第1档口福盛宴美食城),4.9,55人觉得味道不错,最高28;13元;35减5;60减6;1元店铺红包;优评领5元店铺券,蜂鸟准时达,18.0,西三环北路91号7号楼2单元7-100号,116.30292803171062,39.93221211017024,600,4863,25.0,0.9,46,北京五棵松_中午_189,中午,北京五棵松_中午_wgs84.csv,1,1,0,food_court
878225455,品牌,状元派长沙盖码饭(第1档森友美食城),4.2,126人觉得口感不错,最高28;13元;32减2;39减3;59减5;89减8;1元店铺红包;集点返3元;售后无忧,蜂鸟准时达,10.0,西四环中路113号5层F8990号,116.2663583474613,39.882012584722894,700,4696,15.0,1.9,58,北京五棵松_中午_197,中午,北京五棵松_中午_wgs84.csv,1,0,0,food_court
20002620354,,山东沂蒙山炒鸡(第三号档口宏鼎美食城),4.7,回复超快;口味正宗;180人觉得口感丰富,最高28;13元;49减1;88减3;128减5;188减10;1元店铺红包;集点返5元;透明餐厅,蜂鸟准时达,22.0,阜成路73号裕惠大厦,116.29261636455728,39.92396393195597,1000,3188,20.0,0.0,36,北京五棵松_中午_230,中午,北京五棵松_中午_wgs84.csv,1,1,0,food_court
1100485242,,农耕记·湖南土菜(第13号档口宏鼎嘉合美食城),5.0,30人觉得很下饭;回复超快;近7日723人下单,最高28;13元;58减3;98减6;168减8;208减12;268减15;返3元红包;透明餐厅;支持自取;线上开票,蜂鸟准时达,22.0,阜成路73号B座地下一层,116.29286691748702,39.92386153555596,2000,3188,15.0,0.0,37,北京五棵松_中午_231,中午,北京五棵松_中午_wgs84.csv,1,1,0,food_court
391586141,,井冈山农家菜,4.5,口味正宗;14人觉得够辣;近7日373人下单,最高28;13元;120减3;关注1元运费券;支持自取;售后无忧,蜂鸟准时达,14.0,西四环中路136号京丰岳各庄农副产品批发市场美食城5号（井冈山农家菜）,116.27417015470944,39.87744919044949,1000,5248,50.0,3.7,64,北京五棵松_中午_241,中午,北京五棵松_中午_wgs84.csv,1,0,0,food_court
292087014,,一路飘香云南过桥米线(第5号档口禹心桐美食城店),4.9,132人觉得好吃,最高28;13元;50减1;100减2;售后无忧,蜂鸟准时达,17.0,永乐东区36号楼东平房,116.2247009814914,39.89813318239387,400,6292,20.0,3.3,47,北京五棵松_中午_243,中午,北京五棵松_中午_wgs84.csv,1,1,0,food_court
365662017,,景顺食府(第1档口景顺美食城),5.0,172人觉得好吃,最高28;13元,蜂鸟准时达,15.0,老山北里房管处工会东,116.21711686370844,39.91023044200925,100,6393,25.0,1.7,48,北京五棵松_中午_319,中午,北京五棵松_中午_wgs84.csv,1,1,0,food_court
655114419,品牌,煲仔皇腊味煲仔饭(第十一档口口福汇美食城),5.0,11人觉得口感不错,最高28;13元;88减3;130减9;1元店铺红包;关注6.9元商品券;支持自取;线上开票,蜂鸟全城达,26.0,北小马厂6号-01层-01号,116.3298809593253,39.89684072507802,1000,6858,55.0,5.4,45,北京五棵松_中午_347,中午,北京五棵松_中午_wgs84.csv,1,1,0,food_court
20025046024,品牌,琉璃净(五棵松万达广场店),5.0,回复超快;18人觉得口感醇厚,最高28;13元;1元店铺红包;支持自取;售后无忧,蜂鸟准时达,13.0,五棵松万达广场LG层东侧松云鲤美食街区D17号(麦当劳对面),116.27467625690072,39.9120040401301,300,675,18.0,0.0,20,北京五棵松_中午_373,中午,北京五棵松_中午_wgs84.csv,1,0,1,food_court
20017587137,,鳗泽家·鳗鱼饭·肥牛饭(第5档口福盛宴美食城),4.9,14人觉得色香味俱全,最高28;13元;48减2;68减4;88减6;1元店铺红包;优评领1元店铺券;集点返5元,蜂鸟准时达,14.0,西三环北路91号7号楼2层7-93号,116.30280629082527,39.93217332870199,1000,4854,22.0,2.9,42,北京五棵松_中午_411,中午,北京五棵松_中午_wgs84.csv,1,1,0,food_court
1095894171,品牌,鱼籽村秘制拌饭(第四号档口郑记美食城),4.8,199人觉得好吃,最高28;13元;25减1;50减2;75减5;100减10;线上开票;售后无忧,蜂鸟准时达,15.0,西三环北路97号,116.30357373626391,39.93174997456046,1000,4906,20.0,2.4,47,北京五棵松_中午_412,中午,北京五棵松_中午_wgs84.csv,1,1,0,food_court
232877455,品牌,煲仔皇腊味煲仔饭(第十号档口幸运时间美食城店),5.0,301人觉得好吃,最高28;13元;88减3;130减9;支持自取;线上开票,蜂鸟全城达,26.0,宣武门外大街32号1幢5层 富卓商厦5楼幸运时间美食城煲仔皇外送店,116.36898930323213,39.89218806334669,1000,10038,55.0,11.4,51,北京五棵松_中午_478,中午,北京五棵松_中午_wgs84.csv,1,1,0,food_court
20021800187,,禾之味·创意轻食·健康餐(第3号档口食乐园美食城),4.9,126人觉得好吃,最高28;13元;40减3;70减5;90减7;3元店铺红包;返5元红包;集点返3元;售后无忧,蜂鸟准时达,16.0,鲁谷路74号院39号楼地下一层,116.23739356286268,39.899008982843554,700,5068,15.0,0.0,44,北京五棵松_中午_493,中午,北京五棵松_中午_wgs84.csv,1,1,0,food_court
20000202159,,王婆大虾(岳各庄店 第一档口美食城),4.6,34人觉得味道不错,最高28;13元(含本店补6);48减1;98减2;198减5;优评领3元店铺券;线上开票;售后无忧,商家自配送,46.0,西四环南路20号2幢201号,116.2740810820179,39.870827625082896,200,5766,58.0,9.0,56,北京五棵松_中午_508,中午,北京五棵松_中午_wgs84.csv,1,1,0,food_court
20020697497,,大马勺精品东北菜(第8档口宏光赢利美食城),4.9,口味正宗;回复超快;60人觉得口感丰富,7元老朋友补贴;最高28;12元;28减1;48减3;69减5;99减8;138减12;1元店铺红包;夜宵58减21;优评领3元店铺券;返10元红包;极速退;售后无忧,蜂鸟准时达,25.0,西四环中路113号5层F8539-2,116.26609856267494,39.88197980463644,4000,4141,20.0,0.1,28,北京五棵松_宵夜_009,宵夜,北京五棵松_宵夜_wgs84.csv,1,1,0,food_court
1105985404,品牌,曼玲粥(第1号档口后街美食城),4.9,33人觉得口感好;近7日1118人下单;夜宵热搜,7元老朋友补贴;最高28;32减1;45减2;2元店铺红包;夜宵100减30;首次光顾减1;优评领2元店铺券;集点返3元;支持自取;线上开票,蜂鸟准时达,14.0,永定路88号一层88-6号,116.25899141333916,39.90369985568433,4000,2100,20.0,0.5,20,北京五棵松_宵夜_011,宵夜,北京五棵松_宵夜_wgs84.csv,1,1,0,food_court
912634400,,蛙来啦牛蛙烤鱼小龙虾(第7号档口香婆婆美食城),4.9,78人觉得好吃,7元老朋友补贴;最高28;12元;128减1;288减5;388减15;1元店铺红包;夜宵58减21;支持自取;线上开票;售后无忧,商家自配送,47.0,五孔桥甲2号1层西侧,116.26476258359588,39.93033576667816,200,3241,0.0,0.0,46,北京五棵松_宵夜_012,宵夜,北京五棵松_宵夜_wgs84.csv,1,1,0,food_court
1095369020,,蟹中寶·纯蟹黄拌饭(第09档口老八美食城),4.9,20人觉得味道鲜美,7元老朋友补贴;最高28;12元;88减2;158减4;228减6;298减8;2元店铺红包;夜宵100减30;优评领3元店铺券;支持自取;线上开票;售后无忧,商家自配送,25.0,双榆树西里3号楼南侧小吃店,116.31675722615586,39.96692800213843,1000,9384,88.0,0.0,51,北京五棵松_宵夜_019,宵夜,北京五棵松_宵夜_wgs84.csv,1,1,0,food_court
1105300485,,一碗赌上厨师生涯的炒饭·王者炒饭(第15档口宏鼎嘉合美食城店),4.9,461人觉得好吃;近7日398人下单,7元老朋友补贴;最高28;12元;1元店铺红包;夜宵58减21;返2元红包;透明餐厅;支持自取;线上开票,蜂鸟准时达,11.0,阜成路73号B座地下一层,116.29304858430372,39.92385024470588,1000,3274,0.0,5.4,29,北京五棵松_宵夜_020,宵夜,北京五棵松_宵夜_wgs84.csv,1,1,0,food_court
1058465033,品牌,披萨革命·现做现烤更好吃(第5号档口食乐园美食城),4.9,近7日322人下单;回复超快,7元老朋友补贴;最高28;12元;79减3;99减8;199减15;夜宵58减21;关注0.1元商品券;优评领1.9元商品券;返10元红包;集点返5元;满赠;线上开票;极速退;售后无忧,蜂鸟准时达,14.0,石景山鲁谷路74号院39号楼食乐园美食广场第5档口,116.23749462638573,39.898991006279225,1000,4500,0.0,0.0,28,北京五棵松_宵夜_022,宵夜,北京五棵松_宵夜_wgs84.csv,1,1,0,food_court
1072813371,,1980·老盒饭(第20号档口京兆京缘美食城),4.9,754人觉得好吃;回复超快;近7日451人下单,7元老朋友补贴;48减2;68减3;118减4;2元店铺红包;优评领2元店铺券,蜂鸟准时达,12.0,五孔桥甲2号1层西侧,116.26476258359588,39.93033576667816,1000,3241,20.0,2.8,30,北京五棵松_宵夜_028,宵夜,北京五棵松_宵夜_wgs84.csv,1,1,0,food_court
386024435,品牌,Obligi Chicken韩式炸鸡(第4档口航天昌盛美食城),4.9,近7日1150人下单;回复超快,7元老朋友补贴;最高28;38减1;48减2;65减3;2元店铺红包;夜宵100减30;返3元红包;集点返5元;满赠;支持自取;售后无忧,蜂鸟准时达,11.0,阜成路22号北平房104,116.30172076693192,39.922432652119554,4000,3950,0.0,0.0,29,北京五棵松_宵夜_030,宵夜,北京五棵松_宵夜_wgs84.csv,1,1,0,food_court
20024912316,,不加水の咖喱鸡·番茄牛腩饭(风味1北京乐味香餐饮服务有限公司),5.0,73人觉得好吃,7元老朋友补贴;最高28;12元;58减1;88减2;148减3;1元店铺红包;夜宵100减30;优评领15元店铺券;返1.1元红包,蜂鸟准时达,11.0,圣隆美食城15号档口,116.2459101609141,39.88905899291113,1000,4957,15.0,0.3,34,北京五棵松_宵夜_042,宵夜,北京五棵松_宵夜_wgs84.csv,1,1,0,food_court
20021139276,,郑可以·桂林米粉(第七档口大商超市美食城),4.9,148人觉得好吃,7元老朋友补贴;最高28;12元;38减1;68减3;98减5;夜宵100减30;首次光顾减1;返2元红包;集点返4元;支持自取;线上开票,蜂鸟准时达,12.0,永定路70号院551楼底商,116.25995730157165,39.908803052179465,1000,1817,0.0,1.2,20,北京五棵松_宵夜_050,宵夜,北京五棵松_宵夜_wgs84.csv,1,1,0,food_court
376988141,品牌,花小小新疆炒米粉·烤包子(第2号档口宏鼎嘉合美食城),4.8,近7日759人下单;5396人觉得好吃;回复超快,7元老朋友补贴;最高28;30减1;48减2;68减3;88减4;1元店铺红包;夜宵100减30;优评领10元店铺券;集点返3元;满赠;透明餐厅,蜂鸟准时达,11.0,阜成路73号B座地下一层,116.29286691748702,39.92386153555596,3000,3274,0.0,1.7,30,北京五棵松_宵夜_053,宵夜,北京五棵松_宵夜_wgs84.csv,1,1,0,food_court
662682345,品牌,江川右·一家有态度的粥店(第七档口宏鼎嘉合美食城),4.9,近7日316人下单;3702人觉得非常好吃,7元老朋友补贴;最高28;12元;32减1;48减2;68减3;88减4;3元店铺红包;透明餐厅;支持自取,蜂鸟准时达,17.0,阜成路73号B座地下1层,116.29307553371498,39.923857201143896,1000,3274,24.0,1.7,26,北京五棵松_宵夜_055,宵夜,北京五棵松_宵夜_wgs84.csv,1,1,0,food_court
20017484101,,够粤牌猪脚饭(第6档口佳美生活超市美食城),4.7,117人觉得好吃;回复超快,7元老朋友补贴;最高28;12元;29减1;39减2;59减5;89减7;128减9;1元店铺红包;夜宵100减30;首次光顾减1;返3元红包;集点返3元;售后无忧,蜂鸟准时达,13.0,花园村1号楼西侧,116.31228291130935,39.930701954060105,1000,5692,0.0,6.9,36,北京五棵松_宵夜_063,宵夜,北京五棵松_宵夜_wgs84.csv,1,1,0,food_court
1111840437,,祁姥姥家现熬疙瘩汤(第5号档口柴米多美食城),4.8,近7日416人下单;33人觉得好喝,7元老朋友补贴;最高28;12元;38减2;48减3;68减5;98减8;1元店铺红包;夜宵58减21;极速退;售后无忧,蜂鸟准时达,14.0,鲁谷路6号（瑞达公司）丰业红工艺美术品市场1层68号,116.24081904907042,39.90147142588,1000,3894,20.0,0.0,34,北京五棵松_宵夜_066,宵夜,北京五棵松_宵夜_wgs84.csv,1,1,0,food_court
20019792018,,DaQiu韩式炸鸡·火鸡面(风味1圣隆美食城店),5.0,136人觉得好吃,7元老朋友补贴;最高28;12元;38减1;48减2;68减5;110减10;2元店铺红包;夜宵100减30;首次光顾减1;优评领2元店铺券;返2元红包;集点返5元;售后无忧,蜂鸟准时达,15.0,圣隆广场,116.24611916445652,39.8893249595296,1000,4903,40.0,3.1,35,北京五棵松_宵夜_067,宵夜,北京五棵松_宵夜_wgs84.csv,1,0,0,food_court
1098444033,,淮南老街牛肉汤(第18号档口山海居美食城),4.6,近7日917人下单;232人觉得好吃;口味正宗,7元老朋友补贴;最高28;30减1;50减3;80减5;100减8;夜宵58减21;返2元红包;集点返5元;支持自取;线上开票,蜂鸟准时达,11.0,北洼西里甲11号,116.29642562229544,39.9363971956837,3000,4995,0.0,0.0,32,北京五棵松_宵夜_075,宵夜,北京五棵松_宵夜_wgs84.csv,1,1,0,food_court
20022916156,,锄禾炒饭赌上厨师职业生涯的炒饭(第13号档口德食汇美食城),4.9,32人觉得好吃,7元老朋友补贴;最高28;12元;35减1;45减2;65减3;85减4;关注1元商品券;支持自取,蜂鸟准时达,14.0,万丰路68号院银座和谐广场B106号,116.29144291174518,39.8806377244961,1000,4783,0.0,5.1,37,北京五棵松_宵夜_086,宵夜,北京五棵松_宵夜_wgs84.csv,1,1,0,food_court
409409359,品牌,Obligi Chicken韩式炸鸡(第12档口田村阳洋润兴美食城),5.0,49人觉得口感很好;近7日307人下单,7元老朋友补贴;最高28;38减1;48减2;65减3;2元店铺红包;夜宵58减21;优评领1元店铺券;返2元红包;集点返3元;满赠,蜂鸟准时达,13.0,"四季青乡田村前街56号2幢-201、-202号,3幢-301、-302号",116.23965614658276,39.9285221466943,1000,4728,0.0,3.2,28,北京五棵松_宵夜_088,宵夜,北京五棵松_宵夜_wgs84.csv,1,1,0,food_court
20013130092,,豁出全部身家的专业炒饼炒面炒河粉(第二档口宏鼎嘉合美食城),4.8,151人觉得好吃,7元老朋友补贴;最高28;25减1;40减2;55减3;85减5;2元店铺红包;夜宵58减21;集点返3元;透明餐厅;售后无忧,蜂鸟准时达,,阜成路73号B座地下一层,116.29286691748702,39.92386153555596,3000,3274,15.0,0.0,30,北京五棵松_宵夜_093,宵夜,北京五棵松_宵夜_wgs84.csv,1,1,0,food_court
20008751434,,祁姥姥家的疙瘩汤·现烙饼(第四档口福盛宴美食城),4.9,136人觉得好吃;夜宵热搜,7元老朋友补贴;最高28;12元;38减2;48减3;68减5;98减8;1元店铺红包;夜宵100减30;优评领3元店铺券;集点返3元;线上开票;极速退,蜂鸟准时达,18.0,西三环北路91号7号楼2层7-93号,116.30279529217684,39.93234534133086,1000,4941,30.0,6.1,36,北京五棵松_宵夜_104,宵夜,北京五棵松_宵夜_wgs84.csv,1,1,0,food_court
20014623195,品牌,排队三小时都要吃的牛腩饭·谷米中(第16档口宏鼎嘉合美食城),4.8,150人觉得口感丰富,7元老朋友补贴;最高28;12元;38减1;58减2;78减3;98减5;128减8;2元店铺红包;夜宵100减30;集点返3元;透明餐厅;售后无忧,蜂鸟准时达,21.0,阜成路73号B座地下一层,116.29286691748702,39.92386153555596,500,3274,0.0,2.8,25,北京五棵松_宵夜_130,宵夜,北京五棵松_宵夜_wgs84.csv,1,1,0,food_court
674991009,品牌,花小小新疆炒米粉·烤包子(第6档口北京宏光赢利餐饮美食城),4.9,2423人觉得好吃;近7日496人下单;回复超快,7元老朋友补贴;最高28;12元;30减1;48减2;68减3;88减4;1元店铺红包;夜宵100减30;优评领10元店铺券;集点返4元;满赠;线上开票;售后无忧,蜂鸟准时达,12.0,西四环中路113号5层58539-2,116.26615659768964,39.88132078822045,2000,4254,0.0,1.3,34,北京五棵松_宵夜_132,宵夜,北京五棵松_宵夜_wgs84.csv,1,1,0,food_court
20017428028,,辣霸·吃到爽干锅方便面(第六档口天府美食城),4.9,54人觉得好吃,7元老朋友补贴;最高28;12元;28减1;38减3;48减5;88减8;108减10;夜宵58减21;关注0元商品券;优评领10元店铺券;集点返3元;支持自取,蜂鸟准时达,14.0,永定路70号院551楼底商(天超仓储超市二层西侧),116.26011323769876,39.908662961214894,600,1804,15.0,0.0,21,北京五棵松_宵夜_151,宵夜,北京五棵松_宵夜_wgs84.csv,1,1,0,food_court
20008162467,,一碗香●麻辣香锅●新鲜现炒(台湾街第1档口启乘美食城店),4.6,回复超快;12人觉得口感好吃;石景山区香锅·第2名,7元老朋友补贴;最高28;12元;35减1;48减3;68减5;98减8;1元店铺红包;夜宵58减21;优评领3元店铺券;集点返3元;支持自取;线上开票;售后无忧,蜂鸟准时达,19.0,台湾街文化广场,116.2333852240855,39.90301759954972,1000,4468,20.0,2.3,28,北京五棵松_宵夜_161,宵夜,北京五棵松_宵夜_wgs84.csv,1,1,0,food_court
20000707305,,锦州烧烤(第5号档口主食主食悦福美食城),4.9,260人觉得好吃,7元老朋友补贴;最高28;58减2;98减4;158减7;200减9;300减19;2元店铺红包;夜宵100减30;支持自取;线上开票;售后无忧,蜂鸟准时达,23.0,永定路24号地下一层001生鲜药店,116.25939023388818,39.91968593706241,400,2562,60.0,0.0,20,北京五棵松_宵夜_163,宵夜,北京五棵松_宵夜_wgs84.csv,1,1,0,food_court
20014192066,,焖饼炒鸡很哇塞(第3档口食墨坊美食城),4.0,44人觉得好吃,7元老朋友补贴;最高28;66减1;1元店铺红包;夜宵100减30;优评领1元店铺券,蜂鸟准时达,,西四环中路113号5层F8539-2,116.26616553762932,39.88174575998087,300,4137,0.0,2.3,37,北京五棵松_宵夜_164,宵夜,北京五棵松_宵夜_wgs84.csv,1,1,0,food_court
20011429159,,小东北烧烤(第15档口嘉友众海美食城),4.7,107人觉得好吃;回复超快,7元老朋友补贴;最高28;12元;48减2;88减5;128减8;188减12;5元店铺红包;夜宵100减30;首次光顾减1;支持自取;线上开票;售后无忧,蜂鸟准时达,27.0,西四环中路113号红星美凯龙北京西四环商场,116.26668711885593,39.88166632198968,400,4094,30.0,0.1,44,北京五棵松_宵夜_167,宵夜,北京五棵松_宵夜_wgs84.csv,1,1,0,food_court
20020943489,,临沂鲜炒鸡(第3号档口主食悦福美食城),4.3,口味正宗;121人觉得口感丰富,7元老朋友补贴;最高28;12元;38减2;48减3;68减5;88减8;1元店铺红包;夜宵58减21;返2元红包;集点返3元;售后无忧,蜂鸟准时达,19.0,永定路24号地下一层001室,116.25895445114692,39.91962019731549,800,2557,30.0,0.0,26,北京五棵松_宵夜_174,宵夜,北京五棵松_宵夜_wgs84.csv,1,1,0,food_court
262640339,品牌,无名缘肉沫米粉(第七档口德食汇美食城),4.8,277人觉得好吃;近7日329人下单,7元老朋友补贴;最高28;40减2;50减5;2元店铺红包;夜宵100减30;返2元红包;集点返10元;线上开票,蜂鸟准时达,17.0,万丰路68号院银座和谐广场B106号(了地下1层美食广场),116.2915896272916,39.88080348570696,1000,4662,20.0,3.2,35,北京五棵松_宵夜_180,宵夜,北京五棵松_宵夜_wgs84.csv,1,1,0,food_court
20021020152,,老北京王记熟食凉菜(第1档口川味缘美食城),5.0,回复超快;47人觉得好吃,7元老朋友补贴;最高28;12元;38减2;55减4;89减5;138减9;夜宵100减30;优评领3元店铺券;返2元红包;支持自取;售后无忧,蜂鸟准时达,22.0,车公庄西路35号7号平房02室,116.3085307695596,39.934296828801706,1000,5684,26.0,3.8,28,北京五棵松_宵夜_187,宵夜,北京五棵松_宵夜_wgs84.csv,1,1,0,food_court
20011263357,,致青春老盒饭(第16号档口柴米多美食城),4.9,15人觉得口感很好,7元老朋友补贴;最高28;12元;99减8;130减12;300减30;夜宵100减30;线上开票;售后无忧,蜂鸟准时达,14.0,鲁谷路6号(柴米多美食城),116.24073902461446,39.90138542183134,300,3902,20.0,0.0,27,北京五棵松_宵夜_191,宵夜,北京五棵松_宵夜_wgs84.csv,1,1,0,food_court
571019238,,张仪村臭豆腐(第1号档口食乐园美食城店),4.9,164人觉得好吃,7元老朋友补贴;最高28;39减5;68减12;88减15;108减20;180减30;2元店铺红包;夜宵58减21;线上开票;售后无忧,蜂鸟准时达,21.0,（食乐园)张仪村臭豆腐第1档口,116.23740556011052,39.899089981926686,900,4493,30.0,0.7,39,北京五棵松_宵夜_197,宵夜,北京五棵松_宵夜_wgs84.csv,1,1,0,food_court
20000610013,,曹氏鸭脖(第6号档口小牛旺美食城),4.7,88人觉得好吃,7元老朋友补贴;最高28;12元;35减3;45减4;55减5;3元店铺红包;夜宵58减21;首次光顾减1;售后无忧,蜂鸟准时达,21.0,大成里芳园21号5幢1层1-9,116.25156329547828,39.88969481565137,700,4372,38.0,1.2,33,北京五棵松_宵夜_202,宵夜,北京五棵松_宵夜_wgs84.csv,1,1,0,food_court
20020426124,,沂蒙山特色炒鸡(第13档口宏光赢利美食城),4.8,口味正宗;11人觉得口感丰富,7元老朋友补贴;最高28;12元;71减1;91减2;夜宵100减30;首次光顾减1;线上开票,蜂鸟准时达,26.0,西四环中路113号5层F8539-2,116.26609856267494,39.88197980463644,500,4141,20.0,0.1,29,北京五棵松_宵夜_203,宵夜,北京五棵松_宵夜_wgs84.csv,1,1,0,food_court
20021827020,,胡同小灶·一日三餐(风味3北京江坛忠健餐饮有限公司),5.0,11人觉得好吃,7元老朋友补贴;最高28;12元;49减4;79减8;109减16;159减25;199减35;2元店铺红包;夜宵100减30;关注3.9元商品券;返3元红包;集点返4元;支持自取;极速退;售后无忧,蜂鸟准时达,23.0,西四环中路136号京丰岳各庄农副产品批发市场美食城3号,116.27428501524464,39.87749406141962,100,4687,20.0,1.1,29,北京五棵松_宵夜_204,宵夜,北京五棵松_宵夜_wgs84.csv,1,0,0,food_court
20000705440,,一家很哇塞的小碗菜(第10号档口主食主食悦福美食城),4.6,38人觉得好吃,7元老朋友补贴;最高28;12元;38减3;48减5;68减8;88减11;夜宵100减30;售后无忧,蜂鸟准时达,20.0,永定路与永采路交叉口东北40米,116.25898943371008,39.91962817656562,86,2557,29.0,0.0,26,北京五棵松_宵夜_206,宵夜,北京五棵松_宵夜_wgs84.csv,1,1,0,food_court
1055903370,品牌,左小姐·排骨炸肉(第1档口增光美食城店),5.0,1312人觉得好吃,7元老朋友补贴;最高28;2元店铺红包;线上开票,蜂鸟准时达,22.0,花园村1号楼西侧,116.3126191514108,39.93075431701128,700,5722,50.0,6.9,31,北京五棵松_宵夜_207,宵夜,北京五棵松_宵夜_wgs84.csv,1,1,0,food_court
20020797133,,陕十一·凉皮·肉夹馍(第11号档口宏鼎嘉合美食城),4.9,45人觉得好吃;回复超快,7元老朋友补贴;最高28;12元;39减1;49减2;59减3;69减4;夜宵58减21;返2元红包;透明餐厅;支持自取;售后无忧,蜂鸟准时达,18.0,阜成路73号B座地下一层,116.29286691748702,39.92386153555596,700,3274,25.0,0.0,29,北京五棵松_宵夜_210,宵夜,北京五棵松_宵夜_wgs84.csv,1,1,0,food_court
20008132080,,粤味隆江猪脚饭(第1号档口川味源美食城),4.2,105人觉得好吃,7元老朋友补贴;最高28;40减3;70减5;3元店铺红包;夜宵58减21;支持自取;线上开票;售后无忧,蜂鸟准时达,,车公庄西路35号院,116.30842100318542,39.9343490300491,2000,5691,15.0,3.1,34,北京五棵松_宵夜_211,宵夜,北京五棵松_宵夜_wgs84.csv,1,1,0,food_court
20015539106,,柴圣杰·韩国炸鸡(第10档口宏光赢利美食城),5.0,43人觉得好吃,7元老朋友补贴;最高28;12元;45减2;65减5;88减7;1元店铺红包;夜宵100减30;支持自取;售后无忧,蜂鸟准时达,14.0,西四环中路113号5层F8539-2,116.26600668879358,39.88155990176397,400,4150,75.0,0.6,39,北京五棵松_宵夜_213,宵夜,北京五棵松_宵夜_wgs84.csv,1,1,0,food_court
20025605236,,徽州老母鸡汤(第6档口山海居美食城),5.0,包装好评率100%,7元老朋友补贴;最高28;12元;30减1;50减3;80减5;100减10;1元店铺红包;夜宵58减21;首次光顾减1;优评领1元店铺券,蜂鸟准时达,,北洼西里甲11号,116.2965384135758,39.93631701001221,32,4986,0.0,0.1,28,北京五棵松_宵夜_227,宵夜,北京五棵松_宵夜_wgs84.csv,1,1,0,food_court
20000455017,,京味川湘菜(岳各庄店),4.7,17人觉得口味正宗,7元老朋友补贴;最高28;68减6;108减15;158减22;198减30;2元店铺红包;夜宵100减30;首次光顾减1;返2元红包;售后无忧,蜂鸟准时达,17.0,西四环中路136号京丰岳各庄农副产品批发市场美食城3号,116.27425206577314,39.877397102674166,700,4696,28.0,1.0,37,北京五棵松_宵夜_229,宵夜,北京五棵松_宵夜_wgs84.csv,1,0,0,food_court
20009650012,,车记片皮烤鸭卷(第1号档口大成路美食城),4.6,105人觉得好吃,7元老朋友补贴;最高28;38减2;48减3;68减5;88减8;98减10;1元店铺红包;夜宵58减21;首次光顾减1;优评领3元店铺券;集点返9元;支持自取;线上开票,蜂鸟准时达,17.0,兆丰园三区盛隆美食广场二楼。盛隆美食城,116.24577013146973,39.88908900459134,100,4944,15.0,0.0,33,北京五棵松_宵夜_234,宵夜,北京五棵松_宵夜_wgs84.csv,1,1,0,food_court
20015539304,,林记臭豆腐·烤冷面·凉皮(第20档口宏光赢利美食城),4.5,回复超快,7元老朋友补贴;最高28;12元;50减3;85减8;200减15;夜宵58减21,蜂鸟准时达,24.0,西四环中路113号5层F8539-2,116.26573690608473,39.88154012613556,200,4151,35.0,0.9,28,北京五棵松_宵夜_238,宵夜,北京五棵松_宵夜_wgs84.csv,1,1,0,food_court
20014774200,,陕十一凉皮肉夹馍(第5号档口柴米多美食城),4.6,36人觉得好吃,7元老朋友补贴;最高28;12元;32减1;48减2;58减3;68减4;78减5;夜宵58减21;售后无忧,蜂鸟准时达,17.0,鲁谷路6号(瑞达公司东侧)丰业红工艺美术品市场1层68号、二层139号,116.24107105952618,39.90226141411196,100,3738,25.0,0.0,31,北京五棵松_宵夜_239,宵夜,北京五棵松_宵夜_wgs84.csv,1,1,0,food_court
20017538473,,王家凉皮·烤冷面·手抓饼(第2档口宏光赢利美食城),5.0,包装好评率100%,7元老朋友补贴;最高28;12元;夜宵58减21,蜂鸟准时达,23.0,西四环中路113号5层F8539-2,116.26574190698044,39.88150112392133,67,4151,20.0,1.3,39,北京五棵松_宵夜_247,宵夜,北京五棵松_宵夜_wgs84.csv,1,1,0,food_court
20014409284,,匠佬头隆江猪脚饭(第10档口嘉友众海美食城),4.7,绝味盖浇饭，一吃一大碗,7元老朋友补贴;最高28;2元店铺红包;夜宵58减21;返3元红包;支持自取;售后无忧,蜂鸟准时达,12.0,西四环中路113号五层F8990号,116.26657419691792,39.88179341224589,200,4138,0.0,0.3,37,北京五棵松_宵夜_251,宵夜,北京五棵松_宵夜_wgs84.csv,1,1,0,food_court
20002774008,,玉海园串吧(第4号档口主食主食悦福美食城),4.0,烤翅一对，快乐加倍,7元老朋友补贴;最高28;12元;92减5;122减8;182减15;2元店铺红包;夜宵100减30;支持自取,蜂鸟准时达,21.0,永定路24号地下一层,116.25919632393996,39.91971905112489,82,2568,65.0,0.0,20,北京五棵松_宵夜_254,宵夜,北京五棵松_宵夜_wgs84.csv,1,1,0,food_court
1110593292,,饼不厌炸·炸串·拌饼(第5号档口丽鲜美美食城),0.0,万物皆可炸,7元老朋友补贴;最高28;25减2;45减5;68减8;夜宵58减21;返3元红包,蜂鸟准时达,18.0,西三环北路91号7号楼2层7-98号,116.3027513730036,39.93243141605887,86,4936,28.0,3.1,29,北京五棵松_宵夜_257,宵夜,北京五棵松_宵夜_wgs84.csv,1,1,0,food_court
20015882359,,牛馍王洛馍大饼烤肉筋(第二档口大成路美食城),0.0,小食大味，泡馍别有滋味,7元老朋友补贴;最高28;12元;38减1;48减2;58减3;68减4;78减5;夜宵58减21;关注0元商品券;优评领3元店铺券,蜂鸟准时达,13.0,圣隆广场2层圣隆美食城,116.24579214190685,39.88903800497507,200,4944,26.0,1.5,33,北京五棵松_宵夜_258,宵夜,北京五棵松_宵夜_wgs84.csv,1,1,0,food_court
1099917473,,宅爷有饭·老盒饭(第7号档口口福汇美食城),4.9,近7日611人下单;773人觉得好吃,7元老朋友补贴;48减2;68减3;118减4;2元店铺红包;优评领2元店铺券,蜂鸟准时达,13.0,北小马厂6号-01层-01号,116.32993483247576,39.89687262130988,2000,6511,50.0,3.3,34,北京五棵松_宵夜_273,宵夜,北京五棵松_宵夜_wgs84.csv,1,1,0,food_court
1102426384,,燕谷稻香·中式健康菜·淡盐轻油(第4档口法宝超市美食城),4.8,回复超快;包装好评率90%,7元老朋友补贴;最高28;33减2;35减3;58减4;108减8;200减15;5元店铺红包;夜宵58减21;优评领3元店铺券;集点返3元;支持自取;线上开票;极速退;售后无忧,蜂鸟准时达,13.0,紫竹院路31号华澳中心法宝超市B2层,116.29993681461843,39.9431459368684,1000,5933,15.0,1.7,39,北京五棵松_宵夜_282,宵夜,北京五棵松_宵夜_wgs84.csv,1,1,0,food_court
20019780346,,元气中式健康菜(第7号档口华澳美食城),4.9,回复超快;13人觉得非常美味佳肴,7元老朋友补贴;最高28;12元;30减2;35减3;58减4;108减8;200减15;夜宵100减30;关注4元商品券;优评领20元店铺券;集点返3元;支持自取;线上开票;极速退,蜂鸟准时达,14.0,紫竹院路31号,116.299987689858,39.94331884162498,1000,5915,29.0,0.7,36,北京五棵松_宵夜_307,宵夜,北京五棵松_宵夜_wgs84.csv,1,1,0,food_court
891870321,品牌,曼玲粥·广安门店(第4号档口百姓便民服务中心美食城),5.0,近7日749人下单;139人觉得好喝;夜宵热搜,7元老朋友补贴;最高28;32减1;45减2;2元店铺红包;夜宵100减30;优评领2元店铺券;集点返3元;支持自取;线上开票;售后无忧,蜂鸟全城达,13.0,广安门外广华轩6号楼地下一层,116.33418898730343,39.890711893879256,3000,7194,50.0,11.1,39,北京五棵松_宵夜_309,宵夜,北京五棵松_宵夜_wgs84.csv,1,1,0,food_court
20023276339,,凉皮范儿·凉皮·肉夹馍(第27档口北京宏鼎嘉合美食城),4.9,27人觉得好吃,7元老朋友补贴;最高28;12元;39减2;49减3;59减4;69减5;79减6;夜宵100减30;透明餐厅,蜂鸟准时达,16.0,八里庄桥与蓝靛厂南路交叉口东100米,116.29299167656256,39.92395133186932,400,3274,25.0,0.0,31,北京五棵松_宵夜_311,宵夜,北京五棵松_宵夜_wgs84.csv,1,1,0,food_court
1113809384,品牌,花小小新疆炒米粉·烤包子(第4档口口福汇美食城),4.9,近7日542人下单;11人觉得够辣;回复超快,7元老朋友补贴;最高28;12元;35减1;55减2;68减3;88减4;1元店铺红包;夜宵100减30;优评领10元店铺券;集点返3元;满赠;售后无忧,蜂鸟准时达,13.0,北小马厂6号-01层-01号,116.3298440605038,39.89670580130643,2000,6496,0.0,5.9,32,北京五棵松_宵夜_325,宵夜,北京五棵松_宵夜_wgs84.csv,1,1,0,food_court
20000090238,,青年肉筋卷饼(第2号档口大成路美食城),0.0,92人觉得味道不错,7元老朋友补贴;最高28;27减3;57减10;74减16;140减28;2元店铺红包;夜宵58减21;首次光顾减1;极速退,蜂鸟准时达,10.0,兆丰园三区1号楼,116.24608916033768,39.8893169630086,60,4908,0.0,3.1,32,北京五棵松_宵夜_336,宵夜,北京五棵松_宵夜_wgs84.csv,1,1,0,food_court
20000075407,品牌,花小小新疆炒米粉·烤包子(第7号档口沸腾美食城店),4.9,29人觉得口感不错;回复超快,7元老朋友补贴;最高28;12元;30减1;48减2;68减3;88减4;1元店铺红包;夜宵100减30;优评领10元店铺券;集点返3元;满赠;支持自取;线上开票;售后无忧,蜂鸟准时达,13.0,紫竹院路31号华奥中心法宝超市B2层,116.29993681461843,39.9431459368684,3000,5933,0.0,5.0,36,北京五棵松_宵夜_337,宵夜,北京五棵松_宵夜_wgs84.csv,1,1,0,food_court
1076284011,品牌,牛约堡-手作牛肉汉堡(第23档口百味时代美食城),5.0,近7日304人下单;650人觉得好吃,7元老朋友补贴;最高28;7元;98减3;128减5;2元店铺红包;夜宵100减30;关注5.9元商品券;优评领2元店铺券;返2元红包;满赠;支持自取;线上开票;爱心商家,蜂鸟全城达,19.0,太平桥路15号地下一层,116.3111620133264,39.87820539682484,1000,6858,1.0,8.4,42,北京五棵松_宵夜_365,宵夜,北京五棵松_宵夜_wgs84.csv,1,1,0,food_court
1106607055,,夸父炸串(华天大厦店),5.0,20人觉得味道口感不错,7元老朋友补贴;最高28;12元;35减1;55减2;75减3;108减5;夜宵58减21;优评领3元店铺券;支持自取;线上开票,蜂鸟准时达,21.0,北小马厂6号地下1层01号华天大厦物美地下一层（美食城扶梯下来地下一层正对面就是）,116.33015237795388,39.89654622318284,800,6447,50.0,5.5,42,北京五棵松_宵夜_367,宵夜,北京五棵松_宵夜_wgs84.csv,1,1,0,food_court
20019544103,,HotPotato薯条专门店(第2号档口宏鼎嘉合美食城),5.0,52人觉得好吃,7元老朋友补贴;最高28;35减2;55减7;75减12;95减18;105减22;2元店铺红包;夜宵100减30;集点返3元;透明餐厅;支持自取;售后无忧,蜂鸟准时达,20.0,阜成路73号B座地下一层,116.29285692984244,39.923909549571775,700,3261,20.0,0.0,28,北京五棵松_宵夜_370,宵夜,北京五棵松_宵夜_wgs84.csv,1,1,0,food_court
20021087193,,桂邕·广西老友粉(第9号档口川味缘美食城),4.9,12人觉得爱吃;回复超快,7元老朋友补贴;最高28;12元;40减4;2元店铺红包;夜宵100减30;关注0.1元商品券;优评领2元店铺券;集点返3元;支持自取;售后无忧,蜂鸟准时达,16.0,车公庄西路35号7号平房02室,116.3085307695596,39.934296828801706,600,5684,0.0,1.7,31,北京五棵松_宵夜_373,宵夜,北京五棵松_宵夜_wgs84.csv,1,1,0,food_court
20019274018,,军维炸鸡(第12档口宏光赢利美食城),4.9,包装好评率100%,7元老朋友补贴;最高28;12元;25减1;39减2;59减5;88减10;1元店铺红包;夜宵58减21;集点返3元;售后无忧,蜂鸟准时达,11.0,西四环中路113号5层F8539-2,116.26593277718383,39.88132497469393,900,4275,60.0,0.0,42,北京五棵松_宵夜_390,宵夜,北京五棵松_宵夜_wgs84.csv,1,1,0,food_court
20009270307,,地道爆炒东北老式盒饭(第7号档口主食主食悦福美食城),5.0,237人觉得口感丰富,7元老朋友补贴;最高28;30减2;45减4;65减5;85减8;2元店铺红包;夜宵58减21;首次光顾减2;返1.1元红包;集点返5元;支持自取,蜂鸟准时达,15.0,永定路24号鲜乐安民生活广场,116.25895345186449,39.91961819798121,100,2557,20.0,0.0,26,北京五棵松_宵夜_391,宵夜,北京五棵松_宵夜_wgs84.csv,1,1,0,food_court
317443344,,大松烧烤(第一号档口大松美食城),5.0,30人觉得好吃,7元老朋友补贴;98减1;99减2;优评领1元店铺券;支持自取;线上开票,蜂鸟准时达,61.0,北洼路(北洼路粮店),116.29951401531524,39.94038477960429,200,5297,60.0,9.9,33,北京五棵松_宵夜_395,宵夜,北京五棵松_宵夜_wgs84.csv,1,1,0,food_court
20021216406,,东北大馅手工水饺(第9号档口宏鼎嘉合美食城),4.9,10人觉得味道不错,7元老朋友补贴;最高28;12元;40减2;68减4;89减6;128减8;夜宵58减21;透明餐厅;售后无忧,蜂鸟准时达,21.0,阜成路73号B座地下一层,116.29268623763052,39.92395482074347,100,3245,20.0,7.2,25,北京五棵松_宵夜_410,宵夜,北京五棵松_宵夜_wgs84.csv,1,1,0,food_court
20025607316,,酥先生·烤鱼饭(第6档口宏光赢利美食城),5.0,包装好评率100%,7元老朋友补贴;最高28;12元;夜宵58减21;售后无忧,蜂鸟准时达,22.0,西四环中路113号5层F8539-2,116.26668711885593,39.88166632198968,41,4094,50.0,0.3,32,北京五棵松_宵夜_435,宵夜,北京五棵松_宵夜_wgs84.csv,1,1,0,food_court
409284040,品牌,拌将麻辣拌·麻辣烫BANJIANG(第A6档口恒远食厨美食城),5.0,近7日1003人下单;回复超快,7元老朋友补贴;最高28;12元;1元店铺红包;透明餐厅,蜂鸟全城达,13.0,西三环南路10-1、10-2、10-3幢三层3B003,116.30682758692387,39.87766847376005,3000,6544,25.0,0.0,36,北京五棵松_宵夜_449,宵夜,北京五棵松_宵夜_wgs84.csv,1,1,0,food_court
20016280112,,佼佼者大馅水饺(第01档口梦想空间美食城),4.6,有里有面的水饺，面面俱到,7元老朋友补贴;最高28;12元;夜宵100减30,蜂鸟准时达,,吴家场路1号院3号楼地层(商业1)(仅限地下二层)(商业1),116.3017923483464,39.89269882263249,1000,4674,20.0,1.0,35,北京五棵松_宵夜_451,宵夜,北京五棵松_宵夜_wgs84.csv,1,1,0,food_court
1093711408,品牌,曼玲粥·小笼包(第5号档口西城社区惠民美食城),4.9,近7日617人下单;回复超快;342人觉得味道不错,7元老朋友补贴;最高28;32减1;45减2;2元店铺红包;夜宵100减30;优评领2元店铺券;集点返3元;支持自取;线上开票,蜂鸟全城达,14.0,月坛北小街甲7号,116.33995969004022,39.91894407327517,2000,7110,50.0,11.1,39,北京五棵松_宵夜_458,宵夜,北京五棵松_宵夜_wgs84.csv,1,1,0,food_court
20025478431,,老北京炙烤牛肋条饭·炙子烤肉(第1档口山海居美食城),5.0,66人觉得好吃,7元老朋友补贴;最高28;12元;49减2;68减3;99减5;2元店铺红包;夜宵58减21;返2元红包;集点返3元;支持自取,蜂鸟准时达,17.0,北洼西里甲11号,116.29666215014105,39.93650079513204,300,4973,0.0,0.0,38,北京五棵松_宵夜_487,宵夜,北京五棵松_宵夜_wgs84.csv,1,1,0,food_court
321373384,品牌,麻辣诱惑·麻小·小龙虾·烧烤(第3号档口华兴美食城),4.8,826人觉得好吃,7元老朋友补贴;最高28;12元;139减1;199减2;2元店铺红包;夜宵58减21;集点返5元;线上开票;售后无忧,商家自配送,45.0,物美超市紫竹院店地下二层麻辣诱惑,116.2998520126037,39.94293609241208,800,5927,30.0,0.0,38,北京五棵松_宵夜_501,宵夜,北京五棵松_宵夜_wgs84.csv,1,1,0,food_court
1090095255,,老金记炸货铺六里桥店(第一档口农味美食城),5.0,42人觉得好吃,7元老朋友补贴;最高28;12元;68减3;128减13;2元店铺红包;线上开票;售后无忧,蜂鸟准时达,34.0,莲怡园北路2号院2号楼一层101,116.29649992822948,39.88490430426654,200,4728,50.0,3.1,28,北京五棵松_宵夜_504,宵夜,北京五棵松_宵夜_wgs84.csv,1,1,0,food_court
20023070362,,胡同里·香烤肋排(第14号档口香婆婆美食城),4.9,19人觉得好吃,7元老朋友补贴;最高28;12元;60减1;82减2;100减3;1元店铺红包;夜宵100减30;优评领5元店铺券;集点返5元;支持自取,商家自配送,27.0,五孔桥甲2号1层西侧,116.2648854857426,39.93038266743559,300,3250,0.0,0.0,41,北京五棵松_宵夜_511,宵夜,北京五棵松_宵夜_wgs84.csv,1,1,0,food_court
20019837045,,非尝卷·脆皮烤鸭卷·五花肉卷(第8档口森友集市美食城),4.4,54人觉得好吃,7元老朋友补贴;最高28;12元;38减1;48减4;68减6;88减8;2元店铺红包;夜宵58减21;优评领2元店铺券;售后无忧,蜂鸟准时达,,西四环中路113号五层F8990号,116.26668711885593,39.88166632198968,100,4094,15.0,0.3,38,北京五棵松_宵夜_512,宵夜,北京五棵松_宵夜_wgs84.csv,1,1,0,food_court
20024912428,品牌,1点点(五棵松万达店),5.0,回复超快;晚餐热搜;包装好评率90%,最高28;支持自取,蜂鸟准时达,12.0,五棵松万达LG层东区松云鲤美食街区B108,116.27431966287782,39.91211643203518,1000,399,15.0,3.0,20,北京五棵松_晚上_030,晚上,北京五棵松_晚上_wgs84.csv,1,1,1,food_court
20023151340,,麦稻中式健康菜(第25号档口北京宏鼎嘉合美食城),4.9,49人觉得好吃,最高28;12元;30减1;35减4;58减5;108减10;200减18;1元店铺红包;夜宵100减30;透明餐厅;支持自取;售后无忧,蜂鸟准时达,16.0,阜成路73号裕惠大厦B座地下一层美食城麦稻中式健康菜（农耕记旁边）,116.2926512995496,39.92397187585006,2000,3274,23.0,0.0,31,北京五棵松_晚上_090,晚上,北京五棵松_晚上_wgs84.csv,1,1,0,food_court
20000167225,品牌,米悦朝鲜族拌饭(第六档口沸腾美食城),4.9,回复超快;18人觉得口感好,最高28;12元;48减1;56减2;99减5;168减6;1元店铺红包;夜宵100减30;首次光顾减1;支持自取;线上开票;售后无忧,蜂鸟准时达,17.0,紫竹院路31号华澳中心二期-2层B201、B203,116.29972225529616,39.94309231117449,2000,5910,60.0,4.0,36,北京五棵松_晚上_094,晚上,北京五棵松_晚上_wgs84.csv,1,1,0,food_court
20007855117,品牌,花小小新疆炒米粉(第2号档口主食主食悦福美食城),4.8,21人觉得爱吃,最高28;12元;30减1;48减2;68减3;88减4;夜宵100减30;关注1.9元商品券;优评领10元店铺券;集点返3元;满赠;线上开票,蜂鸟准时达,14.0,永定路24号地下一层001室,116.25891346747304,39.91964322022245,1000,2557,20.0,0.0,21,北京五棵松_晚上_103,晚上,北京五棵松_晚上_wgs84.csv,1,1,0,food_court
20013596323,品牌,嘎嘎香东北老饭盒(第2号档口大成美食城),4.8,94人觉得好吃,最高28;12元;32减2;45减3;65减5;118减8;138减12;2元店铺红包;夜宵100减30,蜂鸟准时达,11.0,兆丰园三区1号楼2层商业201-08,116.2456450454872,39.8895899921916,2000,4951,20.0,0.9,34,北京五棵松_晚上_109,晚上,北京五棵松_晚上_wgs84.csv,1,1,0,food_court
539253296,品牌,碗里斗老式麻辣烫-炸串(第18号档口宏鼎嘉合美食城),4.9,203人觉得口感很好;回复超快;近7日491人下单,最高28;35减3;55减5;78减8;2元店铺红包;夜宵100减30;优评领8元店铺券;透明餐厅;线上开票;售后无忧,蜂鸟准时达,16.0,阜成路73号B座地下1层,116.2930585698932,39.9238182299931,1000,3274,20.0,0.0,30,北京五棵松_晚上_110,晚上,北京五棵松_晚上_wgs84.csv,1,1,0,food_court
20019169345,,七里香·土鸡焖花卷·排骨饭(第20号档口天惠鲜美食城),4.7,口味正宗;11人觉得口味正宗,最高28;12元;35减1;48减2;78减6;夜宵58减21;关注0.9元商品券;优评领8元店铺券;返3元红包;集点返5元;线上开票;极速退;售后无忧,蜂鸟准时达,19.0,八里庄路62号院1号楼-1层-101-D02,116.27204237377234,39.926913253835146,1000,2918,20.0,0.4,30,北京五棵松_晚上_112,晚上,北京五棵松_晚上_wgs84.csv,1,1,0,food_court
1085063150,,潮粥铺·潮汕砂锅粥·肠粉·茶点(第三号档口春晖美食城),4.9,27人觉得味道很正宗;近7日743人下单;回复超快,最高28;58减2;88减4;128减6;188减8;208减10;2元店铺红包;夜宵58减21;支持自取;线上开票;售后无忧,蜂鸟准时达,16.0,车公庄西路35号,116.30853974764337,39.934314811438135,2000,5684,30.0,0.0,34,北京五棵松_晚上_113,晚上,北京五棵松_晚上_wgs84.csv,1,1,0,food_court
20022396246,,淮南牛肉汤(第9档口米八斗美食城),4.8,生活不止诗与远方，还有一碗牛肉汤,最高28;12元;28减1;48减4;68减6;2元店铺红包;夜宵58减21;集点返5元;支持自取,蜂鸟准时达,15.0,吴家场路1号院甲1号楼-101-F1-17、F1-52、F1-53,116.30350869995117,39.89328974223491,300,4518,15.0,0.0,33,北京五棵松_晚上_163,晚上,北京五棵松_晚上_wgs84.csv,1,1,0,food_court
20012335056,,川普·自选盒饭(第1档口嘉友众海美食城),4.9,回复超快;138人觉得好吃,最高28;12元;39减1;79减3;99减5;2元店铺红包;夜宵58减21;优评领1元店铺券;返2元红包;支持自取;售后无忧,蜂鸟准时达,14.0,西四环中路113号,116.265856783832,39.8817590164954,2000,4162,35.0,0.0,42,北京五棵松_晚上_180,晚上,北京五棵松_晚上_wgs84.csv,1,1,0,food_court
20000060316,,曹氏鸭脖(第9档口味来食岸美食城),5.0,22人觉得辣味十足,最高28;12元;38减2;58减3;88减5;2元店铺红包;夜宵100减30;优评领3元店铺券;返2元红包;支持自取;线上开票;售后无忧,蜂鸟准时达,18.0,莲花苑5号楼B1层B101,116.30209549456096,39.894509203067,900,4215,65.0,0.0,35,北京五棵松_晚上_211,晚上,北京五棵松_晚上_wgs84.csv,1,1,0,food_court
20019209255,,鼎汇年三十·水饺(第19号档口天惠鲜美食城),5.0,16人觉得很好吃,最高28;12元;夜宵58减21;关注0.5元商品券;集点返5元;支持自取;售后无忧,蜂鸟准时达,,八里庄路62号院1号楼-1层-101-D02,116.27144199636544,39.92702586451558,400,2918,20.0,0.0,32,北京五棵松_晚上_215,晚上,北京五棵松_晚上_wgs84.csv,1,1,0,food_court
20022122090,品牌,吴氏太太好粥(第1档口食乐园美食城),5.0,90人觉得好吃,最高28;12元;40减1;58减2;69减3;3元店铺红包;夜宵100减30;集点返3元;售后无忧,蜂鸟准时达,14.0,鲁谷路74号院39号楼地下一层B001-B016,116.23745158482998,39.89911599109662,700,4493,30.0,0.0,36,北京五棵松_晚上_228,晚上,北京五棵松_晚上_wgs84.csv,1,1,0,food_court
20022491421,,净雅快餐(第6档口德合信美食城),4.8,16人觉得味道不错,最高28;12元;30减5;68减8;98减10;1.5元店铺红包;夜宵100减30;优评领32.9元商品券;支持自取;线上开票,蜂鸟准时达,11.0,地铁六号线五路居站地下一层、地上一层地铁A出入口北侧1号用房、地铁B出入口东侧100米2号用房、地铁B出入口东侧200米3号用房,116.2720118071414,39.93172109017858,1000,3451,15.0,0.0,30,北京五棵松_晚上_236,晚上,北京五棵松_晚上_wgs84.csv,1,1,0,food_court
20021684213,,尚品快餐(第2档口合德信美食城),4.4,16人觉得味道好,最高28;30减5;68减8;98减28;1.5元店铺红包;夜宵58减21;优评领3元店铺券,蜂鸟准时达,16.0,地铁六号线五路居站地下一层、地上一层地铁A出入口北侧1号用房、地铁B出入口东侧100米2号用房、地铁B出入口东侧200米3号用房,116.2713475234297,39.93161177403439,100,3371,20.0,1.2,34,北京五棵松_晚上_238,晚上,北京五棵松_晚上_wgs84.csv,1,1,0,food_court
1072744437,,正宗黄焖鸡米饭(第8号档口食乐园美食城),4.9,口味正宗;17人觉得口感很好;近7日588人下单,最高28;12元;35减1;55减2;85减5;120减7;1元店铺红包;夜宵58减21;返2元红包;集点返3元;支持自取;线上开票;售后无忧,蜂鸟准时达,12.0,鲁谷路74号院39号楼地下一层B001-B016(实诚天地负一层),116.23738556680492,39.89893798421378,2000,4506,30.0,0.0,37,北京五棵松_晚上_268,晚上,北京五棵松_晚上_wgs84.csv,1,1,0,food_court
20021344066,,大东北·土豆茄子饭(第17档口宏鼎嘉合美食城),4.8,口味正宗;85人觉得口感丰富,最高28;12元;38减1;58减2;88减3;138减10;188减20;2元店铺红包;夜宵58减21;优评领3元店铺券;透明餐厅;售后无忧,蜂鸟准时达,17.0,阜成路73号裕惠大厦B座B1层,116.29301763073286,39.9239352908853,1000,3274,20.0,0.0,32,北京五棵松_晚上_270,晚上,北京五棵松_晚上_wgs84.csv,1,1,0,food_court
20020768050,,半亩良田排骨米饭(裕惠大厦美食城航天桥第9档口店),4.9,航天桥米饭快餐·第4名;10人觉得非常喜欢吃,最高28;12元;45减4;68减6;102减8;136减10;夜宵100减30;关注0元商品券;透明餐厅;支持自取;售后无忧,蜂鸟准时达,12.0,阜成路73号B座地下城（半亩良田）,116.29286691748702,39.92386153555596,900,3274,0.0,0.0,29,北京五棵松_晚上_313,晚上,北京五棵松_晚上_wgs84.csv,1,1,0,food_court
1110009461,,和街肉饼(第2档口天天曙光美食城),4.9,74人觉得味道不错,最高28;12元;35减8;65减18;78减25;3元店铺红包;夜宵58减21;首次光顾减2;返2元红包,蜂鸟准时达,12.0,四季青乡曙光花园望山园乙17号楼109号,116.28578699228332,39.94119460185215,300,4475,20.0,2.1,37,北京五棵松_晚上_327,晚上,北京五棵松_晚上_wgs84.csv,1,1,0,food_court
20025649214,品牌,紫燕百味鸡·卤味·凉拌菜·简餐(第6档口宏鼎嘉合美食城),0.0,一份卤味，打动你的胃,最高28;12元;43减2;58减5;78减10;98减15;128减25;夜宵58减21,蜂鸟准时达,,阜成路73号B座地下一层,116.29307553946435,39.9238112030315,3,3246,15.0,0.0,26,北京五棵松_晚上_354,晚上,北京五棵松_晚上_wgs84.csv,1,1,0,food_court
265140435,品牌,小谷姐姐麻辣拌●麻辣烫(银座第十四档口德食汇美食城店),4.8,回复超快;23人觉得口感好;近7日359人下单,最高28;12元;42减5;66减9;82减12;2元店铺红包;夜宵58减21;优评领0.8元商品券;返3元红包;支持自取;线上开票,蜂鸟准时达,15.0,万丰路68号院银座和谐广场B106号,116.29126717379889,39.88106197930612,1000,4617,25.0,0.2,43,北京五棵松_晚上_361,晚上,北京五棵松_晚上_wgs84.csv,1,1,0,food_court
1111073316,,无二麻辣烫麻辣香锅(第6档口河边儿美食城),0.0,13人觉得好吃,最高28;12元;38减10;48减12;68减20;夜宵58减21;支持自取;售后无忧,蜂鸟准时达,12.0,蓝靛厂南路25号1幢地下1层，河边儿美食汇,116.28671407432876,39.94445213089988,200,5344,15.0,7.7,42,北京五棵松_晚上_363,晚上,北京五棵松_晚上_wgs84.csv,1,1,0,food_court
20017687377,品牌,蜜雪冰城(第27档口德食汇美食城),4.6,包装好评率100%,最高28;2元;50减1;优评领3元店铺券;支持自取,蜂鸟准时达,,万丰路68号院银座和谐广场B106号,116.2912761575926,39.88106296518371,200,4617,20.0,4.1,39,北京五棵松_晚上_369,晚上,北京五棵松_晚上_wgs84.csv,1,1,0,food_court
1061809241,,留学生餐厅·咖喱屋(第五号档口华澳美食城),4.9,近7日1266人下单;52人觉得口感好吃;回复超快,最高28;12元;39减2;59减6;88减8;129减12;159减16;2元店铺红包;夜宵58减21;集点返5元;透明餐厅;支持自取;售后无忧,蜂鸟准时达,22.0,紫竹院路31号,116.2999867026554,39.94323284676326,4000,5932,15.0,0.0,38,北京五棵松_晚上_378,晚上,北京五棵松_晚上_wgs84.csv,1,1,0,food_court
20020836090,,灯叔疯狂正宗隆江猪脚饭(第1号档口天惠鲜美食城),5.0,12人觉得味道特别正宗,最高28;12元;30减1;36减2;49减3;2元店铺红包;夜宵58减21;首次光顾减1;支持自取;售后无忧,蜂鸟准时达,14.0,八里庄路62号院1号楼负一层-101-D02,116.2708306373896,39.92695448191986,1000,2815,15.0,0.0,29,北京五棵松_晚上_390,晚上,北京五棵松_晚上_wgs84.csv,1,1,0,food_court
657019346,,合椒魂●麻辣香锅(第8档口华光商厦美食城),4.9,海淀区麻辣香锅热销榜·第2名;近7日411人下单,最高28;12元;35减2;48减3;68减4;88减5;108减8;夜宵58减21;返3元红包;集点返4元;满赠;售后无忧,蜂鸟准时达,18.0,阜成路61号,116.29588432069885,39.92320863538859,1000,3413,20.0,0.0,32,北京五棵松_晚上_391,晚上,北京五棵松_晚上_wgs84.csv,1,1,0,food_court
20019416010,,牛鲜深!爆汁土豆茄子拌饭(第2号档口华澳美食城),4.9,27人觉得好吃,最高28;12元;50减2;78减3;夜宵58减21,蜂鸟准时达,13.0,紫竹院路31号华澳中心二期-2层B201、B203,116.30002064191928,39.94316879034433,500,5930,15.0,3.2,39,北京五棵松_晚上_397,晚上,北京五棵松_晚上_wgs84.csv,1,1,0,food_court
20023058240,,周真真(第22档口宏鼎嘉合美食城店),4.7,24人觉得好吃,最高28;90减1;夜宵58减21;优评领2元店铺券;返2元红包;透明餐厅;支持自取,蜂鸟准时达,15.0,八里庄街道阜成路73号裕惠大厦B座地下一层,116.2926512995496,39.92397187585006,400,3274,40.0,0.0,27,北京五棵松_晚上_410,晚上,北京五棵松_晚上_wgs84.csv,1,1,0,food_court
20018994458,,半亩良田排骨米饭(第8号档口紫竹院华兴美食城),4.9,18人觉得好吃,最高28;45减4;68减6;102减8;136减10;夜宵100减30;优评领1元店铺券;售后无忧,蜂鸟准时达,13.0,紫竹院路31号华澳中心二期-2层B201、B203,116.29979910064417,39.9430871781728,400,5915,0.0,2.7,58,北京五棵松_晚上_442,晚上,北京五棵松_晚上_wgs84.csv,1,1,0,food_court
20020030229,,费大师·现炒湖南菜(第五号档口宏鼎嘉合美食城),4.6,28人觉得口味正宗,最高28;12元;39减1;59减2;89减3;139减5;189减10;3元店铺红包;夜宵100减30;优评领3元店铺券;返2元红包;集点返5元;透明餐厅;极速退;售后无忧,蜂鸟准时达,21.0,阜成路73号B座地下一层,116.29286691748702,39.92386153555596,2000,3274,15.0,0.0,34,北京五棵松_晚上_450,晚上,北京五棵松_晚上_wgs84.csv,1,1,0,food_court
653148306,品牌,麦田归来·国民拌饭·四季轻食(第十五档口口福汇美食城),5.0,海淀区轻食沙拉热销榜·第2名;回复超快,最高28;12元;52减2;69减3;89减4;2元店铺红包;夜宵58减21;线上开票,蜂鸟全城达,18.0,北小马厂6号-01层-01号,116.3298700103106,39.8966347552473,2000,6484,35.0,7.0,40,北京五棵松_晚上_489,晚上,北京五棵松_晚上_wgs84.csv,1,1,0,food_court
1095547009,,超大碗盖码饭(五路居店),3.6,172人觉得好吃,最高28;12元;48减6;58减8;108减20;208减50;588减175;9元店铺红包;夜宵58减21;返2元红包;线上开票;极速退;售后无忧,蜂鸟准时达,13.0,地铁六号线五路居地铁站地下一层德合信美食城（状元盖码饭）,116.2700328255831,39.93186506604622,100,3358,10.0,0.0,35,北京五棵松_晚上_493,晚上,北京五棵松_晚上_wgs84.csv,1,1,0,food_court
20024434260,,人民公社大食堂(人民大学店)(第6档口老八美食城),4.8,包装好评率100%,7.5元起无门槛(含本店补2);13元;支持自取;线上开票;售后无忧,蜂鸟准时达,22.0,双榆树西里3号楼南侧小吃店,116.31686999220202,39.966743793698136,300,3703,20.0,0.0,36,北京五道口华清嘉园_中午_006,中午,北京五道口华清嘉园_中午_wgs84.csv,1,1,0,food_court
20023671439,,东北饺子馆(第10号档口食客集汇美食城),4.9,144人觉得好吃;回复超快,5.5元起无门槛;13元;100减10;200减30;500减150;1000减300;线上开票;极速退;售后无忧,蜂鸟准时达,11.0,清华东路25号2号楼1层1-1号,116.34537692257976,40.000166272371104,2000,2568,0.0,0.0,30,北京五道口华清嘉园_中午_018,中午,北京五道口华清嘉园_中午_wgs84.csv,1,1,0,food_court
20020940085,,花叔·川菜(第11档口庆余年美食城),4.9,143人觉得味道不错;口味正宗,5.5元起无门槛;13元;48减2;68减3;98减6;128减8;158减10;2元店铺红包;返2元红包;线上开票;售后无忧,蜂鸟准时达,15.0,知春里甲23号二层206号,116.31891255720603,39.97277863574386,700,2836,20.0,0.0,36,北京五道口华清嘉园_中午_096,中午,北京五道口华清嘉园_中午_wgs84.csv,1,1,0,food_court
814484402,品牌,喝汤时间(第10号档口大学城美食城),4.9,155人觉得好喝,6元起无门槛(含本店补0.5);13元;48减1;62减2;88减4;2元店铺红包;线上开票;极速退,蜂鸟准时达,19.0,学清路16号学知轩1层(逸洁超市内),116.34688946913806,40.0108822362684,1000,3769,15.0,0.0,37,北京五道口华清嘉园_中午_143,中午,北京五道口华清嘉园_中午_wgs84.csv,1,1,0,food_court
240944482,,云龙麻辣香锅(第12号档口金福盛悦美食城),0.0,279人觉得好吃,6元无门槛;13元;35减15;55减22;80减30;120减40;支持自取;线上开票;极速退;售后无忧,商家自配送,,北京市海淀区海淀南路19号1层1008,116.3045182488166,39.97542453400088,2,3658,35.0,8.0,31,北京五道口华清嘉园_中午_196,中午,北京五道口华清嘉园_中午_wgs84.csv,1,1,0,food_court
20021307223,,小熊便当(第9号档口亦红美食城),5.0,29人觉得味道不错,8.5元起无门槛(含新客补3);13元;关注2.9元商品券;线上开票;售后无忧,蜂鸟准时达,,北四环西路66号-1层-158,116.30168626862744,39.98266829584105,100,3233,15.0,0.0,37,北京五道口华清嘉园_中午_197,中午,北京五道口华清嘉园_中午_wgs84.csv,1,1,0,food_court
20023621103,,东北老舅·嘎嘎香老饭盒(第10号档口锦鲤智灶美食城),5.0,107人觉得好吃;回复超快,7.5元起无门槛(含本店补2);13元;48减2;88减3;138减4;178减5;208减6;关注0.9元商品券;返2元红包;集点返5元;线上开票;售后无忧,蜂鸟准时达,10.0,海淀南路36号,116.29614062920554,39.97261023196037,900,4628,15.0,0.0,46,北京五道口华清嘉园_中午_206,中午,北京五道口华清嘉园_中午_wgs84.csv,1,1,0,food_court
307392382,,鲁三爷·临沂铁锅炒鸡·散养走地鸡(第C5号档口橘猫精选美食城),5.0,13人觉得口味正宗;口味正宗;回复超快,5.5元起无门槛;13元;400减5;500减10;线上开票,商家自配送,36.0,四道口2号院1号楼2层202号,116.33974904221948,39.95916483196708,600,4402,20.0,8.0,49,北京五道口华清嘉园_中午_239,中午,北京五道口华清嘉园_中午_wgs84.csv,1,1,0,food_court
234790177,品牌,曼玲粥·馅饼(第1号档口首联惠民美食城),4.8,250人觉得好吃;近7日316人下单,8.5元起无门槛(含新客补3);13元;32减1;45减2;2元店铺红包;优评领2元店铺券;集点返3元;支持自取;线上开票;极速退,蜂鸟准时达,15.0,万柳星标家园11号楼-1层商业1,116.28809902321623,39.96633322026573,1000,6066,35.0,5.4,51,北京五道口华清嘉园_中午_280,中午,北京五道口华清嘉园_中午_wgs84.csv,1,1,0,food_court
813833475,品牌,曼玲粥(第6号档口宏顺帅川美食城),4.8,122人觉得口感不错;近7日1490人下单,8.5元起无门槛(含新客补3);13元;32减1;45减2;2元店铺红包;优评领2元店铺券;集点返3元;支持自取;极速退,蜂鸟全城达,13.0,惠新里芍药居甲16号,116.42481893175528,39.980689091329936,5000,9639,50.0,10.8,50,北京五道口华清嘉园_中午_289,中午,北京五道口华清嘉园_中午_wgs84.csv,1,1,0,food_court
240144496,,小食代(第3号档口尚品食佳美食城),4.6,1356人觉得味道不错;近7日1418人下单,7.5元起无门槛(含本店补2);13元;35减5;55减12;85减20;120减25;2元店铺红包;支持自取;线上开票,蜂鸟全城达,10.0,裕民路18号北环中心地下,116.37572264111508,39.97069330991015,4000,6075,80.0,5.4,54,北京五道口华清嘉园_中午_335,中午,北京五道口华清嘉园_中午_wgs84.csv,1,1,0,food_court
20019192307,,MODELBOWL轻体碗(轻食沙拉健康餐第9号档口亦红美食城),4.9,10人觉得火候刚好;回复超快,7.5元起无门槛(含本店补2);13元;40减2;60减3;83减5;128减8;2元店铺红包;首次光顾减1;优评领2元店铺券;线上开票;售后无忧,蜂鸟准时达,12.0,北四环西路66号-1层-158,116.30140980928644,39.98290277346507,1000,3189,15.0,0.0,38,北京五道口华清嘉园_中午_351,中午,北京五道口华清嘉园_中午_wgs84.csv,1,1,0,food_court
20008407259,,豪大大·霸王脆皮鸡腿饭(第3号档口幸福超市美食城),4.7,114人觉得味道不错,6.5元起无门槛(含本店补1);13元;38减1;48减2;68减3;88减5;支持自取;线上开票,蜂鸟准时达,11.0,学院路9号B1层,116.3457106188175,39.99716883262355,500,2438,35.0,1.5,26,北京五道口华清嘉园_中午_430,中午,北京五道口华清嘉园_中午_wgs84.csv,1,1,0,food_court
20017217061,,巷子饭堂·老盒饭(第12档口禾留香美食城),4.8,42人觉得好吃,7.5元起无门槛(含新客补2);13元;55减1;75减2;100减3;首次光顾减1;线上开票;售后无忧,蜂鸟准时达,10.0,学院路乙9号院1号楼2层202号,116.34597692421524,39.99834032981345,700,2548,15.0,0.0,33,北京五道口华清嘉园_中午_451,中午,北京五道口华清嘉园_中午_wgs84.csv,1,1,0,food_court
241533029,,伊鼎香牛肉面(第五号档口南沙滩五建宿舍美食城店),5.0,61人觉得好吃,7.5元起无门槛(含本店补2);13元;支持自取,蜂鸟准时达,20.0,便民超时内一个窗口,116.37014161948362,39.99588755243101,100,4403,20.0,6.1,43,北京五道口华清嘉园_中午_457,中午,北京五道口华清嘉园_中午_wgs84.csv,1,1,0,food_court
263989467,,麻辣村香锅烤鱼(第1号档口南门美食城),4.8,口味正宗;1016人觉得好吃,9.5元起无门槛(含本店补4);13元(含本店补6);99减2;198减5;289减8;关注32.8元商品券;优评领3元店铺券;满赠;线上开票,商家自配送,29.0,文慧园北路7号,116.35408197379164,39.95292610604921,500,6054,58.0,0.0,54,北京五道口华清嘉园_中午_461,中午,北京五道口华清嘉园_中午_wgs84.csv,1,1,0,food_court
410070279,,临沂铁锅炒鸡·大山走地鸡(第7号档口百食汇美食城),5.0,295人觉得口感丰富;口味正宗,3.5元无门槛;13元;120减5;200减10;300减15;2元店铺红包;线上开票;售后无忧,商家自配送,34.0,回龙观镇东村南侧三旗百汇旺发综合交易市场南餐饮1-8号(百食汇美食城内),116.33573617393054,40.0589375262956,300,8925,40.0,13.0,59,北京五道口华清嘉园_中午_463,中午,北京五道口华清嘉园_中午_wgs84.csv,1,1,0,food_court
20005178409,,京城望京烧烤·小腰·小龙虾(第B8档口乐享厨美食城),4.8,50人觉得口感好,8.5元起无门槛(含新客补3);13元;38减2;88减5;158减8;228减12;288减18;3元店铺红包;首次光顾减1;优评领3元店铺券;集点返5元;支持自取;线上开票;售后无忧,商家自配送,23.0,小营北路55号二层4号,116.41647864626074,39.99783633307361,1000,8177,100.0,10.0,52,北京五道口华清嘉园_中午_479,中午,北京五道口华清嘉园_中午_wgs84.csv,1,1,0,food_court
20019396100,,潮汕牛肉饭·健康减脂餐(第14档口京食美食城),5.0,13人觉得口味醇香;回复超快,6.5元起无门槛(含本店补1);13元;38减2;58减4;88减5;1元店铺红包;集点返5元;透明餐厅;线上开票;售后无忧,蜂鸟准时达,12.0,学清路23号院1号楼1层a112,116.3448847550033,40.00945370527816,4000,3292,0.0,0.7,35,北京五道口华清嘉园_中午_494,中午,北京五道口华清嘉园_中午_wgs84.csv,1,1,0,food_court
20005344085,,D.STEAK原切牛排(第1号档口九洲美食城),4.8,20人觉得口感很好,6.5元起无门槛(含新客补1);13元;75减2;85减3;100减5;2元店铺红包;首次光顾减1;支持自取;线上开票;售后无忧,蜂鸟准时达,22.0,中关村南大街17号3号楼-1层B05-3,116.31549990175768,39.95255297483547,400,5574,20.0,5.5,52,北京五道口华清嘉园_中午_502,中午,北京五道口华清嘉园_中午_wgs84.csv,1,1,0,food_court
20016311433,,一家被炒面耽误的炒饭店!缘味奔跑吧蛋炒饭(第19档口吉祥厨房美食城),4.4,回复超快;130人觉得好吃,7元老朋友补贴;最高28;12元;26减1;36减2;56减5;88减9;夜宵100减30;关注0.9元商品券;优评领2元店铺券;返2元红包;满赠;线上开票,蜂鸟准时达,,中关村南三街6号中科资源大厦地下1层B15室,116.32150922496722,39.98356720485604,1000,1430,0.0,3.8,30,北京五道口华清嘉园_宵夜_022,宵夜,北京五道口华清嘉园_宵夜_wgs84.csv,1,1,0,food_court
1101050261,品牌,窑鸡王(第1号档口社区便民餐厅超市美食城),4.9,17人觉得很入味;回复超快,7元老朋友补贴;最高28;12元;1元店铺红包;优评领3元店铺券;线上开票,商家自配送,28.0,海淀南路十一号楼北侧1层西半部101,116.30162832448696,39.97522670053415,700,3870,20.0,8.5,38,北京五道口华清嘉园_宵夜_024,宵夜,北京五道口华清嘉园_宵夜_wgs84.csv,1,1,0,food_court
233497077,品牌,窑鸡王(第三档口金朋友美食城),4.8,海淀区卤味小吃热销榜·第4名;43人觉得很入味,最高28;1元店铺红包;优评领3元店铺券;返10元红包;支持自取;极速退;售后无忧,商家自配送,39.0,塔院小区郎秋园乙7号瑞福楼美食城二楼,116.35470162273516,39.97822415892375,600,3603,0.0,10.5,38,北京五道口华清嘉园_宵夜_034,宵夜,北京五道口华清嘉园_宵夜_wgs84.csv,1,1,0,food_court
1063687161,品牌,拌将麻辣拌·麻辣烫BANJIANG(第十一档口星选闪电厨房国奥村美食城),5.0,近7日911人下单;朝阳区麻辣烫·第3名;回复超快,,蜂鸟准时达,14.0,林萃西里16号楼2层F2-03A,116.36595651402398,40.00873065694319,3000,4855,19.0,4.7,47,北京五道口华清嘉园_宵夜_120,宵夜,北京五道口华清嘉园_宵夜_wgs84.csv,1,1,0,food_court
20000177246,品牌,Obligi Chicken韩式炸鸡(第7档口国奥星选闪电美食城),4.8,29人觉得口感很好,38减1;48减2;65减3;支持自取,蜂鸟准时达,14.0,林萃西里16号楼2层F2-03A,116.36632802015237,40.00852022892782,1000,4884,0.0,6.1,48,北京五道口华清嘉园_宵夜_126,宵夜,北京五道口华清嘉园_宵夜_wgs84.csv,1,1,0,food_court
233518028,品牌,窑鸡王(第一档口富市康民美食城),5.0,17人觉得很入味;海淀区卤味熟食热销榜·上榜好店,最高28;1元店铺红包;优评领3元店铺券;返10元红包;支持自取;线上开票;极速退;售后无忧,商家自配送,37.0,太阳园13号楼地下一层1号,116.33300170540474,39.9692978464707,400,2901,0.0,5.5,40,北京五道口华清嘉园_宵夜_139,宵夜,北京五道口华清嘉园_宵夜_wgs84.csv,1,1,0,food_court
20000724224,,叫了个·炸鸡(第6号档口京食美食城),3.7,15人觉得好吃,最高28;38减5;62减8;98减10;168减12;首次光顾减1;透明餐厅;线上开票;售后无忧,蜂鸟准时达,14.0,学清路23号院1号楼1层,116.34428501405831,40.00934374302738,100,3241,15.0,3.9,54,北京五道口华清嘉园_宵夜_145,宵夜,北京五道口华清嘉园_宵夜_wgs84.csv,1,1,0,food_court
1107828125,,大馅饺子·手工水饺(第4号档口爱车美食城),4.8,71人觉得好吃,最高28;50减1;2元店铺红包;支持自取;线上开票;售后无忧,蜂鸟准时达,15.0,双泉堡甲2号,116.3599659686402,40.00622841237029,700,4631,20.0,2.5,41,北京五道口华清嘉园_宵夜_156,宵夜,北京五道口华清嘉园_宵夜_wgs84.csv,1,1,0,food_court
1106181188,,幸福小炉子烧烤·鲜串·自烤(第3号档口爱车美食城),4.8,101人觉得味道不错,最高28;100减9;158减14;213减19;2元店铺红包;首次光顾减1;支持自取;线上开票;售后无忧,蜂鸟准时达,21.0,德外双泉堡甲2号,116.35998596380324,40.00601039474765,400,4647,38.0,0.0,59,北京五道口华清嘉园_宵夜_198,宵夜,北京五道口华清嘉园_宵夜_wgs84.csv,1,1,0,food_court
20013550358,,猪大侠烤肘子猪蹄(第3档口庆余年美食城),4.8,92人觉得好吃,最高28;49减2;69减5;90减8;130减10;1元店铺红包;线上开票,蜂鸟准时达,26.0,科学院南路甲23号二层205号,116.31888660697676,39.97285568248071,700,2883,15.0,7.3,38,北京五道口华清嘉园_宵夜_234,宵夜,北京五道口华清嘉园_宵夜_wgs84.csv,1,1,0,food_court
1005494114,品牌,绝味鸭脖(第2档口古里铺美食城),0.0,一份卤味，打动你的胃,最高28;79减2;99减3;2元店铺红包;返3元红包;支持自取;线上开票,蜂鸟准时达,23.0,知春路48号1层5号,116.33217291336209,39.97454619337197,100,2289,30.0,3.7,46,北京五道口华清嘉园_宵夜_249,宵夜,北京五道口华清嘉园_宵夜_wgs84.csv,1,1,0,food_court
20014736072,,拌面世家·老北京炸酱面(第二档口吉祥美食城),4.7,24人觉得好吃,最高28;59减2;89减4;99减7;2元店铺红包;线上开票,蜂鸟准时达,10.0,中关村南三街6号中科资源大厦地下1层B15室,116.32175169773492,39.9833217483968,900,1430,0.0,1.5,30,北京五道口华清嘉园_宵夜_252,宵夜,北京五道口华清嘉园_宵夜_wgs84.csv,1,1,0,food_court
301125479,,雪中炭烧烤(第1档口爱车美食城),4.5,1264人觉得好吃,最高28;48减5;88减10;188减15;2元店铺红包;首次光顾减1;支持自取;线上开票;售后无忧,蜂鸟准时达,18.0,德外双泉堡甲2号,116.35999095640854,40.00600438820248,500,4647,30.0,0.0,52,北京五道口华清嘉园_宵夜_264,宵夜,北京五道口华清嘉园_宵夜_wgs84.csv,1,1,0,food_court
769480474,,川辣椒水煮鱼大虾锅肉蟹煲烧烤(第10号档口橘猫精选美食城),4.5,口味正宗;99人觉得口感非常不错,最高28;188减1;288减3;368减5;支持自取;线上开票,商家自配送,33.0,四道口路2号院1号楼2层226,116.33924713501412,39.95913973762132,300,4304,0.0,0.0,48,北京五道口华清嘉园_宵夜_280,宵夜,北京五道口华清嘉园_宵夜_wgs84.csv,1,1,0,food_court
1059942263,,兄弟俩肉蟹煲(第15号档口小时代美食城),4.6,34人觉得很入味,最高28;188减1;288减3;388减5;关注2元店铺券;线上开票;售后无忧,商家自配送,48.0,四道口路2号院1号楼2层226,116.33924713501412,39.95913973762132,200,4304,0.0,0.0,48,北京五道口华清嘉园_宵夜_312,宵夜,北京五道口华清嘉园_宵夜_wgs84.csv,1,1,0,food_court
20000888229,,东北烤冷面芝士火鸡面(第D03号档口星选美食城),4.9,回复超快;21人觉得口感不错,最高28;48减1;58减2;68减3;88减4;1元店铺红包;支持自取;线上开票;售后无忧,蜂鸟准时达,14.0,马甸西村19号二层,116.36933729206008,39.96721057826314,2000,5926,60.0,10.7,72,北京五道口华清嘉园_宵夜_317,宵夜,北京五道口华清嘉园_宵夜_wgs84.csv,1,1,0,food_court
814474167,品牌,状元派丨盖码饭(第10A档口食海一号美食城),5.0,口味正宗;213人觉得口感不错,最高28;32减2;39减3;59减5;89减8;1元店铺红包;线上开票;极速退;售后无忧,蜂鸟全城达,13.0,安立路68号-1层6区内B1-023,116.4033256781116,39.99647841053796,700,7230,35.0,17.3,72,北京五道口华清嘉园_宵夜_319,宵夜,北京五道口华清嘉园_宵夜_wgs84.csv,1,1,0,food_court
20014866438,,醉氧舱现调鸡尾酒·饮品(第015号档口闪电星厨美食城),5.0,56人觉得味道不错,最高28;38减3;58减4;88减5;125减8;195减15;1元店铺红包;支持自取;线上开票;售后无忧,蜂鸟准时达,24.0,马甸西村19号,116.36946110336592,39.96746043585715,300,5957,15.0,10.4,71,北京五道口华清嘉园_宵夜_339,宵夜,北京五道口华清嘉园_宵夜_wgs84.csv,1,1,0,food_court
20022458198,,汗祖军粮·现烤牛肉干(第12档口富市美食城),4.6,烧烤一开，美味自来,最高28;99减8;199减18;299减25;2元店铺红包;首次光顾减1;线上开票,蜂鸟准时达,40.0,太阳园13号楼地下一层1号西侧,116.33294283369716,39.96933395547907,200,2900,40.0,6.1,61,北京五道口华清嘉园_宵夜_354,宵夜,北京五道口华清嘉园_宵夜_wgs84.csv,1,1,0,food_court
20016617287,,新粤派·港式茶餐厅·茶点·砂锅粥(第23档口聚天香美食城),4.2,口味正宗,最高28;35减1;58减2;81减3;返2元红包;支持自取;线上开票,蜂鸟准时达,22.0,农大南路一号院1号楼-1层B102-1室,116.30490302185318,40.0262716116936,200,5957,30.0,10.2,65,北京五道口华清嘉园_宵夜_364,宵夜,北京五道口华清嘉园_宵夜_wgs84.csv,1,1,0,food_court
20003074300,,左岸·BBQ·美式烟熏烤肉·低温慢烤(第8档口庆余年美食城),4.9,回复超快;29人觉得好吃,最高28;8元;10减1;50减3;80减5;100减9;150减11;2元店铺红包;线上开票;极速退;售后无忧,商家自配送,51.0,知春里甲23号二层206号,116.31891855835774,39.97266062896291,200,2853,0.0,0.7,30,北京五道口华清嘉园_宵夜_372,宵夜,北京五道口华清嘉园_宵夜_wgs84.csv,1,1,0,food_court
20014621121,,渔之鲜·横县鱼生·顺德鱼生(第12档口格林美食城),5.0,49人觉得好吃,最高28;10减3;88减8;168减11;5元店铺红包;首次光顾减3;支持自取;线上开票;极速退,商家自配送,59.0,裕民路12号1号楼-1层01自留01-06、-1层自留01-08,116.37631079650332,39.97283773378116,100,6041,98.0,0.0,44,北京五道口华清嘉园_宵夜_374,宵夜,北京五道口华清嘉园_宵夜_wgs84.csv,1,1,0,food_court
1064759371,品牌,华莱士·全鸡汉堡(北京师范大学店第2档口美食城店),4.7,回复超快;191人觉得好吃;近7日691人下单,最高28;39减2;49减3;85减4;1元店铺红包;支持自取;线上开票,蜂鸟全城达,13.0,北太平庄123中学北侧房,116.36081278495112,39.96559595596751,3000,5271,50.0,9.7,51,北京五道口华清嘉园_宵夜_388,宵夜,北京五道口华清嘉园_宵夜_wgs84.csv,1,1,0,food_court
20024606055,,BCC韩式炸鸡(第13号档口锦鲤智灶美食城),4.9,包装好评率100%,最高28;45减3;65减5;88减8;100减10;首次光顾减1;线上开票,蜂鸟准时达,,海淀南路36号一层0102,116.2963651742021,39.9727738503025,62,4540,15.0,8.6,56,北京五道口华清嘉园_宵夜_391,宵夜,北京五道口华清嘉园_宵夜_wgs84.csv,1,1,0,food_court
1106161262,,锦州烧烤(第2号档口爱车美食城),0.0,10人觉得味道不错,最高28;50减1;线上开票,蜂鸟准时达,,双泉堡甲2号,116.36008581186714,40.00592326252207,35,4661,38.0,2.5,40,北京五道口华清嘉园_宵夜_393,宵夜,北京五道口华清嘉园_宵夜_wgs84.csv,1,1,0,food_court
20001386433,,鮨竹居·高端日料三文鱼(第1号档口格林美食城店),4.7,33人觉得有嚼劲,最高28;7元;10减5;98减10;138减18;198减20;2元店铺红包;优评领3元店铺券;返8元红包;线上开票;极速退;售后无忧,商家自配送,46.0,裕民路12号1号楼-1层（格林美食汇）会展中心负2层,116.37633879289687,39.97265671802722,70,6049,98.0,0.0,46,北京五道口华清嘉园_宵夜_395,宵夜,北京五道口华清嘉园_宵夜_wgs84.csv,1,1,0,food_court
686958120,,东北饺子王(第7档口九州风味美食城),4.5,41人觉得味道不错,最高28;28减2;36减3;50减5;80减10;2元店铺红包;返2元红包;支持自取;线上开票,蜂鸟准时达,15.0,中关村南大街17号韦伯时代广场C座B1层106号,116.31576824139192,39.95295544684616,100,5446,15.0,9.9,65,北京五道口华清嘉园_宵夜_434,宵夜,北京五道口华清嘉园_宵夜_wgs84.csv,1,1,0,food_court
20022083245,,胡同李·肋凰香烤肋排(第12号档口绿源生鲜美食城),5.0,20人觉得味道不错;回复超快,最高28;60减1;80减2;100减3;1元店铺红包;优评领3元店铺券;支持自取;线上开票;售后无忧,商家自配送,29.0,万柳星标家园11号楼-1层商业1,116.28815394427596,39.96622114269864,200,6082,30.0,4.0,49,北京五道口华清嘉园_宵夜_435,宵夜,北京五道口华清嘉园_宵夜_wgs84.csv,1,1,0,food_court
513872099,品牌,花小小新疆炒米粉·烤包子(第7档口天下膳食美食城店),4.9,回复超快;近7日665人下单,最高28;30减1;48减2;68减3;88减4;1元店铺红包;优评领10元店铺券;返3元红包;满赠;售后无忧,蜂鸟全城达,12.0,安立路68号-1层6区内B1-023,116.40371990867013,39.99617154988644,2000,7252,60.0,16.1,62,北京五道口华清嘉园_宵夜_448,宵夜,北京五道口华清嘉园_宵夜_wgs84.csv,1,1,0,food_court
20000948415,,夸父炸串(第9档口食味天街美食城店),4.7,回复超快;107人觉得好吃;夜宵热搜,最高28;35减1;55减2;75减3;108减5;2元店铺红包;首次光顾减1;优评领5元店铺券;返3元红包;满赠;支持自取;线上开票;售后无忧,蜂鸟全城达,19.0,黄寺大街23号,116.37862103377896,39.962517345394055,1000,7377,50.0,16.3,65,北京五道口华清嘉园_宵夜_463,宵夜,北京五道口华清嘉园_宵夜_wgs84.csv,1,1,0,food_court
1112263340,品牌,曼玲粥(第17档口天下膳食美食城),4.9,回复超快;近7日889人下单;471人觉得好吃,最高28;32减1;45减2;2元店铺红包;优评领2元店铺券;透明餐厅;支持自取;线上开票,蜂鸟全城达,13.0,信息路甲28号C座-1层01,116.306196371802,40.03322891355937,3000,6523,35.0,15.0,67,北京五道口华清嘉园_宵夜_470,宵夜,北京五道口华清嘉园_宵夜_wgs84.csv,1,1,0,food_court
20022914389,,海肠蹦跶捞饭社(第0a6号档口闪电星厨美食城),5.0,47人觉得好吃,最高28;12元;夜宵58减21;返3元红包;集点返5元;线上开票,蜂鸟准时达,14.0,马甸西村19号二层205,116.3694740767588,39.96754041882185,1000,5957,,,35,北京五道口华清嘉园_晚上_022,晚上,北京五道口华清嘉园_晚上_wgs84.csv,1,1,0,food_court
20013754114,,芙蓉冒菜·麻辣烫(第3号档口吉祥厨房美食城),4.7,204人觉得好吃,最高28;12元;2元店铺红包;夜宵100减30;线上开票,蜂鸟准时达,13.0,中关村南三街6号中科资源大厦地下1层B15室,116.32229341743626,39.98357969543568,1000,1434,,,20,北京五道口华清嘉园_晚上_068,晚上,北京五道口华清嘉园_晚上_wgs84.csv,1,1,0,food_court
1095254237,,袁记云饺(第1号档口果多美美食城),4.9,58人觉得口感好吃;近7日842人下单,最高28;12元;2元店铺红包;夜宵58减21;返3元红包;支持自取;线上开票;极速退;售后无忧,蜂鸟准时达,15.0,志新路16号,116.3599697467456,39.992262010136784,3000,2939,,,28,北京五道口华清嘉园_晚上_077,晚上,北京五道口华清嘉园_晚上_wgs84.csv,1,1,0,food_court
20012259015,,来一碗·豆花牛肉冒菜(第12档口逸洁美食城),4.8,10人觉得口感很好,最高28;12元;夜宵58减21;返1.1元红包;集点返5元;支持自取;线上开票;售后无忧,蜂鸟准时达,12.0,学清路16号学知轩1层106,116.34671781572396,40.01089152438963,3000,3755,,,25,北京五道口华清嘉园_晚上_117,晚上,北京五道口华清嘉园_晚上_wgs84.csv,1,1,0,food_court
1096562130,,鲜锦润·低脂海南鸡饭(第2档口营养小厨美食城),4.8,近7日656人下单;回复超快;837人觉得好吃,最高28;12元;3元店铺红包;夜宵58减21;支持自取;线上开票;售后无忧,蜂鸟准时达,13.0,中关村南大街 2 号 A座A6,116.3171116628482,39.96498440116434,2000,3916,,,37,北京五道口华清嘉园_晚上_192,晚上,北京五道口华清嘉园_晚上_wgs84.csv,1,1,0,food_court
20011394315,,晋味山西刀削面(第8档口京食美食城),4.9,人生百面，先尝碗面,最高28;12元;夜宵58减21;首次光顾减1;支持自取;线上开票,蜂鸟准时达,11.0,学清路23号1号楼1层a112京食美食广场,116.34364834700582,40.00932084732987,1000,3233,,,31,北京五道口华清嘉园_晚上_195,晚上,北京五道口华清嘉园_晚上_wgs84.csv,1,1,0,food_court
577597389,品牌,花小小新疆炒米粉·烤包子(第七档口富老八美食城店),4.8,口味正宗;3414人觉得好吃;近7日532人下单,最高28;12元;1元店铺红包;夜宵100减30;首次光顾减1;优评领10元店铺券;集点返3元;满赠;线上开票,蜂鸟准时达,11.0,双榆树西里3号楼南侧小吃店,116.316763223717,39.96683899421269,2000,3691,,,35,北京五道口华清嘉园_晚上_300,晚上,北京五道口华清嘉园_晚上_wgs84.csv,1,1,0,food_court
20020580046,,贵阳老素粉(第15档口美闲美食城),4.3,10人觉得很好吃,最高28;12元;1元店铺红包;夜宵58减21;首次光顾减1;优评领2元店铺券;集点返3元;支持自取;线上开票,蜂鸟准时达,16.0,知春公园对面二楼，美闲美食城,116.3189255405782,39.97267461499175,100,2847,,,24,北京五道口华清嘉园_晚上_326,晚上,北京五道口华清嘉园_晚上_wgs84.csv,1,1,0,food_court
1110281248,,青年肉筋卷饼(四道口店)(第A1号档口橘猫精选美食城),4.7,230人觉得好吃;近7日929人下单;回复超快,最高28;12元;夜宵58减21;线上开票;极速退;售后无忧,蜂鸟准时达,10.0,四道口路2号院1号楼二层202,116.339744067222,39.959052845357256,3000,4397,,,33,北京五道口华清嘉园_晚上_335,晚上,北京五道口华清嘉园_晚上_wgs84.csv,1,1,0,food_court
20019935155,,一碗面(第02档口古里铺美食城),3.8,包装好评率100%,最高28;12元;夜宵100减30;关注0.9元商品券;线上开票,蜂鸟准时达,,知春路48号，古里铺美食城内,116.3320761368608,39.97451237699314,100,2293,,,23,北京五道口华清嘉园_晚上_337,晚上,北京五道口华清嘉园_晚上_wgs84.csv,1,1,0,food_court
20017221073,,小蔡山西麻辣拌(第2号档口乐食美食城),4.9,36人觉得好吃,夜宵58减21;支持自取;线上开票;售后无忧,蜂鸟准时达,20.0,四道口路2号京果商厦B座乐食美食城,116.33993673125237,39.95841352435622,300,4459,,,31,北京五道口华清嘉园_晚上_338,晚上,北京五道口华清嘉园_晚上_wgs84.csv,1,1,0,food_court
1070635408,,王婆婆铁锅焖面(第9号档口星选闪电厨房美食城),4.7,1055人觉得好吃,最高28;12元;1元店铺红包;夜宵58减21;集点返5元;线上开票,蜂鸟准时达,12.0,林萃西里16号楼2层,116.3664019076548,40.00859513910442,700,4893,,,29,北京五道口华清嘉园_晚上_362,晚上,北京五道口华清嘉园_晚上_wgs84.csv,1,1,0,food_court
20002077227,,湘汇湖南下饭菜恰饭就选这家(第6号档口禾留香美食城),4.2,119人觉得味道不错,最高28;12元;夜宵58减21;优评领3元店铺券;支持自取;线上开票;售后无忧,蜂鸟准时达,14.0,学院路乙9号,116.3459640761012,39.99735439396085,200,2639,,,24,北京五道口华清嘉园_晚上_383,晚上,北京五道口华清嘉园_晚上_wgs84.csv,1,1,0,food_court
20018830306,,吉旺角港式茶餐厅(第6档口逸洁美食城),4.8,口味正宗;87人觉得口感丰富,最高28;12元;1元店铺红包;夜宵100减30;首次光顾减1;返2元红包;集点返5元;支持自取;线上开票;售后无忧,蜂鸟准时达,22.0,学清路16号学知轩1层106,116.34641448455078,40.01047905431994,1000,3741,,,26,北京五道口华清嘉园_晚上_415,晚上,北京五道口华清嘉园_晚上_wgs84.csv,1,1,0,food_court
20014360107,,美式街头汉堡·超级热狗(第05档口菜大妈美食城),4.9,233人觉得好吃,最高28;12元;夜宵100减30;集点返3元;线上开票,蜂鸟准时达,23.0,知春东路15号1层1层东南角，菜大妈生鲜超市内,116.31988416371524,39.97407071681743,2000,2641,,,21,北京五道口华清嘉园_晚上_431,晚上,北京五道口华清嘉园_晚上_wgs84.csv,1,1,0,food_court
529099008,,北平春饼·烤鸭家常菜(双井店),5.0,10536人觉得口感丰富;回复超快,最高28;21元;38减2;68减5;98减8;128减12;3元店铺红包;优评领5元店铺券;返3元红包;支持自取;线上开票;极速退;售后无忧,蜂鸟准时达,19.0,安心美厨美食城（八棵杨北街百环家园西区66号院17号甲3.4.5）门外东侧第二个门,116.45710112953276,39.88995402289403,3000,1952,20.0,0.0,25,北京劲松二区社区_中午_004,中午,北京劲松二区社区_中午_wgs84.csv,1,0,0,food_court
20021116130,,赌上厨师职业生涯的炒饭!锄禾蛋炒饭·炒面·炒粉(第1档口福地美厨美食城),4.7,37人觉得好吃;回复超快,最高28;21元;38减1;55减2;79减3;120减5;2元店铺红包;关注1元商品券;支持自取;线上开票;极速退;售后无忧,蜂鸟准时达,12.0,光明路13号2号楼地下一层1001房间,116.4297401972104,39.883381879137794,1000,1517,0.0,0.0,23,北京劲松二区社区_中午_016,中午,北京劲松二区社区_中午_wgs84.csv,1,1,0,food_court
676062220,,兴粤·广东烧腊(十里河店),4.4,口味正宗;17人觉得口感非常好,最高28;21元;25减6;38减9;46减13;2元店铺红包;支持自取;线上开票;售后无忧,蜂鸟准时达,17.0,十八里店乡西燕东街85号新华国际广场三河村美食城6号铺位,116.4644159323335,39.859171175240654,300,4178,30.0,0.3,28,北京劲松二区社区_中午_033,中午,北京劲松二区社区_中午_wgs84.csv,1,1,0,food_court
251276317,,云南过桥米线(第二号档口顺泽轩美食城),4.6,口味正宗;258人觉得口感不错,最高28;21元;35减2;60减5;99减8;150减15;2元店铺红包;优评领2元店铺券;返3元红包;支持自取;线上开票;极速退;售后无忧,蜂鸟准时达,13.0,劲松街道百环家园甲19号楼2层A2,116.45886875624616,39.88998038788704,2000,2123,20.0,0.8,26,北京劲松二区社区_中午_034,中午,北京劲松二区社区_中午_wgs84.csv,1,1,0,food_court
20017814460,,鳗泽家·鳗鱼饭·肥牛饭(第9号档口金齐源美食城),4.7,100人觉得好吃;回复超快,最高28;21元;48减2;68减3;2元店铺红包;优评领1元店铺券;集点返5元;线上开票,蜂鸟准时达,16.0,大洋路8号东方文创大厦1层128室,116.45405925110808,39.86167313506825,1000,3302,15.0,1.0,30,北京劲松二区社区_中午_037,中午,北京劲松二区社区_中午_wgs84.csv,1,1,0,food_court
20014690025,,喜赞·轻食沙拉·健康餐(第A15档口熊猫星厨美食城),5.0,357人觉得好吃;回复超快,最高28;21元;48减2;68减4;88减6;2元店铺红包;集点返3元;线上开票,蜂鸟准时达,16.0,广渠路66号院甲19号楼1层A1-2,116.45921893012893,39.88961328004224,2000,2118,0.0,0.0,25,北京劲松二区社区_中午_048,中午,北京劲松二区社区_中午_wgs84.csv,1,1,0,food_court
20023831290,,朱角探花·耙蹄花是招牌(第7号档口贵人道美食城),5.0,包装好评率100%,最高28;21元;30减2;55减5;88减8;返2元红包;集点返5元;线上开票;售后无忧,蜂鸟准时达,21.0,朝外大街乙6号3层03083,116.44875243770416,39.918867378845086,500,5456,45.0,0.9,43,北京劲松二区社区_中午_050,中午,北京劲松二区社区_中午_wgs84.csv,1,1,0,food_court
20009676112,,神都洛阳·牛肉泡饼(第A6号档口惠民超市美食城),4.9,21人觉得味道不错;口味正宗,最高28;21元;27减1;38减2;45减4;55减5;2元店铺红包;优评领2元店铺券;返2元红包;集点返3元;满赠;支持自取;线上开票,蜂鸟准时达,16.0,广渠路66号院甲12号楼1层105,116.45986725818771,39.88778499436701,300,1928,15.0,0.0,23,北京劲松二区社区_中午_073,中午,北京劲松二区社区_中午_wgs84.csv,1,1,0,food_court
20002536373,,东北手工水饺(第8档口广渠美食城),4.5,208人觉得好吃;回复超快,最高28;21元;60减5;100减8;500减50;1元店铺红包;线上开票;极速退,蜂鸟准时达,10.0,广渠路66号院甲19号楼-1层B-1(北侧部分),116.45971447683333,39.890061503111006,1000,2189,15.0,0.0,27,北京劲松二区社区_中午_078,中午,北京劲松二区社区_中午_wgs84.csv,1,1,0,food_court
265352358,,吾牧酱骨(第二档口厚德万置美食城),5.0,近7日346人下单;1071人觉得好吃,最高28;21元;59减5;109减8;2元店铺红包;返3元红包;支持自取;线上开票;极速退;售后无忧,蜂鸟准时达,16.0,广渠家园5号楼B1,116.44052698125964,39.89178071670809,1000,1315,15.0,0.0,20,北京劲松二区社区_中午_080,中午,北京劲松二区社区_中午_wgs84.csv,1,1,0,food_court
20000935447,,大阪の豚骨拉面(第2号档口三合缘美食城),4.5,81人觉得好吃,最高28;21元;38减1;48减2;65减3;158减5;2元店铺红包;线上开票;极速退;售后无忧,蜂鸟准时达,11.0,恒慧东路与通惠河北路7号楼二层0718室,116.45195867037768,39.90357621753952,300,3636,18.0,5.3,39,北京劲松二区社区_中午_085,中午,北京劲松二区社区_中午_wgs84.csv,1,1,0,food_court
20000142266,品牌,米悦朝鲜族拌饭(第4档口顺泽轩美食城),4.9,119人觉得好吃,最高28;21元;48减1;56减2;99减5;168减6;2元店铺红包;支持自取;线上开票;售后无忧,蜂鸟准时达,18.0,广渠路66号院甲19号楼2层A2,116.45925198195452,39.89005034246302,200,2150,20.0,0.0,27,北京劲松二区社区_中午_103,中午,北京劲松二区社区_中午_wgs84.csv,1,1,0,food_court
331160453,,饭包小哥(第1号档口食八方美食城),4.8,口味正宗;539人觉得好吃,最高28;21元;28减2;35减3;50减5;100减12;200减30;1元店铺红包;返2元红包;支持自取;线上开票,蜂鸟准时达,15.0,广渠东路38号2层203室,116.4658918819893,39.89176844766383,500,2955,25.0,0.8,31,北京劲松二区社区_中午_104,中午,北京劲松二区社区_中午_wgs84.csv,1,1,0,food_court
20005013086,,麦小六健康餐·沙拉·三明治(第13档口国贸美食城),5.0,246人觉得好吃;回复超快,最高28;21元;89减1;优评领3元店铺券;线上开票;售后无忧,蜂鸟准时达,17.0,共享际5l饭店外卖区,116.45287657323324,39.91021604846729,4000,4282,15.0,0.1,46,北京劲松二区社区_中午_105,中午,北京劲松二区社区_中午_wgs84.csv,1,1,0,food_court
20022088351,品牌,沂蒙山炒鸡·深山走地鸡(第2档口亦红美食城),4.8,口味正宗;12人觉得口味正宗,最高28;21元;37减1;57减2;76减4;2元店铺红包;首次光顾减1;关注0.1元商品券;优评领0.1元商品券;返2元红包;集点返3元;支持自取;线上开票;售后无忧,蜂鸟准时达,21.0,广渠路66号院甲3、4、甲5号楼-1层(11),116.45748934117609,39.89007896861228,500,2002,0.0,0.0,28,北京劲松二区社区_中午_111,中午,北京劲松二区社区_中午_wgs84.csv,1,1,0,food_court
20001367106,,卷王·徐州肉筋卷·卷面皮(第7档口颐通仁美食城),4.5,37人觉得口感一流,最高28;21元;50减1;100减2;150减3;2元店铺红包;首次光顾减1;返4元红包;支持自取;线上开票;售后无忧,蜂鸟准时达,15.0,十八里店乡周庄村弘燕农副产品市场中心二层A-2号,116.47083242934924,39.86528918546024,1000,4430,15.0,1.2,35,北京劲松二区社区_中午_114,中午,北京劲松二区社区_中午_wgs84.csv,1,1,0,food_court
1114004181,品牌,花小小新疆炒米粉·烤包子(第3档口亦红美食城),5.0,回复超快;54人觉得好吃,最高28;21元;30减1;48减2;68减3;88减4;1元店铺红包;优评领10元店铺券;集点返3元;满赠;线上开票,蜂鸟准时达,14.0,广渠路66号院甲3、4、甲5号楼-1层(11),116.4578755704142,39.890054920562406,1000,2034,0.0,0.0,23,北京劲松二区社区_中午_120,中午,北京劲松二区社区_中午_wgs84.csv,1,1,0,food_court
20004099256,,整个卷子·土鸡焖花卷(第5号档口三合缘美食城),4.9,口味正宗;13人觉得好香,最高28;21元;68减2;100减5;2元店铺红包;支持自取;线上开票;售后无忧,蜂鸟准时达,10.0,东三环中路39号院7号楼2层三合缘美食汇,116.45175909757889,39.903430766915285,700,3594,20.0,0.0,44,北京劲松二区社区_中午_125,中午,北京劲松二区社区_中午_wgs84.csv,1,1,0,food_court
20017781249,,虾吹牛·鲜虾炖蛋肥牛饭(第2号档口客乐微厨美食城),4.6,104人觉得好吃,最高28;21元;关注2.9元商品券;线上开票,蜂鸟准时达,17.0,东三环中路39号院1号楼1-2层0153,116.45369687151276,39.90367224569292,800,3437,20.0,3.0,43,北京劲松二区社区_中午_130,中午,北京劲松二区社区_中午_wgs84.csv,1,1,0,food_court
20011226125,,熊本日式の拉面(第2档口蓝鲸美食城),4.8,65人觉得好吃,最高28;21元;40减2;78减3;120减4;1元店铺红包;首次光顾减1;集点返4元;支持自取;线上开票,蜂鸟准时达,10.0,十八里店乡周家庄村弘燕南路1号闽龙周庄里一层S1-01,116.4641128294683,39.85979734377346,700,4044,20.0,3.1,32,北京劲松二区社区_中午_131,中午,北京劲松二区社区_中午_wgs84.csv,1,1,0,food_court
270848148,,伊洪斋小碗菜(第7号档口食香缘美食城),4.6,26人觉得口感很好;近7日699人下单,最高28;21元;28减1;50减2;75减3;100减4;返3元红包;集点返5元;支持自取;线上开票,蜂鸟准时达,13.0,蒲方路24号方庄购物中心负1层美食广场,116.4225430891083,39.86396335423365,2000,3877,26.0,0.0,29,北京劲松二区社区_中午_134,中午,北京劲松二区社区_中午_wgs84.csv,1,1,0,food_court
20017203435,,安徽牛肉板面(第五档口惠民美食城),4.8,17人觉得挺好吃;口味正宗,最高28;21元;28减1;38减2;58减3;88减5;1元店铺红包;首次光顾减1;优评领2元店铺券;返2元红包;集点返3元;支持自取;线上开票;极速退,蜂鸟准时达,14.0,广渠路66号院甲12号楼,116.45986725818771,39.88778499436701,300,1928,19.0,0.8,27,北京劲松二区社区_中午_139,中午,北京劲松二区社区_中午_wgs84.csv,1,1,0,food_court
678169034,,老家炒饼·炒饭(第26号档口一品古道美食城),4.9,684人觉得味道不错;回复超快;近7日586人下单,最高28;21元;35减1;58减2;98减3;168减4;返2元红包;透明餐厅;支持自取;线上开票;售后无忧,蜂鸟准时达,12.0,芳古路芳群园二区十二号楼地下1层016,116.42410779295048,39.862317322350016,2000,3959,15.0,1.5,37,北京劲松二区社区_中午_170,中午,北京劲松二区社区_中午_wgs84.csv,1,1,0,food_court
20020146362,,潮粤肠粉·广式茶点·粥·靓汤(第10档口颐通仁美食城),5.0,76人觉得好吃;回复超快,最高28;21元;38减1;48减2;68减3;关注1元商品券;优评领1元店铺券;集点返3元;支持自取;线上开票;售后无忧,蜂鸟准时达,12.0,十八里店周庄弘燕社区菜市场2层,116.4708314519497,39.86508019385821,2000,4495,30.0,0.0,28,北京劲松二区社区_中午_171,中午,北京劲松二区社区_中午_wgs84.csv,1,1,0,food_court
20002077214,,刘文祥麻辣烫(国瑞城店),4.9,回复超快;东城区麻辣烫·第2名;65人觉得口感好吃,最高28;21元;25减5;35减12;45减15;55减18;67减20;支持自取;线上开票;售后无忧,蜂鸟准时达,14.0,国瑞城宝食港美食街FC-35，面对蜜雪冰城左转30米,116.41305774038162,39.8963796667743,3000,4133,20.0,2.1,38,北京劲松二区社区_中午_175,中午,北京劲松二区社区_中午_wgs84.csv,1,0,0,food_court
20020896474,,赌上厨师职业生涯的炒饭!锄禾蛋炒饭·炒面·炒粉(第A15档口景新乔苑美食城),4.3,23人觉得很好吃;回复超快,最高28;21元;50减2;70减3;100减5;1元店铺红包;优评领1元店铺券;集点返5元;线上开票;售后无忧,蜂鸟准时达,15.0,新街大院3楼北面,116.4626119261337,39.91462782067017,1000,5387,0.0,1.6,38,北京劲松二区社区_中午_177,中午,北京劲松二区社区_中午_wgs84.csv,1,1,0,food_court
661569089,品牌,沙野轻食(方庄店),4.9,95人觉得口感不错;丰台区轻食沙拉热销榜·第5名,最高28;21元;38减1;63减3;89减6;120减13;160减20;1元店铺红包;优评领1元店铺券;集点返3元;透明餐厅;支持自取;线上开票;极速退;售后无忧,蜂鸟准时达,23.0,方庄浦芳路9号3号楼地下一层优惠+美食城,116.41594797938768,39.86455557749515,900,4464,20.0,0.6,39,北京劲松二区社区_中午_183,中午,北京劲松二区社区_中午_wgs84.csv,1,1,0,food_court
20004323169,,贡茶(第5号档口顺泽轩美食城),4.7,20人觉得口感醇厚,28减3;39减5;55减8;70减10;90减15;支持自取;线上开票;售后无忧,蜂鸟准时达,,广渠路66号院甲19号楼2层,116.45939545309956,39.889988704929074,700,2163,15.0,0.8,30,北京劲松二区社区_中午_186,中午,北京劲松二区社区_中午_wgs84.csv,1,1,0,food_court
20000130421,,赌上厨师职业生涯的炒饭!锄禾蛋炒饭·炒面·炒粉(第15号档口港酒街美食城),4.8,283人觉得好吃;回复超快,最高28;21元;30减1;50减2;80减5;1元店铺红包;关注1元商品券;集点返3元;支持自取;线上开票;售后无忧,蜂鸟准时达,10.0,日坛北路17号院2号楼-1层128内,116.4365773314926,39.91746138581263,2000,4959,40.0,3.9,42,北京劲松二区社区_中午_188,中午,北京劲松二区社区_中午_wgs84.csv,1,1,0,food_court
20021613272,,正宗猪肉饸饹面,3.7,包装好评率100%,35减1;68减2;88减3;线上开票,蜂鸟准时达,12.0,北京城区广渠路36号院乙6号楼1至2层聚宝源隔壁惠民美食城,116.46298327892984,39.88979687922803,69,2630,15.0,0.6,32,北京劲松二区社区_中午_198,中午,北京劲松二区社区_中午_wgs84.csv,1,0,0,food_court
20009293235,,半斤鸡腿◆脆皮手枪腿饭(第3号档口北京共享厨房美食城),4.8,97人觉得好吃,38减1;58减2;78减3;100减4;支持自取;线上开票;售后无忧,蜂鸟准时达,16.0,大洋路8号东方文创大厦1层110室,116.45353666269776,39.86169590607895,800,3374,15.0,0.0,30,北京劲松二区社区_中午_200,中午,北京劲松二区社区_中午_wgs84.csv,1,1,0,food_court
20016602049,,锅大侠·内蒙古铁锅焖面(第3档口颐通仁美食城),4.9,86人觉得好吃,35减1;65减2;85减3;线上开票,蜂鸟准时达,19.0,十八里店乡周庄村弘燕农副产品市场中心二层A-2号,116.47054542415005,39.865192397251306,400,4457,15.0,2.6,35,北京劲松二区社区_中午_201,中午,北京劲松二区社区_中午_wgs84.csv,1,1,0,food_court
20019845326,,香里香·东北老盒饭(第4号档口金齐源美食城),4.8,口味正宗;180人觉得口感丰富,最高28;21元;28减2;39减5;58减8;79减10;首次光顾减1;支持自取;线上开票;售后无忧,蜂鸟准时达,15.0,大洋路8号东方文创大厦1层128室,116.45405925110808,39.86167313506825,89,3302,20.0,0.0,37,北京劲松二区社区_中午_224,中午,北京劲松二区社区_中午_wgs84.csv,1,1,0,food_court
20015772081,,状元派丨山野鲜笋爆牛肉盖码饭(第21档口-颐通仁美食城),4.9,148人觉得好吃;弘善家园盖浇饭回头客榜·第5名,最高28;21元;35减1;55减3;85减5;105减8;2元店铺红包;优评领2元店铺券;返2元红包;集点返3元;支持自取;线上开票,蜂鸟准时达,12.0,十八里店乡周庄村弘燕农副产品市场中心二层A-2,116.47083847273905,39.86511321152942,400,4490,0.0,1.1,35,北京劲松二区社区_中午_229,中午,北京劲松二区社区_中午_wgs84.csv,1,1,0,food_court
20015351140,品牌,金百万烤鸭·京味菜(十里河店),4.9,143人觉得味道不错;回复超快;正宗味道,最高28;21元;60减2;100减3;150减4;200减5;2元店铺红包;首次光顾减2;返4元红包;集点返5元;支持自取;线上开票,蜂鸟准时达,20.0,大羊坊路与小武基路交叉口西北80米（盒马鲜生5层居然靓屋美食城）,116.46777760075642,39.85808021375088,3000,4407,25.0,0.0,38,北京劲松二区社区_中午_231,中午,北京劲松二区社区_中午_wgs84.csv,1,0,0,food_court
20018987053,,安徽一绝·淮南牛肉粉丝汤(第9号档口惠民超市美食城),4.5,生活不止诗与远方，还有一碗牛肉汤,最高28;21元;35减2;45减3;55减5;支持自取;线上开票,蜂鸟准时达,,广渠路66号院甲12号楼1层105-09,116.45986725818771,39.88778499436701,51,1928,15.0,0.0,27,北京劲松二区社区_中午_237,中午,北京劲松二区社区_中午_wgs84.csv,1,1,0,food_court
1070881104,品牌,融柳·大铁牛螺蛳粉(第8档口红桥美食城),4.9,口味正宗;回复超快;82人觉得口感好吃,最高28;21元;68减1;98减3;1元店铺红包;关注2元商品券;线上开票;售后无忧,蜂鸟准时达,17.0,天坛东路46号迤北红桥市场负一层1B1002号,116.414351584772,39.88480221086044,1000,3095,30.0,0.6,31,北京劲松二区社区_中午_241,中午,北京劲松二区社区_中午_wgs84.csv,1,1,0,food_court
20021039072,,云南过桥米线(第4号档口川尚美食美食城),4.9,24人觉得好吃,最高28;21元;线上开票;售后无忧,蜂鸟准时达,17.0,十里河家具大道8号B座一层179,116.45395619239558,39.85964400301498,200,3645,20.0,2.3,29,北京劲松二区社区_中午_245,中午,北京劲松二区社区_中午_wgs84.csv,1,1,0,food_court
20023651239,品牌,曼玲粥(第13号档口崇文门菜市场美食城),5.0,152人觉得好吃;回复超快,最高28;32减1;45减2;5元店铺红包;返3元红包;支持自取;线上开票,蜂鸟准时达,14.0,崇文门外大街1号楼B2层B2-01,116.41133583008713,39.89819236336629,1000,4452,30.0,0.8,42,北京劲松二区社区_中午_253,中午,北京劲松二区社区_中午_wgs84.csv,1,1,0,food_court
20013782061,,嘎嘎好吃东北老盒饭(第8档口颐食颐味美食城),4.6,口味正宗;118人觉得口感丰富,最高28;21元;38减1;49减2;68减3;120减6;2元店铺红包;首次光顾减1;支持自取;线上开票,蜂鸟准时达,14.0,十八里店乡周家庄村8号居然靓屋灯饰城5层002号,116.4678398446494,39.85785939452528,2000,4404,20.0,3.1,38,北京劲松二区社区_中午_278,中午,北京劲松二区社区_中午_wgs84.csv,1,1,0,food_court
20017238252,,食夫指·手撕烤鸭(第13号档口居然靓屋美食城),5.0,81人觉得好吃;回复超快,最高28;21元;50减5;60减6;70减8;80减10;100减15;优评领2元店铺券;集点返5元;线上开票,蜂鸟准时达,18.0,十八里店乡周家庄村8号居然靓屋灯饰城5层002号,116.4677655509032,39.85814417759087,1000,4546,15.0,1.9,37,北京劲松二区社区_中午_282,中午,北京劲松二区社区_中午_wgs84.csv,1,1,0,food_court
649616047,,鸿运饺子馆(第1号档口君瑞福美食城),4.7,1793人觉得好吃,最高28;21元;30减2;45减3;68减5;98减7;128减12;集点返5元;支持自取;线上开票;极速退;售后无忧,蜂鸟准时达,14.0,SP205290466991大洋路8号东方文创大厦1层127室,116.4541073999526,39.861655249571335,500,3373,20.0,1.5,33,北京劲松二区社区_中午_299,中午,北京劲松二区社区_中午_wgs84.csv,1,1,0,food_court
1112081054,,热干面先生·蛋酒·肉夹馍(第10号档口三合缘美食城),4.3,42人觉得好吃,最高28;21元;60减1;150减2;200减4;支持自取;线上开票;售后无忧,蜂鸟准时达,16.0,东三环中路39号院7号楼二层三合缘,116.4519386367828,39.90337118058908,100,3609,15.0,3.3,43,北京劲松二区社区_中午_302,中午,北京劲松二区社区_中午_wgs84.csv,1,1,0,food_court
1005541458,,安徽太和板面(第13档口灯饰城美食城),4.8,82人觉得好吃,最高28;21元;25减2;49减12;69减20;2元店铺红包;首次光顾减1;优评领3元店铺券;支持自取;线上开票;售后无忧,蜂鸟准时达,18.0,十八里店乡周家庄村8号5层9-5-002,116.46784282905548,39.858067391077725,200,4402,20.0,5.1,37,北京劲松二区社区_中午_306,中午,北京劲松二区社区_中午_wgs84.csv,1,1,0,food_court
20020145475,,HotPotato薯条专门店(第7号档口十里河美食城),4.9,弘善家园汉堡薯条热销榜·上榜好店,最高28;21元;35减2;55减7;75减12;95减18;105减22;2元店铺红包;集点返3元;支持自取;线上开票,蜂鸟准时达,21.0,十八里店乡周庄村弘燕农副产品市场中心二层A-2号,116.4708314519497,39.86508019385821,200,4495,35.0,1.6,33,北京劲松二区社区_中午_314,中午,北京劲松二区社区_中午_wgs84.csv,1,1,0,food_court
20014381016,品牌,Silverflow银流咖啡&贝果(东方新天地店),4.9,灯市口咖啡热销榜·第1名;74人觉得味道不错,最高28;21元;3元店铺红包;首次光顾减2;优评领3元店铺券;返2元红包;支持自取;线上开票;售后无忧,蜂鸟准时达,11.0,东方新天地LG一层大食代美食广场入口,116.40809489222929,39.907866998951285,3000,5395,25.0,0.0,38,北京劲松二区社区_中午_324,中午,北京劲松二区社区_中午_wgs84.csv,1,0,0,food_court
20018377474,,粉吉鲜拌粉·牛肉粉(第23档口颐通仁美食城),4.9,87人觉得好吃,最高28;21元;30减1;50减2;100减3;3元店铺红包;返2元红包;集点返3元;线上开票,蜂鸟准时达,15.0,十八里店乡周庄村弘燕农副产品市场中心二层A-2号,116.47064076483464,39.86516866188613,100,4484,15.0,2.6,34,北京劲松二区社区_中午_325,中午,北京劲松二区社区_中午_wgs84.csv,1,1,0,food_court
20013720338,,岩姐手擀面(第3档口颐通仁美食城),5.0,包装好评率100%,最高28;21元;39减1;59减3;集点返5元;支持自取;线上开票,蜂鸟准时达,,十八里店乡周庄村弘燕农副产品市场中心二层A-2号,116.47083847273905,39.86511321152942,41,4490,15.0,2.1,33,北京劲松二区社区_中午_328,中午,北京劲松二区社区_中午_wgs84.csv,1,1,0,food_court
20022440173,,臻粤茶餐厅·肠粉·粥点·靓汤(第8档口三合缘美食城),4.9,50人觉得好吃;回复超快,最高28;21元;28减1;58减3;68减5;100减8;2元店铺红包;首次光顾减1;返3元红包;集点返3元;线上开票;售后无忧,蜂鸟准时达,11.0,东三环中路39号院7号楼1至2层0718室02号、0719室02号限(0718室02号2层，0719室02号2层),116.45213719777333,39.903597626460034,800,3561,20.0,1.3,42,北京劲松二区社区_中午_331,中午,北京劲松二区社区_中午_wgs84.csv,1,1,0,food_court
20025109277,品牌,西少爷肉夹馍卫星店(第12号档口喜乐胜美食城),5.0,凉皮美味，火热生活,最高28;12元;28减2;38减3;58减5;优评领1元店铺券;集点返3元;支持自取;线上开票,蜂鸟准时达,,广渠门外大街一号院1、2、3号楼地下综合体及公-1商业楼地下二层D015,116.45362704721666,39.8926425761831,28,1872,20.0,0.0,24,北京劲松二区社区_中午_333,中午,北京劲松二区社区_中午_wgs84.csv,1,1,0,food_court
20024419167,,七里香·土鸡焖花卷·排骨饭(第3档口一品古道美食城),4.9,30人觉得口感丰富;口味正宗,最高28;12元;35减1;48减2;78减6;关注1.5元商品券;优评领8元店铺券;返3元红包;集点返5元;线上开票;极速退,蜂鸟准时达,23.0,方庄芳群园二区十二号楼（一品古道美食城）,116.42410279173444,39.86226231915161,500,3954,20.0,1.3,37,北京劲松二区社区_中午_351,中午,北京劲松二区社区_中午_wgs84.csv,1,1,0,food_court
1105625383,品牌,磨逗·豆制轻食卷·小吃·饮品(第1号档口乐成美食城),5.0,16人觉得好吃,最高28;21元;59减2;79减4;89减5;1元店铺红包;线上开票;售后无忧,蜂鸟准时达,,乐成中心地下二层盒马超市内磨逗,116.45654804945904,39.89266554925192,53,2199,20.0,0.6,33,北京劲松二区社区_中午_356,中午,北京劲松二区社区_中午_wgs84.csv,1,1,0,food_court
1103548405,,暴躁的辣椒炒肉(第14档口弘燕美食城),5.0,158人觉得口感丰富,最高28;21元;49减1;69减2;99减3;2元店铺红包;线上开票,蜂鸟准时达,20.0,十八里店乡周庄村弘燕农副产品市场中心二层A-3号,116.47070298745408,39.865151834758365,100,4484,20.0,2.3,34,北京劲松二区社区_中午_359,中午,北京劲松二区社区_中午_wgs84.csv,1,1,0,food_court
20000147487,品牌,曼玲粥双井店(第17档口星选闪电美食城),4.8,198人觉得好吃,最高28;21元;32减1;45减2;2元店铺红包;优评领2元店铺券;集点返3元;支持自取;线上开票,蜂鸟准时达,13.0,大郊亭中街2号院1号、甲1号、乙2号、2号、甲2号、3号、甲3号、4号、5号、甲5号、乙5号楼-1至2层乙2号楼52号-1层01号、56号-01层02号,116.48077600978836,39.88650742393016,1000,3810,25.0,0.0,38,北京劲松二区社区_中午_363,中午,北京劲松二区社区_中午_wgs84.csv,1,1,0,food_court
414849284,,老谢麻辣烫.担担面.酸辣粉(第13号档口弘燕美食城),4.7,143人觉得好吃,最高28;21元;29减3;48减13;60减22;75减28;99减35;首次光顾减1;支持自取;线上开票,蜂鸟准时达,15.0,十八里店周庄村弘燕农副产品市场中心2层A-3,116.4707852754504,39.86518206070012,67,4462,20.0,1.1,32,北京劲松二区社区_中午_365,中午,北京劲松二区社区_中午_wgs84.csv,1,1,0,food_court
20014036120,,佼佼者大馅水饺(第9号档口金齐源美食城),4.3,10人觉得好吃,最高28;21元;35减14;85减19;115减24;1元店铺红包;优评领2元店铺券;返2元红包;支持自取;线上开票,蜂鸟准时达,11.0,大洋路8号东方文创大厦1层128室,116.45394190615274,39.86157786383406,100,3297,20.0,2.0,33,北京劲松二区社区_中午_368,中午,北京劲松二区社区_中午_wgs84.csv,1,1,0,food_court
1105468141,品牌,花小小新疆炒米粉·烤包子(第18号档口星选闪电厨房美食城),4.9,近7日493人下单;37人觉得口感好吃;回复超快,最高28;21元;30减1;48减2;68减3;88减4;关注2.5元商品券;优评领10元店铺券;集点返3元;满赠;支持自取;线上开票,蜂鸟准时达,16.0,周庄嘉园东里32号楼三层2号,116.4707966341433,39.86262922875026,2000,4740,0.0,2.7,36,北京劲松二区社区_中午_378,中午,北京劲松二区社区_中午_wgs84.csv,1,1,0,food_court
1099056174,,农夫精致小碗菜(川湘爆炒大成国际三餐福美食城第22档口),4.2,101人觉得口感好;近7日770人下单;回复超快,最高28;21元;50减1;2元店铺红包;支持自取;线上开票;售后无忧,蜂鸟准时达,12.0,"东四环中路78号楼3层3-25,3-26,3-98,3-28,3-29,3-30,3-31,3-32,3-33,3-35,3-95,3-96,3-97",116.48602723117102,39.89831530463671,2000,5250,20.0,0.0,45,北京劲松二区社区_中午_380,中午,北京劲松二区社区_中午_wgs84.csv,1,1,0,food_court
686561249,,小沈阳水饺煎饺·水饺(第17号档口三餐福美食城),4.9,711人觉得好吃,最高28;21元;58减2;78减7;100减14;150减19;200减29;关注22.9元商品券;返2元红包;集点返5元;支持自取;线上开票;售后无忧,蜂鸟准时达,17.0,东四环中路78号大成国际中心B2座3楼三餐福外卖区17号,116.48660140827766,39.8982340077568,900,5301,36.0,0.5,47,北京劲松二区社区_中午_385,中午,北京劲松二区社区_中午_wgs84.csv,1,1,0,food_court
20019793173,,五谷杂粮煎饼(第3号档口欧亚美食城),4.7,21人觉得好吃,最高28;21元;线上开票,蜂鸟准时达,,弘善家园212号楼1层101内01-5室、01-6室,116.44753265005052,39.866159176516646,42,2396,20.0,0.0,29,北京劲松二区社区_中午_389,中午,北京劲松二区社区_中午_wgs84.csv,1,1,0,food_court
20023762017,,北方烤冷面·炸串·米线(第十六档口顺泽轩美食城店),5.0,万物皆可炸,最高28;21元;38减1;48减3;71减6;99减8;首次光顾减1;线上开票;极速退;售后无忧,蜂鸟准时达,17.0,广渠路66号院甲19号楼2层A2号(部分),116.45920386899634,39.889713237681335,37,2118,25.0,0.0,24,北京劲松二区社区_中午_395,中午,北京劲松二区社区_中午_wgs84.csv,1,1,0,food_court
20001454355,,金勺子东北家常菜(第2档口周家庄美食城),4.9,口味正宗;202人觉得口感丰富,最高28;21元;30减1;50减2;150减3;2元店铺红包;优评领3元店铺券;返3元红包;集点返3元;支持自取;线上开票;售后无忧,蜂鸟准时达,21.0,十八里店乡周庄村弘燕农副产品市场中心二层A-2号,116.47083242934924,39.86528918546024,1000,4430,20.0,2.3,33,北京劲松二区社区_中午_410,中午,北京劲松二区社区_中午_wgs84.csv,1,1,0,food_court
20015155292,,付小富·肥牛捞饭(第2号档口客乐微厨美食城),4.7,10人觉得口感好,最高28;21元;30减1;48减2;68减10;2元店铺红包;线上开票;售后无忧,蜂鸟准时达,16.0,东三环中路39号院1号楼1-2层0153,116.4534440975093,39.90374165051315,300,3443,30.0,0.0,36,北京劲松二区社区_中午_411,中午,北京劲松二区社区_中午_wgs84.csv,1,1,0,food_court
1102493013,品牌,太太好粥·现烙饼(第3档口川尚美食城),4.9,朝阳区粥类热销榜·上榜好店,最高28;21元;49减2;69减5;89减7;2元店铺红包;支持自取;线上开票;售后无忧,蜂鸟准时达,13.0,十里河家具大道8号B座一层179,116.454433663004,39.85952513698896,1000,3656,27.0,0.0,29,北京劲松二区社区_中午_415,中午,北京劲松二区社区_中午_wgs84.csv,1,1,0,food_court
20016128060,,烫三爷·云南鲜烫牛肉米线(第8号档口福地美厨美食城),4.9,包装好评率100%,最高28;21元;40减1;80减2;150减3;1元店铺红包;优评领3元店铺券;返2元红包;集点返3元;支持自取;线上开票;极速退,蜂鸟准时达,,光明路13号2号楼地下一层1001房间,116.42981433302648,39.88344498544416,100,1513,15.0,0.0,26,北京劲松二区社区_中午_434,中午,北京劲松二区社区_中午_wgs84.csv,1,1,0,food_court
20012212152,,猫小馋烤鱼饭(第12号档口川尚美食城),4.2,烟火人间，美味在肚,最高28;21元;35减1;60减2;80减3;线上开票,蜂鸟准时达,20.0,十里河家具大道8号B座一层179,116.45395015760614,39.85977498162159,100,3645,55.0,2.3,34,北京劲松二区社区_中午_440,中午,北京劲松二区社区_中午_wgs84.csv,1,1,0,food_court
1113858315,品牌,奈喜乐·分子果汁(东大桥店),4.9,回复超快;58人觉得味道不错;近7日639人下单,最高28;21元;40减5;60减9;80减13;100减18;200减25;1元店铺红包;优评领1元店铺券;支持自取;线上开票;极速退;售后无忧,蜂鸟准时达,11.0,神路街日坛39号美食街地下一层上可味斜对面,116.43752837857278,39.918636017995816,3000,5047,35.0,3.8,40,北京劲松二区社区_中午_449,中午,北京劲松二区社区_中午_wgs84.csv,1,1,0,food_court
20019631093,,晓杨哥肉饼·砂锅(第22号档口弘燕美食城),5.0,55人觉得好吃,最高28;21元;38减2;58减3;88减5;1元店铺红包;支持自取;线上开票,蜂鸟准时达,16.0,十八里店乡周庄村弘燕农副产品市场中心二层A-2号,116.47061868686708,39.86516660099125,65,4474,20.0,2.1,30,北京劲松二区社区_中午_479,中午,北京劲松二区社区_中午_wgs84.csv,1,1,0,food_court
20009457438,,百味佳土豆粉(第15号档口景新乔苑美食城),0.0,米粉米线 一碗米线味飘香,最高28;21元;36减5;66减8;100减10;首次光顾减1;支持自取;线上开票,蜂鸟准时达,,新街大院3楼北面,116.46213436995129,39.91436559743239,59,5394,15.0,4.7,44,北京劲松二区社区_中午_480,中午,北京劲松二区社区_中午_wgs84.csv,1,1,0,food_court
1088100044,,咕咕蒸鸡·滋补蒸鸡(第8号档口美食汇美食城),4.9,547人觉得好吃,最高28;21元;20减15;59减22;89减24;支持自取;线上开票;极速退;售后无忧,蜂鸟准时达,18.0,方庄芳群园二区28号楼28-2、28-4,116.4250425725196,39.86053759234713,900,4070,60.0,0.4,35,北京劲松二区社区_中午_485,中午,北京劲松二区社区_中午_wgs84.csv,1,1,0,food_court
20007143403,品牌,箐筳荷叶烤鸡(第5号档口星选闪电厨房美食城),5.0,25人觉得好香;回复超快,最高28;21元;35减1;55减2;75减3;100减5;1元店铺红包;优评领1元店铺券;返3元红包;集点返3元;满赠;线上开票,蜂鸟准时达,16.0,大郊亭中街2号院1号、甲1号、乙2号、2号、甲2号、3号、甲3号、4号、5号、甲5号、乙5号楼-1至,116.47974018164132,39.88634842040017,1000,3700,0.0,1.3,36,北京劲松二区社区_中午_487,中午,北京劲松二区社区_中午_wgs84.csv,1,1,0,food_court
571676064,,金刚山烤肉·拌饭,4.8,33人觉得好吃,最高28;21元;40减3;70减6;2元店铺红包;支持自取;线上开票,蜂鸟准时达,30.0,西大望路15号外企大厦美食广场3F,116.47099757206466,39.89288128331866,100,3430,15.0,5.0,35,北京劲松二区社区_中午_493,中午,北京劲松二区社区_中午_wgs84.csv,1,0,0,food_court
20021524447,,鲜饺坊·纯手工东北大馅饺子(第10档口聚客美食城),4.8,47人觉得好吃,最高28;10元;夜宵100减30;线上开票,蜂鸟准时达,16.0,东三环南路58号院-2富顿中心,116.45601343449428,39.88425664836786,200,1230,20.0,9.5,35,北京劲松二区社区_宵夜_015,宵夜,北京劲松二区社区_宵夜_wgs84.csv,1,1,0,food_court
1086369374,,超粤隆江猪脚饭(第8档口三合缘美食城),4.6,40人觉得口感好;近7日428人下单,最高28;10元;39减1;59减3;89减5;夜宵58减21;线上开票;售后无忧,蜂鸟准时达,13.0,东三环中路39号院7号楼1至2层0718室02号、0719室02号,116.45200580175396,39.90364332270831,1000,3558,0.0,6.2,36,北京劲松二区社区_宵夜_016,宵夜,北京劲松二区社区_宵夜_wgs84.csv,1,1,0,food_court
20020169053,,粤茗客茶点.港式茶餐厅(第八档口厚德万置美食城店),5.0,637人觉得口感丰富;回复超快;东城区粤菜·第1名,最高28;10元;88减2;158减5;208减8;235减10;2元店铺红包;夜宵100减30;集点返5元;满赠;线上开票;售后无忧,蜂鸟准时达,37.0,广渠家园5、6、7、8、9楼地下室-1层201,116.44063124914668,39.89170391853771,5000,1306,28.0,5.3,26,北京劲松二区社区_宵夜_022,宵夜,北京劲松二区社区_宵夜_wgs84.csv,1,1,0,food_court
372173312,品牌,融柳·大铁牛螺蛳粉(第20号档口闪电美食城),4.9,回复超快;6333人觉得好吃;近7日658人下单,最高28;10元;38减3;55减5;88减8;1元店铺红包;夜宵58减21;返1.1元红包;集点返5元;支持自取;极速退,蜂鸟准时达,12.0,广渠门外大街8号C座1层C1-10室B号、C1-11室B号,116.4529260798126,39.891476994081366,2000,1835,0.0,0.8,29,北京劲松二区社区_宵夜_023,宵夜,北京劲松二区社区_宵夜_wgs84.csv,1,1,0,food_court
20014548068,,锅酱酱·砂锅麻辣土豆粉·米线(第02号档口闪电厨房美食城),5.0,85人觉得好吃;回复超快,最高28;10元;45减2;60减3;80减4;夜宵100减30;首次光顾减1;集点返5元;线上开票,蜂鸟准时达,13.0,广渠门外大街8号C座1层C1-10室B号、C1-11室B号,116.4530845430746,39.89158035778959,2000,1841,23.0,4.7,39,北京劲松二区社区_宵夜_039,宵夜,北京劲松二区社区_宵夜_wgs84.csv,1,1,0,food_court
20001699359,品牌,粥皇港式茶餐厅(第 3 档口福地美厨美食城),4.8,203人觉得味道不错,最高28;10元;48减4;68减6;108减10;138减12;2元店铺红包;夜宵100减30;关注3.5元商品券;优评领2元店铺券;返2元红包;线上开票;售后无忧,蜂鸟准时达,20.0,光明路13号2号楼地下一层1001房间,116.429322403234,39.88329427141303,1000,1552,20.0,0.0,34,北京劲松二区社区_宵夜_046,宵夜,北京劲松二区社区_宵夜_wgs84.csv,1,1,0,food_court
20013223226,,老北京炸酱面(第7号档口三合缘美食城),4.9,419人觉得好吃,最高28;10元;35减1;55减3;85减5;128减8;5元店铺红包;夜宵100减30;返2元红包;集点返4元;支持自取;线上开票;售后无忧,蜂鸟准时达,16.0,东三环中路39号院7号楼1至2层0718室02号、0719室02号限(0718室02号2层，0719室02号2层),116.45211813229834,39.90366757958099,1000,3656,30.0,4.5,34,北京劲松二区社区_宵夜_052,宵夜,北京劲松二区社区_宵夜_wgs84.csv,1,1,0,food_court
20020625160,,一家被炒面耽误的炒饭店!奔跑吧·蛋炒饭(第12档口通惠美食城),4.6,86人觉得好吃;回复超快,最高28;10元;28减1;38减2;58减5;108减8;夜宵100减30;关注0.9元商品券;优评领2元店铺券;返2元红包;集点返5元;满赠;线上开票,蜂鸟准时达,10.0,西大望路甲12号内1西大望路甲12号内1西大望路甲12号内1西大望路甲12号内1号院一层1109室,116.46857100669811,39.90097425325535,4000,4386,0.0,3.3,40,北京劲松二区社区_宵夜_054,宵夜,北京劲松二区社区_宵夜_wgs84.csv,1,1,0,food_court
20011911152,,李好运·牛羊肉泡馍馆(第12号档口捷喵美食城),4.5,口味正宗;25人觉得味道正宗,最高28;10元;52减2;72减3;102减4;夜宵100减30;集点返5元;线上开票,蜂鸟准时达,14.0,大洋路8号东方文创大厦1层110室,116.4541073999526,39.861655249571335,1000,3373,15.0,5.2,45,北京劲松二区社区_宵夜_060,宵夜,北京劲松二区社区_宵夜_wgs84.csv,1,1,0,food_court
20023182267,,黑金叉烧·超级焖肉饭(第6档口捷喵云厨美食城),5.0,101人觉得好吃;弘善家园盖浇饭热销榜·上榜好店,最高28;10元;38减1;58减3;88减5;3元店铺红包;夜宵100减30;关注0.9元商品券;返2元红包;支持自取;线上开票,蜂鸟准时达,10.0,大洋路8号东方文创大厦1层110室,116.4535316458952,39.86170889362826,1000,3374,0.0,5.8,47,北京劲松二区社区_宵夜_080,宵夜,北京劲松二区社区_宵夜_wgs84.csv,1,1,0,food_court
20013016352,,易小小·排骨豆角沾卷子(第9号档口捷喵云厨美食城),4.6,287人觉得口感丰富;口味正宗;回复超快,最高28;10元;45减1;88减2;156减5;夜宵100减30;集点返5元;线上开票,蜂鸟准时达,17.0,大洋路8号东方文创大厦1层110室,116.45429595737644,39.861794687289134,1000,3281,15.0,5.2,49,北京劲松二区社区_宵夜_090,宵夜,北京劲松二区社区_宵夜_wgs84.csv,1,1,0,food_court
20022448263,品牌,曼玲粥·富力城店(第6号档口浣熊食堂美食城),5.0,10人觉得很爱吃;夜宵热搜;回复超快,最高28;32减1;45减2;1元店铺红包;优评领3元店铺券;集点返3元;支持自取;线上开票;售后无忧,蜂鸟准时达,14.0,广渠门外大街一号院1、2、3号楼地下综合体及公-1商业楼地下二层D015,116.45362704721666,39.8926425761831,1000,1872,20.0,1.5,32,北京劲松二区社区_宵夜_109,宵夜,北京劲松二区社区_宵夜_wgs84.csv,1,1,0,food_court
387698228,,陕西羊汤凉皮(第12档口顺泽轩美食城),4.9,48人觉得口感好吃;近7日591人下单,最高28;10元;28减2;58减3;88减4;108减5;158减8;夜宵100减30;支持自取;线上开票;售后无忧,蜂鸟准时达,14.0,广渠路66号院甲19号楼2层A2,116.45925198195452,39.89005034246302,2000,2150,20.0,5.6,35,北京劲松二区社区_宵夜_111,宵夜,北京劲松二区社区_宵夜_wgs84.csv,1,1,0,food_court
671733498,,香河肉饼·过桥米线(第19号档口闪星厨美食城),4.8,2989人觉得好吃;回复超快;口味正宗,最高28;10元;30减1;50减3;88减5;夜宵100减30;首次光顾减2;优评领2元店铺券;返2元红包;集点返5元;支持自取;线上开票,蜂鸟准时达,12.0,铭泽广场3楼闪电星厨美食城,116.4707765587126,39.86266317139062,1000,4710,35.0,7.6,68,北京劲松二区社区_宵夜_113,宵夜,北京劲松二区社区_宵夜_wgs84.csv,1,1,0,food_court
397261032,品牌,牛约堡-手作牛肉汉堡(第13档口味源时光美食广场),5.0,35人觉得口感不错;回复超快;近7日469人下单,最高28;10元;98减3;128减5;2元店铺红包;夜宵100减30;关注5.9元商品券;优评领2元店铺券;返2元红包;满赠;支持自取;线上开票,蜂鸟准时达,21.0,十八里店乡周家庄村弘燕南路1号闽龙周庄里一层S1-01,116.4643445829141,39.8600349400036,2000,4061,1.0,5.3,45,北京劲松二区社区_宵夜_127,宵夜,北京劲松二区社区_宵夜_wgs84.csv,1,1,0,food_court
20024298073,,东北手工水饺·新鲜现煮(第十四号档口优品私厨美食城),4.9,55人觉得好吃,最高28;10元;100减10;200减30;400减100;500减160;1000减300;夜宵100减30;集点返5元;线上开票;售后无忧,蜂鸟准时达,,神路街39号10幢1至2层4段39,116.43720872545788,39.9179264785639,1000,5012,0.0,9.2,48,北京劲松二区社区_宵夜_131,宵夜,北京劲松二区社区_宵夜_wgs84.csv,1,1,0,food_court
20024605340,,农家大烩菜(第7档口熊猫星厨美食城),5.0,口味正宗;包装好评率100%,最高28;10元;35减1;48减2;68减4;108减5;1元店铺红包;夜宵58减21;线上开票,蜂鸟准时达,20.0,广渠路66号院甲19号楼1层A1-2,116.45934532021415,39.88975659001425,400,2131,16.0,5.5,35,北京劲松二区社区_宵夜_132,宵夜,北京劲松二区社区_宵夜_wgs84.csv,1,1,0,food_court
20013550023,,啊花家·疙瘩汤(第11号档口食欢乐美食城),4.2,56人觉得味道不错,最高28;10元;39减1;49减2;59减3;65减6;78减10;1元店铺红包;夜宵58减21;返2元红包;集点返3元;支持自取;线上开票;售后无忧,蜂鸟准时达,15.0,建国门外大街甲5号1幢地下1层B119,116.44486615271047,39.90758460049648,100,3490,20.0,3.9,45,北京劲松二区社区_宵夜_141,宵夜,北京劲松二区社区_宵夜_wgs84.csv,1,1,0,food_court
20015234423,品牌,汉江里·韩国炸鸡(十里河店)(第12档口星选闪电厨房美食城),4.9,103人觉得好吃;回复超快,最高28;10元;48减1;68减2;98减3;夜宵58减21;关注1.8元商品券;返2元红包;支持自取;线上开票,蜂鸟准时达,31.0,周庄嘉园东里32号楼三层2号,116.47062201271784,39.86264874493737,1000,4663,15.0,7.1,45,北京劲松二区社区_宵夜_144,宵夜,北京劲松二区社区_宵夜_wgs84.csv,1,1,0,food_court
20006274321,,池宝炒饭厨师工资两万八专业炒饭炒粉炒面(第16号档口港酒街美食城),4.8,134人觉得好吃,最高28;10元;35减1;45减2;70减3;100减5;集点返3元;支持自取;线上开票;售后无忧,蜂鸟准时达,,南营房胡同日坛国际贸易中心B座地下一层,116.43650108876297,39.9180032300091,700,5021,40.0,10.5,77,北京劲松二区社区_宵夜_160,宵夜,北京劲松二区社区_宵夜_wgs84.csv,1,1,0,food_court
20020065140,,二巷里炭烤排骨(第6号档口福地美厨美食城),4.7,烧烤江湖，肉是主角,最高28;10元;55减2;88减3;128减4;168减5;5元店铺红包;集点返3元;线上开票;售后无忧,商家自配送,25.0,光明路13号2号楼地下一层1001房间,116.4326751901937,39.882732412179614,100,1237,0.0,0.0,41,北京劲松二区社区_宵夜_165,宵夜,北京劲松二区社区_宵夜_wgs84.csv,1,1,0,food_court
20014596171,品牌,朴正喜韩式炸鸡·火鸡面(第1号档口熊猫星厨美食城),5.0,320人觉得好吃,最高28;10元;38减1;48减2;68减3;88减4;2元店铺红包;首次光顾减1;优评领5元店铺券;返2元红包;集点返3元;透明餐厅;线上开票;售后无忧,蜂鸟准时达,16.0,广渠路28号225号楼-1层北B129-1,116.4762228530992,39.88936815193964,1000,3560,0.0,3.9,55,北京劲松二区社区_宵夜_170,宵夜,北京劲松二区社区_宵夜_wgs84.csv,1,1,0,food_court
1057815204,品牌,粥皇港式茶餐厅(朝阳门店),4.9,朝阳区粥店·第3名;近7日729人下单;回复超快,最高28;10元;48减4;68减6;108减10;138减12;2元店铺红包;夜宵58减21;关注3.5元商品券;优评领2元店铺券;返2元红包;透明餐厅;支持自取;线上开票,蜂鸟准时达,20.0,御食坊美食城粥皇港式茶餐厅f7档口,116.4359244105664,39.92092810841222,3000,5235,28.0,8.5,48,北京劲松二区社区_宵夜_175,宵夜,北京劲松二区社区_宵夜_wgs84.csv,1,1,0,food_court
20023559191,,叫了只炸鸡(第1号档口客乐微厨美食城),4.8,17人觉得好吃;回复超快,最高28;10元;45减2;65减4;85减6;100减8;夜宵100减30;首次光顾减1;返2元红包;集点返5元;线上开票;售后无忧,蜂鸟准时达,18.0,东三环中路39号院1号楼1-2层0153,116.45338893398406,39.90371652264505,300,3475,15.0,5.7,28,北京劲松二区社区_宵夜_182,宵夜,北京劲松二区社区_宵夜_wgs84.csv,1,1,0,food_court
250985275,,蟹蟹潮汕砂锅粥(第3档口食八方美食城),4.9,口味正宗;31人觉得好喝,最高28;3元;20减5;38减13;68减21;128减30;250减44;3元店铺红包;首次光顾减2;返3元红包;集点返5元;支持自取;线上开票;极速退;售后无忧,蜂鸟准时达,22.0,广渠东路38号食八方美食城,116.4658918819893,39.89176844766383,400,2955,20.0,6.3,38,北京劲松二区社区_宵夜_193,宵夜,北京劲松二区社区_宵夜_wgs84.csv,1,1,0,food_court
20011430494,,大东北饭包(第12号档口禾百厨美食城),5.0,19人觉得好吃,最高28;2元;30减1;60减3;90减5;夜宵100减30;优评领15元店铺券;集点返3元;支持自取;线上开票;售后无忧,蜂鸟准时达,12.0,东四环中路78号禾百厨美食城,116.48621192719094,39.898321850789934,900,5267,15.0,9.6,56,北京劲松二区社区_宵夜_198,宵夜,北京劲松二区社区_宵夜_wgs84.csv,1,1,0,food_court
20010914327,,曹氏鸭脖(百子湾店),4.9,158人觉得好吃;回复超快,最高28;10元;66减3;79减5;2元店铺红包;夜宵100减30;优评领2元店铺券;集点返5元;透明餐厅;支持自取;线上开票,蜂鸟准时达,24.0,东四环中路78号三餐福美食城,116.486909571821,39.898236920579535,1000,5329,45.0,9.6,50,北京劲松二区社区_宵夜_207,宵夜,北京劲松二区社区_宵夜_wgs84.csv,1,0,0,food_court
234260404,品牌,湘当馋臭豆腐·烤冷面(第十档口熊猫星厨美食城),5.0,20人觉得味道很正宗;口味正宗,最高28;10元;29减1;42减4;68减5;88减8;108减10;夜宵100减30;首次光顾减1;支持自取;线上开票;售后无忧,蜂鸟准时达,22.0,广渠路66号院甲19号楼1层B1-25,116.45950479653736,39.89006997557856,500,2144,28.0,6.3,27,北京劲松二区社区_宵夜_208,宵夜,北京劲松二区社区_宵夜_wgs84.csv,1,1,0,food_court
20007956485,,正宗南京鸭血粉丝汤国贸店(第9号档口美食星厨美食城),4.4,口味正宗;14人觉得好吃,最高28;3元;27减1;43减2;59减4;89减6;99减7;支持自取;线上开票,蜂鸟准时达,22.0,建国门外大街11号枫园宾馆美食城一层,116.4368686646712,39.90430545789894,67,3264,20.0,8.2,44,北京劲松二区社区_宵夜_216,宵夜,北京劲松二区社区_宵夜_wgs84.csv,1,1,0,food_court
20014317067,,聚香园·手撕烤鸭,3.9,64人觉得好吃,最高28;10元;45减1;60减2;89减5;105减11;158减15;2元店铺红包;夜宵58减21;首次光顾减1;优评领3元店铺券;返3元红包;集点返3元;支持自取;线上开票,蜂鸟准时达,17.0,广渠路66号院甲19号楼一层熊猫星厨美食城。进门右拐再左拐倒数第2家手撕烤鸭。,116.45941652245844,39.889978758246606,100,2163,20.0,5.5,44,北京劲松二区社区_宵夜_221,宵夜,北京劲松二区社区_宵夜_wgs84.csv,1,0,0,food_court
20014619440,,Hotpotato薯条专门店(第18档口布尼美食城),4.7,145人觉得好吃,最高28;10元;35减2;55减7;75减12;95减18;105减22;3元店铺红包;夜宵100减30;首次光顾减1;优评领5元店铺券;集点返5元;支持自取;线上开票;售后无忧,蜂鸟准时达,20.0,朝外大街26号地下一层南侧,116.43582823638334,39.9205939566227,600,5231,0.0,9.5,77,北京劲松二区社区_宵夜_225,宵夜,北京劲松二区社区_宵夜_wgs84.csv,1,1,0,food_court
20016195328,,云南过桥米线·土豆粉(第03号档口闪电厨房美食城),0.0,82人觉得好吃,最高28;10元;35减2;45减5;68减8;关注0.9元商品券;优评领2元店铺券;集点返5元;支持自取;线上开票,蜂鸟准时达,22.0,广渠门外大街8号C座1层C1-10室B号、C1-11室B号,116.45306951106456,39.891475327652095,73,1844,23.0,6.5,32,北京劲松二区社区_宵夜_236,宵夜,北京劲松二区社区_宵夜_wgs84.csv,1,1,0,food_court
20017565193,,一炸二拌·炸串拌饼(第a8号档口天赐广源美食城),5.0,39人觉得好吃,最高28;10元;夜宵100减30;优评领3元店铺券;集点返5元;线上开票;售后无忧,蜂鸟准时达,21.0,东三环中路39号院11号楼3层商业1134,116.4492768066886,39.90399116419104,100,3290,23.0,6.7,56,北京劲松二区社区_宵夜_237,宵夜,北京劲松二区社区_宵夜_wgs84.csv,1,1,0,food_court
20017978301,,烧饼李·老北京烧饼夹肉(第6号档口金齐源美食城),3.9,71人觉得味道不错,最高28;10元;38减1;68减2;98减3;128减5;2元店铺红包;夜宵100减30;优评领3元店铺券;集点返3元;支持自取;线上开票;售后无忧,蜂鸟准时达,15.0,大洋路8号东方文创大厦1层128室,116.45405925110808,39.86167313506825,100,3302,20.0,8.7,57,北京劲松二区社区_宵夜_240,宵夜,北京劲松二区社区_宵夜_wgs84.csv,1,1,0,food_court
1078171156,品牌,竹一隐叫花鸡·窑鸡·烤鸡(第15号档口禾百厨美食城),4.9,147人觉得好吃,最高28;10元;40减1;60减2;80减3;2元店铺红包;夜宵58减21;集点返5元;线上开票,蜂鸟准时达,18.0,东四环中路78号楼2层2-B,116.48616776329187,39.89829972109592,200,5250,0.0,9.6,78,北京劲松二区社区_宵夜_241,宵夜,北京劲松二区社区_宵夜_wgs84.csv,1,1,0,food_court
20013522114,,馋迷糊·爆浆豆腐焖鸡(第10号档口三合缘美食城),0.0,10人觉得味道很不错,最高28;10元;35减2;55减3;95减4;1元店铺红包;夜宵58减21;支持自取;线上开票,蜂鸟准时达,10.0,东三环中路39号院7号楼1至2层0718室02号、0719室02号限(0718室02号2层，0719室02号2层),116.45203789587448,39.90365239596581,200,3571,15.0,6.0,49,北京劲松二区社区_宵夜_242,宵夜,北京劲松二区社区_宵夜_wgs84.csv,1,1,0,food_court
20023207309,,妙可儿滋鲜肉苕粉·砂锅土豆粉(第19档口闪电厨房美食城),4.8,59人觉得好吃,最高28;10元;36减2;58减5;88减8;夜宵100减30;优评领3元店铺券;支持自取;线上开票;售后无忧,蜂鸟准时达,15.0,广渠门外大街8号C座1层C1-10室B号、C1-11室B号,116.45331424538676,39.89149889705031,500,1865,15.0,4.3,37,北京劲松二区社区_宵夜_252,宵夜,北京劲松二区社区_宵夜_wgs84.csv,1,1,0,food_court
20020370454,,黏糊糊东北砂锅米线(第13档口闪电厨房美食城),4.7,19人觉得很好吃,最高28;10元;58减1;88减2;125减8;夜宵100减30;关注0元商品券;线上开票,蜂鸟准时达,18.0,广渠门外大街8号C座1层C1-10室B号、C1-11室B号,116.45281571954165,39.89170872721308,82,1825,15.0,6.5,25,北京劲松二区社区_宵夜_254,宵夜,北京劲松二区社区_宵夜_wgs84.csv,1,1,0,food_court
1061744425,,捞汁·三文鱼(第11号档口亦红美食城),4.9,186人觉得味道不错,最高28;10元;3元店铺红包;夜宵100减30;首次光顾减1;返5元红包;集点返13元;支持自取;线上开票;售后无忧,蜂鸟准时达,27.0,广渠路66号院甲3、4、甲5号楼-1层(11),116.45765085919916,39.89003236790669,100,2014,48.0,5.5,42,北京劲松二区社区_宵夜_259,宵夜,北京劲松二区社区_宵夜_wgs84.csv,1,1,0,food_court
20014052115,,乐逍遥紫菜包饭(第7号档口闪电厨房美食城),4.6,包装好评率100%,最高28;10元;188减10;3元店铺红包;夜宵58减21;首次光顾减1;支持自取;线上开票,蜂鸟准时达,32.0,广渠门外大街8号C座1层C1-10室B号、C1-11室B号,116.45281474630772,39.89147273585012,77,1825,39.0,8.5,32,北京劲松二区社区_宵夜_279,宵夜,北京劲松二区社区_宵夜_wgs84.csv,1,1,0,food_court
1056351478,,饼不厌炸(第5号档口御食坊美食城),4.0,112人觉得口感很好,最高28;10元;30减3;45减10;68减16;夜宵100减30;透明餐厅;线上开票;售后无忧,蜂鸟准时达,19.0,朝外大街26号地下1层南侧,116.43591344272603,39.92047910804208,300,5123,20.0,10.1,74,北京劲松二区社区_宵夜_280,宵夜,北京劲松二区社区_宵夜_wgs84.csv,1,1,0,food_court
650942226,,橋頭排骨(第14号档口安心美厨美食城),4.9,回复超快;近7日358人下单,最高28;10元;40减2;58减4;78减7;2元店铺红包;夜宵38减15;集点返4元;线上开票;极速退;售后无忧,蜂鸟准时达,22.0,广渠路66号院甲3.4.甲5号楼01层2－7(4),116.4569817626605,39.88987873467098,1000,1926,20.0,5.3,28,北京劲松二区社区_宵夜_291,宵夜,北京劲松二区社区_宵夜_wgs84.csv,1,1,0,food_court
20021278130,,沪上二厂·现炒老饭盒·不卖预制菜(第5档口熊猫星厨美食城),4.9,15人觉得好吃,最高28;10元;38减1;58减3;88减6;108减8;夜宵58减21;返2元红包;集点返5元;线上开票;售后无忧,蜂鸟准时达,,广渠路66号院甲19号楼1层A1-2,116.45941652245844,39.889978758246606,77,2163,15.0,5.7,40,北京劲松二区社区_宵夜_292,宵夜,北京劲松二区社区_宵夜_wgs84.csv,1,1,0,food_court
20007858167,,锦州烧烤(风味3北京笑呵呵美食城),5.0,16人觉得味道不错,最高28;10元;48减2;68减3;98减5;128减6;158减7;5元店铺红包;夜宵58减21;首次光顾减2;线上开票;售后无忧,商家自配送,,农光里21楼,116.45584433925836,39.880823406251054,200,1391,30.0,0.0,43,北京劲松二区社区_宵夜_299,宵夜,北京劲松二区社区_宵夜_wgs84.csv,1,0,0,food_court
20024749354,,串香园·烤肉筋·烧烤(第9号档口禾百厨美食城),5.0,烤翅一对，快乐加倍,最高28;10元;39减2;49减3;59减4;69减5;79减7;2元店铺红包;夜宵100减30;首次光顾减1;优评领3元店铺券;集点返3元;线上开票,蜂鸟准时达,17.0,东四环中路78号楼2层2-B,116.48599212519068,39.89810221033711,93,5250,30.0,9.4,68,北京劲松二区社区_宵夜_301,宵夜,北京劲松二区社区_宵夜_wgs84.csv,1,1,0,food_court
20013610203,品牌,曼玲粥·周庄店(第16号档口星选闪电厨房美食城),4.9,41人觉得好吃;夜宵热搜,最高28;35减1;45减2;3元店铺红包;夜宵100减30;优评领2元店铺券;集点返3元;支持自取;线上开票,蜂鸟准时达,13.0,周庄嘉园东里32号楼三层2号,116.47080363853102,39.86279323928699,1000,4644,35.0,8.2,65,北京劲松二区社区_宵夜_303,宵夜,北京劲松二区社区_宵夜_wgs84.csv,1,1,0,food_court
1064692068,,夜游神·臭豆腐(第8档口禾百厨美食城),4.9,16人觉得味道很正宗,最高28;10元;2元店铺红包;夜宵100减30;线上开票;售后无忧,蜂鸟准时达,21.0,东四环中路78号楼2层2-B,116.48615370740846,39.8983226784787,200,5250,15.0,9.6,61,北京劲松二区社区_宵夜_306,宵夜,北京劲松二区社区_宵夜_wgs84.csv,1,1,0,food_court
20019851251,,品海·海肠捞饭(第c3号档口天赐广源美食城),4.9,13人觉得好吃,最高28;10元;夜宵58减21;首次光顾减1;关注1元运费券;优评领3元店铺券;集点返5元;支持自取;线上开票;售后无忧,蜂鸟准时达,,东三环中路39号院11号楼3层商业1134,116.4492768066886,39.90399116419104,300,3290,15.0,5.7,46,北京劲松二区社区_宵夜_311,宵夜,北京劲松二区社区_宵夜_wgs84.csv,1,1,0,food_court
20018682398,,三汁铁锅焖面(第3档口川尚美食城),5.0,80人觉得好吃,最高28;10元;45减1;75减2;105减3;1元店铺红包;夜宵58减21;支持自取;线上开票,蜂鸟准时达,16.0,十里河家具大道8号B座一层179,116.4546131978043,39.8596425562337,200,3662,0.0,6.5,40,北京劲松二区社区_宵夜_313,宵夜,北京劲松二区社区_宵夜_wgs84.csv,1,1,0,food_court
1056115098,,哈哈镜(西大望路店),4.8,回复超快;25人觉得好吃,最高28;10元;100减1;2元店铺红包;夜宵58减21;支持自取;线上开票;售后无忧,商家自配送,37.0,西大望路甲12号内一号院1105室负1层通惠美食城,116.46774510429545,39.9011580029535,300,4419,40.0,5.7,42,北京劲松二区社区_宵夜_317,宵夜,北京劲松二区社区_宵夜_wgs84.csv,1,1,0,food_court
240259050,,我在重庆等着你((第二档口+北京笑呵呵美食城店)),5.0,143人觉得味道不错,最高28;10元;2元店铺红包;夜宵58减21;首次光顾减1;支持自取;线上开票;售后无忧,蜂鸟准时达,28.0,农光里20楼北&lt;金栗香﹥旁,116.45557749945507,39.88091275989401,100,1375,20.0,3.0,30,北京劲松二区社区_宵夜_319,宵夜,北京劲松二区社区_宵夜_wgs84.csv,1,1,0,food_court
20022793151,,至尊饱·排骨饭(第8号档口禾百厨美食城),5.0,11人觉得好吃,最高28;10元;58减2;78减3;108减5;1元店铺红包;夜宵100减30;优评领2元店铺券;集点返5元;线上开票,蜂鸟准时达,18.0,东四环中路78号禾百厨美食城,116.48613264382516,39.89819462188844,200,5258,20.0,9.6,62,北京劲松二区社区_宵夜_333,宵夜,北京劲松二区社区_宵夜_wgs84.csv,1,1,0,food_court
20017170414,,王老太海鲜卤味店(第2档口亦红美食城),0.0,量足口味佳,最高28;10元;45减2;67减6;88减7;3元店铺红包;夜宵58减21;支持自取;线上开票,商家自配送,42.0,广渠路66号百环家园4号楼地下一层亦红美食,116.45767593917682,39.8900294297729,85,2014,30.0,5.0,42,北京劲松二区社区_宵夜_344,宵夜,北京劲松二区社区_宵夜_wgs84.csv,1,1,0,food_court
20021317233,,淄博烧烤·烙饼卷串(第1号档口优惠美食城),5.0,包装好评率100%,最高28;10元;48减2;88减5;138减8;198减12;298减18;3元店铺红包;夜宵100减30;首次光顾减1;集点返3元;线上开票;售后无忧,商家自配送,,方庄蒲芳路9号3号楼地下一层103,116.4159830031886,39.86469560075624,38,4614,30.0,1.0,65,北京劲松二区社区_宵夜_345,宵夜,北京劲松二区社区_宵夜_wgs84.csv,1,1,0,food_court
20015907147,,汕荣记·潮汕牛肉粿条(第01号档口福地美厨美食城),4.9,28人觉得味道不错,最高28;10元;35减1;45减3;65减4;98减5;2元店铺红包;夜宵100减30;优评领3元店铺券;返3元红包;集点返3元;线上开票,蜂鸟准时达,16.0,光明路13号,116.42984639403534,39.88345503231862,300,1509,15.0,4.3,25,北京劲松二区社区_宵夜_351,宵夜,北京劲松二区社区_宵夜_wgs84.csv,1,1,0,food_court
1110631282,,绝不松口好吃到停不下来炒饭十八颠(第1号档口果之蔬美食城),0.0,94人觉得好吃,最高28;10元;68减1;88减2;100减5;夜宵100减30;支持自取;线上开票;售后无忧,蜂鸟准时达,,农光里103号楼劲松便民超市,116.46126245105108,39.88275377617283,11,1655,15.0,4.0,31,北京劲松二区社区_宵夜_353,宵夜,北京劲松二区社区_宵夜_wgs84.csv,1,1,0,food_court
935810475,品牌,麻辣诱惑·麻小(第C8号档口福地美厨美食城),4.9,39人觉得口感很好,最高28;10元;139减1;199减2;2元店铺红包;夜宵58减21;集点返5元;线上开票;售后无忧,商家自配送,34.0,光明路13号2号楼地下一层1001房间,116.42943662011768,39.88331243711097,200,1543,30.0,0.0,32,北京劲松二区社区_宵夜_354,宵夜,北京劲松二区社区_宵夜_wgs84.csv,1,1,0,food_court
1106201167,,东北砂锅土豆粉(第B7号档口景新乔院美食城),4.1,17人觉得好吃,最高28;10元;27减2;36减3;66减5;99减8;夜宵100减30;首次光顾减1;支持自取;线上开票,蜂鸟准时达,11.0,新街大院3楼北面,116.46213436995129,39.91436559743239,100,5394,15.0,9.9,54,北京劲松二区社区_宵夜_359,宵夜,北京劲松二区社区_宵夜_wgs84.csv,1,1,0,food_court
20001293470,,福建小吃特色拌面(第1档口蓝堡美食城),0.0,57人觉得好吃,最高28;10元;27减1;45减2;80减5;150减10;200减20;夜宵100减30;首次光顾减1;线上开票;售后无忧,蜂鸟准时达,15.0,西大望路3号院3号楼-2层B2-01（内部分）,116.47124924202778,39.91069319504472,72,5401,20.0,9.1,54,北京劲松二区社区_宵夜_362,宵夜,北京劲松二区社区_宵夜_wgs84.csv,1,1,0,food_court
234290409,品牌,湘当馋臭豆腐·烤冷面(第3档口甄选美味小厨美食城),4.8,口味正宗;471人觉得好吃,最高28;10元;28减2;42减5;48减8;68减10;98减15;2元店铺红包;夜宵100减30;支持自取,蜂鸟准时达,21.0,日坛上街甄选美味小厨1楼。,116.43721983385694,39.91727352546668,1000,4934,30.0,9.6,45,北京劲松二区社区_宵夜_365,宵夜,北京劲松二区社区_宵夜_wgs84.csv,1,1,0,food_court
20011624262,,辉哥烧烤(风味3北京笑呵呵美食城),0.0,烧烤一开，美味自来,最高28;10元;68减3;98减4;128减6;188减8;5元店铺红包;夜宵58减21;首次光顾减2;优评领3元店铺券;线上开票;售后无忧,商家自配送,,农光里21楼南,116.4556005829558,39.88081781997493,73,1379,35.0,0.0,43,北京劲松二区社区_宵夜_370,宵夜,北京劲松二区社区_宵夜_wgs84.csv,1,0,0,food_court
234487051,品牌,晨曦鲍鱼饭(第5档口一品古道美食城),5.0,14人觉得口感不错,最高28;10元;88减1;128减2;1元店铺红包;夜宵58减21;返2元红包;透明餐厅;线上开票;极速退,商家自配送,28.0,芳群园二区十二号楼(一品古道美食城内),116.42339264625754,39.86223645459137,400,3955,0.0,3.0,36,北京劲松二区社区_宵夜_376,宵夜,北京劲松二区社区_宵夜_wgs84.csv,1,1,0,food_court
20005844462,,叫了个炸鸡(第16档口禾百厨美食城),0.0,包装好评率100%,最高28;3元;35减1;65减2;2元店铺红包;夜宵38减15;优评领1元店铺券;线上开票,蜂鸟准时达,15.0,东四环中路78号禾百厨美食城,116.48613264382516,39.89819462188844,100,5258,15.0,10.4,67,北京劲松二区社区_宵夜_381,宵夜,北京劲松二区社区_宵夜_wgs84.csv,1,1,0,food_court
20022471238,,延吉烤肉筋(第7档口禾百厨美食城),5.0,24人觉得好吃,最高28;10元;30减2;40减3;50减5;60减8;70减10;3元店铺红包;夜宵100减30;首次光顾减2;优评领3元店铺券;返3元红包;集点返5元;线上开票,蜂鸟准时达,23.0,东四环中路78号楼2层2-B,116.48592789773006,39.89798302571898,83,5242,30.0,5.8,70,北京劲松二区社区_宵夜_382,宵夜,北京劲松二区社区_宵夜_wgs84.csv,1,1,0,food_court
20002236134,,水乡小粥·粥铺豆浆油条(第5档口三餐福美食城店),0.0,熬的是粥，暖的是心,50减1;支持自取;线上开票;售后无忧,蜂鸟准时达,,东四环中路78号大成国际三层三餐福9号,116.486909571821,39.898236920579535,53,5329,20.0,9.4,66,北京劲松二区社区_宵夜_383,宵夜,北京劲松二区社区_宵夜_wgs84.csv,1,1,0,food_court
20010600474,,秦阿妹凉皮肉夹馍,0.0,152人觉得好吃,最高28;10元;48减3;68减8;100减12;1元店铺红包;夜宵100减30;集点返5元;支持自取;线上开票;售后无忧,蜂鸟准时达,,东四环中路78号楼3层三餐福美食城,116.48670578540272,39.89837131077209,71,5323,40.0,10.4,67,北京劲松二区社区_宵夜_385,宵夜,北京劲松二区社区_宵夜_wgs84.csv,1,0,0,food_court
251749452,,灿记港式烧腊饭(第9号档口食八方美食城),5.0,217人觉得好吃,最高28;3元;25减2;38减6;68减13;120减17;3元店铺红包;首次光顾减1;优评领2元店铺券;返2元红包;集点返5元;极速退;售后无忧,蜂鸟准时达,26.0,广渠东路38号食八方美食城,116.46615378728676,39.8917141493258,53,2934,20.0,6.6,44,北京劲松二区社区_宵夜_394,宵夜,北京劲松二区社区_宵夜_wgs84.csv,1,1,0,food_court
1072093086,,淮南牛肉汤·手包锅贴·葱油饼·拇指生煎包(百子湾店),5.0,近7日330人下单;49人觉得口感不错,最高28;10元;48减2;68减3;88减4;128减5;夜宵100减30;关注0.8元商品券;优评领2元店铺券;返2元红包;集点返5元;支持自取;线上开票;极速退;售后无忧,蜂鸟准时达,14.0,百子湾南三路西里403号楼104（食汇美食城）,116.48956424621012,39.89316703514815,1000,5097,0.0,9.6,59,北京劲松二区社区_宵夜_407,宵夜,北京劲松二区社区_宵夜_wgs84.csv,1,0,0,food_court
571285118,,老金记炸货铺双井(第一档口福润泽美食城),4.7,135人觉得好吃;回复超快,最高28;10元;68减3;128减13;2元店铺红包;线上开票;售后无忧,蜂鸟准时达,27.0,广渠东路38号1层102-1,116.46618288383236,39.89174122584353,300,2929,30.0,5.8,42,北京劲松二区社区_宵夜_412,宵夜,北京劲松二区社区_宵夜_wgs84.csv,1,1,0,food_court
20006765340,,多多柠檬无骨鸡爪(第12号档口禾百厨美食城),4.8,包装好评率100%,最高28;10元;40减1;60减2;100减3;夜宵58减21;支持自取;线上开票;售后无忧,蜂鸟准时达,,东四环中路78号和百厨美食城第一家玻璃门,116.48632737860238,39.8981951981475,60,5276,15.0,13.4,76,北京劲松二区社区_宵夜_417,宵夜,北京劲松二区社区_宵夜_wgs84.csv,1,1,0,food_court
20012610140,,啊花家·疙瘩汤(第3号档口犀牛城市厨房美食城),5.0,53人觉得好吃,最高28;10元;38减3;58减5;88减7;夜宵100减30;支持自取;线上开票,蜂鸟准时达,21.0,西大望路1号1号楼-1层地下102商业内03单元,116.4709690892576,39.91194536528287,100,5569,40.0,14.7,46,北京劲松二区社区_宵夜_420,宵夜,北京劲松二区社区_宵夜_wgs84.csv,1,1,0,food_court
20001902236,,沂蒙山鲜炒鸡(第5档口聚客美食街劲松店),4.8,口味正宗;160人觉得口感丰富,最高28;10元;38减1;58减3;88减5;108减8;夜宵58减21;首次光顾减1;支持自取;线上开票;售后无忧,蜂鸟准时达,21.0,东三环南路58号2号楼- 1层B102内9,116.45565938960036,39.8838098166759,100,1179,8.0,9.5,35,北京劲松二区社区_宵夜_431,宵夜,北京劲松二区社区_宵夜_wgs84.csv,1,1,0,food_court
20020183461,,尔滨烤冷面·手抓饼·炸串·臭豆腐(第九档口食汇美食城),5.0,64人觉得好吃;回复超快,最高28;10元;38减1;48减2;68减3;2元店铺红包;夜宵100减30;返2元红包;集点返3元;支持自取;线上开票;售后无忧,蜂鸟准时达,19.0,百子湾西里403号楼104、105,116.48954818212236,39.89319298615264,2000,5093,25.0,9.6,47,北京劲松二区社区_宵夜_443,宵夜,北京劲松二区社区_宵夜_wgs84.csv,1,1,0,food_court
20017458496,品牌,箐筳·荷叶烤鸡(第二号档口金康博美食城店),5.0,68人觉得好吃,最高28;10元;35减1;55减3;75减5;100减8;2元店铺红包;夜宵58减21;关注2.8元商品券;支持自取;线上开票;售后无忧,蜂鸟准时达,19.0,朝外大街20号联合大厦B1层,116.43241874448388,39.921500286790135,700,5297,15.0,9.5,73,北京劲松二区社区_宵夜_447,宵夜,北京劲松二区社区_宵夜_wgs84.csv,1,1,0,food_court
1113206446,,湘棠·湖南地道湘菜(石榴庄店),4.8,526人觉得口感丰富;近7日832人下单,最高28;10元;38减4;68减10;119减14;128减16;138减18;2元店铺红包;夜宵100减30;优评领5元店铺券;支持自取;线上开票;售后无忧,蜂鸟全城达,27.0,石榴园路甲15号(千百家美食城),116.4090219397642,39.84233084723829,3000,7319,50.0,15.7,73,北京劲松二区社区_宵夜_448,宵夜,北京劲松二区社区_宵夜_wgs84.csv,1,0,0,food_court
20020425173,,憨土灶·下饭湖南菜·不卖预制菜(第2档口瑞领格行美食城),4.9,37人觉得好吃,最高28;10元;38减1;58减3;78减5;108减8;夜宵100减30;返3元红包;集点返5元;线上开票;售后无忧,蜂鸟准时达,,广渠路66号院甲19号楼1层A1-2,116.45941652245844,39.889978758246606,84,2163,15.0,5.7,46,北京劲松二区社区_宵夜_451,宵夜,北京劲松二区社区_宵夜_wgs84.csv,1,1,0,food_court
20023178424,,唐小研叫花鸡·窑鸡·手撕鸡(第6档口禾百厨美食城),4.9,40人觉得好吃,最高28;10元;68减2;98减5;128减10;1元店铺红包;夜宵58减21;关注0.1元商品券;优评领2元店铺券;返3元红包;集点返3元;支持自取;线上开票,蜂鸟准时达,16.0,东四环中路78号楼2层2-B,116.48622397899204,39.89827088873515,400,5267,15.0,9.4,66,北京劲松二区社区_宵夜_453,宵夜,北京劲松二区社区_宵夜_wgs84.csv,1,1,0,food_court
20022933334,,鼓楼炸·香酥鸡(第12号档口喜乐胜美食城),5.0,17人觉得好吃,最高28;10元;39减2;50减3;78减5;夜宵58减21;集点返3元;支持自取;线上开票,蜂鸟准时达,23.0,广渠门外大街一号院1、2、3号楼地下综合体及公-1商业楼地下二层D015,116.4531656668822,39.892537502639925,100,1826,15.0,3.2,31,北京劲松二区社区_宵夜_454,宵夜,北京劲松二区社区_宵夜_wgs84.csv,1,1,0,food_court
233559385,品牌,火齐潮汕砂锅粥(第3档口海星食集美食城),4.9,158人觉得好喝;近7日365人下单,最高28;10元;25减5;65减10;95减15;125减20;1元店铺红包;夜宵100减30;首次光顾减1;返3元红包;集点返3元;售后无忧,蜂鸟准时达,29.0,朝阳门外大街19号楼地下一层CY-B102-01,116.43259487723076,39.92334549051592,1000,6151,15.0,10.3,74,北京劲松二区社区_宵夜_459,宵夜,北京劲松二区社区_宵夜_wgs84.csv,1,1,0,food_court
371911435,品牌,Obligi Chicken韩式炸鸡(第五档口朝阳门薏人薏份美食城),4.9,3292人觉得好吃;近7日735人下单,最高28;10元;38减1;48减2;65减3;1元店铺红包;夜宵100减30;首次光顾减1;优评领2元店铺券;返3元红包;满赠;售后无忧,蜂鸟准时达,11.0,南竹杆胡同1号-1层-127,116.42667572260332,39.92107789021956,3000,5590,0.0,10.0,69,北京劲松二区社区_宵夜_465,宵夜,北京劲松二区社区_宵夜_wgs84.csv,1,1,0,food_court
249056282,品牌,小恒水饺(朝阳门第8号档口海星食集美食城),5.0,32人觉得味道合口味,最高28;10元;27减1;48减2;68减3;99减4;5元店铺红包;夜宵58减21;关注0.9元商品券;优评领1元店铺券;集点返5元;满赠;支持自取;极速退;售后无忧,蜂鸟全城达,16.0,朝阳门外大街19号楼地下一层CY-B102-01,116.43280130698405,39.923361819066926,1000,6167,70.0,12.9,56,北京劲松二区社区_宵夜_467,宵夜,北京劲松二区社区_宵夜_wgs84.csv,1,1,0,food_court
20016857077,品牌,秘境鹿屿CAKE生日蛋糕·冰淇淋·动物奶油(第一档口崇文门美食城),5.0,66人觉得好吃,最高28;10元;128减1;1元店铺红包;夜宵100减30;优评领1元店铺券;返6元红包;集点返5元;线上开票;售后无忧,商家自配送,,崇文门外大街1号楼B2层B2-01,116.41158104795592,39.898279525304254,1000,4430,0.0,0.0,63,北京劲松二区社区_宵夜_485,宵夜,北京劲松二区社区_宵夜_wgs84.csv,1,1,0,food_court
20021227071,,人民公社东北菜·新鲜现炒(第6号档口聚客美食城),4.9,回复超快;口味正宗;148人觉得口感丰富,最高28;21元;3元店铺红包;首次光顾减1;优评领5元店铺券;返10元红包;集点返5元;线上开票;极速退;售后无忧,蜂鸟准时达,23.0,东三环南路58号2号楼-1层B102内9,116.45601746412989,39.884120664609085,5000,1213,20.0,0.0,21,北京劲松二区社区_晚上_010,晚上,北京劲松二区社区_晚上_wgs84.csv,1,1,0,food_court
20018425210,,佼佼者大馅水饺(第5档口青蓝食堂美食城店),4.9,包装好评率100%,最高28;21元;25减1;35减2;60减4;2元店铺红包;支持自取;线上开票;售后无忧,蜂鸟准时达,,广渠路66号院甲3、4、甲5号楼-1层(11),116.45830493628924,39.890080981205024,1000,2071,20.0,3.6,31,北京劲松二区社区_晚上_021,晚上,北京劲松二区社区_晚上_wgs84.csv,1,1,0,food_court
20017982174,,大马勺精品东北菜·新鲜现炒(第7号档口聚客美食城),4.9,口味正宗;168人觉得口感丰富,最高28;13元;35减1;68减3;98减6;138减9;188减13;返10元红包;线上开票;极速退;售后无忧,蜂鸟准时达,25.0,东三环南路58号,116.45609475165418,39.88374986910572,1000,1175,20.0,0.0,20,北京劲松二区社区_晚上_028,晚上,北京劲松二区社区_晚上_wgs84.csv,1,1,0,food_court
20020125214,,禧鸭汇·北京烤鸭·十里河店(十里河店·第5号档口欧亚商超美食城),4.9,木樨园桥北北京菜热销榜·第5名;正宗味道,最高28;21元;首次光顾减5;关注0.8元商品券;返6元红包;支持自取;线上开票;售后无忧,蜂鸟准时达,26.0,弘善家园212号楼1层101内01-5室、01-6室,116.44684871464584,39.86648369758232,1000,2370,0.0,0.0,23,北京劲松二区社区_晚上_029,晚上,北京劲松二区社区_晚上_wgs84.csv,1,1,0,food_court
1091260057,品牌,农耕记·湖南土菜(第15号档口厚德万置美食城),5.0,回复超快;近7日396人下单,最高28;21元;58减3;98减6;168减8;208减12;268减15;优评领5元店铺券;返3元红包;支持自取;线上开票,蜂鸟准时达,22.0,广渠家园5、6、7、8、9楼地下室-1层201,116.44081268986568,39.89178126097514,1000,1289,20.0,0.0,20,北京劲松二区社区_晚上_031,晚上,北京劲松二区社区_晚上_wgs84.csv,1,1,0,food_court
424762176,品牌,喝汤时间(建外SOHO店),4.7,1436人觉得味道不错;回复超快,最高28;21元;48减1;62减2;88减4;2元店铺红包;极速退,蜂鸟准时达,21.0,东三环中路39号院7号楼2层0718室02号、0719室02号三合缘美食城,116.4520168346202,39.90364234806728,600,3558,15.0,1.7,38,北京劲松二区社区_晚上_040,晚上,北京劲松二区社区_晚上_wgs84.csv,1,1,0,food_court
20017676498,品牌,和番丼饭·牛肉饭(第十档口喜乐胜优选美食城),4.9,回复超快;221人觉得好吃,最高28;13元;55减3;75减5;95减8;2元店铺红包;首次光顾减1;关注2.8元商品券;集点返5元;满赠;支持自取;线上开票;售后无忧,蜂鸟准时达,16.0,广渠门外大街一号院1、2、3号楼地下综合体及公-1商业楼地下二层D015,116.45362704721666,39.8926425761831,600,1872,20.0,0.0,29,北京劲松二区社区_晚上_049,晚上,北京劲松二区社区_晚上_wgs84.csv,1,1,0,food_court
673106403,,祁姥姥家现熬疙瘩汤(第A7档口卿老三美食城),4.8,近7日482人下单;539人觉得味道不错,最高28;13元;38减2;48减3;68减5;98减8;2元店铺红包;售后无忧,蜂鸟准时达,18.0,广渠路66号院甲12号楼1层,116.45986725818771,39.88778499436701,1000,1928,20.0,0.1,25,北京劲松二区社区_晚上_074,晚上,北京劲松二区社区_晚上_wgs84.csv,1,1,0,food_court
20006795124,,香河肉饼·砂锅(食味天街美食城第10档口店店),4.9,179人觉得好吃,最高28;21元;29减1;35减3;59减6;88减10;138减16;3元店铺红包;优评领2元店铺券;支持自取;线上开票;售后无忧,蜂鸟准时达,17.0,广渠门外大街1号(双井地铁站A西北口步行60米)食味天街美食汇,116.45361603864816,39.892445559431806,400,1868,20.0,0.0,24,北京劲松二区社区_晚上_094,晚上,北京劲松二区社区_晚上_wgs84.csv,1,1,0,food_court
406328098,品牌,Obligi Chicken韩式炸鸡(第9档口颐通仁美食城店),4.9,600人觉得好吃,最高28;21元;38减1;48减2;65减3;关注0.9元商品券;优评领2元店铺券;返2元红包;集点返5元,蜂鸟准时达,13.0,十八里店乡周庄村弘燕农副产品市场中心2层A-2号,116.47083242934924,39.86528918546024,900,4430,0.0,0.0,33,北京劲松二区社区_晚上_106,晚上,北京劲松二区社区_晚上_wgs84.csv,1,1,0,food_court
20019741138,品牌,轻禾小厨中式健康菜·轻油低脂餐(第5档口颐食颐味美食城),4.9,110人觉得好吃;回复超快,最高28;21元;30减2;35减3;58减4;108减8;200减15;2元店铺红包;首次光顾减1;返2元红包;集点返3元;支持自取;线上开票,蜂鸟准时达,20.0,十八里店乡周家庄村8号居然屋灯饰城5层002号,116.46806158780149,39.858085983014966,4000,4407,23.0,1.1,39,北京劲松二区社区_晚上_136,晚上,北京劲松二区社区_晚上_wgs84.csv,1,1,0,food_court
843343123,,麦田归来·国民拌饭·四季轻食(第5档口劲松蓝鲸美食城),5.0,回复超快;近7日521人下单,最高28;21元;52减2;69减3;89减4;1元店铺红包;优评领3元店铺券,蜂鸟准时达,17.0,十八里店乡周家庄村弘燕南路1号闽龙周庄里一层S1-01,116.46422016896295,39.85998161570063,2000,4053,15.0,0.1,35,北京劲松二区社区_晚上_155,晚上,北京劲松二区社区_晚上_wgs84.csv,1,1,0,food_court
20004599260,,奉天·小林熏拌鸡架,5.0,46人觉得好吃,最高28;21元;29减1;39减5;58减9;1元店铺红包;优评领2元店铺券;支持自取;线上开票;极速退;售后无忧,蜂鸟准时达,17.0,广渠路66号院甲3.4甲5号亦红美食城,116.45767593917682,39.8900294297729,96,2014,20.0,0.0,27,北京劲松二区社区_晚上_159,晚上,北京劲松二区社区_晚上_wgs84.csv,1,0,0,food_court
1090569436,,汕食记·砂锅粥·肠粉·烧腊饭(第206号档口美丽新厨美食城),5.0,13人觉得做的很正宗,最高28;21元;25减1;70减6;128减12;250减25;2元店铺红包;首次光顾减1;支持自取;线上开票,蜂鸟准时达,18.0,东三环中路39号院11号楼3层商业1134,116.44903612039646,39.90398663412813,100,3290,23.0,3.0,38,北京劲松二区社区_晚上_187,晚上,北京劲松二区社区_晚上_wgs84.csv,1,1,0,food_court
20013510197,,俏丫丫米线·凉皮(第5号档口闪电厨房美食城),0.0,32人觉得好吃,最高28;21元;39减2;55减3;69减5;2元店铺红包;优评领1元店铺券;返2元红包;集点返3元;支持自取;线上开票;售后无忧,蜂鸟准时达,,广渠门外大街8号C座1层C1-10室B号、C1-11室B号,116.452494779468,39.89154799179005,400,1816,15.0,0.0,32,北京劲松二区社区_晚上_191,晚上,北京劲松二区社区_晚上_wgs84.csv,1,1,0,food_court
20015116094,,碗农火爆桥头三嫩(第22号档口颐通仁美食城),4.8,203人觉得口感丰富;回复超快,最高28;21元;35减1;55减2;88减5;118减8;2元店铺红包;优评领3元店铺券;返3元红包;线上开票;极速退;售后无忧,蜂鸟准时达,21.0,十八里店乡周庄村弘燕农副产品市场中心二层A-2号,116.47083242934924,39.86528918546024,800,4430,27.0,1.1,36,北京劲松二区社区_晚上_203,晚上,北京劲松二区社区_晚上_wgs84.csv,1,1,0,food_court
1057374361,品牌,暖燕·姨妈热饮·现炖燕窝(北工大店),4.8,近7日473人下单;831人觉得味道不错,最高28;13元;56减2;85减3;150减4;188减6;2元店铺红包;支持自取;线上开票;售后无忧,商家自配送,,十八里店乡周家庄村弘燕南路1号闽龙周庄里一层南里侧蓝鲸美食广场台球进去右转通道里面暖燕,116.46414494062915,39.85977542931648,1000,4048,25.0,4.9,45,北京劲松二区社区_晚上_208,晚上,北京劲松二区社区_晚上_wgs84.csv,1,0,0,food_court
292929023,,河间驴肉火烧(第2号档口食八方美食城),4.6,口味正宗;774人觉得味道不错,最高28;21元;28减4;36减6;50减9;70减22;100减38;2元店铺红包;优评领3元店铺券;支持自取;线上开票;极速退;售后无忧,蜂鸟准时达,11.0,东三环中路39号院9号楼1层0929室,116.45203971837266,39.90510533674848,3000,3726,15.0,3.3,42,北京劲松二区社区_晚上_226,晚上,北京劲松二区社区_晚上_wgs84.csv,1,1,0,food_court
1105792238,,永顺炸鸡店(第4号档口劲松美食城店),4.7,近7日416人下单;334人觉得好吃,最高28;21元;39减2;79减5;119减7;159减9;199减15;返3元红包;集点返5元;支持自取;线上开票;售后无忧,蜂鸟准时达,11.0,劲松三区甲319号3幢平房1-7,116.44981218422735,39.8814293883225,1000,831,50.0,0.0,20,北京劲松二区社区_晚上_253,晚上,北京劲松二区社区_晚上_wgs84.csv,1,1,0,food_court
572143011,,云南过桥米线·土豆粉·麻辣烫(第3档口弘燕菜市场美食城),4.9,74人觉得好吃,最高28;21元;50减1;100减3;支持自取;线上开票;售后无忧,蜂鸟准时达,16.0,十八里店乡周庄村弘燕市场农副产品市场中心,116.47052335336562,39.8651333394438,300,4469,35.0,3.1,34,北京劲松二区社区_晚上_256,晚上,北京劲松二区社区_晚上_wgs84.csv,1,1,0,food_court
683518452,,鱿福记铁板烧烤冷面炸串(第6档口颐通仁美食城),4.4,77人觉得好吃,最高28;21元;29减2;39减5;49减8;65减10;99减15;线上开票,蜂鸟准时达,19.0,十八里店乡周庄村弘燕农副产品市场中心2层A-3号,116.47080736163682,39.86511912513951,300,4490,40.0,0.3,28,北京劲松二区社区_晚上_259,晚上,北京劲松二区社区_晚上_wgs84.csv,1,1,0,food_court
232761141,品牌,田老师红烧肉(周庄嘉园第28档口颐通仁美食城店),5.0,回复超快;569人觉得味道不错,最高28;21元;35减1;50减2;85减5;2元店铺红包;支持自取;线上开票,蜂鸟准时达,17.0,十八里店乡周庄村弘燕农副产品市场中心二层A-2号,116.47083242934924,39.86528918546024,1000,4430,35.0,0.0,30,北京劲松二区社区_晚上_307,晚上,北京劲松二区社区_晚上_wgs84.csv,1,1,0,food_court
20006191395,,了辛·爆汁烤冷面·铁板烧(第13号档口弘燕美食城),4.6,14人觉得味道很好,最高28;21元;29减1;35减3;49减5;58减6;79减8;支持自取;线上开票,蜂鸟准时达,20.0,十八里店乡周庄村弘燕农副产品市场中心2层A-2号,116.47051332171807,39.86510231339472,200,4469,25.0,0.3,35,北京劲松二区社区_晚上_335,晚上,北京劲松二区社区_晚上_wgs84.csv,1,1,0,food_court
20019699191,,张炒炒家常土菜馆·无预制菜(第二档口相聚缘美食城),4.9,23人觉得口感佳,最高28;21元;48减2;68减4;98减6;3元店铺红包;优评领3元店铺券;返3元红包;集点返4元;线上开票;售后无忧,蜂鸟准时达,18.0,东三环中路39号院18号楼1层011806室1号,116.44696611663488,39.90553908558266,3000,3384,25.0,0.0,37,北京劲松二区社区_晚上_350,晚上,北京劲松二区社区_晚上_wgs84.csv,1,1,0,food_court
317089490,品牌,凉皮先生·骨汤米线·肉夹馍·酸辣粉(第1号档口七鲜好世界美食城),5.0,24人觉得口感很好,最高28;21元;48减4;68减6;95减10;透明餐厅;支持自取;线上开票,蜂鸟准时达,17.0,东三环北路38号院4号楼-1层地下商业(0B-01除外)B09号,116.45750866551322,39.91982371766076,700,5241,60.0,6.9,33,北京劲松二区社区_晚上_357,晚上,北京劲松二区社区_晚上_wgs84.csv,1,1,0,food_court
20000046325,,椒麻干锅鸡(第12号档口七鲜美食城),4.8,46人觉得好吃,最高28;21元;2元店铺红包;透明餐厅;线上开票;极速退;售后无忧,蜂鸟准时达,14.0,东三环北路38号院4号楼-1层，七鲜超市内,116.45750866551322,39.91982371766076,400,5241,20.0,7.7,39,北京劲松二区社区_晚上_376,晚上,北京劲松二区社区_晚上_wgs84.csv,1,1,0,food_court
20012148495,,布袋馍夹炸串·酸辣粉(第4档口熊猫星厨美食城),5.0,58人觉得好吃,最高28;21元;50减1;98减2;1元店铺红包;优评领3元店铺券;返2元红包;集点返5元;支持自取;线上开票;售后无忧,蜂鸟准时达,22.0,广渠路28号225号楼负一层,116.47630720802316,39.88899441030793,100,3503,35.0,2.3,29,北京劲松二区社区_晚上_414,晚上,北京劲松二区社区_晚上_wgs84.csv,1,1,0,food_court
20016511431,,牛福实·鲜炖牛腩牛肉饭(第五档口贵人道美食城),4.8,111人觉得好吃,最高28;21元;36减2;88减5;关注0元商品券;优评领18元店铺券;集点返3元;支持自取;线上开票;售后无忧,蜂鸟准时达,12.0,朝外大街乙6号3层,116.44891187070016,39.91902572183413,500,5456,15.0,3.8,34,北京劲松二区社区_晚上_415,晚上,北京劲松二区社区_晚上_wgs84.csv,1,1,0,food_court
1103809403,,东北干汁麻辣烫(第10号档口大成国际美食城),4.9,425人觉得好吃;回复超快,最高28;21元;33减3;45减6;65减10;85减17;105减22;2元店铺红包;关注0元商品券;优评领2元店铺券;返2元红包;集点返5元;透明餐厅;支持自取;线上开票;售后无忧,蜂鸟准时达,12.0,"东四环中路78号楼3层3-25,3-26,3-98,3-28,3-29,3-30,3-31,3-32,3-33,3-35,3-95,3-96,3-97",116.48705812920994,39.89826835948092,1000,5342,20.0,0.0,42,北京劲松二区社区_晚上_426,晚上,北京劲松二区社区_晚上_wgs84.csv,1,1,0,food_court
668928068,品牌,极度比萨全麦软底(崇文门店),4.9,47人觉得口感好吃;近7日365人下单,最高28;21元;59减2;89减5;119减8;259减20;1元店铺红包;关注0元商品券;满赠;线上开票;极速退,蜂鸟准时达,13.0,崇文门外大街40号搜秀城8层食嗨街美食广场内极度比萨,116.41291676155934,39.895082620675815,1000,4034,0.0,0.0,40,北京劲松二区社区_晚上_452,晚上,北京劲松二区社区_晚上_wgs84.csv,1,0,0,food_court
20001478078,,千味徐州肉筋卷饼(第9号档口布尼美食城),4.9,口味正宗;166人觉得好吃,7元起无门槛(含新客补1.5);13元;50减1;100减2;关注0.9元商品券;返2元红包;透明餐厅;线上开票;极速退,蜂鸟准时达,14.0,朝外大街26号地下一层南侧,116.4360657354717,39.92088135431179,1000,3389,25.0,0.7,35,北京建外SOHO东区_中午_015,中午,北京建外SOHO东区_中午_wgs84.csv,1,1,0,food_court
20024166369,,有局·临沂炒鸡·家常菜(第3档口熊猫星厨美食城),4.9,23人觉得口感丰富;口味正宗,5.5元起无门槛;13元;60减3;95减4;139减5;1元店铺红包;线上开票,蜂鸟准时达,23.0,广渠路66号院甲19号楼1层A1-2,116.45934532021415,39.88975659001425,58,2104,0.0,0.0,30,北京建外SOHO东区_中午_106,中午,北京建外SOHO东区_中午_wgs84.csv,1,1,0,food_court
20024001070,,农家蒸野菜·焖面·胡辣汤(第A1号档口果香菜鲜美食城),4.9,31人觉得好吃,6.5元起无门槛(含本店补1);13元;50减1;70减2;100减5;优评领5元店铺券;返1.1元红包;集点返3元;线上开票,蜂鸟准时达,15.0,建华南路6号院1号楼-1层-101,116.43819558691914,39.90566176877424,300,1807,15.0,0.0,35,北京建外SOHO东区_中午_112,中午,北京建外SOHO东区_中午_wgs84.csv,1,1,0,food_court
672188057,,饺子妞·纯手工水饺(第九号档口布尼美食城),4.8,141人觉得口感很好;近7日585人下单,7元起无门槛(含新客补1.5);13元;2元店铺红包;优评领3元店铺券;集点返5元;透明餐厅;支持自取;线上开票;售后无忧,蜂鸟准时达,14.0,朝外大街26号地下一层布尼美食城A9档口,116.43574300780136,39.92088679810788,2000,3409,0.0,0.7,48,北京建外SOHO东区_中午_141,中午,北京建外SOHO东区_中午_wgs84.csv,1,1,0,food_court
553777215,,盖饭王(第7号档口三餐福美食城),4.2,200人觉得好吃,5.5元起无门槛;13元;30减7;50减8;98减11;线上开票;售后无忧,蜂鸟准时达,20.0,东四环中路78号楼3层3-76、3-77,116.48706816713675,39.89826838923552,100,3687,15.0,5.3,53,北京建外SOHO东区_中午_196,中午,北京建外SOHO东区_中午_wgs84.csv,1,1,0,food_court
267731439,,筑地海胆丼(第2档口原村美食城店),4.2,56人觉得好吃,7.5元起无门槛(含本店补2);13元;50减1;100减3;150减6;2元店铺红包;支持自取;线上开票;售后无忧,商家自配送,,工人体育场北路8号院1号商场4层原村美食城内,116.44810912791964,39.93069749434742,48,3658,20.0,0.0,37,北京建外SOHO东区_中午_216,中午,北京建外SOHO东区_中午_wgs84.csv,1,1,0,food_court
20002611433,,黄金鸡腿·盖浇饭(第2号档口金康博美食城),0.0,256人觉得好吃,5元;26减1;35减2;47减3;65减5;85减8;2元店铺红包;线上开票;售后无忧,蜂鸟准时达,,朝外大街20号联合大厦B1层西南角云南过桥米线旁边,116.4323656438837,39.92142420589696,200,3699,15.0,0.9,40,北京建外SOHO东区_中午_221,中午,北京建外SOHO东区_中午_wgs84.csv,1,1,0,food_court
1063714383,,契鸡蒸鸡·滋补蒸鸡(第19号档口湘彤美食城),4.8,763人觉得好吃;近7日318人下单,8.5元起无门槛(含新客补3);13元;46减2;76减3;96减5;2元店铺红包;首次光顾减1;优评领3元店铺券;支持自取;线上开票;售后无忧,蜂鸟准时达,21.0,八里庄西里99号-1层-105,116.48879374779136,39.91397583124017,1000,3955,0.0,0.0,48,北京建外SOHO东区_中午_228,中午,北京建外SOHO东区_中午_wgs84.csv,1,1,0,food_court
20002214285,,唐小研蒸鸡·手撕鸡·滋补鸡汤(第9号档口朝阳工体美食城),4.9,174人觉得好吃,10.5元起无门槛(含新客补5);13元;68减2;98减5;128减10;1元店铺红包;首次光顾减1;关注0.1元商品券;优评领2元店铺券;返2元红包;集点返3元;线上开票,蜂鸟准时达,19.0,新中街68号,116.43647180356342,39.92762278411018,500,3987,0.0,0.3,42,北京建外SOHO东区_中午_251,中午,北京建外SOHO东区_中午_wgs84.csv,1,1,0,food_court
1072094073,品牌,库迪咖啡(北京东方广场店),4.8,29人觉得味道不错;近7日685人下单,5.5元起无门槛;13元;30减5;40减8;60减10;2元店铺红包;支持自取,蜂鸟准时达,,长安街1号东方新天地东区地下一层集结号美食城,116.41056088342393,39.90797642618726,2000,4145,1.0,4.1,46,北京建外SOHO东区_中午_256,中午,北京建外SOHO东区_中午_wgs84.csv,1,1,0,food_court
20017172240,,豫周味·逍遥胡辣汤·水煎包(第3号档口天天美食城),4.6,口味正宗;13人觉得好吃,3.5元无门槛;13元;25减1;35减2;45减3;55减5;返2元红包;集点返5元;线上开票;售后无忧,蜂鸟准时达,18.0,百子湾路9号1幢平房西13房间,116.49477821162031,39.89971128666209,100,4152,20.0,6.1,45,北京建外SOHO东区_中午_261,中午,北京建外SOHO东区_中午_wgs84.csv,1,1,0,food_court
20023225455,,巴伐利亚德式脆皮烤猪肘(第3档口屯里时光美食城),5.0,27人觉得味道挺不错,7.5元起无门槛(含本店补2);13元;60减2;100减3;200减8;1元店铺红包;线上开票,蜂鸟准时达,32.0,工人体育场北路13号院5幢-1层-0101号内E-B107、E-B107-1、E-B106、C-B106、C-B105、C-B105-1室,116.44346710704212,39.93410766093429,96,4150,15.0,0.0,56,北京建外SOHO东区_中午_321,中午,北京建外SOHO东区_中午_wgs84.csv,1,1,0,food_court
1056441498,品牌,曼玲粥(垡头第5号档口美食广场美食城),4.9,343人觉得好吃;近7日574人下单,8.5元起无门槛(含新客补3);13元;32减1;45减2;2元店铺红包;优评领2元店铺券;集点返3元;支持自取;线上开票;售后无忧,蜂鸟全城达,14.0,王四营乡大柳树化工路272号11号楼一层04号,116.5096261673228,39.86291287159427,2000,8444,50.0,12.2,45,北京建外SOHO东区_中午_340,中午,北京建外SOHO东区_中午_wgs84.csv,1,1,0,food_court
232779070,品牌,田老师红烧肉(第一号档口东直门五光食色美食城),4.9,口味正宗;41人觉得口感好,7.5元起无门槛(含新客补2);13元;35减1;50减2;85减5;2元店铺红包;支持自取;线上开票,蜂鸟准时达,17.0,东直门外大街39号公交商业用房南侧一层及夹层,116.42929010784373,39.94031677449012,900,6028,20.0,4.6,61,北京建外SOHO东区_中午_365,中午,北京建外SOHO东区_中午_wgs84.csv,1,1,0,food_court
20023114090,,排队三小时的豆花蹦蹦鸡(第9档口贵人道美食城),4.9,口味正宗;55人觉得好吃,7.5元起无门槛(含本店补2);13元;38减2;58减4;78减6;98减8;集点返5元;支持自取;线上开票,蜂鸟准时达,13.0,朝外大街乙6号3层03083,116.44875544409108,39.918884384723725,300,2201,15.0,0.0,43,北京建外SOHO东区_中午_391,中午,北京建外SOHO东区_中午_wgs84.csv,1,1,0,food_court
290268167,品牌,如意馄饨·干拌面·炸鸡排(第9档口霄云美食城店),4.7,39人觉得口感好,6.5元起无门槛(含新客补1);13元;1元店铺红包;返2元红包;支持自取,蜂鸟全城达,17.0,霄云路35号[6-5]45幢一住层006号,116.4548839169735,39.955938926108665,1000,6093,15.0,7.4,58,北京建外SOHO东区_中午_408,中午,北京建外SOHO东区_中午_wgs84.csv,1,1,0,food_court
20024097218,,美滋滋烤肉拌饭(第8号档口喜乐胜美食城),5.0,35人觉得好吃,6.5元起无门槛(含本店补1);13元;35减1;45减2;65减3;返2元红包;集点返3元;线上开票;售后无忧,蜂鸟准时达,15.0,广渠门外大街一号院1、2、3号楼地下综合体及公-1商业楼地下二层D015,116.45362704721666,39.8926425761831,400,1750,0.0,0.0,35,北京建外SOHO东区_中午_412,中午,北京建外SOHO东区_中午_wgs84.csv,1,1,0,food_court
20012969201,,蛙来哒·紫苏牛蛙(京品汇美食城),4.9,33人觉得口感丰富,10元起无门槛(含新客补4.5);13元;68减2;89减5;128减9;199减12;首次光顾减1;关注6.5元商品券;优评领3元店铺券;返15元红包;集点返5元;支持自取;线上开票,蜂鸟准时达,35.0,八里庄北里87号南楼一层191、120、123室,116.48878297217874,39.91989955226273,500,4802,15.0,3.0,39,北京建外SOHO东区_中午_420,中午,北京建外SOHO东区_中午_wgs84.csv,1,1,0,food_court
289212242,,川友元麻辣香锅(第2档口福宝隆美食城),4.2,15人觉得味道很正宗,7.5元起无门槛(含本店补2);13元;25减2;35减3;55减5;88减8;128减18;2元店铺红包;支持自取;线上开票;售后无忧,蜂鸟全城达,25.0,宋庄路73号院甲1号楼地下一层、地上1层 （福宝隆美食城）,116.4217576597868,39.84208870387416,500,9325,78.0,8.0,55,北京建外SOHO东区_中午_466,中午,北京建外SOHO东区_中午_wgs84.csv,1,1,0,food_court
387203034,品牌,窑鸡王(第5档口甄选美味小厨美食城),4.9,14人觉得口感超级好吃,13元老朋友补贴;最高28;16元;1元店铺红包;线上开票;极速退;售后无忧,商家自配送,41.0,神路街39号10幢1至2层4段32、33,116.43722485625344,39.917188537921376,300,2877,20.0,7.5,41,北京建外SOHO东区_宵夜_003,宵夜,北京建外SOHO东区_宵夜_wgs84.csv,1,1,0,food_court
20004210096,,一碗香●麻辣香锅●新鲜现炒(第3号档口 大鱼美食城),4.9,15人觉得口感很好吃;回复超快,13元老朋友补贴;最高28;17元;35减1;48减2;68减5;88减6;108减9;3元店铺红包;夜宵100减30;支持自取;线上开票;售后无忧,蜂鸟准时达,21.0,朝阳北路延静里甲16号楼1层102号,116.47707632471187,39.91869030987088,2000,3532,20.0,6.0,43,北京建外SOHO东区_宵夜_042,宵夜,北京建外SOHO东区_宵夜_wgs84.csv,1,1,0,food_court
813437491,品牌,Obligi Chicken韩式炸鸡(第8号档口团结湖宝乐美食城),4.9,47人觉得口感很好;近7日315人下单,13元老朋友补贴;最高28;17元;48减1;78减2;128减3;1元店铺红包;优评领2元店铺券;满赠;支持自取;售后无忧,蜂鸟准时达,14.0,团结湖东里3-5号中里6号16幢平房103室,116.46250092829084,39.92760199900256,1000,3394,58.0,3.2,44,北京建外SOHO东区_宵夜_049,宵夜,北京建外SOHO东区_宵夜_wgs84.csv,1,1,0,food_court
20014701364,,潮粵肠粉·广式茶点·粥·靓汤(第10号档口海星食集美食城),4.9,口味正宗;118人觉得好吃;回复超快,13元老朋友补贴;最高28;17元;38减1;58减2;68减3;80减30;2元店铺红包;夜宵100减30;返2元红包;支持自取;线上开票,蜂鸟准时达,12.0,朝阳门外大街19号楼地下一层CY-B102-01,116.43240346459848,39.92345718221223,2000,3754,20.0,4.0,55,北京建外SOHO东区_宵夜_055,宵夜,北京建外SOHO东区_宵夜_wgs84.csv,1,1,0,food_court
372078034,品牌,Obligi Chicken韩式炸鸡-住邦美食城B20档口店(十里堡店),4.7,近7日625人下单;回复超快;1893人觉得好吃,13元老朋友补贴;最高28;17元;38减1;48减2;65减3;1元店铺红包;关注1.8元商品券;优评领1元店铺券;透明餐厅,蜂鸟准时达,12.0,八里庄西里100号(住邦2000商务中心),116.48790539635093,39.913880196030505,2000,3883,0.0,8.9,65,北京建外SOHO东区_宵夜_086,宵夜,北京建外SOHO东区_宵夜_wgs84.csv,1,1,0,food_court
1059837244,品牌,融柳·大铁牛螺蛳粉(第10号档口奇顺美食城),4.9,196人觉得口感好吃;近7日728人下单;回复超快,13元老朋友补贴;最高28;17元;68减1;98减3;2元店铺红包;夜宵100减30;关注2元商品券;支持自取;线上开票,蜂鸟准时达,16.0,"南竹杆胡同2号银河搜候中心-1层1-101,1-102,1-103",116.42717376306638,39.91990661371354,3000,4062,30.0,6.8,47,北京建外SOHO东区_宵夜_099,宵夜,北京建外SOHO东区_宵夜_wgs84.csv,1,1,0,food_court
20014463246,,驴火火烧夹肉(第10档口美食星厨美食城),5.0,口味正宗;包装好评率100%,13元老朋友补贴;最高28;17元;55减1;2元店铺红包;夜宵100减30;首次光顾减1;优评领1元店铺券;支持自取;线上开票;售后无忧,蜂鸟准时达,10.0,建外建华南路11号建国门枫园宾	馆内一层101内西南侧和西侧,116.43721943148329,39.90464306303311,300,2015,15.0,7.5,41,北京建外SOHO东区_宵夜_133,宵夜,北京建外SOHO东区_宵夜_wgs84.csv,1,1,0,food_court
1102443372,品牌,吉祥馄饨·饺子(通惠美食城八号档口),4.9,138人觉得好吃,13元老朋友补贴;最高28;17元;35减1;支持自取;线上开票;售后无忧,蜂鸟准时达,19.0,西大望路甲12号内1号院一层1109室,116.46788760233778,39.90113838967808,200,1826,20.0,1.1,28,北京建外SOHO东区_宵夜_138,宵夜,北京建外SOHO东区_宵夜_wgs84.csv,1,1,0,food_court
20017134328,,隆江猪脚饭·卤汁拌饭·雯西家(第3档口老虹桥美食城),4.3,79人觉得好吃,13元老朋友补贴;最高28;17元;48减1;88减4;108减8;夜宵100减30;关注0.9元商品券;支持自取;线上开票;售后无忧,蜂鸟准时达,18.0,广渠门内大街90号楼-1层商业-035号,116.41492137529514,39.89143836484914,600,5023,15.0,8.4,61,北京建外SOHO东区_宵夜_147,宵夜,北京建外SOHO东区_宵夜_wgs84.csv,1,1,0,food_court
20017081238,,一家早晚要吃的炒饭店!田老盒炒饭(第6档口食味悠然美食城),4.8,59人觉得好吃;回复超快,13元老朋友补贴;最高28;17元;80减1;夜宵58减21;线上开票,蜂鸟准时达,,八里庄西里99号-1层-105,116.48878271020344,39.91394179985883,1000,3955,0.0,7.0,58,北京建外SOHO东区_宵夜_161,宵夜,北京建外SOHO东区_宵夜_wgs84.csv,1,1,0,food_court
234770373,品牌,曼玲粥店(第9号档口餐福美食城),4.9,近7日546人下单;131人觉得好喝,13元老朋友补贴;最高28;17元;32减1;45减2;2元店铺红包;夜宵100减30;优评领2元店铺券;透明餐厅;支持自取;线上开票;极速退;售后无忧,蜂鸟准时达,14.0,"东四环中路78号楼3层3-25,3-26,3-98,3-28,3-29,3-30,3-31,3-32,3-33,3-35,3-95,3-96,3-97",116.4871143382461,39.89829552489565,2000,3691,20.0,5.4,63,北京建外SOHO东区_宵夜_162,宵夜,北京建外SOHO东区_宵夜_wgs84.csv,1,1,0,food_court
20022937389,,他大舅东北老饭盒(第B11档口乐享美食城),4.6,回复超快;63人觉得好吃,13元老朋友补贴;最高28;17元;39减2;57减4;81减7;1元店铺红包;夜宵58减21;线上开票,蜂鸟准时达,,八里庄西里100号，住邦2000商务中心1号楼-1层,116.48680021046604,39.91393691577266,2000,3796,15.0,6.0,62,北京建外SOHO东区_宵夜_165,宵夜,北京建外SOHO东区_宵夜_wgs84.csv,1,1,0,food_court
20007772390,品牌,曼玲粥店八里庄(第05号档口浣熊食堂美食城),4.9,35人觉得好喝;夜宵热搜,13元老朋友补贴;最高28;17元;32减1;45减2;2元店铺红包;夜宵100减30;优评领2元店铺券;支持自取;线上开票,蜂鸟准时达,14.0,八里庄北里87号南楼一层191、120、123室,116.4891191990597,39.92027853641838,2000,4807,25.0,6.5,61,北京建外SOHO东区_宵夜_209,宵夜,北京建外SOHO东区_宵夜_wgs84.csv,1,1,0,food_court
20006203087,,阿婆椒麻鸡·口水鸡饭(第13档口亦红美食城店),5.0,29人觉得味道不错,13元老朋友补贴;最高28;17元;23减1;40减3;65减5;99减10;2元店铺红包;夜宵100减30;优评领2元店铺券;支持自取;线上开票;售后无忧,蜂鸟准时达,11.0,广渠路66号院甲3.4甲5号,116.4570459637292,39.88988889105249,700,2146,15.0,4.5,33,北京建外SOHO东区_宵夜_212,宵夜,北京建外SOHO东区_宵夜_wgs84.csv,1,1,0,food_court
20015754489,,鳗鳗行·鳗鱼饭(第20号档口湘彤美食城),4.9,20人觉得好吃,13元老朋友补贴;最高28;17元;40减1;50减2;68减3;85减4;100减5;4元店铺红包;夜宵58减21;关注0元商品券;优评领5元店铺券;返2元红包;满赠;线上开票,蜂鸟准时达,17.0,八里庄西里99号-1层-105,116.4886482215819,39.913774407126056,200,4058,40.0,5.8,65,北京建外SOHO东区_宵夜_255,宵夜,北京建外SOHO东区_宵夜_wgs84.csv,1,1,0,food_court
408007485,品牌,拌将麻辣拌·麻辣烫BANJIANG(第B08号档口京品汇美食城),4.9,近7日768人下单;回复超快,13元老朋友补贴;最高28;17元;关注0.1元商品券;优评领0.1元商品券,蜂鸟准时达,14.0,八里庄北里87号南楼一层191、120、123室,116.488971704116,39.91976311905278,2000,4786,19.0,7.7,49,北京建外SOHO东区_宵夜_266,宵夜,北京建外SOHO东区_宵夜_wgs84.csv,1,1,0,food_court
20022024234,,桂邕·广西老友粉(第2号档口奇顺美食城),5.0,16人觉得很正宗味道,13元老朋友补贴;最高28;17元;35减1;58减4;78减6;98减8;118减10;2元店铺红包;夜宵100减30;首次光顾减1;返2元红包;支持自取;线上开票;售后无忧,蜂鸟准时达,20.0,南竹杆胡同2号银河搜侯中心-1层1-101、1-102、1-103,116.4267980944879,39.91986510524872,500,4073,0.0,6.8,46,北京建外SOHO东区_宵夜_284,宵夜,北京建外SOHO东区_宵夜_wgs84.csv,1,1,0,food_court
20021145327,,年轻20年·乡下菜馆(第一档口美食城店),5.0,47人觉得味道不错;回复超快,13元老朋友补贴;最高28;17元;69减1;119减2;169减3;2元店铺红包;夜宵100减30;首次光顾减3;线上开票;售后无忧,蜂鸟准时达,25.0,团结湖北五条甲1号一层东侧部分 （布丁严选酒店内，一直往里走到头）,116.46479008539424,39.93196880951715,1000,4072,35.0,8.4,44,北京建外SOHO东区_宵夜_298,宵夜,北京建外SOHO东区_宵夜_wgs84.csv,1,1,0,food_court
20016172233,,YOYO啤酒炸鸡屋(第8号档口金康博美食城),3.8,包装好评率100%,13元老朋友补贴;最高28;17元;38减1;58减2;88减3;1元店铺红包;夜宵100减30;首次光顾减1;线上开票;售后无忧,蜂鸟准时达,14.0,朝外大街20号联合大厦B1层,116.4322363803199,39.92139100319489,93,3708,15.0,6.0,64,北京建外SOHO东区_宵夜_302,宵夜,北京建外SOHO东区_宵夜_wgs84.csv,1,1,0,food_court
1097318044,,苏大拿炒饭·炒面·炒河粉(第6号档口湘彤美食城),0.0,163人觉得好吃,13元老朋友补贴;最高28;17元;夜宵58减21;线上开票;售后无忧,蜂鸟准时达,,八里庄街道住邦2000商务楼2号楼住邦2000商务中心负一层,116.4884665370988,39.91374586837871,24,3971,15.0,10.0,53,北京建外SOHO东区_宵夜_304,宵夜,北京建外SOHO东区_宵夜_wgs84.csv,1,1,0,food_court
20022068389,,毛爷爷的红烧肉(第5档口景新乔苑美食城),5.0,19人觉得口感丰富,13元老朋友补贴;最高28;17元;38减2;58减3;88减5;158减8;218减12;夜宵58减21;首次光顾减1;关注0元商品券;优评领3元店铺券;返3元红包;线上开票;极速退;售后无忧,蜂鸟准时达,19.0,新街大院3楼北面,116.46269220759164,39.91451903327725,200,2148,15.0,4.5,34,北京建外SOHO东区_宵夜_333,宵夜,北京建外SOHO东区_宵夜_wgs84.csv,1,1,0,food_court
20011624431,,安徽牛肉板面王·(第6号档口贵人道美食城),4.6,40人觉得好吃,13元老朋友补贴;最高28;17元;29减2;39减3;49减5;夜宵58减21;支持自取;线上开票,蜂鸟准时达,15.0,朝外大街乙6号3层03083,116.44907237918572,39.9186180914928,62,2218,15.0,8.5,53,北京建外SOHO东区_宵夜_339,宵夜,北京建外SOHO东区_宵夜_wgs84.csv,1,1,0,food_court
20010036221,,整个大鸡排(风味11北京果之蔬美食城店),0.0,口味正宗;22人觉得好吃,13元老朋友补贴;最高28;17元;38减2;55减4;65减8;2元店铺红包;夜宵100减30;支持自取;线上开票;售后无忧,蜂鸟准时达,,农光里103号楼-1层地下-1层商业01,116.46125442714798,39.88273375662376,66,3087,20.0,3.2,52,北京建外SOHO东区_宵夜_340,宵夜,北京建外SOHO东区_宵夜_wgs84.csv,1,1,0,food_court
20023219053,,家味道东北饺子(第13档口三餐福美食城),5.0,29人觉得好吃,13元老朋友补贴;最高28;17元;43减2;73减5;103减10;203减20;1元店铺红包;夜宵100减30;返2元红包;线上开票;售后无忧,蜂鸟准时达,21.0,东四环中路78号楼三层,116.48730908277952,39.89822710541189,200,3708,25.0,7.0,58,北京建外SOHO东区_宵夜_345,宵夜,北京建外SOHO东区_宵夜_wgs84.csv,1,1,0,food_court
20024077250,,容海烧肉面(第24档口十里铺美食城),5.0,32人觉得好吃;回复超快,13元老朋友补贴;最高28;17元;40减2;60减3;87减5;108减7;1元店铺红包;夜宵58减21;返3元红包;支持自取;线上开票,蜂鸟准时达,21.0,八里庄北里87号南楼一层191、 120、123室,116.48852197278777,39.91998677288751,400,4811,15.0,7.6,56,北京建外SOHO东区_宵夜_370,宵夜,北京建外SOHO东区_宵夜_wgs84.csv,1,1,0,food_court
20002031398,,几代人必吃的牛肉焖饭(第4号档口新乔苑美食城),0.0,17人觉得口感比较好,13元老朋友补贴;最高28;17元;49减1;69减2;99减3;夜宵100减30;支持自取;线上开票;售后无忧,蜂鸟准时达,15.0,新街大院3楼北面,116.46213436995129,39.91436559743239,93,2139,98.0,7.5,42,北京建外SOHO东区_宵夜_373,宵夜,北京建外SOHO东区_宵夜_wgs84.csv,1,1,0,food_court
20020172430,,李大脚无骨鸡爪(第118980号档口大成食尚街28美食城),4.8,72人觉得好吃;百子湾卤味小吃热销榜·第5名,13元老朋友补贴;17元;66减1;88减2;关注0.5元商品券;返1.1元红包;透明餐厅;线上开票,蜂鸟准时达,26.0,"东四环中路78号楼3层3-25,3-26,3-98,3-28,3-29,3-30,3-31,3-32,3-33,3-35,3-95,3-96,3-97,3-52,3-53,3-55,3-56,3-57,3-86,3-87,3-88,3-36,3-37,3-38,3-39,3-50",116.48730908277952,39.89822710541189,800,3708,25.0,6.4,51,北京建外SOHO东区_宵夜_374,宵夜,北京建外SOHO东区_宵夜_wgs84.csv,1,1,0,food_court
20014404179,,馋阿喵凉皮烤冷面铁板烧(第12号档口农展里美食城),4.8,28人觉得好吃,13元老朋友补贴;最高28;17元;39减1;49减2;69减4;夜宵58减21;支持自取;线上开票,蜂鸟准时达,15.0,团结湖上泗路2号8幢1层01、9幢1层01、10幢1层01,116.4610332482814,39.9341509647035,700,3893,25.0,6.0,54,北京建外SOHO东区_宵夜_388,宵夜,北京建外SOHO东区_宵夜_wgs84.csv,1,1,0,food_court
20021454311,,印象长沙·湖南土菜·无预制菜(第8档口颐食颐味美食城),4.6,辣得有滋有味,13元老朋友补贴;最高28;17元;39减1;69减3;109减5;3元店铺红包;夜宵58减21;线上开票,蜂鸟准时达,15.0,八里庄东里丙楼,116.49403246880397,39.915190393562014,100,4527,15.0,7.8,58,北京建外SOHO东区_宵夜_400,宵夜,北京建外SOHO东区_宵夜_wgs84.csv,1,1,0,food_court
20023766130,,湘当馋臭豆腐·烤冷面(第14档口八里生活广场美食城),5.0,26人觉得味道不错,13元老朋友补贴;最高28;17元;28减2;48减7;85减10;105减15;夜宵100减30;线上开票;售后无忧,蜂鸟准时达,20.0,八里庄北里87号南楼一层191、120、123室,116.4885781768154,39.920057936980136,100,4817,20.0,1.4,57,北京建外SOHO东区_宵夜_406,宵夜,北京建外SOHO东区_宵夜_wgs84.csv,1,1,0,food_court
387234159,,叫了个炸鸡(慈云寺店),4.8,近7日357人下单;18人觉得口感好,13元老朋友补贴;17元;38减1;58减2;90减3;1元店铺红包;夜宵100减30;优评领3元店铺券,蜂鸟准时达,10.0,延静里甲16号楼1层102号大鱼美食城,116.47680530504374,39.91889452479908,1000,3515,20.0,7.7,54,北京建外SOHO东区_宵夜_431,宵夜,北京建外SOHO东区_宵夜_wgs84.csv,1,0,0,food_court
20020318376,,滋滋爆·爆汁烤冷面(第14号档口八里生活广场美食城),4.6,49人觉得好吃,13元老朋友补贴;最高28;16元;35减1;55减3;85减5;125减8;2元店铺红包;优评领3元店铺券;支持自取;线上开票;售后无忧,蜂鸟准时达,19.0,八里庄北里87号南楼一层191、120、123室,116.4885781768154,39.920057936980136,200,4817,20.0,8.1,58,北京建外SOHO东区_宵夜_461,宵夜,北京建外SOHO东区_宵夜_wgs84.csv,1,1,0,food_court
293452456,,山西刀削面家常菜(《双井店》第1号档口亦红美食城),4.7,口味正宗;278人觉得好吃,13元老朋友补贴;最高28;16元;38减3;60减9;100减23;1元店铺红包;优评领1元店铺券;支持自取;线上开票;极速退;售后无忧,蜂鸟准时达,17.0,广渠路66号院甲3、4甲5号楼–1层,116.45758965549496,39.89010821381226,400,2114,20.0,4.7,45,北京建外SOHO东区_宵夜_471,宵夜,北京建外SOHO东区_宵夜_wgs84.csv,1,1,0,food_court
20022779141,,柴火香木桶饭(第6号档口大雨美食城),4.9,112人觉得好吃,最高28;12元;5元店铺红包;返2元红包;支持自取;线上开票,蜂鸟准时达,14.0,嘉兴商务楼,116.47686255646754,39.9185617025616,1000,3529,,,35,北京建外SOHO东区_晚上_050,晚上,北京建外SOHO东区_晚上_wgs84.csv,1,1,0,food_court
814142424,,孔雀记忆PHO越南粉·咖喱饭(第四档口湘彤美食城),4.8,朝阳区越南菜热销榜·第2名;971人觉得好吃,最高28;12元;支持自取;线上开票;极速退;售后无忧,蜂鸟准时达,20.0,朝阳路八里庄西里99号-1层-105,116.48855085660924,39.913744119023846,1000,3937,,,40,北京建外SOHO东区_晚上_060,晚上,北京建外SOHO东区_晚上_wgs84.csv,1,1,0,food_court
20023584279,,容海烧肉面(第1号档口百子湾浣熊食堂美食城),5.0,34人觉得味道不错,返3元红包;集点返4元;支持自取;线上开票,蜂鸟准时达,22.0,大郊亭中街2号院1号、甲1号、乙2 号、2号、甲2号、3号、甲3号、4号、5号、甲5 号,116.47974018164132,39.88634842040017,300,4204,,,37,北京建外SOHO东区_晚上_085,晚上,北京建外SOHO东区_晚上_wgs84.csv,1,1,0,food_court
20016503170,,大东北·土豆茄子饭,5.0,11人觉得很下饭;口味正宗,最高28;12元;2元店铺红包;返2元红包;支持自取;线上开票,蜂鸟准时达,16.0,延静里西街16号嘉兴商务楼美食城内,116.47702214821506,39.91851116197333,3000,3529,,,33,北京建外SOHO东区_晚上_100,晚上,北京建外SOHO东区_晚上_wgs84.csv,1,0,0,food_court
1104312073,,TOP柠·手打柠檬茶,4.9,154人觉得味道不错;近7日890人下单,最高28;12元;支持自取;线上开票,蜂鸟准时达,,工人体育场北路8号三里屯SOHO6号商场负一层可味美食城门口水吧,116.44696900806495,39.930235062526194,3000,3654,,,46,北京建外SOHO东区_晚上_183,晚上,北京建外SOHO东区_晚上_wgs84.csv,1,1,0,food_court
317466130,,阿强烤冷面(第02号档口北京屯里时光美食城),4.6,口味正宗;673人觉得好吃,最高28;12元;满赠;支持自取;线上开票;售后无忧,蜂鸟准时达,17.0,工人体育场北路13号院世贸工三地下一层,116.44320045882117,39.93374214153817,1000,4175,,,39,北京建外SOHO东区_晚上_276,晚上,北京建外SOHO东区_晚上_wgs84.csv,1,1,0,food_court
20002072357,,禧味·黄焖鸡米饭(第9号档口渔美食城),4.1,口味正宗;17人觉得口感好,最高28;12元;线上开票;售后无忧,蜂鸟准时达,12.0,延静里甲16号楼1层102,116.4767290469918,39.91872231359854,300,3522,,,31,北京建外SOHO东区_晚上_304,晚上,北京建外SOHO东区_晚上_wgs84.csv,1,1,0,food_court
1042784131,品牌,花小小新疆炒米粉·烤包子(第1号档口大鱼美食城),4.9,近7日543人下单;24人觉得口感很好;回复超快,最高28;12元;1元店铺红包;优评领10元店铺券;集点返3元;满赠;支持自取,蜂鸟准时达,14.0,延静里甲16号楼1层102号,116.47678425106132,39.91870847221944,2000,3523,,,30,北京建外SOHO东区_晚上_313,晚上,北京建外SOHO东区_晚上_wgs84.csv,1,1,0,food_court
20024764282,,食饺纪(第2号档口海隆美食城),5.0,有里有面的水饺，面面俱到,最高28;12元;1元店铺红包;优评领2元店铺券;返2元红包;集点返3元;线上开票;售后无忧,蜂鸟准时达,20.0,工人体育场北路13号院海隆石油大厦1层1-01,116.44318127330712,39.93481506035051,100,4317,,,44,北京建外SOHO东区_晚上_314,晚上,北京建外SOHO东区_晚上_wgs84.csv,1,1,0,food_court
1103953414,,宽哥小份菜(第8号档口大成国际中心美食城),0.0,24人觉得味道不错,最高28;12元;透明餐厅;线上开票,蜂鸟准时达,18.0,东四环中路78号3层大成国际美食城,116.48661144642612,39.89823203757469,80,3646,,,41,北京建外SOHO东区_晚上_344,晚上,北京建外SOHO东区_晚上_wgs84.csv,1,1,0,food_court
1091236251,,野娃子·川味火锅拌,4.6,口味正宗;550人觉得好吃,最高28;12元;4元店铺红包;优评领5元店铺券;支持自取;线上开票;售后无忧,蜂鸟准时达,18.0,八里庄街道住邦2000商务楼2号楼负一层湘彤美食城,116.48901258528636,39.91390748480878,200,4073,,,58,北京建外SOHO东区_晚上_359,晚上,北京建外SOHO东区_晚上_wgs84.csv,1,1,0,food_court
593713068,,虎头军煎饼(呼家楼好世界美食城),4.8,102人觉得好吃,最高28;3元;支持自取;线上开票,蜂鸟准时达,19.0,东三环北路38号院4号楼-1层地生产经营场所,116.45680240763087,39.920041980299786,300,2005,,,30,北京建外SOHO东区_晚上_373,晚上,北京建外SOHO东区_晚上_wgs84.csv,1,0,0,food_court
1087710044,品牌,王大盒·猛火蛋炒饭·炒面·炒河粉(湘彤美食城第九档口),4.8,434人觉得好吃,最高28;12元;支持自取;线上开票,蜂鸟准时达,13.0,八里庄西里99号-1层-15,116.48874254369083,39.91405767557468,500,3958,,,44,北京建外SOHO东区_晚上_377,晚上,北京建外SOHO东区_晚上_wgs84.csv,1,1,0,food_court
20017112474,,香河肉饼·砂锅,4.8,一个饼承包一天的快乐,最高28;12元;首次光顾减1;关注3元运费券;优评领2元运费券;支持自取;线上开票;售后无忧,蜂鸟准时达,,住邦2000商务中心2号楼B1食味悠然美食城1号档口,116.48849160011528,39.91400293203127,56,3929,,,41,北京建外SOHO东区_晚上_424,晚上,北京建外SOHO东区_晚上_wgs84.csv,1,1,0,food_court
1093302431,品牌,农耕记·湖南土菜(第十档口今世鸿源美食城),5.0,近7日1109人下单;朝阳区湘菜回头客榜·第2名,最高28;12元;优评领3元店铺券;返3元红包;透明餐厅;支持自取;线上开票,蜂鸟准时达,23.0,高碑店乡半壁店村惠河南街1110号B座地下一层01号房,116.5049772950131,39.901872445181525,4000,4961,,,32,北京建外SOHO东区_晚上_425,晚上,北京建外SOHO东区_晚上_wgs84.csv,1,1,0,food_court
20009751036,,此生必吃的海鲜蟹黄捞面(第B9号档口海星食集美食城),5.0,24人觉得口感很好,最高28;12元;集点返5元;支持自取;线上开票;售后无忧,蜂鸟准时达,17.0,朝阳门外大街19号楼地下一层,116.43248965137543,39.92339732123919,2000,3725,,,36,北京建外SOHO东区_晚上_431,晚上,北京建外SOHO东区_晚上_wgs84.csv,1,1,0,food_court
20007372323,,淮南牛肉汤(朝阳门soho店),5.0,194人觉得好吃,最高28;12元;返2元红包;支持自取;线上开票;售后无忧,蜂鸟准时达,13.0,朝阳门内大街2号凯恒中心B1层美食城,116.42617370222209,39.92214017661573,1000,4379,,,39,北京建外SOHO东区_晚上_454,晚上,北京建外SOHO东区_晚上_wgs84.csv,1,1,0,food_court
20016748408,,云南生烫鲜牛肉过桥米线(第06号档口闪电厨房美食城),4.9,65人觉得味道不错,最高28;12元;1元店铺红包;优评领1元店铺券;返2元红包;集点返3元;支持自取;线上开票;售后无忧,蜂鸟准时达,,广渠门外大街8号C座1层C1-10室B号、C1-11室B号,116.45302437686432,39.89146322320119,1000,1846,,,29,北京建外SOHO东区_晚上_456,晚上,北京建外SOHO东区_晚上_wgs84.csv,1,1,0,food_court
1088887135,,京城麻辣爆肚(第8号档口爽新美食城),4.8,回复超快;72人觉得口感很好;近7日428人下单,最高28;12元;首次光顾减2;支持自取;线上开票;极速退;售后无忧,蜂鸟全城达,16.0,方庄芳群园二区28号楼28-2,116.42511770884188,39.86046369231524,1000,7286,,,35,北京建外SOHO东区_晚上_466,晚上,北京建外SOHO东区_晚上_wgs84.csv,1,1,0,food_court
1097293194,,隆江猪脚饭(第7号档口鸿源美食城),4.8,回复超快;近7日383人下单;182人觉得好吃,最高28;12元;2元店铺红包;首次光顾减1;优评领1元店铺券;透明餐厅;支持自取;线上开票;售后无忧,蜂鸟准时达,20.0,高碑店乡半壁店村惠河南街1110号B座地下一层01号房,116.50478960046917,39.90185489496137,1000,4944,,,32,北京建外SOHO东区_晚上_468,晚上,北京建外SOHO东区_晚上_wgs84.csv,1,1,0,food_court
20009788044,,烫三爷·云南鲜烫牛肉米线(第13号档口湘彤美食城),4.9,口味正宗;10人觉得口味正宗,最高28;12元;2元店铺红包;优评领3元店铺券;返2元红包;集点返4元;支持自取;线上开票;售后无忧,蜂鸟准时达,18.0,朝阳路八里庄西里99号-1层-105,116.48837917633443,39.91398759862541,800,3921,,,41,北京建外SOHO东区_晚上_473,晚上,北京建外SOHO东区_晚上_wgs84.csv,1,1,0,food_court
20010887053,,千韧·潮汕牛肉粿条·鲜牛肉粉(第1号档口今世鸿源美食城),4.9,回复超快;275人觉得好吃,最高28;12元;2元店铺红包;优评领2元店铺券;集点返5元;透明餐厅;支持自取;线上开票;售后无忧,蜂鸟准时达,17.0,高碑店乡半壁店村惠和南街1110号B座地下一层01号房,116.504680186528,39.90191657090266,1000,4935,,,37,北京建外SOHO东区_晚上_480,晚上,北京建外SOHO东区_晚上_wgs84.csv,1,1,0,food_court
20015204162,,赵一方河南大锅菜(第07号档口鸿悦美食城),4.9,口味正宗;61人觉得口感丰富,最高28;12元;集点返3元;透明餐厅;支持自取;线上开票,蜂鸟准时达,16.0,高碑店乡半壁店村惠河南街1110号B座地下一层01号房,116.50474744542244,39.90184277170341,1000,4940,,,39,北京建外SOHO东区_晚上_489,晚上,北京建外SOHO东区_晚上_wgs84.csv,1,1,0,food_court
1068709100,,一碗香●麻辣香锅●新鲜现炒(东直门第3档口禾香鼎盛美食城店),4.9,回复超快;近7日578人下单;东城区香锅·第2名,最高28;12元;线上开票;售后无忧,蜂鸟准时达,19.0,东直门外大街46号1号楼地下一层01-B101,116.43038440894672,39.93895544543622,2000,5841,,,43,北京建外SOHO东区_晚上_494,晚上,北京建外SOHO东区_晚上_wgs84.csv,1,1,0,food_court
20008906113,,农耕记·湖南土菜(第12档口淮河人家美食城),4.9,回复超快;10人觉得很下饭,11元无门槛(含新客补5);12元;58减3;98减6;168减8;208减12;268减15;3元店铺红包;返3元红包;支持自取;线上开票,蜂鸟准时达,23.0,西红门路6号1幢1层,116.35919740908568,39.79257045183181,1000,2983,15.0,0.4,28,北京新宫家园北区_中午_003,中午,北京新宫家园北区_中午_wgs84.csv,1,1,0,food_court
1092780304,品牌,农耕记·湖南土菜(第10号档口天美音乐美食城),5.0,35人觉得很下饭;近7日422人下单;回复超快,11元无门槛(含新客补5);12元;58减3;98减6;168减8;208减12;268减15;返3元红包;支持自取;线上开票,蜂鸟准时达,22.0,嘉园三里3号楼3-4幢-1层128号内126,116.35995660602084,39.84428269623854,1000,4380,20.0,0.8,49,北京新宫家园北区_中午_043,中午,北京新宫家园北区_中午_wgs84.csv,1,1,0,food_court
20004496216,品牌,麦田归来·国民拌饭·四季轻食(第二档口知赋科技美食城),5.0,121人觉得好吃,6.5元无门槛(含本店补0.5);12元;52减2;69减3;89减4;线上开票,蜂鸟准时达,17.0,赵村店路与草桥西路交叉口世界花卉大观园西区2号,116.34275709928782,39.83691927638535,800,5321,20.0,2.8,49,北京新宫家园北区_中午_090,中午,北京新宫家园北区_中午_wgs84.csv,1,1,0,food_court
20010375431,,十皇子炒饭·很哇塞的炒饼·炒面·炒粉(第五档口九州美食城),4.8,12人觉得口感很好,6元无门槛;12元;30减1;55减2;集点返3元,蜂鸟准时达,17.0,马家堡角门南路50号内7号,116.36869551175346,39.83847627398647,600,3664,0.0,2.3,43,北京新宫家园北区_中午_096,中午,北京新宫家园北区_中午_wgs84.csv,1,1,0,food_court
1095617277,,叫了只炸鸡(角门店),4.6,近7日312人下单;23人觉得口感不错,6元无门槛;45减3;65减5;85减8;100减10;2元店铺红包;支持自取,蜂鸟准时达,16.0,马家堡路73号院1号楼-101-8（7鲜负一层美食城）,116.37222020393988,39.8385726243552,1000,3907,20.0,0.0,54,北京新宫家园北区_中午_098,中午,北京新宫家园北区_中午_wgs84.csv,1,1,0,food_court
686204098,品牌,浦汀生煎·老上海味道(第5档口天美美食城),4.9,口味正宗;近7日312人下单;97人觉得口感很好,8元无门槛(含本店补2);2元店铺红包;优评领2元店铺券;支持自取,蜂鸟准时达,14.0,角门路16号院嘉园三里3号楼3-3幢1层、3-4幢-1层128号,116.35974496006386,39.84422198959568,1000,4422,25.0,0.0,43,北京新宫家园北区_中午_111,中午,北京新宫家园北区_中午_wgs84.csv,1,1,0,food_court
20017423015,,山东临沂铁锅炒鸡(第19档口万兴美食城),4.7,52人觉得好吃,8元无门槛(含本店补2);12元;48减1;68减2;128减3;优评领2元店铺券;集点返5元;线上开票,蜂鸟准时达,15.0,南三环西路78号,116.332371049707,39.843427819523136,400,5994,15.0,0.3,43,北京新宫家园北区_中午_141,中午,北京新宫家园北区_中午_wgs84.csv,1,1,0,food_court
20016023193,,饭大厨现炒家常菜(第4档口天奕美食城),0.0,"回味无穷,色香俱佳",6元无门槛;12元;40减2;65减3;88减5;128减10;首次光顾减2;返6元红包;集点返5元,蜂鸟准时达,,嘉园三里3号楼3-4幢-1层128号,116.35971301564122,39.84419703494162,46,4412,20.0,0.0,60,北京新宫家园北区_中午_163,中午,北京新宫家园北区_中午_wgs84.csv,1,1,0,food_court
20013465291,,千味徐州肉筋卷饼(第2号档口淮河人家美食城),4.8,22人觉得味道不错;回复超快,9元无门槛(含本店补3);40减1;50减2;70减3;关注0.9元商品券;集点返3元;售后无忧,蜂鸟准时达,12.0,西红门路6号1幢1层,116.35867129791072,39.79247819330085,400,2977,20.0,0.0,31,北京新宫家园北区_中午_191,中午,北京新宫家园北区_中午_wgs84.csv,1,1,0,food_court
235411096,品牌,煲仔皇腊味煲仔饭(第2号档口天外天美食城),5.0,576人觉得好吃,8元无门槛;12元;88减3;130减9;1元店铺红包;支持自取;线上开票,蜂鸟准时达,25.0,宏业路9号院9幢-1层-1419,116.3182097508431,39.78536819616125,700,6001,55.0,2.9,70,北京新宫家园北区_中午_201,中午,北京新宫家园北区_中午_wgs84.csv,1,1,0,food_court
20017132113,,北漂一族牛肉板面(第5档口好拾汇美食城),4.2,包装好评率100%,6元无门槛;12元;28减1;38减2;48减3;2元店铺红包;优评领1元商品券;售后无忧,蜂鸟准时达,,大红门西路19号,116.38087148483316,39.843051314712056,400,5120,15.0,0.0,48,北京新宫家园北区_中午_206,中午,北京新宫家园北区_中午_wgs84.csv,1,1,0,food_court
20012262197,,大东北土豆茄子饭(第10号档口万兴美食城),3.1,口味正宗;10人觉得口感丰富,8元无门槛(含本店补2);40减1;50减2;60减3;集点返5元;售后无忧,蜂鸟准时达,18.0,南三环西路78号四层(南侧),116.33252665137736,39.84380050415997,100,5972,20.0,1.5,46,北京新宫家园北区_中午_251,中午,北京新宫家园北区_中午_wgs84.csv,1,1,0,food_court
1090683470,,够粤·正宗隆江猪脚饭(第4号档口庖丁小厨美食城),5.0,回复超快;181人觉得好吃,7元起无门槛;12元;29减1;39减2;59减5;89减7;128减9;2元店铺红包;集点返3元;线上开票;售后无忧,蜂鸟全城达,14.0,南四环西路188号十七区19幢地下一层A04（园区）,116.28579779522592,39.82241462120193,1000,7781,50.0,9.6,55,北京新宫家园北区_中午_298,中午,北京新宫家园北区_中午_wgs84.csv,1,1,0,food_court
20018821394,,煲满意·香喷喷煲仔饭(第12号档口菜篮子美食城),4.9,141人觉得好吃,7元起无门槛(含本店补1);59减3;93减6;137减10;187减12;1元店铺红包;优评领2元店铺券;支持自取;线上开票,蜂鸟准时达,12.0,槐房西路318号院17号楼地下一层-1,116.36122401112912,39.80133298093936,3000,1754,20.0,0.0,25,北京新宫家园北区_中午_311,中午,北京新宫家园北区_中午_wgs84.csv,1,1,0,food_court
778251301,,祁姥姥家现熬疙瘩汤(第3档口天下膳食美食城),4.8,回复超快;338人觉得好吃;近7日417人下单,6元无门槛;12元;38减2;48减3;68减5;98减8;2元店铺红包;极速退;售后无忧,蜂鸟全城达,17.0,丰科路6号院4号楼3层3-322,116.29239850098988,39.82199664858034,1000,7261,40.0,9.8,55,北京新宫家园北区_中午_336,中午,北京新宫家园北区_中午_wgs84.csv,1,1,0,food_court
786856430,,黄佳味黄焖鸡米饭(第3档口档口万兴美食城),4.2,口味正宗;46人觉得口感不错,8元无门槛(含本店补2);12元;100减1;关注1.9元商品券;优评领2元店铺券;集点返5元;线上开票,蜂鸟准时达,10.0,南三环西路78号四层,116.33234710542284,39.843414865364046,900,5994,20.0,0.5,42,北京新宫家园北区_中午_371,中午,北京新宫家园北区_中午_wgs84.csv,1,1,0,food_court
1105382180,,回忆二厂.老饭盒(第8号档口好拾汇美食城),4.2,回复超快;近7日590人下单;540人觉得味道不错,7元无门槛(含本店补1);12元;50减2;75减5;95减8;128减10;188减18;返2元红包;集点返5元;满赠;支持自取,蜂鸟准时达,11.0,大红门西路19号一层18号,116.38069164715036,39.842820445945286,3000,5119,15.0,3.8,51,北京新宫家园北区_中午_374,中午,北京新宫家园北区_中午_wgs84.csv,1,1,0,food_court
20018885069,,麻不怕私家麻辣拌,4.3,回复超快;45人觉得好吃,7元无门槛(含本店补1);12元;36减2;46减3;66减6;首次光顾减1;优评领3元店铺券;售后无忧,蜂鸟准时达,19.0,角门东(地铁站)c口美食街区-美食达人美食城内,116.38071959485204,39.84306841251507,800,5121,15.0,0.1,53,北京新宫家园北区_中午_375,中午,北京新宫家园北区_中午_wgs84.csv,1,0,0,food_court
20000341472,,稻聚一阁·沂蒙山鲜炒鸡(第12号档口育龙美食城),4.8,口味正宗;20人觉得口感丰富,8元无门槛(含本店补2);12元;38减2;88减8;108减10;184减15;330减20;2元店铺红包;首次光顾减1;返2元红包;售后无忧,蜂鸟全城达,21.0,北京经济技术开发区(大兴)旧宫镇旧忠路9号2层08,116.44495290311646,39.80023804694843,1000,9415,35.0,8.0,50,北京新宫家园北区_中午_379,中午,北京新宫家园北区_中午_wgs84.csv,1,1,0,food_court
20009660442,,土家掉渣饼·酸辣粉(第6号档口轻音小酌美食城店),4.8,176人觉得好吃,12元无门槛(含本店补6);12元;2元店铺红包;集点返5元;支持自取;线上开票,蜂鸟准时达,14.0,嘉园路嘉园三里3号楼3-3幢、3-4幢-1层128号,116.35978590081837,39.84415993722758,1000,4428,20.0,0.0,54,北京新宫家园北区_中午_391,中午,北京新宫家园北区_中午_wgs84.csv,1,1,0,food_court
275170138,品牌,庆丰包子铺东高地美食城第1档口(北京东高地庆丰包子铺),4.6,45人觉得好吃,线上开票;售后无忧,蜂鸟准时达,22.0,北京是东高地南街6号-3商门,116.41191037975966,39.80362835468587,200,5807,24.0,7.0,42,北京新宫家园北区_中午_407,中午,北京新宫家园北区_中午_wgs84.csv,1,1,0,food_court
1099775097,,粤石磨肠粉王·粥·靓汤(第一档口天美音乐美食汇美食城),4.9,25人觉得味道正宗;口味正宗;近7日432人下单,6.5元无门槛(含本店补0.5);12元;27减1;48减3;68减5;首次光顾减2;优评领1元店铺券;集点返3元;售后无忧,蜂鸟准时达,11.0,嘉园三里3号楼3-4幢-1层128号内126,116.35980486594366,39.84418990942167,1000,4428,20.0,0.0,56,北京新宫家园北区_中午_411,中午,北京新宫家园北区_中午_wgs84.csv,1,1,0,food_court
20001379474,,千韧·潮汕牛肉粿条·鲜牛肉粉(第4号档口九州美食城店),4.5,23人觉得口感很棒,7元无门槛(含本店补1);12元;35减1;45减3;65减4;98减5;2元店铺红包;优评领2元店铺券;返2元红包;集点返5元,蜂鸟准时达,16.0,马家堡角门南路50号内7号,116.36863559152587,39.83845934066822,600,3660,20.0,0.0,37,北京新宫家园北区_中午_412,中午,北京新宫家园北区_中午_wgs84.csv,1,1,0,food_court
1064054363,,过桥米线(第2号档口齐福美食城),4.9,11人觉得口感好吃;回复超快,7元起无门槛(含新客补1);12元;41减2;60减5;85减7;2元店铺红包;优评领2元店铺券;集点返3元;满赠;支持自取,蜂鸟全城达,16.0,丰葆路19号地下一层,116.2838974662872,39.816989685469736,400,7704,35.0,7.8,54,北京新宫家园北区_中午_439,中午,北京新宫家园北区_中午_wgs84.csv,1,1,0,food_court
20002033015,,潼十三潼关肉夹馍(第3号档口盒马鲜生美食城),5.0,包装好评率100%,8元无门槛(含本店补2);28减2;69减4;96减7;118减9;3元店铺红包;返3元红包;透明餐厅;支持自取;极速退;售后无忧,蜂鸟全城达,,永定门外大街101号1，2，3楼甲101号楼百荣世贸商城二层盒马鲜生,116.3907147570562,39.85850800541435,57,7387,35.0,12.4,65,北京新宫家园北区_中午_486,中午,北京新宫家园北区_中午_wgs84.csv,1,1,0,food_court
1065460484,,水煮诱惑(第4号档口上可味美食城),5.0,23人觉得口感丰富,7元老朋友补贴;最高28;22减4;38减6;2元店铺红包;夜宵100减30;售后无忧,蜂鸟准时达,15.0,宏业路9号院9幢-1411号上可美食城,116.31771883502672,39.78565511228058,700,6001,15.0,2.6,35,北京新宫家园北区_宵夜_004,宵夜,北京新宫家园北区_宵夜_wgs84.csv,1,1,0,food_court
20008395388,,西城沁汁坊|炒肝包子,4.9,27人觉得口感好;夜宵热搜,7元老朋友补贴;最高28;12元;38减1;68减2;夜宵100减30;支持自取;线上开票;极速退,蜂鸟准时达,15.0,马家堡路角门南路50九州美食城,116.36852673227922,39.83846445986435,2000,3651,22.0,0.0,38,北京新宫家园北区_宵夜_013,宵夜,北京新宫家园北区_宵夜_wgs84.csv,1,0,0,food_court
20012512378,,麦香铁锅焖面·蛋炒饭(第7号档口菜篮子美食城),4.9,77人觉得好吃,7元老朋友补贴;最高28;30减1;42减3;77减7;155减12;200减20;1元店铺红包;支持自取;售后无忧,蜂鸟准时达,12.0,槐房西路318号院17号楼地下一层-1,116.36124498243042,39.8012969559385,1000,1759,0.0,5.9,20,北京新宫家园北区_宵夜_015,宵夜,北京新宫家园北区_宵夜_wgs84.csv,1,1,0,food_court
20001863436,品牌,万家早安.品致早餐(第三档口角门万利街美食城),4.9,189人觉得好吃;夜宵热搜,7元老朋友补贴;最高28;12元;35减2;49减5;89减11;夜宵58减21;售后无忧,蜂鸟准时达,16.0,马家堡路73号院1号楼-101-1,116.3718506551854,39.8383659990674,2000,3939,26.0,2.4,42,北京新宫家园北区_宵夜_017,宵夜,北京新宫家园北区_宵夜_wgs84.csv,1,1,0,food_court
1070544460,品牌,Obligi Chicken韩式炸鸡(第2号档口淮河美食城),5.0,268人觉得好吃;大兴区炸鸡类小吃热销榜·第3名,7元老朋友补贴;最高28;12元;40减1;60减2;70减3;1元店铺红包;夜宵100减30;优评领10元店铺券;返2元红包;集点返5元;满赠;支持自取;线上开票;极速退;售后无忧,蜂鸟准时达,12.0,西红门路6号1幢1层,116.3588290301675,39.79250797001775,1000,2981,0.0,1.0,27,北京新宫家园北区_宵夜_020,宵夜,北京新宫家园北区_宵夜_wgs84.csv,1,1,0,food_court
20020945307,,驻京拌干拌烤鸭(北京角门西店第六号档口天奕美食城),4.8,94人觉得味道不错,7元老朋友补贴;最高28;12元;49减2;79减3;2元店铺红包;夜宵58减21;关注1.9元商品券;优评领1元店铺券;返2元红包;集点返4元;支持自取;售后无忧,蜂鸟准时达,15.0,嘉园三里3号楼3-4幢-1层128号,116.35989472208628,39.844164787959706,1000,4429,80.0,0.0,36,北京新宫家园北区_宵夜_024,宵夜,北京新宫家园北区_宵夜_wgs84.csv,1,1,0,food_court
20013214127,,肉夹馍火烧(第17号档口菜篮子美食城),4.8,14人觉得味道不错,7元老朋友补贴;最高28;35减2;58减5;88减7;120减10;2元店铺红包;夜宵100减30;支持自取;售后无忧,蜂鸟准时达,13.0,槐房西路318号院17号楼地下一层-1,116.36134689829444,39.80068686937563,1000,1822,20.0,0.0,20,北京新宫家园北区_宵夜_025,宵夜,北京新宫家园北区_宵夜_wgs84.csv,1,1,0,food_court
1104266009,品牌,花小小新疆炒米粉·烤包子(第1号档口新宫美食街美食城),4.9,回复超快;240人觉得好吃;近7日398人下单,7元老朋友补贴;最高28;30减1;48减2;68减3;88减4;夜宵100减30;优评领10元店铺券;集点返3元;线上开票,蜂鸟准时达,15.0,槐房西路316号院2号楼3015号,116.36229363997276,39.80681914653874,1000,1298,0.0,1.0,20,北京新宫家园北区_宵夜_038,宵夜,北京新宫家园北区_宵夜_wgs84.csv,1,1,0,food_court
414034021,品牌,Obligi Chicken韩式炸鸡(马家堡九州美食城第九号档口店),4.9,近7日645人下单;回复超快,7元老朋友补贴;最高28;38减1;48减2;65减3;2元店铺红包;夜宵100减30;优评领3元店铺券;集点返3元;满赠,蜂鸟准时达,12.0,马家堡角门南路50号内7号,116.36844983385237,39.83845354521758,2000,3643,0.0,1.4,34,北京新宫家园北区_宵夜_040,宵夜,北京新宫家园北区_宵夜_wgs84.csv,1,1,0,food_court
20005182050,,蛙得发·成都排队王·城都魏美蛙鱼头火锅(第6号档口淮河人家美食城),4.6,24人觉得好吃,7元老朋友补贴;最高28;12元;38减2;48减3;68减5;88减8;2元店铺红包;夜宵58减21;优评领6元店铺券;返2元红包;集点返3元;支持自取;售后无忧,蜂鸟准时达,45.0,西红门路6号1幢1层,116.35881409713956,39.79217601888638,100,3017,0.0,0.0,20,北京新宫家园北区_宵夜_044,宵夜,北京新宫家园北区_宵夜_wgs84.csv,1,1,0,food_court
20015645367,,稻香源东北米线黄焖鸡(第一号档口好食汇美食城),4.8,30人觉得味道不错,7元老朋友补贴;最高28;12元;99减7;121减8;152减9;188减13;238减14;2元店铺红包;夜宵58减21;支持自取;线上开票,蜂鸟准时达,12.0,城南嘉园益城园16号楼商业02二层1808-F2-B028-3物美超市2楼。收银出口处。,116.3629623975238,39.83218048486851,200,2696,20.0,0.0,24,北京新宫家园北区_宵夜_067,宵夜,北京新宫家园北区_宵夜_wgs84.csv,1,1,0,food_court
20019185493,,麦特派·汉堡(第19档口万兴美食城),4.7,63人觉得好吃,7元老朋友补贴;最高28;12元;49减3;59减5;88减8;1元店铺红包;夜宵58减21;首次光顾减1;优评领2元店铺券;集点返5元;支持自取;售后无忧,蜂鸟准时达,11.0,南三环西路78号四层,116.33238202668376,39.843413799727706,1000,5996,20.0,1.6,36,北京新宫家园北区_宵夜_096,宵夜,北京新宫家园北区_宵夜_wgs84.csv,1,1,0,food_court
20018684223,,烤鱼工房·只做活鱼 右安门(第1档口右安门美食城),5.0,包装好评率100%,7元老朋友补贴;最高28;12元;160减3;180减5;228减10;358减20;408减30;10元店铺红包;首次光顾减10;优评领10元店铺券;返20元红包;集点返50元;满赠;极速退;售后无忧,商家自配送,100.0,右安门外大街2号楼C段-2F2-01、02、03、04、05、08,116.35979196288667,39.86722462245582,54,7229,0.0,0.0,58,北京新宫家园北区_宵夜_099,宵夜,北京新宫家园北区_宵夜_wgs84.csv,1,1,0,food_court
20000093379,品牌,花小小新疆炒米粉·烤包子(第7档口食味天街美食城),4.8,101人觉得好吃;回复超快,7元老朋友补贴;最高28;35减1;55减2;75减3;95减4;1元店铺红包;夜宵100减30;优评领10元店铺券;返3元红包;集点返3元;满赠,蜂鸟准时达,14.0,马家堡西路15号1层101内1339-F1-A003-6,116.3647310600082,39.84560343146348,2000,4087,20.0,1.3,34,北京新宫家园北区_宵夜_103,宵夜,北京新宫家园北区_宵夜_wgs84.csv,1,1,0,food_court
20007369079,,望京秘制烧烤,5.0,41人觉得好吃,7元老朋友补贴;最高28;12元;38减1;68减5;98减10;128减15;168减25;3元店铺红包;夜宵100减30;首次光顾减1;支持自取;线上开票,蜂鸟准时达,27.0,马家堡路73号院1号楼101-2地下一层7鲜美食城,116.37220621686438,39.83859663645039,100,3913,20.0,0.0,28,北京新宫家园北区_宵夜_129,宵夜,北京新宫家园北区_宵夜_wgs84.csv,1,1,0,food_court
523928043,品牌,Obligi Chicken韩式炸鸡(第9档口万兴大厦爱尚食客美食城),4.8,近7日358人下单;554人觉得好吃,7元老朋友补贴;最高28;38减1;48减2;65减3;1元店铺红包;夜宵58减21;返3元红包,蜂鸟准时达,11.0,南三环西路78号四层(南侧),116.3328998102362,39.84379680341075,1000,5953,0.0,3.0,33,北京新宫家园北区_宵夜_135,宵夜,北京新宫家园北区_宵夜_wgs84.csv,1,1,0,food_court
20016242325,,南城·排骨の黄焖鸡米饭(第15档口万兴美食城),4.8,口味正宗;10人觉得味道很棒,7元老朋友补贴;最高28;12元;58减1;92减2;138减3;1元店铺红包;夜宵100减30;优评领1元店铺券;返3元红包;集点返5元,蜂鸟准时达,15.0,南三环西路78号四层,116.33239300340996,39.84340177981174,89,5996,15.0,0.0,38,北京新宫家园北区_宵夜_168,宵夜,北京新宫家园北区_宵夜_wgs84.csv,1,1,0,food_court
20020131150,,滋滋爆·爆汁烤冷面(第3档口美食达人美食城),4.4,29人觉得好吃;北京南站小吃·上榜好店,7元老朋友补贴;最高28;12元;35减1;55减3;85减5;125减8;优评领3元店铺券;返2元红包,蜂鸟准时达,18.0,大红门西路19号一层18号,116.38105031607247,39.84335118121431,100,5277,20.0,6.4,33,北京新宫家园北区_宵夜_207,宵夜,北京新宫家园北区_宵夜_wgs84.csv,1,1,0,food_court
1072110024,,MAMA法式披萨·焗饭·意面(大兴区星厨美食城第1号档口),4.9,近7日979人下单;92人觉得口感好吃,7元老朋友补贴;最高28;12元;79减3;99减5;190减10;2元店铺红包;夜宵58减21;首次光顾减1;集点返3元;满赠;支持自取;线上开票;极速退;售后无忧,商家自配送,,黄村镇兴丰大街二段72号,116.33225411987183,39.74962784960233,3000,9682,0.0,0.0,61,北京新宫家园北区_宵夜_221,宵夜,北京新宫家园北区_宵夜_wgs84.csv,1,1,0,food_court
20015149476,,呷掌柜·可乐话梅排骨饭(第2档口矫矫饭饭美食城店),5.0,91人觉得好吃,7元老朋友补贴;最高28;12元;55减1;88减4;1元店铺红包;夜宵100减30;优评领20元店铺券;集点返3元;满赠;支持自取;售后无忧,蜂鸟准时达,12.0,春和路50号院春和路50号院生产经营场所:101幢-1层-1-11,116.35196910630712,39.76993121681654,900,5940,120.0,1.8,33,北京新宫家园北区_宵夜_241,宵夜,北京新宫家园北区_宵夜_wgs84.csv,1,1,0,food_court
1112643216,,湘当馋臭豆腐·烤冷面(第22档口好拾汇美食城),4.8,近7日440人下单;回复超快;237人觉得好吃,7元老朋友补贴;最高28;3元;28减1;48减3;65减4;85减6;105减10;1元店铺红包;返3元红包;集点返5元;线上开票,蜂鸟准时达,19.0,大红门西路19号一层18号,116.38081553263652,39.84299935419045,1000,5255,20.0,2.8,41,北京新宫家园北区_宵夜_242,宵夜,北京新宫家园北区_宵夜_wgs84.csv,1,1,0,food_court
648259030,品牌,太太好粥(第一档口单多多美食城),4.8,回复超快;近7日507人下单,7元老朋友补贴;最高28;49减2;69减5;89减7;2元店铺红包;夜宵100减30;首次光顾减1;支持自取;线上开票,蜂鸟全城达,14.0,兴华路206号4层4007,116.32671596063888,39.75573071954221,2000,9036,35.0,12.3,45,北京新宫家园北区_宵夜_243,宵夜,北京新宫家园北区_宵夜_wgs84.csv,1,1,0,food_court
20015047405,,瀚牛嫩牛五方·意面(第5档口-好拾汇美食城店),4.6,32人觉得味道不错,7元老朋友补贴;最高28;3元;38减1;58减2;78减3;100减4;夜宵58减21;支持自取,蜂鸟准时达,16.0,大红门西路19号(角门东地铁站C东南口旁),116.38078154057152,39.843134368068576,300,5132,20.0,3.8,41,北京新宫家园北区_宵夜_267,宵夜,北京新宫家园北区_宵夜_wgs84.csv,1,1,0,food_court
1111608201,,卷饼王炸串(第9号档口好拾汇美食城),4.7,59人觉得好吃,7元老朋友补贴;最高28;12元;35减2;55减4;68减6;夜宵100减30;返6元红包,蜂鸟准时达,14.0,大红门西路19号一层18号,116.38064965490088,39.84300546217779,500,5118,25.0,3.9,42,北京新宫家园北区_宵夜_296,宵夜,北京新宫家园北区_宵夜_wgs84.csv,1,1,0,food_court
251926114,,帝衡云南过桥米线烤肉饭(第6号档口燕平美食城),4.8,近7日725人下单;2391人觉得好吃,7元老朋友补贴;最高28;12元;58减1;1元店铺红包;夜宵100减30;优评领1元店铺券;集点返3元;支持自取;线上开票;极速退;售后无忧,蜂鸟准时达,12.0,东高地20栋东侧平,116.4146601766445,39.80401640817554,2000,6004,65.0,3.8,41,北京新宫家园北区_宵夜_298,宵夜,北京新宫家园北区_宵夜_wgs84.csv,1,1,0,food_court
20014665049,,鲁味炒鸡(第3档口本味美食城),4.8,口味正宗;31人觉得口感丰富,7元老朋友补贴;最高28;30减1;60减8;100减15;夜宵100减30;首次光顾减1;支持自取,蜂鸟准时达,24.0,宏业路9号院9幢-1层-1314,116.31727777469938,39.786177911428666,800,5923,15.0,0.0,32,北京新宫家园北区_宵夜_314,宵夜,北京新宫家园北区_宵夜_wgs84.csv,1,1,0,food_court
650006236,品牌,融柳·大铁牛螺蛳粉(第1号档口天外天美食城),4.7,36人觉得味道很正宗;口味正宗,7元老朋友补贴;最高28;68减1;98减3;夜宵58减21;关注2元商品券;售后无忧,蜂鸟准时达,12.0,宏业路9号院9幢-1层-1-1419,116.3180330666372,39.78606647360797,900,5912,0.0,5.8,33,北京新宫家园北区_宵夜_317,宵夜,北京新宫家园北区_宵夜_wgs84.csv,1,1,0,food_court
1089353239,,粤石磨肠粉王·靓粥·汤(第4档口谷谷乐美食城)(丰葆路19号地下一层),4.8,近7日454人下单;回复超快;20人觉得口感棒棒哒,7元老朋友补贴;4元;35减3;48减5;68减6;78减8;99减10;2元店铺红包;夜宵58减21;关注6元商品券;集点返5元;线上开票;极速退;售后无忧,蜂鸟全城达,11.0,丰葆路19号地下一层,116.28384555477491,39.81692176223898,1000,7714,35.0,9.8,42,北京新宫家园北区_宵夜_318,宵夜,北京新宫家园北区_宵夜_wgs84.csv,1,1,0,food_court
249062236,品牌,小恒水饺(大兴枣园店单多多美食城第六档口),4.9,49人觉得口感佳;大兴区饺子热销榜·上榜好店,7元老朋友补贴;最高28;12元;38减1;48减2;70减3;100减4;1元店铺红包;夜宵58减21;优评领3元店铺券;返2元红包;线上开票,蜂鸟全城达,15.0,兴华路206号4层4007,116.32691054632748,39.75548037342526,900,9039,50.0,10.8,41,北京新宫家园北区_宵夜_327,宵夜,北京新宫家园北区_宵夜_wgs84.csv,1,1,0,food_court
20011645318,,老六广西老友粉,5.0,80人觉得好吃,7元老朋友补贴;最高28;12元;35减1;55减2;88减3;夜宵100减30;返2元红包;集点返8元;支持自取,蜂鸟准时达,12.0,角门南路50号九州美食城,116.3684977774627,39.83840549542808,800,3647,20.0,0.0,37,北京新宫家园北区_宵夜_332,宵夜,北京新宫家园北区_宵夜_wgs84.csv,1,0,0,food_court
1112727243,品牌,刘七爷炭烤排骨·烧烤(淮河人家美食城第六档口),5.0,71人觉得好吃,7元老朋友补贴;最高28;12元;88减2;118减3;158减5;188减6;218减10;1元店铺红包;优评领3元店铺券;集点返5元;满赠;售后无忧,蜂鸟准时达,32.0,西红门路6号1幢1层,116.35887196378673,39.79246591358755,100,2986,38.0,0.0,20,北京新宫家园北区_宵夜_335,宵夜,北京新宫家园北区_宵夜_wgs84.csv,1,1,0,food_court
1086515291,,炭小生烧烤(寻味美食广场第2档口店),5.0,近7日464人下单;回复超快;985人觉得好吃,7元老朋友补贴;最高28;6元;68减1;100减2;138减5;198减10;258减18;夜宵58减21;首次光顾减2;优评领2元店铺券;线上开票;售后无忧,蜂鸟全城达,24.0,丽园路9号1层118,116.3250874837397,39.74944052142991,2000,9928,50.0,8.8,45,北京新宫家园北区_宵夜_346,宵夜,北京新宫家园北区_宵夜_wgs84.csv,1,1,0,food_court
1077154079,,李记麻辣香锅,5.0,517人觉得好吃,7元老朋友补贴;最高28;12元;40减10;68减16;88减23;128减35;158减40;3元店铺红包;夜宵100减30;优评领3元店铺券;返3元红包;集点返5元;线上开票;售后无忧,蜂鸟准时达,26.0,马家堡街道角门南路50号九州美食城,116.36852673227922,39.83846445986435,500,3651,20.0,0.0,25,北京新宫家园北区_宵夜_371,宵夜,北京新宫家园北区_宵夜_wgs84.csv,1,0,0,food_court
20000920308,,沂蒙山鲜炒鸡(第A16号档口胜拓美食城),4.9,口味正宗;335人觉得口感丰富,7元老朋友补贴;最高28;38减1;68减2;夜宵58减21;支持自取;线上开票;售后无忧,蜂鸟全城达,19.0,南四环西路188号十七区19幢地下一层101,116.28579577632571,39.82259261171129,900,7871,35.0,6.8,42,北京新宫家园北区_宵夜_419,宵夜,北京新宫家园北区_宵夜_wgs84.csv,1,1,0,food_court
20010606432,,정멍치킨·正萌炸鸡(第九号档口谷谷乐美食城),4.8,97人觉得好吃,7元老朋友补贴;最高28;78减3;98减7;128减9;夜宵100减30;返2元红包;集点返5元;支持自取;线上开票;售后无忧,蜂鸟全城达,22.0,丰葆路19号地下一层正萌炸鸡(谷谷乐美食城店),116.28385154839972,39.81689875560376,1000,7714,35.0,6.8,50,北京新宫家园北区_宵夜_423,宵夜,北京新宫家园北区_宵夜_wgs84.csv,1,1,0,food_court
1069295439,品牌,捞力王·捞汁小海鲜·辣卤海鲜·清蒸海鲜(第九档口星厨美食城),5.0,218人觉得好吃,7元老朋友补贴;最高28;12元;58减1;88减3;128减5;168减8;2元店铺红包;夜宵58减21;首次光顾减1;支持自取;线上开票,商家自配送,28.0,黄村镇兴丰大街二段72号,116.33236492893916,39.74915769272911,500,9660,88.0,11.0,54,北京新宫家园北区_宵夜_476,宵夜,北京新宫家园北区_宵夜_wgs84.csv,1,1,0,food_court
20024000006,,金手勺东北菜(第22号档口天美美食城),5.0,357人觉得口感丰富;口味正宗,最高28;12元;40减2;65减4;100减6,蜂鸟准时达,23.0,嘉园三里三号楼天美音乐美食汇,116.35970602977082,39.8441760458047,1000,4412,20.0,0.0,41,北京新宫家园北区_晚上_008,晚上,北京新宫家园北区_晚上_wgs84.csv,1,1,0,food_court
20025666091,,东北火精品家常菜·东北菜(第20档口万兴美食城),5.0,24人觉得口感丰富,最高28;12元;28减1;55减3;88减6;118减10;158减16;2元店铺红包;首次光顾减3;优评领3元店铺券;返10元红包;集点返5元;极速退;售后无忧,蜂鸟准时达,21.0,南三环西路78号四层(南侧),116.332360032213,39.84376381976508,200,5973,20.0,0.0,31,北京新宫家园北区_晚上_049,晚上,北京新宫家园北区_晚上_wgs84.csv,1,1,0,food_court
264117209,,美吉特炸鸡汉堡(角门店),4.9,回复超快;38人觉得口感不错;近7日417人下单,最高28;12元;33减2;55减5;88减8;2元店铺红包;优评领2元店铺券;返2元红包;集点返3元;极速退;售后无忧,蜂鸟准时达,15.0,马家堡角门南路50号内7号（九州美食城）,116.36844983385237,39.83845354521758,1000,3643,20.0,0.0,33,北京新宫家园北区_晚上_129,晚上,北京新宫家园北区_晚上_wgs84.csv,1,0,0,food_court
20004063487,品牌,共禾之约·创意轻食(第三档口知赋科技美食城),5.0,119人觉得好吃,最高28;12元;43减3;55减5;72减8;2元店铺红包;售后无忧,蜂鸟准时达,23.0,角门路世界花卉大观园西区2号,116.34275709928782,39.83691927638535,100,5321,20.0,4.3,33,北京新宫家园北区_晚上_134,晚上,北京新宫家园北区_晚上_wgs84.csv,1,1,0,food_court
236097450,品牌,曼玲粥(第9号档口爱尚食客美食城),4.8,609人觉得好吃,最高28;35减1;45减2;2元店铺红包;优评领2元店铺券;集点返3元;支持自取;线上开票,蜂鸟准时达,14.0,南三环西路78号四层美食城,116.3323510966608,39.843412857976894,1000,5994,30.0,4.5,31,北京新宫家园北区_晚上_167,晚上,北京新宫家园北区_晚上_wgs84.csv,1,1,0,food_court
20014937116,,佼佼者大馅水饺(第6号档口天美音乐美食城),0.0,有里有面的水饺，面面俱到,最高28;12元,蜂鸟全城达,,嘉园三里3号楼3-4幢-1层128号,116.35979387278589,39.84427791914445,800,4417,30.0,4.6,39,北京新宫家园北区_晚上_251,晚上,北京新宫家园北区_晚上_wgs84.csv,1,1,0,food_court
20021073494,,欣欣炒饭·铁板现炒,5.0,73人觉得好吃,最高28;12元;45减1;66减2;88减5;110减7;2元店铺红包;返2元红包;集点返3元;售后无忧,蜂鸟准时达,11.0,大红门西路19号一层18号美食达人美食城,116.38073858978832,39.84299740443809,800,5118,15.0,3.7,38,北京新宫家园北区_晚上_269,晚上,北京新宫家园北区_晚上_wgs84.csv,1,0,0,food_court
1075745127,,哈尔滨饺子馆(风味2北京星臣世纪便利店有限公司),4.9,114人觉得好吃,最高28;50减5;80减8;100减10;2元店铺红包;支持自取;线上开票;售后无忧,蜂鸟准时达,14.0,马家堡东路101号院阳光花园底商星臣超市美食城,116.37609342995609,39.84400579389385,800,4834,20.0,0.1,38,北京新宫家园北区_晚上_276,晚上,北京新宫家园北区_晚上_wgs84.csv,1,0,0,food_court
1100899460,品牌,麦稻中式健康菜·绝无预制菜(第5档口惠民美食城),4.9,42人觉得口感好;回复超快;近7日1185人下单,最高28;12元;32减2;38减3;58减4;108减8;200减15;1元店铺红包;支持自取,蜂鸟全城达,19.0,花乡纪家庙168号,116.31986013546508,39.83986396300206,5000,6418,35.0,7.0,36,北京新宫家园北区_晚上_280,晚上,北京新宫家园北区_晚上_wgs84.csv,1,1,0,food_court
20005043393,品牌,嘎嘎好吃东北老饭盒(第6号档口惠民美食城),4.8,口味正宗;丰台区东北菜·第4名;25人觉得口味正宗,最高28;12元;58减1;88减2;108减3;2元店铺红包,蜂鸟全城达,20.0,花乡纪家庙168号,116.31985215564195,39.83984897927684,2000,6418,35.0,7.0,36,北京新宫家园北区_晚上_305,晚上,北京新宫家园北区_晚上_wgs84.csv,1,1,0,food_court
1098081128,品牌,奉天熏六记·熏拌鸡架(第6档口寻味美食城),5.0,口味正宗;大兴区卤味熟食热销榜·第1名,最高28;12元;39减6;59减10;79减18;99减27;129减35;2元店铺红包;满赠;线上开票,蜂鸟全城达,18.0,丽园路9号1层118,116.32504953859208,39.74969756608052,1000,9956,50.0,10.8,52,北京新宫家园北区_晚上_364,晚上,北京新宫家园北区_晚上_wgs84.csv,1,1,0,food_court
1081141217,,赌上厨师职业生涯的炒饭!锄禾蛋炒饭·炒面炒粉(第9号档口胜拓美食城),4.9,狼垡桥米饭快餐·第4名;近7日617人下单,最高28;12元;48减2;58减3;68减4;100减8;线上开票,蜂鸟全城达,13.0,南四环西路188号十七区19幢地下一层101,116.2860743398581,39.82248521849088,2000,7810,45.0,10.8,42,北京新宫家园北区_晚上_387,晚上,北京新宫家园北区_晚上_wgs84.csv,1,1,0,food_court
20012257109,,东北大饭包·鸡西大冷面(第5号档口天外天美食城),2.9,10人觉得味道很赞,最高28;12元;39减5;59减10;集点返5元;支持自取,蜂鸟准时达,17.0,宏业路9号院9幢-1层-1419,116.31805601452142,39.786064429775415,81,5912,15.0,4.7,39,北京新宫家园北区_晚上_480,晚上,北京新宫家园北区_晚上_wgs84.csv,1,1,0,food_court
1095219468,品牌,麦稻中式健康菜·绝无预制菜(第T1档口中食365美食城店),4.8,44人觉得清淡;近7日949人下单,30减1;38减3;58减4;108减8;200减12;返2元红包;线上开票,蜂鸟准时达,18.0,望京西园三区312号楼312-2(南侧部分),116.47230300245651,39.99861058495216,5000,548,22.0,0.0,20,北京望京SOHO_中午_007,中午,北京望京SOHO_中午_wgs84.csv,1,1,0,food_court
20021834174,,乐仔烧腊·烧鸭·猪脚饭(第1档口浣熊食堂美食城),4.8,14人觉得好吃,38减1;46减2;55减3;集点返5元;透明餐厅;支持自取;线上开票;售后无忧,蜂鸟准时达,19.0,望京街9号商业楼4层4012-4017、4020、4021、4023、4079-4081、4083、4084、4087-4094、4097、4098、4100-4103、4105-4110、4181-4185,116.4784738082146,39.98809056252024,600,1242,15.0,0.0,29,北京望京SOHO_中午_008,中午,北京望京SOHO_中午_wgs84.csv,1,1,0,food_court
531877493,品牌,麦田归来·国民拌饭·四季轻食(望京第21档口芳宇满溢美食城),5.0,回复超快;301人觉得口感好吃,最高28;21元;52减2;69减3;89减4;1元店铺红包;优评领3元店铺券;线上开票,蜂鸟准时达,17.0,南湖东园122楼-1层B1-05(部分),116.46065861554466,40.00094032988545,6000,1848,15.0,0.0,24,北京望京SOHO_中午_037,中午,北京望京SOHO_中午_wgs84.csv,1,1,0,food_court
1080084381,,人民公社东北菜,4.5,口味正宗;1232人觉得味道不错,最高28;21元;35减1;58减2;88减6;1元店铺红包;支持自取;线上开票;售后无忧,蜂鸟准时达,11.0,望京东园一区120号楼（新荟城5楼美食城）,116.47616009059315,39.997742517678304,3000,360,25.0,0.0,22,北京望京SOHO_中午_047,中午,北京望京SOHO_中午_wgs84.csv,1,0,0,food_court
20021127335,,大东北·土豆茄子饭(第10号档口百分百美食城),5.0,19人觉得很下饭,最高28;21元;28减1;38减2;58减5;2元店铺红包;返2元红包;集点返3元;支持自取;线上开票,蜂鸟准时达,13.0,酒仙桥路23号,116.48314492274164,39.966369037731646,2000,3671,15.0,0.0,38,北京望京SOHO_中午_049,中午,北京望京SOHO_中午_wgs84.csv,1,1,0,food_court
1055089401,品牌,花小小新疆炒米粉(第6号档口中食美食城),4.9,回复超快;279人觉得口感好吃;近7日964人下单,最高28;21元;35减1;55减2;75减3;95减4;优评领10元店铺券;集点返3元;满赠;线上开票;售后无忧,蜂鸟准时达,14.0,望京西园三区312号楼312-2(南侧部分),116.47229092604954,39.998874539965946,4000,576,0.0,0.0,20,北京望京SOHO_中午_076,中午,北京望京SOHO_中午_wgs84.csv,1,1,0,food_court
659687221,品牌,一碗香●麻辣香锅●新鲜现炒(第1档口中食安康美食城店),4.8,154人觉得口感很好;近7日399人下单,最高28;21元;59减3;85减5;99减6;3元店铺红包;支持自取;线上开票,蜂鸟准时达,19.0,阜通西大街望京西园四区416号楼1层104,116.4666204744474,39.99474817848942,1000,1074,20.0,0.0,24,北京望京SOHO_中午_086,中午,北京望京SOHO_中午_wgs84.csv,1,1,0,food_court
20000610010,,津卫·天津煎饼果子(第8号档口中食三六五美食城),5.0,194人觉得好吃;回复超快,最高28;21元;26减2;49减6;89减14;159减28;线上开票;售后无忧,蜂鸟准时达,15.0,望京西园三区312号楼地下一层,116.47200693057496,39.998697754981336,2000,561,20.0,0.0,20,北京望京SOHO_中午_094,中午,北京望京SOHO_中午_wgs84.csv,1,1,0,food_court
20020714087,,张炒炒家常土菜馆·无预制菜(第4档口中食三六五美食城),4.9,13人觉得很下饭;回复超快,最高28;21元;48减2;68减4;98减6;2元店铺红包;优评领3元店铺券;返2元红包;集点返5元;线上开票;售后无忧,蜂鸟准时达,18.0,望京西园三区312号楼312-2(南侧部分）,116.47200693057496,39.998697754981336,2000,561,20.0,0.0,20,北京望京SOHO_中午_102,中午,北京望京SOHO_中午_wgs84.csv,1,1,0,food_court
1095846355,,老东北砂锅米线(第6号档口禾香鼎盛美食城),4.4,62人觉得口感很好;近7日714人下单,最高28;21元;30减2;55减5;100减6;120减8;2元店铺红包;支持自取;线上开票;售后无忧,蜂鸟准时达,10.0,望京街9号望京坊万科时代中心F座负一层美食城里,116.47702141917324,39.98838837271973,3000,1148,0.0,0.0,26,北京望京SOHO_中午_106,中午,北京望京SOHO_中午_wgs84.csv,1,1,0,food_court
20004200086,,东北·手工水饺(第8号档口望京美食城),4.9,35人觉得口感好;回复超快,最高28;21元;60减5;100减8;500减50;线上开票,蜂鸟准时达,10.0,望京西园三区312号楼312-2(南侧部分),116.47224881140832,39.99858443471991,1000,543,20.0,0.0,20,北京望京SOHO_中午_116,中午,北京望京SOHO_中午_wgs84.csv,1,1,0,food_court
1098723212,,农耕记·湖南土菜(第4档口万榕美食城),4.9,回复超快;277人觉得口感丰富;近7日390人下单,最高28;21元;58减3;98减6;168减8;208减12;268减15;返3元红包;支持自取;线上开票,蜂鸟准时达,22.0,望京花园101号楼,116.46202434034556,40.00715155419107,1000,2378,15.0,0.0,30,北京望京SOHO_中午_117,中午,北京望京SOHO_中午_wgs84.csv,1,1,0,food_court
20014569457,,半亩良田排骨米饭(第10档口浣熊食堂美食城),5.0,162人觉得好吃,最高28;21元;45减4;68减6;102减8;136减10;集点返3元;透明餐厅;支持自取;线上开票;售后无忧,蜂鸟准时达,12.0,望京街9号商业楼4层4012-4017、4020、4021、4023、4079-4081,116.47812950422122,39.98834955903892,800,1091,0.0,0.0,29,北京望京SOHO_中午_123,中午,北京望京SOHO_中午_wgs84.csv,1,1,0,food_court
20017652351,,FreshJuice(第8号档口欢乐美厨美食城),4.1,奶茶果汁一杯 快乐起飞,最高28;21元;线上开票,蜂鸟准时达,19.0,望京东园一区120号楼-2至6层101内五层5F-6b,116.47640200574236,39.99750821860212,100,365,20.0,0.0,20,北京望京SOHO_中午_129,中午,北京望京SOHO_中午_wgs84.csv,1,1,0,food_court
20019703108,,胖大厨东北快餐(第3号档口禾香鼎盛美食城),4.9,361人觉得味道不错;口味正宗;回复超快,最高28;21元;38减1;58减2;108减3;2元店铺红包;首次光顾减3;支持自取;线上开票,蜂鸟准时达,10.0,望京街9号商业楼-1层07、08、10、31、33、35、45,116.4766741725776,39.98816438734595,2000,1355,0.0,0.0,29,北京望京SOHO_中午_154,中午,北京望京SOHO_中午_wgs84.csv,1,1,0,food_court
20014332119,,林记臭豆腐·烤冷面(第12档口沃德美食城店),4.9,95人觉得好吃;口味正宗;回复超快,最高28;21元;28减1;45减3;58减5;88减8;128减12;1元店铺红包;首次光顾减1;优评领1元店铺券;返2元红包;集点返5元;线上开票;极速退;售后无忧,蜂鸟准时达,15.0,酒仙桥东路18号1号楼地下室一层102,116.49398308343665,39.97328093043571,1000,3754,23.0,0.3,32,北京望京SOHO_中午_162,中午,北京望京SOHO_中午_wgs84.csv,1,1,0,food_court
20007873389,,好哥俩东北菜(第33号档口欢乐美厨美食城),4.9,29人觉得口感丰富;口味正宗,最高28;21元;线上开票;售后无忧,蜂鸟准时达,11.0,望京东园一区120号楼5层美食城,116.47601357340088,39.99759210598152,300,446,20.0,0.0,23,北京望京SOHO_中午_178,中午,北京望京SOHO_中午_wgs84.csv,1,1,0,food_court
20016320478,,哈尔滨土豆炖茄子·绝无预制菜(第3档口芳宇满溢美食城),4.7,64人觉得口感丰富;口味正宗,最高28;21元;33减1;53减2;93减4;3元店铺红包;返3元红包;线上开票,蜂鸟准时达,18.0,南湖东园122楼-1层B1-05(部分),116.46070679507984,40.00076945971383,500,1841,20.0,0.3,25,北京望京SOHO_中午_219,中午,北京望京SOHO_中午_wgs84.csv,1,1,0,food_court
240170357,,双盈云南过桥米线(第8号档口芳宇满溢美食城),4.7,14人觉得口感非常好;近7日420人下单;回复超快,最高28;21元;60减10;100减20;线上开票;售后无忧,蜂鸟准时达,17.0,南湖东园122楼-1层B1-05(部分),116.46064961855794,40.00068231811219,1000,1814,15.0,0.0,24,北京望京SOHO_中午_236,中午,北京望京SOHO_中午_wgs84.csv,1,1,0,food_court
20020047282,品牌,曼玲粥(第2号档口食欢乐美厨美食城),4.9,270人觉得好吃;回复超快,最高28;21元;32减1;45减2;2元店铺红包;优评领2元店铺券;集点返3元;支持自取;线上开票;极速退,蜂鸟准时达,13.0,望京东园一区120号楼-2至6层101内五层 5F-6b,116.47638294681344,39.99742116782837,3000,356,20.0,0.0,20,北京望京SOHO_中午_252,中午,北京望京SOHO_中午_wgs84.csv,1,1,0,food_court
20005744093,,则卷家·隆江猪脚饭(第2号档口沃德中心美食城),4.9,24人觉得口感好,最高28;21元;29减1;39减2;59减3;99减6;169减10;2元店铺红包;首次光顾减1;优评领5元店铺券;返2元红包;集点返3元;支持自取;线上开票;极速退;售后无忧,蜂鸟准时达,11.0,酒仙桥东路18号1号楼地下室一层102,116.49358356095442,39.973324736544,2000,3759,15.0,0.0,36,北京望京SOHO_中午_258,中午,北京望京SOHO_中午_wgs84.csv,1,1,0,food_court
20000592328,,叫了只炸鸡(望京店),4.4,300人觉得好吃;回复超快,最高28;21元;45减2;65减5;85减8;100减10;2元店铺红包;线上开票;售后无忧,蜂鸟准时达,14.0,望京东园一区120号楼-2至6层101号一层1F47（1楼欢乐美厨美食城店）,116.47651134972044,39.99796151193717,1000,513,20.0,0.0,20,北京望京SOHO_中午_273,中午,北京望京SOHO_中午_wgs84.csv,1,0,0,food_court
20012318362,,甄鲜煲现烧·肉蟹煲·鸡爪煲(第4档口百分百美食城),4.7,口味正宗;18人觉得好吃,最高28;21元;88减3;158减5;首次光顾减1;线上开票,蜂鸟准时达,26.0,酒仙桥路23号1栋1-106,116.4832984945089,39.96640548725556,300,3669,15.0,0.0,28,北京望京SOHO_中午_276,中午,北京望京SOHO_中午_wgs84.csv,1,1,0,food_court
20002396423,,山东大煎饼(第4号档口天北优鲜美食城店),0.0,包装好评率100%,最高28;21元;60减1;100减3;支持自取;线上开票;售后无忧,蜂鸟准时达,17.0,湖光北街9号地下一层天北优鲜,116.45718650821912,40.000312691976816,87,2229,20.0,0.0,26,北京望京SOHO_中午_279,中午,北京望京SOHO_中午_wgs84.csv,1,1,0,food_court
20023670104,,食夫指·手撕烤鸭(第9号档口中食美食城),4.9,包装好评率100%,最高28;21元;50减5;60减6;70减8;80减10;100减15;优评领2元店铺券;集点返5元;线上开票;售后无忧,蜂鸟准时达,20.0,望京西园三区312号楼-01层312-2内05号,116.47200693057496,39.998697754981336,500,561,15.0,0.0,20,北京望京SOHO_中午_292,中午,北京望京SOHO_中午_wgs84.csv,1,1,0,food_court
20019669346,,费师傅·地道湖南菜(第15档口芳宇满溢美食城),4.4,76人觉得口感丰富,最高28;12元;39减1;59减2;99减4;3元店铺红包;线上开票,蜂鸟准时达,18.0,南湖东园122楼-1层B1-05(部分),116.46070277445888,40.0008284469546,1000,1845,20.0,0.3,27,北京望京SOHO_中午_306,中午,北京望京SOHO_中午_wgs84.csv,1,1,0,food_court
20019919125,,带你去吃佳木斯拌饭锅包肉冷面(第1号档口谋食玛特美食城),4.8,39人觉得好吃;中央公园面馆回头客榜·上榜好店,最高28;21元;48减2;69减3;99减5;2元店铺红包;集点返3元;线上开票,蜂鸟准时达,13.0,广顺南大街16号院1号楼-1层-101内075-3号,116.47459392296211,39.98542457781986,600,1615,0.0,0.0,25,北京望京SOHO_中午_316,中午,北京望京SOHO_中午_wgs84.csv,1,1,0,food_court
20002830192,,秦记源·翘脚牛肉(望京店),4.9,35人觉得爱吃,最高28;21元;23减2;45减5;80减7;2元店铺红包;返2元红包;集点返5元;支持自取;线上开票;极速退;售后无忧,蜂鸟准时达,22.0,望京西园三区312号地下一层美食城,116.47212535593458,39.99868808570242,1000,560,20.0,0.0,20,北京望京SOHO_中午_350,中午,北京望京SOHO_中午_wgs84.csv,1,1,0,food_court
20020782004,,谷米中华牛肉瓦锅饭(第5号档口百分百美食城),5.0,15人觉得很下饭,最高28;21元;38减1;58减2;80减3;108减4;138减5;2元店铺红包;首次光顾减2;线上开票;售后无忧,蜂鸟准时达,23.0,酒仙桥路23号,116.48333262297542,39.96640258761542,200,3671,0.0,0.0,35,北京望京SOHO_中午_414,中午,北京望京SOHO_中午_wgs84.csv,1,1,0,food_court
1058797450,,先锋板面(第9号档口芳宇满溢美食城),0.0,14人觉得好吃,最高28;21元;60减1;100减3;支持自取;线上开票;售后无忧,蜂鸟准时达,,望京街道广顺北大街南湖东园122楼-1层B1-05(部分),116.46059842039928,40.000923177679866,49,1844,20.0,3.8,24,北京望京SOHO_中午_416,中午,北京望京SOHO_中午_wgs84.csv,1,1,0,food_court
20013699167,,Daoshang8°韩式炸鸡(第9号档口百分百美食城),4.3,14人觉得很好吃,最高28;21元;29减1;45减2;65减3;85减4;关注4.8元商品券;返2元红包;集点返4元;线上开票,蜂鸟准时达,10.0,酒仙桥路23号1栋1-106,116.48333262297542,39.96640258761542,300,3671,15.0,1.3,35,北京望京SOHO_中午_432,中午,北京望京SOHO_中午_wgs84.csv,1,1,0,food_court
1061088267,品牌,醉面·肉酱面牛肉面(第12档口西麦郎美食城),4.9,16人觉得口感很好;酒仙桥面馆回头客榜·第5名,最高28;21元;50减1;80减2;100减3;优评领3元店铺券;线上开票;售后无忧,蜂鸟准时达,18.0,酒仙桥路39号1幢-1至6层101内-1层A01室,116.48907902223374,39.960748807684936,400,4442,20.0,1.1,32,北京望京SOHO_中午_436,中午,北京望京SOHO_中午_wgs84.csv,1,1,0,food_court
238690009,品牌,CoCo都可(久隆店),5.0,近7日364人下单;138人觉得口感醇厚,最高28;49减1;69减3;200减10;10元店铺红包;线上开票,蜂鸟准时达,10.0,酒仙桥路39号久隆百货地下1层西麦郎美食城,116.48925870148462,39.960765341478464,1000,4458,20.0,1.3,29,北京望京SOHO_中午_441,中午,北京望京SOHO_中午_wgs84.csv,1,1,0,food_court
20004190251,,蔬小碗中式健康菜·营养餐(第3号档口文嘉膳缘美食城店),4.7,13人觉得清淡;回复超快,最高28;21元;35减2;68减3;105减5;158减8;1元店铺红包;线上开票,蜂鸟准时达,20.0,大屯小营路6号道尔泰农贸市场东区二层F-702（蜜雪冰城旁边入口上二楼）,116.42057446716152,39.9950235147531,2000,5538,30.0,4.7,43,北京望京SOHO_中午_454,中午,北京望京SOHO_中午_wgs84.csv,1,1,0,food_court
20022178085,,灶花台·地锅花卷鸡·排骨饭(第8档口文嘉膳缘美食城),5.0,回复超快,最高28;21元;48减1;68减2;2元店铺红包;返2元红包;线上开票,蜂鸟准时达,18.0,大屯小营路6号道尔泰农贸市场东区二层F-702,116.4205113537335,39.99519743920372,4000,5542,35.0,4.7,37,北京望京SOHO_中午_456,中午,北京望京SOHO_中午_wgs84.csv,1,1,0,food_court
20022428061,,福气多多面馆(道尔泰美食城第11号档口店),4.7,16人觉得味道不错,最高28;21元;38减2;58减5;78减8;98减10;3元店铺红包;优评领3元店铺券;返3元红包;集点返5元;线上开票;售后无忧,蜂鸟准时达,11.0,小营路6号,116.4196030794323,39.99508548180205,400,5619,15.0,3.5,35,北京望京SOHO_中午_464,中午,北京望京SOHO_中午_wgs84.csv,1,1,0,food_court
20013182252,,蟹小哥·肉蟹煲·鸡爪煲(第1号档口聚惠源美食城),4.3,56人觉得好吃,最高28;21元;58减2;100减8;198减15;1元店铺红包;首次光顾减1;关注1元商品券;集点返3元;支持自取;线上开票;售后无忧,蜂鸟准时达,23.0,大山子窑地村(粮店)2幢平房,116.49657621143945,39.987067109395625,500,2540,15.0,0.4,26,北京望京SOHO_中午_471,中午,北京望京SOHO_中午_wgs84.csv,1,1,0,food_court
1087589418,,东北大爷·奉天熏拌鸡架(第5号档口英尚美食城),4.9,口味正宗;近7日828人下单;53人觉得口感绝佳,最高28;21元;28减1;39减2;59减5;89减10;139减13;2元店铺红包;优评领5元店铺券;返2元红包;集点返3元;支持自取;线上开票;售后无忧,蜂鸟全城达,13.0,左家庄东里3号楼5层101部分,116.44007284958236,39.955115227721336,3000,6125,35.0,5.0,35,北京望京SOHO_中午_486,中午,北京望京SOHO_中午_wgs84.csv,1,1,0,food_court
20008794368,,孔雀记忆PHO越南粉·咖喱饭(第6号档口中食三六五美食城),5.0,56人觉得很好吃,最高28;21元;48减1;75减3;120减5;2元店铺红包;返2元红包;集点返5元;支持自取;线上开票;极速退;售后无忧,蜂鸟准时达,,望京西园三区312号楼312-2(南侧部分),116.47211332223006,39.99861305532514,100,549,15.0,0.0,20,北京望京SOHO_中午_507,中午,北京望京SOHO_中午_wgs84.csv,1,1,0,food_court
542524240,,香河肉饼(第5号档口哈拿美食城),5.0,13人觉得口感很好;回复超快,最高28;21元;2元店铺红包;支持自取;线上开票;售后无忧,蜂鸟准时达,14.0,广顺北大街星源国际222号楼地下一层,116.46222276227086,40.00109932946315,1000,1719,20.0,3.8,24,北京望京SOHO_中午_512,中午,北京望京SOHO_中午_wgs84.csv,1,1,0,food_court
20025066061,,粤茗客茶点·港式茶餐厅(第1档口美逸堂食美食城),5.0,,12元起无门槛(含新客补6.5);13元;88减2;158减5;208减8;5元店铺红包;返2元红包;集点返5元;线上开票,蜂鸟准时达,28.0,望京西园三区312号楼-01层312-2内05号,116.4721705606564,39.99834722637235,400,784,20.0,1.8,20,北京望京SOHO_宵夜_005,宵夜,北京望京SOHO_宵夜_wgs84.csv,1,1,0,food_court
1109347290,品牌,锦州烧烤(第3号档口中食安康美食城),5.0,1019人觉得好吃;夜宵热搜,3元;48减2;98减5;158减8;228减12;2元店铺红包;首次光顾减1;返5元红包;集点返5元;线上开票;极速退;售后无忧,商家自配送,23.0,望京西园四区416号楼一层104,116.46668978700524,39.994165388960496,1000,1042,20.0,0.0,35,北京望京SOHO_宵夜_020,宵夜,北京望京SOHO_宵夜_wgs84.csv,1,1,0,food_court
434984014,,老金记炸货铺酒仙桥店(第一档口老金记严选美食城),5.0,87人觉得好吃,6元起无门槛(含本店补0.5);13元;68减3;128减13;2元店铺红包;优评领5元店铺券;集点返5元;线上开票;售后无忧,蜂鸟准时达,28.0,酒仙桥路1号1层6号（宇飞牛肉面旁边）,116.4832388666358,39.98568954012829,300,1484,30.0,4.8,29,北京望京SOHO_宵夜_027,宵夜,北京望京SOHO_宵夜_wgs84.csv,1,1,0,food_court
372046090,品牌,Obligi Chicken韩式炸鸡(第6号档口望京苏京缘美食城),5.0,3864人觉得好吃;回复超快;近7日575人下单,7.5元起无门槛(含本店补2);13元;38减1;48减2;65减3;3元店铺红包;优评领3元店铺券;返2元红包;集点返3元;满赠;线上开票;售后无忧,蜂鸟准时达,13.0,望京西园四区416号楼一层104,116.46658435065967,39.99474108189462,2000,1074,0.0,3.5,21,北京望京SOHO_宵夜_041,宵夜,北京望京SOHO_宵夜_wgs84.csv,1,1,0,food_court
1103000355,,深夜暖胃养生汤(第16号档口聚惠源美食城),4.9,77人觉得味道不错,7.5元起无门槛(含本店补2);13元;35减1;45减2;65减3;2元店铺红包;首次光顾减1;集点返5元;线上开票;售后无忧,商家自配送,21.0,酒仙桥北路酒仙桥北路北窑村2幢,116.4965470966482,39.98710302112382,300,2540,20.0,0.0,46,北京望京SOHO_宵夜_050,宵夜,北京望京SOHO_宵夜_wgs84.csv,1,1,0,food_court
383023342,,京渝麻辣香锅(第2号档口美临美食城),5.0,6160人觉得好吃,12元起无门槛(含新客补6.5);13元;32减1;45减2;65减3;88减5;118减8;首次光顾减2;支持自取;线上开票;售后无忧,蜂鸟准时达,24.0,望京商业街9号商业楼2层宜度船美食城内,116.4781445311764,39.988577592942896,500,1075,20.0,4.1,34,北京望京SOHO_宵夜_051,宵夜,北京望京SOHO_宵夜_wgs84.csv,1,1,0,food_court
20016858379,品牌,朴正喜韩式炸鸡·火鸡面(第3号档口食宝汇美食城),4.8,227人觉得好吃,11.5元起无门槛(含新客补6);13元;48减2;68减3;88减4;2元店铺红包;首次光顾减1;优评领4元店铺券;返2元红包;集点返3元;透明餐厅;线上开票;售后无忧,蜂鸟准时达,16.0,望京街9号商业楼4层 4012-4017、4020、4021、4023 4084 4087- 4079-4081，4083. 4094、4097、 4098、4100-4103. 4105-4110、4181-4185,116.4784738082146,39.98809056252024,800,1242,0.0,2.2,26,北京望京SOHO_宵夜_052,宵夜,北京望京SOHO_宵夜_wgs84.csv,1,1,0,food_court
20020303396,,港粤茶点·肠粉·炒粉·粥(第11档口熊猫星厨美食城),4.9,63人觉得口感丰富,7.5元起无门槛(含本店补2);13元;35减1;68减3;88减5;128减8;3元店铺红包;优评领3元店铺券;返3元红包;集点返5元;支持自取;线上开票,蜂鸟准时达,20.0,广顺北大街与望京北路交叉口西南120米熊猫星厨美食城,116.4606345581184,40.00870492950487,2000,2644,30.0,3.6,35,北京望京SOHO_宵夜_068,宵夜,北京望京SOHO_宵夜_wgs84.csv,1,1,0,food_court
20020886364,,滋滋爆·爆汁烤冷面(第10号档口熊猫星厨美食城),4.5,40人觉得好吃,7.5元起无门槛(含本店补2);13元;35减1;55减3;85减5;125减7;返2元红包;线上开票,蜂鸟准时达,18.0,广顺北大街17号2层02层A40,116.4604839955988,40.009254522788176,500,2706,20.0,5.3,34,北京望京SOHO_宵夜_097,宵夜,北京望京SOHO_宵夜_wgs84.csv,1,1,0,food_court
288159391,品牌,万家早安·品致早餐(第21档口酒仙桥美食城),4.8,口味正宗;54人觉得口感很好;近7日529人下单,5.5元起无门槛;13元;35减2;49减5;89减11;1元店铺红包,蜂鸟准时达,13.0,酒仙桥东路18号1号楼地下室一层102,116.49392987323472,39.97334676903896,2000,3759,21.0,6.0,61,北京望京SOHO_宵夜_108,宵夜,北京望京SOHO_宵夜_wgs84.csv,1,1,0,food_court
906894078,,滨家美食川菜家常菜(第3号档口蒸维鲜美食城),4.8,702人觉得口感丰富;近7日363人下单;回复超快,7.5元起无门槛(含本店补2);13元;30减1;50减5;75减10;100减22;150减28;2元店铺红包;支持自取;线上开票;售后无忧,蜂鸟准时达,20.0,西坝河东里2号院5号楼1至2层商业05（5#）,116.44544027681204,39.96627642367712,1000,4552,20.0,9.1,37,北京望京SOHO_宵夜_129,宵夜,北京望京SOHO_宵夜_wgs84.csv,1,1,0,food_court
20023117416,,味道百分百番茄炖牛腩(第9档口芳宇美食城),4.8,46人觉得好吃;回复超快,6.5元起无门槛(含本店补1);13元;线上开票;售后无忧,蜂鸟准时达,11.0,南湖东园122楼-1层B1-05(部分),116.46107897870604,40.00108239441867,400,1915,22.0,8.5,34,北京望京SOHO_宵夜_133,宵夜,北京望京SOHO_宵夜_wgs84.csv,1,1,0,food_court
1095314258,品牌,麦稻中式健康菜·绝无预制菜(第1号档口香禾谷美食城),4.7,2868人觉得好吃;近7日1598人下单,6.5元起无门槛;13元;30减1;35减2;58减4;108减8;200减15;首次光顾减1;线上开票,蜂鸟全城达,18.0,东三环北路丙2号,116.45357614658776,39.95415990623789,8000,6357,35.0,13.5,54,北京望京SOHO_宵夜_146,宵夜,北京望京SOHO_宵夜_wgs84.csv,1,1,0,food_court
1018048201,品牌,曼玲粥店(第5档口四海凯悦美食城),4.8,回复超快;1270人觉得好吃;近7日913人下单,8.5元起无门槛(含新客补3);13元;32减1;45减2;2元店铺红包;优评领2元店铺券;返6元红包;集点返3元;支持自取;线上开票,蜂鸟全城达,12.0,慧忠北里105号楼(一层107、109、122、124、A段地下一层),116.40159088891733,40.004696582333935,3000,7882,50.0,12.1,50,北京望京SOHO_宵夜_150,宵夜,北京望京SOHO_宵夜_wgs84.csv,1,1,0,food_court
1063743184,,望京烧烤·海鲜·小龙虾(第2号档口食欢乐美食城),5.0,745人觉得好吃,7.5元起无门槛(含本店补2);13元;118减5;158减6;258减10;1元店铺红包;首次光顾减1;线上开票;售后无忧,商家自配送,16.0,阜安东路望京园609号楼2层218,116.47060222510125,39.988315290970384,300,1407,19.0,0.0,34,北京望京SOHO_宵夜_153,宵夜,北京望京SOHO_宵夜_wgs84.csv,1,1,0,food_court
20000423079,品牌,花小小新疆炒米粉·烤包子(第3档口上麒麟美食城),5.0,10人觉得辣的过瘾,6.5元无门槛(含本店补1);13元;30减1;48减2;68减3;88减4;优评领10元店铺券;集点返3元;满赠;线上开票;售后无忧,蜂鸟全城达,15.0,崔各庄乡京旺家园三区5号楼底商独栋5门一至二层,116.523166383421,40.009444146611976,1000,6087,60.0,11.0,33,北京望京SOHO_宵夜_163,宵夜,北京望京SOHO_宵夜_wgs84.csv,1,1,0,food_court
707728050,品牌,曼玲粥·沁汁包(三元桥第B6号档口口福居美食城),4.9,回复超快;391人觉得好吃;近7日836人下单,8.5元起无门槛(含新客补3);13元;32减1;45减2;2元店铺红包;优评领2元店铺券;集点返3元;支持自取;线上开票,蜂鸟全城达,14.0,霄云路35号5号楼,116.45630324349644,39.95657231142616,3000,5757,35.0,15.7,68,北京望京SOHO_宵夜_167,宵夜,北京望京SOHO_宵夜_wgs84.csv,1,1,0,food_court
20019115333,,一碗吃到爽!喷香炒饭卖爆了漫香牛(第3档口胜安途美食城店),5.0,101人觉得好吃;回复超快,5.5元起无门槛;13元;35减1;45减2;65减5;95减8;关注0元商品券;支持自取;线上开票;极速退;售后无忧,蜂鸟准时达,11.0,酒仙桥东路18号1号楼地下室一层102,116.49390270221168,39.97389366618876,2000,3642,0.0,6.5,55,北京望京SOHO_宵夜_176,宵夜,北京望京SOHO_宵夜_wgs84.csv,1,1,0,food_court
234795154,品牌,曼玲粥·馅饼(和平里第14档口联航美食城),4.9,回复超快;57人觉得好喝;近7日903人下单,8.5元起无门槛(含新客补3);13元;32减1;45减2;2元店铺红包;优评领2元店铺券;集点返3元;支持自取;线上开票,蜂鸟全城达,14.0,和平里东街11号创新楼B座B1-A9号(地下1层),116.4136504368476,39.95072186452565,3000,8598,50.0,15.5,79,北京望京SOHO_宵夜_179,宵夜,北京望京SOHO_宵夜_wgs84.csv,1,1,0,food_court
939745163,品牌,曼玲粥·馅饼(第6号档口木洲生活美食城),4.8,回复超快;近7日633人下单;222人觉得好吃,8.5元起无门槛(含新客补3);13元;32减1;45减2;2元店铺红包;优评领2元店铺券;集点返3元;支持自取;线上开票,蜂鸟全城达,12.0,北三环东路17号对面16幢2层201室,116.4042527486781,39.96826687222664,2000,8196,50.0,15.5,70,北京望京SOHO_宵夜_190,宵夜,北京望京SOHO_宵夜_wgs84.csv,1,1,0,food_court
20001695496,品牌,箐筳·荷叶烤鸡(第1号档口安贞桥美食城),5.0,25人觉得口感好,7.5元起无门槛(含本店补2);13元;55减2;75减3;100减5;1元店铺红包;满赠;线上开票,蜂鸟全城达,17.0,惠新里16楼东(北影粮店)内（良焰烧酒屋内直走谢尔比烤鸡旁）,116.41755312905929,39.98106502377257,2000,6586,60.0,13.5,66,北京望京SOHO_宵夜_202,宵夜,北京望京SOHO_宵夜_wgs84.csv,1,1,0,food_court
371963446,品牌,Obligi Chicken韩式炸鸡(第16号档口口福居美食城),4.8,近7日380人下单;1483人觉得好吃,8.5元起无门槛(含新客补3);13元;38减1;48减2;65减3;2元店铺红包;首次光顾减1;返3元红包;满赠,蜂鸟全城达,10.0,霄云路35号5号楼口福居3层食九局美食城,116.45655304567497,39.95641992359544,1000,5748,35.0,11.7,67,北京望京SOHO_宵夜_243,宵夜,北京望京SOHO_宵夜_wgs84.csv,1,1,0,food_court
20015669144,,胡同李碳烤肋排香烤鸡(第6号档口聚惠源美食城),4.8,88人觉得好吃,8.5元起无门槛(含新客补3);13元;58减2;88减3;128减5;158减7;3元店铺红包;返3元红包;线上开票;售后无忧,商家自配送,26.0,大山子窑地村（粮店）2幢平房,116.4965521218911,39.98705303815702,400,2534,45.0,3.0,43,北京望京SOHO_宵夜_253,宵夜,北京望京SOHO_宵夜_wgs84.csv,1,1,0,food_court
20002357483,品牌,奈喜乐·分子果汁(三元桥店),5.0,89人觉得好吃;回复超快;夜宵热搜,7.5元起无门槛(含本店补2);13元;40减2;60减3;80减8;100减10;200减15;优评领1元店铺券;返3元红包;支持自取;线上开票;售后无忧,蜂鸟全城达,12.0,霄云美食城,116.45476353290007,39.95604763531399,4000,6010,35.0,14.5,65,北京望京SOHO_宵夜_262,宵夜,北京望京SOHO_宵夜_wgs84.csv,1,0,0,food_court
1063779379,品牌,融柳·大铁牛螺蛳粉(第六档口新亿美食城店),4.8,回复超快;173人觉得味道正宗;近7日481人下单,6.5元起无门槛(含本店补1);13元;68减1;98减3;关注2元商品券;集点返3元;线上开票;售后无忧,蜂鸟全城达,14.0,青年路西里3号院10号楼-1层B1-15,116.5102257092283,39.933214395283024,2000,9250,50.0,17.3,73,北京望京SOHO_宵夜_269,宵夜,北京望京SOHO_宵夜_wgs84.csv,1,1,0,food_court
20022296037,,粤茗客茶点·港式茶餐厅(第8号档口食味坊美食城),4.9,回复超快;351人觉得口感丰富;口味正宗,10.5元起无门槛(含新客补5);13元;88减2;158减5;208减8;235减10;5元店铺红包;返2元红包;集点返5元;满赠;线上开票;售后无忧,蜂鸟全城达,33.0,安定门东大街28号1号楼地下一层D区,116.41425351630464,39.94734347303472,5000,8790,79.0,12.7,47,北京望京SOHO_宵夜_310,宵夜,北京望京SOHO_宵夜_wgs84.csv,1,1,0,food_court
20024262450,,乡村人家·现炒私房菜(第8档口中食安美食城),4.9,28人觉得好吃;回复超快,7.5元起无门槛(含本店补2);13元;28减1;38减2;48减3;58减5;关注6.8元商品券;返1.1元红包;线上开票;售后无忧,蜂鸟准时达,17.0,望京西园三区312号楼-01层312-2内05号,116.47203101894809,39.998680822869865,400,697,20.0,2.0,20,北京望京SOHO_宵夜_311,宵夜,北京望京SOHO_宵夜_wgs84.csv,1,1,0,food_court
709420025,,爱上虾蟹情大闸蟹小龙虾(第36号档口天融美食城),4.8,14人觉得口感佳,9.5元起无门槛(含本店补4);13元;2元店铺红包;支持自取;线上开票;售后无忧,商家自配送,49.0,来广营乡红军营村53号2层西北角,116.43007341431456,40.02842722483914,200,7043,40.0,4.2,59,北京望京SOHO_宵夜_315,宵夜,北京望京SOHO_宵夜_wgs84.csv,1,1,0,food_court
20022430062,,THE 817 BURGER美式汉堡(第2号档口芳宇满溢美食城),5.0,93人觉得好吃,10.5元起无门槛(含本店补5);13元;40减1;52减2;60减5;70减8;80减10;关注1元商品券;线上开票;售后无忧,蜂鸟准时达,18.0,南湖东园122楼-1层B1-05(部分),116.46107897870604,40.00108239441867,900,1915,20.0,3.3,33,北京望京SOHO_宵夜_332,宵夜,北京望京SOHO_宵夜_wgs84.csv,1,1,0,food_court
674066089,,独一处干锅排骨牛腩锅(望京店),5.0,380人觉得好吃,9.5元起无门槛(含本店补4);13元;80减5;150减10;200减12;首次光顾减5;线上开票;售后无忧,商家自配送,44.0,望京商业街9号商业楼2层宜度船美食城内,116.47833824826763,39.98856315198285,74,1060,0.0,5.2,48,北京望京SOHO_宵夜_333,宵夜,北京望京SOHO_宵夜_wgs84.csv,1,0,0,food_court
813822401,,闽粤海鲜·蒸汽麻辣小海鲜(第18号档口新亿美食城),4.7,321人觉得好吃,9.5元起无门槛(含本店补4);13元;60减3;100减6;198减8;388减15;2元店铺红包;支持自取;线上开票;售后无忧,商家自配送,47.0,青年路国美第一城3号院新亿美食城,116.51058300470886,39.933211422361424,700,9246,88.0,3.0,71,北京望京SOHO_宵夜_342,宵夜,北京望京SOHO_宵夜_wgs84.csv,1,1,0,food_court
831241059,,蓝鲸鱼海鲜大排档(第12号档口新亿美食城),4.9,146人觉得好吃,9.5元起无门槛(含本店补4);13元;60减4;120减6;200减10;2元店铺红包;支持自取;线上开票;售后无忧,商家自配送,45.0,青年路国美第一城3号院新亿美食城,116.51053288679164,39.93269429912479,300,9306,88.0,15.0,62,北京望京SOHO_宵夜_356,宵夜,北京望京SOHO_宵夜_wgs84.csv,1,1,0,food_court
1102783114,,永顺炸鸡(第H9号档口道尔泰美食城),4.7,15人觉得香味扑鼻而来;回复超快,7.5元起无门槛(含本店补2);13元;36减2;46减4;56减6;66减8;86减10;1元店铺红包;支持自取;线上开票;极速退;售后无忧,蜂鸟全城达,22.0,小营路6号道尔泰美食城,116.41975025103288,39.99535262394825,500,5615,35.0,8.7,57,北京望京SOHO_宵夜_388,宵夜,北京望京SOHO_宵夜_wgs84.csv,1,1,0,food_court
20021547158,,新湘轩·湘菜(第9档口中食安康美食城),5.0,辣得有滋有味,7.5元起无门槛(含本店补2);13元;98减3;198减6;298减9;10元店铺红包;首次光顾减1;返10元红包;集点返5元;支持自取;线上开票,蜂鸟准时达,,望京西园四区416号楼一层104,116.46660944984208,39.99464115341458,46,1074,0.0,0.0,22,北京望京SOHO_宵夜_392,宵夜,北京望京SOHO_宵夜_wgs84.csv,1,1,0,food_court
20000239003,,蛙得发·成都排队王·城都魏美蛙鱼头火锅(第1档口天欣海博美食城),5.0,17人觉得口感不错,13.5元起无门槛;13元;39减1;99减5;169减7;2元店铺红包;首次光顾减2;优评领5元店铺券;集点返6元;支持自取;线上开票;售后无忧,商家自配送,54.0,安华西里1区12号楼京客隆安华店地下,116.39562164557086,39.96559259223744,200,9051,0.0,6.0,68,北京望京SOHO_宵夜_407,宵夜,北京望京SOHO_宵夜_wgs84.csv,1,1,0,food_court
607471044,,本味屋日料寿司(第16号档口食全星厨美食城),5.0,621人觉得味道不错;回复超快,10.5元起无门槛(含本店补5);13元;69减2;89减3;129减5;2元店铺红包;支持自取;线上开票;极速退;售后无忧,蜂鸟全城达,26.0,东三环北路6号楼1层101内-1层局部101汇佳大厦,116.4565730680254,39.948801270923305,300,6744,50.0,11.9,64,北京望京SOHO_宵夜_408,宵夜,北京望京SOHO_宵夜_wgs84.csv,1,1,0,food_court
546112395,,啃骨头·特色酱骨头(第1号档口品味美食城),0.0,10人觉得口味正宗;口味正宗,7.5元起无门槛(含本店补2);13元;1000减1;2元店铺红包;首次光顾减1;线上开票,商家自配送,24.0,明天生活馆东南角进小区走右手边，走到头拐弯，第一家品味餐厅汤立路218号1层185,116.4079407991216,40.04858682296545,78,11137,50.0,11.0,54,北京望京SOHO_宵夜_421,宵夜,北京望京SOHO_宵夜_wgs84.csv,1,1,0,food_court
20022150057,,川渝人家·烤鱼·水煮鱼·家常菜(第5档口天融鸿邺美食城),0.0,辣得有滋有味,7.5元起无门槛(含本店补2);13元;50减5;90减10;160减25;230减40;3元店铺红包;首次光顾减2;优评领3元店铺券;返5元红包;集点返5元;线上开票,商家自配送,40.0,红军营东路与北苑中街交叉口北80米,116.43040808848896,40.02830773093379,33,7032,20.0,15.0,52,北京望京SOHO_宵夜_423,宵夜,北京望京SOHO_宵夜_wgs84.csv,1,1,0,food_court
20016111373,,超下饭水煮肉片毛血旺(第1号档口美临美食城),5.0,13人觉得好吃,8.5元起无门槛(含新客补3);13元;45减1;65减2;90减3;110减5;首次光顾减3;线上开票,蜂鸟准时达,18.0,望京街9号商业楼1层1027、1028、1037至1062、1067、1068、1216、1196、1197,116.47838235870589,39.98898326188537,200,1031,15.0,4.5,29,北京望京SOHO_宵夜_431,宵夜,北京望京SOHO_宵夜_wgs84.csv,1,1,0,food_court
1068012226,,泰式生腌捞汁小海鲜(三文鱼生蚝第9号档口吞食星空美食城),5.0,30人觉得口感很好,11.5元起无门槛(含新客补6);13元;69减1;98减2;128减4;188减8;258减12;3元店铺红包;首次光顾减3;优评领10元店铺券;返6元红包;集点返15元;满赠;支持自取;线上开票;极速退;售后无忧,商家自配送,45.0,北投购物公园西区停车场入口【吞食星空美食城】,116.39439407312092,39.97780717384897,200,9231,98.0,0.0,47,北京望京SOHO_宵夜_448,宵夜,北京望京SOHO_宵夜_wgs84.csv,1,1,0,food_court
20012576137,,Timefor牛排·火焰牛排饭·意面(第1号档口中食三六五美食城),4.6,21人觉得味道不错;回复超快,7.5元起无门槛(含本店补2);13元;48减1;68减2;88减4;2元店铺红包;首次光顾减1;优评领3元店铺券;集点返6元;线上开票;售后无忧,蜂鸟准时达,19.0,望京西园三区312号楼312-2(南侧部分)（地下美食城）,116.47231806600816,39.9985346302677,400,537,20.0,2.0,20,北京望京SOHO_宵夜_452,宵夜,北京望京SOHO_宵夜_wgs84.csv,1,1,0,food_court
20018202045,,火稻湘·绝无预制菜·江西小炒(第15号档口芳宇满溢美食城望京),4.8,173人觉得口感丰富;口味正宗,9.5元起无门槛(含新客补4);13元;55减2;69减3;99减5;关注0.1元商品券;集点返3元;支持自取;线上开票,蜂鸟准时达,23.0,广顺北大街南湖东园122楼-1层B1-05,116.46071281634175,40.000757475540304,700,1841,22.0,0.8,37,北京望京SOHO_宵夜_454,宵夜,北京望京SOHO_宵夜_wgs84.csv,1,1,0,food_court
674113319,品牌,橋頭排骨(第七号档口星光美食城),4.7,313人觉得好吃,6.5元起无门槛(含新客补1);13元;61减1;75减2;108减3;1元店铺红包;优评领2元店铺券;返3元红包;集点返5元;支持自取;极速退;爱心商家;售后无忧,蜂鸟全城达,25.0,东坝中路京奥家园725号,116.54085963777804,39.95634488674616,500,9395,100.0,17.3,59,北京望京SOHO_宵夜_462,宵夜,北京望京SOHO_宵夜_wgs84.csv,1,1,0,food_court
20004407083,,德克萨斯BBQ美式烤肋排(第3档口海隆美食城),5.0,20人觉得很好吃,8.5元起无门槛(含新客补3);13元;58减3;98减8;158减13;258减18;358减22;首次光顾减2;线上开票;售后无忧,商家自配送,,工人体育场北路13号,116.4431332740045,39.93382400411932,73,9018,98.0,2.0,58,北京望京SOHO_宵夜_464,宵夜,北京望京SOHO_宵夜_wgs84.csv,1,1,0,food_court
20003251286,品牌,箐筳荷叶烤鸡(口福居美食城4层A2档口),4.9,20人觉得口味适中,7.5元起无门槛(含新客补2);13元;35减1;55减2;75减3;100减5;1元店铺红包;关注74.8元商品券;返1.5元红包;满赠;支持自取;线上开票,蜂鸟全城达,19.0,霄云路35号5号楼,116.45672759870862,39.95638334967119,500,5740,50.0,11.7,48,北京望京SOHO_宵夜_470,宵夜,北京望京SOHO_宵夜_wgs84.csv,1,1,0,food_court
570997063,,美吉特炸鸡汉堡(第一档口聚惠源美食城),4.9,692人觉得好吃,5.5元起无门槛;13元;28减1;39减3;55减5;2元店铺红包;优评领3元店铺券;返3元红包;售后无忧,蜂鸟准时达,15.0,大山子窑地村粮店2幢聚汇源美食城,116.49636743286428,39.98696449115319,600,2530,20.0,4.8,42,北京望京SOHO_宵夜_479,宵夜,北京望京SOHO_宵夜_wgs84.csv,1,1,0,food_court
1067572001,,辣四季·干锅鸭头筋头巴脑锅(第5号档口美临美食城),5.0,10人觉得入味,9.5元起无门槛(含本店补4);13元;80减5;150减8;200减12;250减18;300减25;首次光顾减5;支持自取;线上开票;售后无忧,商家自配送,44.0,望京街9号望京国际商业中心E座万科时代中心2层·望京,116.4782649804423,39.988540941626525,72,1067,0.0,5.2,48,北京望京SOHO_宵夜_494,宵夜,北京望京SOHO_宵夜_wgs84.csv,1,1,0,food_court
1066130264,品牌,拌将麻辣拌·麻辣烫BANJIANG(第三档口饮香居望京西美食城),5.0,1877人觉得好吃;近7日408人下单,9.5元起无门槛(含新客补4);13元;关注0.1元商品券;优评领0.1元商品券,蜂鸟准时达,15.0,南湖渠西里6号楼北侧 (商场)1层1-1内东2号,116.44986743510547,39.99166392995962,1000,3122,19.0,5.2,36,北京望京SOHO_宵夜_543,宵夜,北京望京SOHO_宵夜_wgs84.csv,1,1,0,food_court
372112322,品牌,融柳·大铁牛螺蛳粉(第2号档口金中美食城),4.9,口味正宗;729人觉得味道很正宗,6.5元起无门槛(含本店补1);13元;35减3;55减5;88减8;1元店铺红包;首次光顾减1;返1.1元红包;集点返4元;支持自取;线上开票,蜂鸟全城达,12.0,芍药居5号院1号楼西侧粮店1层1-2内3号,116.4248930559817,39.98069218516341,4000,5989,35.0,7.7,62,北京望京SOHO_宵夜_550,宵夜,北京望京SOHO_宵夜_wgs84.csv,1,1,0,food_court
406813007,,望京小腰·烧烤(第5号档口食欢乐美食城),5.0,2494人觉得味道不错,最高28;12元;夜宵100减30;首次光顾减1;返14元红包;集点返5元;线上开票,商家自配送,31.0,望京园609号楼2层218-2,116.47080094062996,39.988236843557466,600,1432,,,35,北京望京SOHO_晚上_003,晚上,北京望京SOHO_晚上_wgs84.csv,1,1,0,food_court
20021786096,,广巷现炒河粉(第8号档口中食安康美食城),4.9,口味正宗;66人觉得好吃;回复超快,最高28;12元;2元店铺红包;夜宵58减21;线上开票;售后无忧,蜂鸟准时达,13.0,望京西园四区416号楼一层104,116.46641378396988,39.99456963197871,700,1076,,,20,北京望京SOHO_晚上_009,晚上,北京望京SOHO_晚上_wgs84.csv,1,1,0,food_court
20004576363,,阿豪把子肉·猪脚饭·新鲜现做(第6号档口熊猫星厨美食城),4.9,11人觉得味道鲜美,最高28;12元;1元店铺红包;夜宵58减21;优评领3元店铺券;支持自取;线上开票;极速退;售后无忧,蜂鸟准时达,21.0,广顺北大街17-1号B29(东湖渠地铁站A西北口旁)熊猫星厨,116.46052314393503,40.00909462924542,900,2720,,,35,北京望京SOHO_晚上_080,晚上,北京望京SOHO_晚上_wgs84.csv,1,1,0,food_court
1093530125,,道里·东北拌饭·东北大饭包(熊猫星厨美食城A1档口),4.9,124人觉得好吃,最高28;12元;夜宵100减30;集点返5元;线上开票;极速退;售后无忧,蜂鸟准时达,15.0,阜安路新荟城一层熊猫星厨02,116.47625144737056,39.99756378610948,400,453,,,15,北京望京SOHO_晚上_089,晚上,北京望京SOHO_晚上_wgs84.csv,1,1,0,food_court
20018110156,品牌,轻禾小厨现炒健康菜·无预制菜(第19档口沃德美食城),4.8,125人觉得好吃;回复超快,最高28;12元;1元店铺红包;夜宵100减30;首次光顾减1;返2元红包;线上开票,蜂鸟准时达,20.0,酒仙桥东路18号1号楼地下室一层102,116.49402423308364,39.97333405111075,4000,3759,,,39,北京望京SOHO_晚上_112,晚上,北京望京SOHO_晚上_wgs84.csv,1,1,0,food_court
536950261,品牌,奉天·十三记熏拌鸡架(望京店)(第一档口望京美食城),5.0,口味正宗;1414人觉得好吃,最高28;12元;3元店铺红包;夜宵58减21;线上开票;售后无忧,蜂鸟准时达,23.0,京东园一区120号楼-2至6层101号一层1F47,116.476390910028,39.99794816820428,500,513,,,15,北京望京SOHO_晚上_147,晚上,北京望京SOHO_晚上_wgs84.csv,1,1,0,food_court
1094597136,品牌,农耕记·湖南土菜(第A12口欢乐美食城),5.0,近7日318人下单;53人觉得很下饭;回复超快,最高28;12元;夜宵58减21;返3元红包;支持自取;线上开票,蜂鸟准时达,22.0,酒仙桥东路18号1号楼二层C201,116.49388362905307,39.973899609038654,1000,3642,,,37,北京望京SOHO_晚上_220,晚上,北京望京SOHO_晚上_wgs84.csv,1,0,0,food_court
1103895384,,三品煎饼(第三号档口供销社美食城),4.6,16人觉得好吃,最高28;12元;夜宵100减30;首次光顾减1;支持自取;售后无忧,蜂鸟准时达,,望京西路南湖区西里6号楼北侧美食城,116.4500761120556,39.99108141954555,71,3047,,,36,北京望京SOHO_晚上_299,晚上,北京望京SOHO_晚上_wgs84.csv,1,1,0,food_court
649907315,品牌,鱼你在一起(第7档口西麦郎美食城),4.9,222人觉得好吃,最高28;12元;返2元红包;线上开票,蜂鸟准时达,25.0,酒仙桥路39号1幢-1至6层101内-1层A01室,116.48907902223374,39.960748807684936,400,4442,,,28,北京望京SOHO_晚上_315,晚上,北京望京SOHO_晚上_wgs84.csv,1,1,0,food_court
20018979108,,德湘厨·绝无预制菜(第9档口英尚美食城),4.7,81人觉得好吃,最高28;12元;1元店铺红包;支持自取;线上开票;售后无忧,蜂鸟全城达,18.0,阳区左家庄东里3号楼5层101部分,116.43994053240792,39.95505798114721,700,6149,,,36,北京望京SOHO_晚上_419,晚上,北京望京SOHO_晚上_wgs84.csv,1,1,0,food_court
20013237377,,老京味张记熟食凉菜(第1档口万家美食城),4.5,40人觉得味道不错,最高28;12元;2元店铺红包;夜宵100减30;优评领3元店铺券;集点返5元;支持自取;线上开票;售后无忧,蜂鸟全城达,21.0,太阳宫路芍药居甲2号10幢平房101菜农万家老京味张记熟食凉菜,116.42600550130938,39.97645579433636,100,6160,,,32,北京望京SOHO_晚上_429,晚上,北京望京SOHO_晚上_wgs84.csv,1,1,0,food_court
1103071442,,冒菜西施·成都麻辣拌·麻辣烫(第13号档口林德美食城),4.9,近7日583人下单;回复超快;15人觉得口感很好,最高28;12元;2元店铺红包;首次光顾减2;返3元红包;支持自取;线上开票;售后无忧,蜂鸟全城达,14.0,北三环东路17号对面16幢一层,116.40385558531447,39.96794474837526,2000,8230,,,40,北京望京SOHO_晚上_459,晚上,北京望京SOHO_晚上_wgs84.csv,1,1,0,food_court
20005306391,,杨记饭包(第2档口汇海美食城),4.8,包装好评率100%,最高28;12元;夜宵58减21;首次光顾减1;支持自取;线上开票;售后无忧,蜂鸟准时达,14.0,马泉营西路与香江北路交叉口东北460米,116.50056219096314,40.03612574334234,200,6549,,,35,北京望京SOHO_晚上_462,晚上,北京望京SOHO_晚上_wgs84.csv,1,1,0,food_court
20007138338,,老北京潘记熟食凉菜(第5档口恒天美食城),4.9,23人觉得口感不错,最高28;12元;2元店铺红包;夜宵58减21;首次光顾减2;返2元红包;集点返3元;满赠;线上开票;售后无忧,蜂鸟全城达,16.0,安贞里一区20号楼,116.39826597677218,39.973216362314695,2000,8491,,,40,北京望京SOHO_晚上_466,晚上,北京望京SOHO_晚上_wgs84.csv,1,1,0,food_court
1062186418,,饭丰町和风精致便当(第A20号档口日食荟聚美食城),4.9,11人觉得口感不错;东城区日式料理·上榜好店,最高28;12元;夜宵58减21;集点返5元;支持自取;线上开票;售后无忧,蜂鸟全城达,21.0,新中街68号,116.4365550102134,39.92749093478534,300,9714,,,40,北京望京SOHO_晚上_474,晚上,北京望京SOHO_晚上_wgs84.csv,1,1,0,food_court
390942397,,啊臻味道米粉(第h9档口道尔泰美食城),4.8,口味正宗;165人觉得爱吃,支持自取;线上开票;售后无忧,蜂鸟准时达,24.0,小营路6号道尔泰美食城,116.41920353569252,39.99501807289704,1000,5654,,,33,北京望京SOHO_晚上_496,晚上,北京望京SOHO_晚上_wgs84.csv,1,1,0,food_court
20015052381,,蟹Bro海鲜蟹黄捞面是招牌(第8档口欢乐美厨美食城),4.7,46人觉得好吃,最高28;12元;1元店铺红包;夜宵58减21;优评领2元店铺券;集点返3元;线上开票;售后无忧,蜂鸟准时达,,望京东园一区120号楼-2至6层101内五层5F-6B,116.47642208694518,39.99744727858314,100,358,,,20,北京望京SOHO_晚上_506,晚上,北京望京SOHO_晚上_wgs84.csv,1,1,0,food_court
20008038030,,1980东北老盒饭(风味一号玺马玉惠餐饮管理有限公司),5.0,178人觉得好吃,最高28;45减3;50减6;68减10;88减13;2.5元店铺红包;优评领2.5元店铺券;返1.5元红包;支持自取;线上开票;售后无忧,蜂鸟准时达,11.0,云景东路11-3号2层玺马玉惠美食城二楼,116.66023097486222,39.88027808737161,2000,2258,0.0,0.0,29,北京通州果园小区_中午_002,中午,北京通州果园小区_中午_wgs84.csv,1,0,0,food_court
1111713064,,哈尔滨车站老盒饭(梨园店),5.0,886人觉得好吃,最高28;35减1;45减2;60减3;1元店铺红包;优评领2.5元店铺券;线上开票;售后无忧,蜂鸟准时达,11.0,云景东路11-3号-1层11-3-0、2层11-3-2、11-4号-1层（美食城二楼取餐）,116.66030174514536,39.880517940130495,1000,2230,0.0,0.0,25,北京通州果园小区_中午_029,中午,北京通州果园小区_中午_wgs84.csv,1,0,0,food_court
1104628037,,农耕记·湖南土菜(第A3号档口醉叼馋美食城),4.9,回复超快;通州区湘菜热销榜·第1名,最高28;58减3;98减6;168减8;208减12;268减15;返3元红包;支持自取;线上开票,蜂鸟准时达,21.0,云景东路1号园景国际大厦A段北侧四层,116.66079993923908,39.883729828773625,2000,1893,20.0,0.0,28,北京通州果园小区_中午_035,中午,北京通州果园小区_中午_wgs84.csv,1,1,0,food_court
1069848402,品牌,田老师红烧肉(第四档口果园物美美食城),4.9,146人觉得好吃,最高28;35减1;50减2;85减5;2元店铺红包;支持自取;线上开票,蜂鸟准时达,16.0,通朝大街103号1层F1-012、F1-013,116.63504270881084,39.89209714061333,900,1201,20.0,0.0,20,北京通州果园小区_中午_058,中午,北京通州果园小区_中午_wgs84.csv,1,1,0,food_court
20020790455,,一家被炒面耽误的炒饭店缘味奔跑吧蛋炒饭(第12档口熊猫星厨美食城),4.8,回复超快;132人觉得好吃,最高28;38减1;58减2;78减3;108减5;线上开票;售后无忧,蜂鸟准时达,11.0,云景东路1号园景国际大厦A段北侧四层,116.66045989190653,39.88381147560593,5000,1926,0.0,0.6,27,北京通州果园小区_中午_083,中午,北京通州果园小区_中午_wgs84.csv,1,1,0,food_court
238670318,,米斯特比萨(通州九棵树店),4.9,43人觉得好吃,最高28;79减7;129减15;159减20;2元店铺红包;支持自取;线上开票,蜂鸟准时达,37.0,翠景北里一号楼1层商业（阳光新生活广场扶梯2层T9美食街区内）,116.64983079600142,39.88842718177953,100,790,30.0,3.6,25,北京通州果园小区_中午_084,中午,北京通州果园小区_中午_wgs84.csv,1,0,0,food_court
801228044,,正宗烤炉鸡蛋灌饼(梨园云景东路2号淘宝城店),5.0,近7日878人下单;回复超快;44人觉得酥脆,最高28;3元;25减2;35减3;45减4;55减6;85减9;首次光顾减1;支持自取;线上开票;售后无忧,蜂鸟准时达,13.0,云景东路淘宝城一层美食城里面,116.66298099020808,39.881761741047725,3000,2099,20.0,0.0,26,北京通州果园小区_中午_111,中午,北京通州果园小区_中午_wgs84.csv,1,0,0,food_court
1072358195,,正宗东北砂锅米线(第4号档口玺马玉惠美食城),5.0,回复超快;749人觉得好吃;近7日334人下单,最高28;39减1;69减3;99减5;129减8;首次光顾减1;支持自取;线上开票;售后无忧,蜂鸟准时达,19.0,云景东路11-3号-1层11-3-0、2层11-3-2、11-4号-1层11-4-0、2层11-4-2,116.66026387885168,39.88030202326311,1000,2258,20.0,0.8,25,北京通州果园小区_中午_131,中午,北京通州果园小区_中午_wgs84.csv,1,1,0,food_court
951216091,,一品香云南米线(拾光街美食城第1档口),4.9,537人觉得好吃;回复超快;近7日324人下单,最高28;34减2;46减4;56减6;88减8;100减12;优评领1元店铺券;透明餐厅;支持自取;线上开票;售后无忧,蜂鸟准时达,11.0,云景东路339号4号1层1-117元素酒吧入口处,116.6586022338307,39.87489146653477,1000,2928,15.0,0.0,26,北京通州果园小区_中午_142,中午,北京通州果园小区_中午_wgs84.csv,1,1,0,food_court
953054357,,正宗黄焖鸡米饭(第11号档口拾光街美食城),5.0,回复超快;2645人觉得好吃;近7日344人下单,最高28;28减1;38减2;58减3;优评领2元店铺券;透明餐厅;线上开票;售后无忧,蜂鸟准时达,13.0,云景东路339号环影12街区西二百米66拾光街,116.65633077576604,39.87347584655362,1000,3183,30.0,1.0,32,北京通州果园小区_中午_158,中午,北京通州果园小区_中午_wgs84.csv,1,1,0,food_court
1067191239,品牌,融柳·大铁牛螺蛳粉(第13号档口帮帮美食城),4.9,口味正宗;605人觉得好吃;近7日898人下单,最高28;68减1;98减3;1元店铺红包;关注2元商品券;返2元红包;支持自取;线上开票,蜂鸟准时达,14.0,云景东路2号1层,116.66290719073108,39.8818378791071,3000,2093,0.0,0.0,27,北京通州果园小区_中午_159,中午,北京通州果园小区_中午_wgs84.csv,1,1,0,food_court
20014485243,品牌,抖喜·新疆炒米粉(第6号档口梨园美食城),4.7,12人觉得够辣,最高28;35减1;48减2;68减3;88减4;108减5;1元店铺红包;关注1.9元商品券;返2元红包;满赠;支持自取;线上开票;售后无忧,蜂鸟准时达,12.0,云景东路2号1层,116.66252523067628,39.882211594459626,1000,2039,0.0,0.0,29,北京通州果园小区_中午_160,中午,北京通州果园小区_中午_wgs84.csv,1,1,0,food_court
239481392,,川湘家常菜(第5号档口帮帮美食城),4.9,30人觉得口感好;午餐热搜;近7日513人下单,最高28;38减4;58减8;98减15;138减20;188减28;线上开票;售后无忧,蜂鸟准时达,15.0,云景东路2号1层,116.66310763673587,39.881706500379465,2000,2110,20.0,3.8,36,北京通州果园小区_中午_161,中午,北京通州果园小区_中午_wgs84.csv,1,1,0,food_court
1063783407,,一品羊汤馆(第16号档口金百荣美食城),4.7,68人觉得好吃,最高28;30减1;40减2;50减4;100减8;2元店铺红包;线上开票;售后无忧,蜂鸟准时达,13.0,五所南路梨园镇梨园村委会南500米梨园创意产业楼3层,116.66673393177769,39.87658277825821,500,2824,20.0,4.4,31,北京通州果园小区_中午_178,中午,北京通州果园小区_中午_wgs84.csv,1,1,0,food_court
20012538392,,哥俩好北方炖菜老盒饭(第四档口美联福美食城),4.5,319人觉得好吃,最高28;40减2;60减5;80减8;160减25;关注3.8元商品券;支持自取;线上开票;售后无忧,蜂鸟准时达,14.0,永顺镇竹木厂村村委会东200米,116.62087086694224,39.90921063558013,2000,4385,15.0,1.1,30,北京通州果园小区_中午_203,中午,北京通州果园小区_中午_wgs84.csv,1,1,0,food_court
1073909183,,碗农·爆炒川湘菜(第6号档口玺马玉惠美食城),4.6,806人觉得好吃,最高28;38减2;58减3;88减5;128减8;2元店铺红包;返2元红包;线上开票,蜂鸟准时达,13.0,"云景东路11-3号-1层11-3-0,2层11-3-2,11-4号-1层11-4-0",116.66024790628506,39.88044604665623,500,2242,20.0,0.0,35,北京通州果园小区_中午_213,中午,北京通州果园小区_中午_wgs84.csv,1,1,0,food_court
1096319340,,熊本家·咖喱蛋包饭(第8号档口聚元鸿美食城),4.9,341人觉得好吃,最高28;100减1;1元店铺红包;返2元红包;售后无忧,蜂鸟准时达,12.0,梨园聚元鸿农产品·服装百货购物中心三层,116.6671287992545,39.876628015925846,400,2839,20.0,0.0,31,北京通州果园小区_中午_217,中午,北京通州果园小区_中午_wgs84.csv,1,1,0,food_court
1095880055,,一家个获奖的炒饭店·燃爆吧·金簰炒饭(第436508档口玺马玉惠美食城),4.7,11人觉得口感不错;近7日463人下单,最高28;48减1;62减2;90减3;线上开票;售后无忧,蜂鸟准时达,,梨园镇云景东路11-3号-1至1层,116.66024790628506,39.88044604665623,2000,2242,0.0,0.0,28,北京通州果园小区_中午_220,中午,北京通州果园小区_中午_wgs84.csv,1,1,0,food_court
872288020,,香河肉饼(梨园店),4.8,350人觉得好吃,最高28;29减3;49减5;79减8;首次光顾减2;支持自取;线上开票;售后无忧,蜂鸟准时达,18.0,云景东路2号1层帮帮美食城,116.66317446289436,39.88157437845393,700,2120,25.0,3.8,29,北京通州果园小区_中午_231,中午,北京通州果园小区_中午_wgs84.csv,1,0,0,food_court
20016367299,,炒饭大亨(第12号档口诚为先美食城),4.7,30人觉得味道不错,最高28;3元;支持自取;线上开票;售后无忧,蜂鸟准时达,10.0,车站路8号-1层4-1,116.65678947736468,39.90610842914908,300,2482,15.0,0.0,27,北京通州果园小区_中午_238,中午,北京通州果园小区_中午_wgs84.csv,1,1,0,food_court
1089484433,,无名缘米粉(第3号档口淘宝美食城),5.0,30人觉得好吃,最高28;3元;40减1;60减2;80减5;优评领3元店铺券;支持自取;线上开票;售后无忧,蜂鸟准时达,24.0,淘宝城美食城一层无名缘,116.66296703188208,39.8817457686582,200,2102,20.0,0.0,28,北京通州果园小区_中午_240,中午,北京通州果园小区_中午_wgs84.csv,1,1,0,food_court
20019466297,,皖北·淮南牛肉汤烧饼(第4档口果园物美美食城),4.7,75人觉得好吃,最高28;线上开票,蜂鸟准时达,17.0,通朝大街103号1层F1-010,116.63515442653411,39.8922829585975,1000,1192,20.0,0.3,23,北京通州果园小区_中午_252,中午,北京通州果园小区_中午_wgs84.csv,1,1,0,food_court
20017647269,,胡涂涂·拌土豆粉·黏黏糊糊土豆粉(第3档口聚元鸿美食城),4.8,24人觉得好吃,最高28;30减1;50减2;100减5;1元店铺红包;优评领2元店铺券;线上开票,蜂鸟准时达,15.0,梨园镇梨园村委会南500米,116.66706100051564,39.8765651496001,1000,2839,15.0,0.2,29,北京通州果园小区_中午_255,中午,北京通州果园小区_中午_wgs84.csv,1,1,0,food_court
20001282057,,山东大锅菜(通州店),4.8,口味正宗;回复超快;37人觉得口感丰富,最高28;1元店铺红包;优评领2元店铺券;线上开票;售后无忧,蜂鸟准时达,14.0,永顺东里1号15幢3楼喵星美食城,116.64755591638811,39.92071585400556,2000,3942,20.0,0.3,35,北京通州果园小区_中午_275,中午,北京通州果园小区_中午_wgs84.csv,1,0,0,food_court
20019816277,,一家亲东北老盒饭(436532号档口玺马玉惠美食城),4.3,107人觉得好吃;回复超快,最高28;48减2;68减3;88减5;128减8;2元店铺红包;线上开票,蜂鸟准时达,10.0,云景东路11-3号-1层11-3-0、2层11-3-2、11-4号-1层11-4-0、2层11-4-2负一层,116.66039748773652,39.8804087624237,2000,2238,20.0,0.0,26,北京通州果园小区_中午_295,中午,北京通州果园小区_中午_wgs84.csv,1,1,0,food_court
20015637354,,春江暖鸭·手撕脆皮烤鸭(第3号档口诚为先美食城),4.9,53人觉得口感丰富;正宗味道,最高28;38减2;55减4;75减6;100减8;线上开票,蜂鸟准时达,18.0,车站路8号-1层4-1（车站路与中山大街之间）,116.65671168314356,39.90620457205331,900,2474,15.0,0.0,29,北京通州果园小区_中午_304,中午,北京通州果园小区_中午_wgs84.csv,1,1,0,food_court
20017613233,,张记·隆江猪脚饭(第19号档口聚元鸿美食城),4.9,81人觉得很好吃,最高28;39减1;50减2;60减3;70减5;100减8;返1.5元红包;线上开票,蜂鸟准时达,17.0,梨园镇梨园村委会南500米,116.66706100051564,39.8765651496001,600,2839,15.0,4.4,31,北京通州果园小区_中午_339,中午,北京通州果园小区_中午_wgs84.csv,1,1,0,food_court
1030877033,,京味小炒(第A6号档口帮帮美食城),5.0,12人觉得味道不错,最高28;35减10;59减16;89减22;129减26;169减32;首次光顾减1;售后无忧,蜂鸟准时达,13.0,云景东路2号1层,116.66345364769444,39.88174183348632,100,2120,20.0,0.0,38,北京通州果园小区_中午_366,中午,北京通州果园小区_中午_wgs84.csv,1,1,0,food_court
536846061,,来一碗剁椒拌饭(第A6号档口金百荣美食城),4.7,10人觉得口感一级棒,最高28;40减2;80减5;100减8;2元店铺红包;支持自取;线上开票;售后无忧,蜂鸟准时达,14.0,梨园镇梨园村委会南500米玉桥西路南延聚元鸿农贸市场3楼,116.66702408758488,39.8767132131492,600,2826,15.0,4.4,32,北京通州果园小区_中午_442,中午,北京通州果园小区_中午_wgs84.csv,1,1,0,food_court
20021212082,,驻京拌·干拌烤鸭(梨园店)(第5号档口淘宝城美食城),4.6,51人觉得好吃,最高28;49减2;79减3;线上开票,蜂鸟准时达,11.0,云景东路2号1层,116.66233279108624,39.88210196938322,300,2068,20.0,0.0,28,北京通州果园小区_中午_444,中午,北京通州果园小区_中午_wgs84.csv,1,1,0,food_court
1098468437,,先炸后拌炸串炸饼(第三十号档口喵星美食城),4.9,498人觉得好吃,最高28;2元店铺红包;优评领5元店铺券;支持自取;线上开票;售后无忧,蜂鸟准时达,16.0,永顺东里1号15幢3层,116.64822811274914,39.92083964182088,800,3921,30.0,0.0,31,北京通州果园小区_中午_447,中午,北京通州果园小区_中午_wgs84.csv,1,1,0,food_court
918710205,,陕西凉皮肉夹馍(第6号档口食尚花园美食城),4.2,11人觉得味道不错,最高28;30减1;3元店铺红包;支持自取;线上开票;极速退;售后无忧,蜂鸟准时达,,通朝大街103号1层F1-010,116.63465660941888,39.89204273987945,67,1231,25.0,0.0,23,北京通州果园小区_中午_449,中午,北京通州果园小区_中午_wgs84.csv,1,1,0,food_court
1085923215,,曹氏鸭脖(第7号档口拾光街美食城),4.9,近7日354人下单;763人觉得好吃;回复超快,最高28;88减2;透明餐厅;支持自取;线上开票;极速退;售后无忧,蜂鸟准时达,22.0,梨园镇群芳三园环影12街区66时光街,116.65646246983914,39.87297362371516,1000,3221,30.0,0.4,31,北京通州果园小区_中午_472,中午,北京通州果园小区_中午_wgs84.csv,1,1,0,food_court
20010983484,,淄博烧烤·海鲜小龙虾,4.9,48人觉得口感不错;夜宵热搜,最高28;10元;48减3;88减8;158减10;228减14;295减15;1元店铺红包;夜宵58减21;优评领3元店铺券;集点返5元;支持自取;线上开票;售后无忧,蜂鸟准时达,20.0,梨园镇梨园村委会南500米聚元鸿农贸市场3楼金百荣美食城,116.66705402609814,39.87651916535358,4000,2842,30.0,3.1,46,北京通州果园小区_宵夜_032,宵夜,北京通州果园小区_宵夜_wgs84.csv,1,0,0,food_court
20017678105,,吴江路生煎·上海特色蟹黄大虾仁汤(第6档口玺马玉惠美食城),4.1,26人觉得好吃,最高28;10元;29减1;38减2;58减3;88减6;夜宵58减21;关注0元商品券;优评领4元店铺券;返3元红包;集点返5元;支持自取;线上开票,蜂鸟准时达,14.0,云景东路11-3号-1层11-3-0、2层11-3-2、11-4号-1层11-4-0、2层11-4-2,116.6603266944088,39.880356900407264,400,2245,25.0,5.3,35,北京通州果园小区_宵夜_058,宵夜,北京通州果园小区_宵夜_wgs84.csv,1,1,0,food_court
20010040189,,汤知胃牛肉汤,5.0,102人觉得好吃,最高28;10元;夜宵58减21;首次光顾减2;关注1元运费券;线上开票;售后无忧,蜂鸟准时达,20.0,梨园金百荣美食城三楼,116.66705402609814,39.87651916535358,500,2842,20.0,7.1,46,北京通州果园小区_宵夜_092,宵夜,北京通州果园小区_宵夜_wgs84.csv,1,0,0,food_court
20018025007,,王婆婆铁锅焖面(第五档口喵星美食城),4.9,57人觉得好吃;回复超快,最高28;10元;39减2;59减4;84减7;1元店铺红包;夜宵58减21;首次光顾减1;优评领2元店铺券;返3元红包;线上开票;售后无忧,蜂鸟准时达,18.0,永顺东里1号15幢三层,116.6482839709924,39.9207805437143,1000,3921,15.0,4.7,51,北京通州果园小区_宵夜_097,宵夜,北京通州果园小区_宵夜_wgs84.csv,1,1,0,food_court
398923449,,来吃鸡黄焖鸡泡饼(梨园店),4.9,334人觉得好吃,最高28;10元;50减1;70减2;2元店铺红包;夜宵58减21;线上开票;售后无忧,蜂鸟准时达,16.0,梨园镇梨园村委会南500米聚元鸿农贸市场3楼金百荣美食城,116.66663519083184,39.87676695900696,300,2818,14.0,10.1,49,北京通州果园小区_宵夜_127,宵夜,北京通州果园小区_宵夜_wgs84.csv,1,0,0,food_court
20015682090,,老长沙龙虾馆·专业做虾(梨园店第9号档口聚元鸿美食城),5.0,81人觉得好吃,最高28;10元;58减1;98减2;138减4;168减6;2元店铺红包;夜宵58减21;首次光顾减1;返5元红包;集点返10元;线上开票;极速退;售后无忧,蜂鸟准时达,37.0,梨园镇梨园村委会南500米,116.66705800720597,39.87658015460123,500,2839,0.0,5.9,48,北京通州果园小区_宵夜_150,宵夜,北京通州果园小区_宵夜_wgs84.csv,1,1,0,food_court
20017291484,,猪八戒手撕脆皮烤鸭现场烤制(第十八号档口惠民美食城),5.0,16人觉得非常好吃;正宗味道,最高28;10元;夜宵58减21;支持自取;线上开票,蜂鸟准时达,20.0,物资学院路3号,116.63327983903685,39.92410143142849,700,5655,20.0,3.9,45,北京通州果园小区_宵夜_151,宵夜,北京通州果园小区_宵夜_wgs84.csv,1,1,0,food_court
20023553290,,佼佼者大馅水饺(第110724号档口玺马玉惠美食城),4.5,包装好评率100%,最高28;10元;30减1;50减2;70减3;100减5;夜宵58减21;首次光顾减2;支持自取;线上开票;售后无忧,蜂鸟准时达,12.0,云景东路11-3号-1层11-3-0、2层11-3-2、11-4号-1层11-4-0、2层11-4-2,116.66034463466836,39.88042986247234,400,2239,20.0,5.7,41,北京通州果园小区_宵夜_159,宵夜,北京通州果园小区_宵夜_wgs84.csv,1,1,0,food_court
1095685351,,港粤宴茶点·港式茶餐厅(第二号档口金百荣美食城),5.0,87人觉得口感丰富,最高28;10元;100减1;夜宵58减21;线上开票;售后无忧,商家自配送,25.0,梨园村委会南500米燕保·梨园家园聚元鸿农贸市场3楼,116.66683361275574,39.87686257221903,100,2818,30.0,2.0,53,北京通州果园小区_宵夜_163,宵夜,北京通州果园小区_宵夜_wgs84.csv,1,1,0,food_court
20015055207,,红火万家北京烤鸭(第16号档口惠民美食城),4.9,43人觉得好吃,最高28;10元;30减1;1元店铺红包;夜宵100减30;集点返5元;支持自取;线上开票,蜂鸟准时达,20.0,物资学院路3号,116.6332808307987,39.92415042789795,200,5655,15.0,3.9,48,北京通州果园小区_宵夜_174,宵夜,北京通州果园小区_宵夜_wgs84.csv,1,1,0,food_court
20003656274,,锡纸花甲米线(第3号档口物美美食城),2.8,12人觉得味道还可以,最高28;10元;35减1;45减2;55减3;夜宵100减30;支持自取;线上开票,蜂鸟准时达,,通朝大街103号,116.63469052498398,39.89209268526783,100,1236,15.0,5.7,30,北京通州果园小区_宵夜_208,宵夜,北京通州果园小区_宵夜_wgs84.csv,1,1,0,food_court
20022127311,,寻味君·香辣蟹·美蛙(通州店第9号档口聚元鸿美食城),5.0,"回味无穷,色香俱佳",最高28;10元;88减1;168减3;198减5;夜宵58减21;集点返5元;线上开票;售后无忧,商家自配送,37.0,颐瑞西路与云景北街交叉口南120米,116.66683361275574,39.87686257221903,100,2818,15.0,0.0,53,北京通州果园小区_宵夜_224,宵夜,北京通州果园小区_宵夜_wgs84.csv,1,1,0,food_court
20024609128,,望京烧烤·小腰·小龙虾(第1档口醉叼馋美食城),5.0,14人觉得好吃,最高28;10元;48减1;68减2;88减3;98减5;158减8;3元店铺红包;夜宵100减30;返3元红包;集点返5元;线上开票;售后无忧,商家自配送,,北京通州云景东路1号,116.66077897802268,39.88389686075743,38,1903,25.0,0.0,32,北京通州果园小区_宵夜_232,宵夜,北京通州果园小区_宵夜_wgs84.csv,1,1,0,food_court
999416244,,蒸蒸日上(第A14号档口金百荣美食城),4.0,包罗万馅，满口留香,最高28;10元;27减4;48减6;88减9;夜宵100减30;线上开票;售后无忧,蜂鸟准时达,14.0,梨园镇梨园村委会南500米金百荣美食城,116.66673990214896,39.87668476160113,100,2824,19.0,6.1,47,北京通州果园小区_宵夜_233,宵夜,北京通州果园小区_宵夜_wgs84.csv,1,1,0,food_court
321243446,品牌,麻辣诱惑·麻小·小龙虾·烧烤(第1号档口浩杰美食城),4.9,1529人觉得好吃,最高28;10元;139减1;199减2;夜宵58减21;线上开票;售后无忧,商家自配送,41.0,梨园镇梨园村委会南500米,116.66673594171957,39.87645578082431,500,2806,59.0,0.0,40,北京通州果园小区_宵夜_236,宵夜,北京通州果园小区_宵夜_wgs84.csv,1,1,0,food_court
1107646499,,簋街龙虾·胡大饭店(第6档口玺马玉惠美食城),5.0,139人觉得好吃,最高28;10元;5减3;68减8;128减12;188减18;288减28;2元店铺红包;夜宵100减30;首次光顾减5;返7元红包;集点返15元;线上开票;极速退;售后无忧,商家自配送,49.0,云景东路1号102部分,116.6603436120605,39.88063685415993,100,2218,20.0,0.0,43,北京通州果园小区_宵夜_250,宵夜,北京通州果园小区_宵夜_wgs84.csv,1,1,0,food_court
20017264377,,海鲜坊·捞汁海鲜·清蒸辣炒(第6号档口聚元鸿美食城),3.8,25人觉得很好吃;回复超快,最高28;10元;57减3;89减6;131减10;夜宵58减21;支持自取;线上开票,商家自配送,25.0,梨园村委会南500米,116.66683564005514,39.876594581880966,62,2824,20.0,0.0,41,北京通州果园小区_宵夜_261,宵夜,北京通州果园小区_宵夜_wgs84.csv,1,1,0,food_court
20013175371,,胡同李碳烤肋排香烤鸡(梨园店)(第11号档口聚元鸿美食城),5.0,158人觉得好吃,最高28;10元;58减2;88减4;128减6;158减7;2元店铺红包;夜宵58减21;优评领3元店铺券;返5元红包;集点返5元;线上开票,商家自配送,31.0,云景东里13号楼（聚元鸿农贸市场，聚鸿美食城3层杭州小笼包对面）,116.66753466260774,39.876452243777614,100,3056,45.0,5.5,61,北京通州果园小区_宵夜_262,宵夜,北京通州果园小区_宵夜_wgs84.csv,1,1,0,food_court
1042931130,,捞汁小海鲜(第19号档口鑫隆美食城),5.0,18人觉得口感很好,最高28;10元;68减3;108减5;168减6;198减8;258减12;2元店铺红包;夜宵58减21;支持自取;线上开票;售后无忧,商家自配送,42.0,玉桥街道玉桥中路58号鑫隆生活广场地下美食城,116.67280043691284,39.89443227727398,100,2599,38.0,5.0,30,北京通州果园小区_宵夜_266,宵夜,北京通州果园小区_宵夜_wgs84.csv,1,1,0,food_court
20013985150,,顽虾客·99元4斤小龙虾(第1档口玺马玉惠美食城),5.0,76人觉得好吃,最高28;10元;35减2;55减3;85减5;105减6;200减8;2元店铺红包;夜宵58减21;首次光顾减3;返5元红包;集点返5元;支持自取;线上开票;售后无忧,商家自配送,,云景东路11-3号-1层11-3-0、2层11-3-2、11-4号-1层11-4-0、2层11-4-2,116.66025688446636,39.88041703092793,53,2242,20.0,0.0,43,北京通州果园小区_宵夜_270,宵夜,北京通州果园小区_宵夜_wgs84.csv,1,1,0,food_court
251715309,,尚品烧烤·海鲜(第A11号档口金百荣美食城),0.0,206人觉得好吃,最高28;10元;48减2;98减5;158减8;218减12;2元店铺红包;夜宵58减21;支持自取;线上开票;极速退;售后无忧,蜂鸟准时达,,梨园镇梨园村委会南500米(市场3楼),116.6670699731812,39.87657913162218,35,2839,15.0,10.1,51,北京通州果园小区_宵夜_276,宵夜,北京通州果园小区_宵夜_wgs84.csv,1,1,0,food_court
1103019134,,小羊倌·羊蝎子,0.0,16人觉得味道很好,最高28;10元;89减8;198减18;368减32;夜宵100减30;支持自取;线上开票;售后无忧,商家自配送,,九棵树街道梨园农副产品市场梨园聚元鸿农产品·服装百货购物中心3楼金百荣美食城,116.66713778066077,39.87657100152769,1,2842,15.0,5.0,46,北京通州果园小区_宵夜_282,宵夜,北京通州果园小区_宵夜_wgs84.csv,1,0,0,food_court
1109284167,,梨园飘香牛肉汤,0.0,18人觉得味道不错,最高28;10元;100减1;夜宵100减30;集点返3元;线上开票;极速退;售后无忧,蜂鸟准时达,,梨园农副产品交易中心三楼美食城,116.66714574595352,39.87666798128603,43,2836,15.0,10.1,46,北京通州果园小区_宵夜_285,宵夜,北京通州果园小区_宵夜_wgs84.csv,1,0,0,food_court
20017779175,,炉中炉·泥炉烤肉(第1号档口聚元鸿美食城),0.0,美味韩料，由此开启,最高28;10元;100减1;夜宵58减21;首次光顾减1;支持自取;线上开票,蜂鸟准时达,,梨园镇梨园村委会南500米聚元鸿美食城3层,116.66696426607896,39.87665033147449,20,2846,15.0,10.1,47,北京通州果园小区_宵夜_289,宵夜,北京通州果园小区_宵夜_wgs84.csv,1,1,0,food_court
878356176,,辣小柒·龙虾·海鲜(第A16号档口金百荣美食城),4.0,10人觉得好吃,最高28;10元;30减1;夜宵58减21;支持自取;线上开票;售后无忧,商家自配送,,梨园镇梨园村委会南500米玉桥西路南延聚元鸿农贸市场3楼左边第一家,116.6670998702066,39.87672206684243,8,2833,0.0,0.0,40,北京通州果园小区_宵夜_299,宵夜,北京通州果园小区_宵夜_wgs84.csv,1,1,0,food_court
20005390007,,珍鲜砂锅煲·鲜煲现烧,0.0,有四季和远方，还有火锅与理想,最高28;10元;100减1;2元店铺红包;夜宵58减21;线上开票;售后无忧,商家自配送,,梨园镇梨园村委会南500米聚元鸿农贸市场3楼金百荣美食城,116.66705402609814,39.87651916535358,49,2842,40.0,7.0,44,北京通州果园小区_宵夜_301,宵夜,北京通州果园小区_宵夜_wgs84.csv,1,0,0,food_court
20017211190,,胡记龙虾(第一档口果园物美美食城),0.0,解锁美味，小龙虾控必备！,最高28;10元;58减3;98减5;128减8;168减10;200减12;夜宵100减30;支持自取;线上开票;售后无忧,蜂鸟同盟,,通朝大街103号物美超市内一层,116.63496285010648,39.8924572474884,6,1283,20.0,7.0,30,北京通州果园小区_宵夜_306,宵夜,北京通州果园小区_宵夜_wgs84.csv,1,1,0,food_court
20019676298,,龙虾刺客(第15号档口诚为先美食城),0.0,没什么是一顿小吃不能解决的,最高28;10元;88减3;188减5;388减10;988减28;夜宵100减30;首次光顾减6;线上开票,商家自配送,,车站路8号-1层4-1,116.65671168314356,39.90620457205331,13,2474,0.0,0.0,39,北京通州果园小区_宵夜_310,宵夜,北京通州果园小区_宵夜_wgs84.csv,1,1,0,food_court
20017712353,,寓见你·老潼关肉夹馍凉皮(第一档口众汇鑫美食城),4.9,116人觉得好吃;回复超快,最高28;10元;28减1;38减2;58减4;夜宵58减21;关注0.1元商品券;优评领20元店铺券;线上开票,蜂鸟准时达,15.0,砖厂南里46号楼2层204,116.68897000617036,39.86993289696587,1000,4789,30.0,8.6,56,北京通州果园小区_宵夜_325,宵夜,北京通州果园小区_宵夜_wgs84.csv,1,1,0,food_court
1097112016,品牌,熊家无二·韩式炸鸡&火鸡面(第2号档口食尚百汇美食城),4.9,近7日434人下单;通州区炸鸡炸串·第3名,最高28;10元;50减2;75减4;100减8;2元店铺红包;夜宵100减30;优评领10元店铺券;返1.1元红包;集点返3元;支持自取;线上开票;售后无忧,蜂鸟准时达,19.0,永顺镇潞苑南大街1093号门市房50号,116.66664781655147,39.9280526187353,1000,5338,40.0,8.6,48,北京通州果园小区_宵夜_333,宵夜,北京通州果园小区_宵夜_wgs84.csv,1,1,0,food_court
20017769145,,街烤酱·花甲粉过桥米线(第3档口众缘汇鑫美食城),4.8,48人觉得好吃,最高28;10元;39减2;59减3;79减5;夜宵100减30;关注0.1元商品券;优评领10元店铺券;返2元红包;线上开票,蜂鸟准时达,13.0,砖厂南里46号楼2层204,116.68893908752578,39.86992995033099,600,4789,22.0,8.8,55,北京通州果园小区_宵夜_344,宵夜,北京通州果园小区_宵夜_wgs84.csv,1,1,0,food_court
20022033194,,许氏·沂蒙山特色炒鸡·走地鸡(第17号档口嘉味美食城),4.8,110人觉得口感丰富;口味正宗;回复超快,最高28;10元;48减1;68减2;88减3;108减4;158减5;2元店铺红包;夜宵100减30;优评领3元店铺券;返4元红包;集点返5元;支持自取;线上开票;极速退;售后无忧,商家自配送,21.0,华龙小区36号甲6号,116.68019937026304,39.92889187458264,2000,6683,0.0,0.0,45,北京通州果园小区_宵夜_366,宵夜,北京通州果园小区_宵夜_wgs84.csv,1,1,0,food_court
318045354,品牌,晨曦炖汤(第9档口小食光美食城),4.8,229人觉得好吃,最高28;10元;100减1;2元店铺红包;夜宵58减21;返2元红包;集点返3元;支持自取;线上开票;极速退,蜂鸟全城达,29.0,京客隆管庄店内(2-19),116.58570126174648,39.913730220970365,200,6910,20.0,14.3,46,北京通州果园小区_宵夜_369,宵夜,北京通州果园小区_宵夜_wgs84.csv,1,1,0,food_court
299435094,品牌,晨曦鲍鱼饭(第8号档口味美兴美食城),4.9,672人觉得好吃,最高28;10元;88减2;128减4;1元店铺红包;夜宵58减21;返2元红包;支持自取;线上开票;极速退,蜂鸟全城达,27.0,京客隆管庄店内(2-19),116.58570126174648,39.913730220970365,300,6910,20.0,14.3,46,北京通州果园小区_宵夜_386,宵夜,北京通州果园小区_宵夜_wgs84.csv,1,1,0,food_court
20003079478,品牌,秘境鹿屿CAKE生日蛋糕·冰淇淋·动物奶油(朝阳美食城第1档口店),5.0,22人觉得口感很好,最高28;10元;128减1;1元店铺红包;夜宵100减30;优评领1元店铺券;返3元红包;线上开票;售后无忧,商家自配送,,建国路18号4号楼一层,116.5537513422567,39.90666943346713,100,9241,0.0,0.0,58,北京通州果园小区_宵夜_390,宵夜,北京通州果园小区_宵夜_wgs84.csv,1,1,0,food_court
1055933355,品牌,Obligi Chicken韩式炸鸡(第5号档口工业大学食美美食城店),5.0,近7日412人下单;回复超快,最高28;10元;38减1;48减2;65减3;首次光顾减1;返3元红包;满赠;支持自取;线上开票;售后无忧,蜂鸟全城达,12.0,潞苑南大街73号1层全部,116.6726704526554,39.929570001597504,1000,5951,50.0,10.2,64,北京通州果园小区_宵夜_393,宵夜,北京通州果园小区_宵夜_wgs84.csv,1,1,0,food_court
20019270061,,蒙牧阿玛·现烤牛肉干(第4号档口汇鑫美食城),0.0,包装好评率100%,最高28;10元;199减8;299减16;399减26;499减36;2元店铺红包;夜宵58减21;返3元红包;集点返5元;线上开票,蜂鸟准时达,,砖厂南里46号楼2层204,116.68902086083304,39.87003080434268,45,4791,15.0,7.6,51,北京通州果园小区_宵夜_410,宵夜,北京通州果园小区_宵夜_wgs84.csv,1,1,0,food_court
382484418,品牌,牛约堡-手作牛肉汉堡(传媒大学店),5.0,近7日498人下单;545人觉得好吃;回复超快,最高28;10元;98减3;128减5;2元店铺红包;夜宵100减30;关注5.9元商品券;优评领2元店铺券;返2元红包;满赠;支持自取;线上开票;极速退;售后无忧,蜂鸟全城达,22.0,定福家园北里2号院7号楼1至3层7-1 一层05号 燃熊汉堡往东后街美食城进去走到头右转,116.55901093639773,39.92332888103192,2000,9963,1.0,14.8,60,北京通州果园小区_宵夜_413,宵夜,北京通州果园小区_宵夜_wgs84.csv,1,0,0,food_court
1100026243,,港粤港式茶点·港式茶餐厅(美食街二楼9号),5.0,口味正宗;94人觉得口感丰富,最高28;10元;50减1;88减2;150减5;夜宵58减21;返2元红包;集点返5元;支持自取;线上开票;售后无忧,蜂鸟全城达,25.0,中关村科技园区通州园光机电一体化产业基地政府路2号（嘉创路100号）,116.5643006425912,39.8025927009496,600,13416,60.0,24.3,83,北京通州果园小区_宵夜_456,宵夜,北京通州果园小区_宵夜_wgs84.csv,1,0,0,food_court
20003681006,,抚顺麻辣拌(第1档口惠民美食城),4.7,161人觉得好吃;回复超快,最高28;12元;2元店铺红包;夜宵100减30;首次光顾减1;优评领3元店铺券;返2元红包;集点返7元;线上开票;售后无忧,蜂鸟准时达,13.0,物资学院路3号-30,116.63327783928436,39.92413643298835,1000,5655,,,31,北京通州果园小区_晚上_003,晚上,北京通州果园小区_晚上_wgs84.csv,1,1,0,food_court
20019660211,,驴味阁·驴肉火烧·凉皮·火烧夹肉(第10档口鑫隆美食城),5.0,口味正宗;179人觉得好吃;回复超快,最高28;12元;1元店铺红包;夜宵58减21;返1.1元红包;支持自取;线上开票,蜂鸟准时达,14.0,玉桥中路鑫隆生活广场地下1层美食城,116.67212337551884,39.89431157497784,2000,2565,,,25,北京通州果园小区_晚上_040,晚上,北京通州果园小区_晚上_wgs84.csv,1,1,0,food_court
20016970219,,谢宝林烤肉拌饭(第6号档口喵星美食城),5.0,回复超快;61人觉得好吃,最高28;12元;10元店铺红包;夜宵100减30;优评领20元店铺券;集点返3元;支持自取;线上开票,蜂鸟准时达,,永顺东里1号15幢三层,116.6476496751194,39.92065368865214,5000,3933,,,28,北京通州果园小区_晚上_134,晚上,北京通州果园小区_晚上_wgs84.csv,1,1,0,food_court
20017589299,,上上签·脆皮烤鸭卷·五花肉卷(第1号档口喵星美食城),4.9,35人觉得好吃,最高28;12元;2元店铺红包;夜宵100减30;关注0.1元商品券;返2元红包;集点返3元;支持自取;线上开票;极速退,蜂鸟准时达,12.0,永顺东里1号15幢-1层,116.64757187734892,39.92068882655605,600,3942,,,28,北京通州果园小区_晚上_285,晚上,北京通州果园小区_晚上_wgs84.csv,1,1,0,food_court
20015413057,,米一仙·成都现炒川菜(第01号档口通州美食城),5.0,609人觉得口感丰富,2元店铺红包;夜宵100减30;优评领1元店铺券;返2元红包;集点返5元;线上开票;售后无忧,蜂鸟准时达,19.0,云景东路11-3号-1层11-3-0、2层11-3-2、11-4号-1层11-4-0、2层11-4-2,116.66033965073768,39.8804138727985,1000,2239,,,25,北京通州果园小区_晚上_293,晚上,北京通州果园小区_晚上_wgs84.csv,1,1,0,food_court
20022054227,,旺品红·豆豉蒸鸡·猪肘饭(梨园店)(第7号档口淘宝城美食城),5.0,口味正宗;26人觉得很下饭,最高28;12元;1元店铺红包;夜宵58减21;优评领5元店铺券;返2元红包;集点返3元;线上开票,蜂鸟准时达,17.0,云景东路2号1层,116.66312558309092,39.88172746485316,800,2114,,,26,北京通州果园小区_晚上_367,晚上,北京通州果园小区_晚上_wgs84.csv,1,1,0,food_court
20007661473,,王小饱过桥米线(第23号档口喵星美食城),5.0,22人觉得好吃,最高28;12元;2元店铺红包;夜宵100减30;优评领3元店铺券;集点返5元;支持自取;线上开票;售后无忧,蜂鸟准时达,,永顺东里1号15幢3层,116.64780526784376,39.92060341174766,900,3920,,,31,北京通州果园小区_晚上_437,晚上,北京通州果园小区_晚上_wgs84.csv,1,1,0,food_court
20006003199,,甜小妹鲜炖·花胶·燕窝·红糖水,5.0,生活不止诗与远方，还有一碗滋补炖汤,最高28;12元;夜宵58减21;优评领3元店铺券;集点返5元;线上开票;售后无忧,蜂鸟准时达,17.0,梨园东里2号菜市场铭益美食城,116.68060687784936,39.88350913847076,200,3470,,,32,北京通州果园小区_晚上_441,晚上,北京通州果园小区_晚上_wgs84.csv,1,0,0,food_court
20023630228,,石家庄牛肉板面(第4档口果园物美美食城),4.8,17人觉得味道很好,最高28;12元;夜宵100减30;支持自取;线上开票,蜂鸟准时达,16.0,通朝大街103号1层F1-010,116.63492993253004,39.89240730077282,200,1212,,,20,北京通州果园小区_晚上_453,晚上,北京通州果园小区_晚上_wgs84.csv,1,1,0,food_court
20024127489,,森小小过桥米线(惠民美食城第18号档口),5.0,44人觉得好吃;回复超快,最高28;12元;2元店铺红包;夜宵100减30;首次光顾减1;集点返5元;线上开票;售后无忧,蜂鸟准时达,12.0,物资学院路3号地下一层,116.6332758407519,39.92416143496182,1000,5655,,,31,北京通州果园小区_晚上_457,晚上,北京通州果园小区_晚上_wgs84.csv,1,1,0,food_court
20024654229,,椒小小彩云之南山边牛肉饭(第15档口玺马玉惠美食城),5.0,包装好评率100%,最高28;12元;1元店铺红包;夜宵58减21;优评领1元店铺券;集点返3元;支持自取;线上开票;售后无忧,蜂鸟准时达,12.0,云景东路玺马玉惠美食城,116.66023097486222,39.88027808737161,500,2258,,,24,北京通州果园小区_晚上_511,晚上,北京通州果园小区_晚上_wgs84.csv,1,1,0,food_court
20024156492,,山西刀削面(第1号档口世纪华联美食城),5.0,包装好评率100%,最高28;12元;1元店铺红包;夜宵100减30;首次光顾减1;优评领2元店铺券;线上开票,蜂鸟准时达,16.0,万盛北里甲420号-1003、-1004、-1005,116.64123726053344,39.87152912472914,100,3107,,,25,北京通州果园小区_晚上_530,晚上,北京通州果园小区_晚上_wgs84.csv,1,1,0,food_court
20017452025,,一家很哇塞鸭血粉丝汤(第3档口果园物美美食城),4.9,65人觉得味道不错,最高28;12元;夜宵100减30;返2元红包;支持自取;线上开票;售后无忧,蜂鸟准时达,16.0,通朝大街103号物美超市内一层,116.63494689114144,39.89242427373397,300,1208,,,20,北京通州果园小区_晚上_534,晚上,北京通州果园小区_晚上_wgs84.csv,1,1,0,food_court
264065131,,桃园煲仔饭(第13号档口百万鲜果美食城),4.9,口味正宗;641人觉得好吃;近7日447人下单,最高28;49减1;69减2;89减3;1元店铺红包;优评领2元店铺券;线上开票;极速退,蜂鸟准时达,16.0,西单北大街14号百万鲜果生鲜超市2层美食城内,116.367611003431,39.91658651422578,1000,1413,15.0,0.0,26,北京金融街中心广场_中午_009,中午,北京金融街中心广场_中午_wgs84.csv,1,1,0,food_court
20001411135,品牌,嘎嘎香东北老饭盒(第11号档口百万鲜果美食城),4.7,口味正宗;回复超快;28人觉得口感好吃,最高28;32减2;45减3;65减5;118减8;138减12;2元店铺红包;优评领3元店铺券;集点返4元;售后无忧,蜂鸟准时达,11.0,西单北大街14号二层（大酱坊胡同与西单北大街交叉口）,116.3676709069034,39.91671444121682,2000,1401,15.0,0.0,27,北京金融街中心广场_中午_016,中午,北京金融街中心广场_中午_wgs84.csv,1,1,0,food_court
1097936321,品牌,农耕记·湖南土菜(第20档口口福汇美食城),4.8,679人觉得口感丰富;回复超快,最高28;58减3;98减6;168减8;208减12;268减15;返3元红包;支持自取;线上开票,蜂鸟准时达,22.0,北小马厂6号-01层-01号,116.32982912664067,39.8964518412402,4000,4008,15.0,0.8,46,北京金融街中心广场_中午_018,中午,北京金融街中心广场_中午_wgs84.csv,1,1,0,food_court
20013231495,,海盗虾饭·小龙虾饭(第1档口百万美食城),4.8,12人觉得口感很好,最高28;49减1;69减2;2元店铺红包;首次光顾减2;返2元红包;集点返5元;支持自取;线上开票;极速退,蜂鸟准时达,18.0,阜外南营房煤厂西院5幢1层01号,116.34455286710644,39.919624957369166,800,1453,20.0,0.0,25,北京金融街中心广场_中午_024,中午,北京金融街中心广场_中午_wgs84.csv,1,1,0,food_court
20020443267,品牌,轻禾小厨现炒健康菜·拒绝预制菜(第1档口新街口美食城),4.8,回复超快;185人觉得好吃,最高28;30减2;38减3;58减4;108减8;200减15;售后无忧,蜂鸟准时达,19.0,新街口南大街80号甲,116.36688153419276,39.93586955622612,5000,3080,22.0,0.0,34,北京金融街中心广场_中午_037,中午,北京金融街中心广场_中午_wgs84.csv,1,1,0,food_court
425488279,,京愉·黄焖鸡米饭·排骨米饭(第3号档口三庙美食城),4.8,口味正宗;1072人觉得好吃;近7日336人下单,最高28;46减3;68减5;88减7;108减9;2元店铺红包;线上开票;极速退,蜂鸟准时达,13.0,光彩胡同8号1幢、2幢,116.36012021589364,39.90035256749084,1000,2113,0.0,0.0,35,北京金融街中心广场_中午_047,中午,北京金融街中心广场_中午_wgs84.csv,1,1,0,food_court
252139043,,过桥·米线(第7号档口百万鲜果美食城),4.9,4262人觉得好吃;近7日699人下单;回复超快,最高28;29减2;45减3;88减5;138减6;158减11;2元店铺红包;优评领2元店铺券;返2元红包;集点返5元;支持自取,蜂鸟准时达,13.0,西单北大街14号百万生鲜超市2楼,116.36761698140263,39.916696502843465,2000,1401,15.0,0.0,28,北京金融街中心广场_中午_048,中午,北京金融街中心广场_中午_wgs84.csv,1,1,0,food_court
20017940114,,喜膳丨中式健康菜·绝无预制菜(第二档口食欢乐美厨美食城),4.7,11人觉得色香味俱全;回复超快,最高28;66减4;88减6;2元店铺红包;优评领3元店铺券;线上开票;售后无忧,蜂鸟准时达,16.0,广安门外大街305号八区15、16、17号楼1层108,116.3305210606474,39.89241371396782,3000,4419,25.0,0.8,62,北京金融街中心广场_中午_057,中午,北京金融街中心广场_中午_wgs84.csv,1,1,0,food_court
20015783019,,一家吃到爽的炒面炒饼店!王大盒(第9档口百万鲜果美食城),4.9,47人觉得好吃,最高28;36减2;53减4;75减6;1元店铺红包;集点返3元;支持自取,蜂鸟准时达,11.0,阜外南营房煤厂西院5幢1层01号,116.34448992977096,39.9201600435038,2000,1466,15.0,0.0,30,北京金融街中心广场_中午_064,中午,北京金融街中心广场_中午_wgs84.csv,1,1,0,food_court
20018848078,,岭上人家·炒饼·炒米粉(第2号档口建德汇美食城),4.9,14人觉得口感佳;回复超快,最高28;35减2;50减4;80减6;120减10;2元店铺红包;集点返3元;支持自取;线上开票,蜂鸟准时达,13.0,光彩胡同8号,116.3601531629154,39.90034752289678,1000,2113,15.0,0.0,29,北京金融街中心广场_中午_073,中午,北京金融街中心广场_中午_wgs84.csv,1,1,0,food_court
1100846054,,祁姥姥家的疙瘩汤(第3号档口味超美美食城),4.9,11人觉得口感顶级,最高28;38减2;48减3;68减5;98减8;2元店铺红包;极速退;售后无忧,蜂鸟准时达,16.0,新街口南大街乙61号旁门,116.36638114896428,39.93646711363434,900,3148,20.0,0.0,36,北京金融街中心广场_中午_077,中午,北京金融街中心广场_中午_wgs84.csv,1,1,0,food_court
20025387046,,喜赞·轻食沙拉·健康餐(第5档口幸运时间美食城),5.0,69人觉得好吃;回复超快,最高28;48减3;68减4;88减5;集点返5元,蜂鸟准时达,18.0,宣武门外大街32号1幢5层,116.36874460163094,39.892319323520304,300,3606,20.0,1.5,59,北京金融街中心广场_中午_098,中午,北京金融街中心广场_中午_wgs84.csv,1,1,0,food_court
20014995010,,粤港至尊肠粉皇港式茶点炒粉(第6号档口德祥源美食城),4.6,10人觉得口感很不错,最高28;38减1;58减2;98减4;138减8;188减12;关注1.2元商品券;优评领3元店铺券;支持自取,蜂鸟准时达,15.0,阜外南营房11号楼,116.34262678969748,39.920498271084526,1000,1731,20.0,0.0,27,北京金融街中心广场_中午_110,中午,北京金融街中心广场_中午_wgs84.csv,1,1,0,food_court
20015024105,,饭否丨中式健康菜·营养餐(第3档口门里门外美食城),4.5,10人觉得色香味俱全,最高28;66减4;88减6;2元店铺红包;售后无忧,蜂鸟准时达,15.0,广安门外大街305号八区15、16、17号楼1层108,116.32989154682164,39.89199892761646,1000,4683,20.0,1.9,63,北京金融街中心广场_中午_112,中午,北京金融街中心广场_中午_wgs84.csv,1,1,0,food_court
20000740269,,超哥·特色烤肉拌饭(第6号档口建德美食城),4.5,126人觉得好吃,最高28;40减4;60减6;80减8;100减10;线上开票;极速退;售后无忧,蜂鸟准时达,13.0,光彩胡同8号,116.3601531629154,39.90034752289678,200,2113,15.0,0.0,34,北京金融街中心广场_中午_119,中午,北京金融街中心广场_中午_wgs84.csv,1,1,0,food_court
20023816330,,萌煮肥牛鸡骨汤饭(第6号档口金瀛广联美食城),5.0,65人觉得味道不错,最高28;28减1;48减2;3元店铺红包;优评领2元店铺券;集点返5元;售后无忧,蜂鸟准时达,14.0,南草厂街11号3号楼1层101-01,116.35773344865414,39.9376953266172,500,3204,20.0,0.0,31,北京金融街中心广场_中午_122,中午,北京金融街中心广场_中午_wgs84.csv,1,1,0,food_court
20014511098,,人均十六吃饱饱超级生态盒饭(第7档口老街巷美食城),4.9,回复超快;75人觉得好吃,最高28;35减1;55减3;75减5;100减8;1元店铺红包;返4元红包;售后无忧,蜂鸟准时达,11.0,三里河路17号一层北侧-01层01号,116.32666454311396,39.92675157686264,4000,3729,20.0,0.0,59,北京金融街中心广场_中午_140,中午,北京金融街中心广场_中午_wgs84.csv,1,1,0,food_court
660746213,,状元派丨长沙盖码饭(第一档口老街巷美食城),5.0,1974人觉得好吃;回复超快;近7日693人下单,最高28;32减2;39减3;59减5;89减8;3元店铺红包;优评领5元店铺券;返5元红包;集点返3元;极速退;售后无忧,蜂鸟准时达,,三里河路17号一层北侧-01层01号,116.32699679563729,39.92662894568245,2000,3694,15.0,0.3,59,北京金融街中心广场_中午_142,中午,北京金融街中心广场_中午_wgs84.csv,1,1,0,food_court
20012752002,,川普の自选盒饭(第4档口老街巷美食城),4.8,回复超快;76人觉得味道不错,最高28;2元店铺红包;售后无忧,蜂鸟准时达,13.0,三里河路17号一层北侧-01层01号,116.32608987358296,39.92667268144396,1000,3770,24.0,0.0,56,北京金融街中心广场_中午_145,中午,北京金融街中心广场_中午_wgs84.csv,1,1,0,food_court
239934105,,西直门重庆鸡公煲(第6号档口超市发美食城),4.8,回复超快;14人觉得口感不错;近7日675人下单,最高28;2元店铺红包;优评领2元店铺券;返2元红包;集点返5元;满赠;支持自取;线上开票;极速退;售后无忧,蜂鸟准时达,13.0,前公用胡同14号,116.36604256036544,39.93695249216472,2000,3204,30.0,0.0,37,北京金融街中心广场_中午_157,中午,北京金融街中心广场_中午_wgs84.csv,1,1,0,food_court
233267374,,和合谷·现炒更好吃(富卓店),4.9,685人觉得味道不错;近7日307人下单,最高28;45减3;关注1.9元商品券;线上开票,蜂鸟准时达,16.0,宣外大街32号富卓大厦5层幸运时间美食广场内,116.3688934706263,39.89184018352488,1000,3658,20.0,0.0,46,北京金融街中心广场_中午_201,中午,北京金融街中心广场_中午_wgs84.csv,1,0,0,food_court
687405296,,袁记云饺(第十八档口百万鲜果美食城),5.0,531人觉得好吃,最高28;58减6;88减10;128减15;2元店铺红包;首次光顾减1;优评领2元店铺券;返3元红包;支持自取;线上开票;极速退,蜂鸟准时达,17.0,西单北大街14号（百万生鲜超市门口）,116.36766490524936,39.9167904447897,900,1390,15.0,0.0,28,北京金融街中心广场_中午_210,中午,北京金融街中心广场_中午_wgs84.csv,1,1,0,food_court
391433177,品牌,瑞幸咖啡(万通金融中心美食城店),4.6,午餐热搜;28人觉得味道很好,最高28;1元店铺红包,商家自配送,11.0,阜成门外大街2号万通金融中心负1层b1-11-02号,116.34735889364076,39.92152511638177,700,1418,20.0,0.0,30,北京金融街中心广场_中午_227,中午,北京金融街中心广场_中午_wgs84.csv,1,0,0,food_court
686399349,品牌,融柳·大铁牛螺蛳粉(第四号档口老白广美食城),4.9,回复超快;58人觉得味道正宗;近7日640人下单,最高28;68减1;98减3;1元店铺红包;关注2元商品券;返2元红包;支持自取,蜂鸟准时达,14.0,白广路17号2层、1层、地下1层,116.35236615965698,39.88208477928554,2000,4381,35.0,1.1,48,北京金融街中心广场_中午_275,中午,北京金融街中心广场_中午_wgs84.csv,1,1,0,food_court
252087211,,小方桂林米粉(第26号档口口福汇美食城),4.6,27人觉得口感很好,最高28;1元店铺红包;优评领2元店铺券;线上开票;极速退,蜂鸟准时达,10.0,北小马厂6号-01层-01号,116.32993987416984,39.89645163089845,500,4008,15.0,2.1,39,北京金融街中心广场_中午_312,中午,北京金融街中心广场_中午_wgs84.csv,1,1,0,food_court
1097758497,,喝汤时间·养生汤·简餐(第1档口文惠美食城),4.6,395人觉得味道不错,最高28;48减1;62减2;88减4;1元店铺红包;支持自取;线上开票;极速退,蜂鸟准时达,17.0,"文慧园北路9号今典花园5至7号楼之间商业楼1层,2层201",116.35401810155066,39.95284020665471,500,5127,0.0,5.4,53,北京金融街中心广场_中午_398,中午,北京金融街中心广场_中午_wgs84.csv,1,1,0,food_court
1069917260,,厚府·牛油拌饭(第B25档口橘猫精选美食城),4.9,94人觉得口感好吃;近7日691人下单,最高28;49减2;69减3;99减5;支持自取;极速退,蜂鸟准时达,14.0,四道口2号院1号楼二层202号,116.33983592148957,39.95863369678574,3000,5749,20.0,2.7,59,北京金融街中心广场_中午_422,中午,北京金融街中心广场_中午_wgs84.csv,1,1,0,food_court
20012210350,,奶奶家的打卤面(第10号档口口福汇美食城),4.7,30人觉得味道不错,最高28;3元;25减1;35减2;45减4;支持自取,蜂鸟准时达,16.0,北小马厂6号-01层-01号,116.3298809593253,39.89684072507802,400,4047,20.0,2.3,41,北京金融街中心广场_中午_452,中午,北京金融街中心广场_中午_wgs84.csv,1,1,0,food_court
1108071015,品牌,老乡鸡(北京广安路店),4.9,回复超快;菜户营桥西盖浇饭热销榜·第1名,最高28;支持自取;线上开票,蜂鸟准时达,23.0,广安路9号院11号楼愉缇港美食广场B1老乡鸡，下扶梯右手边,116.3166600589661,39.89068236283545,3000,5708,25.0,6.5,52,北京金融街中心广场_中午_459,中午,北京金融街中心广场_中午_wgs84.csv,1,1,0,food_court
234789181,品牌,曼玲粥·馅饼(西单店第6号档口百万鲜果美食城),5.0,回复超快;815人觉得好吃;近7日935人下单,7元老朋友补贴;最高28;32减1;45减2;2元店铺红包;优评领2元店铺券;集点返3元;支持自取;线上开票,蜂鸟准时达,15.0,西单北大街14号二层,116.36769387516624,39.91672241498361,4000,1401,20.0,0.5,20,北京金融街中心广场_宵夜_005,宵夜,北京金融街中心广场_宵夜_wgs84.csv,1,1,0,food_court
852887170,,一碗香●麻辣香锅●新鲜现炒(第5档口百万鲜果美食城店),5.0,近7日601人下单;回复超快;4205人觉得好吃,7元老朋友补贴;最高28;12元;25减1;35减2;45减3;55减5;夜宵58减21;线上开票,蜂鸟准时达,21.0,阜外南营房煤厂西院5幢1层01号,116.3445967721393,39.91965588045541,2000,1453,20.0,0.0,21,北京金融街中心广场_宵夜_032,宵夜,北京金融街中心广场_宵夜_wgs84.csv,1,1,0,food_court
866196099,品牌,花小小新疆炒米粉·烤包子(第5档口泰德旺美食城店),4.9,回复超快;3087人觉得好吃;近7日746人下单,7元老朋友补贴;最高28;30减1;48减2;68减3;88减4;夜宵100减30;关注1.9元商品券;优评领10元店铺券;集点返3元;满赠;线上开票;售后无忧,蜂鸟准时达,14.0,阜外南营房11号楼旁2幢102室,116.34252501869952,39.92038945435685,2000,1729,20.0,0.0,22,北京金融街中心广场_宵夜_036,宵夜,北京金融街中心广场_宵夜_wgs84.csv,1,1,0,food_court
20007750221,,鲜饺坊纯手工东北大馅饺子(第4号档口西城美食城),4.7,121人觉得好吃,7元老朋友补贴;最高28;39减2;59减4;99减6;189减14;2元店铺红包;夜宵100减30;支持自取;售后无忧,蜂鸟准时达,14.0,莲花池东路甲5号院1号楼1层101-16,116.33386885760136,39.897417182574095,600,3772,20.0,7.4,27,北京金融街中心广场_宵夜_055,宵夜,北京金融街中心广场_宵夜_wgs84.csv,1,1,0,food_court
1056889119,,闫姐烤冷面臭豆腐(第五号档口光彩美食城),4.7,近7日425人下单;112人觉得好吃,7元老朋友补贴;最高28;28减4;48减7;70减14;100减20;夜宵100减30;返2元红包;支持自取;线上开票;售后无忧,蜂鸟准时达,13.0,光彩胡同8号楼1幢,116.3601172206425,39.90035357152207,1000,2113,20.0,0.0,20,北京金融街中心广场_宵夜_096,宵夜,北京金融街中心广场_宵夜_wgs84.csv,1,1,0,food_court
1103617403,品牌,抖喜·新疆炒米粉(第36档口口福汇美食城店),4.8,293人觉得好吃;海淀区米粉米线热销榜·上榜好店,7元老朋友补贴;最高28;12元;35减1;48减2;68减3;88减4;108减5;1元店铺红包;夜宵100减30;关注1.9元商品券;返2元红包;集点返3元;满赠;支持自取;线上开票;售后无忧,蜂鸟准时达,13.0,北小马厂6号-01层-01号,116.32982912664067,39.8964518412402,400,4008,0.0,2.3,38,北京金融街中心广场_宵夜_103,宵夜,北京金融街中心广场_宵夜_wgs84.csv,1,1,0,food_court
1096324429,品牌,Obligi Chicken韩式炸鸡(第1号档口前门河沿美食城),4.9,近7日371人下单;858人觉得好吃,7元老朋友补贴;最高28;12元;38减1;48减2;65减3;返2元红包;集点返3元;售后无忧,蜂鸟准时达,15.0,前门西河沿街35号、37号,116.3884494152225,39.89768470956474,1000,4664,20.0,3.2,39,北京金融街中心广场_宵夜_114,宵夜,北京金融街中心广场_宵夜_wgs84.csv,1,1,0,food_court
1091727146,,汉小江·超级热干面·大碗胡辣汤(第9档口华辰美食城),4.4,口味正宗;12人觉得口感很好;回复超快,7元老朋友补贴;最高28;1元店铺红包;夜宵100减30;支持自取;售后无忧,蜂鸟准时达,12.0,莲花池东路甲5号院1号楼1单元大堂,116.33389487835072,39.89679116240693,900,3792,20.0,7.4,41,北京金融街中心广场_宵夜_116,宵夜,北京金融街中心广场_宵夜_wgs84.csv,1,1,0,food_court
20007654070,,叫了只炸鸡(第2号档口鲜e家美食城),4.7,157人觉得好吃,7元老朋友补贴;最高28;45减1;65减4;85减6;100减10;2元店铺红包;夜宵58减21;返3元红包;支持自取;售后无忧,蜂鸟准时达,16.0,南草厂街11号3号楼1层101-01,116.35773344865414,39.9376953266172,1000,3204,19.0,0.0,36,北京金融街中心广场_宵夜_126,宵夜,北京金融街中心广场_宵夜_wgs84.csv,1,1,0,food_court
20017324314,,陕十一·凉皮·肉夹馍·卷饼·手工包·鲜粥(第六档口生活之本美食城),4.7,回复超快;16人觉得口感不错,7元老朋友补贴;最高28;12元;38减1;48减2;58减3;68减4;夜宵58减21;售后无忧,蜂鸟准时达,14.0,红居斜街9号（生活之本超市内）,116.3326883132094,39.883195061294224,3000,5294,30.0,2.0,46,北京金融街中心广场_宵夜_137,宵夜,北京金融街中心广场_宵夜_wgs84.csv,1,1,0,food_court
262883496,,云南过桥米线(第2号档口南门美食城),4.9,近7日918人下单;1101人觉得好吃;回复超快,7元老朋友补贴;最高28;12元;夜宵58减21;支持自取;线上开票,蜂鸟准时达,14.0,文慧园北路7号,116.35402308758847,39.95287819755892,3000,5127,0.0,2.2,34,北京金融街中心广场_宵夜_264,宵夜,北京金融街中心广场_宵夜_wgs84.csv,1,1,0,food_court
20012258006,,重庆鸡公煲(第18号档口橘猫精选美食城),4.9,140人觉得好吃,7元老朋友补贴;最高28;12元;21减1;46减2;69减3;99减4;150减20;夜宵58减21;首次光顾减1;售后无忧,蜂鸟准时达,16.0,四道口路2号院橘猫美食城,116.3397980445282,39.958310777688965,900,5737,15.0,3.6,39,北京金融街中心广场_宵夜_278,宵夜,北京金融街中心广场_宵夜_wgs84.csv,1,1,0,food_court
20017129059,,犇犇堡·炙烤牛肉汉堡(第2档口老白广路美食城),4.9,广安门内汉堡薯条热销榜·第5名;128人觉得好吃,7元老朋友补贴;最高28;12元;68减1;98减4;128减7;1元店铺红包;夜宵58减21;优评领3元店铺券;返2元红包;集点返5元;满赠;支持自取,蜂鸟准时达,19.0,白广路17号二层、一层、地下一层,116.35259771761338,39.8821494149861,300,4349,20.0,2.2,36,北京金融街中心广场_宵夜_312,宵夜,北京金融街中心广场_宵夜_wgs84.csv,1,1,0,food_court
20005423035,,鲜锦润·低脂海南鸡饭(第1号档口春晖超市美食城),4.8,188人觉得好吃;动物园盖浇饭回头客榜·第4名,7元老朋友补贴;最高28;12元;38减2;55减4;68减6;2元店铺红包;夜宵58减21;返2元红包;支持自取;线上开票;售后无忧,蜂鸟全城达,15.0,车公庄西路35号7号平房02室,116.30843797286067,39.93429500079837,500,6142,35.0,11.0,43,北京金融街中心广场_宵夜_435,宵夜,北京金融街中心广场_宵夜_wgs84.csv,1,1,0,food_court
20008491368,品牌,Obligi Chicken韩式炸鸡(第1档口雍和宫食味坊城美食城),4.8,184人觉得好吃;回复超快,7元老朋友补贴;最高28;12元;38减1;48减2;65减3;3元店铺红包;夜宵100减30;优评领2元店铺券;返3元红包;集点返5元;满赠;透明餐厅;支持自取,蜂鸟全城达,14.0,安定门东大街28号1号楼地下一层D区,116.41450782173496,39.94714168633287,1000,8470,35.0,14.0,42,北京金融街中心广场_宵夜_495,宵夜,北京金融街中心广场_宵夜_wgs84.csv,1,1,0,food_court
1093381147,,铁锅柴鸡家常菜(第10号号档口义信堂美食城),4.6,273人觉得味道不错;近7日1295人下单,最高28;45减2;88减5;116减8;138减10;208减15;3元店铺红包;首次光顾减2;关注14.8元商品券;优评领1.5元店铺券;支持自取;线上开票;极速退;售后无忧,蜂鸟准时达,10.0,西单明珠8层,116.36998391824449,39.90891325431049,4000,2115,22.0,0.0,30,北京金融街中心广场_晚上_092,晚上,北京金融街中心广场_晚上_wgs84.csv,1,1,0,food_court
1096124251,,人合东北大饭包(第3号档口物美美食城),3.7,25人觉得味道正宗,最高28;12元;支持自取;线上开票;售后无忧,蜂鸟准时达,13.0,三里河一区5号院7、8、9号楼及群房1层101、102、-1层-101、-2层-201,116.3382310821877,39.91396840833059,500,1823,15.0,0.3,35,北京金融街中心广场_晚上_106,晚上,北京金融街中心广场_晚上_wgs84.csv,1,1,0,food_court
1064367085,,螺哥儿.柳州螺蛳粉(第6档口两岸情缘美食城),4.9,回复超快;150人觉得味道正宗;近7日523人下单,最高28;支持自取;线上开票;售后无忧,蜂鸟准时达,14.0,光彩胡同8号1幢、2幢,116.3599484676354,39.900575791649125,2000,2096,0.0,0.0,20,北京金融街中心广场_晚上_159,晚上,北京金融街中心广场_晚上_wgs84.csv,1,1,0,food_court
20014992202,,南城面道·铁锅焖面(第三档口好食汇美食城),4.9,25人觉得好吃,最高28;12元;2元店铺红包;返2元红包;集点返5元;支持自取,蜂鸟准时达,10.0,横二条59号楼7层1-263号7030,116.36968128409929,39.90900356975707,2000,2106,15.0,0.0,28,北京金融街中心广场_晚上_172,晚上,北京金融街中心广场_晚上_wgs84.csv,1,1,0,food_court
1101030194,品牌,熹冒·牛油火锅冒菜·麻辣烫(第k08档口鲜e家美食城),5.0,10人觉得口感好吃;回复超快,最高28;12元;32减2;42减3;52减4;1元店铺红包;关注0元商品券;优评领3元店铺券;支持自取;线上开票;售后无忧,蜂鸟准时达,15.0,南草厂街11号3号楼1层101-01,116.35764756299206,39.93795243897164,800,3219,16.0,0.0,27,北京金融街中心广场_晚上_233,晚上,北京金融街中心广场_晚上_wgs84.csv,1,1,0,food_court
1107853022,,四脚功夫肘·豪横隆江猪脚饭(第5号档口光彩美食城),4.8,53人觉得好吃,最高28;50减2;89减4;120减6;2元店铺红包;线上开票;售后无忧,蜂鸟准时达,10.0,光彩胡同8号1幢、2幢光彩胡同8号1幢、2幢光彩美食城第二档口,116.36012021589364,39.90035256749084,600,2113,25.0,0.0,24,北京金融街中心广场_晚上_293,晚上,北京金融街中心广场_晚上_wgs84.csv,1,1,0,food_court
20009319093,,楠火锅冒菜(王府井东方新天地店),4.9,东城区麻辣烫·第4名;回复超快;96人觉得好吃,最高28;12元;49减8;59减13;79减20;99减25;3元店铺红包;优评领1元店铺券;返3元红包;集点返5元;支持自取,蜂鸟准时达,19.0,市辖区东长安街东方新天地LG层第五区集结号美食街区内BB7-3号,116.41012051358894,39.90787015501522,1000,6178,20.0,1.6,32,北京金融街中心广场_晚上_319,晚上,北京金融街中心广场_晚上_wgs84.csv,1,0,0,food_court
20020201268,,翰香缘黄焖鸡米饭(第2号档口光彩美食城),4.7,28人觉得好吃,最高28;12元;40减2;70减4;100减6;集点返5元;支持自取;售后无忧,蜂鸟准时达,16.0,光彩胡同8号,116.3601531629154,39.90034752289678,200,2113,15.0,0.0,29,北京金融街中心广场_晚上_335,晚上,北京金融街中心广场_晚上_wgs84.csv,1,1,0,food_court
20016168357,,凉皮世家·老潼关肉夹馍(第7号档口德祥源美食城),5.0,59人觉得好吃,最高28;12元;关注0.9元商品券;返6元红包;集点返3元;支持自取,蜂鸟准时达,18.0,阜成门外大街5号阜成门外大街小区,116.34265976202089,39.92016722700937,400,1703,20.0,0.0,20,北京金融街中心广场_晚上_352,晚上,北京金融街中心广场_晚上_wgs84.csv,1,1,0,food_court
20023189445,,正宗云南过桥米线(第三档口北京华美美食城),4.8,22人觉得好吃,最高28;12元;30减1;40减2;55减3;70减4,蜂鸟准时达,12.0,莲花池东路甲5号莲花池东路甲5号生产经营场所,116.33328720526012,39.89710228500328,600,3813,22.0,0.0,34,北京金融街中心广场_晚上_354,晚上,北京金融街中心广场_晚上_wgs84.csv,1,1,0,food_court
20004327060,,夸父炸串(甘家口百货第1档口北京甘百里巷美食城),4.8,21人觉得口味适中;回复超快,最高28;12元;35减1;55减2;75减3;108减5;3元店铺红包;首次光顾减1;优评领3元店铺券;支持自取;线上开票;售后无忧,蜂鸟准时达,18.0,甘家口百货6层甘百里巷美食广场D04,116.3268591339256,39.92645321643642,1000,3703,25.0,0.0,25,北京金融街中心广场_晚上_372,晚上,北京金融街中心广场_晚上_wgs84.csv,1,1,0,food_court
20011424117,,云南过桥米线锡纸花甲粉(第1号档口百万鲜果美食城),4.4,包装好评率100%,最高28;12元;40减2;58减5;81减8;首次光顾减1;支持自取,蜂鸟准时达,17.0,阜外南营房煤厂西院5幢1层01号,116.3450558469026,39.91946509976674,67,1432,15.0,3.8,20,北京金融街中心广场_晚上_374,晚上,北京金融街中心广场_晚上_wgs84.csv,1,1,0,food_court
1113189273,,饼不厌炸炸串·拌饼(第4号档口金瀛通达美食城),4.8,34人觉得口感好吃;近7日362人下单,最高28;33减2;35减3;45减5;55减8;69减11;1元店铺红包;优评领2元店铺券;返2元红包;集点返3元;线上开票,蜂鸟准时达,19.0,南草厂街11号2号楼1层01、3号楼1层101,116.35759468855052,39.93767852555951,1000,3205,20.0,1.0,25,北京金融街中心广场_晚上_413,晚上,北京金融街中心广场_晚上_wgs84.csv,1,1,0,food_court
20013174190,,酱骨米饭(第8号档口口福汇美食城),4.7,27人觉得味道不错,最高28;12元;50减3;100减10;支持自取,蜂鸟准时达,11.0,北小马厂6号-01层-01号,116.3298809593253,39.89684072507802,2000,4047,15.0,2.1,31,北京金融街中心广场_晚上_454,晚上,北京金融街中心广场_晚上_wgs84.csv,1,1,0,food_court
1090879304,,川海丰尚砂锅麻辣烫(第3号档口白广源美食城),4.4,134人觉得好吃,最高28;29减9;38减10;58减14;68减20;返2元红包;集点返3元;线上开票;售后无忧,蜂鸟准时达,20.0,白广路17号,116.3525338343436,39.88217151341741,500,4343,15.0,6.1,63,北京金融街中心广场_晚上_456,晚上,北京金融街中心广场_晚上_wgs84.csv,1,1,0,food_court
20013772382,,赌上厨师职业生涯的炒饭!锄禾蛋炒饭·炒面·炒粉(第6号档口兄弟星厨美食城),4.8,102人觉得好吃;回复超快,11元老朋友补贴;最高28;17元;58减1;78减2;98减3;108减5;关注0.8元商品券;返2元红包;售后无忧,蜂鸟准时达,13.0,定福庄西街1号,116.5451799616396,39.91143460356011,3000,3832,0.0,1.3,35,北京青年汇佳园_中午_008,中午,北京青年汇佳园_中午_wgs84.csv,1,1,0,food_court
889885059,,云南过桥米线(第8号档口食域美食城),4.8,口味正宗;近7日527人下单;69人觉得口感很好,11元老朋友补贴;最高28;17元;36减1;66减3;100减5;1元店铺红包;支持自取;线上开票;售后无忧,蜂鸟准时达,13.0,朝阳路甘露园4号楼1层,116.50660966947407,39.91539664209359,1000,1161,15.0,0.0,25,北京青年汇佳园_中午_025,中午,北京青年汇佳园_中午_wgs84.csv,1,1,0,food_court
20020264440,,阿嫂隆江猪脚饭·炒菜(第5档口康家沟美食城),5.0,287人觉得好吃,11元老朋友补贴;最高28;17元;38减1;78减2;118减3;1元店铺红包;支持自取;售后无忧,蜂鸟准时达,16.0,高碑店乡康家沟村188号一层101-115室、二层201-215室、三层301-315室、四层401-415室,116.51038927165388,39.90906186294539,500,1754,0.0,0.0,30,北京青年汇佳园_中午_031,中午,北京青年汇佳园_中午_wgs84.csv,1,1,0,food_court
1098508084,,华盛脆皮鸡烤肉拌饭(第9号档口乐食美食城),4.9,239人觉得好吃,11元老朋友补贴;最高28;17元;33减3;55减5;线上开票;售后无忧,蜂鸟准时达,10.0,甘露园中里1号楼1至2层f,116.51176492476787,39.91975735409464,1000,200,15.0,0.0,18,北京青年汇佳园_中午_034,中午,北京青年汇佳园_中午_wgs84.csv,1,1,0,food_court
1101021153,,正宗东北川天椒麻辣烫(第2号档口潮悦美食城),4.4,近7日522人下单;口味正宗;124人觉得好吃,11元老朋友补贴;最高28;17元;28减1;38减2;58减4;88减8;2元店铺红包;支持自取;售后无忧,蜂鸟准时达,18.0,青年路姚家园113号11幢潮悦美食城2层,116.51159766443992,39.925114656276975,1000,806,25.0,0.0,29,北京青年汇佳园_中午_046,中午,北京青年汇佳园_中午_wgs84.csv,1,1,0,food_court
1100047418,,五谷杂粮鱼粉(第4号档口朝阳路美食城),4.9,近7日436人下单;155人觉得好吃;回复超快,11元老朋友补贴;最高28;17元;49减2;68减8;108减13;148减20;3元店铺红包;首次光顾减1;优评领8元店铺券;线上开票;售后无忧,蜂鸟准时达,14.0,朝阳路67号9号楼1层115,116.52999663090752,39.91584043411666,1000,2234,20.0,0.0,29,北京青年汇佳园_中午_055,中午,北京青年汇佳园_中午_wgs84.csv,1,1,0,food_court
20007772322,品牌,太太好粥(青年路店),4.8,116人觉得好吃,49减2;69减5;89减7;支持自取;线上开票,蜂鸟准时达,15.0,青年路西里3号院10号住楼-1层B1-15（新亿美食城）,116.50964959793478,39.933360730016176,3000,1817,20.0,0.0,29,北京青年汇佳园_中午_071,中午,北京青年汇佳园_中午_wgs84.csv,1,1,0,food_court
1092697291,品牌,农耕记·湖南土菜(第9档口新亿美食城),4.9,近7日397人下单;回复超快;51人觉得很下饭,58减3;98减6;168减8;208减12;268减15;返3元红包;支持自取;线上开票,蜂鸟准时达,22.0,青年路西里3号院10号楼-1层B1-15,116.51056293189778,39.933212364674354,1000,1734,20.0,0.0,29,北京青年汇佳园_中午_072,中午,北京青年汇佳园_中午_wgs84.csv,1,1,0,food_court
262163326,,东北特色砂锅米线(第8档口极速云厨美食城),5.0,585人觉得好吃;回复超快,39减2;59减3;79减5;98减6;119减12;线上开票;售后无忧,蜂鸟准时达,12.0,十里堡(鑫帝大厦)一幢3层006号,116.4972948313334,39.91517812424245,1000,2090,20.0,3.8,37,北京青年汇佳园_中午_074,中午,北京青年汇佳园_中午_wgs84.csv,1,1,0,food_court
593585484,,四喜隆江猪脚饭(慈云寺店),4.9,821人觉得好吃,38减1;88减2;128减3;返2元红包;支持自取;线上开票,蜂鸟准时达,20.0,朝阳路八里庄街道住邦2000商务楼2号楼负1层湘彤美食城,116.4886482215819,39.913774407126056,800,2857,0.0,0.0,40,北京青年汇佳园_中午_077,中午,北京青年汇佳园_中午_wgs84.csv,1,0,0,food_court
1095275472,品牌,麦稻中式健康菜·绝无预制菜(第六档口悠哉美食城店),4.9,回复超快;31人觉得口感好;近7日888人下单,32减2;36减3;58减4;108减8;200减15;首次光顾减1;返2元红包;线上开票,蜂鸟准时达,19.0,定福庄西街南口(北花园农工商公司)二层部分,116.54537983574032,39.90819613841689,4000,4165,25.0,0.1,38,北京青年汇佳园_中午_085,中午,北京青年汇佳园_中午_wgs84.csv,1,1,0,food_court
238633414,品牌,渝是乎酸菜鱼·川渝小炒(第三十档口湘彤美食城),4.7,口味正宗;68人觉得口感非常不错,50减2;60减4;100减8;线上开票,蜂鸟准时达,21.0,八里庄西里99号-1层-105,116.48905074485448,39.913786603383016,1000,2820,20.0,0.0,38,北京青年汇佳园_中午_087,中午,北京青年汇佳园_中午_wgs84.csv,1,1,0,food_court
20013552129,,人民公社精品菜·新鲜现炒(第1号档口深夜美食城),4.9,235人觉得口感丰富;口味正宗;回复超快,11元老朋友补贴;最高28;17元;30减1;58减3;98减6;138减10;188减15;优评领3元店铺券;返10元红包;支持自取;极速退;售后无忧,蜂鸟准时达,26.0,北花园中路1号院7号楼1层104-1、104-2、2层104-1,116.54322812719998,39.90353100566699,5000,4719,20.0,0.0,37,北京青年汇佳园_中午_096,中午,北京青年汇佳园_中午_wgs84.csv,1,1,0,food_court
1098397247,,正宗东北砂锅米线(第1号档口星选闪电厨房美食城),5.0,13人觉得味道很正宗,11元老朋友补贴;最高28;17元;45减2;68减4;90减5;120减8;180减10;支持自取;售后无忧,蜂鸟准时达,18.0,朝阳路71号-1层-101-1,116.52486734572544,39.91650438728358,300,1886,15.0,0.0,29,北京青年汇佳园_中午_107,中午,北京青年汇佳园_中午_wgs84.csv,1,1,0,food_court
861015352,,永顺炸鸡(十里堡华堂店)果味美食城第1档口),5.0,92人觉得好吃,11元老朋友补贴;最高28;17元;38减3;69减7;99减12;159减20;支持自取,蜂鸟准时达,24.0,十里堡甲1号院1号楼北侧平房103,116.50145383143276,39.91253059470593,800,1926,20.0,0.0,25,北京青年汇佳园_中午_123,中午,北京青年汇佳园_中午_wgs84.csv,1,1,0,food_court
20010888237,品牌,拾里稻中式健康菜(第1号档口新亿美食城),4.8,10人觉得口感好,11元老朋友补贴;最高28;17元;32减2;38减3;68减5;108减8;168减16;2元店铺红包;优评领4元店铺券;返3元红包;线上开票,蜂鸟准时达,19.0,青年路西里3号院10号楼-1层B1-15,116.51058300470886,39.933211422361424,2000,1734,20.0,0.0,30,北京青年汇佳园_中午_131,中午,北京青年汇佳园_中午_wgs84.csv,1,1,0,food_court
1100077120,,麦香面馆·我们只做面条·打卤面是招牌,4.5,20人觉得口感蛮好,11元老朋友补贴;最高28;17元;60减1;70减2;80减3;120减5;260减10;1元店铺红包;优评领2元店铺券;透明餐厅;线上开票;极速退;售后无忧,蜂鸟准时达,14.0,高碑店乡半壁店村惠河南街1110号B座地下一层01号房鸿源美食街,116.50463701434614,39.902012439853856,1000,3887,0.0,0.0,32,北京青年汇佳园_中午_134,中午,北京青年汇佳园_中午_wgs84.csv,1,1,0,food_court
1056336020,,瑶家妹妹过桥米线黄焖鸡(第3号档口闪电星选美食城),5.0,33人觉得好吃,11元老朋友补贴;40减2;60减4;90减5;支持自取;售后无忧,蜂鸟准时达,24.0,朝阳路71号1层101-1号,116.52525562981144,39.9162944048985,100,1869,15.0,0.0,28,北京青年汇佳园_中午_145,中午,北京青年汇佳园_中午_wgs84.csv,1,1,0,food_court
1058491026,,十里八乡·沂蒙山鲜炒鸡(第B1档口大鱼美厨美食城),4.4,口味正宗;77人觉得很下饭,11元老朋友补贴;最高28;17元;165减1;1元店铺红包;优评领3元店铺券;返2元红包;线上开票;极速退;售后无忧,蜂鸟准时达,24.0,延静里西街与金台北街交叉口南220米,116.47680333998822,39.91855653317846,300,3816,0.0,0.0,40,北京青年汇佳园_中午_152,中午,北京青年汇佳园_中午_wgs84.csv,1,1,0,food_court
1058882021,,晋谷棒面道·手工面馆(第3号档口旺福盛美食城),5.0,32人觉得好吃,11元老朋友补贴;最高28;17元;支持自取;线上开票;售后无忧,蜂鸟准时达,21.0,朝阳路甘露园南里18号楼1层甘露园公交站北侧50米,116.5084855658398,39.91535510066493,100,1068,20.0,3.8,25,北京青年汇佳园_中午_159,中午,北京青年汇佳园_中午_wgs84.csv,1,1,0,food_court
20002128117,,苗香土家掉渣饼·酸辣粉(第2档口颐食颐味美食城),3.2,78人觉得好吃,11元老朋友补贴;25减3;45减8;80减18;100减20;售后无忧,蜂鸟准时达,17.0,朝阳路八里庄东里9幢1层,116.49306484313124,39.91482052174223,600,2436,20.0,0.0,37,北京青年汇佳园_中午_170,中午,北京青年汇佳园_中午_wgs84.csv,1,1,0,food_court
912824020,,灶味炒饭炒粉(第A10号档口鸿源美食城),4.6,11人觉得口感好,11元老朋友补贴;最高28;3元;35减1;60减2;108减4;188减5;228减8;透明餐厅,蜂鸟准时达,15.0,高碑店乡半壁店村惠河南街1110号B座地下一层01号房,116.5047875785584,39.901971883864114,100,3900,30.0,0.0,42,北京青年汇佳园_中午_174,中午,北京青年汇佳园_中午_wgs84.csv,1,1,0,food_court
1100154014,,满城香·招牌牛肉饭(第5号档口小时光美食城店),4.6,483人觉得好吃,11元老朋友补贴;最高28;17元;100减4;200减14;400减34;1元店铺红包;线上开票;极速退;售后无忧,蜂鸟准时达,19.0,定福庄北里1号院23号楼二层201-1,116.55637425659924,39.91548726264246,1000,4476,35.0,0.0,40,北京青年汇佳园_中午_176,中午,北京青年汇佳园_中午_wgs84.csv,1,1,0,food_court
20005888231,,正宗黄焖鸡米饭(第4号档口星盟微厨美食城),4.5,口味正宗;109人觉得好吃,11元老朋友补贴;最高28;17元;38减1;69减2;98减3;115减5;2元店铺红包;优评领2元店铺券;返2元红包;支持自取,蜂鸟准时达,21.0,北花园中路1号院7号楼1至2层106-1,116.54309980758303,39.90351474258625,600,4711,40.0,0.0,39,北京青年汇佳园_中午_179,中午,北京青年汇佳园_中午_wgs84.csv,1,1,0,food_court
20013159063,,浓汁香鸡煲泡饼是招牌(第95号档口星盟微厨美食城),0.0,量足口味佳,11元老朋友补贴;最高28;17元;38减1;68减2;98减3;2元店铺红包;首次光顾减1;返2元红包,蜂鸟准时达,15.0,北花园中路1号院7号楼1至2层106-1,116.54262460706916,39.90353775963342,100,4701,15.0,1.1,39,北京青年汇佳园_中午_198,中午,北京青年汇佳园_中午_wgs84.csv,1,1,0,food_court
20018052197,,大东北手工水饺(第8号档口绿蜗牛美食城),4.7,18人觉得好吃,11元老朋友补贴;最高28;17元;优评领3元店铺券;支持自取;极速退;售后无忧,蜂鸟准时达,13.0,青年路西里3号院9号楼-1层左转30,116.50840206085002,39.933229127694666,1000,2007,20.0,0.0,27,北京青年汇佳园_中午_211,中午,北京青年汇佳园_中午_wgs84.csv,1,1,0,food_court
1063101300,品牌,晨曦炖汤(第三档口青蓝食堂美食城),5.0,105人觉得味道不错,11元老朋友补贴;最高28;17元;100减1;线上开票;极速退;售后无忧,商家自配送,32.0,十里堡路1号80号楼一层4号,116.49904288075363,39.92775581017428,69,2704,20.0,2.0,45,北京青年汇佳园_中午_217,中午,北京青年汇佳园_中午_wgs84.csv,1,1,0,food_court
1102946330,,粤石磨肠粉王·粥·靓汤(第4号档口鸿润美食城),4.7,回复超快;152人觉得好吃;口味正宗,11元老朋友补贴;最高28;34减2;49减4;71减7;93减14;3元店铺红包;关注1元运费券;优评领3元店铺券;支持自取;线上开票;售后无忧,蜂鸟准时达,13.0,北花园中路1号院7号楼1层104-1、104-2、2层140-1,116.54315300051992,39.90302487358379,700,4717,25.0,2.3,36,北京青年汇佳园_中午_218,中午,北京青年汇佳园_中午_wgs84.csv,1,1,0,food_court
1100947418,品牌,晨曦炖汤(第A5档口大成国际美食城),5.0,63人觉得好吃;朝阳区滋补炖汤回头客榜·第4名,11元老朋友补贴;最高28;17元;100减1;2元店铺红包;首次光顾减1;线上开票;售后无忧,蜂鸟准时达,33.0,"东四环中路78号楼3层3-25,3-26,3-98,3-28,3-29,3-30,3-31,3-32,3-33,3-35,3-95,3-96,3-97",116.48704408171592,39.89822331985646,400,5429,20.0,1.9,42,北京青年汇佳园_中午_228,中午,北京青年汇佳园_中午_wgs84.csv,1,1,0,food_court
1077373165,,辣一庄·枣庄辣子鸡(第2号档口博言美食城),5.0,口味正宗;129人觉得口味正宗,11元老朋友补贴;最高28;17元;88减1;108减2;158减3;首次光顾减3;线上开票;极速退;售后无忧,商家自配送,23.0,朝阳路三间房乡聚福苑小区4号楼1层06号,116.54879481109836,39.91586534624697,200,4143,0.0,2.0,46,北京青年汇佳园_中午_234,中午,北京青年汇佳园_中午_wgs84.csv,1,1,0,food_court
1101215028,,农耕记·湖南土菜(第10档口小时光美食城),5.0,朝阳区湘菜热销榜·第2名;近7日1086人下单,11元老朋友补贴;最高28;17元;58减3;98减6;168减8;208减12;268减15;返3元红包;支持自取;线上开票,蜂鸟准时达,22.0,定福庄北里1号院23号楼二层201-1,116.55614983864668,39.91553791149585,4000,4466,20.0,0.8,41,北京青年汇佳园_中午_259,中午,北京青年汇佳园_中午_wgs84.csv,1,1,0,food_court
1093259098,,嗷嗷香东北老饭盒(第3号档口金宝美食城),4.8,口味正宗;69人觉得口感丰富,11元老朋友补贴;最高28;17元;43减2;68减4;88减5;1元店铺红包;线上开票;售后无忧,蜂鸟准时达,23.0,高碑店乡北花园村大黄庄南里西侧1号1层N-194,116.53846866275468,39.9119634776721,91,3283,0.0,5.0,33,北京青年汇佳园_中午_275,中午,北京青年汇佳园_中午_wgs84.csv,1,1,0,food_court
1065188254,品牌,叫了只炸鸡·鸡小厨(第2号档口悠哉美食城),4.8,朝阳区炸鸡类小吃热销榜·上榜好店,11元老朋友补贴;最高28;39减1;79减2;支持自取,蜂鸟准时达,16.0,定福庄西街南口(北花园农工商公司)二层部分,116.5455522018446,39.90858146192177,800,4182,0.0,1.1,39,北京青年汇佳园_中午_295,中午,北京青年汇佳园_中午_wgs84.csv,1,1,0,food_court
20001703331,,活鳗の店·鳗鱼饭·肥牛饭(惠河南街店),5.0,100人觉得味道不错,11元老朋友补贴;最高28;17元;45减2;58减3;88减5;2元店铺红包;首次光顾减1;透明餐厅;支持自取;售后无忧,蜂鸟准时达,14.0,高碑店乡半壁店村惠河南街1110号B座鸿源美食街,116.50469926044804,39.90189162802864,300,3892,0.0,0.4,39,北京青年汇佳园_中午_311,中午,北京青年汇佳园_中午_wgs84.csv,1,0,0,food_court
20000603392,品牌,箐筳荷叶烤鸡(第1号档口熊猫美食城),5.0,回复超快;13人觉得很入味,11元老朋友补贴;最高28;17元;35减1;55减2;75减3;100减5;1元店铺红包;关注1.9元商品券;优评领2元店铺券;满赠;支持自取;线上开票,蜂鸟准时达,19.0,三间房乡新村一期B2B3区1、2号楼裙房一、二层,116.55418751978428,39.9040052688157,1000,5449,55.0,3.8,34,北京青年汇佳园_中午_437,中午,北京青年汇佳园_中午_wgs84.csv,1,1,0,food_court
1086238014,,粤石磨肠粉王·粥·靓汤(第4号档口星光美食城),4.5,24人觉得口感很棒,11元老朋友补贴;最高28;17元;极速退;售后无忧,蜂鸟全城达,11.0,京奥家园725号楼1-2层101号,116.54082857664254,39.956179826902975,900,6246,35.0,4.2,41,北京青年汇佳园_中午_461,中午,北京青年汇佳园_中午_wgs84.csv,1,1,0,food_court
20009467191,,巴伐利亚德国脆皮烤猪肘(第25号档口财满街美食城),0.0,尝遍异域美味，每样都很对胃,最高28;13元;88减4;128减8;188减15;218减20;夜宵100减30;售后无忧,商家自配送,,财满街锐城国际地下美食城WO2号,116.52512921041048,39.916378073337576,56,1873,15.0,0.8,47,北京青年汇佳园_宵夜_043,宵夜,北京青年汇佳园_宵夜_wgs84.csv,1,1,0,food_court
658358097,,老金记炸货铺十里堡店(第一档口厚府美食城),5.0,114人觉得好吃,最高28;13元;68减3;128减13;2元店铺红包;优评领5元店铺券;线上开票;售后无忧,蜂鸟准时达,32.0,十里堡（鑫帝大厦）一幢一层009B,116.4977897321906,39.91493860854667,300,2048,30.0,0.0,35,北京青年汇佳园_宵夜_051,宵夜,北京青年汇佳园_宵夜_wgs84.csv,1,1,0,food_court
234493062,品牌,晨曦鲍鱼饭(第9档口青蓝食堂美食城),5.0,2278人觉得好吃,13元;88减2;128减4;夜宵58减21;线上开票,商家自配送,29.0,十里堡路1号80号楼一层4号香酥烤炉,116.49899971743956,39.92775968166417,500,2701,20.0,1.5,48,北京青年汇佳园_宵夜_074,宵夜,北京青年汇佳园_宵夜_wgs84.csv,1,1,0,food_court
1095693439,,潮粤肠粉·广式茶点·粥·靓汤(第21号档口京品汇美食城),4.7,回复超快;659人觉得好吃;近7日788人下单,13元;43减1;66减2;86减3;夜宵100减30;集点返3元;线上开票,蜂鸟准时达,11.0,八里庄路八里庄北里87号南楼一层,116.48897371109922,39.91976812481407,3000,2613,25.0,0.0,43,北京青年汇佳园_宵夜_089,宵夜,北京青年汇佳园_宵夜_wgs84.csv,1,1,0,food_court
321312400,品牌,麻辣诱惑·麻小·小龙虾·烧烤(第15号档口新亿美食城),5.0,753人觉得好吃,最高28;13元;139减1;199减2;2元店铺红包;夜宵58减21;集点返5元;线上开票;极速退;售后无忧,商家自配送,45.0,青年路西里3号院10号楼-1层B1-15,116.51058300470886,39.933211422361424,600,1734,0.0,5.0,30,北京青年汇佳园_宵夜_098,宵夜,北京青年汇佳园_宵夜_wgs84.csv,1,1,0,food_court
20021075348,,福建佬炒粉(第17档口鸿源美食城),4.9,包装好评率100%,最高28;13元;35减1;50减2;70减4;98减6;168减10;1元店铺红包;优评领2元店铺券;透明餐厅,蜂鸟准时达,15.0,高碑店乡半壁店村惠河南街1110号B座地下一层01号房,116.50474744542244,39.90184277170341,100,3896,15.0,3.6,44,北京青年汇佳园_宵夜_108,宵夜,北京青年汇佳园_宵夜_wgs84.csv,1,1,0,food_court
1112175095,,醉爱花甲粉(四惠店),5.0,118人觉得好吃,最高28;13元;58减1;88减2;夜宵100减30;首次光顾减1;优评领3元店铺券;透明餐厅;支持自取;售后无忧,蜂鸟准时达,18.0,高碑店乡半壁店村惠河南街1110号b座地下1层鸿源美食街,116.50474744542244,39.90184277170341,400,3896,15.0,4.4,32,北京青年汇佳园_宵夜_153,宵夜,北京青年汇佳园_宵夜_wgs84.csv,1,1,0,food_court
20014116262,,Daoshang8°韩式炸鸡(第八档口星盟微厨美食城),5.0,253人觉得好吃;回复超快,最高28;13元;35减1;49减2;59减3;79减4;99减6;夜宵58减21;关注5.8元商品券;返2元红包,蜂鸟准时达,12.0,北花园中路1号院7号楼1至*2层106-1,116.54332938099272,39.90352621362332,1000,4728,15.0,5.0,49,北京青年汇佳园_宵夜_181,宵夜,北京青年汇佳园_宵夜_wgs84.csv,1,1,0,food_court
260156151,,滋味花甲粉(第3号档口武家小厨美食城),4.8,29人觉得口感很好,最高28;13元;35减3;55减5;85减8;1元店铺红包;夜宵100减30;首次光顾减3;集点返3元,蜂鸟准时达,14.0,高碑店乡高碑店村三区32号楼二层,116.53035195464476,39.90570674319461,1000,3502,0.0,1.5,30,北京青年汇佳园_宵夜_196,宵夜,北京青年汇佳园_宵夜_wgs84.csv,1,1,0,food_court
20007205085,,禧梵炸串拌饼(第3号档口星盟微厨美食城),4.8,135人觉得好吃,最高28;13元;42减1;55减2;75减3;108减5;3元店铺红包;夜宵100减30;优评领3元店铺券;支持自取;线上开票,蜂鸟准时达,16.0,北花园中路1号院7号楼1-2层106-1锡林火锅2楼,116.5431288775825,39.90353880133995,1000,4711,30.0,1.0,34,北京青年汇佳园_宵夜_221,宵夜,北京青年汇佳园_宵夜_wgs84.csv,1,1,0,food_court
1103567048,品牌,小老虎糖水铺(第18号档口潮悦美食广场),4.9,60人觉得好喝;近7日388人下单,最高28;13元;50减2;80减6;100减10;150减20;200减30;2元店铺红包;夜宵100减30;优评领5元店铺券;返2元红包;集点返5元;满赠;售后无忧,蜂鸟准时达,,潮悦美食城2层,116.5115284432879,39.92488546776328,1000,778,20.0,0.0,25,北京青年汇佳园_宵夜_230,宵夜,北京青年汇佳园_宵夜_wgs84.csv,1,1,0,food_court
20023744305,,青禾纪·牛排手作意面(第11号档口武家小厨美食城店),4.9,10人觉得味道很好,最高28;13元;50减1;80减2;120减3;夜宵58减21,蜂鸟准时达,18.0,高碑店乡高碑店村三区32号楼二层,116.53033790650711,39.905749706751976,100,3502,15.0,3.6,32,北京青年汇佳园_宵夜_254,宵夜,北京青年汇佳园_宵夜_wgs84.csv,1,1,0,food_court
412837499,品牌,融柳·大铁牛螺蛳粉(第2档口鸿润美食城),4.8,回复超快;5843人觉得好吃;近7日520人下单,最高28;13元;38减3;55减5;88减8;2元店铺红包;夜宵100减30;优评领1元店铺券;返1.1元红包;集点返4元;支持自取;极速退,蜂鸟准时达,12.0,北花园中路1号院7号楼1层104-1、104-2、2层104-1,116.54394692078804,39.90347647498566,2000,4776,0.0,3.0,34,北京青年汇佳园_宵夜_294,宵夜,北京青年汇佳园_宵夜_wgs84.csv,1,1,0,food_court
20008188255,,吴江路生煎·上海特色蟹黄大虾仁汤(第3档口小时光美食城),4.8,122人觉得好吃;夜宵热搜,最高28;13元;29减1;38减3;68减8;80减12;1元店铺红包;夜宵58减21;支持自取;线上开票;售后无忧,蜂鸟准时达,14.0,朝阳路定福庄北里1号院23号楼二层201-1,116.5565505945849,39.91535254111852,1000,4487,20.0,4.2,40,北京青年汇佳园_宵夜_374,宵夜,北京青年汇佳园_宵夜_wgs84.csv,1,1,0,food_court
578404119,,ObligeiChicken韩式炸鸡(第4号档口雅米美食城),4.7,92人觉得口感很好,最高28;13元;58减1;78减2;98减3;夜宵100减30;优评领3元店铺券;集点返5元;支持自取;线上开票;极速退;售后无忧,蜂鸟全城达,14.0,白鹿司路2号院2号楼1层,116.54917179805696,39.87341399449689,900,8832,35.0,2.2,42,北京青年汇佳园_宵夜_376,宵夜,北京青年汇佳园_宵夜_wgs84.csv,1,1,0,food_court
20014822305,,左撇子十年炒饭(第七档口宇航美食城),5.0,55人觉得好吃,最高28;13元;30减1;45减2;65减3;100减4;夜宵100减30;关注0.1元商品券;返2元红包;集点返3元;售后无忧,蜂鸟全城达,14.0,宇航美食城,116.52508474948084,39.86984011070438,600,7105,35.0,12.3,39,北京青年汇佳园_宵夜_377,宵夜,北京青年汇佳园_宵夜_wgs84.csv,1,1,0,food_court
20023460141,,山东菜馆·现炒有锅气(第10号档口八里生活广场美食城),5.0,口味正宗;42人觉得口感丰富,最高28;13元;60减3;95减6;138减9;夜宵100减30;售后无忧,蜂鸟准时达,32.0,八里庄北里87号南楼一层191、120、123室,116.48875185568278,39.91988846021718,400,2598,0.0,0.0,37,北京青年汇佳园_宵夜_392,宵夜,北京青年汇佳园_宵夜_wgs84.csv,1,1,0,food_court
20024892210,,赣饭真香·江西小炒大王(第8号档口景新乔院美食城),5.0,21人觉得口感丰富,最高28;13元;48减3;78减8;98减15;3元店铺红包;夜宵58减21,蜂鸟准时达,26.0,朝阳路新街大院3楼北面,116.46294605760762,39.91450369276761,96,5056,20.0,3.8,34,北京青年汇佳园_宵夜_397,宵夜,北京青年汇佳园_宵夜_wgs84.csv,1,1,0,food_court
240783414,,川渝壹号.烤鱼家常菜(第1号档口蜀都美食城),4.9,908人觉得口感丰富,最高28;13元;68减6;98减9;188减18;3元店铺红包;夜宵100减30;集点返5元;支持自取;售后无忧,蜂鸟全城达,20.0,白鹿司2号院4号楼,116.549247049361,39.87271116842897,600,8924,35.0,9.2,39,北京青年汇佳园_宵夜_427,宵夜,北京青年汇佳园_宵夜_wgs84.csv,1,1,0,food_court
1058760111,品牌,碗农·爆炒川湘菜(第8档口鑫雅轩美食城),4.8,459人觉得好吃,最高28;13元;38减2;58减3;88减5;128减8;2元店铺红包;夜宵100减30;返2元红包;售后无忧,蜂鸟全城达,17.0,王四营乡大柳树化工路272号11号楼1层04号,116.5091002772111,39.86271436357954,1000,9326,35.0,16.7,40,北京青年汇佳园_宵夜_444,宵夜,北京青年汇佳园_宵夜_wgs84.csv,1,1,0,food_court
1102429418,,奉天·十三记熏拌鸡架(第七档口大鱼美食城),4.4,162人觉得好吃,最高28;13元;50减4;128减5;168减8;夜宵100减30;首次光顾减1;集点返5元;售后无忧,蜂鸟准时达,20.0,延静里甲16号楼1层102号,116.47678425106132,39.91870847221944,200,3824,20.0,0.0,34,北京青年汇佳园_宵夜_454,宵夜,北京青年汇佳园_宵夜_wgs84.csv,1,1,0,food_court
20023699396,,森小小过桥米线(第6档口食汇美食城),5.0,11人觉得味道正宗;回复超快,最高28;12元;40减2;49减3;65减5;2元店铺红包;优评领5元店铺券;返3元红包;集点返3元;支持自取;线上开票;极速退;售后无忧,蜂鸟准时达,13.0,百子湾西里403号楼104、105,116.48919683881546,39.8932909363136,1000,6112,15.0,2.3,43,北京青年汇佳园_晚上_019,晚上,北京青年汇佳园_晚上_wgs84.csv,1,1,0,food_court
20021406302,,木桶侠·现炒木桶饭(第1档口乐食美食城),4.9,127人觉得好吃,最高28;12元;30减1;35减2;58减5;85减8;118减11;1元店铺红包;优评领3元店铺券;返2元红包;集点返3元,蜂鸟准时达,13.0,甘露园中里1号楼1至2层F(2层),116.51143373738476,39.91971540933692,1000,189,20.0,0.0,25,北京青年汇佳园_晚上_025,晚上,北京青年汇佳园_晚上_wgs84.csv,1,1,0,food_court
20023556179,,浪食记叉烧肉酱饭(第8档口极速云厨美食城),4.9,130人觉得好吃,最高28;12元;30减1;38减2;58减3;78减4;1元店铺红包;关注0.1元商品券;优评领2元店铺券;返2元红包;集点返5元;支持自取;售后无忧,蜂鸟准时达,11.0,十里堡(鑫帝大厦)一幢三层006号,116.4975889441952,39.91517300067353,900,2106,15.0,0.0,29,北京青年汇佳园_晚上_031,晚上,北京青年汇佳园_晚上_wgs84.csv,1,1,0,food_court
20017247034,,阿娇云南过桥米线(第8号档口新亿美食城),4.7,10人觉得味道巨香;回复超快,最高28;28减1;48减2;68减4;2元店铺红包;返2元红包;支持自取;极速退;售后无忧,蜂鸟准时达,14.0,青年路西里3号院10号楼-1层B1-15,116.51047360748026,39.9332191077982,2000,1733,15.0,0.0,29,北京青年汇佳园_晚上_037,晚上,北京青年汇佳园_晚上_wgs84.csv,1,1,0,food_court
20023765285,,一家为你现炒的干锅排骨·章幺幺(第13档口康家沟美食城),5.0,154人觉得好吃,最高28;12元;38减1;58减2;78减3;98减4;128减5;线上开票;售后无忧,蜂鸟准时达,20.0,高碑店乡康家沟村188号一层101-115室、二层201-215室、三层301-315室、四层401-415室,116.5099075261994,39.90904147749495,1000,1798,0.0,0.0,25,北京青年汇佳园_晚上_049,晚上,北京青年汇佳园_晚上_wgs84.csv,1,1,0,food_court
20023629452,,连炫三碗饭·羊排抓饭(第7号档口财满街美食城),4.9,56人觉得好吃,最高28;12元;78减3;88减4;108减7;关注0元商品券;返2元红包;集点返3元,蜂鸟准时达,17.0,朝阳路71号-1层-101-1,116.52509911194622,39.91638599484358,1000,1873,15.0,0.0,21,北京青年汇佳园_晚上_059,晚上,北京青年汇佳园_晚上_wgs84.csv,1,1,0,food_court
864438286,,老北京炸酱面.打卤面(第2号档口鸿源美食城),5.0,98人觉得味道不错,最高28;12元;66减1;99减2;优评领3元店铺券;透明餐厅;线上开票;售后无忧,蜂鸟准时达,15.0,高碑店乡半壁店村惠河南街1110号B座地下1层01号房,116.50474041129986,39.901907748179056,300,3896,30.0,0.0,25,北京青年汇佳园_晚上_063,晚上,北京青年汇佳园_晚上_wgs84.csv,1,1,0,food_court
20024247042,,孙大娘·内蒙古特色焖面(第8档口颐食颐味美食城),4.5,36人觉得好吃,最高28;12元;68减8;3元店铺红包,蜂鸟准时达,,八里庄东里丙楼,116.49395718421404,39.91518216925351,700,2419,20.0,0.0,57,北京青年汇佳园_晚上_067,晚上,北京青年汇佳园_晚上_wgs84.csv,1,1,0,food_court
20011518041,,叫了只炸鸡(朝阳大悦城店),4.4,85人觉得好吃,最高28;12元;45减2;65减5;88减8;99减10;1元店铺红包;集点返5元,蜂鸟准时达,15.0,青年路与朝阳北路辅路交叉口南220乐食美食城2层,116.51158026892084,39.91968582952276,900,190,20.0,0.0,20,北京青年汇佳园_晚上_068,晚上,北京青年汇佳园_晚上_wgs84.csv,1,0,1,food_court
20015260264,,花姐烤肉拌饭(第2档口食域巷子美食城),4.8,69人觉得好吃,最高28;12元;36减1;58减2;98减3;1元店铺红包;支持自取;售后无忧,蜂鸟准时达,12.0,甘露园4号楼一层1011、1012、1013、1014、1015、1016、1017,116.50713354647829,39.915828151789455,1000,1124,15.0,0.0,21,北京青年汇佳园_晚上_081,晚上,北京青年汇佳园_晚上_wgs84.csv,1,1,0,food_court
20016564079,,曹氏鸭脖川味热卤麻辣烫(第15号档口潮悦美食城),4.5,184人觉得好吃;回复超快,最高28;12元;42减2;58减3;68减5;88减8;1元店铺红包;集点返3元;支持自取;售后无忧,蜂鸟准时达,15.0,青年路姚家园113号11幢018室,116.51173015805075,39.92497904033365,800,789,20.0,0.0,26,北京青年汇佳园_晚上_086,晚上,北京青年汇佳园_晚上_wgs84.csv,1,1,0,food_court
20008673192,,怪会卷.徐州肉筋卷饼(第5号档口财满街美食城),4.9,73人觉得味道不错,最高28;12元;50减2;96减4;110减8;集点返8元;支持自取;线上开票,蜂鸟准时达,13.0,朝阳路71号-1层-101-1,116.5251382421022,39.91635809762405,500,1873,20.0,0.0,21,北京青年汇佳园_晚上_096,晚上,北京青年汇佳园_晚上_wgs84.csv,1,1,0,food_court
20019807471,,皇炊炊·炒方便面·炒饭·炒河粉(第4号档口新亿美食城),4.4,138人觉得好吃,最高28;12元;30减1;45减2;65减5;85减8;105减10;1元店铺红包,蜂鸟准时达,,青年路西里3号,116.51056293979764,39.933148367259264,2000,1722,0.0,0.0,27,北京青年汇佳园_晚上_118,晚上,北京青年汇佳园_晚上_wgs84.csv,1,1,0,food_court
611637249,,谢宝林烤肉拌饭(百子湾店),4.7,53人觉得口感佳;近7日504人下单,最高28;12元;100减1;2元店铺红包;优评领2元店铺券;支持自取;线上开票;售后无忧,蜂鸟准时达,15.0,大成国际B座3层美食城55-56号,116.48707519281436,39.89827540974819,2000,5429,18.0,0.0,43,北京青年汇佳园_晚上_120,晚上,北京青年汇佳园_晚上_wgs84.csv,1,0,0,food_court
20014035005,,山西太原麻佰汇麻辣拌(第12档口食魔坊美食城),4.8,口味正宗;72人觉得好吃;回复超快,最高28;38减2;49减4;63减8;79减12;2元店铺红包;优评领1.6元店铺券;支持自取;售后无忧,蜂鸟准时达,19.0,高碑店乡高井村甲8号综合馆五层E8009-E8016,116.53331692023596,39.91324059115816,600,2701,20.0,3.6,32,北京青年汇佳园_晚上_164,晚上,北京青年汇佳园_晚上_wgs84.csv,1,1,0,food_court
20013732203,,饭菜公社无预制快餐(第A7档口浣熊食堂美食城),4.8,口味正宗;133人觉得口感丰富,最高28;12元;50减5;1元店铺红包;优评领3元店铺券;返3元红包;售后无忧,蜂鸟准时达,17.0,八里庄北里87号楼，京品汇美食城1,116.48854905399904,39.92015884626392,800,2571,25.0,0.0,26,北京青年汇佳园_晚上_166,晚上,北京青年汇佳园_晚上_wgs84.csv,1,1,0,food_court
316972247,,把角儿四川麻辣烫(第10号档口食域巷子美食城),4.8,回复超快;46人觉得味道很浓郁;近7日311人下单,最高28;12元;28减2;38减4;68减8;88减10;1元店铺红包;集点返5元;支持自取;售后无忧,蜂鸟准时达,18.0,甘露园4号楼1层物美超市美食城食欲巷子1011、1012、1013、1014、1015、1016、1017,116.50694085074744,39.91571659483994,1000,1135,20.0,0.0,20,北京青年汇佳园_晚上_185,晚上,北京青年汇佳园_晚上_wgs84.csv,1,1,0,food_court
330876058,,巧媳妇云南过桥米线,4.8,回复超快;20人觉得口感非常棒;近7日447人下单,最高28;12元;38减2;68减3;98减4;2元店铺红包;关注0.5元商品券;支持自取;线上开票;售后无忧,蜂鸟准时达,18.0,高碑店乡高碑店村三区32号楼二层美食城,116.53041514052543,39.90576389613799,1000,3496,25.0,0.0,25,北京青年汇佳园_晚上_193,晚上,北京青年汇佳园_晚上_wgs84.csv,1,0,0,food_court
686736159,,安徽板面(第十五号档口潮悦美食城),4.2,口味正宗;92人觉得好吃,最高28;27减2;38减5;56减9;88减17,蜂鸟准时达,13.0,平房乡姚家园南路113号悦鑫园潮悦美食城,116.51165984010544,39.92550681796029,200,850,25.0,0.0,23,北京青年汇佳园_晚上_264,晚上,北京青年汇佳园_晚上_wgs84.csv,1,1,0,food_court
20017545276,,张飞板面,4.6,11人觉得味道太棒,最高28;12元;26减1;36减2;54减4;88减6;集点返3元;支持自取;售后无忧,蜂鸟准时达,10.0,朝阳路67号9号楼内一层118号 711超市后门对面 往里走 美食城内2 张飞板面,116.52972279178974,39.91582275729749,500,2208,22.0,0.0,30,北京青年汇佳园_晚上_280,晚上,北京青年汇佳园_晚上_wgs84.csv,1,0,0,food_court
20016130103,,巨好吃东北疯麻辣拌鸡腿(第2号档口鲸鱼智造美食城),3.8,91人觉得口感丰富;口味正宗,最高28;12元;35减2;48减3;68减5,蜂鸟准时达,12.0,朝阳路兴隆西街2号兴隆小区综合楼地下2层,116.52135087831266,39.915290141793,500,1552,15.0,0.0,25,北京青年汇佳园_晚上_301,晚上,北京青年汇佳园_晚上_wgs84.csv,1,1,0,food_court
20020338134,,蓝湘子·头牌辣椒炒肉(第6档口颐食颐味美食城),3.6,40人觉得口感丰富,最高28;12元;39减1;59减2;89减3;3元店铺红包,蜂鸟准时达,11.0,八里庄东里丙楼,116.49390798570232,39.91527801842429,1000,2424,20.0,0.0,29,北京青年汇佳园_晚上_326,晚上,北京青年汇佳园_晚上_wgs84.csv,1,1,0,food_court
1090445035,,生产队·东北大饭堂(第三档口和贵坊美食城),4.3,857人觉得口感丰富,最高28;2元店铺红包;返2元红包;极速退;售后无忧,蜂鸟准时达,16.0,青年路西里3号院9号楼1层1-11,116.50847932044692,39.93341734412408,500,1973,0.0,3.8,28,北京青年汇佳园_晚上_359,晚上,北京青年汇佳园_晚上_wgs84.csv,1,1,0,food_court
20004098413,,佼佼者大馅水饺(惠河南街店),0.0,14人觉得真好吃,最高28;55减1;77减3;128减6;188减8;2元店铺红包;透明餐厅;售后无忧,蜂鸟准时达,,高碑店乡半壁店村惠河南街1110号b座地下1层鸿源美食街,116.5046952523332,39.90183661868266,700,3892,15.0,0.0,35,北京青年汇佳园_晚上_362,晚上,北京青年汇佳园_晚上_wgs84.csv,1,1,0,food_court
20014648324,,牛满满·湘味牛肉拌饭(第31号档口财满街美食城),0.0,35人觉得好吃,最高28;12元;35减2;48减3;55减4;支持自取,蜂鸟准时达,12.0,朝阳路71号-1层-101-1,116.52514325883548,39.91635411081566,69,1873,15.0,0.0,26,北京青年汇佳园_晚上_375,晚上,北京青年汇佳园_晚上_wgs84.csv,1,1,0,food_court
1064391285,,東记麻辣烫(第1号档口东亿美食城),0.0,14人觉得很好吃,最高28;12元;25减11;45减20;58减28;70减34;89减40;支持自取;售后无忧,蜂鸟准时达,,高井文化园路8号东亿国际传媒产业园区二期c16号楼1层103，107,116.53408445352292,39.91086150702736,69,3056,15.0,4.0,31,北京青年汇佳园_晚上_378,晚上,北京青年汇佳园_晚上_wgs84.csv,1,1,0,food_court
20020401105,,雯西家·隆江猪脚饭·卤汁拌饭(第5号档口十三味餐饮美食城),3.7,34人觉得好吃,最高28;12元;48减2;88减4;108减6;关注0.9元商品券;返2元红包;集点返5元,蜂鸟准时达,15.0,三间房乡聚福苑小区4号楼三层07,116.54857236793826,39.91541995261167,94,3837,15.0,0.0,28,北京青年汇佳园_晚上_398,晚上,北京青年汇佳园_晚上_wgs84.csv,1,1,0,food_court
20012311235,,Lackiness韩式炸鸡(第10号档口乐食美食城),4.6,116人觉得好吃,最高28;12元;45减2;65减3;88减5;99减9;集点返5元,蜂鸟准时达,10.0,甘露园中里1号楼1至2层F(2层),116.51150198143053,39.91973060386865,900,189,20.0,0.0,20,北京青年汇佳园_晚上_434,晚上,北京青年汇佳园_晚上_wgs84.csv,1,1,0,food_court
20021630246,,梅哩悠红烧油肉拌饭(第十五号档口鸿源美食城),5.0,39人觉得味道不错;回复超快,最高28;12元;28减2;38减5;68减8;透明餐厅;售后无忧,蜂鸟准时达,,高碑店乡半壁店村惠河南街1110号B座地下一层01号房,116.50428472902516,39.90181541308255,900,3858,15.0,1.2,32,北京青年汇佳园_晚上_435,晚上,北京青年汇佳园_晚上_wgs84.csv,1,1,0,food_court
20006452228,,淮南牛肉汤·牛肉面(第11号档口鸿源美食城),5.0,53人觉得好吃,最高28;58减2;98减3;优评领3元店铺券;集点返5元;透明餐厅;支持自取;线上开票;售后无忧,蜂鸟准时达,16.0,高碑店乡半壁店村惠河南街1110号B座地下一层01号房,116.50480063763054,39.90188592600166,100,3900,28.0,1.8,30,北京青年汇佳园_晚上_436,晚上,北京青年汇佳园_晚上_wgs84.csv,1,1,0,food_court
20023002027,,太和板面(第2号档口财满街美食城),5.0,19人觉得好吃,最高28;12元;38减1;48减2;2元店铺红包;返2元红包;集点返5元;支持自取;售后无忧,蜂鸟准时达,16.0,朝阳路71号-1层-101-1,116.5248964550228,39.91638346810237,300,1870,15.0,0.0,25,北京青年汇佳园_晚上_451,晚上,北京青年汇佳园_晚上_wgs84.csv,1,1,0,food_court
20021471200,,喜赞·轻食沙拉·健康餐(第1档口鸿业美食城),5.0,12人觉得爱吃;回复超快,最高28;12元;34减2;58减4;78减6;98减10;2元店铺红包;返3元红包;集点返3元;线上开票,蜂鸟准时达,18.0,三间房乡新村一期B2B3区1、2号楼裙房二层02号,116.55417248504868,39.90405024218787,1000,5400,30.0,3.1,33,北京青年汇佳园_晚上_477,晚上,北京青年汇佳园_晚上_wgs84.csv,1,1,0,food_court
1106081381,,梁师傅铁锅焖面(第112号档口博大美食城),4.9,近7日436人下单;11人觉得色香味俱全;回复超快,最高28;35减1;68减6;3元店铺红包;首次光顾减1;集点返5元;线上开票;极速退;售后无忧,蜂鸟准时达,,三间房乡新村1期艺水芳园1号楼2号楼裙房门前 广场,116.55417649224748,39.90405524853863,1000,5401,60.0,3.3,35,北京青年汇佳园_晚上_481,晚上,北京青年汇佳园_晚上_wgs84.csv,1,1,0,food_court
