source,title,property_type,address_text,area_sqm,rent_month_yuan,rent_day_yuan_per_sqm,rent_day_yuan_per_sqm_est,lat,lng,has_coord,has_rent_month,has_rent_day,area_raw,rent_month_raw,rent_day_raw,coord_raw
bright,(出租)直租！盒马电梯出口10平招餐饮小吃米线烤串烧饼旅游,购物百货中心,盒马鲜生(杨闸环岛店)-北京市朝阳区,10.0,5500.0,,18.333333333333332,39.918853,116.610894,True,True,True,10㎡,5500元/月,18.33元/m/天（价格可面议）,"('39.918853', '116.610894')"
bright,(出租)直租立水桥临街美食城外卖档口15～100平主餐饮全业态,临街门面,立水桥-地铁站-北京市朝阳区,30.0,,,,40.059247,116.418267,True,False,False,30㎡,租金面议,,"('40.059247', '116.418267')"
bright,(出租)大望路地铁站金地中心临街一层20到150招租品牌餐饮小吃,临街门面,新世界百货(大望路店)-北京市朝阳区,150.0,36000.0,8.0,8.0,39.914942,116.479173,True,True,True,150㎡,3.6万/月,8元/m/天,"('39.914942', '116.479173')"
bright,(出租)房山城关中医院及小学对面临街13米大门脸房全业态招商！,商业街店铺,亿达生活广场,261.0,51700.0,6.6,6.6,39.702359,115.991144,True,True,True,261㎡,5.17万/月,6.6元/m/天,"('39.702359', '115.991144')"
bright,(转让)朝外SOHO154平餐饮店转让，固定客源+高流量，白领消费高,商业街店铺,朝外SOHO,154.0,18000.0,28.0,28.0,39.925733,116.461265,True,True,True,154㎡,1.8万/月,转让费：28万元,"('39.925733', '116.461265')"
bright,(出租)新出东四环餐饮商铺出租适合盖饭米线黄焖鸡等项目,临街门面,朝阳-大望路详细地址请咨询,60.0,,,,39.904522,116.497858,True,False,False,60㎡,租金面议,,"('39.904522', '116.497858')"
bright,(出租)直租立水桥临主街1一层12米展面商铺100平全业态,临街门面,立水桥-地铁站-北京市朝阳区,100.0,,,,40.059247,116.418267,True,False,False,100㎡,租金面议,,"('40.059247', '116.418267')"
bright,(出租)大成路附近160平米餐饮商铺招租水电燃气齐全品类不限,商业街店铺,丰台-小屯路详细地址请咨询,160.0,33600.0,7.0,7.0,39.895673,116.262652,True,True,True,160㎡,3.36万/月,7元/m/天,"('39.895673', '116.262652')"
bright,(出租)丰体时代大厦商铺开发商直租,商业街店铺,丰台-丰台体育馆丰体南路1号,3675.0,,,,39.873011,116.276743,True,False,False,3675㎡,租金面议,,"('39.873011', '116.276743')"
bright,(出租)西城区阜内大街89号临街底商旺铺房东直租,临街门面,阜成门内大街-89,165.0,50000.0,10.1,10.1,39.930064,116.37678,True,True,True,165㎡,5万/月,10.1元/m/天,"('39.930064', '116.37678')"
bright,(出租)通州餐饮旺铺转让无转让费物业直租设备齐全外摆接手即可启动,社区底商,通州-武夷花园河滨路1号,188.0,29300.0,,5.195035460992908,39.925967,116.685688,True,True,True,188㎡,2.93万/月,5.2元/m/天（价格可面议）,"('39.925967', '116.685688')"
bright,(转让)转让新辰里圣熙八号双商圈餐饮260平米,商业街店铺,新辰里(学清路店)-北京市海淀区,260.0,,,,40.014363,116.360899,True,False,False,260㎡,租金面议,转让费：面议,"('40.014363', '116.360899')"
bright,(出租)（开发商直租）润棠瀛海长租社区临街130平底商不可做餐饮,社区底商,大兴-瀛海镇瀛吉街,130.0,17600.0,,4.512820512820513,39.768081,116.44264,True,True,True,130㎡,1.76万/月,4.5元/m/天（价格可面议）,"('39.768081', '116.44264')"
bright,(出租)十里堡地铁口300平米招特色餐饮,临街门面,朝阳-十里堡朝阳北路,300.0,,,,39.929394,116.511166,True,False,False,300㎡,租金面议,,"('39.929394', '116.511166')"
bright,(转让)德胜门商业街面包连锁蛋糕店转让客流密集位置好,临街门面,TOUSlesJOURS多乐之日(新风里店),101.2,36000.0,35.0,35.0,39.967792,116.381939,True,True,True,101.2㎡,3.6万/月,转让费：35万元,"('39.967792', '116.381939')"
bright,(出租)新出朝阳双井商业街商铺，面积120平，适合足疗，养生，美容等,商业街店铺,朝阳-双井广渠路,120.0,16900.0,,4.694444444444445,39.898856,116.475324,True,True,True,120㎡,1.69万/月,4.7元/m/天（价格可面议）,"('39.898856', '116.475324')"
bright,(出租)通州北关站步行商业街商铺出租全业态业主直租,社区底商,通州-武夷花园河滨路1号,2012.0,241400.0,,3.9993373094764744,39.925967,116.685688,True,True,True,2012㎡,24.14万/月,4元/m/天（价格可面议）,"('39.925967', '116.685688')"
bright,(出租)通州北关站步行商业街商铺出租全业态业主直租,社区底商,通州-武夷花园河滨路1号,2800.0,378000.0,,4.5,39.925967,116.685688,True,True,True,2800㎡,37.8万/月,4.5元/m/天（价格可面议）,"('39.925967', '116.685688')"
bright,(出租)直租976平餐饮培训瑜伽美容美发养生茶馆会所,商业街店铺,西城-白纸坊右安门内大街,976.0,164000.0,,5.601092896174864,39.88612,116.373083,True,True,True,976㎡,16.4万/月,5.6元/m/天（价格可面议）,"('39.88612', '116.373083')"
bright,(出租)回龙观龙腾苑二区临街商铺出租420平可租无其他费用,临街门面,龙腾苑-二区,210.0,22000.0,3.49,3.49,40.083172,116.343681,True,True,True,210㎡,2.2万/月,3.49元/m/天,"('40.083172', '116.343681')"
bright,(出租)南锣鼓巷什刹海临街独栋餐饮店铺火热招商！精装，赠超大露台,临街门面,东城-交道口南锣鼓巷,210.0,25000.0,,3.9682539682539684,39.943333,116.409722,True,True,True,210㎡,2.5万/月,3.97元/m/天（费用可面议）,"('39.943333', '116.409722')"
bright,(出租)农大林大核心区餐饮旺铺出租，自带客流量,商业街店铺,圣熙8号购物中心-1号楼-北京市海淀区,260.0,,,,40.014376,116.361394,True,False,False,260㎡,租金面议,,"('40.014376', '116.361394')"
bright,(出租)(北商)朝阳西大望路平乐园地铁c口纯一层商铺出租,临街门面,友金大厦-北京市朝阳区,380.0,90000.0,,7.894736842105263,39.890609,116.48447,True,True,True,380㎡,9万/月,7.89元/m/天（费用可面议）,"('39.890609', '116.48447')"
bright,(出租)（开发商直租）润棠瀛海长租社区临街130平底商不可做餐饮,社区底商,大兴-瀛海镇瀛吉街,130.0,17600.0,,4.512820512820513,39.768081,116.44264,True,True,True,130㎡,1.76万/月,4.5元/m/天（价格可面议）,"('39.768081', '116.44264')"
bright,(出租)邻三环900平米适合办公会所餐饮茶楼娱乐,临街门面,苏皖大厦,900.0,94500.0,3.5,3.5,39.852427,116.344356,True,True,True,900㎡,9.45万/月,3.5元/m/天,"('39.852427', '116.344356')"
bright,(出租)朝阳北苑临街底商出租，，会所，餐饮多种业态交通便利,临街门面,润泽悦溪-北京市朝阳区,1315.0,157800.0,,4.0,40.059175,116.436711,True,True,True,1315㎡,15.78万/月,4元/m/天（价格可面议）,"('40.059175', '116.436711')"
bright,(出租)海淀中关村大型写字楼临街底商160平招餐饮有餐饮照,商业街店铺,中国电子大厦-北京市海淀区,160.0,36000.0,7.5,7.5,39.98551,116.318315,True,True,True,160㎡,3.6万/月,7.5元/m/天,"('39.98551', '116.318315')"
bright,(出租)该房源位于大成路西口公交车站旁，临街商铺，地段繁华，,社区底商,丰台-小屯路大成路,200.0,60000.0,,10.0,,,False,True,True,200㎡,6万/月,10元/m/天（费用可面议）, 
bright,(出租)平安里地铁口100m临街商铺11m展示面可餐饮,商业街店铺,西城-西四西四北大街156号,150.0,45000.0,,10.0,39.933374,116.380001,True,True,True,150㎡,4.5万/月,10元/m/天（价格可面议）,"('39.933374', '116.380001')"
bright,(出租)安慧北里逸园28号楼临街底商旺铺直租,临街门面,安慧北里逸园南区-28号楼,316.0,105000.0,11.08,11.08,40.005405,116.419745,True,True,True,316㎡,10.5万/月,11.08元/m/天,"('40.005405', '116.419745')"
bright,(出租)带装修西餐设备无转让费可做全业态餐饮业主直租外摆区面宽20米,临街门面,通州-运河大街芙蓉北路,390.0,58500.0,,5.0,39.926857,116.685327,True,True,True,390㎡,5.85万/月,5元/m/天（价格可面议）,"('39.926857', '116.685327')"
bright,(出租)工体三里屯临街一层餐饮店铺有燃气可办照，户型方正设施齐全,临街门面,朝阳-三里屯新东路,395.0,148100.0,,12.49789029535865,39.942999,116.457555,True,True,True,395㎡,14.81万/月,12.5元/m/天（费用可面议）,"('39.942999', '116.457555')"
bright,(出租)朝阳北路地铁口8160价格低招生鲜市集台球花鸟市场综合百货,商业街店铺,朝阳-定福庄朝阳北路,8160.0,,,,39.929826,116.570245,True,False,False,8160㎡,租金面议,,"('39.929826', '116.570245')"
bright,(出租)国贸三环边上精装医美店直租医美医院宠物诊所品牌餐饮等,商业街店铺,朝阳-国贸东三环中路39号,420.0,80000.0,,6.349206349206349,39.911335,116.465666,True,True,True,420㎡,8万/月,6.35元/m/天（价格可面议）,"('39.911335', '116.465666')"
bright,(出租)黄村恒大未来城两层140㎡出租，成熟社区全业态，近地铁,商业街店铺,恒大未来城,140.0,8999.0,2.14,2.14,39.720345,116.320946,True,True,True,140㎡,8999元/月,2.14元/m/天,"('39.720345', '116.320946')"
bright,(出租)劲松地铁口大型写字楼居民区眼镜城商圈招租餐饮,商业街店铺,朝阳-潘家园劲松南路1号,257.0,61700.0,,8.002594033722438,39.8877539,116.4668019,True,True,True,257㎡,6.17万/月,8元/m/天（价格可面议）,"('39.8877539', '116.4668019')"
bright,(出租)东三环双井餐饮商铺直租，16米大展示面,商业街店铺,朝阳-国贸东三环中路16号,500.0,,,,39.906069,116.469173,True,False,False,500㎡,租金面议,,"('39.906069', '116.469173')"
bright,(出租)海淀清河混合商圈临街一层商铺260平房东直租餐饮有装修,商业街店铺,永泰庄-地铁站-北京市海淀区,260.0,54600.0,7.0,7.0,40.043612,116.361199,True,True,True,260㎡,5.46万/月,7元/m/天,"('40.043612', '116.361199')"
bright,(出租)通州北关站步行商业街商铺出租全业态业主直租,商业街店铺,月亮河艺术小镇,7580.0,909599.9999999999,,3.9999999999999996,39.927224,116.693507,True,True,True,7580㎡,90.96万/月,4元/m/天（价格可面议）,"('39.927224', '116.693507')"
bright,(出租)朝阳王四营人民日报印刷厂内1100平米餐厅档口招租,档口摊位,人民日报印刷厂,25.0,5000.0,6.67,6.67,39.866413,116.551483,True,True,True,25㎡,5000元/月,6.67元/m/天,"('39.866413', '116.551483')"
bright,(出租)新源里临街纯一层大展示面可以做餐饮非餐饮,临街门面,京客隆(京源店)-北京市朝阳区,200.0,48000.0,8.0,8.0,39.956932,116.46213,True,True,True,200㎡,4.8万/月,8元/m/天,"('39.956932', '116.46213')"
bright,(出租)西三环花园桥地铁25平米招租餐饮小吃美发美甲图文,商业街店铺,花园桥-地铁站-北京市海淀区,25.0,10000.0,13.33,13.33,39.938383,116.31757,True,True,True,25㎡,1万/月,13.33元/m/天,"('39.938383', '116.31757')"
bright,(出租)客源稳定，鲜花，餐饮，小吃,社区底商,大兴-亦庄东区经海三路,10.0,5000.0,,16.666666666666668,39.78888,116.561527,True,True,True,10㎡,5000元/月,16.67元/m/天（价格可面议）,"('39.78888', '116.561527')"
bright,(出租)110平餐饮写字楼地铁底商！后一间,商业街店铺,昌平-立水桥立汤路175号,110.0,,,,40.070293,116.418423,True,False,False,110㎡,租金面议,,"('40.070293', '116.418423')"
bright,(转让)朝阳北京200平餐厅转让，出租早点,社区底商,铭泽生活广场,200.0,30000.0,15.0,15.0,39.869836,116.48346,True,True,True,200㎡,3万/月,转让费：15万元,"('39.869836', '116.48346')"
bright,(出租)东三环双井国贸500平米一层临街餐饮商铺出租水电燃气齐全,商业街店铺,朝阳-国贸详细地址请咨询,500.0,109500.0,,7.3,39.9002154,116.469114,True,True,True,500㎡,10.95万/月,7.3元/m/天（价格可面议）,"('39.9002154', '116.469114')"
bright,(出租)海淀学院路六道口商业招租面积50平80平100平米餐饮优先,商业街店铺,海淀-学院路北学清路甲8号,100.0,19500.0,,6.5,40.014648,116.360523,True,True,True,100㎡,1.95万/月,6.5元/m/天（价格可面议）,"('40.014648', '116.360523')"
bright,(出租)丰台西局社区门口地下一层1300平米招线上超市健身房,临街门面,丰台-丽泽桥西局后街,300.0,31500.0,,3.5,39.880944,116.316327,True,True,True,300㎡,3.15万/月,3.5元/m/天（价格可面议）,"('39.880944', '116.316327')"
bright,(出租)东四环青年路地铁口大悦城星河湾旁临街底商300平招租餐饮,商业街店铺,青年路-地铁站-北京市朝阳区,280.0,67200.0,8.0,8.0,39.929347,116.52361,True,True,True,280㎡,6.72万/月,8元/m/天,"('39.929347', '116.52361')"
bright,(转让)地铁积水潭站附近临街底商旺铺转让,临街门面,小炊谣,110.0,45900.0,15.0,15.0,39.957642,116.378567,True,True,True,110㎡,4.59万/月,转让费：15万元,"('39.957642', '116.378567')"
bright,(出租)通州运河商务区大把角北运河西地铁可餐饮价格面议,临街门面,通州-玉桥赵登禹大街182号,235.0,45800.0,,6.49645390070922,39.910378,116.692426,True,True,True,235㎡,4.58万/月,6.5元/m/天（价格可面议）,"('39.910378', '116.692426')"
bright,(出租)新出纯一层1000平米适合做大型餐饮的房子装修倍儿棒可分,商业街店铺,东郎文创园(九棵树店)-北京市通州区,1180.0,88500.0,2.5,2.5,39.887523,116.657646,True,True,True,1180㎡,8.85万/月,2.5元/m/天,"('39.887523', '116.657646')"
bright,(出租)珠江帝景小区出入口展示面大美容餐饮带燃气直租,社区底商,朝阳-百子湾大郊亭中街,150.0,27000.0,6.0,6.0,39.894457,116.490681,True,True,True,150㎡,2.7万/月,6元/m/天,"('39.894457', '116.490681')"
bright,(出租)通州北关站步行商业街商铺出租全业态业主直租,社区底商,通州-武夷花园河滨路1号,290.0,43500.0,,5.0,39.925967,116.685688,True,True,True,290㎡,4.35万/月,5元/m/天（价格可面议）,"('39.925967', '116.685688')"
bright,(出租)北京核心景区南锣鼓巷c位商铺招租,商业街店铺,南锣鼓巷,400.0,200000.0,16.67,16.67,39.943562,116.408878,True,True,True,400㎡,20万/月,16.67元/m/天,"('39.943562', '116.408878')"
bright,(出租)东四十条商铺出租，独立精装，可经营可注册,其他,东城-东直门东中街36号,25.0,3000.0,,4.0,39.942518,116.443867,True,True,True,25㎡,3000元/月,4元/m/天（价格可面议）,"('39.942518', '116.443867')"
bright,(出租)年轻人的不夜城适合餐饮小酒馆服装乐器等多类,商业街店铺,东郎文创园(九棵树店)-北京市通州区,225.0,23600.0,3.5,3.5,39.887523,116.657646,True,True,True,225㎡,2.36万/月,3.5元/m/天,"('39.887523', '116.657646')"
bright,(出租)东三环三里屯工体临街一层88平底商招租业态不限可餐饮,临街门面,永利国际中心-北京市朝阳区,88.0,33000.0,12.5,12.5,39.940484,116.451243,True,True,True,88㎡,3.3万/月,12.5元/m/天,"('39.940484', '116.451243')"
bright,(出租)直租公主坟六里桥临三环客流大服装百货餐饮档口行业不限,购物百货中心,丰台-六里桥吴家场路1号,20.0,6000.0,10.0,10.0,39.900493,116.315771,True,True,True,20㎡,6000元/月,10元/m/天,"('39.900493', '116.315771')"
bright,(出租)海淀上地科实大厦底商商铺房东直租,写字楼配套,科实大厦,600.0,144000.0,8.0,8.0,40.040731,116.318389,True,True,True,600㎡,14.4万/月,8元/m/天,"('40.040731', '116.318389')"
bright,(出租)临街商铺地铁旁业主直租随时可看价格可谈,临街门面,蒙家盛宴(点美广场店)-北京市大兴区,2200.0,145200.0,,2.2,39.73789,116.351742,True,True,True,2200㎡,14.52万/月,2.2元/m/天（价格可面议）,"('39.73789', '116.351742')"
bright,(出租)通州北关站步行商业街商铺出租全业态业主直租,社区底商,通州-武夷花园河滨路1号,375.0,50599.99999999999,,4.497777777777777,39.925967,116.685688,True,True,True,375㎡,5.06万/月,4.5元/m/天（价格可面议）,"('39.925967', '116.685688')"
bright,(出租)业主直租朝阳劲松平乐园商圈餐饮养生娱乐,临街门面,超意兴快餐(农光里店)-北京市朝阳区,300.0,45000.0,,5.0,39.889703,116.475725,True,True,True,300㎡,4.5万/月,5元/m/天（价格可面议）,"('39.889703', '116.475725')"
bright,(出租)直租一层三环公主坟六里桥餐饮培训服装行业不限,购物百货中心,丰台-六里桥吴家场路1号,46.0,15200.0,,11.014492753623188,,,False,True,True,46㎡,1.52万/月,11元/m/天（价格可面议）, 
bright,(出租)朝外大街日坛晶华8号楼底商临街门面房东直租除重餐饮外行业不限,社区底商,日坛晶华-8号楼,173.45,39000.0,7.49,7.49,39.926518,116.450761,True,True,True,173.45㎡,3.9万/月,7.49元/m/天,"('39.926518', '116.450761')"
bright,(转让)圣熙八号临街餐饮铺转让，260平米带装修稳定客源,商业街店铺,北京林业大学-北京市海淀区,260.0,,,,40.011696,116.354101,True,False,False,260㎡,租金面议,转让费：面议,"('40.011696', '116.354101')"
bright,(出租)五道口圣熙八号260平米餐饮旺铺出租，即租即用,商业街店铺,五道口-北京市海淀区,260.0,,,,39.99999,116.344367,True,False,False,260㎡,租金面议,,"('39.99999', '116.344367')"
bright,(出租)丰台总部基地商场旁220平餐饮旺铺,社区底商,紫光园(丰葆路店)-北京市丰台区,220.0,37000.0,5.6,5.6,39.82139898771319,116.2973364591388,True,True,True,220㎡,3.7万/月,5.6元/m/天,"('39.82139898771319', '116.2973364591388')"
bright,(转让)(北商)朝阳高碑店临街商铺招租,临街门面,天辰大厦-北京市朝阳区,6.0,8000.0,,44.44444444444444,39.934045,116.44236,True,True,True,6㎡,8000元/月,转让费：面议（费用可面议）,"('39.934045', '116.44236')"
bright,(出租)海淀五道口农业大学100-300平直租无转让费可餐饮！,临街门面,清华东路15号,105.97,26000.0,8.18,8.18,40.007289,116.366487,True,True,True,105.97㎡,2.6万/月,8.18元/m/天,"('40.007289', '116.366487')"
bright,(出租)临街餐饮旺铺中餐湘菜徽菜特色菜带燃气对银泰大电量,商业街店铺,朝阳-国贸东三环中路,300.0,35000.0,3.89,3.89,39.911192,116.467993,True,True,True,300㎡,3.5万/月,3.89元/m/天,"('39.911192', '116.467993')"
bright,(出租)丰台南四环主路边临街商铺600平可分租300平可做餐饮,商业街店铺,丰台-总部基地西四环南路,600.0,108000.0,,6.0,39.8445427,116.291518,True,True,True,600㎡,10.8万/月,6元/m/天（价格可面议）,"('39.8445427', '116.291518')"
bright,(出租)70平，6000元可注册，美容美甲，推拿按摩，居住办公,社区底商,朝阳-望京阜通西大街,70.0,5880.0,,2.8,40.003894,116.483603,True,True,True,70㎡,5880元/月,2.8元/m/天（价格可面议）,"('40.003894', '116.483603')"
bright,(出租)南锣鼓巷北侧临街独栋旺铺重磅招商！餐饮精装，赠超大露台,临街门面,东城-安定门净土胡同,210.0,25000.0,,3.9682539682539684,39.951755,116.408658,True,True,True,210㎡,2.5万/月,3.97元/m/天（费用可面议）,"('39.951755', '116.408658')"
bright,(出租)石景山古城路步行街核心铺招租！近商场社区，人流量大,商业街店铺,古城南路步行街,140.0,,,,39.916957,116.198351,True,False,False,140㎡,租金面议,（价格可面议）,"('39.916957', '116.198351')"
bright,(出租)石景山小商铺可以餐饮可以分租,临街门面,石景山-八角杨庄东街,275.0,74300.0,9.0,9.0,39.925043,116.204887,True,True,True,275㎡,7.43万/月,9元/m/天,"('39.925043', '116.204887')"
bright,(出租)海淀清河混合商圈临街一层商铺260平房东直租餐饮有装修,商业街店铺,永泰庄-地铁站-北京市海淀区,260.0,54600.0,7.0,7.0,40.043612,116.361199,True,True,True,260㎡,5.46万/月,7元/m/天,"('40.043612', '116.361199')"
bright,(出租)双井品牌餐饮一条街商铺直租面积160平纯一层,临街门面,双井-地铁站-北京市朝阳区,160.0,,,,39.899171,116.469147,True,False,False,160㎡,租金面议,,"('39.899171', '116.469147')"
bright,(出租)朝阳十里河临街80平餐饮商铺出租，价格可谈,临街门面,闽龙周庄里-北京市朝阳区,80.0,14400.0,6.0,6.0,39.867206,116.477762,True,True,True,80㎡,1.44万/月,6元/m/天,"('39.867206', '116.477762')"
bright,(转让)石景山八角西街280平精装涮肉店转租，5年租期人流量大,临街门面,八角西街,280.0,58800.0,,7.0,39.920335,116.205284,True,True,True,280㎡,5.88万/月,转让费：面议（转让费可面议）,"('39.920335', '116.205284')"
bright,(出租)海淀区人民大学双榆树临街商铺365平米餐饮装修,临街门面,海淀-双榆树中关村大街,365.0,49300.0,4.5,4.5,39.974624,116.330498,True,True,True,365㎡,4.93万/月,4.5元/m/天,"('39.974624', '116.330498')"
bright,(出租)餐饮店铺可直接经营楼上酒店对面园区停车方便人流量大,临街门面,通州-次渠科创东三街辅路,185.0,25000.0,,4.504504504504505,39.82304,116.549009,True,True,True,185㎡,2.5万/月,4.5元/m/天（价格可面议）,"('39.82304', '116.549009')"
bright,(出租)50至100平可餐饮商铺物业直招，周边社区密集商业氛围浓,社区底商,海淀-小西天文慧园路,50.0,8000.0,5.33,5.33,39.958555,116.374351,True,True,True,50㎡,8000元/月,5.33元/m/天,"('39.958555', '116.374351')"
bright,(出租)旧宫临街商铺餐饮一条街商业氛围好人均消费能力高人流大,临街门面,大兴-旧宫宝颐路,90.0,21300.0,,7.888888888888889,39.817212,116.459069,True,True,True,90㎡,2.13万/月,7.9元/m/天（价格可面议）,"('39.817212', '116.459069')"
bright,(出租)奥林匹克公园临街铺面70-300平出租，12元/㎡含物业费,商业街店铺,北京工艺美术博物馆(文创店),80.0,29000.0,12.08,12.08,40.00572,116.400322,True,True,True,80㎡,2.9万/月,12.08元/m/天,"('40.00572', '116.400322')"
bright,(出租)通州地铁口商铺可餐饮可分割临地铁商业繁华人均消费能力高,临街门面,通州-运河大街玉带河东街1号,94.93,9967.65,,3.4999999999999996,39.908404,116.694442,True,True,True,94.93㎡,9967.65元/月,3.5元/m/天（价格可面议）,"('39.908404', '116.694442')"
bright,(出租)团结湖700平餐饮商铺直租适合各种大型餐饮,社区底商,朝阳-团结湖朝阳北路,700.0,126000.0,,6.0,39.929359,116.469547,True,True,True,700㎡,12.6万/月,6元/m/天（价格可面议）,"('39.929359', '116.469547')"
bright,(出租)朝阳亚运村安慧里临街240平餐饮商铺招租,社区底商,朝阳-奥林匹克公园慧忠路,240.0,,,,40.001831,116.419094,True,False,False,240㎡,租金面议,,"('40.001831', '116.419094')"
bright,(出租)西南四环临街商铺556平米复式适合会所餐饮，火锅店牙科门诊,写字楼配套,丰台-科技园区汽车博物馆东路1号,556.0,83400.0,,5.0,39.833416,116.307709,True,True,True,556㎡,8.34万/月,5元/m/天（价格可面议）,"('39.833416', '116.307709')"
bright,(出租)旭景园1万平招租全业态制可仓储，配套手续齐全，整租可分租,临街门面,旭景园·精致生活广场,10000.0,,,,39.945537,116.703494,True,False,False,10000㎡,租金面议,（价格可面议）,"('39.945537', '116.703494')"
bright,(转让)(北商)通州梨园一层商铺出租可餐饮,临街门面,云景东路256号-,94.0,13300.0,,4.716312056737588,39.883325,116.672391,True,True,True,94㎡,1.33万/月,转让费：面议（费用可面议）,"('39.883325', '116.672391')"
bright,(出租)东坝成熟社区餐饮办公临街商铺烧烤自助川湘菜水饺培训,社区底商,朝阳-东坝东坝南二街,295.66,,,,39.965964,116.574402,True,False,False,295.66㎡,租金面议,,"('39.965964', '116.574402')"
bright,(出租)机电院一层临街挑高7M可餐饮户型方正350平商铺适合全业态,临街门面,朝阳-三里屯三里屯路19号,350.0,78800.0,,7.504761904761905,39.940722,116.461001,True,True,True,350㎡,7.88万/月,7.5元/m/天（价格可面议）,"('39.940722', '116.461001')"
bright,(出租)故宫北院火爆招商中，200平商铺丨适合餐饮办公多种商业,商业街店铺,北京环洲创业园-北京市海淀区,200.0,13200.0,,2.2,40.10654,116.224273,True,True,True,200㎡,1.32万/月,2.2元/m/天（价格可面议）,"('40.10654', '116.224273')"
bright,(转让)蓝堡公寓饭店整体转600平精装含KTV，近华贸高客流价格可谈,商业街店铺,蓝堡国际公寓-南区,600.0,60000.0,80.0,80.0,39.916652,116.48313,True,True,True,600㎡,6万/月,转让费：80万元,"('39.916652', '116.48313')"
bright,(出租)商铺转租丨适合培训丨美容美体丨健身丨餐饮丨火锅丨炒菜丨,社区底商,朝阳-常营朝阳路,568.0,37700.0,,2.2124413145539905,39.919798,116.603425,True,True,True,568㎡,3.77万/月,2.21元/m/天（价格可面议）,"('39.919798', '116.603425')"
bright,(出租)商铺转租丨可餐饮丨丨宠物店丨酒吧丨咖啡厅丨面馆丨均可,临街门面,朝阳-管庄详细地址请咨询,99.0,,,,39.935541,116.599347,True,False,False,99㎡,租金面议,,"('39.935541', '116.599347')"
bright,(出租)商铺直租！羊蝎子火锅清真餐饮，有燃气停车方便，房源就一套,临街门面,朝阳-常营民族家园中路,338.0,25400.0,,2.504930966469428,39.933958,116.589598,True,True,True,338㎡,2.54万/月,2.5元/m/天（费用可面议）,"('39.933958', '116.589598')"
bright,(出租)海淀万柳115平商铺出租餐饮美容视力茶叶药店修脚按摩零售等不,社区底商,海淀-万柳万柳中路,115.0,51700.0,14.98,14.98,39.970704,116.304468,True,True,True,115㎡,5.17万/月,14.98元/m/天,"('39.970704', '116.304468')"
bright,(出租)（0转让费）朝阳欢乐谷附近Ⅰ临街流量社区底商旺铺整体出租,社区底商,PETLADY宠娘宠物生活馆(格林莱雅店),80.0,19000.0,7.92,7.92,39.873411,116.513574,True,True,True,80㎡,1.9万/月,7.92元/m/天,"('39.873411', '116.513574')"
bright,(出租)朝阳东三环临街一层商铺招餐饮拉面火锅中餐烧烤等等,档口摊位,弘善家园P区-114号楼-北京市朝阳区,230.0,34500.0,5.0,5.0,39.875289,116.461256,True,True,True,230㎡,3.45万/月,5元/m/天,"('39.875289', '116.461256')"
bright,(出租)东城朝阳门热门商铺招租，超大展示面，人流量多适合各类餐饮小吃,临街门面,东城-龙潭湖详细地址请咨询,50.0,,,,39.925826,116.432852,True,False,False,50㎡,租金面议,,"('39.925826', '116.432852')"
bright,(出租)通州土桥地铁口临街商铺小区出口全业态直租50主招餐饮,临街门面,通州-土桥九棵树东路,50.0,9000.0,,6.0,39.877316,116.695582,True,True,True,50㎡,9000元/月,6元/m/天（价格可面议）,"('39.877316', '116.695582')"
bright,(出租)三里屯太古里核心商圈商铺直租招租酒店，餐饮，医疗，不限业态,商业街店铺,朝阳-三里屯三里屯路19号,3327.0,549000.0,5.5,5.5,39.937956,116.457767,True,True,True,3327㎡,54.9万/月,5.5元/m/天,"('39.937956', '116.457767')"
bright,(出租)双井桥地铁D口附近临街社区底商人流量大旺铺出租位置优越,临街门面,优士阁-B座,87.0,22000.0,8.43,8.43,39.898418,116.466159,True,True,True,87㎡,2.2万/月,8.43元/m/天,"('39.898418', '116.466159')"
bright,(出租)人民大学150平商铺出租可以餐饮,商业街店铺,石景山-古城人民大学南路,530.0,46100.0,,2.89937106918239,39.972498,116.321164,True,True,True,530㎡,4.61万/月,2.9元/m/天（价格可面议）,"('39.972498', '116.321164')"
bright,(出租)国贸大望路临街餐饮商铺融合菜装修不可医疗价格美观,商业街店铺,详细地址请咨询,500.0,,,,39.912081,116.476959,True,False,False,500㎡,租金面议,,"('39.912081', '116.476959')"
bright,(出租)商铺出租餐饮甲方直租无中介费随租随用,社区底商,朝阳-东坝东坝南二街,105.0,,,,39.965964,116.574402,True,False,False,105㎡,租金面议,,"('39.965964', '116.574402')"
bright,(出租)朝阳社区综合体盒马鲜生纯一层10平商铺招餐饮小吃类,购物百货中心,朝阳-管庄朝阳路,10.0,6000.0,,20.0,39.918392,116.610783,True,True,True,10㎡,6000元/月,20元/m/天（价格可面议）,"('39.918392', '116.610783')"
bright,(转让)朝阳北花园1号院一层店转租，设备全临主路,临街门面,中国传媒大学,130.0,32500.0,18.0,18.0,39.917551,116.563634,True,True,True,130㎡,3.25万/月,转让费：18万元,"('39.917551', '116.563634')"
bright,(出租)南礼士路临街商铺出租适合米线快餐麻辣烫米粉沙县特色餐饮,商业街店铺,海淀-万寿路南营房路,90.0,21000.0,,7.777777777777778,39.927494,116.3588,True,True,True,90㎡,2.1万/月,7.78元/m/天（费用可面议）,"('39.927494', '116.3588')"
bright,(出租)双井富力城星光大道天力街临街160平米纯一层餐饮商铺业主直租,临街门面,朝阳-双井天力街,160.0,78000.0,16.25,16.25,39.90304,116.463785,True,True,True,160㎡,7.8万/月,16.25元/m/天,"('39.90304', '116.463785')"
bright,(出租)西二环外商铺周边办公酒店公寓大学环绕适合特色餐饮,写字楼配套,海淀-军博北蜂窝路甲8号,200.0,49200.0,,8.2,39.904679,116.340369,True,True,True,200㎡,4.92万/月,8.2元/m/天（价格可面议）,"('39.904679', '116.340369')"
bright,(出租)世界公园，总部基地富锦嘉园临街底商餐饮商铺出租,临街门面,丰台-科技园区丰葆路,315.0,52000.0,,5.502645502645502,39.824478,116.296564,True,True,True,315㎡,5.2万/月,5.5元/m/天（价格可面议）,"('39.824478', '116.296564')"
bright,(出租)亦庄同济南路10㎡临街档口酒店公寓旁，白领多做早餐小吃奶茶佳,临街门面,同济南路,10.0,,,,39.779083,116.546239,True,False,False,10㎡,租金面议,（价格可面议）,"('39.779083', '116.546239')"
bright,(出租)工体临街底商805平餐饮商铺出租适合轻餐吧咖啡火锅餐饮等,商业街店铺,朝阳-三里屯阳光北大街,805.0,,,,39.761489,116.176291,True,False,False,805㎡,租金面议,,"('39.761489', '116.176291')"
bright,(出租)白石桥甘家口三里河增光路临街商铺除餐饮外业态不限直租,社区底商,海淀-甘家口阜成路,114.0,,,,39.930232,116.33889,True,False,False,114㎡,租金面议,,"('39.930232', '116.33889')"
bright,(出租)西南三环门脸招商.面积145平米招餐饮.挨着办公楼门口,社区底商,丰台-花乡纪家庙路,145.0,23900.0,,5.494252873563219,39.852372,116.33246,True,True,True,145㎡,2.39万/月,5.5元/m/天（费用可面议）,"('39.852372', '116.33246')"
bright,(出租)东三环国贸双井富力城天力街主街162平米纯一层全业态餐饮商铺,临街门面,朝阳-双井天力街,162.0,75000.0,15.43,15.43,39.90304,116.463785,True,True,True,162㎡,7.5万/月,15.43元/m/天,"('39.90304', '116.463785')"
bright,(出租)新街口积水潭小西天临街商铺房东直租、周边客流大(除餐饮外),临街门面,新街口外大街29号,40.0,30000.0,25.0,25.0,39.958119,116.377868,True,True,True,40㎡,3万/月,25元/m/天,"('39.958119', '116.377868')"
bright,(出租)朝阳百子湾临街商铺70平米月租金12000不可餐饮直租,临街门面,朝阳-百子湾石门东路,80.0,12000.0,,5.0,39.902399,116.509065,True,True,True,80㎡,1.2万/月,5元/m/天（价格可面议）,"('39.902399', '116.509065')"
bright,(出租)海淀三环临街二层商铺190平米有燃气餐饮美容,商业街店铺,海淀-大钟寺北三环西路,190.0,,,,39.972901,116.355102,True,False,False,190㎡,租金面议,,"('39.972901', '116.355102')"
bright,(出租)望京SOHO餐饮区商铺300平米原餐饮证照齐全随时看房,购物百货中心,朝阳-望京望京街10号,210.0,30000.0,,4.761904761904762,40.002437,116.487916,True,True,True,210㎡,3万/月,4.76元/m/天（价格可面议）,"('40.002437', '116.487916')"
bright,(出租)苏州桥50平商铺可以餐饮所有业态均可欢迎咨询,商业街店铺,海淀-苏州桥苏州街,50.0,19500.0,,13.0,39.973374,116.314519,True,True,True,50㎡,1.95万/月,13元/m/天（价格可面议）,"('39.973374', '116.314519')"
bright,(出租)房东直租可线上超市台球轰趴足疗简餐中央厨房仓储,社区底商,百子湾东里,420.0,,,,39.905263,116.511316,True,False,False,420㎡,租金面议,（价格可面议）,"('39.905263', '116.511316')"
bright,(出租)三里屯745平商铺出租适合酒吧餐饮口腔会所医美等业态,商业街店铺,北京市朝阳区工人体育场北路4号,745.0,,,,39.937715,116.462771,True,False,False,745㎡,租金面议,,"('39.937715', '116.462771')"
bright,(出租)新天地小区新出203平餐饮门面，物业直租～有基础装修～,临街门面,朝阳-管庄朝阳路,127.26,23700.0,6.2,6.2,39.918392,116.610783,True,True,True,127.26㎡,2.37万/月,6.2元/m/天,"('39.918392', '116.610783')"
bright,(出租)出租）海淀地铁站65平餐饮门面，有燃气，快餐早点餐饮咖啡水吧,商业街店铺,海淀-海淀周边北清路,64.36,10900.0,5.67,5.67,40.074892,116.167825,True,True,True,64.36㎡,1.09万/月,5.67元/m/天,"('40.074892', '116.167825')"
bright,(出租)业主直租金街商铺开间好位置月租1万有燃气可餐饮快餐等,商业街店铺,通州-通州北苑新华西街58号,50.0,10000.0,6.67,6.67,39.9114789,116.6471654,True,True,True,50㎡,1万/月,6.67元/m/天,"('39.9114789', '116.6471654')"
bright,(转让)石景山台湾街核心铺！一层方正新装修，临街旺区营业中,商业街店铺,北京台湾街-C区,168.0,60000.0,,11.904761904761905,39.909978,116.245326,True,True,True,168㎡,6万/月,转让费：面议（转让费可面议）,"('39.909978', '116.245326')"
bright,(出租)永定路50平商铺出租人流量大可餐饮欢迎咨询,商业街店铺,北京周边-廊坊永定路,50.0,,,,38.869065,116.467621,True,False,False,50㎡,租金面议,,"('38.869065', '116.467621')"
bright,(出租)商铺出租餐饮甲方直租无中介费随租随用,商业街店铺,海天一色小木屋-北京市朝阳区,338.0,,,,39.93449,116.595973,True,False,False,338㎡,租金面议,,"('39.93449', '116.595973')"
bright,(出租)自持项目十里堡朝阳大悦城朝青板块240平商铺直租适合餐饮,临街门面,北京市朝阳区四季星河南街,240.0,57600.0,,8.0,39.932065,116.524382,True,True,True,240㎡,5.76万/月,8元/m/天（价格可面议）,"('39.932065', '116.524382')"
bright,(出租)北安河安河家园底商纯一层餐饮商铺有燃气,社区底商,安河家园九里-西门-北京市海淀区,170.0,,,,40.075028,116.133065,True,False,False,170㎡,租金面议,,"('40.075028', '116.133065')"
bright,(转让)朝阳亚运村Ⅰ临街社区流量底商旺铺整体转让人流量大位置明显,临街门面,安慧里(三区)-4号楼,100.0,21700.0,,7.233333333333333,39.998277,116.416682,True,True,True,100㎡,2.17万/月,转让费：面议（转让费可面议）,"('39.998277', '116.416682')"
bright,(出租)餐饮旺铺，400临街一层惠新西街好位置出租,临街门面,朝阳-惠新里惠新东街,400.0,,,,39.985146,116.431007,True,False,False,400㎡,租金面议,,"('39.985146', '116.431007')"
bright,(出租)急租，团结湖370平餐饮旺铺，有装修有燃气,临街门面,朝阳-惠新西街惠新西街,370.0,,,,39.985569,116.423794,True,False,False,370㎡,租金面议,,"('39.985569', '116.423794')"
bright,(转让)朝阳区双井Ⅰ社区临街流量旺铺底商整体转让！,临街门面,鲜品汇生鲜超市(百环家园店),1050.0,,,,39.894717,116.473363,True,False,False,1050㎡,租金面议,转让费：面议（费用可面议）,"('39.894717', '116.473363')"
bright,(转让)通州梨园Ⅰ环球影城旁酒店流量底商旺铺整体转让,临街门面,须玖日式便当店(环球影城店),60.0,12000.0,10.0,10.0,39.87019,116.672668,True,True,True,60㎡,1.2万/月,转让费：10万元,"('39.87019', '116.672668')"
bright,(出租)丰台花乡Ⅰ临街社区底商出租|餐饮修脚生鲜行业不限充足客源,临街门面,诺德逸府,110.0,15000.0,4.55,4.55,39.81904,116.32086,True,True,True,110㎡,1.5万/月,4.55元/m/天,"('39.81904', '116.32086')"
bright,(出租)工体东路中国红街临街底商出租，120平带燃气可餐饮行业不限,商业街店铺,工人体育场东路,86.16,53000.0,20.5,20.5,39.929387,116.457008,True,True,True,86.16㎡,5.3万/月,20.5元/m/天,"('39.929387', '116.457008')"
bright,(出租)昌平鼓楼东街32号一层临街旺铺客流大可租可售不可餐饮,临街门面,昌平二街社区养老服务驿站,218.0,29000.0,4.43,4.43,40.230012,116.243588,True,True,True,218㎡,2.9万/月,4.43元/m/天,"('40.230012', '116.243588')"
bright,(出租)朝阳黄渠地铁站旁商业铺招商，650平可分租，业态不限！,临街门面,地铁黄渠站,650.0,,,,39.930915,116.583279,True,False,False,650㎡,租金面议,（价格可面议）,"('39.930915', '116.583279')"
bright,(出租)房东直租美食城档口火热招租！昌平朝阳交界天通苑北苑立水桥核心,档口摊位,上善食客通星厨,15.0,3000.0,6.67,6.67,40.060864,116.418669,True,True,True,15㎡,3000元/月,6.67元/m/天,"('40.060864', '116.418669')"
bright,(出租)直租邻三环900平米适合办公会所餐饮茶楼娱乐,临街门面,苏皖大厦,900.0,94500.0,3.5,3.5,39.852427,116.344356,True,True,True,900㎡,9.45万/月,3.5元/m/天,"('39.852427', '116.344356')"
bright,(出租)国美城精装修餐饮店转让,商业街店铺,国美第一城,90.0,19000.0,7.04,7.04,39.939866,116.519382,True,True,True,90㎡,1.9万/月,7.04元/m/天,"('39.939866', '116.519382')"
bright,(出租)朝外大街日坛晶华8号楼底商临街门面房东直租除重餐饮外行业不限,社区底商,日坛晶华-8号楼,173.45,39000.0,7.49,7.49,39.926518,116.450761,True,True,True,173.45㎡,3.9万/月,7.49元/m/天,"('39.926518', '116.450761')"
bright,(出租)新街口积水潭小西天临街商铺房东直租、周边客流大(除餐饮外),临街门面,新街口外大街29号,40.0,30000.0,25.0,25.0,39.958119,116.377868,True,True,True,40㎡,3万/月,25元/m/天,"('39.958119', '116.377868')"
bright,(出租)邻三环900平米适合办公会所餐饮茶楼娱乐,临街门面,苏皖大厦,900.0,94500.0,3.5,3.5,39.852427,116.344356,True,True,True,900㎡,9.45万/月,3.5元/m/天,"('39.852427', '116.344356')"
bright,(转让)朝外SOHO154平餐饮店转让，固定客源+高流量，白领消费高,商业街店铺,朝外SOHO,154.0,18000.0,28.0,28.0,39.925733,116.461265,True,True,True,154㎡,1.8万/月,转让费：28万元,"('39.925733', '116.461265')"
bright,(出租)海淀五道口农业大学100-300平直租无转让费可餐饮！,临街门面,清华东路15号,105.97,26000.0,8.18,8.18,40.007289,116.366487,True,True,True,105.97㎡,2.6万/月,8.18元/m/天,"('40.007289', '116.366487')"
bright,(出租)回龙观龙腾苑二区临街商铺出租420平可租无其他费用,临街门面,龙腾苑-二区,210.0,22000.0,3.49,3.49,40.083172,116.343681,True,True,True,210㎡,2.2万/月,3.49元/m/天,"('40.083172', '116.343681')"
bright,(出租)北京核心景区南锣鼓巷c位商铺招租,商业街店铺,南锣鼓巷,400.0,200000.0,16.67,16.67,39.943562,116.408878,True,True,True,400㎡,20万/月,16.67元/m/天,"('39.943562', '116.408878')"
bright,(出租)海淀上地科实大厦底商商铺房东直租,写字楼配套,科实大厦,600.0,144000.0,8.0,8.0,40.040731,116.318389,True,True,True,600㎡,14.4万/月,8元/m/天,"('40.040731', '116.318389')"
bright,(出租)奥林匹克公园临街铺面70-300平出租，12元/㎡含物业费,商业街店铺,北京工艺美术博物馆(文创店),80.0,29000.0,12.08,12.08,40.00572,116.400322,True,True,True,80㎡,2.9万/月,12.08元/m/天,"('40.00572', '116.400322')"
bright,(出租)丰台花乡Ⅰ临街社区底商出租|餐饮修脚生鲜行业不限充足客源,临街门面,诺德逸府,110.0,15000.0,4.55,4.55,39.81904,116.32086,True,True,True,110㎡,1.5万/月,4.55元/m/天,"('39.81904', '116.32086')"
bright,(出租)工体东路中国红街临街底商出租，120平带燃气可餐饮行业不限,商业街店铺,工人体育场东路,86.16,53000.0,20.5,20.5,39.929387,116.457008,True,True,True,86.16㎡,5.3万/月,20.5元/m/天,"('39.929387', '116.457008')"
bright,(出租)西城区阜内大街89号临街底商旺铺房东直租,临街门面,阜成门内大街-89,165.0,50000.0,10.1,10.1,39.930064,116.37678,True,True,True,165㎡,5万/月,10.1元/m/天,"('39.930064', '116.37678')"
bright,(转让)德胜门商业街面包连锁蛋糕店转让客流密集位置好,临街门面,TOUSlesJOURS多乐之日(新风里店),101.2,36000.0,35.0,35.0,39.967792,116.381939,True,True,True,101.2㎡,3.6万/月,转让费：35万元,"('39.967792', '116.381939')"
bright,(出租)安慧北里逸园28号楼临街底商旺铺直租,临街门面,安慧北里逸园南区-28号楼,316.0,105000.0,11.08,11.08,40.005405,116.419745,True,True,True,316㎡,10.5万/月,11.08元/m/天,"('40.005405', '116.419745')"
bright,(出租)黄村恒大未来城两层140㎡出租，成熟社区全业态，近地铁,商业街店铺,恒大未来城,140.0,8999.0,2.14,2.14,39.720345,116.320946,True,True,True,140㎡,8999元/月,2.14元/m/天,"('39.720345', '116.320946')"
bright,(出租)朝阳王四营人民日报印刷厂内1100平米餐厅档口招租,档口摊位,人民日报印刷厂,25.0,5000.0,6.67,6.67,39.866413,116.551483,True,True,True,25㎡,5000元/月,6.67元/m/天,"('39.866413', '116.551483')"
bright,(转让)朝阳北京200平餐厅转让，出租早点,社区底商,铭泽生活广场,200.0,30000.0,15.0,15.0,39.869836,116.48346,True,True,True,200㎡,3万/月,转让费：15万元,"('39.869836', '116.48346')"
bright,(转让)地铁积水潭站附近临街底商旺铺转让,临街门面,小炊谣,110.0,45900.0,15.0,15.0,39.957642,116.378567,True,True,True,110㎡,4.59万/月,转让费：15万元,"('39.957642', '116.378567')"
bright,(出租)石景山古城路步行街核心铺招租！近商场社区，人流量大,商业街店铺,古城南路步行街,140.0,,,,39.916957,116.198351,True,False,False,140㎡,租金面议,（价格可面议）,"('39.916957', '116.198351')"
bright,(转让)石景山八角西街280平精装涮肉店转租，5年租期人流量大,临街门面,八角西街,280.0,58800.0,,7.0,39.920335,116.205284,True,True,True,280㎡,5.88万/月,转让费：面议（转让费可面议）,"('39.920335', '116.205284')"
bright,(出租)旭景园1万平招租全业态制可仓储，配套手续齐全，整租可分租,临街门面,旭景园·精致生活广场,10000.0,,,,39.945537,116.703494,True,False,False,10000㎡,租金面议,（价格可面议）,"('39.945537', '116.703494')"
bright,(转让)蓝堡公寓饭店整体转600平精装含KTV，近华贸高客流价格可谈,商业街店铺,蓝堡国际公寓-南区,600.0,60000.0,80.0,80.0,39.916652,116.48313,True,True,True,600㎡,6万/月,转让费：80万元,"('39.916652', '116.48313')"
bright,(出租)（0转让费）朝阳欢乐谷附近Ⅰ临街流量社区底商旺铺整体出租,社区底商,PETLADY宠娘宠物生活馆(格林莱雅店),80.0,19000.0,7.92,7.92,39.873411,116.513574,True,True,True,80㎡,1.9万/月,7.92元/m/天,"('39.873411', '116.513574')"
bright,(出租)双井桥地铁D口附近临街社区底商人流量大旺铺出租位置优越,临街门面,优士阁-B座,87.0,22000.0,8.43,8.43,39.898418,116.466159,True,True,True,87㎡,2.2万/月,8.43元/m/天,"('39.898418', '116.466159')"
bright,(转让)朝阳北花园1号院一层店转租，设备全临主路,临街门面,中国传媒大学,130.0,32500.0,18.0,18.0,39.917551,116.563634,True,True,True,130㎡,3.25万/月,转让费：18万元,"('39.917551', '116.563634')"
bright,(出租)亦庄同济南路10㎡临街档口酒店公寓旁，白领多做早餐小吃奶茶佳,临街门面,同济南路,10.0,,,,39.779083,116.546239,True,False,False,10㎡,租金面议,（价格可面议）,"('39.779083', '116.546239')"
bright,(出租)房东直租可线上超市台球轰趴足疗简餐中央厨房仓储,社区底商,百子湾东里,420.0,,,,39.905263,116.511316,True,False,False,420㎡,租金面议,（价格可面议）,"('39.905263', '116.511316')"
bright,(转让)石景山台湾街核心铺！一层方正新装修，临街旺区营业中,商业街店铺,北京台湾街-C区,168.0,60000.0,,11.904761904761905,39.909978,116.245326,True,True,True,168㎡,6万/月,转让费：面议（转让费可面议）,"('39.909978', '116.245326')"
bright,(转让)朝阳亚运村Ⅰ临街社区流量底商旺铺整体转让人流量大位置明显,临街门面,安慧里(三区)-4号楼,100.0,21700.0,,7.233333333333333,39.998277,116.416682,True,True,True,100㎡,2.17万/月,转让费：面议（转让费可面议）,"('39.998277', '116.416682')"
bright,(转让)朝阳区双井Ⅰ社区临街流量旺铺底商整体转让！,临街门面,鲜品汇生鲜超市(百环家园店),1050.0,,,,39.894717,116.473363,True,False,False,1050㎡,租金面议,转让费：面议（费用可面议）,"('39.894717', '116.473363')"
bright,(出租)商铺出租甲方直租无中介费不限业态除餐饮,社区底商,金驹家园-D区,150.0,,,,,,False,False,False,150㎡,租金面议,, 
bright,(出租)50至100平可餐饮商铺物业直租，周边社区密集商业氛围浓,商业街店铺,西城-新街口文慧园路,50.0,8000.0,5.33,5.33,39.958555,116.374351,True,True,True,50㎡,8000元/月,5.33元/m/天,"('39.958555', '116.374351')"
bright,(出租)国贸大望路临街餐饮商铺融合菜装修不可医疗价格美观,商业街店铺,详细地址请咨询,500.0,,,,39.912081,116.476959,True,False,False,500㎡,租金面议,,"('39.912081', '116.476959')"
bright,(出租)石景山古城临街餐饮商铺适合刀削面板面快餐川湘菜烤鱼砂锅,临街门面,石景山-古城古城北路,176.0,31700.0,6.0,6.0,39.923838,116.196937,True,True,True,176㎡,3.17万/月,6元/m/天,"('39.923838', '116.196937')"
bright,(出租)望京临街餐饮商铺出租十字路口可分租,商业街店铺,朝阳-花家地望京西路,1000.0,108000.0,3.6,3.6,40.004715,116.464527,True,True,True,1000㎡,10.8万/月,3.6元/m/天,"('40.004715', '116.464527')"
bright,(出租)双井首城国际餐饮商铺纯一层158平米有天然气,临街门面,朝阳-双井广渠路,158.0,61600.0,13.0,13.0,39.898856,116.475324,True,True,True,158㎡,6.16万/月,13元/m/天,"('39.898856', '116.475324')"
bright,(出租)商铺出租主街上的理想铺门头宽进深短户型方正可餐饮,临街门面,朝阳-定福庄详细地址请咨询,118.58,,,,39.929826,116.570245,True,False,False,118.58㎡,租金面议,,"('39.929826', '116.570245')"
bright,(出租)朝阳三里屯新出临街餐饮商铺户型方正客流大不限业态可外摆,写字楼配套,朝阳-三里屯工体北路8号,110.0,35000.0,,10.606060606060606,39.938112,116.460068,True,True,True,110㎡,3.5万/月,10.61元/m/天（价格可面议）,"('39.938112', '116.460068')"
bright,(出租)工体临街底商805平餐饮商铺出租适合轻餐吧咖啡火锅餐饮等,商业街店铺,朝阳-三里屯阳光北大街,805.0,,,,39.761489,116.176291,True,False,False,805㎡,租金面议,,"('39.761489', '116.176291')"
bright,(出租)国贸双井商圈纯一层临街全业态餐饮商铺业主直租无转让费,临街门面,朝阳-双井双井富力城天力街,158.0,,,,39.902937,116.463804,True,False,False,158㎡,租金面议,,"('39.902937', '116.463804')"
bright,(出租)青年路地铁口丨临街餐饮商铺38平丨不限业态丨,社区底商,朝阳-定福庄朝阳北路,38.0,16000.0,,14.035087719298245,39.929639,116.574885,True,True,True,38㎡,1.6万/月,14.04元/m/天（价格可面议）,"('39.929639', '116.574885')"
bright,(出租)世贸天阶餐饮商铺丨SOHO尚都底商丨带燃气丨精装修丨,写字楼配套,朝阳-CBD东大桥路8号,135.0,42000.0,10.37,10.37,39.9242471,116.4592123,True,True,True,135㎡,4.2万/月,10.37元/m/天,"('39.9242471', '116.4592123')"
bright,(出租)双井富力城星光大道天力街临街160平米纯一层餐饮商铺业主直租,临街门面,朝阳-双井天力街,160.0,78000.0,16.25,16.25,39.90304,116.463785,True,True,True,160㎡,7.8万/月,16.25元/m/天,"('39.90304', '116.463785')"
bright,(出租)SOHO尚都临街餐饮商铺有燃气带外摆区下沉花园,写字楼配套,朝阳-东大桥东大桥路8号,134.0,26000.0,6.47,6.47,39.9242471,116.4592123,True,True,True,134㎡,2.6万/月,6.47元/m/天,"('39.9242471', '116.4592123')"
bright,(出租)国贸餐饮商铺低价出租，临街大展示面。燃气排烟等设施设备齐全，,写字楼配套,朝阳-国贸东三环中路39号,60.0,10000.0,5.56,5.56,39.911335,116.465666,True,True,True,60㎡,1万/月,5.56元/m/天,"('39.911335', '116.465666')"
bright,(出租)百子湾沿海赛洛城临街餐饮商铺54平16000月燃气烟道齐全,商业街店铺,朝阳-百子湾广渠东路33号,54.0,16000.0,,9.876543209876543,39.903576,116.511555,True,True,True,54㎡,1.6万/月,9.88元/m/天（价格可面议）,"('39.903576', '116.511555')"
bright,(出租)东三环边双井餐饮商铺直租，15米大广告位，位置优越！,临街门面,朝阳-国贸东三环中路16号,495.0,130000.0,8.75,8.75,39.906069,116.469173,True,True,True,495㎡,13万/月,8.75元/m/天,"('39.906069', '116.469173')"
bright,(出租)首都经贸大学校门口出租98平米餐饮商铺业主直租，把角展示,临街门面,朝阳-惠新里文学馆路,98.0,59000.0,20.07,20.07,39.98639,116.430846,True,True,True,98㎡,5.9万/月,20.07元/m/天,"('39.98639', '116.430846')"
bright,(出租)三里屯SOHO新出202平临街餐饮商铺适合餐饮，展厅，美业等,商业街店铺,朝阳-三里屯工人体育场北路,202.0,78000.0,12.87,12.87,39.937492,116.460034,True,True,True,202㎡,7.8万/月,12.87元/m/天,"('39.937492', '116.460034')"
bright,(出租)双井苹果临街（新出餐饮）商铺230平3.5万烧烤海鲜家常菜等,商业街店铺,朝阳-百子湾百子湾路32号,230.0,35000.0,,5.072463768115942,39.905581,116.47703,True,True,True,230㎡,3.5万/月,5.07元/m/天（价格可面议）,"('39.905581', '116.47703')"
bright,(出租)三里屯新出230平临街餐饮商铺户型方正客流大可外摆不限业态,写字楼配套,朝阳-三里屯工体北路8号,230.0,70000.0,,10.144927536231885,39.938112,116.460068,True,True,True,230㎡,7万/月,10.14元/m/天（价格可面议）,"('39.938112', '116.460068')"
bright,(出租)建外国贸一层餐饮商铺!可注册!!可办照.地铁.东三环长安街!,临街门面,朝阳-国贸东三环中路39号,233.0,30000.0,,4.291845493562231,39.911335,116.465666,True,True,True,233㎡,3万/月,4.29元/m/天（价格可面议）,"('39.911335', '116.465666')"
bright,(出租)低！价！餐饮商铺出租，把角双展示面，适餐饮，饮品等业态不限,写字楼配套,朝阳-国贸东三环中路39号,60.0,10000.0,5.56,5.56,39.911335,116.465666,True,True,True,60㎡,1万/月,5.56元/m/天,"('39.911335', '116.465666')"
bright,(出租)东三环双井餐饮商铺直租，16米大展示面,商业街店铺,朝阳-国贸东三环中路16号,500.0,,,,39.906069,116.469173,True,False,False,500㎡,租金面议,,"('39.906069', '116.469173')"
bright,(出租)东大桥SOHO尚都一层临街精装修修70平餐饮商铺,写字楼配套,朝阳-东大桥东大桥路8号,70.0,25000.0,11.9,11.9,39.9242471,116.4592123,True,True,True,70㎡,2.5万/月,11.9元/m/天,"('39.9242471', '116.4592123')"
bright,(出租)直租品牌餐饮临街商铺朝阳门1572平适合餐饮虾饺妹豪华装修,临街门面,东城-朝阳门朝阳门西路,1595.0,95700.0,2.0,2.0,39.9267163,116.4396851,True,True,True,1595㎡,9.57万/月,2元/m/天,"('39.9267163', '116.4396851')"
bright,(出租)东区餐饮商铺有燃气小商铺适合各种业态国贸建外,社区底商,朝阳-国贸东三环中路39号,70.0,10000.0,,4.761904761904762,39.911335,116.465666,True,True,True,70㎡,1万/月,4.76元/m/天（价格可面议）,"('39.911335', '116.465666')"
bright,(出租)三里屯soho120平餐饮商铺出租适合餐饮酒吧麻辣等业态,商业街店铺,三里屯SOHO-北京市朝阳区,120.0,,,,39.937943,116.460166,True,False,False,120㎡,租金面议,,"('39.937943', '116.460166')"
bright,(出租)大兴新出-150平可餐饮商铺可做快餐面食黄焖鸡麻辣烫,商业街店铺,详细地址请咨询,150.0,23400.0,,5.2,39.736548,116.343081,True,True,True,150㎡,2.34万/月,5.2元/m/天（价格可面议）,"('39.736548', '116.343081')"
bright,(出租)国贸核心建外SOHO餐饮商铺出租，设备设施齐全，业态不限,写字楼配套,朝阳-国贸东三环中路39号,150.0,25000.0,5.56,5.56,39.911335,116.465666,True,True,True,150㎡,2.5万/月,5.56元/m/天,"('39.911335', '116.465666')"
bright,(出租)丰台万达广场临街底商餐饮商铺转让,写字楼配套,丰台-丰台周边丰科路,167.0,32599.999999999996,,6.506986027944111,39.830222,116.305551,True,True,True,167㎡,3.26万/月,6.5元/m/天（价格可面议）,"('39.830222', '116.305551')"
bright,(出租)三里屯SOHO280平餐饮商铺出租适合餐饮会所火锅日料等,商业街店铺,朝阳-三里屯工人体育场北路,280.0,,,,39.937492,116.460034,True,False,False,280㎡,租金面议,,"('39.937492', '116.460034')"
bright,(出租)东城区地安门十字路口餐饮商铺直租，位置好人流大！,商业街店铺,西城-什刹海地安门外大街,230.0,72500.0,10.5,10.5,39.9413,116.402591,True,True,True,230㎡,7.25万/月,10.5元/m/天,"('39.9413', '116.402591')"
bright,(出租)地铁口121平餐饮商铺出租招租超市美容美发水吧咖啡,商业街店铺,朱辛庄-地铁站-北京市昌平区,121.0,34500.0,,9.50413223140496,40.11033,116.320088,True,True,True,121㎡,3.45万/月,9.5元/m/天（价格可面议）,"('40.11033', '116.320088')"
bright,(出租)业主直租通州CBD运河商务区可餐饮商铺,其他,通州-玉桥赵登禹大街,94.0,9870.0,,3.5,39.909491,116.691627,True,True,True,94㎡,9870元/月,3.5元/m/天（价格可面议）,"('39.909491', '116.691627')"
bright,(出租)牡丹园十字路口150平餐饮商铺临近北医三院,社区底商,海淀-知春路花园北路,151.0,75000.0,,16.556291390728475,,,False,True,True,151㎡,7.5万/月,16.56元/m/天（价格可面议）, 
bright,(出租)纯一层餐饮商铺2230平米可分租有燃气动力电,商业街店铺,东城-王府井王府井大街219号,150.0,9000.0,,2.0,39.922226,116.417078,True,True,True,150㎡,9000元/月,2元/m/天（价格可面议）,"('39.922226', '116.417078')"
bright,(出租)西城区虎坊桥餐饮商铺，包物业冷暖,商业街店铺,西城-天桥西经路13号楼,67.7,14200.0,,6.9916297390448054,39.889907,116.396265,True,True,True,67.7㎡,1.42万/月,7元/m/天（价格可面议）,"('39.889907', '116.396265')"
bright,(出租)太古里三里屯机电院临街一二三层餐饮商铺,写字楼配套,朝阳-三里屯工人体育场北路,500.0,,,,39.937492,116.460034,True,False,False,500㎡,租金面议,,"('39.937492', '116.460034')"
bright,(出租)丰台科技园总部基地核心区丨临街餐饮商铺丨地理位置非常好,商业街店铺,丰台-总部基地海鹰路2号,235.0,45800.0,,6.49645390070922,39.835412,116.295454,True,True,True,235㎡,4.58万/月,6.5元/m/天（价格可面议）,"('39.835412', '116.295454')"
bright,(出租)直租霄云路临街一层120平米餐饮商铺有燃气带外摆,临街门面,朝阳-三里屯霄云路28号,120.0,,,,39.963594,116.47266,True,False,False,120㎡,租金面议,,"('39.963594', '116.47266')"
bright,(出租)A个人出租甘家口四个档口线上外卖厨房餐饮商铺招租40平,临街门面,详细地址请咨询,40.0,15000.0,,12.5,39.933037,116.339848,True,True,True,40㎡,1.5万/月,12.5元/m/天（费用可面议）,"('39.933037', '116.339848')"
bright,(出租)新出东四环餐饮商铺出租适合盖饭米线黄焖鸡等项目,临街门面,朝阳-大望路详细地址请咨询,60.0,,,,39.904522,116.497858,True,False,False,60㎡,租金面议,,"('39.904522', '116.497858')"
bright,(出租)柳芳纯一层十字路口150平，招租火锅烤肉炒菜小吃,临街门面,朝阳-柳芳柳芳北街,150.0,20000.0,,4.444444444444445,39.961822,116.443583,True,True,True,150㎡,2万/月,4.44元/m/天（价格可面议）,"('39.961822', '116.443583')"
bright,(出租)！北京电子科技学院万人半封闭食堂档口出租，提点模式没有房租,档口摊位,北京电子科技学院-北京市丰台区,32.0,1260.0,,1.3125,39.843736,116.286017,True,True,True,32㎡,1260元/月,1.31元/m/天（价格可面议）,"('39.843736', '116.286017')"
bright,(出租)丰台区大型社区十字路口拔脚展示面大烟酒全业态,临街门面,丰台-和义久敬庄路,150.0,13500.0,,3.0,39.827745,116.414765,True,True,True,150㎡,1.35万/月,3元/m/天（价格可面议）,"('39.827745', '116.414765')"
bright,(出租)直租独栋酒店项目独立大堂周边数据醒目适合各种中高端酒店公寓等,临街门面,海淀-五彩城清河中街,3800.0,399000.0,,3.5,40.036635,116.338476,True,True,True,3800㎡,39.9万/月,3.5元/m/天（价格可面议）,"('40.036635', '116.338476')"
bright,(转让)朝外SOHO154平餐饮店转让，固定客源+高流量，白领消费高,商业街店铺,朝外SOHO,154.0,18000.0,28.0,28.0,39.925733,116.461265,True,True,True,154㎡,1.8万/月,转让费：28万元,"('39.925733', '116.461265')"
bright,(出租)353平南四环外旧宫，20米展示面，带装修燃气设施设备执照,临街门面,物美(旧宫商厦店)-北京市大兴区,353.0,25000.0,,2.360717658168083,39.811108,116.449658,True,True,True,353㎡,2.5万/月,2.36元/m/天（转让费可面议）,"('39.811108', '116.449658')"
bright,(出租)通州老城区餐饮街饭店新装修有燃气全套设备直租无转让费,商业街店铺,金玛科大厦-北京市通州区,272.0,26900.0,3.3,3.3,39.913374,116.669116,True,True,True,272㎡,2.69万/月,3.3元/m/天,"('39.913374', '116.669116')"
bright,(出租)直租新源里临街一层水电燃气齐全适合日料西餐烤肉地方菜不限业态,档口摊位,朝阳-左家庄新源街,180.0,32400.000000000004,,6.000000000000001,39.957485,116.456965,True,True,True,180㎡,3.24万/月,6元/m/天（价格可面议）,"('39.957485', '116.456965')"
bright,(出租)物业直租珠江四季悦城正规商业产权底商适合全业态,商业街店铺,通州-马驹桥经海路,81.66,6000.0,2.45,2.45,39.765964,116.589882,True,True,True,81.66㎡,6000元/月,2.45元/m/天,"('39.765964', '116.589882')"
bright,(出租)西城区阜内大街89号临街底商旺铺房东直租,临街门面,阜成门内大街-89,165.0,50000.0,10.1,10.1,39.930064,116.37678,True,True,True,165㎡,5万/月,10.1元/m/天,"('39.930064', '116.37678')"
bright,(出租)丰台光彩路4500平米商业独栋招租酒店证照齐全，有装修,商业街店铺,丰台-大红门详细地址请咨询,4500.0,378000.0,,2.8,39.845686,116.421491,True,True,True,4500㎡,37.8万/月,2.8元/m/天（价格可面议）,"('39.845686', '116.421491')"
bright,(出租)电影学院万人高校临街酒店民宿旺铺整体转让，周边人流量大,临街门面,朝阳-管庄凤翔天成接待中心-北京市怀柔区,1000.0,,,,40.28800251026868,116.69904709505985,True,False,False,1000㎡,租金面议,,"('40.28800251026868', '116.69904709505985')"
bright,(出租)北航食堂档口招租！0租金0转让费经营，社会餐！,档口摊位,海淀-北航北京航空航天大学-北京市海淀区,20.0,950.0,,1.5833333333333333,39.987315,116.353709,True,True,True,20㎡,950元/月,1.58元/m/天（价格可面议）,"('39.987315', '116.353709')"
bright,(出租)西城居公西便门一层220和400招铁锅湘菜涮肉羊蝎子烤鸭,临街门面,北京财会学校-北京市西城区,220.0,62699.99999999999,9.5,9.5,39.902683,116.358924,True,True,True,220㎡,6.27万/月,9.5元/m/天,"('39.902683', '116.358924')"
bright,(转让)德胜门商业街面包连锁蛋糕店转让客流密集位置好,临街门面,TOUSlesJOURS多乐之日(新风里店),101.2,36000.0,35.0,35.0,39.967792,116.381939,True,True,True,101.2㎡,3.6万/月,转让费：35万元,"('39.967792', '116.381939')"
bright,(出租)丽泽六里桥西局核心商圈全业态商业招生鲜赠500,社区底商,丰台-丽泽桥西局后街,901.0,81100.0,,3.0003699593044764,39.880944,116.316327,True,True,True,901㎡,8.11万/月,3元/m/天（价格可面议）,"('39.880944', '116.316327')"
bright,(出租)业主直租西便门附近临街一层12米展示面格局方正适合涮肉羊蝎子,临街门面,西城-天宁寺西便门内大街,150.0,31500.0,,7.0,39.901176,116.358126,True,True,True,150㎡,3.15万/月,7元/m/天（价格可面议）,"('39.901176', '116.358126')"
bright,(出租)东城区磁器口地铁站旁新景家园临街，有后门通小区有停车位,临街门面,东城-崇文门广渠门内大街,65.0,18000.0,9.23,9.23,39.899516,116.4289,True,True,True,65㎡,1.8万/月,9.23元/m/天,"('39.899516', '116.4289')"
bright,(出租)（业主直租）路口把角独栋可分租超大双层展示面,临街门面,朝阳-管庄双桥东路,330.0,,,,39.904324,116.608543,True,False,False,330㎡,租金面议,,"('39.904324', '116.608543')"
bright,(出租)回龙观龙腾苑二区临街商铺出租420平可租无其他费用,临街门面,龙腾苑-二区,210.0,22000.0,3.49,3.49,40.083172,116.343681,True,True,True,210㎡,2.2万/月,3.49元/m/天,"('40.083172', '116.343681')"
bright,(出租)大成路商业街公交站旁,临街门面,丰台-青塔大成路,120.0,35000.0,,9.722222222222221,,,False,True,True,120㎡,3.5万/月,9.72元/m/天（价格可面议）, 
bright,(出租)壹公里超市外租区盛大招商,购物百货中心,亿达生活广场,100.0,12000.0,4.0,4.0,39.702359,115.991144,True,True,True,100㎡,1.2万/月,4元/m/天,"('39.702359', '115.991144')"
bright,(出租)门头沟繁华旺铺200至3000平商业楼火爆招租先到先得,商业街店铺,新桥花园商业-6号院-北京市门头沟区,400.0,,,,39.94106062190793,116.10931339047302,True,False,False,400㎡,租金面议,,"('39.94106062190793', '116.10931339047302')"
bright,(出租)甲方直租百子湾昱泽港新出二层500平办公培训工作室,写字楼配套,昱泽港创意产业园-北京市朝阳区,220.0,,,,39.907354,116.505848,True,False,False,220㎡,租金面议,,"('39.907354', '116.505848')"
bright,(出租)邻三环900平米适合办公会所餐饮茶楼娱乐,临街门面,苏皖大厦,900.0,94500.0,3.5,3.5,39.852427,116.344356,True,True,True,900㎡,9.45万/月,3.5元/m/天,"('39.852427', '116.344356')"
bright,(转让)通州美食城火爆招商，客流稳定,社区底商,大兴-亦庄东区经海三路,30.0,9000.0,,10.0,,,False,True,True,30㎡,9000元/月,转让费：10000万元（费用可面议）, 
bright,(出租)丽泽SOHO龙湖天街503平米大展示面，适合旗舰店，形象店,临街门面,丰台-丽泽桥丽泽路,503.0,75500.0,5.0,5.0,39.872835,116.337348,True,True,True,503㎡,7.55万/月,5元/m/天,"('39.872835', '116.337348')"
bright,(出租)新上！工体东大桥朝阳门一层1128平米带院子靠近地铁站4块钱,临街门面,朝阳-工体朝阳门外大街,1128.0,135400.0,,4.001182033096927,39.928476,116.459149,True,True,True,1128㎡,13.54万/月,4元/m/天（价格可面议）,"('39.928476', '116.459149')"
bright,(出租)西大望路平乐园北工大旁鸿坤花语墅临街，美容美发精装修,临街门面,朝阳-松榆里西大望路,240.0,50000.0,6.94,6.94,39.88727,116.484052,True,True,True,240㎡,5万/月,6.94元/m/天,"('39.88727', '116.484052')"
bright,(出租)安慧北里逸园28号楼临街底商旺铺直租,临街门面,安慧北里逸园南区-28号楼,316.0,105000.0,11.08,11.08,40.005405,116.419745,True,True,True,316㎡,10.5万/月,11.08元/m/天,"('40.005405', '116.419745')"
bright,(出租)环球影城三公里内酒店转让好价带装修位置好周边商业浓厚,商业街店铺,金玛科大厦-北京市通州区,5000.0,300000.0,,2.0,39.913374,116.669116,True,True,True,5000㎡,30万/月,2元/m/天（费用可面议）,"('39.913374', '116.669116')"
bright,(出租)物业直租珠江四季悦城正规商业产权复式底商适合全业态,写字楼配套,大兴-亦庄经海路,197.0,4800.0,0.81,0.81,39.765964,116.589882,True,True,True,197㎡,4800元/月,0.81元/m/天,"('39.765964', '116.589882')"
bright,(出租)业主直租白纸坊西街社区量大招洗浴健身台球仓储,临街门面,链家(都市晴园店)-北京市西城区,1200.0,43200.0,,1.2,39.883321,116.36176,True,True,True,1200㎡,4.32万/月,1.2元/m/天（价格可面议）,"('39.883321', '116.36176')"
bright,(出租)海淀上地清河4000平米商业独栋招租酒店优先招租中高端酒店,商业街店铺,海淀-西三旗详细地址请咨询,4000.0,360000.0,,3.0,40.0357473,116.3408762,True,True,True,4000㎡,36万/月,3元/m/天（价格可面议）,"('40.0357473', '116.3408762')"
bright,(出租)黄村恒大未来城两层140㎡出租，成熟社区全业态，近地铁,商业街店铺,恒大未来城,140.0,8999.0,2.14,2.14,39.720345,116.320946,True,True,True,140㎡,8999元/月,2.14元/m/天,"('39.720345', '116.320946')"
bright,(出租)北礼士路地铁四川大厦，20米展示面房东直租，办公居民医院大学,商业街店铺,西城-南礼士路南礼士路,280.0,71400.0,,8.5,39.924627,116.359988,True,True,True,280㎡,7.14万/月,8.5元/m/天（价格可面议）,"('39.924627', '116.359988')"
bright,(出租)（业主直租）双井富力城7米大门头紧挨大型超市带天然气,临街门面,朝阳-双井天力街,160.0,78000.0,16.25,16.25,39.902931,116.463859,True,True,True,160㎡,7.8万/月,16.25元/m/天,"('39.902931', '116.463859')"
bright,(出租)北京理工大学食堂招租！档口，0租金，万人稳定客流！,档口摊位,海淀-苏州桥校园中路,20.0,900.0,,1.5,39.966435,116.322182,True,True,True,20㎡,900元/月,1.5元/m/天（价格可面议）,"('39.966435', '116.322182')"
bright,(出租)纯一层18米展面500平米，可分租,临街门面,亿达生活广场-北京市门头沟区,500.0,88500.0,5.9,5.9,39.956766,116.105768,True,True,True,500㎡,8.85万/月,5.9元/m/天,"('39.956766', '116.105768')"
bright,(出租)朝阳王四营人民日报印刷厂内1100平米餐厅档口招租,档口摊位,人民日报印刷厂,25.0,5000.0,6.67,6.67,39.866413,116.551483,True,True,True,25㎡,5000元/月,6.67元/m/天,"('39.866413', '116.551483')"
bright,(出租)大兴旧宫社区底商众多品牌店周边都是满租状态一铺难求,临街门面,大兴-旧宫旧宫东西大街,120.0,13700.000000000002,3.8,3.8,39.812622,116.461389,True,True,True,120㎡,1.37万/月,3.8元/m/天,"('39.812622', '116.461389')"
bright,(出租)（业主直租）双井富力城带天然气紧挨果蔬好超市适合各种业态,社区底商,朝阳-双井天力街,80.0,45000.0,18.75,18.75,39.902916,116.465943,True,True,True,80㎡,4.5万/月,18.75元/m/天,"('39.902916', '116.465943')"
bright,(出租)丰台科技园临街二层180平展示面8.5米有燃气全业态,商业街店铺,丰台-科技园区南四环西路126号,180.0,21600.0,,4.0,39.834928,116.305675,True,True,True,180㎡,2.16万/月,4元/m/天（价格可面议）,"('39.834928', '116.305675')"
bright,(出租)朝阳东坝丨适合美容养生丨正骨丨采耳刮痧丨零售丨社区团购,其他,朝阳-东坝东坝南二街,153.24,12900.0,,2.8060558600887493,39.966577,116.571061,True,True,True,153.24㎡,1.29万/月,2.8元/m/天（价格可面议）,"('39.966577', '116.571061')"
bright,(转让)朝阳北京200平餐厅转让，出租早点,社区底商,铭泽生活广场,200.0,30000.0,15.0,15.0,39.869836,116.48346,True,True,True,200㎡,3万/月,转让费：15万元,"('39.869836', '116.48346')"
bright,(出租)业主直租青旅酒店品牌酒店铁锅炖火锅海鲜日料培,商业街店铺,丰台-角门马家堡东路101号,3999.0,383900.0,3.2,3.2,39.850577,116.391972,True,True,True,3999㎡,38.39万/月,3.2元/m/天,"('39.850577', '116.391972')"
bright,(出租)大成国际写字楼出入口展示面大烟酒直租,写字楼配套,朝阳-大望路百子湾甲12号,150.0,36000.0,8.0,8.0,39.9061415,116.4985967,True,True,True,150㎡,3.6万/月,8元/m/天,"('39.9061415', '116.4985967')"
bright,(出租)业主直租不限业态1000平米大悦城商圈,社区底商,国美第一城-北京市朝阳区,1000.0,75000.0,,2.5,39.939866,116.519382,True,True,True,1000㎡,7.5万/月,2.5元/m/天（价格可面议）,"('39.939866', '116.519382')"
bright,(出租)北三环外卖核心位置24小时营业档口独立证照京东外卖,档口摊位,海淀-人民大学中关村南大街甲6号,18.0,7500.0,,13.88888888888889,39.970451,116.331496,True,True,True,18㎡,7500元/月,13.89元/m/天（价格可面议）,"('39.970451', '116.331496')"
bright,(转让)地铁积水潭站附近临街底商旺铺转让,临街门面,小炊谣,110.0,45900.0,15.0,15.0,39.957642,116.378567,True,True,True,110㎡,4.59万/月,转让费：15万元,"('39.957642', '116.378567')"
bright,(出租)门头沟核心旺铺200到3000平商业楼整租分租均可,购物百货中心,新桥花园商业-6号院-北京市门头沟区,800.0,,,,39.94106062190793,116.10931339047302,True,False,False,800㎡,租金面议,,"('39.94106062190793', '116.10931339047302')"
bright,(出租)！北京化工大学窗口调整，无需自己装修洗碗，无转让费,档口摊位,北京化工大学(东校区)-北京市朝阳区,30.0,1000.0,,1.1111111111111112,39.977968,116.427674,True,True,True,30㎡,1000元/月,1.11元/m/天（价格可面议）,"('39.977968', '116.427674')"
bright,(出租)中日友好医院附近酒店出租面积3000平米有装修,写字楼配套,朝阳-惠新里详细地址请咨询,3000.0,405000.0,,4.5,39.989596,116.433577,True,True,True,3000㎡,40.5万/月,4.5元/m/天（价格可面议）,"('39.989596', '116.433577')"
bright,(出租)适合全业态丨社区底商精装可带家具110平丨台湖东亚尚品,社区底商,东亚尚品台湖-北京市通州区,110.0,14000.0,,4.242424242424242,39.842171,116.626726,True,True,True,110㎡,1.4万/月,4.24元/m/天（价格可面议）,"('39.842171', '116.626726')"
bright,(出租)北京核心景区南锣鼓巷c位商铺招租,商业街店铺,南锣鼓巷,400.0,200000.0,16.67,16.67,39.943562,116.408878,True,True,True,400㎡,20万/月,16.67元/m/天,"('39.943562', '116.408878')"
bright,(出租)小区口间137平米角铺价格合适,社区底商,聚福苑小区-3号楼-北京市朝阳区,137.08,25500.0,6.2,6.2,39.92237407356475,116.56270426102753,True,True,True,137.08㎡,2.55万/月,6.2元/m/天,"('39.92237407356475', '116.56270426102753')"
bright,(出租)西大望路平乐园北工大旁鸿坤花语墅临街铺美容美发精装,商业街店铺,朝阳-松榆里西大望路,240.0,48000.0,6.67,6.67,39.88727,116.484052,True,True,True,240㎡,4.8万/月,6.67元/m/天,"('39.88727', '116.484052')"
bright,(出租)东三环外卖核心商圈可全天24小时营业（可免费上京东）,档口摊位,朝阳-双井广渠路66号,18.0,6000.0,,11.11111111111111,39.896966,116.470282,True,True,True,18㎡,6000元/月,11.11元/m/天（价格可面议）,"('39.896966', '116.470282')"
bright,(出租)地铁站地下一层服装展厅家具市场市集美食城等均可,其他,朝阳-定福庄朝阳北路,8162.74,,,,39.929826,116.570245,True,False,False,8162.74㎡,租金面议,,"('39.929826', '116.570245')"
bright,(出租)海淀上地科实大厦底商商铺房东直租,写字楼配套,科实大厦,600.0,144000.0,8.0,8.0,40.040731,116.318389,True,True,True,600㎡,14.4万/月,8元/m/天,"('40.040731', '116.318389')"
bright,(出租)餐饮旺铺，400临街一层惠新西街好位置出租,临街门面,朝阳-惠新里惠新东街,400.0,,,,39.985146,116.431007,True,False,False,400㎡,租金面议,,"('39.985146', '116.431007')"
bright,(出租)1.5元起，独栋带院旺铺出租，招餐饮培训办公会所展厅轰趴,商业街店铺,海淀-上庄上庄家园西路,860.0,38700.0,,1.5,40.104035,116.222345,True,True,True,860㎡,3.87万/月,1.5元/m/天（价格可面议）,"('40.104035', '116.222345')"
bright,(出租)直租10米门头65平米餐饮临街一层公交车站旁边,临街门面,通州-通州北苑杨庄路,65.0,12300.0,,6.3076923076923075,39.910335,116.638247,True,True,True,65㎡,1.23万/月,6.3元/m/天（价格可面议）,"('39.910335', '116.638247')"
bright,(出租)可餐饮业态不限临街二层门头10米七省办北太平庄邮局,临街门面,海淀-马甸马甸西路,330.0,50000.0,5.05,5.05,39.978605,116.380549,True,True,True,330㎡,5万/月,5.05元/m/天,"('39.978605', '116.380549')"
bright,(出租)朝外大街日坛晶华8号楼底商临街门面房东直租除重餐饮外行业不限,社区底商,日坛晶华-8号楼,173.45,39000.0,7.49,7.49,39.926518,116.450761,True,True,True,173.45㎡,3.9万/月,7.49元/m/天,"('39.926518', '116.450761')"
bright,(出租)朝阳东五环一层临街95平招餐饮火锅烧烤酒馆面米线超市,临街门面,桐乐造型-北京市朝阳区,95.0,17100.0,,6.0,39.922414,116.611415,True,True,True,95㎡,1.71万/月,6元/m/天（价格可面议）,"('39.922414', '116.611415')"
bright,(出租)，餐饮旺铺230平，朝阳门地铁旁,临街门面,朝阳-朝外大街朝外大街19号,230.0,,,,39.930707,116.445305,True,False,False,230㎡,租金面议,,"('39.930707', '116.445305')"
bright,(出租)临湖独栋带院旺铺出租，招餐饮培训办公会所展厅轰趴汽修等,商业街店铺,海淀-上庄丰豪中路,860.0,38700.0,,1.5,40.076627,116.249154,True,True,True,860㎡,3.87万/月,1.5元/m/天（价格可面议）,"('40.076627', '116.249154')"
bright,(出租)直租！盒马电梯出口10平招餐饮小吃米线烤串烧饼旅游,购物百货中心,盒马鲜生(杨闸环岛店)-北京市朝阳区,10.0,5500.0,,18.333333333333332,39.918853,116.610894,True,True,True,10㎡,5500元/月,18.33元/m/天（价格可面议）,"('39.918853', '116.610894')"
bright,(出租)海淀五道口农业大学100-300平直租无转让费可餐饮！,临街门面,清华东路15号,105.97,26000.0,8.18,8.18,40.007289,116.366487,True,True,True,105.97㎡,2.6万/月,8.18元/m/天,"('40.007289', '116.366487')"
bright,(出租)鼓楼东大街南锣鼓巷120平米餐饮装修可不限业态,临街门面,东城-交道口南锣鼓巷,120.0,50000.0,,13.88888888888889,39.943333,116.409722,True,True,True,120㎡,5万/月,13.89元/m/天（价格可面议）,"('39.943333', '116.409722')"
bright,(出租)朝阳劲松地铁口临街纯一层写字楼居民眼镜城商圈招租餐饮,商业街店铺,朝阳-潘家园劲松南路1号,257.0,61700.0,,8.002594033722438,39.8877539,116.4668019,True,True,True,257㎡,6.17万/月,8元/m/天（价格可面议）,"('39.8877539', '116.4668019')"
bright,(出租)可议价通州台湖生活区，餐饮行业，不需要装修，直接开业,社区底商,通州-台湖镇铺胡路,122.0,14000.0,,3.8251366120218577,39.840519,116.627058,True,True,True,122㎡,1.4万/月,3.83元/m/天（价格可面议）,"('39.840519', '116.627058')"
bright,(出租)马连道临街一层440平米旺铺招租餐饮娱乐和展厅,临街门面,西城-马连道马连道路,440.0,118800.00000000001,,9.000000000000002,39.888755,116.334208,True,True,True,440㎡,11.88万/月,9元/m/天（价格可面议）,"('39.888755', '116.334208')"
bright,(出租)石景山古城路步行街核心铺招租！近商场社区，人流量大,商业街店铺,古城南路步行街,140.0,,,,39.916957,116.198351,True,False,False,140㎡,租金面议,（价格可面议）,"('39.916957', '116.198351')"
bright,(出租)百子湾地铁口商业招租餐饮咖啡洗浴蛋糕店等,临街门面,朝阳-百子湾详细地址请咨询,180.0,48600.0,,9.0,39.898589,116.501911,True,True,True,180㎡,4.86万/月,9元/m/天（价格可面议）,"('39.898589', '116.501911')"
bright,(出租)东湖欢乐颂商铺出租单价7000一个月业主直租无其它费用,商业街店铺,东湖渠-地铁站-北京市朝阳区,67.0,7035.0,3.5,3.5,40.016019,116.474041,True,True,True,67㎡,7035元/月,3.5元/m/天,"('40.016019', '116.474041')"
bright,(出租)海淀医院知春路双地铁口混合大人流有餐饮十年老餐饮街铺,社区底商,北京时代网络大厦-北京市海淀区,160.0,40800.0,,8.5,39.982732,116.317172,True,True,True,160㎡,4.08万/月,8.5元/m/天（价格可面议）,"('39.982732', '116.317172')"
bright,(出租)海淀牡丹园一手房东直租适合拉面烧烤混合商圈餐饮聚集,社区底商,牡丹园西里社区-北京市海淀区,200.0,66000.0,,11.0,39.984945,116.37791,True,True,True,200㎡,6.6万/月,11元/m/天（价格可面议）,"('39.984945', '116.37791')"
bright,(转让)石景山八角西街280平精装涮肉店转租，5年租期人流量大,临街门面,八角西街,280.0,58800.0,,7.0,39.920335,116.205284,True,True,True,280㎡,5.88万/月,转让费：面议（转让费可面议）,"('39.920335', '116.205284')"
bright,(出租)新源里酒店楼下临街一层238平米底商招租餐饮娱乐,临街门面,朝阳-三里屯新源里16号,238.0,55700.0,,7.8011204481792715,39.953929,116.458202,True,True,True,238㎡,5.57万/月,7.8元/m/天（价格可面议）,"('39.953929', '116.458202')"
bright,(出租)朝阳大悦城临街700平米旺铺可分组招租餐饮娱乐和展厅,临街门面,朝阳-朝青板块甘露园中街,300.0,40500.0,,4.5,39.926446,116.529218,True,True,True,300㎡,4.05万/月,4.5元/m/天（价格可面议）,"('39.926446', '116.529218')"
bright,(出租)海淀中关村大型写字楼临街底商160平招餐饮有餐饮照,商业街店铺,中国电子大厦-北京市海淀区,160.0,36000.0,7.5,7.5,39.98551,116.318315,True,True,True,160㎡,3.6万/月,7.5元/m/天,"('39.98551', '116.318315')"
bright,(出租)中关村海淀黄庄地铁口混合商圈临街一层300平房东直租可餐饮,商业街店铺,海淀黄庄-地铁站-北京市海淀区,300.0,76500.0,8.5,8.5,39.981865,116.324346,True,True,True,300㎡,7.65万/月,8.5元/m/天,"('39.981865', '116.324346')"
bright,(出租)奥林匹克公园临街铺面70-300平出租，12元/㎡含物业费,商业街店铺,北京工艺美术博物馆(文创店),80.0,29000.0,12.08,12.08,40.00572,116.400322,True,True,True,80㎡,2.9万/月,12.08元/m/天,"('40.00572', '116.400322')"
bright,(出租)底商南向50平动力电排烟餐饮堂食外卖业态不限,临街门面,朝阳-CBD东三环中路39号,50.0,12000.0,,8.0,39.911335,116.465666,True,True,True,50㎡,1.2万/月,8元/m/天（价格可面议）,"('39.911335', '116.465666')"
bright,(出租)泥洼西局线全业态招商招餐饮生鲜超市药店,商业街店铺,丰台-丰益桥泥洼路5号,200.0,,,,39.870644,116.30544,True,False,False,200㎡,租金面议,,"('39.870644', '116.30544')"
bright,(出租)东三环团结湖纯一层240平招租餐饮火锅烤肉等,临街门面,朝阳-团结湖详细地址请咨询,240.0,46800.0,,6.5,39.93474478,116.4743077,True,True,True,240㎡,4.68万/月,6.5元/m/天（价格可面议）,"('39.93474478', '116.4743077')"
bright,(出租)朝阳区十里堡地铁附近800平招租酒店餐饮项目,临街门面,朝阳-十里堡详细地址请咨询,800.0,91199.99999999999,,3.7999999999999994,39.895673,116.262652,True,True,True,800㎡,9.12万/月,3.8元/m/天（价格可面议）,"('39.895673', '116.262652')"
bright,(出租)旭景园1万平招租全业态制可仓储，配套手续齐全，整租可分租,临街门面,旭景园·精致生活广场,10000.0,,,,39.945537,116.703494,True,False,False,10000㎡,租金面议,（价格可面议）,"('39.945537', '116.703494')"
bright,(出租)双井百子湾新出1600平餐饮，超新装修，价格相当美业态广泛,商业街店铺,朝阳-百子湾详细地址请咨询,1600.0,,,,39.896087,116.489211,True,False,False,1600㎡,租金面议,,"('39.896087', '116.489211')"
bright,(出租)工体三里屯4号院机电院500平米餐饮装修有燃气不限业态,临街门面,朝阳-东大桥工人体育场北路4号,500.0,82500.0,,5.5,39.936452,116.462189,True,True,True,500㎡,8.25万/月,5.5元/m/天（价格可面议）,"('39.936452', '116.462189')"
bright,(出租)D地铁口项目招租餐饮超市美容养生多行业,档口摊位,速8精选酒店(北京广渠门内地铁站店)-北京市东城区,100.0,24000.0,,8.0,39.900089,116.441368,True,True,True,100㎡,2.4万/月,8元/m/天（费用可面议）,"('39.900089', '116.441368')"
bright,(出租)临主街纯商业独栋户型餐饮装修有燃气可酒店餐饮医美等业态,临街门面,昌平-天通苑立汤路,1050.0,88200.0,,2.8,40.072334,116.415846,True,True,True,1050㎡,8.82万/月,2.8元/m/天（价格可面议）,"('40.072334', '116.415846')"
bright,(转让)蓝堡公寓饭店整体转600平精装含KTV，近华贸高客流价格可谈,商业街店铺,蓝堡国际公寓-南区,600.0,60000.0,80.0,80.0,39.916652,116.48313,True,True,True,600㎡,6万/月,转让费：80万元,"('39.916652', '116.48313')"
bright,(出租)朝阳区惠新西街临街一层280平米展示面15米商铺出租,临街门面,朝阳-小关惠新西街,375.0,,,,39.993884,116.423355,True,False,False,375㎡,租金面议,,"('39.993884', '116.423355')"
bright,(出租)出租直租丨清真快餐连锁店食材专卖店书吧阅照相馆餐饮,临街门面,北京市朝阳区常营(地区)回族乡管庄路13号,407.52,36900.0,,3.0182567726737344,39.934312,116.59596,True,True,True,407.52㎡,3.69万/月,3.02元/m/天（价格可面议）,"('39.934312', '116.59596')"
bright,(出租)出租直租丨朝阳金盏163平临街铺面适合美容减肥艾灸馆,临街门面,朝阳-朝阳周边长店大街,163.19,12200.0,,2.4919827603815596,40.015807,116.557213,True,True,True,163.19㎡,1.22万/月,2.49元/m/天（价格可面议）,"('40.015807', '116.557213')"
bright,(出租)餐饮转让朝阳295平招火锅快餐湘菜家常菜烤肉,其他,朝阳-东坝东坝南二街,295.0,,,,39.965964,116.574402,True,False,False,295㎡,租金面议,,"('39.965964', '116.574402')"
bright,(出租)（0转让费）朝阳欢乐谷附近Ⅰ临街流量社区底商旺铺整体出租,社区底商,PETLADY宠娘宠物生活馆(格林莱雅店),80.0,19000.0,7.92,7.92,39.873411,116.513574,True,True,True,80㎡,1.9万/月,7.92元/m/天,"('39.873411', '116.513574')"
bright,(出租)方庄600平招足疗会所，餐饮，展厅，烤鸭，台球等,商业街店铺,丰台-成寿寺方庄南路,600.0,63000.0,,3.5,39.856854,116.445466,True,True,True,600㎡,6.3万/月,3.5元/m/天（价格可面议）,"('39.856854', '116.445466')"
bright,(出租)国贸三环边上精装医美店直租医美医院宠物诊所品牌餐饮等,商业街店铺,朝阳-国贸东三环中路39号,420.0,80000.0,,6.349206349206349,39.911335,116.465666,True,True,True,420㎡,8万/月,6.35元/m/天（价格可面议）,"('39.911335', '116.465666')"
bright,(出租)石景山15000人高聚集商务区出入口临街商铺便利店美容,写字楼配套,石景山-八大处八大处路,100.0,9000.0,,3.0,39.943225,116.205735,True,True,True,100㎡,9000元/月,3元/m/天（价格可面议）,"('39.943225', '116.205735')"
bright,(出租)出租直租丨地铁口餐饮宠物店修脚店美容纹绣,社区底商,朝阳-东坝郑村坝街,128.49,20200.0,5.25,5.25,39.979381,116.558167,True,True,True,128.49㎡,2.02万/月,5.25元/m/天,"('39.979381', '116.558167')"
bright,(出租)双井桥地铁D口附近临街社区底商人流量大旺铺出租位置优越,临街门面,优士阁-B座,87.0,22000.0,8.43,8.43,39.898418,116.466159,True,True,True,87㎡,2.2万/月,8.43元/m/天,"('39.898418', '116.466159')"
bright,(出租)管庄装修12间房丨可做医美电竞餐饮丨有特行许可证,商业街店铺,呷哺呷哺(朗廷店)-北京市朝阳区,630.0,66200.0,,3.502645502645503,39.91715,116.604174,True,True,True,630㎡,6.62万/月,3.5元/m/天（费用可面议）,"('39.91715', '116.604174')"
bright,(出租)海淀清河小营十字路口和盈中心一层商业房217平米招租餐饮,商业街店铺,北京清河万象汇-北京市海淀区,217.0,65100.0,,10.0,40.03583,116.341021,True,True,True,217㎡,6.51万/月,10元/m/天（价格可面议）,"('40.03583', '116.341021')"
bright,(出租)金台路地铁水锥子东路主街商业房一层招餐饮药店水果,商业街店铺,金台路-地铁站-北京市朝阳区,100.0,30000.0,,10.0,39.929069,116.484908,True,True,True,100㎡,3万/月,10元/m/天（价格可面议）,"('39.929069', '116.484908')"
bright,(出租)顺义永辉胖东来超市一层招餐饮客流大租金好谈,商业街店铺,石门-地铁站-北京市顺义区,249.0,56000.0,,7.49665327978581,40.136244,116.647789,True,True,True,249㎡,5.6万/月,7.5元/m/天（价格可面议）,"('40.136244', '116.647789')"
bright,(转让)朝阳北花园1号院一层店转租，设备全临主路,临街门面,中国传媒大学,130.0,32500.0,18.0,18.0,39.917551,116.563634,True,True,True,130㎡,3.25万/月,转让费：18万元,"('39.917551', '116.563634')"
bright,(出租)亦庄同济南路10㎡临街档口酒店公寓旁，白领多做早餐小吃奶茶佳,临街门面,同济南路,10.0,,,,39.779083,116.546239,True,False,False,10㎡,租金面议,（价格可面议）,"('39.779083', '116.546239')"
bright,(出租)新街口积水潭小西天临街商铺房东直租、周边客流大(除餐饮外),临街门面,新街口外大街29号,40.0,30000.0,25.0,25.0,39.958119,116.377868,True,True,True,40㎡,3万/月,25元/m/天,"('39.958119', '116.377868')"
bright,(出租)房东直租可线上超市台球轰趴足疗简餐中央厨房仓储,社区底商,百子湾东里,420.0,,,,39.905263,116.511316,True,False,False,420㎡,租金面议,（价格可面议）,"('39.905263', '116.511316')"
bright,(转让)石景山台湾街核心铺！一层方正新装修，临街旺区营业中,商业街店铺,北京台湾街-C区,168.0,60000.0,,11.904761904761905,39.909978,116.245326,True,True,True,168㎡,6万/月,转让费：面议（转让费可面议）,"('39.909978', '116.245326')"
bright,(转让)朝阳亚运村Ⅰ临街社区流量底商旺铺整体转让人流量大位置明显,临街门面,安慧里(三区)-4号楼,100.0,21700.0,,7.233333333333333,39.998277,116.416682,True,True,True,100㎡,2.17万/月,转让费：面议（转让费可面议）,"('39.998277', '116.416682')"
bright,(转让)朝阳区双井Ⅰ社区临街流量旺铺底商整体转让！,临街门面,鲜品汇生鲜超市(百环家园店),1050.0,,,,39.894717,116.473363,True,False,False,1050㎡,租金面议,转让费：面议（费用可面议）,"('39.894717', '116.473363')"
bright,(转让)通州梨园Ⅰ环球影城旁酒店流量底商旺铺整体转让,临街门面,须玖日式便当店(环球影城店),60.0,12000.0,10.0,10.0,39.87019,116.672668,True,True,True,60㎡,1.2万/月,转让费：10万元,"('39.87019', '116.672668')"
bright,(出租)丰台花乡Ⅰ临街社区底商出租|餐饮修脚生鲜行业不限充足客源,临街门面,诺德逸府,110.0,15000.0,4.55,4.55,39.81904,116.32086,True,True,True,110㎡,1.5万/月,4.55元/m/天,"('39.81904', '116.32086')"
bright,(出租)工体东路中国红街临街底商出租，120平带燃气可餐饮行业不限,商业街店铺,工人体育场东路,86.16,53000.0,20.5,20.5,39.929387,116.457008,True,True,True,86.16㎡,5.3万/月,20.5元/m/天,"('39.929387', '116.457008')"
bright,(出租)昌平鼓楼东街32号一层临街旺铺客流大可租可售不可餐饮,临街门面,昌平二街社区养老服务驿站,218.0,29000.0,4.43,4.43,40.230012,116.243588,True,True,True,218㎡,2.9万/月,4.43元/m/天,"('40.230012', '116.243588')"
bright,(出租)朝阳黄渠地铁站旁商业铺招商，650平可分租，业态不限！,临街门面,地铁黄渠站,650.0,,,,39.930915,116.583279,True,False,False,650㎡,租金面议,（价格可面议）,"('39.930915', '116.583279')"
bright,(出租)房东直租美食城档口火热招租！昌平朝阳交界天通苑北苑立水桥核心,档口摊位,上善食客通星厨,15.0,3000.0,6.67,6.67,40.060864,116.418669,True,True,True,15㎡,3000元/月,6.67元/m/天,"('40.060864', '116.418669')"
bright,(出租)业主租带燃气餐饮门口十字路口人行斑马线人流大拉面包子中餐奶茶,临街门面,角门东,132.0,30000.0,7.58,7.58,39.851479,116.392528,True,True,True,132㎡,3万/月,7.58元/m/天,"('39.851479', '116.392528')"
bright,(出租)北运河西地铁口大把角门前开阔名餐饮口腔茶馆养生,临街门面,富力运河十号,120.0,19500.0,,5.416666666666667,39.910233,116.692347,True,True,True,120㎡,1.95万/月,5.42元/m/天（价格可面议）,"('39.910233', '116.692347')"
bright,(转让)通州梨园Ⅰ环球影城旁酒店流量底商旺铺整体转让,临街门面,须玖日式便当店(环球影城店),60.0,12000.0,10.0,10.0,39.87019,116.672668,True,True,True,60㎡,1.2万/月,转让费：10万元,"('39.87019', '116.672668')"
bright,(出租)昌平鼓楼东街32号一层临街旺铺客流大可租可售不可餐饮,临街门面,昌平二街社区养老服务驿站,218.0,29000.0,4.43,4.43,40.230012,116.243588,True,True,True,218㎡,2.9万/月,4.43元/m/天,"('40.230012', '116.243588')"
bright,(出租)左岸公社全新装修美食城档口摊位中关村图书大厦凌展购物中心,档口摊位,左岸工社,25.0,14000.0,,18.666666666666668,39.990495,116.311055,True,True,True,25㎡,1.4万/月,18.67元/m/天（价格可面议）,"('39.990495', '116.311055')"
bright,(出租)朝阳黄渠地铁站旁商业铺招商，650平可分租，业态不限！,临街门面,地铁黄渠站,650.0,,,,39.930915,116.583279,True,False,False,650㎡,租金面议,（价格可面议）,"('39.930915', '116.583279')"
bright,(出租)房东直租美食城档口火热招租！昌平朝阳交界天通苑北苑立水桥核心,档口摊位,上善食客通星厨,15.0,3000.0,6.67,6.67,40.060864,116.418669,True,True,True,15㎡,3000元/月,6.67元/m/天,"('40.060864', '116.418669')"
bright,(出租)房东直租壹号临街店铺免租期可谈可做餐饮临近商场门前无遮挡,临街门面,尚峯壹号,198.3,,,,40.21975971276815,116.51659289174209,True,False,False,198.3㎡,租金面议,（价格可面议）,"('40.21975971276815', '116.51659289174209')"
bright,(出租)网吧，台球，餐饮，宠物店，生鲜配，花店，美容美甲美发，保健,商业街店铺,苏锦街4号院,35.0,4000.0,3.81,3.81,39.729919,116.133942,True,True,True,35㎡,4000元/月,3.81元/m/天,"('39.729919', '116.133942')"
bright,(转让)房山良乡Ⅰ商业金街流量底商百平餐饮旺铺急转（中介勿扰）,临街门面,李与白包子铺(北京房山店),115.0,23000.0,,6.666666666666667,39.741609,116.145095,True,True,True,115㎡,2.3万/月,转让费：面议（转让费可面议）,"('39.741609', '116.145095')"
bright,(出租)朝阳区安贞门Ⅰ餐饮流量商业金街旺铺转让,临街门面,朝阳区安外小关,1300.0,198000.0,,5.076923076923077,39.993936,116.42762,True,True,True,1300㎡,19.8万/月,5.08元/m/天（转让费可面议）,"('39.993936', '116.42762')"
bright,(转让)熙罗102㎡新面馆急转！餐饮集中区，设备客源齐,商业街店铺,北京市丰台区马家堡路20号,102.0,26000.0,10.0,10.0,39.86887608059376,116.39198699999994,True,True,True,102㎡,2.6万/月,转让费：10万元,"('39.86887608059376', '116.39198699999994')"
bright,(出租)西城右安门内80㎡临街铺带阁楼1公里居民客群可办餐饮执照,临街门面,右安门内西街,80.0,21000.0,8.75,8.75,39.879359,116.363605,True,True,True,80㎡,2.1万/月,8.75元/m/天,"('39.879359', '116.363605')"
bright,(出租)朝阳金盏嘉园D区1层临街门脸招租近公交站，周边配套成熟齐全,临街门面,金盏嘉园D区-1号楼,15.0,5500.0,12.22,12.22,40.015582,116.557711,True,True,True,15㎡,5500元/月,12.22元/m/天,"('40.015582', '116.557711')"
bright,(出租)西城西单羊皮胡同商铺房东直租人气商圈不愁客源欢迎来谈,临街门面,羊皮市胡同,107.76,23000.0,7.11,7.11,39.925348,116.380113,True,True,True,107.76㎡,2.3万/月,7.11元/m/天,"('39.925348', '116.380113')"
bright,(出租)安定门旅游景区核心位置商铺房东直租,临街门面,全季酒店(北京南锣鼓巷安定门地铁站店),265.0,59600.0,7.5,7.5,39.952128,116.413094,True,True,True,265㎡,5.96万/月,7.5元/m/天,"('39.952128', '116.413094')"
bright,(出租)临街店铺八角核心商业街房东直租，1楼门面2楼3楼可做培训机构,临街门面,古城南路步行街,80.0,,,,39.916957,116.198351,True,False,False,80㎡,租金面议,（价格可面议）,"('39.916957', '116.198351')"
bright,(出租)海淀区中关村东路66号二层商铺出租不限行业价格可议,写字楼配套,世纪科贸大厦-西门,336.0,60000.0,5.95,5.95,39.989948,116.340106,True,True,True,336㎡,6万/月,5.95元/m/天,"('39.989948', '116.340106')"
bright,(出租)85平米餐饮证照齐全，有学校、林草局、地质局、中海油等公司！,社区底商,和平里北街/和平里西街(路口),180.0,6666.0,1.23,1.23,39.96553,116.424575,True,True,True,180㎡,6666元/月,1.23元/m/天,"('39.96553', '116.424575')"
bright,(出租)中关村核心区一拖二，可明火餐饮，业主直租把角位置一二层可分租,写字楼配套,天创科技大厦,653.0,,,,39.987733,116.31536,True,False,False,653㎡,租金面议,（价格可面议）,"('39.987733', '116.31536')"
bright,(出租)苹果园临街流量餐饮商业写字楼1-6层火热招商中消费能力强,临街门面,冠辉商务大厦,499.99,,,,39.941103,116.196999,True,False,False,499.99㎡,租金面议,（价格可面议）,"('39.941103', '116.196999')"
bright,(出租)103国道Ⅰ临街门面房东直租可外摆（翻建装修中）人流密集,临街门面,马头村,450.0,,,,39.766955,116.837971,True,False,False,450㎡,租金面议,（价格可面议）,"('39.766955', '116.837971')"
bright,(出租)小面积商铺、堂食档口，外卖档口招租租金可面议客流大稳定,档口摊位,住邦2000,15.0,,,,39.920886,116.500805,True,False,False,15㎡,租金面议,（价格可面议）,"('39.920886', '116.500805')"
bright,(出租)北苑Ⅰ全业态社区临街门面房东直租，行业不限，人流量大,临街门面,杨庄路89号,128.0,16700.0,4.34,4.34,39.906396,116.638179,True,True,True,128㎡,1.67万/月,4.34元/m/天,"('39.906396', '116.638179')"
bright,(出租)低价临街旺铺四层商铺可分租可整租/房东直租/除餐饮行业不限,临街门面,天通苑,236.0,15600.0,2.2,2.2,40.081456,116.419228,True,True,True,236㎡,1.56万/月,2.2元/m/天,"('40.081456', '116.419228')"
bright,(出租)通州宋庄Ⅰ商业临街流量旺铺直租,商业街店铺,禧园茶餐厅·淮扬早式茶点(宋庄店),260.0,11500.0,1.47,1.47,39.955932,116.727713,True,True,True,260㎡,1.15万/月,1.47元/m/天,"('39.955932', '116.727713')"
bright,(转让)海淀京果商厦15平档口转让带烧饼烙饼技术设备人流量大,档口摊位,京果商厦-A座,15.0,5500.0,,12.222222222222221,39.966341,116.352236,True,True,True,15㎡,5500元/月,无转让费,"('39.966341', '116.352236')"
bright,(出租)朝阳区立水桥Ⅰ临街社区流量旺铺出租,临街门面,明天第一城-7号院,25.0,,,,40.052278,116.414154,True,False,False,25㎡,租金面议,（价格可面议）,"('40.052278', '116.414154')"
bright,(转让)中关村大街华宇购物中心二层旺铺转让,购物百货中心,北京华宇时尚购物中心,20.0,10000.0,6.0,6.0,39.971234,116.329928,True,True,True,20㎡,1万/月,转让费：6万元,"('39.971234', '116.329928')"
bright,(转让)刘家窑地铁站西北口火锅店转让,临街门面,刘家窑,120.0,40000.0,8.0,8.0,39.863697,116.428565,True,True,True,120㎡,4万/月,转让费：8万元,"('39.863697', '116.428565')"
bright,(出租)顺义聚百味15平档口招租！低租金，邻北辰悦/卧龙悦购,商业街店铺,聚百味美食城,15.0,2500.0,5.56,5.56,40.143323,116.644218,True,True,True,15㎡,2500元/月,5.56元/m/天,"('40.143323', '116.644218')"
bright,(出租)朝阳Ⅰ紧临双桥万达广场流量旺铺带设备整体出租,临街门面,爆鼎·烧烤·涮肉品质自助(北京总店),190.0,,,,39.910188,116.583619,True,False,False,190㎡,租金面议,（价格可面议）,"('39.910188', '116.583619')"
bright,(出租)三里屯新出230平临街餐饮商铺户型方正客流大可外摆不限业态,写字楼配套,朝阳-三里屯工体北路8号,230.0,70000.0,,10.144927536231885,39.938112,116.460068,True,True,True,230㎡,7万/月,10.14元/m/天（价格可面议）,"('39.938112', '116.460068')"
bright,(出租)东三环国贸双井富力城天力街主街162平米纯一层全业态餐饮商铺,临街门面,朝阳-双井天力街,162.0,75000.0,15.43,15.43,39.90304,116.463785,True,True,True,162㎡,7.5万/月,15.43元/m/天,"('39.90304', '116.463785')"
bright,(出租)双井品牌餐饮一条街商铺直租面积160平纯一层,临街门面,双井-地铁站-北京市朝阳区,160.0,,,,39.899171,116.469147,True,False,False,160㎡,租金面议,,"('39.899171', '116.469147')"
bright,(出租)东城区地安门十字路口餐饮商铺直租，位置好人流大！,商业街店铺,西城-什刹海地安门外大街,230.0,72500.0,10.5,10.5,39.9413,116.402591,True,True,True,230㎡,7.25万/月,10.5元/m/天,"('39.9413', '116.402591')"
bright,(出租)六道口圣熙八号一层餐饮商铺200平商铺直租水电燃气齐全,临街门面,海淀-中关村学清路甲8号,200.0,66000.0,,11.0,40.014648,116.360523,True,True,True,200㎡,6.6万/月,11元/m/天（价格可面议）,"('40.014648', '116.360523')"
bright,(出租)双井天力街临街餐饮商铺出租面积80平自带人流,临街门面,东三环-北京市朝阳区,80.0,,,,39.898302,116.467439,True,False,False,80㎡,租金面议,,"('39.898302', '116.467439')"
bright,(出租)通州区，物资学院地铁口，新出餐饮商铺，不限制业态，甲方直租,购物百货中心,通州-物资学院路物资学院路6号,138.0,,,,39.932806,116.64605,True,False,False,138㎡,租金面议,,"('39.932806', '116.64605')"
bright,(出租)北五环北苑一层餐饮有燃气可明火适合餐饮烤肉串吧商铺出租,商业街店铺,朝阳-北苑红军营南路,140.0,21800.0,5.2,5.2,40.042107,116.421275,True,True,True,140㎡,2.18万/月,5.2元/m/天,"('40.042107', '116.421275')"
bright,(出租)国贸CBD一层餐饮商铺带燃气排烟人流密集订单火爆直租,商业街店铺,朝阳-国贸东三环中路39号,60.0,13000.0,,7.222222222222222,39.911335,116.465666,True,True,True,60㎡,1.3万/月,7.22元/m/天（价格可面议）,"('39.911335', '116.465666')"
bright,(出租)机电院临街紧邻出入口户型方正可餐饮500平商铺适合全业态,临街门面,朝阳-三里屯三里屯路19号,500.0,75000.0,,5.0,39.940722,116.461001,True,True,True,500㎡,7.5万/月,5元/m/天（价格可面议）,"('39.940722', '116.461001')"
bright,(出租)双井富力城天力街80平米临街餐饮商铺，业主直租,临街门面,朝阳-双井天力街,80.0,40000.0,,16.666666666666668,39.90304,116.463785,True,True,True,80㎡,4万/月,16.67元/m/天（价格可面议）,"('39.90304', '116.463785')"
bright,(出租)北安河安河家园底商纯一层餐饮商铺有燃气,社区底商,安河家园九里-西门-北京市海淀区,170.0,,,,40.075028,116.133065,True,False,False,170㎡,租金面议,,"('40.075028', '116.133065')"
bright,(出租)对外经贸大学商铺！招：快餐，清真，川湘菜，粤菜，品牌餐饮,商业街店铺,对外经济贸易大学,300.0,103500.0,,11.5,39.986491,116.434341,True,True,True,300㎡,10.35万/月,11.5元/m/天（价格可面议）,"('39.986491', '116.434341')"
bright,(出租)顶流餐饮商铺不选至少可以做对比价格美丽80平米露台客户密集,临街门面,朝阳-国贸北京市朝阳区建外街道建国路90号,350.0,,,,39.912503,116.480619,True,False,False,350㎡,租金面议,,"('39.912503', '116.480619')"
bright,(出租)百子湾大郊亭临街纯一层150平有燃气餐饮商铺直租,商业街店铺,朝阳-百子湾大郊亭中街,180.0,53000.0,9.81,9.81,39.894493,116.492805,True,True,True,180㎡,5.3万/月,9.81元/m/天,"('39.894493', '116.492805')"
bright,(出租)双井富力城天力街临街166平米全业态餐饮商铺出租带燃气,临街门面,朝阳-双井天力街,166.0,,,,39.902931,116.463859,True,False,False,166㎡,租金面议,,"('39.902931', '116.463859')"
bright,(出租)海淀北三环新出独栋餐饮商铺，赠内外小院，精装修，随时看,写字楼配套,海淀-蓟门桥北三环西路甲18号,750.0,157500.0,,7.0,39.972572,116.347322,True,True,True,750㎡,15.75万/月,7元/m/天（费用可面议）,"('39.972572', '116.347322')"
bright,(出租)A苹果园临街商铺550平直租！可做羊蝎子火锅烧烤各种餐饮不限,临街门面,石景山-石景山周边西井路,550.0,49500.0,3.0,3.0,39.939289,116.19779,True,True,True,550㎡,4.95万/月,3元/m/天,"('39.939289', '116.19779')"
bright,(出租)望京繁华地段十字路口餐饮商铺，精装修电梯直达,临街门面,朝阳-望京南湖北路,600.0,54000.0,3.0,3.0,40.005066,116.469259,True,True,True,600㎡,5.4万/月,3元/m/天,"('40.005066', '116.469259')"
bright,(出租)国美城社区底商把角610平餐饮商铺出租适合餐饮火锅展厅,商业街店铺,朝阳-石佛营青年路115号,610.0,95200.0,5.2,5.2,39.940053,116.52173,True,True,True,610㎡,9.52万/月,5.2元/m/天,"('39.940053', '116.52173')"
bright,(出租)平安里西四大街临街餐饮商铺出租15米大展示面,商业街店铺,西城-西四西四北大街,150.0,40500.0,9.0,9.0,39.933124,116.37983,True,True,True,150㎡,4.05万/月,9元/m/天,"('39.933124', '116.37983')"
bright,(出租)太古里三里屯236平餐饮商铺低价直租有露台可外摆不限业态,写字楼配套,朝阳-三里屯工体北路8号,236.0,42500.0,,6.002824858757062,39.938112,116.460068,True,True,True,236㎡,4.25万/月,6元/m/天（价格可面议）,"('39.938112', '116.460068')"
bright,(出租)北四环亚运村惠新西街带燃气上下水可餐饮流量大装修好商铺出租,商业街店铺,朝阳-亚运村惠新西街,280.0,29500.0,3.51,3.51,39.993884,116.423355,True,True,True,280㎡,2.95万/月,3.51元/m/天,"('39.993884', '116.423355')"
bright,(出租)物业直租丨烟酒东坝万达地铁口可餐饮商铺,商业街店铺,朝阳-朝青板块东坝中路,47.58,7165.55,,5.020001401148943,39.967905,116.554075,True,True,True,47.58㎡,7165.55元/月,5.02元/m/天（价格可面议）,"('39.967905', '116.554075')"
bright,(出租)东城新出餐饮商铺，执照不用办，接手即可营业，有包厢，可停车,社区底商,东城-安定门安定门西滨河路,600.0,80000.0,,4.444444444444445,39.957243,116.411797,True,True,True,600㎡,8万/月,4.44元/m/天（价格可面议）,"('39.957243', '116.411797')"
bright,(出租)直租国贸东大桥SOHO尚都临街餐饮商铺户型方正有燃气,写字楼配套,朝阳-东大桥东大桥路8号,130.0,42000.0,10.77,10.77,39.9242471,116.4592123,True,True,True,130㎡,4.2万/月,10.77元/m/天,"('39.9242471', '116.4592123')"
bright,(出租)东城区地安门十字路口餐饮商铺人流大面积230平,临街门面,西城-什刹海地安门外大街31号,233.0,69900.0,10.0,10.0,39.944427,116.4019621,True,True,True,233㎡,6.99万/月,10元/m/天,"('39.944427', '116.4019621')"
bright,(出租)双井富力城天力街餐饮商铺房东直租有燃气,临街门面,朝阳-双井天力街,60.0,40000.0,22.22,22.22,39.903027,116.460878,True,True,True,60㎡,4万/月,22.22元/m/天,"('39.903027', '116.460878')"
bright,(出租)医疗美容茶室接待餐饮临街商铺产权清晰可做多种业态,商业街店铺,朝阳-CBD东三环中路39号,306.6,55000.0,,5.979560774081322,39.911335,116.465666,True,True,True,306.6㎡,5.5万/月,5.98元/m/天（价格可面议）,"('39.911335', '116.465666')"
bright,(转让)地铁口商铺直租朝阳200平招各种培训台球瑜伽餐饮,临街门面,朝阳-东坝东坝大街,200.0,,,,39.987762,116.603123,True,False,False,200㎡,租金面议,无转让费,"('39.987762', '116.603123')"
bright,(出租)50至100平可餐饮商铺物业直租，周边社区密集商业氛围浓,商业街店铺,西城-新街口文慧园路,50.0,8000.0,5.33,5.33,39.958555,116.374351,True,True,True,50㎡,8000元/月,5.33元/m/天,"('39.958555', '116.374351')"
bright,(出租)国贸大望路临街餐饮商铺融合菜装修不可医疗价格美观,商业街店铺,详细地址请咨询,500.0,,,,39.912081,116.476959,True,False,False,500㎡,租金面议,,"('39.912081', '116.476959')"
bright,(出租)商铺招商十字路口周边2公里无商业小区集中可餐饮,社区底商,详细地址请咨询,150.0,,,,39.966798,116.235645,True,False,False,150㎡,租金面议,,"('39.966798', '116.235645')"
bright,(出租)国贸133平临街餐饮商铺有燃气380V动力电,商业街店铺,朝阳-东大桥东大桥路8号,133.9,42000.0,,10.455563853622106,39.9242471,116.4592123,True,True,True,133.9㎡,4.2万/月,10.46元/m/天（价格可面议）,"('39.9242471', '116.4592123')"
bright,(出租)国贸双井商圈纯一层临街全业态餐饮商铺业主直租无转让费,临街门面,朝阳-双井双井富力城天力街,158.0,,,,39.902937,116.463804,True,False,False,158㎡,租金面议,,"('39.902937', '116.463804')"
bright,(出租)万象汇，清河新城永泰庄，128平餐饮商铺有燃气,商业街店铺,永泰庄西路-道路-北京市海淀区,128.0,26900.0,,7.005208333333333,40.03704,116.358707,True,True,True,128㎡,2.69万/月,7元/m/天（价格可面议）,"('40.03704', '116.358707')"
bright,(出租)国贸东大桥SOHO尚都餐饮商铺带外摆有燃气各类餐饮,临街门面,朝阳-东大桥东大桥路8号,350.0,43000.0,4.1,4.1,39.9242471,116.4592123,True,True,True,350㎡,4.3万/月,4.1元/m/天,"('39.9242471', '116.4592123')"
bright,(出租)朝阳门餐饮商铺330平米商业立项有燃气全业态,社区底商,朝阳-工体芳草地西街,330.0,74300.0,,7.505050505050505,39.927144,116.452364,True,True,True,330㎡,7.43万/月,7.5元/m/天（价格可面议）,"('39.927144', '116.452364')"
bright,(出租)朝阳十里河临街80平餐饮商铺出租，价格可谈,临街门面,闽龙周庄里-北京市朝阳区,80.0,14400.0,6.0,6.0,39.867206,116.477762,True,True,True,80㎡,1.44万/月,6元/m/天,"('39.867206', '116.477762')"
bright,(出租)丰科万达468平米餐饮商铺无转让费，可明火，能注册,购物百货中心,万达广场(丰科店)-北京市丰台区,168.0,37800.0,7.5,7.5,39.83046,116.305353,True,True,True,168㎡,3.78万/月,7.5元/m/天,"('39.83046', '116.305353')"
bright,(出租)公益西桥地铁站全业态可餐饮商铺招肯德基华莱士赵一鸣,商业街店铺,丰台-角门城南大道,100.0,15000.0,5.0,5.0,39.8439595,116.3768915,True,True,True,100㎡,1.5万/月,5元/m/天,"('39.8439595', '116.3768915')"
bright,(出租)双井富力城星光大道天力街临街160平米纯一层餐饮商铺业主直租,临街门面,朝阳-双井天力街,160.0,78000.0,16.25,16.25,39.90304,116.463785,True,True,True,160㎡,7.8万/月,16.25元/m/天,"('39.90304', '116.463785')"
bright,(出租)万通中心负一层80平米餐饮商铺有燃气日均外卖250单流水可查,商业街店铺,朝阳-CBD朝外大街甲6号,80.0,9000.0,,3.75,39.925655,116.463157,True,True,True,80㎡,9000元/月,3.75元/m/天（价格可面议）,"('39.925655', '116.463157')"
bright,(转让)海淀158平混合商圈少有的餐饮商铺体量超大竞争小,临街门面,详细地址请咨询,158.0,45000.0,,9.49367088607595,,,False,True,True,158㎡,4.5万/月,转让费：19.5万元（费用可面议）, 
bright,(出租)顺义永辉胖东来超市一层招餐饮客流大租金好谈,商业街店铺,石门-地铁站-北京市顺义区,249.0,56000.0,,7.49665327978581,40.136244,116.647789,True,True,True,249㎡,5.6万/月,7.5元/m/天（价格可面议）,"('40.136244', '116.647789')"
bright,(出租)海淀医院旁商业房一层200平米招租餐饮,商业街店铺,北京市海淀医院-北京市海淀区,200.0,58200.0,9.7,9.7,39.982867,116.321675,True,True,True,200㎡,5.82万/月,9.7元/m/天,"('39.982867', '116.321675')"
bright,(出租)西便门南礼士路商业房一层400平米招租餐饮,商业街店铺,西便门西里小区-北京市西城区,400.0,114000.0,,9.5,39.905033,116.357854,True,True,True,400㎡,11.4万/月,9.5元/m/天（价格可面议）,"('39.905033', '116.357854')"
bright,(出租)首钢园招商515平米二层独立的电梯餐饮,商业街店铺,首钢园-北京市石景山区,515.0,54100.0,3.5,3.5,39.911562,116.177067,True,True,True,515㎡,5.41万/月,3.5元/m/天,"('39.911562', '116.177067')"
bright,(转让)朝外SOHO154平餐饮店转让，固定客源+高流量，白领消费高,商业街店铺,朝外SOHO,154.0,18000.0,28.0,28.0,39.925733,116.461265,True,True,True,154㎡,1.8万/月,转让费：28万元,"('39.925733', '116.461265')"
bright,(出租)北医三院旁挨学校有办公居民!可括大!招餐饮，非餐饮各类全业态,商业街店铺,北京大学第三医院-北京市海淀区,55.0,23300.0,,14.121212121212121,39.988558,116.366607,True,True,True,55㎡,2.33万/月,14.14元/m/天（费用可面议）,"('39.988558', '116.366607')"
bright,(出租)直租立水桥临主街一层门面门头13米面积100平业态不限,临街门面,立水桥-地铁站-北京市朝阳区,100.0,,,,40.059247,116.418267,True,False,False,100㎡,租金面议,,"('40.059247', '116.418267')"
bright,(出租)直租临主街纯一层商铺160平门头9米可外摆全业态有天燃气,临街门面,立水桥-地铁站-北京市朝阳区,160.0,,,,40.059247,116.418267,True,False,False,160㎡,租金面议,,"('40.059247', '116.418267')"
bright,(出租)顺义永辉胖东来超市招餐饮等全业态,商业街店铺,石门-地铁站-北京市顺义区,800.0,76800.0,3.2,3.2,40.136244,116.647789,True,True,True,800㎡,7.68万/月,3.2元/m/天,"('40.136244', '116.647789')"
bright,(出租)西城区阜内大街89号临街底商旺铺房东直租,临街门面,阜成门内大街-89,165.0,50000.0,10.1,10.1,39.930064,116.37678,True,True,True,165㎡,5万/月,10.1元/m/天,"('39.930064', '116.37678')"
bright,(出租)联合大学200m，49平米餐饮旺铺,临街门面,凯基伦大厦-北京市朝阳区,49.0,,,,40.000399,116.433174,True,False,False,49㎡,租金面议,,"('40.000399', '116.433174')"
bright,(出租)朝阳豆各庄大型社区两个小区中间处人流动线有燃气可餐饮,临街门面,朝阳-豆各庄富力又一城,50.0,13500.0,,9.0,39.854724,116.570665,True,True,True,50㎡,1.35万/月,9元/m/天（价格可面议）,"('39.854724', '116.570665')"
bright,(出租)通州北关地铁站，蛋糕店转让，可做餐饮，面馆，糕点，果蔬，棋牌,商业街店铺,通州-北关通燕路,126.0,9600.0,,2.5396825396825395,39.928023,116.664642,True,True,True,126㎡,9600元/月,2.54元/m/天（价格可面议）,"('39.928023', '116.664642')"
bright,(出租)昌平免费用18个月招茶馆酒馆餐饮健身瑜伽等直租！,临街门面,昌平-霍营北清路,500.0,22500.0,1.5,1.5,40.1101,116.410241,True,True,True,500㎡,2.25万/月,1.5元/m/天,"('40.1101', '116.410241')"
bright,(转让)德胜门商业街面包连锁蛋糕店转让客流密集位置好,临街门面,TOUSlesJOURS多乐之日(新风里店),101.2,36000.0,35.0,35.0,39.967792,116.381939,True,True,True,101.2㎡,3.6万/月,转让费：35万元,"('39.967792', '116.381939')"
bright,(出租)西红门鸿坤广场一层临街底商适合小餐饮咖啡水吧酒馆等,临街门面,大兴-西红门欣旺北大街8号,100.0,,,,39.7972913,116.3466145,True,False,False,100㎡,租金面议,,"('39.7972913', '116.3466145')"
bright,(出租)物业直租丨临街餐饮带燃气丨业态不限麻辣烫米线品牌餐饮,商业街店铺,朝阳-国贸东三环中路39号,100.0,18000.0,6.0,6.0,39.911335,116.465666,True,True,True,100㎡,1.8万/月,6元/m/天,"('39.911335', '116.465666')"
bright,(出租)直租东二环朝外大街纯一层1100平餐饮招火锅烤鸭徽菜粤菜,商业街店铺,朝阳-工体朝外大街乙12号,1100.0,132000.0,,4.0,39.929014,116.44872,True,True,True,1100㎡,13.2万/月,4元/m/天（价格可面议）,"('39.929014', '116.44872')"
bright,(出租)物业直租丨国贸临街餐饮~业态不限丨人流大有燃气展示面十米,商业街店铺,朝阳-国贸东三环中路39号,300.0,40000.0,4.44,4.44,39.911335,116.465666,True,True,True,300㎡,4万/月,4.44元/m/天,"('39.911335', '116.465666')"
bright,(出租)回龙观龙腾苑二区临街商铺出租420平可租无其他费用,临街门面,龙腾苑-二区,210.0,22000.0,3.49,3.49,40.083172,116.343681,True,True,True,210㎡,2.2万/月,3.49元/m/天,"('40.083172', '116.343681')"
bright,(出租)绝！好位置主街餐饮！带燃气！可餐饮医美口腔中医等,商业街店铺,朝阳-国贸东三环中路39号,300.0,40000.0,,4.444444444444445,39.911335,116.465666,True,True,True,300㎡,4万/月,4.44元/m/天（价格可面议）,"('39.911335', '116.465666')"
bright,(出租)广渠路临街独栋带院线上超市餐饮娱乐机车展厅装自媒体拍摄办公,写字楼配套,北京市朝阳区管庄(地区)乡广渠快速路,196.0,,,,39.900241,116.605957,True,False,False,196㎡,租金面议,,"('39.900241', '116.605957')"
bright,(出租)新出双井地铁口300平餐饮铺子适合火锅炒菜羊蝎子等业态,商业街店铺,朝阳-双井详细地址请咨询,280.0,,,,39.900693,116.471682,True,False,False,280㎡,租金面议,,"('39.900693', '116.471682')"
bright,(出租)美发美容美甲护肤烟酒店办公街商铺门面房一层底商,临街门面,朝阳-管庄建国路15号,80.0,,,,39.917944,116.587111,True,False,False,80㎡,租金面议,,"('39.917944', '116.587111')"
bright,(出租)邻三环900平米适合办公会所餐饮茶楼娱乐,临街门面,苏皖大厦,900.0,94500.0,3.5,3.5,39.852427,116.344356,True,True,True,900㎡,9.45万/月,3.5元/m/天,"('39.852427', '116.344356')"
bright,(出租)苏州街白家大院！招：米线，拌饭，快餐，麻辣烫，品牌餐饮,商业街店铺,苏州街,80.0,41700.0,,17.375,39.983593,116.312676,True,True,True,80㎡,4.17万/月,17.36元/m/天（价格可面议）,"('39.983593', '116.312676')"
bright,(出租)玉泉路与鲁谷路交叉口核心位置一层商业招租餐饮,商业街店铺,玉泉路/鲁谷路(路口)-北京市石景山区,227.0,57900.0,,8.502202643171806,39.909771,116.259158,True,True,True,227㎡,5.79万/月,8.5元/m/天（价格可面议）,"('39.909771', '116.259158')"
bright,(出租)海淀清河十字路口把角位置紧邻商业房招租餐饮,商业街店铺,北京清河万象汇-北京市海淀区,120.0,36000.0,,10.0,40.03583,116.341021,True,True,True,120㎡,3.6万/月,10元/m/天（价格可面议）,"('40.03583', '116.341021')"
bright,(出租)(北商)大兴义和庄地铁口商铺出租,临街门面,恒大未来城-北京市大兴区,280.0,29000.0,,3.4523809523809526,39.720345,116.320946,True,True,True,280㎡,2.9万/月,3.45元/m/天（费用可面议）,"('39.720345', '116.320946')"
bright,(出租)安慧北里逸园28号楼临街底商旺铺直租,临街门面,安慧北里逸园南区-28号楼,316.0,105000.0,11.08,11.08,40.005405,116.419745,True,True,True,316㎡,10.5万/月,11.08元/m/天,"('40.005405', '116.419745')"
bright,(出租)(北商)朝阳西大望路平乐园地铁c口纯一层商铺出租,临街门面,友金大厦-北京市朝阳区,380.0,90000.0,,7.894736842105263,39.890609,116.48447,True,True,True,380㎡,9万/月,7.89元/m/天（费用可面议）,"('39.890609', '116.48447')"
bright,(转让)(北商)华北电力大学内餐饮店转让,档口摊位,华北电力大学-北京市昌平区,52.0,35000.0,,22.435897435897434,40.095757,116.316685,True,True,True,52㎡,3.5万/月,转让费：面议（费用可面议）,"('40.095757', '116.316685')"
bright,(出租)物业直租丨万象新天地丨314平底商火热招租丨烤肉店丨餐饮丨,商业街店铺,北京市朝阳区东苇路111号院,314.0,,,,39.944237,116.609097,True,False,False,314㎡,租金面议,,"('39.944237', '116.609097')"
bright,(出租)有！燃气！大门头上下两层餐饮火锅炒菜烤鱼等,临街门面,朝阳-国贸东三环中路,300.0,40000.0,,4.444444444444445,39.911192,116.467993,True,True,True,300㎡,4万/月,4.44元/m/天（价格可面议）,"('39.911192', '116.467993')"
bright,(出租)黄村恒大未来城两层140㎡出租，成熟社区全业态，近地铁,商业街店铺,恒大未来城,140.0,8999.0,2.14,2.14,39.720345,116.320946,True,True,True,140㎡,8999元/月,2.14元/m/天,"('39.720345', '116.320946')"
bright,(出租)清华门口餐饮！招：米粉米线，清真菜，门厅肉饼卤煮羊汤等！！！,商业街店铺,海淀-学院路详细地址请咨询,177.0,55000.0,,10.357815442561206,40.016928,116.351058,True,True,True,177㎡,5.5万/月,10.36元/m/天（费用可面议）,"('40.016928', '116.351058')"
bright,(出租)朝阳地铁6号常营美容丨养生丨按摩商铺227平3.6元,商业街店铺,朝阳-常营朝阳北路,227.0,24500.0,,3.5976505139500734,39.931263,116.60397,True,True,True,227㎡,2.45万/月,3.6元/m/天（价格可面议）,"('39.931263', '116.60397')"
bright,(出租)海淀石景山丰台三界交界处纯一层居公适合一切餐饮,商业街店铺,大成路-道路-北京市丰台区,160.0,36000.0,,7.5,39.895741,116.273603,True,True,True,160㎡,3.6万/月,7.5元/m/天（价格可面议）,"('39.895741', '116.273603')"
bright,(出租)物业直租丨可做餐饮丨管庄丨常营丨业态不限丨,临街门面,朝阳-管庄东十里堡路,127.26,,,,39.920612,116.611847,True,False,False,127.26㎡,租金面议,,"('39.920612', '116.611847')"
bright,(出租)朝阳王四营人民日报印刷厂内1100平米餐厅档口招租,档口摊位,人民日报印刷厂,25.0,5000.0,6.67,6.67,39.866413,116.551483,True,True,True,25㎡,5000元/月,6.67元/m/天,"('39.866413', '116.551483')"
bright,(出租)直租对外经贸大学一层300平米有燃气餐饮,商业街店铺,朝阳-小关惠新东街,300.0,91700.0,,10.188888888888888,39.993863,116.430401,True,True,True,300㎡,9.17万/月,10.19元/m/天（价格可面议）,"('39.993863', '116.430401')"
bright,(出租)传媒大学北门丨物业直租丨台球瑜伽丨培训丨健身餐饮全业态,其他,朝阳-定福庄朝阳路,500.41,,,,39.921846,116.562343,True,False,False,500.41㎡,租金面议,,"('39.921846', '116.562343')"
bright,(出租)物业直租丨宴河湾丨东坝北丨全业态丨可餐饮丨24小时营业,临街门面,朝阳-东坝郑村坝街,65.4,,,,39.979381,116.558167,True,False,False,65.4㎡,租金面议,,"('39.979381', '116.558167')"
bright,(出租)物业直租丨管庄杨闸环岛丨可做餐饮丨商业街,临街门面,朝阳-管庄朝阳路,376.54,,,,39.917738,116.603554,True,False,False,376.54㎡,租金面议,,"('39.917738', '116.603554')"
bright,(转让)朝阳北京200平餐厅转让，出租早点,社区底商,铭泽生活广场,200.0,30000.0,15.0,15.0,39.869836,116.48346,True,True,True,200㎡,3万/月,转让费：15万元,"('39.869836', '116.48346')"
bright,(出租)直租出租丨东坝宴河湾洗衣店餐饮美容美甲茶叶店宠物店,临街门面,北京市朝阳区东坝(地区)乡东坝大街78号,77.55,14700.0,,6.3185041908446165,39.981311,116.559779,True,True,True,77.55㎡,1.47万/月,6.3元/m/天（价格可面议）,"('39.981311', '116.559779')"
bright,(出租)物业直租丨物资学院丨瑜伽舞蹈丨培训丨餐饮业态不限丨带露台,临街门面,通州-物资学院路物资学院路6号,197.43,15600.0,2.63,2.63,39.932806,116.64605,True,True,True,197.43㎡,1.56万/月,2.63元/m/天,"('39.932806', '116.64605')"
bright,(出租)物业直租丨定福庄褡裢坡丨公寓酒店丨培训丨免费转让丨餐饮,临街门面,朝阳-定福庄朝阳北路,594.79,,,,39.930105,116.571879,True,False,False,594.79㎡,租金面议,,"('39.930105', '116.571879')"
bright,(出租)黄村180平招餐饮有停车位餐饮带装修,临街门面,大兴-观音寺龙河街,180.0,20000.0,3.7,3.7,39.742389,116.350467,True,True,True,180㎡,2万/月,3.7元/m/天,"('39.742389', '116.350467')"
bright,(转让)地铁积水潭站附近临街底商旺铺转让,临街门面,小炊谣,110.0,45900.0,15.0,15.0,39.957642,116.378567,True,True,True,110㎡,4.59万/月,转让费：15万元,"('39.957642', '116.378567')"
bright,(出租)北京核心景区南锣鼓巷c位商铺招租,商业街店铺,南锣鼓巷,400.0,200000.0,16.67,16.67,39.943562,116.408878,True,True,True,400㎡,20万/月,16.67元/m/天,"('39.943562', '116.408878')"
bright,(出租)海淀上地科实大厦底商商铺房东直租,写字楼配套,科实大厦,600.0,144000.0,8.0,8.0,40.040731,116.318389,True,True,True,600㎡,14.4万/月,8元/m/天,"('40.040731', '116.318389')"
bright,(出租)朝外大街日坛晶华8号楼底商临街门面房东直租除重餐饮外行业不限,社区底商,日坛晶华-8号楼,173.45,39000.0,7.49,7.49,39.926518,116.450761,True,True,True,173.45㎡,3.9万/月,7.49元/m/天,"('39.926518', '116.450761')"
bright,(出租)海淀五道口农业大学100-300平直租无转让费可餐饮！,临街门面,清华东路15号,105.97,26000.0,8.18,8.18,40.007289,116.366487,True,True,True,105.97㎡,2.6万/月,8.18元/m/天,"('40.007289', '116.366487')"
bright,(出租)石景山古城路步行街核心铺招租！近商场社区，人流量大,商业街店铺,古城南路步行街,140.0,,,,39.916957,116.198351,True,False,False,140㎡,租金面议,（价格可面议）,"('39.916957', '116.198351')"
bright,(转让)石景山八角西街280平精装涮肉店转租，5年租期人流量大,临街门面,八角西街,280.0,58800.0,,7.0,39.920335,116.205284,True,True,True,280㎡,5.88万/月,转让费：面议（转让费可面议）,"('39.920335', '116.205284')"
bright,(出租)奥林匹克公园临街铺面70-300平出租，12元/㎡含物业费,商业街店铺,北京工艺美术博物馆(文创店),80.0,29000.0,12.08,12.08,40.00572,116.400322,True,True,True,80㎡,2.9万/月,12.08元/m/天,"('40.00572', '116.400322')"
bright,(出租)旭景园1万平招租全业态制可仓储，配套手续齐全，整租可分租,临街门面,旭景园·精致生活广场,10000.0,,,,39.945537,116.703494,True,False,False,10000㎡,租金面议,（价格可面议）,"('39.945537', '116.703494')"
bright,(转让)蓝堡公寓饭店整体转600平精装含KTV，近华贸高客流价格可谈,商业街店铺,蓝堡国际公寓-南区,600.0,60000.0,80.0,80.0,39.916652,116.48313,True,True,True,600㎡,6万/月,转让费：80万元,"('39.916652', '116.48313')"
bright,(出租)（0转让费）朝阳欢乐谷附近Ⅰ临街流量社区底商旺铺整体出租,社区底商,PETLADY宠娘宠物生活馆(格林莱雅店),80.0,19000.0,7.92,7.92,39.873411,116.513574,True,True,True,80㎡,1.9万/月,7.92元/m/天,"('39.873411', '116.513574')"
bright,(出租)双井桥地铁D口附近临街社区底商人流量大旺铺出租位置优越,临街门面,优士阁-B座,87.0,22000.0,8.43,8.43,39.898418,116.466159,True,True,True,87㎡,2.2万/月,8.43元/m/天,"('39.898418', '116.466159')"
bright,(转让)朝阳北花园1号院一层店转租，设备全临主路,临街门面,中国传媒大学,130.0,32500.0,18.0,18.0,39.917551,116.563634,True,True,True,130㎡,3.25万/月,转让费：18万元,"('39.917551', '116.563634')"
bright,(出租)亦庄同济南路10㎡临街档口酒店公寓旁，白领多做早餐小吃奶茶佳,临街门面,同济南路,10.0,,,,39.779083,116.546239,True,False,False,10㎡,租金面议,（价格可面议）,"('39.779083', '116.546239')"
bright,(出租)新街口积水潭小西天临街商铺房东直租、周边客流大(除餐饮外),临街门面,新街口外大街29号,40.0,30000.0,25.0,25.0,39.958119,116.377868,True,True,True,40㎡,3万/月,25元/m/天,"('39.958119', '116.377868')"
bright,(出租)房东直租可线上超市台球轰趴足疗简餐中央厨房仓储,社区底商,百子湾东里,420.0,,,,39.905263,116.511316,True,False,False,420㎡,租金面议,（价格可面议）,"('39.905263', '116.511316')"
bright,(转让)石景山台湾街核心铺！一层方正新装修，临街旺区营业中,商业街店铺,北京台湾街-C区,168.0,60000.0,,11.904761904761905,39.909978,116.245326,True,True,True,168㎡,6万/月,转让费：面议（转让费可面议）,"('39.909978', '116.245326')"
bright,(转让)朝阳亚运村Ⅰ临街社区流量底商旺铺整体转让人流量大位置明显,临街门面,安慧里(三区)-4号楼,100.0,21700.0,,7.233333333333333,39.998277,116.416682,True,True,True,100㎡,2.17万/月,转让费：面议（转让费可面议）,"('39.998277', '116.416682')"
bright,(转让)朝阳区双井Ⅰ社区临街流量旺铺底商整体转让！,临街门面,鲜品汇生鲜超市(百环家园店),1050.0,,,,39.894717,116.473363,True,False,False,1050㎡,租金面议,转让费：面议（费用可面议）,"('39.894717', '116.473363')"
bright,(转让)通州梨园Ⅰ环球影城旁酒店流量底商旺铺整体转让,临街门面,须玖日式便当店(环球影城店),60.0,12000.0,10.0,10.0,39.87019,116.672668,True,True,True,60㎡,1.2万/月,转让费：10万元,"('39.87019', '116.672668')"
bright,(出租)丰台花乡Ⅰ临街社区底商出租|餐饮修脚生鲜行业不限充足客源,临街门面,诺德逸府,110.0,15000.0,4.55,4.55,39.81904,116.32086,True,True,True,110㎡,1.5万/月,4.55元/m/天,"('39.81904', '116.32086')"
bright,(出租)工体东路中国红街临街底商出租，120平带燃气可餐饮行业不限,商业街店铺,工人体育场东路,86.16,53000.0,20.5,20.5,39.929387,116.457008,True,True,True,86.16㎡,5.3万/月,20.5元/m/天,"('39.929387', '116.457008')"
bright,(出租)昌平鼓楼东街32号一层临街旺铺客流大可租可售不可餐饮,临街门面,昌平二街社区养老服务驿站,218.0,29000.0,4.43,4.43,40.230012,116.243588,True,True,True,218㎡,2.9万/月,4.43元/m/天,"('40.230012', '116.243588')"
bright,(出租)朝阳黄渠地铁站旁商业铺招商，650平可分租，业态不限！,临街门面,地铁黄渠站,650.0,,,,39.930915,116.583279,True,False,False,650㎡,租金面议,（价格可面议）,"('39.930915', '116.583279')"
bright,(出租)房东直租美食城档口火热招租！昌平朝阳交界天通苑北苑立水桥核心,档口摊位,上善食客通星厨,15.0,3000.0,6.67,6.67,40.060864,116.418669,True,True,True,15㎡,3000元/月,6.67元/m/天,"('40.060864', '116.418669')"
bright,(出租)出租石景山苹果园商业街店铺,商业街店铺,实兴大街5号,850.0,102000.0,4.0,4.0,39.940993,116.197399,True,True,True,850㎡,10.2万/月,4元/m/天,"('39.940993', '116.197399')"
bright,(转让)个人转让十里河社区临街旺铺成熟商圈客源充足消费能力强,临街门面,弘善西路,88.0,19000.0,16.0,16.0,39.876326,116.457455,True,True,True,88㎡,1.9万/月,转让费：16万元,"('39.876326', '116.457455')"
bright,(转让)昌平北七家Ⅰ临街社区流量底商旺铺整体转让人流量大客源充足,社区底商,万科翡翠公园,110.0,12500.0,25.0,25.0,40.112295,116.435191,True,True,True,110㎡,1.25万/月,转让费：25万元,"('40.112295', '116.435191')"
bright,(出租)东城景泰地铁口60㎡招租学校多人流大，文具/面包/冷饮店优选,临街门面,鼎盛园-商务楼,60.0,14000.0,7.78,7.78,39.871208,116.415413,True,True,True,60㎡,1.4万/月,7.78元/m/天,"('39.871208', '116.415413')"
bright,(出租)房东直租近安贞、友谊医院、清华大学临街旺铺招租,临街门面,疃里大街,380.0,20000.0,1.75,1.75,39.948787,116.697408,True,True,True,380㎡,2万/月,1.75元/m/天,"('39.948787', '116.697408')"
bright,(出租)望京望馨商业中心一层旺铺出租，近地铁客流量大免物业暖气费,商业街店铺,望馨商业中心,106.19,,,,40.01477,116.468775,True,False,False,106.19㎡,租金面议,（价格可面议）,"('40.01477', '116.468775')"
bright,(转让)丰台花乡Ⅰ临街流量底商旺铺整体转让,临街门面,吴裕泰茶庄(纪家庙店),44.0,8333.0,,6.3128787878787875,39.848387,116.339689,True,True,True,44㎡,8333元/月,转让费：面议（转让费可面议）,"('39.848387', '116.339689')"
bright,(出租)通州宋庄Ⅰ商业金街流量临街旺铺整体租,临街门面,小堡南街48号,589.0,25000.0,1.41,1.41,39.953591,116.725926,True,True,True,589㎡,2.5万/月,1.41元/m/天,"('39.953591', '116.725926')"
bright,(转让)昌平区延寿镇景区旁带院子网红披萨店低价转让。,临街门面,小光披萨theLightLightPizza,260.0,1700.0,20.0,20.0,40.31663,116.336929,True,True,True,260㎡,1700元/月,转让费：20万元,"('40.31663', '116.336929')"
bright,(出租)档口旺铺火热招商！北京顺义华联成熟商圈客源充足消费能力强,购物百货中心,北京华联BHGMall(顺义店),40.0,5000.0,4.17,4.17,40.134468,116.659044,True,True,True,40㎡,5000元/月,4.17元/m/天,"('40.134468', '116.659044')"
bright,(出租)北京顺义Ⅰ临街流量社区底商旺铺出租行业不限,临街门面,仁和园四街,543.18,,,,40.089519,116.681535,True,False,False,543.18㎡,租金面议,（价格可面议）,"('40.089519', '116.681535')"
bright,(出租)门头沟永定Ⅰ临街流量底商旺铺出租（也可转让，费用面议！）,临街门面,中国铁建梧桐苑-知秋园,96.22,,,,39.903806,116.147404,True,False,False,96.22㎡,租金面议,（价格可面议）,"('39.903806', '116.147404')"
bright,(转让)通州区马驹桥Ⅰ商业金街流量旺铺整体转让人流量大客源充足,临街门面,臻顺大碗烤肉拌饭(马驹桥店),20.0,10400.0,,17.333333333333332,39.765603,116.561516,True,True,True,20㎡,1.04万/月,转让费：面议（转让费可面议）,"('39.765603', '116.561516')"
bright,(出租)朝阳东坝Ⅰ临街流量旺铺底商出租租金可面议客源稳定,临街门面,金隅汇景苑二区-北门,88.0,,,,39.963784,116.541342,True,False,False,88㎡,租金面议,（价格可面议）,"('39.963784', '116.541342')"
bright,(出租)通州Ⅰ商业中心临街旺铺招租！可分租，小区环绕近地铁行业不限,商业街店铺,永顺北街,150.0,,,,39.926064,116.658987,True,False,False,150㎡,租金面议,（价格可面议）,"('39.926064', '116.658987')"
bright,(出租)卢沟桥Ⅰ临街社区流量旺铺商业楼房东直租，可分租，中介勿扰,临街门面,中筑西府海棠小区,1600.0,,,,39.868785,116.238872,True,False,False,1600㎡,租金面议,（价格可面议）,"('39.868785', '116.238872')"
bright,(出租)大兴黄村临街全业态旺铺业主直租（有燃气）行业不限位置优越,临街门面,首开康乃馨城-南门,167.0,26000.0,5.19,5.19,39.753079,116.318971,True,True,True,167㎡,2.6万/月,5.19元/m/天,"('39.753079', '116.318971')"
bright,(出租)丰台新宫Ⅰ临街流量底商旺铺出租,社区底商,天恒金融街公园懿府-北门,190.0,28500.0,5.0,5.0,39.798508,116.377009,True,True,True,190㎡,2.85万/月,5元/m/天,"('39.798508', '116.377009')"
bright,(出租)海淀西北旺Ⅰ购物中心流量旺铺火热招商，可分租，可整租！,购物百货中心,U悦生活广场,3000.0,,,,40.072951,116.279453,True,False,False,3000㎡,租金面议,（价格可面议）,"('40.072951', '116.279453')"
bright,(出租)美食城旺铺招商通州梨园Ⅰ商业流量临街客源充足消费能力强,商业街店铺,时尚街区,18.0,3000.0,5.56,5.56,39.887888,116.67353,True,True,True,18㎡,3000元/月,5.56元/m/天,"('39.887888', '116.67353')"
bright,(出租)朝阳十里堡Ⅰ大悦城附近临街流量临街旺铺火热招租可分租可整租！,临街门面,鲜果千万生鲜大卖场,1500.0,,,,39.934373,116.511536,True,False,False,1500㎡,租金面议,（价格可面议）,"('39.934373', '116.511536')"
bright,(转让)霍营地铁站E口底商旺铺低价转让交通方便人流量大,临街门面,霍营地铁站-E西北口,10.0,,,,40.078284,116.365895,True,False,False,10㎡,租金面议,转让费：3万元（价格可面议）,"('40.078284', '116.365895')"
bright,(转让)大兴庞各庄Ⅰ临街流量旺铺整体转让,临街门面,永定人家文化大集,20000.0,,,,39.6448,116.243886,True,False,False,20000㎡,租金面议,转让费：面议（费用可面议）,"('39.6448', '116.243886')"
bright,(出租)西城前门大栅栏网红街旺铺房东出租可分租，可整租！,临街门面,杨梅竹斜街,300.0,,,,39.901909,116.398515,True,False,False,300㎡,租金面议,（价格可面议）,"('39.901909', '116.398515')"
bright,(出租)天通苑龙德广场Ⅰ购物中心火热招商！档口美食城客源充足人流量大,购物百货中心,龙德广场,30.0,5000.0,5.56,5.56,40.065982,116.421961,True,True,True,30㎡,5000元/月,5.56元/m/天,"('40.065982', '116.421961')"
bright,(出租)顺义石园社区环绕Ⅰ临街流量旺铺出租,临街门面,石园北区第二社区-60号楼,390.0,35000.0,2.99,2.99,40.121587,116.668115,True,True,True,390㎡,3.5万/月,2.99元/m/天,"('40.121587', '116.668115')"
bright,(出租)海淀西二旗Ⅰ大厦附近写字楼临街流量旺铺出租位置优越,写字楼配套,盈创动力园区-A座,120.0,10000.0,2.78,2.78,40.060865,116.309507,True,True,True,120㎡,1万/月,2.78元/m/天,"('40.060865', '116.309507')"
bright,(出租)房东直租！写字楼环绕临街旺铺八角游乐园地铁万达银河小学,社区底商,紫御国际,150.0,,,,39.908831,116.228551,True,False,False,150㎡,租金面议,（价格可面议）,"('39.908831', '116.228551')"
bright,(出租)房东直租朝阳望京Ⅰ商业中心临街流量旺铺出租客源充足业态不限,商业街店铺,熊猫干锅·川菜小馆(望京店),153.0,,,,39.995277,116.490657,True,False,False,153㎡,租金面议,（价格可面议）,"('39.995277', '116.490657')"
bright,(出租)天通西院三区美食城整租行业不限门头无遮挡可做医美无转让费,临街门面,天通西苑3区2号楼,400.0,,,,40.085396,116.413217,True,False,False,400㎡,租金面议,（价格可面议）,"('40.085396', '116.413217')"
bright,(出租)云泽嘉苑门口，全业态招租，充足客源超市饭店均可，有燃气,临街门面,云泽嘉苑,621.35,,,,39.897281,116.122172,True,False,False,621.35㎡,租金面议,（价格可面议）,"('39.897281', '116.122172')"
bright,(出租)！！建外餐饮商铺有燃气业态不限接手可经营国贸,临街门面,朝阳-国贸东三环中路39号,100.0,10000.0,,3.3333333333333335,39.911335,116.465666,True,True,True,100㎡,1万/月,3.33元/m/天（价格可面议）,"('39.911335', '116.465666')"
bright,(出租)太古里三里屯236平餐饮商铺低价直租有露台可外摆不限业态,写字楼配套,朝阳-三里屯工体北路8号,236.0,42500.0,,6.002824858757062,39.938112,116.460068,True,True,True,236㎡,4.25万/月,6元/m/天（价格可面议）,"('39.938112', '116.460068')"
bright,(出租)业主直租金街商铺开间好位置月租1万有燃气可餐饮快餐等,商业街店铺,通州-通州北苑新华西街58号,50.0,10000.0,6.67,6.67,39.9114789,116.6471654,True,True,True,50㎡,1万/月,6.67元/m/天,"('39.9114789', '116.6471654')"
bright,(出租)东三环双井富力广场天力街临街161平米带燃气餐饮商铺,临街门面,朝阳-双井天力街,161.0,,,,39.90304,116.463785,True,False,False,161㎡,租金面议,,"('39.90304', '116.463785')"
bright,(出租)十里河周庄嘉园餐饮商铺出租，水电然气齐全能外摆。,临街门面,朝阳-松榆里西大望南路,270.0,52000.0,6.42,6.42,39.869288,116.483899,True,True,True,270㎡,5.2万/月,6.42元/m/天,"('39.869288', '116.483899')"
bright,(出租)临街餐饮商铺有燃气可明火适合咖啡奶茶各类餐饮等国贸建外,临街门面,朝阳-国贸东三环中路39号,65.0,8000.0,,4.102564102564102,39.911335,116.465666,True,True,True,65㎡,8000元/月,4.1元/m/天（价格可面议）,"('39.911335', '116.465666')"
bright,(出租)东四环百子湾餐饮商铺40平13000月馆炒菜烧烤海鲜精酿,商业街店铺,朝阳-百子湾广渠东路33号,40.0,13000.0,,10.833333333333334,39.903576,116.511555,True,True,True,40㎡,1.3万/月,10.83元/m/天（价格可面议）,"('39.903576', '116.511555')"
bright,(出租)CBD核心商圈下沉广场正规餐饮商铺火锅炒菜快餐饺子西餐厅,商业街店铺,朝阳-东大桥东大桥路8号,350.0,42000.0,,4.0,39.9242471,116.4592123,True,True,True,350㎡,4.2万/月,4元/m/天（价格可面议）,"('39.9242471', '116.4592123')"
bright,(出租)物业直租朝阳大悦城附近一层临街200平带燃气餐饮商铺出租,临街门面,朝阳-朝青板块朝阳北路101号,200.0,52000.0,,8.666666666666666,39.930834,116.524829,True,True,True,200㎡,5.2万/月,8.67元/m/天（价格可面议）,"('39.930834', '116.524829')"
bright,(出租)珠江帝景263平米餐饮一层临街商铺出租,临街门面,朝阳-百子湾广渠路,263.0,63099.99999999999,8.0,8.0,39.896087,116.489211,True,True,True,263㎡,6.31万/月,8元/m/天,"('39.896087', '116.489211')"
bright,(出租)金台路地铁口商铺出租120平美容养生茶馆会所餐饮等,商业街店铺,朝阳-大望路延静里中街,120.0,23000.0,,6.388888888888889,39.922364,116.491248,True,True,True,120㎡,2.3万/月,6.39元/m/天（价格可面议）,"('39.922364', '116.491248')"
bright,(出租)常营美食街丨300平餐饮商铺丨招租大型品牌餐饮，品牌快餐,写字楼配套,朝阳-常营常惠路,307.33,108900.0,,11.81140793284092,39.932661,116.606782,True,True,True,307.33㎡,10.89万/月,11.81元/m/天（价格可面议）,"('39.932661', '116.606782')"
bright,(出租)朝阳区一层临街商铺地铁站100米传媒大学两公里可餐饮,社区底商,朝阳-定福庄详细地址请咨询,111.79,13400.0,,3.9955869636520855,39.917299,116.567632,True,True,True,111.79㎡,1.34万/月,4元/m/天（价格可面议）,"('39.917299', '116.567632')"
bright,(出租)南法信地铁口餐饮商铺6个月免租临主街全业态价可谈,社区底商,顺义-石门东兴街,87.0,6003.0,,2.3,40.126651,116.619009,True,True,True,87㎡,6003元/月,2.3元/m/天（价格可面议）,"('40.126651', '116.619009')"
bright,(出租)国贸东大桥SOHO尚都餐饮商铺带外摆有燃气各类餐饮,临街门面,朝阳-东大桥东大桥路8号,350.0,43000.0,4.1,4.1,39.9242471,116.4592123,True,True,True,350㎡,4.3万/月,4.1元/m/天,"('39.9242471', '116.4592123')"
bright,(出租)三里屯SOHO970平餐饮商铺出租50米展面适合餐饮酒吧餐吧,商业街店铺,三里屯SOHO-北京市朝阳区,970.0,151300.0,5.2,5.2,39.937943,116.460166,True,True,True,970㎡,15.13万/月,5.2元/m/天,"('39.937943', '116.460166')"
bright,(出租)甲方直租房山篱笆房合景领峰102平米餐饮店铺出租,商业街店铺,房山-长阳京良路,102.0,9180.0,,3.0,39.773965,116.190004,True,True,True,102㎡,9180元/月,3元/m/天（价格可面议）,"('39.773965', '116.190004')"
bright,(出租)国贸建外80平米餐饮商铺，1层把角超大展示面。业态不限,写字楼配套,朝阳-国贸东三环中路39号,80.0,15000.0,6.25,6.25,39.911335,116.465666,True,True,True,80㎡,1.5万/月,6.25元/m/天,"('39.911335', '116.465666')"
bright,(出租)国贸一层商铺50平！临街，水果蛋糕咖啡鲜花餐饮奶茶服装红酒等,社区底商,朝阳-国贸东三环中路39号,50.0,8500.0,,5.666666666666667,39.911335,116.465666,True,True,True,50㎡,8500元/月,5.67元/m/天（价格可面议）,"('39.911335', '116.465666')"
bright,(出租)出租200平餐饮精装修商铺！无转让费周边超大体量居公学生,临街门面,朝阳-潘家园松榆北路3号,200.0,48000.0,,8.0,39.883947,116.469028,True,True,True,200㎡,4.8万/月,8元/m/天（价格可面议）,"('39.883947', '116.469028')"
bright,(出租)石景山苹果园临街餐饮商铺适合快餐类面食类川湘菜烤鱼烧烤火锅,临街门面,石景山-石景山周边苹果园大街,170.0,30600.0,6.0,6.0,39.93647,116.190912,True,True,True,170㎡,3.06万/月,6元/m/天,"('39.93647', '116.190912')"
bright,(出租)朝阳路传媒大学新出餐饮门面445平米，三个舞蹈教室，两个储物,商业街店铺,朝阳-定福庄定福庄北街,445.04,40100.0,3.0,3.0,39.922541,116.560349,True,True,True,445.04㎡,4.01万/月,3元/m/天,"('39.922541', '116.560349')"
bright,(出租)商铺招商十字路口周边2公里无商业小区集中可餐饮,社区底商,详细地址请咨询,150.0,,,,39.966798,116.235645,True,False,False,150㎡,租金面议,,"('39.966798', '116.235645')"
bright,"(出租)东城区地安门十字路口餐饮商铺,人流大,面积266平",临街门面,西城-什刹海地安门外大街31号,230.0,,,,39.944427,116.4019621,True,False,False,230㎡,租金面议,,"('39.944427', '116.4019621')"
bright,(出租)特！价！直租！新出商铺双面玻璃窗展示位，可餐饮，业态不限,写字楼配套,朝阳-国贸东三环中路,70.0,5000.0,,2.380952380952381,39.911192,116.467993,True,True,True,70㎡,5000元/月,2.38元/m/天（价格可面议）,"('39.911192', '116.467993')"
bright,(出租)商铺出租一层门面六号线地铁口招租展厅办公餐饮零售,临街门面,朝阳-定福庄朝阳北路,119.0,,,,39.929826,116.570245,True,False,False,119㎡,租金面议,,"('39.929826', '116.570245')"
bright,(出租)大兴丽园路60平商铺出租自带流量适合餐饮快餐全业态,商业街店铺,枣园-地铁站-北京市大兴区,60.0,14200.0,7.87,7.87,39.759079,116.338975,True,True,True,60㎡,1.42万/月,7.87元/m/天,"('39.759079', '116.338975')"
bright,(出租)国贸CBD朝外SOHO可以餐饮.精装修临街店面,临街门面,朝阳-东大桥朝外大街乙6号,251.0,55000.0,7.3,7.3,39.92584,116.461382,True,True,True,251㎡,5.5万/月,7.3元/m/天,"('39.92584', '116.461382')"
bright,(出租)东坝成熟社区餐饮办公临街商铺烧烤自助川湘菜水饺培训,社区底商,朝阳-东坝东坝南二街,295.66,,,,39.965964,116.574402,True,False,False,295.66㎡,租金面议,,"('39.965964', '116.574402')"
bright,(出租)商铺转租丨适合培训丨美容美体丨健身丨餐饮丨火锅丨炒菜丨,社区底商,朝阳-常营朝阳路,568.0,37700.0,,2.2124413145539905,39.919798,116.603425,True,True,True,568㎡,3.77万/月,2.21元/m/天（价格可面议）,"('39.919798', '116.603425')"
bright,(出租)西城区虎坊桥餐饮商铺，包物业冷暖,商业街店铺,西城-天桥西经路13号楼,67.7,14200.0,,6.9916297390448054,39.889907,116.396265,True,True,True,67.7㎡,1.42万/月,7元/m/天（价格可面议）,"('39.889907', '116.396265')"
bright,(出租)太古里三里屯机电院临街一二三层餐饮商铺,写字楼配套,朝阳-三里屯工人体育场北路,500.0,,,,39.937492,116.460034,True,False,False,500㎡,租金面议,,"('39.937492', '116.460034')"
bright,(出租)青年路地铁口丨临街餐饮商铺38平丨不限业态丨,社区底商,朝阳-定福庄朝阳北路,38.0,16000.0,,14.035087719298245,39.929639,116.574885,True,True,True,38㎡,1.6万/月,14.04元/m/天（价格可面议）,"('39.929639', '116.574885')"
bright,(出租)望京繁华地段十字路口餐饮商铺，精装修电梯直达,临街门面,朝阳-望京南湖北路,600.0,54000.0,3.0,3.0,40.005066,116.469259,True,True,True,600㎡,5.4万/月,3元/m/天,"('40.005066', '116.469259')"
bright,(出租)平安里西四大街临街餐饮商铺出租15米大展示面,商业街店铺,西城-西四西四北大街,150.0,40500.0,9.0,9.0,39.933124,116.37983,True,True,True,150㎡,4.05万/月,9元/m/天,"('39.933124', '116.37983')"
bright,(出租)首都经贸大学校门口出租98平米餐饮商铺业主直租，把角展示,临街门面,朝阳-惠新里文学馆路,98.0,59000.0,20.07,20.07,39.98639,116.430846,True,True,True,98㎡,5.9万/月,20.07元/m/天,"('39.98639', '116.430846')"
bright,(出租)三里屯SOHO新出202平临街餐饮商铺适合餐饮，展厅，美业等,商业街店铺,朝阳-三里屯工人体育场北路,202.0,78000.0,12.87,12.87,39.937492,116.460034,True,True,True,202㎡,7.8万/月,12.87元/m/天,"('39.937492', '116.460034')"
bright,(出租)双井苹果临街（新出餐饮）商铺230平3.5万烧烤海鲜家常菜等,商业街店铺,朝阳-百子湾百子湾路32号,230.0,35000.0,,5.072463768115942,39.905581,116.47703,True,True,True,230㎡,3.5万/月,5.07元/m/天（价格可面议）,"('39.905581', '116.47703')"
bright,(出租)望京SOHO餐饮区商铺300平米原餐饮证照齐全随时看房,购物百货中心,朝阳-望京望京街10号,210.0,30000.0,,4.761904761904762,40.002437,116.487916,True,True,True,210㎡,3万/月,4.76元/m/天（价格可面议）,"('40.002437', '116.487916')"
bright,(出租)地铁口餐饮商铺丨100平小院丨可外摆235平5元龙湖天街,商业街店铺,朝阳-常营朝阳北路,235.0,35300.0,,5.00709219858156,39.931263,116.60397,True,True,True,235㎡,3.53万/月,5元/m/天（价格可面议）,"('39.931263', '116.60397')"
bright,(出租)商铺出租，临街纯一层，50平，临地铁可餐饮,临街门面,丰台-角门角门北路,50.0,7000.0,,4.666666666666667,39.856743,116.381534,True,True,True,50㎡,7000元/月,4.67元/m/天（价格可面议）,"('39.856743', '116.381534')"
bright,(出租)建外国贸一层餐饮商铺!可注册!!可办照.地铁.东三环长安街!,临街门面,朝阳-国贸东三环中路39号,233.0,30000.0,,4.291845493562231,39.911335,116.465666,True,True,True,233㎡,3万/月,4.29元/m/天（价格可面议）,"('39.911335', '116.465666')"
bright,(出租)百子湾新出餐饮商铺100平18米门头可整分租燃气面馆炒菜烧烤,商业街店铺,朝阳-百子湾广渠东路33号,100.0,25000.0,,8.333333333333334,39.903576,116.511555,True,True,True,100㎡,2.5万/月,8.33元/m/天（价格可面议）,"('39.903576', '116.511555')"
bright,(出租)SOHO尚都临街餐饮商铺有燃气带外摆区下沉花园,写字楼配套,朝阳-东大桥东大桥路8号,134.0,26000.0,6.47,6.47,39.9242471,116.4592123,True,True,True,134㎡,2.6万/月,6.47元/m/天,"('39.9242471', '116.4592123')"
bright,(出租)东环广场临街餐饮商铺有燃气适合火锅日料各种快餐等,临街门面,东城-东直门外东中街29号,230.0,82800.0,,12.0,39.943253,116.442535,True,True,True,230㎡,8.28万/月,12元/m/天（价格可面议）,"('39.943253', '116.442535')"
bright,(出租)物业直租丨烟酒东坝万达地铁口可餐饮商铺,商业街店铺,朝阳-朝青板块东坝中路,47.58,7165.55,,5.020001401148943,39.967905,116.554075,True,True,True,47.58㎡,7165.55元/月,5.02元/m/天（价格可面议）,"('39.967905', '116.554075')"
bright,(出租)直租丰台宋家庄一层餐饮商铺143平米好停车,社区底商,丰台-宋家庄金桥西街9号,143.0,25700.0,,5.9906759906759905,39.843445,116.430595,True,True,True,143㎡,2.57万/月,6元/m/天（价格可面议）,"('39.843445', '116.430595')"
bright,(出租)黄村180平招餐饮有停车位餐饮带装修,临街门面,大兴-观音寺龙河街,180.0,20000.0,3.7,3.7,39.742389,116.350467,True,True,True,180㎡,2万/月,3.7元/m/天,"('39.742389', '116.350467')"
bright,(出租)260平米露台丨适合酒吧丨餐饮丨咖啡厅丨火锅烧烤丨地铁附近,社区底商,朝阳-定福庄朝阳路,595.0,,,,39.921846,116.562343,True,False,False,595㎡,租金面议,,"('39.921846', '116.562343')"
bright,(出租)商铺转租丨8米宽门头丨适合丨培训机构丨美容美体丨茶楼,临街门面,朝阳-管庄三间房西路,257.0,,,,39.926265,116.575763,True,False,False,257㎡,租金面议,,"('39.926265', '116.575763')"
bright,(出租)亦庄商业区社区口丨临街400平50万年框架结构按摩足疗餐饮,商业街店铺,大兴-亦庄北环西路,400.0,41700.0,,3.475,39.810979,116.503952,True,True,True,400㎡,4.17万/月,3.47元/m/天（价格可面议）,"('39.810979', '116.503952')"
bright,(转让)朝外SOHO154平餐饮店转让，固定客源+高流量，白领消费高,商业街店铺,朝外SOHO,154.0,18000.0,28.0,28.0,39.925733,116.461265,True,True,True,154㎡,1.8万/月,转让费：28万元,"('39.925733', '116.461265')"
bright,(出租)价格惊喜丨朝阳商铺丨临街一层丨可做线上超市丨宠物丨美容美发丨,临街门面,朝阳-朝阳周边长店大街,351.0,,,,40.015807,116.557213,True,False,False,351㎡,租金面议,,"('40.015807', '116.557213')"
bright,(出租)位置好客流量大，60到700平店铺均有，靠近大悦城，招商中,商业街店铺,永丰-地铁站-北京市海淀区,700.0,33600.0,,1.6,40.077705,116.245001,True,True,True,700㎡,3.36万/月,1.6元/m/天（价格可面议）,"('40.077705', '116.245001')"
bright,(出租)商业街店铺火爆招商80到700平店铺供您选择位于环洲创业园,商业街店铺,北京环洲创业园-北京市海淀区,700.0,33600.0,,1.6,40.10654,116.224273,True,True,True,700㎡,3.36万/月,1.6元/m/天（价格可面议）,"('40.10654', '116.224273')"
bright,(出租)海淀上庄450平整体商铺（紧邻大悦城和故宫北院），招商中！,商业街店铺,北京环洲创业园-北京市海淀区,450.0,32400.000000000004,,2.4000000000000004,40.10654,116.224273,True,True,True,450㎡,3.24万/月,2.4元/m/天（价格可面议）,"('40.10654', '116.224273')"
bright,(出租)西城区阜内大街89号临街底商旺铺房东直租,临街门面,阜成门内大街-89,165.0,50000.0,10.1,10.1,39.930064,116.37678,True,True,True,165㎡,5万/月,10.1元/m/天,"('39.930064', '116.37678')"
bright,(出租)海淀环洲创业园280平商铺丨靠近商圈丨租金便宜丨交通便利,商业街店铺,温泉(地区)镇-北京市海淀区,280.0,20200.0,,2.4047619047619047,40.05515,116.186914,True,True,True,280㎡,2.02万/月,2.4元/m/天（价格可面议）,"('40.05515', '116.186914')"
bright,(出租)商铺直租！品牌生鲜超市，农贸集市夜市大排挡，4S店展厅折扣仓,临街门面,朝阳-定福庄朝阳北路,8200.0,,,,39.929652,116.574966,True,False,False,8200㎡,租金面议,,"('39.929652', '116.574966')"
bright,(出租)商铺直租！铁锅炖火锅围炉烧烤茶楼写真摄影直播格局方正业态不限,临街门面,朝阳-管庄朝阳路,569.0,39300.0,,2.3022847100175747,39.918404,116.605884,True,True,True,569㎡,3.93万/月,2.3元/m/天（费用可面议）,"('39.918404', '116.605884')"
bright,(出租)商铺直租！铜锅涮肉烤肉围炉串吧音乐餐厅酒吧，超大露台业态不限,社区底商,朝阳-定福庄朝阳北路,595.0,,,,39.929826,116.570245,True,False,False,595㎡,租金面议,,"('39.929826', '116.570245')"
bright,(转让)德胜门商业街面包连锁蛋糕店转让客流密集位置好,临街门面,TOUSlesJOURS多乐之日(新风里店),101.2,36000.0,35.0,35.0,39.967792,116.381939,True,True,True,101.2㎡,3.6万/月,转让费：35万元,"('39.967792', '116.381939')"
bright,(出租)商铺直租！音乐绘画中医盲人按摩，宠物美容院减肥中心跆拳道武馆,临街门面,朝阳-定福庄朝阳北路,119.0,9500.0,,2.661064425770308,39.929826,116.570245,True,True,True,119㎡,9500元/月,2.66元/m/天（费用可面议）,"('39.929826', '116.570245')"
bright,(出租)商铺直租东坝155平摩托车装修有洗车间随时可看,购物百货中心,朝阳-东坝详细地址请咨询,155.43,14000.0,,3.0024233845889894,39.967905,116.554075,True,True,True,155.43㎡,1.4万/月,3元/m/天（价格可面议）,"('39.967905', '116.554075')"
bright,(出租)房东直租朝阳劲松武圣路南磨房餐饮美容足疗,临街门面,肯德基(武圣路店)-北京市朝阳区,177.0,27599.999999999996,,5.1977401129943495,39.889774,116.476026,True,True,True,177㎡,2.76万/月,5.2元/m/天（价格可面议）,"('39.889774', '116.476026')"
bright,(出租)海淀中关村地铁口附近90平米底商出租餐饮面包房茶叶烟酒眼睛等,商业街店铺,中关村南路-道路-北京市海淀区,90.0,54200.0,20.06,20.06,39.98676,116.326905,True,True,True,90㎡,5.42万/月,20.06元/m/天,"('39.98676', '116.326905')"
bright,(出租)回龙观龙腾苑二区临街商铺出租420平可租无其他费用,临街门面,龙腾苑-二区,210.0,22000.0,3.49,3.49,40.083172,116.343681,True,True,True,210㎡,2.2万/月,3.49元/m/天,"('40.083172', '116.343681')"
bright,(出租)前门大街景区步行街临街餐饮独栋，商业立项业态不限，临主街,商业街店铺,东城-前门前门大街,1200.0,324000.0,,9.0,39.905524,116.404589,True,True,True,1200㎡,32.4万/月,9元/m/天（价格可面议）,"('39.905524', '116.404589')"
bright,(出租)房东直租临街一层144平可餐饮格局方正业态不限,临街门面,北京市丰台区青塔街道大成路19-1号,144.0,34600.0,8.0,8.0,39.895547,116.26466,True,True,True,144㎡,3.46万/月,8元/m/天,"('39.895547', '116.26466')"
bright,(出租)双井桥南国贸三甲医院附近展示面大全业态餐饮,临街门面,朝阳-双井广渠路,308.0,,,,39.899125,116.47107,True,False,False,308㎡,租金面议,,"('39.899125', '116.47107')"
bright,(出租)国贸大望路临街餐饮独栋350带露台餐饮酒吧等业态不限,临街门面,朝阳-大望路详细地址请咨询,350.0,63000.0,,6.0,39.913059,116.481705,True,True,True,350㎡,6.3万/月,6元/m/天（价格可面议）,"('39.913059', '116.481705')"
bright,(出租)邻三环900平米适合办公会所餐饮茶楼娱乐,临街门面,苏皖大厦,900.0,94500.0,3.5,3.5,39.852427,116.344356,True,True,True,900㎡,9.45万/月,3.5元/m/天,"('39.852427', '116.344356')"
bright,(出租)东四临街100-500楼上带露台可餐饮，可外摆，带小院,商业街店铺,东城-东四隆福寺前街1号,200.0,36000.0,,6.0,39.931394,116.4199,True,True,True,200㎡,3.6万/月,6元/m/天（价格可面议）,"('39.931394', '116.4199')"
bright,(出租)珠江帝景小区出入口展示面大美容餐饮带燃气直租,社区底商,朝阳-百子湾大郊亭中街,150.0,27000.0,6.0,6.0,39.894457,116.490681,True,True,True,150㎡,2.7万/月,6元/m/天,"('39.894457', '116.490681')"
bright,(出租)物业直租双井地铁口一层临主街500平餐饮展厅医美银行等,临街门面,朝阳-双井广渠路,500.0,,,,39.899642,116.471518,True,False,False,500㎡,租金面议,,"('39.899642', '116.471518')"
bright,(出租)（天坛旺铺）东城区临街旺铺，物业直租，餐饮，烟酒等全业态,临街门面,东城-永定门琉璃井路,68.0,12200.0,,5.980392156862745,39.87275,116.411626,True,True,True,68㎡,1.22万/月,6元/m/天（价格可面议）,"('39.87275', '116.411626')"
bright,(出租)安慧北里逸园28号楼临街底商旺铺直租,临街门面,安慧北里逸园南区-28号楼,316.0,105000.0,11.08,11.08,40.005405,116.419745,True,True,True,316㎡,10.5万/月,11.08元/m/天,"('40.005405', '116.419745')"
bright,(出租)世贸天街旁有外摆餐饮酒吧全业态招商业主直租,临街门面,朝阳-国贸东大桥路8号,135.0,26000.0,,6.419753086419753,39.9242471,116.4592123,True,True,True,135㎡,2.6万/月,6.42元/m/天（价格可面议）,"('39.9242471', '116.4592123')"
bright,(出租)商铺出租一层门面美容美甲美睫美发零售干洗店超市宠物店,临街门面,中国传媒大学-北1门-北京市朝阳区,91.0,,,,39.921461,116.562353,True,False,False,91㎡,租金面议,,"('39.921461', '116.562353')"
bright,(出租)魏公村大学旁150平餐饮铺纯一层烧烤米线螺蛳粉汉堡等,临街门面,海淀-魏公村名族大学西路,152.0,,,,39.958412,116.323714,True,False,False,152㎡,租金面议,,"('39.958412', '116.323714')"
bright,(出租)亦庄高新科技园区，正对地铁站，临街底商，可餐饮,商业街店铺,通州-次渠康定街11号,268.9,32300.0,,4.0039667782323045,39.779779,116.54403,True,True,True,268.9㎡,3.23万/月,4元/m/天（价格可面议）,"('39.779779', '116.54403')"
bright,(出租)黄村恒大未来城两层140㎡出租，成熟社区全业态，近地铁,商业街店铺,恒大未来城,140.0,8999.0,2.14,2.14,39.720345,116.320946,True,True,True,140㎡,8999元/月,2.14元/m/天,"('39.720345', '116.320946')"
bright,(出租)亦庄地铁口临街美容院足疗养生餐饮火锅家常菜直租,临街门面,大兴-亦庄亦庄荣华北路,403.0,48400.0,,4.003308519437551,39.810423,116.500192,True,True,True,403㎡,4.84万/月,4元/m/天（价格可面议）,"('39.810423', '116.500192')"
bright,(出租)东三环双井，纯一层餐饮，房东直租有燃气，酒吧餐厅不限制,临街门面,朝阳-双井东柏街,280.0,42000.0,,5.0,39.90109,116.477479,True,True,True,280㎡,4.2万/月,5元/m/天（价格可面议）,"('39.90109', '116.477479')"
bright,(出租)西二环阜成门地铁口品牌餐饮街130平招租特色餐饮,商业街店铺,阜成门-地铁站-北京市西城区,131.0,,,,39.929522,116.362817,True,False,False,131㎡,租金面议,,"('39.929522', '116.362817')"
bright,(出租)机电院西门出入口临街旺铺500平米适餐饮烧烤火锅酒吧等全业态,临街门面,朝阳-工体工人体育场东路,500.0,75000.0,,5.0,39.930949,116.45676,True,True,True,500㎡,7.5万/月,5元/m/天（价格可面议）,"('39.930949', '116.45676')"
bright,(出租)朝阳王四营人民日报印刷厂内1100平米餐厅档口招租,档口摊位,人民日报印刷厂,25.0,5000.0,6.67,6.67,39.866413,116.551483,True,True,True,25㎡,5000元/月,6.67元/m/天,"('39.866413', '116.551483')"
bright,(出租)朝阳大型社区临街底商周边都是品牌店可餐饮难得的好铺子,临街门面,朝阳-豆各庄富力又一城,60.0,13500.0,7.5,7.5,39.854724,116.570665,True,True,True,60㎡,1.35万/月,7.5元/m/天,"('39.854724', '116.570665')"
bright,(出租)通州物资学院路新增600平米临街商铺可分租小150平米,临街门面,通州-物资学院路物资学院路,600.0,90000.0,5.0,5.0,39.932163,116.645753,True,True,True,600㎡,9万/月,5元/m/天,"('39.932163', '116.645753')"
bright,(出租)临近喜隆多首钢园附近临街530平可做自主烧烤火锅徽菜特色餐饮,临街门面,石景山-古城古城西路,530.0,55700.0,3.5,3.5,39.920481,116.193243,True,True,True,530㎡,5.57万/月,3.5元/m/天,"('39.920481', '116.193243')"
bright,(转让)商铺直租万达附近招社区团购自行车美容院宠物店等,其他,朝阳-东坝详细地址请咨询,79.56,7518.42,,3.15,39.967905,116.554075,True,True,True,79.56㎡,7518.42元/月,转让费：面议（费用可面议）,"('39.967905', '116.554075')"
bright,(转让)朝阳北京200平餐厅转让，出租早点,社区底商,铭泽生活广场,200.0,30000.0,15.0,15.0,39.869836,116.48346,True,True,True,200㎡,3万/月,转让费：15万元,"('39.869836', '116.48346')"
bright,(出租)顺义永辉胖东来2000平招餐饮非餐饮业态品牌集中人流大,商业街店铺,石门-地铁站-北京市顺义区,2000.0,192000.0,,3.2,40.136244,116.647789,True,True,True,2000㎡,19.2万/月,3.2元/m/天（价格可面议）,"('40.136244', '116.647789')"
bright,(出租)大兴旧宫难得的商铺成熟社区底商临主街展示面大,临街门面,大兴-旧宫庑殿路,100.0,14000.0,,4.666666666666667,39.821696,116.447646,True,True,True,100㎡,1.4万/月,4.67元/m/天（价格可面议）,"('39.821696', '116.447646')"
bright,(出租)朝阳北路餐饮带露台595有燃气可外摆培训台球健身不限,商业街店铺,朝阳-定福庄朝阳北路,595.0,50000.0,,2.8011204481792715,39.929826,116.570245,True,True,True,595㎡,5万/月,2.8元/m/天（价格可面议）,"('39.929826', '116.570245')"
bright,(出租)丰台区小屯路大型社区商超临街地上招租餐饮,商业街店铺,丰台-小屯路大成路,536.0,78800.0,,4.900497512437811,39.895608,116.261551,True,True,True,536㎡,7.88万/月,4.9元/m/天（价格可面议）,"('39.895608', '116.261551')"
bright,(转让)地铁积水潭站附近临街底商旺铺转让,临街门面,小炊谣,110.0,45900.0,15.0,15.0,39.957642,116.378567,True,True,True,110㎡,4.59万/月,转让费：15万元,"('39.957642', '116.378567')"
bright,(出租)北京核心景区南锣鼓巷c位商铺招租,商业街店铺,南锣鼓巷,400.0,200000.0,16.67,16.67,39.943562,116.408878,True,True,True,400㎡,20万/月,16.67元/m/天,"('39.943562', '116.408878')"
bright,(出租)海淀上地科实大厦底商商铺房东直租,写字楼配套,科实大厦,600.0,144000.0,8.0,8.0,40.040731,116.318389,True,True,True,600㎡,14.4万/月,8元/m/天,"('40.040731', '116.318389')"
bright,(出租)朝外大街日坛晶华8号楼底商临街门面房东直租除重餐饮外行业不限,社区底商,日坛晶华-8号楼,173.45,39000.0,7.49,7.49,39.926518,116.450761,True,True,True,173.45㎡,3.9万/月,7.49元/m/天,"('39.926518', '116.450761')"
bright,(出租)海淀五道口农业大学100-300平直租无转让费可餐饮！,临街门面,清华东路15号,105.97,26000.0,8.18,8.18,40.007289,116.366487,True,True,True,105.97㎡,2.6万/月,8.18元/m/天,"('40.007289', '116.366487')"
bright,(出租)石景山古城路步行街核心铺招租！近商场社区，人流量大,商业街店铺,古城南路步行街,140.0,,,,39.916957,116.198351,True,False,False,140㎡,租金面议,（价格可面议）,"('39.916957', '116.198351')"
bright,(转让)石景山八角西街280平精装涮肉店转租，5年租期人流量大,临街门面,八角西街,280.0,58800.0,,7.0,39.920335,116.205284,True,True,True,280㎡,5.88万/月,转让费：面议（转让费可面议）,"('39.920335', '116.205284')"
bright,(出租)奥林匹克公园临街铺面70-300平出租，12元/㎡含物业费,商业街店铺,北京工艺美术博物馆(文创店),80.0,29000.0,12.08,12.08,40.00572,116.400322,True,True,True,80㎡,2.9万/月,12.08元/m/天,"('40.00572', '116.400322')"
bright,(出租)旭景园1万平招租全业态制可仓储，配套手续齐全，整租可分租,临街门面,旭景园·精致生活广场,10000.0,,,,39.945537,116.703494,True,False,False,10000㎡,租金面议,（价格可面议）,"('39.945537', '116.703494')"
bright,(转让)蓝堡公寓饭店整体转600平精装含KTV，近华贸高客流价格可谈,商业街店铺,蓝堡国际公寓-南区,600.0,60000.0,80.0,80.0,39.916652,116.48313,True,True,True,600㎡,6万/月,转让费：80万元,"('39.916652', '116.48313')"
bright,(出租)（0转让费）朝阳欢乐谷附近Ⅰ临街流量社区底商旺铺整体出租,社区底商,PETLADY宠娘宠物生活馆(格林莱雅店),80.0,19000.0,7.92,7.92,39.873411,116.513574,True,True,True,80㎡,1.9万/月,7.92元/m/天,"('39.873411', '116.513574')"
bright,(出租)双井桥地铁D口附近临街社区底商人流量大旺铺出租位置优越,临街门面,优士阁-B座,87.0,22000.0,8.43,8.43,39.898418,116.466159,True,True,True,87㎡,2.2万/月,8.43元/m/天,"('39.898418', '116.466159')"
bright,(转让)朝阳北花园1号院一层店转租，设备全临主路,临街门面,中国传媒大学,130.0,32500.0,18.0,18.0,39.917551,116.563634,True,True,True,130㎡,3.25万/月,转让费：18万元,"('39.917551', '116.563634')"
bright,(出租)亦庄同济南路10㎡临街档口酒店公寓旁，白领多做早餐小吃奶茶佳,临街门面,同济南路,10.0,,,,39.779083,116.546239,True,False,False,10㎡,租金面议,（价格可面议）,"('39.779083', '116.546239')"
bright,(出租)新街口积水潭小西天临街商铺房东直租、周边客流大(除餐饮外),临街门面,新街口外大街29号,40.0,30000.0,25.0,25.0,39.958119,116.377868,True,True,True,40㎡,3万/月,25元/m/天,"('39.958119', '116.377868')"
bright,(出租)房东直租可线上超市台球轰趴足疗简餐中央厨房仓储,社区底商,百子湾东里,420.0,,,,39.905263,116.511316,True,False,False,420㎡,租金面议,（价格可面议）,"('39.905263', '116.511316')"
bright,(转让)石景山台湾街核心铺！一层方正新装修，临街旺区营业中,商业街店铺,北京台湾街-C区,168.0,60000.0,,11.904761904761905,39.909978,116.245326,True,True,True,168㎡,6万/月,转让费：面议（转让费可面议）,"('39.909978', '116.245326')"
bright,(转让)朝阳亚运村Ⅰ临街社区流量底商旺铺整体转让人流量大位置明显,临街门面,安慧里(三区)-4号楼,100.0,21700.0,,7.233333333333333,39.998277,116.416682,True,True,True,100㎡,2.17万/月,转让费：面议（转让费可面议）,"('39.998277', '116.416682')"
bright,(转让)朝阳区双井Ⅰ社区临街流量旺铺底商整体转让！,临街门面,鲜品汇生鲜超市(百环家园店),1050.0,,,,39.894717,116.473363,True,False,False,1050㎡,租金面议,转让费：面议（费用可面议）,"('39.894717', '116.473363')"
bright,(转让)通州梨园Ⅰ环球影城旁酒店流量底商旺铺整体转让,临街门面,须玖日式便当店(环球影城店),60.0,12000.0,10.0,10.0,39.87019,116.672668,True,True,True,60㎡,1.2万/月,转让费：10万元,"('39.87019', '116.672668')"
bright,(出租)丰台花乡Ⅰ临街社区底商出租|餐饮修脚生鲜行业不限充足客源,临街门面,诺德逸府,110.0,15000.0,4.55,4.55,39.81904,116.32086,True,True,True,110㎡,1.5万/月,4.55元/m/天,"('39.81904', '116.32086')"
bright,(出租)工体东路中国红街临街底商出租，120平带燃气可餐饮行业不限,商业街店铺,工人体育场东路,86.16,53000.0,20.5,20.5,39.929387,116.457008,True,True,True,86.16㎡,5.3万/月,20.5元/m/天,"('39.929387', '116.457008')"
bright,(出租)昌平鼓楼东街32号一层临街旺铺客流大可租可售不可餐饮,临街门面,昌平二街社区养老服务驿站,218.0,29000.0,4.43,4.43,40.230012,116.243588,True,True,True,218㎡,2.9万/月,4.43元/m/天,"('40.230012', '116.243588')"
bright,(出租)朝阳黄渠地铁站旁商业铺招商，650平可分租，业态不限！,临街门面,地铁黄渠站,650.0,,,,39.930915,116.583279,True,False,False,650㎡,租金面议,（价格可面议）,"('39.930915', '116.583279')"
bright,(出租)房东直租美食城档口火热招租！昌平朝阳交界天通苑北苑立水桥核心,档口摊位,上善食客通星厨,15.0,3000.0,6.67,6.67,40.060864,116.418669,True,True,True,15㎡,3000元/月,6.67元/m/天,"('40.060864', '116.418669')"
bright,(出租)西城区鸭子桥附近Ⅰ临街社区流量旺铺出租可做轻餐饮,临街门面,考拉社区,100.0,24200.0,8.06,8.06,39.88238,116.353112,True,True,True,100㎡,2.42万/月,8.06元/m/天,"('39.88238', '116.353112')"
bright,(出租)房主直租！临街小区底商餐饮近小红门地铁行业不限常驻人口多,临街门面,自主城-2号楼,90.0,9900.0,3.67,3.67,39.841859,116.480725,True,True,True,90㎡,9900元/月,3.67元/m/天,"('39.841859', '116.480725')"
bright,(出租)直租业态不限/位置明显/接手可营业可轻餐饮/毗邻望京SOHO,购物百货中心,望京西园3区327号楼,40.0,6000.0,5.0,5.0,40.006933,116.480366,True,True,True,40㎡,6000元/月,5元/m/天,"('40.006933', '116.480366')"
bright,(出租)李桥美食城临街旺铺招租总面积300可分租中介/转店平台勿扰,档口摊位,李家桥北中心街,30.0,3000.0,3.33,3.33,40.0486,116.67389,True,True,True,30㎡,3000元/月,3.33元/m/天,"('40.0486', '116.67389')"
bright,(转让)流量旺铺招合作，可分租做外卖，堂食可共用，临近多个学校,临街门面,北京市朝阳区三间房(地区)乡双桥路,300.0,30000.0,30.0,30.0,39.919436,116.583167,True,True,True,300㎡,3万/月,转让费：30万元,"('39.919436', '116.583167')"
bright,(出租)广渠路临街旺铺有停车场大郊亭地铁站充足客源中介勿扰,商业街店铺,广渠金茂府东区-6号楼,875.18,,,,39.899778,116.494274,True,False,False,875.18㎡,租金面议,（价格可面议）,"('39.899778', '116.494274')"
bright,(出租)临街一层商铺！双展示！可茶饮美甲烘焙鲜花果切餐饮等,商业街店铺,朝阳-国贸东三环中路39号,30.0,7500.0,,8.333333333333334,39.911335,116.465666,True,True,True,30㎡,7500元/月,8.33元/m/天（价格可面议）,"('39.911335', '116.465666')"
bright,(出租)临街商铺门面房传媒大学学院招租餐饮展示美容养生,临街门面,中国传媒大学-西1门-北京市朝阳区,220.0,,,,39.918112,116.561043,True,False,False,220㎡,租金面议,,"('39.918112', '116.561043')"
bright,(出租)海淀区上地华联餐饮街新出商铺32平适合各种网红小吃水吧,购物百货中心,海淀-上地农大南路1号,30.0,,,,40.03489,116.31773,True,False,False,30㎡,租金面议,,"('40.03489', '116.31773')"
bright,(出租)商铺直租！羊蝎子火锅清真餐饮，有燃气停车方便，房源就一套,临街门面,朝阳-常营民族家园中路,338.0,25400.0,,2.504930966469428,39.933958,116.589598,True,True,True,338㎡,2.54万/月,2.5元/m/天（费用可面议）,"('39.933958', '116.589598')"
bright,(出租)物业出租商铺：296平上下两层，餐饮装修，带燃气，可直接开业,商业街店铺,朝阳-东坝倚秀路,295.66,35500.0,,4.0023450359647335,39.964274,116.573814,True,True,True,295.66㎡,3.55万/月,4元/m/天（价格可面议）,"('39.964274', '116.573814')"
bright,(出租)商铺转租丨有燃气丨适合餐饮丨培训丨修脚推拿丨小区门口丨,临街门面,朝阳-管庄朝阳路,376.0,,,,39.919798,116.603425,True,False,False,376㎡,租金面议,,"('39.919798', '116.603425')"
bright,(出租)三环边团结湖临街一层商铺直租150平餐饮转让,临街门面,朝阳-团结湖朝阳北路,150.0,50000.0,,11.11111111111111,39.929359,116.469547,True,True,True,150㎡,5万/月,11.11元/m/天（费用可面议）,"('39.929359', '116.469547')"
bright,(出租)地铁16号沿线商铺出租甲方直租无中介费餐饮,社区底商,北分厂家属区,920.0,,,,,,False,False,False,920㎡,租金面议,, 
bright,(出租)商铺直租丨东坝可餐饮丨鲜花零售丨修脚养生丨,临街门面,朝阳-东坝东坝中路40号,41.43,,,,39.956108,116.555538,True,False,False,41.43㎡,租金面议,,"('39.956108', '116.555538')"
bright,(出租)陶然亭商铺出租西城300平可分组上下复试餐饮美发中医,商业街店铺,西城-陶然亭太平街6号,300.0,,,,39.886639,116.394728,True,False,False,300㎡,租金面议,,"('39.886639', '116.394728')"
bright,(出租)旧宫地铁商铺：纯一层适合所有餐饮等业态格局好展示面宽,商业街店铺,详细地址请咨询,210.0,31500.0,,5.0,39.810012,116.47022,True,True,True,210㎡,3.15万/月,5元/m/天（价格可面议）,"('39.810012', '116.47022')"
bright,(出租)三里屯SOHO临街160平酒吧商铺出租适合酒吧轻餐饮脱口秀,商业街店铺,三里屯SOHO-北京市朝阳区,160.0,34000.0,7.08,7.08,39.937943,116.460166,True,True,True,160㎡,3.4万/月,7.08元/m/天,"('39.937943', '116.460166')"
bright,(出租)商铺出租大平层带餐饮装修适合年轻人消费的地方,购物百货中心,朝阳-定福庄详细地址请咨询,736.0,,,,39.921846,116.562343,True,False,False,736㎡,租金面议,,"('39.921846', '116.562343')"
bright,(出租)工体门面出租可餐饮美容美发零售药店团购宠物咖啡各类餐饮等,临街门面,东城-朝阳门吉市口东路,100.0,25000.0,,8.333333333333334,39.935515,116.446936,True,True,True,100㎡,2.5万/月,8.33元/m/天（价格可面议）,"('39.935515', '116.446936')"
bright,(出租)朝阳门东二环临街商铺1层230平不限业态可餐饮可零售,临街门面,东城-朝阳门朝阳门西路,203.0,21300.0,3.5,3.5,39.9267163,116.4396851,True,True,True,203㎡,2.13万/月,3.5元/m/天,"('39.9267163', '116.4396851')"
bright,(出租)复兴路临街写字楼一层850平商铺立项商业可医疗餐饮展厅等,写字楼配套,复兴路甲-49号院-北京市海淀区,850.0,191300.0,,7.5019607843137255,39.914663,116.305791,True,True,True,850㎡,19.13万/月,7.5元/m/天（价格可面议）,"('39.914663', '116.305791')"
bright,(出租)物业商铺出租，商业楼一层352平2.21元，可餐饮，不限业态,社区底商,朝阳-东坝长店大街,351.9,23300.0,2.21,2.21,40.015807,116.557213,True,True,True,351.9㎡,2.33万/月,2.21元/m/天,"('40.015807', '116.557213')"
bright,(出租)西四环四季青临街一拖二商铺1000平可医疗餐饮展厅会所等,商业街店铺,四季青桥-北京市海淀区,1000.0,150000.0,,5.0,39.953052,116.281062,True,True,True,1000㎡,15万/月,5元/m/天（价格可面议）,"('39.953052', '116.281062')"
bright,(出租)出租）餐饮门面肯德基旁大客流餐饮快餐烘焙水吧零售展厅,商业街店铺,朝阳-定福庄朝阳路,220.76,39700.0,,5.994443437820862,39.921846,116.562343,True,True,True,220.76㎡,3.97万/月,6元/m/天（价格可面议）,"('39.921846', '116.562343')"
bright,(出租)出租常营一层商铺可餐饮精装修全业态餐饮健身,社区底商,朝阳-常营常营北路,314.24,37700.0,,3.9990665308893414,39.935541,116.599347,True,True,True,314.24㎡,3.77万/月,4元/m/天（费用可面议）,"('39.935541', '116.599347')"
bright,(出租)北五环北苑家园餐饮炒菜麻辣烫美容中医艾灸全业态精装商铺出租,商业街店铺,朝阳-媒体村双营路,100.0,12500.0,4.17,4.17,40.043455,116.434152,True,True,True,100㎡,1.25万/月,4.17元/m/天,"('40.043455', '116.434152')"
bright,(出租)机电院一层临街挑高7M可餐饮户型方正350平商铺适合全业态,临街门面,朝阳-三里屯三里屯路19号,350.0,78800.0,,7.504761904761905,39.940722,116.461001,True,True,True,350㎡,7.88万/月,7.5元/m/天（价格可面议）,"('39.940722', '116.461001')"
bright,(出租)出租）海淀地铁站65平餐饮门面，有燃气，快餐早点餐饮咖啡水吧,商业街店铺,海淀-海淀周边北清路,64.36,10900.0,5.67,5.67,40.074892,116.167825,True,True,True,64.36㎡,1.09万/月,5.67元/m/天,"('40.074892', '116.167825')"
bright,(出租)崇文门东兴隆街临街商铺展厅适合餐饮银行展厅会所,商业街店铺,东城-崇文门东兴隆街,1235.0,217100.0,,5.859649122807017,39.904532,116.421283,True,True,True,1235㎡,21.71万/月,5.86元/m/天（价格可面议）,"('39.904532', '116.421283')"
bright,(出租)东四环慈云寺临街商铺办公居民混合区餐饮零售配套,临街门面,朝阳-大望路详细地址请咨询,88.0,,,,39.92207,116.502817,True,False,False,88㎡,租金面议,,"('39.92207', '116.502817')"
bright,(出租)西四环辅路临街一层商铺550平可餐饮展厅车展医美会所等,商业街店铺,四季青桥-北京市海淀区,550.0,,,,39.953052,116.281062,True,False,False,550㎡,租金面议,,"('39.953052', '116.281062')"
bright,(出租)北京汇聚购物中心餐饮街新出60平商铺对外招商,档口摊位,北京荟聚-北京市大兴区,60.0,,,,39.793941,116.333045,True,False,False,60㎡,租金面议,,"('39.793941', '116.333045')"
bright,(出租)双井临街商铺出租300平餐饮烧烤火锅自助餐全业态,商业街店铺,朝阳-双井东柏街,300.0,42000.0,,4.666666666666667,39.900894,116.471637,True,True,True,300㎡,4.2万/月,4.67元/m/天（价格可面议）,"('39.900894', '116.471637')"
bright,(出租)三里屯SOHO临街商铺大展示面有燃气可外摆可餐饮适合全部业态,临街门面,朝阳-三里屯工体北路8号,60.0,20000.0,,11.11111111111111,39.938112,116.460068,True,True,True,60㎡,2万/月,11.11元/m/天（价格可面议）,"('39.938112', '116.460068')"
bright,(出租)国贸~水果捞商铺丨业态不限餐饮外卖冷饮鲜花美甲摄影,商业街店铺,朝阳-国贸东三环中路39号,60.0,5000.0,2.78,2.78,39.911335,116.465666,True,True,True,60㎡,5000元/月,2.78元/m/天,"('39.911335', '116.465666')"
bright,(出租)南三环纯一层底商无中介费全业态可餐饮商铺适合面馆等,临街门面,丰台-成寿寺详细地址请咨询,94.5,27799.999999999996,,9.805996472663137,39.856854,116.445466,True,True,True,94.5㎡,2.78万/月,9.8元/m/天（价格可面议）,"('39.856854', '116.445466')"
bright,(出租)国贸133平临街餐饮商铺有燃气380V动力电,商业街店铺,朝阳-东大桥东大桥路8号,133.9,42000.0,,10.455563853622106,39.9242471,116.4592123,True,True,True,133.9㎡,4.2万/月,10.46元/m/天（价格可面议）,"('39.9242471', '116.4592123')"
bright,(出租)国贸双井商圈纯一层临街全业态餐饮商铺业主直租无转让费,临街门面,朝阳-双井双井富力城天力街,158.0,,,,39.902937,116.463804,True,False,False,158㎡,租金面议,,"('39.902937', '116.463804')"
bright,(出租)国贸大望路临街餐饮商铺融合菜装修不可医疗价格美观,商业街店铺,详细地址请咨询,500.0,,,,39.912081,116.476959,True,False,False,500㎡,租金面议,,"('39.912081', '116.476959')"
bright,(出租)丰台总部基地临街220平餐饮商铺出租,临街门面,爆肚满(丰台科技园总店)-北京市丰台区,220.0,37000.0,5.6,5.6,39.82151667939001,116.29727187097262,True,True,True,220㎡,3.7万/月,5.6元/m/天,"('39.82151667939001', '116.29727187097262')"
bright,(出租)大望路SKP国贸临建国路340平餐饮商铺精装修业态不限,写字楼配套,朝阳-大望路建国路88号,340.0,,,,39.913059,116.481705,True,False,False,340㎡,租金面议,,"('39.913059', '116.481705')"
bright,(出租)新出！魏公村A类商圈餐饮商铺出租60平全业态5米面宽随时看房,商业街店铺,海淀-魏公村魏公村路,60.0,36000.0,,20.0,39.962194,116.323763,True,True,True,60㎡,3.6万/月,20元/m/天（价格可面议）,"('39.962194', '116.323763')"
bright,(出租)东城新出餐饮商铺，执照不用办，接手即可营业，有包厢，可停车,社区底商,东城-安定门安定门西滨河路,600.0,80000.0,,4.444444444444445,39.957243,116.411797,True,True,True,600㎡,8万/月,4.44元/m/天（价格可面议）,"('39.957243', '116.411797')"
bright,(出租)直租品牌餐饮临街商铺朝阳门1572平适合餐饮虾饺妹豪华装修,临街门面,东城-朝阳门朝阳门西路,1595.0,95700.0,2.0,2.0,39.9267163,116.4396851,True,True,True,1595㎡,9.57万/月,2元/m/天,"('39.9267163', '116.4396851')"
bright,(出租)西四临街商铺出租全天人流适合砂锅米线麻辣烫等特色餐饮,商业街店铺,西城-西四西四北大街156号,110.0,25000.0,7.58,7.58,39.933374,116.380001,True,True,True,110㎡,2.5万/月,7.58元/m/天,"('39.933374', '116.380001')"
bright,(出租)四道口90平米餐饮商铺，大展示面。,临街门面,海淀-皂君庙四道口路,90.0,,,,39.966836,116.350312,True,False,False,90㎡,租金面议,,"('39.966836', '116.350312')"
bright,(出租)亚运村超密集十字路口550平餐饮商铺,商业街店铺,详细地址请咨询,550.0,115500.0,,7.0,,,False,True,True,550㎡,11.55万/月,7元/m/天（价格可面议）, 
bright,(出租)顺义天竺府前二街和颐酒店楼下120平餐饮商铺出租,临街门面,泰仕登国际酒店(北京首都机场店)-北京市顺义区,120.0,12600.0,3.5,3.5,40.06984531118251,116.58341864710431,True,True,True,120㎡,1.26万/月,3.5元/m/天,"('40.06984531118251', '116.58341864710431')"
bright,(出租)大兴临街餐饮商铺直租超大展示面周围写字楼住宅等,临街门面,大兴-西红门详细地址请咨询,252.0,68000.0,9.0,9.0,39.7966875,116.3520382,True,True,True,252㎡,6.8万/月,9元/m/天,"('39.7966875', '116.3520382')"
bright,(出租)东大桥SOHO尚都一层临街精装修修70平餐饮商铺,写字楼配套,朝阳-东大桥东大桥路8号,70.0,25000.0,11.9,11.9,39.9242471,116.4592123,True,True,True,70㎡,2.5万/月,11.9元/m/天,"('39.9242471', '116.4592123')"
bright,(出租)魏公村临街商铺出租年轻人多适合沙县米线快餐麻辣烫特色餐饮,商业街店铺,海淀-魏公村魏公街,200.0,54000.0,,9.0,39.959113,116.325978,True,True,True,200㎡,5.4万/月,9元/m/天（价格可面议）,"('39.959113', '116.325978')"
bright,(出租)手帕口临街商铺出，招品牌米线麻辣烫快餐沙县黄焖鸡各种特色餐饮,商业街店铺,西城-西单详细地址请咨询,90.0,20000.0,,7.407407407407407,39.891837,116.349498,True,True,True,90㎡,2万/月,7.41元/m/天（价格可面议）,"('39.891837', '116.349498')"
bright,(出租)三里屯SOHO438平餐饮商铺出租适合服装美容西餐厅民谣餐吧,商业街店铺,北京市朝阳区三里屯街道工人体育场北路8号-1层,438.0,,,,39.937113,116.460696,True,False,False,438㎡,租金面议,,"('39.937113', '116.460696')"
bright,(出租)石景山古城地铁口临街一层招租超市餐饮,商业街店铺,石景山-杨庄杨庄大街,188.0,47900.0,8.5,8.5,39.925732,116.196354,True,True,True,188㎡,4.79万/月,8.5元/m/天,"('39.925732', '116.196354')"
bright,(出租)三里屯SOHO旺铺出租1000平米带外摆适合餐饮酒吧全业态,临街门面,朝阳-三里屯工体北路8号,1000.0,150000.0,,5.0,39.938112,116.460068,True,True,True,1000㎡,15万/月,5元/m/天（价格可面议）,"('39.938112', '116.460068')"
bright,(出租)亦庄带装修餐饮铺进场直接干楼上有酒店招板面东北菜北京菜,临街门面,通州-次渠科创东三街辅路,180.0,27000.0,,5.0,39.82304,116.549009,True,True,True,180㎡,2.7万/月,5元/m/天（价格可面议）,"('39.82304', '116.549009')"
bright,(出租)直租通州富力中心商业30-700平适合品牌餐饮美发台球,购物百货中心,通州-玉桥赵登禹大街,155.0,15000.0,3.23,3.23,39.909491,116.691627,True,True,True,155㎡,1.5万/月,3.23元/m/天,"('39.909491', '116.691627')"
bright,(转让)朝外SOHO154平餐饮店转让，固定客源+高流量，白领消费高,商业街店铺,朝外SOHO,154.0,18000.0,28.0,28.0,39.925733,116.461265,True,True,True,154㎡,1.8万/月,转让费：28万元,"('39.925733', '116.461265')"
bright,(出租)同济南路地铁餐饮铺招品牌餐饮奶茶咖啡业态门前能停车,临街门面,大兴-亦庄东区同济中路,110.0,26400.0,,8.0,39.800794,116.530176,True,True,True,110㎡,2.64万/月,8元/m/天（价格可面议）,"('39.800794', '116.530176')"
bright,(出租)鸿坤广场十字路口底商13米展示面全业态可餐饮有燃气,临街门面,大兴-西红门欣旺北大街8号,100.0,,,,39.7972913,116.3466145,True,False,False,100㎡,租金面议,,"('39.7972913', '116.3466145')"
bright,(出租)四合院有燃气停车场招：驻京办，餐饮，办公会所民宿酒庄,临街门面,西城-金融街锦什坊街26号,2100.0,,,,39.928058,116.370014,True,False,False,2100㎡,租金面议,,"('39.928058', '116.370014')"
bright,(出租)朝阳区东二环劲松八区临街一层120平米商铺出租业态不限,商业街店铺,朝阳-潘家园方丹苑路,120.0,17000.0,,4.722222222222222,39.886422,116.454479,True,True,True,120㎡,1.7万/月,4.72元/m/天（价格可面议）,"('39.886422', '116.454479')"
bright,(出租)西城区阜内大街89号临街底商旺铺房东直租,临街门面,阜成门内大街-89,165.0,50000.0,10.1,10.1,39.930064,116.37678,True,True,True,165㎡,5万/月,10.1元/m/天,"('39.930064', '116.37678')"
bright,(出租)管庄丨大型社区丨办公楼丨台球丨健身房丨大型餐饮丨中医养生丨,商业街店铺,朝阳-管庄朝阳路,570.0,37800.0,,2.210526315789474,39.917738,116.603554,True,True,True,570㎡,3.78万/月,2.21元/m/天（价格可面议）,"('39.917738', '116.603554')"
bright,(出租)丰台看丹桥临街底商建面600平米餐饮底商可餐饮正在招租,临街门面,丰台-总部基地西四环南路,600.0,99000.0,,5.5,39.8445427,116.291518,True,True,True,600㎡,9.9万/月,5.5元/m/天（价格可面议）,"('39.8445427', '116.291518')"
bright,(出租)常营成熟商圈丨KTV丨大型餐饮丨摩托展厅丨电玩城丨培训,商业街店铺,朝阳-常营常营中路146号,1039.58,,,,39.932306,116.600188,True,False,False,1039.58㎡,租金面议,,"('39.932306', '116.600188')"
bright,(出租)黄庄牡丹园知春路双榆树400餐饮全，铁锅炖火锅川湘菜接手即干,社区底商,海淀-公主坟莲花池西路,402.0,,,,39.902926,116.310871,True,False,False,402㎡,租金面议,,"('39.902926', '116.310871')"
bright,(转让)德胜门商业街面包连锁蛋糕店转让客流密集位置好,临街门面,TOUSlesJOURS多乐之日(新风里店),101.2,36000.0,35.0,35.0,39.967792,116.381939,True,True,True,101.2㎡,3.6万/月,转让费：35万元,"('39.967792', '116.381939')"
bright,(出租)双地铁口丨超市丨品牌零食丨独栋餐饮丨烟酒便利店丨品牌修脚,商业街店铺,朝阳-东坝郑村坝街,331.45,,,,39.979381,116.558167,True,False,False,331.45㎡,租金面议,,"('39.979381', '116.558167')"
bright,(出租)田村临街一层商铺450平立项商业门口停车方便框架结构随时起租,临街门面,田村-地铁站-北京市海淀区,450.0,54000.0,,4.0,39.935623,116.25936,True,True,True,450㎡,5.4万/月,4元/m/天（价格可面议）,"('39.935623', '116.25936')"
bright,(出租)苏州街商业二层415平商铺招租医疗展厅酒店银行证券等行业不限,商业街店铺,苏州街-地铁站-北京市海淀区,415.0,68500.0,,5.502008032128514,39.981601,116.312777,True,True,True,415㎡,6.85万/月,5.5元/m/天（价格可面议）,"('39.981601', '116.312777')"
bright,(出租)大兴旧宫纯一层超大居民体量环绕位置好适合一切餐饮,商业街店铺,旧宫东西大街-道路-北京市大兴区,400.0,54000.0,,4.5,39.810607,116.446528,True,True,True,400㎡,5.4万/月,4.5元/m/天（价格可面议）,"('39.810607', '116.446528')"
bright,(出租)回龙观龙腾苑二区临街商铺出租420平可租无其他费用,临街门面,龙腾苑-二区,210.0,22000.0,3.49,3.49,40.083172,116.343681,True,True,True,210㎡,2.2万/月,3.49元/m/天,"('40.083172', '116.343681')"
bright,(出租)黄庄中关村地铁餐饮快餐湘菜火锅200-500全天营业,写字楼配套,海淀-中关村中关村大街19号,420.0,126000.0,10.0,10.0,39.984281,116.321748,True,True,True,420㎡,12.6万/月,10元/m/天,"('39.984281', '116.321748')"
bright,(出租)朝阳三元桥新源里左家庄附近办公居民混合商圈185平米一切餐饮,商业街店铺,北京市-北京市东城区,185.0,50000.0,,9.00900900900901,39.910924547299565,116.4133836971231,True,True,True,185㎡,5万/月,9元/m/天（价格可面议）,"('39.910924547299565', '116.4133836971231')"
bright,(出租)团结湖临街一层145平米和270平米出租，适合餐饮业态不限,商业街店铺,朝阳-CBD朝阳路,281.0,81900.0,9.72,9.72,39.922963,116.472683,True,True,True,281㎡,8.19万/月,9.72元/m/天,"('39.922963', '116.472683')"
bright,(出租)国贸CBD商圈招餐饮零售娱乐项目，网吧KTV台球等,写字楼配套,朝阳-CBD东四环中路,500.0,75000.0,5.0,5.0,39.915982,116.478087,True,True,True,500㎡,7.5万/月,5元/m/天,"('39.915982', '116.478087')"
bright,(出租)邻三环900平米适合办公会所餐饮茶楼娱乐,临街门面,苏皖大厦,900.0,94500.0,3.5,3.5,39.852427,116.344356,True,True,True,900㎡,9.45万/月,3.5元/m/天,"('39.852427', '116.344356')"
bright,(出租)大兴龙湖天街新出40平主通道位置适合各种餐饮水吧可分割,购物百货中心,大兴-生物医药基地永兴路7号,40.0,,,,39.692702,116.3268053,True,False,False,40㎡,租金面议,,"('39.692702', '116.3268053')"
bright,(出租)中关村购物中心新出15至100平商铺招水吧小吃,购物百货中心,海淀-中关村中关村大街19号,30.0,,,,39.984281,116.321748,True,False,False,30㎡,租金面议,,"('39.984281', '116.321748')"
bright,(出租)团结湖临街旺铺400平4元人流量大具备餐饮条件,临街门面,朝阳-工体团结湖北路,400.0,48000.0,4.0,4.0,39.937741,116.469571,True,True,True,400㎡,4.8万/月,4元/m/天,"('39.937741', '116.469571')"
bright,(出租)建国门临街20米展示面300平10元适合餐饮蛋糕等,临街门面,朝阳-国贸建国门外大街丙12号,300.0,,,,39.91343,116.452535,True,False,False,300㎡,租金面议,,"('39.91343', '116.452535')"
bright,(出租)安慧北里逸园28号楼临街底商旺铺直租,临街门面,安慧北里逸园南区-28号楼,316.0,105000.0,11.08,11.08,40.005405,116.419745,True,True,True,316㎡,10.5万/月,11.08元/m/天,"('40.005405', '116.419745')"
bright,(出租)国贸双井550平临街旺铺4元有燃气餐饮,临街门面,朝阳-双井广渠路31号,550.0,66000.0,4.0,4.0,39.899893,116.480875,True,True,True,550㎡,6.6万/月,4元/m/天,"('39.899893', '116.480875')"
bright,(出租)北京站高端商铺已有酒店饭店各种高端项目进场随时看房,商业街店铺,东城-东单北京站东街,1400.0,,,,39.911102,116.438292,True,False,False,1400㎡,租金面议,,"('39.911102', '116.438292')"
bright,(出租)大兴亦庄经营中的火爆商铺诚邀实力合作伙伴,写字楼配套,智谷餐厅-北京市通州区,3000.0,10000.0,,0.1111111111111111,39.787578,116.562093,True,True,True,3000㎡,1万/月,0.11元/m/天（费用可面议）,"('39.787578', '116.562093')"
bright,(出租)亦庄开发区火爆美食城招商超市图文餐饮,档口摊位,瑞森国际大厦,20.0,8000.0,,13.333333333333334,39.813215,116.540728,True,True,True,20㎡,8000元/月,13.33元/m/天（价格可面议）,"('39.813215', '116.540728')"
bright,(出租)黄村恒大未来城两层140㎡出租，成熟社区全业态，近地铁,商业街店铺,恒大未来城,140.0,8999.0,2.14,2.14,39.720345,116.320946,True,True,True,140㎡,8999元/月,2.14元/m/天,"('39.720345', '116.320946')"
bright,(出租)朝阳路临街直租人流大适合沙县米线麻辣烫快餐重庆小面各种餐饮,临街门面,东城-东单朝阳路,100.0,23500.0,,7.833333333333333,39.922289,116.517036,True,True,True,100㎡,2.35万/月,7.83元/m/天（价格可面议）,"('39.922289', '116.517036')"
bright,(出租)顺义永辉超市2000平招餐饮非餐饮零售全业态,商业街店铺,石门-地铁站-北京市顺义区,2277.0,218600.0,,3.200117113160591,40.136244,116.647789,True,True,True,2277㎡,21.86万/月,3.2元/m/天（价格可面议）,"('40.136244', '116.647789')"
bright,(出租)朝阳常营项目，全业态有学校，适合养生，足疗，餐饮,社区底商,朝阳-常营详细地址请咨询,110.0,,,,39.933932,116.610939,True,False,False,110㎡,租金面议,,"('39.933932', '116.610939')"
bright,(出租)北三环大钟寺四道口临街一层商铺一手房东业态不限看房方便,社区底商,海淀-大钟寺四道口路,165.0,,,,39.969363,116.347855,True,False,False,165㎡,租金面议,,"('39.969363', '116.347855')"
bright,(出租)朝阳王四营人民日报印刷厂内1100平米餐厅档口招租,档口摊位,人民日报印刷厂,25.0,5000.0,6.67,6.67,39.866413,116.551483,True,True,True,25㎡,5000元/月,6.67元/m/天,"('39.866413', '116.551483')"
bright,(出租)惠新东街对外经贸大学临街一层300平人流不断可餐饮有燃气,临街门面,朝阳-惠新里惠新东街,300.0,87500.0,9.72,9.72,39.985146,116.431007,True,True,True,300㎡,8.75万/月,9.72元/m/天,"('39.985146', '116.431007')"
bright,(出租)南礼士路地铁旁临街一层100平6米面宽全天人流不断可餐饮,临街门面,西城-金融街南礼士路,100.0,58300.0,19.43,19.43,39.914145,116.359176,True,True,True,100㎡,5.83万/月,19.43元/m/天,"('39.914145', '116.359176')"
bright,(出租)赠超100平朝阳珠江帝景一层263平餐饮铺出租甲方直租,商业街店铺,朝阳-百子湾广渠路,263.0,67100.0,8.5,8.5,39.896087,116.489211,True,True,True,263㎡,6.71万/月,8.5元/m/天,"('39.896087', '116.489211')"
bright,(出租)北三环外惠新东街临街纯一层375平米旺铺招租餐饮娱乐,临街门面,朝阳-小关惠新西街,400.0,96000.0,,8.0,39.993884,116.423355,True,True,True,400㎡,9.6万/月,8元/m/天（价格可面议）,"('39.993884', '116.423355')"
bright,(转让)朝阳北京200平餐厅转让，出租早点,社区底商,铭泽生活广场,200.0,30000.0,15.0,15.0,39.869836,116.48346,True,True,True,200㎡,3万/月,转让费：15万元,"('39.869836', '116.48346')"
bright,(出租)6个月免租广渠门领行国际一层184平商铺出租临街人流量大,商业街店铺,东城-龙潭湖广渠门内大街2号,180.0,43200.0,8.0,8.0,39.89915,116.448377,True,True,True,180㎡,4.32万/月,8元/m/天,"('39.89915', '116.448377')"
bright,(出租)直租976平餐饮培训瑜伽美容美发养生茶馆会所,商业街店铺,西城-白纸坊右安门内大街,976.0,164000.0,,5.601092896174864,39.88612,116.373083,True,True,True,976㎡,16.4万/月,5.6元/m/天（价格可面议）,"('39.88612', '116.373083')"
bright,(出租)临街纯一层，可做餐饮，生活超市，线上配，有燃气,商业街店铺,石景山-鲁谷实兴大街,305.0,36600.0,,4.0,39.939021,116.198052,True,True,True,305㎡,3.66万/月,4元/m/天（费用可面议）,"('39.939021', '116.198052')"
bright,(出租)50米广告位，直租，招台球，健身房，培训，大型餐饮,商业街店铺,石景山-古城实兴大街,3700.0,277500.0,,2.5,39.937396,116.197974,True,True,True,3700㎡,27.75万/月,2.5元/m/天（价格可面议）,"('39.937396', '116.197974')"
bright,(转让)地铁积水潭站附近临街底商旺铺转让,临街门面,小炊谣,110.0,45900.0,15.0,15.0,39.957642,116.378567,True,True,True,110㎡,4.59万/月,转让费：15万元,"('39.957642', '116.378567')"
bright,(出租)北京核心景区南锣鼓巷c位商铺招租,商业街店铺,南锣鼓巷,400.0,200000.0,16.67,16.67,39.943562,116.408878,True,True,True,400㎡,20万/月,16.67元/m/天,"('39.943562', '116.408878')"
bright,(出租)海淀上地科实大厦底商商铺房东直租,写字楼配套,科实大厦,600.0,144000.0,8.0,8.0,40.040731,116.318389,True,True,True,600㎡,14.4万/月,8元/m/天,"('40.040731', '116.318389')"
bright,(出租)朝外大街日坛晶华8号楼底商临街门面房东直租除重餐饮外行业不限,社区底商,日坛晶华-8号楼,173.45,39000.0,7.49,7.49,39.926518,116.450761,True,True,True,173.45㎡,3.9万/月,7.49元/m/天,"('39.926518', '116.450761')"
bright,(出租)海淀五道口农业大学100-300平直租无转让费可餐饮！,临街门面,清华东路15号,105.97,26000.0,8.18,8.18,40.007289,116.366487,True,True,True,105.97㎡,2.6万/月,8.18元/m/天,"('40.007289', '116.366487')"
bright,(出租)石景山古城路步行街核心铺招租！近商场社区，人流量大,商业街店铺,古城南路步行街,140.0,,,,39.916957,116.198351,True,False,False,140㎡,租金面议,（价格可面议）,"('39.916957', '116.198351')"
bright,(转让)石景山八角西街280平精装涮肉店转租，5年租期人流量大,临街门面,八角西街,280.0,58800.0,,7.0,39.920335,116.205284,True,True,True,280㎡,5.88万/月,转让费：面议（转让费可面议）,"('39.920335', '116.205284')"
bright,(出租)奥林匹克公园临街铺面70-300平出租，12元/㎡含物业费,商业街店铺,北京工艺美术博物馆(文创店),80.0,29000.0,12.08,12.08,40.00572,116.400322,True,True,True,80㎡,2.9万/月,12.08元/m/天,"('40.00572', '116.400322')"
bright,(出租)旭景园1万平招租全业态制可仓储，配套手续齐全，整租可分租,临街门面,旭景园·精致生活广场,10000.0,,,,39.945537,116.703494,True,False,False,10000㎡,租金面议,（价格可面议）,"('39.945537', '116.703494')"
bright,(转让)蓝堡公寓饭店整体转600平精装含KTV，近华贸高客流价格可谈,商业街店铺,蓝堡国际公寓-南区,600.0,60000.0,80.0,80.0,39.916652,116.48313,True,True,True,600㎡,6万/月,转让费：80万元,"('39.916652', '116.48313')"
bright,(出租)（0转让费）朝阳欢乐谷附近Ⅰ临街流量社区底商旺铺整体出租,社区底商,PETLADY宠娘宠物生活馆(格林莱雅店),80.0,19000.0,7.92,7.92,39.873411,116.513574,True,True,True,80㎡,1.9万/月,7.92元/m/天,"('39.873411', '116.513574')"
bright,(出租)双井桥地铁D口附近临街社区底商人流量大旺铺出租位置优越,临街门面,优士阁-B座,87.0,22000.0,8.43,8.43,39.898418,116.466159,True,True,True,87㎡,2.2万/月,8.43元/m/天,"('39.898418', '116.466159')"
bright,(转让)朝阳北花园1号院一层店转租，设备全临主路,临街门面,中国传媒大学,130.0,32500.0,18.0,18.0,39.917551,116.563634,True,True,True,130㎡,3.25万/月,转让费：18万元,"('39.917551', '116.563634')"
bright,(出租)亦庄同济南路10㎡临街档口酒店公寓旁，白领多做早餐小吃奶茶佳,临街门面,同济南路,10.0,,,,39.779083,116.546239,True,False,False,10㎡,租金面议,（价格可面议）,"('39.779083', '116.546239')"
bright,(出租)新街口积水潭小西天临街商铺房东直租、周边客流大(除餐饮外),临街门面,新街口外大街29号,40.0,30000.0,25.0,25.0,39.958119,116.377868,True,True,True,40㎡,3万/月,25元/m/天,"('39.958119', '116.377868')"
bright,(出租)房东直租可线上超市台球轰趴足疗简餐中央厨房仓储,社区底商,百子湾东里,420.0,,,,39.905263,116.511316,True,False,False,420㎡,租金面议,（价格可面议）,"('39.905263', '116.511316')"
bright,(转让)石景山台湾街核心铺！一层方正新装修，临街旺区营业中,商业街店铺,北京台湾街-C区,168.0,60000.0,,11.904761904761905,39.909978,116.245326,True,True,True,168㎡,6万/月,转让费：面议（转让费可面议）,"('39.909978', '116.245326')"
bright,(转让)朝阳亚运村Ⅰ临街社区流量底商旺铺整体转让人流量大位置明显,临街门面,安慧里(三区)-4号楼,100.0,21700.0,,7.233333333333333,39.998277,116.416682,True,True,True,100㎡,2.17万/月,转让费：面议（转让费可面议）,"('39.998277', '116.416682')"
bright,(转让)朝阳区双井Ⅰ社区临街流量旺铺底商整体转让！,临街门面,鲜品汇生鲜超市(百环家园店),1050.0,,,,39.894717,116.473363,True,False,False,1050㎡,租金面议,转让费：面议（费用可面议）,"('39.894717', '116.473363')"
bright,(转让)通州梨园Ⅰ环球影城旁酒店流量底商旺铺整体转让,临街门面,须玖日式便当店(环球影城店),60.0,12000.0,10.0,10.0,39.87019,116.672668,True,True,True,60㎡,1.2万/月,转让费：10万元,"('39.87019', '116.672668')"
bright,(出租)丰台花乡Ⅰ临街社区底商出租|餐饮修脚生鲜行业不限充足客源,临街门面,诺德逸府,110.0,15000.0,4.55,4.55,39.81904,116.32086,True,True,True,110㎡,1.5万/月,4.55元/m/天,"('39.81904', '116.32086')"
bright,(出租)工体东路中国红街临街底商出租，120平带燃气可餐饮行业不限,商业街店铺,工人体育场东路,86.16,53000.0,20.5,20.5,39.929387,116.457008,True,True,True,86.16㎡,5.3万/月,20.5元/m/天,"('39.929387', '116.457008')"
bright,(出租)昌平鼓楼东街32号一层临街旺铺客流大可租可售不可餐饮,临街门面,昌平二街社区养老服务驿站,218.0,29000.0,4.43,4.43,40.230012,116.243588,True,True,True,218㎡,2.9万/月,4.43元/m/天,"('40.230012', '116.243588')"
bright,(出租)朝阳黄渠地铁站旁商业铺招商，650平可分租，业态不限！,临街门面,地铁黄渠站,650.0,,,,39.930915,116.583279,True,False,False,650㎡,租金面议,（价格可面议）,"('39.930915', '116.583279')"
bright,(出租)房东直租美食城档口火热招租！昌平朝阳交界天通苑北苑立水桥核心,档口摊位,上善食客通星厨,15.0,3000.0,6.67,6.67,40.060864,116.418669,True,True,True,15㎡,3000元/月,6.67元/m/天,"('40.060864', '116.418669')"
bright,(出租)三里屯工体临街商铺出租医疗美容装修可餐饮业态不限,临街门面,朝阳-三里屯新东路10号,578.0,,,,39.943772,116.457628,True,False,False,578㎡,租金面议,,"('39.943772', '116.457628')"
bright,(出租)百子湾沿主街商铺展示面大有燃气人流大餐饮铺子免租期可聊,临街门面,朝阳-百子湾广渠东路33号,200.0,33000.0,5.5,5.5,39.903576,116.511555,True,True,True,200㎡,3.3万/月,5.5元/m/天,"('39.903576', '116.511555')"
bright,(出租)新出旺铺通州次渠万户小区群临街把角商铺可餐饮全业态,商业街店铺,通州-次渠桑园一街,80.0,,,,39.795259,116.607872,True,False,False,80㎡,租金面议,,"('39.795259', '116.607872')"
bright,(出租)CBD十字路口下沉商铺丨有燃气上下水丨可餐饮酒咖丨按摩,写字楼配套,朝阳-CBD东大桥路8号,135.0,25000.0,6.17,6.17,39.9242471,116.4592123,True,True,True,135㎡,2.5万/月,6.17元/m/天,"('39.9242471', '116.4592123')"
bright,(出租)物业直租三元桥霄云路200平至1000平商铺出租餐饮聚集地,商业街店铺,朝阳-三元桥霄云路35号,200.0,33000.0,,5.5,39.96398,116.468403,True,True,True,200㎡,3.3万/月,5.5元/m/天（价格可面议）,"('39.96398', '116.468403')"
bright,(出租)低价招租前沙涧凤仪佳苑临街商铺，可仓储餐饮娱乐等,商业街店铺,海淀-苏家坨苏一路,117.0,,,,40.108901,116.151019,True,False,False,117㎡,租金面议,,"('40.108901', '116.151019')"
bright,(出租)朝阳临街商铺旺铺出租，餐饮优先随时看房,临街门面,朝阳-望京望京街,320.0,50000.0,5.21,5.21,40.006344,116.479727,True,True,True,320㎡,5万/月,5.21元/m/天,"('40.006344', '116.479727')"
bright,(出租)商铺直租丨一层底商丨适合餐饮丨火锅丨烤肉丨川菜丨铁锅炖丨,社区底商,朝阳-常营常营北路,314.0,,,,39.935541,116.599347,True,False,False,314㎡,租金面议,,"('39.935541', '116.599347')"
bright,(出租)东大桥商铺：适合所有餐饮等格局好展示面大,商业街店铺,朝阳-工体详细地址请咨询,270.0,55100.0,6.8,6.8,39.92748,116.458215,True,True,True,270㎡,5.51万/月,6.8元/m/天,"('39.92748', '116.458215')"
bright,(出租)工体朝外大街商铺出租500平餐饮医美生鲜中医口腔会所,商业街店铺,朝阳-工体朝阳门外大街,500.0,,,,39.933973,116.446969,True,False,False,500㎡,租金面议,,"('39.933973', '116.446969')"
bright,(出租)三里屯745平商铺出租适合酒吧餐饮口腔会所医美等业态,商业街店铺,北京市朝阳区工人体育场北路4号,745.0,,,,39.937715,116.462771,True,False,False,745㎡,租金面议,,"('39.937715', '116.462771')"
bright,(出租)甲方直租房山长阳中央城一层入口通道24平商铺出租可餐饮,商业街店铺,"房山-长阳京良路,近长政北街",23.87,5728.8,8.0,8.0,39.771237,116.217801,True,True,True,23.87㎡,5728.8元/月,8元/m/天,"('39.771237', '116.217801')"
bright,(出租)物业直租北新桥簋街一层200平商铺出租露台餐饮酒吧等业态,临街门面,东城-北新桥东直门内大街,200.0,55000.0,,9.166666666666666,39.948295,116.420589,True,True,True,200㎡,5.5万/月,9.17元/m/天（价格可面议）,"('39.948295', '116.420589')"
bright,(出租)北苑社区临街商铺一层245平餐饮装修带独立小院有天然气,社区底商,朝阳-北苑北苑路,240.0,50400.0,,7.0,40.046504,116.422972,True,True,True,240㎡,5.04万/月,7元/m/天（价格可面议）,"('40.046504', '116.422972')"
bright,(出租)出租）地铁口门面房小区口，适合烟酒水吧咖啡餐饮小吃,商业街店铺,朝阳-东坝东坝中路38号,39.16,,,,39.9576418,116.5547008,True,False,False,39.16㎡,租金面议,,"('39.9576418', '116.5547008')"
bright,(出租)褡裢坡丨定福家园丨新出733平商铺出租丨可按摩丨餐饮丨超市,社区底商,朝阳-定福庄朝阳北路,733.0,,,,39.931114,116.571908,True,False,False,733㎡,租金面议,,"('39.931114', '116.571908')"
bright,(出租)北五环北苑来广营商铺出租餐饮带燃气家常菜火锅拉面馆写字楼居民,商业街店铺,朝阳-媒体村双营路,230.0,38000.0,5.5,5.5,40.042839,116.428783,True,True,True,230㎡,3.8万/月,5.5元/m/天,"('40.042839', '116.428783')"
bright,(出租)万达独立店铺15平月租5千餐饮除外其他不限,商业街店铺,通州-通州北苑新华西街58号,15.0,5000.0,,11.11111111111111,39.9114789,116.6471654,True,True,True,15㎡,5000元/月,11.11元/m/天（价格可面议）,"('39.9114789', '116.6471654')"
bright,(出租)杨闸环岛临街一层商铺丨餐饮丨面宽8米丨不限业态,临街门面,麦当劳(杨闸店)-北京市朝阳区,250.0,45000.0,,6.0,39.91708,116.603788,True,True,True,250㎡,4.5万/月,6元/m/天（价格可面议）,"('39.91708', '116.603788')"
bright,(出租)儿研所商铺出租朝外悠唐360平可外摆餐饮酒吧会所接待,商业街店铺,朝阳-朝外大街神路街39号,360.0,70200.0,,6.5,39.924806,116.450213,True,True,True,360㎡,7.02万/月,6.5元/m/天（价格可面议）,"('39.924806', '116.450213')"
bright,(出租)工体十字路口150平商铺出租适合假发美发餐饮酒吧等,商业街店铺,朝阳-三里屯工人体育场北路,150.0,,,,39.939113,116.457438,True,False,False,150㎡,租金面议,,"('39.939113', '116.457438')"
bright,(出租)地铁口商铺带餐饮装修人流量大小区底商临街人均消费高,临街门面,丰台-科技园区六圈路,170.85,26300.0,,5.1312067115403375,39.825675,116.320381,True,True,True,170.85㎡,2.63万/月,5.13元/m/天（价格可面议）,"('39.825675', '116.320381')"
bright,(出租)亦庄核心区商铺小区出入口位置能餐饮巴黎贝甜旁临主街可停车,社区底商,大兴-亦庄亦庄荣华北路,100.0,24000.0,,8.0,39.810423,116.500192,True,True,True,100㎡,2.4万/月,8元/m/天（价格可面议）,"('39.810423', '116.500192')"
bright,(出租)国贸大望路临街商铺可烟酒超市餐饮美容图文服装等,商业街店铺,朝阳-国贸东三环中路39号,188.0,33000.0,,5.851063829787234,39.911335,116.465666,True,True,True,188㎡,3.3万/月,5.85元/m/天（价格可面议）,"('39.911335', '116.465666')"
bright,(出租)低价出租温阳路与北清路交汇处地铁口临街商铺，业态不限可餐饮。,商业街店铺,海淀-海淀周边北清路,930.0,,,,40.074892,116.167825,True,False,False,930㎡,租金面议,,"('40.074892', '116.167825')"
bright,(出租)甲方直租通州十字路口商铺户型方正适合做餐饮教培修脚按摩,社区底商,通州-次渠桑园一街,80.0,,,,39.795259,116.607872,True,False,False,80㎡,租金面议,,"('39.795259', '116.607872')"
bright,(出租)海淀黄庄地铁口商铺375平417平可餐饮医疗培训美容青旅,商业街店铺,海淀黄庄-地铁站-北京市海淀区,400.0,,,,39.981865,116.324346,True,False,False,400㎡,租金面议,,"('39.981865', '116.324346')"
bright,(出租)定慧桥五路居商铺500平1000平可餐饮会所茶楼办公接待,商业街店铺,海淀五路居-地铁站-北京市海淀区,500.0,,,,39.938608,116.28295,True,False,False,500㎡,租金面议,,"('39.938608', '116.28295')"
bright,(出租)木樨园商铺适合餐饮零售宠物医院烟酒等一切业态,商业街店铺,丰台-木樨园南三环中路,1000.0,150000.0,,5.0,39.863124,116.415281,True,True,True,1000㎡,15万/月,5元/m/天（价格可面议）,"('39.863124', '116.415281')"
bright,(出租)开发商直租把角商铺带装修可餐饮教培线上超市宠物店按摩,社区底商,大兴-生物医药基地纪百户街18号,118.0,,,,39.693395,116.333302,True,False,False,118㎡,租金面议,,"('39.693395', '116.333302')"
bright,(出租)SOHO尚都临街餐饮商铺有燃气带外摆区下沉花园,写字楼配套,朝阳-东大桥东大桥路8号,134.0,26000.0,6.47,6.47,39.9242471,116.4592123,True,True,True,134㎡,2.6万/月,6.47元/m/天,"('39.9242471', '116.4592123')"
bright,(出租)有燃气可餐饮独立商铺适合餐饮，面包轻食，鲜花冰激凌等,商业街店铺,昌平-天通苑立汤路181号,51.06,6200.0,4.05,4.05,40.064753,116.418976,True,True,True,51.06㎡,6200元/月,4.05元/m/天,"('40.064753', '116.418976')"
bright,(出租)北安河安河家园底商纯一层餐饮商铺有燃气,社区底商,安河家园九里-西门-北京市海淀区,170.0,,,,40.075028,116.133065,True,False,False,170㎡,租金面议,,"('40.075028', '116.133065')"
bright,(出租)三里屯SOHO438平餐饮商铺出租适合服装美容西餐厅民谣餐吧,商业街店铺,北京市朝阳区三里屯街道工人体育场北路8号-1层,438.0,,,,39.937113,116.460696,True,False,False,438㎡,租金面议,,"('39.937113', '116.460696')"
bright,(出租)珠市口地铁口1800平可拆分餐饮精装商铺适合健身美容会所,商业街店铺,东城-磁器口珠市口东大街4号,1800.0,162000.0,3.0,3.0,39.898832,116.421125,True,True,True,1800㎡,16.2万/月,3元/m/天,"('39.898832', '116.421125')"
bright,(出租)沿街餐饮商铺出租适合轻食串串饮品早餐各种小吃,临街门面,海淀-五道口详细地址请咨询,65.0,15000.0,,7.6923076923076925,39.995731,116.345972,True,True,True,65㎡,1.5万/月,7.69元/m/天（费用可面议）,"('39.995731', '116.345972')"
bright,(出租)东三环国贸双井富力城天力街主街162平米纯一层全业态餐饮商铺,临街门面,朝阳-双井天力街,162.0,75000.0,15.43,15.43,39.90304,116.463785,True,True,True,162㎡,7.5万/月,15.43元/m/天,"('39.90304', '116.463785')"
bright,(出租)刘家窑临街一层餐饮商铺出租展示面大位置好价格优惠可做任何行业,商业街店铺,丰台-刘家窑横七条,300.0,50000.0,,5.555555555555555,39.859398,116.429917,True,True,True,300㎡,5万/月,5.56元/m/天（价格可面议）,"('39.859398', '116.429917')"
bright,(出租)十里河周庄嘉园餐饮商铺出租，水电然气齐全能外摆。,临街门面,朝阳-松榆里西大望南路,270.0,52000.0,6.42,6.42,39.869288,116.483899,True,True,True,270㎡,5.2万/月,6.42元/m/天,"('39.869288', '116.483899')"
bright,(出租)田村临街商铺旺铺出租，适合包子麻辣烫米线快餐特色餐饮,临街门面,海淀-田村田村路,65.0,,,,39.935729,116.257466,True,False,False,65㎡,租金面议,,"('39.935729', '116.257466')"
bright,(出租)土桥紧邻地铁小区口商圈全业态餐饮商铺招餐饮商户,临街门面,通州-土桥详细地址请咨询,90.0,17600.0,,6.518518518518518,39.877316,116.695582,True,True,True,90㎡,1.76万/月,6.5元/m/天（价格可面议）,"('39.877316', '116.695582')"
bright,(转让)地铁口商铺直租朝阳200平招各种培训台球瑜伽餐饮,临街门面,朝阳-东坝东坝大街,200.0,,,,39.987762,116.603123,True,False,False,200㎡,租金面议,无转让费,"('39.987762', '116.603123')"
bright,(出租)临街餐饮商铺有燃气可明火适合咖啡奶茶各类餐饮等国贸建外,临街门面,朝阳-国贸东三环中路39号,65.0,8000.0,,4.102564102564102,39.911335,116.465666,True,True,True,65㎡,8000元/月,4.1元/m/天（价格可面议）,"('39.911335', '116.465666')"
bright,(出租)CBD核心商圈下沉广场正规餐饮商铺火锅炒菜快餐饺子西餐厅,商业街店铺,朝阳-东大桥东大桥路8号,350.0,42000.0,,4.0,39.9242471,116.4592123,True,True,True,350㎡,4.2万/月,4元/m/天（价格可面议）,"('39.9242471', '116.4592123')"
bright,(出租)北三环人民大学中关村黄庄可餐饮商铺一手房东直租看房方便,社区底商,海淀-双榆树双榆树三街,365.0,,,,39.974257,116.33001,True,False,False,365㎡,租金面议,,"('39.974257', '116.33001')"
bright,(出租)中关村海淀黄庄苏州街一层临街餐饮商铺出租水电燃气齐全家家排队,社区底商,海淀-苏州街详细地址请咨询,270.0,60800.0,,7.506172839506172,39.987137,116.310277,True,True,True,270㎡,6.08万/月,7.5元/m/天（价格可面议）,"('39.987137', '116.310277')"
bright,(出租)亮马桥新源里区三元桥餐饮商铺培训等280平使用面积。,商业街店铺,朝阳-朝阳公园亮马桥路52号,300.0,40500.0,,4.5,39.954769,116.469802,True,True,True,300㎡,4.05万/月,4.5元/m/天（价格可面议）,"('39.954769', '116.469802')"
bright,(出租)物业直租朝阳大悦城附近一层临街200平带燃气餐饮商铺出租,临街门面,朝阳-朝青板块朝阳北路101号,200.0,52000.0,,8.666666666666666,39.930834,116.524829,True,True,True,200㎡,5.2万/月,8.67元/m/天（价格可面议）,"('39.930834', '116.524829')"
bright,(出租)前门大街主街独栋整租1215平米，适合演艺餐饮文创国潮,商业街店铺,前门大街/大栅栏商业街(路口)-北京市东城区,1215.0,255200.0,,7.001371742112483,39.902437,116.404458,True,True,True,1215㎡,25.52万/月,7元/m/天（价格可面议）,"('39.902437', '116.404458')"
bright,(出租)纯一层18米展面500平米，可分租,临街门面,亿达生活广场-北京市门头沟区,500.0,88500.0,5.9,5.9,39.956766,116.105768,True,True,True,500㎡,8.85万/月,5.9元/m/天,"('39.956766', '116.105768')"
bright,(出租)角门东地铁站可餐饮！50平米7米面宽！适合快餐，早点小吃非餐,商业街店铺,角门东-地铁站-北京市丰台区,50.0,16700.0,,11.133333333333333,39.851479,116.392528,True,True,True,50㎡,1.67万/月,11.11元/m/天（价格可面议）,"('39.851479', '116.392528')"
bright,(出租)广渠门大型社区十字路口拔脚展示面大餐饮超市烟酒店全业态,社区底商,朝阳-双井广渠门外大街,100.0,45000.0,15.0,15.0,39.899285,116.46363,True,True,True,100㎡,4.5万/月,15元/m/天,"('39.899285', '116.46363')"
bright,(转让)朝外SOHO154平餐饮店转让，固定客源+高流量，白领消费高,商业街店铺,朝外SOHO,154.0,18000.0,28.0,28.0,39.925733,116.461265,True,True,True,154㎡,1.8万/月,转让费：28万元,"('39.925733', '116.461265')"
bright,(出租)朝阳酒仙桥临街招租餐饮精装修川菜烤鱼米粉米线烧烤烤肉,商业街店铺,朝阳-酒仙桥详细地址请咨询,120.0,37500.0,,10.416666666666666,39.983389,116.488715,True,True,True,120㎡,3.75万/月,10.42元/m/天（价格可面议）,"('39.983389', '116.488715')"
bright,(出租)百子湾二十二院街艺术区精装餐饮外摆180平牛排烤肉西餐酒馆,商业街店铺,朝阳-百子湾百子湾路32号,180.0,37000.0,,6.851851851851852,39.905581,116.47703,True,True,True,180㎡,3.7万/月,6.85元/m/天（价格可面议）,"('39.905581', '116.47703')"
bright,(出租)朝阳管庄新天地临街一层95平米适合餐饮小吃社区配套业态,临街门面,朝阳-管庄朝阳路,95.0,18500.0,,6.491228070175438,39.921237,116.611817,True,True,True,95㎡,1.85万/月,6.5元/m/天（费用可面议）,"('39.921237', '116.611817')"
bright,(出租)海淀区，牌品连锁选项超市，，美甲，美容，餐饮，全业态电影,社区底商,海淀-海淀周边北清路,50.0,,,,40.077364,116.138713,True,False,False,50㎡,租金面议,,"('40.077364', '116.138713')"
bright,(出租)西城区阜内大街89号临街底商旺铺房东直租,临街门面,阜成门内大街-89,165.0,50000.0,10.1,10.1,39.930064,116.37678,True,True,True,165㎡,5万/月,10.1元/m/天,"('39.930064', '116.37678')"
bright,(出租)石景山京西珠宝城商场办公居民聚集区临街门头展示面好餐饮少,社区底商,京西国际珠宝城(石景山店)-北京市石景山区,225.0,54000.0,,8.0,39.909121,116.253448,True,True,True,225㎡,5.4万/月,8元/m/天（价格可面议）,"('39.909121', '116.253448')"
bright,(出租)北清路，五金店线上，温阳路地铁口，小铺子，临街商铺，全业态,其他,海淀-海淀周边北清路,100.0,,,,40.074892,116.167825,True,False,False,100㎡,租金面议,,"('40.074892', '116.167825')"
bright,(出租)独栋招公寓，商场，餐饮可分租,商业街店铺,北京台湾街-北京市石景山区,7500.0,450000.0,,2.0,39.910191,116.245331,True,True,True,7500㎡,45万/月,2元/m/天（价格可面议）,"('39.910191', '116.245331')"
bright,(出租)物业直租，招租餐饮，银行，培训，瑜伽，美容，桌游棋牌,商业街店铺,北京市石景山区苹果园街道实兴大街1号,200.0,,,,39.938839,116.197491,True,False,False,200㎡,租金面议,,"('39.938839', '116.197491')"
bright,(转让)德胜门商业街面包连锁蛋糕店转让客流密集位置好,临街门面,TOUSlesJOURS多乐之日(新风里店),101.2,36000.0,35.0,35.0,39.967792,116.381939,True,True,True,101.2㎡,3.6万/月,转让费：35万元,"('39.967792', '116.381939')"
bright,(出租)直租无转让费，餐饮小吃，烟酒店，糕点，特产店，不限行业,商业街店铺,北京市石景山区苹果园街道实兴大街136-9号,500.0,42000.0,2.8,2.8,39.938608,116.197606,True,True,True,500㎡,4.2万/月,2.8元/m/天,"('39.938608', '116.197606')"
bright,(出租)西直门南大街300平展厅生鲜美容足疗茶楼等餐饮除外,商业街店铺,西城-西直门中大安胡同,300.0,,,,39.943628,116.363058,True,False,False,300㎡,租金面议,,"('39.943628', '116.363058')"
bright,(出租)月坛南街十字路口直租，年轻人多适合包子刀削面米线快餐特色餐饮,商业街店铺,海淀-甘家口月坛南街3,80.0,21000.0,,8.75,39.919662,116.354245,True,True,True,80㎡,2.1万/月,8.75元/m/天（价格可面议）,"('39.919662', '116.354245')"
bright,(出租)西四北大街全天人流不断格局很方正适合餐饮，执照齐全，可分割！,临街门面,西城-西四详细地址请咨询,100.0,,,,39.933374,116.380001,True,False,False,100㎡,租金面议,,"('39.933374', '116.380001')"
bright,(出租)回龙观龙腾苑二区临街商铺出租420平可租无其他费用,临街门面,龙腾苑-二区,210.0,22000.0,3.49,3.49,40.083172,116.343681,True,True,True,210㎡,2.2万/月,3.49元/m/天,"('40.083172', '116.343681')"
bright,(出租)中关村纯一层大面宽商铺出租招美发修脚烟酒便利店各种便民业态,社区底商,海淀-双榆树中关村东路,160.0,33300.0,,6.9375,39.977575,116.340391,True,True,True,160㎡,3.33万/月,6.94元/m/天（价格可面议）,"('39.977575', '116.340391')"
bright,(出租)宋家庄临街一层9米门宽大开间人流集中可餐饮烟酒展厅零售,临街门面,丰台-宋家庄宋庄路,125.0,33800.0,,9.013333333333334,39.850944,116.435514,True,True,True,125㎡,3.38万/月,9元/m/天（价格可面议）,"('39.850944', '116.435514')"
bright,(出租)综合商圈配套办公居民医院一手房东推荐餐饮或非餐饮等,临街门面,海淀-增光路增光路,200.0,,,,39.934065,116.317878,True,False,False,200㎡,租金面议,,"('39.934065', '116.317878')"
bright,(出租)黄村35平临街小面积商铺招小吃奶茶美发美甲全业态,商业街店铺,黄村东大街东口-公交车站-北京市大兴区,35.0,8500.0,,8.095238095238095,39.737166,116.351951,True,True,True,35㎡,8500元/月,8.1元/m/天（价格可面议）,"('39.737166', '116.351951')"
bright,(出租)邻三环900平米适合办公会所餐饮茶楼娱乐,临街门面,苏皖大厦,900.0,94500.0,3.5,3.5,39.852427,116.344356,True,True,True,900㎡,9.45万/月,3.5元/m/天,"('39.852427', '116.344356')"
bright,(出租)200平商业可餐饮底商，能分组，有燃气随时看房,临街门面,昌平-天通苑详细地址请咨询,200.0,,,,40.08249,116.3234,True,False,False,200㎡,租金面议,,"('40.08249', '116.3234')"
bright,(出租)大兴枣园新出纯一层215平有燃气全业态招餐饮旗舰店等,临街门面,枣园-地铁站-北京市大兴区,215.0,38700.0,6.0,6.0,39.759079,116.338975,True,True,True,215㎡,3.87万/月,6元/m/天,"('39.759079', '116.338975')"
bright,(出租)朝阳华威桥潘家园美景东方480平可餐饮超市美容养生物流配,临街门面,北京市朝阳区南磨房(地区)乡南新园中路38号,480.0,86400.0,,6.0,39.875256,116.474611,True,True,True,480㎡,8.64万/月,6元/m/天（价格可面议）,"('39.875256', '116.474611')"
bright,(出租)直租朝阳朝青板块大悦城旁一层155平适合餐饮有天然气证照齐全,临街门面,鸟屯(青年路店)-北京市朝阳区,155.0,55800.0,,12.0,39.933799,116.523895,True,True,True,155㎡,5.58万/月,12元/m/天（价格可面议）,"('39.933799', '116.523895')"
bright,(出租)安慧北里逸园28号楼临街底商旺铺直租,临街门面,安慧北里逸园南区-28号楼,316.0,105000.0,11.08,11.08,40.005405,116.419745,True,True,True,316㎡,10.5万/月,11.08元/m/天,"('40.005405', '116.419745')"
bright,(出租)前门大街王府井主街1216平独栋适合品牌餐饮文创国潮,商业街店铺,前门大街-北京市东城区,1216.0,255400.0,7.0,7.0,39.901276,116.406003,True,True,True,1216㎡,25.54万/月,7元/m/天,"('39.901276', '116.406003')"
bright,(出租)双井地铁，富力城餐饮出租，品牌烧烤装修,临街门面,朝阳-国贸双井富力城天力街,330.0,,,,39.902937,116.463804,True,False,False,330㎡,租金面议,,"('39.902937', '116.463804')"
bright,(出租)望京阜通地铁，餐饮铺子，业主直租，免租两个月,临街门面,朝阳-望京广顺南大街8号,130.0,35000.0,,8.974358974358974,39.997469,116.482027,True,True,True,130㎡,3.5万/月,8.97元/m/天（价格可面议）,"('39.997469', '116.482027')"
bright,(出租)人民大学知春路双榆树一层360平米适合一切餐饮,社区底商,海淀-五棵松中关村南大街,360.0,69100.0,6.4,6.4,39.977968,116.328784,True,True,True,360㎡,6.91万/月,6.4元/m/天,"('39.977968', '116.328784')"
bright,(出租)黄村恒大未来城两层140㎡出租，成熟社区全业态，近地铁,商业街店铺,恒大未来城,140.0,8999.0,2.14,2.14,39.720345,116.320946,True,True,True,140㎡,8999元/月,2.14元/m/天,"('39.720345', '116.320946')"
bright,(出租)百子湾广渠路临街150平餐饮酒吧烘焙独栋烧烤有外摆,商业街店铺,朝阳-百子湾详细地址请咨询,150.0,17600.0,,3.911111111111111,39.901909,116.51712,True,True,True,150㎡,1.76万/月,3.9元/m/天（价格可面议）,"('39.901909', '116.51712')"
bright,(出租)直租朝阳常营社区临街底商80平每月1.1万丨非餐饮业态,社区底商,北京市朝阳区常营(地区)回族乡南埝头西路6号,80.0,11000.0,,4.583333333333333,39.93758,116.596183,True,True,True,80㎡,1.1万/月,4.58元/m/天（价格可面议）,"('39.93758', '116.596183')"
bright,(出租)东三环双井临街辅路大广告位308平招租西北菜餐饮等,临街门面,朝阳-双井详细地址请咨询,308.0,83200.0,,9.004329004329005,39.8928,116.468924,True,True,True,308㎡,8.32万/月,9元/m/天（价格可面议）,"('39.8928', '116.468924')"
bright,(出租)郭公庄地铁口临街商业招租餐饮网吧火锅烤肉等,临街门面,丰台-世界公园详细地址请咨询,280.0,67200.0,,8.0,39.819317,116.306888,True,True,True,280㎡,6.72万/月,8元/m/天（价格可面议）,"('39.819317', '116.306888')"
bright,(出租)朝阳王四营人民日报印刷厂内1100平米餐厅档口招租,档口摊位,人民日报印刷厂,25.0,5000.0,6.67,6.67,39.866413,116.551483,True,True,True,25㎡,5000元/月,6.67元/m/天,"('39.866413', '116.551483')"
bright,(出租)商铺直租管庄338平米租金2.5元适合线上超市健身台球等,临街门面,朝阳-管庄详细地址请咨询,338.64,25400.0,,2.5001968658949525,39.935101,116.606004,True,True,True,338.64㎡,2.54万/月,2.5元/m/天（价格可面议）,"('39.935101', '116.606004')"
bright,(出租)石景山鲁谷一层底商1.25万一月，除餐饮全业态招租，全业态,社区底商,石景山-八宝山雕塑园南街,143.0,,,,39.908187,116.249519,True,False,False,143㎡,租金面议,,"('39.908187', '116.249519')"
bright,(出租)海淀黄庄地铁口附近临街纯一层招租餐饮,商业街店铺,海淀-苏州桥海淀南路30号,150.0,38300.0,,8.511111111111111,39.981004,116.311302,True,True,True,150㎡,3.83万/月,8.5元/m/天（价格可面议）,"('39.981004', '116.311302')"
bright,(出租)朝阳地铁口展示面9米旺铺出租烟酒店餐饮展厅诊所专卖店,其他,朝阳-定福庄朝阳北路,118.58,,,,39.929826,116.570245,True,False,False,118.58㎡,租金面议,,"('39.929826', '116.570245')"
bright,(转让)朝阳北京200平餐厅转让，出租早点,社区底商,铭泽生活广场,200.0,30000.0,15.0,15.0,39.869836,116.48346,True,True,True,200㎡,3万/月,转让费：15万元,"('39.869836', '116.48346')"
bright,(出租)商铺直租招线上超市有电梯丨台球健身丨门头20米临街停车方便,其他,朝阳-常营详细地址请咨询,338.64,25400.0,,2.5001968658949525,39.933958,116.589598,True,True,True,338.64㎡,2.54万/月,2.5元/m/天（价格可面议）,"('39.933958', '116.589598')"
bright,(出租)物业直租丨东坝社区底商丨客流大丨非餐饮丨精装修丨可体验店宠物,社区底商,朝阳-东坝石各庄路,146.64,,,,39.968468,116.570769,True,False,False,146.64㎡,租金面议,,"('39.968468', '116.570769')"
bright,(出租)物业直租丨东坝社区底商丨精装修丨客流大丨价格可谈丨非餐饮业态,社区底商,朝阳-东坝石各庄路,153.24,,,,39.968468,116.570769,True,False,False,153.24㎡,租金面议,,"('39.968468', '116.570769')"
bright,(出租)物业直租丨双门头丨餐饮全业态丨临地铁丨社区底商丨价格面议丨,社区底商,朝阳-东坝郑村坝街,136.23,,,,39.979381,116.558167,True,False,False,136.23㎡,租金面议,,"('39.979381', '116.558167')"
bright,(转让)地铁积水潭站附近临街底商旺铺转让,临街门面,小炊谣,110.0,45900.0,15.0,15.0,39.957642,116.378567,True,True,True,110㎡,4.59万/月,转让费：15万元,"('39.957642', '116.378567')"
bright,(出租)物业直租丨价格可谈精装修丨东坝丨金泽社区底商丨客流大丨非餐饮,社区底商,朝阳-东坝东坝南二街,141.09,12700.0,,3.000448886053819,39.965216,116.570275,True,True,True,141.09㎡,1.27万/月,3元/m/天（价格可面议）,"('39.965216', '116.570275')"
bright,(出租)物业直租丨一拖二丨临地铁丨客流大丨可餐饮全业态丨品牌烤肉火锅,社区底商,朝阳-东坝郑村坝街,291.05,,,,39.979381,116.558167,True,False,False,291.05㎡,租金面议,,"('39.979381', '116.558167')"
bright,(出租)北京核心景区南锣鼓巷c位商铺招租,商业街店铺,南锣鼓巷,400.0,200000.0,16.67,16.67,39.943562,116.408878,True,True,True,400㎡,20万/月,16.67元/m/天,"('39.943562', '116.408878')"
bright,(出租)海淀上地科实大厦底商商铺房东直租,写字楼配套,科实大厦,600.0,144000.0,8.0,8.0,40.040731,116.318389,True,True,True,600㎡,14.4万/月,8元/m/天,"('40.040731', '116.318389')"
bright,(出租)朝外大街日坛晶华8号楼底商临街门面房东直租除重餐饮外行业不限,社区底商,日坛晶华-8号楼,173.45,39000.0,7.49,7.49,39.926518,116.450761,True,True,True,173.45㎡,3.9万/月,7.49元/m/天,"('39.926518', '116.450761')"
bright,(出租)海淀五道口农业大学100-300平直租无转让费可餐饮！,临街门面,清华东路15号,105.97,26000.0,8.18,8.18,40.007289,116.366487,True,True,True,105.97㎡,2.6万/月,8.18元/m/天,"('40.007289', '116.366487')"
bright,(出租)石景山古城路步行街核心铺招租！近商场社区，人流量大,商业街店铺,古城南路步行街,140.0,,,,39.916957,116.198351,True,False,False,140㎡,租金面议,（价格可面议）,"('39.916957', '116.198351')"
bright,(转让)石景山八角西街280平精装涮肉店转租，5年租期人流量大,临街门面,八角西街,280.0,58800.0,,7.0,39.920335,116.205284,True,True,True,280㎡,5.88万/月,转让费：面议（转让费可面议）,"('39.920335', '116.205284')"
bright,(出租)奥林匹克公园临街铺面70-300平出租，12元/㎡含物业费,商业街店铺,北京工艺美术博物馆(文创店),80.0,29000.0,12.08,12.08,40.00572,116.400322,True,True,True,80㎡,2.9万/月,12.08元/m/天,"('40.00572', '116.400322')"
bright,(出租)旭景园1万平招租全业态制可仓储，配套手续齐全，整租可分租,临街门面,旭景园·精致生活广场,10000.0,,,,39.945537,116.703494,True,False,False,10000㎡,租金面议,（价格可面议）,"('39.945537', '116.703494')"
bright,(转让)蓝堡公寓饭店整体转600平精装含KTV，近华贸高客流价格可谈,商业街店铺,蓝堡国际公寓-南区,600.0,60000.0,80.0,80.0,39.916652,116.48313,True,True,True,600㎡,6万/月,转让费：80万元,"('39.916652', '116.48313')"
bright,(出租)（0转让费）朝阳欢乐谷附近Ⅰ临街流量社区底商旺铺整体出租,社区底商,PETLADY宠娘宠物生活馆(格林莱雅店),80.0,19000.0,7.92,7.92,39.873411,116.513574,True,True,True,80㎡,1.9万/月,7.92元/m/天,"('39.873411', '116.513574')"
bright,(出租)双井桥地铁D口附近临街社区底商人流量大旺铺出租位置优越,临街门面,优士阁-B座,87.0,22000.0,8.43,8.43,39.898418,116.466159,True,True,True,87㎡,2.2万/月,8.43元/m/天,"('39.898418', '116.466159')"
bright,(转让)朝阳北花园1号院一层店转租，设备全临主路,临街门面,中国传媒大学,130.0,32500.0,18.0,18.0,39.917551,116.563634,True,True,True,130㎡,3.25万/月,转让费：18万元,"('39.917551', '116.563634')"
bright,(出租)亦庄同济南路10㎡临街档口酒店公寓旁，白领多做早餐小吃奶茶佳,临街门面,同济南路,10.0,,,,39.779083,116.546239,True,False,False,10㎡,租金面议,（价格可面议）,"('39.779083', '116.546239')"
bright,(出租)新街口积水潭小西天临街商铺房东直租、周边客流大(除餐饮外),临街门面,新街口外大街29号,40.0,30000.0,25.0,25.0,39.958119,116.377868,True,True,True,40㎡,3万/月,25元/m/天,"('39.958119', '116.377868')"
bright,(出租)房东直租可线上超市台球轰趴足疗简餐中央厨房仓储,社区底商,百子湾东里,420.0,,,,39.905263,116.511316,True,False,False,420㎡,租金面议,（价格可面议）,"('39.905263', '116.511316')"
bright,(转让)石景山台湾街核心铺！一层方正新装修，临街旺区营业中,商业街店铺,北京台湾街-C区,168.0,60000.0,,11.904761904761905,39.909978,116.245326,True,True,True,168㎡,6万/月,转让费：面议（转让费可面议）,"('39.909978', '116.245326')"
bright,(转让)朝阳亚运村Ⅰ临街社区流量底商旺铺整体转让人流量大位置明显,临街门面,安慧里(三区)-4号楼,100.0,21700.0,,7.233333333333333,39.998277,116.416682,True,True,True,100㎡,2.17万/月,转让费：面议（转让费可面议）,"('39.998277', '116.416682')"
bright,(转让)朝阳区双井Ⅰ社区临街流量旺铺底商整体转让！,临街门面,鲜品汇生鲜超市(百环家园店),1050.0,,,,39.894717,116.473363,True,False,False,1050㎡,租金面议,转让费：面议（费用可面议）,"('39.894717', '116.473363')"
bright,(转让)通州梨园Ⅰ环球影城旁酒店流量底商旺铺整体转让,临街门面,须玖日式便当店(环球影城店),60.0,12000.0,10.0,10.0,39.87019,116.672668,True,True,True,60㎡,1.2万/月,转让费：10万元,"('39.87019', '116.672668')"
bright,(出租)丰台花乡Ⅰ临街社区底商出租|餐饮修脚生鲜行业不限充足客源,临街门面,诺德逸府,110.0,15000.0,4.55,4.55,39.81904,116.32086,True,True,True,110㎡,1.5万/月,4.55元/m/天,"('39.81904', '116.32086')"
bright,(出租)工体东路中国红街临街底商出租，120平带燃气可餐饮行业不限,商业街店铺,工人体育场东路,86.16,53000.0,20.5,20.5,39.929387,116.457008,True,True,True,86.16㎡,5.3万/月,20.5元/m/天,"('39.929387', '116.457008')"
bright,(出租)昌平鼓楼东街32号一层临街旺铺客流大可租可售不可餐饮,临街门面,昌平二街社区养老服务驿站,218.0,29000.0,4.43,4.43,40.230012,116.243588,True,True,True,218㎡,2.9万/月,4.43元/m/天,"('40.230012', '116.243588')"
bright,(出租)朝阳黄渠地铁站旁商业铺招商，650平可分租，业态不限！,临街门面,地铁黄渠站,650.0,,,,39.930915,116.583279,True,False,False,650㎡,租金面议,（价格可面议）,"('39.930915', '116.583279')"
bright,(出租)房东直租美食城档口火热招租！昌平朝阳交界天通苑北苑立水桥核心,档口摊位,上善食客通星厨,15.0,3000.0,6.67,6.67,40.060864,116.418669,True,True,True,15㎡,3000元/月,6.67元/m/天,"('40.060864', '116.418669')"
bright,(出租)开发商直租把角商铺带装修可餐饮教培线上超市宠物店按摩,社区底商,大兴-生物医药基地纪百户街18号,118.0,,,,39.693395,116.333302,True,False,False,118㎡,租金面议,,"('39.693395', '116.333302')"
bright,(出租)商铺转租丨有燃气丨适合餐饮丨培训丨修脚推拿丨小区门口丨,临街门面,朝阳-管庄朝阳路,376.0,,,,39.919798,116.603425,True,False,False,376㎡,租金面议,,"('39.919798', '116.603425')"
bright,(出租)朝阳区，地铁口商业街，商铺出租，适合餐饮小吃，奶茶糕点等业态,临街门面,朝阳-东坝郑村坝街,62.53,13799.999999999998,,7.356468894930432,39.979381,116.558167,True,True,True,62.53㎡,1.38万/月,7.35元/m/天（价格可面议）,"('39.979381', '116.558167')"
bright,(出租)朝阳临街商铺出租餐饮优先随时看房,临街门面,朝阳-望京望京街,600.0,65000.0,3.61,3.61,40.006344,116.479727,True,True,True,600㎡,6.5万/月,3.61元/m/天,"('40.006344', '116.479727')"
bright,(出租)三环边团结湖临街一层商铺直租150平餐饮转让,临街门面,朝阳-团结湖朝阳北路,150.0,50000.0,,11.11111111111111,39.929359,116.469547,True,True,True,150㎡,5万/月,11.11元/m/天（费用可面议）,"('39.929359', '116.469547')"
bright,(出租)物业直租日坛悠唐商圈200平商铺有外摆酒吧咖啡餐饮等业态,临街门面,朝阳-朝外大街神路街39号,200.0,38000.0,,6.333333333333333,39.924806,116.450213,True,True,True,200㎡,3.8万/月,6.33元/m/天（价格可面议）,"('39.924806', '116.450213')"
bright,(出租)甲方直租丨褡裢坡丨商铺出租丨有露台丨招餐饮丨酒吧丨等全业态,临街门面,朝阳-定福庄朝阳北路,595.0,,,,39.929826,116.570245,True,False,False,595㎡,租金面议,,"('39.929826', '116.570245')"
bright,(出租)商铺直租丨东坝可餐饮丨鲜花零售丨修脚养生丨,临街门面,朝阳-东坝东坝中路40号,41.43,,,,39.956108,116.555538,True,False,False,41.43㎡,租金面议,,"('39.956108', '116.555538')"
bright,(出租)万达电梯口旁85平店铺阁楼可餐饮有燃气可美容不限项目,商业街店铺,通州-新华大街新华西街58号,80.0,13000.0,,5.416666666666667,39.9114789,116.6471654,True,True,True,80㎡,1.3万/月,5.42元/m/天（价格可面议）,"('39.9114789', '116.6471654')"
bright,(出租)西单西四北大街临街门面10米门头带露台餐饮零售全业态,商业街店铺,西城-西四西四北大街156号,150.0,,,,39.933374,116.380001,True,False,False,150㎡,租金面议,,"('39.933374', '116.380001')"
bright,(出租)物业直租丨价格可谈丨东坝丨社区底商丨临街商铺丨客流大丨非餐饮,社区底商,朝阳-东坝东坝南二街,85.0,7757.0,,3.0419607843137255,39.965216,116.570275,True,True,True,85㎡,7757元/月,3.04元/m/天（价格可面议）,"('39.965216', '116.570275')"
bright,(出租)东直门簋街临街复式商铺餐饮带露台无转让费适烧烤火锅酒吧,临街门面,东城-东直门东直门内簋街,200.0,55000.0,,9.166666666666666,39.94709,116.437145,True,True,True,200㎡,5.5万/月,9.17元/m/天（价格可面议）,"('39.94709', '116.437145')"
bright,(出租)黄村西大街商铺：适合所有餐饮等业态格局好展示面大,商业街店铺,大兴-清源详细地址请咨询,200.0,48000.0,8.0,8.0,39.737178,116.33234,True,True,True,200㎡,4.8万/月,8元/m/天,"('39.737178', '116.33234')"
bright,(出租)海淀双榆树（核心商圈）新出商铺，有餐饮，有燃气，房源,社区底商,海淀-双榆树详细地址请咨询,365.0,49300.0,,4.502283105022831,39.977968,116.328784,True,True,True,365㎡,4.93万/月,4.5元/m/天（价格可面议）,"('39.977968', '116.328784')"
bright,(出租)海淀三环临街二层商铺190平米有燃气餐饮美容,商业街店铺,海淀-大钟寺北三环西路,190.0,,,,39.972901,116.355102,True,False,False,190㎡,租金面议,,"('39.972901', '116.355102')"
bright,(出租)海淀区六道口一层餐饮商铺200平商铺直租水电燃气齐全,商业街店铺,海淀-学院路北学清路甲8号,200.0,66000.0,,11.0,40.014648,116.360523,True,True,True,200㎡,6.6万/月,11元/m/天（价格可面议）,"('40.014648', '116.360523')"
bright,(出租)50至100平可餐饮商铺物业直招，周边社区密集商业氛围浓,社区底商,海淀-小西天文慧园路,50.0,8000.0,5.33,5.33,39.958555,116.374351,True,True,True,50㎡,8000元/月,5.33元/m/天,"('39.958555', '116.374351')"
bright,(出租)百子湾新出餐饮商铺100平18米门头可整分租燃气面馆炒菜烧烤,商业街店铺,朝阳-百子湾广渠东路33号,100.0,25000.0,,8.333333333333334,39.903576,116.511555,True,True,True,100㎡,2.5万/月,8.33元/m/天（价格可面议）,"('39.903576', '116.511555')"
bright,(出租)双井富力城天力街星光大道临街餐饮商铺160平米带燃气排烟租金,临街门面,朝阳-双井天力街,160.0,,,,39.90304,116.463785,True,False,False,160㎡,租金面议,,"('39.90304', '116.463785')"
bright,(出租)物业商铺出租，商业楼一层352平2.21元，可餐饮，不限业态,社区底商,朝阳-东坝长店大街,351.9,23300.0,2.21,2.21,40.015807,116.557213,True,True,True,351.9㎡,2.33万/月,2.21元/m/天,"('40.015807', '116.557213')"
bright,(出租)甲方直租餐饮无中介费商铺出租地铁口旁,社区底商,温阳路,920.0,,,,,,False,False,False,920㎡,租金面议,, 
bright,(出租)海淀区六道口一层餐饮商铺200平商铺直租水电燃气齐全,临街门面,海淀-中关村学清路甲8号,200.0,60000.0,,10.0,40.014648,116.360523,True,True,True,200㎡,6万/月,10元/m/天（价格可面议）,"('40.014648', '116.360523')"
bright,(出租)50至100平可餐饮商铺物业直租，周边社区密集商业氛围浓,商业街店铺,西城-新街口文慧园路,50.0,8000.0,5.33,5.33,39.958555,116.374351,True,True,True,50㎡,8000元/月,5.33元/m/天,"('39.958555', '116.374351')"
bright,(出租)望京东，物业直租商铺，352平可餐饮，2.21元全含，可谈。,商业街店铺,朝阳-朝阳周边长店大街,351.9,23300.0,2.21,2.21,40.015807,116.557213,True,True,True,351.9㎡,2.33万/月,2.21元/m/天,"('40.015807', '116.557213')"
bright,(出租)物业直租50至100平可餐饮商铺，周边社区密集商业氛围浓,社区底商,海淀-北太平庄文慧园路,50.0,8000.0,5.33,5.33,39.958555,116.374351,True,True,True,50㎡,8000元/月,5.33元/m/天,"('39.958555', '116.374351')"
bright,(出租)三里屯白家庄临街商铺出租适合各类餐饮滩羊烤肉酒吧不限业态,临街门面,朝阳-东大桥白家庄路,200.0,,,,39.934243,116.466833,True,False,False,200㎡,租金面议,,"('39.934243', '116.466833')"
bright,(出租)北五环北苑家园餐饮炒菜麻辣烫美容中医艾灸全业态精装商铺出租,商业街店铺,朝阳-媒体村双营路,100.0,12500.0,4.17,4.17,40.043455,116.434152,True,True,True,100㎡,1.25万/月,4.17元/m/天,"('40.043455', '116.434152')"
bright,(出租)海淀区魏公村沿街门面出租适合奶茶咖啡烘焙餐饮小吃等房东直租！,临街门面,海淀-魏公村详细地址请咨询,120.0,20800.0,5.79,5.79,39.958412,116.323714,True,True,True,120㎡,2.08万/月,5.79元/m/天,"('39.958412', '116.323714')"
bright,(出租)新出！！国贸，一层商铺，可餐饮，可办照。临街路口好位置！！！,临街门面,朝阳-国贸东三环中路39号,115.0,13000.0,,3.7681159420289854,39.911335,116.465666,True,True,True,115㎡,1.3万/月,3.77元/m/天（价格可面议）,"('39.911335', '116.465666')"
bright,(出租)W直租顺义顺仁路55平店铺业态不限可餐饮,社区底商,顺义-机场顺仁路,55.0,4500.0,2.73,2.73,40.090139,116.673484,True,True,True,55㎡,4500元/月,2.73元/m/天,"('40.090139', '116.673484')"
bright,(出租)朝阳门餐饮商铺330平米商业立项有燃气全业态,社区底商,朝阳-工体芳草地西街,330.0,74300.0,,7.505050505050505,39.927144,116.452364,True,True,True,330㎡,7.43万/月,7.5元/m/天（价格可面议）,"('39.927144', '116.452364')"
bright,(出租)公益西桥地铁站全业态可餐饮商铺招肯德基华莱士赵一鸣,商业街店铺,丰台-角门城南大道,100.0,15000.0,5.0,5.0,39.8439595,116.3768915,True,True,True,100㎡,1.5万/月,5元/m/天,"('39.8439595', '116.3768915')"
bright,(出租)双井富力城星光大道天力街临街160平米纯一层餐饮商铺业主直租,临街门面,朝阳-双井天力街,160.0,78000.0,16.25,16.25,39.90304,116.463785,True,True,True,160㎡,7.8万/月,16.25元/m/天,"('39.90304', '116.463785')"
bright,(出租)珠江帝景263平米餐饮一层临街商铺出租,临街门面,朝阳-百子湾广渠路,263.0,63099.99999999999,8.0,8.0,39.896087,116.489211,True,True,True,263㎡,6.31万/月,8元/m/天,"('39.896087', '116.489211')"
bright,(出租)双井品牌餐饮一条街商铺直租面积160平纯一层,临街门面,双井-地铁站-北京市朝阳区,160.0,,,,39.899171,116.469147,True,False,False,160㎡,租金面议,,"('39.899171', '116.469147')"
bright,(出租)(北商)东二环餐饮商铺出租，有燃气,临街门面,二道街快捷酒店-北京市朝阳区,50.0,20000.0,,13.333333333333334,39.911617,116.448874,True,True,True,50㎡,2万/月,13.33元/m/天（费用可面议）,"('39.911617', '116.448874')"
bright,(出租)双榆树临街商铺直租，适合烧烤家常菜拉面川湘菜快餐特色餐饮,写字楼配套,海淀-北京大学中关村南大街,120.0,28500.0,,7.916666666666667,39.977968,116.328784,True,True,True,120㎡,2.85万/月,7.92元/m/天（费用可面议）,"('39.977968', '116.328784')"
bright,(出租)金台路地铁口商铺出租120平美容养生茶馆会所餐饮等,商业街店铺,朝阳-大望路延静里中街,120.0,23000.0,,6.388888888888889,39.922364,116.491248,True,True,True,120㎡,2.3万/月,6.39元/m/天（价格可面议）,"('39.922364', '116.491248')"
bright,(出租)直租东大桥SOHO尚都下沉花园餐饮商铺有燃气有排烟,商业街店铺,朝阳-东大桥东大桥路8号,484.0,51000.0,,3.512396694214876,39.9242471,116.4592123,True,True,True,484㎡,5.1万/月,3.51元/m/天（价格可面议）,"('39.9242471', '116.4592123')"
bright,(出租)南法信地铁口餐饮商铺6个月免租临主街全业态价可谈,社区底商,顺义-石门东兴街,87.0,6003.0,,2.3,40.126651,116.619009,True,True,True,87㎡,6003元/月,2.3元/m/天（价格可面议）,"('40.126651', '116.619009')"
bright,(转让)(北商)通州梨园临街餐饮商铺出租,临街门面,云景东路52号-,240.0,50000.0,,6.944444444444445,39.882746,116.671392,True,True,True,240㎡,5万/月,转让费：面议（费用可面议）,"('39.882746', '116.671392')"
bright,(出租)三里屯SOHO970平餐饮商铺出租50米展面适合餐饮酒吧餐吧,商业街店铺,三里屯SOHO-北京市朝阳区,970.0,151300.0,5.2,5.2,39.937943,116.460166,True,True,True,970㎡,15.13万/月,5.2元/m/天,"('39.937943', '116.460166')"
bright,(出租)南礼士路临街商铺出租适合米线快餐麻辣烫米粉沙县特色餐饮,商业街店铺,海淀-万寿路南营房路,90.0,21000.0,,7.777777777777778,39.927494,116.3588,True,True,True,90㎡,2.1万/月,7.78元/m/天（费用可面议）,"('39.927494', '116.3588')"
bright,(出租)前门步行街地铁口可餐饮商铺,临街门面,大栅栏商业街/大栅栏街(路口),18.0,25000.0,,46.2962962962963,,,False,True,True,18㎡,2.5万/月,46.3元/m/天（价格可面议）, 
bright,(出租)西二环外商铺周边办公酒店公寓大学环绕适合特色餐饮,写字楼配套,海淀-军博北蜂窝路甲8号,200.0,49200.0,,8.2,39.904679,116.340369,True,True,True,200㎡,4.92万/月,8.2元/m/天（价格可面议）,"('39.904679', '116.340369')"
bright,(出租)双井富力城天力街80平米临街餐饮商铺，业主直租,临街门面,朝阳-双井天力街,80.0,40000.0,,16.666666666666668,39.90304,116.463785,True,True,True,80㎡,4万/月,16.67元/m/天（价格可面议）,"('39.90304', '116.463785')"
bright,(出租)国贸建外80平米餐饮商铺，1层把角超大展示面。业态不限,写字楼配套,朝阳-国贸东三环中路39号,80.0,15000.0,6.25,6.25,39.911335,116.465666,True,True,True,80㎡,1.5万/月,6.25元/m/天,"('39.911335', '116.465666')"
bright,(出租)东大桥SOHO尚都410平可餐饮商铺大露台可用,写字楼配套,朝阳-东大桥东大桥路8号,410.0,50000.0,,4.065040650406504,39.9242471,116.4592123,True,True,True,410㎡,5万/月,4.07元/m/天（价格可面议）,"('39.9242471', '116.4592123')"
bright,(出租)顺义永辉胖东来1000平招餐饮非餐饮铜锅涮肉全业态,商业街店铺,石门-地铁站-北京市顺义区,600.0,57600.0,,3.2,40.136244,116.647789,True,True,True,600㎡,5.76万/月,3.2元/m/天（价格可面议）,"('40.136244', '116.647789')"
bright,(出租)新上！海淀西三环阜成路独栋500万餐饮装修免费商务宴请接待,临街门面,海淀-定慧寺阜成路,1286.0,,,,39.930837,116.287388,True,False,False,1286㎡,租金面议,,"('39.930837', '116.287388')"
bright,(出租)通州运河商务区大把角北运河西地铁可餐饮价格面议,临街门面,通州-玉桥赵登禹大街182号,235.0,45800.0,,6.49645390070922,39.910378,116.692426,True,True,True,235㎡,4.58万/月,6.5元/m/天（价格可面议）,"('39.910378', '116.692426')"
bright,(出租)西直门官园青年宫560餐饮全业态，面宽20米，可美容医美,社区底商,西城-西直门详细地址请咨询,560.0,168000.0,,10.0,39.9423,116.365516,True,True,True,560㎡,16.8万/月,10元/m/天（价格可面议）,"('39.9423', '116.365516')"
bright,(转让)朝外SOHO154平餐饮店转让，固定客源+高流量，白领消费高,商业街店铺,朝外SOHO,154.0,18000.0,28.0,28.0,39.925733,116.461265,True,True,True,154㎡,1.8万/月,转让费：28万元,"('39.925733', '116.461265')"
bright,(出租)西坝河太阳宫餐饮430湘菜火锅烤肉,购物百货中心,丰台-蒲黄榆劲松武圣东里34号,370.0,,,,39.883299,116.476344,True,False,False,370㎡,租金面议,,"('39.883299', '116.476344')"
bright,(出租)海淀黄庄地铁口临街一层招租餐饮,商业街店铺,海淀-中关村中关村大街,150.0,38300.0,,8.511111111111111,39.982867,116.321675,True,True,True,150㎡,3.83万/月,8.5元/m/天（价格可面议）,"('39.982867', '116.321675')"
bright,(出租)西南三环地铁口560平米临街商业招商.招餐饮,商业街店铺,丰台-玉泉营纪通东路,560.0,50400.0,,3.0,39.847097,116.343443,True,True,True,560㎡,5.04万/月,3元/m/天（费用可面议）,"('39.847097', '116.343443')"
bright,(出租)高端社区口免费用18个月可带餐饮，紧挨台球，适合健身酒吧,社区底商,昌平-北七家七北路42号,596.0,26800.0,,1.4988814317673378,40.104766,116.373796,True,True,True,596㎡,2.68万/月,1.5元/m/天（价格可面议）,"('40.104766', '116.373796')"
bright,(出租)西城区阜内大街89号临街底商旺铺房东直租,临街门面,阜成门内大街-89,165.0,50000.0,10.1,10.1,39.930064,116.37678,True,True,True,165㎡,5万/月,10.1元/m/天,"('39.930064', '116.37678')"
bright,(出租)六道口地铁口适合酒店青旅酒店餐饮医疗,其他,通州-玉桥学清路38-5号,2500.0,,,,40.007318,116.360338,True,False,False,2500㎡,租金面议,,"('40.007318', '116.360338')"
bright,(出租)二环内临街商铺招全业态,商业街店铺,西城-天桥西经路13号楼,62.0,11200.000000000002,6.0,6.0,39.889907,116.396265,True,True,True,62㎡,1.12万/月,6元/m/天,"('39.889907', '116.396265')"
bright,(出租)直租海淀南路医院旁临街一层300平可餐饮明火门头18米,临街门面,海淀-苏州街海淀中街,370.0,94400.0,,8.504504504504505,39.982204,116.317758,True,True,True,370㎡,9.44万/月,8.5元/m/天（价格可面议）,"('39.982204', '116.317758')"
bright,(出租)出租）租金536平餐饮商有燃气有基础装修大客流,商业街店铺,朝阳-定福庄朝阳路,536.0,144700.0,,8.998756218905474,39.921846,116.562343,True,True,True,536㎡,14.47万/月,9元/m/天（费用可面议）,"('39.921846', '116.562343')"
bright,(转让)德胜门商业街面包连锁蛋糕店转让客流密集位置好,临街门面,TOUSlesJOURS多乐之日(新风里店),101.2,36000.0,35.0,35.0,39.967792,116.381939,True,True,True,101.2㎡,3.6万/月,转让费：35万元,"('39.967792', '116.381939')"
bright,(出租)V通州西门餐饮旺铺火热招租119490,临街门面,通州西门-北京市通州区,186.0,23300.0,,4.17562724014337,39.913086,116.650254,True,True,True,186㎡,2.33万/月,4.18元/m/天（费用可面议）,"('39.913086', '116.650254')"
bright,(出租)V朝阳区双桥路临街商铺出租119431,临街门面,金隅可乐-B座-北京市朝阳区,140.0,13300.0,,3.1666666666666665,39.909274,116.583352,True,True,True,140㎡,1.33万/月,3.17元/m/天（费用可面议）,"('39.909274', '116.583352')"
bright,(出租)V大兴西红门商铺出租118910,社区底商,西红门-北京市大兴区,160.0,13000.0,,2.7083333333333335,39.795677,116.355422,True,True,True,160㎡,1.3万/月,2.71元/m/天（费用可面议）,"('39.795677', '116.355422')"
bright,(出租)V顺义南彩彩奉市场实体店铺出租118826,临街门面,南彩镇-北京市顺义区,140.0,8333.0,,1.984047619047619,40.140361,116.717915,True,True,True,140㎡,8333元/月,1.98元/m/天（费用可面议）,"('40.140361', '116.717915')"
bright,(出租)回龙观龙腾苑二区临街商铺出租420平可租无其他费用,临街门面,龙腾苑-二区,210.0,22000.0,3.49,3.49,40.083172,116.343681,True,True,True,210㎡,2.2万/月,3.49元/m/天,"('40.083172', '116.343681')"
bright,(转让)V顺义临街可外摆餐饮店转让119280,临街门面,后俸伯村-北京市顺义区,50.0,6000.0,,4.0,40.1432,116.71099,True,True,True,50㎡,6000元/月,转让费：面议（费用可面议）,"('40.1432', '116.71099')"
bright,(转让)V顺义信兴大街商铺出租多种业态都可做118937,临街门面,悦来家园-66号楼-北京市顺义区,175.0,10000.0,,1.9047619047619047,40.144327,116.616204,True,True,True,175㎡,1万/月,转让费：面议（费用可面议）,"('40.144327', '116.616204')"
bright,(出租)V通州区潞苑南大街空铺出租除餐饮外都可做118698,临街门面,潞苑南大街-道路-北京市通州区,130.0,16700.0,,4.282051282051282,39.93736,116.698763,True,True,True,130㎡,1.67万/月,4.27元/m/天（费用可面议）,"('39.93736', '116.698763')"
bright,(出租)东三环双井临街一层底商308平10米展示面房东直租可餐饮,商业街店铺,双井-地铁站-北京市朝阳区,308.0,78500.0,8.5,8.5,39.899171,116.469147,True,True,True,308㎡,7.85万/月,8.5元/m/天,"('39.899171', '116.469147')"
bright,(出租)邻三环900平米适合办公会所餐饮茶楼娱乐,临街门面,苏皖大厦,900.0,94500.0,3.5,3.5,39.852427,116.344356,True,True,True,900㎡,9.45万/月,3.5元/m/天,"('39.852427', '116.344356')"
bright,(出租)海淀区四道口华杰大厦一层商业招租餐饮110平办公居民综合商圈,写字楼配套,海淀-知春路四道口路,110.0,40000.0,12.12,12.12,39.966836,116.350312,True,True,True,110㎡,4万/月,12.12元/m/天,"('39.966836', '116.350312')"
bright,(出租)西城区新街口临街商业130平招租全业态有燃气可餐饮可长签,商业街店铺,西城-德胜门北苑路,147.0,39700.0,9.0,9.0,39.990327,116.417158,True,True,True,147㎡,3.97万/月,9元/m/天,"('39.990327', '116.417158')"
bright,(出租)海淀六道口大学周边820平招租网吧台球桌游也可餐饮,商业街店铺,海淀-皂君庙学清路六道口甲39号,820.0,123000.0,5.0,5.0,40.011807,116.357163,True,True,True,820㎡,12.3万/月,5元/m/天,"('40.011807', '116.357163')"
bright,(出租)海淀区牡丹园商业招租餐饮团购奶站海参等全业态40平方,临街门面,海淀-牡丹园牡丹园中街,40.0,35000.0,29.17,29.17,39.985115,116.379256,True,True,True,40㎡,3.5万/月,29.17元/m/天,"('39.985115', '116.379256')"
bright,(出租)安慧北里逸园28号楼临街底商旺铺直租,临街门面,安慧北里逸园南区-28号楼,316.0,105000.0,11.08,11.08,40.005405,116.419745,True,True,True,316㎡,10.5万/月,11.08元/m/天,"('40.005405', '116.419745')"
bright,(出租)六里桥附近社区门口底商直招生鲜超市餐饮停车便利,社区底商,丰台-七里庄广安路,180.0,,,,39.885531,116.305849,True,False,False,180㎡,租金面议,,"('39.885531', '116.305849')"
bright,(出租)海淀区世纪城招租餐饮适合拉面麻辣烫米粉特色小吃等,社区底商,西城-德胜门远大路1号,90.0,48000.0,17.78,17.78,39.9650367,116.2943251,True,True,True,90㎡,4.8万/月,17.78元/m/天,"('39.9650367', '116.2943251')"
bright,(出租)海淀区牡丹园地铁商业招租美容美发培训健身等非餐饮,商业街店铺,海淀-蓟门桥花园路2号,370.0,61100.0,5.5,5.5,39.983219,116.374283,True,True,True,370㎡,6.11万/月,5.5元/m/天,"('39.983219', '116.374283')"
bright,(出租)物业直租广渠路临街独栋带院机车越野车新能源展厅餐饮娱乐,商业街店铺,北京市朝阳区管庄(地区)乡双桥中路,360.0,,,,39.900094,116.607329,True,False,False,360㎡,租金面议,,"('39.900094', '116.607329')"
bright,(出租)黄村恒大未来城两层140㎡出租，成熟社区全业态，近地铁,商业街店铺,恒大未来城,140.0,8999.0,2.14,2.14,39.720345,116.320946,True,True,True,140㎡,8999元/月,2.14元/m/天,"('39.720345', '116.320946')"
bright,(出租)海淀苏州街临街一层底商招租蛋糕店茶叶便利店餐饮生鲜超市按摩等,社区底商,海淀-皂君庙详细地址请咨询,120.0,,,,39.977832,116.313098,True,False,False,120㎡,租金面议,,"('39.977832', '116.313098')"
bright,(出租)朝阳北花园赠二百平米露台全业态可餐饮适合小酒馆烧烤等,临街门面,朝阳-高碑店详细地址请咨询,224.0,33000.0,,4.910714285714286,39.910257,116.558224,True,True,True,224㎡,3.3万/月,4.91元/m/天（费用可面议）,"('39.910257', '116.558224')"
bright,(出租)百子湾永辉，商铺出租，2元天平米，使用率高,临街门面,朝阳-百子湾广渠东路33号,840.0,50400.0,,2.0,39.903576,116.511555,True,True,True,840㎡,5.04万/月,2元/m/天（价格可面议）,"('39.903576', '116.511555')"
bright,(出租)房东直租丨南三环纪家庙丨地铁口560平丨招餐饮火锅烤肉等..,临街门面,纪家庙地铁站-D口,560.0,58800.0,3.5,3.5,39.910925,116.413384,True,True,True,560㎡,5.88万/月,3.5元/m/天,"('39.910925', '116.413384')"
bright,(出租)朝阳王四营人民日报印刷厂内1100平米餐厅档口招租,档口摊位,人民日报印刷厂,25.0,5000.0,6.67,6.67,39.866413,116.551483,True,True,True,25㎡,5000元/月,6.67元/m/天,"('39.866413', '116.551483')"
bright,(出租)丰台临街商铺新出1000平酒店民宿培训等价格可谈,商业街店铺,广安康馨家园-北京市丰台区,1000.0,69000.0,,2.3,39.882617,116.235978,True,True,True,1000㎡,6.9万/月,2.3元/m/天（价格可面议）,"('39.882617', '116.235978')"
bright,(出租)惠新对外经贸大学大展示面主街300平餐饮火爆不限业态,临街门面,朝阳-芍药居惠新东街14号,300.0,86400.0,,9.6,39.985216,116.43155,True,True,True,300㎡,8.64万/月,9.6元/m/天（价格可面议）,"('39.985216', '116.43155')"
bright,(出租)槐柏树主街200平有燃气可明火附近餐饮极少适合餐饮,临街门面,西城-西便门槐柏树街,200.0,57000.0,,9.5,39.901927,116.360868,True,True,True,200㎡,5.7万/月,9.5元/m/天（价格可面议）,"('39.901927', '116.360868')"
bright,(出租)亮马桥新源里80平人流巨大餐饮火爆适合各类小吃快餐,临街门面,朝阳-燕莎新源街,80.0,29500.0,,12.291666666666666,39.95591,116.462107,True,True,True,80㎡,2.95万/月,12.3元/m/天（价格可面议）,"('39.95591', '116.462107')"
bright,(转让)朝阳北京200平餐厅转让，出租早点,社区底商,铭泽生活广场,200.0,30000.0,15.0,15.0,39.869836,116.48346,True,True,True,200㎡,3万/月,转让费：15万元,"('39.869836', '116.48346')"
bright,(出租)朝阳大望路珠江帝景临街商铺1600平精装修无转让费,临街门面,朝阳-劲松大郊亭中街,1600.0,130000.0,,2.7083333333333335,39.895953,116.489127,True,True,True,1600㎡,13万/月,2.71元/m/天（价格可面议）,"('39.895953', '116.489127')"
bright,(出租)朝阳盒马超市60平招租鲜花餐饮外卖培训美容护肤,购物百货中心,盒马鲜生(杨闸环岛店)-北京市朝阳区,60.0,7000.0,,3.888888888888889,39.918853,116.610894,True,True,True,60㎡,7000元/月,3.89元/m/天（价格可面议）,"('39.918853', '116.610894')"
bright,(出租)三里屯太古里餐饮小旺铺直租精装修人流量巨大业态不限,商业街店铺,三里屯太古里-北京市朝阳区,100.0,58000.0,19.33,19.33,39.940765,116.460987,True,True,True,100㎡,5.8万/月,19.33元/m/天,"('39.940765', '116.460987')"
bright,(出租)门脸转让：东坝万达旁153平头疗美容健康管理专卖店,其他,朝阳-东坝石各庄路,153.24,12900.0,2.81,2.81,39.968468,116.570769,True,True,True,153.24㎡,1.29万/月,2.81元/m/天,"('39.968468', '116.570769')"
bright,(转让)地铁积水潭站附近临街底商旺铺转让,临街门面,小炊谣,110.0,45900.0,15.0,15.0,39.957642,116.378567,True,True,True,110㎡,4.59万/月,转让费：15万元,"('39.957642', '116.378567')"
bright,(出租)北京核心景区南锣鼓巷c位商铺招租,商业街店铺,南锣鼓巷,400.0,200000.0,16.67,16.67,39.943562,116.408878,True,True,True,400㎡,20万/月,16.67元/m/天,"('39.943562', '116.408878')"
bright,(出租)海淀上地科实大厦底商商铺房东直租,写字楼配套,科实大厦,600.0,144000.0,8.0,8.0,40.040731,116.318389,True,True,True,600㎡,14.4万/月,8元/m/天,"('40.040731', '116.318389')"
bright,(出租)朝外大街日坛晶华8号楼底商临街门面房东直租除重餐饮外行业不限,社区底商,日坛晶华-8号楼,173.45,39000.0,7.49,7.49,39.926518,116.450761,True,True,True,173.45㎡,3.9万/月,7.49元/m/天,"('39.926518', '116.450761')"
bright,(出租)海淀五道口农业大学100-300平直租无转让费可餐饮！,临街门面,清华东路15号,105.97,26000.0,8.18,8.18,40.007289,116.366487,True,True,True,105.97㎡,2.6万/月,8.18元/m/天,"('40.007289', '116.366487')"
bright,(出租)石景山古城路步行街核心铺招租！近商场社区，人流量大,商业街店铺,古城南路步行街,140.0,,,,39.916957,116.198351,True,False,False,140㎡,租金面议,（价格可面议）,"('39.916957', '116.198351')"
bright,(转让)石景山八角西街280平精装涮肉店转租，5年租期人流量大,临街门面,八角西街,280.0,58800.0,,7.0,39.920335,116.205284,True,True,True,280㎡,5.88万/月,转让费：面议（转让费可面议）,"('39.920335', '116.205284')"
bright,(出租)奥林匹克公园临街铺面70-300平出租，12元/㎡含物业费,商业街店铺,北京工艺美术博物馆(文创店),80.0,29000.0,12.08,12.08,40.00572,116.400322,True,True,True,80㎡,2.9万/月,12.08元/m/天,"('40.00572', '116.400322')"
bright,(出租)旭景园1万平招租全业态制可仓储，配套手续齐全，整租可分租,临街门面,旭景园·精致生活广场,10000.0,,,,39.945537,116.703494,True,False,False,10000㎡,租金面议,（价格可面议）,"('39.945537', '116.703494')"
bright,(转让)蓝堡公寓饭店整体转600平精装含KTV，近华贸高客流价格可谈,商业街店铺,蓝堡国际公寓-南区,600.0,60000.0,80.0,80.0,39.916652,116.48313,True,True,True,600㎡,6万/月,转让费：80万元,"('39.916652', '116.48313')"
bright,(出租)（0转让费）朝阳欢乐谷附近Ⅰ临街流量社区底商旺铺整体出租,社区底商,PETLADY宠娘宠物生活馆(格林莱雅店),80.0,19000.0,7.92,7.92,39.873411,116.513574,True,True,True,80㎡,1.9万/月,7.92元/m/天,"('39.873411', '116.513574')"
bright,(出租)双井桥地铁D口附近临街社区底商人流量大旺铺出租位置优越,临街门面,优士阁-B座,87.0,22000.0,8.43,8.43,39.898418,116.466159,True,True,True,87㎡,2.2万/月,8.43元/m/天,"('39.898418', '116.466159')"
bright,(转让)朝阳北花园1号院一层店转租，设备全临主路,临街门面,中国传媒大学,130.0,32500.0,18.0,18.0,39.917551,116.563634,True,True,True,130㎡,3.25万/月,转让费：18万元,"('39.917551', '116.563634')"
bright,(出租)亦庄同济南路10㎡临街档口酒店公寓旁，白领多做早餐小吃奶茶佳,临街门面,同济南路,10.0,,,,39.779083,116.546239,True,False,False,10㎡,租金面议,（价格可面议）,"('39.779083', '116.546239')"
bright,(出租)新街口积水潭小西天临街商铺房东直租、周边客流大(除餐饮外),临街门面,新街口外大街29号,40.0,30000.0,25.0,25.0,39.958119,116.377868,True,True,True,40㎡,3万/月,25元/m/天,"('39.958119', '116.377868')"
bright,(出租)房东直租可线上超市台球轰趴足疗简餐中央厨房仓储,社区底商,百子湾东里,420.0,,,,39.905263,116.511316,True,False,False,420㎡,租金面议,（价格可面议）,"('39.905263', '116.511316')"
bright,(转让)石景山台湾街核心铺！一层方正新装修，临街旺区营业中,商业街店铺,北京台湾街-C区,168.0,60000.0,,11.904761904761905,39.909978,116.245326,True,True,True,168㎡,6万/月,转让费：面议（转让费可面议）,"('39.909978', '116.245326')"
bright,(转让)朝阳亚运村Ⅰ临街社区流量底商旺铺整体转让人流量大位置明显,临街门面,安慧里(三区)-4号楼,100.0,21700.0,,7.233333333333333,39.998277,116.416682,True,True,True,100㎡,2.17万/月,转让费：面议（转让费可面议）,"('39.998277', '116.416682')"
bright,(转让)朝阳区双井Ⅰ社区临街流量旺铺底商整体转让！,临街门面,鲜品汇生鲜超市(百环家园店),1050.0,,,,39.894717,116.473363,True,False,False,1050㎡,租金面议,转让费：面议（费用可面议）,"('39.894717', '116.473363')"
bright,(转让)通州梨园Ⅰ环球影城旁酒店流量底商旺铺整体转让,临街门面,须玖日式便当店(环球影城店),60.0,12000.0,10.0,10.0,39.87019,116.672668,True,True,True,60㎡,1.2万/月,转让费：10万元,"('39.87019', '116.672668')"
bright,(出租)丰台花乡Ⅰ临街社区底商出租|餐饮修脚生鲜行业不限充足客源,临街门面,诺德逸府,110.0,15000.0,4.55,4.55,39.81904,116.32086,True,True,True,110㎡,1.5万/月,4.55元/m/天,"('39.81904', '116.32086')"
bright,(出租)工体东路中国红街临街底商出租，120平带燃气可餐饮行业不限,商业街店铺,工人体育场东路,86.16,53000.0,20.5,20.5,39.929387,116.457008,True,True,True,86.16㎡,5.3万/月,20.5元/m/天,"('39.929387', '116.457008')"
bright,(出租)昌平鼓楼东街32号一层临街旺铺客流大可租可售不可餐饮,临街门面,昌平二街社区养老服务驿站,218.0,29000.0,4.43,4.43,40.230012,116.243588,True,True,True,218㎡,2.9万/月,4.43元/m/天,"('40.230012', '116.243588')"
bright,(出租)朝阳黄渠地铁站旁商业铺招商，650平可分租，业态不限！,临街门面,地铁黄渠站,650.0,,,,39.930915,116.583279,True,False,False,650㎡,租金面议,（价格可面议）,"('39.930915', '116.583279')"
bright,(出租)房东直租美食城档口火热招租！昌平朝阳交界天通苑北苑立水桥核心,档口摊位,上善食客通星厨,15.0,3000.0,6.67,6.67,40.060864,116.418669,True,True,True,15㎡,3000元/月,6.67元/m/天,"('40.060864', '116.418669')"
bright,(出租)朝阳北路，中国传媒大学正对面，临街商铺出租，适合非餐饮全业态,其他,朝阳-定福庄详细地址请咨询,151.96,28300.0,,6.207773975607616,39.921846,116.562343,True,True,True,151.96㎡,2.83万/月,6.2元/m/天（价格可面议）,"('39.921846', '116.562343')"
bright,(出租)临街底商旺铺小门面有燃气排烟上下水可注册外卖餐饮不限,临街门面,朝阳-国贸东三环中路39号,30.0,7000.0,,7.777777777777778,39.911335,116.465666,True,True,True,30㎡,7000元/月,7.78元/m/天（价格可面议）,"('39.911335', '116.465666')"
bright,(出租)业主直租长阳中央城二层70平米商铺出租全业态餐饮装修,商业街店铺,"房山-长阳京良路,近长政北街",69.55,8346.0,4.0,4.0,39.771237,116.217801,True,True,True,69.55㎡,8346元/月,4元/m/天,"('39.771237', '116.217801')"
bright,(出租)中关村医院旁临街一层7米展示面商铺90平餐饮直租,临街门面,海淀-皂君庙海淀中街,90.0,66700.0,,24.703703703703702,39.982204,116.317758,True,True,True,90㎡,6.67万/月,24.69元/m/天（价格可面议）,"('39.982204', '116.317758')"
bright,(出租)甲方直租丨万象新天地丨314平烤肉店转让丨商铺出租丨餐饮丨,社区底商,万象新天-二区-北京市朝阳区,314.0,,,,39.935401,116.603879,True,False,False,314㎡,租金面议,,"('39.935401', '116.603879')"
bright,(出租)丽泽SOHO龙湖天街246平米商铺适合服装餐饮水吧健身等,临街门面,丰台-丽泽桥丽泽路,246.0,44300.0,6.0,6.0,39.872835,116.337348,True,True,True,246㎡,4.43万/月,6元/m/天,"('39.872835', '116.337348')"
bright,(出租)双井临街商铺出租300平餐饮烧烤火锅自助餐全业态,商业街店铺,朝阳-双井东柏街,300.0,42000.0,,4.666666666666667,39.900894,116.471637,True,True,True,300㎡,4.2万/月,4.67元/m/天（价格可面议）,"('39.900894', '116.471637')"
bright,(出租)国贸~水果捞商铺丨业态不限餐饮外卖冷饮鲜花美甲摄影,商业街店铺,朝阳-国贸东三环中路39号,60.0,5000.0,2.78,2.78,39.911335,116.465666,True,True,True,60㎡,5000元/月,2.78元/m/天,"('39.911335', '116.465666')"
bright,(出租)崇文门临街商铺出租1200平餐饮会所接待粤菜15米门头,商业街店铺,东城-崇文门东兴隆街,1200.0,,,,39.903471,116.42134,True,False,False,1200㎡,租金面议,,"('39.903471', '116.42134')"
bright,(出租)物业招租双地铁临街门脸品牌餐饮水吧洗衣店宠物茶叶店,其他,朝阳-东坝晏河湾(7号地块),77.55,,,,39.980125,116.560302,True,False,False,77.55㎡,租金面议,,"('39.980125', '116.560302')"
bright,(出租)杨庄大街临街二层760平商铺出租，适合特色餐饮，火锅，家炒菜,商业街店铺,杨庄-地铁站-北京市石景山区,750.0,78800.0,3.5,3.5,39.93417,116.194169,True,True,True,750㎡,7.88万/月,3.5元/m/天,"('39.93417', '116.194169')"
bright,(出租)朝阳区，社区门口商铺直租，适合餐饮小吃，美容，团购等全部业态,社区底商,朝阳-定福庄朝阳北路,94.15,10700.0,,3.788281111701186,39.929826,116.570245,True,True,True,94.15㎡,1.07万/月,3.8元/m/天（价格可面议）,"('39.929826', '116.570245')"
bright,(出租)物业直租丨社区底商丨临街商铺丨客流大丨非餐饮丨价格可谈丨,社区底商,朝阳-东坝东坝南二街,80.9,7383.0,,3.042027194066749,39.965216,116.570275,True,True,True,80.9㎡,7383元/月,3.04元/m/天（价格可面议）,"('39.965216', '116.570275')"
bright,(出租)商铺转租丨可餐饮丨丨宠物店丨酒吧丨咖啡厅丨面馆丨均可,临街门面,朝阳-管庄详细地址请咨询,99.0,,,,39.935541,116.599347,True,False,False,99㎡,租金面议,,"('39.935541', '116.599347')"
bright,(出租)三里屯新出一层临街把角紧邻出入口130平商铺可餐饮烘焙酒吧等,临街门面,朝阳-三里屯工人体育场北路,130.0,40000.0,,10.256410256410257,39.937492,116.460034,True,True,True,130㎡,4万/月,10.26元/m/天（价格可面议）,"('39.937492', '116.460034')"
bright,(出租)太古里三里屯SOHO临街商铺可外摆可餐饮不限业态,商业街店铺,朝阳-三里屯工体北路8号,78.0,,,,39.938112,116.460068,True,False,False,78㎡,租金面议,,"('39.938112', '116.460068')"
bright,(出租)方庄地铁站旁临街纯一层全业态商铺，可餐饮可其他.位置好,临街门面,丰台-方庄方庄路,90.0,28000.0,10.37,10.37,39.873184,116.445507,True,True,True,90㎡,2.8万/月,10.37元/m/天,"('39.873184', '116.445507')"
bright,(出租)大学成熟社区写字楼包围，100平门脸带上下水除餐饮不限行业,商业街店铺,详细地址请咨询,100.0,20700.0,,6.9,39.759079,116.338975,True,True,True,100㎡,2.07万/月,6.9元/m/天（价格可面议）,"('39.759079', '116.338975')"
bright,(出租)商铺转租丨适合餐饮丨培训丨儿童体能丨紧邻学校丨周边社区密,社区底商,朝阳-定福庄辛庄路,197.0,,,,39.905923,116.614959,True,False,False,197㎡,租金面议,,"('39.905923', '116.614959')"
bright,(出租)商铺餐饮有燃气可明火无转让费适合各种业态建外,社区底商,朝阳-国贸东三环中路39号,300.0,40000.0,,4.444444444444445,39.911335,116.465666,True,True,True,300㎡,4万/月,4.44元/m/天（价格可面议）,"('39.911335', '116.465666')"
bright,(出租)通州地铁口商铺可餐饮可分割临地铁商业繁华人均消费能力高,临街门面,通州-运河大街玉带河东街1号,94.93,9967.65,,3.4999999999999996,39.908404,116.694442,True,True,True,94.93㎡,9967.65元/月,3.5元/m/天（价格可面议）,"('39.908404', '116.694442')"
bright,(出租)宣武门地铁口一层临街小面积商铺除餐饮业态不限位置好,写字楼配套,西城-西单宣武门外大街8号,186.0,,,,39.9029267,116.381993,True,False,False,186㎡,租金面议,,"('39.9029267', '116.381993')"
bright,(出租)亦庄文化园地铁旁位置商铺能餐饮带燃气客源稳定消费高,临街门面,大兴-亦庄亦庄荣华北路,110.0,31200.0,,9.454545454545455,39.810423,116.500192,True,True,True,110㎡,3.12万/月,9.46元/m/天（价格可面议）,"('39.810423', '116.500192')"
bright,(出租)热点商铺可餐饮多种面积大展示面格局方正住户集中,社区底商,详细地址请咨询,200.0,,,,39.966798,116.235645,True,False,False,200㎡,租金面议,,"('39.966798', '116.235645')"
bright,(出租)W大兴亦庄临街100平店铺招租（可餐饮）,临街门面,大兴-亦庄科创五街,100.0,18000.0,6.0,6.0,39.814847,116.54724,True,True,True,100㎡,1.8万/月,6元/m/天,"('39.814847', '116.54724')"
bright,(出租)机电院新出核心位置紧邻出入口500平商铺适合餐饮酒吧等业态,临街门面,朝阳-三里屯三里屯路19号,500.0,85000.0,,5.666666666666667,39.940722,116.461001,True,True,True,500㎡,8.5万/月,5.67元/m/天（价格可面议）,"('39.940722', '116.461001')"
bright,(出租)直租国瑞城崇文新世界一层临街1200平商铺展厅餐饮医疗全业态,临街门面,东城-王府井西花市大街,1235.0,200000.0,,5.398110661268556,39.903698,116.426181,True,True,True,1235㎡,20万/月,5.4元/m/天（价格可面议）,"('39.903698', '116.426181')"
bright,(出租)出租）成熟商街大客流门面房非餐饮业态价格物业直租,商业街店铺,朝阳-朝青板块朝阳北路101号,75.0,12400.0,,5.511111111111111,39.930834,116.524829,True,True,True,75㎡,1.24万/月,5.5元/m/天（价格可面议）,"('39.930834', '116.524829')"
bright,(出租)好铺位！国贸世贸天阶商业街店铺可餐饮客流量集中,社区底商,朝阳-CBD朝外大街乙6号,100.0,25000.0,,8.333333333333334,39.92584,116.461382,True,True,True,100㎡,2.5万/月,8.33元/m/天（价格可面议）,"('39.92584', '116.461382')"
bright,(出租)东区一层临街门面餐饮有燃气直租直租客流量大建外,临街门面,朝阳-国贸东三环中路,80.0,18000.0,,7.5,39.911192,116.467993,True,True,True,80㎡,1.8万/月,7.5元/m/天（价格可面议）,"('39.911192', '116.467993')"
bright,(出租)双井天力街临街餐饮商铺出租面积80平自带人流,临街门面,东三环-北京市朝阳区,80.0,,,,39.898302,116.467439,True,False,False,80㎡,租金面议,,"('39.898302', '116.467439')"
bright,(出租)石景山古城临街餐饮商铺适合刀削面板面快餐川湘菜烤鱼砂锅,临街门面,石景山-古城古城北路,176.0,31700.0,6.0,6.0,39.923838,116.196937,True,True,True,176㎡,3.17万/月,6元/m/天,"('39.923838', '116.196937')"
bright,(出租)海淀区牡丹园靠近医院沿街餐饮商铺出租客流量大市口好,临街门面,海淀-牡丹园详细地址请咨询,60.0,,,,39.985115,116.379256,True,False,False,60㎡,租金面议,,"('39.985115', '116.379256')"
bright,(出租)朝阳区三环内隔壁纯一层309平有燃气餐饮商铺,临街门面,怡和阳光大厦,309.0,55599.99999999999,6.0,6.0,,,False,True,True,309㎡,5.56万/月,6元/m/天, 
bright,(出租)朝阳路传媒大学新出餐饮门面445平米，三个舞蹈教室，两个储物,商业街店铺,朝阳-定福庄定福庄北街,445.04,40100.0,3.0,3.0,39.922541,116.560349,True,True,True,445.04㎡,4.01万/月,3元/m/天,"('39.922541', '116.560349')"
bright,(出租)商铺招商十字路口周边2公里无商业小区集中可餐饮,社区底商,详细地址请咨询,150.0,,,,39.966798,116.235645,True,False,False,150㎡,租金面议,,"('39.966798', '116.235645')"
bright,(出租)朝阳区东四环百子湾万人办公楼餐饮商铺房东直租,临街门面,朝阳-大望路详细地址请咨询,70.0,12000.0,,5.714285714285714,39.9061415,116.4985967,True,True,True,70㎡,1.2万/月,5.71元/m/天（价格可面议）,"('39.9061415', '116.4985967')"
bright,(出租)鲁谷临街400平米餐饮商铺出租有燃气,临街门面,玉泉路-地铁站-北京市石景山区,400.0,66000.0,,5.5,39.913501,116.259475,True,True,True,400㎡,6.6万/月,5.5元/m/天（价格可面议）,"('39.913501', '116.259475')"
bright,(出租)常营美食街丨300平餐饮商铺丨招租大型品牌餐饮，品牌快餐,写字楼配套,朝阳-常营常惠路,307.33,108900.0,,11.81140793284092,39.932661,116.606782,True,True,True,307.33㎡,10.89万/月,11.81元/m/天（价格可面议）,"('39.932661', '116.606782')"
bright,(出租)出租200平餐饮精装修商铺！无转让费周边超大体量居公学生,临街门面,朝阳-潘家园松榆北路3号,200.0,48000.0,,8.0,39.883947,116.469028,True,True,True,200㎡,4.8万/月,8元/m/天（价格可面议）,"('39.883947', '116.469028')"
bright,(出租)双井富力城天力街临街166平米全业态餐饮商铺出租带燃气,临街门面,朝阳-双井天力街,166.0,,,,39.902931,116.463859,True,False,False,166㎡,租金面议,,"('39.902931', '116.463859')"
bright,(出租)商铺出租建国门470平适合足疗养生美容餐饮茶楼等,临街门面,朝阳-国贸建华南路,470.0,50000.0,,3.5460992907801416,39.911248,116.450441,True,True,True,470㎡,5万/月,3.55元/m/天（价格可面议）,"('39.911248', '116.450441')"
bright,(出租)国美城社区底商把角610平餐饮商铺出租适合餐饮火锅展厅,商业街店铺,朝阳-石佛营青年路115号,610.0,95200.0,5.2,5.2,39.940053,116.52173,True,True,True,610㎡,9.52万/月,5.2元/m/天,"('39.940053', '116.52173')"
bright,(出租)新出朝阳雅宝路餐饮商铺出租全天人流随时可考察,临街门面,朝阳-朝外大街详细地址请咨询,60.0,,,,39.921038,116.444597,True,False,False,60㎡,租金面议,,"('39.921038', '116.444597')"
bright,(出租)石门中路商铺出租百子湾商圈可餐饮8米门脸格局方正,临街门面,朝阳-百子湾百子湾路,160.0,33600.0,,7.0,39.90618,116.506737,True,True,True,160㎡,3.36万/月,7元/m/天（费用可面议）,"('39.90618', '116.506737')"
bright,(出租)甘家口临街双门头商铺出租，适合米线麻辣烫快餐沙县特色餐饮,写字楼配套,海淀-甘家口阜成路,80.0,26000.0,,10.833333333333334,39.930232,116.33889,True,True,True,80㎡,2.6万/月,10.83元/m/天（价格可面议）,"('39.930232', '116.33889')"
bright,(出租)磁器口地铁口餐饮商铺，适合快餐店，早餐，拉面干啥都行,社区底商,东城-崇文门国瑞东路,140.0,33600.0,,8.0,39.904795,116.431379,True,True,True,140㎡,3.36万/月,8元/m/天（价格可面议）,"('39.904795', '116.431379')"
bright,(出租)前门大街餐饮商铺适合宫廷菜北京烤鸭高端酒店全业态招租,商业街店铺,东城-前门前门大街,9800.0,1764000.0,,6.0,39.905524,116.404589,True,True,True,9800㎡,176.4万/月,6元/m/天（费用可面议）,"('39.905524', '116.404589')"
bright,(出租)出租）社区口大客流养生馆装修招租餐饮台球健身线上超市,商业街店铺,朝阳-管庄朝阳路,568.27,37700.0,,2.211390125585843,39.918404,116.605884,True,True,True,568.27㎡,3.77万/月,2.21元/m/天（价格可面议）,"('39.918404', '116.605884')"
bright,(出租)广安门临街一层130平和190平出租适合餐饮美容美发,社区底商,西城-牛街牛街,190.0,48500.0,8.5,8.5,39.883036,116.354566,True,True,True,190㎡,4.85万/月,8.5元/m/天,"('39.883036', '116.354566')"
bright,(出租)朝阳区东五环杨闸环岛二楼大开间格局适合健身房培训餐饮,商业街店铺,京通苑社区,568.0,37700.0,2.21,2.21,39.918561952595795,116.60363671938683,True,True,True,568㎡,3.77万/月,2.21元/m/天,"('39.918561952595795', '116.60363671938683')"
bright,(出租)直租一层三环公主坟六里桥餐饮培训服装行业不限,购物百货中心,丰台-六里桥吴家场路1号,46.0,15200.0,,11.014492753623188,,,False,True,True,46㎡,1.52万/月,11元/m/天（价格可面议）, 
bright,(转让)朝外SOHO154平餐饮店转让，固定客源+高流量，白领消费高,商业街店铺,朝外SOHO,154.0,18000.0,28.0,28.0,39.925733,116.461265,True,True,True,154㎡,1.8万/月,转让费：28万元,"('39.925733', '116.461265')"
bright,(出租)青年路餐饮一条街240平带外摆出租户型方正适合火锅烧烤,临街门面,朝阳-朝青板块青年路115号,240.0,69800.0,,9.694444444444445,39.940053,116.52173,True,True,True,240㎡,6.98万/月,9.7元/m/天（价格可面议）,"('39.940053', '116.52173')"
bright,(出租)姚家园临街底商150平中医门诊宠物医院餐饮培训展厅等,商业街店铺,朝阳-姚家园朝阳公园南路,150.0,33800.0,7.5,7.5,39.937229,116.489676,True,True,True,150㎡,3.38万/月,7.5元/m/天,"('39.937229', '116.489676')"
bright,(出租)北二环临街商业5400平商业用途酒店公寓餐饮医美,购物百货中心,东城-和平里和平里东街,5400.0,615600.0,3.8,3.8,39.960286,116.435858,True,True,True,5400㎡,61.56万/月,3.8元/m/天,"('39.960286', '116.435858')"
bright,(出租)工体三里屯酒吧街临街一层精装修可餐饮可咖啡酒吧非医疗,临街门面,朝阳-三里屯详细地址请咨询,500.0,,,,39.94247,116.45196,True,False,False,500㎡,租金面议,,"('39.94247', '116.45196')"
bright,(出租)西城区阜内大街89号临街底商旺铺房东直租,临街门面,阜成门内大街-89,165.0,50000.0,10.1,10.1,39.930064,116.37678,True,True,True,165㎡,5万/月,10.1元/m/天,"('39.930064', '116.37678')"
bright,(出租)朝阳朝青板块姚家园290平有天燃气可外摆证照齐全适合餐饮,临街门面,青格勒冰煮羊铜锅涮-北京市朝阳区,290.0,30500.0,,3.5057471264367814,39.953495,116.527373,True,True,True,290㎡,3.05万/月,3.5元/m/天（价格可面议）,"('39.953495', '116.527373')"
bright,(出租)小屯路十字路口临街纯一层餐饮新装修直租,商业街店铺,丰台-青塔小屯路,535.0,80300.0,,5.003115264797508,39.899154,116.262481,True,True,True,535㎡,8.03万/月,5元/m/天（价格可面议）,"('39.899154', '116.262481')"
bright,(出租)16号线地铁口可做餐饮整租甲方直租无中介费带院外摆,商业街店铺,前沙涧路7号院-北京市海淀区,199.0,,,,40.115711,116.15443,True,False,False,199㎡,租金面议,,"('40.115711', '116.15443')"
bright,(出租)（直租）地铁口临街纯一层240平餐饮有燃气好停车,临街门面,来广营-地铁站-北京市朝阳区,240.0,59000.0,,8.194444444444445,40.025913,116.47349,True,True,True,240㎡,5.9万/月,8.2元/m/天（价格可面议）,"('40.025913', '116.47349')"
bright,(转让)德胜门商业街面包连锁蛋糕店转让客流密集位置好,临街门面,TOUSlesJOURS多乐之日(新风里店),101.2,36000.0,35.0,35.0,39.967792,116.381939,True,True,True,101.2㎡,3.6万/月,转让费：35万元,"('39.967792', '116.381939')"
bright,(出租)直租通州区临主路招汽车销售维修餐饮公寓足疗台球可分租,临街门面,通州-通州周边永顺徐伊路,952.0,28600.0,1.0,1.0,39.991683,116.684105,True,True,True,952㎡,2.86万/月,1元/m/天,"('39.991683', '116.684105')"
bright,(出租)无中介费甲方直租新开项目各种业态齐全教培服装餐饮均可,社区底商,晏河湾5号院,50.0,,,,,,False,False,False,50㎡,租金面议,, 
bright,(出租)本公司直租朝阳八里庄红庙一层400平可分租可餐饮经营不限,临街门面,拾来运转一锅鲜(延静里店)-北京市朝阳区,400.0,120000.0,,10.0,39.928068,116.491402,True,True,True,400㎡,12万/月,10元/m/天（价格可面议）,"('39.928068', '116.491402')"
bright,(出租)朝阳八里庄十里堡80平适合可餐饮证照齐全经营行业不限,临街门面,二哥烤串(十里堡店)-北京市朝阳区,80.0,21100.0,,8.791666666666666,39.926171,116.507991,True,True,True,80㎡,2.11万/月,8.8元/m/天（价格可面议）,"('39.926171', '116.507991')"
bright,(出租)回龙观龙腾苑二区临街商铺出租420平可租无其他费用,临街门面,龙腾苑-二区,210.0,22000.0,3.49,3.49,40.083172,116.343681,True,True,True,210㎡,2.2万/月,3.49元/m/天,"('40.083172', '116.343681')"
bright,(出租)物业直租桥朝阳路辅路华龙美树底商商业房本可餐饮可医疗业态不限,社区底商,朝阳-管庄建国路15号,285.0,23100.0,2.7,2.7,39.917944,116.587111,True,True,True,285㎡,2.31万/月,2.7元/m/天,"('39.917944', '116.587111')"
bright,(出租)中关村东路临街一层75平开间格局商圈成熟可餐饮业态不限,临街门面,海淀-五道口中关村东路辅路,75.0,30000.0,13.33,13.33,39.987291,116.340171,True,True,True,75㎡,3万/月,13.33元/m/天,"('39.987291', '116.340171')"
bright,(出租)翠微十字路口把角底商，租金便宜，除餐饮全业态招租，商场边上！,社区底商,海淀-恩济里玉渊潭南路,65.0,,,,39.936351,116.291241,True,False,False,65㎡,租金面议,,"('39.936351', '116.291241')"
bright,(出租)新出复地金融中心商铺出租适合公寓配套齐全接手直接做,写字楼配套,通州-新华大街赵登禹大街59号,23555.0,1413300.0000000002,2.0,2.0,39.912335,116.689175,True,True,True,23555㎡,141.33万/月,2元/m/天,"('39.912335', '116.689175')"
bright,(出租)邻三环900平米适合办公会所餐饮茶楼娱乐,临街门面,苏皖大厦,900.0,94500.0,3.5,3.5,39.852427,116.344356,True,True,True,900㎡,9.45万/月,3.5元/m/天,"('39.852427', '116.344356')"
bright,(出租)三元桥新源里200平直租大门头展示面各类餐饮,商业街店铺,朝阳-燕莎新源街,200.0,58300.0,,9.716666666666667,39.956877,116.461924,True,True,True,200㎡,5.83万/月,9.72元/m/天（价格可面议）,"('39.956877', '116.461924')"
bright,(出租)直租西便门临街一层220平米有燃气可餐饮,商业街店铺,西城-西便门西便门东内大街,220.0,59400.00000000001,9.0,9.0,39.905802,116.359415,True,True,True,220㎡,5.94万/月,9元/m/天,"('39.905802', '116.359415')"
bright,(出租)直租西便门一层400平米有燃气手续齐全可餐饮,商业街店铺,西城-天宁寺西便门内大街,400.0,108000.0,9.0,9.0,39.901176,116.358126,True,True,True,400㎡,10.8万/月,9元/m/天,"('39.901176', '116.358126')"
bright,(出租)海淀上地信息路2000平米适合大型餐饮大小可分,商业街店铺,海淀-安宁庄信息路,2000.0,360000.0,,6.0,40.037794,116.318695,True,True,True,2000㎡,36万/月,6元/m/天（价格可面议）,"('40.037794', '116.318695')"
bright,(出租)安慧北里逸园28号楼临街底商旺铺直租,临街门面,安慧北里逸园南区-28号楼,316.0,105000.0,11.08,11.08,40.005405,116.419745,True,True,True,316㎡,10.5万/月,11.08元/m/天,"('40.005405', '116.419745')"
bright,(出租)110平餐饮写字楼地铁底商！后一间,商业街店铺,昌平-立水桥立汤路175号,110.0,,,,40.070293,116.418423,True,False,False,110㎡,租金面议,,"('40.070293', '116.418423')"
bright,(出租)长椿街西便门130平格局方正餐饮少北京小吃包子等,商业街店铺,西城-长椿街宣武门西大街,130.0,40000.0,,10.256410256410257,39.902297,116.369294,True,True,True,130㎡,4万/月,10.26元/m/天（价格可面议）,"('39.902297', '116.369294')"
bright,(出租)惠新东街对外经贸大学门口300平超大展示面各类餐饮,商业街店铺,朝阳-小关惠新东街,300.0,100000.0,,11.11111111111111,39.986456,116.430401,True,True,True,300㎡,10万/月,11.11元/m/天（价格可面议）,"('39.986456', '116.430401')"
bright,(出租)丰台和义久敬家园临街商铺适合短租医疗器械优先,临街门面,丰台-和义久敬庄路,100.0,3333.0,,1.111,39.827745,116.414765,True,True,True,100㎡,3333元/月,1.11元/m/天（价格可面议）,"('39.827745', '116.414765')"
bright,(出租)黄村恒大未来城两层140㎡出租，成熟社区全业态，近地铁,商业街店铺,恒大未来城,140.0,8999.0,2.14,2.14,39.720345,116.320946,True,True,True,140㎡,8999元/月,2.14元/m/天,"('39.720345', '116.320946')"
bright,(出租)丰台白盆窑地铁站临街商铺出租直租价格面议有燃气,临街门面,丰台-科技园区六圈路,195.0,26000.0,,4.444444444444445,39.825549,116.321398,True,True,True,195㎡,2.6万/月,4.44元/m/天（价格可面议）,"('39.825549', '116.321398')"
bright,(出租)物业直租丨西南三环地铁丨商业街招商50平.招餐饮美容美发,临街门面,花乡青旅科创园-南门-北京市丰台区,50.0,13500.0,,9.0,39.846382,116.338886,True,True,True,50㎡,1.35万/月,9元/m/天（价格可面议）,"('39.846382', '116.338886')"
bright,(出租)有餐饮方庄临街一层300平可餐饮明火可外摆,临街门面,丰台-方庄蒲方路,300.0,72000.0,,8.0,39.871825,116.442654,True,True,True,300㎡,7.2万/月,8元/m/天（价格可面议）,"('39.871825', '116.442654')"
bright,(出租)直租海淀南路医院旁临街一层200平可餐饮明火12米门,临街门面,海淀-苏州街海淀中街,200.0,57000.0,,9.5,39.982204,116.317758,True,True,True,200㎡,5.7万/月,9.5元/m/天（价格可面议）,"('39.982204', '116.317758')"
bright,(出租)朝阳王四营人民日报印刷厂内1100平米餐厅档口招租,档口摊位,人民日报印刷厂,25.0,5000.0,6.67,6.67,39.866413,116.551483,True,True,True,25㎡,5000元/月,6.67元/m/天,"('39.866413', '116.551483')"
bright,(出租)有餐饮回龙观临街一层350平可餐饮明火门头12米,临街门面,昌平-回龙观回龙观东大街318号,350.0,59900.0,,5.704761904761905,40.085882,116.361986,True,True,True,350㎡,5.99万/月,5.7元/m/天（价格可面议）,"('40.085882', '116.361986')"
bright,(出租)丽都餐饮街区，纯一层350平，适合火锅，烧烤，中西餐，宴请类,商业街店铺,朝阳-将台路将台路6号,350.0,,,,39.982864,116.485051,True,False,False,350㎡,租金面议,,"('39.982864', '116.485051')"
bright,(出租)凤仪佳苑临街底商有上下水全业态招商免餐饮,社区底商,凤仪佳苑一里-北京市海淀区,159.44,,,,40.113365,116.146783,True,False,False,159.44㎡,租金面议,,"('40.113365', '116.146783')"
bright,(出租)二环地铁商业街底商商业立项手续齐全餐饮美食城1700m,商业街店铺,东城-朝阳门南竹杆胡同2号,1731.0,,,,39.92759,116.43926,True,False,False,1731㎡,租金面议,,"('39.92759', '116.43926')"
bright,(转让)朝阳北京200平餐厅转让，出租早点,社区底商,铭泽生活广场,200.0,30000.0,15.0,15.0,39.869836,116.48346,True,True,True,200㎡,3万/月,转让费：15万元,"('39.869836', '116.48346')"
bright,(出租)海淀苏家坨商业综合体全业态餐饮超市便利店糕点等,商业街店铺,凤仪佳苑-北京市海淀区,160.0,,,,40.107962,116.151079,True,False,False,160㎡,租金面议,,"('40.107962', '116.151079')"
bright,(出租)西三旗万象汇临街底商，适合养生，中医，足疗，美容，瑜伽等！,商业街店铺,海淀-西三旗建材城中路,346.0,,,,40.070876,116.373261,True,False,False,346㎡,租金面议,,"('40.070876', '116.373261')"
bright,(出租)六里桥附近高端小区商街地下一层有直梯扶梯全业态超市,临街门面,丰台-六里桥莲怡园东路,80.0,7200.0,,3.0,39.890582,116.311165,True,True,True,80㎡,7200元/月,3元/m/天（费用可面议）,"('39.890582', '116.311165')"
bright,(出租)常营一层1039平出租开间可超市健身儿童娱乐培训,商业街店铺,朝阳-常营常营北路,1039.58,93600.0,,3.001212027934358,39.935541,116.599347,True,True,True,1039.58㎡,9.36万/月,3元/m/天（费用可面议）,"('39.935541', '116.599347')"
bright,(转让)地铁积水潭站附近临街底商旺铺转让,临街门面,小炊谣,110.0,45900.0,15.0,15.0,39.957642,116.378567,True,True,True,110㎡,4.59万/月,转让费：15万元,"('39.957642', '116.378567')"
bright,(出租)北京核心景区南锣鼓巷c位商铺招租,商业街店铺,南锣鼓巷,400.0,200000.0,16.67,16.67,39.943562,116.408878,True,True,True,400㎡,20万/月,16.67元/m/天,"('39.943562', '116.408878')"
bright,(出租)海淀上地科实大厦底商商铺房东直租,写字楼配套,科实大厦,600.0,144000.0,8.0,8.0,40.040731,116.318389,True,True,True,600㎡,14.4万/月,8元/m/天,"('40.040731', '116.318389')"
bright,(出租)朝外大街日坛晶华8号楼底商临街门面房东直租除重餐饮外行业不限,社区底商,日坛晶华-8号楼,173.45,39000.0,7.49,7.49,39.926518,116.450761,True,True,True,173.45㎡,3.9万/月,7.49元/m/天,"('39.926518', '116.450761')"
bright,(出租)海淀五道口农业大学100-300平直租无转让费可餐饮！,临街门面,清华东路15号,105.97,26000.0,8.18,8.18,40.007289,116.366487,True,True,True,105.97㎡,2.6万/月,8.18元/m/天,"('40.007289', '116.366487')"
bright,(出租)石景山古城路步行街核心铺招租！近商场社区，人流量大,商业街店铺,古城南路步行街,140.0,,,,39.916957,116.198351,True,False,False,140㎡,租金面议,（价格可面议）,"('39.916957', '116.198351')"
bright,(转让)石景山八角西街280平精装涮肉店转租，5年租期人流量大,临街门面,八角西街,280.0,58800.0,,7.0,39.920335,116.205284,True,True,True,280㎡,5.88万/月,转让费：面议（转让费可面议）,"('39.920335', '116.205284')"
bright,(出租)奥林匹克公园临街铺面70-300平出租，12元/㎡含物业费,商业街店铺,北京工艺美术博物馆(文创店),80.0,29000.0,12.08,12.08,40.00572,116.400322,True,True,True,80㎡,2.9万/月,12.08元/m/天,"('40.00572', '116.400322')"
bright,(出租)旭景园1万平招租全业态制可仓储，配套手续齐全，整租可分租,临街门面,旭景园·精致生活广场,10000.0,,,,39.945537,116.703494,True,False,False,10000㎡,租金面议,（价格可面议）,"('39.945537', '116.703494')"
bright,(转让)蓝堡公寓饭店整体转600平精装含KTV，近华贸高客流价格可谈,商业街店铺,蓝堡国际公寓-南区,600.0,60000.0,80.0,80.0,39.916652,116.48313,True,True,True,600㎡,6万/月,转让费：80万元,"('39.916652', '116.48313')"
bright,(出租)（0转让费）朝阳欢乐谷附近Ⅰ临街流量社区底商旺铺整体出租,社区底商,PETLADY宠娘宠物生活馆(格林莱雅店),80.0,19000.0,7.92,7.92,39.873411,116.513574,True,True,True,80㎡,1.9万/月,7.92元/m/天,"('39.873411', '116.513574')"
bright,(出租)双井桥地铁D口附近临街社区底商人流量大旺铺出租位置优越,临街门面,优士阁-B座,87.0,22000.0,8.43,8.43,39.898418,116.466159,True,True,True,87㎡,2.2万/月,8.43元/m/天,"('39.898418', '116.466159')"
bright,(转让)朝阳北花园1号院一层店转租，设备全临主路,临街门面,中国传媒大学,130.0,32500.0,18.0,18.0,39.917551,116.563634,True,True,True,130㎡,3.25万/月,转让费：18万元,"('39.917551', '116.563634')"
bright,(出租)亦庄同济南路10㎡临街档口酒店公寓旁，白领多做早餐小吃奶茶佳,临街门面,同济南路,10.0,,,,39.779083,116.546239,True,False,False,10㎡,租金面议,（价格可面议）,"('39.779083', '116.546239')"
bright,(出租)新街口积水潭小西天临街商铺房东直租、周边客流大(除餐饮外),临街门面,新街口外大街29号,40.0,30000.0,25.0,25.0,39.958119,116.377868,True,True,True,40㎡,3万/月,25元/m/天,"('39.958119', '116.377868')"
bright,(出租)房东直租可线上超市台球轰趴足疗简餐中央厨房仓储,社区底商,百子湾东里,420.0,,,,39.905263,116.511316,True,False,False,420㎡,租金面议,（价格可面议）,"('39.905263', '116.511316')"
bright,(转让)石景山台湾街核心铺！一层方正新装修，临街旺区营业中,商业街店铺,北京台湾街-C区,168.0,60000.0,,11.904761904761905,39.909978,116.245326,True,True,True,168㎡,6万/月,转让费：面议（转让费可面议）,"('39.909978', '116.245326')"
bright,(转让)朝阳亚运村Ⅰ临街社区流量底商旺铺整体转让人流量大位置明显,临街门面,安慧里(三区)-4号楼,100.0,21700.0,,7.233333333333333,39.998277,116.416682,True,True,True,100㎡,2.17万/月,转让费：面议（转让费可面议）,"('39.998277', '116.416682')"
bright,(转让)朝阳区双井Ⅰ社区临街流量旺铺底商整体转让！,临街门面,鲜品汇生鲜超市(百环家园店),1050.0,,,,39.894717,116.473363,True,False,False,1050㎡,租金面议,转让费：面议（费用可面议）,"('39.894717', '116.473363')"
bright,(转让)通州梨园Ⅰ环球影城旁酒店流量底商旺铺整体转让,临街门面,须玖日式便当店(环球影城店),60.0,12000.0,10.0,10.0,39.87019,116.672668,True,True,True,60㎡,1.2万/月,转让费：10万元,"('39.87019', '116.672668')"
bright,(出租)丰台花乡Ⅰ临街社区底商出租|餐饮修脚生鲜行业不限充足客源,临街门面,诺德逸府,110.0,15000.0,4.55,4.55,39.81904,116.32086,True,True,True,110㎡,1.5万/月,4.55元/m/天,"('39.81904', '116.32086')"
bright,(出租)工体东路中国红街临街底商出租，120平带燃气可餐饮行业不限,商业街店铺,工人体育场东路,86.16,53000.0,20.5,20.5,39.929387,116.457008,True,True,True,86.16㎡,5.3万/月,20.5元/m/天,"('39.929387', '116.457008')"
bright,(出租)昌平鼓楼东街32号一层临街旺铺客流大可租可售不可餐饮,临街门面,昌平二街社区养老服务驿站,218.0,29000.0,4.43,4.43,40.230012,116.243588,True,True,True,218㎡,2.9万/月,4.43元/m/天,"('40.230012', '116.243588')"
bright,(出租)朝阳黄渠地铁站旁商业铺招商，650平可分租，业态不限！,临街门面,地铁黄渠站,650.0,,,,39.930915,116.583279,True,False,False,650㎡,租金面议,（价格可面议）,"('39.930915', '116.583279')"
bright,(出租)房东直租美食城档口火热招租！昌平朝阳交界天通苑北苑立水桥核心,档口摊位,上善食客通星厨,15.0,3000.0,6.67,6.67,40.060864,116.418669,True,True,True,15㎡,3000元/月,6.67元/m/天,"('40.060864', '116.418669')"
bright,(出租)亦庄临街一层100平26万年丨有燃气宽门脸丨餐饮街,商业街店铺,大兴-亦庄亦庄天宝中街,100.0,21700.0,,7.233333333333333,39.799138,116.498642,True,True,True,100㎡,2.17万/月,7.22元/m/天（价格可面议）,"('39.799138', '116.498642')"
bright,(出租)朝阳望京中心临街底商招租，面宽15米，适合餐饮,临街门面,朝阳-望京望京街,240.0,65000.0,9.03,9.03,40.006344,116.479727,True,True,True,240㎡,6.5万/月,9.03元/m/天,"('40.006344', '116.479727')"
bright,(出租)健德门！餐饮业态，火锅，日料，烫肉米粉，烧烤，东北菜，羊蝎子,商业街店铺,朝阳-健翔桥详细地址请咨询,97.0,45000.0,,15.463917525773196,39.985991,116.388267,True,True,True,97㎡,4.5万/月,15.46元/m/天（费用可面议）,"('39.985991', '116.388267')"
bright,(出租)直租望京麒麟社临街一层商业600平带外摆餐饮医疗展厅等,临街门面,朝阳-望京阜通西大街,500.0,105000.0,,7.0,40.003894,116.483603,True,True,True,500㎡,10.5万/月,7元/m/天（价格可面议）,"('40.003894', '116.483603')"
bright,(出租)呼家楼地铁口10展示面130平餐饮咖啡展厅不限业,临街门面,朝阳-国贸东三环北路,230.0,54500.0,7.9,7.9,39.926562,116.468365,True,True,True,230㎡,5.45万/月,7.9元/m/天,"('39.926562', '116.468365')"
bright,(出租)三里屯临街230平米餐饮装修适合酒吧剧场餐饮核心位置,商业街店铺,朝阳-三里屯工人体育场北路,230.0,,,,39.937492,116.460034,True,False,False,230㎡,租金面议,,"('39.937492', '116.460034')"
bright,(出租)世纪金源购物中心五楼餐饮街区新出40平餐饮小吃位置,购物百货中心,海淀-世纪城远大路1号,40.0,,,,39.9650367,116.2943251,True,False,False,40㎡,租金面议,,"('39.9650367', '116.2943251')"
bright,(出租)写字楼餐饮底商招租，无转让费可注册随时看房,写字楼配套,昌平-回龙观详细地址请咨询,70.0,,,,40.072562,116.353912,True,False,False,70㎡,租金面议,,"('40.072562', '116.353912')"
bright,(出租)朝阳路传媒大学500台球厅招台球培训办公餐饮类品牌,商业街店铺,朝阳-定福庄定福庄北街,500.0,,,,39.922541,116.560349,True,False,False,500㎡,租金面议,,"('39.922541', '116.560349')"
bright,(出租)北清路，温阳路地铁，独栋，餐饮状态，820平，产权方直租,临街门面,海淀-海淀周边北清路,920.0,,,,40.074892,116.167825,True,False,False,920㎡,租金面议,,"('40.074892', '116.167825')"
bright,(出租)路口临街带排烟可餐饮打通70平面馆快餐不限业态！,商业街店铺,朝阳-CBD东三环中路,70.0,25000.0,,11.904761904761905,39.911192,116.467993,True,True,True,70㎡,2.5万/月,11.9元/m/天（价格可面议）,"('39.911192', '116.467993')"
bright,(出租)可餐饮，马驹桥老城区，一拖二，适合快餐，美容，美发，社区团购,商业街店铺,通州-马驹桥详细地址请咨询,168.0,8300.0,,1.6468253968253967,39.777705,116.594391,True,True,True,168㎡,8300元/月,1.65元/m/天（价格可面议）,"('39.777705', '116.594391')"
bright,(出租)亦庄商业区社区口丨临街400平50万年框架结构按摩足疗餐饮,商业街店铺,大兴-亦庄北环西路,400.0,41700.0,,3.475,39.810979,116.503952,True,True,True,400㎡,4.17万/月,3.47元/m/天（价格可面议）,"('39.810979', '116.503952')"
bright,(出租)东三环双井，租金5元！270平低于周边市场价有餐饮,临街门面,朝阳-双井双井富力城天力街,250.0,37500.0,,5.0,39.902937,116.463804,True,True,True,250㎡,3.75万/月,5元/m/天（价格可面议）,"('39.902937', '116.463804')"
bright,(出租)科学院南路！365天不愁生意的门店！有燃气！招品牌餐饮小吃等,社区底商,海淀-双榆树详细地址请咨询,180.0,55000.0,,10.185185185185185,39.975243,116.333959,True,True,True,180㎡,5.5万/月,10.19元/m/天（费用可面议）,"('39.975243', '116.333959')"
bright,(出租)饭店转让地铁口600平招餐饮台球健身网吧,社区底商,朝阳-定福庄朝阳北路,600.0,,,,39.930669,116.574219,True,False,False,600㎡,租金面议,,"('39.930669', '116.574219')"
bright,(出租)200平商业可餐饮底商，能分组，有燃气随时看房,临街门面,昌平-天通苑详细地址请咨询,200.0,,,,40.08249,116.3234,True,False,False,200㎡,租金面议,,"('40.08249', '116.3234')"
bright,(出租)牡丹园一层550平商业产权可以医疗餐饮可分租,临街门面,海淀-牡丹园花园北路,550.0,135300.0,,8.2,39.987766,116.374009,True,True,True,550㎡,13.53万/月,8.2元/m/天（价格可面议）,"('39.987766', '116.374009')"
bright,(出租)前门大街主街大栅栏商业独栋1215平可餐饮文创国潮等,商业街店铺,西城-西单大栅栏商业街,1215.0,291600.0,,8.0,39.90227,116.402279,True,True,True,1215㎡,29.16万/月,8元/m/天（价格可面议）,"('39.90227', '116.402279')"
bright,(出租)大兴高米店纯一层210平全业态招湘菜快餐品牌等餐饮,临街门面,泰中花园-北京市大兴区,210.0,31500.0,5.0,5.0,39.766944,116.353119,True,True,True,210㎡,3.15万/月,5元/m/天,"('39.766944', '116.353119')"
bright,(出租)直租亦庄十字路口50平适合餐饮羊汤咖啡饮品美容修脚,临街门面,大兴-亦庄详细地址请咨询,50.0,12000.0,,8.0,39.795259,116.607872,True,True,True,50㎡,1.2万/月,8元/m/天（价格可面议）,"('39.795259', '116.607872')"
bright,(出租)十字路口17米展示面燃气烟道齐全招品牌特色餐饮路边可停车新上,临街门面,朝阳-百子湾广渠东路33号,110.0,25000.0,,7.575757575757576,39.903576,116.511555,True,True,True,110㎡,2.5万/月,7.58元/m/天（价格可面议）,"('39.903576', '116.511555')"
bright,(出租)海淀新区品牌餐饮文体休闲娱乐健身零售网吧KTV,购物百货中心,海淀-苏家坨详细地址请咨询,550.0,,,,40.114674,116.145572,True,False,False,550㎡,租金面议,,"('40.114674', '116.145572')"
bright,(出租)团结湖地铁0距离140平直租，7米大展示面落地窗餐饮精装,临街门面,朝阳-团结湖朝阳北路,150.0,40500.0,,9.0,39.929359,116.469547,True,True,True,150㎡,4.05万/月,9元/m/天（价格可面议）,"('39.929359', '116.469547')"
bright,(出租)物业直租丨可做餐饮丨管庄丨常营丨业态不限丨,临街门面,朝阳-管庄东十里堡路,127.26,,,,39.920612,116.611847,True,False,False,127.26㎡,租金面议,,"('39.920612', '116.611847')"
bright,(出租)直租青年大悦城华纺新天地临街一层商业240平品牌餐饮一条街,临街门面,朝阳-朝青板块姚家园南路,240.0,64800.00000000001,,9.000000000000002,39.937803,116.522026,True,True,True,240㎡,6.48万/月,9元/m/天（价格可面议）,"('39.937803', '116.522026')"
bright,(出租)万达一层57平1.2万可餐饮日流水3000随时可看,商业街店铺,通州-通州北苑新华西街58号,57.0,12000.0,7.02,7.02,39.9114789,116.6471654,True,True,True,57㎡,1.2万/月,7.02元/m/天,"('39.9114789', '116.6471654')"
bright,(出租)海淀西小口地铁东升科技园200平米招租各类品牌餐饮,写字楼配套,中关村东升科技园-北京市海淀区,200.0,24000.0,4.0,4.0,40.050379,116.364842,True,True,True,200㎡,2.4万/月,4元/m/天,"('40.050379', '116.364842')"
bright,(出租)朝阳5千户临街铺人流大招餐饮文具小笼包艾灸美容美甲推拿,商业街店铺,朝阳-常营详细地址请咨询,60.0,,,,39.933576,116.61018,True,False,False,60㎡,租金面议,,"('39.933576', '116.61018')"
bright,(出租)西城天桥成熟商圈富力摩根300平，餐饮茶楼酒吧全业态,临街门面,西城-陶然亭太平街6号,300.0,80000.0,,8.88888888888889,39.886639,116.394728,True,True,True,300㎡,8万/月,8.89元/m/天（价格可面议）,"('39.886639', '116.394728')"
bright,(出租)百子湾大郊亭临街纯一层150平有燃气餐饮商铺直租,商业街店铺,朝阳-百子湾大郊亭中街,180.0,53000.0,9.81,9.81,39.894493,116.492805,True,True,True,180㎡,5.3万/月,9.81元/m/天,"('39.894493', '116.492805')"
bright,(出租)海淀北三环新出独栋餐饮商铺，赠内外小院，精装修，随时看,写字楼配套,海淀-蓟门桥北三环西路甲18号,750.0,157500.0,,7.0,39.972572,116.347322,True,True,True,750㎡,15.75万/月,7元/m/天（费用可面议）,"('39.972572', '116.347322')"
bright,(出租)望京繁华地段十字路口餐饮商铺，精装修电梯直达,临街门面,朝阳-望京南湖北路,600.0,54000.0,3.0,3.0,40.005066,116.469259,True,True,True,600㎡,5.4万/月,3元/m/天,"('40.005066', '116.469259')"
bright,(出租)朝阳区一层临街商铺地铁站100米传媒大学两公里可餐饮,社区底商,朝阳-定福庄详细地址请咨询,111.79,13400.0,,3.9955869636520855,39.917299,116.567632,True,True,True,111.79㎡,1.34万/月,4元/m/天（价格可面议）,"('39.917299', '116.567632')"
bright,(出租)商铺出租甲方直租无中介费不限业态除餐饮,社区底商,金驹家园-D区,150.0,,,,,,False,False,False,150㎡,租金面议,, 
bright,(出租)双井临街可餐饮商铺出租门口有停车位可医疗中医办公餐饮不限制,商业街店铺,朝阳-双井双井富力城天力街,450.0,72000.0,,5.333333333333333,39.902937,116.463804,True,True,True,450㎡,7.2万/月,5.33元/m/天（价格可面议）,"('39.902937', '116.463804')"
bright,(出租)丰台万达广场临街底商餐饮商铺转让,写字楼配套,丰台-丰台周边丰科路,167.0,32599.999999999996,,6.506986027944111,39.830222,116.305551,True,True,True,167㎡,3.26万/月,6.5元/m/天（价格可面议）,"('39.830222', '116.305551')"
bright,(出租)一层临街商铺出租15平适合办公柜台销售，除餐饮超市,社区底商,朝阳-三元桥霄云路,20.0,,,,39.963614,116.466538,True,False,False,20㎡,租金面议,,"('39.963614', '116.466538')"
bright,(出租)直租国贸下沉花园餐饮商铺有燃气有排烟尚都SOHO,商业街店铺,朝阳-东大桥东大桥路8号,350.0,45000.0,,4.285714285714286,39.9242471,116.4592123,True,True,True,350㎡,4.5万/月,4.29元/m/天（价格可面议）,"('39.9242471', '116.4592123')"
bright,(出租)地铁口121平餐饮商铺出租招租超市美容美发水吧咖啡,商业街店铺,朱辛庄-地铁站-北京市昌平区,121.0,34500.0,,9.50413223140496,40.11033,116.320088,True,True,True,121㎡,3.45万/月,9.5元/m/天（价格可面议）,"('40.11033', '116.320088')"
bright,(出租)新出汽修商铺大展示面框架结构接手可营业除餐饮都可做,社区底商,朝阳-定福庄朝阳北路,558.86,,,,39.925998,116.578252,True,False,False,558.86㎡,租金面议,,"('39.925998', '116.578252')"
bright,(出租)新出！四道口商铺出租。适合麻辣烫，黄焖鸡肉饼等各类餐饮。,临街门面,海淀-交通大学详细地址请咨询,50.0,20800.0,,13.866666666666667,39.969363,116.347855,True,True,True,50㎡,2.08万/月,13.89元/m/天（费用可面议）,"('39.969363', '116.347855')"
bright,(出租)东坝成熟社区餐饮办公临街商铺烧烤自助川湘菜水饺培训,社区底商,朝阳-东坝东坝南二街,295.66,,,,39.965964,116.574402,True,False,False,295.66㎡,租金面议,,"('39.965964', '116.574402')"
bright,(出租)海淀黄庄苏州街中关村餐饮商铺出租面积400-500可分租,社区底商,海淀-苏州桥详细地址请咨询,530.0,79500.0,,5.0,39.981517,116.322611,True,True,True,530㎡,7.95万/月,5元/m/天（价格可面议）,"('39.981517', '116.322611')"
bright,(出租)新出三里屯SOHO临街小面积餐饮商铺业态不限,商业街店铺,朝阳-朝外大街工体北路8号,120.0,20000.0,5.56,5.56,39.938112,116.460068,True,True,True,120㎡,2万/月,5.56元/m/天,"('39.938112', '116.460068')"
bright,(出租)石景山古城临街餐饮商铺适合刀削面板面快餐川湘菜烤鱼砂锅,临街门面,石景山-古城古城北路,176.0,31700.0,6.0,6.0,39.923838,116.196937,True,True,True,176㎡,3.17万/月,6元/m/天,"('39.923838', '116.196937')"
bright,(出租)东城朝阳门热门商铺招租，超大展示面，人流量多适合各类餐饮小吃,临街门面,东城-龙潭湖详细地址请咨询,50.0,,,,39.925826,116.432852,True,False,False,50㎡,租金面议,,"('39.925826', '116.432852')"
bright,(出租)望京临街餐饮商铺出租十字路口可分租,商业街店铺,朝阳-花家地望京西路,1000.0,108000.0,3.6,3.6,40.004715,116.464527,True,True,True,1000㎡,10.8万/月,3.6元/m/天,"('40.004715', '116.464527')"
bright,(出租)雍和宫火爆美食城档口直租外卖5000起堂食人流量大客源稳定,档口摊位,东城-雍和宫详细地址请咨询,20.0,6000.0,,10.0,,,False,True,True,20㎡,6000元/月,10元/m/天（价格可面议）, 
bright,(出租)临湖独栋旺铺，临故宫北院，占地30亩，大小均有，招租业态不限,临街门面,海淀-西三旗清河中街68号,860.0,41300.0,,1.6007751937984496,40.0357473,116.3408762,True,True,True,860㎡,4.13万/月,1.6元/m/天（价格可面议）,"('40.0357473', '116.3408762')"
bright,(出租)西三环高档社区底商地下一层招大型超市赠500平库房,商业街店铺,丰台-丽泽桥西局后街,901.0,81100.0,,3.0003699593044764,39.880944,116.316327,True,True,True,901㎡,8.11万/月,3元/m/天（价格可面议）,"('39.880944', '116.316327')"
bright,(出租)朝阳区朝丰家园临街底商火锅,社区底商,朝阳-豆各庄郎辛庄西路,170.0,28000.0,5.49,5.49,,,False,True,True,170㎡,2.8万/月,5.49元/m/天, 
bright,(转让)朝外SOHO154平餐饮店转让，固定客源+高流量，白领消费高,商业街店铺,朝外SOHO,154.0,18000.0,28.0,28.0,39.925733,116.461265,True,True,True,154㎡,1.8万/月,转让费：28万元,"('39.925733', '116.461265')"
bright,(出租)朝阳区豆各庄青荷里精装出租710平380平330平,社区底商,朝阳-豆各庄天达路,710.0,55400.0,2.6,2.6,,,False,True,True,710㎡,5.54万/月,2.6元/m/天, 
bright,(出租)朝阳区豆各庄朝丰家园临街底商可分租,社区底商,朝阳-豆各庄郎辛庄西路,1750.0,199500.0,3.8,3.8,,,False,True,True,1750㎡,19.95万/月,3.8元/m/天, 
bright,"(出租)北京站附近新项目招租3300平招公寓项目,公寓,公寓,公寓",临街门面,东城-北京站家湾胡同甲13号,3300.0,227700.0,2.3,2.3,39.90951,116.43354,True,True,True,3300㎡,22.77万/月,2.3元/m/天,"('39.90951', '116.43354')"
bright,(出租)朝阳区华威桥松榆里280平米招租火锅烤肉烧烤等,临街门面,朝阳-松榆里详细地址请咨询,280.0,40000.0,,4.761904761904762,39.875346,116.474459,True,True,True,280㎡,4万/月,4.76元/m/天（价格可面议）,"('39.875346', '116.474459')"
bright,(出租)西城区阜内大街89号临街底商旺铺房东直租,临街门面,阜成门内大街-89,165.0,50000.0,10.1,10.1,39.930064,116.37678,True,True,True,165㎡,5万/月,10.1元/m/天,"('39.930064', '116.37678')"
bright,(出租)直租地铁口一层门头25米可分租江西菜铁锅炖火锅烤鸭烧烤医疗,商业街店铺,朝阳-安贞安定路,750.0,146300.0,,6.502222222222223,39.979271,116.413767,True,True,True,750㎡,14.63万/月,6.5元/m/天（价格可面议）,"('39.979271', '116.413767')"
bright,(出租)直租地铁口附近门头15米火锅烤鸭湘菜烧烤医疗展厅商业房,商业街店铺,东城-和平里和平里北街,426.0,76700.0,,6.001564945226917,39.965469,116.422576,True,True,True,426㎡,7.67万/月,6元/m/天（价格可面议）,"('39.965469', '116.422576')"
bright,(出租)新出良乡大学城77平带装修临街底商美容养生团购鲜花饮品,临街门面,房山-良乡南关西路,77.0,9000.0,,3.896103896103896,39.732651,116.143965,True,True,True,77㎡,9000元/月,3.9元/m/天（价格可面议）,"('39.732651', '116.143965')"
bright,(出租)传媒大学旁朝阳大悦城火爆堂食美食城档口人流量大京东外卖,档口摊位,详细地址请咨询,16.0,5000.0,,10.416666666666666,39.923795,116.535861,True,True,True,16㎡,5000元/月,10.42元/m/天（价格可面议）,"('39.923795', '116.535861')"
bright,(转让)德胜门商业街面包连锁蛋糕店转让客流密集位置好,临街门面,TOUSlesJOURS多乐之日(新风里店),101.2,36000.0,35.0,35.0,39.967792,116.381939,True,True,True,101.2㎡,3.6万/月,转让费：35万元,"('39.967792', '116.381939')"
bright,(出租)望京悠乐汇六佰本美食城外卖档口有燃气可外摆堂食适合早点盖饭面,档口摊位,详细地址请咨询,15.0,4500.0,,10.0,39.994721,116.483947,True,True,True,15㎡,4500元/月,10元/m/天（价格可面议）,"('39.994721', '116.483947')"
bright,(出租)金台路国贸慈云寺美食城外卖档口有燃气24小时营业,档口摊位,详细地址请咨询,16.0,5000.0,,10.416666666666666,39.929523,116.48831,True,True,True,16㎡,5000元/月,10.42元/m/天（价格可面议）,"('39.929523', '116.48831')"
bright,(出租)华清池。北派，郑远元，修脚优先选择铺子。超市傍边。,商业街店铺,朝阳-望京详细地址请咨询,100.0,25000.0,8.33,8.33,40.004369,116.479889,True,True,True,100㎡,2.5万/月,8.33元/m/天,"('40.004369', '116.479889')"
bright,(出租)8000元1个房间，可注册，美容美甲，推拿按摩，居住办公,临街门面,朝阳-望京阜通西大街,88.0,704000.0,266.67,266.67,40.003894,116.483603,True,True,True,88㎡,70.4万/月,266.67元/m/天,"('40.003894', '116.483603')"
bright,(出租)回龙观龙腾苑二区临街商铺出租420平可租无其他费用,临街门面,龙腾苑-二区,210.0,22000.0,3.49,3.49,40.083172,116.343681,True,True,True,210㎡,2.2万/月,3.49元/m/天,"('40.083172', '116.343681')"
bright,(出租)临街一层小区门口55平大开间有装修中医推拿团购美发,其他,朝阳-东坝东坝南二街,55.0,,,,39.965964,116.574402,True,False,False,55㎡,租金面议,,"('39.965964', '116.574402')"
bright,(出租)鼓楼独门独院带外摆100平适菜烤串火锅烤鱼西餐酒馆全业态,临街门面,东城-交道口鼓楼东大街,100.0,30000.0,,10.0,39.946916,116.403168,True,True,True,100㎡,3万/月,10元/m/天（价格可面议）,"('39.946916', '116.403168')"
bright,(出租)朝阳，劲松，潘家园临街店适合熟食，鸭货等业态不限抓紧时间联系,社区底商,朝阳-劲松详细地址请咨询,30.0,17000.0,,18.88888888888889,39.888924,116.455289,True,True,True,30㎡,1.7万/月,18.89元/m/天（价格可面议）,"('39.888924', '116.455289')"
bright,(出租)珠江国际城，友谊医院斜对面，整栋楼三层半出租,社区底商,通州-潞城潞苑五街,313.0,20000.0,,2.1299254526091587,39.937072,116.686175,True,True,True,313㎡,2万/月,2.13元/m/天（价格可面议）,"('39.937072', '116.686175')"
bright,(出租)邻三环900平米适合办公会所餐饮茶楼娱乐,临街门面,苏皖大厦,900.0,94500.0,3.5,3.5,39.852427,116.344356,True,True,True,900㎡,9.45万/月,3.5元/m/天,"('39.852427', '116.344356')"
bright,(出租)国贸CBD长安街门头15米230迷露台火锅烧烤西餐医疗,商业街店铺,朝阳-CBD建国路100号,325.0,61400.0,,6.297435897435897,39.913471,116.474075,True,True,True,325㎡,6.14万/月,6.3元/m/天（价格可面议）,"('39.913471', '116.474075')"
bright,(转让)B238275燕郊干洗店转让,临街门面,化工大街-道路-廊坊市三河市,120.0,5833.0,,1.6202777777777777,40.003262,116.812377,True,True,True,120㎡,5833元/月,转让费：面议（转让费可面议）,"('40.003262', '116.812377')"
bright,(出租)新出双井国贸铺子可做美容美发按摩美甲等,商业街店铺,朝阳-双井详细地址请咨询,115.0,12000.0,3.48,3.48,39.900524,116.473442,True,True,True,115㎡,1.2万/月,3.48元/m/天,"('39.900524', '116.473442')"
bright,(出租)五道口二层145平有燃气适合烧烤烤肉墨西哥餐酒馆,临街门面,海淀-学院路王庄路,145.0,35000.0,,8.045977011494253,40.003625,116.346998,True,True,True,145㎡,3.5万/月,8.05元/m/天（价格可面议）,"('40.003625', '116.346998')"
bright,(出租)安慧北里逸园28号楼临街底商旺铺直租,临街门面,安慧北里逸园南区-28号楼,316.0,105000.0,11.08,11.08,40.005405,116.419745,True,True,True,316㎡,10.5万/月,11.08元/m/天,"('40.005405', '116.419745')"
bright,(出租)惠新东街临街一层300平有燃气适合烧烤火锅川湘菜,临街门面,朝阳-惠新里惠新东街,300.0,94500.0,,10.5,39.985146,116.431007,True,True,True,300㎡,9.45万/月,10.5元/m/天（价格可面议）,"('39.985146', '116.431007')"
bright,(出租)西二环阜成门月坛金融街一手直租2400平全业态,商业街店铺,西城-金融街月坛南街3,2400.0,432000.0,,6.0,39.919662,116.354245,True,True,True,2400㎡,43.2万/月,6元/m/天（价格可面议）,"('39.919662', '116.354245')"
bright,(出租)房东急租蒲黄榆地铁口300平米装修好的餐厅,临街门面,丰台-蒲黄榆蒲黄榆路,300.0,,,,39.871216,116.428354,True,False,False,300㎡,租金面议,,"('39.871216', '116.428354')"
bright,(出租)物业直租朝阳733平招会所办公公寓民宿直播,社区底商,朝阳-管庄朝阳北路,733.0,,,,39.931114,116.571908,True,False,False,733㎡,租金面议,,"('39.931114', '116.571908')"
bright,(出租)黄村恒大未来城两层140㎡出租，成熟社区全业态，近地铁,商业街店铺,恒大未来城,140.0,8999.0,2.14,2.14,39.720345,116.320946,True,True,True,140㎡,8999元/月,2.14元/m/天,"('39.720345', '116.320946')"
bright,(出租)北京西站商圈102平米旺铺，火车站居民地铁写字楼商场,其他,丰台-六里桥莲花池路,102.0,,,,39.900884,116.328116,True,False,False,102㎡,租金面议,,"('39.900884', '116.328116')"
bright,(出租)北京西站商圈57平米招商，火车站游客居民商场地铁口,其他,丰台-六里桥莲花池路,57.6,,,,39.900884,116.328116,True,False,False,57.6㎡,租金面议,,"('39.900884', '116.328116')"
bright,(出租)近地铁强力消费！亦庄林肯公园承接25万常驻客群的强力商圈,临街门面,大兴-亦庄亦庄荣华北路,100.0,24600.0,,8.2,39.810423,116.500192,True,True,True,100㎡,2.46万/月,8.21元/m/天（价格可面议）,"('39.810423', '116.500192')"
bright,(出租)北京西站商圈居民地铁火车站游客商场写字楼,其他,丰台-六里桥莲花池路,102.0,,,,,,False,False,False,102㎡,租金面议,, 
bright,(出租)朝阳王四营人民日报印刷厂内1100平米餐厅档口招租,档口摊位,人民日报印刷厂,25.0,5000.0,6.67,6.67,39.866413,116.551483,True,True,True,25㎡,5000元/月,6.67元/m/天,"('39.866413', '116.551483')"
bright,(出租)十里河招驴肉火烧，沙县，酸菜鱼，快餐，特色小吃,临街门面,详细地址请咨询,60.0,19600.0,10.9,10.9,39.872186,116.466616,True,True,True,60㎡,1.96万/月,10.9元/m/天,"('39.872186', '116.466616')"
bright,(出租)合生汇先出300平普拉提铺子先到先得,商业街店铺,朝阳-CBD详细地址请咨询,300.0,,,,39.899809,116.48683,True,False,False,300㎡,租金面议,,"('39.899809', '116.48683')"
bright,(出租)黄寺大街临街339平有燃气适合烤肉火锅烧烤烤鱼,临街门面,朝阳-安贞黄寺大街15号,339.0,91500.0,,8.997050147492626,39.969662,116.395317,True,True,True,339㎡,9.15万/月,9元/m/天（价格可面议）,"('39.969662', '116.395317')"
bright,(出租)酒店酒店朝阳区常营管临街独栋使用面积4000平米招酒店,社区底商,北京新天地-五期-北京市朝阳区,4000.0,264000.0,2.2,2.2,39.921439,116.613244,True,True,True,4000㎡,26.4万/月,2.2元/m/天,"('39.921439', '116.613244')"
bright,(转让)朝阳北京200平餐厅转让，出租早点,社区底商,铭泽生活广场,200.0,30000.0,15.0,15.0,39.869836,116.48346,True,True,True,200㎡,3万/月,转让费：15万元,"('39.869836', '116.48346')"
bright,(出租)酒店酒店朝阳区管庄常营使用面积4000平米酒店,社区底商,北京新天地-五期-北京市朝阳区,4000.0,264000.0,2.2,2.2,39.921439,116.613244,True,True,True,4000㎡,26.4万/月,2.2元/m/天,"('39.921439', '116.613244')"
bright,(出租)(北商)通州梨园临街旺铺业主直租,临街门面,云景东里-北京市通州区,160.0,30000.0,,6.25,39.886202,116.675213,True,True,True,160㎡,3万/月,6.25元/m/天（费用可面议）,"('39.886202', '116.675213')"
bright,(出租)美食城档口出租近经海路地铁站京东总部交通便利客流稳定,商业街店铺,大兴-亦庄东区经海三路109号,150.0,16500.0,3.67,3.67,39.788658,116.557911,True,True,True,150㎡,1.65万/月,3.67元/m/天,"('39.788658', '116.557911')"
bright,(出租)价海淀区，北清路，仓储库房，线上超市，适合，养生,社区底商,海淀-苏家坨后沙河路,160.0,,,,40.114674,116.145572,True,False,False,160㎡,租金面议,,"('40.114674', '116.145572')"
bright,(转让)地铁积水潭站附近临街底商旺铺转让,临街门面,小炊谣,110.0,45900.0,15.0,15.0,39.957642,116.378567,True,True,True,110㎡,4.59万/月,转让费：15万元,"('39.957642', '116.378567')"
bright,(出租)北京核心景区南锣鼓巷c位商铺招租,商业街店铺,南锣鼓巷,400.0,200000.0,16.67,16.67,39.943562,116.408878,True,True,True,400㎡,20万/月,16.67元/m/天,"('39.943562', '116.408878')"
bright,(出租)海淀上地科实大厦底商商铺房东直租,写字楼配套,科实大厦,600.0,144000.0,8.0,8.0,40.040731,116.318389,True,True,True,600㎡,14.4万/月,8元/m/天,"('40.040731', '116.318389')"
bright,(出租)朝外大街日坛晶华8号楼底商临街门面房东直租除重餐饮外行业不限,社区底商,日坛晶华-8号楼,173.45,39000.0,7.49,7.49,39.926518,116.450761,True,True,True,173.45㎡,3.9万/月,7.49元/m/天,"('39.926518', '116.450761')"
bright,(出租)海淀五道口农业大学100-300平直租无转让费可餐饮！,临街门面,清华东路15号,105.97,26000.0,8.18,8.18,40.007289,116.366487,True,True,True,105.97㎡,2.6万/月,8.18元/m/天,"('40.007289', '116.366487')"
bright,(出租)石景山古城路步行街核心铺招租！近商场社区，人流量大,商业街店铺,古城南路步行街,140.0,,,,39.916957,116.198351,True,False,False,140㎡,租金面议,（价格可面议）,"('39.916957', '116.198351')"
bright,(转让)石景山八角西街280平精装涮肉店转租，5年租期人流量大,临街门面,八角西街,280.0,58800.0,,7.0,39.920335,116.205284,True,True,True,280㎡,5.88万/月,转让费：面议（转让费可面议）,"('39.920335', '116.205284')"
bright,(出租)奥林匹克公园临街铺面70-300平出租，12元/㎡含物业费,商业街店铺,北京工艺美术博物馆(文创店),80.0,29000.0,12.08,12.08,40.00572,116.400322,True,True,True,80㎡,2.9万/月,12.08元/m/天,"('40.00572', '116.400322')"
bright,(出租)旭景园1万平招租全业态制可仓储，配套手续齐全，整租可分租,临街门面,旭景园·精致生活广场,10000.0,,,,39.945537,116.703494,True,False,False,10000㎡,租金面议,（价格可面议）,"('39.945537', '116.703494')"
bright,(转让)蓝堡公寓饭店整体转600平精装含KTV，近华贸高客流价格可谈,商业街店铺,蓝堡国际公寓-南区,600.0,60000.0,80.0,80.0,39.916652,116.48313,True,True,True,600㎡,6万/月,转让费：80万元,"('39.916652', '116.48313')"
bright,(出租)（0转让费）朝阳欢乐谷附近Ⅰ临街流量社区底商旺铺整体出租,社区底商,PETLADY宠娘宠物生活馆(格林莱雅店),80.0,19000.0,7.92,7.92,39.873411,116.513574,True,True,True,80㎡,1.9万/月,7.92元/m/天,"('39.873411', '116.513574')"
bright,(出租)双井桥地铁D口附近临街社区底商人流量大旺铺出租位置优越,临街门面,优士阁-B座,87.0,22000.0,8.43,8.43,39.898418,116.466159,True,True,True,87㎡,2.2万/月,8.43元/m/天,"('39.898418', '116.466159')"
bright,(转让)朝阳北花园1号院一层店转租，设备全临主路,临街门面,中国传媒大学,130.0,32500.0,18.0,18.0,39.917551,116.563634,True,True,True,130㎡,3.25万/月,转让费：18万元,"('39.917551', '116.563634')"
bright,(出租)亦庄同济南路10㎡临街档口酒店公寓旁，白领多做早餐小吃奶茶佳,临街门面,同济南路,10.0,,,,39.779083,116.546239,True,False,False,10㎡,租金面议,（价格可面议）,"('39.779083', '116.546239')"
bright,(出租)新街口积水潭小西天临街商铺房东直租、周边客流大(除餐饮外),临街门面,新街口外大街29号,40.0,30000.0,25.0,25.0,39.958119,116.377868,True,True,True,40㎡,3万/月,25元/m/天,"('39.958119', '116.377868')"
bright,(出租)房东直租可线上超市台球轰趴足疗简餐中央厨房仓储,社区底商,百子湾东里,420.0,,,,39.905263,116.511316,True,False,False,420㎡,租金面议,（价格可面议）,"('39.905263', '116.511316')"
bright,(转让)石景山台湾街核心铺！一层方正新装修，临街旺区营业中,商业街店铺,北京台湾街-C区,168.0,60000.0,,11.904761904761905,39.909978,116.245326,True,True,True,168㎡,6万/月,转让费：面议（转让费可面议）,"('39.909978', '116.245326')"
bright,(转让)朝阳亚运村Ⅰ临街社区流量底商旺铺整体转让人流量大位置明显,临街门面,安慧里(三区)-4号楼,100.0,21700.0,,7.233333333333333,39.998277,116.416682,True,True,True,100㎡,2.17万/月,转让费：面议（转让费可面议）,"('39.998277', '116.416682')"
bright,(转让)朝阳区双井Ⅰ社区临街流量旺铺底商整体转让！,临街门面,鲜品汇生鲜超市(百环家园店),1050.0,,,,39.894717,116.473363,True,False,False,1050㎡,租金面议,转让费：面议（费用可面议）,"('39.894717', '116.473363')"
bright,(转让)通州梨园Ⅰ环球影城旁酒店流量底商旺铺整体转让,临街门面,须玖日式便当店(环球影城店),60.0,12000.0,10.0,10.0,39.87019,116.672668,True,True,True,60㎡,1.2万/月,转让费：10万元,"('39.87019', '116.672668')"
bright,(出租)丰台花乡Ⅰ临街社区底商出租|餐饮修脚生鲜行业不限充足客源,临街门面,诺德逸府,110.0,15000.0,4.55,4.55,39.81904,116.32086,True,True,True,110㎡,1.5万/月,4.55元/m/天,"('39.81904', '116.32086')"
bright,(出租)工体东路中国红街临街底商出租，120平带燃气可餐饮行业不限,商业街店铺,工人体育场东路,86.16,53000.0,20.5,20.5,39.929387,116.457008,True,True,True,86.16㎡,5.3万/月,20.5元/m/天,"('39.929387', '116.457008')"
bright,(出租)昌平鼓楼东街32号一层临街旺铺客流大可租可售不可餐饮,临街门面,昌平二街社区养老服务驿站,218.0,29000.0,4.43,4.43,40.230012,116.243588,True,True,True,218㎡,2.9万/月,4.43元/m/天,"('40.230012', '116.243588')"
bright,(出租)朝阳黄渠地铁站旁商业铺招商，650平可分租，业态不限！,临街门面,地铁黄渠站,650.0,,,,39.930915,116.583279,True,False,False,650㎡,租金面议,（价格可面议）,"('39.930915', '116.583279')"
bright,(出租)房东直租美食城档口火热招租！昌平朝阳交界天通苑北苑立水桥核心,档口摊位,上善食客通星厨,15.0,3000.0,6.67,6.67,40.060864,116.418669,True,True,True,15㎡,3000元/月,6.67元/m/天,"('40.060864', '116.418669')"
bright,(出租)西城天桥成熟商圈富力摩根300平，餐饮茶楼酒吧全业态,临街门面,西城-陶然亭太平街6号,300.0,80000.0,,8.88888888888889,39.886639,116.394728,True,True,True,300㎡,8万/月,8.89元/m/天（价格可面议）,"('39.886639', '116.394728')"
bright,(出租)西红门丨123平餐饮，十字路口位置大面宽,商业街店铺,大兴-西红门欣旺北大街8号,123.0,31400.0,,8.509485094850948,39.7972913,116.3466145,True,True,True,123㎡,3.14万/月,8.5元/m/天（价格可面议）,"('39.7972913', '116.3466145')"
bright,(出租)300平纯一层大开间有燃气门前人流量大适合各种特色餐饮,临街门面,朝阳-惠新里惠新东街,300.0,110000.0,12.22,12.22,39.985146,116.431007,True,True,True,300㎡,11万/月,12.22元/m/天,"('39.985146', '116.431007')"
bright,(出租)管庄丨大型社区丨办公楼丨台球丨健身房丨大型餐饮丨中医养生丨,商业街店铺,朝阳-管庄朝阳路,570.0,37800.0,,2.210526315789474,39.917738,116.603554,True,True,True,570㎡,3.78万/月,2.21元/m/天（价格可面议）,"('39.917738', '116.603554')"
bright,(出租)望京繁华地段十字路口1000平，全业态餐饮，可分租,临街门面,朝阳-望京南湖北路,1000.0,92000.0,3.07,3.07,40.005066,116.469259,True,True,True,1000㎡,9.2万/月,3.07元/m/天,"('40.005066', '116.469259')"
bright,(出租)安华桥临街一层适合美容美发茶楼会所品牌餐饮等,商业街店铺,安华桥-地铁站-北京市朝阳区,205.0,41800.0,6.8,6.8,39.974934,116.401566,True,True,True,205㎡,4.18万/月,6.8元/m/天,"('39.974934', '116.401566')"
bright,(出租)烟酒店美容美甲美睫餐饮麻辣烫小火锅螺蛳粉94平米,社区底商,朝阳-定福庄朝阳北路,94.0,,,,39.929826,116.570245,True,False,False,94㎡,租金面议,,"('39.929826', '116.570245')"
bright,(出租)物业丨直租丨小区口丨地铁口丨非餐饮丨户型方正丨面议丨,社区底商,朝阳-东坝郑村坝街,71.54,,,,39.979381,116.558167,True,False,False,71.54㎡,租金面议,,"('39.979381', '116.558167')"
bright,(出租)大兴枣园餐饮一条街150平有燃气全业态招餐饮品牌旗舰店,临街门面,天键广场-北京市大兴区,150.0,35000.0,7.78,7.78,39.758481,116.321199,True,True,True,150㎡,3.5万/月,7.78元/m/天,"('39.758481', '116.321199')"
bright,(出租)大兴商城1000平一层招大型超市服装卖场培训餐饮等,购物百货中心,首邑上城-40号楼-北京市大兴区,1000.0,150000.0,5.0,5.0,39.762334,116.339789,True,True,True,1000㎡,15万/月,5元/m/天,"('39.762334', '116.339789')"
bright,(出租)玉泉路临街一层餐饮240平，适合各类型餐饮，连锁店，银行等,购物百货中心,石景山-玉泉路鲁谷大街,240.0,,,,39.907348,116.233048,True,False,False,240㎡,租金面议,,"('39.907348', '116.233048')"
bright,(出租)三里屯SOHO旺铺出租970平带外摆适合餐饮医疗美容酒吧等,商业街店铺,朝阳-三里屯工体北路8号,970.0,145500.0,,5.0,39.938112,116.460068,True,True,True,970㎡,14.55万/月,5元/m/天（价格可面议）,"('39.938112', '116.460068')"
bright,(出租)朝阳北路褡裢铁口美发余留可餐饮美容培训面馆营业厅五金等,其他,朝阳-定福庄朝阳北路,94.0,,,,39.929826,116.570245,True,False,False,94㎡,租金面议,,"('39.929826', '116.570245')"
bright,(出租)三里屯新出140平米独立门头，美业装修，酒吧，宠物，餐饮业态,写字楼配套,朝阳-三里屯工人体育场北路,140.0,21000.0,,5.0,39.937492,116.460034,True,True,True,140㎡,2.1万/月,5元/m/天（价格可面议）,"('39.937492', '116.460034')"
bright,(出租)地铁口人流巨大，80平带装修，适合餐饮，零售等,商业街店铺,朝阳-大望路四惠建国路,80.0,,,,39.915292,116.502602,True,False,False,80㎡,租金面议,,"('39.915292', '116.502602')"
bright,(出租)海淀蓟门里新出餐饮房源，适合各种餐饮业态,社区底商,海淀-蓟门桥西土城路,300.0,50000.0,5.56,5.56,39.974953,116.359361,True,True,True,300㎡,5万/月,5.56元/m/天,"('39.974953', '116.359361')"
bright,(出租)物业直租无中介费传媒大学聚福苑商圈临街一层220平米餐饮,商业街店铺,朝阳-定福庄定福庄北街,220.0,39600.0,,6.0,39.922541,116.560349,True,True,True,220㎡,3.96万/月,6元/m/天（价格可面议）,"('39.922541', '116.560349')"
bright,(出租)真实旺铺，随时看房，招租餐饮小吃折扣店人流不断挨着学校,临街门面,通州-九棵树九棵树中街9号,60.0,,,,39.895191,116.665162,True,False,False,60㎡,租金面议,,"('39.895191', '116.665162')"
bright,(出租)国贸一层临街餐饮带燃气1.3万中央厨房小吃酒馆,商业街店铺,朝阳-国贸东三环中路,60.0,13000.0,7.22,7.22,39.911192,116.467993,True,True,True,60㎡,1.3万/月,7.22元/m/天,"('39.911192', '116.467993')"
bright,(出租)（中拓商业）亚运村临街二层独立门头出入口大展示面适合餐饮医疗,临街门面,泰康拜博口腔(观巢店)-北京市朝阳区,800.0,,,,40.005669,116.413801,True,False,False,800㎡,租金面议,,"('40.005669', '116.413801')"
bright,(出租)大兴临街100平成熟地段可做餐饮带燃气装修看房提前联系,商业街店铺,北京市大兴区观音寺街道团河路,100.0,14400.0,,4.8,39.742215,116.356816,True,True,True,100㎡,1.44万/月,4.8元/m/天（价格可面议）,"('39.742215', '116.356816')"
bright,(出租)青年路餐饮一条街240平带外摆出租户型方正适合火锅烧烤,临街门面,朝阳-朝青板块青年路115号,240.0,69800.0,,9.694444444444445,39.940053,116.52173,True,True,True,240㎡,6.98万/月,9.7元/m/天（价格可面议）,"('39.940053', '116.52173')"
bright,(出租)双桥学校旁汽修余留招餐饮拉面馆菜馆烧烤容培训洗车修车眼镜店,临街门面,朝阳-双桥双桥路3号,197.0,,,,39.9142766,116.5824877,True,False,False,197㎡,租金面议,,"('39.9142766', '116.5824877')"
bright,(出租)菜户营蓝调国际临街底商招租可餐饮,临街门面,丰台-菜户营详细地址请咨询,65.0,13000.0,6.67,6.67,39.877401,116.347577,True,True,True,65㎡,1.3万/月,6.67元/m/天,"('39.877401', '116.347577')"
bright,(出租)朝阳国贸160平餐饮无转让有燃气位置好正常办照,社区底商,朝阳-国贸东三环中路39号,200.0,40000.0,,6.666666666666667,39.911335,116.465666,True,True,True,200㎡,4万/月,6.67元/m/天（价格可面议）,"('39.911335', '116.465666')"
bright,(出租)三里屯新出美发装修300平米适合餐饮美容美发服装鞋店宠物,写字楼配套,朝阳-三里屯工人体育场北路,300.0,40500.0,,4.5,39.937492,116.460034,True,True,True,300㎡,4.05万/月,4.5元/m/天（价格可面议）,"('39.937492', '116.460034')"
bright,(出租)百子湾二十二院街艺术区精装餐饮外摆180平牛排烤肉西餐酒馆,商业街店铺,朝阳-百子湾百子湾路32号,180.0,37000.0,,6.851851851851852,39.905581,116.47703,True,True,True,180㎡,3.7万/月,6.85元/m/天（价格可面议）,"('39.905581', '116.47703')"
bright,(转让)龙泽地铁站小区口100平开间后门通小区全业态能餐饮有烟照,临街门面,昌平-回龙观南店北路,100.0,,1.3,1.3,40.074768,116.330707,True,False,True,100㎡,租金面议,转让费：1.3万元,"('40.074768', '116.330707')"
bright,(出租)大兴枣园新出纯一层215平有燃气全业态招餐饮旗舰店等,临街门面,枣园-地铁站-北京市大兴区,215.0,38700.0,6.0,6.0,39.759079,116.338975,True,True,True,215㎡,3.87万/月,6元/m/天,"('39.759079', '116.338975')"
bright,(出租)平安里西四大街临街餐饮商铺出租15米大展示面,商业街店铺,西城-西四西四北大街,150.0,40500.0,9.0,9.0,39.933124,116.37983,True,True,True,150㎡,4.05万/月,9元/m/天,"('39.933124', '116.37983')"
bright,(出租)首都经贸大学校门口出租98平米餐饮商铺业主直租，把角展示,临街门面,朝阳-惠新里文学馆路,98.0,59000.0,20.07,20.07,39.98639,116.430846,True,True,True,98㎡,5.9万/月,20.07元/m/天,"('39.98639', '116.430846')"
bright,(出租)三里屯SOHO新出202平临街餐饮商铺适合餐饮，展厅，美业等,商业街店铺,朝阳-三里屯工人体育场北路,202.0,78000.0,12.87,12.87,39.937492,116.460034,True,True,True,202㎡,7.8万/月,12.87元/m/天,"('39.937492', '116.460034')"
bright,(出租)双井富力城天力街餐饮商铺房东直租有燃气,临街门面,朝阳-双井天力街,60.0,40000.0,22.22,22.22,39.903027,116.460878,True,True,True,60㎡,4万/月,22.22元/m/天,"('39.903027', '116.460878')"
bright,(出租)双井首城国际餐饮商铺纯一层158平米有天然气,临街门面,朝阳-双井广渠路,158.0,61600.0,13.0,13.0,39.898856,116.475324,True,True,True,158㎡,6.16万/月,13元/m/天,"('39.898856', '116.475324')"
bright,(出租)商铺出租主街上的理想铺门头宽进深短户型方正可餐饮,临街门面,朝阳-定福庄详细地址请咨询,118.58,,,,39.929826,116.570245,True,False,False,118.58㎡,租金面议,,"('39.929826', '116.570245')"
bright,(出租)世界公园，总部基地富锦嘉园临街底商餐饮商铺出租,临街门面,丰台-科技园区丰葆路,315.0,52000.0,,5.502645502645502,39.824478,116.296564,True,True,True,315㎡,5.2万/月,5.5元/m/天（价格可面议）,"('39.824478', '116.296564')"
bright,(出租)建外国贸一层餐饮商铺!可注册!!可办照.地铁.东三环长安街!,临街门面,朝阳-国贸东三环中路39号,233.0,30000.0,,4.291845493562231,39.911335,116.465666,True,True,True,233㎡,3万/月,4.29元/m/天（价格可面议）,"('39.911335', '116.465666')"
bright,(出租)五道口商铺出租紧邻大学12米展示面宽招：餐饮美容等,临街门面,海淀-五道口展春园西路3号,185.0,41600.0,,7.495495495495495,39.995731,116.345972,True,True,True,185㎡,4.16万/月,7.5元/m/天（费用可面议）,"('39.995731', '116.345972')"
bright,(出租)东大桥朝阳区医院附近1600平米餐饮商铺业态制,写字楼配套,朝阳-工体朝阳北路237号,1600.0,,,,39.929632,116.462272,True,False,False,1600㎡,租金面议,,"('39.929632', '116.462272')"
bright,(出租)医疗美容茶室接待餐饮临街商铺产权清晰可做多种业态,商业街店铺,朝阳-CBD东三环中路39号,306.6,55000.0,,5.979560774081322,39.911335,116.465666,True,True,True,306.6㎡,5.5万/月,5.98元/m/天（价格可面议）,"('39.911335', '116.465666')"
bright,(出租)团结湖600平商铺直租适合各种大型餐饮,社区底商,朝阳-团结湖姚家园路,600.0,,,,39.93474478,116.4743077,True,False,False,600㎡,租金面议,,"('39.93474478', '116.4743077')"
bright,(出租)工体临街底商805平餐饮商铺出租适合轻餐吧咖啡火锅餐饮等,商业街店铺,朝阳-三里屯阳光北大街,805.0,,,,39.761489,116.176291,True,False,False,805㎡,租金面议,,"('39.761489', '116.176291')"
bright,(出租)三里屯水系可外摆220餐饮商铺接手可直接营业,商业街店铺,朝阳-三里屯工体北路8号,220.0,68000.0,10.3,10.3,39.938112,116.460068,True,True,True,220㎡,6.8万/月,10.3元/m/天,"('39.938112', '116.460068')"
bright,(出租)业主直租通州CBD运河商务区可餐饮商铺,其他,通州-玉桥赵登禹大街,94.0,9870.0,,3.5,39.909491,116.691627,True,True,True,94㎡,9870元/月,3.5元/m/天（价格可面议）,"('39.909491', '116.691627')"
bright,(出租)北三环沿街餐饮商铺出租适合主食米饭类米线米粉砂锅等,临街门面,朝阳-芍药居详细地址请咨询,80.0,,,,39.889431,116.32935,True,False,False,80㎡,租金面议,,"('39.889431', '116.32935')"
bright,(出租)低价!！一层餐饮商铺，上下水，排烟，中餐西餐.蛋糕.茶室,临街门面,朝阳-国贸东三环中路39号,80.0,14000.0,,5.833333333333333,39.911335,116.465666,True,True,True,80㎡,1.4万/月,5.83元/m/天（价格可面议）,"('39.911335', '116.465666')"
bright,(出租)A个人出租甘家口四个档口线上外卖厨房餐饮商铺招租40平,临街门面,详细地址请咨询,40.0,15000.0,,12.5,39.933037,116.339848,True,True,True,40㎡,1.5万/月,12.5元/m/天（费用可面议）,"('39.933037', '116.339848')"
bright,(出租)顺义南法信地铁口8个月免租大型满入住公寓好位置临主街,临街门面,顺义-石门文明街17号,114.41,10700.0,3.11,3.11,40.129219,116.618661,True,True,True,114.41㎡,1.07万/月,3.11元/m/天,"('40.129219', '116.618661')"
bright,(出租)和平里大型住宅区可注册适合适合多项经营,社区底商,东城-安定门和平里北街,68.0,10000.0,4.9,4.9,39.967116,116.423021,True,True,True,68㎡,1万/月,4.9元/m/天,"('39.967116', '116.423021')"
bright,(出租)中关村苏州街海淀南路海淀黄庄350平415平瑜伽精装,商业街店铺,海淀-知春路海淀中街15号,350.0,,,,39.983547,116.316634,True,False,False,350㎡,租金面议,,"('39.983547', '116.316634')"
bright,(出租)西直门商圈600平临街展示面18米招火锅.涮肉.西北菜湘粤菜,临街门面,西城-官园西直门南小街137号,600.0,140400.0,7.8,7.8,39.935533,116.364948,True,True,True,600㎡,14.04万/月,7.8元/m/天,"('39.935533', '116.364948')"
bright,(转让)朝外SOHO154平餐饮店转让，固定客源+高流量，白领消费高,商业街店铺,朝外SOHO,154.0,18000.0,28.0,28.0,39.925733,116.461265,True,True,True,154㎡,1.8万/月,转让费：28万元,"('39.925733', '116.461265')"
bright,(出租)朝阳区地铁6号线常营丨临街底商丨1500平一拖二丨陆港城,临街门面,朝阳-常营朝阳北路,1500.0,360000.0,,8.0,39.930868,116.599116,True,True,True,1500㎡,36万/月,8元/m/天（价格可面议）,"('39.930868', '116.599116')"
bright,(出租)大学对面丨人流密集丨适合台球丨舞蹈丨丨格斗丨烤肉丨体能,社区底商,朝阳-东坝朝阳路,500.0,,,,39.921846,116.562343,True,False,False,500㎡,租金面议,,"('39.921846', '116.562343')"
bright,(出租)物资学院地铁丨赠百平露台可明火丨火锅烧烤西餐酒吧KTV,购物百货中心,通州-物资学院路物资学院路6号,197.0,15400.0,,2.6057529610829104,39.932806,116.64605,True,True,True,197㎡,1.54万/月,2.6元/m/天（价格可面议）,"('39.932806', '116.64605')"
bright,(出租)适合老年舞厅丨儿童游乐园丨周边社区密集丨离地铁近丨无业态冲突,临街门面,通州-物资学院路常营中路146号,1039.0,93500.0,,2.9996791786974657,39.932306,116.600188,True,True,True,1039㎡,9.35万/月,3元/m/天（价格可面议）,"('39.932306', '116.600188')"
bright,(出租)西城区阜内大街89号临街底商旺铺房东直租,临街门面,阜成门内大街-89,165.0,50000.0,10.1,10.1,39.930064,116.37678,True,True,True,165㎡,5万/月,10.1元/m/天,"('39.930064', '116.37678')"
bright,(出租)适合轰趴馆丨酒吧丨丨文玩丨茶楼丨健身丨台球丨均可,临街门面,朝阳-定福庄民族家园中路,338.0,,,,39.933958,116.589598,True,False,False,338㎡,租金面议,,"('39.933958', '116.589598')"
bright,(出租)旧宫核心商圈110平22万年丨写字楼居民菜市场混合商圈丨火,商业街店铺,大兴-旧宫旧宫西路5号,110.0,18000.0,,5.454545454545454,39.812984,116.447664,True,True,True,110㎡,1.8万/月,5.45元/m/天（价格可面议）,"('39.812984', '116.447664')"
bright,(出租)租金低，通州万达好位置一楼内街带阁楼有燃气业态不限,商业街店铺,通州-通州北苑新华西街58号,50.0,10000.0,,6.666666666666667,39.9114789,116.6471654,True,True,True,50㎡,1万/月,6.67元/m/天（价格可面议）,"('39.9114789', '116.6471654')"
bright,(出租)超市市集服装家具展厅青年路东8100平定福庄北里社区,临街门面,朝阳-朝青板块朝阳北路,8100.0,,,,39.930296,116.529576,True,False,False,8100㎡,租金面议,,"('39.930296', '116.529576')"
bright,(转让)德胜门商业街面包连锁蛋糕店转让客流密集位置好,临街门面,TOUSlesJOURS多乐之日(新风里店),101.2,36000.0,35.0,35.0,39.967792,116.381939,True,True,True,101.2㎡,3.6万/月,转让费：35万元,"('39.967792', '116.381939')"
bright,(出租)出租丨朝阳褡裢坡地铁口位置适合美容美发电餐等便民业态,临街门面,朝阳-定福庄详细地址请咨询,117.9,17700.0,,5.004240882103478,39.929035,116.578399,True,True,True,117.9㎡,1.77万/月,5元/m/天（价格可面议）,"('39.929035', '116.578399')"
bright,(出租)招租健身房台球乒乓球射箭美容美体茶楼培训办公,其他,朝阳-管庄详细地址请咨询,568.0,37700.0,,2.2124413145539905,39.919798,116.603425,True,True,True,568㎡,3.77万/月,2.21元/m/天（价格可面议）,"('39.919798', '116.603425')"
bright,(出租)物业直签丨生鲜市集大型商超服装家具展厅等,临街门面,朝阳-常营详细地址请咨询,1039.58,93600.0,,3.001212027934358,39.932035,116.59875,True,True,True,1039.58㎡,9.36万/月,3元/m/天（价格可面议）,"('39.932035', '116.59875')"
bright,(出租)上庄基建壹号院适合多种业态50到700平任您选择，火爆招商中,写字楼配套,温泉(地区)镇-北京市海淀区,7000.0,,,,40.05515,116.186914,True,False,False,7000㎡,租金面议,,"('40.05515', '116.186914')"
bright,(出租)回龙观龙腾苑二区临街商铺出租420平可租无其他费用,临街门面,龙腾苑-二区,210.0,22000.0,3.49,3.49,40.083172,116.343681,True,True,True,210㎡,2.2万/月,3.49元/m/天,"('40.083172', '116.343681')"
bright,(出租)海淀万柳高端1300平商业出租医疗会所科技美容体检健身等,社区底商,海淀-万柳万柳中路,1300.0,195000.0,5.0,5.0,39.970704,116.304468,True,True,True,1300㎡,19.5万/月,5元/m/天,"('39.970704', '116.304468')"
bright,(出租)环洲创业园250平全业态招商，靠近故宫北院与大悦城人流量大.,商业街店铺,北京环洲创业园-北京市海淀区,250.0,,,,40.10654,116.224273,True,False,False,250㎡,租金面议,,"('40.10654', '116.224273')"
bright,(出租)海淀上庄，园区招商，业主直租，无中介费，临近水库，适合各行业,商业街店铺,北京环洲创业园-北京市海淀区,160.0,11500.0,,2.3958333333333335,40.10654,116.224273,True,True,True,160㎡,1.15万/月,2.4元/m/天（价格可面议）,"('40.10654', '116.224273')"
bright,(出租)创业理想之选，环洲创业园占地总面积7000平火热招商中,商业街店铺,西三旗万象汇-北京市海淀区,7000.0,357000.0,,1.7,40.067791,116.372763,True,True,True,7000㎡,35.7万/月,1.7元/m/天（价格可面议）,"('40.067791', '116.372763')"
bright,(出租)邻三环900平米适合办公会所餐饮茶楼娱乐,临街门面,苏皖大厦,900.0,94500.0,3.5,3.5,39.852427,116.344356,True,True,True,900㎡,9.45万/月,3.5元/m/天,"('39.852427', '116.344356')"
bright,(出租)转租丨挑高6米丨适合集市丨体能培训丨运动馆丨展厅丨均可,临街门面,朝阳-定福庄朝阳北路,8162.0,,,,39.929826,116.570245,True,False,False,8162㎡,租金面议,,"('39.929826', '116.570245')"
bright,(出租)网红餐厅！北方工业大学食堂档口！校内食堂一二楼位置！可实地考,档口摊位,北方工业大学-北京市石景山区,25.0,670.0,0.89,0.89,39.933922,116.214551,True,True,True,25㎡,670元/月,0.89元/m/天,"('39.933922', '116.214551')"
bright,(出租)地下一层带货梯240平可做线上超市仓储配站等不限,商业街店铺,通州-新华大街车站路,240.0,20000.0,,2.7777777777777777,,,False,True,True,240㎡,2万/月,2.78元/m/天（价格可面议）, 
bright,(出租)朝阳公园亮马河商业街200-600带燃气业态不限超大展示面,商业街店铺,朝阳-麦子店详细地址请咨询,400.0,84000.0,,7.0,39.940511,116.476574,True,True,True,400㎡,8.4万/月,7元/m/天（价格可面议）,"('39.940511', '116.476574')"
bright,(出租)安慧北里逸园28号楼临街底商旺铺直租,临街门面,安慧北里逸园南区-28号楼,316.0,105000.0,11.08,11.08,40.005405,116.419745,True,True,True,316㎡,10.5万/月,11.08元/m/天,"('40.005405', '116.419745')"
bright,(出租)新出亦庄林肯公园小区门口，好位置大广告牌,临街门面,大兴-亦庄亦庄荣华北路,35.0,8000.0,,7.619047619047619,39.810423,116.500192,True,True,True,35㎡,8000元/月,7.62元/m/天（价格可面议）,"('39.810423', '116.500192')"
bright,(出租)前门大街临街独栋3400，超大展示面，客流量大展示类企业,商业街店铺,东城-前门前门大街,3400.0,816000.0,,8.0,39.905524,116.404589,True,True,True,3400㎡,81.6万/月,8元/m/天（价格可面议）,"('39.905524', '116.404589')"
bright,(出租)新出亦庄林肯公园商业街大广告牌,社区底商,大兴-亦庄亦庄荣华北路,118.0,15000.0,,4.237288135593221,39.810423,116.500192,True,True,True,118㎡,1.5万/月,4.24元/m/天（价格可面议）,"('39.810423', '116.500192')"
bright,(出租)业主直租白纸坊西街大型社区办公仓储,临街门面,都市晴园-北京市西城区,1900.0,85500.0,,1.5,39.883239,116.362263,True,True,True,1900㎡,8.55万/月,1.5元/m/天（价格可面议）,"('39.883239', '116.362263')"
bright,(出租)黄村恒大未来城两层140㎡出租，成熟社区全业态，近地铁,商业街店铺,恒大未来城,140.0,8999.0,2.14,2.14,39.720345,116.320946,True,True,True,140㎡,8999元/月,2.14元/m/天,"('39.720345', '116.320946')"
bright,(出租)东三环国贸双井超大展示面豪华装修客群稳定,商业街店铺,财富金融中心-北京市朝阳区,500.0,,,,39.923445,116.467203,True,False,False,500㎡,租金面议,,"('39.923445', '116.467203')"
bright,(出租)一层临街700多平可任意分割，8085130160平,商业街店铺,北京市丰台区青塔街道小屯路2号,169.0,40599.99999999999,,8.007889546351084,39.899334,116.261048,True,True,True,169㎡,4.06万/月,8元/m/天（价格可面议）,"('39.899334', '116.261048')"
bright,(出租)国贸CBD商圈丨一层临街商业带燃气丨超大展示面可分租停车方便,商业街店铺,朝阳-CBD详细地址请咨询,500.0,105000.0,,7.0,39.911963,116.477028,True,True,True,500㎡,10.5万/月,7元/m/天（价格可面议）,"('39.911963', '116.477028')"
bright,(出租)临街一层独栋商业招租80平~200社区密集人流大,临街门面,北京市丰台区卢沟桥街道小屯路4号东,85.0,20400.0,8.0,8.0,39.898736,116.259696,True,True,True,85㎡,2.04万/月,8元/m/天,"('39.898736', '116.259696')"
bright,(出租)朝阳王四营人民日报印刷厂内1100平米餐厅档口招租,档口摊位,人民日报印刷厂,25.0,5000.0,6.67,6.67,39.866413,116.551483,True,True,True,25㎡,5000元/月,6.67元/m/天,"('39.866413', '116.551483')"
bright,(出租)业主直租半地下带窗720平纯商业房本手慢无,商业街店铺,北京市丰台区青塔街道大成路,717.0,62400.0,2.9,2.9,39.895154,116.267731,True,True,True,717㎡,6.24万/月,2.9元/m/天,"('39.895154', '116.267731')"
bright,(出租)临街正规商业半地下招租带窗采格局方正717平2.9元,社区底商,北京市丰台区青塔街道春蔚路,717.0,60199.99999999999,2.8,2.8,39.899306,116.266222,True,True,True,717㎡,6.02万/月,2.8元/m/天,"('39.899306', '116.266222')"
bright,(出租)长安街临街商业700-3000平自由组合，高挑空6米，落地窗,写字楼配套,朝阳-国贸详细地址请咨询,1500.0,315000.0,,7.0,39.913571,116.451259,True,True,True,1500㎡,31.5万/月,7元/m/天（价格可面议）,"('39.913571', '116.451259')"
bright,(出租)大望路临街一层底商，12米超大展示面带燃气，业态不限,商业街店铺,朝阳-大望路详细地址请咨询,230.0,48300.0,,7.0,39.913059,116.481705,True,True,True,230㎡,4.83万/月,7元/m/天（价格可面议）,"('39.913059', '116.481705')"
bright,(转让)朝阳北京200平餐厅转让，出租早点,社区底商,铭泽生活广场,200.0,30000.0,15.0,15.0,39.869836,116.48346,True,True,True,200㎡,3万/月,转让费：15万元,"('39.869836', '116.48346')"
bright,(出租)常营商圈临街3层独栋，超大展示面，角位置带燃气业态不限,商业街店铺,朝阳-常营朝阳北路,560.0,67200.0,,4.0,39.930868,116.599116,True,True,True,560㎡,6.72万/月,4元/m/天（价格可面议）,"('39.930868', '116.599116')"
bright,(出租)（可分租）安定门临街独栋2700平，有燃气业态不限，可餐培,临街门面,东城-安定门安德路55号,2700.0,364500.0,,4.5,39.959444,116.406888,True,True,True,2700㎡,36.45万/月,4.5元/m/天（费用可面议）,"('39.959444', '116.406888')"
bright,(出租)团结湖餐饮街独栋可分租周围人口密集，消费力强,商业街店铺,紫光园(团结湖店)-北京市朝阳区,280.0,,,,39.93034119420383,116.47386507999055,True,False,False,280㎡,租金面议,,"('39.93034119420383', '116.47386507999055')"
bright,(出租)经海路地铁站交通便利京东总部旁客流稳定美食城档口出租,写字楼配套,大兴-亦庄东区经海三路,80.0,11000.0,,4.583333333333333,39.78888,116.561527,True,True,True,80㎡,1.1万/月,4.58元/m/天（价格可面议）,"('39.78888', '116.561527')"
bright,(转让)地铁积水潭站附近临街底商旺铺转让,临街门面,小炊谣,110.0,45900.0,15.0,15.0,39.957642,116.378567,True,True,True,110㎡,4.59万/月,转让费：15万元,"('39.957642', '116.378567')"
bright,(出租)北京核心景区南锣鼓巷c位商铺招租,商业街店铺,南锣鼓巷,400.0,200000.0,16.67,16.67,39.943562,116.408878,True,True,True,400㎡,20万/月,16.67元/m/天,"('39.943562', '116.408878')"
bright,(出租)海淀上地科实大厦底商商铺房东直租,写字楼配套,科实大厦,600.0,144000.0,8.0,8.0,40.040731,116.318389,True,True,True,600㎡,14.4万/月,8元/m/天,"('40.040731', '116.318389')"
bright,(出租)朝外大街日坛晶华8号楼底商临街门面房东直租除重餐饮外行业不限,社区底商,日坛晶华-8号楼,173.45,39000.0,7.49,7.49,39.926518,116.450761,True,True,True,173.45㎡,3.9万/月,7.49元/m/天,"('39.926518', '116.450761')"
bright,(出租)海淀五道口农业大学100-300平直租无转让费可餐饮！,临街门面,清华东路15号,105.97,26000.0,8.18,8.18,40.007289,116.366487,True,True,True,105.97㎡,2.6万/月,8.18元/m/天,"('40.007289', '116.366487')"
bright,(出租)石景山古城路步行街核心铺招租！近商场社区，人流量大,商业街店铺,古城南路步行街,140.0,,,,39.916957,116.198351,True,False,False,140㎡,租金面议,（价格可面议）,"('39.916957', '116.198351')"
bright,(转让)石景山八角西街280平精装涮肉店转租，5年租期人流量大,临街门面,八角西街,280.0,58800.0,,7.0,39.920335,116.205284,True,True,True,280㎡,5.88万/月,转让费：面议（转让费可面议）,"('39.920335', '116.205284')"
bright,(出租)奥林匹克公园临街铺面70-300平出租，12元/㎡含物业费,商业街店铺,北京工艺美术博物馆(文创店),80.0,29000.0,12.08,12.08,40.00572,116.400322,True,True,True,80㎡,2.9万/月,12.08元/m/天,"('40.00572', '116.400322')"
bright,(出租)旭景园1万平招租全业态制可仓储，配套手续齐全，整租可分租,临街门面,旭景园·精致生活广场,10000.0,,,,39.945537,116.703494,True,False,False,10000㎡,租金面议,（价格可面议）,"('39.945537', '116.703494')"
bright,(转让)蓝堡公寓饭店整体转600平精装含KTV，近华贸高客流价格可谈,商业街店铺,蓝堡国际公寓-南区,600.0,60000.0,80.0,80.0,39.916652,116.48313,True,True,True,600㎡,6万/月,转让费：80万元,"('39.916652', '116.48313')"
bright,(出租)（0转让费）朝阳欢乐谷附近Ⅰ临街流量社区底商旺铺整体出租,社区底商,PETLADY宠娘宠物生活馆(格林莱雅店),80.0,19000.0,7.92,7.92,39.873411,116.513574,True,True,True,80㎡,1.9万/月,7.92元/m/天,"('39.873411', '116.513574')"
bright,(出租)双井桥地铁D口附近临街社区底商人流量大旺铺出租位置优越,临街门面,优士阁-B座,87.0,22000.0,8.43,8.43,39.898418,116.466159,True,True,True,87㎡,2.2万/月,8.43元/m/天,"('39.898418', '116.466159')"
bright,(转让)朝阳北花园1号院一层店转租，设备全临主路,临街门面,中国传媒大学,130.0,32500.0,18.0,18.0,39.917551,116.563634,True,True,True,130㎡,3.25万/月,转让费：18万元,"('39.917551', '116.563634')"
bright,(出租)亦庄同济南路10㎡临街档口酒店公寓旁，白领多做早餐小吃奶茶佳,临街门面,同济南路,10.0,,,,39.779083,116.546239,True,False,False,10㎡,租金面议,（价格可面议）,"('39.779083', '116.546239')"
bright,(出租)新街口积水潭小西天临街商铺房东直租、周边客流大(除餐饮外),临街门面,新街口外大街29号,40.0,30000.0,25.0,25.0,39.958119,116.377868,True,True,True,40㎡,3万/月,25元/m/天,"('39.958119', '116.377868')"
bright,(出租)房东直租可线上超市台球轰趴足疗简餐中央厨房仓储,社区底商,百子湾东里,420.0,,,,39.905263,116.511316,True,False,False,420㎡,租金面议,（价格可面议）,"('39.905263', '116.511316')"
bright,(转让)石景山台湾街核心铺！一层方正新装修，临街旺区营业中,商业街店铺,北京台湾街-C区,168.0,60000.0,,11.904761904761905,39.909978,116.245326,True,True,True,168㎡,6万/月,转让费：面议（转让费可面议）,"('39.909978', '116.245326')"
bright,(转让)朝阳亚运村Ⅰ临街社区流量底商旺铺整体转让人流量大位置明显,临街门面,安慧里(三区)-4号楼,100.0,21700.0,,7.233333333333333,39.998277,116.416682,True,True,True,100㎡,2.17万/月,转让费：面议（转让费可面议）,"('39.998277', '116.416682')"
bright,(转让)朝阳区双井Ⅰ社区临街流量旺铺底商整体转让！,临街门面,鲜品汇生鲜超市(百环家园店),1050.0,,,,39.894717,116.473363,True,False,False,1050㎡,租金面议,转让费：面议（费用可面议）,"('39.894717', '116.473363')"
bright,(转让)通州梨园Ⅰ环球影城旁酒店流量底商旺铺整体转让,临街门面,须玖日式便当店(环球影城店),60.0,12000.0,10.0,10.0,39.87019,116.672668,True,True,True,60㎡,1.2万/月,转让费：10万元,"('39.87019', '116.672668')"
bright,(出租)丰台花乡Ⅰ临街社区底商出租|餐饮修脚生鲜行业不限充足客源,临街门面,诺德逸府,110.0,15000.0,4.55,4.55,39.81904,116.32086,True,True,True,110㎡,1.5万/月,4.55元/m/天,"('39.81904', '116.32086')"
bright,(出租)工体东路中国红街临街底商出租，120平带燃气可餐饮行业不限,商业街店铺,工人体育场东路,86.16,53000.0,20.5,20.5,39.929387,116.457008,True,True,True,86.16㎡,5.3万/月,20.5元/m/天,"('39.929387', '116.457008')"
bright,(出租)昌平鼓楼东街32号一层临街旺铺客流大可租可售不可餐饮,临街门面,昌平二街社区养老服务驿站,218.0,29000.0,4.43,4.43,40.230012,116.243588,True,True,True,218㎡,2.9万/月,4.43元/m/天,"('40.230012', '116.243588')"
bright,(出租)朝阳黄渠地铁站旁商业铺招商，650平可分租，业态不限！,临街门面,地铁黄渠站,650.0,,,,39.930915,116.583279,True,False,False,650㎡,租金面议,（价格可面议）,"('39.930915', '116.583279')"
bright,(出租)房东直租美食城档口火热招租！昌平朝阳交界天通苑北苑立水桥核心,档口摊位,上善食客通星厨,15.0,3000.0,6.67,6.67,40.060864,116.418669,True,True,True,15㎡,3000元/月,6.67元/m/天,"('40.060864', '116.418669')"
bright,(出租)国贸东大桥SOHO尚都地下一层可餐饮网吧台球全业,写字楼配套,朝阳-东大桥东大桥路8号,484.3,51000.0,3.51,3.51,39.9242471,116.4592123,True,True,True,484.3㎡,5.1万/月,3.51元/m/天,"('39.9242471', '116.4592123')"
bright,(出租)朝阳大悦城青年路临街一层241平有燃气餐饮,临街门面,朝阳-朝青板块青年西一路,241.0,70100.0,9.7,9.7,39.936304,116.516172,True,True,True,241㎡,7.01万/月,9.7元/m/天,"('39.936304', '116.516172')"
bright,(出租)直租西四环青塔大成路临街一层商业460平可分租餐饮医疗展厅,临街门面,丰台-小屯路大成路,460.0,77300.0,,5.601449275362318,39.895598,116.262257,True,True,True,460㎡,7.73万/月,5.6元/m/天（价格可面议）,"('39.895598', '116.262257')"
bright,(出租)大兴绿地高端社区门口90平小区口家，除餐饮不限行业,社区底商,高米店南-地铁站-北京市大兴区,90.0,10800.0,4.0,4.0,39.769059,116.33841,True,True,True,90㎡,1.08万/月,4元/m/天,"('39.769059', '116.33841')"
bright,(出租)北苑核心商圈新出餐饮房源，适合火锅，滩羊，各种品牌餐饮,社区底商,朝阳-北苑立汤路,220.0,30000.0,4.55,4.55,40.058788,116.419983,True,True,True,220㎡,3万/月,4.55元/m/天,"('40.058788', '116.419983')"
bright,(出租)通州土桥社区口有燃气招餐饮快餐团购养生培训,社区底商,通州-土桥土桥中街,66.0,,,,39.880702,116.706334,True,False,False,66㎡,租金面议,,"('39.880702', '116.706334')"
bright,(出租)临街双展示把角路口餐饮旺铺堂食外卖面食快餐带燃气,写字楼配套,朝阳-国贸东三环中路,80.0,20000.0,8.33,8.33,39.911192,116.467993,True,True,True,80㎡,2万/月,8.33元/m/天,"('39.911192', '116.467993')"
bright,(出租)价格还能聊丨全北京低价铺位丨除餐饮外适合各种生活服务类业态,社区底商,朝阳-朝阳周边金港南路,91.55,6866.25,,2.5,40.01472,116.557033,True,True,True,91.55㎡,6866.25元/月,2.5元/m/天（价格可面议）,"('40.01472', '116.557033')"
bright,(出租)海淀五道口整层适合火锅烤肉中餐网红品牌餐饮美发会所等,临街门面,海淀-五道口成府路35号院,300.0,72000.0,,8.0,39.998999,116.343248,True,True,True,300㎡,7.2万/月,8元/m/天（价格可面议）,"('39.998999', '116.343248')"
bright,(出租)亚运村慧中北路餐饮集中地临街一层240平直租全业态可餐饮,商业街店铺,朝阳-国展慧中北路,240.0,69800.0,,9.694444444444445,40.005141,116.422389,True,True,True,240㎡,6.98万/月,9.7元/m/天（价格可面议）,"('40.005141', '116.422389')"
bright,(出租)石景山体育场南路临街150平适合餐饮，医疗器械，团购超市等等,社区底商,石景山-古城八角南路,150.0,20000.0,4.44,4.44,39.899252,116.211909,True,True,True,150㎡,2万/月,4.44元/m/天,"('39.899252', '116.211909')"
bright,(出租)位置好人流大纯一层100平带燃气招租各种餐饮随时可看,临街门面,北京市大兴区枣园路,100.0,,,,39.75919,116.342281,True,False,False,100㎡,租金面议,,"('39.75919', '116.342281')"
bright,(出租)物业直租丨管庄杨闸环岛丨可做餐饮丨商业街,临街门面,朝阳-管庄朝阳路,376.54,,,,39.917738,116.603554,True,False,False,376.54㎡,租金面议,,"('39.917738', '116.603554')"
bright,(出租)物业招商丨公务员社区丨文具零食丨甜品烘焙丨生鲜餐饮丨可分租丨,社区底商,朝阳-管庄辛庄路,197.88,20800.0,3.5,3.5,39.905923,116.614959,True,True,True,197.88㎡,2.08万/月,3.5元/m/天,"('39.905923', '116.614959')"
bright,(出租)建国门临街20米展示面300平10元适合餐饮蛋糕等,临街门面,朝阳-国贸建国门外大街丙12号,300.0,,,,39.91343,116.452535,True,False,False,300㎡,租金面议,,"('39.91343', '116.452535')"
bright,(出租)崇文门临街2层丨1000平3.2元平丨有燃气适合餐饮丨消费,商业街店铺,东城-崇文门崇文门外大街,1000.0,96000.0,,3.2,39.902791,116.425071,True,True,True,1000㎡,9.6万/月,3.2元/m/天（价格可面议）,"('39.902791', '116.425071')"
bright,(出租)精装水吧直租水吧小餐饮鲜花美发轻食简餐各类外卖等,商业街店铺,朝阳-呼家楼朝外大街乙6号,40.0,8000.0,,6.666666666666667,39.92584,116.461382,True,True,True,40㎡,8000元/月,6.67元/m/天（价格可面议）,"('39.92584', '116.461382')"
bright,(出租)东坝临街商业112平可餐饮便利店超市美容美发,社区底商,朝阳-东坝东坝中路40号,112.42,14200.0,,4.210401470675444,39.956108,116.555538,True,True,True,112.42㎡,1.42万/月,4.2元/m/天（费用可面议）,"('39.956108', '116.555538')"
bright,(出租)和平里临街餐饮旺铺15米门头420平6.5元,临街门面,朝阳-国展和平里北街甲5号,420.0,81900.0,6.5,6.5,39.96196,116.431212,True,True,True,420㎡,8.19万/月,6.5元/m/天,"('39.96196', '116.431212')"
bright,(出租)东大桥朝阳医院1602平餐饮适合医美酒店高端餐饮不限业态,写字楼配套,朝阳-工体详细地址请咨询,1602.77,,,,39.929632,116.462272,True,False,False,1602.77㎡,租金面议,,"('39.929632', '116.462272')"
bright,(出租)超大露台餐饮装修直招餐饮酒吧烧烤培训随时看,商业街店铺,褡裢坡-地铁站,595.0,,,,39.929826,116.570245,True,False,False,595㎡,租金面议,,"('39.929826', '116.570245')"
bright,(出租)丽都一层距地铁口100米招零售餐酒吧烟酒中医不可餐饮,临街门面,详细地址请咨询,180.0,,,,39.980866,116.488703,True,False,False,180㎡,租金面议,,"('39.980866', '116.488703')"
bright,(出租)安贞环球贸易中心临街270平10米门头可餐饮甜点,临街门面,朝阳-安贞安定路,270.0,81000.0,10.0,10.0,39.979271,116.413767,True,True,True,270㎡,8.1万/月,10元/m/天,"('39.979271', '116.413767')"
bright,(出租)物资学院转让旺铺带露台招酒吧精酿烤肉火锅餐饮舞蹈培训,临街门面,通州-物资学院路物资学院路6号,197.43,,,,39.932806,116.64605,True,False,False,197.43㎡,租金面议,,"('39.932806', '116.64605')"
bright,(出租)临街餐饮，国贸！西餐.蛋糕甜品.咖啡轻食.简餐.花店.水果店,临街门面,朝阳-国贸东三环中路39号,150.0,25000.0,,5.555555555555555,39.911335,116.465666,True,True,True,150㎡,2.5万/月,5.56元/m/天（价格可面议）,"('39.911335', '116.465666')"
bright,(出租)朝阳大悦城临街纯一层出租300平有停车位招餐饮展厅医美等,临街门面,朝阳-朝青板块朝阳北路101号,280.0,67200.0,8.0,8.0,39.930834,116.524829,True,True,True,280㎡,6.72万/月,8元/m/天,"('39.930834', '116.524829')"
bright,(出租)物业直租丨小区口临街丨餐饮酒吧丨培训丨健身房,临街门面,朝阳-东坝单店西路,233.79,23900.0,,3.407616521949898,39.970534,116.54099,True,True,True,233.79㎡,2.39万/月,3.41元/m/天（价格可面议）,"('39.970534', '116.54099')"
bright,(出租)旧宫独栋商业产权适合医院。酒店，网烧餐饮等全业态有燃气,商业街店铺,详细地址请咨询,1398.0,113200.0,2.7,2.7,39.810947,116.450688,True,True,True,1398㎡,11.32万/月,2.7元/m/天,"('39.810947', '116.450688')"
bright,(出租)地铁口超大展示面直租，餐饮，医疗，美容，研究，办公等商业房本,商业街店铺,褡裢坡-地铁站,119.0,,,,39.929826,116.570245,True,False,False,119㎡,租金面议,,"('39.929826', '116.570245')"
bright,(出租)宣武门临街二层商业立项不可餐饮整租行业不限,商业街店铺,西城-西单宣武门外大街8号,2000.0,360000.0,,6.0,39.9029267,116.381993,True,True,True,2000㎡,36万/月,6元/m/天（价格可面议）,"('39.9029267', '116.381993')"
bright,(出租)双井苹果临街（新出餐饮）商铺230平3.5万烧烤海鲜家常菜等,商业街店铺,朝阳-百子湾百子湾路32号,230.0,35000.0,,5.072463768115942,39.905581,116.47703,True,True,True,230㎡,3.5万/月,5.07元/m/天（价格可面议）,"('39.905581', '116.47703')"
bright,(出租)物业直租丨烟酒东坝万达地铁口可餐饮商铺,商业街店铺,朝阳-朝青板块东坝中路,47.58,7165.55,,5.020001401148943,39.967905,116.554075,True,True,True,47.58㎡,7165.55元/月,5.02元/m/天（价格可面议）,"('39.967905', '116.554075')"
bright,(出租)直租丰台宋家庄一层餐饮商铺143平米好停车,社区底商,丰台-宋家庄金桥西街9号,143.0,25700.0,,5.9906759906759905,39.843445,116.430595,True,True,True,143㎡,2.57万/月,6元/m/天（价格可面议）,"('39.843445', '116.430595')"
bright,(出租)！！建外餐饮商铺有燃气业态不限接手可经营国贸,临街门面,朝阳-国贸东三环中路39号,100.0,10000.0,,3.3333333333333335,39.911335,116.465666,True,True,True,100㎡,1万/月,3.33元/m/天（价格可面议）,"('39.911335', '116.465666')"
bright,(出租)新出东四环餐饮商铺出租适合盖饭米线黄焖鸡等项目,临街门面,朝阳-大望路详细地址请咨询,60.0,,,,39.904522,116.497858,True,False,False,60㎡,租金面议,,"('39.904522', '116.497858')"
bright,(转让)(北商)通州梨园临街餐饮商铺出租,临街门面,云景东路52号-,240.0,50000.0,,6.944444444444445,39.88197,116.672134,True,True,True,240㎡,5万/月,转让费：面议（费用可面议）,"('39.88197', '116.672134')"
bright,(出租)丰台商铺直租紧挨地铁口水电燃气齐全餐饮,临街门面,丰台-科技园区六圈路,195.0,29300.0,,5.0085470085470085,39.825549,116.321398,True,True,True,195㎡,2.93万/月,5元/m/天（价格可面议）,"('39.825549', '116.321398')"
bright,(出租)国贸东大桥SOHO尚都餐饮商铺带外摆有燃气各类餐饮,临街门面,朝阳-东大桥东大桥路8号,350.0,43000.0,4.1,4.1,39.9242471,116.4592123,True,True,True,350㎡,4.3万/月,4.1元/m/天,"('39.9242471', '116.4592123')"
bright,(出租)东三环双井富力广场天力街临街161平米带燃气餐饮商铺,临街门面,朝阳-双井天力街,161.0,,,,39.90304,116.463785,True,False,False,161㎡,租金面议,,"('39.90304', '116.463785')"
bright,(出租)国贸133平临街餐饮商铺有燃气380V动力电,商业街店铺,朝阳-东大桥东大桥路8号,133.9,42000.0,,10.455563853622106,39.9242471,116.4592123,True,True,True,133.9㎡,4.2万/月,10.46元/m/天（价格可面议）,"('39.9242471', '116.4592123')"
bright,(出租)急租！东四环可餐饮商铺招餐饮便利店生鲜超市药店等,临街门面,详细地址请咨询,80.0,,,,39.914886,116.501987,True,False,False,80㎡,租金面议,,"('39.914886', '116.501987')"
bright,(出租)万象汇，清河新城永泰庄，128平餐饮商铺有燃气,商业街店铺,永泰庄西路-道路-北京市海淀区,128.0,26900.0,,7.005208333333333,40.03704,116.358707,True,True,True,128㎡,2.69万/月,7元/m/天（价格可面议）,"('40.03704', '116.358707')"
bright,(出租)鸟巢旁可做餐饮商铺一层395平二层2000平业态不限有停车场,社区底商,朝阳-健翔桥北辰西路,395.0,65199.99999999999,5.5,5.5,,,False,True,True,395㎡,6.52万/月,5.5元/m/天, 
bright,(出租)德胜门临街商铺出租，适合拉面烧烤刷肉火锅沙县米线特色餐饮,商业街店铺,西城-德胜门黄寺大街,100.0,24000.0,,8.0,39.969085,116.389271,True,True,True,100㎡,2.4万/月,8元/m/天（价格可面议）,"('39.969085', '116.389271')"
bright,(出租)世贸天阶餐饮商铺丨SOHO尚都底商丨带燃气丨精装修丨,写字楼配套,朝阳-CBD东大桥路8号,135.0,42000.0,10.37,10.37,39.9242471,116.4592123,True,True,True,135㎡,4.2万/月,10.37元/m/天,"('39.9242471', '116.4592123')"
bright,(出租)东四环百子湾餐饮商铺40平13000月馆炒菜烧烤海鲜精酿,商业街店铺,朝阳-百子湾广渠东路33号,40.0,13000.0,,10.833333333333334,39.903576,116.511555,True,True,True,40㎡,1.3万/月,10.83元/m/天（价格可面议）,"('39.903576', '116.511555')"
bright,(出租)海淀区上地华联餐饮街新出商铺32平适合各种网红小吃水吧,购物百货中心,海淀-上地农大南路1号,30.0,,,,40.03489,116.31773,True,False,False,30㎡,租金面议,,"('40.03489', '116.31773')"
bright,(出租)直租刘家窑商铺纯一层大展示面人流不断可餐饮,社区底商,朝阳-百子湾详细地址请咨询,50.0,15000.0,,10.0,39.863229,116.402136,True,True,True,50㎡,1.5万/月,10元/m/天（价格可面议）,"('39.863229', '116.402136')"
bright,(出租)经海路地铁附近京东总部旁客流稳定美食城档口出租,写字楼配套,大兴-亦庄经海三路,30.0,10000.0,,11.11111111111111,39.78888,116.561527,True,True,True,30㎡,1万/月,11.11元/m/天（价格可面议）,"('39.78888', '116.561527')"
bright,(出租)250平棋牌室10个大房间适合美容养生培训,临街门面,通州-九棵树详细地址请咨询,250.0,18000.0,2.4,2.4,39.892596,116.65024,True,True,True,250㎡,1.8万/月,2.4元/m/天,"('39.892596', '116.65024')"
bright,(出租)物业直租只需三个月租金免费用九个月手慢无,临街门面,丰台-和义详细地址请咨询,106.0,12700.0,,3.993710691823899,39.827745,116.414765,True,True,True,106㎡,1.27万/月,4元/m/天（价格可面议）,"('39.827745', '116.414765')"
bright,(出租)物业直租朝阳公园蓝色港湾一层临街500平大展示面适合全业态,临街门面,朝阳-亮马桥朝阳公园路6号,500.0,,,,39.9555143,116.4820858,True,False,False,500㎡,租金面议,,"('39.9555143', '116.4820858')"
bright,(转让)朝外SOHO154平餐饮店转让，固定客源+高流量，白领消费高,商业街店铺,朝外SOHO,154.0,18000.0,28.0,28.0,39.925733,116.461265,True,True,True,154㎡,1.8万/月,转让费：28万元,"('39.925733', '116.461265')"
bright,(出租)朝阳区地铁口甲方直招大型商超批发市集车展花鸟古玩宠物培训基地,社区底商,朝阳-定福庄朝阳北路,8162.74,565700.0,,2.310090320978822,39.929826,116.570245,True,True,True,8162.74㎡,56.57万/月,2.31元/m/天（价格可面议）,"('39.929826', '116.570245')"
bright,(出租)修脚瑜伽SPA健康养生宠物店茶楼老年护理站六号线地铁,社区底商,定福家园南里-3号院-北京市朝阳区,257.0,19300.0,,2.503242542153048,39.928974,116.571836,True,True,True,257㎡,1.93万/月,2.5元/m/天（价格可面议）,"('39.928974', '116.571836')"
bright,(出租)大兴南五环，适合会所接待用房！豪华装修245平有燃气,写字楼配套,详细地址请咨询,245.0,23100.0,,3.142857142857143,39.779167,116.36893,True,True,True,245㎡,2.31万/月,3.14元/m/天（价格可面议）,"('39.779167', '116.36893')"
bright,(出租)朝阳东三环高端住宅底商精装修适合中医美容足疗口腔等,临街门面,朝阳-劲松西大望路,340.0,51000.0,,5.0,39.894049,116.483897,True,True,True,340㎡,5.1万/月,5元/m/天（价格可面议）,"('39.894049', '116.483897')"
bright,(出租)西城区阜内大街89号临街底商旺铺房东直租,临街门面,阜成门内大街-89,165.0,50000.0,10.1,10.1,39.930064,116.37678,True,True,True,165㎡,5万/月,10.1元/m/天,"('39.930064', '116.37678')"
bright,(出租)通州九棵树东路临地铁口挨着周边都是品牌店,临街门面,通州-临河里九棵树东路,100.0,,,,39.876378,116.692258,True,False,False,100㎡,租金面议,,"('39.876378', '116.692258')"
bright,(出租)(12个月免租)通州果园临主街商业氛围浓厚周边配套齐,临街门面,通州-九棵树怡乐中路,330.0,44600.0,,4.505050505050505,39.887159,116.641741,True,True,True,330㎡,4.46万/月,4.5元/m/天（价格可面议）,"('39.887159', '116.641741')"
bright,(出租)通州副中心地铁口周边很多品牌店全业态客餐带燃气,临街门面,通州-土桥土桥中街,200.0,,,,39.87895,116.703595,True,False,False,200㎡,租金面议,,"('39.87895', '116.703595')"
bright,(出租)通州九棵树12个月免租合适培训口腔诊所美容养生等,临街门面,通州-九棵树怡乐中路,330.0,44600.0,,4.505050505050505,39.890478,116.64165,True,True,True,330㎡,4.46万/月,4.5元/m/天（价格可面议）,"('39.890478', '116.64165')"
bright,(转让)德胜门商业街面包连锁蛋糕店转让客流密集位置好,临街门面,TOUSlesJOURS多乐之日(新风里店),101.2,36000.0,35.0,35.0,39.967792,116.381939,True,True,True,101.2㎡,3.6万/月,转让费：35万元,"('39.967792', '116.381939')"
bright,(出租)超长免租通州梨园果园交界处成熟社区底商社区区集中人流量大,临街门面,通州-九棵树怡乐中路,330.0,,,,39.887159,116.641741,True,False,False,330㎡,租金面议,,"('39.887159', '116.641741')"
bright,(出租)东坝社区商业30小户型美甲按摩养生零售创业者4800元,社区底商,朝阳-东坝东坝南二街,30.06,4800.0,,5.322687957418497,39.966577,116.571061,True,True,True,30.06㎡,4800元/月,5.32元/m/天（价格可面议）,"('39.966577', '116.571061')"
bright,(出租)大兴旧宫成熟社区底商众多品牌店格局好位置好价格好,临街门面,大兴-旧宫旧宫东西大街,120.0,13700.000000000002,,3.8055555555555562,39.812622,116.461389,True,True,True,120㎡,1.37万/月,3.8元/m/天（价格可面议）,"('39.812622', '116.461389')"
bright,(出租)黄村临街旺铺110平全业态有燃气独立卫生间,社区底商,北京市大兴区兴丰街道富强路52号,110.0,15000.0,4.55,4.55,39.743319,116.347459,True,True,True,110㎡,1.5万/月,4.55元/m/天,"('39.743319', '116.347459')"
bright,(出租)回龙观龙腾苑二区临街商铺出租420平可租无其他费用,临街门面,龙腾苑-二区,210.0,22000.0,3.49,3.49,40.083172,116.343681,True,True,True,210㎡,2.2万/月,3.49元/m/天,"('40.083172', '116.343681')"
bright,(出租)郭公庄地铁站丨西华府底商丨可多种经营丨200平到2000平,临街门面,丰台-丰台周边六圈南路,700.0,67200.0,,3.2,39.820428,116.311031,True,True,True,700㎡,6.72万/月,3.2元/m/天（价格可面议）,"('39.820428', '116.311031')"
bright,(出租)南四环丰台区超市装修临街一层写字楼配套166平米,写字楼配套,丰台-总部基地航丰路1号,177.0,31900.0,,6.007532956685499,39.838,116.293741,True,True,True,177㎡,3.19万/月,6元/m/天（价格可面议）,"('39.838', '116.293741')"
bright,(出租)朝阳区惠新西街对外经贸大学中日医院附近临街二层500平米,商业街店铺,朝阳-惠新里惠新东街,420.0,,,,39.985146,116.431007,True,False,False,420㎡,租金面议,,"('39.985146', '116.431007')"
bright,(出租)朝阳区北土城东路对外经贸大学附近临街500平米二层出租,临街门面,朝阳-芍药居惠新东街14号,500.0,,,,39.985216,116.43155,True,False,False,500㎡,租金面议,,"('39.985216', '116.43155')"
bright,(出租)邻三环900平米适合办公会所餐饮茶楼娱乐,临街门面,苏皖大厦,900.0,94500.0,3.5,3.5,39.852427,116.344356,True,True,True,900㎡,9.45万/月,3.5元/m/天,"('39.852427', '116.344356')"
bright,(出租)地铁口8100平米招生鲜市集，家居花卉文玩科技展厅4S店等,临街门面,朝阳-定福庄详细地址请咨询,8162.74,565700.0,,2.310090320978822,39.930105,116.571879,True,True,True,8162.74㎡,56.57万/月,2.31元/m/天（价格可面议）,"('39.930105', '116.571879')"
bright,(出租)南三环丰台角门东地铁口临街商业4000平招租酒店,商业街店铺,角门东-地铁站-北京市丰台区,4000.0,360000.0,3.0,3.0,39.851479,116.392528,True,True,True,4000㎡,36万/月,3元/m/天,"('39.851479', '116.392528')"
bright,(转让)30万社区丨十字路口丨清真火锅丨培训丨跆拳道丨自由搏击,社区底商,朝阳-常营详细地址请咨询,339.0,,,,39.935707,116.588604,True,False,False,339㎡,租金面议,无转让费,"('39.935707', '116.588604')"
bright,(出租)常营龙湖200平米美容精装没有转让费接手营业,商业街店铺,朝阳-常营朝阳北路,200.0,18000.0,,3.0,39.934636,116.608167,True,True,True,200㎡,1.8万/月,3元/m/天（价格可面议）,"('39.934636', '116.608167')"
bright,(出租)安慧北里逸园28号楼临街底商旺铺直租,临街门面,安慧北里逸园南区-28号楼,316.0,105000.0,11.08,11.08,40.005405,116.419745,True,True,True,316㎡,10.5万/月,11.08元/m/天,"('40.005405', '116.419745')"
bright,(出租)常营龙湖230平米普拉提装修接手即可营业价格好谈,商业街店铺,朝阳-常营朝阳北路,230.0,20700.0,,3.0,39.934636,116.608167,True,True,True,230㎡,2.07万/月,3元/m/天（价格可面议）,"('39.934636', '116.608167')"
bright,(出租)广渠门内大街188平涮肉火锅快餐手擀面网红小吃,写字楼配套,广渠门内-地铁站-北京市东城区,188.0,50000.0,8.87,8.87,39.899617,116.440734,True,True,True,188㎡,5万/月,8.87元/m/天,"('39.899617', '116.440734')"
bright,(出租)广安门中医院西便门220平招租烤鸭饺子涮肉烤肉火锅中快餐,临街门面,西城-天宁寺西便门东内大街,220.0,53500.0,8.1,8.1,39.905802,116.359415,True,True,True,220㎡,5.35万/月,8.1元/m/天,"('39.905802', '116.359415')"
bright,(出租)朝阳东三环百子湾大郊亭地铁站1000平适合大型商务宴请可外摆,商业街店铺,大郊亭-地铁站-北京市朝阳区,1000.0,135000.0,,4.5,39.899072,116.494705,True,True,True,1000㎡,13.5万/月,4.5元/m/天（价格可面议）,"('39.899072', '116.494705')"
bright,(出租)黄村恒大未来城两层140㎡出租，成熟社区全业态，近地铁,商业街店铺,恒大未来城,140.0,8999.0,2.14,2.14,39.720345,116.320946,True,True,True,140㎡,8999元/月,2.14元/m/天,"('39.720345', '116.320946')"
bright,(出租)独栋招酒店建国路万达广场附近周边都是高端商场6450平,商业街店铺,郎家园-公交车站-北京市朝阳区,6450.0,890100.0,,4.6,39.914008,116.476727,True,True,True,6450㎡,89.01万/月,4.6元/m/天（价格可面议）,"('39.914008', '116.476727')"
bright,(出租)西城黄寺大街临街一层大展示学校办公旅游居民人流量大有燃气,临街门面,北京市朝阳区安贞街道黄寺大街3号,130.0,35100.0,,9.0,39.970583,116.401384,True,True,True,130㎡,3.51万/月,9元/m/天（费用可面议）,"('39.970583', '116.401384')"
bright,(出租)朝阳建国门英皇国际宝钢大厦附近纯一层500平租金3.5元,商业街店铺,建国门外大街-道路-北京市朝阳区,500.0,49500.0,3.3,3.3,39.913978,116.465795,True,True,True,500㎡,4.95万/月,3.3元/m/天,"('39.913978', '116.465795')"
bright,(出租)岳各庄四环内一层10平米适合鲜花.五金.零售.复印.,社区底商,丰台-太平桥广安路,10.0,6000.0,20.0,20.0,39.892232,116.320401,True,True,True,10㎡,6000元/月,20元/m/天,"('39.892232', '116.320401')"
bright,(出租)朝阳王四营人民日报印刷厂内1100平米餐厅档口招租,档口摊位,人民日报印刷厂,25.0,5000.0,6.67,6.67,39.866413,116.551483,True,True,True,25㎡,5000元/月,6.67元/m/天,"('39.866413', '116.551483')"
bright,(出租)丰台区大型社区十字路口拔脚展示面大烟酒全业态,临街门面,丰台-和义久敬庄路,150.0,13500.0,,3.0,39.827745,116.414765,True,True,True,150㎡,1.35万/月,3元/m/天（价格可面议）,"('39.827745', '116.414765')"
bright,(出租)京东总部旁客流稳定美食城档口出租经海路地铁站旁交通便利,档口摊位,大兴-亦庄东区经海三路,30.0,9500.0,10.56,10.56,39.78888,116.561527,True,True,True,30㎡,9500元/月,10.56元/m/天,"('39.78888', '116.561527')"
bright,(出租)万达广场电梯旺铺招饮品零售烘焙服装等业态不限,购物百货中心,朝阳-双桥双桥路3号,80.0,,,,39.91391,116.582602,True,False,False,80㎡,租金面议,,"('39.91391', '116.582602')"
bright,(出租)万达旺铺直租正对电梯200平旺铺直租随时看,购物百货中心,朝阳-双桥双桥路3号,200.0,,,,39.91391,116.582602,True,False,False,200㎡,租金面议,,"('39.91391', '116.582602')"
bright,(转让)朝阳北京200平餐厅转让，出租早点,社区底商,铭泽生活广场,200.0,30000.0,15.0,15.0,39.869836,116.48346,True,True,True,200㎡,3万/月,转让费：15万元,"('39.869836', '116.48346')"
bright,(出租)门头8米高消费人群写字楼社区密集周边2公里40万人口,写字楼配套,东城-建国门详细地址请咨询,188.0,50800.0,,9.00709219858156,39.899073,116.436182,True,True,True,188㎡,5.08万/月,9元/m/天（费用可面议）,"('39.899073', '116.436182')"
bright,(出租)北苑86平开间底商，装修不错，后门通社区随时看房,社区底商,昌平-天通苑详细地址请咨询,86.0,,,,40.066585,116.428384,True,False,False,86㎡,租金面议,,"('40.066585', '116.428384')"
bright,(出租)社区86平开间商业房，适合药店，诊所等,社区底商,朝阳-奥林匹克公园详细地址请咨询,86.0,,,,40.014962,116.424009,True,False,False,86㎡,租金面议,,"('40.014962', '116.424009')"
bright,(出租)甲方直租房山长阳CSD行政区60到5000平大面积商业招租,临街门面,房山-长阳昊天北大街38号,5000.0,450000.0,3.0,3.0,39.768195,116.171977,True,True,True,5000㎡,45万/月,3元/m/天,"('39.768195', '116.171977')"
bright,(转让)地铁积水潭站附近临街底商旺铺转让,临街门面,小炊谣,110.0,45900.0,15.0,15.0,39.957642,116.378567,True,True,True,110㎡,4.59万/月,转让费：15万元,"('39.957642', '116.378567')"
bright,(出租)北京核心景区南锣鼓巷c位商铺招租,商业街店铺,南锣鼓巷,400.0,200000.0,16.67,16.67,39.943562,116.408878,True,True,True,400㎡,20万/月,16.67元/m/天,"('39.943562', '116.408878')"
bright,(出租)海淀上地科实大厦底商商铺房东直租,写字楼配套,科实大厦,600.0,144000.0,8.0,8.0,40.040731,116.318389,True,True,True,600㎡,14.4万/月,8元/m/天,"('40.040731', '116.318389')"
bright,(出租)朝外大街日坛晶华8号楼底商临街门面房东直租除重餐饮外行业不限,社区底商,日坛晶华-8号楼,173.45,39000.0,7.49,7.49,39.926518,116.450761,True,True,True,173.45㎡,3.9万/月,7.49元/m/天,"('39.926518', '116.450761')"
bright,(出租)海淀五道口农业大学100-300平直租无转让费可餐饮！,临街门面,清华东路15号,105.97,26000.0,8.18,8.18,40.007289,116.366487,True,True,True,105.97㎡,2.6万/月,8.18元/m/天,"('40.007289', '116.366487')"
bright,(出租)石景山古城路步行街核心铺招租！近商场社区，人流量大,商业街店铺,古城南路步行街,140.0,,,,39.916957,116.198351,True,False,False,140㎡,租金面议,（价格可面议）,"('39.916957', '116.198351')"
bright,(转让)石景山八角西街280平精装涮肉店转租，5年租期人流量大,临街门面,八角西街,280.0,58800.0,,7.0,39.920335,116.205284,True,True,True,280㎡,5.88万/月,转让费：面议（转让费可面议）,"('39.920335', '116.205284')"
bright,(出租)奥林匹克公园临街铺面70-300平出租，12元/㎡含物业费,商业街店铺,北京工艺美术博物馆(文创店),80.0,29000.0,12.08,12.08,40.00572,116.400322,True,True,True,80㎡,2.9万/月,12.08元/m/天,"('40.00572', '116.400322')"
bright,(出租)旭景园1万平招租全业态制可仓储，配套手续齐全，整租可分租,临街门面,旭景园·精致生活广场,10000.0,,,,39.945537,116.703494,True,False,False,10000㎡,租金面议,（价格可面议）,"('39.945537', '116.703494')"
bright,(转让)蓝堡公寓饭店整体转600平精装含KTV，近华贸高客流价格可谈,商业街店铺,蓝堡国际公寓-南区,600.0,60000.0,80.0,80.0,39.916652,116.48313,True,True,True,600㎡,6万/月,转让费：80万元,"('39.916652', '116.48313')"
bright,(出租)（0转让费）朝阳欢乐谷附近Ⅰ临街流量社区底商旺铺整体出租,社区底商,PETLADY宠娘宠物生活馆(格林莱雅店),80.0,19000.0,7.92,7.92,39.873411,116.513574,True,True,True,80㎡,1.9万/月,7.92元/m/天,"('39.873411', '116.513574')"
bright,(出租)双井桥地铁D口附近临街社区底商人流量大旺铺出租位置优越,临街门面,优士阁-B座,87.0,22000.0,8.43,8.43,39.898418,116.466159,True,True,True,87㎡,2.2万/月,8.43元/m/天,"('39.898418', '116.466159')"
bright,(转让)朝阳北花园1号院一层店转租，设备全临主路,临街门面,中国传媒大学,130.0,32500.0,18.0,18.0,39.917551,116.563634,True,True,True,130㎡,3.25万/月,转让费：18万元,"('39.917551', '116.563634')"
bright,(出租)亦庄同济南路10㎡临街档口酒店公寓旁，白领多做早餐小吃奶茶佳,临街门面,同济南路,10.0,,,,39.779083,116.546239,True,False,False,10㎡,租金面议,（价格可面议）,"('39.779083', '116.546239')"
bright,(出租)新街口积水潭小西天临街商铺房东直租、周边客流大(除餐饮外),临街门面,新街口外大街29号,40.0,30000.0,25.0,25.0,39.958119,116.377868,True,True,True,40㎡,3万/月,25元/m/天,"('39.958119', '116.377868')"
bright,(出租)房东直租可线上超市台球轰趴足疗简餐中央厨房仓储,社区底商,百子湾东里,420.0,,,,39.905263,116.511316,True,False,False,420㎡,租金面议,（价格可面议）,"('39.905263', '116.511316')"
bright,(转让)石景山台湾街核心铺！一层方正新装修，临街旺区营业中,商业街店铺,北京台湾街-C区,168.0,60000.0,,11.904761904761905,39.909978,116.245326,True,True,True,168㎡,6万/月,转让费：面议（转让费可面议）,"('39.909978', '116.245326')"
bright,(转让)朝阳亚运村Ⅰ临街社区流量底商旺铺整体转让人流量大位置明显,临街门面,安慧里(三区)-4号楼,100.0,21700.0,,7.233333333333333,39.998277,116.416682,True,True,True,100㎡,2.17万/月,转让费：面议（转让费可面议）,"('39.998277', '116.416682')"
bright,(转让)朝阳区双井Ⅰ社区临街流量旺铺底商整体转让！,临街门面,鲜品汇生鲜超市(百环家园店),1050.0,,,,39.894717,116.473363,True,False,False,1050㎡,租金面议,转让费：面议（费用可面议）,"('39.894717', '116.473363')"
bright,(转让)通州梨园Ⅰ环球影城旁酒店流量底商旺铺整体转让,临街门面,须玖日式便当店(环球影城店),60.0,12000.0,10.0,10.0,39.87019,116.672668,True,True,True,60㎡,1.2万/月,转让费：10万元,"('39.87019', '116.672668')"
bright,(出租)丰台花乡Ⅰ临街社区底商出租|餐饮修脚生鲜行业不限充足客源,临街门面,诺德逸府,110.0,15000.0,4.55,4.55,39.81904,116.32086,True,True,True,110㎡,1.5万/月,4.55元/m/天,"('39.81904', '116.32086')"
bright,(出租)工体东路中国红街临街底商出租，120平带燃气可餐饮行业不限,商业街店铺,工人体育场东路,86.16,53000.0,20.5,20.5,39.929387,116.457008,True,True,True,86.16㎡,5.3万/月,20.5元/m/天,"('39.929387', '116.457008')"
bright,(出租)昌平鼓楼东街32号一层临街旺铺客流大可租可售不可餐饮,临街门面,昌平二街社区养老服务驿站,218.0,29000.0,4.43,4.43,40.230012,116.243588,True,True,True,218㎡,2.9万/月,4.43元/m/天,"('40.230012', '116.243588')"
bright,(出租)朝阳黄渠地铁站旁商业铺招商，650平可分租，业态不限！,临街门面,地铁黄渠站,650.0,,,,39.930915,116.583279,True,False,False,650㎡,租金面议,（价格可面议）,"('39.930915', '116.583279')"
bright,(出租)房东直租美食城档口火热招租！昌平朝阳交界天通苑北苑立水桥核心,档口摊位,上善食客通星厨,15.0,3000.0,6.67,6.67,40.060864,116.418669,True,True,True,15㎡,3000元/月,6.67元/m/天,"('40.060864', '116.418669')"
bright,(出租)写字楼底商东大桥餐饮装修中式快餐火锅烤肉酒吧影院等,社区底商,朝阳-东大桥东大桥路8号,350.0,42000.0,,4.0,39.9242471,116.4592123,True,True,True,350㎡,4.2万/月,4元/m/天（价格可面议）,"('39.9242471', '116.4592123')"
bright,(出租)苹果园临街商业适合餐饮培训足疗美容展厅火锅烤肉自助,社区底商,石景山-苹果园西井路,1200.0,,,,39.939265,116.191061,True,False,False,1200㎡,租金面议,,"('39.939265', '116.191061')"
bright,(出租)顺义天竺冰球小镇临街底商全业态100平起租适合餐饮,商业街店铺,3A冰球小镇南区-北京市顺义区,100.0,12000.0,4.0,4.0,40.07064,116.578429,True,True,True,100㎡,1.2万/月,4元/m/天,"('40.07064', '116.578429')"
bright,(出租)亦庄餐饮街大门头独立电梯适合台球餐饮火锅打边炉酒吧健身,社区底商,通州-次渠嘉创路10号,550.0,44600.0,,2.703030303030303,39.824293,116.553007,True,True,True,550㎡,4.46万/月,2.7元/m/天（价格可面议）,"('39.824293', '116.553007')"
bright,(出租)大兴黄村临街一层底商项目直招可餐饮等多业态人流大,商业街店铺,大兴-黄村黄村东大街38号,163.8,29500.0,6.0,6.0,39.736068,116.348483,True,True,True,163.8㎡,2.95万/月,6元/m/天,"('39.736068', '116.348483')"
bright,(出租)适合业态:台球，会所，养生棋牌网吧餐饮等一切业态,商业街店铺,丰台-玉泉营芳菲路,420.0,37800.0,,3.0,39.85226,116.329766,True,True,True,420㎡,3.78万/月,3元/m/天（价格可面议）,"('39.85226', '116.329766')"
bright,(出租)16号线地铁口可做餐饮整租甲方直租无中介费带院外摆,商业街店铺,前沙涧路7号院-北京市海淀区,199.0,,,,40.115711,116.15443,True,False,False,199㎡,租金面议,,"('40.115711', '116.15443')"
bright,(出租)大兴枣园85平有燃气全业态招饮品餐饮线上行业等,临街门面,枣园-地铁站-北京市大兴区,85.0,16800.0,6.6,6.6,39.759079,116.338975,True,True,True,85㎡,1.68万/月,6.6元/m/天,"('39.759079', '116.338975')"
bright,(出租)物业丨临学校社区餐饮台球烤肉,商业街店铺,朝阳-定福庄定福庄东街,536.93,,,,39.918236,116.567481,True,False,False,536.93㎡,租金面议,,"('39.918236', '116.567481')"
bright,(出租)方正开间租金可谈！十字路口大展示面！清真餐饮文体培训娱乐,临街门面,朝阳-常营详细地址请咨询,338.64,25400.0,,2.5001968658949525,39.933958,116.589598,True,True,True,338.64㎡,2.54万/月,2.5元/m/天（费用可面议）,"('39.933958', '116.589598')"
bright,(出租)月坛金融街商圈独栋全业态可餐饮,商业街店铺,西城-月坛详细地址请咨询,1000.0,240000.0,8.0,8.0,39.925421,116.359886,True,True,True,1000㎡,24万/月,8元/m/天,"('39.925421', '116.359886')"
bright,(出租)北四环亚运村核心位置一层沿街商业有燃气可明火餐饮医容商业出租,临街门面,朝阳-奥林匹克公园大屯北路,520.0,81100.0,5.2,5.2,40.011487,116.409024,True,True,True,520㎡,8.11万/月,5.2元/m/天,"('40.011487', '116.409024')"
bright,(出租)天坛磁器口2200平大平层适合酒店公寓餐饮菜可分租,临街门面,东城-天坛详细地址请咨询,2200.0,198000.0,,3.0,39.898832,116.421125,True,True,True,2200㎡,19.8万/月,3元/m/天（价格可面议）,"('39.898832', '116.421125')"
bright,(出租)餐饮转让朝阳295平招火锅快餐湘菜家常菜烤肉,商业街店铺,金驹家园-F区,295.0,,,,39.964493,116.575385,True,False,False,295㎡,租金面议,,"('39.964493', '116.575385')"
bright,(出租)直租！无费用国贸一层临主街餐饮小吃麻辣香锅面食炒,临街门面,朝阳-国贸东三环中路39号,100.0,20000.0,,6.666666666666667,39.911335,116.465666,True,True,True,100㎡,2万/月,6.67元/m/天（价格可面议）,"('39.911335', '116.465666')"
bright,(出租)（中拓商业）朝阳公园附近商业综合体餐饮精装修可外摆性价比高,临街门面,越界朝阳里-北京市朝阳区,500.0,60000.0,4.0,4.0,39.935131,116.486919,True,True,True,500㎡,6万/月,4元/m/天,"('39.935131', '116.486919')"
bright,(出租)交通大学8米门头餐饮铺!招:米粉米线，刀削面，各类餐饮小吃等,商业街店铺,交大东路15号院-北京市海淀区,120.0,52000.0,,14.444444444444445,39.957838,116.353809,True,True,True,120㎡,5.2万/月,14.44元/m/天（价格可面议）,"('39.957838', '116.353809')"
bright,(出租)三里屯机电院核心位置一二层停车方便主招餐饮可美容可零售,商业街店铺,朝阳-三里屯北京市朝阳区工人体育场北路4号,650.0,,,,39.937887,116.462524,True,False,False,650㎡,租金面议,,"('39.937887', '116.462524')"
bright,(出租)工体东四一层临街豪华餐饮装修前后外摆非医可餐可娱乐养生美容,商业街店铺,东城-东四十条详细地址请咨询,700.0,,,,39.93662004397672,116.445191976587,True,False,False,700㎡,租金面议,,"('39.93662004397672', '116.445191976587')"
bright,(出租)世贸天街旁有外摆餐饮酒吧全业态招商业主直租,临街门面,朝阳-国贸东大桥路8号,135.0,26000.0,,6.419753086419753,39.9242471,116.4592123,True,True,True,135㎡,2.6万/月,6.42元/m/天（价格可面议）,"('39.9242471', '116.4592123')"
bright,(出租)物业直租双井地铁口一层临主街500平餐饮展厅医美银行等,临街门面,朝阳-双井广渠路,500.0,,,,39.899642,116.471518,True,False,False,500㎡,租金面议,,"('39.899642', '116.471518')"
bright,(出租)郭公庄二层适合网吧口腔餐饮台球等一切业态,商业街店铺,丰台-科技园区郭公庄北街,1350.0,101300.00000000001,,2.501234567901235,39.823478,116.313411,True,True,True,1350㎡,10.13万/月,2.5元/m/天（费用可面议）,"('39.823478', '116.313411')"
bright,(出租)世贸天街旁下沉广场外摆餐饮酒吧西餐全业态招商,临街门面,朝阳-国贸东大桥路8号,350.0,42000.0,,4.0,39.9242471,116.4592123,True,True,True,350㎡,4.2万/月,4元/m/天（价格可面议）,"('39.9242471', '116.4592123')"
bright,(出租)6号线地铁口丨餐饮丨社区团购丨美容养生丨烧烤丨快餐店,临街门面,朝阳-定福庄朝阳北路,112.0,,,,39.929826,116.570245,True,False,False,112㎡,租金面议,,"('39.929826', '116.570245')"
bright,(出租)大兴龙湖天街新出40平主通道位置适合各种餐饮水吧可分割,购物百货中心,大兴-生物医药基地永兴路7号,40.0,,,,39.692702,116.3268053,True,False,False,40㎡,租金面议,,"('39.692702', '116.3268053')"
bright,(出租)朝阳区，大学正对面，紧邻肯得基，后一间可餐饮空铺，客群充足,临街门面,朝阳-定福庄详细地址请咨询,220.76,39700.0,,5.994443437820862,39.921846,116.562343,True,True,True,220.76㎡,3.97万/月,6元/m/天（价格可面议）,"('39.921846', '116.562343')"
bright,(出租)社区配套，可仓储展厅超市餐饮网吧健身ktv,社区底商,海淀-海淀周边温阳路,100.0,6000.0,,2.0,40.080773,116.16611,True,True,True,100㎡,6000元/月,2元/m/天（价格可面议）,"('40.080773', '116.16611')"
bright,(出租)物业直租：小区门口，128平2.3元，挨着公交站，不可餐饮。,社区底商,朝阳-来广营金港南路,127.38,8789.22,,2.3000000000000003,40.014719,116.537885,True,True,True,127.38㎡,8789.22元/月,2.3元/m/天（价格可面议）,"('40.014719', '116.537885')"
bright,(出租)406平临街展示面佳高端客流汇聚专业级美容装修燃气可餐饮,临街门面,朝阳-国贸东三环中路39号,406.0,,,,39.911335,116.465666,True,False,False,406㎡,租金面议,,"('39.911335', '116.465666')"
bright,(出租)同济南路地铁餐饮铺招品牌餐饮奶茶咖啡业态门前能停车,临街门面,大兴-亦庄东区同济中路,110.0,26400.0,,8.0,39.800794,116.530176,True,True,True,110㎡,2.64万/月,8元/m/天（价格可面议）,"('39.800794', '116.530176')"
bright,(出租)大望路SKP国贸临建国路340平餐饮商铺精装修业态不限,写字楼配套,朝阳-大望路建国路88号,340.0,,,,39.913059,116.481705,True,False,False,340㎡,租金面议,,"('39.913059', '116.481705')"
bright,(出租)新出！魏公村A类商圈餐饮商铺出租60平全业态5米面宽随时看房,商业街店铺,海淀-魏公村魏公村路,60.0,36000.0,,20.0,39.962194,116.323763,True,True,True,60㎡,3.6万/月,20元/m/天（价格可面议）,"('39.962194', '116.323763')"
bright,(出租)顶流餐饮商铺不选至少可以做对比价格美丽80平米露台客户密集,临街门面,朝阳-国贸北京市朝阳区建外街道建国路90号,350.0,,,,39.912503,116.480619,True,False,False,350㎡,租金面议,,"('39.912503', '116.480619')"
bright,(出租)新出十里堡商铺112平，租金15000元，除餐饮其他业态不限,商业街店铺,朝阳-八里庄十里堡甲3号,112.0,13500.0,,4.017857142857143,39.921457,116.511985,True,True,True,112㎡,1.35万/月,4.02元/m/天（价格可面议）,"('39.921457', '116.511985')"
bright,(出租)东大桥路口朝阳医院附近650平可做餐饮的商铺不缺人流的地方,临街门面,详细地址请咨询,650.0,204800.0,,10.502564102564103,,,False,True,True,650㎡,20.48万/月,10.5元/m/天（价格可面议）, 
bright,(出租)东四中心地段商铺出租，地铁口旁，适合麻辣烫米线等各类餐饮,临街门面,东城-东四详细地址请咨询,60.0,25000.0,,13.88888888888889,39.939221,116.423613,True,True,True,60㎡,2.5万/月,13.89元/m/天（费用可面议）,"('39.939221', '116.423613')"
bright,(出租)安宁庄40平商铺出租租金优惠适合餐饮,商业街店铺,海淀-安宁庄安宁庄后街,40.0,9600.0,,8.0,40.055179,116.333413,True,True,True,40㎡,9600元/月,8元/m/天（价格可面议）,"('40.055179', '116.333413')"
bright,(出租)国贸餐饮商铺低价出租，临街大展示面。燃气排烟等设施设备齐全，,写字楼配套,朝阳-国贸东三环中路39号,60.0,10000.0,5.56,5.56,39.911335,116.465666,True,True,True,60㎡,1万/月,5.56元/m/天,"('39.911335', '116.465666')"
bright,(出租)临街一层商铺！双展示！可茶饮美甲烘焙鲜花果切餐饮等,商业街店铺,朝阳-国贸东三环中路39号,30.0,7500.0,,8.333333333333334,39.911335,116.465666,True,True,True,30㎡,7500元/月,8.33元/m/天（价格可面议）,"('39.911335', '116.465666')"
bright,(转让)(北商)朝阳soho商业核心区，餐饮商铺转让,写字楼配套,东大桥-地铁站-北京市朝阳区,138.7,26000.0,,6.248497957221821,39.928663,116.458432,True,True,True,138.7㎡,2.6万/月,转让费：面议（费用可面议）,"('39.928663', '116.458432')"
bright,(出租)太古里三里屯网红街临街一层餐饮店铺有燃气可办照,临街门面,朝阳-工体新东路,210.66,79000.0,,12.500395582138674,39.942999,116.457555,True,True,True,210.66㎡,7.9万/月,12.5元/m/天（费用可面议）,"('39.942999', '116.457555')"
bright,(出租)东三环边双井餐饮商铺直租，15米大广告位，位置优越！,临街门面,朝阳-国贸东三环中路16号,495.0,130000.0,8.75,8.75,39.906069,116.469173,True,True,True,495㎡,13万/月,8.75元/m/天,"('39.906069', '116.469173')"
bright,(出租)中关村西区纯一层商铺展示面20米，随时看房只招餐饮,写字楼配套,海淀-苏州街善缘街,474.34,142300.0,10.0,10.0,39.98617,116.315433,True,True,True,474.34㎡,14.23万/月,10元/m/天,"('39.98617', '116.315433')"
bright,(出租)地铁16号沿线商铺出租甲方直租无中介费餐饮,社区底商,北分厂家属区,920.0,,,,,,False,False,False,920㎡,租金面议,, 
bright,(出租)北京站对面可餐饮商铺客流量大有餐饮装修,写字楼配套,朝阳-工体工人体育场北路甲2号,408.0,67300.0,5.5,5.5,39.9383847,116.4655959,True,True,True,408㎡,6.73万/月,5.5元/m/天,"('39.9383847', '116.4655959')"
bright,(出租)通州乔庄北街鑫隆商场110平米餐饮店铺出租纯一层大开间,社区底商,通州-玉桥乔庄北街,110.0,25000.0,7.58,7.58,39.901206,116.686357,True,True,True,110㎡,2.5万/月,7.58元/m/天,"('39.901206', '116.686357')"
bright,(出租)东四环十里堡小面积餐饮商铺招租紧邻大超市流量大独立门头展示好,临街门面,朝阳-朝青板块石佛营南路,42.0,5800.0,,4.603174603174603,39.937146,116.513166,True,True,True,42㎡,5800元/月,4.6元/m/天（价格可面议）,"('39.937146', '116.513166')"
bright,(出租)双井临街餐饮商铺价格合适全业态房东直租,商业街店铺,朝阳-双井东柏街10号,270.0,43700.0,,5.395061728395062,39.900693,116.471682,True,True,True,270㎡,4.37万/月,5.4元/m/天（价格可面议）,"('39.900693', '116.471682')"
bright,(出租)招酒店，办公，公寓等，详细资料,商业街店铺,北京市石景山区古城街道古城西路96号,10000.0,540000.0,,1.8,39.920639,116.184575,True,True,True,10000㎡,54万/月,1.8元/m/天（价格可面议）,"('39.920639', '116.184575')"
bright,(出租)传媒大学大型社区十字路口拔脚处展示面大320平赠200平,临街门面,朝阳-高碑店北花园中路,320.0,57600.0,6.0,6.0,39.910257,116.558224,True,True,True,320㎡,5.76万/月,6元/m/天,"('39.910257', '116.558224')"
bright,(出租)昌平大型社区小区出入口展示面大美发按摩直租,商业街店铺,昌平-东小口陈家营西路,80.0,19200.0,8.0,8.0,40.049237,116.406691,True,True,True,80㎡,1.92万/月,8元/m/天,"('40.049237', '116.406691')"
bright,(出租)定福庄大型社区十字路口拔脚处展示面大烟酒超市全业态直租,临街门面,朝阳-高碑店北花园中路,100.0,24000.0,8.0,8.0,39.910257,116.558224,True,True,True,100㎡,2.4万/月,8元/m/天,"('39.910257', '116.558224')"
bright,(转让)朝外SOHO154平餐饮店转让，固定客源+高流量，白领消费高,商业街店铺,朝外SOHO,154.0,18000.0,28.0,28.0,39.925733,116.461265,True,True,True,154㎡,1.8万/月,转让费：28万元,"('39.925733', '116.461265')"
bright,(出租)朝阳大型市区十字路口拔脚展示面大烟酒全业态,临街门面,朝阳-豆各庄大鲁店北路,150.0,27000.0,6.0,6.0,39.851268,116.5642,True,True,True,150㎡,2.7万/月,6元/m/天,"('39.851268', '116.5642')"
bright,(出租)！不是中介！！没有转租费华北电力大学档口出租,档口摊位,华北电力大学-北京市昌平区,33.0,1423.0,,1.4373737373737374,40.095757,116.316685,True,True,True,33㎡,1423元/月,1.44元/m/天（价格可面议）,"('40.095757', '116.316685')"
bright,(出租)！中国地质大学档口出租无需自己装修洗碗，无转让费,档口摊位,中国地质大学(北京)-北京市海淀区,34.0,1367.0,,1.3401960784313725,39.996893,116.355933,True,True,True,34㎡,1367元/月,1.34元/m/天（价格可面议）,"('39.996893', '116.355933')"
bright,(出租)！北京航空航天大学食堂档口火热招商，客源稳定，没有房租,档口摊位,北京航空航天大学-北京市海淀区,28.0,950.0,,1.130952380952381,39.987315,116.353709,True,True,True,28㎡,950元/月,1.13元/m/天（价格可面议）,"('39.987315', '116.353709')"
bright,(出租)西城区阜内大街89号临街底商旺铺房东直租,临街门面,阜成门内大街-89,165.0,50000.0,10.1,10.1,39.930064,116.37678,True,True,True,165㎡,5万/月,10.1元/m/天,"('39.930064', '116.37678')"
bright,(出租)合生汇新出240平美容院精装修直租性价比高,购物百货中心,朝阳-CBD西大望路21号,240.0,,,,39.899809,116.48683,True,False,False,240㎡,租金面议,,"('39.899809', '116.48683')"
bright,(出租)魏公村外国语民族大学附近300平米装修有燃气,商业街店铺,海淀-魏公村详细地址请咨询,300.0,,,,39.958412,116.323714,True,False,False,300㎡,租金面议,,"('39.958412', '116.323714')"
bright,(出租)鸿坤广场出入口展示面大100平米削面小笼包带燃气直租,写字楼配套,大兴-西红门欣旺北大街8号,100.0,24000.0,8.0,8.0,39.7972913,116.3466145,True,True,True,100㎡,2.4万/月,8元/m/天,"('39.7972913', '116.3466145')"
bright,(出租)通州北运河地铁20米50平带燃气全业态直租,写字楼配套,通州-运河大街玉带河东街1号,50.0,12000.0,8.0,8.0,39.908404,116.694442,True,True,True,50㎡,1.2万/月,8元/m/天,"('39.908404', '116.694442')"
bright,(转让)德胜门商业街面包连锁蛋糕店转让客流密集位置好,临街门面,TOUSlesJOURS多乐之日(新风里店),101.2,36000.0,35.0,35.0,39.967792,116.381939,True,True,True,101.2㎡,3.6万/月,转让费：35万元,"('39.967792', '116.381939')"
bright,(出租)朝阳北路大型社区出入口展示面大培训直租,社区底商,朝阳-常营朝阳北路,235.0,21200.0,3.0,3.0,39.930868,116.599116,True,True,True,235㎡,2.12万/月,3元/m/天,"('39.930868', '116.599116')"
bright,(出租)亦庄开发区火爆餐厅招商补招,档口摊位,天骥·智谷,15.0,5000.0,,11.11111111111111,39.787654,116.559362,True,True,True,15㎡,5000元/月,11.11元/m/天（费用可面议）,"('39.787654', '116.559362')"
bright,(出租)朝阳区管庄新天地小区临街二层180平米火爆招商业态不限,临街门面,朝阳-管庄朝阳路,180.0,16200.000000000002,,3.0000000000000004,39.921237,116.611817,True,True,True,180㎡,1.62万/月,3元/m/天（价格可面议）,"('39.921237', '116.611817')"
bright,(出租)直租朝阳社区综合体140平米招养生美容租金不高业态不限,购物百货中心,朝阳-管庄朝阳路,140.0,17000.0,,4.0476190476190474,39.918392,116.610783,True,True,True,140㎡,1.7万/月,4.05元/m/天（价格可面议）,"('39.918392', '116.610783')"
bright,(出租)回龙观龙腾苑二区临街商铺出租420平可租无其他费用,临街门面,龙腾苑-二区,210.0,22000.0,3.49,3.49,40.083172,116.343681,True,True,True,210㎡,2.2万/月,3.49元/m/天,"('40.083172', '116.343681')"
bright,(出租)临街独栋带院适合办公瑜伽健身私教教培茶室展厅会所美容银行,商业街店铺,海淀-西山杏石口路,560.0,,,,39.960458,116.237982,True,False,False,560㎡,租金面议,,"('39.960458', '116.237982')"
bright,(出租)通州智谷园区餐厅美食城档口招租全业态,档口摊位,智谷餐厅-北京市通州区,35.0,13000.0,,12.380952380952381,39.787578,116.562093,True,True,True,35㎡,1.3万/月,12.38元/m/天（价格可面议）,"('39.787578', '116.562093')"
bright,(出租)西大望路周庄临街二层招租火锅烤肉中餐全业态,临街门面,朝阳-十里河详细地址请咨询,1000.0,120000.0,,4.0,39.871682,116.480712,True,True,True,1000㎡,12万/月,4元/m/天（价格可面议）,"('39.871682', '116.480712')"
bright,(出租)魏公村大学门口18平适合小酒馆咖啡等租金面议,临街门面,海淀-魏公村魏公村路,18.0,,,,39.962194,116.323763,True,False,False,18㎡,租金面议,,"('39.962194', '116.323763')"
bright,(出租)邻三环900平米适合办公会所餐饮茶楼娱乐,临街门面,苏皖大厦,900.0,94500.0,3.5,3.5,39.852427,116.344356,True,True,True,900㎡,9.45万/月,3.5元/m/天,"('39.852427', '116.344356')"
bright,(出租)物业直租黄渠地铁口影视园区独栋可接燃气经营办公均可,商业街店铺,朝阳-常营民族家园中路,1250.0,,,,39.933958,116.589598,True,False,False,1250㎡,租金面议,,"('39.933958', '116.589598')"
bright,(出租)房东直租地铁口临街美容康养可整租可分租,商业街店铺,义和庄-地铁站-北京市大兴区,280.0,21000.0,,2.5,39.718297,116.325538,True,True,True,280㎡,2.1万/月,2.5元/m/天（价格可面议）,"('39.718297', '116.325538')"
bright,(出租)海淀人民大学地铁站双榆树一层有燃气旁边家家生意爆满！,临街门面,北京市海淀区中关村街道科学院南路44号,350.0,63000.0,,6.0,39.973761,116.332234,True,True,True,350㎡,6.3万/月,6元/m/天（价格可面议）,"('39.973761', '116.332234')"
bright,(出租)黄村西大街地铁口110平不能明火招饮品药店便利店等,临街门面,黄村西大街-地铁站-北京市大兴区,110.0,26400.0,8.0,8.0,39.73738,116.339128,True,True,True,110㎡,2.64万/月,8元/m/天,"('39.73738', '116.339128')"
bright,(出租)安慧北里逸园28号楼临街底商旺铺直租,临街门面,安慧北里逸园南区-28号楼,316.0,105000.0,11.08,11.08,40.005405,116.419745,True,True,True,316㎡,10.5万/月,11.08元/m/天,"('40.005405', '116.419745')"
bright,(出租)大兴商业项目楼层3层！可做培训周边大兴小学隔壁,商业街店铺,北京市大兴区兴丰街道兴华大街3段-26号,83.0,7968.0,,3.2,39.74434,116.331317,True,True,True,83㎡,7968元/月,3.2元/m/天（价格可面议）,"('39.74434', '116.331317')"
bright,(出租)长安壹号43平米，层高5米8，可隔二层,临街门面,门头沟-永定曹各庄路34号,43.0,10000.0,7.75,7.75,39.914894,116.131779,True,True,True,43㎡,1万/月,7.75元/m/天,"('39.914894', '116.131779')"
bright,(出租)昌平临街十字路口拐角养生馆足疗宠物店婚纱摄影,其他,昌平-立水桥陈家营西路,159.44,34000.0,7.11,7.11,40.049237,116.406691,True,True,True,159.44㎡,3.4万/月,7.11元/m/天,"('40.049237', '116.406691')"
bright,(出租)昌平TBD住总万科全业态小吃店蛋糕店宠物店团购店,其他,昌平-回龙观朱辛庄路,46.0,12500.0,9.06,9.06,40.110589,116.322857,True,True,True,46㎡,1.25万/月,9.06元/m/天,"('40.110589', '116.322857')"
bright,(出租)黄村恒大未来城两层140㎡出租，成熟社区全业态，近地铁,商业街店铺,恒大未来城,140.0,8999.0,2.14,2.14,39.720345,116.320946,True,True,True,140㎡,8999元/月,2.14元/m/天,"('39.720345', '116.320946')"
bright,(出租)通州老商业街纯一层有燃气有装修没有转让费商业氛围好,商业街店铺,通州-新华大街车站路,254.0,29000.0,,3.8057742782152233,,,False,True,True,254㎡,2.9万/月,3.81元/m/天（价格可面议）, 
bright,(出租)西四环大成路小屯路路口纯一层招租快餐包子面食,临街门面,丰台-小屯路详细地址请咨询,100.0,24000.0,,8.0,39.895673,116.262652,True,True,True,100㎡,2.4万/月,8元/m/天（价格可面议）,"('39.895673', '116.262652')"
bright,(出租)惠新西街餐饮街纯一层360平米招租生鲜超市烤肉火锅,临街门面,朝阳-芍药居详细地址请咨询,360.0,81000.0,,7.5,39.98489,116.423273,True,True,True,360㎡,8.1万/月,7.5元/m/天（价格可面议）,"('39.98489', '116.423273')"
bright,(出租)大成路临街半地下717平招租台球足疗茶楼洗浴棋牌,临街门面,丰台-小屯路详细地址请咨询,717.0,53800.0,,2.501162250116225,39.895598,116.262257,True,True,True,717㎡,5.38万/月,2.5元/m/天（价格可面议）,"('39.895598', '116.262257')"
bright,(出租)朝阳王四营人民日报印刷厂内1100平米餐厅档口招租,档口摊位,人民日报印刷厂,25.0,5000.0,6.67,6.67,39.866413,116.551483,True,True,True,25㎡,5000元/月,6.67元/m/天,"('39.866413', '116.551483')"
bright,(出租)新上！国贸华贸大望路独栋1108平米靠近SKP地铁口海底捞,商业街店铺,朝阳-大望路建国路87号,1108.0,,,,39.916877,116.486307,True,False,False,1108㎡,租金面议,,"('39.916877', '116.486307')"
bright,(出租)丰台区张仪村729平米临街成熟社区底商出租，全业态,临街门面,张仪村-公交车站-北京市丰台区,729.0,83100.0,,3.7997256515775035,39.882028,116.237901,True,True,True,729㎡,8.31万/月,3.8元/m/天（价格可面议）,"('39.882028', '116.237901')"
bright,(出租)海淀西四环精装美容，适合超市，修脚，采耳，美容，茶馆等不,社区底商,海淀-田村永定路,127.0,,,,39.933314,116.270539,True,False,False,127㎡,租金面议,,"('39.933314', '116.270539')"
bright,(出租)霄云路旁麦子店独栋出租!4753平，独栋三层,商业街店铺,朝阳-燕莎霄云路35号,4753.0,827000.0,5.8,5.8,39.96398,116.468403,True,True,True,4753㎡,82.7万/月,5.8元/m/天,"('39.96398', '116.468403')"
bright,(转让)朝阳北京200平餐厅转让，出租早点,社区底商,铭泽生活广场,200.0,30000.0,15.0,15.0,39.869836,116.48346,True,True,True,200㎡,3万/月,转让费：15万元,"('39.869836', '116.48346')"
bright,(出租)东坝物业55平大开间有装修中医推拿团购超市美发,社区底商,朝阳-东坝东坝南二街,55.0,,,,39.965964,116.574402,True,False,False,55㎡,租金面议,,"('39.965964', '116.574402')"
bright,(出租)纪家庙地铁口精装修560平米出租.有燃气,商业街店铺,丰台-玉泉营纪家庙155号,560.0,50400.0,,3.0,,,False,True,True,560㎡,5.04万/月,3元/m/天（价格可面议）, 
bright,(出租)物业丨直租丨社区底商丨临街丨客流大丨全业态丨精装修丨价格面议,社区底商,朝阳-东坝单店西路,233.79,,,,39.975844,116.54047,True,False,False,233.79㎡,租金面议,,"('39.975844', '116.54047')"
bright,(出租)物业丨直租丨东坝丨社区底商丨临街丨临地铁丨价格可谈丨,社区底商,朝阳-东坝石各庄路,79.56,7623.0,,3.1938159879336347,39.968468,116.570769,True,True,True,79.56㎡,7623元/月,3.19元/m/天（价格可面议）,"('39.968468', '116.570769')"
bright,(转让)地铁积水潭站附近临街底商旺铺转让,临街门面,小炊谣,110.0,45900.0,15.0,15.0,39.957642,116.378567,True,True,True,110㎡,4.59万/月,转让费：15万元,"('39.957642', '116.378567')"
bright,(出租)北京核心景区南锣鼓巷c位商铺招租,商业街店铺,南锣鼓巷,400.0,200000.0,16.67,16.67,39.943562,116.408878,True,True,True,400㎡,20万/月,16.67元/m/天,"('39.943562', '116.408878')"
bright,(出租)海淀上地科实大厦底商商铺房东直租,写字楼配套,科实大厦,600.0,144000.0,8.0,8.0,40.040731,116.318389,True,True,True,600㎡,14.4万/月,8元/m/天,"('40.040731', '116.318389')"
bright,(出租)朝外大街日坛晶华8号楼底商临街门面房东直租除重餐饮外行业不限,社区底商,日坛晶华-8号楼,173.45,39000.0,7.49,7.49,39.926518,116.450761,True,True,True,173.45㎡,3.9万/月,7.49元/m/天,"('39.926518', '116.450761')"
bright,(出租)海淀五道口农业大学100-300平直租无转让费可餐饮！,临街门面,清华东路15号,105.97,26000.0,8.18,8.18,40.007289,116.366487,True,True,True,105.97㎡,2.6万/月,8.18元/m/天,"('40.007289', '116.366487')"
bright,(出租)石景山古城路步行街核心铺招租！近商场社区，人流量大,商业街店铺,古城南路步行街,140.0,,,,39.916957,116.198351,True,False,False,140㎡,租金面议,（价格可面议）,"('39.916957', '116.198351')"
bright,(转让)石景山八角西街280平精装涮肉店转租，5年租期人流量大,临街门面,八角西街,280.0,58800.0,,7.0,39.920335,116.205284,True,True,True,280㎡,5.88万/月,转让费：面议（转让费可面议）,"('39.920335', '116.205284')"
bright,(出租)奥林匹克公园临街铺面70-300平出租，12元/㎡含物业费,商业街店铺,北京工艺美术博物馆(文创店),80.0,29000.0,12.08,12.08,40.00572,116.400322,True,True,True,80㎡,2.9万/月,12.08元/m/天,"('40.00572', '116.400322')"
bright,(出租)旭景园1万平招租全业态制可仓储，配套手续齐全，整租可分租,临街门面,旭景园·精致生活广场,10000.0,,,,39.945537,116.703494,True,False,False,10000㎡,租金面议,（价格可面议）,"('39.945537', '116.703494')"
bright,(转让)蓝堡公寓饭店整体转600平精装含KTV，近华贸高客流价格可谈,商业街店铺,蓝堡国际公寓-南区,600.0,60000.0,80.0,80.0,39.916652,116.48313,True,True,True,600㎡,6万/月,转让费：80万元,"('39.916652', '116.48313')"
bright,(出租)（0转让费）朝阳欢乐谷附近Ⅰ临街流量社区底商旺铺整体出租,社区底商,PETLADY宠娘宠物生活馆(格林莱雅店),80.0,19000.0,7.92,7.92,39.873411,116.513574,True,True,True,80㎡,1.9万/月,7.92元/m/天,"('39.873411', '116.513574')"
bright,(出租)双井桥地铁D口附近临街社区底商人流量大旺铺出租位置优越,临街门面,优士阁-B座,87.0,22000.0,8.43,8.43,39.898418,116.466159,True,True,True,87㎡,2.2万/月,8.43元/m/天,"('39.898418', '116.466159')"
bright,(转让)朝阳北花园1号院一层店转租，设备全临主路,临街门面,中国传媒大学,130.0,32500.0,18.0,18.0,39.917551,116.563634,True,True,True,130㎡,3.25万/月,转让费：18万元,"('39.917551', '116.563634')"
bright,(出租)亦庄同济南路10㎡临街档口酒店公寓旁，白领多做早餐小吃奶茶佳,临街门面,同济南路,10.0,,,,39.779083,116.546239,True,False,False,10㎡,租金面议,（价格可面议）,"('39.779083', '116.546239')"
bright,(出租)新街口积水潭小西天临街商铺房东直租、周边客流大(除餐饮外),临街门面,新街口外大街29号,40.0,30000.0,25.0,25.0,39.958119,116.377868,True,True,True,40㎡,3万/月,25元/m/天,"('39.958119', '116.377868')"
bright,(出租)房东直租可线上超市台球轰趴足疗简餐中央厨房仓储,社区底商,百子湾东里,420.0,,,,39.905263,116.511316,True,False,False,420㎡,租金面议,（价格可面议）,"('39.905263', '116.511316')"
bright,(转让)石景山台湾街核心铺！一层方正新装修，临街旺区营业中,商业街店铺,北京台湾街-C区,168.0,60000.0,,11.904761904761905,39.909978,116.245326,True,True,True,168㎡,6万/月,转让费：面议（转让费可面议）,"('39.909978', '116.245326')"
bright,(转让)朝阳亚运村Ⅰ临街社区流量底商旺铺整体转让人流量大位置明显,临街门面,安慧里(三区)-4号楼,100.0,21700.0,,7.233333333333333,39.998277,116.416682,True,True,True,100㎡,2.17万/月,转让费：面议（转让费可面议）,"('39.998277', '116.416682')"
bright,(转让)朝阳区双井Ⅰ社区临街流量旺铺底商整体转让！,临街门面,鲜品汇生鲜超市(百环家园店),1050.0,,,,39.894717,116.473363,True,False,False,1050㎡,租金面议,转让费：面议（费用可面议）,"('39.894717', '116.473363')"
bright,(转让)通州梨园Ⅰ环球影城旁酒店流量底商旺铺整体转让,临街门面,须玖日式便当店(环球影城店),60.0,12000.0,10.0,10.0,39.87019,116.672668,True,True,True,60㎡,1.2万/月,转让费：10万元,"('39.87019', '116.672668')"
bright,(出租)丰台花乡Ⅰ临街社区底商出租|餐饮修脚生鲜行业不限充足客源,临街门面,诺德逸府,110.0,15000.0,4.55,4.55,39.81904,116.32086,True,True,True,110㎡,1.5万/月,4.55元/m/天,"('39.81904', '116.32086')"
bright,(出租)工体东路中国红街临街底商出租，120平带燃气可餐饮行业不限,商业街店铺,工人体育场东路,86.16,53000.0,20.5,20.5,39.929387,116.457008,True,True,True,86.16㎡,5.3万/月,20.5元/m/天,"('39.929387', '116.457008')"
bright,(出租)昌平鼓楼东街32号一层临街旺铺客流大可租可售不可餐饮,临街门面,昌平二街社区养老服务驿站,218.0,29000.0,4.43,4.43,40.230012,116.243588,True,True,True,218㎡,2.9万/月,4.43元/m/天,"('40.230012', '116.243588')"
bright,(出租)朝阳黄渠地铁站旁商业铺招商，650平可分租，业态不限！,临街门面,地铁黄渠站,650.0,,,,39.930915,116.583279,True,False,False,650㎡,租金面议,（价格可面议）,"('39.930915', '116.583279')"
bright,(出租)房东直租美食城档口火热招租！昌平朝阳交界天通苑北苑立水桥核心,档口摊位,上善食客通星厨,15.0,3000.0,6.67,6.67,40.060864,116.418669,True,True,True,15㎡,3000元/月,6.67元/m/天,"('40.060864', '116.418669')"
bright,(出租)同济南路地铁餐饮铺招品牌餐饮奶茶咖啡业态门前能停车,临街门面,大兴-亦庄东区同济中路,110.0,26400.0,,8.0,39.800794,116.530176,True,True,True,110㎡,2.64万/月,8元/m/天（价格可面议）,"('39.800794', '116.530176')"
bright,(出租)海淀大钟寺餐饮旺铺!招米粉米线，砂锅，面，麻辣烫，各类小吃等,临街门面,海淀-交通大学交大东路50号,122.0,41100.0,,11.229508196721312,39.956106,116.357485,True,True,True,122㎡,4.11万/月,11.23元/m/天（费用可面议）,"('39.956106', '116.357485')"
bright,(出租)传媒大学北门丨物业直租丨台球瑜伽丨培训丨健身餐饮全业态,其他,朝阳-定福庄朝阳路,500.41,,,,39.921846,116.562343,True,False,False,500.41㎡,租金面议,,"('39.921846', '116.562343')"
bright,(出租)东三环辅路超大展示面可分租适合各类餐饮展厅接待会所,临街门面,朝阳-工体东三环北路,500.0,102000.0,,6.8,39.936129,116.468368,True,True,True,500㎡,10.2万/月,6.8元/m/天（价格可面议）,"('39.936129', '116.468368')"
bright,(出租)常营地铁口餐饮丨有燃气丨可外摆丨不限业态,商业街店铺,朝阳-常营常营中路,309.0,92700.0,,10.0,39.9348776,116.6064157,True,True,True,309㎡,9.27万/月,10元/m/天（价格可面议）,"('39.9348776', '116.6064157')"
bright,(出租)台球培训健身1200平可分割餐饮小菜园,商业街店铺,京通苑阳光华苑,568.0,,,,39.919996,116.603518,True,False,False,568㎡,租金面议,,"('39.919996', '116.603518')"
bright,(出租)有！燃气！大门头上下两层餐饮火锅炒菜烤鱼等,临街门面,朝阳-国贸东三环中路,300.0,40000.0,,4.444444444444445,39.911192,116.467993,True,True,True,300㎡,4万/月,4.44元/m/天（价格可面议）,"('39.911192', '116.467993')"
bright,(出租)（中拓商业）三元桥临街商业超大展示面适合餐饮医疗会所等不限,临街门面,第三置业-北京市朝阳区,1200.0,180000.0,5.0,5.0,39.966562,116.457931,True,True,True,1200㎡,18万/月,5元/m/天,"('39.966562', '116.457931')"
bright,(出租)海淀苏家坨综合商业可餐饮100-2000平米,商业街店铺,凤仪佳苑-北京市海淀区,500.0,,,,40.107962,116.151079,True,False,False,500㎡,租金面议,,"('40.107962', '116.151079')"
bright,(出租)交大西门餐饮集中地临街一层150平餐饮店面转让,临街门面,海淀-交通大学大慧寺南路,120.0,45800.0,,12.722222222222221,39.957122,116.339097,True,True,True,120㎡,4.58万/月,12.73元/m/天（费用可面议）,"('39.957122', '116.339097')"
bright,(出租)东大桥朝外SOHO临街一层可餐饮底商大展示面,临街门面,朝阳-东大桥朝外大街乙6号,251.0,60000.0,7.97,7.97,39.92584,116.461382,True,True,True,251㎡,6万/月,7.97元/m/天,"('39.92584', '116.461382')"
bright,(出租)顺义南法信12个月免费用万人青年社区可餐饮直租,社区底商,顺义-石门南法信府前街56号,114.0,,,,40.126049,116.619461,True,False,False,114㎡,租金面议,,"('40.126049', '116.619461')"
bright,(出租)五道口地铁163平出租有燃气户型方正招品牌餐饮医美等,临街门面,海淀-五道口展春园西路3号,163.0,78200.0,,15.991820040899796,39.995731,116.345972,True,True,True,163㎡,7.82万/月,16元/m/天（价格可面议）,"('39.995731', '116.345972')"
bright,(出租)丰台和义餐饮底商直租！招品牌餐饮，烧烤，快餐，拉面，等业态！,临街门面,丰台-和义久敬庄路,140.0,25200.0,,6.0,39.826848,116.415782,True,True,True,140㎡,2.52万/月,6元/m/天（价格可面议）,"('39.826848', '116.415782')"
bright,(出租)开发商直租丨急租可谈免租期可餐饮全业态社区口临街展示面,临街门面,朝阳-常营常营中路3号,63.0,,,,39.936919,116.612233,True,False,False,63㎡,租金面议,,"('39.936919', '116.612233')"
bright,(出租)国贸主街旺铺金角底商俯瞰中国尊全业态餐饮展厅金融不限,临街门面,朝阳-国贸东三环中路39号,300.0,,,,39.911335,116.465666,True,False,False,300㎡,租金面议,,"('39.911335', '116.465666')"
bright,(出租)一一一一业态不限可棋牌餐饮会所茶室等有燃气一一一一,其他,丰台-角门详细地址请咨询,60.0,12000.0,6.67,6.67,39.853803,116.392941,True,True,True,60㎡,1.2万/月,6.67元/m/天,"('39.853803', '116.392941')"
bright,(出租)丰台东高地1层50平16万年居民医院混合商圈适合餐饮非餐,商业街店铺,丰台-东高地万源路,50.0,13300.0,,8.866666666666667,39.811459,116.42831,True,True,True,50㎡,1.33万/月,8.89元/m/天（价格可面议）,"('39.811459', '116.42831')"
bright,(出租)石景山大展示面600平米适合台球棋牌美容培训各类餐饮,其他,石景山-衙门口景阳东街,600.0,,,,39.90065,116.212749,True,False,False,600㎡,租金面议,,"('39.90065', '116.212749')"
bright,(出租)苏州街白家大院可餐饮，适合京菜，地方菜，火锅，烤鸭，品牌餐饮,商业街店铺,海淀-中关村详细地址请咨询,900.0,175500.0,,6.5,39.982788,116.312218,True,True,True,900㎡,17.55万/月,6.5元/m/天（费用可面议）,"('39.982788', '116.312218')"
bright,(出租)源传媒地铁旁，小区十字路口2层，大露台，有车位可餐饮,社区底商,朝阳-双桥京通快速路,224.72,,,,39.910448,116.557359,True,False,False,224.72㎡,租金面议,,"('39.910448', '116.557359')"
bright,(出租)CBD临街旺铺，双层广告位，适合展示，火锅，餐饮宴请，中餐等,商业街店铺,朝阳-国贸光华路9号,850.0,,,,39.9223295,116.458647,True,False,False,850㎡,租金面议,,"('39.9223295', '116.458647')"
bright,(出租)直租通州富力中心商业30-700平适合品牌餐饮美发台球,购物百货中心,通州-玉桥赵登禹大街,155.0,15000.0,3.23,3.23,39.909491,116.691627,True,True,True,155㎡,1.5万/月,3.23元/m/天,"('39.909491', '116.691627')"
bright,(出租)房山扶持打造特色网红商业街，主招餐饮，娱乐，教培，全业态,临街门面,房山-良乡苏庄大街,1800.0,,,,39.732461,116.13019,True,False,False,1800㎡,租金面议,,"('39.732461', '116.13019')"
bright,(出租)甄选旺铺管庄地铁口培训餐饮汽车保养全业态,社区底商,朝阳-管庄常营中路146号,197.88,,,,39.932306,116.600188,True,False,False,197.88㎡,租金面议,,"('39.932306', '116.600188')"
bright,(出租)通州核心商圈周边小区中心区域十字路口位置可餐饮,社区底商,通州-次渠详细地址请咨询,166.7,,,,39.795259,116.607872,True,False,False,166.7㎡,租金面议,,"('39.795259', '116.607872')"
bright,(转让)一层餐饮8000底商可堂食可外卖现成装修,写字楼配套,朝阳-东大桥朝外大街乙6号,60.0,8000.0,,4.444444444444445,39.92584,116.461382,True,True,True,60㎡,8000元/月,无转让费（价格可面议）,"('39.92584', '116.461382')"
bright,(出租)望京商圈全业态出租适合品牌餐饮茶楼会所等,商业街店铺,望京-地铁站-北京市朝阳区,240.0,33100.0,4.6,4.6,40.004532,116.475304,True,True,True,240㎡,3.31万/月,4.6元/m/天,"('40.004532', '116.475304')"
bright,(出租)长阳路口旺铺出租招租餐饮外卖店米粉麻辣烫牛肉饭月底,临街门面,房山-长阳京良路,40.0,3600.0,,3.0,39.770199,116.217796,True,True,True,40㎡,3600元/月,3元/m/天（价格可面议）,"('39.770199', '116.217796')"
bright,(出租)一层临街中央花园招租水吧咖啡餐饮外卖美甲服装鲜花,临街门面,朝阳-国贸东三环中路39号,30.0,7000.0,,7.777777777777778,39.911335,116.465666,True,True,True,30㎡,7000元/月,7.78元/m/天（价格可面议）,"('39.911335', '116.465666')"
bright,(出租)顶流餐饮商铺不选至少可以做对比价格美丽80平米露台客户密集,临街门面,朝阳-国贸北京市朝阳区建外街道建国路90号,350.0,,,,39.912503,116.480619,True,False,False,350㎡,租金面议,,"('39.912503', '116.480619')"
bright,(出租)东城区交道口十字路口餐饮商铺出租业态不限制随时可考察,临街门面,东城-交道口详细地址请咨询,80.0,,,,39.941688,116.415065,True,False,False,80㎡,租金面议,,"('39.941688', '116.415065')"
bright,(出租)东三环边双井餐饮商铺直租，15米大广告位，位置优越！,临街门面,朝阳-国贸东三环中路16号,495.0,130000.0,8.75,8.75,39.906069,116.469173,True,True,True,495㎡,13万/月,8.75元/m/天,"('39.906069', '116.469173')"
bright,(出租)海淀区六道口一层餐饮商铺200平商铺直租水电燃气齐全,商业街店铺,海淀-学院路北学清路甲8号,200.0,66000.0,,11.0,40.014648,116.360523,True,True,True,200㎡,6.6万/月,11元/m/天（价格可面议）,"('40.014648', '116.360523')"
bright,(出租)丰台丰葆路106号220平餐饮商铺,临街门面,紫光园(丰葆路店)-北京市丰台区,220.0,37000.0,5.6,5.6,39.82139898771319,116.2973364591388,True,True,True,220㎡,3.7万/月,5.6元/m/天,"('39.82139898771319', '116.2973364591388')"
bright,(出租)50至100平可餐饮商铺物业直租，周边社区密集商业氛围浓,商业街店铺,西城-新街口文慧园路,50.0,8000.0,5.33,5.33,39.958555,116.374351,True,True,True,50㎡,8000元/月,5.33元/m/天,"('39.958555', '116.374351')"
bright,(出租)双井富力城天力街星光大道临街餐饮商铺160平米带燃气排烟租金,临街门面,朝阳-双井天力街,160.0,,,,39.90304,116.463785,True,False,False,160㎡,租金面议,,"('39.90304', '116.463785')"
bright,(出租)百子湾沿海赛洛城临街餐饮商铺54平16000月燃气烟道齐全,商业街店铺,朝阳-百子湾广渠东路33号,54.0,16000.0,,9.876543209876543,39.903576,116.511555,True,True,True,54㎡,1.6万/月,9.88元/m/天（价格可面议）,"('39.903576', '116.511555')"
bright,(出租)直租丰台宋家庄一层餐饮商铺143平米好停车,临街门面,丰台-石榴庄金桥西街9号,143.0,25700.0,,5.9906759906759905,39.843445,116.430595,True,True,True,143㎡,2.57万/月,6元/m/天（价格可面议）,"('39.843445', '116.430595')"
bright,(出租)海淀区六道口一层餐饮商铺200平商铺直租水电燃气齐全,临街门面,海淀-中关村学清路甲8号,200.0,60000.0,,10.0,40.014648,116.360523,True,True,True,200㎡,6万/月,10元/m/天（价格可面议）,"('40.014648', '116.360523')"
bright,(出租)小西天50至100平可餐饮物业商铺直招，周边社区密集商业浓,社区底商,西城-西直门文慧园路,50.0,8000.0,5.33,5.33,39.958555,116.374351,True,True,True,50㎡,8000元/月,5.33元/m/天,"('39.958555', '116.374351')"
bright,(出租)丰台丰葆路临街220平餐饮商铺纯一层,社区底商,爆肚满(丰台科技园总店)-北京市丰台区,220.0,37000.0,5.6,5.6,39.82151667939001,116.29727187097262,True,True,True,220㎡,3.7万/月,5.6元/m/天,"('39.82151667939001', '116.29727187097262')"
bright,(出租)物业直租50至100平可餐饮商铺，周边社区密集商业氛围浓,社区底商,海淀-北太平庄文慧园路,50.0,8000.0,5.33,5.33,39.958555,116.374351,True,True,True,50㎡,8000元/月,5.33元/m/天,"('39.958555', '116.374351')"
bright,(出租)北京西站附楼餐饮商铺现在是湖南菜顿每天流水1.3万4万多,商业街店铺,大兴-亦庄莲花池东路,560.0,134400.0,,8.0,39.90363,116.345931,True,True,True,560㎡,13.44万/月,8元/m/天（转让费可面议）,"('39.90363', '116.345931')"
bright,(出租)西单一层餐饮商铺适合火锅西餐料理茶馆轻餐等,商业街店铺,北京市西城区金融街街道西单北大街109-5号,350.0,94500.0,,9.0,39.920116,116.380184,True,True,True,350㎡,9.45万/月,9元/m/天（价格可面议）,"('39.920116', '116.380184')"
bright,(出租)临街商铺门面房传媒大学学院招租餐饮展示美容养生,临街门面,中国传媒大学-西1门-北京市朝阳区,220.0,,,,39.918112,116.561043,True,False,False,220㎡,租金面议,,"('39.918112', '116.561043')"
bright,(出租)十字路口一拖二可餐饮商铺赠250平露台四万常住人口,商业街店铺,朝阳-高碑店北花园中路,224.0,50400.0,7.5,7.5,39.910257,116.558224,True,True,True,224㎡,5.04万/月,7.5元/m/天,"('39.910257', '116.558224')"
bright,(出租)丰台丰葆路永旺商场对面220平餐饮商铺,临街门面,南门四季铜锅涮肉(总部基地店)-北京市丰台区,220.0,37000.0,5.6,5.6,39.82192371507654,116.29725731842338,True,True,True,220㎡,3.7万/月,5.6元/m/天,"('39.82192371507654', '116.29725731842338')"
bright,(出租)雍和宫主街面积20平租金适合水吧咖啡文玩等,商业街店铺,东城-雍和宫雍和宫大街,30.0,50000.0,55.56,55.56,39.954281,116.423026,True,True,True,30㎡,5万/月,55.56元/m/天,"('39.954281', '116.423026')"
bright,(出租)新上！层高9米！层高9米！独栋2998平米商业房本好停车,商业街店铺,朝阳-亚运村小营小营北路,2998.0,449700.0,,5.0,40.004961,116.426594,True,True,True,2998㎡,44.97万/月,5元/m/天（价格可面议）,"('40.004961', '116.426594')"
bright,(出租)五道口仅一铺！适合：米粉米线螺蛳粉，猪脚饭，煲仔饭，蹄花饭等,商业街店铺,海淀-五道口详细地址请咨询,177.0,58300.0,,10.979284369114877,39.997822,116.33532,True,True,True,177㎡,5.83万/月,10.99元/m/天（费用可面议）,"('39.997822', '116.33532')"
bright,(出租)六道口临街一层183平有燃气适合火锅川湘菜小酒馆,临街门面,海淀-学院路北学清路,183.0,49400.00000000001,,8.998178506375229,40.010098,116.358948,True,True,True,183㎡,4.94万/月,9元/m/天（价格可面议）,"('40.010098', '116.358948')"
bright,(转让)朝外SOHO154平餐饮店转让，固定客源+高流量，白领消费高,商业街店铺,朝外SOHO,154.0,18000.0,28.0,28.0,39.925733,116.461265,True,True,True,154㎡,1.8万/月,转让费：28万元,"('39.925733', '116.461265')"
bright,(出租)亚运村地下一层1260平可分租适合线上超市台球健身,临街门面,朝阳-亚运村小营大屯路,1260.0,68000.0,,1.7989417989417988,40.007433,116.421086,True,True,True,1260㎡,6.8万/月,1.8元/m/天（价格可面议）,"('40.007433', '116.421086')"
bright,(出租)六道口一层183平适合酸汤火锅川湘菜铜锅涮肉海鲜,临街门面,海淀-学院路学清路六道口甲39号,183.0,49400.00000000001,9.0,9.0,40.011807,116.357163,True,True,True,183㎡,4.94万/月,9元/m/天,"('40.011807', '116.357163')"
bright,(出租)V大兴旧宫社区底商出租119999,写字楼配套,旧宫新苑南区-4号楼-北京市大兴区,199.0,30000.0,,5.025125628140704,39.805518,116.461117,True,True,True,199㎡,3万/月,5.03元/m/天（费用可面议）,"('39.805518', '116.461117')"
bright,(出租)国贸性价比高美容中医诊所台球健身棋牌轰趴对电梯,商业街店铺,朝阳-东大桥东大桥路8号,250.0,18000.0,2.4,2.4,39.9242471,116.4592123,True,True,True,250㎡,1.8万/月,2.4元/m/天,"('39.9242471', '116.4592123')"
bright,(出租)西城区阜内大街89号临街底商旺铺房东直租,临街门面,阜成门内大街-89,165.0,50000.0,10.1,10.1,39.930064,116.37678,True,True,True,165㎡,5万/月,10.1元/m/天,"('39.930064', '116.37678')"
bright,(出租)百子湾昱泽港新出280120平办公价格可面议,商业街店铺,昱泽港创意产业园-北京市朝阳区,280.0,,,,39.907354,116.505848,True,False,False,280㎡,租金面议,,"('39.907354', '116.505848')"
bright,(出租)临街底商，小面积，有装修，左右两侧分别是银行和药店。,临街门面,七彩城(乔庄店)-北京市通州区,50.0,6000.0,4.0,4.0,39.898892,116.694854,True,True,True,50㎡,6000元/月,4元/m/天,"('39.898892', '116.694854')"
bright,(出租)苏家坨临街商圈框架结构纯一层适合药店五金诊所,社区底商,海淀-苏家坨后沙河路,131.53,,,,40.114674,116.145572,True,False,False,131.53㎡,租金面议,,"('40.114674', '116.145572')"
bright,(出租)东高地，和义，南苑，1750平，烤鸭，徽菜，湘菜，铁锅炖火锅,商业街店铺,丰台-和义详细地址请咨询,1750.0,105000.0,2.0,2.0,39.813804,116.427792,True,True,True,1750㎡,10.5万/月,2元/m/天,"('39.813804', '116.427792')"
bright,(转让)德胜门商业街面包连锁蛋糕店转让客流密集位置好,临街门面,TOUSlesJOURS多乐之日(新风里店),101.2,36000.0,35.0,35.0,39.967792,116.381939,True,True,True,101.2㎡,3.6万/月,转让费：35万元,"('39.967792', '116.381939')"
bright,(出租)急租和平里地铁口装修好的在410平米餐厅,临街门面,和平里北街-地铁站-北京市东城区,410.0,,,,39.964752,116.42505,True,False,False,410㎡,租金面议,,"('39.964752', '116.42505')"
bright,(出租)新房源！海淀双榆树一层312平米靠近超市发南城香地铁站,临街门面,海淀-双榆树双榆树三街,312.0,65500.0,,6.997863247863248,39.973576,116.332004,True,True,True,312㎡,6.55万/月,7元/m/天（价格可面议）,"('39.973576', '116.332004')"
bright,(出租)包装修！急租！朝阳大悦城！招养生理疗按摩~会所办公,社区底商,详细地址请咨询,200.0,,,,39.930956,116.525487,True,False,False,200㎡,租金面议,,"('39.930956', '116.525487')"
bright,(出租)东坝十字路口好位置临近地铁小区出入口！零食奶茶修脚美发全业态,临街门面,朝阳-东坝详细地址请咨询,41.43,6525.22,,5.249995977150213,39.956565,116.556911,True,True,True,41.43㎡,6525.22元/月,5.25元/m/天（费用可面议）,"('39.956565', '116.556911')"
bright,(出租)回龙观龙腾苑二区临街商铺出租420平可租无其他费用,临街门面,龙腾苑-二区,210.0,22000.0,3.49,3.49,40.083172,116.343681,True,True,True,210㎡,2.2万/月,3.49元/m/天,"('40.083172', '116.343681')"
bright,(出租)枣园适合蛋糕奶茶冷饮美容美发康养看房联系,商业街店铺,黄村火车站-地铁站-北京市大兴区,50.0,12500.0,,8.333333333333334,39.728412,116.339341,True,True,True,50㎡,1.25万/月,8.33元/m/天（价格可面议）,"('39.728412', '116.339341')"
bright,(出租)朝阳区团结湖路临街一层281平适合家常菜手擀面拉面烧烤烤肉,商业街店铺,朝阳-团结湖团结湖路,281.0,80100.0,,9.501779359430605,39.938392,116.473638,True,True,True,281㎡,8.01万/月,9.5元/m/天（费用可面议）,"('39.938392', '116.473638')"
bright,(出租)直租西三环阜成路15米展示面商业立项有车位业态不限,商业街店铺,海淀-定慧寺阜成路95号,1200.0,234000.0,,6.5,39.930654,116.295186,True,True,True,1200㎡,23.4万/月,6.5元/m/天（费用可面议）,"('39.930654', '116.295186')"
bright,(出租)陶然亭旺铺小区门口招全业态,临街门面,西城-陶然亭陶然亭路,98.0,29400.0,10.0,10.0,39.885091,116.391235,True,True,True,98㎡,2.94万/月,10元/m/天,"('39.885091', '116.391235')"
bright,(出租)邻三环900平米适合办公会所餐饮茶楼娱乐,临街门面,苏皖大厦,900.0,94500.0,3.5,3.5,39.852427,116.344356,True,True,True,900㎡,9.45万/月,3.5元/m/天,"('39.852427', '116.344356')"
bright,(出租)四道口总部临街一层240平米出租水电燃气齐全,写字楼配套,海淀-大钟寺四道口北街,280.0,88200.0,,10.5,39.972499,116.350797,True,True,True,280㎡,8.82万/月,10.5元/m/天（转让费可面议）,"('39.972499', '116.350797')"
bright,(出租)朝阳北路，火锅店直租，全套装修，入住,临街门面,朝阳-大望路朝阳路,405.0,54700.0,,4.502057613168724,39.921573,116.5005,True,True,True,405㎡,5.47万/月,4.5元/m/天（价格可面议）,"('39.921573', '116.5005')"
bright,(出租)北京西站南路临街一层60平适合养生修脚美发团购麻辣烫特产熟食,商业街店铺,丰台-太平桥北京西站南路,60.0,24000.0,13.33,13.33,39.891858,116.327719,True,True,True,60㎡,2.4万/月,13.33元/m/天,"('39.891858', '116.327719')"
bright,(出租)V通州果园社区底商招租全业态都可做！118768,临街门面,果园-地铁站-北京市通州区,340.0,35000.0,,3.4313725490196076,39.89966,116.653045,True,True,True,340㎡,3.5万/月,3.43元/m/天（费用可面议）,"('39.89966', '116.653045')"
bright,(出租)安慧北里逸园28号楼临街底商旺铺直租,临街门面,安慧北里逸园南区-28号楼,316.0,105000.0,11.08,11.08,40.005405,116.419745,True,True,True,316㎡,10.5万/月,11.08元/m/天,"('40.005405', '116.419745')"
bright,(出租)海淀区增光路临街一层适合中医门诊药店美容美发修脚养生干洗店,临街门面,海淀-增光路增光路,113.0,,,,39.934065,116.317878,True,False,False,113㎡,租金面议,,"('39.934065', '116.317878')"
bright,(出租)海淀田村临街一层150平米适合药店诊所养生美容护理站眼镜店,临街门面,海淀-五路居田村路,150.0,,,,39.935729,116.257466,True,False,False,150㎡,租金面议,,"('39.935729', '116.257466')"
bright,(出租)石景山鲁谷临街一层143平适合团购超市美发美甲干洗店眼镜店等,临街门面,石景山-鲁谷鲁谷村路,143.0,,,,39.907041,116.242461,True,False,False,143㎡,租金面议,,"('39.907041', '116.242461')"
bright,(出租)三里屯300平米餐厅出租,临街门面,朝阳-三里屯三里屯路19号,300.0,,,,39.940722,116.461001,True,False,False,300㎡,租金面议,,"('39.940722', '116.461001')"
bright,(出租)黄村恒大未来城两层140㎡出租，成熟社区全业态，近地铁,商业街店铺,恒大未来城,140.0,8999.0,2.14,2.14,39.720345,116.320946,True,True,True,140㎡,8999元/月,2.14元/m/天,"('39.720345', '116.320946')"
bright,(出租)直租朝阳医院临街一层95平面馆米线羊汤小笼包早餐,临街门面,阿泰包子(新天地店)-北京市朝阳区,95.0,18500.0,,6.491228070175438,39.922465,116.611414,True,True,True,95㎡,1.85万/月,6.5元/m/天（价格可面议）,"('39.922465', '116.611414')"
bright,(出租)望京丽都，医美转让，全套装修，入住,临街门面,朝阳-酒仙桥芳园西路,650.0,97500.0,,5.0,39.983506,116.490411,True,True,True,650㎡,9.75万/月,5元/m/天（价格可面议）,"('39.983506', '116.490411')"
bright,(出租)甲方直租无中介费清盘项目,社区底商,金盏嘉园,280.0,,,,,,False,False,False,280㎡,租金面议,, 
bright,(出租)新上！海淀双榆树人民大学地铁站一层348平米靠近超市发南城香,临街门面,海淀-双榆树中关村大街,348.0,73100.0,,7.001915708812261,39.97367,116.332066,True,True,True,348㎡,7.31万/月,7元/m/天（价格可面议）,"('39.97367', '116.332066')"
bright,(出租)朝阳王四营人民日报印刷厂内1100平米餐厅档口招租,档口摊位,人民日报印刷厂,25.0,5000.0,6.67,6.67,39.866413,116.551483,True,True,True,25㎡,5000元/月,6.67元/m/天,"('39.866413', '116.551483')"
bright,(出租)新上！西城三里河阜成路月坛独栋1268平米靠近阜外医院好停车,商业街店铺,西城-月坛月坛南街37号,1268.0,190200.0,,5.0,39.920138,116.353492,True,True,True,1268㎡,19.02万/月,5元/m/天（价格可面议）,"('39.920138', '116.353492')"
bright,(出租)东直门外春秀路北口，十字楼口把角位置，核心地段二层，850平,商业街店铺,朝阳-三里屯春秀路,850.0,147900.0,5.8,5.8,39.945775,116.451173,True,True,True,850㎡,14.79万/月,5.8元/m/天,"('39.945775', '116.451173')"
bright,(出租)三元桥十字路口底商直租，150平，适合火锅日料等,商业街店铺,朝阳-三元桥东三环北路,150.0,54000.0,12.0,12.0,39.969949,116.461767,True,True,True,150㎡,5.4万/月,12元/m/天,"('39.969949', '116.461767')"
bright,(出租)蒲黄榆，280平，快餐，烧烤，烤肉，韩餐，超市，火锅,商业街店铺,丰台-蒲黄榆详细地址请咨询,280.0,71400.0,8.5,8.5,39.872552,116.42634,True,True,True,280㎡,7.14万/月,8.5元/m/天,"('39.872552', '116.42634')"
bright,(转让)朝阳北京200平餐厅转让，出租早点,社区底商,铭泽生活广场,200.0,30000.0,15.0,15.0,39.869836,116.48346,True,True,True,200㎡,3万/月,转让费：15万元,"('39.869836', '116.48346')"
bright,(出租)海淀苏家坨社区底商纯一层办公大厅药店诊所美容,社区底商,海淀-苏家坨后沙河路,132.0,,,,40.114674,116.145572,True,False,False,132㎡,租金面议,,"('40.114674', '116.145572')"
bright,(出租)朝阳管庄社区底商420平50米展示面全业态有燃气,商业街店铺,朝阳-管庄朝阳路,420.0,45400.0,3.6,3.6,39.923208,116.627115,True,True,True,420㎡,4.54万/月,3.6元/m/天,"('39.923208', '116.627115')"
bright,(出租)朝阳常营万人社区舞蹈室转让儿童画室书法编程体能培训,其他,朝阳-常营常营北路,142.0,,,,39.935541,116.599347,True,False,False,142㎡,租金面议,,"('39.935541', '116.599347')"
bright,(出租)（直租）全新装修免费用230有燃气2个包间16张4人卡座,商业街店铺,西城-车公庄来广营西路,230.0,55199.99999999999,,7.999999999999999,40.026196,116.471256,True,True,True,230㎡,5.52万/月,8元/m/天（价格可面议）,"('40.026196', '116.471256')"
bright,(转让)地铁积水潭站附近临街底商旺铺转让,临街门面,小炊谣,110.0,45900.0,15.0,15.0,39.957642,116.378567,True,True,True,110㎡,4.59万/月,转让费：15万元,"('39.957642', '116.378567')"
bright,(出租)北京核心景区南锣鼓巷c位商铺招租,商业街店铺,南锣鼓巷,400.0,200000.0,16.67,16.67,39.943562,116.408878,True,True,True,400㎡,20万/月,16.67元/m/天,"('39.943562', '116.408878')"
bright,(出租)海淀上地科实大厦底商商铺房东直租,写字楼配套,科实大厦,600.0,144000.0,8.0,8.0,40.040731,116.318389,True,True,True,600㎡,14.4万/月,8元/m/天,"('40.040731', '116.318389')"
bright,(出租)朝外大街日坛晶华8号楼底商临街门面房东直租除重餐饮外行业不限,社区底商,日坛晶华-8号楼,173.45,39000.0,7.49,7.49,39.926518,116.450761,True,True,True,173.45㎡,3.9万/月,7.49元/m/天,"('39.926518', '116.450761')"
bright,(出租)海淀五道口农业大学100-300平直租无转让费可餐饮！,临街门面,清华东路15号,105.97,26000.0,8.18,8.18,40.007289,116.366487,True,True,True,105.97㎡,2.6万/月,8.18元/m/天,"('40.007289', '116.366487')"
bright,(出租)石景山古城路步行街核心铺招租！近商场社区，人流量大,商业街店铺,古城南路步行街,140.0,,,,39.916957,116.198351,True,False,False,140㎡,租金面议,（价格可面议）,"('39.916957', '116.198351')"
bright,(转让)石景山八角西街280平精装涮肉店转租，5年租期人流量大,临街门面,八角西街,280.0,58800.0,,7.0,39.920335,116.205284,True,True,True,280㎡,5.88万/月,转让费：面议（转让费可面议）,"('39.920335', '116.205284')"
bright,(出租)奥林匹克公园临街铺面70-300平出租，12元/㎡含物业费,商业街店铺,北京工艺美术博物馆(文创店),80.0,29000.0,12.08,12.08,40.00572,116.400322,True,True,True,80㎡,2.9万/月,12.08元/m/天,"('40.00572', '116.400322')"
bright,(出租)旭景园1万平招租全业态制可仓储，配套手续齐全，整租可分租,临街门面,旭景园·精致生活广场,10000.0,,,,39.945537,116.703494,True,False,False,10000㎡,租金面议,（价格可面议）,"('39.945537', '116.703494')"
bright,(转让)蓝堡公寓饭店整体转600平精装含KTV，近华贸高客流价格可谈,商业街店铺,蓝堡国际公寓-南区,600.0,60000.0,80.0,80.0,39.916652,116.48313,True,True,True,600㎡,6万/月,转让费：80万元,"('39.916652', '116.48313')"
bright,(出租)（0转让费）朝阳欢乐谷附近Ⅰ临街流量社区底商旺铺整体出租,社区底商,PETLADY宠娘宠物生活馆(格林莱雅店),80.0,19000.0,7.92,7.92,39.873411,116.513574,True,True,True,80㎡,1.9万/月,7.92元/m/天,"('39.873411', '116.513574')"
bright,(出租)双井桥地铁D口附近临街社区底商人流量大旺铺出租位置优越,临街门面,优士阁-B座,87.0,22000.0,8.43,8.43,39.898418,116.466159,True,True,True,87㎡,2.2万/月,8.43元/m/天,"('39.898418', '116.466159')"
bright,(转让)朝阳北花园1号院一层店转租，设备全临主路,临街门面,中国传媒大学,130.0,32500.0,18.0,18.0,39.917551,116.563634,True,True,True,130㎡,3.25万/月,转让费：18万元,"('39.917551', '116.563634')"
bright,(出租)亦庄同济南路10㎡临街档口酒店公寓旁，白领多做早餐小吃奶茶佳,临街门面,同济南路,10.0,,,,39.779083,116.546239,True,False,False,10㎡,租金面议,（价格可面议）,"('39.779083', '116.546239')"
bright,(出租)新街口积水潭小西天临街商铺房东直租、周边客流大(除餐饮外),临街门面,新街口外大街29号,40.0,30000.0,25.0,25.0,39.958119,116.377868,True,True,True,40㎡,3万/月,25元/m/天,"('39.958119', '116.377868')"
bright,(出租)房东直租可线上超市台球轰趴足疗简餐中央厨房仓储,社区底商,百子湾东里,420.0,,,,39.905263,116.511316,True,False,False,420㎡,租金面议,（价格可面议）,"('39.905263', '116.511316')"
bright,(转让)石景山台湾街核心铺！一层方正新装修，临街旺区营业中,商业街店铺,北京台湾街-C区,168.0,60000.0,,11.904761904761905,39.909978,116.245326,True,True,True,168㎡,6万/月,转让费：面议（转让费可面议）,"('39.909978', '116.245326')"
bright,(转让)朝阳亚运村Ⅰ临街社区流量底商旺铺整体转让人流量大位置明显,临街门面,安慧里(三区)-4号楼,100.0,21700.0,,7.233333333333333,39.998277,116.416682,True,True,True,100㎡,2.17万/月,转让费：面议（转让费可面议）,"('39.998277', '116.416682')"
bright,(转让)朝阳区双井Ⅰ社区临街流量旺铺底商整体转让！,临街门面,鲜品汇生鲜超市(百环家园店),1050.0,,,,39.894717,116.473363,True,False,False,1050㎡,租金面议,转让费：面议（费用可面议）,"('39.894717', '116.473363')"
bright,(转让)通州梨园Ⅰ环球影城旁酒店流量底商旺铺整体转让,临街门面,须玖日式便当店(环球影城店),60.0,12000.0,10.0,10.0,39.87019,116.672668,True,True,True,60㎡,1.2万/月,转让费：10万元,"('39.87019', '116.672668')"
bright,(出租)丰台花乡Ⅰ临街社区底商出租|餐饮修脚生鲜行业不限充足客源,临街门面,诺德逸府,110.0,15000.0,4.55,4.55,39.81904,116.32086,True,True,True,110㎡,1.5万/月,4.55元/m/天,"('39.81904', '116.32086')"
bright,(出租)工体东路中国红街临街底商出租，120平带燃气可餐饮行业不限,商业街店铺,工人体育场东路,86.16,53000.0,20.5,20.5,39.929387,116.457008,True,True,True,86.16㎡,5.3万/月,20.5元/m/天,"('39.929387', '116.457008')"
bright,(出租)昌平鼓楼东街32号一层临街旺铺客流大可租可售不可餐饮,临街门面,昌平二街社区养老服务驿站,218.0,29000.0,4.43,4.43,40.230012,116.243588,True,True,True,218㎡,2.9万/月,4.43元/m/天,"('40.230012', '116.243588')"
bright,(出租)朝阳黄渠地铁站旁商业铺招商，650平可分租，业态不限！,临街门面,地铁黄渠站,650.0,,,,39.930915,116.583279,True,False,False,650㎡,租金面议,（价格可面议）,"('39.930915', '116.583279')"
bright,(出租)房东直租美食城档口火热招租！昌平朝阳交界天通苑北苑立水桥核心,档口摊位,上善食客通星厨,15.0,3000.0,6.67,6.67,40.060864,116.418669,True,True,True,15㎡,3000元/月,6.67元/m/天,"('40.060864', '116.418669')"
bright,(出租)物业直租丨东坝丨社区底商丨客流大丨价格可谈丨非餐饮全业态丨,社区底商,朝阳-东坝石各庄路,92.44,7873.0,,2.838958603779028,39.968468,116.570769,True,True,True,92.44㎡,7873元/月,2.84元/m/天（价格可面议）,"('39.968468', '116.570769')"
bright,(出租)直租朝阳区北三环安贞医院临街商业1000平餐饮医疗展厅等等,临街门面,朝阳-安贞安贞路辅路,1000.0,135000.0,,4.5,39.980284,116.408231,True,True,True,1000㎡,13.5万/月,4.5元/m/天（价格可面议）,"('39.980284', '116.408231')"
bright,(出租)东三华大望路350商业露台适合：二奢店水烟吧酒吧餐饮,商业街店铺,朝阳-大望路详细地址请咨询,350.0,,,,39.913059,116.481705,True,False,False,350㎡,租金面议,,"('39.913059', '116.481705')"
bright,(出租)CBD商务区350平临街餐饮旺铺中式快餐烧全业态双门头可外摆,写字楼配套,朝阳-国贸东大桥路8号,350.0,42500.0,,4.0476190476190474,39.9242471,116.4592123,True,True,True,350㎡,4.25万/月,4.05元/m/天（价格可面议）,"('39.9242471', '116.4592123')"
bright,(出租)美食城共享厨房餐饮接待仓储配超市市集展厅华联常营地铁北侧,临街门面,朝阳-常营常营-地铁站-北京市朝阳区,1039.0,,,,39.93154,116.606124,True,False,False,1039㎡,租金面议,,"('39.93154', '116.606124')"
bright,(出租)俯视长安街，正对国贸中国尊。高端宴请餐饮装修，可分租,商业街店铺,朝阳-国贸建国门外大街丁12号,1000.0,,,,39.913571,116.451259,True,False,False,1000㎡,租金面议,,"('39.913571', '116.451259')"
bright,(出租)直租甜水园金台路门头10米商业房本有燃气不限业态餐饮医疗,商业街店铺,朝阳-甜水园甜水园街,355.0,47900.0,,4.497652582159624,39.933486,116.48487,True,True,True,355㎡,4.79万/月,4.5元/m/天（价格可面议）,"('39.933486', '116.48487')"
bright,(出租)海淀区北四环保福寺附近高端写字楼一层157平米餐饮直租,写字楼配套,海淀-中关村中关村南路,157.0,53200.0,,11.295116772823778,39.986672,116.335773,True,True,True,157㎡,5.32万/月,11.3元/m/天（转让费可面议）,"('39.986672', '116.335773')"
bright,(出租)苏州街临街纯一层带外摆出租12米门头户型方正招品牌餐饮,临街门面,海淀-苏州街苏州街,260.0,78000.0,,10.0,39.982507,116.3128,True,True,True,260㎡,7.8万/月,10元/m/天（价格可面议）,"('39.982507', '116.3128')"
bright,(出租)东坝高端商圈急招健身瑜伽普拉提拳馆培训文体酒馆餐饮全业态,临街门面,朝阳-东坝单店西路,233.79,25200.0,,3.5929680482484283,39.975723,116.540152,True,True,True,233.79㎡,2.52万/月,3.59元/m/天（费用可面议）,"('39.975723', '116.540152')"
bright,(出租)常营地铁站招超市丨台球健身丨餐饮门头20米临街价格可谈,商业街店铺,常营民族家园,338.64,,,,39.933862,116.594958,True,False,False,338.64㎡,租金面议,,"('39.933862', '116.594958')"
bright,(出租)精装饭店带外摆区餐饮直租各类餐饮不限铁锅炖小火锅特等,商业街店铺,朝阳-CBD东大桥路8号,135.0,26000.0,,6.419753086419753,39.9242471,116.4592123,True,True,True,135㎡,2.6万/月,6.42元/m/天（价格可面议）,"('39.9242471', '116.4592123')"
bright,(出租)物业直租丨东坝社区底商丨客流大丨非餐饮丨精装修丨可体验店宠物,社区底商,朝阳-东坝石各庄路,146.64,,,,39.968468,116.570769,True,False,False,146.64㎡,租金面议,,"('39.968468', '116.570769')"
bright,(出租)朝阳区常营长楹天街旁一集余留可超市仓储批发美食城餐饮自助,商业街店铺,朝阳-常营常营中路,1039.58,,,,39.92927,116.608172,True,False,False,1039.58㎡,租金面议,,"('39.92927', '116.608172')"
bright,(出租)国贸底商餐饮直租无转让费餐饮轻食甜品咖啡美容美发,临街门面,朝阳-东大桥朝外大街乙6号,135.0,18000.0,,4.444444444444445,39.92584,116.461382,True,True,True,135㎡,1.8万/月,4.44元/m/天（价格可面议）,"('39.92584', '116.461382')"
bright,(出租)朝阳直租出租丨展示面8.1米地铁口全业态招商可餐饮,临街门面,朝阳-定福庄朝阳北路,118.58,25400.0,,7.140046101085062,39.929826,116.570245,True,True,True,118.58㎡,2.54万/月,7.14元/m/天（价格可面议）,"('39.929826', '116.570245')"
bright,(出租)朝阳110平带燃气招餐饮美容养生火锅培训,临街门面,朝阳-常营常营中路2号,110.0,,,,39.933642,116.612832,True,False,False,110㎡,租金面议,,"('39.933642', '116.612832')"
bright,(出租)有燃气！国贸主街餐饮，面馆快餐茶饮可注册业态不限,临街门面,朝阳-国贸东三环中路,110.0,23000.0,,6.96969696969697,39.911192,116.467993,True,True,True,110㎡,2.3万/月,6.97元/m/天（价格可面议）,"('39.911192', '116.467993')"
bright,(出租)建外新出堂食带外卖餐饮可注册花店水果店餐饮等,临街门面,朝阳-国贸东三环中路,110.0,10000.0,,3.0303030303030303,39.911192,116.467993,True,True,True,110㎡,1万/月,3.03元/m/天（价格可面议）,"('39.911192', '116.467993')"
bright,(出租)低价直租通州万达二楼电梯口旁有燃气餐饮装修,商业街店铺,通州-新华大街新华西街58号,80.0,12000.0,,5.0,39.9114789,116.6471654,True,True,True,80㎡,1.2万/月,5元/m/天（价格可面议）,"('39.9114789', '116.6471654')"
bright,(出租)地铁口，公寓口，小区口，写字楼医院口，招餐饮档口等全业态直租,临街门面,房山-良乡苏庄大街,30.0,,,,39.732461,116.13019,True,False,False,30㎡,租金面议,,"('39.732461', '116.13019')"
bright,(出租)三元桥燕莎一层临街餐饮打卡地，外摆，车位,临街门面,霄云美食城-北京市朝阳区,469.0,,,,39.962986,116.467409,True,False,False,469㎡,租金面议,,"('39.962986', '116.467409')"
bright,(出租)直租国贸CBD临街商业450平30米展示面餐饮医疗展厅等,临街门面,朝阳-CBD建国门外大街2号,450.0,87800.0,,6.503703703703704,39.9130267,116.4655544,True,True,True,450㎡,8.78万/月,6.5元/m/天（价格可面议）,"('39.9130267', '116.4655544')"
bright,(出租)朝阳北路餐饮带露台595有燃气可外摆培训台球健身不限,商业街店铺,朝阳-定福庄朝阳北路,595.0,50000.0,,2.8011204481792715,39.929826,116.570245,True,True,True,595㎡,5万/月,2.8元/m/天（价格可面议）,"('39.929826', '116.570245')"
bright,(出租)国贸地铁口，建外位置453平米龙头餐饮位置，停车场入口处,写字楼配套,朝阳-国贸详细地址请咨询,452.87,,,,39.911192,116.467993,True,False,False,452.87㎡,租金面议,,"('39.911192', '116.467993')"
bright,(出租)紧邻地铁好位置商业招商可餐饮有燃气人流量密集,商业街店铺,东城-东四东四二条,273.0,61400.0,7.5,7.5,39.932109,116.425708,True,True,True,273㎡,6.14万/月,7.5元/m/天,"('39.932109', '116.425708')"
bright,(出租)房山长阳地铁口人流不断全是年轻人招租餐饮小吃卤味精酿,临街门面,"房山-长阳京良路,近长政北街",70.0,,,,39.771237,116.217801,True,False,False,70㎡,租金面议,,"('39.771237', '116.217801')"
bright,(出租)九棵树小区口旺铺出租，带燃气招租烧烤餐饮小吃盖浇饭,临街门面,通州-九棵树九棵树西路,45.0,7425.0,,5.5,39.889088,116.656581,True,True,True,45㎡,7425元/月,5.5元/m/天（价格可面议）,"('39.889088', '116.656581')"
bright,(出租)东三环单价低社区出入口一手房东可餐饮可分租200平,临街门面,瑞辰国际中心-北京市朝阳区,640.0,,,,39.940049,116.47326,True,False,False,640㎡,租金面议,,"('39.940049', '116.47326')"
bright,(出租)双井地铁口商业房本有燃气470平8元招医疗餐饮,临街门面,朝阳-双井东三环中路,470.0,112800.0,8.0,8.0,39.901054,116.467816,True,True,True,470㎡,11.28万/月,8元/m/天,"('39.901054', '116.467816')"
bright,(出租)东三环边双井餐饮商铺直租，15米大广告位，位置优越！,临街门面,朝阳-国贸东三环中路16号,495.0,130000.0,8.75,8.75,39.906069,116.469173,True,True,True,495㎡,13万/月,8.75元/m/天,"('39.906069', '116.469173')"
bright,(出租)东城区地安门十字路口餐饮商铺人流大面积230平,临街门面,西城-什刹海地安门外大街31号,233.0,69900.0,10.0,10.0,39.944427,116.4019621,True,True,True,233㎡,6.99万/月,10元/m/天,"('39.944427', '116.4019621')"
bright,(出租)百子湾330平米餐饮商铺扩大业态换房，门前100多个停车位.,临街门面,朝阳-CBD百子湾路,330.0,39800.0,,4.02020202020202,39.906225,116.508546,True,True,True,330㎡,3.98万/月,4.02元/m/天（价格可面议）,"('39.906225', '116.508546')"
bright,(出租)丰台丰葆路永旺商场对面220平餐饮商铺,临街门面,南门四季铜锅涮肉(总部基地店)-北京市丰台区,220.0,37000.0,5.6,5.6,39.82192371507654,116.29725731842338,True,True,True,220㎡,3.7万/月,5.6元/m/天,"('39.82192371507654', '116.29725731842338')"
bright,(出租)甲方直租房山篱笆房合景领峰102平米餐饮店铺出租,商业街店铺,房山-长阳京良路,102.0,9180.0,,3.0,39.773965,116.190004,True,True,True,102㎡,9180元/月,3元/m/天（价格可面议）,"('39.773965', '116.190004')"
bright,(出租)东城区交道口十字路口餐饮商铺出租业态不限制随时可考察,临街门面,东城-交道口详细地址请咨询,80.0,,,,39.941688,116.415065,True,False,False,80㎡,租金面议,,"('39.941688', '116.415065')"
bright,(出租)工体门面出租可餐饮美容美发零售药店团购宠物咖啡各类餐饮等,临街门面,东城-朝阳门吉市口东路,100.0,25000.0,,8.333333333333334,39.935515,116.446936,True,True,True,100㎡,2.5万/月,8.33元/m/天（价格可面议）,"('39.935515', '116.446936')"
bright,(出租)通州土桥临街商铺直租70平米15000全业态可餐饮,临街门面,通州-土桥九棵树东路,70.0,14700.0,,7.0,39.878795,116.696045,True,True,True,70㎡,1.47万/月,7元/m/天（价格可面议）,"('39.878795', '116.696045')"
bright,(出租)雅宝路沿街商铺出租办公居民配套可餐饮详细咨询,临街门面,东城-朝阳门详细地址请咨询,60.0,10000.0,,5.555555555555555,39.933607,116.433651,True,True,True,60㎡,1万/月,5.56元/m/天（费用可面议）,"('39.933607', '116.433651')"
bright,(出租)朝阳门东二环临街商铺1层230平不限业态可餐饮可零售,临街门面,东城-朝阳门朝阳门西路,203.0,21300.0,3.5,3.5,39.9267163,116.4396851,True,True,True,203㎡,2.13万/月,3.5元/m/天,"('39.9267163', '116.4396851')"
bright,(出租)低！价！餐饮商铺出租，把角双展示面，适餐饮，饮品等业态不限,写字楼配套,朝阳-国贸东三环中路39号,60.0,10000.0,5.56,5.56,39.911335,116.465666,True,True,True,60㎡,1万/月,5.56元/m/天,"('39.911335', '116.465666')"
bright,(出租)东三环双井餐饮商铺直租，16米大展示面,商业街店铺,朝阳-国贸东三环中路16号,500.0,,,,39.906069,116.469173,True,False,False,500㎡,租金面议,,"('39.906069', '116.469173')"
bright,(出租)欢乐谷商铺出租无转让费12米展示面6元可餐饮,临街门面,朝阳-欢乐谷垡头路,216.0,38900.0,,6.003086419753086,39.867292,116.508359,True,True,True,216㎡,3.89万/月,6元/m/天（费用可面议）,"('39.867292', '116.508359')"
bright,(出租)朝阳管庄临街商铺6米挑高可做二层餐饮装修,临街门面,朝阳-管庄朝阳路,250.0,45000.0,,6.0,39.917505,116.603586,True,True,True,250㎡,4.5万/月,6元/m/天（价格可面议）,"('39.917505', '116.603586')"
bright,(出租)直租国贸东大桥SOHO尚都临街餐饮商铺户型方正有燃气,写字楼配套,朝阳-东大桥东大桥路8号,130.0,42000.0,10.77,10.77,39.9242471,116.4592123,True,True,True,130㎡,4.2万/月,10.77元/m/天,"('39.9242471', '116.4592123')"
bright,(出租)可分租朝阳大悦城旁餐饮商铺出租大展示面水电燃气齐全,临街门面,朝阳-朝青板块详细地址请咨询,700.0,115500.0,,5.5,39.930834,116.524829,True,True,True,700㎡,11.55万/月,5.5元/m/天（价格可面议）,"('39.930834', '116.524829')"
bright,(出租)东区餐饮商铺有燃气小商铺适合各种业态国贸建外,社区底商,朝阳-国贸东三环中路39号,70.0,10000.0,,4.761904761904762,39.911335,116.465666,True,True,True,70㎡,1万/月,4.76元/m/天（价格可面议）,"('39.911335', '116.465666')"
bright,(出租)大望路主路招租1250，推荐青旅，酒店，医美，驻京办，酒吧,商业街店铺,朝阳-大望路西大望路甲20号,1250.0,172500.0,4.6,4.6,39.915963,116.485528,True,True,True,1250㎡,17.25万/月,4.6元/m/天,"('39.915963', '116.485528')"
bright,(出租)朝阳百子湾写字楼临街底商，适合烟酒，茶饮全业态,临街门面,朝阳-大望路百子湾甲12号,146.0,41600.0,,9.497716894977168,39.905616,116.498561,True,True,True,146㎡,4.16万/月,9.5元/m/天（价格可面议）,"('39.905616', '116.498561')"
bright,(出租)朝阳亚运村居公大展示面水电燃气齐全临街一层,社区底商,安苑路-道路-北京市朝阳区,130.0,48000.0,,12.307692307692308,39.989573,116.427642,True,True,True,130㎡,4.8万/月,12.31元/m/天（转让费可面议）,"('39.989573', '116.427642')"
bright,(出租)后沙峪附近3000平米左右适合公司办公，企业总部，培训,商业街店铺,后沙峪-地铁站-北京市顺义区,3000.0,,,,40.119865,116.570793,True,False,False,3000㎡,租金面议,,"('40.119865', '116.570793')"
bright,(转让)朝外SOHO154平餐饮店转让，固定客源+高流量，白领消费高,商业街店铺,朝外SOHO,154.0,18000.0,28.0,28.0,39.925733,116.461265,True,True,True,154㎡,1.8万/月,转让费：28万元,"('39.925733', '116.461265')"
bright,(出租)西直门交通大学层高8米2000平有燃气有大堂有车位,临街门面,西城-新街口前半壁街,2000.0,360000.0,6.0,6.0,39.943875,116.36593,True,True,True,2000㎡,36万/月,6元/m/天,"('39.943875', '116.36593')"
bright,(出租)美容装修商业出租，无转让费直接入住房子不错随时看房,商业街店铺,海淀-西三旗详细地址请咨询,140.0,,,,40.067658,116.387065,True,False,False,140㎡,租金面议,,"('40.067658', '116.387065')"
bright,(出租)250平开间二楼单独通道，适合会所，棋牌和办公,社区底商,昌平-回龙观详细地址请咨询,250.0,,,,40.093663,116.347351,True,False,False,250㎡,租金面议,,"('40.093663', '116.347351')"
bright,(出租)西三旗主街底商，人流量大可注册，直租无转让费,社区底商,海淀-清河详细地址请咨询,110.0,,,,40.065614,116.351572,True,False,False,110㎡,租金面议,,"('40.065614', '116.351572')"
bright,(出租)西城区阜内大街89号临街底商旺铺房东直租,临街门面,阜成门内大街-89,165.0,50000.0,10.1,10.1,39.930064,116.37678,True,True,True,165㎡,5万/月,10.1元/m/天,"('39.930064', '116.37678')"
bright,(出租)三元桥左家庄繁华临街一层240平适合手擀面家常菜烤鱼铜锅涮肉,商业街店铺,朝阳-国展静安庄路,240.0,75000.0,10.42,10.42,39.959526,116.452306,True,True,True,240㎡,7.5万/月,10.42元/m/天,"('39.959526', '116.452306')"
bright,(出租)传媒大学北门一层肯德基隔壁临朝阳路适合快餐烘焙酒馆等业态,商业街店铺,定福庄,220.76,39700.0,6.0,6.0,39.922127210763264,116.55585405270008,True,True,True,220.76㎡,3.97万/月,6元/m/天,"('39.922127210763264', '116.55585405270008')"
bright,(出租)东三环劲松临街纯一层200平米口腔湘菜徽菜海鲜等,商业街店铺,朝阳-潘家园劲松南路1号,200.0,48000.0,,8.0,39.8877539,116.4668019,True,True,True,200㎡,4.8万/月,8元/m/天（价格可面议）,"('39.8877539', '116.4668019')"
bright,(出租)（档口出租）顺义城区新装修美食城,购物百货中心,国泰商业大厦(顺义店)-北京市顺义区,25.0,7000.0,,9.333333333333334,40.135841,116.658442,True,True,True,25㎡,7000元/月,9.33元/m/天（价格可面议）,"('40.135841', '116.658442')"
bright,(转让)德胜门商业街面包连锁蛋糕店转让客流密集位置好,临街门面,TOUSlesJOURS多乐之日(新风里店),101.2,36000.0,35.0,35.0,39.967792,116.381939,True,True,True,101.2㎡,3.6万/月,转让费：35万元,"('39.967792', '116.381939')"
bright,(出租)前门大街大栅栏独栋10185平适合博物馆网红街区影院等,临街门面,东城-前门前门大街,10185.0,1588899.9999999998,5.2,5.2,39.905524,116.404589,True,True,True,10185㎡,158.89万/月,5.2元/m/天,"('39.905524', '116.404589')"
bright,(出租)招租酒店宾馆全明房丰台宋家庄地铁临街独栋3700平,临街门面,丰台-宋家庄宋庄路,3700.0,310800.0,,2.8,39.850944,116.435514,True,True,True,3700㎡,31.08万/月,2.8元/m/天（价格可面议）,"('39.850944', '116.435514')"
bright,(出租)西三环一层773平，3.5元签约，12米大门口，不限业态,商业街店铺,海淀-航天桥西三环中路,730.0,76700.0,3.5,3.5,39.8862,116.317993,True,True,True,730㎡,7.67万/月,3.5元/m/天,"('39.8862', '116.317993')"
bright,(出租)招租超市洗浴健身百子湾地铁大型社区门口2000平商业,临街门面,朝阳-百子湾广渠路,2000.0,168000.0,,2.8,39.898589,116.501911,True,True,True,2000㎡,16.8万/月,2.8元/m/天（价格可面议）,"('39.898589', '116.501911')"
bright,(出租)回龙观龙腾苑二区临街商铺出租420平可租无其他费用,临街门面,龙腾苑-二区,210.0,22000.0,3.49,3.49,40.083172,116.343681,True,True,True,210㎡,2.2万/月,3.49元/m/天,"('40.083172', '116.343681')"
bright,(出租)西三环一层2550平，2.7元签约，超大广告位,商业街店铺,丰台-太平桥太平桥路,2250.0,182300.0,2.7,2.7,39.885638,116.317765,True,True,True,2250㎡,18.23万/月,2.7元/m/天,"('39.885638', '116.317765')"
bright,(出租)招租台球市场回龙观地铁负一层1650平正规商业房本,临街门面,昌平-回龙观回龙观东大街318号,1650.0,123800.00000000001,,2.501010101010101,40.085882,116.361986,True,True,True,1650㎡,12.38万/月,2.5元/m/天（价格可面议）,"('40.085882', '116.361986')"
bright,(出租)招租酒店酒店全明房海淀清河中街临街4100平商业,临街门面,海淀-西三旗清河中街68号,4000.0,492000.0,,4.1,40.0357473,116.3408762,True,True,True,4000㎡,49.2万/月,4.1元/m/天（价格可面议）,"('40.0357473', '116.3408762')"
bright,(出租)朝外大街日坛晶华8号楼底商临街门面房东直租除重餐饮外行业不限,社区底商,日坛晶华-8号楼,173.45,39000.0,7.49,7.49,39.926518,116.450761,True,True,True,173.45㎡,3.9万/月,7.49元/m/天,"('39.926518', '116.450761')"
bright,(出租)邻三环900平米适合办公会所餐饮茶楼娱乐,临街门面,苏皖大厦,900.0,94500.0,3.5,3.5,39.852427,116.344356,True,True,True,900㎡,9.45万/月,3.5元/m/天,"('39.852427', '116.344356')"
bright,(转让)朝外SOHO154平餐饮店转让，固定客源+高流量，白领消费高,商业街店铺,朝外SOHO,154.0,18000.0,28.0,28.0,39.925733,116.461265,True,True,True,154㎡,1.8万/月,转让费：28万元,"('39.925733', '116.461265')"
bright,(出租)朝阳劲松核心区28㎡商铺直租，带阁楼设备，交通便利氛围浓,临街门面,劲松,28.0,12000.0,14.29,14.29,39.890027,116.46801,True,True,True,28㎡,1.2万/月,14.29元/m/天,"('39.890027', '116.46801')"
bright,(出租)回龙观龙腾苑二区临街商铺出租420平可租无其他费用,临街门面,龙腾苑-二区,210.0,22000.0,3.49,3.49,40.083172,116.343681,True,True,True,210㎡,2.2万/月,3.49元/m/天,"('40.083172', '116.343681')"
bright,(出租)海淀上地科实大厦底商商铺房东直租,写字楼配套,科实大厦,600.0,144000.0,8.0,8.0,40.040731,116.318389,True,True,True,600㎡,14.4万/月,8元/m/天,"('40.040731', '116.318389')"
bright,(出租)安慧北里逸园28号楼临街底商旺铺直租,临街门面,安慧北里逸园南区-28号楼,316.0,105000.0,11.08,11.08,40.005405,116.419745,True,True,True,316㎡,10.5万/月,11.08元/m/天,"('40.005405', '116.419745')"
bright,(出租)北京核心景区南锣鼓巷c位商铺招租,商业街店铺,南锣鼓巷,400.0,200000.0,16.67,16.67,39.943562,116.408878,True,True,True,400㎡,20万/月,16.67元/m/天,"('39.943562', '116.408878')"
bright,(出租)安慧北里逸园28号楼临街底商旺铺直租,临街门面,安慧北里逸园南区-28号楼,316.0,105000.0,11.08,11.08,40.005405,116.419745,True,True,True,316㎡,10.5万/月,11.08元/m/天,"('40.005405', '116.419745')"
bright,(出租)黄村恒大未来城两层140㎡出租，成熟社区全业态，近地铁,商业街店铺,恒大未来城,140.0,8999.0,2.14,2.14,39.720345,116.320946,True,True,True,140㎡,8999元/月,2.14元/m/天,"('39.720345', '116.320946')"
bright,(出租)晓月新城1-2层1000+1300㎡招租，配套全人流旺,临街门面,晓月新城4号楼,1300.0,78000.0,2.0,2.0,39.841123,116.248297,True,True,True,1300㎡,7.8万/月,2元/m/天,"('39.841123', '116.248297')"
bright,(出租)黄村恒大未来城两层140㎡出租，成熟社区全业态，近地铁,商业街店铺,恒大未来城,140.0,8999.0,2.14,2.14,39.720345,116.320946,True,True,True,140㎡,8999元/月,2.14元/m/天,"('39.720345', '116.320946')"
bright,(转让)地铁积水潭站附近临街底商旺铺转让,临街门面,小炊谣,110.0,45900.0,15.0,15.0,39.957642,116.378567,True,True,True,110㎡,4.59万/月,转让费：15万元,"('39.957642', '116.378567')"
bright,(出租)方庄方星园三区13号楼底商旺铺出租,社区底商,芳星园三区-13号楼,120.0,13000.0,3.61,3.61,39.86643,116.443932,True,True,True,120㎡,1.3万/月,3.61元/m/天,"('39.86643', '116.443932')"
bright,(出租)垡头商业街房东直租，业态丰富，可分租，客流密集，位置好,商业街店铺,垡头北里-9号楼,420.0,70000.0,5.56,5.56,39.873888,116.519452,True,True,True,420㎡,7万/月,5.56元/m/天,"('39.873888', '116.519452')"
bright,(出租)石景山古城路步行街核心铺招租！近商场社区，人流量大,商业街店铺,古城南路步行街,140.0,,,,39.916957,116.198351,True,False,False,140㎡,租金面议,（价格可面议）,"('39.916957', '116.198351')"
bright,(出租)朝阳王四营人民日报印刷厂内1100平米餐厅档口招租,档口摊位,人民日报印刷厂,25.0,5000.0,6.67,6.67,39.866413,116.551483,True,True,True,25㎡,5000元/月,6.67元/m/天,"('39.866413', '116.551483')"
bright,(转让)石景山八角西街280平精装涮肉店转租，5年租期人流量大,临街门面,八角西街,280.0,58800.0,,7.0,39.920335,116.205284,True,True,True,280㎡,5.88万/月,转让费：面议（转让费可面议）,"('39.920335', '116.205284')"
bright,(转让)朝阳北京200平餐厅转让，出租早点,社区底商,铭泽生活广场,200.0,30000.0,15.0,15.0,39.869836,116.48346,True,True,True,200㎡,3万/月,转让费：15万元,"('39.869836', '116.48346')"
bright,(转让)地铁积水潭站附近临街底商旺铺转让,临街门面,小炊谣,110.0,45900.0,15.0,15.0,39.957642,116.378567,True,True,True,110㎡,4.59万/月,转让费：15万元,"('39.957642', '116.378567')"
bright,(出租)北京核心景区南锣鼓巷c位商铺招租,商业街店铺,南锣鼓巷,400.0,200000.0,16.67,16.67,39.943562,116.408878,True,True,True,400㎡,20万/月,16.67元/m/天,"('39.943562', '116.408878')"
bright,(出租)海淀上地科实大厦底商商铺房东直租,写字楼配套,科实大厦,600.0,144000.0,8.0,8.0,40.040731,116.318389,True,True,True,600㎡,14.4万/月,8元/m/天,"('40.040731', '116.318389')"
bright,(出租)朝外大街日坛晶华8号楼底商临街门面房东直租除重餐饮外行业不限,社区底商,日坛晶华-8号楼,173.45,39000.0,7.49,7.49,39.926518,116.450761,True,True,True,173.45㎡,3.9万/月,7.49元/m/天,"('39.926518', '116.450761')"
bright,(出租)海淀五道口农业大学100-300平直租无转让费可餐饮！,临街门面,清华东路15号,105.97,26000.0,8.18,8.18,40.007289,116.366487,True,True,True,105.97㎡,2.6万/月,8.18元/m/天,"('40.007289', '116.366487')"
bright,(出租)石景山古城路步行街核心铺招租！近商场社区，人流量大,商业街店铺,古城南路步行街,140.0,,,,39.916957,116.198351,True,False,False,140㎡,租金面议,（价格可面议）,"('39.916957', '116.198351')"
bright,(转让)石景山八角西街280平精装涮肉店转租，5年租期人流量大,临街门面,八角西街,280.0,58800.0,,7.0,39.920335,116.205284,True,True,True,280㎡,5.88万/月,转让费：面议（转让费可面议）,"('39.920335', '116.205284')"
bright,(出租)奥林匹克公园临街铺面70-300平出租，12元/㎡含物业费,商业街店铺,北京工艺美术博物馆(文创店),80.0,29000.0,12.08,12.08,40.00572,116.400322,True,True,True,80㎡,2.9万/月,12.08元/m/天,"('40.00572', '116.400322')"
bright,(出租)旭景园1万平招租全业态制可仓储，配套手续齐全，整租可分租,临街门面,旭景园·精致生活广场,10000.0,,,,39.945537,116.703494,True,False,False,10000㎡,租金面议,（价格可面议）,"('39.945537', '116.703494')"
bright,(转让)蓝堡公寓饭店整体转600平精装含KTV，近华贸高客流价格可谈,商业街店铺,蓝堡国际公寓-南区,600.0,60000.0,80.0,80.0,39.916652,116.48313,True,True,True,600㎡,6万/月,转让费：80万元,"('39.916652', '116.48313')"
bright,(出租)（0转让费）朝阳欢乐谷附近Ⅰ临街流量社区底商旺铺整体出租,社区底商,PETLADY宠娘宠物生活馆(格林莱雅店),80.0,19000.0,7.92,7.92,39.873411,116.513574,True,True,True,80㎡,1.9万/月,7.92元/m/天,"('39.873411', '116.513574')"
bright,(出租)双井桥地铁D口附近临街社区底商人流量大旺铺出租位置优越,临街门面,优士阁-B座,87.0,22000.0,8.43,8.43,39.898418,116.466159,True,True,True,87㎡,2.2万/月,8.43元/m/天,"('39.898418', '116.466159')"
bright,(转让)朝阳北花园1号院一层店转租，设备全临主路,临街门面,中国传媒大学,130.0,32500.0,18.0,18.0,39.917551,116.563634,True,True,True,130㎡,3.25万/月,转让费：18万元,"('39.917551', '116.563634')"
bright,(出租)亦庄同济南路10㎡临街档口酒店公寓旁，白领多做早餐小吃奶茶佳,临街门面,同济南路,10.0,,,,39.779083,116.546239,True,False,False,10㎡,租金面议,（价格可面议）,"('39.779083', '116.546239')"
bright,(出租)新街口积水潭小西天临街商铺房东直租、周边客流大(除餐饮外),临街门面,新街口外大街29号,40.0,30000.0,25.0,25.0,39.958119,116.377868,True,True,True,40㎡,3万/月,25元/m/天,"('39.958119', '116.377868')"
bright,(出租)房东直租可线上超市台球轰趴足疗简餐中央厨房仓储,社区底商,百子湾东里,420.0,,,,39.905263,116.511316,True,False,False,420㎡,租金面议,（价格可面议）,"('39.905263', '116.511316')"
bright,(转让)石景山台湾街核心铺！一层方正新装修，临街旺区营业中,商业街店铺,北京台湾街-C区,168.0,60000.0,,11.904761904761905,39.909978,116.245326,True,True,True,168㎡,6万/月,转让费：面议（转让费可面议）,"('39.909978', '116.245326')"
bright,(转让)朝阳亚运村Ⅰ临街社区流量底商旺铺整体转让人流量大位置明显,临街门面,安慧里(三区)-4号楼,100.0,21700.0,,7.233333333333333,39.998277,116.416682,True,True,True,100㎡,2.17万/月,转让费：面议（转让费可面议）,"('39.998277', '116.416682')"
bright,(转让)朝阳区双井Ⅰ社区临街流量旺铺底商整体转让！,临街门面,鲜品汇生鲜超市(百环家园店),1050.0,,,,39.894717,116.473363,True,False,False,1050㎡,租金面议,转让费：面议（费用可面议）,"('39.894717', '116.473363')"
bright,(转让)通州梨园Ⅰ环球影城旁酒店流量底商旺铺整体转让,临街门面,须玖日式便当店(环球影城店),60.0,12000.0,10.0,10.0,39.87019,116.672668,True,True,True,60㎡,1.2万/月,转让费：10万元,"('39.87019', '116.672668')"
bright,(出租)丰台花乡Ⅰ临街社区底商出租|餐饮修脚生鲜行业不限充足客源,临街门面,诺德逸府,110.0,15000.0,4.55,4.55,39.81904,116.32086,True,True,True,110㎡,1.5万/月,4.55元/m/天,"('39.81904', '116.32086')"
bright,(出租)工体东路中国红街临街底商出租，120平带燃气可餐饮行业不限,商业街店铺,工人体育场东路,86.16,53000.0,20.5,20.5,39.929387,116.457008,True,True,True,86.16㎡,5.3万/月,20.5元/m/天,"('39.929387', '116.457008')"
bright,(出租)昌平鼓楼东街32号一层临街旺铺客流大可租可售不可餐饮,临街门面,昌平二街社区养老服务驿站,218.0,29000.0,4.43,4.43,40.230012,116.243588,True,True,True,218㎡,2.9万/月,4.43元/m/天,"('40.230012', '116.243588')"
bright,(出租)朝阳黄渠地铁站旁商业铺招商，650平可分租，业态不限！,临街门面,地铁黄渠站,650.0,,,,39.930915,116.583279,True,False,False,650㎡,租金面议,（价格可面议）,"('39.930915', '116.583279')"
bright,(出租)无中介费甲方直租新开项目各种业态齐全教培服装餐饮均可,社区底商,晏河湾5号院,50.0,,,,,,False,False,False,50㎡,租金面议,, 
bright,(出租)物业直租双井地铁餐饮300平烤肉火锅湘菜烧烤酒吧铁锅炖等,临街门面,朝阳-双井广渠路,300.0,40000.0,,4.444444444444445,39.899642,116.471518,True,True,True,300㎡,4万/月,4.44元/m/天（价格可面议）,"('39.899642', '116.471518')"
bright,(出租)出租丨常营管庄一层商业1039平大型餐饮丨全业态,临街门面,朝阳-常营常惠路,1039.0,,,,39.935101,116.606004,True,False,False,1039㎡,租金面议,,"('39.935101', '116.606004')"
bright,(出租)中关村人民大学旁270平人流大招烤肉烧烤打边炉等网红餐饮,临街门面,海淀-中关村中关村大街,270.0,68900.0,,8.506172839506172,39.985163,116.32362,True,True,True,270㎡,6.89万/月,8.5元/m/天（价格可面议）,"('39.985163', '116.32362')"
bright,(出租)常营华联新出30平好位置适合各种餐饮网红小吃水吧奶茶,购物百货中心,朝阳-常营朝阳北路17号,30.0,,,,39.9320233,116.6036145,True,False,False,30㎡,租金面议,,"('39.9320233', '116.6036145')"
bright,(出租)紫竹桥临街商业140平招租中医餐饮火锅炒菜五金店鲜花店足疗等,商业街店铺,紫竹桥-道路-北京市海淀区,140.0,29400.0,,7.0,39.946059,116.322008,True,True,True,140㎡,2.94万/月,7元/m/天（价格可面议）,"('39.946059', '116.322008')"
bright,(出租)直租丨临街295平招火锅烤肉自助快餐等有燃气餐饮装修,临街门面,朝阳-东坝东坝南二街,295.0,35400.0,,4.0,39.965964,116.574402,True,True,True,295㎡,3.54万/月,4元/m/天（价格可面议）,"('39.965964', '116.574402')"
bright,(出租)门头沟临街有燃气户型方正双社区门对门餐饮文具团购,社区底商,门头沟-永定何各庄中街,56.0,13000.0,,7.738095238095238,,,False,True,True,56㎡,1.3万/月,7.74元/m/天（价格可面议）, 
bright,(出租)中关村壹号物业直租品牌餐饮健身台球ktv网吧,商业街店铺,海淀-西北旺朝阳路,240.41,50000.0,6.93,6.93,39.92205,116.562283,True,True,True,240.41㎡,5万/月,6.93元/m/天,"('39.92205', '116.562283')"
bright,(出租)物业招商丨餐饮铁锅炖丨价格可议丨烤肉火锅丨停车方便丨,社区底商,朝阳-常营常营北路,314.24,,,,39.935541,116.599347,True,False,False,314.24㎡,租金面议,,"('39.935541', '116.599347')"
bright,(出租)（业主直租）双井富力城可餐饮紧挨大型超市,临街门面,朝阳-双井天力街,600.0,144000.0,8.0,8.0,39.90304,116.463785,True,True,True,600㎡,14.4万/月,8元/m/天,"('39.90304', '116.463785')"
bright,(出租)霄云路餐饮街面积出租100-1000平米装修适合火锅餐饮,商业街店铺,朝阳-朝阳公园霄云路15号,1000.0,,,,39.966649,116.4732,True,False,False,1000㎡,租金面议,,"('39.966649', '116.4732')"
bright,(出租)褡裢铁口旺铺招租无中介费可餐饮牛肉面色菜系全业态,商业街店铺,朝阳-定福庄朝阳北路,118.0,,,,39.929826,116.570245,True,False,False,118㎡,租金面议,,"('39.929826', '116.570245')"
bright,(出租)海淀苏家坨商业综合体全业态餐饮超市便利店糕点等,商业街店铺,凤仪佳苑-北京市海淀区,160.0,,,,40.107962,116.151079,True,False,False,160㎡,租金面议,,"('40.107962', '116.151079')"
bright,(出租)朝阳国贸200平餐饮无转让有燃气位置好正常办照,社区底商,朝阳-国贸东三环中路39号,200.0,38000.0,,6.333333333333333,39.911335,116.465666,True,True,True,200㎡,3.8万/月,6.33元/m/天（价格可面议）,"('39.911335', '116.465666')"
bright,(出租)东三环团结湖白家庄临街一层临街商业有燃气餐饮全业态,临街门面,朝阳-工体东三环北路,219.0,42699.99999999999,6.5,6.5,39.938535,116.468044,True,True,True,219㎡,4.27万/月,6.5元/m/天,"('39.938535', '116.468044')"
bright,(转让)东大桥尚都SOHO临街餐饮客流火爆有燃气米粉麻辣烫,临街门面,朝阳-国贸东大桥路8号,80.0,25000.0,,10.416666666666666,39.9242471,116.4592123,True,True,True,80㎡,2.5万/月,无转让费（价格可面议）,"('39.9242471', '116.4592123')"
bright,(出租)适合餐饮丨刘家窑55平18万丨展面4米丨临街底商丨烟酒餐饮,商业街店铺,丰台-宋家庄方庄南路,55.0,15000.0,,9.090909090909092,39.854546,116.445662,True,True,True,55㎡,1.5万/月,9.09元/m/天（价格可面议）,"('39.854546', '116.445662')"
bright,(出租)社区3000户满入住离地铁站1公里可餐饮楼上公寓满入住,临街门面,丰台-和义久敬庄路,150.0,27000.0,,6.0,39.827745,116.414765,True,True,True,150㎡,2.7万/月,6元/m/天（价格可面议）,"('39.827745', '116.414765')"
bright,(出租)直租朝阳区三里屯工体临街商业1330平酒店餐饮医疗展厅等等,临街门面,朝阳-三里屯幸福三村四巷,1330.0,155600.0,,3.899749373433584,39.943495,116.457781,True,True,True,1330㎡,15.56万/月,3.9元/m/天（价格可面议）,"('39.943495', '116.457781')"
bright,(出租)安贞临街环宇荟附近，可餐饮可医疗，露台可外摆，适合医美，中餐,商业街店铺,朝阳-安贞安贞路,1000.0,150000.0,,5.0,39.983116,116.408077,True,True,True,1000㎡,15万/月,5元/m/天（价格可面议）,"('39.983116', '116.408077')"
bright,(出租)出门就是南三环大平层共2400平可做酒店网吧餐饮,临街门面,丰台-玉泉营纪家庙路,2400.0,180000.0,,2.5,39.852372,116.33246,True,True,True,2400㎡,18万/月,2.5元/m/天（价格可面议）,"('39.852372', '116.33246')"
bright,(出租)工体中国红街旺铺超大展示面餐饮装修适合餐饮烧烤火锅全业态,商业街店铺,朝阳-三里屯工人体育场北路,450.0,74300.0,,5.503703703703704,39.939113,116.457438,True,True,True,450㎡,7.43万/月,5.5元/m/天（价格可面议）,"('39.939113', '116.457438')"
bright,(出租)常营成熟商圈丨KTV丨大型餐饮丨摩托展厅丨电玩城丨培训,商业街店铺,朝阳-常营常营中路146号,1039.58,,,,39.932306,116.600188,True,False,False,1039.58㎡,租金面议,,"('39.932306', '116.600188')"
bright,(出租)健翔桥490适合餐饮火锅团餐烤肉炒菜烧烤spa私人影院,临街门面,朝阳-健翔桥祁家豁子8号,500.0,63000.0,,4.2,39.986394,116.387606,True,True,True,500㎡,6.3万/月,4.2元/m/天（价格可面议）,"('39.986394', '116.387606')"
bright,(出租)鲁谷为数不多的临小面积街底商，价格实惠有燃气可餐饮,临街门面,石景山-鲁谷鲁谷村路,75.0,15000.0,6.67,6.67,39.907041,116.242461,True,True,True,75㎡,1.5万/月,6.67元/m/天,"('39.907041', '116.242461')"
bright,(出租)通州万达110平快餐店直租有厨房燃气餐饮装修,商业街店铺,通州-通州北苑新华西街58号,110.0,13000.0,,3.9393939393939394,39.9114789,116.6471654,True,True,True,110㎡,1.3万/月,3.94元/m/天（价格可面议）,"('39.9114789', '116.6471654')"
bright,(出租)物业直租丨价格可谈丨东坝丨金泽家园社区底商丨客流大丨非餐饮,社区底商,朝阳-东坝东坝南二街,124.75,11600.0,,3.0995323981295924,39.965216,116.570275,True,True,True,124.75㎡,1.16万/月,3.1元/m/天（价格可面议）,"('39.965216', '116.570275')"
bright,(出租)铺丨地铁口位置丨适合各种生活业态及线上类别也可餐饮美甲等,商业街店铺,朝阳-定福庄详细地址请咨询,52.79,6334.8,,4.0,39.930105,116.571879,True,True,True,52.79㎡,6334.8元/月,4元/m/天（价格可面议）,"('39.930105', '116.571879')"
bright,(出租)精装饭店带外摆区餐饮直租各类餐饮不限铁锅炖小火锅特等,商业街店铺,朝阳-CBD东大桥路8号,135.0,26000.0,,6.419753086419753,39.9242471,116.4592123,True,True,True,135㎡,2.6万/月,6.42元/m/天（价格可面议）,"('39.9242471', '116.4592123')"
bright,(出租)手帕口临街商铺出，招品牌米线麻辣烫快餐沙县黄焖鸡各种特色餐饮,商业街店铺,西城-西单详细地址请咨询,90.0,20000.0,,7.407407407407407,39.891837,116.349498,True,True,True,90㎡,2万/月,7.41元/m/天（价格可面议）,"('39.891837', '116.349498')"
bright,(出租)东三环国贸双井富力城天力街主街162平米纯一层全业态餐饮商铺,临街门面,朝阳-双井天力街,162.0,75000.0,15.43,15.43,39.90304,116.463785,True,True,True,162㎡,7.5万/月,15.43元/m/天,"('39.90304', '116.463785')"
bright,(出租)刘家窑临街一层餐饮商铺出租展示面大位置好价格优惠可做任何行业,商业街店铺,丰台-刘家窑横七条,300.0,50000.0,,5.555555555555555,39.859398,116.429917,True,True,True,300㎡,5万/月,5.56元/m/天（价格可面议）,"('39.859398', '116.429917')"
bright,(出租)前门大街餐饮商铺适合宫廷菜北京烤鸭融合才传统菜系,其他,昌平-天通苑前门东大街,1000.0,300000.0,,10.0,39.90697,116.415712,True,True,True,1000㎡,30万/月,10元/m/天（价格可面议）,"('39.90697', '116.415712')"
bright,(出租)朝阳区年轻力中心旁日坛上街餐饮聚集地428平餐饮商铺繁华位置,商业街店铺,朝阳-朝外大街神路街39号,427.0,89700.0,,7.0023419203747075,39.924806,116.450213,True,True,True,427㎡,8.97万/月,7元/m/天（价格可面议）,"('39.924806', '116.450213')"
bright,(出租)医院旁边临街商铺出租适合米线麻辣烫重庆小面特色餐饮,临街门面,东城-东单东单北大街,100.0,35000.0,,11.666666666666666,39.915686,116.424273,True,True,True,100㎡,3.5万/月,11.67元/m/天（价格可面议）,"('39.915686', '116.424273')"
bright,(出租)北沙滩商铺出租挨着地铁口，适合麻辣烫米线快餐饺子馆特色餐饮,商业街店铺,海淀-学院路林萃路,60.0,20000.0,,11.11111111111111,40.011198,116.381998,True,True,True,60㎡,2万/月,11.11元/m/天（价格可面议）,"('40.011198', '116.381998')"
bright,(出租)大成路附近160平米餐饮商铺招租水电燃气齐全品类不限,商业街店铺,丰台-小屯路详细地址请咨询,160.0,33600.0,7.0,7.0,39.895673,116.262652,True,True,True,160㎡,3.36万/月,7元/m/天,"('39.895673', '116.262652')"
bright,(出租)三里屯soho120平餐饮商铺出租适合餐饮酒吧麻辣等业态,商业街店铺,三里屯SOHO-北京市朝阳区,120.0,,,,39.937943,116.460166,True,False,False,120㎡,租金面议,,"('39.937943', '116.460166')"
bright,(出租)丰台科技园世界公园永旺梦乐城附近210平餐饮商铺,社区底商,丰台-科技园区丰葆路,210.0,41000.0,,6.507936507936508,39.82315,116.302166,True,True,True,210㎡,4.1万/月,6.5元/m/天（价格可面议）,"('39.82315', '116.302166')"
bright,(出租)十里河沿街餐饮商铺出租房东直租详细我,商业街店铺,朝阳-十里河详细地址请咨询,70.0,16700.0,,7.9523809523809526,39.873218,116.464427,True,True,True,70㎡,1.67万/月,7.94元/m/天（费用可面议）,"('39.873218', '116.464427')"
bright,(出租)十里堡慈云寺餐饮一条街夜经济120平，240平临街餐饮商铺,社区底商,朝阳-慈云寺青年路,121.0,,,,39.93646,116.523525,True,False,False,121㎡,租金面议,,"('39.93646', '116.523525')"
bright,(出租)大兴新出-150平可餐饮商铺可做快餐面食黄焖鸡麻辣烫,商业街店铺,详细地址请咨询,150.0,23400.0,,5.2,39.736548,116.343081,True,True,True,150㎡,2.34万/月,5.2元/m/天（价格可面议）,"('39.736548', '116.343081')"
bright,(出租)清河通厦公元99一层192平258平餐饮类商铺可燃气,商业街店铺,通厦公元99-北京市海淀区,200.0,24000.0,,4.0,40.052866,116.343702,True,True,True,200㎡,2.4万/月,4元/m/天（价格可面议）,"('40.052866', '116.343702')"
bright,(出租)沿街商铺可餐饮，可办照,写字楼配套,朝阳-十八里店家具大道8号,74.0,9990.0,4.5,4.5,,,False,True,True,74㎡,9990元/月,4.5元/m/天, 
bright,(出租)朝阳社区底商临街商铺面积300平可超市美容餐饮,临街门面,孛旺花园-北门-北京市朝阳区,300.0,45000.0,5.0,5.0,39.870872,116.539158,True,True,True,300㎡,4.5万/月,5元/m/天,"('39.870872', '116.539158')"
bright,(出租)新天地小区新出203平餐饮门面，物业直租～有基础装修～,临街门面,朝阳-管庄朝阳路,127.26,23700.0,6.2,6.2,39.918392,116.610783,True,True,True,127.26㎡,2.37万/月,6.2元/m/天,"('39.918392', '116.610783')"
bright,"(出租)东城区地安门十字路口餐饮商铺,人流大,面积266平",临街门面,西城-什刹海地安门外大街31号,230.0,,,,39.944427,116.4019621,True,False,False,230㎡,租金面议,,"('39.944427', '116.4019621')"
bright,(转让)朝外SOHO154平餐饮店转让，固定客源+高流量，白领消费高,商业街店铺,朝外SOHO,154.0,18000.0,28.0,28.0,39.925733,116.461265,True,True,True,154㎡,1.8万/月,转让费：28万元,"('39.925733', '116.461265')"
bright,(出租)西城区阜内大街89号临街底商旺铺房东直租,临街门面,阜成门内大街-89,165.0,50000.0,10.1,10.1,39.930064,116.37678,True,True,True,165㎡,5万/月,10.1元/m/天,"('39.930064', '116.37678')"
bright,(转让)德胜门商业街面包连锁蛋糕店转让客流密集位置好,临街门面,TOUSlesJOURS多乐之日(新风里店),101.2,36000.0,35.0,35.0,39.967792,116.381939,True,True,True,101.2㎡,3.6万/月,转让费：35万元,"('39.967792', '116.381939')"
bright,(出租)回龙观龙腾苑二区临街商铺出租420平可租无其他费用,临街门面,龙腾苑-二区,210.0,22000.0,3.49,3.49,40.083172,116.343681,True,True,True,210㎡,2.2万/月,3.49元/m/天,"('40.083172', '116.343681')"
bright,(出租)邻三环900平米适合办公会所餐饮茶楼娱乐,临街门面,苏皖大厦,900.0,94500.0,3.5,3.5,39.852427,116.344356,True,True,True,900㎡,9.45万/月,3.5元/m/天,"('39.852427', '116.344356')"
bright,(出租)安慧北里逸园28号楼临街底商旺铺直租,临街门面,安慧北里逸园南区-28号楼,316.0,105000.0,11.08,11.08,40.005405,116.419745,True,True,True,316㎡,10.5万/月,11.08元/m/天,"('40.005405', '116.419745')"
bright,(出租)黄村恒大未来城两层140㎡出租，成熟社区全业态，近地铁,商业街店铺,恒大未来城,140.0,8999.0,2.14,2.14,39.720345,116.320946,True,True,True,140㎡,8999元/月,2.14元/m/天,"('39.720345', '116.320946')"
bright,(出租)朝阳王四营人民日报印刷厂内1100平米餐厅档口招租,档口摊位,人民日报印刷厂,25.0,5000.0,6.67,6.67,39.866413,116.551483,True,True,True,25㎡,5000元/月,6.67元/m/天,"('39.866413', '116.551483')"
bright,(转让)朝阳北京200平餐厅转让，出租早点,社区底商,铭泽生活广场,200.0,30000.0,15.0,15.0,39.869836,116.48346,True,True,True,200㎡,3万/月,转让费：15万元,"('39.869836', '116.48346')"
bright,(转让)地铁积水潭站附近临街底商旺铺转让,临街门面,小炊谣,110.0,45900.0,15.0,15.0,39.957642,116.378567,True,True,True,110㎡,4.59万/月,转让费：15万元,"('39.957642', '116.378567')"
bright,(出租)北京核心景区南锣鼓巷c位商铺招租,商业街店铺,南锣鼓巷,400.0,200000.0,16.67,16.67,39.943562,116.408878,True,True,True,400㎡,20万/月,16.67元/m/天,"('39.943562', '116.408878')"
bright,(出租)海淀上地科实大厦底商商铺房东直租,写字楼配套,科实大厦,600.0,144000.0,8.0,8.0,40.040731,116.318389,True,True,True,600㎡,14.4万/月,8元/m/天,"('40.040731', '116.318389')"
bright,(出租)朝外大街日坛晶华8号楼底商临街门面房东直租除重餐饮外行业不限,社区底商,日坛晶华-8号楼,173.45,39000.0,7.49,7.49,39.926518,116.450761,True,True,True,173.45㎡,3.9万/月,7.49元/m/天,"('39.926518', '116.450761')"
bright,(出租)海淀五道口农业大学100-300平直租无转让费可餐饮！,临街门面,清华东路15号,105.97,26000.0,8.18,8.18,40.007289,116.366487,True,True,True,105.97㎡,2.6万/月,8.18元/m/天,"('40.007289', '116.366487')"
bright,(出租)石景山古城路步行街核心铺招租！近商场社区，人流量大,商业街店铺,古城南路步行街,140.0,,,,39.916957,116.198351,True,False,False,140㎡,租金面议,（价格可面议）,"('39.916957', '116.198351')"
bright,(转让)石景山八角西街280平精装涮肉店转租，5年租期人流量大,临街门面,八角西街,280.0,58800.0,,7.0,39.920335,116.205284,True,True,True,280㎡,5.88万/月,转让费：面议（转让费可面议）,"('39.920335', '116.205284')"
bright,(出租)奥林匹克公园临街铺面70-300平出租，12元/㎡含物业费,商业街店铺,北京工艺美术博物馆(文创店),80.0,29000.0,12.08,12.08,40.00572,116.400322,True,True,True,80㎡,2.9万/月,12.08元/m/天,"('40.00572', '116.400322')"
bright,(出租)旭景园1万平招租全业态制可仓储，配套手续齐全，整租可分租,临街门面,旭景园·精致生活广场,10000.0,,,,39.945537,116.703494,True,False,False,10000㎡,租金面议,（价格可面议）,"('39.945537', '116.703494')"
bright,(转让)蓝堡公寓饭店整体转600平精装含KTV，近华贸高客流价格可谈,商业街店铺,蓝堡国际公寓-南区,600.0,60000.0,80.0,80.0,39.916652,116.48313,True,True,True,600㎡,6万/月,转让费：80万元,"('39.916652', '116.48313')"
bright,(出租)（0转让费）朝阳欢乐谷附近Ⅰ临街流量社区底商旺铺整体出租,社区底商,PETLADY宠娘宠物生活馆(格林莱雅店),80.0,19000.0,7.92,7.92,39.873411,116.513574,True,True,True,80㎡,1.9万/月,7.92元/m/天,"('39.873411', '116.513574')"
bright,(出租)双井桥地铁D口附近临街社区底商人流量大旺铺出租位置优越,临街门面,优士阁-B座,87.0,22000.0,8.43,8.43,39.898418,116.466159,True,True,True,87㎡,2.2万/月,8.43元/m/天,"('39.898418', '116.466159')"
bright,(转让)朝阳北花园1号院一层店转租，设备全临主路,临街门面,中国传媒大学,130.0,32500.0,18.0,18.0,39.917551,116.563634,True,True,True,130㎡,3.25万/月,转让费：18万元,"('39.917551', '116.563634')"
bright,(出租)亦庄同济南路10㎡临街档口酒店公寓旁，白领多做早餐小吃奶茶佳,临街门面,同济南路,10.0,,,,39.779083,116.546239,True,False,False,10㎡,租金面议,（价格可面议）,"('39.779083', '116.546239')"
bright,(出租)新街口积水潭小西天临街商铺房东直租、周边客流大(除餐饮外),临街门面,新街口外大街29号,40.0,30000.0,25.0,25.0,39.958119,116.377868,True,True,True,40㎡,3万/月,25元/m/天,"('39.958119', '116.377868')"
bright,(出租)房东直租可线上超市台球轰趴足疗简餐中央厨房仓储,社区底商,百子湾东里,420.0,,,,39.905263,116.511316,True,False,False,420㎡,租金面议,（价格可面议）,"('39.905263', '116.511316')"
bright,(出租)石景山古城300平米开间适合各类生鲜超市餐饮汽修汽美类,临街门面,石景山-古城古城北路,300.0,,,,39.923838,116.196937,True,False,False,300㎡,租金面议,,"('39.923838', '116.196937')"
bright,(出租)物业直租丨管庄杨闸环岛丨可做餐饮丨商业街,商业街店铺,朝阳-管庄朝阳北路,376.54,,,,39.930296,116.529576,True,False,False,376.54㎡,租金面议,,"('39.930296', '116.529576')"
bright,(出租)全业态可餐饮挑高5.2米纯一层门前可外摆百子湾包物业取暖双井,商业街店铺,朝阳-百子湾广渠东路33号,200.0,18800.0,3.13,3.13,39.903576,116.511555,True,True,True,200㎡,1.88万/月,3.13元/m/天,"('39.903576', '116.511555')"
bright,(出租)朝阳北路临街丨223.86平丨足疗店装修丨有燃气可做餐饮,商业街店铺,朝阳-常营常惠路,223.86,,,,39.932661,116.606782,True,False,False,223.86㎡,租金面议,,"('39.932661', '116.606782')"
bright,(出租)直租望京花家地临街商业独栋700平可分租餐饮医疗展厅等等,临街门面,朝阳-望京望京南湖南路11号1号,700.0,126000.0,,6.0,39.998768,116.468798,True,True,True,700㎡,12.6万/月,6元/m/天（价格可面议）,"('39.998768', '116.468798')"
bright,(出租)A海淀永定路临街80平，可做按摩理疗养生馆，也可餐饮熟食酱货,临街门面,永定路-道路-北京市海淀区,80.0,25000.0,10.42,10.42,39.910833,116.27109,True,True,True,80㎡,2.5万/月,10.42元/m/天,"('39.910833', '116.27109')"
bright,(出租)新街口！积水潭地铁！麻辣烫小笼包糕点面馆餐饮等不限,临街门面,西城-积水潭详细地址请咨询,63.0,18000.0,9.52,9.52,39.946271,116.378817,True,True,True,63㎡,1.8万/月,9.52元/m/天,"('39.946271', '116.378817')"
bright,(出租)海淀区华熙LIVE商业街新出60平好位置适合各种网红餐饮水吧,商业街店铺,海淀-万寿路复兴路69号,60.0,,,,39.916779,116.283807,True,False,False,60㎡,租金面议,,"('39.916779', '116.283807')"
bright,(出租)北安河地铁站主街商圈可餐饮有燃气可炭烤框架格局,社区底商,海淀-海淀周边通元路,420.0,,,,40.07587,116.137409,True,False,False,420㎡,租金面议,,"('40.07587', '116.137409')"
bright,(出租)物业直租丨临街餐饮带燃气丨业态不限麻辣烫米线品牌餐饮,商业街店铺,朝阳-国贸东三环中路39号,100.0,18000.0,6.0,6.0,39.911335,116.465666,True,True,True,100㎡,1.8万/月,6元/m/天,"('39.911335', '116.465666')"
bright,(出租)长阳地铁口3万人商圈46平带燃气可餐饮临主街,社区底商,房山-长阳京良路,46.0,6000.0,,4.3478260869565215,39.770199,116.217796,True,True,True,46㎡,6000元/月,4.35元/m/天（价格可面议）,"('39.770199', '116.217796')"
bright,(出租)临街餐饮底商可明火30平13000月随时可看,临街门面,朝阳-百子湾广渠东路33号,30.0,13000.0,,14.444444444444445,39.903576,116.511555,True,True,True,30㎡,1.3万/月,14.44元/m/天（价格可面议）,"('39.903576', '116.511555')"
bright,(出租)国贸上班族必经之路地铁口位置可餐饮对面就是单元楼入口,商业街店铺,朝阳-四惠力源里北街2号,80.0,23000.0,,9.583333333333334,39.916244,116.503664,True,True,True,80㎡,2.3万/月,9.58元/m/天（价格可面议）,"('39.916244', '116.503664')"
bright,(出租)石景山区玉泉路640平适合仓储，培训，各类型餐饮，快递等等,写字楼配套,石景山-老山玉泉路63号,640.0,,,,39.939259,116.158326,True,False,False,640㎡,租金面议,,"('39.939259', '116.158326')"
bright,(出租)直租朝阳公园石佛营地铁口临街一层160平餐饮医疗展厅等等,临街门面,朝阳-石佛营石佛营西里3号,160.0,32599.999999999996,,6.791666666666666,39.939744,116.507781,True,True,True,160㎡,3.26万/月,6.8元/m/天（价格可面议）,"('39.939744', '116.507781')"
bright,(出租)物业直租丨餐饮一条街丨招沙县小吃杭州小笼包黄焖鸡特色餐饮,临街门面,朝阳-东坝东坝南二街,120.0,14400.0,,4.0,39.965964,116.574402,True,True,True,120㎡,1.44万/月,4元/m/天（价格可面议）,"('39.965964', '116.574402')"
bright,(出租)朝阳周边望京SOHO餐饮底商招商,写字楼配套,朝阳-望京望京街10号,123.0,16000.0,4.34,4.34,40.002437,116.487916,True,True,True,123㎡,1.6万/月,4.34元/m/天,"('40.002437', '116.487916')"
bright,(出租)清华大学门口！招：猪脚饭，现炒快餐，米线，螺蛳粉，特色餐饮,商业街店铺,详细地址请咨询,163.0,83300.0,,17.03476482617587,40.009645,116.333374,True,True,True,163㎡,8.33万/月,17.04元/m/天（价格可面议）,"('40.009645', '116.333374')"
bright,(出租)学院路六道口独栋适合酒店会所医美口腔餐饮全业态,商业街店铺,六道口-地铁站-北京市海淀区,3100.0,604500.0,6.5,6.5,40.006258,116.359342,True,True,True,3100㎡,60.45万/月,6.5元/m/天,"('40.006258', '116.359342')"
bright,(出租)鲁谷银河大街临街一层260平饭店出租，适合自助餐饮，铁锅炖,商业街店铺,泰禾新天地-北京市石景山区,260.0,25000.0,3.2,3.2,39.910917,116.227241,True,True,True,260㎡,2.5万/月,3.2元/m/天,"('39.910917', '116.227241')"
bright,(出租)海淀区交大西门餐饮集中地，人群密集，120平餐饮转让,临街门面,海淀-双榆树详细地址请咨询,120.0,45000.0,,12.5,39.958146,116.333579,True,True,True,120㎡,4.5万/月,12.5元/m/天（费用可面议）,"('39.958146', '116.333579')"
bright,(出租)物业直租丨价格可谈丨金盏嘉园社区底商丨临街客流大丨非餐饮业态,社区底商,朝阳-朝阳周边长店大街,128.31,8976.0,,2.331852544618502,40.015807,116.557213,True,True,True,128.31㎡,8976元/月,2.33元/m/天（价格可面议）,"('40.015807', '116.557213')"
bright,(出租)出租直租丨清真快餐连锁店食材专卖店书吧阅照相馆餐饮,临街门面,北京市朝阳区常营(地区)回族乡管庄路13号,407.52,36900.0,,3.0182567726737344,39.934312,116.59596,True,True,True,407.52㎡,3.69万/月,3.02元/m/天（价格可面议）,"('39.934312', '116.59596')"
bright,(出租)双井百子湾新出1600平餐饮，超新装修，价格相当美业态广泛,商业街店铺,朝阳-百子湾详细地址请咨询,1600.0,,,,39.896087,116.489211,True,False,False,1600㎡,租金面议,,"('39.896087', '116.489211')"
bright,(出租)直租丨朝阳常营可餐饮熟食寿司蜂产品旅行社鸭货,社区底商,朝阳-常营常营中路3号,20.0,6300.0,,10.5,39.936919,116.612233,True,True,True,20㎡,6300元/月,10.5元/m/天（价格可面议）,"('39.936919', '116.612233')"
bright,(出租)高端社区紧邻多所学校招艺术培训餐饮小饭桌刀削面药店等,临街门面,大兴-瀛海镇四合路,120.0,,,,39.758035,116.495612,True,False,False,120㎡,租金面议,,"('39.758035', '116.495612')"
bright,(出租)东三环大厦临街一层150平适合餐饮茅台酒汉堡咖啡酒吧,商业街店铺,朝阳-工体详细地址请咨询,150.0,40000.0,,8.88888888888889,39.93511,116.467403,True,True,True,150㎡,4万/月,8.89元/m/天（价格可面议）,"('39.93511', '116.467403')"
bright,(出租)通州土桥地铁旁临街底商项目直招各类餐饮,商业街店铺,通州-土桥九棵树东路,100.0,19500.0,6.5,6.5,39.877316,116.695582,True,True,True,100㎡,1.95万/月,6.5元/m/天,"('39.877316', '116.695582')"
bright,(出租)朝阳区，传媒大学对面，养生，团购店，美发，宠物店，餐饮线上,社区底商,朝阳-定福庄定福庄北街,48.0,,,,39.922541,116.560349,True,False,False,48㎡,租金面议,,"('39.922541', '116.560349')"
bright,(出租)首钢园招商515平米二层独立的电梯餐饮,商业街店铺,首钢园-北京市石景山区,515.0,54100.0,3.5,3.5,39.911562,116.177067,True,True,True,515㎡,5.41万/月,3.5元/m/天,"('39.911562', '116.177067')"
bright,(出租)手帕口临街商铺出，招品牌米线麻辣烫快餐沙县黄焖鸡各种特色餐饮,商业街店铺,西城-西单详细地址请咨询,90.0,20000.0,,7.407407407407407,39.891837,116.349498,True,True,True,90㎡,2万/月,7.41元/m/天（价格可面议）,"('39.891837', '116.349498')"
bright,(出租)东三环国贸双井富力城天力街主街162平米纯一层全业态餐饮商铺,临街门面,朝阳-双井天力街,162.0,75000.0,15.43,15.43,39.90304,116.463785,True,True,True,162㎡,7.5万/月,15.43元/m/天,"('39.90304', '116.463785')"
bright,(出租)刘家窑临街一层餐饮商铺出租展示面大位置好价格优惠可做任何行业,商业街店铺,丰台-刘家窑横七条,300.0,50000.0,,5.555555555555555,39.859398,116.429917,True,True,True,300㎡,5万/月,5.56元/m/天（价格可面议）,"('39.859398', '116.429917')"
bright,(出租)新天地小区新出203平餐饮门面，物业直租～有基础装修～,临街门面,朝阳-管庄朝阳路,127.26,23700.0,6.2,6.2,39.918392,116.610783,True,True,True,127.26㎡,2.37万/月,6.2元/m/天,"('39.918392', '116.610783')"
bright,"(出租)东城区地安门十字路口餐饮商铺,人流大,面积266平",临街门面,西城-什刹海地安门外大街31号,230.0,,,,39.944427,116.4019621,True,False,False,230㎡,租金面议,,"('39.944427', '116.4019621')"
bright,(出租)出租常营一层商铺可餐饮精装修全业态餐饮健身,社区底商,朝阳-常营常营北路,314.24,37700.0,,3.9990665308893414,39.935541,116.599347,True,True,True,314.24㎡,3.77万/月,4元/m/天（费用可面议）,"('39.935541', '116.599347')"
bright,(出租)东三环主路一层临街餐饮商业店铺有燃气精装有执照价格低,商业街店铺,朝阳-双井百子湾南二路,500.0,127500.0,,8.5,39.902956,116.471141,True,True,True,500㎡,12.75万/月,8.5元/m/天（价格可面议）,"('39.902956', '116.471141')"
bright,(出租)国贸核心建外SOHO餐饮商铺出租，设备设施齐全，业态不限,写字楼配套,朝阳-国贸东三环中路39号,150.0,25000.0,5.56,5.56,39.911335,116.465666,True,True,True,150㎡,2.5万/月,5.56元/m/天,"('39.911335', '116.465666')"
bright,(出租)百子湾临街拐角位置193平米餐饮商铺，有燃气.有车位.,临街门面,朝阳-百子湾广渠东路33号,193.0,33000.0,,5.699481865284974,39.903576,116.511555,True,True,True,193㎡,3.3万/月,5.7元/m/天（价格可面议）,"('39.903576', '116.511555')"
bright,(出租)西城区西便门餐饮商铺，有燃气，有车位餐饮，全业态招租,社区底商,槐柏树街北里甲-2号楼,100.0,,,,39.902053,116.36471,True,False,False,100㎡,租金面议,,"('39.902053', '116.36471')"
bright,(出租)机电院一层临街挑高7M可餐饮户型方正350平商铺适合全业态,临街门面,朝阳-三里屯三里屯路19号,350.0,78800.0,,7.504761904761905,39.940722,116.461001,True,True,True,350㎡,7.88万/月,7.5元/m/天（价格可面议）,"('39.940722', '116.461001')"
bright,(出租)金融街西南侧真武庙旁招：餐饮美容生鲜等商铺出租,临街门面,西城-西便门西便门外大街,210.0,50400.0,,8.0,39.908002,116.359309,True,True,True,210㎡,5.04万/月,8元/m/天（费用可面议）,"('39.908002', '116.359309')"
bright,(出租)地铁口150米处丨商铺直租招租丨有燃气丨招租餐饮丨,社区底商,北京市通州区九棵树街道九棵树东路辅路,200.0,36000.0,,6.0,39.884537,116.680756,True,True,True,200㎡,3.6万/月,6元/m/天（价格可面议）,"('39.884537', '116.680756')"
bright,(出租)北京大学商铺出租适合各种麻辣烫米线螺蛳粉等各种景区热门餐饮,商业街店铺,海淀-北京大学园丁路,100.0,16700.0,,5.566666666666666,39.997299,116.365752,True,True,True,100㎡,1.67万/月,5.56元/m/天（费用可面议）,"('39.997299', '116.365752')"
bright,(出租)海淀北洼路90平米商铺适合干果蛋糕修脚团购餐饮等等,临街门面,海淀-皂君庙北洼路,90.0,,,,39.943136,116.311447,True,False,False,90㎡,租金面议,,"('39.943136', '116.311447')"
bright,(出租)甲方直租餐饮无中介费商铺出租地铁口旁,社区底商,温阳路,920.0,,,,,,False,False,False,920㎡,租金面议,, 
bright,(出租)朝阳百子湾沿海赛洛城商铺出租8平米月租金11000不可餐饮,社区底商,朝阳-百子湾石门东路,80.0,11000.0,,4.583333333333333,39.902399,116.509065,True,True,True,80㎡,1.1万/月,4.58元/m/天（价格可面议）,"('39.902399', '116.509065')"
bright,(出租)直租国贸东大桥SOHO尚都临街餐饮商铺户型方正有燃气,写字楼配套,朝阳-东大桥东大桥路8号,130.0,42000.0,10.77,10.77,39.9242471,116.4592123,True,True,True,130㎡,4.2万/月,10.77元/m/天,"('39.9242471', '116.4592123')"
bright,(转让)朝外SOHO154平餐饮店转让，固定客源+高流量，白领消费高,商业街店铺,朝外SOHO,154.0,18000.0,28.0,28.0,39.925733,116.461265,True,True,True,154㎡,1.8万/月,转让费：28万元,"('39.925733', '116.461265')"
bright,(出租)西城区阜内大街89号临街底商旺铺房东直租,临街门面,阜成门内大街-89,165.0,50000.0,10.1,10.1,39.930064,116.37678,True,True,True,165㎡,5万/月,10.1元/m/天,"('39.930064', '116.37678')"
bright,(转让)德胜门商业街面包连锁蛋糕店转让客流密集位置好,临街门面,TOUSlesJOURS多乐之日(新风里店),101.2,36000.0,35.0,35.0,39.967792,116.381939,True,True,True,101.2㎡,3.6万/月,转让费：35万元,"('39.967792', '116.381939')"
bright,(出租)回龙观龙腾苑二区临街商铺出租420平可租无其他费用,临街门面,龙腾苑-二区,210.0,22000.0,3.49,3.49,40.083172,116.343681,True,True,True,210㎡,2.2万/月,3.49元/m/天,"('40.083172', '116.343681')"
bright,(出租)邻三环900平米适合办公会所餐饮茶楼娱乐,临街门面,苏皖大厦,900.0,94500.0,3.5,3.5,39.852427,116.344356,True,True,True,900㎡,9.45万/月,3.5元/m/天,"('39.852427', '116.344356')"
bright,(出租)安慧北里逸园28号楼临街底商旺铺直租,临街门面,安慧北里逸园南区-28号楼,316.0,105000.0,11.08,11.08,40.005405,116.419745,True,True,True,316㎡,10.5万/月,11.08元/m/天,"('40.005405', '116.419745')"
bright,(出租)黄村恒大未来城两层140㎡出租，成熟社区全业态，近地铁,商业街店铺,恒大未来城,140.0,8999.0,2.14,2.14,39.720345,116.320946,True,True,True,140㎡,8999元/月,2.14元/m/天,"('39.720345', '116.320946')"
bright,(出租)朝阳王四营人民日报印刷厂内1100平米餐厅档口招租,档口摊位,人民日报印刷厂,25.0,5000.0,6.67,6.67,39.866413,116.551483,True,True,True,25㎡,5000元/月,6.67元/m/天,"('39.866413', '116.551483')"
bright,(转让)朝阳北京200平餐厅转让，出租早点,社区底商,铭泽生活广场,200.0,30000.0,15.0,15.0,39.869836,116.48346,True,True,True,200㎡,3万/月,转让费：15万元,"('39.869836', '116.48346')"
bright,(转让)地铁积水潭站附近临街底商旺铺转让,临街门面,小炊谣,110.0,45900.0,15.0,15.0,39.957642,116.378567,True,True,True,110㎡,4.59万/月,转让费：15万元,"('39.957642', '116.378567')"
bright,(出租)北京核心景区南锣鼓巷c位商铺招租,商业街店铺,南锣鼓巷,400.0,200000.0,16.67,16.67,39.943562,116.408878,True,True,True,400㎡,20万/月,16.67元/m/天,"('39.943562', '116.408878')"
bright,(出租)海淀上地科实大厦底商商铺房东直租,写字楼配套,科实大厦,600.0,144000.0,8.0,8.0,40.040731,116.318389,True,True,True,600㎡,14.4万/月,8元/m/天,"('40.040731', '116.318389')"
bright,(出租)朝外大街日坛晶华8号楼底商临街门面房东直租除重餐饮外行业不限,社区底商,日坛晶华-8号楼,173.45,39000.0,7.49,7.49,39.926518,116.450761,True,True,True,173.45㎡,3.9万/月,7.49元/m/天,"('39.926518', '116.450761')"
bright,(出租)海淀五道口农业大学100-300平直租无转让费可餐饮！,临街门面,清华东路15号,105.97,26000.0,8.18,8.18,40.007289,116.366487,True,True,True,105.97㎡,2.6万/月,8.18元/m/天,"('40.007289', '116.366487')"
bright,(出租)石景山古城路步行街核心铺招租！近商场社区，人流量大,商业街店铺,古城南路步行街,140.0,,,,39.916957,116.198351,True,False,False,140㎡,租金面议,（价格可面议）,"('39.916957', '116.198351')"
bright,(转让)石景山八角西街280平精装涮肉店转租，5年租期人流量大,临街门面,八角西街,280.0,58800.0,,7.0,39.920335,116.205284,True,True,True,280㎡,5.88万/月,转让费：面议（转让费可面议）,"('39.920335', '116.205284')"
bright,(出租)奥林匹克公园临街铺面70-300平出租，12元/㎡含物业费,商业街店铺,北京工艺美术博物馆(文创店),80.0,29000.0,12.08,12.08,40.00572,116.400322,True,True,True,80㎡,2.9万/月,12.08元/m/天,"('40.00572', '116.400322')"
bright,(出租)旭景园1万平招租全业态制可仓储，配套手续齐全，整租可分租,临街门面,旭景园·精致生活广场,10000.0,,,,39.945537,116.703494,True,False,False,10000㎡,租金面议,（价格可面议）,"('39.945537', '116.703494')"
bright,(转让)蓝堡公寓饭店整体转600平精装含KTV，近华贸高客流价格可谈,商业街店铺,蓝堡国际公寓-南区,600.0,60000.0,80.0,80.0,39.916652,116.48313,True,True,True,600㎡,6万/月,转让费：80万元,"('39.916652', '116.48313')"
bright,(出租)（0转让费）朝阳欢乐谷附近Ⅰ临街流量社区底商旺铺整体出租,社区底商,PETLADY宠娘宠物生活馆(格林莱雅店),80.0,19000.0,7.92,7.92,39.873411,116.513574,True,True,True,80㎡,1.9万/月,7.92元/m/天,"('39.873411', '116.513574')"
bright,(出租)双井桥地铁D口附近临街社区底商人流量大旺铺出租位置优越,临街门面,优士阁-B座,87.0,22000.0,8.43,8.43,39.898418,116.466159,True,True,True,87㎡,2.2万/月,8.43元/m/天,"('39.898418', '116.466159')"
bright,(转让)朝阳北花园1号院一层店转租，设备全临主路,临街门面,中国传媒大学,130.0,32500.0,18.0,18.0,39.917551,116.563634,True,True,True,130㎡,3.25万/月,转让费：18万元,"('39.917551', '116.563634')"
bright,(出租)亦庄同济南路10㎡临街档口酒店公寓旁，白领多做早餐小吃奶茶佳,临街门面,同济南路,10.0,,,,39.779083,116.546239,True,False,False,10㎡,租金面议,（价格可面议）,"('39.779083', '116.546239')"
bright,(出租)新街口积水潭小西天临街商铺房东直租、周边客流大(除餐饮外),临街门面,新街口外大街29号,40.0,30000.0,25.0,25.0,39.958119,116.377868,True,True,True,40㎡,3万/月,25元/m/天,"('39.958119', '116.377868')"
bright,(出租)房东直租可线上超市台球轰趴足疗简餐中央厨房仓储,社区底商,百子湾东里,420.0,,,,39.905263,116.511316,True,False,False,420㎡,租金面议,（价格可面议）,"('39.905263', '116.511316')"
bright,(出租)新上立水桥1万平整租分租都可台球健身足疗瑜伽会所餐饮等,商业街店铺,朝阳-来广营立清路1号,3000.0,180000.0,,2.0,40.052171,116.41454,True,True,True,3000㎡,18万/月,2元/m/天（价格可面议）,"('40.052171', '116.41454')"
bright,(出租)直租出租丨东坝宴河湾洗衣店餐饮美容美甲茶叶店宠物店,临街门面,北京市朝阳区东坝(地区)乡东坝大街78号,77.55,14700.0,,6.3185041908446165,39.981311,116.559779,True,True,True,77.55㎡,1.47万/月,6.3元/m/天（价格可面议）,"('39.981311', '116.559779')"
bright,(出租)物业直租丨东坝社区底商丨精装修丨客流大丨价格可谈丨非餐饮业态,社区底商,朝阳-东坝石各庄路,153.24,,,,39.968468,116.570769,True,False,False,153.24㎡,租金面议,,"('39.968468', '116.570769')"
bright,(出租)二环地铁商业街底商商业立项手续齐全餐饮美食城1700m,商业街店铺,东城-朝阳门南竹杆胡同2号,1731.0,,,,39.92759,116.43926,True,False,False,1731㎡,租金面议,,"('39.92759', '116.43926')"
bright,(出租)临主街餐饮铺子有燃气烟道人流大餐饮铺子,临街门面,朝阳-百子湾广渠东路33号,215.0,33000.0,,5.116279069767442,39.903576,116.511555,True,True,True,215㎡,3.3万/月,5.12元/m/天（价格可面议）,"('39.903576', '116.511555')"
bright,(出租)双井位置餐饮，主招食堂运营.性价比超高，随时看房,其他,朝阳-百子湾详细地址请咨询,430.0,37400.0,,2.89922480620155,39.903337,116.477222,True,True,True,430㎡,3.74万/月,2.9元/m/天（价格可面议）,"('39.903337', '116.477222')"
bright,(出租)丽都餐饮街区，纯一层350平，适合火锅，烧烤，中西餐，宴请类,商业街店铺,朝阳-将台路将台路6号,350.0,,,,39.982864,116.485051,True,False,False,350㎡,租金面议,,"('39.982864', '116.485051')"
bright,(出租)望京丽都260平临街纯一层出租户型方正招餐饮展厅口腔,临街门面,朝阳-将台路将台路6号,280.0,37000.0,,4.404761904761905,39.982864,116.485051,True,True,True,280㎡,3.7万/月,4.4元/m/天（价格可面议）,"('39.982864', '116.485051')"
bright,(出租)朝阳大悦城一层200平餐饮6元适合餐饮酒吧咖啡,临街门面,朝阳-朝青板块朝阳北路101号,200.0,36000.0,6.0,6.0,39.930834,116.524829,True,True,True,200㎡,3.6万/月,6元/m/天,"('39.930834', '116.524829')"
bright,(出租)万达写字楼下纯一层50平月租9000元可餐饮有燃气随时看房,商业街店铺,通州-通州北苑新华西街58号,50.0,9000.0,6.0,6.0,39.9114789,116.6471654,True,True,True,50㎡,9000元/月,6元/m/天,"('39.9114789', '116.6471654')"
bright,(出租)大兴黄村临街150平招餐饮可做快餐刀削面羊棒骨早点,临街门面,大兴大悦春风里-北京市大兴区,150.0,20000.0,4.44,4.44,39.735801,116.348471,True,True,True,150㎡,2万/月,4.44元/m/天,"('39.735801', '116.348471')"
bright,(出租)（实价）双井富力城8米展示带天然气餐饮一条街,临街门面,朝阳-双井天力街,160.0,78000.0,16.25,16.25,39.90304,116.463785,True,True,True,160㎡,7.8万/月,16.25元/m/天,"('39.90304', '116.463785')"
bright,(出租)带大露台餐饮烧烤烤肉火锅健身房美容院594平,临街门面,朝阳-定福庄朝阳北路,594.0,,,,39.92952,116.571748,True,False,False,594㎡,租金面议,,"('39.92952', '116.571748')"
bright,(出租)房山地铁口直租临街把角展示面广可餐饮全业态,社区底商,房山-长阳长政南街1号,68.0,,,,39.7687528,116.2194396,True,False,False,68㎡,租金面议,,"('39.7687528', '116.2194396')"
bright,(出租)绝！佳位置！直租主街餐饮带燃气业态不限,写字楼配套,朝阳-国贸东三环中路,300.0,,,,39.911192,116.467993,True,False,False,300㎡,租金面议,,"('39.911192', '116.467993')"
bright,(出租)东坝蟹岛附件金盏家园社区底商一层适合餐饮家常菜火锅铁锅炖等,临街门面,朝阳-朝阳周边长店大街,356.0,24600.0,2.3,2.3,40.015807,116.557213,True,True,True,356㎡,2.46万/月,2.3元/m/天,"('40.015807', '116.557213')"
bright,(出租)传媒大学招商餐饮全业态位置好大学生人流量大,购物百货中心,北京市朝阳区三间房(地区)乡,735.0,,,,39.917275,116.563425,True,False,False,735㎡,租金面议,,"('39.917275', '116.563425')"
bright,(出租)双榆树800平可餐饮招特色菜牛肉火锅涮肉等业态不限,临街门面,海淀-双榆树双榆树三街,800.0,132000.0,,5.5,39.974257,116.33001,True,True,True,800㎡,13.2万/月,5.5元/m/天（价格可面议）,"('39.974257', '116.33001')"
bright,(出租)小区门口6米独立门头格局方正有烟照可餐饮行业不限右后门,临街门面,昌平-回龙观南店北路,80.0,,,,40.074768,116.330707,True,False,False,80㎡,租金面议,,"('40.074768', '116.330707')"
bright,(出租)牡丹园临街三层独栋2400平不能酒店招餐饮医疗展厅大企业办公,临街门面,海淀-牡丹园花园北路,2400.0,381599.99999999994,,5.299999999999999,39.987766,116.374009,True,True,True,2400㎡,38.16万/月,5.3元/m/天（价格可面议）,"('39.987766', '116.374009')"
bright,(出租)大兴黄村110平有燃气招餐饮自行车电车专卖旗舰店等,临街门面,黄村东里小区-5号楼-北京市大兴区,110.0,15000.0,4.55,4.55,39.742576,116.350717,True,True,True,110㎡,1.5万/月,4.55元/m/天,"('39.742576', '116.350717')"
bright,(出租)双桥临街独栋322平适合：餐饮，口腔，医美，动物医院等等,临街门面,朝阳-双桥塔营北街3号,322.0,67600.0,,6.9979296066252585,39.909066,116.602893,True,True,True,322㎡,6.76万/月,7元/m/天（价格可面议）,"('39.909066', '116.602893')"
bright,(出租)北苑2000平是商业可台球，可，可网吧，可餐饮,商业街店铺,丰台-小屯路青塔小区西侧路,2000.0,138000.0,,2.3,39.900529,116.263062,True,True,True,2000㎡,13.8万/月,2.3元/m/天（费用可面议）,"('39.900529', '116.263062')"
bright,(出租)坝鑫家园233平小区口可餐饮火锅儿童培训推拿台球,其他,朝阳-东坝东坝中街,233.0,,,,39.971838,116.543456,True,False,False,233㎡,租金面议,,"('39.971838', '116.543456')"
bright,(出租)金融街月坛南街2700平6元独栋商业可餐饮,临街门面,西城-金融街月坛南街,2700.0,486000.0,6.0,6.0,39.919686,116.358689,True,True,True,2700㎡,48.6万/月,6元/m/天,"('39.919686', '116.358689')"
bright,(出租)直租丨地铁口丨招市集商超丨汤泉丨大型餐饮丨夜店KTV网吧台球,临街门面,朝阳-定福庄朝阳北路,8162.74,,,,39.929826,116.570245,True,False,False,8162.74㎡,租金面议,,"('39.929826', '116.570245')"
bright,(出租)直租北三环惠新东街临街一层商业350平餐饮医疗展厅等等,临街门面,朝阳-惠新里惠新东街,350.0,84000.0,,8.0,39.985146,116.431007,True,True,True,350㎡,8.4万/月,8元/m/天（价格可面议）,"('39.985146', '116.431007')"
bright,(转让)酒店出租！海淀3300平招医美医院酒店品牌餐饮等,临街门面,海淀-皂君庙北清路81号,3300.0,,,,40.0821239,116.253999,True,False,False,3300㎡,租金面议,无转让费,"('40.0821239', '116.253999')"
bright,(出租)三里屯236平100平外摆适合美业绘画餐饮餐吧酒吧剧场等,商业街店铺,朝阳-三里屯工人体育场北路,236.0,45000.0,6.36,6.36,39.937492,116.460034,True,True,True,236㎡,4.5万/月,6.36元/m/天,"('39.937492', '116.460034')"
bright,(出租)朝阳周边望京SOHO餐饮底商招商,写字楼配套,朝阳-望京望京街10号,314.0,36000.0,3.82,3.82,40.002437,116.487916,True,True,True,314㎡,3.6万/月,3.82元/m/天,"('40.002437', '116.487916')"
bright,(出租)临街餐饮商铺有燃气可明火适合咖啡奶茶各类餐饮等国贸建外,临街门面,朝阳-国贸东三环中路39号,65.0,8000.0,,4.102564102564102,39.911335,116.465666,True,True,True,65㎡,8000元/月,4.1元/m/天（价格可面议）,"('39.911335', '116.465666')"
bright,(出租)国贸大望路临街餐饮商铺融合菜装修不可医疗价格美观,商业街店铺,详细地址请咨询,500.0,,,,39.912081,116.476959,True,False,False,500㎡,租金面议,,"('39.912081', '116.476959')"
bright,(出租)中关村海淀黄庄苏州街一层临街餐饮商铺出租水电燃气齐全家家排队,社区底商,海淀-苏州街详细地址请咨询,270.0,60800.0,,7.506172839506172,39.987137,116.310277,True,True,True,270㎡,6.08万/月,7.5元/m/天（价格可面议）,"('39.987137', '116.310277')"
bright,(出租)亦庄商铺出租独栋露台有车位25米展示面可会所餐饮,临街门面,大兴-亦庄亦庄荣华北路,455.0,47800.0,,3.501831501831502,39.810423,116.500192,True,True,True,455㎡,4.78万/月,3.5元/m/天（费用可面议）,"('39.810423', '116.500192')"
bright,(出租)海淀金沟河二层商铺440平适合酒店培训健身餐饮办公等等,社区底商,北京市海淀区永定路街道永定路42号,440.0,,,,39.923876,116.271341,True,False,False,440㎡,租金面议,,"('39.923876', '116.271341')"
bright,(出租)海淀区健德门地铁口临街商铺490平米，65万，餐饮,社区底商,海淀-牡丹园祁家豁子8号,500.0,55000.0,,3.6666666666666665,39.986394,116.387606,True,True,True,500㎡,5.5万/月,3.67元/m/天（价格可面议）,"('39.986394', '116.387606')"
bright,(出租)日坛上街餐饮商铺400平精装70万一年随时可以看房,商业街店铺,朝阳-朝外大街神路街39号,400.0,58000.0,4.83,4.83,39.924806,116.450213,True,True,True,400㎡,5.8万/月,4.83元/m/天,"('39.924806', '116.450213')"
bright,(出租)商铺出租一层门面六号线地铁口招租展厅办公餐饮零售,临街门面,朝阳-定福庄朝阳北路,119.0,,,,39.929826,116.570245,True,False,False,119㎡,租金面议,,"('39.929826', '116.570245')"
bright,(出租)出租）海淀地铁站65平餐饮门面，有燃气，快餐早点餐饮咖啡水吧,商业街店铺,海淀-海淀周边北清路,64.36,10900.0,5.67,5.67,40.074892,116.167825,True,True,True,64.36㎡,1.09万/月,5.67元/m/天,"('40.074892', '116.167825')"
bright,(出租)人民大学150平商铺出租可以餐饮,商业街店铺,石景山-古城人民大学南路,530.0,46100.0,,2.89937106918239,39.972498,116.321164,True,True,True,530㎡,4.61万/月,2.9元/m/天（价格可面议）,"('39.972498', '116.321164')"
bright,(出租)餐饮临街店铺，适合饺子，胡辣汤，卤煮螺蛳粉，重庆小面等,商业街店铺,北京市石景山区鲁谷街道鲁谷路120号,100.0,,,,39.909339,116.22762,True,False,False,100㎡,租金面议,,"('39.909339', '116.22762')"
bright,(出租)D通州次渠餐饮一条街50平商铺出租,商业街店铺,玉江佳园-北门-北京市通州区,50.0,16700.0,,11.133333333333333,39.808231,116.587077,True,True,True,50㎡,1.67万/月,11.11元/m/天（费用可面议）,"('39.808231', '116.587077')"
bright,(出租)北京汇聚购物中心餐饮街新出60平商铺对外招商,档口摊位,北京荟聚-北京市大兴区,60.0,,,,39.793941,116.333045,True,False,False,60㎡,租金面议,,"('39.793941', '116.333045')"
bright,(转让)(北商)昌平沙河商铺房东直租能餐饮,社区底商,安居路6号院-,200.0,30000.0,,5.0,40.111215,116.323473,True,True,True,200㎡,3万/月,转让费：面议（费用可面议）,"('40.111215', '116.323473')"
bright,(出租)丰台小区口商铺直租适合各类非餐饮业态,临街门面,丰台-和义详细地址请咨询,106.0,12700.0,,3.993710691823899,39.827745,116.414765,True,True,True,106㎡,1.27万/月,4元/m/天（价格可面议）,"('39.827745', '116.414765')"
bright,(出租)天安门脚下商铺出租15米面宽招：餐饮养生美容等,临街门面,西城-西单大栅栏商业街,300.0,81000.0,,9.0,39.90227,116.402279,True,True,True,300㎡,8.1万/月,9元/m/天（费用可面议）,"('39.90227', '116.402279')"
bright,(出租)高家园临街商铺出租全天人流量，居公适合各类餐饮业态。,临街门面,朝阳-将台路详细地址请咨询,60.0,20000.0,11.11,11.11,39.984825,116.486536,True,True,True,60㎡,2万/月,11.11元/m/天,"('39.984825', '116.486536')"
bright,(出租)西四环商铺临街主路餐饮少生意好适合各类餐饮欢迎咨询,临街门面,丰台-岳各庄岳各庄北路,80.0,18500.0,,7.708333333333333,39.889852,116.274678,True,True,True,80㎡,1.85万/月,7.71元/m/天（价格可面议）,"('39.889852', '116.274678')"
bright,(转让)朝外SOHO154平餐饮店转让，固定客源+高流量，白领消费高,商业街店铺,朝外SOHO,154.0,18000.0,28.0,28.0,39.925733,116.461265,True,True,True,154㎡,1.8万/月,转让费：28万元,"('39.925733', '116.461265')"
bright,(出租)西城区阜内大街89号临街底商旺铺房东直租,临街门面,阜成门内大街-89,165.0,50000.0,10.1,10.1,39.930064,116.37678,True,True,True,165㎡,5万/月,10.1元/m/天,"('39.930064', '116.37678')"
bright,(转让)德胜门商业街面包连锁蛋糕店转让客流密集位置好,临街门面,TOUSlesJOURS多乐之日(新风里店),101.2,36000.0,35.0,35.0,39.967792,116.381939,True,True,True,101.2㎡,3.6万/月,转让费：35万元,"('39.967792', '116.381939')"
bright,(出租)回龙观龙腾苑二区临街商铺出租420平可租无其他费用,临街门面,龙腾苑-二区,210.0,22000.0,3.49,3.49,40.083172,116.343681,True,True,True,210㎡,2.2万/月,3.49元/m/天,"('40.083172', '116.343681')"
bright,(出租)邻三环900平米适合办公会所餐饮茶楼娱乐,临街门面,苏皖大厦,900.0,94500.0,3.5,3.5,39.852427,116.344356,True,True,True,900㎡,9.45万/月,3.5元/m/天,"('39.852427', '116.344356')"
bright,(出租)安慧北里逸园28号楼临街底商旺铺直租,临街门面,安慧北里逸园南区-28号楼,316.0,105000.0,11.08,11.08,40.005405,116.419745,True,True,True,316㎡,10.5万/月,11.08元/m/天,"('40.005405', '116.419745')"
bright,(出租)黄村恒大未来城两层140㎡出租，成熟社区全业态，近地铁,商业街店铺,恒大未来城,140.0,8999.0,2.14,2.14,39.720345,116.320946,True,True,True,140㎡,8999元/月,2.14元/m/天,"('39.720345', '116.320946')"
bright,(出租)朝阳王四营人民日报印刷厂内1100平米餐厅档口招租,档口摊位,人民日报印刷厂,25.0,5000.0,6.67,6.67,39.866413,116.551483,True,True,True,25㎡,5000元/月,6.67元/m/天,"('39.866413', '116.551483')"
bright,(转让)朝阳北京200平餐厅转让，出租早点,社区底商,铭泽生活广场,200.0,30000.0,15.0,15.0,39.869836,116.48346,True,True,True,200㎡,3万/月,转让费：15万元,"('39.869836', '116.48346')"
bright,(转让)地铁积水潭站附近临街底商旺铺转让,临街门面,小炊谣,110.0,45900.0,15.0,15.0,39.957642,116.378567,True,True,True,110㎡,4.59万/月,转让费：15万元,"('39.957642', '116.378567')"
bright,(出租)北京核心景区南锣鼓巷c位商铺招租,商业街店铺,南锣鼓巷,400.0,200000.0,16.67,16.67,39.943562,116.408878,True,True,True,400㎡,20万/月,16.67元/m/天,"('39.943562', '116.408878')"
bright,(出租)海淀上地科实大厦底商商铺房东直租,写字楼配套,科实大厦,600.0,144000.0,8.0,8.0,40.040731,116.318389,True,True,True,600㎡,14.4万/月,8元/m/天,"('40.040731', '116.318389')"
bright,(出租)朝外大街日坛晶华8号楼底商临街门面房东直租除重餐饮外行业不限,社区底商,日坛晶华-8号楼,173.45,39000.0,7.49,7.49,39.926518,116.450761,True,True,True,173.45㎡,3.9万/月,7.49元/m/天,"('39.926518', '116.450761')"
bright,(出租)海淀五道口农业大学100-300平直租无转让费可餐饮！,临街门面,清华东路15号,105.97,26000.0,8.18,8.18,40.007289,116.366487,True,True,True,105.97㎡,2.6万/月,8.18元/m/天,"('40.007289', '116.366487')"
bright,(出租)石景山古城路步行街核心铺招租！近商场社区，人流量大,商业街店铺,古城南路步行街,140.0,,,,39.916957,116.198351,True,False,False,140㎡,租金面议,（价格可面议）,"('39.916957', '116.198351')"
bright,(转让)石景山八角西街280平精装涮肉店转租，5年租期人流量大,临街门面,八角西街,280.0,58800.0,,7.0,39.920335,116.205284,True,True,True,280㎡,5.88万/月,转让费：面议（转让费可面议）,"('39.920335', '116.205284')"
bright,(出租)奥林匹克公园临街铺面70-300平出租，12元/㎡含物业费,商业街店铺,北京工艺美术博物馆(文创店),80.0,29000.0,12.08,12.08,40.00572,116.400322,True,True,True,80㎡,2.9万/月,12.08元/m/天,"('40.00572', '116.400322')"
bright,(出租)旭景园1万平招租全业态制可仓储，配套手续齐全，整租可分租,临街门面,旭景园·精致生活广场,10000.0,,,,39.945537,116.703494,True,False,False,10000㎡,租金面议,（价格可面议）,"('39.945537', '116.703494')"
bright,(转让)蓝堡公寓饭店整体转600平精装含KTV，近华贸高客流价格可谈,商业街店铺,蓝堡国际公寓-南区,600.0,60000.0,80.0,80.0,39.916652,116.48313,True,True,True,600㎡,6万/月,转让费：80万元,"('39.916652', '116.48313')"
bright,(出租)（0转让费）朝阳欢乐谷附近Ⅰ临街流量社区底商旺铺整体出租,社区底商,PETLADY宠娘宠物生活馆(格林莱雅店),80.0,19000.0,7.92,7.92,39.873411,116.513574,True,True,True,80㎡,1.9万/月,7.92元/m/天,"('39.873411', '116.513574')"
bright,(出租)双井桥地铁D口附近临街社区底商人流量大旺铺出租位置优越,临街门面,优士阁-B座,87.0,22000.0,8.43,8.43,39.898418,116.466159,True,True,True,87㎡,2.2万/月,8.43元/m/天,"('39.898418', '116.466159')"
bright,(转让)朝阳北花园1号院一层店转租，设备全临主路,临街门面,中国传媒大学,130.0,32500.0,18.0,18.0,39.917551,116.563634,True,True,True,130㎡,3.25万/月,转让费：18万元,"('39.917551', '116.563634')"
bright,(出租)亦庄同济南路10㎡临街档口酒店公寓旁，白领多做早餐小吃奶茶佳,临街门面,同济南路,10.0,,,,39.779083,116.546239,True,False,False,10㎡,租金面议,（价格可面议）,"('39.779083', '116.546239')"
bright,(出租)新街口积水潭小西天临街商铺房东直租、周边客流大(除餐饮外),临街门面,新街口外大街29号,40.0,30000.0,25.0,25.0,39.958119,116.377868,True,True,True,40㎡,3万/月,25元/m/天,"('39.958119', '116.377868')"
bright,(出租)房东直租可线上超市台球轰趴足疗简餐中央厨房仓储,社区底商,百子湾东里,420.0,,,,39.905263,116.511316,True,False,False,420㎡,租金面议,（价格可面议）,"('39.905263', '116.511316')"
bright,(出租)永定临街50平带装修可餐饮适合鲜花零食团购外卖等,商业街店铺,门头沟-永定何各庄中街,42.41,5500.0,,4.3228798239408945,39.909392,116.114489,True,True,True,42.41㎡,5500元/月,4.32元/m/天（价格可面议）,"('39.909392', '116.114489')"
bright,(出租)青年路大悦城东门700平底商出租适合火锅，餐饮，会所，密室等,商业街店铺,北京市朝阳区平房(地区)乡朝阳北路辅路,700.0,126000.0,6.0,6.0,39.930607,116.527889,True,True,True,700㎡,12.6万/月,6元/m/天,"('39.930607', '116.527889')"
bright,(出租)物业直租丨路口把角丨五金百货便利超市米粉米线肉饼餐饮,社区底商,朝阳-朝阳周边详细地址请咨询,352.0,,,,40.016246,116.560502,True,False,False,352㎡,租金面议,,"('40.016246', '116.560502')"
bright,(出租)西三旗万象汇餐饮街区新出40平主通道位置可做水吧奶茶网红小吃,购物百货中心,海淀-西三旗建材城东路33号,40.0,,,,40.067223,116.373006,True,False,False,40㎡,租金面议,,"('40.067223', '116.373006')"
bright,(出租)出租直租丨地铁口餐饮宠物店修脚店美容纹绣,社区底商,朝阳-东坝郑村坝街,128.49,20200.0,5.25,5.25,39.979381,116.558167,True,True,True,128.49㎡,2.02万/月,5.25元/m/天,"('39.979381', '116.558167')"
bright,(出租)朝阳常营2套全业态有燃气适合餐饮烘焙干洗美容美发足疗等,临街门面,朝阳-常营常利路,125.0,28100.0,7.5,7.5,39.936289,116.613793,True,True,True,125㎡,2.81万/月,7.5元/m/天,"('39.936289', '116.613793')"
bright,(出租)大兴瀛海全业态可餐饮美食使用率高价格低大人流临街,商业街店铺,大兴-瀛海镇详细地址请咨询,87.0,19600.0,7.5,7.5,39.763422,116.453115,True,True,True,87㎡,1.96万/月,7.5元/m/天,"('39.763422', '116.453115')"
bright,(出租)出租品牌超市有燃气餐饮展厅苏宁小酒馆丨烤肉火锅,商业街店铺,万象新天-四区,314.24,,,,39.932424,116.598948,True,False,False,314.24㎡,租金面议,,"('39.932424', '116.598948')"
bright,(出租)精！牡丹园龙翔路花园路60平米招租餐饮小吃,商业街店铺,龙翔路-道路-北京市海淀区,60.0,15000.0,8.33,8.33,39.988114,116.381486,True,True,True,60㎡,1.5万/月,8.33元/m/天,"('39.988114', '116.381486')"
bright,(出租)长楹天街商业街丨丨不限业态丨有燃气可做餐饮,商业街店铺,朝阳-常营朝阳北路,213.0,30000.0,,4.694835680751174,39.934636,116.608167,True,True,True,213㎡,3万/月,4.7元/m/天（价格可面议）,"('39.934636', '116.608167')"
bright,(出租)物业直租朝阳大悦城临街餐饮底商155平有燃气适合各种餐饮业态,商业街店铺,朝阳-朝青板块朝阳北路101号,155.0,53000.0,,11.397849462365592,39.930834,116.524829,True,True,True,155㎡,5.3万/月,11.4元/m/天（价格可面议）,"('39.930834', '116.524829')"
bright,(出租)西城西四北大街地铁口222平餐饮独栋带装修转让或出租,商业街店铺,西城-马连道马连道中街,222.0,53300.0,,8.003003003003004,39.890883,116.337861,True,True,True,222㎡,5.33万/月,8元/m/天（费用可面议）,"('39.890883', '116.337861')"
bright,(出租)朝阳区三里屯业主直租100平旺铺出租适合餐饮美甲美容美睫全业,商业街店铺,朝阳-三里屯工人体育场北路,100.0,10000.0,,3.3333333333333335,39.937492,116.460034,True,True,True,100㎡,1万/月,3.33元/m/天（价格可面议）,"('39.937492', '116.460034')"
bright,(出租)直租方庄蒲黄榆地铁临街商业1000平酒店餐饮医疗健身等等,临街门面,丰台-蒲黄榆蒲黄榆路,1000.0,105000.0,,3.5,39.869504,116.428447,True,True,True,1000㎡,10.5万/月,3.5元/m/天（价格可面议）,"('39.869504', '116.428447')"
bright,(出租)工体三里屯酒吧街临街一层精装修可餐饮可咖啡酒吧非医疗,临街门面,朝阳-三里屯详细地址请咨询,500.0,,,,39.94247,116.45196,True,False,False,500㎡,租金面议,,"('39.94247', '116.45196')"
bright,(出租)餐饮转让有燃气招火锅快餐湘菜家常菜烤肉,社区底商,朝阳-东坝东坝南二街,295.0,,,,39.965964,116.574402,True,False,False,295㎡,租金面议,,"('39.965964', '116.574402')"
bright,(出租)物业直租丨宴河湾丨东坝北丨全业态丨可餐饮丨24小时营业,临街门面,朝阳-东坝郑村坝街,65.4,,,,39.979381,116.558167,True,False,False,65.4㎡,租金面议,,"('39.979381', '116.558167')"
bright,(出租)月租7千）万达56平餐饮奶茶炸鸡外卖优先有燃气,商业街店铺,通州-通州北苑新华西街58号,56.0,7000.0,4.17,4.17,39.9114789,116.6471654,True,True,True,56㎡,7000元/月,4.17元/m/天,"('39.9114789', '116.6471654')"
bright,(出租)（开发商直租）双井二十二院街110平除餐饮不限业态,临街门面,朝阳-百子湾百子湾路32号,110.0,22100.0,,6.696969696969697,39.905581,116.47703,True,True,True,110㎡,2.21万/月,6.69元/m/天（价格可面议）,"('39.905581', '116.47703')"
bright,(出租)长楹天街南购物中心旁足道余留可推拿采耳台球健身舞蹈餐饮全业态,商业街店铺,朝阳-常营东十里堡路,568.27,37700.0,,2.211390125585843,39.930681,116.610557,True,True,True,568.27㎡,3.77万/月,2.21元/m/天（价格可面议）,"('39.930681', '116.610557')"
bright,(出租)通州万达商场出入口75平月租9千可餐饮,商业街店铺,通州-通州北苑新华西街58号,75.0,9000.0,,4.0,39.9114789,116.6471654,True,True,True,75㎡,9000元/月,4元/m/天（价格可面议）,"('39.9114789', '116.6471654')"
bright,(出租)国贸新出商超可办烟照！生鲜超市便利店餐饮医美业态不限,临街门面,朝阳-国贸东三环中路,188.0,32000.0,,5.673758865248227,39.911192,116.467993,True,True,True,188㎡,3.2万/月,5.67元/m/天（价格可面议）,"('39.911192', '116.467993')"
bright,(出租)物业直租丨管庄地铁口丨健身房丨台球培训丨餐饮丨,临街门面,朝阳-管庄朝阳路,568.27,,,,39.917738,116.603554,True,False,False,568.27㎡,租金面议,,"('39.917738', '116.603554')"
bright,(出租)物业招商丨餐饮丨金角双展示面丨价格可谈丨停车方便丨社区,社区底商,朝阳-常营常营北路,99.0,,,,39.935541,116.599347,True,False,False,99㎡,租金面议,,"('39.935541', '116.599347')"
bright,(出租)物业直租丨餐饮美容美发修脚水吧朝阳路临街,临街门面,朝阳-定福庄朝阳北路,94.0,,,,39.929826,116.570245,True,False,False,94㎡,租金面议,,"('39.929826', '116.570245')"
bright,(出租)物业直租桥朝阳路辅路华龙美树底商商业房本可餐饮可医疗业态不限,商业街店铺,华龙美树,285.0,25700.0,3.01,3.01,39.918092,116.586327,True,True,True,285㎡,2.57万/月,3.01元/m/天,"('39.918092', '116.586327')"
bright,(出租)物业直租建外238平招餐饮茶室美容等租金好谈,社区底商,朝阳-国贸东三环中路39号,238.0,40000.0,,5.602240896358543,39.911335,116.465666,True,True,True,238㎡,4万/月,5.6元/m/天（价格可面议）,"('39.911335', '116.465666')"
bright,(出租)亦庄林肯纯一层烟酒店，餐饮，自行车，美发等有装修,商业街店铺,详细地址请咨询,198.0,30000.0,,5.05050505050505,39.812577,116.497964,True,True,True,198㎡,3万/月,5.05元/m/天（费用可面议）,"('39.812577', '116.497964')"
bright,(出租)临街联排独栋业态不限，可注册餐饮适合办公展示，会所，均,商业街店铺,详细地址请咨询,808.0,60599.99999999999,,2.4999999999999996,,,False,True,True,808㎡,6.06万/月,2.5元/m/天（价格可面议）, 
bright,(出租)世贸天街旁全业态招商下沉广场有外摆餐饮酒吧美容等,临街门面,朝阳-国贸东大桥路8号,485.0,58000.0,,3.986254295532646,39.9242471,116.4592123,True,True,True,485㎡,5.8万/月,3.99元/m/天（价格可面议）,"('39.9242471', '116.4592123')"
bright,(出租)亮马桥新源里区三元桥餐饮商铺培训等280平使用面积。,商业街店铺,朝阳-朝阳公园亮马桥路52号,300.0,40500.0,,4.5,39.954769,116.469802,True,True,True,300㎡,4.05万/月,4.5元/m/天（价格可面议）,"('39.954769', '116.469802')"
bright,(出租)大成路附近160平米餐饮商铺招租水电燃气齐全品类不限,商业街店铺,丰台-小屯路详细地址请咨询,160.0,33600.0,7.0,7.0,39.895673,116.262652,True,True,True,160㎡,3.36万/月,7元/m/天,"('39.895673', '116.262652')"
bright,(出租)通州区，物资学院地铁口，新出餐饮商铺，不限制业态，甲方直租,购物百货中心,通州-物资学院路物资学院路6号,138.0,,,,39.932806,116.64605,True,False,False,138㎡,租金面议,,"('39.932806', '116.64605')"
bright,(出租)三里屯SOHO临街商铺大展示面有燃气可外摆可餐饮适合全部业态,临街门面,朝阳-三里屯工体北路8号,60.0,20000.0,,11.11111111111111,39.938112,116.460068,True,True,True,60㎡,2万/月,11.11元/m/天（价格可面议）,"('39.938112', '116.460068')"
bright,(出租)石佛营商铺出租9米面宽近地铁招：餐饮美容理发生鲜等,临街门面,朝阳-朝阳公园辛庄一街28号,138.0,33100.0,,7.995169082125604,39.945525,116.506367,True,True,True,138㎡,3.31万/月,8元/m/天（费用可面议）,"('39.945525', '116.506367')"
bright,(出租)东三环双井国贸500平米一层临街餐饮商铺出租水电燃气齐全,商业街店铺,朝阳-国贸详细地址请咨询,500.0,109500.0,,7.3,39.9002154,116.469114,True,True,True,500㎡,10.95万/月,7.3元/m/天（价格可面议）,"('39.9002154', '116.469114')"
bright,(出租)小西天50至100平可餐饮物业商铺直招，周边社区密集商业浓,社区底商,西城-西直门文慧园路,50.0,8000.0,5.33,5.33,39.958555,116.374351,True,True,True,50㎡,8000元/月,5.33元/m/天,"('39.958555', '116.374351')"
bright,(出租)通州新华大街潞河医院临街商铺140平米有燃气可做餐饮带装修,社区底商,通州-新华大街车站路,140.0,21500.0,5.12,5.12,39.912051,116.668769,True,True,True,140㎡,2.15万/月,5.12元/m/天,"('39.912051', '116.668769')"
bright,(出租)朝阳劲松桥东二层商铺有燃气市政供暖1100平餐饮,商业街店铺,朝阳-南磨房武圣路,477.0,68700.0,,4.80083857442348,39.887445,116.474328,True,True,True,477㎡,6.87万/月,4.8元/m/天（价格可面议）,"('39.887445', '116.474328')"
bright,(出租)临街商铺出租丰台200平招餐饮清吧铁锅炖西北菜清真,临街门面,丰台-小屯路大成路,200.0,31000.0,,5.166666666666667,39.895673,116.262652,True,True,True,200㎡,3.1万/月,5.17元/m/天（价格可面议）,"('39.895673', '116.262652')"
bright,(出租)商铺急租！临主路招大型餐饮~养生美容~药店诊所~烟酒超市等,临街门面,详细地址请咨询,150.0,24800.0,,5.511111111111111,39.85491,116.560431,True,True,True,150㎡,2.48万/月,5.5元/m/天（价格可面议）,"('39.85491', '116.560431')"
bright,(出租)大兴小区口临街商铺地铁400米背靠小区全业态可餐饮,临街门面,大兴-黄村详细地址请咨询,152.0,11399.999999999998,,2.4999999999999996,39.695958,116.332743,True,True,True,152㎡,1.14万/月,2.5元/m/天（价格可面议）,"('39.695958', '116.332743')"
bright,(出租)朝阳区一层临街商铺地铁站100米传媒大学两公里可餐饮,社区底商,朝阳-定福庄详细地址请咨询,111.79,13400.0,,3.9955869636520855,39.917299,116.567632,True,True,True,111.79㎡,1.34万/月,4元/m/天（价格可面议）,"('39.917299', '116.567632')"
bright,(出租)旺铺招租临街一层商铺行业不限（位置好餐饮）物业直租,临街门面,朝阳-常营常营北路,407.52,36900.0,,3.0182567726737344,39.935707,116.588604,True,True,True,407.52㎡,3.69万/月,3.02元/m/天（价格可面议）,"('39.935707', '116.588604')"
bright,(出租)东直门社区门口门面出租可餐饮周围办公居民均有适合各种餐饮,临街门面,东城-东直门外工人体育场北路,210.0,,,,39.939644,116.444853,True,False,False,210㎡,租金面议,,"('39.939644', '116.444853')"
bright,(转让)Z顺义南彩商业步行街餐饮店小吃店转让商铺转让,商业街店铺,北京市顺义区南彩镇俸伯卫生院-北京市顺义区,65.0,6250.0,,3.2051282051282053,40.141891,116.722185,True,True,True,65㎡,6250元/月,转让费：面议（费用可面议）,"('40.141891', '116.722185')"
bright,(出租)大兴区星光影视城商铺出租全业态无中介费209平可餐饮,临街门面,大兴-西红门西红门广平大街,209.0,31400.0,,5.007974481658692,39.778562,116.366453,True,True,True,209㎡,3.14万/月,5元/m/天（价格可面议）,"('39.778562', '116.366453')"
bright,(转让)地铁口商铺直租朝阳200平招各种培训台球瑜伽餐饮,临街门面,朝阳-东坝东坝大街,200.0,,,,39.987762,116.603123,True,False,False,200㎡,租金面议,无转让费,"('39.987762', '116.603123')"
bright,(转让)朝外SOHO154平餐饮店转让，固定客源+高流量，白领消费高,商业街店铺,朝外SOHO,154.0,18000.0,28.0,28.0,39.925733,116.461265,True,True,True,154㎡,1.8万/月,转让费：28万元,"('39.925733', '116.461265')"
bright,(出租)西城区阜内大街89号临街底商旺铺房东直租,临街门面,阜成门内大街-89,165.0,50000.0,10.1,10.1,39.930064,116.37678,True,True,True,165㎡,5万/月,10.1元/m/天,"('39.930064', '116.37678')"
bright,(转让)德胜门商业街面包连锁蛋糕店转让客流密集位置好,临街门面,TOUSlesJOURS多乐之日(新风里店),101.2,36000.0,35.0,35.0,39.967792,116.381939,True,True,True,101.2㎡,3.6万/月,转让费：35万元,"('39.967792', '116.381939')"
bright,(出租)回龙观龙腾苑二区临街商铺出租420平可租无其他费用,临街门面,龙腾苑-二区,210.0,22000.0,3.49,3.49,40.083172,116.343681,True,True,True,210㎡,2.2万/月,3.49元/m/天,"('40.083172', '116.343681')"
bright,(出租)邻三环900平米适合办公会所餐饮茶楼娱乐,临街门面,苏皖大厦,900.0,94500.0,3.5,3.5,39.852427,116.344356,True,True,True,900㎡,9.45万/月,3.5元/m/天,"('39.852427', '116.344356')"
bright,(出租)安慧北里逸园28号楼临街底商旺铺直租,临街门面,安慧北里逸园南区-28号楼,316.0,105000.0,11.08,11.08,40.005405,116.419745,True,True,True,316㎡,10.5万/月,11.08元/m/天,"('40.005405', '116.419745')"
bright,(出租)黄村恒大未来城两层140㎡出租，成熟社区全业态，近地铁,商业街店铺,恒大未来城,140.0,8999.0,2.14,2.14,39.720345,116.320946,True,True,True,140㎡,8999元/月,2.14元/m/天,"('39.720345', '116.320946')"
bright,(出租)朝阳王四营人民日报印刷厂内1100平米餐厅档口招租,档口摊位,人民日报印刷厂,25.0,5000.0,6.67,6.67,39.866413,116.551483,True,True,True,25㎡,5000元/月,6.67元/m/天,"('39.866413', '116.551483')"
bright,(转让)朝阳北京200平餐厅转让，出租早点,社区底商,铭泽生活广场,200.0,30000.0,15.0,15.0,39.869836,116.48346,True,True,True,200㎡,3万/月,转让费：15万元,"('39.869836', '116.48346')"
bright,(转让)地铁积水潭站附近临街底商旺铺转让,临街门面,小炊谣,110.0,45900.0,15.0,15.0,39.957642,116.378567,True,True,True,110㎡,4.59万/月,转让费：15万元,"('39.957642', '116.378567')"
bright,(出租)北京核心景区南锣鼓巷c位商铺招租,商业街店铺,南锣鼓巷,400.0,200000.0,16.67,16.67,39.943562,116.408878,True,True,True,400㎡,20万/月,16.67元/m/天,"('39.943562', '116.408878')"
bright,(出租)海淀上地科实大厦底商商铺房东直租,写字楼配套,科实大厦,600.0,144000.0,8.0,8.0,40.040731,116.318389,True,True,True,600㎡,14.4万/月,8元/m/天,"('40.040731', '116.318389')"
bright,(出租)朝外大街日坛晶华8号楼底商临街门面房东直租除重餐饮外行业不限,社区底商,日坛晶华-8号楼,173.45,39000.0,7.49,7.49,39.926518,116.450761,True,True,True,173.45㎡,3.9万/月,7.49元/m/天,"('39.926518', '116.450761')"
bright,(出租)海淀五道口农业大学100-300平直租无转让费可餐饮！,临街门面,清华东路15号,105.97,26000.0,8.18,8.18,40.007289,116.366487,True,True,True,105.97㎡,2.6万/月,8.18元/m/天,"('40.007289', '116.366487')"
bright,(出租)石景山古城路步行街核心铺招租！近商场社区，人流量大,商业街店铺,古城南路步行街,140.0,,,,39.916957,116.198351,True,False,False,140㎡,租金面议,（价格可面议）,"('39.916957', '116.198351')"
bright,(转让)石景山八角西街280平精装涮肉店转租，5年租期人流量大,临街门面,八角西街,280.0,58800.0,,7.0,39.920335,116.205284,True,True,True,280㎡,5.88万/月,转让费：面议（转让费可面议）,"('39.920335', '116.205284')"
bright,(出租)奥林匹克公园临街铺面70-300平出租，12元/㎡含物业费,商业街店铺,北京工艺美术博物馆(文创店),80.0,29000.0,12.08,12.08,40.00572,116.400322,True,True,True,80㎡,2.9万/月,12.08元/m/天,"('40.00572', '116.400322')"
bright,(出租)旭景园1万平招租全业态制可仓储，配套手续齐全，整租可分租,临街门面,旭景园·精致生活广场,10000.0,,,,39.945537,116.703494,True,False,False,10000㎡,租金面议,（价格可面议）,"('39.945537', '116.703494')"
bright,(转让)蓝堡公寓饭店整体转600平精装含KTV，近华贸高客流价格可谈,商业街店铺,蓝堡国际公寓-南区,600.0,60000.0,80.0,80.0,39.916652,116.48313,True,True,True,600㎡,6万/月,转让费：80万元,"('39.916652', '116.48313')"
bright,(出租)（0转让费）朝阳欢乐谷附近Ⅰ临街流量社区底商旺铺整体出租,社区底商,PETLADY宠娘宠物生活馆(格林莱雅店),80.0,19000.0,7.92,7.92,39.873411,116.513574,True,True,True,80㎡,1.9万/月,7.92元/m/天,"('39.873411', '116.513574')"
bright,(出租)双井桥地铁D口附近临街社区底商人流量大旺铺出租位置优越,临街门面,优士阁-B座,87.0,22000.0,8.43,8.43,39.898418,116.466159,True,True,True,87㎡,2.2万/月,8.43元/m/天,"('39.898418', '116.466159')"
bright,(转让)朝阳北花园1号院一层店转租，设备全临主路,临街门面,中国传媒大学,130.0,32500.0,18.0,18.0,39.917551,116.563634,True,True,True,130㎡,3.25万/月,转让费：18万元,"('39.917551', '116.563634')"
bright,(出租)亦庄同济南路10㎡临街档口酒店公寓旁，白领多做早餐小吃奶茶佳,临街门面,同济南路,10.0,,,,39.779083,116.546239,True,False,False,10㎡,租金面议,（价格可面议）,"('39.779083', '116.546239')"
bright,(出租)新街口积水潭小西天临街商铺房东直租、周边客流大(除餐饮外),临街门面,新街口外大街29号,40.0,30000.0,25.0,25.0,39.958119,116.377868,True,True,True,40㎡,3万/月,25元/m/天,"('39.958119', '116.377868')"
bright,(出租)房东直租可线上超市台球轰趴足疗简餐中央厨房仓储,社区底商,百子湾东里,420.0,,,,39.905263,116.511316,True,False,False,420㎡,租金面议,（价格可面议）,"('39.905263', '116.511316')"
bright,(出租)物业直租丨双地铁丨户型方正丨东坝社区丨客流大丨可餐饮全业态丨,社区底商,朝阳-东坝详细地址请咨询,154.64,,,,39.979381,116.558167,True,False,False,154.64㎡,租金面议,,"('39.979381', '116.558167')"
bright,(出租)业主直租-临街底商.精装修烟酒店.咖啡店出租有上下水餐饮,商业街店铺,朝阳-东大桥朝外大街乙6号,109.0,26500.0,8.1,8.1,39.92584,116.461382,True,True,True,109㎡,2.65万/月,8.1元/m/天,"('39.92584', '116.461382')"
bright,(出租)北三环蓟门桥带小院招租餐饮接待办公私人小厨茶室美容,临街门面,海淀-大钟寺北三环西路,1000.0,,,,39.973668,116.357584,True,False,False,1000㎡,租金面议,,"('39.973668', '116.357584')"
bright,(出租)西红门把角123平燃气可接全业态招银行餐饮烧烤火锅涮肉,临街门面,鸿坤广场-北京市大兴区,123.0,31400.0,8.5,8.5,39.796973,116.349259,True,True,True,123㎡,3.14万/月,8.5元/m/天,"('39.796973', '116.349259')"
bright,(出租)通州商业主街适合餐饮小吃麻辣烫按摩电动车邻环球影城年轻人多,临街门面,通州-土桥土桥中街,66.41,,,,39.881214,116.705866,True,False,False,66.41㎡,租金面议,,"('39.881214', '116.705866')"
bright,(出租)望京医美880平口腔医美中医馆餐饮银行证券,临街门面,朝阳-望京阜通西大街,880.0,,,,40.001844,116.480626,True,False,False,880㎡,租金面议,,"('40.001844', '116.480626')"
bright,(出租)亮马桥358平餐饮临街底商主招各类品牌餐饮酒吧西餐医疗,临街门面,朝阳-朝阳公园朝阳公园路6号,358.0,,,,39.9555143,116.4820858,True,False,False,358㎡,租金面议,,"('39.9555143', '116.4820858')"
bright,(出租)五道口宇宙中心新出餐饮房源，适合各种业态的餐饮，客流没问题,社区底商,海淀-五道口展春园西路3号,300.0,90000.0,10.0,10.0,39.995731,116.345972,True,True,True,300㎡,9万/月,10元/m/天,"('39.995731', '116.345972')"
bright,(转让)W转石景山玉泉大厦540平餐饮店,社区底商,玉泉大厦-北京市石景山区,540.0,16700.0,28.0,28.0,39.913821,116.254602,True,True,True,540㎡,1.67万/月,转让费：28万元,"('39.913821', '116.254602')"
bright,(出租)物业直租区北三环蓟门桥附近二楼办公适合办公餐饮展厅等业态,商业街店铺,海淀-大钟寺北三环西路,1200.0,162000.0,4.5,4.5,39.972901,116.355102,True,True,True,1200㎡,16.2万/月,4.5元/m/天,"('39.972901', '116.355102')"
bright,(出租)黄渠地铁站289平全业态可餐饮适合特色餐饮按摩足疗,临街门面,朝阳-常营管庄路,289.0,41100.0,,4.740484429065744,39.929813,116.596846,True,True,True,289㎡,4.11万/月,4.74元/m/天（价格可面议）,"('39.929813', '116.596846')"
bright,(出租)临街餐饮铺子70平25000月有燃气上下水烟道随时看房,临街门面,朝阳-百子湾广渠东路33号,70.0,25000.0,,11.904761904761905,39.903576,116.511555,True,True,True,70㎡,2.5万/月,11.9元/m/天（价格可面议）,"('39.903576', '116.511555')"
bright,(出租)（实价）业主直租餐饮旺铺（可分租）路口把角双展示面,临街门面,朝阳-管庄双桥东路,325.0,97500.0,10.0,10.0,39.904324,116.608543,True,True,True,325㎡,9.75万/月,10元/m/天,"('39.904324', '116.608543')"
bright,(出租)朝阳可分割一拖二赠260平露台适合餐饮会所接待美容院等,临街门面,朝阳-高碑店北花园中路,353.5,66700.0,6.29,6.29,39.910257,116.558224,True,True,True,353.5㎡,6.67万/月,6.29元/m/天,"('39.910257', '116.558224')"
bright,(出租)百子湾繁华地段280平米，除餐饮其他行业不限,商业街店铺,朝阳-百子湾百子湾南一路,280.0,37800.0,4.5,4.5,39.905245,116.506408,True,True,True,280㎡,3.78万/月,4.5元/m/天,"('39.905245', '116.506408')"
bright,(出租)东坝社区可餐饮295平带燃气招东北菜川湘菜烤鱼火锅类品牌餐饮,商业街店铺,朝阳-东坝东坝南二街,295.66,,,,39.965964,116.574402,True,False,False,295.66㎡,租金面议,,"('39.965964', '116.574402')"
bright,(出租)直租出租丨朝阳餐饮线上超市服装店烤肉铁锅炖,临街门面,朝阳-朝阳周边长店大街,351.9,23300.0,,2.207066401439803,40.015807,116.557213,True,True,True,351.9㎡,2.33万/月,2.21元/m/天（价格可面议）,"('40.015807', '116.557213')"
bright,(出租)国贸天街大厦工体三里屯商圈临街餐饮旺铺可多业态带外摆,临街门面,朝阳-CBD朝外大街甲6号,200.0,60000.0,,10.0,39.925655,116.463157,True,True,True,200㎡,6万/月,10元/m/天（价格可面议）,"('39.925655', '116.463157')"
bright,(出租)转烟酒店餐饮品牌扶持好想来赵一鸣面食馆,商业街店铺,朝阳-定福庄朝阳北路,75.0,,,,39.929826,116.570245,True,False,False,75㎡,租金面议,,"('39.929826', '116.570245')"
bright,(出租)大兴龙湖天街纯一层把脚138平带天然气餐饮养生,商业街店铺,龙湖北京大兴天街-北京市大兴区,138.0,15000.0,3.62,3.62,39.692651,116.326758,True,True,True,138㎡,1.5万/月,3.62元/m/天,"('39.692651', '116.326758')"
bright,(出租)物业直租丨双门头丨餐饮全业态丨临地铁丨社区底商丨价格面议丨,社区底商,朝阳-东坝郑村坝街,136.23,,,,39.979381,116.558167,True,False,False,136.23㎡,租金面议,,"('39.979381', '116.558167')"
bright,(出租)直租土桥43平可餐饮适合外卖奶茶水站团购美容美甲办公,临街门面,通州-土桥详细地址请咨询,43.0,3200.0,,2.4806201550387597,39.880702,116.706334,True,True,True,43㎡,3200元/月,2.48元/m/天（价格可面议）,"('39.880702', '116.706334')"
bright,(出租)百子湾沿海赛洛城新出25平6500可餐饮面积不够可扩大可整租,商业街店铺,朝阳-百子湾百子湾东路,25.0,6500.0,8.67,8.67,39.905941,116.509557,True,True,True,25㎡,6500元/月,8.67元/m/天,"('39.905941', '116.509557')"
bright,(出租)房山100平5000一月招餐饮外卖美容团购宠物等,社区底商,房山-长阳京良路,100.0,5000.0,,1.6666666666666667,39.773965,116.190004,True,True,True,100㎡,5000元/月,1.67元/m/天（价格可面议）,"('39.773965', '116.190004')"
bright,(出租)临街！国贸有燃气物业直租适合炒菜快餐兰州拉面品牌餐饮,临街门面,朝阳-国贸东三环中路39号,300.0,38000.0,4.22,4.22,39.911335,116.465666,True,True,True,300㎡,3.8万/月,4.22元/m/天,"('39.911335', '116.465666')"
bright,(出租)亚运村慧中北路餐饮集中地临街一层240平直租9.7元,临街门面,朝阳-CBD慧中北路,240.0,69800.0,,9.694444444444445,40.005141,116.422389,True,True,True,240㎡,6.98万/月,9.7元/m/天（价格可面议）,"('40.005141', '116.422389')"
bright,(出租)苏州桥！使用70平，全业态可注册，线上和外卖比较合适，可餐饮,写字楼配套,海淀-苏州街详细地址请咨询,100.0,20000.0,6.67,6.67,39.978276,116.310277,True,True,True,100㎡,2万/月,6.67元/m/天,"('39.978276', '116.310277')"
bright,(出租)丰台方庄桥大平层招各种品牌火锅等餐饮,商业街店铺,详细地址请咨询,590.0,56600.0,3.2,3.2,39.864873,116.443435,True,True,True,590㎡,5.66万/月,3.2元/m/天,"('39.864873', '116.443435')"
bright,(出租)双井国贸餐饮街天力街富力城果蔬好超市旁90平米,商业街店铺,朝阳-双井天力街,90.0,,,,39.90401522,116.463839,True,False,False,90㎡,租金面议,,"('39.90401522', '116.463839')"
bright,(出租)精装水吧直租水吧小餐饮鲜花美发轻食简餐各类外卖等,商业街店铺,朝阳-呼家楼朝外大街乙6号,40.0,8000.0,,6.666666666666667,39.92584,116.461382,True,True,True,40㎡,8000元/月,6.67元/m/天（价格可面议）,"('39.92584', '116.461382')"
bright,(出租)珠江帝景263平米餐饮一层临街商铺出租,临街门面,朝阳-百子湾广渠路,263.0,63099.99999999999,8.0,8.0,39.896087,116.489211,True,True,True,263㎡,6.31万/月,8元/m/天,"('39.896087', '116.489211')"
bright,(出租)金台路地铁口商铺出租120平美容养生茶馆会所餐饮等,商业街店铺,朝阳-大望路延静里中街,120.0,23000.0,,6.388888888888889,39.922364,116.491248,True,True,True,120㎡,2.3万/月,6.39元/m/天（价格可面议）,"('39.922364', '116.491248')"
bright,(出租)直租东大桥SOHO尚都下沉花园餐饮商铺有燃气有排烟,商业街店铺,朝阳-东大桥东大桥路8号,484.0,51000.0,,3.512396694214876,39.9242471,116.4592123,True,True,True,484㎡,5.1万/月,3.51元/m/天（价格可面议）,"('39.9242471', '116.4592123')"
bright,(出租)机电院临街紧邻出入口户型方正可餐饮500平商铺适合全业态,临街门面,朝阳-三里屯三里屯路19号,500.0,75000.0,,5.0,39.940722,116.461001,True,True,True,500㎡,7.5万/月,5元/m/天（价格可面议）,"('39.940722', '116.461001')"
bright,(出租)大兴可餐饮小面积商铺直租大展示面,临街门面,大兴-西红门详细地址请咨询,123.0,31400.0,,8.509485094850948,39.7966875,116.3520382,True,True,True,123㎡,3.14万/月,8.5元/m/天（价格可面议）,"('39.7966875', '116.3520382')"
bright,(出租)西三环十年不出临街商铺，适合麻辣烫重庆小面快餐米线特色餐饮,写字楼配套,海淀-知春路增光路,200.0,47500.0,,7.916666666666667,39.934065,116.317878,True,True,True,200㎡,4.75万/月,7.92元/m/天（价格可面议）,"('39.934065', '116.317878')"
bright,(出租)苏州街50平临街商铺10米展示面不限行业可餐饮,临街门面,海淀-中关村苏州街33号,50.0,25000.0,16.67,16.67,39.982788,116.312218,True,True,True,50㎡,2.5万/月,16.67元/m/天,"('39.982788', '116.312218')"
bright,(出租)工体三里屯临街一层餐饮店铺有燃气可办照，户型方正设施齐全,临街门面,朝阳-三里屯新东路,395.0,148100.0,,12.49789029535865,39.942999,116.457555,True,True,True,395㎡,14.81万/月,12.5元/m/天（费用可面议）,"('39.942999', '116.457555')"
bright,(出租)马甸桥北太平桥附近新出临街商铺120平米适合培训免餐饮,临街门面,海淀-马甸马甸西路,121.0,25000.0,,6.887052341597796,39.978544,116.380534,True,True,True,121㎡,2.5万/月,6.89元/m/天（价格可面议）,"('39.978544', '116.380534')"
bright,(出租)亚运村小营盛和家园临街商铺880平独栋适合各大品牌行业可餐饮,社区底商,朝阳-亚运村小营安慧东里,880.0,211200.0,,8.0,39.999144,116.428284,True,True,True,880㎡,21.12万/月,8元/m/天（价格可面议）,"('39.999144', '116.428284')"
bright,(出租)临街一层商铺！双展示！可茶饮美甲烘焙鲜花果切餐饮等,商业街店铺,朝阳-国贸东三环中路39号,30.0,7500.0,,8.333333333333334,39.911335,116.465666,True,True,True,30㎡,7500元/月,8.33元/m/天（价格可面议）,"('39.911335', '116.465666')"
bright,(出租)新上地铁口沿街店铺！全天客流大型社区配套，适合羊汤面馆等餐饮,商业街店铺,朝阳-双桥详细地址请咨询,80.0,,,,39.9142766,116.5824877,True,False,False,80㎡,租金面议,,"('39.9142766', '116.5824877')"
bright,(出租)CBD十字路口下沉商铺丨有燃气上下水丨可餐饮酒咖丨按摩,写字楼配套,朝阳-CBD东大桥路8号,135.0,25000.0,6.17,6.17,39.9242471,116.4592123,True,True,True,135㎡,2.5万/月,6.17元/m/天,"('39.9242471', '116.4592123')"
bright,(转让)D大兴观音寺餐饮店转让临街餐饮转让临街店铺,商业街店铺,观音寺街10号楼-,200.0,25000.0,,4.166666666666667,39.735143,116.355646,True,True,True,200㎡,2.5万/月,转让费：面议（费用可面议）,"('39.735143', '116.355646')"
bright,(出租)朝阳临街商铺旺铺出租，餐饮优先随时看房,临街门面,朝阳-望京望京街,320.0,50000.0,5.21,5.21,40.006344,116.479727,True,True,True,320㎡,5万/月,5.21元/m/天,"('40.006344', '116.479727')"
bright,(出租)东大桥商铺：适合所有餐饮等格局好展示面大,商业街店铺,朝阳-工体详细地址请咨询,270.0,55100.0,6.8,6.8,39.92748,116.458215,True,True,True,270㎡,5.51万/月,6.8元/m/天,"('39.92748', '116.458215')"
bright,(出租)A苹果园临街商铺550平直租！可做羊蝎子火锅烧烤各种餐饮不限,临街门面,石景山-石景山周边西井路,550.0,49500.0,3.0,3.0,39.939289,116.19779,True,True,True,550㎡,4.95万/月,3元/m/天,"('39.939289', '116.19779')"
bright,(出租)出租双井富力小区口商铺全业态可以做餐饮快餐金店烟酒等,临街门面,朝阳-百子湾详细地址请咨询,87.0,,,,39.902916,116.465943,True,False,False,87㎡,租金面议,,"('39.902916', '116.465943')"
bright,(出租)西三环临街底商社区密集区全业态招餐饮美发药店烟酒等,临街门面,丰台-六里桥西局前街,89.0,21400.0,,8.014981273408239,39.879258,116.313653,True,True,True,89㎡,2.14万/月,8元/m/天（价格可面议）,"('39.879258', '116.313653')"
bright,(出租)壹公里超市外租区盛大招商,购物百货中心,亿达生活广场,100.0,12000.0,4.0,4.0,39.702359,115.991144,True,True,True,100㎡,1.2万/月,4元/m/天,"('39.702359', '115.991144')"
bright,(转让)朝外SOHO154平餐饮店转让，固定客源+高流量，白领消费高,商业街店铺,朝外SOHO,154.0,18000.0,28.0,28.0,39.925733,116.461265,True,True,True,154㎡,1.8万/月,转让费：28万元,"('39.925733', '116.461265')"
bright,(出租)西城区阜内大街89号临街底商旺铺房东直租,临街门面,阜成门内大街-89,165.0,50000.0,10.1,10.1,39.930064,116.37678,True,True,True,165㎡,5万/月,10.1元/m/天,"('39.930064', '116.37678')"
bright,(转让)德胜门商业街面包连锁蛋糕店转让客流密集位置好,临街门面,TOUSlesJOURS多乐之日(新风里店),101.2,36000.0,35.0,35.0,39.967792,116.381939,True,True,True,101.2㎡,3.6万/月,转让费：35万元,"('39.967792', '116.381939')"
bright,(出租)回龙观龙腾苑二区临街商铺出租420平可租无其他费用,临街门面,龙腾苑-二区,210.0,22000.0,3.49,3.49,40.083172,116.343681,True,True,True,210㎡,2.2万/月,3.49元/m/天,"('40.083172', '116.343681')"
bright,(出租)邻三环900平米适合办公会所餐饮茶楼娱乐,临街门面,苏皖大厦,900.0,94500.0,3.5,3.5,39.852427,116.344356,True,True,True,900㎡,9.45万/月,3.5元/m/天,"('39.852427', '116.344356')"
bright,(出租)安慧北里逸园28号楼临街底商旺铺直租,临街门面,安慧北里逸园南区-28号楼,316.0,105000.0,11.08,11.08,40.005405,116.419745,True,True,True,316㎡,10.5万/月,11.08元/m/天,"('40.005405', '116.419745')"
bright,(出租)黄村恒大未来城两层140㎡出租，成熟社区全业态，近地铁,商业街店铺,恒大未来城,140.0,8999.0,2.14,2.14,39.720345,116.320946,True,True,True,140㎡,8999元/月,2.14元/m/天,"('39.720345', '116.320946')"
bright,(出租)朝阳王四营人民日报印刷厂内1100平米餐厅档口招租,档口摊位,人民日报印刷厂,25.0,5000.0,6.67,6.67,39.866413,116.551483,True,True,True,25㎡,5000元/月,6.67元/m/天,"('39.866413', '116.551483')"
bright,(转让)朝阳北京200平餐厅转让，出租早点,社区底商,铭泽生活广场,200.0,30000.0,15.0,15.0,39.869836,116.48346,True,True,True,200㎡,3万/月,转让费：15万元,"('39.869836', '116.48346')"
bright,(转让)地铁积水潭站附近临街底商旺铺转让,临街门面,小炊谣,110.0,45900.0,15.0,15.0,39.957642,116.378567,True,True,True,110㎡,4.59万/月,转让费：15万元,"('39.957642', '116.378567')"
bright,(出租)北京核心景区南锣鼓巷c位商铺招租,商业街店铺,南锣鼓巷,400.0,200000.0,16.67,16.67,39.943562,116.408878,True,True,True,400㎡,20万/月,16.67元/m/天,"('39.943562', '116.408878')"
bright,(出租)海淀上地科实大厦底商商铺房东直租,写字楼配套,科实大厦,600.0,144000.0,8.0,8.0,40.040731,116.318389,True,True,True,600㎡,14.4万/月,8元/m/天,"('40.040731', '116.318389')"
bright,(出租)朝外大街日坛晶华8号楼底商临街门面房东直租除重餐饮外行业不限,社区底商,日坛晶华-8号楼,173.45,39000.0,7.49,7.49,39.926518,116.450761,True,True,True,173.45㎡,3.9万/月,7.49元/m/天,"('39.926518', '116.450761')"
bright,(出租)海淀五道口农业大学100-300平直租无转让费可餐饮！,临街门面,清华东路15号,105.97,26000.0,8.18,8.18,40.007289,116.366487,True,True,True,105.97㎡,2.6万/月,8.18元/m/天,"('40.007289', '116.366487')"
bright,(出租)石景山古城路步行街核心铺招租！近商场社区，人流量大,商业街店铺,古城南路步行街,140.0,,,,39.916957,116.198351,True,False,False,140㎡,租金面议,（价格可面议）,"('39.916957', '116.198351')"
bright,(转让)石景山八角西街280平精装涮肉店转租，5年租期人流量大,临街门面,八角西街,280.0,58800.0,,7.0,39.920335,116.205284,True,True,True,280㎡,5.88万/月,转让费：面议（转让费可面议）,"('39.920335', '116.205284')"
bright,(出租)奥林匹克公园临街铺面70-300平出租，12元/㎡含物业费,商业街店铺,北京工艺美术博物馆(文创店),80.0,29000.0,12.08,12.08,40.00572,116.400322,True,True,True,80㎡,2.9万/月,12.08元/m/天,"('40.00572', '116.400322')"
bright,(出租)旭景园1万平招租全业态制可仓储，配套手续齐全，整租可分租,临街门面,旭景园·精致生活广场,10000.0,,,,39.945537,116.703494,True,False,False,10000㎡,租金面议,（价格可面议）,"('39.945537', '116.703494')"
bright,(转让)蓝堡公寓饭店整体转600平精装含KTV，近华贸高客流价格可谈,商业街店铺,蓝堡国际公寓-南区,600.0,60000.0,80.0,80.0,39.916652,116.48313,True,True,True,600㎡,6万/月,转让费：80万元,"('39.916652', '116.48313')"
bright,(出租)（0转让费）朝阳欢乐谷附近Ⅰ临街流量社区底商旺铺整体出租,社区底商,PETLADY宠娘宠物生活馆(格林莱雅店),80.0,19000.0,7.92,7.92,39.873411,116.513574,True,True,True,80㎡,1.9万/月,7.92元/m/天,"('39.873411', '116.513574')"
bright,(出租)双井桥地铁D口附近临街社区底商人流量大旺铺出租位置优越,临街门面,优士阁-B座,87.0,22000.0,8.43,8.43,39.898418,116.466159,True,True,True,87㎡,2.2万/月,8.43元/m/天,"('39.898418', '116.466159')"
bright,(转让)朝阳北花园1号院一层店转租，设备全临主路,临街门面,中国传媒大学,130.0,32500.0,18.0,18.0,39.917551,116.563634,True,True,True,130㎡,3.25万/月,转让费：18万元,"('39.917551', '116.563634')"
bright,(出租)亦庄同济南路10㎡临街档口酒店公寓旁，白领多做早餐小吃奶茶佳,临街门面,同济南路,10.0,,,,39.779083,116.546239,True,False,False,10㎡,租金面议,（价格可面议）,"('39.779083', '116.546239')"
bright,(出租)新街口积水潭小西天临街商铺房东直租、周边客流大(除餐饮外),临街门面,新街口外大街29号,40.0,30000.0,25.0,25.0,39.958119,116.377868,True,True,True,40㎡,3万/月,25元/m/天,"('39.958119', '116.377868')"
bright,(出租)房东直租可线上超市台球轰趴足疗简餐中央厨房仓储,社区底商,百子湾东里,420.0,,,,39.905263,116.511316,True,False,False,420㎡,租金面议,（价格可面议）,"('39.905263', '116.511316')"
bright,(出租)苏州桥！使用70平，全业态可注册，线上和外卖比较合适，可餐饮,写字楼配套,海淀-苏州街详细地址请咨询,100.0,20000.0,6.67,6.67,39.978276,116.310277,True,True,True,100㎡,2万/月,6.67元/m/天,"('39.978276', '116.310277')"
bright,(出租)丰台方庄桥大平层招各种品牌火锅等餐饮,商业街店铺,详细地址请咨询,590.0,56600.0,3.2,3.2,39.864873,116.443435,True,True,True,590㎡,5.66万/月,3.2元/m/天,"('39.864873', '116.443435')"
bright,(出租)双井国贸餐饮街天力街富力城果蔬好超市旁90平米,商业街店铺,朝阳-双井天力街,90.0,,,,39.90401522,116.463839,True,False,False,90㎡,租金面议,,"('39.90401522', '116.463839')"
bright,(出租)精装水吧直租水吧小餐饮鲜花美发轻食简餐各类外卖等,商业街店铺,朝阳-呼家楼朝外大街乙6号,40.0,8000.0,,6.666666666666667,39.92584,116.461382,True,True,True,40㎡,8000元/月,6.67元/m/天（价格可面议）,"('39.92584', '116.461382')"
bright,(出租)精！不用付租金北三环北太平庄地铁45平米招租各类餐饮,商业街店铺,北太平庄-地铁站-北京市海淀区,50.0,15000.0,10.0,10.0,39.974437,116.376574,True,True,True,50㎡,1.5万/月,10元/m/天,"('39.974437', '116.376574')"
bright,(出租)朝阳区6号线地铁火锅余留可餐饮培训体能运动咖啡书吧茶室会所等,临街门面,通州-物资学院路物资学院路6号,314.0,,,,39.932806,116.64605,True,False,False,314㎡,租金面议,,"('39.932806', '116.64605')"
bright,(出租)机电院新出可餐饮超大展示面适合火锅烧烤特色菜等全业态,临街门面,朝阳-工体工体东路,500.0,80000.0,,5.333333333333333,39.932633,116.457843,True,True,True,500㎡,8万/月,5.33元/m/天（价格可面议）,"('39.932633', '116.457843')"
bright,(出租)丰台方庄十字路口可餐饮有燃气招麻辣烫烧烤川湘菜美容,临街门面,丰台-成寿寺方庄南路,94.5,,,,39.856854,116.445466,True,False,False,94.5㎡,租金面议,,"('39.856854', '116.445466')"
bright,(出租)直租餐饮火锅烧烤串串香烤肉川湘菜铁锅炖中餐,商业街店铺,京通苑阳光华苑,376.54,,,,39.919996,116.603518,True,False,False,376.54㎡,租金面议,,"('39.919996', '116.603518')"
bright,(出租)国贸一层临街超大人流量有燃气招租餐饮咖啡外卖,临街门面,朝阳-CBD东三环中路39号,130.0,20000.0,,5.128205128205129,39.911335,116.465666,True,True,True,130㎡,2万/月,5.13元/m/天（价格可面议）,"('39.911335', '116.465666')"
bright,(出租)海淀区交大西门餐饮集中地，人群密集，120平餐饮转让,临街门面,海淀-四季青大慧寺路,120.0,45000.0,,12.5,39.958146,116.333579,True,True,True,120㎡,4.5万/月,12.5元/m/天（费用可面议）,"('39.958146', '116.333579')"
bright,(出租)餐饮，新出，不用装修临街底商客流量大,商业街店铺,朝阳-呼家楼丽枫西路7号,70.0,18000.0,8.57,8.57,39.922909,116.464885,True,True,True,70㎡,1.8万/月,8.57元/m/天,"('39.922909', '116.464885')"
bright,(出租)CBD商务区360平临街餐饮旺铺中式快餐烧全业态双门头可外摆,临街门面,朝阳-东大桥东大桥路8号,360.0,46000.0,4.26,4.26,39.9242471,116.4592123,True,True,True,360㎡,4.6万/月,4.26元/m/天,"('39.9242471', '116.4592123')"
bright,(出租)亦庄地铁口主商街人流大白领多招品牌餐饮美容口腔锅圈超意兴,临街门面,通州-马驹桥潼关三区9号,85.0,,,,39.759039,116.55154,True,False,False,85㎡,租金面议,,"('39.759039', '116.55154')"
bright,(出租)三里屯工体酒吧街独栋，650平餐饮旺铺，适合火锅，烤肉，酒吧,商业街店铺,朝阳-三里屯工体北路,650.0,,,,39.940363,116.462207,True,False,False,650㎡,租金面议,,"('39.940363', '116.462207')"
bright,(出租)紫竹桥车道沟临街底商140平招租餐饮快餐足疗养生五金店鲜花店,商业街店铺,嘉友国际大厦-北京市海淀区,140.0,29400.0,,7.0,39.952269,116.29907,True,True,True,140㎡,2.94万/月,7元/m/天（价格可面议）,"('39.952269', '116.29907')"
bright,(出租)（业主直租）路口把角25米展示面（可分租）明火餐饮品牌租户,临街门面,朝阳-管庄塔营街,325.0,97500.0,10.0,10.0,39.905268,116.60636,True,True,True,325㎡,9.75万/月,10元/m/天,"('39.905268', '116.60636')"
bright,(出租)大兴地铁站35平档口出租客流量大适合餐饮外卖,写字楼配套,枣园-地铁站-北京市大兴区,35.0,6000.0,5.71,5.71,39.759079,116.338975,True,True,True,35㎡,6000元/月,5.71元/m/天,"('39.759079', '116.338975')"
bright,(出租)故宫旁美术馆临街商业独栋，700平，适合驻京办会所餐饮,临街门面,东城-沙滩北河沿大街,700.0,,,,39.935488,116.412342,True,False,False,700㎡,租金面议,,"('39.935488', '116.412342')"
bright,(出租)朝阳路丨临主街超大展示位丨社区门口好停车丨招租品牌餐饮火锅,临街门面,朝阳-常营朝阳路,450.0,62000.0,,4.592592592592593,39.918656,116.594946,True,True,True,450㎡,6.2万/月,4.59元/m/天（价格可面议）,"('39.918656', '116.594946')"
bright,(出租)牡丹园！招餐饮顺德菜，火锅，烤肉，烧烤，米线，羊蝎子等快餐,商业街店铺,海淀-牡丹园详细地址请咨询,100.0,60000.0,,20.0,39.985115,116.379256,True,True,True,100㎡,6万/月,20元/m/天（费用可面议）,"('39.985115', '116.379256')"
bright,(出租)西三环花园桥地铁25平米招租餐饮小吃美发美甲图文,商业街店铺,花园桥-地铁站-北京市海淀区,25.0,10000.0,13.33,13.33,39.938383,116.31757,True,True,True,25㎡,1万/月,13.33元/m/天,"('39.938383', '116.31757')"
bright,(出租)直租东大桥SOHO尚都餐饮外卖燃气排烟380V动力电,写字楼配套,朝阳-东大桥东大桥路8号,198.0,18000.0,3.03,3.03,39.9242471,116.4592123,True,True,True,198㎡,1.8万/月,3.03元/m/天,"('39.9242471', '116.4592123')"
bright,(出租)户型方正地铁旁可餐饮少儿游乐园培训舞蹈瑜伽,购物百货中心,物资学院路6号,500.41,,,,39.932806,116.64605,True,False,False,500.41㎡,租金面议,,"('39.932806', '116.64605')"
bright,(出租)直租北三环安贞小关亚运村临街独栋1000平餐饮医疗展厅等,临街门面,朝阳-胜古北苑路,1000.0,165000.0,5.5,5.5,39.984151,116.41429,True,True,True,1000㎡,16.5万/月,5.5元/m/天,"('39.984151', '116.41429')"
bright,(转让)独立整层带露台！方正开间！招体育培训！烧烤餐饮火锅娱乐文体！,临街门面,朝阳-定福庄详细地址请咨询,594.79,46900.00000000001,,2.6283786434427845,39.92952,116.571748,True,True,True,594.79㎡,4.69万/月,转让费：面议（费用可面议）,"('39.92952', '116.571748')"
bright,(出租)急租可优惠常营十字路口大展示面！可招培训街舞清真餐饮,临街门面,朝阳-常营详细地址请咨询,338.64,25400.0,,2.5001968658949525,39.933958,116.589598,True,True,True,338.64㎡,2.54万/月,2.5元/m/天（费用可面议）,"('39.933958', '116.589598')"
bright,(出租)朝阳门地铁口400平，可外摆，有餐饮条件，原甜品店,商业街店铺,东城-朝阳门朝阳门西路,400.0,30000.0,,2.5,39.9267163,116.4396851,True,True,True,400㎡,3万/月,2.5元/m/天（价格可面议）,"('39.9267163', '116.4396851')"
bright,(出租)魏公村餐饮铺！四所大学聚集！招：米粉米线，猪脚饭，煲仔饭等！,社区底商,海淀-魏公村详细地址请咨询,168.0,43300.0,,8.591269841269842,39.962194,116.323763,True,True,True,168㎡,4.33万/月,8.6元/m/天（费用可面议）,"('39.962194', '116.323763')"
bright,(出租)中关村黄庄地铁海淀医院400平米招租高端餐饮,商业街店铺,北京市海淀医院-北京市海淀区,400.0,,,,39.982867,116.321675,True,False,False,400㎡,租金面议,,"('39.982867', '116.321675')"
bright,(出租)南法信地铁口餐饮商铺6个月免租临主街全业态价可谈,社区底商,顺义-石门东兴街,87.0,6003.0,,2.3,40.126651,116.619009,True,True,True,87㎡,6003元/月,2.3元/m/天（价格可面议）,"('40.126651', '116.619009')"
bright,(出租)国贸133平临街餐饮商铺有燃气380V动力电,商业街店铺,朝阳-东大桥东大桥路8号,133.9,42000.0,,10.455563853622106,39.9242471,116.4592123,True,True,True,133.9㎡,4.2万/月,10.46元/m/天（价格可面议）,"('39.9242471', '116.4592123')"
bright,(出租)万象汇，清河新城永泰庄，128平餐饮商铺有燃气,商业街店铺,永泰庄西路-道路-北京市海淀区,128.0,26900.0,,7.005208333333333,40.03704,116.358707,True,True,True,128㎡,2.69万/月,7元/m/天（价格可面议）,"('40.03704', '116.358707')"
bright,(出租)出租双井富力小区口商铺全业态可以做餐饮快餐金店烟酒等,临街门面,朝阳-百子湾详细地址请咨询,87.0,,,,39.902916,116.465943,True,False,False,87㎡,租金面议,,"('39.902916', '116.465943')"
bright,(出租)陶然亭商铺出租西城300平可分组上下复试餐饮美发中医,商业街店铺,西城-陶然亭太平街6号,300.0,,,,39.886639,116.394728,True,False,False,300㎡,租金面议,,"('39.886639', '116.394728')"
bright,(出租)三里屯745平商铺出租适合酒吧餐饮口腔会所医美等业态,商业街店铺,北京市朝阳区工人体育场北路4号,745.0,,,,39.937715,116.462771,True,False,False,745㎡,租金面议,,"('39.937715', '116.462771')"
bright,(出租)亦庄小商铺60平米月租4500适合快剪鲜花餐饮外卖,写字楼配套,大兴-亦庄荣华中路,60.0,4500.0,,2.5,39.809628,116.507916,True,True,True,60㎡,4500元/月,2.5元/m/天（价格可面议）,"('39.809628', '116.507916')"
bright,(出租)中关村西区纯一层商铺展示面20米，随时看房只招餐饮,写字楼配套,海淀-中关村海淀西街,474.34,142300.0,10.0,10.0,39.986743,116.316075,True,True,True,474.34㎡,14.23万/月,10元/m/天,"('39.986743', '116.316075')"
bright,(出租)丰台南四环主路边临街商铺600平可分租300平可做餐饮,商业街店铺,丰台-总部基地西四环南路,600.0,108000.0,,6.0,39.8445427,116.291518,True,True,True,600㎡,10.8万/月,6元/m/天（价格可面议）,"('39.8445427', '116.291518')"
bright,(出租)朝阳百子湾临街商铺70平米月租金12000不可餐饮直租,临街门面,朝阳-百子湾石门东路,80.0,12000.0,,5.0,39.902399,116.509065,True,True,True,80㎡,1.2万/月,5元/m/天（价格可面议）,"('39.902399', '116.509065')"
bright,(出租)社区临街商铺大展示面除餐饮其他业态不限月底清盘中,商业街店铺,海淀-苏家坨通元路,160.0,,,,40.075429,116.137018,True,False,False,160㎡,租金面议,,"('40.075429', '116.137018')"
bright,(出租)海淀苏州街临街商铺323平居公学校混合商圈适合一切餐饮,商业街店铺,苏州街-地铁站-北京市海淀区,323.0,106600.0,,11.001031991744066,39.981601,116.312777,True,True,True,323㎡,10.66万/月,11元/m/天（价格可面议）,"('39.981601', '116.312777')"
bright,(出租)海淀区航天桥临街一层商铺面积185平米直租招餐饮有装修.,商业街店铺,南城香(航天桥店)-北京市海淀区,185.0,82000.0,14.77,14.77,39.932045,116.317164,True,True,True,185㎡,8.2万/月,14.77元/m/天,"('39.932045', '116.317164')"
bright,(出租)海淀区双榆树60商铺出租，招口腔，宠物，电动车，非餐饮,临街门面,海淀-中关村知春路108号,60.0,20000.0,,11.11111111111111,39.981326,116.328625,True,True,True,60㎡,2万/月,11.11元/m/天（价格可面议）,"('39.981326', '116.328625')"
bright,(出租)商铺急租！垡头小区旁招餐饮~医疗~美容~教培~足疗按摩,社区底商,详细地址请咨询,150.0,15800.0,,3.511111111111111,39.853111,116.568471,True,True,True,150㎡,1.58万/月,3.5元/m/天（价格可面议）,"('39.853111', '116.568471')"
bright,(出租)商铺直租丨一层底商丨适合餐饮丨火锅丨烤肉丨川菜丨铁锅炖丨,社区底商,朝阳-常营常营北路,314.0,,,,39.935541,116.599347,True,False,False,314㎡,租金面议,,"('39.935541', '116.599347')"
bright,(转让)(北商)昌平回龙观临街商铺出租可餐饮,临街门面,龙腾苑三区-东门-北京市昌平区,80.0,19200.0,,8.0,40.082975,116.340109,True,True,True,80㎡,1.92万/月,转让费：面议（费用可面议）,"('40.082975', '116.340109')"
bright,(出租)褡裢坡丨定福家园丨新出733平商铺出租丨可按摩丨餐饮丨超市,社区底商,朝阳-定福庄朝阳北路,733.0,,,,39.931114,116.571908,True,False,False,733㎡,租金面议,,"('39.931114', '116.571908')"
bright,(转让)朝外SOHO154平餐饮店转让，固定客源+高流量，白领消费高,商业街店铺,朝外SOHO,154.0,18000.0,28.0,28.0,39.925733,116.461265,True,True,True,154㎡,1.8万/月,转让费：28万元,"('39.925733', '116.461265')"
bright,(出租)西城区阜内大街89号临街底商旺铺房东直租,临街门面,阜成门内大街-89,165.0,50000.0,10.1,10.1,39.930064,116.37678,True,True,True,165㎡,5万/月,10.1元/m/天,"('39.930064', '116.37678')"
bright,(转让)德胜门商业街面包连锁蛋糕店转让客流密集位置好,临街门面,TOUSlesJOURS多乐之日(新风里店),101.2,36000.0,35.0,35.0,39.967792,116.381939,True,True,True,101.2㎡,3.6万/月,转让费：35万元,"('39.967792', '116.381939')"
bright,(出租)回龙观龙腾苑二区临街商铺出租420平可租无其他费用,临街门面,龙腾苑-二区,210.0,22000.0,3.49,3.49,40.083172,116.343681,True,True,True,210㎡,2.2万/月,3.49元/m/天,"('40.083172', '116.343681')"
bright,(出租)邻三环900平米适合办公会所餐饮茶楼娱乐,临街门面,苏皖大厦,900.0,94500.0,3.5,3.5,39.852427,116.344356,True,True,True,900㎡,9.45万/月,3.5元/m/天,"('39.852427', '116.344356')"
bright,(出租)安慧北里逸园28号楼临街底商旺铺直租,临街门面,安慧北里逸园南区-28号楼,316.0,105000.0,11.08,11.08,40.005405,116.419745,True,True,True,316㎡,10.5万/月,11.08元/m/天,"('40.005405', '116.419745')"
bright,(出租)黄村恒大未来城两层140㎡出租，成熟社区全业态，近地铁,商业街店铺,恒大未来城,140.0,8999.0,2.14,2.14,39.720345,116.320946,True,True,True,140㎡,8999元/月,2.14元/m/天,"('39.720345', '116.320946')"
bright,(出租)朝阳王四营人民日报印刷厂内1100平米餐厅档口招租,档口摊位,人民日报印刷厂,25.0,5000.0,6.67,6.67,39.866413,116.551483,True,True,True,25㎡,5000元/月,6.67元/m/天,"('39.866413', '116.551483')"
bright,(转让)朝阳北京200平餐厅转让，出租早点,社区底商,铭泽生活广场,200.0,30000.0,15.0,15.0,39.869836,116.48346,True,True,True,200㎡,3万/月,转让费：15万元,"('39.869836', '116.48346')"
bright,(转让)地铁积水潭站附近临街底商旺铺转让,临街门面,小炊谣,110.0,45900.0,15.0,15.0,39.957642,116.378567,True,True,True,110㎡,4.59万/月,转让费：15万元,"('39.957642', '116.378567')"
bright,(出租)北京核心景区南锣鼓巷c位商铺招租,商业街店铺,南锣鼓巷,400.0,200000.0,16.67,16.67,39.943562,116.408878,True,True,True,400㎡,20万/月,16.67元/m/天,"('39.943562', '116.408878')"
bright,(出租)海淀上地科实大厦底商商铺房东直租,写字楼配套,科实大厦,600.0,144000.0,8.0,8.0,40.040731,116.318389,True,True,True,600㎡,14.4万/月,8元/m/天,"('40.040731', '116.318389')"
bright,(出租)朝外大街日坛晶华8号楼底商临街门面房东直租除重餐饮外行业不限,社区底商,日坛晶华-8号楼,173.45,39000.0,7.49,7.49,39.926518,116.450761,True,True,True,173.45㎡,3.9万/月,7.49元/m/天,"('39.926518', '116.450761')"
bright,(出租)海淀五道口农业大学100-300平直租无转让费可餐饮！,临街门面,清华东路15号,105.97,26000.0,8.18,8.18,40.007289,116.366487,True,True,True,105.97㎡,2.6万/月,8.18元/m/天,"('40.007289', '116.366487')"
bright,(出租)石景山古城路步行街核心铺招租！近商场社区，人流量大,商业街店铺,古城南路步行街,140.0,,,,39.916957,116.198351,True,False,False,140㎡,租金面议,（价格可面议）,"('39.916957', '116.198351')"
bright,(转让)石景山八角西街280平精装涮肉店转租，5年租期人流量大,临街门面,八角西街,280.0,58800.0,,7.0,39.920335,116.205284,True,True,True,280㎡,5.88万/月,转让费：面议（转让费可面议）,"('39.920335', '116.205284')"
bright,(出租)奥林匹克公园临街铺面70-300平出租，12元/㎡含物业费,商业街店铺,北京工艺美术博物馆(文创店),80.0,29000.0,12.08,12.08,40.00572,116.400322,True,True,True,80㎡,2.9万/月,12.08元/m/天,"('40.00572', '116.400322')"
bright,(出租)旭景园1万平招租全业态制可仓储，配套手续齐全，整租可分租,临街门面,旭景园·精致生活广场,10000.0,,,,39.945537,116.703494,True,False,False,10000㎡,租金面议,（价格可面议）,"('39.945537', '116.703494')"
bright,(转让)蓝堡公寓饭店整体转600平精装含KTV，近华贸高客流价格可谈,商业街店铺,蓝堡国际公寓-南区,600.0,60000.0,80.0,80.0,39.916652,116.48313,True,True,True,600㎡,6万/月,转让费：80万元,"('39.916652', '116.48313')"
bright,(出租)（0转让费）朝阳欢乐谷附近Ⅰ临街流量社区底商旺铺整体出租,社区底商,PETLADY宠娘宠物生活馆(格林莱雅店),80.0,19000.0,7.92,7.92,39.873411,116.513574,True,True,True,80㎡,1.9万/月,7.92元/m/天,"('39.873411', '116.513574')"
bright,(出租)双井桥地铁D口附近临街社区底商人流量大旺铺出租位置优越,临街门面,优士阁-B座,87.0,22000.0,8.43,8.43,39.898418,116.466159,True,True,True,87㎡,2.2万/月,8.43元/m/天,"('39.898418', '116.466159')"
bright,(转让)朝阳北花园1号院一层店转租，设备全临主路,临街门面,中国传媒大学,130.0,32500.0,18.0,18.0,39.917551,116.563634,True,True,True,130㎡,3.25万/月,转让费：18万元,"('39.917551', '116.563634')"
bright,(出租)亦庄同济南路10㎡临街档口酒店公寓旁，白领多做早餐小吃奶茶佳,临街门面,同济南路,10.0,,,,39.779083,116.546239,True,False,False,10㎡,租金面议,（价格可面议）,"('39.779083', '116.546239')"
bright,(出租)新街口积水潭小西天临街商铺房东直租、周边客流大(除餐饮外),临街门面,新街口外大街29号,40.0,30000.0,25.0,25.0,39.958119,116.377868,True,True,True,40㎡,3万/月,25元/m/天,"('39.958119', '116.377868')"
bright,(出租)房东直租可线上超市台球轰趴足疗简餐中央厨房仓储,社区底商,百子湾东里,420.0,,,,39.905263,116.511316,True,False,False,420㎡,租金面议,（价格可面议）,"('39.905263', '116.511316')"
bright,(出租)亦庄带装修餐饮铺进场直接干楼上有酒店招板面东北菜北京菜,临街门面,通州-次渠科创东三街辅路,180.0,27000.0,,5.0,39.82304,116.549009,True,True,True,180㎡,2.7万/月,5元/m/天（价格可面议）,"('39.82304', '116.549009')"
bright,(出租)三元桥医美1350平5.5元层高5米具备餐饮条件,临街门面,朝阳-三元桥凤凰环路,350.0,68300.0,6.5,6.5,39.96893,116.46144,True,True,True,350㎡,6.83万/月,6.5元/m/天,"('39.96893', '116.46144')"
bright,(出租)南六环独栋独院1000平适合办公接待品牌餐饮,其他,生物医药基地-地铁站-北京市大兴区,1000.0,,,,39.692272,116.328218,True,False,False,1000㎡,租金面议,,"('39.692272', '116.328218')"
bright,(出租)东三环双井，纯一层餐饮，房东直租有燃气，酒吧餐厅不限制,临街门面,朝阳-双井东柏街,280.0,42000.0,,5.0,39.90109,116.477479,True,True,True,280㎡,4.2万/月,5元/m/天（价格可面议）,"('39.90109', '116.477479')"
bright,(出租)陆港城临街独栋丨餐饮丨有燃气丨传菜梯丨随时看,临街门面,朝阳-常营朝阳北路,563.0,67600.0,,4.002368265245708,39.930868,116.599116,True,True,True,563㎡,6.76万/月,4元/m/天（价格可面议）,"('39.930868', '116.599116')"
bright,(出租)物业直租双井地铁东柏街290平有燃气适合各种餐饮网红店业态,商业街店铺,纳鲜肴·广东顺德菜(双井店)-北京市朝阳区,290.0,43000.0,,4.942528735632184,39.900763,116.471816,True,True,True,290㎡,4.3万/月,4.94元/m/天（价格可面议）,"('39.900763', '116.471816')"
bright,(出租)商业街，可仓储办公健身KTV网吧餐饮展厅等,商业街店铺,海淀-苏家坨苏一路,200.0,12000.0,,2.0,40.108901,116.151019,True,True,True,200㎡,1.2万/月,2元/m/天（价格可面议）,"('40.108901', '116.151019')"
bright,"(出租)精装修餐饮！地铁口140平直租8米大展示面,全天人流断",商业街店铺,朝阳-团结湖朝阳北路,120.0,34200.0,,9.5,39.929359,116.469547,True,True,True,120㎡,3.42万/月,9.5元/m/天（价格可面议）,"('39.929359', '116.469547')"
bright,(出租)物业直租丨国贸餐饮~招复印照相果切鲜花美甲工作室,商业街店铺,朝阳-国贸东三环中路39号,30.0,4000.0,4.44,4.44,39.911335,116.465666,True,True,True,30㎡,4000元/月,4.44元/m/天,"('39.911335', '116.465666')"
bright,(出租)一层餐饮旺铺麻辣烫西餐快餐麻辣烫串串烘培日料等,商业街店铺,朝阳-CBD朝外大街乙6号,150.0,18000.0,4.0,4.0,39.92584,116.461382,True,True,True,150㎡,1.8万/月,4元/m/天,"('39.92584', '116.461382')"
bright,(出租)聚福苑商圈瑜伽健身台球餐饮物业直租无中介费,商业街店铺,朝阳-定福庄定福庄北街,500.0,,,,39.922541,116.560349,True,False,False,500㎡,租金面议,,"('39.922541', '116.560349')"
bright,(出租)源建外临街300平适合餐饮特色菜等可正常办照,社区底商,朝阳-国贸东三环中路39号,300.0,50000.0,,5.555555555555555,39.911335,116.465666,True,True,True,300㎡,5万/月,5.56元/m/天（价格可面议）,"('39.911335', '116.465666')"
bright,(出租)房山良乡行宫园80平米餐饮底商出租转让,社区底商,房山-良乡良乡中路,80.0,9600.0,4.0,4.0,39.737211,116.149645,True,True,True,80㎡,9600元/月,4元/m/天,"('39.737211', '116.149645')"
bright,(出租)朝阳东坝丨地铁口小区口75平可餐饮宠物服装超市,临街门面,北京市朝阳区东坝(地区)乡东坝大街,74.73,13000.0,,5.798652928319728,39.981024,116.560311,True,True,True,74.73㎡,1.3万/月,5.78元/m/天（价格可面议）,"('39.981024', '116.560311')"
bright,(出租)万达一层52平餐饮直租近地铁和写字楼有钥匙随时看,商业街店铺,通州-通州北苑新华西街58号,52.0,12000.0,7.69,7.69,39.9114789,116.6471654,True,True,True,52㎡,1.2万/月,7.69元/m/天,"('39.9114789', '116.6471654')"
bright,(出租)三里屯工体临街餐饮旺铺，800平可分租，赠外摆，适合中餐,商业街店铺,朝阳-工体心中西街,850.0,191300.0,,7.5019607843137255,39.937417,116.443821,True,True,True,850㎡,19.13万/月,7.5元/m/天（价格可面议）,"('39.937417', '116.443821')"
bright,(出租)朝阳区，社区底商，，线上，餐饮，适合全业态，甲方招商，,社区底商,朝阳-定福庄朝阳北路,38.0,,,,39.930105,116.571879,True,False,False,38㎡,租金面议,,"('39.930105', '116.571879')"
bright,(出租)大学正对面，临街底商，办公居民大学客群，非餐饮业态不限，,临街门面,朝阳-定福庄详细地址请咨询,91.59,20200.0,7.35,7.35,39.92205,116.562283,True,True,True,91.59㎡,2.02万/月,7.35元/m/天,"('39.92205', '116.562283')"
bright,(出租)国贸餐饮旺铺带外摆区烧烤湘菜火锅自助餐网红餐厅等不限,商业街店铺,朝阳-东大桥东大桥路8号,350.0,45000.0,,4.285714285714286,39.9242471,116.4592123,True,True,True,350㎡,4.5万/月,4.29元/m/天（价格可面议）,"('39.9242471', '116.4592123')"
bright,(出租)万达业主直租108平1.3万每月餐饮装修有燃气不限业态,商业街店铺,通州-通州北苑新华西街58号,108.0,13000.0,,4.012345679012346,39.9114789,116.6471654,True,True,True,108㎡,1.3万/月,4.01元/m/天（价格可面议）,"('39.9114789', '116.6471654')"
bright,(出租)四道口皂君庙新出餐饮房源，周边缺少餐饮，适合刀削面，拉面滩羊,社区底商,海淀-大钟寺四道口路,300.0,54000.0,,6.0,39.969181,116.34805,True,True,True,300㎡,5.4万/月,6元/m/天（价格可面议）,"('39.969181', '116.34805')"
bright,(出租)（中拓商业）国贸大望路可分租适合各类餐饮业主直租随时看房,临街门面,郎园Vintage-北京市朝阳区,300.0,,,,39.912081,116.476959,True,False,False,300㎡,租金面议,,"('39.912081', '116.476959')"
bright,(出租)直租东城区前门大街临街商业1000平餐饮挨着全聚德,临街门面,东城-前门前门大街,1000.0,240000.0,,8.0,39.905524,116.404589,True,True,True,1000㎡,24万/月,8元/m/天（价格可面议）,"('39.905524', '116.404589')"
bright,(出租)CBD朝外独立底商大展示面餐饮酒吧茶室办公培训,商业街店铺,朝阳-国贸光华路9号,191.0,22000.0,,3.8394415357766145,39.9223295,116.458647,True,True,True,191㎡,2.2万/月,3.84元/m/天（价格可面议）,"('39.9223295', '116.458647')"
bright,(出租)石景山古城临街130平，可做汽修美容贴膜，川湘菜火锅各种餐饮,临街门面,石景山-古城古城西路,130.0,25000.0,6.41,6.41,39.920481,116.193243,True,True,True,130㎡,2.5万/月,6.41元/m/天,"('39.920481', '116.193243')"
bright,(出租)大兴美食街300平精装修招租特色美食品牌餐饮网红小吃等,临街门面,天键广场-北京市大兴区,300.0,41700.0,4.63,4.63,39.758481,116.321199,True,True,True,300㎡,4.17万/月,4.63元/m/天,"('39.758481', '116.321199')"
bright,(出租)三里屯临街位置底商735平米适合高端会所展厅餐饮酒吧娱乐等,写字楼配套,朝阳-三里屯工人体育场北路,735.0,110300.0,,5.0022675736961455,39.937492,116.460034,True,True,True,735㎡,11.03万/月,5元/m/天（价格可面议）,"('39.937492', '116.460034')"
bright,(出租)海淀村新出餐饮房源，客流巨大，欢迎考察洽谈合作随时来电,社区底商,海淀-北航罗庄中路,800.0,156000.0,,6.5,39.981472,116.352287,True,True,True,800㎡,15.6万/月,6.5元/m/天（费用可面议）,"('39.981472', '116.352287')"
bright,(出租)亮马桥麦子店1000平6元商业房本有燃气餐饮医疗,临街门面,朝阳-朝阳公园麦子店街39号,1000.0,180000.0,6.0,6.0,39.953529,116.473114,True,True,True,1000㎡,18万/月,6元/m/天,"('39.953529', '116.473114')"
bright,(出租)直租南三环方庄临街商业450平可分租餐饮医疗展厅娱乐等等,临街门面,丰台-方庄南三环东路,450.0,74300.0,,5.503703703703704,39.864365,116.431479,True,True,True,450㎡,7.43万/月,5.5元/m/天（价格可面议）,"('39.864365', '116.431479')"
bright,(转让)(北商)通州梨园临街餐饮商铺出租,临街门面,云景东路52号-,240.0,50000.0,,6.944444444444445,39.882746,116.671392,True,True,True,240㎡,5万/月,转让费：面议（费用可面议）,"('39.882746', '116.671392')"
bright,(出租)三里屯SOHO970平餐饮商铺出租50米展面适合餐饮酒吧餐吧,商业街店铺,三里屯SOHO-北京市朝阳区,970.0,151300.0,5.2,5.2,39.937943,116.460166,True,True,True,970㎡,15.13万/月,5.2元/m/天,"('39.937943', '116.460166')"
bright,(出租)南礼士路临街商铺出租适合米线快餐麻辣烫米粉沙县特色餐饮,商业街店铺,海淀-万寿路南营房路,90.0,21000.0,,7.777777777777778,39.927494,116.3588,True,True,True,90㎡,2.1万/月,7.78元/m/天（费用可面议）,"('39.927494', '116.3588')"
bright,(出租)南锣鼓巷商铺出租交道口十字路口位置招：餐饮古玩美容等,临街门面,东城-交道口交道口南大街,1550.0,232500.0,,5.0,39.941688,116.415065,True,True,True,1550㎡,23.25万/月,5元/m/天（费用可面议）,"('39.941688', '116.415065')"
bright,(出租)京师园商铺临街一层150平一年25万免餐饮，其他行业不限,社区底商,朝阳-奥林匹克公园林萃路,150.0,22500.0,5.0,5.0,,,False,True,True,150㎡,2.25万/月,5元/m/天, 
bright,(出租)朝阳富力又一城临街商铺出租可餐饮价格面议,临街门面,朝阳-豆各庄大鲁店北路,30.0,11000.0,,12.222222222222221,39.851268,116.5642,True,True,True,30㎡,1.1万/月,12.22元/m/天（价格可面议）,"('39.851268', '116.5642')"
bright,(出租)把角商铺出近地铁招：餐饮茶叶店电子烟生鲜等,临街门面,通州-北关永顺南街,84.0,18900.0,,7.5,39.927076,116.666956,True,True,True,84㎡,1.89万/月,7.5元/m/天（费用可面议）,"('39.927076', '116.666956')"
bright,(出租)朝阳四环临街商铺面积2000平可大型餐饮线上超市仓储,临街门面,孛旺花园-北门-北京市朝阳区,2000.0,,,,39.870872,116.539158,True,False,False,2000㎡,租金面议,,"('39.870872', '116.539158')"
bright,(出租)海淀区人民大学双榆树临街商铺365平米餐饮装修,临街门面,海淀-双榆树中关村大街,365.0,49300.0,4.5,4.5,39.974624,116.330498,True,True,True,365㎡,4.93万/月,4.5元/m/天,"('39.974624', '116.330498')"
bright,(出租)甲方直租丨褡裢坡丨商铺出租丨有露台丨招餐饮丨酒吧丨等全业态,临街门面,朝阳-定福庄朝阳北路,595.0,,,,39.929826,116.570245,True,False,False,595㎡,租金面议,,"('39.929826', '116.570245')"
bright,(出租)通州土桥地铁口临街商铺小区出口全业态直租50主招餐饮,临街门面,通州-土桥九棵树东路,50.0,9000.0,,6.0,39.877316,116.695582,True,True,True,50㎡,9000元/月,6元/m/天（价格可面议）,"('39.877316', '116.695582')"
bright,(出租)朝阳区一层临街商铺地铁站100米传媒大学两公里可餐饮,社区底商,朝阳-定福庄详细地址请咨询,111.79,13400.0,,3.9955869636520855,39.917299,116.567632,True,True,True,111.79㎡,1.34万/月,4元/m/天（价格可面议）,"('39.917299', '116.567632')"
bright,(出租)出租）餐饮门面肯德基旁大客流餐饮快餐烘焙水吧零售展厅,商业街店铺,朝阳-定福庄朝阳路,220.76,39700.0,,5.994443437820862,39.921846,116.562343,True,True,True,220.76㎡,3.97万/月,6元/m/天（价格可面议）,"('39.921846', '116.562343')"
bright,(出租)商铺出租西城友谊医院旁10米面宽可餐饮有装修,临街门面,西城-天桥西经路13号楼,145.0,43500.0,,10.0,39.889907,116.396265,True,True,True,145㎡,4.35万/月,10元/m/天（费用可面议）,"('39.889907', '116.396265')"
bright,(出租)传媒大学新出商铺大展示面有固定客流除餐饮其他都可做,社区底商,朝阳-定福庄定福庄北街,113.0,21000.0,6.2,6.2,39.922541,116.560349,True,True,True,113㎡,2.1万/月,6.2元/m/天,"('39.922541', '116.560349')"
bright,(转让)Z顺义南彩商业步行街餐饮店小吃店转让商铺转让,商业街店铺,北京市顺义区南彩镇俸伯卫生院-北京市顺义区,65.0,6250.0,,3.2051282051282053,40.141891,116.722185,True,True,True,65㎡,6250元/月,转让费：面议（费用可面议）,"('40.141891', '116.722185')"
bright,(出租)三里屯临街一层餐饮店铺有燃气可办照，户型方正使用率高,临街门面,朝阳-三里屯新东路,184.34,69100.0,,12.495027304618278,39.942999,116.457555,True,True,True,184.34㎡,6.91万/月,12.5元/m/天（费用可面议）,"('39.942999', '116.457555')"
bright,(出租)朝阳区团结湖一层商铺全业态医美餐饮牙科均可,商业街店铺,朝阳-团结湖朝阳北路,240.0,56200.0,7.8,7.8,39.929359,116.469547,True,True,True,240㎡,5.62万/月,7.8元/m/天,"('39.929359', '116.469547')"
bright,(转让)朝外SOHO154平餐饮店转让，固定客源+高流量，白领消费高,商业街店铺,朝外SOHO,154.0,18000.0,28.0,28.0,39.925733,116.461265,True,True,True,154㎡,1.8万/月,转让费：28万元,"('39.925733', '116.461265')"
bright,(出租)西城区阜内大街89号临街底商旺铺房东直租,临街门面,阜成门内大街-89,165.0,50000.0,10.1,10.1,39.930064,116.37678,True,True,True,165㎡,5万/月,10.1元/m/天,"('39.930064', '116.37678')"
bright,(转让)德胜门商业街面包连锁蛋糕店转让客流密集位置好,临街门面,TOUSlesJOURS多乐之日(新风里店),101.2,36000.0,35.0,35.0,39.967792,116.381939,True,True,True,101.2㎡,3.6万/月,转让费：35万元,"('39.967792', '116.381939')"
bright,(出租)回龙观龙腾苑二区临街商铺出租420平可租无其他费用,临街门面,龙腾苑-二区,210.0,22000.0,3.49,3.49,40.083172,116.343681,True,True,True,210㎡,2.2万/月,3.49元/m/天,"('40.083172', '116.343681')"
bright,(出租)邻三环900平米适合办公会所餐饮茶楼娱乐,临街门面,苏皖大厦,900.0,94500.0,3.5,3.5,39.852427,116.344356,True,True,True,900㎡,9.45万/月,3.5元/m/天,"('39.852427', '116.344356')"
bright,(出租)安慧北里逸园28号楼临街底商旺铺直租,临街门面,安慧北里逸园南区-28号楼,316.0,105000.0,11.08,11.08,40.005405,116.419745,True,True,True,316㎡,10.5万/月,11.08元/m/天,"('40.005405', '116.419745')"
bright,(出租)黄村恒大未来城两层140㎡出租，成熟社区全业态，近地铁,商业街店铺,恒大未来城,140.0,8999.0,2.14,2.14,39.720345,116.320946,True,True,True,140㎡,8999元/月,2.14元/m/天,"('39.720345', '116.320946')"
bright,(出租)朝阳王四营人民日报印刷厂内1100平米餐厅档口招租,档口摊位,人民日报印刷厂,25.0,5000.0,6.67,6.67,39.866413,116.551483,True,True,True,25㎡,5000元/月,6.67元/m/天,"('39.866413', '116.551483')"
bright,(转让)朝阳北京200平餐厅转让，出租早点,社区底商,铭泽生活广场,200.0,30000.0,15.0,15.0,39.869836,116.48346,True,True,True,200㎡,3万/月,转让费：15万元,"('39.869836', '116.48346')"
bright,(转让)地铁积水潭站附近临街底商旺铺转让,临街门面,小炊谣,110.0,45900.0,15.0,15.0,39.957642,116.378567,True,True,True,110㎡,4.59万/月,转让费：15万元,"('39.957642', '116.378567')"
bright,(出租)北京核心景区南锣鼓巷c位商铺招租,商业街店铺,南锣鼓巷,400.0,200000.0,16.67,16.67,39.943562,116.408878,True,True,True,400㎡,20万/月,16.67元/m/天,"('39.943562', '116.408878')"
bright,(出租)海淀上地科实大厦底商商铺房东直租,写字楼配套,科实大厦,600.0,144000.0,8.0,8.0,40.040731,116.318389,True,True,True,600㎡,14.4万/月,8元/m/天,"('40.040731', '116.318389')"
bright,(出租)朝外大街日坛晶华8号楼底商临街门面房东直租除重餐饮外行业不限,社区底商,日坛晶华-8号楼,173.45,39000.0,7.49,7.49,39.926518,116.450761,True,True,True,173.45㎡,3.9万/月,7.49元/m/天,"('39.926518', '116.450761')"
bright,(出租)海淀五道口农业大学100-300平直租无转让费可餐饮！,临街门面,清华东路15号,105.97,26000.0,8.18,8.18,40.007289,116.366487,True,True,True,105.97㎡,2.6万/月,8.18元/m/天,"('40.007289', '116.366487')"
bright,(出租)石景山古城路步行街核心铺招租！近商场社区，人流量大,商业街店铺,古城南路步行街,140.0,,,,39.916957,116.198351,True,False,False,140㎡,租金面议,（价格可面议）,"('39.916957', '116.198351')"
bright,(转让)石景山八角西街280平精装涮肉店转租，5年租期人流量大,临街门面,八角西街,280.0,58800.0,,7.0,39.920335,116.205284,True,True,True,280㎡,5.88万/月,转让费：面议（转让费可面议）,"('39.920335', '116.205284')"
bright,(出租)奥林匹克公园临街铺面70-300平出租，12元/㎡含物业费,商业街店铺,北京工艺美术博物馆(文创店),80.0,29000.0,12.08,12.08,40.00572,116.400322,True,True,True,80㎡,2.9万/月,12.08元/m/天,"('40.00572', '116.400322')"
bright,(出租)旭景园1万平招租全业态制可仓储，配套手续齐全，整租可分租,临街门面,旭景园·精致生活广场,10000.0,,,,39.945537,116.703494,True,False,False,10000㎡,租金面议,（价格可面议）,"('39.945537', '116.703494')"
bright,(转让)蓝堡公寓饭店整体转600平精装含KTV，近华贸高客流价格可谈,商业街店铺,蓝堡国际公寓-南区,600.0,60000.0,80.0,80.0,39.916652,116.48313,True,True,True,600㎡,6万/月,转让费：80万元,"('39.916652', '116.48313')"
bright,(出租)（0转让费）朝阳欢乐谷附近Ⅰ临街流量社区底商旺铺整体出租,社区底商,PETLADY宠娘宠物生活馆(格林莱雅店),80.0,19000.0,7.92,7.92,39.873411,116.513574,True,True,True,80㎡,1.9万/月,7.92元/m/天,"('39.873411', '116.513574')"
bright,(出租)双井桥地铁D口附近临街社区底商人流量大旺铺出租位置优越,临街门面,优士阁-B座,87.0,22000.0,8.43,8.43,39.898418,116.466159,True,True,True,87㎡,2.2万/月,8.43元/m/天,"('39.898418', '116.466159')"
bright,(转让)朝阳北花园1号院一层店转租，设备全临主路,临街门面,中国传媒大学,130.0,32500.0,18.0,18.0,39.917551,116.563634,True,True,True,130㎡,3.25万/月,转让费：18万元,"('39.917551', '116.563634')"
bright,(出租)亦庄同济南路10㎡临街档口酒店公寓旁，白领多做早餐小吃奶茶佳,临街门面,同济南路,10.0,,,,39.779083,116.546239,True,False,False,10㎡,租金面议,（价格可面议）,"('39.779083', '116.546239')"
bright,(出租)新街口积水潭小西天临街商铺房东直租、周边客流大(除餐饮外),临街门面,新街口外大街29号,40.0,30000.0,25.0,25.0,39.958119,116.377868,True,True,True,40㎡,3万/月,25元/m/天,"('39.958119', '116.377868')"
bright,(出租)房东直租可线上超市台球轰趴足疗简餐中央厨房仓储,社区底商,百子湾东里,420.0,,,,39.905263,116.511316,True,False,False,420㎡,租金面议,（价格可面议）,"('39.905263', '116.511316')"
bright,(出租)（中拓商业）三里屯核心位置超大展示面spa装修可餐饮不限业态,临街门面,北京市机电研究院-北京市朝阳区,300.0,,,,39.93656,116.463765,True,False,False,300㎡,租金面议,,"('39.93656', '116.463765')"
bright,(出租)褡裢铁口底商营业厅余留品牌餐饮展厅典当行银行服装店,临街门面,朝阳-定福庄朝阳北路,118.58,,,,39.929826,116.570245,True,False,False,118.58㎡,租金面议,,"('39.929826', '116.570245')"
bright,(出租)低！价！超配电力燃气可分租适合高端医疗健康管理餐饮会所不限,商业街店铺,朝阳-国贸东三环中路39号,406.0,,,,39.911335,116.465666,True,False,False,406㎡,租金面议,,"('39.911335', '116.465666')"
bright,(出租)新出高端底商正对小区门口超大门头适合非餐饮业态,商业街店铺,朝阳-CBD朝外大街乙6号,120.0,28000.0,,7.777777777777778,39.92584,116.461382,True,True,True,120㎡,2.8万/月,7.78元/m/天（价格可面议）,"('39.92584', '116.461382')"
bright,(出租)双井商业步行街50平4300月除餐饮外所有业态,临街门面,朝阳-百子湾百子湾路32号,50.0,4300.0,,2.8666666666666667,39.905581,116.47703,True,True,True,50㎡,4300元/月,2.87元/m/天（价格可面议）,"('39.905581', '116.47703')"
bright,(出租)北苑临街社区底商一层150平餐饮装修业态不限,社区底商,朝阳-北苑清河营南街7号,150.0,29300.0,,6.511111111111111,40.0526372,116.438985,True,True,True,150㎡,2.93万/月,6.5元/m/天（价格可面议）,"('40.0526372', '116.438985')"
bright,(出租)东四环临主街商场1200平米商务餐饮精装修接可直接营业,购物百货中心,朝阳-大望路八里庄东里5号,1200.0,,,,39.92207,116.502817,True,False,False,1200㎡,租金面议,,"('39.92207', '116.502817')"
bright,(出租)二环内地标建筑写字楼底商2层可餐饮可做展厅正对东二环281平,写字楼配套,东城-朝阳门朝阳门西路,281.0,,,,39.9267163,116.4396851,True,False,False,281㎡,租金面议,,"('39.9267163', '116.4396851')"
bright,(出租)双井临街一层100平4万月丨主马路人流不断丨适合餐饮,商业街店铺,朝阳-双井广渠路31号,100.0,40000.0,,13.333333333333334,39.899893,116.480875,True,True,True,100㎡,4万/月,13.33元/m/天（价格可面议）,"('39.899893', '116.480875')"
bright,(出租)无转让费常营餐饮推拿理疗线上超市可明火健身房台球厅舞蹈瑜伽,商业街店铺,详细地址请咨询,339.0,24200.0,,2.3795476892822025,,,False,True,True,339㎡,2.42万/月,2.38元/m/天（费用可面议）, 
bright,(出租)亦庄地铁口50米大型公寓出入口旁超大展示面可餐饮全业态,社区底商,通州-马驹桥详细地址请咨询,150.0,45000.0,,10.0,39.778213,116.544844,True,True,True,150㎡,4.5万/月,10元/m/天（价格可面议）,"('39.778213', '116.544844')"
bright,(出租)常营天街商圈商业一层小面积餐饮甜品通信美发,临街门面,朝阳-常营常营北路,99.12,26900.0,9.03,9.03,39.935541,116.599347,True,True,True,99.12㎡,2.69万/月,9.03元/m/天,"('39.935541', '116.599347')"
bright,(出租)五道口清华大学门口770平7元具备餐饮条件,临街门面,海淀-五道口成府路,770.0,161700.00000000003,7.0,7.0,39.998956,116.345192,True,True,True,770㎡,16.17万/月,7元/m/天,"('39.998956', '116.345192')"
bright,(出租)（中拓商业）朝阳公园金台路地铁附近商业房本不可餐饮其他不限,临街门面,公园5号-20写字楼-北京市朝阳区,600.0,54000.0,3.0,3.0,39.93223,116.483459,True,True,True,600㎡,5.4万/月,3元/m/天,"('39.93223', '116.483459')"
bright,(出租)一层底商国贸东大桥CBD商圈餐饮，水吧，酒吧等,商业街店铺,朝阳-东大桥朝外大街乙6号,60.0,7800.0,,4.333333333333333,39.92584,116.461382,True,True,True,60㎡,7800元/月,4.33元/m/天（费用可面议）,"('39.92584', '116.461382')"
bright,(转让)W转昌平沙河临街200平餐饮店带天然气,临街门面,昌平-沙河白各庄185号,200.0,10000.0,15.0,15.0,40.121872,116.365174,True,True,True,200㎡,1万/月,转让费：15万元,"('40.121872', '116.365174')"
bright,(出租)房山38平一层有燃气适合餐饮外卖轻食花店线上外卖！,社区底商,房山-长阳长兴大街,38.0,4100.0,3.6,3.6,39.776308,116.193627,True,True,True,38㎡,4100元/月,3.6元/m/天,"('39.776308', '116.193627')"
bright,(出租)朝阳新项目丨双地铁丨招餐饮宠物店中医养生干洗店等不限,社区底商,朝阳-东坝东坝大街,77.0,14600.0,,6.32034632034632,39.987762,116.603123,True,True,True,77㎡,1.46万/月,6.3元/m/天（价格可面议）,"('39.987762', '116.603123')"
bright,(出租)国贸商圈精装餐饮外卖店有燃气适合各类餐饮及外卖品类不限,商业街店铺,朝阳-东大桥东大桥路8号,155.0,14000.0,,3.010752688172043,39.9242471,116.4592123,True,True,True,155㎡,1.4万/月,3.01元/m/天（费用可面议）,"('39.9242471', '116.4592123')"
bright,(出租)呼家楼地铁口附近临街一层140平米直租，精装餐饮7米门头,商业街店铺,朝阳-呼家楼朝阳路,100.0,28500.0,,9.5,39.92563,116.473934,True,True,True,100㎡,2.85万/月,9.5元/m/天（价格可面议）,"('39.92563', '116.473934')"
bright,(出租)苏州街临街10平快餐饮汉堡米粉螺蛳粉砂锅干果烘焙等,临街门面,海淀-苏州街苏州街,106.0,,,,39.984055,116.312752,True,False,False,106㎡,租金面议,,"('39.984055', '116.312752')"
bright,(出租)纯一层底商。适合餐饮台球健身会所线上超市等一切业态,商业街店铺,丰台-西罗园西罗园路,1000.0,81000.0,,2.7,39.865315,116.398488,True,True,True,1000㎡,8.1万/月,2.7元/m/天（价格可面议）,"('39.865315', '116.398488')"
bright,(出租)朝阳路餐饮铺子127带燃气招面馆川湘菜东北菜业态不限,商业街店铺,朝阳-定福庄朝阳路,127.5,,,,39.921846,116.562343,True,False,False,127.5㎡,租金面议,,"('39.921846', '116.562343')"
bright,(出租)物业直租丨价格可谈精装修丨东坝丨金泽社区底商丨客流大丨非餐饮,社区底商,朝阳-东坝东坝南二街,141.09,12700.0,,3.000448886053819,39.965216,116.570275,True,True,True,141.09㎡,1.27万/月,3元/m/天（价格可面议）,"('39.965216', '116.570275')"
bright,(出租)望京临街一层全业态招餐饮美容美发,临街门面,朝阳-望京望京西路,230.0,,,,39.991319,116.463737,True,False,False,230㎡,租金面议,,"('39.991319', '116.463737')"
bright,(出租)开发商直租免租12个月顺义可餐饮价格便宜足疗养生按摩都适合,社区底商,顺义-后沙峪详细地址请咨询,73.0,,,,40.129219,116.618661,True,False,False,73㎡,租金面议,,"('40.129219', '116.618661')"
bright,(出租)常营万人社区！大型餐饮品牌超市！招培训家居展厅！KTV全业态,临街门面,朝阳-常营朝阳北路,1039.58,93600.0,,3.001212027934358,39.932406,116.597923,True,True,True,1039.58㎡,9.36万/月,3元/m/天（费用可面议）,"('39.932406', '116.597923')"
bright,(出租)海淀黄庄中关村苏州街临街商业500平带外摆餐饮医疗展厅,商业街店铺,海淀-苏州桥海淀南路甲2号,500.0,,,,39.981539,116.323463,True,False,False,500㎡,租金面议,,"('39.981539', '116.323463')"
bright,(出租)物业直租丨定福庄褡裢坡丨公寓酒店丨培训丨免费转让丨餐饮,临街门面,朝阳-定福庄朝阳北路,594.79,,,,39.930105,116.571879,True,False,False,594.79㎡,租金面议,,"('39.930105', '116.571879')"
bright,(出租)直租!国贸东大桥客流量大，可餐饮酒吧甜品可外摆,商业街店铺,朝阳-东大桥东大桥路8号,350.0,42000.0,,4.0,39.9242471,116.4592123,True,True,True,350㎡,4.2万/月,4元/m/天（费用可面议）,"('39.9242471', '116.4592123')"
bright,(出租)青年路地铁口丨临街餐饮商铺38平丨不限业态丨,社区底商,朝阳-定福庄朝阳北路,38.0,16000.0,,14.035087719298245,39.929639,116.574885,True,True,True,38㎡,1.6万/月,14.04元/m/天（价格可面议）,"('39.929639', '116.574885')"
bright,(出租)双井富力城天力街80平米临街餐饮商铺，业主直租,临街门面,朝阳-双井天力街,80.0,40000.0,,16.666666666666668,39.90304,116.463785,True,True,True,80㎡,4万/月,16.67元/m/天（价格可面议）,"('39.90304', '116.463785')"
bright,(出租)国贸建外80平米餐饮商铺，1层把角超大展示面。业态不限,写字楼配套,朝阳-国贸东三环中路39号,80.0,15000.0,6.25,6.25,39.911335,116.465666,True,True,True,80㎡,1.5万/月,6.25元/m/天,"('39.911335', '116.465666')"
bright,(出租)北苑商铺出租臻选！大把角可分租3面招：餐饮酒品展示,临街门面,通州-通州北苑通惠南路,210.0,44100.0,,7.0,39.914705,116.650041,True,True,True,210㎡,4.41万/月,7元/m/天（费用可面议）,"('39.914705', '116.650041')"
bright,(出租)海淀清河混合商圈临街一层商铺260平房东直租餐饮有装修,商业街店铺,永泰庄-地铁站-北京市海淀区,260.0,54600.0,7.0,7.0,40.043612,116.361199,True,True,True,260㎡,5.46万/月,7元/m/天,"('40.043612', '116.361199')"
bright,(出租)儿研所商铺出租朝外悠唐360平可外摆餐饮酒吧会所接待,商业街店铺,朝阳-朝外大街神路街39号,360.0,70200.0,,6.5,39.924806,116.450213,True,True,True,360㎡,7.02万/月,6.5元/m/天（价格可面议）,"('39.924806', '116.450213')"
bright,(出租)朝阳东城65平商铺除餐饮均可经营,商业街店铺,东城-崇文门广渠门内大街,65.0,21000.0,10.77,10.77,39.899506,116.438876,True,True,True,65㎡,2.1万/月,10.77元/m/天,"('39.899506', '116.438876')"
bright,(出租)东四大街东直门东四十条临街商铺业态不限可以餐饮,商业街店铺,东四北大街-道路-北京市东城区,170.0,40000.0,,7.8431372549019605,39.93409,116.423743,True,True,True,170㎡,4万/月,7.84元/m/天（价格可面议）,"('39.93409', '116.423743')"
bright,(出租)永定路50平商铺出租人流量大可餐饮欢迎咨询,商业街店铺,北京周边-廊坊永定路,50.0,,,,38.869065,116.467621,True,False,False,50㎡,租金面议,,"('38.869065', '116.467621')"
bright,(出租)北苑社区临街商铺一层245平餐饮装修带独立小院有天然气,社区底商,朝阳-北苑北苑路,240.0,50400.0,,7.0,40.046504,116.422972,True,True,True,240㎡,5.04万/月,7元/m/天（价格可面议）,"('40.046504', '116.422972')"
bright,(出租)昌平区龙域商圈，把角商铺，KTV，网吧，餐饮，教培，业态不限,写字楼配套,昌平-龙域龙域北街8号,520.0,51500.0,,3.301282051282051,40.072416,116.320711,True,True,True,520㎡,5.15万/月,3.3元/m/天（价格可面议）,"('40.072416', '116.320711')"
bright,(出租)亦庄核心区商铺小区出入口位置能餐饮巴黎贝甜旁临主街可停车,社区底商,大兴-亦庄亦庄荣华北路,100.0,24000.0,,8.0,39.810423,116.500192,True,True,True,100㎡,2.4万/月,8元/m/天（价格可面议）,"('39.810423', '116.500192')"
bright,(出租)798艺术区商铺，30平一层，位置好，可餐饮随时看房,商业街店铺,"朝阳-大山子酒仙桥路2号,4号",30.0,9000.0,,10.0,39.991356,116.502281,True,True,True,30㎡,9000元/月,10元/m/天（价格可面议）,"('39.991356', '116.502281')"
bright,(出租)D昌平鼓楼2000平商铺出租可餐饮会所台球养生,临街门面,鼓楼南街-道路-北京市昌平区,1000.0,230000.0,,7.666666666666667,40.225283,116.240274,True,True,True,1000㎡,23万/月,7.67元/m/天（费用可面议）,"('40.225283', '116.240274')"
bright,(出租)甘家口商铺出租五年不出一铺没有餐饮限制手慢无,商业街店铺,海淀-甘家口甘家口街道,80.0,10000.0,4.17,4.17,39.932415,116.33853,True,True,True,80㎡,1万/月,4.17元/m/天,"('39.932415', '116.33853')"
bright,(出租)新出商铺双井临街一层大展示面停车方便可餐饮西北菜火锅中餐店等,临街门面,朝阳-双井东三环南路甲52号,300.0,54000.0,,6.0,39.8928,116.468924,True,True,True,300㎡,5.4万/月,6元/m/天（价格可面议）,"('39.8928', '116.468924')"
bright,(出租)昌平回龙观商铺出租全业态纯一层宠物店养生餐饮店,临街门面,昌平-霍营龙跃街,220.0,23100.0,,3.5,40.084086,116.367974,True,True,True,220㎡,2.31万/月,3.5元/m/天（价格可面议）,"('40.084086', '116.367974')"
bright,(出租)前门大街商铺出租160平露台招：餐饮小酒馆剧本杀等,商业街店铺,西城-大栅栏杨梅竹斜街,200.0,30000.0,,5.0,39.901385,116.396679,True,True,True,200㎡,3万/月,5元/m/天（费用可面议）,"('39.901385', '116.396679')"
bright,(转让)朝外SOHO154平餐饮店转让，固定客源+高流量，白领消费高,商业街店铺,朝外SOHO,154.0,18000.0,28.0,28.0,39.925733,116.461265,True,True,True,154㎡,1.8万/月,转让费：28万元,"('39.925733', '116.461265')"
bright,(出租)西城区阜内大街89号临街底商旺铺房东直租,临街门面,阜成门内大街-89,165.0,50000.0,10.1,10.1,39.930064,116.37678,True,True,True,165㎡,5万/月,10.1元/m/天,"('39.930064', '116.37678')"
bright,(转让)德胜门商业街面包连锁蛋糕店转让客流密集位置好,临街门面,TOUSlesJOURS多乐之日(新风里店),101.2,36000.0,35.0,35.0,39.967792,116.381939,True,True,True,101.2㎡,3.6万/月,转让费：35万元,"('39.967792', '116.381939')"
bright,(出租)回龙观龙腾苑二区临街商铺出租420平可租无其他费用,临街门面,龙腾苑-二区,210.0,22000.0,3.49,3.49,40.083172,116.343681,True,True,True,210㎡,2.2万/月,3.49元/m/天,"('40.083172', '116.343681')"
bright,(出租)邻三环900平米适合办公会所餐饮茶楼娱乐,临街门面,苏皖大厦,900.0,94500.0,3.5,3.5,39.852427,116.344356,True,True,True,900㎡,9.45万/月,3.5元/m/天,"('39.852427', '116.344356')"
bright,(出租)安慧北里逸园28号楼临街底商旺铺直租,临街门面,安慧北里逸园南区-28号楼,316.0,105000.0,11.08,11.08,40.005405,116.419745,True,True,True,316㎡,10.5万/月,11.08元/m/天,"('40.005405', '116.419745')"
bright,(出租)黄村恒大未来城两层140㎡出租，成熟社区全业态，近地铁,商业街店铺,恒大未来城,140.0,8999.0,2.14,2.14,39.720345,116.320946,True,True,True,140㎡,8999元/月,2.14元/m/天,"('39.720345', '116.320946')"
bright,(出租)朝阳王四营人民日报印刷厂内1100平米餐厅档口招租,档口摊位,人民日报印刷厂,25.0,5000.0,6.67,6.67,39.866413,116.551483,True,True,True,25㎡,5000元/月,6.67元/m/天,"('39.866413', '116.551483')"
bright,(转让)朝阳北京200平餐厅转让，出租早点,社区底商,铭泽生活广场,200.0,30000.0,15.0,15.0,39.869836,116.48346,True,True,True,200㎡,3万/月,转让费：15万元,"('39.869836', '116.48346')"
bright,(转让)地铁积水潭站附近临街底商旺铺转让,临街门面,小炊谣,110.0,45900.0,15.0,15.0,39.957642,116.378567,True,True,True,110㎡,4.59万/月,转让费：15万元,"('39.957642', '116.378567')"
bright,(出租)北京核心景区南锣鼓巷c位商铺招租,商业街店铺,南锣鼓巷,400.0,200000.0,16.67,16.67,39.943562,116.408878,True,True,True,400㎡,20万/月,16.67元/m/天,"('39.943562', '116.408878')"
bright,(出租)海淀上地科实大厦底商商铺房东直租,写字楼配套,科实大厦,600.0,144000.0,8.0,8.0,40.040731,116.318389,True,True,True,600㎡,14.4万/月,8元/m/天,"('40.040731', '116.318389')"
bright,(出租)朝外大街日坛晶华8号楼底商临街门面房东直租除重餐饮外行业不限,社区底商,日坛晶华-8号楼,173.45,39000.0,7.49,7.49,39.926518,116.450761,True,True,True,173.45㎡,3.9万/月,7.49元/m/天,"('39.926518', '116.450761')"
bright,(出租)海淀五道口农业大学100-300平直租无转让费可餐饮！,临街门面,清华东路15号,105.97,26000.0,8.18,8.18,40.007289,116.366487,True,True,True,105.97㎡,2.6万/月,8.18元/m/天,"('40.007289', '116.366487')"
bright,(出租)石景山古城路步行街核心铺招租！近商场社区，人流量大,商业街店铺,古城南路步行街,140.0,,,,39.916957,116.198351,True,False,False,140㎡,租金面议,（价格可面议）,"('39.916957', '116.198351')"
bright,(转让)石景山八角西街280平精装涮肉店转租，5年租期人流量大,临街门面,八角西街,280.0,58800.0,,7.0,39.920335,116.205284,True,True,True,280㎡,5.88万/月,转让费：面议（转让费可面议）,"('39.920335', '116.205284')"
bright,(出租)奥林匹克公园临街铺面70-300平出租，12元/㎡含物业费,商业街店铺,北京工艺美术博物馆(文创店),80.0,29000.0,12.08,12.08,40.00572,116.400322,True,True,True,80㎡,2.9万/月,12.08元/m/天,"('40.00572', '116.400322')"
bright,(出租)旭景园1万平招租全业态制可仓储，配套手续齐全，整租可分租,临街门面,旭景园·精致生活广场,10000.0,,,,39.945537,116.703494,True,False,False,10000㎡,租金面议,（价格可面议）,"('39.945537', '116.703494')"
bright,(转让)蓝堡公寓饭店整体转600平精装含KTV，近华贸高客流价格可谈,商业街店铺,蓝堡国际公寓-南区,600.0,60000.0,80.0,80.0,39.916652,116.48313,True,True,True,600㎡,6万/月,转让费：80万元,"('39.916652', '116.48313')"
bright,(出租)（0转让费）朝阳欢乐谷附近Ⅰ临街流量社区底商旺铺整体出租,社区底商,PETLADY宠娘宠物生活馆(格林莱雅店),80.0,19000.0,7.92,7.92,39.873411,116.513574,True,True,True,80㎡,1.9万/月,7.92元/m/天,"('39.873411', '116.513574')"
bright,(出租)双井桥地铁D口附近临街社区底商人流量大旺铺出租位置优越,临街门面,优士阁-B座,87.0,22000.0,8.43,8.43,39.898418,116.466159,True,True,True,87㎡,2.2万/月,8.43元/m/天,"('39.898418', '116.466159')"
bright,(转让)朝阳北花园1号院一层店转租，设备全临主路,临街门面,中国传媒大学,130.0,32500.0,18.0,18.0,39.917551,116.563634,True,True,True,130㎡,3.25万/月,转让费：18万元,"('39.917551', '116.563634')"
bright,(出租)亦庄同济南路10㎡临街档口酒店公寓旁，白领多做早餐小吃奶茶佳,临街门面,同济南路,10.0,,,,39.779083,116.546239,True,False,False,10㎡,租金面议,（价格可面议）,"('39.779083', '116.546239')"
bright,(出租)新街口积水潭小西天临街商铺房东直租、周边客流大(除餐饮外),临街门面,新街口外大街29号,40.0,30000.0,25.0,25.0,39.958119,116.377868,True,True,True,40㎡,3万/月,25元/m/天,"('39.958119', '116.377868')"
bright,(出租)房东直租可线上超市台球轰趴足疗简餐中央厨房仓储,社区底商,百子湾东里,420.0,,,,39.905263,116.511316,True,False,False,420㎡,租金面议,（价格可面议）,"('39.905263', '116.511316')"
bright,(出租)急租丨临街一层丨餐饮装修有燃气适合火锅串串香快餐等,社区底商,朝阳-东坝东坝南二街,120.0,14400.0,,4.0,39.965964,116.574402,True,True,True,120㎡,1.44万/月,4元/m/天（价格可面议）,"('39.965964', '116.574402')"
bright,(出租)建国门1000平瑜伽健身足疗台球棋牌医疗口腔餐饮,临街门面,朝阳-国贸建国门外大街22号,1000.0,,,,39.9135344,116.4482031,True,False,False,1000㎡,租金面议,,"('39.9135344', '116.4482031')"
bright,(出租)一层临街餐饮区招租咖啡水吧服装鲜花摄影轻食等,临街门面,朝阳-国贸东三环中路39号,65.0,12000.0,,6.153846153846154,39.911335,116.465666,True,True,True,65㎡,1.2万/月,6.15元/m/天（价格可面议）,"('39.911335', '116.465666')"
bright,(转让)朝阳门地铁口一层260平饭店转，适合清蒸餐饮铁锅炖小龙虾肉饼,商业街店铺,万通中心-北京市朝阳区,260.0,31200.0,,4.0,39.925516,116.463148,True,True,True,260㎡,3.12万/月,无转让费,"('39.925516', '116.463148')"
bright,(出租)双井餐饮旺铺！有燃气可面馆羊汤麻辣烫炒菜饺子烤肉快餐不限！,临街门面,朝阳-双井广和里中街,100.0,,,,39.901516,116.456978,True,False,False,100㎡,租金面议,,"('39.901516', '116.456978')"
bright,(出租)写字楼餐饮底商招租，直租无转让费随时看房,社区底商,海淀-西三旗详细地址请咨询,70.0,18300.0,8.73,8.73,40.072562,116.353912,True,True,True,70㎡,1.83万/月,8.73元/m/天,"('40.072562', '116.353912')"
bright,(出租)房山75平正对写字楼带装修招拉面刀削面餐饮等,临街门面,房山-良乡苏庄大街,75.0,,,,39.730706,116.130183,True,False,False,75㎡,租金面议,,"('39.730706', '116.130183')"
bright,(出租)临街超大门头1700平带燃气可做宴会厅大型餐饮娱乐项目等,商业街店铺,详细地址请咨询,1700.0,127500.0,,2.5,39.737477,116.346327,True,True,True,1700㎡,12.75万/月,2.5元/m/天（价格可面议）,"('39.737477', '116.346327')"
bright,(出租)CBD旺铺直租！邻街客流量大，大展式面，可餐饮医馆美容院展览,商业街店铺,朝阳-东大桥朝外大街乙6号,480.0,75000.0,,5.208333333333333,39.92584,116.461382,True,True,True,480㎡,7.5万/月,5.21元/m/天（费用可面议）,"('39.92584', '116.461382')"
bright,(出租)朝阳路招商丨临学校丨餐饮丨美容丨酒吧等,临街门面,朝阳-定福庄朝阳路,220.76,,,,39.92205,116.562283,True,False,False,220.76㎡,租金面议,,"('39.92205', '116.562283')"
bright,(出租)把十字路口950平全业态台球办公餐饮茶馆等,临街门面,朝阳-望京广顺南大街,950.0,114000.0,4.0,4.0,39.995051,116.481799,True,True,True,950㎡,11.4万/月,4元/m/天,"('39.995051', '116.481799')"
bright,(出租)新街口爆火餐饮街！招：铁锅炖，川菜烤鱼家常菜，东北菜，火锅等,社区底商,西城-德胜门详细地址请咨询,286.0,68600.0,,7.995337995337995,39.968785,116.377444,True,True,True,286㎡,6.86万/月,8元/m/天（费用可面议）,"('39.968785', '116.377444')"
bright,(出租)朝阳地铁口展示面9米旺铺出租烟酒店餐饮展厅诊所专卖店,其他,朝阳-定福庄朝阳北路,118.58,,,,39.929826,116.570245,True,False,False,118.58㎡,租金面议,,"('39.929826', '116.570245')"
bright,(出租)直租北三环安贞医院临街一层350平品牌餐饮医疗展厅等等,临街门面,朝阳-安贞安贞路5号,723.0,86800.0,4.0,4.0,39.978838,116.407449,True,True,True,723㎡,8.68万/月,4元/m/天,"('39.978838', '116.407449')"
bright,(出租)开发商直租网红打卡文化艺术酒吧餐饮二十二院街艺术区百子湾双井,商业街店铺,朝阳-百子湾百子湾路32号,150.0,15000.0,,3.3333333333333335,39.905581,116.47703,True,True,True,150㎡,1.5万/月,3.33元/m/天（价格可面议）,"('39.905581', '116.47703')"
bright,(出租)来广营地铁口临街一层230平餐饮人流量大,临街门面,朝阳-来广营广顺北大街5号,230.0,62100.0,9.0,9.0,40.024199,116.473166,True,True,True,230㎡,6.21万/月,9元/m/天,"('40.024199', '116.473166')"
bright,(出租)大兴黄村临街60平8500元不可餐饮招按摩美发牛羊肉等,临街门面,时代龙和大道-北京市大兴区,60.0,8500.0,4.72,4.72,39.74075,116.348943,True,True,True,60㎡,8500元/月,4.72元/m/天,"('39.74075', '116.348943')"
bright,(出租)海淀香山十字路口四周居民社区附近无商业可餐饮,社区底商,详细地址请咨询,100.0,,,,39.966798,116.235645,True,False,False,100㎡,租金面议,,"('39.966798', '116.235645')"
bright,(出租)临街餐饮~业主直租丨外卖档口~鲜花烘焙打印奶茶,商业街店铺,朝阳-国贸东三环中路39号,50.0,7000.0,4.67,4.67,39.911335,116.465666,True,True,True,50㎡,7000元/月,4.67元/m/天,"('39.911335', '116.465666')"
bright,(出租)地铁口230平精装无转让费，有燃气招快餐特色餐饮等,商业街店铺,义和庄-地铁站-北京市大兴区,230.0,15000.0,2.17,2.17,39.718297,116.325538,True,True,True,230㎡,1.5万/月,2.17元/m/天,"('39.718297', '116.325538')"
bright,(出租)物业直租丨东坝金驹家园丨精装修丨社区临街底商丨客流大丨非餐饮,社区底商,朝阳-东坝石各庄路,175.36,,,,39.968468,116.570769,True,False,False,175.36㎡,租金面议,,"('39.968468', '116.570769')"
bright,(出租)物业丨直租丨双门头丨社区底商丨可餐饮丨地铁口丨,社区底商,朝阳-东坝郑村坝街,39.16,,,,39.979381,116.558167,True,False,False,39.16㎡,租金面议,,"('39.979381', '116.558167')"
bright,(出租)挨着沙县杨国福挨着塔斯汀人流就是多品牌餐饮联系我便宜,临街门面,房山-长阳长政南街1号,65.0,,,,39.7687528,116.2194396,True,False,False,65㎡,租金面议,,"('39.7687528', '116.2194396')"
bright,(出租)物业直租丨管庄丨杨闸环岛丨宏粥铺精装修丨客流大丨可餐饮,临街门面,朝阳-管庄朝阳路,339.34,,,,39.917738,116.603554,True,False,False,339.34㎡,租金面议,,"('39.917738', '116.603554')"
bright,(出租)强佑步行街一层商业招租可餐饮人流量密集,临街门面,海淀-西三旗清河中街,370.0,,,,40.036502,116.352024,True,False,False,370㎡,租金面议,,"('40.036502', '116.352024')"
bright,(出租)直租）管庄餐饮周边业态齐全办公楼住宅市集酒店学校,社区底商,朝阳-管庄朝阳路,374.0,,,,39.917738,116.603554,True,False,False,374㎡,租金面议,,"('39.917738', '116.603554')"
bright,(出租)直租丨招餐饮丨社区团购丨汽车洗护丨培训丨台球丨家政丨快递,社区底商,朝阳-管庄辛庄路,197.88,20800.0,,3.5038070210902235,39.905923,116.614959,True,True,True,197.88㎡,2.08万/月,3.5元/m/天（价格可面议）,"('39.905923', '116.614959')"
bright,(出租)新源里京客隆附近临街纯一层210平出租招餐饮足疗美容等,临街门面,朝阳-三里屯新源街,210.0,56700.0,,9.0,39.956725,116.456784,True,True,True,210㎡,5.67万/月,9元/m/天（价格可面议）,"('39.956725', '116.456784')"
bright,(出租)临街餐饮旺铺中餐湘菜徽菜特色菜带燃气对银泰大电量,商业街店铺,朝阳-国贸东三环中路,300.0,35000.0,3.89,3.89,39.911192,116.467993,True,True,True,300㎡,3.5万/月,3.89元/m/天,"('39.911192', '116.467993')"
bright,(出租)西三环公主坟航天桥花园桥可餐饮商铺商业房本业态不限一,社区底商,海淀-西八里庄阜成路,1200.0,,,,39.926209,116.306642,True,False,False,1200㎡,租金面议,,"('39.926209', '116.306642')"
bright,(出租)沿街餐饮商铺出租适合轻食串串饮品早餐各种小吃,临街门面,海淀-五道口详细地址请咨询,65.0,15000.0,,7.6923076923076925,39.995731,116.345972,True,True,True,65㎡,1.5万/月,7.69元/m/天（费用可面议）,"('39.995731', '116.345972')"
bright,(出租)石景山苹果园临街餐饮商铺适合快餐类面食类川湘菜烤鱼烧烤火锅,临街门面,石景山-石景山周边苹果园大街,170.0,30600.0,6.0,6.0,39.93647,116.190912,True,True,True,170㎡,3.06万/月,6元/m/天,"('39.93647', '116.190912')"
bright,(出租)朝阳高碑店十字路口商铺全业态可餐饮直租价格面议,临街门面,朝阳-高碑店北花园中路,150.0,32000.0,,7.111111111111111,39.910489,116.555255,True,True,True,150㎡,3.2万/月,7.11元/m/天（价格可面议）,"('39.910489', '116.555255')"
bright,(出租)自持项目十里堡朝阳大悦城朝青板块240平商铺直租适合餐饮,临街门面,北京市朝阳区四季星河南街,240.0,57600.0,,8.0,39.932065,116.524382,True,True,True,240㎡,5.76万/月,8元/m/天（价格可面议）,"('39.932065', '116.524382')"
bright,(出租)低价出租温阳路与北清路交汇处地铁口临街商铺，业态不限可餐饮。,商业街店铺,海淀-海淀周边北清路,930.0,,,,40.074892,116.167825,True,False,False,930㎡,租金面议,,"('40.074892', '116.167825')"
bright,(出租)甲方直租通州十字路口商铺户型方正适合做餐饮教培修脚按摩,社区底商,通州-次渠桑园一街,80.0,,,,39.795259,116.607872,True,False,False,80㎡,租金面议,,"('39.795259', '116.607872')"
bright,(出租)临街商铺直租适合全业态餐饮丨汤泉丨健身丨美容丨动漫商城,社区底商,朝阳-望京南湖北路,3600.0,,,,40.007558,116.469531,True,False,False,3600㎡,租金面议,,"('40.007558', '116.469531')"
bright,(出租)西南三环门脸招商.面积145平米招餐饮.挨着办公楼门口,社区底商,丰台-花乡纪家庙路,145.0,23900.0,,5.494252873563219,39.852372,116.33246,True,True,True,145㎡,2.39万/月,5.5元/m/天（费用可面议）,"('39.852372', '116.33246')"
bright,(出租)业主直租金街商铺开间好位置月租1万有燃气可餐饮快餐等,商业街店铺,通州-通州北苑新华西街58号,50.0,10000.0,6.67,6.67,39.9114789,116.6471654,True,True,True,50㎡,1万/月,6.67元/m/天,"('39.9114789', '116.6471654')"
bright,(出租)西三环社区门口全业态招商铺超市娱乐餐饮,临街门面,丰台-丽泽桥西局后街,80.0,19200.0,,8.0,39.880944,116.316327,True,True,True,80㎡,1.92万/月,8元/m/天（价格可面议）,"('39.880944', '116.316327')"
bright,(出租)劲松商铺出租招：餐饮美容理发营业厅养生等大门脸！,临街门面,朝阳-劲松劲松武圣东里34号,233.0,69900.0,,10.0,39.883299,116.476344,True,True,True,233㎡,6.99万/月,10元/m/天（费用可面议）,"('39.883299', '116.476344')"
bright,(出租)团结湖600平商铺直租适合各种大型餐饮,社区底商,朝阳-团结湖姚家园路,600.0,,,,39.93474478,116.4743077,True,False,False,600㎡,租金面议,,"('39.93474478', '116.4743077')"
bright,(出租)杨庄社区商铺180平米适合餐饮足疗美容艾灸推拿团购,临街门面,八角北路-道路-北京市海淀区,180.0,20500.0,,3.7962962962962963,39.922522,116.217811,True,True,True,180㎡,2.05万/月,3.8元/m/天（价格可面议）,"('39.922522', '116.217811')"
bright,(转让)D朝阳东坝衢州鸭头转让餐饮小吃转让临街商铺,商业街店铺,真帝鸭衢州鸭头(东坝店)-北京市朝阳区,30.0,8500.0,,9.444444444444445,39.972371,116.558442,True,True,True,30㎡,8500元/月,转让费：面议（费用可面议）,"('39.972371', '116.558442')"
bright,(出租)东直门十字坡街临街商铺多业态看房随时不能餐饮,商业街店铺,十字坡-西里-北京市东城区,150.0,45000.0,,10.0,39.945521,116.44477,True,True,True,150㎡,4.5万/月,10元/m/天（价格可面议）,"('39.945521', '116.44477')"
bright,(出租)朝阳来广营地铁通道商铺70平米使用面积业态不限可餐饮带燃气,写字楼配套,朝阳-来广营广顺北大街5号,72.0,,,,40.024199,116.473166,True,False,False,72㎡,租金面议,,"('40.024199', '116.473166')"
bright,(转让)Z昌平北七家餐饮店转让饭店转让烧烤店商铺出租转让,商业街店铺,北七家镇-北京市昌平区,360.0,41700.0,,3.861111111111111,40.123909,116.430772,True,True,True,360㎡,4.17万/月,转让费：面议（费用可面议）,"('40.123909', '116.430772')"
bright,(转让)朝外SOHO154平餐饮店转让，固定客源+高流量，白领消费高,商业街店铺,朝外SOHO,154.0,18000.0,28.0,28.0,39.925733,116.461265,True,True,True,154㎡,1.8万/月,转让费：28万元,"('39.925733', '116.461265')"
bright,(出租)西城区阜内大街89号临街底商旺铺房东直租,临街门面,阜成门内大街-89,165.0,50000.0,10.1,10.1,39.930064,116.37678,True,True,True,165㎡,5万/月,10.1元/m/天,"('39.930064', '116.37678')"
bright,(转让)德胜门商业街面包连锁蛋糕店转让客流密集位置好,临街门面,TOUSlesJOURS多乐之日(新风里店),101.2,36000.0,35.0,35.0,39.967792,116.381939,True,True,True,101.2㎡,3.6万/月,转让费：35万元,"('39.967792', '116.381939')"
bright,(出租)回龙观龙腾苑二区临街商铺出租420平可租无其他费用,临街门面,龙腾苑-二区,210.0,22000.0,3.49,3.49,40.083172,116.343681,True,True,True,210㎡,2.2万/月,3.49元/m/天,"('40.083172', '116.343681')"
bright,(出租)邻三环900平米适合办公会所餐饮茶楼娱乐,临街门面,苏皖大厦,900.0,94500.0,3.5,3.5,39.852427,116.344356,True,True,True,900㎡,9.45万/月,3.5元/m/天,"('39.852427', '116.344356')"
bright,(出租)安慧北里逸园28号楼临街底商旺铺直租,临街门面,安慧北里逸园南区-28号楼,316.0,105000.0,11.08,11.08,40.005405,116.419745,True,True,True,316㎡,10.5万/月,11.08元/m/天,"('40.005405', '116.419745')"
bright,(出租)黄村恒大未来城两层140㎡出租，成熟社区全业态，近地铁,商业街店铺,恒大未来城,140.0,8999.0,2.14,2.14,39.720345,116.320946,True,True,True,140㎡,8999元/月,2.14元/m/天,"('39.720345', '116.320946')"
bright,(出租)朝阳王四营人民日报印刷厂内1100平米餐厅档口招租,档口摊位,人民日报印刷厂,25.0,5000.0,6.67,6.67,39.866413,116.551483,True,True,True,25㎡,5000元/月,6.67元/m/天,"('39.866413', '116.551483')"
bright,(转让)朝阳北京200平餐厅转让，出租早点,社区底商,铭泽生活广场,200.0,30000.0,15.0,15.0,39.869836,116.48346,True,True,True,200㎡,3万/月,转让费：15万元,"('39.869836', '116.48346')"
bright,(转让)地铁积水潭站附近临街底商旺铺转让,临街门面,小炊谣,110.0,45900.0,15.0,15.0,39.957642,116.378567,True,True,True,110㎡,4.59万/月,转让费：15万元,"('39.957642', '116.378567')"
bright,(出租)北京核心景区南锣鼓巷c位商铺招租,商业街店铺,南锣鼓巷,400.0,200000.0,16.67,16.67,39.943562,116.408878,True,True,True,400㎡,20万/月,16.67元/m/天,"('39.943562', '116.408878')"
bright,(出租)海淀上地科实大厦底商商铺房东直租,写字楼配套,科实大厦,600.0,144000.0,8.0,8.0,40.040731,116.318389,True,True,True,600㎡,14.4万/月,8元/m/天,"('40.040731', '116.318389')"
bright,(出租)朝外大街日坛晶华8号楼底商临街门面房东直租除重餐饮外行业不限,社区底商,日坛晶华-8号楼,173.45,39000.0,7.49,7.49,39.926518,116.450761,True,True,True,173.45㎡,3.9万/月,7.49元/m/天,"('39.926518', '116.450761')"
bright,(出租)海淀五道口农业大学100-300平直租无转让费可餐饮！,临街门面,清华东路15号,105.97,26000.0,8.18,8.18,40.007289,116.366487,True,True,True,105.97㎡,2.6万/月,8.18元/m/天,"('40.007289', '116.366487')"
bright,(出租)石景山古城路步行街核心铺招租！近商场社区，人流量大,商业街店铺,古城南路步行街,140.0,,,,39.916957,116.198351,True,False,False,140㎡,租金面议,（价格可面议）,"('39.916957', '116.198351')"
bright,(转让)石景山八角西街280平精装涮肉店转租，5年租期人流量大,临街门面,八角西街,280.0,58800.0,,7.0,39.920335,116.205284,True,True,True,280㎡,5.88万/月,转让费：面议（转让费可面议）,"('39.920335', '116.205284')"
bright,(出租)奥林匹克公园临街铺面70-300平出租，12元/㎡含物业费,商业街店铺,北京工艺美术博物馆(文创店),80.0,29000.0,12.08,12.08,40.00572,116.400322,True,True,True,80㎡,2.9万/月,12.08元/m/天,"('40.00572', '116.400322')"
bright,(出租)旭景园1万平招租全业态制可仓储，配套手续齐全，整租可分租,临街门面,旭景园·精致生活广场,10000.0,,,,39.945537,116.703494,True,False,False,10000㎡,租金面议,（价格可面议）,"('39.945537', '116.703494')"
bright,(转让)蓝堡公寓饭店整体转600平精装含KTV，近华贸高客流价格可谈,商业街店铺,蓝堡国际公寓-南区,600.0,60000.0,80.0,80.0,39.916652,116.48313,True,True,True,600㎡,6万/月,转让费：80万元,"('39.916652', '116.48313')"
bright,(出租)（0转让费）朝阳欢乐谷附近Ⅰ临街流量社区底商旺铺整体出租,社区底商,PETLADY宠娘宠物生活馆(格林莱雅店),80.0,19000.0,7.92,7.92,39.873411,116.513574,True,True,True,80㎡,1.9万/月,7.92元/m/天,"('39.873411', '116.513574')"
bright,(出租)双井桥地铁D口附近临街社区底商人流量大旺铺出租位置优越,临街门面,优士阁-B座,87.0,22000.0,8.43,8.43,39.898418,116.466159,True,True,True,87㎡,2.2万/月,8.43元/m/天,"('39.898418', '116.466159')"
bright,(转让)朝阳北花园1号院一层店转租，设备全临主路,临街门面,中国传媒大学,130.0,32500.0,18.0,18.0,39.917551,116.563634,True,True,True,130㎡,3.25万/月,转让费：18万元,"('39.917551', '116.563634')"
bright,(出租)亦庄同济南路10㎡临街档口酒店公寓旁，白领多做早餐小吃奶茶佳,临街门面,同济南路,10.0,,,,39.779083,116.546239,True,False,False,10㎡,租金面议,（价格可面议）,"('39.779083', '116.546239')"
bright,(出租)新街口积水潭小西天临街商铺房东直租、周边客流大(除餐饮外),临街门面,新街口外大街29号,40.0,30000.0,25.0,25.0,39.958119,116.377868,True,True,True,40㎡,3万/月,25元/m/天,"('39.958119', '116.377868')"
bright,(出租)房东直租可线上超市台球轰趴足疗简餐中央厨房仓储,社区底商,百子湾东里,420.0,,,,39.905263,116.511316,True,False,False,420㎡,租金面议,（价格可面议）,"('39.905263', '116.511316')"
bright,(出租)物业直租丨价格可谈丨东坝丨金泽家园社区底商丨客流大丨非餐饮,社区底商,朝阳-东坝东坝南二街,124.75,11600.0,,3.0995323981295924,39.965216,116.570275,True,True,True,124.75㎡,1.16万/月,3.1元/m/天（价格可面议）,"('39.965216', '116.570275')"
bright,(出租)临街餐饮~业主直租丨外卖档口~鲜花烘焙打印奶茶,商业街店铺,朝阳-国贸东三环中路39号,50.0,7000.0,4.67,4.67,39.911335,116.465666,True,True,True,50㎡,7000元/月,4.67元/m/天,"('39.911335', '116.465666')"
bright,(出租)直租丨朝阳传媒大学260平露台可餐饮烧烤火锅川菜,临街门面,朝阳-高碑店北花园中路,224.72,,,,39.910257,116.558224,True,False,False,224.72㎡,租金面议,,"('39.910257', '116.558224')"
bright,(出租)挨着沙县杨国福挨着塔斯汀人流就是多品牌餐饮联系我便宜,临街门面,房山-长阳长政南街1号,65.0,,,,39.7687528,116.2194396,True,False,False,65㎡,租金面议,,"('39.7687528', '116.2194396')"
bright,(出租)直租丨招餐饮丨社区团购丨汽车洗护丨培训丨台球丨家政丨快递,社区底商,朝阳-管庄辛庄路,197.88,20800.0,,3.5038070210902235,39.905923,116.614959,True,True,True,197.88㎡,2.08万/月,3.5元/m/天（价格可面议）,"('39.905923', '116.614959')"
bright,(出租)海淀六道口380平有燃气适合烤肉火锅中餐品牌餐饮等,临街门面,海淀-北航学院路31号,400.0,,,,39.994714,116.359116,True,False,False,400㎡,租金面议,,"('39.994714', '116.359116')"
bright,(出租)三里屯临街230平米餐饮装修适合酒吧剧场餐饮核心位置,商业街店铺,朝阳-三里屯工人体育场北路,230.0,,,,39.937492,116.460034,True,False,False,230㎡,租金面议,,"('39.937492', '116.460034')"
bright,(出租)石景山古城300平米开间适合各类生鲜超市餐饮汽修汽美类,临街门面,石景山-古城古城北路,300.0,,,,39.923838,116.196937,True,False,False,300㎡,租金面议,,"('39.923838', '116.196937')"
bright,(出租)物业直租丨管庄杨闸环岛丨可做餐饮丨商业街,商业街店铺,朝阳-管庄朝阳北路,376.54,,,,39.930296,116.529576,True,False,False,376.54㎡,租金面议,,"('39.930296', '116.529576')"
bright,(出租)全业态可餐饮挑高5.2米纯一层门前可外摆百子湾包物业取暖双井,商业街店铺,朝阳-百子湾广渠东路33号,200.0,18800.0,3.13,3.13,39.903576,116.511555,True,True,True,200㎡,1.88万/月,3.13元/m/天,"('39.903576', '116.511555')"
bright,(出租)物业招商丨小区口丨近地铁丨餐饮外卖丨按摩推拿丨宠物美容丨零食,社区底商,朝阳-定福庄朝阳北路,94.15,,,,39.930105,116.571879,True,False,False,94.15㎡,租金面议,,"('39.930105', '116.571879')"
bright,(出租)将台丽都临街一层复式底商可餐饮不可医疗带外摆,临街门面,朝阳-将台路详细地址请咨询,400.0,,,,39.982864,116.485051,True,False,False,400㎡,租金面议,,"('39.982864', '116.485051')"
bright,(出租)直租望京花家地临街商业独栋700平可分租餐饮医疗展厅等等,临街门面,朝阳-望京望京南湖南路11号1号,700.0,126000.0,,6.0,39.998768,116.468798,True,True,True,700㎡,12.6万/月,6元/m/天（价格可面议）,"('39.998768', '116.468798')"
bright,(出租)A海淀永定路临街80平，可做按摩理疗养生馆，也可餐饮熟食酱货,临街门面,永定路-道路-北京市海淀区,80.0,25000.0,10.42,10.42,39.910833,116.27109,True,True,True,80㎡,2.5万/月,10.42元/m/天,"('39.910833', '116.27109')"
bright,(出租)CBD国贸一层适合医美培训展示餐饮多业态招商,商业街店铺,朝阳-东大桥朝外大街乙6号,330.0,73000.0,,7.373737373737374,39.92584,116.461382,True,True,True,330㎡,7.3万/月,7.37元/m/天（价格可面议）,"('39.92584', '116.461382')"
bright,(出租)新街口！积水潭地铁！麻辣烫小笼包糕点面馆餐饮等不限,临街门面,西城-积水潭详细地址请咨询,63.0,18000.0,9.52,9.52,39.946271,116.378817,True,True,True,63㎡,1.8万/月,9.52元/m/天,"('39.946271', '116.378817')"
bright,(出租)海淀区华熙LIVE商业街新出60平好位置适合各种网红餐饮水吧,商业街店铺,海淀-万寿路复兴路69号,60.0,,,,39.916779,116.283807,True,False,False,60㎡,租金面议,,"('39.916779', '116.283807')"
bright,(出租)北安河地铁站主街商圈可餐饮有燃气可炭烤框架格局,社区底商,海淀-海淀周边通元路,420.0,,,,40.07587,116.137409,True,False,False,420㎡,租金面议,,"('40.07587', '116.137409')"
bright,(出租)临街餐饮底商可明火30平13000月随时可看,临街门面,朝阳-百子湾广渠东路33号,30.0,13000.0,,14.444444444444445,39.903576,116.511555,True,True,True,30㎡,1.3万/月,14.44元/m/天（价格可面议）,"('39.903576', '116.511555')"
bright,(出租)餐饮店铺可直接经营楼上酒店对面园区停车方便人流量大,临街门面,通州-次渠科创东三街辅路,185.0,25000.0,,4.504504504504505,39.82304,116.549009,True,True,True,185㎡,2.5万/月,4.5元/m/天（价格可面议）,"('39.82304', '116.549009')"
bright,(出租)饭店转让地铁口600平招餐饮台球健身网吧,社区底商,朝阳-定福庄朝阳北路,600.0,,,,39.930669,116.574219,True,False,False,600㎡,租金面议,,"('39.930669', '116.574219')"
bright,(出租)国贸上班族必经之路地铁口位置可餐饮对面就是单元楼入口,商业街店铺,朝阳-四惠力源里北街2号,80.0,23000.0,,9.583333333333334,39.916244,116.503664,True,True,True,80㎡,2.3万/月,9.58元/m/天（价格可面议）,"('39.916244', '116.503664')"
bright,(出租)石景山区玉泉路640平适合仓储，培训，各类型餐饮，快递等等,写字楼配套,石景山-老山玉泉路63号,640.0,,,,39.939259,116.158326,True,False,False,640㎡,租金面议,,"('39.939259', '116.158326')"
bright,(出租)直租朝阳公园石佛营地铁口临街一层160平餐饮医疗展厅等等,临街门面,朝阳-石佛营石佛营西里3号,160.0,32599.999999999996,,6.791666666666666,39.939744,116.507781,True,True,True,160㎡,3.26万/月,6.8元/m/天（价格可面议）,"('39.939744', '116.507781')"
bright,(出租)物业直租丨餐饮一条街丨招沙县小吃杭州小笼包黄焖鸡特色餐饮,临街门面,朝阳-东坝东坝南二街,120.0,14400.0,,4.0,39.965964,116.574402,True,True,True,120㎡,1.44万/月,4元/m/天（价格可面议）,"('39.965964', '116.574402')"
bright,(出租)呼家楼地铁口10展示面130平餐饮咖啡展厅不限业,临街门面,朝阳-国贸东三环北路,230.0,54500.0,7.9,7.9,39.926562,116.468365,True,True,True,230㎡,5.45万/月,7.9元/m/天,"('39.926562', '116.468365')"
bright,(出租)朝阳周边望京SOHO餐饮底商招商,写字楼配套,朝阳-望京望京街10号,123.0,16000.0,4.34,4.34,40.002437,116.487916,True,True,True,123㎡,1.6万/月,4.34元/m/天,"('40.002437', '116.487916')"
bright,(出租)清华大学门口！招：猪脚饭，现炒快餐，米线，螺蛳粉，特色餐饮,商业街店铺,详细地址请咨询,163.0,83300.0,,17.03476482617587,40.009645,116.333374,True,True,True,163㎡,8.33万/月,17.04元/m/天（价格可面议）,"('40.009645', '116.333374')"
bright,(出租)朝阳路传媒大学500台球厅招台球培训办公餐饮类品牌,商业街店铺,朝阳-定福庄定福庄北街,500.0,,,,39.922541,116.560349,True,False,False,500㎡,租金面议,,"('39.922541', '116.560349')"
bright,(出租)方庄大型公寓出入口自带装修年轻办公人群居多可餐饮,社区底商,丰台-成寿寺详细地址请咨询,94.5,28400.0,,10.017636684303351,39.856854,116.445466,True,True,True,94.5㎡,2.84万/月,10元/m/天（价格可面议）,"('39.856854', '116.445466')"
bright,(出租)物业商铺出租，商业楼一层352平2.21元，可餐饮，不限业态,社区底商,朝阳-东坝长店大街,351.9,23300.0,2.21,2.21,40.015807,116.557213,True,True,True,351.9㎡,2.33万/月,2.21元/m/天,"('40.015807', '116.557213')"
bright,(出租)朝阳区东四环百子湾万人办公楼餐饮商铺房东直租,临街门面,朝阳-大望路详细地址请咨询,70.0,12000.0,,5.714285714285714,39.9061415,116.4985967,True,True,True,70㎡,1.2万/月,5.71元/m/天（价格可面议）,"('39.9061415', '116.4985967')"
bright,(出租)西四临街商铺出租全天人流适合砂锅米线麻辣烫等特色餐饮,商业街店铺,西城-西四西四北大街156号,110.0,25000.0,7.58,7.58,39.933374,116.380001,True,True,True,110㎡,2.5万/月,7.58元/m/天,"('39.933374', '116.380001')"
bright,(出租)西三环社区门口全业态招商铺超市娱乐餐饮,临街门面,丰台-丽泽桥西局后街,80.0,19200.0,,8.0,39.880944,116.316327,True,True,True,80㎡,1.92万/月,8元/m/天（价格可面议）,"('39.880944', '116.316327')"
bright,(出租)劲松商铺出租招：餐饮美容理发营业厅养生等大门脸！,临街门面,朝阳-劲松劲松武圣东里34号,233.0,69900.0,,10.0,39.883299,116.476344,True,True,True,233㎡,6.99万/月,10元/m/天（费用可面议）,"('39.883299', '116.476344')"
bright,(出租)海淀航天大学学院桥附近临街商铺招租餐饮非餐饮,商业街店铺,海淀-知春路详细地址请咨询,90.0,,,,39.980807,116.343183,True,False,False,90㎡,租金面议,,"('39.980807', '116.343183')"
bright,(出租)团结湖600平商铺直租适合各种大型餐饮,社区底商,朝阳-团结湖姚家园路,600.0,,,,39.93474478,116.4743077,True,False,False,600㎡,租金面议,,"('39.93474478', '116.4743077')"
bright,(出租)杨庄社区商铺180平米适合餐饮足疗美容艾灸推拿团购,临街门面,八角北路-道路-北京市海淀区,180.0,20500.0,,3.7962962962962963,39.922522,116.217811,True,True,True,180㎡,2.05万/月,3.8元/m/天（价格可面议）,"('39.922522', '116.217811')"
bright,(转让)D朝阳东坝衢州鸭头转让餐饮小吃转让临街商铺,商业街店铺,真帝鸭衢州鸭头(东坝店)-北京市朝阳区,30.0,8500.0,,9.444444444444445,39.972371,116.558442,True,True,True,30㎡,8500元/月,转让费：面议（费用可面议）,"('39.972371', '116.558442')"
bright,(出租)东直门十字坡街临街商铺多业态看房随时不能餐饮,商业街店铺,十字坡-西里-北京市东城区,150.0,45000.0,,10.0,39.945521,116.44477,True,True,True,150㎡,4.5万/月,10元/m/天（价格可面议）,"('39.945521', '116.44477')"
bright,(出租)朝阳富力又一城临街商铺出租可餐饮价格面议,临街门面,朝阳-豆各庄大鲁店北路,30.0,11000.0,,12.222222222222221,39.851268,116.5642,True,True,True,30㎡,1.1万/月,12.22元/m/天（价格可面议）,"('39.851268', '116.5642')"
bright,(转让)Z昌平北七家餐饮店转让饭店转让烧烤店商铺出租转让,商业街店铺,北七家镇-北京市昌平区,360.0,41700.0,,3.861111111111111,40.123909,116.430772,True,True,True,360㎡,4.17万/月,转让费：面议（费用可面议）,"('40.123909', '116.430772')"
bright,(出租)平安里地铁口100m临街商铺11m展示面可餐饮,商业街店铺,西城-西四西四北大街156号,150.0,45000.0,,10.0,39.933374,116.380001,True,True,True,150㎡,4.5万/月,10元/m/天（价格可面议）,"('39.933374', '116.380001')"
bright,(出租)临街底商旺铺小门面有燃气排烟上下水可注册外卖餐饮不限,临街门面,朝阳-国贸东三环中路39号,30.0,7000.0,,7.777777777777778,39.911335,116.465666,True,True,True,30㎡,7000元/月,7.78元/m/天（价格可面议）,"('39.911335', '116.465666')"
bright,(出租)工体商铺1300平米酒店餐饮电竞医美口腔,商业街店铺,东城-王府井工人体育场北路,1300.0,,,,39.939113,116.457438,True,False,False,1300㎡,租金面议,,"('39.939113', '116.457438')"
bright,(出租)业主直租长阳中央城二层70平米商铺出租全业态餐饮装修,商业街店铺,"房山-长阳京良路,近长政北街",69.55,8346.0,4.0,4.0,39.771237,116.217801,True,True,True,69.55㎡,8346元/月,4元/m/天,"('39.771237', '116.217801')"
bright,(出租)丽泽SOHO龙湖天街246平米商铺适合服装餐饮水吧健身等,临街门面,丰台-丽泽桥丽泽路,246.0,44300.0,6.0,6.0,39.872835,116.337348,True,True,True,246㎡,4.43万/月,6元/m/天,"('39.872835', '116.337348')"
bright,(出租)新上地铁口沿街店铺！全天客流大型社区配套，适合羊汤面馆等餐饮,商业街店铺,朝阳-双桥详细地址请咨询,80.0,,,,39.9142766,116.5824877,True,False,False,80㎡,租金面议,,"('39.9142766', '116.5824877')"
bright,(转让)朝外SOHO154平餐饮店转让，固定客源+高流量，白领消费高,商业街店铺,朝外SOHO,154.0,18000.0,28.0,28.0,39.925733,116.461265,True,True,True,154㎡,1.8万/月,转让费：28万元,"('39.925733', '116.461265')"
bright,(出租)西城区阜内大街89号临街底商旺铺房东直租,临街门面,阜成门内大街-89,165.0,50000.0,10.1,10.1,39.930064,116.37678,True,True,True,165㎡,5万/月,10.1元/m/天,"('39.930064', '116.37678')"
bright,(转让)德胜门商业街面包连锁蛋糕店转让客流密集位置好,临街门面,TOUSlesJOURS多乐之日(新风里店),101.2,36000.0,35.0,35.0,39.967792,116.381939,True,True,True,101.2㎡,3.6万/月,转让费：35万元,"('39.967792', '116.381939')"
bright,(出租)回龙观龙腾苑二区临街商铺出租420平可租无其他费用,临街门面,龙腾苑-二区,210.0,22000.0,3.49,3.49,40.083172,116.343681,True,True,True,210㎡,2.2万/月,3.49元/m/天,"('40.083172', '116.343681')"
bright,(出租)邻三环900平米适合办公会所餐饮茶楼娱乐,临街门面,苏皖大厦,900.0,94500.0,3.5,3.5,39.852427,116.344356,True,True,True,900㎡,9.45万/月,3.5元/m/天,"('39.852427', '116.344356')"
bright,(出租)安慧北里逸园28号楼临街底商旺铺直租,临街门面,安慧北里逸园南区-28号楼,316.0,105000.0,11.08,11.08,40.005405,116.419745,True,True,True,316㎡,10.5万/月,11.08元/m/天,"('40.005405', '116.419745')"
bright,(出租)黄村恒大未来城两层140㎡出租，成熟社区全业态，近地铁,商业街店铺,恒大未来城,140.0,8999.0,2.14,2.14,39.720345,116.320946,True,True,True,140㎡,8999元/月,2.14元/m/天,"('39.720345', '116.320946')"
bright,(出租)朝阳王四营人民日报印刷厂内1100平米餐厅档口招租,档口摊位,人民日报印刷厂,25.0,5000.0,6.67,6.67,39.866413,116.551483,True,True,True,25㎡,5000元/月,6.67元/m/天,"('39.866413', '116.551483')"
bright,(转让)朝阳北京200平餐厅转让，出租早点,社区底商,铭泽生活广场,200.0,30000.0,15.0,15.0,39.869836,116.48346,True,True,True,200㎡,3万/月,转让费：15万元,"('39.869836', '116.48346')"
bright,(转让)地铁积水潭站附近临街底商旺铺转让,临街门面,小炊谣,110.0,45900.0,15.0,15.0,39.957642,116.378567,True,True,True,110㎡,4.59万/月,转让费：15万元,"('39.957642', '116.378567')"
bright,(出租)北京核心景区南锣鼓巷c位商铺招租,商业街店铺,南锣鼓巷,400.0,200000.0,16.67,16.67,39.943562,116.408878,True,True,True,400㎡,20万/月,16.67元/m/天,"('39.943562', '116.408878')"
bright,(出租)海淀上地科实大厦底商商铺房东直租,写字楼配套,科实大厦,600.0,144000.0,8.0,8.0,40.040731,116.318389,True,True,True,600㎡,14.4万/月,8元/m/天,"('40.040731', '116.318389')"
bright,(出租)朝外大街日坛晶华8号楼底商临街门面房东直租除重餐饮外行业不限,社区底商,日坛晶华-8号楼,173.45,39000.0,7.49,7.49,39.926518,116.450761,True,True,True,173.45㎡,3.9万/月,7.49元/m/天,"('39.926518', '116.450761')"
bright,(出租)海淀五道口农业大学100-300平直租无转让费可餐饮！,临街门面,清华东路15号,105.97,26000.0,8.18,8.18,40.007289,116.366487,True,True,True,105.97㎡,2.6万/月,8.18元/m/天,"('40.007289', '116.366487')"
bright,(出租)石景山古城路步行街核心铺招租！近商场社区，人流量大,商业街店铺,古城南路步行街,140.0,,,,39.916957,116.198351,True,False,False,140㎡,租金面议,（价格可面议）,"('39.916957', '116.198351')"
bright,(转让)石景山八角西街280平精装涮肉店转租，5年租期人流量大,临街门面,八角西街,280.0,58800.0,,7.0,39.920335,116.205284,True,True,True,280㎡,5.88万/月,转让费：面议（转让费可面议）,"('39.920335', '116.205284')"
bright,(出租)奥林匹克公园临街铺面70-300平出租，12元/㎡含物业费,商业街店铺,北京工艺美术博物馆(文创店),80.0,29000.0,12.08,12.08,40.00572,116.400322,True,True,True,80㎡,2.9万/月,12.08元/m/天,"('40.00572', '116.400322')"
bright,(出租)旭景园1万平招租全业态制可仓储，配套手续齐全，整租可分租,临街门面,旭景园·精致生活广场,10000.0,,,,39.945537,116.703494,True,False,False,10000㎡,租金面议,（价格可面议）,"('39.945537', '116.703494')"
bright,(转让)蓝堡公寓饭店整体转600平精装含KTV，近华贸高客流价格可谈,商业街店铺,蓝堡国际公寓-南区,600.0,60000.0,80.0,80.0,39.916652,116.48313,True,True,True,600㎡,6万/月,转让费：80万元,"('39.916652', '116.48313')"
bright,(出租)（0转让费）朝阳欢乐谷附近Ⅰ临街流量社区底商旺铺整体出租,社区底商,PETLADY宠娘宠物生活馆(格林莱雅店),80.0,19000.0,7.92,7.92,39.873411,116.513574,True,True,True,80㎡,1.9万/月,7.92元/m/天,"('39.873411', '116.513574')"
bright,(出租)双井桥地铁D口附近临街社区底商人流量大旺铺出租位置优越,临街门面,优士阁-B座,87.0,22000.0,8.43,8.43,39.898418,116.466159,True,True,True,87㎡,2.2万/月,8.43元/m/天,"('39.898418', '116.466159')"
bright,(转让)朝阳北花园1号院一层店转租，设备全临主路,临街门面,中国传媒大学,130.0,32500.0,18.0,18.0,39.917551,116.563634,True,True,True,130㎡,3.25万/月,转让费：18万元,"('39.917551', '116.563634')"
bright,(出租)亦庄同济南路10㎡临街档口酒店公寓旁，白领多做早餐小吃奶茶佳,临街门面,同济南路,10.0,,,,39.779083,116.546239,True,False,False,10㎡,租金面议,（价格可面议）,"('39.779083', '116.546239')"
bright,(出租)新街口积水潭小西天临街商铺房东直租、周边客流大(除餐饮外),临街门面,新街口外大街29号,40.0,30000.0,25.0,25.0,39.958119,116.377868,True,True,True,40㎡,3万/月,25元/m/天,"('39.958119', '116.377868')"
bright,(出租)房东直租可线上超市台球轰趴足疗简餐中央厨房仓储,社区底商,百子湾东里,420.0,,,,39.905263,116.511316,True,False,False,420㎡,租金面议,（价格可面议）,"('39.905263', '116.511316')"
bright,(出租)方庄大型公寓出入口自带装修年轻办公人群居多可餐饮,社区底商,丰台-成寿寺详细地址请咨询,94.5,28400.0,,10.017636684303351,39.856854,116.445466,True,True,True,94.5㎡,2.84万/月,10元/m/天（价格可面议）,"('39.856854', '116.445466')"
bright,(出租)直租丨朝阳常营可餐饮熟食寿司蜂产品旅行社鸭货,社区底商,朝阳-常营常营中路3号,20.0,6300.0,,10.5,39.936919,116.612233,True,True,True,20㎡,6300元/月,10.5元/m/天（价格可面议）,"('39.936919', '116.612233')"
bright,(出租)高端社区紧邻多所学校招艺术培训餐饮小饭桌刀削面药店等,临街门面,大兴-瀛海镇四合路,120.0,,,,39.758035,116.495612,True,False,False,120㎡,租金面议,,"('39.758035', '116.495612')"
bright,(出租)东三环大厦临街一层150平适合餐饮茅台酒汉堡咖啡酒吧,商业街店铺,朝阳-工体详细地址请咨询,150.0,40000.0,,8.88888888888889,39.93511,116.467403,True,True,True,150㎡,4万/月,8.89元/m/天（价格可面议）,"('39.93511', '116.467403')"
bright,(出租)通州土桥地铁旁临街底商项目直招各类餐饮,商业街店铺,通州-土桥九棵树东路,100.0,19500.0,6.5,6.5,39.877316,116.695582,True,True,True,100㎡,1.95万/月,6.5元/m/天,"('39.877316', '116.695582')"
bright,(出租)朝阳区，传媒大学对面，养生，团购店，美发，宠物店，餐饮线上,社区底商,朝阳-定福庄定福庄北街,48.0,,,,39.922541,116.560349,True,False,False,48㎡,租金面议,,"('39.922541', '116.560349')"
bright,(出租)东三环双井，租金5元！270平低于周边市场价有餐饮,临街门面,朝阳-双井双井富力城天力街,250.0,37500.0,,5.0,39.902937,116.463804,True,True,True,250㎡,3.75万/月,5元/m/天（价格可面议）,"('39.902937', '116.463804')"
bright,(出租)朝阳5千户临街铺人流大招餐饮文具小笼包艾灸美容美甲推拿,商业街店铺,朝阳-常营详细地址请咨询,60.0,,,,39.933576,116.61018,True,False,False,60㎡,租金面议,,"('39.933576', '116.61018')"
bright,(出租)国贸三环边上精装医美店直租医美医院宠物诊所品牌餐饮等,商业街店铺,朝阳-国贸东三环中路39号,420.0,80000.0,,6.349206349206349,39.911335,116.465666,True,True,True,420㎡,8万/月,6.35元/m/天（价格可面议）,"('39.911335', '116.465666')"
bright,(出租)旧宫240平26万年丨餐饮街核心位丨居民写字楼混合丨小区门口,商业街店铺,大兴-旧宫旧宫西路5号,240.0,21700.0,,3.013888888888889,39.812984,116.447664,True,True,True,240㎡,2.17万/月,3.01元/m/天（价格可面议）,"('39.812984', '116.447664')"
bright,(出租)朝阳公园石佛营朝阳站姚家园招餐饮纪念品水吧饮品面馆特产店,社区底商,朝阳-石佛营姚家园路,92.0,,,,39.940429,116.510761,True,False,False,92㎡,租金面议,,"('39.940429', '116.510761')"
bright,(出租)（中拓商业）亚运村临街二层独立门头出入口大展示面适合餐饮医疗,临街门面,泰康拜博口腔(观巢店)-北京市朝阳区,800.0,,,,40.005669,116.413801,True,False,False,800㎡,租金面议,,"('40.005669', '116.413801')"
bright,(出租)新上立水桥1万平整租分租都可台球健身足疗瑜伽会所餐饮等,商业街店铺,朝阳-来广营立清路1号,3000.0,180000.0,,2.0,40.052171,116.41454,True,True,True,3000㎡,18万/月,2元/m/天（价格可面议）,"('40.052171', '116.41454')"
bright,(出租)直租出租丨东坝宴河湾洗衣店餐饮美容美甲茶叶店宠物店,临街门面,北京市朝阳区东坝(地区)乡东坝大街78号,77.55,14700.0,,6.3185041908446165,39.981311,116.559779,True,True,True,77.55㎡,1.47万/月,6.3元/m/天（价格可面议）,"('39.981311', '116.559779')"
bright,(出租)物业直租丨东坝社区底商丨精装修丨客流大丨价格可谈丨非餐饮业态,社区底商,朝阳-东坝石各庄路,153.24,,,,39.968468,116.570769,True,False,False,153.24㎡,租金面议,,"('39.968468', '116.570769')"
bright,(出租)二环地铁商业街底商商业立项手续齐全餐饮美食城1700m,商业街店铺,东城-朝阳门南竹杆胡同2号,1731.0,,,,39.92759,116.43926,True,False,False,1731㎡,租金面议,,"('39.92759', '116.43926')"
bright,(出租)牡丹园一层550平商业产权可以医疗餐饮可分租,临街门面,海淀-牡丹园花园北路,550.0,135300.0,,8.2,39.987766,116.374009,True,True,True,550㎡,13.53万/月,8.2元/m/天（价格可面议）,"('39.987766', '116.374009')"
bright,(出租)临主街餐饮铺子有燃气烟道人流大餐饮铺子,临街门面,朝阳-百子湾广渠东路33号,215.0,33000.0,,5.116279069767442,39.903576,116.511555,True,True,True,215㎡,3.3万/月,5.12元/m/天（价格可面议）,"('39.903576', '116.511555')"
bright,(出租)丽都餐饮街区，纯一层350平，适合火锅，烧烤，中西餐，宴请类,商业街店铺,朝阳-将台路将台路6号,350.0,,,,39.982864,116.485051,True,False,False,350㎡,租金面议,,"('39.982864', '116.485051')"
bright,(出租)望京丽都260平临街纯一层出租户型方正招餐饮展厅口腔,临街门面,朝阳-将台路将台路6号,280.0,37000.0,,4.404761904761905,39.982864,116.485051,True,True,True,280㎡,3.7万/月,4.4元/m/天（价格可面议）,"('39.982864', '116.485051')"
bright,(出租)朝阳大悦城一层200平餐饮6元适合餐饮酒吧咖啡,临街门面,朝阳-朝青板块朝阳北路101号,200.0,36000.0,6.0,6.0,39.930834,116.524829,True,True,True,200㎡,3.6万/月,6元/m/天,"('39.930834', '116.524829')"
bright,(出租)万达写字楼下纯一层50平月租9000元可餐饮有燃气随时看房,商业街店铺,通州-通州北苑新华西街58号,50.0,9000.0,6.0,6.0,39.9114789,116.6471654,True,True,True,50㎡,9000元/月,6元/m/天,"('39.9114789', '116.6471654')"
bright,(出租)大兴黄村临街150平招餐饮可做快餐刀削面羊棒骨早点,临街门面,大兴大悦春风里-北京市大兴区,150.0,20000.0,4.44,4.44,39.735801,116.348471,True,True,True,150㎡,2万/月,4.44元/m/天,"('39.735801', '116.348471')"
bright,(出租)三里屯SOHO旺铺出租970平带外摆适合餐饮医疗美容酒吧等,商业街店铺,朝阳-三里屯工体北路8号,970.0,145500.0,,5.0,39.938112,116.460068,True,True,True,970㎡,14.55万/月,5元/m/天（价格可面议）,"('39.938112', '116.460068')"
bright,(转让)G顺义区绿港家园3区底商的餐饮店铺转让,商业街店铺,顺义-光明顺沙路,305.0,27500.0,,3.0054644808743167,40.14414,116.6677,True,True,True,305㎡,2.75万/月,转让费：10万元（费用可面议）,"('40.14414', '116.6677')"
bright,(出租)（实价）双井富力城8米展示带天然气餐饮一条街,临街门面,朝阳-双井天力街,160.0,78000.0,16.25,16.25,39.90304,116.463785,True,True,True,160㎡,7.8万/月,16.25元/m/天,"('39.90304', '116.463785')"
bright,(出租)绝！佳位置！直租主街餐饮带燃气业态不限,写字楼配套,朝阳-国贸东三环中路,300.0,,,,39.911192,116.467993,True,False,False,300㎡,租金面议,,"('39.911192', '116.467993')"
bright,(出租)东坝蟹岛附件金盏家园社区底商一层适合餐饮家常菜火锅铁锅炖等,临街门面,朝阳-朝阳周边长店大街,356.0,24600.0,2.3,2.3,40.015807,116.557213,True,True,True,356㎡,2.46万/月,2.3元/m/天,"('40.015807', '116.557213')"
bright,(出租)海淀新区品牌餐饮文体休闲娱乐健身零售网吧KTV,购物百货中心,海淀-苏家坨详细地址请咨询,550.0,,,,40.114674,116.145572,True,False,False,550㎡,租金面议,,"('40.114674', '116.145572')"
bright,(出租)传媒大学招商餐饮全业态位置好大学生人流量大,购物百货中心,北京市朝阳区三间房(地区)乡,735.0,,,,39.917275,116.563425,True,False,False,735㎡,租金面议,,"('39.917275', '116.563425')"
bright,(出租)SOHO尚都临街餐饮商铺有燃气带外摆区下沉花园,写字楼配套,朝阳-东大桥东大桥路8号,134.0,26000.0,6.47,6.47,39.9242471,116.4592123,True,True,True,134㎡,2.6万/月,6.47元/m/天,"('39.9242471', '116.4592123')"
bright,(出租)丰台科技园总部基地核心区丨临街餐饮商铺丨地理位置非常好,商业街店铺,丰台-总部基地海鹰路2号,235.0,45800.0,,6.49645390070922,39.835412,116.295454,True,True,True,235㎡,4.58万/月,6.5元/m/天（价格可面议）,"('39.835412', '116.295454')"
bright,(出租)直租霄云路临街一层120平米餐饮商铺有燃气带外摆,临街门面,朝阳-三里屯霄云路28号,120.0,,,,39.963594,116.47266,True,False,False,120㎡,租金面议,,"('39.963594', '116.47266')"
bright,(出租)东大桥超有性价比！临街商铺有水带外窗工作室餐饮可注册,写字楼配套,朝阳-东大桥朝外大街乙6号,60.0,6000.0,,3.3333333333333335,39.92584,116.461382,True,True,True,60㎡,6000元/月,3.33元/m/天（价格可面议）,"('39.92584', '116.461382')"
bright,(出租)东单北大街临街商铺全天人流不限制。任何餐饮有需要的快联系我,临街门面,东城-东单北大街,60.0,,,,39.92111,116.424257,True,False,False,60㎡,租金面议,,"('39.92111', '116.424257')"
bright,(出租)海淀黄庄地铁口商铺375平417平可餐饮医疗培训美容青旅,商业街店铺,海淀黄庄-地铁站-北京市海淀区,400.0,,,,39.981865,116.324346,True,False,False,400㎡,租金面议,,"('39.981865', '116.324346')"
bright,(出租)国贸CBD朝外SOHO可以餐饮.精装修临街店面,临街门面,朝阳-东大桥朝外大街乙6号,251.0,55000.0,7.3,7.3,39.92584,116.461382,True,True,True,251㎡,5.5万/月,7.3元/m/天,"('39.92584', '116.461382')"
bright,(出租)定慧桥五路居商铺500平1000平可餐饮会所茶楼办公接待,商业街店铺,海淀五路居-地铁站-北京市海淀区,500.0,,,,39.938608,116.28295,True,False,False,500㎡,租金面议,,"('39.938608', '116.28295')"
bright,(出租)朝阳门华普大厦100平商铺招租各种餐饮业态不限,购物百货中心,朝阳-朝外大街朝外大街19号,100.0,,,,39.930707,116.445305,True,False,False,100㎡,租金面议,,"('39.930707', '116.445305')"
bright,(出租)珠江帝景全业态商铺高使用率适合餐饮火锅烤肉美容等,社区底商,朝阳-百子湾详细地址请咨询,263.0,63099.99999999999,,7.997465145754118,39.893803,116.489423,True,True,True,263㎡,6.31万/月,8元/m/天（价格可面议）,"('39.893803', '116.489423')"
bright,(出租)东城区王府井临街商铺200平米招租，找品牌餐饮，景区文创类,写字楼配套,海淀-中关村金鱼胡同,200.0,,,,39.921795,116.422208,True,False,False,200㎡,租金面议,,"('39.921795', '116.422208')"
bright,(出租)朝阳路临街商铺成熟社区除餐饮都可做,社区底商,朝阳-定福庄定福庄北街,50.0,,,,39.922541,116.560349,True,False,False,50㎡,租金面议,,"('39.922541', '116.560349')"
bright,(出租)五道口沿街餐饮小吃店铺无转让费房东直租详细我,临街门面,海淀-北航详细地址请咨询,60.0,16700.0,,9.277777777777779,39.994714,116.359116,True,True,True,60㎡,1.67万/月,9.26元/m/天（费用可面议）,"('39.994714', '116.359116')"
bright,(出租)木樨园商铺适合餐饮零售宠物医院烟酒等一切业态,商业街店铺,丰台-木樨园南三环中路,1000.0,150000.0,,5.0,39.863124,116.415281,True,True,True,1000㎡,15万/月,5元/m/天（价格可面议）,"('39.863124', '116.415281')"
bright,(出租)开发商直租把角商铺带装修可餐饮教培线上超市宠物店按摩,社区底商,大兴-生物医药基地纪百户街18号,118.0,,,,39.693395,116.333302,True,False,False,118㎡,租金面议,,"('39.693395', '116.333302')"
bright,(出租)新出十里堡商铺112平，租金15000元，除餐饮其他业态不限,商业街店铺,朝阳-八里庄十里堡甲3号,112.0,13500.0,,4.017857142857143,39.921457,116.511985,True,True,True,112㎡,1.35万/月,4.02元/m/天（价格可面议）,"('39.921457', '116.511985')"
bright,(出租)天兴A座黄村临街商铺停车方便小区门口可餐饮物业直租,写字楼配套,大兴-清源陈庄子东巷6号院,400.0,60000.0,,5.0,39.747084,116.3298,True,True,True,400㎡,6万/月,5元/m/天（价格可面议）,"('39.747084', '116.3298')"
bright,(出租)朝阳区，地铁口商业街，商铺出租，适合餐饮小吃，奶茶糕点等业态,临街门面,朝阳-东坝郑村坝街,62.53,13799.999999999998,,7.356468894930432,39.979381,116.558167,True,True,True,62.53㎡,1.38万/月,7.35元/m/天（价格可面议）,"('39.979381', '116.558167')"
bright,(出租)西三环临街底商社区密集区全业态招餐饮美发药店烟酒等,临街门面,丰台-六里桥西局前街,89.0,21400.0,,8.014981273408239,39.879258,116.313653,True,True,True,89㎡,2.14万/月,8元/m/天（价格可面议）,"('39.879258', '116.313653')"
bright,(出租)纯一层18米展面500平米，可分租,临街门面,亿达生活广场-北京市门头沟区,500.0,88500.0,5.9,5.9,39.956766,116.105768,True,True,True,500㎡,8.85万/月,5.9元/m/天,"('39.956766', '116.105768')"
bright,(转让)朝外SOHO154平餐饮店转让，固定客源+高流量，白领消费高,商业街店铺,朝外SOHO,154.0,18000.0,28.0,28.0,39.925733,116.461265,True,True,True,154㎡,1.8万/月,转让费：28万元,"('39.925733', '116.461265')"
bright,(出租)西城区阜内大街89号临街底商旺铺房东直租,临街门面,阜成门内大街-89,165.0,50000.0,10.1,10.1,39.930064,116.37678,True,True,True,165㎡,5万/月,10.1元/m/天,"('39.930064', '116.37678')"
bright,(转让)德胜门商业街面包连锁蛋糕店转让客流密集位置好,临街门面,TOUSlesJOURS多乐之日(新风里店),101.2,36000.0,35.0,35.0,39.967792,116.381939,True,True,True,101.2㎡,3.6万/月,转让费：35万元,"('39.967792', '116.381939')"
bright,(出租)回龙观龙腾苑二区临街商铺出租420平可租无其他费用,临街门面,龙腾苑-二区,210.0,22000.0,3.49,3.49,40.083172,116.343681,True,True,True,210㎡,2.2万/月,3.49元/m/天,"('40.083172', '116.343681')"
bright,(出租)邻三环900平米适合办公会所餐饮茶楼娱乐,临街门面,苏皖大厦,900.0,94500.0,3.5,3.5,39.852427,116.344356,True,True,True,900㎡,9.45万/月,3.5元/m/天,"('39.852427', '116.344356')"
bright,(出租)安慧北里逸园28号楼临街底商旺铺直租,临街门面,安慧北里逸园南区-28号楼,316.0,105000.0,11.08,11.08,40.005405,116.419745,True,True,True,316㎡,10.5万/月,11.08元/m/天,"('40.005405', '116.419745')"
bright,(出租)黄村恒大未来城两层140㎡出租，成熟社区全业态，近地铁,商业街店铺,恒大未来城,140.0,8999.0,2.14,2.14,39.720345,116.320946,True,True,True,140㎡,8999元/月,2.14元/m/天,"('39.720345', '116.320946')"
bright,(出租)朝阳王四营人民日报印刷厂内1100平米餐厅档口招租,档口摊位,人民日报印刷厂,25.0,5000.0,6.67,6.67,39.866413,116.551483,True,True,True,25㎡,5000元/月,6.67元/m/天,"('39.866413', '116.551483')"
bright,(转让)朝阳北京200平餐厅转让，出租早点,社区底商,铭泽生活广场,200.0,30000.0,15.0,15.0,39.869836,116.48346,True,True,True,200㎡,3万/月,转让费：15万元,"('39.869836', '116.48346')"
bright,(转让)地铁积水潭站附近临街底商旺铺转让,临街门面,小炊谣,110.0,45900.0,15.0,15.0,39.957642,116.378567,True,True,True,110㎡,4.59万/月,转让费：15万元,"('39.957642', '116.378567')"
bright,(出租)北京核心景区南锣鼓巷c位商铺招租,商业街店铺,南锣鼓巷,400.0,200000.0,16.67,16.67,39.943562,116.408878,True,True,True,400㎡,20万/月,16.67元/m/天,"('39.943562', '116.408878')"
bright,(出租)海淀上地科实大厦底商商铺房东直租,写字楼配套,科实大厦,600.0,144000.0,8.0,8.0,40.040731,116.318389,True,True,True,600㎡,14.4万/月,8元/m/天,"('40.040731', '116.318389')"
bright,(出租)朝外大街日坛晶华8号楼底商临街门面房东直租除重餐饮外行业不限,社区底商,日坛晶华-8号楼,173.45,39000.0,7.49,7.49,39.926518,116.450761,True,True,True,173.45㎡,3.9万/月,7.49元/m/天,"('39.926518', '116.450761')"
bright,(出租)海淀五道口农业大学100-300平直租无转让费可餐饮！,临街门面,清华东路15号,105.97,26000.0,8.18,8.18,40.007289,116.366487,True,True,True,105.97㎡,2.6万/月,8.18元/m/天,"('40.007289', '116.366487')"
bright,(出租)石景山古城路步行街核心铺招租！近商场社区，人流量大,商业街店铺,古城南路步行街,140.0,,,,39.916957,116.198351,True,False,False,140㎡,租金面议,（价格可面议）,"('39.916957', '116.198351')"
bright,(转让)石景山八角西街280平精装涮肉店转租，5年租期人流量大,临街门面,八角西街,280.0,58800.0,,7.0,39.920335,116.205284,True,True,True,280㎡,5.88万/月,转让费：面议（转让费可面议）,"('39.920335', '116.205284')"
bright,(出租)奥林匹克公园临街铺面70-300平出租，12元/㎡含物业费,商业街店铺,北京工艺美术博物馆(文创店),80.0,29000.0,12.08,12.08,40.00572,116.400322,True,True,True,80㎡,2.9万/月,12.08元/m/天,"('40.00572', '116.400322')"
bright,(出租)旭景园1万平招租全业态制可仓储，配套手续齐全，整租可分租,临街门面,旭景园·精致生活广场,10000.0,,,,39.945537,116.703494,True,False,False,10000㎡,租金面议,（价格可面议）,"('39.945537', '116.703494')"
bright,(转让)蓝堡公寓饭店整体转600平精装含KTV，近华贸高客流价格可谈,商业街店铺,蓝堡国际公寓-南区,600.0,60000.0,80.0,80.0,39.916652,116.48313,True,True,True,600㎡,6万/月,转让费：80万元,"('39.916652', '116.48313')"
bright,(出租)（0转让费）朝阳欢乐谷附近Ⅰ临街流量社区底商旺铺整体出租,社区底商,PETLADY宠娘宠物生活馆(格林莱雅店),80.0,19000.0,7.92,7.92,39.873411,116.513574,True,True,True,80㎡,1.9万/月,7.92元/m/天,"('39.873411', '116.513574')"
bright,(出租)双井桥地铁D口附近临街社区底商人流量大旺铺出租位置优越,临街门面,优士阁-B座,87.0,22000.0,8.43,8.43,39.898418,116.466159,True,True,True,87㎡,2.2万/月,8.43元/m/天,"('39.898418', '116.466159')"
bright,(转让)朝阳北花园1号院一层店转租，设备全临主路,临街门面,中国传媒大学,130.0,32500.0,18.0,18.0,39.917551,116.563634,True,True,True,130㎡,3.25万/月,转让费：18万元,"('39.917551', '116.563634')"
bright,(出租)亦庄同济南路10㎡临街档口酒店公寓旁，白领多做早餐小吃奶茶佳,临街门面,同济南路,10.0,,,,39.779083,116.546239,True,False,False,10㎡,租金面议,（价格可面议）,"('39.779083', '116.546239')"
bright,(出租)新街口积水潭小西天临街商铺房东直租、周边客流大(除餐饮外),临街门面,新街口外大街29号,40.0,30000.0,25.0,25.0,39.958119,116.377868,True,True,True,40㎡,3万/月,25元/m/天,"('39.958119', '116.377868')"
bright,(出租)房东直租可线上超市台球轰趴足疗简餐中央厨房仓储,社区底商,百子湾东里,420.0,,,,39.905263,116.511316,True,False,False,420㎡,租金面议,（价格可面议）,"('39.905263', '116.511316')"
bright,(出租)双榆树800平可餐饮招特色菜牛肉火锅涮肉等业态不限,临街门面,海淀-双榆树双榆树三街,800.0,132000.0,,5.5,39.974257,116.33001,True,True,True,800㎡,13.2万/月,5.5元/m/天（价格可面议）,"('39.974257', '116.33001')"
bright,(出租)团结湖地铁0距离140平直租，7米大展示面落地窗餐饮精装,临街门面,朝阳-团结湖朝阳北路,150.0,40500.0,,9.0,39.929359,116.469547,True,True,True,150㎡,4.05万/月,9元/m/天（价格可面议）,"('39.929359', '116.469547')"
bright,(出租)小区门口6米独立门头格局方正有烟照可餐饮行业不限右后门,临街门面,昌平-回龙观南店北路,80.0,,,,40.074768,116.330707,True,False,False,80㎡,租金面议,,"('40.074768', '116.330707')"
bright,(出租)大兴黄村110平有燃气招餐饮自行车电车专卖旗舰店等,临街门面,黄村东里小区-5号楼-北京市大兴区,110.0,15000.0,4.55,4.55,39.742576,116.350717,True,True,True,110㎡,1.5万/月,4.55元/m/天,"('39.742576', '116.350717')"
bright,(出租)双桥临街独栋322平适合：餐饮，口腔，医美，动物医院等等,临街门面,朝阳-双桥塔营北街3号,322.0,67600.0,,6.9979296066252585,39.909066,116.602893,True,True,True,322㎡,6.76万/月,7元/m/天（价格可面议）,"('39.909066', '116.602893')"
bright,(出租)北苑2000平是商业可台球，可，可网吧，可餐饮,商业街店铺,丰台-小屯路青塔小区西侧路,2000.0,138000.0,,2.3,39.900529,116.263062,True,True,True,2000㎡,13.8万/月,2.3元/m/天（费用可面议）,"('39.900529', '116.263062')"
bright,(出租)金融街月坛南街2700平6元独栋商业可餐饮,临街门面,西城-金融街月坛南街,2700.0,486000.0,6.0,6.0,39.919686,116.358689,True,True,True,2700㎡,48.6万/月,6元/m/天,"('39.919686', '116.358689')"
bright,(出租)朝阳国贸160平餐饮无转让有燃气位置好正常办照,社区底商,朝阳-国贸东三环中路39号,200.0,40000.0,,6.666666666666667,39.911335,116.465666,True,True,True,200㎡,4万/月,6.67元/m/天（价格可面议）,"('39.911335', '116.465666')"
bright,(出租)三里屯新出美发装修300平米适合餐饮美容美发服装鞋店宠物,写字楼配套,朝阳-三里屯工人体育场北路,300.0,40500.0,,4.5,39.937492,116.460034,True,True,True,300㎡,4.05万/月,4.5元/m/天（价格可面议）,"('39.937492', '116.460034')"
bright,(出租)直租北三环惠新东街临街一层商业350平餐饮医疗展厅等等,临街门面,朝阳-惠新里惠新东街,350.0,84000.0,,8.0,39.985146,116.431007,True,True,True,350㎡,8.4万/月,8元/m/天（价格可面议）,"('39.985146', '116.431007')"
bright,(出租)烟酒店美容美甲美睫餐饮麻辣烫小火锅螺蛳粉94平米,社区底商,朝阳-定福庄朝阳北路,94.0,,,,39.929826,116.570245,True,False,False,94㎡,租金面议,,"('39.929826', '116.570245')"
bright,(出租)三里屯236平100平外摆适合美业绘画餐饮餐吧酒吧剧场等,商业街店铺,朝阳-三里屯工人体育场北路,236.0,45000.0,6.36,6.36,39.937492,116.460034,True,True,True,236㎡,4.5万/月,6.36元/m/天,"('39.937492', '116.460034')"
bright,(出租)国贸东大桥SOHO尚都地下一层可餐饮网吧台球全业,写字楼配套,朝阳-东大桥东大桥路8号,484.3,51000.0,3.51,3.51,39.9242471,116.4592123,True,True,True,484.3㎡,5.1万/月,3.51元/m/天,"('39.9242471', '116.4592123')"
bright,(出租)朝阳周边望京SOHO餐饮底商招商,写字楼配套,朝阳-望京望京街10号,314.0,36000.0,3.82,3.82,40.002437,116.487916,True,True,True,314㎡,3.6万/月,3.82元/m/天,"('40.002437', '116.487916')"
bright,(出租)永定临街50平带装修可餐饮适合鲜花零食团购外卖等,商业街店铺,门头沟-永定何各庄中街,42.41,5500.0,,4.3228798239408945,39.909392,116.114489,True,True,True,42.41㎡,5500元/月,4.32元/m/天（价格可面议）,"('39.909392', '116.114489')"
bright,(出租)青年路大悦城东门700平底商出租适合火锅，餐饮，会所，密室等,商业街店铺,北京市朝阳区平房(地区)乡朝阳北路辅路,700.0,126000.0,6.0,6.0,39.930607,116.527889,True,True,True,700㎡,12.6万/月,6元/m/天,"('39.930607', '116.527889')"
bright,(出租)三里屯新出140平米独立门头，美业装修，酒吧，宠物，餐饮业态,写字楼配套,朝阳-三里屯工人体育场北路,140.0,21000.0,,5.0,39.937492,116.460034,True,True,True,140㎡,2.1万/月,5元/m/天（价格可面议）,"('39.937492', '116.460034')"
bright,(出租)真实旺铺，随时看房，招租餐饮小吃折扣店人流不断挨着学校,临街门面,通州-九棵树九棵树中街9号,60.0,,,,39.895191,116.665162,True,False,False,60㎡,租金面议,,"('39.895191', '116.665162')"
bright,(出租)丽都一层距地铁口100米招零售餐酒吧烟酒中医不可餐饮,临街门面,详细地址请咨询,180.0,,,,39.980866,116.488703,True,False,False,180㎡,租金面议,,"('39.980866', '116.488703')"
bright,(出租)西三旗万象汇餐饮街区新出40平主通道位置可做水吧奶茶网红小吃,购物百货中心,海淀-西三旗建材城东路33号,40.0,,,,40.067223,116.373006,True,False,False,40㎡,租金面议,,"('40.067223', '116.373006')"
bright,(出租)朝阳常营2套全业态有燃气适合餐饮烘焙干洗美容美发足疗等,临街门面,朝阳-常营常利路,125.0,28100.0,7.5,7.5,39.936289,116.613793,True,True,True,125㎡,2.81万/月,7.5元/m/天,"('39.936289', '116.613793')"
bright,(出租)大兴瀛海全业态可餐饮美食使用率高价格低大人流临街,商业街店铺,大兴-瀛海镇详细地址请咨询,87.0,19600.0,7.5,7.5,39.763422,116.453115,True,True,True,87㎡,1.96万/月,7.5元/m/天,"('39.763422', '116.453115')"
bright,(出租)物业招商丨公务员社区丨文具零食丨甜品烘焙丨生鲜餐饮丨可分租丨,社区底商,朝阳-管庄辛庄路,197.88,20800.0,3.5,3.5,39.905923,116.614959,True,True,True,197.88㎡,2.08万/月,3.5元/m/天,"('39.905923', '116.614959')"
bright,(出租)出租品牌超市有燃气餐饮展厅苏宁小酒馆丨烤肉火锅,商业街店铺,万象新天-四区,314.24,,,,39.932424,116.598948,True,False,False,314.24㎡,租金面议,,"('39.932424', '116.598948')"
bright,(出租)菜户营蓝调国际临街底商招租可餐饮,临街门面,丰台-菜户营详细地址请咨询,65.0,13000.0,6.67,6.67,39.877401,116.347577,True,True,True,65㎡,1.3万/月,6.67元/m/天,"('39.877401', '116.347577')"
bright,(出租)精！牡丹园龙翔路花园路60平米招租餐饮小吃,商业街店铺,龙翔路-道路-北京市海淀区,60.0,15000.0,8.33,8.33,39.988114,116.381486,True,True,True,60㎡,1.5万/月,8.33元/m/天,"('39.988114', '116.381486')"
bright,(出租)物业直租朝阳大悦城临街餐饮底商155平有燃气适合各种餐饮业态,商业街店铺,朝阳-朝青板块朝阳北路101号,155.0,53000.0,,11.397849462365592,39.930834,116.524829,True,True,True,155㎡,5.3万/月,11.4元/m/天（价格可面议）,"('39.930834', '116.524829')"
bright,(出租)西城西四北大街地铁口222平餐饮独栋带装修转让或出租,商业街店铺,西城-马连道马连道中街,222.0,53300.0,,8.003003003003004,39.890883,116.337861,True,True,True,222㎡,5.33万/月,8元/m/天（费用可面议）,"('39.890883', '116.337861')"
bright,(出租)朝阳区三里屯业主直租100平旺铺出租适合餐饮美甲美容美睫全业,商业街店铺,朝阳-三里屯工人体育场北路,100.0,10000.0,,3.3333333333333335,39.937492,116.460034,True,True,True,100㎡,1万/月,3.33元/m/天（价格可面议）,"('39.937492', '116.460034')"
bright,(出租)直租方庄蒲黄榆地铁临街商业1000平酒店餐饮医疗健身等等,临街门面,丰台-蒲黄榆蒲黄榆路,1000.0,105000.0,,3.5,39.869504,116.428447,True,True,True,1000㎡,10.5万/月,3.5元/m/天（价格可面议）,"('39.869504', '116.428447')"
bright,(出租)首都经贸大学校门口出租98平米餐饮商铺业主直租，把角展示,临街门面,朝阳-惠新里文学馆路,98.0,59000.0,20.07,20.07,39.98639,116.430846,True,True,True,98㎡,5.9万/月,20.07元/m/天,"('39.98639', '116.430846')"
bright,(出租)三里屯SOHO新出202平临街餐饮商铺适合餐饮，展厅，美业等,商业街店铺,朝阳-三里屯工人体育场北路,202.0,78000.0,12.87,12.87,39.937492,116.460034,True,True,True,202㎡,7.8万/月,12.87元/m/天,"('39.937492', '116.460034')"
bright,(出租)双井苹果临街（新出餐饮）商铺230平3.5万烧烤海鲜家常菜等,商业街店铺,朝阳-百子湾百子湾路32号,230.0,35000.0,,5.072463768115942,39.905581,116.47703,True,True,True,230㎡,3.5万/月,5.07元/m/天（价格可面议）,"('39.905581', '116.47703')"
bright,(出租)朝阳临街商铺出租餐饮优先随时看房,临街门面,朝阳-望京望京街,600.0,65000.0,3.61,3.61,40.006344,116.479727,True,True,True,600㎡,6.5万/月,3.61元/m/天,"('40.006344', '116.479727')"
bright,(出租)春秀路门面出租人流巨大适合各种餐饮小吃业态不限,商业街店铺,东城-东直门外详细地址请咨询,80.0,20000.0,,8.333333333333334,39.945321,116.451203,True,True,True,80㎡,2万/月,8.33元/m/天（费用可面议）,"('39.945321', '116.451203')"
bright,(出租)海淀安宁庄丨西三旗商铺丨有燃气丨餐饮,商业街店铺,昌平-回龙观建材城西路87号,165.0,20000.0,,4.040404040404041,40.063836,116.336295,True,True,True,165㎡,2万/月,4.04元/m/天（价格可面议）,"('40.063836', '116.336295')"
bright,(出租)望京利星行地铁通道内250平米可分租商铺业态不限可餐饮,其他,朝阳-望京望京街10号,250.0,,,,40.002437,116.487916,True,False,False,250㎡,租金面议,,"('40.002437', '116.487916')"
bright,(出租)物业直租日坛悠唐商圈200平商铺有外摆酒吧咖啡餐饮等业态,临街门面,朝阳-朝外大街神路街39号,200.0,38000.0,,6.333333333333333,39.924806,116.450213,True,True,True,200㎡,3.8万/月,6.33元/m/天（价格可面议）,"('39.924806', '116.450213')"
bright,(出租)牡丹园60平米临街一层商铺，价格面议，可餐饮,商业街店铺,海淀-牡丹园花园北路,130.0,,,,39.988388,116.36682,True,False,False,130㎡,租金面议,,"('39.988388', '116.36682')"
bright,(转让)(北商)昌平回龙观临街商铺出租可餐饮,临街门面,龙腾苑三区-东门-北京市昌平区,80.0,19200.0,,8.0,40.082975,116.340109,True,True,True,80㎡,1.92万/月,转让费：面议（费用可面议）,"('40.082975', '116.340109')"
bright,(出租)安宁庄40平商铺出租租金优惠适合餐饮,商业街店铺,海淀-安宁庄安宁庄后街,40.0,9600.0,,8.0,40.055179,116.333413,True,True,True,40㎡,9600元/月,8元/m/天（价格可面议）,"('40.055179', '116.333413')"
bright,(出租)通州土桥商铺招租招餐饮酒馆等业态,社区底商,通州-土桥九棵树东路,160.0,26400.0,5.5,5.5,39.878795,116.696045,True,True,True,160㎡,2.64万/月,5.5元/m/天,"('39.878795', '116.696045')"
bright,(出租)三里屯太古里核心商圈商铺直租招租酒店，餐饮，医疗，不限业态,商业街店铺,朝阳-三里屯三里屯路19号,3327.0,549000.0,5.5,5.5,39.937956,116.457767,True,True,True,3327㎡,54.9万/月,5.5元/m/天,"('39.937956', '116.457767')"
bright,(出租)黄寺大街附近新出临街商铺500平适合各大品牌餐饮营业厅可餐饮,临街门面,朝阳-安贞鼓楼外大街,501.0,135300.0,,9.001996007984031,39.972121,116.400956,True,True,True,501㎡,13.53万/月,9元/m/天（价格可面议）,"('39.972121', '116.400956')"
bright,(出租)海淀120平商铺出租租金优惠除餐饮全业态出租,商业街店铺,海淀-定慧寺定慧寺路,120.0,14800.0,,4.111111111111111,39.928423,116.298123,True,True,True,120㎡,1.48万/月,4.1元/m/天（价格可面议）,"('39.928423', '116.298123')"
bright,(出租)东三环门宽8米商铺出租格局房子可餐饮直租！,商业街店铺,朝阳-朝阳公园详细地址请咨询,88.0,20000.0,,7.575757575757576,39.954769,116.469802,True,True,True,88㎡,2万/月,7.58元/m/天（费用可面议）,"('39.954769', '116.469802')"
bright,(出租)知春路地铁口，古里铺临街商铺。适合面食麻辣烫奶茶糕点等餐饮.,临街门面,海淀-知春路详细地址请咨询,70.0,15000.0,,7.142857142857143,39.980807,116.343183,True,True,True,70㎡,1.5万/月,7.14元/m/天（价格可面议）,"('39.980807', '116.343183')"
bright,(出租)物业直租丨社区底商丨临街商铺丨客流大丨非餐饮丨价格可谈丨,社区底商,朝阳-东坝东坝南二街,80.9,7383.0,,3.042027194066749,39.965216,116.570275,True,True,True,80.9㎡,7383元/月,3.04元/m/天（价格可面议）,"('39.965216', '116.570275')"
bright,(转让)朝外SOHO154平餐饮店转让，固定客源+高流量，白领消费高,商业街店铺,朝外SOHO,154.0,18000.0,28.0,28.0,39.925733,116.461265,True,True,True,154㎡,1.8万/月,转让费：28万元,"('39.925733', '116.461265')"
bright,(出租)西城区阜内大街89号临街底商旺铺房东直租,临街门面,阜成门内大街-89,165.0,50000.0,10.1,10.1,39.930064,116.37678,True,True,True,165㎡,5万/月,10.1元/m/天,"('39.930064', '116.37678')"
bright,(转让)德胜门商业街面包连锁蛋糕店转让客流密集位置好,临街门面,TOUSlesJOURS多乐之日(新风里店),101.2,36000.0,35.0,35.0,39.967792,116.381939,True,True,True,101.2㎡,3.6万/月,转让费：35万元,"('39.967792', '116.381939')"
bright,(出租)回龙观龙腾苑二区临街商铺出租420平可租无其他费用,临街门面,龙腾苑-二区,210.0,22000.0,3.49,3.49,40.083172,116.343681,True,True,True,210㎡,2.2万/月,3.49元/m/天,"('40.083172', '116.343681')"
bright,(出租)邻三环900平米适合办公会所餐饮茶楼娱乐,临街门面,苏皖大厦,900.0,94500.0,3.5,3.5,39.852427,116.344356,True,True,True,900㎡,9.45万/月,3.5元/m/天,"('39.852427', '116.344356')"
bright,(出租)安慧北里逸园28号楼临街底商旺铺直租,临街门面,安慧北里逸园南区-28号楼,316.0,105000.0,11.08,11.08,40.005405,116.419745,True,True,True,316㎡,10.5万/月,11.08元/m/天,"('40.005405', '116.419745')"
bright,(出租)黄村恒大未来城两层140㎡出租，成熟社区全业态，近地铁,商业街店铺,恒大未来城,140.0,8999.0,2.14,2.14,39.720345,116.320946,True,True,True,140㎡,8999元/月,2.14元/m/天,"('39.720345', '116.320946')"
bright,(出租)朝阳王四营人民日报印刷厂内1100平米餐厅档口招租,档口摊位,人民日报印刷厂,25.0,5000.0,6.67,6.67,39.866413,116.551483,True,True,True,25㎡,5000元/月,6.67元/m/天,"('39.866413', '116.551483')"
bright,(转让)朝阳北京200平餐厅转让，出租早点,社区底商,铭泽生活广场,200.0,30000.0,15.0,15.0,39.869836,116.48346,True,True,True,200㎡,3万/月,转让费：15万元,"('39.869836', '116.48346')"
bright,(转让)地铁积水潭站附近临街底商旺铺转让,临街门面,小炊谣,110.0,45900.0,15.0,15.0,39.957642,116.378567,True,True,True,110㎡,4.59万/月,转让费：15万元,"('39.957642', '116.378567')"
bright,(出租)北京核心景区南锣鼓巷c位商铺招租,商业街店铺,南锣鼓巷,400.0,200000.0,16.67,16.67,39.943562,116.408878,True,True,True,400㎡,20万/月,16.67元/m/天,"('39.943562', '116.408878')"
bright,(出租)海淀上地科实大厦底商商铺房东直租,写字楼配套,科实大厦,600.0,144000.0,8.0,8.0,40.040731,116.318389,True,True,True,600㎡,14.4万/月,8元/m/天,"('40.040731', '116.318389')"
bright,(出租)朝外大街日坛晶华8号楼底商临街门面房东直租除重餐饮外行业不限,社区底商,日坛晶华-8号楼,173.45,39000.0,7.49,7.49,39.926518,116.450761,True,True,True,173.45㎡,3.9万/月,7.49元/m/天,"('39.926518', '116.450761')"
bright,(出租)海淀五道口农业大学100-300平直租无转让费可餐饮！,临街门面,清华东路15号,105.97,26000.0,8.18,8.18,40.007289,116.366487,True,True,True,105.97㎡,2.6万/月,8.18元/m/天,"('40.007289', '116.366487')"
bright,(出租)石景山古城路步行街核心铺招租！近商场社区，人流量大,商业街店铺,古城南路步行街,140.0,,,,39.916957,116.198351,True,False,False,140㎡,租金面议,（价格可面议）,"('39.916957', '116.198351')"
bright,(转让)石景山八角西街280平精装涮肉店转租，5年租期人流量大,临街门面,八角西街,280.0,58800.0,,7.0,39.920335,116.205284,True,True,True,280㎡,5.88万/月,转让费：面议（转让费可面议）,"('39.920335', '116.205284')"
bright,(出租)奥林匹克公园临街铺面70-300平出租，12元/㎡含物业费,商业街店铺,北京工艺美术博物馆(文创店),80.0,29000.0,12.08,12.08,40.00572,116.400322,True,True,True,80㎡,2.9万/月,12.08元/m/天,"('40.00572', '116.400322')"
bright,(出租)旭景园1万平招租全业态制可仓储，配套手续齐全，整租可分租,临街门面,旭景园·精致生活广场,10000.0,,,,39.945537,116.703494,True,False,False,10000㎡,租金面议,（价格可面议）,"('39.945537', '116.703494')"
bright,(转让)蓝堡公寓饭店整体转600平精装含KTV，近华贸高客流价格可谈,商业街店铺,蓝堡国际公寓-南区,600.0,60000.0,80.0,80.0,39.916652,116.48313,True,True,True,600㎡,6万/月,转让费：80万元,"('39.916652', '116.48313')"
bright,(出租)（0转让费）朝阳欢乐谷附近Ⅰ临街流量社区底商旺铺整体出租,社区底商,PETLADY宠娘宠物生活馆(格林莱雅店),80.0,19000.0,7.92,7.92,39.873411,116.513574,True,True,True,80㎡,1.9万/月,7.92元/m/天,"('39.873411', '116.513574')"
bright,(出租)双井桥地铁D口附近临街社区底商人流量大旺铺出租位置优越,临街门面,优士阁-B座,87.0,22000.0,8.43,8.43,39.898418,116.466159,True,True,True,87㎡,2.2万/月,8.43元/m/天,"('39.898418', '116.466159')"
bright,(转让)朝阳北花园1号院一层店转租，设备全临主路,临街门面,中国传媒大学,130.0,32500.0,18.0,18.0,39.917551,116.563634,True,True,True,130㎡,3.25万/月,转让费：18万元,"('39.917551', '116.563634')"
bright,(出租)亦庄同济南路10㎡临街档口酒店公寓旁，白领多做早餐小吃奶茶佳,临街门面,同济南路,10.0,,,,39.779083,116.546239,True,False,False,10㎡,租金面议,（价格可面议）,"('39.779083', '116.546239')"
bright,(出租)新街口积水潭小西天临街商铺房东直租、周边客流大(除餐饮外),临街门面,新街口外大街29号,40.0,30000.0,25.0,25.0,39.958119,116.377868,True,True,True,40㎡,3万/月,25元/m/天,"('39.958119', '116.377868')"
bright,(出租)房东直租可线上超市台球轰趴足疗简餐中央厨房仓储,社区底商,百子湾东里,420.0,,,,39.905263,116.511316,True,False,False,420㎡,租金面议,（价格可面议）,"('39.905263', '116.511316')"
bright,(出租)月租7千）万达56平餐饮奶茶炸鸡外卖优先有燃气,商业街店铺,通州-通州北苑新华西街58号,56.0,7000.0,4.17,4.17,39.9114789,116.6471654,True,True,True,56㎡,7000元/月,4.17元/m/天,"('39.9114789', '116.6471654')"
bright,(出租)（开发商直租）双井二十二院街110平除餐饮不限业态,临街门面,朝阳-百子湾百子湾路32号,110.0,22100.0,,6.696969696969697,39.905581,116.47703,True,True,True,110㎡,2.21万/月,6.69元/m/天（价格可面议）,"('39.905581', '116.47703')"
bright,(出租)长楹天街南购物中心旁足道余留可推拿采耳台球健身舞蹈餐饮全业态,商业街店铺,朝阳-常营东十里堡路,568.27,37700.0,,2.211390125585843,39.930681,116.610557,True,True,True,568.27㎡,3.77万/月,2.21元/m/天（价格可面议）,"('39.930681', '116.610557')"
bright,(出租)通州万达商场出入口75平月租9千可餐饮,商业街店铺,通州-通州北苑新华西街58号,75.0,9000.0,,4.0,39.9114789,116.6471654,True,True,True,75㎡,9000元/月,4元/m/天（价格可面议）,"('39.9114789', '116.6471654')"
bright,(出租)通州土桥社区口有燃气招餐饮快餐团购养生培训,社区底商,通州-土桥土桥中街,66.0,,,,39.880702,116.706334,True,False,False,66㎡,租金面议,,"('39.880702', '116.706334')"
bright,(出租)物业直租丨管庄地铁口丨健身房丨台球培训丨餐饮丨,临街门面,朝阳-管庄朝阳路,568.27,,,,39.917738,116.603554,True,False,False,568.27㎡,租金面议,,"('39.917738', '116.603554')"
bright,(出租)物业直租丨餐饮美容美发修脚水吧朝阳路临街,临街门面,朝阳-定福庄朝阳北路,94.0,,,,39.929826,116.570245,True,False,False,94㎡,租金面议,,"('39.929826', '116.570245')"
bright,(出租)价格还能聊丨全北京低价铺位丨除餐饮外适合各种生活服务类业态,社区底商,朝阳-朝阳周边金港南路,91.55,6866.25,,2.5,40.01472,116.557033,True,True,True,91.55㎡,6866.25元/月,2.5元/m/天（价格可面议）,"('40.01472', '116.557033')"
bright,(出租)物业直租桥朝阳路辅路华龙美树底商商业房本可餐饮可医疗业态不限,商业街店铺,华龙美树,285.0,25700.0,3.01,3.01,39.918092,116.586327,True,True,True,285㎡,2.57万/月,3.01元/m/天,"('39.918092', '116.586327')"
bright,(出租)亚运村慧中北路餐饮集中地临街一层240平直租全业态可餐饮,商业街店铺,朝阳-国展慧中北路,240.0,69800.0,,9.694444444444445,40.005141,116.422389,True,True,True,240㎡,6.98万/月,9.7元/m/天（价格可面议）,"('40.005141', '116.422389')"
bright,(出租)亦庄林肯纯一层烟酒店，餐饮，自行车，美发等有装修,商业街店铺,详细地址请咨询,198.0,30000.0,,5.05050505050505,39.812577,116.497964,True,True,True,198㎡,3万/月,5.05元/m/天（费用可面议）,"('39.812577', '116.497964')"
bright,(出租)临街联排独栋业态不限，可注册餐饮适合办公展示，会所，均,商业街店铺,详细地址请咨询,808.0,60599.99999999999,,2.4999999999999996,,,False,True,True,808㎡,6.06万/月,2.5元/m/天（价格可面议）, 
bright,(出租)世贸天街旁全业态招商下沉广场有外摆餐饮酒吧美容等,临街门面,朝阳-国贸东大桥路8号,485.0,58000.0,,3.986254295532646,39.9242471,116.4592123,True,True,True,485㎡,5.8万/月,3.99元/m/天（价格可面议）,"('39.9242471', '116.4592123')"
bright,(出租)位置好人流大纯一层100平带燃气招租各种餐饮随时可看,临街门面,北京市大兴区枣园路,100.0,,,,39.75919,116.342281,True,False,False,100㎡,租金面议,,"('39.75919', '116.342281')"
bright,(出租)直租万象新天地新出商业街餐饮铺租314精装修业态不限,商业街店铺,万象新天-四区,314.24,,,,39.932424,116.598948,True,False,False,314.24㎡,租金面议,,"('39.932424', '116.598948')"
bright,(出租)物业直租丨双地铁丨户型方正丨东坝社区丨客流大丨可餐饮全业态丨,社区底商,朝阳-东坝详细地址请咨询,154.64,,,,39.979381,116.558167,True,False,False,154.64㎡,租金面议,,"('39.979381', '116.558167')"
bright,(出租)业主直租-临街底商.精装修烟酒店.咖啡店出租有上下水餐饮,商业街店铺,朝阳-东大桥朝外大街乙6号,109.0,26500.0,8.1,8.1,39.92584,116.461382,True,True,True,109㎡,2.65万/月,8.1元/m/天,"('39.92584', '116.461382')"
bright,(出租)北三环蓟门桥带小院招租餐饮接待办公私人小厨茶室美容,临街门面,海淀-大钟寺北三环西路,1000.0,,,,39.973668,116.357584,True,False,False,1000㎡,租金面议,,"('39.973668', '116.357584')"
bright,(出租)西红门把角123平燃气可接全业态招银行餐饮烧烤火锅涮肉,临街门面,鸿坤广场-北京市大兴区,123.0,31400.0,8.5,8.5,39.796973,116.349259,True,True,True,123㎡,3.14万/月,8.5元/m/天,"('39.796973', '116.349259')"
bright,(转让)三里屯新装餐饮店转让带燃气门口外摆区域大适合所有业态,临街门面,朝阳-CBD东大桥路8号,160.0,23000.0,,4.791666666666667,39.9242471,116.4592123,True,True,True,160㎡,2.3万/月,转让费：面议（费用可面议）,"('39.9242471', '116.4592123')"
bright,(出租)（中拓商业）朝阳公园附近商业综合体餐饮精装修可外摆性价比高,临街门面,越界朝阳里-北京市朝阳区,500.0,60000.0,4.0,4.0,39.935131,116.486919,True,True,True,500㎡,6万/月,4元/m/天,"('39.935131', '116.486919')"
bright,(出租)通州商业主街适合餐饮小吃麻辣烫按摩电动车邻环球影城年轻人多,临街门面,通州-土桥土桥中街,66.41,,,,39.881214,116.705866,True,False,False,66.41㎡,租金面议,,"('39.881214', '116.705866')"
bright,(出租)望京医美880平口腔医美中医馆餐饮银行证券,临街门面,朝阳-望京阜通西大街,880.0,,,,40.001844,116.480626,True,False,False,880㎡,租金面议,,"('40.001844', '116.480626')"
bright,(出租)亮马桥358平餐饮临街底商主招各类品牌餐饮酒吧西餐医疗,临街门面,朝阳-朝阳公园朝阳公园路6号,358.0,,,,39.9555143,116.4820858,True,False,False,358㎡,租金面议,,"('39.9555143', '116.4820858')"
bright,(出租)超大露台餐饮装修直招餐饮酒吧烧烤培训随时看,商业街店铺,褡裢坡-地铁站,595.0,,,,39.929826,116.570245,True,False,False,595㎡,租金面议,,"('39.929826', '116.570245')"
bright,(出租)五道口宇宙中心新出餐饮房源，适合各种业态的餐饮，客流没问题,社区底商,海淀-五道口展春园西路3号,300.0,90000.0,10.0,10.0,39.995731,116.345972,True,True,True,300㎡,9万/月,10元/m/天,"('39.995731', '116.345972')"
bright,(出租)三里屯机电院核心位置一二层停车方便主招餐饮可美容可零售,商业街店铺,朝阳-三里屯北京市朝阳区工人体育场北路4号,650.0,,,,39.937887,116.462524,True,False,False,650㎡,租金面议,,"('39.937887', '116.462524')"
bright,(出租)物资学院转让旺铺带露台招酒吧精酿烤肉火锅餐饮舞蹈培训,临街门面,通州-物资学院路物资学院路6号,197.43,,,,39.932806,116.64605,True,False,False,197.43㎡,租金面议,,"('39.932806', '116.64605')"
bright,(出租)物业直租区北三环蓟门桥附近二楼办公适合办公餐饮展厅等业态,商业街店铺,海淀-大钟寺北三环西路,1200.0,162000.0,4.5,4.5,39.972901,116.355102,True,True,True,1200㎡,16.2万/月,4.5元/m/天,"('39.972901', '116.355102')"
bright,(出租)黄渠地铁站289平全业态可餐饮适合特色餐饮按摩足疗,临街门面,朝阳-常营管庄路,289.0,41100.0,,4.740484429065744,39.929813,116.596846,True,True,True,289㎡,4.11万/月,4.74元/m/天（价格可面议）,"('39.929813', '116.596846')"
bright,(出租)前门大街餐饮商铺适合宫廷菜北京烤鸭高端酒店全业态招租,商业街店铺,东城-前门前门大街,9800.0,1764000.0,,6.0,39.905524,116.404589,True,True,True,9800㎡,176.4万/月,6元/m/天（费用可面议）,"('39.905524', '116.404589')"
bright,(出租)机电院临街紧邻出入口户型方正可餐饮500平商铺适合全业态,临街门面,朝阳-三里屯三里屯路19号,500.0,75000.0,,5.0,39.940722,116.461001,True,True,True,500㎡,7.5万/月,5元/m/天（价格可面议）,"('39.940722', '116.461001')"
bright,(出租)大望路SKP国贸临建国路340平餐饮商铺精装修业态不限,写字楼配套,朝阳-大望路建国路88号,340.0,,,,39.913059,116.481705,True,False,False,340㎡,租金面议,,"('39.913059', '116.481705')"
bright,(出租)故宫北院火爆招商中，200平商铺丨适合餐饮办公多种商业,商业街店铺,北京环洲创业园-北京市海淀区,200.0,13200.0,,2.2,40.10654,116.224273,True,True,True,200㎡,1.32万/月,2.2元/m/天（价格可面议）,"('40.10654', '116.224273')"
bright,(出租)临街商铺门面房传媒大学学院招租餐饮展示美容养生,临街门面,中国传媒大学-西1门-北京市朝阳区,220.0,,,,39.918112,116.561043,True,False,False,220㎡,租金面议,,"('39.918112', '116.561043')"
bright,(出租)朝阳百子湾临街商铺70平米月租金12000不可餐饮直租,临街门面,朝阳-百子湾石门东路,80.0,12000.0,,5.0,39.902399,116.509065,True,True,True,80㎡,1.2万/月,5元/m/天（价格可面议）,"('39.902399', '116.509065')"
bright,(出租)西单西四北大街临街门面10米门头带露台餐饮零售全业态,商业街店铺,西城-西四西四北大街156号,150.0,,,,39.933374,116.380001,True,False,False,150㎡,租金面议,,"('39.933374', '116.380001')"
bright,(出租)陶然亭商铺出租西城300平可分组上下复试餐饮美发中医,商业街店铺,西城-陶然亭太平街6号,300.0,,,,39.886639,116.394728,True,False,False,300㎡,租金面议,,"('39.886639', '116.394728')"
bright,(出租)三元桥沿街门面出租可分租无转让费适合大型餐饮,商业街店铺,朝阳-左家庄详细地址请咨询,120.0,,,,39.957485,116.456965,True,False,False,120㎡,租金面议,,"('39.957485', '116.456965')"
bright,(出租)褡裢坡丨定福家园丨新出733平商铺出租丨可按摩丨餐饮丨超市,社区底商,朝阳-定福庄朝阳北路,733.0,,,,39.931114,116.571908,True,False,False,733㎡,租金面议,,"('39.931114', '116.571908')"
bright,(出租)海淀西四环400平商铺出租会所餐饮茶馆美容视力眼科康复等可停,临街门面,海淀-世纪城老营房路,400.0,81600.0,6.8,6.8,39.967769,116.288537,True,True,True,400㎡,8.16万/月,6.8元/m/天,"('39.967769', '116.288537')"
bright,(出租)十里河沿街门面出租写字楼配套适合各种餐饮小吃,写字楼配套,朝阳-十里河详细地址请咨询,60.0,20000.0,,11.11111111111111,39.871364,116.472714,True,True,True,60㎡,2万/月,11.11元/m/天（费用可面议）,"('39.871364', '116.472714')"
bright,(出租)海淀新出超大展示面临街商铺适合烧烤拉面烤肉东来顺火锅特色餐饮,临街门面,海淀-大钟寺中关村东路,200.0,48000.0,,8.0,39.977983,116.340121,True,True,True,200㎡,4.8万/月,8元/m/天（价格可面议）,"('39.977983', '116.340121')"
bright,(出租)朝阳亚运村临街一层商铺可餐饮丨全业态招租,商业街店铺,欧陆经典社区-北京市朝阳区,50.0,13000.0,,8.666666666666666,40.000811,116.426534,True,True,True,50㎡,1.3万/月,8.67元/m/天（价格可面议）,"('40.000811', '116.426534')"
bright,(出租)商铺直租！羊蝎子火锅清真餐饮，有燃气停车方便，房源就一套,临街门面,朝阳-常营民族家园中路,338.0,25400.0,,2.504930966469428,39.933958,116.589598,True,True,True,338㎡,2.54万/月,2.5元/m/天（费用可面议）,"('39.933958', '116.589598')"
bright,(出租)林萃桥附近新出临街一层商铺150平适合办公会所大品牌店免餐饮,社区底商,朝阳-北沙滩林萃路,150.0,21000.0,,4.666666666666667,40.011198,116.381998,True,True,True,150㎡,2.1万/月,4.67元/m/天（价格可面议）,"('40.011198', '116.381998')"
bright,(出租)西三环万寿路公主坟临街一层商铺一手房东直租除餐饮外业态,购物百货中心,海淀-公主坟复兴路21号,850.0,,,,39.915366,116.318132,True,False,False,850㎡,租金面议,,"('39.915366', '116.318132')"
bright,(出租)白石桥甘家口三里河增光路临街商铺除餐饮外业态不限直租,社区底商,海淀-甘家口阜成路,114.0,,,,39.930232,116.33889,True,False,False,114㎡,租金面议,,"('39.930232', '116.33889')"
bright,(转让)朝外SOHO154平餐饮店转让，固定客源+高流量，白领消费高,商业街店铺,朝外SOHO,154.0,18000.0,28.0,28.0,39.925733,116.461265,True,True,True,154㎡,1.8万/月,转让费：28万元,"('39.925733', '116.461265')"
bright,(出租)西城区阜内大街89号临街底商旺铺房东直租,临街门面,阜成门内大街-89,165.0,50000.0,10.1,10.1,39.930064,116.37678,True,True,True,165㎡,5万/月,10.1元/m/天,"('39.930064', '116.37678')"
bright,(转让)德胜门商业街面包连锁蛋糕店转让客流密集位置好,临街门面,TOUSlesJOURS多乐之日(新风里店),101.2,36000.0,35.0,35.0,39.967792,116.381939,True,True,True,101.2㎡,3.6万/月,转让费：35万元,"('39.967792', '116.381939')"
bright,(出租)回龙观龙腾苑二区临街商铺出租420平可租无其他费用,临街门面,龙腾苑-二区,210.0,22000.0,3.49,3.49,40.083172,116.343681,True,True,True,210㎡,2.2万/月,3.49元/m/天,"('40.083172', '116.343681')"
bright,(出租)邻三环900平米适合办公会所餐饮茶楼娱乐,临街门面,苏皖大厦,900.0,94500.0,3.5,3.5,39.852427,116.344356,True,True,True,900㎡,9.45万/月,3.5元/m/天,"('39.852427', '116.344356')"
bright,(出租)安慧北里逸园28号楼临街底商旺铺直租,临街门面,安慧北里逸园南区-28号楼,316.0,105000.0,11.08,11.08,40.005405,116.419745,True,True,True,316㎡,10.5万/月,11.08元/m/天,"('40.005405', '116.419745')"
bright,(出租)黄村恒大未来城两层140㎡出租，成熟社区全业态，近地铁,商业街店铺,恒大未来城,140.0,8999.0,2.14,2.14,39.720345,116.320946,True,True,True,140㎡,8999元/月,2.14元/m/天,"('39.720345', '116.320946')"
bright,(出租)朝阳王四营人民日报印刷厂内1100平米餐厅档口招租,档口摊位,人民日报印刷厂,25.0,5000.0,6.67,6.67,39.866413,116.551483,True,True,True,25㎡,5000元/月,6.67元/m/天,"('39.866413', '116.551483')"
bright,(转让)朝阳北京200平餐厅转让，出租早点,社区底商,铭泽生活广场,200.0,30000.0,15.0,15.0,39.869836,116.48346,True,True,True,200㎡,3万/月,转让费：15万元,"('39.869836', '116.48346')"
bright,(转让)地铁积水潭站附近临街底商旺铺转让,临街门面,小炊谣,110.0,45900.0,15.0,15.0,39.957642,116.378567,True,True,True,110㎡,4.59万/月,转让费：15万元,"('39.957642', '116.378567')"
bright,(出租)北京核心景区南锣鼓巷c位商铺招租,商业街店铺,南锣鼓巷,400.0,200000.0,16.67,16.67,39.943562,116.408878,True,True,True,400㎡,20万/月,16.67元/m/天,"('39.943562', '116.408878')"
bright,(出租)海淀上地科实大厦底商商铺房东直租,写字楼配套,科实大厦,600.0,144000.0,8.0,8.0,40.040731,116.318389,True,True,True,600㎡,14.4万/月,8元/m/天,"('40.040731', '116.318389')"
bright,(出租)朝外大街日坛晶华8号楼底商临街门面房东直租除重餐饮外行业不限,社区底商,日坛晶华-8号楼,173.45,39000.0,7.49,7.49,39.926518,116.450761,True,True,True,173.45㎡,3.9万/月,7.49元/m/天,"('39.926518', '116.450761')"
bright,(出租)海淀五道口农业大学100-300平直租无转让费可餐饮！,临街门面,清华东路15号,105.97,26000.0,8.18,8.18,40.007289,116.366487,True,True,True,105.97㎡,2.6万/月,8.18元/m/天,"('40.007289', '116.366487')"
bright,(出租)石景山古城路步行街核心铺招租！近商场社区，人流量大,商业街店铺,古城南路步行街,140.0,,,,39.916957,116.198351,True,False,False,140㎡,租金面议,（价格可面议）,"('39.916957', '116.198351')"
bright,(转让)石景山八角西街280平精装涮肉店转租，5年租期人流量大,临街门面,八角西街,280.0,58800.0,,7.0,39.920335,116.205284,True,True,True,280㎡,5.88万/月,转让费：面议（转让费可面议）,"('39.920335', '116.205284')"
bright,(出租)奥林匹克公园临街铺面70-300平出租，12元/㎡含物业费,商业街店铺,北京工艺美术博物馆(文创店),80.0,29000.0,12.08,12.08,40.00572,116.400322,True,True,True,80㎡,2.9万/月,12.08元/m/天,"('40.00572', '116.400322')"
bright,(出租)旭景园1万平招租全业态制可仓储，配套手续齐全，整租可分租,临街门面,旭景园·精致生活广场,10000.0,,,,39.945537,116.703494,True,False,False,10000㎡,租金面议,（价格可面议）,"('39.945537', '116.703494')"
bright,(转让)蓝堡公寓饭店整体转600平精装含KTV，近华贸高客流价格可谈,商业街店铺,蓝堡国际公寓-南区,600.0,60000.0,80.0,80.0,39.916652,116.48313,True,True,True,600㎡,6万/月,转让费：80万元,"('39.916652', '116.48313')"
bright,(出租)（0转让费）朝阳欢乐谷附近Ⅰ临街流量社区底商旺铺整体出租,社区底商,PETLADY宠娘宠物生活馆(格林莱雅店),80.0,19000.0,7.92,7.92,39.873411,116.513574,True,True,True,80㎡,1.9万/月,7.92元/m/天,"('39.873411', '116.513574')"
bright,(出租)双井桥地铁D口附近临街社区底商人流量大旺铺出租位置优越,临街门面,优士阁-B座,87.0,22000.0,8.43,8.43,39.898418,116.466159,True,True,True,87㎡,2.2万/月,8.43元/m/天,"('39.898418', '116.466159')"
bright,(转让)朝阳北花园1号院一层店转租，设备全临主路,临街门面,中国传媒大学,130.0,32500.0,18.0,18.0,39.917551,116.563634,True,True,True,130㎡,3.25万/月,转让费：18万元,"('39.917551', '116.563634')"
bright,(出租)亦庄同济南路10㎡临街档口酒店公寓旁，白领多做早餐小吃奶茶佳,临街门面,同济南路,10.0,,,,39.779083,116.546239,True,False,False,10㎡,租金面议,（价格可面议）,"('39.779083', '116.546239')"
bright,(出租)新街口积水潭小西天临街商铺房东直租、周边客流大(除餐饮外),临街门面,新街口外大街29号,40.0,30000.0,25.0,25.0,39.958119,116.377868,True,True,True,40㎡,3万/月,25元/m/天,"('39.958119', '116.377868')"
bright,(出租)房东直租可线上超市台球轰趴足疗简餐中央厨房仓储,社区底商,百子湾东里,420.0,,,,39.905263,116.511316,True,False,False,420㎡,租金面议,（价格可面议）,"('39.905263', '116.511316')"
bright,(出租)黄渠地铁站289平全业态可餐饮适合特色餐饮按摩足疗,临街门面,朝阳-常营管庄路,289.0,41100.0,,4.740484429065744,39.929813,116.596846,True,True,True,289㎡,4.11万/月,4.74元/m/天（价格可面议）,"('39.929813', '116.596846')"
bright,(出租)临街餐饮铺子70平25000月有燃气上下水烟道随时看房,临街门面,朝阳-百子湾广渠东路33号,70.0,25000.0,,11.904761904761905,39.903576,116.511555,True,True,True,70㎡,2.5万/月,11.9元/m/天（价格可面议）,"('39.903576', '116.511555')"
bright,(出租)北四环亚运村核心位置一层沿街商业有燃气可明火餐饮医容商业出租,临街门面,朝阳-奥林匹克公园大屯北路,520.0,81100.0,5.2,5.2,40.011487,116.409024,True,True,True,520㎡,8.11万/月,5.2元/m/天,"('40.011487', '116.409024')"
bright,(出租)（实价）业主直租餐饮旺铺（可分租）路口把角双展示面,临街门面,朝阳-管庄双桥东路,325.0,97500.0,10.0,10.0,39.904324,116.608543,True,True,True,325㎡,9.75万/月,10元/m/天,"('39.904324', '116.608543')"
bright,(出租)精装餐饮店无转让费业主直租含物业取暖无中介费随时可看,商业街店铺,通州-通州北苑新华西街58号,82.0,12000.0,,4.878048780487805,39.9114789,116.6471654,True,True,True,82㎡,1.2万/月,4.88元/m/天（价格可面议）,"('39.9114789', '116.6471654')"
bright,(出租)餐饮转让朝阳295平招火锅快餐湘菜家常菜烤肉,商业街店铺,金驹家园-F区,295.0,,,,39.964493,116.575385,True,False,False,295㎡,租金面议,,"('39.964493', '116.575385')"
bright,(出租)朝阳可分割一拖二赠260平露台适合餐饮会所接待美容院等,临街门面,朝阳-高碑店北花园中路,353.5,66700.0,6.29,6.29,39.910257,116.558224,True,True,True,353.5㎡,6.67万/月,6.29元/m/天,"('39.910257', '116.558224')"
bright,(出租)百子湾繁华地段280平米，除餐饮其他行业不限,商业街店铺,朝阳-百子湾百子湾南一路,280.0,37800.0,4.5,4.5,39.905245,116.506408,True,True,True,280㎡,3.78万/月,4.5元/m/天,"('39.905245', '116.506408')"
bright,(出租)地铁口超大展示面直租，餐饮，医疗，美容，研究，办公等商业房本,商业街店铺,褡裢坡-地铁站,119.0,,,,39.929826,116.570245,True,False,False,119㎡,租金面议,,"('39.929826', '116.570245')"
bright,(出租)国贸天街大厦工体三里屯商圈临街餐饮旺铺可多业态带外摆,临街门面,朝阳-CBD朝外大街甲6号,200.0,60000.0,,10.0,39.925655,116.463157,True,True,True,200㎡,6万/月,10元/m/天（价格可面议）,"('39.925655', '116.463157')"
bright,(出租)大兴龙湖天街纯一层把脚138平带天然气餐饮养生,商业街店铺,龙湖北京大兴天街-北京市大兴区,138.0,15000.0,3.62,3.62,39.692651,116.326758,True,True,True,138㎡,1.5万/月,3.62元/m/天,"('39.692651', '116.326758')"
bright,(出租)物业直租丨双门头丨餐饮全业态丨临地铁丨社区底商丨价格面议丨,社区底商,朝阳-东坝郑村坝街,136.23,,,,39.979381,116.558167,True,False,False,136.23㎡,租金面议,,"('39.979381', '116.558167')"
bright,(出租)直租土桥43平可餐饮适合外卖奶茶水站团购美容美甲办公,临街门面,通州-土桥详细地址请咨询,43.0,3200.0,,2.4806201550387597,39.880702,116.706334,True,True,True,43㎡,3200元/月,2.48元/m/天（价格可面议）,"('39.880702', '116.706334')"
bright,(出租)百子湾沿海赛洛城新出25平6500可餐饮面积不够可扩大可整租,商业街店铺,朝阳-百子湾百子湾东路,25.0,6500.0,8.67,8.67,39.905941,116.509557,True,True,True,25㎡,6500元/月,8.67元/m/天,"('39.905941', '116.509557')"
bright,(出租)临街！国贸有燃气物业直租适合炒菜快餐兰州拉面品牌餐饮,临街门面,朝阳-国贸东三环中路39号,300.0,38000.0,4.22,4.22,39.911335,116.465666,True,True,True,300㎡,3.8万/月,4.22元/m/天,"('39.911335', '116.465666')"
bright,(出租)社区配套，可仓储展厅超市餐饮网吧健身ktv,社区底商,海淀-海淀周边温阳路,100.0,6000.0,,2.0,40.080773,116.16611,True,True,True,100㎡,6000元/月,2元/m/天（价格可面议）,"('40.080773', '116.16611')"
bright,(出租)物业直租：小区门口，128平2.3元，挨着公交站，不可餐饮。,社区底商,朝阳-来广营金港南路,127.38,8789.22,,2.3000000000000003,40.014719,116.537885,True,True,True,127.38㎡,8789.22元/月,2.3元/m/天（价格可面议）,"('40.014719', '116.537885')"
bright,(出租)苏州桥！使用70平，全业态可注册，线上和外卖比较合适，可餐饮,写字楼配套,海淀-苏州街详细地址请咨询,100.0,20000.0,6.67,6.67,39.978276,116.310277,True,True,True,100㎡,2万/月,6.67元/m/天,"('39.978276', '116.310277')"
bright,(出租)丰台方庄桥大平层招各种品牌火锅等餐饮,商业街店铺,详细地址请咨询,590.0,56600.0,3.2,3.2,39.864873,116.443435,True,True,True,590㎡,5.66万/月,3.2元/m/天,"('39.864873', '116.443435')"
bright,(出租)精！不用付租金北三环北太平庄地铁45平米招租各类餐饮,商业街店铺,北太平庄-地铁站-北京市海淀区,50.0,15000.0,10.0,10.0,39.974437,116.376574,True,True,True,50㎡,1.5万/月,10元/m/天,"('39.974437', '116.376574')"
bright,(出租)朝阳区6号线地铁火锅余留可餐饮培训体能运动咖啡书吧茶室会所等,临街门面,通州-物资学院路物资学院路6号,314.0,,,,39.932806,116.64605,True,False,False,314㎡,租金面议,,"('39.932806', '116.64605')"
bright,(出租)海淀大钟寺餐饮旺铺!招米粉米线，砂锅，面，麻辣烫，各类小吃等,临街门面,海淀-交通大学交大东路50号,122.0,41100.0,,11.229508196721312,39.956106,116.357485,True,True,True,122㎡,4.11万/月,11.23元/m/天（费用可面议）,"('39.956106', '116.357485')"
bright,(出租)机电院新出可餐饮超大展示面适合火锅烧烤特色菜等全业态,临街门面,朝阳-工体工体东路,500.0,80000.0,,5.333333333333333,39.932633,116.457843,True,True,True,500㎡,8万/月,5.33元/m/天（价格可面议）,"('39.932633', '116.457843')"
bright,(出租)丰台方庄十字路口可餐饮有燃气招麻辣烫烧烤川湘菜美容,临街门面,丰台-成寿寺方庄南路,94.5,,,,39.856854,116.445466,True,False,False,94.5㎡,租金面议,,"('39.856854', '116.445466')"
bright,(出租)紧邻小区门口丨网红餐饮街丨火锅丨湖南菜丨胶东小海鲜丨有燃气,社区底商,朝阳-东坝东坝南二街,295.0,,,,39.966576,116.564229,True,False,False,295㎡,租金面议,,"('39.966576', '116.564229')"
bright,(出租)直租餐饮火锅烧烤串串香烤肉川湘菜铁锅炖中餐,商业街店铺,京通苑阳光华苑,376.54,,,,39.919996,116.603518,True,False,False,376.54㎡,租金面议,,"('39.919996', '116.603518')"
bright,(出租)国贸一层临街超大人流量有燃气招租餐饮咖啡外卖,临街门面,朝阳-CBD东三环中路39号,130.0,20000.0,,5.128205128205129,39.911335,116.465666,True,True,True,130㎡,2万/月,5.13元/m/天（价格可面议）,"('39.911335', '116.465666')"
bright,(出租)常营地铁口餐饮丨有燃气丨可外摆丨不限业态,商业街店铺,朝阳-常营常营中路,309.0,92700.0,,10.0,39.9348776,116.6064157,True,True,True,309㎡,9.27万/月,10元/m/天（价格可面议）,"('39.9348776', '116.6064157')"
bright,(出租)台球培训健身1200平可分割餐饮小菜园,商业街店铺,京通苑阳光华苑,568.0,,,,39.919996,116.603518,True,False,False,568㎡,租金面议,,"('39.919996', '116.603518')"
bright,(出租)餐饮，新出，不用装修临街底商客流量大,商业街店铺,朝阳-呼家楼丽枫西路7号,70.0,18000.0,8.57,8.57,39.922909,116.464885,True,True,True,70㎡,1.8万/月,8.57元/m/天,"('39.922909', '116.464885')"
bright,(出租)东大桥SOHO尚都一层临街精装修修70平餐饮商铺,写字楼配套,朝阳-东大桥东大桥路8号,70.0,25000.0,11.9,11.9,39.9242471,116.4592123,True,True,True,70㎡,2.5万/月,11.9元/m/天,"('39.9242471', '116.4592123')"
bright,(出租)直租国贸下沉花园餐饮商铺有燃气有排烟尚都SOHO,商业街店铺,朝阳-东大桥东大桥路8号,350.0,45000.0,,4.285714285714286,39.9242471,116.4592123,True,True,True,350㎡,4.5万/月,4.29元/m/天（价格可面议）,"('39.9242471', '116.4592123')"
bright,(出租)新出！四道口商铺出租。适合麻辣烫，黄焖鸡肉饼等各类餐饮。,临街门面,海淀-交通大学详细地址请咨询,50.0,20800.0,,13.866666666666667,39.969363,116.347855,True,True,True,50㎡,2.08万/月,13.89元/m/天（费用可面议）,"('39.969363', '116.347855')"
bright,(出租)朝阳公园商圈近地铁商铺出租独栋！招：餐饮会所培训等,临街门面,朝阳-朝阳公园农展馆北路,760.0,102600.0,,4.5,39.950209,116.475959,True,True,True,760㎡,10.26万/月,4.5元/m/天（费用可面议）,"('39.950209', '116.475959')"
bright,(出租)三环边团结湖临街一层商铺直租150平餐饮转让,临街门面,朝阳-团结湖朝阳北路,150.0,50000.0,,11.11111111111111,39.929359,116.469547,True,True,True,150㎡,5万/月,11.11元/m/天（费用可面议）,"('39.929359', '116.469547')"
bright,(出租)望京地铁零距商铺可餐饮业态不限250平价格,商业街店铺,朝阳-望京望京街10号,240.0,,,,40.002437,116.487916,True,False,False,240㎡,租金面议,,"('40.002437', '116.487916')"
bright,(出租)团结湖超300平米商铺直租，可做按摩，药店等非餐饮,商业街店铺,首都医科大学附属北京妇产医院(东院区)-北京市朝阳区,300.0,30000.0,3.33,3.33,39.936931,116.477968,True,True,True,300㎡,3万/月,3.33元/m/天,"('39.936931', '116.477968')"
bright,(出租)特！价！直租！新出商铺双面玻璃窗展示位，可餐饮，业态不限,写字楼配套,朝阳-国贸东三环中路,70.0,5000.0,,2.380952380952381,39.911192,116.467993,True,True,True,70㎡,5000元/月,2.38元/m/天（价格可面议）,"('39.911192', '116.467993')"
bright,(出租)龙湖长楹天街对面临街商铺可医美丨可餐饮丨不限业态,临街门面,朝阳-常营常营中路,223.0,53500.0,,7.997010463378176,39.9348776,116.6064157,True,True,True,223㎡,5.35万/月,8元/m/天（价格可面议）,"('39.9348776', '116.6064157')"
bright,(出租)西南四环临街商铺556平米复式适合会所餐饮，火锅店牙科门诊,写字楼配套,丰台-科技园区汽车博物馆东路1号,556.0,83400.0,,5.0,39.833416,116.307709,True,True,True,556㎡,8.34万/月,5元/m/天（价格可面议）,"('39.833416', '116.307709')"
bright,(出租)海淀区航天桥临街一层商铺面积185平米直租招餐饮有装修.,商业街店铺,南城香(航天桥店)-北京市海淀区,185.0,82000.0,14.77,14.77,39.932045,116.317164,True,True,True,185㎡,8.2万/月,14.77元/m/天,"('39.932045', '116.317164')"
bright,(出租)（朝阳旺铺）东坝临街商铺，主招餐饮带燃气，宠物店，租一一层,临街门面,朝阳-东坝东坝南二街,60.0,14400.0,,8.0,39.965964,116.574402,True,True,True,60㎡,1.44万/月,8元/m/天（价格可面议）,"('39.965964', '116.574402')"
bright,(出租)海淀双榆树（核心商圈）新出商铺，有餐饮，有燃气，房源,社区底商,海淀-双榆树详细地址请咨询,365.0,49300.0,,4.502283105022831,39.977968,116.328784,True,True,True,365㎡,4.93万/月,4.5元/m/天（价格可面议）,"('39.977968', '116.328784')"
bright,(出租)朝阳高碑店十字路口商铺全业态可餐饮直租价格面议,临街门面,朝阳-高碑店北花园中路,300.0,63000.0,,7.0,39.910489,116.555255,True,True,True,300㎡,6.3万/月,7元/m/天（价格可面议）,"('39.910489', '116.555255')"
bright,(出租)海淀三环临街二层商铺190平米有燃气餐饮美容,商业街店铺,海淀-大钟寺北三环西路,190.0,,,,39.972901,116.355102,True,False,False,190㎡,租金面议,,"('39.972901', '116.355102')"
bright,(出租)牡丹园附近新出临街一层商铺110平米适合各大品牌行业免餐饮等,临街门面,海淀-牡丹园牡丹园中街,110.0,24800.0,,7.515151515151516,39.985115,116.379256,True,True,True,110㎡,2.48万/月,7.5元/m/天（价格可面议）,"('39.985115', '116.379256')"
bright,(出租)物业出租商铺：296平上下两层，餐饮装修，带燃气，可直接开业,商业街店铺,朝阳-东坝倚秀路,295.66,35500.0,,4.0023450359647335,39.964274,116.573814,True,True,True,295.66㎡,3.55万/月,4元/m/天（价格可面议）,"('39.964274', '116.573814')"
bright,(出租)商铺转租丨有燃气丨适合餐饮丨培训丨修脚推拿丨小区门口丨,临街门面,朝阳-管庄朝阳路,376.0,,,,39.919798,116.603425,True,False,False,376㎡,租金面议,,"('39.919798', '116.603425')"
bright,(转让)朝外SOHO154平餐饮店转让，固定客源+高流量，白领消费高,商业街店铺,朝外SOHO,154.0,18000.0,28.0,28.0,39.925733,116.461265,True,True,True,154㎡,1.8万/月,转让费：28万元,"('39.925733', '116.461265')"
bright,(出租)西城区阜内大街89号临街底商旺铺房东直租,临街门面,阜成门内大街-89,165.0,50000.0,10.1,10.1,39.930064,116.37678,True,True,True,165㎡,5万/月,10.1元/m/天,"('39.930064', '116.37678')"
bright,(转让)德胜门商业街面包连锁蛋糕店转让客流密集位置好,临街门面,TOUSlesJOURS多乐之日(新风里店),101.2,36000.0,35.0,35.0,39.967792,116.381939,True,True,True,101.2㎡,3.6万/月,转让费：35万元,"('39.967792', '116.381939')"
bright,(出租)回龙观龙腾苑二区临街商铺出租420平可租无其他费用,临街门面,龙腾苑-二区,210.0,22000.0,3.49,3.49,40.083172,116.343681,True,True,True,210㎡,2.2万/月,3.49元/m/天,"('40.083172', '116.343681')"
bright,(出租)邻三环900平米适合办公会所餐饮茶楼娱乐,临街门面,苏皖大厦,900.0,94500.0,3.5,3.5,39.852427,116.344356,True,True,True,900㎡,9.45万/月,3.5元/m/天,"('39.852427', '116.344356')"
bright,(出租)安慧北里逸园28号楼临街底商旺铺直租,临街门面,安慧北里逸园南区-28号楼,316.0,105000.0,11.08,11.08,40.005405,116.419745,True,True,True,316㎡,10.5万/月,11.08元/m/天,"('40.005405', '116.419745')"
bright,(出租)黄村恒大未来城两层140㎡出租，成熟社区全业态，近地铁,商业街店铺,恒大未来城,140.0,8999.0,2.14,2.14,39.720345,116.320946,True,True,True,140㎡,8999元/月,2.14元/m/天,"('39.720345', '116.320946')"
bright,(出租)朝阳王四营人民日报印刷厂内1100平米餐厅档口招租,档口摊位,人民日报印刷厂,25.0,5000.0,6.67,6.67,39.866413,116.551483,True,True,True,25㎡,5000元/月,6.67元/m/天,"('39.866413', '116.551483')"
bright,(转让)朝阳北京200平餐厅转让，出租早点,社区底商,铭泽生活广场,200.0,30000.0,15.0,15.0,39.869836,116.48346,True,True,True,200㎡,3万/月,转让费：15万元,"('39.869836', '116.48346')"
bright,(转让)地铁积水潭站附近临街底商旺铺转让,临街门面,小炊谣,110.0,45900.0,15.0,15.0,39.957642,116.378567,True,True,True,110㎡,4.59万/月,转让费：15万元,"('39.957642', '116.378567')"
bright,(出租)北京核心景区南锣鼓巷c位商铺招租,商业街店铺,南锣鼓巷,400.0,200000.0,16.67,16.67,39.943562,116.408878,True,True,True,400㎡,20万/月,16.67元/m/天,"('39.943562', '116.408878')"
bright,(出租)海淀上地科实大厦底商商铺房东直租,写字楼配套,科实大厦,600.0,144000.0,8.0,8.0,40.040731,116.318389,True,True,True,600㎡,14.4万/月,8元/m/天,"('40.040731', '116.318389')"
bright,(出租)朝外大街日坛晶华8号楼底商临街门面房东直租除重餐饮外行业不限,社区底商,日坛晶华-8号楼,173.45,39000.0,7.49,7.49,39.926518,116.450761,True,True,True,173.45㎡,3.9万/月,7.49元/m/天,"('39.926518', '116.450761')"
bright,(出租)海淀五道口农业大学100-300平直租无转让费可餐饮！,临街门面,清华东路15号,105.97,26000.0,8.18,8.18,40.007289,116.366487,True,True,True,105.97㎡,2.6万/月,8.18元/m/天,"('40.007289', '116.366487')"
bright,(出租)石景山古城路步行街核心铺招租！近商场社区，人流量大,商业街店铺,古城南路步行街,140.0,,,,39.916957,116.198351,True,False,False,140㎡,租金面议,（价格可面议）,"('39.916957', '116.198351')"
bright,(转让)石景山八角西街280平精装涮肉店转租，5年租期人流量大,临街门面,八角西街,280.0,58800.0,,7.0,39.920335,116.205284,True,True,True,280㎡,5.88万/月,转让费：面议（转让费可面议）,"('39.920335', '116.205284')"
bright,(出租)奥林匹克公园临街铺面70-300平出租，12元/㎡含物业费,商业街店铺,北京工艺美术博物馆(文创店),80.0,29000.0,12.08,12.08,40.00572,116.400322,True,True,True,80㎡,2.9万/月,12.08元/m/天,"('40.00572', '116.400322')"
bright,(出租)旭景园1万平招租全业态制可仓储，配套手续齐全，整租可分租,临街门面,旭景园·精致生活广场,10000.0,,,,39.945537,116.703494,True,False,False,10000㎡,租金面议,（价格可面议）,"('39.945537', '116.703494')"
bright,(转让)蓝堡公寓饭店整体转600平精装含KTV，近华贸高客流价格可谈,商业街店铺,蓝堡国际公寓-南区,600.0,60000.0,80.0,80.0,39.916652,116.48313,True,True,True,600㎡,6万/月,转让费：80万元,"('39.916652', '116.48313')"
bright,(出租)（0转让费）朝阳欢乐谷附近Ⅰ临街流量社区底商旺铺整体出租,社区底商,PETLADY宠娘宠物生活馆(格林莱雅店),80.0,19000.0,7.92,7.92,39.873411,116.513574,True,True,True,80㎡,1.9万/月,7.92元/m/天,"('39.873411', '116.513574')"
bright,(出租)双井桥地铁D口附近临街社区底商人流量大旺铺出租位置优越,临街门面,优士阁-B座,87.0,22000.0,8.43,8.43,39.898418,116.466159,True,True,True,87㎡,2.2万/月,8.43元/m/天,"('39.898418', '116.466159')"
bright,(转让)朝阳北花园1号院一层店转租，设备全临主路,临街门面,中国传媒大学,130.0,32500.0,18.0,18.0,39.917551,116.563634,True,True,True,130㎡,3.25万/月,转让费：18万元,"('39.917551', '116.563634')"
bright,(出租)亦庄同济南路10㎡临街档口酒店公寓旁，白领多做早餐小吃奶茶佳,临街门面,同济南路,10.0,,,,39.779083,116.546239,True,False,False,10㎡,租金面议,（价格可面议）,"('39.779083', '116.546239')"
bright,(出租)新街口积水潭小西天临街商铺房东直租、周边客流大(除餐饮外),临街门面,新街口外大街29号,40.0,30000.0,25.0,25.0,39.958119,116.377868,True,True,True,40㎡,3万/月,25元/m/天,"('39.958119', '116.377868')"
bright,(出租)房东直租可线上超市台球轰趴足疗简餐中央厨房仓储,社区底商,百子湾东里,420.0,,,,39.905263,116.511316,True,False,False,420㎡,租金面议,（价格可面议）,"('39.905263', '116.511316')"
bright,(出租)交通大学8米门头餐饮铺!招:米粉米线，刀削面，各类餐饮小吃等,商业街店铺,交大东路15号院-北京市海淀区,120.0,52000.0,,14.444444444444445,39.957838,116.353809,True,True,True,120㎡,5.2万/月,14.44元/m/天（价格可面议）,"('39.957838', '116.353809')"
bright,(出租)CBD商务区360平临街餐饮旺铺中式快餐烧全业态双门头可外摆,临街门面,朝阳-东大桥东大桥路8号,360.0,46000.0,4.26,4.26,39.9242471,116.4592123,True,True,True,360㎡,4.6万/月,4.26元/m/天,"('39.9242471', '116.4592123')"
bright,(出租)亦庄地铁口主商街人流大白领多招品牌餐饮美容口腔锅圈超意兴,临街门面,通州-马驹桥潼关三区9号,85.0,,,,39.759039,116.55154,True,False,False,85㎡,租金面议,,"('39.759039', '116.55154')"
bright,(出租)三里屯工体酒吧街独栋，650平餐饮旺铺，适合火锅，烤肉，酒吧,商业街店铺,朝阳-三里屯工体北路,650.0,,,,39.940363,116.462207,True,False,False,650㎡,租金面议,,"('39.940363', '116.462207')"
bright,(出租)紫竹桥车道沟临街底商140平招租餐饮快餐足疗养生五金店鲜花店,商业街店铺,嘉友国际大厦-北京市海淀区,140.0,29400.0,,7.0,39.952269,116.29907,True,True,True,140㎡,2.94万/月,7元/m/天（价格可面议）,"('39.952269', '116.29907')"
bright,(出租)东大桥朝外SOHO临街一层可餐饮底商大展示面,临街门面,朝阳-东大桥朝外大街乙6号,251.0,60000.0,7.97,7.97,39.92584,116.461382,True,True,True,251㎡,6万/月,7.97元/m/天,"('39.92584', '116.461382')"
bright,(出租)（业主直租）路口把角25米展示面（可分租）明火餐饮品牌租户,临街门面,朝阳-管庄塔营街,325.0,97500.0,10.0,10.0,39.905268,116.60636,True,True,True,325㎡,9.75万/月,10元/m/天,"('39.905268', '116.60636')"
bright,(出租)大兴地铁站35平档口出租客流量大适合餐饮外卖,写字楼配套,枣园-地铁站-北京市大兴区,35.0,6000.0,5.71,5.71,39.759079,116.338975,True,True,True,35㎡,6000元/月,5.71元/m/天,"('39.759079', '116.338975')"
bright,(出租)工体东四一层临街豪华餐饮装修前后外摆非医可餐可娱乐养生美容,商业街店铺,东城-东四十条详细地址请咨询,700.0,,,,39.93662004397672,116.445191976587,True,False,False,700㎡,租金面议,,"('39.93662004397672', '116.445191976587')"
bright,(出租)世贸天街旁下沉广场外摆餐饮酒吧西餐全业态招商,临街门面,朝阳-国贸东大桥路8号,350.0,42000.0,,4.0,39.9242471,116.4592123,True,True,True,350㎡,4.2万/月,4元/m/天（价格可面议）,"('39.9242471', '116.4592123')"
bright,(出租)故宫旁美术馆临街商业独栋，700平，适合驻京办会所餐饮,临街门面,东城-沙滩北河沿大街,700.0,,,,39.935488,116.412342,True,False,False,700㎡,租金面议,,"('39.935488', '116.412342')"
bright,(出租)国贸主街旺铺金角底商俯瞰中国尊全业态餐饮展厅金融不限,临街门面,朝阳-国贸东三环中路39号,300.0,,,,39.911335,116.465666,True,False,False,300㎡,租金面议,,"('39.911335', '116.465666')"
bright,(出租)一一一一业态不限可棋牌餐饮会所茶室等有燃气一一一一,其他,丰台-角门详细地址请咨询,60.0,12000.0,6.67,6.67,39.853803,116.392941,True,True,True,60㎡,1.2万/月,6.67元/m/天,"('39.853803', '116.392941')"
bright,(出租)牡丹园！招餐饮顺德菜，火锅，烤肉，烧烤，米线，羊蝎子等快餐,商业街店铺,海淀-牡丹园详细地址请咨询,100.0,60000.0,,20.0,39.985115,116.379256,True,True,True,100㎡,6万/月,20元/m/天（费用可面议）,"('39.985115', '116.379256')"
bright,(出租)直租北三环安贞小关亚运村临街独栋1000平餐饮医疗展厅等,临街门面,朝阳-胜古北苑路,1000.0,165000.0,5.5,5.5,39.984151,116.41429,True,True,True,1000㎡,16.5万/月,5.5元/m/天,"('39.984151', '116.41429')"
bright,(出租)急租可优惠常营十字路口大展示面！可招培训街舞清真餐饮,临街门面,朝阳-常营详细地址请咨询,338.64,25400.0,,2.5001968658949525,39.933958,116.589598,True,True,True,338.64㎡,2.54万/月,2.5元/m/天（费用可面议）,"('39.933958', '116.589598')"
bright,(出租)朝阳门地铁口400平，可外摆，有餐饮条件，原甜品店,商业街店铺,东城-朝阳门朝阳门西路,400.0,30000.0,,2.5,39.9267163,116.4396851,True,True,True,400㎡,3万/月,2.5元/m/天（价格可面议）,"('39.9267163', '116.4396851')"
bright,(出租)中关村黄庄地铁海淀医院400平米招租高端餐饮,商业街店铺,北京市海淀医院-北京市海淀区,400.0,,,,39.982867,116.321675,True,False,False,400㎡,租金面议,,"('39.982867', '116.321675')"
bright,(出租)亦庄带装修餐饮铺进场直接干楼上有酒店招板面东北菜北京菜,临街门面,通州-次渠科创东三街辅路,180.0,27000.0,,5.0,39.82304,116.549009,True,True,True,180㎡,2.7万/月,5元/m/天（价格可面议）,"('39.82304', '116.549009')"
bright,(出租)南六环独栋独院1000平适合办公接待品牌餐饮,其他,生物医药基地-地铁站-北京市大兴区,1000.0,,,,39.692272,116.328218,True,False,False,1000㎡,租金面议,,"('39.692272', '116.328218')"
bright,(出租)交大西门餐饮集中地临街一层150平餐饮店面转让,临街门面,海淀-交通大学大慧寺南路,120.0,45800.0,,12.722222222222221,39.957122,116.339097,True,True,True,120㎡,4.58万/月,12.73元/m/天（费用可面议）,"('39.957122', '116.339097')"
bright,(出租)东三环双井，纯一层餐饮，房东直租有燃气，酒吧餐厅不限制,临街门面,朝阳-双井东柏街,280.0,42000.0,,5.0,39.90109,116.477479,True,True,True,280㎡,4.2万/月,5元/m/天（价格可面议）,"('39.90109', '116.477479')"
bright,(出租)顺义南法信12个月免费用万人青年社区可餐饮直租,社区底商,顺义-石门南法信府前街56号,114.0,,,,40.126049,116.619461,True,False,False,114㎡,租金面议,,"('40.126049', '116.619461')"
bright,(出租)一层餐饮旺铺麻辣烫西餐快餐麻辣烫串串烘培日料等,商业街店铺,朝阳-CBD朝外大街乙6号,150.0,18000.0,4.0,4.0,39.92584,116.461382,True,True,True,150㎡,1.8万/月,4元/m/天,"('39.92584', '116.461382')"
bright,(出租)聚福苑商圈瑜伽健身台球餐饮物业直租无中介费,商业街店铺,朝阳-定福庄定福庄北街,500.0,,,,39.922541,116.560349,True,False,False,500㎡,租金面议,,"('39.922541', '116.560349')"
bright,(出租)房山良乡行宫园80平米餐饮底商出租转让,社区底商,房山-良乡良乡中路,80.0,9600.0,4.0,4.0,39.737211,116.149645,True,True,True,80㎡,9600元/月,4元/m/天,"('39.737211', '116.149645')"
bright,(出租)朝阳东坝丨地铁口小区口75平可餐饮宠物服装超市,临街门面,北京市朝阳区东坝(地区)乡东坝大街,74.73,13000.0,,5.798652928319728,39.981024,116.560311,True,True,True,74.73㎡,1.3万/月,5.78元/m/天（价格可面议）,"('39.981024', '116.560311')"
bright,(出租)万达一层52平餐饮直租近地铁和写字楼有钥匙随时看,商业街店铺,通州-通州北苑新华西街58号,52.0,12000.0,7.69,7.69,39.9114789,116.6471654,True,True,True,52㎡,1.2万/月,7.69元/m/天,"('39.9114789', '116.6471654')"
bright,(出租)三里屯工体临街餐饮旺铺，800平可分租，赠外摆，适合中餐,商业街店铺,朝阳-工体心中西街,850.0,191300.0,,7.5019607843137255,39.937417,116.443821,True,True,True,850㎡,19.13万/月,7.5元/m/天（价格可面议）,"('39.937417', '116.443821')"
bright,(出租)朝阳区，社区底商，，线上，餐饮，适合全业态，甲方招商，,社区底商,朝阳-定福庄朝阳北路,38.0,,,,39.930105,116.571879,True,False,False,38㎡,租金面议,,"('39.930105', '116.571879')"
bright,(出租)出租）餐饮门面肯德基旁大客流餐饮快餐烘焙水吧零售展厅,商业街店铺,朝阳-定福庄朝阳路,220.76,39700.0,,5.994443437820862,39.921846,116.562343,True,True,True,220.76㎡,3.97万/月,6元/m/天（价格可面议）,"('39.921846', '116.562343')"
bright,(出租)海淀黄庄苏州街中关村餐饮商铺出租面积400-500可分租,社区底商,海淀-苏州桥详细地址请咨询,530.0,79500.0,,5.0,39.981517,116.322611,True,True,True,530㎡,7.95万/月,5元/m/天（价格可面议）,"('39.981517', '116.322611')"
bright,(出租)通州土桥临街商铺纯一层全业态带燃气大门头可餐饮,临街门面,通州-土桥九棵树东路,200.0,42000.0,,7.0,39.878795,116.696045,True,True,True,200㎡,4.2万/月,7元/m/天（价格可面议）,"('39.878795', '116.696045')"
bright,(出租)大兴丽园路60平商铺出租自带流量适合餐饮快餐全业态,商业街店铺,枣园-地铁站-北京市大兴区,60.0,14200.0,7.87,7.87,39.759079,116.338975,True,True,True,60㎡,1.42万/月,7.87元/m/天,"('39.759079', '116.338975')"
bright,(出租)紫竹桥临街商铺出租办公居民大学酒店配套餐饮刚需适合特色快餐,商业街店铺,海淀-紫竹桥紫竹桥2号,150.0,28500.0,6.33,6.33,39.949256,116.319662,True,True,True,150㎡,2.85万/月,6.33元/m/天,"('39.949256', '116.319662')"
bright,(出租)写字楼配套沿街门面出租适合各种餐饮小吃熟食包子,社区底商,朝阳-姚家园详细地址请咨询,30.0,11500.0,,12.777777777777779,39.942332,116.518095,True,True,True,30㎡,1.15万/月,12.78元/m/天（费用可面议）,"('39.942332', '116.518095')"
bright,(出租)北二环小商铺全业态，餐饮类服务站美发美甲烘培奶茶,商业街店铺,西城-什刹海德胜门内大街,45.0,23300.0,17.28,17.28,39.943785,116.386017,True,True,True,45㎡,2.33万/月,17.28元/m/天,"('39.943785', '116.386017')"
bright,(出租)朝阳富力又一城临街商铺出租可餐饮价格面议,临街门面,朝阳-豆各庄大鲁店北路,30.0,11000.0,,12.222222222222221,39.851268,116.5642,True,True,True,30㎡,1.1万/月,12.22元/m/天（价格可面议）,"('39.851268', '116.5642')"
bright,(出租)自持项目朝阳大黄庄定福庄80平商铺直租适合餐饮超市等任何行业,临街门面,北京市朝阳区定富庄北街14号,80.0,25000.0,,10.416666666666666,39.924022,116.560293,True,True,True,80㎡,2.5万/月,10.42元/m/天（价格可面议）,"('39.924022', '116.560293')"
bright,(转让)霄云路主路临街新出商铺人流巨大特别适合小型餐饮位置很好,商业街店铺,朝阳-燕莎霄云路28号,60.0,,18.0,18.0,39.963594,116.47266,True,False,True,60㎡,租金面议,转让费：18万元,"('39.963594', '116.47266')"
bright,(出租)丰台科技园，紧邻天坛医院，临街商铺出租，水电燃气齐全！可餐饮,临街门面,丰台-科技园区南四环西路126号,150.0,37500.0,,8.333333333333334,,,False,True,True,150㎡,3.75万/月,8.33元/m/天（价格可面议）, 
bright,(出租)传媒大学新出商铺大展示面有固定客流除餐饮其他都可做,社区底商,朝阳-定福庄定福庄北街,113.0,21000.0,6.2,6.2,39.922541,116.560349,True,True,True,113㎡,2.1万/月,6.2元/m/天,"('39.922541', '116.560349')"
bright,(出租)六道口183平大展示临街商铺餐饮国企直签群体办公学校社区,临街门面,海淀-学院路北学清路,181.0,48900.0,,9.005524861878452,40.01793,116.359401,True,True,True,181㎡,4.89万/月,9元/m/天（价格可面议）,"('40.01793', '116.359401')"
bright,(出租)商铺转租丨可餐饮丨丨宠物店丨酒吧丨咖啡厅丨面馆丨均可,临街门面,朝阳-管庄详细地址请咨询,99.0,,,,39.935541,116.599347,True,False,False,99㎡,租金面议,,"('39.935541', '116.599347')"
bright,(出租)方庄地铁站旁临街纯一层全业态商铺，可餐饮可其他.位置好,临街门面,丰台-方庄方庄路,90.0,28000.0,10.37,10.37,39.873184,116.445507,True,True,True,90㎡,2.8万/月,10.37元/m/天,"('39.873184', '116.445507')"
bright,(出租)朝阳东三环临街一层商铺招餐饮拉面火锅中餐烧烤等等,档口摊位,弘善家园P区-114号楼-北京市朝阳区,230.0,34500.0,5.0,5.0,39.875289,116.461256,True,True,True,230㎡,3.45万/月,5元/m/天,"('39.875289', '116.461256')"
bright,(出租)海淀区知春路商铺200平米，招餐饮超市美容美发口腔,临街门面,海淀-中关村知春路108号,200.0,,,,39.981326,116.328625,True,False,False,200㎡,租金面议,,"('39.981326', '116.328625')"
bright,(出租)西单地铁口沿街门面直租展示面八米可面快餐奶茶轻餐饮等,商业街店铺,西城-西单详细地址请咨询,100.0,20000.0,,6.666666666666667,39.9155512,116.381796,True,True,True,100㎡,2万/月,6.67元/m/天（价格可面议）,"('39.9155512', '116.381796')"
bright,(转让)朝外SOHO154平餐饮店转让，固定客源+高流量，白领消费高,商业街店铺,朝外SOHO,154.0,18000.0,28.0,28.0,39.925733,116.461265,True,True,True,154㎡,1.8万/月,转让费：28万元,"('39.925733', '116.461265')"
bright,(出租)西城区阜内大街89号临街底商旺铺房东直租,临街门面,阜成门内大街-89,165.0,50000.0,10.1,10.1,39.930064,116.37678,True,True,True,165㎡,5万/月,10.1元/m/天,"('39.930064', '116.37678')"
bright,(转让)德胜门商业街面包连锁蛋糕店转让客流密集位置好,临街门面,TOUSlesJOURS多乐之日(新风里店),101.2,36000.0,35.0,35.0,39.967792,116.381939,True,True,True,101.2㎡,3.6万/月,转让费：35万元,"('39.967792', '116.381939')"
bright,(出租)回龙观龙腾苑二区临街商铺出租420平可租无其他费用,临街门面,龙腾苑-二区,210.0,22000.0,3.49,3.49,40.083172,116.343681,True,True,True,210㎡,2.2万/月,3.49元/m/天,"('40.083172', '116.343681')"
bright,(出租)邻三环900平米适合办公会所餐饮茶楼娱乐,临街门面,苏皖大厦,900.0,94500.0,3.5,3.5,39.852427,116.344356,True,True,True,900㎡,9.45万/月,3.5元/m/天,"('39.852427', '116.344356')"
bright,(出租)安慧北里逸园28号楼临街底商旺铺直租,临街门面,安慧北里逸园南区-28号楼,316.0,105000.0,11.08,11.08,40.005405,116.419745,True,True,True,316㎡,10.5万/月,11.08元/m/天,"('40.005405', '116.419745')"
bright,(出租)黄村恒大未来城两层140㎡出租，成熟社区全业态，近地铁,商业街店铺,恒大未来城,140.0,8999.0,2.14,2.14,39.720345,116.320946,True,True,True,140㎡,8999元/月,2.14元/m/天,"('39.720345', '116.320946')"
bright,(出租)朝阳王四营人民日报印刷厂内1100平米餐厅档口招租,档口摊位,人民日报印刷厂,25.0,5000.0,6.67,6.67,39.866413,116.551483,True,True,True,25㎡,5000元/月,6.67元/m/天,"('39.866413', '116.551483')"
bright,(转让)朝阳北京200平餐厅转让，出租早点,社区底商,铭泽生活广场,200.0,30000.0,15.0,15.0,39.869836,116.48346,True,True,True,200㎡,3万/月,转让费：15万元,"('39.869836', '116.48346')"
bright,(转让)地铁积水潭站附近临街底商旺铺转让,临街门面,小炊谣,110.0,45900.0,15.0,15.0,39.957642,116.378567,True,True,True,110㎡,4.59万/月,转让费：15万元,"('39.957642', '116.378567')"
bright,(出租)北京核心景区南锣鼓巷c位商铺招租,商业街店铺,南锣鼓巷,400.0,200000.0,16.67,16.67,39.943562,116.408878,True,True,True,400㎡,20万/月,16.67元/m/天,"('39.943562', '116.408878')"
bright,(出租)海淀上地科实大厦底商商铺房东直租,写字楼配套,科实大厦,600.0,144000.0,8.0,8.0,40.040731,116.318389,True,True,True,600㎡,14.4万/月,8元/m/天,"('40.040731', '116.318389')"
bright,(出租)朝外大街日坛晶华8号楼底商临街门面房东直租除重餐饮外行业不限,社区底商,日坛晶华-8号楼,173.45,39000.0,7.49,7.49,39.926518,116.450761,True,True,True,173.45㎡,3.9万/月,7.49元/m/天,"('39.926518', '116.450761')"
bright,(出租)海淀五道口农业大学100-300平直租无转让费可餐饮！,临街门面,清华东路15号,105.97,26000.0,8.18,8.18,40.007289,116.366487,True,True,True,105.97㎡,2.6万/月,8.18元/m/天,"('40.007289', '116.366487')"
bright,(出租)石景山古城路步行街核心铺招租！近商场社区，人流量大,商业街店铺,古城南路步行街,140.0,,,,39.916957,116.198351,True,False,False,140㎡,租金面议,（价格可面议）,"('39.916957', '116.198351')"
bright,(转让)石景山八角西街280平精装涮肉店转租，5年租期人流量大,临街门面,八角西街,280.0,58800.0,,7.0,39.920335,116.205284,True,True,True,280㎡,5.88万/月,转让费：面议（转让费可面议）,"('39.920335', '116.205284')"
bright,(出租)奥林匹克公园临街铺面70-300平出租，12元/㎡含物业费,商业街店铺,北京工艺美术博物馆(文创店),80.0,29000.0,12.08,12.08,40.00572,116.400322,True,True,True,80㎡,2.9万/月,12.08元/m/天,"('40.00572', '116.400322')"
bright,(出租)旭景园1万平招租全业态制可仓储，配套手续齐全，整租可分租,临街门面,旭景园·精致生活广场,10000.0,,,,39.945537,116.703494,True,False,False,10000㎡,租金面议,（价格可面议）,"('39.945537', '116.703494')"
bright,(转让)蓝堡公寓饭店整体转600平精装含KTV，近华贸高客流价格可谈,商业街店铺,蓝堡国际公寓-南区,600.0,60000.0,80.0,80.0,39.916652,116.48313,True,True,True,600㎡,6万/月,转让费：80万元,"('39.916652', '116.48313')"
bright,(出租)（0转让费）朝阳欢乐谷附近Ⅰ临街流量社区底商旺铺整体出租,社区底商,PETLADY宠娘宠物生活馆(格林莱雅店),80.0,19000.0,7.92,7.92,39.873411,116.513574,True,True,True,80㎡,1.9万/月,7.92元/m/天,"('39.873411', '116.513574')"
bright,(出租)双井桥地铁D口附近临街社区底商人流量大旺铺出租位置优越,临街门面,优士阁-B座,87.0,22000.0,8.43,8.43,39.898418,116.466159,True,True,True,87㎡,2.2万/月,8.43元/m/天,"('39.898418', '116.466159')"
bright,(转让)朝阳北花园1号院一层店转租，设备全临主路,临街门面,中国传媒大学,130.0,32500.0,18.0,18.0,39.917551,116.563634,True,True,True,130㎡,3.25万/月,转让费：18万元,"('39.917551', '116.563634')"
bright,(出租)亦庄同济南路10㎡临街档口酒店公寓旁，白领多做早餐小吃奶茶佳,临街门面,同济南路,10.0,,,,39.779083,116.546239,True,False,False,10㎡,租金面议,（价格可面议）,"('39.779083', '116.546239')"
bright,(出租)新街口积水潭小西天临街商铺房东直租、周边客流大(除餐饮外),临街门面,新街口外大街29号,40.0,30000.0,25.0,25.0,39.958119,116.377868,True,True,True,40㎡,3万/月,25元/m/天,"('39.958119', '116.377868')"
bright,(出租)房东直租可线上超市台球轰趴足疗简餐中央厨房仓储,社区底商,百子湾东里,420.0,,,,39.905263,116.511316,True,False,False,420㎡,租金面议,（价格可面议）,"('39.905263', '116.511316')"
bright,(出租)大学正对面，临街底商，办公居民大学客群，非餐饮业态不限，,临街门面,朝阳-定福庄详细地址请咨询,91.59,20200.0,7.35,7.35,39.92205,116.562283,True,True,True,91.59㎡,2.02万/月,7.35元/m/天,"('39.92205', '116.562283')"
bright,(出租)东三环单价低社区出入口一手房东可餐饮可分租200平,临街门面,瑞辰国际中心-北京市朝阳区,640.0,,,,39.940049,116.47326,True,False,False,640㎡,租金面议,,"('39.940049', '116.47326')"
bright,(出租)万达业主直租108平1.3万每月餐饮装修有燃气不限业态,商业街店铺,通州-通州北苑新华西街58号,108.0,13000.0,,4.012345679012346,39.9114789,116.6471654,True,True,True,108㎡,1.3万/月,4.01元/m/天（价格可面议）,"('39.9114789', '116.6471654')"
bright,(出租)四道口皂君庙新出餐饮房源，周边缺少餐饮，适合刀削面，拉面滩羊,社区底商,海淀-大钟寺四道口路,300.0,54000.0,,6.0,39.969181,116.34805,True,True,True,300㎡,5.4万/月,6元/m/天（价格可面议）,"('39.969181', '116.34805')"
bright,(出租)通州核心商圈周边小区中心区域十字路口位置可餐饮,社区底商,通州-次渠详细地址请咨询,166.7,,,,39.795259,116.607872,True,False,False,166.7㎡,租金面议,,"('39.795259', '116.607872')"
bright,(出租)长阳路口旺铺出租招租餐饮外卖店米粉麻辣烫牛肉饭月底,临街门面,房山-长阳京良路,40.0,3600.0,,3.0,39.770199,116.217796,True,True,True,40㎡,3600元/月,3元/m/天（价格可面议）,"('39.770199', '116.217796')"
bright,(出租)直租东城区前门大街临街商业1000平餐饮挨着全聚德,临街门面,东城-前门前门大街,1000.0,240000.0,,8.0,39.905524,116.404589,True,True,True,1000㎡,24万/月,8元/m/天（价格可面议）,"('39.905524', '116.404589')"
bright,(出租)CBD朝外独立底商大展示面餐饮酒吧茶室办公培训,商业街店铺,朝阳-国贸光华路9号,191.0,22000.0,,3.8394415357766145,39.9223295,116.458647,True,True,True,191㎡,2.2万/月,3.84元/m/天（价格可面议）,"('39.9223295', '116.458647')"
bright,(出租)石景山古城临街130平，可做汽修美容贴膜，川湘菜火锅各种餐饮,临街门面,石景山-古城古城西路,130.0,25000.0,6.41,6.41,39.920481,116.193243,True,True,True,130㎡,2.5万/月,6.41元/m/天,"('39.920481', '116.193243')"
bright,(出租)东三华大望路350商业露台适合：二奢店水烟吧酒吧餐饮,商业街店铺,朝阳-大望路详细地址请咨询,350.0,,,,39.913059,116.481705,True,False,False,350㎡,租金面议,,"('39.913059', '116.481705')"
bright,(出租)朝阳北路餐饮带露台595有燃气可外摆培训台球健身不限,商业街店铺,朝阳-定福庄朝阳北路,595.0,50000.0,,2.8011204481792715,39.929826,116.570245,True,True,True,595㎡,5万/月,2.8元/m/天（价格可面议）,"('39.929826', '116.570245')"
bright,(出租)大兴美食街300平精装修招租特色美食品牌餐饮网红小吃等,临街门面,天键广场-北京市大兴区,300.0,41700.0,4.63,4.63,39.758481,116.321199,True,True,True,300㎡,4.17万/月,4.63元/m/天,"('39.758481', '116.321199')"
bright,(出租)海淀村新出餐饮房源，客流巨大，欢迎考察洽谈合作随时来电,社区底商,海淀-北航罗庄中路,800.0,156000.0,,6.5,39.981472,116.352287,True,True,True,800㎡,15.6万/月,6.5元/m/天（费用可面议）,"('39.981472', '116.352287')"
bright,(出租)美食城共享厨房餐饮接待仓储配超市市集展厅华联常营地铁北侧,临街门面,朝阳-常营常营-地铁站-北京市朝阳区,1039.0,,,,39.93154,116.606124,True,False,False,1039㎡,租金面议,,"('39.93154', '116.606124')"
bright,(出租)亮马桥麦子店1000平6元商业房本有燃气餐饮医疗,临街门面,朝阳-朝阳公园麦子店街39号,1000.0,180000.0,6.0,6.0,39.953529,116.473114,True,True,True,1000㎡,18万/月,6元/m/天,"('39.953529', '116.473114')"
bright,(出租)直租南三环方庄临街商业450平可分租餐饮医疗展厅娱乐等等,临街门面,丰台-方庄南三环东路,450.0,74300.0,,5.503703703703704,39.864365,116.431479,True,True,True,450㎡,7.43万/月,5.5元/m/天（价格可面议）,"('39.864365', '116.431479')"
bright,(出租)十字路口旺铺直租医美美容宠物店餐饮酒吧展厅会馆等不限,商业街店铺,朝阳-CBD朝外大街乙6号,480.0,85000.0,,5.902777777777778,39.92584,116.461382,True,True,True,480㎡,8.5万/月,5.9元/m/天（费用可面议）,"('39.92584', '116.461382')"
bright,(出租)褡裢铁口底商营业厅余留品牌餐饮展厅典当行银行服装店,临街门面,朝阳-定福庄朝阳北路,118.58,,,,39.929826,116.570245,True,False,False,118.58㎡,租金面议,,"('39.929826', '116.570245')"
bright,(出租)低！价！超配电力燃气可分租适合高端医疗健康管理餐饮会所不限,商业街店铺,朝阳-国贸东三环中路39号,406.0,,,,39.911335,116.465666,True,False,False,406㎡,租金面议,,"('39.911335', '116.465666')"
bright,(出租)直租甜水园金台路门头10米商业房本有燃气不限业态餐饮医疗,商业街店铺,朝阳-甜水园甜水园街,355.0,47900.0,,4.497652582159624,39.933486,116.48487,True,True,True,355㎡,4.79万/月,4.5元/m/天（价格可面议）,"('39.933486', '116.48487')"
bright,(出租)新出高端底商正对小区门口超大门头适合非餐饮业态,商业街店铺,朝阳-CBD朝外大街乙6号,120.0,28000.0,,7.777777777777778,39.92584,116.461382,True,True,True,120㎡,2.8万/月,7.78元/m/天（价格可面议）,"('39.92584', '116.461382')"
bright,(出租)海淀区北四环保福寺附近高端写字楼一层157平米餐饮直租,写字楼配套,海淀-中关村中关村南路,157.0,53200.0,,11.295116772823778,39.986672,116.335773,True,True,True,157㎡,5.32万/月,11.3元/m/天（转让费可面议）,"('39.986672', '116.335773')"
bright,(出租)双井商业步行街50平4300月除餐饮外所有业态,临街门面,朝阳-百子湾百子湾路32号,50.0,4300.0,,2.8666666666666667,39.905581,116.47703,True,True,True,50㎡,4300元/月,2.87元/m/天（价格可面议）,"('39.905581', '116.47703')"
bright,(出租)东四环临主街商场1200平米商务餐饮精装修接可直接营业,购物百货中心,朝阳-大望路八里庄东里5号,1200.0,,,,39.92207,116.502817,True,False,False,1200㎡,租金面议,,"('39.92207', '116.502817')"
bright,(出租)二环内地标建筑写字楼底商2层可餐饮可做展厅正对东二环281平,写字楼配套,东城-朝阳门朝阳门西路,281.0,,,,39.9267163,116.4396851,True,False,False,281㎡,租金面议,,"('39.9267163', '116.4396851')"
bright,(出租)双井临街一层100平4万月丨主马路人流不断丨适合餐饮,商业街店铺,朝阳-双井广渠路31号,100.0,40000.0,,13.333333333333334,39.899893,116.480875,True,True,True,100㎡,4万/月,13.33元/m/天（价格可面议）,"('39.899893', '116.480875')"
bright,(出租)无转让费常营餐饮推拿理疗线上超市可明火健身房台球厅舞蹈瑜伽,商业街店铺,详细地址请咨询,339.0,24200.0,,2.3795476892822025,,,False,True,True,339㎡,2.42万/月,2.38元/m/天（费用可面议）, 
bright,(出租)常营天街商圈商业一层小面积餐饮甜品通信美发,临街门面,朝阳-常营常营北路,99.12,26900.0,9.03,9.03,39.935541,116.599347,True,True,True,99.12㎡,2.69万/月,9.03元/m/天,"('39.935541', '116.599347')"
bright,(出租)三元桥燕莎一层临街餐饮打卡地，外摆，车位,临街门面,霄云美食城-北京市朝阳区,469.0,,,,39.962986,116.467409,True,False,False,469㎡,租金面议,,"('39.962986', '116.467409')"
bright,(出租)五道口清华大学门口770平7元具备餐饮条件,临街门面,海淀-五道口成府路,770.0,161700.00000000003,7.0,7.0,39.998956,116.345192,True,True,True,770㎡,16.17万/月,7元/m/天,"('39.998956', '116.345192')"
bright,(出租)直租品牌餐饮临街商铺朝阳门1572平适合餐饮虾饺妹豪华装修,临街门面,东城-朝阳门朝阳门西路,1595.0,95700.0,2.0,2.0,39.9267163,116.4396851,True,True,True,1595㎡,9.57万/月,2元/m/天,"('39.9267163', '116.4396851')"
bright,(出租)东城朝阳门热门商铺招租，超大展示面，人流量多适合各类餐饮小吃,临街门面,东城-龙潭湖详细地址请咨询,50.0,,,,39.925826,116.432852,True,False,False,50㎡,租金面议,,"('39.925826', '116.432852')"
bright,(出租)望京临街餐饮商铺出租十字路口可分租,商业街店铺,朝阳-花家地望京西路,1000.0,108000.0,3.6,3.6,40.004715,116.464527,True,True,True,1000㎡,10.8万/月,3.6元/m/天,"('40.004715', '116.464527')"
bright,(出租)复兴路临街写字楼一层850平商铺立项商业可医疗餐饮展厅等,写字楼配套,复兴路甲-49号院-北京市海淀区,850.0,191300.0,,7.5019607843137255,39.914663,116.305791,True,True,True,850㎡,19.13万/月,7.5元/m/天（价格可面议）,"('39.914663', '116.305791')"
bright,(出租)西四环青塔大成路临街商铺出租可餐饮大展示面有电梯,临街门面,朝阳-惠新西街大成路,550.0,59400.00000000001,3.6,3.6,39.895673,116.262652,True,True,True,550㎡,5.94万/月,3.6元/m/天,"('39.895673', '116.262652')"
bright,(出租)亚运村小营中路新出临街一层商铺360平适合各大品牌餐饮行业,购物百货中心,朝阳-奥林匹克公园安立路8号,360.0,96100.0,,8.898148148148149,,,False,True,True,360㎡,9.61万/月,8.9元/m/天（价格可面议）, 
bright,(出租)常营临街商铺出租一拖二465平，餐饮装修，带外摆,商业街店铺,朝阳-常营常营中路,465.0,83699.99999999999,6.0,6.0,39.929823,116.600051,True,True,True,465㎡,8.37万/月,6元/m/天,"('39.929823', '116.600051')"
bright,(出租)西单西四街临街门面10米门头带露台餐饮零售全业态,商业街店铺,西城-西四西四北大街156号,150.0,40500.0,9.0,9.0,39.933374,116.380001,True,True,True,150㎡,4.05万/月,9元/m/天,"('39.933374', '116.380001')"
bright,(出租)商铺出租餐饮甲方直租无中介费随租随用,社区底商,褡裢坡-地铁站-北京市朝阳区,280.0,,,,39.92982622406078,116.57024490696993,True,False,False,280㎡,租金面议,,"('39.92982622406078', '116.57024490696993')"
bright,(出租)V交通大学门口商铺出租适合各种小吃餐饮24387,临街门面,北京交通大学(东校区)-北京市海淀区,40.0,12000.0,10.0,10.0,39.952925,116.353861,True,True,True,40㎡,1.2万/月,10元/m/天,"('39.952925', '116.353861')"
bright,(出租)海淀区田村临街一层商铺75平，除餐饮业态不限适合美容采耳修脚,社区底商,海淀-田村田村东路,75.0,,,,39.93552,116.256307,True,False,False,75㎡,租金面议,,"('39.93552', '116.256307')"
bright,(出租)旺铺招商上地嘉华大厦，独立门脸，有天然气，中央空调适合做餐饮,商业街店铺,海淀-上地金隅嘉华大厦-D座-北京市海淀区,165.0,,,,40.042631,116.31381,True,False,False,165㎡,租金面议,,"('40.042631', '116.31381')"
bright,(出租)北太平庄地铁东临街门脸30平米，门头6米，免餐饮其他行业不限,临街门面,海淀-牡丹园北土城西路,30.0,15000.0,16.67,16.67,39.984886,116.378301,True,True,True,30㎡,1.5万/月,16.67元/m/天,"('39.984886', '116.378301')"
bright,(出租)朝阳北路，中国传媒大学正对面，临街商铺出租，适合非餐饮全业态,其他,朝阳-定福庄详细地址请咨询,151.96,28300.0,,6.207773975607616,39.921846,116.562343,True,True,True,151.96㎡,2.83万/月,6.2元/m/天（价格可面议）,"('39.921846', '116.562343')"
bright,(出租)798艺术区商铺，30平一层，位置好，可餐饮随时看房,商业街店铺,"朝阳-大山子酒仙桥路2号,4号",30.0,9000.0,,10.0,39.991356,116.502281,True,True,True,30㎡,9000元/月,10元/m/天（价格可面议）,"('39.991356', '116.502281')"
bright,(出租)木樨地临街商铺餐饮少年轻人比较多，特别适合米线麻辣烫，螺蛳粉,写字楼配套,西城-南礼士路木樨地路,85.0,28000.0,,10.980392156862745,39.909701,116.347037,True,True,True,85㎡,2.8万/月,10.98元/m/天（价格可面议）,"('39.909701', '116.347037')"
bright,(转让)W转顺义顺仁路60平店铺带天然气可餐饮,社区底商,顺仁路-道路-北京市顺义区,60.0,4166.0,2.0,2.0,40.102325,116.671194,True,True,True,60㎡,4166元/月,转让费：2万元,"('40.102325', '116.671194')"
bright,(出租)新出广安门马连道临街一层商铺直租，可餐饮小吃美发药店零食超市,临街门面,西城-马连道详细地址请咨询,100.0,36000.0,,12.0,39.888755,116.334208,True,True,True,100㎡,3.6万/月,12元/m/天（费用可面议）,"('39.888755', '116.334208')"
bright,(转让)朝外SOHO154平餐饮店转让，固定客源+高流量，白领消费高,商业街店铺,朝外SOHO,154.0,18000.0,28.0,28.0,39.925733,116.461265,True,True,True,154㎡,1.8万/月,转让费：28万元,"('39.925733', '116.461265')"
bright,(出租)西城区阜内大街89号临街底商旺铺房东直租,临街门面,阜成门内大街-89,165.0,50000.0,10.1,10.1,39.930064,116.37678,True,True,True,165㎡,5万/月,10.1元/m/天,"('39.930064', '116.37678')"
bright,(转让)德胜门商业街面包连锁蛋糕店转让客流密集位置好,临街门面,TOUSlesJOURS多乐之日(新风里店),101.2,36000.0,35.0,35.0,39.967792,116.381939,True,True,True,101.2㎡,3.6万/月,转让费：35万元,"('39.967792', '116.381939')"
bright,(出租)回龙观龙腾苑二区临街商铺出租420平可租无其他费用,临街门面,龙腾苑-二区,210.0,22000.0,3.49,3.49,40.083172,116.343681,True,True,True,210㎡,2.2万/月,3.49元/m/天,"('40.083172', '116.343681')"
bright,(出租)邻三环900平米适合办公会所餐饮茶楼娱乐,临街门面,苏皖大厦,900.0,94500.0,3.5,3.5,39.852427,116.344356,True,True,True,900㎡,9.45万/月,3.5元/m/天,"('39.852427', '116.344356')"
bright,(出租)安慧北里逸园28号楼临街底商旺铺直租,临街门面,安慧北里逸园南区-28号楼,316.0,105000.0,11.08,11.08,40.005405,116.419745,True,True,True,316㎡,10.5万/月,11.08元/m/天,"('40.005405', '116.419745')"
bright,(出租)黄村恒大未来城两层140㎡出租，成熟社区全业态，近地铁,商业街店铺,恒大未来城,140.0,8999.0,2.14,2.14,39.720345,116.320946,True,True,True,140㎡,8999元/月,2.14元/m/天,"('39.720345', '116.320946')"
bright,(出租)朝阳王四营人民日报印刷厂内1100平米餐厅档口招租,档口摊位,人民日报印刷厂,25.0,5000.0,6.67,6.67,39.866413,116.551483,True,True,True,25㎡,5000元/月,6.67元/m/天,"('39.866413', '116.551483')"
bright,(转让)朝阳北京200平餐厅转让，出租早点,社区底商,铭泽生活广场,200.0,30000.0,15.0,15.0,39.869836,116.48346,True,True,True,200㎡,3万/月,转让费：15万元,"('39.869836', '116.48346')"
bright,(转让)地铁积水潭站附近临街底商旺铺转让,临街门面,小炊谣,110.0,45900.0,15.0,15.0,39.957642,116.378567,True,True,True,110㎡,4.59万/月,转让费：15万元,"('39.957642', '116.378567')"
bright,(出租)北京核心景区南锣鼓巷c位商铺招租,商业街店铺,南锣鼓巷,400.0,200000.0,16.67,16.67,39.943562,116.408878,True,True,True,400㎡,20万/月,16.67元/m/天,"('39.943562', '116.408878')"
bright,(出租)海淀上地科实大厦底商商铺房东直租,写字楼配套,科实大厦,600.0,144000.0,8.0,8.0,40.040731,116.318389,True,True,True,600㎡,14.4万/月,8元/m/天,"('40.040731', '116.318389')"
bright,(出租)朝外大街日坛晶华8号楼底商临街门面房东直租除重餐饮外行业不限,社区底商,日坛晶华-8号楼,173.45,39000.0,7.49,7.49,39.926518,116.450761,True,True,True,173.45㎡,3.9万/月,7.49元/m/天,"('39.926518', '116.450761')"
bright,(出租)海淀五道口农业大学100-300平直租无转让费可餐饮！,临街门面,清华东路15号,105.97,26000.0,8.18,8.18,40.007289,116.366487,True,True,True,105.97㎡,2.6万/月,8.18元/m/天,"('40.007289', '116.366487')"
bright,(出租)石景山古城路步行街核心铺招租！近商场社区，人流量大,商业街店铺,古城南路步行街,140.0,,,,39.916957,116.198351,True,False,False,140㎡,租金面议,（价格可面议）,"('39.916957', '116.198351')"
bright,(转让)石景山八角西街280平精装涮肉店转租，5年租期人流量大,临街门面,八角西街,280.0,58800.0,,7.0,39.920335,116.205284,True,True,True,280㎡,5.88万/月,转让费：面议（转让费可面议）,"('39.920335', '116.205284')"
bright,(出租)奥林匹克公园临街铺面70-300平出租，12元/㎡含物业费,商业街店铺,北京工艺美术博物馆(文创店),80.0,29000.0,12.08,12.08,40.00572,116.400322,True,True,True,80㎡,2.9万/月,12.08元/m/天,"('40.00572', '116.400322')"
bright,(出租)旭景园1万平招租全业态制可仓储，配套手续齐全，整租可分租,临街门面,旭景园·精致生活广场,10000.0,,,,39.945537,116.703494,True,False,False,10000㎡,租金面议,（价格可面议）,"('39.945537', '116.703494')"
bright,(转让)蓝堡公寓饭店整体转600平精装含KTV，近华贸高客流价格可谈,商业街店铺,蓝堡国际公寓-南区,600.0,60000.0,80.0,80.0,39.916652,116.48313,True,True,True,600㎡,6万/月,转让费：80万元,"('39.916652', '116.48313')"
bright,(出租)（0转让费）朝阳欢乐谷附近Ⅰ临街流量社区底商旺铺整体出租,社区底商,PETLADY宠娘宠物生活馆(格林莱雅店),80.0,19000.0,7.92,7.92,39.873411,116.513574,True,True,True,80㎡,1.9万/月,7.92元/m/天,"('39.873411', '116.513574')"
bright,(出租)双井桥地铁D口附近临街社区底商人流量大旺铺出租位置优越,临街门面,优士阁-B座,87.0,22000.0,8.43,8.43,39.898418,116.466159,True,True,True,87㎡,2.2万/月,8.43元/m/天,"('39.898418', '116.466159')"
bright,(转让)朝阳北花园1号院一层店转租，设备全临主路,临街门面,中国传媒大学,130.0,32500.0,18.0,18.0,39.917551,116.563634,True,True,True,130㎡,3.25万/月,转让费：18万元,"('39.917551', '116.563634')"
bright,(出租)亦庄同济南路10㎡临街档口酒店公寓旁，白领多做早餐小吃奶茶佳,临街门面,同济南路,10.0,,,,39.779083,116.546239,True,False,False,10㎡,租金面议,（价格可面议）,"('39.779083', '116.546239')"
bright,(出租)新街口积水潭小西天临街商铺房东直租、周边客流大(除餐饮外),临街门面,新街口外大街29号,40.0,30000.0,25.0,25.0,39.958119,116.377868,True,True,True,40㎡,3万/月,25元/m/天,"('39.958119', '116.377868')"
bright,(出租)房东直租可线上超市台球轰趴足疗简餐中央厨房仓储,社区底商,百子湾东里,420.0,,,,39.905263,116.511316,True,False,False,420㎡,租金面议,（价格可面议）,"('39.905263', '116.511316')"
bright,(出租)一层底商国贸东大桥CBD商圈餐饮，水吧，酒吧等,商业街店铺,朝阳-东大桥朝外大街乙6号,60.0,7800.0,,4.333333333333333,39.92584,116.461382,True,True,True,60㎡,7800元/月,4.33元/m/天（费用可面议）,"('39.92584', '116.461382')"
bright,(出租)国贸地铁口，建外位置453平米龙头餐饮位置，停车场入口处,写字楼配套,朝阳-国贸详细地址请咨询,452.87,,,,39.911192,116.467993,True,False,False,452.87㎡,租金面议,,"('39.911192', '116.467993')"
bright,(出租)房山38平一层有燃气适合餐饮外卖轻食花店线上外卖！,社区底商,房山-长阳长兴大街,38.0,4100.0,3.6,3.6,39.776308,116.193627,True,True,True,38㎡,4100元/月,3.6元/m/天,"('39.776308', '116.193627')"
bright,(出租)房山长阳地铁口人流不断全是年轻人招租餐饮小吃卤味精酿,临街门面,"房山-长阳京良路,近长政北街",70.0,,,,39.771237,116.217801,True,False,False,70㎡,租金面议,,"('39.771237', '116.217801')"
bright,(出租)九棵树小区口旺铺出租，带燃气招租烧烤餐饮小吃盖浇饭,临街门面,通州-九棵树九棵树西路,45.0,7425.0,,5.5,39.889088,116.656581,True,True,True,45㎡,7425元/月,5.5元/m/天（价格可面议）,"('39.889088', '116.656581')"
bright,(出租)朝阳国贸200平餐饮无转让有燃气位置好正常办照,社区底商,朝阳-国贸东三环中路39号,200.0,38000.0,,6.333333333333333,39.911335,116.465666,True,True,True,200㎡,3.8万/月,6.33元/m/天（价格可面议）,"('39.911335', '116.465666')"
bright,(出租)朝阳新项目丨双地铁丨招餐饮宠物店中医养生干洗店等不限,社区底商,朝阳-东坝东坝大街,77.0,14600.0,,6.32034632034632,39.987762,116.603123,True,True,True,77㎡,1.46万/月,6.3元/m/天（价格可面议）,"('39.987762', '116.603123')"
bright,(出租)铺丨地铁口位置丨适合各种生活业态及线上类别也可餐饮美甲等,商业街店铺,朝阳-定福庄详细地址请咨询,52.79,6334.8,,4.0,39.930105,116.571879,True,True,True,52.79㎡,6334.8元/月,4元/m/天（价格可面议）,"('39.930105', '116.571879')"
bright,(转让)东大桥尚都SOHO临街餐饮客流火爆有燃气米粉麻辣烫,临街门面,朝阳-国贸东大桥路8号,80.0,25000.0,,10.416666666666666,39.9242471,116.4592123,True,True,True,80㎡,2.5万/月,无转让费（价格可面议）,"('39.9242471', '116.4592123')"
bright,(出租)社区3000户满入住离地铁站1公里可餐饮楼上公寓满入住,临街门面,丰台-和义久敬庄路,150.0,27000.0,,6.0,39.827745,116.414765,True,True,True,150㎡,2.7万/月,6元/m/天（价格可面议）,"('39.827745', '116.414765')"
bright,(出租)苏州街临街10平快餐饮汉堡米粉螺蛳粉砂锅干果烘焙等,临街门面,海淀-苏州街苏州街,106.0,,,,39.984055,116.312752,True,False,False,106㎡,租金面议,,"('39.984055', '116.312752')"
bright,(出租)纯一层底商。适合餐饮台球健身会所线上超市等一切业态,商业街店铺,丰台-西罗园西罗园路,1000.0,81000.0,,2.7,39.865315,116.398488,True,True,True,1000㎡,8.1万/月,2.7元/m/天（价格可面议）,"('39.865315', '116.398488')"
bright,(出租)物业直租丨价格可谈精装修丨东坝丨金泽社区底商丨客流大丨非餐饮,社区底商,朝阳-东坝东坝南二街,141.09,12700.0,,3.000448886053819,39.965216,116.570275,True,True,True,141.09㎡,1.27万/月,3元/m/天（价格可面议）,"('39.965216', '116.570275')"
bright,(出租)望京临街一层全业态招餐饮美容美发,临街门面,朝阳-望京望京西路,230.0,,,,39.991319,116.463737,True,False,False,230㎡,租金面议,,"('39.991319', '116.463737')"
bright,(出租)开发商直租免租12个月顺义可餐饮价格便宜足疗养生按摩都适合,社区底商,顺义-后沙峪详细地址请咨询,73.0,,,,40.129219,116.618661,True,False,False,73㎡,租金面议,,"('40.129219', '116.618661')"
bright,(出租)常营万人社区！大型餐饮品牌超市！招培训家居展厅！KTV全业态,临街门面,朝阳-常营朝阳北路,1039.58,93600.0,,3.001212027934358,39.932406,116.597923,True,True,True,1039.58㎡,9.36万/月,3元/m/天（费用可面议）,"('39.932406', '116.597923')"
bright,(出租)物业直租丨定福庄褡裢坡丨公寓酒店丨培训丨免费转让丨餐饮,临街门面,朝阳-定福庄朝阳北路,594.79,,,,39.930105,116.571879,True,False,False,594.79㎡,租金面议,,"('39.930105', '116.571879')"
bright,(出租)直租!国贸东大桥客流量大，可餐饮酒吧甜品可外摆,商业街店铺,朝阳-东大桥东大桥路8号,350.0,42000.0,,4.0,39.9242471,116.4592123,True,True,True,350㎡,4.2万/月,4元/m/天（费用可面议）,"('39.9242471', '116.4592123')"
bright,(出租)急租丨临街一层丨餐饮装修有燃气适合火锅串串香快餐等,社区底商,朝阳-东坝东坝南二街,120.0,14400.0,,4.0,39.965964,116.574402,True,True,True,120㎡,1.44万/月,4元/m/天（价格可面议）,"('39.965964', '116.574402')"
bright,(出租)一层临街餐饮区招租咖啡水吧服装鲜花摄影轻食等,临街门面,朝阳-国贸东三环中路39号,65.0,12000.0,,6.153846153846154,39.911335,116.465666,True,True,True,65㎡,1.2万/月,6.15元/m/天（价格可面议）,"('39.911335', '116.465666')"
bright,(出租)双井餐饮旺铺！有燃气可面馆羊汤麻辣烫炒菜饺子烤肉快餐不限！,临街门面,朝阳-双井广和里中街,100.0,,,,39.901516,116.456978,True,False,False,100㎡,租金面议,,"('39.901516', '116.456978')"
bright,(出租)物业出租：地铁东坝南站，社区底商，一层临街，可餐饮，停车免费,社区底商,朝阳-东坝东坝中路40号,108.61,11399.999999999998,,3.4987570205321785,39.956108,116.555538,True,True,True,108.61㎡,1.14万/月,3.5元/m/天（价格可面议）,"('39.956108', '116.555538')"
bright,(出租)房山75平正对写字楼带装修招拉面刀削面餐饮等,临街门面,房山-良乡苏庄大街,75.0,,,,39.730706,116.130183,True,False,False,75㎡,租金面议,,"('39.730706', '116.130183')"
bright,(出租)苏州街临街餐饮铺！招：米粉米线，麻辣烫，烧鹅饭，胡辣汤等！！,商业街店铺,海淀-苏州街详细地址请咨询,80.0,40000.0,,16.666666666666668,39.978276,116.310277,True,True,True,80㎡,4万/月,16.67元/m/天（费用可面议）,"('39.978276', '116.310277')"
bright,(出租)临街超大门头1700平带燃气可做宴会厅大型餐饮娱乐项目等,商业街店铺,详细地址请咨询,1700.0,127500.0,,2.5,39.737477,116.346327,True,True,True,1700㎡,12.75万/月,2.5元/m/天（价格可面议）,"('39.737477', '116.346327')"
bright,(出租)把十字路口950平全业态台球办公餐饮茶馆等,临街门面,朝阳-望京广顺南大街,950.0,114000.0,4.0,4.0,39.995051,116.481799,True,True,True,950㎡,11.4万/月,4元/m/天,"('39.995051', '116.481799')"
bright,(出租)新街口爆火餐饮街！招：铁锅炖，川菜烤鱼家常菜，东北菜，火锅等,社区底商,西城-德胜门详细地址请咨询,286.0,68600.0,,7.995337995337995,39.968785,116.377444,True,True,True,286㎡,6.86万/月,8元/m/天（费用可面议）,"('39.968785', '116.377444')"
bright,(出租)开发商直租网红打卡文化艺术酒吧餐饮二十二院街艺术区百子湾双井,商业街店铺,朝阳-百子湾百子湾路32号,150.0,15000.0,,3.3333333333333335,39.905581,116.47703,True,True,True,150㎡,1.5万/月,3.33元/m/天（价格可面议）,"('39.905581', '116.47703')"
bright,(出租)来广营地铁口临街一层230平餐饮人流量大,临街门面,朝阳-来广营广顺北大街5号,230.0,62100.0,9.0,9.0,40.024199,116.473166,True,True,True,230㎡,6.21万/月,9元/m/天,"('40.024199', '116.473166')"
bright,(出租)双井首城国际餐饮商铺纯一层158平米有天然气,临街门面,朝阳-双井广渠路,158.0,61600.0,13.0,13.0,39.898856,116.475324,True,True,True,158㎡,6.16万/月,13元/m/天,"('39.898856', '116.475324')"
bright,(出租)商铺出租主街上的理想铺门头宽进深短户型方正可餐饮,临街门面,朝阳-定福庄详细地址请咨询,118.58,,,,39.929826,116.570245,True,False,False,118.58㎡,租金面议,,"('39.929826', '116.570245')"
bright,(出租)五道口商铺出租紧邻大学12米展示面宽招：餐饮美容等,临街门面,海淀-五道口展春园西路3号,185.0,41600.0,,7.495495495495495,39.995731,116.345972,True,True,True,185㎡,4.16万/月,7.5元/m/天（费用可面议）,"('39.995731', '116.345972')"
bright,(出租)798艺术区商铺，30平一层，位置好，可餐饮随时看房,商业街店铺,"朝阳-大山子酒仙桥路2号,4号",30.0,9000.0,,10.0,39.991356,116.502281,True,True,True,30㎡,9000元/月,10元/m/天（价格可面议）,"('39.991356', '116.502281')"
bright,(出租)木樨地临街商铺餐饮少年轻人比较多，特别适合米线麻辣烫，螺蛳粉,写字楼配套,西城-南礼士路木樨地路,85.0,28000.0,,10.980392156862745,39.909701,116.347037,True,True,True,85㎡,2.8万/月,10.98元/m/天（价格可面议）,"('39.909701', '116.347037')"
bright,(转让)W转顺义顺仁路60平店铺带天然气可餐饮,社区底商,顺仁路-道路-北京市顺义区,60.0,4166.0,2.0,2.0,40.102325,116.671194,True,True,True,60㎡,4166元/月,转让费：2万元,"('40.102325', '116.671194')"
bright,(出租)新出广安门马连道临街一层商铺直租，可餐饮小吃美发药店零食超市,临街门面,西城-马连道详细地址请咨询,100.0,36000.0,,12.0,39.888755,116.334208,True,True,True,100㎡,3.6万/月,12元/m/天（费用可面议）,"('39.888755', '116.334208')"
bright,(出租)劲松商圈独栋！商铺出租使用出租可餐饮带院子有停车位,临街门面,朝阳-劲松劲松路,450.0,54000.0,,4.0,39.888639,116.459349,True,True,True,450㎡,5.4万/月,4元/m/天（费用可面议）,"('39.888639', '116.459349')"
bright,(出租)大学城商圈小独栋商铺出租招：会所餐饮办公美容院等,临街门面,海淀-大钟寺四道口路,550.0,90800.0,,5.503030303030303,39.969363,116.347855,True,True,True,550㎡,9.08万/月,5.5元/m/天（费用可面议）,"('39.969363', '116.347855')"
bright,(转让)(北商)通州梨园一层商铺出租可餐饮,临街门面,云景东路256号-,94.0,13300.0,,4.716312056737588,39.883325,116.672391,True,True,True,94㎡,1.33万/月,转让费：面议（费用可面议）,"('39.883325', '116.672391')"
bright,(出租)梨园商铺出租招：餐饮小吃美容理发酒店展示生鲜足疗,临街门面,通州-梨园云景东路,122.0,18300.0,,5.0,39.888091,116.673244,True,True,True,122㎡,1.83万/月,5元/m/天（费用可面议）,"('39.888091', '116.673244')"
bright,(出租)丰台区航天医院附近商铺直租人流量大适合餐饮业态,商业街店铺,丰台-东高地东高地万源北路,95.0,20000.0,7.02,7.02,39.808879,116.430053,True,True,True,95㎡,2万/月,7.02元/m/天,"('39.808879', '116.430053')"
bright,(出租)真实房假必赔160平租金2.3元临街商铺全业态可餐饮,商业街店铺,通州-北关滨惠北一街,159.0,11000.0,,2.3060796645702304,39.919915,116.665285,True,True,True,159㎡,1.1万/月,2.3元/m/天（价格可面议）,"('39.919915', '116.665285')"
bright,(出租)路口把角商铺出租招:餐饮，档口，酒品展示，生鲜，美容理发等,临街门面,通州-九棵树乐中路,73.0,13100.0,,5.981735159817352,39.895692,116.642011,True,True,True,73㎡,1.31万/月,6元/m/天（费用可面议）,"('39.895692', '116.642011')"
bright,(出租)东三环沿街门面出租适合麻辣烫餐饮小吃房东直租,写字楼配套,朝阳-十里河详细地址请咨询,50.0,20000.0,,13.333333333333334,39.873218,116.464427,True,True,True,50㎡,2万/月,13.33元/m/天（费用可面议）,"('39.873218', '116.464427')"
bright,(出租)崇文门临街商铺出租1200平餐饮会所接待粤菜15米门头,商业街店铺,东城-崇文门东兴隆街,1200.0,,,,39.903471,116.42134,True,False,False,1200㎡,租金面议,,"('39.903471', '116.42134')"
bright,(出租)昌平冠庭园纯一层临街商铺可餐饮养生按摩线上超市,社区底商,昌平-龙域行知路,60.0,14000.0,,7.777777777777778,40.082664,116.323687,True,True,True,60㎡,1.4万/月,7.78元/m/天（价格可面议）,"('40.082664', '116.323687')"
bright,(出租)朝阳来广营地铁通道商铺70平米使用面积业态不限可餐饮带燃气,写字楼配套,朝阳-来广营广顺北大街5号,72.0,,,,40.024199,116.473166,True,False,False,72㎡,租金面议,,"('40.024199', '116.473166')"
bright,(转让)朝外SOHO154平餐饮店转让，固定客源+高流量，白领消费高,商业街店铺,朝外SOHO,154.0,18000.0,28.0,28.0,39.925733,116.461265,True,True,True,154㎡,1.8万/月,转让费：28万元,"('39.925733', '116.461265')"
bright,(出租)西城区阜内大街89号临街底商旺铺房东直租,临街门面,阜成门内大街-89,165.0,50000.0,10.1,10.1,39.930064,116.37678,True,True,True,165㎡,5万/月,10.1元/m/天,"('39.930064', '116.37678')"
bright,(转让)德胜门商业街面包连锁蛋糕店转让客流密集位置好,临街门面,TOUSlesJOURS多乐之日(新风里店),101.2,36000.0,35.0,35.0,39.967792,116.381939,True,True,True,101.2㎡,3.6万/月,转让费：35万元,"('39.967792', '116.381939')"
bright,(出租)回龙观龙腾苑二区临街商铺出租420平可租无其他费用,临街门面,龙腾苑-二区,210.0,22000.0,3.49,3.49,40.083172,116.343681,True,True,True,210㎡,2.2万/月,3.49元/m/天,"('40.083172', '116.343681')"
bright,(出租)邻三环900平米适合办公会所餐饮茶楼娱乐,临街门面,苏皖大厦,900.0,94500.0,3.5,3.5,39.852427,116.344356,True,True,True,900㎡,9.45万/月,3.5元/m/天,"('39.852427', '116.344356')"
bright,(出租)安慧北里逸园28号楼临街底商旺铺直租,临街门面,安慧北里逸园南区-28号楼,316.0,105000.0,11.08,11.08,40.005405,116.419745,True,True,True,316㎡,10.5万/月,11.08元/m/天,"('40.005405', '116.419745')"
bright,(出租)黄村恒大未来城两层140㎡出租，成熟社区全业态，近地铁,商业街店铺,恒大未来城,140.0,8999.0,2.14,2.14,39.720345,116.320946,True,True,True,140㎡,8999元/月,2.14元/m/天,"('39.720345', '116.320946')"
bright,(出租)朝阳王四营人民日报印刷厂内1100平米餐厅档口招租,档口摊位,人民日报印刷厂,25.0,5000.0,6.67,6.67,39.866413,116.551483,True,True,True,25㎡,5000元/月,6.67元/m/天,"('39.866413', '116.551483')"
bright,(转让)朝阳北京200平餐厅转让，出租早点,社区底商,铭泽生活广场,200.0,30000.0,15.0,15.0,39.869836,116.48346,True,True,True,200㎡,3万/月,转让费：15万元,"('39.869836', '116.48346')"
bright,(转让)地铁积水潭站附近临街底商旺铺转让,临街门面,小炊谣,110.0,45900.0,15.0,15.0,39.957642,116.378567,True,True,True,110㎡,4.59万/月,转让费：15万元,"('39.957642', '116.378567')"
bright,(出租)北京核心景区南锣鼓巷c位商铺招租,商业街店铺,南锣鼓巷,400.0,200000.0,16.67,16.67,39.943562,116.408878,True,True,True,400㎡,20万/月,16.67元/m/天,"('39.943562', '116.408878')"
bright,(出租)海淀上地科实大厦底商商铺房东直租,写字楼配套,科实大厦,600.0,144000.0,8.0,8.0,40.040731,116.318389,True,True,True,600㎡,14.4万/月,8元/m/天,"('40.040731', '116.318389')"
bright,(出租)朝外大街日坛晶华8号楼底商临街门面房东直租除重餐饮外行业不限,社区底商,日坛晶华-8号楼,173.45,39000.0,7.49,7.49,39.926518,116.450761,True,True,True,173.45㎡,3.9万/月,7.49元/m/天,"('39.926518', '116.450761')"
bright,(出租)海淀五道口农业大学100-300平直租无转让费可餐饮！,临街门面,清华东路15号,105.97,26000.0,8.18,8.18,40.007289,116.366487,True,True,True,105.97㎡,2.6万/月,8.18元/m/天,"('40.007289', '116.366487')"
bright,(出租)石景山古城路步行街核心铺招租！近商场社区，人流量大,商业街店铺,古城南路步行街,140.0,,,,39.916957,116.198351,True,False,False,140㎡,租金面议,（价格可面议）,"('39.916957', '116.198351')"
bright,(转让)石景山八角西街280平精装涮肉店转租，5年租期人流量大,临街门面,八角西街,280.0,58800.0,,7.0,39.920335,116.205284,True,True,True,280㎡,5.88万/月,转让费：面议（转让费可面议）,"('39.920335', '116.205284')"
bright,(出租)奥林匹克公园临街铺面70-300平出租，12元/㎡含物业费,商业街店铺,北京工艺美术博物馆(文创店),80.0,29000.0,12.08,12.08,40.00572,116.400322,True,True,True,80㎡,2.9万/月,12.08元/m/天,"('40.00572', '116.400322')"
bright,(出租)旭景园1万平招租全业态制可仓储，配套手续齐全，整租可分租,临街门面,旭景园·精致生活广场,10000.0,,,,39.945537,116.703494,True,False,False,10000㎡,租金面议,（价格可面议）,"('39.945537', '116.703494')"
bright,(转让)蓝堡公寓饭店整体转600平精装含KTV，近华贸高客流价格可谈,商业街店铺,蓝堡国际公寓-南区,600.0,60000.0,80.0,80.0,39.916652,116.48313,True,True,True,600㎡,6万/月,转让费：80万元,"('39.916652', '116.48313')"
bright,(出租)（0转让费）朝阳欢乐谷附近Ⅰ临街流量社区底商旺铺整体出租,社区底商,PETLADY宠娘宠物生活馆(格林莱雅店),80.0,19000.0,7.92,7.92,39.873411,116.513574,True,True,True,80㎡,1.9万/月,7.92元/m/天,"('39.873411', '116.513574')"
bright,(出租)双井桥地铁D口附近临街社区底商人流量大旺铺出租位置优越,临街门面,优士阁-B座,87.0,22000.0,8.43,8.43,39.898418,116.466159,True,True,True,87㎡,2.2万/月,8.43元/m/天,"('39.898418', '116.466159')"
bright,(转让)朝阳北花园1号院一层店转租，设备全临主路,临街门面,中国传媒大学,130.0,32500.0,18.0,18.0,39.917551,116.563634,True,True,True,130㎡,3.25万/月,转让费：18万元,"('39.917551', '116.563634')"
bright,(出租)亦庄同济南路10㎡临街档口酒店公寓旁，白领多做早餐小吃奶茶佳,临街门面,同济南路,10.0,,,,39.779083,116.546239,True,False,False,10㎡,租金面议,（价格可面议）,"('39.779083', '116.546239')"
bright,(出租)新街口积水潭小西天临街商铺房东直租、周边客流大(除餐饮外),临街门面,新街口外大街29号,40.0,30000.0,25.0,25.0,39.958119,116.377868,True,True,True,40㎡,3万/月,25元/m/天,"('39.958119', '116.377868')"
bright,(出租)房东直租可线上超市台球轰趴足疗简餐中央厨房仓储,社区底商,百子湾东里,420.0,,,,39.905263,116.511316,True,False,False,420㎡,租金面议,（价格可面议）,"('39.905263', '116.511316')"
bright,(出租)来广营地铁口临街一层230平餐饮人流量大,临街门面,朝阳-来广营广顺北大街5号,230.0,62100.0,9.0,9.0,40.024199,116.473166,True,True,True,230㎡,6.21万/月,9元/m/天,"('40.024199', '116.473166')"
bright,(出租)大兴黄村临街60平8500元不可餐饮招按摩美发牛羊肉等,临街门面,时代龙和大道-北京市大兴区,60.0,8500.0,4.72,4.72,39.74075,116.348943,True,True,True,60㎡,8500元/月,4.72元/m/天,"('39.74075', '116.348943')"
bright,(出租)海淀香山十字路口四周居民社区附近无商业可餐饮,社区底商,详细地址请咨询,100.0,,,,39.966798,116.235645,True,False,False,100㎡,租金面议,,"('39.966798', '116.235645')"
bright,(出租)地铁口230平精装无转让费，有燃气招快餐特色餐饮等,商业街店铺,义和庄-地铁站-北京市大兴区,230.0,15000.0,2.17,2.17,39.718297,116.325538,True,True,True,230㎡,1.5万/月,2.17元/m/天,"('39.718297', '116.325538')"
bright,(出租)朝阳北路临街丨223.86平丨足疗店装修丨有燃气可做餐饮,商业街店铺,朝阳-常营常惠路,223.86,,,,39.932661,116.606782,True,False,False,223.86㎡,租金面议,,"('39.932661', '116.606782')"
bright,(出租)出租直租丨清真快餐连锁店食材专卖店书吧阅照相馆餐饮,临街门面,北京市朝阳区常营(地区)回族乡管庄路13号,407.52,36900.0,,3.0182567726737344,39.934312,116.59596,True,True,True,407.52㎡,3.69万/月,3.02元/m/天（价格可面议）,"('39.934312', '116.59596')"
bright,(出租)朝阳东坝北地铁口二层332平招台球厅中医养生馆餐饮等,商业街店铺,朝阳-东坝东坝大街,332.21,37700.0,,3.7827478602891746,39.987762,116.603123,True,True,True,332.21㎡,3.77万/月,3.78元/m/天（价格可面议）,"('39.987762', '116.603123')"
bright,(出租)国贸临街独栋500平可分组，有外摆适合餐饮宴请，甜品，西餐等,商业街店铺,朝阳-CBD郎家园6号,500.0,,,,39.911963,116.477028,True,False,False,500㎡,租金面议,,"('39.911963', '116.477028')"
bright,(出租)亦庄餐饮铺价格可聊临主街能停车适合快餐美发等服务,社区底商,大兴-亦庄东区荣华南路,110.0,31600.0,,9.575757575757576,39.798102,116.516967,True,True,True,110㎡,3.16万/月,9.59元/m/天（价格可面议）,"('39.798102', '116.516967')"
bright,(出租)东大桥地铁口步行街主街餐饮区旺铺超大展示面招租咖啡外卖,临街门面,朝阳-东大桥东三环中路39号,40.0,7000.0,,5.833333333333333,39.911335,116.465666,True,True,True,40㎡,7000元/月,5.83元/m/天（价格可面议）,"('39.911335', '116.465666')"
bright,(出租)中关村海黄附近餐饮铺！适合：胡辣汤，猪脚饭，米粉米线，牛杂等,社区底商,海淀-苏州桥详细地址请咨询,180.0,50000.0,,9.25925925925926,39.980707,116.315807,True,True,True,180㎡,5万/月,9.26元/m/天（费用可面议）,"('39.980707', '116.315807')"
bright,(转让)国贸CBD餐饮房临街下沉广场有燃气排烟带外摆利用率高,商业街店铺,朝阳-东大桥东大桥路8号,136.0,26000.0,,6.372549019607843,39.9242471,116.4592123,True,True,True,136㎡,2.6万/月,转让费：面议（转让费可面议）,"('39.9242471', '116.4592123')"
bright,(转让)W转昌平回龙观临街70平餐饮店,临街门面,东村家园-北京市昌平区,70.0,15000.0,22.0,22.0,40.070785,116.350558,True,True,True,70㎡,1.5万/月,转让费：22万元,"('40.070785', '116.350558')"
bright,(出租)魏公村餐饮铺！四所大学聚集！招：米粉米线，猪脚饭，煲仔饭等！,社区底商,海淀-魏公村详细地址请咨询,168.0,43300.0,,8.591269841269842,39.962194,116.323763,True,True,True,168㎡,4.33万/月,8.6元/m/天（费用可面议）,"('39.962194', '116.323763')"
bright,(出租)海淀翠微印象城餐饮街新出90平水吧小吃位置招商,购物百货中心,海淀-航天桥翠微路12号,90.0,,,,39.918489,116.3098641,True,False,False,90㎡,租金面议,,"('39.918489', '116.3098641')"
bright,(出租)赠超100平朝阳珠江帝景一层263平餐饮铺出租甲方直租,商业街店铺,朝阳-百子湾广渠路,263.0,67100.0,8.5,8.5,39.896087,116.489211,True,True,True,263㎡,6.71万/月,8.5元/m/天,"('39.896087', '116.489211')"
bright,(出租)花园路餐饮铺！不能做面！其余不限！仅1铺！居公早晚不愁！,社区底商,海淀-牡丹园详细地址请咨询,75.0,33300.0,,14.8,39.987766,116.374009,True,True,True,75㎡,3.33万/月,14.81元/m/天（费用可面议）,"('39.987766', '116.374009')"
bright,(转让)W转昌平沙河临街200平餐饮店带天然气,临街门面,昌平-沙河白各庄185号,200.0,10000.0,15.0,15.0,40.121872,116.365174,True,True,True,200㎡,1万/月,转让费：15万元,"('40.121872', '116.365174')"
bright,(出租)临街明火餐饮铺硬件齐全外卖火爆快餐面食小吃不限！,商业街店铺,朝阳-CBD东三环中路,70.0,13500.0,,6.428571428571429,39.911192,116.467993,True,True,True,70㎡,1.35万/月,6.43元/m/天（价格可面议）,"('39.911192', '116.467993')"
bright,(出租)直租丨通州餐饮街主街有燃气旁烧烤面馆麻辣烫,临街门面,通州-土桥砖厂南里22号,90.07,16200.000000000002,,5.9953369601421125,39.878066,116.70658,True,True,True,90.07㎡,1.62万/月,6元/m/天（价格可面议）,"('39.878066', '116.70658')"
bright,(出租)海淀万柳新出大餐饮店，适合滩羊，火锅，婚庆，烤鸭，粤菜，川湘,社区底商,海淀-万柳万柳东路,1580.0,237000.0,5.0,5.0,39.967758,116.30936,True,True,True,1580㎡,23.7万/月,5元/m/天,"('39.967758', '116.30936')"
bright,(出租)W朝阳酒仙桥200平餐饮店招租早点,社区底商,朝阳-酒仙桥酒仙桥东路,200.0,13000.0,2.17,2.17,39.981301,116.505939,True,True,True,200㎡,1.3万/月,2.17元/m/天,"('39.981301', '116.505939')"
bright,(出租)餐饮店铺可直接经营楼上酒店对面园区停车方便人流量大,临街门面,通州-次渠科创东三街辅路,185.0,25000.0,,4.504504504504505,39.82304,116.549009,True,True,True,185㎡,2.5万/月,4.5元/m/天（价格可面议）,"('39.82304', '116.549009')"
bright,(出租)北医三对面新出餐饮店，随时可看房，欢迎，家家爆满,社区底商,海淀-牡丹园牡丹园中街,200.0,70000.0,,11.666666666666666,39.985115,116.379256,True,True,True,200㎡,7万/月,11.67元/m/天（费用可面议）,"('39.985115', '116.379256')"
bright,(出租)朝阳区东五环临街商铺全业态地铁7号线黄厂站富力又一城,临街门面,朝阳-豆各庄大鲁店北路,171.0,15400.0,,3.0019493177387915,39.851268,116.5642,True,True,True,171㎡,1.54万/月,3元/m/天（价格可面议）,"('39.851268', '116.5642')"
bright,(出租)西城区商铺出租转让纯外卖美食城档口西直门积水潭车公庄燃气24,档口摊位,西直门,20.0,5500.0,,9.166666666666666,,,False,True,True,20㎡,5500元/月,9.17元/m/天（费用可面议）, 
bright,(出租)开发商直租丰台临街商铺带装修适合做火锅烤肉烧烤足疗养生,临街门面,丰台-方庄方庄南路,94.5,,,,39.856854,116.445466,True,False,False,94.5㎡,租金面议,,"('39.856854', '116.445466')"
bright,(出租)百子湾临主街餐商铺18米展示面门前好停车人流量大可分,临街门面,朝阳-百子湾广渠东路33号,70.0,16000.0,7.62,7.62,39.903576,116.511555,True,True,True,70㎡,1.6万/月,7.62元/m/天,"('39.903576', '116.511555')"
bright,(出租)商铺出租醒目位置独立房本医院展厅特行均可,临街门面,朝阳-定福庄详细地址请咨询,595.0,,,,39.929826,116.570245,True,False,False,595㎡,租金面议,,"('39.929826', '116.570245')"
bright,(出租)中关村购物中心新出15至100平商铺招水吧小吃,购物百货中心,海淀-中关村中关村大街19号,30.0,,,,39.984281,116.321748,True,False,False,30㎡,租金面议,,"('39.984281', '116.321748')"
bright,(出租)五道口商铺出租紧邻大学12米展示面宽招：餐饮美容等,临街门面,海淀-五道口展春园西路3号,185.0,41600.0,,7.495495495495495,39.995731,116.345972,True,True,True,185㎡,4.16万/月,7.5元/m/天（费用可面议）,"('39.995731', '116.345972')"
bright,(出租)东城区交道口十字路口餐饮商铺出租业态不限制随时可考察,临街门面,东城-交道口详细地址请咨询,80.0,,,,39.941688,116.415065,True,False,False,80㎡,租金面议,,"('39.941688', '116.415065')"
bright,(出租)工体临街底商805平餐饮商铺出租适合轻餐吧咖啡火锅餐饮等,商业街店铺,朝阳-三里屯阳光北大街,805.0,,,,39.761489,116.176291,True,False,False,805㎡,租金面议,,"('39.761489', '116.176291')"
bright,(出租)朝阳来广营地铁通道商铺70平米使用面积业态不限可餐饮带燃气,写字楼配套,朝阳-来广营广顺北大街5号,72.0,,,,40.024199,116.473166,True,False,False,72㎡,租金面议,,"('40.024199', '116.473166')"
bright,(出租)前门大街主街1200平商铺招租丨餐饮丨,商业街店铺,北京市西城区大栅栏街道燕家胡同1号,1200.0,378000.0,,10.5,39.900612,116.397846,True,True,True,1200㎡,37.8万/月,10.5元/m/天（价格可面议）,"('39.900612', '116.397846')"
bright,(转让)V顺义纯一层商铺转让，除餐饮都可以做119375,临街门面,俸伯-地铁站-北京市顺义区,80.0,7500.0,,3.125,40.138304,116.691449,True,True,True,80㎡,7500元/月,转让费：面议（费用可面议）,"('40.138304', '116.691449')"
bright,(出租)苏州桥50平商铺可以餐饮所有业态均可欢迎咨询,商业街店铺,海淀-苏州桥苏州街,50.0,19500.0,,13.0,39.973374,116.314519,True,True,True,50㎡,1.95万/月,13元/m/天（价格可面议）,"('39.973374', '116.314519')"
bright,(出租)新上！南锣鼓巷主街临街商铺，适合各类特色餐饮小吃，特产等,临街门面,东城-交道口详细地址请咨询,60.0,,,,39.943333,116.409722,True,False,False,60㎡,租金面议,,"('39.943333', '116.409722')"
bright,(出租)管庄商圈商铺出租招：餐饮生鲜便利店美容营业厅等,临街门面,朝阳-管庄塔营北街,153.0,27500.0,,5.991285403050109,39.908228,116.606418,True,True,True,153㎡,2.75万/月,6元/m/天（费用可面议）,"('39.908228', '116.606418')"
bright,(出租)物业日坛悠唐商圈200平商铺有外摆酒吧咖啡餐饮等业态,商业街店铺,朝阳-朝外大街详细地址请咨询,192.0,,,,39.924806,116.450213,True,False,False,192㎡,租金面议,,"('39.924806', '116.450213')"
bright,(出租)磁器口临街商铺位置佳带装修除餐饮其他区均可经营,商业街店铺,东城-崇文门广渠门内大街,85.0,30000.0,11.76,11.76,39.899516,116.4289,True,True,True,85㎡,3万/月,11.76元/m/天,"('39.899516', '116.4289')"
bright,(出租)朝阳区，社区门口商铺直租，适合餐饮小吃，美容，团购等全部业态,社区底商,朝阳-定福庄朝阳北路,94.15,10700.0,,3.788281111701186,39.929826,116.570245,True,True,True,94.15㎡,1.07万/月,3.8元/m/天（价格可面议）,"('39.929826', '116.570245')"
bright,(出租)北京朝阳亚运村临街200平商铺招租适合各种餐饮,商业街店铺,亚运村街道,200.0,,,,39.991302,116.416053,True,False,False,200㎡,租金面议,,"('39.991302', '116.416053')"
bright,(出租)旺铺招租临街一层商铺行业不限（位置好餐饮）物业直租,临街门面,朝阳-常营常营北路,407.52,36900.0,,3.0182567726737344,39.935707,116.588604,True,True,True,407.52㎡,3.69万/月,3.02元/m/天（价格可面议）,"('39.935707', '116.588604')"
bright,(出租)地铁站10000平米商铺直租，可酒店，餐饮，按摩,商业街店铺,郭公庄-地铁站-北京市丰台区,10000.0,990000.0,3.3,3.3,39.820623,116.308501,True,True,True,10000㎡,99万/月,3.3元/m/天,"('39.820623', '116.308501')"
bright,(转让)(北商)通州梨园一层商铺出租可餐饮,临街门面,云景东路256号-,94.0,13300.0,,4.716312056737588,39.883325,116.672391,True,True,True,94㎡,1.33万/月,转让费：面议（费用可面议）,"('39.883325', '116.672391')"
bright,(出租)商铺直租丨东坝可餐饮丨鲜花零售丨修脚养生丨,临街门面,朝阳-东坝东坝中路40号,41.43,,,,39.956108,116.555538,True,False,False,41.43㎡,租金面议,,"('39.956108', '116.555538')"
bright,(出租)苏州街人民大学临街商铺一层餐饮商圈好,商业街店铺,紫金大厦,90.0,37500.0,13.89,13.89,39.972676,116.314518,True,True,True,90㎡,3.75万/月,13.89元/m/天,"('39.972676', '116.314518')"
bright,(转让)朝外SOHO154平餐饮店转让，固定客源+高流量，白领消费高,商业街店铺,朝外SOHO,154.0,18000.0,28.0,28.0,39.925733,116.461265,True,True,True,154㎡,1.8万/月,转让费：28万元,"('39.925733', '116.461265')"
bright,(出租)西城区阜内大街89号临街底商旺铺房东直租,临街门面,阜成门内大街-89,165.0,50000.0,10.1,10.1,39.930064,116.37678,True,True,True,165㎡,5万/月,10.1元/m/天,"('39.930064', '116.37678')"
bright,(转让)德胜门商业街面包连锁蛋糕店转让客流密集位置好,临街门面,TOUSlesJOURS多乐之日(新风里店),101.2,36000.0,35.0,35.0,39.967792,116.381939,True,True,True,101.2㎡,3.6万/月,转让费：35万元,"('39.967792', '116.381939')"
bright,(出租)回龙观龙腾苑二区临街商铺出租420平可租无其他费用,临街门面,龙腾苑-二区,210.0,22000.0,3.49,3.49,40.083172,116.343681,True,True,True,210㎡,2.2万/月,3.49元/m/天,"('40.083172', '116.343681')"
bright,(出租)邻三环900平米适合办公会所餐饮茶楼娱乐,临街门面,苏皖大厦,900.0,94500.0,3.5,3.5,39.852427,116.344356,True,True,True,900㎡,9.45万/月,3.5元/m/天,"('39.852427', '116.344356')"
bright,(出租)安慧北里逸园28号楼临街底商旺铺直租,临街门面,安慧北里逸园南区-28号楼,316.0,105000.0,11.08,11.08,40.005405,116.419745,True,True,True,316㎡,10.5万/月,11.08元/m/天,"('40.005405', '116.419745')"
bright,(出租)黄村恒大未来城两层140㎡出租，成熟社区全业态，近地铁,商业街店铺,恒大未来城,140.0,8999.0,2.14,2.14,39.720345,116.320946,True,True,True,140㎡,8999元/月,2.14元/m/天,"('39.720345', '116.320946')"
bright,(出租)朝阳王四营人民日报印刷厂内1100平米餐厅档口招租,档口摊位,人民日报印刷厂,25.0,5000.0,6.67,6.67,39.866413,116.551483,True,True,True,25㎡,5000元/月,6.67元/m/天,"('39.866413', '116.551483')"
bright,(转让)朝阳北京200平餐厅转让，出租早点,社区底商,铭泽生活广场,200.0,30000.0,15.0,15.0,39.869836,116.48346,True,True,True,200㎡,3万/月,转让费：15万元,"('39.869836', '116.48346')"
bright,(转让)地铁积水潭站附近临街底商旺铺转让,临街门面,小炊谣,110.0,45900.0,15.0,15.0,39.957642,116.378567,True,True,True,110㎡,4.59万/月,转让费：15万元,"('39.957642', '116.378567')"
bright,(出租)北京核心景区南锣鼓巷c位商铺招租,商业街店铺,南锣鼓巷,400.0,200000.0,16.67,16.67,39.943562,116.408878,True,True,True,400㎡,20万/月,16.67元/m/天,"('39.943562', '116.408878')"
bright,(出租)海淀上地科实大厦底商商铺房东直租,写字楼配套,科实大厦,600.0,144000.0,8.0,8.0,40.040731,116.318389,True,True,True,600㎡,14.4万/月,8元/m/天,"('40.040731', '116.318389')"
bright,(出租)朝外大街日坛晶华8号楼底商临街门面房东直租除重餐饮外行业不限,社区底商,日坛晶华-8号楼,173.45,39000.0,7.49,7.49,39.926518,116.450761,True,True,True,173.45㎡,3.9万/月,7.49元/m/天,"('39.926518', '116.450761')"
bright,(出租)海淀五道口农业大学100-300平直租无转让费可餐饮！,临街门面,清华东路15号,105.97,26000.0,8.18,8.18,40.007289,116.366487,True,True,True,105.97㎡,2.6万/月,8.18元/m/天,"('40.007289', '116.366487')"
bright,(出租)石景山古城路步行街核心铺招租！近商场社区，人流量大,商业街店铺,古城南路步行街,140.0,,,,39.916957,116.198351,True,False,False,140㎡,租金面议,（价格可面议）,"('39.916957', '116.198351')"
bright,(转让)石景山八角西街280平精装涮肉店转租，5年租期人流量大,临街门面,八角西街,280.0,58800.0,,7.0,39.920335,116.205284,True,True,True,280㎡,5.88万/月,转让费：面议（转让费可面议）,"('39.920335', '116.205284')"
bright,(出租)奥林匹克公园临街铺面70-300平出租，12元/㎡含物业费,商业街店铺,北京工艺美术博物馆(文创店),80.0,29000.0,12.08,12.08,40.00572,116.400322,True,True,True,80㎡,2.9万/月,12.08元/m/天,"('40.00572', '116.400322')"
bright,(出租)旭景园1万平招租全业态制可仓储，配套手续齐全，整租可分租,临街门面,旭景园·精致生活广场,10000.0,,,,39.945537,116.703494,True,False,False,10000㎡,租金面议,（价格可面议）,"('39.945537', '116.703494')"
bright,(转让)蓝堡公寓饭店整体转600平精装含KTV，近华贸高客流价格可谈,商业街店铺,蓝堡国际公寓-南区,600.0,60000.0,80.0,80.0,39.916652,116.48313,True,True,True,600㎡,6万/月,转让费：80万元,"('39.916652', '116.48313')"
bright,(出租)（0转让费）朝阳欢乐谷附近Ⅰ临街流量社区底商旺铺整体出租,社区底商,PETLADY宠娘宠物生活馆(格林莱雅店),80.0,19000.0,7.92,7.92,39.873411,116.513574,True,True,True,80㎡,1.9万/月,7.92元/m/天,"('39.873411', '116.513574')"
bright,(出租)双井桥地铁D口附近临街社区底商人流量大旺铺出租位置优越,临街门面,优士阁-B座,87.0,22000.0,8.43,8.43,39.898418,116.466159,True,True,True,87㎡,2.2万/月,8.43元/m/天,"('39.898418', '116.466159')"
bright,(转让)朝阳北花园1号院一层店转租，设备全临主路,临街门面,中国传媒大学,130.0,32500.0,18.0,18.0,39.917551,116.563634,True,True,True,130㎡,3.25万/月,转让费：18万元,"('39.917551', '116.563634')"
bright,(出租)亦庄同济南路10㎡临街档口酒店公寓旁，白领多做早餐小吃奶茶佳,临街门面,同济南路,10.0,,,,39.779083,116.546239,True,False,False,10㎡,租金面议,（价格可面议）,"('39.779083', '116.546239')"
bright,(出租)新街口积水潭小西天临街商铺房东直租、周边客流大(除餐饮外),临街门面,新街口外大街29号,40.0,30000.0,25.0,25.0,39.958119,116.377868,True,True,True,40㎡,3万/月,25元/m/天,"('39.958119', '116.377868')"
bright,(出租)房东直租可线上超市台球轰趴足疗简餐中央厨房仓储,社区底商,百子湾东里,420.0,,,,39.905263,116.511316,True,False,False,420㎡,租金面议,（价格可面议）,"('39.905263', '116.511316')"
bright,(出租)商铺出租醒目位置独立房本医院展厅特行均可,临街门面,朝阳-定福庄详细地址请咨询,595.0,,,,39.929826,116.570245,True,False,False,595㎡,租金面议,,"('39.929826', '116.570245')"
bright,(出租)中关村购物中心新出15至100平商铺招水吧小吃,购物百货中心,海淀-中关村中关村大街19号,30.0,,,,39.984281,116.321748,True,False,False,30㎡,租金面议,,"('39.984281', '116.321748')"
bright,(出租)商铺直租！优惠，招五金建材渔具水族，铁锅炖家常菜火锅烧烤,临街门面,朝阳-朝阳周边长店大街,350.0,24200.0,,2.3047619047619046,40.015807,116.557213,True,True,True,350㎡,2.42万/月,2.3元/m/天（费用可面议）,"('40.015807', '116.557213')"
bright,(出租)业主直租丨传媒大学对面丨商铺出租丨奶茶丨有上下水丨,社区底商,朝阳-定福庄定福庄北街,91.59,,,,39.922541,116.560349,True,False,False,91.59㎡,租金面议,,"('39.922541', '116.560349')"
bright,(出租)商铺直租！一层有燃气停车场，招铁锅炖家常菜烧烤酒吧品牌快餐店,临街门面,朝阳-管庄朝阳路,376.0,67700.0,,6.00177304964539,39.918404,116.605884,True,True,True,376㎡,6.77万/月,6元/m/天（费用可面议）,"('39.918404', '116.605884')"
bright,(出租)物业直租丨118平大门头丨全业态商铺丨格局方正,商业街店铺,朝阳-定福庄朝阳北路,118.0,,,,39.929826,116.570245,True,False,False,118㎡,租金面议,,"('39.929826', '116.570245')"
bright,(出租)魏公村商铺！招水吧，奶茶，咖啡，社区团购，小笼包，馿肉火烧,商业街店铺,魏公村,26.0,20000.0,,25.641025641025642,39.963695,116.329995,True,True,True,26㎡,2万/月,25.64元/m/天（价格可面议）,"('39.963695', '116.329995')"
bright,(出租)台湾街临街地下一层1200平商铺出租，适合超市，健身房，台球,商业街店铺,乐糖影院(台湾街店)-北京市石景山区,1200.0,90000.0,2.5,2.5,39.91014,116.243031,True,True,True,1200㎡,9万/月,2.5元/m/天,"('39.91014', '116.243031')"
bright,(出租)通州商铺出租美食城档口梨园中仓果园北关物质学院燃气24h,档口摊位,北京物资学院,20.0,4000.0,,6.666666666666667,,,False,True,True,20㎡,4000元/月,6.67元/m/天（费用可面议）, 
bright,(出租)东二环地铁商业街商铺1500m粤菜餐厅中介勿扰,写字楼配套,东城-朝阳门南竹杆胡同2号,1572.57,,,,39.92759,116.43926,True,False,False,1572.57㎡,租金面议,,"('39.92759', '116.43926')"
bright,(出租)直租万达扶梯口85平商铺有燃气月租1.2万可议有钥匙随时可看,商业街店铺,通州-通州北苑新华西街58号,80.0,12000.0,,5.0,39.9114789,116.6471654,True,True,True,80㎡,1.2万/月,5元/m/天（价格可面议）,"('39.9114789', '116.6471654')"
bright,(出租)开发商直租西红门临街商铺适合做美容院按摩养生火锅烧烤烤肉,临街门面,大兴-西红门欣旺北大街8号,123.0,,,,39.7972913,116.3466145,True,False,False,123㎡,租金面议,,"('39.7972913', '116.3466145')"
bright,(出租)朝阳区国贸CBD建外SOHO东区临街商铺随时可看人流大全业态,商业街店铺,朝阳-CBD建国门外大街1号,280.0,36000.0,,4.285714285714286,39.916767,116.465938,True,True,True,280㎡,3.6万/月,4.29元/m/天（价格可面议）,"('39.916767', '116.465938')"
bright,(出租)双桥管庄远洋一方临街十字路口把角大展示面全业态商铺业主直租,临街门面,朝阳-双桥塔营北街3号,400.0,62000.0,5.17,5.17,39.909066,116.602893,True,True,True,400㎡,6.2万/月,5.17元/m/天,"('39.909066', '116.602893')"
bright,(出租)海淀区魏公村地铁站新出80平商铺对外招商,其他,招商部-北京市海淀区,80.0,,,,39.970591,116.304066,True,False,False,80㎡,租金面议,,"('39.970591', '116.304066')"
bright,(出租)右安门医院180平直租12米落地窗周边商铺很少什么业态都很缺,临街门面,丰台-右安门右安门外大街,150.0,,,,39.87363,116.371407,True,False,False,150㎡,租金面议,,"('39.87363', '116.371407')"
bright,(出租)大兴核心区域西红门鸿坤广场商业商铺全业态位置好,写字楼配套,大兴-西红门宏福路,252.0,68000.0,,8.994708994708995,39.7966875,116.3520382,True,True,True,252㎡,6.8万/月,9元/m/天（价格可面议）,"('39.7966875', '116.3520382')"
bright,(出租)杨庄东街临街一层730平商铺出租可分租，适合拉面刀削面铁锅炖,商业街店铺,京西大悦城-北京市石景山区,730.0,153300.0,7.0,7.0,39.931787,116.18992,True,True,True,730㎡,15.33万/月,7元/m/天,"('39.931787', '116.18992')"
bright,(出租)海淀区北三环双榆树临街二层商铺直租370平4.5元,临街门面,朝阳-甘露园双榆树北路,370.0,50000.0,,4.504504504504505,39.978486,116.330362,True,True,True,370㎡,5万/月,4.5元/m/天（价格可面议）,"('39.978486', '116.330362')"
bright,(出租)南磨房武圣路临街商铺出租面积110平大开间落地窗,临街门面,详细地址请咨询,110.0,,,,39.883065,116.474366,True,False,False,110㎡,租金面议,,"('39.883065', '116.474366')"
bright,(出租)低！价出租！可明火！主街商铺！三面展示业态不限国贸大望路,商业街店铺,朝阳-国贸东三环中路39号,340.0,32000.0,,3.1372549019607843,39.911335,116.465666,True,True,True,340㎡,3.2万/月,3.14元/m/天（价格可面议）,"('39.911335', '116.465666')"
bright,(出租)甲方直租商业街商铺适合美食城清吧铁锅炖特色菜台球棋牌,商业街店铺,大兴-亦庄嘉创路10号,690.0,62100.0,,3.0,39.824293,116.553007,True,True,True,690㎡,6.21万/月,3元/m/天（价格可面议）,"('39.824293', '116.553007')"
bright,(出租)百子湾沿海赛洛城商铺170平13000月线上行业台球篮球体能,商业街店铺,朝阳-百子湾广渠东路33号,170.0,13000.0,,2.549019607843137,39.903576,116.511555,True,True,True,170㎡,1.3万/月,2.55元/m/天（价格可面议）,"('39.903576', '116.511555')"
bright,(出租)国贸商圈商场一层中心商铺带排烟炸串饮品麻辣烫小吃,临街门面,朝阳-东大桥东大桥路8号,50.0,16000.0,,10.666666666666666,39.9242471,116.4592123,True,True,True,50㎡,1.6万/月,10.67元/m/天（价格可面议）,"('39.9242471', '116.4592123')"
bright,(出租)菜市口十字路口商铺出租适合快餐麻辣烫沙县小笼包煎饼炸鸡奶茶等,商业街店铺,西城-菜市口详细地址请咨询,78.0,18600.0,7.95,7.95,39.895098,116.380957,True,True,True,78㎡,1.86万/月,7.95元/m/天,"('39.895098', '116.380957')"
bright,(出租)北清路，五金店线上，温阳路地铁口，小铺子，临街商铺，全业态,其他,海淀-海淀周边北清路,100.0,,,,40.074892,116.167825,True,False,False,100㎡,租金面议,,"('40.074892', '116.167825')"
bright,(出租)商铺直租！铜锅涮肉烤肉围炉串吧音乐餐厅酒吧，超大露台业态不限,社区底商,朝阳-定福庄朝阳北路,595.0,,,,39.929826,116.570245,True,False,False,595㎡,租金面议,,"('39.929826', '116.570245')"
bright,(出租)商铺出租无中介费即租即用不限业态装修,商业街店铺,明光北里,199.0,,,,39.971404,116.355931,True,False,False,199㎡,租金面议,,"('39.971404', '116.355931')"
bright,(出租)西城区商铺出租美食城档口新街口西四西站积水潭燃气24小时单高,档口摊位,北京积水潭医院(新街口院区),20.0,5000.0,,8.333333333333334,,,False,True,True,20㎡,5000元/月,8.33元/m/天（费用可面议）, 
bright,(出租)海淀区大钟寺字节跳动旁门脸无转让费全天人流楼上是公寓,商业街店铺,海淀-大钟寺详细地址请咨询,100.0,21800.0,7.27,7.27,39.969363,116.347855,True,True,True,100㎡,2.18万/月,7.27元/m/天,"('39.969363', '116.347855')"
bright,(出租)手帕口临街商铺出，招品牌米线麻辣烫快餐沙县黄焖鸡各种特色餐饮,商业街店铺,西城-西单详细地址请咨询,90.0,20000.0,,7.407407407407407,39.891837,116.349498,True,True,True,90㎡,2万/月,7.41元/m/天（价格可面议）,"('39.891837', '116.349498')"
bright,(出租)百子湾330平米餐饮商铺扩大业态换房，门前100多个停车位.,临街门面,朝阳-CBD百子湾路,330.0,39800.0,,4.02020202020202,39.906225,116.508546,True,True,True,330㎡,3.98万/月,4.02元/m/天（价格可面议）,"('39.906225', '116.508546')"
bright,(出租)北三环沿街餐饮商铺出租适合主食米饭类米线米粉砂锅等,临街门面,朝阳-芍药居详细地址请咨询,80.0,,,,39.889431,116.32935,True,False,False,80㎡,租金面议,,"('39.889431', '116.32935')"
bright,(出租)友谊医院旁500平商铺双展示面独立执照适合餐饮火锅类商户,临街门面,首都医科大学附属北京友谊医院-北京市西城区,500.0,30000.0,,2.0,39.89155086010476,116.39851997483281,True,True,True,500㎡,3万/月,2元/m/天（价格可面议）,"('39.89155086010476', '116.39851997483281')"
bright,(出租)W直租顺义顺仁路55平店铺业态不限可餐饮,社区底商,顺义-机场顺仁路,55.0,4500.0,2.73,2.73,40.090139,116.673484,True,True,True,55㎡,4500元/月,2.73元/m/天,"('40.090139', '116.673484')"
bright,(出租)天兴A座-临街商铺餐饮台球足疗可分割业主直租方便停车,写字楼配套,大兴-清源陈庄子东巷6号院,660.0,99000.0,,5.0,39.747084,116.3298,True,True,True,660㎡,9.9万/月,5元/m/天（价格可面议）,"('39.747084', '116.3298')"
bright,(出租)工体西门对面，200至1000平商铺出租，招餐饮，娱乐，医疗,商业街店铺,工体3号-北京市东城区,600.0,,,,39.935374,116.44987,True,False,False,600㎡,租金面议,,"('39.935374', '116.44987')"
bright,(出租)泥洼地铁口，大型社区临街商铺直租，客流量大，适合餐饮带装修,临街门面,详细地址请咨询,280.0,47000.0,,5.595238095238095,39.863951,116.320529,True,True,True,280㎡,4.7万/月,5.6元/m/天（价格可面议）,"('39.863951', '116.320529')"
bright,(出租)烟袋斜街后海40平商铺适合餐饮服装鞋帽体育用品等,商业街店铺,西城-什刹海烟袋斜街,40.0,45000.0,37.5,37.5,39.945418,116.401217,True,True,True,40㎡,4.5万/月,37.5元/m/天,"('39.945418', '116.401217')"
bright,(出租)新出亦庄林肯公园好位置商铺出租位置好带装修可餐饮,社区底商,大兴-亦庄亦庄荣华北路,190.0,35000.0,,6.140350877192983,39.810423,116.500192,True,True,True,190㎡,3.5万/月,6.14元/m/天（价格可面议）,"('39.810423', '116.500192')"
bright,(出租)西四环小屯里临街8米门头店铺出租适合全业态餐饮非餐饮,临街门面,丰台-小屯路青塔小区西侧路,85.0,20400.0,8.0,8.0,39.900529,116.263062,True,True,True,85㎡,2.04万/月,8元/m/天,"('39.900529', '116.263062')"
bright,(出租)石佛营纯一层商铺出租，可餐饮，药店，火锅，烤肉全业态,商业街店铺,朝阳-石佛营十里堡路,500.0,90000.0,6.0,6.0,39.935668,116.510773,True,True,True,500㎡,9万/月,6元/m/天,"('39.935668', '116.510773')"
bright,(出租)(北商)海淀马连洼商铺出租(餐饮行业除外）,社区底商,天秀花园安和园-21号楼-北京市海淀区,85.0,25000.0,,9.803921568627452,40.02693,116.281525,True,True,True,85㎡,2.5万/月,9.8元/m/天（费用可面议）,"('40.02693', '116.281525')"
bright,(出租)四惠东地铁口沿街门面出租适合各种餐饮小吃人流很大,商业街店铺,朝阳-石佛营详细地址请咨询,70.0,18000.0,,8.571428571428571,39.912517,116.52281,True,True,True,70㎡,1.8万/月,8.57元/m/天（费用可面议）,"('39.912517', '116.52281')"
bright,(出租)白纸坊亲子广场直租500平商铺主招培训，餐饮，养生健身等,购物百货中心,西城-白纸坊白纸坊西街8号,500.0,82500.0,,5.5,39.883591,116.367603,True,True,True,500㎡,8.25万/月,5.5元/m/天（价格可面议）,"('39.883591', '116.367603')"
bright,(出租)什刹海商业街主街商铺出租，适合各类餐饮非餐饮业态。客流量多。,临街门面,西城-菜市口详细地址请咨询,20.0,,,,39.945418,116.401217,True,False,False,20㎡,租金面议,,"('39.945418', '116.401217')"
bright,(出租)旧宫地铁商铺：纯一层适合所有餐饮等业态格局好展示面宽,商业街店铺,详细地址请咨询,210.0,31500.0,,5.0,39.810012,116.47022,True,True,True,210㎡,3.15万/月,5元/m/天（价格可面议）,"('39.810012', '116.47022')"
bright,(出租)亦庄文化园地铁旁位置商铺能餐饮带燃气客源稳定消费高,临街门面,大兴-亦庄亦庄荣华北路,110.0,31200.0,,9.454545454545455,39.810423,116.500192,True,True,True,110㎡,3.12万/月,9.46元/m/天（价格可面议）,"('39.810423', '116.500192')"
bright,(转让)朝外SOHO154平餐饮店转让，固定客源+高流量，白领消费高,商业街店铺,朝外SOHO,154.0,18000.0,28.0,28.0,39.925733,116.461265,True,True,True,154㎡,1.8万/月,转让费：28万元,"('39.925733', '116.461265')"
bright,(出租)西城区阜内大街89号临街底商旺铺房东直租,临街门面,阜成门内大街-89,165.0,50000.0,10.1,10.1,39.930064,116.37678,True,True,True,165㎡,5万/月,10.1元/m/天,"('39.930064', '116.37678')"
bright,(转让)德胜门商业街面包连锁蛋糕店转让客流密集位置好,临街门面,TOUSlesJOURS多乐之日(新风里店),101.2,36000.0,35.0,35.0,39.967792,116.381939,True,True,True,101.2㎡,3.6万/月,转让费：35万元,"('39.967792', '116.381939')"
bright,(出租)回龙观龙腾苑二区临街商铺出租420平可租无其他费用,临街门面,龙腾苑-二区,210.0,22000.0,3.49,3.49,40.083172,116.343681,True,True,True,210㎡,2.2万/月,3.49元/m/天,"('40.083172', '116.343681')"
bright,(出租)邻三环900平米适合办公会所餐饮茶楼娱乐,临街门面,苏皖大厦,900.0,94500.0,3.5,3.5,39.852427,116.344356,True,True,True,900㎡,9.45万/月,3.5元/m/天,"('39.852427', '116.344356')"
bright,(出租)安慧北里逸园28号楼临街底商旺铺直租,临街门面,安慧北里逸园南区-28号楼,316.0,105000.0,11.08,11.08,40.005405,116.419745,True,True,True,316㎡,10.5万/月,11.08元/m/天,"('40.005405', '116.419745')"
bright,(出租)黄村恒大未来城两层140㎡出租，成熟社区全业态，近地铁,商业街店铺,恒大未来城,140.0,8999.0,2.14,2.14,39.720345,116.320946,True,True,True,140㎡,8999元/月,2.14元/m/天,"('39.720345', '116.320946')"
bright,(出租)朝阳王四营人民日报印刷厂内1100平米餐厅档口招租,档口摊位,人民日报印刷厂,25.0,5000.0,6.67,6.67,39.866413,116.551483,True,True,True,25㎡,5000元/月,6.67元/m/天,"('39.866413', '116.551483')"
bright,(转让)朝阳北京200平餐厅转让，出租早点,社区底商,铭泽生活广场,200.0,30000.0,15.0,15.0,39.869836,116.48346,True,True,True,200㎡,3万/月,转让费：15万元,"('39.869836', '116.48346')"
bright,(转让)地铁积水潭站附近临街底商旺铺转让,临街门面,小炊谣,110.0,45900.0,15.0,15.0,39.957642,116.378567,True,True,True,110㎡,4.59万/月,转让费：15万元,"('39.957642', '116.378567')"
bright,(出租)北京核心景区南锣鼓巷c位商铺招租,商业街店铺,南锣鼓巷,400.0,200000.0,16.67,16.67,39.943562,116.408878,True,True,True,400㎡,20万/月,16.67元/m/天,"('39.943562', '116.408878')"
bright,(出租)海淀上地科实大厦底商商铺房东直租,写字楼配套,科实大厦,600.0,144000.0,8.0,8.0,40.040731,116.318389,True,True,True,600㎡,14.4万/月,8元/m/天,"('40.040731', '116.318389')"
bright,(出租)朝外大街日坛晶华8号楼底商临街门面房东直租除重餐饮外行业不限,社区底商,日坛晶华-8号楼,173.45,39000.0,7.49,7.49,39.926518,116.450761,True,True,True,173.45㎡,3.9万/月,7.49元/m/天,"('39.926518', '116.450761')"
bright,(出租)海淀五道口农业大学100-300平直租无转让费可餐饮！,临街门面,清华东路15号,105.97,26000.0,8.18,8.18,40.007289,116.366487,True,True,True,105.97㎡,2.6万/月,8.18元/m/天,"('40.007289', '116.366487')"
bright,(出租)石景山古城路步行街核心铺招租！近商场社区，人流量大,商业街店铺,古城南路步行街,140.0,,,,39.916957,116.198351,True,False,False,140㎡,租金面议,（价格可面议）,"('39.916957', '116.198351')"
bright,(转让)石景山八角西街280平精装涮肉店转租，5年租期人流量大,临街门面,八角西街,280.0,58800.0,,7.0,39.920335,116.205284,True,True,True,280㎡,5.88万/月,转让费：面议（转让费可面议）,"('39.920335', '116.205284')"
bright,(出租)奥林匹克公园临街铺面70-300平出租，12元/㎡含物业费,商业街店铺,北京工艺美术博物馆(文创店),80.0,29000.0,12.08,12.08,40.00572,116.400322,True,True,True,80㎡,2.9万/月,12.08元/m/天,"('40.00572', '116.400322')"
bright,(出租)旭景园1万平招租全业态制可仓储，配套手续齐全，整租可分租,临街门面,旭景园·精致生活广场,10000.0,,,,39.945537,116.703494,True,False,False,10000㎡,租金面议,（价格可面议）,"('39.945537', '116.703494')"
bright,(转让)蓝堡公寓饭店整体转600平精装含KTV，近华贸高客流价格可谈,商业街店铺,蓝堡国际公寓-南区,600.0,60000.0,80.0,80.0,39.916652,116.48313,True,True,True,600㎡,6万/月,转让费：80万元,"('39.916652', '116.48313')"
bright,(出租)（0转让费）朝阳欢乐谷附近Ⅰ临街流量社区底商旺铺整体出租,社区底商,PETLADY宠娘宠物生活馆(格林莱雅店),80.0,19000.0,7.92,7.92,39.873411,116.513574,True,True,True,80㎡,1.9万/月,7.92元/m/天,"('39.873411', '116.513574')"
bright,(出租)双井桥地铁D口附近临街社区底商人流量大旺铺出租位置优越,临街门面,优士阁-B座,87.0,22000.0,8.43,8.43,39.898418,116.466159,True,True,True,87㎡,2.2万/月,8.43元/m/天,"('39.898418', '116.466159')"
bright,(转让)朝阳北花园1号院一层店转租，设备全临主路,临街门面,中国传媒大学,130.0,32500.0,18.0,18.0,39.917551,116.563634,True,True,True,130㎡,3.25万/月,转让费：18万元,"('39.917551', '116.563634')"
bright,(出租)亦庄同济南路10㎡临街档口酒店公寓旁，白领多做早餐小吃奶茶佳,临街门面,同济南路,10.0,,,,39.779083,116.546239,True,False,False,10㎡,租金面议,（价格可面议）,"('39.779083', '116.546239')"
bright,(出租)新街口积水潭小西天临街商铺房东直租、周边客流大(除餐饮外),临街门面,新街口外大街29号,40.0,30000.0,25.0,25.0,39.958119,116.377868,True,True,True,40㎡,3万/月,25元/m/天,"('39.958119', '116.377868')"
bright,(出租)房东直租可线上超市台球轰趴足疗简餐中央厨房仓储,社区底商,百子湾东里,420.0,,,,39.905263,116.511316,True,False,False,420㎡,租金面议,（价格可面议）,"('39.905263', '116.511316')"
bright,(出租)团结湖沿街小吃商铺，人流量超大，适合面馆麻辣烫小吃等等,商业街店铺,朝阳-团结湖详细地址请咨询,30.0,16000.0,17.78,17.78,39.939326,116.471472,True,True,True,30㎡,1.6万/月,17.78元/m/天,"('39.939326', '116.471472')"
bright,(转让)G顺义南法信旭辉北区商铺转让或者业主招租（不限制业态）,社区底商,顺义-石门北京旭辉优美文化交流有限公司-北京市顺义区,65.0,5000.0,,2.5641025641025643,40.131099,116.61915,True,True,True,65㎡,5000元/月,转让费：面议（转让费可面议）,"('40.131099', '116.61915')"
bright,(出租)自贸区，上市企业所在地，新出商铺，小150平2000平,写字楼配套,海淀-西北旺北清路81号,1300.0,,,,40.0821239,116.253999,True,False,False,1300㎡,租金面议,,"('40.0821239', '116.253999')"
bright,(出租)W直租海淀五道口临街106平店铺,临街门面,海淀-五道口朝阳北路,106.0,25000.0,7.86,7.86,39.92952,116.571748,True,True,True,106㎡,2.5万/月,7.86元/m/天,"('39.92952', '116.571748')"
bright,(出租)东三环临街商铺地铁亦庄写字园区美广丰台科技园美食城人超多,档口摊位,通州-梨园详细地址请咨询,30.0,5000.0,,5.555555555555555,39.890289,116.672827,True,True,True,30㎡,5000元/月,5.56元/m/天（费用可面议）,"('39.890289', '116.672827')"
bright,(出租)定福庄地铁口一层临街铺面多业态经营价格面议美容养生消费高,临街门面,朝阳-定福庄详细地址请咨询,118.58,,,,39.921888,116.558892,True,False,False,118.58㎡,租金面议,,"('39.921888', '116.558892')"
bright,(出租)海淀区商铺出租美食城档口中关村北大清华五道口六道口燃气24h,档口摊位,中关村,20.0,5500.0,,9.166666666666666,,,False,True,True,20㎡,5500元/月,9.17元/m/天（费用可面议）, 
bright,(出租)北苑万达写字楼下17平独立店铺招租美甲服装水吧不可明火,商业街店铺,通州-通州北苑新华西街58号,17.0,5000.0,,9.803921568627452,39.9114789,116.6471654,True,True,True,17㎡,5000元/月,9.8元/m/天（价格可面议）,"('39.9114789', '116.6471654')"
bright,(出租)天通苑华联新出30平商铺适合各种网红水吧小吃,购物百货中心,昌平-天通苑立汤路,30.0,,,,40.076554,116.421068,True,False,False,30㎡,租金面议,,"('40.076554', '116.421068')"
bright,(出租)3200全含不讲价美食城档口大悦城传媒朝阳路十里铺金台路商铺,档口摊位,定福庄,20.0,3000.0,,5.0,,,False,True,True,20㎡,3000元/月,5元/m/天（费用可面议）, 
bright,(出租)海淀区商铺出租美食城档口人民大学苏州街魏公村世纪金源燃气24,档口摊位,人民大学,20.0,6500.0,,10.833333333333334,,,False,True,True,20㎡,6500元/月,10.83元/m/天（费用可面议）, 
bright,(出租)急租临街门面人流大，还剩一间，户型方正适合全业态，门前停车位,社区底商,丰台-角门马家堡东路,50.0,5000.0,,3.3333333333333335,39.856418,116.393923,True,True,True,50㎡,5000元/月,3.33元/m/天（价格可面议）,"('39.856418', '116.393923')"
bright,(出租)民族大學门口28平-40平-55平商铺直租适合各类小吃手慢无,商业街店铺,海淀-魏公村名族大学西路,40.0,,,,39.958412,116.323714,True,False,False,40㎡,租金面议,,"('39.958412', '116.323714')"
bright,(出租)劲松地铁口一层70平商铺出租，适合水吧，咖啡，炸鸡熟食便利店,商业街店铺,京八珍(劲松大厦店)-北京市朝阳区,70.0,28800.0,13.7,13.7,39.88975,116.469231,True,True,True,70㎡,2.88万/月,13.7元/m/天,"('39.88975', '116.469231')"
bright,(出租)北京中轴线前门大街主街独栋商铺开发商业主直租,商业街店铺,东城-前门前门大街,1215.41,,,,39.905524,116.404589,True,False,False,1215.41㎡,租金面议,,"('39.905524', '116.404589')"
bright,(出租)商铺出租纯外宋家庄蒲黄榆方庄刘家窑十里河美食城档口燃气24h,档口摊位,蒲黄榆,20.0,4500.0,,7.5,,,False,True,True,20㎡,4500元/月,7.5元/m/天（费用可面议）, 
bright,(转让)旺铺转让-房山长阳万科中央城一层95商铺转让,商业街店铺,房山-长阳京良路,93.73,12000.0,,4.267577083111064,39.770199,116.217796,True,True,True,93.73㎡,1.2万/月,转让费：10万元（转让费可面议）,"('39.770199', '116.217796')"
bright,(出租)丰台区美食城档口商铺出租六里桥五棵松西站丰台站纪家庙燃气24,档口摊位,六里桥东,20.0,4000.0,,6.666666666666667,,,False,True,True,20㎡,4000元/月,6.67元/m/天（费用可面议）, 
bright,(出租)商铺出租品牌租户到期不续签了带装修大展面诚意出租可谈,临街门面,通州-物资学院路详细地址请咨询,138.0,,,,39.932806,116.64605,True,False,False,138㎡,租金面议,,"('39.932806', '116.64605')"
bright,(出租)柳芳地铁站临街商铺直租面积360平展示面50米,商业街店铺,柳芳-地铁站-北京市朝阳区,360.0,,,,39.964106,116.439265,True,False,False,360㎡,租金面议,,"('39.964106', '116.439265')"
bright,(出租)朝阳周边望京SOHO旁临街商铺招商,临街门面,朝阳-望京阜安东路,460.0,90000.0,6.52,6.52,40.001406,116.491659,True,True,True,460㎡,9万/月,6.52元/m/天,"('40.001406', '116.491659')"
bright,(出租)劲松全业态商铺78平37万一年可谈周边成熟人口密度高,商业街店铺,朝阳-潘家园劲松南路,78.0,30000.0,,12.820512820512821,39.887338,116.458761,True,True,True,78㎡,3万/月,12.82元/m/天（价格可面议）,"('39.887338', '116.458761')"
bright,(出租)海淀区美食城纯外卖档口上地西二旗清河望京商铺出租燃气24h,档口摊位,上地大厦,20.0,5000.0,,8.333333333333334,,,False,True,True,20㎡,5000元/月,8.33元/m/天（费用可面议）, 
bright,(出租)朝阳临街独栋商铺新装会所招商,社区底商,朝阳-望京湖光北街,320.0,50000.0,5.21,5.21,40.005481,116.472028,True,True,True,320㎡,5万/月,5.21元/m/天,"('40.005481', '116.472028')"
bright,(出租)3个月免租房山长阳万科中央城70平米店铺出租适合外卖堂食,商业街店铺,"房山-长阳京良路,近长政北街",69.55,7302.75,3.5,3.5,39.771237,116.217801,True,True,True,69.55㎡,7302.75元/月,3.5元/m/天,"('39.771237', '116.217801')"
bright,(出租)通州万达15平米独立商铺大展示面可以水吧零售随时可看,商业街店铺,通州-通州北苑新华西街58号,15.0,5000.0,11.11,11.11,39.9114789,116.6471654,True,True,True,15㎡,5000元/月,11.11元/m/天,"('39.9114789', '116.6471654')"
bright,(出租)杨庄东街临街二层330平商铺出租，适合菜，火锅，烧烤等,商业街店铺,中国邮政(杨庄东街邮政所)-北京市石景山区,330.0,24800.0,2.5,2.5,39.925786,116.205306,True,True,True,330㎡,2.48万/月,2.5元/m/天,"('39.925786', '116.205306')"
bright,(出租)朝阳商铺档口双井招饮品朝阳门西直门东直门国贸美食城,档口摊位,东城-东直门外东直门外大街42号,15.0,5000.0,,11.11111111111111,39.946093,116.444055,True,True,True,15㎡,5000元/月,11.11元/m/天（价格可面议）,"('39.946093', '116.444055')"
bright,(出租)商铺出租！朝阳北路临街一层，烟酒零售便利店，机车自行车专卖店,临街门面,朝阳-定福庄朝阳北路,118.0,25500.0,,7.203389830508475,39.929826,116.570245,True,True,True,118㎡,2.55万/月,7.2元/m/天（费用可面议）,"('39.929826', '116.570245')"
bright,(出租)通州50平独立店铺月租7千有燃气适合外卖租金低,商业街店铺,通州-通州北苑新华西街58号,50.0,7000.0,,4.666666666666667,39.9114789,116.6471654,True,True,True,50㎡,7000元/月,4.67元/m/天（价格可面议）,"('39.9114789', '116.6471654')"
bright,(出租)直租国贸东大桥SOHO尚都临街餐饮商铺户型方正有燃气,写字楼配套,朝阳-东大桥东大桥路8号,130.0,42000.0,10.77,10.77,39.9242471,116.4592123,True,True,True,130㎡,4.2万/月,10.77元/m/天,"('39.9242471', '116.4592123')"
bright,(出租)东城区地安门十字路口餐饮商铺人流大面积230平,临街门面,西城-什刹海地安门外大街31号,233.0,69900.0,10.0,10.0,39.944427,116.4019621,True,True,True,233㎡,6.99万/月,10元/m/天,"('39.944427', '116.4019621')"
bright,(出租)百子湾新出餐饮商铺100平18米门头可整分租燃气面馆炒菜烧烤,商业街店铺,朝阳-百子湾广渠东路33号,100.0,25000.0,,8.333333333333334,39.903576,116.511555,True,True,True,100㎡,2.5万/月,8.33元/m/天（价格可面议）,"('39.903576', '116.511555')"
bright,(出租)低价招租前沙涧凤仪佳苑临街商铺，可仓储餐饮娱乐等,商业街店铺,海淀-苏家坨苏一路,117.0,,,,40.108901,116.151019,True,False,False,117㎡,租金面议,,"('40.108901', '116.151019')"
bright,(出租)谷德玛特永乐店门脸房65平米特色小吃餐饮麻辣烫超市直租,临街门面,谷德玛特生活超市(永乐店)-北京市通州区,65.0,6000.0,3.08,3.08,39.717301,116.796314,True,True,True,65㎡,6000元/月,3.08元/m/天,"('39.717301', '116.796314')"
bright,(出租)东四环百子湾新出商铺600平除餐饮外可注册健身娱乐等,商业街店铺,朝阳-百子湾石门东路,600.0,68400.0,3.8,3.8,39.902399,116.509065,True,True,True,600㎡,6.84万/月,3.8元/m/天,"('39.902399', '116.509065')"
bright,(出租)三里屯SOHO临街160平酒吧商铺出租适合酒吧轻餐饮脱口秀,商业街店铺,三里屯SOHO-北京市朝阳区,160.0,34000.0,7.08,7.08,39.937943,116.460166,True,True,True,160㎡,3.4万/月,7.08元/m/天,"('39.937943', '116.460166')"
bright,(出租)W大兴亦庄临街100平店铺招租（可餐饮）,临街门面,大兴-亦庄科创五街,100.0,18000.0,6.0,6.0,39.814847,116.54724,True,True,True,100㎡,1.8万/月,6元/m/天,"('39.814847', '116.54724')"
bright,(出租)传媒大学地铁旁小区门口商铺2层露台可餐饮,社区底商,朝阳-高碑店详细地址请咨询,128.78,,,,39.910489,116.555255,True,False,False,128.78㎡,租金面议,,"('39.910489', '116.555255')"
bright,(出租)商铺出租大平层带餐饮装修适合年轻人消费的地方,购物百货中心,朝阳-定福庄详细地址请咨询,736.0,,,,39.921846,116.562343,True,False,False,736㎡,租金面议,,"('39.921846', '116.562343')"
bright,(出租)丰台区新出临街商铺140（餐饮）欢迎价格可谈,商业街店铺,广安康馨家园-北京市丰台区,140.0,25000.0,5.95,5.95,39.882617,116.235978,True,True,True,140㎡,2.5万/月,5.95元/m/天,"('39.882617', '116.235978')"
bright,(出租)东三环朝阳双井临街一层十字路口75平商铺招租餐饮,商业街店铺,双井-地铁站-北京市朝阳区,75.0,28300.0,12.58,12.58,39.899171,116.469147,True,True,True,75㎡,2.83万/月,12.58元/m/天,"('39.899171', '116.469147')"
bright,(出租)国贸280平米临街商铺有燃气餐饮诊所美容摄影等,临街门面,建外soho-北京市朝阳区,280.0,33000.0,,3.9285714285714284,39.911164,116.465963,True,True,True,280㎡,3.3万/月,3.93元/m/天（价格可面议）,"('39.911164', '116.465963')"
bright,(出租)海淀世纪城1100平商铺出租中医门诊医疗餐饮眼科大健康产后修,临街门面,海淀-世纪城远大路1号,1100.0,181500.0,,5.5,39.9650367,116.2943251,True,True,True,1100㎡,18.15万/月,5.5元/m/天（价格可面议）,"('39.9650367', '116.2943251')"
bright,(出租)通州土桥地铁口临街商铺小区出入口全业态主招餐饮直租价格面议,临街门面,通州-土桥九棵树东路,100.0,18000.0,,6.0,39.877316,116.695582,True,True,True,100㎡,1.8万/月,6元/m/天（价格可面议）,"('39.877316', '116.695582')"
bright,(出租)西三环外国语首师大35平米商铺鲜花茶饮超市餐饮,社区底商,西城-广安门外手帕口南街,35.0,7350.0,7.0,7.0,39.892664,116.349416,True,True,True,35㎡,7350元/月,7元/m/天,"('39.892664', '116.349416')"
bright,(出租)海淀双榆树，双安商场旁，一层餐饮街店铺，不限业态,商业街店铺,海淀-双榆树详细地址请咨询,100.0,,,,39.977968,116.328784,True,False,False,100㎡,租金面议,,"('39.977968', '116.328784')"
bright,(出租)望京东，物业直租商铺，352平可餐饮，2.21元全含，可谈。,商业街店铺,朝阳-朝阳周边长店大街,351.9,23300.0,2.21,2.21,40.015807,116.557213,True,True,True,351.9㎡,2.33万/月,2.21元/m/天,"('40.015807', '116.557213')"
bright,(转让)朝外SOHO154平餐饮店转让，固定客源+高流量，白领消费高,商业街店铺,朝外SOHO,154.0,18000.0,28.0,28.0,39.925733,116.461265,True,True,True,154㎡,1.8万/月,转让费：28万元,"('39.925733', '116.461265')"
bright,(出租)西城区阜内大街89号临街底商旺铺房东直租,临街门面,阜成门内大街-89,165.0,50000.0,10.1,10.1,39.930064,116.37678,True,True,True,165㎡,5万/月,10.1元/m/天,"('39.930064', '116.37678')"
bright,(转让)德胜门商业街面包连锁蛋糕店转让客流密集位置好,临街门面,TOUSlesJOURS多乐之日(新风里店),101.2,36000.0,35.0,35.0,39.967792,116.381939,True,True,True,101.2㎡,3.6万/月,转让费：35万元,"('39.967792', '116.381939')"
bright,(出租)回龙观龙腾苑二区临街商铺出租420平可租无其他费用,临街门面,龙腾苑-二区,210.0,22000.0,3.49,3.49,40.083172,116.343681,True,True,True,210㎡,2.2万/月,3.49元/m/天,"('40.083172', '116.343681')"
bright,(出租)邻三环900平米适合办公会所餐饮茶楼娱乐,临街门面,苏皖大厦,900.0,94500.0,3.5,3.5,39.852427,116.344356,True,True,True,900㎡,9.45万/月,3.5元/m/天,"('39.852427', '116.344356')"
bright,(出租)安慧北里逸园28号楼临街底商旺铺直租,临街门面,安慧北里逸园南区-28号楼,316.0,105000.0,11.08,11.08,40.005405,116.419745,True,True,True,316㎡,10.5万/月,11.08元/m/天,"('40.005405', '116.419745')"
bright,(出租)黄村恒大未来城两层140㎡出租，成熟社区全业态，近地铁,商业街店铺,恒大未来城,140.0,8999.0,2.14,2.14,39.720345,116.320946,True,True,True,140㎡,8999元/月,2.14元/m/天,"('39.720345', '116.320946')"
bright,(出租)朝阳王四营人民日报印刷厂内1100平米餐厅档口招租,档口摊位,人民日报印刷厂,25.0,5000.0,6.67,6.67,39.866413,116.551483,True,True,True,25㎡,5000元/月,6.67元/m/天,"('39.866413', '116.551483')"
bright,(转让)朝阳北京200平餐厅转让，出租早点,社区底商,铭泽生活广场,200.0,30000.0,15.0,15.0,39.869836,116.48346,True,True,True,200㎡,3万/月,转让费：15万元,"('39.869836', '116.48346')"
bright,(转让)地铁积水潭站附近临街底商旺铺转让,临街门面,小炊谣,110.0,45900.0,15.0,15.0,39.957642,116.378567,True,True,True,110㎡,4.59万/月,转让费：15万元,"('39.957642', '116.378567')"
bright,(出租)北京核心景区南锣鼓巷c位商铺招租,商业街店铺,南锣鼓巷,400.0,200000.0,16.67,16.67,39.943562,116.408878,True,True,True,400㎡,20万/月,16.67元/m/天,"('39.943562', '116.408878')"
bright,(出租)海淀上地科实大厦底商商铺房东直租,写字楼配套,科实大厦,600.0,144000.0,8.0,8.0,40.040731,116.318389,True,True,True,600㎡,14.4万/月,8元/m/天,"('40.040731', '116.318389')"
bright,(出租)朝外大街日坛晶华8号楼底商临街门面房东直租除重餐饮外行业不限,社区底商,日坛晶华-8号楼,173.45,39000.0,7.49,7.49,39.926518,116.450761,True,True,True,173.45㎡,3.9万/月,7.49元/m/天,"('39.926518', '116.450761')"
bright,(出租)海淀五道口农业大学100-300平直租无转让费可餐饮！,临街门面,清华东路15号,105.97,26000.0,8.18,8.18,40.007289,116.366487,True,True,True,105.97㎡,2.6万/月,8.18元/m/天,"('40.007289', '116.366487')"
bright,(出租)石景山古城路步行街核心铺招租！近商场社区，人流量大,商业街店铺,古城南路步行街,140.0,,,,39.916957,116.198351,True,False,False,140㎡,租金面议,（价格可面议）,"('39.916957', '116.198351')"
bright,(转让)石景山八角西街280平精装涮肉店转租，5年租期人流量大,临街门面,八角西街,280.0,58800.0,,7.0,39.920335,116.205284,True,True,True,280㎡,5.88万/月,转让费：面议（转让费可面议）,"('39.920335', '116.205284')"
bright,(出租)奥林匹克公园临街铺面70-300平出租，12元/㎡含物业费,商业街店铺,北京工艺美术博物馆(文创店),80.0,29000.0,12.08,12.08,40.00572,116.400322,True,True,True,80㎡,2.9万/月,12.08元/m/天,"('40.00572', '116.400322')"
bright,(出租)旭景园1万平招租全业态制可仓储，配套手续齐全，整租可分租,临街门面,旭景园·精致生活广场,10000.0,,,,39.945537,116.703494,True,False,False,10000㎡,租金面议,（价格可面议）,"('39.945537', '116.703494')"
bright,(转让)蓝堡公寓饭店整体转600平精装含KTV，近华贸高客流价格可谈,商业街店铺,蓝堡国际公寓-南区,600.0,60000.0,80.0,80.0,39.916652,116.48313,True,True,True,600㎡,6万/月,转让费：80万元,"('39.916652', '116.48313')"
bright,(出租)（0转让费）朝阳欢乐谷附近Ⅰ临街流量社区底商旺铺整体出租,社区底商,PETLADY宠娘宠物生活馆(格林莱雅店),80.0,19000.0,7.92,7.92,39.873411,116.513574,True,True,True,80㎡,1.9万/月,7.92元/m/天,"('39.873411', '116.513574')"
bright,(出租)双井桥地铁D口附近临街社区底商人流量大旺铺出租位置优越,临街门面,优士阁-B座,87.0,22000.0,8.43,8.43,39.898418,116.466159,True,True,True,87㎡,2.2万/月,8.43元/m/天,"('39.898418', '116.466159')"
bright,(转让)朝阳北花园1号院一层店转租，设备全临主路,临街门面,中国传媒大学,130.0,32500.0,18.0,18.0,39.917551,116.563634,True,True,True,130㎡,3.25万/月,转让费：18万元,"('39.917551', '116.563634')"
bright,(出租)亦庄同济南路10㎡临街档口酒店公寓旁，白领多做早餐小吃奶茶佳,临街门面,同济南路,10.0,,,,39.779083,116.546239,True,False,False,10㎡,租金面议,（价格可面议）,"('39.779083', '116.546239')"
bright,(出租)新街口积水潭小西天临街商铺房东直租、周边客流大(除餐饮外),临街门面,新街口外大街29号,40.0,30000.0,25.0,25.0,39.958119,116.377868,True,True,True,40㎡,3万/月,25元/m/天,"('39.958119', '116.377868')"
bright,(出租)房东直租可线上超市台球轰趴足疗简餐中央厨房仓储,社区底商,百子湾东里,420.0,,,,39.905263,116.511316,True,False,False,420㎡,租金面议,（价格可面议）,"('39.905263', '116.511316')"
bright,(出租)商铺出租转让马家堡纪家庙陶然亭木樨园美食城档口燃气24h,档口摊位,马家堡,20.0,4500.0,,7.5,,,False,True,True,20㎡,4500元/月,7.5元/m/天（费用可面议）, 
bright,(出租)通州50平独立店铺月租7千有燃气适合外卖租金低,商业街店铺,通州-通州北苑新华西街58号,45.0,7000.0,,5.185185185185185,39.9114789,116.6471654,True,True,True,45㎡,7000元/月,5.19元/m/天（价格可面议）,"('39.9114789', '116.6471654')"
bright,(出租)商铺出租美食城档口总部基地科技园诺德首经贸燃气24h单量高,档口摊位,北京丰台总部基地,20.0,3000.0,,5.0,,,False,True,True,20㎡,3000元/月,5元/m/天（费用可面议）, 
bright,(出租)朝阳区小区口把角好位置20平米临街门脸急租美甲黑猪肉,临街门面,朝阳-常营常营中路,20.0,,,,39.935658,116.614559,True,False,False,20㎡,租金面议,,"('39.935658', '116.614559')"
bright,(出租)特！价！一层商铺！带燃气！把角双展示！国贸CBD大望路,商业街店铺,朝阳-国贸东三环中路39号,70.0,9500.0,,4.523809523809524,39.911335,116.465666,True,True,True,70㎡,9500元/月,4.52元/m/天（价格可面议）,"('39.911335', '116.465666')"
bright,(转让)天通苑小区口家，临街门面出租无转让费，适合早点面食类,临街门面,昌平-天通苑详细地址请咨询,100.0,18000.0,,6.0,40.072334,116.415846,True,True,True,100㎡,1.8万/月,无转让费,"('40.072334', '116.415846')"
bright,(出租)金台路沿街门面出租人流非常大合小笼包拉面羊汤卤煮麻辣烫等,临街门面,朝阳-十里堡详细地址请咨询,85.0,18000.0,7.06,7.06,39.924372,116.484578,True,True,True,85㎡,1.8万/月,7.06元/m/天,"('39.924372', '116.484578')"
bright,(出租)前门大街沿街门面出租适合拉面餐馆咖啡烘焙麻辣烫等房东直租,临街门面,东城-前门详细地址请咨询,100.0,25000.0,8.33,8.33,39.902586,116.405722,True,True,True,100㎡,2.5万/月,8.33元/m/天,"('39.902586', '116.405722')"
bright,(出租)朝阳劲松临街店铺出租适合煎饼灌饼主食小吃冷面糕点等,临街门面,详细地址请咨询,10.0,,,,39.893028,116.462883,True,False,False,10㎡,租金面议,,"('39.893028', '116.462883')"
bright,(出租)海淀西三旗！招湘菜，川菜，快餐，火锅，江西菜，烤肉等甲方直租,商业街店铺,海淀-西三旗详细地址请咨询,580.0,69600.0,,4.0,40.0638,116.351656,True,True,True,580㎡,6.96万/月,4元/m/天（费用可面议）,"('40.0638', '116.351656')"
bright,(出租)东城区磁器口崇文门万单店美食城外卖档口诚意招租,档口摊位,东城-磁器口崇文磁器口路,15.0,6000.0,,13.333333333333334,39.901434,116.429719,True,True,True,15㎡,6000元/月,13.33元/m/天（价格可面议）,"('39.901434', '116.429719')"
bright,(出租)办公楼出入口底商，直租无转让费可注册，行业不限,写字楼配套,昌平-回龙观详细地址请咨询,100.0,20000.0,6.67,6.67,40.071198,116.352888,True,True,True,100㎡,2万/月,6.67元/m/天,"('40.071198', '116.352888')"
bright,(出租)五道口知春路！流水5万燃气铺！招：特色菜，火锅烤肉，异国菜等,商业街店铺,海淀-五道口详细地址请咨询,370.0,155400.0,,14.0,39.995731,116.345972,True,True,True,370㎡,15.54万/月,14元/m/天（费用可面议）,"('39.995731', '116.345972')"
bright,(出租)物业出租：常营，二层带电梯，339平2.5元全含，全业态招商,商业街店铺,朝阳-常营常营北路,338.64,25400.0,2.5,2.5,39.935707,116.588604,True,True,True,338.64㎡,2.54万/月,2.5元/m/天,"('39.935707', '116.588604')"
bright,(出租)朝阳周边望京中心外卖档口招商品类不限,社区底商,朝阳-望京阜通西大街,15.0,8000.0,17.78,17.78,40.0024397129,116.4778671178,True,True,True,15㎡,8000元/月,17.78元/m/天,"('40.0024397129', '116.4778671178')"
bright,(出租)海淀区四道口大钟寺美食城外卖档口诚意招租,档口摊位,海淀-皂君庙四道口路,25.0,12000.0,,16.0,39.966836,116.350312,True,True,True,25㎡,1.2万/月,16元/m/天（价格可面议）,"('39.966836', '116.350312')"
bright,(出租)临街把角一拖二有燃气有装修接手即可经营,社区底商,古城大街-道路-北京市石景山区,139.0,15200.0,3.65,3.65,39.922605,116.193149,True,True,True,139㎡,1.52万/月,3.65元/m/天,"('39.922605', '116.193149')"
bright,(出租)人流量大接手即可经营临地铁停车方便,商业街店铺,首钢园-北京市石景山区,530.0,55700.0,3.5,3.5,39.911562,116.177067,True,True,True,530㎡,5.57万/月,3.5元/m/天,"('39.911562', '116.177067')"
bright,(出租)科学院临街档口出租！人流密集白领学生多适合奶茶炸鸡熟食小食,商业街店铺,海淀-双榆树科学院南路,18.0,15000.0,,27.77777777777778,39.975243,116.333959,True,True,True,18㎡,1.5万/月,27.78元/m/天（价格可面议）,"('39.975243', '116.333959')"
bright,(出租)健德门！二层有燃气，招品牌正餐，顺德菜，融合菜，烤鸭，羊蝎子,商业街店铺,西城-德胜门详细地址请咨询,490.0,66200.0,,4.503401360544218,39.973345,116.386605,True,True,True,490㎡,6.62万/月,4.5元/m/天（费用可面议）,"('39.973345', '116.386605')"
bright,(出租)国贸.财富中心万通中心一层临街底商带燃气,写字楼配套,朝阳-东大桥东三环中路7号,200.0,45000.0,7.5,7.5,39.9239136,116.4658922,True,True,True,200㎡,4.5万/月,7.5元/m/天,"('39.9239136', '116.4658922')"
bright,(出租)三里屯新出二层花店装修40平米超大展示面独立门头适合美甲花店,写字楼配套,朝阳-三里屯工人体育场北路,38.0,,,,39.937492,116.460034,True,False,False,38㎡,租金面议,,"('39.937492', '116.460034')"
bright,(出租)甲方直租丨招铁锅炖丨羊蝎子丨清真火锅丨养生馆丨线上超市丨美容,社区底商,朝阳-常营朝阳北路,338.0,25400.0,,2.504930966469428,39.930112,116.617695,True,True,True,338㎡,2.54万/月,2.5元/m/天（价格可面议）,"('39.930112', '116.617695')"
bright,(转让)G燕郊燕灵路大学附近可外摆餐馆低价转让,商业街店铺,北京周边-燕郊燕灵路,280.0,15000.0,,1.7857142857142858,39.972047,116.802923,True,True,True,280㎡,1.5万/月,转让费：面议（费用可面议）,"('39.972047', '116.802923')"
bright,(出租)五棵松商场和世纪金源招各种品牌小吃奶茶水吧50平客流上万,购物百货中心,海淀-五棵松详细地址请咨询,30.0,25000.0,,27.77777777777778,39.960461,116.286137,True,True,True,30㎡,2.5万/月,27.78元/m/天（价格可面议）,"('39.960461', '116.286137')"
bright,(转让)G顺义区仁和河南村155平米餐馆低价转让,临街门面,北京市顺义区仁和(地区)镇安定路37号,155.0,,10.0,10.0,40.10506,116.707672,True,False,True,155㎡,租金面议,转让费：10万元,"('40.10506', '116.707672')"
bright,(出租)个人出租望京每日千人用餐园区内美食城有燃气配置地铁出口店,档口摊位,北京市朝阳区利泽中二路203号,18.0,6000.0,,11.11111111111111,40.018997,116.478685,True,True,True,18㎡,6000元/月,11.11元/m/天（费用可面议）,"('40.018997', '116.478685')"
bright,(出租)望京悠乐汇六佰本美食城外卖档口有燃气可外摆堂食适合早点盖饭面,档口摊位,详细地址请咨询,15.0,4500.0,,10.0,39.994721,116.483947,True,True,True,15㎡,4500元/月,10元/m/天（价格可面议）,"('39.994721', '116.483947')"
bright,(出租)土桥免租12个月适合电动车美甲美睫图文团购便民等,社区底商,通州-土桥详细地址请咨询,46.0,14000.0,,10.144927536231885,39.877316,116.695582,True,True,True,46㎡,1.4万/月,10.14元/m/天（价格可面议）,"('39.877316', '116.695582')"
bright,(出租)海淀区五路居全新美食城外卖档口诚意招租京东外卖,档口摊位,海淀-五路居西四环北路,22.0,7000.0,,10.606060606060606,39.939447,116.276836,True,True,True,22㎡,7000元/月,10.61元/m/天（价格可面议）,"('39.939447', '116.276836')"
bright,(出租)海淀苏州街临街商铺323平居公学校混合商圈适合一切餐饮,商业街店铺,苏州街-地铁站-北京市海淀区,323.0,106600.0,,11.001031991744066,39.981601,116.312777,True,True,True,323㎡,10.66万/月,11元/m/天（价格可面议）,"('39.981601', '116.312777')"
bright,(出租)急租！东四环可餐饮商铺招餐饮便利店生鲜超市药店等,临街门面,详细地址请咨询,80.0,,,,39.914886,116.501987,True,False,False,80㎡,租金面议,,"('39.914886', '116.501987')"
bright,(出租)世贸天阶餐饮商铺丨SOHO尚都底商丨带燃气丨精装修丨,写字楼配套,朝阳-CBD东大桥路8号,135.0,42000.0,10.37,10.37,39.9242471,116.4592123,True,True,True,135㎡,4.2万/月,10.37元/m/天,"('39.9242471', '116.4592123')"
bright,(出租)海淀双榆树，双安商场旁，一层餐饮街店铺，不限业态,商业街店铺,海淀-双榆树详细地址请咨询,100.0,,,,39.977968,116.328784,True,False,False,100㎡,租金面议,,"('39.977968', '116.328784')"
bright,(出租)望京东，物业直租商铺，352平可餐饮，2.21元全含，可谈。,商业街店铺,朝阳-朝阳周边长店大街,351.9,23300.0,2.21,2.21,40.015807,116.557213,True,True,True,351.9㎡,2.33万/月,2.21元/m/天,"('40.015807', '116.557213')"
bright,(出租)6号线丨富力运河十号丨通州CBD丨全业态丨商铺有燃气丨可餐饮,写字楼配套,通州-玉桥赵登禹大街182号,78.8,6000.0,2.54,2.54,39.910378,116.692426,True,True,True,78.8㎡,6000元/月,2.54元/m/天,"('39.910378', '116.692426')"
bright,(出租)国贸朝外尚都建外SOHO80平米商铺能注册可餐饮,临街门面,朝阳-CBD东三环中路39号,80.0,19000.0,,7.916666666666667,39.911335,116.465666,True,True,True,80㎡,1.9万/月,7.92元/m/天（价格可面议）,"('39.911335', '116.465666')"
bright,(出租)燕莎临街200至600平商铺，商业本，主招医美，餐饮，展示，,临街门面,好运街-北京市朝阳区,500.0,,,,39.956445,116.478047,True,False,False,500㎡,租金面议,,"('39.956445', '116.478047')"
bright,(出租)太古里三里屯SOHO临街商铺可外摆可餐饮不限业态,商业街店铺,朝阳-三里屯工体北路8号,78.0,,,,39.938112,116.460068,True,False,False,78㎡,租金面议,,"('39.938112', '116.460068')"
bright,(出租)龙德广场附近51平商铺有燃气适合，餐饮，配，外卖，轻食等,社区底商,昌平-天通苑立汤路181号,51.0,5500.0,3.59,3.59,40.064753,116.418976,True,True,True,51㎡,5500元/月,3.59元/m/天,"('40.064753', '116.418976')"
bright,(出租)西四环四季青临街一拖二商铺1000平可医疗餐饮展厅会所等,商业街店铺,四季青桥-北京市海淀区,1000.0,150000.0,,5.0,39.953052,116.281062,True,True,True,1000㎡,15万/月,5元/m/天（价格可面议）,"('39.953052', '116.281062')"
bright,(出租)工体朝外大街商铺出租500平餐饮医美生鲜中医口腔会所,商业街店铺,朝阳-工体朝阳门外大街,500.0,,,,39.933973,116.446969,True,False,False,500㎡,租金面议,,"('39.933973', '116.446969')"
bright,(出租)丰台宋家庄石榴庄143平米临街商铺有燃气全业态招租可餐饮,临街门面,中贡华联精品超市(石榴庄店)-北京市丰台区,143.0,,,,39.844095,116.428769,True,False,False,143㎡,租金面议,,"('39.844095', '116.428769')"
bright,(出租)商铺直租丨一层底商丨适合餐饮丨火锅丨烤肉丨川菜丨铁锅炖丨,社区底商,朝阳-常营常营北路,314.0,,,,39.935541,116.599347,True,False,False,314㎡,租金面议,,"('39.935541', '116.599347')"
bright,(出租)团结湖太古里商圈三面展示大把角商铺出租招：餐饮酒馆等,临街门面,朝阳-三里屯三里屯路19号,280.0,84000.0,,10.0,39.940722,116.461001,True,True,True,280㎡,8.4万/月,10元/m/天（费用可面议）,"('39.940722', '116.461001')"
bright,(出租)海淀四环1100平商铺出租餐饮中医医疗眼科会所各类菜系等不限,社区底商,海淀-牡丹园花园路2号,1100.0,181500.0,,5.5,39.983219,116.374283,True,True,True,1100㎡,18.15万/月,5.5元/m/天（价格可面议）,"('39.983219', '116.374283')"
bright,(出租)适合餐饮办公等多种商业，环洲创业园200平临街店铺招商中,商业街店铺,西二旗-地铁站-北京市海淀区,200.0,13200.0,,2.2,40.059029,116.312564,True,True,True,200㎡,1.32万/月,2.2元/m/天（价格可面议）,"('40.059029', '116.312564')"
bright,(出租)北五环北苑家园餐饮炒菜麻辣烫美容中医艾灸全业态精装商铺出租,商业街店铺,朝阳-媒体村双营路,100.0,12500.0,4.17,4.17,40.043455,116.434152,True,True,True,100㎡,1.25万/月,4.17元/m/天,"('40.043455', '116.434152')"
bright,(转让)朝外SOHO154平餐饮店转让，固定客源+高流量，白领消费高,商业街店铺,朝外SOHO,154.0,18000.0,28.0,28.0,39.925733,116.461265,True,True,True,154㎡,1.8万/月,转让费：28万元,"('39.925733', '116.461265')"
bright,(出租)西城区阜内大街89号临街底商旺铺房东直租,临街门面,阜成门内大街-89,165.0,50000.0,10.1,10.1,39.930064,116.37678,True,True,True,165㎡,5万/月,10.1元/m/天,"('39.930064', '116.37678')"
bright,(转让)德胜门商业街面包连锁蛋糕店转让客流密集位置好,临街门面,TOUSlesJOURS多乐之日(新风里店),101.2,36000.0,35.0,35.0,39.967792,116.381939,True,True,True,101.2㎡,3.6万/月,转让费：35万元,"('39.967792', '116.381939')"
bright,(出租)回龙观龙腾苑二区临街商铺出租420平可租无其他费用,临街门面,龙腾苑-二区,210.0,22000.0,3.49,3.49,40.083172,116.343681,True,True,True,210㎡,2.2万/月,3.49元/m/天,"('40.083172', '116.343681')"
bright,(出租)邻三环900平米适合办公会所餐饮茶楼娱乐,临街门面,苏皖大厦,900.0,94500.0,3.5,3.5,39.852427,116.344356,True,True,True,900㎡,9.45万/月,3.5元/m/天,"('39.852427', '116.344356')"
bright,(出租)安慧北里逸园28号楼临街底商旺铺直租,临街门面,安慧北里逸园南区-28号楼,316.0,105000.0,11.08,11.08,40.005405,116.419745,True,True,True,316㎡,10.5万/月,11.08元/m/天,"('40.005405', '116.419745')"
bright,(出租)黄村恒大未来城两层140㎡出租，成熟社区全业态，近地铁,商业街店铺,恒大未来城,140.0,8999.0,2.14,2.14,39.720345,116.320946,True,True,True,140㎡,8999元/月,2.14元/m/天,"('39.720345', '116.320946')"
bright,(出租)朝阳王四营人民日报印刷厂内1100平米餐厅档口招租,档口摊位,人民日报印刷厂,25.0,5000.0,6.67,6.67,39.866413,116.551483,True,True,True,25㎡,5000元/月,6.67元/m/天,"('39.866413', '116.551483')"
bright,(转让)朝阳北京200平餐厅转让，出租早点,社区底商,铭泽生活广场,200.0,30000.0,15.0,15.0,39.869836,116.48346,True,True,True,200㎡,3万/月,转让费：15万元,"('39.869836', '116.48346')"
bright,(转让)地铁积水潭站附近临街底商旺铺转让,临街门面,小炊谣,110.0,45900.0,15.0,15.0,39.957642,116.378567,True,True,True,110㎡,4.59万/月,转让费：15万元,"('39.957642', '116.378567')"
bright,(出租)北京核心景区南锣鼓巷c位商铺招租,商业街店铺,南锣鼓巷,400.0,200000.0,16.67,16.67,39.943562,116.408878,True,True,True,400㎡,20万/月,16.67元/m/天,"('39.943562', '116.408878')"
bright,(出租)海淀上地科实大厦底商商铺房东直租,写字楼配套,科实大厦,600.0,144000.0,8.0,8.0,40.040731,116.318389,True,True,True,600㎡,14.4万/月,8元/m/天,"('40.040731', '116.318389')"
bright,(出租)朝外大街日坛晶华8号楼底商临街门面房东直租除重餐饮外行业不限,社区底商,日坛晶华-8号楼,173.45,39000.0,7.49,7.49,39.926518,116.450761,True,True,True,173.45㎡,3.9万/月,7.49元/m/天,"('39.926518', '116.450761')"
bright,(出租)海淀五道口农业大学100-300平直租无转让费可餐饮！,临街门面,清华东路15号,105.97,26000.0,8.18,8.18,40.007289,116.366487,True,True,True,105.97㎡,2.6万/月,8.18元/m/天,"('40.007289', '116.366487')"
bright,(出租)石景山古城路步行街核心铺招租！近商场社区，人流量大,商业街店铺,古城南路步行街,140.0,,,,39.916957,116.198351,True,False,False,140㎡,租金面议,（价格可面议）,"('39.916957', '116.198351')"
bright,(转让)石景山八角西街280平精装涮肉店转租，5年租期人流量大,临街门面,八角西街,280.0,58800.0,,7.0,39.920335,116.205284,True,True,True,280㎡,5.88万/月,转让费：面议（转让费可面议）,"('39.920335', '116.205284')"
bright,(出租)奥林匹克公园临街铺面70-300平出租，12元/㎡含物业费,商业街店铺,北京工艺美术博物馆(文创店),80.0,29000.0,12.08,12.08,40.00572,116.400322,True,True,True,80㎡,2.9万/月,12.08元/m/天,"('40.00572', '116.400322')"
bright,(出租)旭景园1万平招租全业态制可仓储，配套手续齐全，整租可分租,临街门面,旭景园·精致生活广场,10000.0,,,,39.945537,116.703494,True,False,False,10000㎡,租金面议,（价格可面议）,"('39.945537', '116.703494')"
bright,(转让)蓝堡公寓饭店整体转600平精装含KTV，近华贸高客流价格可谈,商业街店铺,蓝堡国际公寓-南区,600.0,60000.0,80.0,80.0,39.916652,116.48313,True,True,True,600㎡,6万/月,转让费：80万元,"('39.916652', '116.48313')"
bright,(出租)（0转让费）朝阳欢乐谷附近Ⅰ临街流量社区底商旺铺整体出租,社区底商,PETLADY宠娘宠物生活馆(格林莱雅店),80.0,19000.0,7.92,7.92,39.873411,116.513574,True,True,True,80㎡,1.9万/月,7.92元/m/天,"('39.873411', '116.513574')"
bright,(出租)双井桥地铁D口附近临街社区底商人流量大旺铺出租位置优越,临街门面,优士阁-B座,87.0,22000.0,8.43,8.43,39.898418,116.466159,True,True,True,87㎡,2.2万/月,8.43元/m/天,"('39.898418', '116.466159')"
bright,(转让)朝阳北花园1号院一层店转租，设备全临主路,临街门面,中国传媒大学,130.0,32500.0,18.0,18.0,39.917551,116.563634,True,True,True,130㎡,3.25万/月,转让费：18万元,"('39.917551', '116.563634')"
bright,(出租)亦庄同济南路10㎡临街档口酒店公寓旁，白领多做早餐小吃奶茶佳,临街门面,同济南路,10.0,,,,39.779083,116.546239,True,False,False,10㎡,租金面议,（价格可面议）,"('39.779083', '116.546239')"
bright,(出租)新街口积水潭小西天临街商铺房东直租、周边客流大(除餐饮外),临街门面,新街口外大街29号,40.0,30000.0,25.0,25.0,39.958119,116.377868,True,True,True,40㎡,3万/月,25元/m/天,"('39.958119', '116.377868')"
bright,(出租)房东直租可线上超市台球轰趴足疗简餐中央厨房仓储,社区底商,百子湾东里,420.0,,,,39.905263,116.511316,True,False,False,420㎡,租金面议,（价格可面议）,"('39.905263', '116.511316')"
bright,(出租)首钢园四合院会所项目高品质装修设备全齐,商业街店铺,首钢园-北京市石景山区,930.0,,,,39.911562,116.177067,True,False,False,930㎡,租金面议,,"('39.911562', '116.177067')"
bright,(出租)个人场地招租亮马桥和三元桥区域两个门店有堂食和纯外卖两种,档口摊位,亮马桥-地铁站-北京市朝阳区,16.0,6000.0,,12.5,39.955006,116.468743,True,True,True,16㎡,6000元/月,12.5元/m/天（费用可面议）,"('39.955006', '116.468743')"
bright,(出租)东坝北地铁宴河湾小区底商适合干洗店美发社区团购水吧等业态,商业街店铺,朝阳-东坝郑村坝街,100.0,,,,39.979381,116.558167,True,False,False,100㎡,租金面议,,"('39.979381', '116.558167')"
bright,(出租)国贸核心区建外复式商业出租，业态不限,写字楼配套,朝阳-国贸东三环中路39号,110.0,13000.0,3.94,3.94,39.911335,116.465666,True,True,True,110㎡,1.3万/月,3.94元/m/天,"('39.911335', '116.465666')"
bright,(出租)国贸三里屯精致小铺出租适合奶茶酸奶果切线上外卖,商业街店铺,朝阳-CBD光华路22号,60.0,5500.0,,3.0555555555555554,39.9186654,116.45879,True,True,True,60㎡,5500元/月,3.06元/m/天（价格可面议）,"('39.9186654', '116.45879')"
bright,(出租)大学对面丨人流密集丨适合台球丨舞蹈丨丨格斗丨烤肉丨体能,社区底商,朝阳-东坝朝阳路,500.0,,,,39.921846,116.562343,True,False,False,500㎡,租金面议,,"('39.921846', '116.562343')"
bright,(出租)CBD商圈京东外卖咖啡酒吧蛋糕鲜花水果轻食美容美甲,商业街店铺,朝阳-三里屯工人体育场北路,64.0,7500.0,,3.90625,39.937492,116.460034,True,True,True,64㎡,7500元/月,3.91元/m/天（费用可面议）,"('39.937492', '116.460034')"
bright,(出租)朝阳区健德门牡丹园美食城外卖档口诚意招租,档口摊位,朝阳-健翔桥华严北里甲1号,15.0,6000.0,,13.333333333333334,39.985603,116.391222,True,True,True,15㎡,6000元/月,13.33元/m/天（价格可面议）,"('39.985603', '116.391222')"
bright,(出租)大望路国贸商圈开间直租上下水动力电不限业态经营可外卖平台,写字楼配套,朝阳-大望路东大桥路8号,60.0,7000.0,,3.888888888888889,39.9242471,116.4592123,True,True,True,60㎡,7000元/月,3.89元/m/天（价格可面议）,"('39.9242471', '116.4592123')"
bright,(出租)朝阳周边望京SOHO底商出租业态不限,写字楼配套,朝阳-望京望京街10号,270.0,28000.0,3.46,3.46,40.002437,116.487916,True,True,True,270㎡,2.8万/月,3.46元/m/天,"('40.002437', '116.487916')"
bright,(出租)3-6k天通苑立水桥纯外卖燃气24小时独立证照档口出租,购物百货中心,昌平-立水桥详细地址请咨询,20.0,3000.0,,5.0,,,False,True,True,20㎡,3000元/月,5元/m/天（价格可面议）, 
bright,(出租)花园桥写字楼招快餐小碗菜手擀面黄焖鸡和纯外卖档口,写字楼配套,海淀-花园桥花园桥北街,25.0,10000.0,,13.333333333333334,39.938278,116.326117,True,True,True,25㎡,1万/月,13.33元/m/天（转让费可面议）,"('39.938278', '116.326117')"
bright,(出租)六道口！语言矿业大学，招图文，清吧，炸货，包子，汉堡，鸭货等,商业街店铺,海淀-五道口详细地址请咨询,30.0,20000.0,,22.22222222222222,40.000326,116.349934,True,True,True,30㎡,2万/月,22.22元/m/天（费用可面议）,"('40.000326', '116.349934')"
bright,(出租)双榆树！带燃气，招湘菜，火锅，粤菜，铁锅炖，海鲜锅，烤羊腿等,商业街店铺,海淀-双榆树详细地址请咨询,365.0,49300.0,,4.502283105022831,39.978486,116.330362,True,True,True,365㎡,4.93万/月,4.5元/m/天（费用可面议）,"('39.978486', '116.330362')"
bright,(出租)G海淀安宁庄大学附近超市档口业主直租,商业街店铺,海淀-安宁庄安宁庄后街,60.0,,,,40.055179,116.333413,True,False,False,60㎡,租金面议,,"('40.055179', '116.333413')"
bright,(出租)国贸地铁口辛巴克旁超大三面展示招租美甲咖啡水吧轻食等,临街门面,朝阳-国贸东三环中路39号,30.0,10000.0,,11.11111111111111,39.911335,116.465666,True,True,True,30㎡,1万/月,11.11元/m/天（价格可面议）,"('39.911335', '116.465666')"
bright,(出租)业主直租东三环500平招地方菜火锅医美牙科培训,社区底商,朝阳-东坝东三环中路39号,500.0,70000.0,,4.666666666666667,39.911335,116.465666,True,True,True,500㎡,7万/月,4.67元/m/天（价格可面议）,"('39.911335', '116.465666')"
bright,(出租)方庄宋家庄广渠门美食城外卖档口直租24小时营业取餐方便一楼,档口摊位,方庄,15.0,5000.0,,11.11111111111111,39.867597,116.434035,True,True,True,15㎡,5000元/月,11.11元/m/天（价格可面议）,"('39.867597', '116.434035')"
bright,(出租)石景山杨庄地铁临街一层120平饭店转让，可做面食米线炒菜等,商业街店铺,林业局宿舍路-北京市石景山区,120.0,15500.0,4.3,4.3,39.93781,116.191161,True,True,True,120㎡,1.55万/月,4.3元/m/天,"('39.93781', '116.191161')"
bright,(转让)鲁谷银河大街临街一层85平饭店转让，适合刀削面米线沙县小吃等,写字楼配套,银河大街-公交车站-北京市石景山区,85.0,23000.0,,9.019607843137255,39.910667,116.227758,True,True,True,85㎡,2.3万/月,无转让费,"('39.910667', '116.227758')"
bright,(出租)临街小区门口丨有天然气丨招铁锅炖火锅烧烤特色菜等全业态,临街门面,朝阳-管庄朝阳路,339.34,61100.0,,6.001846722068329,39.917738,116.603554,True,True,True,339.34㎡,6.11万/月,6元/m/天（价格可面议）,"('39.917738', '116.603554')"
bright,(出租)纯外卖和堂食安贞亚运村健德门雍和宫燃气24小时有生食单量高,档口摊位,安贞桥,20.0,4500.0,,7.5,,,False,True,True,20㎡,4500元/月,7.5元/m/天（费用可面议）, 
bright,(出租)东大桥国贸核心商圈110平月租1万，上下水动力电排烟,商业街店铺,朝阳-东大桥东大桥路8号,110.0,10000.0,,3.0303030303030303,39.9242471,116.4592123,True,True,True,110㎡,1万/月,3.03元/m/天（价格可面议）,"('39.9242471', '116.4592123')"
bright,(出租)成寿寺方庄宋家庄美食城档口外卖有堂食档口外卖档口4000起,档口摊位,肖村,17.0,5000.0,,9.803921568627452,39.840076,116.45619,True,True,True,17㎡,5000元/月,9.8元/m/天（价格可面议）,"('39.840076', '116.45619')"
bright,(出租)鲁谷新出面积临街一层房租合适接手即可经营,商业街店铺,七星园小区-北京市石景山区,130.0,30000.0,7.69,7.69,39.905839,116.220376,True,True,True,130㎡,3万/月,7.69元/m/天,"('39.905839', '116.220376')"
bright,(出租)房山临街旺铺免租一年适合办公直播储藏价格便宜急租,临街门面,房山-良乡东环路,300.0,,,,39.749987,116.184173,True,False,False,300㎡,租金面议,,"('39.749987', '116.184173')"
bright,(出租)朝阳大悦城大型商场新出20平米招品牌快餐小吃,购物百货中心,朝阳-常营详细地址请咨询,20.0,25000.0,,41.666666666666664,39.930834,116.524829,True,True,True,20㎡,2.5万/月,41.67元/m/天（价格可面议）,"('39.930834', '116.524829')"
bright,(出租)岳各庄红星美凯龙旁临街二层饭店转让，适合火锅店，烧烤音乐餐厅,商业街店铺,天猫养车(岳各庄店)-北京市丰台区,420.0,44100.0,3.5,3.5,39.888383,116.278949,True,True,True,420㎡,4.41万/月,3.5元/m/天,"('39.888383', '116.278949')"
bright,(出租)CBD世贸天阶临街可外摆中餐面馆酒吧茶室健身台球,商业街店铺,朝阳-东大桥东大桥路8号,350.0,40000.0,,3.8095238095238093,39.9242471,116.4592123,True,True,True,350㎡,4万/月,3.81元/m/天（费用可面议）,"('39.9242471', '116.4592123')"
bright,(出租)物业直租丨国贸临街~业态不限外卖档口鲜花烘焙小吃,商业街店铺,朝阳-国贸东三环中路39号,50.0,10000.0,6.67,6.67,39.911335,116.465666,True,True,True,50㎡,1万/月,6.67元/m/天,"('39.911335', '116.465666')"
bright,(出租)海淀区上地华联餐饮街新出商铺32平适合各种网红小吃水吧,购物百货中心,海淀-上地农大南路1号,30.0,,,,40.03489,116.31773,True,False,False,30㎡,租金面议,,"('40.03489', '116.31773')"
bright,(出租)东城新出餐饮商铺，执照不用办，接手即可营业，有包厢，可停车,社区底商,东城-安定门安定门西滨河路,600.0,80000.0,,4.444444444444445,39.957243,116.411797,True,True,True,600㎡,8万/月,4.44元/m/天（价格可面议）,"('39.957243', '116.411797')"
bright,(出租)东四中心地段商铺出租，地铁口旁，适合麻辣烫米线等各类餐饮,临街门面,东城-东四详细地址请咨询,60.0,25000.0,,13.88888888888889,39.939221,116.423613,True,True,True,60㎡,2.5万/月,13.89元/m/天（费用可面议）,"('39.939221', '116.423613')"
bright,(出租)海淀北三环双榆树临街商铺餐饮房东直租,商业街店铺,海淀-双榆树科学院南路,360.0,50000.0,4.63,4.63,39.980989,116.332254,True,True,True,360㎡,5万/月,4.63元/m/天,"('39.980989', '116.332254')"
bright,(出租)D海淀清河安宁庄东路25平商铺出租可餐饮业态不限,临街门面,安宁庄东路65号-,25.0,12500.0,,16.666666666666668,40.044873,116.340649,True,True,True,25㎡,1.25万/月,16.67元/m/天（费用可面议）,"('40.044873', '116.340649')"
bright,(出租)东直门门面出租可餐饮周围办公居民均有门前可停车适合烧烤火,临街门面,东城-东直门外新中东街3号,210.0,,,,39.942555,116.449273,True,False,False,210㎡,租金面议,,"('39.942555', '116.449273')"
bright,(出租)中关村新出204平商铺适合全业态餐饮烟酒养生等欢迎咨询,商业街店铺,海淀-大钟寺中关村东路,204.0,,,,39.977575,116.340391,True,False,False,204㎡,租金面议,,"('39.977575', '116.340391')"
bright,(出租)天兴A座-业主直租！大兴黄村临街商铺餐饮台球足疗可分割,写字楼配套,大兴-清源陈庄子东巷6号院,500.0,75000.0,,5.0,39.747084,116.3298,True,True,True,500㎡,7.5万/月,5元/m/天（价格可面议）,"('39.747084', '116.3298')"
bright,(转让)D餐饮店铺转让昌平店铺转让，周围小区写字楼，可以外摆,商业街店铺,晋汉子面食馆(朱辛庄西路店)-北京市昌平区,200.0,31700.0,,5.283333333333333,40.106672,116.308323,True,True,True,200㎡,3.17万/月,转让费：面议（费用可面议）,"('40.106672', '116.308323')"
bright,(出租)大学成熟社区写字楼包围，100平门脸带上下水除餐饮不限行业,商业街店铺,详细地址请咨询,100.0,20700.0,,6.9,39.759079,116.338975,True,True,True,100㎡,2.07万/月,6.9元/m/天（价格可面议）,"('39.759079', '116.338975')"
bright,(出租)回龙观东大街商铺出租招餐饮，台球，棋牌，培训等,临街门面,昌平-回龙观回龙观东大街,210.0,37800.0,,6.0,40.088632,116.366257,True,True,True,210㎡,3.78万/月,6元/m/天（费用可面议）,"('40.088632', '116.366257')"
bright,(出租)大学旁精装门脸一二层120平除餐饮不限业态,社区底商,通州-潞苑潞苑南大街,120.0,8000.0,,2.2222222222222223,,,False,True,True,120㎡,8000元/月,2.22元/m/天（价格可面议）, 
bright,(出租)天兴A座-临主街商铺整层出租紧邻小区餐饮健身足疗,写字楼配套,大兴-清源陈庄子东巷6号院,660.0,99000.0,,5.0,39.747084,116.3298,True,True,True,660㎡,9.9万/月,5元/m/天（价格可面议）,"('39.747084', '116.3298')"
bright,(出租)甲方直租丨褡裢坡丨商铺出租丨有露台丨招餐饮丨酒吧丨等全业态,临街门面,朝阳-定福庄朝阳北路,595.0,,,,39.929826,116.570245,True,False,False,595㎡,租金面议,,"('39.929826', '116.570245')"
bright,(出租)出租）地铁口门面房小区口，适合烟酒水吧咖啡餐饮小吃,商业街店铺,朝阳-东坝东坝中路38号,39.16,,,,39.9576418,116.5547008,True,False,False,39.16㎡,租金面议,,"('39.9576418', '116.5547008')"
bright,(出租)丰台区新出临街商铺140（餐饮）欢迎价格可谈,商业街店铺,广安康馨家园-北京市丰台区,140.0,25000.0,5.95,5.95,39.882617,116.235978,True,True,True,140㎡,2.5万/月,5.95元/m/天,"('39.882617', '116.235978')"
bright,(转让)Z顺义南彩商业步行街餐饮店小吃店转让商铺转让,商业街店铺,北京市顺义区南彩镇俸伯卫生院-北京市顺义区,65.0,6250.0,,3.2051282051282053,40.141891,116.722185,True,True,True,65㎡,6250元/月,转让费：面议（费用可面议）,"('40.141891', '116.722185')"
bright,(出租)朝阳三里屯工体机电院110平商铺出租适合餐饮超市等经营不限,商业街店铺,鸡坤茶室(三里屯店)-北京市朝阳区,110.0,29700.000000000004,,9.000000000000002,39.936004,116.464219,True,True,True,110㎡,2.97万/月,9元/m/天（价格可面议）,"('39.936004', '116.464219')"
bright,(转让)朝外SOHO154平餐饮店转让，固定客源+高流量，白领消费高,商业街店铺,朝外SOHO,154.0,18000.0,28.0,28.0,39.925733,116.461265,True,True,True,154㎡,1.8万/月,转让费：28万元,"('39.925733', '116.461265')"
bright,(出租)西城区阜内大街89号临街底商旺铺房东直租,临街门面,阜成门内大街-89,165.0,50000.0,10.1,10.1,39.930064,116.37678,True,True,True,165㎡,5万/月,10.1元/m/天,"('39.930064', '116.37678')"
bright,(转让)德胜门商业街面包连锁蛋糕店转让客流密集位置好,临街门面,TOUSlesJOURS多乐之日(新风里店),101.2,36000.0,35.0,35.0,39.967792,116.381939,True,True,True,101.2㎡,3.6万/月,转让费：35万元,"('39.967792', '116.381939')"
bright,(出租)回龙观龙腾苑二区临街商铺出租420平可租无其他费用,临街门面,龙腾苑-二区,210.0,22000.0,3.49,3.49,40.083172,116.343681,True,True,True,210㎡,2.2万/月,3.49元/m/天,"('40.083172', '116.343681')"
bright,(出租)邻三环900平米适合办公会所餐饮茶楼娱乐,临街门面,苏皖大厦,900.0,94500.0,3.5,3.5,39.852427,116.344356,True,True,True,900㎡,9.45万/月,3.5元/m/天,"('39.852427', '116.344356')"
bright,(出租)安慧北里逸园28号楼临街底商旺铺直租,临街门面,安慧北里逸园南区-28号楼,316.0,105000.0,11.08,11.08,40.005405,116.419745,True,True,True,316㎡,10.5万/月,11.08元/m/天,"('40.005405', '116.419745')"
bright,(出租)黄村恒大未来城两层140㎡出租，成熟社区全业态，近地铁,商业街店铺,恒大未来城,140.0,8999.0,2.14,2.14,39.720345,116.320946,True,True,True,140㎡,8999元/月,2.14元/m/天,"('39.720345', '116.320946')"
bright,(出租)朝阳王四营人民日报印刷厂内1100平米餐厅档口招租,档口摊位,人民日报印刷厂,25.0,5000.0,6.67,6.67,39.866413,116.551483,True,True,True,25㎡,5000元/月,6.67元/m/天,"('39.866413', '116.551483')"
bright,(转让)朝阳北京200平餐厅转让，出租早点,社区底商,铭泽生活广场,200.0,30000.0,15.0,15.0,39.869836,116.48346,True,True,True,200㎡,3万/月,转让费：15万元,"('39.869836', '116.48346')"
bright,(转让)地铁积水潭站附近临街底商旺铺转让,临街门面,小炊谣,110.0,45900.0,15.0,15.0,39.957642,116.378567,True,True,True,110㎡,4.59万/月,转让费：15万元,"('39.957642', '116.378567')"
bright,(出租)北京核心景区南锣鼓巷c位商铺招租,商业街店铺,南锣鼓巷,400.0,200000.0,16.67,16.67,39.943562,116.408878,True,True,True,400㎡,20万/月,16.67元/m/天,"('39.943562', '116.408878')"
bright,(出租)海淀上地科实大厦底商商铺房东直租,写字楼配套,科实大厦,600.0,144000.0,8.0,8.0,40.040731,116.318389,True,True,True,600㎡,14.4万/月,8元/m/天,"('40.040731', '116.318389')"
bright,(出租)朝外大街日坛晶华8号楼底商临街门面房东直租除重餐饮外行业不限,社区底商,日坛晶华-8号楼,173.45,39000.0,7.49,7.49,39.926518,116.450761,True,True,True,173.45㎡,3.9万/月,7.49元/m/天,"('39.926518', '116.450761')"
bright,(出租)海淀五道口农业大学100-300平直租无转让费可餐饮！,临街门面,清华东路15号,105.97,26000.0,8.18,8.18,40.007289,116.366487,True,True,True,105.97㎡,2.6万/月,8.18元/m/天,"('40.007289', '116.366487')"
bright,(出租)石景山古城路步行街核心铺招租！近商场社区，人流量大,商业街店铺,古城南路步行街,140.0,,,,39.916957,116.198351,True,False,False,140㎡,租金面议,（价格可面议）,"('39.916957', '116.198351')"
bright,(转让)石景山八角西街280平精装涮肉店转租，5年租期人流量大,临街门面,八角西街,280.0,58800.0,,7.0,39.920335,116.205284,True,True,True,280㎡,5.88万/月,转让费：面议（转让费可面议）,"('39.920335', '116.205284')"
bright,(出租)奥林匹克公园临街铺面70-300平出租，12元/㎡含物业费,商业街店铺,北京工艺美术博物馆(文创店),80.0,29000.0,12.08,12.08,40.00572,116.400322,True,True,True,80㎡,2.9万/月,12.08元/m/天,"('40.00572', '116.400322')"
bright,(出租)旭景园1万平招租全业态制可仓储，配套手续齐全，整租可分租,临街门面,旭景园·精致生活广场,10000.0,,,,39.945537,116.703494,True,False,False,10000㎡,租金面议,（价格可面议）,"('39.945537', '116.703494')"
bright,(转让)蓝堡公寓饭店整体转600平精装含KTV，近华贸高客流价格可谈,商业街店铺,蓝堡国际公寓-南区,600.0,60000.0,80.0,80.0,39.916652,116.48313,True,True,True,600㎡,6万/月,转让费：80万元,"('39.916652', '116.48313')"
bright,(出租)（0转让费）朝阳欢乐谷附近Ⅰ临街流量社区底商旺铺整体出租,社区底商,PETLADY宠娘宠物生活馆(格林莱雅店),80.0,19000.0,7.92,7.92,39.873411,116.513574,True,True,True,80㎡,1.9万/月,7.92元/m/天,"('39.873411', '116.513574')"
bright,(出租)双井桥地铁D口附近临街社区底商人流量大旺铺出租位置优越,临街门面,优士阁-B座,87.0,22000.0,8.43,8.43,39.898418,116.466159,True,True,True,87㎡,2.2万/月,8.43元/m/天,"('39.898418', '116.466159')"
bright,(转让)朝阳北花园1号院一层店转租，设备全临主路,临街门面,中国传媒大学,130.0,32500.0,18.0,18.0,39.917551,116.563634,True,True,True,130㎡,3.25万/月,转让费：18万元,"('39.917551', '116.563634')"
bright,(出租)亦庄同济南路10㎡临街档口酒店公寓旁，白领多做早餐小吃奶茶佳,临街门面,同济南路,10.0,,,,39.779083,116.546239,True,False,False,10㎡,租金面议,（价格可面议）,"('39.779083', '116.546239')"
bright,(出租)新街口积水潭小西天临街商铺房东直租、周边客流大(除餐饮外),临街门面,新街口外大街29号,40.0,30000.0,25.0,25.0,39.958119,116.377868,True,True,True,40㎡,3万/月,25元/m/天,"('39.958119', '116.377868')"
bright,(出租)房东直租可线上超市台球轰趴足疗简餐中央厨房仓储,社区底商,百子湾东里,420.0,,,,39.905263,116.511316,True,False,False,420㎡,租金面议,（价格可面议）,"('39.905263', '116.511316')"
bright,(出租)健身房转租丨面积1368平米丨精装修丨带泳池丨小区门口无竞争,临街门面,朝阳-定福庄辛庄路,1368.0,,,,39.905923,116.614959,True,False,False,1368㎡,租金面议,,"('39.905923', '116.614959')"
bright,(出租)精装茶馆到期直租茶社棋牌美容养生健身瑜伽培训等,商业街店铺,朝阳-东大桥东大桥路8号,338.0,28000.0,,2.7613412228796843,39.9242471,116.4592123,True,True,True,338㎡,2.8万/月,2.76元/m/天（价格可面议）,"('39.9242471', '116.4592123')"
bright,(出租)中关村商圈！招：快餐，麻辣烫，猪脚饭，特色菜，美容美发,商业街店铺,海淀南路,137.0,34900.0,,8.491484184914842,39.981724,116.315779,True,True,True,137㎡,3.49万/月,8.5元/m/天（价格可面议）,"('39.981724', '116.315779')"
bright,(出租)朝阳周边望京中心外卖档口招商品类不限,社区底商,朝阳-望京阜通西大街,15.0,7500.0,16.67,16.67,40.0024397129,116.4778671178,True,True,True,15㎡,7500元/月,16.67元/m/天,"('40.0024397129', '116.4778671178')"
bright,(出租)直租西城区南礼士路附近临街一层100平米超大展示面人流不断,临街门面,西城-月坛三里河东路,100.0,,,,39.926633,116.351466,True,False,False,100㎡,租金面议,,"('39.926633', '116.351466')"
bright,(出租)海淀区五棵松地铁1号线全新美食城外卖档口诚意招租,档口摊位,海淀-五棵松复兴路,15.0,5000.0,,11.11111111111111,39.913871,116.28035,True,True,True,15㎡,5000元/月,11.11元/m/天（价格可面议）,"('39.913871', '116.28035')"
bright,(出租)通州万达纯一层全新装修有燃气业主直租无转让费动力电,商业街店铺,通州-通州北苑新华西街58号,51.0,9000.0,,5.882352941176471,39.9114789,116.6471654,True,True,True,51㎡,9000元/月,5.88元/m/天（价格可面议）,"('39.9114789', '116.6471654')"
bright,(出租)大兴亦庄临街美食城200平档口分租,临街门面,兴海惠民市场-北京市大兴区,200.0,600.0,0.1,0.1,39.752748,116.494895,True,True,True,200㎡,600元/月,0.1元/m/天,"('39.752748', '116.494895')"
bright,(出租)国贸CBD新城国际直租无转让费蛋糕店线上超市美发鲜花等,商业街店铺,朝阳-东大桥朝外大街乙6号,120.0,11000.0,,3.0555555555555554,39.92584,116.461382,True,True,True,120㎡,1.1万/月,3.06元/m/天（价格可面议）,"('39.92584', '116.461382')"
bright,(出租)昌平区回龙观万单店商圈美食城外卖档口诚意招租,档口摊位,昌平-回龙观育知东路,18.0,5000.0,,9.25925925925926,40.086856,116.339897,True,True,True,18㎡,5000元/月,9.26元/m/天（价格可面议）,"('40.086856', '116.339897')"
bright,(出租)北京首航生活广场美食街招各类网红水吧小吃,购物百货中心,丰台-六里桥丰台北路甲79号,30.0,,,,39.872937,116.300135,True,False,False,30㎡,租金面议,,"('39.872937', '116.300135')"
bright,(出租)龙湖商业街丨一层不限业态丨带外摆丨不限业态,商业街店铺,朝阳-常营朝阳北路,95.0,15000.0,,5.2631578947368425,39.934636,116.608167,True,True,True,95㎡,1.5万/月,5.26元/m/天（价格可面议）,"('39.934636', '116.608167')"
bright,(出租)新出临地铁300平正对十字路口人量大看房随时,商业街店铺,朝阳-国贸东三环中路39号,300.0,60000.0,,6.666666666666667,39.911335,116.465666,True,True,True,300㎡,6万/月,6.67元/m/天（价格可面议）,"('39.911335', '116.465666')"
bright,(出租)国贸地铁口咖啡美甲美睫美发蛋糕外卖商场旺铺等,购物百货中心,朝阳-国贸东三环中路39号,40.0,5800.0,,4.833333333333333,39.911335,116.465666,True,True,True,40㎡,5800元/月,4.83元/m/天（价格可面议）,"('39.911335', '116.465666')"
bright,(出租)百子湾沿海赛洛城110平10600月外摆区可简餐饮品养生,商业街店铺,朝阳-百子湾广渠东路33号,110.0,10600.0,,3.212121212121212,39.903576,116.511555,True,True,True,110㎡,1.06万/月,3.21元/m/天（价格可面议）,"('39.903576', '116.511555')"
bright,(出租)四岔路口把角适合烤鸭火锅烤肉铁锅炖粤菜等等,临街门面,朝阳-望京广顺北大街,670.0,140700.0,,7.0,40.00985,116.474545,True,True,True,670㎡,14.07万/月,7元/m/天（价格可面议）,"('40.00985', '116.474545')"
bright,(出租)通州临街5000一个月带装修户型方正咖啡奶茶美甲手机店,商业街店铺,通州-台湖镇详细地址请咨询,50.0,5000.0,,3.3333333333333335,39.819203,116.586571,True,True,True,50㎡,5000元/月,3.33元/m/天（价格可面议）,"('39.819203', '116.586571')"
bright,(出租)国贸大望路金台路蓝色港湾四惠百子湾美食城档口直租,档口摊位,建外soho-西区-北京市朝阳区,20.0,6000.0,,10.0,39.911167,116.461435,True,True,True,20㎡,6000元/月,10元/m/天（价格可面议）,"('39.911167', '116.461435')"
bright,(出租)万达广场临街一层小吃店0保健品蛋糕店物业直租地铁附近各种业态,商业街店铺,中国传媒大学,75.0,,,,39.919629,116.547471,True,False,False,75㎡,租金面议,,"('39.919629', '116.547471')"
bright,(出租)宋家庄方庄广渠门美食城外卖档口直租24小时营业15平5000,档口摊位,宋家庄,15.0,5000.0,,11.11111111111111,39.910925,116.413384,True,True,True,15㎡,5000元/月,11.11元/m/天（价格可面议）,"('39.910925', '116.413384')"
bright,(出租)人民医院旁燃气铺！价可谈！招：鱼火锅，打边炉，川国货，烧烤等,社区底商,西城-西直门详细地址请咨询,390.0,100000.0,,8.547008547008547,39.942888,116.352729,True,True,True,390㎡,10万/月,8.55元/m/天（费用可面议）,"('39.942888', '116.352729')"
bright,(出租)三里屯新出舞蹈装修210平米适合舞蹈美容会所推拿美发,写字楼配套,三里屯SOHO-北京市朝阳区,210.0,25200.0,,4.0,39.937943,116.460166,True,True,True,210㎡,2.52万/月,4元/m/天（价格可面议）,"('39.937943', '116.460166')"
bright,(出租)西三旗纯一层！可以外摆有燃气招京菜酸汤火锅潮牛烧烤顺德菜湘菜,商业街店铺,海淀-西三旗西三旗桥南,560.0,63800.0,,3.7976190476190474,40.052957,116.343968,True,True,True,560㎡,6.38万/月,3.8元/m/天（价格可面议）,"('40.052957', '116.343968')"
bright,(出租)通州万达广场外卖档口出租15平直接入场无其他费用随时可看,商业街店铺,通州-通州北苑新华西街58号,15.0,4000.0,,8.88888888888889,39.9114789,116.6471654,True,True,True,15㎡,4000元/月,8.89元/m/天（价格可面议）,"('39.9114789', '116.6471654')"
bright,(出租)交大火爆燃气铺！招：鲁菜，粤菜川湘菜东北菜，自助餐，火锅烤肉,商业街店铺,海淀-交通大学详细地址请咨询,600.0,108000.0,,6.0,39.954982,116.352377,True,True,True,600㎡,10.8万/月,6元/m/天（费用可面议）,"('39.954982', '116.352377')"
bright,(出租)顺义石园物业直租尚品奥莱80平起租1至4层任意分割,商业街店铺,上品+(城市奥莱顺义店)-北京市顺义区,200.0,24000.0,4.0,4.0,40.109227,116.676754,True,True,True,200㎡,2.4万/月,4元/m/天,"('40.109227', '116.676754')"
bright,(出租)个人美食城场地每日千人用餐高客单有燃气个人收款不限制,档口摊位,北京市东城区和平里西街11号,20.0,,,,39.956662,116.428007,True,False,False,20㎡,租金面议,,"('39.956662', '116.428007')"
bright,(出租)望京SOHO悠乐汇美食城外卖档口直租一楼取餐方便24小时营业,档口摊位,详细地址请咨询,15.0,5000.0,,11.11111111111111,40.002211,116.487288,True,True,True,15㎡,5000元/月,11.11元/m/天（价格可面议）,"('40.002211', '116.487288')"
bright,(转让)海淀区苏州街主街正餐位置12米门头临街一层776平直租,临街门面,海淀-知春路苏州街82号,776.0,221200.0,,9.50171821305842,39.971031,116.316232,True,True,True,776㎡,22.12万/月,无转让费（价格可面议）,"('39.971031', '116.316232')"
bright,(出租)传媒大学食堂档口5米展示面做炒菜快餐，奶茶咖啡，校内三万人,档口摊位,朝阳-定福庄详细地址请咨询,20.0,15000.0,,25.0,39.918236,116.567481,True,True,True,20㎡,1.5万/月,25元/m/天（价格可面议）,"('39.918236', '116.567481')"
bright,(出租)通州区，物资学院地铁口，新出餐饮商铺，不限制业态，甲方直租,购物百货中心,通州-物资学院路物资学院路6号,138.0,,,,39.932806,116.64605,True,False,False,138㎡,租金面议,,"('39.932806', '116.64605')"
bright,(出租)十里河沿街餐饮商铺出租房东直租详细我,商业街店铺,朝阳-十里河详细地址请咨询,70.0,16700.0,,7.9523809523809526,39.873218,116.464427,True,True,True,70㎡,1.67万/月,7.94元/m/天（费用可面议）,"('39.873218', '116.464427')"
bright,(转让)地铁口商铺直租朝阳200平招各种培训台球瑜伽餐饮,临街门面,朝阳-东坝东坝大街,200.0,,,,39.987762,116.603123,True,False,False,200㎡,租金面议,无转让费,"('39.987762', '116.603123')"
bright,(转让)Z顺义南彩商业步行街餐饮店小吃店转让商铺转让,商业街店铺,北京市顺义区南彩镇俸伯卫生院-北京市顺义区,65.0,6250.0,,3.2051282051282053,40.141891,116.722185,True,True,True,65㎡,6250元/月,转让费：面议（费用可面议）,"('40.141891', '116.722185')"
bright,(出租)朝阳三里屯工体机电院110平商铺出租适合餐饮超市等经营不限,商业街店铺,鸡坤茶室(三里屯店)-北京市朝阳区,110.0,29700.000000000004,,9.000000000000002,39.936004,116.464219,True,True,True,110㎡,2.97万/月,9元/m/天（价格可面议）,"('39.936004', '116.464219')"
bright,(出租)商铺餐饮有燃气可明火无转让费适合各种业态建外,社区底商,朝阳-国贸东三环中路39号,300.0,40000.0,,4.444444444444445,39.911335,116.465666,True,True,True,300㎡,4万/月,4.44元/m/天（价格可面议）,"('39.911335', '116.465666')"
bright,(出租)崇文门东兴隆街临街商铺展厅适合餐饮银行展厅会所,商业街店铺,东城-崇文门东兴隆街,1235.0,217100.0,,5.859649122807017,39.904532,116.421283,True,True,True,1235㎡,21.71万/月,5.86元/m/天（价格可面议）,"('39.904532', '116.421283')"
bright,(出租)海淀万柳115平商铺出租餐饮美容视力茶叶药店修脚按摩零售等不,社区底商,海淀-万柳万柳中路,115.0,51700.0,14.98,14.98,39.970704,116.304468,True,True,True,115㎡,5.17万/月,14.98元/m/天,"('39.970704', '116.304468')"
bright,(出租)海淀清河混合商圈临街一层商铺260平房东直租餐饮有装修,商业街店铺,永泰庄-地铁站-北京市海淀区,260.0,54600.0,7.0,7.0,40.043612,116.361199,True,True,True,260㎡,5.46万/月,7元/m/天,"('40.043612', '116.361199')"
bright,(出租)马连道商铺出租近地铁可餐饮精装修大面宽铺,临街门面,西城-广安门外茶马北街1号,515.0,85000.0,,5.501618122977346,39.888331,116.336436,True,True,True,515㎡,8.5万/月,5.5元/m/天（费用可面议）,"('39.888331', '116.336436')"
bright,(出租)西四环辅路临街一层商铺550平可餐饮展厅车展医美会所等,商业街店铺,四季青桥-北京市海淀区,550.0,,,,39.953052,116.281062,True,False,False,550㎡,租金面议,,"('39.953052', '116.281062')"
bright,(出租)常营龙湖天街，35平商铺有餐饮执照价格可谈,写字楼配套,朝阳-常营朝阳北路,35.0,4500.0,,4.285714285714286,39.931263,116.60397,True,True,True,35㎡,4500元/月,4.29元/m/天（价格可面议）,"('39.931263', '116.60397')"
bright,(出租)西城区西单临街商铺适合银行品牌餐饮不限业态,写字楼配套,西城-西单北新华街29号,1568.8,,,,39.910117,116.389594,True,False,False,1568.8㎡,租金面议,,"('39.910117', '116.389594')"
bright,(出租)北苑社区临街商铺一层245平餐饮装修带独立小院有天然气,社区底商,朝阳-北苑北苑路,240.0,50400.0,,7.0,40.046504,116.422972,True,True,True,240㎡,5.04万/月,7元/m/天（价格可面议）,"('40.046504', '116.422972')"
bright,(出租)杨闸环岛临街一层商铺丨餐饮丨面宽8米丨不限业态,临街门面,麦当劳(杨闸店)-北京市朝阳区,250.0,45000.0,,6.0,39.91708,116.603788,True,True,True,250㎡,4.5万/月,6元/m/天（价格可面议）,"('39.91708', '116.603788')"
bright,(出租)北四环亚运村一层商铺出租餐饮明火口腔宠物中医院临地铁高端住宅,社区底商,朝阳-奥林匹克公园大屯北路,270.0,44600.0,5.5,5.5,40.011487,116.409024,True,True,True,270㎡,4.46万/月,5.5元/m/天,"('40.011487', '116.409024')"
bright,(出租)昌平区龙域商圈，把角商铺，KTV，网吧，餐饮，教培，业态不限,写字楼配套,昌平-龙域龙域北街8号,520.0,51500.0,,3.301282051282051,40.072416,116.320711,True,True,True,520㎡,5.15万/月,3.3元/m/天（价格可面议）,"('40.072416', '116.320711')"
bright,(出租)通州地铁口商铺可餐饮可分割临地铁商业繁华人均消费能力高,临街门面,通州-运河大街玉带河东街1号,94.93,9967.65,,3.4999999999999996,39.908404,116.694442,True,True,True,94.93㎡,9967.65元/月,3.5元/m/天（价格可面议）,"('39.908404', '116.694442')"
bright,(转让)朝外SOHO154平餐饮店转让，固定客源+高流量，白领消费高,商业街店铺,朝外SOHO,154.0,18000.0,28.0,28.0,39.925733,116.461265,True,True,True,154㎡,1.8万/月,转让费：28万元,"('39.925733', '116.461265')"
bright,(出租)西城区阜内大街89号临街底商旺铺房东直租,临街门面,阜成门内大街-89,165.0,50000.0,10.1,10.1,39.930064,116.37678,True,True,True,165㎡,5万/月,10.1元/m/天,"('39.930064', '116.37678')"
bright,(转让)德胜门商业街面包连锁蛋糕店转让客流密集位置好,临街门面,TOUSlesJOURS多乐之日(新风里店),101.2,36000.0,35.0,35.0,39.967792,116.381939,True,True,True,101.2㎡,3.6万/月,转让费：35万元,"('39.967792', '116.381939')"
bright,(出租)回龙观龙腾苑二区临街商铺出租420平可租无其他费用,临街门面,龙腾苑-二区,210.0,22000.0,3.49,3.49,40.083172,116.343681,True,True,True,210㎡,2.2万/月,3.49元/m/天,"('40.083172', '116.343681')"
bright,(出租)邻三环900平米适合办公会所餐饮茶楼娱乐,临街门面,苏皖大厦,900.0,94500.0,3.5,3.5,39.852427,116.344356,True,True,True,900㎡,9.45万/月,3.5元/m/天,"('39.852427', '116.344356')"
bright,(出租)安慧北里逸园28号楼临街底商旺铺直租,临街门面,安慧北里逸园南区-28号楼,316.0,105000.0,11.08,11.08,40.005405,116.419745,True,True,True,316㎡,10.5万/月,11.08元/m/天,"('40.005405', '116.419745')"
bright,(出租)黄村恒大未来城两层140㎡出租，成熟社区全业态，近地铁,商业街店铺,恒大未来城,140.0,8999.0,2.14,2.14,39.720345,116.320946,True,True,True,140㎡,8999元/月,2.14元/m/天,"('39.720345', '116.320946')"
bright,(出租)朝阳王四营人民日报印刷厂内1100平米餐厅档口招租,档口摊位,人民日报印刷厂,25.0,5000.0,6.67,6.67,39.866413,116.551483,True,True,True,25㎡,5000元/月,6.67元/m/天,"('39.866413', '116.551483')"
bright,(转让)朝阳北京200平餐厅转让，出租早点,社区底商,铭泽生活广场,200.0,30000.0,15.0,15.0,39.869836,116.48346,True,True,True,200㎡,3万/月,转让费：15万元,"('39.869836', '116.48346')"
bright,(转让)地铁积水潭站附近临街底商旺铺转让,临街门面,小炊谣,110.0,45900.0,15.0,15.0,39.957642,116.378567,True,True,True,110㎡,4.59万/月,转让费：15万元,"('39.957642', '116.378567')"
bright,(出租)北京核心景区南锣鼓巷c位商铺招租,商业街店铺,南锣鼓巷,400.0,200000.0,16.67,16.67,39.943562,116.408878,True,True,True,400㎡,20万/月,16.67元/m/天,"('39.943562', '116.408878')"
bright,(出租)海淀上地科实大厦底商商铺房东直租,写字楼配套,科实大厦,600.0,144000.0,8.0,8.0,40.040731,116.318389,True,True,True,600㎡,14.4万/月,8元/m/天,"('40.040731', '116.318389')"
bright,(出租)朝外大街日坛晶华8号楼底商临街门面房东直租除重餐饮外行业不限,社区底商,日坛晶华-8号楼,173.45,39000.0,7.49,7.49,39.926518,116.450761,True,True,True,173.45㎡,3.9万/月,7.49元/m/天,"('39.926518', '116.450761')"
bright,(出租)海淀五道口农业大学100-300平直租无转让费可餐饮！,临街门面,清华东路15号,105.97,26000.0,8.18,8.18,40.007289,116.366487,True,True,True,105.97㎡,2.6万/月,8.18元/m/天,"('40.007289', '116.366487')"
bright,(出租)石景山古城路步行街核心铺招租！近商场社区，人流量大,商业街店铺,古城南路步行街,140.0,,,,39.916957,116.198351,True,False,False,140㎡,租金面议,（价格可面议）,"('39.916957', '116.198351')"
bright,(转让)石景山八角西街280平精装涮肉店转租，5年租期人流量大,临街门面,八角西街,280.0,58800.0,,7.0,39.920335,116.205284,True,True,True,280㎡,5.88万/月,转让费：面议（转让费可面议）,"('39.920335', '116.205284')"
bright,(出租)奥林匹克公园临街铺面70-300平出租，12元/㎡含物业费,商业街店铺,北京工艺美术博物馆(文创店),80.0,29000.0,12.08,12.08,40.00572,116.400322,True,True,True,80㎡,2.9万/月,12.08元/m/天,"('40.00572', '116.400322')"
bright,(出租)旭景园1万平招租全业态制可仓储，配套手续齐全，整租可分租,临街门面,旭景园·精致生活广场,10000.0,,,,39.945537,116.703494,True,False,False,10000㎡,租金面议,（价格可面议）,"('39.945537', '116.703494')"
bright,(转让)蓝堡公寓饭店整体转600平精装含KTV，近华贸高客流价格可谈,商业街店铺,蓝堡国际公寓-南区,600.0,60000.0,80.0,80.0,39.916652,116.48313,True,True,True,600㎡,6万/月,转让费：80万元,"('39.916652', '116.48313')"
bright,(出租)（0转让费）朝阳欢乐谷附近Ⅰ临街流量社区底商旺铺整体出租,社区底商,PETLADY宠娘宠物生活馆(格林莱雅店),80.0,19000.0,7.92,7.92,39.873411,116.513574,True,True,True,80㎡,1.9万/月,7.92元/m/天,"('39.873411', '116.513574')"
bright,(出租)双井桥地铁D口附近临街社区底商人流量大旺铺出租位置优越,临街门面,优士阁-B座,87.0,22000.0,8.43,8.43,39.898418,116.466159,True,True,True,87㎡,2.2万/月,8.43元/m/天,"('39.898418', '116.466159')"
bright,(转让)朝阳北花园1号院一层店转租，设备全临主路,临街门面,中国传媒大学,130.0,32500.0,18.0,18.0,39.917551,116.563634,True,True,True,130㎡,3.25万/月,转让费：18万元,"('39.917551', '116.563634')"
bright,(出租)亦庄同济南路10㎡临街档口酒店公寓旁，白领多做早餐小吃奶茶佳,临街门面,同济南路,10.0,,,,39.779083,116.546239,True,False,False,10㎡,租金面议,（价格可面议）,"('39.779083', '116.546239')"
bright,(出租)新街口积水潭小西天临街商铺房东直租、周边客流大(除餐饮外),临街门面,新街口外大街29号,40.0,30000.0,25.0,25.0,39.958119,116.377868,True,True,True,40㎡,3万/月,25元/m/天,"('39.958119', '116.377868')"
bright,(出租)房东直租可线上超市台球轰趴足疗简餐中央厨房仓储,社区底商,百子湾东里,420.0,,,,39.905263,116.511316,True,False,False,420㎡,租金面议,（价格可面议）,"('39.905263', '116.511316')"
bright,(出租)朝阳周边望京SOHO燃气外卖档口，品类不限招商,档口摊位,朝阳-望京望京街,50.0,14000.0,9.33,9.33,40.006344,116.479727,True,True,True,50㎡,1.4万/月,9.33元/m/天,"('40.006344', '116.479727')"
bright,(出租)双井80平带燃气，适合烤肉，烧烤，家常菜，快餐，烘焙咖啡等,临街门面,朝阳-双井天力街,80.0,,,,39.90304,116.463785,True,False,False,80㎡,租金面议,,"('39.90304', '116.463785')"
bright,(出租)新出40平小面积现成装修线上外卖果切配甜品烘焙等,商业街店铺,朝阳-东大桥东大桥路8号,40.0,5000.0,4.17,4.17,39.9242471,116.4592123,True,True,True,40㎡,5000元/月,4.17元/m/天,"('39.9242471', '116.4592123')"
bright,(出租)丰台A类购物中心25平做各类小吃水吧等报品牌,购物百货中心,大兴-生物医药基地详细地址请咨询,25.0,20000.0,,26.666666666666668,39.692702,116.3268053,True,True,True,25㎡,2万/月,26.67元/m/天（价格可面议）,"('39.692702', '116.3268053')"
bright,(出租)朝阳周边望京SOHO纯电外卖档口招商品类不限,社区底商,朝阳-望京望京街,15.0,7000.0,15.56,15.56,40.006344,116.479727,True,True,True,15㎡,7000元/月,15.56元/m/天,"('40.006344', '116.479727')"
bright,(出租)明火底商一拖二火锅烧烤烤肉台球厅桌游美容不限业态！,商业街店铺,朝阳-国贸东三环中路,280.0,36000.0,,4.285714285714286,39.911192,116.467993,True,True,True,280㎡,3.6万/月,4.29元/m/天（价格可面议）,"('39.911192', '116.467993')"
bright,(出租)物业直租临街独栋2400平可做公寓酒店顺义天竺,商业街店铺,奥竺-北京市顺义区,2400.0,216000.0,3.0,3.0,40.067265,116.586145,True,True,True,2400㎡,21.6万/月,3元/m/天,"('40.067265', '116.586145')"
bright,(转让)G顺义石园北区市场炸串店低价转让,商业街店铺,顺义-石园石园-北区-北京市顺义区,40.0,15400.0,,12.833333333333334,40.120412,116.670728,True,True,True,40㎡,1.54万/月,转让费：面议（转让费可面议）,"('40.120412', '116.670728')"
bright,(出租)五道口中关村外卖档口七千，人民大学带燃气海淀美食城档口出租,档口摊位,海淀-中关村详细地址请咨询,30.0,6500.0,,7.222222222222222,39.990259,116.334522,True,True,True,30㎡,6500元/月,7.22元/m/天（价格可面议）,"('39.990259', '116.334522')"
bright,(出租)三元桥亮马桥档口6千，立水桥外卖档口5千安贞堂食档口8千,档口摊位,大兴-旧宫详细地址请咨询,15.0,5000.0,,11.11111111111111,40.060246,116.422212,True,True,True,15㎡,5000元/月,11.11元/m/天（费用可面议）,"('40.060246', '116.422212')"
bright,(出租)新源南路社区配套115平，烟酒茶助听器医疗推拿服饰,社区底商,朝阳-燕莎新源南路15号,115.0,,,,39.954099,116.457089,True,False,False,115㎡,租金面议,,"('39.954099', '116.457089')"
bright,(出租)中关村壹号写字楼，园区配套商业招租面积:240.41平米,写字楼配套,海淀-西北旺北清路81号,240.0,,,,40.0821239,116.253999,True,False,False,240㎡,租金面议,,"('40.0821239', '116.253999')"
bright,(出租)西直门！215平商业房本！招小火锅，自选餐，铁锅炖，螺蛳粉等,商业街店铺,海淀-交通大学详细地址请咨询,215.0,35000.0,,5.426356589147287,39.949486,116.356691,True,True,True,215㎡,3.5万/月,5.43元/m/天（费用可面议）,"('39.949486', '116.356691')"
bright,(出租)西红门写字楼把脚有燃气适合面馆串串特色餐火锅烧烤图文广告,购物百货中心,大兴-西红门欣宁街15号,123.0,29500.0,,7.994579945799458,39.7937929,116.333089,True,True,True,123㎡,2.95万/月,8元/m/天（价格可面议）,"('39.7937929', '116.333089')"
bright,(出租)万达广场15平外卖档口月租4000可直接入场无费用随时看,商业街店铺,通州-通州北苑新华西街58号,13.0,4000.0,10.26,10.26,39.9114789,116.6471654,True,True,True,13㎡,4000元/月,10.26元/m/天,"('39.9114789', '116.6471654')"
bright,(出租)常营万人社区！超市出入口！早餐麻辣烫刀削面快餐川湘菜！无竞争,临街门面,朝阳-常营详细地址请咨询,100.0,,,,39.932406,116.597923,True,False,False,100㎡,租金面议,,"('39.932406', '116.597923')"
bright,(出租)地铁古城大街新出面积临街一层大展示面人流密集,商业街店铺,古城-地铁站-北京市石景山区,120.0,26000.0,7.22,7.22,39.913414,116.197076,True,True,True,120㎡,2.6万/月,7.22元/m/天,"('39.913414', '116.197076')"
bright,(出租)东坝万达丨招美发美甲丨护肤丨社区团购丨家政丨宠物店丨盲人按摩,临街门面,朝阳-东坝东坝南二街,30.06,4959.9,5.5,5.5,39.966577,116.571061,True,True,True,30.06㎡,4959.9元/月,5.5元/m/天,"('39.966577', '116.571061')"
bright,(出租)东三环临街14平西城区西单金融街美食城招面食房东直租,档口摊位,海淀-北太平庄详细地址请咨询,15.0,5500.0,,12.222222222222221,39.953456,116.361582,True,True,True,15㎡,5500元/月,12.22元/m/天（转让费可面议）,"('39.953456', '116.361582')"
bright,(出租)开发商直租免租12个月适合火锅烤肉养生按摩修脚足疗,社区底商,顺义-顺义城区文明街17号,73.0,,,,40.129219,116.618661,True,False,False,73㎡,租金面议,,"('40.129219', '116.618661')"
bright,(转让)G密云鼓楼大街东鱼市口胡同190平米新装修餐馆转让,临街门面,密云-密云周边东鱼市口胡同,190.0,11399.999999999998,,1.9999999999999998,40.380113,116.856096,True,True,True,190㎡,1.14万/月,转让费：8万元（转让费可面议）,"('40.380113', '116.856096')"
bright,(出租)国贸商圈350平餐馆可明火自选快餐川湘菜鸡公煲等,临街门面,朝阳-东大桥东大桥路8号,350.0,38000.0,,3.619047619047619,39.9242471,116.4592123,True,True,True,350㎡,3.8万/月,3.62元/m/天（价格可面议）,"('39.9242471', '116.4592123')"
bright,(出租)2所大学小酒馆火锅烤肉精酿办公自习室,商业街店铺,通州-物资学院路物资学院东路,198.0,,,,39.933784,116.64825,True,False,False,198㎡,租金面议,,"('39.933784', '116.64825')"
bright,(出租)CBD东大桥十字路展示面20米有燃气面积479平随时看房子,商业街店铺,朝阳-东大桥朝外大街乙6号,479.0,76000.0,,5.288796102992345,39.92584,116.461382,True,True,True,479㎡,7.6万/月,5.29元/m/天（价格可面议）,"('39.92584', '116.461382')"
bright,(出租)常营丨社区底商丨足疗店丨200平八个房间丨招美容足疗诊所,商业街店铺,朝阳-常营常营中路146号,200.0,30000.0,,5.0,39.932306,116.600188,True,True,True,200㎡,3万/月,5元/m/天（价格可面议）,"('39.932306', '116.600188')"
bright,(出租)出租万达金街B区一层50平有燃气月租2.3万可水吧小吃随时看,商业街店铺,通州-通州北苑新华西街58号,50.0,23000.0,,15.333333333333334,39.9114789,116.6471654,True,True,True,50㎡,2.3万/月,15.33元/m/天（价格可面议）,"('39.9114789', '116.6471654')"
bright,(出租)清华大学附近燃气铺！招品牌快餐店，小吃店，综合商圈流量！,社区底商,朝阳-安贞详细地址请咨询,163.0,91700.0,,18.752556237218815,39.968861,116.395742,True,True,True,163㎡,9.17万/月,18.75元/m/天（费用可面议）,"('39.968861', '116.395742')"
bright,(出租)五道口中关村纯外卖堂食燃气24小时独立档口火爆招商,档口摊位,详细地址请咨询,20.0,6000.0,,10.0,,,False,True,True,20㎡,6000元/月,10元/m/天（价格可面议）, 
bright,(出租)四道口！招板面，重庆小面，猪脚饭，米线，蛋糕，生煎，等其他类,商业街店铺,海淀-大钟寺详细地址请咨询,57.0,25000.0,,14.619883040935672,39.969363,116.347855,True,True,True,57㎡,2.5万/月,14.62元/m/天（费用可面议）,"('39.969363', '116.347855')"
bright,(出租)高密社区急招东北菜！饺子馆！火锅烧烤羊蝎子！客流大消费能力器,临街门面,朝阳-东坝详细地址请咨询,295.66,35500.0,,4.0023450359647335,39.966127,116.575773,True,True,True,295.66㎡,3.55万/月,4元/m/天（费用可面议）,"('39.966127', '116.575773')"
bright,(出租)国贸餐饮商铺低价出租，临街大展示面。燃气排烟等设施设备齐全，,写字楼配套,朝阳-国贸东三环中路39号,60.0,10000.0,5.56,5.56,39.911335,116.465666,True,True,True,60㎡,1万/月,5.56元/m/天,"('39.911335', '116.465666')"
bright,(出租)商铺出租西城友谊医院旁10米面宽可餐饮有装修,临街门面,西城-天桥西经路13号楼,145.0,43500.0,,10.0,39.889907,116.396265,True,True,True,145㎡,4.35万/月,10元/m/天（费用可面议）,"('39.889907', '116.396265')"
bright,(出租)新上！十里河餐饮沿街商铺出租齐全全天客流量餐饮,临街门面,朝阳-十里河详细地址请咨询,125.0,,,,39.873218,116.464427,True,False,False,125㎡,租金面议,,"('39.873218', '116.464427')"
bright,(出租)团结湖新上商铺，房型方正餐饮执照。适合包子面条奶茶小吃.,临街门面,朝阳-团结湖详细地址请咨询,80.0,15000.0,,6.25,39.93474478,116.4743077,True,True,True,80㎡,1.5万/月,6.25元/m/天（价格可面议）,"('39.93474478', '116.4743077')"
bright,(出租)六道口临街商铺大展示面可餐饮全业态租金面谈,临街门面,海淀-学院路学清路六道口甲39号,183.0,,,,40.011807,116.357163,True,False,False,183㎡,租金面议,,"('40.011807', '116.357163')"
bright,(出租)朝阳呼家楼地铁口270平商铺出租各类餐饮会所接待医美中医不限,商业街店铺,海淀-万柳朝阳北路,270.0,85100.0,10.5,10.5,39.929151,116.470702,True,True,True,270㎡,8.51万/月,10.5元/m/天,"('39.929151', '116.470702')"
bright,(出租)海淀西三旗丨400平商业门脸丨餐饮丨不限业态,商业街店铺,海淀-西三旗安宁庄路,420.0,50400.0,,4.0,40.059393,116.333826,True,True,True,420㎡,5.04万/月,4元/m/天（价格可面议）,"('40.059393', '116.333826')"
bright,(出租)宣武门地铁口一层临街小面积商铺除餐饮业态不限位置好,写字楼配套,西城-西单宣武门外大街8号,186.0,,,,39.9029267,116.381993,True,False,False,186㎡,租金面议,,"('39.9029267', '116.381993')"
bright,(出租)医院门口沿街门面出租适合各种餐饮小吃全天人流,商业街店铺,海淀-牡丹园详细地址请咨询,70.0,24000.0,,11.428571428571429,39.987766,116.374009,True,True,True,70㎡,2.4万/月,11.43元/m/天（费用可面议）,"('39.987766', '116.374009')"
bright,(出租)和平里中街门面直租无转让费适合餐饮小笼包板面沙县,商业街店铺,东城-和平里详细地址请咨询,50.0,,,,39.963424,116.423964,True,False,False,50㎡,租金面议,,"('39.963424', '116.423964')"
bright,(出租)出租）成熟商街大客流门面房非餐饮业态价格物业直租,商业街店铺,朝阳-朝青板块朝阳北路101号,75.0,12400.0,,5.511111111111111,39.930834,116.524829,True,True,True,75㎡,1.24万/月,5.5元/m/天（价格可面议）,"('39.930834', '116.524829')"
bright,(出租)商铺出租餐饮甲方直租无中介费随租随用,商业街店铺,海天一色小木屋-北京市朝阳区,338.0,,,,39.93449,116.595973,True,False,False,338㎡,租金面议,,"('39.93449', '116.595973')"
bright,(出租)西城新街口沿街商铺，适合各类大餐饮，如快餐，炒菜，火锅等等,临街门面,西城-新街口详细地址请咨询,120.0,,,,39.952678,116.378766,True,False,False,120㎡,租金面议,,"('39.952678', '116.378766')"
bright,(出租)海淀小西天文慧园一层商铺房东出租招餐饮修脚烟酒等,商业街店铺,海淀-小西天详细地址请咨询,100.0,40000.0,,13.333333333333334,39.959491,116.366128,True,True,True,100㎡,4万/月,13.33元/m/天（价格可面议）,"('39.959491', '116.366128')"
bright,(出租)热点商铺可餐饮多种面积大展示面格局方正住户集中,社区底商,详细地址请咨询,200.0,,,,39.966798,116.235645,True,False,False,200㎡,租金面议,,"('39.966798', '116.235645')"
bright,(出租)潘家园临街门面餐饮接受即可营业面积可分割,临街门面,朝阳-潘家园方丹小街,700.0,,,,39.88514,116.455257,True,False,False,700㎡,租金面议,,"('39.88514', '116.455257')"
bright,(出租)万寿路新出80平商铺餐饮美食服装娱乐等欢迎咨询,商业街店铺,海淀-公主坟万寿路西街,80.0,21600.0,,9.0,39.916448,116.300576,True,True,True,80㎡,2.16万/月,9元/m/天（价格可面议）,"('39.916448', '116.300576')"
bright,(出租)机电院新出核心位置紧邻出入口500平商铺适合餐饮酒吧等业态,临街门面,朝阳-三里屯三里屯路19号,500.0,85000.0,,5.666666666666667,39.940722,116.461001,True,True,True,500㎡,8.5万/月,5.67元/m/天（价格可面议）,"('39.940722', '116.461001')"
bright,(转让)朝外SOHO154平餐饮店转让，固定客源+高流量，白领消费高,商业街店铺,朝外SOHO,154.0,18000.0,28.0,28.0,39.925733,116.461265,True,True,True,154㎡,1.8万/月,转让费：28万元,"('39.925733', '116.461265')"
bright,(出租)西城区阜内大街89号临街底商旺铺房东直租,临街门面,阜成门内大街-89,165.0,50000.0,10.1,10.1,39.930064,116.37678,True,True,True,165㎡,5万/月,10.1元/m/天,"('39.930064', '116.37678')"
bright,(转让)德胜门商业街面包连锁蛋糕店转让客流密集位置好,临街门面,TOUSlesJOURS多乐之日(新风里店),101.2,36000.0,35.0,35.0,39.967792,116.381939,True,True,True,101.2㎡,3.6万/月,转让费：35万元,"('39.967792', '116.381939')"
bright,(出租)回龙观龙腾苑二区临街商铺出租420平可租无其他费用,临街门面,龙腾苑-二区,210.0,22000.0,3.49,3.49,40.083172,116.343681,True,True,True,210㎡,2.2万/月,3.49元/m/天,"('40.083172', '116.343681')"
bright,(出租)邻三环900平米适合办公会所餐饮茶楼娱乐,临街门面,苏皖大厦,900.0,94500.0,3.5,3.5,39.852427,116.344356,True,True,True,900㎡,9.45万/月,3.5元/m/天,"('39.852427', '116.344356')"
bright,(出租)安慧北里逸园28号楼临街底商旺铺直租,临街门面,安慧北里逸园南区-28号楼,316.0,105000.0,11.08,11.08,40.005405,116.419745,True,True,True,316㎡,10.5万/月,11.08元/m/天,"('40.005405', '116.419745')"
bright,(出租)黄村恒大未来城两层140㎡出租，成熟社区全业态，近地铁,商业街店铺,恒大未来城,140.0,8999.0,2.14,2.14,39.720345,116.320946,True,True,True,140㎡,8999元/月,2.14元/m/天,"('39.720345', '116.320946')"
bright,(出租)朝阳王四营人民日报印刷厂内1100平米餐厅档口招租,档口摊位,人民日报印刷厂,25.0,5000.0,6.67,6.67,39.866413,116.551483,True,True,True,25㎡,5000元/月,6.67元/m/天,"('39.866413', '116.551483')"
bright,(转让)朝阳北京200平餐厅转让，出租早点,社区底商,铭泽生活广场,200.0,30000.0,15.0,15.0,39.869836,116.48346,True,True,True,200㎡,3万/月,转让费：15万元,"('39.869836', '116.48346')"
bright,(转让)地铁积水潭站附近临街底商旺铺转让,临街门面,小炊谣,110.0,45900.0,15.0,15.0,39.957642,116.378567,True,True,True,110㎡,4.59万/月,转让费：15万元,"('39.957642', '116.378567')"
bright,(出租)北京核心景区南锣鼓巷c位商铺招租,商业街店铺,南锣鼓巷,400.0,200000.0,16.67,16.67,39.943562,116.408878,True,True,True,400㎡,20万/月,16.67元/m/天,"('39.943562', '116.408878')"
bright,(出租)海淀上地科实大厦底商商铺房东直租,写字楼配套,科实大厦,600.0,144000.0,8.0,8.0,40.040731,116.318389,True,True,True,600㎡,14.4万/月,8元/m/天,"('40.040731', '116.318389')"
bright,(出租)朝外大街日坛晶华8号楼底商临街门面房东直租除重餐饮外行业不限,社区底商,日坛晶华-8号楼,173.45,39000.0,7.49,7.49,39.926518,116.450761,True,True,True,173.45㎡,3.9万/月,7.49元/m/天,"('39.926518', '116.450761')"
bright,(出租)海淀五道口农业大学100-300平直租无转让费可餐饮！,临街门面,清华东路15号,105.97,26000.0,8.18,8.18,40.007289,116.366487,True,True,True,105.97㎡,2.6万/月,8.18元/m/天,"('40.007289', '116.366487')"
bright,(出租)石景山古城路步行街核心铺招租！近商场社区，人流量大,商业街店铺,古城南路步行街,140.0,,,,39.916957,116.198351,True,False,False,140㎡,租金面议,（价格可面议）,"('39.916957', '116.198351')"
bright,(转让)石景山八角西街280平精装涮肉店转租，5年租期人流量大,临街门面,八角西街,280.0,58800.0,,7.0,39.920335,116.205284,True,True,True,280㎡,5.88万/月,转让费：面议（转让费可面议）,"('39.920335', '116.205284')"
bright,(出租)奥林匹克公园临街铺面70-300平出租，12元/㎡含物业费,商业街店铺,北京工艺美术博物馆(文创店),80.0,29000.0,12.08,12.08,40.00572,116.400322,True,True,True,80㎡,2.9万/月,12.08元/m/天,"('40.00572', '116.400322')"
bright,(出租)旭景园1万平招租全业态制可仓储，配套手续齐全，整租可分租,临街门面,旭景园·精致生活广场,10000.0,,,,39.945537,116.703494,True,False,False,10000㎡,租金面议,（价格可面议）,"('39.945537', '116.703494')"
bright,(转让)蓝堡公寓饭店整体转600平精装含KTV，近华贸高客流价格可谈,商业街店铺,蓝堡国际公寓-南区,600.0,60000.0,80.0,80.0,39.916652,116.48313,True,True,True,600㎡,6万/月,转让费：80万元,"('39.916652', '116.48313')"
bright,(出租)（0转让费）朝阳欢乐谷附近Ⅰ临街流量社区底商旺铺整体出租,社区底商,PETLADY宠娘宠物生活馆(格林莱雅店),80.0,19000.0,7.92,7.92,39.873411,116.513574,True,True,True,80㎡,1.9万/月,7.92元/m/天,"('39.873411', '116.513574')"
bright,(出租)双井桥地铁D口附近临街社区底商人流量大旺铺出租位置优越,临街门面,优士阁-B座,87.0,22000.0,8.43,8.43,39.898418,116.466159,True,True,True,87㎡,2.2万/月,8.43元/m/天,"('39.898418', '116.466159')"
bright,(转让)朝阳北花园1号院一层店转租，设备全临主路,临街门面,中国传媒大学,130.0,32500.0,18.0,18.0,39.917551,116.563634,True,True,True,130㎡,3.25万/月,转让费：18万元,"('39.917551', '116.563634')"
bright,(出租)亦庄同济南路10㎡临街档口酒店公寓旁，白领多做早餐小吃奶茶佳,临街门面,同济南路,10.0,,,,39.779083,116.546239,True,False,False,10㎡,租金面议,（价格可面议）,"('39.779083', '116.546239')"
bright,(出租)新街口积水潭小西天临街商铺房东直租、周边客流大(除餐饮外),临街门面,新街口外大街29号,40.0,30000.0,25.0,25.0,39.958119,116.377868,True,True,True,40㎡,3万/月,25元/m/天,"('39.958119', '116.377868')"
bright,(出租)房东直租可线上超市台球轰趴足疗简餐中央厨房仓储,社区底商,百子湾东里,420.0,,,,39.905263,116.511316,True,False,False,420㎡,租金面议,（价格可面议）,"('39.905263', '116.511316')"
bright,(出租)朝阳区朝阳门美食城外卖档口诚意招租京东外卖,社区底商,东城-朝阳门朝阳门内大街,15.0,5000.0,,11.11111111111111,39.930376,116.433791,True,True,True,15㎡,5000元/月,11.11元/m/天（价格可面议）,"('39.930376', '116.433791')"
bright,(出租)酒仙桥望京亮马桥美食城档口商圈稳定单量好24小时,档口摊位,酒仙桥中路,16.0,6000.0,,12.5,39.98261,116.501165,True,True,True,16㎡,6000元/月,12.5元/m/天（价格可面议）,"('39.98261', '116.501165')"
bright,(出租)个人场地招租平乐园劲松双井堂食和纯外卖两种场地都有,档口摊位,北京市朝阳区南磨房路35号,18.0,4000.0,,7.407407407407407,39.89026,116.476134,True,True,True,18㎡,4000元/月,7.41元/m/天（费用可面议）,"('39.89026', '116.476134')"
bright,(出租)朝阳大悦城旁边美食城传媒大学东直门西直门中关村望京档口,档口摊位,朝阳-朝青板块朝阳北路101号,30.0,6500.0,,7.222222222222222,39.930834,116.524829,True,True,True,30㎡,6500元/月,7.22元/m/天（费用可面议）,"('39.930834', '116.524829')"
bright,(出租)朝阳区，线上，仓储，养生，美发，餐厅，，游乐场,社区底商,朝阳-东坝东坝南二街,18.0,,,,39.966577,116.571061,True,False,False,18㎡,租金面议,,"('39.966577', '116.571061')"
bright,(出租)朝阳周边望京中心燃气纯外卖档口招商,社区底商,朝阳-望京阜通西大街,20.0,10000.0,16.67,16.67,40.0024397129,116.4778671178,True,True,True,20㎡,1万/月,16.67元/m/天,"('40.0024397129', '116.4778671178')"
bright,(出租)复式带私人露台音乐餐吧宠物乐园轰趴中医康复训练等,写字楼配套,朝阳-东大桥东大桥路8号,410.0,,,,39.9242471,116.4592123,True,False,False,410㎡,租金面议,,"('39.9242471', '116.4592123')"
bright,(出租)海淀区紫竹桥地铁16号线万寿寺美食城外卖档口诚意招租,档口摊位,北京市海淀区紫竹院路31号,12.0,6000.0,,16.666666666666668,39.950299,116.312458,True,True,True,12㎡,6000元/月,16.67元/m/天（价格可面议）,"('39.950299', '116.312458')"
bright,(出租)无中介70平带排烟快餐板面刀削面水饺不限业态！！！！,商业街店铺,朝阳-国贸东三环中路39号,70.0,20000.0,,9.523809523809524,39.911335,116.465666,True,True,True,70㎡,2万/月,9.52元/m/天（价格可面议）,"('39.911335', '116.465666')"
bright,(出租)建外地铁口轻食咖啡外卖果切水吧小龙虾等,写字楼配套,朝阳-东大桥东三环中路39号,40.0,5800.0,,4.833333333333333,39.911335,116.465666,True,True,True,40㎡,5800元/月,4.83元/m/天（价格可面议）,"('39.911335', '116.465666')"
bright,(出租)海淀鼎尖燃气铺！招：烤肉，火锅，自助餐，粤菜鲁菜江西菜等！！,社区底商,海淀-知春路详细地址请咨询,480.0,120000.0,,8.333333333333334,39.982667,116.355568,True,True,True,480㎡,12万/月,8.33元/m/天（费用可面议）,"('39.982667', '116.355568')"
bright,(出租)尚都蛋糕店直租！带外窗适合轻食外卖等接手免装修可下执照,写字楼配套,朝阳-东大桥东大桥路8号,110.0,12000.0,,3.6363636363636362,39.9242471,116.4592123,True,True,True,110㎡,1.2万/月,3.64元/m/天（价格可面议）,"('39.9242471', '116.4592123')"
bright,(出租)中关村超好的位置100平展示面好，门口全天人流不断，全业态,临街门面,海淀-中关村中关村大街5号,100.0,,,,39.9888572,116.3196078,True,False,False,100㎡,租金面议,,"('39.9888572', '116.3196078')"
bright,(出租)个人场地招租四道口大钟寺外卖档口招租有部分堂食位置,档口摊位,北京市海淀区四道口路一号,18.0,6000.0,,11.11111111111111,39.972255,116.348155,True,True,True,18㎡,6000元/月,11.11元/m/天（费用可面议）,"('39.972255', '116.348155')"
bright,(出租)牡丹园东直门中关村写字楼下面五棵松大成路安贞医院美食城,档口摊位,石景山-老山北三环中路,30.0,6000.0,,6.666666666666667,39.979164,116.375806,True,True,True,30㎡,6000元/月,6.67元/m/天（费用可面议）,"('39.979164', '116.375806')"
bright,(转让)古城大街临街一层100平饭店转让，适合刀削面，烧烤，砂锅米线,商业街店铺,大鸭梨烤鸭店(古城店)-北京市石景山区,100.0,21300.0,,7.1,39.920974,116.192776,True,True,True,100㎡,2.13万/月,无转让费,"('39.920974', '116.192776')"
bright,(出租)知春路双榆树万户社区！招：美容美发，养生按摩，宠物店，茶室等,社区底商,海淀-中关村详细地址请咨询,100.0,30000.0,,10.0,39.982031,116.329801,True,True,True,100㎡,3万/月,10元/m/天（费用可面议）,"('39.982031', '116.329801')"
bright,(出租)常营龙湖天街新出35平主通道位置适合各种水吧网红小吃,购物百货中心,朝阳-常营详细地址请咨询,35.0,,,,39.92927,116.608172,True,False,False,35㎡,租金面议,,"('39.92927', '116.608172')"
bright,(出租)CBD外卖配中心区2楼果切店出租新装修接手可用轻食,购物百货中心,朝阳-国贸东大桥路8号,40.0,6000.0,,5.0,39.9242471,116.4592123,True,True,True,40㎡,6000元/月,5元/m/天（价格可面议）,"('39.9242471', '116.4592123')"
bright,(出租)望京六佰本新荟城美食城外卖档口直租租金4500起24小时营业,档口摊位,详细地址请咨询,17.0,4500.0,,8.823529411764707,40.014814,116.473259,True,True,True,17㎡,4500元/月,8.82元/m/天（价格可面议）,"('40.014814', '116.473259')"
bright,(出租)东大桥CBD商圈一层底商，可简餐咖啡水吧花店美甲果切等各种业,商业街店铺,朝阳-东大桥朝外大街乙6号,55.41,20000.0,,12.03152258918366,39.92584,116.461382,True,True,True,55.41㎡,2万/月,12.03元/m/天（费用可面议）,"('39.92584', '116.461382')"
bright,(出租)新！北太平庄地铁45平米招租米粉米线驴火包子麻辣烫烧烤,商业街店铺,城建大厦-北京市海淀区,45.0,15000.0,11.11,11.11,39.974967,116.377661,True,True,True,45㎡,1.5万/月,11.11元/m/天,"('39.974967', '116.377661')"
bright,(出租)东二环会所装修230平，茶馆，棋牌桌游美容茶馆会所培训可,购物百货中心,东城-朝阳门朝阳门西路,230.0,15900.0,,2.3043478260869565,39.9267163,116.4396851,True,True,True,230㎡,1.59万/月,2.3元/m/天（价格可面议）,"('39.9267163', '116.4396851')"
bright,(出租)国贸丨长安街银泰临街底商业态不限~人流大欢迎现场考察,商业街店铺,朝阳-国贸东三环中路39号,200.0,30000.0,,5.0,39.911335,116.465666,True,True,True,200㎡,3万/月,5元/m/天（价格可面议）,"('39.911335', '116.465666')"
bright,(出租)（带天然气）双井纯一层紧挨大型超市超大人流量,社区底商,朝阳-双井天力街,340.0,76000.0,7.45,7.45,39.90304,116.463785,True,True,True,340㎡,7.6万/月,7.45元/m/天,"('39.90304', '116.463785')"
bright,(出租)景泰地铁口家家排队适合煎饼包子炸鸡奶茶糖葫芦等小吃不限,临街门面,东城-永定门详细地址请咨询,20.0,15000.0,25.0,25.0,39.870514,116.41875,True,True,True,20㎡,1.5万/月,25元/m/天,"('39.870514', '116.41875')"
bright,(出租)三里屯机电院160平300平600平全业态带外摆,商业街店铺,朝阳-三里屯工体北路,300.0,63000.0,7.0,7.0,39.940363,116.462207,True,True,True,300㎡,6.3万/月,7元/m/天,"('39.940363', '116.462207')"
bright,(出租)通州万达150平外卖店直租月租1.1万有燃气接手即可营,商业街店铺,通州-新华大街新华西街58号,155.0,11000.0,,2.3655913978494625,39.9114789,116.6471654,True,True,True,155㎡,1.1万/月,2.37元/m/天（价格可面议）,"('39.9114789', '116.6471654')"
bright,(出租)中关村核心地带！招：米线，快餐，麻辣烫，螺蛳粉，拌饭，牛肉面,商业街店铺,世纪科贸大厦,157.0,54200.0,,11.507430997876858,39.990212,116.340613,True,True,True,157㎡,5.42万/月,11.5元/m/天（价格可面议）,"('39.990212', '116.340613')"
bright,(出租)大学附近超大门头铺！招：米粉，米线，猪脚饭，煲仔饭，羊汤等！,社区底商,朝阳-惠新里详细地址请咨询,100.0,58300.0,,19.433333333333334,39.985146,116.431007,True,True,True,100㎡,5.83万/月,19.44元/m/天（费用可面议）,"('39.985146', '116.431007')"
bright,(出租)中关村西区纯一层商铺展示面20米，随时看房只招餐饮,写字楼配套,海淀-苏州街善缘街,474.34,142300.0,10.0,10.0,39.98617,116.315433,True,True,True,474.34㎡,14.23万/月,10元/m/天,"('39.98617', '116.315433')"
bright,(出租)地铁16号沿线商铺出租甲方直租无中介费餐饮,社区底商,北分厂家属区,920.0,,,,,,False,False,False,920㎡,租金面议,, 
bright,(出租)双井临街餐饮商铺价格合适全业态房东直租,商业街店铺,朝阳-双井东柏街10号,270.0,43700.0,,5.395061728395062,39.900693,116.471682,True,True,True,270㎡,4.37万/月,5.4元/m/天（价格可面议）,"('39.900693', '116.471682')"
bright,(出租)通州北关地铁口丨临街商铺70平丨招餐饮早餐不限业态,临街门面,通州区世界侨商中心-10号楼-北京市通州区,70.0,12000.0,,5.714285714285714,39.925979,116.666787,True,True,True,70㎡,1.2万/月,5.71元/m/天（价格可面议）,"('39.925979', '116.666787')"
bright,(出租)朝阳区惠新西街临街门脸100平可餐饮少许转让费,临街门面,朝阳-小关详细地址请咨询,120.0,18000.0,,5.0,39.990758,116.423513,True,True,True,120㎡,1.8万/月,5元/m/天（价格可面议）,"('39.990758', '116.423513')"
bright,(出租)褡裢坡朝阳北路临街商铺可餐饮可做烟酒业态不限,社区底商,朝阳-定福庄朝阳北路,74.69,,,,39.929826,116.570245,True,False,False,74.69㎡,租金面议,,"('39.929826', '116.570245')"
bright,(出租)梨园云景东路52号临街店铺餐饮161平,临街门面,通州-梨园云景东路,161.0,,,,39.882549,116.671628,True,False,False,161㎡,租金面议,,"('39.882549', '116.671628')"
bright,(转让)Z昌平北七家餐饮店转让饭店转让烧烤店商铺出租转让,商业街店铺,北七家镇-北京市昌平区,360.0,41700.0,,3.861111111111111,40.123909,116.430772,True,True,True,360㎡,4.17万/月,转让费：面议（费用可面议）,"('40.123909', '116.430772')"
bright,(出租)地铁口商铺带餐饮装修人流量大小区底商临街人均消费高,临街门面,丰台-科技园区六圈路,170.85,26300.0,,5.1312067115403375,39.825675,116.320381,True,True,True,170.85㎡,2.63万/月,5.13元/m/天（价格可面议）,"('39.825675', '116.320381')"
bright,(出租)朝阳高碑店十字路口商铺全业态可餐饮直租价格面议,临街门面,朝阳-高碑店北花园中路,300.0,63000.0,,7.0,39.910489,116.555255,True,True,True,300㎡,6.3万/月,7元/m/天（价格可面议）,"('39.910489', '116.555255')"
bright,(出租)好铺位！国贸世贸天阶商业街店铺可餐饮客流量集中,社区底商,朝阳-CBD朝外大街乙6号,100.0,25000.0,,8.333333333333334,39.92584,116.461382,True,True,True,100㎡,2.5万/月,8.33元/m/天（价格可面议）,"('39.92584', '116.461382')"
bright,(出租)海淀黄庄知春路中关村一层商铺除餐饮外业态不限,写字楼配套,海淀-中关村知春路108号,450.0,,,,39.981326,116.328625,True,False,False,450㎡,租金面议,,"('39.981326', '116.328625')"
bright,(出租)劲松中街临街商铺，30平餐饮执照齐全！适合包子面条奶茶小吃.,临街门面,北京市朝阳区劲松中街362号,25.0,10000.0,,13.333333333333334,39.88918,116.462673,True,True,True,25㎡,1万/月,13.33元/m/天（价格可面议）,"('39.88918', '116.462673')"
bright,(出租)朝阳区管庄临街商铺餐饮修脚花店水果店等,临街门面,朝阳-管庄朝阳路,124.69,,,,39.917738,116.603554,True,False,False,124.69㎡,租金面议,,"('39.917738', '116.603554')"
bright,(出租)商铺出租餐饮甲方直租无中介费随租随用,社区底商,朝阳-东坝东坝南二街,105.0,,,,39.965964,116.574402,True,False,False,105㎡,租金面议,,"('39.965964', '116.574402')"
bright,(出租)团结湖稠密社区沿街一层小面积商铺招租餐饮美食有燃气,商业街店铺,朝阳-团结湖姚家园路,50.0,20000.0,,13.333333333333334,39.93474478,116.4743077,True,True,True,50㎡,2万/月,13.33元/m/天（价格可面议）,"('39.93474478', '116.4743077')"
bright,(出租)直租国瑞城崇文新世界一层临街1200平商铺展厅餐饮医疗全业态,临街门面,东城-王府井西花市大街,1235.0,200000.0,,5.398110661268556,39.903698,116.426181,True,True,True,1235㎡,20万/月,5.4元/m/天（价格可面议）,"('39.903698', '116.426181')"
bright,(出租)朝阳地铁口的商铺可分租可餐饮口腔诊所美容棋牌,临街门面,朝阳-豆各庄大鲁店北路,500.0,52500.0,,3.5,39.851328,116.569264,True,True,True,500㎡,5.25万/月,3.5元/m/天（价格可面议）,"('39.851328', '116.569264')"
bright,(转让)朝外SOHO154平餐饮店转让，固定客源+高流量，白领消费高,商业街店铺,朝外SOHO,154.0,18000.0,28.0,28.0,39.925733,116.461265,True,True,True,154㎡,1.8万/月,转让费：28万元,"('39.925733', '116.461265')"
bright,(出租)西城区阜内大街89号临街底商旺铺房东直租,临街门面,阜成门内大街-89,165.0,50000.0,10.1,10.1,39.930064,116.37678,True,True,True,165㎡,5万/月,10.1元/m/天,"('39.930064', '116.37678')"
bright,(转让)德胜门商业街面包连锁蛋糕店转让客流密集位置好,临街门面,TOUSlesJOURS多乐之日(新风里店),101.2,36000.0,35.0,35.0,39.967792,116.381939,True,True,True,101.2㎡,3.6万/月,转让费：35万元,"('39.967792', '116.381939')"
bright,(出租)回龙观龙腾苑二区临街商铺出租420平可租无其他费用,临街门面,龙腾苑-二区,210.0,22000.0,3.49,3.49,40.083172,116.343681,True,True,True,210㎡,2.2万/月,3.49元/m/天,"('40.083172', '116.343681')"
bright,(出租)邻三环900平米适合办公会所餐饮茶楼娱乐,临街门面,苏皖大厦,900.0,94500.0,3.5,3.5,39.852427,116.344356,True,True,True,900㎡,9.45万/月,3.5元/m/天,"('39.852427', '116.344356')"
bright,(出租)安慧北里逸园28号楼临街底商旺铺直租,临街门面,安慧北里逸园南区-28号楼,316.0,105000.0,11.08,11.08,40.005405,116.419745,True,True,True,316㎡,10.5万/月,11.08元/m/天,"('40.005405', '116.419745')"
bright,(出租)黄村恒大未来城两层140㎡出租，成熟社区全业态，近地铁,商业街店铺,恒大未来城,140.0,8999.0,2.14,2.14,39.720345,116.320946,True,True,True,140㎡,8999元/月,2.14元/m/天,"('39.720345', '116.320946')"
bright,(出租)朝阳王四营人民日报印刷厂内1100平米餐厅档口招租,档口摊位,人民日报印刷厂,25.0,5000.0,6.67,6.67,39.866413,116.551483,True,True,True,25㎡,5000元/月,6.67元/m/天,"('39.866413', '116.551483')"
bright,(转让)朝阳北京200平餐厅转让，出租早点,社区底商,铭泽生活广场,200.0,30000.0,15.0,15.0,39.869836,116.48346,True,True,True,200㎡,3万/月,转让费：15万元,"('39.869836', '116.48346')"
bright,(转让)地铁积水潭站附近临街底商旺铺转让,临街门面,小炊谣,110.0,45900.0,15.0,15.0,39.957642,116.378567,True,True,True,110㎡,4.59万/月,转让费：15万元,"('39.957642', '116.378567')"
bright,(出租)北京核心景区南锣鼓巷c位商铺招租,商业街店铺,南锣鼓巷,400.0,200000.0,16.67,16.67,39.943562,116.408878,True,True,True,400㎡,20万/月,16.67元/m/天,"('39.943562', '116.408878')"
bright,(出租)海淀上地科实大厦底商商铺房东直租,写字楼配套,科实大厦,600.0,144000.0,8.0,8.0,40.040731,116.318389,True,True,True,600㎡,14.4万/月,8元/m/天,"('40.040731', '116.318389')"
bright,(出租)朝外大街日坛晶华8号楼底商临街门面房东直租除重餐饮外行业不限,社区底商,日坛晶华-8号楼,173.45,39000.0,7.49,7.49,39.926518,116.450761,True,True,True,173.45㎡,3.9万/月,7.49元/m/天,"('39.926518', '116.450761')"
bright,(出租)海淀五道口农业大学100-300平直租无转让费可餐饮！,临街门面,清华东路15号,105.97,26000.0,8.18,8.18,40.007289,116.366487,True,True,True,105.97㎡,2.6万/月,8.18元/m/天,"('40.007289', '116.366487')"
bright,(出租)石景山古城路步行街核心铺招租！近商场社区，人流量大,商业街店铺,古城南路步行街,140.0,,,,39.916957,116.198351,True,False,False,140㎡,租金面议,（价格可面议）,"('39.916957', '116.198351')"
bright,(转让)石景山八角西街280平精装涮肉店转租，5年租期人流量大,临街门面,八角西街,280.0,58800.0,,7.0,39.920335,116.205284,True,True,True,280㎡,5.88万/月,转让费：面议（转让费可面议）,"('39.920335', '116.205284')"
bright,(出租)奥林匹克公园临街铺面70-300平出租，12元/㎡含物业费,商业街店铺,北京工艺美术博物馆(文创店),80.0,29000.0,12.08,12.08,40.00572,116.400322,True,True,True,80㎡,2.9万/月,12.08元/m/天,"('40.00572', '116.400322')"
bright,(出租)旭景园1万平招租全业态制可仓储，配套手续齐全，整租可分租,临街门面,旭景园·精致生活广场,10000.0,,,,39.945537,116.703494,True,False,False,10000㎡,租金面议,（价格可面议）,"('39.945537', '116.703494')"
bright,(转让)蓝堡公寓饭店整体转600平精装含KTV，近华贸高客流价格可谈,商业街店铺,蓝堡国际公寓-南区,600.0,60000.0,80.0,80.0,39.916652,116.48313,True,True,True,600㎡,6万/月,转让费：80万元,"('39.916652', '116.48313')"
bright,(出租)（0转让费）朝阳欢乐谷附近Ⅰ临街流量社区底商旺铺整体出租,社区底商,PETLADY宠娘宠物生活馆(格林莱雅店),80.0,19000.0,7.92,7.92,39.873411,116.513574,True,True,True,80㎡,1.9万/月,7.92元/m/天,"('39.873411', '116.513574')"
bright,(出租)双井桥地铁D口附近临街社区底商人流量大旺铺出租位置优越,临街门面,优士阁-B座,87.0,22000.0,8.43,8.43,39.898418,116.466159,True,True,True,87㎡,2.2万/月,8.43元/m/天,"('39.898418', '116.466159')"
bright,(转让)朝阳北花园1号院一层店转租，设备全临主路,临街门面,中国传媒大学,130.0,32500.0,18.0,18.0,39.917551,116.563634,True,True,True,130㎡,3.25万/月,转让费：18万元,"('39.917551', '116.563634')"
bright,(出租)亦庄同济南路10㎡临街档口酒店公寓旁，白领多做早餐小吃奶茶佳,临街门面,同济南路,10.0,,,,39.779083,116.546239,True,False,False,10㎡,租金面议,（价格可面议）,"('39.779083', '116.546239')"
bright,(出租)新街口积水潭小西天临街商铺房东直租、周边客流大(除餐饮外),临街门面,新街口外大街29号,40.0,30000.0,25.0,25.0,39.958119,116.377868,True,True,True,40㎡,3万/月,25元/m/天,"('39.958119', '116.377868')"
bright,(出租)房东直租可线上超市台球轰趴足疗简餐中央厨房仓储,社区底商,百子湾东里,420.0,,,,39.905263,116.511316,True,False,False,420㎡,租金面议,（价格可面议）,"('39.905263', '116.511316')"
bright,(出租)朝阳大悦城美食城带燃气海淀甘家口美食城招打卤面,临街门面,朝阳-小关惠新北里街,30.0,8000.0,,8.88888888888889,39.990887,116.424948,True,True,True,30㎡,8000元/月,8.89元/m/天（价格可面议）,"('39.990887', '116.424948')"
bright,(转让)丰台青塔翠微旁临街二层420平饭店转让，适合烧烤自助，铁锅炖,商业街店铺,必胜客(青塔店)-北京市丰台区,420.0,44100.0,,3.5,39.894147,116.271468,True,True,True,420㎡,4.41万/月,无转让费,"('39.894147', '116.271468')"
bright,(出租)商圈进出口精装方正底商上下水无转3米门头不限业态！,商业街店铺,朝阳-东大桥朝外大街乙6号,83.46,27000.0,,10.783608914450037,39.92584,116.461382,True,True,True,83.46㎡,2.7万/月,10.78元/m/天（价格可面议）,"('39.92584', '116.461382')"
bright,(出租)CBD核心商圈带燃气排烟中央厨房团餐辐射多栋写字楼社区,商业街店铺,朝阳-东大桥东大桥路8号,160.0,13000.0,,2.7083333333333335,39.9242471,116.4592123,True,True,True,160㎡,1.3万/月,2.71元/m/天（价格可面议）,"('39.9242471', '116.4592123')"
bright,(出租)双井富力城（个人直租）天然气全业态超市入口自带人流量,临街门面,朝阳-双井天力街,80.0,,,,39.90304,116.463785,True,False,False,80㎡,租金面议,,"('39.90304', '116.463785')"
bright,(出租)4-8k望京六佰本酒仙桥10-50平燃气24小时阜通东湖渠,档口摊位,合生麒麟社,20.0,4000.0,,6.666666666666667,,,False,True,True,20㎡,4000元/月,6.67元/m/天（费用可面议）, 
bright,(出租)源国贸建外物业直租50平临街月租8千随时看,商业街店铺,朝阳-国贸东三环中路39号,50.0,80000.0,,53.333333333333336,39.911335,116.465666,True,True,True,50㎡,8万/月,53.33元/m/天（价格可面议）,"('39.911335', '116.465666')"
bright,(出租)朝阳区，新天地临街，49平，122平，350平全业态，直租,社区底商,朝阳-管庄朝阳路,131.0,,,,39.921237,116.611817,True,False,False,131㎡,租金面议,,"('39.921237', '116.611817')"
bright,(出租)朝阳区望京地铁14号线15号线美食城外卖档口诚意招租,档口摊位,朝阳-望京望京东园一区120号,15.0,4000.0,,8.88888888888889,40.0047828,116.488867,True,True,True,15㎡,4000元/月,8.89元/m/天（价格可面议）,"('40.0047828', '116.488867')"
bright,(出租)三里河月坛玉渊潭精装修徽菜湘菜火锅海鲜医疗会所展厅健身办公,临街门面,海淀-军博玉渊潭南路3号,600.0,99000.0,5.5,5.5,39.917133,116.338466,True,True,True,600㎡,9.9万/月,5.5元/m/天,"('39.917133', '116.338466')"
bright,(出租)朝阳区国贸万单店商圈美食城外卖档口诚意招租,档口摊位,朝阳-国贸景恒街,21.0,5000.0,,7.936507936507937,39.912277,116.466028,True,True,True,21㎡,5000元/月,7.94元/m/天（价格可面议）,"('39.912277', '116.466028')"
bright,(出租)业主直租.尚都SOHO精装修水果捞.蛋糕店.花店.业态不限,商业街店铺,朝阳-东大桥东大桥路8号,36.0,5800.0,5.37,5.37,39.9242471,116.4592123,True,True,True,36㎡,5800元/月,5.37元/m/天,"('39.9242471', '116.4592123')"
bright,(出租)真正带露台整层的好铺子！推荐火锅烤肉家常菜铁锅炖台球摄影烧烤,临街门面,朝阳-定福庄详细地址请咨询,594.79,46900.00000000001,,2.6283786434427845,39.917299,116.567632,True,True,True,594.79㎡,4.69万/月,2.63元/m/天（费用可面议）,"('39.917299', '116.567632')"
bright,(出租)朝阳甄选旺铺烤肉特色菜火锅医疗培训均可全业态,社区底商,朝阳-常营常营北路,315.0,,,,39.935541,116.599347,True,False,False,315㎡,租金面议,,"('39.935541', '116.599347')"
bright,(出租)东三环国贸CBD核心区域建外SOHO繁华地段70平米全业态,临街门面,朝阳-国贸东三环中路,70.0,25000.0,11.9,11.9,39.911192,116.467993,True,True,True,70㎡,2.5万/月,11.9元/m/天,"('39.911192', '116.467993')"
bright,(出租)353平南四环外旧宫，20米展示面，带装修燃气设施设备执照,临街门面,物美(旧宫商厦店)-北京市大兴区,353.0,25000.0,,2.360717658168083,39.811108,116.449658,True,True,True,353㎡,2.5万/月,2.36元/m/天（转让费可面议）,"('39.811108', '116.449658')"
bright,(出租)十里河成寿寺陶然亭外卖档口直租，6000起,档口摊位,丰台-蒲黄榆刘家窑路,20.0,6100.0,,10.166666666666666,39.868368,116.424458,True,True,True,20㎡,6100元/月,10.17元/m/天（价格可面议）,"('39.868368', '116.424458')"
bright,(出租)租金便宜通州万达一层内街，50平带30平阁楼，位置好，有燃气,商业街店铺,通州-通州北苑新华西街58号,50.0,11000.0,7.33,7.33,39.9114789,116.6471654,True,True,True,50㎡,1.1万/月,7.33元/m/天,"('39.9114789', '116.6471654')"
bright,(出租)双渝树商圈！招：川湘菜，烧烤，铁锅炖，特色菜，,商业街店铺,双榆树,320.0,76800.0,,8.0,39.973624,116.333384,True,True,True,320㎡,7.68万/月,8元/m/天（价格可面议）,"('39.973624', '116.333384')"
bright,(出租)低价可谈）万达82平1.2万有燃气厨房大客流稳定.随时看,商业街店铺,通州-通州北苑新华西街58号,82.0,12000.0,4.88,4.88,39.9114789,116.6471654,True,True,True,82㎡,1.2万/月,4.88元/m/天,"('39.9114789', '116.6471654')"
bright,(出租)纯外卖堂食流量大十里河潘家园方庄宋家庄劲松燃气24小时档口,档口摊位,弘善家园,18.0,4000.0,,7.407407407407407,,,False,True,True,18㎡,4000元/月,7.41元/m/天（费用可面议）, 
bright,(出租)开发商直租临街底商缺少刀削面家常菜板面拉面烧烤火锅烤肉,社区底商,通州-土桥九棵树东路,100.0,,,,39.878795,116.696045,True,False,False,100㎡,租金面议,,"('39.878795', '116.696045')"
bright,(出租)通州万达金街二楼110平有燃气位置好月租1.3万随时可看,商业街店铺,通州-通州北苑新华西街58号,120.0,13000.0,,3.611111111111111,39.9114789,116.6471654,True,True,True,120㎡,1.3万/月,3.61元/m/天（价格可面议）,"('39.9114789', '116.6471654')"
bright,(出租)（业主直租）双井富力城7米大门头紧挨大型超市带天然气,临街门面,朝阳-双井天力街,160.0,78000.0,16.25,16.25,39.902931,116.463859,True,True,True,160㎡,7.8万/月,16.25元/m/天,"('39.902931', '116.463859')"
bright,(出租)东三环临街窗口西直门商圈美食城档口青年路民航医院美食城,档口摊位,海淀-五棵松极乐寺东街,30.0,6500.0,,7.222222222222222,39.950739,116.341719,True,True,True,30㎡,6500元/月,7.22元/m/天（价格可面议）,"('39.950739', '116.341719')"
bright,(出租)物业直租丨快餐档口丨饮品档口丨价格便宜,临街门面,朝阳-定福庄朝阳路,52.79,,,,39.921846,116.562343,True,False,False,52.79㎡,租金面议,,"('39.921846', '116.562343')"
bright,(转让)石景山紫御国际临街一层130饭店转让，可做砂锅米线，刀削面等,商业街店铺,双锦园小区-15号楼-北京市石景山区,130.0,29600.0,,7.589743589743589,39.907914,116.228253,True,True,True,130㎡,2.96万/月,无转让费,"('39.907914', '116.228253')"
bright,(出租)纯外卖堂食档口花园桥车道沟甘家口五路居燃气24小时档口,档口摊位,花园桥,17.0,5000.0,,9.803921568627452,,,False,True,True,17㎡,5000元/月,9.8元/m/天（费用可面议）, 
bright,(出租)朝阳大悦城新出水吧小吃位置有上下水排烟,购物百货中心,朝阳-朝青板块朝阳北路101号,30.0,,,,39.930834,116.524829,True,False,False,30㎡,租金面议,,"('39.930834', '116.524829')"
bright,(出租)黄寺德胜门业主直租333平米招老北京涮肉酸汤火锅蒸汽海鲜烤肉,商业街店铺,西城-德胜门黄寺大街,333.0,,,,39.969085,116.389271,True,False,False,333㎡,租金面议,,"('39.969085', '116.389271')"
bright,(出租)双井富力城天力街80平米临街餐饮商铺，业主直租,临街门面,朝阳-双井天力街,80.0,40000.0,,16.666666666666668,39.90304,116.463785,True,True,True,80㎡,4万/月,16.67元/m/天（价格可面议）,"('39.90304', '116.463785')"
bright,(出租)北京西站附楼餐饮商铺现在是湖南菜顿每天流水1.3万4万多,商业街店铺,大兴-亦庄莲花池东路,560.0,134400.0,,8.0,39.90363,116.345931,True,True,True,560㎡,13.44万/月,8元/m/天（转让费可面议）,"('39.90363', '116.345931')"
bright,(出租)十字路口一拖二可餐饮商铺赠250平露台四万常住人口,商业街店铺,朝阳-高碑店北花园中路,224.0,50400.0,7.5,7.5,39.910257,116.558224,True,True,True,224㎡,5.04万/月,7.5元/m/天,"('39.910257', '116.558224')"
bright,(出租)物业直租丨西三环地铁口丨临街门面丨商铺招租餐饮..,社区底商,丰台-玉泉营京开西路,285.0,42800.0,,5.005847953216374,39.852027,116.339709,True,True,True,285㎡,4.28万/月,5元/m/天（费用可面议）,"('39.852027', '116.339709')"
bright,(出租)朝阳门华普大厦100平商铺招租各种餐饮业态不限,购物百货中心,朝阳-朝外大街朝外大街19号,100.0,,,,39.930707,116.445305,True,False,False,100㎡,租金面议,,"('39.930707', '116.445305')"
bright,(出租)新出旺铺通州次渠万户小区群临街把角商铺可餐饮全业态,商业街店铺,通州-次渠桑园一街,80.0,,,,39.795259,116.607872,True,False,False,80㎡,租金面议,,"('39.795259', '116.607872')"
bright,(出租)物业直租三元桥霄云路200平至1000平商铺出租餐饮聚集地,商业街店铺,朝阳-三元桥霄云路35号,200.0,33000.0,,5.5,39.96398,116.468403,True,True,True,200㎡,3.3万/月,5.5元/m/天（价格可面议）,"('39.96398', '116.468403')"
bright,(出租)海淀西四环核心区300-2000平商铺招餐饮医疗体检等都不限,商业街店铺,海淀-世纪城远大路1号,500.0,75000.0,5.0,5.0,39.9650367,116.2943251,True,True,True,500㎡,7.5万/月,5元/m/天,"('39.9650367', '116.2943251')"
bright,(出租)直租丰台广安康馨家园北区商铺107平除餐饮外业态不限,社区底商,丰台-卢沟桥丰仪北路,107.0,16100.000000000002,,5.015576323987539,39.884447,116.236349,True,True,True,107㎡,1.61万/月,5元/m/天（价格可面议）,"('39.884447', '116.236349')"
bright,(出租)三里屯团结湖朝阳公园街区商铺150平商铺可外摆，餐饮服务等,商业街店铺,朝阳-团结湖详细地址请咨询,150.0,,,,39.93474478,116.4743077,True,False,False,150㎡,租金面议,,"('39.93474478', '116.4743077')"
bright,(出租)东区一层临街门面餐饮有燃气直租直租客流量大建外,临街门面,朝阳-国贸东三环中路,80.0,18000.0,,7.5,39.911192,116.467993,True,True,True,80㎡,1.8万/月,7.5元/m/天（价格可面议）,"('39.911192', '116.467993')"
bright,(出租)海淀西四环400平商铺出租会所餐饮茶馆美容视力眼科康复等可停,临街门面,海淀-世纪城老营房路,400.0,81600.0,6.8,6.8,39.967769,116.288537,True,True,True,400㎡,8.16万/月,6.8元/m/天,"('39.967769', '116.288537')"
bright,(出租)直租丨无转让费丨四惠地铁站出口沿街商铺丨可餐饮快餐等,临街门面,四惠-地铁站-北京市朝阳区,80.0,20000.0,,8.333333333333334,39.914886,116.501987,True,True,True,80㎡,2万/月,8.33元/m/天（价格可面议）,"('39.914886', '116.501987')"
bright,(出租)西城区临街商铺，全业态可餐饮，项目直租，美容，超市登,临街门面,西城-天桥西经路13号楼,32.78,11800.0,,11.99918649583079,39.889907,116.396265,True,True,True,32.78㎡,1.18万/月,12元/m/天（价格可面议）,"('39.889907', '116.396265')"
bright,(出租)物业直租北新桥簋街一层200平商铺出租露台餐饮酒吧等业态,临街门面,东城-北新桥东直门内大街,200.0,55000.0,,9.166666666666666,39.948295,116.420589,True,True,True,200㎡,5.5万/月,9.17元/m/天（价格可面议）,"('39.948295', '116.420589')"
bright,(转让)B238218固安店铺餐饮转让，适合火锅烧烤,临街门面,永定路-道路-廊坊市固安县,500.0,26000.0,,1.7333333333333334,39.282616,116.334371,True,True,True,500㎡,2.6万/月,转让费：面议（转让费可面议）,"('39.282616', '116.334371')"
bright,(出租)朝阳路临街商铺可餐饮全业态招商培训办公台球,社区底商,朝阳-管庄朝阳路,568.27,37700.0,2.21,2.21,39.917738,116.603554,True,True,True,568.27㎡,3.77万/月,2.21元/m/天,"('39.917738', '116.603554')"
bright,(出租)朝阳双合临街商铺全业态可餐饮面积60平户型方正,临街门面,孛旺花园-北门-北京市朝阳区,60.0,10800.0,,6.0,39.870872,116.539158,True,True,True,60㎡,1.08万/月,6元/m/天（价格可面议）,"('39.870872', '116.539158')"
bright,(转让)朝外SOHO154平餐饮店转让，固定客源+高流量，白领消费高,商业街店铺,朝外SOHO,154.0,18000.0,28.0,28.0,39.925733,116.461265,True,True,True,154㎡,1.8万/月,转让费：28万元,"('39.925733', '116.461265')"
bright,(出租)西城区阜内大街89号临街底商旺铺房东直租,临街门面,阜成门内大街-89,165.0,50000.0,10.1,10.1,39.930064,116.37678,True,True,True,165㎡,5万/月,10.1元/m/天,"('39.930064', '116.37678')"
bright,(转让)德胜门商业街面包连锁蛋糕店转让客流密集位置好,临街门面,TOUSlesJOURS多乐之日(新风里店),101.2,36000.0,35.0,35.0,39.967792,116.381939,True,True,True,101.2㎡,3.6万/月,转让费：35万元,"('39.967792', '116.381939')"
bright,(出租)回龙观龙腾苑二区临街商铺出租420平可租无其他费用,临街门面,龙腾苑-二区,210.0,22000.0,3.49,3.49,40.083172,116.343681,True,True,True,210㎡,2.2万/月,3.49元/m/天,"('40.083172', '116.343681')"
bright,(出租)邻三环900平米适合办公会所餐饮茶楼娱乐,临街门面,苏皖大厦,900.0,94500.0,3.5,3.5,39.852427,116.344356,True,True,True,900㎡,9.45万/月,3.5元/m/天,"('39.852427', '116.344356')"
bright,(出租)安慧北里逸园28号楼临街底商旺铺直租,临街门面,安慧北里逸园南区-28号楼,316.0,105000.0,11.08,11.08,40.005405,116.419745,True,True,True,316㎡,10.5万/月,11.08元/m/天,"('40.005405', '116.419745')"
bright,(出租)黄村恒大未来城两层140㎡出租，成熟社区全业态，近地铁,商业街店铺,恒大未来城,140.0,8999.0,2.14,2.14,39.720345,116.320946,True,True,True,140㎡,8999元/月,2.14元/m/天,"('39.720345', '116.320946')"
bright,(出租)朝阳王四营人民日报印刷厂内1100平米餐厅档口招租,档口摊位,人民日报印刷厂,25.0,5000.0,6.67,6.67,39.866413,116.551483,True,True,True,25㎡,5000元/月,6.67元/m/天,"('39.866413', '116.551483')"
bright,(转让)朝阳北京200平餐厅转让，出租早点,社区底商,铭泽生活广场,200.0,30000.0,15.0,15.0,39.869836,116.48346,True,True,True,200㎡,3万/月,转让费：15万元,"('39.869836', '116.48346')"
bright,(转让)地铁积水潭站附近临街底商旺铺转让,临街门面,小炊谣,110.0,45900.0,15.0,15.0,39.957642,116.378567,True,True,True,110㎡,4.59万/月,转让费：15万元,"('39.957642', '116.378567')"
bright,(出租)北京核心景区南锣鼓巷c位商铺招租,商业街店铺,南锣鼓巷,400.0,200000.0,16.67,16.67,39.943562,116.408878,True,True,True,400㎡,20万/月,16.67元/m/天,"('39.943562', '116.408878')"
bright,(出租)海淀上地科实大厦底商商铺房东直租,写字楼配套,科实大厦,600.0,144000.0,8.0,8.0,40.040731,116.318389,True,True,True,600㎡,14.4万/月,8元/m/天,"('40.040731', '116.318389')"
bright,(出租)朝外大街日坛晶华8号楼底商临街门面房东直租除重餐饮外行业不限,社区底商,日坛晶华-8号楼,173.45,39000.0,7.49,7.49,39.926518,116.450761,True,True,True,173.45㎡,3.9万/月,7.49元/m/天,"('39.926518', '116.450761')"
bright,(出租)海淀五道口农业大学100-300平直租无转让费可餐饮！,临街门面,清华东路15号,105.97,26000.0,8.18,8.18,40.007289,116.366487,True,True,True,105.97㎡,2.6万/月,8.18元/m/天,"('40.007289', '116.366487')"
bright,(出租)石景山古城路步行街核心铺招租！近商场社区，人流量大,商业街店铺,古城南路步行街,140.0,,,,39.916957,116.198351,True,False,False,140㎡,租金面议,（价格可面议）,"('39.916957', '116.198351')"
bright,(转让)石景山八角西街280平精装涮肉店转租，5年租期人流量大,临街门面,八角西街,280.0,58800.0,,7.0,39.920335,116.205284,True,True,True,280㎡,5.88万/月,转让费：面议（转让费可面议）,"('39.920335', '116.205284')"
bright,(出租)奥林匹克公园临街铺面70-300平出租，12元/㎡含物业费,商业街店铺,北京工艺美术博物馆(文创店),80.0,29000.0,12.08,12.08,40.00572,116.400322,True,True,True,80㎡,2.9万/月,12.08元/m/天,"('40.00572', '116.400322')"
bright,(出租)旭景园1万平招租全业态制可仓储，配套手续齐全，整租可分租,临街门面,旭景园·精致生活广场,10000.0,,,,39.945537,116.703494,True,False,False,10000㎡,租金面议,（价格可面议）,"('39.945537', '116.703494')"
bright,(转让)蓝堡公寓饭店整体转600平精装含KTV，近华贸高客流价格可谈,商业街店铺,蓝堡国际公寓-南区,600.0,60000.0,80.0,80.0,39.916652,116.48313,True,True,True,600㎡,6万/月,转让费：80万元,"('39.916652', '116.48313')"
bright,(出租)（0转让费）朝阳欢乐谷附近Ⅰ临街流量社区底商旺铺整体出租,社区底商,PETLADY宠娘宠物生活馆(格林莱雅店),80.0,19000.0,7.92,7.92,39.873411,116.513574,True,True,True,80㎡,1.9万/月,7.92元/m/天,"('39.873411', '116.513574')"
bright,(出租)双井桥地铁D口附近临街社区底商人流量大旺铺出租位置优越,临街门面,优士阁-B座,87.0,22000.0,8.43,8.43,39.898418,116.466159,True,True,True,87㎡,2.2万/月,8.43元/m/天,"('39.898418', '116.466159')"
bright,(转让)朝阳北花园1号院一层店转租，设备全临主路,临街门面,中国传媒大学,130.0,32500.0,18.0,18.0,39.917551,116.563634,True,True,True,130㎡,3.25万/月,转让费：18万元,"('39.917551', '116.563634')"
bright,(出租)亦庄同济南路10㎡临街档口酒店公寓旁，白领多做早餐小吃奶茶佳,临街门面,同济南路,10.0,,,,39.779083,116.546239,True,False,False,10㎡,租金面议,（价格可面议）,"('39.779083', '116.546239')"
bright,(出租)新街口积水潭小西天临街商铺房东直租、周边客流大(除餐饮外),临街门面,新街口外大街29号,40.0,30000.0,25.0,25.0,39.958119,116.377868,True,True,True,40㎡,3万/月,25元/m/天,"('39.958119', '116.377868')"
bright,(出租)房东直租可线上超市台球轰趴足疗简餐中央厨房仓储,社区底商,百子湾东里,420.0,,,,39.905263,116.511316,True,False,False,420㎡,租金面议,（价格可面议）,"('39.905263', '116.511316')"
bright,(出租)朝阳周边望京社区底商美容装修招商,社区底商,朝阳-望京广顺北大街,288.0,30000.0,3.47,3.47,40.000355,116.492884,True,True,True,288㎡,3万/月,3.47元/m/天,"('40.000355', '116.492884')"
bright,(出租)安贞大型商场20平米招品牌水吧炸鸡快餐小吃报品牌,商业街店铺,朝阳-奥林匹克公园详细地址请咨询,20.0,30000.0,,50.0,39.9843488,116.4128481,True,True,True,20㎡,3万/月,50元/m/天（价格可面议）,"('39.9843488', '116.4128481')"
bright,(转让)W转昌平回龙观临街125平品牌面馆,临街门面,琥珀天地-北京市昌平区,125.0,41700.0,35.0,35.0,40.082992,116.331312,True,True,True,125㎡,4.17万/月,转让费：35万元,"('40.082992', '116.331312')"
bright,(出租)个人招租五道口中关村知春里纯外卖档口可24小时营业有燃气,档口摊位,北京市海淀区中关村东路44号,18.0,5000.0,,9.25925925925926,39.992309,116.340371,True,True,True,18㎡,5000元/月,9.26元/m/天（费用可面议）,"('39.992309', '116.340371')"
bright,(出租)通州次渠旺铺路口超大展示面招租麻辣烫沙县拉面砂锅烤肉米线,临街门面,通州-次渠桑园一街,100.0,25500.0,,8.5,39.795259,116.607872,True,True,True,100㎡,2.55万/月,8.5元/m/天（价格可面议）,"('39.795259', '116.607872')"
bright,(出租)（独栋）双井高端社区临街2600平全业态,社区底商,朝阳-大望路光华北一街,2600.0,390000.0,5.0,5.0,39.905019,116.45792,True,True,True,2600㎡,39万/月,5元/m/天,"('39.905019', '116.45792')"
bright,(出租)精装修直接用，适合办公少儿书法培训机构直播机构养生美容,临街门面,房山-良乡苏庄东街,350.0,24200.0,,2.3047619047619046,39.733257,116.134652,True,True,True,350㎡,2.42万/月,2.3元/m/天（价格可面议）,"('39.733257', '116.134652')"
bright,(出租)六道口圣熙八号燃气铺！招：生烫牛肉米线，鸡公煲，螺蛳粉，拌饭,社区底商,海淀-学院路详细地址请咨询,183.0,54900.0,,10.0,40.011807,116.357163,True,True,True,183㎡,5.49万/月,10元/m/天（费用可面议）,"('40.011807', '116.357163')"
bright,(出租)国贸尚都SOHO精装修茶室棋牌轰趴美容按摩茶馆办公,商业街店铺,朝阳-呼家楼朝阳门外大街6号,340.0,28000.0,,2.7450980392156863,39.923751,116.462316,True,True,True,340㎡,2.8万/月,2.75元/m/天（价格可面议）,"('39.923751', '116.462316')"
bright,(出租)朝阳门东直门美食城外卖档口堂食档口能上京东外卖急招汤粉类小吃,档口摊位,朝阳门soho,16.0,6000.0,,12.5,39.928267,116.439233,True,True,True,16㎡,6000元/月,12.5元/m/天（价格可面议）,"('39.928267', '116.439233')"
bright,(出租)朝外SOHO临街底商茶馆宠物珠宝健身美容口腔,写字楼配套,朝阳-东大桥朝外大街乙6号,398.0,60000.0,5.03,5.03,39.92584,116.461382,True,True,True,398㎡,6万/月,5.03元/m/天,"('39.92584', '116.461382')"
bright,(出租)朝阳周边望京外卖档口招商品类不限,档口摊位,朝阳-望京望京街,20.0,8000.0,13.33,13.33,40.006344,116.479727,True,True,True,20㎡,8000元/月,13.33元/m/天,"('40.006344', '116.479727')"
bright,(出租)大望路二十二艺术院街180平37000月外摆牛排西餐德餐,商业街店铺,朝阳-大望路九龙山路,180.0,37000.0,,6.851851851851852,39.90409,116.479282,True,True,True,180㎡,3.7万/月,6.85元/m/天（价格可面议）,"('39.90409', '116.479282')"
bright,(出租)双井国贸劲松潘家园美食城人流量特大,档口摊位,朝阳-双井八棵杨西路,20.0,6000.0,,10.0,39.89585,116.469507,True,True,True,20㎡,6000元/月,10元/m/天（价格可面议）,"('39.89585', '116.469507')"
bright,(出租)知春路北航地铁0距离有燃气！中西餐日式烤肉江湖菜海鲜自助顺德,商业街店铺,海淀-知春路知春路,480.0,,,,39.982216,116.353594,True,False,False,480㎡,租金面议,,"('39.982216', '116.353594')"
bright,(出租)西三环六里桥太平桥临街一层商业2500平主招超市健身台球等,临街门面,丰台-太平桥太平桥路,2500.0,225000.0,,3.0,39.886192,116.321789,True,True,True,2500㎡,22.5万/月,3元/m/天（价格可面议）,"('39.886192', '116.321789')"
bright,(出租)双井百子湾临街小铺5835月网红艺术区咖啡轻食甜品服装冷饮,商业街店铺,朝阳-百子湾百子湾路32号,15.0,5835.0,,12.966666666666667,39.905581,116.47703,True,True,True,15㎡,5835元/月,12.97元/m/天（价格可面议）,"('39.905581', '116.47703')"
bright,(出租)国贸~临街双展示面奶茶咖啡丨水果捞鲜花美食档口品,商业街店铺,朝阳-国贸东三环中路39号,50.0,10000.0,6.67,6.67,39.911335,116.465666,True,True,True,50㎡,1万/月,6.67元/m/天,"('39.911335', '116.465666')"
bright,(出租)东大桥国贸商圈赠50平外摆，全业态面食，米粉类，砂锅等,临街门面,朝阳-东大桥东大桥路8号,140.0,26000.0,,6.190476190476191,39.9242471,116.4592123,True,True,True,140㎡,2.6万/月,6.19元/m/天（价格可面议）,"('39.9242471', '116.4592123')"
bright,(出租)中关村苏州街核心区房东直租，格局方正招快餐米线麻辣烫拌饭粥铺,商业街店铺,海淀-中关村中关村大街5号,130.0,66700.0,,17.102564102564102,39.9888572,116.3196078,True,True,True,130㎡,6.67万/月,17.09元/m/天（价格可面议）,"('39.9888572', '116.3196078')"
bright,(出租)六道口学院路260平米，有燃气招川湘菜小酒馆铁锅炖顺德菜海鲜,商业街店铺,海淀-北航学院路31号,260.0,50000.0,,6.410256410256411,39.994714,116.359116,True,True,True,260㎡,5万/月,6.41元/m/天（价格可面议）,"('39.994714', '116.359116')"
bright,(出租)顺义天竺体育小镇11米层高大开间300平起租,商业街店铺,3A冰球小镇-北京市顺义区,500.0,45000.0,3.0,3.0,40.070967,116.577881,True,True,True,500㎡,4.5万/月,3元/m/天,"('40.070967', '116.577881')"
bright,(出租)W朝阳马泉营地铁口4000平商业招商,临街门面,朝阳-孙河马泉营村733号,4000.0,12000.0,0.1,0.1,40.047741,116.517708,True,True,True,4000㎡,1.2万/月,0.1元/m/天,"('40.047741', '116.517708')"
bright,(出租)个人场地招租亚运村高单量热门商圈堂食可达千人两种门店招租,档口摊位,北京市朝阳区慧忠路7号,18.0,4000.0,,7.407407407407407,40.001463,116.415725,True,True,True,18㎡,4000元/月,7.41元/m/天（费用可面议）,"('40.001463', '116.415725')"
bright,(出租)物业直租国贸烟酒茶便利店会所可做饭随时可看,社区底商,朝阳-国贸东三环中路39号,120.0,20000.0,,5.555555555555555,39.911335,116.465666,True,True,True,120㎡,2万/月,5.56元/m/天（价格可面议）,"('39.911335', '116.465666')"
bright,(出租)合生汇大型购物中心小吃街调整空位，能做水和各类小吃,购物百货中心,朝阳-大望路详细地址请咨询,25.0,40000.0,,53.333333333333336,39.899809,116.48683,True,True,True,25㎡,4万/月,53.33元/m/天（价格可面议）,"('39.899809', '116.48683')"
bright,(出租)直租双井国贸美食城外卖档口24小时一楼取餐方便有燃气,档口摊位,双井,16.0,5500.0,,11.458333333333334,39.902533,116.473355,True,True,True,16㎡,5500元/月,11.46元/m/天（价格可面议）,"('39.902533', '116.473355')"
bright,(出租)1层精装水吧水吧鲜花轻食果切小吃店美发美容等不限,商业街店铺,朝阳-东大桥朝外大街乙6号,40.0,8000.0,,6.666666666666667,39.92584,116.461382,True,True,True,40㎡,8000元/月,6.67元/m/天（费用可面议）,"('39.92584', '116.461382')"
bright,(出租)雍和宫北新地铁口板面，麻辣烫，串串，刀削面，糕点，烘培，奶茶,临街门面,东城-交道口详细地址请咨询,50.0,,,,39.948295,116.420589,True,False,False,50㎡,租金面议,,"('39.948295', '116.420589')"
bright,(出租)四道口大钟寺燃气铺!招东北菜!铁锅炖:烤鱼，火锅，川湘鲁徽菜,商业街店铺,皂君庙-14号院-北京市海淀区,300.0,53000.0,,5.888888888888889,39.966758,116.344056,True,True,True,300㎡,5.3万/月,5.89元/m/天（费用可面议）,"('39.966758', '116.344056')"
bright,(出租)工体门面出租可餐饮美容美发零售药店团购宠物咖啡各类餐饮等,临街门面,东城-朝阳门吉市口东路,100.0,25000.0,,8.333333333333334,39.935515,116.446936,True,True,True,100㎡,2.5万/月,8.33元/m/天（价格可面议）,"('39.935515', '116.446936')"
bright,(出租)通州土桥临街商铺直租70平米15000全业态可餐饮,临街门面,通州-土桥九棵树东路,70.0,14700.0,,7.0,39.878795,116.696045,True,True,True,70㎡,1.47万/月,7元/m/天（价格可面议）,"('39.878795', '116.696045')"
bright,(出租)雅宝路沿街商铺出租办公居民配套可餐饮详细咨询,临街门面,东城-朝阳门详细地址请咨询,60.0,10000.0,,5.555555555555555,39.933607,116.433651,True,True,True,60㎡,1万/月,5.56元/m/天（费用可面议）,"('39.933607', '116.433651')"
bright,(出租)直租六里桥公主坟地铁口商铺出租配套完善餐饮足疗办公培训,购物百货中心,丰台-六里桥吴家场路1号,92.0,13799.999999999998,,4.999999999999999,39.900493,116.315771,True,True,True,92㎡,1.38万/月,5元/m/天（价格可面议）,"('39.900493', '116.315771')"
bright,(出租)万达独立店铺15平月租5千餐饮除外其他不限,商业街店铺,通州-通州北苑新华西街58号,15.0,5000.0,,11.11111111111111,39.9114789,116.6471654,True,True,True,15㎡,5000元/月,11.11元/m/天（价格可面议）,"('39.9114789', '116.6471654')"
bright,(出租)旧宫临街商铺餐饮一条街商业氛围好人均消费能力高人流大,临街门面,大兴-旧宫宝颐路,90.0,21300.0,,7.888888888888889,39.817212,116.459069,True,True,True,90㎡,2.13万/月,7.9元/m/天（价格可面议）,"('39.817212', '116.459069')"
bright,(出租)西二环白纸坊商铺出租招：餐饮档口美容理发营业厅等,临街门面,西城-广安门外南滨河路27号,295.0,88500.0,,10.0,39.887471,116.354713,True,True,True,295㎡,8.85万/月,10元/m/天（费用可面议）,"('39.887471', '116.354713')"
bright,(出租)业主直租丨果园临街商铺有燃气可餐饮面宽10米梨园北苑华业乔庄,临街门面,通州-九棵树详细地址请咨询,184.0,23700.0,4.3,4.3,39.894616,116.655482,True,True,True,184㎡,2.37万/月,4.3元/m/天,"('39.894616', '116.655482')"
bright,(出租)安贞桥临街商铺招品牌餐饮粤菜顺德菜火锅涮肉等,临街门面,朝阳-安贞北三环东路,500.0,75000.0,,5.0,39.975616,116.415248,True,True,True,500㎡,7.5万/月,5元/m/天（价格可面议）,"('39.975616', '116.415248')"
bright,(出租)国贸CBD大望路东大桥新出400平米临街商铺可餐饮全业态招租,临街门面,朝阳-国贸东三环中路,452.0,78000.0,,5.752212389380531,39.911192,116.467993,True,True,True,452㎡,7.8万/月,5.75元/m/天（价格可面议）,"('39.911192', '116.467993')"
bright,(出租)海淀远大路主街路口店铺格局好餐饮少适合早餐店面馆小吃店,临街门面,海淀-世纪城远大路,70.0,18500.0,,8.80952380952381,39.961855,116.287292,True,True,True,70㎡,1.85万/月,8.81元/m/天（价格可面议）,"('39.961855', '116.287292')"
bright,(出租)北太平庄地铁东临街门脸30平米，门头6米，免餐饮其他行业不限,临街门面,海淀-牡丹园北土城西路,30.0,15000.0,16.67,16.67,39.984886,116.378301,True,True,True,30㎡,1.5万/月,16.67元/m/天,"('39.984886', '116.378301')"
bright,(出租)海淀区魏公村沿街门面出租适合奶茶咖啡烘焙餐饮小吃等房东直租！,临街门面,海淀-魏公村详细地址请咨询,120.0,20800.0,5.79,5.79,39.958412,116.323714,True,True,True,120㎡,2.08万/月,5.79元/m/天,"('39.958412', '116.323714')"
bright,(出租)新出！！国贸，一层商铺，可餐饮，可办照。临街路口好位置！！！,临街门面,朝阳-国贸东三环中路39号,115.0,13000.0,,3.7681159420289854,39.911335,116.465666,True,True,True,115㎡,1.3万/月,3.77元/m/天（价格可面议）,"('39.911335', '116.465666')"
bright,(出租)花家地望京医院附近一层250平米临街商铺，除餐饮外业态不限,临街门面,详细地址请咨询,250.0,67500.0,,9.0,39.991867,116.476637,True,True,True,250㎡,6.75万/月,9元/m/天（价格可面议）,"('39.991867', '116.476637')"
bright,(出租)海淀区牡丹园北医三院临街商铺可餐饮50平房东直租,临街门面,海淀-牡丹园详细地址请咨询,80.0,18000.0,7.5,7.5,39.984302,116.381635,True,True,True,80㎡,1.8万/月,7.5元/m/天,"('39.984302', '116.381635')"
bright,(出租)东直门临街门面有燃气可餐饮适合各种快餐拉面炒菜等,临街门面,东城-东直门外东中街29号,145.0,52200.0,,12.0,39.943253,116.442535,True,True,True,145㎡,5.22万/月,12元/m/天（价格可面议）,"('39.943253', '116.442535')"
bright,(出租)地铁旁边大开间商铺可餐饮等市场~美食城~仓储好超市均可,临街门面,详细地址请咨询,500.0,37500.0,2.5,2.5,39.877731,116.692727,True,True,True,500㎡,3.75万/月,2.5元/m/天,"('39.877731', '116.692727')"
bright,(转让)朝外SOHO154平餐饮店转让，固定客源+高流量，白领消费高,商业街店铺,朝外SOHO,154.0,18000.0,28.0,28.0,39.925733,116.461265,True,True,True,154㎡,1.8万/月,转让费：28万元,"('39.925733', '116.461265')"
bright,(出租)西城区阜内大街89号临街底商旺铺房东直租,临街门面,阜成门内大街-89,165.0,50000.0,10.1,10.1,39.930064,116.37678,True,True,True,165㎡,5万/月,10.1元/m/天,"('39.930064', '116.37678')"
bright,(转让)德胜门商业街面包连锁蛋糕店转让客流密集位置好,临街门面,TOUSlesJOURS多乐之日(新风里店),101.2,36000.0,35.0,35.0,39.967792,116.381939,True,True,True,101.2㎡,3.6万/月,转让费：35万元,"('39.967792', '116.381939')"
bright,(出租)回龙观龙腾苑二区临街商铺出租420平可租无其他费用,临街门面,龙腾苑-二区,210.0,22000.0,3.49,3.49,40.083172,116.343681,True,True,True,210㎡,2.2万/月,3.49元/m/天,"('40.083172', '116.343681')"
bright,(出租)邻三环900平米适合办公会所餐饮茶楼娱乐,临街门面,苏皖大厦,900.0,94500.0,3.5,3.5,39.852427,116.344356,True,True,True,900㎡,9.45万/月,3.5元/m/天,"('39.852427', '116.344356')"
bright,(出租)安慧北里逸园28号楼临街底商旺铺直租,临街门面,安慧北里逸园南区-28号楼,316.0,105000.0,11.08,11.08,40.005405,116.419745,True,True,True,316㎡,10.5万/月,11.08元/m/天,"('40.005405', '116.419745')"
bright,(出租)黄村恒大未来城两层140㎡出租，成熟社区全业态，近地铁,商业街店铺,恒大未来城,140.0,8999.0,2.14,2.14,39.720345,116.320946,True,True,True,140㎡,8999元/月,2.14元/m/天,"('39.720345', '116.320946')"
bright,(出租)朝阳王四营人民日报印刷厂内1100平米餐厅档口招租,档口摊位,人民日报印刷厂,25.0,5000.0,6.67,6.67,39.866413,116.551483,True,True,True,25㎡,5000元/月,6.67元/m/天,"('39.866413', '116.551483')"
bright,(转让)朝阳北京200平餐厅转让，出租早点,社区底商,铭泽生活广场,200.0,30000.0,15.0,15.0,39.869836,116.48346,True,True,True,200㎡,3万/月,转让费：15万元,"('39.869836', '116.48346')"
bright,(转让)地铁积水潭站附近临街底商旺铺转让,临街门面,小炊谣,110.0,45900.0,15.0,15.0,39.957642,116.378567,True,True,True,110㎡,4.59万/月,转让费：15万元,"('39.957642', '116.378567')"
bright,(出租)北京核心景区南锣鼓巷c位商铺招租,商业街店铺,南锣鼓巷,400.0,200000.0,16.67,16.67,39.943562,116.408878,True,True,True,400㎡,20万/月,16.67元/m/天,"('39.943562', '116.408878')"
bright,(出租)海淀上地科实大厦底商商铺房东直租,写字楼配套,科实大厦,600.0,144000.0,8.0,8.0,40.040731,116.318389,True,True,True,600㎡,14.4万/月,8元/m/天,"('40.040731', '116.318389')"
bright,(出租)朝外大街日坛晶华8号楼底商临街门面房东直租除重餐饮外行业不限,社区底商,日坛晶华-8号楼,173.45,39000.0,7.49,7.49,39.926518,116.450761,True,True,True,173.45㎡,3.9万/月,7.49元/m/天,"('39.926518', '116.450761')"
bright,(出租)海淀五道口农业大学100-300平直租无转让费可餐饮！,临街门面,清华东路15号,105.97,26000.0,8.18,8.18,40.007289,116.366487,True,True,True,105.97㎡,2.6万/月,8.18元/m/天,"('40.007289', '116.366487')"
bright,(出租)石景山古城路步行街核心铺招租！近商场社区，人流量大,商业街店铺,古城南路步行街,140.0,,,,39.916957,116.198351,True,False,False,140㎡,租金面议,（价格可面议）,"('39.916957', '116.198351')"
bright,(转让)石景山八角西街280平精装涮肉店转租，5年租期人流量大,临街门面,八角西街,280.0,58800.0,,7.0,39.920335,116.205284,True,True,True,280㎡,5.88万/月,转让费：面议（转让费可面议）,"('39.920335', '116.205284')"
bright,(出租)奥林匹克公园临街铺面70-300平出租，12元/㎡含物业费,商业街店铺,北京工艺美术博物馆(文创店),80.0,29000.0,12.08,12.08,40.00572,116.400322,True,True,True,80㎡,2.9万/月,12.08元/m/天,"('40.00572', '116.400322')"
bright,(出租)旭景园1万平招租全业态制可仓储，配套手续齐全，整租可分租,临街门面,旭景园·精致生活广场,10000.0,,,,39.945537,116.703494,True,False,False,10000㎡,租金面议,（价格可面议）,"('39.945537', '116.703494')"
bright,(转让)蓝堡公寓饭店整体转600平精装含KTV，近华贸高客流价格可谈,商业街店铺,蓝堡国际公寓-南区,600.0,60000.0,80.0,80.0,39.916652,116.48313,True,True,True,600㎡,6万/月,转让费：80万元,"('39.916652', '116.48313')"
bright,(出租)（0转让费）朝阳欢乐谷附近Ⅰ临街流量社区底商旺铺整体出租,社区底商,PETLADY宠娘宠物生活馆(格林莱雅店),80.0,19000.0,7.92,7.92,39.873411,116.513574,True,True,True,80㎡,1.9万/月,7.92元/m/天,"('39.873411', '116.513574')"
bright,(出租)双井桥地铁D口附近临街社区底商人流量大旺铺出租位置优越,临街门面,优士阁-B座,87.0,22000.0,8.43,8.43,39.898418,116.466159,True,True,True,87㎡,2.2万/月,8.43元/m/天,"('39.898418', '116.466159')"
bright,(转让)朝阳北花园1号院一层店转租，设备全临主路,临街门面,中国传媒大学,130.0,32500.0,18.0,18.0,39.917551,116.563634,True,True,True,130㎡,3.25万/月,转让费：18万元,"('39.917551', '116.563634')"
bright,(出租)亦庄同济南路10㎡临街档口酒店公寓旁，白领多做早餐小吃奶茶佳,临街门面,同济南路,10.0,,,,39.779083,116.546239,True,False,False,10㎡,租金面议,（价格可面议）,"('39.779083', '116.546239')"
bright,(出租)新街口积水潭小西天临街商铺房东直租、周边客流大(除餐饮外),临街门面,新街口外大街29号,40.0,30000.0,25.0,25.0,39.958119,116.377868,True,True,True,40㎡,3万/月,25元/m/天,"('39.958119', '116.377868')"
bright,(出租)房东直租可线上超市台球轰趴足疗简餐中央厨房仓储,社区底商,百子湾东里,420.0,,,,39.905263,116.511316,True,False,False,420㎡,租金面议,（价格可面议）,"('39.905263', '116.511316')"
bright,(出租)个人场地无中介立水桥北苑纯外卖档口招租有燃气24小时,档口摊位,北京市朝阳区立汤路1,18.0,4000.0,,7.407407407407407,40.061843,116.420135,True,True,True,18㎡,4000元/月,7.41元/m/天（费用可面议）,"('40.061843', '116.420135')"
bright,(出租)海淀世纪城新出适合宾馆酒店房源，全明房，租金可聊，门口可停车,社区底商,海淀-世纪城北四环西路,1400.0,189000.0,,4.5,39.978553,116.289209,True,True,True,1400㎡,18.9万/月,4.5元/m/天（价格可面议）,"('39.978553', '116.289209')"
bright,(出租)望京130平招鸡公煲刀削面麻辣烫火锅烤肉快餐,临街门面,朝阳-望京广顺北大街,130.0,30400.0,,7.794871794871795,40.00985,116.474545,True,True,True,130㎡,3.04万/月,7.8元/m/天（价格可面议）,"('40.00985', '116.474545')"
bright,(出租)大望路招租街舞舞蹈射箭击剑体适能斯帕达克斯室内网球格斗馆,商业街店铺,朝阳-CBD建国路88号,230.0,,,,39.913059,116.481705,True,False,False,230㎡,租金面议,,"('39.913059', '116.481705')"
bright,(出租)交通大学燃气铺！价可谈！适合：商务宴请，私人茶馆，菜会所,写字楼配套,海淀-交通大学详细地址请咨询,490.0,132300.0,,9.0,39.954173,116.35138,True,True,True,490㎡,13.23万/月,9元/m/天（费用可面议）,"('39.954173', '116.35138')"
bright,(出租)朝阳门大悦城美食城每天三千多人美食城招炒饭盖饭小吃,档口摊位,朝阳-三里屯详细地址请咨询,20.0,6000.0,,10.0,39.944609,116.461708,True,True,True,20㎡,6000元/月,10元/m/天（费用可面议）,"('39.944609', '116.461708')"
bright,(出租)朝阳大悦城招饮品大望路双井西直门五道口中关村档口,临街门面,通州-物资学院路金台路,30.0,5500.0,,6.111111111111111,39.924827,116.486663,True,True,True,30㎡,5500元/月,6.11元/m/天（费用可面议）,"('39.924827', '116.486663')"
bright,(出租)望京可外摆150平单价5元烧烤烤肉火锅西餐,商业街店铺,朝阳-望京阜通东大街,150.0,22100.0,,4.911111111111111,39.992515,116.482455,True,True,True,150㎡,2.21万/月,4.9元/m/天（价格可面议）,"('39.992515', '116.482455')"
bright,(出租)双榆树临街档口！业态不限，十字路口位置，生意火，手慢无！,社区底商,海淀-双榆树详细地址请咨询,18.0,15000.0,,27.77777777777778,39.979051,116.327508,True,True,True,18㎡,1.5万/月,27.78元/m/天（费用可面议）,"('39.979051', '116.327508')"
bright,(出租)直租海淀甘家口车公庄商业立项火锅湘菜海鲜粤菜医疗业态不限,商业街店铺,海淀-甘家口首体南路,600.0,153000.0,8.5,8.5,39.935878,116.332257,True,True,True,600㎡,15.3万/月,8.5元/m/天,"('39.935878', '116.332257')"
bright,(出租)（业主直租）双井富力城7米门头天然气纯一层挨着大型超市,临街门面,朝阳-双井广渠门外大街,160.0,78000.0,16.25,16.25,39.900576,116.463364,True,True,True,160㎡,7.8万/月,16.25元/m/天,"('39.900576', '116.463364')"
bright,(出租)朝阳周边望京SOHO燃气外卖档口招商,档口摊位,朝阳-望京望京街,20.0,9000.0,15.0,15.0,40.006344,116.479727,True,True,True,20㎡,9000元/月,15元/m/天,"('40.006344', '116.479727')"
bright,(出租)物业直租建外80平把角商业可正常办照随时看房,社区底商,朝阳-国贸东三环中路39号,80.0,18000.0,,7.5,39.911335,116.465666,True,True,True,80㎡,1.8万/月,7.5元/m/天（价格可面议）,"('39.911335', '116.465666')"
bright,(出租)望京韩国城临街纯一层500平出租适合火锅烧烤湘菜烤肉等,临街门面,朝阳-望京阜通西大街,530.0,89000.0,,5.59748427672956,40.001844,116.480626,True,True,True,530㎡,8.9万/月,5.6元/m/天（价格可面议）,"('40.001844', '116.480626')"
bright,(出租)慈云寺金台路大悦城外卖档口直租美食城直租有燃气24小时营业,档口摊位,详细地址请咨询,17.0,5500.0,,10.784313725490197,39.91714,116.496162,True,True,True,17㎡,5500元/月,10.78元/m/天（价格可面议）,"('39.91714', '116.496162')"
bright,(出租)朝阳门建国门地铁美食城档口招板面客流2000，租金7000,写字楼配套,东城-磁器口崇文磁器口路,20.0,7500.0,,12.5,39.901434,116.429719,True,True,True,20㎡,7500元/月,12.5元/m/天（价格可面议）,"('39.901434', '116.429719')"
bright,(出租)火爆堂食有纯外卖亚运村小营大屯北苑燃气24营业单量高,档口摊位,安立路,20.0,4000.0,,6.666666666666667,,,False,True,True,20㎡,4000元/月,6.67元/m/天（费用可面议）, 
bright,(出租)金宝街出位置了！300平米直租，超大展示面混合商圈消费力极强,商业街店铺,东城-灯市口王府井大街,300.0,54000.0,,6.0,39.9220917,116.4271279,True,True,True,300㎡,5.4万/月,6元/m/天（价格可面议）,"('39.9220917', '116.4271279')"
bright,(出租)通州万达150平外卖店直租月租1.1w有燃气接手即可营,商业街店铺,通州-通州北苑新华西街58号,160.0,11000.0,,2.2916666666666665,39.9114789,116.6471654,True,True,True,160㎡,1.1万/月,2.29元/m/天（价格可面议）,"('39.9114789', '116.6471654')"
bright,(出租)劲松潘家园眼镜城附近临街一层，100平米直租，办公居民眼镜城,商业街店铺,朝阳-潘家园劲松南路,100.0,24000.0,,8.0,39.884824,116.460729,True,True,True,100㎡,2.4万/月,8元/m/天（价格可面议）,"('39.884824', '116.460729')"
bright,(出租)物业直租国贸40平位置好适合早餐水吧咖啡小吃等,社区底商,朝阳-国贸东三环中路39号,40.0,18000.0,,15.0,39.911335,116.465666,True,True,True,40㎡,1.8万/月,15元/m/天（价格可面议）,"('39.911335', '116.465666')"
bright,(出租)枣营地铁口朝阳公园蓝色港湾平50米门头展厅医美,临街门面,朝阳-朝阳公园麦子店街,1500.0,,,,39.952178,116.4754,True,False,False,1500㎡,租金面议,,"('39.952178', '116.4754')"
bright,(出租)朝阳区酒仙桥将台地铁站美食城外卖档口诚意招租,档口摊位,朝阳-酒仙桥将台-地铁站-北京市朝阳区,15.0,4000.0,,8.88888888888889,39.977235,116.49668,True,True,True,15㎡,4000元/月,8.89元/m/天（价格可面议）,"('39.977235', '116.49668')"
bright,(出租)万柳世纪城大型购物中心临街一层100平直租，人流不断租金不贵,商业街店铺,海淀-万柳远大路1号,100.0,,,,39.9650367,116.2943251,True,False,False,100㎡,租金面议,,"('39.9650367', '116.2943251')"
bright,(出租)大钟寺！门头20米，大学社区店，招湘菜，川菜，火锅，烤鸭店,商业街店铺,海淀-大钟寺详细地址请咨询,710.0,166100.0,,7.7981220657277,39.973668,116.357584,True,True,True,710㎡,16.61万/月,7.8元/m/天（费用可面议）,"('39.973668', '116.357584')"
bright,(出租)海淀区，北三环临街社区底商，图文，适合线上超市，档口等,社区底商,海淀-大钟寺北三环西路,195.0,,,,39.972901,116.355102,True,False,False,195㎡,租金面议,,"('39.972901', '116.355102')"
bright,(出租)个人场地直租西四环岳各庄新开堂食场地档口招租少有大面积,档口摊位,北京市丰台区西四环中路113号,25.0,3000.0,,4.0,39.888735,116.279936,True,True,True,25㎡,3000元/月,4元/m/天（费用可面议）,"('39.888735', '116.279936')"
bright,(出租)价格便宜通州万达内街一层有燃气不限业态阁楼,商业街店铺,通州-通州北苑新华西街58号,49.0,11000.0,,7.482993197278912,39.9114789,116.6471654,True,True,True,49㎡,1.1万/月,7.48元/m/天（价格可面议）,"('39.9114789', '116.6471654')"
bright,(出租)10米门头燃气铺！月流水55万！招铜锅涮，川锅烤肉，顺德菜等,社区底商,海淀-大钟寺详细地址请咨询,260.0,100000.0,,12.820512820512821,39.977575,116.340391,True,True,True,260㎡,10万/月,12.82元/m/天（费用可面议）,"('39.977575', '116.340391')"
bright,(转让)常营丨招音乐餐厅丨烧烤烤肉丨民谣酒馆丨火锅店丨川湘常菜,临街门面,朝阳-常营常营中路146号,314.0,,,,39.932306,116.600188,True,False,False,314㎡,租金面议,转让费：面议,"('39.932306', '116.600188')"
bright,(出租)朝阳门东二环临街商铺1层230平不限业态可餐饮可零售,临街门面,东城-朝阳门朝阳门西路,203.0,21300.0,3.5,3.5,39.9267163,116.4396851,True,True,True,203㎡,2.13万/月,3.5元/m/天,"('39.9267163', '116.4396851')"
bright,(出租)低！价！餐饮商铺出租，把角双展示面，适餐饮，饮品等业态不限,写字楼配套,朝阳-国贸东三环中路39号,60.0,10000.0,5.56,5.56,39.911335,116.465666,True,True,True,60㎡,1万/月,5.56元/m/天,"('39.911335', '116.465666')"
bright,(出租)东三环双井餐饮商铺直租，16米大展示面,商业街店铺,朝阳-国贸东三环中路16号,500.0,,,,39.906069,116.469173,True,False,False,500㎡,租金面议,,"('39.906069', '116.469173')"
bright,(出租)昌平冠庭园纯一层临街商铺可餐饮养生按摩线上超市,社区底商,昌平-龙域行知路,60.0,14000.0,,7.777777777777778,40.082664,116.323687,True,True,True,60㎡,1.4万/月,7.78元/m/天（价格可面议）,"('40.082664', '116.323687')"
bright,(出租)黄村临街门面有燃气招品牌餐饮火锅烤肉炒菜铁锅炖随时看,商业街店铺,黄村西大街-地铁站-北京市大兴区,230.0,29000.0,,4.202898550724638,39.73738,116.339128,True,True,True,230㎡,2.9万/月,4.2元/m/天（价格可面议）,"('39.73738', '116.339128')"
bright,(出租)适合煎饼包子炸鸡小区口沿街店面招租等餐饮业态,商业街店铺,海淀-魏公村详细地址请咨询,15.0,,,,39.956402,116.324342,True,False,False,15㎡,租金面议,,"('39.956402', '116.324342')"
bright,(出租)朝阳社区综合体盒马鲜生纯一层10平商铺招餐饮小吃类,购物百货中心,朝阳-管庄朝阳路,10.0,6000.0,,20.0,39.918392,116.610783,True,True,True,10㎡,6000元/月,20元/m/天（价格可面议）,"('39.918392', '116.610783')"
bright,(出租)万达电梯口旁85平店铺阁楼可餐饮有燃气可美容不限项目,商业街店铺,通州-新华大街新华西街58号,80.0,13000.0,,5.416666666666667,39.9114789,116.6471654,True,True,True,80㎡,1.3万/月,5.42元/m/天（价格可面议）,"('39.9114789', '116.6471654')"
bright,(出租)劲松武圣路沿街店铺！超大面宽适合各种餐饮小吃业态前天客流！,商业街店铺,朝阳-南磨房详细地址请咨询,60.0,,,,39.887445,116.474328,True,False,False,60㎡,租金面议,,"('39.887445', '116.474328')"
bright,(转让)D临街店铺出租养生馆转让餐饮店饭店转让火锅店转让,临街门面,回龙观西大街-道路-北京市昌平区,110.0,22000.0,,6.666666666666667,40.081375,116.327932,True,True,True,110㎡,2.2万/月,转让费：面议（费用可面议）,"('40.081375', '116.327932')"
bright,(出租)朝阳双井首城国50平临街商铺餐饮烟酒超市美容美发等,商业街店铺,朝阳-CBD广渠路36号,50.0,8000.0,5.33,5.33,39.8980702,116.4763069,True,True,True,50㎡,8000元/月,5.33元/m/天,"('39.8980702', '116.4763069')"
bright,(出租)东单协和医院门口沿街门面直租可餐饮早点小笼包快餐执照齐全,商业街店铺,东城-东单详细地址请咨询,100.0,20000.0,,6.666666666666667,39.915686,116.424273,True,True,True,100㎡,2万/月,6.67元/m/天（价格可面议）,"('39.915686', '116.424273')"
bright,(出租)东直门簋街临街复式商铺餐饮带露台无转让费适烧烤火锅酒吧,临街门面,东城-东直门东直门内簋街,200.0,55000.0,,9.166666666666666,39.94709,116.437145,True,True,True,200㎡,5.5万/月,9.17元/m/天（价格可面议）,"('39.94709', '116.437145')"
bright,(出租)物业招租双地铁临街门脸品牌餐饮水吧洗衣店宠物茶叶店,其他,朝阳-东坝晏河湾(7号地块),77.55,,,,39.980125,116.560302,True,False,False,77.55㎡,租金面议,,"('39.980125', '116.560302')"
bright,(转让)Z店铺出租餐饮店铺出租吉野家已入驻有燃气,商业街店铺,麦当劳(六道口店)-北京市海淀区,241.0,57800.0,,7.994467496542185,40.007281,116.366258,True,True,True,241㎡,5.78万/月,无转让费（价格可面议）,"('40.007281', '116.366258')"
bright,(转让)Z餐饮店转让产业园区内客流稳定店铺转让,商业街店铺,详细地址请咨询,160.0,11200.000000000002,,2.333333333333334,39.88151,116.537318,True,True,True,160㎡,1.12万/月,转让费：面议（费用可面议）,"('39.88151', '116.537318')"
bright,(出租)亦庄临街一层100平26万年丨有燃气宽门脸丨餐饮街,商业街店铺,大兴-亦庄亦庄天宝中街,100.0,21700.0,,7.233333333333333,39.799138,116.498642,True,True,True,100㎡,2.17万/月,7.22元/m/天（价格可面议）,"('39.799138', '116.498642')"
bright,(出租)房东直租餐饮300平,临街门面,朝阳-亚运村小营小营路东路,300.0,,,,39.999805,116.431705,True,False,False,300㎡,租金面议,,"('39.999805', '116.431705')"
bright,(转让)朝外SOHO154平餐饮店转让，固定客源+高流量，白领消费高,商业街店铺,朝外SOHO,154.0,18000.0,28.0,28.0,39.925733,116.461265,True,True,True,154㎡,1.8万/月,转让费：28万元,"('39.925733', '116.461265')"
bright,(出租)西城区阜内大街89号临街底商旺铺房东直租,临街门面,阜成门内大街-89,165.0,50000.0,10.1,10.1,39.930064,116.37678,True,True,True,165㎡,5万/月,10.1元/m/天,"('39.930064', '116.37678')"
bright,(转让)德胜门商业街面包连锁蛋糕店转让客流密集位置好,临街门面,TOUSlesJOURS多乐之日(新风里店),101.2,36000.0,35.0,35.0,39.967792,116.381939,True,True,True,101.2㎡,3.6万/月,转让费：35万元,"('39.967792', '116.381939')"
bright,(出租)回龙观龙腾苑二区临街商铺出租420平可租无其他费用,临街门面,龙腾苑-二区,210.0,22000.0,3.49,3.49,40.083172,116.343681,True,True,True,210㎡,2.2万/月,3.49元/m/天,"('40.083172', '116.343681')"
bright,(出租)邻三环900平米适合办公会所餐饮茶楼娱乐,临街门面,苏皖大厦,900.0,94500.0,3.5,3.5,39.852427,116.344356,True,True,True,900㎡,9.45万/月,3.5元/m/天,"('39.852427', '116.344356')"
bright,(出租)安慧北里逸园28号楼临街底商旺铺直租,临街门面,安慧北里逸园南区-28号楼,316.0,105000.0,11.08,11.08,40.005405,116.419745,True,True,True,316㎡,10.5万/月,11.08元/m/天,"('40.005405', '116.419745')"
bright,(出租)黄村恒大未来城两层140㎡出租，成熟社区全业态，近地铁,商业街店铺,恒大未来城,140.0,8999.0,2.14,2.14,39.720345,116.320946,True,True,True,140㎡,8999元/月,2.14元/m/天,"('39.720345', '116.320946')"
bright,(出租)朝阳王四营人民日报印刷厂内1100平米餐厅档口招租,档口摊位,人民日报印刷厂,25.0,5000.0,6.67,6.67,39.866413,116.551483,True,True,True,25㎡,5000元/月,6.67元/m/天,"('39.866413', '116.551483')"
bright,(转让)朝阳北京200平餐厅转让，出租早点,社区底商,铭泽生活广场,200.0,30000.0,15.0,15.0,39.869836,116.48346,True,True,True,200㎡,3万/月,转让费：15万元,"('39.869836', '116.48346')"
bright,(转让)地铁积水潭站附近临街底商旺铺转让,临街门面,小炊谣,110.0,45900.0,15.0,15.0,39.957642,116.378567,True,True,True,110㎡,4.59万/月,转让费：15万元,"('39.957642', '116.378567')"
bright,(出租)北京核心景区南锣鼓巷c位商铺招租,商业街店铺,南锣鼓巷,400.0,200000.0,16.67,16.67,39.943562,116.408878,True,True,True,400㎡,20万/月,16.67元/m/天,"('39.943562', '116.408878')"
bright,(出租)海淀上地科实大厦底商商铺房东直租,写字楼配套,科实大厦,600.0,144000.0,8.0,8.0,40.040731,116.318389,True,True,True,600㎡,14.4万/月,8元/m/天,"('40.040731', '116.318389')"
bright,(出租)朝外大街日坛晶华8号楼底商临街门面房东直租除重餐饮外行业不限,社区底商,日坛晶华-8号楼,173.45,39000.0,7.49,7.49,39.926518,116.450761,True,True,True,173.45㎡,3.9万/月,7.49元/m/天,"('39.926518', '116.450761')"
bright,(出租)海淀五道口农业大学100-300平直租无转让费可餐饮！,临街门面,清华东路15号,105.97,26000.0,8.18,8.18,40.007289,116.366487,True,True,True,105.97㎡,2.6万/月,8.18元/m/天,"('40.007289', '116.366487')"
bright,(出租)石景山古城路步行街核心铺招租！近商场社区，人流量大,商业街店铺,古城南路步行街,140.0,,,,39.916957,116.198351,True,False,False,140㎡,租金面议,（价格可面议）,"('39.916957', '116.198351')"
bright,(转让)石景山八角西街280平精装涮肉店转租，5年租期人流量大,临街门面,八角西街,280.0,58800.0,,7.0,39.920335,116.205284,True,True,True,280㎡,5.88万/月,转让费：面议（转让费可面议）,"('39.920335', '116.205284')"
bright,(出租)奥林匹克公园临街铺面70-300平出租，12元/㎡含物业费,商业街店铺,北京工艺美术博物馆(文创店),80.0,29000.0,12.08,12.08,40.00572,116.400322,True,True,True,80㎡,2.9万/月,12.08元/m/天,"('40.00572', '116.400322')"
bright,(出租)旭景园1万平招租全业态制可仓储，配套手续齐全，整租可分租,临街门面,旭景园·精致生活广场,10000.0,,,,39.945537,116.703494,True,False,False,10000㎡,租金面议,（价格可面议）,"('39.945537', '116.703494')"
bright,(转让)蓝堡公寓饭店整体转600平精装含KTV，近华贸高客流价格可谈,商业街店铺,蓝堡国际公寓-南区,600.0,60000.0,80.0,80.0,39.916652,116.48313,True,True,True,600㎡,6万/月,转让费：80万元,"('39.916652', '116.48313')"
bright,(出租)（0转让费）朝阳欢乐谷附近Ⅰ临街流量社区底商旺铺整体出租,社区底商,PETLADY宠娘宠物生活馆(格林莱雅店),80.0,19000.0,7.92,7.92,39.873411,116.513574,True,True,True,80㎡,1.9万/月,7.92元/m/天,"('39.873411', '116.513574')"
bright,(出租)双井桥地铁D口附近临街社区底商人流量大旺铺出租位置优越,临街门面,优士阁-B座,87.0,22000.0,8.43,8.43,39.898418,116.466159,True,True,True,87㎡,2.2万/月,8.43元/m/天,"('39.898418', '116.466159')"
bright,(转让)朝阳北花园1号院一层店转租，设备全临主路,临街门面,中国传媒大学,130.0,32500.0,18.0,18.0,39.917551,116.563634,True,True,True,130㎡,3.25万/月,转让费：18万元,"('39.917551', '116.563634')"
bright,(出租)亦庄同济南路10㎡临街档口酒店公寓旁，白领多做早餐小吃奶茶佳,临街门面,同济南路,10.0,,,,39.779083,116.546239,True,False,False,10㎡,租金面议,（价格可面议）,"('39.779083', '116.546239')"
bright,(出租)新街口积水潭小西天临街商铺房东直租、周边客流大(除餐饮外),临街门面,新街口外大街29号,40.0,30000.0,25.0,25.0,39.958119,116.377868,True,True,True,40㎡,3万/月,25元/m/天,"('39.958119', '116.377868')"
bright,(出租)房东直租可线上超市台球轰趴足疗简餐中央厨房仓储,社区底商,百子湾东里,420.0,,,,39.905263,116.511316,True,False,False,420㎡,租金面议,（价格可面议）,"('39.905263', '116.511316')"
bright,(出租)丰科万达新出25平小吃水吧位置,购物百货中心,丰台-丰台周边丰科路,30.0,,,,39.830222,116.305551,True,False,False,30㎡,租金面议,,"('39.830222', '116.305551')"
bright,(出租)丰台区六里桥地铁10号线美食城外卖档口诚意招租,档口摊位,丰台-六里桥西三环南路10号,15.0,5000.0,,11.11111111111111,39.885729,116.319256,True,True,True,15㎡,5000元/月,11.11元/m/天（价格可面议）,"('39.885729', '116.319256')"
bright,(出租)新出面积有燃气租金好聊接手即可经营,商业街店铺,古城大街-道路-北京市石景山区,110.0,16700.0,5.05,5.05,39.922605,116.193149,True,True,True,110㎡,1.67万/月,5.05元/m/天,"('39.922605', '116.193149')"
bright,(出租)个人场地招租每日稳定千人客流商场门店全月无休场地,档口摊位,北京市朝阳区建国路93号院-4号楼-1905室,18.0,7000.0,,12.962962962962964,39.914438,116.478108,True,True,True,18㎡,7000元/月,12.96元/m/天（价格可面议）,"('39.914438', '116.478108')"
bright,(出租)西城牛街白纸坊附近，临街一层直租120平米超大展示面可开档口,商业街店铺,西城-牛街牛街,100.0,24000.0,,8.0,39.893335,116.370031,True,True,True,100㎡,2.4万/月,8元/m/天（价格可面议）,"('39.893335', '116.370031')"
bright,(出租)西四地铁站口！直租！人流大，拉面火锅炒菜烤肉等,临街门面,西城-西单详细地址请咨询,80.0,20800.0,8.68,8.68,39.933124,116.37983,True,True,True,80㎡,2.08万/月,8.68元/m/天,"('39.933124', '116.37983')"
bright,(出租)国贸临街底商炒菜面食咖啡早餐水果蛋糕超市酒吧,商业街店铺,朝阳-东大桥东三环中路39号,60.0,13000.0,7.22,7.22,39.911335,116.465666,True,True,True,60㎡,1.3万/月,7.22元/m/天,"('39.911335', '116.465666')"
bright,(出租)望京100平鸡公煲麻辣烫拉面烧烤川湘菜小酒馆等等,临街门面,朝阳-望京望京东园,100.0,19500.0,,6.5,40.004259,116.495647,True,True,True,100㎡,1.95万/月,6.5元/m/天（价格可面议）,"('40.004259', '116.495647')"
bright,(出租)海淀人大西直门临街五道口中关村外卖堂食档口安贞外卖档口,档口摊位,海淀-中关村中关村大街18号,30.0,5000.0,,5.555555555555555,39.989377,116.323711,True,True,True,30㎡,5000元/月,5.56元/m/天（价格可面议）,"('39.989377', '116.323711')"
bright,(出租)簋街胡大附近新出房源，客流大，租金可面议,商业街店铺,东城-东直门东直门内簋街,500.0,100000.0,,6.666666666666667,39.94709,116.437145,True,True,True,500㎡,10万/月,6.67元/m/天（价格可面议）,"('39.94709', '116.437145')"
bright,(出租)地铁站招商！社区口！招拉面火锅烧烤面包房炒菜铁锅炖,商业街店铺,通州-土桥九棵树东路,110.0,16500.0,5.0,5.0,39.877316,116.695582,True,True,True,110㎡,1.65万/月,5元/m/天,"('39.877316', '116.695582')"
bright,(出租)管庄杨闸环岛苏宁易购门口30平6千元一层适合奶茶咖啡,商业街店铺,苏宁易购(北京杨闸店)-北京市朝阳区,30.0,6000.0,6.67,6.67,39.918813,116.605184,True,True,True,30㎡,6000元/月,6.67元/m/天,"('39.918813', '116.605184')"
bright,(出租)朝阳北三环西坝河400平米招租顺德菜烤鱼火锅涮肉美容,商业街店铺,北京国美电器(西坝河店)-北京市朝阳区,400.0,48000.0,4.0,4.0,39.97512,116.447532,True,True,True,400㎡,4.8万/月,4元/m/天,"('39.97512', '116.447532')"
bright,(出租)王府井网红街区30至100平招炸鸡小吃砂锅快餐等,商业街店铺,西城-鼓楼王府井大街138号,30.0,25000.0,,27.77777777777778,39.92,116.418367,True,True,True,30㎡,2.5万/月,27.78元/m/天（价格可面议）,"('39.92', '116.418367')"
bright,(出租)健德门！马甸230平米，有燃气，招品牌正餐，火锅，烤肉，拉面,商业街店铺,西城-德胜门详细地址请咨询,230.0,72500.0,,10.507246376811594,39.973345,116.386605,True,True,True,230㎡,7.25万/月,10.5元/m/天（费用可面议）,"('39.973345', '116.386605')"
bright,(出租)海淀西三旗！招湘菜，川菜，快餐，火锅，江西菜，烤肉等甲方直租,商业街店铺,海淀-西三旗详细地址请咨询,580.0,69600.0,,4.0,40.0638,116.351656,True,True,True,580㎡,6.96万/月,4元/m/天（费用可面议）,"('40.0638', '116.351656')"
bright,(出租)海淀区中关村地铁4号线美食城外卖档口诚意招租,档口摊位,海淀-中关村中关村南三街6号,15.0,6000.0,,13.333333333333334,39.990259,116.334522,True,True,True,15㎡,6000元/月,13.33元/m/天（价格可面议）,"('39.990259', '116.334522')"
bright,(出租)中关村大学学校内出来位置能做咖啡奶茶,购物百货中心,海淀-白石桥详细地址请咨询,30.0,12000.0,,13.333333333333334,39.95935,116.328805,True,True,True,30㎡,1.2万/月,13.33元/m/天（价格可面议）,"('39.95935', '116.328805')"
bright,(出租)外卖档口，低价出租，可覆盖朝阳大悦城，传媒大学，先到先得,档口摊位,朝青汇-北京市朝阳区,15.0,3000.0,6.67,6.67,39.922726,116.533642,True,True,True,15㎡,3000元/月,6.67元/m/天,"('39.922726', '116.533642')"
bright,(出租)东城区磁器口崇文门万单店美食城外卖档口诚意招租,档口摊位,东城-磁器口崇文磁器口路,15.0,6000.0,,13.333333333333334,39.901434,116.429719,True,True,True,15㎡,6000元/月,13.33元/m/天（价格可面议）,"('39.901434', '116.429719')"
bright,(出租)东城区二环广渠门美食城外卖档口诚意招租,档口摊位,东城-光明楼光明中街,15.0,4500.0,,10.0,39.891958,116.444292,True,True,True,15㎡,4500元/月,10元/m/天（价格可面议）,"('39.891958', '116.444292')"
bright,(转让)W转朝阳太阳宫临街200平烧烤店（可招合作）,临街门面,朝阳-太阳宫太阳宫南街,200.0,66000.0,38.0,38.0,39.975583,116.446566,True,True,True,200㎡,6.6万/月,转让费：38万元,"('39.975583', '116.446566')"
bright,(出租)物业直租顺义天竺1000平11米层高无柱可分体育展厅,商业街店铺,3A冰球小镇-北京市顺义区,1000.0,90000.0,3.0,3.0,40.070967,116.577881,True,True,True,1000㎡,9万/月,3元/m/天,"('40.070967', '116.577881')"
bright,(出租)个人场地招租上地西二旗马连洼北路堂食和纯外卖两种均有,档口摊位,北京市海淀区东北旺南路28号院-b座,16.0,4000.0,,8.333333333333334,40.047376,116.304371,True,True,True,16㎡,4000元/月,8.33元/m/天（费用可面议）,"('40.047376', '116.304371')"
bright,(出租)商业独栋，面积405平米不限业态，价格好聊,商业街店铺,详细地址请咨询,405.0,36500.0,,3.0041152263374484,39.332335,115.880569,True,True,True,405㎡,3.65万/月,3元/m/天（价格可面议）,"('39.332335', '115.880569')"
bright,(出租)建外SOHO底商国贸商圈带燃气流量大适合各类小吃快餐,商业街店铺,朝阳-国贸东三环中路39号,70.0,12000.0,,5.714285714285714,39.911335,116.465666,True,True,True,70㎡,1.2万/月,5.71元/m/天（价格可面议）,"('39.911335', '116.465666')"
bright,(出租)朝阳东北四环东坝地铁2300平租金1.5可以公寓70间左右,商业街店铺,朝阳-亚运村小营关庄路,2300.0,103500.0,,1.5,40.007138,116.437615,True,True,True,2300㎡,10.35万/月,1.5元/m/天（费用可面议）,"('40.007138', '116.437615')"
bright,(出租)五道口仅一铺！适合：米粉米线螺蛳粉，猪脚饭，煲仔饭，蹄花饭等,商业街店铺,海淀-五道口详细地址请咨询,177.0,58300.0,,10.979284369114877,39.997822,116.33532,True,True,True,177㎡,5.83万/月,10.99元/m/天（费用可面议）,"('39.997822', '116.33532')"
bright,(出租)直租中关村招中餐中医诊所美容院口腔医院培训班等,临街门面,海淀-苏州街详细地址请咨询,1670.0,225500.0,,4.500998003992016,39.983815,116.312725,True,True,True,1670㎡,22.55万/月,4.5元/m/天（价格可面议）,"('39.983815', '116.312725')"
bright,(出租)金台路国贸慈云寺美食城外卖档口有燃气24小时营业,档口摊位,详细地址请咨询,16.0,5000.0,,10.416666666666666,39.929523,116.48831,True,True,True,16㎡,5000元/月,10.42元/m/天（价格可面议）,"('39.929523', '116.48831')"
bright,(出租)欢乐谷商铺出租无转让费12米展示面6元可餐饮,临街门面,朝阳-欢乐谷垡头路,216.0,38900.0,,6.003086419753086,39.867292,116.508359,True,True,True,216㎡,3.89万/月,6元/m/天（费用可面议）,"('39.867292', '116.508359')"
bright,(出租)三里屯工体临街商铺出租医疗美容装修可餐饮业态不限,临街门面,朝阳-三里屯新东路10号,578.0,,,,39.943772,116.457628,True,False,False,578㎡,租金面议,,"('39.943772', '116.457628')"
bright,(出租)十里河周庄嘉园餐饮商铺出租，水电然气齐全能外摆。,临街门面,朝阳-松榆里西大望南路,270.0,52000.0,6.42,6.42,39.869288,116.483899,True,True,True,270㎡,5.2万/月,6.42元/m/天,"('39.869288', '116.483899')"
bright,(出租)北医三院斜对面200平餐饮业态,社区底商,海淀-牡丹园详细地址请咨询,200.0,66000.0,,11.0,,,False,True,True,200㎡,6.6万/月,11元/m/天（费用可面议）, 
bright,(出租)海淀黄庄地铁口附近临街纯一层招租餐饮,商业街店铺,海淀-苏州桥海淀南路30号,150.0,38300.0,,8.511111111111111,39.981004,116.311302,True,True,True,150㎡,3.83万/月,8.5元/m/天（价格可面议）,"('39.981004', '116.311302')"
bright,(出租)海淀黄庄地铁口临街一层招租餐饮,商业街店铺,海淀-中关村中关村大街,150.0,38300.0,,8.511111111111111,39.982867,116.321675,True,True,True,150㎡,3.83万/月,8.5元/m/天（价格可面议）,"('39.982867', '116.321675')"
bright,(出租)临街餐饮底商可明火30平13000月随时可看,临街门面,朝阳-百子湾广渠东路33号,30.0,13000.0,,14.444444444444445,39.903576,116.511555,True,True,True,30㎡,1.3万/月,14.44元/m/天（价格可面议）,"('39.903576', '116.511555')"
bright,(出租)物业直租丨餐饮一条街丨招沙县小吃杭州小笼包黄焖鸡特色餐饮,临街门面,朝阳-东坝东坝南二街,120.0,14400.0,,4.0,39.965964,116.574402,True,True,True,120㎡,1.44万/月,4元/m/天（价格可面议）,"('39.965964', '116.574402')"
bright,(出租)朝阳周边望京SOHO餐饮底商招商,写字楼配套,朝阳-望京望京街10号,123.0,16000.0,4.34,4.34,40.002437,116.487916,True,True,True,123㎡,1.6万/月,4.34元/m/天,"('40.002437', '116.487916')"
bright,(转让)B238273廊坊餐饮转让，适合火锅烧烤,临街门面,建设北路-道路-廊坊市广阳区,180.0,5800.0,,1.0740740740740742,39.545336,116.718943,True,True,True,180㎡,5800元/月,无转让费,"('39.545336', '116.718943')"
bright,(出租)知春路临街底商出租餐饮全业态,商业街店铺,海淀-中关村苏州街,130.0,39000.0,10.0,10.0,39.985565,116.308855,True,True,True,130㎡,3.9万/月,10元/m/天,"('39.985565', '116.308855')"
bright,(出租)直租西城区德胜门外临主街有餐饮适合超市餐饮宠物医院,商业街店铺,西城-德胜门德胜门外大街,180.0,43200.0,,8.0,39.963742,116.386015,True,True,True,180㎡,4.32万/月,8元/m/天（价格可面议）,"('39.963742', '116.386015')"
bright,(出租)双榆树临街370平招餐饮烤肉火锅日料西餐涮肉川湘菜等,临街门面,海淀-双榆树中关村南大街,370.0,44400.00000000001,4.0,4.0,39.977968,116.328784,True,True,True,370㎡,4.44万/月,4元/m/天,"('39.977968', '116.328784')"
bright,(出租)清河临街餐饮带燃气招大型中餐,商业街店铺,中关村-地铁站-北京市海淀区,200.0,29900.000000000004,4.98,4.98,39.989956,116.323066,True,True,True,200㎡,2.99万/月,4.98元/m/天,"('39.989956', '116.323066')"
bright,(出租)房东直租商圈好餐饮少适合快餐刀削面拉面租金便宜人流大,社区底商,海淀-甘家口裕民东路,120.0,25000.0,,6.944444444444445,39.976341,116.397628,True,True,True,120㎡,2.5万/月,6.94元/m/天（价格可面议）,"('39.976341', '116.397628')"
bright,"(出租)朝阳酒仙桥临街一层,面积120平,租金45万年,适合餐饮",商业街店铺,朝阳-酒仙桥酒仙桥路,120.0,37500.0,,10.416666666666666,39.980317,116.496185,True,True,True,120㎡,3.75万/月,10.42元/m/天（费用可面议）,"('39.980317', '116.496185')"
bright,(出租)业主直租右安门医院临街一层周边办公居民综合商圈可餐饮业态不限,临街门面,丰台-右安门右安门外大街97号,120.0,36000.0,,10.0,39.86701,116.369854,True,True,True,120㎡,3.6万/月,10元/m/天（价格可面议）,"('39.86701', '116.369854')"
bright,(出租)悠唐购物中心临街纯一层105平米旺铺招租展厅和餐饮,临街门面,朝阳-工体朝外市场街,105.0,,,,39.926897,116.447459,True,False,False,105㎡,租金面议,,"('39.926897', '116.447459')"
bright,(转让)朝外SOHO154平餐饮店转让，固定客源+高流量，白领消费高,商业街店铺,朝外SOHO,154.0,18000.0,28.0,28.0,39.925733,116.461265,True,True,True,154㎡,1.8万/月,转让费：28万元,"('39.925733', '116.461265')"
bright,(出租)西城区阜内大街89号临街底商旺铺房东直租,临街门面,阜成门内大街-89,165.0,50000.0,10.1,10.1,39.930064,116.37678,True,True,True,165㎡,5万/月,10.1元/m/天,"('39.930064', '116.37678')"
bright,(转让)德胜门商业街面包连锁蛋糕店转让客流密集位置好,临街门面,TOUSlesJOURS多乐之日(新风里店),101.2,36000.0,35.0,35.0,39.967792,116.381939,True,True,True,101.2㎡,3.6万/月,转让费：35万元,"('39.967792', '116.381939')"
bright,(出租)回龙观龙腾苑二区临街商铺出租420平可租无其他费用,临街门面,龙腾苑-二区,210.0,22000.0,3.49,3.49,40.083172,116.343681,True,True,True,210㎡,2.2万/月,3.49元/m/天,"('40.083172', '116.343681')"
bright,(出租)邻三环900平米适合办公会所餐饮茶楼娱乐,临街门面,苏皖大厦,900.0,94500.0,3.5,3.5,39.852427,116.344356,True,True,True,900㎡,9.45万/月,3.5元/m/天,"('39.852427', '116.344356')"
bright,(出租)安慧北里逸园28号楼临街底商旺铺直租,临街门面,安慧北里逸园南区-28号楼,316.0,105000.0,11.08,11.08,40.005405,116.419745,True,True,True,316㎡,10.5万/月,11.08元/m/天,"('40.005405', '116.419745')"
bright,(出租)黄村恒大未来城两层140㎡出租，成熟社区全业态，近地铁,商业街店铺,恒大未来城,140.0,8999.0,2.14,2.14,39.720345,116.320946,True,True,True,140㎡,8999元/月,2.14元/m/天,"('39.720345', '116.320946')"
bright,(出租)朝阳王四营人民日报印刷厂内1100平米餐厅档口招租,档口摊位,人民日报印刷厂,25.0,5000.0,6.67,6.67,39.866413,116.551483,True,True,True,25㎡,5000元/月,6.67元/m/天,"('39.866413', '116.551483')"
bright,(转让)朝阳北京200平餐厅转让，出租早点,社区底商,铭泽生活广场,200.0,30000.0,15.0,15.0,39.869836,116.48346,True,True,True,200㎡,3万/月,转让费：15万元,"('39.869836', '116.48346')"
bright,(转让)地铁积水潭站附近临街底商旺铺转让,临街门面,小炊谣,110.0,45900.0,15.0,15.0,39.957642,116.378567,True,True,True,110㎡,4.59万/月,转让费：15万元,"('39.957642', '116.378567')"
bright,(出租)北京核心景区南锣鼓巷c位商铺招租,商业街店铺,南锣鼓巷,400.0,200000.0,16.67,16.67,39.943562,116.408878,True,True,True,400㎡,20万/月,16.67元/m/天,"('39.943562', '116.408878')"
bright,(出租)海淀上地科实大厦底商商铺房东直租,写字楼配套,科实大厦,600.0,144000.0,8.0,8.0,40.040731,116.318389,True,True,True,600㎡,14.4万/月,8元/m/天,"('40.040731', '116.318389')"
bright,(出租)朝外大街日坛晶华8号楼底商临街门面房东直租除重餐饮外行业不限,社区底商,日坛晶华-8号楼,173.45,39000.0,7.49,7.49,39.926518,116.450761,True,True,True,173.45㎡,3.9万/月,7.49元/m/天,"('39.926518', '116.450761')"
bright,(出租)海淀五道口农业大学100-300平直租无转让费可餐饮！,临街门面,清华东路15号,105.97,26000.0,8.18,8.18,40.007289,116.366487,True,True,True,105.97㎡,2.6万/月,8.18元/m/天,"('40.007289', '116.366487')"
bright,(出租)石景山古城路步行街核心铺招租！近商场社区，人流量大,商业街店铺,古城南路步行街,140.0,,,,39.916957,116.198351,True,False,False,140㎡,租金面议,（价格可面议）,"('39.916957', '116.198351')"
bright,(转让)石景山八角西街280平精装涮肉店转租，5年租期人流量大,临街门面,八角西街,280.0,58800.0,,7.0,39.920335,116.205284,True,True,True,280㎡,5.88万/月,转让费：面议（转让费可面议）,"('39.920335', '116.205284')"
bright,(出租)奥林匹克公园临街铺面70-300平出租，12元/㎡含物业费,商业街店铺,北京工艺美术博物馆(文创店),80.0,29000.0,12.08,12.08,40.00572,116.400322,True,True,True,80㎡,2.9万/月,12.08元/m/天,"('40.00572', '116.400322')"
bright,(出租)旭景园1万平招租全业态制可仓储，配套手续齐全，整租可分租,临街门面,旭景园·精致生活广场,10000.0,,,,39.945537,116.703494,True,False,False,10000㎡,租金面议,（价格可面议）,"('39.945537', '116.703494')"
bright,(转让)蓝堡公寓饭店整体转600平精装含KTV，近华贸高客流价格可谈,商业街店铺,蓝堡国际公寓-南区,600.0,60000.0,80.0,80.0,39.916652,116.48313,True,True,True,600㎡,6万/月,转让费：80万元,"('39.916652', '116.48313')"
bright,(出租)（0转让费）朝阳欢乐谷附近Ⅰ临街流量社区底商旺铺整体出租,社区底商,PETLADY宠娘宠物生活馆(格林莱雅店),80.0,19000.0,7.92,7.92,39.873411,116.513574,True,True,True,80㎡,1.9万/月,7.92元/m/天,"('39.873411', '116.513574')"
bright,(出租)双井桥地铁D口附近临街社区底商人流量大旺铺出租位置优越,临街门面,优士阁-B座,87.0,22000.0,8.43,8.43,39.898418,116.466159,True,True,True,87㎡,2.2万/月,8.43元/m/天,"('39.898418', '116.466159')"
bright,(转让)朝阳北花园1号院一层店转租，设备全临主路,临街门面,中国传媒大学,130.0,32500.0,18.0,18.0,39.917551,116.563634,True,True,True,130㎡,3.25万/月,转让费：18万元,"('39.917551', '116.563634')"
bright,(出租)亦庄同济南路10㎡临街档口酒店公寓旁，白领多做早餐小吃奶茶佳,临街门面,同济南路,10.0,,,,39.779083,116.546239,True,False,False,10㎡,租金面议,（价格可面议）,"('39.779083', '116.546239')"
bright,(出租)新街口积水潭小西天临街商铺房东直租、周边客流大(除餐饮外),临街门面,新街口外大街29号,40.0,30000.0,25.0,25.0,39.958119,116.377868,True,True,True,40㎡,3万/月,25元/m/天,"('39.958119', '116.377868')"
bright,(出租)房东直租可线上超市台球轰趴足疗简餐中央厨房仓储,社区底商,百子湾东里,420.0,,,,39.905263,116.511316,True,False,False,420㎡,租金面议,（价格可面议）,"('39.905263', '116.511316')"
bright,(出租)金台路国贸慈云寺美食城外卖档口有燃气24小时营业,档口摊位,详细地址请咨询,16.0,5000.0,,10.416666666666666,39.929523,116.48831,True,True,True,16㎡,5000元/月,10.42元/m/天（价格可面议）,"('39.929523', '116.48831')"
bright,(出租)魏公村大学门口燃气铺！适合：生烫牛肉米线，蹄花饭，螺蛳粉等！,商业街店铺,海淀-魏公村详细地址请咨询,180.0,66700.0,,12.351851851851851,39.962194,116.323763,True,True,True,180㎡,6.67万/月,12.35元/m/天（费用可面议）,"('39.962194', '116.323763')"
bright,(出租)黄寺大街附近地下一层！适合美食城，线上超市，培训，台球棋牌！,写字楼配套,西城-德胜门详细地址请咨询,734.0,198200.0,,9.000908265213443,39.969085,116.389271,True,True,True,734㎡,19.82万/月,9元/m/天（费用可面议）,"('39.969085', '116.389271')"
bright,(出租)酒仙桥大型园区3000人食堂内招快餐麻辣烫水饺米线类租金不贵,写字楼配套,朝阳-酒仙桥酒仙桥路,30.0,16000.0,,17.77777777777778,39.974149,116.493338,True,True,True,30㎡,1.6万/月,17.78元/m/天（价格可面议）,"('39.974149', '116.493338')"
bright,(出租)八米面宽，纯一层，成熟社区底商，户型方正，展示面大，装修,商业街店铺,门头沟-永定详细地址请咨询,56.0,13000.0,,7.738095238095238,39.908455,116.113195,True,True,True,56㎡,1.3万/月,7.74元/m/天（价格可面议）,"('39.908455', '116.113195')"
bright,(出租)三里屯东直门朝阳门传媒大学燃气24小时独立证照档口出租,档口摊位,详细地址请咨询,20.0,4000.0,,6.666666666666667,,,False,True,True,20㎡,4000元/月,6.67元/m/天（价格可面议）, 
bright,(出租)五道口4层燃气铺带装修！招：江西菜，火锅，湖北菜，自助餐等！,社区底商,朝阳-安贞详细地址请咨询,271.0,40700.0,,5.006150061500615,39.968575,116.41096,True,True,True,271㎡,4.07万/月,5元/m/天（费用可面议）,"('39.968575', '116.41096')"
bright,(出租)直租万达广场150平米月租1.2万有燃气项目不限随时可看,商业街店铺,通州-通州北苑新华西街58号,150.0,12000.0,,2.6666666666666665,39.9114789,116.6471654,True,True,True,150㎡,1.2万/月,2.67元/m/天（价格可面议）,"('39.9114789', '116.6471654')"
bright,(出租)传媒大学北门甜品奶茶咖啡食品美容自行车饮品便利店,社区底商,朝阳-定福庄定福庄北街,75.0,12400.0,,5.511111111111111,39.922541,116.560349,True,True,True,75㎡,1.24万/月,5.5元/m/天（费用可面议）,"('39.922541', '116.560349')"
bright,(出租)知春路一层60平米直租，业态不限招奶茶咖啡汉堡面馆串串香拌饭,商业街店铺,海淀-知春路知春路56号,60.0,,,,39.980807,116.343183,True,False,False,60㎡,租金面议,,"('39.980807', '116.343183')"
bright,(出租)海淀区苏州街一层70平米出租燃气可接适合米线鸡公煲拌饭包子,商业街店铺,海淀-中关村苏州街,70.0,,,,39.985565,116.308855,True,False,False,70㎡,租金面议,,"('39.985565', '116.308855')"
bright,(出租)舞蹈教室到期直租舞蹈健身瑜伽轰趴娱乐等各类工作室,商业街店铺,朝阳-东大桥东大桥路8号,150.0,15000.0,,3.3333333333333335,39.9242471,116.4592123,True,True,True,150㎡,1.5万/月,3.33元/m/天（费用可面议）,"('39.9242471', '116.4592123')"
bright,(出租)个人纯外卖招租传媒大学商圈档口套内面积16平米24小时,档口摊位,朝青汇-北京市朝阳区,16.0,3000.0,,6.25,39.922726,116.533642,True,True,True,16㎡,3000元/月,6.25元/m/天（费用可面议）,"('39.922726', '116.533642')"
bright,(出租)新上！五道口宇宙中心房东直租咖啡糕点面积可分割.有燃气,临街门面,海淀-五道口详细地址请咨询,100.0,28000.0,9.33,9.33,39.998956,116.345192,True,True,True,100㎡,2.8万/月,9.33元/m/天,"('39.998956', '116.345192')"
bright,(出租)苏州街！招包子，米线，麻辣烫，牛杂煲，烧麦，汉堡，等快餐品牌,商业街店铺,海淀-苏州街详细地址请咨询,75.0,40000.0,,17.77777777777778,39.982783,116.312411,True,True,True,75㎡,4万/月,17.78元/m/天（费用可面议）,"('39.982783', '116.312411')"
bright,(出租)望京悠乐汇六佰本美食城外卖档口有燃气可外摆堂食适合早点盖饭面,档口摊位,详细地址请咨询,15.0,4500.0,,10.0,39.994721,116.483947,True,True,True,15㎡,4500元/月,10元/m/天（价格可面议）,"('39.994721', '116.483947')"
bright,(出租)适合轰趴馆丨酒吧丨丨文玩丨茶楼丨健身丨台球丨均可,临街门面,朝阳-定福庄民族家园中路,338.0,,,,39.933958,116.589598,True,False,False,338㎡,租金面议,,"('39.933958', '116.589598')"
bright,(出租)个人临街一层档口纯外卖招租每日客单高达400苏州街,商业街店铺,北京市海淀区海淀南路12号,18.0,,,,39.981214,116.31019,True,False,False,18㎡,租金面议,,"('39.981214', '116.31019')"
bright,(出租)科技大學附近100平米直租，14米落地窗租金不贵办公居民大學,商业街店铺,海淀-五道口牡丹园中街,100.0,30000.0,,10.0,39.985115,116.379256,True,True,True,100㎡,3万/月,10元/m/天（价格可面议）,"('39.985115', '116.379256')"
bright,(出租)地鉄口万人客流！日翻6台！招：品牌快餐小吃，日料异国菜等！！,社区底商,海淀-苏州街详细地址请咨询,195.0,66700.0,,11.401709401709402,39.983815,116.312725,True,True,True,195㎡,6.67万/月,11.4元/m/天（费用可面议）,"('39.983815', '116.312725')"
bright,(出租)租金低，通州万达好位置一楼内街带阁楼有燃气业态不限,商业街店铺,通州-通州北苑新华西街58号,50.0,10000.0,,6.666666666666667,39.9114789,116.6471654,True,True,True,50㎡,1万/月,6.67元/m/天（价格可面议）,"('39.9114789', '116.6471654')"
bright,(出租)大學门口，大体量办公居民混合商圈200平直租，全天人流不断,临街门面,朝阳-潘家园北工大路,200.0,31200.0,,5.2,39.886493,116.488054,True,True,True,200㎡,3.12万/月,5.2元/m/天（价格可面议）,"('39.886493', '116.488054')"
bright,(出租)个人纯外卖场地望京热门商圈底价诚信招租另有大面积单租,档口摊位,北京市朝阳区阜安西路辅路,16.0,5000.0,,10.416666666666666,40.002736,116.484557,True,True,True,16㎡,5000元/月,10.42元/m/天（费用可面议）,"('40.002736', '116.484557')"
bright,(出租)学院路六道口适合火锅铁锅炖烤肉健身等一切业态,商业街店铺,海淀-学院路学清路六道口甲39号,830.0,124500.0,,5.0,40.011807,116.357163,True,True,True,830㎡,12.45万/月,5元/m/天（费用可面议）,"('40.011807', '116.357163')"
bright,(出租)适合老年舞厅丨儿童游乐园丨周边社区密集丨离地铁近丨无业态冲突,临街门面,通州-物资学院路常营中路146号,1039.0,93500.0,,2.9996791786974657,39.932306,116.600188,True,True,True,1039㎡,9.35万/月,3元/m/天（价格可面议）,"('39.932306', '116.600188')"
bright,(转让)G平谷峪口镇日租金0.68元临街餐馆低价转让,临街门面,平谷-平谷周边巴乡石锅鱼(峪口店)-北京市平谷区,800.0,16800.0,,0.7,40.194783,117.022188,True,True,True,800㎡,1.68万/月,转让费：面议（转让费可面议）,"('40.194783', '117.022188')"
bright,(出租)通州万象汇购物中心主通道30平招租适合水吧咖啡各种网红小吃,购物百货中心,通州-潞城通济路,30.0,,,,39.910064,116.740987,True,False,False,30㎡,租金面议,,"('39.910064', '116.740987')"
bright,(出租)朝阳区国贸万单店商圈全新美食城外卖档口招租,档口摊位,朝阳-国贸建国门外大街甲5号,15.0,4000.0,,8.88888888888889,39.914732,116.45748,True,True,True,15㎡,4000元/月,8.89元/m/天（价格可面议）,"('39.914732', '116.45748')"
bright,(出租)传媒大学旁朝阳大悦城火爆堂食美食城档口人流量大京东外卖,档口摊位,详细地址请咨询,16.0,5000.0,,10.416666666666666,39.923795,116.535861,True,True,True,16㎡,5000元/月,10.42元/m/天（价格可面议）,"('39.923795', '116.535861')"
bright,(出租)亮马桥三元桥酒仙桥外卖档口直租美食城直租资质齐全有燃气单量好,档口摊位,燕莎友谊商城(亮马桥店),17.0,5500.0,,10.784313725490197,39.801591,116.519289,True,True,True,17㎡,5500元/月,10.78元/m/天（价格可面议）,"('39.801591', '116.519289')"
bright,(出租)百子湾沿主街商铺展示面大有燃气人流大餐饮铺子免租期可聊,临街门面,朝阳-百子湾广渠东路33号,200.0,33000.0,5.5,5.5,39.903576,116.511555,True,True,True,200㎡,3.3万/月,5.5元/m/天,"('39.903576', '116.511555')"
bright,(出租)朝阳区一层临街商铺地铁站100米传媒大学两公里可餐饮,社区底商,朝阳-定福庄详细地址请咨询,111.79,13400.0,,3.9955869636520855,39.917299,116.567632,True,True,True,111.79㎡,1.34万/月,4元/m/天（价格可面议）,"('39.917299', '116.567632')"
bright,(出租)东区餐饮商铺有燃气小商铺适合各种业态国贸建外,社区底商,朝阳-国贸东三环中路39号,70.0,10000.0,,4.761904761904762,39.911335,116.465666,True,True,True,70㎡,1万/月,4.76元/m/天（价格可面议）,"('39.911335', '116.465666')"
bright,(出租)劲松地铁口招餐饮面馆全业态,商业街店铺,劲松-地铁站-北京市朝阳区,200.0,60000.0,10.0,10.0,39.890027,116.46801,True,True,True,200㎡,6万/月,10元/m/天,"('39.890027', '116.46801')"
bright,(出租)有餐饮方庄临街一层400平可餐饮明火可外摆大排挡,临街门面,丰台-方庄芳星路,400.0,81600.0,6.8,6.8,39.868914,116.440691,True,True,True,400㎡,8.16万/月,6.8元/m/天,"('39.868914', '116.440691')"
bright,(出租)马甸房东直租，一手房东，主招非餐饮,社区底商,海淀-马甸马甸西路,70.0,20000.0,,9.523809523809524,39.976912,116.380306,True,True,True,70㎡,2万/月,9.52元/m/天（价格可面议）,"('39.976912', '116.380306')"
bright,(出租)海淀区中关村国家图书馆地铁口临街旺铺可餐饮适合各类小吃,临街门面,海淀-魏公村详细地址请咨询,15.0,15000.0,,33.333333333333336,39.959139,116.330328,True,True,True,15㎡,1.5万/月,33.33元/m/天（价格可面议）,"('39.959139', '116.330328')"
bright,(出租)运河商务区核心区多套好位置餐饮旺铺急转,写字楼配套,通州-北关新华北路,123.0,12900.0,,3.4959349593495936,39.921916,116.665262,True,True,True,123㎡,1.29万/月,3.5元/m/天（价格可面议）,"('39.921916', '116.665262')"
bright,(出租)纯商业楼上无居民，可以做餐饮，蛋糕，快餐，主食，面馆等,临街门面,昌平-霍营龙锦三街,100.0,10800.0,3.61,3.61,40.090243,116.375206,True,True,True,100㎡,1.08万/月,3.61元/m/天,"('40.090243', '116.375206')"
bright,(出租)朝阳公园石佛营朝阳站姚家园招餐饮纪念品水吧饮品面馆特产店,社区底商,朝阳-石佛营姚家园路,92.0,,,,39.940429,116.510761,True,False,False,92㎡,租金面议,,"('39.940429', '116.510761')"
bright,(出租)顺义永辉胖东来超市一层招餐饮客流大租金好谈,商业街店铺,石门-地铁站-北京市顺义区,249.0,56000.0,,7.49665327978581,40.136244,116.647789,True,True,True,249㎡,5.6万/月,7.5元/m/天（价格可面议）,"('40.136244', '116.647789')"
bright,(出租)良乡医院750平纯商业可教培餐饮直租,商业街店铺,房山-良乡翠柳大街,750.0,,,,39.725453,116.127632,True,False,False,750㎡,租金面议,,"('39.725453', '116.127632')"
bright,(出租)独栋800平，办公，宾馆，公寓，餐饮，会所，养生，棋牌,临街门面,大兴-旧宫旧宫西路,800.0,45599.99999999999,1.9,1.9,39.809091,116.439817,True,True,True,800㎡,4.56万/月,1.9元/m/天,"('39.809091', '116.439817')"
bright,(出租)临主街餐饮铺子有燃气烟道人流大餐饮铺子,临街门面,朝阳-百子湾广渠东路33号,215.0,33000.0,,5.116279069767442,39.903576,116.511555,True,True,True,215㎡,3.3万/月,5.12元/m/天（价格可面议）,"('39.903576', '116.511555')"
bright,(出租)三里屯工体纯一层可外摆办公居民演唱会人群适合各类餐饮,临街门面,东城-朝阳门吉市口八条,350.0,85100.0,8.1,8.1,39.934533,116.448537,True,True,True,350㎡,8.51万/月,8.1元/m/天,"('39.934533', '116.448537')"
bright,(出租)260平米露台丨适合酒吧丨餐饮丨咖啡厅丨火锅烧烤丨地铁附近,社区底商,朝阳-定福庄朝阳路,595.0,,,,39.921846,116.562343,True,False,False,595㎡,租金面议,,"('39.921846', '116.562343')"
bright,(出租)直租1万月通州次渠首开广场60.83平，价格低能餐饮,社区底商,通州-次渠详细地址请咨询,60.83,10000.0,,5.479752315195354,39.824159,116.595113,True,True,True,60.83㎡,1万/月,5.48元/m/天（价格可面议）,"('39.824159', '116.595113')"
bright,(出租)朝阳大悦城一层200平餐饮6元适合餐饮酒吧咖啡,临街门面,朝阳-朝青板块朝阳北路101号,200.0,36000.0,6.0,6.0,39.930834,116.524829,True,True,True,200㎡,3.6万/月,6元/m/天,"('39.930834', '116.524829')"
bright,(转让)朝外SOHO154平餐饮店转让，固定客源+高流量，白领消费高,商业街店铺,朝外SOHO,154.0,18000.0,28.0,28.0,39.925733,116.461265,True,True,True,154㎡,1.8万/月,转让费：28万元,"('39.925733', '116.461265')"
bright,(出租)西城区阜内大街89号临街底商旺铺房东直租,临街门面,阜成门内大街-89,165.0,50000.0,10.1,10.1,39.930064,116.37678,True,True,True,165㎡,5万/月,10.1元/m/天,"('39.930064', '116.37678')"
bright,(转让)德胜门商业街面包连锁蛋糕店转让客流密集位置好,临街门面,TOUSlesJOURS多乐之日(新风里店),101.2,36000.0,35.0,35.0,39.967792,116.381939,True,True,True,101.2㎡,3.6万/月,转让费：35万元,"('39.967792', '116.381939')"
bright,(出租)回龙观龙腾苑二区临街商铺出租420平可租无其他费用,临街门面,龙腾苑-二区,210.0,22000.0,3.49,3.49,40.083172,116.343681,True,True,True,210㎡,2.2万/月,3.49元/m/天,"('40.083172', '116.343681')"
bright,(出租)邻三环900平米适合办公会所餐饮茶楼娱乐,临街门面,苏皖大厦,900.0,94500.0,3.5,3.5,39.852427,116.344356,True,True,True,900㎡,9.45万/月,3.5元/m/天,"('39.852427', '116.344356')"
bright,(出租)安慧北里逸园28号楼临街底商旺铺直租,临街门面,安慧北里逸园南区-28号楼,316.0,105000.0,11.08,11.08,40.005405,116.419745,True,True,True,316㎡,10.5万/月,11.08元/m/天,"('40.005405', '116.419745')"
bright,(出租)黄村恒大未来城两层140㎡出租，成熟社区全业态，近地铁,商业街店铺,恒大未来城,140.0,8999.0,2.14,2.14,39.720345,116.320946,True,True,True,140㎡,8999元/月,2.14元/m/天,"('39.720345', '116.320946')"
bright,(出租)朝阳王四营人民日报印刷厂内1100平米餐厅档口招租,档口摊位,人民日报印刷厂,25.0,5000.0,6.67,6.67,39.866413,116.551483,True,True,True,25㎡,5000元/月,6.67元/m/天,"('39.866413', '116.551483')"
bright,(转让)朝阳北京200平餐厅转让，出租早点,社区底商,铭泽生活广场,200.0,30000.0,15.0,15.0,39.869836,116.48346,True,True,True,200㎡,3万/月,转让费：15万元,"('39.869836', '116.48346')"
bright,(转让)地铁积水潭站附近临街底商旺铺转让,临街门面,小炊谣,110.0,45900.0,15.0,15.0,39.957642,116.378567,True,True,True,110㎡,4.59万/月,转让费：15万元,"('39.957642', '116.378567')"
bright,(出租)北京核心景区南锣鼓巷c位商铺招租,商业街店铺,南锣鼓巷,400.0,200000.0,16.67,16.67,39.943562,116.408878,True,True,True,400㎡,20万/月,16.67元/m/天,"('39.943562', '116.408878')"
bright,(出租)海淀上地科实大厦底商商铺房东直租,写字楼配套,科实大厦,600.0,144000.0,8.0,8.0,40.040731,116.318389,True,True,True,600㎡,14.4万/月,8元/m/天,"('40.040731', '116.318389')"
bright,(出租)朝外大街日坛晶华8号楼底商临街门面房东直租除重餐饮外行业不限,社区底商,日坛晶华-8号楼,173.45,39000.0,7.49,7.49,39.926518,116.450761,True,True,True,173.45㎡,3.9万/月,7.49元/m/天,"('39.926518', '116.450761')"
bright,(出租)海淀五道口农业大学100-300平直租无转让费可餐饮！,临街门面,清华东路15号,105.97,26000.0,8.18,8.18,40.007289,116.366487,True,True,True,105.97㎡,2.6万/月,8.18元/m/天,"('40.007289', '116.366487')"
bright,(出租)石景山古城路步行街核心铺招租！近商场社区，人流量大,商业街店铺,古城南路步行街,140.0,,,,39.916957,116.198351,True,False,False,140㎡,租金面议,（价格可面议）,"('39.916957', '116.198351')"
bright,(转让)石景山八角西街280平精装涮肉店转租，5年租期人流量大,临街门面,八角西街,280.0,58800.0,,7.0,39.920335,116.205284,True,True,True,280㎡,5.88万/月,转让费：面议（转让费可面议）,"('39.920335', '116.205284')"
bright,(出租)奥林匹克公园临街铺面70-300平出租，12元/㎡含物业费,商业街店铺,北京工艺美术博物馆(文创店),80.0,29000.0,12.08,12.08,40.00572,116.400322,True,True,True,80㎡,2.9万/月,12.08元/m/天,"('40.00572', '116.400322')"
bright,(出租)旭景园1万平招租全业态制可仓储，配套手续齐全，整租可分租,临街门面,旭景园·精致生活广场,10000.0,,,,39.945537,116.703494,True,False,False,10000㎡,租金面议,（价格可面议）,"('39.945537', '116.703494')"
bright,(转让)蓝堡公寓饭店整体转600平精装含KTV，近华贸高客流价格可谈,商业街店铺,蓝堡国际公寓-南区,600.0,60000.0,80.0,80.0,39.916652,116.48313,True,True,True,600㎡,6万/月,转让费：80万元,"('39.916652', '116.48313')"
bright,(出租)（0转让费）朝阳欢乐谷附近Ⅰ临街流量社区底商旺铺整体出租,社区底商,PETLADY宠娘宠物生活馆(格林莱雅店),80.0,19000.0,7.92,7.92,39.873411,116.513574,True,True,True,80㎡,1.9万/月,7.92元/m/天,"('39.873411', '116.513574')"
bright,(出租)双井桥地铁D口附近临街社区底商人流量大旺铺出租位置优越,临街门面,优士阁-B座,87.0,22000.0,8.43,8.43,39.898418,116.466159,True,True,True,87㎡,2.2万/月,8.43元/m/天,"('39.898418', '116.466159')"
bright,(转让)朝阳北花园1号院一层店转租，设备全临主路,临街门面,中国传媒大学,130.0,32500.0,18.0,18.0,39.917551,116.563634,True,True,True,130㎡,3.25万/月,转让费：18万元,"('39.917551', '116.563634')"
bright,(出租)亦庄同济南路10㎡临街档口酒店公寓旁，白领多做早餐小吃奶茶佳,临街门面,同济南路,10.0,,,,39.779083,116.546239,True,False,False,10㎡,租金面议,（价格可面议）,"('39.779083', '116.546239')"
bright,(出租)新街口积水潭小西天临街商铺房东直租、周边客流大(除餐饮外),临街门面,新街口外大街29号,40.0,30000.0,25.0,25.0,39.958119,116.377868,True,True,True,40㎡,3万/月,25元/m/天,"('39.958119', '116.377868')"
bright,(出租)房东直租可线上超市台球轰趴足疗简餐中央厨房仓储,社区底商,百子湾东里,420.0,,,,39.905263,116.511316,True,False,False,420㎡,租金面议,（价格可面议）,"('39.905263', '116.511316')"
bright,(出租)通州物资学院地铁口旺铺招商位置好特色菜全业态,购物百货中心,通州-物资学院路物资学院路6号,137.0,,,,39.932806,116.64605,True,False,False,137㎡,租金面议,,"('39.932806', '116.64605')"
bright,(出租)三元桥东直门外卖档口六千，美食城直租国贸商业街招饮品,档口摊位,海淀-上地详细地址请咨询,30.0,10000.0,,11.11111111111111,40.058694,116.308005,True,True,True,30㎡,1万/月,11.11元/m/天（转让费可面议）,"('40.058694', '116.308005')"
bright,(出租)朝阳双桥地铁1号线全业态户型方正位置好无转让费,社区底商,朝阳-双桥双桥路,171.28,23100.0,4.5,4.5,39.911043,116.583992,True,True,True,171.28㎡,2.31万/月,4.5元/m/天,"('39.911043', '116.583992')"
bright,(出租)海淀医院近燃气铺！招：菜，异国菜，鱼火锅，自助餐等,社区底商,海淀-苏州街详细地址请咨询,370.0,99900.0,,9.0,39.982204,116.317758,True,True,True,370㎡,9.99万/月,9元/m/天（费用可面议）,"('39.982204', '116.317758')"
bright,(出租)西城带2000万装修金融街商务宴请复兴门粤菜川菜,临街门面,朝阳-双井金融街金城坊街2号,2200.0,,,,39.92155,116.368126,True,False,False,2200㎡,租金面议,,"('39.92155', '116.368126')"
bright,(转让)常营万象丨麻辣烫丨板面丨刀削面丨旋转火锅丨香河肉饼丨黄焖鸡,临街门面,朝阳-常营朝阳北路,99.12,,,,39.932406,116.597923,True,False,False,99.12㎡,租金面议,转让费：面议,"('39.932406', '116.597923')"
bright,(出租)知春路！北航大学，有燃气，湘菜，川菜，粤菜，海鲜自助，铁锅炖,商业街店铺,海淀-知春路详细地址请咨询,300.0,58500.0,,6.5,39.982519,116.353532,True,True,True,300㎡,5.85万/月,6.5元/m/天（费用可面议）,"('39.982519', '116.353532')"
bright,(出租)西单临街20平米招品牌水吧无烟快餐小吃报品牌,商业街店铺,西城-德胜门详细地址请咨询,20.0,18000.0,,30.0,39.916878,116.3794105,True,True,True,20㎡,1.8万/月,30元/m/天（价格可面议）,"('39.916878', '116.3794105')"
bright,(出租)源近国贸地铁公交，临肯德基，人流量大400平,临街门面,朝阳-国贸东三环中路39号,400.0,100000.0,,8.333333333333334,39.911335,116.465666,True,True,True,400㎡,10万/月,8.33元/m/天（价格可面议）,"('39.911335', '116.465666')"
bright,(出租)酒店朝阳医院三里屯大平层1600平商务宴请海鲜自助粤,商业街店铺,朝阳-国贸东大桥路,1600.0,235200.0,4.9,4.9,39.92037,116.457123,True,True,True,1600㎡,23.52万/月,4.9元/m/天,"('39.92037', '116.457123')"
bright,(出租)（独栋530平）1200平3000平朝阳公园附近带露台外摆,商业街店铺,详细地址请咨询,530.0,87500.0,5.5,5.5,39.935131,116.486919,True,True,True,530㎡,8.75万/月,5.5元/m/天,"('39.935131', '116.486919')"
bright,(出租)东大桥业主直租带水可注册24小时营业鲜花果切酸奶水果捞外卖,商业街店铺,朝阳-东大桥东大桥路8号,46.0,6000.0,,4.3478260869565215,39.9242471,116.4592123,True,True,True,46㎡,6000元/月,4.35元/m/天（价格可面议）,"('39.9242471', '116.4592123')"
bright,(出租)双榆树一层360平米直租！有燃气适合铁锅炖菜北京涮肉湘菜,商业街店铺,海淀-双榆树双榆树北路,365.0,65700.0,,6.0,39.978486,116.330362,True,True,True,365㎡,6.57万/月,6元/m/天（价格可面议）,"('39.978486', '116.330362')"
bright,(出租)四道口附近临街纯一层出租250平户型方正超大人流,临街门面,海淀-大钟寺四道口路2号,250.0,78800.0,,10.506666666666666,39.966275,116.352013,True,True,True,250㎡,7.88万/月,10.5元/m/天（价格可面议）,"('39.966275', '116.352013')"
bright,(出租)CBD东大桥商圈中央厨房直租24小时全业态，外卖配，轻食,写字楼配套,朝阳-CBD东大桥路8号,200.0,18000.0,,3.0,39.9242471,116.4592123,True,True,True,200㎡,1.8万/月,3元/m/天（价格可面议）,"('39.9242471', '116.4592123')"
bright,(出租)顺义天竺公园内咖啡屋2层独栋外摆绿地适合主理人,商业街店铺,3A冰球小镇南区-北京市顺义区,100.0,15000.0,5.0,5.0,40.07064,116.578429,True,True,True,100㎡,1.5万/月,5元/m/天,"('40.07064', '116.578429')"
bright,(出租)一层主街！有燃气可面馆麻辣烫快餐等国贸大望路,商业街店铺,朝阳-国贸东三环中路39号,110.0,15000.0,,4.545454545454546,39.911335,116.465666,True,True,True,110㎡,1.5万/月,4.55元/m/天（价格可面议）,"('39.911335', '116.465666')"
bright,(出租)常营临街丨蛋糕房丨随时可看丨不限业态,商业街店铺,朝阳-常营常惠路,122.0,43900.0,,11.994535519125684,39.932661,116.606782,True,True,True,122㎡,4.39万/月,12元/m/天（价格可面议）,"('39.932661', '116.606782')"
bright,(出租)朝阳周边望京SOHO纯外卖燃气档口资质不限,社区底商,朝阳-望京望京街,60.0,15000.0,8.33,8.33,40.006344,116.479727,True,True,True,60㎡,1.5万/月,8.33元/m/天,"('40.006344', '116.479727')"
bright,(出租)古城西路临街一层400平饭店出租，合适火锅烧烤店，音乐餐吧,商业街店铺,景山财富中心-北京市石景山区,400.0,54000.0,4.5,4.5,39.921236,116.184683,True,True,True,400㎡,5.4万/月,4.5元/m/天,"('39.921236', '116.184683')"
bright,(出租)物业直租天北路临街纯一层底商800平面积任意分割全业态,商业街店铺,奥竺-北京市顺义区,200.0,30000.0,5.0,5.0,40.067265,116.586145,True,True,True,200㎡,3万/月,5元/m/天,"('40.067265', '116.586145')"
bright,(出租)金街内街一层62平带20平阁楼位置好租金低业主直租,商业街店铺,通州-通州北苑新华西街58号,61.0,10000.0,,5.46448087431694,39.9114789,116.6471654,True,True,True,61㎡,1万/月,5.46元/m/天（价格可面议）,"('39.9114789', '116.6471654')"
bright,(出租)个人一层临街场地中关村苏州街每月万单商圈纯外卖档口招租,档口摊位,北京市海淀区海淀南路30号院,25.0,,,,39.981214,116.311986,True,False,False,25㎡,租金面议,,"('39.981214', '116.311986')"
bright,(出租)百子湾二十二院街艺术区临街61平13000月鲜花美甲咖啡服装,商业街店铺,朝阳-百子湾百子湾路32号,61.0,13000.0,,7.103825136612022,39.905581,116.47703,True,True,True,61㎡,1.3万/月,7.1元/m/天（价格可面议）,"('39.905581', '116.47703')"
bright,(出租)知春路一手160平米直租！商业立项动物医院品牌烘培糕点美容,商业街店铺,海淀-知春路知春路,160.0,,,,39.982216,116.353594,True,False,False,160㎡,租金面议,,"('39.982216', '116.353594')"
bright,(出租)朝阳区国贸金台地铁10号线1号线美食城外卖档口诚意招租,档口摊位,朝阳-国贸金台路,15.0,5000.0,,11.11111111111111,39.922775,116.47954,True,True,True,15㎡,5000元/月,11.11元/m/天（价格可面议）,"('39.922775', '116.47954')"
bright,(出租)通州万达金街50平月租3万项目不限有燃气随时可看,商业街店铺,通州-通州北苑新华西街58号,50.0,30000.0,,20.0,39.9114789,116.6471654,True,True,True,50㎡,3万/月,20元/m/天（价格可面议）,"('39.9114789', '116.6471654')"
bright,(出租)望京可外摆150平单价5元烧烤烤肉火锅西餐,商业街店铺,朝阳-望京阜通西大街,150.0,22500.0,,5.0,40.001844,116.480626,True,True,True,150㎡,2.25万/月,5元/m/天（价格可面议）,"('40.001844', '116.480626')"
bright,(出租)中关村五道口六道口西城甘家口堂食外卖都有租金一万,临街门面,朝阳-CBD名族大学西路,30.0,8000.0,,8.88888888888889,39.958412,116.323714,True,True,True,30㎡,8000元/月,8.89元/m/天（价格可面议）,"('39.958412', '116.323714')"
bright,(出租)物业直租管庄杨闸环岛苏宁易购楼上3000平任分,商业街店铺,中百世贸综合商城-北京市朝阳区,1000.0,90000.0,3.0,3.0,39.918689,116.60527,True,True,True,1000㎡,9万/月,3元/m/天,"('39.918689', '116.60527')"
bright,(出租)前门大街餐饮商铺适合宫廷菜北京烤鸭融合才传统菜系,其他,昌平-天通苑前门东大街,1000.0,300000.0,,10.0,39.90697,116.415712,True,True,True,1000㎡,30万/月,10元/m/天（价格可面议）,"('39.90697', '116.415712')"
bright,(出租)朝阳三里屯新出临街餐饮商铺户型方正客流大不限业态可外摆,写字楼配套,朝阳-三里屯工体北路8号,110.0,35000.0,,10.606060606060606,39.938112,116.460068,True,True,True,110㎡,3.5万/月,10.61元/m/天（价格可面议）,"('39.938112', '116.460068')"
bright,(出租)双井富力城天力街临街166平米全业态餐饮商铺出租带燃气,临街门面,朝阳-双井天力街,166.0,,,,39.902931,116.463859,True,False,False,166㎡,租金面议,,"('39.902931', '116.463859')"
bright,(出租)海淀区交大西门餐饮集中地，人群密集，120平餐饮转让,临街门面,海淀-双榆树详细地址请咨询,120.0,45000.0,,12.5,39.958146,116.333579,True,True,True,120㎡,4.5万/月,12.5元/m/天（费用可面议）,"('39.958146', '116.333579')"
bright,(出租)万达写字楼下纯一层50平月租9000元可餐饮有燃气随时看房,商业街店铺,通州-通州北苑新华西街58号,50.0,9000.0,6.0,6.0,39.9114789,116.6471654,True,True,True,50㎡,9000元/月,6元/m/天,"('39.9114789', '116.6471654')"
bright,(出租)业主直租纯一层带院子交通方便适合各种餐饮汽修贴膜业态不限,临街门面,朝阳-百子湾郊亭路,1000.0,120000.0,,4.0,39.896042,116.493652,True,True,True,1000㎡,12万/月,4元/m/天（价格可面议）,"('39.896042', '116.493652')"
bright,(出租)西城区月坛临街一层招餐饮养生足疗业态不限制,商业街店铺,西城-月坛三里河东路,100.0,31600.0,,10.533333333333333,39.926633,116.351466,True,True,True,100㎡,3.16万/月,10.53元/m/天（转让费可面议）,"('39.926633', '116.351466')"
bright,(转让)v顺义南竺园市场内招商各类餐饮面积可分割120038,临街门面,南竺园市场-北京市顺义区,400.0,,,,40.046913,116.606039,True,False,False,400㎡,租金面议,无转让费,"('40.046913', '116.606039')"
bright,(出租)黄村9米面宽展示招：餐饮小吃美容理发培训足疗,临街门面,大兴-黄村富强路2号,110.0,19800.0,,6.0,39.740683,116.349519,True,True,True,110㎡,1.98万/月,6元/m/天（费用可面议）,"('39.740683', '116.349519')"
bright,(出租)苹果园主街纯一层，可餐饮，咖啡，图文，烟酒，零食，糕点,商业街店铺,北京市石景山区苹果园街道实兴大街1号,252.0,,,,39.938409,116.19733,True,False,False,252㎡,租金面议,,"('39.938409', '116.19733')"
bright,(出租)临街大产权除餐饮不限业态口腔诊所教培美容娱乐等,社区底商,通州-九棵树怡乐中路,332.0,44800.00000000001,,4.497991967871487,,,False,True,True,332㎡,4.48万/月,4.5元/m/天（价格可面议）, 
bright,(出租)西四环大成路小屯路临街一层325平可餐饮明火,临街门面,丰台-小屯路大成路,300.0,58500.0,,6.5,39.895673,116.262652,True,True,True,300㎡,5.85万/月,6.5元/m/天（价格可面议）,"('39.895673', '116.262652')"
bright,(出租)根天桥，珠市口旁直招：餐饮美容美发酒品展示等,临街门面,西城-大栅栏留学路,300.0,108000.0,,12.0,39.893152,116.400855,True,True,True,300㎡,10.8万/月,12元/m/天（费用可面议）,"('39.893152', '116.400855')"
bright,(出租)（实价）双井富力城8米展示带天然气餐饮一条街,临街门面,朝阳-双井天力街,160.0,78000.0,16.25,16.25,39.90304,116.463785,True,True,True,160㎡,7.8万/月,16.25元/m/天,"('39.90304', '116.463785')"
bright,(出租)混合商圈8米门头适合各类品牌餐饮国企直租随时看房,临街门面,丰台-看丹桥看丹路,156.0,30400.0,,6.495726495726496,39.84605,116.288717,True,True,True,156㎡,3.04万/月,6.5元/m/天（费用可面议）,"('39.84605', '116.288717')"
bright,(出租)绝！佳位置！直租主街餐饮带燃气业态不限,写字楼配套,朝阳-国贸东三环中路,300.0,,,,39.911192,116.467993,True,False,False,300㎡,租金面议,,"('39.911192', '116.467993')"
bright,(出租)安苑东里140平招餐饮人流量大,商业街店铺,朝阳-健翔桥北苑路,140.0,41700.0,,9.928571428571429,39.990422,116.417517,True,True,True,140㎡,4.17万/月,9.92元/m/天（价格可面议）,"('39.990422', '116.417517')"
bright,(出租)五棵松西翠路一层适合展厅，营业厅，美容，除餐饮无业态限制,社区底商,海淀-五棵松西翠路,107.83,38800.0,,11.994188382948469,39.907769,116.289743,True,True,True,107.83㎡,3.88万/月,12元/m/天（价格可面议）,"('39.907769', '116.289743')"
bright,(转让)朝外SOHO154平餐饮店转让，固定客源+高流量，白领消费高,商业街店铺,朝外SOHO,154.0,18000.0,28.0,28.0,39.925733,116.461265,True,True,True,154㎡,1.8万/月,转让费：28万元,"('39.925733', '116.461265')"
bright,(出租)西城区阜内大街89号临街底商旺铺房东直租,临街门面,阜成门内大街-89,165.0,50000.0,10.1,10.1,39.930064,116.37678,True,True,True,165㎡,5万/月,10.1元/m/天,"('39.930064', '116.37678')"
bright,(转让)德胜门商业街面包连锁蛋糕店转让客流密集位置好,临街门面,TOUSlesJOURS多乐之日(新风里店),101.2,36000.0,35.0,35.0,39.967792,116.381939,True,True,True,101.2㎡,3.6万/月,转让费：35万元,"('39.967792', '116.381939')"
bright,(出租)回龙观龙腾苑二区临街商铺出租420平可租无其他费用,临街门面,龙腾苑-二区,210.0,22000.0,3.49,3.49,40.083172,116.343681,True,True,True,210㎡,2.2万/月,3.49元/m/天,"('40.083172', '116.343681')"
bright,(出租)邻三环900平米适合办公会所餐饮茶楼娱乐,临街门面,苏皖大厦,900.0,94500.0,3.5,3.5,39.852427,116.344356,True,True,True,900㎡,9.45万/月,3.5元/m/天,"('39.852427', '116.344356')"
bright,(出租)安慧北里逸园28号楼临街底商旺铺直租,临街门面,安慧北里逸园南区-28号楼,316.0,105000.0,11.08,11.08,40.005405,116.419745,True,True,True,316㎡,10.5万/月,11.08元/m/天,"('40.005405', '116.419745')"
bright,(出租)黄村恒大未来城两层140㎡出租，成熟社区全业态，近地铁,商业街店铺,恒大未来城,140.0,8999.0,2.14,2.14,39.720345,116.320946,True,True,True,140㎡,8999元/月,2.14元/m/天,"('39.720345', '116.320946')"
bright,(出租)朝阳王四营人民日报印刷厂内1100平米餐厅档口招租,档口摊位,人民日报印刷厂,25.0,5000.0,6.67,6.67,39.866413,116.551483,True,True,True,25㎡,5000元/月,6.67元/m/天,"('39.866413', '116.551483')"
bright,(转让)朝阳北京200平餐厅转让，出租早点,社区底商,铭泽生活广场,200.0,30000.0,15.0,15.0,39.869836,116.48346,True,True,True,200㎡,3万/月,转让费：15万元,"('39.869836', '116.48346')"
bright,(转让)地铁积水潭站附近临街底商旺铺转让,临街门面,小炊谣,110.0,45900.0,15.0,15.0,39.957642,116.378567,True,True,True,110㎡,4.59万/月,转让费：15万元,"('39.957642', '116.378567')"
bright,(出租)北京核心景区南锣鼓巷c位商铺招租,商业街店铺,南锣鼓巷,400.0,200000.0,16.67,16.67,39.943562,116.408878,True,True,True,400㎡,20万/月,16.67元/m/天,"('39.943562', '116.408878')"
bright,(出租)海淀上地科实大厦底商商铺房东直租,写字楼配套,科实大厦,600.0,144000.0,8.0,8.0,40.040731,116.318389,True,True,True,600㎡,14.4万/月,8元/m/天,"('40.040731', '116.318389')"
bright,(出租)朝外大街日坛晶华8号楼底商临街门面房东直租除重餐饮外行业不限,社区底商,日坛晶华-8号楼,173.45,39000.0,7.49,7.49,39.926518,116.450761,True,True,True,173.45㎡,3.9万/月,7.49元/m/天,"('39.926518', '116.450761')"
bright,(出租)海淀五道口农业大学100-300平直租无转让费可餐饮！,临街门面,清华东路15号,105.97,26000.0,8.18,8.18,40.007289,116.366487,True,True,True,105.97㎡,2.6万/月,8.18元/m/天,"('40.007289', '116.366487')"
bright,(出租)石景山古城路步行街核心铺招租！近商场社区，人流量大,商业街店铺,古城南路步行街,140.0,,,,39.916957,116.198351,True,False,False,140㎡,租金面议,（价格可面议）,"('39.916957', '116.198351')"
bright,(转让)石景山八角西街280平精装涮肉店转租，5年租期人流量大,临街门面,八角西街,280.0,58800.0,,7.0,39.920335,116.205284,True,True,True,280㎡,5.88万/月,转让费：面议（转让费可面议）,"('39.920335', '116.205284')"
bright,(出租)奥林匹克公园临街铺面70-300平出租，12元/㎡含物业费,商业街店铺,北京工艺美术博物馆(文创店),80.0,29000.0,12.08,12.08,40.00572,116.400322,True,True,True,80㎡,2.9万/月,12.08元/m/天,"('40.00572', '116.400322')"
bright,(出租)旭景园1万平招租全业态制可仓储，配套手续齐全，整租可分租,临街门面,旭景园·精致生活广场,10000.0,,,,39.945537,116.703494,True,False,False,10000㎡,租金面议,（价格可面议）,"('39.945537', '116.703494')"
bright,(转让)蓝堡公寓饭店整体转600平精装含KTV，近华贸高客流价格可谈,商业街店铺,蓝堡国际公寓-南区,600.0,60000.0,80.0,80.0,39.916652,116.48313,True,True,True,600㎡,6万/月,转让费：80万元,"('39.916652', '116.48313')"
bright,(出租)（0转让费）朝阳欢乐谷附近Ⅰ临街流量社区底商旺铺整体出租,社区底商,PETLADY宠娘宠物生活馆(格林莱雅店),80.0,19000.0,7.92,7.92,39.873411,116.513574,True,True,True,80㎡,1.9万/月,7.92元/m/天,"('39.873411', '116.513574')"
bright,(出租)双井桥地铁D口附近临街社区底商人流量大旺铺出租位置优越,临街门面,优士阁-B座,87.0,22000.0,8.43,8.43,39.898418,116.466159,True,True,True,87㎡,2.2万/月,8.43元/m/天,"('39.898418', '116.466159')"
bright,(转让)朝阳北花园1号院一层店转租，设备全临主路,临街门面,中国传媒大学,130.0,32500.0,18.0,18.0,39.917551,116.563634,True,True,True,130㎡,3.25万/月,转让费：18万元,"('39.917551', '116.563634')"
bright,(出租)亦庄同济南路10㎡临街档口酒店公寓旁，白领多做早餐小吃奶茶佳,临街门面,同济南路,10.0,,,,39.779083,116.546239,True,False,False,10㎡,租金面议,（价格可面议）,"('39.779083', '116.546239')"
bright,(出租)新街口积水潭小西天临街商铺房东直租、周边客流大(除餐饮外),临街门面,新街口外大街29号,40.0,30000.0,25.0,25.0,39.958119,116.377868,True,True,True,40㎡,3万/月,25元/m/天,"('39.958119', '116.377868')"
bright,(出租)房东直租可线上超市台球轰趴足疗简餐中央厨房仓储,社区底商,百子湾东里,420.0,,,,39.905263,116.511316,True,False,False,420㎡,租金面议,（价格可面议）,"('39.905263', '116.511316')"
bright,(出租)CBD东大桥商圈一层临街小面积，上下水动力电饮品外卖配,临街门面,朝阳-CBD朝外大街乙6号,40.0,8000.0,,6.666666666666667,39.92584,116.461382,True,True,True,40㎡,8000元/月,6.67元/m/天（价格可面议）,"('39.92584', '116.461382')"
bright,(出租)东三环国贸CBD商圈外卖中央厨房周边辐射多栋写字楼及住宅,购物百货中心,朝阳-CBD东大桥路8号,200.0,18000.0,,3.0,39.9242471,116.4592123,True,True,True,200㎡,1.8万/月,3元/m/天（价格可面议）,"('39.9242471', '116.4592123')"
bright,(出租)个人场地招租每日千人堂食建国门和朝阳门和纯外卖档口招租,档口摊位,北京市朝阳区朝外门外大街26-10号,20.0,6000.0,,10.0,39.927927,116.447059,True,True,True,20㎡,6000元/月,10元/m/天（费用可面议）,"('39.927927', '116.447059')"
bright,(出租)五道口大学门口一层160平米直租招网红米线麻辣烫螺蛳粉烧腊,商业街店铺,海淀-五道口成府路,160.0,,,,39.998262,116.337726,True,False,False,160㎡,租金面议,,"('39.998262', '116.337726')"
bright,(转让)G丰台榴乡路电影院门口甜品店低价转让,购物百货中心,汇琴购物中心-北京市丰台区,51.6,17000.0,,10.981912144702843,39.849414,116.429883,True,True,True,51.6㎡,1.7万/月,转让费：面议（转让费可面议）,"('39.849414', '116.429883')"
bright,(出租)直租！邮电大学临街旺铺全天人流爆满水吧炸鸡小吃饼类,临街门面,海淀-学院路详细地址请咨询,10.0,,,,39.963337,116.362657,True,False,False,10㎡,租金面议,,"('39.963337', '116.362657')"
bright,(出租)东大桥旺铺业主直租！有上下水可蛋糕房，简餐，线上等,商业街店铺,朝阳-东大桥朝外大街乙6号,111.0,13000.0,,3.903903903903904,39.92584,116.461382,True,True,True,111㎡,1.3万/月,3.9元/m/天（费用可面议）,"('39.92584', '116.461382')"
bright,(出租)赠露台适合精酿烧烤小酒馆！烤肉火锅物资学院地铁口！两所大学！,临街门面,通州-物资学院路详细地址请咨询,197.43,15600.0,,2.633844907055665,39.932163,116.645753,True,True,True,197.43㎡,1.56万/月,2.63元/m/天（费用可面议）,"('39.932163', '116.645753')"
bright,(转让)W转丰台角门西地铁附近50平围炉串串店,临街门面,丰台-角门嘉和路,50.0,15000.0,15.0,15.0,39.851821,116.372879,True,True,True,50㎡,1.5万/月,转让费：15万元,"('39.851821', '116.372879')"
bright,(转让)W转朝阳十里河临街30平小吃店（招合作）,临街门面,十里河村-北京市朝阳区,30.0,10000.0,,11.11111111111111,39.866797,116.465458,True,True,True,30㎡,1万/月,转让费：面议（转让费可面议）,"('39.866797', '116.465458')"
bright,(出租)西直门大型购物中心出来铺位25平米，招品牌小吃,购物百货中心,海淀-花园桥西直门外大街1号,30.0,40000.0,,44.44444444444444,39.9473484,116.359488,True,True,True,30㎡,4万/月,44.44元/m/天（价格可面议）,"('39.9473484', '116.359488')"
bright,(出租)世纪金源一层临近105平直租！全天人流不断消费力强租金面议！,商业街店铺,海淀-世纪城远大路1号,100.0,,,,39.9650367,116.2943251,True,False,False,100㎡,租金面议,,"('39.9650367', '116.2943251')"
bright,(出租)东城区东二环东直门美食城外卖档口诚意招租,档口摊位,东城-东直门外东直门外大街46号,15.0,6000.0,,13.333333333333334,39.946169,116.443259,True,True,True,15㎡,6000元/月,13.33元/m/天（价格可面议）,"('39.946169', '116.443259')"
bright,(出租)潘家园古玩城附近临街一层直租160平7元，周边大体量社区办公,临街门面,朝阳-双井潘家园路9号,150.0,34200.0,,7.6,39.88223,116.458327,True,True,True,150㎡,3.42万/月,7.6元/m/天（价格可面议）,"('39.88223', '116.458327')"
bright,(出租)新上五道口清华大学：招猪脚饭，现炒快餐，麻辣烫，米线，螺蛳粉,写字楼配套,海淀-五道口详细地址请咨询,142.0,60800.0,,14.272300469483568,40.000227,116.337352,True,True,True,142㎡,6.08万/月,14.28元/m/天（价格可面议）,"('40.000227', '116.337352')"
bright,(出租)天坛广渠门方庄宋家庄美食城外卖档口燃气24小时营业4000,档口摊位,光明楼,17.0,4000.0,,7.8431372549019605,39.892267,116.444017,True,True,True,17㎡,4000元/月,7.84元/m/天（价格可面议）,"('39.892267', '116.444017')"
bright,(出租)工体主街上下复式600平，酒吧剧场徽菜西餐中餐,临街门面,东城-东直门外工体西路3号,600.0,,,,39.935409,116.449941,True,False,False,600㎡,租金面议,,"('39.935409', '116.449941')"
bright,(转让)G密云行宫街230平米临街餐馆转让,商业街店铺,密云-密云城区行宫街,230.0,11700.0,,1.6956521739130435,40.392594,116.868979,True,True,True,230㎡,1.17万/月,转让费：面议（费用可面议）,"('40.392594', '116.868979')"
bright,(出租)丰台区全新美食城外卖档口招租木樨园马家堡玉泉路,档口摊位,丰台-赵公口南三环中路,20.0,4000.0,,6.666666666666667,39.863124,116.415281,True,True,True,20㎡,4000元/月,6.67元/m/天（价格可面议）,"('39.863124', '116.415281')"
bright,(出租)个人出租高客单高单量商圈中关村苏州街纯外卖档口招租,档口摊位,北京市海淀区海淀南路34号,18.0,6500.0,,12.037037037037036,39.980575,116.309615,True,True,True,18㎡,6500元/月,12.04元/m/天（费用可面议）,"('39.980575', '116.309615')"
bright,(出租)东直门亮马桥朝阳门美食城外卖档口直租有燃气能上京东外卖,档口摊位,东直门,17.0,6000.0,,11.764705882352942,39.936651,116.44836,True,True,True,17㎡,6000元/月,11.76元/m/天（价格可面议）,"('39.936651', '116.44836')"
bright,(出租)六道口学院路临街185平适合火锅烤肉烧烤湘菜自助餐,临街门面,海淀-学院路学清路六道口甲39号,185.0,52699.99999999999,,9.495495495495494,40.011807,116.357163,True,True,True,185㎡,5.27万/月,9.5元/m/天（价格可面议）,"('40.011807', '116.357163')"
bright,(出租)马家堡角门地铁旁美食城档口直租24小时外卖单多人多,档口摊位,右安门,16.0,6000.0,,12.5,39.862869,116.373474,True,True,True,16㎡,6000元/月,12.5元/m/天（价格可面议）,"('39.862869', '116.373474')"
bright,(出租)北礼士路地铁四川大厦，20米展示面房东直租，办公居民医院大学,商业街店铺,西城-南礼士路南礼士路,280.0,71400.0,,8.5,39.924627,116.359988,True,True,True,280㎡,7.14万/月,8.5元/m/天（价格可面议）,"('39.924627', '116.359988')"
bright,(出租)黄寺附近地下一！招：美食城！培训，足疗按摩，棋牌娱乐等！,社区底商,西城-德胜门详细地址请咨询,750.0,90000.0,,4.0,39.969268,116.385981,True,True,True,750㎡,9万/月,4元/m/天（费用可面议）,"('39.969268', '116.385981')"
bright,(转让)G朝阳石佛营西里丰盈生活广场京客隆石佛营店一层招商,购物百货中心,朝阳-石佛营石佛营路,10.0,,,,39.937636,116.507505,True,False,False,10㎡,租金面议,转让费：面议,"('39.937636', '116.507505')"
bright,(出租)朝阳区昌平区地铁天通苑立水桥美食城外卖档口诚意招租,档口摊位,昌平-立水桥立水桥北路,15.0,3000.0,,6.666666666666667,40.067274,116.423499,True,True,True,15㎡,3000元/月,6.67元/m/天（价格可面议）,"('40.067274', '116.423499')"
bright,(出租)三里屯新出一层160平米采耳装修，适合美容服装潮牌剧场,写字楼配套,朝阳-三里屯工人体育场北路,160.0,24000.0,5.0,5.0,39.937492,116.460034,True,True,True,160㎡,2.4万/月,5元/m/天,"('39.937492', '116.460034')"
bright,(出租)工体西路临街一层600平火锅店适合水烟酒吧火锅网红餐厅,临街门面,东城-东直门外工体西路3号,580.0,200100.00000000003,,11.500000000000002,39.935409,116.449941,True,True,True,580㎡,20.01万/月,11.5元/m/天（价格可面议）,"('39.935409', '116.449941')"
bright,(出租)北苑大型购物中心招糖葫芦，水吧小吃各类日均客流2万多,购物百货中心,朝阳-北苑详细地址请咨询,35.0,15000.0,,14.285714285714286,40.048297,116.44625,True,True,True,35㎡,1.5万/月,14.29元/m/天（价格可面议）,"('40.048297', '116.44625')"
bright,(出租)CBD核心商圈下沉广场正规餐饮商铺火锅炒菜快餐饺子西餐厅,商业街店铺,朝阳-东大桥东大桥路8号,350.0,42000.0,,4.0,39.9242471,116.4592123,True,True,True,350㎡,4.2万/月,4元/m/天（价格可面议）,"('39.9242471', '116.4592123')"
bright,(出租)三里屯soho120平餐饮商铺出租适合餐饮酒吧麻辣等业态,商业街店铺,三里屯SOHO-北京市朝阳区,120.0,,,,39.937943,116.460166,True,False,False,120㎡,租金面议,,"('39.937943', '116.460166')"
bright,(出租)新上地铁口沿街店铺！全天客流大型社区配套，适合羊汤面馆等餐饮,商业街店铺,朝阳-双桥详细地址请咨询,80.0,,,,39.9142766,116.5824877,True,False,False,80㎡,租金面议,,"('39.9142766', '116.5824877')"
bright,(出租)双榆树800平可餐饮招特色菜牛肉火锅涮肉等业态不限,临街门面,海淀-双榆树双榆树三街,800.0,132000.0,,5.5,39.974257,116.33001,True,True,True,800㎡,13.2万/月,5.5元/m/天（价格可面议）,"('39.974257', '116.33001')"
bright,(出租)西四环大成路临街一层80-300平招租餐饮可明火可分租,临街门面,丰台-小屯路大成路,80.0,21600.0,,9.0,39.895673,116.262652,True,True,True,80㎡,2.16万/月,9元/m/天（价格可面议）,"('39.895673', '116.262652')"
bright,(出租)望京阜通地铁站附近临街一层大展示面招餐饮业态不限,商业街店铺,朝阳-望京阜通东大街,130.0,50000.0,12.82,12.82,39.999014,116.490552,True,True,True,130㎡,5万/月,12.82元/m/天,"('39.999014', '116.490552')"
bright,(出租)长楹天街下沉广场招商酒吧餐饮业态有外摆区有燃气价格低,临街门面,朝阳-常营朝阳北路,140.0,20000.0,,4.761904761904762,39.931263,116.60397,True,True,True,140㎡,2万/月,4.76元/m/天（价格可面议）,"('39.931263', '116.60397')"
bright,(出租)土桥临街有燃气可餐饮，价格优惠适合品牌快餐零食美容等,社区底商,通州-土桥砖厂南里,100.0,,,,39.876061,116.705408,True,False,False,100㎡,租金面议,,"('39.876061', '116.705408')"
bright,(出租)直租海淀区四道口大钟寺好位置全新餐饮接手可营业,临街门面,融寓(四道口店)-北京市海淀区,86.0,31000.0,,12.015503875968992,39.970846,116.34998,True,True,True,86㎡,3.1万/月,12元/m/天（价格可面议）,"('39.970846', '116.34998')"
bright,(出租)国贸一层底商写字楼与商业街交汇带餐饮装修不可做医疗,商业街店铺,朝阳-国贸金桐西路,600.0,,,,39.921524,116.460271,True,False,False,600㎡,租金面议,,"('39.921524', '116.460271')"
bright,(出租)十里堡办公园区门口餐饮街30平直租适合餐饮类业态速度来抢！！,临街门面,朝阳-十里堡详细地址请咨询,30.0,15000.0,16.67,16.67,39.929189,116.511635,True,True,True,30㎡,1.5万/月,16.67元/m/天,"('39.929189', '116.511635')"
bright,(出租)故宫北院旺铺出租，招儿童乐园培训旅游购物文玩市场特色餐饮,商业街店铺,海淀-马连洼永丰路,385.0,17300.0,,1.4978354978354977,40.045284,116.273024,True,True,True,385㎡,1.73万/月,1.5元/m/天（价格可面议）,"('40.045284', '116.273024')"
bright,(出租)双桥临街独栋322平适合：餐饮，口腔，医美，动物医院等等,临街门面,朝阳-双桥塔营北街3号,322.0,67600.0,,6.9979296066252585,39.909066,116.602893,True,True,True,322㎡,6.76万/月,7元/m/天（价格可面议）,"('39.909066', '116.602893')"
bright,(出租)旺铺招租临街底商除餐饮（行业不限）小面积出租快随时看房,临街门面,朝阳-东坝东坝南二街,30.06,4734.45,,5.25,39.966577,116.571061,True,True,True,30.06㎡,4734.45元/月,5.25元/m/天（价格可面议）,"('39.966577', '116.571061')"
bright,(出租)物业直租丨东坝金驹家园丨精装修丨社区临街底商丨客流大丨非餐饮,社区底商,朝阳-东坝石各庄路,175.36,,,,39.968468,116.570769,True,False,False,175.36㎡,租金面议,,"('39.968468', '116.570769')"
bright,(出租)北苑2000平是商业可台球，可，可网吧，可餐饮,商业街店铺,丰台-小屯路青塔小区西侧路,2000.0,138000.0,,2.3,39.900529,116.263062,True,True,True,2000㎡,13.8万/月,2.3元/m/天（费用可面议）,"('39.900529', '116.263062')"
bright,(出租)直租朝阳东五环地铁站餐饮刀削面板面拉面汉堡火锅等餐饮,商业街店铺,朝阳-豆各庄大鲁店北路,100.0,10500.0,,3.5,39.851268,116.5642,True,True,True,100㎡,1.05万/月,3.5元/m/天（价格可面议）,"('39.851268', '116.5642')"
bright,(出租)物业直租丨管庄丨杨闸环岛丨宏粥铺精装修丨客流大丨可餐饮,临街门面,朝阳-管庄朝阳路,339.34,,,,39.917738,116.603554,True,False,False,339.34㎡,租金面议,,"('39.917738', '116.603554')"
bright,(转让)朝外SOHO154平餐饮店转让，固定客源+高流量，白领消费高,商业街店铺,朝外SOHO,154.0,18000.0,28.0,28.0,39.925733,116.461265,True,True,True,154㎡,1.8万/月,转让费：28万元,"('39.925733', '116.461265')"
bright,(出租)西城区阜内大街89号临街底商旺铺房东直租,临街门面,阜成门内大街-89,165.0,50000.0,10.1,10.1,39.930064,116.37678,True,True,True,165㎡,5万/月,10.1元/m/天,"('39.930064', '116.37678')"
bright,(转让)德胜门商业街面包连锁蛋糕店转让客流密集位置好,临街门面,TOUSlesJOURS多乐之日(新风里店),101.2,36000.0,35.0,35.0,39.967792,116.381939,True,True,True,101.2㎡,3.6万/月,转让费：35万元,"('39.967792', '116.381939')"
bright,(出租)回龙观龙腾苑二区临街商铺出租420平可租无其他费用,临街门面,龙腾苑-二区,210.0,22000.0,3.49,3.49,40.083172,116.343681,True,True,True,210㎡,2.2万/月,3.49元/m/天,"('40.083172', '116.343681')"
bright,(出租)邻三环900平米适合办公会所餐饮茶楼娱乐,临街门面,苏皖大厦,900.0,94500.0,3.5,3.5,39.852427,116.344356,True,True,True,900㎡,9.45万/月,3.5元/m/天,"('39.852427', '116.344356')"
bright,(出租)安慧北里逸园28号楼临街底商旺铺直租,临街门面,安慧北里逸园南区-28号楼,316.0,105000.0,11.08,11.08,40.005405,116.419745,True,True,True,316㎡,10.5万/月,11.08元/m/天,"('40.005405', '116.419745')"
bright,(出租)黄村恒大未来城两层140㎡出租，成熟社区全业态，近地铁,商业街店铺,恒大未来城,140.0,8999.0,2.14,2.14,39.720345,116.320946,True,True,True,140㎡,8999元/月,2.14元/m/天,"('39.720345', '116.320946')"
bright,(出租)朝阳王四营人民日报印刷厂内1100平米餐厅档口招租,档口摊位,人民日报印刷厂,25.0,5000.0,6.67,6.67,39.866413,116.551483,True,True,True,25㎡,5000元/月,6.67元/m/天,"('39.866413', '116.551483')"
bright,(转让)朝阳北京200平餐厅转让，出租早点,社区底商,铭泽生活广场,200.0,30000.0,15.0,15.0,39.869836,116.48346,True,True,True,200㎡,3万/月,转让费：15万元,"('39.869836', '116.48346')"
bright,(转让)地铁积水潭站附近临街底商旺铺转让,临街门面,小炊谣,110.0,45900.0,15.0,15.0,39.957642,116.378567,True,True,True,110㎡,4.59万/月,转让费：15万元,"('39.957642', '116.378567')"
bright,(出租)北京核心景区南锣鼓巷c位商铺招租,商业街店铺,南锣鼓巷,400.0,200000.0,16.67,16.67,39.943562,116.408878,True,True,True,400㎡,20万/月,16.67元/m/天,"('39.943562', '116.408878')"
bright,(出租)海淀上地科实大厦底商商铺房东直租,写字楼配套,科实大厦,600.0,144000.0,8.0,8.0,40.040731,116.318389,True,True,True,600㎡,14.4万/月,8元/m/天,"('40.040731', '116.318389')"
bright,(出租)朝外大街日坛晶华8号楼底商临街门面房东直租除重餐饮外行业不限,社区底商,日坛晶华-8号楼,173.45,39000.0,7.49,7.49,39.926518,116.450761,True,True,True,173.45㎡,3.9万/月,7.49元/m/天,"('39.926518', '116.450761')"
bright,(出租)海淀五道口农业大学100-300平直租无转让费可餐饮！,临街门面,清华东路15号,105.97,26000.0,8.18,8.18,40.007289,116.366487,True,True,True,105.97㎡,2.6万/月,8.18元/m/天,"('40.007289', '116.366487')"
bright,(出租)石景山古城路步行街核心铺招租！近商场社区，人流量大,商业街店铺,古城南路步行街,140.0,,,,39.916957,116.198351,True,False,False,140㎡,租金面议,（价格可面议）,"('39.916957', '116.198351')"
bright,(转让)石景山八角西街280平精装涮肉店转租，5年租期人流量大,临街门面,八角西街,280.0,58800.0,,7.0,39.920335,116.205284,True,True,True,280㎡,5.88万/月,转让费：面议（转让费可面议）,"('39.920335', '116.205284')"
bright,(出租)奥林匹克公园临街铺面70-300平出租，12元/㎡含物业费,商业街店铺,北京工艺美术博物馆(文创店),80.0,29000.0,12.08,12.08,40.00572,116.400322,True,True,True,80㎡,2.9万/月,12.08元/m/天,"('40.00572', '116.400322')"
bright,(出租)旭景园1万平招租全业态制可仓储，配套手续齐全，整租可分租,临街门面,旭景园·精致生活广场,10000.0,,,,39.945537,116.703494,True,False,False,10000㎡,租金面议,（价格可面议）,"('39.945537', '116.703494')"
bright,(转让)蓝堡公寓饭店整体转600平精装含KTV，近华贸高客流价格可谈,商业街店铺,蓝堡国际公寓-南区,600.0,60000.0,80.0,80.0,39.916652,116.48313,True,True,True,600㎡,6万/月,转让费：80万元,"('39.916652', '116.48313')"
bright,(出租)（0转让费）朝阳欢乐谷附近Ⅰ临街流量社区底商旺铺整体出租,社区底商,PETLADY宠娘宠物生活馆(格林莱雅店),80.0,19000.0,7.92,7.92,39.873411,116.513574,True,True,True,80㎡,1.9万/月,7.92元/m/天,"('39.873411', '116.513574')"
bright,(出租)双井桥地铁D口附近临街社区底商人流量大旺铺出租位置优越,临街门面,优士阁-B座,87.0,22000.0,8.43,8.43,39.898418,116.466159,True,True,True,87㎡,2.2万/月,8.43元/m/天,"('39.898418', '116.466159')"
bright,(转让)朝阳北花园1号院一层店转租，设备全临主路,临街门面,中国传媒大学,130.0,32500.0,18.0,18.0,39.917551,116.563634,True,True,True,130㎡,3.25万/月,转让费：18万元,"('39.917551', '116.563634')"
bright,(出租)亦庄同济南路10㎡临街档口酒店公寓旁，白领多做早餐小吃奶茶佳,临街门面,同济南路,10.0,,,,39.779083,116.546239,True,False,False,10㎡,租金面议,（价格可面议）,"('39.779083', '116.546239')"
bright,(出租)新街口积水潭小西天临街商铺房东直租、周边客流大(除餐饮外),临街门面,新街口外大街29号,40.0,30000.0,25.0,25.0,39.958119,116.377868,True,True,True,40㎡,3万/月,25元/m/天,"('39.958119', '116.377868')"
bright,(出租)房东直租可线上超市台球轰趴足疗简餐中央厨房仓储,社区底商,百子湾东里,420.0,,,,39.905263,116.511316,True,False,False,420㎡,租金面议,（价格可面议）,"('39.905263', '116.511316')"
bright,(出租)对外经贸大学！招：米线，米粉，快餐，麻辣烫，拌饭，,商业街店铺,对外经济贸易大学,98.0,58300.0,,19.829931972789115,39.986491,116.434341,True,True,True,98㎡,5.83万/月,19.84元/m/天（价格可面议）,"('39.986491', '116.434341')"
bright,(出租)直租牡丹园地铁口翠微百货临街独立商业750平全业态,临街门面,海淀-牡丹园花园东路,750.0,130500.0,,5.8,39.98515,116.376373,True,True,True,750㎡,13.05万/月,5.8元/m/天（价格可面议）,"('39.98515', '116.376373')"
bright,(出租)雍和宫火爆美食城档口直租外卖5000起堂食人流量大客源稳定,档口摊位,东城-雍和宫详细地址请咨询,20.0,6000.0,,10.0,,,False,True,True,20㎡,6000元/月,10元/m/天（价格可面议）, 
bright,(出租)三里屯工体面积620平3.5元带外摆大展示面,写字楼配套,朝阳-三里屯工人体育场北路,620.0,65100.0,3.5,3.5,39.939113,116.457438,True,True,True,620㎡,6.51万/月,3.5元/m/天,"('39.939113', '116.457438')"
bright,(出租)个人临街一层招租高单量商圈新开业场地24小时营业紧邻大学,档口摊位,北京市海淀区苏州街75号-4号楼-407室,20.0,7000.0,,11.666666666666666,39.979224,116.311124,True,True,True,20㎡,7000元/月,11.67元/m/天（费用可面议）,"('39.979224', '116.311124')"
bright,(出租)健德门牡丹园五道口中关村美食城外卖档口直租火爆商圈,档口摊位,健德门,16.0,5500.0,,11.458333333333334,39.910925,116.413384,True,True,True,16㎡,5500元/月,11.46元/m/天（价格可面议）,"('39.910925', '116.413384')"
bright,(出租)长安街建国门永安里豪华装修有燃气海鲜火锅湘菜淮扬菜粤菜烧烤,写字楼配套,朝阳-国贸建国门外大街甲5号,988.0,,,,39.914732,116.45748,True,False,False,988㎡,租金面议,,"('39.914732', '116.45748')"
bright,(出租)西直门凯德茂美食城整改招商1260平适合各种品牌水吧,购物百货中心,凯德MALL(西直门店)-北京市西城区,40.0,,,,39.947348,116.359501,True,False,False,40㎡,租金面议,,"('39.947348', '116.359501')"
bright,(出租)双榆树临街纯一层出租10米门头适合品牌快餐烧烤烤肉湘菜,临街门面,海淀-双榆树详细地址请咨询,100.0,,,,39.977968,116.328784,True,False,False,100㎡,租金面议,,"('39.977968', '116.328784')"
bright,(出租)知春路北航大学！有燃气招铁锅炖蒸汽海鲜重庆美食潮汕火锅自助烤,商业街店铺,海淀-知春路知春路29号,300.0,58500.0,,6.5,39.982488,116.350071,True,True,True,300㎡,5.85万/月,6.5元/m/天（价格可面议）,"('39.982488', '116.350071')"
bright,(出租)三元桥亮马桥美食城中关村人民大学团结湖呼家楼广安门档口,档口摊位,朝阳-定福庄详细地址请咨询,30.0,4000.0,,4.444444444444445,39.92775,116.560169,True,True,True,30㎡,4000元/月,4.44元/m/天（费用可面议）,"('39.92775', '116.560169')"
bright,(出租)海淀苏州街中关村五道口学院路外卖档口直租，8000起,档口摊位,海淀-学院路详细地址请咨询,20.0,6500.0,,10.833333333333334,40.007842,116.360435,True,True,True,20㎡,6500元/月,10.83元/m/天（价格可面议）,"('40.007842', '116.360435')"
bright,(出租)朝阳周边望京华联商厦旁底商招商,社区底商,朝阳-望京阜通西大街,100.0,21000.0,7.0,7.0,39.994955,116.473442,True,True,True,100㎡,2.1万/月,7元/m/天,"('39.994955', '116.473442')"
bright,(出租)清源15万人口320平纯一层带燃气适合西北菜火锅中餐,临街门面,北京市大兴区清源西路2号,320.0,,,,39.748077,116.33018,True,False,False,320㎡,租金面议,,"('39.748077', '116.33018')"
bright,(出租)东五环常营天街附件万象新天一层烤肉装修物业直租,商业街店铺,朝阳-常营万象商业街,315.0,37800.0,4.0,4.0,39.932035,116.59875,True,True,True,315㎡,3.78万/月,4元/m/天,"('39.932035', '116.59875')"
bright,(出租)国贸建国门朝阳门外卖档口美食城有燃气5000起上京东外卖,档口摊位,建外soho-东区,17.0,5500.0,,10.784313725490197,39.911368,116.465983,True,True,True,17㎡,5500元/月,10.78元/m/天（价格可面议）,"('39.911368', '116.465983')"
bright,(出租)（业主直租）路口把角独栋可分租超大双层展示面,临街门面,朝阳-管庄双桥东路,330.0,,,,39.904324,116.608543,True,False,False,330㎡,租金面议,,"('39.904324', '116.608543')"
bright,(出租)双榆树人民大学130平米直租！招烤串重庆小面家常菜卤煮炸酱面,商业街店铺,海淀-双榆树中关村南大街,130.0,30000.0,,7.6923076923076925,39.977968,116.328784,True,True,True,130㎡,3万/月,7.69元/m/天（价格可面议）,"('39.977968', '116.328784')"
bright,(出租)魏公村民族大学年轻人多！随时考察适合网红餐烤肉下饭菜日料韩餐,商业街店铺,海淀-魏公村名族大学西路,168.0,42800.0,,8.492063492063492,39.958412,116.323714,True,True,True,168㎡,4.28万/月,8.5元/m/天（价格可面议）,"('39.958412', '116.323714')"
bright,(出租)蓟门桥知春路！一层独栋好停车！有燃气火锅融合菜清真老北京小吃,商业街店铺,海淀-知春路西土城路,710.0,159800.0,,7.502347417840376,39.974953,116.359361,True,True,True,710㎡,15.98万/月,7.5元/m/天（费用可面议）,"('39.974953', '116.359361')"
bright,(出租)亦庄南海子公园别墅区小区出入口，可分租全业态,商业街店铺,大兴-瀛海镇详细地址请咨询,1000.0,,,,39.791364,116.49241,True,False,False,1000㎡,租金面议,,"('39.791364', '116.49241')"
bright,(出租)顺义天竺临街2层独栋1000平任意分割全业态临祥云,商业街店铺,3A冰球小镇-北京市顺义区,400.0,48000.0,4.0,4.0,40.070967,116.577881,True,True,True,400㎡,4.8万/月,4元/m/天,"('40.070967', '116.577881')"
bright,(出租)国美城社区底商把角610平餐饮商铺出租适合餐饮火锅展厅,商业街店铺,朝阳-石佛营青年路115号,610.0,95200.0,5.2,5.2,39.940053,116.52173,True,True,True,610㎡,9.52万/月,5.2元/m/天,"('39.940053', '116.52173')"
bright,(出租)大兴新出-150平可餐饮商铺可做快餐面食黄焖鸡麻辣烫,商业街店铺,详细地址请咨询,150.0,23400.0,,5.2,39.736548,116.343081,True,True,True,150㎡,2.34万/月,5.2元/m/天（价格可面议）,"('39.736548', '116.343081')"
bright,(出租)清河通厦公元99一层192平258平餐饮类商铺可燃气,商业街店铺,通厦公元99-北京市海淀区,200.0,24000.0,,4.0,40.052866,116.343702,True,True,True,200㎡,2.4万/月,4元/m/天（价格可面议）,"('40.052866', '116.343702')"
bright,(出租)金融街月坛南街2700平6元独栋商业可餐饮,临街门面,西城-金融街月坛南街,2700.0,486000.0,6.0,6.0,39.919686,116.358689,True,True,True,2700㎡,48.6万/月,6元/m/天,"('39.919686', '116.358689')"
bright,(出租)四季青桥临街商业独栋带院招酒店餐饮办公会所中医游泳健身台球,商业街店铺,海淀-四季青通汇路9号,2000.0,,,,39.943635,116.278483,True,False,False,2000㎡,租金面议,,"('39.943635', '116.278483')"
bright,(出租)海淀牡丹园临街90平人流量大适合除餐饮一切业态,社区底商,牡丹园-北京市海淀区,90.0,,,,39.984225,116.378159,True,False,False,90㎡,租金面议,,"('39.984225', '116.378159')"
bright,(出租)雍和宫后海各一套一层临街铺45平全业态可餐饮可切租,商业街店铺,东城-雍和宫德胜门内大街,45.0,25000.0,18.52,18.52,39.943785,116.386017,True,True,True,45㎡,2.5万/月,18.52元/m/天,"('39.943785', '116.386017')"
bright,(出租)北二环临街商业5400平商业用途酒店公寓餐饮医美,购物百货中心,东城-和平里和平里东街,5400.0,615600.0,3.8,3.8,39.960286,116.435858,True,True,True,5400㎡,61.56万/月,3.8元/m/天,"('39.960286', '116.435858')"
bright,(出租)将台丽都临街一层复式底商可餐饮不可医疗带外摆,临街门面,朝阳-将台路详细地址请咨询,400.0,,,,39.982864,116.485051,True,False,False,400㎡,租金面议,,"('39.982864', '116.485051')"
bright,(出租)联合大学餐饮旺铺10-415平米,商业街店铺,凯基伦大厦-北京市朝阳区,415.0,,,,40.000399,116.433174,True,False,False,415㎡,租金面议,,"('40.000399', '116.433174')"
bright,(出租)物业直租丨临街餐饮带燃气丨业态不限麻辣烫米线品牌餐饮,商业街店铺,朝阳-国贸东三环中路39号,100.0,18000.0,6.0,6.0,39.911335,116.465666,True,True,True,100㎡,1.8万/月,6元/m/天,"('39.911335', '116.465666')"
bright,(出租)长阳地铁口，带餐饮装修，大开间户型，全业态直租,临街门面,房山-长阳长政南街1号,82.0,14800.0,,6.016260162601626,39.7687528,116.2194396,True,True,True,82㎡,1.48万/月,6元/m/天（价格可面议）,"('39.7687528', '116.2194396')"
bright,(出租)小屯路80.139.300平招餐饮非餐饮一切业态,商业街店铺,怡秀坊烤鸭·欧尚庄园(小屯路店)-北京市丰台区,150.0,36000.0,,8.0,39.877733,116.258604,True,True,True,150㎡,3.6万/月,8元/m/天（价格可面议）,"('39.877733', '116.258604')"
bright,(出租)新源里京客隆附近临街纯一层210平出租招餐饮足疗美容等,临街门面,朝阳-三里屯新源街,210.0,56700.0,,9.0,39.956725,116.456784,True,True,True,210㎡,5.67万/月,9元/m/天（价格可面议）,"('39.956725', '116.456784')"
bright,(转让)B236192海淀中关村270平米饭店餐饮转让流水2万,临街门面,天创科技大厦-北京市海淀区,270.0,,,,39.987733,116.31536,True,False,False,270㎡,租金面议,转让费：面议,"('39.987733', '116.31536')"
bright,(出租)绝！好位置主街餐饮！带燃气！可餐饮医美口腔中医等,商业街店铺,朝阳-国贸东三环中路39号,300.0,40000.0,,4.444444444444445,39.911335,116.465666,True,True,True,300㎡,4万/月,4.44元/m/天（价格可面议）,"('39.911335', '116.465666')"
bright,(出租)珠市口网红步行街70平餐饮招租旅游人流量大,商业街店铺,西城-大栅栏留学路,70.0,29000.0,,13.80952380952381,39.893152,116.400855,True,True,True,70㎡,2.9万/月,13.81元/m/天（价格可面议）,"('39.893152', '116.400855')"
bright,(出租)D大兴龙湖天街底商138平招租可餐饮,临街门面,龙湖北京大兴天街-北京市大兴区,138.0,17500.0,,4.2270531400966185,39.692651,116.326758,True,True,True,138㎡,1.75万/月,4.23元/m/天（费用可面议）,"('39.692651', '116.326758')"
bright,(转让)朝外SOHO154平餐饮店转让，固定客源+高流量，白领消费高,商业街店铺,朝外SOHO,154.0,18000.0,28.0,28.0,39.925733,116.461265,True,True,True,154㎡,1.8万/月,转让费：28万元,"('39.925733', '116.461265')"
bright,(出租)西城区阜内大街89号临街底商旺铺房东直租,临街门面,阜成门内大街-89,165.0,50000.0,10.1,10.1,39.930064,116.37678,True,True,True,165㎡,5万/月,10.1元/m/天,"('39.930064', '116.37678')"
bright,(转让)德胜门商业街面包连锁蛋糕店转让客流密集位置好,临街门面,TOUSlesJOURS多乐之日(新风里店),101.2,36000.0,35.0,35.0,39.967792,116.381939,True,True,True,101.2㎡,3.6万/月,转让费：35万元,"('39.967792', '116.381939')"
bright,(出租)回龙观龙腾苑二区临街商铺出租420平可租无其他费用,临街门面,龙腾苑-二区,210.0,22000.0,3.49,3.49,40.083172,116.343681,True,True,True,210㎡,2.2万/月,3.49元/m/天,"('40.083172', '116.343681')"
bright,(出租)邻三环900平米适合办公会所餐饮茶楼娱乐,临街门面,苏皖大厦,900.0,94500.0,3.5,3.5,39.852427,116.344356,True,True,True,900㎡,9.45万/月,3.5元/m/天,"('39.852427', '116.344356')"
bright,(出租)安慧北里逸园28号楼临街底商旺铺直租,临街门面,安慧北里逸园南区-28号楼,316.0,105000.0,11.08,11.08,40.005405,116.419745,True,True,True,316㎡,10.5万/月,11.08元/m/天,"('40.005405', '116.419745')"
bright,(出租)黄村恒大未来城两层140㎡出租，成熟社区全业态，近地铁,商业街店铺,恒大未来城,140.0,8999.0,2.14,2.14,39.720345,116.320946,True,True,True,140㎡,8999元/月,2.14元/m/天,"('39.720345', '116.320946')"
bright,(出租)朝阳王四营人民日报印刷厂内1100平米餐厅档口招租,档口摊位,人民日报印刷厂,25.0,5000.0,6.67,6.67,39.866413,116.551483,True,True,True,25㎡,5000元/月,6.67元/m/天,"('39.866413', '116.551483')"
bright,(转让)朝阳北京200平餐厅转让，出租早点,社区底商,铭泽生活广场,200.0,30000.0,15.0,15.0,39.869836,116.48346,True,True,True,200㎡,3万/月,转让费：15万元,"('39.869836', '116.48346')"
bright,(转让)地铁积水潭站附近临街底商旺铺转让,临街门面,小炊谣,110.0,45900.0,15.0,15.0,39.957642,116.378567,True,True,True,110㎡,4.59万/月,转让费：15万元,"('39.957642', '116.378567')"
bright,(出租)北京核心景区南锣鼓巷c位商铺招租,商业街店铺,南锣鼓巷,400.0,200000.0,16.67,16.67,39.943562,116.408878,True,True,True,400㎡,20万/月,16.67元/m/天,"('39.943562', '116.408878')"
bright,(出租)海淀上地科实大厦底商商铺房东直租,写字楼配套,科实大厦,600.0,144000.0,8.0,8.0,40.040731,116.318389,True,True,True,600㎡,14.4万/月,8元/m/天,"('40.040731', '116.318389')"
bright,(出租)朝外大街日坛晶华8号楼底商临街门面房东直租除重餐饮外行业不限,社区底商,日坛晶华-8号楼,173.45,39000.0,7.49,7.49,39.926518,116.450761,True,True,True,173.45㎡,3.9万/月,7.49元/m/天,"('39.926518', '116.450761')"
bright,(出租)海淀五道口农业大学100-300平直租无转让费可餐饮！,临街门面,清华东路15号,105.97,26000.0,8.18,8.18,40.007289,116.366487,True,True,True,105.97㎡,2.6万/月,8.18元/m/天,"('40.007289', '116.366487')"
bright,(出租)石景山古城路步行街核心铺招租！近商场社区，人流量大,商业街店铺,古城南路步行街,140.0,,,,39.916957,116.198351,True,False,False,140㎡,租金面议,（价格可面议）,"('39.916957', '116.198351')"
bright,(转让)石景山八角西街280平精装涮肉店转租，5年租期人流量大,临街门面,八角西街,280.0,58800.0,,7.0,39.920335,116.205284,True,True,True,280㎡,5.88万/月,转让费：面议（转让费可面议）,"('39.920335', '116.205284')"
bright,(出租)奥林匹克公园临街铺面70-300平出租，12元/㎡含物业费,商业街店铺,北京工艺美术博物馆(文创店),80.0,29000.0,12.08,12.08,40.00572,116.400322,True,True,True,80㎡,2.9万/月,12.08元/m/天,"('40.00572', '116.400322')"
bright,(出租)旭景园1万平招租全业态制可仓储，配套手续齐全，整租可分租,临街门面,旭景园·精致生活广场,10000.0,,,,39.945537,116.703494,True,False,False,10000㎡,租金面议,（价格可面议）,"('39.945537', '116.703494')"
bright,(转让)蓝堡公寓饭店整体转600平精装含KTV，近华贸高客流价格可谈,商业街店铺,蓝堡国际公寓-南区,600.0,60000.0,80.0,80.0,39.916652,116.48313,True,True,True,600㎡,6万/月,转让费：80万元,"('39.916652', '116.48313')"
bright,(出租)（0转让费）朝阳欢乐谷附近Ⅰ临街流量社区底商旺铺整体出租,社区底商,PETLADY宠娘宠物生活馆(格林莱雅店),80.0,19000.0,7.92,7.92,39.873411,116.513574,True,True,True,80㎡,1.9万/月,7.92元/m/天,"('39.873411', '116.513574')"
bright,(出租)双井桥地铁D口附近临街社区底商人流量大旺铺出租位置优越,临街门面,优士阁-B座,87.0,22000.0,8.43,8.43,39.898418,116.466159,True,True,True,87㎡,2.2万/月,8.43元/m/天,"('39.898418', '116.466159')"
bright,(转让)朝阳北花园1号院一层店转租，设备全临主路,临街门面,中国传媒大学,130.0,32500.0,18.0,18.0,39.917551,116.563634,True,True,True,130㎡,3.25万/月,转让费：18万元,"('39.917551', '116.563634')"
bright,(出租)亦庄同济南路10㎡临街档口酒店公寓旁，白领多做早餐小吃奶茶佳,临街门面,同济南路,10.0,,,,39.779083,116.546239,True,False,False,10㎡,租金面议,（价格可面议）,"('39.779083', '116.546239')"
bright,(出租)新街口积水潭小西天临街商铺房东直租、周边客流大(除餐饮外),临街门面,新街口外大街29号,40.0,30000.0,25.0,25.0,39.958119,116.377868,True,True,True,40㎡,3万/月,25元/m/天,"('39.958119', '116.377868')"
bright,(出租)房东直租可线上超市台球轰趴足疗简餐中央厨房仓储,社区底商,百子湾东里,420.0,,,,39.905263,116.511316,True,False,False,420㎡,租金面议,（价格可面议）,"('39.905263', '116.511316')"
bright,(出租)物业直租朝阳大悦城附近一层临街200平带燃气餐饮商铺出租,临街门面,朝阳-朝青板块朝阳北路101号,200.0,52000.0,,8.666666666666666,39.930834,116.524829,True,True,True,200㎡,5.2万/月,8.67元/m/天（价格可面议）,"('39.930834', '116.524829')"
bright,(出租)出租常营一层商铺可餐饮精装修全业态餐饮健身,社区底商,朝阳-常营常营北路,314.24,37700.0,,3.9990665308893414,39.935541,116.599347,True,True,True,314.24㎡,3.77万/月,4元/m/天（费用可面议）,"('39.935541', '116.599347')"
bright,(出租)国贸核心建外SOHO餐饮商铺出租，设备设施齐全，业态不限,写字楼配套,朝阳-国贸东三环中路39号,150.0,25000.0,5.56,5.56,39.911335,116.465666,True,True,True,150㎡,2.5万/月,5.56元/m/天,"('39.911335', '116.465666')"
bright,(出租)常营小区出入口62平带装修招餐饮面馆沙县小笼包火锅等,临街门面,朝阳-常营常营中路,62.0,10000.0,,5.376344086021505,39.933576,116.61018,True,True,True,62㎡,1万/月,5.4元/m/天（价格可面议）,"('39.933576', '116.61018')"
bright,(出租)直租北三环惠新东街临街一层商业350平餐饮医疗展厅等等,临街门面,朝阳-惠新里惠新东街,350.0,84000.0,,8.0,39.985146,116.431007,True,True,True,350㎡,8.4万/月,8元/m/天（价格可面议）,"('39.985146', '116.431007')"
bright,(出租)枣园100平药店美容美甲熟食服饰除餐饮以外都可以,商业街店铺,枣园-地铁站-北京市大兴区,100.0,20000.0,6.67,6.67,39.759079,116.338975,True,True,True,100㎡,2万/月,6.67元/m/天,"('39.759079', '116.338975')"
bright,(出租)月坛南街十字路口直租，年轻人多适合包子刀削面米线快餐特色餐饮,商业街店铺,海淀-甘家口月坛南街3,80.0,21000.0,,8.75,39.919662,116.354245,True,True,True,80㎡,2.1万/月,8.75元/m/天（价格可面议）,"('39.919662', '116.354245')"
bright,(出租)三里屯新东路临街商业100到1千平可分租餐饮娱乐健身展厅等,商业街店铺,朝阳-三里屯幸福一村七巷,500.0,97500.0,6.5,6.5,39.940741,116.453213,True,True,True,500㎡,9.75万/月,6.5元/m/天,"('39.940741', '116.453213')"
bright,(出租)王府井步行街客流量大有消费能力餐饮特色小吃,商业街店铺,东城-王府井王府井大街176号,30.0,18000.0,20.0,20.0,39.918823,116.41829,True,True,True,30㎡,1.8万/月,20元/m/天,"('39.918823', '116.41829')"
bright,(出租)昌平回龙观可餐饮大面宽有车位大把角临主街,临街门面,昌平-天通苑育知东路30号,158.78,23800.0,5.0,5.0,40.078442,116.342957,True,True,True,158.78㎡,2.38万/月,5元/m/天,"('40.078442', '116.342957')"
bright,(出租)（朝阳旺铺）临街底商户型方正，餐饮，美容，美发，药店，全业态,社区底商,朝阳-常营常营中路,174.0,15700.0,,3.007662835249042,39.92927,116.608172,True,True,True,174㎡,1.57万/月,3元/m/天（价格可面议）,"('39.92927', '116.608172')"
bright,(出租)中日友好医院旁临街一层20平适合各类餐饮小吃全天人流不断,临街门面,朝阳-西坝河樱花园东街,20.0,25000.0,41.67,41.67,39.977189,116.431317,True,True,True,20㎡,2.5万/月,41.67元/m/天,"('39.977189', '116.431317')"
bright,(出租)海淀知春路院里一层750平超大展示面不能餐饮医疗其他不限,写字楼配套,海淀-知春路详细地址请咨询,750.0,202500.0,,9.0,39.980807,116.343183,True,True,True,750㎡,20.25万/月,9元/m/天（价格可面议）,"('39.980807', '116.343183')"
bright,(出租)便宜出，超大门头招租医疗诊所，美容美发，零售，展厅，各种餐饮,社区底商,海淀-四季青彰化路,156.0,20000.0,,4.273504273504273,39.947463,116.286392,True,True,True,156㎡,2万/月,4.27元/m/天（价格可面议）,"('39.947463', '116.286392')"
bright,(出租)丰台金茂广场！全业态可餐饮人流量很大适合美甲咖啡餐饮,临街门面,丰台-科技园区详细地址请咨询,80.0,6000.0,,2.5,39.836411,116.309895,True,True,True,80㎡,6000元/月,2.5元/m/天（费用可面议）,"('39.836411', '116.309895')"
bright,(出租)朝阳周边望京SOHO餐饮底商招商,写字楼配套,朝阳-望京望京街10号,314.0,36000.0,3.82,3.82,40.002437,116.487916,True,True,True,314㎡,3.6万/月,3.82元/m/天,"('40.002437', '116.487916')"
bright,(出租)鸿坤广场十字路口底商13米展示面全业态可餐饮有燃气,临街门面,大兴-西红门欣旺北大街8号,100.0,,,,39.7972913,116.3466145,True,False,False,100㎡,租金面议,,"('39.7972913', '116.3466145')"
bright,(出租)街临街一层推荐各种业态租金低配套齐全一手资源手慢无推荐餐饮,临街门面,丰台-七里庄万丰路305号,50.0,18500.0,,12.333333333333334,39.87921,116.302676,True,True,True,50㎡,1.85万/月,12.33元/m/天（价格可面议）,"('39.87921', '116.302676')"
bright,(转让)朝外SOHO154平餐饮店转让，固定客源+高流量，白领消费高,商业街店铺,朝外SOHO,154.0,18000.0,28.0,28.0,39.925733,116.461265,True,True,True,154㎡,1.8万/月,转让费：28万元,"('39.925733', '116.461265')"
bright,(出租)西城区阜内大街89号临街底商旺铺房东直租,临街门面,阜成门内大街-89,165.0,50000.0,10.1,10.1,39.930064,116.37678,True,True,True,165㎡,5万/月,10.1元/m/天,"('39.930064', '116.37678')"
bright,(转让)德胜门商业街面包连锁蛋糕店转让客流密集位置好,临街门面,TOUSlesJOURS多乐之日(新风里店),101.2,36000.0,35.0,35.0,39.967792,116.381939,True,True,True,101.2㎡,3.6万/月,转让费：35万元,"('39.967792', '116.381939')"
bright,(出租)回龙观龙腾苑二区临街商铺出租420平可租无其他费用,临街门面,龙腾苑-二区,210.0,22000.0,3.49,3.49,40.083172,116.343681,True,True,True,210㎡,2.2万/月,3.49元/m/天,"('40.083172', '116.343681')"
bright,(出租)邻三环900平米适合办公会所餐饮茶楼娱乐,临街门面,苏皖大厦,900.0,94500.0,3.5,3.5,39.852427,116.344356,True,True,True,900㎡,9.45万/月,3.5元/m/天,"('39.852427', '116.344356')"
bright,(出租)安慧北里逸园28号楼临街底商旺铺直租,临街门面,安慧北里逸园南区-28号楼,316.0,105000.0,11.08,11.08,40.005405,116.419745,True,True,True,316㎡,10.5万/月,11.08元/m/天,"('40.005405', '116.419745')"
bright,(出租)黄村恒大未来城两层140㎡出租，成熟社区全业态，近地铁,商业街店铺,恒大未来城,140.0,8999.0,2.14,2.14,39.720345,116.320946,True,True,True,140㎡,8999元/月,2.14元/m/天,"('39.720345', '116.320946')"
bright,(出租)朝阳王四营人民日报印刷厂内1100平米餐厅档口招租,档口摊位,人民日报印刷厂,25.0,5000.0,6.67,6.67,39.866413,116.551483,True,True,True,25㎡,5000元/月,6.67元/m/天,"('39.866413', '116.551483')"
bright,(转让)朝阳北京200平餐厅转让，出租早点,社区底商,铭泽生活广场,200.0,30000.0,15.0,15.0,39.869836,116.48346,True,True,True,200㎡,3万/月,转让费：15万元,"('39.869836', '116.48346')"
bright,(转让)地铁积水潭站附近临街底商旺铺转让,临街门面,小炊谣,110.0,45900.0,15.0,15.0,39.957642,116.378567,True,True,True,110㎡,4.59万/月,转让费：15万元,"('39.957642', '116.378567')"
bright,(出租)北京核心景区南锣鼓巷c位商铺招租,商业街店铺,南锣鼓巷,400.0,200000.0,16.67,16.67,39.943562,116.408878,True,True,True,400㎡,20万/月,16.67元/m/天,"('39.943562', '116.408878')"
bright,(出租)海淀上地科实大厦底商商铺房东直租,写字楼配套,科实大厦,600.0,144000.0,8.0,8.0,40.040731,116.318389,True,True,True,600㎡,14.4万/月,8元/m/天,"('40.040731', '116.318389')"
bright,(出租)朝外大街日坛晶华8号楼底商临街门面房东直租除重餐饮外行业不限,社区底商,日坛晶华-8号楼,173.45,39000.0,7.49,7.49,39.926518,116.450761,True,True,True,173.45㎡,3.9万/月,7.49元/m/天,"('39.926518', '116.450761')"
bright,(出租)海淀五道口农业大学100-300平直租无转让费可餐饮！,临街门面,清华东路15号,105.97,26000.0,8.18,8.18,40.007289,116.366487,True,True,True,105.97㎡,2.6万/月,8.18元/m/天,"('40.007289', '116.366487')"
bright,(出租)石景山古城路步行街核心铺招租！近商场社区，人流量大,商业街店铺,古城南路步行街,140.0,,,,39.916957,116.198351,True,False,False,140㎡,租金面议,（价格可面议）,"('39.916957', '116.198351')"
bright,(转让)石景山八角西街280平精装涮肉店转租，5年租期人流量大,临街门面,八角西街,280.0,58800.0,,7.0,39.920335,116.205284,True,True,True,280㎡,5.88万/月,转让费：面议（转让费可面议）,"('39.920335', '116.205284')"
bright,(出租)奥林匹克公园临街铺面70-300平出租，12元/㎡含物业费,商业街店铺,北京工艺美术博物馆(文创店),80.0,29000.0,12.08,12.08,40.00572,116.400322,True,True,True,80㎡,2.9万/月,12.08元/m/天,"('40.00572', '116.400322')"
bright,(出租)旭景园1万平招租全业态制可仓储，配套手续齐全，整租可分租,临街门面,旭景园·精致生活广场,10000.0,,,,39.945537,116.703494,True,False,False,10000㎡,租金面议,（价格可面议）,"('39.945537', '116.703494')"
bright,(转让)蓝堡公寓饭店整体转600平精装含KTV，近华贸高客流价格可谈,商业街店铺,蓝堡国际公寓-南区,600.0,60000.0,80.0,80.0,39.916652,116.48313,True,True,True,600㎡,6万/月,转让费：80万元,"('39.916652', '116.48313')"
bright,(出租)（0转让费）朝阳欢乐谷附近Ⅰ临街流量社区底商旺铺整体出租,社区底商,PETLADY宠娘宠物生活馆(格林莱雅店),80.0,19000.0,7.92,7.92,39.873411,116.513574,True,True,True,80㎡,1.9万/月,7.92元/m/天,"('39.873411', '116.513574')"
bright,(出租)双井桥地铁D口附近临街社区底商人流量大旺铺出租位置优越,临街门面,优士阁-B座,87.0,22000.0,8.43,8.43,39.898418,116.466159,True,True,True,87㎡,2.2万/月,8.43元/m/天,"('39.898418', '116.466159')"
bright,(转让)朝阳北花园1号院一层店转租，设备全临主路,临街门面,中国传媒大学,130.0,32500.0,18.0,18.0,39.917551,116.563634,True,True,True,130㎡,3.25万/月,转让费：18万元,"('39.917551', '116.563634')"
bright,(出租)亦庄同济南路10㎡临街档口酒店公寓旁，白领多做早餐小吃奶茶佳,临街门面,同济南路,10.0,,,,39.779083,116.546239,True,False,False,10㎡,租金面议,（价格可面议）,"('39.779083', '116.546239')"
bright,(出租)新街口积水潭小西天临街商铺房东直租、周边客流大(除餐饮外),临街门面,新街口外大街29号,40.0,30000.0,25.0,25.0,39.958119,116.377868,True,True,True,40㎡,3万/月,25元/m/天,"('39.958119', '116.377868')"
bright,(出租)房东直租可线上超市台球轰趴足疗简餐中央厨房仓储,社区底商,百子湾东里,420.0,,,,39.905263,116.511316,True,False,False,420㎡,租金面议,（价格可面议）,"('39.905263', '116.511316')"
bright,(出租)出租常营一层商铺可餐饮精装修全业态餐饮健身,社区底商,朝阳-常营常营北路,314.24,37700.0,,3.9990665308893414,39.935541,116.599347,True,True,True,314.24㎡,3.77万/月,4元/m/天（费用可面议）,"('39.935541', '116.599347')"
bright,(出租)西四临街商铺出租全天人流适合砂锅米线麻辣烫等特色餐饮,商业街店铺,西城-西四西四北大街156号,110.0,25000.0,7.58,7.58,39.933374,116.380001,True,True,True,110㎡,2.5万/月,7.58元/m/天,"('39.933374', '116.380001')"
bright,(出租)国贸核心建外SOHO餐饮商铺出租，设备设施齐全，业态不限,写字楼配套,朝阳-国贸东三环中路39号,150.0,25000.0,5.56,5.56,39.911335,116.465666,True,True,True,150㎡,2.5万/月,5.56元/m/天,"('39.911335', '116.465666')"
bright,(出租)永定临街50平带装修可餐饮适合鲜花零食团购外卖等,商业街店铺,门头沟-永定何各庄中街,42.41,5500.0,,4.3228798239408945,39.909392,116.114489,True,True,True,42.41㎡,5500元/月,4.32元/m/天（价格可面议）,"('39.909392', '116.114489')"
bright,(出租)六道口地铁站旺铺转让日均流水一万房租便宜适合各种网红餐饮,商业街店铺,海淀-学院路学清路六道口甲39号,260.0,45000.0,,5.769230769230769,40.011807,116.357163,True,True,True,260㎡,4.5万/月,5.77元/m/天（费用可面议）,"('40.011807', '116.357163')"
bright,(出租)朝阳地铁口展示面9米旺铺出租烟酒店餐饮展厅诊所专卖店,其他,朝阳-定福庄朝阳北路,118.58,,,,39.929826,116.570245,True,False,False,118.58㎡,租金面议,,"('39.929826', '116.570245')"
bright,(出租)通州友谊医院附近临街大展示面1630平餐饮装修,临街门面,通州-潞苑潞苑东路,1630.0,122300.0,,2.5010224948875255,39.933898,116.692146,True,True,True,1630㎡,12.23万/月,2.5元/m/天（价格可面议）,"('39.933898', '116.692146')"
bright,(出租)垡头二层200平全业态，可餐饮，好铺子，需要的联系,社区底商,朝阳-垡头南武路,200.0,,,,39.863865,116.516451,True,False,False,200㎡,租金面议,,"('39.863865', '116.516451')"
bright,(出租)，价，300平餐饮旺铺团结湖临街一层,临街门面,朝阳-团结湖朝阳北路,300.0,,,,39.929359,116.469547,True,False,False,300㎡,租金面议,,"('39.929359', '116.469547')"
bright,(出租)惠新东街对外经贸大学门口300平大展示面各类餐饮,商业街店铺,朝阳-小关惠新东街,300.0,114300.0,,12.7,39.986621,116.430688,True,True,True,300㎡,11.43万/月,12.7元/m/天（价格可面议）,"('39.986621', '116.430688')"
bright,(出租)通州运河商务区底商出租丨餐饮装修86平丨北关侨商保利,商业街店铺,通州-北关详细地址请咨询,86.0,9030.0,,3.5,39.923922,116.66369,True,True,True,86㎡,9030元/月,3.5元/m/天（价格可面议）,"('39.923922', '116.66369')"
bright,(出租)海淀军博底商240平适合茶馆美容餐饮铁锅炖,写字楼配套,海淀-军博详细地址请咨询,256.0,,,,39.904679,116.340369,True,False,False,256㎡,租金面议,,"('39.904679', '116.340369')"
bright,(出租)通州土桥业态保护招餐饮美容药店烘焙电动车宠物团购等,临街门面,通州-土桥九棵树东路,80.0,14400.0,6.0,6.0,39.877316,116.695582,True,True,True,80㎡,1.44万/月,6元/m/天,"('39.877316', '116.695582')"
bright,(出租)三元桥三环沿线3000平米酒店公寓展厅餐饮,写字楼配套,朝阳-燕莎凤凰环路,3500.0,,,,39.96893,116.46144,True,False,False,3500㎡,租金面议,,"('39.96893', '116.46144')"
bright,(出租)常营社区口有燃气可餐饮招快餐烧烤培训养生按摩,社区底商,朝阳-常营常营中路3号,125.0,,,,39.936919,116.612233,True,False,False,125㎡,租金面议,,"('39.936919', '116.612233')"
bright,(出租)三里屯临街230平米餐饮装修适合酒吧剧场餐饮核心位置,商业街店铺,朝阳-三里屯工人体育场北路,230.0,,,,39.937492,116.460034,True,False,False,230㎡,租金面议,,"('39.937492', '116.460034')"
bright,(出租)新出牡丹园北土城路一层可做餐饮快餐面食等奶站牛羊肉,临街门面,海淀-牡丹园牡丹园中街,50.0,21000.0,14.0,14.0,39.985115,116.379256,True,True,True,50㎡,2.1万/月,14元/m/天,"('39.985115', '116.379256')"
bright,(出租)西红门写字楼底商，临街大面宽可做餐饮带燃气，全业态直租,临街门面,大兴-西红门宏福路,123.0,29500.0,,7.994579945799458,39.796014,116.353093,True,True,True,123㎡,2.95万/月,8元/m/天（价格可面议）,"('39.796014', '116.353093')"
bright,(转让)朝外SOHO154平餐饮店转让，固定客源+高流量，白领消费高,商业街店铺,朝外SOHO,154.0,18000.0,28.0,28.0,39.925733,116.461265,True,True,True,154㎡,1.8万/月,转让费：28万元,"('39.925733', '116.461265')"
bright,(出租)西城区阜内大街89号临街底商旺铺房东直租,临街门面,阜成门内大街-89,165.0,50000.0,10.1,10.1,39.930064,116.37678,True,True,True,165㎡,5万/月,10.1元/m/天,"('39.930064', '116.37678')"
bright,(转让)德胜门商业街面包连锁蛋糕店转让客流密集位置好,临街门面,TOUSlesJOURS多乐之日(新风里店),101.2,36000.0,35.0,35.0,39.967792,116.381939,True,True,True,101.2㎡,3.6万/月,转让费：35万元,"('39.967792', '116.381939')"
bright,(出租)回龙观龙腾苑二区临街商铺出租420平可租无其他费用,临街门面,龙腾苑-二区,210.0,22000.0,3.49,3.49,40.083172,116.343681,True,True,True,210㎡,2.2万/月,3.49元/m/天,"('40.083172', '116.343681')"
bright,(出租)邻三环900平米适合办公会所餐饮茶楼娱乐,临街门面,苏皖大厦,900.0,94500.0,3.5,3.5,39.852427,116.344356,True,True,True,900㎡,9.45万/月,3.5元/m/天,"('39.852427', '116.344356')"
bright,(出租)安慧北里逸园28号楼临街底商旺铺直租,临街门面,安慧北里逸园南区-28号楼,316.0,105000.0,11.08,11.08,40.005405,116.419745,True,True,True,316㎡,10.5万/月,11.08元/m/天,"('40.005405', '116.419745')"
bright,(出租)黄村恒大未来城两层140㎡出租，成熟社区全业态，近地铁,商业街店铺,恒大未来城,140.0,8999.0,2.14,2.14,39.720345,116.320946,True,True,True,140㎡,8999元/月,2.14元/m/天,"('39.720345', '116.320946')"
bright,(出租)朝阳王四营人民日报印刷厂内1100平米餐厅档口招租,档口摊位,人民日报印刷厂,25.0,5000.0,6.67,6.67,39.866413,116.551483,True,True,True,25㎡,5000元/月,6.67元/m/天,"('39.866413', '116.551483')"
bright,(转让)朝阳北京200平餐厅转让，出租早点,社区底商,铭泽生活广场,200.0,30000.0,15.0,15.0,39.869836,116.48346,True,True,True,200㎡,3万/月,转让费：15万元,"('39.869836', '116.48346')"
bright,(转让)地铁积水潭站附近临街底商旺铺转让,临街门面,小炊谣,110.0,45900.0,15.0,15.0,39.957642,116.378567,True,True,True,110㎡,4.59万/月,转让费：15万元,"('39.957642', '116.378567')"
bright,(出租)北京核心景区南锣鼓巷c位商铺招租,商业街店铺,南锣鼓巷,400.0,200000.0,16.67,16.67,39.943562,116.408878,True,True,True,400㎡,20万/月,16.67元/m/天,"('39.943562', '116.408878')"
bright,(出租)海淀上地科实大厦底商商铺房东直租,写字楼配套,科实大厦,600.0,144000.0,8.0,8.0,40.040731,116.318389,True,True,True,600㎡,14.4万/月,8元/m/天,"('40.040731', '116.318389')"
bright,(出租)朝外大街日坛晶华8号楼底商临街门面房东直租除重餐饮外行业不限,社区底商,日坛晶华-8号楼,173.45,39000.0,7.49,7.49,39.926518,116.450761,True,True,True,173.45㎡,3.9万/月,7.49元/m/天,"('39.926518', '116.450761')"
bright,(出租)海淀五道口农业大学100-300平直租无转让费可餐饮！,临街门面,清华东路15号,105.97,26000.0,8.18,8.18,40.007289,116.366487,True,True,True,105.97㎡,2.6万/月,8.18元/m/天,"('40.007289', '116.366487')"
bright,(出租)石景山古城路步行街核心铺招租！近商场社区，人流量大,商业街店铺,古城南路步行街,140.0,,,,39.916957,116.198351,True,False,False,140㎡,租金面议,（价格可面议）,"('39.916957', '116.198351')"
bright,(转让)石景山八角西街280平精装涮肉店转租，5年租期人流量大,临街门面,八角西街,280.0,58800.0,,7.0,39.920335,116.205284,True,True,True,280㎡,5.88万/月,转让费：面议（转让费可面议）,"('39.920335', '116.205284')"
bright,(出租)奥林匹克公园临街铺面70-300平出租，12元/㎡含物业费,商业街店铺,北京工艺美术博物馆(文创店),80.0,29000.0,12.08,12.08,40.00572,116.400322,True,True,True,80㎡,2.9万/月,12.08元/m/天,"('40.00572', '116.400322')"
bright,(出租)旭景园1万平招租全业态制可仓储，配套手续齐全，整租可分租,临街门面,旭景园·精致生活广场,10000.0,,,,39.945537,116.703494,True,False,False,10000㎡,租金面议,（价格可面议）,"('39.945537', '116.703494')"
bright,(转让)蓝堡公寓饭店整体转600平精装含KTV，近华贸高客流价格可谈,商业街店铺,蓝堡国际公寓-南区,600.0,60000.0,80.0,80.0,39.916652,116.48313,True,True,True,600㎡,6万/月,转让费：80万元,"('39.916652', '116.48313')"
bright,(出租)（0转让费）朝阳欢乐谷附近Ⅰ临街流量社区底商旺铺整体出租,社区底商,PETLADY宠娘宠物生活馆(格林莱雅店),80.0,19000.0,7.92,7.92,39.873411,116.513574,True,True,True,80㎡,1.9万/月,7.92元/m/天,"('39.873411', '116.513574')"
bright,(出租)双井桥地铁D口附近临街社区底商人流量大旺铺出租位置优越,临街门面,优士阁-B座,87.0,22000.0,8.43,8.43,39.898418,116.466159,True,True,True,87㎡,2.2万/月,8.43元/m/天,"('39.898418', '116.466159')"
bright,(转让)朝阳北花园1号院一层店转租，设备全临主路,临街门面,中国传媒大学,130.0,32500.0,18.0,18.0,39.917551,116.563634,True,True,True,130㎡,3.25万/月,转让费：18万元,"('39.917551', '116.563634')"
bright,(出租)亦庄同济南路10㎡临街档口酒店公寓旁，白领多做早餐小吃奶茶佳,临街门面,同济南路,10.0,,,,39.779083,116.546239,True,False,False,10㎡,租金面议,（价格可面议）,"('39.779083', '116.546239')"
bright,(出租)新街口积水潭小西天临街商铺房东直租、周边客流大(除餐饮外),临街门面,新街口外大街29号,40.0,30000.0,25.0,25.0,39.958119,116.377868,True,True,True,40㎡,3万/月,25元/m/天,"('39.958119', '116.377868')"
bright,(出租)房东直租可线上超市台球轰趴足疗简餐中央厨房仓储,社区底商,百子湾东里,420.0,,,,39.905263,116.511316,True,False,False,420㎡,租金面议,（价格可面议）,"('39.905263', '116.511316')"
bright,(出租)出租常营一层商铺可餐饮精装修全业态餐饮健身,社区底商,朝阳-常营常营北路,314.24,37700.0,,3.9990665308893414,39.935541,116.599347,True,True,True,314.24㎡,3.77万/月,4元/m/天（费用可面议）,"('39.935541', '116.599347')"
bright,(出租)北安河安河家园底商纯一层餐饮商铺有燃气,社区底商,安河家园九里-西门-北京市海淀区,170.0,,,,40.075028,116.133065,True,False,False,170㎡,租金面议,,"('40.075028', '116.133065')"
bright,(出租)西四临街商铺出租全天人流适合砂锅米线麻辣烫等特色餐饮,商业街店铺,西城-西四西四北大街156号,110.0,25000.0,7.58,7.58,39.933374,116.380001,True,True,True,110㎡,2.5万/月,7.58元/m/天,"('39.933374', '116.380001')"
bright,(出租)新出牡丹园北土城路一层可做餐饮快餐面食等奶站牛羊肉,临街门面,海淀-牡丹园牡丹园中街,50.0,21000.0,14.0,14.0,39.985115,116.379256,True,True,True,50㎡,2.1万/月,14元/m/天,"('39.985115', '116.379256')"
bright,(出租)西红门写字楼底商，临街大面宽可做餐饮带燃气，全业态直租,临街门面,大兴-西红门宏福路,123.0,29500.0,,7.994579945799458,39.796014,116.353093,True,True,True,123㎡,2.95万/月,8元/m/天（价格可面议）,"('39.796014', '116.353093')"
bright,(出租)把角小可餐饮三面展示招：餐饮生鲜棋牌美容理发,临街门面,通州-临河里颐瑞中二路,65.0,11700.0,,6.0,39.873484,116.687362,True,True,True,65㎡,1.17万/月,6元/m/天（费用可面议）,"('39.873484', '116.687362')"
bright,(出租)房山地铁口可餐饮小吃招快餐花店烟酒烤肉酒馆药店,社区底商,房山-良乡苏庄东街,65.0,,,,39.733257,116.134652,True,False,False,65㎡,租金面议,,"('39.733257', '116.134652')"
bright,(出租)海淀双榆树临街商业招租餐饮适合烤肉火锅烧烤川湘菜等,商业街店铺,海淀-双榆树中关村大街,365.0,49300.0,4.5,4.5,39.97725,116.326167,True,True,True,365㎡,4.93万/月,4.5元/m/天,"('39.97725', '116.326167')"
bright,(出租)丰台科技园一层279平餐饮装修可餐饮会所接待全业态,写字楼配套,丰台-科技园区南四环西路,279.0,46000.0,,5.4958183990442055,39.835528,116.305732,True,True,True,279㎡,4.6万/月,5.5元/m/天（价格可面议）,"('39.835528', '116.305732')"
bright,(转让)V海淀区品牌外卖餐饮转让25162,购物百货中心,万泉河桥-地铁站-北京市海淀区,30.0,12000.0,,13.333333333333334,39.991441,116.305367,True,True,True,30㎡,1.2万/月,转让费：面议（费用可面议）,"('39.991441', '116.305367')"
bright,(出租)通州38平到681平招烟酒手机维修餐饮台球等,购物百货中心,通州-运河大街详细地址请咨询,80.0,7200.0,,3.0,39.908404,116.694442,True,True,True,80㎡,7200元/月,3元/m/天（价格可面议）,"('39.908404', '116.694442')"
bright,(出租)工体南门写字楼酒店商圈周围临街一层招租餐饮,商业街店铺,朝阳-工体工体东路,231.0,48500.0,,6.998556998556999,39.932633,116.457843,True,True,True,231㎡,4.85万/月,7元/m/天（价格可面议）,"('39.932633', '116.457843')"
bright,(出租)万寿路900平餐饮会所出租修有天燃气可注册全业态停车方便,其他,海淀-万寿路万寿路西街1号,900.0,,,,39.916717,116.300637,True,False,False,900㎡,租金面议,,"('39.916717', '116.300637')"
bright,(出租)仅一铺！交大餐饮！适合：麻辣烫，重庆小面，米粉米线，烧鹅饭等,社区底商,海淀-皂君庙详细地址请咨询,60.0,35000.0,,19.444444444444443,39.957904,116.355872,True,True,True,60㎡,3.5万/月,19.44元/m/天（费用可面议）,"('39.957904', '116.355872')"
bright,(出租)朝阳常营2套全业态有燃气适合餐饮烘焙干洗美容美发足疗等,临街门面,朝阳-常营常利路,125.0,28100.0,7.5,7.5,39.936289,116.613793,True,True,True,125㎡,2.81万/月,7.5元/m/天,"('39.936289', '116.613793')"
bright,(出租)大兴瀛海全业态可餐饮美食使用率高价格低大人流临街,商业街店铺,大兴-瀛海镇详细地址请咨询,87.0,19600.0,7.5,7.5,39.763422,116.453115,True,True,True,87㎡,1.96万/月,7.5元/m/天,"('39.763422', '116.453115')"
bright,(出租)海淀区，五道口，适合，网红餐饮，烤肉，烧烤，火锅，菜，,购物百货中心,海淀-学院路北成府路28号,420.0,88200.0,7.0,7.0,39.997718,116.345938,True,True,True,420㎡,8.82万/月,7元/m/天,"('39.997718', '116.345938')"
bright,(出租)石景山，西井，杨庄，3000平可分，银行，展厅，餐饮，，,商业街店铺,石景山-八宝山详细地址请咨询,3000.0,675000.0,,7.5,39.936516,116.198274,True,True,True,3000㎡,67.5万/月,7.5元/m/天（价格可面议）,"('39.936516', '116.198274')"
dark,(出租)朝阳们美食城每天三千多人美食城招板面饺子打卤面潘家园,档口摊位,朝阳-三里屯详细地址请咨询,20.0,6000.0,,10.0,39.944609,116.461708,True,True,True,20㎡,6000元/月,10元/m/天（费用可面议）,"('39.944609', '116.461708')"
dark,(出租)朝阳大悦城旁边美食城传媒大学东直门西直门中关村望京档口,档口摊位,朝阳-朝青板块朝阳北路101号,30.0,6500.0,,7.222222222222222,39.930834,116.524829,True,True,True,30㎡,6500元/月,7.22元/m/天（费用可面议）,"('39.930834', '116.524829')"
dark,(出租)朝阳区国贸万单店商圈全新美食城外卖档口招租,档口摊位,朝阳-国贸建国门外大街甲5号,15.0,4000.0,,8.88888888888889,39.914732,116.45748,True,True,True,15㎡,4000元/月,8.89元/m/天（价格可面议）,"('39.914732', '116.45748')"
dark,(出租)东三环外卖核心商圈可全天24小时营业（可免费上京东）,档口摊位,朝阳-双井广渠路66号,18.0,5500.0,,10.185185185185185,39.896966,116.470282,True,True,True,18㎡,5500元/月,10.19元/m/天（价格可面议）,"('39.896966', '116.470282')"
dark,(出租)朝阳住邦20002号楼小面积商铺、堂食档口，外卖档口招租,档口摊位,住邦2000,15.0,5000.0,11.11,11.11,39.920886,116.500805,True,True,True,15㎡,5000元/月,11.11元/m/天,"('39.920886', '116.500805')"
dark,(出租)昌平区回龙观万单店商圈美食城外卖档口诚意招租,档口摊位,昌平-回龙观育知东路,18.0,5000.0,,9.25925925925926,40.086856,116.339897,True,True,True,18㎡,5000元/月,9.26元/m/天（价格可面议）,"('40.086856', '116.339897')"
dark,(出租)海淀区紫竹桥地铁16号线万寿寺美食城外卖档口诚意招租,档口摊位,北京市海淀区紫竹院路31号,15.0,8000.0,,17.77777777777778,39.950299,116.312458,True,True,True,15㎡,8000元/月,17.78元/m/天（价格可面议）,"('39.950299', '116.312458')"
dark,(出租)朝阳区酒仙桥将台地铁站美食城外卖档口诚意招租,档口摊位,朝阳-酒仙桥将台-地铁站-北京市朝阳区,15.0,4000.0,,8.88888888888889,39.977235,116.49668,True,True,True,15㎡,4000元/月,8.89元/m/天（价格可面议）,"('39.977235', '116.49668')"
dark,(出租)朝阳区望京地铁14号线15号线美食城外卖档口诚意招租,档口摊位,朝阳-望京望京东园一区120号,15.0,4000.0,,8.88888888888889,40.0047828,116.488867,True,True,True,15㎡,4000元/月,8.89元/m/天（价格可面议）,"('40.0047828', '116.488867')"
dark,(出租)国贸超大型堂食美食城座位数850，覆盖周边1万客流,档口摊位,详细地址请咨询,16.0,,,,39.921365,116.469919,True,False,False,16㎡,租金面议,,"('39.921365', '116.469919')"
dark,(出租)直租朝阳亚运村大屯小营美食城燃气档口可堂食外卖24小时,档口摊位,亚辰生活物品购物街-北京市朝阳区,18.0,5000.0,,9.25925925925926,40.00544,116.429145,True,True,True,18㎡,5000元/月,9.26元/m/天（价格可面议）,"('40.00544', '116.429145')"
dark,(出租)免租期2个月！大兴旧宫核心商圈美食档口15~18平米,档口摊位,大兴-旧宫小红门路,18.0,6000.0,,11.11111111111111,39.817428,116.46221,True,True,True,18㎡,6000元/月,11.11元/m/天（价格可面议）,"('39.817428', '116.46221')"
dark,(出租)个人出租高客单高单量商圈中关村苏州街纯外卖档口招租,档口摊位,北京市海淀区海淀南路34号,18.0,6500.0,,12.037037037037036,39.980575,116.309615,True,True,True,18㎡,6500元/月,12.04元/m/天（费用可面议）,"('39.980575', '116.309615')"
dark,(出租)东三环外卖核心商圈可全天24小时营业（可免费上京东）,档口摊位,朝阳-双井广渠路66号,15.0,5500.0,,12.222222222222221,39.897037,116.470371,True,True,True,15㎡,5500元/月,12.22元/m/天（价格可面议）,"('39.897037', '116.470371')"
dark,(出租)通州宋庄美食城档口堂食外卖15平4500元09,档口摊位,诚为先美食城-北京市通州区,20.0,4500.0,7.5,7.5,39.913424,116.668992,True,True,True,20㎡,4500元/月,7.5元/m/天,"('39.913424', '116.668992')"
dark,(出租)通州九棵树美食城档口堂食外卖15平4500元04,档口摊位,诚为先美食城-北京市通州区,20.0,4500.0,7.5,7.5,39.913424,116.668992,True,True,True,20㎡,4500元/月,7.5元/m/天,"('39.913424', '116.668992')"
dark,(出租)通州土桥美食城档口堂食外卖15平4500元11,档口摊位,诚为先美食城-北京市通州区,20.0,4500.0,7.5,7.5,39.913424,116.668992,True,True,True,20㎡,4500元/月,7.5元/m/天,"('39.913424', '116.668992')"
dark,(出租)通州乔庄美食城档口堂食外卖15平4500元08,档口摊位,诚为先美食城-北京市通州区,20.0,4500.0,7.5,7.5,39.913424,116.668992,True,True,True,20㎡,4500元/月,7.5元/m/天,"('39.913424', '116.668992')"
dark,(出租)传媒大学校内水吧位置能做咖啡，校内两万人,档口摊位,朝阳-定福庄详细地址请咨询,20.0,7000.0,,11.666666666666666,39.918236,116.567481,True,True,True,20㎡,7000元/月,11.67元/m/天（价格可面议）,"('39.918236', '116.567481')"
dark,(出租)房东直租丨传媒园区火爆堂食美食城，环境好，客流多可来快餐,档口摊位,详细地址请咨询,15.0,,,,39.913803,116.538031,True,False,False,15㎡,租金面议,,"('39.913803', '116.538031')"
dark,(出租)业主直租临街美食城（堂和外）17平档口，周边写字楼人群密集,档口摊位,闽龙周庄里,17.0,6000.0,11.76,11.76,39.86702,116.477235,True,True,True,17㎡,6000元/月,11.76元/m/天,"('39.86702', '116.477235')"
dark,(出租)朝阳住邦20002号楼小面积商铺、堂食档口，外卖档口招租,档口摊位,住邦2000,15.0,5000.0,11.11,11.11,39.920886,116.500805,True,True,True,15㎡,5000元/月,11.11元/m/天,"('39.920886', '116.500805')"
dark,(出租)直租Ⅰ美团外卖浣熊食堂24h营业位置优越人流量大,档口摊位,物美(双井店),18.0,,,,39.899485,116.466599,True,False,False,18㎡,租金面议,（价格可面议）,"('39.899485', '116.466599')"
dark,(出租)朝阳周边望京中心外卖档口招商品类不限,社区底商,朝阳-望京阜通西大街,15.0,8000.0,17.78,17.78,40.0024397129,116.4778671178,True,True,True,15㎡,8000元/月,17.78元/m/天,"('40.0024397129', '116.4778671178')"
dark,(出租)朝阳周边安贞商圈外卖档口招商品类不限,购物百货中心,朝阳-安贞冬奥村南街,20.0,8000.0,13.33,13.33,39.985357,116.404981,True,True,True,20㎡,8000元/月,13.33元/m/天,"('39.985357', '116.404981')"
dark,(出租)东大桥芳草地SOHO尚都外卖档口燃气排烟380V动力电,写字楼配套,朝阳-东大桥东大桥路8号,125.0,12000.0,3.2,3.2,39.9242471,116.4592123,True,True,True,125㎡,1.2万/月,3.2元/m/天,"('39.9242471', '116.4592123')"
dark,(出租)五道口中关村外卖档口七千，人民大学带燃气海淀美食城档口出租,档口摊位,海淀-中关村详细地址请咨询,30.0,6500.0,,7.222222222222222,39.990259,116.334522,True,True,True,30㎡,6500元/月,7.22元/m/天（价格可面议）,"('39.990259', '116.334522')"
dark,(出租)个人场地招租四道口大钟寺外卖档口招租有部分堂食位置,档口摊位,北京市海淀区四道口路一号,18.0,6000.0,,11.11111111111111,39.972255,116.348155,True,True,True,18㎡,6000元/月,11.11元/m/天（费用可面议）,"('39.972255', '116.348155')"
dark,(出租)三元桥亮马桥档口6千，立水桥外卖档口5千安贞堂食档口8千,档口摊位,大兴-旧宫详细地址请咨询,15.0,5000.0,,11.11111111111111,40.060246,116.422212,True,True,True,15㎡,5000元/月,11.11元/m/天（费用可面议）,"('40.060246', '116.422212')"
dark,(出租)朝阳周边望京SOHO纯电外卖档口招商品类不限,社区底商,朝阳-望京望京街,15.0,7000.0,15.56,15.56,40.006344,116.479727,True,True,True,15㎡,7000元/月,15.56元/m/天,"('40.006344', '116.479727')"
dark,(出租)海淀苏州街中关村五道口学院路外卖档口直租，8000起,档口摊位,海淀-学院路详细地址请咨询,20.0,6500.0,,10.833333333333334,40.007842,116.360435,True,True,True,20㎡,6500元/月,10.83元/m/天（价格可面议）,"('40.007842', '116.360435')"
dark,(出租)朝阳周边望京SOHO燃气外卖档口招商,档口摊位,朝阳-望京望京街,20.0,9000.0,15.0,15.0,40.006344,116.479727,True,True,True,20㎡,9000元/月,15元/m/天,"('40.006344', '116.479727')"
dark,(出租)朝阳周边望京SOHO燃气外卖档口，品类不限招商,档口摊位,朝阳-望京望京街,50.0,14000.0,9.33,9.33,40.006344,116.479727,True,True,True,50㎡,1.4万/月,9.33元/m/天,"('40.006344', '116.479727')"
dark,(出租)物业直租丨国贸临街~业态不限外卖档口鲜花烘焙小吃,商业街店铺,朝阳-国贸东三环中路39号,50.0,10000.0,6.67,6.67,39.911335,116.465666,True,True,True,50㎡,1万/月,6.67元/m/天,"('39.911335', '116.465666')"
dark,(出租)物业直租丨国贸底商~业态不限~餐饮外卖美食档口~,临街门面,朝阳-国贸东三环中路39号,150.0,23000.0,5.11,5.11,39.911335,116.465666,True,True,True,150㎡,2.3万/月,5.11元/m/天,"('39.911335', '116.465666')"
dark,(出租)国贸建国门外卖档口8000捎带堂食20平米,档口摊位,朝阳-十里堡朝阳北路,20.0,5500.0,,9.166666666666666,39.929394,116.511166,True,True,True,20㎡,5500元/月,9.17元/m/天（价格可面议）,"('39.929394', '116.511166')"
dark,(出租)朝阳周边望京外卖档口招商品类不限,档口摊位,朝阳-望京望京街,20.0,8000.0,13.33,13.33,40.006344,116.479727,True,True,True,20㎡,8000元/月,13.33元/m/天,"('40.006344', '116.479727')"
dark,(出租)万达广场15平外卖档口月租4000可直接入场无费用随时看,商业街店铺,通州-通州北苑新华西街58号,15.0,4000.0,,8.88888888888889,39.9114789,116.6471654,True,True,True,15㎡,4000元/月,8.89元/m/天（价格可面议）,"('39.9114789', '116.6471654')"
dark,(出租)西直门外卖档口特价7000面积20平米安贞燃气档口8000,档口摊位,西城-官园西直门南小街137号,20.0,7000.0,,11.666666666666666,39.935533,116.364948,True,True,True,20㎡,7000元/月,11.67元/m/天（价格可面议）,"('39.935533', '116.364948')"
dark,(出租)海淀人大西直门临街五道口中关村外卖堂食档口安贞外卖档口,档口摊位,海淀-中关村中关村大街18号,30.0,5000.0,,5.555555555555555,39.989377,116.323711,True,True,True,30㎡,5000元/月,5.56元/m/天（价格可面议）,"('39.989377', '116.323711')"
dark,(出租)国贸东大桥SOHO尚都餐饮商铺外卖档口中央厨房,写字楼配套,朝阳-东大桥东大桥路8号,198.0,20000.0,3.37,3.37,39.9242471,116.4592123,True,True,True,198㎡,2万/月,3.37元/m/天,"('39.9242471', '116.4592123')"
dark,(出租)十里河成寿寺陶然亭外卖档口直租，6000起,档口摊位,丰台-蒲黄榆刘家窑路,20.0,6100.0,,10.166666666666666,39.868368,116.424458,True,True,True,20㎡,6100元/月,10.17元/m/天（价格可面议）,"('39.868368', '116.424458')"
dark,(出租)物业直租丨国贸临街餐饮~业态不限~外卖档口鲜花奶茶果切,商业街店铺,朝阳-国贸东三环中路39号,80.0,10000.0,4.17,4.17,39.911335,116.465666,True,True,True,80㎡,1万/月,4.17元/m/天,"('39.911335', '116.465666')"
dark,(出租)朝阳写字楼档口招商快餐小吃外卖等一系列餐饮价格可聊,写字楼配套,朝阳-八里庄详细地址请咨询,50.0,8000.0,,5.333333333333333,39.920585,116.501221,True,True,True,50㎡,8000元/月,5.33元/m/天（价格可面议）,"('39.920585', '116.501221')"
dark,(出租)周围人群密集小区口15平适合早点外卖奶茶,档口摊位,首座御园-北京市大兴区,15.0,7000.0,,15.555555555555555,39.754417,116.373003,True,True,True,15㎡,7000元/月,15.56元/m/天（价格可面议）,"('39.754417', '116.373003')"
dark,(出租)朝阳周边望京中心外卖档口招商品类不限,社区底商,朝阳-望京阜通西大街,15.0,7500.0,16.67,16.67,40.0024397129,116.4778671178,True,True,True,15㎡,7500元/月,16.67元/m/天,"('40.0024397129', '116.4778671178')"
dark,(出租)三元桥东直门外卖档口六千，美食城直租国贸商业街招饮品,档口摊位,海淀-上地详细地址请咨询,30.0,10000.0,,11.11111111111111,40.058694,116.308005,True,True,True,30㎡,1万/月,11.11元/m/天（转让费可面议）,"('40.058694', '116.308005')"
dark,(出租)丰台科技园总部基地商业区丨外卖档口丨每天近万人就餐,商业街店铺,丰台-总部基地南四环西路,100.0,10000.0,,3.3333333333333335,39.835861,116.295466,True,True,True,100㎡,1万/月,3.33元/m/天（价格可面议）,"('39.835861', '116.295466')"
dark,(出租)外卖档口直租可考察可面议,临街门面,京亚美食广场(东三旗店)-北京市昌平区,30.0,,,,40.091966,116.420927,True,False,False,30㎡,租金面议,,"('40.091966', '116.420927')"
dark,(出租)可上京东外卖房东直租健翔桥无节假日商圈外卖档口招商,档口摊位,朝阳-健翔桥祁家豁子街,15.0,6000.0,,13.333333333333334,,,False,True,True,15㎡,6000元/月,13.33元/m/天（价格可面议）,"('空', '空')"
dark,(出租)可上京东外卖房东直租亦庄核心位置外卖档口特价出租,档口摊位,大兴-亦庄详细地址请咨询,15.0,3500.0,,7.777777777777778,,,False,True,True,15㎡,3500元/月,7.78元/m/天（价格可面议）,"('空', '空')"
dark,(出租)可上京东外卖业主直租六里桥外卖档口招商,档口摊位,丰台-六里桥北京西站南路,15.0,4000.0,,8.88888888888889,,,False,True,True,15㎡,4000元/月,8.89元/m/天（价格可面议）,"('空', '空')"
dark,(出租)直租立水桥临街美食城外卖档口15～100平主餐饮全业态,临街门面,立水桥-地铁站-北京市朝阳区,30.0,,,,40.0592465089495,116.418266571468,True,False,False,30㎡,租金面议,,"('40.059246508949464', '116.4182665714684')"
dark,(出租)直租丨百子湾，九龙山全时段客流，高客单纯外卖档口直租,档口摊位,北京市朝阳区南磨房(地区)乡广渠路,15.0,5000.0,11.11,11.11,39.899398,116.503853,True,True,True,15㎡,5000元/月,11.11元/m/天,"('39.899398', '116.503853')"
dark,(转让)(北商)丰台区总部基地轻食营养餐外卖档口转让,档口摊位,北京丰台总部基地-北京市丰台区,25.0,5500.0,,7.333333333333333,39.8355,116.295504,True,True,True,25㎡,5500元/月,转让费：面议（费用可面议）,"('39.8355', '116.295504')"
dark,(出租)房东直租可上京东外卖玉泉营纪家庙押一付一外卖档口,档口摊位,丰台-玉泉营纪家庙155号,12.0,4000.0,,11.11111111111111,,,False,True,True,12㎡,4000元/月,11.11元/m/天（价格可面议）,"('空', '空')"
dark,(出租)朝阳住邦20002号楼小面积商铺、堂食档口，外卖档口招租,档口摊位,住邦2000,15.0,5000.0,11.11,11.11,39.920886,116.500805,True,True,True,15㎡,5000元/月,11.11元/m/天,"('39.920886', '116.500805')"
dark,(出租)东大桥芳草地SOHO尚都外卖档口燃气排烟380V动力电,写字楼配套,朝阳-东大桥东大桥路8号,125.0,12000.0,3.2,3.2,39.9242471,116.4592123,True,True,True,125㎡,1.2万/月,3.2元/m/天,"('39.9242471', '116.4592123')"
dark,(出租)五道口中关村外卖档口七千，人民大学带燃气海淀美食城档口出租,档口摊位,海淀-中关村详细地址请咨询,30.0,6500.0,,7.222222222222222,39.990259,116.334522,True,True,True,30㎡,6500元/月,7.22元/m/天（价格可面议）,"('39.990259', '116.334522')"
dark,(出租)个人场地招租四道口大钟寺外卖档口招租有部分堂食位置,档口摊位,北京市海淀区四道口路一号,18.0,6000.0,,11.11111111111111,39.972255,116.348155,True,True,True,18㎡,6000元/月,11.11元/m/天（费用可面议）,"('39.972255', '116.348155')"
dark,(出租)可上京东外卖房东直招大成路核心位置15平外卖档口,档口摊位,丰台-青塔大成路,15.0,5000.0,,11.11111111111111,,,False,True,True,15㎡,5000元/月,11.11元/m/天（价格可面议）,"('空', '空')"
dark,(出租)档口直租新装修24小时超优环境堂食加外卖,社区底商,朝阳-北苑清河营南街,30.0,,,,40.054064,116.434286,True,False,False,30㎡,租金面议,,"('40.054064', '116.434286')"
dark,(出租)朝阳周边望京SOHO纯电外卖档口招商品类不限,社区底商,朝阳-望京望京街,15.0,7000.0,15.56,15.56,40.006344,116.479727,True,True,True,15㎡,7000元/月,15.56元/m/天,"('40.006344', '116.479727')"
dark,(出租)海淀万柳核心区新出外卖档口，面积20平，适合各种网红小吃,社区底商,海淀-万柳万泉庄路,20.0,6500.0,,10.833333333333334,39.974261,116.302451,True,True,True,20㎡,6500元/月,10.83元/m/天（价格可面议）,"('39.974261', '116.302451')"
dark,(出租)房东直租可上京东外卖独立证照15平外卖档口特价招商,档口摊位,东城-崇文门详细地址请咨询,15.0,5000.0,,11.11111111111111,,,False,True,True,15㎡,5000元/月,11.11元/m/天（价格可面议）,"('空', '空')"
dark,(出租)押一付一房东直租可上京东慈云寺15平特价外卖档口出租,档口摊位,朝阳-慈云寺朝阳路,15.0,5000.0,11.11,11.11,,,False,True,True,15㎡,5000元/月,11.11元/m/天,"('空', '空')"
dark,(出租)海淀苏州街中关村五道口学院路外卖档口直租，8000起,档口摊位,海淀-学院路详细地址请咨询,20.0,6500.0,,10.833333333333334,40.007842,116.360435,True,True,True,20㎡,6500元/月,10.83元/m/天（价格可面议）,"('40.007842', '116.360435')"
dark,(出租)可上京东外卖物业直租宣武门西单美食城外卖档口招商,档口摊位,西城-复兴门详细地址请咨询,20.0,8000.0,,13.333333333333334,,,False,True,True,20㎡,8000元/月,13.33元/m/天（价格可面议）,"('空', '空')"
dark,(出租)朝阳周边望京SOHO燃气外卖档口招商,档口摊位,朝阳-望京望京街,20.0,9000.0,15.0,15.0,40.006344,116.479727,True,True,True,20㎡,9000元/月,15元/m/天,"('40.006344', '116.479727')"
dark,(出租)房东直招可上京东外卖石景山核心万达广场外卖档口出租,档口摊位,石景山-老山石景山路,15.0,4000.0,,8.88888888888889,,,False,True,True,15㎡,4000元/月,8.89元/m/天（价格可面议）,"('空', '空')"
dark,(出租)可上京东外卖房东直租百子湾15平燃气外卖档口真实价格,档口摊位,朝阳-百子湾百子湾甲12号,15.0,4000.0,,8.88888888888889,,,False,True,True,15㎡,4000元/月,8.89元/m/天（价格可面议）,"('空', '空')"
dark,(出租)通州万达广场外卖档口出租15平直接入场无其他费用随时可看,商业街店铺,通州-通州北苑新华西街58号,15.0,4000.0,,8.88888888888889,39.9114789,116.6471654,True,True,True,15㎡,4000元/月,8.89元/m/天（价格可面议）,"('39.9114789', '116.6471654')"
dark,(转让)B238100通州梨园鸭货熟食主食外卖档口转让有天然气,临街门面,云景南大街/九棵树东路(路口)-北京市通州区,10.0,4500.0,,15.0,39.884445,116.681839,True,True,True,10㎡,4500元/月,转让费：面议（转让费可面议）,"('39.884445', '116.681839')"
dark,(出租)可上京东外卖房东直租良乡大学城外卖档口真实价格出租,档口摊位,房山-良乡学园南街,12.0,3500.0,,9.722222222222221,,,False,True,True,12㎡,3500元/月,9.72元/m/天（价格可面议）,"('空', '空')"
dark,(出租)房东直租可上京东外卖望京核心位置押一付一外卖档口特价,档口摊位,朝阳-望京望京街道,15.0,5000.0,,11.11111111111111,,,False,True,True,15㎡,5000元/月,11.11元/m/天（价格可面议）,"('空', '空')"
dark,(出租)朝阳住邦20002号楼小面积商铺、堂食档口，外卖档口招租,档口摊位,住邦2000,15.0,5000.0,11.11,11.11,39.920886,116.500805,True,True,True,15㎡,5000元/月,11.11元/m/天,"('39.920886', '116.500805')"
dark,(出租)京亚美食城外卖档口招租,档口摊位,京亚美食广场(东三旗店)-北京市昌平区,30.0,5000.0,5.56,5.56,40.091966,116.420927,True,True,True,30㎡,5000元/月,5.56元/m/天,"('40.091966', '116.420927')"
dark,(出租)三元桥亮马桥档口6千，立水桥外卖档口5千安贞堂食档口8千,档口摊位,大兴-旧宫详细地址请咨询,15.0,5000.0,,11.11111111111111,40.060246,116.422212,True,True,True,15㎡,5000元/月,11.11元/m/天（费用可面议）,"('40.060246', '116.422212')"
dark,(出租)朝阳周边望京SOHO纯电外卖档口招商品类不限,社区底商,朝阳-望京望京街,15.0,7000.0,15.56,15.56,40.006344,116.479727,True,True,True,15㎡,7000元/月,15.56元/m/天,"('40.006344', '116.479727')"
dark,(出租)朝阳周边望京SOHO燃气外卖档口，品类不限招商,档口摊位,朝阳-望京望京街,50.0,14000.0,9.33,9.33,40.006344,116.479727,True,True,True,50㎡,1.4万/月,9.33元/m/天,"('40.006344', '116.479727')"
dark,(出租)物业直租丨国贸临街~业态不限外卖档口鲜花烘焙小吃,商业街店铺,朝阳-国贸东三环中路39号,50.0,10000.0,6.67,6.67,39.911335,116.465666,True,True,True,50㎡,1万/月,6.67元/m/天,"('39.911335', '116.465666')"
dark,(出租)可上京东外卖房租直租顺义城区繁华核心位置燃气外卖档口,购物百货中心,顺义-顺义城区详细地址请咨询,15.0,3500.0,,7.777777777777778,,,False,True,True,15㎡,3500元/月,7.78元/m/天（价格可面议）,"('空', '空')"
dark,(出租)外卖档口1万含公摊，超大36-50外卖档口日流量水1.5万,档口摊位,丰台-六里桥莲花池路,36.0,10000.0,,9.25925925925926,39.900884,116.328116,True,True,True,36㎡,1万/月,9.26元/m/天（价格可面议）,"('39.900884', '116.328116')"
dark,(出租)物业直租丨国贸底商~业态不限~餐饮外卖美食档口~,临街门面,朝阳-国贸东三环中路39号,150.0,23000.0,5.11,5.11,39.911335,116.465666,True,True,True,150㎡,2.3万/月,5.11元/m/天,"('39.911335', '116.465666')"
dark,(转让)B238241朝阳双井外卖档口转让,临街门面,百环家园东区-19号楼-北京市朝阳区,35.0,10000.0,,9.523809523809524,39.896929,116.471896,True,True,True,35㎡,1万/月,转让费：面议（转让费可面议）,"('39.896929', '116.471896')"
dark,(出租)国贸建国门外卖档口8000捎带堂食20平米,档口摊位,朝阳-十里堡朝阳北路,20.0,5500.0,,9.166666666666666,39.929394,116.511166,True,True,True,20㎡,5500元/月,9.17元/m/天（价格可面议）,"('39.929394', '116.511166')"
dark,(出租)直租美食城档口朝阳区北苑华贸购物中心可堂食外卖,档口摊位,朝阳-来广营清河营南街,1000.0,,,,40.054064,116.434286,True,False,False,1000㎡,租金面议,,"('40.054064', '116.434286')"
dark,(出租)海淀万柳新出30平外卖档口，证照齐全，适合各种轻油烟类项目,档口摊位,海淀-万柳万泉庄路,30.0,9000.0,,10.0,39.972894,116.300415,True,True,True,30㎡,9000元/月,10元/m/天（价格可面议）,"('39.972894', '116.300415')"
dark,(出租)朝阳周边望京外卖档口招商品类不限,档口摊位,朝阳-望京望京街,20.0,8000.0,13.33,13.33,40.006344,116.479727,True,True,True,20㎡,8000元/月,13.33元/m/天,"('40.006344', '116.479727')"
dark,(出租)房东直租西直门新开美食城外卖档口出租招商,档口摊位,西城-西直门详细地址请咨询,15.0,8000.0,,17.77777777777778,,,False,True,True,15㎡,8000元/月,17.78元/m/天（价格可面议）,"('空', '空')"
dark,(出租)万达广场15平外卖档口月租4000可直接入场无费用随时看,商业街店铺,通州-通州北苑新华西街58号,15.0,4000.0,,8.88888888888889,39.9114789,116.6471654,True,True,True,15㎡,4000元/月,8.89元/m/天（价格可面议）,"('39.9114789', '116.6471654')"
dark,(出租)西直门外卖档口特价7000面积20平米安贞燃气档口8000,档口摊位,西城-官园西直门南小街137号,20.0,7000.0,,11.666666666666666,39.935533,116.364948,True,True,True,20㎡,7000元/月,11.67元/m/天（价格可面议）,"('39.935533', '116.364948')"
dark,(出租)海淀人大西直门临街五道口中关村外卖堂食档口安贞外卖档口,档口摊位,海淀-中关村中关村大街18号,30.0,5000.0,,5.555555555555555,39.989377,116.323711,True,True,True,30㎡,5000元/月,5.56元/m/天（价格可面议）,"('39.989377', '116.323711')"
dark,(出租)国贸东大桥SOHO尚都餐饮商铺外卖档口中央厨房,写字楼配套,朝阳-东大桥东大桥路8号,198.0,20000.0,3.37,3.37,39.9242471,116.4592123,True,True,True,198㎡,2万/月,3.37元/m/天,"('39.9242471', '116.4592123')"
dark,(出租)朝阳住邦20002号楼小面积商铺、堂食档口，外卖档口招租,档口摊位,住邦2000,15.0,5000.0,11.11,11.11,39.920886,116.500805,True,True,True,15㎡,5000元/月,11.11元/m/天,"('39.920886', '116.500805')"
dark,(出租)海淀苏州街中关村五道口学院路外卖档口直租，8000起,档口摊位,海淀-学院路详细地址请咨询,20.0,6500.0,,10.833333333333334,40.007842,116.360435,True,True,True,20㎡,6500元/月,10.83元/m/天（价格可面议）,"('40.007842', '116.360435')"
dark,(出租)朝阳周边望京SOHO燃气外卖档口招商,档口摊位,朝阳-望京望京街,20.0,9000.0,15.0,15.0,40.006344,116.479727,True,True,True,20㎡,9000元/月,15元/m/天,"('40.006344', '116.479727')"
dark,(出租)朝阳周边望京SOHO燃气外卖档口，品类不限招商,档口摊位,朝阳-望京望京街,50.0,14000.0,9.33,9.33,40.006344,116.479727,True,True,True,50㎡,1.4万/月,9.33元/m/天,"('40.006344', '116.479727')"
dark,(出租)国贸东大桥SOHO尚都餐饮商铺外卖档口中央厨房,写字楼配套,朝阳-东大桥东大桥路8号,198.0,20000.0,3.37,3.37,39.9242471,116.4592123,True,True,True,198㎡,2万/月,3.37元/m/天,"('39.9242471', '116.4592123')"
dark,(出租)可上京东外卖房东直租十里河燃气外卖档口押一付一特价,档口摊位,朝阳-十里河详细地址请咨询,15.0,4000.0,,8.88888888888889,,,False,True,True,15㎡,4000元/月,8.89元/m/天（价格可面议）,"('空', '空')"
dark,(转让)B238117朝阳档口转让（可堂食可外卖）,购物百货中心,锐城国际-北京市朝阳区,20.0,9000.0,,15.0,39.923801,116.537454,True,True,True,20㎡,9000元/月,转让费：面议（转让费可面议）,"('39.923801', '116.537454')"
dark,(出租)可上京东外卖房东直租花园桥15平燃气外卖档口真实价格,档口摊位,海淀-花园桥北洼路29号,15.0,5500.0,,12.222222222222221,,,False,True,True,15㎡,5500元/月,12.22元/m/天（价格可面议）,"('空', '空')"
dark,(出租)十里河成寿寺陶然亭外卖档口直租，6000起,档口摊位,丰台-蒲黄榆刘家窑路,20.0,6100.0,,10.166666666666666,39.868368,116.424458,True,True,True,20㎡,6100元/月,10.17元/m/天（价格可面议）,"('39.868368', '116.424458')"
dark,(出租)物业直租丨国贸临街餐饮~业态不限~外卖档口鲜花奶茶果切,商业街店铺,朝阳-国贸东三环中路39号,80.0,10000.0,4.17,4.17,39.911335,116.465666,True,True,True,80㎡,1万/月,4.17元/m/天,"('39.911335', '116.465666')"
dark,(出租)房东直租丨上地超火爆日客流2500堂食加外卖美食城档口直租,档口摊位,北京市海淀区,20.0,,,,40.038368,116.320009,True,False,False,20㎡,租金面议,,"('40.038368', '116.320009')"
dark,(出租)顺义区国泰新升级美食街（档口出租）堂食加外卖,档口摊位,顺义-顺义城区府前西街10号,20.0,4000.0,,6.666666666666667,40.136679,116.6569617,True,True,True,20㎡,4000元/月,6.67元/m/天（价格可面议）,"('40.136679', '116.6569617')"
dark,(出租)朝阳写字楼档口招商快餐小吃外卖等一系列餐饮价格可聊,写字楼配套,朝阳-八里庄详细地址请咨询,50.0,8000.0,,5.333333333333333,39.920585,116.501221,True,True,True,50㎡,8000元/月,5.33元/m/天（价格可面议）,"('39.920585', '116.501221')"
dark,(出租)直租带燃气万人园区美食城档口火爆招商三套堂食外卖,写字楼配套,详细地址请咨询,60.0,4150.0,,2.3055555555555554,,,False,True,True,60㎡,4150元/月,2.31元/m/天（价格可面议）,"('空', '空')"
dark,(出租)出租丨十里河地铁站美食城档口招线上外卖,档口摊位,北京市朝阳区十八里店(地区)乡大羊坊路12号,10.0,5000.0,,16.666666666666668,39.870439,116.46711,True,True,True,10㎡,5000元/月,16.67元/m/天（价格可面议）,"('39.870439', '116.46711')"
dark,(出租)直租带燃气万人办公园区美食城档口招租堂食外卖三餐人流大,写字楼配套,详细地址请咨询,25.0,3250.0,,4.333333333333333,40.104674,116.373778,True,True,True,25㎡,3250元/月,4.33元/m/天（价格可面议）,"('40.104674', '116.373778')"
dark,(出租)通州果园美食城档口堂食外卖15平4500元03,档口摊位,诚为先美食城-北京市通州区,20.0,4500.0,7.5,7.5,39.913424,116.668992,True,True,True,20㎡,4500元/月,7.5元/m/天,"('39.913424', '116.668992')"
dark,(出租)带燃气直租大型万人办公园区美食城档口招租堂食外卖三餐,写字楼配套,详细地址请咨询,32.0,3100.0,,3.2291666666666665,,,False,True,True,32㎡,3100元/月,3.23元/m/天（价格可面议）,"('空', '空')"
dark,(出租)直租朝阳区北苑华贸购物中心美食城档口可堂食外卖24小时,社区底商,朝阳-北苑清河营南街,21.5,3741.0,,5.8,40.054064,116.434286,True,True,True,21.5㎡,3741元/月,5.8元/m/天（价格可面议）,"('40.054064', '116.434286')"
dark,(出租)朝阳住邦20002号楼小面积商铺、堂食档口，外卖档口招租,档口摊位,住邦2000,15.0,5000.0,11.11,11.11,39.920886,116.500805,True,True,True,15㎡,5000元/月,11.11元/m/天,"('39.920886', '116.500805')"
dark,(出租)物业直租丨国贸临街~业态不限外卖档口鲜花烘焙小吃,商业街店铺,朝阳-国贸东三环中路39号,50.0,10000.0,6.67,6.67,39.911335,116.465666,True,True,True,50㎡,1万/月,6.67元/m/天,"('39.911335', '116.465666')"
dark,(出租)物业直租丨国贸底商~业态不限~餐饮外卖美食档口~,临街门面,朝阳-国贸东三环中路39号,150.0,23000.0,5.11,5.11,39.911335,116.465666,True,True,True,150㎡,2.3万/月,5.11元/m/天,"('39.911335', '116.465666')"
dark,(出租)国贸建国门外卖档口8000捎带堂食20平米,档口摊位,朝阳-十里堡朝阳北路,20.0,5500.0,,9.166666666666666,39.929394,116.511166,True,True,True,20㎡,5500元/月,9.17元/m/天（价格可面议）,"('39.929394', '116.511166')"
dark,(出租)可上京东外卖房东直招西单核心位置15平美食城档口,档口摊位,西城-西单西单北大街,15.0,8000.0,,17.77777777777778,,,False,True,True,15㎡,8000元/月,17.78元/m/天（价格可面议）,"('空', '空')"
dark,(出租)国贸美食档口堂食外卖旺铺直租免租期两个月,商业街店铺,朝阳-北苑清河营南街,15.0,6300.0,,14.0,40.054064,116.434286,True,True,True,15㎡,6300元/月,14元/m/天（价格可面议）,"('40.054064', '116.434286')"
dark,(出租)顺义新世界一层临街档口出租，外卖加堂食，随时可以考察,购物百货中心,新顺南大街18号,20.0,7000.0,,11.666666666666666,40.133124,116.658516,True,True,True,20㎡,7000元/月,11.67元/m/天（价格可面议）,"('40.133124', '116.658516')"
dark,(出租)东三环外卖核心商圈可全天24小时营业（可免费上京东）,档口摊位,朝阳-双井广渠路66号,18.0,5500.0,,10.185185185185185,39.8969659494664,116.470281829142,True,True,True,18㎡,5500元/月,10.19元/m/天（价格可面议）,"('39.896965949466384', '116.47028182914178')"
dark,(出租)航天万源广场美食街区（航天部商业楼）（外卖）,购物百货中心,丰台-东高地万源北路,8.0,5000.0,,20.833333333333332,,,False,True,True,8㎡,5000元/月,20.83元/m/天（价格可面议）,"('空', '空')"
dark,(转让)D交大东路万单外卖炸鸡店转让,档口摊位,交大东路66号院-,25.0,9000.0,,12.0,39.950025,116.357774,True,True,True,25㎡,9000元/月,转让费：面议（费用可面议）,"('39.950025', '116.357774')"
dark,(出租)可上京东外卖房东直租回龙观15平美食城特价招商,档口摊位,昌平-回龙观详细地址请咨询,15.0,5000.0,,11.11111111111111,,,False,True,True,15㎡,5000元/月,11.11元/m/天（价格可面议）,"('空', '空')"
dark,(出租)天通苑地铁口大型社区mall超市出口美食街招商（外卖）,购物百货中心,昌平-天通苑北苑东路,20.0,5000.0,,8.333333333333334,,,False,True,True,20㎡,5000元/月,8.33元/m/天（价格可面议）,"('空', '空')"
dark,(出租)航天万源广场美食街区（航天部商业楼）（外卖）,档口摊位,丰台-东高地万源北路,50.0,12000.0,,8.0,,,False,True,True,50㎡,1.2万/月,8元/m/天（价格可面议）,"('空', '空')"
dark,(出租)劲松商场美食城火爆招商，堂食外卖销量双高！,档口摊位,劲松-地铁站-北京市朝阳区,20.0,8500.0,,14.166666666666666,39.890027,116.46801,True,True,True,20㎡,8500元/月,14.17元/m/天（价格可面议）,"('39.890027', '116.46801')"
dark,(出租)超市写字楼下美食城可堂食可外卖堂食品类调整除快餐外都可,档口摊位,小马厂-公交车站-北京市西城区,15.0,,,,39.902799,116.342085,True,False,False,15㎡,租金面议,,"('39.902799', '116.342085')"
dark,(出租)后现代城百子湾外卖核心商圈24小时营业京东免费上,档口摊位,朝阳-南磨房茂兴西路,20.0,4000.0,,6.666666666666667,39.905714,116.489276,True,True,True,20㎡,4000元/月,6.67元/m/天（价格可面议）,"('39.905714', '116.489276')"
dark,(出租)可上京东外卖房东直招中关村核心位置15平40平外卖特价,档口摊位,海淀-中关村详细地址请咨询,15.0,6000.0,,13.333333333333334,,,False,True,True,15㎡,6000元/月,13.33元/m/天（价格可面议）,"('空', '空')"
dark,(出租)房东直租丨中关村，五道口外卖销量万单店多,档口摊位,海淀-知春路中关村大街,16.0,5000.0,,10.416666666666666,39.988424,116.323339,True,True,True,16㎡,5000元/月,10.42元/m/天（价格可面议）,"('39.988424', '116.323339')"
dark,(转让)Z朝阳管庄300单餐饮快餐外卖店转让,商业街店铺,管庄东里-北京市朝阳区,50.0,8500.0,,5.666666666666667,39.924822,116.603237,True,True,True,50㎡,8500元/月,转让费：面议（费用可面议）,"('39.924822', '116.603237')"
dark,(出租)朝阳住邦20002号楼小面积商铺、堂食档口，外卖档口招租,档口摊位,住邦2000,15.0,5000.0,11.11,11.11,39.920886,116.500805,True,True,True,15㎡,5000元/月,11.11元/m/天,"('39.920886', '116.500805')"
dark,(出租)朝阳周边望京外卖档口招商品类不限,档口摊位,朝阳-望京望京街,20.0,8000.0,13.33,13.33,40.006344,116.479727,True,True,True,20㎡,8000元/月,13.33元/m/天,"('40.006344', '116.479727')"
dark,(出租)万达广场15平外卖档口月租4000可直接入场无费用随时看,商业街店铺,通州-通州北苑新华西街58号,15.0,4000.0,,8.88888888888889,39.9114789,116.6471654,True,True,True,15㎡,4000元/月,8.89元/m/天（价格可面议）,"('39.9114789', '116.6471654')"
dark,(出租)西直门外卖档口特价7000面积20平米安贞燃气档口8000,档口摊位,西城-官园西直门南小街137号,20.0,7000.0,,11.666666666666666,39.935533,116.364948,True,True,True,20㎡,7000元/月,11.67元/m/天（价格可面议）,"('39.935533', '116.364948')"
dark,(出租)周围人群密集小区口15平适合早点外卖奶茶,档口摊位,首座御园-北京市大兴区,15.0,7000.0,,15.555555555555555,39.754417,116.373003,True,True,True,15㎡,7000元/月,15.56元/m/天（价格可面议）,"('39.754417', '116.373003')"
dark,(出租)中关村美食城全面招租办公加居民商圈天然气外卖,档口摊位,海淀-中关村海淀北二街8号,20.0,,,,39.989768,116.316581,True,False,False,20㎡,租金面议,,"('39.989768', '116.316581')"
dark,(出租)天通苑地铁口大型社区mall超市出口美食街招商（外卖店）,购物百货中心,昌平-立水桥北苑东路,10.0,4500.0,,15.0,,,False,True,True,10㎡,4500元/月,15元/m/天（价格可面议）,"('空', '空')"
dark,(出租)京亚美食城外卖档口招租,档口摊位,京亚美食广场(东三旗店)-北京市昌平区,30.0,5000.0,5.56,5.56,40.091966,116.420927,True,True,True,30㎡,5000元/月,5.56元/m/天,"('40.091966', '116.420927')"
dark,(出租)朝阳周边望京中心外卖档口招商品类不限,社区底商,朝阳-望京阜通西大街,15.0,7500.0,16.67,16.67,40.0024397129,116.4778671178,True,True,True,15㎡,7500元/月,16.67元/m/天,"('40.0024397129', '116.4778671178')"
dark,(出租)房东直签丨花园桥，紫竹桥纯多个万单店外卖美食城档口招租,档口摊位,北京市海淀区,15.0,6000.0,,13.333333333333334,39.936544,116.320031,True,True,True,15㎡,6000元/月,13.33元/m/天（价格可面议）,"('39.936544', '116.320031')"
dark,(出租)三元桥东直门外卖档口六千，美食城直租国贸商业街招饮品,档口摊位,海淀-上地详细地址请咨询,30.0,10000.0,,11.11111111111111,40.058694,116.308005,True,True,True,30㎡,1万/月,11.11元/m/天（转让费可面议）,"('40.058694', '116.308005')"
dark,(转让)(北商)丰台区总部基地轻食营养餐外卖档口转让,档口摊位,北京丰台总部基地-北京市丰台区,25.0,5500.0,,7.333333333333333,39.8355,116.295504,True,True,True,25㎡,5500元/月,转让费：面议（费用可面议）,"('39.8355', '116.295504')"
dark,(出租)东三旗京亚美食城堂食外卖摊位招租纯电档口,档口摊位,京亚美食广场(东三旗店)-北京市昌平区,15.0,8000.0,17.78,17.78,40.091966,116.420927,True,True,True,15㎡,8000元/月,17.78元/m/天,"('40.091966', '116.420927')"
dark,(出租)直租带燃气大型万人办公园区美食城档口招租堂食外卖三餐,写字楼配套,详细地址请咨询,28.0,2850.0,,3.392857142857143,,,False,True,True,28㎡,2850元/月,3.39元/m/天（价格可面议）,"('空', '空')"
dark,(出租)顺义刚空出来20平米档口，业主直租，可堂食，外卖,购物百货中心,顺义-顺义城区府前西街10号,20.0,5500.0,,9.166666666666666,40.136679,116.6569617,True,True,True,20㎡,5500元/月,9.17元/m/天（价格可面议）,"('40.136679', '116.6569617')"
dark,(出租)出租带燃气大型万人园区美食城档口出租三餐堂食外卖,写字楼配套,详细地址请咨询,25.0,2950.0,,3.933333333333333,,,False,True,True,25㎡,2950元/月,3.93元/m/天（价格可面议）,"('空', '空')"
dark,(出租)通州车站路美食城档口堂食外卖15平4500元14,档口摊位,诚为先美食城-北京市通州区,20.0,4500.0,7.5,7.5,39.913424,116.668992,True,True,True,20㎡,4500元/月,7.5元/m/天,"('39.913424', '116.668992')"
dark,(出租)东三环外卖核心商圈可全天24小时营业（可免费上京东）,档口摊位,朝阳-双井广渠路66号,18.0,5000.0,9.26,9.26,39.8969659494664,116.470281829142,True,True,True,18㎡,5000元/月,9.26元/m/天,"('39.896965949466384', '116.47028182914178')"
dark,(出租)东三环外卖核心商圈可全天24小时营业（可免费上京东）,档口摊位,朝阳-双井广渠路66号,15.0,5500.0,,12.222222222222221,39.897037,116.470371,True,True,True,15㎡,5500元/月,12.22元/m/天（价格可面议）,"('39.897037', '116.470371')"
dark,(出租)朝阳住邦20002号楼小面积商铺、堂食档口，外卖档口招租,档口摊位,住邦2000,15.0,5000.0,11.11,11.11,39.920886,116.500805,True,True,True,15㎡,5000元/月,11.11元/m/天,"('39.920886', '116.500805')"
dark,(出租)海淀人大西直门临街五道口中关村外卖堂食档口安贞外卖档口,档口摊位,海淀-中关村中关村大街18号,30.0,5000.0,,5.555555555555555,39.989377,116.323711,True,True,True,30㎡,5000元/月,5.56元/m/天（价格可面议）,"('39.989377', '116.323711')"
dark,(出租)国贸东大桥SOHO尚都餐饮商铺外卖档口中央厨房,写字楼配套,朝阳-东大桥东大桥路8号,198.0,20000.0,3.37,3.37,39.9242471,116.4592123,True,True,True,198㎡,2万/月,3.37元/m/天,"('39.9242471', '116.4592123')"
dark,(出租)十里河成寿寺陶然亭外卖档口直租，6000起,档口摊位,丰台-蒲黄榆刘家窑路,20.0,6100.0,,10.166666666666666,39.868368,116.424458,True,True,True,20㎡,6100元/月,10.17元/m/天（价格可面议）,"('39.868368', '116.424458')"
dark,(出租)做外卖的档口招租位置好商圈好需求大住宅多,档口摊位,京亚美食广场(东三旗店)-北京市昌平区,30.0,,,,40.091966,116.420927,True,False,False,30㎡,租金面议,,"('40.091966', '116.420927')"
dark,(出租)直租带燃气大型万人办公园区美食城档口招租堂食外卖三餐,商业街店铺,详细地址请咨询,60.0,4150.0,,2.3055555555555554,,,False,True,True,60㎡,4150元/月,2.31元/m/天（价格可面议）,"('空', '空')"
dark,(出租)通州临河里美食城档口堂食外卖15平4500元05,档口摊位,诚为先美食城-北京市通州区,20.0,4500.0,7.5,7.5,39.913424,116.668992,True,True,True,20㎡,4500元/月,7.5元/m/天,"('39.913424', '116.668992')"
dark,(出租)直租带燃气大型万人园区美食城档口出租堂食外卖制,写字楼配套,详细地址请咨询,25.0,2850.0,,3.8,40.104674,116.373778,True,True,True,25㎡,2850元/月,3.8元/m/天（价格可面议）,"('40.104674', '116.373778')"
dark,(出租)东三环外卖核心商圈可全天24小时营业（可免费上京东）,档口摊位,朝阳-国贸广渠路66号,18.0,5000.0,,9.25925925925926,39.8969659494664,116.470281829142,True,True,True,18㎡,5000元/月,9.26元/m/天（价格可面议）,"('39.896965949466384', '116.47028182914178')"
dark,(出租)直租大型万人园区美食城档口出租堂食外卖三餐,写字楼配套,详细地址请咨询,35.0,3200.0,,3.0476190476190474,,,False,True,True,35㎡,3200元/月,3.05元/m/天（价格可面议）,"('空', '空')"
dark,(出租)通州永顺美食城档口堂食外卖15平4500元15,档口摊位,诚为先美食城-北京市通州区,20.0,4500.0,7.5,7.5,39.913424,116.668992,True,True,True,20㎡,4500元/月,7.5元/m/天,"('39.913424', '116.668992')"
dark,(出租)地铁口美食城外卖摊位招租,档口摊位,京亚美食广场(东三旗店)-北京市昌平区,30.0,,,,40.091966,116.420927,True,False,False,30㎡,租金面议,,"('40.091966', '116.420927')"
dark,(出租)东三环外卖核心商圈可全天24小时营业（可免费上京东）,档口摊位,朝阳-双井广渠路66号,18.0,5500.0,,10.185185185185185,39.896966,116.470282,True,True,True,18㎡,5500元/月,10.19元/m/天（价格可面议）,"('39.896966', '116.470282')"
dark,(出租)通州物资学院档口堂食外卖15平4500元20,档口摊位,诚为先美食城-北京市通州区,20.0,4500.0,7.5,7.5,39.913424,116.668992,True,True,True,20㎡,4500元/月,7.5元/m/天,"('39.913424', '116.668992')"
dark,(出租)直租带燃气万人办公园区美食城档口招租堂食外卖三餐人流大,写字楼配套,详细地址请咨询,30.0,2800.0,,3.111111111111111,40.104674,116.373778,True,True,True,30㎡,2800元/月,3.11元/m/天（价格可面议）,"('40.104674', '116.373778')"
dark,(出租)直租带燃气大型万人办公园区美食城档口招租堂食外卖三餐,写字楼配套,详细地址请咨询,25.0,2650.0,,3.533333333333333,,,False,True,True,25㎡,2650元/月,3.53元/m/天（价格可面议）,"('空', '空')"
dark,(出租)通州宋庄美食城档口堂食外卖15平4500元09,档口摊位,诚为先美食城-北京市通州区,20.0,4500.0,7.5,7.5,39.913424,116.668992,True,True,True,20㎡,4500元/月,7.5元/m/天,"('39.913424', '116.668992')"
dark,(出租)直租带燃气大型万人办公园区美食城档口招租堂食外卖三餐,写字楼配套,详细地址请咨询,30.0,2560.0,,2.8444444444444446,,,False,True,True,30㎡,2560元/月,2.84元/m/天（价格可面议）,"('空', '空')"
dark,(出租)通州八里桥美食城档口堂食外卖15平4500元01,档口摊位,诚为先美食城-北京市通州区,20.0,4500.0,7.5,7.5,39.913424,116.668992,True,True,True,20㎡,4500元/月,7.5元/m/天,"('39.913424', '116.668992')"
dark,(出租)朝阳住邦20002号楼小面积商铺、堂食档口，外卖档口招租,档口摊位,住邦2000,15.0,5000.0,11.11,11.11,39.920886,116.500805,True,True,True,15㎡,5000元/月,11.11元/m/天,"('39.920886', '116.500805')"
dark,(出租)物业直租丨国贸临街餐饮~业态不限~外卖档口鲜花奶茶果切,商业街店铺,朝阳-国贸东三环中路39号,80.0,10000.0,4.17,4.17,39.911335,116.465666,True,True,True,80㎡,1万/月,4.17元/m/天,"('39.911335', '116.465666')"
dark,(出租)朝阳写字楼档口招商快餐小吃外卖等一系列餐饮价格可聊,写字楼配套,朝阳-八里庄详细地址请咨询,50.0,8000.0,,5.333333333333333,39.920585,116.501221,True,True,True,50㎡,8000元/月,5.33元/m/天（价格可面议）,"('39.920585', '116.501221')"
dark,(出租)出租丨十里河地铁站美食城档口招线上外卖,档口摊位,北京市朝阳区十八里店(地区)乡大羊坊路12号,10.0,5000.0,,16.666666666666668,39.870439,116.46711,True,True,True,10㎡,5000元/月,16.67元/m/天（价格可面议）,"('39.870439', '116.46711')"
dark,(出租)直租带燃气大型万人办公园区美食城档口招租堂食外卖三餐,写字楼配套,详细地址请咨询,30.0,3250.0,,3.611111111111111,,,False,True,True,30㎡,3250元/月,3.61元/m/天（价格可面议）,"('空', '空')"
dark,(出租)通州梨园美食城档口堂食外卖15平4500元06,档口摊位,诚为先美食城-北京市通州区,20.0,4500.0,7.5,7.5,39.913424,116.668992,True,True,True,20㎡,4500元/月,7.5元/m/天,"('39.913424', '116.668992')"
dark,(出租)通州梨园美食城档口堂食外卖15平4500元18,档口摊位,诚为先美食城-北京市通州区,20.0,4500.0,7.5,7.5,39.913424,116.668992,True,True,True,20㎡,4500元/月,7.5元/m/天,"('39.913424', '116.668992')"
dark,(出租)直租带燃气万人办公园区美食城档口招租堂食外卖三餐客流大,写字楼配套,详细地址请咨询,32.0,3300.0,,3.4375,40.104674,116.373778,True,True,True,32㎡,3300元/月,3.44元/m/天（价格可面议）,"('40.104674', '116.373778')"
dark,(出租)通州玉桥美食城档口堂食外卖15平4500元16,档口摊位,诚为先美食城-北京市通州区,20.0,4500.0,7.5,7.5,39.913424,116.668992,True,True,True,20㎡,4500元/月,7.5元/m/天,"('39.913424', '116.668992')"
dark,(出租)带燃气直租大型万人办公园区美食城档口招租堂食外卖三餐,写字楼配套,详细地址请咨询,25.0,2750.0,,3.6666666666666665,,,False,True,True,25㎡,2750元/月,3.67元/m/天（价格可面议）,"('空', '空')"
dark,(出租)通州运河美食城档口堂食外卖15平4500元12,档口摊位,诚为先美食城-北京市通州区,20.0,4500.0,7.5,7.5,39.913424,116.668992,True,True,True,20㎡,4500元/月,7.5元/m/天,"('39.913424', '116.668992')"
dark,(出租)直租带燃气万人办公园区美食城档口招租堂食外卖三餐人流大,写字楼配套,详细地址请咨询,30.0,3100.0,,3.4444444444444446,40.104674,116.373778,True,True,True,30㎡,3100元/月,3.44元/m/天（价格可面议）,"('40.104674', '116.373778')"
dark,(出租)通州璐苑美食城档口堂食外卖15平4500元07,档口摊位,诚为先美食城-北京市通州区,20.0,4500.0,7.5,7.5,39.913424,116.668992,True,True,True,20㎡,4500元/月,7.5元/m/天,"('39.913424', '116.668992')"
dark,(出租)直租带燃气大型万人办公园区美食城档口招租堂食外卖三餐,写字楼配套,详细地址请咨询,30.0,2750.0,,3.0555555555555554,,,False,True,True,30㎡,2750元/月,3.06元/m/天（价格可面议）,"('空', '空')"
dark,(出租)通州中仓美食城档口堂食外卖15平4500元17,档口摊位,诚为先美食城-北京市通州区,20.0,4500.0,7.5,7.5,39.913424,116.668992,True,True,True,20㎡,4500元/月,7.5元/m/天,"('39.913424', '116.668992')"
dark,(出租)直租有燃气大型万人办公园区美食城档口招租堂食外卖三餐,写字楼配套,详细地址请咨询,30.0,3150.0,,3.5,,,False,True,True,30㎡,3150元/月,3.5元/m/天（价格可面议）,"('空', '空')"
dark,(出租)通州北关美食城档口堂食外卖15平4500元02,档口摊位,诚为先美食城-北京市通州区,20.0,4500.0,7.5,7.5,39.913424,116.668992,True,True,True,20㎡,4500元/月,7.5元/m/天,"('39.913424', '116.668992')"
dark,(出租)通州万达美食城档口堂食外卖15平4500元19,档口摊位,诚为先美食城-北京市通州区,20.0,4500.0,7.5,7.5,39.913424,116.668992,True,True,True,20㎡,4500元/月,7.5元/m/天,"('39.913424', '116.668992')"
dark,(出租)通州九棵树美食城档口堂食外卖15平4500元04,档口摊位,诚为先美食城-北京市通州区,20.0,4500.0,7.5,7.5,39.913424,116.668992,True,True,True,20㎡,4500元/月,7.5元/m/天,"('39.913424', '116.668992')"
dark,(出租)朝阳住邦20002号楼小面积商铺、堂食档口，外卖档口招租,档口摊位,住邦2000,15.0,5000.0,11.11,11.11,39.920886,116.500805,True,True,True,15㎡,5000元/月,11.11元/m/天,"('39.920886', '116.500805')"
dark,(出租)通州果园美食城档口堂食外卖15平4500元03,档口摊位,诚为先美食城-北京市通州区,20.0,4500.0,7.5,7.5,39.913424,116.668992,True,True,True,20㎡,4500元/月,7.5元/m/天,"('39.913424', '116.668992')"
dark,(出租)直租朝阳区北苑华贸购物中心美食城档口可堂食外卖24小时,社区底商,朝阳-北苑清河营南街,21.5,3741.0,,5.8,40.054064,116.434286,True,True,True,21.5㎡,3741元/月,5.8元/m/天（价格可面议）,"('40.054064', '116.434286')"
dark,(出租)东三环外卖核心商圈可全天24小时营业（可免费上京东）,档口摊位,朝阳-双井广渠路66号,18.0,5000.0,9.26,9.26,39.8969659494664,116.470281829142,True,True,True,18㎡,5000元/月,9.26元/m/天,"('39.896965949466384', '116.47028182914178')"
dark,(出租)通州乔庄美食城档口堂食外卖15平4500元08,档口摊位,诚为先美食城-北京市通州区,20.0,4500.0,7.5,7.5,39.913424,116.668992,True,True,True,20㎡,4500元/月,7.5元/m/天,"('39.913424', '116.668992')"
dark,(出租)通州土桥美食城档口堂食外卖15平4500元11,档口摊位,诚为先美食城-北京市通州区,20.0,4500.0,7.5,7.5,39.913424,116.668992,True,True,True,20㎡,4500元/月,7.5元/m/天,"('39.913424', '116.668992')"
dark,(出租)通州物资学院档口堂食外卖15平4500元13,档口摊位,诚为先美食城-北京市通州区,20.0,4500.0,7.5,7.5,39.913424,116.668992,True,True,True,20㎡,4500元/月,7.5元/m/天,"('39.913424', '116.668992')"
dark,(出租)通州万达美食城档口堂食外卖15平4500元10,档口摊位,诚为先美食城-北京市通州区,20.0,4500.0,7.5,7.5,39.913424,116.668992,True,True,True,20㎡,4500元/月,7.5元/m/天,"('39.913424', '116.668992')"
dark,(出租)朝阳住邦20002号楼小面积商铺、堂食档口，外卖档口招租,档口摊位,住邦2000,15.0,5000.0,11.11,11.11,39.920886,116.500805,True,True,True,15㎡,5000元/月,11.11元/m/天,"('39.920886', '116.500805')"
dark,(出租)直租Ⅰ美团外卖浣熊食堂24h营业位置优越人流量大,档口摊位,物美(双井店),18.0,,,,39.899485,116.466599,True,False,False,18㎡,租金面议,（价格可面议）,"('39.899485', '116.466599')"
dark,(出租)双桥商圈外卖档口直租，临近传媒大学，客源充足，轻松上线,档口摊位,天籁轩-C座,30.0,3000.0,3.33,3.33,39.910698,116.573374,True,True,True,30㎡,3000元/月,3.33元/m/天,"('39.910698', '116.573374')"
dark,(出租)北京立水桥外卖档口火爆招租，外卖成熟，订单量大。,档口摊位,明天第一城,20.0,2500.0,4.17,4.17,40.055134,116.4146,True,True,True,20㎡,2500元/月,4.17元/m/天,"('40.055134', '116.4146')"
dark,(出租)急租外卖档口出租出租急急急价格优惠,写字楼配套,当代北辰悦MOMA,15.0,2500.0,5.56,5.56,40.143438,116.643244,True,True,True,15㎡,2500元/月,5.56元/m/天,"('40.143438', '116.643244')"
dark,(出租)朝阳区酒仙桥望京美食城外卖档口诚意招租,档口摊位,沃德中心,15.0,4000.0,8.89,8.89,39.981097,116.506376,True,True,True,15㎡,4000元/月,8.89元/m/天,"('39.981097', '116.506376')"
dark,(出租)直租海淀区紫竹桥全新美食城外卖档口诚意招租,档口摊位,物美(紫竹院店),15.0,7500.0,16.67,16.67,39.95036,116.31237,True,True,True,15㎡,7500元/月,16.67元/m/天,"('39.95036', '116.31237')"
dark,(出租)金台路红庙大望路外卖档口美食城三平台外卖,档口摊位,富海大厦,15.0,5000.0,11.11,11.11,39.959688,116.341706,True,True,True,15㎡,5000元/月,11.11元/m/天,"('39.959688', '116.341706')"
dark,(出租)立水桥地铁附近美食城外卖档口转租,档口摊位,立水桥,18.0,3000.0,5.56,5.56,40.059246,116.418267,True,True,True,18㎡,3000元/月,5.56元/m/天,"('40.059246', '116.418267')"
dark,(转让)国贸商圈外卖档口转让,档口摊位,永安里中街小区,11.0,4000.0,1.0,1.0,39.912164,116.453534,True,True,True,11㎡,4000元/月,转让费：1万元,"('39.912164', '116.453534')"
dark,(出租)美食城档口，可堂食，可外卖,社区底商,南湖西里社区,30.0,5500.0,6.11,6.11,39.998536,116.461628,True,True,True,30㎡,5500元/月,6.11元/m/天,"('39.998536', '116.461628')"
dark,(出租)朝阳住邦20002号楼小面积商铺、堂食档口，外卖档口招租,档口摊位,住邦2000,15.0,5000.0,11.11,11.11,39.920886,116.500805,True,True,True,15㎡,5000元/月,11.11元/m/天,"('39.920886', '116.500805')"
dark,(出租)后现代城百子湾外卖核心商圈24小时营业京东免费上,档口摊位,朝阳-南磨房茂兴西路,20.0,4000.0,,6.666666666666667,39.905714,116.489276,True,True,True,20㎡,4000元/月,6.67元/m/天（价格可面议）,"('39.905714', '116.489276')"
dark,(出租)东三环外卖核心商圈可全天24小时营业（可免费上京东）,档口摊位,朝阳-双井广渠路66号,15.0,5500.0,,12.222222222222221,39.897037,116.470371,True,True,True,15㎡,5500元/月,12.22元/m/天（价格可面议）,"('39.897037', '116.470371')"
dark,(出租)周围人群密集小区口15平适合早点外卖奶茶,档口摊位,首座御园-北京市大兴区,15.0,7000.0,,15.555555555555555,39.754417,116.373003,True,True,True,15㎡,7000元/月,15.56元/m/天（价格可面议）,"('39.754417', '116.373003')"
dark,(转让)国贸朝阳门建外soho传媒大学美食城外卖档口,档口摊位,富海大厦,15.0,5000.0,0.01,0.01,39.959688,116.341706,True,True,True,15㎡,5000元/月,转让费：0.01万元,"('39.959688', '116.341706')"
dark,(出租)直租｜蒲黄榆方庄堂食外卖美食城档口,档口摊位,蒲黄榆地铁站-G东南口,15.0,3999.0,8.89,8.89,39.871547,116.430931,True,True,True,15㎡,3999元/月,8.89元/m/天,"('39.871547', '116.430931')"
dark,(出租)早点出租临街外卖档口,档口摊位,天通北苑二区-35号楼,15.0,2000.0,4.44,4.44,40.081219,116.434108,True,True,True,15㎡,2000元/月,4.44元/m/天,"('40.081219', '116.434108')"
dark,(出租)望京外卖档口美食城出租！,档口摊位,悠乐汇-A区,16.0,5000.0,10.42,10.42,39.995022,116.483868,True,True,True,16㎡,5000元/月,10.42元/m/天,"('39.995022', '116.483868')"
dark,(出租)火爆！可味美食城堂食外卖档口招商,临街门面,总部基地18区,15.0,8000.0,17.78,17.78,39.827593,116.298382,True,True,True,15㎡,8000元/月,17.78元/m/天,"('39.827593', '116.298382')"
dark,(出租)嘉友城外诚｜红星美凯龙美食城堂食外卖档口直租,档口摊位,宋家庄,15.0,3500.0,7.78,7.78,39.851735,116.434908,True,True,True,15㎡,3500元/月,7.78元/m/天,"('39.851735', '116.434908')"
dark,(出租)方庄成寿寺左安门商圈新开美食城特价24小时燃气堂食外卖档口,档口摊位,北京市朝阳区十八里店(地区)乡紫芳路9号院,20.0,3500.0,5.83,5.83,39.8718291282905,116.450340235615,True,True,True,20㎡,3500元/月,5.83元/m/天,"('39.87182912829046', '116.45034023561516')"
dark,(出租)将台酒仙桥区域堂食外卖美食城档口！直租！外卖单量高长期稳定,档口摊位,沃德中心,17.0,6000.0,11.77,11.77,39.970254,116.723008,True,True,True,17㎡,6000元/月,11.77元/m/天,"('39.970254', '116.723008')"
dark,(出租)昌平商业街美食城档口可以京东了外卖好位置就剩一个档口,档口摊位,商业街53号,25.0,3000.0,4.0,4.0,40.221015,116.236448,True,True,True,25㎡,3000元/月,4元/m/天,"('40.221015', '116.236448')"
dark,(出租)天通苑立水桥北苑堂食外卖美食城档口出租有燃气,档口摊位,龙德紫金大厦,18.0,3000.0,5.56,5.56,40.068418,116.421244,True,True,True,18㎡,3000元/月,5.56元/m/天,"('40.068418', '116.421244')"
dark,(出租)六里桥商圈外卖档口出租，商圈成熟单多,商业街店铺,六里桥地摊儿烧烤,15.0,5000.0,11.11,11.11,39.886269,116.318825,True,True,True,15㎡,5000元/月,11.11元/m/天,"('39.886269', '116.318825')"
dark,(出租)美食城直租档口可堂食可外卖,档口摊位,益园地下美食城,18.0,7000.0,12.96,12.96,39.957029,116.241009,True,True,True,18㎡,7000元/月,12.96元/m/天,"('39.957029', '116.241009')"
dark,(出租)房山良乡美食城档口可堂食外卖··客流量大,商业街店铺,大熊觅食区,10.0,2000.0,6.67,6.67,39.741466,116.148182,True,True,True,10㎡,2000元/月,6.67元/m/天,"('39.741466', '116.148182')"
dark,(出租)昌平县城美食城外卖档口直租,档口摊位,鼓楼西街-12号楼,30.0,3500.0,3.89,3.89,40.2297,116.237684,True,True,True,30㎡,3500元/月,3.89元/m/天,"('40.2297', '116.237684')"
dark,(转让)无转让费接手可营业设备其全有固定客源档口位置好堂食加外卖,写字楼配套,朝来科技园,20.0,8000.0,1.5,1.5,40.02509,116.477598,True,True,True,20㎡,8000元/月,转让费：1.5万元,"('40.02509', '116.477598')"
dark,(出租)朝阳住邦20002号楼小面积商铺、堂食档口，外卖档口招租,档口摊位,住邦2000,15.0,5000.0,11.11,11.11,39.920886,116.500805,True,True,True,15㎡,5000元/月,11.11元/m/天,"('39.920886', '116.500805')"
dark,(出租)朝阳周边望京中心外卖档口招商品类不限,社区底商,朝阳-望京阜通西大街,15.0,7500.0,16.67,16.67,40.0024397129,116.4778671178,True,True,True,15㎡,7500元/月,16.67元/m/天,"('40.0024397129', '116.4778671178')"
dark,(出租)三元桥东直门外卖档口六千，美食城直租国贸商业街招饮品,档口摊位,海淀-上地详细地址请咨询,30.0,10000.0,,11.11111111111111,40.058694,116.308005,True,True,True,30㎡,1万/月,11.11元/m/天（转让费可面议）,"('40.058694', '116.308005')"
dark,(出租)通州物资学院档口堂食外卖15平4500元13,档口摊位,诚为先美食城-北京市通州区,20.0,4500.0,7.5,7.5,39.913424,116.668992,True,True,True,20㎡,4500元/月,7.5元/m/天,"('39.913424', '116.668992')"
dark,(转让)朝阳门东大桥悠乐汇酒仙桥美食城档口直租可上京东外卖,档口摊位,富海大厦,16.0,5000.0,0.01,0.01,39.959688,116.341706,True,True,True,16㎡,5000元/月,转让费：0.01万元,"('39.959688', '116.341706')"
dark,(转让)美食城档口店转租已上外卖，客流量大，2月,档口摊位,花乡奥莱村,20.0,10.0,5.0,5.0,39.833464,116.330517,True,True,True,20㎡,10元/月,转让费：5万元,"('39.833464', '116.330517')"
dark,(出租)劲松七区超市内外卖档口出租,社区底商,劲松七区,20.0,4000.0,6.67,6.67,39.886368,116.454919,True,True,True,20㎡,4000元/月,6.67元/m/天,"('39.886368', '116.454919')"
dark,(转让)美食城档口店转租已上外卖，客流量大全新设备全留，带技术配方,购物百货中心,花乡奥莱村,20.0,10.0,5.0,5.0,39.833464,116.330517,True,True,True,20㎡,10元/月,转让费：5万元,"('39.833464', '116.330517')"
dark,(转让)超市内外卖档口多平台设施完善可直接接手,档口摊位,超市发(新街口店),20.0,8000.0,4.0,4.0,39.944039,116.37912,True,True,True,20㎡,8000元/月,转让费：4万元,"('39.944039', '116.37912')"
dark,(出租)个人出租能堂食能外卖档口,购物百货中心,北京·通州阳光新生活广场,17.0,6500.0,12.75,12.75,39.895948,116.662706,True,True,True,17㎡,6500元/月,12.75元/m/天,"('39.895948', '116.662706')"
dark,(出租)四道口交通大学外卖档口,档口摊位,四道口路,16.0,5000.0,10.42,10.42,39.967034,116.351025,True,True,True,16㎡,5000元/月,10.42元/m/天,"('39.967034', '116.351025')"
dark,(出租)24小时营业燃气美食城纪家庙玉泉营堂食外卖档口直租押一付一,档口摊位,北京市丰台区玉泉营街道柳村路辅路,20.0,3500.0,5.83,5.83,39.8483786700335,116.33969809843,True,True,True,20㎡,3500元/月,5.83元/m/天,"('39.848378670033526', '116.33969809842966')"
dark,(出租)外卖档口出租，设备齐全接手即可营业,临街门面,双惠苑小区,65.0,16000.0,8.21,8.21,39.911099,116.581464,True,True,True,65㎡,1.6万/月,8.21元/m/天,"('39.911099', '116.581464')"
dark,(转让)朝阳望京营业中外卖档口低价急转接手即可经营急转急转急转,档口摊位,浣熊食堂(望京万科店),18.0,6800.0,,12.592592592592593,39.995823,116.490821,True,True,True,18㎡,6800元/月,无转让费,"('39.995823', '116.490821')"
dark,(转让)外卖档口转让15平可24小时营业,档口摊位,贵友大厦(建外店),15.0,6300.0,1.8,1.8,39.914761,116.457745,True,True,True,15㎡,6300元/月,转让费：1.8万元,"('39.914761', '116.457745')"
dark,(转让)外卖档口可以24小时营业，美食城执照,档口摊位,建国门外大街甲5号,12.0,3500.0,1.5,1.5,39.914621,116.457952,True,True,True,12㎡,3500元/月,转让费：1.5万元,"('39.914621', '116.457952')"
dark,(出租)现有一个档口可以做小吃、美发厅，外卖。,写字楼配套,金隅可乐,20.0,3333.0,5.56,5.56,39.909212,116.583188,True,True,True,20㎡,3333元/月,5.56元/m/天,"('39.909212', '116.583188')"
dark,(出租)大型小区门口招一切行业或者外卖档口,社区底商,十里堡东里,300.0,50000.0,5.56,5.56,39.92421,116.511761,True,True,True,300㎡,5万/月,5.56元/m/天,"('39.92421', '116.511761')"
dark,(转让)煎饼档口外卖，居民特别多，幼儿园，成熟社区,档口摊位,首座御园-一期,15.0,4500.0,2.0,2.0,39.75055,116.373449,True,True,True,15㎡,4500元/月,转让费：2万元,"('39.75055', '116.373449')"
dark,(出租)朝阳住邦20002号楼小面积商铺、堂食档口，外卖档口招租,档口摊位,住邦2000,15.0,5000.0,11.11,11.11,39.920886,116.500805,True,True,True,15㎡,5000元/月,11.11元/m/天,"('39.920886', '116.500805')"
dark,(出租)东三环外卖核心商圈可全天24小时营业（可免费上京东）,档口摊位,朝阳-国贸广渠路66号,18.0,5000.0,,9.25925925925926,39.8969659494664,116.470281829142,True,True,True,18㎡,5000元/月,9.26元/m/天（价格可面议）,"('39.896965949466384', '116.47028182914178')"
dark,(出租)通州梨园美食城档口堂食外卖15平4500元06,档口摊位,诚为先美食城-北京市通州区,20.0,4500.0,7.5,7.5,39.913424,116.668992,True,True,True,20㎡,4500元/月,7.5元/m/天,"('39.913424', '116.668992')"
dark,(出租)东三环外卖核心商圈可全天24小时营业（可免费上京东）,档口摊位,朝阳-双井广渠路66号,18.0,5500.0,,10.185185185185185,39.896966,116.470282,True,True,True,18㎡,5500元/月,10.19元/m/天（价格可面议）,"('39.896966', '116.470282')"
dark,(转让)外卖档口一直做外卖烧烤店,档口摊位,嘉信商务楼,18.0,6500.0,1.0,1.0,39.925662,116.489407,True,True,True,18㎡,6500元/月,转让费：1万元,"('39.925662', '116.489407')"
dark,(转让)中型餐饮店转让，餐饮接手可营业，有3包间，有两个外卖档口,临街门面,长福路,210.0,31500.0,40.0,40.0,39.79907,116.357496,True,True,True,210㎡,3.15万/月,转让费：40万元,"('39.79907', '116.357496')"
dark,(出租)直租台湾街美食天然气外卖档口,商业街店铺,北京台湾街(鲁谷东街店),20.0,6000.0,10.0,10.0,39.910156,116.242926,True,True,True,20㎡,6000元/月,10元/m/天,"('39.910156', '116.242926')"
dark,(出租)外卖档口招租，有天然气，包水，可上外卖,社区底商,民旺园,106.0,5000.0,1.57,1.57,39.95837,116.433789,True,True,True,106㎡,5000元/月,1.57元/m/天,"('39.95837', '116.433789')"
dark,(出租)青年路大悦城国美城美食城外卖档口出租,档口摊位,乐食美食城(青年路店),15.0,4000.0,8.89,8.89,39.927259,116.523806,True,True,True,15㎡,4000元/月,8.89元/m/天,"('39.927259', '116.523806')"
dark,(出租)亚运村美食城堂食外卖档口物业直租！十年美食城,档口摊位,亚运村图书大厦,15.0,5000.0,11.11,11.11,40.009514,116.413388,True,True,True,15㎡,5000元/月,11.11元/m/天,"('40.009514', '116.413388')"
dark,(出租)常营管庄双桥店外卖档口出租，骑手多取餐快单量高,档口摊位,京客隆(管庄店),15.0,5500.0,12.22,12.22,39.920652,116.598662,True,True,True,15㎡,5500元/月,12.22元/m/天,"('39.920652', '116.598662')"
dark,(转让)美食城档口，可实地考察，堂食加外卖都有，房租便宜，附三压一，,商业街店铺,安宁庄东路,30.0,8000.0,4.0,4.0,40.051686,116.335444,True,True,True,30㎡,8000元/月,转让费：4万元,"('40.051686', '116.335444')"
dark,(出租)招租外卖档口带窗口可外卖,社区底商,砖角楼南里,10.0,5000.0,16.67,16.67,39.959472,116.436945,True,True,True,10㎡,5000元/月,16.67元/m/天,"('39.959472', '116.436945')"
dark,(出租)三元桥外卖档口4500房东直租,档口摊位,网信大厦,12.0,4500.0,12.5,12.5,39.964241,116.472414,True,True,True,12㎡,4500元/月,12.5元/m/天,"('39.964241', '116.472414')"
dark,(出租)档口出租，主食厨房，外卖档口，煎饼店,临街门面,石油大院-1号院,6.0,12000.0,66.67,66.67,40.005352,116.370617,True,True,True,6㎡,1.2万/月,66.67元/m/天,"('40.005352', '116.370617')"
dark,(出租)外卖档口成熟品质外卖店,档口摊位,贵友大厦(建外店),15.0,5500.0,12.22,12.22,39.914761,116.457745,True,True,True,15㎡,5500元/月,12.22元/m/天,"('39.914761', '116.457745')"
dark,(转让)北花园外卖店铺（商圈覆盖学校居民区办公楼）,档口摊位,北花园小区-1号院,35.0,6000.0,0.01,0.01,39.911156,116.555232,True,True,True,35㎡,6000元/月,转让费：0.01万元,"('39.911156', '116.555232')"
dark,(出租)昌平南口工商专修学院附近非常适合外卖平台门面出租转让,档口摊位,南口农副产品市场中心,20.0,1000.0,1.67,1.67,40.242338,116.140472,True,True,True,20㎡,1000元/月,1.67元/m/天,"('40.242338', '116.140472')"
dark,(出租)附近3所大学，中心位置，做外卖的必选之地,档口摊位,商业街,30.0,3000.0,3.33,3.33,40.221082,116.235653,True,True,True,30㎡,3000元/月,3.33元/m/天,"('40.221082', '116.235653')"
dark,(出租)朝阳住邦20002号楼小面积商铺、堂食档口，外卖档口招租,档口摊位,住邦2000,15.0,5000.0,11.11,11.11,39.920886,116.500805,True,True,True,15㎡,5000元/月,11.11元/m/天,"('39.920886', '116.500805')"
dark,(出租)通州梨园美食城档口堂食外卖15平4500元06,档口摊位,诚为先美食城-北京市通州区,20.0,4500.0,7.5,7.5,39.913424,116.668992,True,True,True,20㎡,4500元/月,7.5元/m/天,"('39.913424', '116.668992')"
dark,(出租)通州北关美食城档口堂食外卖15平4500元02,档口摊位,诚为先美食城-北京市通州区,20.0,4500.0,7.5,7.5,39.913424,116.668992,True,True,True,20㎡,4500元/月,7.5元/m/天,"('39.913424', '116.668992')"
dark,(出租)通州乔庄美食城档口堂食外卖15平4500元08,档口摊位,诚为先美食城-北京市通州区,20.0,4500.0,7.5,7.5,39.913424,116.668992,True,True,True,20㎡,4500元/月,7.5元/m/天,"('39.913424', '116.668992')"
dark,(出租)后厨设备齐全。接手就可以经营，带3个外卖平台转,档口摊位,丰葆路,20.0,4500.0,7.5,7.5,39.817514,116.298065,True,True,True,20㎡,4500元/月,7.5元/m/天,"('39.817514', '116.298065')"
dark,(转让)营业中烧烤转让剩余租期10个月，外卖月销1千单,档口摊位,佳嘉炙烤(小市场店),120.0,4000.0,5.0,5.0,40.159755,117.134888,True,True,True,120㎡,4000元/月,转让费：5万元,"('40.159755', '117.134888')"
dark,(转让)顺义金街美食城档口，可做外卖，人流密集，个人转租需要联系,档口摊位,金街国际大厦,12.0,5000.0,0.5,0.5,40.132965,116.659521,True,True,True,12㎡,5000元/月,转让费：0.5万元,"('40.132965', '116.659521')"
dark,(转让)7年老店，生意稳定，现经营品牌连锁烧烤外卖店,档口摊位,谷谷乐美食城,25.0,5500.0,4.5,4.5,39.824427,116.296279,True,True,True,25㎡,5500元/月,转让费：4.5万元,"('39.824427', '116.296279')"
dark,(转让)美食城旺铺转让外卖带堂食,档口摊位,光彩胡同8号,14.0,5000.0,5.0,5.0,39.907682,116.372865,True,True,True,14㎡,5000元/月,转让费：5万元,"('39.907682', '116.372865')"
dark,(出租)三元桥美食城招商快餐，手擀面，外卖24小时营业,档口摊位,静安市场(静安里店),23.0,6000.0,8.7,8.7,39.961973,116.453168,True,True,True,23㎡,6000元/月,8.7元/m/天,"('39.961973', '116.453168')"
dark,(转让)北苑超市对面明档可以外卖可以现场带走,档口摊位,北苑,16.0,4500.0,0.01,0.01,40.001113,116.422811,True,True,True,16㎡,4500元/月,转让费：0.01万元,"('40.001113', '116.422811')"
dark,(转让)西安美食，可做多种项目。执照可以上三个外卖。,档口摊位,金河谷综合超市(芍药居北里店),20.0,4200.0,0.5,0.5,39.989629,116.444489,True,True,True,20㎡,4200元/月,转让费：0.5万元,"('39.989629', '116.444489')"
dark,(转让)外卖店生意稳定，地方够用,档口摊位,融科创意产业中心,25.0,7000.0,3.8,3.8,39.915552,116.212085,True,True,True,25㎡,7000元/月,转让费：3.8万元,"('39.915552', '116.212085')"
dark,(转让)中外卖档口，因个人家庭原因转让,档口摊位,白云时代大厦-A座,23.0,10000.0,10.0,10.0,39.904138,116.346212,True,True,True,23㎡,1万/月,转让费：10万元,"('39.904138', '116.346212')"
dark,(转让)北京市果汁热销榜第二名，单美团月销3000+，堂食，京东外卖,档口摊位,物美(樊羊路店),10.0,5500.0,8.0,8.0,39.831007,116.318731,True,True,True,10㎡,5500元/月,转让费：8万元,"('39.831007', '116.318731')"
dark,(转让)成熟外卖厨房整体转让合作，有意面谈,购物百货中心,云柏鞋业(十里堡店),455.0,13700.000000000002,1.0,1.0,39.92241,116.510376,True,True,True,455㎡,1.37万/月,转让费：1万元,"('39.92241', '116.510376')"
dark,(转让)美食城内热门商圈可外卖堂食,商业街店铺,小屯路10号院,20.0,8000.0,12.0,12.0,39.894965,116.261304,True,True,True,20㎡,8000元/月,转让费：12万元,"('39.894965', '116.261304')"
dark,(出租)（出租）餐饮档口可堂食可烧烤各品类外卖小吃,档口摊位,中关村科学城四季科创中心-北门,10.0,1000.0,3.33,3.33,39.958196,116.284826,True,True,True,10㎡,1000元/月,3.33元/m/天,"('39.958196', '116.284826')"
dark,(转让)热门商圈炸鸡外卖+堂食,其他,世纪科贸大厦-C座,12.0,7500.0,5.0,5.0,39.989732,116.340444,True,True,True,12㎡,7500元/月,转让费：5万元,"('39.989732', '116.340444')"
dark,(出租)朝阳住邦20002号楼小面积商铺、堂食档口，外卖档口招租,档口摊位,住邦2000,15.0,5000.0,11.11,11.11,39.920886,116.500805,True,True,True,15㎡,5000元/月,11.11元/m/天,"('39.920886', '116.500805')"
dark,(转让)带设备，带技术，三个平台外卖店，接手即可营业,商业街店铺,宏福苑小区,20.0,5000.0,3.0,3.0,40.118497,116.373435,True,True,True,20㎡,5000元/月,转让费：3万元,"('40.118497', '116.373435')"
dark,(转让)正在运营中外卖带堂食店，客流大，无暇顾及转让。,档口摊位,京东集团总部,35.0,10000.0,3.0,3.0,39.791914,116.566178,True,True,True,35㎡,1万/月,转让费：3万元,"('39.791914', '116.566178')"
dark,(出租)实拍！3500客流堂食纯外卖东直门雍和宫三里屯商圈美食城出租,档口摊位,天恒大厦,20.0,6000.0,10.0,10.0,39.946307,116.443416,True,True,True,20㎡,6000元/月,10元/m/天,"('39.946307', '116.443416')"
dark,(出租)3-7k可上京东回龙观西二三旗堂食外卖燃气24时美食城出租,档口摊位,三旗百汇购物中心,18.0,3500.0,6.48,6.48,40.067915,116.349259,True,True,True,18㎡,3500元/月,6.48元/m/天,"('40.067915', '116.349259')"
dark,(转让)外卖水果店两个平台四个账号，接手可营业，设备俱全。,档口摊位,娜丽莎大厦,30.0,5000.0,4.0,4.0,39.99705,116.478002,True,True,True,30㎡,5000元/月,转让费：4万元,"('39.99705', '116.478002')"
dark,(转让)品牌外卖店转让，经营4年，客源稳定，适合夫妻俩经营,档口摊位,东湖渠,18.0,6800.0,30.0,30.0,40.016019,116.474041,True,True,True,18㎡,6800元/月,转让费：30万元,"('40.016019', '116.474041')"
dark,(出租)大型社区一层新菜场内招外卖店、小吃城,档口摊位,北京新天地-三期,180.0,25000.0,4.63,4.63,39.919694,116.613425,True,True,True,180㎡,2.5万/月,4.63元/m/天,"('39.919694', '116.613425')"
dark,(转让)低价转让现在能有5个外卖平台适合夫妻店接手,档口摊位,汤立路201号院-6,20.0,4500.0,1.5,1.5,40.060726,116.418271,True,True,True,20㎡,4500元/月,转让费：1.5万元,"('40.060726', '116.418271')"
dark,(出租)外卖店转让只收取房租,档口摊位,饿货上瘾手撕鸡架(三合庄店),20.0,4000.0,6.67,6.67,40.082294,116.32911,True,True,True,20㎡,4000元/月,6.67元/m/天,"('40.082294', '116.32911')"
dark,(转让)18平的地方，一个小库房。可实地考察。堂食加外卖。,档口摊位,中仓小区-8号楼,18.0,5500.0,5.5,5.5,39.912695,116.66921,True,True,True,18㎡,5500元/月,转让费：5.5万元,"('39.912695', '116.66921')"
dark,(转让)玉泉路地铁附近美食城，堂食外卖,档口摊位,燕保大厦,40.0,12000.0,0.5,0.5,39.909308,116.258535,True,True,True,40㎡,1.2万/月,转让费：0.5万元,"('39.909308', '116.258535')"
dark,(出租)可以堂食，可上外卖，周边环境好,档口摊位,定福家园北里1号院-6号楼,20.0,1800.0,3.0,3.0,39.931847,116.573066,True,True,True,20㎡,1800元/月,3元/m/天,"('39.931847', '116.573066')"
dark,(转让)店铺转让两个美团两个饿了吗可堂食可外卖+,档口摊位,角门南路50号,10.0,5000.0,2.0,2.0,39.845908,116.381111,True,True,True,10㎡,5000元/月,转让费：2万元,"('39.845908', '116.381111')"
dark,(转让)60平，每天外卖600单保底，因精力,档口摊位,新街大院-3号楼,60.0,15000.0,15.0,15.0,39.92148,116.475671,True,True,True,60㎡,1.5万/月,转让费：15万元,"('39.92148', '116.475671')"
dark,(转让)旺铺出租，客源稳定，外卖订单100以上,档口摊位,黏糊土豆拌茄子·撑死东北老爷子,30.0,2000.0,8.0,8.0,40.320605,116.640255,True,True,True,30㎡,2000元/月,转让费：8万元,"('40.320605', '116.640255')"
dark,(出租)朝阳住邦20002号楼小面积商铺、堂食档口，外卖档口招租,档口摊位,住邦2000,15.0,5000.0,11.11,11.11,39.920886,116.500805,True,True,True,15㎡,5000元/月,11.11元/m/天,"('39.920886', '116.500805')"
dark,(转让)卖好饺子，加炉中炉烤肉，外卖，有顾客客源,档口摊位,卧龙环岛,20.0,2500.0,3.0,3.0,40.143586,116.64631,True,True,True,20㎡,2500元/月,转让费：3万元,"('40.143586', '116.64631')"
dark,(出租)房东直租出租外卖档口,档口摊位,天宝南街,25.0,2000.0,2.67,2.67,39.793888,116.49646,True,True,True,25㎡,2000元/月,2.67元/m/天,"('39.793888', '116.49646')"
dark,(出租)外卖档口房东直租,商业街店铺,旭东嘉园上海沙龙-一期,15.0,2200.0,4.89,4.89,39.795402,116.504611,True,True,True,15㎡,2200元/月,4.89元/m/天,"('39.795402', '116.504611')"
dark,(出租)上地商圈可堂食加外卖,档口摊位,万霖科技大厦-A座,20.0,8000.0,13.33,13.33,40.039835,116.302036,True,True,True,20㎡,8000元/月,13.33元/m/天,"('40.039835', '116.302036')"
dark,(出租)外卖档口！押一付一！,档口摊位,龙湖时代天街西区,8.0,2000.0,8.33,8.33,39.690887,116.325983,True,True,True,8㎡,2000元/月,8.33元/m/天,"('39.690887', '116.325983')"
dark,(转让)机场附近品牌外卖店转让,档口摊位,机场南路,15.0,6000.0,3.2,3.2,40.052731,116.601385,True,True,True,15㎡,6000元/月,转让费：3.2万元,"('40.052731', '116.601385')"
dark,(转让)总部基地头部轻食外卖店转让,档口摊位,庖丁小厨美食汇(南四环西路188号十七区店),25.0,5500.0,25.0,25.0,39.829983,116.298179,True,True,True,25㎡,5500元/月,转让费：25万元,"('39.829983', '116.298179')"
dark,(出租)旺铺出租-美团外卖浣熊食堂「餐饮新业态，外卖新红利」,档口摊位,万科时代中心望京-E座,13.5,5500.0,13.58,13.58,39.995754,116.490875,True,True,True,13.5㎡,5500元/月,13.58元/m/天,"('39.995754', '116.490875')"
dark,(转让)板面店设备齐全包教会，周边酒店多外卖稳定可拓展很多项目，,档口摊位,王四营桥,20.0,6600.0,4.0,4.0,39.876334,116.532473,True,True,True,20㎡,6600元/月,转让费：4万元,"('39.876334', '116.532473')"
dark,(转让)宇宙中心五道口外卖厨房转让,档口摊位,学院路,18.0,5000.0,0.1,0.1,40.006406,116.359465,True,True,True,18㎡,5000元/月,转让费：0.1万元,"('40.006406', '116.359465')"
dark,(出租)直租海淀区人民大学知春路中关村全新美食城外卖档口诚意招租,档口摊位,老八社区食堂(双榆树西里店),15.0,8000.0,17.78,17.78,39.973781,116.329565,True,True,True,15㎡,8000元/月,17.78元/m/天,"('39.973781', '116.329565')"
dark,(出租)直租｜金台路红庙堂食外卖美食城档口,社区底商,红庙北里,15.0,4500.0,10.0,10.0,39.92478,116.486613,True,True,True,15㎡,4500元/月,10元/m/天,"('39.92478', '116.486613')"
dark,(出租)东坝外卖档口直租！还有一个10平门脸,档口摊位,万达广场(北京东坝店),15.0,4500.0,10.0,10.0,39.968199,116.555202,True,True,True,15㎡,4500元/月,10元/m/天,"('39.968199', '116.555202')"
dark,(出租)出租|中关村五道口知春路四道口苏州街业主直租美食城外卖档口,档口摊位,中科资源大厦,16.0,5500.0,11.46,11.46,39.990508,116.334534,True,True,True,16㎡,5500元/月,11.46元/m/天,"('39.990508', '116.334534')"
dark,(出租)朝阳区国贸朝阳门美食城外卖档口诚意招租,档口摊位,贵友大厦(建外店),15.0,4000.0,8.89,8.89,39.914761,116.457745,True,True,True,15㎡,4000元/月,8.89元/m/天,"('39.914761', '116.457745')"
dark,(出租)朝阳住邦20002号楼小面积商铺、堂食档口，外卖档口招租,档口摊位,住邦2000,15.0,5000.0,11.11,11.11,39.920886,116.500805,True,True,True,15㎡,5000元/月,11.11元/m/天,"('39.920886', '116.500805')"
dark,(出租)西局｜六里桥｜莲花桥｜丰台站外卖美食城档口出租,档口摊位,泥洼北路,15.0,4000.0,8.89,8.89,39.869463,116.317745,True,True,True,15㎡,4000元/月,8.89元/m/天,"('39.869463', '116.317745')"
dark,(出租)亦庄堂食外卖美食城档口出租,档口摊位,大族广场,17.0,5000.0,9.8,9.8,39.798334,116.519181,True,True,True,17㎡,5000元/月,9.8元/m/天,"('39.798334', '116.519181')"
dark,(转让)国贸美食城档口悠乐汇酒仙桥美食城档口直租可上京东外卖,档口摊位,望京SOHO,15.0,5000.0,0.01,0.01,40.002574,116.487633,True,True,True,15㎡,5000元/月,转让费：0.01万元,"('40.002574', '116.487633')"
dark,(出租)昌平县城外卖档口个人直租,档口摊位,鼓楼西街-12号楼,30.0,3800.0,4.22,4.22,40.2297,116.237684,True,True,True,30㎡,3800元/月,4.22元/m/天,"('40.2297', '116.237684')"
dark,(出租)立水桥地铁附近外卖档口转租,档口摊位,奥北中心,18.0,3000.0,5.56,5.56,40.060297,116.417541,True,True,True,18㎡,3000元/月,5.56元/m/天,"('40.060297', '116.417541')"
dark,(出租)急租！马家堡角门右安门商圈美食城外卖燃气24时档口出租,档口摊位,凯德MALL·大峡谷,20.0,4500.0,7.5,7.5,39.860552,116.373346,True,True,True,20㎡,4500元/月,7.5元/m/天,"('39.860552', '116.373346')"
dark,(出租)外卖档口适合做各种饭面条快餐,档口摊位,嘉信商务楼,20.0,6500.0,10.83,10.83,39.925662,116.489407,True,True,True,20㎡,6500元/月,10.83元/m/天,"('39.925662', '116.489407')"
dark,(出租)高碑店大悦城四惠传媒财满街堂食外卖美食城档口出租,档口摊位,财满街,15.0,5000.0,11.11,11.11,39.92377,116.538981,True,True,True,15㎡,5000元/月,11.11元/m/天,"('39.92377', '116.538981')"
dark,(出租)4500！不讲价，健德门堂食加外卖美食城档口出租,档口摊位,健翔桥,20.0,4500.0,7.5,7.5,39.993414,116.381488,True,True,True,20㎡,4500元/月,7.5元/m/天,"('39.993414', '116.381488')"
dark,(出租)酒仙桥将台中心堂食外卖美食城档口直租,档口摊位,沃德中心,15.0,5000.0,11.11,11.11,39.970254,116.723008,True,True,True,15㎡,5000元/月,11.11元/m/天,"('39.970254', '116.723008')"
dark,(出租)可味美食城全北京堂食外卖档口出租！十年以上老店合作品质商家,档口摊位,三里屯SOHO,15.0,9999.0,22.22,22.22,39.937943,116.460166,True,True,True,15㎡,9999元/月,22.22元/m/天,"('39.937943', '116.460166')"
dark,(出租)日坛朝阳门商圈堂食加纯外卖美食城档口出租,档口摊位,日坛国际酒店-正门,16.0,5500.0,11.46,11.46,39.926041,116.449162,True,True,True,16㎡,5500元/月,11.46元/m/天,"('39.926041', '116.449162')"
dark,(转让)望京soho悠乐汇酒仙桥美食城档口直租可上京东外卖,档口摊位,望京SOHO,15.0,5000.0,0.01,0.01,40.002574,116.487633,True,True,True,15㎡,5000元/月,转让费：0.01万元,"('40.002574', '116.487633')"
dark,(出租)安贞亚运村安立路小营堂食加外卖美食城档口出租,档口摊位,新华金融大厦,15.0,5000.0,11.11,11.11,39.978691,116.407501,True,True,True,15㎡,5000元/月,11.11元/m/天,"('39.978691', '116.407501')"
dark,(出租)亦庄中间核心区域堂食外卖美食城出租有燃气,档口摊位,131顺泰美食广场(兴盛国际店),17.0,5000.0,9.8,9.8,39.800933,116.529431,True,True,True,17㎡,5000元/月,9.8元/m/天,"('39.800933', '116.529431')"
