sample_id,segment_id,street_name,sample_index,distance_along_m,tree_distance_m,building_distance_m,tree_class,building_class,visual_condition,orientation_group,zone_id
SEG_0001_P001,SEG_0001,W 33 ST,1,5.0,94.85939451741945,70.60627396206672,Tree Far,Building Far,Open Field,East–West / Cross-street-like,SEG_0001_Z01
SEG_0001_P002,SEG_0001,W 33 ST,2,15.000000000000002,96.71961402964355,78.50479321490963,Tree Far,Building Far,Open Field,East–West / Cross-street-like,SEG_0001_Z01
SEG_0002_P001,SEG_0002,BROADWAY,1,5.0,90.21211730972071,65.85699889523003,Tree Far,Building Far,Open Field,North–South / Avenue-like,SEG_0002_Z01
SEG_0002_P002,SEG_0002,BROADWAY,2,15.000000000000002,82.30703421892387,64.95150267507701,Tree Far,Building Far,Open Field,North–South / Avenue-like,SEG_0002_Z01
SEG_0002_P003,SEG_0002,BROADWAY,3,25.000000000000004,74.90440343749113,65.57629980423486,Tree Far,Building Far,Open Field,North–South / Avenue-like,SEG_0002_Z01
SEG_0002_P004,SEG_0002,BROADWAY,4,35.00000000000001,68.16811150928775,67.68902785742654,Tree Far,Building Far,Open Field,North–South / Avenue-like,SEG_0002_Z01
SEG_0002_P005,SEG_0002,BROADWAY,5,45.000000000000014,62.31463069901174,60.40083406404519,Tree Far,Building Far,Open Field,North–South / Avenue-like,SEG_0002_Z01
SEG_0003_P001,SEG_0003,AVE OF THE AMERICAS,1,5.0,93.61658278801194,80.99036043268896,Tree Far,Building Far,Open Field,North–South / Avenue-like,SEG_0003_Z01
SEG_0003_P002,SEG_0003,AVE OF THE AMERICAS,2,15.000000000000002,84.59131287598427,77.46293295541695,Tree Far,Building Far,Open Field,North–South / Avenue-like,SEG_0003_Z01
SEG_0003_P003,SEG_0003,AVE OF THE AMERICAS,3,25.000000000000004,75.81105364826867,74.86667944042344,Tree Far,Building Far,Open Field,North–South / Avenue-like,SEG_0003_Z01
SEG_0003_P004,SEG_0003,AVE OF THE AMERICAS,4,35.00000000000001,67.37166686700512,65.10447161780543,Tree Far,Building Far,Open Field,North–South / Avenue-like,SEG_0003_Z01
SEG_0003_P005,SEG_0003,AVE OF THE AMERICAS,5,45.000000000000014,59.41857569495247,55.42711212784031,Tree Far,Building Far,Open Field,North–South / Avenue-like,SEG_0003_Z01
SEG_0004_P001,SEG_0004,W 34 ST,1,5.0,10.505892382167158,15.76619962113624,Tree Near,Building Far,Vegetated Buffer,East–West / Cross-street-like,SEG_0004_Z01
SEG_0004_P002,SEG_0004,W 34 ST,2,15.000000000000002,7.592894297794029,15.751890982328913,Tree Near,Building Far,Vegetated Buffer,East–West / Cross-street-like,SEG_0004_Z01
SEG_0004_P003,SEG_0004,W 34 ST,3,25.000000000000004,12.005338063323467,15.737578624975306,Tree Near,Building Far,Vegetated Buffer,East–West / Cross-street-like,SEG_0004_Z01
SEG_0004_P004,SEG_0004,W 34 ST,4,35.00000000000001,7.246315691995445,15.723287523986862,Tree Near,Building Far,Vegetated Buffer,East–West / Cross-street-like,SEG_0004_Z01
SEG_0004_P005,SEG_0004,W 34 ST,5,45.000000000000014,7.269549269244477,15.709011964538316,Tree Near,Building Far,Vegetated Buffer,East–West / Cross-street-like,SEG_0004_Z01
SEG_0004_P006,SEG_0004,W 34 ST,6,55.00000000000002,8.258748421332568,15.6947437063086,Tree Near,Building Far,Vegetated Buffer,East–West / Cross-street-like,SEG_0004_Z01
SEG_0004_P007,SEG_0004,W 34 ST,7,65.00000000000001,7.459650844489023,14.871319687654465,Tree Near,Building Far,Vegetated Buffer,East–West / Cross-street-like,SEG_0004_Z01
SEG_0004_P008,SEG_0004,W 34 ST,8,75.00000000000001,10.649522199813434,14.862685218243524,Tree Near,Building Far,Vegetated Buffer,East–West / Cross-street-like,SEG_0004_Z01
SEG_0004_P009,SEG_0004,W 34 ST,9,85.00000000000001,14.680124631574866,14.859257100229163,Tree Near,Building Far,Vegetated Buffer,East–West / Cross-street-like,SEG_0004_Z01
SEG_0004_P010,SEG_0004,W 34 ST,10,95.00000000000003,12.368728833048518,15.637600485238973,Tree Near,Building Far,Vegetated Buffer,East–West / Cross-street-like,SEG_0004_Z01
SEG_0004_P011,SEG_0004,W 34 ST,11,105.00000000000003,7.292738053042769,15.347798378024862,Tree Near,Building Far,Vegetated Buffer,East–West / Cross-street-like,SEG_0004_Z01
SEG_0004_P012,SEG_0004,W 34 ST,12,115.00000000000003,11.45966620867008,15.33353403283989,Tree Near,Building Far,Vegetated Buffer,East–West / Cross-street-like,SEG_0004_Z01
SEG_0004_P013,SEG_0004,W 34 ST,13,125.00000000000003,7.40244321474875,15.31926968767203,Tree Near,Building Far,Vegetated Buffer,East–West / Cross-street-like,SEG_0004_Z01
SEG_0004_P014,SEG_0004,W 34 ST,14,135.00000000000003,13.351718296963407,15.304972409527103,Tree Near,Building Far,Vegetated Buffer,East–West / Cross-street-like,SEG_0004_Z01
SEG_0004_P015,SEG_0004,W 34 ST,15,145.00000000000003,22.39956690237924,15.290720135340948,Tree Near,Building Far,Vegetated Buffer,East–West / Cross-street-like,SEG_0004_Z01
SEG_0004_P016,SEG_0004,W 34 ST,16,155.00000000000003,32.01894460078642,17.264662118981374,Tree Near,Building Far,Vegetated Buffer,East–West / Cross-street-like,SEG_0004_Z01
SEG_0005_P001,SEG_0005,AVE OF THE AMERICAS,1,5.0,55.17372576630919,49.87814789961174,Tree Far,Building Far,Open Field,North–South / Avenue-like,SEG_0005_Z01
SEG_0005_P002,SEG_0005,AVE OF THE AMERICAS,2,15.000000000000002,48.69910525172836,40.56936842698183,Tree Far,Building Far,Open Field,North–South / Avenue-like,SEG_0005_Z01
SEG_0005_P003,SEG_0005,AVE OF THE AMERICAS,3,25.000000000000004,43.578270843374355,31.684659872413807,Tree Far,Building Far,Open Field,North–South / Avenue-like,SEG_0005_Z01
SEG_0005_P004,SEG_0005,AVE OF THE AMERICAS,4,35.00000000000001,40.330243330262384,23.705731119232336,Tree Far,Building Far,Open Field,North–South / Avenue-like,SEG_0005_Z01
SEG_0006_P001,SEG_0006,BROADWAY,1,5.0,56.883335753833244,50.94482897238689,Tree Far,Building Far,Open Field,North–South / Avenue-like,SEG_0006_Z01
SEG_0006_P002,SEG_0006,BROADWAY,2,15.000000000000002,54.280055885729254,44.36791112902402,Tree Far,Building Far,Open Field,North–South / Avenue-like,SEG_0006_Z01
SEG_0006_P003,SEG_0006,BROADWAY,3,25.000000000000004,53.45030446525654,39.26381892885007,Tree Far,Building Far,Open Field,North–South / Avenue-like,SEG_0006_Z01
SEG_0006_P004,SEG_0006,BROADWAY,4,35.00000000000001,54.47518359678222,31.619538689763495,Tree Far,Building Far,Open Field,North–South / Avenue-like,SEG_0006_Z01
SEG_0007_P001,SEG_0007,W 34 ST,1,5.0,44.861577161570956,25.775037860348867,Tree Far,Building Far,Open Field,East–West / Cross-street-like,SEG_0007_Z01
SEG_0007_P002,SEG_0007,W 34 ST,2,15.000000000000002,54.76991795478925,27.52769495666385,Tree Far,Building Far,Open Field,East–West / Cross-street-like,SEG_0007_Z01
SEG_0008_P001,SEG_0008,AVE OF THE AMERICAS,1,5.0,39.35090192895772,18.677020445949587,Tree Far,Building Far,Open Field,North–South / Avenue-like,SEG_0008_Z01
SEG_0008_P002,SEG_0008,AVE OF THE AMERICAS,2,15.000000000000002,40.094152246531294,13.961720482154451,Tree Far,Building Far,Open Field,North–South / Avenue-like,SEG_0008_Z01
SEG_0008_P003,SEG_0008,AVE OF THE AMERICAS,3,25.000000000000004,43.20403460458005,13.737100754940798,Tree Far,Building Far,Open Field,North–South / Avenue-like,SEG_0008_Z01
SEG_0008_P004,SEG_0008,AVE OF THE AMERICAS,4,35.00000000000001,48.22485010719175,13.78933326200097,Tree Far,Building Far,Open Field,North–South / Avenue-like,SEG_0008_Z01
SEG_0008_P005,SEG_0008,AVE OF THE AMERICAS,5,45.000000000000014,54.6322590564107,13.841564578100838,Tree Far,Building Far,Open Field,North–South / Avenue-like,SEG_0008_Z01
SEG_0008_P006,SEG_0008,AVE OF THE AMERICAS,6,55.00000000000002,61.997832956915886,13.893791363153126,Tree Far,Building Far,Open Field,North–South / Avenue-like,SEG_0008_Z01
SEG_0008_P007,SEG_0008,AVE OF THE AMERICAS,7,65.00000000000001,70.0198461373612,13.946018148201137,Tree Far,Building Far,Open Field,North–South / Avenue-like,SEG_0008_Z01
SEG_0008_P008,SEG_0008,AVE OF THE AMERICAS,8,75.00000000000001,78.49730195902349,13.998176165939674,Tree Far,Building Far,Open Field,North–South / Avenue-like,SEG_0008_Z01
SEG_0009_P001,SEG_0009,BROADWAY,1,5.0,57.122768084377356,22.69398264107073,Tree Far,Building Far,Open Field,North–South / Avenue-like,SEG_0009_Z01
SEG_0009_P002,SEG_0009,BROADWAY,2,15.000000000000002,60.89200794804652,16.497920923463038,Tree Far,Building Far,Open Field,North–South / Avenue-like,SEG_0009_Z01
SEG_0009_P003,SEG_0009,BROADWAY,3,25.000000000000004,65.97471205142506,14.940458326681258,Tree Far,Building Far,Open Field,North–South / Avenue-like,SEG_0009_Z01
SEG_0009_P004,SEG_0009,BROADWAY,4,35.00000000000001,72.0936101786494,15.29409673798411,Tree Far,Building Far,Open Field,North–South / Avenue-like,SEG_0009_Z01
SEG_0009_P005,SEG_0009,BROADWAY,5,45.000000000000014,79.00831998539495,19.393135855006264,Tree Far,Building Far,Open Field,North–South / Avenue-like,SEG_0009_Z01
SEG_0009_P006,SEG_0009,BROADWAY,6,55.00000000000002,86.52826489212221,18.27874277750283,Tree Far,Building Far,Open Field,North–South / Avenue-like,SEG_0009_Z01
SEG_0009_P007,SEG_0009,BROADWAY,7,65.00000000000001,94.50908222792582,16.93218257101676,Tree Far,Building Far,Open Field,North–South / Avenue-like,SEG_0009_Z01
SEG_0009_P008,SEG_0009,BROADWAY,8,75.00000000000001,98.35574165938098,19.705997928578714,Tree Far,Building Far,Open Field,North–South / Avenue-like,SEG_0009_Z01
SEG_0009_P009,SEG_0009,BROADWAY,9,85.00000000000001,89.03085665993572,18.38418178563278,Tree Far,Building Far,Open Field,North–South / Avenue-like,SEG_0009_Z01
SEG_0010_P001,SEG_0010,W 35 ST,1,5.0,82.8099500994655,9.91907130054116,Tree Far,Building Near,Exposed Edge,East–West / Cross-street-like,SEG_0010_Z01
SEG_0011_P001,SEG_0011,W 35 ST,1,5.0,26.628240842437343,14.789417541801472,Tree Near,Building Far,Vegetated Buffer,East–West / Cross-street-like,SEG_0011_Z01
SEG_0011_P002,SEG_0011,W 35 ST,2,15.000000000000002,33.38031406849319,10.117037745122209,Tree Near,Building Near,Screened Edge,East–West / Cross-street-like,SEG_0011_Z02
SEG_0011_P003,SEG_0011,W 35 ST,3,25.000000000000004,41.46598032435193,10.059061676215203,Tree Far,Building Near,Exposed Edge,East–West / Cross-street-like,SEG_0011_Z03
SEG_0012_P001,SEG_0012,E 36 ST,1,5.0,20.304233882336487,13.219639525911392,Tree Near,Building Far,Vegetated Buffer,East–West / Cross-street-like,SEG_0012_Z01
SEG_0012_P002,SEG_0012,E 36 ST,2,15.000000000000002,20.148596635754323,9.024611706485945,Tree Near,Building Near,Screened Edge,East–West / Cross-street-like,SEG_0012_Z02
SEG_0012_P003,SEG_0012,E 36 ST,3,25.000000000000004,24.48815998053027,9.040167501939994,Tree Near,Building Near,Screened Edge,East–West / Cross-street-like,SEG_0012_Z02
SEG_0012_P004,SEG_0012,E 36 ST,4,35.00000000000001,28.32431403078401,9.05570629047505,Tree Near,Building Near,Screened Edge,East–West / Cross-street-like,SEG_0012_Z02
SEG_0012_P005,SEG_0012,E 36 ST,5,45.000000000000014,18.68724531221358,9.071245079010108,Tree Near,Building Near,Screened Edge,East–West / Cross-street-like,SEG_0012_Z02
SEG_0012_P006,SEG_0012,E 36 ST,6,55.00000000000002,9.806095522857762,9.086783867545165,Tree Near,Building Near,Screened Edge,East–West / Cross-street-like,SEG_0012_Z02
SEG_0012_P007,SEG_0012,E 36 ST,7,65.00000000000001,6.446284930971977,9.102322656105157,Tree Near,Building Near,Screened Edge,East–West / Cross-street-like,SEG_0012_Z02
SEG_0012_P008,SEG_0012,E 36 ST,8,75.00000000000001,10.096527902911829,9.117902914746772,Tree Near,Building Near,Screened Edge,East–West / Cross-street-like,SEG_0012_Z02
SEG_0012_P009,SEG_0012,E 36 ST,9,85.00000000000001,19.034840739482426,9.79461017470276,Tree Near,Building Near,Screened Edge,East–West / Cross-street-like,SEG_0012_Z02
SEG_0012_P010,SEG_0012,E 36 ST,10,95.00000000000003,28.682929562037845,8.791921998553734,Tree Near,Building Near,Screened Edge,East–West / Cross-street-like,SEG_0012_Z02
SEG_0012_P011,SEG_0012,E 36 ST,11,105.00000000000003,38.51098199922162,8.807464138932211,Tree Far,Building Near,Exposed Edge,East–West / Cross-street-like,SEG_0012_Z03
SEG_0012_P012,SEG_0012,E 36 ST,12,115.00000000000003,38.46111956510743,8.906788472853828,Tree Far,Building Near,Exposed Edge,East–West / Cross-street-like,SEG_0012_Z03
SEG_0012_P013,SEG_0012,E 36 ST,13,125.00000000000003,30.429357978124095,14.282186207932678,Tree Near,Building Far,Vegetated Buffer,East–West / Cross-street-like,SEG_0012_Z04
SEG_0012_P014,SEG_0012,E 36 ST,14,135.00000000000003,23.92977090822938,20.18555500775973,Tree Near,Building Far,Vegetated Buffer,East–West / Cross-street-like,SEG_0012_Z04
SEG_0012_P015,SEG_0012,E 36 ST,15,145.00000000000003,20.477354430688546,20.46535905355945,Tree Near,Building Far,Vegetated Buffer,East–West / Cross-street-like,SEG_0012_Z04
SEG_0013_P001,SEG_0013,5 AVE,1,5.0,19.694439943894363,15.902337884322055,Tree Near,Building Far,Vegetated Buffer,North–South / Avenue-like,SEG_0013_Z01
SEG_0013_P002,SEG_0013,5 AVE,2,15.000000000000002,12.274715081592513,15.205440707335399,Tree Near,Building Far,Vegetated Buffer,North–South / Avenue-like,SEG_0013_Z01
SEG_0013_P003,SEG_0013,5 AVE,3,25.000000000000004,10.652055950137834,15.22322727406973,Tree Near,Building Far,Vegetated Buffer,North–South / Avenue-like,SEG_0013_Z01
SEG_0013_P004,SEG_0013,5 AVE,4,35.00000000000001,10.438732775687685,15.241049406661045,Tree Near,Building Far,Vegetated Buffer,North–South / Avenue-like,SEG_0013_Z01
SEG_0013_P005,SEG_0013,5 AVE,5,45.000000000000014,15.845634735051343,15.25894010544052,Tree Near,Building Far,Vegetated Buffer,North–South / Avenue-like,SEG_0013_Z01
SEG_0013_P006,SEG_0013,5 AVE,6,55.00000000000002,11.235112218299149,15.276908084270946,Tree Near,Building Far,Vegetated Buffer,North–South / Avenue-like,SEG_0013_Z01
SEG_0013_P007,SEG_0013,5 AVE,7,65.00000000000001,11.747524932778841,15.294893349066436,Tree Near,Building Far,Vegetated Buffer,North–South / Avenue-like,SEG_0013_Z01
SEG_0013_P008,SEG_0013,5 AVE,8,75.00000000000001,18.702431326827668,16.195581818776546,Tree Near,Building Far,Vegetated Buffer,North–South / Avenue-like,SEG_0013_Z01
SEG_0014_P001,SEG_0014,W 35 ST,1,5.0,48.318643158984806,10.037890561021017,Tree Far,Building Near,Exposed Edge,East–West / Cross-street-like,SEG_0014_Z01
SEG_0014_P002,SEG_0014,W 35 ST,2,15.000000000000002,57.418558460553164,10.010887140418038,Tree Far,Building Near,Exposed Edge,East–West / Cross-street-like,SEG_0014_Z01
SEG_0014_P003,SEG_0014,W 35 ST,3,25.000000000000004,66.77642124767006,9.983913513081054,Tree Far,Building Near,Exposed Edge,East–West / Cross-street-like,SEG_0014_Z01
SEG_0014_P004,SEG_0014,W 35 ST,4,35.00000000000001,76.29737881217797,9.956959852252506,Tree Far,Building Near,Exposed Edge,East–West / Cross-street-like,SEG_0014_Z01
SEG_0014_P005,SEG_0014,W 35 ST,5,45.000000000000014,84.89948023627574,9.930006191423958,Tree Far,Building Near,Exposed Edge,East–West / Cross-street-like,SEG_0014_Z01
SEG_0014_P006,SEG_0014,W 35 ST,6,55.00000000000002,87.13385595722018,9.903012368174673,Tree Far,Building Near,Exposed Edge,East–West / Cross-street-like,SEG_0014_Z01
SEG_0014_P007,SEG_0014,W 35 ST,7,65.00000000000001,90.42508481362668,9.875998635012749,Tree Far,Building Near,Exposed Edge,East–West / Cross-street-like,SEG_0014_Z01
SEG_0014_P008,SEG_0014,W 35 ST,8,75.00000000000001,94.66299738088938,9.848998162994466,Tree Far,Building Near,Exposed Edge,East–West / Cross-street-like,SEG_0014_Z01
SEG_0014_P009,SEG_0014,W 35 ST,9,85.00000000000001,89.8842225380843,9.854867020089475,Tree Far,Building Near,Exposed Edge,East–West / Cross-street-like,SEG_0014_Z01
SEG_0014_P010,SEG_0014,W 35 ST,10,95.00000000000003,85.14037745993089,9.719036629835845,Tree Far,Building Near,Exposed Edge,East–West / Cross-street-like,SEG_0014_Z01
SEG_0014_P011,SEG_0014,W 35 ST,11,105.00000000000003,81.35474348043738,8.76271299265838,Tree Far,Building Near,Exposed Edge,East–West / Cross-street-like,SEG_0014_Z01
SEG_0014_P012,SEG_0014,W 35 ST,12,115.00000000000003,78.6657784523258,8.76903146908722,Tree Far,Building Near,Exposed Edge,East–West / Cross-street-like,SEG_0014_Z01
SEG_0014_P013,SEG_0014,W 35 ST,13,125.00000000000003,77.18817987395707,8.775349945523832,Tree Far,Building Near,Exposed Edge,East–West / Cross-street-like,SEG_0014_Z01
SEG_0014_P014,SEG_0014,W 35 ST,14,135.00000000000003,76.99172374352085,8.864306333100043,Tree Far,Building Near,Exposed Edge,East–West / Cross-street-like,SEG_0014_Z01
SEG_0014_P015,SEG_0014,W 35 ST,15,145.00000000000003,77.34069788984742,8.870676314603953,Tree Far,Building Near,Exposed Edge,East–West / Cross-street-like,SEG_0014_Z01
SEG_0014_P016,SEG_0014,W 35 ST,16,155.00000000000003,76.8921132397509,8.876977741694148,Tree Far,Building Near,Exposed Edge,East–West / Cross-street-like,SEG_0014_Z01
SEG_0014_P017,SEG_0014,W 35 ST,17,165.00000000000003,76.86031296327228,8.883306483784903,Tree Far,Building Near,Exposed Edge,East–West / Cross-street-like,SEG_0014_Z01
SEG_0014_P018,SEG_0014,W 35 ST,18,175.00000000000006,77.01785076428615,8.231697230092688,Tree Far,Building Near,Exposed Edge,East–West / Cross-street-like,SEG_0014_Z01
SEG_0014_P019,SEG_0014,W 35 ST,19,185.00000000000006,76.82585936182667,8.238008610445148,Tree Far,Building Near,Exposed Edge,East–West / Cross-street-like,SEG_0014_Z01
SEG_0014_P020,SEG_0014,W 35 ST,20,195.00000000000006,77.3983388165621,8.244314004141406,Tree Far,Building Near,Exposed Edge,East–West / Cross-street-like,SEG_0014_Z01
SEG_0014_P021,SEG_0014,W 35 ST,21,205.00000000000006,79.04707152542031,8.250601991917323,Tree Far,Building Near,Exposed Edge,East–West / Cross-street-like,SEG_0014_Z01
SEG_0014_P022,SEG_0014,W 35 ST,22,215.00000000000003,77.2727121841711,8.256947749726978,Tree Far,Building Near,Exposed Edge,East–West / Cross-street-like,SEG_0014_Z01
SEG_0014_P023,SEG_0014,W 35 ST,23,225.00000000000003,76.77046684666247,8.263316405717868,Tree Far,Building Near,Exposed Edge,East–West / Cross-street-like,SEG_0014_Z01
SEG_0014_P024,SEG_0014,W 35 ST,24,235.00000000000006,77.11690522933262,8.26968302415469,Tree Far,Building Near,Exposed Edge,East–West / Cross-street-like,SEG_0014_Z01
SEG_0014_P025,SEG_0014,W 35 ST,25,245.00000000000006,76.76538034409292,8.276049642591511,Tree Far,Building Near,Exposed Edge,East–West / Cross-street-like,SEG_0014_Z01
SEG_0014_P026,SEG_0014,W 35 ST,26,255.00000000000006,77.70991034994805,8.282382598919346,Tree Far,Building Near,Exposed Edge,East–West / Cross-street-like,SEG_0014_Z01
SEG_0014_P027,SEG_0014,W 35 ST,27,265.00000000000006,79.90454751652759,8.288724880638826,Tree Far,Building Near,Exposed Edge,East–West / Cross-street-like,SEG_0014_Z01
SEG_0015_P001,SEG_0015,5 AVE,1,5.0,15.05412840687133,15.2210471026488,Tree Near,Building Far,Vegetated Buffer,North–South / Avenue-like,SEG_0015_Z01
SEG_0015_P002,SEG_0015,5 AVE,2,15.000000000000002,8.350889103985894,14.708124543080451,Tree Near,Building Far,Vegetated Buffer,North–South / Avenue-like,SEG_0015_Z01
SEG_0015_P003,SEG_0015,5 AVE,3,25.000000000000004,8.02791426063221,14.730480786451992,Tree Near,Building Far,Vegetated Buffer,North–South / Avenue-like,SEG_0015_Z01
SEG_0015_P004,SEG_0015,5 AVE,4,35.00000000000001,7.990516494971494,13.481700436003445,Tree Near,Building Far,Vegetated Buffer,North–South / Avenue-like,SEG_0015_Z01
SEG_0015_P005,SEG_0015,5 AVE,5,45.000000000000014,13.009153180771543,13.504145299769664,Tree Near,Building Far,Vegetated Buffer,North–South / Avenue-like,SEG_0015_Z01
SEG_0015_P006,SEG_0015,5 AVE,6,55.00000000000002,21.785953711148704,13.526590163566938,Tree Near,Building Far,Vegetated Buffer,North–South / Avenue-like,SEG_0015_Z01
SEG_0015_P007,SEG_0015,5 AVE,7,65.00000000000001,25.996209216704894,13.549035027333165,Tree Near,Building Far,Vegetated Buffer,North–South / Avenue-like,SEG_0015_Z01
SEG_0015_P008,SEG_0015,5 AVE,8,75.00000000000001,20.228837795482878,14.29044311997371,Tree Near,Building Far,Vegetated Buffer,North–South / Avenue-like,SEG_0015_Z01
SEG_0016_P001,SEG_0016,W 36 ST,1,5.0,18.059665408878395,14.435886789497124,Tree Near,Building Far,Vegetated Buffer,East–West / Cross-street-like,SEG_0016_Z01
SEG_0016_P002,SEG_0016,W 36 ST,2,15.000000000000002,19.191444619848866,9.121323288377985,Tree Near,Building Near,Screened Edge,East–West / Cross-street-like,SEG_0016_Z02
SEG_0016_P003,SEG_0016,W 36 ST,3,25.000000000000004,24.707723053987362,8.797155090550387,Tree Near,Building Near,Screened Edge,East–West / Cross-street-like,SEG_0016_Z02
SEG_0016_P004,SEG_0016,W 36 ST,4,35.00000000000001,17.89366811220316,8.744807511567599,Tree Near,Building Near,Screened Edge,East–West / Cross-street-like,SEG_0016_Z02
SEG_0016_P005,SEG_0016,W 36 ST,5,45.000000000000014,8.631801240053917,8.692459932609603,Tree Near,Building Near,Screened Edge,East–West / Cross-street-like,SEG_0016_Z02
SEG_0016_P006,SEG_0016,W 36 ST,6,55.00000000000002,5.369602106891753,8.60829677478241,Tree Near,Building Near,Screened Edge,East–West / Cross-street-like,SEG_0016_Z02
SEG_0016_P007,SEG_0016,W 36 ST,7,65.00000000000001,7.636372517448696,8.556428214936007,Tree Near,Building Near,Screened Edge,East–West / Cross-street-like,SEG_0016_Z02
SEG_0016_P008,SEG_0016,W 36 ST,8,75.00000000000001,16.725938303012423,8.483927473842527,Tree Near,Building Near,Screened Edge,East–West / Cross-street-like,SEG_0016_Z02
SEG_0016_P009,SEG_0016,W 36 ST,9,85.00000000000001,26.48017822841445,8.407488841877836,Tree Near,Building Near,Screened Edge,East–West / Cross-street-like,SEG_0016_Z02
SEG_0016_P010,SEG_0016,W 36 ST,10,95.00000000000003,36.36815455724389,8.331061343705919,Tree Far,Building Near,Exposed Edge,East–West / Cross-street-like,SEG_0016_Z03
SEG_0016_P011,SEG_0016,W 36 ST,11,105.00000000000003,46.30427078348487,8.909724451607456,Tree Far,Building Near,Exposed Edge,East–West / Cross-street-like,SEG_0016_Z03
SEG_0016_P012,SEG_0016,W 36 ST,12,115.00000000000003,56.26302799956928,8.833400529927234,Tree Far,Building Near,Exposed Edge,East–West / Cross-street-like,SEG_0016_Z03
SEG_0016_P013,SEG_0016,W 36 ST,13,125.00000000000003,66.23421431990158,8.756969340168256,Tree Far,Building Near,Exposed Edge,East–West / Cross-street-like,SEG_0016_Z03
SEG_0016_P014,SEG_0016,W 36 ST,14,135.00000000000003,76.21295148113002,8.68047873410681,Tree Far,Building Near,Exposed Edge,East–West / Cross-street-like,SEG_0016_Z03
SEG_0016_P015,SEG_0016,W 36 ST,15,145.00000000000003,83.25074813419349,8.604167309907412,Tree Far,Building Near,Exposed Edge,East–West / Cross-street-like,SEG_0016_Z03
SEG_0016_P016,SEG_0016,W 36 ST,16,155.00000000000003,83.2136612380685,8.52821069276729,Tree Far,Building Near,Exposed Edge,East–West / Cross-street-like,SEG_0016_Z03
SEG_0016_P017,SEG_0016,W 36 ST,17,165.00000000000003,83.33524366339043,8.452268908057807,Tree Far,Building Near,Exposed Edge,East–West / Cross-street-like,SEG_0016_Z03
SEG_0016_P018,SEG_0016,W 36 ST,18,175.00000000000006,84.47787108863416,9.355030499930837,Tree Far,Building Near,Exposed Edge,East–West / Cross-street-like,SEG_0016_Z03
SEG_0016_P019,SEG_0016,W 36 ST,19,185.00000000000006,86.76553792205324,9.275393476281419,Tree Far,Building Near,Exposed Edge,East–West / Cross-street-like,SEG_0016_Z03
SEG_0016_P020,SEG_0016,W 36 ST,20,195.00000000000006,90.11107833187668,9.199401552680254,Tree Far,Building Near,Exposed Edge,East–West / Cross-street-like,SEG_0016_Z03
SEG_0016_P021,SEG_0016,W 36 ST,21,205.00000000000006,80.22281357623518,9.123437817790558,Tree Far,Building Near,Exposed Edge,East–West / Cross-street-like,SEG_0016_Z03
SEG_0016_P022,SEG_0016,W 36 ST,22,215.00000000000003,70.2416823614185,9.047508213124956,Tree Far,Building Near,Exposed Edge,East–West / Cross-street-like,SEG_0016_Z03
SEG_0016_P023,SEG_0016,W 36 ST,23,225.00000000000003,60.2668073141193,8.971561468278532,Tree Far,Building Near,Exposed Edge,East–West / Cross-street-like,SEG_0016_Z03
SEG_0016_P024,SEG_0016,W 36 ST,24,235.00000000000006,50.30191036838213,8.895601961838382,Tree Far,Building Near,Exposed Edge,East–West / Cross-street-like,SEG_0016_Z03
SEG_0016_P025,SEG_0016,W 36 ST,25,245.00000000000006,40.35438401938053,8.819684259956112,Tree Far,Building Near,Exposed Edge,East–West / Cross-street-like,SEG_0016_Z03
SEG_0016_P026,SEG_0016,W 36 ST,26,255.00000000000006,30.441262005019883,8.743722595178438,Tree Near,Building Near,Screened Edge,East–West / Cross-street-like,SEG_0016_Z04
SEG_0016_P027,SEG_0016,W 36 ST,27,265.00000000000006,20.61224285061296,8.667727738156623,Tree Near,Building Near,Screened Edge,East–West / Cross-street-like,SEG_0016_Z04
SEG_0016_P028,SEG_0016,W 36 ST,28,275.00000000000006,11.093181608842853,9.163471533190163,Tree Near,Building Near,Screened Edge,East–West / Cross-street-like,SEG_0016_Z04
SEG_0016_P029,SEG_0016,W 36 ST,29,285.00000000000006,4.610076038504367,9.22931259650107,Tree Near,Building Near,Screened Edge,East–West / Cross-street-like,SEG_0016_Z04
SEG_0016_P030,SEG_0016,W 36 ST,30,295.00000000000006,8.316830543736398,9.295150067259147,Tree Near,Building Near,Screened Edge,East–West / Cross-street-like,SEG_0016_Z04
SEG_0016_P031,SEG_0016,W 36 ST,31,305.00000000000006,17.53951297761962,12.948776251251926,Tree Near,Building Far,Vegetated Buffer,East–West / Cross-street-like,SEG_0016_Z05
SEG_0017_P001,SEG_0017,5 AVE,1,5.0,15.134576868060599,15.523079706945268,Tree Near,Building Far,Vegetated Buffer,North–South / Avenue-like,SEG_0017_Z01
SEG_0017_P002,SEG_0017,5 AVE,2,15.000000000000002,8.341773948060156,14.959391786346018,Tree Near,Building Far,Vegetated Buffer,North–South / Avenue-like,SEG_0017_Z01
SEG_0017_P003,SEG_0017,5 AVE,3,25.000000000000004,7.832018092786338,14.951703899310274,Tree Near,Building Far,Vegetated Buffer,North–South / Avenue-like,SEG_0017_Z01
SEG_0017_P004,SEG_0017,5 AVE,4,35.00000000000001,7.990642656683159,14.944013340722817,Tree Near,Building Far,Vegetated Buffer,North–South / Avenue-like,SEG_0017_Z01
SEG_0017_P005,SEG_0017,5 AVE,5,45.000000000000014,8.205177316539135,14.93631747076173,Tree Near,Building Far,Vegetated Buffer,North–South / Avenue-like,SEG_0017_Z01
SEG_0017_P006,SEG_0017,5 AVE,6,55.00000000000002,8.346564075674287,14.928621600800641,Tree Near,Building Far,Vegetated Buffer,North–South / Avenue-like,SEG_0017_Z01
SEG_0017_P007,SEG_0017,5 AVE,7,65.00000000000001,10.622823165382014,14.920925730839548,Tree Near,Building Far,Vegetated Buffer,North–South / Avenue-like,SEG_0017_Z01
SEG_0017_P008,SEG_0017,5 AVE,8,75.00000000000001,18.86858797413068,16.186724698714926,Tree Near,Building Far,Vegetated Buffer,North–South / Avenue-like,SEG_0017_Z01
SEG_0018_P001,SEG_0018,W 37 ST,1,5.0,14.310772039308679,13.800768970321318,Tree Near,Building Far,Vegetated Buffer,East–West / Cross-street-like,SEG_0018_Z01
SEG_0018_P002,SEG_0018,W 37 ST,2,15.000000000000002,5.988041387686449,8.814364550460219,Tree Near,Building Near,Screened Edge,East–West / Cross-street-like,SEG_0018_Z02
SEG_0018_P003,SEG_0018,W 37 ST,3,25.000000000000004,4.96963306659773,8.808929503964087,Tree Near,Building Near,Screened Edge,East–West / Cross-street-like,SEG_0018_Z02
SEG_0018_P004,SEG_0018,W 37 ST,4,35.00000000000001,5.393327351063673,8.827869260711086,Tree Near,Building Near,Screened Edge,East–West / Cross-street-like,SEG_0018_Z02
SEG_0018_P005,SEG_0018,W 37 ST,5,45.000000000000014,5.5148235790612645,8.846809017448727,Tree Near,Building Near,Screened Edge,East–West / Cross-street-like,SEG_0018_Z02
SEG_0018_P006,SEG_0018,W 37 ST,6,55.00000000000002,4.863718172065526,8.865748774195724,Tree Near,Building Near,Screened Edge,East–West / Cross-street-like,SEG_0018_Z02
SEG_0018_P007,SEG_0018,W 37 ST,7,65.00000000000001,11.099208713062891,9.023571579011897,Tree Near,Building Near,Screened Edge,East–West / Cross-street-like,SEG_0018_Z02
SEG_0018_P008,SEG_0018,W 37 ST,8,75.00000000000001,20.560377274121333,8.522440223545518,Tree Near,Building Near,Screened Edge,East–West / Cross-street-like,SEG_0018_Z02
SEG_0018_P009,SEG_0018,W 37 ST,9,85.00000000000001,30.3688293033119,8.60239914670216,Tree Near,Building Near,Screened Edge,East–West / Cross-street-like,SEG_0018_Z02
SEG_0018_P010,SEG_0018,W 37 ST,10,95.00000000000003,40.27160876909646,8.682346878768135,Tree Far,Building Near,Exposed Edge,East–West / Cross-street-like,SEG_0018_Z03
SEG_0018_P011,SEG_0018,W 37 ST,11,105.00000000000003,37.80485520108887,8.762323218110767,Tree Far,Building Near,Exposed Edge,East–West / Cross-street-like,SEG_0018_Z03
SEG_0018_P012,SEG_0018,W 37 ST,12,115.00000000000003,27.913920203343174,8.842291080970233,Tree Near,Building Near,Screened Edge,East–West / Cross-street-like,SEG_0018_Z04
SEG_0018_P013,SEG_0018,W 37 ST,13,125.00000000000003,18.142954705980298,8.922204066610638,Tree Near,Building Near,Screened Edge,East–West / Cross-street-like,SEG_0018_Z04
SEG_0018_P014,SEG_0018,W 37 ST,14,135.00000000000003,8.896441412570116,9.002147152711471,Tree Near,Building Near,Screened Edge,East–West / Cross-street-like,SEG_0018_Z04
SEG_0018_P015,SEG_0018,W 37 ST,15,145.00000000000003,5.396900420764067,9.082076446704912,Tree Near,Building Near,Screened Edge,East–West / Cross-street-like,SEG_0018_Z04
SEG_0018_P016,SEG_0018,W 37 ST,16,155.00000000000003,4.785902109591554,9.973857938868615,Tree Near,Building Near,Screened Edge,East–West / Cross-street-like,SEG_0018_Z04
SEG_0018_P017,SEG_0018,W 37 ST,17,165.00000000000003,6.736323771613271,9.270149508492015,Tree Near,Building Near,Screened Edge,East–West / Cross-street-like,SEG_0018_Z04
SEG_0018_P018,SEG_0018,W 37 ST,18,175.00000000000006,15.510276845196296,9.253853352057476,Tree Near,Building Near,Screened Edge,East–West / Cross-street-like,SEG_0018_Z04
SEG_0018_P019,SEG_0018,W 37 ST,19,185.00000000000006,25.21426813675527,9.22177160548142,Tree Near,Building Near,Screened Edge,East–West / Cross-street-like,SEG_0018_Z04
SEG_0018_P020,SEG_0018,W 37 ST,20,195.00000000000006,35.08489628788237,9.241107431557628,Tree Near,Building Near,Screened Edge,East–West / Cross-street-like,SEG_0018_Z04
SEG_0018_P021,SEG_0018,W 37 ST,21,205.00000000000006,45.01267129807706,9.543443489639943,Tree Far,Building Near,Exposed Edge,East–West / Cross-street-like,SEG_0018_Z05
SEG_0018_P022,SEG_0018,W 37 ST,22,215.00000000000003,54.966637219760194,9.989285929729496,Tree Far,Building Near,Exposed Edge,East–West / Cross-street-like,SEG_0018_Z05
SEG_0018_P023,SEG_0018,W 37 ST,23,225.00000000000003,53.152674480374536,9.603017916994045,Tree Far,Building Near,Exposed Edge,East–West / Cross-street-like,SEG_0018_Z05
SEG_0018_P024,SEG_0018,W 37 ST,24,235.00000000000006,43.29120596059684,9.622344082776763,Tree Far,Building Near,Exposed Edge,East–West / Cross-street-like,SEG_0018_Z05
SEG_0018_P025,SEG_0018,W 37 ST,25,245.00000000000006,33.51194149302452,9.641649776579664,Tree Near,Building Near,Screened Edge,East–West / Cross-street-like,SEG_0018_Z06
SEG_0018_P026,SEG_0018,W 37 ST,26,255.00000000000006,23.915934682522778,9.113723640725699,Tree Near,Building Near,Screened Edge,East–West / Cross-street-like,SEG_0018_Z06
SEG_0018_P027,SEG_0018,W 37 ST,27,265.00000000000006,14.86249107139098,9.308746579309403,Tree Near,Building Near,Screened Edge,East–West / Cross-street-like,SEG_0018_Z06
SEG_0018_P028,SEG_0018,W 37 ST,28,275.00000000000006,8.355558027721065,9.388696837577793,Tree Near,Building Near,Screened Edge,East–West / Cross-street-like,SEG_0018_Z06
SEG_0018_P029,SEG_0018,W 37 ST,29,285.00000000000006,9.066573769823242,9.468641899932733,Tree Near,Building Near,Screened Edge,East–West / Cross-street-like,SEG_0018_Z06
SEG_0018_P030,SEG_0018,W 37 ST,30,295.00000000000006,16.399289752229073,9.616960549569557,Tree Near,Building Near,Screened Edge,East–West / Cross-street-like,SEG_0018_Z06
SEG_0018_P031,SEG_0018,W 37 ST,31,305.00000000000006,25.606066641147308,13.300039304144367,Tree Near,Building Far,Vegetated Buffer,East–West / Cross-street-like,SEG_0018_Z07
SEG_0019_P001,SEG_0019,W 38 ST,1,5.0,20.68820289400003,13.800095282809503,Tree Near,Building Far,Vegetated Buffer,East–West / Cross-street-like,SEG_0019_Z01
SEG_0019_P002,SEG_0019,W 38 ST,2,15.000000000000002,14.221161362064116,7.464730010955858,Tree Near,Building Near,Screened Edge,East–West / Cross-street-like,SEG_0019_Z02
SEG_0019_P003,SEG_0019,W 38 ST,3,25.000000000000004,8.135571549414708,7.060369425371221,Tree Near,Building Near,Screened Edge,East–West / Cross-street-like,SEG_0019_Z02
SEG_0019_P004,SEG_0019,W 38 ST,4,35.00000000000001,11.40761229996482,7.063789095120076,Tree Near,Building Near,Screened Edge,East–West / Cross-street-like,SEG_0019_Z02
SEG_0019_P005,SEG_0019,W 38 ST,5,45.000000000000014,19.8514410644806,7.067205601492827,Tree Near,Building Near,Screened Edge,East–West / Cross-street-like,SEG_0019_Z02
SEG_0019_P006,SEG_0019,W 38 ST,6,55.00000000000002,29.29207753448818,7.0705803441917885,Tree Near,Building Near,Screened Edge,East–West / Cross-street-like,SEG_0019_Z02
SEG_0019_P007,SEG_0019,W 38 ST,7,65.00000000000001,39.01245826958448,7.07395508689075,Tree Far,Building Near,Exposed Edge,East–West / Cross-street-like,SEG_0019_Z03
SEG_0019_P008,SEG_0019,W 38 ST,8,75.00000000000001,48.845859539863525,7.077329829606916,Tree Far,Building Near,Exposed Edge,East–West / Cross-street-like,SEG_0019_Z03
SEG_0019_P009,SEG_0019,W 38 ST,9,85.00000000000001,58.73554365236003,7.080738472837088,Tree Far,Building Near,Exposed Edge,East–West / Cross-street-like,SEG_0019_Z03
SEG_0019_P010,SEG_0019,W 38 ST,10,95.00000000000003,68.6571932290248,7.1001026117385635,Tree Far,Building Near,Exposed Edge,East–West / Cross-street-like,SEG_0019_Z03
SEG_0019_P011,SEG_0019,W 38 ST,11,105.00000000000003,78.59870403535093,9.153945874740778,Tree Far,Building Near,Exposed Edge,East–West / Cross-street-like,SEG_0019_Z03
SEG_0019_P012,SEG_0019,W 38 ST,12,115.00000000000003,78.59835462098975,9.159432578844637,Tree Far,Building Near,Exposed Edge,East–West / Cross-street-like,SEG_0019_Z03
SEG_0019_P013,SEG_0019,W 38 ST,13,125.00000000000003,75.6720026638645,9.165037855647045,Tree Far,Building Near,Exposed Edge,East–West / Cross-street-like,SEG_0019_Z03
SEG_0019_P014,SEG_0019,W 38 ST,14,135.00000000000003,73.99190918738164,9.170595163654179,Tree Far,Building Near,Exposed Edge,East–West / Cross-street-like,SEG_0019_Z03
SEG_0019_P015,SEG_0019,W 38 ST,15,145.00000000000003,73.64341968720788,9.328743267367338,Tree Far,Building Near,Exposed Edge,East–West / Cross-street-like,SEG_0019_Z03
SEG_0019_P016,SEG_0019,W 38 ST,16,155.00000000000003,71.76464765924015,9.174363840641824,Tree Far,Building Near,Exposed Edge,East–West / Cross-street-like,SEG_0019_Z03
SEG_0019_P017,SEG_0019,W 38 ST,17,165.00000000000003,70.42479819739911,9.177794413347433,Tree Far,Building Near,Exposed Edge,East–West / Cross-street-like,SEG_0019_Z03
SEG_0019_P018,SEG_0019,W 38 ST,18,175.00000000000006,70.30688565977084,9.192838938063902,Tree Far,Building Near,Exposed Edge,East–West / Cross-street-like,SEG_0019_Z03
SEG_0019_P019,SEG_0019,W 38 ST,19,185.00000000000006,70.90982334528793,9.19840657399177,Tree Far,Building Near,Exposed Edge,East–West / Cross-street-like,SEG_0019_Z03
SEG_0019_P020,SEG_0019,W 38 ST,20,195.00000000000006,72.89271515413974,9.203984995762855,Tree Far,Building Near,Exposed Edge,East–West / Cross-street-like,SEG_0019_Z03
SEG_0019_P021,SEG_0019,W 38 ST,21,205.00000000000006,71.135534296875,9.209509112685781,Tree Far,Building Near,Exposed Edge,East–West / Cross-street-like,SEG_0019_Z03
SEG_0019_P022,SEG_0019,W 38 ST,22,215.00000000000003,70.45492714798564,9.215048388346014,Tree Far,Building Near,Exposed Edge,East–West / Cross-street-like,SEG_0019_Z03
SEG_0019_P023,SEG_0019,W 38 ST,23,225.00000000000003,71.18658075194884,9.220587664006246,Tree Far,Building Near,Exposed Edge,East–West / Cross-street-like,SEG_0019_Z03
SEG_0019_P024,SEG_0019,W 38 ST,24,235.00000000000006,73.28821050400389,8.194884912680282,Tree Far,Building Near,Exposed Edge,East–West / Cross-street-like,SEG_0019_Z03
SEG_0019_P025,SEG_0019,W 38 ST,25,245.00000000000006,76.64720685457353,8.198294362095053,Tree Far,Building Near,Exposed Edge,East–West / Cross-street-like,SEG_0019_Z03
SEG_0019_P026,SEG_0019,W 38 ST,26,255.00000000000006,81.1075017389471,9.23654490547719,Tree Far,Building Near,Exposed Edge,East–West / Cross-street-like,SEG_0019_Z03
SEG_0019_P027,SEG_0019,W 38 ST,27,265.00000000000006,86.30528293031146,9.242857992425028,Tree Far,Building Near,Exposed Edge,East–West / Cross-street-like,SEG_0019_Z03
SEG_0019_P028,SEG_0019,W 38 ST,28,275.00000000000006,86.4298664080568,9.039942847461505,Tree Far,Building Near,Exposed Edge,East–West / Cross-street-like,SEG_0019_Z03
SEG_0019_P029,SEG_0019,W 38 ST,29,285.00000000000006,86.50312223671297,9.043326762152171,Tree Far,Building Near,Exposed Edge,East–West / Cross-street-like,SEG_0019_Z03
SEG_0019_P030,SEG_0019,W 38 ST,30,295.00000000000006,87.56817251702532,9.046705042816928,Tree Far,Building Near,Exposed Edge,East–West / Cross-street-like,SEG_0019_Z03
SEG_0019_P031,SEG_0019,W 38 ST,31,305.00000000000006,89.7417378884631,12.901062745194299,Tree Far,Building Far,Open Field,East–West / Cross-street-like,SEG_0019_Z04
SEG_0020_P001,SEG_0020,AVE OF THE AMERICAS,1,5.0,33.26415761247071,15.742913587206791,Tree Near,Building Far,Vegetated Buffer,North–South / Avenue-like,SEG_0020_Z01
SEG_0020_P002,SEG_0020,AVE OF THE AMERICAS,2,15.000000000000002,38.25658388037534,15.071549818673658,Tree Far,Building Far,Open Field,North–South / Avenue-like,SEG_0020_Z02
SEG_0020_P003,SEG_0020,AVE OF THE AMERICAS,3,25.000000000000004,44.95139862924124,15.106851220378918,Tree Far,Building Far,Open Field,North–South / Avenue-like,SEG_0020_Z02
SEG_0020_P004,SEG_0020,AVE OF THE AMERICAS,4,35.00000000000001,52.703797465203046,15.142164844563334,Tree Far,Building Far,Open Field,North–South / Avenue-like,SEG_0020_Z02
SEG_0020_P005,SEG_0020,AVE OF THE AMERICAS,5,45.000000000000014,61.11261977514919,15.17749536535282,Tree Far,Building Far,Open Field,North–South / Avenue-like,SEG_0020_Z02
SEG_0020_P006,SEG_0020,AVE OF THE AMERICAS,6,55.00000000000002,69.94150644867025,15.21278716207453,Tree Far,Building Far,Open Field,North–South / Avenue-like,SEG_0020_Z02
SEG_0020_P007,SEG_0020,AVE OF THE AMERICAS,7,65.00000000000001,79.04983461613155,15.248092803520755,Tree Far,Building Far,Open Field,North–South / Avenue-like,SEG_0020_Z02
SEG_0020_P008,SEG_0020,AVE OF THE AMERICAS,8,75.00000000000001,88.3512217310374,16.260179559461122,Tree Far,Building Far,Open Field,North–South / Avenue-like,SEG_0020_Z02
SEG_0021_P001,SEG_0021,W 35 ST,1,5.0,87.14890947860043,15.008211537310158,Tree Far,Building Far,Open Field,East–West / Cross-street-like,SEG_0021_Z01
SEG_0021_P002,SEG_0021,W 35 ST,2,15.000000000000002,85.02948073922283,10.013927493618578,Tree Far,Building Near,Exposed Edge,East–West / Cross-street-like,SEG_0021_Z02
SEG_0021_P003,SEG_0021,W 35 ST,3,25.000000000000004,84.0541061831844,9.891145974699024,Tree Far,Building Near,Exposed Edge,East–West / Cross-street-like,SEG_0021_Z02
SEG_0021_P004,SEG_0021,W 35 ST,4,35.00000000000001,83.95567453652362,9.859568587922688,Tree Far,Building Near,Exposed Edge,East–West / Cross-street-like,SEG_0021_Z02
SEG_0021_P005,SEG_0021,W 35 ST,5,45.000000000000014,83.93015803767342,14.441066593448426,Tree Far,Building Far,Open Field,East–West / Cross-street-like,SEG_0021_Z03
SEG_0022_P001,SEG_0022,AVE OF THE AMERICAS,1,5.0,82.11848870479321,15.809207503684265,Tree Far,Building Far,Open Field,North–South / Avenue-like,SEG_0022_Z01
SEG_0022_P002,SEG_0022,AVE OF THE AMERICAS,2,15.000000000000002,72.59489315729064,15.07136923454171,Tree Far,Building Far,Open Field,North–South / Avenue-like,SEG_0022_Z01
SEG_0022_P003,SEG_0022,AVE OF THE AMERICAS,3,25.000000000000004,63.218595665210294,15.13898069279244,Tree Far,Building Far,Open Field,North–South / Avenue-like,SEG_0022_Z01
SEG_0022_P004,SEG_0022,AVE OF THE AMERICAS,4,35.00000000000001,54.06628718259376,15.206593453222311,Tree Far,Building Far,Open Field,North–South / Avenue-like,SEG_0022_Z01
SEG_0022_P005,SEG_0022,AVE OF THE AMERICAS,5,45.000000000000014,45.274016052036195,15.274256207844525,Tree Far,Building Far,Open Field,North–South / Avenue-like,SEG_0022_Z01
SEG_0022_P006,SEG_0022,AVE OF THE AMERICAS,6,55.00000000000002,37.09864753936221,15.177336702128631,Tree Far,Building Far,Open Field,North–South / Avenue-like,SEG_0022_Z01
SEG_0022_P007,SEG_0022,AVE OF THE AMERICAS,7,65.00000000000001,30.048007737942104,14.991815094217634,Tree Near,Building Far,Vegetated Buffer,North–South / Avenue-like,SEG_0022_Z02
SEG_0022_P008,SEG_0022,AVE OF THE AMERICAS,8,75.00000000000001,24.8733863819853,15.584761375914221,Tree Near,Building Far,Vegetated Buffer,North–South / Avenue-like,SEG_0022_Z02
SEG_0023_P001,SEG_0023,BROADWAY,1,5.0,79.47907958028502,15.432662962903033,Tree Far,Building Far,Open Field,North–South / Avenue-like,SEG_0023_Z01
SEG_0023_P002,SEG_0023,BROADWAY,2,15.000000000000002,70.62766229810981,15.545224247099368,Tree Far,Building Far,Open Field,North–South / Avenue-like,SEG_0023_Z01
SEG_0023_P003,SEG_0023,BROADWAY,3,25.000000000000004,62.12575369733056,15.657785531296991,Tree Far,Building Far,Open Field,North–South / Avenue-like,SEG_0023_Z01
SEG_0023_P004,SEG_0023,BROADWAY,4,35.00000000000001,54.138266163842665,15.694070559414302,Tree Far,Building Far,Open Field,North–South / Avenue-like,SEG_0023_Z01
SEG_0023_P005,SEG_0023,BROADWAY,5,45.000000000000014,46.92861018604089,15.655308187693686,Tree Far,Building Far,Open Field,North–South / Avenue-like,SEG_0023_Z01
SEG_0023_P006,SEG_0023,BROADWAY,6,55.00000000000002,40.91010932229156,15.616545816009404,Tree Far,Building Far,Open Field,North–South / Avenue-like,SEG_0023_Z01
SEG_0023_P007,SEG_0023,BROADWAY,7,65.00000000000001,35.58877923407435,15.577783444289938,Tree Far,Building Far,Open Field,North–South / Avenue-like,SEG_0023_Z01
SEG_0023_P008,SEG_0023,BROADWAY,8,75.00000000000001,26.240857457122686,18.44104503663603,Tree Near,Building Far,Vegetated Buffer,North–South / Avenue-like,SEG_0023_Z02
SEG_0024_P001,SEG_0024,W 36 ST,1,5.0,19.097193067698043,13.411400313693019,Tree Near,Building Far,Vegetated Buffer,East–West / Cross-street-like,SEG_0024_Z01
SEG_0024_P002,SEG_0024,W 36 ST,2,15.000000000000002,12.313645997040616,9.225531857943045,Tree Near,Building Near,Screened Edge,East–West / Cross-street-like,SEG_0024_Z02
SEG_0024_P003,SEG_0024,W 36 ST,3,25.000000000000004,4.980290211741602,9.800415986520346,Tree Near,Building Near,Screened Edge,East–West / Cross-street-like,SEG_0024_Z02
SEG_0024_P004,SEG_0024,W 36 ST,4,35.00000000000001,5.194613681558368,9.685409103255175,Tree Near,Building Near,Screened Edge,East–West / Cross-street-like,SEG_0024_Z02
SEG_0024_P005,SEG_0024,W 36 ST,5,45.000000000000014,6.0617531755550775,9.570402219982213,Tree Near,Building Near,Screened Edge,East–West / Cross-street-like,SEG_0024_Z02
SEG_0024_P006,SEG_0024,W 36 ST,6,55.00000000000002,14.512576051235692,9.455395470585406,Tree Near,Building Near,Screened Edge,East–West / Cross-street-like,SEG_0024_Z02
SEG_0024_P007,SEG_0024,W 36 ST,7,65.00000000000001,18.25418200007129,10.326724579646765,Tree Near,Building Near,Screened Edge,East–West / Cross-street-like,SEG_0024_Z02
SEG_0024_P008,SEG_0024,W 36 ST,8,75.00000000000001,17.19316284456786,16.528327503909406,Tree Near,Building Far,Vegetated Buffer,East–West / Cross-street-like,SEG_0024_Z03
SEG_0025_P001,SEG_0025,AVE OF THE AMERICAS,1,5.0,16.590223041896287,17.014554486119923,Tree Near,Building Far,Vegetated Buffer,North–South / Avenue-like,SEG_0025_Z01
SEG_0025_P002,SEG_0025,AVE OF THE AMERICAS,2,15.000000000000002,10.196890323687645,15.23200775104805,Tree Near,Building Far,Vegetated Buffer,North–South / Avenue-like,SEG_0025_Z01
SEG_0025_P003,SEG_0025,AVE OF THE AMERICAS,3,25.000000000000004,9.541756334723427,15.313552819181613,Tree Near,Building Far,Vegetated Buffer,North–South / Avenue-like,SEG_0025_Z01
SEG_0025_P004,SEG_0025,AVE OF THE AMERICAS,4,35.00000000000001,13.282386983770687,15.395097887310941,Tree Near,Building Far,Vegetated Buffer,North–South / Avenue-like,SEG_0025_Z01
SEG_0025_P005,SEG_0025,AVE OF THE AMERICAS,5,45.000000000000014,19.62338199432336,17.55793734328775,Tree Near,Building Far,Vegetated Buffer,North–South / Avenue-like,SEG_0025_Z01
SEG_0025_P006,SEG_0025,AVE OF THE AMERICAS,6,55.00000000000002,28.173257493645337,15.226059706100877,Tree Near,Building Far,Vegetated Buffer,North–South / Avenue-like,SEG_0025_Z01
SEG_0025_P007,SEG_0025,AVE OF THE AMERICAS,7,65.00000000000001,31.155720255912946,15.307596045112538,Tree Near,Building Far,Vegetated Buffer,North–South / Avenue-like,SEG_0025_Z01
SEG_0025_P008,SEG_0025,AVE OF THE AMERICAS,8,75.00000000000001,30.97703848643507,16.280354027407075,Tree Near,Building Far,Vegetated Buffer,North–South / Avenue-like,SEG_0025_Z01
SEG_0026_P001,SEG_0026,BROADWAY,1,5.0,13.939120419347548,16.4726347617391,Tree Near,Building Far,Vegetated Buffer,North–South / Avenue-like,SEG_0026_Z01
SEG_0026_P002,SEG_0026,BROADWAY,2,15.000000000000002,10.556419444318335,15.63196161506334,Tree Near,Building Far,Vegetated Buffer,North–South / Avenue-like,SEG_0026_Z01
SEG_0026_P003,SEG_0026,BROADWAY,3,25.000000000000004,11.170962273012828,15.309700274581534,Tree Near,Building Far,Vegetated Buffer,North–South / Avenue-like,SEG_0026_Z01
SEG_0026_P004,SEG_0026,BROADWAY,4,35.00000000000001,11.681254068345035,15.398029985966492,Tree Near,Building Far,Vegetated Buffer,North–South / Avenue-like,SEG_0026_Z01
SEG_0026_P005,SEG_0026,BROADWAY,5,45.000000000000014,18.62790157854259,15.309271162202357,Tree Near,Building Far,Vegetated Buffer,North–South / Avenue-like,SEG_0026_Z01
SEG_0026_P006,SEG_0026,BROADWAY,6,55.00000000000002,27.5235487869944,15.248293164802194,Tree Near,Building Far,Vegetated Buffer,North–South / Avenue-like,SEG_0026_Z01
SEG_0026_P007,SEG_0026,BROADWAY,7,65.00000000000001,36.98773794706552,15.187288950714247,Tree Far,Building Far,Open Field,North–South / Avenue-like,SEG_0026_Z02
SEG_0026_P008,SEG_0026,BROADWAY,8,75.00000000000001,46.67590148085714,16.0481237317911,Tree Far,Building Far,Open Field,North–South / Avenue-like,SEG_0026_Z02
SEG_0027_P001,SEG_0027,W 37 ST,1,5.0,36.530159136853285,13.669412854843529,Tree Far,Building Far,Open Field,East–West / Cross-street-like,SEG_0027_Z01
SEG_0027_P002,SEG_0027,W 37 ST,2,15.000000000000002,46.34016880507102,8.930572144823705,Tree Far,Building Near,Exposed Edge,East–West / Cross-street-like,SEG_0027_Z02
SEG_0027_P003,SEG_0027,W 37 ST,3,25.000000000000004,55.349353046667375,8.991606967793626,Tree Far,Building Near,Exposed Edge,East–West / Cross-street-like,SEG_0027_Z02
SEG_0027_P004,SEG_0027,W 37 ST,4,35.00000000000001,58.92104019085966,8.784865299239604,Tree Far,Building Near,Exposed Edge,East–West / Cross-street-like,SEG_0027_Z02
SEG_0027_P005,SEG_0027,W 37 ST,5,45.000000000000014,57.00824145689564,8.871472109870226,Tree Far,Building Near,Exposed Edge,East–West / Cross-street-like,SEG_0027_Z02
SEG_0027_P006,SEG_0027,W 37 ST,6,55.00000000000002,51.991645651922184,8.958097015267231,Tree Far,Building Near,Exposed Edge,East–West / Cross-street-like,SEG_0027_Z02
SEG_0027_P007,SEG_0027,W 37 ST,7,65.00000000000001,48.54196989394992,9.044740765674236,Tree Far,Building Near,Exposed Edge,East–West / Cross-street-like,SEG_0027_Z02
SEG_0027_P008,SEG_0027,W 37 ST,8,75.00000000000001,47.00547271090419,9.131384516089046,Tree Far,Building Near,Exposed Edge,East–West / Cross-street-like,SEG_0027_Z02
SEG_0027_P009,SEG_0027,W 37 ST,9,85.00000000000001,47.567910279575635,9.303482316998151,Tree Far,Building Near,Exposed Edge,East–West / Cross-street-like,SEG_0027_Z02
SEG_0027_P010,SEG_0027,W 37 ST,10,95.00000000000003,50.15872518272105,10.068867242752233,Tree Far,Building Near,Exposed Edge,East–West / Cross-street-like,SEG_0027_Z02
SEG_0027_P011,SEG_0027,W 37 ST,11,105.00000000000003,54.48935066180913,15.936915388262628,Tree Far,Building Far,Open Field,East–West / Cross-street-like,SEG_0027_Z03
SEG_0028_P001,SEG_0028,BROADWAY,1,5.0,59.55612198055488,15.372369498813727,Tree Far,Building Far,Open Field,North–South / Avenue-like,SEG_0028_Z01
SEG_0028_P002,SEG_0028,BROADWAY,2,15.000000000000002,69.3854433593333,15.371734144939438,Tree Far,Building Far,Open Field,North–South / Avenue-like,SEG_0028_Z01
SEG_0028_P003,SEG_0028,BROADWAY,3,25.000000000000004,79.25747810130265,15.40320604019206,Tree Far,Building Far,Open Field,North–South / Avenue-like,SEG_0028_Z01
SEG_0028_P004,SEG_0028,BROADWAY,4,35.00000000000001,89.1580390081958,15.452346156192883,Tree Far,Building Far,Open Field,North–South / Avenue-like,SEG_0028_Z01
SEG_0028_P005,SEG_0028,BROADWAY,5,45.000000000000014,99.078574901923,15.501486272228618,Tree Far,Building Far,Open Field,North–South / Avenue-like,SEG_0028_Z01
SEG_0028_P006,SEG_0028,BROADWAY,6,55.00000000000002,109.01363258511641,15.431088070601039,Tree Far,Building Far,Open Field,North–South / Avenue-like,SEG_0028_Z01
SEG_0028_P007,SEG_0028,BROADWAY,7,65.00000000000001,118.95957369716545,15.277516510457959,Tree Far,Building Far,Open Field,North–South / Avenue-like,SEG_0028_Z01
SEG_0028_P008,SEG_0028,BROADWAY,8,75.00000000000001,112.83994309209703,15.253102032546645,Tree Far,Building Far,Open Field,North–South / Avenue-like,SEG_0028_Z01
SEG_0029_P001,SEG_0029,W 38 ST,1,5.0,93.37376848571203,13.676679581225006,Tree Far,Building Far,Open Field,East–West / Cross-street-like,SEG_0029_Z01
SEG_0029_P002,SEG_0029,W 38 ST,2,15.000000000000002,97.61175604867388,9.018653572565984,Tree Far,Building Near,Exposed Edge,East–West / Cross-street-like,SEG_0029_Z02
SEG_0029_P003,SEG_0029,W 38 ST,3,25.000000000000004,102.65207838417017,9.02463864092048,Tree Far,Building Near,Exposed Edge,East–West / Cross-street-like,SEG_0029_Z02
SEG_0029_P004,SEG_0029,W 38 ST,4,35.00000000000001,108.38285599795462,9.035504169961223,Tree Far,Building Near,Exposed Edge,East–West / Cross-street-like,SEG_0029_Z02
SEG_0029_P005,SEG_0029,W 38 ST,5,45.000000000000014,114.70064407820928,9.046318152503094,Tree Far,Building Near,Exposed Edge,East–West / Cross-street-like,SEG_0029_Z02
SEG_0029_P006,SEG_0029,W 38 ST,6,55.00000000000002,121.51391702039297,9.057184922311516,Tree Far,Building Near,Exposed Edge,East–West / Cross-street-like,SEG_0029_Z02
SEG_0029_P007,SEG_0029,W 38 ST,7,65.00000000000001,126.1403796427953,9.068052578117378,Tree Far,Building Near,Exposed Edge,East–West / Cross-street-like,SEG_0029_Z02
SEG_0029_P008,SEG_0029,W 38 ST,8,75.00000000000001,125.54816479608121,9.078920233931,Tree Far,Building Near,Exposed Edge,East–West / Cross-street-like,SEG_0029_Z02
SEG_0029_P009,SEG_0029,W 38 ST,9,85.00000000000001,125.75089658090668,9.089766819840193,Tree Far,Building Near,Exposed Edge,East–West / Cross-street-like,SEG_0029_Z02
SEG_0029_P010,SEG_0029,W 38 ST,10,95.00000000000003,122.92795862994153,9.100644023088012,Tree Far,Building Near,Exposed Edge,East–West / Cross-street-like,SEG_0029_Z02
SEG_0029_P011,SEG_0029,W 38 ST,11,105.00000000000003,117.17473152548477,9.111521226353016,Tree Far,Building Near,Exposed Edge,East–West / Cross-street-like,SEG_0029_Z02
SEG_0029_P012,SEG_0029,W 38 ST,12,115.00000000000003,112.02032138507579,9.967510706792206,Tree Far,Building Near,Exposed Edge,East–West / Cross-street-like,SEG_0029_Z02
SEG_0029_P013,SEG_0029,W 38 ST,13,125.00000000000003,107.55085819443671,12.094838526672772,Tree Far,Building Far,Open Field,East–West / Cross-street-like,SEG_0029_Z03
SEG_0030_P001,SEG_0030,BROADWAY,1,5.0,99.99723335503154,15.78891529189399,Tree Far,Building Far,Open Field,North–South / Avenue-like,SEG_0030_Z01
SEG_0030_P002,SEG_0030,BROADWAY,2,15.000000000000002,90.04552713694643,15.734612532849754,Tree Far,Building Far,Open Field,North–South / Avenue-like,SEG_0030_Z01
SEG_0030_P003,SEG_0030,BROADWAY,3,25.000000000000004,80.1058501988548,15.704122786841454,Tree Far,Building Far,Open Field,North–South / Avenue-like,SEG_0030_Z01
SEG_0030_P004,SEG_0030,BROADWAY,4,35.00000000000001,70.18331364927722,15.673633040796595,Tree Far,Building Far,Open Field,North–South / Avenue-like,SEG_0030_Z01
SEG_0030_P005,SEG_0030,BROADWAY,5,45.000000000000014,60.286381492863676,15.643139161008463,Tree Far,Building Far,Open Field,North–South / Avenue-like,SEG_0030_Z01
SEG_0030_P006,SEG_0030,BROADWAY,6,55.00000000000002,50.43013059881723,15.612645264856535,Tree Far,Building Far,Open Field,North–South / Avenue-like,SEG_0030_Z01
SEG_0030_P007,SEG_0030,BROADWAY,7,65.00000000000001,40.644167489629424,15.582146057881232,Tree Far,Building Far,Open Field,North–South / Avenue-like,SEG_0030_Z01
SEG_0030_P008,SEG_0030,BROADWAY,8,75.00000000000001,30.995138806523702,17.43365558417802,Tree Near,Building Far,Vegetated Buffer,North–South / Avenue-like,SEG_0030_Z02
SEG_0031_P001,SEG_0031,W 39 ST,1,5.0,24.440223314600388,13.35232238686973,Tree Near,Building Far,Vegetated Buffer,East–West / Cross-street-like,SEG_0031_Z01
SEG_0031_P002,SEG_0031,W 39 ST,2,15.000000000000002,32.50450182965895,9.048625893855796,Tree Near,Building Near,Screened Edge,East–West / Cross-street-like,SEG_0031_Z02
SEG_0031_P003,SEG_0031,W 39 ST,3,25.000000000000004,41.42174263259082,9.057622904115304,Tree Far,Building Near,Exposed Edge,East–West / Cross-street-like,SEG_0031_Z03
SEG_0031_P004,SEG_0031,W 39 ST,4,35.00000000000001,50.744249785073706,9.066619914357606,Tree Far,Building Near,Exposed Edge,East–West / Cross-street-like,SEG_0031_Z03
SEG_0031_P005,SEG_0031,W 39 ST,5,45.000000000000014,60.284301520181465,9.070112438987534,Tree Far,Building Near,Exposed Edge,East–West / Cross-street-like,SEG_0031_Z03
SEG_0031_P006,SEG_0031,W 39 ST,6,55.00000000000002,69.95294942532247,9.021993408580943,Tree Far,Building Near,Exposed Edge,East–West / Cross-street-like,SEG_0031_Z03
SEG_0031_P007,SEG_0031,W 39 ST,7,65.00000000000001,79.70340806284399,9.008409146348745,Tree Far,Building Near,Exposed Edge,East–West / Cross-street-like,SEG_0031_Z03
SEG_0031_P008,SEG_0031,W 39 ST,8,75.00000000000001,85.01679630998508,8.994824884133818,Tree Far,Building Near,Exposed Edge,East–West / Cross-street-like,SEG_0031_Z03
SEG_0031_P009,SEG_0031,W 39 ST,9,85.00000000000001,75.035735595727,8.981240621926641,Tree Far,Building Near,Exposed Edge,East–West / Cross-street-like,SEG_0031_Z03
SEG_0031_P010,SEG_0031,W 39 ST,10,95.00000000000003,65.0604916824849,8.990328970933733,Tree Far,Building Near,Exposed Edge,East–West / Cross-street-like,SEG_0031_Z03
SEG_0031_P011,SEG_0031,W 39 ST,11,105.00000000000003,55.094224194061596,9.104214894134069,Tree Far,Building Near,Exposed Edge,East–West / Cross-street-like,SEG_0031_Z03
SEG_0031_P012,SEG_0031,W 39 ST,12,115.00000000000003,45.14287874207036,9.322702748742469,Tree Far,Building Near,Exposed Edge,East–West / Cross-street-like,SEG_0031_Z03
SEG_0031_P013,SEG_0031,W 39 ST,13,125.00000000000003,35.21910650058282,9.301149560783537,Tree Far,Building Near,Exposed Edge,East–West / Cross-street-like,SEG_0031_Z03
SEG_0031_P014,SEG_0031,W 39 ST,14,135.00000000000003,25.355303671569573,9.185643368888323,Tree Near,Building Near,Screened Edge,East–West / Cross-street-like,SEG_0031_Z04
SEG_0031_P015,SEG_0031,W 39 ST,15,145.00000000000003,15.6651647247769,9.070222300408318,Tree Near,Building Near,Screened Edge,East–West / Cross-street-like,SEG_0031_Z04
SEG_0031_P016,SEG_0031,W 39 ST,16,155.00000000000003,6.921224417122866,9.050185325243946,Tree Near,Building Near,Screened Edge,East–West / Cross-street-like,SEG_0031_Z04
SEG_0031_P017,SEG_0031,W 39 ST,17,165.00000000000003,7.09995133852712,9.397018203980378,Tree Near,Building Near,Screened Edge,East–West / Cross-street-like,SEG_0031_Z04
SEG_0031_P018,SEG_0031,W 39 ST,18,175.00000000000006,8.377459232702858,9.186014714946761,Tree Near,Building Near,Screened Edge,East–West / Cross-street-like,SEG_0031_Z04
SEG_0031_P019,SEG_0031,W 39 ST,19,185.00000000000006,12.563392413374917,9.267473937311166,Tree Near,Building Near,Screened Edge,East–West / Cross-street-like,SEG_0031_Z04
SEG_0031_P020,SEG_0031,W 39 ST,20,195.00000000000006,21.10677224657571,8.9483928938447,Tree Near,Building Near,Screened Edge,East–West / Cross-street-like,SEG_0031_Z04
SEG_0031_P021,SEG_0031,W 39 ST,21,205.00000000000006,12.729454494234155,8.928622969957928,Tree Near,Building Near,Screened Edge,East–West / Cross-street-like,SEG_0031_Z04
SEG_0031_P022,SEG_0031,W 39 ST,22,215.00000000000003,8.257148326656285,8.908869922209838,Tree Near,Building Near,Screened Edge,East–West / Cross-street-like,SEG_0031_Z04
SEG_0031_P023,SEG_0031,W 39 ST,23,225.00000000000003,13.203105136881684,8.889172122346405,Tree Near,Building Near,Screened Edge,East–West / Cross-street-like,SEG_0031_Z04
SEG_0031_P024,SEG_0031,W 39 ST,24,235.00000000000006,9.262777517974127,8.869394412483578,Tree Near,Building Near,Screened Edge,East–West / Cross-street-like,SEG_0031_Z04
SEG_0031_P025,SEG_0031,W 39 ST,25,245.00000000000006,5.151867582687358,8.849723281933661,Tree Near,Building Near,Screened Edge,East–West / Cross-street-like,SEG_0031_Z04
SEG_0031_P026,SEG_0031,W 39 ST,26,255.00000000000006,12.933848299375907,8.829973688027506,Tree Near,Building Near,Screened Edge,East–West / Cross-street-like,SEG_0031_Z04
SEG_0031_P027,SEG_0031,W 39 ST,27,265.00000000000006,22.539457049229192,8.810224094138519,Tree Near,Building Near,Screened Edge,East–West / Cross-street-like,SEG_0031_Z04
SEG_0031_P028,SEG_0031,W 39 ST,28,275.00000000000006,32.38471578253298,8.790469127317362,Tree Near,Building Near,Screened Edge,East–West / Cross-street-like,SEG_0031_Z04
SEG_0031_P029,SEG_0031,W 39 ST,29,285.00000000000006,42.30263004301692,8.770733009912355,Tree Far,Building Near,Exposed Edge,East–West / Cross-street-like,SEG_0031_Z05
SEG_0031_P030,SEG_0031,W 39 ST,30,295.00000000000006,52.25184399426077,8.750996892516756,Tree Far,Building Near,Exposed Edge,East–West / Cross-street-like,SEG_0031_Z05
SEG_0031_P031,SEG_0031,W 39 ST,31,305.00000000000006,62.217343988965304,12.740614127570376,Tree Far,Building Far,Open Field,East–West / Cross-street-like,SEG_0031_Z06
SEG_0032_P001,SEG_0032,AVE OF THE AMERICAS,1,5.0,96.31037377944263,15.821272958700563,Tree Far,Building Far,Open Field,North–South / Avenue-like,SEG_0032_Z01
SEG_0032_P002,SEG_0032,AVE OF THE AMERICAS,2,15.000000000000002,96.46825059722102,15.223591750922933,Tree Far,Building Far,Open Field,North–South / Avenue-like,SEG_0032_Z01
SEG_0032_P003,SEG_0032,AVE OF THE AMERICAS,3,25.000000000000004,89.59199089369626,15.153669081046809,Tree Far,Building Far,Open Field,North–South / Avenue-like,SEG_0032_Z01
SEG_0032_P004,SEG_0032,AVE OF THE AMERICAS,4,35.00000000000001,83.3506226210095,15.083733289799184,Tree Far,Building Far,Open Field,North–South / Avenue-like,SEG_0032_Z01
SEG_0032_P005,SEG_0032,AVE OF THE AMERICAS,5,45.000000000000014,77.8969046260375,15.013838817911346,Tree Far,Building Far,Open Field,North–South / Avenue-like,SEG_0032_Z01
SEG_0032_P006,SEG_0032,AVE OF THE AMERICAS,6,55.00000000000002,73.40660194649726,14.943931737929155,Tree Far,Building Far,Open Field,North–South / Avenue-like,SEG_0032_Z01
SEG_0032_P007,SEG_0032,AVE OF THE AMERICAS,7,65.00000000000001,70.06518870551659,14.87401395954898,Tree Far,Building Far,Open Field,North–South / Avenue-like,SEG_0032_Z01
SEG_0032_P008,SEG_0032,AVE OF THE AMERICAS,8,75.00000000000001,68.04213494113746,15.874725149547464,Tree Far,Building Far,Open Field,North–South / Avenue-like,SEG_0032_Z01
SEG_0033_P001,SEG_0033,W 40 ST,1,5.0,20.843065840822874,14.026725249578277,Tree Near,Building Far,Vegetated Buffer,East–West / Cross-street-like,SEG_0033_Z01
SEG_0033_P002,SEG_0033,W 40 ST,2,15.000000000000002,29.004144270868828,9.217887410618262,Tree Near,Building Near,Screened Edge,East–West / Cross-street-like,SEG_0033_Z02
SEG_0033_P003,SEG_0033,W 40 ST,3,25.000000000000004,38.05321768426131,9.264138923292881,Tree Far,Building Near,Exposed Edge,East–West / Cross-street-like,SEG_0033_Z03
SEG_0033_P004,SEG_0033,W 40 ST,4,35.00000000000001,45.59370573748173,9.333492707812397,Tree Far,Building Near,Exposed Edge,East–West / Cross-street-like,SEG_0033_Z03
SEG_0033_P005,SEG_0033,W 40 ST,5,45.000000000000014,52.16316406680173,9.402813381012507,Tree Far,Building Near,Exposed Edge,East–West / Cross-street-like,SEG_0033_Z03
SEG_0033_P006,SEG_0033,W 40 ST,6,55.00000000000002,59.692590562381234,9.472197341046693,Tree Far,Building Near,Exposed Edge,East–West / Cross-street-like,SEG_0033_Z03
SEG_0033_P007,SEG_0033,W 40 ST,7,65.00000000000001,67.8632083726689,9.126786277000164,Tree Far,Building Near,Exposed Edge,East–West / Cross-street-like,SEG_0033_Z03
SEG_0033_P008,SEG_0033,W 40 ST,8,75.00000000000001,76.46976352269215,9.133386862426056,Tree Far,Building Near,Exposed Edge,East–West / Cross-street-like,SEG_0033_Z03
SEG_0033_P009,SEG_0033,W 40 ST,9,85.00000000000001,85.38052714641942,9.1400429142471,Tree Far,Building Near,Exposed Edge,East–West / Cross-street-like,SEG_0033_Z03
SEG_0033_P010,SEG_0033,W 40 ST,10,95.00000000000003,94.50949210732473,9.146658772438562,Tree Far,Building Near,Exposed Edge,East–West / Cross-street-like,SEG_0033_Z03
SEG_0033_P011,SEG_0033,W 40 ST,11,105.00000000000003,91.84401493154961,9.153254189524892,Tree Far,Building Near,Exposed Edge,East–West / Cross-street-like,SEG_0033_Z03
SEG_0033_P012,SEG_0033,W 40 ST,12,115.00000000000003,86.23572166050533,9.159849606611221,Tree Far,Building Near,Exposed Edge,East–West / Cross-street-like,SEG_0033_Z03
SEG_0033_P013,SEG_0033,W 40 ST,13,125.00000000000003,81.47316307760128,9.166471769269458,Tree Far,Building Near,Exposed Edge,East–West / Cross-street-like,SEG_0033_Z03
SEG_0033_P014,SEG_0033,W 40 ST,14,135.00000000000003,77.71198693529483,9.173087440548388,Tree Far,Building Near,Exposed Edge,East–West / Cross-street-like,SEG_0033_Z03
SEG_0033_P015,SEG_0033,W 40 ST,15,145.00000000000003,75.10279305717582,9.179640069371615,Tree Far,Building Near,Exposed Edge,East–West / Cross-street-like,SEG_0033_Z03
SEG_0033_P016,SEG_0033,W 40 ST,16,155.00000000000003,73.76792078234566,9.186243284942519,Tree Far,Building Near,Exposed Edge,East–West / Cross-street-like,SEG_0033_Z03
SEG_0033_P017,SEG_0033,W 40 ST,17,165.00000000000003,73.77657814370129,9.192847316532795,Tree Far,Building Near,Exposed Edge,East–West / Cross-street-like,SEG_0033_Z03
SEG_0033_P018,SEG_0033,W 40 ST,18,175.00000000000006,75.12829570419224,9.199510235467152,Tree Far,Building Near,Exposed Edge,East–West / Cross-street-like,SEG_0033_Z03
SEG_0033_P019,SEG_0033,W 40 ST,19,185.00000000000006,77.75305343724195,9.211291490469646,Tree Far,Building Near,Exposed Edge,East–West / Cross-street-like,SEG_0033_Z03
SEG_0033_P020,SEG_0033,W 40 ST,20,195.00000000000006,81.5279941014875,9.212702659842058,Tree Far,Building Near,Exposed Edge,East–West / Cross-street-like,SEG_0033_Z03
SEG_0033_P021,SEG_0033,W 40 ST,21,205.00000000000006,82.90865832102692,9.219316432001671,Tree Far,Building Near,Exposed Edge,East–West / Cross-street-like,SEG_0033_Z03
SEG_0033_P022,SEG_0033,W 40 ST,22,215.00000000000003,78.8248408206189,9.225902106720412,Tree Far,Building Near,Exposed Edge,East–West / Cross-street-like,SEG_0033_Z03
SEG_0033_P023,SEG_0033,W 40 ST,23,225.00000000000003,75.84764621393931,9.23250486746574,Tree Far,Building Near,Exposed Edge,East–West / Cross-street-like,SEG_0033_Z03
SEG_0033_P024,SEG_0033,W 40 ST,24,235.00000000000006,74.11056160896787,9.239137138593073,Tree Far,Building Near,Exposed Edge,East–West / Cross-street-like,SEG_0033_Z03
SEG_0033_P025,SEG_0033,W 40 ST,25,245.00000000000006,73.70132460001275,9.24573125526556,Tree Far,Building Near,Exposed Edge,East–West / Cross-street-like,SEG_0033_Z03
SEG_0033_P026,SEG_0033,W 40 ST,26,255.00000000000006,74.64177887482872,9.252352388630063,Tree Far,Building Near,Exposed Edge,East–West / Cross-street-like,SEG_0033_Z03
SEG_0033_P027,SEG_0033,W 40 ST,27,265.00000000000006,76.88241059825972,9.258989235241875,Tree Far,Building Near,Exposed Edge,East–West / Cross-street-like,SEG_0033_Z03
SEG_0033_P028,SEG_0033,W 40 ST,28,275.00000000000006,80.31447543998651,9.265623444673565,Tree Far,Building Near,Exposed Edge,East–West / Cross-street-like,SEG_0033_Z03
SEG_0033_P029,SEG_0033,W 40 ST,29,285.00000000000006,84.79342469202248,9.272258332094008,Tree Far,Building Near,Exposed Edge,East–West / Cross-street-like,SEG_0033_Z03
SEG_0033_P030,SEG_0033,W 40 ST,30,295.00000000000006,90.16337824639119,9.278825908110058,Tree Far,Building Near,Exposed Edge,East–West / Cross-street-like,SEG_0033_Z03
SEG_0033_P031,SEG_0033,W 40 ST,31,305.00000000000006,96.27535864697097,13.014628270441419,Tree Far,Building Far,Open Field,East–West / Cross-street-like,SEG_0033_Z04
SEG_0034_P001,SEG_0034,AVE OF THE AMERICAS,1,5.0,67.51532006621223,15.20828425454384,Tree Far,Building Far,Open Field,North–South / Avenue-like,SEG_0034_Z01
SEG_0034_P002,SEG_0034,AVE OF THE AMERICAS,2,15.000000000000002,68.3630828981904,14.79336143049124,Tree Far,Building Far,Open Field,North–South / Avenue-like,SEG_0034_Z01
SEG_0034_P003,SEG_0034,AVE OF THE AMERICAS,3,25.000000000000004,70.63075649492697,14.837083271875812,Tree Far,Building Far,Open Field,North–South / Avenue-like,SEG_0034_Z01
SEG_0034_P004,SEG_0034,AVE OF THE AMERICAS,4,35.00000000000001,74.18824989678059,14.880805113264667,Tree Far,Building Far,Open Field,North–South / Avenue-like,SEG_0034_Z01
SEG_0034_P005,SEG_0034,AVE OF THE AMERICAS,5,45.000000000000014,78.86120137588952,14.936392081153434,Tree Far,Building Far,Open Field,North–South / Avenue-like,SEG_0034_Z01
SEG_0034_P006,SEG_0034,AVE OF THE AMERICAS,6,55.00000000000002,84.46467748205458,14.972108008002458,Tree Far,Building Far,Open Field,North–South / Avenue-like,SEG_0034_Z01
SEG_0034_P007,SEG_0034,AVE OF THE AMERICAS,7,65.00000000000001,90.82661725423682,15.025250143417775,Tree Far,Building Far,Open Field,North–South / Avenue-like,SEG_0034_Z01
SEG_0034_P008,SEG_0034,AVE OF THE AMERICAS,8,75.00000000000001,97.79911585259383,16.217124480283573,Tree Far,Building Far,Open Field,North–South / Avenue-like,SEG_0034_Z01
SEG_0035_P001,SEG_0035,W 39 ST,1,5.0,72.63362508885747,14.45525622718965,Tree Far,Building Far,Open Field,East–West / Cross-street-like,SEG_0035_Z01
SEG_0035_P002,SEG_0035,W 39 ST,2,15.000000000000002,82.61650109428435,9.076314013738568,Tree Far,Building Near,Exposed Edge,East–West / Cross-street-like,SEG_0035_Z02
SEG_0035_P003,SEG_0035,W 39 ST,3,25.000000000000004,92.60307237114331,8.974488049390558,Tree Far,Building Near,Exposed Edge,East–West / Cross-street-like,SEG_0035_Z02
SEG_0035_P004,SEG_0035,W 39 ST,4,35.00000000000001,102.59225980593598,8.969833991996609,Tree Far,Building Near,Exposed Edge,East–West / Cross-street-like,SEG_0035_Z02
SEG_0035_P005,SEG_0035,W 39 ST,5,45.000000000000014,112.58336702906992,8.96517993460266,Tree Far,Building Near,Exposed Edge,East–West / Cross-street-like,SEG_0035_Z02
SEG_0035_P006,SEG_0035,W 39 ST,6,55.00000000000002,116.22034422826364,8.960524472879154,Tree Far,Building Near,Exposed Edge,East–West / Cross-street-like,SEG_0035_Z02
SEG_0035_P007,SEG_0035,W 39 ST,7,65.00000000000001,106.37864425255991,8.955868818285218,Tree Far,Building Near,Exposed Edge,East–West / Cross-street-like,SEG_0035_Z02
SEG_0035_P008,SEG_0035,W 39 ST,8,75.00000000000001,96.56947495709062,8.951239710096067,Tree Far,Building Near,Exposed Edge,East–West / Cross-street-like,SEG_0035_Z02
SEG_0035_P009,SEG_0035,W 39 ST,9,85.00000000000001,86.80386531695318,8.94659662384616,Tree Far,Building Near,Exposed Edge,East–West / Cross-street-like,SEG_0035_Z02
SEG_0035_P010,SEG_0035,W 39 ST,10,95.00000000000003,77.09836946680186,8.941938086969927,Tree Far,Building Near,Exposed Edge,East–West / Cross-street-like,SEG_0035_Z02
SEG_0035_P011,SEG_0035,W 39 ST,11,105.00000000000003,67.47893089638198,8.937277033761449,Tree Far,Building Near,Exposed Edge,East–West / Cross-street-like,SEG_0035_Z02
SEG_0035_P012,SEG_0035,W 39 ST,12,115.00000000000003,57.98839241946693,8.932615980570095,Tree Far,Building Near,Exposed Edge,East–West / Cross-street-like,SEG_0035_Z02
SEG_0035_P013,SEG_0035,W 39 ST,13,125.00000000000003,48.702168287147394,8.92795492737874,Tree Far,Building Near,Exposed Edge,East–West / Cross-street-like,SEG_0035_Z02
SEG_0035_P014,SEG_0035,W 39 ST,14,135.00000000000003,39.763661002796276,8.923323587542589,Tree Far,Building Near,Exposed Edge,East–West / Cross-street-like,SEG_0035_Z02
SEG_0035_P015,SEG_0035,W 39 ST,15,145.00000000000003,31.470562067130576,9.630576307581814,Tree Near,Building Near,Screened Edge,East–West / Cross-street-like,SEG_0035_Z03
SEG_0036_P001,SEG_0036,AVE OF THE AMERICAS,1,5.0,103.9758048300214,16.005771915013295,Tree Far,Building Far,Open Field,North–South / Avenue-like,SEG_0036_Z01
SEG_0036_P002,SEG_0036,AVE OF THE AMERICAS,2,15.000000000000002,111.76733334177014,14.983037534152869,Tree Far,Building Far,Open Field,North–South / Avenue-like,SEG_0036_Z01
SEG_0036_P003,SEG_0036,AVE OF THE AMERICAS,3,25.000000000000004,119.8870535738121,15.297013040922268,Tree Far,Building Far,Open Field,North–South / Avenue-like,SEG_0036_Z01
SEG_0036_P004,SEG_0036,AVE OF THE AMERICAS,4,35.00000000000001,128.27265658311552,15.237681410475917,Tree Far,Building Far,Open Field,North–South / Avenue-like,SEG_0036_Z01
SEG_0036_P005,SEG_0036,AVE OF THE AMERICAS,5,45.000000000000014,129.81421555892842,15.178323125126271,Tree Far,Building Far,Open Field,North–South / Avenue-like,SEG_0036_Z01
SEG_0036_P006,SEG_0036,AVE OF THE AMERICAS,6,55.00000000000002,120.19264681356739,15.11894684780206,Tree Far,Building Far,Open Field,North–South / Avenue-like,SEG_0036_Z01
SEG_0036_P007,SEG_0036,AVE OF THE AMERICAS,7,65.00000000000001,110.6382128151196,15.059570570482157,Tree Far,Building Far,Open Field,North–South / Avenue-like,SEG_0036_Z01
SEG_0036_P008,SEG_0036,AVE OF THE AMERICAS,8,75.00000000000001,101.16993585943342,16.08588528656773,Tree Far,Building Far,Open Field,North–South / Avenue-like,SEG_0036_Z01
SEG_0037_P001,SEG_0037,W 40 ST,1,5.0,103.67474129808377,13.997882734359823,Tree Far,Building Far,Open Field,East–West / Cross-street-like,SEG_0037_Z01
SEG_0037_P002,SEG_0037,W 40 ST,2,15.000000000000002,110.9251494560876,9.354404444639403,Tree Far,Building Near,Exposed Edge,East–West / Cross-street-like,SEG_0037_Z02
SEG_0037_P003,SEG_0037,W 40 ST,3,25.000000000000004,118.57624374420938,9.36905158193279,Tree Far,Building Near,Exposed Edge,East–West / Cross-street-like,SEG_0037_Z02
SEG_0037_P004,SEG_0037,W 40 ST,4,35.00000000000001,126.5553727785548,9.394314083920138,Tree Far,Building Near,Exposed Edge,East–West / Cross-street-like,SEG_0037_Z02
SEG_0037_P005,SEG_0037,W 40 ST,5,45.000000000000014,134.80429955216508,9.419593900532794,Tree Far,Building Near,Exposed Edge,East–West / Cross-street-like,SEG_0037_Z02
SEG_0037_P006,SEG_0037,W 40 ST,6,55.00000000000002,125.62988142022846,9.444873717145445,Tree Far,Building Near,Exposed Edge,East–West / Cross-street-like,SEG_0037_Z02
SEG_0037_P007,SEG_0037,W 40 ST,7,65.00000000000001,116.02520871477503,9.46099165317824,Tree Far,Building Near,Exposed Edge,East–West / Cross-street-like,SEG_0037_Z02
SEG_0037_P008,SEG_0037,W 40 ST,8,75.00000000000001,106.4933378618285,9.336152077321723,Tree Far,Building Near,Exposed Edge,East–West / Cross-street-like,SEG_0037_Z02
SEG_0037_P009,SEG_0037,W 40 ST,9,85.00000000000001,96.84140058336347,9.353168225634631,Tree Far,Building Near,Exposed Edge,East–West / Cross-street-like,SEG_0037_Z02
SEG_0037_P010,SEG_0037,W 40 ST,10,95.00000000000003,87.0907527715129,8.782693783590885,Tree Far,Building Near,Exposed Edge,East–West / Cross-street-like,SEG_0037_Z02
SEG_0037_P011,SEG_0037,W 40 ST,11,105.00000000000003,77.4037568188399,8.782867980357848,Tree Far,Building Near,Exposed Edge,East–West / Cross-street-like,SEG_0037_Z02
SEG_0037_P012,SEG_0037,W 40 ST,12,115.00000000000003,67.80769809565454,8.783042177124806,Tree Far,Building Near,Exposed Edge,East–West / Cross-street-like,SEG_0037_Z02
SEG_0037_P013,SEG_0037,W 40 ST,13,125.00000000000003,58.34746157625686,8.783216373891765,Tree Far,Building Near,Exposed Edge,East–West / Cross-street-like,SEG_0037_Z02
SEG_0037_P014,SEG_0037,W 40 ST,14,135.00000000000003,49.10161528660796,8.783390570666494,Tree Far,Building Near,Exposed Edge,East–West / Cross-street-like,SEG_0037_Z02
SEG_0037_P015,SEG_0037,W 40 ST,15,145.00000000000003,40.21829154893946,8.78358107926994,Tree Far,Building Near,Exposed Edge,East–West / Cross-street-like,SEG_0037_Z02
SEG_0037_P016,SEG_0037,W 40 ST,16,155.00000000000003,32.00083321535466,8.783784007451516,Tree Near,Building Near,Screened Edge,East–West / Cross-street-like,SEG_0037_Z03
SEG_0037_P017,SEG_0037,W 40 ST,17,165.00000000000003,25.111664178990722,10.096201695576264,Tree Near,Building Near,Screened Edge,East–West / Cross-street-like,SEG_0037_Z03
SEG_0037_P018,SEG_0037,W 40 ST,18,175.00000000000006,20.907846115749816,16.02578968245318,Tree Near,Building Far,Vegetated Buffer,East–West / Cross-street-like,SEG_0037_Z04
SEG_0038_P001,SEG_0038,W 42 ST,1,5.0,53.93607626689643,18.569888170390314,Tree Far,Building Far,Open Field,East–West / Cross-street-like,SEG_0038_Z01
SEG_0038_P002,SEG_0038,W 42 ST,2,15.000000000000002,54.37438727060041,15.414229416265572,Tree Far,Building Far,Open Field,East–West / Cross-street-like,SEG_0038_Z01
SEG_0038_P003,SEG_0038,W 42 ST,3,25.000000000000004,52.816301721701265,15.404637874933265,Tree Far,Building Far,Open Field,East–West / Cross-street-like,SEG_0038_Z01
SEG_0038_P004,SEG_0038,W 42 ST,4,35.00000000000001,43.05202364207634,10.50522694266321,Tree Far,Building Near,Exposed Edge,East–West / Cross-street-like,SEG_0038_Z02
SEG_0038_P005,SEG_0038,W 42 ST,5,45.000000000000014,33.427410186818754,9.343052931133768,Tree Near,Building Near,Screened Edge,East–West / Cross-street-like,SEG_0038_Z03
SEG_0038_P006,SEG_0038,W 42 ST,6,55.00000000000002,24.110304102511137,12.83592399655264,Tree Near,Building Far,Vegetated Buffer,East–West / Cross-street-like,SEG_0038_Z04
SEG_0038_P007,SEG_0038,W 42 ST,7,65.00000000000001,15.659558615595499,15.38236489248037,Tree Near,Building Far,Vegetated Buffer,East–West / Cross-street-like,SEG_0038_Z04
SEG_0038_P008,SEG_0038,W 42 ST,8,75.00000000000001,10.446855419431698,15.376857015371412,Tree Near,Building Far,Vegetated Buffer,East–West / Cross-street-like,SEG_0038_Z04
SEG_0038_P009,SEG_0038,W 42 ST,9,85.00000000000001,7.889726125673249,15.371344314178994,Tree Near,Building Far,Vegetated Buffer,East–West / Cross-street-like,SEG_0038_Z04
SEG_0038_P010,SEG_0038,W 42 ST,10,95.00000000000003,7.9547927332649,15.365829277017323,Tree Near,Building Far,Vegetated Buffer,East–West / Cross-street-like,SEG_0038_Z04
SEG_0038_P011,SEG_0038,W 42 ST,11,105.00000000000003,10.345442582748328,15.360314239847888,Tree Near,Building Far,Vegetated Buffer,East–West / Cross-street-like,SEG_0038_Z04
SEG_0038_P012,SEG_0038,W 42 ST,12,115.00000000000003,14.827917039524563,15.35479255741109,Tree Near,Building Far,Vegetated Buffer,East–West / Cross-street-like,SEG_0038_Z04
SEG_0038_P013,SEG_0038,W 42 ST,13,125.00000000000003,16.115352189172103,15.34924960599857,Tree Near,Building Far,Vegetated Buffer,East–West / Cross-street-like,SEG_0038_Z04
SEG_0038_P014,SEG_0038,W 42 ST,14,135.00000000000003,10.627701604168898,15.343701913619443,Tree Near,Building Far,Vegetated Buffer,East–West / Cross-street-like,SEG_0038_Z04
SEG_0038_P015,SEG_0038,W 42 ST,15,145.00000000000003,12.89152848164449,15.338168018399834,Tree Near,Building Far,Vegetated Buffer,East–West / Cross-street-like,SEG_0038_Z04
SEG_0038_P016,SEG_0038,W 42 ST,16,155.00000000000003,20.48011161588713,14.768247990292965,Tree Near,Building Far,Vegetated Buffer,East–West / Cross-street-like,SEG_0038_Z04
SEG_0038_P017,SEG_0038,W 42 ST,17,165.00000000000003,29.541131274963796,15.0842221982669,Tree Near,Building Far,Vegetated Buffer,East–West / Cross-street-like,SEG_0038_Z04
SEG_0038_P018,SEG_0038,W 42 ST,18,175.00000000000006,39.06305034443173,15.32155582235052,Tree Far,Building Far,Open Field,East–West / Cross-street-like,SEG_0038_Z05
SEG_0038_P019,SEG_0038,W 42 ST,19,185.00000000000006,48.7766887705317,15.316012433878303,Tree Far,Building Far,Open Field,East–West / Cross-street-like,SEG_0038_Z05
SEG_0038_P020,SEG_0038,W 42 ST,20,195.00000000000006,58.58676328849433,15.31046904541385,Tree Far,Building Far,Open Field,East–West / Cross-street-like,SEG_0038_Z05
SEG_0038_P021,SEG_0038,W 42 ST,21,205.00000000000006,63.26576338733486,15.304925656958806,Tree Far,Building Far,Open Field,East–West / Cross-street-like,SEG_0038_Z05
SEG_0038_P022,SEG_0038,W 42 ST,22,215.00000000000003,53.34861208460677,15.299382268494352,Tree Far,Building Far,Open Field,East–West / Cross-street-like,SEG_0038_Z05
SEG_0038_P023,SEG_0038,W 42 ST,23,225.00000000000003,43.46943760534517,15.2938388800299,Tree Far,Building Far,Open Field,East–West / Cross-street-like,SEG_0038_Z05
SEG_0038_P024,SEG_0038,W 42 ST,24,235.00000000000006,33.661693363428626,15.288324099918183,Tree Near,Building Far,Vegetated Buffer,East–West / Cross-street-like,SEG_0038_Z06
SEG_0038_P025,SEG_0038,W 42 ST,25,245.00000000000006,24.013062996302896,15.282786128831347,Tree Near,Building Far,Vegetated Buffer,East–West / Cross-street-like,SEG_0038_Z06
SEG_0038_P026,SEG_0038,W 42 ST,26,255.00000000000006,14.837277002018745,15.277248157736754,Tree Near,Building Far,Vegetated Buffer,East–West / Cross-street-like,SEG_0038_Z06
SEG_0038_P027,SEG_0038,W 42 ST,27,265.00000000000006,7.9788710482613405,9.366709988952962,Tree Near,Building Near,Screened Edge,East–West / Cross-street-like,SEG_0038_Z07
SEG_0038_P028,SEG_0038,W 42 ST,28,275.00000000000006,7.9942589100901476,9.743711579513068,Tree Near,Building Near,Screened Edge,East–West / Cross-street-like,SEG_0038_Z07
SEG_0038_P029,SEG_0038,W 42 ST,29,285.00000000000006,10.307551966256922,15.260622172140197,Tree Near,Building Far,Vegetated Buffer,East–West / Cross-street-like,SEG_0038_Z08
SEG_0038_P030,SEG_0038,W 42 ST,30,295.00000000000006,18.670379737763536,15.255055272236241,Tree Near,Building Far,Vegetated Buffer,East–West / Cross-street-like,SEG_0038_Z08
SEG_0038_P031,SEG_0038,W 42 ST,31,305.00000000000006,28.123309399305857,17.89502618305982,Tree Near,Building Far,Vegetated Buffer,East–West / Cross-street-like,SEG_0038_Z08
SEG_0039_P001,SEG_0039,AVE OF THE AMERICAS,1,5.0,92.90807060124949,18.468251295775392,Tree Far,Building Far,Open Field,North–South / Avenue-like,SEG_0039_Z01
SEG_0039_P002,SEG_0039,AVE OF THE AMERICAS,2,15.000000000000002,83.68323796974406,17.955130498558415,Tree Far,Building Far,Open Field,North–South / Avenue-like,SEG_0039_Z01
SEG_0039_P003,SEG_0039,AVE OF THE AMERICAS,3,25.000000000000004,74.65828186711909,17.897714738553365,Tree Far,Building Far,Open Field,North–South / Avenue-like,SEG_0039_Z01
SEG_0039_P004,SEG_0039,AVE OF THE AMERICAS,4,35.00000000000001,65.9153531857642,17.84029897851728,Tree Far,Building Far,Open Field,North–South / Avenue-like,SEG_0039_Z01
SEG_0039_P005,SEG_0039,AVE OF THE AMERICAS,5,45.000000000000014,57.583057576488166,17.782883218476893,Tree Far,Building Far,Open Field,North–South / Avenue-like,SEG_0039_Z01
SEG_0039_P006,SEG_0039,AVE OF THE AMERICAS,6,55.00000000000002,49.86765739542228,17.72546745847185,Tree Far,Building Far,Open Field,North–South / Avenue-like,SEG_0039_Z01
SEG_0039_P007,SEG_0039,AVE OF THE AMERICAS,7,65.00000000000001,43.101716768136946,17.66805169843576,Tree Far,Building Far,Open Field,North–South / Avenue-like,SEG_0039_Z01
SEG_0039_P008,SEG_0039,AVE OF THE AMERICAS,8,75.00000000000001,37.798580960320436,18.74692182045939,Tree Far,Building Far,Open Field,North–South / Avenue-like,SEG_0039_Z01
SEG_0040_P001,SEG_0040,W 41 ST,1,5.0,99.41402258006563,13.861910294576008,Tree Far,Building Far,Open Field,East–West / Cross-street-like,SEG_0040_Z01
SEG_0040_P002,SEG_0040,W 41 ST,2,15.000000000000002,103.71402617392081,9.599173555304542,Tree Far,Building Near,Exposed Edge,East–West / Cross-street-like,SEG_0040_Z02
SEG_0040_P003,SEG_0040,W 41 ST,3,25.000000000000004,108.76603589751454,9.128184389596328,Tree Far,Building Near,Exposed Edge,East–West / Cross-street-like,SEG_0040_Z02
SEG_0040_P004,SEG_0040,W 41 ST,4,35.00000000000001,114.47052854125324,9.154009464504389,Tree Far,Building Near,Exposed Edge,East–West / Cross-street-like,SEG_0040_Z02
SEG_0040_P005,SEG_0040,W 41 ST,5,45.000000000000014,120.73505391628434,9.179834539412449,Tree Far,Building Near,Exposed Edge,East–West / Cross-street-like,SEG_0040_Z02
SEG_0040_P006,SEG_0040,W 41 ST,6,55.00000000000002,127.47707473825268,9.20565961432051,Tree Far,Building Near,Exposed Edge,East–West / Cross-street-like,SEG_0040_Z02
SEG_0040_P007,SEG_0040,W 41 ST,7,65.00000000000001,134.62487111780086,9.332189459633016,Tree Far,Building Near,Exposed Edge,East–West / Cross-street-like,SEG_0040_Z02
SEG_0040_P008,SEG_0040,W 41 ST,8,75.00000000000001,142.11723070457955,9.485220129603977,Tree Far,Building Near,Exposed Edge,East–West / Cross-street-like,SEG_0040_Z02
SEG_0040_P009,SEG_0040,W 41 ST,9,85.00000000000001,136.97683899029974,9.465535169601099,Tree Far,Building Near,Exposed Edge,East–West / Cross-street-like,SEG_0040_Z02
SEG_0040_P010,SEG_0040,W 41 ST,10,95.00000000000003,130.29075489565685,9.346704190480645,Tree Far,Building Near,Exposed Edge,East–West / Cross-street-like,SEG_0040_Z02
SEG_0040_P011,SEG_0040,W 41 ST,11,105.00000000000003,124.05122813896492,9.363057237757383,Tree Far,Building Near,Exposed Edge,East–West / Cross-street-like,SEG_0040_Z02
SEG_0040_P012,SEG_0040,W 41 ST,12,115.00000000000003,118.32892120817579,9.379441425194765,Tree Far,Building Near,Exposed Edge,East–West / Cross-street-like,SEG_0040_Z02
SEG_0040_P013,SEG_0040,W 41 ST,13,125.00000000000003,113.20229673372302,9.386923239436157,Tree Far,Building Near,Exposed Edge,East–West / Cross-street-like,SEG_0040_Z02
SEG_0040_P014,SEG_0040,W 41 ST,14,135.00000000000003,108.75562687647596,9.36725666260034,Tree Far,Building Near,Exposed Edge,East–West / Cross-street-like,SEG_0040_Z02
SEG_0040_P015,SEG_0040,W 41 ST,15,145.00000000000003,105.07527191875546,9.342323728792877,Tree Far,Building Near,Exposed Edge,East–West / Cross-street-like,SEG_0040_Z02
SEG_0040_P016,SEG_0040,W 41 ST,16,155.00000000000003,102.2440177238028,9.32786534332702,Tree Far,Building Near,Exposed Edge,East–West / Cross-street-like,SEG_0040_Z02
SEG_0040_P017,SEG_0040,W 41 ST,17,165.00000000000003,100.3337707445004,9.308198769276615,Tree Far,Building Near,Exposed Edge,East–West / Cross-street-like,SEG_0040_Z02
SEG_0040_P018,SEG_0040,W 41 ST,18,175.00000000000006,99.3976455622284,9.28853219522621,Tree Far,Building Near,Exposed Edge,East–West / Cross-street-like,SEG_0040_Z02
SEG_0040_P019,SEG_0040,W 41 ST,19,185.00000000000006,99.4631506378976,9.671522955131215,Tree Far,Building Near,Exposed Edge,East–West / Cross-street-like,SEG_0040_Z02
SEG_0040_P020,SEG_0040,W 41 ST,20,195.00000000000006,100.52832797934003,15.32746795043556,Tree Far,Building Far,Open Field,East–West / Cross-street-like,SEG_0040_Z03
SEG_0041_P001,SEG_0041,BROADWAY,1,5.0,20.327515209415992,14.90104050214953,Tree Near,Building Far,Vegetated Buffer,North–South / Avenue-like,SEG_0041_Z01
SEG_0041_P002,SEG_0041,BROADWAY,2,15.000000000000002,12.345614377074638,15.13101952474363,Tree Near,Building Far,Vegetated Buffer,North–South / Avenue-like,SEG_0041_Z01
SEG_0041_P003,SEG_0041,BROADWAY,3,25.000000000000004,9.571860535262536,15.368919070603765,Tree Near,Building Far,Vegetated Buffer,North–South / Avenue-like,SEG_0041_Z01
SEG_0041_P004,SEG_0041,BROADWAY,4,35.00000000000001,9.39785237717708,13.445418881407171,Tree Near,Building Far,Vegetated Buffer,North–South / Avenue-like,SEG_0041_Z01
SEG_0041_P005,SEG_0041,BROADWAY,5,45.000000000000014,10.086304190485256,14.97617319385329,Tree Near,Building Far,Vegetated Buffer,North–South / Avenue-like,SEG_0041_Z01
SEG_0041_P006,SEG_0041,BROADWAY,6,55.00000000000002,11.135929339460533,15.35330966865929,Tree Near,Building Far,Vegetated Buffer,North–South / Avenue-like,SEG_0041_Z01
SEG_0041_P007,SEG_0041,BROADWAY,7,65.00000000000001,9.57987855249378,15.323150158928462,Tree Near,Building Far,Vegetated Buffer,North–South / Avenue-like,SEG_0041_Z01
SEG_0041_P008,SEG_0041,BROADWAY,8,75.00000000000001,15.482834826521971,16.906692130185796,Tree Near,Building Far,Vegetated Buffer,North–South / Avenue-like,SEG_0041_Z01
SEG_0042_P001,SEG_0042,W 40 ST,1,5.0,20.411359308079973,17.229683860978692,Tree Near,Building Far,Vegetated Buffer,East–West / Cross-street-like,SEG_0042_Z01
SEG_0042_P002,SEG_0042,W 40 ST,2,15.000000000000002,23.18192279276436,10.869089938941267,Tree Near,Building Near,Screened Edge,East–West / Cross-street-like,SEG_0042_Z02
SEG_0042_P003,SEG_0042,W 40 ST,3,25.000000000000004,29.29470088490347,9.26075157733826,Tree Near,Building Near,Screened Edge,East–West / Cross-street-like,SEG_0042_Z02
SEG_0042_P004,SEG_0042,W 40 ST,4,35.00000000000001,37.13431641355974,9.260003698022617,Tree Far,Building Near,Exposed Edge,East–West / Cross-street-like,SEG_0042_Z03
SEG_0042_P005,SEG_0042,W 40 ST,5,45.000000000000014,45.82286995670296,9.259254074894178,Tree Far,Building Near,Exposed Edge,East–West / Cross-street-like,SEG_0042_Z03
SEG_0042_P006,SEG_0042,W 40 ST,6,55.00000000000002,54.95919728885767,9.258510903372198,Tree Far,Building Near,Exposed Edge,East–West / Cross-street-like,SEG_0042_Z03
SEG_0042_P007,SEG_0042,W 40 ST,7,65.00000000000001,64.35286568756968,9.257767731850215,Tree Far,Building Near,Exposed Edge,East–West / Cross-street-like,SEG_0042_Z03
SEG_0042_P008,SEG_0042,W 40 ST,8,75.00000000000001,56.26704011542112,9.85210965874255,Tree Far,Building Near,Exposed Edge,East–West / Cross-street-like,SEG_0042_Z03
SEG_0042_P009,SEG_0042,W 40 ST,9,85.00000000000001,46.30959718089306,9.982120240513057,Tree Far,Building Near,Exposed Edge,East–West / Cross-street-like,SEG_0042_Z03
SEG_0042_P010,SEG_0042,W 40 ST,10,95.00000000000003,36.37551070105928,15.37491006983869,Tree Far,Building Far,Open Field,East–West / Cross-street-like,SEG_0042_Z04
SEG_0043_P001,SEG_0043,BROADWAY,1,5.0,25.341365537009256,15.540574765035066,Tree Near,Building Far,Vegetated Buffer,North–South / Avenue-like,SEG_0043_Z01
SEG_0043_P002,SEG_0043,BROADWAY,2,15.000000000000002,34.843725400705814,15.480016114850763,Tree Near,Building Far,Vegetated Buffer,North–South / Avenue-like,SEG_0043_Z01
SEG_0043_P003,SEG_0043,BROADWAY,3,25.000000000000004,44.564398260484666,15.437506716889185,Tree Far,Building Far,Open Field,North–South / Avenue-like,SEG_0043_Z02
SEG_0043_P004,SEG_0043,BROADWAY,4,35.00000000000001,54.3864503791213,15.394997318895102,Tree Far,Building Far,Open Field,North–South / Avenue-like,SEG_0043_Z02
SEG_0043_P005,SEG_0043,BROADWAY,5,45.000000000000014,64.26341398774196,15.352488482033026,Tree Far,Building Far,Open Field,North–South / Avenue-like,SEG_0043_Z02
SEG_0043_P006,SEG_0043,BROADWAY,6,55.00000000000002,74.17335619937269,15.30999278680929,Tree Far,Building Far,Open Field,North–South / Avenue-like,SEG_0043_Z02
SEG_0043_P007,SEG_0043,BROADWAY,7,65.00000000000001,84.10462033919408,15.267497091551014,Tree Far,Building Far,Open Field,North–South / Avenue-like,SEG_0043_Z02
SEG_0043_P008,SEG_0043,BROADWAY,8,75.00000000000001,94.05045217817353,15.674697609796336,Tree Far,Building Far,Open Field,North–South / Avenue-like,SEG_0043_Z02
SEG_0044_P001,SEG_0044,7 AVE,1,5.0,32.015013024584675,16.60606072278568,Tree Near,Building Far,Vegetated Buffer,North–South / Avenue-like,SEG_0044_Z01
SEG_0044_P002,SEG_0044,7 AVE,2,15.000000000000002,33.553804164428215,15.945984312918362,Tree Near,Building Far,Vegetated Buffer,North–South / Avenue-like,SEG_0044_Z01
SEG_0044_P003,SEG_0044,7 AVE,3,25.000000000000004,37.772403800168455,15.97458146416225,Tree Far,Building Far,Open Field,North–South / Avenue-like,SEG_0044_Z02
SEG_0044_P004,SEG_0044,7 AVE,4,35.00000000000001,43.90502481247309,14.604296049687811,Tree Far,Building Far,Open Field,North–South / Avenue-like,SEG_0044_Z02
SEG_0044_P005,SEG_0044,7 AVE,5,45.000000000000014,51.26936627969771,14.59227840907299,Tree Far,Building Far,Open Field,North–South / Avenue-like,SEG_0044_Z02
SEG_0044_P006,SEG_0044,7 AVE,6,55.00000000000002,59.40912921142199,14.552996417995036,Tree Far,Building Far,Open Field,North–South / Avenue-like,SEG_0044_Z02
SEG_0044_P007,SEG_0044,7 AVE,7,65.00000000000001,68.04661158794607,14.501726903367265,Tree Far,Building Far,Open Field,North–South / Avenue-like,SEG_0044_Z02
SEG_0044_P008,SEG_0044,7 AVE,8,75.00000000000001,77.01453150891832,15.36239449959508,Tree Far,Building Far,Open Field,North–South / Avenue-like,SEG_0044_Z02
SEG_0045_P001,SEG_0045,W 41 ST,1,5.0,101.86951057526397,12.946334171680805,Tree Far,Building Far,Open Field,East–West / Cross-street-like,SEG_0045_Z01
SEG_0045_P002,SEG_0045,W 41 ST,2,15.000000000000002,104.55222906963627,9.678222902509736,Tree Far,Building Near,Exposed Edge,East–West / Cross-street-like,SEG_0045_Z02
SEG_0045_P003,SEG_0045,W 41 ST,3,25.000000000000004,108.09690107499355,9.360127958502606,Tree Far,Building Near,Exposed Edge,East–West / Cross-street-like,SEG_0045_Z02
SEG_0045_P004,SEG_0045,W 41 ST,4,35.00000000000001,104.95523011359356,9.360026576407272,Tree Far,Building Near,Exposed Edge,East–West / Cross-street-like,SEG_0045_Z02
SEG_0045_P005,SEG_0045,W 41 ST,5,45.000000000000014,98.12185437116742,9.359948692896834,Tree Far,Building Near,Exposed Edge,East–West / Cross-street-like,SEG_0045_Z02
SEG_0045_P006,SEG_0045,W 41 ST,6,55.00000000000002,91.87054088376071,9.359872974117044,Tree Far,Building Near,Exposed Edge,East–West / Cross-street-like,SEG_0045_Z02
SEG_0045_P007,SEG_0045,W 41 ST,7,65.00000000000001,86.32783015521616,10.226880011873376,Tree Far,Building Near,Exposed Edge,East–West / Cross-street-like,SEG_0045_Z02
SEG_0045_P008,SEG_0045,W 41 ST,8,75.00000000000001,81.6381787912105,16.561730606518204,Tree Far,Building Far,Open Field,East–West / Cross-street-like,SEG_0045_Z03
SEG_0046_P001,SEG_0046,7 AVE,1,5.0,85.13066649820571,16.52839553689555,Tree Far,Building Far,Open Field,North–South / Avenue-like,SEG_0046_Z01
SEG_0046_P002,SEG_0046,7 AVE,2,15.000000000000002,94.5374564455528,16.052104340049787,Tree Far,Building Far,Open Field,North–South / Avenue-like,SEG_0046_Z01
SEG_0046_P003,SEG_0046,7 AVE,3,25.000000000000004,104.05494204486779,16.194660018319286,Tree Far,Building Far,Open Field,North–South / Avenue-like,SEG_0046_Z01
SEG_0046_P004,SEG_0046,7 AVE,4,35.00000000000001,113.65531776703949,16.337215696588792,Tree Far,Building Far,Open Field,North–South / Avenue-like,SEG_0046_Z01
SEG_0046_P005,SEG_0046,7 AVE,5,45.000000000000014,123.31922619564469,16.296463461013932,Tree Far,Building Far,Open Field,North–South / Avenue-like,SEG_0046_Z01
SEG_0046_P006,SEG_0046,7 AVE,6,55.00000000000002,133.0328224246121,16.14746120537778,Tree Far,Building Far,Open Field,North–South / Avenue-like,SEG_0046_Z01
SEG_0046_P007,SEG_0046,7 AVE,7,65.00000000000001,142.78596616973286,15.998489848219007,Tree Far,Building Far,Open Field,North–South / Avenue-like,SEG_0046_Z01
SEG_0046_P008,SEG_0046,7 AVE,8,75.00000000000001,152.5710733651428,17.460228785856664,Tree Far,Building Far,Open Field,North–South / Avenue-like,SEG_0046_Z01
SEG_0047_P001,SEG_0047,W 42 ST,1,5.0,177.96764627268965,18.01762859987639,Tree Far,Building Far,Open Field,East–West / Cross-street-like,SEG_0047_Z01
SEG_0047_P002,SEG_0047,W 42 ST,2,15.000000000000002,173.6806692335533,15.010096619115401,Tree Far,Building Far,Open Field,East–West / Cross-street-like,SEG_0047_Z01
SEG_0047_P003,SEG_0047,W 42 ST,3,25.000000000000004,169.87485573500578,14.48654067691713,Tree Far,Building Far,Open Field,East–West / Cross-street-like,SEG_0047_Z01
SEG_0047_P004,SEG_0047,W 42 ST,4,35.00000000000001,166.5831874967082,14.611561988924823,Tree Far,Building Far,Open Field,East–West / Cross-street-like,SEG_0047_Z01
SEG_0047_P005,SEG_0047,W 42 ST,5,45.000000000000014,163.8366567717623,16.12730505752413,Tree Far,Building Far,Open Field,East–West / Cross-street-like,SEG_0047_Z01
SEG_0048_P001,SEG_0048,7 AVE,1,5.0,167.05782301866319,17.16948598596867,Tree Far,Building Far,Open Field,North–South / Avenue-like,SEG_0048_Z01
SEG_0048_P002,SEG_0048,7 AVE,2,15.000000000000002,176.87672279518057,14.180692302836377,Tree Far,Building Far,Open Field,North–South / Avenue-like,SEG_0048_Z01
SEG_0048_P003,SEG_0048,7 AVE,3,25.000000000000004,186.71484649535324,14.284560851168118,Tree Far,Building Far,Open Field,North–South / Avenue-like,SEG_0048_Z01
SEG_0048_P004,SEG_0048,7 AVE,4,35.00000000000001,196.56930771819867,14.614988519147444,Tree Far,Building Far,Open Field,North–South / Avenue-like,SEG_0048_Z01
SEG_0048_P005,SEG_0048,7 AVE,5,45.000000000000014,206.43776682533593,15.304062143565599,Tree Far,Building Far,Open Field,North–South / Avenue-like,SEG_0048_Z01
SEG_0048_P006,SEG_0048,7 AVE,6,55.00000000000002,216.31830807136427,14.011068858840215,Tree Far,Building Far,Open Field,North–South / Avenue-like,SEG_0048_Z01
SEG_0048_P007,SEG_0048,7 AVE,7,65.00000000000001,226.20934826369756,12.244129174696702,Tree Far,Building Far,Open Field,North–South / Avenue-like,SEG_0048_Z01
SEG_0048_P008,SEG_0048,7 AVE,8,75.00000000000001,223.46808025157847,12.347976086733265,Tree Far,Building Far,Open Field,North–South / Avenue-like,SEG_0048_Z01
SEG_0048_P009,SEG_0048,7 AVE,9,85.00000000000001,219.97510470761435,15.130787783608014,Tree Far,Building Far,Open Field,North–South / Avenue-like,SEG_0048_Z01
SEG_0049_P001,SEG_0049,AVE OF THE AMERICAS,1,5.0,34.07043966882682,19.190154354908717,Tree Near,Building Far,Vegetated Buffer,North–South / Avenue-like,SEG_0049_Z01
SEG_0049_P002,SEG_0049,AVE OF THE AMERICAS,2,15.000000000000002,34.79263174950021,16.20564328276203,Tree Near,Building Far,Vegetated Buffer,North–South / Avenue-like,SEG_0049_Z01
SEG_0049_P003,SEG_0049,AVE OF THE AMERICAS,3,25.000000000000004,38.213343073927796,16.160088206172098,Tree Far,Building Far,Open Field,North–South / Avenue-like,SEG_0049_Z02
SEG_0049_P004,SEG_0049,AVE OF THE AMERICAS,4,35.00000000000001,43.703454711457944,16.115898404622147,Tree Far,Building Far,Open Field,North–South / Avenue-like,SEG_0049_Z02
SEG_0049_P005,SEG_0049,AVE OF THE AMERICAS,5,45.000000000000014,50.593718172772356,16.071793256922348,Tree Far,Building Far,Open Field,North–South / Avenue-like,SEG_0049_Z02
SEG_0049_P006,SEG_0049,AVE OF THE AMERICAS,6,55.00000000000002,42.0477108099809,17.36711250133916,Tree Far,Building Far,Open Field,North–South / Avenue-like,SEG_0049_Z02
SEG_0049_P007,SEG_0049,AVE OF THE AMERICAS,7,65.00000000000001,34.17320888937339,17.31994241053619,Tree Near,Building Far,Vegetated Buffer,North–South / Avenue-like,SEG_0049_Z03
SEG_0049_P008,SEG_0049,AVE OF THE AMERICAS,8,75.00000000000001,27.7057110941799,17.272772319764155,Tree Near,Building Far,Vegetated Buffer,North–South / Avenue-like,SEG_0049_Z03
SEG_0049_P009,SEG_0049,AVE OF THE AMERICAS,9,85.00000000000001,23.820257107586265,17.705347935402596,Tree Near,Building Far,Vegetated Buffer,North–South / Avenue-like,SEG_0049_Z03
SEG_0050_P001,SEG_0050,W 42 ST,1,5.0,39.695666511121765,19.01322673550198,Tree Far,Building Far,Open Field,East–West / Cross-street-like,SEG_0050_Z01
SEG_0050_P002,SEG_0050,W 42 ST,2,15.000000000000002,49.551795786437665,14.507621312952445,Tree Far,Building Far,Open Field,East–West / Cross-street-like,SEG_0050_Z01
SEG_0050_P003,SEG_0050,W 42 ST,3,25.000000000000004,59.45599205765142,14.320502879820271,Tree Far,Building Far,Open Field,East–West / Cross-street-like,SEG_0050_Z01
SEG_0050_P004,SEG_0050,W 42 ST,4,35.00000000000001,69.38767554442242,14.37316832212327,Tree Far,Building Far,Open Field,East–West / Cross-street-like,SEG_0050_Z01
SEG_0050_P005,SEG_0050,W 42 ST,5,45.000000000000014,79.33652401861227,14.425833764434003,Tree Far,Building Far,Open Field,East–West / Cross-street-like,SEG_0050_Z01
SEG_0050_P006,SEG_0050,W 42 ST,6,55.00000000000002,89.29680044245565,14.47849897058996,Tree Far,Building Far,Open Field,East–West / Cross-street-like,SEG_0050_Z01
SEG_0050_P007,SEG_0050,W 42 ST,7,65.00000000000001,93.00673751619023,14.53116304569848,Tree Far,Building Far,Open Field,East–West / Cross-street-like,SEG_0050_Z01
SEG_0050_P008,SEG_0050,W 42 ST,8,75.00000000000001,96.00984907200765,14.583827120799269,Tree Far,Building Far,Open Field,East–West / Cross-street-like,SEG_0050_Z01
SEG_0050_P009,SEG_0050,W 42 ST,9,85.00000000000001,99.92761887613312,14.636491195900055,Tree Far,Building Far,Open Field,East–West / Cross-street-like,SEG_0050_Z01
SEG_0050_P010,SEG_0050,W 42 ST,10,95.00000000000003,104.65737866810214,14.689155271008579,Tree Far,Building Far,Open Field,East–West / Cross-street-like,SEG_0050_Z01
SEG_0050_P011,SEG_0050,W 42 ST,11,105.00000000000003,110.09452668094877,14.741819346109363,Tree Far,Building Far,Open Field,East–West / Cross-street-like,SEG_0050_Z01
SEG_0050_P012,SEG_0050,W 42 ST,12,115.00000000000003,116.1397550390617,14.794486485645523,Tree Far,Building Far,Open Field,East–West / Cross-street-like,SEG_0050_Z01
SEG_0050_P013,SEG_0050,W 42 ST,13,125.00000000000003,122.70322162012643,14.84717695827025,Tree Far,Building Far,Open Field,East–West / Cross-street-like,SEG_0050_Z01
SEG_0050_P014,SEG_0050,W 42 ST,14,135.00000000000003,129.70627776395997,14.868592599893761,Tree Far,Building Far,Open Field,East–West / Cross-street-like,SEG_0050_Z01
SEG_0050_P015,SEG_0050,W 42 ST,15,145.00000000000003,137.08156837009696,14.976984886162514,Tree Far,Building Far,Open Field,East–West / Cross-street-like,SEG_0050_Z01
SEG_0050_P016,SEG_0050,W 42 ST,16,155.00000000000003,144.7722151596391,15.747996886690343,Tree Far,Building Far,Open Field,East–West / Cross-street-like,SEG_0050_Z01
SEG_0050_P017,SEG_0050,W 42 ST,17,165.00000000000003,152.73058690931137,15.75694104240031,Tree Far,Building Far,Open Field,East–West / Cross-street-like,SEG_0050_Z01
SEG_0050_P018,SEG_0050,W 42 ST,18,175.00000000000006,160.91696639287773,15.204918246388603,Tree Far,Building Far,Open Field,East–West / Cross-street-like,SEG_0050_Z01
SEG_0050_P019,SEG_0050,W 42 ST,19,185.00000000000006,169.2982810559808,15.163143142586085,Tree Far,Building Far,Open Field,East–West / Cross-street-like,SEG_0050_Z01
SEG_0050_P020,SEG_0050,W 42 ST,20,195.00000000000006,177.84697316494632,15.21587159227122,Tree Far,Building Far,Open Field,East–West / Cross-street-like,SEG_0050_Z01
SEG_0050_P021,SEG_0050,W 42 ST,21,205.00000000000006,185.8664890433983,16.045308035398588,Tree Far,Building Far,Open Field,East–West / Cross-street-like,SEG_0050_Z01
SEG_0050_P022,SEG_0050,W 42 ST,22,215.00000000000003,183.13146984808168,19.88760122959505,Tree Far,Building Far,Open Field,East–West / Cross-street-like,SEG_0050_Z01
SEG_0051_P001,SEG_0051,BROADWAY,1,5.0,105.84957601120381,16.201332517399265,Tree Far,Building Far,Open Field,North–South / Avenue-like,SEG_0051_Z01
SEG_0051_P002,SEG_0051,BROADWAY,2,15.000000000000002,115.80749230578088,15.851634669613565,Tree Far,Building Far,Open Field,North–South / Avenue-like,SEG_0051_Z01
SEG_0051_P003,SEG_0051,BROADWAY,3,25.000000000000004,125.77208675439634,15.68909769328307,Tree Far,Building Far,Open Field,North–South / Avenue-like,SEG_0051_Z01
SEG_0051_P004,SEG_0051,BROADWAY,4,35.00000000000001,135.74188866726925,15.526560716952568,Tree Far,Building Far,Open Field,North–South / Avenue-like,SEG_0051_Z01
SEG_0051_P005,SEG_0051,BROADWAY,5,45.000000000000014,145.71582917226002,15.364023740622075,Tree Far,Building Far,Open Field,North–South / Avenue-like,SEG_0051_Z01
SEG_0051_P006,SEG_0051,BROADWAY,6,55.00000000000002,155.6931128976527,15.201486764291577,Tree Far,Building Far,Open Field,North–South / Avenue-like,SEG_0051_Z01
SEG_0051_P007,SEG_0051,BROADWAY,7,65.00000000000001,164.44495246769367,15.038949787926637,Tree Far,Building Far,Open Field,North–South / Avenue-like,SEG_0051_Z01
SEG_0051_P008,SEG_0051,BROADWAY,8,75.00000000000001,171.07960833942317,14.891049688061395,Tree Far,Building Far,Open Field,North–South / Avenue-like,SEG_0051_Z01
SEG_0051_P009,SEG_0051,BROADWAY,9,85.00000000000001,178.02899310797343,18.168853516549305,Tree Far,Building Far,Open Field,North–South / Avenue-like,SEG_0051_Z01
SEG_0052_P001,SEG_0052,AVE OF THE AMERICAS,1,5.0,23.297247181256758,15.174151382472088,Tree Near,Building Far,Vegetated Buffer,North–South / Avenue-like,SEG_0052_Z01
SEG_0052_P002,SEG_0052,AVE OF THE AMERICAS,2,15.000000000000002,25.617088977994978,14.531313321949455,Tree Near,Building Far,Vegetated Buffer,North–South / Avenue-like,SEG_0052_Z01
SEG_0052_P003,SEG_0052,AVE OF THE AMERICAS,3,25.000000000000004,31.140147224901412,14.592744097906213,Tree Near,Building Far,Vegetated Buffer,North–South / Avenue-like,SEG_0052_Z01
SEG_0052_P004,SEG_0052,AVE OF THE AMERICAS,4,35.00000000000001,38.51210576780561,16.185130105763484,Tree Far,Building Far,Open Field,North–South / Avenue-like,SEG_0052_Z02
SEG_0052_P005,SEG_0052,AVE OF THE AMERICAS,5,45.000000000000014,35.85560799308656,16.152795328546755,Tree Far,Building Far,Open Field,North–South / Avenue-like,SEG_0052_Z02
SEG_0052_P006,SEG_0052,AVE OF THE AMERICAS,6,55.00000000000002,29.09210511764589,14.711927213850682,Tree Near,Building Far,Vegetated Buffer,North–South / Avenue-like,SEG_0052_Z03
SEG_0052_P007,SEG_0052,AVE OF THE AMERICAS,7,65.00000000000001,24.638923186667697,14.773305245313265,Tree Near,Building Far,Vegetated Buffer,North–South / Avenue-like,SEG_0052_Z03
SEG_0052_P008,SEG_0052,AVE OF THE AMERICAS,8,75.00000000000001,23.828606577409243,15.652306083608165,Tree Near,Building Far,Vegetated Buffer,North–South / Avenue-like,SEG_0052_Z03
SEG_0053_P001,SEG_0053,W 43 ST,1,5.0,18.794903546438263,13.42739581777339,Tree Near,Building Far,Vegetated Buffer,East–West / Cross-street-like,SEG_0053_Z01
SEG_0053_P002,SEG_0053,W 43 ST,2,15.000000000000002,9.364575110087562,9.511239395880885,Tree Near,Building Near,Screened Edge,East–West / Cross-street-like,SEG_0053_Z02
SEG_0053_P003,SEG_0053,W 43 ST,3,25.000000000000004,4.705542972391703,9.478915451095423,Tree Near,Building Near,Screened Edge,East–West / Cross-street-like,SEG_0053_Z02
SEG_0053_P004,SEG_0053,W 43 ST,4,35.00000000000001,7.984139074149453,9.446523075230742,Tree Near,Building Near,Screened Edge,East–West / Cross-street-like,SEG_0053_Z02
SEG_0053_P005,SEG_0053,W 43 ST,5,45.000000000000014,5.530971197125575,9.41413069936606,Tree Near,Building Near,Screened Edge,East–West / Cross-street-like,SEG_0053_Z02
SEG_0053_P006,SEG_0053,W 43 ST,6,55.00000000000002,14.051220872632559,9.969818152761803,Tree Near,Building Near,Screened Edge,East–West / Cross-street-like,SEG_0053_Z02
SEG_0053_P007,SEG_0053,W 43 ST,7,65.00000000000001,23.754620048310112,9.830900933594696,Tree Near,Building Near,Screened Edge,East–West / Cross-street-like,SEG_0053_Z02
SEG_0053_P008,SEG_0053,W 43 ST,8,75.00000000000001,33.632233634827884,9.447809646455559,Tree Near,Building Near,Screened Edge,East–West / Cross-street-like,SEG_0053_Z02
SEG_0053_P009,SEG_0053,W 43 ST,9,85.00000000000001,43.5657239684562,9.409033438182716,Tree Far,Building Near,Exposed Edge,East–West / Cross-street-like,SEG_0053_Z03
SEG_0053_P010,SEG_0053,W 43 ST,10,95.00000000000003,53.52398967307827,9.370219360996158,Tree Far,Building Near,Exposed Edge,East–West / Cross-street-like,SEG_0053_Z03
SEG_0053_P011,SEG_0053,W 43 ST,11,105.00000000000003,63.49537491937392,9.331388797125165,Tree Far,Building Near,Exposed Edge,East–West / Cross-street-like,SEG_0053_Z03
SEG_0053_P012,SEG_0053,W 43 ST,12,115.00000000000003,73.4745384591109,9.292575223651966,Tree Far,Building Near,Exposed Edge,East–West / Cross-street-like,SEG_0053_Z03
SEG_0053_P013,SEG_0053,W 43 ST,13,125.00000000000003,83.45869018506912,9.253755104735932,Tree Far,Building Near,Exposed Edge,East–West / Cross-street-like,SEG_0053_Z03
SEG_0053_P014,SEG_0053,W 43 ST,14,135.00000000000003,93.44623124040548,9.214965808818103,Tree Far,Building Near,Exposed Edge,East–West / Cross-street-like,SEG_0053_Z03
SEG_0053_P015,SEG_0053,W 43 ST,15,145.00000000000003,103.43617983405669,9.176201731694546,Tree Far,Building Near,Exposed Edge,East–West / Cross-street-like,SEG_0053_Z03
SEG_0053_P016,SEG_0053,W 43 ST,16,155.00000000000003,113.4278998496018,9.137437654570991,Tree Far,Building Near,Exposed Edge,East–West / Cross-street-like,SEG_0053_Z03
SEG_0053_P017,SEG_0053,W 43 ST,17,165.00000000000003,122.53598631310084,9.431556176078455,Tree Far,Building Near,Exposed Edge,East–West / Cross-street-like,SEG_0053_Z03
SEG_0053_P018,SEG_0053,W 43 ST,18,175.00000000000006,130.75812145075983,9.059463195860095,Tree Far,Building Near,Exposed Edge,East–West / Cross-street-like,SEG_0053_Z03
SEG_0053_P019,SEG_0053,W 43 ST,19,185.00000000000006,139.21316284367248,9.014374951357114,Tree Far,Building Near,Exposed Edge,East–West / Cross-street-like,SEG_0053_Z03
SEG_0053_P020,SEG_0053,W 43 ST,20,195.00000000000006,147.8611615419887,9.247139092509862,Tree Far,Building Near,Exposed Edge,East–West / Cross-street-like,SEG_0053_Z03
SEG_0053_P021,SEG_0053,W 43 ST,21,205.00000000000006,156.67016779257403,9.663045906075508,Tree Far,Building Near,Exposed Edge,East–West / Cross-street-like,SEG_0053_Z03
SEG_0053_P022,SEG_0053,W 43 ST,22,215.00000000000003,165.6144916961084,9.722947608285262,Tree Far,Building Near,Exposed Edge,East–West / Cross-street-like,SEG_0053_Z03
SEG_0053_P023,SEG_0053,W 43 ST,23,225.00000000000003,174.67334726101598,12.752924495227331,Tree Far,Building Far,Open Field,East–West / Cross-street-like,SEG_0053_Z04
SEG_0053_P024,SEG_0053,W 43 ST,24,235.00000000000006,183.82980342418531,19.24220542379757,Tree Far,Building Far,Open Field,East–West / Cross-street-like,SEG_0053_Z04
SEG_0054_P001,SEG_0054,BROADWAY,1,5.0,184.11948696617213,20.317555535822503,Tree Far,Building Far,Open Field,North–South / Avenue-like,SEG_0054_Z01
SEG_0054_P002,SEG_0054,BROADWAY,2,15.000000000000002,191.95697941977298,16.04430252392534,Tree Far,Building Far,Open Field,North–South / Avenue-like,SEG_0054_Z01
SEG_0054_P003,SEG_0054,BROADWAY,3,25.000000000000004,195.92374024712925,14.800866517760275,Tree Far,Building Far,Open Field,North–South / Avenue-like,SEG_0054_Z01
SEG_0054_P004,SEG_0054,BROADWAY,4,35.00000000000001,194.91457612669623,14.1738938273178,Tree Far,Building Far,Open Field,North–South / Avenue-like,SEG_0054_Z01
SEG_0054_P005,SEG_0054,BROADWAY,5,45.000000000000014,194.41520511748973,13.546949800293234,Tree Far,Building Far,Open Field,North–South / Avenue-like,SEG_0054_Z01
SEG_0054_P006,SEG_0054,BROADWAY,6,55.00000000000002,194.4295553024302,12.920005773266649,Tree Far,Building Far,Open Field,North–South / Avenue-like,SEG_0054_Z01
SEG_0054_P007,SEG_0054,BROADWAY,7,65.00000000000001,193.27234662125738,12.458909918123465,Tree Far,Building Far,Open Field,North–South / Avenue-like,SEG_0054_Z01
SEG_0054_P008,SEG_0054,BROADWAY,8,75.00000000000001,190.6187612486671,15.156950430630001,Tree Far,Building Far,Open Field,North–South / Avenue-like,SEG_0054_Z01
SEG_0054_P009,SEG_0054,BROADWAY,9,85.00000000000001,188.45907861244518,14.996823558212348,Tree Far,Building Far,Open Field,North–South / Avenue-like,SEG_0054_Z01
SEG_0055_P001,SEG_0055,AVE OF THE AMERICAS,1,5.0,25.848013820371982,16.75943245190622,Tree Near,Building Far,Vegetated Buffer,North–South / Avenue-like,SEG_0055_Z01
SEG_0055_P002,SEG_0055,AVE OF THE AMERICAS,2,15.000000000000002,27.849980974471027,16.173289204017053,Tree Near,Building Far,Vegetated Buffer,North–South / Avenue-like,SEG_0055_Z01
SEG_0055_P003,SEG_0055,AVE OF THE AMERICAS,3,25.000000000000004,32.910835025847305,16.200050957059133,Tree Near,Building Far,Vegetated Buffer,North–South / Avenue-like,SEG_0055_Z01
SEG_0055_P004,SEG_0055,AVE OF THE AMERICAS,4,35.00000000000001,39.88263637124861,16.22551958821522,Tree Far,Building Far,Open Field,North–South / Avenue-like,SEG_0055_Z02
SEG_0055_P005,SEG_0055,AVE OF THE AMERICAS,5,45.000000000000014,47.938776640018894,16.248543868534284,Tree Far,Building Far,Open Field,North–South / Avenue-like,SEG_0055_Z02
SEG_0055_P006,SEG_0055,AVE OF THE AMERICAS,6,55.00000000000002,56.61826496424965,16.271580157972245,Tree Far,Building Far,Open Field,North–South / Avenue-like,SEG_0055_Z02
SEG_0055_P007,SEG_0055,AVE OF THE AMERICAS,7,65.00000000000001,65.67442081496873,16.294638592088933,Tree Far,Building Far,Open Field,North–South / Avenue-like,SEG_0055_Z02
SEG_0055_P008,SEG_0055,AVE OF THE AMERICAS,8,75.00000000000001,74.97086881717296,16.887393131101064,Tree Far,Building Far,Open Field,North–South / Avenue-like,SEG_0055_Z02
SEG_0056_P001,SEG_0056,W 43 ST,1,5.0,192.65725984576264,12.09107062059122,Tree Far,Building Far,Open Field,East–West / Cross-street-like,SEG_0056_Z01
SEG_0056_P002,SEG_0056,W 43 ST,2,15.000000000000002,201.95251193971674,9.27499616014206,Tree Far,Building Near,Exposed Edge,East–West / Cross-street-like,SEG_0056_Z02
SEG_0056_P003,SEG_0056,W 43 ST,3,25.000000000000004,211.31212550690196,9.836667893727746,Tree Far,Building Near,Exposed Edge,East–West / Cross-street-like,SEG_0056_Z02
SEG_0057_P001,SEG_0057,PARK AVE,1,5.0,7.195927276083591,13.32586890178292,Tree Near,Building Far,Vegetated Buffer,North–South / Avenue-like,SEG_0057_Z01
SEG_0057_P002,SEG_0057,PARK AVE,2,15.000000000000002,6.228616179379036,12.592766479524968,Tree Near,Building Far,Vegetated Buffer,North–South / Avenue-like,SEG_0057_Z01
SEG_0057_P003,SEG_0057,PARK AVE,3,25.000000000000004,6.84519423812693,12.593574524979164,Tree Near,Building Far,Vegetated Buffer,North–South / Avenue-like,SEG_0057_Z01
SEG_0057_P004,SEG_0057,PARK AVE,4,35.00000000000001,7.8966786850315325,12.594283897241533,Tree Near,Building Far,Vegetated Buffer,North–South / Avenue-like,SEG_0057_Z01
SEG_0057_P005,SEG_0057,PARK AVE,5,45.000000000000014,7.059756229008189,12.59504582625091,Tree Near,Building Far,Vegetated Buffer,North–South / Avenue-like,SEG_0057_Z01
SEG_0057_P006,SEG_0057,PARK AVE,6,55.00000000000002,7.70391884962737,12.5959204169967,Tree Near,Building Far,Vegetated Buffer,North–South / Avenue-like,SEG_0057_Z01
SEG_0057_P007,SEG_0057,PARK AVE,7,65.00000000000001,5.562810131944899,12.59668140561481,Tree Near,Building Far,Vegetated Buffer,North–South / Avenue-like,SEG_0057_Z01
SEG_0057_P008,SEG_0057,PARK AVE,8,75.00000000000001,12.407136792317768,13.853815319524417,Tree Near,Building Far,Vegetated Buffer,North–South / Avenue-like,SEG_0057_Z01
SEG_0058_P001,SEG_0058,E 37 ST,1,5.0,20.359128657445954,10.67956766434005,Tree Near,Building Near,Screened Edge,East–West / Cross-street-like,SEG_0058_Z01
SEG_0058_P002,SEG_0058,E 37 ST,2,15.000000000000002,20.96681485850328,8.218707244389329,Tree Near,Building Near,Screened Edge,East–West / Cross-street-like,SEG_0058_Z01
SEG_0058_P003,SEG_0058,E 37 ST,3,25.000000000000004,25.782174674193637,9.548548855666649,Tree Near,Building Near,Screened Edge,East–West / Cross-street-like,SEG_0058_Z01
SEG_0058_P004,SEG_0058,E 37 ST,4,35.00000000000001,31.58516431781303,8.193195784253327,Tree Near,Building Near,Screened Edge,East–West / Cross-street-like,SEG_0058_Z01
SEG_0058_P005,SEG_0058,E 37 ST,5,45.000000000000014,21.689066867317976,10.115859873645672,Tree Near,Building Near,Screened Edge,East–West / Cross-street-like,SEG_0058_Z01
SEG_0058_P006,SEG_0058,E 37 ST,6,55.00000000000002,11.966981163412017,10.614397376026233,Tree Near,Building Near,Screened Edge,East–West / Cross-street-like,SEG_0058_Z01
SEG_0058_P007,SEG_0058,E 37 ST,7,65.00000000000001,4.000206839264066,10.643830368746833,Tree Near,Building Near,Screened Edge,East–West / Cross-street-like,SEG_0058_Z01
SEG_0058_P008,SEG_0058,E 37 ST,8,75.00000000000001,4.137945234116305,10.673378162988772,Tree Near,Building Near,Screened Edge,East–West / Cross-street-like,SEG_0058_Z01
SEG_0058_P009,SEG_0058,E 37 ST,9,85.00000000000001,3.8886950311388206,10.702838794299527,Tree Near,Building Near,Screened Edge,East–West / Cross-street-like,SEG_0058_Z01
SEG_0058_P010,SEG_0058,E 37 ST,10,95.00000000000003,3.8820586369049193,10.92169175648446,Tree Near,Building Near,Screened Edge,East–West / Cross-street-like,SEG_0058_Z01
SEG_0058_P011,SEG_0058,E 37 ST,11,105.00000000000003,4.053133361765764,10.951230074246187,Tree Near,Building Near,Screened Edge,East–West / Cross-street-like,SEG_0058_Z01
SEG_0058_P012,SEG_0058,E 37 ST,12,115.00000000000003,4.759731254003436,9.2656243300633,Tree Near,Building Near,Screened Edge,East–West / Cross-street-like,SEG_0058_Z01
SEG_0058_P013,SEG_0058,E 37 ST,13,125.00000000000003,3.949605873997673,9.295141683648193,Tree Near,Building Near,Screened Edge,East–West / Cross-street-like,SEG_0058_Z01
SEG_0058_P014,SEG_0058,E 37 ST,14,135.00000000000003,9.823968860069831,9.325668856662967,Tree Near,Building Near,Screened Edge,East–West / Cross-street-like,SEG_0058_Z01
SEG_0058_P015,SEG_0058,E 37 ST,15,145.00000000000003,10.221389013101685,13.793595163183193,Tree Near,Building Far,Vegetated Buffer,East–West / Cross-street-like,SEG_0058_Z02
SEG_0059_P001,SEG_0059,MADISON AVE,1,5.0,12.717001535726242,19.71908017846899,Tree Near,Building Far,Vegetated Buffer,North–South / Avenue-like,SEG_0059_Z01
SEG_0059_P002,SEG_0059,MADISON AVE,2,15.000000000000002,8.463013195767704,13.602073641828778,Tree Near,Building Far,Vegetated Buffer,North–South / Avenue-like,SEG_0059_Z01
SEG_0059_P003,SEG_0059,MADISON AVE,3,25.000000000000004,7.288872321358923,12.581730746908658,Tree Near,Building Far,Vegetated Buffer,North–South / Avenue-like,SEG_0059_Z01
SEG_0059_P004,SEG_0059,MADISON AVE,4,35.00000000000001,6.662866931479913,12.601041282284173,Tree Near,Building Far,Vegetated Buffer,North–South / Avenue-like,SEG_0059_Z01
SEG_0059_P005,SEG_0059,MADISON AVE,5,45.000000000000014,6.692034827703136,12.620351817690736,Tree Near,Building Far,Vegetated Buffer,North–South / Avenue-like,SEG_0059_Z01
SEG_0059_P006,SEG_0059,MADISON AVE,6,55.00000000000002,7.342365605862133,12.639648492583003,Tree Near,Building Far,Vegetated Buffer,North–South / Avenue-like,SEG_0059_Z01
SEG_0059_P007,SEG_0059,MADISON AVE,7,65.00000000000001,8.941902375471496,12.658931138599304,Tree Near,Building Far,Vegetated Buffer,North–South / Avenue-like,SEG_0059_Z01
SEG_0059_P008,SEG_0059,MADISON AVE,8,75.00000000000001,17.348153911343424,14.081248280026985,Tree Near,Building Far,Vegetated Buffer,North–South / Avenue-like,SEG_0059_Z01
SEG_0060_P001,SEG_0060,E 38 ST,1,4.514667852516831,15.321254841457847,19.24199769948697,Tree Near,Building Far,Vegetated Buffer,East–West / Cross-street-like,SEG_0060_Z01
SEG_0061_P001,SEG_0061,E 38 ST,1,5.0,20.118470935765636,11.185128235454362,Tree Near,Building Near,Screened Edge,East–West / Cross-street-like,SEG_0061_Z01
SEG_0061_P002,SEG_0061,E 38 ST,2,15.000000000000002,11.482746978089775,8.989684848741694,Tree Near,Building Near,Screened Edge,East–West / Cross-street-like,SEG_0061_Z01
SEG_0061_P003,SEG_0061,E 38 ST,3,25.000000000000004,7.678156258675472,8.989267496402203,Tree Near,Building Near,Screened Edge,East–West / Cross-street-like,SEG_0061_Z01
SEG_0061_P004,SEG_0061,E 38 ST,4,35.00000000000001,7.869921144319649,8.988850144062713,Tree Near,Building Near,Screened Edge,East–West / Cross-street-like,SEG_0061_Z01
SEG_0061_P005,SEG_0061,E 38 ST,5,45.000000000000014,8.508897773336553,8.988430592600247,Tree Near,Building Near,Screened Edge,East–West / Cross-street-like,SEG_0061_Z01
SEG_0061_P006,SEG_0061,E 38 ST,6,55.00000000000002,4.8774329571474535,10.18204166810456,Tree Near,Building Near,Screened Edge,East–West / Cross-street-like,SEG_0061_Z01
SEG_0061_P007,SEG_0061,E 38 ST,7,65.00000000000001,4.146889090190729,9.47923768977237,Tree Near,Building Near,Screened Edge,East–West / Cross-street-like,SEG_0061_Z01
SEG_0061_P008,SEG_0061,E 38 ST,8,75.00000000000001,9.062806552819708,10.047535521056991,Tree Near,Building Near,Screened Edge,East–West / Cross-street-like,SEG_0061_Z01
SEG_0061_P009,SEG_0061,E 38 ST,9,85.00000000000001,6.984903114997311,10.081845217646373,Tree Near,Building Near,Screened Edge,East–West / Cross-street-like,SEG_0061_Z01
SEG_0061_P010,SEG_0061,E 38 ST,10,95.00000000000003,5.977884152246853,10.081358352090433,Tree Near,Building Near,Screened Edge,East–West / Cross-street-like,SEG_0061_Z01
SEG_0061_P011,SEG_0061,E 38 ST,11,105.00000000000003,4.51421692768052,10.080866005192961,Tree Near,Building Near,Screened Edge,East–West / Cross-street-like,SEG_0061_Z01
SEG_0061_P012,SEG_0061,E 38 ST,12,115.00000000000003,5.7072821673579,9.139994587165313,Tree Near,Building Near,Screened Edge,East–West / Cross-street-like,SEG_0061_Z01
SEG_0061_P013,SEG_0061,E 38 ST,13,125.00000000000003,7.252075080477353,9.26546776596709,Tree Near,Building Near,Screened Edge,East–West / Cross-street-like,SEG_0061_Z01
SEG_0061_P014,SEG_0061,E 38 ST,14,135.00000000000003,4.597337044222491,9.276932357501734,Tree Near,Building Near,Screened Edge,East–West / Cross-street-like,SEG_0061_Z01
SEG_0061_P015,SEG_0061,E 38 ST,15,145.00000000000003,12.821737761639548,13.80779769896732,Tree Near,Building Far,Vegetated Buffer,East–West / Cross-street-like,SEG_0061_Z02
SEG_0062_P001,SEG_0062,MADISON AVE,1,5.0,19.354464273569914,11.836398940072009,Tree Near,Building Far,Vegetated Buffer,North–South / Avenue-like,SEG_0062_Z01
SEG_0062_P002,SEG_0062,MADISON AVE,2,15.000000000000002,10.524341568383665,11.01569095495794,Tree Near,Building Near,Screened Edge,North–South / Avenue-like,SEG_0062_Z02
SEG_0062_P003,SEG_0062,MADISON AVE,3,25.000000000000004,6.8160290092141675,11.002127332897986,Tree Near,Building Near,Screened Edge,North–South / Avenue-like,SEG_0062_Z02
SEG_0062_P004,SEG_0062,MADISON AVE,4,35.00000000000001,8.762221730661823,11.449078215208889,Tree Near,Building Near,Screened Edge,North–South / Avenue-like,SEG_0062_Z02
SEG_0062_P005,SEG_0062,MADISON AVE,5,45.000000000000014,7.251785894989652,11.46521454019708,Tree Near,Building Far,Vegetated Buffer,North–South / Avenue-like,SEG_0062_Z03
SEG_0062_P006,SEG_0062,MADISON AVE,6,55.00000000000002,9.721768143115769,11.481350803680941,Tree Near,Building Far,Vegetated Buffer,North–South / Avenue-like,SEG_0062_Z03
SEG_0062_P007,SEG_0062,MADISON AVE,7,65.00000000000001,18.342223229196104,11.497487067138062,Tree Near,Building Far,Vegetated Buffer,North–South / Avenue-like,SEG_0062_Z03
SEG_0062_P008,SEG_0062,MADISON AVE,8,75.00000000000001,24.077975541232277,13.081204667519868,Tree Near,Building Far,Vegetated Buffer,North–South / Avenue-like,SEG_0062_Z03
SEG_0063_P001,SEG_0063,E 37 ST,1,5.0,22.056485557480126,11.634938053298885,Tree Near,Building Far,Vegetated Buffer,East–West / Cross-street-like,SEG_0063_Z01
SEG_0063_P002,SEG_0063,E 37 ST,2,15.000000000000002,14.087628191109866,7.856605742007685,Tree Near,Building Near,Screened Edge,East–West / Cross-street-like,SEG_0063_Z02
SEG_0063_P003,SEG_0063,E 37 ST,3,25.000000000000004,5.679401127449215,7.85380567102895,Tree Near,Building Near,Screened Edge,East–West / Cross-street-like,SEG_0063_Z02
SEG_0063_P004,SEG_0063,E 37 ST,4,35.00000000000001,8.12711057397536,7.851005600042453,Tree Near,Building Near,Screened Edge,East–West / Cross-street-like,SEG_0063_Z02
SEG_0063_P005,SEG_0063,E 37 ST,5,45.000000000000014,4.601931118471324,7.848199813263467,Tree Near,Building Near,Screened Edge,East–West / Cross-street-like,SEG_0063_Z02
SEG_0063_P006,SEG_0063,E 37 ST,6,55.00000000000002,11.050912663671715,7.845352379899864,Tree Near,Building Near,Screened Edge,East–West / Cross-street-like,SEG_0063_Z02
SEG_0063_P007,SEG_0063,E 37 ST,7,65.00000000000001,20.568606452078296,8.677276834764003,Tree Near,Building Near,Screened Edge,East–West / Cross-street-like,SEG_0063_Z02
SEG_0063_P008,SEG_0063,E 37 ST,8,75.00000000000001,23.060352722757745,9.07486641797487,Tree Near,Building Near,Screened Edge,East–West / Cross-street-like,SEG_0063_Z02
SEG_0063_P009,SEG_0063,E 37 ST,9,85.00000000000001,14.100786842007727,9.069163291730815,Tree Near,Building Near,Screened Edge,East–West / Cross-street-like,SEG_0063_Z02
SEG_0063_P010,SEG_0063,E 37 ST,10,95.00000000000003,8.116927462364625,9.063513852276408,Tree Near,Building Near,Screened Edge,East–West / Cross-street-like,SEG_0063_Z02
SEG_0063_P011,SEG_0063,E 37 ST,11,105.00000000000003,11.529823645448147,9.05786265824854,Tree Near,Building Near,Screened Edge,East–West / Cross-street-like,SEG_0063_Z02
SEG_0063_P012,SEG_0063,E 37 ST,12,115.00000000000003,19.999728877171023,9.052196028107806,Tree Near,Building Near,Screened Edge,East–West / Cross-street-like,SEG_0063_Z02
SEG_0063_P013,SEG_0063,E 37 ST,13,125.00000000000003,11.899195148767157,9.046529397959315,Tree Near,Building Near,Screened Edge,East–West / Cross-street-like,SEG_0063_Z02
SEG_0063_P014,SEG_0063,E 37 ST,14,135.00000000000003,7.981723272421083,9.040862767793627,Tree Near,Building Near,Screened Edge,East–West / Cross-street-like,SEG_0063_Z02
SEG_0063_P015,SEG_0063,E 37 ST,15,145.00000000000003,13.631763187729232,9.235429336372636,Tree Near,Building Near,Screened Edge,East–West / Cross-street-like,SEG_0063_Z02
SEG_0064_P001,SEG_0064,ALLEY,1,5.0,10.105114520476551,5.148572137477217,Tree Near,Building Near,Screened Edge,North–South / Avenue-like,SEG_0064_Z01
SEG_0064_P002,SEG_0064,ALLEY,2,15.000000000000002,17.728200014194883,2.5629707174041076,Tree Near,Building Near,Screened Edge,North–South / Avenue-like,SEG_0064_Z01
SEG_0064_P003,SEG_0064,ALLEY,3,25.000000000000004,24.09991331977776,2.598701465838153,Tree Near,Building Near,Screened Edge,North–South / Avenue-like,SEG_0064_Z01
SEG_0064_P004,SEG_0064,ALLEY,4,35.00000000000001,32.362363453547324,2.634432214236864,Tree Near,Building Near,Screened Edge,North–South / Avenue-like,SEG_0064_Z01
SEG_0064_P005,SEG_0064,ALLEY,5,45.000000000000014,30.631961115196894,3.6612076207397526,Tree Near,Building Near,Screened Edge,North–South / Avenue-like,SEG_0064_Z01
SEG_0064_P006,SEG_0064,ALLEY,6,55.00000000000002,21.09864426469288,3.6738193741087706,Tree Near,Building Near,Screened Edge,North–South / Avenue-like,SEG_0064_Z01
SEG_0064_P007,SEG_0064,ALLEY,7,65.00000000000001,12.328363145725302,3.6864311274467556,Tree Near,Building Near,Screened Edge,North–South / Avenue-like,SEG_0064_Z01
SEG_0064_P008,SEG_0064,ALLEY,8,75.00000000000001,7.688230736478647,6.632545805248097,Tree Near,Building Near,Screened Edge,North–South / Avenue-like,SEG_0064_Z01
SEG_0065_P001,SEG_0065,E 39 ST,1,5.0,12.147112920218788,11.26755307195983,Tree Near,Building Near,Screened Edge,East–West / Cross-street-like,SEG_0065_Z01
SEG_0065_P002,SEG_0065,E 39 ST,2,15.000000000000002,4.146342364082987,9.049376538531506,Tree Near,Building Near,Screened Edge,East–West / Cross-street-like,SEG_0065_Z01
SEG_0065_P003,SEG_0065,E 39 ST,3,25.000000000000004,6.697896004929124,9.109411083828373,Tree Near,Building Near,Screened Edge,East–West / Cross-street-like,SEG_0065_Z01
SEG_0065_P004,SEG_0065,E 39 ST,4,35.00000000000001,5.685231667386949,9.169445629108145,Tree Near,Building Near,Screened Edge,East–West / Cross-street-like,SEG_0065_Z01
SEG_0065_P005,SEG_0065,E 39 ST,5,45.000000000000014,7.045545752333489,9.585120663020192,Tree Near,Building Near,Screened Edge,East–West / Cross-street-like,SEG_0065_Z01
SEG_0065_P006,SEG_0065,E 39 ST,6,55.00000000000002,8.013482472818946,10.641298024104769,Tree Near,Building Near,Screened Edge,East–West / Cross-street-like,SEG_0065_Z01
SEG_0065_P007,SEG_0065,E 39 ST,7,65.00000000000001,6.67951905153452,10.465913853521696,Tree Near,Building Near,Screened Edge,East–West / Cross-street-like,SEG_0065_Z01
SEG_0065_P008,SEG_0065,E 39 ST,8,75.00000000000001,8.509833699560463,9.421344828268746,Tree Near,Building Near,Screened Edge,East–West / Cross-street-like,SEG_0065_Z01
SEG_0065_P009,SEG_0065,E 39 ST,9,85.00000000000001,7.919697993225831,9.481242846067303,Tree Near,Building Near,Screened Edge,East–West / Cross-street-like,SEG_0065_Z01
SEG_0065_P010,SEG_0065,E 39 ST,10,95.00000000000003,11.852112850410824,9.541140863865856,Tree Near,Building Near,Screened Edge,East–West / Cross-street-like,SEG_0065_Z01
SEG_0065_P011,SEG_0065,E 39 ST,11,105.00000000000003,6.423030616375673,9.601038881681507,Tree Near,Building Near,Screened Edge,East–West / Cross-street-like,SEG_0065_Z01
SEG_0065_P012,SEG_0065,E 39 ST,12,115.00000000000003,7.421378707689379,9.660950660193667,Tree Near,Building Near,Screened Edge,East–West / Cross-street-like,SEG_0065_Z01
SEG_0065_P013,SEG_0065,E 39 ST,13,125.00000000000003,8.894393578896912,9.413719631166819,Tree Near,Building Near,Screened Edge,East–West / Cross-street-like,SEG_0065_Z01
SEG_0065_P014,SEG_0065,E 39 ST,14,135.00000000000003,13.300729517835032,9.769327493676736,Tree Near,Building Near,Screened Edge,East–West / Cross-street-like,SEG_0065_Z01
SEG_0065_P015,SEG_0065,E 39 ST,15,145.00000000000003,11.301945179842567,14.051101685800198,Tree Near,Building Far,Vegetated Buffer,East–West / Cross-street-like,SEG_0065_Z02
SEG_0066_P001,SEG_0066,MADISON AVE,1,5.0,26.7795723767711,12.548615601200114,Tree Near,Building Far,Vegetated Buffer,North–South / Avenue-like,SEG_0066_Z01
SEG_0066_P002,SEG_0066,MADISON AVE,2,15.000000000000002,32.69604486529456,11.729121952220929,Tree Near,Building Far,Vegetated Buffer,North–South / Avenue-like,SEG_0066_Z01
SEG_0066_P003,SEG_0066,MADISON AVE,3,25.000000000000004,40.260616028369256,11.717579334785778,Tree Far,Building Far,Open Field,North–South / Avenue-like,SEG_0066_Z02
SEG_0066_P004,SEG_0066,MADISON AVE,4,35.00000000000001,44.57639453400368,11.706043471934988,Tree Far,Building Far,Open Field,North–South / Avenue-like,SEG_0066_Z02
SEG_0066_P005,SEG_0066,MADISON AVE,5,45.000000000000014,36.693862685748186,11.694509693069472,Tree Far,Building Far,Open Field,North–South / Avenue-like,SEG_0066_Z02
SEG_0066_P006,SEG_0066,MADISON AVE,6,55.00000000000002,30.096912930606962,11.68297591417287,Tree Near,Building Far,Vegetated Buffer,North–South / Avenue-like,SEG_0066_Z03
SEG_0066_P007,SEG_0066,MADISON AVE,7,65.00000000000001,24.18355128539169,11.671442135276271,Tree Near,Building Far,Vegetated Buffer,North–South / Avenue-like,SEG_0066_Z03
SEG_0066_P008,SEG_0066,MADISON AVE,8,75.00000000000001,18.222001306325737,12.925527444401899,Tree Near,Building Far,Vegetated Buffer,North–South / Avenue-like,SEG_0066_Z03
SEG_0067_P001,SEG_0067,E 38 ST,1,4.996824471168222,15.285815662681932,18.713110407035984,Tree Near,Building Far,Vegetated Buffer,East–West / Cross-street-like,SEG_0067_Z01
SEG_0068_P001,SEG_0068,PARK AVE,1,5.0,9.376587579038738,12.108408359971104,Tree Near,Building Far,Vegetated Buffer,North–South / Avenue-like,SEG_0068_Z01
SEG_0068_P002,SEG_0068,PARK AVE,2,15.000000000000002,7.022764177718743,11.456942711316952,Tree Near,Building Far,Vegetated Buffer,North–South / Avenue-like,SEG_0068_Z01
SEG_0068_P003,SEG_0068,PARK AVE,3,25.000000000000004,7.073862709530031,11.444642715678214,Tree Near,Building Near,Screened Edge,North–South / Avenue-like,SEG_0068_Z02
SEG_0068_P004,SEG_0068,PARK AVE,4,35.00000000000001,7.267503878163295,11.638101079806143,Tree Near,Building Far,Vegetated Buffer,North–South / Avenue-like,SEG_0068_Z03
SEG_0068_P005,SEG_0068,PARK AVE,5,45.000000000000014,6.671236773457639,10.924335324679602,Tree Near,Building Near,Screened Edge,North–South / Avenue-like,SEG_0068_Z04
SEG_0068_P006,SEG_0068,PARK AVE,6,55.00000000000002,7.102467789061712,10.771670215179219,Tree Near,Building Near,Screened Edge,North–South / Avenue-like,SEG_0068_Z04
SEG_0068_P007,SEG_0068,PARK AVE,7,65.00000000000001,9.557059989227971,10.759349349124504,Tree Near,Building Near,Screened Edge,North–South / Avenue-like,SEG_0068_Z04
SEG_0068_P008,SEG_0068,PARK AVE,8,75.00000000000001,12.790076900345962,12.140932265795636,Tree Near,Building Far,Vegetated Buffer,North–South / Avenue-like,SEG_0068_Z05
SEG_0069_P001,SEG_0069,PARK AVE,1,5.0,9.543590598916515,21.76926997684051,Tree Near,Building Far,Vegetated Buffer,North–South / Avenue-like,SEG_0069_Z01
SEG_0069_P002,SEG_0069,PARK AVE,2,15.000000000000002,0.5413019978471747,21.467285973581664,Tree Near,Building Far,Vegetated Buffer,North–South / Avenue-like,SEG_0069_Z01
SEG_0069_P003,SEG_0069,PARK AVE,3,25.000000000000004,0.805043165844949,21.466116347272788,Tree Near,Building Far,Vegetated Buffer,North–South / Avenue-like,SEG_0069_Z01
SEG_0069_P004,SEG_0069,PARK AVE,4,35.00000000000001,4.861948250061947,21.67070507561862,Tree Near,Building Far,Vegetated Buffer,North–South / Avenue-like,SEG_0069_Z01
SEG_0069_P005,SEG_0069,PARK AVE,5,45.000000000000014,3.3516528648705957,20.900325780416136,Tree Near,Building Far,Vegetated Buffer,North–South / Avenue-like,SEG_0069_Z01
SEG_0069_P006,SEG_0069,PARK AVE,6,55.00000000000002,0.5929791751801475,20.826534934128727,Tree Near,Building Far,Vegetated Buffer,North–South / Avenue-like,SEG_0069_Z01
SEG_0069_P007,SEG_0069,PARK AVE,7,65.00000000000001,1.2585678846481607,20.825344476767043,Tree Near,Building Far,Vegetated Buffer,North–South / Avenue-like,SEG_0069_Z01
SEG_0069_P008,SEG_0069,PARK AVE,8,75.00000000000001,8.191056977788703,21.577917331180817,Tree Near,Building Far,Vegetated Buffer,North–South / Avenue-like,SEG_0069_Z01
SEG_0070_P001,SEG_0070,PARK AVE,1,5.0,11.3187535561376,13.058349753782286,Tree Near,Building Far,Vegetated Buffer,North–South / Avenue-like,SEG_0070_Z01
SEG_0070_P002,SEG_0070,PARK AVE,2,15.000000000000002,5.257921263401352,12.457866702347266,Tree Near,Building Far,Vegetated Buffer,North–South / Avenue-like,SEG_0070_Z01
SEG_0070_P003,SEG_0070,PARK AVE,3,25.000000000000004,5.826347415206784,12.720399385305813,Tree Near,Building Far,Vegetated Buffer,North–South / Avenue-like,SEG_0070_Z01
SEG_0070_P004,SEG_0070,PARK AVE,4,35.00000000000001,6.414344241578346,12.98294489351108,Tree Near,Building Far,Vegetated Buffer,North–South / Avenue-like,SEG_0070_Z01
SEG_0070_P005,SEG_0070,PARK AVE,5,45.000000000000014,5.624393328035036,13.2455217537362,Tree Near,Building Far,Vegetated Buffer,North–South / Avenue-like,SEG_0070_Z01
SEG_0070_P006,SEG_0070,PARK AVE,6,55.00000000000002,5.2428140620190495,13.50809861392576,Tree Near,Building Far,Vegetated Buffer,North–South / Avenue-like,SEG_0070_Z01
SEG_0070_P007,SEG_0070,PARK AVE,7,65.00000000000001,9.290179927383589,13.796758286919857,Tree Near,Building Far,Vegetated Buffer,North–South / Avenue-like,SEG_0070_Z01
SEG_0070_P008,SEG_0070,PARK AVE,8,75.00000000000001,12.29599828365566,16.23964545104223,Tree Near,Building Far,Vegetated Buffer,North–South / Avenue-like,SEG_0070_Z01
SEG_0071_P001,SEG_0071,E 39 ST,1,5.0,12.327507415964384,18.12617938392632,Tree Near,Building Far,Vegetated Buffer,East–West / Cross-street-like,SEG_0071_Z01
SEG_0072_P001,SEG_0072,E 39 ST,1,4.471063998730234,12.257407695321431,19.712393027535544,Tree Near,Building Far,Vegetated Buffer,East–West / Cross-street-like,SEG_0072_Z01
SEG_0073_P001,SEG_0073,PARK AVE,1,5.0,10.345106771571894,12.471529573574236,Tree Near,Building Far,Vegetated Buffer,North–South / Avenue-like,SEG_0073_Z01
SEG_0073_P002,SEG_0073,PARK AVE,2,15.000000000000002,6.193245643581521,11.4181053155876,Tree Near,Building Near,Screened Edge,North–South / Avenue-like,SEG_0073_Z02
SEG_0073_P003,SEG_0073,PARK AVE,3,25.000000000000004,6.08536736350482,11.23009821132311,Tree Near,Building Near,Screened Edge,North–South / Avenue-like,SEG_0073_Z02
SEG_0073_P004,SEG_0073,PARK AVE,4,35.00000000000001,6.252102123263767,11.042091107089687,Tree Near,Building Near,Screened Edge,North–South / Avenue-like,SEG_0073_Z02
SEG_0073_P005,SEG_0073,PARK AVE,5,45.000000000000014,5.6454773476911155,10.854084002820912,Tree Near,Building Near,Screened Edge,North–South / Avenue-like,SEG_0073_Z02
SEG_0073_P006,SEG_0073,PARK AVE,6,55.00000000000002,5.301551936693031,10.666076898556424,Tree Near,Building Near,Screened Edge,North–South / Avenue-like,SEG_0073_Z02
SEG_0073_P007,SEG_0073,PARK AVE,7,65.00000000000001,11.47755637110346,10.478069794291933,Tree Near,Building Near,Screened Edge,North–South / Avenue-like,SEG_0073_Z02
SEG_0073_P008,SEG_0073,PARK AVE,8,75.00000000000001,20.865333631795497,11.826815705081835,Tree Near,Building Far,Vegetated Buffer,North–South / Avenue-like,SEG_0073_Z03
SEG_0074_P001,SEG_0074,PARK AVE,1,5.0,15.228326113647242,22.064487519085496,Tree Near,Building Far,Vegetated Buffer,North–South / Avenue-like,SEG_0074_Z01
SEG_0074_P002,SEG_0074,PARK AVE,2,15.000000000000002,13.968770248198487,21.48094663951932,Tree Near,Building Far,Vegetated Buffer,North–South / Avenue-like,SEG_0074_Z01
SEG_0074_P003,SEG_0074,PARK AVE,3,25.000000000000004,14.073541707889957,21.44823000459976,Tree Near,Building Far,Vegetated Buffer,North–South / Avenue-like,SEG_0074_Z01
SEG_0074_P004,SEG_0074,PARK AVE,4,35.00000000000001,14.23998580294365,21.95343436082074,Tree Near,Building Far,Vegetated Buffer,North–South / Avenue-like,SEG_0074_Z01
SEG_0074_P005,SEG_0074,PARK AVE,5,45.000000000000014,13.525526674481531,22.002672568727817,Tree Near,Building Far,Vegetated Buffer,North–South / Avenue-like,SEG_0074_Z01
SEG_0074_P006,SEG_0074,PARK AVE,6,55.00000000000002,13.499506542411684,21.03048900911909,Tree Near,Building Far,Vegetated Buffer,North–South / Avenue-like,SEG_0074_Z01
SEG_0074_P007,SEG_0074,PARK AVE,7,65.00000000000001,14.84462999083511,20.997777252620878,Tree Near,Building Far,Vegetated Buffer,North–South / Avenue-like,SEG_0074_Z01
SEG_0074_P008,SEG_0074,PARK AVE,8,75.00000000000001,21.07804198946677,21.73408210148011,Tree Near,Building Far,Vegetated Buffer,North–South / Avenue-like,SEG_0074_Z01
SEG_0075_P001,SEG_0075,PARK AVE,1,5.0,7.828111493906356,13.438446542333267,Tree Near,Building Far,Vegetated Buffer,North–South / Avenue-like,SEG_0075_Z01
SEG_0075_P002,SEG_0075,PARK AVE,2,15.000000000000002,5.063151438164903,12.414820993673006,Tree Near,Building Far,Vegetated Buffer,North–South / Avenue-like,SEG_0075_Z01
SEG_0075_P003,SEG_0075,PARK AVE,3,25.000000000000004,5.450957063397669,12.299369250975266,Tree Near,Building Far,Vegetated Buffer,North–South / Avenue-like,SEG_0075_Z01
SEG_0075_P004,SEG_0075,PARK AVE,4,35.00000000000001,5.991364753086871,14.428078537803346,Tree Near,Building Far,Vegetated Buffer,North–South / Avenue-like,SEG_0075_Z01
SEG_0075_P005,SEG_0075,PARK AVE,5,45.000000000000014,4.2321525064221905,13.82153177997983,Tree Near,Building Far,Vegetated Buffer,North–South / Avenue-like,SEG_0075_Z01
SEG_0075_P006,SEG_0075,PARK AVE,6,55.00000000000002,4.316548131683212,11.633422951724565,Tree Near,Building Far,Vegetated Buffer,North–South / Avenue-like,SEG_0075_Z01
SEG_0075_P007,SEG_0075,PARK AVE,7,65.00000000000001,7.439665818849801,11.517976087149156,Tree Near,Building Far,Vegetated Buffer,North–South / Avenue-like,SEG_0075_Z01
SEG_0075_P008,SEG_0075,PARK AVE,8,75.00000000000001,16.733467392386174,12.77886058587852,Tree Near,Building Far,Vegetated Buffer,North–South / Avenue-like,SEG_0075_Z01
SEG_0076_P001,SEG_0076,E 40 ST,1,5.0,22.92953838645277,19.643989990351063,Tree Near,Building Far,Vegetated Buffer,East–West / Cross-street-like,SEG_0076_Z01
SEG_0077_P001,SEG_0077,CONNECTOR,1,5.0,18.8208926591252,18.860897908823084,Tree Near,Building Far,Vegetated Buffer,North–South / Avenue-like,SEG_0077_Z01
SEG_0077_P002,SEG_0077,CONNECTOR,2,15.000000000000002,20.55516222929529,21.111628411039156,Tree Near,Building Far,Vegetated Buffer,North–South / Avenue-like,SEG_0077_Z01
SEG_0078_P001,SEG_0078,E 40 ST,1,4.797823780032378,21.974600657764217,18.686219127830917,Tree Near,Building Far,Vegetated Buffer,East–West / Cross-street-like,SEG_0078_Z01
SEG_0079_P001,SEG_0079,PARK AVE,1,4.5342835006925615,23.063295203175944,21.525547589689086,Tree Near,Building Far,Vegetated Buffer,North–South / Avenue-like,SEG_0079_Z01
SEG_0080_P001,SEG_0080,CONNECTOR,1,5.0,24.814937875078964,16.140382083654547,Tree Near,Building Far,Vegetated Buffer,East–West / Cross-street-like,SEG_0080_Z01
SEG_0081_P001,SEG_0081,PARK AVE,1,5.0,15.173278170310658,17.5646599429222,Tree Near,Building Far,Vegetated Buffer,North–South / Avenue-like,SEG_0081_Z01
SEG_0081_P002,SEG_0081,PARK AVE,2,15.000000000000002,7.1078847238349265,26.280859293923896,Tree Near,Building Far,Vegetated Buffer,North–South / Avenue-like,SEG_0081_Z01
SEG_0081_P003,SEG_0081,PARK AVE,3,25.000000000000004,5.728227658059584,33.52596129002923,Tree Near,Building Far,Vegetated Buffer,North–South / Avenue-like,SEG_0081_Z01
SEG_0081_P004,SEG_0081,PARK AVE,4,35.00000000000001,5.938104843557208,33.7589569098447,Tree Near,Building Far,Vegetated Buffer,North–South / Avenue-like,SEG_0081_Z01
SEG_0081_P005,SEG_0081,PARK AVE,5,45.000000000000014,5.4331285515721826,33.99196486592512,Tree Near,Building Far,Vegetated Buffer,North–South / Avenue-like,SEG_0081_Z01
SEG_0081_P006,SEG_0081,PARK AVE,6,55.00000000000002,5.017697093325008,34.224960055709914,Tree Near,Building Far,Vegetated Buffer,North–South / Avenue-like,SEG_0081_Z01
SEG_0081_P007,SEG_0081,PARK AVE,7,65.00000000000001,10.338520091682659,34.45793112950552,Tree Near,Building Far,Vegetated Buffer,North–South / Avenue-like,SEG_0081_Z01
SEG_0081_P008,SEG_0081,PARK AVE,8,75.00000000000001,19.7127550396208,35.1670580781709,Tree Near,Building Far,Vegetated Buffer,North–South / Avenue-like,SEG_0081_Z01
SEG_0082_P001,SEG_0082,PARK AVE,1,5.0,18.798802086989774,21.02304858816753,Tree Near,Building Far,Vegetated Buffer,North–South / Avenue-like,SEG_0082_Z01
SEG_0082_P002,SEG_0082,PARK AVE,2,15.000000000000002,18.145130960252185,21.121787532507735,Tree Near,Building Far,Vegetated Buffer,North–South / Avenue-like,SEG_0082_Z01
SEG_0082_P003,SEG_0082,PARK AVE,3,25.000000000000004,18.250495977597545,21.220547159157096,Tree Near,Building Far,Vegetated Buffer,North–South / Avenue-like,SEG_0082_Z01
SEG_0082_P004,SEG_0082,PARK AVE,4,35.00000000000001,17.909767516131065,21.319321505024018,Tree Near,Building Far,Vegetated Buffer,North–South / Avenue-like,SEG_0082_Z01
SEG_0082_P005,SEG_0082,PARK AVE,5,45.000000000000014,17.820869778222576,21.418084793481178,Tree Near,Building Far,Vegetated Buffer,North–South / Avenue-like,SEG_0082_Z01
SEG_0082_P006,SEG_0082,PARK AVE,6,55.00000000000002,19.615305252175013,21.516824730892093,Tree Near,Building Far,Vegetated Buffer,North–South / Avenue-like,SEG_0082_Z01
SEG_0082_P007,SEG_0082,PARK AVE,7,65.00000000000001,25.533057016720036,22.210317609356927,Tree Near,Building Far,Vegetated Buffer,North–South / Avenue-like,SEG_0082_Z01
SEG_0083_P001,SEG_0083,PARK AVE,1,5.0,25.516832887485826,12.076628930203155,Tree Near,Building Far,Vegetated Buffer,North–South / Avenue-like,SEG_0083_Z01
SEG_0083_P002,SEG_0083,PARK AVE,2,15.000000000000002,28.43518411734965,11.059620844976648,Tree Near,Building Near,Screened Edge,North–South / Avenue-like,SEG_0083_Z02
SEG_0083_P003,SEG_0083,PARK AVE,3,25.000000000000004,28.414229724306516,10.841242825980755,Tree Near,Building Near,Screened Edge,North–South / Avenue-like,SEG_0083_Z02
SEG_0083_P004,SEG_0083,PARK AVE,4,35.00000000000001,28.67397452145484,10.62288884636591,Tree Near,Building Near,Screened Edge,North–South / Avenue-like,SEG_0083_Z02
SEG_0083_P005,SEG_0083,PARK AVE,5,45.000000000000014,28.86029923566269,10.404546222181835,Tree Near,Building Near,Screened Edge,North–South / Avenue-like,SEG_0083_Z02
SEG_0083_P006,SEG_0083,PARK AVE,6,55.00000000000002,28.99706379642182,10.18619011870169,Tree Near,Building Near,Screened Edge,North–South / Avenue-like,SEG_0083_Z02
SEG_0083_P007,SEG_0083,PARK AVE,7,65.00000000000001,30.412148244913052,9.967809572436131,Tree Near,Building Near,Screened Edge,North–South / Avenue-like,SEG_0083_Z02
SEG_0083_P008,SEG_0083,PARK AVE,8,75.00000000000001,25.60162801023072,11.472014355929762,Tree Near,Building Far,Vegetated Buffer,North–South / Avenue-like,SEG_0083_Z03
SEG_0084_P001,SEG_0084,E 40 ST,1,5.0,20.02612457548697,11.503716317304145,Tree Near,Building Far,Vegetated Buffer,East–West / Cross-street-like,SEG_0084_Z01
SEG_0084_P002,SEG_0084,E 40 ST,2,15.000000000000002,20.80419728819622,9.534243117799834,Tree Near,Building Near,Screened Edge,East–West / Cross-street-like,SEG_0084_Z02
SEG_0084_P003,SEG_0084,E 40 ST,3,25.000000000000004,25.77951869409779,9.51663788187386,Tree Near,Building Near,Screened Edge,East–West / Cross-street-like,SEG_0084_Z02
SEG_0084_P004,SEG_0084,E 40 ST,4,35.00000000000001,27.140040404933913,9.499032645940133,Tree Near,Building Near,Screened Edge,East–West / Cross-street-like,SEG_0084_Z02
SEG_0084_P005,SEG_0084,E 40 ST,5,45.000000000000014,17.73788074857515,9.481431606928222,Tree Near,Building Near,Screened Edge,East–West / Cross-street-like,SEG_0084_Z02
SEG_0084_P006,SEG_0084,E 40 ST,6,55.00000000000002,9.627202798335713,9.463859496272397,Tree Near,Building Near,Screened Edge,East–West / Cross-street-like,SEG_0084_Z02
SEG_0084_P007,SEG_0084,E 40 ST,7,65.00000000000001,8.410330195054984,9.446287385624329,Tree Near,Building Near,Screened Edge,East–West / Cross-street-like,SEG_0084_Z02
SEG_0084_P008,SEG_0084,E 40 ST,8,75.00000000000001,15.428923856581143,9.42868676368494,Tree Near,Building Near,Screened Edge,East–West / Cross-street-like,SEG_0084_Z02
SEG_0084_P009,SEG_0084,E 40 ST,9,85.00000000000001,8.288285507763485,9.411085654133046,Tree Near,Building Near,Screened Edge,East–West / Cross-street-like,SEG_0084_Z02
SEG_0084_P010,SEG_0084,E 40 ST,10,95.00000000000003,7.575310526499189,9.393489737829023,Tree Near,Building Near,Screened Edge,East–West / Cross-street-like,SEG_0084_Z02
SEG_0084_P011,SEG_0084,E 40 ST,11,105.00000000000003,8.71996052881126,9.375899929025413,Tree Near,Building Near,Screened Edge,East–West / Cross-street-like,SEG_0084_Z02
SEG_0084_P012,SEG_0084,E 40 ST,12,115.00000000000003,16.212052740597244,9.358310120196823,Tree Near,Building Near,Screened Edge,East–West / Cross-street-like,SEG_0084_Z02
SEG_0084_P013,SEG_0084,E 40 ST,13,125.00000000000003,25.487714619085036,9.340720311375987,Tree Near,Building Near,Screened Edge,East–West / Cross-street-like,SEG_0084_Z02
SEG_0084_P014,SEG_0084,E 40 ST,14,135.00000000000003,21.561559577654457,9.325867529073987,Tree Near,Building Near,Screened Edge,East–West / Cross-street-like,SEG_0084_Z02
SEG_0084_P015,SEG_0084,E 40 ST,15,145.00000000000003,20.419426826163537,13.826147144087846,Tree Near,Building Far,Vegetated Buffer,East–West / Cross-street-like,SEG_0084_Z03
SEG_0085_P001,SEG_0085,E 41 ST,1,5.0,25.70556547018471,28.131851456549835,Tree Near,Building Far,Vegetated Buffer,East–West / Cross-street-like,SEG_0085_Z01
SEG_0086_P001,SEG_0086,E 41 ST,1,5.0,29.725019163516315,17.145093299465405,Tree Near,Building Far,Vegetated Buffer,East–West / Cross-street-like,SEG_0086_Z01
SEG_0087_P001,SEG_0087,E 38 ST,1,5.0,15.252586624215837,13.814803934625152,Tree Near,Building Far,Vegetated Buffer,East–West / Cross-street-like,SEG_0087_Z01
SEG_0087_P002,SEG_0087,E 38 ST,2,15.000000000000002,7.172415161777736,9.48806776585176,Tree Near,Building Near,Screened Edge,East–West / Cross-street-like,SEG_0087_Z02
SEG_0087_P003,SEG_0087,E 38 ST,3,25.000000000000004,5.909386123436452,9.502563855276733,Tree Near,Building Near,Screened Edge,East–West / Cross-street-like,SEG_0087_Z02
SEG_0087_P004,SEG_0087,E 38 ST,4,35.00000000000001,9.056535157517185,9.522130764136744,Tree Near,Building Near,Screened Edge,East–West / Cross-street-like,SEG_0087_Z02
SEG_0087_P005,SEG_0087,E 38 ST,5,45.000000000000014,18.1416871806897,9.54169767301392,Tree Near,Building Near,Screened Edge,East–West / Cross-street-like,SEG_0087_Z02
SEG_0087_P006,SEG_0087,E 38 ST,6,55.00000000000002,27.86073937398859,9.567567705732717,Tree Near,Building Near,Screened Edge,East–West / Cross-street-like,SEG_0087_Z02
SEG_0087_P007,SEG_0087,E 38 ST,7,65.00000000000001,37.72692384979822,9.395631649774854,Tree Far,Building Near,Exposed Edge,East–West / Cross-street-like,SEG_0087_Z03
SEG_0087_P008,SEG_0087,E 38 ST,8,75.00000000000001,47.64893249457104,9.433175666263528,Tree Far,Building Near,Exposed Edge,East–West / Cross-street-like,SEG_0087_Z03
SEG_0087_P009,SEG_0087,E 38 ST,9,85.00000000000001,57.59792316199923,9.470633154435845,Tree Far,Building Near,Exposed Edge,East–West / Cross-street-like,SEG_0087_Z03
SEG_0087_P010,SEG_0087,E 38 ST,10,95.00000000000003,60.97426782170174,9.508203817397407,Tree Far,Building Near,Exposed Edge,East–West / Cross-street-like,SEG_0087_Z03
SEG_0087_P011,SEG_0087,E 38 ST,11,105.00000000000003,52.51743568918313,9.510759301054746,Tree Far,Building Near,Exposed Edge,East–West / Cross-street-like,SEG_0087_Z03
SEG_0087_P012,SEG_0087,E 38 ST,12,115.00000000000003,44.70235750318352,9.583303172911204,Tree Far,Building Near,Exposed Edge,East–West / Cross-street-like,SEG_0087_Z03
SEG_0087_P013,SEG_0087,E 38 ST,13,125.00000000000003,37.92783254177299,9.620849041877067,Tree Far,Building Near,Exposed Edge,East–West / Cross-street-like,SEG_0087_Z03
SEG_0087_P014,SEG_0087,E 38 ST,14,135.00000000000003,32.84418055442559,9.658392189170964,Tree Near,Building Near,Screened Edge,East–West / Cross-street-like,SEG_0087_Z04
SEG_0087_P015,SEG_0087,E 38 ST,15,145.00000000000003,30.31435157257749,9.838609378781824,Tree Near,Building Near,Screened Edge,East–West / Cross-street-like,SEG_0087_Z04
SEG_0088_P001,SEG_0088,MADISON AVE,1,5.0,13.077527872343452,12.201689239850875,Tree Near,Building Far,Vegetated Buffer,North–South / Avenue-like,SEG_0088_Z01
SEG_0088_P002,SEG_0088,MADISON AVE,2,15.000000000000002,8.675527825280938,11.484192550557546,Tree Near,Building Far,Vegetated Buffer,North–South / Avenue-like,SEG_0088_Z01
SEG_0088_P003,SEG_0088,MADISON AVE,3,25.000000000000004,13.398053248242839,11.532428810823204,Tree Near,Building Far,Vegetated Buffer,North–South / Avenue-like,SEG_0088_Z01
SEG_0088_P004,SEG_0088,MADISON AVE,4,35.00000000000001,21.994337422122733,11.580665071093142,Tree Near,Building Far,Vegetated Buffer,North–South / Avenue-like,SEG_0088_Z01
SEG_0088_P005,SEG_0088,MADISON AVE,5,45.000000000000014,16.145659263368326,11.52386575740979,Tree Near,Building Far,Vegetated Buffer,North–South / Avenue-like,SEG_0088_Z01
SEG_0088_P006,SEG_0088,MADISON AVE,6,55.00000000000002,9.267951396231018,11.464029639306624,Tree Near,Building Far,Vegetated Buffer,North–South / Avenue-like,SEG_0088_Z01
SEG_0088_P007,SEG_0088,MADISON AVE,7,65.00000000000001,10.540755813372147,11.404111451664795,Tree Near,Building Near,Screened Edge,North–South / Avenue-like,SEG_0088_Z02
SEG_0088_P008,SEG_0088,MADISON AVE,8,75.00000000000001,18.33903332108025,12.9178945903474,Tree Near,Building Far,Vegetated Buffer,North–South / Avenue-like,SEG_0088_Z03
SEG_0089_P001,SEG_0089,E 39 ST,1,5.0,17.109940671205763,14.30250842895841,Tree Near,Building Far,Vegetated Buffer,East–West / Cross-street-like,SEG_0089_Z01
SEG_0089_P002,SEG_0089,E 39 ST,2,15.000000000000002,8.166142965064175,9.561339116594208,Tree Near,Building Near,Screened Edge,East–West / Cross-street-like,SEG_0089_Z02
SEG_0089_P003,SEG_0089,E 39 ST,3,25.000000000000004,6.373516461088331,9.541332736343263,Tree Near,Building Near,Screened Edge,East–West / Cross-street-like,SEG_0089_Z02
SEG_0089_P004,SEG_0089,E 39 ST,4,35.00000000000001,5.492123935593778,9.544117826550101,Tree Near,Building Near,Screened Edge,East–West / Cross-street-like,SEG_0089_Z02
SEG_0089_P005,SEG_0089,E 39 ST,5,45.000000000000014,5.183784299794807,9.546902916732046,Tree Near,Building Near,Screened Edge,East–West / Cross-street-like,SEG_0089_Z02
SEG_0089_P006,SEG_0089,E 39 ST,6,55.00000000000002,11.673939463767214,9.552045148927428,Tree Near,Building Near,Screened Edge,East–West / Cross-street-like,SEG_0089_Z02
SEG_0089_P007,SEG_0089,E 39 ST,7,65.00000000000001,8.39446522792764,9.22505294524583,Tree Near,Building Near,Screened Edge,East–West / Cross-street-like,SEG_0089_Z02
SEG_0089_P008,SEG_0089,E 39 ST,8,75.00000000000001,10.266952504759491,9.227877237013747,Tree Near,Building Near,Screened Edge,East–West / Cross-street-like,SEG_0089_Z02
SEG_0089_P009,SEG_0089,E 39 ST,9,85.00000000000001,8.613348949902068,9.230637482289126,Tree Near,Building Near,Screened Edge,East–West / Cross-street-like,SEG_0089_Z02
SEG_0089_P010,SEG_0089,E 39 ST,10,95.00000000000003,15.587470818922634,9.233374117600725,Tree Near,Building Near,Screened Edge,East–West / Cross-street-like,SEG_0089_Z02
SEG_0089_P011,SEG_0089,E 39 ST,11,105.00000000000003,24.733554393353582,9.240535817741783,Tree Near,Building Near,Screened Edge,East–West / Cross-street-like,SEG_0089_Z02
SEG_0089_P012,SEG_0089,E 39 ST,12,115.00000000000003,34.35881516186719,9.24333469116626,Tree Near,Building Near,Screened Edge,East–West / Cross-street-like,SEG_0089_Z02
SEG_0089_P013,SEG_0089,E 39 ST,13,125.00000000000003,40.963183132467776,9.246133564590735,Tree Far,Building Near,Exposed Edge,East–West / Cross-street-like,SEG_0089_Z03
SEG_0089_P014,SEG_0089,E 39 ST,14,135.00000000000003,31.838031406730913,9.248932438022981,Tree Near,Building Near,Screened Edge,East–West / Cross-street-like,SEG_0089_Z04
SEG_0089_P015,SEG_0089,E 39 ST,15,145.00000000000003,23.43796312331263,9.452077210303523,Tree Near,Building Near,Screened Edge,East–West / Cross-street-like,SEG_0089_Z04
SEG_0090_P001,SEG_0090,5 AVE,1,5.0,13.849691136929195,14.641985687377039,Tree Near,Building Far,Vegetated Buffer,North–South / Avenue-like,SEG_0090_Z01
SEG_0090_P002,SEG_0090,5 AVE,2,15.000000000000002,10.283314947675677,13.194221836666173,Tree Near,Building Far,Vegetated Buffer,North–South / Avenue-like,SEG_0090_Z01
SEG_0090_P003,SEG_0090,5 AVE,3,25.000000000000004,10.653169004719865,13.176113716642103,Tree Near,Building Far,Vegetated Buffer,North–South / Avenue-like,SEG_0090_Z01
SEG_0090_P004,SEG_0090,5 AVE,4,35.00000000000001,11.043037471602602,13.158005596653368,Tree Near,Building Far,Vegetated Buffer,North–South / Avenue-like,SEG_0090_Z01
SEG_0090_P005,SEG_0090,5 AVE,5,45.000000000000014,11.557816041574872,13.139897476633594,Tree Near,Building Far,Vegetated Buffer,North–South / Avenue-like,SEG_0090_Z01
SEG_0090_P006,SEG_0090,5 AVE,6,55.00000000000002,18.58003085849365,13.121789356609524,Tree Near,Building Far,Vegetated Buffer,North–South / Avenue-like,SEG_0090_Z01
SEG_0090_P007,SEG_0090,5 AVE,7,65.00000000000001,27.510942945563283,14.851324709018899,Tree Near,Building Far,Vegetated Buffer,North–South / Avenue-like,SEG_0090_Z01
SEG_0090_P008,SEG_0090,5 AVE,8,75.00000000000001,22.98609434058497,15.85342168093926,Tree Near,Building Far,Vegetated Buffer,North–South / Avenue-like,SEG_0090_Z01
SEG_0091_P001,SEG_0091,MADISON AVE,1,5.0,26.121596397273247,11.623918315747632,Tree Near,Building Far,Vegetated Buffer,North–South / Avenue-like,SEG_0091_Z01
SEG_0091_P002,SEG_0091,MADISON AVE,2,15.000000000000002,35.73081335897371,11.003988626618797,Tree Far,Building Near,Exposed Edge,North–South / Avenue-like,SEG_0091_Z02
SEG_0091_P003,SEG_0091,MADISON AVE,3,25.000000000000004,45.50872716573149,11.104910220144173,Tree Far,Building Near,Exposed Edge,North–South / Avenue-like,SEG_0091_Z02
SEG_0091_P004,SEG_0091,MADISON AVE,4,35.00000000000001,53.624362398628044,11.205782366846416,Tree Far,Building Near,Exposed Edge,North–South / Avenue-like,SEG_0091_Z02
SEG_0091_P005,SEG_0091,MADISON AVE,5,45.000000000000014,44.93760818985626,11.307623244604846,Tree Far,Building Near,Exposed Edge,North–South / Avenue-like,SEG_0091_Z02
SEG_0091_P006,SEG_0091,MADISON AVE,6,55.00000000000002,36.921606370635615,11.410580542189019,Tree Far,Building Near,Exposed Edge,North–South / Avenue-like,SEG_0091_Z02
SEG_0091_P007,SEG_0091,MADISON AVE,7,65.00000000000001,29.849059164736424,11.513528290834067,Tree Near,Building Far,Vegetated Buffer,North–South / Avenue-like,SEG_0091_Z03
SEG_0091_P008,SEG_0091,MADISON AVE,8,75.00000000000001,20.252378945229786,13.187704749048638,Tree Near,Building Far,Vegetated Buffer,North–South / Avenue-like,SEG_0091_Z03
SEG_0092_P001,SEG_0092,E 40 ST,1,5.0,15.088459072768561,13.552488193451822,Tree Near,Building Far,Vegetated Buffer,East–West / Cross-street-like,SEG_0092_Z01
SEG_0092_P002,SEG_0092,E 40 ST,2,15.000000000000002,14.863545859644649,8.674360083940515,Tree Near,Building Near,Screened Edge,East–West / Cross-street-like,SEG_0092_Z02
SEG_0092_P003,SEG_0092,E 40 ST,3,25.000000000000004,20.35161894918857,8.643910850272816,Tree Near,Building Near,Screened Edge,East–West / Cross-street-like,SEG_0092_Z02
SEG_0092_P004,SEG_0092,E 40 ST,4,35.00000000000001,28.415696229095765,8.622842911643476,Tree Near,Building Near,Screened Edge,East–West / Cross-street-like,SEG_0092_Z02
SEG_0092_P005,SEG_0092,E 40 ST,5,45.000000000000014,37.426129782747644,8.6017749730219,Tree Far,Building Near,Exposed Edge,East–West / Cross-street-like,SEG_0092_Z03
SEG_0092_P006,SEG_0092,E 40 ST,6,55.00000000000002,46.839925158420016,8.580693746594918,Tree Far,Building Near,Exposed Edge,East–West / Cross-street-like,SEG_0092_Z03
SEG_0092_P007,SEG_0092,E 40 ST,7,65.00000000000001,56.45566390697899,8.55955874953228,Tree Far,Building Near,Exposed Edge,East–West / Cross-street-like,SEG_0092_Z03
SEG_0092_P008,SEG_0092,E 40 ST,8,75.00000000000001,66.18538649512608,8.53850545905309,Tree Far,Building Near,Exposed Edge,East–West / Cross-street-like,SEG_0092_Z03
SEG_0092_P009,SEG_0092,E 40 ST,9,85.00000000000001,71.60686685359043,8.517462378274654,Tree Far,Building Near,Exposed Edge,East–West / Cross-street-like,SEG_0092_Z03
SEG_0092_P010,SEG_0092,E 40 ST,10,95.00000000000003,70.86793721985056,9.182408539797287,Tree Far,Building Near,Exposed Edge,East–West / Cross-street-like,SEG_0092_Z03
SEG_0092_P011,SEG_0092,E 40 ST,11,105.00000000000003,61.32638465274572,8.583479673961236,Tree Far,Building Near,Exposed Edge,East–West / Cross-street-like,SEG_0092_Z03
SEG_0092_P012,SEG_0092,E 40 ST,12,115.00000000000003,51.95754404661979,8.673343210592911,Tree Far,Building Near,Exposed Edge,East–West / Cross-street-like,SEG_0092_Z03
SEG_0092_P013,SEG_0092,E 40 ST,13,125.00000000000003,42.874786438384085,8.763120622251293,Tree Far,Building Near,Exposed Edge,East–West / Cross-street-like,SEG_0092_Z03
SEG_0092_P014,SEG_0092,E 40 ST,14,135.00000000000003,34.30609626461448,8.852976783890547,Tree Near,Building Near,Screened Edge,East–West / Cross-street-like,SEG_0092_Z04
SEG_0092_P015,SEG_0092,E 40 ST,15,145.00000000000003,26.75012466694337,9.024674612344777,Tree Near,Building Near,Screened Edge,East–West / Cross-street-like,SEG_0092_Z04
SEG_0093_P001,SEG_0093,5 AVE,1,5.0,17.37882692984165,15.803320065097028,Tree Near,Building Far,Vegetated Buffer,North–South / Avenue-like,SEG_0093_Z01
SEG_0093_P002,SEG_0093,5 AVE,2,15.000000000000002,13.062923431051491,15.095904544878673,Tree Near,Building Far,Vegetated Buffer,North–South / Avenue-like,SEG_0093_Z01
SEG_0093_P003,SEG_0093,5 AVE,3,25.000000000000004,12.968982889819145,15.184799181141306,Tree Near,Building Far,Vegetated Buffer,North–South / Avenue-like,SEG_0093_Z01
SEG_0093_P004,SEG_0093,5 AVE,4,35.00000000000001,13.285369562712846,15.273693817439355,Tree Near,Building Far,Vegetated Buffer,North–South / Avenue-like,SEG_0093_Z01
SEG_0093_P005,SEG_0093,5 AVE,5,45.000000000000014,18.38094251121128,15.36254949442317,Tree Near,Building Far,Vegetated Buffer,North–South / Avenue-like,SEG_0093_Z01
SEG_0093_P006,SEG_0093,5 AVE,6,55.00000000000002,26.442712621492973,15.451397942166102,Tree Near,Building Far,Vegetated Buffer,North–South / Avenue-like,SEG_0093_Z01
SEG_0093_P007,SEG_0093,5 AVE,7,65.00000000000001,29.698943048303136,15.44387121835996,Tree Near,Building Far,Vegetated Buffer,North–South / Avenue-like,SEG_0093_Z01
SEG_0093_P008,SEG_0093,5 AVE,8,75.00000000000001,20.6185040622346,16.19486664970286,Tree Near,Building Far,Vegetated Buffer,North–South / Avenue-like,SEG_0093_Z01
SEG_0094_P001,SEG_0094,E 41 ST,1,5.0,43.69321695036695,13.57049469110918,Tree Far,Building Far,Open Field,East–West / Cross-street-like,SEG_0094_Z01
SEG_0094_P002,SEG_0094,E 41 ST,2,15.000000000000002,47.649684654785624,9.396311181958115,Tree Far,Building Near,Exposed Edge,East–West / Cross-street-like,SEG_0094_Z02
SEG_0094_P003,SEG_0094,E 41 ST,3,25.000000000000004,53.21548353564297,8.820013960607316,Tree Far,Building Near,Exposed Edge,East–West / Cross-street-like,SEG_0094_Z02
SEG_0094_P004,SEG_0094,E 41 ST,4,35.00000000000001,56.742102163146086,8.795818418995799,Tree Far,Building Near,Exposed Edge,East–West / Cross-street-like,SEG_0094_Z02
SEG_0094_P005,SEG_0094,E 41 ST,5,45.000000000000014,46.83990540965775,8.771622877384287,Tree Far,Building Near,Exposed Edge,East–West / Cross-street-like,SEG_0094_Z02
SEG_0094_P006,SEG_0094,E 41 ST,6,55.00000000000002,36.990367931071845,10.712004238240242,Tree Far,Building Near,Exposed Edge,East–West / Cross-street-like,SEG_0094_Z02
SEG_0094_P007,SEG_0094,E 41 ST,7,65.00000000000001,27.25064954397769,10.64822635820111,Tree Near,Building Near,Screened Edge,East–West / Cross-street-like,SEG_0094_Z03
SEG_0094_P008,SEG_0094,E 41 ST,8,75.00000000000001,17.801923532610914,10.61571192871988,Tree Near,Building Near,Screened Edge,East–West / Cross-street-like,SEG_0094_Z03
SEG_0094_P009,SEG_0094,E 41 ST,9,85.00000000000001,9.550867099516612,10.58427654757635,Tree Near,Building Near,Screened Edge,East–West / Cross-street-like,SEG_0094_Z03
SEG_0094_P010,SEG_0094,E 41 ST,10,95.00000000000003,8.095038186735644,10.552841166450058,Tree Near,Building Near,Screened Edge,East–West / Cross-street-like,SEG_0094_Z03
SEG_0094_P011,SEG_0094,E 41 ST,11,105.00000000000003,15.486775782466779,10.521405785323767,Tree Near,Building Near,Screened Edge,East–West / Cross-street-like,SEG_0094_Z03
SEG_0094_P012,SEG_0094,E 41 ST,12,115.00000000000003,24.78206619774514,10.489970404180232,Tree Near,Building Near,Screened Edge,East–West / Cross-street-like,SEG_0094_Z03
SEG_0094_P013,SEG_0094,E 41 ST,13,125.00000000000003,27.50994070599047,10.440127591832999,Tree Near,Building Near,Screened Edge,East–West / Cross-street-like,SEG_0094_Z03
SEG_0094_P014,SEG_0094,E 41 ST,14,135.00000000000003,20.036500017005444,10.364728886959202,Tree Near,Building Near,Screened Edge,East–West / Cross-street-like,SEG_0094_Z03
SEG_0094_P015,SEG_0094,E 41 ST,15,145.00000000000003,15.688397885523594,10.487431896795215,Tree Near,Building Near,Screened Edge,East–West / Cross-street-like,SEG_0094_Z03
SEG_0095_P001,SEG_0095,5 AVE,1,5.0,13.775481300481353,18.33101541508821,Tree Near,Building Far,Vegetated Buffer,North–South / Avenue-like,SEG_0095_Z01
SEG_0095_P002,SEG_0095,5 AVE,2,15.000000000000002,10.355281702185843,15.37208027241466,Tree Near,Building Far,Vegetated Buffer,North–South / Avenue-like,SEG_0095_Z01
SEG_0095_P003,SEG_0095,5 AVE,3,25.000000000000004,10.333497584730022,15.269180956662305,Tree Near,Building Far,Vegetated Buffer,North–South / Avenue-like,SEG_0095_Z01
SEG_0095_P004,SEG_0095,5 AVE,4,35.00000000000001,8.115153096121983,15.166285661082377,Tree Near,Building Far,Vegetated Buffer,North–South / Avenue-like,SEG_0095_Z01
SEG_0095_P005,SEG_0095,5 AVE,5,45.000000000000014,11.530067279567106,15.063379707754272,Tree Near,Building Far,Vegetated Buffer,North–South / Avenue-like,SEG_0095_Z01
SEG_0095_P006,SEG_0095,5 AVE,6,55.00000000000002,20.00072981591467,14.960521685359316,Tree Near,Building Far,Vegetated Buffer,North–South / Avenue-like,SEG_0095_Z01
SEG_0095_P007,SEG_0095,5 AVE,7,65.00000000000001,29.446832340119713,14.857658478044385,Tree Near,Building Far,Vegetated Buffer,North–South / Avenue-like,SEG_0095_Z01
SEG_0095_P008,SEG_0095,5 AVE,8,75.00000000000001,39.16889935350559,15.983036120579305,Tree Far,Building Far,Open Field,North–South / Avenue-like,SEG_0095_Z02
SEG_0096_P001,SEG_0096,E 42 ST,1,5.0,55.31622629674504,18.68356654886697,Tree Far,Building Far,Open Field,East–West / Cross-street-like,SEG_0096_Z01
SEG_0096_P002,SEG_0096,E 42 ST,2,15.000000000000002,55.37821558917806,15.423472146963547,Tree Far,Building Far,Open Field,East–West / Cross-street-like,SEG_0096_Z01
SEG_0096_P003,SEG_0096,E 42 ST,3,25.000000000000004,57.215457980959805,15.458595463667455,Tree Far,Building Far,Open Field,East–West / Cross-street-like,SEG_0096_Z01
SEG_0096_P004,SEG_0096,E 42 ST,4,35.00000000000001,47.48237564632776,15.506749020974757,Tree Far,Building Far,Open Field,East–West / Cross-street-like,SEG_0096_Z01
SEG_0096_P005,SEG_0096,E 42 ST,5,45.000000000000014,37.78023639182849,15.554902578291454,Tree Far,Building Far,Open Field,East–West / Cross-street-like,SEG_0096_Z01
SEG_0096_P006,SEG_0096,E 42 ST,6,55.00000000000002,28.286331091599163,15.603056135598754,Tree Near,Building Far,Vegetated Buffer,East–West / Cross-street-like,SEG_0096_Z02
SEG_0096_P007,SEG_0096,E 42 ST,7,65.00000000000001,19.310276834535554,15.586538188600562,Tree Near,Building Far,Vegetated Buffer,East–West / Cross-street-like,SEG_0096_Z02
SEG_0096_P008,SEG_0096,E 42 ST,8,75.00000000000001,12.068846516064,15.564476174592542,Tree Near,Building Far,Vegetated Buffer,East–West / Cross-street-like,SEG_0096_Z02
SEG_0096_P009,SEG_0096,E 42 ST,9,85.00000000000001,10.88243176089381,15.54252016291667,Tree Near,Building Far,Vegetated Buffer,East–West / Cross-street-like,SEG_0096_Z02
SEG_0096_P010,SEG_0096,E 42 ST,10,95.00000000000003,11.212067499802414,15.24221420800487,Tree Near,Building Far,Vegetated Buffer,East–West / Cross-street-like,SEG_0096_Z02
SEG_0096_P011,SEG_0096,E 42 ST,11,105.00000000000003,10.407713476256157,15.2907713852092,Tree Near,Building Far,Vegetated Buffer,East–West / Cross-street-like,SEG_0096_Z02
SEG_0096_P012,SEG_0096,E 42 ST,12,115.00000000000003,12.716632154425307,15.339339794825616,Tree Near,Building Far,Vegetated Buffer,East–West / Cross-street-like,SEG_0096_Z02
SEG_0096_P013,SEG_0096,E 42 ST,13,125.00000000000003,20.37412493578652,15.387908204417108,Tree Near,Building Far,Vegetated Buffer,East–West / Cross-street-like,SEG_0096_Z02
SEG_0096_P014,SEG_0096,E 42 ST,14,135.00000000000003,26.352071543119337,15.432460586865703,Tree Near,Building Far,Vegetated Buffer,East–West / Cross-street-like,SEG_0096_Z02
SEG_0096_P015,SEG_0096,E 42 ST,15,145.00000000000003,23.42740764017759,15.628642996248875,Tree Near,Building Far,Vegetated Buffer,East–West / Cross-street-like,SEG_0096_Z02
SEG_0097_P001,SEG_0097,E 41 ST,1,5.0,19.495912768190887,11.629152068657103,Tree Near,Building Far,Vegetated Buffer,East–West / Cross-street-like,SEG_0097_Z01
SEG_0097_P002,SEG_0097,E 41 ST,2,15.000000000000002,10.212484091357885,9.184303810693965,Tree Near,Building Near,Screened Edge,East–West / Cross-street-like,SEG_0097_Z02
SEG_0097_P003,SEG_0097,E 41 ST,3,25.000000000000004,4.344095023935001,9.222498216794662,Tree Near,Building Near,Screened Edge,East–West / Cross-street-like,SEG_0097_Z02
SEG_0097_P004,SEG_0097,E 41 ST,4,35.00000000000001,4.525831324856666,9.260718095756278,Tree Near,Building Near,Screened Edge,East–West / Cross-street-like,SEG_0097_Z02
SEG_0097_P005,SEG_0097,E 41 ST,5,45.000000000000014,9.865477113438303,9.252082809542538,Tree Near,Building Near,Screened Edge,East–West / Cross-street-like,SEG_0097_Z02
SEG_0097_P006,SEG_0097,E 41 ST,6,55.00000000000002,19.343529361778604,9.213858012797283,Tree Near,Building Near,Screened Edge,East–West / Cross-street-like,SEG_0097_Z02
SEG_0097_P007,SEG_0097,E 41 ST,7,65.00000000000001,29.172189113345514,9.175633348008091,Tree Near,Building Near,Screened Edge,East–West / Cross-street-like,SEG_0097_Z02
SEG_0097_P008,SEG_0097,E 41 ST,8,75.00000000000001,39.08786393703726,9.137438788133668,Tree Far,Building Near,Exposed Edge,East–West / Cross-street-like,SEG_0097_Z03
SEG_0097_P009,SEG_0097,E 41 ST,9,85.00000000000001,35.515431540731456,9.099211147410676,Tree Far,Building Near,Exposed Edge,East–West / Cross-street-like,SEG_0097_Z03
SEG_0097_P010,SEG_0097,E 41 ST,10,95.00000000000003,25.655048023789895,9.06106549005248,Tree Near,Building Near,Screened Edge,East–West / Cross-street-like,SEG_0097_Z04
SEG_0097_P011,SEG_0097,E 41 ST,11,105.00000000000003,15.969254856821337,9.022850033025263,Tree Near,Building Near,Screened Edge,East–West / Cross-street-like,SEG_0097_Z04
SEG_0097_P012,SEG_0097,E 41 ST,12,115.00000000000003,7.200882741867202,8.984627739220542,Tree Near,Building Near,Screened Edge,East–West / Cross-street-like,SEG_0097_Z04
SEG_0097_P013,SEG_0097,E 41 ST,13,125.00000000000003,6.977701902598509,8.946402779440188,Tree Near,Building Near,Screened Edge,East–West / Cross-street-like,SEG_0097_Z04
SEG_0097_P014,SEG_0097,E 41 ST,14,135.00000000000003,15.66920340733668,8.911217283849638,Tree Near,Building Near,Screened Edge,East–West / Cross-street-like,SEG_0097_Z04
SEG_0098_P001,SEG_0098,MADISON AVE,1,5.0,12.499926316089377,13.4612514870319,Tree Near,Building Far,Vegetated Buffer,North–South / Avenue-like,SEG_0098_Z01
SEG_0098_P002,SEG_0098,MADISON AVE,2,15.000000000000002,6.908452546147463,12.815591273728488,Tree Near,Building Far,Vegetated Buffer,North–South / Avenue-like,SEG_0098_Z01
SEG_0098_P003,SEG_0098,MADISON AVE,3,25.000000000000004,7.629221225281293,12.81813589852378,Tree Near,Building Far,Vegetated Buffer,North–South / Avenue-like,SEG_0098_Z01
SEG_0098_P004,SEG_0098,MADISON AVE,4,35.00000000000001,8.566617833527683,12.820681454875222,Tree Near,Building Far,Vegetated Buffer,North–South / Avenue-like,SEG_0098_Z01
SEG_0098_P005,SEG_0098,MADISON AVE,5,45.000000000000014,8.468052159065325,12.823265943870279,Tree Near,Building Far,Vegetated Buffer,North–South / Avenue-like,SEG_0098_Z01
SEG_0098_P006,SEG_0098,MADISON AVE,6,55.00000000000002,8.051392598203105,12.825852686406858,Tree Near,Building Far,Vegetated Buffer,North–South / Avenue-like,SEG_0098_Z01
SEG_0098_P007,SEG_0098,MADISON AVE,7,65.00000000000001,15.746468028456142,12.828444488926156,Tree Near,Building Far,Vegetated Buffer,North–South / Avenue-like,SEG_0098_Z01
SEG_0098_P008,SEG_0098,MADISON AVE,8,75.00000000000001,25.12125769087271,15.232939225578331,Tree Near,Building Far,Vegetated Buffer,North–South / Avenue-like,SEG_0098_Z01
SEG_0099_P001,SEG_0099,E 42 ST,1,5.0,26.439119126922858,17.45391566702092,Tree Near,Building Far,Vegetated Buffer,East–West / Cross-street-like,SEG_0099_Z01
SEG_0099_P002,SEG_0099,E 42 ST,2,15.000000000000002,32.338083999102466,14.781043860440494,Tree Near,Building Far,Vegetated Buffer,East–West / Cross-street-like,SEG_0099_Z01
SEG_0099_P003,SEG_0099,E 42 ST,3,25.000000000000004,39.905843347290904,14.84498946430784,Tree Far,Building Far,Open Field,East–West / Cross-street-like,SEG_0099_Z02
SEG_0099_P004,SEG_0099,E 42 ST,4,35.00000000000001,48.36528703299675,14.909968360833552,Tree Far,Building Far,Open Field,East–West / Cross-street-like,SEG_0099_Z02
SEG_0099_P005,SEG_0099,E 42 ST,5,45.000000000000014,57.32299404523397,14.974937282142701,Tree Far,Building Far,Open Field,East–West / Cross-street-like,SEG_0099_Z02
SEG_0099_P006,SEG_0099,E 42 ST,6,55.00000000000002,66.57815124838763,15.039911836861348,Tree Far,Building Far,Open Field,East–West / Cross-street-like,SEG_0099_Z02
SEG_0099_P007,SEG_0099,E 42 ST,7,65.00000000000001,76.02219895136155,15.104931736554429,Tree Far,Building Far,Open Field,East–West / Cross-street-like,SEG_0099_Z02
SEG_0099_P008,SEG_0099,E 42 ST,8,75.00000000000001,85.59263544926891,15.129840977279725,Tree Far,Building Far,Open Field,East–West / Cross-street-like,SEG_0099_Z02
SEG_0099_P009,SEG_0099,E 42 ST,9,85.00000000000001,87.20708450750824,15.234899409625921,Tree Far,Building Far,Open Field,East–West / Cross-street-like,SEG_0099_Z02
SEG_0100_P001,SEG_0100,MADISON AVE,1,5.0,19.817876479868655,15.955340368392132,Tree Near,Building Far,Vegetated Buffer,North–South / Avenue-like,SEG_0100_Z01
SEG_0100_P002,SEG_0100,MADISON AVE,2,15.000000000000002,11.265669115682767,12.077348122869948,Tree Near,Building Far,Vegetated Buffer,North–South / Avenue-like,SEG_0100_Z01
SEG_0100_P003,SEG_0100,MADISON AVE,3,25.000000000000004,7.815521292717182,12.146560381809897,Tree Near,Building Far,Vegetated Buffer,North–South / Avenue-like,SEG_0100_Z01
SEG_0100_P004,SEG_0100,MADISON AVE,4,35.00000000000001,8.389483089225234,12.227551319258154,Tree Near,Building Far,Vegetated Buffer,North–South / Avenue-like,SEG_0100_Z01
SEG_0100_P005,SEG_0100,MADISON AVE,5,45.000000000000014,15.490463712680501,12.308542256710702,Tree Near,Building Far,Vegetated Buffer,North–South / Avenue-like,SEG_0100_Z01
SEG_0100_P006,SEG_0100,MADISON AVE,6,55.00000000000002,10.33670158711072,12.389533848686595,Tree Near,Building Far,Vegetated Buffer,North–South / Avenue-like,SEG_0100_Z01
SEG_0100_P007,SEG_0100,MADISON AVE,7,65.00000000000001,8.15847535647538,12.403630396624422,Tree Near,Building Far,Vegetated Buffer,North–South / Avenue-like,SEG_0100_Z01
SEG_0100_P008,SEG_0100,MADISON AVE,8,75.00000000000001,10.521385164774719,12.353316265113612,Tree Near,Building Far,Vegetated Buffer,North–South / Avenue-like,SEG_0100_Z01
SEG_0100_P009,SEG_0100,MADISON AVE,9,85.00000000000001,18.83715401617179,14.72974964190456,Tree Near,Building Far,Vegetated Buffer,North–South / Avenue-like,SEG_0100_Z01
SEG_0101_P001,SEG_0101,MADISON AVE,1,5.0,21.635348212323724,12.98454090870035,Tree Near,Building Far,Vegetated Buffer,North–South / Avenue-like,SEG_0101_Z01
SEG_0101_P002,SEG_0101,MADISON AVE,2,15.000000000000002,14.64509422279406,12.321597124559922,Tree Near,Building Far,Vegetated Buffer,North–South / Avenue-like,SEG_0101_Z01
SEG_0101_P003,SEG_0101,MADISON AVE,3,25.000000000000004,8.254861427282268,12.304600621766008,Tree Near,Building Far,Vegetated Buffer,North–South / Avenue-like,SEG_0101_Z01
SEG_0101_P004,SEG_0101,MADISON AVE,4,35.00000000000001,11.036606796152018,12.287604118976402,Tree Near,Building Far,Vegetated Buffer,North–South / Avenue-like,SEG_0101_Z01
SEG_0101_P005,SEG_0101,MADISON AVE,5,45.000000000000014,19.377064843829302,12.270607616186796,Tree Near,Building Far,Vegetated Buffer,North–South / Avenue-like,SEG_0101_Z01
SEG_0101_P006,SEG_0101,MADISON AVE,6,55.00000000000002,28.794697330427393,12.253594295036642,Tree Near,Building Far,Vegetated Buffer,North–South / Avenue-like,SEG_0101_Z01
SEG_0101_P007,SEG_0101,MADISON AVE,7,65.00000000000001,28.72866091968448,12.236577300958047,Tree Near,Building Far,Vegetated Buffer,North–South / Avenue-like,SEG_0101_Z01
SEG_0101_P008,SEG_0101,MADISON AVE,8,75.00000000000001,19.304499953496894,13.340224497216733,Tree Near,Building Far,Vegetated Buffer,North–South / Avenue-like,SEG_0101_Z01
SEG_0102_P001,SEG_0102,E 44 ST,1,5.0,57.94849365367807,13.94066296288778,Tree Far,Building Far,Open Field,East–West / Cross-street-like,SEG_0102_Z01
SEG_0102_P002,SEG_0102,E 44 ST,2,15.000000000000002,47.983208277174334,9.055077786620632,Tree Far,Building Near,Exposed Edge,East–West / Cross-street-like,SEG_0102_Z02
SEG_0102_P003,SEG_0102,E 44 ST,3,25.000000000000004,38.03614907440724,9.099697933425889,Tree Far,Building Near,Exposed Edge,East–West / Cross-street-like,SEG_0102_Z02
SEG_0102_P004,SEG_0102,E 44 ST,4,35.00000000000001,28.126659884316393,9.169949557886827,Tree Near,Building Near,Screened Edge,East–West / Cross-street-like,SEG_0102_Z03
SEG_0102_P005,SEG_0102,E 44 ST,5,45.000000000000014,18.31582256104002,9.240201182364862,Tree Near,Building Near,Screened Edge,East–West / Cross-street-like,SEG_0102_Z03
SEG_0102_P006,SEG_0102,E 44 ST,6,55.00000000000002,8.93474766999653,9.310429631518724,Tree Near,Building Near,Screened Edge,East–West / Cross-street-like,SEG_0102_Z03
SEG_0102_P007,SEG_0102,E 44 ST,7,65.00000000000001,4.918340753252164,9.281406015859389,Tree Near,Building Near,Screened Edge,East–West / Cross-street-like,SEG_0102_Z03
SEG_0102_P008,SEG_0102,E 44 ST,8,75.00000000000001,12.982697547268183,9.252273831561553,Tree Near,Building Near,Screened Edge,East–West / Cross-street-like,SEG_0102_Z03
SEG_0102_P009,SEG_0102,E 44 ST,9,85.00000000000001,22.647533981502825,9.223196999373457,Tree Near,Building Near,Screened Edge,East–West / Cross-street-like,SEG_0102_Z03
SEG_0102_P010,SEG_0102,E 44 ST,10,95.00000000000003,32.51570628607142,9.194073625284648,Tree Near,Building Near,Screened Edge,East–West / Cross-street-like,SEG_0102_Z03
SEG_0102_P011,SEG_0102,E 44 ST,11,105.00000000000003,42.44563010629079,9.164967156424545,Tree Far,Building Near,Exposed Edge,East–West / Cross-street-like,SEG_0102_Z04
SEG_0102_P012,SEG_0102,E 44 ST,12,115.00000000000003,35.192569509403214,9.135855045304602,Tree Far,Building Near,Exposed Edge,East–West / Cross-street-like,SEG_0102_Z04
SEG_0102_P013,SEG_0102,E 44 ST,13,125.00000000000003,26.308858948306376,9.106719233687272,Tree Near,Building Near,Screened Edge,East–West / Cross-street-like,SEG_0102_Z05
SEG_0102_P014,SEG_0102,E 44 ST,14,135.00000000000003,18.5955685486919,9.077583422069942,Tree Near,Building Near,Screened Edge,East–West / Cross-street-like,SEG_0102_Z05
SEG_0102_P015,SEG_0102,E 44 ST,15,145.00000000000003,14.122120242208792,9.26144288439953,Tree Near,Building Near,Screened Edge,East–West / Cross-street-like,SEG_0102_Z05
SEG_0102_P016,SEG_0102,E 44 ST,16,155.00000000000003,15.90828056775336,14.991441553922654,Tree Near,Building Far,Vegetated Buffer,East–West / Cross-street-like,SEG_0102_Z06
SEG_0103_P001,SEG_0103,5 AVE,1,5.0,82.56161559239604,15.749474631823537,Tree Far,Building Far,Open Field,North–South / Avenue-like,SEG_0103_Z01
SEG_0103_P002,SEG_0103,5 AVE,2,15.000000000000002,79.59065443752218,15.1623438799552,Tree Far,Building Far,Open Field,North–South / Avenue-like,SEG_0103_Z01
SEG_0103_P003,SEG_0103,5 AVE,3,25.000000000000004,69.68118641438176,15.138168954946918,Tree Far,Building Far,Open Field,North–South / Avenue-like,SEG_0103_Z01
SEG_0103_P004,SEG_0103,5 AVE,4,35.00000000000001,59.80186749595635,15.114034753675739,Tree Far,Building Far,Open Field,North–South / Avenue-like,SEG_0103_Z01
SEG_0103_P005,SEG_0103,5 AVE,5,45.000000000000014,49.970584637035344,15.089910308042118,Tree Far,Building Far,Open Field,North–South / Avenue-like,SEG_0103_Z01
SEG_0103_P006,SEG_0103,5 AVE,6,55.00000000000002,40.222572045208075,15.065785862443843,Tree Far,Building Far,Open Field,North–South / Avenue-like,SEG_0103_Z01
SEG_0103_P007,SEG_0103,5 AVE,7,65.00000000000001,30.6374162568683,15.041661416845564,Tree Near,Building Far,Vegetated Buffer,North–South / Avenue-like,SEG_0103_Z02
SEG_0103_P008,SEG_0103,5 AVE,8,75.00000000000001,21.434720615394973,15.732109935675007,Tree Near,Building Far,Vegetated Buffer,North–South / Avenue-like,SEG_0103_Z02
SEG_0104_P001,SEG_0104,5 AVE,1,5.0,13.628384469579824,16.907154527538772,Tree Near,Building Far,Vegetated Buffer,North–South / Avenue-like,SEG_0104_Z01
SEG_0104_P002,SEG_0104,5 AVE,2,15.000000000000002,9.990671852061027,15.286358707695216,Tree Near,Building Far,Vegetated Buffer,North–South / Avenue-like,SEG_0104_Z01
SEG_0104_P003,SEG_0104,5 AVE,3,25.000000000000004,10.119904023811483,15.202346525612764,Tree Near,Building Far,Vegetated Buffer,North–South / Avenue-like,SEG_0104_Z01
SEG_0104_P004,SEG_0104,5 AVE,4,35.00000000000001,10.273444864493946,15.118334343530305,Tree Near,Building Far,Vegetated Buffer,North–South / Avenue-like,SEG_0104_Z01
SEG_0104_P005,SEG_0104,5 AVE,5,45.000000000000014,10.212956571098903,15.930416024412395,Tree Near,Building Far,Vegetated Buffer,North–South / Avenue-like,SEG_0104_Z01
SEG_0104_P006,SEG_0104,5 AVE,6,55.00000000000002,10.401741453663856,21.368194561179386,Tree Near,Building Far,Vegetated Buffer,North–South / Avenue-like,SEG_0104_Z01
SEG_0104_P007,SEG_0104,5 AVE,7,65.00000000000001,10.975279869158925,29.315888574254068,Tree Near,Building Far,Vegetated Buffer,North–South / Avenue-like,SEG_0104_Z01
SEG_0104_P008,SEG_0104,5 AVE,8,75.00000000000001,17.268409937918904,38.23928486506836,Tree Near,Building Far,Vegetated Buffer,North–South / Avenue-like,SEG_0104_Z01
SEG_0105_P001,SEG_0105,5 AVE,1,5.0,47.38486807520505,16.51784086262406,Tree Far,Building Far,Open Field,North–South / Avenue-like,SEG_0105_Z01
SEG_0105_P002,SEG_0105,5 AVE,2,15.000000000000002,57.26410736928676,15.050268450866234,Tree Far,Building Far,Open Field,North–South / Avenue-like,SEG_0105_Z01
SEG_0105_P003,SEG_0105,5 AVE,3,25.000000000000004,67.17909096657463,15.074536159130025,Tree Far,Building Far,Open Field,North–South / Avenue-like,SEG_0105_Z01
SEG_0105_P004,SEG_0105,5 AVE,4,35.00000000000001,77.11603292047732,15.098814189151463,Tree Far,Building Far,Open Field,North–South / Avenue-like,SEG_0105_Z01
SEG_0105_P005,SEG_0105,5 AVE,5,45.000000000000014,82.27114936003977,15.12311370277963,Tree Far,Building Far,Open Field,North–South / Avenue-like,SEG_0105_Z01
SEG_0105_P006,SEG_0105,5 AVE,6,55.00000000000002,79.24362749831843,15.147389637007997,Tree Far,Building Far,Open Field,North–South / Avenue-like,SEG_0105_Z01
SEG_0105_P007,SEG_0105,5 AVE,7,65.00000000000001,73.8977955416909,15.171660128654151,Tree Far,Building Far,Open Field,North–South / Avenue-like,SEG_0105_Z01
SEG_0105_P008,SEG_0105,5 AVE,8,75.00000000000001,63.958268148818775,16.379236235109627,Tree Far,Building Far,Open Field,North–South / Avenue-like,SEG_0105_Z01
SEG_0106_P001,SEG_0106,E 43 ST,1,5.0,20.819340413854157,14.183962500507254,Tree Near,Building Far,Vegetated Buffer,East–West / Cross-street-like,SEG_0106_Z01
SEG_0106_P002,SEG_0106,E 43 ST,2,15.000000000000002,28.005614090167015,9.636752026428903,Tree Near,Building Near,Screened Edge,East–West / Cross-street-like,SEG_0106_Z02
SEG_0106_P003,SEG_0106,E 43 ST,3,25.000000000000004,34.117704337473654,9.587747851446807,Tree Near,Building Near,Screened Edge,East–West / Cross-street-like,SEG_0106_Z02
SEG_0106_P004,SEG_0106,E 43 ST,4,35.00000000000001,39.6132753132968,9.546072446467072,Tree Far,Building Near,Exposed Edge,East–West / Cross-street-like,SEG_0106_Z03
SEG_0106_P005,SEG_0106,E 43 ST,5,45.000000000000014,46.63052018619087,9.504397041487334,Tree Far,Building Near,Exposed Edge,East–West / Cross-street-like,SEG_0106_Z03
SEG_0106_P006,SEG_0106,E 43 ST,6,55.00000000000002,38.03016642218548,9.46272163649984,Tree Far,Building Near,Exposed Edge,East–West / Cross-street-like,SEG_0106_Z03
SEG_0106_P007,SEG_0106,E 43 ST,7,65.00000000000001,28.12127486368125,9.421046231520101,Tree Near,Building Near,Screened Edge,East–West / Cross-street-like,SEG_0106_Z04
SEG_0106_P008,SEG_0106,E 43 ST,8,75.00000000000001,18.311707779914048,9.379358602684556,Tree Near,Building Near,Screened Edge,East–West / Cross-street-like,SEG_0106_Z04
SEG_0106_P009,SEG_0106,E 43 ST,9,85.00000000000001,8.934829806830063,9.337672860884332,Tree Near,Building Near,Screened Edge,East–West / Cross-street-like,SEG_0106_Z04
SEG_0106_P010,SEG_0106,E 43 ST,10,95.00000000000003,4.933936109942623,9.296051394026787,Tree Near,Building Near,Screened Edge,East–West / Cross-street-like,SEG_0106_Z04
SEG_0106_P011,SEG_0106,E 43 ST,11,105.00000000000003,8.888440989755033,9.254401171106188,Tree Near,Building Near,Screened Edge,East–West / Cross-street-like,SEG_0106_Z04
SEG_0106_P012,SEG_0106,E 43 ST,12,115.00000000000003,4.861039812103192,9.212744047645993,Tree Near,Building Near,Screened Edge,East–West / Cross-street-like,SEG_0106_Z04
SEG_0106_P013,SEG_0106,E 43 ST,13,125.00000000000003,9.763432087118064,9.171086924185795,Tree Near,Building Near,Screened Edge,East–West / Cross-street-like,SEG_0106_Z04
SEG_0106_P014,SEG_0106,E 43 ST,14,135.00000000000003,4.397108252759059,9.129429800725601,Tree Near,Building Near,Screened Edge,East–West / Cross-street-like,SEG_0106_Z04
SEG_0106_P015,SEG_0106,E 43 ST,15,145.00000000000003,11.972657008914926,9.292194975786893,Tree Near,Building Near,Screened Edge,East–West / Cross-street-like,SEG_0106_Z04
SEG_0106_P016,SEG_0106,E 43 ST,16,155.00000000000003,20.191817875535648,14.978477711983237,Tree Near,Building Far,Vegetated Buffer,East–West / Cross-street-like,SEG_0106_Z05
SEG_0107_P001,SEG_0107,5 AVE,1,5.0,49.46390978486286,18.558939586332148,Tree Far,Building Far,Open Field,North–South / Avenue-like,SEG_0107_Z01
SEG_0107_P002,SEG_0107,5 AVE,2,15.000000000000002,39.61449400742775,15.374620132607669,Tree Far,Building Far,Open Field,North–South / Avenue-like,SEG_0107_Z01
SEG_0107_P003,SEG_0107,5 AVE,3,25.000000000000004,29.865329392520774,15.399991360466428,Tree Near,Building Far,Vegetated Buffer,North–South / Avenue-like,SEG_0107_Z02
SEG_0107_P004,SEG_0107,5 AVE,4,35.00000000000001,20.360934752185585,15.432007311564702,Tree Near,Building Far,Vegetated Buffer,North–South / Avenue-like,SEG_0107_Z02
SEG_0107_P005,SEG_0107,5 AVE,5,45.000000000000014,11.713130590985319,15.464023262689784,Tree Near,Building Far,Vegetated Buffer,North–South / Avenue-like,SEG_0107_Z02
SEG_0107_P006,SEG_0107,5 AVE,6,55.00000000000002,7.734794986258932,15.49605796755251,Tree Near,Building Far,Vegetated Buffer,North–South / Avenue-like,SEG_0107_Z02
SEG_0107_P007,SEG_0107,5 AVE,7,65.00000000000001,8.121506354245565,15.528091854372587,Tree Near,Building Far,Vegetated Buffer,North–South / Avenue-like,SEG_0107_Z02
SEG_0107_P008,SEG_0107,5 AVE,8,75.00000000000001,9.640811571486925,15.560114497722768,Tree Near,Building Far,Vegetated Buffer,North–South / Avenue-like,SEG_0107_Z02
SEG_0107_P009,SEG_0107,5 AVE,9,85.00000000000001,17.732719017992736,18.07272818240907,Tree Near,Building Far,Vegetated Buffer,North–South / Avenue-like,SEG_0107_Z02
SEG_0108_P001,SEG_0108,5 AVE,1,5.0,22.90242171099641,15.977062049535345,Tree Near,Building Far,Vegetated Buffer,North–South / Avenue-like,SEG_0108_Z01
SEG_0108_P002,SEG_0108,5 AVE,2,15.000000000000002,32.519876621059105,15.335683883776008,Tree Near,Building Far,Vegetated Buffer,North–South / Avenue-like,SEG_0108_Z01
SEG_0108_P003,SEG_0108,5 AVE,3,25.000000000000004,42.31505442118447,15.364397385711372,Tree Far,Building Far,Open Field,North–South / Avenue-like,SEG_0108_Z02
SEG_0108_P004,SEG_0108,5 AVE,4,35.00000000000001,52.18798028175131,15.359916447256506,Tree Far,Building Far,Open Field,North–South / Avenue-like,SEG_0108_Z02
SEG_0108_P005,SEG_0108,5 AVE,5,45.000000000000014,62.101584624091686,15.355462212615967,Tree Far,Building Far,Open Field,North–South / Avenue-like,SEG_0108_Z02
SEG_0108_P006,SEG_0108,5 AVE,6,55.00000000000002,69.16633571535324,15.350973914440837,Tree Far,Building Far,Open Field,North–South / Avenue-like,SEG_0108_Z02
SEG_0108_P007,SEG_0108,5 AVE,7,65.00000000000001,65.60455481298888,15.34648230431169,Tree Far,Building Far,Open Field,North–South / Avenue-like,SEG_0108_Z02
SEG_0108_P008,SEG_0108,5 AVE,8,75.00000000000001,63.4344798050062,16.047113931378313,Tree Far,Building Far,Open Field,North–South / Avenue-like,SEG_0108_Z02
SEG_0109_P001,SEG_0109,W 43 ST,1,5.0,16.826650803184766,14.07705804781247,Tree Near,Building Far,Vegetated Buffer,East–West / Cross-street-like,SEG_0109_Z01
SEG_0109_P002,SEG_0109,W 43 ST,2,15.000000000000002,18.258919642749447,9.60682332840468,Tree Near,Building Near,Screened Edge,East–West / Cross-street-like,SEG_0109_Z02
SEG_0109_P003,SEG_0109,W 43 ST,3,25.000000000000004,24.158644742373646,9.559855501250738,Tree Near,Building Near,Screened Edge,East–West / Cross-street-like,SEG_0109_Z02
SEG_0109_P004,SEG_0109,W 43 ST,4,35.00000000000001,32.1541923402993,9.51618523772285,Tree Near,Building Near,Screened Edge,East–West / Cross-street-like,SEG_0109_Z02
SEG_0109_P005,SEG_0109,W 43 ST,5,45.000000000000014,41.03832421438484,9.472514974177898,Tree Far,Building Near,Exposed Edge,East–West / Cross-street-like,SEG_0109_Z03
SEG_0109_P006,SEG_0109,W 43 ST,6,55.00000000000002,50.3427852188647,9.428568418770686,Tree Far,Building Near,Exposed Edge,East–West / Cross-street-like,SEG_0109_Z03
SEG_0109_P007,SEG_0109,W 43 ST,7,65.00000000000001,59.87192992430002,9.409544808844341,Tree Far,Building Near,Exposed Edge,East–West / Cross-street-like,SEG_0109_Z03
SEG_0109_P008,SEG_0109,W 43 ST,8,75.00000000000001,69.53344491773447,9.390521198917995,Tree Far,Building Near,Exposed Edge,East–West / Cross-street-like,SEG_0109_Z03
SEG_0109_P009,SEG_0109,W 43 ST,9,85.00000000000001,78.04862025436853,9.37149281701038,Tree Far,Building Near,Exposed Edge,East–West / Cross-street-like,SEG_0109_Z03
SEG_0109_P010,SEG_0109,W 43 ST,10,95.00000000000003,78.07089217405263,9.352433583138124,Tree Far,Building Near,Exposed Edge,East–West / Cross-street-like,SEG_0109_Z03
SEG_0109_P011,SEG_0109,W 43 ST,11,105.00000000000003,78.396614018597,9.333374349265872,Tree Far,Building Near,Exposed Edge,East–West / Cross-street-like,SEG_0109_Z03
SEG_0109_P012,SEG_0109,W 43 ST,12,115.00000000000003,79.98121013281168,9.314318886772949,Tree Far,Building Near,Exposed Edge,East–West / Cross-street-like,SEG_0109_Z03
SEG_0109_P013,SEG_0109,W 43 ST,13,125.00000000000003,82.75239488399627,9.29527812919008,Tree Far,Building Near,Exposed Edge,East–West / Cross-street-like,SEG_0109_Z03
SEG_0109_P014,SEG_0109,W 43 ST,14,135.00000000000003,83.75278200938459,9.276237371624356,Tree Far,Building Near,Exposed Edge,East–West / Cross-street-like,SEG_0109_Z03
SEG_0109_P015,SEG_0109,W 43 ST,15,145.00000000000003,83.71474806667621,9.25719661404149,Tree Far,Building Near,Exposed Edge,East–West / Cross-street-like,SEG_0109_Z03
SEG_0109_P016,SEG_0109,W 43 ST,16,155.00000000000003,79.74760810974387,9.238155856458624,Tree Far,Building Near,Exposed Edge,East–West / Cross-street-like,SEG_0109_Z03
SEG_0109_P017,SEG_0109,W 43 ST,17,165.00000000000003,76.09772863825917,9.219117696966824,Tree Far,Building Near,Exposed Edge,East–West / Cross-street-like,SEG_0109_Z03
SEG_0109_P018,SEG_0109,W 43 ST,18,175.00000000000006,73.63455444679997,9.20003599326213,Tree Far,Building Near,Exposed Edge,East–West / Cross-street-like,SEG_0109_Z03
SEG_0109_P019,SEG_0109,W 43 ST,19,185.00000000000006,72.47917572142646,9.180997758838169,Tree Far,Building Near,Exposed Edge,East–West / Cross-street-like,SEG_0109_Z03
SEG_0109_P020,SEG_0109,W 43 ST,20,195.00000000000006,72.46449711201772,9.162002416583277,Tree Far,Building Near,Exposed Edge,East–West / Cross-street-like,SEG_0109_Z03
SEG_0109_P021,SEG_0109,W 43 ST,21,205.00000000000006,72.37594111943496,9.142974714950986,Tree Far,Building Near,Exposed Edge,East–West / Cross-street-like,SEG_0109_Z03
SEG_0109_P022,SEG_0109,W 43 ST,22,215.00000000000003,72.33249044594973,9.123937565871458,Tree Far,Building Near,Exposed Edge,East–West / Cross-street-like,SEG_0109_Z03
SEG_0109_P023,SEG_0109,W 43 ST,23,225.00000000000003,72.37111799943104,9.104896368314197,Tree Far,Building Near,Exposed Edge,East–West / Cross-street-like,SEG_0109_Z03
SEG_0109_P024,SEG_0109,W 43 ST,24,235.00000000000006,73.60932528526132,9.085849561191017,Tree Far,Building Near,Exposed Edge,East–West / Cross-street-like,SEG_0109_Z03
SEG_0109_P025,SEG_0109,W 43 ST,25,245.00000000000006,76.15173548523502,9.06680275405846,Tree Far,Building Near,Exposed Edge,East–West / Cross-street-like,SEG_0109_Z03
SEG_0109_P026,SEG_0109,W 43 ST,26,255.00000000000006,79.25075763512989,9.047755946918137,Tree Far,Building Near,Exposed Edge,East–West / Cross-street-like,SEG_0109_Z03
SEG_0109_P027,SEG_0109,W 43 ST,27,265.00000000000006,70.1865293369494,9.028709139777813,Tree Far,Building Near,Exposed Edge,East–West / Cross-street-like,SEG_0109_Z03
SEG_0109_P028,SEG_0109,W 43 ST,28,275.00000000000006,60.20901935615219,9.009662332637495,Tree Far,Building Near,Exposed Edge,East–West / Cross-street-like,SEG_0109_Z03
SEG_0109_P029,SEG_0109,W 43 ST,29,285.00000000000006,50.240453056200955,8.990615525497173,Tree Far,Building Near,Exposed Edge,East–West / Cross-street-like,SEG_0109_Z03
SEG_0109_P030,SEG_0109,W 43 ST,30,295.00000000000006,40.28746994727508,8.97154513523594,Tree Far,Building Near,Exposed Edge,East–West / Cross-street-like,SEG_0109_Z03
SEG_0109_P031,SEG_0109,W 43 ST,31,305.00000000000006,30.365397185210384,13.074712070479624,Tree Near,Building Far,Vegetated Buffer,East–West / Cross-street-like,SEG_0109_Z04
SEG_0110_P001,SEG_0110,5 AVE,1,5.0,62.80622933487178,15.93477622872049,Tree Far,Building Far,Open Field,North–South / Avenue-like,SEG_0110_Z01
SEG_0110_P002,SEG_0110,5 AVE,2,15.000000000000002,63.73516969596193,15.43735873896683,Tree Far,Building Far,Open Field,North–South / Avenue-like,SEG_0110_Z01
SEG_0110_P003,SEG_0110,5 AVE,3,25.000000000000004,66.1794625928682,15.43355203748946,Tree Far,Building Far,Open Field,North–South / Avenue-like,SEG_0110_Z01
SEG_0110_P004,SEG_0110,5 AVE,4,35.00000000000001,69.98050215588206,15.42974533600779,Tree Far,Building Far,Open Field,North–South / Avenue-like,SEG_0110_Z01
SEG_0110_P005,SEG_0110,5 AVE,5,45.000000000000014,74.9321032328472,15.425938634526126,Tree Far,Building Far,Open Field,North–South / Avenue-like,SEG_0110_Z01
SEG_0110_P006,SEG_0110,5 AVE,6,55.00000000000002,80.82307534241372,15.422131933048753,Tree Far,Building Far,Open Field,North–South / Avenue-like,SEG_0110_Z01
SEG_0110_P007,SEG_0110,5 AVE,7,65.00000000000001,81.9119680573597,15.41832523156709,Tree Far,Building Far,Open Field,North–South / Avenue-like,SEG_0110_Z01
SEG_0110_P008,SEG_0110,5 AVE,8,75.00000000000001,81.71086982041271,16.332431494809356,Tree Far,Building Far,Open Field,North–South / Avenue-like,SEG_0110_Z01
SEG_0111_P001,SEG_0111,W 44 ST,1,5.0,67.9256229791985,13.748607932544795,Tree Far,Building Far,Open Field,East–West / Cross-street-like,SEG_0111_Z01
SEG_0111_P002,SEG_0111,W 44 ST,2,15.000000000000002,77.91004619243894,8.967306648530423,Tree Far,Building Near,Exposed Edge,East–West / Cross-street-like,SEG_0111_Z02
SEG_0111_P003,SEG_0111,W 44 ST,3,25.000000000000004,87.89801100311439,8.970302801636448,Tree Far,Building Near,Exposed Edge,East–West / Cross-street-like,SEG_0111_Z02
SEG_0111_P004,SEG_0111,W 44 ST,4,35.00000000000001,89.2483851211607,8.984251833641862,Tree Far,Building Near,Exposed Edge,East–West / Cross-street-like,SEG_0111_Z02
SEG_0111_P005,SEG_0111,W 44 ST,5,45.000000000000014,79.26081634744017,8.998200865639511,Tree Far,Building Near,Exposed Edge,East–West / Cross-street-like,SEG_0111_Z02
SEG_0111_P006,SEG_0111,W 44 ST,6,55.00000000000002,69.276834291054,9.012149897637164,Tree Far,Building Near,Exposed Edge,East–West / Cross-street-like,SEG_0111_Z02
SEG_0111_P007,SEG_0111,W 44 ST,7,65.00000000000001,59.29825065478383,9.026138266338764,Tree Far,Building Near,Exposed Edge,East–West / Cross-street-like,SEG_0111_Z02
SEG_0111_P008,SEG_0111,W 44 ST,8,75.00000000000001,49.32834167134429,9.096800320474147,Tree Far,Building Near,Exposed Edge,East–West / Cross-street-like,SEG_0111_Z02
SEG_0111_P009,SEG_0111,W 44 ST,9,85.00000000000001,39.373697481594114,9.054058791198115,Tree Far,Building Near,Exposed Edge,East–West / Cross-street-like,SEG_0111_Z02
SEG_0111_P010,SEG_0111,W 44 ST,10,95.00000000000003,29.44980160710499,9.067992499595192,Tree Near,Building Near,Screened Edge,East–West / Cross-street-like,SEG_0111_Z03
SEG_0111_P011,SEG_0111,W 44 ST,11,105.00000000000003,19.603407255509975,9.081917383886758,Tree Near,Building Near,Screened Edge,East–West / Cross-street-like,SEG_0111_Z03
SEG_0111_P012,SEG_0111,W 44 ST,12,115.00000000000003,10.064608156943594,9.095870530792565,Tree Near,Building Near,Screened Edge,East–West / Cross-street-like,SEG_0111_Z03
SEG_0111_P013,SEG_0111,W 44 ST,13,125.00000000000003,4.2777445786473365,9.109835334151468,Tree Near,Building Near,Screened Edge,East–West / Cross-street-like,SEG_0111_Z03
SEG_0111_P014,SEG_0111,W 44 ST,14,135.00000000000003,4.5892698359715025,9.12380128812522,Tree Near,Building Near,Screened Edge,East–West / Cross-street-like,SEG_0111_Z03
SEG_0111_P015,SEG_0111,W 44 ST,15,145.00000000000003,4.259634968268279,9.137777134329484,Tree Near,Building Near,Screened Edge,East–West / Cross-street-like,SEG_0111_Z03
SEG_0111_P016,SEG_0111,W 44 ST,16,155.00000000000003,10.055454579069346,9.151761861061242,Tree Near,Building Near,Screened Edge,East–West / Cross-street-like,SEG_0111_Z03
SEG_0111_P017,SEG_0111,W 44 ST,17,165.00000000000003,19.597955085171108,9.165728629159549,Tree Near,Building Near,Screened Edge,East–West / Cross-street-like,SEG_0111_Z03
SEG_0111_P018,SEG_0111,W 44 ST,18,175.00000000000006,15.286243388148277,9.179678671515394,Tree Near,Building Near,Screened Edge,East–West / Cross-street-like,SEG_0111_Z03
SEG_0111_P019,SEG_0111,W 44 ST,19,185.00000000000006,7.914805937461429,9.193626767255513,Tree Near,Building Near,Screened Edge,East–West / Cross-street-like,SEG_0111_Z03
SEG_0111_P020,SEG_0111,W 44 ST,20,195.00000000000006,8.213884842174759,7.860610272783412,Tree Near,Building Near,Screened Edge,East–West / Cross-street-like,SEG_0111_Z03
SEG_0111_P021,SEG_0111,W 44 ST,21,205.00000000000006,7.766251078688869,7.874561419626794,Tree Near,Building Near,Screened Edge,East–West / Cross-street-like,SEG_0111_Z03
SEG_0111_P022,SEG_0111,W 44 ST,22,215.00000000000003,7.790891689518451,7.888477997420246,Tree Near,Building Near,Screened Edge,East–West / Cross-street-like,SEG_0111_Z03
SEG_0111_P023,SEG_0111,W 44 ST,23,225.00000000000003,8.16759844604624,7.9024441584005665,Tree Near,Building Near,Screened Edge,East–West / Cross-street-like,SEG_0111_Z03
SEG_0111_P024,SEG_0111,W 44 ST,24,235.00000000000006,15.660516187840225,9.332666660243442,Tree Near,Building Near,Screened Edge,East–West / Cross-street-like,SEG_0111_Z03
SEG_0111_P025,SEG_0111,W 44 ST,25,245.00000000000006,24.975865754028455,9.336005189268421,Tree Near,Building Near,Screened Edge,East–West / Cross-street-like,SEG_0111_Z03
SEG_0111_P026,SEG_0111,W 44 ST,26,255.00000000000006,34.674716625472136,9.33940922476948,Tree Near,Building Near,Screened Edge,East–West / Cross-street-like,SEG_0111_Z03
SEG_0111_P027,SEG_0111,W 44 ST,27,265.00000000000006,44.50705647366756,9.342814817114663,Tree Far,Building Near,Exposed Edge,East–West / Cross-street-like,SEG_0111_Z04
SEG_0111_P028,SEG_0111,W 44 ST,28,275.00000000000006,54.40055311155389,9.34622040945208,Tree Far,Building Near,Exposed Edge,East–West / Cross-street-like,SEG_0111_Z04
SEG_0111_P029,SEG_0111,W 44 ST,29,285.00000000000006,50.93689524227176,9.349626001780122,Tree Far,Building Near,Exposed Edge,East–West / Cross-street-like,SEG_0111_Z04
SEG_0111_P030,SEG_0111,W 44 ST,30,295.00000000000006,41.063236014705765,9.353031308476709,Tree Far,Building Near,Exposed Edge,East–West / Cross-street-like,SEG_0111_Z04
SEG_0111_P031,SEG_0111,W 44 ST,31,305.00000000000006,31.26997612849403,13.176979883740115,Tree Near,Building Far,Vegetated Buffer,East–West / Cross-street-like,SEG_0111_Z05
SEG_0112_P001,SEG_0112,W 45 ST,1,5.0,86.95546994416794,14.040817813984416,Tree Far,Building Far,Open Field,East–West / Cross-street-like,SEG_0112_Z01
SEG_0112_P002,SEG_0112,W 45 ST,2,15.000000000000002,96.92462987480273,9.439544964081263,Tree Far,Building Near,Exposed Edge,East–West / Cross-street-like,SEG_0112_Z02
SEG_0112_P003,SEG_0112,W 45 ST,3,25.000000000000004,100.27544240545492,9.195474195183515,Tree Far,Building Near,Exposed Edge,East–West / Cross-street-like,SEG_0112_Z02
SEG_0112_P004,SEG_0112,W 45 ST,4,35.00000000000001,104.19135501436858,9.16852035977516,Tree Far,Building Near,Exposed Edge,East–West / Cross-street-like,SEG_0112_Z02
SEG_0112_P005,SEG_0112,W 45 ST,5,45.000000000000014,108.88761440056268,9.14156652435741,Tree Far,Building Near,Exposed Edge,East–West / Cross-street-like,SEG_0112_Z02
SEG_0112_P006,SEG_0112,W 45 ST,6,55.00000000000002,102.05722371620028,9.11461268895682,Tree Far,Building Near,Exposed Edge,East–West / Cross-street-like,SEG_0112_Z02
SEG_0112_P007,SEG_0112,W 45 ST,7,65.00000000000001,95.58028465376029,9.087647299498569,Tree Far,Building Near,Exposed Edge,East–West / Cross-street-like,SEG_0112_Z02
SEG_0112_P008,SEG_0112,W 45 ST,8,75.00000000000001,89.75246356687217,9.060649428370077,Tree Far,Building Near,Exposed Edge,East–West / Cross-street-like,SEG_0112_Z02
SEG_0112_P009,SEG_0112,W 45 ST,9,85.00000000000001,84.7078427192717,9.033677918021272,Tree Far,Building Near,Exposed Edge,East–West / Cross-street-like,SEG_0112_Z02
SEG_0112_P010,SEG_0112,W 45 ST,10,95.00000000000003,80.59362580246115,9.006702964201335,Tree Far,Building Near,Exposed Edge,East–West / Cross-street-like,SEG_0112_Z02
SEG_0112_P011,SEG_0112,W 45 ST,11,105.00000000000003,77.55801971309499,8.979693198676838,Tree Far,Building Near,Exposed Edge,East–West / Cross-street-like,SEG_0112_Z02
SEG_0112_P012,SEG_0112,W 45 ST,12,115.00000000000003,75.73084129765192,8.952815779452916,Tree Far,Building Near,Exposed Edge,East–West / Cross-street-like,SEG_0112_Z02
SEG_0112_P013,SEG_0112,W 45 ST,13,125.00000000000003,75.20022756268847,8.925855591221827,Tree Far,Building Near,Exposed Edge,East–West / Cross-street-like,SEG_0112_Z02
SEG_0112_P014,SEG_0112,W 45 ST,14,135.00000000000003,75.2628470223183,8.898895402990735,Tree Far,Building Near,Exposed Edge,East–West / Cross-street-like,SEG_0112_Z02
SEG_0112_P015,SEG_0112,W 45 ST,15,145.00000000000003,75.28104701557334,8.871916615014376,Tree Far,Building Near,Exposed Edge,East–West / Cross-street-like,SEG_0112_Z02
SEG_0112_P016,SEG_0112,W 45 ST,16,155.00000000000003,75.84931083212538,8.844911903724746,Tree Far,Building Near,Exposed Edge,East–West / Cross-street-like,SEG_0112_Z02
SEG_0112_P017,SEG_0112,W 45 ST,17,165.00000000000003,77.71100223041934,8.818003823251077,Tree Far,Building Near,Exposed Edge,East–West / Cross-street-like,SEG_0112_Z02
SEG_0112_P018,SEG_0112,W 45 ST,18,175.00000000000006,80.77674035021059,8.791061953997632,Tree Far,Building Near,Exposed Edge,East–West / Cross-street-like,SEG_0112_Z02
SEG_0112_P019,SEG_0112,W 45 ST,19,185.00000000000006,84.91621573971308,8.764117743454996,Tree Far,Building Near,Exposed Edge,East–West / Cross-street-like,SEG_0112_Z02
SEG_0112_P020,SEG_0112,W 45 ST,20,195.00000000000006,86.80275138126656,8.737112074729499,Tree Far,Building Near,Exposed Edge,East–West / Cross-street-like,SEG_0112_Z02
SEG_0112_P021,SEG_0112,W 45 ST,21,205.00000000000006,86.81300779020928,8.710123938347701,Tree Far,Building Near,Exposed Edge,East–West / Cross-street-like,SEG_0112_Z02
SEG_0112_P022,SEG_0112,W 45 ST,22,215.00000000000003,86.87074161964537,9.01564352340529,Tree Far,Building Near,Exposed Edge,East–West / Cross-street-like,SEG_0112_Z02
SEG_0112_P023,SEG_0112,W 45 ST,23,225.00000000000003,86.9363406568854,9.035063821711258,Tree Far,Building Near,Exposed Edge,East–West / Cross-street-like,SEG_0112_Z02
SEG_0112_P024,SEG_0112,W 45 ST,24,235.00000000000006,87.97768378056895,9.065457022285816,Tree Far,Building Near,Exposed Edge,East–West / Cross-street-like,SEG_0112_Z02
SEG_0112_P025,SEG_0112,W 45 ST,25,245.00000000000006,90.12335080310483,10.01711970912549,Tree Far,Building Near,Exposed Edge,East–West / Cross-street-like,SEG_0112_Z02
SEG_0112_P026,SEG_0112,W 45 ST,26,255.00000000000006,93.29718043202155,10.174679875377333,Tree Far,Building Near,Exposed Edge,East–West / Cross-street-like,SEG_0112_Z02
SEG_0112_P027,SEG_0112,W 45 ST,27,265.00000000000006,97.39871350869976,9.157292386293637,Tree Far,Building Near,Exposed Edge,East–West / Cross-street-like,SEG_0112_Z02
SEG_0112_P028,SEG_0112,W 45 ST,28,275.00000000000006,97.96896063905261,9.1878655138802,Tree Far,Building Near,Exposed Edge,East–West / Cross-street-like,SEG_0112_Z02
SEG_0112_P029,SEG_0112,W 45 ST,29,285.00000000000006,91.91536423303506,9.218438641449609,Tree Far,Building Near,Exposed Edge,East–West / Cross-street-like,SEG_0112_Z02
SEG_0112_P030,SEG_0112,W 45 ST,30,295.00000000000006,86.59648442917562,9.249011769036171,Tree Far,Building Near,Exposed Edge,East–West / Cross-street-like,SEG_0112_Z02
SEG_0112_P031,SEG_0112,W 45 ST,31,305.00000000000006,82.15514621062331,13.134838534386946,Tree Far,Building Far,Open Field,East–West / Cross-street-like,SEG_0112_Z03
