Title,Note,URL,Tags,Comment
,,,,
Enoki - Asian Pantry & Vintage Clothing,,https://www.google.com/maps/place/Enoki+-+Asian+Pantry+%26+Vintage+Clothing/data=!4m2!3m1!1s0x89dda7b1ee791e7f:0x5f134941011324c4,,
HYDERABADI ZAIQA,,https://www.google.com/maps/place/HYDERABADI+ZAIQA/data=!4m2!3m1!1s0x89c25939865415e7:0x7bb00b793c2bd3a5,,
SOMA Soho,,https://www.google.com/maps/place/SOMA+Soho/data=!4m2!3m1!1s0x4876053faaf0e393:0xd5147c56940818b1,,
Hartley's,,https://www.google.com/maps/place/Hartley's/data=!4m2!3m1!1s0x89c25ba2cc74ff23:0x6a3df91b387fdd2f,,
Best Tofu,,https://www.google.com/maps/place/Best+Tofu/data=!4m2!3m1!1s0x47e66de6fad2e781:0x80c09d3c22b11eca,,
? Tea (Question Mark Tea) - Columbia University,,https://www.google.com/maps/place/%3F+Tea+(Question+Mark+Tea)+-+Columbia+University/data=!4m2!3m1!1s0x89c2f7ca99007cf3:0xb62031affdc62786,,
Chez Panisse,,https://www.google.com/maps/place/Chez+Panisse/data=!4m2!3m1!1s0x80857ea1255c8b71:0x4163509ac1eb5cf9,,
"Graduate School of Architecture, Planning and Preservation",,"https://www.google.com/maps/place/Graduate+School+of+Architecture,+Planning+and+Preservation/data=!4m2!3m1!1s0x89c2f63e15b82c1f:0xc8993b2047562494",,
Road Sign,,https://www.google.com/maps/place/Road+Sign/data=!4m2!3m1!1s0x3442aba7fea66f7f:0x31e9ce81d1cdf6e,,
Professor.E Taipei,,https://www.google.com/maps/place/Professor.E+Taipei/data=!4m2!3m1!1s0x3442a91af6fc01d3:0x3524c80e62898017,,
Cambridge Chemists,,https://www.google.com/maps/place/Cambridge+Chemists/data=!4m2!3m1!1s0x89c258eecd19675d:0xb36f0b3c60399690,,
C.O. Bigelow Chemists,,https://www.google.com/maps/place/C.O.+Bigelow+Chemists/data=!4m2!3m1!1s0x89c25996bfe6de2b:0x52ecd6d1e3a4389f,,
Eve Beauty Koreatown,,https://www.google.com/maps/place/Eve+Beauty+Koreatown/data=!4m2!3m1!1s0x89c259cffce4a499:0x6e55c9c6e0908cf6,,
The Original Roy Hutchins Barbeque,,https://www.google.com/maps/place/The+Original+Roy+Hutchins+Barbeque/data=!4m2!3m1!1s0x864dd3d7ea55b0d5:0x781abfc4d556a999,,
Scent Bar NYC,,https://www.google.com/maps/place/Scent+Bar+NYC/data=!4m2!3m1!1s0x89c2598f72dd7f2d:0x201398d9682e1c34,,
Aedes Perfumery,,https://www.google.com/maps/place/Aedes+Perfumery/data=!4m2!3m1!1s0x89c259969f336d7b:0x212d755f3f079656,,
HIEN FROM VIETNAM,,https://www.google.com/maps/place/HIEN+FROM+VIETNAM/data=!4m2!3m1!1s0x89c2590ad7b66ebd:0x3ea74c96879990b4,,
Westerly Museum of American Impressionism,,https://www.google.com/maps/place/Westerly+Museum+of+American+Impressionism/data=!4m2!3m1!1s0x89e5e700718b4867:0x38afd17a682dd5c6,,
Cinder Restaurant,,https://www.google.com/maps/place/Cinder+Restaurant/data=!4m2!3m1!1s0x89e5e77289275563:0x397192dda451e1f9,,
The Café,,https://www.google.com/maps/place/The+Caf%C3%A9/data=!4m2!3m1!1s0x89e5e7e3a5b77619:0x3d95bd067494b61a,,
Gowanus Nursery,,https://www.google.com/maps/place/Gowanus+Nursery/data=!4m2!3m1!1s0x89c25a5e6a9a8c19:0xb62e34b20102dbb6,,
Marty Leonard Community Chapel,,https://www.google.com/maps/place/Marty+Leonard+Community+Chapel/data=!4m2!3m1!1s0x864e73abba3d4db1:0xd9b70b66c9df0edf,,
Institute for Public Architecture,,https://www.google.com/maps/place/Institute+for+Public+Architecture/data=!4m2!3m1!1s0x89c25be38e2aaef1:0xed0289d345456aa0,,
Davelle,,https://www.google.com/maps/place/Davelle/data=!4m2!3m1!1s0x89c2598100395b93:0x51584ab8d26b63ca,,
The Renee and Chaim Gross Foundation,,https://www.google.com/maps/place/The+Renee+and+Chaim+Gross+Foundation/data=!4m2!3m1!1s0x89c25991c4821cbb:0x26fb52675884b881,,
Paul Rudolph Institute For Modern Architecture,,https://www.google.com/maps/place/Paul+Rudolph+Institute+For+Modern+Architecture/data=!4m2!3m1!1s0x89c258e680003e87:0x7ad3a65b66f60bb1,,
LumLum,,https://www.google.com/maps/place/LumLum/data=!4m2!3m1!1s0x89c25916ef560c79:0xdc6aa043aeab7d87,,
Studio Seaview,,https://www.google.com/maps/place/Studio+Seaview/data=!4m2!3m1!1s0x89c2590011a9b825:0xb5f008294afb2e49,,
Nakashima Foundation for Peace,,https://www.google.com/maps/place/Nakashima+Foundation+for+Peace/data=!4m2!3m1!1s0x89c3ff707e9b094d:0x7cd852a9b4b130a2,,
Frelinghuysen Morris House & Studio,,https://www.google.com/maps/place/Frelinghuysen+Morris+House+%26+Studio/data=!4m2!3m1!1s0x89e75b3ff96c9f67:0x19623d0dc6aaf642,,
Fairfax,,https://www.google.com/maps/place/Fairfax/data=!4m2!3m1!1s0x89c25994612f264b:0x7cc536e0bc92d5ea,,
The Glass Greenhouse & Farm Market,,https://www.google.com/maps/place/The+Glass+Greenhouse+%26+Farm+Market/data=!4m2!3m1!1s0x89e88c5df62d1075:0xa202a4a145c8d2ed,,
Cifarelli's Nursery,,https://www.google.com/maps/place/Cifarelli's+Nursery/data=!4m2!3m1!1s0x89e89b58c3e1a2c1:0x432e17a3f040cb8,,
MONC XIII Furniture store,,https://www.google.com/maps/place/MONC+XIII+Furniture+store/data=!4m2!3m1!1s0x89e8bd24aaedd391:0x116ebac934ffea7f,,
Opties and Dinghies,,https://www.google.com/maps/place/Opties+and+Dinghies/data=!4m2!3m1!1s0x89e8a111c236968f:0xd0c6739c2f80f07e,,
Camp Rubirosa,,https://www.google.com/maps/place/Camp+Rubirosa/data=!4m2!3m1!1s0x89e8bb34de911219:0x1088cf075f6be4ba,,
Il Buco Vita - with Café & Alimentari,,https://www.google.com/maps/place/Il+Buco+Vita+-+with+Caf%C3%A9+%26+Alimentari/data=!4m2!3m1!1s0x89e8b12a21153473:0x2d937498690aeeb6,,
il Buco al Mare,,https://www.google.com/maps/place/il+Buco+al+Mare/data=!4m2!3m1!1s0x89e8b1d3878f8ec9:0xcb1c1bb686f2c191,,
145 Montauk Hwy,,https://www.google.com/maps/place/145+Montauk+Hwy/data=!4m2!3m1!1s0x89e8baa74ec3ffff:0xd6f951c690230eb1,,
E-E HOME,,https://www.google.com/maps/place/E-E+HOME/data=!4m2!3m1!1s0x89e8bb2bbf0daa21:0xf805f3a82d820ba5,,
Guild Hall,,https://www.google.com/maps/place/Guild+Hall/data=!4m2!3m1!1s0x89e8bb000e0a6487:0x8a6819a64cc30bcd,,
Book Bay,,https://www.google.com/maps/place/Book+Bay/data=!4m2!3m1!1s0x89e8bf099b998cb3:0x51a5333f3265809,,
Dia Bridgehampton / The Dan Flavin Art Institute,,https://www.google.com/maps/place/Dia+Bridgehampton+%2F+The+Dan+Flavin+Art+Institute/data=!4m2!3m1!1s0x89e8bddf9a4372bb:0x7098f30b37edfc60,,
Sagaponack General Store,,https://www.google.com/maps/place/Sagaponack+General+Store/data=!4m2!3m1!1s0x89e8bf979def45cd:0xf281ed8d6bac5083,,
The Leiber Collection,,https://www.google.com/maps/place/The+Leiber+Collection/data=!4m2!3m1!1s0x89e8aff3aaafe02f:0xdca8534a6acaa06e,,
Pollock-Krasner House,,https://www.google.com/maps/place/Pollock-Krasner+House/data=!4m2!3m1!1s0x89e8a570950d795b:0x3228fddf830cacb6,,
Sag Harbor Tavern,,https://www.google.com/maps/place/Sag+Harbor+Tavern/data=!4m2!3m1!1s0x89e8bdbd882cd49b:0xb7f87082f124cfc8,,
Carissa's the Bakery - Sag Harbor,,https://www.google.com/maps/place/Carissa's+the+Bakery+-+Sag+Harbor/data=!4m2!3m1!1s0x89e8bd9d34380f31:0xad64184260e3d6b3,,
Marram,,https://www.google.com/maps/place/Marram/data=!4m2!3m1!1s0x89ef54a7be39b2a5:0x5f22f57b1c52bd6,,
LOEWE East Hampton,,https://www.google.com/maps/place/LOEWE+East+Hampton/data=!4m2!3m1!1s0x89e8bb9249033943:0x97f0dd2bf80cf9b7,,
Max ID NY,,https://www.google.com/maps/place/Max+ID+NY/data=!4m2!3m1!1s0x89e8bdffd1449dbb:0xb1929021a5d39fb2,,
The Church,,https://www.google.com/maps/place/The+Church/data=!4m2!3m1!1s0x89e8bdad3358edc7:0xe6624781c96b962e,,
LongHouse Reserve,,https://www.google.com/maps/place/LongHouse+Reserve/data=!4m2!3m1!1s0x89e8bb232e5e475f:0x5edf55e5287b0b7e,,
Collette Home,,https://www.google.com/maps/place/Collette+Home/data=!4m2!3m1!1s0x89e894dcea2233f1:0xeab8bdd682853120,,
Laurel Group Outdoor Living Design Center,,https://www.google.com/maps/place/Laurel+Group+Outdoor+Living+Design+Center/data=!4m2!3m1!1s0x89e89590abe344a1:0x5d04ea4eda2bee39,,
LaGuardia Design Group Landscape Architecture,,https://www.google.com/maps/place/LaGuardia+Design+Group+Landscape+Architecture/data=!4m2!3m1!1s0x89e89599f1fcfb81:0x41cf429a0c183f59,,
Hue House,,https://www.google.com/maps/place/Hue+House/data=!4m2!3m1!1s0x89c2591d17f68d85:0xd01aa7847fd2eac1,,
Gulp,,https://www.google.com/maps/place/Gulp/data=!4m2!3m1!1s0x89c25990e836021d:0xe3a6e4ca775be7f3,,
Golden HOF - Korean Bar & Grill,,https://www.google.com/maps/place/Golden+HOF+-+Korean+Bar+%26+Grill/data=!4m2!3m1!1s0x89c2590070deab73:0xb6b1143e168c7a04,,
Tawny,,https://www.google.com/maps/place/Tawny/data=!4m2!3m1!1s0x89c25b1c571af8b1:0xcbbc2ee278d5637c,,
LES Enfants de Bohème,,https://www.google.com/maps/place/LES+Enfants+de+Boh%C3%A8me/data=!4m2!3m1!1s0x89c25a2bd5bf0b1f:0xb917d9cf497476ca,,
DPTO Annex,,https://www.google.com/maps/place/DPTO+Annex/data=!4m2!3m1!1s0x80c2c623ebcff7bb:0x8668cc74e7f1a1d1,,
Collage 20th Century Classics,,https://www.google.com/maps/place/Collage+20th+Century+Classics/data=!4m2!3m1!1s0x864e99442c0f9c81:0xdfbb11bf0d4d1de0,,
The Eighty Six,,https://www.google.com/maps/place/The+Eighty+Six/data=!4m2!3m1!1s0x89c2592129d9ee61:0x84fbdc9bcdb1bdfd,,
John Derian Company Inc,,https://www.google.com/maps/place/John+Derian+Company+Inc/data=!4m2!3m1!1s0x89c25984de8225bd:0x676a068920300bb7,,
Markette,,https://www.google.com/maps/place/Markette/data=!4m2!3m1!1s0x89c2590593bad435:0xe9623239292a58c4,,
Presidio Post,,https://www.google.com/maps/place/Presidio+Post/data=!4m2!3m1!1s0x8085810b884c4bab:0xac76e34e85caf156,,
McArdle's Floral & Garden Design,,https://www.google.com/maps/place/McArdle's+Floral+%26+Garden+Design/data=!4m2!3m1!1s0x89c2984bcecca6d9:0xedfd27b1557588b,,
Brookville Nurseries (The Rose Farm),,https://www.google.com/maps/place/Brookville+Nurseries+(The+Rose+Farm)/data=!4m2!3m1!1s0x89c284116c5d08f5:0x208ae0d57a61387,,
Perennial Gardens,,https://www.google.com/maps/place/Perennial+Gardens/data=!4m2!3m1!1s0x89c2a535277b9bc5:0x27016ccab70af1d5,,
Amodio's Landscape Supply & Flower Shop,,https://www.google.com/maps/place/Amodio's+Landscape+Supply+%26+Flower+Shop/data=!4m2!3m1!1s0x89c291550c572c33:0x8343e1e32a2a44dc,,
Tony's Nursery Inc,,https://www.google.com/maps/place/Tony's+Nursery+Inc/data=!4m2!3m1!1s0x89c2938b8b6d7c7d:0x3d3afc244c84830a,,
Horseman Antiques,,https://www.google.com/maps/place/Horseman+Antiques/data=!4m2!3m1!1s0x89c25a4da2d26867:0x9cc94e3a6af9484e,,
Berdoulat,,https://www.google.com/maps/place/Berdoulat/data=!4m2!3m1!1s0x4871811192270e59:0x33aa47ebe1511d82,,
Van Alen Institute,,https://www.google.com/maps/place/Van+Alen+Institute/data=!4m2!3m1!1s0x89c259a47fe38e8b:0xbb0e5f8e379c23e,,
Happier Grocery,,https://www.google.com/maps/place/Happier+Grocery/data=!4m2!3m1!1s0x89c259553f9497af:0xd6d375d614016755,,
Astoria Seafood,,https://www.google.com/maps/place/Astoria+Seafood/data=!4m2!3m1!1s0x89c25f2e9c0be7f9:0xa50b13eba0aec34e,,
Toby’s Estate Coffee,,https://www.google.com/maps/place/Toby%E2%80%99s+Estate+Coffee/data=!4m2!3m1!1s0x89c2591c9b2dcc53:0x971126e7bef7102f,,
Wave Hill Public Garden & Cultural Center,,https://www.google.com/maps/place/Wave+Hill+Public+Garden+%26+Cultural+Center/data=!4m2!3m1!1s0x89c2f3b59e546d0b:0xdcf2807aa00ccc9f,,
Kimura,,https://www.google.com/maps/place/Kimura/data=!4m2!3m1!1s0x89c2592392eea247:0xafe2ee4655c7c4f8,,
Janoff's Stationery,,https://www.google.com/maps/place/Janoff's+Stationery/data=!4m2!3m1!1s0x89c2f63b85db5b03:0x78923388eae90788,,
The Drawing Center,,https://www.google.com/maps/place/The+Drawing+Center/data=!4m2!3m1!1s0x89c2598b90ae350d:0x2d5765673e224711,,
Feste,,https://www.google.com/maps/place/Feste/data=!4m2!3m1!1s0x89c2590e78f8160d:0xf25b02aef731558a,,
Justin's Salt Bread,,https://www.google.com/maps/place/Justin's+Salt+Bread/data=!4m2!3m1!1s0x89c259a54fcb184d:0x15399f5b5b37a8b1,,
Bob's Your Uncle,,https://www.google.com/maps/place/Bob's+Your+Uncle/data=!4m2!3m1!1s0x89c2f623aea66eb7:0x590b5e12f5f94d5a,,
Tomi Jazz,,https://www.google.com/maps/place/Tomi+Jazz/data=!4m2!3m1!1s0x89c258e39ba7c455:0x54f3dcc370af689c,,
Cuantos Tacos,,https://www.google.com/maps/place/Cuantos+Tacos/data=!4m2!3m1!1s0x8644c9d8d4e1ce6f:0xe6d086af4ee3bb15,,
Little Owl,,https://www.google.com/maps/place/Little+Owl/data=!4m2!3m1!1s0x89c259933fa17e4d:0x7de1e5ee1aae79f7,,
Quick Eternity,,https://www.google.com/maps/place/Quick+Eternity/data=!4m2!3m1!1s0x89c25b5620c6a69b:0x97bde532bde73f16,,
Chaplin's Barber Shop,,https://www.google.com/maps/place/Chaplin's+Barber+Shop/data=!4m2!3m1!1s0x89c25bb04ed91975:0xf51158b59fef47da,,
Cardinal Gift Shop,,https://www.google.com/maps/place/Cardinal+Gift+Shop/data=!4m2!3m1!1s0x89c25b6a8599b271:0xadd52d56a09b168d,,
Le Petit Pêcheur,,https://www.google.com/maps/place/Le+Petit+P%C3%AAcheur/data=!4m2!3m1!1s0x89c25f34263d3f03:0x3da216f06343e8d4,,
The Farm At Green Village,,https://www.google.com/maps/place/The+Farm+At+Green+Village/data=!4m2!3m1!1s0x89c3a5070e61407f:0x851c5efb0adaa783,,
Low Cinema,,https://www.google.com/maps/place/Low+Cinema/data=!4m2!3m1!1s0x89c25dcdf915b687:0xa0fd36597a79610d,,
Hortulus Animae - Mindful Garden Design,,https://www.google.com/maps/place/Hortulus+Animae+-+Mindful+Garden+Design/data=!4m2!3m1!1s0x89ddb1d77f9ebf11:0x332fc2797c4156d2,,
Ven. Space,,https://www.google.com/maps/place/Ven.+Space/data=!4m2!3m1!1s0x89c25b006ae75bdf:0xe5cf95c984399be8,,
The Shell Seafood Kitchen & Bar,,https://www.google.com/maps/place/The+Shell+Seafood+Kitchen+%26+Bar/data=!4m2!3m1!1s0x89c2598617589011:0xa2a2ec9905071c06,,
Cafe Mogador,,https://www.google.com/maps/place/Cafe+Mogador/data=!4m2!3m1!1s0x89c2596781ff9537:0x53272e68936b4f72,,
C'H'C'M',,https://www.google.com/maps/place/C'H'C'M'/data=!4m2!3m1!1s0x89c25985545261c3:0xd110f70c1c00c9ec,,
Somtum Der,,https://www.google.com/maps/place/Somtum+Der/data=!4m2!3m1!1s0x89c25982b641fd63:0x8e5b0fd1a57ec0fa,,
Smør,,https://www.google.com/maps/place/Sm%C3%B8r/data=!4m2!3m1!1s0x89c25bb73ecc3135:0x12d5407a3a910922,,
Luke's,,https://www.google.com/maps/place/Luke's/data=!4m2!3m1!1s0x89c2592f4666288d:0x96c4b4caa3a052ed,,
Judd Foundation,,https://www.google.com/maps/place/Judd+Foundation/data=!4m2!3m1!1s0x89c2598eb9cb9901:0xbab111d772ae651b,,
Cueva,,https://www.google.com/maps/place/Cueva/data=!4m2!3m1!1s0x89c25978558c723f:0x87755b54614d3428,,
FF&E,,https://www.google.com/maps/place/FF%26E/data=!4m2!3m1!1s0x89c25b0017e0bf2d:0x9fc3744a9b894ec8,,
Kettl Tea - Greenpoint,,https://www.google.com/maps/place/Kettl+Tea+-+Greenpoint/data=!4m2!3m1!1s0x89c259e1dd8c5a1d:0xa73d2d72740b45f0,,
Le Relais de Venise L'Entrecôte,,https://www.google.com/maps/place/Le+Relais+de+Venise+L'Entrec%C3%B4te/data=!4m2!3m1!1s0x89c2598b7fb2d053:0x8fef1b2874c80818,,
Little Alley,,https://www.google.com/maps/place/Little+Alley/data=!4m2!3m1!1s0x89c2590682c08837:0x6418a374a52a7f43,,
Sailor,,https://www.google.com/maps/place/Sailor/data=!4m2!3m1!1s0x89c25b017d0017db:0x14012f4ba7421048,,
Rolo’s,,https://www.google.com/maps/place/Rolo%E2%80%99s/data=!4m2!3m1!1s0x89c25d083d684859:0xc59c8c9aa3f0c062,,
Sunn’s,,https://www.google.com/maps/place/Sunn%E2%80%99s/data=!4m2!3m1!1s0x89c25b0009ddba25:0x41cc4ee1f5016bd2,,
Hometown Bar-B-Que,,https://www.google.com/maps/place/Hometown+Bar-B-Que/data=!4m2!3m1!1s0x89c25a8f24b055d1:0xf3119a6165621a2,,
Sofreh,,https://www.google.com/maps/place/Sofreh/data=!4m2!3m1!1s0x89c25bd908e7d02b:0x826457934771dfe3,,
Studio Calmplex,,https://www.google.com/maps/place/Studio+Calmplex/data=!4m2!3m1!1s0x89c259115cd7c793:0x22c9b0392f5c8a15,,
Claud,,https://www.google.com/maps/place/Claud/data=!4m2!3m1!1s0x89c2590b58781b59:0x38874e8e27a5100d,,
小台香 taigrance,,https://www.google.com/maps/place/%E5%B0%8F%E5%8F%B0%E9%A6%99+taigrance/data=!4m2!3m1!1s0x3442ade46934786f:0xda40a6da184aedd,,
The Bar at Baccarat Hotel,,https://www.google.com/maps/place/The+Bar+at+Baccarat+Hotel/data=!4m2!3m1!1s0x89c258f96239418b:0xa36ed87b1fcaa043,,
Le Chalet,,https://www.google.com/maps/place/Le+Chalet/data=!4m2!3m1!1s0x89c259842120cef5:0xb04064317243fd03,,
Dear Irving on Broadway,,https://www.google.com/maps/place/Dear+Irving+on+Broadway/data=!4m2!3m1!1s0x89c259132f39fced:0x151e580082d87109,,
Zadkine Museum,,https://www.google.com/maps/place/Zadkine+Museum/data=!4m2!3m1!1s0x47e671c5bb04807d:0x70fee735539c0c,,
Giacometti Institute,,https://www.google.com/maps/place/Giacometti+Institute/data=!4m2!3m1!1s0x47e671b7fc54af73:0xdb5d01f83bd7f3af,,
Bourdelle Museum,,https://www.google.com/maps/place/Bourdelle+Museum/data=!4m2!3m1!1s0x47e670331292e59d:0x8b3c27f3b2e096ae,,
Union de la jeunesse internationale,,https://www.google.com/maps/place/Union+de+la+jeunesse+internationale/data=!4m2!3m1!1s0x47e66ff2f70c1835:0x767898d3c57954ab,,
Villa Savoye,,https://www.google.com/maps/place/Villa+Savoye/data=!4m2!3m1!1s0x47e6894713fe71a7:0xca7c23ccbd696e16,,
Espace Niemeyer,,https://www.google.com/maps/place/Espace+Niemeyer/data=!4m2!3m1!1s0x47e66dde5241e67d:0x5e33c3006a2782d3,,
École nationale supérieure des Beaux-Arts,,https://www.google.com/maps/place/%C3%89cole+nationale+sup%C3%A9rieure+des+Beaux-Arts/data=!4m2!3m1!1s0x47e66e27e55d77d7:0x31e05c15c72cedd,,
Hôtel Massé,,https://www.google.com/maps/place/H%C3%B4tel+Mass%C3%A9/data=!4m2!3m1!1s0x47e66fa49b540ccb:0xfe1482baeb9e4daa,,
La Goulue New York,,https://www.google.com/maps/place/La+Goulue+New+York/data=!4m2!3m1!1s0x89c258efc7061191:0x4967cfbad5616243,,
Lévy Gorvy Dayan,,https://www.google.com/maps/place/L%C3%A9vy+Gorvy+Dayan/data=!4m2!3m1!1s0x89c258eb52d31b0b:0x6ecaeaa4ac44cca4,,
Church of Sweden,,https://www.google.com/maps/place/Church+of+Sweden/data=!4m2!3m1!1s0x89c258fe842650ad:0x4af3341591f8032f,,
Dim Sum Sam,,https://www.google.com/maps/place/Dim+Sum+Sam/data=!4m2!3m1!1s0x89c2597e7640f80d:0x18c56eb049965099,,
House of Cardoon,,https://www.google.com/maps/place/House+of+Cardoon/data=!4m2!3m1!1s0x808de7b7d457c89f:0x5d148dbbccf981e9,,
Joodooboo,,https://www.google.com/maps/place/Joodooboo/data=!4m2!3m1!1s0x80857f1d4794619b:0x435cb26d1b3b0b6f,,
MENSHO,,https://www.google.com/maps/place/MENSHO/data=!4m2!3m1!1s0x80857d65126c798d:0x86dc396e20083410,,
Alamo Drafthouse Cinema New Mission,,https://www.google.com/maps/place/Alamo+Drafthouse+Cinema+New+Mission/data=!4m2!3m1!1s0x808f7e3ece3f2317:0xd3499ccead022e57,,
Kin Khao,,https://www.google.com/maps/place/Kin+Khao/data=!4m2!3m1!1s0x8085808f6271f69f:0xadd8ad86b7096cdb,,
Bob's Donut & Pastry Shop,,https://www.google.com/maps/place/Bob's+Donut+%26+Pastry+Shop/data=!4m2!3m1!1s0x808580eb1f5de18f:0xd31cb7a2bea69e22,,
Swan Oyster Depot,,https://www.google.com/maps/place/Swan+Oyster+Depot/data=!4m2!3m1!1s0x8085809e8e89d111:0xe8ac4b9bfa4fbbd4,,
Sons & Daughters,,https://www.google.com/maps/place/Sons+%26+Daughters/data=!4m2!3m1!1s0x8085808c3ac875bd:0xb69a9d75abb1e87b,,
Li Po Cocktail Lounge,,https://www.google.com/maps/place/Li+Po+Cocktail+Lounge/data=!4m2!3m1!1s0x808580f4ae0a2af9:0xfaa5ec641935086c,,
Osso Steakhouse,,https://www.google.com/maps/place/Osso+Steakhouse/data=!4m2!3m1!1s0x808580928e524bb3:0xd661be8795b5ede9,,
Nob Hill Cafe,,https://www.google.com/maps/place/Nob+Hill+Cafe/data=!4m2!3m1!1s0x8085808d55437c5d:0xa80c119912112174,,
Seven Hills,,https://www.google.com/maps/place/Seven+Hills/data=!4m2!3m1!1s0x808580ec0b6a5473:0x3b90b19f3096695a,,
Del Popolo,,https://www.google.com/maps/place/Del+Popolo/data=!4m2!3m1!1s0x8085808dc2a02303:0x65859a8c13592c08,,
The House Of Shields,,https://www.google.com/maps/place/The+House+Of+Shields/data=!4m2!3m1!1s0x80858062a07fa93f:0x94ef3e221b1df369,,
Crustacean,,https://www.google.com/maps/place/Crustacean/data=!4m2!3m1!1s0x808581006541493d:0xc004962777331fad,,
Thanh Long Restaurant,,https://www.google.com/maps/place/Thanh+Long+Restaurant/data=!4m2!3m1!1s0x808587972836c929:0x16c9addcf0d90707,,
Zuni Café,,https://www.google.com/maps/place/Zuni+Caf%C3%A9/data=!4m2!3m1!1s0x8085809fabbdbb3b:0x9f78fd6bc9972489,,
Rintaro,,https://www.google.com/maps/place/Rintaro/data=!4m2!3m1!1s0x808f7e26791dc281:0xe147a1d9e33e11d4,,
Beit Rima,,https://www.google.com/maps/place/Beit+Rima/data=!4m2!3m1!1s0x808f7f2d106ad397:0x53b43392f9df6513,,
Jules,,https://www.google.com/maps/place/Jules/data=!4m2!3m1!1s0x808581006e78e8ef:0x96a1e702dd033405,,
Ferry Building,,https://www.google.com/maps/place/Ferry+Building/data=!4m2!3m1!1s0x808580668e8f3159:0x6cf7a313d6a53ec7,,
The Snug,,https://www.google.com/maps/place/The+Snug/data=!4m2!3m1!1s0x808580c60eeafefb:0x1adab0ac8f066e28,,
The Old Clam House,,https://www.google.com/maps/place/The+Old+Clam+House/data=!4m2!3m1!1s0x808f7e5479b4985d:0x921af9b8748f19b9,,
Tommy's Joynt,,https://www.google.com/maps/place/Tommy's+Joynt/data=!4m2!3m1!1s0x808580967f112a53:0x245af671133d8ee3,,
Grubstake Diner,,https://www.google.com/maps/place/Grubstake+Diner/data=!4m2!3m1!1s0x80858094e74fcae3:0x71a91d7e84f99922,,
House of Prime Rib,,https://www.google.com/maps/place/House+of+Prime+Rib/data=!4m2!3m1!1s0x808580ea69dcae83:0x3ef25abd292344d9,,
Bix,,https://www.google.com/maps/place/Bix/data=!4m2!3m1!1s0x808580f538199d0d:0xcba0a2e0fa5d9191,,
Kokkari Estiatorio,,https://www.google.com/maps/place/Kokkari+Estiatorio/data=!4m2!3m1!1s0x80858060747de94d:0xb3d399f14d2b6c40,,
The Buena Vista,,https://www.google.com/maps/place/The+Buena+Vista/data=!4m2!3m1!1s0x808f7e37f0d196f9:0xcf2a7b909a94bfc3,,
Greens Restaurant,,https://www.google.com/maps/place/Greens+Restaurant/data=!4m2!3m1!1s0x808580de5e80e771:0x50b7afb9582bbdba,,
Scoma's Restaurant,,https://www.google.com/maps/place/Scoma's+Restaurant/data=!4m2!3m1!1s0x808580fc871ec6ad:0x976bca61020dcc34,,
Taniku Izakaya,,https://www.google.com/maps/place/Taniku+Izakaya/data=!4m2!3m1!1s0x80858119ff3e7225:0x47fe67f0f2a1f7f2,,
Brenda's French Soul Food,,https://www.google.com/maps/place/Brenda's+French+Soul+Food/data=!4m2!3m1!1s0x808580974839db67:0xa78fa85ec6c57d21,,
Dingles Public House,,https://www.google.com/maps/place/Dingles+Public+House/data=!4m2!3m1!1s0x808581868de3ba2f:0x85cc12f740f2f07a,,
The Happy Crane,,https://www.google.com/maps/place/The+Happy+Crane/data=!4m2!3m1!1s0x808581003f2d11b7:0x6bd9634cb7622c8e,,
Go Duck Yourself 去你鸭的,,https://www.google.com/maps/place/Go+Duck+Yourself+%E5%8E%BB%E4%BD%A0%E9%B8%AD%E7%9A%84/data=!4m2!3m1!1s0x808f7f006a98841f:0x6512ddf73f6c38c4,,
Bourbon Steak Restaurant,,https://www.google.com/maps/place/Bourbon+Steak+Restaurant/data=!4m2!3m1!1s0x8085808ee76904e7:0xaf607ebccd9bc139,,
Sam Wo Restaurant,,https://www.google.com/maps/place/Sam+Wo+Restaurant/data=!4m2!3m1!1s0x8085808b53592629:0xccfb628983ec9e4b,,
Jerry's Roast Pork,,https://www.google.com/maps/place/Jerry's+Roast+Pork/data=!4m2!3m1!1s0x808581006908b09d:0x77951ed5002ed844,,
Arquet Restaurant,,https://www.google.com/maps/place/Arquet+Restaurant/data=!4m2!3m1!1s0x808581002761e319:0xb47cd44ca8af437b,,
Parachute Bakery,,https://www.google.com/maps/place/Parachute+Bakery/data=!4m2!3m1!1s0x8085810072558969:0xa10abffb19882e4,,
Botanik,,https://www.google.com/maps/place/Botanik/data=!4m2!3m1!1s0x80e90df9c2551483:0xd7343e976bd4ec7e,,
The Well,,https://www.google.com/maps/place/The+Well/data=!4m2!3m1!1s0x80e90de23e96a251:0x55d84d201c4a3f3,,
Godmothers,,https://www.google.com/maps/place/Godmothers/data=!4m2!3m1!1s0x80e90d9abf5bec0d:0x4cafd097f7a50865,,
Champers Social Club,,https://www.google.com/maps/place/Champers+Social+Club/data=!4m2!3m1!1s0x89c259e36aa1ee17:0xcd403ea3c9b959af,,
COQODAQ,,https://www.google.com/maps/place/COQODAQ/data=!4m2!3m1!1s0x89c259132267e8a7:0xb3666ec78c6251ab,,
Bobo,,https://www.google.com/maps/place/Bobo/data=!4m2!3m1!1s0x89c259944267a79f:0xbccc191d636273a9,,
Cơm Tấm Ninh Kiều,,https://www.google.com/maps/place/C%C6%A1m+T%E1%BA%A5m+Ninh+Ki%E1%BB%81u/data=!4m2!3m1!1s0x89c2f385ce1e53c9:0x35f2612b1752f7d8,,
Metro Private Cinema - Chelsea,,https://www.google.com/maps/place/Metro+Private+Cinema+-+Chelsea/data=!4m2!3m1!1s0x89c2592fea96cfcb:0xd6f90f06cebe538f,,
The Picower Institute for Learning and Memory,,https://www.google.com/maps/place/The+Picower+Institute+for+Learning+and+Memory/data=!4m2!3m1!1s0x89e370abe261457f:0x4265ccbeeb5a894a,,
Manuela,,https://www.google.com/maps/place/Manuela/data=!4m2!3m1!1s0x89c2591c8e9ee95f:0x297555d60a1750b4,,
Kubeh,,https://www.google.com/maps/place/Kubeh/data=!4m2!3m1!1s0x89c2599653bcf5e5:0x8968bab67ee4f96,,
Taiwan Bear House,,https://www.google.com/maps/place/Taiwan+Bear+House/data=!4m2!3m1!1s0x89c25b292e210497:0xf80fe97b200489db,,
Corning Museum of Glass,,https://www.google.com/maps/place/Corning+Museum+of+Glass/data=!4m2!3m1!1s0x89d0484af286aa35:0x86187db0a73cfd52,,
Bel Ami Cafe,,https://www.google.com/maps/place/Bel+Ami+Cafe/data=!4m2!3m1!1s0x89c2590077a950fd:0x48e75357466380e3,,
Café Maud,,https://www.google.com/maps/place/Caf%C3%A9+Maud/data=!4m2!3m1!1s0x89c259eb7fdbc5d1:0x3e85546d583f330f,,
Living with Green,,https://www.google.com/maps/place/Living+with+Green/data=!4m2!3m1!1s0x89c25984103e3bef:0xb50b98c08180669d,,
Bonsai Shop by Dandy Farmer,,https://www.google.com/maps/place/Bonsai+Shop+by+Dandy+Farmer/data=!4m2!3m1!1s0x89c25b06d7be6c5d:0xf44adc05e72ece00,,
KINKA,,https://www.google.com/maps/place/KINKA/data=!4m2!3m1!1s0x89c25974e41c1305:0xa6b159da4ec61d4f,,
William White Emporium,,https://www.google.com/maps/place/William+White+Emporium/data=!4m2!3m1!1s0x89c259716fa8924b:0x3e5a961a3ceb755,,
TOAST,,https://www.google.com/maps/place/TOAST/data=!4m2!3m1!1s0x89c2590066baecc7:0x57a931133bca3aee,,
Bookmarc,,https://www.google.com/maps/place/Bookmarc/data=!4m2!3m1!1s0x89c25994deff8841:0xdd6b8f0f6beb7b78,,
Radegast Hall & Biergarten,,https://www.google.com/maps/place/Radegast+Hall+%26+Biergarten/data=!4m2!3m1!1s0x89c25960c364fbd7:0xecfd0195d5254e09,,
Hold Fast Kitchen and Spirits,,https://www.google.com/maps/place/Hold+Fast+Kitchen+and+Spirits/data=!4m2!3m1!1s0x89c259af2a90ecb7:0xc812f1fa4c20eef5,,
GRDN,,https://www.google.com/maps/place/GRDN/data=!4m2!3m1!1s0x89c25a4d93bdf671:0x1921e0181481ec30,,
Steppe,,https://www.google.com/maps/place/Steppe/data=!4m2!3m1!1s0x89c25b3a8139375d:0x7e6af1f73fad7c73,,
Teak New York,,https://www.google.com/maps/place/Teak+New+York/data=!4m2!3m1!1s0x89c259341af109c3:0x7d00818c9aed2064,,
Rose Shack,,https://www.google.com/maps/place/Rose+Shack/data=!4m2!3m1!1s0x89e5b0bbc1a888a3:0xfc13073d61626735,,
The Farmer's Daughter,,https://www.google.com/maps/place/The+Farmer's+Daughter/data=!4m2!3m1!1s0x89e5b9f6e6e39e85:0x704dade42c58046,,
Little King,,https://www.google.com/maps/place/Little+King/data=!4m2!3m1!1s0x89dd31c6d6ab5d05:0xc6cd19ab06dd72bc,,
MANITOGA / The Russel Wright Design Center,,https://www.google.com/maps/place/MANITOGA+%2F+The+Russel+Wright+Design+Center/data=!4m2!3m1!1s0x89c2cc1baad6b24d:0x8f52d83c9fe04cff,,
Boscobel House and Gardens,,https://www.google.com/maps/place/Boscobel+House+and+Gardens/data=!4m2!3m1!1s0x89c2ccabcd5ba59d:0x3a089d0a0e7ff37f,,
Kinosaito Arts Center,,https://www.google.com/maps/place/Kinosaito+Arts+Center/data=!4m2!3m1!1s0x89c2c5ed73fb4a43:0x6f861125449cdf71,,
NUBIANI,,https://www.google.com/maps/place/NUBIANI/data=!4m2!3m1!1s0x89c2596ca1d4ed5b:0xda65d8979ab658ae,,
Nubiani - Midtown East,,https://www.google.com/maps/place/Nubiani+-+Midtown+East/data=!4m2!3m1!1s0x89c259fe479c5c1d:0x6c30916832b823f6,,
Okiboru House of Tan Tan,,https://www.google.com/maps/place/Okiboru+House+of+Tan+Tan/data=!4m2!3m1!1s0x89c25b2061bdcdc7:0x285e5ff96fef5915,,
Okiboru House of Tsukemen,,https://www.google.com/maps/place/Okiboru+House+of+Tsukemen/data=!4m2!3m1!1s0x89c259061eb1e82d:0x6e3dc53c1263fec2,,
Sorate,,https://www.google.com/maps/place/Sorate/data=!4m2!3m1!1s0x89c259f7f756d0dd:0x71bdf1d4478e7ce3,,
Sorate,,https://www.google.com/maps/place/Sorate/data=!4m2!3m1!1s0x89c2593e0d4b2edb:0x569a5bd882e0bae2,,
12 Matcha,,https://www.google.com/maps/place/12+Matcha/data=!4m2!3m1!1s0x89c25982b9380361:0x9d1d529701c84eb5,,
Solely Tea,,https://www.google.com/maps/place/Solely+Tea/data=!4m2!3m1!1s0x89c2591c595dd10d:0x1f65ec05b3bf4ac3,,
PUBLIC Hotel,,https://www.google.com/maps/place/PUBLIC+Hotel/data=!4m2!3m1!1s0x89c25984338e8f61:0x9c45c71d0bc40ebc,,
Book Club Bar,,https://www.google.com/maps/place/Book+Club+Bar/data=!4m2!3m1!1s0x89c25920e6e311c3:0xdb1ca1937b3d96fe,,
Kettl Tea - Bowery,,https://www.google.com/maps/place/Kettl+Tea+-+Bowery/data=!4m2!3m1!1s0x89c259d8930ea1b3:0x8a1a5688aba4bfde,,
Molly Tea (Manhattan Chinatown),,https://www.google.com/maps/place/Molly+Tea+(Manhattan+Chinatown)/data=!4m2!3m1!1s0x89c25b00442602ff:0x81212e15165efd80,,
Spice Lamb,,https://www.google.com/maps/place/Spice+Lamb/data=!4m2!3m1!1s0x89c2f7002ffdc437:0xbdc61793502bc68a,,
Crab House NYC,,https://www.google.com/maps/place/Crab+House+NYC/data=!4m2!3m1!1s0x89c259bc9c0e8185:0xbbdc44b77805a516,,
All'Antico Vinaio,,https://www.google.com/maps/place/All'Antico+Vinaio/data=!4m2!3m1!1s0x89c2599d95326681:0x3ca814abdbc1e237,,
Little Ruby's West Village,,https://www.google.com/maps/place/Little+Ruby's+West+Village/data=!4m2!3m1!1s0x89c259b326fb014f:0xea48d0159a3a286f,,
Yasouvlaki,,https://www.google.com/maps/place/Yasouvlaki/data=!4m2!3m1!1s0x89c259001cf58ccd:0xddf2a82189b9c2cc,,
Syndicated Bar Theater Kitchen,,https://www.google.com/maps/place/Syndicated+Bar+Theater+Kitchen/data=!4m2!3m1!1s0x89c25c00e1c268ef:0xbdefa610034c548c,,
"TP TEA 茶湯會 (Columbus Circle, NY)",,"https://www.google.com/maps/place/TP+TEA+%E8%8C%B6%E6%B9%AF%E6%9C%83+(Columbus+Circle,+NY)/data=!4m2!3m1!1s0x89c259003949d4f1:0x364bd57a5b22af2f",,
Berry Home,,https://www.google.com/maps/place/Berry+Home/data=!4m2!3m1!1s0x89c2590b3d3e13b1:0x2ecfdbc685a0b52e,,
Her Name is Han,,https://www.google.com/maps/place/Her+Name+is+Han/data=!4m2!3m1!1s0x89c259a86c481529:0xa094152f17b20f06,,
Wayan,,https://www.google.com/maps/place/Wayan/data=!4m2!3m1!1s0x89c259094ef2ba9b:0x2a3083a007c909b2,,
Birley Bakery,,https://www.google.com/maps/place/Birley+Bakery/data=!4m2!3m1!1s0x89c2594ef4906fd1:0x675d06febd962ee6,,
Five5eeds,,https://www.google.com/maps/place/Five5eeds/data=!4m2!3m1!1s0x87526d6514b214bb:0xd7434fc20a45abcb,,
Sugar Monk,,https://www.google.com/maps/place/Sugar+Monk/data=!4m2!3m1!1s0x89c2f75696e18ec9:0x959fc8593112f0c3,,
Bear Mountain,,https://www.google.com/maps/place/Bear+Mountain/data=!4m2!3m1!1s0x89c2ce4a0ba14399:0x9a6ff486f0b0fc09,,
CRAVAN Paris 6e,,https://www.google.com/maps/place/CRAVAN+Paris+6e/data=!4m2!3m1!1s0x47e671158a3a161b:0xec0b4ac8c4ef654d,,
Bluestockings Cooperative Bookstore,,https://www.google.com/maps/place/Bluestockings+Cooperative+Bookstore/data=!4m2!3m1!1s0x89c2595e2bbfbee1:0x492b11458dc1daa9,,
Follow The Sun,,https://www.google.com/maps/place/Follow+The+Sun/data=!4m2!3m1!1s0x89c2f2b7c3b2bc2f:0x2c44b85f858e3067,,
Fast Times,,https://www.google.com/maps/place/Fast+Times/data=!4m2!3m1!1s0x89c25926ba8b1441:0xd429a03322f4ea46,,
Tula House,,https://www.google.com/maps/place/Tula+House/data=!4m2!3m1!1s0x89c25eaac74cc78b:0x33067444a1c9639d,,
Upstate Stock,,https://www.google.com/maps/place/Upstate+Stock/data=!4m2!3m1!1s0x89c2594340d9cdb9:0x50a95de240fac565,,
Cueva Brooklyn,,https://www.google.com/maps/place/Cueva+Brooklyn/data=!4m2!3m1!1s0x89c259819b6ff32b:0x6d16d7c9472cd881,,
renewfinds,,https://www.google.com/maps/place/renewfinds/data=!4m2!3m1!1s0x89c259bd7a48d87d:0x6f783753cc49589e,,
Perennials,,https://www.google.com/maps/place/Perennials/data=!4m2!3m1!1s0x89c25933c525ffcf:0xbd2fb20db7e4a8ae,,
Premium Roots New York,,https://www.google.com/maps/place/Premium+Roots+New+York/data=!4m2!3m1!1s0x89c259c0e2555b6f:0x7da8f2210ddb1dc0,,
Citarella,,https://www.google.com/maps/place/Citarella/data=!4m2!3m1!1s0x89c2592e21f06e8b:0xb39c9b4c5eb6cca0,,
Spoonbill & Sugartown Books,,https://www.google.com/maps/place/Spoonbill+%26+Sugartown+Books/data=!4m2!3m1!1s0x89c2595e0435c1c7:0x8df47569003915b5,,
Au Za'atar - East Village,,https://www.google.com/maps/place/Au+Za'atar+-+East+Village/data=!4m2!3m1!1s0x89c2597641e0b9ed:0x90c830050394d642,,
6 Restaurant - NYC,,https://www.google.com/maps/place/6+Restaurant+-+NYC/data=!4m2!3m1!1s0x89c25b5bbc5af40d:0xf36d6853c301338a,,
KINTO STORE New York,,https://www.google.com/maps/place/KINTO+STORE+New+York/data=!4m2!3m1!1s0x89c2594774810d59:0x903c39e2e4bbae4c,,
Big Night,,https://www.google.com/maps/place/Big+Night/data=!4m2!3m1!1s0x89c259520214d4b1:0x3db4bf5b0afbd1e4,,
Dahing Plants,,https://www.google.com/maps/place/Dahing+Plants/data=!4m2!3m1!1s0x89c2598785336e8b:0x55c045a8ac2fd8f9,,
Vineyard Gardens Nursery,,https://www.google.com/maps/place/Vineyard+Gardens+Nursery/data=!4m2!3m1!1s0x89e525b39d8034a9:0xad2f8cfe0784e913,,
Studio Humelim Garden Design,,https://www.google.com/maps/place/Studio+Humelim+Garden+Design/data=!4m2!3m1!1s0x2f5e302354102e1f:0x61d90ae845e4d112,,
Chelsea Garden Center,,https://www.google.com/maps/place/Chelsea+Garden+Center/data=!4m2!3m1!1s0x89c2584dd6fb14c1:0x9d665bed0ee95bc7,,
Chelsea Garden Center,,https://www.google.com/maps/place/Chelsea+Garden+Center/data=!4m2!3m1!1s0x89c25a8f2f475347:0x59da391ed2724465,,
Metropolitan Plant and Flower Exchange,,https://www.google.com/maps/place/Metropolitan+Plant+and+Flower+Exchange/data=!4m2!3m1!1s0x89c2f6db156f4b09:0x44d8dc35ff29df3a,,
Black Gold Records,,https://www.google.com/maps/place/Black+Gold+Records/data=!4m2!3m1!1s0x89c25af6315ae77d:0xbc6541266642b7f0,,
Court Street Grocers,,https://www.google.com/maps/place/Court+Street+Grocers/data=!4m2!3m1!1s0x89c25af65a59ad43:0x4b2798ade8854a58,,
river shoppe,,https://www.google.com/maps/place/river+shoppe/data=!4m2!3m1!1s0x89dd95730a3c1311:0x7005f9b206523672,,
Whale Belly Food Truck,,https://www.google.com/maps/place/Whale+Belly+Food+Truck/data=!4m2!3m1!1s0x89dd95fde3a9c347:0xa6164eae329ebd2e,,
Hudson Home,,https://www.google.com/maps/place/Hudson+Home/data=!4m2!3m1!1s0x89dd94295ef16559:0x148c1a25cdb22225,,
Secret Gardener,,https://www.google.com/maps/place/Secret+Gardener/data=!4m2!3m1!1s0x89dd942c7c00311f:0xfdf65d1570721a9e,,
The Antique Warehouse,,https://www.google.com/maps/place/The+Antique+Warehouse/data=!4m2!3m1!1s0x89dd95d5ae5c6959:0x8f941cd1d71b261e,,
Batterby House,,https://www.google.com/maps/place/Batterby+House/data=!4m2!3m1!1s0x89dd94281238de23:0xdd673c5c5cae44c9,,
FINCH hudson,,https://www.google.com/maps/place/FINCH+hudson/data=!4m2!3m1!1s0x89dd9428196f944f:0x90cd5bcd82f7ec71,,
Clove & Creek Hudson,,https://www.google.com/maps/place/Clove+%26+Creek+Hudson/data=!4m2!3m1!1s0x89dd95d5e30775cf:0xf4fd72c0987647d5,,
Magic Hill - Mercantile,,https://www.google.com/maps/place/Magic+Hill+-+Mercantile/data=!4m2!3m1!1s0x89dd954649607ec5:0xb7ea25a0596e24db,,
Fraunces Tavern,,https://www.google.com/maps/place/Fraunces+Tavern/data=!4m2!3m1!1s0x89c25a146ccfe39f:0xfc075ae041658ede,,
Neuberger Museum of Art,,https://www.google.com/maps/place/Neuberger+Museum+of+Art/data=!4m2!3m1!1s0x89c297b55d3823a7:0x47b2eeea80285b3c,,
Azza's Garden,,https://www.google.com/maps/place/Azza's+Garden/data=!4m2!3m1!1s0x89c2f7797310285d:0x59aa1c12b2f989c1,,
Monya Rowe Gallery,,https://www.google.com/maps/place/Monya+Rowe+Gallery/data=!4m2!3m1!1s0x89c25905b091238b:0xb6f8debcfe8d107d,,
NAZ AROMA INC,,https://www.google.com/maps/place/NAZ+AROMA+INC/data=!4m2!3m1!1s0x89c2597b424f1fd1:0x1e4fdb88d3d60d8f,,
Pioneer Works,,https://www.google.com/maps/place/Pioneer+Works/data=!4m2!3m1!1s0x89c25a8a1abfdfb9:0xc48631e0fdda4d1c,,
BLOK HAUS,,https://www.google.com/maps/place/BLOK+HAUS/data=!4m2!3m1!1s0x89c25badfc8aa45b:0x66b90cafa9bfbe0d,,
Slope Home,,https://www.google.com/maps/place/Slope+Home/data=!4m2!3m1!1s0x89c25b3b6bfde957:0x5b93dd1e71b92752,,
Gardenheir,,https://www.google.com/maps/place/Gardenheir/data=!4m2!3m1!1s0x89dc4d600ef51761:0x1409a0462b8d5ffd,,
Aeon Bookstore,,https://www.google.com/maps/place/Aeon+Bookstore/data=!4m2!3m1!1s0x89c25bc555f3654f:0x9a47586fd7078b0a,,
Argosy Book Store,,https://www.google.com/maps/place/Argosy+Book+Store/data=!4m2!3m1!1s0x89c258e56f8974a1:0xb6ebf3b4192ba1b9,,
Mercer Street Books & Records,,https://www.google.com/maps/place/Mercer+Street+Books+%26+Records/data=!4m2!3m1!1s0x89c2598fc59f2ef7:0x8e0f9d665be3fe20,,
McMenamins Spar Café,,https://www.google.com/maps/place/McMenamins+Spar+Caf%C3%A9/data=!4m2!3m1!1s0x5491751bf6905315:0x2d15b82d64b1dedc,,
Wenwen,,https://www.google.com/maps/place/Wenwen/data=!4m2!3m1!1s0x89c2595f20f6ca99:0xee8ef144f9bfebaf,,
Saks Fifth Avenue,,https://www.google.com/maps/place/Saks+Fifth+Avenue/data=!4m2!3m1!1s0x89c258fea03b0371:0x9b2e542db73cb4be,,
Left Bank Books,,https://www.google.com/maps/place/Left+Bank+Books/data=!4m2!3m1!1s0x89c2593fe6298a53:0x90ad1cba4af3fa05,,
Knickerbocker,,https://www.google.com/maps/place/Knickerbocker/data=!4m2!3m1!1s0x89c2598ff30b32a1:0xd037f7e66dc73bc1,,
Emmett's on Grove,,https://www.google.com/maps/place/Emmett's+on+Grove/data=!4m2!3m1!1s0x89c2593b38964921:0xca15ababdded7d73,,
Cucina Italian tavern,,https://www.google.com/maps/place/Cucina+Italian+tavern/data=!4m2!3m1!1s0x89c2f7bed26e80fd:0xb96b4a1f708bf5b3,,
PepsiCo,,https://www.google.com/maps/place/PepsiCo/data=!4m2!3m1!1s0x89c297b068d49919:0xd37841af10f9cb34,,
Ochre Restaurant,,https://www.google.com/maps/place/Ochre+Restaurant/data=!4m2!3m1!1s0x487604ce72b82de3:0x59a68484359b172f,,
Newport Street Gallery,,https://www.google.com/maps/place/Newport+Street+Gallery/data=!4m2!3m1!1s0x487604eac5eea46f:0xa2060affa34bb2ee,,
House of Hackney,,https://www.google.com/maps/place/House+of+Hackney/data=!4m2!3m1!1s0x48761cef8413dba5:0xfb48c2feac5673a8,,
Labour and Wait,,https://www.google.com/maps/place/Labour+and+Wait/data=!4m2!3m1!1s0x48761cb79af93cdb:0xc91c6aeec478eb2f,,
The Mayfair Chippy,,https://www.google.com/maps/place/The+Mayfair+Chippy/data=!4m2!3m1!1s0x4876053296ce3eeb:0x49900da706103950,,
Salter House,,https://www.google.com/maps/place/Salter+House/data=!4m2!3m1!1s0x89c25b2d80c1beff:0xb92424aef303816e,,
Salter House - Second Street,,https://www.google.com/maps/place/Salter+House+-+Second+Street/data=!4m2!3m1!1s0x89c259434213938f:0x3ae72b05e5f107ca,,
The Cutting Districts Barber Shop,,https://www.google.com/maps/place/The+Cutting+Districts+Barber+Shop/data=!4m2!3m1!1s0x89c259cf71a23b71:0x8f94b27e9f4a0649,,
Bill's Supper Club,,https://www.google.com/maps/place/Bill's+Supper+Club/data=!4m2!3m1!1s0x89c2598ba428c4e5:0x5a40f69662b56262,,
Reiss,,https://www.google.com/maps/place/Reiss/data=!4m2!3m1!1s0x89c258fba1653c43:0x54db74f0c3a3691a,,
Westerlind,,https://www.google.com/maps/place/Westerlind/data=!4m2!3m1!1s0x89dd95b507dd5f99:0xec2f3601df1495f2,,
El Fish Marisqueria,,https://www.google.com/maps/place/El+Fish+Marisqueria/data=!4m2!3m1!1s0x89c259d0a0de6fb3:0xd800bd8df507beef,,
Txikito,,https://www.google.com/maps/place/Txikito/data=!4m2!3m1!1s0x89c259b9f931e717:0x459e4878fa5da046,,
Death & Co East Village,,https://www.google.com/maps/place/Death+%26+Co+East+Village/data=!4m2!3m1!1s0x89c2599d344c4d29:0xf2d675ae58a2b743,,
Smalls Jazz Club,,https://www.google.com/maps/place/Smalls+Jazz+Club/data=!4m2!3m1!1s0x89c25994686b9ebb:0xa994b5b6ffd1279,,
Joe's Shanghai,,https://www.google.com/maps/place/Joe's+Shanghai/data=!4m2!3m1!1s0x89c25a26f81872d9:0x1ce6a514c42345a2,,
McSorley’s Old Ale House,,https://www.google.com/maps/place/McSorley%E2%80%99s+Old+Ale+House/data=!4m2!3m1!1s0x89c2599b7792d019:0xd1aabb33cbcc8b7d,,
Please Don't Tell,,https://www.google.com/maps/place/Please+Don't+Tell/data=!4m2!3m1!1s0x89c2599d65feae6f:0x9d16a571af581047,,
Attaboy,,https://www.google.com/maps/place/Attaboy/data=!4m2!3m1!1s0x89c25987040cb40d:0x20e5151ff00b2e55,,
Minetta Tavern,,https://www.google.com/maps/place/Minetta+Tavern/data=!4m2!3m1!1s0x89c2599196190779:0xf5f0efaba6878e,,
Double Chicken Please,,https://www.google.com/maps/place/Double+Chicken+Please/data=!4m2!3m1!1s0x89c2594f17616e23:0xfe458d735da2699e,,
Nom Wah Tea Parlor,,https://www.google.com/maps/place/Nom+Wah+Tea+Parlor/data=!4m2!3m1!1s0x89c25a26f0c50bab:0x3d1851088da22ec2,,
Thai Diner,,https://www.google.com/maps/place/Thai+Diner/data=!4m2!3m1!1s0x89c259e1eb6b2143:0xf8ef42b02bc96daf,,
Waverly Inn,,https://www.google.com/maps/place/Waverly+Inn/data=!4m2!3m1!1s0x89c25995951c53c7:0x91a0c347d5d447bb,,
Crane Club,,https://www.google.com/maps/place/Crane+Club/data=!4m2!3m1!1s0x89c259d1229d9041:0xa730e55de60e58f3,,
Café Boulud,,https://www.google.com/maps/place/Caf%C3%A9+Boulud/data=!4m2!3m1!1s0x89c258948b31c009:0x891cc59fc39d4a75,,
Buvette,,https://www.google.com/maps/place/Buvette/data=!4m2!3m1!1s0x89c2599371d90113:0x93a1212483085df3,,
Le Crocodile,,https://www.google.com/maps/place/Le+Crocodile/data=!4m2!3m1!1s0x89c259605e80f6e1:0x1ec710d9c7a9b979,,
Porchlight,,https://www.google.com/maps/place/Porchlight/data=!4m2!3m1!1s0x89c259b638d68f2f:0x5bae2a53bf2a2990,,
Bonnie's,,https://www.google.com/maps/place/Bonnie's/data=!4m2!3m1!1s0x89c25916003d076d:0xec624e10bba0230,,
Le Coucou,,https://www.google.com/maps/place/Le+Coucou/data=!4m2!3m1!1s0x89c25989f3630ecb:0xd048cf49523f429d,,
Torien,,https://www.google.com/maps/place/Torien/data=!4m2!3m1!1s0x89c25919b67c47d3:0x91cb196c9f5841a2,,
Jungsik,,https://www.google.com/maps/place/Jungsik/data=!4m2!3m1!1s0x89c25a1fd1cd24a5:0xe06d9ff42b6b6f23,,
Aska,,https://www.google.com/maps/place/Aska/data=!4m2!3m1!1s0x89c2595d4ead0653:0x19fa5a8162f13550,,
ATOMIX,,https://www.google.com/maps/place/ATOMIX/data=!4m2!3m1!1s0x89c259081e80b9dd:0xcbba8bbce70e7645,,
Monkey Bar,,https://www.google.com/maps/place/Monkey+Bar/data=!4m2!3m1!1s0x89c258fb1466d69b:0x58ecf24f96cc68e0,,
M. Wells,,https://www.google.com/maps/place/M.+Wells/data=!4m2!3m1!1s0x89c25929f15a0119:0xe70aad7752a04c8e,,
Jua,,https://www.google.com/maps/place/Jua/data=!4m2!3m1!1s0x89c2594f201b387d:0xdf648c6313c51875,,
Lilia,,https://www.google.com/maps/place/Lilia/data=!4m2!3m1!1s0x89c2595bea837025:0x77eb07a48c30f727,,
Sushi On Me - Williamsburg,,https://www.google.com/maps/place/Sushi+On+Me+-+Williamsburg/data=!4m2!3m1!1s0x89c259d507fea27b:0xcd84b456ac1cf3a6,,
Kono,,https://www.google.com/maps/place/Kono/data=!4m2!3m1!1s0x89c25bff22b39ae3:0xb462470cb9c0dbb5,,
Tokyo Record Bar,,https://www.google.com/maps/place/Tokyo+Record+Bar/data=!4m2!3m1!1s0x89c259917bd9679f:0xf974a50e03b72028,,
Sixty Three Clinton,,https://www.google.com/maps/place/Sixty+Three+Clinton/data=!4m2!3m1!1s0x89c2596f956bcedf:0xc2a2a8baa0a6361d,,
Gramercy Tavern,,https://www.google.com/maps/place/Gramercy+Tavern/data=!4m2!3m1!1s0x89c259a1820824bd:0x2b79dcdc251b8415,,
Hawksmoor NYC,,https://www.google.com/maps/place/Hawksmoor+NYC/data=!4m2!3m1!1s0x89c259d50b00d165:0x81224664871541b1,,
Anton's,,https://www.google.com/maps/place/Anton's/data=!4m2!3m1!1s0x89c259e5de23d8bd:0x75e32060644d550c,,
Au Cheval,,https://www.google.com/maps/place/Au+Cheval/data=!4m2!3m1!1s0x89c25bb44ec0f1b7:0x4cfe753b3a1f111,,
Le Rock,,https://www.google.com/maps/place/Le+Rock/data=!4m2!3m1!1s0x89c259907fc8b435:0x1e54d9b24e2eb98d,,
Bamonte's,,https://www.google.com/maps/place/Bamonte's/data=!4m2!3m1!1s0x885ce69625e116c5:0x9e8c2b51d962ae5e,,
l’abeille,,https://www.google.com/maps/place/l%E2%80%99abeille/data=!4m2!3m1!1s0x89c259ebaf54beab:0xc595e1f3173fb2a3,,
Cosme,,https://www.google.com/maps/place/Cosme/data=!4m2!3m1!1s0x89c259a16418e84f:0x3532988b2d0befec,,
Dirt Candy,,https://www.google.com/maps/place/Dirt+Candy/data=!4m2!3m1!1s0x89c2599d7b6d7905:0x13f746a075ed355f,,
Gallaghers Steakhouse,,https://www.google.com/maps/place/Gallaghers+Steakhouse/data=!4m2!3m1!1s0x89c25857cd790e15:0x7c7c06f522042053,,
Shuko,,https://www.google.com/maps/place/Shuko/data=!4m2!3m1!1s0x89c2599907abc57b:0xa7c809960d371b10,,
Time and Tide,,https://www.google.com/maps/place/Time+and+Tide/data=!4m2!3m1!1s0x89c259001df80c81:0x323ed314a00bd20a,,
THE GRILL,,https://www.google.com/maps/place/THE+GRILL/data=!4m2!3m1!1s0x89c258fca8594cf1:0xad791e0af9bb2041,,
Tolo,,https://www.google.com/maps/place/Tolo/data=!4m2!3m1!1s0x89c25b57f9ad2241:0x405cbaf78cc8f844,,
Donohue's Steak House,,https://www.google.com/maps/place/Donohue's+Steak+House/data=!4m2!3m1!1s0x89c258eed23a26dd:0x767179b4a1fed453,,
Delmonico's,,https://www.google.com/maps/place/Delmonico's/data=!4m2!3m1!1s0x89c25a169b252fc3:0xa2bf2e9c831365b5,,
Zum Stammtisch,,https://www.google.com/maps/place/Zum+Stammtisch/data=!4m2!3m1!1s0x89c25e7890e76761:0x60acb40d30b90e26,,
Randazzo's Clam Bar,,https://www.google.com/maps/place/Randazzo's+Clam+Bar/data=!4m2!3m1!1s0x89c244651609e353:0x127934739492b301,,
Adel's Famous Halal Food,,https://www.google.com/maps/place/Adel's+Famous+Halal+Food/data=!4m2!3m1!1s0x89c258ff31b51735:0x8e1154cea25d10bf,,
Raoul's,,https://www.google.com/maps/place/Raoul's/data=!4m2!3m1!1s0x89c2598db62c4c05:0xed703546cbc36db1,,
Keens Steakhouse,,https://www.google.com/maps/place/Keens+Steakhouse/data=!4m2!3m1!1s0x89c259a92938cde7:0xa89dbb19d96569cc,,
L&B Spumoni Gardens,,https://www.google.com/maps/place/L%26B+Spumoni+Gardens/data=!4m2!3m1!1s0x89c25b82af0fb3eb:0x36c9d87b51966a92,,
Wo Hop,,https://www.google.com/maps/place/Wo+Hop/data=!4m2!3m1!1s0x89c25bf26cccf805:0x422cf585e503c4ad,,
Mountain House Flushing 川山甲,,https://www.google.com/maps/place/Mountain+House+Flushing+%E5%B7%9D%E5%B1%B1%E7%94%B2/data=!4m2!3m1!1s0x89c2600e66ce62d9:0x44b0be75430098f9,,
Mountain House - Times Square 川山甲,,https://www.google.com/maps/place/Mountain+House+-+Times+Square+%E5%B7%9D%E5%B1%B1%E7%94%B2/data=!4m2!3m1!1s0x89c259004873d67f:0x3de10e866f3f0590,,
Cervo's,,https://www.google.com/maps/place/Cervo's/data=!4m2!3m1!1s0x89c25a29ae24f5a7:0x3aee6cc9e61230b4,,
Shu Jiao Fu Zhou,,https://www.google.com/maps/place/Shu+Jiao+Fu+Zhou/data=!4m2!3m1!1s0x89c25987a0baabdd:0x2982dbd963919b46,,
Kashkar Cafe,,https://www.google.com/maps/place/Kashkar+Cafe/data=!4m2!3m1!1s0x89c2446bd959293b:0xe9570cc2cb17b79,,
YOSHINO • NEW YORK,,https://www.google.com/maps/place/YOSHINO+%E2%80%A2+NEW+YORK/data=!4m2!3m1!1s0x89c259432ce364e9:0x229c6fbcbac84db1,,
Taste Good,,https://www.google.com/maps/place/Taste+Good/data=!4m2!3m1!1s0x89c25facbc86babd:0xd0f76d7940b42958,,
Shaw-nae’s House,,https://www.google.com/maps/place/Shaw-nae%E2%80%99s+House/data=!4m2!3m1!1s0x89c24f4e66c29f67:0xb50c7d9c777a15d0,,
Cho Dang Gol,,https://www.google.com/maps/place/Cho+Dang+Gol/data=!4m2!3m1!1s0x89c259a963364753:0xcf37071ffd9c5c2a,,
Torrisi,,https://www.google.com/maps/place/Torrisi/data=!4m2!3m1!1s0x89c259d645dfde59:0x53b10a7eb6b9bb86,,
Tatiana by Kwame Onwuachi,,https://www.google.com/maps/place/Tatiana+by+Kwame+Onwuachi/data=!4m2!3m1!1s0x89c2594c33122dc7:0xfd94158c7fb4f0e6,,
Carbone New York,,https://www.google.com/maps/place/Carbone+New+York/data=!4m2!3m1!1s0x89c25991fdc62b99:0x6092f3b5885ee14c,,
COTE Korean Steakhouse,,https://www.google.com/maps/place/COTE+Korean+Steakhouse/data=!4m2!3m1!1s0x89c259a384775443:0x4ad3dc8a6c30ce40,,
The Polo Bar,,https://www.google.com/maps/place/The+Polo+Bar/data=!4m2!3m1!1s0x89c258fa56f86f63:0xe55c54ab602c385e,,
Theodora,,https://www.google.com/maps/place/Theodora/data=!4m2!3m1!1s0x89c25b908dbb2727:0x8810ee4e72002ab6,,
Borgo,,https://www.google.com/maps/place/Borgo/data=!4m2!3m1!1s0x89c259ce087ee6ff:0xaf03ce19f5df83,,
The Corner Store,,https://www.google.com/maps/place/The+Corner+Store/data=!4m2!3m1!1s0x89c259f2c631b731:0x2c9f753a98a89dbe,,
Rao's,,https://www.google.com/maps/place/Rao's/data=!4m2!3m1!1s0x89c2f5fdbf406db3:0x41676ee46d5cf8cf,,
Dame,,https://www.google.com/maps/place/Dame/data=!4m2!3m1!1s0x89c2597ab9117853:0x5873e7824d72138a,,
886,,https://www.google.com/maps/place/886/data=!4m2!3m1!1s0x89c2599c7fcbb829:0x7b5e34986081ae61,,
Urban Garden Center,,https://www.google.com/maps/place/Urban+Garden+Center/data=!4m2!3m1!1s0x89c2f60f6851350d:0x336275dbf81acfbb,,
Queen’s English,,https://www.google.com/maps/place/Queen%E2%80%99s+English/data=!4m2!3m1!1s0x89b7c9b438aa808b:0xd3d4f4a266da2ec,,
Super Nice Pizza,,https://www.google.com/maps/place/Super+Nice+Pizza/data=!4m2!3m1!1s0x89c2f7001ce7a9e5:0xffd21542f532991d,,
TAKEDA,,https://www.google.com/maps/place/TAKEDA/data=!4m2!3m1!1s0x89c259ff44b38f4f:0x35a96e6475721fa6,,
Utsuwa Botanical Design,,https://www.google.com/maps/place/Utsuwa+Botanical+Design/data=!4m2!3m1!1s0x89c2590021e297a1:0x5928b7a70cca72fa,,
Strand Book Store,,https://www.google.com/maps/place/Strand+Book+Store/data=!4m2!3m1!1s0x89c259991086229d:0x5ecdcafc0a628a40,,
Eel Bar,,https://www.google.com/maps/place/Eel+Bar/data=!4m2!3m1!1s0x89c2590046dfed47:0xee5dc69b0fe5d6c9,,
Villa Charlotte Brontë,,https://www.google.com/maps/place/Villa+Charlotte+Bront%C3%AB/data=!4m2!3m1!1s0x89c2f34ba0a9d285:0x461a4b431aeafe29,,
Via Quadronno,,https://www.google.com/maps/place/Via+Quadronno/data=!4m2!3m1!1s0x89c25894a98895f9:0x42167cc34861d643,,
Ha’s Snack Bar,,https://www.google.com/maps/place/Ha%E2%80%99s+Snack+Bar/data=!4m2!3m1!1s0x89c259004491e3fb:0x590b42e96cca938e,,
Desert 5 Spot,,https://www.google.com/maps/place/Desert+5+Spot/data=!4m2!3m1!1s0x89c259007f3779d3:0xb839c0234d2d57a5,,
Le Alfré,,https://www.google.com/maps/place/Le+Alfr%C3%A9/data=!4m2!3m1!1s0x29e5874a5ba1d4b7:0xe28565bf9ec7b5a5,,
carriage trade,,https://www.google.com/maps/place/carriage+trade/data=!4m2!3m1!1s0x89c2598a7afdbdfb:0x9af76cbac0eaf59c,,
Bánh Mì Cô Út,,https://www.google.com/maps/place/B%C3%A1nh+M%C3%AC+C%C3%B4+%C3%9At/data=!4m2!3m1!1s0x89c259cd656a150d:0x42b2424fa574d8cd,,
William Stout Architectural Books,,https://www.google.com/maps/place/William+Stout+Architectural+Books/data=!4m2!3m1!1s0x808580f5302d84ed:0x735ae86fe932515b,,
Thirteen Water,,https://www.google.com/maps/place/Thirteen+Water/data=!4m2!3m1!1s0x89c2595b5e8739b1:0xb1625653da1c2b5e,,
Hanoi House,,https://www.google.com/maps/place/Hanoi+House/data=!4m2!3m1!1s0x89c2599d668a6c05:0x1e72d38c83ee191e,,
Elvis,,https://www.google.com/maps/place/Elvis/data=!4m2!3m1!1s0x89c2590052c187ed:0x589513606a0bcf77,,
53,,https://www.google.com/maps/place/53/data=!4m2!3m1!1s0x89c259278bd66a43:0xe167d77a7148bd29,,
Dia Chelsea,,https://www.google.com/maps/place/Dia+Chelsea/data=!4m2!3m1!1s0x89c259c7f0a4a6d1:0xc40582fbcedddb47,,
The Frick Collection,,https://www.google.com/maps/place/The+Frick+Collection/data=!4m2!3m1!1s0x89c258eceefd111d:0xd88ef5290f5e20e8,,
Bubby's,,https://www.google.com/maps/place/Bubby's/data=!4m2!3m1!1s0x89c259f568ae3a11:0x4de0e0aa48068655,,
Jungle Bird,,https://www.google.com/maps/place/Jungle+Bird/data=!4m2!3m1!1s0x89c259f01642ca01:0x8a303e633b540d74,,
Carpenters Workshop Gallery,,https://www.google.com/maps/place/Carpenters+Workshop+Gallery/data=!4m2!3m1!1s0x89c258fbad97b425:0xf279161f10b04681,,
Nitehawk Cinema,,https://www.google.com/maps/place/Nitehawk+Cinema/data=!4m2!3m1!1s0x89c259611db83633:0x917fd1b985e52513,,
Nordstrom NYC Flagship,,https://www.google.com/maps/place/Nordstrom+NYC+Flagship/data=!4m2!3m1!1s0x89c259d122f4a79d:0x5ea64dc8da1f7d5b,,
TORIBRO Ramen,,https://www.google.com/maps/place/TORIBRO+Ramen/data=!4m2!3m1!1s0x89c259734cf41d5d:0xb3e5a707ebe0181a,,
Té Company,,https://www.google.com/maps/place/T%C3%A9+Company/data=!4m2!3m1!1s0x89c259943f2a65d3:0xa6e67c33cdbf8cf7,,
The Ragtrader & Bo Peep Cocktail and Highball Store,,https://www.google.com/maps/place/The+Ragtrader+%26+Bo+Peep+Cocktail+and+Highball+Store/data=!4m2!3m1!1s0x89c259a97e0f6b15:0x95f653eb828df045,,
White Oak Tavern,,https://www.google.com/maps/place/White+Oak+Tavern/data=!4m2!3m1!1s0x89c2599a76ed38df:0x3db220ce3d709685,,
Street Taco To Go,,https://www.google.com/maps/place/Street+Taco+To+Go/data=!4m2!3m1!1s0x89c2f78d6912093d:0x42d48d363e6c80ce,,
Bo Peep Cocktail and Highball Store,,https://www.google.com/maps/place/Bo+Peep+Cocktail+and+Highball+Store/data=!4m2!3m1!1s0x89c259a97e06aaab:0xcebc16d820afcee2,,
NN.07,,https://www.google.com/maps/place/NN.07/data=!4m2!3m1!1s0x89c25962c9f5de21:0x28e8dfcadf01c1ac,,
Biddys Pub,,https://www.google.com/maps/place/Biddys+Pub/data=!4m2!3m1!1s0x89c258a541aa1f33:0xc7ecab94b1390a4,,
The Pony Bar,,https://www.google.com/maps/place/The+Pony+Bar/data=!4m2!3m1!1s0x89c258c0b757201d:0x36fce9bfe3910096,,
Strangelove Bar Nyc,,https://www.google.com/maps/place/Strangelove+Bar+Nyc/data=!4m2!3m1!1s0x89c2595b015e3187:0x4ae175f8d49dfadf,,
Ryan's Daughter,,https://www.google.com/maps/place/Ryan's+Daughter/data=!4m2!3m1!1s0x89c258ba34f730b3:0xef06a935384ed972,,
Sandro's,,https://www.google.com/maps/place/Sandro's/data=!4m2!3m1!1s0x89c258beb54ad78f:0x6d64857cfcb5d01e,,
Zabb PuTawn,,https://www.google.com/maps/place/Zabb+PuTawn/data=!4m2!3m1!1s0x89c258b977b0ebe7:0xec2f41b0e61be25b,,
Papaya King,,https://www.google.com/maps/place/Papaya+King/data=!4m2!3m1!1s0x89c25f8ece5dc39d:0xb9561df07b22e2d2,,
JG Melon,,https://www.google.com/maps/place/JG+Melon/data=!4m2!3m1!1s0x89c258c003ad1b39:0x636a5a8ae5c286ea,,
Sushi Seki,,https://www.google.com/maps/place/Sushi+Seki/data=!4m2!3m1!1s0x89c258e809a826d3:0xa6c8c534ca342e95,,
Daniel,,https://www.google.com/maps/place/Daniel/data=!4m2!3m1!1s0x89c258ee8e46d6d3:0x947c96d0b0de75c,,
Sushi Noz,,https://www.google.com/maps/place/Sushi+Noz/data=!4m2!3m1!1s0x89c258be35154099:0x13733f146e4856c8,,
Le Veau d'Or,,https://www.google.com/maps/place/Le+Veau+d'Or/data=!4m2!3m1!1s0x89c258ef7f13c7f1:0xbd74e2af7163b932,,
Super Taste,,https://www.google.com/maps/place/Super+Taste/data=!4m2!3m1!1s0x89c2590c14d8fc1d:0xbf69d84f97ed3994,,
Crave Fishbar Upper East Side,,https://www.google.com/maps/place/Crave+Fishbar+Upper+East+Side/data=!4m2!3m1!1s0x89c259efa67cdadf:0x4d574484475456ad,,
Café Sabarsky,,https://www.google.com/maps/place/Caf%C3%A9+Sabarsky/data=!4m2!3m1!1s0x89c25897f9fd5fd3:0x27020a995efb2bee,,
Felice 83,,https://www.google.com/maps/place/Felice+83/data=!4m2!3m1!1s0x89c258b97c003ef5:0x5521014b5d9ccba5,,
Chez Nick,,https://www.google.com/maps/place/Chez+Nick/data=!4m2!3m1!1s0x89c259f1028842cb:0x78c1d216fe059a16,,
Aunt Jake's,,https://www.google.com/maps/place/Aunt+Jake's/data=!4m2!3m1!1s0x89c25900c9daf729:0x8c00d9846b892c6e,,
Tha Phraya,,https://www.google.com/maps/place/Tha+Phraya/data=!4m2!3m1!1s0x89c25904f261b55d:0x51c4ac589415e1fa,,
Hoexter's,,https://www.google.com/maps/place/Hoexter's/data=!4m2!3m1!1s0x89c259f09f726025:0xe93e4ffbdcbe80f4,,
The Penrose Bar,,https://www.google.com/maps/place/The+Penrose+Bar/data=!4m2!3m1!1s0x89c258bbe48a5413:0xad36d9ea880f501f,,
The New York Historical,,https://www.google.com/maps/place/The+New+York+Historical/data=!4m2!3m1!1s0x89c2588e7d325121:0x505d79b92e16a75e,,
NONONO,,https://www.google.com/maps/place/NONONO/data=!4m2!3m1!1s0x89c2591ca9685707:0x539c610aae88f0b1,,
Metrograph,,https://www.google.com/maps/place/Metrograph/data=!4m2!3m1!1s0x89c25a29b0ecc1e7:0x56ae0ed254bafa79,,
"Bijan Royal, Inc.",,"https://www.google.com/maps/place/Bijan+Royal,+Inc./data=!4m2!3m1!1s0x89c2599999ec4083:0x6712409bb95f3f65",,
Nickey · Kehoe,,https://www.google.com/maps/place/Nickey+%C2%B7+Kehoe/data=!4m2!3m1!1s0x89c259a49e4f0745:0xb7808c6b9f41cb76,,
Gui Steakhouse NYC,,https://www.google.com/maps/place/Gui+Steakhouse+NYC/data=!4m2!3m1!1s0x89c259006dd8bea7:0x9120bfc63dfbbbb6,,
Golden Diner,,https://www.google.com/maps/place/Golden+Diner/data=!4m2!3m1!1s0x89c25bb8f896e9d7:0x3783be16e6af1ced,,
Elea,,https://www.google.com/maps/place/Elea/data=!4m2!3m1!1s0x89c258841817ce93:0xf8db515928bcb51a,,
4 Charles Prime Rib,,https://www.google.com/maps/place/4+Charles+Prime+Rib/data=!4m2!3m1!1s0x89c259942a0eb0fb:0x157ade6f9c17ad32,,
Blue Blossom 青花,,https://www.google.com/maps/place/Blue+Blossom+%E9%9D%92%E8%8A%B1/data=!4m2!3m1!1s0x89c259aae36448a9:0x67943d44cadfce5d,,
burger joint,,https://www.google.com/maps/place/burger+joint/data=!4m2!3m1!1s0x89c258f9e15bf1c1:0xafe511716724bf3f,,
".Cartel Hair Studio, SOHO Barber Shop",,"https://www.google.com/maps/place/.Cartel+Hair+Studio,+SOHO+Barber+Shop/data=!4m2!3m1!1s0x89c25908ab7bd1bd:0x692d82fe44d6a286",,
New York School of Interior Design,,https://www.google.com/maps/place/New+York+School+of+Interior+Design/data=!4m2!3m1!1s0x89c258ebb566e4f1:0x917ca25a5cc78ee0,,
B&H Photo Video - Electronics and Camera Store,,https://www.google.com/maps/place/B%26H+Photo+Video+-+Electronics+and+Camera+Store/data=!4m2!3m1!1s0x89c259b23ddddd23:0xb0dc42ba2848322,,
Book Culture,,https://www.google.com/maps/place/Book+Culture/data=!4m2!3m1!1s0x89c2f63c79f0e37f:0xb9ce02d4b8f9977c,,
Columbia University Bookstore,,https://www.google.com/maps/place/Columbia+University+Bookstore/data=!4m2!3m1!1s0x89c2f63eebde9207:0x94e239c78ab052cd,,
"Printed Matter, Inc.",,"https://www.google.com/maps/place/Printed+Matter,+Inc./data=!4m2!3m1!1s0x89c259b86a67022d:0xd049422b800a9d1c",,
Iconic Magazines,,https://www.google.com/maps/place/Iconic+Magazines/data=!4m2!3m1!1s0x89c25988ebdb920d:0xd1650091093199a7,,
Zutto Japanese Ramen Sushi Bar,,https://www.google.com/maps/place/Zutto+Japanese+Ramen+Sushi+Bar/data=!4m2!3m1!1s0x89c259b11d73449d:0xb43d844496e177aa,,
Kips Bay Decorator Show House,,https://www.google.com/maps/place/Kips+Bay+Decorator+Show+House/data=!4m2!3m1!1s0x89c2595cfe78968f:0x899f88ef41bd8f8e,,
Shinola Tribeca Store,,https://www.google.com/maps/place/Shinola+Tribeca+Store/data=!4m2!3m1!1s0x89c259f5800856db:0x6bb1b5a4c4bb7065,,
The Consulate UWS,,https://www.google.com/maps/place/The+Consulate+UWS/data=!4m2!3m1!1s0x89c259c19f56b1f1:0xd84c3487c9324ba1,,
The Expat,,https://www.google.com/maps/place/The+Expat/data=!4m2!3m1!1s0x89c2f7e1de4658f9:0x5c82ed685d1c897d,,
Sushi Goda,,https://www.google.com/maps/place/Sushi+Goda/data=!4m2!3m1!1s0x89c2598a9175fb33:0x4e23b5678cbd947c,,
The INNOCENT CARVERY,,https://www.google.com/maps/place/The+INNOCENT+CARVERY/data=!4m2!3m1!1s0x60188b7afcda966b:0x3fc34d5b678c4082,,
Tofu Cuisine Sorano Shibuya,,https://www.google.com/maps/place/Tofu+Cuisine+Sorano+Shibuya/data=!4m2!3m1!1s0x60188b5bb2beb491:0x3ca9e75cd11c88e,,
YORONIKU TOKYO AZABUDAI HILLS,,https://www.google.com/maps/place/YORONIKU+TOKYO+AZABUDAI+HILLS/data=!4m2!3m1!1s0x60188be00cd91b97:0xe1cbf63bf0c5d43,,
Kappore,,https://www.google.com/maps/place/Kappore/data=!4m2!3m1!1s0x60188b395ca18145:0xdf793b0d245c939a,,
NIKU-AZABU Nishiazabu Main Store,,https://www.google.com/maps/place/NIKU-AZABU+Nishiazabu+Main+Store/data=!4m2!3m1!1s0x60188b700e9c8d6d:0x175fa17702027208,,
Lord’s,,https://www.google.com/maps/place/Lord%E2%80%99s/data=!4m2!3m1!1s0x89c25937b61177f9:0x88a963157619c831,,
Casa Magazines,,https://www.google.com/maps/place/Casa+Magazines/data=!4m2!3m1!1s0x89c259956fbc79d3:0x29097edab47b1281,,
KIDA NYC,,https://www.google.com/maps/place/KIDA+NYC/data=!4m2!3m1!1s0x89c259888a35343f:0x4e3c8db666ead9d,,
Lafayette Grand Café & Bakery,,https://www.google.com/maps/place/Lafayette+Grand+Caf%C3%A9+%26+Bakery/data=!4m2!3m1!1s0x89c2599ab7535b05:0xaf99878a75a0c0e3,,
The Tang,,https://www.google.com/maps/place/The+Tang/data=!4m2!3m1!1s0x89c2f7bb54a0e617:0x3b0e0b88bac0382c,,
Nobody Told Me,,https://www.google.com/maps/place/Nobody+Told+Me/data=!4m2!3m1!1s0x89c2f6235e42ffff:0x3e962214b7aeefea,,
Haar & Co. Barbershop,,https://www.google.com/maps/place/Haar+%26+Co.+Barbershop/data=!4m2!3m1!1s0x89c2599413895555:0x11a89669c9edcb6d,,
Notre-Dame-de-la-Treille Cathedral,,https://www.google.com/maps/place/Notre-Dame-de-la-Treille+Cathedral/data=!4m2!3m1!1s0x47c32a7810a53a75:0xf93743480082501e,,
3sixteen NY,,https://www.google.com/maps/place/3sixteen+NY/data=!4m2!3m1!1s0x89c25986ad2b944f:0xef7612db1e601708,,
Da Dong Prawn Noodles 大東蝦麵,,https://www.google.com/maps/place/Da+Dong+Prawn+Noodles+%E5%A4%A7%E6%9D%B1%E8%9D%A6%E9%BA%B5/data=!4m2!3m1!1s0x31da180d5ee562ff:0xcf8a16d23c267520,,
Chye Seng Huat Hardware,,https://www.google.com/maps/place/Chye+Seng+Huat+Hardware/data=!4m2!3m1!1s0x31da19c93bc65b0d:0xbbf7699d9d6938a1,,
Kotuwa,,https://www.google.com/maps/place/Kotuwa/data=!4m2!3m1!1s0x31da19a2f74116cd:0xc4370f8cb9d03f10,,
Kappou,,https://www.google.com/maps/place/Kappou/data=!4m2!3m1!1s0x31da19bb0c9cae3b:0x1d4978f33054d2aa,,
Anthology,,https://www.google.com/maps/place/Anthology/data=!4m2!3m1!1s0x31da19aae5ea3c51:0xeca3389e9cb68a81,,
Kappou Miyako Japanese Home Dining,,https://www.google.com/maps/place/Kappou+Miyako+Japanese+Home+Dining/data=!4m2!3m1!1s0x31da191cc37da5bd:0x73ccc53c4031ddd8,,
割烹 新井 Kappo Arai,,https://www.google.com/maps/place/%E5%89%B2%E7%83%B9+%E6%96%B0%E4%BA%95+Kappo+Arai/data=!4m2!3m1!1s0x31da193ab57e857b:0xc8bc15e20cdb9b2c,,
Design Orchard,,https://www.google.com/maps/place/Design+Orchard/data=!4m2!3m1!1s0x31da1991407459dd:0xf37792a225453d44,,
National Design Centre,,https://www.google.com/maps/place/National+Design+Centre/data=!4m2!3m1!1s0x31da19bad62a795f:0xebd6bcfaf5795f03,,
FIN Crafted Goods Co.,,https://www.google.com/maps/place/FIN+Crafted+Goods+Co./data=!4m2!3m1!1s0x31da173e9e2b5aeb:0x4f3cf18d0741c20f,,
Rail Corridor (Southern End),,https://www.google.com/maps/place/Rail+Corridor+(Southern+End)/data=!4m2!3m1!1s0x31da191b645579eb:0x2734175a13fc3216,,
MacRitchie Reservoir,,https://www.google.com/maps/place/MacRitchie+Reservoir/data=!4m2!3m1!1s0x31da174a834d5455:0x3ea3612250057dc4,,
Pulau Ubin,,https://www.google.com/maps/place/Pulau+Ubin/data=!4m2!3m1!1s0x31da3e623f15c661:0xac4f288dcb813841,,
Henderson Waves,,https://www.google.com/maps/place/Henderson+Waves/data=!4m2!3m1!1s0x31da1b17bcc07a79:0xb1d00a0d8c2e6085,,
SODENG - VINTAGE BBQ (TELOK AYER),,https://www.google.com/maps/place/SODENG+-+VINTAGE+BBQ+(TELOK+AYER)/data=!4m2!3m1!1s0x31da196e4b336e05:0xb4b5b0bd3c04cdbc,,
Go K BBQ JJAJANG,,https://www.google.com/maps/place/Go+K+BBQ+JJAJANG/data=!4m2!3m1!1s0x31da19cca3a69d7d:0x4041f188210cc470,,
Live Twice,,https://www.google.com/maps/place/Live+Twice/data=!4m2!3m1!1s0x31da1938e5a0fc6d:0x52c65bb6818dc97b,,
Dumpling Darlings (Amoy Street),,https://www.google.com/maps/place/Dumpling+Darlings+(Amoy+Street)/data=!4m2!3m1!1s0x31da190b88e3fe5d:0x1d55682d13aa7b17,,
Niningashi,,https://www.google.com/maps/place/Niningashi/data=!4m2!3m1!1s0x31da199970c17f53:0x1a6e5fc728bdb7d1,,
88 Hong Kong Roast Meat Specialist,,https://www.google.com/maps/place/88+Hong+Kong+Roast+Meat+Specialist/data=!4m2!3m1!1s0x31da19c93a106849:0x6538717f3cc55569,,
Amoy Street Food Centre,,https://www.google.com/maps/place/Amoy+Street+Food+Centre/data=!4m2!3m1!1s0x31da19129bf396d5:0xc4c74da290ec162f,,
Samy's Curry Restaurant,,https://www.google.com/maps/place/Samy's+Curry+Restaurant/data=!4m2!3m1!1s0x31da1a22e7e03467:0x553882cb3157d536,,
The Community Coffee,,https://www.google.com/maps/place/The+Community+Coffee/data=!4m2!3m1!1s0x31da1992aea2a311:0x4d16cb3791e1d016,,
Kerbside&Co.,,https://www.google.com/maps/place/Kerbside%26Co./data=!4m2!3m1!1s0x31da1927d30bb4c9:0x357d3e7868e0ede0,,
Dover Street Market Singapore,,https://www.google.com/maps/place/Dover+Street+Market+Singapore/data=!4m2!3m1!1s0x31da1a22d9c8acf5:0xe27309ad5a1f4ac,,
Long Bar,,https://www.google.com/maps/place/Long+Bar/data=!4m2!3m1!1s0x31da19a5b8117caf:0xcacb3659e2afcdea,,
Manifesto,,https://www.google.com/maps/place/Manifesto/data=!4m2!3m1!1s0x31da19a6b9966ccb:0xd7414a337323632b,,
Porter International (Singapore),,https://www.google.com/maps/place/Porter+International+(Singapore)/data=!4m2!3m1!1s0x31da198df83791ad:0x4823b9bbd88bc1c7,,
Epigram Coffee Bookshop @ SAM (TPD),,https://www.google.com/maps/place/Epigram+Coffee+Bookshop+@+SAM+(TPD)/data=!4m2!3m1!1s0x31da1974778c2d5d:0x7035621f1be65a3,,
"Andaz Singapore, by Hyatt",,"https://www.google.com/maps/place/Andaz+Singapore,+by+Hyatt/data=!4m2!3m1!1s0x31da19b021e9ce07:0x6f6afbcfba9af1c1",,
"Pan Pacific Orchard, Singapore",,"https://www.google.com/maps/place/Pan+Pacific+Orchard,+Singapore/data=!4m2!3m1!1s0x31da198cd0d43a09:0x635675fa0ca4997f",,
Capella Singapore,,https://www.google.com/maps/place/Capella+Singapore/data=!4m2!3m1!1s0x31da1eaa555fbe17:0x54fa3371b8548565,,
Raffles Hotel,,https://www.google.com/maps/place/Raffles+Hotel/data=!4m2!3m1!1s0x31da19a5bbca44c1:0x647f3845b65cdec2,,
The Singapore EDITION,,https://www.google.com/maps/place/The+Singapore+EDITION/data=!4m2!3m1!1s0x31da198c2ab5a96d:0x310f2cfb784f37a9,,
The Warehouse Hotel,,https://www.google.com/maps/place/The+Warehouse+Hotel/data=!4m2!3m1!1s0x31da197620c11ddf:0x3fcc1c7a544aa568,,
21 Carpenter,,https://www.google.com/maps/place/21+Carpenter/data=!4m2!3m1!1s0x31da1900cd98df5f:0x47e99b7c8574d898,,
Mondrian Singapore Duxton,,https://www.google.com/maps/place/Mondrian+Singapore+Duxton/data=!4m2!3m1!1s0x31da193b54615c65:0x72a85549aac91569,,
Jigger & Pony,,https://www.google.com/maps/place/Jigger+%26+Pony/data=!4m2!3m1!1s0x31da190d061da0df:0x41672a5a407459bc,,
Plus Coffee Joint,,https://www.google.com/maps/place/Plus+Coffee+Joint/data=!4m2!3m1!1s0x31da1939c5688277:0x71e9b4be770d0bdb,,
Chin Mee Chin Confectionery,,https://www.google.com/maps/place/Chin+Mee+Chin+Confectionery/data=!4m2!3m1!1s0x31da187335dc6ee9:0x6462d2e6d567a107,,
atomi,,https://www.google.com/maps/place/atomi/data=!4m2!3m1!1s0x31da19bd39b18c9f:0x34c6df15683ee10,,
Side Door,,https://www.google.com/maps/place/Side+Door/data=!4m2!3m1!1s0x31da191c19047ae3:0x8ad8e922c55ed73c,,
THE STORE SG,,https://www.google.com/maps/place/THE+STORE+SG/data=!4m2!3m1!1s0x31da198cf352e433:0x1a8a2b1597483270,,
Origin Bar,,https://www.google.com/maps/place/Origin+Bar/data=!4m2!3m1!1s0x31da19f4703ca001:0x8d61d9bb106b1ea1,,
Republic Bar Singapore,,https://www.google.com/maps/place/Republic+Bar+Singapore/data=!4m2!3m1!1s0x31da1985849fee1b:0xdad9016b81ae5ae4,,
NOST,,https://www.google.com/maps/place/NOST/data=!4m2!3m1!1s0x31da1968b5feb701:0xb93b8b5790b94784,,
Mad & Midas,,https://www.google.com/maps/place/Mad+%26+Midas/data=!4m2!3m1!1s0x31da199ab56b04b1:0x8771d6f496e2d2b9,,
No Sleep Club,,https://www.google.com/maps/place/No+Sleep+Club/data=!4m2!3m1!1s0x31da196928cdddf1:0x46f383ae6d55baf7,,
Silly Goose,,https://www.google.com/maps/place/Silly+Goose/data=!4m2!3m1!1s0x31da195040edf58d:0x72939237cd9de5e5,,
Native,,https://www.google.com/maps/place/Native/data=!4m2!3m1!1s0x31da190d64539b79:0x3bd8a2fabc3d6577,,
Sago House,,https://www.google.com/maps/place/Sago+House/data=!4m2!3m1!1s0x31da19a933bccaa1:0xa18246556acaf7d6,,
Spectre,,https://www.google.com/maps/place/Spectre/data=!4m2!3m1!1s0x31da197276019c19:0xa948d9105f5d4aef,,
The Elephant Room Singapore,,https://www.google.com/maps/place/The+Elephant+Room+Singapore/data=!4m2!3m1!1s0x31da195ff1323fbd:0x9c41c9387c879f32,,
Cat Bite Club,,https://www.google.com/maps/place/Cat+Bite+Club/data=!4m2!3m1!1s0x31da19d845214e93:0x8775e684212e6dfb,,
SUPERMAMA,,https://www.google.com/maps/place/SUPERMAMA/data=!4m2!3m1!1s0x31da19a4bdde4707:0xeec47eac92dd0ae7,,
SUPERMAMA Museum Store,,https://www.google.com/maps/place/SUPERMAMA+Museum+Store/data=!4m2!3m1!1s0x31da1914261deed3:0x3b78c402da26f606,,
Our Second Nature,,https://www.google.com/maps/place/Our+Second+Nature/data=!4m2!3m1!1s0x31da19c85abebe4f:0x49857b84fa10545b,,
BASA,,https://www.google.com/maps/place/BASA/data=!4m2!3m1!1s0x31da1916679d964b:0x5a4726556e1f6de3,,
Night Hawk,,https://www.google.com/maps/place/Night+Hawk/data=!4m2!3m1!1s0x31da1920b9065469:0x83f8538286144b5e,,
Wildcard,,https://www.google.com/maps/place/Wildcard/data=!4m2!3m1!1s0x31da19c3ca4d6e4f:0x3a155043b3a449bf,,
Restaurant Born,,https://www.google.com/maps/place/Restaurant+Born/data=!4m2!3m1!1s0x31da1996c63db411:0x46b485adf1c81ac8,,
Revolver,,https://www.google.com/maps/place/Revolver/data=!4m2!3m1!1s0x31da19165cf8190f:0x6628d2a0edc4b1ad,,
Fico,,https://www.google.com/maps/place/Fico/data=!4m2!3m1!1s0x31da23c9c5c687d3:0xb36d41fc9f8d4896,,
AIR CCCC,,https://www.google.com/maps/place/AIR+CCCC/data=!4m2!3m1!1s0x31da1bf3a0cd4a6b:0xaa5035abb4514e76,,
Birds of Paradise Gelato Boutique (Craig),,https://www.google.com/maps/place/Birds+of+Paradise+Gelato+Boutique+(Craig)/data=!4m2!3m1!1s0x31da1991d139fd97:0xe3fc86d12d611868,,
Birds of Paradise Gelato Boutique,,https://www.google.com/maps/place/Birds+of+Paradise+Gelato+Boutique/data=!4m2!3m1!1s0x31da190201403885:0xef81e6b352b1ee41,,
Kurasu Singapore,,https://www.google.com/maps/place/Kurasu+Singapore/data=!4m2!3m1!1s0x31da19a4fea446b9:0x3796b49b82a2d481,,
Moonchild,,https://www.google.com/maps/place/Moonchild/data=!4m2!3m1!1s0x31da19f1b2e0e9bd:0x55f075904eb1efc3,,
Paaru,,https://www.google.com/maps/place/Paaru/data=!4m2!3m1!1s0x31da19620b651fc9:0xa672a4437707ca40,,
Fura,,https://www.google.com/maps/place/Fura/data=!4m2!3m1!1s0x31da1926126de753:0x53240ee7d7b6ccbb,,
Frankie & Fern's,,https://www.google.com/maps/place/Frankie+%26+Fern's/data=!4m2!3m1!1s0x31da1b029cc3e39b:0x80bc1ef39dd70739,,
Equate Coffee,,https://www.google.com/maps/place/Equate+Coffee/data=!4m2!3m1!1s0x31da1951ff82383d:0x2d95d5d52caeed79,,
ÁTIPICO Atelier,,https://www.google.com/maps/place/%C3%81TIPICO+Atelier/data=!4m2!3m1!1s0x31da1bcabb65ab0b:0xf809e8f13eac2098,,
AMI Patisserie,,https://www.google.com/maps/place/AMI+Patisserie/data=!4m2!3m1!1s0x31da1935879f7b77:0x67e8f1cb112847dc,,
Homeground Coffee Roasters,,https://www.google.com/maps/place/Homeground+Coffee+Roasters/data=!4m2!3m1!1s0x31da1955a1015bb1:0x41e975051c9dcbda,,
Nylon Coffee,,https://www.google.com/maps/place/Nylon+Coffee/data=!4m2!3m1!1s0x31da196c396db613:0x948ca58959acc615,,
Pocket by Flip Coffee Roasters,,https://www.google.com/maps/place/Pocket+by+Flip+Coffee+Roasters/data=!4m2!3m1!1s0x31da1b6378fc998f:0xda1238595ad81222,,
SILK Tea Bar,,https://www.google.com/maps/place/SILK+Tea+Bar/data=!4m2!3m1!1s0x31da19c81404ecdd:0xf0b8500fcd113201,,
Offtrack,,https://www.google.com/maps/place/Offtrack/data=!4m2!3m1!1s0x31da19963cdecdf7:0x1f01bc4d6a92b7df,,
Forma,,https://www.google.com/maps/place/Forma/data=!4m2!3m1!1s0x31da19c123a76979:0xcaecce48725c1fba,,
ANJU,,https://www.google.com/maps/place/ANJU/data=!4m2!3m1!1s0x31da191e621b0195:0xcdfdcdba5fbb630a,,
Mott 32 Singapore,,https://www.google.com/maps/place/Mott+32+Singapore/data=!4m2!3m1!1s0x31da19db995822eb:0xd47a2b1bbbd4ff2d,,
Le Bon Funk (Holland Village),,https://www.google.com/maps/place/Le+Bon+Funk+(Holland+Village)/data=!4m2!3m1!1s0x31da1b3c07bea56b:0xf1e70900fa451438,,
Apartment Coffee,,https://www.google.com/maps/place/Apartment+Coffee/data=!4m2!3m1!1s0x31da19b3766f12c9:0x8f608d2a4ba4c0a5,,
ATLAS,,https://www.google.com/maps/place/ATLAS/data=!4m2!3m1!1s0x31da19b066f8cac9:0x1a822ab9ded25293,,
Rempapa,,https://www.google.com/maps/place/Rempapa/data=!4m2!3m1!1s0x31da193ea20e7d77:0x5b044920f3e8109d,,
The Coconut Club,,https://www.google.com/maps/place/The+Coconut+Club/data=!4m2!3m1!1s0x31da190d303737d9:0x975d59c5327a435e,,
Junior The Pocket Bar,,https://www.google.com/maps/place/Junior+The+Pocket+Bar/data=!4m2!3m1!1s0x31da196d4597b75f:0xf291baf4d2a1ff9c,,
ARTIFACTT,,https://www.google.com/maps/place/ARTIFACTT/data=!4m2!3m1!1s0x31da1967daa6245d:0x3bb8437911744ee1,,
Aa furniture,,https://www.google.com/maps/place/Aa+furniture/data=!4m2!3m1!1s0x31da1b3f5a8417a3:0x9d2492898f2ad59e,,
Colony Clothing,,https://www.google.com/maps/place/Colony+Clothing/data=!4m2!3m1!1s0x31da199f3f67b6db:0xe879cba2b12b43db,,
GRAYE - The Lab Store,,https://www.google.com/maps/place/GRAYE+-+The+Lab+Store/data=!4m2!3m1!1s0x31da174eeccfa67f:0xa87cb45a0c97a56f,,
"Beyond The Vines Design Store, Takashimaya S.C.",,"https://www.google.com/maps/place/Beyond+The+Vines+Design+Store,+Takashimaya+S.C./data=!4m2!3m1!1s0x31da194ca1c314cb:0xeb58ae52fd7940e9",,
"SOJAO Home Goods Store, Joo Chiat Road",,"https://www.google.com/maps/place/SOJAO+Home+Goods+Store,+Joo+Chiat+Road/data=!4m2!3m1!1s0x31da3d2126c151d1:0x3df5ff77886fbafe",,
The Decorum Singapore,,https://www.google.com/maps/place/The+Decorum+Singapore/data=!4m2!3m1!1s0x31da19a39fecb01b:0x822433a261694784,,
The Private Museum,,https://www.google.com/maps/place/The+Private+Museum/data=!4m2!3m1!1s0x31da19a358c6cc69:0xcd10cb7bf3cc3a8b,,
Appetite,,https://www.google.com/maps/place/Appetite/data=!4m2!3m1!1s0x31da19cda9dbdc65:0xa1f435861ee44319,,
Thomson Nature Park,,https://www.google.com/maps/place/Thomson+Nature+Park/data=!4m2!3m1!1s0x31da16cafc29efad:0xb6752c53c38a1124,,
STPI Creative Workshop and Gallery,,https://www.google.com/maps/place/STPI+Creative+Workshop+and+Gallery/data=!4m2!3m1!1s0x31da199e618cff23:0x2f3a28473f507eac,,
Alchemist The Heeren,,https://www.google.com/maps/place/Alchemist+The+Heeren/data=!4m2!3m1!1s0x31da198a0b440a03:0x47d8c0ee325907f5,,
Liberated Fitness,,https://www.google.com/maps/place/Liberated+Fitness/data=!4m2!3m1!1s0x89c2f6226160016b:0x4c5c4a3d549ac4d3,,
Grassroots Book Room,,https://www.google.com/maps/place/Grassroots+Book+Room/data=!4m2!3m1!1s0x31da19a5152c45b3:0x233e28fdf8fd926c,,
Basheer Graphic Books,,https://www.google.com/maps/place/Basheer+Graphic+Books/data=!4m2!3m1!1s0x31da19a51d5b159f:0x571286ff06473198,,
Lau Pa Sat,,https://www.google.com/maps/place/Lau+Pa+Sat/data=!4m2!3m1!1s0x31da190de1a58ee5:0xfdead3880c0abd60,,
Tiong Bahru Market,,https://www.google.com/maps/place/Tiong+Bahru+Market/data=!4m2!3m1!1s0x31da1979f8b24e39:0x4197238808881372,,
"Hill Street Tai Hwa Pork Noodle, Crawford Lane",,"https://www.google.com/maps/place/Hill+Street+Tai+Hwa+Pork+Noodle,+Crawford+Lane/data=!4m2!3m1!1s0x31da19b42ad981b9:0x99e64da5de0603b8",,
Bedok 85 Market,,https://www.google.com/maps/place/Bedok+85+Market/data=!4m2!3m1!1s0x31da3d36159f2789:0x83df8bb2b167c1ed,,
Liao Fan Hawker Chan (Chinatown),,https://www.google.com/maps/place/Liao+Fan+Hawker+Chan+(Chinatown)/data=!4m2!3m1!1s0x31da19731378e5d9:0x66f0318292b49348,,
Hayop,,https://www.google.com/maps/place/Hayop/data=!4m2!3m1!1s0x31da198f93f87d23:0xcf3bbe47c92e146,,
Keng Eng Kee Seafood @ Alexandra Village,,https://www.google.com/maps/place/Keng+Eng+Kee+Seafood+@+Alexandra+Village/data=!4m2!3m1!1s0x31da1bcbf31f51bb:0xafa211445b3757dc,,
Kok Sen Restaurant @ City Square Mall,,https://www.google.com/maps/place/Kok+Sen+Restaurant+@+City+Square+Mall/data=!4m2!3m1!1s0x31da1942a107da9f:0x2f17bcef6216d472,,
Kok Sen Restauran || Michelin Bib Gourmand (Chinatown Area),,https://www.google.com/maps/place/Kok+Sen+Restauran+%7C%7C+Michelin+Bib+Gourmand+(Chinatown+Area)/data=!4m2!3m1!1s0x31da19727cde43d5:0x83d2647b26f90e37,,
J.B. Ah Meng Restaurant,,https://www.google.com/maps/place/J.B.+Ah+Meng+Restaurant/data=!4m2!3m1!1s0x31da19feebb50f2d:0xab5d503fb9a73d16,,
Dirty Supper,,https://www.google.com/maps/place/Dirty+Supper/data=!4m2!3m1!1s0x31da1939296ec559:0x9c87beea2d440d66,,
Labyrinth Restaurant,,https://www.google.com/maps/place/Labyrinth+Restaurant/data=!4m2!3m1!1s0x31da1972a345df8f:0xef84956ffe208514,,
Mustard Seed,,https://www.google.com/maps/place/Mustard+Seed/data=!4m2!3m1!1s0x31da179ea2ea8925:0xd8c9d889dca3b0b6,,
Restaurant Fiz,,https://www.google.com/maps/place/Restaurant+Fiz/data=!4m2!3m1!1s0x31da195fe236cb27:0x5b6b71d5b37f7798,,
Odette,,https://www.google.com/maps/place/Odette/data=!4m2!3m1!1s0x31da19a74fed486d:0x32964a71907ce024,,
Burnt Ends,,https://www.google.com/maps/place/Burnt+Ends/data=!4m2!3m1!1s0x31da197262439f2d:0xb324b3b59b409d43,,
NAEUM Restaurant,,https://www.google.com/maps/place/NAEUM+Restaurant/data=!4m2!3m1!1s0x31da1911a0af37d3:0x545f5c292d13e6f5,,
Seroja,,https://www.google.com/maps/place/Seroja/data=!4m2!3m1!1s0x31da192a2e65f5fb:0x42aacaf487964753,,
Blossom Restaurant,,https://www.google.com/maps/place/Blossom+Restaurant/data=!4m2!3m1!1s0x31da195e17b0939b:0x86c1b9b4dff308d5,,
Path Restaurant,,https://www.google.com/maps/place/Path+Restaurant/data=!4m2!3m1!1s0x31da198079f473a5:0x7e0c311de225cd78,,
ArtScience Museum,,https://www.google.com/maps/place/ArtScience+Museum/data=!4m2!3m1!1s0x31da19042950679d:0x81c847e129eec549,,
Numb Restaurant 川麻记 @ Marina One,,https://www.google.com/maps/place/Numb+Restaurant+%E5%B7%9D%E9%BA%BB%E8%AE%B0+@+Marina+One/data=!4m2!3m1!1s0x31da19127e6722af:0xf3d17db878772450,,
Singapore Art Museum at Tanjong Pagar Distripark,,https://www.google.com/maps/place/Singapore+Art+Museum+at+Tanjong+Pagar+Distripark/data=!4m2!3m1!1s0x31da190b4b2f2d3d:0x301402de71935aba,,
National Museum of Singapore,,https://www.google.com/maps/place/National+Museum+of+Singapore/data=!4m2!3m1!1s0x31da19a311be5b0f:0x92e311597c4db868,,
National Gallery Singapore,,https://www.google.com/maps/place/National+Gallery+Singapore/data=!4m2!3m1!1s0x31da19a747de0c15:0xe5639e25fabece80,,
Red Dot Design Museum,,https://www.google.com/maps/place/Red+Dot+Design+Museum/data=!4m2!3m1!1s0x31da1912c68752ab:0xfafa51da63b1f3ed,,
Maxwell Food Centre,,https://www.google.com/maps/place/Maxwell+Food+Centre/data=!4m2!3m1!1s0x31da190d4d2ce4b1:0xce7f195d585390aa,,
Candlenut,,https://www.google.com/maps/place/Candlenut/data=!4m2!3m1!1s0x31da19720b8724e7:0x5101e3c43062ecbb,,
"Duxton Reserve Singapore, Autograph Collection",,"https://www.google.com/maps/place/Duxton+Reserve+Singapore,+Autograph+Collection/data=!4m2!3m1!1s0x31da19ec3a56f0cd:0xad0de03af2bf9268",,
Cherry on Top,,https://www.google.com/maps/place/Cherry+on+Top/data=!4m2!3m1!1s0x89c25d814b40acc7:0x4604e5b3c75bbcd0,,
Frog,,https://www.google.com/maps/place/Frog/data=!4m2!3m1!1s0x89c25ba48656cfcf:0x8890239d77f2d415,,
Human Nature NYC,,https://www.google.com/maps/place/Human+Nature+NYC/data=!4m2!3m1!1s0x89c259876ec81b47:0x5d89a9ca473239b9,,
Don Angie,,https://www.google.com/maps/place/Don+Angie/data=!4m2!3m1!1s0x89c25995f4b5107f:0xb7d70b00818a6b5f,,
The Dead Poet,,https://www.google.com/maps/place/The+Dead+Poet/data=!4m2!3m1!1s0x89c258860a5c67d3:0xefab2b56306f9478,,
Westland Roe,,https://www.google.com/maps/place/Westland+Roe/data=!4m2!3m1!1s0x89c259004671f1c5:0x334c8abb5a567030,,
Gulp 呷奔,,https://www.google.com/maps/place/Gulp+%E5%91%B7%E5%A5%94/data=!4m2!3m1!1s0x89c259e3d915d2cd:0x9d21087f6d6f22c5,,
Between the Bagel NY,,https://www.google.com/maps/place/Between+the+Bagel+NY/data=!4m2!3m1!1s0x89c25f4771237737:0x609d8472169b1b5e,,
Chalong NYC,,https://www.google.com/maps/place/Chalong+NYC/data=!4m2!3m1!1s0x89c2591e368c0087:0x99124cb91291893a,,
Quarters,,https://www.google.com/maps/place/Quarters/data=!4m2!3m1!1s0x89c259001a7aa719:0x5e754301157726ef,,
Lillie's Victorian Establishment,,https://www.google.com/maps/place/Lillie's+Victorian+Establishment/data=!4m2!3m1!1s0x89c258568a3eda91:0xb0b0abf09e271575,,
Oscar Wilde,,https://www.google.com/maps/place/Oscar+Wilde/data=!4m2!3m1!1s0x89c259a5e959b781:0x9c2c03e28babd5c6,,
Atoboy,,https://www.google.com/maps/place/Atoboy/data=!4m2!3m1!1s0x89c259a7bd69ec67:0xcbdf16685f285b19,,
OKDONGSIK New York,,https://www.google.com/maps/place/OKDONGSIK+New+York/data=!4m2!3m1!1s0x89c2591c2849682d:0x25632b3aa278584f,,
Merz b. Schwanen,,https://www.google.com/maps/place/Merz+b.+Schwanen/data=!4m2!3m1!1s0x89c259000743e37b:0x1a3582814b0cf39e,,
Sushi Sho,,https://www.google.com/maps/place/Sushi+Sho/data=!4m2!3m1!1s0x89c259014e47f24f:0xa1556ca71d97575e,,
Frank's Chop Shop,,https://www.google.com/maps/place/Frank's+Chop+Shop/data=!4m2!3m1!1s0x89c25a2994b6934f:0x67e74d70a7b7ad66,,
OKONOMI // YUJI Ramen,,https://www.google.com/maps/place/OKONOMI+%2F%2F+YUJI+Ramen/data=!4m2!3m1!1s0x89c2595831328cd9:0xfad5f1be4ddd8e13,,
Frederick Law Olmsted National Historic Site,,https://www.google.com/maps/place/Frederick+Law+Olmsted+National+Historic+Site/data=!4m2!3m1!1s0x89e3790840ac35bf:0x7e107d569b03ba83,,
Joe Coffee Company,,https://www.google.com/maps/place/Joe+Coffee+Company/data=!4m2!3m1!1s0x89c258851f08f4e5:0x683454a9ff3855ae,,
City Coffee Bar,,https://www.google.com/maps/place/City+Coffee+Bar/data=!4m2!3m1!1s0x89c2f73f8bc2baf1:0xe602bc5fb3c1e34a,,
Kitchen San José del Cabo,,https://www.google.com/maps/place/Kitchen+San+Jos%C3%A9+del+Cabo/data=!4m2!3m1!1s0x86af5140bb9bd655:0xc452f012c67b86d3,,
Traspatio,,https://www.google.com/maps/place/Traspatio/data=!4m2!3m1!1s0x86af5083f85c3803:0x9581e2b172600b71,,
Chamuyo Restaurant · San José,,https://www.google.com/maps/place/Chamuyo+Restaurant+%C2%B7+San+Jos%C3%A9/data=!4m2!3m1!1s0x86af5b6dbe8f459f:0xb515722b33bfb85a,,
Humo,,https://www.google.com/maps/place/Humo/data=!4m2!3m1!1s0x86af50aa9caeba77:0x8a4dd39ed05a4476,,
Tamarindos,,https://www.google.com/maps/place/Tamarindos/data=!4m2!3m1!1s0x86af5a0d11d4ba71:0x26c8ed1eedcf548d,,
PEZGALLO,,https://www.google.com/maps/place/PEZGALLO/data=!4m2!3m1!1s0x86af518b5ddf4007:0xc27cdcb1f3501140,,
Acre Restaurant,,https://www.google.com/maps/place/Acre+Restaurant/data=!4m2!3m1!1s0x86af5a1192719f85:0x17c0b736b1966e3b,,
Ruba's Bakery & Bistro,,https://www.google.com/maps/place/Ruba's+Bakery+%26+Bistro/data=!4m2!3m1!1s0x86af51285eba04b3:0x6e33f9bd50e8de13,,
Jardín Secreto Restaurante,,https://www.google.com/maps/place/Jard%C3%ADn+Secreto+Restaurante/data=!4m2!3m1!1s0x86af51631b746643:0xd4dc0dadb2b76f5a,,
TaCorazón,,https://www.google.com/maps/place/TaCoraz%C3%B3n/data=!4m2!3m1!1s0x86af51cf990fa049:0xc911f19e2155448a,,
Flora Farms,,https://www.google.com/maps/place/Flora+Farms/data=!4m2!3m1!1s0x86af5a108bb8f573:0xd65661a19c1976a4,,
LÍMO Heritage Kitchen at Suelo Sur,,https://www.google.com/maps/place/L%C3%8DMO+Heritage+Kitchen+at+Suelo+Sur/data=!4m2!3m1!1s0x86af5b718fb07e81:0xb36cc5b903588b4e,,
¡Ay Güey!,,https://www.google.com/maps/place/%C2%A1Ay+G%C3%BCey!/data=!4m2!3m1!1s0x86af51b4efbe8c95:0x8af92c0d95598a54,,
Suelo Sur,,https://www.google.com/maps/place/Suelo+Sur/data=!4m2!3m1!1s0x86af5b2a2ad90c53:0xf1914de3730c66fd,,
Don Sanchez Restaurant,,https://www.google.com/maps/place/Don+Sanchez+Restaurant/data=!4m2!3m1!1s0x86af509c2af7807b:0xe784fbdacf9aa10d,,
RESTAURANTE ADELITAS,,https://www.google.com/maps/place/RESTAURANTE+ADELITAS/data=!4m2!3m1!1s0x86af517da702f21b:0x24c35bfb18cdc7dd,,
"Mercer Union, a centre for contemporary art",,"https://www.google.com/maps/place/Mercer+Union,+a+centre+for+contemporary+art/data=!4m2!3m1!1s0x882b34441964b495:0xd51ff16bc7360e58",,
Felice 71- Columbus,,https://www.google.com/maps/place/Felice+71-+Columbus/data=!4m2!3m1!1s0x89c2596b73ef2de5:0x45132a2aba3cfa72,,
Bungee Space,,https://www.google.com/maps/place/Bungee+Space/data=!4m2!3m1!1s0x89c2597463e8d507:0x485fb33decfcc4c9,,
Poulet Sans Tete,,https://www.google.com/maps/place/Poulet+Sans+Tete/data=!4m2!3m1!1s0x89c25973a089be4d:0x2fc45fbb3d123a31,,
Please Tell Me,,https://www.google.com/maps/place/Please+Tell+Me/data=!4m2!3m1!1s0x89c259bf533f2e4b:0x5fbe73833981876b,,
Harefield Road,,https://www.google.com/maps/place/Harefield+Road/data=!4m2!3m1!1s0x89c25956ca8f3e6b:0xc8757b1021a1eb6d,,
BEAM,,https://www.google.com/maps/place/BEAM/data=!4m2!3m1!1s0x89c259615f790817:0xa3ce1e73f210f73e,,
The Morgan Library & Museum,,https://www.google.com/maps/place/The+Morgan+Library+%26+Museum/data=!4m2!3m1!1s0x89c2590738778edf:0x3ba82e23876af8d,,
Front General Store,,https://www.google.com/maps/place/Front+General+Store/data=!4m2!3m1!1s0x89c25a339564cf3b:0x222d158c6761fcb5,,
Hudson Wilder,,https://www.google.com/maps/place/Hudson+Wilder/data=!4m2!3m1!1s0x89c25b372d6d6e05:0xafc4290c322ab86,,
usagi,,https://www.google.com/maps/place/usagi/data=!4m2!3m1!1s0x89c25a324cbd529f:0xc95d3559eadf2a79,,
Sunset Monalisa,,https://www.google.com/maps/place/Sunset+Monalisa/data=!4m2!3m1!1s0x86af4b70c6a09023:0x4f498ebc9ec6567d,,
Win Son Bakery,,https://www.google.com/maps/place/Win+Son+Bakery/data=!4m2!3m1!1s0x89c25b9f9a844559:0x874264acd136a40f,,
Head of State Barbershop,,https://www.google.com/maps/place/Head+of+State+Barbershop/data=!4m2!3m1!1s0x89c259770b37df61:0x65fb43db8f61f9a3,,
Mission Chinese Food,,https://www.google.com/maps/place/Mission+Chinese+Food/data=!4m2!3m1!1s0x808f7e3c967f9399:0x72be3654a9875e17,,
ONS Clothing,,https://www.google.com/maps/place/ONS+Clothing/data=!4m2!3m1!1s0x89c259360715ec8b:0x2e13d2fbd563389c,,
Parm Mulberry Street,,https://www.google.com/maps/place/Parm+Mulberry+Street/data=!4m2!3m1!1s0x89c2598f45bc47cb:0x76b696d7f3823afb,,
a83,,https://www.google.com/maps/place/a83/data=!4m2!3m1!1s0x89c2590644856363:0xf2ddae2404946a2b,,
Drake's,,https://www.google.com/maps/place/Drake's/data=!4m2!3m1!1s0x89c259e0941be523:0x261b858884d3a9f6,,
Maison Pickle,,https://www.google.com/maps/place/Maison+Pickle/data=!4m2!3m1!1s0x89c25886855aaaad:0x9f6c026a62af2874,,
Wythe,,https://www.google.com/maps/place/Wythe/data=!4m2!3m1!1s0x89c259bbf9d370e7:0x892cdcb20ad9b327,,
No Man Walks Alone,,https://www.google.com/maps/place/No+Man+Walks+Alone/data=!4m2!3m1!1s0x89c259ad7a8197df:0xdc67edb994d0526e,,
Chicha San Chen,,https://www.google.com/maps/place/Chicha+San+Chen/data=!4m2!3m1!1s0x89c25b000fd87579:0x2b24f23447c1f48a,,
Cheong Fun Cart,,https://www.google.com/maps/place/Cheong+Fun+Cart/data=!4m2!3m1!1s0x89c2598821d49b3b:0x32e876eec64f0086,,
New York Botanical Garden,,https://www.google.com/maps/place/New+York+Botanical+Garden/data=!4m2!3m1!1s0x89c2f37cb80715c9:0xd73f5ca83441153f,,
Untermyer Gardens Conservancy,,https://www.google.com/maps/place/Untermyer+Gardens+Conservancy/data=!4m2!3m1!1s0x89c2ed0835a9f315:0x844cbd353c1d036d,,
"Kykuit, the Rockefeller Estate",,"https://www.google.com/maps/place/Kykuit,+the+Rockefeller+Estate/data=!4m2!3m1!1s0x89c2eaa46c9ca6e9:0x9b333ef31d3bb01",,
The West Brooklyn,,https://www.google.com/maps/place/The+West+Brooklyn/data=!4m2!3m1!1s0x89c259588f99a659:0xccede04b2447536a,,
Montesacro Brooklyn,,https://www.google.com/maps/place/Montesacro+Brooklyn/data=!4m2!3m1!1s0x89c259c2147adcad:0xb710698d6699e3af,,
The Old Yew Plant Shop,,https://www.google.com/maps/place/The+Old+Yew+Plant+Shop/data=!4m2!3m1!1s0x89c2595cd47ef1ed:0xdb4491e04117245f,,
Dive 75,,https://www.google.com/maps/place/Dive+75/data=!4m2!3m1!1s0x89c258895100c229:0x798d14c709fbeafe,,
"Nan Xiang Express - Upper West Side, NY",,"https://www.google.com/maps/place/Nan+Xiang+Express+-+Upper+West+Side,+NY/data=!4m2!3m1!1s0x89c2f78066938cf7:0x3b8ccc26126e859a",,
Le Monde,,https://www.google.com/maps/place/Le+Monde/data=!4m2!3m1!1s0x89c2f63b8b5312a9:0xe562a9ee17c50fc2,,
Aimé Leon Dore,,https://www.google.com/maps/place/Aim%C3%A9+Leon+Dore/data=!4m2!3m1!1s0x89c2598892f61cab:0x66e1fe6869aba7c,,
Noah,,https://www.google.com/maps/place/Noah/data=!4m2!3m1!1s0x89c25988c3b944d7:0xd6bc83805ec0effe,,
Joyface,,https://www.google.com/maps/place/Joyface/data=!4m2!3m1!1s0x89c2599b309a53c9:0xe52ffff7e343c374,,
Mister Paradise,,https://www.google.com/maps/place/Mister+Paradise/data=!4m2!3m1!1s0x89c25921786231af:0x712d6c48f7af892a,,
Hi-Note,,https://www.google.com/maps/place/Hi-Note/data=!4m2!3m1!1s0x89c2594d5417d623:0x6cc164629a8d847a,,
KGB Bar,,https://www.google.com/maps/place/KGB+Bar/data=!4m2!3m1!1s0x89c25984b353bb31:0xec877cff5d7007,,
Wiggle Room,,https://www.google.com/maps/place/Wiggle+Room/data=!4m2!3m1!1s0x89c259a796fa9577:0x5e02a9542df83499,,
Holiday Cocktail Lounge,,https://www.google.com/maps/place/Holiday+Cocktail+Lounge/data=!4m2!3m1!1s0x89c2599d03b26207:0x10791a98f16b66c9,,
Madeline's Martini,,https://www.google.com/maps/place/Madeline's+Martini/data=!4m2!3m1!1s0x89c259b21be443a9:0x64fb6f986c5d55fb,,
Superbueno,,https://www.google.com/maps/place/Superbueno/data=!4m2!3m1!1s0x89c25968d57b736d:0x66559ce4e7393935,,
Motel No Tell,,https://www.google.com/maps/place/Motel+No+Tell/data=!4m2!3m1!1s0x89c2593b276e36a9:0x2339d56e3c84a312,,
Soothr,,https://www.google.com/maps/place/Soothr/data=!4m2!3m1!1s0x89c25923d7bca4d1:0x5bbeae84d9924f22,,
Mountain House Manhattan 川山甲,,https://www.google.com/maps/place/Mountain+House+Manhattan+%E5%B7%9D%E5%B1%B1%E7%94%B2/data=!4m2!3m1!1s0x89c2599c79b00001:0xef65378399982a9b,,
Yellow Rose,,https://www.google.com/maps/place/Yellow+Rose/data=!4m2!3m1!1s0x89c25977f637a4f3:0xe20fd16e55943325,,
Studio 151,,https://www.google.com/maps/place/Studio+151/data=!4m2!3m1!1s0x89c2597745d445e5:0x381e02587cd2b3f1,,
Bungalow,,https://www.google.com/maps/place/Bungalow/data=!4m2!3m1!1s0x89c2590044e143c5:0x5d377f3ad3b83659,,
Carnitas Ramirez,,https://www.google.com/maps/place/Carnitas+Ramirez/data=!4m2!3m1!1s0x89c2590050d251e3:0xd0a2838a932ab585,,
Penny,,https://www.google.com/maps/place/Penny/data=!4m2!3m1!1s0x89c259fed4aa0623:0xcc49c3a759b86198,,
SHŌSH,,https://www.google.com/maps/place/SH%C5%8CSH/data=!4m2!3m1!1s0x89c25979d1b7d6e5:0x46e32345241516ee,,
Ramen Ishida,,https://www.google.com/maps/place/Ramen+Ishida/data=!4m2!3m1!1s0x89c25981311e45d3:0x689c9f9d39519bcd,,
Cold Spring General Store,,https://www.google.com/maps/place/Cold+Spring+General+Store/data=!4m2!3m1!1s0x89c2ccb570897245:0xa3660a39988944f6,,
"The New York Public Library for the Performing Arts, Dorothy and Lewis B. 
Cullman Center",,"https://www.google.com/maps/place/The+New+York+Public+Library+for+the+Performing+Arts,+Dorothy+and+Lewis+B.+%0ACullman+Center/data=!4m2!3m1!1s0x89c258f580711f93:0x9750fe4e405f3666",,
Bode Men’s,,https://www.google.com/maps/place/Bode+Men%E2%80%99s/data=!4m2!3m1!1s0x89c25bea8c1abd81:0x536278786b7d2a75,,
La Garçonne Tribeca,,https://www.google.com/maps/place/La+Gar%C3%A7onne+Tribeca/data=!4m2!3m1!1s0x89c259f486ef0137:0xd902984cb2e57ae0,,
colbo,,https://www.google.com/maps/place/colbo/data=!4m2!3m1!1s0x89c25b52ab99ddc1:0x6fd8a4cd83590b8b,,
Nepenthes New York,,https://www.google.com/maps/place/Nepenthes+New+York/data=!4m2!3m1!1s0x89c259ad2205b58b:0xd0f97da0a5d47856,,
Goose Barnacle,,https://www.google.com/maps/place/Goose+Barnacle/data=!4m2!3m1!1s0x89c25a45b1a02037:0x5fd5bb541ead51cc,,
Collyer's Mansion,,https://www.google.com/maps/place/Collyer's+Mansion/data=!4m2!3m1!1s0x89c25a4f71698713:0x9f37ff037ab86aad,,
Maryann's,,https://www.google.com/maps/place/Maryann's/data=!4m2!3m1!1s0x89dd31397ce14c87:0x80168967c371ba84,,
Meyer's Olde Dutch Beacon,,https://www.google.com/maps/place/Meyer's+Olde+Dutch+Beacon/data=!4m2!3m1!1s0x89dd317a5aff2c09:0x8d330dc3ea71d1fa,,
Melzingah Tap House,,https://www.google.com/maps/place/Melzingah+Tap+House/data=!4m2!3m1!1s0x89dd3124105c48f5:0xfae167ac299bf4c5,,
El Nica Food,,https://www.google.com/maps/place/El+Nica+Food/data=!4m2!3m1!1s0x89dd314baa23bc85:0x2ee98419a6157e49,,
Magazzino Italian Art,,https://www.google.com/maps/place/Magazzino+Italian+Art/data=!4m2!3m1!1s0x89dd34bf1b388f2f:0x2e246d8494f79b2b,,
Millport Dairy,,https://www.google.com/maps/place/Millport+Dairy/data=!4m2!3m1!1s0x89c2f7006f853093:0xe5335bf3111a618a,,
Westside Market NYC,,https://www.google.com/maps/place/Westside+Market+NYC/data=!4m2!3m1!1s0x89c2f62882706587:0x26affbf59e953b80,,
Ends Meat,,https://www.google.com/maps/place/Ends+Meat/data=!4m2!3m1!1s0x89c25abf13f41271:0xbb22a452126207d,,
Garrison's Landing,,https://www.google.com/maps/place/Garrison's+Landing/data=!4m2!3m1!1s0x89c2cd31986e0617:0xcbdf2c2779c50107,,
New York Public Library - Stephen A. Schwarzman Building,,https://www.google.com/maps/place/New+York+Public+Library+-+Stephen+A.+Schwarzman+Building/data=!4m2!3m1!1s0x89c2590099a8a8a9:0x3b51df6e509a734c,,
Bloomingdale Library,,https://www.google.com/maps/place/Bloomingdale+Library/data=!4m2!3m1!1s0x89c2f626f39421e9:0x3e5886e1d05af598,,
Congee Village,,https://www.google.com/maps/place/Congee+Village/data=!4m2!3m1!1s0x89c25987185dccc7:0x337115f296625e4f,,
Parker,,https://www.google.com/maps/place/Parker/data=!4m2!3m1!1s0x89c25872c3875c13:0x90c6efd41bd98dcb,,
Brunch,,https://www.google.com/maps/place/Brunch/data=!4m2!3m1!1s0x89c2592d91bfd52d:0xf6fe7d702d69ec10,,
Amelie Bistro & Wine Bar upper west side,,https://www.google.com/maps/place/Amelie+Bistro+%26+Wine+Bar+upper+west+side/data=!4m2!3m1!1s0x89c2588386bb5d05:0x4b7590bb846242db,,
Friend of a Farmer - Upper West Side,,https://www.google.com/maps/place/Friend+of+a+Farmer+-+Upper+West+Side/data=!4m2!3m1!1s0x89c259d1b1290779:0xe7629df2940ff72e,,
Taqueria 86,,https://www.google.com/maps/place/Taqueria+86/data=!4m2!3m1!1s0x89c25988b134525d:0x214b61c89e384f59,,
The Grand Feast,,https://www.google.com/maps/place/The+Grand+Feast/data=!4m2!3m1!1s0x89c2f7485ad57721:0x2b07355805971889,,
Metro Diner,,https://www.google.com/maps/place/Metro+Diner/data=!4m2!3m1!1s0x89c2f6260bfa97d5:0x6e402eeb0d3ad72f,,
Zabar's,,https://www.google.com/maps/place/Zabar's/data=!4m2!3m1!1s0x89c258862e7ae59b:0x161b26b78af02870,,
The Restaurant at Gilder,,https://www.google.com/maps/place/The+Restaurant+at+Gilder/data=!4m2!3m1!1s0x89c25959db5aff51:0xeacaf1130ee08991,,
Fanelli Café,,https://www.google.com/maps/place/Fanelli+Caf%C3%A9/data=!4m2!3m1!1s0x89c2598eede478ef:0xa80cdf61092779f1,,
8282,,https://www.google.com/maps/place/8282/data=!4m2!3m1!1s0x89c2591b7208a535:0x56cf8479930f8f1c,,
SAGA,,https://www.google.com/maps/place/SAGA/data=!4m2!3m1!1s0x89c25b4694429965:0xd9e636f1f9b43f66,,
Tin Building by Jean-Georges,,https://www.google.com/maps/place/Tin+Building+by+Jean-Georges/data=!4m2!3m1!1s0x89c25b5c2fb3c20f:0x9445c2a840caa981,,
One White Street,,https://www.google.com/maps/place/One+White+Street/data=!4m2!3m1!1s0x89c25962c1d32521:0xa86f1e23c7388922,,
Estela,,https://www.google.com/maps/place/Estela/data=!4m2!3m1!1s0x89c259857ffe777f:0x1419ce2472841070,,
C as in Charlie,,https://www.google.com/maps/place/C+as+in+Charlie/data=!4m2!3m1!1s0x89c259bd1ecce6c7:0x515677b1cbbf7877,,
Veselka,,https://www.google.com/maps/place/Veselka/data=!4m2!3m1!1s0x89c2599c5ce21097:0x755d2ae66dc781a7,,
Veselka Williamsburg,,https://www.google.com/maps/place/Veselka+Williamsburg/data=!4m2!3m1!1s0x89c2590043882a67:0x832e53f7c88f54d6,,
Wildair,,https://www.google.com/maps/place/Wildair/data=!4m2!3m1!1s0x89c25a29d0319b7d:0x68b27fd63118d308,,
Maison Premiere,,https://www.google.com/maps/place/Maison+Premiere/data=!4m2!3m1!1s0x89c259604f86f55b:0xcb55e54de2d99b36,,
Taqueria Ramírez,,https://www.google.com/maps/place/Taqueria+Ram%C3%ADrez/data=!4m2!3m1!1s0x89c2f5000405eb9f:0xac8c474b64b134ec,,
Taqueria Ramirez,,https://www.google.com/maps/place/Taqueria+Ramirez/data=!4m2!3m1!1s0x89c2598a60020f0f:0xad4c6da40d90f29b,,
Lucali,,https://www.google.com/maps/place/Lucali/data=!4m2!3m1!1s0x89c25a593142dedf:0xf29a33ff1f0b6ab7,,
Roberta's,,https://www.google.com/maps/place/Roberta's/data=!4m2!3m1!1s0x89c25d0d3ab223cd:0x16b11fd586b90f7d,,
Best Pizza,,https://www.google.com/maps/place/Best+Pizza/data=!4m2!3m1!1s0x89c259f66a7f606f:0x5895b8a598b9f602,,
elNico,,https://www.google.com/maps/place/elNico/data=!4m2!3m1!1s0x89c2595945103281:0x5d1c29c764eea3c9,,
Radio Bakery,,https://www.google.com/maps/place/Radio+Bakery/data=!4m2!3m1!1s0x89c259f7069ad989:0x7eadffe63191e6a5,,
Red Hook Tavern,,https://www.google.com/maps/place/Red+Hook+Tavern/data=!4m2!3m1!1s0x89c25b9495de42bf:0xdfa3fb7f5aea4bad,,
Steve's Authentic Key Lime Pie,,https://www.google.com/maps/place/Steve's+Authentic+Key+Lime+Pie/data=!4m2!3m1!1s0x89c25a88a87b1ef3:0x47216db243907f31,,
Strong Rope Brewery Red Hook,,https://www.google.com/maps/place/Strong+Rope+Brewery+Red+Hook/data=!4m2!3m1!1s0x89c25bd4d3b0ff79:0x5a9554b6679d27b4,,
Emilio's Ballato,,https://www.google.com/maps/place/Emilio's+Ballato/data=!4m2!3m1!1s0x89c2598581890a45:0xf8d461ccea75907c,,
The Penny Williamsburg,,https://www.google.com/maps/place/The+Penny+Williamsburg/data=!4m2!3m1!1s0x89c2599f8175083d:0xc457b6c553ed3d3a,,
Shukette,,https://www.google.com/maps/place/Shukette/data=!4m2!3m1!1s0x89c259a8a3d9a6b9:0xa91f343a1ae86384,,
The Dead Rabbit NYC,,https://www.google.com/maps/place/The+Dead+Rabbit+NYC/data=!4m2!3m1!1s0x89c25a1469891821:0xea6b2acef790acd8,,
ELIS WINE BAR & RESTAURANT,,https://www.google.com/maps/place/ELIS+WINE+BAR+%26+RESTAURANT/data=!4m2!3m1!1s0x89c2f7556e95fe11:0xb6ddbaf867f57a2,,
Celeste,,https://www.google.com/maps/place/Celeste/data=!4m2!3m1!1s0x89c258843133428d:0x9789fe2792a77ea4,,
Spiga Restaurant,,https://www.google.com/maps/place/Spiga+Restaurant/data=!4m2!3m1!1s0x89c258853d4597ab:0x51abd674ff7522ed,,
Bosino Ristorante Italiano,,https://www.google.com/maps/place/Bosino+Ristorante+Italiano/data=!4m2!3m1!1s0x89c2f790f97c92b1:0xfd7072426df46152,,
Arco Cafe,,https://www.google.com/maps/place/Arco+Cafe/data=!4m2!3m1!1s0x89c2f6244138f135:0x5bc2d86c33ed30b5,,
Bella Luna Restaurant,,https://www.google.com/maps/place/Bella+Luna+Restaurant/data=!4m2!3m1!1s0x89c2589caacffd91:0x67936fee89345966,,
Pisticci,,https://www.google.com/maps/place/Pisticci/data=!4m2!3m1!1s0x89c2f641cfb179c5:0x7b0781b6274882c1,,
Gennaro Restaurant,,https://www.google.com/maps/place/Gennaro+Restaurant/data=!4m2!3m1!1s0x89c25882b7f99781:0xf6c223f5dc883013,,
Rollin Bagels (Food Truck),,https://www.google.com/maps/place/Rollin+Bagels+(Food+Truck)/data=!4m2!3m1!1s0x89c259a07a22e36b:0x5aaa9851aa661fc9,,
Couleur Café,,https://www.google.com/maps/place/Couleur+Caf%C3%A9/data=!4m2!3m1!1s0x89c25ae2665c2305:0x822c08fbe3c97298,,
Cobble Hill Coffee Shop,,https://www.google.com/maps/place/Cobble+Hill+Coffee+Shop/data=!4m2!3m1!1s0x89c25a5a1058668f:0x3bd44266b4727b5a,,
Saraghina Pizzeria,,https://www.google.com/maps/place/Saraghina+Pizzeria/data=!4m2!3m1!1s0x89c25c7605bca637:0xf4c6cfbd4d02904e,,
Milk Bar,,https://www.google.com/maps/place/Milk+Bar/data=!4m2!3m1!1s0x89c25baa0eb7dea1:0x92fbb7729b1d11d3,,
Pies 'n' Thighs,,https://www.google.com/maps/place/Pies+'n'+Thighs/data=!4m2!3m1!1s0x89c25bd88fe227db:0x151104dc82a74ba2,,
Buttermilk Channel,,https://www.google.com/maps/place/Buttermilk+Channel/data=!4m2!3m1!1s0x89c25af65f8e2819:0xf053c6028512d98a,,
Scarr's Pizza,,https://www.google.com/maps/place/Scarr's+Pizza/data=!4m2!3m1!1s0x89c25a29b69a4a39:0xb65f303d4ac5eb82,,
Mama's TOO! Pizzeria West Village,,https://www.google.com/maps/place/Mama's+TOO!+Pizzeria+West+Village/data=!4m2!3m1!1s0x89c2590062ae6aef:0x48a50aec455a2736,,
Cafe Du Soleil,,https://www.google.com/maps/place/Cafe+Du+Soleil/data=!4m2!3m1!1s0x89c2f624ffc52875:0xfc6423b981bd8818,,
Fumo Upper West Side,,https://www.google.com/maps/place/Fumo+Upper+West+Side/data=!4m2!3m1!1s0x89c2f71a15315f4d:0xfc74e64d3ca5d2be,,
Abigail's,,https://www.google.com/maps/place/Abigail's/data=!4m2!3m1!1s0x89c2f700518b3c59:0xeff3e101e0bcf859,,
Cafe Luluc,,https://www.google.com/maps/place/Cafe+Luluc/data=!4m2!3m1!1s0x89c25a50fea3e409:0x8f6e5a9ed6d95c88,,
Cafe Colette,,https://www.google.com/maps/place/Cafe+Colette/data=!4m2!3m1!1s0x89c2595d0ed5a905:0xbf674a5af4c2cd39,,
Butler,,https://www.google.com/maps/place/Butler/data=!4m2!3m1!1s0x89c25bdf47e863bd:0x69d9b973183f303d,,
12 Chairs Café,,https://www.google.com/maps/place/12+Chairs+Caf%C3%A9/data=!4m2!3m1!1s0x89c259618a495e21:0xf45e3de663d6b3cb,,
Dover Street Market New York,,https://www.google.com/maps/place/Dover+Street+Market+New+York/data=!4m2!3m1!1s0x89c25908147e2f4d:0x708cff5aee1ebb71,,
The Noguchi Museum,,https://www.google.com/maps/place/The+Noguchi+Museum/data=!4m2!3m1!1s0x89c258caec1c9d51:0xdf2f973033a2c487,,
Absolute Bagels,,https://www.google.com/maps/place/Absolute+Bagels/data=!4m2!3m1!1s0x89c2f63b33ef6d2d:0xc0c3585923a7de1a,,
"Cooper Hewitt, Smithsonian Design Museum",,"https://www.google.com/maps/place/Cooper+Hewitt,+Smithsonian+Design+Museum/data=!4m2!3m1!1s0x89c258a2492a3fb1:0x2028546238b46dfa",,
The Metropolitan Museum of Art,,https://www.google.com/maps/place/The+Metropolitan+Museum+of+Art/data=!4m2!3m1!1s0x89c25896f660c26f:0x3b2fa4f4b6c6a1fa,,
Dim Sum Bloom,,https://www.google.com/maps/place/Dim+Sum+Bloom/data=!4m2!3m1!1s0x89c2f745b440f903:0xedaf818e50d2e2c4,,
Osteria Accademia,,https://www.google.com/maps/place/Osteria+Accademia/data=!4m2!3m1!1s0x89c259a912a536d9:0x1dd361c229b94462,,
Miriam,,https://www.google.com/maps/place/Miriam/data=!4m2!3m1!1s0x89c259f1640ef1f1:0x8ff4b4e0c739c00d,,
Essential by Christophe,,https://www.google.com/maps/place/Essential+by+Christophe/data=!4m2!3m1!1s0x89c2598c8672a2c3:0xb3e6e052e0a562de,,
Jing Fong,,https://www.google.com/maps/place/Jing+Fong/data=!4m2!3m1!1s0x89c25a27a4786b25:0x1181c2aa6ceec015,,
Haven UWS,,https://www.google.com/maps/place/Haven+UWS/data=!4m2!3m1!1s0x89c259c7cc764825:0x7b53d172c15ac5c2,,
Barney Greengrass,,https://www.google.com/maps/place/Barney+Greengrass/data=!4m2!3m1!1s0x89c258847b7adf67:0x1056c24e6d2e41da,,
Chick Chick,,https://www.google.com/maps/place/Chick+Chick/data=!4m2!3m1!1s0x89c259951508bb55:0x25ddd5407c22641c,,
Dagon,,https://www.google.com/maps/place/Dagon/data=!4m2!3m1!1s0x89c25882feb54c4b:0xa0c07cde88e255a7,,
Malecon,,https://www.google.com/maps/place/Malecon/data=!4m2!3m1!1s0x89c2f627ca5c7359:0xcf40ff41c6f620e2,,
Zurna,,https://www.google.com/maps/place/Zurna/data=!4m2!3m1!1s0x89c2f733d6747fbd:0x324ed582d5854cd,,
Bánh,,https://www.google.com/maps/place/B%C3%A1nh/data=!4m2!3m1!1s0x89c2f79ec93dfdb3:0x7f9cb46cb7b7e20f,,
Roti Roll (Bombay Frankie),,https://www.google.com/maps/place/Roti+Roll+(Bombay+Frankie)/data=!4m2!3m1!1s0x89c2f63cb9917529:0x29ca114bc7587767,,
Atlas Kitchen,,https://www.google.com/maps/place/Atlas+Kitchen/data=!4m2!3m1!1s0x89c2f7ee169a4bd9:0x274031b7be670add,,
Taquero,,https://www.google.com/maps/place/Taquero/data=!4m2!3m1!1s0x864e9f9f51f28305:0x2c34267cadf53fb4,,
Jalisco Norte,,https://www.google.com/maps/place/Jalisco+Norte/data=!4m2!3m1!1s0x864e9edaa7eab609:0xf5b8d2a2c988982e,,
Slow Bone BBQ,,https://www.google.com/maps/place/Slow+Bone+BBQ/data=!4m2!3m1!1s0x864e99560e462a67:0x590035a180493c52,,
Hutchins BBQ,,https://www.google.com/maps/place/Hutchins+BBQ/data=!4m2!3m1!1s0x864c3c2509799a75:0x1a28109b8a479706,,
Cattleack Barbeque,,https://www.google.com/maps/place/Cattleack+Barbeque/data=!4m2!3m1!1s0x864c272b1949852d:0xf86d4818ce969f08,,
Terry Black's Barbecue,,https://www.google.com/maps/place/Terry+Black's+Barbecue/data=!4m2!3m1!1s0x864e99509bef00b9:0xc523ba3f93e4ee8b,,
Javier's Gourmet Mexicano,,https://www.google.com/maps/place/Javier's+Gourmet+Mexicano/data=!4m2!3m1!1s0x864e9f18a59768f9:0x5f657246e14eba63,,
José,,https://www.google.com/maps/place/Jos%C3%A9/data=!4m2!3m1!1s0x864e9e7cc2fc7533:0xab6b34ce327e9c6,,
Win Son,,https://www.google.com/maps/place/Win+Son/data=!4m2!3m1!1s0x89c25bfc4ad8e6e3:0x4a3873012de5123e,,
L’industrie Pizzeria West Village,,https://www.google.com/maps/place/L%E2%80%99industrie+Pizzeria+West+Village/data=!4m2!3m1!1s0x89c2599568ac63f7:0x78fb89ff91782eb0,,
L'Industrie Pizzeria,,https://www.google.com/maps/place/L'Industrie+Pizzeria/data=!4m2!3m1!1s0x89c25be02249e843:0x95c3f90fbb6a4745,,
Misi,,https://www.google.com/maps/place/Misi/data=!4m2!3m1!1s0x89c259fa53acb4c3:0x75e745e94a922113,,
The Four Horsemen,,https://www.google.com/maps/place/The+Four+Horsemen/data=!4m2!3m1!1s0x89c2595f978c306d:0xc4f5e97ed7458852,,
The Odeon,,https://www.google.com/maps/place/The+Odeon/data=!4m2!3m1!1s0x89c25a1f98b4eb4b:0xe5cb4eafb1f4b167,,
Mắm,,https://www.google.com/maps/place/M%E1%BA%AFm/data=!4m2!3m1!1s0x89c2598afb66b49d:0x10972d2d28f5c8ec,,
Royal Seafood,,https://www.google.com/maps/place/Royal+Seafood/data=!4m2!3m1!1s0x89c25a278199977f:0x356aea835ff05c30,,
Una Pizza Napoletana,,https://www.google.com/maps/place/Una+Pizza+Napoletana/data=!4m2!3m1!1s0x89c25983f90bb601:0xa85e9b098e3afb21,,
Katz's Delicatessen,,https://www.google.com/maps/place/Katz's+Delicatessen/data=!4m2!3m1!1s0x89c2598f7ff4aa09:0x313547e757cb8cea,,
Raku,,https://www.google.com/maps/place/Raku/data=!4m2!3m1!1s0x89c259000394df71:0x6f4e02a0acc1d3d9,,
Hamburger America,,https://www.google.com/maps/place/Hamburger+America/data=!4m2!3m1!1s0x89c259989e9ec917:0x74f027a5a0b6dcd3,,
Semma,,https://www.google.com/maps/place/Semma/data=!4m2!3m1!1s0x89c259b83bb399c5:0x85e1948bb3e567c7,,
Awang Kitchen,,https://www.google.com/maps/place/Awang+Kitchen/data=!4m2!3m1!1s0x89c25e525af02e4b:0x33bf5aa1345e9723,,
Bangkok Supper Club,,https://www.google.com/maps/place/Bangkok+Supper+Club/data=!4m2!3m1!1s0x89c259350ea1dbbd:0xa4414d5a0ffb0e7a,,
Fish Cheeks,,https://www.google.com/maps/place/Fish+Cheeks/data=!4m2!3m1!1s0x89c259853cdfce81:0x9fddf144feac940,,
S&P Lunch,,https://www.google.com/maps/place/S%26P+Lunch/data=!4m2!3m1!1s0x89c259af7859cec3:0xd49f9be0fee3f52d,,
Koloman,,https://www.google.com/maps/place/Koloman/data=!4m2!3m1!1s0x89c25913724c4051:0x70204e58208733c0,,
Jongro BBQ,,https://www.google.com/maps/place/Jongro+BBQ/data=!4m2!3m1!1s0x89c259a8ef657243:0x9185d801317e2d9d,,
Grand Central Oyster Bar,,https://www.google.com/maps/place/Grand+Central+Oyster+Bar/data=!4m2!3m1!1s0x89c25901805ed947:0x9c3d57c181395b6b,,
Le Bernardin,,https://www.google.com/maps/place/Le+Bernardin/data=!4m2!3m1!1s0x89c25947ea10b457:0x6548e99cd73a1e6b,,
Abuqir,,https://www.google.com/maps/place/Abuqir/data=!4m2!3m1!1s0x89c25f6a3fe1f62d:0xc41fead7a59b01bf,,
Sylvia's Restaurant,,https://www.google.com/maps/place/Sylvia's+Restaurant/data=!4m2!3m1!1s0x89c2f60cd3f0c56f:0x42be8b74f8751a5e,,
Roberto's,,https://www.google.com/maps/place/Roberto's/data=!4m2!3m1!1s0x89c2f48766f0bda5:0xefe0b4cca73a7111,,
Liebman’s Deli,,https://www.google.com/maps/place/Liebman%E2%80%99s+Deli/data=!4m2!3m1!1s0x89c2f3bf01bf7d4b:0x8997d6a05aaed5c5,,
LOS TACOS No.1,,https://www.google.com/maps/place/LOS+TACOS+No.1/data=!4m2!3m1!1s0x89c2585492286ae9:0x4dfa6d9f277ea7de,,
Balthazar,,https://www.google.com/maps/place/Balthazar/data=!4m2!3m1!1s0x89c259892cccb7b7:0xbf8343b3f54c1b09,,
Tiki Chick,,https://www.google.com/maps/place/Tiki+Chick/data=!4m2!3m1!1s0x89c259f72ae47187:0x62fecd023fb7c8fb,,
Son del North,,https://www.google.com/maps/place/Son+del+North/data=!4m2!3m1!1s0x89c259579b21ca5d:0x5f6618b7bf920ffb,,
Mama's TOO! Upper West Side,,https://www.google.com/maps/place/Mama's+TOO!+Upper+West+Side/data=!4m2!3m1!1s0x89c2f624dd2aefe7:0xb86f14140d256552,,
Ho Foods,,https://www.google.com/maps/place/Ho+Foods/data=!4m2!3m1!1s0x89c2599d374d857b:0x64d66138307f4738,,
Dim Sum Go Go,,https://www.google.com/maps/place/Dim+Sum+Go+Go/data=!4m2!3m1!1s0x89c25a26881b0c05:0xb33fc5e729fc4f6a,,
Caffè Panna,,https://www.google.com/maps/place/Caff%C3%A8+Panna/data=!4m2!3m1!1s0x89c259c3202e4ca5:0xcda02870d8b15706,,
Jacob's Pickles,,https://www.google.com/maps/place/Jacob's+Pickles/data=!4m2!3m1!1s0x89c25884484ee809:0x22a2b5cc2aa388b3,,
Lotus Pepper,,https://www.google.com/maps/place/Lotus+Pepper/data=!4m2!3m1!1s0x688bca68fcbf0a6f:0x671c5947cf42ca7c,,
Utility,,https://www.google.com/maps/place/Utility/data=!4m2!3m1!1s0x89e5a9099f6fd487:0xb5be4ddb7f7aea29,,
Mission,,https://www.google.com/maps/place/Mission/data=!4m2!3m1!1s0x89e5af6a46b4c379:0x2511221d1077f59c,,
Sobre Masa,,https://www.google.com/maps/place/Sobre+Masa/data=!4m2!3m1!1s0x89c25df1c092e299:0x1618b41ad5bbef67,,
The Museum of Modern Art,,https://www.google.com/maps/place/The+Museum+of+Modern+Art/data=!4m2!3m1!1s0x89c258f97bdb102b:0xea9f8fc0b3ffff55,,
Solomon R. Guggenheim Museum,,https://www.google.com/maps/place/Solomon+R.+Guggenheim+Museum/data=!4m2!3m1!1s0x89c258a29a5e9e99:0x4a01c8df6fb3cb8,,
American Museum of Natural History Historic museum of natural wonders,,https://www.google.com/maps/place/American+Museum+of+Natural+History+Historic+museum+of+natural+wonders/data=!4m2!3m1!1s0x89c258f4b00f7a09:0xa27d8172624c5db1,,
Tenement Museum,,https://www.google.com/maps/place/Tenement+Museum/data=!4m2!3m1!1s0x89c2598725d546db:0xcd60e6fdb0de8e84,,
McNally Jackson Books SoHo Recently viewed,,https://www.google.com/maps/place/McNally+Jackson+Books+SoHo+Recently+viewed/data=!4m2!3m1!1s0x89c2598f40e7a1c1:0xd81da90a790251be,,
Sushi Yasaka,,https://www.google.com/maps/place/Sushi+Yasaka/data=!4m2!3m1!1s0x89c25861f92c2143:0x6df52b9e7310c3c5,,
The Port of Call,,https://www.google.com/maps/place/The+Port+of+Call/data=!4m2!3m1!1s0x89e60ba9170ab3eb:0x1aa5dfba4d0b04f7,,
Head Hi,,https://www.google.com/maps/place/Head+Hi/data=!4m2!3m1!1s0x89c25b751a30639f:0xa9de97e7b0d8ccf2,,
Mast Books,,https://www.google.com/maps/place/Mast+Books/data=!4m2!3m1!1s0x89c25982c0737a05:0xdb0d0625e12ee084,,
Nana's Westerly,,https://www.google.com/maps/place/Nana's+Westerly/data=!4m2!3m1!1s0x89e5e791c0a2b8dd:0xc46238a160f63b67,,
Kingston Bread + Bar,,https://www.google.com/maps/place/Kingston+Bread+%2B+Bar/data=!4m2!3m1!1s0x89dd0f0228964275:0x66fc76d90aa65ad9,,
Poets' Walk Park,,https://www.google.com/maps/place/Poets'+Walk+Park/data=!4m2!3m1!1s0x89dd0bc155f51683:0xce0c8dfea3f64bc4,,
Wilderstein Historic Site,,https://www.google.com/maps/place/Wilderstein+Historic+Site/data=!4m2!3m1!1s0x89dd0e08a7929a7f:0x87d54585680b554d,,
Fortunes Ice Cream,,https://www.google.com/maps/place/Fortunes+Ice+Cream/data=!4m2!3m1!1s0x89dda1dae19ef515:0x1c6e207bd8209192,,
Art Omi,,https://www.google.com/maps/place/Art+Omi/data=!4m2!3m1!1s0x89dded6be86f5385:0x8baed9b692d5f8da,,
Storm King Art Center,,https://www.google.com/maps/place/Storm+King+Art+Center/data=!4m2!3m1!1s0x89c2d2ce5f08e9d7:0x47b6c7bd16c4bfce,,
Dia Beacon,,https://www.google.com/maps/place/Dia+Beacon/data=!4m2!3m1!1s0x89dd33d553ec0015:0x8ef011fb802a94fe,,
595 Swartekill Rd,,https://www.google.com/maps/place/595+Swartekill+Rd/data=!4m2!3m1!1s0x89dd1125f9c4fdcd:0x8818dd2b285f4c91,,
A CUT 牛排館,,https://www.google.com/maps/place/A+CUT+%E7%89%9B%E6%8E%92%E9%A4%A8/data=!4m2!3m1!1s0x3442a96831efe4f9:0x910f6e9e899c3a23,,
國立臺中教育大學寶成演藝廳,,https://www.google.com/maps/place/%E5%9C%8B%E7%AB%8B%E8%87%BA%E4%B8%AD%E6%95%99%E8%82%B2%E5%A4%A7%E5%AD%B8%E5%AF%B6%E6%88%90%E6%BC%94%E8%97%9D%E5%BB%B3/data=!4m2!3m1!1s0x34693defaad8ff37:0xa966e48ad75a8056,,
Taiwan Contemporary Culture Lab (C-LAB),,https://www.google.com/maps/place/Taiwan+Contemporary+Culture+Lab+(C-LAB)/data=!4m2!3m1!1s0x3442abd64af3e50f:0xb1c139066873baa1,,
Coffee sind,,https://www.google.com/maps/place/Coffee+sind/data=!4m2!3m1!1s0x3442abd2477456f1:0x491fe9519d0d2004,,
THE LIN,,https://www.google.com/maps/place/THE+LIN/data=!4m2!3m1!1s0x34693df17dfb5377:0x8754cd3d36bc9ef1,,
Natural Way Six Arts Cultural Center,,https://www.google.com/maps/place/Natural+Way+Six+Arts+Cultural+Center/data=!4m2!3m1!1s0x34693d0f11e30129:0x3e53c99101cde851,,
Miyahara,,https://www.google.com/maps/place/Miyahara/data=!4m2!3m1!1s0x346e90a75d09b2f9:0x46f404b3540f5b06,,
Shenji New Village,,https://www.google.com/maps/place/Shenji+New+Village/data=!4m2!3m1!1s0x34693da1c910ce65:0xb84b980999235c45,,
National Taichung Theater,,https://www.google.com/maps/place/National+Taichung+Theater/data=!4m2!3m1!1s0x34693dec4ca3a271:0xd8b5a337271e60e2,,
Luce Memorial Chapel,,https://www.google.com/maps/place/Luce+Memorial+Chapel/data=!4m2!3m1!1s0x34693e1e5070a7a7:0xa462167a0845084d,,
Tunghai Dairy,,https://www.google.com/maps/place/Tunghai+Dairy/data=!4m2!3m1!1s0x346915fe84ec9c95:0xfc1c43ed8424734d,,
National Museum of Natural Science,,https://www.google.com/maps/place/National+Museum+of+Natural+Science/data=!4m2!3m1!1s0x34693d78069134cb:0xf7a65bba8f974f36,,
National Taiwan Museum of Fine Arts,,https://www.google.com/maps/place/National+Taiwan+Museum+of+Fine+Arts/data=!4m2!3m1!1s0x34693da636e451c9:0xb87dd5a0ca6c290e,,
Asia University Museum of Modern Art,,https://www.google.com/maps/place/Asia+University+Museum+of+Modern+Art/data=!4m2!3m1!1s0x34693b17f89d4773:0x75195fab2281c37f,,
Taipei Performing Arts Center,,https://www.google.com/maps/place/Taipei+Performing+Arts+Center/data=!4m2!3m1!1s0x3442aeb1c4aff5f1:0xfcd14deaaab7ca6,,
FSW coffee 拾伍步咖啡,,https://www.google.com/maps/place/FSW+coffee+%E6%8B%BE%E4%BC%8D%E6%AD%A5%E5%92%96%E5%95%A1/data=!4m2!3m1!1s0x3442abb3784adadd:0xd273d3e59a41224b,,
Not Just Library,,https://www.google.com/maps/place/Not+Just+Library/data=!4m2!3m1!1s0x3442abc0ac47cb37:0xe49f4ce8a9dca53d,,
Dharma Drum Mountain Nung Chan Monastery,,https://www.google.com/maps/place/Dharma+Drum+Mountain+Nung+Chan+Monastery/data=!4m2!3m1!1s0x3442aefebccf4bf5:0xc67da8a57d8240ab,,
NTNU Art Museum,,https://www.google.com/maps/place/NTNU+Art+Museum/data=!4m2!3m1!1s0x3442a9843e366efb:0x4c1a63efd9765eaf,,
Aesop Daan Store,,https://www.google.com/maps/place/Aesop+Daan+Store/data=!4m2!3m1!1s0x3442ab216632fbc5:0x9043c785f9aa1d5,,
Aesop Zhongxiao Store,,https://www.google.com/maps/place/Aesop+Zhongxiao+Store/data=!4m2!3m1!1s0x3442abc503a4de9b:0x2adf27f31cc4c042,,
Taichung Central Park,,https://www.google.com/maps/place/Taichung+Central+Park/data=!4m2!3m1!1s0x346916380b877075:0x4c9665c5dba65b36,,
Calligraphy Greenway,,https://www.google.com/maps/place/Calligraphy+Greenway/data=!4m2!3m1!1s0x34693da6d6569587:0x4bbbf11f83635a81,,
Invincible Central,,https://www.google.com/maps/place/Invincible+Central/data=!4m2!3m1!1s0x34693d9c2f10a7cf:0x7e116e72d06cf4bf,,
Gloria Manor,,https://www.google.com/maps/place/Gloria+Manor/data=!4m2!3m1!1s0x3471b3d489499ce3:0x8345238e16552ae6,,
Rongjin Gorgeous Time,,https://www.google.com/maps/place/Rongjin+Gorgeous+Time/data=!4m2!3m1!1s0x3442a979075c710b:0xf2c6ce7963e83e59,,
正旅館 藍 The Blue by Just Inn,,https://www.google.com/maps/place/%E6%AD%A3%E6%97%85%E9%A4%A8+%E8%97%8D+The+Blue+by+Just+Inn/data=!4m2!3m1!1s0x3442a91dc1c1da47:0xb770b2d50ce9c5e7,,
Taipei Fine Arts Museum,,https://www.google.com/maps/place/Taipei+Fine+Arts+Museum/data=!4m2!3m1!1s0x3442a951fdd9f7f9:0x7a40c3880c03a171,,
臺虎 信義 Taihu Brewing Xinyi,,https://www.google.com/maps/place/%E8%87%BA%E8%99%8E+%E4%BF%A1%E7%BE%A9+Taihu+Brewing+Xinyi/data=!4m2!3m1!1s0x3442abbbc0632e07:0x5836c1f514fd0ff4,,
臺虎 啜飲室大安 Taihu Brewing Daan,,https://www.google.com/maps/place/%E8%87%BA%E8%99%8E+%E5%95%9C%E9%A3%B2%E5%AE%A4%E5%A4%A7%E5%AE%89+Taihu+Brewing+Daan/data=!4m2!3m1!1s0x3442abda52db9ac9:0xc9968e10e8f89c05,,
白石畫廊 Whitestone Gallery,,https://www.google.com/maps/place/%E7%99%BD%E7%9F%B3%E7%95%AB%E5%BB%8A+Whitestone+Gallery/data=!4m2!3m1!1s0x3442ac6dd57b337b:0xc4fd1d00e1519fe7,,
TAO ART,,https://www.google.com/maps/place/TAO+ART/data=!4m2!3m1!1s0x3442ad7b105a0fb7:0x8aebfe97794b8c72,,
Liang Gallery,,https://www.google.com/maps/place/Liang+Gallery/data=!4m2!3m1!1s0x3442ac7aa4feef61:0x9587c4505d8ed3e,,
Double Square Gallery 双方藝廊,,https://www.google.com/maps/place/Double+Square+Gallery+%E5%8F%8C%E6%96%B9%E8%97%9D%E5%BB%8A/data=!4m2!3m1!1s0x3442ac119d326daf:0x358461969d783316,,
Art Space 563,,https://www.google.com/maps/place/Art+Space+563/data=!4m2!3m1!1s0x3442ac0efa2e9f2f:0x733a78e5df1b4e6a,,
Taipei Public Library Beitou Branch,,https://www.google.com/maps/place/Taipei+Public+Library+Beitou+Branch/data=!4m2!3m1!1s0x3442ae44dacc500b:0xc8f479e8fd6e0a1d,,
丁丁藝術空間 TING TING ART SPACE,,https://www.google.com/maps/place/%E4%B8%81%E4%B8%81%E8%97%9D%E8%A1%93%E7%A9%BA%E9%96%93+TING+TING+ART+SPACE/data=!4m2!3m1!1s0x3442af817d0d9b5d:0x66b1ce1baf6bb271,,
就在藝術空間 Project Fulfill Art Space,,https://www.google.com/maps/place/%E5%B0%B1%E5%9C%A8%E8%97%9D%E8%A1%93%E7%A9%BA%E9%96%93+Project+Fulfill+Art+Space/data=!4m2!3m1!1s0x3442abd6a852250f:0x890901b9afdbf04f,,
Monster Taipei,,https://www.google.com/maps/place/Monster+Taipei/data=!4m2!3m1!1s0x3442abdad172b831:0x452cfe4ed31bf298,,
JUICE Taipei,,https://www.google.com/maps/place/JUICE+Taipei/data=!4m2!3m1!1s0x3442abc4f0af1605:0x30aa7434fefc6e5f,,
Stussy Taichung,,https://www.google.com/maps/place/Stussy+Taichung/data=!4m2!3m1!1s0x34693d67b2b07747:0xccfe29a4ab53889c,,
STUSSY Taipei,,https://www.google.com/maps/place/STUSSY+Taipei/data=!4m2!3m1!1s0x3442abc46b7f2f9f:0x7d44735737c630f,,
Vision Stationery,,https://www.google.com/maps/place/Vision+Stationery/data=!4m2!3m1!1s0x3442aa31731b9a03:0x58b637c996871e26,,
TOOLS To LIVEBY,,https://www.google.com/maps/place/TOOLS+To+LIVEBY/data=!4m2!3m1!1s0x3442aa324a51fa9f:0x38f355b83cf7f9bf,,
"Plain Stationery, Homeware & Café",,"https://www.google.com/maps/place/Plain+Stationery,+Homeware+%26+Caf%C3%A9/data=!4m2!3m1!1s0x3442a97c71b1ec57:0x2083c5f0aefafb50",,
Plain Stationery Homeware & Cafe,,https://www.google.com/maps/place/Plain+Stationery+Homeware+%26+Cafe/data=!4m2!3m1!1s0x3442a98c2530c895:0xaefe4734553d8e2d,,
IMMENSE,,https://www.google.com/maps/place/IMMENSE/data=!4m2!3m1!1s0x3442abc51e2915c7:0xad9766dea27a3f85,,
地衣荒物 Earthing Way,,https://www.google.com/maps/place/%E5%9C%B0%E8%A1%A3%E8%8D%92%E7%89%A9+Earthing+Way/data=!4m2!3m1!1s0x3442a9145c60494d:0x7a294992dab447a,,
ASW TEA HOUSE,,https://www.google.com/maps/place/ASW+TEA+HOUSE/data=!4m2!3m1!1s0x3442a9138cf212fd:0x8102ff354f655cde,,
Fika Fika Cafe,,https://www.google.com/maps/place/Fika+Fika+Cafe/data=!4m2!3m1!1s0x3442a961961efb11:0x9e0483daf98a26ef,,
特有種商行Realguts cafe（藝文咖啡）,,https://www.google.com/maps/place/%E7%89%B9%E6%9C%89%E7%A8%AE%E5%95%86%E8%A1%8CRealguts+cafe%EF%BC%88%E8%97%9D%E6%96%87%E5%92%96%E5%95%A1%EF%BC%89/data=!4m2!3m1!1s0x3442a97bf2b53d09:0xd17b0accb2826394,,
RAW,,https://www.google.com/maps/place/RAW/data=!4m2!3m1!1s0x3442ac12d432ac6f:0x37c7612d296d461f,,
National Palace Museum,,https://www.google.com/maps/place/National+Palace+Museum/data=!4m2!3m1!1s0x3442ac3acd404a7d:0x5d6d7018397a09c1,,
異雲書屋 YIYUN ART,,https://www.google.com/maps/place/%E7%95%B0%E9%9B%B2%E6%9B%B8%E5%B1%8B+YIYUN+ART/data=!4m2!3m1!1s0x3442a9843adaba2f:0xa308b1263de116e5,,
Eslite Spectrum Songyan,,https://www.google.com/maps/place/Eslite+Spectrum+Songyan/data=!4m2!3m1!1s0x3442abbf1460de89:0x9d204e656cd39b8,,
Songshan Cultural and Creative Park,,https://www.google.com/maps/place/Songshan+Cultural+and+Creative+Park/data=!4m2!3m1!1s0x3442abbf23ce4b3b:0xc82b0f87ff7df9dc,,
Museum of Contemporary Art Taipei,,https://www.google.com/maps/place/Museum+of+Contemporary+Art+Taipei/data=!4m2!3m1!1s0x3442a96c49f1e473:0xb4f74ae9ed21c1fb,,
Kimpton Da An Hotel,,https://www.google.com/maps/place/Kimpton+Da+An+Hotel/data=!4m2!3m1!1s0x3442abcce7dd8c41:0x16c761ac7b7b1a33,,
BEAMS Taipei Store,,https://www.google.com/maps/place/BEAMS+Taipei+Store/data=!4m2!3m1!1s0x3442abf280e7980b:0x8e9ac5d8cc25cdb3,,
Huashan 1914 Creative Park,,https://www.google.com/maps/place/Huashan+1914+Creative+Park/data=!4m2!3m1!1s0x3442a96523e0246d:0xf1c9276707165c71,,
ArtYard 67,,https://www.google.com/maps/place/ArtYard+67/data=!4m2!3m1!1s0x3442a9146cf9f051:0x9b03531892f0022c,,
小器生活 赤峰28店,,https://www.google.com/maps/place/%E5%B0%8F%E5%99%A8%E7%94%9F%E6%B4%BB+%E8%B5%A4%E5%B3%B028%E5%BA%97/data=!4m2!3m1!1s0x3442a96a21240b79:0xc420933ad96dcc3a,,
小器生活 華山店,,https://www.google.com/maps/place/%E5%B0%8F%E5%99%A8%E7%94%9F%E6%B4%BB+%E8%8F%AF%E5%B1%B1%E5%BA%97/data=!4m2!3m1!1s0x3442a97b2feec9d5:0x5b4c035a71a6a0f3,,
LOUISA COFFEE Xiangshan Arts Shop,,https://www.google.com/maps/place/LOUISA+COFFEE+Xiangshan+Arts+Shop/data=!4m2!3m1!1s0x3442abffdfbedb59:0x334f5c67dafa8f65,,
plain-me 台北敦南直營旗艦店,,https://www.google.com/maps/place/plain-me+%E5%8F%B0%E5%8C%97%E6%95%A6%E5%8D%97%E7%9B%B4%E7%87%9F%E6%97%97%E8%89%A6%E5%BA%97/data=!4m2!3m1!1s0x3442abc4e70f0131:0x47465c71cb17f68e,,
GROOVY,,https://www.google.com/maps/place/GROOVY/data=!4m2!3m1!1s0x3442abc444f4b093:0x5b1da2197222cd0c,,
Fubon Art Museum,,https://www.google.com/maps/place/Fubon+Art+Museum/data=!4m2!3m1!1s0x3442abbb7743f0b3:0xc2bfffb36b96f5f3,,
Taiwan Design Museum,,https://www.google.com/maps/place/Taiwan+Design+Museum/data=!4m2!3m1!1s0x3442abc0a98acde3:0x3025c678e0b32156,,
Brand T. INC 信義A13 (Ben Davis台灣總經銷),,https://www.google.com/maps/place/Brand+T.+INC+%E4%BF%A1%E7%BE%A9A13+(Ben+Davis%E5%8F%B0%E7%81%A3%E7%B8%BD%E7%B6%93%E9%8A%B7)/data=!4m2!3m1!1s0x3442abda607160fd:0x5708d753754d6cae,,
INVINCIBLE EAST,,https://www.google.com/maps/place/INVINCIBLE+EAST/data=!4m2!3m1!1s0x3442abc4f4a1fdb7:0xdb363cbc426c66c0,,
chenjingkaioffice,,https://www.google.com/maps/place/chenjingkaioffice/data=!4m2!3m1!1s0x3442abcb20ee7f6f:0x2aeab121734a2bc8,,
Little Moss,,https://www.google.com/maps/place/Little+Moss/data=!4m2!3m1!1s0x89e4e25d7aa50471:0x60a2a2564367ee7c,,
Curiosity & Co.,,https://www.google.com/maps/place/Curiosity+%26+Co./data=!4m2!3m1!1s0x89e5afbd4f17bbff:0x6a537553d1925eb6,,
