{
"type": "FeatureCollection",
"name": "rent_h3",
"crs": { "type": "name", "properties": { "name": "urn:ogc:def:crs:OGC:1.3:CRS84" } },
"features": [
{ "type": "Feature", "properties": { "h3_id": "8831aa09b5fffff", "bright_median_rent": 6.2, "bright_listings": 16.0, "dark_median_rent": null, "dark_listings": null }, "geometry": { "type": "Polygon", "coordinates": [ [ [ 116.60652205933313, 39.921184756285236 ], [ 116.604185298313922, 39.917157163481541 ], [ 116.606851499059303, 39.913881704024718 ], [ 116.611853932620107, 39.914633603061979 ], [ 116.61419090071513, 39.918660745094719 ], [ 116.611525228242044, 39.921936438839424 ], [ 116.60652205933313, 39.921184756285236 ] ] ] } },
{ "type": "Feature", "properties": { "h3_id": "8831aa4667fffff", "bright_median_rent": 80.0, "bright_listings": 53.0, "dark_median_rent": null, "dark_listings": null }, "geometry": { "type": "Polygon", "coordinates": [ [ [ 116.47798730924643, 39.920199890041822 ], [ 116.475656014114463, 39.916165679984665 ], [ 116.478335776253573, 39.912889923658888 ], [ 116.483346306599898, 39.91364814136044 ], [ 116.485677812325477, 39.917681900376117 ], [ 116.48299857717997, 39.920957892710099 ], [ 116.47798730924643, 39.920199890041822 ] ] ] } },
{ "type": "Feature", "properties": { "h3_id": "8831818255fffff", "bright_median_rent": 4.0, "bright_listings": 3.0, "dark_median_rent": null, "dark_listings": null }, "geometry": { "type": "Polygon", "coordinates": [ [ [ 115.988663538876963, 39.704627843181633 ], [ 115.986362839228008, 39.700573180228126 ], [ 115.989083023559331, 39.69730777645718 ], [ 115.994103389957104, 39.698096792304142 ], [ 115.996404311822232, 39.702151004139601 ], [ 115.993684645142864, 39.705416651225093 ], [ 115.988663538876963, 39.704627843181633 ] ] ] } },
{ "type": "Feature", "properties": { "h3_id": "8831aa55b1fffff", "bright_median_rent": 7.3737373737373737, "bright_listings": 157.0, "dark_median_rent": 3.37, "dark_listings": 6.0 }, "geometry": { "type": "Polygon", "coordinates": [ [ [ 116.454905703723639, 39.927753002846508 ], [ 116.452575041764874, 39.923717439508877 ], [ 116.45525764431477, 39.920441220913709 ], [ 116.460270381971597, 39.921200329346576 ], [ 116.462601255220292, 39.925235441564766 ], [ 116.459919179591182, 39.928511896447922 ], [ 116.454905703723639, 39.927753002846508 ] ] ] } },
{ "type": "Feature", "properties": { "h3_id": "8831aa436dfffff", "bright_median_rent": 6.5, "bright_listings": 13.0, "dark_median_rent": 12.0, "dark_listings": 1.0 }, "geometry": { "type": "Polygon", "coordinates": [ [ [ 116.259189989500044, 39.897945390257199 ], [ 116.256869004340032, 39.893900388756556 ], [ 116.259570771680245, 39.890625278739911 ], [ 116.264592999902504, 39.891394931192998 ], [ 116.266914201487793, 39.895439481299377 ], [ 116.264212958494966, 39.898714830325538 ], [ 116.259189989500044, 39.897945390257199 ] ] ] } },
{ "type": "Feature", "properties": { "h3_id": "8831aa421bfffff", "bright_median_rent": 10.1, "bright_listings": 50.0, "dark_median_rent": null, "dark_listings": null }, "geometry": { "type": "Polygon", "coordinates": [ [ [ 116.371237300201557, 39.933483055672191 ], [ 116.368909928775267, 39.929443056040277 ], [ 116.37160169603267, 39.926166322299515 ], [ 116.376620308580527, 39.926929350785976 ], [ 116.378947893645275, 39.930968899104613 ], [ 116.376256652592971, 39.934245870228501 ], [ 116.371237300201557, 39.933483055672191 ] ] ] } },
{ "type": "Feature", "properties": { "h3_id": "8831aa7219fffff", "bright_median_rent": 4.75, "bright_listings": 6.0, "dark_median_rent": null, "dark_listings": null }, "geometry": { "type": "Polygon", "coordinates": [ [ [ 116.681543727625453, 39.932431820385176 ], [ 116.679203302716843, 39.928407866263072 ], [ 116.681862144168747, 39.925132021847247 ], [ 116.686860881367707, 39.925879898289111 ], [ 116.689201511387992, 39.929903401761131 ], [ 116.686543199165939, 39.933179479419529 ], [ 116.681543727625453, 39.932431820385176 ] ] ] } },
{ "type": "Feature", "properties": { "h3_id": "8831aa4ea1fffff", "bright_median_rent": 4.5128205128205128, "bright_listings": 2.0, "dark_median_rent": null, "dark_listings": null }, "geometry": { "type": "Polygon", "coordinates": [ [ [ 116.439604323801859, 39.774536647608166 ], [ 116.437281265523282, 39.770503619020594 ], [ 116.439957476398632, 39.767235536671215 ], [ 116.444956221992172, 39.768000245822726 ], [ 116.447279490719325, 39.772032823870639 ], [ 116.444603803472731, 39.775301143285148 ], [ 116.439604323801859, 39.774536647608166 ] ] ] } },
{ "type": "Feature", "properties": { "h3_id": "8831aa556bfffff", "bright_median_rent": 35.0, "bright_listings": 50.0, "dark_median_rent": null, "dark_listings": null }, "geometry": { "type": "Polygon", "coordinates": [ [ [ 116.377130139468477, 39.967558032800973 ], [ 116.37480096864364, 39.963517605661778 ], [ 116.377493902224614, 39.960239075103303 ], [ 116.382515479735105, 39.961000734485523 ], [ 116.384844864320314, 39.965040710188902 ], [ 116.382152457704024, 39.968319477924346 ], [ 116.377130139468477, 39.967558032800973 ] ] ] } },
{ "type": "Feature", "properties": { "h3_id": "8831aa4719fffff", "bright_median_rent": 5.3950617283950617, "bright_listings": 11.0, "dark_median_rent": 10.185185185185183, "dark_listings": 12.0 }, "geometry": { "type": "Polygon", "coordinates": [ [ [ 116.471343691638452, 39.900787719620759 ], [ 116.469013561065793, 39.896753585060019 ], [ 116.471693010963335, 39.893478845729227 ], [ 116.476702064973693, 39.894238004767679 ], [ 116.479032406162759, 39.898271688349993 ], [ 116.476353482793783, 39.901546663850603 ], [ 116.471343691638452, 39.900787719620759 ] ] ] } },
{ "type": "Feature", "properties": { "h3_id": "8831aa42a5fffff", "bright_median_rent": 5.6010928961748636, "bright_listings": 2.0, "dark_median_rent": null, "dark_listings": null }, "geometry": { "type": "Polygon", "coordinates": [ [ [ 116.373422084239564, 39.889591151403032 ], [ 116.371096612471803, 39.885552210261814 ], [ 116.373785844015117, 39.882277817631781 ], [ 116.378800022068901, 39.883042128603492 ], [ 116.381125707049478, 39.887080618609737 ], [ 116.378437000832477, 39.890355248757729 ], [ 116.373422084239564, 39.889591151403032 ] ] ] } },
{ "type": "Feature", "properties": { "h3_id": "8831aacd0bfffff", "bright_median_rent": 3.49, "bright_listings": 53.0, "dark_median_rent": null, "dark_listings": null }, "geometry": { "type": "Polygon", "coordinates": [ [ [ 116.340715096589932, 40.087514158599362 ], [ 116.338382017262916, 40.0834693042395 ], [ 116.341085136642207, 40.080184327928748 ], [ 116.346120806346548, 40.080943968742872 ], [ 116.348454101446194, 40.084988371124957 ], [ 116.345751511138815, 40.088273584649187 ], [ 116.340715096589932, 40.087514158599362 ] ] ] } },
{ "type": "Feature", "properties": { "h3_id": "8831aa553bfffff", "bright_median_rent": 16.67, "bright_listings": 53.0, "dark_median_rent": null, "dark_listings": null }, "geometry": { "type": "Polygon", "coordinates": [ [ [ 116.408338029245556, 39.950171325376623 ], [ 116.406008322387436, 39.946132879246967 ], [ 116.408697034682319, 39.942855349671397 ], [ 116.413714926985321, 39.943616029378362 ], [ 116.416044846599576, 39.947654024204098 ], [ 116.413356661223887, 39.950931790605232 ], [ 116.408338029245556, 39.950171325376623 ] ] ] } },
{ "type": "Feature", "properties": { "h3_id": "8831aa4713fffff", "bright_median_rent": 7.4173684210526316, "bright_listings": 4.0, "dark_median_rent": null, "dark_listings": null }, "geometry": { "type": "Polygon", "coordinates": [ [ [ 116.479380569153108, 39.890963419769925 ], [ 116.477050545772727, 39.88692991190468 ], [ 116.479728630892964, 39.883655717469971 ], [ 116.484736213056436, 39.884414794779445 ], [ 116.487066446751911, 39.888447851722056 ], [ 116.484388888037614, 39.891722282256232 ], [ 116.479380569153108, 39.890963419769925 ] ] ] } },
{ "type": "Feature", "properties": { "h3_id": "8831aa4035fffff", "bright_median_rent": 3.5, "bright_listings": 51.0, "dark_median_rent": null, "dark_listings": null }, "geometry": { "type": "Polygon", "coordinates": [ [ [ 116.344799603599853, 39.855745842784906 ], [ 116.342476881889198, 39.851706160114546 ], [ 116.34516736766723, 39.848433499747685 ], [ 116.350180050877668, 39.849200284004077 ], [ 116.352502986305609, 39.853239515616721 ], [ 116.349813024874777, 39.856512414009188 ], [ 116.344799603599853, 39.855745842784906 ] ] ] } },
{ "type": "Feature", "properties": { "h3_id": "8831aa5641fffff", "bright_median_rent": 4.0, "bright_listings": 1.0, "dark_median_rent": null, "dark_listings": null }, "geometry": { "type": "Polygon", "coordinates": [ [ [ 116.433115207792568, 40.064518087024474 ], [ 116.4307792354453, 40.060478481233353 ], [ 116.433471330447105, 40.057194942030861 ], [ 116.438498868338698, 40.057950772533438 ], [ 116.440835053710003, 40.061989926623539 ], [ 116.438143488235312, 40.065273701890511 ], [ 116.433115207792568, 40.064518087024474 ] ] ] } },
{ "type": "Feature", "properties": { "h3_id": "8831aa50e9fffff", "bright_median_rent": 9.1296296296296298, "bright_listings": 16.0, "dark_median_rent": null, "dark_listings": null }, "geometry": { "type": "Polygon", "coordinates": [ [ [ 116.315351583234602, 39.987691316370011 ], [ 116.31302413091467, 39.983647276830432 ], [ 116.315724674806262, 39.980367530494469 ], [ 116.320752144330882, 39.981131585750298 ], [ 116.323079812283794, 39.985175173651356 ], [ 116.320379795148682, 39.988455157913648 ], [ 116.315351583234602, 39.987691316370011 ] ] ] } },
{ "type": "Feature", "properties": { "h3_id": "8831aa5527fffff", "bright_median_rent": 9.0, "bright_listings": 11.0, "dark_median_rent": null, "dark_listings": null }, "geometry": { "type": "Polygon", "coordinates": [ [ [ 116.378584554638167, 39.938285594537348 ], [ 116.376256652592971, 39.934245870228501 ], [ 116.378947893645275, 39.930968899104613 ], [ 116.383966510434703, 39.931731415000861 ], [ 116.386294625956126, 39.935770687992274 ], [ 116.383603911281142, 39.9390478963833 ], [ 116.378584554638167, 39.938285594537348 ] ] ] } },
{ "type": "Feature", "properties": { "h3_id": "8831aa5713fffff", "bright_median_rent": 11.08, "bright_listings": 55.0, "dark_median_rent": null, "dark_listings": null }, "geometry": { "type": "Polygon", "coordinates": [ [ [ 116.420535153076827, 40.010994898840835 ], [ 116.418202158099604, 40.00695578112272 ], [ 116.420892772595408, 40.003675050165604 ], [ 116.425915853843222, 40.004433200470835 ], [ 116.428249061746257, 40.00847186667098 ], [ 116.425558975545059, 40.011752834062314 ], [ 116.420535153076827, 40.010994898840835 ] ] ] } },
{ "type": "Feature", "properties": { "h3_id": "8831aa558bfffff", "bright_median_rent": 12.497890295358649, "bright_listings": 5.0, "dark_median_rent": null, "dark_listings": null }, "geometry": { "type": "Polygon", "coordinates": [ [ [ 116.453849266949646, 39.949691741336203 ], [ 116.451517650901152, 39.945655652272428 ], [ 116.454201515085828, 39.942378263231248 ], [ 116.459216468026014, 39.943136727012586 ], [ 116.461548295574559, 39.947172364868074 ], [ 116.458864958751974, 39.950449990128931 ], [ 116.453849266949646, 39.949691741336203 ] ] ] } },
{ "type": "Feature", "properties": { "h3_id": "8831aa4759fffff", "bright_median_rent": 5.56, "bright_listings": 97.0, "dark_median_rent": 5.11, "dark_listings": 9.0 }, "geometry": { "type": "Polygon", "coordinates": [ [ [ 116.462952037464547, 39.917924264710294 ], [ 116.460621482143409, 39.913889327930335 ], [ 116.463302717630924, 39.910613653601395 ], [ 116.468313981710338, 39.911372679813354 ], [ 116.470644748019325, 39.915407165529501 ], [ 116.467964039329942, 39.918683076075915 ], [ 116.462952037464547, 39.917924264710294 ] ] ] } },
{ "type": "Feature", "properties": { "h3_id": "8831aa4d6dfffff", "bright_median_rent": 2.14, "bright_listings": 52.0, "dark_median_rent": null, "dark_listings": null }, "geometry": { "type": "Polygon", "coordinates": [ [ [ 116.321026584008138, 39.726886641054499 ], [ 116.31871069436572, 39.722848549883274 ], [ 116.321396943727819, 39.719582709518804 ], [ 116.326398561317063, 39.720354721484171 ], [ 116.32871466425614, 39.72439236206808 ], [ 116.326028936377853, 39.727658441252487 ], [ 116.321026584008138, 39.726886641054499 ] ] ] } },
{ "type": "Feature", "properties": { "h3_id": "8831aa4715fffff", "bright_median_rent": 8.0, "bright_listings": 5.0, "dark_median_rent": null, "dark_listings": null }, "geometry": { "type": "Polygon", "coordinates": [ [ [ 116.464354146107937, 39.888685216479018 ], [ 116.462024861635697, 39.884650982579565 ], [ 116.464704418407749, 39.881376870082882 ], [ 116.469712733510022, 39.882136755155592 ], [ 116.472042228690853, 39.886170538110079 ], [ 116.469363198129614, 39.889444886915236 ], [ 116.464354146107937, 39.888685216479018 ] ] ] } },
{ "type": "Feature", "properties": { "h3_id": "8831aa52d3fffff", "bright_median_rent": 7.0, "bright_listings": 4.0, "dark_median_rent": null, "dark_listings": null }, "geometry": { "type": "Polygon", "coordinates": [ [ [ 116.358028828748047, 40.045824944534182 ], [ 116.355696909608426, 40.0417818647121 ], [ 116.358395990428193, 40.038499135888529 ], [ 116.363426462071587, 40.039259249726861 ], [ 116.365758596153995, 40.043301877767973 ], [ 116.363060043719926, 40.046584843730166 ], [ 116.358028828748047, 40.045824944534182 ] ] ] } },
{ "type": "Feature", "properties": { "h3_id": "8831aa721bfffff", "bright_median_rent": 4.0, "bright_listings": 1.0, "dark_median_rent": null, "dark_listings": null }, "geometry": { "type": "Polygon", "coordinates": [ [ [ 116.689201511387992, 39.929903401761131 ], [ 116.686860881367707, 39.925879898289111 ], [ 116.689518780336869, 39.922604211324177 ], [ 116.694516780143587, 39.923351794659673 ], [ 116.696857615045701, 39.927374847508709 ], [ 116.694200245327565, 39.930650767623426 ], [ 116.689201511387992, 39.929903401761131 ] ] ] } },
{ "type": "Feature", "properties": { "h3_id": "8831aa44c7fffff", "bright_median_rent": 6.67, "bright_listings": 50.0, "dark_median_rent": null, "dark_listings": null }, "geometry": { "type": "Polygon", "coordinates": [ [ [ 116.548492999234114, 39.868318226552169 ], [ 116.54616109134038, 39.864288776047999 ], [ 116.54883067887404, 39.861015976805952 ], [ 116.553831647751949, 39.861772392784097 ], [ 116.556163763881827, 39.865801392601909 ], [ 116.55349470296602, 39.86907442710622 ], [ 116.548492999234114, 39.868318226552169 ] ] ] } },
{ "type": "Feature", "properties": { "h3_id": "8831aa55d1fffff", "bright_median_rent": 9.7166666666666686, "bright_listings": 3.0, "dark_median_rent": null, "dark_listings": null }, "geometry": { "type": "Polygon", "coordinates": [ [ [ 116.460845811270531, 39.961799805951976 ], [ 116.458513347090658, 39.957763818236494 ], [ 116.461197104573003, 39.954485802970957 ], [ 116.466212798623303, 39.955243539318523 ], [ 116.468545474210813, 39.959279075792509 ], [ 116.465862244409479, 39.962557327138811 ], [ 116.460845811270531, 39.961799805951976 ] ] ] } },
{ "type": "Feature", "properties": { "h3_id": "8831aa5193fffff", "bright_median_rent": 13.33, "bright_listings": 2.0, "dark_median_rent": null, "dark_listings": null }, "geometry": { "type": "Polygon", "coordinates": [ [ [ 116.317588501387931, 39.943757083075198 ], [ 116.315262948292229, 39.939714099879644 ], [ 116.317960940781504, 39.936436691204833 ], [ 116.32298396055937, 39.937202027643636 ], [ 116.32530972885705, 39.941244559378099 ], [ 116.322612262244334, 39.944522206113405 ], [ 116.317588501387931, 39.943757083075198 ] ] ] } },
{ "type": "Feature", "properties": { "h3_id": "8831aa7a3dfffff", "bright_median_rent": 10.835555555555555, "bright_listings": 8.0, "dark_median_rent": null, "dark_listings": null }, "geometry": { "type": "Polygon", "coordinates": [ [ [ 116.559524655095316, 39.792810472907227 ], [ 116.55719571921388, 39.78878323345841 ], [ 116.559860207986304, 39.785514502483885 ], [ 116.564853107533878, 39.786272775537668 ], [ 116.567182250737346, 39.790299564625833 ], [ 116.564518287139336, 39.793568530999224 ], [ 116.559524655095316, 39.792810472907227 ] ] ] } },
{ "type": "Feature", "properties": { "h3_id": "8831aa4461fffff", "bright_median_rent": 15.0, "bright_listings": 51.0, "dark_median_rent": null, "dark_listings": null }, "geometry": { "type": "Polygon", "coordinates": [ [ [ 116.48007659142641, 39.876348581622779 ], [ 116.477747203404974, 39.872315425529507 ], [ 116.480424450797557, 39.869042012401017 ], [ 116.485430560167813, 39.86980151919925 ], [ 116.487760158365319, 39.87383422442943 ], [ 116.485083437085166, 39.877107873702919 ], [ 116.48007659142641, 39.876348581622779 ] ] ] } },
{ "type": "Feature", "properties": { "h3_id": "8831aa4757fffff", "bright_median_rent": 8.43, "bright_listings": 81.0, "dark_median_rent": null, "dark_listings": null }, "geometry": { "type": "Polygon", "coordinates": [ [ [ 116.463653295763976, 39.9033036084112 ], [ 116.461323376039473, 39.899269022846028 ], [ 116.464003771908139, 39.895994129312726 ], [ 116.469013561065793, 39.896753585060019 ], [ 116.471343691638452, 39.900787719620759 ], [ 116.468663822274152, 39.904062849417024 ], [ 116.463653295763976, 39.9033036084112 ] ] ] } },
{ "type": "Feature", "properties": { "h3_id": "8831aa576dfffff", "bright_median_rent": 10.5, "bright_listings": 6.0, "dark_median_rent": null, "dark_listings": null }, "geometry": { "type": "Polygon", "coordinates": [ [ [ 116.359496832604876, 40.016525091883025 ], [ 116.357166185111879, 40.012482710593268 ], [ 116.35986356586541, 40.009201538442397 ], [ 116.364891066385525, 40.009962510330809 ], [ 116.367221928534917, 40.014004439957027 ], [ 116.364525075577404, 40.01728584933683 ], [ 116.359496832604876, 40.016525091883025 ] ] ] } },
{ "type": "Feature", "properties": { "h3_id": "8831aa4317fffff", "bright_median_rent": 3.5, "bright_listings": 8.0, "dark_median_rent": 11.11, "dark_listings": 1.0 }, "geometry": { "type": "Polygon", "coordinates": [ [ [ 116.312851386225148, 39.887717364170214 ], [ 116.310528575510034, 39.883675344517371 ], [ 116.31322412208614, 39.880400904226576 ], [ 116.318241954766165, 39.881168245234811 ], [ 116.320564980343647, 39.885209813639086 ], [ 116.317869958447972, 39.888484492262265 ], [ 116.312851386225148, 39.887717364170214 ] ] ] } },
{ "type": "Feature", "properties": { "h3_id": "8831aa4619fffff", "bright_median_rent": 8.0, "bright_listings": 20.0, "dark_median_rent": 8.056111111111111, "dark_listings": 2.0 }, "geometry": { "type": "Polygon", "coordinates": [ [ [ 116.522737973717, 39.934320808952734 ], [ 116.52040414369911, 39.930288605077017 ], [ 116.52307990430586, 39.927012214993525 ], [ 116.52808896727403, 39.927767793406602 ], [ 116.530423006772651, 39.93179954627923 ], [ 116.527747773891164, 39.935076171720205 ], [ 116.522737973717, 39.934320808952734 ] ] ] } },
{ "type": "Feature", "properties": { "h3_id": "8831aa5563fffff", "bright_median_rent": 15.0, "bright_listings": 101.0, "dark_median_rent": null, "dark_listings": null }, "geometry": { "type": "Polygon", "coordinates": [ [ [ 116.377493902224614, 39.960239075103303 ], [ 116.375165048723431, 39.956198823502042 ], [ 116.377857558974071, 39.952920682710712 ], [ 116.3828783959775, 39.95368255629964 ], [ 116.385207463167987, 39.957722356494671 ], [ 116.382515479735105, 39.961000734485523 ], [ 116.377493902224614, 39.960239075103303 ] ] ] } },
{ "type": "Feature", "properties": { "h3_id": "8831aa72e9fffff", "bright_median_rent": 3.5, "bright_listings": 9.0, "dark_median_rent": null, "dark_listings": null }, "geometry": { "type": "Polygon", "coordinates": [ [ [ 116.689835957101224, 39.915305584949607 ], [ 116.687495968874444, 39.911282428209013 ], [ 116.69015304172116, 39.908007522809633 ], [ 116.695149573907827, 39.908755540932262 ], [ 116.697489766882072, 39.912778247109095 ], [ 116.69483322299034, 39.91605338570524 ], [ 116.689835957101224, 39.915305584949607 ] ] ] } },
{ "type": "Feature", "properties": { "h3_id": "8831aa7041fffff", "bright_median_rent": 4.5, "bright_listings": 4.0, "dark_median_rent": null, "dark_listings": null }, "geometry": { "type": "Polygon", "coordinates": [ [ [ 116.6531548978014, 39.891440374088823 ], [ 116.65081753802896, 39.887415833662736 ], [ 116.653477253112314, 39.884142095989446 ], [ 116.658473799927478, 39.884892664943017 ], [ 116.660811365259192, 39.88891675481841 ], [ 116.658152178284766, 39.892190726269163 ], [ 116.6531548978014, 39.891440374088823 ] ] ] } },
{ "type": "Feature", "properties": { "h3_id": "8831aa444dfffff", "bright_median_rent": 8.0, "bright_listings": 11.0, "dark_median_rent": null, "dark_listings": null }, "geometry": { "type": "Polygon", "coordinates": [ [ [ 116.486719439611292, 39.895755514886126 ], [ 116.484388888037614, 39.891722282256232 ], [ 116.487066446751911, 39.888447851722056 ], [ 116.492074030531967, 39.889206417812666 ], [ 116.494404792258806, 39.893239199516266 ], [ 116.491727760121208, 39.896513866033963 ], [ 116.486719439611292, 39.895755514886126 ] ] ] } },
{ "type": "Feature", "properties": { "h3_id": "8831aa558dfffff", "bright_median_rent": 11.111111111111111, "bright_listings": 7.0, "dark_median_rent": 10.0, "dark_listings": 1.0 }, "geometry": { "type": "Polygon", "coordinates": [ [ [ 116.438800723361595, 39.947415375028989 ], [ 116.436469848986832, 39.943378558659205 ], [ 116.439155188481735, 39.940101252332809 ], [ 116.444170875254741, 39.940860525925387 ], [ 116.446501961524646, 39.94489689106468 ], [ 116.443817149195482, 39.948174433820277 ], [ 116.438800723361595, 39.947415375028989 ] ] ] } },
{ "type": "Feature", "properties": { "h3_id": "8831aa5581fffff", "bright_median_rent": 8.3333333333333339, "bright_listings": 3.0, "dark_median_rent": null, "dark_listings": null }, "geometry": { "type": "Polygon", "coordinates": [ [ [ 116.446501961524646, 39.94489689106468 ], [ 116.444170875254741, 39.940860525925387 ], [ 116.446855266629839, 39.937583373220043 ], [ 116.45187021715347, 39.938342349296562 ], [ 116.454201515085828, 39.942378263231248 ], [ 116.451517650901152, 39.945655652272428 ], [ 116.446501961524646, 39.94489689106468 ] ] ] } },
{ "type": "Feature", "properties": { "h3_id": "8831aa4319fffff", "bright_median_rent": 7.5, "bright_listings": 2.0, "dark_median_rent": null, "dark_listings": null }, "geometry": { "type": "Polygon", "coordinates": [ [ [ 116.31210558880899, 39.90235198634209 ], [ 116.309782146868869, 39.898309612254415 ], [ 116.312478541815238, 39.895034391599928 ], [ 116.317497853798415, 39.895801306723747 ], [ 116.319821510744077, 39.899843229503304 ], [ 116.317125640770271, 39.903118688445701 ], [ 116.31210558880899, 39.90235198634209 ] ] ] } },
{ "type": "Feature", "properties": { "h3_id": "8831aa52c5fffff", "bright_median_rent": 8.0, "bright_listings": 51.0, "dark_median_rent": null, "dark_listings": null }, "geometry": { "type": "Polygon", "coordinates": [ [ [ 116.320100511802579, 40.043780963147931 ], [ 116.317770306179298, 40.039735973373915 ], [ 116.320473304982272, 40.036453264795028 ], [ 116.325505981518717, 40.037215308315609 ], [ 116.327836403116308, 40.041259846240955 ], [ 116.325133932273019, 40.044542792472896 ], [ 116.320100511802579, 40.043780963147931 ] ] ] } },
{ "type": "Feature", "properties": { "h3_id": "8831aa4d43fffff", "bright_median_rent": 4.166666666666667, "bright_listings": 3.0, "dark_median_rent": null, "dark_listings": null }, "geometry": { "type": "Polygon", "coordinates": [ [ [ 116.350671019111488, 39.738816636270847 ], [ 116.34835333544801, 39.734779808760457 ], [ 116.351037077341971, 39.731513405312519 ], [ 116.356037980946724, 39.732283590972017 ], [ 116.358355877195407, 39.736319967905942 ], [ 116.355672657322671, 39.739586609735369 ], [ 116.350671019111488, 39.738816636270847 ] ] ] } },
{ "type": "Feature", "properties": { "h3_id": "8831aa4711fffff", "bright_median_rent": 5.0988700564971747, "bright_listings": 4.0, "dark_median_rent": null, "dark_listings": null }, "geometry": { "type": "Polygon", "coordinates": [ [ [ 116.471693010963335, 39.893478845729227 ], [ 116.469363198129614, 39.889444886915236 ], [ 116.472042228690853, 39.886170538110079 ], [ 116.477050545772727, 39.88692991190468 ], [ 116.479380569153108, 39.890963419769925 ], [ 116.476702064973693, 39.894238004767679 ], [ 116.471693010963335, 39.893478845729227 ] ] ] } },
{ "type": "Feature", "properties": { "h3_id": "8831aa55bdfffff", "bright_median_rent": 7.49, "bright_listings": 61.0, "dark_median_rent": 11.46, "dark_listings": 1.0 }, "geometry": { "type": "Polygon", "coordinates": [ [ [ 116.447208468871807, 39.93027042075795 ], [ 116.444878018435219, 39.926234406274936 ], [ 116.447561568295384, 39.922958033851842 ], [ 116.452575041764874, 39.923717439508877 ], [ 116.454905703723639, 39.927753002846508 ], [ 116.45222268075976, 39.931029611650906 ], [ 116.447208468871807, 39.93027042075795 ] ] ] } },
{ "type": "Feature", "properties": { "h3_id": "8831aa4135fffff", "bright_median_rent": 5.6, "bright_listings": 6.0, "dark_median_rent": 7.5, "dark_listings": 1.0 }, "geometry": { "type": "Polygon", "coordinates": [ [ [ 116.293457871635866, 39.822082005393568 ], [ 116.291138855785647, 39.818040411675689 ], [ 116.293833007184574, 39.814769420724126 ], [ 116.298845651358008, 39.815539784634524 ], [ 116.301164882053826, 39.819580927327436 ], [ 116.298471253799619, 39.822852157113424 ], [ 116.293457871635866, 39.822082005393568 ] ] ] } },
{ "type": "Feature", "properties": { "h3_id": "8831aa5585fffff", "bright_median_rent": 7.5019607843137246, "bright_listings": 3.0, "dark_median_rent": null, "dark_listings": null }, "geometry": { "type": "Polygon", "coordinates": [ [ [ 116.439155188481735, 39.940101252332809 ], [ 116.436824631996458, 39.936064611264342 ], [ 116.439509550390255, 39.932787695010902 ], [ 116.44452449831968, 39.933547183352424 ], [ 116.446855266629839, 39.937583373220043 ], [ 116.444170875254741, 39.940860525925387 ], [ 116.439155188481735, 39.940101252332809 ] ] ] } },
{ "type": "Feature", "properties": { "h3_id": "8831aa5765fffff", "bright_median_rent": 8.18, "bright_listings": 53.0, "dark_median_rent": 10.833333333333334, "dark_listings": 4.0 }, "geometry": { "type": "Polygon", "coordinates": [ [ [ 116.35986356586541, 40.009201538442397 ], [ 116.357533236068889, 40.005159332069582 ], [ 116.360230192138076, 40.001878549240814 ], [ 116.365256950424609, 40.002639735511863 ], [ 116.367587494805932, 40.006681490250529 ], [ 116.364891066385525, 40.009962510330809 ], [ 116.35986356586541, 40.009201538442397 ] ] ] } },
{ "type": "Feature", "properties": { "h3_id": "8831aa4751fffff", "bright_median_rent": 6.6991341991341997, "bright_listings": 22.0, "dark_median_rent": null, "dark_listings": null }, "geometry": { "type": "Polygon", "coordinates": [ [ [ 116.463302717630924, 39.910613653601395 ], [ 116.460972480151199, 39.906578892372458 ], [ 116.463653295763976, 39.9033036084112 ], [ 116.468663822274152, 39.904062849417024 ], [ 116.470994270671895, 39.90809715961182 ], [ 116.468313981710338, 39.911372679813354 ], [ 116.463302717630924, 39.910613653601395 ] ] ] } },
{ "type": "Feature", "properties": { "h3_id": "8831aa410dfffff", "bright_median_rent": 6.0, "bright_listings": 5.0, "dark_median_rent": null, "dark_listings": null }, "geometry": { "type": "Polygon", "coordinates": [ [ [ 116.284619633395522, 39.846525912971771 ], [ 116.282299889065314, 39.842483332982027 ], [ 116.284996259329432, 39.839211018444537 ], [ 116.290011850438546, 39.839981045013893 ], [ 116.29233181006191, 39.844023173863583 ], [ 116.289635963352126, 39.847295727262591 ], [ 116.284619633395522, 39.846525912971771 ] ] ] } },
{ "type": "Feature", "properties": { "h3_id": "8831aa56a7fffff", "bright_median_rent": 4.5509523809523813, "bright_listings": 16.0, "dark_median_rent": 0.01, "dark_listings": 2.0 }, "geometry": { "type": "Polygon", "coordinates": [ [ [ 116.481502194042761, 40.005438299152267 ], [ 116.479166863933855, 40.001402444756323 ], [ 116.481850720037698, 39.998122162460341 ], [ 116.486869377532827, 39.998877498898239 ], [ 116.48920491884104, 40.002912901924311 ], [ 116.486521591523996, 40.006193419860672 ], [ 116.481502194042761, 40.005438299152267 ] ] ] } },
{ "type": "Feature", "properties": { "h3_id": "8831aa5515fffff", "bright_median_rent": 4.4444444444444446, "bright_listings": 5.0, "dark_median_rent": null, "dark_listings": null }, "geometry": { "type": "Polygon", "coordinates": [ [ [ 116.407978919201355, 39.957487866422106 ], [ 116.405648894735833, 39.953449244872836 ], [ 116.408338029245556, 39.950171325376623 ], [ 116.413356661223887, 39.950931790605232 ], [ 116.415686898516242, 39.954969960821053 ], [ 116.41299829107264, 39.958248117120164 ], [ 116.407978919201355, 39.957487866422106 ] ] ] } },
{ "type": "Feature", "properties": { "h3_id": "8831aa5a11fffff", "bright_median_rent": 5.75, "bright_listings": 2.0, "dark_median_rent": null, "dark_listings": null }, "geometry": { "type": "Polygon", "coordinates": [ [ [ 116.20429507329726, 39.930132903994576 ], [ 116.201974980641083, 39.926084386545035 ], [ 116.204684260991556, 39.922807443630845 ], [ 116.209713109621717, 39.923578778523229 ], [ 116.212033420489092, 39.927626844345568 ], [ 116.209324664584855, 39.930904026881343 ], [ 116.20429507329726, 39.930132903994576 ] ] ] } },
{ "type": "Feature", "properties": { "h3_id": "8831aa4465fffff", "bright_median_rent": 6.0, "bright_listings": 3.0, "dark_median_rent": 11.76, "dark_listings": 1.0 }, "geometry": { "type": "Polygon", "coordinates": [ [ [ 116.472740359530889, 39.871555622380242 ], [ 116.470411499397699, 39.867522191482472 ], [ 116.473089272731983, 39.864249014614806 ], [ 116.478095380326465, 39.865009032362543 ], [ 116.480424450797557, 39.869042012401017 ], [ 116.477747203404974, 39.872315425529507 ], [ 116.472740359530889, 39.871555622380242 ] ] ] } },
{ "type": "Feature", "properties": { "h3_id": "8831aa5a17fffff", "bright_median_rent": 7.0, "bright_listings": 51.0, "dark_median_rent": null, "dark_listings": null }, "geometry": { "type": "Polygon", "coordinates": [ [ [ 116.204684260991556, 39.922807443630845 ], [ 116.202364482892435, 39.918759103871679 ], [ 116.205073335215559, 39.915482550623764 ], [ 116.210101441407033, 39.916254097470109 ], [ 116.212421437644409, 39.920301985631767 ], [ 116.209713109621717, 39.923578778523229 ], [ 116.204684260991556, 39.922807443630845 ] ] ] } },
{ "type": "Feature", "properties": { "h3_id": "8831aa50e3fffff", "bright_median_rent": 5.0011415525114149, "bright_listings": 12.0, "dark_median_rent": 17.78, "dark_listings": 1.0 }, "geometry": { "type": "Polygon", "coordinates": [ [ [ 116.323451736046451, 39.977851990922467 ], [ 116.321124384916686, 39.973808578766068 ], [ 116.323823551345811, 39.970529373434147 ], [ 116.328849542338176, 39.971293342382204 ], [ 116.331177108794648, 39.975336302954808 ], [ 116.328478469001624, 39.978615746141706 ], [ 116.323451736046451, 39.977851990922467 ] ] ] } },
{ "type": "Feature", "properties": { "h3_id": "8831aa7a4dfffff", "bright_median_rent": 4.7522522522522523, "bright_listings": 6.0, "dark_median_rent": null, "dark_listings": null }, "geometry": { "type": "Polygon", "coordinates": [ [ [ 116.542852068343507, 39.827026286088419 ], [ 116.540522277277731, 39.822997440105119 ], [ 116.543190309612996, 39.819726831730335 ], [ 116.54818760736805, 39.820484833824473 ], [ 116.55051760648864, 39.824513229274167 ], [ 116.547850099867688, 39.827784073141707 ], [ 116.542852068343507, 39.827026286088419 ] ] ] } },
{ "type": "Feature", "properties": { "h3_id": "8831aa5561fffff", "bright_median_rent": 5.33, "bright_listings": 10.0, "dark_median_rent": null, "dark_listings": null }, "geometry": { "type": "Polygon", "coordinates": [ [ [ 116.369778654699957, 39.962755647347429 ], [ 116.367450015121605, 39.95871494431438 ], [ 116.370143475494729, 39.955436651048984 ], [ 116.375165048723431, 39.956198823502042 ], [ 116.377493902224614, 39.960239075103303 ], [ 116.37480096864364, 39.963517605661778 ], [ 116.369778654699957, 39.962755647347429 ] ] ] } },
{ "type": "Feature", "properties": { "h3_id": "8831aa4535fffff", "bright_median_rent": 7.8888888888888893, "bright_listings": 2.0, "dark_median_rent": null, "dark_listings": null }, "geometry": { "type": "Polygon", "coordinates": [ [ [ 116.452494189374875, 39.82064409747781 ], [ 116.450168496726747, 39.816610727288037 ], [ 116.452845751892227, 39.813340214665196 ], [ 116.457848175075966, 39.814102835489201 ], [ 116.460174078198577, 39.818135754980808 ], [ 116.457497347731504, 39.821406504325012 ], [ 116.452494189374875, 39.82064409747781 ] ] ] } },
{ "type": "Feature", "properties": { "h3_id": "8831aa5703fffff", "bright_median_rent": 12.08, "bright_listings": 50.0, "dark_median_rent": null, "dark_listings": null }, "geometry": { "type": "Polygon", "coordinates": [ [ [ 116.397744403819573, 40.011241458937697 ], [ 116.395412367248383, 40.007201161054695 ], [ 116.398105412295706, 40.00392036112757 ], [ 116.403129965912129, 40.004679622324048 ], [ 116.405462216039737, 40.008719468641509 ], [ 116.40276969906401, 40.012000505306482 ], [ 116.397744403819573, 40.011241458937697 ] ] ] } },
{ "type": "Feature", "properties": { "h3_id": "8831aa72e1fffff", "bright_median_rent": 3.5, "bright_listings": 5.0, "dark_median_rent": null, "dark_listings": null }, "geometry": { "type": "Polygon", "coordinates": [ [ [ 116.69015304172116, 39.908007522809633 ], [ 116.687813374259889, 39.903984539603599 ], [ 116.690470034236725, 39.900710025076165 ], [ 116.695465832936151, 39.90145826051274 ], [ 116.697805705077769, 39.905480793184609 ], [ 116.695149573907827, 39.908755540932262 ], [ 116.69015304172116, 39.908007522809633 ] ] ] } },
{ "type": "Feature", "properties": { "h3_id": "8831aa55bbfffff", "bright_median_rent": 9.25, "bright_listings": 12.0, "dark_median_rent": null, "dark_listings": null }, "geometry": { "type": "Polygon", "coordinates": [ [ [ 116.462250370853567, 39.932547183991439 ], [ 116.459919179591182, 39.928511896447922 ], [ 116.462601255220292, 39.925235441564766 ], [ 116.467613995088556, 39.925994038031561 ], [ 116.46994539747854, 39.930028874451956 ], [ 116.46726384894167, 39.933305565507055 ], [ 116.462250370853567, 39.932547183991439 ] ] ] } },
{ "type": "Feature", "properties": { "h3_id": "8831aa4115fffff", "bright_median_rent": 4.5, "bright_listings": 4.0, "dark_median_rent": null, "dark_listings": null }, "geometry": { "type": "Polygon", "coordinates": [ [ [ 116.307751123282017, 39.839017252829755 ], [ 116.305430733770905, 39.834976026184755 ], [ 116.308124262047045, 39.831704167021599 ], [ 116.313137656269447, 39.832473295900762 ], [ 116.315458260375465, 39.836514071481197 ], [ 116.312765255733197, 39.839786169225633 ], [ 116.307751123282017, 39.839017252829755 ] ] ] } },
{ "type": "Feature", "properties": { "h3_id": "8831aa7055fffff", "bright_median_rent": 5.830378250591016, "bright_listings": 6.0, "dark_median_rent": null, "dark_listings": null }, "geometry": { "type": "Polygon", "coordinates": [ [ [ 116.668466154885493, 39.886392999493332 ], [ 116.666128384224109, 39.882369360141659 ], [ 116.668786216421736, 39.879095936973414 ], [ 116.673781291197017, 39.879845919543051 ], [ 116.67611926695858, 39.883869108398059 ], [ 116.673461962912896, 39.887142765158337 ], [ 116.668466154885493, 39.886392999493332 ] ] ] } },
{ "type": "Feature", "properties": { "h3_id": "8831aa5583fffff", "bright_median_rent": 5.666666666666667, "bright_listings": 49.0, "dark_median_rent": 22.22, "dark_listings": 1.0 }, "geometry": { "type": "Polygon", "coordinates": [ [ [ 116.454201515085828, 39.942378263231248 ], [ 116.45187021715347, 39.938342349296562 ], [ 116.45455366066227, 39.935065350343514 ], [ 116.459567874957543, 39.935824029061074 ], [ 116.461899384319864, 39.939859491817046 ], [ 116.459216468026014, 39.943136727012586 ], [ 116.454201515085828, 39.942378263231248 ] ] ] } },
{ "type": "Feature", "properties": { "h3_id": "8831aac807fffff", "bright_median_rent": 2.2, "bright_listings": 5.0, "dark_median_rent": null, "dark_listings": null }, "geometry": { "type": "Polygon", "coordinates": [ [ [ 116.225201628882601, 40.110705721261532 ], [ 116.222872448877482, 40.10665443312385 ], [ 116.225589068175424, 40.103367977358808 ], [ 116.230634339178835, 40.104132571039486 ], [ 116.232963738357, 40.108183406883569 ], [ 116.230247647429067, 40.111470101319149 ], [ 116.225201628882601, 40.110705721261532 ] ] ] } },
{ "type": "Feature", "properties": { "h3_id": "8831aa09a3fffff", "bright_median_rent": 2.2124413145539905, "bright_listings": 9.0, "dark_median_rent": 12.22, "dark_listings": 1.0 }, "geometry": { "type": "Polygon", "coordinates": [ [ [ 116.598851537205803, 39.923708629220023 ], [ 116.596514983493037, 39.919680585618671 ], [ 116.599182128137798, 39.91640496995069 ], [ 116.604185298313922, 39.917157163481541 ], [ 116.60652205933313, 39.921184756285236 ], [ 116.603855442938269, 39.924460606334023 ], [ 116.598851537205803, 39.923708629220023 ] ] ] } },
{ "type": "Feature", "properties": { "h3_id": "8831aa09e7fffff", "bright_median_rent": 2.50256391618219, "bright_listings": 10.0, "dark_median_rent": null, "dark_listings": null }, "geometry": { "type": "Polygon", "coordinates": [ [ [ 116.583172457968473, 39.936061396812583 ], [ 116.580835999919842, 39.932032277361536 ], [ 116.5835054496049, 39.928755959178517 ], [ 116.588510829054712, 39.929508525881204 ], [ 116.590847494939894, 39.933537194451709 ], [ 116.588178573607337, 39.936813747178377 ], [ 116.583172457968473, 39.936061396812583 ] ] ] } },
{ "type": "Feature", "properties": { "h3_id": "8831aa51d9fffff", "bright_median_rent": 14.98, "bright_listings": 3.0, "dark_median_rent": null, "dark_listings": null }, "geometry": { "type": "Polygon", "coordinates": [ [ [ 116.30101601455759, 39.970749875406959 ], [ 116.298689943772075, 39.966705460354468 ], [ 116.3013911147969, 39.963426579721016 ], [ 116.306417830413693, 39.964191875937757 ], [ 116.308744117085183, 39.968235839390005 ], [ 116.306043472323509, 39.971514958204303 ], [ 116.30101601455759, 39.970749875406959 ] ] ] } },
{ "type": "Feature", "properties": { "h3_id": "8831aa4403fffff", "bright_median_rent": 7.92, "bright_listings": 50.0, "dark_median_rent": null, "dark_listings": null }, "geometry": { "type": "Polygon", "coordinates": [ [ [ 116.510457441381178, 39.873595017934662 ], [ 116.508126896128658, 39.869563489313848 ], [ 116.510800784192327, 39.866290304436113 ], [ 116.515804691222726, 39.867048412407556 ], [ 116.518135445796091, 39.871079490240106 ], [ 116.515462084086792, 39.874352910867856 ], [ 116.510457441381178, 39.873595017934662 ] ] ] } },
{ "type": "Feature", "properties": { "h3_id": "8831aa4731fffff", "bright_median_rent": 7.9523809523809517, "bright_listings": 6.0, "dark_median_rent": null, "dark_listings": null }, "geometry": { "type": "Polygon", "coordinates": [ [ [ 116.457367138487129, 39.876582415864775 ], [ 116.455038699723815, 39.872548083170258 ], [ 116.457718363036562, 39.869274597729188 ], [ 116.462725939288092, 39.870035208513968 ], [ 116.465054588852112, 39.874069090297141 ], [ 116.462375451432649, 39.877342812185269 ], [ 116.457367138487129, 39.876582415864775 ] ] ] } },
{ "type": "Feature", "properties": { "h3_id": "8831aa701bfffff", "bright_median_rent": 6.25, "bright_listings": 14.0, "dark_median_rent": null, "dark_listings": null }, "geometry": { "type": "Polygon", "coordinates": [ [ [ 116.691420459558785, 39.878820920034038 ], [ 116.689082074285082, 39.874798632091199 ], [ 116.691737084058076, 39.87152568164516 ], [ 116.696729950957135, 39.872274785806077 ], [ 116.699068540643054, 39.876296623333467 ], [ 116.696414059085782, 39.879569807093596 ], [ 116.691420459558785, 39.878820920034038 ] ] ] } },
{ "type": "Feature", "properties": { "h3_id": "8831aa50e7fffff", "bright_median_rent": 2.89937106918239, "bright_listings": 3.0, "dark_median_rent": null, "dark_listings": null }, "geometry": { "type": "Polygon", "coordinates": [ [ [ 116.316097657562793, 39.973044309849946 ], [ 116.313770838659636, 39.969000621972015 ], [ 116.316470531551658, 39.96572165461113 ], [ 116.321496516953474, 39.966486137135675 ], [ 116.323823551345811, 39.970529373434147 ], [ 116.321124384916686, 39.973808578766068 ], [ 116.316097657562793, 39.973044309849946 ] ] ] } },
{ "type": "Feature", "properties": { "h3_id": "8831aa46d5fffff", "bright_median_rent": 18.0, "bright_listings": 64.0, "dark_median_rent": 11.666666666666666, "dark_listings": 1.0 }, "geometry": { "type": "Polygon", "coordinates": [ [ [ 116.561146316317178, 39.921713089320747 ], [ 116.558811441210324, 39.917683140197177 ], [ 116.561482474930656, 39.914407526341961 ], [ 116.56648785598513, 39.915161626696559 ], [ 116.568822939416009, 39.919191124948902 ], [ 116.566152433537013, 39.922466973696203 ], [ 116.561146316317178, 39.921713089320747 ] ] ] } },
{ "type": "Feature", "properties": { "h3_id": "8831aa421dfffff", "bright_median_rent": 7.8888888888888893, "bright_listings": 6.0, "dark_median_rent": null, "dark_listings": null }, "geometry": { "type": "Polygon", "coordinates": [ [ [ 116.356177780899827, 39.931192988898566 ], [ 116.353851154131661, 39.927152262755854 ], [ 116.356544396656304, 39.923875614111772 ], [ 116.361563740011249, 39.924639453996292 ], [ 116.363890580813248, 39.928679728804447 ], [ 116.361197864295704, 39.931956615041138 ], [ 116.356177780899827, 39.931192988898566 ] ] ] } },
{ "type": "Feature", "properties": { "h3_id": "8831aa4223fffff", "bright_median_rent": 8.2, "bright_listings": 2.0, "dark_median_rent": null, "dark_listings": null }, "geometry": { "type": "Polygon", "coordinates": [ [ [ 116.334509057403238, 39.909458544863305 ], [ 116.332184339151524, 39.905417170819454 ], [ 116.33487873484998, 39.902141625733357 ], [ 116.339897323525861, 39.902907216706957 ], [ 116.342222256226165, 39.906948139458997 ], [ 116.33952838587129, 39.910223922507789 ], [ 116.334509057403238, 39.909458544863305 ] ] ] } },
{ "type": "Feature", "properties": { "h3_id": "8831aa413dfffff", "bright_median_rent": 5.5026455026455023, "bright_listings": 2.0, "dark_median_rent": 17.78, "dark_listings": 3.0 }, "geometry": { "type": "Polygon", "coordinates": [ [ [ 116.293082626964235, 39.829395159255192 ], [ 116.290763296607679, 39.825353387047571 ], [ 116.293457871635866, 39.822082005393568 ], [ 116.298471253799619, 39.822852157113424 ], [ 116.300790799073283, 39.826893478266072 ], [ 116.29809674733518, 39.830165098732387 ], [ 116.293082626964235, 39.829395159255192 ] ] ] } },
{ "type": "Feature", "properties": { "h3_id": "8831aa4027fffff", "bright_median_rent": 4.2471264367816097, "bright_listings": 4.0, "dark_median_rent": null, "dark_listings": null }, "geometry": { "type": "Polygon", "coordinates": [ [ [ 116.329757883716425, 39.853444508554666 ], [ 116.327435905510384, 39.849404101357592 ], [ 116.330127862369324, 39.846131526797237 ], [ 116.335141273353855, 39.846899121177877 ], [ 116.337463465670993, 39.850939077296381 ], [ 116.334772032961524, 39.854211890091307 ], [ 116.329757883716425, 39.853444508554666 ] ] ] } },
{ "type": "Feature", "properties": { "h3_id": "8831aa4637fffff", "bright_median_rent": 5.0, "bright_listings": 5.0, "dark_median_rent": null, "dark_listings": null }, "geometry": { "type": "Polygon", "coordinates": [ [ [ 116.509083071482422, 39.902819535026836 ], [ 116.506751253711982, 39.898787304239171 ], [ 116.50942681384231, 39.895512556634152 ], [ 116.514433664869742, 39.896269804136715 ], [ 116.51676569223774, 39.900301584017107 ], [ 116.514090659049472, 39.903576567280574 ], [ 116.509083071482422, 39.902819535026836 ] ] ] } },
{ "type": "Feature", "properties": { "h3_id": "8831aa50e5fffff", "bright_median_rent": 13.0, "bright_listings": 3.0, "dark_median_rent": null, "dark_listings": null }, "geometry": { "type": "Polygon", "coordinates": [ [ [ 116.30837007550312, 39.975559097686883 ], [ 116.306043472323509, 39.971514958204303 ], [ 116.308744117085183, 39.968235839390005 ], [ 116.313770838659636, 39.969000621972015 ], [ 116.316097657562793, 39.973044309849946 ], [ 116.313397539237542, 39.976323666729066 ], [ 116.30837007550312, 39.975559097686883 ] ] ] } },
{ "type": "Feature", "properties": { "h3_id": "8831aac905fffff", "bright_median_rent": 5.67, "bright_listings": 3.0, "dark_median_rent": null, "dark_listings": null }, "geometry": { "type": "Polygon", "coordinates": [ [ [ 116.16581929741281, 40.079492630718484 ], [ 116.163494092850115, 40.075438949704889 ], [ 116.166215364510435, 40.072154019171457 ], [ 116.171261313690749, 40.072922530050214 ], [ 116.173586738807572, 40.076975758778701 ], [ 116.170865994260382, 40.080260928892208 ], [ 116.16581929741281, 40.079492630718484 ] ] ] } },
{ "type": "Feature", "properties": { "h3_id": "8831aa7229fffff", "bright_median_rent": 5.9411764705882355, "bright_listings": 44.0, "dark_median_rent": 8.8888888888888893, "dark_listings": 4.0 }, "geometry": { "type": "Polygon", "coordinates": [ [ [ 116.644525679297402, 39.915863903876698 ], [ 116.642187565017139, 39.911838390722693 ], [ 116.64484946434483, 39.908563323488579 ], [ 116.649848949490817, 39.909313535586435 ], [ 116.652187269763019, 39.913338598073828 ], [ 116.649525898965621, 39.916613899108157 ], [ 116.644525679297402, 39.915863903876698 ] ] ] } },
{ "type": "Feature", "properties": { "h3_id": "8831aa5a83fffff", "bright_median_rent": 11.904761904761903, "bright_listings": 17.0, "dark_median_rent": null, "dark_listings": null }, "geometry": { "type": "Polygon", "coordinates": [ [ [ 116.243353284745993, 39.910278642998854 ], [ 116.241032418302026, 39.906232560980257 ], [ 116.243736512904405, 39.902956759374355 ], [ 116.248760949581595, 39.903726800590924 ], [ 116.251082032991278, 39.90777243113569 ], [ 116.248378462827588, 39.911048471916359 ], [ 116.243353284745993, 39.910278642998854 ] ] ] } },
{ "type": "Feature", "properties": { "h3_id": "8831aa546dfffff", "bright_median_rent": 7.2333333333333334, "bright_listings": 15.0, "dark_median_rent": null, "dark_listings": null }, "geometry": { "type": "Polygon", "coordinates": [ [ [ 116.413537018041026, 39.998877443103368 ], [ 116.41120487287202, 39.994838222923384 ], [ 116.413895592631064, 39.991558118048687 ], [ 116.418917929654, 39.992316996759122 ], [ 116.421250287840977, 39.996355765454297 ], [ 116.418560096056453, 39.999636106902294 ], [ 116.413537018041026, 39.998877443103368 ] ] ] } },
{ "type": "Feature", "properties": { "h3_id": "8831aa7003fffff", "bright_median_rent": 10.0, "bright_listings": 15.0, "dark_median_rent": null, "dark_listings": null }, "geometry": { "type": "Polygon", "coordinates": [ [ [ 116.669106185027189, 39.871799439700411 ], [ 116.666769054532594, 39.867776148833059 ], [ 116.669426060742325, 39.864503507845953 ], [ 116.674419669658036, 39.865253924065662 ], [ 116.676757005118318, 39.869276764495773 ], [ 116.674100526765301, 39.872549639121623 ], [ 116.669106185027189, 39.871799439700411 ] ] ] } },
{ "type": "Feature", "properties": { "h3_id": "8831aa41e5fffff", "bright_median_rent": 4.55, "bright_listings": 15.0, "dark_median_rent": null, "dark_listings": null }, "geometry": { "type": "Polygon", "coordinates": [ [ [ 116.316202106891225, 39.821889674974607 ], [ 116.31388213248087, 39.817849255856402 ], [ 116.31657386794015, 39.814578330200817 ], [ 116.32158505450947, 39.815347585109663 ], [ 116.323905243139649, 39.819387553248511 ], [ 116.321214031049607, 39.822658717436461 ], [ 116.316202106891225, 39.821889674974607 ] ] ] } },
{ "type": "Feature", "properties": { "h3_id": "8831aa55b9fffff", "bright_median_rent": 20.5, "bright_listings": 21.0, "dark_median_rent": null, "dark_listings": null }, "geometry": { "type": "Polygon", "coordinates": [ [ [ 116.45455366066227, 39.935065350343514 ], [ 116.45222268075976, 39.931029611650906 ], [ 116.454905703723639, 39.927753002846508 ], [ 116.459919179591182, 39.928511896447922 ], [ 116.462250370853567, 39.932547183991439 ], [ 116.459567874957543, 39.935824029061074 ], [ 116.45455366066227, 39.935065350343514 ] ] ] } },
{ "type": "Feature", "properties": { "h3_id": "8831aad8d3fffff", "bright_median_rent": 4.43, "bright_listings": 15.0, "dark_median_rent": null, "dark_listings": null }, "geometry": { "type": "Polygon", "coordinates": [ [ [ 116.241553274749961, 40.235281253107665 ], [ 116.239217712131264, 40.231228199784965 ], [ 116.241939211505311, 40.227935213752602 ], [ 116.246995742450665, 40.228695043036666 ], [ 116.249331524855819, 40.232747643618687 ], [ 116.24661055659999, 40.236040867635865 ], [ 116.241553274749961, 40.235281253107665 ] ] ] } },
{ "type": "Feature", "properties": { "h3_id": "8831aacd93fffff", "bright_median_rent": 6.67, "bright_listings": 17.0, "dark_median_rent": 5.56, "dark_listings": 5.0 }, "geometry": { "type": "Polygon", "coordinates": [ [ [ 116.418028892969886, 40.062249615874762 ], [ 116.415693666504239, 40.05820928015072 ], [ 116.418387243677557, 40.05492582434767 ], [ 116.423415518057098, 40.055682467972282 ], [ 116.4257509579447, 40.059722351973079 ], [ 116.423057910100411, 40.063006044050937 ], [ 116.418028892969886, 40.062249615874762 ] ] ] } },
{ "type": "Feature", "properties": { "h3_id": "8831aa4651fffff", "bright_median_rent": 7.04, "bright_listings": 3.0, "dark_median_rent": null, "dark_listings": null }, "geometry": { "type": "Polygon", "coordinates": [ [ [ 116.514708071533704, 39.944151695203523 ], [ 116.512374132381183, 39.940118865631966 ], [ 116.51505125784108, 39.936841930425722 ], [ 116.520061794673254, 39.937597589341607 ], [ 116.522395943607563, 39.941629967854205 ], [ 116.519719345996734, 39.944907138488226 ], [ 116.514708071533704, 39.944151695203523 ] ] ] } },
{ "type": "Feature", "properties": { "h3_id": "8831aa5a15fffff", "bright_median_rent": 6.0, "bright_listings": 3.0, "dark_median_rent": null, "dark_listings": null }, "geometry": { "type": "Polygon", "coordinates": [ [ [ 116.196945397849277, 39.925312749984059 ], [ 116.194625838123201, 39.921263958602786 ], [ 116.197335642746097, 39.917987255425963 ], [ 116.202364482892435, 39.918759103871679 ], [ 116.204684260991556, 39.922807443630845 ], [ 116.201974980641083, 39.926084386545035 ], [ 116.196945397849277, 39.925312749984059 ] ] ] } },
{ "type": "Feature", "properties": { "h3_id": "8831aa5457fffff", "bright_median_rent": 3.6, "bright_listings": 3.0, "dark_median_rent": null, "dark_listings": null }, "geometry": { "type": "Polygon", "coordinates": [ [ [ 116.458735900633187, 40.005695676541535 ], [ 116.456401524485429, 40.001658641961207 ], [ 116.459087808680181, 39.998378287944234 ], [ 116.464107940525878, 39.999134732542288 ], [ 116.466442528502327, 40.003171315704243 ], [ 116.463756772873637, 40.00645190566491 ], [ 116.458735900633187, 40.005695676541535 ] ] ] } },
{ "type": "Feature", "properties": { "h3_id": "8831aa46dbfffff", "bright_median_rent": 14.035087719298245, "bright_listings": 4.0, "dark_median_rent": null, "dark_listings": null }, "geometry": { "type": "Polygon", "coordinates": [ [ [ 116.575829883576617, 39.931279415629952 ], [ 116.573493953168295, 39.92725001947592 ], [ 116.576163931035467, 39.923973935952674 ], [ 116.581169311197471, 39.924727013901972 ], [ 116.5835054496049, 39.928755959178517 ], [ 116.580835999919842, 39.932032277361536 ], [ 116.575829883576617, 39.931279415629952 ] ] ] } },
{ "type": "Feature", "properties": { "h3_id": "8831aa4631fffff", "bright_median_rent": 7.5978787878787877, "bright_listings": 30.0, "dark_median_rent": null, "dark_listings": null }, "geometry": { "type": "Polygon", "coordinates": [ [ [ 116.508739229126476, 39.910127079211442 ], [ 116.506407093010765, 39.906094673163672 ], [ 116.509083071482422, 39.902819535026836 ], [ 116.514090659049472, 39.903576567280574 ], [ 116.516423004832063, 39.907608522391371 ], [ 116.513747553449448, 39.910883896163774 ], [ 116.508739229126476, 39.910127079211442 ] ] ] } },
{ "type": "Feature", "properties": { "h3_id": "8831aa5429fffff", "bright_median_rent": 11.86, "bright_listings": 16.0, "dark_median_rent": null, "dark_listings": null }, "geometry": { "type": "Polygon", "coordinates": [ [ [ 116.429318117226174, 39.986515826448908 ], [ 116.426985864591288, 39.982477683864865 ], [ 116.429674261328131, 39.979198274785915 ], [ 116.434694382892033, 39.979956771860465 ], [ 116.437026848007179, 39.983994463040553 ], [ 116.434338979147483, 39.987274108528467 ], [ 116.429318117226174, 39.986515826448908 ] ] ] } },
{ "type": "Feature", "properties": { "h3_id": "8831aa4753fffff", "bright_median_rent": 5.0724637681159424, "bright_listings": 19.0, "dark_median_rent": null, "dark_listings": null }, "geometry": { "type": "Polygon", "coordinates": [ [ [ 116.470994270671895, 39.90809715961182 ], [ 116.468663822274152, 39.904062849417024 ], [ 116.471343691638452, 39.900787719620759 ], [ 116.476353482793783, 39.901546663850603 ], [ 116.478684141877622, 39.905580523037287 ], [ 116.4760047991888, 39.90885588898059 ], [ 116.470994270671895, 39.90809715961182 ] ] ] } },
{ "type": "Feature", "properties": { "h3_id": "8831aa55abfffff", "bright_median_rent": 2.5, "bright_listings": 10.0, "dark_median_rent": null, "dark_listings": null }, "geometry": { "type": "Polygon", "coordinates": [ [ [ 116.439509550390255, 39.932787695010902 ], [ 116.437179311708348, 39.928751229356692 ], [ 116.439863809132149, 39.925474703236787 ], [ 116.444878018435219, 39.926234406274936 ], [ 116.447208468871807, 39.93027042075795 ], [ 116.44452449831968, 39.933547183352424 ], [ 116.439509550390255, 39.932787695010902 ] ] ] } },
{ "type": "Feature", "properties": { "h3_id": "8831aa4d41fffff", "bright_median_rent": 4.72, "bright_listings": 10.0, "dark_median_rent": null, "dark_listings": null }, "geometry": { "type": "Polygon", "coordinates": [ [ [ 116.3429844885775, 39.741313160214219 ], [ 116.34066701772997, 39.737275882101841 ], [ 116.343351702128757, 39.734009325622964 ], [ 116.34835333544801, 39.734779808760457 ], [ 116.350671019111488, 39.738816636270847 ], [ 116.347986856708346, 39.742083431224252 ], [ 116.3429844885775, 39.741313160214219 ] ] ] } },
{ "type": "Feature", "properties": { "h3_id": "8831aa4139fffff", "bright_median_rent": 6.5069860279441114, "bright_listings": 3.0, "dark_median_rent": null, "dark_listings": null }, "geometry": { "type": "Polygon", "coordinates": [ [ [ 116.30041660727143, 39.834206598232321 ], [ 116.29809674733518, 39.830165098732387 ], [ 116.300790799073283, 39.826893478266072 ], [ 116.305804187354767, 39.827663118581455 ], [ 116.308124262047045, 39.831704167021599 ], [ 116.305430733770905, 39.834976026184755 ], [ 116.30041660727143, 39.834206598232321 ] ] ] } },
{ "type": "Feature", "properties": { "h3_id": "8831aa5531fffff", "bright_median_rent": 10.0, "bright_listings": 5.0, "dark_median_rent": null, "dark_listings": null }, "geometry": { "type": "Polygon", "coordinates": [ [ [ 116.400989693939664, 39.945371901305577 ], [ 116.398660517521492, 39.941333179408701 ], [ 116.401349756563349, 39.938055886774698 ], [ 116.406367645345583, 39.938817079074433 ], [ 116.408697034682319, 39.942855349671397 ], [ 116.406008322387436, 39.946132879246967 ], [ 116.400989693939664, 39.945371901305577 ] ] ] } },
{ "type": "Feature", "properties": { "h3_id": "8831aacf21fffff", "bright_median_rent": 9.5041322314049594, "bright_listings": 2.0, "dark_median_rent": null, "dark_listings": null }, "geometry": { "type": "Polygon", "coordinates": [ [ [ 116.316366583106785, 40.117088919172012 ], [ 116.314033197661587, 40.113042187292194 ], [ 116.316740467348666, 40.109755592097727 ], [ 116.321780593114909, 40.110515491333658 ], [ 116.324114195257451, 40.114561771072758 ], [ 116.321407455006579, 40.11784860369513 ], [ 116.316366583106785, 40.117088919172012 ] ] ] } },
{ "type": "Feature", "properties": { "h3_id": "8831aa42d3fffff", "bright_median_rent": 20.0, "bright_listings": 3.0, "dark_median_rent": null, "dark_listings": null }, "geometry": { "type": "Polygon", "coordinates": [ [ [ 116.417118065482441, 39.925709607141698 ], [ 116.414789098386379, 39.921672139164151 ], [ 116.4174755968059, 39.918395932962667 ], [ 116.422490535887093, 39.919156957917153 ], [ 116.424819715294817, 39.923193974705434 ], [ 116.42213374337878, 39.926470417706909 ], [ 116.417118065482441, 39.925709607141698 ] ] ] } },
{ "type": "Feature", "properties": { "h3_id": "8831aa42bdfffff", "bright_median_rent": 10.0, "bright_listings": 9.0, "dark_median_rent": null, "dark_listings": null }, "geometry": { "type": "Polygon", "coordinates": [ [ [ 116.395807034033155, 39.896683861363606 ], [ 116.393480290022552, 39.892645920447634 ], [ 116.396167523352716, 39.889371205940982 ], [ 116.401180975067305, 39.890134195135794 ], [ 116.40350793173458, 39.894171684934008 ], [ 116.400821224099573, 39.897446636633603 ], [ 116.395807034033155, 39.896683861363606 ] ] ] } },
{ "type": "Feature", "properties": { "h3_id": "8831aa4107fffff", "bright_median_rent": 6.4964539007092199, "bright_listings": 2.0, "dark_median_rent": 7.333333333333333, "dark_listings": 3.0 }, "geometry": { "type": "Polygon", "coordinates": [ [ [ 116.292707273122133, 39.836708882136136 ], [ 116.290387628174528, 39.832666931551238 ], [ 116.293082626964235, 39.829395159255192 ], [ 116.29809674733518, 39.830165098732387 ], [ 116.30041660727143, 39.834206598232321 ], [ 116.297722131917183, 39.837478609318609 ], [ 116.292707273122133, 39.836708882136136 ] ] ] } },
{ "type": "Feature", "properties": { "h3_id": "8831aa4209fffff", "bright_median_rent": 12.5, "bright_listings": 2.0, "dark_median_rent": null, "dark_listings": null }, "geometry": { "type": "Polygon", "coordinates": [ [ [ 116.340747125900876, 39.936219068696907 ], [ 116.338420927900728, 39.93217743980896 ], [ 116.341116069652671, 39.928900486756028 ], [ 116.346136883518938, 39.929664924789918 ], [ 116.348463296019816, 39.933706102292554 ], [ 116.34576868022306, 39.936983293125159 ], [ 116.340747125900876, 39.936219068696907 ] ] ] } },
{ "type": "Feature", "properties": { "h3_id": "8831aa55c1fffff", "bright_median_rent": 4.4444444444444446, "bright_listings": 1.0, "dark_median_rent": 16.67, "dark_listings": 1.0 }, "geometry": { "type": "Polygon", "coordinates": [ [ [ 116.438091483305882, 39.962045315849117 ], [ 116.435759972893692, 39.958008149215878 ], [ 116.438446154984632, 39.954730062925648 ], [ 116.443463320096868, 39.955488906863359 ], [ 116.44579504254483, 39.959525622207011 ], [ 116.44310938791395, 39.962803944880918 ], [ 116.438091483305882, 39.962045315849117 ] ] ] } },
{ "type": "Feature", "properties": { "h3_id": "8831aa4e59fffff", "bright_median_rent": 3.9937106918238992, "bright_listings": 8.0, "dark_median_rent": null, "dark_listings": null }, "geometry": { "type": "Polygon", "coordinates": [ [ [ 116.414069594328311, 39.833183672918821 ], [ 116.411744957518039, 39.829148048849781 ], [ 116.414426932238626, 39.82587676623595 ], [ 116.419433019262797, 39.826640870483068 ], [ 116.421757867703107, 39.83067604372463 ], [ 116.419076417557946, 39.83394756352503 ], [ 116.414069594328311, 39.833183672918821 ] ] ] } },
{ "type": "Feature", "properties": { "h3_id": "8831aa5289fffff", "bright_median_rent": 3.8, "bright_listings": 6.0, "dark_median_rent": null, "dark_listings": null }, "geometry": { "type": "Polygon", "coordinates": [ [ [ 116.335570601812478, 40.038738580259178 ], [ 116.333239964475752, 40.034694494157279 ], [ 116.335941055202824, 40.03141208836638 ], [ 116.340972255323976, 40.032173531190644 ], [ 116.34330310816479, 40.036217165494293 ], [ 116.340602545450139, 40.039499808750477 ], [ 116.335570601812478, 40.038738580259178 ] ] ] } },
{ "type": "Feature", "properties": { "h3_id": "8831aa4ec9fffff", "bright_median_rent": 2.8569444444444443, "bright_listings": 6.0, "dark_median_rent": null, "dark_listings": null }, "geometry": { "type": "Polygon", "coordinates": [ [ [ 116.445165340816331, 39.815847810091562 ], [ 116.442840175303616, 39.811814166393496 ], [ 116.445517954997086, 39.808543890607552 ], [ 116.450520375743807, 39.809307021661233 ], [ 116.452845751892227, 39.813340214665196 ], [ 116.450168496726747, 39.816610727288037 ], [ 116.445165340816331, 39.815847810091562 ] ] ] } },
{ "type": "Feature", "properties": { "h3_id": "8831aa7239fffff", "bright_median_rent": 3.3, "bright_listings": 3.0, "dark_median_rent": 7.5, "dark_listings": 31.0 }, "geometry": { "type": "Polygon", "coordinates": [ [ [ 116.667184978623325, 39.915586898606072 ], [ 116.664845926581165, 39.911562563635059 ], [ 116.667505412287525, 39.908287576816832 ], [ 116.67250342136127, 39.909036691449337 ], [ 116.674842678772947, 39.91306057580497 ], [ 116.672183721809603, 39.916335796121643 ], [ 116.667184978623325, 39.915586898606072 ] ] ] } },
{ "type": "Feature", "properties": { "h3_id": "8831aa55d5fffff", "bright_median_rent": 8.4005602240896362, "bright_listings": 4.0, "dark_median_rent": null, "dark_listings": null }, "geometry": { "type": "Polygon", "coordinates": [ [ [ 116.453496916208891, 39.957005784484728 ], [ 116.451164981958016, 39.952969520404871 ], [ 116.453849266949646, 39.949691741336203 ], [ 116.458864958751974, 39.950449990128931 ], [ 116.461197104573003, 39.954485802970957 ], [ 116.458513347090658, 39.957763818236494 ], [ 116.453496916208891, 39.957005784484728 ] ] ] } },
{ "type": "Feature", "properties": { "h3_id": "8831aa7aa5fffff", "bright_median_rent": 1.63, "bright_listings": 2.0, "dark_median_rent": null, "dark_listings": null }, "geometry": { "type": "Polygon", "coordinates": [ [ [ 116.590806840092938, 39.768179494263386 ], [ 116.58847771185809, 39.764154409276131 ], [ 116.591137615088243, 39.760887087244207 ], [ 116.596126121649164, 39.761644615103464 ], [ 116.598455456154028, 39.765669249896625 ], [ 116.595796077895898, 39.768936807002923 ], [ 116.590806840092938, 39.768179494263386 ] ] ] } },
{ "type": "Feature", "properties": { "h3_id": "8831aa4097fffff", "bright_median_rent": 2.8, "bright_listings": 1.0, "dark_median_rent": null, "dark_listings": null }, "geometry": { "type": "Polygon", "coordinates": [ [ [ 116.420688700726458, 39.852598358094212 ], [ 116.418362903111856, 39.848562653609655 ], [ 116.421045193327032, 39.845290352140665 ], [ 116.426052756187005, 39.846053518108853 ], [ 116.428378765410471, 39.850088771701941 ], [ 116.425697000233853, 39.853361310196789 ], [ 116.420688700726458, 39.852598358094212 ] ] ] } },
{ "type": "Feature", "properties": { "h3_id": "8831aa50d7fffff", "bright_median_rent": 1.3571428571428572, "bright_listings": 2.0, "dark_median_rent": null, "dark_listings": null }, "geometry": { "type": "Polygon", "coordinates": [ [ [ 116.353241005236015, 39.989752353922 ], [ 116.350911842618018, 39.985710221409406 ], [ 116.353608476898145, 39.982430454822008 ], [ 116.358633746684418, 39.983192583312942 ], [ 116.36096312390714, 39.987234264254404 ], [ 116.358267016808369, 39.990514268254579 ], [ 116.353241005236015, 39.989752353922 ] ] ] } },
{ "type": "Feature", "properties": { "h3_id": "8831aa4233fffff", "bright_median_rent": 9.0, "bright_listings": 5.0, "dark_median_rent": null, "dark_listings": null }, "geometry": { "type": "Polygon", "coordinates": [ [ [ 116.357277307881716, 39.909242563679925 ], [ 116.354951630644507, 39.905202366791642 ], [ 116.357643603443876, 39.901926888382327 ], [ 116.362660727982018, 39.902691369179884 ], [ 116.364986619039684, 39.906731114822769 ], [ 116.362295171807943, 39.910006830891987 ], [ 116.357277307881716, 39.909242563679925 ] ] ] } },
{ "type": "Feature", "properties": { "h3_id": "8831aa4059fffff", "bright_median_rent": 9.0, "bright_listings": 3.0, "dark_median_rent": null, "dark_listings": null }, "geometry": { "type": "Polygon", "coordinates": [ [ [ 116.357643603443876, 39.901926888382327 ], [ 116.355318242545948, 39.897886868137917 ], [ 116.358009792367753, 39.89461177992834 ], [ 116.363026177735264, 39.895376474259315 ], [ 116.36535175238248, 39.899416043287999 ], [ 116.362660727982018, 39.902691369179884 ], [ 116.357643603443876, 39.901926888382327 ] ] ] } },
{ "type": "Feature", "properties": { "h3_id": "8831aa4769fffff", "bright_median_rent": 12.5, "bright_listings": 5.0, "dark_median_rent": null, "dark_listings": null }, "geometry": { "type": "Polygon", "coordinates": [ [ [ 116.425888517890087, 39.901256464201353 ], [ 116.42356029043853, 39.897219975188364 ], [ 116.426244578086724, 39.893945093265557 ], [ 116.431256567167182, 39.894706463559579 ], [ 116.43358500648695, 39.898742501498184 ], [ 116.430901244927, 39.902017620195551 ], [ 116.425888517890087, 39.901256464201353 ] ] ] } },
{ "type": "Feature", "properties": { "h3_id": "8831aa4005fffff", "bright_median_rent": 6.0, "bright_listings": 3.0, "dark_median_rent": null, "dark_listings": null }, "geometry": { "type": "Polygon", "coordinates": [ [ [ 116.336356368701203, 39.87287962086284 ], [ 116.334033229797456, 39.868839132177065 ], [ 116.336725508414787, 39.86556553842469 ], [ 116.341740401391974, 39.866332195262288 ], [ 116.344063754387847, 39.870372232805181 ], [ 116.341372000383515, 39.873646064631906 ], [ 116.336356368701203, 39.87287962086284 ] ] ] } },
{ "type": "Feature", "properties": { "h3_id": "8831aa4057fffff", "bright_median_rent": 1.35, "bright_listings": 2.0, "dark_median_rent": null, "dark_listings": null }, "geometry": { "type": "Polygon", "coordinates": [ [ [ 116.358375874699846, 39.887297238491499 ], [ 116.356051146224317, 39.883257571873393 ], [ 116.358741850486709, 39.879983264245141 ], [ 116.363756758164882, 39.880748385486378 ], [ 116.366081700247648, 39.884787600948329 ], [ 116.363391521114096, 39.888062146303696 ], [ 116.358375874699846, 39.887297238491499 ] ] ] } },
{ "type": "Feature", "properties": { "h3_id": "8831aa50a9fffff", "bright_median_rent": 1.5, "bright_listings": 1.0, "dark_median_rent": null, "dark_listings": null }, "geometry": { "type": "Polygon", "coordinates": [ [ [ 116.323823551345811, 39.970529373434147 ], [ 116.321496516953474, 39.966486137135675 ], [ 116.324195258229096, 39.963207321361011 ], [ 116.329220507477302, 39.963971503985988 ], [ 116.331547757124497, 39.968014288730195 ], [ 116.328849542338176, 39.971293342382204 ], [ 116.323823551345811, 39.970529373434147 ] ] ] } },
{ "type": "Feature", "properties": { "h3_id": "8831852513fffff", "bright_median_rent": 5.9, "bright_listings": 3.0, "dark_median_rent": null, "dark_listings": null }, "geometry": { "type": "Polygon", "coordinates": [ [ [ 116.103542947123444, 39.962697763505169 ], [ 116.10122571263507, 39.958643372678047 ], [ 116.103947396174689, 39.955364491639202 ], [ 116.108985790199512, 39.956139760562699 ], [ 116.111303245962333, 39.960193699445995 ], [ 116.108582086496014, 39.963472821328395 ], [ 116.103542947123444, 39.962697763505169 ] ] ] } },
{ "type": "Feature", "properties": { "h3_id": "8831aa4537fffff", "bright_median_rent": 3.802777777777778, "bright_listings": 2.0, "dark_median_rent": 11.111111111111111, "dark_listings": 1.0 }, "geometry": { "type": "Polygon", "coordinates": [ [ [ 116.460174078198577, 39.818135754980808 ], [ 116.457848175075966, 39.814102835489201 ], [ 116.460524487085664, 39.810832477255069 ], [ 116.465526177563774, 39.811594801862597 ], [ 116.467852290930054, 39.815627270682057 ], [ 116.465176503643008, 39.818897865544542 ], [ 116.460174078198577, 39.818135754980808 ] ] ] } },
{ "type": "Feature", "properties": { "h3_id": "8831aa0957fffff", "bright_median_rent": 3.0420271940667489, "bright_listings": 15.0, "dark_median_rent": null, "dark_listings": null }, "geometry": { "type": "Polygon", "coordinates": [ [ [ 116.56647516888026, 39.970341630210328 ], [ 116.564137848312996, 39.966310913112963 ], [ 116.566810857556831, 39.963032722459829 ], [ 116.571820658538726, 39.963785014245275 ], [ 116.574158187679927, 39.967815280290914 ], [ 116.571485707334162, 39.971093705581168 ], [ 116.56647516888026, 39.970341630210328 ] ] ] } },
{ "type": "Feature", "properties": { "h3_id": "8831aa4085fffff", "bright_median_rent": 6.67, "bright_listings": 6.0, "dark_median_rent": null, "dark_listings": null }, "geometry": { "type": "Polygon", "coordinates": [ [ [ 116.390272774054637, 39.855324841818316 ], [ 116.387948141388719, 39.851287510598588 ], [ 116.390633792886732, 39.848014986067462 ], [ 116.395643552327201, 39.848779555313421 ], [ 116.397968397458797, 39.852816435568684 ], [ 116.395283270753126, 39.856089197520951 ], [ 116.390272774054637, 39.855324841818316 ] ] ] } },
{ "type": "Feature", "properties": { "h3_id": "8831aa4623fffff", "bright_median_rent": 6.8571428571428577, "bright_listings": 4.0, "dark_median_rent": null, "dark_listings": null }, "geometry": { "type": "Polygon", "coordinates": [ [ [ 116.49371278685976, 39.90785501299829 ], [ 116.491381388978908, 39.903821880317572 ], [ 116.494058839881944, 39.900546823282468 ], [ 116.499067161840088, 39.901304663061751 ], [ 116.501398769781545, 39.905337344782893 ], [ 116.498721845773005, 39.908612637662713 ], [ 116.49371278685976, 39.90785501299829 ] ] ] } },
{ "type": "Feature", "properties": { "h3_id": "8831aa5085fffff", "bright_median_rent": 7.5009578544061304, "bright_listings": 8.0, "dark_median_rent": null, "dark_listings": null }, "geometry": { "type": "Polygon", "coordinates": [ [ [ 116.331177108794648, 39.975336302954808 ], [ 116.328849542338176, 39.971293342382204 ], [ 116.331547757124497, 39.968014288730195 ], [ 116.336573011774462, 39.968777957867999 ], [ 116.338900793323376, 39.972820466882069 ], [ 116.336203105199402, 39.976099758295348 ], [ 116.331177108794648, 39.975336302954808 ] ] ] } },
{ "type": "Feature", "properties": { "h3_id": "8831aa542dfffff", "bright_median_rent": 1.1111111111111112, "bright_listings": 1.0, "dark_median_rent": null, "dark_listings": null }, "geometry": { "type": "Polygon", "coordinates": [ [ [ 116.42196500569537, 39.981718888621486 ], [ 116.419633283953516, 39.97768046940255 ], [ 116.422322208395286, 39.974401296848768 ], [ 116.427342326943318, 39.975160306967176 ], [ 116.429674261328131, 39.979198274785915 ], [ 116.426985864591288, 39.982477683864865 ], [ 116.42196500569537, 39.981718888621486 ] ] ] } },
{ "type": "Feature", "properties": { "h3_id": "8831aa5463fffff", "bright_median_rent": 10.188888888888888, "bright_listings": 3.0, "dark_median_rent": null, "dark_listings": null }, "geometry": { "type": "Polygon", "coordinates": [ [ [ 116.428961869292124, 39.993833942433675 ], [ 116.426629298320876, 39.98979562519763 ], [ 116.429318117226174, 39.986515826448908 ], [ 116.434338979147483, 39.987274108528467 ], [ 116.436671762669562, 39.991311974331104 ], [ 116.433983471788835, 39.994592009466018 ], [ 116.428961869292124, 39.993833942433675 ] ] ] } },
{ "type": "Feature", "properties": { "h3_id": "8831aa711dfffff", "bright_median_rent": 4.03378042722305, "bright_listings": 2.0, "dark_median_rent": null, "dark_listings": null }, "geometry": { "type": "Polygon", "coordinates": [ [ [ 116.625125176007074, 39.843143656116489 ], [ 116.622791196107286, 39.839118711280641 ], [ 116.625451365909299, 39.835847474561106 ], [ 116.630444988836331, 39.836600948321369 ], [ 116.632779174673161, 39.84062544273722 ], [ 116.630119531714001, 39.84389691379107 ], [ 116.625125176007074, 39.843143656116489 ] ] ] } },
{ "type": "Feature", "properties": { "h3_id": "8831aa46ddfffff", "bright_median_rent": 7.14, "bright_listings": 6.0, "dark_median_rent": null, "dark_listings": null }, "geometry": { "type": "Polygon", "coordinates": [ [ [ 116.56081005991399, 39.929019217279475 ], [ 116.558474865545563, 39.924989093667037 ], [ 116.561146316317178, 39.921713089320747 ], [ 116.566152433537013, 39.922466973696203 ], [ 116.568487836298075, 39.926496646407728 ], [ 116.565816913515292, 39.929772885623002 ], [ 116.56081005991399, 39.929019217279475 ] ] ] } },
{ "type": "Feature", "properties": { "h3_id": "8831aac82bfffff", "bright_median_rent": 1.5, "bright_listings": 1.0, "dark_median_rent": null, "dark_listings": null }, "geometry": { "type": "Polygon", "coordinates": [ [ [ 116.217826438372953, 40.105889536603442 ], [ 116.215497794767941, 40.101837970794605 ], [ 116.218214942260431, 40.098551753816636 ], [ 116.223260205233757, 40.099316863839043 ], [ 116.225589068175424, 40.103367977358808 ], [ 116.222872448877482, 40.10665443312385 ], [ 116.217826438372953, 40.105889536603442 ] ] ] } },
{ "type": "Feature", "properties": { "h3_id": "8831aa722dfffff", "bright_median_rent": 5.3238461538461532, "bright_listings": 2.0, "dark_median_rent": null, "dark_listings": null }, "geometry": { "type": "Polygon", "coordinates": [ [ [ 116.637187343166303, 39.911087884845749 ], [ 116.634849755226583, 39.907062094965468 ], [ 116.637512182914975, 39.903787261647707 ], [ 116.642511670250755, 39.904537984272132 ], [ 116.64484946434483, 39.908563323488579 ], [ 116.642187565017139, 39.911838390722693 ], [ 116.637187343166303, 39.911087884845749 ] ] ] } },
{ "type": "Feature", "properties": { "h3_id": "8831aa554dfffff", "bright_median_rent": 6.776859504132231, "bright_listings": 4.0, "dark_median_rent": null, "dark_listings": null }, "geometry": { "type": "Polygon", "coordinates": [ [ [ 116.376402295750751, 39.982197643414409 ], [ 116.374072490020993, 39.978156865539034 ], [ 116.376766270659303, 39.974877555629448 ], [ 116.381789329838085, 39.975638786441912 ], [ 116.384119349470538, 39.979679112822438 ], [ 116.381426096090991, 39.982958659863854 ], [ 116.376402295750751, 39.982197643414409 ] ] ] } },
{ "type": "Feature", "properties": { "h3_id": "8831aa09bdfffff", "bright_median_rent": 6.2456140350877192, "bright_listings": 2.0, "dark_median_rent": null, "dark_listings": null }, "geometry": { "type": "Polygon", "coordinates": [ [ [ 116.606192523803827, 39.928488373223395 ], [ 116.603855442938269, 39.924460606334023 ], [ 116.60652205933313, 39.921184756285236 ], [ 116.611525228242044, 39.921936438839424 ], [ 116.613862516251558, 39.925963754928169 ], [ 116.611196428276699, 39.929239839241625 ], [ 116.606192523803827, 39.928488373223395 ] ] ] } },
{ "type": "Feature", "properties": { "h3_id": "8831aac9d3fffff", "bright_median_rent": 1.5, "bright_listings": 1.0, "dark_median_rent": null, "dark_listings": null }, "geometry": { "type": "Polygon", "coordinates": [ [ [ 116.249634247845407, 40.081132193375119 ], [ 116.247305362626392, 40.077082785977751 ], [ 116.250017818532172, 40.073797944360784 ], [ 116.255058631716096, 40.074562271665116 ], [ 116.257387735177645, 40.078611226930541 ], [ 116.25467580728295, 40.081896307002154 ], [ 116.249634247845407, 40.081132193375119 ] ] ] } },
{ "type": "Feature", "properties": { "h3_id": "8831aa4045fffff", "bright_median_rent": 12.0, "bright_listings": 3.0, "dark_median_rent": null, "dark_listings": null }, "geometry": { "type": "Polygon", "coordinates": [ [ [ 116.327906374594434, 39.890017936821287 ], [ 116.325582818674746, 39.885976642426115 ], [ 116.328276892023212, 39.882702115814702 ], [ 116.33329399648153, 39.883468645453874 ], [ 116.335617766868822, 39.887509488621212 ], [ 116.332924218399327, 39.890784253355775 ], [ 116.327906374594434, 39.890017936821287 ] ] ] } },
{ "type": "Feature", "properties": { "h3_id": "8831aa4635fffff", "bright_median_rent": 4.5, "bright_listings": 4.0, "dark_median_rent": 11.11, "dark_listings": 1.0 }, "geometry": { "type": "Polygon", "coordinates": [ [ [ 116.501398769781545, 39.905337344782893 ], [ 116.499067161840088, 39.901304663061751 ], [ 116.501743667230144, 39.898029760676522 ], [ 116.506751253711982, 39.898787304239171 ], [ 116.509083071482422, 39.902819535026836 ], [ 116.506407093010765, 39.906094673163672 ], [ 116.501398769781545, 39.905337344782893 ] ] ] } },
{ "type": "Feature", "properties": { "h3_id": "8831aa56e7fffff", "bright_median_rent": 7.3055555555555554, "bright_listings": 2.0, "dark_median_rent": 30.0, "dark_listings": 1.0 }, "geometry": { "type": "Polygon", "coordinates": [ [ [ 116.473098101099168, 40.022598727205903 ], [ 116.470762343953425, 40.018562073709639 ], [ 116.473447992126651, 40.015280858388813 ], [ 116.478468868456673, 40.016036060854645 ], [ 116.480804837175128, 40.020072262896306 ], [ 116.478119718060171, 40.023353713905131 ], [ 116.473098101099168, 40.022598727205903 ] ] ] } },
{ "type": "Feature", "properties": { "h3_id": "8831aa5727fffff", "bright_median_rent": 11.666666666666666, "bright_listings": 15.0, "dark_median_rent": null, "dark_listings": null }, "geometry": { "type": "Polygon", "coordinates": [ [ [ 116.376038214696493, 39.989518295981348 ], [ 116.373708091385325, 39.985477342907771 ], [ 116.376402295750751, 39.982197643414409 ], [ 116.381426096090991, 39.982958659863854 ], [ 116.383756433375993, 39.986999161413074 ], [ 116.381062756416426, 39.990279098015705 ], [ 116.376038214696493, 39.989518295981348 ] ] ] } },
{ "type": "Feature", "properties": { "h3_id": "8831aa461bfffff", "bright_median_rent": 4.5, "bright_listings": 1.0, "dark_median_rent": null, "dark_listings": null }, "geometry": { "type": "Polygon", "coordinates": [ [ [ 116.530423006772651, 39.93179954627923 ], [ 116.52808896727403, 39.927767793406602 ], [ 116.530763781995873, 39.92449155830829 ], [ 116.535772108536406, 39.925246840796497 ], [ 116.538106357284192, 39.929278142692326 ], [ 116.535432070311074, 39.932554613055053 ], [ 116.530423006772651, 39.93179954627923 ] ] ] } },
{ "type": "Feature", "properties": { "h3_id": "8831aa50ebfffff", "bright_median_rent": 8.5061728395061724, "bright_listings": 7.0, "dark_median_rent": null, "dark_listings": null }, "geometry": { "type": "Polygon", "coordinates": [ [ [ 116.323079812283794, 39.985175173651356 ], [ 116.320752144330882, 39.981131585750298 ], [ 116.323451736046451, 39.977851990922467 ], [ 116.328478469001624, 39.978615746141706 ], [ 116.330806352352965, 39.982658882429412 ], [ 116.328107287420323, 39.985938715089809 ], [ 116.323079812283794, 39.985175173651356 ] ] ] } },
{ "type": "Feature", "properties": { "h3_id": "8831aa5597fffff", "bright_median_rent": 6.5, "bright_listings": 3.0, "dark_median_rent": null, "dark_listings": null }, "geometry": { "type": "Polygon", "coordinates": [ [ [ 116.469595569501578, 39.93734057711027 ], [ 116.46726384894167, 39.933305565507055 ], [ 116.46994539747854, 39.930028874451956 ], [ 116.474958139380675, 39.93078695892256 ], [ 116.477290070905838, 39.93482151939898 ], [ 116.474609049632591, 39.938098446509954 ], [ 116.469595569501578, 39.93734057711027 ] ] ] } },
{ "type": "Feature", "properties": { "h3_id": "8831aa5595fffff", "bright_median_rent": 7.844444444444445, "bright_listings": 8.0, "dark_median_rent": null, "dark_listings": null }, "geometry": { "type": "Polygon", "coordinates": [ [ [ 116.461899384319864, 39.939859491817046 ], [ 116.459567874957543, 39.935824029061074 ], [ 116.462250370853567, 39.932547183991439 ], [ 116.46726384894167, 39.933305565507055 ], [ 116.469595569501578, 39.93734057711027 ], [ 116.466913600844833, 39.940617658329039 ], [ 116.461899384319864, 39.939859491817046 ] ] ] } },
{ "type": "Feature", "properties": { "h3_id": "8831aa4747fffff", "bright_median_rent": 8.87, "bright_listings": 3.0, "dark_median_rent": null, "dark_listings": null }, "geometry": { "type": "Polygon", "coordinates": [ [ [ 116.440925966808123, 39.903539122935719 ], [ 116.438596998479042, 39.899503360067314 ], [ 116.441279813333409, 39.896228395086688 ], [ 116.446291070301484, 39.896988956387538 ], [ 116.448620250104625, 39.901024268203471 ], [ 116.445937961534554, 39.904299469749461 ], [ 116.440925966808123, 39.903539122935719 ] ] ] } },
{ "type": "Feature", "properties": { "h3_id": "8831aacca5fffff", "bright_median_rent": 4.4, "bright_listings": 2.0, "dark_median_rent": null, "dark_listings": null }, "geometry": { "type": "Polygon", "coordinates": [ [ [ 116.417311877593221, 40.076898886445356 ], [ 116.4149760127805, 40.072858203742364 ], [ 116.417670437623727, 40.069573969965816 ], [ 116.422700197724225, 40.070330182641499 ], [ 116.425036276100968, 40.074370413562853 ], [ 116.422342380882853, 40.077654883568584 ], [ 116.417311877593221, 40.076898886445356 ] ] ] } },
{ "type": "Feature", "properties": { "h3_id": "8831aa0985fffff", "bright_median_rent": 3.5086616517815381, "bright_listings": 18.0, "dark_median_rent": null, "dark_listings": null }, "geometry": { "type": "Polygon", "coordinates": [ [ [ 116.59819006685602, 39.938317641597735 ], [ 116.595852873500121, 39.934289249878582 ], [ 116.598520850125823, 39.93101285315992 ], [ 116.603525491630677, 39.931764613804283 ], [ 116.605862892429599, 39.93579255466657 ], [ 116.603195444349225, 39.939069185719617 ], [ 116.59819006685602, 39.938317641597735 ] ] ] } },
{ "type": "Feature", "properties": { "h3_id": "8831aa0b0bfffff", "bright_median_rent": 2.3, "bright_listings": 15.0, "dark_median_rent": null, "dark_listings": null }, "geometry": { "type": "Polygon", "coordinates": [ [ [ 116.556767339922558, 40.016736758203457 ], [ 116.554428307635135, 40.012704549534298 ], [ 116.557104773137098, 40.009423863995991 ], [ 116.562119741231967, 40.010175152513838 ], [ 116.564458982739225, 40.014206909928362 ], [ 116.561783047000816, 40.017487830057959 ], [ 116.556767339922558, 40.016736758203457 ] ] ] } },
{ "type": "Feature", "properties": { "h3_id": "8831aa4541fffff", "bright_median_rent": 9.8059964726631357, "bright_listings": 5.0, "dark_median_rent": null, "dark_listings": null }, "geometry": { "type": "Polygon", "coordinates": [ [ [ 116.443047502730536, 39.859683255513048 ], [ 116.440720437352965, 39.85564855020499 ], [ 116.443400732277922, 39.852375928742042 ], [ 116.448407567244061, 39.853137775864269 ], [ 116.450734843675846, 39.857172030298607 ], [ 116.448055074155988, 39.860444888462872 ], [ 116.443047502730536, 39.859683255513048 ] ] ] } },
{ "type": "Feature", "properties": { "h3_id": "8831aa5a53fffff", "bright_median_rent": 3.0, "bright_listings": 1.0, "dark_median_rent": null, "dark_listings": null }, "geometry": { "type": "Polygon", "coordinates": [ [ [ 116.203516357299193, 39.944785526093455 ], [ 116.201195635275056, 39.940736653602656 ], [ 116.203905772083033, 39.937458931540355 ], [ 116.208936106246924, 39.938229842369829 ], [ 116.211257046628418, 39.942278263174074 ], [ 116.208547434558398, 39.945556224814041 ], [ 116.203516357299193, 39.944785526093455 ] ] ] } },
{ "type": "Feature", "properties": { "h3_id": "8831aa095dfffff", "bright_median_rent": 6.3032344474652167, "bright_listings": 4.0, "dark_median_rent": null, "dark_listings": null }, "geometry": { "type": "Polygon", "coordinates": [ [ [ 116.558453523391861, 39.980177917897095 ], [ 116.556116091760359, 39.976146576023091 ], [ 116.558790465519166, 39.972867839924056 ], [ 116.563801741955288, 39.973620210970175 ], [ 116.566139382461401, 39.977651101736555 ], [ 116.563465537725634, 39.980930072542726 ], [ 116.558453523391861, 39.980177917897095 ] ] ] } },
{ "type": "Feature", "properties": { "h3_id": "8831aa7349fffff", "bright_median_rent": 6.0, "bright_listings": 3.0, "dark_median_rent": null, "dark_listings": null }, "geometry": { "type": "Polygon", "coordinates": [ [ [ 116.599182128137798, 39.91640496995069 ], [ 116.5968458941161, 39.912377100577352 ], [ 116.599512622963772, 39.909101875524534 ], [ 116.604515057799389, 39.909854285419392 ], [ 116.606851499059303, 39.913881704024718 ], [ 116.604185298313922, 39.917157163481541 ], [ 116.599182128137798, 39.91640496995069 ] ] ] } },
{ "type": "Feature", "properties": { "h3_id": "8831aa466bfffff", "bright_median_rent": 10.416666666666666, "bright_listings": 5.0, "dark_median_rent": 5.915, "dark_listings": 2.0 }, "geometry": { "type": "Polygon", "coordinates": [ [ [ 116.48498288880775, 39.932302318971132 ], [ 116.48265074654951, 39.928268209595487 ], [ 116.485330401128749, 39.924991826962184 ], [ 116.49034167072324, 39.925749317813541 ], [ 116.492674023482493, 39.929782976114467 ], [ 116.489994896215123, 39.933059594617099 ], [ 116.48498288880775, 39.932302318971132 ] ] ] } },
{ "type": "Feature", "properties": { "h3_id": "8831aa0347fffff", "bright_median_rent": 3.2001171131605912, "bright_listings": 7.0, "dark_median_rent": null, "dark_listings": null }, "geometry": { "type": "Polygon", "coordinates": [ [ [ 116.642138822971177, 40.139916910746813 ], [ 116.639790531366415, 40.135886513178271 ], [ 116.64246438565543, 40.13259951760736 ], [ 116.647485998454414, 40.133342686603946 ], [ 116.649834497931707, 40.137372632624881 ], [ 116.647161176806677, 40.140659861174967 ], [ 116.642138822971177, 40.139916910746813 ] ] ] } },
{ "type": "Feature", "properties": { "h3_id": "8831aa5017fffff", "bright_median_rent": 8.7530864197530853, "bright_listings": 6.0, "dark_median_rent": null, "dark_listings": null }, "geometry": { "type": "Polygon", "coordinates": [ [ [ 116.307621664932896, 39.990207310294537 ], [ 116.305294428480551, 39.986162819091277 ], [ 116.307995924801588, 39.982882921380025 ], [ 116.31302413091467, 39.983647276830432 ], [ 116.315351583234602, 39.987691316370011 ], [ 116.312650613643456, 39.990971452101377 ], [ 116.307621664932896, 39.990207310294537 ] ] ] } },
{ "type": "Feature", "properties": { "h3_id": "88318194abfffff", "bright_median_rent": 3.81, "bright_listings": 1.0, "dark_median_rent": null, "dark_listings": null }, "geometry": { "type": "Polygon", "coordinates": [ [ [ 116.131472478540601, 39.730659823078966 ], [ 116.129164488894105, 39.726611907147245 ], [ 116.131870959716309, 39.723345417407977 ], [ 116.136884900606901, 39.72412660225433 ], [ 116.139193108772616, 39.728174067219967 ], [ 116.136487157597742, 39.731440798284076 ], [ 116.131472478540601, 39.730659823078966 ] ] ] } },
{ "type": "Feature", "properties": { "h3_id": "883181948bfffff", "bright_median_rent": 6.666666666666667, "bright_listings": 1.0, "dark_median_rent": 6.67, "dark_listings": 1.0 }, "geometry": { "type": "Polygon", "coordinates": [ [ [ 116.14572291815459, 39.747631206473464 ], [ 116.143413557307127, 39.743583648772905 ], [ 116.146119415449249, 39.740316285480894 ], [ 116.15113411437197, 39.741096238794782 ], [ 116.153443693491838, 39.745143345487172 ], [ 116.150738355485686, 39.748410949852584 ], [ 116.14572291815459, 39.747631206473464 ] ] ] } },
{ "type": "Feature", "properties": { "h3_id": "8831aa5461fffff", "bright_median_rent": 5.0769230769230766, "bright_listings": 5.0, "dark_median_rent": null, "dark_listings": null }, "geometry": { "type": "Polygon", "coordinates": [ [ [ 116.421250287840977, 39.996355765454297 ], [ 116.418917929654, 39.992316996759122 ], [ 116.421607698859106, 39.989037044881456 ], [ 116.426629298320876, 39.98979562519763 ], [ 116.428961869292124, 39.993833942433675 ], [ 116.426272628086679, 39.997114130791083 ], [ 116.421250287840977, 39.996355765454297 ] ] ] } },
{ "type": "Feature", "properties": { "h3_id": "8831aa40c7fffff", "bright_median_rent": 10.0, "bright_listings": 1.0, "dark_median_rent": null, "dark_listings": null }, "geometry": { "type": "Polygon", "coordinates": [ [ [ 116.389550421305671, 39.869946256373346 ], [ 116.387225156163254, 39.865908571089889 ], [ 116.389911650209569, 39.862635265311205 ], [ 116.39492288438268, 39.863399407418235 ], [ 116.397248362131791, 39.867436641677486 ], [ 116.394562393170105, 39.870710184832426 ], [ 116.389550421305671, 39.869946256373346 ] ] ] } },
{ "type": "Feature", "properties": { "h3_id": "8831aa401dfffff", "bright_median_rent": 8.75, "bright_listings": 1.0, "dark_median_rent": null, "dark_listings": null }, "geometry": { "type": "Polygon", "coordinates": [ [ [ 116.358741850486709, 39.879983264245141 ], [ 116.356417438094283, 39.875943774609311 ], [ 116.359107719774784, 39.87266985736256 ], [ 116.364121888934037, 39.873435191980619 ], [ 116.36644651486273, 39.877474230490122 ], [ 116.363756758164882, 39.880748385486378 ], [ 116.358741850486709, 39.879983264245141 ] ] ] } },
{ "type": "Feature", "properties": { "h3_id": "8831aa42cdfffff", "bright_median_rent": 7.11, "bright_listings": 1.0, "dark_median_rent": null, "dark_listings": null }, "geometry": { "type": "Polygon", "coordinates": [ [ [ 116.378947893645275, 39.930968899104613 ], [ 116.376620308580527, 39.926929350785976 ], [ 116.379311126830729, 39.923652769672955 ], [ 116.384329003984277, 39.924415499567367 ], [ 116.386656802454297, 39.928454596598179 ], [ 116.383966510434703, 39.931731415000861 ], [ 116.378947893645275, 39.930968899104613 ] ] ] } },
{ "type": "Feature", "properties": { "h3_id": "8831aa50c3fffff", "bright_median_rent": 9.2592592592592595, "bright_listings": 3.0, "dark_median_rent": 5.0, "dark_listings": 1.0 }, "geometry": { "type": "Polygon", "coordinates": [ [ [ 116.33779170102828, 39.994788090300361 ], [ 116.335462968322375, 39.99074505456943 ], [ 116.33816150629896, 39.98746498419267 ], [ 116.343188249921724, 39.988227711925084 ], [ 116.345517197700858, 39.992270296034192 ], [ 116.342819186853589, 39.995550604011179 ], [ 116.33779170102828, 39.994788090300361 ] ] ] } },
{ "type": "Feature", "properties": { "h3_id": "8831aa551bfffff", "bright_median_rent": 4.9, "bright_listings": 3.0, "dark_median_rent": null, "dark_listings": null }, "geometry": { "type": "Polygon", "coordinates": [ [ [ 116.422679307004387, 39.967084269737541 ], [ 116.420348221362701, 39.963046200447742 ], [ 116.423036301568033, 39.959767807461887 ], [ 116.428054940073821, 39.960527247173644 ], [ 116.430386238217295, 39.964564865122256 ], [ 116.427698685422371, 39.967843494678725 ], [ 116.422679307004387, 39.967084269737541 ] ] ] } },
{ "type": "Feature", "properties": { "h3_id": "8831aaccadfffff", "bright_median_rent": 2.2, "bright_listings": 1.0, "dark_median_rent": null, "dark_listings": null }, "geometry": { "type": "Polygon", "coordinates": [ [ [ 116.416953212832595, 40.084224365137914 ], [ 116.414617028716336, 40.080183509116083 ], [ 116.417311877593221, 40.076898886445356 ], [ 116.422342380882853, 40.077654883568584 ], [ 116.424678778634245, 40.081695287779546 ], [ 116.421984459530606, 40.084980146656612 ], [ 116.416953212832595, 40.084224365137914 ] ] ] } },
{ "type": "Feature", "properties": { "h3_id": "8831aa0d1dfffff", "bright_median_rent": 1.47, "bright_listings": 1.0, "dark_median_rent": null, "dark_listings": null }, "geometry": { "type": "Polygon", "coordinates": [ [ [ 116.725594102643541, 39.96104800669891 ], [ 116.723250521014592, 39.957025719466515 ], [ 116.725906184547043, 39.953748477340163 ], [ 116.730904899530785, 39.954493289879871 ], [ 116.733248685294456, 39.958515126448177 ], [ 116.730593552007903, 39.961792601118965 ], [ 116.725594102643541, 39.96104800669891 ] ] ] } },
{ "type": "Feature", "properties": { "h3_id": "8831aa50b9fffff", "bright_median_rent": 12.12, "bright_listings": 11.0, "dark_median_rent": 10.42, "dark_listings": 1.0 }, "geometry": { "type": "Polygon", "coordinates": [ [ [ 116.346622789905382, 39.970304482994706 ], [ 116.344294793498193, 39.966262425513946 ], [ 116.346991105759116, 39.962983675619448 ], [ 116.352014887782033, 39.963746745610273 ], [ 116.354343098813487, 39.967788351583067 ], [ 116.351647313267165, 39.971067339051487 ], [ 116.346622789905382, 39.970304482994706 ] ] ] } },
{ "type": "Feature", "properties": { "h3_id": "8831aa409bfffff", "bright_median_rent": 5.5555555555555554, "bright_listings": 6.0, "dark_median_rent": null, "dark_listings": null }, "geometry": { "type": "Polygon", "coordinates": [ [ [ 116.427667783402853, 39.864705276965815 ], [ 116.425341140828479, 39.860669669832745 ], [ 116.428023326089956, 39.857396740616139 ], [ 116.433031628638787, 39.858159181623485 ], [ 116.43535848273055, 39.862194337831127 ], [ 116.432676822824916, 39.865467503935342 ], [ 116.427667783402853, 39.864705276965815 ] ] ] } },
{ "type": "Feature", "properties": { "h3_id": "8831aa0341fffff", "bright_median_rent": 5.56, "bright_listings": 1.0, "dark_median_rent": 4.28, "dark_listings": 2.0 }, "geometry": { "type": "Polygon", "coordinates": [ [ [ 116.641813165229138, 40.147234863044915 ], [ 116.639464550560163, 40.143204295193044 ], [ 116.642138822971177, 40.139916910746813 ], [ 116.647161176806677, 40.140659861174967 ], [ 116.649509999416836, 40.144689977450263 ], [ 116.646836260319631, 40.147977594852122 ], [ 116.641813165229138, 40.147234863044915 ] ] ] } },
{ "type": "Feature", "properties": { "h3_id": "8831aa5661fffff", "bright_median_rent": 7.0, "bright_listings": 4.0, "dark_median_rent": null, "dark_listings": null }, "geometry": { "type": "Polygon", "coordinates": [ [ [ 116.418745489792485, 40.047602595559887 ], [ 116.416410901327481, 40.043562607269635 ], [ 116.419103631360457, 40.040279929686669 ], [ 116.424130420894812, 40.041037004051965 ], [ 116.42646522263982, 40.045076540677492 ], [ 116.423773021640002, 40.048359454580876 ], [ 116.418745489792485, 40.047602595559887 ] ] ] } },
{ "type": "Feature", "properties": { "h3_id": "8831aa5083fffff", "bright_median_rent": 10.5, "bright_listings": 5.0, "dark_median_rent": 11.111111111111111, "dark_listings": 2.0 }, "geometry": { "type": "Polygon", "coordinates": [ [ [ 116.346254366642427, 39.977625855638649 ], [ 116.343926053196981, 39.973583622501792 ], [ 116.346622789905382, 39.970304482994706 ], [ 116.351647313267165, 39.971067339051487 ], [ 116.353975841408371, 39.975109120650835 ], [ 116.351279631561482, 39.978388497709403 ], [ 116.346254366642427, 39.977625855638649 ] ] ] } },
{ "type": "Feature", "properties": { "h3_id": "8831aa5a57fffff", "bright_median_rent": 3.0, "bright_listings": 6.0, "dark_median_rent": null, "dark_listings": null }, "geometry": { "type": "Polygon", "coordinates": [ [ [ 116.196164566535529, 39.939965440966049 ], [ 116.193844377757088, 39.935916294257794 ], [ 116.196555039129009, 39.932638811888971 ], [ 116.201585364785174, 39.933410236513595 ], [ 116.203905772083033, 39.937458931540355 ], [ 116.201195635275056, 39.940736653602656 ], [ 116.196164566535529, 39.939965440966049 ] ] ] } },
{ "type": "Feature", "properties": { "h3_id": "8831aa5453fffff", "bright_median_rent": 3.0, "bright_listings": 5.0, "dark_median_rent": null, "dark_listings": null }, "geometry": { "type": "Polygon", "coordinates": [ [ [ 116.466091679884471, 40.010488662878565 ], [ 116.463756772873637, 40.00645190566491 ], [ 116.466442528502327, 40.003171315704243 ], [ 116.47146266247286, 40.003927247108251 ], [ 116.473797781149358, 40.007963552900065 ], [ 116.47111255425888, 40.01124437868809 ], [ 116.466091679884471, 40.010488662878565 ] ] ] } },
{ "type": "Feature", "properties": { "h3_id": "8831aa4653fffff", "bright_median_rent": 7.1, "bright_listings": 6.0, "dark_median_rent": null, "dark_listings": null }, "geometry": { "type": "Polygon", "coordinates": [ [ [ 116.522395943607563, 39.941629967854205 ], [ 116.520061794673254, 39.937597589341607 ], [ 116.522737973717, 39.934320808952734 ], [ 116.527747773891164, 39.935076171720205 ], [ 116.530082132375426, 39.939108099200141 ], [ 116.527406481204395, 39.94238511492361 ], [ 116.522395943607563, 39.941629967854205 ] ] ] } },
{ "type": "Feature", "properties": { "h3_id": "8831aa0909fffff", "bright_median_rent": 5.0200014011489431, "bright_listings": 5.0, "dark_median_rent": 10.0, "dark_listings": 1.0 }, "geometry": { "type": "Polygon", "coordinates": [ [ [ 116.551442077205834, 39.968083788589148 ], [ 116.549105494195601, 39.964052343150058 ], [ 116.55177997869977, 39.960774231967108 ], [ 116.556790517578875, 39.961527331354951 ], [ 116.559127309557596, 39.96555832571898 ], [ 116.556453353757576, 39.968836671748555 ], [ 116.551442077205834, 39.968083788589148 ] ] ] } },
{ "type": "Feature", "properties": { "h3_id": "8831aa4755fffff", "bright_median_rent": 22.22, "bright_listings": 3.0, "dark_median_rent": null, "dark_listings": null }, "geometry": { "type": "Polygon", "coordinates": [ [ [ 116.455961218264889, 39.905819354433895 ], [ 116.45363150962045, 39.901784317838342 ], [ 116.456312851713307, 39.898509270233298 ], [ 116.461323376039473, 39.899269022846028 ], [ 116.463653295763976, 39.9033036084112 ], [ 116.460972480151199, 39.906578892372458 ], [ 116.455961218264889, 39.905819354433895 ] ] ] } },
{ "type": "Feature", "properties": { "h3_id": "8831aa5299fffff", "bright_median_rent": 7.005208333333333, "bright_listings": 3.0, "dark_median_rent": null, "dark_listings": null }, "geometry": { "type": "Polygon", "coordinates": [ [ [ 116.358395990428193, 40.038499135888529 ], [ 116.356064389329376, 40.034456230529145 ], [ 116.358763044933127, 40.03117389078124 ], [ 116.36379277346721, 40.031934219210001 ], [ 116.366124589437135, 40.035976672817775 ], [ 116.363426462071587, 40.039259249726861 ], [ 116.358395990428193, 40.038499135888529 ] ] ] } },
{ "type": "Feature", "properties": { "h3_id": "8831aa40adfffff", "bright_median_rent": 5.0, "bright_listings": 2.0, "dark_median_rent": null, "dark_listings": null }, "geometry": { "type": "Polygon", "coordinates": [ [ [ 116.375603056104225, 39.84571966034315 ], [ 116.373279480918285, 39.841681781751149 ], [ 116.375966181487101, 39.83840973240936 ], [ 116.380975932860991, 39.8391753239856 ], [ 116.383299720835396, 39.843212751621785 ], [ 116.38061354471634, 39.846485038616066 ], [ 116.375603056104225, 39.84571966034315 ] ] ] } },
{ "type": "Feature", "properties": { "h3_id": "8831aa5a2bfffff", "bright_median_rent": 3.5, "bright_listings": 3.0, "dark_median_rent": null, "dark_listings": null }, "geometry": { "type": "Polygon", "coordinates": [ [ [ 116.174506091636118, 39.918173726630393 ], [ 116.172187816713787, 39.914123936193398 ], [ 116.174899621855516, 39.91084756323076 ], [ 116.179929178092721, 39.911620740621103 ], [ 116.182247671946527, 39.915670079421865 ], [ 116.179536390701415, 39.9189466924472 ], [ 116.174506091636118, 39.918173726630393 ] ] ] } },
{ "type": "Feature", "properties": { "h3_id": "8831aa5725fffff", "bright_median_rent": 9.8142857142857132, "bright_listings": 6.0, "dark_median_rent": null, "dark_listings": null }, "geometry": { "type": "Polygon", "coordinates": [ [ [ 116.368318307485652, 39.992037283758144 ], [ 116.365988398382342, 39.987995879134765 ], [ 116.368683553987509, 39.98471602732176 ], [ 116.373708091385325, 39.985477342907771 ], [ 116.376038214696493, 39.989518295981348 ], [ 116.373343586471492, 39.992798384997229 ], [ 116.368318307485652, 39.992037283758144 ] ] ] } },
{ "type": "Feature", "properties": { "h3_id": "8831aa4483fffff", "bright_median_rent": 6.75, "bright_listings": 10.0, "dark_median_rent": null, "dark_listings": null }, "geometry": { "type": "Polygon", "coordinates": [ [ [ 116.564168228517076, 39.855983382496696 ], [ 116.561836222863334, 39.851955008840733 ], [ 116.564503508937975, 39.848682912098461 ], [ 116.569502274217996, 39.84943895389096 ], [ 116.571834487578755, 39.853466876943344 ], [ 116.569167728020858, 39.856739208785122 ], [ 116.564168228517076, 39.855983382496696 ] ] ] } },
{ "type": "Feature", "properties": { "h3_id": "8831aa7209fffff", "bright_median_rent": 2.5396825396825395, "bright_listings": 1.0, "dark_median_rent": null, "dark_listings": null }, "geometry": { "type": "Polygon", "coordinates": [ [ [ 116.658882155149797, 39.932714637407543 ], [ 116.656542667627676, 39.928689504600747 ], [ 116.659203923826126, 39.925413579214457 ], [ 116.664204138597682, 39.926162553068707 ], [ 116.666543831854341, 39.930187235173975 ], [ 116.663883104673275, 39.933463394104677 ], [ 116.658882155149797, 39.932714637407543 ] ] ] } },
{ "type": "Feature", "properties": { "h3_id": "8831aacc11fffff", "bright_median_rent": 1.5, "bright_listings": 1.0, "dark_median_rent": null, "dark_listings": null }, "geometry": { "type": "Polygon", "coordinates": [ [ [ 116.407785570891178, 40.11606324660363 ], [ 116.405448322848358, 40.112021246492333 ], [ 116.408145824224817, 40.108734916488167 ], [ 116.413180043372833, 40.109490350364851 ], [ 116.415517505570762, 40.113531898523142 ], [ 116.412820534535456, 40.116818464736205 ], [ 116.407785570891178, 40.11606324660363 ] ] ] } },
{ "type": "Feature", "properties": { "h3_id": "8831aa50edfffff", "bright_median_rent": 10.500515995872032, "bright_listings": 16.0, "dark_median_rent": 12.037037037037036, "dark_listings": 1.0 }, "geometry": { "type": "Polygon", "coordinates": [ [ [ 116.307995924801588, 39.982882921380025 ], [ 116.305669005028378, 39.978838605980414 ], [ 116.30837007550312, 39.975559097686883 ], [ 116.313397539237542, 39.976323666729066 ], [ 116.315724674806262, 39.980367530494469 ], [ 116.31302413091467, 39.983647276830432 ], [ 116.307995924801588, 39.982882921380025 ] ] ] } },
{ "type": "Feature", "properties": { "h3_id": "8831aa5a91fffff", "bright_median_rent": 8.5022026431718061, "bright_listings": 1.0, "dark_median_rent": 0.5, "dark_listings": 1.0 }, "geometry": { "type": "Polygon", "coordinates": [ [ [ 116.25842809222317, 39.912587315909569 ], [ 116.256106477015919, 39.908541959331465 ], [ 116.258809096363834, 39.905266069371734 ], [ 116.26383280634947, 39.906035297003449 ], [ 116.266154638126494, 39.910080202127716 ], [ 116.263452543417642, 39.913356331052725 ], [ 116.25842809222317, 39.912587315909569 ] ] ] } },
{ "type": "Feature", "properties": { "h3_id": "8831aac893fffff", "bright_median_rent": 11.936635586635584, "bright_listings": 2.0, "dark_median_rent": null, "dark_listings": null }, "geometry": { "type": "Polygon", "coordinates": [ [ [ 116.309742119407986, 40.097615813088858 ], [ 116.307409905529568, 40.093569150565891 ], [ 116.310116848934186, 40.090283569786294 ], [ 116.315155477321383, 40.091044413918546 ], [ 116.317487907915904, 40.095090624363003 ], [ 116.31478149347717, 40.098376442732238 ], [ 116.309742119407986, 40.097615813088858 ] ] ] } },
{ "type": "Feature", "properties": { "h3_id": "8831aa52bbfffff", "bright_median_rent": 10.357815442561206, "bright_listings": 1.0, "dark_median_rent": null, "dark_listings": null }, "geometry": { "type": "Polygon", "coordinates": [ [ [ 116.351770046130753, 40.019045596115028 ], [ 116.349439613528645, 40.015002763136373 ], [ 116.352137946869419, 40.011721439047605 ], [ 116.357166185111879, 40.012482710593268 ], [ 116.359496832604876, 40.016525091883025 ], [ 116.356799027034185, 40.019806653294509 ], [ 116.351770046130753, 40.019045596115028 ] ] ] } },
{ "type": "Feature", "properties": { "h3_id": "8831aa0987fffff", "bright_median_rent": 4.7619047619047619, "bright_listings": 19.0, "dark_median_rent": null, "dark_listings": null }, "geometry": { "type": "Polygon", "coordinates": [ [ [ 116.605862892429599, 39.93579255466657 ], [ 116.603525491630677, 39.931764613804283 ], [ 116.606192523803827, 39.928488373223395 ], [ 116.611196428276699, 39.929239839241625 ], [ 116.613534036287817, 39.93326732927374 ], [ 116.61086753268242, 39.936543804096019 ], [ 116.605862892429599, 39.93579255466657 ] ] ] } },
{ "type": "Feature", "properties": { "h3_id": "8831aa436bfffff", "bright_median_rent": 7.5, "bright_listings": 1.0, "dark_median_rent": null, "dark_listings": null }, "geometry": { "type": "Polygon", "coordinates": [ [ [ 116.274258169570743, 39.9002528973026 ], [ 116.271936436668469, 39.896208621029906 ], [ 116.274636729628668, 39.892933423128888 ], [ 116.279658231013215, 39.893702262679 ], [ 116.281980179945236, 39.897746087577573 ], [ 116.279280411532326, 39.901021524278747 ], [ 116.274258169570743, 39.9002528973026 ] ] ] } },
{ "type": "Feature", "properties": { "h3_id": "8831aa0b37fffff", "bright_median_rent": 6.3185041908446165, "bright_listings": 5.0, "dark_median_rent": null, "dark_listings": null }, "geometry": { "type": "Polygon", "coordinates": [ [ [ 116.558116483132878, 39.987488559464467 ], [ 116.55577873154445, 39.983457044005114 ], [ 116.558453523391861, 39.980177917897095 ], [ 116.563465537725634, 39.980930072542726 ], [ 116.565803498257651, 39.98496113686501 ], [ 116.563129235581229, 39.988240497657038 ], [ 116.558116483132878, 39.987488559464467 ] ] ] } },
{ "type": "Feature", "properties": { "h3_id": "8831aa7245fffff", "bright_median_rent": 2.6319224535278325, "bright_listings": 4.0, "dark_median_rent": null, "dark_listings": null }, "geometry": { "type": "Polygon", "coordinates": [ [ [ 116.643553759251333, 39.937769031588758 ], [ 116.641214683889061, 39.933742997298083 ], [ 116.643877826791666, 39.930466758099172 ], [ 116.648879516151041, 39.931216319438995 ], [ 116.65121879770841, 39.935241902974269 ], [ 116.648556183779789, 39.938518375903328 ], [ 116.643553759251333, 39.937769031588758 ] ] ] } },
{ "type": "Feature", "properties": { "h3_id": "8831aa4d4bfffff", "bright_median_rent": 4.55, "bright_listings": 6.0, "dark_median_rent": null, "dark_listings": null }, "geometry": { "type": "Polygon", "coordinates": [ [ [ 116.350304854614023, 39.746120438022984 ], [ 116.347986856708346, 39.742083431224252 ], [ 116.350671019111488, 39.738816636270847 ], [ 116.355672657322671, 39.739586609735369 ], [ 116.357990867883984, 39.743623165927389 ], [ 116.355307227647032, 39.746890199240127 ], [ 116.350304854614023, 39.746120438022984 ] ] ] } },
{ "type": "Feature", "properties": { "h3_id": "8831aa5a51fffff", "bright_median_rent": 4.0, "bright_listings": 1.0, "dark_median_rent": null, "dark_listings": null }, "geometry": { "type": "Polygon", "coordinates": [ [ [ 116.195773980019069, 39.947292637040455 ], [ 116.193453476587479, 39.94324331283849 ], [ 116.196164566535529, 39.939965440966049 ], [ 116.201195635275056, 39.940736653602656 ], [ 116.203516357299193, 39.944785526093455 ], [ 116.200805792061018, 39.948063637637468 ], [ 116.195773980019069, 39.947292637040455 ] ] ] } },
{ "type": "Feature", "properties": { "h3_id": "8831aaccc1fffff", "bright_median_rent": 25.0, "bright_listings": 1.0, "dark_median_rent": null, "dark_listings": null }, "geometry": { "type": "Polygon", "coordinates": [ [ [ 116.430619435178698, 40.115795839568449 ], [ 116.428281225496264, 40.111755022548202 ], [ 116.430976286660368, 40.108468761407288 ], [ 116.436009027011494, 40.109223081360689 ], [ 116.438347450214621, 40.113263446475827 ], [ 116.435652919615706, 40.116549943521036 ], [ 116.430619435178698, 40.115795839568449 ] ] ] } },
{ "type": "Feature", "properties": { "h3_id": "8831aa40d1fffff", "bright_median_rent": 6.8801960784313732, "bright_listings": 2.0, "dark_median_rent": null, "dark_listings": null }, "geometry": { "type": "Polygon", "coordinates": [ [ [ 116.411923383802858, 39.877037037292325 ], [ 116.409596848295166, 39.87300035157012 ], [ 116.412281345672298, 39.869726724536193 ], [ 116.417291853173467, 39.870489546151482 ], [ 116.419618600732477, 39.874525780866868 ], [ 116.416934628807866, 39.877799644952255 ], [ 116.411923383802858, 39.877037037292325 ] ] ] } },
{ "type": "Feature", "properties": { "h3_id": "8831aa0d29fffff", "bright_median_rent": 1.75, "bright_listings": 1.0, "dark_median_rent": null, "dark_listings": null }, "geometry": { "type": "Polygon", "coordinates": [ [ [ 116.695908698078284, 39.949273976902369 ], [ 116.693566899627214, 39.945250404889912 ], [ 116.696225095682536, 39.941973703494973 ], [ 116.701224560540325, 39.94272034110422 ], [ 116.703566563844831, 39.946743462432217 ], [ 116.700908897506451, 39.950020396813592 ], [ 116.695908698078284, 39.949273976902369 ] ] ] } },
{ "type": "Feature", "properties": { "h3_id": "8831aa41c9fffff", "bright_median_rent": 6.3128787878787875, "bright_listings": 3.0, "dark_median_rent": 5.83, "dark_listings": 1.0 }, "geometry": { "type": "Polygon", "coordinates": [ [ [ 116.337463465670993, 39.850939077296381 ], [ 116.335141273353855, 39.846899121177877 ], [ 116.337832283307321, 39.843626698952271 ], [ 116.342844961471442, 39.844393994682399 ], [ 116.34516736766723, 39.848433499747685 ], [ 116.342476881889198, 39.851706160114546 ], [ 116.337463465670993, 39.850939077296381 ] ] ] } },
{ "type": "Feature", "properties": { "h3_id": "8831aa0d15fffff", "bright_median_rent": 1.41, "bright_listings": 1.0, "dark_median_rent": null, "dark_listings": null }, "geometry": { "type": "Polygon", "coordinates": [ [ [ 116.725906184547043, 39.953748477340163 ], [ 116.723562924720525, 39.949726362593253 ], [ 116.726218175741593, 39.946449511042516 ], [ 116.731216156560123, 39.947194541648713 ], [ 116.733559620454514, 39.951216205761 ], [ 116.730904899530785, 39.954493289879871 ], [ 116.725906184547043, 39.953748477340163 ] ] ] } },
{ "type": "Feature", "properties": { "h3_id": "8831aad0b3fffff", "bright_median_rent": 20.0, "bright_listings": 1.0, "dark_median_rent": null, "dark_listings": null }, "geometry": { "type": "Polygon", "coordinates": [ [ [ 116.336593113510062, 40.319819664163937 ], [ 116.334249583856717, 40.315769756622885 ], [ 116.336965455923703, 40.31247252560388 ], [ 116.342024323854176, 40.313224965712401 ], [ 116.344368071365196, 40.317274420378446 ], [ 116.34165273315898, 40.32057188778942 ], [ 116.336593113510062, 40.319819664163937 ] ] ] } },
{ "type": "Feature", "properties": { "h3_id": "8831aa030bfffff", "bright_median_rent": 4.17, "bright_listings": 1.0, "dark_median_rent": 6.083333333333333, "dark_listings": 2.0 }, "geometry": { "type": "Polygon", "coordinates": [ [ [ 116.657528478496857, 40.134828214943383 ], [ 116.655179771380205, 40.130798720443288 ], [ 116.657851723914092, 40.127512036871344 ], [ 116.662871850425816, 40.128254614985309 ], [ 116.665220764948842, 40.132283657991373 ], [ 116.662549345622992, 40.135570574355654 ], [ 116.657528478496857, 40.134828214943383 ] ] ] } },
{ "type": "Feature", "properties": { "h3_id": "8831aa7843fffff", "bright_median_rent": 17.333333333333332, "bright_listings": 1.0, "dark_median_rent": null, "dark_listings": null }, "geometry": { "type": "Polygon", "coordinates": [ [ [ 116.560531021830073, 39.770924266524304 ], [ 116.558203038342498, 39.766897557371728 ], [ 116.560866282867451, 39.763630001329744 ], [ 116.565856986212381, 39.76438891895107 ], [ 116.568185176817536, 39.768415177833205 ], [ 116.565522457028237, 39.77168296934277 ], [ 116.560531021830073, 39.770924266524304 ] ] ] } },
{ "type": "Feature", "properties": { "h3_id": "8831aa48d3fffff", "bright_median_rent": 5.19, "bright_listings": 1.0, "dark_median_rent": null, "dark_listings": null }, "geometry": { "type": "Polygon", "coordinates": [ [ [ 116.319544069529343, 39.756108078277997 ], [ 116.317226924556749, 39.752069268798131 ], [ 116.319914859582695, 39.748801862652947 ], [ 116.324919417587054, 39.749573027234625 ], [ 116.327236776139699, 39.753611386006156 ], [ 116.324549363176615, 39.756879030882921 ], [ 116.319544069529343, 39.756108078277997 ] ] ] } },
{ "type": "Feature", "properties": { "h3_id": "8831aa4e67fffff", "bright_median_rent": 5.0, "bright_listings": 1.0, "dark_median_rent": null, "dark_listings": null }, "geometry": { "type": "Polygon", "coordinates": [ [ [ 116.377780225758229, 39.80186861985365 ], [ 116.375458544084736, 39.797831807859879 ], [ 116.378142718405499, 39.794562103971337 ], [ 116.383148050893084, 39.795328974268337 ], [ 116.38546994493197, 39.799365335486229 ], [ 116.382786294186559, 39.802635277161478 ], [ 116.377780225758229, 39.80186861985365 ] ] ] } },
{ "type": "Feature", "properties": { "h3_id": "8831aa705dfffff", "bright_median_rent": 5.5555555555555554, "bright_listings": 3.0, "dark_median_rent": null, "dark_listings": null }, "geometry": { "type": "Polygon", "coordinates": [ [ [ 116.668146000378073, 39.893690627088461 ], [ 116.665807909502391, 39.889666813663197 ], [ 116.668466154885493, 39.886392999493332 ], [ 116.673461962912896, 39.887142765158337 ], [ 116.675800258955988, 39.891166128057229 ], [ 116.67314254187248, 39.894440175795708 ], [ 116.668146000378073, 39.893690627088461 ] ] ] } },
{ "type": "Feature", "properties": { "h3_id": "8831aacd9bfffff", "bright_median_rent": 4.805, "bright_listings": 4.0, "dark_median_rent": 5.56, "dark_listings": 1.0 }, "geometry": { "type": "Polygon", "coordinates": [ [ [ 116.417670437623727, 40.069573969965816 ], [ 116.415334892027843, 40.06553346069542 ], [ 116.418028892969886, 40.062249615874762 ], [ 116.423057910100411, 40.063006044050937 ], [ 116.425393669189219, 40.067046101568856 ], [ 116.422700197724225, 40.070330182641499 ], [ 116.417670437623727, 40.069573969965816 ] ] ] } },
{ "type": "Feature", "properties": { "h3_id": "8831aa0315fffff", "bright_median_rent": 7.9116666666666671, "bright_listings": 2.0, "dark_median_rent": null, "dark_listings": null }, "geometry": { "type": "Polygon", "coordinates": [ [ [ 116.66554285246842, 40.124968087609417 ], [ 116.663194261126677, 40.120939214913697 ], [ 116.665864846015594, 40.117653076587423 ], [ 116.670883489235294, 40.118395578212372 ], [ 116.673232287682211, 40.122423999469916 ], [ 116.670562235873376, 40.125710370518803 ], [ 116.66554285246842, 40.124968087609417 ] ] ] } },
{ "type": "Feature", "properties": { "h3_id": "8831aa5253fffff", "bright_median_rent": 6.945555555555555, "bright_listings": 2.0, "dark_median_rent": 11.111111111111111, "dark_listings": 3.0 }, "geometry": { "type": "Polygon", "coordinates": [ [ [ 116.303873051530957, 40.063482248084902 ], [ 116.301542643575686, 40.059436005088934 ], [ 116.304248405702594, 40.05615221659356 ], [ 116.30928404765352, 40.056914433276674 ], [ 116.311614672198587, 40.06096022431516 ], [ 116.308909438272934, 40.064244250606571 ], [ 116.303873051530957, 40.063482248084902 ] ] ] } },
{ "type": "Feature", "properties": { "h3_id": "8831aa4467fffff", "bright_median_rent": 6.42, "bright_listings": 3.0, "dark_median_rent": null, "dark_listings": null }, "geometry": { "type": "Polygon", "coordinates": [ [ [ 116.480424450797557, 39.869042012401017 ], [ 116.478095380326465, 39.865009032362543 ], [ 116.480772209050429, 39.861736009977179 ], [ 116.485777582348334, 39.862495731440902 ], [ 116.488106862926003, 39.866528260646106 ], [ 116.485430560167813, 39.86980151919925 ], [ 116.480424450797557, 39.869042012401017 ] ] ] } },
{ "type": "Feature", "properties": { "h3_id": "8831aa4663fffff", "bright_median_rent": 6.3888888888888893, "bright_listings": 4.0, "dark_median_rent": 10.0, "dark_listings": 1.0 }, "geometry": { "type": "Polygon", "coordinates": [ [ [ 116.485330401128749, 39.924991826962184 ], [ 116.48299857717997, 39.920957892710099 ], [ 116.485677812325477, 39.917681900376117 ], [ 116.490688344323871, 39.918439606380346 ], [ 116.493020378703974, 39.922473089587342 ], [ 116.49034167072324, 39.925749317813541 ], [ 116.485330401128749, 39.924991826962184 ] ] ] } },
{ "type": "Feature", "properties": { "h3_id": "8831aa1ab3fffff", "bright_median_rent": 2.3, "bright_listings": 3.0, "dark_median_rent": null, "dark_listings": null }, "geometry": { "type": "Polygon", "coordinates": [ [ [ 116.612329493672334, 40.12813483386396 ], [ 116.609983003728331, 40.124103141718734 ], [ 116.612659407674883, 40.12081669026545 ], [ 116.617681769008797, 40.121561697511815 ], [ 116.620028467552132, 40.125592938089525 ], [ 116.617352596231498, 40.128879622966565 ], [ 116.612329493672334, 40.12813483386396 ] ] ] } },
{ "type": "Feature", "properties": { "h3_id": "8831aa4b01fffff", "bright_median_rent": 3.0, "bright_listings": 5.0, "dark_median_rent": null, "dark_listings": null }, "geometry": { "type": "Polygon", "coordinates": [ [ [ 116.189682978308056, 39.776581669578285 ], [ 116.187370437654181, 39.772535734322794 ], [ 116.190073172394492, 39.769266926315943 ], [ 116.195087926687592, 39.770043813160314 ], [ 116.197400684652706, 39.774089297373415 ], [ 116.194698471082589, 39.777358345763218 ], [ 116.189682978308056, 39.776581669578285 ] ] ] } },
{ "type": "Feature", "properties": { "h3_id": "8831aa5a55fffff", "bright_median_rent": 6.0, "bright_listings": 3.0, "dark_median_rent": null, "dark_listings": null }, "geometry": { "type": "Polygon", "coordinates": [ [ [ 116.18842167325532, 39.942471798236632 ], [ 116.186101703231373, 39.938422199822305 ], [ 116.188813317715258, 39.935144567737247 ], [ 116.193844377757088, 39.935916294257794 ], [ 116.196164566535529, 39.939965440966049 ], [ 116.193453476587479, 39.94324331283849 ], [ 116.18842167325532, 39.942471798236632 ] ] ] } },
{ "type": "Feature", "properties": { "h3_id": "8831aa46c3fffff", "bright_median_rent": 6.0, "bright_listings": 7.0, "dark_median_rent": null, "dark_listings": null }, "geometry": { "type": "Polygon", "coordinates": [ [ [ 116.553468011780012, 39.924234913926327 ], [ 116.551133345228223, 39.92020451390507 ], [ 116.55380532381821, 39.916928744543895 ], [ 116.558811441210324, 39.917683140197177 ], [ 116.561146316317178, 39.921713089320747 ], [ 116.558474865545563, 39.924989093667037 ], [ 116.553468011780012, 39.924234913926327 ] ] ] } },
{ "type": "Feature", "properties": { "h3_id": "8831aa4f21fffff", "bright_median_rent": 6.635, "bright_listings": 10.0, "dark_median_rent": null, "dark_listings": null }, "geometry": { "type": "Polygon", "coordinates": [ [ [ 116.334559225691805, 39.758420127855608 ], [ 116.332241339604948, 39.754382040530224 ], [ 116.334927809011191, 39.751114548348696 ], [ 116.339931642313275, 39.751884904947886 ], [ 116.342249741588518, 39.755922541585477 ], [ 116.339563794441972, 39.759190272290226 ], [ 116.334559225691805, 39.758420127855608 ] ] ] } },
{ "type": "Feature", "properties": { "h3_id": "8831aa40e1fffff", "bright_median_rent": 4.666666666666667, "bright_listings": 1.0, "dark_median_rent": null, "dark_listings": null }, "geometry": { "type": "Polygon", "coordinates": [ [ [ 116.374876488441814, 39.860341220253154 ], [ 116.372552281403344, 39.856302987027696 ], [ 116.375239825104501, 39.85303015634868 ], [ 116.380251051171399, 39.853795321265878 ], [ 116.382575471139631, 39.857833103475684 ], [ 116.379888452180168, 39.861106171762408 ], [ 116.374876488441814, 39.860341220253154 ] ] ] } },
{ "type": "Feature", "properties": { "h3_id": "8831aa4569fffff", "bright_median_rent": 5.9906759906759905, "bright_listings": 4.0, "dark_median_rent": null, "dark_listings": null }, "geometry": { "type": "Polygon", "coordinates": [ [ [ 116.428378765410471, 39.850088771701941 ], [ 116.426052756187005, 39.846053518108853 ], [ 116.428734101409432, 39.842781370395706 ], [ 116.433740930860765, 39.843544239321339 ], [ 116.436067151461558, 39.847579042048757 ], [ 116.433386331302415, 39.850851426694646 ], [ 116.428378765410471, 39.850088771701941 ] ] ] } },
{ "type": "Feature", "properties": { "h3_id": "8831aa45abfffff", "bright_median_rent": 6.8796992481203008, "bright_listings": 12.0, "dark_median_rent": null, "dark_listings": null }, "geometry": { "type": "Polygon", "coordinates": [ [ [ 116.498203638345743, 39.812892740107806 ], [ 116.495876369308789, 39.808861896822684 ], [ 116.498548386394177, 39.805591921185325 ], [ 116.503547147596393, 39.806352552670425 ], [ 116.505874625793808, 39.810382945383928 ], [ 116.503203133696886, 39.813653157162349 ], [ 116.498203638345743, 39.812892740107806 ] ] ] } },
{ "type": "Feature", "properties": { "h3_id": "8831aac9d1fffff", "bright_median_rent": 1.6, "bright_listings": 1.0, "dark_median_rent": null, "dark_listings": null }, "geometry": { "type": "Polygon", "coordinates": [ [ [ 116.241879064183848, 40.08365300760056 ], [ 116.239550397443892, 40.079603148046495 ], [ 116.242263810621779, 40.076318156520216 ], [ 116.247305362626392, 40.077082785977751 ], [ 116.249634247845407, 40.081132193375119 ], [ 116.246921362651022, 40.084417423450247 ], [ 116.241879064183848, 40.08365300760056 ] ] ] } },
{ "type": "Feature", "properties": { "h3_id": "8831aac937fffff", "bright_median_rent": 2.4047619047619047, "bright_listings": 1.0, "dark_median_rent": null, "dark_listings": null }, "geometry": { "type": "Polygon", "coordinates": [ [ [ 116.182139786213185, 40.059784477282626 ], [ 116.179814772740031, 40.055732052112347 ], [ 116.18253326511406, 40.052448196039045 ], [ 116.187576244154911, 40.053216525679112 ], [ 116.189901477559872, 40.057268498671569 ], [ 116.187183512062518, 40.060552594180464 ], [ 116.182139786213185, 40.059784477282626 ] ] ] } },
{ "type": "Feature", "properties": { "h3_id": "8831aa46d9fffff", "bright_median_rent": 2.8011204481792715, "bright_listings": 15.0, "dark_median_rent": 3.0, "dark_listings": 1.0 }, "geometry": { "type": "Polygon", "coordinates": [ [ [ 116.568152635693437, 39.933802732681031 ], [ 116.565816913515292, 39.929772885623002 ], [ 116.568487836298075, 39.926496646407728 ], [ 116.573493953168295, 39.92725001947592 ], [ 116.575829883576617, 39.931279415629952 ], [ 116.573159488953181, 39.934555889598073 ], [ 116.568152635693437, 39.933802732681031 ] ] ] } },
{ "type": "Feature", "properties": { "h3_id": "8831aa50c5fffff", "bright_median_rent": 5.5555555555555554, "bright_listings": 3.0, "dark_median_rent": 5.5555555555555554, "dark_listings": 4.0 }, "geometry": { "type": "Polygon", "coordinates": [ [ [ 116.322707780010262, 39.992498921445986 ], [ 116.320379795148682, 39.988455157913648 ], [ 116.323079812283794, 39.985175173651356 ], [ 116.328107287420323, 39.985938715089809 ], [ 116.330435487752283, 39.989982026979362 ], [ 116.327735997546952, 39.993262249051774 ], [ 116.322707780010262, 39.992498921445986 ] ] ] } },
{ "type": "Feature", "properties": { "h3_id": "8831aa4283fffff", "bright_median_rent": 8.0, "bright_listings": 9.0, "dark_median_rent": null, "dark_listings": null }, "geometry": { "type": "Polygon", "coordinates": [ [ [ 116.402788958862345, 39.908797487181992 ], [ 116.400461368409395, 39.904759644791262 ], [ 116.403148497616826, 39.901484302784446 ], [ 116.40816269133289, 39.902246566092259 ], [ 116.410490494351166, 39.906283957331354 ], [ 116.407803891157073, 39.909559536392713 ], [ 116.402788958862345, 39.908797487181992 ] ] ] } },
{ "type": "Feature", "properties": { "h3_id": "8831aa462dfffff", "bright_median_rent": 6.5, "bright_listings": 2.0, "dark_median_rent": null, "dark_listings": null }, "geometry": { "type": "Polygon", "coordinates": [ [ [ 116.478335776253573, 39.912889923658888 ], [ 116.4760047991888, 39.90885588898059 ], [ 116.478684141877622, 39.905580523037287 ], [ 116.48369393485342, 39.906338955719569 ], [ 116.486025122442129, 39.910372539386067 ], [ 116.483346306599898, 39.91364814136044 ], [ 116.478335776253573, 39.912889923658888 ] ] ] } },
{ "type": "Feature", "properties": { "h3_id": "8831aa42dbfffff", "bright_median_rent": 6.0, "bright_listings": 1.0, "dark_median_rent": null, "dark_listings": null }, "geometry": { "type": "Polygon", "coordinates": [ [ [ 116.416760430037201, 39.933023847190682 ], [ 116.414431145521007, 39.928986203484094 ], [ 116.417118065482441, 39.925709607141698 ], [ 116.42213374337878, 39.926470417706909 ], [ 116.424463240277092, 39.930507610194539 ], [ 116.421776846966026, 39.933784443314337 ], [ 116.416760430037201, 39.933023847190682 ] ] ] } },
{ "type": "Feature", "properties": { "h3_id": "8831aa7a27fffff", "bright_median_rent": 7.0019833891161518, "bright_listings": 2.0, "dark_median_rent": null, "dark_listings": null }, "geometry": { "type": "Polygon", "coordinates": [ [ [ 116.544880044056669, 39.783238076487038 ], [ 116.542552158249663, 39.779210289776536 ], [ 116.545217696863375, 39.775942029946485 ], [ 116.55021059651618, 39.776701321175281 ], [ 116.552538689967406, 39.780728657532251 ], [ 116.549873676189748, 39.783997152992313 ], [ 116.544880044056669, 39.783238076487038 ] ] ] } },
{ "type": "Feature", "properties": { "h3_id": "8831aa4625fffff", "bright_median_rent": 5.0, "bright_listings": 7.0, "dark_median_rent": null, "dark_listings": null }, "geometry": { "type": "Polygon", "coordinates": [ [ [ 116.478684141877622, 39.905580523037287 ], [ 116.476353482793783, 39.901546663850603 ], [ 116.479032406162759, 39.898271688349993 ], [ 116.484041461984603, 39.899030335960518 ], [ 116.486372331522716, 39.903063744165088 ], [ 116.48369393485342, 39.906338955719569 ], [ 116.478684141877622, 39.905580523037287 ] ] ] } },
{ "type": "Feature", "properties": { "h3_id": "8831aa5a39fffff", "bright_median_rent": 6.41, "bright_listings": 4.0, "dark_median_rent": null, "dark_listings": null }, "geometry": { "type": "Polygon", "coordinates": [ [ [ 116.189596264005075, 39.920491808399753 ], [ 116.187277237213095, 39.916442743234718 ], [ 116.189987565934743, 39.913166279911017 ], [ 116.19501639741938, 39.913938641877905 ], [ 116.197335642746097, 39.917987255425963 ], [ 116.194625838123201, 39.921263958602786 ], [ 116.189596264005075, 39.920491808399753 ] ] ] } },
{ "type": "Feature", "properties": { "h3_id": "8831aa4523fffff", "bright_median_rent": 4.666666666666667, "bright_listings": 1.0, "dark_median_rent": null, "dark_listings": null }, "geometry": { "type": "Polygon", "coordinates": [ [ [ 116.444812624186156, 39.823152297886992 ], [ 116.442487142243309, 39.819118476973081 ], [ 116.445165340816331, 39.815847810091562 ], [ 116.450168496726747, 39.816610727288037 ], [ 116.452494189374875, 39.82064409747781 ], [ 116.449816515475931, 39.823915001173688 ], [ 116.444812624186156, 39.823152297886992 ] ] ] } },
{ "type": "Feature", "properties": { "h3_id": "8831aa400bfffff", "bright_median_rent": 8.06, "bright_listings": 1.0, "dark_median_rent": null, "dark_listings": null }, "geometry": { "type": "Polygon", "coordinates": [ [ [ 116.351035504543461, 39.882492152044378 ], [ 116.348711305919949, 39.878452211256757 ], [ 116.3514025351393, 39.875178141471388 ], [ 116.356417438094283, 39.875943774609311 ], [ 116.358741850486709, 39.879983264245141 ], [ 116.356051146224317, 39.883257571873393 ], [ 116.351035504543461, 39.882492152044378 ] ] ] } },
{ "type": "Feature", "properties": { "h3_id": "8831aa451bfffff", "bright_median_rent": 3.67, "bright_listings": 1.0, "dark_median_rent": null, "dark_listings": null }, "geometry": { "type": "Polygon", "coordinates": [ [ [ 116.481467422377776, 39.847125706212871 ], [ 116.479139304041851, 39.843093255013748 ], [ 116.481814877540259, 39.839821405216938 ], [ 116.48681804391687, 39.840581770361602 ], [ 116.48914637215114, 39.844613770817006 ], [ 116.48647132417895, 39.847885856849828 ], [ 116.481467422377776, 39.847125706212871 ] ] ] } },
{ "type": "Feature", "properties": { "h3_id": "8831aa56a1fffff", "bright_median_rent": 5.0, "bright_listings": 1.0, "dark_median_rent": null, "dark_listings": null }, "geometry": { "type": "Polygon", "coordinates": [ [ [ 116.481153566436717, 40.012754999355735 ], [ 116.478817917066436, 40.008718971080256 ], [ 116.481502194042761, 40.005438299152267 ], [ 116.486521591523996, 40.006193419860672 ], [ 116.488857452163643, 40.010228996736913 ], [ 116.486173704121924, 40.013509904282323 ], [ 116.481153566436717, 40.012754999355735 ] ] ] } },
{ "type": "Feature", "properties": { "h3_id": "8831aa0ad9fffff", "bright_median_rent": 3.33, "bright_listings": 1.0, "dark_median_rent": null, "dark_listings": null }, "geometry": { "type": "Polygon", "coordinates": [ [ [ 116.668758565958044, 40.051843177427912 ], [ 116.666413201570919, 40.047816014089243 ], [ 116.66907962203824, 40.044533769613267 ], [ 116.674090875375526, 40.045278455495165 ], [ 116.676436446186912, 40.049305167686555 ], [ 116.673770557305616, 40.052587645121491 ], [ 116.668758565958044, 40.051843177427912 ] ] ] } },
{ "type": "Feature", "properties": { "h3_id": "8831aa09a5fffff", "bright_median_rent": 3.01, "bright_listings": 4.0, "dark_median_rent": null, "dark_listings": null }, "geometry": { "type": "Polygon", "coordinates": [ [ [ 116.583838344403148, 39.92145108620069 ], [ 116.581502525550007, 39.917422315211361 ], [ 116.584171142405467, 39.914146778051837 ], [ 116.589175050125377, 39.914899777269952 ], [ 116.591511076678202, 39.918928097438005 ], [ 116.588842987879985, 39.922203869187477 ], [ 116.583838344403148, 39.92145108620069 ] ] ] } },
{ "type": "Feature", "properties": { "h3_id": "8831aa0919fffff", "bright_median_rent": 4.0, "bright_listings": 10.0, "dark_median_rent": null, "dark_listings": null }, "geometry": { "type": "Polygon", "coordinates": [ [ [ 116.574158187679927, 39.967815280290914 ], [ 116.571820658538726, 39.963785014245275 ], [ 116.574492721481022, 39.960506979098959 ], [ 116.579501784712321, 39.961258975432614 ], [ 116.581839522195878, 39.965288790453087 ], [ 116.579167988174561, 39.968567060143386 ], [ 116.574158187679927, 39.967815280290914 ] ] ] } },
{ "type": "Feature", "properties": { "h3_id": "8831aa4ed9fffff", "bright_median_rent": 5.0, "bright_listings": 2.0, "dark_median_rent": null, "dark_listings": null }, "geometry": { "type": "Polygon", "coordinates": [ [ [ 116.467852290930054, 39.815627270682057 ], [ 116.465526177563774, 39.811594801862597 ], [ 116.468201546669377, 39.808324598147152 ], [ 116.473202504462918, 39.809086626694103 ], [ 116.475528827842211, 39.813118644867423 ], [ 116.472853983483375, 39.816389085118281 ], [ 116.467852290930054, 39.815627270682057 ] ] ] } },
{ "type": "Feature", "properties": { "h3_id": "8831aa5587fffff", "bright_median_rent": 8.3333333333333339, "bright_listings": 6.0, "dark_median_rent": null, "dark_listings": null }, "geometry": { "type": "Polygon", "coordinates": [ [ [ 116.446855266629839, 39.937583373220043 ], [ 116.44452449831968, 39.933547183352424 ], [ 116.447208468871807, 39.93027042075795 ], [ 116.45222268075976, 39.931029611650906 ], [ 116.45455366066227, 39.935065350343514 ], [ 116.45187021715347, 39.938342349296562 ], [ 116.446855266629839, 39.937583373220043 ] ] ] } },
{ "type": "Feature", "properties": { "h3_id": "8831aa4359fffff", "bright_median_rent": 7.5019607843137246, "bright_listings": 2.0, "dark_median_rent": null, "dark_listings": null }, "geometry": { "type": "Polygon", "coordinates": [ [ [ 116.303639421012235, 39.919498692170102 ], [ 116.301315562889044, 39.915455512706274 ], [ 116.304013756623505, 39.912179360299433 ], [ 116.309035283312156, 39.91294614899801 ], [ 116.311359356817846, 39.916988877069038 ], [ 116.308661688321735, 39.920265267812816 ], [ 116.303639421012235, 39.919498692170102 ] ] ] } },
{ "type": "Feature", "properties": { "h3_id": "8831aa51c7fffff", "bright_median_rent": 5.0, "bright_listings": 2.0, "dark_median_rent": null, "dark_listings": null }, "geometry": { "type": "Polygon", "coordinates": [ [ [ 116.278957063697973, 39.956317473518183 ], [ 116.276632590123782, 39.95227223264002 ], [ 116.279335338898363, 39.94899406724543 ], [ 116.284362035573452, 39.949760904178611 ], [ 116.286686725520568, 39.953805693470109 ], [ 116.283984502489218, 39.95708409739364 ], [ 116.278957063697973, 39.956317473518183 ] ] ] } },
{ "type": "Feature", "properties": { "h3_id": "8831aa560dfffff", "bright_median_rent": 4.17, "bright_listings": 3.0, "dark_median_rent": null, "dark_listings": null }, "geometry": { "type": "Polygon", "coordinates": [ [ [ 116.433827349165696, 40.049872359620359 ], [ 116.431492015276064, 40.045833100918635 ], [ 116.434183263993731, 40.042550339968116 ], [ 116.43920931743952, 40.043306601587545 ], [ 116.441544864211593, 40.047345408646699 ], [ 116.438854144724942, 40.050628405707378 ], [ 116.433827349165696, 40.049872359620359 ] ] ] } },
{ "type": "Feature", "properties": { "h3_id": "8831aa4291fffff", "bright_median_rent": 7.9298245614035086, "bright_listings": 4.0, "dark_median_rent": null, "dark_listings": null }, "geometry": { "type": "Polygon", "coordinates": [ [ [ 116.417833024053053, 39.911082824827105 ], [ 116.415504691539468, 39.907045708646308 ], [ 116.418190347269302, 39.903770282908432 ], [ 116.423203809371657, 39.90453173648455 ], [ 116.425532354056045, 39.908568401535462 ], [ 116.422847224536298, 39.911844064118583 ], [ 116.417833024053053, 39.911082824827105 ] ] ] } },
{ "type": "Feature", "properties": { "h3_id": "8831aa50a1fffff", "bright_median_rent": 8.9444444444444446, "bright_listings": 12.0, "dark_median_rent": null, "dark_listings": null }, "geometry": { "type": "Polygon", "coordinates": [ [ [ 116.324195258229096, 39.963207321361011 ], [ 116.321868540488751, 39.959164261033784 ], [ 116.324566856743886, 39.955885834877677 ], [ 116.329591364466296, 39.956650231127604 ], [ 116.331918297389848, 39.96069283993014 ], [ 116.329220507477302, 39.963971503985988 ], [ 116.324195258229096, 39.963207321361011 ] ] ] } },
{ "type": "Feature", "properties": { "h3_id": "8831aa18a7fffff", "bright_median_rent": 3.5, "bright_listings": 3.0, "dark_median_rent": null, "dark_listings": null }, "geometry": { "type": "Polygon", "coordinates": [ [ [ 116.584524161964069, 40.072436036070989 ], [ 116.582181405022851, 40.068404080225122 ], [ 116.584857842469646, 40.065120509565396 ], [ 116.58987650573421, 40.065868660721314 ], [ 116.592219471586432, 40.069900165155076 ], [ 116.589543565332221, 40.073183969823283 ], [ 116.584524161964069, 40.072436036070989 ] ] ] } },
{ "type": "Feature", "properties": { "h3_id": "8831aa4f4bfffff", "bright_median_rent": 8.5, "bright_listings": 7.0, "dark_median_rent": null, "dark_listings": null }, "geometry": { "type": "Polygon", "coordinates": [ [ [ 116.347738723767861, 39.797263018106392 ], [ 116.345418523795914, 39.793224759425144 ], [ 116.34810563343072, 39.789955225601744 ], [ 116.353112419923903, 39.790723712234346 ], [ 116.35543283304591, 39.794761520097744 ], [ 116.352746246593455, 39.798031292124946 ], [ 116.347738723767861, 39.797263018106392 ] ] ] } },
{ "type": "Feature", "properties": { "h3_id": "8831aa405dfffff", "bright_median_rent": 7.4074074074074074, "bright_listings": 5.0, "dark_median_rent": null, "dark_listings": null }, "geometry": { "type": "Polygon", "coordinates": [ [ [ 116.350301122761678, 39.897121875083208 ], [ 116.347976292028761, 39.893081580384212 ], [ 116.350668367099814, 39.889806729972761 ], [ 116.3556847477237, 39.890571936440715 ], [ 116.358009792367753, 39.89461177992834 ], [ 116.355318242545948, 39.897886868137917 ], [ 116.350301122761678, 39.897121875083208 ] ] ] } },
{ "type": "Feature", "properties": { "h3_id": "8831aa5a03fffff", "bright_median_rent": 5.05, "bright_listings": 3.0, "dark_median_rent": null, "dark_listings": null }, "geometry": { "type": "Polygon", "coordinates": [ [ [ 116.18920484794856, 39.927817904400037 ], [ 116.18688550683045, 39.923768661372073 ], [ 116.189596264005075, 39.920491808399753 ], [ 116.194625838123201, 39.921263958602786 ], [ 116.196945397849277, 39.925312749984059 ], [ 116.194235164919007, 39.928589842787623 ], [ 116.18920484794856, 39.927817904400037 ] ] ] } },
{ "type": "Feature", "properties": { "h3_id": "8831aa7a65fffff", "bright_median_rent": 8.0, "bright_listings": 3.0, "dark_median_rent": 9.8, "dark_listings": 1.0 }, "geometry": { "type": "Polygon", "coordinates": [ [ [ 116.52887753962429, 39.802852721202441 ], [ 116.526549435326231, 39.798823680046269 ], [ 116.529217686240031, 39.795554325706924 ], [ 116.534213516437802, 39.796313776732333 ], [ 116.536541828976226, 39.80034236742204 ], [ 116.533874103144754, 39.803611957531189 ], [ 116.52887753962429, 39.802852721202441 ] ] ] } },
{ "type": "Feature", "properties": { "h3_id": "8831aa4707fffff", "bright_median_rent": 4.7222222222222223, "bright_listings": 1.0, "dark_median_rent": 6.67, "dark_listings": 1.0 }, "geometry": { "type": "Polygon", "coordinates": [ [ [ 116.44932552470749, 39.886404588727942 ], [ 116.446996979705006, 39.882369628922099 ], [ 116.449678008162195, 39.879095598796233 ], [ 116.454687055675137, 39.879856291937074 ], [ 116.457015811779797, 39.883890800775859 ], [ 116.45433530933812, 39.887165067419261 ], [ 116.44932552470749, 39.886404588727942 ] ] ] } },
{ "type": "Feature", "properties": { "h3_id": "8831aa51e5fffff", "bright_median_rent": 4.0, "bright_listings": 1.0, "dark_median_rent": null, "dark_listings": null }, "geometry": { "type": "Polygon", "coordinates": [ [ [ 116.256902964645249, 39.941877972809955 ], [ 116.254580088324829, 39.937831907433122 ], [ 116.257284413289099, 39.934554458321095 ], [ 116.262311089420251, 39.935322835687707 ], [ 116.264634182599991, 39.939368449491887 ], [ 116.261930382858907, 39.942646137480722 ], [ 116.256902964645249, 39.941877972809955 ] ] ] } },
{ "type": "Feature", "properties": { "h3_id": "8831aa429dfffff", "bright_median_rent": 10.06006006006006, "bright_listings": 4.0, "dark_median_rent": null, "dark_listings": null }, "geometry": { "type": "Polygon", "coordinates": [ [ [ 116.410132011267336, 39.913597103729167 ], [ 116.407803891157073, 39.909559536392713 ], [ 116.410490494351166, 39.906283957331354 ], [ 116.415504691539468, 39.907045708646308 ], [ 116.417833024053053, 39.911082824827105 ], [ 116.415146947044022, 39.914358640827068 ], [ 116.410132011267336, 39.913597103729167 ] ] ] } },
{ "type": "Feature", "properties": { "h3_id": "8831aa4665fffff", "bright_median_rent": 9.72, "bright_listings": 1.0, "dark_median_rent": 15.0, "dark_listings": 1.0 }, "geometry": { "type": "Polygon", "coordinates": [ [ [ 116.470295123636305, 39.922717737200585 ], [ 116.467964039329942, 39.918683076075915 ], [ 116.470644748019325, 39.915407165529501 ], [ 116.475656014114463, 39.916165679984665 ], [ 116.47798730924643, 39.920199890041822 ], [ 116.475307127526534, 39.923476036689721 ], [ 116.470295123636305, 39.922717737200585 ] ] ] } },
{ "type": "Feature", "properties": { "h3_id": "8831aa5591fffff", "bright_median_rent": 9.5017793594306035, "bright_listings": 3.0, "dark_median_rent": null, "dark_listings": null }, "geometry": { "type": "Polygon", "coordinates": [ [ [ 116.46924563966094, 39.944652845002153 ], [ 116.466913600844833, 39.940617658329039 ], [ 116.469595569501578, 39.93734057711027 ], [ 116.474609049632591, 39.938098446509954 ], [ 116.476941299483798, 39.94213318202668 ], [ 116.474259858237872, 39.945410499278466 ], [ 116.46924563966094, 39.944652845002153 ] ] ] } },
{ "type": "Feature", "properties": { "h3_id": "8831aa7a69fffff", "bright_median_rent": 13.333333333333334, "bright_listings": 1.0, "dark_median_rent": null, "dark_listings": null }, "geometry": { "type": "Polygon", "coordinates": [ [ [ 116.535863538810929, 39.814939650160589 ], [ 116.533534591323445, 39.810910706319845 ], [ 116.536202733114678, 39.807640724852483 ], [ 116.541199297063415, 39.808399451572889 ], [ 116.543528452698609, 39.812427944913587 ], [ 116.540860836305598, 39.815698162012289 ], [ 116.535863538810929, 39.814939650160589 ] ] ] } },
{ "type": "Feature", "properties": { "h3_id": "8831aa4615fffff", "bright_median_rent": 7.833333333333333, "bright_listings": 1.0, "dark_median_rent": null, "dark_listings": null }, "geometry": { "type": "Polygon", "coordinates": [ [ [ 116.515737330897224, 39.922224095846992 ], [ 116.513404348026214, 39.918191790613498 ], [ 116.516080217733034, 39.914916026392319 ], [ 116.521088542972578, 39.915672331886356 ], [ 116.523421735417472, 39.919704186149765 ], [ 116.520746393117705, 39.922980185867566 ], [ 116.515737330897224, 39.922224095846992 ] ] ] } },
{ "type": "Feature", "properties": { "h3_id": "8831aa423bfffff", "bright_median_rent": 19.43, "bright_listings": 1.0, "dark_median_rent": null, "dark_listings": null }, "geometry": { "type": "Polygon", "coordinates": [ [ [ 116.356910905634734, 39.916558805647654 ], [ 116.35458491197268, 39.912518432228275 ], [ 116.357277307881716, 39.909242563679925 ], [ 116.362295171807943, 39.910006830891987 ], [ 116.364621379361466, 39.914046753036168 ], [ 116.361929509166515, 39.917322859221997 ], [ 116.356910905634734, 39.916558805647654 ] ] ] } },
{ "type": "Feature", "properties": { "h3_id": "8831aa4709fffff", "bright_median_rent": 8.0, "bright_listings": 1.0, "dark_median_rent": null, "dark_listings": null }, "geometry": { "type": "Polygon", "coordinates": [ [ [ 116.448620250104625, 39.901024268203471 ], [ 116.446291070301484, 39.896988956387538 ], [ 116.448972938703193, 39.893714145254656 ], [ 116.453983460668084, 39.894474409443959 ], [ 116.456312851713307, 39.898509270233298 ], [ 116.45363150962045, 39.901784317838342 ], [ 116.448620250104625, 39.901024268203471 ] ] ] } },
{ "type": "Feature", "properties": { "h3_id": "8831aa55dbfffff", "bright_median_rent": 5.65, "bright_listings": 4.0, "dark_median_rent": 12.5, "dark_listings": 1.0 }, "geometry": { "type": "Polygon", "coordinates": [ [ [ 116.46819523851228, 39.966593038343667 ], [ 116.465862244409479, 39.962557327138811 ], [ 116.468545474210813, 39.959279075792509 ], [ 116.473561170331266, 39.960036299664914 ], [ 116.475894375679061, 39.964071559624713 ], [ 116.473211673730461, 39.967350046935536 ], [ 116.46819523851228, 39.966593038343667 ] ] ] } },
{ "type": "Feature", "properties": { "h3_id": "8831aa56a5fffff", "bright_median_rent": 9.03, "bright_listings": 15.0, "dark_median_rent": 15.0, "dark_listings": 16.0 }, "geometry": { "type": "Polygon", "coordinates": [ [ [ 116.473797781149358, 40.007963552900065 ], [ 116.47146266247286, 40.003927247108251 ], [ 116.474147468211811, 40.000646810914134 ], [ 116.479166863933855, 40.001402444756323 ], [ 116.481502194042761, 40.005438299152267 ], [ 116.478817917066436, 40.008718971080256 ], [ 116.473797781149358, 40.007963552900065 ] ] ] } },
{ "type": "Feature", "properties": { "h3_id": "8831aa4b11fffff", "bright_median_rent": 4.0, "bright_listings": 8.0, "dark_median_rent": null, "dark_listings": null }, "geometry": { "type": "Polygon", "coordinates": [ [ [ 116.2124442518801, 39.776417612743508 ], [ 116.210130747203394, 39.772372850484935 ], [ 116.212831067071377, 39.76910410338126 ], [ 116.217844370287295, 39.769879878433905 ], [ 116.220158091649168, 39.773924189693979 ], [ 116.217458293179078, 39.777193176878619 ], [ 116.2124442518801, 39.776417612743508 ] ] ] } },
{ "type": "Feature", "properties": { "h3_id": "8831aa55edfffff", "bright_median_rent": 9.1666666666666661, "bright_listings": 2.0, "dark_median_rent": null, "dark_listings": null }, "geometry": { "type": "Polygon", "coordinates": [ [ [ 116.416044846599576, 39.947654024204098 ], [ 116.413714926985321, 39.943616029378362 ], [ 116.416402690424761, 39.940338652936077 ], [ 116.421419846603428, 39.941099034565873 ], [ 116.423749978740901, 39.945136578113456 ], [ 116.421062742245653, 39.948414191287839 ], [ 116.416044846599576, 39.947654024204098 ] ] ] } },
{ "type": "Feature", "properties": { "h3_id": "8831aa5663fffff", "bright_median_rent": 5.5, "bright_listings": 1.0, "dark_median_rent": null, "dark_listings": null }, "geometry": { "type": "Polygon", "coordinates": [ [ [ 116.42646522263982, 40.045076540677492 ], [ 116.424130420894812, 40.041037004051965 ], [ 116.42682219867072, 40.037754479328157 ], [ 116.431848249202943, 40.038511254981593 ], [ 116.434183263993731, 40.042550339968116 ], [ 116.431492015276064, 40.045833100918635 ], [ 116.42646522263982, 40.045076540677492 ] ] ] } },
{ "type": "Feature", "properties": { "h3_id": "8831aa41edfffff", "bright_median_rent": 5.0698768600436726, "bright_listings": 4.0, "dark_median_rent": null, "dark_listings": null }, "geometry": { "type": "Polygon", "coordinates": [ [ [ 116.315830237718743, 39.829201588792316 ], [ 116.313509948502926, 39.825160991386745 ], [ 116.316202106891225, 39.821889674974607 ], [ 116.321214031049607, 39.822658717436461 ], [ 116.323534534556458, 39.826698863832618 ], [ 116.32084289968283, 39.829970418754904 ], [ 116.315830237718743, 39.829201588792316 ] ] ] } },
{ "type": "Feature", "properties": { "h3_id": "8831aa40d7fffff", "bright_median_rent": 5.0, "bright_listings": 3.0, "dark_median_rent": null, "dark_listings": null }, "geometry": { "type": "Polygon", "coordinates": [ [ [ 116.412281345672298, 39.869726724536193 ], [ 116.409955126828066, 39.865690215474856 ], [ 116.412639203435134, 39.862416979027337 ], [ 116.41764897364915, 39.863180014545641 ], [ 116.419975404474414, 39.867216072629965 ], [ 116.417291853173467, 39.870489546151482 ], [ 116.412281345672298, 39.869726724536193 ] ] ] } },
{ "type": "Feature", "properties": { "h3_id": "8831aa4297fffff", "bright_median_rent": 3.0, "bright_listings": 2.0, "dark_median_rent": null, "dark_listings": null }, "geometry": { "type": "Polygon", "coordinates": [ [ [ 116.418190347269302, 39.903770282908432 ], [ 116.41586233191822, 39.899733342795244 ], [ 116.418547566500038, 39.89645830737993 ], [ 116.42356029043853, 39.897219975188364 ], [ 116.425888517890087, 39.901256464201353 ], [ 116.423203809371657, 39.90453173648455 ], [ 116.418190347269302, 39.903770282908432 ] ] ] } },
{ "type": "Feature", "properties": { "h3_id": "8831aa50ddfffff", "bright_median_rent": 7.6923076923076925, "bright_listings": 13.0, "dark_median_rent": null, "dark_listings": null }, "geometry": { "type": "Polygon", "coordinates": [ [ [ 116.345148451928267, 39.999593363436404 ], [ 116.342819186853589, 39.995550604011179 ], [ 116.345517197700858, 39.992270296034192 ], [ 116.350543946389948, 39.993032509976906 ], [ 116.35287342637514, 39.997074817776145 ], [ 116.350175942830347, 40.000355363237155 ], [ 116.345148451928267, 39.999593363436404 ] ] ] } },
{ "type": "Feature", "properties": { "h3_id": "8831aa55d3fffff", "bright_median_rent": 6.0, "bright_listings": 6.0, "dark_median_rent": null, "dark_listings": null }, "geometry": { "type": "Polygon", "coordinates": [ [ [ 116.468545474210813, 39.959279075792509 ], [ 116.466212798623303, 39.955243539318523 ], [ 116.468895607912202, 39.951965677954099 ], [ 116.473910565152281, 39.952723117054667 ], [ 116.476243451914797, 39.956758202313118 ], [ 116.473561170331266, 39.960036299664914 ], [ 116.468545474210813, 39.959279075792509 ] ] ] } },
{ "type": "Feature", "properties": { "h3_id": "8831aa54c7fffff", "bright_median_rent": 7.708333333333333, "bright_listings": 2.0, "dark_median_rent": null, "dark_listings": null }, "geometry": { "type": "Polygon", "coordinates": [ [ [ 116.489899548453394, 39.988282403033715 ], [ 116.487564645547792, 39.984247348047752 ], [ 116.490246711476729, 39.980967999304013 ], [ 116.495263151864947, 39.981723469931694 ], [ 116.497598265597134, 39.985758073632695 ], [ 116.494916728183597, 39.989037657969291 ], [ 116.489899548453394, 39.988282403033715 ] ] ] } },
{ "type": "Feature", "properties": { "h3_id": "8831aa5a9dfffff", "bright_median_rent": 18.0, "bright_listings": 2.0, "dark_median_rent": null, "dark_listings": null }, "geometry": { "type": "Polygon", "coordinates": [ [ [ 116.250699861230885, 39.915094279973161 ], [ 116.248378462827588, 39.911048471916359 ], [ 116.251082032991278, 39.90777243113569 ], [ 116.256106477015919, 39.908541959331465 ], [ 116.25842809222317, 39.912587315909569 ], [ 116.255725046671373, 39.915863595749215 ], [ 116.250699861230885, 39.915094279973161 ] ] ] } },
{ "type": "Feature", "properties": { "h3_id": "8831aa4239fffff", "bright_median_rent": 8.75, "bright_listings": 3.0, "dark_median_rent": null, "dark_listings": null }, "geometry": { "type": "Polygon", "coordinates": [ [ [ 116.349198747913718, 39.919070711772051 ], [ 116.346872968376374, 39.915029887052121 ], [ 116.349566313215334, 39.911753866156452 ], [ 116.35458491197268, 39.912518432228275 ], [ 116.356910905634734, 39.916558805647654 ], [ 116.354218086483996, 39.919835064274281 ], [ 116.349198747913718, 39.919070711772051 ] ] ] } },
{ "type": "Feature", "properties": { "h3_id": "8831aa5081fffff", "bright_median_rent": 8.0, "bright_listings": 5.0, "dark_median_rent": null, "dark_listings": null }, "geometry": { "type": "Polygon", "coordinates": [ [ [ 116.338531203714922, 39.980142442994975 ], [ 116.336203105199402, 39.976099758295348 ], [ 116.338900793323376, 39.972820466882069 ], [ 116.343926053196981, 39.973583622501792 ], [ 116.346254366642427, 39.977625855638649 ], [ 116.343557205353846, 39.980905384697046 ], [ 116.338531203714922, 39.980142442994975 ] ] ] } },
{ "type": "Feature", "properties": { "h3_id": "8831aa4545fffff", "bright_median_rent": 5.9066666666666663, "bright_listings": 2.0, "dark_median_rent": 7.78, "dark_listings": 1.0 }, "geometry": { "type": "Polygon", "coordinates": [ [ [ 116.435712868605876, 39.854886406218398 ], [ 116.433386331302415, 39.850851426694646 ], [ 116.436067151461558, 39.847579042048757 ], [ 116.441073983758642, 39.848341400087989 ], [ 116.443400732277922, 39.852375928742042 ], [ 116.440720437352965, 39.85564855020499 ], [ 116.435712868605876, 39.854886406218398 ] ] ] } },
{ "type": "Feature", "properties": { "h3_id": "8831aa446dfffff", "bright_median_rent": 5.3809523809523814, "bright_listings": 2.0, "dark_median_rent": null, "dark_listings": null }, "geometry": { "type": "Polygon", "coordinates": [ [ [ 116.472391344865301, 39.878862796936211 ], [ 116.470062167251243, 39.874829189953772 ], [ 116.472740359530889, 39.871555622380242 ], [ 116.477747203404974, 39.872315425529507 ], [ 116.48007659142641, 39.876348581622779 ], [ 116.477398925235136, 39.879622385434395 ], [ 116.472391344865301, 39.878862796936211 ] ] ] } },
{ "type": "Feature", "properties": { "h3_id": "8831aa42b9fffff", "bright_median_rent": 7.0, "bright_listings": 1.0, "dark_median_rent": null, "dark_listings": null }, "geometry": { "type": "Polygon", "coordinates": [ [ [ 116.403148497616826, 39.901484302784446 ], [ 116.400821224099573, 39.897446636633603 ], [ 116.40350793173458, 39.894171684934008 ], [ 116.408521387089067, 39.894934162286603 ], [ 116.410848873101116, 39.898971377315561 ], [ 116.40816269133289, 39.902246566092259 ], [ 116.403148497616826, 39.901484302784446 ] ] ] } },
{ "type": "Feature", "properties": { "h3_id": "8831aa54cdfffff", "bright_median_rent": 8.9743589743589745, "bright_listings": 7.0, "dark_median_rent": 10.42, "dark_listings": 1.0 }, "geometry": { "type": "Polygon", "coordinates": [ [ [ 116.481850720037698, 39.998122162460341 ], [ 116.479515709103495, 39.994086482057249 ], [ 116.482199144465937, 39.990806589454159 ], [ 116.487217062192656, 39.991562141569233 ], [ 116.489552284256192, 39.995597370631849 ], [ 116.486869377532827, 39.998877498898239 ], [ 116.481850720037698, 39.998122162460341 ] ] ] } },
{ "type": "Feature", "properties": { "h3_id": "8831aa4633fffff", "bright_median_rent": 3.911111111111111, "bright_listings": 1.0, "dark_median_rent": null, "dark_listings": null }, "geometry": { "type": "Polygon", "coordinates": [ [ [ 116.516423004832063, 39.907608522391371 ], [ 116.514090659049472, 39.903576567280574 ], [ 116.51676569223774, 39.900301584017107 ], [ 116.521772544164577, 39.901058320300294 ], [ 116.524105099382609, 39.905089824500358 ], [ 116.521430593307073, 39.908365043306304 ], [ 116.516423004832063, 39.907608522391371 ] ] ] } },
{ "type": "Feature", "properties": { "h3_id": "8831aa09e3fffff", "bright_median_rent": 4.583333333333333, "bright_listings": 1.0, "dark_median_rent": null, "dark_listings": null }, "geometry": { "type": "Polygon", "coordinates": [ [ [ 116.590515559289216, 39.940842589780978 ], [ 116.588178573607337, 39.936813747178377 ], [ 116.590847494939894, 39.933537194451709 ], [ 116.595852873500121, 39.934289249878582 ], [ 116.59819006685602, 39.938317641597735 ], [ 116.595521674046296, 39.941594428751742 ], [ 116.590515559289216, 39.940842589780978 ] ] ] } },
{ "type": "Feature", "properties": { "h3_id": "8831aa471dfffff", "bright_median_rent": 10.0, "bright_listings": 6.0, "dark_median_rent": 14.166666666666666, "dark_listings": 1.0 }, "geometry": { "type": "Polygon", "coordinates": [ [ [ 116.464003771908139, 39.895994129312726 ], [ 116.461674169852799, 39.891959719524088 ], [ 116.464354146107937, 39.888685216479018 ], [ 116.469363198129614, 39.889444886915236 ], [ 116.471693010963335, 39.893478845729227 ], [ 116.469013561065793, 39.896753585060019 ], [ 116.464003771908139, 39.895994129312726 ] ] ] } },
{ "type": "Feature", "properties": { "h3_id": "8831aa4137fffff", "bright_median_rent": 8.0, "bright_listings": 1.0, "dark_median_rent": null, "dark_listings": null }, "geometry": { "type": "Polygon", "coordinates": [ [ [ 116.301164882053826, 39.819580927327436 ], [ 116.298845651358008, 39.815539784634524 ], [ 116.30153885626045, 39.812268945589118 ], [ 116.306550768756438, 39.813039010474093 ], [ 116.308870214065379, 39.817079702167156 ], [ 116.306177532334161, 39.820350779953685 ], [ 116.301164882053826, 39.819580927327436 ] ] ] } },
{ "type": "Feature", "properties": { "h3_id": "8831aa55ebfffff", "bright_median_rent": 9.1666666666666661, "bright_listings": 3.0, "dark_median_rent": null, "dark_listings": null }, "geometry": { "type": "Polygon", "coordinates": [ [ [ 116.431097800322078, 39.949933714835595 ], [ 116.42876713807523, 39.945896447209577 ], [ 116.431453425943545, 39.94261898739348 ], [ 116.436469848986832, 39.943378558659205 ], [ 116.438800723361595, 39.947415375028989 ], [ 116.436114962634306, 39.950693071367645 ], [ 116.431097800322078, 39.949933714835595 ] ] ] } },
{ "type": "Feature", "properties": { "h3_id": "8831aa4893fffff", "bright_median_rent": 8.0, "bright_listings": 1.0, "dark_median_rent": null, "dark_listings": null }, "geometry": { "type": "Polygon", "coordinates": [ [ [ 116.327975934717941, 39.739000732149407 ], [ 116.325659204140919, 39.734962732247929 ], [ 116.328345353093709, 39.731696261551093 ], [ 116.333347710892866, 39.732467552051652 ], [ 116.335664654677075, 39.736505101330657 ], [ 116.332979027523493, 39.739771810710153 ], [ 116.327975934717941, 39.739000732149407 ] ] ] } },
{ "type": "Feature", "properties": { "h3_id": "8831aa0153fffff", "bright_median_rent": 2.73, "bright_listings": 2.0, "dark_median_rent": null, "dark_listings": null }, "geometry": { "type": "Polygon", "coordinates": [ [ [ 116.674515072292422, 40.09316974455222 ], [ 116.672167565959441, 40.089142005557946 ], [ 116.67483553468972, 40.085857580555036 ], [ 116.679850477318624, 40.086600661800631 ], [ 116.682198190251782, 40.090627949499797 ], [ 116.679530754024825, 40.093912607226656 ], [ 116.674515072292422, 40.09316974455222 ] ] ] } },
{ "type": "Feature", "properties": { "h3_id": "8831aa474bfffff", "bright_median_rent": 7.0, "bright_listings": 3.0, "dark_median_rent": 1.0, "dark_listings": 1.0 }, "geometry": { "type": "Polygon", "coordinates": [ [ [ 116.447914564945521, 39.91564621267522 ], [ 116.445584749997778, 39.911610549300143 ], [ 116.448267458866994, 39.908334957401351 ], [ 116.453279456150469, 39.90909479242935 ], [ 116.455609482480298, 39.913130004718404 ], [ 116.452927300213503, 39.916405833043932 ], [ 116.447914564945521, 39.91564621267522 ] ] ] } },
{ "type": "Feature", "properties": { "h3_id": "8831aa4253fffff", "bright_median_rent": 10.0, "bright_listings": 1.0, "dark_median_rent": null, "dark_listings": null }, "geometry": { "type": "Polygon", "coordinates": [ [ [ 116.363159356366097, 39.943314969202845 ], [ 116.360831881973255, 39.939274342182642 ], [ 116.363525021850322, 39.935997066011815 ], [ 116.368545109863447, 39.936760179385509 ], [ 116.370872798199159, 39.940800355037297 ], [ 116.368180184648168, 39.944077868662298 ], [ 116.363159356366097, 39.943314969202845 ] ] ] } },
{ "type": "Feature", "properties": { "h3_id": "8831aacc29fffff", "bright_median_rent": 1.4988814317673378, "bright_listings": 1.0, "dark_median_rent": 3.4444444444444446, "dark_listings": 5.0 }, "geometry": { "type": "Polygon", "coordinates": [ [ [ 116.370198444051724, 40.106725404644607 ], [ 116.36786322772106, 40.102681663841082 ], [ 116.370564229768291, 40.099395739376078 ], [ 116.375599918447932, 40.100153318946099 ], [ 116.377935349896347, 40.104196607756492 ], [ 116.375234877617288, 40.107482768968467 ], [ 116.370198444051724, 40.106725404644607 ] ] ] } },
{ "type": "Feature", "properties": { "h3_id": "8831aa469bfffff", "bright_median_rent": 3.833333333333333, "bright_listings": 2.0, "dark_median_rent": 5.56, "dark_listings": 1.0 }, "geometry": { "type": "Polygon", "coordinates": [ [ [ 116.584171142405467, 39.914146778051837 ], [ 116.581835643019645, 39.910118181462423 ], [ 116.584503843653977, 39.906843034904526 ], [ 116.589507015832936, 39.907596250301225 ], [ 116.591842722849989, 39.911624396098986 ], [ 116.589175050125377, 39.914899777269952 ], [ 116.584171142405467, 39.914146778051837 ] ] ] } },
{ "type": "Feature", "properties": { "h3_id": "8831aa41b7fffff", "bright_median_rent": 2.7083333333333335, "bright_listings": 1.0, "dark_median_rent": 40.0, "dark_listings": 1.0 }, "geometry": { "type": "Polygon", "coordinates": [ [ [ 116.355066974706247, 39.802069278350146 ], [ 116.352746246593455, 39.798031292124946 ], [ 116.35543283304591, 39.794761520097744 ], [ 116.360439624326574, 39.79552949618585 ], [ 116.362760565428644, 39.799567031588609 ], [ 116.360074502329553, 39.802837041704223 ], [ 116.355066974706247, 39.802069278350146 ] ] ] } },
{ "type": "Feature", "properties": { "h3_id": "8831aa0233fffff", "bright_median_rent": 3.2051282051282053, "bright_listings": 5.0, "dark_median_rent": null, "dark_listings": null }, "geometry": { "type": "Polygon", "coordinates": [ [ [ 116.717762458577965, 40.143718729270645 ], [ 116.715410803209295, 40.139692166675481 ], [ 116.718076821117151, 40.136405179699985 ], [ 116.723093960483141, 40.137144523347288 ], [ 116.725445821668742, 40.141170634548736 ], [ 116.722780337740446, 40.144457853474698 ], [ 116.717762458577965, 40.143718729270645 ] ] ] } },
{ "type": "Feature", "properties": { "h3_id": "8831aa0231fffff", "bright_median_rent": 4.0, "bright_listings": 1.0, "dark_median_rent": null, "dark_listings": null }, "geometry": { "type": "Polygon", "coordinates": [ [ [ 116.710077401674766, 40.14626668661586 ], [ 116.70772595235556, 40.142239672599878 ], [ 116.710392920067491, 40.138952528662536 ], [ 116.715410803209295, 40.139692166675481 ], [ 116.717762458577965, 40.143718729270645 ], [ 116.715096024824476, 40.147006105251769 ], [ 116.710077401674766, 40.14626668661586 ] ] ] } },
{ "type": "Feature", "properties": { "h3_id": "8831aa1a9dfffff", "bright_median_rent": 1.9047619047619049, "bright_listings": 1.0, "dark_median_rent": null, "dark_listings": null }, "geometry": { "type": "Polygon", "coordinates": [ [ [ 116.61133917353699, 40.150092621852281 ], [ 116.608991715756076, 40.146060417826149 ], [ 116.611669376645594, 40.142772799832812 ], [ 116.616693962310734, 40.143517152490524 ], [ 116.619041628897889, 40.147548904862248 ], [ 116.616364501083055, 40.150836756208861 ], [ 116.61133917353699, 40.150092621852281 ] ] ] } },
{ "type": "Feature", "properties": { "h3_id": "8831aa0d21fffff", "bright_median_rent": 4.2820512820512819, "bright_listings": 1.0, "dark_median_rent": null, "dark_listings": null }, "geometry": { "type": "Polygon", "coordinates": [ [ [ 116.696225095682536, 39.941973703494973 ], [ 116.693883618502113, 39.937950304424248 ], [ 116.696541401324936, 39.934673993639606 ], [ 116.70154013182794, 39.935420848893891 ], [ 116.703881813794609, 39.939443797309643 ], [ 116.701224560540325, 39.94272034110422 ], [ 116.696225095682536, 39.941973703494973 ] ] ] } },
{ "type": "Feature", "properties": { "h3_id": "8831aa5465fffff", "bright_median_rent": 9.4642857142857153, "bright_listings": 2.0, "dark_median_rent": null, "dark_listings": null }, "geometry": { "type": "Polygon", "coordinates": [ [ [ 116.413895592631064, 39.991558118048687 ], [ 116.41156376565695, 39.987519072579644 ], [ 116.414254062689253, 39.984239357297959 ], [ 116.419275658937849, 39.984998450867757 ], [ 116.421607698859106, 39.989037044881456 ], [ 116.418917929654, 39.992316996759122 ], [ 116.413895592631064, 39.991558118048687 ] ] ] } },
{ "type": "Feature", "properties": { "h3_id": "8831aa52b3fffff", "bright_median_rent": 8.9981785063752291, "bright_listings": 7.0, "dark_median_rent": null, "dark_listings": null }, "geometry": { "type": "Polygon", "coordinates": [ [ [ 116.352137946869419, 40.011721439047605 ], [ 116.349807831892207, 40.007678781015287 ], [ 116.352505740268555, 40.004397846209649 ], [ 116.357533236068889, 40.005159332069582 ], [ 116.35986356586541, 40.009201538442397 ], [ 116.357166185111879, 40.012482710593268 ], [ 116.352137946869419, 40.011721439047605 ] ] ] } },
{ "type": "Feature", "properties": { "h3_id": "8831aa51ddfffff", "bright_median_rent": 5.5, "bright_listings": 3.0, "dark_median_rent": null, "dark_listings": null }, "geometry": { "type": "Polygon", "coordinates": [ [ [ 116.293662492152862, 39.965939863833114 ], [ 116.291336953766304, 39.961895173358059 ], [ 116.294038650881035, 39.958616531021541 ], [ 116.299065360362022, 39.959382340841721 ], [ 116.3013911147969, 39.963426579721016 ], [ 116.298689943772075, 39.966705460354468 ], [ 116.293662492152862, 39.965939863833114 ] ] ] } },
{ "type": "Feature", "properties": { "h3_id": "8831aa509bfffff", "bright_median_rent": 5.5, "bright_listings": 2.0, "dark_median_rent": null, "dark_listings": null }, "geometry": { "type": "Polygon", "coordinates": [ [ [ 116.368683553987509, 39.98471602732176 ], [ 116.366353962394271, 39.980674797926056 ], [ 116.369048693992823, 39.97739533565818 ], [ 116.374072490020993, 39.978156865539034 ], [ 116.376402295750751, 39.982197643414409 ], [ 116.373708091385325, 39.985477342907771 ], [ 116.368683553987509, 39.98471602732176 ] ] ] } },
{ "type": "Feature", "properties": { "h3_id": "8831aa4689fffff", "bright_median_rent": 7.0, "bright_listings": 10.0, "dark_median_rent": 0.01, "dark_listings": 1.0 }, "geometry": { "type": "Polygon", "coordinates": [ [ [ 116.55380532381821, 39.916928744543895 ], [ 116.551470976372343, 39.912898519153842 ], [ 116.554142537763681, 39.909623140306827 ], [ 116.559147918998491, 39.910377751819965 ], [ 116.561482474930656, 39.914407526341961 ], [ 116.558811441210324, 39.917683140197177 ], [ 116.55380532381821, 39.916928744543895 ] ] ] } },
{ "type": "Feature", "properties": { "h3_id": "8831aa58c9fffff", "bright_median_rent": 5.4827881619937697, "bright_listings": 4.0, "dark_median_rent": null, "dark_listings": null }, "geometry": { "type": "Polygon", "coordinates": [ [ [ 116.229432319076921, 39.886001671107209 ], [ 116.227113145523873, 39.881955397601338 ], [ 116.229817435043913, 39.878680854689328 ], [ 116.234840374385413, 39.879452345811664 ], [ 116.237159765082339, 39.883498167913281 ], [ 116.234455999363362, 39.886772950275486 ], [ 116.229432319076921, 39.886001671107209 ] ] ] } },
{ "type": "Feature", "properties": { "h3_id": "8831aa5a0bfffff", "bright_median_rent": 5.25, "bright_listings": 2.0, "dark_median_rent": null, "dark_listings": null }, "geometry": { "type": "Polygon", "coordinates": [ [ [ 116.188813317715258, 39.935144567737247 ], [ 116.186493662186521, 39.9310951469595 ], [ 116.18920484794856, 39.927817904400037 ], [ 116.194235164919007, 39.928589842787623 ], [ 116.196555039129009, 39.932638811888971 ], [ 116.193844377757088, 39.935916294257794 ], [ 116.188813317715258, 39.935144567737247 ] ] ] } },
{ "type": "Feature", "properties": { "h3_id": "8831aa4723fffff", "bright_median_rent": 10.37, "bright_listings": 3.0, "dark_median_rent": null, "dark_listings": null }, "geometry": { "type": "Polygon", "coordinates": [ [ [ 116.442340735438151, 39.874299610716825 ], [ 116.440013036086768, 39.870264552438194 ], [ 116.442694170465543, 39.866991149562168 ], [ 116.447702478566569, 39.867752568287095 ], [ 116.45003038911203, 39.871787175632321 ], [ 116.447349780431182, 39.875060815164403 ], [ 116.442340735438151, 39.874299610716825 ] ] ] } },
{ "type": "Feature", "properties": { "h3_id": "8831aa7a45fffff", "bright_median_rent": 6.0, "bright_listings": 2.0, "dark_median_rent": null, "dark_listings": null }, "geometry": { "type": "Polygon", "coordinates": [ [ [ 116.543190309612996, 39.819726831730335 ], [ 116.540860836305598, 39.815698162012289 ], [ 116.543528452698609, 39.812427944913587 ], [ 116.548525016899532, 39.81318616199566 ], [ 116.550854698193248, 39.817214381210121 ], [ 116.54818760736805, 39.820484833824473 ], [ 116.543190309612996, 39.819726831730335 ] ] ] } },
{ "type": "Feature", "properties": { "h3_id": "8831aa4293fffff", "bright_median_rent": 5.3981106612685563, "bright_listings": 4.0, "dark_median_rent": null, "dark_listings": null }, "geometry": { "type": "Polygon", "coordinates": [ [ [ 116.425532354056045, 39.908568401535462 ], [ 116.423203809371657, 39.90453173648455 ], [ 116.425888517890087, 39.901256464201353 ], [ 116.430901244927, 39.902017620195551 ], [ 116.433230001549859, 39.906053834142327 ], [ 116.430545819266328, 39.909329343177454 ], [ 116.425532354056045, 39.908568401535462 ] ] ] } },
{ "type": "Feature", "properties": { "h3_id": "8831aa5a99fffff", "bright_median_rent": 5.5, "bright_listings": 1.0, "dark_median_rent": null, "dark_listings": null }, "geometry": { "type": "Polygon", "coordinates": [ [ [ 116.258046977029508, 39.91990912969657 ], [ 116.255725046671373, 39.915863595749215 ], [ 116.25842809222317, 39.912587315909569 ], [ 116.263452543417642, 39.913356331052725 ], [ 116.265774690417942, 39.917401413516558 ], [ 116.263072169651124, 39.92067793229937 ], [ 116.258046977029508, 39.91990912969657 ] ] ] } },
{ "type": "Feature", "properties": { "h3_id": "8831aa420dfffff", "bright_median_rent": 10.833333333333334, "bright_listings": 1.0, "dark_median_rent": null, "dark_listings": null }, "geometry": { "type": "Polygon", "coordinates": [ [ [ 116.333399378749789, 39.9314127024643 ], [ 116.331073711865628, 39.927370798559934 ], [ 116.333769379400209, 39.924094083402636 ], [ 116.338790188105676, 39.924859034232618 ], [ 116.341116069652671, 39.928900486756028 ], [ 116.338420927900728, 39.93217743980896 ], [ 116.333399378749789, 39.9314127024643 ] ] ] } },
{ "type": "Feature", "properties": { "h3_id": "8831aa4055fffff", "bright_median_rent": 9.25, "bright_listings": 2.0, "dark_median_rent": null, "dark_listings": null }, "geometry": { "type": "Polygon", "coordinates": [ [ [ 116.350668367099814, 39.889806729972761 ], [ 116.348343852464254, 39.885766612173065 ], [ 116.351035504543461, 39.882492152044378 ], [ 116.356051146224317, 39.883257571873393 ], [ 116.358375874699846, 39.887297238491499 ], [ 116.3556847477237, 39.890571936440715 ], [ 116.350668367099814, 39.889806729972761 ] ] ] } },
{ "type": "Feature", "properties": { "h3_id": "8831aa4645fffff", "bright_median_rent": 4.497652582159624, "bright_listings": 6.0, "dark_median_rent": null, "dark_listings": null }, "geometry": { "type": "Polygon", "coordinates": [ [ [ 116.484635275318396, 39.939613376229694 ], [ 116.482302814664294, 39.93557909184338 ], [ 116.48498288880775, 39.932302318971132 ], [ 116.489994896215123, 39.933059594617099 ], [ 116.492327567439929, 39.937093427899093 ], [ 116.489648020755581, 39.940370436617812 ], [ 116.484635275318396, 39.939613376229694 ] ] ] } },
{ "type": "Feature", "properties": { "h3_id": "8831aa55cdfffff", "bright_median_rent": 3.8, "bright_listings": 3.0, "dark_median_rent": 1.57, "dark_listings": 1.0 }, "geometry": { "type": "Polygon", "coordinates": [ [ [ 116.430386238217295, 39.964564865122256 ], [ 116.428054940073821, 39.960527247173644 ], [ 116.430742071095111, 39.957249007469805 ], [ 116.435759972893692, 39.958008149215878 ], [ 116.438091483305882, 39.962045315849117 ], [ 116.435404879719925, 39.965323792030077 ], [ 116.430386238217295, 39.964564865122256 ] ] ] } },
{ "type": "Feature", "properties": { "h3_id": "8831aa0965fffff", "bright_median_rent": 3.5057471264367814, "bright_listings": 1.0, "dark_median_rent": null, "dark_listings": null }, "geometry": { "type": "Polygon", "coordinates": [ [ [ 116.521711584653019, 39.956249979791274 ], [ 116.519376797626023, 39.95221725234358 ], [ 116.52205381393405, 39.948939691524849 ], [ 116.527065089170236, 39.949694622843509 ], [ 116.529400085885783, 39.953726899199367 ], [ 116.526723597745431, 39.957004695306701 ], [ 116.521711584653019, 39.956249979791274 ] ] ] } },
{ "type": "Feature", "properties": { "h3_id": "8831aa5a97fffff", "bright_median_rent": 5.0031152647975077, "bright_listings": 7.0, "dark_median_rent": null, "dark_listings": null }, "geometry": { "type": "Polygon", "coordinates": [ [ [ 116.258809096363834, 39.905266069371734 ], [ 116.256487796222629, 39.901220890275916 ], [ 116.259189989500044, 39.897945390257199 ], [ 116.264212958494966, 39.898714830325538 ], [ 116.266534475133653, 39.9027595579973 ], [ 116.26383280634947, 39.906035297003449 ], [ 116.258809096363834, 39.905266069371734 ] ] ] } },
{ "type": "Feature", "properties": { "h3_id": "8831aa56e1fffff", "bright_median_rent": 9.0, "bright_listings": 5.0, "dark_median_rent": 1.5, "dark_listings": 1.0 }, "geometry": { "type": "Polygon", "coordinates": [ [ [ 116.472748108022287, 40.029917159176854 ], [ 116.470412031511771, 40.025880331998422 ], [ 116.473098101099168, 40.022598727205903 ], [ 116.478119718060171, 40.023353713905131 ], [ 116.480456006213529, 40.027390089599564 ], [ 116.47777046583235, 40.030671930057139 ], [ 116.472748108022287, 40.029917159176854 ] ] ] } },
{ "type": "Feature", "properties": { "h3_id": "8831aa0f2dfffff", "bright_median_rent": 1.0, "bright_listings": 1.0, "dark_median_rent": null, "dark_listings": null }, "geometry": { "type": "Polygon", "coordinates": [ [ [ 116.686341935905475, 39.995621470050558 ], [ 116.683998413474939, 39.991596411868905 ], [ 116.686660036326202, 39.988317210814429 ], [ 116.691664651089852, 39.989062834981844 ], [ 116.694008379008224, 39.993087442275254 ], [ 116.691347286743678, 39.996366876267651 ], [ 116.686341935905475, 39.995621470050558 ] ] ] } },
{ "type": "Feature", "properties": { "h3_id": "8831aa460bfffff", "bright_median_rent": 12.730833333333333, "bright_listings": 2.0, "dark_median_rent": 9.1666666666666661, "dark_listings": 3.0 }, "geometry": { "type": "Polygon", "coordinates": [ [ [ 116.507707101645664, 39.932053104787954 ], [ 116.505374009975554, 39.928020173636327 ], [ 116.508051244251718, 39.92474386426499 ], [ 116.513061042736112, 39.925500250456786 ], [ 116.515394344281091, 39.929532730582494 ], [ 116.512717637535658, 39.93280927552069 ], [ 116.507707101645664, 39.932053104787954 ] ] ] } },
{ "type": "Feature", "properties": { "h3_id": "8831aa5089fffff", "bright_median_rent": 13.33, "bright_listings": 1.0, "dark_median_rent": null, "dark_listings": null }, "geometry": { "type": "Polygon", "coordinates": [ [ [ 116.33816150629896, 39.98746498419267 ], [ 116.3358330907311, 39.983422123920725 ], [ 116.338531203714922, 39.980142442994975 ], [ 116.343557205353846, 39.980905384697046 ], [ 116.345885835923227, 39.984947793376683 ], [ 116.343188249921724, 39.988227711925084 ], [ 116.33816150629896, 39.98746498419267 ] ] ] } },
{ "type": "Feature", "properties": { "h3_id": "8831aa52e9fffff", "bright_median_rent": 6.0, "bright_listings": 1.0, "dark_median_rent": null, "dark_listings": null }, "geometry": { "type": "Polygon", "coordinates": [ [ [ 116.312736891406502, 40.038973629267517 ], [ 116.310407219429806, 40.034928362485672 ], [ 116.313110746018594, 40.031645891676206 ], [ 116.318143416868125, 40.032408449857662 ], [ 116.320473304982272, 40.036453264795028 ], [ 116.317770306179298, 40.039735973373915 ], [ 116.312736891406502, 40.038973629267517 ] ] ] } },
{ "type": "Feature", "properties": { "h3_id": "8831aa42e5fffff", "bright_median_rent": 10.256410256410255, "bright_listings": 1.0, "dark_median_rent": null, "dark_listings": null }, "geometry": { "type": "Polygon", "coordinates": [ [ [ 116.364986619039684, 39.906731114822769 ], [ 116.362660727982018, 39.902691369179884 ], [ 116.36535175238248, 39.899416043287999 ], [ 116.370368142316323, 39.900180225450967 ], [ 116.372694246961373, 39.904219519873841 ], [ 116.370003748154289, 39.907495083332201 ], [ 116.364986619039684, 39.906731114822769 ] ] ] } },
{ "type": "Feature", "properties": { "h3_id": "8831aacd19fffff", "bright_median_rent": 4.1028860028860032, "bright_listings": 2.0, "dark_median_rent": null, "dark_listings": null }, "geometry": { "type": "Polygon", "coordinates": [ [ [ 116.355823605358339, 40.08979162088314 ], [ 116.353489776163443, 40.085747496673591 ], [ 116.356191411076026, 40.082462434694676 ], [ 116.361226345981279, 40.083221259900881 ], [ 116.363560390549594, 40.087264932154035 ], [ 116.360859284909154, 40.090550231135865 ], [ 116.355823605358339, 40.08979162088314 ] ] ] } },
{ "type": "Feature", "properties": { "h3_id": "8831aa4311fffff", "bright_median_rent": 3.0, "bright_listings": 1.0, "dark_median_rent": null, "dark_listings": null }, "geometry": { "type": "Polygon", "coordinates": [ [ [ 116.312478541815238, 39.895034391599928 ], [ 116.310155415530176, 39.890992194673238 ], [ 116.312851386225148, 39.887717364170214 ], [ 116.317869958447972, 39.888484492262265 ], [ 116.320193299666968, 39.892526237910566 ], [ 116.317497853798415, 39.895801306723747 ], [ 116.312478541815238, 39.895034391599928 ] ] ] } },
{ "type": "Feature", "properties": { "h3_id": "8831aa45a3fffff", "bright_median_rent": 7.2333333333333334, "bright_listings": 2.0, "dark_median_rent": null, "dark_listings": null }, "geometry": { "type": "Polygon", "coordinates": [ [ [ 116.498548386394177, 39.805591921185325 ], [ 116.496221434358816, 39.801561254793882 ], [ 116.498893034365764, 39.798291670450752 ], [ 116.503891061634206, 39.799052516313658 ], [ 116.506218222761078, 39.803082732163489 ], [ 116.503547147596393, 39.806352552670425 ], [ 116.498548386394177, 39.805591921185325 ] ] ] } },
{ "type": "Feature", "properties": { "h3_id": "8831aa5549fffff", "bright_median_rent": 4.2, "bright_listings": 3.0, "dark_median_rent": null, "dark_listings": null }, "geometry": { "type": "Polygon", "coordinates": [ [ [ 116.383756433375993, 39.986999161413074 ], [ 116.381426096090991, 39.982958659863854 ], [ 116.384119349470538, 39.979679112822438 ], [ 116.389142412773126, 39.980439830293101 ], [ 116.391472963798194, 39.984479880343486 ], [ 116.388780237850071, 39.987759664400542 ], [ 116.383756433375993, 39.986999161413074 ] ] ] } },
{ "type": "Feature", "properties": { "h3_id": "8831aa466dfffff", "bright_median_rent": 8.7, "bright_listings": 4.0, "dark_median_rent": null, "dark_listings": null }, "geometry": { "type": "Polygon", "coordinates": [ [ [ 116.46994539747854, 39.930028874451956 ], [ 116.467613995088556, 39.925994038031561 ], [ 116.470295123636305, 39.922717737200585 ], [ 116.475307127526534, 39.923476036689721 ], [ 116.477638740811955, 39.927510422012936 ], [ 116.474958139380675, 39.93078695892256 ], [ 116.46994539747854, 39.930028874451956 ] ] ] } },
{ "type": "Feature", "properties": { "h3_id": "8831aa7ae7fffff", "bright_median_rent": 1.6468253968253967, "bright_listings": 1.0, "dark_median_rent": null, "dark_listings": null }, "geometry": { "type": "Polygon", "coordinates": [ [ [ 116.590145002315282, 39.782766013430027 ], [ 116.587815238521003, 39.778740575264386 ], [ 116.590475969182478, 39.775472469715531 ], [ 116.595465938441563, 39.776229567282257 ], [ 116.597795908641373, 39.780254555193672 ], [ 116.595135703244551, 39.783522895770901 ], [ 116.590145002315282, 39.782766013430027 ] ] ] } },
{ "type": "Feature", "properties": { "h3_id": "8831aa4287fffff", "bright_median_rent": 8.5, "bright_listings": 4.0, "dark_median_rent": null, "dark_listings": null }, "geometry": { "type": "Polygon", "coordinates": [ [ [ 116.395446439774091, 39.903997083498382 ], [ 116.393119378984139, 39.899958966200032 ], [ 116.395807034033155, 39.896683861363606 ], [ 116.400821224099573, 39.897446636633603 ], [ 116.403148497616826, 39.901484302784446 ], [ 116.400461368409395, 39.904759644791262 ], [ 116.395446439774091, 39.903997083498382 ] ] ] } },
{ "type": "Feature", "properties": { "h3_id": "8831aa4f07fffff", "bright_median_rent": 5.0, "bright_listings": 1.0, "dark_median_rent": null, "dark_listings": null }, "geometry": { "type": "Polygon", "coordinates": [ [ [ 116.349205723057096, 39.768035266328035 ], [ 116.346886781917064, 39.763997722335908 ], [ 116.349572206633113, 39.760729753223117 ], [ 116.354576049956506, 39.761499089788266 ], [ 116.356895203963887, 39.765536183083057 ], [ 116.354210301849164, 39.76880439048859 ], [ 116.349205723057096, 39.768035266328035 ] ] ] } },
{ "type": "Feature", "properties": { "h3_id": "8831aa7ac7fffff", "bright_median_rent": 8.25, "bright_listings": 2.0, "dark_median_rent": null, "dark_listings": null }, "geometry": { "type": "Polygon", "coordinates": [ [ [ 116.604458541050505, 39.799623357360801 ], [ 116.602127410281156, 39.795598290928716 ], [ 116.604787503859171, 39.792329323814521 ], [ 116.609778202525746, 39.793085188336534 ], [ 116.612109539445953, 39.797109804477735 ], [ 116.609449971616712, 39.800379006366057 ], [ 116.604458541050505, 39.799623357360801 ] ] ] } },
{ "type": "Feature", "properties": { "h3_id": "8831aa52dbfffff", "bright_median_rent": 4.0, "bright_listings": 1.0, "dark_median_rent": null, "dark_listings": null }, "geometry": { "type": "Polygon", "coordinates": [ [ [ 116.357661559845766, 40.053151316542774 ], [ 116.355329322579195, 40.049108062371701 ], [ 116.358028828748047, 40.045824944534182 ], [ 116.363060043719926, 40.046584843730166 ], [ 116.365392496000979, 40.050627646091009 ], [ 116.362693518365404, 40.053911001044554 ], [ 116.357661559845766, 40.053151316542774 ] ] ] } },
{ "type": "Feature", "properties": { "h3_id": "8831aa42b5fffff", "bright_median_rent": 8.8888888888888893, "bright_listings": 2.0, "dark_median_rent": null, "dark_listings": null }, "geometry": { "type": "Polygon", "coordinates": [ [ [ 116.396167523352716, 39.889371205940982 ], [ 116.393841096035814, 39.885333441520146 ], [ 116.396527907778491, 39.882059117403692 ], [ 116.401540621358293, 39.88282232047105 ], [ 116.403867261261254, 39.886859633803866 ], [ 116.401180975067305, 39.890134195135794 ], [ 116.396167523352716, 39.889371205940982 ] ] ] } },
{ "type": "Feature", "properties": { "h3_id": "8831aa474dfffff", "bright_median_rent": 2.3, "bright_listings": 1.0, "dark_median_rent": null, "dark_listings": null }, "geometry": { "type": "Polygon", "coordinates": [ [ [ 116.432874893278168, 39.913365733019603 ], [ 116.430545819266328, 39.909329343177454 ], [ 116.433230001549859, 39.906053834142327 ], [ 116.438242731507813, 39.906814478291757 ], [ 116.440572017296091, 39.91085041702587 ], [ 116.43788836141897, 39.914126162697009 ], [ 116.432874893278168, 39.913365733019603 ] ] ] } },
{ "type": "Feature", "properties": { "h3_id": "8831aa555bfffff", "bright_median_rent": 6.0011111111111113, "bright_listings": 4.0, "dark_median_rent": null, "dark_listings": null }, "geometry": { "type": "Polygon", "coordinates": [ [ [ 116.414254062689253, 39.984239357297959 ], [ 116.411922553823786, 39.980200486653118 ], [ 116.414612428261236, 39.976921161025572 ], [ 116.419633283953516, 39.97768046940255 ], [ 116.42196500569537, 39.981718888621486 ], [ 116.419275658937849, 39.984998450867757 ], [ 116.414254062689253, 39.984239357297959 ] ] ] } },
{ "type": "Feature", "properties": { "h3_id": "8831819487fffff", "bright_median_rent": 3.8961038961038961, "bright_listings": 1.0, "dark_median_rent": null, "dark_listings": null }, "geometry": { "type": "Polygon", "coordinates": [ [ [ 116.138795677072309, 39.73548844461763 ], [ 116.136487157597742, 39.731440798284076 ], [ 116.139193108772616, 39.728174067219967 ], [ 116.144207059671501, 39.728954741258235 ], [ 116.146515797505401, 39.733001936619765 ], [ 116.14381036615022, 39.736268908893813 ], [ 116.138795677072309, 39.73548844461763 ] ] ] } },
{ "type": "Feature", "properties": { "h3_id": "8831aa4613fffff", "bright_median_rent": 8.543333333333333, "bright_listings": 4.0, "dark_median_rent": null, "dark_listings": null }, "geometry": { "type": "Polygon", "coordinates": [ [ [ 116.530763781995873, 39.92449155830829 ], [ 116.528430061396179, 39.920459980155769 ], [ 116.531104458088279, 39.917184135460325 ], [ 116.536112047847425, 39.917939633608349 ], [ 116.538445977627134, 39.921970760813672 ], [ 116.535772108536406, 39.925246840796497 ], [ 116.530763781995873, 39.92449155830829 ] ] ] } },
{ "type": "Feature", "properties": { "h3_id": "8831aa5539fffff", "bright_median_rent": 23.75, "bright_listings": 2.0, "dark_median_rent": null, "dark_listings": null }, "geometry": { "type": "Polygon", "coordinates": [ [ [ 116.400629526404813, 39.952688481341973 ], [ 116.398300032535985, 39.948649583882812 ], [ 116.400989693939664, 39.945371901305577 ], [ 116.406008322387436, 39.946132879246967 ], [ 116.408338029245556, 39.950171325376623 ], [ 116.405648894735833, 39.953449244872836 ], [ 116.400629526404813, 39.952688481341973 ] ] ] } },
{ "type": "Feature", "properties": { "h3_id": "8831aa4701fffff", "bright_median_rent": 18.888888888888889, "bright_listings": 1.0, "dark_median_rent": null, "dark_listings": null }, "geometry": { "type": "Polygon", "coordinates": [ [ [ 116.448972938703193, 39.893714145254656 ], [ 116.446644076343361, 39.889679009387415 ], [ 116.44932552470749, 39.886404588727942 ], [ 116.45433530933812, 39.887165067419261 ], [ 116.456664382870059, 39.891199752289637 ], [ 116.453983460668084, 39.894474409443959 ], [ 116.448972938703193, 39.893714145254656 ] ] ] } },
{ "type": "Feature", "properties": { "h3_id": "8831aa7253fffff", "bright_median_rent": 2.1299254526091587, "bright_listings": 1.0, "dark_median_rent": null, "dark_listings": null }, "geometry": { "type": "Polygon", "coordinates": [ [ [ 116.681225218514129, 39.939732182806651 ], [ 116.678884472644754, 39.935708055458313 ], [ 116.681543727625453, 39.932431820385176 ], [ 116.686543199165939, 39.933179479419529 ], [ 116.688884150214321, 39.937203156088231 ], [ 116.686225424611607, 39.940479624380444 ], [ 116.681225218514129, 39.939732182806651 ] ] ] } },
{ "type": "Feature", "properties": { "h3_id": "8831aa475bfffff", "bright_median_rent": 6.2974358974358973, "bright_listings": 3.0, "dark_median_rent": null, "dark_listings": null }, "geometry": { "type": "Polygon", "coordinates": [ [ [ 116.470644748019325, 39.915407165529501 ], [ 116.468313981710338, 39.911372679813354 ], [ 116.470994270671895, 39.90809715961182 ], [ 116.4760047991888, 39.90885588898059 ], [ 116.478335776253573, 39.912889923658888 ], [ 116.475656014114463, 39.916165679984665 ], [ 116.470644748019325, 39.915407165529501 ] ] ] } },
{ "type": "Feature", "properties": { "h3_id": "8831aa0ea3fffff", "bright_median_rent": 1.6202777777777777, "bright_listings": 1.0, "dark_median_rent": null, "dark_listings": null }, "geometry": { "type": "Polygon", "coordinates": [ [ [ 116.806702350420693, 40.006138190177808 ], [ 116.804353305744627, 40.002119143330567 ], [ 116.807002716391949, 39.998839739937033 ], [ 116.812000639826053, 39.999579152082561 ], [ 116.814349886774323, 40.003597748274139 ], [ 116.811701008084512, 40.006877382953931 ], [ 116.806702350420693, 40.006138190177808 ] ] ] } },
{ "type": "Feature", "properties": { "h3_id": "8831aa52b7fffff", "bright_median_rent": 15.134099616858236, "bright_listings": 2.0, "dark_median_rent": null, "dark_listings": null }, "geometry": { "type": "Polygon", "coordinates": [ [ [ 116.344779598558461, 40.006916995408453 ], [ 116.342450016102347, 40.002874060780535 ], [ 116.345148451928267, 39.999593363436404 ], [ 116.350175942830347, 40.000355363237155 ], [ 116.352505740268555, 40.004397846209649 ], [ 116.349807831892207, 40.007678781015287 ], [ 116.344779598558461, 40.006916995408453 ] ] ] } },
{ "type": "Feature", "properties": { "h3_id": "8831aa4733fffff", "bright_median_rent": 11.005555555555556, "bright_listings": 2.0, "dark_median_rent": 16.666666666666668, "dark_listings": 2.0 }, "geometry": { "type": "Polygon", "coordinates": [ [ [ 116.465054588852112, 39.874069090297141 ], [ 116.462725939288092, 39.870035208513968 ], [ 116.46540465748528, 39.86676187729438 ], [ 116.470411499397699, 39.867522191482472 ], [ 116.472740359530889, 39.871555622380242 ], [ 116.470062167251243, 39.874829189953772 ], [ 116.465054588852112, 39.874069090297141 ] ] ] } },
{ "type": "Feature", "properties": { "h3_id": "8831aa5509fffff", "bright_median_rent": 13.874803192355721, "bright_listings": 2.0, "dark_median_rent": null, "dark_listings": null }, "geometry": { "type": "Polygon", "coordinates": [ [ [ 116.392196361598295, 39.969841556128372 ], [ 116.389866445934601, 39.965801856469604 ], [ 116.392557902377277, 39.96252324139536 ], [ 116.397578747390327, 39.963284088991031 ], [ 116.399908876418337, 39.967323337235499 ], [ 116.397217947138344, 39.970602189277038 ], [ 116.392196361598295, 39.969841556128372 ] ] ] } },
{ "type": "Feature", "properties": { "h3_id": "8831aa09b1fffff", "bright_median_rent": 2.2, "bright_listings": 2.0, "dark_median_rent": 4.63, "dark_listings": 1.0 }, "geometry": { "type": "Polygon", "coordinates": [ [ [ 116.613862516251558, 39.925963754928169 ], [ 116.611525228242044, 39.921936438839424 ], [ 116.61419090071513, 39.918660745094719 ], [ 116.619193332823912, 39.919412133245309 ], [ 116.62153082774681, 39.923438998560215 ], [ 116.618865683715995, 39.92671492647662 ], [ 116.613862516251558, 39.925963754928169 ] ] ] } },
{ "type": "Feature", "properties": { "h3_id": "8831aa7051fffff", "bright_median_rent": 6.25, "bright_listings": 1.0, "dark_median_rent": null, "dark_listings": null }, "geometry": { "type": "Polygon", "coordinates": [ [ [ 116.675800258955988, 39.891166128057229 ], [ 116.673461962912896, 39.887142765158337 ], [ 116.67611926695858, 39.883869108398059 ], [ 116.681114338794558, 39.884618581038964 ], [ 116.683452839775569, 39.888641493438485 ], [ 116.680796064050867, 39.891915383674693 ], [ 116.675800258955988, 39.891166128057229 ] ] ] } },
{ "type": "Feature", "properties": { "h3_id": "8831aa4f49fffff", "bright_median_rent": 8.2547425474254741, "bright_listings": 2.0, "dark_median_rent": null, "dark_listings": null }, "geometry": { "type": "Polygon", "coordinates": [ [ [ 116.340042938185519, 39.799764370852515 ], [ 116.337722951595367, 39.795725661328014 ], [ 116.340411005944389, 39.792455974773539 ], [ 116.345418523795914, 39.793224759425144 ], [ 116.347738723767861, 39.797263018106392 ], [ 116.345051192575326, 39.800532942957844 ], [ 116.340042938185519, 39.799764370852515 ] ] ] } },
{ "type": "Feature", "properties": { "h3_id": "8831aa5555fffff", "bright_median_rent": 9.0, "bright_listings": 3.0, "dark_median_rent": null, "dark_listings": null }, "geometry": { "type": "Polygon", "coordinates": [ [ [ 116.399548393874966, 39.974641612744435 ], [ 116.397217947138344, 39.970602189277038 ], [ 116.399908876418337, 39.967323337235499 ], [ 116.404929725169225, 39.968083671788726 ], [ 116.407260385107563, 39.972122643837935 ], [ 116.404569983162645, 39.975401732730568 ], [ 116.399548393874966, 39.974641612744435 ] ] ] } },
{ "type": "Feature", "properties": { "h3_id": "8831aa48dbfffff", "bright_median_rent": 4.63, "bright_listings": 3.0, "dark_median_rent": null, "dark_listings": null }, "geometry": { "type": "Polygon", "coordinates": [ [ [ 116.319173171775432, 39.763414864496475 ], [ 116.316855712759249, 39.759375875719336 ], [ 116.319544069529343, 39.756108078277997 ], [ 116.324549363176615, 39.756879030882921 ], [ 116.326867035843847, 39.760917568921542 ], [ 116.32417920128151, 39.764185605072313 ], [ 116.319173171775432, 39.763414864496475 ] ] ] } },
{ "type": "Feature", "properties": { "h3_id": "8831aa4f29fffff", "bright_median_rent": 5.0, "bright_listings": 1.0, "dark_median_rent": null, "dark_listings": null }, "geometry": { "type": "Polygon", "coordinates": [ [ [ 116.334190535319379, 39.76572627779899 ], [ 116.331872334962497, 39.76168801134871 ], [ 116.334559225691805, 39.758420127855608 ], [ 116.339563794441972, 39.759190272290226 ], [ 116.341882208057967, 39.76322808802248 ], [ 116.339195839733364, 39.766496210016697 ], [ 116.334190535319379, 39.76572627779899 ] ] ] } },
{ "type": "Feature", "properties": { "h3_id": "8831aa5095fffff", "bright_median_rent": 5.56, "bright_listings": 5.0, "dark_median_rent": null, "dark_listings": null }, "geometry": { "type": "Polygon", "coordinates": [ [ [ 116.353975841408371, 39.975109120650835 ], [ 116.351647313267165, 39.971067339051487 ], [ 116.354343098813487, 39.967788351583067 ], [ 116.359366885682959, 39.968550908234675 ], [ 116.361695628285858, 39.972592238321887 ], [ 116.359000369627026, 39.975871463248104 ], [ 116.353975841408371, 39.975109120650835 ] ] ] } },
{ "type": "Feature", "properties": { "h3_id": "8831aa4001fffff", "bright_median_rent": 6.67, "bright_listings": 2.0, "dark_median_rent": null, "dark_listings": null }, "geometry": { "type": "Polygon", "coordinates": [ [ [ 116.343695669149767, 39.877686279442102 ], [ 116.341372000383515, 39.873646064631906 ], [ 116.344063754387847, 39.870372232805181 ], [ 116.349078652442529, 39.87113837780857 ], [ 116.3514025351393, 39.875178141471388 ], [ 116.348711305919949, 39.878452211256757 ], [ 116.343695669149767, 39.877686279442102 ] ] ] } },
{ "type": "Feature", "properties": { "h3_id": "8831aacd05fffff", "bright_median_rent": 1.3, "bright_listings": 1.0, "dark_median_rent": null, "dark_listings": null }, "geometry": { "type": "Polygon", "coordinates": [ [ [ 116.3259766588899, 40.077903773722255 ], [ 116.323644648096305, 40.073858363466414 ], [ 116.326348825097085, 40.070573861932274 ], [ 116.331384484237731, 40.071334533185947 ], [ 116.333716711131018, 40.075379491471985 ], [ 116.331013062853913, 40.078664230452688 ], [ 116.3259766588899, 40.077903773722255 ] ] ] } },
{ "type": "Feature", "properties": { "h3_id": "8831aa036dfffff", "bright_median_rent": 2.8370512820512821, "bright_listings": 2.0, "dark_median_rent": null, "dark_listings": null }, "geometry": { "type": "Polygon", "coordinates": [ [ [ 116.619699617367928, 40.132911034256225 ], [ 116.617352596231498, 40.128879622966565 ], [ 116.620028467552132, 40.125592938089525 ], [ 116.62505082728056, 40.126337431173468 ], [ 116.627398056851845, 40.130368390893253 ], [ 116.624722718329139, 40.133655309077099 ], [ 116.619699617367928, 40.132911034256225 ] ] ] } },
{ "type": "Feature", "properties": { "h3_id": "8831aa4219fffff", "bright_median_rent": 7.8, "bright_listings": 1.0, "dark_median_rent": 11.666666666666666, "dark_listings": 3.0 }, "geometry": { "type": "Polygon", "coordinates": [ [ [ 116.363525021850322, 39.935997066011815 ], [ 116.361197864295704, 39.931956615041138 ], [ 116.363890580813248, 39.928679728804447 ], [ 116.368909928775267, 39.929443056040277 ], [ 116.371237300201557, 39.933483055672191 ], [ 116.368545109863447, 39.936760179385509 ], [ 116.363525021850322, 39.935997066011815 ] ] ] } },
{ "type": "Feature", "properties": { "h3_id": "8831aa09abfffff", "bright_median_rent": 4.0023682652457078, "bright_listings": 5.0, "dark_median_rent": 5.666666666666667, "dark_listings": 1.0 }, "geometry": { "type": "Polygon", "coordinates": [ [ [ 116.598520850125823, 39.93101285315992 ], [ 116.596183976635032, 39.92698463544329 ], [ 116.598851537205803, 39.923708629220023 ], [ 116.603855442938269, 39.924460606334023 ], [ 116.606192523803827, 39.928488373223395 ], [ 116.603525491630677, 39.931764613804283 ], [ 116.598520850125823, 39.93101285315992 ] ] ] } },
{ "type": "Feature", "properties": { "h3_id": "8831aacdebfffff", "bright_median_rent": 1.7, "bright_listings": 1.0, "dark_median_rent": null, "dark_listings": null }, "geometry": { "type": "Polygon", "coordinates": [ [ [ 116.372026304186861, 40.070082699829726 ], [ 116.369692681797943, 40.066039827064728 ], [ 116.372391555913481, 40.062755846204738 ], [ 116.377423523459484, 40.063514501227843 ], [ 116.379757360607741, 40.067556922145599 ], [ 116.377059015520459, 40.070841139865948 ], [ 116.372026304186861, 40.070082699829726 ] ] ] } },
{ "type": "Feature", "properties": { "h3_id": "8831aa5a1bfffff", "bright_median_rent": 0.89, "bright_listings": 1.0, "dark_median_rent": null, "dark_listings": null }, "geometry": { "type": "Polygon", "coordinates": [ [ [ 116.211645290166956, 39.934952270251216 ], [ 116.209324664584855, 39.930904026881343 ], [ 116.212033420489092, 39.927626844345568 ], [ 116.217062277425271, 39.928397665652497 ], [ 116.219383121056723, 39.932445457390074 ], [ 116.216674889772392, 39.935722879431644 ], [ 116.211645290166956, 39.934952270251216 ] ] ] } },
{ "type": "Feature", "properties": { "h3_id": "8831aa5593fffff", "bright_median_rent": 5.165, "bright_listings": 2.0, "dark_median_rent": null, "dark_listings": null }, "geometry": { "type": "Polygon", "coordinates": [ [ [ 116.476941299483798, 39.94213318202668 ], [ 116.474609049632591, 39.938098446509954 ], [ 116.477290070905838, 39.93482151939898 ], [ 116.482302814664294, 39.93557909184338 ], [ 116.484635275318396, 39.939613376229694 ], [ 116.481954781480141, 39.942890539280413 ], [ 116.476941299483798, 39.94213318202668 ] ] ] } },
{ "type": "Feature", "properties": { "h3_id": "8831aa4361fffff", "bright_median_rent": 3.2, "bright_listings": 2.0, "dark_median_rent": null, "dark_listings": null }, "geometry": { "type": "Polygon", "coordinates": [ [ [ 116.266914201487793, 39.895439481299377 ], [ 116.264592999902504, 39.891394931192998 ], [ 116.26729381723716, 39.888119972207889 ], [ 116.272315311851969, 39.888889324391819 ], [ 116.274636729628668, 39.892933423128888 ], [ 116.271936436668469, 39.896208621029906 ], [ 116.266914201487793, 39.895439481299377 ] ] ] } },
{ "type": "Feature", "properties": { "h3_id": "8831aa4369fffff", "bright_median_rent": 2.8, "bright_listings": 1.0, "dark_median_rent": null, "dark_listings": null }, "geometry": { "type": "Polygon", "coordinates": [ [ [ 116.266534475133653, 39.9027595579973 ], [ 116.264212958494966, 39.898714830325538 ], [ 116.266914201487793, 39.895439481299377 ], [ 116.271936436668469, 39.896208621029906 ], [ 116.274258169570743, 39.9002528973026 ], [ 116.271557451098218, 39.903528485222473 ], [ 116.266534475133653, 39.9027595579973 ] ] ] } },
{ "type": "Feature", "properties": { "h3_id": "8831aa551dfffff", "bright_median_rent": 4.5, "bright_listings": 1.0, "dark_median_rent": null, "dark_listings": null }, "geometry": { "type": "Polygon", "coordinates": [ [ [ 116.407619704503915, 39.964804972633893 ], [ 116.40528936234503, 39.96076617577809 ], [ 116.407978919201355, 39.957487866422106 ], [ 116.41299829107264, 39.958248117120164 ], [ 116.4153288461291, 39.962286462612958 ], [ 116.412639816485949, 39.965565008749167 ], [ 116.407619704503915, 39.964804972633893 ] ] ] } },
{ "type": "Feature", "properties": { "h3_id": "8831aa4657fffff", "bright_median_rent": 9.7, "bright_listings": 1.0, "dark_median_rent": null, "dark_listings": null }, "geometry": { "type": "Polygon", "coordinates": [ [ [ 116.51505125784108, 39.936841930425722 ], [ 116.512717637535658, 39.93280927552069 ], [ 116.515394344281091, 39.929532730582494 ], [ 116.52040414369911, 39.930288605077017 ], [ 116.522737973717, 39.934320808952734 ], [ 116.520061794673254, 39.937597589341607 ], [ 116.51505125784108, 39.936841930425722 ] ] ] } },
{ "type": "Feature", "properties": { "h3_id": "8831aa4f63fffff", "bright_median_rent": 4.0, "bright_listings": 1.0, "dark_median_rent": null, "dark_listings": null }, "geometry": { "type": "Polygon", "coordinates": [ [ [ 116.333821737847273, 39.773032998007132 ], [ 116.331503223135812, 39.768994552544029 ], [ 116.334190535319379, 39.76572627779899 ], [ 116.339195839733364, 39.766496210016697 ], [ 116.341514567774809, 39.770534204731625 ], [ 116.338827778140981, 39.773802717955583 ], [ 116.333821737847273, 39.773032998007132 ] ] ] } },
{ "type": "Feature", "properties": { "h3_id": "8831aa50cbfffff", "bright_median_rent": 10.979284369114875, "bright_listings": 4.0, "dark_median_rent": null, "dark_listings": null }, "geometry": { "type": "Polygon", "coordinates": [ [ [ 116.337421787855803, 40.002111761143219 ], [ 116.335092737926033, 39.998068550066748 ], [ 116.33779170102828, 39.994788090300361 ], [ 116.342819186853589, 39.995550604011179 ], [ 116.345148451928267, 39.999593363436404 ], [ 116.342450016102347, 40.002874060780535 ], [ 116.337421787855803, 40.002111761143219 ] ] ] } },
{ "type": "Feature", "properties": { "h3_id": "8831aa585bfffff", "bright_median_rent": 4.44, "bright_listings": 1.0, "dark_median_rent": null, "dark_listings": null }, "geometry": { "type": "Polygon", "coordinates": [ [ [ 116.205851143450801, 39.900834467377528 ], [ 116.203532308515406, 39.896786661367955 ], [ 116.206239877561202, 39.893511277487086 ], [ 116.211265757748535, 39.894283459885145 ], [ 116.213584810603308, 39.898330814386497 ], [ 116.210877765421017, 39.90160643797671 ], [ 116.205851143450801, 39.900834467377528 ] ] ] } },
{ "type": "Feature", "properties": { "h3_id": "8831aa735dfffff", "bright_median_rent": 3.5019035105451115, "bright_listings": 4.0, "dark_median_rent": null, "dark_listings": null }, "geometry": { "type": "Polygon", "coordinates": [ [ [ 116.614519189720141, 39.911358299945881 ], [ 116.612182541452569, 39.907331332081874 ], [ 116.614847383308216, 39.904056419654097 ], [ 116.619848345353063, 39.904808240850379 ], [ 116.62218520039788, 39.908834757999784 ], [ 116.619520886689145, 39.912109904645781 ], [ 116.614519189720141, 39.911358299945881 ] ] ] } },
{ "type": "Feature", "properties": { "h3_id": "8831aa0901fffff", "bright_median_rent": 4.2104014706754436, "bright_listings": 3.0, "dark_median_rent": null, "dark_listings": null }, "geometry": { "type": "Polygon", "coordinates": [ [ [ 116.55177997869977, 39.960774231967108 ], [ 116.549443715316428, 39.956742960482003 ], [ 116.552117781843876, 39.953465239451994 ], [ 116.557127583267103, 39.954218555015721 ], [ 116.559464055549938, 39.958249375455239 ], [ 116.556790517578875, 39.961527331354951 ], [ 116.55177997869977, 39.960774231967108 ] ] ] } },
{ "type": "Feature", "properties": { "h3_id": "8831aa0945fffff", "bright_median_rent": 3.4076165219498979, "bright_listings": 1.0, "dark_median_rent": null, "dark_listings": null }, "geometry": { "type": "Polygon", "coordinates": [ [ [ 116.536066558335833, 39.973134292013079 ], [ 116.533730393958308, 39.969101944344729 ], [ 116.536406772291969, 39.965823522986774 ], [ 116.541418786414468, 39.966577214242484 ], [ 116.543755160224293, 39.970609110783045 ], [ 116.541079310548255, 39.973887767173998 ], [ 116.536066558335833, 39.973134292013079 ] ] ] } },
{ "type": "Feature", "properties": { "h3_id": "8831aa42e3fffff", "bright_median_rent": 6.0, "bright_listings": 1.0, "dark_median_rent": null, "dark_listings": null }, "geometry": { "type": "Polygon", "coordinates": [ [ [ 116.380037275921566, 39.909022209508038 ], [ 116.377710641284139, 39.904983189837822 ], [ 116.380400191919193, 39.901707779121928 ], [ 116.385415851469887, 39.902471150697579 ], [ 116.38774269929992, 39.906509719169058 ], [ 116.385053674455804, 39.909785367242108 ], [ 116.380037275921566, 39.909022209508038 ] ] ] } },
{ "type": "Feature", "properties": { "h3_id": "8831aa5547fffff", "bright_median_rent": 8.0, "bright_listings": 3.0, "dark_median_rent": null, "dark_listings": null }, "geometry": { "type": "Polygon", "coordinates": [ [ [ 116.384482159769902, 39.972359629022904 ], [ 116.382152457704024, 39.968319477924346 ], [ 116.384844864320314, 39.965040710188902 ], [ 116.389866445934601, 39.965801856469604 ], [ 116.392196361598295, 39.969841556128372 ], [ 116.38950448211925, 39.973120560924649 ], [ 116.384482159769902, 39.972359629022904 ] ] ] } },
{ "type": "Feature", "properties": { "h3_id": "8831aa4089fffff", "bright_median_rent": 2.7, "bright_listings": 3.0, "dark_median_rent": null, "dark_listings": null }, "geometry": { "type": "Polygon", "coordinates": [ [ [ 116.397248362131791, 39.867436641677486 ], [ 116.39492288438268, 39.863399407418235 ], [ 116.397608432150733, 39.860126254834512 ], [ 116.402618932627078, 39.860890099205548 ], [ 116.404944622750818, 39.864926882466278 ], [ 116.402259600092535, 39.868200272332992 ], [ 116.397248362131791, 39.867436641677486 ] ] ] } },
{ "type": "Feature", "properties": { "h3_id": "8831aa704dfffff", "bright_median_rent": 2.4, "bright_listings": 1.0, "dark_median_rent": null, "dark_listings": null }, "geometry": { "type": "Polygon", "coordinates": [ [ [ 116.645496752233925, 39.893963857019948 ], [ 116.643159598250548, 39.88993886601623 ], [ 116.645820255157531, 39.886664971283636 ], [ 116.65081753802896, 39.887415833662736 ], [ 116.6531548978014, 39.891440374088823 ], [ 116.650494768981602, 39.894714502691627 ], [ 116.645496752233925, 39.893963857019948 ] ] ] } },
{ "type": "Feature", "properties": { "h3_id": "8831aa4f57fffff", "bright_median_rent": 4.0754158122579174, "bright_listings": 2.0, "dark_median_rent": null, "dark_listings": null }, "geometry": { "type": "Polygon", "coordinates": [ [ [ 116.363489861208123, 39.784953292073823 ], [ 116.361169550144083, 39.780916113446679 ], [ 116.363854350229261, 39.777647276640899 ], [ 116.368858938358997, 39.778415380401 ], [ 116.371179462039635, 39.782452108291373 ], [ 116.368495185042605, 39.785721183137014 ], [ 116.363489861208123, 39.784953292073823 ] ] ] } },
{ "type": "Feature", "properties": { "h3_id": "8831aa471bfffff", "bright_median_rent": 5.0, "bright_listings": 1.0, "dark_median_rent": null, "dark_listings": null }, "geometry": { "type": "Polygon", "coordinates": [ [ [ 116.479032406162759, 39.898271688349993 ], [ 116.476702064973693, 39.894238004767679 ], [ 116.479380569153108, 39.890963419769925 ], [ 116.484388888037614, 39.891722282256232 ], [ 116.486719439611292, 39.895755514886126 ], [ 116.484041461984603, 39.899030335960518 ], [ 116.479032406162759, 39.898271688349993 ] ] ] } },
{ "type": "Feature", "properties": { "h3_id": "8831aa7313fffff", "bright_median_rent": 4.5050505050505052, "bright_listings": 1.0, "dark_median_rent": null, "dark_listings": null }, "geometry": { "type": "Polygon", "coordinates": [ [ [ 116.638161579298782, 39.889187710055808 ], [ 116.63582495119131, 39.885162442752446 ], [ 116.638486136016098, 39.881888782006108 ], [ 116.643483421098807, 39.88264015455507 ], [ 116.645820255157531, 39.886664971283636 ], [ 116.643159598250548, 39.88993886601623 ], [ 116.638161579298782, 39.889187710055808 ] ] ] } },
{ "type": "Feature", "properties": { "h3_id": "8831aa731bfffff", "bright_median_rent": 5.2433928324339281, "bright_listings": 2.0, "dark_median_rent": null, "dark_listings": null }, "geometry": { "type": "Polygon", "coordinates": [ [ [ 116.637836928278759, 39.89648720332702 ], [ 116.635499980314336, 39.892461761718828 ], [ 116.638161579298782, 39.889187710055808 ], [ 116.643159598250548, 39.88993886601623 ], [ 116.645496752233925, 39.893963857019948 ], [ 116.642835681314878, 39.897238142645932 ], [ 116.637836928278759, 39.89648720332702 ] ] ] } },
{ "type": "Feature", "properties": { "h3_id": "8831aa4d49fffff", "bright_median_rent": 4.55, "bright_listings": 1.0, "dark_median_rent": null, "dark_listings": null }, "geometry": { "type": "Polygon", "coordinates": [ [ [ 116.342617168412872, 39.748617565592177 ], [ 116.340299383393784, 39.744580108161266 ], [ 116.3429844885775, 39.741313160214219 ], [ 116.347986856708346, 39.742083431224252 ], [ 116.350304854614023, 39.746120438022984 ], [ 116.347620271570861, 39.749387624422411 ], [ 116.342617168412872, 39.748617565592177 ] ] ] } },
{ "type": "Feature", "properties": { "h3_id": "8831aa4133fffff", "bright_median_rent": 3.2, "bright_listings": 3.0, "dark_median_rent": null, "dark_listings": null }, "geometry": { "type": "Polygon", "coordinates": [ [ [ 116.308497292292387, 39.824391650076471 ], [ 116.306177532334161, 39.820350779953685 ], [ 116.308870214065379, 39.817079702167156 ], [ 116.31388213248087, 39.817849255856402 ], [ 116.316202106891225, 39.821889674974607 ], [ 116.313509948502926, 39.825160991386745 ], [ 116.308497292292387, 39.824391650076471 ] ] ] } },
{ "type": "Feature", "properties": { "h3_id": "8831aa4101fffff", "bright_median_rent": 6.0075329566854991, "bright_listings": 1.0, "dark_median_rent": null, "dark_listings": null }, "geometry": { "type": "Polygon", "coordinates": [ [ [ 116.29233181006191, 39.844023173863583 ], [ 116.290011850438546, 39.839981045013893 ], [ 116.292707273122133, 39.836708882136136 ], [ 116.297722131917183, 39.837478609318609 ], [ 116.300042306600815, 39.841520287053399 ], [ 116.297347407498179, 39.844792688699215 ], [ 116.29233181006191, 39.844023173863583 ] ] ] } },
{ "type": "Feature", "properties": { "h3_id": "8831aa4449fffff", "bright_median_rent": 4.25, "bright_listings": 2.0, "dark_median_rent": null, "dark_listings": null }, "geometry": { "type": "Polygon", "coordinates": [ [ [ 116.494058839881944, 39.900546823282468 ], [ 116.491727760121208, 39.896513866033963 ], [ 116.494404792258806, 39.893239199516266 ], [ 116.499412377478308, 39.893997254357913 ], [ 116.501743667230144, 39.898029760676522 ], [ 116.499067161840088, 39.901304663061751 ], [ 116.494058839881944, 39.900546823282468 ] ] ] } },
{ "type": "Feature", "properties": { "h3_id": "8831aa4313fffff", "bright_median_rent": 11.5, "bright_listings": 2.0, "dark_median_rent": null, "dark_listings": null }, "geometry": { "type": "Polygon", "coordinates": [ [ [ 116.320193299666968, 39.892526237910566 ], [ 116.317869958447972, 39.888484492262265 ], [ 116.320564980343647, 39.885209813639086 ], [ 116.325582818674746, 39.885976642426115 ], [ 116.327906374594434, 39.890017936821287 ], [ 116.325211877551538, 39.893292853661137 ], [ 116.320193299666968, 39.892526237910566 ] ] ] } },
{ "type": "Feature", "properties": { "h3_id": "8831aa476bfffff", "bright_median_rent": 9.0070921985815602, "bright_listings": 1.0, "dark_median_rent": null, "dark_listings": null }, "geometry": { "type": "Polygon", "coordinates": [ [ [ 116.43358500648695, 39.898742501498184 ], [ 116.431256567167182, 39.894706463559579 ], [ 116.433939908134548, 39.891431735260298 ], [ 116.438951162377606, 39.892192808196711 ], [ 116.441279813333409, 39.896228395086688 ], [ 116.438596998479042, 39.899503360067314 ], [ 116.43358500648695, 39.898742501498184 ] ] ] } },
{ "type": "Feature", "properties": { "h3_id": "8831aa4b67fffff", "bright_median_rent": 3.0, "bright_listings": 1.0, "dark_median_rent": null, "dark_listings": null }, "geometry": { "type": "Polygon", "coordinates": [ [ [ 116.167307060569357, 39.769425360293617 ], [ 116.164995797700442, 39.765378432574906 ], [ 116.167700521405678, 39.762109955514696 ], [ 116.172715987251621, 39.762888165445297 ], [ 116.175027467985345, 39.766934642108218 ], [ 116.172323265077509, 39.770203359875119 ], [ 116.167307060569357, 39.769425360293617 ] ] ] } },
{ "type": "Feature", "properties": { "h3_id": "8831aa18a5fffff", "bright_median_rent": 4.0, "bright_listings": 5.0, "dark_median_rent": null, "dark_listings": null }, "geometry": { "type": "Polygon", "coordinates": [ [ [ 116.576827161298681, 40.074971766080694 ], [ 116.574484613501482, 40.070939358796231 ], [ 116.577162000913816, 40.067655632930226 ], [ 116.582181405022851, 40.068404080225122 ], [ 116.584524161964069, 40.072436036070989 ], [ 116.581847305721354, 40.075719996038828 ], [ 116.576827161298681, 40.074971766080694 ] ] ] } },
{ "type": "Feature", "properties": { "h3_id": "8831aa7a41fffff", "bright_median_rent": 2.8515151515151516, "bright_listings": 2.0, "dark_median_rent": null, "dark_listings": null }, "geometry": { "type": "Polygon", "coordinates": [ [ [ 116.55051760648864, 39.824513229274167 ], [ 116.54818760736805, 39.820484833824473 ], [ 116.550854698193248, 39.817214381210121 ], [ 116.555851262470114, 39.817972088623911 ], [ 116.558181469415658, 39.822000033566511 ], [ 116.555514904327723, 39.825270721580786 ], [ 116.55051760648864, 39.824513229274167 ] ] ] } },
{ "type": "Feature", "properties": { "h3_id": "8831aa571dfffff", "bright_median_rent": 5.2, "bright_listings": 3.0, "dark_median_rent": null, "dark_listings": null }, "geometry": { "type": "Polygon", "coordinates": [ [ [ 116.405102267488161, 40.016040526137566 ], [ 116.40276969906401, 40.012000505306482 ], [ 116.405462216039737, 40.008719468641509 ], [ 116.41048677326485, 40.009478216164588 ], [ 116.412819555082521, 40.013517785426394 ], [ 116.410127566351065, 40.016799058712827 ], [ 116.405102267488161, 40.016040526137566 ] ] ] } },
{ "type": "Feature", "properties": { "h3_id": "8831aa50b3fffff", "bright_median_rent": 14.444444444444445, "bright_listings": 5.0, "dark_median_rent": null, "dark_listings": null }, "geometry": { "type": "Polygon", "coordinates": [ [ [ 116.35471024916032, 39.960468147793179 ], [ 116.352382355152869, 39.956426717560127 ], [ 116.355077292495608, 39.953148509455552 ], [ 116.360099597321451, 39.953911494059724 ], [ 116.36242770564786, 39.957952472839743 ], [ 116.359733294898845, 39.961230918447079 ], [ 116.35471024916032, 39.960468147793179 ] ] ] } },
{ "type": "Feature", "properties": { "h3_id": "8831aac90dfffff", "bright_median_rent": 2.0, "bright_listings": 2.0, "dark_median_rent": null, "dark_listings": null }, "geometry": { "type": "Polygon", "coordinates": [ [ [ 116.165423114420634, 40.086831806064929 ], [ 116.163097593898158, 40.082777949515147 ], [ 116.16581929741281, 40.079492630718484 ], [ 116.170865994260382, 40.080260928892208 ], [ 116.173191735411152, 40.084314333127608 ], [ 116.170470559156556, 40.087599891482363 ], [ 116.165423114420634, 40.086831806064929 ] ] ] } },
{ "type": "Feature", "properties": { "h3_id": "8831aa0b6bfffff", "bright_median_rent": 2.3, "bright_listings": 2.0, "dark_median_rent": null, "dark_listings": null }, "geometry": { "type": "Polygon", "coordinates": [ [ [ 116.534023192262069, 40.017010742361968 ], [ 116.531685109127139, 40.01297735299142 ], [ 116.534364001388255, 40.009696592436121 ], [ 116.539380447307934, 40.01044898633517 ], [ 116.541718740291074, 40.014481924401387 ], [ 116.539040377575446, 40.017762919851172 ], [ 116.534023192262069, 40.017010742361968 ] ] ] } },
{ "type": "Feature", "properties": { "h3_id": "8831aa4603fffff", "bright_median_rent": 4.0178571428571432, "bright_listings": 2.0, "dark_median_rent": 3.28, "dark_listings": 2.0 }, "geometry": { "type": "Polygon", "coordinates": [ [ [ 116.508051244251718, 39.92474386426499 ], [ 116.505718471186199, 39.920711108035157 ], [ 116.508395286730789, 39.917435189015137 ], [ 116.513404348026214, 39.918191790613498 ], [ 116.515737330897224, 39.922224095846992 ], [ 116.513061042736112, 39.925500250456786 ], [ 116.508051244251718, 39.92474386426499 ] ] ] } },
{ "type": "Feature", "properties": { "h3_id": "8831aa55e1fffff", "bright_median_rent": 13.888888888888889, "bright_listings": 2.0, "dark_median_rent": null, "dark_listings": null }, "geometry": { "type": "Polygon", "coordinates": [ [ [ 116.423749978740901, 39.945136578113456 ], [ 116.421419846603428, 39.941099034565873 ], [ 116.424106661440916, 39.937821811388424 ], [ 116.429123081515812, 39.938581895098352 ], [ 116.431453425943545, 39.94261898739348 ], [ 116.42876713807523, 39.945896447209577 ], [ 116.423749978740901, 39.945136578113456 ] ] ] } },
{ "type": "Feature", "properties": { "h3_id": "8831aacd35fffff", "bright_median_rent": 8.0, "bright_listings": 3.0, "dark_median_rent": null, "dark_listings": null }, "geometry": { "type": "Polygon", "coordinates": [ [ [ 116.334458592339189, 40.060721437339772 ], [ 116.332127001526743, 40.056676827586088 ], [ 116.334829370428039, 40.053393254921453 ], [ 116.339862801756823, 40.054154054591351 ], [ 116.342194608289219, 40.058198212458883 ], [ 116.339492767842756, 40.061482022521204 ], [ 116.334458592339189, 40.060721437339772 ] ] ] } },
{ "type": "Feature", "properties": { "h3_id": "8831aa72e5fffff", "bright_median_rent": 7.58, "bright_listings": 1.0, "dark_median_rent": null, "dark_listings": null }, "geometry": { "type": "Polygon", "coordinates": [ [ [ 116.682816838793656, 39.903236011257512 ], [ 116.68047769685316, 39.899212751166978 ], [ 116.68313488546795, 39.895938469975953 ], [ 116.688130687453494, 39.896687215517254 ], [ 116.690470034236725, 39.900710025076165 ], [ 116.687813374259889, 39.903984539603599 ], [ 116.682816838793656, 39.903236011257512 ] ] ] } },
{ "type": "Feature", "properties": { "h3_id": "8831aa4655fffff", "bright_median_rent": 5.3015873015873014, "bright_listings": 2.0, "dark_median_rent": null, "dark_listings": null }, "geometry": { "type": "Polygon", "coordinates": [ [ [ 116.50736285886893, 39.939362910410907 ], [ 116.505029448507742, 39.935329804450326 ], [ 116.507707101645664, 39.932053104787954 ], [ 116.512717637535658, 39.93280927552069 ], [ 116.51505125784108, 39.936841930425722 ], [ 116.512374132381183, 39.940118865631966 ], [ 116.50736285886893, 39.939362910410907 ] ] ] } },
{ "type": "Feature", "properties": { "h3_id": "8831aa5a07fffff", "bright_median_rent": 3.15, "bright_listings": 2.0, "dark_median_rent": null, "dark_listings": null }, "geometry": { "type": "Polygon", "coordinates": [ [ [ 116.181855198723611, 39.922996209253718 ], [ 116.179536390701415, 39.9189466924472 ], [ 116.182247671946527, 39.915670079421865 ], [ 116.187277237213095, 39.916442743234718 ], [ 116.189596264005075, 39.920491808399753 ], [ 116.18688550683045, 39.923768661372073 ], [ 116.181855198723611, 39.922996209253718 ] ] ] } },
{ "type": "Feature", "properties": { "h3_id": "8831aacdbbfffff", "bright_median_rent": 7.555, "bright_listings": 2.0, "dark_median_rent": null, "dark_listings": null }, "geometry": { "type": "Polygon", "coordinates": [ [ [ 116.403300948514698, 40.052654266681301 ], [ 116.400966787312868, 40.048613374984747 ], [ 116.403661422624708, 40.045330392080871 ], [ 116.408689690225344, 40.04608806434414 ], [ 116.411024065175994, 40.050128504324732 ], [ 116.408329958846821, 40.053411723736453 ], [ 116.403300948514698, 40.052654266681301 ] ] ] } },
{ "type": "Feature", "properties": { "h3_id": "8831aa50d1fffff", "bright_median_rent": 6.4102564102564106, "bright_listings": 3.0, "dark_median_rent": null, "dark_listings": null }, "geometry": { "type": "Polygon", "coordinates": [ [ [ 116.35287342637514, 39.997074817776145 ], [ 116.350543946389948, 39.993032509976906 ], [ 116.353241005236015, 39.989752353922 ], [ 116.358267016808369, 39.990514268254579 ], [ 116.360596711469753, 39.994556124453226 ], [ 116.357900179952125, 39.997836517898406 ], [ 116.35287342637514, 39.997074817776145 ] ] ] } },
{ "type": "Feature", "properties": { "h3_id": "8831aa4d65fffff", "bright_median_rent": 2.17, "bright_listings": 3.0, "dark_median_rent": null, "dark_listings": null }, "geometry": { "type": "Polygon", "coordinates": [ [ [ 116.321396943727819, 39.719582709518804 ], [ 116.319081367707, 39.715544798204427 ], [ 116.321767195981025, 39.712279349433835 ], [ 116.326768079005191, 39.713051573114221 ], [ 116.329083868251914, 39.717089033871623 ], [ 116.326398561317063, 39.720354721484171 ], [ 116.321396943727819, 39.719582709518804 ] ] ] } },
{ "type": "Feature", "properties": { "h3_id": "8831aa4d4dfffff", "bright_median_rent": 6.1014492753623184, "bright_listings": 2.0, "dark_median_rent": null, "dark_listings": null }, "geometry": { "type": "Polygon", "coordinates": [ [ [ 116.335296285324063, 39.743809539449863 ], [ 116.332979027523493, 39.739771810710153 ], [ 116.335664654677075, 39.736505101330657 ], [ 116.34066701772997, 39.737275882101841 ], [ 116.3429844885775, 39.741313160214219 ], [ 116.340299383393784, 39.744580108161266 ], [ 116.335296285324063, 39.743809539449863 ] ] ] } },
{ "type": "Feature", "properties": { "h3_id": "8831aa489bfffff", "bright_median_rent": 3.2, "bright_listings": 1.0, "dark_median_rent": null, "dark_listings": null }, "geometry": { "type": "Polygon", "coordinates": [ [ [ 116.327606409082165, 39.746305773691603 ], [ 116.325289364559566, 39.742267594299086 ], [ 116.327975934717941, 39.739000732149407 ], [ 116.332979027523493, 39.739771810710153 ], [ 116.335296285324063, 39.743809539449863 ], [ 116.332610237109719, 39.747076640260175 ], [ 116.327606409082165, 39.746305773691603 ] ] ] } },
{ "type": "Feature", "properties": { "h3_id": "8831aa5b4bfffff", "bright_median_rent": 7.75, "bright_listings": 1.0, "dark_median_rent": null, "dark_listings": null }, "geometry": { "type": "Polygon", "coordinates": [ [ [ 116.128822203136352, 39.918533425839975 ], [ 116.126505873796404, 39.914481281840537 ], [ 116.129222538477052, 39.911204793006895 ], [ 116.134255009133753, 39.911980207481577 ], [ 116.136571558669502, 39.916031899758117 ], [ 116.133855417422637, 39.91930862926155 ], [ 116.128822203136352, 39.918533425839975 ] ] ] } },
{ "type": "Feature", "properties": { "h3_id": "8831aacf23fffff", "bright_median_rent": 7.03, "bright_listings": 2.0, "dark_median_rent": null, "dark_listings": null }, "geometry": { "type": "Polygon", "coordinates": [ [ [ 116.324114195257451, 40.114561771072758 ], [ 116.321780593114909, 40.110515491333658 ], [ 116.324486905822496, 40.10722904707012 ], [ 116.329526291279933, 40.107988645190332 ], [ 116.331860109883579, 40.112034472813782 ], [ 116.329154326638772, 40.115321154411149 ], [ 116.324114195257451, 40.114561771072758 ] ] ] } },
{ "type": "Feature", "properties": { "h3_id": "8831aa5467fffff", "bright_median_rent": 7.5, "bright_listings": 1.0, "dark_median_rent": null, "dark_listings": null }, "geometry": { "type": "Polygon", "coordinates": [ [ [ 116.421607698859106, 39.989037044881456 ], [ 116.419275658937849, 39.984998450867757 ], [ 116.42196500569537, 39.981718888621486 ], [ 116.426985864591288, 39.982477683864865 ], [ 116.429318117226174, 39.986515826448908 ], [ 116.426629298320876, 39.98979562519763 ], [ 116.421607698859106, 39.989037044881456 ] ] ] } },
{ "type": "Feature", "properties": { "h3_id": "8831aa58cbfffff", "bright_median_rent": 3.7997256515775031, "bright_listings": 1.0, "dark_median_rent": null, "dark_listings": null }, "geometry": { "type": "Polygon", "coordinates": [ [ [ 116.237159765082339, 39.883498167913281 ], [ 116.234840374385413, 39.879452345811664 ], [ 116.23754371373019, 39.876177953517626 ], [ 116.242565920012709, 39.876949143947328 ], [ 116.244885527619516, 39.880994514669503 ], [ 116.242182712103315, 39.884269146320072 ], [ 116.237159765082339, 39.883498167913281 ] ] ] } },
{ "type": "Feature", "properties": { "h3_id": "8831aa5437fffff", "bright_median_rent": 5.0, "bright_listings": 1.0, "dark_median_rent": null, "dark_listings": null }, "geometry": { "type": "Polygon", "coordinates": [ [ [ 116.452791906734433, 39.971635565217383 ], [ 116.450459335819872, 39.967598951444515 ], [ 116.45314446281877, 39.964320392503062 ], [ 116.458161632997474, 39.965078211161533 ], [ 116.46049441562252, 39.969114373637424 ], [ 116.457809816427542, 39.972393168730221 ], [ 116.452791906734433, 39.971635565217383 ] ] ] } },
{ "type": "Feature", "properties": { "h3_id": "8831aa50b5fffff", "bright_median_rent": 12.72222222222222, "bright_listings": 2.0, "dark_median_rent": null, "dark_listings": null }, "geometry": { "type": "Polygon", "coordinates": [ [ [ 116.339639649306108, 39.958178210608821 ], [ 116.33731250143353, 39.954136053305753 ], [ 116.34000891577459, 39.950857930797476 ], [ 116.345031951662733, 39.951621727858353 ], [ 116.347359314250511, 39.955663433687285 ], [ 116.34466342630445, 39.958941793908004 ], [ 116.339639649306108, 39.958178210608821 ] ] ] } },
{ "type": "Feature", "properties": { "h3_id": "8831aa4e19fffff", "bright_median_rent": 5.4333333333333336, "bright_listings": 2.0, "dark_median_rent": null, "dark_listings": null }, "geometry": { "type": "Polygon", "coordinates": [ [ [ 116.422470127946596, 39.816064007778671 ], [ 116.420145911861738, 39.812029189260898 ], [ 116.422826102881388, 39.808758842412367 ], [ 116.427829985746158, 39.809523076921543 ], [ 116.430154413089767, 39.81355744469753 ], [ 116.427474746378479, 39.816828028684611 ], [ 116.422470127946596, 39.816064007778671 ] ] ] } },
{ "type": "Feature", "properties": { "h3_id": "8831aa4235fffff", "bright_median_rent": 8.0, "bright_listings": 2.0, "dark_median_rent": 10.0, "dark_listings": 1.0 }, "geometry": { "type": "Polygon", "coordinates": [ [ [ 116.342222256226165, 39.906948139458997 ], [ 116.339897323525861, 39.902907216706957 ], [ 116.342590770346376, 39.899631823781213 ], [ 116.34760862456676, 39.900397115716785 ], [ 116.349933771482426, 39.904437587202288 ], [ 116.347240850031554, 39.907713217997269 ], [ 116.342222256226165, 39.906948139458997 ] ] ] } },
{ "type": "Feature", "properties": { "h3_id": "8831aa42c5fffff", "bright_median_rent": 19.5, "bright_listings": 2.0, "dark_median_rent": null, "dark_listings": null }, "geometry": { "type": "Polygon", "coordinates": [ [ [ 116.379311126830729, 39.923652769672955 ], [ 116.376983858660807, 39.91961339745756 ], [ 116.379674254240783, 39.916337206416216 ], [ 116.384691391975949, 39.917100150256552 ], [ 116.387018873480287, 39.921139071213844 ], [ 116.384329003984277, 39.924415499567367 ], [ 116.379311126830729, 39.923652769672955 ] ] ] } },
{ "type": "Feature", "properties": { "h3_id": "8831aa5513fffff", "bright_median_rent": 55.56, "bright_listings": 1.0, "dark_median_rent": null, "dark_listings": null }, "geometry": { "type": "Polygon", "coordinates": [ [ [ 116.423036301568033, 39.959767807461887 ], [ 116.420705533847254, 39.955729913306435 ], [ 116.423393192131755, 39.95245191019589 ], [ 116.428411090943015, 39.953211564625946 ], [ 116.430742071095111, 39.957249007469805 ], [ 116.428054940073821, 39.960527247173644 ], [ 116.423036301568033, 39.959767807461887 ] ] ] } },
{ "type": "Feature", "properties": { "h3_id": "8831aa5445fffff", "bright_median_rent": 5.0, "bright_listings": 1.0, "dark_median_rent": 9.2592592592592595, "dark_listings": 1.0 }, "geometry": { "type": "Polygon", "coordinates": [ [ [ 116.428249061746257, 40.00847186667098 ], [ 116.425915853843222, 40.004433200470835 ], [ 116.428605517480634, 40.001152622565868 ], [ 116.433627860770812, 40.001910474498814 ], [ 116.435961281365849, 40.005948689206726 ], [ 116.433272146048097, 40.00922950345236 ], [ 116.428249061746257, 40.00847186667098 ] ] ] } },
{ "type": "Feature", "properties": { "h3_id": "8831aa4eddfffff", "bright_median_rent": 5.025125628140704, "bright_listings": 1.0, "dark_median_rent": null, "dark_listings": null }, "geometry": { "type": "Polygon", "coordinates": [ [ [ 116.460524487085664, 39.810832477255069 ], [ 116.458198900532409, 39.806799734919295 ], [ 116.460874794214632, 39.803529767854833 ], [ 116.465875749941958, 39.80429230645354 ], [ 116.468201546669377, 39.808324598147152 ], [ 116.465526177563774, 39.811594801862597 ], [ 116.460524487085664, 39.810832477255069 ] ] ] } },
{ "type": "Feature", "properties": { "h3_id": "8831aa72e7fffff", "bright_median_rent": 4.0, "bright_listings": 1.0, "dark_median_rent": null, "dark_listings": null }, "geometry": { "type": "Polygon", "coordinates": [ [ [ 116.690470034236725, 39.900710025076165 ], [ 116.688130687453494, 39.896687215517254 ], [ 116.690786934688205, 39.893413091921239 ], [ 116.695782000115244, 39.894161544618598 ], [ 116.69812155151179, 39.898183903673022 ], [ 116.695465832936151, 39.90145826051274 ], [ 116.690470034236725, 39.900710025076165 ] ] ] } },
{ "type": "Feature", "properties": { "h3_id": "8831aa4d6bfffff", "bright_median_rent": 8.3333333333333339, "bright_listings": 1.0, "dark_median_rent": null, "dark_listings": null }, "geometry": { "type": "Polygon", "coordinates": [ [ [ 116.336032917116682, 39.729201234162439 ], [ 116.333716287264394, 39.725163864456057 ], [ 116.336401072689455, 39.721897938116584 ], [ 116.341401966355136, 39.7226691428503 ], [ 116.343718809113042, 39.726706061989844 ], [ 116.341034545368288, 39.729972226941079 ], [ 116.336032917116682, 39.729201234162439 ] ] ] } },
{ "type": "Feature", "properties": { "h3_id": "8831aa51b9fffff", "bright_median_rent": 6.5, "bright_listings": 1.0, "dark_median_rent": null, "dark_listings": null }, "geometry": { "type": "Polygon", "coordinates": [ [ [ 116.295166469178213, 39.93664992869207 ], [ 116.292842195052415, 39.932605944160095 ], [ 116.295542189474517, 39.929328860532181 ], [ 116.300565932587674, 39.930095523028776 ], [ 116.302890422473652, 39.934139056083517 ], [ 116.30019095355577, 39.937416378097431 ], [ 116.295166469178213, 39.93664992869207 ] ] ] } },
{ "type": "Feature", "properties": { "h3_id": "8831aa42a3fffff", "bright_median_rent": 10.0, "bright_listings": 1.0, "dark_median_rent": null, "dark_listings": null }, "geometry": { "type": "Polygon", "coordinates": [ [ [ 116.38846610378306, 39.891882633246212 ], [ 116.386139889284735, 39.887844417711776 ], [ 116.388827648138317, 39.884569940513906 ], [ 116.393841096035814, 39.885333441520146 ], [ 116.396167523352716, 39.889371205940982 ], [ 116.393480290022552, 39.892645920447634 ], [ 116.38846610378306, 39.891882633246212 ] ] ] } },
{ "type": "Feature", "properties": { "h3_id": "8831aa4601fffff", "bright_median_rent": 4.5020576131687244, "bright_listings": 1.0, "dark_median_rent": 11.11, "dark_listings": 21.0 }, "geometry": { "type": "Polygon", "coordinates": [ [ [ 116.500363475205347, 39.927263491116577 ], [ 116.498030912177029, 39.923230283864292 ], [ 116.500708673812909, 39.919954210175874 ], [ 116.505718471186199, 39.920711108035157 ], [ 116.508051244251718, 39.92474386426499 ], [ 116.505374009975554, 39.928020173636327 ], [ 116.500363475205347, 39.927263491116577 ] ] ] } },
{ "type": "Feature", "properties": { "h3_id": "8831aa404dfffff", "bright_median_rent": 13.33, "bright_listings": 1.0, "dark_median_rent": null, "dark_listings": null }, "geometry": { "type": "Polygon", "coordinates": [ [ [ 116.327535749269416, 39.897334325157779 ], [ 116.325211877551538, 39.893292853661137 ], [ 116.327906374594434, 39.890017936821287 ], [ 116.332924218399327, 39.890784253355775 ], [ 116.335248304656147, 39.894825273594797 ], [ 116.332554332638324, 39.898100428535479 ], [ 116.327535749269416, 39.897334325157779 ] ] ] } },
{ "type": "Feature", "properties": { "h3_id": "8831aa7223fffff", "bright_median_rent": 3.4313725490196076, "bright_listings": 1.0, "dark_median_rent": null, "dark_listings": null }, "geometry": { "type": "Polygon", "coordinates": [ [ [ 116.65250990616758, 39.906038625303054 ], [ 116.650171906149197, 39.902013736723546 ], [ 116.652832448833436, 39.8987392172507 ], [ 116.657830463200099, 39.899489352604753 ], [ 116.660168668912803, 39.903513790574209 ], [ 116.657508654632821, 39.90678854377785 ], [ 116.65250990616758, 39.906038625303054 ] ] ] } },
{ "type": "Feature", "properties": { "h3_id": "8831aa4203fffff", "bright_median_rent": 7.7666666666666657, "bright_listings": 2.0, "dark_median_rent": null, "dark_listings": null }, "geometry": { "type": "Polygon", "coordinates": [ [ [ 116.348831075530825, 39.926388123875377 ], [ 116.34650497955441, 39.922347122707599 ], [ 116.349198747913718, 39.919070711772051 ], [ 116.354218086483996, 39.919835064274281 ], [ 116.356544396656304, 39.923875614111772 ], [ 116.353851154131661, 39.927152262755854 ], [ 116.348831075530825, 39.926388123875377 ] ] ] } },
{ "type": "Feature", "properties": { "h3_id": "8831aa5589fffff", "bright_median_rent": 5.8, "bright_listings": 1.0, "dark_median_rent": null, "dark_listings": null }, "geometry": { "type": "Polygon", "coordinates": [ [ [ 116.446148553511293, 39.952210974118238 ], [ 116.443817149195482, 39.948174433820277 ], [ 116.446501961524646, 39.94489689106468 ], [ 116.451517650901152, 39.945655652272428 ], [ 116.453849266949646, 39.949691741336203 ], [ 116.451164981958016, 39.952969520404871 ], [ 116.446148553511293, 39.952210974118238 ] ] ] } },
{ "type": "Feature", "properties": { "h3_id": "8831aa5433fffff", "bright_median_rent": 12.0, "bright_listings": 1.0, "dark_median_rent": null, "dark_listings": null }, "geometry": { "type": "Polygon", "coordinates": [ [ [ 116.460142917584207, 39.97642950585341 ], [ 116.457809816427542, 39.972393168730221 ], [ 116.46049441562252, 39.969114373637424 ], [ 116.465511588067557, 39.969871679611138 ], [ 116.467844900772079, 39.973907565433805 ], [ 116.465160829552858, 39.977186596561666 ], [ 116.460142917584207, 39.97642950585341 ] ] ] } },
{ "type": "Feature", "properties": { "h3_id": "8831aa40d3fffff", "bright_median_rent": 10.166666666666666, "bright_listings": 3.0, "dark_median_rent": 10.166666666666666, "dark_listings": 3.0 }, "geometry": { "type": "Polygon", "coordinates": [ [ [ 116.419618600732477, 39.874525780866868 ], [ 116.417291853173467, 39.870489546151482 ], [ 116.419975404474414, 39.867216072629965 ], [ 116.424985177925748, 39.867978596844061 ], [ 116.427312137304085, 39.872014380578399 ], [ 116.42462911148057, 39.875288091058124 ], [ 116.419618600732477, 39.874525780866868 ] ] ] } },
{ "type": "Feature", "properties": { "h3_id": "8831aa09b3fffff", "bright_median_rent": 3.6, "bright_listings": 1.0, "dark_median_rent": null, "dark_listings": null }, "geometry": { "type": "Polygon", "coordinates": [ [ [ 116.62153082774681, 39.923438998560215 ], [ 116.619193332823912, 39.919412133245309 ], [ 116.621858061629453, 39.91613659593424 ], [ 116.626859756961778, 39.916887689837459 ], [ 116.629197458567461, 39.920914104405256 ], [ 116.626533258226416, 39.924189875795143 ], [ 116.62153082774681, 39.923438998560215 ] ] ] } },
{ "type": "Feature", "properties": { "h3_id": "8831aa5559fffff", "bright_median_rent": 5.0, "bright_listings": 3.0, "dark_median_rent": null, "dark_listings": null }, "geometry": { "type": "Polygon", "coordinates": [ [ [ 116.406541432035098, 39.986759680525807 ], [ 116.404210136279502, 39.982720358429404 ], [ 116.406900960966553, 39.979440879859958 ], [ 116.411922553823786, 39.980200486653118 ], [ 116.414254062689253, 39.984239357297959 ], [ 116.41156376565695, 39.987519072579644 ], [ 116.406541432035098, 39.986759680525807 ] ] ] } },
{ "type": "Feature", "properties": { "h3_id": "8831aa50c7fffff", "bright_median_rent": 11.295116772823778, "bright_listings": 4.0, "dark_median_rent": 7.2222222222222223, "dark_listings": 3.0 }, "geometry": { "type": "Polygon", "coordinates": [ [ [ 116.330435487752283, 39.989982026979362 ], [ 116.328107287420323, 39.985938715089809 ], [ 116.330806352352965, 39.982658882429412 ], [ 116.3358330907311, 39.983422123920725 ], [ 116.33816150629896, 39.98746498419267 ], [ 116.335462968322375, 39.99074505456943 ], [ 116.330435487752283, 39.989982026979362 ] ] ] } },
{ "type": "Feature", "properties": { "h3_id": "8831aa094dfffff", "bright_median_rent": 3.5929680482484283, "bright_listings": 1.0, "dark_median_rent": null, "dark_listings": null }, "geometry": { "type": "Polygon", "coordinates": [ [ [ 116.535726245292949, 39.980445624957134 ], [ 116.533389761339933, 39.97641310338885 ], [ 116.536066558335833, 39.973134292013079 ], [ 116.541079310548255, 39.973887767173998 ], [ 116.543416004002864, 39.977919837585056 ], [ 116.540739735812394, 39.981198883970755 ], [ 116.535726245292949, 39.980445624957134 ] ] ] } },
{ "type": "Feature", "properties": { "h3_id": "8831aa55e7fffff", "bright_median_rent": 7.6715686274509798, "bright_listings": 2.0, "dark_median_rent": null, "dark_listings": null }, "geometry": { "type": "Polygon", "coordinates": [ [ [ 116.424106661440916, 39.937821811388424 ], [ 116.421776846966026, 39.933784443314337 ], [ 116.424463240277092, 39.930507610194539 ], [ 116.429478921309965, 39.931267908465934 ], [ 116.431808948004743, 39.935304825317218 ], [ 116.429123081515812, 39.938581895098352 ], [ 116.424106661440916, 39.937821811388424 ] ] ] } },
{ "type": "Feature", "properties": { "h3_id": "8831aa55a9fffff", "bright_median_rent": 5.5555555555555554, "bright_listings": 3.0, "dark_median_rent": null, "dark_listings": null }, "geometry": { "type": "Polygon", "coordinates": [ [ [ 116.431808948004743, 39.935304825317218 ], [ 116.429478921309965, 39.931267908465934 ], [ 116.432164366550751, 39.927991228780456 ], [ 116.437179311708348, 39.928751229356692 ], [ 116.439509550390255, 39.932787695010902 ], [ 116.436824631996458, 39.936064611264342 ], [ 116.431808948004743, 39.935304825317218 ] ] ] } },
{ "type": "Feature", "properties": { "h3_id": "8831aa4407fffff", "bright_median_rent": 6.0030864197530862, "bright_listings": 2.0, "dark_median_rent": null, "dark_listings": null }, "geometry": { "type": "Polygon", "coordinates": [ [ [ 116.503122254473794, 39.868805085549639 ], [ 116.500792236617812, 39.86477328196726 ], [ 116.503466650865391, 39.86150033295533 ], [ 116.508470556853666, 39.86225895163836 ], [ 116.510800784192327, 39.866290304436113 ], [ 116.508126896128658, 39.869563489313848 ], [ 116.503122254473794, 39.868805085549639 ] ] ] } },
{ "type": "Feature", "properties": { "h3_id": "8831aa4629fffff", "bright_median_rent": 4.6, "bright_listings": 1.0, "dark_median_rent": null, "dark_listings": null }, "geometry": { "type": "Polygon", "coordinates": [ [ [ 116.485677812325477, 39.917681900376117 ], [ 116.483346306599898, 39.91364814136044 ], [ 116.486025122442129, 39.910372539386067 ], [ 116.491034917061114, 39.911130460490689 ], [ 116.493366633148426, 39.91516376849092 ], [ 116.490688344323871, 39.918439606380346 ], [ 116.485677812325477, 39.917681900376117 ] ] ] } },
{ "type": "Feature", "properties": { "h3_id": "8831aa425bfffff", "bright_median_rent": 6.0, "bright_listings": 1.0, "dark_median_rent": null, "dark_listings": null }, "geometry": { "type": "Polygon", "coordinates": [ [ [ 116.362793584314147, 39.950633438203504 ], [ 116.36046579299736, 39.946592635246837 ], [ 116.363159356366097, 39.943314969202845 ], [ 116.368180184648168, 39.944077868662298 ], [ 116.37050818997902, 39.948118220220934 ], [ 116.367815153083072, 39.951396123696632 ], [ 116.362793584314147, 39.950633438203504 ] ] ] } },
{ "type": "Feature", "properties": { "h3_id": "8831aa55ddfffff", "bright_median_rent": 10.42, "bright_listings": 1.0, "dark_median_rent": 8.7, "dark_listings": 1.0 }, "geometry": { "type": "Polygon", "coordinates": [ [ [ 116.45314446281877, 39.964320392503062 ], [ 116.450812210279224, 39.960283953520175 ], [ 116.453496916208891, 39.957005784484728 ], [ 116.458513347090658, 39.957763818236494 ], [ 116.460845811270531, 39.961799805951976 ], [ 116.458161632997474, 39.965078211161533 ], [ 116.45314446281877, 39.964320392503062 ] ] ] } },
{ "type": "Feature", "properties": { "h3_id": "8831aa0355fffff", "bright_median_rent": 9.3333333333333339, "bright_listings": 1.0, "dark_median_rent": 7.9166666666666661, "dark_listings": 2.0 }, "geometry": { "type": "Polygon", "coordinates": [ [ [ 116.657205138718325, 40.142144952191664 ], [ 116.654856108400267, 40.138115287466121 ], [ 116.657528478496857, 40.134828214943383 ], [ 116.662549345622992, 40.135570574355654 ], [ 116.664898583415805, 40.139599787558247 ], [ 116.662226746677007, 40.142887092849669 ], [ 116.657205138718325, 40.142144952191664 ] ] ] } },
{ "type": "Feature", "properties": { "h3_id": "8831aa58b1fffff", "bright_median_rent": 2.0, "bright_listings": 1.0, "dark_median_rent": null, "dark_listings": null }, "geometry": { "type": "Polygon", "coordinates": [ [ [ 116.246798322533522, 39.844402137820992 ], [ 116.244480286569299, 39.840357658757341 ], [ 116.247180547512329, 39.837085368662514 ], [ 116.252198321359998, 39.837857318236999 ], [ 116.254516573638981, 39.841901346095547 ], [ 116.251816835824727, 39.845173875563333 ], [ 116.246798322533522, 39.844402137820992 ] ] ] } },
{ "type": "Feature", "properties": { "h3_id": "8831aa4549fffff", "bright_median_rent": 3.2, "bright_listings": 4.0, "dark_median_rent": null, "dark_listings": null }, "geometry": { "type": "Polygon", "coordinates": [ [ [ 116.442694170465543, 39.866991149562168 ], [ 116.440366788143947, 39.862956267712576 ], [ 116.443047502730536, 39.859683255513048 ], [ 116.448055074155988, 39.860444888462872 ], [ 116.450382667601701, 39.864479319408908 ], [ 116.447702478566569, 39.867752568287095 ], [ 116.442694170465543, 39.866991149562168 ] ] ] } },
{ "type": "Feature", "properties": { "h3_id": "8831aa441dfffff", "bright_median_rent": 5.56, "bright_listings": 1.0, "dark_median_rent": null, "dark_listings": null }, "geometry": { "type": "Polygon", "coordinates": [ [ [ 116.51779315672934, 39.87838416438121 ], [ 116.515462084086792, 39.874352910867856 ], [ 116.518135445796091, 39.871079490240106 ], [ 116.523139353691832, 39.871837087470006 ], [ 116.525470635493377, 39.875867890191586 ], [ 116.522797800308794, 39.87914154645339 ], [ 116.51779315672934, 39.87838416438121 ] ] ] } },
{ "type": "Feature", "properties": { "h3_id": "8831aa519bfffff", "bright_median_rent": 6.665, "bright_listings": 2.0, "dark_median_rent": null, "dark_listings": null }, "geometry": { "type": "Polygon", "coordinates": [ [ [ 116.317215953416735, 39.951078041049257 ], [ 116.314890083997369, 39.94703488151336 ], [ 116.317588501387931, 39.943757083075198 ], [ 116.322612262244334, 39.944522206113405 ], [ 116.324938346937429, 39.948564914158574 ], [ 116.322240455569897, 39.95184295063487 ], [ 116.317215953416735, 39.951078041049257 ] ] ] } },
{ "type": "Feature", "properties": { "h3_id": "8831aa4299fffff", "bright_median_rent": 9.1666666666666661, "bright_listings": 2.0, "dark_median_rent": null, "dark_listings": null }, "geometry": { "type": "Polygon", "coordinates": [ [ [ 116.4174755968059, 39.918395932962667 ], [ 116.415146947044022, 39.914358640827068 ], [ 116.417833024053053, 39.911082824827105 ], [ 116.422847224536298, 39.911844064118583 ], [ 116.425176086539381, 39.915880905094582 ], [ 116.422490535887093, 39.919156957917153 ], [ 116.4174755968059, 39.918395932962667 ] ] ] } },
{ "type": "Feature", "properties": { "h3_id": "8831aa570dfffff", "bright_median_rent": 7.8888888888888893, "bright_listings": 2.0, "dark_median_rent": null, "dark_listings": null }, "geometry": { "type": "Polygon", "coordinates": [ [ [ 116.382303710120794, 40.01628500019541 ], [ 116.379972101364913, 40.012243799104752 ], [ 116.382667049858782, 40.00896269418628 ], [ 116.387693079157486, 40.009722553411699 ], [ 116.390024901938091, 40.013763302885749 ], [ 116.387330481464829, 40.017044644729431 ], [ 116.382303710120794, 40.01628500019541 ] ] ] } },
{ "type": "Feature", "properties": { "h3_id": "8831aa4131fffff", "bright_median_rent": 6.5079365079365079, "bright_listings": 1.0, "dark_median_rent": null, "dark_listings": null }, "geometry": { "type": "Polygon", "coordinates": [ [ [ 116.300790799073283, 39.826893478266072 ], [ 116.298471253799619, 39.822852157113424 ], [ 116.301164882053826, 39.819580927327436 ], [ 116.306177532334161, 39.820350779953685 ], [ 116.308497292292387, 39.824391650076471 ], [ 116.305804187354767, 39.827663118581455 ], [ 116.300790799073283, 39.826893478266072 ] ] ] } },
{ "type": "Feature", "properties": { "h3_id": "8831aacd37fffff", "bright_median_rent": 4.0, "bright_listings": 3.0, "dark_median_rent": null, "dark_listings": null }, "geometry": { "type": "Polygon", "coordinates": [ [ [ 116.342194608289219, 40.058198212458883 ], [ 116.339862801756823, 40.054154054591351 ], [ 116.342564216159303, 40.050870633402496 ], [ 116.347596908682917, 40.051631132755951 ], [ 116.349928930699974, 40.055674838762606 ], [ 116.347228044778618, 40.058958497255205 ], [ 116.342194608289219, 40.058198212458883 ] ] ] } },
{ "type": "Feature", "properties": { "h3_id": "8831aa4413fffff", "bright_median_rent": 5.5, "bright_listings": 2.0, "dark_median_rent": null, "dark_listings": null }, "geometry": { "type": "Polygon", "coordinates": [ [ [ 116.533146435315317, 39.873351475632866 ], [ 116.530814944585643, 39.869321123676762 ], [ 116.533486418701187, 39.866048013482306 ], [ 116.538488857043433, 39.866805019774134 ], [ 116.54082055647045, 39.870834920991093 ], [ 116.538149608926417, 39.874108266633677 ], [ 116.533146435315317, 39.873351475632866 ] ] ] } },
{ "type": "Feature", "properties": { "h3_id": "8831aa5419fffff", "bright_median_rent": 6.0, "bright_listings": 2.0, "dark_median_rent": null, "dark_listings": null }, "geometry": { "type": "Polygon", "coordinates": [ [ [ 116.466442528502327, 40.003171315704243 ], [ 116.464107940525878, 39.999134732542288 ], [ 116.466793274855334, 39.995854532198358 ], [ 116.471812668639913, 39.996610679144567 ], [ 116.474147468211811, 40.000646810914134 ], [ 116.47146266247286, 40.003927247108251 ], [ 116.466442528502327, 40.003171315704243 ] ] ] } },
{ "type": "Feature", "properties": { "h3_id": "8831aa5a93fffff", "bright_median_rent": 10.42, "bright_listings": 2.0, "dark_median_rent": null, "dark_listings": null }, "geometry": { "type": "Polygon", "coordinates": [ [ [ 116.266154638126494, 39.910080202127716 ], [ 116.26383280634947, 39.906035297003449 ], [ 116.266534475133653, 39.9027595579973 ], [ 116.271557451098218, 39.903528485222473 ], [ 116.273879499210992, 39.907572938917916 ], [ 116.271178355092943, 39.910848916795622 ], [ 116.266154638126494, 39.910080202127716 ] ] ] } },
{ "type": "Feature", "properties": { "h3_id": "8831aa5529fffff", "bright_median_rent": 9.52, "bright_listings": 2.0, "dark_median_rent": null, "dark_listings": null }, "geometry": { "type": "Polygon", "coordinates": [ [ [ 116.377857558974071, 39.952920682710712 ], [ 116.37552902271068, 39.94888060676049 ], [ 116.378221109763189, 39.945602855797375 ], [ 116.383241206477464, 39.9463649435409 ], [ 116.385569956359106, 39.950404568114443 ], [ 116.3828783959775, 39.95368255629964 ], [ 116.377857558974071, 39.952920682710712 ] ] ] } },
{ "type": "Feature", "properties": { "h3_id": "8831aa4607fffff", "bright_median_rent": 9.5833333333333339, "bright_listings": 3.0, "dark_median_rent": null, "dark_listings": null }, "geometry": { "type": "Polygon", "coordinates": [ [ [ 116.500708673812909, 39.919954210175874 ], [ 116.498376429233261, 39.915921177987855 ], [ 116.501053771990328, 39.912645494673633 ], [ 116.50606283218336, 39.913402607819954 ], [ 116.508395286730789, 39.917435189015137 ], [ 116.505718471186199, 39.920711108035157 ], [ 116.500708673812909, 39.919954210175874 ] ] ] } },
{ "type": "Feature", "properties": { "h3_id": "8831aa465dfffff", "bright_median_rent": 6.7916666666666661, "bright_listings": 3.0, "dark_median_rent": null, "dark_listings": null }, "geometry": { "type": "Polygon", "coordinates": [ [ [ 116.507018515877718, 39.946673280960617 ], [ 116.504684786738935, 39.942640000303925 ], [ 116.50736285886893, 39.939362910410907 ], [ 116.512374132381183, 39.940118865631966 ], [ 116.514708071533704, 39.944151695203523 ], [ 116.512030527229115, 39.947429020617498 ], [ 116.507018515877718, 39.946673280960617 ] ] ] } },
{ "type": "Feature", "properties": { "h3_id": "8831aa52a3fffff", "bright_median_rent": 17.03476482617587, "bright_listings": 2.0, "dark_median_rent": null, "dark_listings": null }, "geometry": { "type": "Polygon", "coordinates": [ [ [ 116.32932224452253, 40.011954849332362 ], [ 116.326993092734497, 40.007911011317802 ], [ 116.329693433884373, 40.004630010605752 ], [ 116.334722399494822, 40.005392610237735 ], [ 116.337051766734234, 40.009435996546344 ], [ 116.334351952981507, 40.012717234907427 ], [ 116.32932224452253, 40.011954849332362 ] ] ] } },
{ "type": "Feature", "properties": { "h3_id": "8831aa5a8dfffff", "bright_median_rent": 6.1098039215686288, "bright_listings": 2.0, "dark_median_rent": null, "dark_listings": null }, "geometry": { "type": "Polygon", "coordinates": [ [ [ 116.227890732558407, 39.915290615860712 ], [ 116.225570300748757, 39.911243630820067 ], [ 116.228276297683735, 39.907967528158238 ], [ 116.233302202114245, 39.908738171153509 ], [ 116.235622851358272, 39.912784704670734 ], [ 116.232917378807016, 39.916061046694765 ], [ 116.227890732558407, 39.915290615860712 ] ] ] } },
{ "type": "Feature", "properties": { "h3_id": "8831aa50a3fffff", "bright_median_rent": 12.5, "bright_listings": 3.0, "dark_median_rent": null, "dark_listings": null }, "geometry": { "type": "Polygon", "coordinates": [ [ [ 116.331918297389848, 39.96069283993014 ], [ 116.329591364466296, 39.956650231127604 ], [ 116.332288729637852, 39.953371956729193 ], [ 116.33731250143353, 39.954136053305753 ], [ 116.339639649306108, 39.958178210608821 ], [ 116.336942810503459, 39.961456722813331 ], [ 116.331918297389848, 39.96069283993014 ] ] ] } },
{ "type": "Feature", "properties": { "h3_id": "8831aa0983fffff", "bright_median_rent": 7.5, "bright_listings": 5.0, "dark_median_rent": null, "dark_listings": null }, "geometry": { "type": "Polygon", "coordinates": [ [ [ 116.613205460782268, 39.940571467958712 ], [ 116.61086753268242, 39.936543804096019 ], [ 116.613534036287817, 39.93326732927374 ], [ 116.618537939323744, 39.934018284167166 ], [ 116.620876074473202, 39.938045497196811 ], [ 116.618210099605676, 39.941322206144278 ], [ 116.613205460782268, 39.940571467958712 ] ] ] } },
{ "type": "Feature", "properties": { "h3_id": "8831aa7057fffff", "bright_median_rent": 6.0, "bright_listings": 1.0, "dark_median_rent": null, "dark_listings": null }, "geometry": { "type": "Polygon", "coordinates": [ [ [ 116.67611926695858, 39.883869108398059 ], [ 116.673781291197017, 39.879845919543051 ], [ 116.676438182332575, 39.876572653820354 ], [ 116.681432521124549, 39.87732234343153 ], [ 116.683770701756842, 39.88134508181691 ], [ 116.681114338794558, 39.884618581038964 ], [ 116.67611926695858, 39.883869108398059 ] ] ] } },
{ "type": "Feature", "properties": { "h3_id": "8831aa50dbfffff", "bright_median_rent": 5.5666666666666664, "bright_listings": 1.0, "dark_median_rent": null, "dark_listings": null }, "geometry": { "type": "Polygon", "coordinates": [ [ [ 116.360230192138076, 40.001878549240814 ], [ 116.357900179952125, 39.997836517898406 ], [ 116.360596711469753, 39.994556124453226 ], [ 116.365622727741297, 39.995317525054915 ], [ 116.367952954440625, 39.999359104792674 ], [ 116.365256950424609, 40.002639735511863 ], [ 116.360230192138076, 40.001878549240814 ] ] ] } },
{ "type": "Feature", "properties": { "h3_id": "8831aacd97fffff", "bright_median_rent": 2.0, "bright_listings": 2.0, "dark_median_rent": 4.17, "dark_listings": 1.0 }, "geometry": { "type": "Polygon", "coordinates": [ [ [ 116.410664652683451, 40.05745233752004 ], [ 116.408329958846821, 40.053411723736453 ], [ 116.411024065175994, 40.050128504324732 ], [ 116.416052336255518, 40.05088566228369 ], [ 116.418387243677557, 40.05492582434767 ], [ 116.415693666504239, 40.05820928015072 ], [ 116.410664652683451, 40.05745233752004 ] ] ] } },
{ "type": "Feature", "properties": { "h3_id": "8831aa54ebfffff", "bright_median_rent": 4.4047619047619051, "bright_listings": 2.0, "dark_median_rent": null, "dark_listings": null }, "geometry": { "type": "Polygon", "coordinates": [ [ [ 116.482547467371745, 39.98349158030792 ], [ 116.48021309452696, 39.979456248230292 ], [ 116.482895688799573, 39.976177135195698 ], [ 116.487912127642446, 39.976933118507937 ], [ 116.490246711476729, 39.980967999304013 ], [ 116.487564645547792, 39.984247348047752 ], [ 116.482547467371745, 39.98349158030792 ] ] ] } },
{ "type": "Feature", "properties": { "h3_id": "8831aa7341fffff", "bright_median_rent": 6.9979296066252585, "bright_listings": 6.0, "dark_median_rent": null, "dark_listings": null }, "geometry": { "type": "Polygon", "coordinates": [ [ [ 116.599512622963772, 39.909101875524534 ], [ 116.597176708546158, 39.905074180491809 ], [ 116.599843021725619, 39.901799346114018 ], [ 116.604844721436436, 39.902551972320012 ], [ 116.607180843024125, 39.906579216614382 ], [ 116.604515057799389, 39.909854285419392 ], [ 116.599512622963772, 39.909101875524534 ] ] ] } },
{ "type": "Feature", "properties": { "h3_id": "8831aa4215fffff", "bright_median_rent": 6.0, "bright_listings": 3.0, "dark_median_rent": null, "dark_listings": null }, "geometry": { "type": "Polygon", "coordinates": [ [ [ 116.356544396656304, 39.923875614111772 ], [ 116.354218086483996, 39.919835064274281 ], [ 116.356910905634734, 39.916558805647654 ], [ 116.361929509166515, 39.917322859221997 ], [ 116.364256033301501, 39.921362957754631 ], [ 116.361563740011249, 39.924639453996292 ], [ 116.356544396656304, 39.923875614111772 ] ] ] } },
{ "type": "Feature", "properties": { "h3_id": "8831aa7a1bfffff", "bright_median_rent": 11.133333333333333, "bright_listings": 1.0, "dark_median_rent": null, "dark_listings": null }, "geometry": { "type": "Polygon", "coordinates": [ [ [ 116.588820174443441, 39.811945867495687 ], [ 116.586489138495196, 39.807919724316285 ], [ 116.589151525555394, 39.804650052439953 ], [ 116.594144422781241, 39.805406288785044 ], [ 116.596475665406516, 39.80943198159018 ], [ 116.593813804197055, 39.812701888402813 ], [ 116.588820174443441, 39.811945867495687 ] ] ] } },
{ "type": "Feature", "properties": { "h3_id": "8831aa54c5fffff", "bright_median_rent": 11.11, "bright_listings": 1.0, "dark_median_rent": null, "dark_listings": null }, "geometry": { "type": "Polygon", "coordinates": [ [ [ 116.482199144465937, 39.990806589454159 ], [ 116.479864452619722, 39.986771083157187 ], [ 116.482547467371745, 39.98349158030792 ], [ 116.487564645547792, 39.984247348047752 ], [ 116.489899548453394, 39.988282403033715 ], [ 116.487217062192656, 39.991562141569233 ], [ 116.482199144465937, 39.990806589454159 ] ] ] } },
{ "type": "Feature", "properties": { "h3_id": "8831aa4363fffff", "bright_median_rent": 4.0, "bright_listings": 3.0, "dark_median_rent": null, "dark_listings": null }, "geometry": { "type": "Polygon", "coordinates": [ [ [ 116.274636729628668, 39.892933423128888 ], [ 116.272315311851969, 39.888889324391819 ], [ 116.275015179432856, 39.88561451657062 ], [ 116.280035940458319, 39.886383568642806 ], [ 116.282357574192659, 39.890427216035533 ], [ 116.279658231013215, 39.893702262679 ], [ 116.274636729628668, 39.892933423128888 ] ] ] } },
{ "type": "Feature", "properties": { "h3_id": "8831aa5b4dfffff", "bright_median_rent": 4.3228798239408945, "bright_listings": 3.0, "dark_median_rent": null, "dark_listings": null }, "geometry": { "type": "Polygon", "coordinates": [ [ [ 116.113721114212382, 39.916206181612118 ], [ 116.111405539223014, 39.912153312707176 ], [ 116.114123680829195, 39.908876916001724 ], [ 116.119156874264434, 39.909653147300531 ], [ 116.121472669846767, 39.913705564463946 ], [ 116.118755051470856, 39.91698220204885 ], [ 116.113721114212382, 39.916206181612118 ] ] ] } },
{ "type": "Feature", "properties": { "h3_id": "8831aa4cc9fffff", "bright_median_rent": 7.5, "bright_listings": 3.0, "dark_median_rent": null, "dark_listings": null }, "geometry": { "type": "Polygon", "coordinates": [ [ [ 116.447631491139177, 39.764732317860791 ], [ 116.445308538244078, 39.760699917813398 ], [ 116.447983389421182, 39.757432381363309 ], [ 116.45298067005416, 39.758197007944261 ], [ 116.455303833098043, 39.76222895750805 ], [ 116.452629505428476, 39.76549673095294 ], [ 116.447631491139177, 39.764732317860791 ] ] ] } },
{ "type": "Feature", "properties": { "h3_id": "8831aa4041fffff", "bright_median_rent": 8.0030030030030037, "bright_listings": 3.0, "dark_median_rent": null, "dark_listings": null }, "geometry": { "type": "Polygon", "coordinates": [ [ [ 116.335248304656147, 39.894825273594797 ], [ 116.332924218399327, 39.890784253355775 ], [ 116.335617766868822, 39.887509488621212 ], [ 116.340634876613137, 39.888275506096782 ], [ 116.342959177175786, 39.892316075103444 ], [ 116.340266153757526, 39.895591077845445 ], [ 116.335248304656147, 39.894825273594797 ] ] ] } },
{ "type": "Feature", "properties": { "h3_id": "8831aa4725fffff", "bright_median_rent": 3.5, "bright_listings": 2.0, "dark_median_rent": 8.89, "dark_listings": 1.0 }, "geometry": { "type": "Polygon", "coordinates": [ [ [ 116.427312137304085, 39.872014380578399 ], [ 116.424985177925748, 39.867978596844061 ], [ 116.427667783402853, 39.864705276965815 ], [ 116.432676822824916, 39.865467503935342 ], [ 116.435003993790744, 39.869502836714382 ], [ 116.432321913815827, 39.872776393457642 ], [ 116.427312137304085, 39.872014380578399 ] ] ] } },
{ "type": "Feature", "properties": { "h3_id": "8831aa45a9fffff", "bright_median_rent": 5.0505050505050502, "bright_listings": 2.0, "dark_median_rent": null, "dark_listings": null }, "geometry": { "type": "Polygon", "coordinates": [ [ [ 116.490530975689182, 39.815402394354656 ], [ 116.488203916043034, 39.81137110047171 ], [ 116.490876875301026, 39.808100969833525 ], [ 116.495876369308789, 39.808861896822684 ], [ 116.498203638345743, 39.812892740107806 ], [ 116.495531204052526, 39.816163106979985 ], [ 116.490530975689182, 39.815402394354656 ] ] ] } },
{ "type": "Feature", "properties": { "h3_id": "8831aa4481fffff", "bright_median_rent": 5.5111111111111111, "bright_listings": 1.0, "dark_median_rent": null, "dark_listings": null }, "geometry": { "type": "Polygon", "coordinates": [ [ [ 116.556500292374025, 39.858499749212648 ], [ 116.554168494657489, 39.85447092492663 ], [ 116.556836723114898, 39.851198672347671 ], [ 116.561836222863334, 39.851955008840733 ], [ 116.564168228517076, 39.855983382496696 ], [ 116.561500526553573, 39.859255870268001 ], [ 116.556500292374025, 39.858499749212648 ] ] ] } },
{ "type": "Feature", "properties": { "h3_id": "8831aa4d25fffff", "bright_median_rent": 2.5, "bright_listings": 1.0, "dark_median_rent": null, "dark_listings": null }, "geometry": { "type": "Polygon", "coordinates": [ [ [ 116.329821954929727, 39.702484092022978 ], [ 116.32750679281483, 39.698446991253839 ], [ 116.330190837704947, 39.695182478712894 ], [ 116.335189523702397, 39.695954828126503 ], [ 116.337504898671213, 39.699991478424764 ], [ 116.334821374857114, 39.703256229758821 ], [ 116.329821954929727, 39.702484092022978 ] ] ] } },
{ "type": "Feature", "properties": { "h3_id": "8831aa09a9fffff", "bright_median_rent": 4.7404844290657442, "bright_listings": 3.0, "dark_median_rent": null, "dark_listings": null }, "geometry": { "type": "Polygon", "coordinates": [ [ [ 116.590847494939894, 39.933537194451709 ], [ 116.588510829054712, 39.929508525881204 ], [ 116.591179334055525, 39.92623236361316 ], [ 116.596183976635032, 39.92698463544329 ], [ 116.598520850125823, 39.93101285315992 ], [ 116.595852873500121, 39.934289249878582 ], [ 116.590847494939894, 39.933537194451709 ] ] ] } },
{ "type": "Feature", "properties": { "h3_id": "8831aa7343fffff", "bright_median_rent": 10.0, "bright_listings": 2.0, "dark_median_rent": null, "dark_listings": null }, "geometry": { "type": "Polygon", "coordinates": [ [ [ 116.607180843024125, 39.906579216614382 ], [ 116.604844721436436, 39.902551972320012 ], [ 116.607510091269248, 39.899277294226579 ], [ 116.61251105478101, 39.900029626071422 ], [ 116.614847383308216, 39.904056419654097 ], [ 116.612182541452569, 39.907331332081874 ], [ 116.607180843024125, 39.906579216614382 ] ] ] } },
{ "type": "Feature", "properties": { "h3_id": "883181b219fffff", "bright_median_rent": 3.9235265700483093, "bright_listings": 4.0, "dark_median_rent": 8.33, "dark_listings": 1.0 }, "geometry": { "type": "Polygon", "coordinates": [ [ [ 116.322507378275077, 39.697674344300594 ], [ 116.320192742613401, 39.693636973227207 ], [ 116.322877308409275, 39.69037269959437 ], [ 116.327875989029522, 39.691145558105411 ], [ 116.330190837704947, 39.695182478712894 ], [ 116.32750679281483, 39.698446991253839 ], [ 116.322507378275077, 39.697674344300594 ] ] ] } },
{ "type": "Feature", "properties": { "h3_id": "8831aa70c9fffff", "bright_median_rent": 2.4806201550387597, "bright_listings": 3.0, "dark_median_rent": null, "dark_listings": null }, "geometry": { "type": "Polygon", "coordinates": [ [ [ 116.706400518471455, 39.881066778899871 ], [ 116.704061404052695, 39.877045217835693 ], [ 116.706714945288439, 39.873772191999102 ], [ 116.711707072605549, 39.874520494099428 ], [ 116.714046391045315, 39.878541604772877 ], [ 116.711393378215007, 39.881814863714879 ], [ 116.706400518471455, 39.881066778899871 ] ] ] } },
{ "type": "Feature", "properties": { "h3_id": "8831aa4269fffff", "bright_median_rent": 14.77, "bright_listings": 3.0, "dark_median_rent": 13.333333333333334, "dark_listings": 1.0 }, "geometry": { "type": "Polygon", "coordinates": [ [ [ 116.317960940781504, 39.936436691204833 ], [ 116.315635703924087, 39.932393884462748 ], [ 116.31833327164486, 39.929116865612393 ], [ 116.323355550562354, 39.929882415399888 ], [ 116.325681002550056, 39.933924770710497 ], [ 116.32298396055937, 39.937202027643636 ], [ 116.317960940781504, 39.936436691204833 ] ] ] } },
{ "type": "Feature", "properties": { "h3_id": "8831aa546bfffff", "bright_median_rent": 8.0, "bright_listings": 1.0, "dark_median_rent": null, "dark_listings": null }, "geometry": { "type": "Polygon", "coordinates": [ [ [ 116.428605517480634, 40.001152622565868 ], [ 116.426272628086679, 39.997114130791083 ], [ 116.428961869292124, 39.993833942433675 ], [ 116.433983471788835, 39.994592009466018 ], [ 116.436316573804191, 39.998630049777965 ], [ 116.433627860770812, 40.001910474498814 ], [ 116.428605517480634, 40.001152622565868 ] ] ] } },
{ "type": "Feature", "properties": { "h3_id": "8831aa406dfffff", "bright_median_rent": 8.0149812734082388, "bright_listings": 2.0, "dark_median_rent": null, "dark_listings": null }, "geometry": { "type": "Polygon", "coordinates": [ [ [ 116.31322412208614, 39.880400904226576 ], [ 116.310901626855895, 39.876359061960386 ], [ 116.313596749445608, 39.873085011942543 ], [ 116.318613842800247, 39.873852565814836 ], [ 116.320936552821351, 39.877893956862316 ], [ 116.318241954766165, 39.881168245234811 ], [ 116.31322412208614, 39.880400904226576 ] ] ] } },
{ "type": "Feature", "properties": { "h3_id": "8831aa5545fffff", "bright_median_rent": 10.0, "bright_listings": 5.0, "dark_median_rent": null, "dark_listings": null }, "geometry": { "type": "Polygon", "coordinates": [ [ [ 116.376766270659303, 39.974877555629448 ], [ 116.374436782424951, 39.97083695306555 ], [ 116.377130139468477, 39.967558032800973 ], [ 116.382152457704024, 39.968319477924346 ], [ 116.384482159769902, 39.972359629022904 ], [ 116.381789329838085, 39.975638786441912 ], [ 116.376766270659303, 39.974877555629448 ] ] ] } },
{ "type": "Feature", "properties": { "h3_id": "8831aa55b3fffff", "bright_median_rent": 8.035, "bright_listings": 4.0, "dark_median_rent": null, "dark_listings": null }, "geometry": { "type": "Polygon", "coordinates": [ [ [ 116.462601255220292, 39.925235441564766 ], [ 116.460270381971597, 39.921200329346576 ], [ 116.462952037464547, 39.917924264710294 ], [ 116.467964039329942, 39.918683076075915 ], [ 116.470295123636305, 39.922717737200585 ], [ 116.467613995088556, 39.925994038031561 ], [ 116.462601255220292, 39.925235441564766 ] ] ] } },
{ "type": "Feature", "properties": { "h3_id": "8831aa51d5fffff", "bright_median_rent": 7.0, "bright_listings": 2.0, "dark_median_rent": null, "dark_listings": null }, "geometry": { "type": "Polygon", "coordinates": [ [ [ 116.294038650881035, 39.958616531021541 ], [ 116.291713428687629, 39.954572016862464 ], [ 116.294414699929362, 39.951293764111163 ], [ 116.299440667490714, 39.952059787178278 ], [ 116.301766105660391, 39.95610384977121 ], [ 116.299065360362022, 39.959382340841721 ], [ 116.294038650881035, 39.958616531021541 ] ] ] } },
{ "type": "Feature", "properties": { "h3_id": "8831aa09a7fffff", "bright_median_rent": 4.5925925925925926, "bright_listings": 1.0, "dark_median_rent": null, "dark_listings": null }, "geometry": { "type": "Polygon", "coordinates": [ [ [ 116.591511076678202, 39.918928097438005 ], [ 116.589175050125377, 39.914899777269952 ], [ 116.591842722849989, 39.911624396098986 ], [ 116.5968458941161, 39.912377100577352 ], [ 116.599182128137798, 39.91640496995069 ], [ 116.596514983493037, 39.919680585618671 ], [ 116.591511076678202, 39.918928097438005 ] ] ] } },
{ "type": "Feature", "properties": { "h3_id": "8831aa45bdfffff", "bright_median_rent": 2.5, "bright_listings": 1.0, "dark_median_rent": null, "dark_listings": null }, "geometry": { "type": "Polygon", "coordinates": [ [ [ 116.505874625793808, 39.810382945383928 ], [ 116.503547147596393, 39.806352552670425 ], [ 116.506218222761078, 39.803082732163489 ], [ 116.511216251179377, 39.803843068300189 ], [ 116.513543938307052, 39.80787301046832 ], [ 116.510873388154508, 39.811143067023508 ], [ 116.505874625793808, 39.810382945383928 ] ] ] } },
{ "type": "Feature", "properties": { "h3_id": "8831aa55d9fffff", "bright_median_rent": 6.5, "bright_listings": 1.0, "dark_median_rent": null, "dark_listings": null }, "geometry": { "type": "Polygon", "coordinates": [ [ [ 116.46049441562252, 39.969114373637424 ], [ 116.458161632997474, 39.965078211161533 ], [ 116.460845811270531, 39.961799805951976 ], [ 116.465862244409479, 39.962557327138811 ], [ 116.46819523851228, 39.966593038343667 ], [ 116.465511588067557, 39.969871679611138 ], [ 116.46049441562252, 39.969114373637424 ] ] ] } },
{ "type": "Feature", "properties": { "h3_id": "8831aacb25fffff", "bright_median_rent": 2.0, "bright_listings": 1.0, "dark_median_rent": null, "dark_listings": null }, "geometry": { "type": "Polygon", "coordinates": [ [ [ 116.148684447495867, 40.113890798183441 ], [ 116.146358420998723, 40.109835510833236 ], [ 116.149083341288829, 40.106548730909395 ], [ 116.154133760503427, 40.107316998633586 ], [ 116.156460008327429, 40.111371833533298 ], [ 116.15373561568056, 40.114658853138003 ], [ 116.148684447495867, 40.113890798183441 ] ] ] } },
{ "type": "Feature", "properties": { "h3_id": "8831819483fffff", "bright_median_rent": 4.0, "bright_listings": 2.0, "dark_median_rent": null, "dark_listings": null }, "geometry": { "type": "Polygon", "coordinates": [ [ [ 116.146119415449249, 39.740316285480894 ], [ 116.14381036615022, 39.736268908893813 ], [ 116.146515797505401, 39.733001936619765 ], [ 116.151529758236677, 39.733782099816651 ], [ 116.153839025735081, 39.737829025425832 ], [ 116.15113411437197, 39.741096238794782 ], [ 116.146119415449249, 39.740316285480894 ] ] ] } },
{ "type": "Feature", "properties": { "h3_id": "8831aa508bfffff", "bright_median_rent": 6.5, "bright_listings": 4.0, "dark_median_rent": null, "dark_listings": null }, "geometry": { "type": "Polygon", "coordinates": [ [ [ 116.345885835923227, 39.984947793376683 ], [ 116.343557205353846, 39.980905384697046 ], [ 116.346254366642427, 39.977625855638649 ], [ 116.351279631561482, 39.978388497709403 ], [ 116.353608476898145, 39.982430454822008 ], [ 116.350911842618018, 39.985710221409406 ], [ 116.345885835923227, 39.984947793376683 ] ] ] } },
{ "type": "Feature", "properties": { "h3_id": "8831aa5533fffff", "bright_median_rent": 5.0, "bright_listings": 1.0, "dark_median_rent": null, "dark_listings": null }, "geometry": { "type": "Polygon", "coordinates": [ [ [ 116.408697034682319, 39.942855349671397 ], [ 116.406367645345583, 39.938817079074433 ], [ 116.40905593555722, 39.9355399394803 ], [ 116.414073088402503, 39.936300833613394 ], [ 116.416402690424761, 39.940338652936077 ], [ 116.413714926985321, 39.943616029378362 ], [ 116.408697034682319, 39.942855349671397 ] ] ] } },
{ "type": "Feature", "properties": { "h3_id": "8831aa720bfffff", "bright_median_rent": 6.6071428571428577, "bright_listings": 2.0, "dark_median_rent": null, "dark_listings": null }, "geometry": { "type": "Polygon", "coordinates": [ [ [ 116.666543831854341, 39.930187235173975 ], [ 116.664204138597682, 39.926162553068707 ], [ 116.666864451825788, 39.92288678478252 ], [ 116.671863929339949, 39.923635465128164 ], [ 116.674203828100943, 39.927659696558813 ], [ 116.671544043911823, 39.930935698296629 ], [ 116.666543831854341, 39.930187235173975 ] ] ] } },
{ "type": "Feature", "properties": { "h3_id": "8831aa5647fffff", "bright_median_rent": 6.5111111111111111, "bright_listings": 1.0, "dark_median_rent": 5.8, "dark_listings": 3.0 }, "geometry": { "type": "Polygon", "coordinates": [ [ [ 116.433471330447105, 40.057194942030861 ], [ 116.431135677372012, 40.053155509727603 ], [ 116.433827349165696, 40.049872359620359 ], [ 116.438854144724942, 40.050628405707378 ], [ 116.441190010753303, 40.054667386338842 ], [ 116.438498868338698, 40.057950772533438 ], [ 116.433471330447105, 40.057194942030861 ] ] ] } },
{ "type": "Feature", "properties": { "h3_id": "8831aa4669fffff", "bright_median_rent": 3.0, "bright_listings": 1.0, "dark_median_rent": null, "dark_listings": null }, "geometry": { "type": "Polygon", "coordinates": [ [ [ 116.477290070905838, 39.93482151939898 ], [ 116.474958139380675, 39.93078695892256 ], [ 116.477638740811955, 39.927510422012936 ], [ 116.48265074654951, 39.928268209595487 ], [ 116.48498288880775, 39.932302318971132 ], [ 116.482302814664294, 39.93557909184338 ], [ 116.477290070905838, 39.93482151939898 ] ] ] } },
{ "type": "Feature", "properties": { "h3_id": "8831aacc69fffff", "bright_median_rent": 15.0, "bright_listings": 2.0, "dark_median_rent": null, "dark_listings": null }, "geometry": { "type": "Polygon", "coordinates": [ [ [ 116.361725606322281, 40.123916276176658 ], [ 116.359389967306697, 40.119871736878878 ], [ 116.362092777751613, 40.116584883792036 ], [ 116.367130697243596, 40.117342333185888 ], [ 116.36946655175646, 40.121386420406985 ], [ 116.366764271350135, 40.124673510289398 ], [ 116.361725606322281, 40.123916276176658 ] ] ] } },
{ "type": "Feature", "properties": { "h3_id": "8831aa0801fffff", "bright_median_rent": 6.3203463203463199, "bright_listings": 3.0, "dark_median_rent": null, "dark_listings": null }, "geometry": { "type": "Polygon", "coordinates": [ [ [ 116.603222385998137, 39.994246307646058 ], [ 116.600882422593045, 39.990216979063973 ], [ 116.603552785638428, 39.986937616388829 ], [ 116.608562582405682, 39.98768734821882 ], [ 116.610902753569761, 39.991716225734777 ], [ 116.608232920276436, 39.994995822465121 ], [ 116.603222385998137, 39.994246307646058 ] ] ] } },
{ "type": "Feature", "properties": { "h3_id": "8831aacd29fffff", "bright_median_rent": 3.3012820512820511, "bright_listings": 2.0, "dark_median_rent": null, "dark_listings": null }, "geometry": { "type": "Polygon", "coordinates": [ [ [ 116.318608249693725, 40.073097391441543 ], [ 116.31627677317455, 40.06905170345842 ], [ 116.318981478724837, 40.065767439487388 ], [ 116.324017132314793, 40.06652862591492 ], [ 116.326348825097085, 40.070573861932274 ], [ 116.323644648096305, 40.073858363466414 ], [ 116.318608249693725, 40.073097391441543 ] ] ] } },
{ "type": "Feature", "properties": { "h3_id": "8831aa54c3fffff", "bright_median_rent": 10.0, "bright_listings": 3.0, "dark_median_rent": null, "dark_listings": null }, "geometry": { "type": "Polygon", "coordinates": [ [ [ 116.497252161143592, 39.993072435717501 ], [ 116.494916728183597, 39.989037657969291 ], [ 116.497598265597134, 39.985758073632695 ], [ 116.502614707352592, 39.98651303154611 ], [ 116.504950350976287, 39.990547358006019 ], [ 116.502269342249889, 39.993827177819135 ], [ 116.497252161143592, 39.993072435717501 ] ] ] } },
{ "type": "Feature", "properties": { "h3_id": "8831aad8d7fffff", "bright_median_rent": 7.666666666666667, "bright_listings": 1.0, "dark_median_rent": 4.055, "dark_listings": 2.0 }, "geometry": { "type": "Polygon", "coordinates": [ [ [ 116.234160437958622, 40.230468066883894 ], [ 116.231825414123904, 40.226414733294376 ], [ 116.234547444439684, 40.223121985363875 ], [ 116.239603967719333, 40.223882332899585 ], [ 116.241939211505311, 40.227935213752602 ], [ 116.239217712131264, 40.231228199784965 ], [ 116.234160437958622, 40.230468066883894 ] ] ] } },
{ "type": "Feature", "properties": { "h3_id": "8831aa4247fffff", "bright_median_rent": 6.335, "bright_listings": 2.0, "dark_median_rent": null, "dark_listings": null }, "geometry": { "type": "Polygon", "coordinates": [ [ [ 116.333029270270671, 39.93873188782203 ], [ 116.330703287004908, 39.934689807523462 ], [ 116.333399378749789, 39.9314127024643 ], [ 116.338420927900728, 39.93217743980896 ], [ 116.340747125900876, 39.936219068696907 ], [ 116.338051560085091, 39.939496411629328 ], [ 116.333029270270671, 39.93873188782203 ] ] ] } },
{ "type": "Feature", "properties": { "h3_id": "8831aacd1bfffff", "bright_median_rent": 3.5, "bright_listings": 1.0, "dark_median_rent": null, "dark_listings": null }, "geometry": { "type": "Polygon", "coordinates": [ [ [ 116.363560390549594, 40.087264932154035 ], [ 116.361226345981279, 40.083221259900881 ], [ 116.363927025754222, 40.079936349600736 ], [ 116.368961220867263, 40.080694874623255 ], [ 116.371295480573508, 40.084738094945344 ], [ 116.368595330098714, 40.088023242154463 ], [ 116.363560390549594, 40.087264932154035 ] ] ] } },
{ "type": "Feature", "properties": { "h3_id": "8831aacd15fffff", "bright_median_rent": 8.73, "bright_listings": 3.0, "dark_median_rent": null, "dark_listings": null }, "geometry": { "type": "Polygon", "coordinates": [ [ [ 116.348822970357247, 40.077659143883473 ], [ 116.346489993657627, 40.073614915424479 ], [ 116.34919173150513, 40.070330479291989 ], [ 116.354225917171817, 40.071090034454869 ], [ 116.35655910933653, 40.075133810990529 ], [ 116.35385790043938, 40.078418484265136 ], [ 116.348822970357247, 40.077659143883473 ] ] ] } },
{ "type": "Feature", "properties": { "h3_id": "8831aa5551fffff", "bright_median_rent": 4.0, "bright_listings": 1.0, "dark_median_rent": 11.11, "dark_listings": 1.0 }, "geometry": { "type": "Polygon", "coordinates": [ [ [ 116.406900960966553, 39.979440879859958 ], [ 116.404569983162645, 39.975401732730568 ], [ 116.407260385107563, 39.972122643837935 ], [ 116.412281237418227, 39.972882465318222 ], [ 116.414612428261236, 39.976921161025572 ], [ 116.411922553823786, 39.980200486653118 ], [ 116.406900960966553, 39.979440879859958 ] ] ] } },
{ "type": "Feature", "properties": { "h3_id": "8831aa4717fffff", "bright_median_rent": 10.0, "bright_listings": 2.0, "dark_median_rent": null, "dark_listings": null }, "geometry": { "type": "Polygon", "coordinates": [ [ [ 116.472042228690853, 39.886170538110079 ], [ 116.469712733510022, 39.882136755155592 ], [ 116.472391344865301, 39.878862796936211 ], [ 116.477398925235136, 39.879622385434395 ], [ 116.479728630892964, 39.883655717469971 ], [ 116.477050545772727, 39.88692991190468 ], [ 116.472042228690853, 39.886170538110079 ] ] ] } },
{ "type": "Feature", "properties": { "h3_id": "8831aa5a13fffff", "bright_median_rent": 3.7962962962962958, "bright_listings": 2.0, "dark_median_rent": null, "dark_listings": null }, "geometry": { "type": "Polygon", "coordinates": [ [ [ 116.212033420489092, 39.927626844345568 ], [ 116.209713109621717, 39.923578778523229 ], [ 116.212421437644409, 39.920301985631767 ], [ 116.217449552130063, 39.921073019013512 ], [ 116.219770080973845, 39.925120633233249 ], [ 116.217062277425271, 39.928397665652497 ], [ 116.212033420489092, 39.927626844345568 ] ] ] } },
{ "type": "Feature", "properties": { "h3_id": "8831aa0943fffff", "bright_median_rent": 9.4444444444444446, "bright_listings": 2.0, "dark_median_rent": null, "dark_listings": null }, "geometry": { "type": "Polygon", "coordinates": [ [ [ 116.551104077319167, 39.975393909144806 ], [ 116.548767174595056, 39.971362289864715 ], [ 116.551442077205834, 39.968083788589148 ], [ 116.556453353757576, 39.968836671748555 ], [ 116.558790465519166, 39.972867839924056 ], [ 116.556116091760359, 39.976146576023091 ], [ 116.551104077319167, 39.975393909144806 ] ] ] } },
{ "type": "Feature", "properties": { "h3_id": "8831aacea3fffff", "bright_median_rent": 3.8611111111111112, "bright_listings": 3.0, "dark_median_rent": null, "dark_listings": null }, "geometry": { "type": "Polygon", "coordinates": [ [ [ 116.429905419267598, 40.130451679248154 ], [ 116.427566569564448, 40.126410517187864 ], [ 116.430262479396333, 40.123123478907431 ], [ 116.435296708138878, 40.123877366807221 ], [ 116.437635771504986, 40.127918076904272 ], [ 116.434940392535438, 40.131205351043178 ], [ 116.429905419267598, 40.130451679248154 ] ] ] } },
{ "type": "Feature", "properties": { "h3_id": "8831aa0351fffff", "bright_median_rent": 3.0054644808743167, "bright_listings": 1.0, "dark_median_rent": null, "dark_listings": null }, "geometry": { "type": "Polygon", "coordinates": [ [ [ 116.66457630782817, 40.146916476134862 ], [ 116.662226746677007, 40.142887092849669 ], [ 116.664898583415805, 40.139599787558247 ], [ 116.669919447845515, 40.140341632878631 ], [ 116.672269216306816, 40.14437056463882 ], [ 116.669597913097505, 40.147658102581772 ], [ 116.66457630782817, 40.146916476134862 ] ] ] } },
{ "type": "Feature", "properties": { "h3_id": "8831aa4f25fffff", "bright_median_rent": 5.0, "bright_listings": 4.0, "dark_median_rent": null, "dark_listings": null }, "geometry": { "type": "Polygon", "coordinates": [ [ [ 116.327236776139699, 39.753611386006156 ], [ 116.324919417587054, 39.749573027234625 ], [ 116.327606409082165, 39.746305773691603 ], [ 116.332610237109719, 39.747076640260175 ], [ 116.334927809011191, 39.751114548348696 ], [ 116.332241339604948, 39.754382040530224 ], [ 116.327236776139699, 39.753611386006156 ] ] ] } },
{ "type": "Feature", "properties": { "h3_id": "8831aacd3dfffff", "bright_median_rent": 4.0404040404040407, "bright_listings": 1.0, "dark_median_rent": null, "dark_listings": null }, "geometry": { "type": "Polygon", "coordinates": [ [ [ 116.334087705922627, 40.068050182915215 ], [ 116.331755797112891, 40.064005398838461 ], [ 116.334458592339189, 40.060721437339772 ], [ 116.339492767842756, 40.061482022521204 ], [ 116.341824892444507, 40.065526354682575 ], [ 116.339122625820622, 40.068810553556403 ], [ 116.334087705922627, 40.068050182915215 ] ] ] } },
{ "type": "Feature", "properties": { "h3_id": "8831aa51b1fffff", "bright_median_rent": 4.1111111111111107, "bright_listings": 1.0, "dark_median_rent": null, "dark_listings": null }, "geometry": { "type": "Polygon", "coordinates": [ [ [ 116.295542189474517, 39.929328860532181 ], [ 116.293218231200768, 39.9252850527688 ], [ 116.295917800282524, 39.922008358971084 ], [ 116.300940802349515, 39.922775234507036 ], [ 116.303264976311482, 39.926818590822791 ], [ 116.300565932587674, 39.930095523028776 ], [ 116.295542189474517, 39.929328860532181 ] ] ] } },
{ "type": "Feature", "properties": { "h3_id": "8831aa51cbfffff", "bright_median_rent": 6.8, "bright_listings": 3.0, "dark_median_rent": null, "dark_listings": null }, "geometry": { "type": "Polygon", "coordinates": [ [ [ 116.285932181391573, 39.968452998709452 ], [ 116.283606859287914, 39.964407856613612 ], [ 116.286309508472002, 39.961129063143964 ], [ 116.291336953766304, 39.961895173358059 ], [ 116.293662492152862, 39.965939863833114 ], [ 116.290960369031851, 39.969218895693444 ], [ 116.285932181391573, 39.968452998709452 ] ] ] } },
{ "type": "Feature", "properties": { "h3_id": "8831aa5469fffff", "bright_median_rent": 8.6666666666666661, "bright_listings": 1.0, "dark_median_rent": 0.01, "dark_listings": 1.0 }, "geometry": { "type": "Polygon", "coordinates": [ [ [ 116.420892772595408, 40.003675050165604 ], [ 116.418560096056453, 39.999636106902294 ], [ 116.421250287840977, 39.996355765454297 ], [ 116.426272628086679, 39.997114130791083 ], [ 116.428605517480634, 40.001152622565868 ], [ 116.425915853843222, 40.004433200470835 ], [ 116.420892772595408, 40.003675050165604 ] ] ] } },
{ "type": "Feature", "properties": { "h3_id": "8831aa5599fffff", "bright_median_rent": 4.5, "bright_listings": 1.0, "dark_median_rent": null, "dark_listings": null }, "geometry": { "type": "Polygon", "coordinates": [ [ [ 116.468895607912202, 39.951965677954099 ], [ 116.466563250753566, 39.947930316324026 ], [ 116.46924563966094, 39.944652845002153 ], [ 116.474259858237872, 39.945410499278466 ], [ 116.476592426501583, 39.949445409722564 ], [ 116.473910565152281, 39.952723117054667 ], [ 116.468895607912202, 39.951965677954099 ] ] ] } },
{ "type": "Feature", "properties": { "h3_id": "8831aa552bfffff", "bright_median_rent": 17.9, "bright_listings": 2.0, "dark_median_rent": null, "dark_listings": null }, "geometry": { "type": "Polygon", "coordinates": [ [ [ 116.385569956359106, 39.950404568114443 ], [ 116.383241206477464, 39.9463649435409 ], [ 116.385932343939771, 39.943087345222317 ], [ 116.390951704656601, 39.943849134327216 ], [ 116.393280667923122, 39.947888307549647 ], [ 116.390590057157198, 39.951166142996776 ], [ 116.385569956359106, 39.950404568114443 ] ] ] } },
{ "type": "Feature", "properties": { "h3_id": "8831aa5297fffff", "bright_median_rent": 9.0055248618784525, "bright_listings": 1.0, "dark_median_rent": null, "dark_listings": null }, "geometry": { "type": "Polygon", "coordinates": [ [ [ 116.359129992309732, 40.023849209387656 ], [ 116.356799027034185, 40.019806653294509 ], [ 116.359496832604876, 40.016525091883025 ], [ 116.364525075577404, 40.01728584933683 ], [ 116.366856255580871, 40.021327953737085 ], [ 116.364158977953537, 40.024609752354934 ], [ 116.359129992309732, 40.023849209387656 ] ] ] } },
{ "type": "Feature", "properties": { "h3_id": "8831aa42ebfffff", "bright_median_rent": 6.666666666666667, "bright_listings": 1.0, "dark_median_rent": null, "dark_listings": null }, "geometry": { "type": "Polygon", "coordinates": [ [ [ 116.379674254240783, 39.916337206416216 ], [ 116.377347302879897, 39.912298010416983 ], [ 116.380037275921566, 39.909022209508038 ], [ 116.385053674455804, 39.909785367242108 ], [ 116.38738083908018, 39.913824112012961 ], [ 116.384691391975949, 39.917100150256552 ], [ 116.379674254240783, 39.916337206416216 ] ] ] } },
{ "type": "Feature", "properties": { "h3_id": "8831aa50b7fffff", "bright_median_rent": 9.0, "bright_listings": 3.0, "dark_median_rent": null, "dark_listings": null }, "geometry": { "type": "Polygon", "coordinates": [ [ [ 116.347359314250511, 39.955663433687285 ], [ 116.345031951662733, 39.951621727858353 ], [ 116.347727415426533, 39.948343757372598 ], [ 116.352749715426484, 39.949107255075447 ], [ 116.355077292495608, 39.953148509455552 ], [ 116.352382355152869, 39.956426717560127 ], [ 116.347359314250511, 39.955663433687285 ] ] ] } },
{ "type": "Feature", "properties": { "h3_id": "8831aa423dfffff", "bright_median_rent": 10.980392156862743, "bright_listings": 2.0, "dark_median_rent": null, "dark_listings": null }, "geometry": { "type": "Polygon", "coordinates": [ [ [ 116.341853634768427, 39.914265021963217 ], [ 116.33952838587129, 39.910223922507789 ], [ 116.342222256226165, 39.906948139458997 ], [ 116.347240850031554, 39.907713217997269 ], [ 116.349566313215334, 39.911753866156452 ], [ 116.346872968376374, 39.915029887052121 ], [ 116.341853634768427, 39.914265021963217 ] ] ] } },
{ "type": "Feature", "properties": { "h3_id": "8831aa0159fffff", "bright_median_rent": 2.0, "bright_listings": 2.0, "dark_median_rent": null, "dark_listings": null }, "geometry": { "type": "Polygon", "coordinates": [ [ [ 116.666508551357296, 40.103024733323252 ], [ 116.664160929029009, 40.098996372241437 ], [ 116.666830263233933, 40.095711401430698 ], [ 116.671846687205019, 40.096454558886315 ], [ 116.6741945164339, 40.100482468616988 ], [ 116.671525714860138, 40.103767672221323 ], [ 116.666508551357296, 40.103024733323252 ] ] ] } },
{ "type": "Feature", "properties": { "h3_id": "8831aa4703fffff", "bright_median_rent": 10.410256410256409, "bright_listings": 4.0, "dark_median_rent": null, "dark_listings": null }, "geometry": { "type": "Polygon", "coordinates": [ [ [ 116.456664382870059, 39.891199752289637 ], [ 116.45433530933812, 39.887165067419261 ], [ 116.457015811779797, 39.883890800775859 ], [ 116.462024861635697, 39.884650982579565 ], [ 116.464354146107937, 39.888685216479018 ], [ 116.461674169852799, 39.891959719524088 ], [ 116.456664382870059, 39.891199752289637 ] ] ] } },
{ "type": "Feature", "properties": { "h3_id": "8831aa4e1bfffff", "bright_median_rent": 7.02, "bright_listings": 1.0, "dark_median_rent": null, "dark_listings": null }, "geometry": { "type": "Polygon", "coordinates": [ [ [ 116.430154413089767, 39.81355744469753 ], [ 116.427829985746158, 39.809523076921543 ], [ 116.430509233155718, 39.806252884015464 ], [ 116.435512383644507, 39.807016821818365 ], [ 116.437837022015856, 39.811050738878421 ], [ 116.435158298939285, 39.814321168829991 ], [ 116.430154413089767, 39.81355744469753 ] ] ] } },
{ "type": "Feature", "properties": { "h3_id": "8831aa7203fffff", "bright_median_rent": 2.3060796645702304, "bright_listings": 1.0, "dark_median_rent": null, "dark_listings": null }, "geometry": { "type": "Polygon", "coordinates": [ [ [ 116.666864451825788, 39.92288678478252 ], [ 116.664525079220113, 39.918862276188094 ], [ 116.667184978623325, 39.915586898606072 ], [ 116.672183721809603, 39.916335796121643 ], [ 116.674523299852225, 39.920359854071116 ], [ 116.671863929339949, 39.923635465128164 ], [ 116.666864451825788, 39.92288678478252 ] ] ] } },
{ "type": "Feature", "properties": { "h3_id": "8831aacd6bfffff", "bright_median_rent": 7.7777777777777777, "bright_listings": 2.0, "dark_median_rent": null, "dark_listings": null }, "geometry": { "type": "Polygon", "coordinates": [ [ [ 116.317861464337042, 40.087758984055483 ], [ 116.315529351853769, 40.083712947650831 ], [ 116.31823491158039, 40.080427906356249 ], [ 116.323272055015565, 40.081188663926746 ], [ 116.325604383906494, 40.085234248307174 ], [ 116.322899353024724, 40.088519527119871 ], [ 116.317861464337042, 40.087758984055483 ] ] ] } },
{ "type": "Feature", "properties": { "h3_id": "8831aa45b7fffff", "bright_median_rent": 9.5757575757575761, "bright_listings": 1.0, "dark_median_rent": 9.8, "dark_listings": 1.0 }, "geometry": { "type": "Polygon", "coordinates": [ [ [ 116.513886384675217, 39.800573403053143 ], [ 116.511559014686952, 39.796543637718671 ], [ 116.514228731655209, 39.793274363839011 ], [ 116.519225293790626, 39.794034619293967 ], [ 116.521552872410254, 39.798063934139321 ], [ 116.518883680331399, 39.801333443997159 ], [ 116.513886384675217, 39.800573403053143 ] ] ] } },
{ "type": "Feature", "properties": { "h3_id": "8831aa51dbfffff", "bright_median_rent": 5.0, "bright_listings": 1.0, "dark_median_rent": null, "dark_listings": null }, "geometry": { "type": "Polygon", "coordinates": [ [ [ 116.308744117085183, 39.968235839390005 ], [ 116.306417830413693, 39.964191875937757 ], [ 116.309118049595497, 39.960913146664048 ], [ 116.314144029228572, 39.961678142733959 ], [ 116.316470531551658, 39.96572165461113 ], [ 116.313770838659636, 39.969000621972015 ], [ 116.308744117085183, 39.968235839390005 ] ] ] } },
{ "type": "Feature", "properties": { "h3_id": "8831aa548bfffff", "bright_median_rent": 2.17, "bright_listings": 1.0, "dark_median_rent": 8.89, "dark_listings": 1.0 }, "geometry": { "type": "Polygon", "coordinates": [ [ [ 116.5052952961735, 39.983233601539631 ], [ 116.502959971847417, 39.979199449097528 ], [ 116.505640140893476, 39.975920408958387 ], [ 116.510655105771434, 39.976675285833579 ], [ 116.512990640458952, 39.980708987042952 ], [ 116.510310999976141, 39.98398826258822 ], [ 116.5052952961735, 39.983233601539631 ] ] ] } },
{ "type": "Feature", "properties": { "h3_id": "8831aa0227fffff", "bright_median_rent": 3.125, "bright_listings": 1.0, "dark_median_rent": null, "dark_listings": null }, "geometry": { "type": "Polygon", "coordinates": [ [ [ 116.68764994995729, 40.13927832523283 ], [ 116.685299767574634, 40.135250296441896 ], [ 116.687968752708954, 40.131963460298977 ], [ 116.692987386700594, 40.132704420553715 ], [ 116.695337775694753, 40.136731997900476 ], [ 116.692669324154863, 40.14001906641478 ], [ 116.68764994995729, 40.13927832523283 ] ] ] } },
{ "type": "Feature", "properties": { "h3_id": "8831aa734bfffff", "bright_median_rent": 5.9912854030501093, "bright_listings": 1.0, "dark_median_rent": null, "dark_listings": null }, "geometry": { "type": "Polygon", "coordinates": [ [ [ 116.606851499059303, 39.913881704024718 ], [ 116.604515057799389, 39.909854285419392 ], [ 116.607180843024125, 39.906579216614382 ], [ 116.612182541452569, 39.907331332081874 ], [ 116.614519189720141, 39.911358299945881 ], [ 116.611853932620107, 39.914633603061979 ], [ 116.606851499059303, 39.913881704024718 ] ] ] } },
{ "type": "Feature", "properties": { "h3_id": "8831aa50abfffff", "bright_median_rent": 25.641025641025639, "bright_listings": 1.0, "dark_median_rent": null, "dark_listings": null }, "geometry": { "type": "Polygon", "coordinates": [ [ [ 116.331547757124497, 39.968014288730195 ], [ 116.329220507477302, 39.963971503985988 ], [ 116.331918297389848, 39.96069283993014 ], [ 116.336942810503459, 39.961456722813331 ], [ 116.339270275171415, 39.965499056028492 ], [ 116.336573011774462, 39.968777957867999 ], [ 116.331547757124497, 39.968014288730195 ] ] ] } },
{ "type": "Feature", "properties": { "h3_id": "8831aa5a81fffff", "bright_median_rent": 2.5, "bright_listings": 1.0, "dark_median_rent": 10.0, "dark_listings": 1.0 }, "geometry": { "type": "Polygon", "coordinates": [ [ [ 116.235622851358272, 39.912784704670734 ], [ 116.233302202114245, 39.908738171153509 ], [ 116.236007247756973, 39.905462218953183 ], [ 116.241032418302026, 39.906232560980257 ], [ 116.243353284745993, 39.910278642998854 ], [ 116.240648763514528, 39.913554834467639 ], [ 116.235622851358272, 39.912784704670734 ] ] ] } },
{ "type": "Feature", "properties": { "h3_id": "8831aa508dfffff", "bright_median_rent": 4.5672522522522527, "bright_listings": 4.0, "dark_median_rent": null, "dark_listings": null }, "geometry": { "type": "Polygon", "coordinates": [ [ [ 116.330806352352965, 39.982658882429412 ], [ 116.328478469001624, 39.978615746141706 ], [ 116.331177108794648, 39.975336302954808 ], [ 116.336203105199402, 39.976099758295348 ], [ 116.338531203714922, 39.980142442994975 ], [ 116.3358330907311, 39.983422123920725 ], [ 116.330806352352965, 39.982658882429412 ] ] ] } },
{ "type": "Feature", "properties": { "h3_id": "8831aa42a9fffff", "bright_median_rent": 7.95, "bright_listings": 1.0, "dark_median_rent": null, "dark_listings": null }, "geometry": { "type": "Polygon", "coordinates": [ [ [ 116.380400191919193, 39.901707779121928 ], [ 116.378073873919618, 39.897668935893599 ], [ 116.380763002279792, 39.89439391543138 ], [ 116.385777923064168, 39.895157500796337 ], [ 116.388104454185566, 39.899195892855687 ], [ 116.385415851469887, 39.902471150697579 ], [ 116.380400191919193, 39.901707779121928 ] ] ] } },
{ "type": "Feature", "properties": { "h3_id": "8831aa415bfffff", "bright_median_rent": 5.5952380952380949, "bright_listings": 1.0, "dark_median_rent": null, "dark_listings": null }, "geometry": { "type": "Polygon", "coordinates": [ [ [ 116.31396926835086, 39.865769687491493 ], [ 116.311647403835195, 39.861728200336678 ], [ 116.314341678849203, 39.858454931046658 ], [ 116.319357294205162, 39.859222910490857 ], [ 116.32167937336871, 39.863263946486619 ], [ 116.318985622597552, 39.866537454175763 ], [ 116.31396926835086, 39.865769687491493 ] ] ] } },
{ "type": "Feature", "properties": { "h3_id": "8831aa5223fffff", "bright_median_rent": 9.8039215686274517, "bright_listings": 1.0, "dark_median_rent": null, "dark_listings": null }, "geometry": { "type": "Polygon", "coordinates": [ [ [ 116.275168235253844, 40.029582640506057 ], [ 116.272840598205576, 40.025535639846225 ], [ 116.275547615986952, 40.022253581539807 ], [ 116.280581743676407, 40.023018285565577 ], [ 116.282909597821941, 40.027064834343854 ], [ 116.280203107250699, 40.030347130956493 ], [ 116.275168235253844, 40.029582640506057 ] ] ] } },
{ "type": "Feature", "properties": { "h3_id": "8831aa463bfffff", "bright_median_rent": 8.5714285714285712, "bright_listings": 1.0, "dark_median_rent": null, "dark_listings": null }, "geometry": { "type": "Polygon", "coordinates": [ [ [ 116.516080217733034, 39.914916026392319 ], [ 116.513747553449448, 39.910883896163774 ], [ 116.516423004832063, 39.907608522391371 ], [ 116.521430593307073, 39.908365043306304 ], [ 116.523763467095264, 39.912396722594394 ], [ 116.521088542972578, 39.915672331886356 ], [ 116.516080217733034, 39.914916026392319 ] ] ] } },
{ "type": "Feature", "properties": { "h3_id": "8831aa4019fffff", "bright_median_rent": 5.5, "bright_listings": 1.0, "dark_median_rent": null, "dark_listings": null }, "geometry": { "type": "Polygon", "coordinates": [ [ [ 116.366081700247648, 39.884787600948329 ], [ 116.363756758164882, 39.880748385486378 ], [ 116.36644651486273, 39.877474230490122 ], [ 116.371460688557804, 39.878239053300533 ], [ 116.373785844015117, 39.882277817631781 ], [ 116.371096612471803, 39.885552210261814 ], [ 116.366081700247648, 39.884787600948329 ] ] ] } },
{ "type": "Feature", "properties": { "h3_id": "8831aa408dfffff", "bright_median_rent": 3.3333333333333335, "bright_listings": 1.0, "dark_median_rent": null, "dark_listings": null }, "geometry": { "type": "Polygon", "coordinates": [ [ [ 116.389911650209569, 39.862635265311205 ], [ 116.387586701348084, 39.858597757003309 ], [ 116.390272774054637, 39.855324841818316 ], [ 116.395283270753126, 39.856089197520951 ], [ 116.397608432150733, 39.860126254834512 ], [ 116.39492288438268, 39.863399407418235 ], [ 116.389911650209569, 39.862635265311205 ] ] ] } },
{ "type": "Feature", "properties": { "h3_id": "8831aa54c9fffff", "bright_median_rent": 6.52, "bright_listings": 3.0, "dark_median_rent": 12.592592592592592, "dark_listings": 1.0 }, "geometry": { "type": "Polygon", "coordinates": [ [ [ 116.48920491884104, 40.002912901924311 ], [ 116.486869377532827, 39.998877498898239 ], [ 116.489552284256192, 39.995597370631849 ], [ 116.494570203546019, 39.996352409822919 ], [ 116.49690595582058, 40.000387361505162 ], [ 116.494223577908144, 40.003667725318515 ], [ 116.48920491884104, 40.002912901924311 ] ] ] } },
{ "type": "Feature", "properties": { "h3_id": "8831aa656dfffff", "bright_median_rent": 3.08, "bright_listings": 1.0, "dark_median_rent": null, "dark_listings": null }, "geometry": { "type": "Polygon", "coordinates": [ [ [ 116.795833235059305, 39.722187147256612 ], [ 116.793497658603286, 39.718173680855386 ], [ 116.796133533985937, 39.714909457762261 ], [ 116.801104459915663, 39.715658468534428 ], [ 116.803440236703295, 39.719671485386321 ], [ 116.800804887296707, 39.722935940993445 ], [ 116.795833235059305, 39.722187147256612 ] ] ] } },
{ "type": "Feature", "properties": { "h3_id": "8831aa4661fffff", "bright_median_rent": 9.0855555555555547, "bright_listings": 2.0, "dark_median_rent": null, "dark_listings": null }, "geometry": { "type": "Polygon", "coordinates": [ [ [ 116.477638740811955, 39.927510422012936 ], [ 116.475307127526534, 39.923476036689721 ], [ 116.47798730924643, 39.920199890041822 ], [ 116.48299857717997, 39.920957892710099 ], [ 116.485330401128749, 39.924991826962184 ], [ 116.48265074654951, 39.928268209595487 ], [ 116.477638740811955, 39.927510422012936 ] ] ] } },
{ "type": "Feature", "properties": { "h3_id": "8831aacd3bfffff", "bright_median_rent": 4.0, "bright_listings": 2.0, "dark_median_rent": 6.48, "dark_listings": 1.0 }, "geometry": { "type": "Polygon", "coordinates": [ [ [ 116.34919173150513, 40.070330479291989 ], [ 116.346859073119234, 40.066286424869979 ], [ 116.349560384936993, 40.063002377526459 ], [ 116.354593826407907, 40.063762147418721 ], [ 116.356926700187003, 40.067805749946622 ], [ 116.354225917171817, 40.071090034454869 ], [ 116.34919173150513, 40.070330479291989 ] ] ] } },
{ "type": "Feature", "properties": { "h3_id": "8831aa5541fffff", "bright_median_rent": 7.5053238686779054, "bright_listings": 2.0, "dark_median_rent": null, "dark_listings": null }, "geometry": { "type": "Polygon", "coordinates": [ [ [ 116.384119349470538, 39.979679112822438 ], [ 116.381789329838085, 39.975638786441912 ], [ 116.384482159769902, 39.972359629022904 ], [ 116.38950448211925, 39.973120560924649 ], [ 116.391834715420643, 39.977160435835835 ], [ 116.389142412773126, 39.980439830293101 ], [ 116.384119349470538, 39.979679112822438 ] ] ] } },
{ "type": "Feature", "properties": { "h3_id": "8831aa09b9fffff", "bright_median_rent": 2.5049309664694279, "bright_listings": 1.0, "dark_median_rent": null, "dark_listings": null }, "geometry": { "type": "Polygon", "coordinates": [ [ [ 116.613534036287817, 39.93326732927374 ], [ 116.611196428276699, 39.929239839241625 ], [ 116.613862516251558, 39.925963754928169 ], [ 116.618865683715995, 39.92671492647662 ], [ 116.621203498708553, 39.930741965705273 ], [ 116.618537939323744, 39.934018284167166 ], [ 116.613534036287817, 39.93326732927374 ] ] ] } },
{ "type": "Feature", "properties": { "h3_id": "8831aa0ce3fffff", "bright_median_rent": 1.7857142857142858, "bright_listings": 1.0, "dark_median_rent": null, "dark_listings": null }, "geometry": { "type": "Polygon", "coordinates": [ [ [ 116.800559810783653, 39.972188815824531 ], [ 116.798212584478307, 39.968170174736812 ], [ 116.800860884091307, 39.964892564693685 ], [ 116.805855878885808, 39.965633364217702 ], [ 116.808203307362547, 39.969651554768838 ], [ 116.805555538941519, 39.972929396310597 ], [ 116.800559810783653, 39.972188815824531 ] ] ] } },
{ "type": "Feature", "properties": { "h3_id": "8831aa51c3fffff", "bright_median_rent": 27.777777777777779, "bright_listings": 1.0, "dark_median_rent": 3.33, "dark_listings": 1.0 }, "geometry": { "type": "Polygon", "coordinates": [ [ [ 116.286309508472002, 39.961129063143964 ], [ 116.283984502489218, 39.95708409739364 ], [ 116.286686725520568, 39.953805693470109 ], [ 116.291713428687629, 39.954572016862464 ], [ 116.294038650881035, 39.958616531021541 ], [ 116.291336953766304, 39.961895173358059 ], [ 116.286309508472002, 39.961129063143964 ] ] ] } },
{ "type": "Feature", "properties": { "h3_id": "8831aa0007fffff", "bright_median_rent": 10.0, "bright_listings": 1.0, "dark_median_rent": null, "dark_listings": null }, "geometry": { "type": "Polygon", "coordinates": [ [ [ 116.70428931392803, 40.10493429293517 ], [ 116.701940012819009, 40.100907847439927 ], [ 116.704605434879952, 40.097622881540055 ], [ 116.709619625081089, 40.09836412883373 ], [ 116.711969132065349, 40.102390123054839 ], [ 116.709304243042155, 40.10567532123455 ], [ 116.70428931392803, 40.10493429293517 ] ] ] } },
{ "type": "Feature", "properties": { "h3_id": "8831aa51e3fffff", "bright_median_rent": 10.606060606060606, "bright_listings": 1.0, "dark_median_rent": null, "dark_listings": null }, "geometry": { "type": "Polygon", "coordinates": [ [ [ 116.271984491197259, 39.94418165252636 ], [ 116.269660865757032, 39.940136313412253 ], [ 116.272363713789545, 39.93685877631448 ], [ 116.277389661908131, 39.937626339642243 ], [ 116.279713503811166, 39.941671227203983 ], [ 116.27701118120234, 39.944949002968897 ], [ 116.271984491197259, 39.94418165252636 ] ] ] } },
{ "type": "Feature", "properties": { "h3_id": "8831aacd25fffff", "bright_median_rent": 2.2, "bright_listings": 1.0, "dark_median_rent": null, "dark_listings": null }, "geometry": { "type": "Polygon", "coordinates": [ [ [ 116.311614672198587, 40.06096022431516 ], [ 116.30928404765352, 40.056914433276674 ], [ 116.311988854544325, 40.053630795762672 ], [ 116.317023757822298, 40.054392711563722 ], [ 116.319354598721532, 40.058438050669835 ], [ 116.316650320058628, 40.061721925885863 ], [ 116.311614672198587, 40.06096022431516 ] ] ] } },
{ "type": "Feature", "properties": { "h3_id": "8831aa55b7fffff", "bright_median_rent": 4.9, "bright_listings": 3.0, "dark_median_rent": 8.8888888888888893, "dark_listings": 5.0 }, "geometry": { "type": "Polygon", "coordinates": [ [ [ 116.45525764431477, 39.920441220913709 ], [ 116.452927300213503, 39.916405833043932 ], [ 116.455609482480298, 39.913130004718404 ], [ 116.460621482143409, 39.913889327930335 ], [ 116.462952037464547, 39.917924264710294 ], [ 116.460270381971597, 39.921200329346576 ], [ 116.45525764431477, 39.920441220913709 ] ] ] } },
{ "type": "Feature", "properties": { "h3_id": "8831aa5735fffff", "bright_median_rent": 13.333333333333334, "bright_listings": 1.0, "dark_median_rent": null, "dark_listings": null }, "geometry": { "type": "Polygon", "coordinates": [ [ [ 116.391111106684846, 39.991799889476894 ], [ 116.388780237850071, 39.987759664400542 ], [ 116.391472963798194, 39.984479880343486 ], [ 116.396496031046354, 39.985240084441806 ], [ 116.39882711345841, 39.989279858015387 ], [ 116.396134915114402, 39.992559878971853 ], [ 116.391111106684846, 39.991799889476894 ] ] ] } },
{ "type": "Feature", "properties": { "h3_id": "8831aa4245fffff", "bright_median_rent": 13.333333333333334, "bright_listings": 1.0, "dark_median_rent": null, "dark_listings": null }, "geometry": { "type": "Polygon", "coordinates": [ [ [ 116.32530972885705, 39.941244559378099 ], [ 116.32298396055937, 39.937202027643636 ], [ 116.325681002550056, 39.933924770710497 ], [ 116.330703287004908, 39.934689807523462 ], [ 116.333029270270671, 39.93873188782203 ], [ 116.330332754182876, 39.942009382722063 ], [ 116.32530972885705, 39.941244559378099 ] ] ] } },
{ "type": "Feature", "properties": { "h3_id": "8831aa4727fffff", "bright_median_rent": 8.9555555555555557, "bright_listings": 2.0, "dark_median_rent": null, "dark_listings": null }, "geometry": { "type": "Polygon", "coordinates": [ [ [ 116.435003993790744, 39.869502836714382 ], [ 116.432676822824916, 39.865467503935342 ], [ 116.43535848273055, 39.862194337831127 ], [ 116.440366788143947, 39.862956267712576 ], [ 116.442694170465543, 39.866991149562168 ], [ 116.440013036086768, 39.870264552438194 ], [ 116.435003993790744, 39.869502836714382 ] ] ] } },
{ "type": "Feature", "properties": { "h3_id": "8831aa4501fffff", "bright_median_rent": 9.8039215686274517, "bright_listings": 1.0, "dark_median_rent": null, "dark_listings": null }, "geometry": { "type": "Polygon", "coordinates": [ [ [ 116.451438888756101, 39.842559154107256 ], [ 116.449112246094842, 39.838525253033644 ], [ 116.451790757851356, 39.835253567370906 ], [ 116.456795387200884, 39.836015546106729 ], [ 116.459122240545497, 39.840048996392312 ], [ 116.456444253925881, 39.843320918708542 ], [ 116.451438888756101, 39.842559154107256 ] ] ] } },
{ "type": "Feature", "properties": { "h3_id": "8831aa5ae3fffff", "bright_median_rent": 7.69, "bright_listings": 1.0, "dark_median_rent": null, "dark_listings": null }, "geometry": { "type": "Polygon", "coordinates": [ [ [ 116.220543662415224, 39.910472686698895 ], [ 116.218223762892777, 39.906425427854096 ], [ 116.220930284038104, 39.903149564670223 ], [ 116.225956180565163, 39.903920720831835 ], [ 116.228276297683735, 39.907967528158238 ], [ 116.225570300748757, 39.911243630820067 ], [ 116.220543662415224, 39.910472686698895 ] ] ] } },
{ "type": "Feature", "properties": { "h3_id": "8831aa52c3fffff", "bright_median_rent": 16.666666666666668, "bright_listings": 1.0, "dark_median_rent": null, "dark_listings": null }, "geometry": { "type": "Polygon", "coordinates": [ [ [ 116.3352000402367, 40.046065635836072 ], [ 116.332869085160738, 40.042021375069844 ], [ 116.335570601812478, 40.038738580259178 ], [ 116.340602545450139, 40.039499808750477 ], [ 116.342933716102095, 40.04354361768911 ], [ 116.3402327276102, 40.046826649942538 ], [ 116.3352000402367, 40.046065635836072 ] ] ] } },
{ "type": "Feature", "properties": { "h3_id": "8831aacf25fffff", "bright_median_rent": 5.2833333333333332, "bright_listings": 1.0, "dark_median_rent": null, "dark_listings": null }, "geometry": { "type": "Polygon", "coordinates": [ [ [ 116.30899233156741, 40.112281986781376 ], [ 116.306659481353094, 40.108234976462526 ], [ 116.309367280301686, 40.104948618812678 ], [ 116.314407400273225, 40.105709033915602 ], [ 116.316740467348666, 40.109755592097727 ], [ 116.314033197661587, 40.113042187292194 ], [ 116.30899233156741, 40.112281986781376 ] ] ] } },
{ "type": "Feature", "properties": { "h3_id": "8831aacc25fffff", "bright_median_rent": 6.0, "bright_listings": 1.0, "dark_median_rent": null, "dark_listings": null }, "geometry": { "type": "Polygon", "coordinates": [ [ [ 116.363193648193956, 40.094594077025931 ], [ 116.360859284909154, 40.090550231135865 ], [ 116.363560390549594, 40.087264932154035 ], [ 116.368595330098714, 40.088023242154463 ], [ 116.370929908593297, 40.092066636084311 ], [ 116.368229332398883, 40.09535217195242 ], [ 116.363193648193956, 40.094594077025931 ] ] ] } },
{ "type": "Feature", "properties": { "h3_id": "8831aa4349fffff", "bright_median_rent": 11.111111111111111, "bright_listings": 1.0, "dark_median_rent": null, "dark_listings": null }, "geometry": { "type": "Polygon", "coordinates": [ [ [ 116.280847337305772, 39.919706106211976 ], [ 116.27852444227095, 39.915661749473308 ], [ 116.281225061549819, 39.912385532839743 ], [ 116.286248050920875, 39.913153434283451 ], [ 116.288571161967809, 39.917197339583808 ], [ 116.285871067701038, 39.920473794857358 ], [ 116.280847337305772, 39.919706106211976 ] ] ] } },
{ "type": "Feature", "properties": { "h3_id": "8831aa7b21fffff", "bright_median_rent": 0.1, "bright_listings": 1.0, "dark_median_rent": null, "dark_listings": null }, "geometry": { "type": "Polygon", "coordinates": [ [ [ 116.493295363225357, 39.757006916858323 ], [ 116.490970836638951, 39.752977041502241 ], [ 116.493640460686834, 39.74971004258424 ], [ 116.498634087592166, 39.750472682585269 ], [ 116.500958823017513, 39.754502107584209 ], [ 116.498289722766714, 39.757769342917648 ], [ 116.493295363225357, 39.757006916858323 ] ] ] } },
{ "type": "Feature", "properties": { "h3_id": "8831aacd09fffff", "bright_median_rent": 9.2592592592592595, "bright_listings": 1.0, "dark_median_rent": 9.2592592592592595, "dark_listings": 1.0 }, "geometry": { "type": "Polygon", "coordinates": [ [ [ 116.332974396232501, 40.090039796825565 ], [ 116.330641532913802, 40.085994490462646 ], [ 116.333345607916812, 40.082709362834116 ], [ 116.338382017262916, 40.0834693042395 ], [ 116.340715096589932, 40.087514158599362 ], [ 116.338011550632501, 40.090799523535395 ], [ 116.332974396232501, 40.090039796825565 ] ] ] } },
{ "type": "Feature", "properties": { "h3_id": "8831aa56adfffff", "bright_median_rent": 7.7948717948717947, "bright_listings": 3.0, "dark_median_rent": null, "dark_listings": null }, "geometry": { "type": "Polygon", "coordinates": [ [ [ 116.473447992126651, 40.015280858388813 ], [ 116.47111255425888, 40.01124437868809 ], [ 116.473797781149358, 40.007963552900065 ], [ 116.478817917066436, 40.008718971080256 ], [ 116.481153566436717, 40.012754999355735 ], [ 116.478468868456673, 40.016036060854645 ], [ 116.473447992126651, 40.015280858388813 ] ] ] } },
{ "type": "Feature", "properties": { "h3_id": "8831aa7a53fffff", "bright_median_rent": 3.3333333333333335, "bright_listings": 1.0, "dark_median_rent": null, "dark_listings": null }, "geometry": { "type": "Polygon", "coordinates": [ [ [ 116.580830414862902, 39.821756605194054 ], [ 116.578499267634641, 39.817729835610372 ], [ 116.581163009638189, 39.814459615930389 ], [ 116.586157372963186, 39.815215930806403 ], [ 116.58848872716581, 39.81924224995921 ], [ 116.585825511137259, 39.82251270464522 ], [ 116.580830414862902, 39.821756605194054 ] ] ] } },
{ "type": "Feature", "properties": { "h3_id": "8831aa475dfffff", "bright_median_rent": 10.0, "bright_listings": 1.0, "dark_median_rent": null, "dark_listings": null }, "geometry": { "type": "Polygon", "coordinates": [ [ [ 116.455609482480298, 39.913130004718404 ], [ 116.453279456150469, 39.90909479242935 ], [ 116.455961218264889, 39.905819354433895 ], [ 116.460972480151199, 39.906578892372458 ], [ 116.463302717630924, 39.910613653601395 ], [ 116.460621482143409, 39.913889327930335 ], [ 116.455609482480298, 39.913130004718404 ] ] ] } },
{ "type": "Feature", "properties": { "h3_id": "8831aa425dfffff", "bright_median_rent": 8.5470085470085468, "bright_listings": 1.0, "dark_median_rent": null, "dark_listings": null }, "geometry": { "type": "Polygon", "coordinates": [ [ [ 116.347727415426533, 39.948343757372598 ], [ 116.345400369619938, 39.944302227539325 ], [ 116.348095409333993, 39.941024646849641 ], [ 116.353116968649658, 39.941788358330427 ], [ 116.355444228866133, 39.945829436744468 ], [ 116.352749715426484, 39.949107255075447 ], [ 116.347727415426533, 39.948343757372598 ] ] ] } },
{ "type": "Feature", "properties": { "h3_id": "8831aa006dfffff", "bright_median_rent": 4.0, "bright_listings": 1.0, "dark_median_rent": null, "dark_listings": null }, "geometry": { "type": "Polygon", "coordinates": [ [ [ 116.673553124169686, 40.115109596250569 ], [ 116.671204648883887, 40.11108134538825 ], [ 116.673873867073297, 40.10779575257466 ], [ 116.678891027665472, 40.108538177948603 ], [ 116.681239709755673, 40.11256597742868 ], [ 116.678571024518348, 40.115851802895193 ], [ 116.673553124169686, 40.115109596250569 ] ] ] } },
{ "type": "Feature", "properties": { "h3_id": "8831aa4259fffff", "bright_median_rent": 24.935400516795866, "bright_listings": 2.0, "dark_median_rent": 12.0, "dark_listings": 1.0 }, "geometry": { "type": "Polygon", "coordinates": [ [ [ 116.355077292495608, 39.953148509455552 ], [ 116.352749715426484, 39.949107255075447 ], [ 116.355444228866133, 39.945829436744468 ], [ 116.36046579299736, 39.946592635246837 ], [ 116.362793584314147, 39.950633438203504 ], [ 116.360099597321451, 39.953911494059724 ], [ 116.355077292495608, 39.953148509455552 ] ] ] } },
{ "type": "Feature", "properties": { "h3_id": "8831aa4f4dfffff", "bright_median_rent": 7.9945799457994582, "bright_listings": 1.0, "dark_median_rent": null, "dark_listings": null }, "geometry": { "type": "Polygon", "coordinates": [ [ [ 116.332714702366346, 39.7949565785012 ], [ 116.330395244083093, 39.79091759667228 ], [ 116.333083821417418, 39.787648148530202 ], [ 116.338091334118559, 39.788417443783189 ], [ 116.340411005944389, 39.792455974773539 ], [ 116.337722951595367, 39.795725661328014 ], [ 116.332714702366346, 39.7949565785012 ] ] ] } },
{ "type": "Feature", "properties": { "h3_id": "8831aa5a3bfffff", "bright_median_rent": 7.22, "bright_listings": 1.0, "dark_median_rent": null, "dark_listings": null }, "geometry": { "type": "Polygon", "coordinates": [ [ [ 116.197335642746097, 39.917987255425963 ], [ 116.19501639741938, 39.913938641877905 ], [ 116.197725773869266, 39.910662328389279 ], [ 116.20275387158884, 39.91143438866807 ], [ 116.205073335215559, 39.915482550623764 ], [ 116.202364482892435, 39.918759103871679 ], [ 116.197335642746097, 39.917987255425963 ] ] ] } },
{ "type": "Feature", "properties": { "h3_id": "8831aa5565fffff", "bright_median_rent": 12.22222222222222, "bright_listings": 1.0, "dark_median_rent": null, "dark_listings": null }, "geometry": { "type": "Polygon", "coordinates": [ [ [ 116.36242770564786, 39.957952472839743 ], [ 116.360099597321451, 39.953911494059724 ], [ 116.362793584314147, 39.950633438203504 ], [ 116.367815153083072, 39.951396123696632 ], [ 116.370143475494729, 39.955436651048984 ], [ 116.367450015121605, 39.95871494431438 ], [ 116.36242770564786, 39.957952472839743 ] ] ] } },
{ "type": "Feature", "properties": { "h3_id": "8831aabb43fffff", "bright_median_rent": 2.0, "bright_listings": 1.0, "dark_median_rent": null, "dark_listings": null }, "geometry": { "type": "Polygon", "coordinates": [ [ [ 116.851982939302786, 40.380492679950699 ], [ 116.849614656943331, 40.376468183084768 ], [ 116.852278783933642, 40.373169049882677 ], [ 116.857310653080091, 40.373894184294635 ], [ 116.859679139449568, 40.377918229175904 ], [ 116.857015552732193, 40.381217591607779 ], [ 116.851982939302786, 40.380492679950699 ] ] ] } },
{ "type": "Feature", "properties": { "h3_id": "8831aa556dfffff", "bright_median_rent": 13.333333333333334, "bright_listings": 1.0, "dark_median_rent": null, "dark_listings": null }, "geometry": { "type": "Polygon", "coordinates": [ [ [ 116.362061720320639, 39.965272072937289 ], [ 116.359733294898845, 39.961230918447079 ], [ 116.36242770564786, 39.957952472839743 ], [ 116.367450015121605, 39.95871494431438 ], [ 116.369778654699957, 39.962755647347429 ], [ 116.367084770717369, 39.966034330341429 ], [ 116.362061720320639, 39.965272072937289 ] ] ] } },
{ "type": "Feature", "properties": { "h3_id": "8831aa51b7fffff", "bright_median_rent": 9.0, "bright_listings": 1.0, "dark_median_rent": null, "dark_listings": null }, "geometry": { "type": "Polygon", "coordinates": [ [ [ 116.295917800282524, 39.922008358971084 ], [ 116.293594157775672, 39.917964728089352 ], [ 116.29629330165011, 39.914688424182955 ], [ 116.301315562889044, 39.915455512706274 ], [ 116.303639421012235, 39.919498692170102 ], [ 116.300940802349515, 39.922775234507036 ], [ 116.295917800282524, 39.922008358971084 ] ] ] } },
{ "type": "Feature", "properties": { "h3_id": "8831aa5489fffff", "bright_median_rent": 12.5, "bright_listings": 1.0, "dark_median_rent": null, "dark_listings": null }, "geometry": { "type": "Polygon", "coordinates": [ [ [ 116.497598265597134, 39.985758073632695 ], [ 116.495263151864947, 39.981723469931694 ], [ 116.497944269225243, 39.9784442754247 ], [ 116.502959971847417, 39.979199449097528 ], [ 116.5052952961735, 39.983233601539631 ], [ 116.502614707352592, 39.98651303154611 ], [ 116.497598265597134, 39.985758073632695 ] ] ] } },
{ "type": "Feature", "properties": { "h3_id": "8831aa5199fffff", "bright_median_rent": 16.666666666666668, "bright_listings": 1.0, "dark_median_rent": 17.22388888888889, "dark_listings": 2.0 }, "geometry": { "type": "Polygon", "coordinates": [ [ [ 116.309491873081683, 39.953591019683614 ], [ 116.307166219170071, 39.949547408631751 ], [ 116.309865587591446, 39.946269458623249 ], [ 116.314890083997369, 39.94703488151336 ], [ 116.317215953416735, 39.951078041049257 ], [ 116.314517110991957, 39.954356229189592 ], [ 116.309491873081683, 39.953591019683614 ] ] ] } },
{ "type": "Feature", "properties": { "h3_id": "8831aa509dfffff", "bright_median_rent": 8.3333333333333339, "bright_listings": 1.0, "dark_median_rent": null, "dark_listings": null }, "geometry": { "type": "Polygon", "coordinates": [ [ [ 116.353608476898145, 39.982430454822008 ], [ 116.351279631561482, 39.978388497709403 ], [ 116.353975841408371, 39.975109120650835 ], [ 116.359000369627026, 39.975871463248104 ], [ 116.361329429496919, 39.979912968819079 ], [ 116.358633746684418, 39.983192583312942 ], [ 116.353608476898145, 39.982430454822008 ] ] ] } },
{ "type": "Feature", "properties": { "h3_id": "8831aa559dfffff", "bright_median_rent": 8.5, "bright_listings": 2.0, "dark_median_rent": 10.0, "dark_listings": 1.0 }, "geometry": { "type": "Polygon", "coordinates": [ [ [ 116.461548295574559, 39.947172364868074 ], [ 116.459216468026014, 39.943136727012586 ], [ 116.461899384319864, 39.939859491817046 ], [ 116.466913600844833, 39.940617658329039 ], [ 116.46924563966094, 39.944652845002153 ], [ 116.466563250753566, 39.947930316324026 ], [ 116.461548295574559, 39.947172364868074 ] ] ] } },
{ "type": "Feature", "properties": { "h3_id": "8831aa56a3fffff", "bright_median_rent": 8.8888888888888893, "bright_listings": 1.0, "dark_median_rent": 8.8888888888888893, "dark_listings": 1.0 }, "geometry": { "type": "Polygon", "coordinates": [ [ [ 116.488857452163643, 40.010228996736913 ], [ 116.486521591523996, 40.006193419860672 ], [ 116.48920491884104, 40.002912901924311 ], [ 116.494223577908144, 40.003667725318515 ], [ 116.496559649584, 40.007702850821474 ], [ 116.493876851225778, 40.010983604281861 ], [ 116.488857452163643, 40.010228996736913 ] ] ] } },
{ "type": "Feature", "properties": { "h3_id": "8831aa422bfffff", "bright_median_rent": 5.5, "bright_listings": 1.0, "dark_median_rent": null, "dark_listings": null }, "geometry": { "type": "Polygon", "coordinates": [ [ [ 116.334139272269013, 39.916776030811008 ], [ 116.33181423789182, 39.912734480034004 ], [ 116.334509057403238, 39.909458544863305 ], [ 116.33952838587129, 39.910223922507789 ], [ 116.341853634768427, 39.914265021963217 ], [ 116.33915934074686, 39.917541195074257 ], [ 116.334139272269013, 39.916776030811008 ] ] ] } },
{ "type": "Feature", "properties": { "h3_id": "8831aa424bfffff", "bright_median_rent": 7.2222222222222223, "bright_listings": 1.0, "dark_median_rent": null, "dark_listings": null }, "geometry": { "type": "Polygon", "coordinates": [ [ [ 116.34000891577459, 39.950857930797476 ], [ 116.3376820846117, 39.94681594951966 ], [ 116.340378074623843, 39.943538216768765 ], [ 116.345400369619938, 39.944302227539325 ], [ 116.347727415426533, 39.948343757372598 ], [ 116.345031951662733, 39.951621727858353 ], [ 116.34000891577459, 39.950857930797476 ] ] ] } },
{ "type": "Feature", "properties": { "h3_id": "8831aa5a85fffff", "bright_median_rent": 7.5897435897435894, "bright_listings": 1.0, "dark_median_rent": null, "dark_listings": null }, "geometry": { "type": "Polygon", "coordinates": [ [ [ 116.228276297683735, 39.907967528158238 ], [ 116.225956180565163, 39.903920720831835 ], [ 116.228661750445895, 39.900645008015708 ], [ 116.233686913276728, 39.901415863120427 ], [ 116.236007247756973, 39.905462218953183 ], [ 116.233302202114245, 39.908738171153509 ], [ 116.228276297683735, 39.907967528158238 ] ] ] } },
{ "type": "Feature", "properties": { "h3_id": "8831aa4023fffff", "bright_median_rent": 5.0058479532163744, "bright_listings": 1.0, "dark_median_rent": null, "dark_listings": null }, "geometry": { "type": "Polygon", "coordinates": [ [ [ 116.337094540722433, 39.858252023844862 ], [ 116.334772032961524, 39.854211890091307 ], [ 116.337463465670993, 39.850939077296381 ], [ 116.342476881889198, 39.851706160114546 ], [ 116.344799603599853, 39.855745842784906 ], [ 116.342108695211621, 39.85901889369881 ], [ 116.337094540722433, 39.858252023844862 ] ] ] } },
{ "type": "Feature", "properties": { "h3_id": "883181300bfffff", "bright_median_rent": 1.7333333333333334, "bright_listings": 1.0, "dark_median_rent": null, "dark_listings": null }, "geometry": { "type": "Polygon", "coordinates": [ [ [ 116.328182182918098, 39.287313191850522 ], [ 116.325885689881275, 39.283285377443086 ], [ 116.328548342907681, 39.280043221389398 ], [ 116.333506976317068, 39.280828639388524 ], [ 116.335803678845977, 39.284856005047494 ], [ 116.333141538540261, 39.288098401434475 ], [ 116.328182182918098, 39.287313191850522 ] ] ] } },
{ "type": "Feature", "properties": { "h3_id": "8831aacd0dfffff", "bright_median_rent": 20.833333333333332, "bright_listings": 2.0, "dark_median_rent": 6.67, "dark_listings": 1.0 }, "geometry": { "type": "Polygon", "coordinates": [ [ [ 116.325604383906494, 40.085234248307174 ], [ 116.323272055015565, 40.081188663926746 ], [ 116.3259766588899, 40.077903773722255 ], [ 116.331013062853913, 40.078664230452688 ], [ 116.333345607916812, 40.082709362834116 ], [ 116.330641532913802, 40.085994490462646 ], [ 116.325604383906494, 40.085234248307174 ] ] ] } },
{ "type": "Feature", "properties": { "h3_id": "8831819485fffff", "bright_median_rent": 2.304761904761905, "bright_listings": 1.0, "dark_median_rent": null, "dark_listings": null }, "geometry": { "type": "Polygon", "coordinates": [ [ [ 116.131073881526092, 39.737974801209212 ], [ 116.128765580643829, 39.733926703879241 ], [ 116.131472478540601, 39.730659823078966 ], [ 116.136487157597742, 39.731440798284076 ], [ 116.138795677072309, 39.73548844461763 ], [ 116.136089298966624, 39.738755566721267 ], [ 116.131073881526092, 39.737974801209212 ] ] ] } },
{ "type": "Feature", "properties": { "h3_id": "8831aa5013fffff", "bright_median_rent": 17.102564102564102, "bright_listings": 1.0, "dark_median_rent": null, "dark_listings": null }, "geometry": { "type": "Polygon", "coordinates": [ [ [ 116.314978382800149, 39.995015667301757 ], [ 116.312650613643456, 39.990971452101377 ], [ 116.315351583234602, 39.987691316370011 ], [ 116.320379795148682, 39.988455157913648 ], [ 116.322707780010262, 39.992498921445986 ], [ 116.320007337322494, 39.995779295081277 ], [ 116.314978382800149, 39.995015667301757 ] ] ] } },
{ "type": "Feature", "properties": { "h3_id": "8831aa56dbfffff", "bright_median_rent": 0.1, "bright_listings": 1.0, "dark_median_rent": null, "dark_listings": null }, "geometry": { "type": "Polygon", "coordinates": [ [ [ 116.517253519898361, 40.051335026439062 ], [ 116.514914576802212, 40.047300041944624 ], [ 116.517597048042987, 40.044017414243221 ], [ 116.522617932357903, 40.044769536025797 ], [ 116.524957086046555, 40.048804069046277 ], [ 116.522275144897051, 40.052086931736511 ], [ 116.517253519898361, 40.051335026439062 ] ] ] } },
{ "type": "Feature", "properties": { "h3_id": "8831aa5717fffff", "bright_median_rent": 7.4074074074074074, "bright_listings": 1.0, "dark_median_rent": null, "dark_listings": null }, "geometry": { "type": "Polygon", "coordinates": [ [ [ 116.413178338873422, 40.006197332287464 ], [ 116.410845875423249, 40.002157937509907 ], [ 116.413537018041026, 39.998877443103368 ], [ 116.418560096056453, 39.999636106902294 ], [ 116.420892772595408, 40.003675050165604 ], [ 116.418202158099604, 40.00695578112272 ], [ 116.413178338873422, 40.006197332287464 ] ] ] } },
{ "type": "Feature", "properties": { "h3_id": "8831aa4627fffff", "bright_median_rent": 53.333333333333336, "bright_listings": 1.0, "dark_median_rent": null, "dark_listings": null }, "geometry": { "type": "Polygon", "coordinates": [ [ [ 116.486372331522716, 39.903063744165088 ], [ 116.484041461984603, 39.899030335960518 ], [ 116.486719439611292, 39.895755514886126 ], [ 116.491727760121208, 39.896513866033963 ], [ 116.494058839881944, 39.900546823282468 ], [ 116.491381388978908, 39.903821880317572 ], [ 116.486372331522716, 39.903063744165088 ] ] ] } },
{ "type": "Feature", "properties": { "h3_id": "8831aa5087fffff", "bright_median_rent": 5.8888888888888893, "bright_listings": 1.0, "dark_median_rent": null, "dark_listings": null }, "geometry": { "type": "Polygon", "coordinates": [ [ [ 116.338900793323376, 39.972820466882069 ], [ 116.336573011774462, 39.968777957867999 ], [ 116.339270275171415, 39.965499056028492 ], [ 116.344294793498193, 39.966262425513946 ], [ 116.346622789905382, 39.970304482994706 ], [ 116.343926053196981, 39.973583622501792 ], [ 116.338900793323376, 39.972820466882069 ] ] ] } },
{ "type": "Feature", "properties": { "h3_id": "8831aa7049fffff", "bright_median_rent": 4.3, "bright_listings": 1.0, "dark_median_rent": null, "dark_listings": null }, "geometry": { "type": "Polygon", "coordinates": [ [ [ 116.652832448833436, 39.8987392172507 ], [ 116.650494768981602, 39.894714502691627 ], [ 116.6531548978014, 39.891440374088823 ], [ 116.658152178284766, 39.892190726269163 ], [ 116.660490063763348, 39.896214990247827 ], [ 116.657830463200099, 39.899489352604753 ], [ 116.652832448833436, 39.8987392172507 ] ] ] } },
{ "type": "Feature", "properties": { "h3_id": "8831aa5553fffff", "bright_median_rent": 5.0, "bright_listings": 1.0, "dark_median_rent": null, "dark_listings": null }, "geometry": { "type": "Polygon", "coordinates": [ [ [ 116.414612428261236, 39.976921161025572 ], [ 116.412281237418227, 39.972882465318222 ], [ 116.414970689392632, 39.969603529405838 ], [ 116.419990804746632, 39.97036305253782 ], [ 116.422322208395286, 39.974401296848768 ], [ 116.419633283953516, 39.97768046940255 ], [ 116.414612428261236, 39.976921161025572 ] ] ] } },
{ "type": "Feature", "properties": { "h3_id": "8831aa5413fffff", "bright_median_rent": 9.0, "bright_listings": 1.0, "dark_median_rent": null, "dark_listings": null }, "geometry": { "type": "Polygon", "coordinates": [ [ [ 116.47449705335859, 39.993330632605328 ], [ 116.472162572804692, 39.989294674971326 ], [ 116.474846536634232, 39.98601501814791 ], [ 116.479864452619722, 39.986771083157187 ], [ 116.482199144465937, 39.990806589454159 ], [ 116.479515709103495, 39.994086482057249 ], [ 116.47449705335859, 39.993330632605328 ] ] ] } },
{ "type": "Feature", "properties": { "h3_id": "8831aa503dfffff", "bright_median_rent": 4.5, "bright_listings": 1.0, "dark_median_rent": null, "dark_listings": null }, "geometry": { "type": "Polygon", "coordinates": [ [ [ 116.285177196942755, 39.983102566816399 ], [ 116.282851242341209, 39.979057072369308 ], [ 116.28555474423122, 39.975777499991871 ], [ 116.29058367443622, 39.976543183693956 ], [ 116.292909845465147, 39.980588226461144 ], [ 116.290206869931367, 39.983868037184706 ], [ 116.285177196942755, 39.983102566816399 ] ] ] } },
{ "type": "Feature", "properties": { "h3_id": "8831aa4605fffff", "bright_median_rent": 10.784313725490197, "bright_listings": 1.0, "dark_median_rent": null, "dark_listings": null }, "geometry": { "type": "Polygon", "coordinates": [ [ [ 116.493020378703974, 39.922473089587342 ], [ 116.490688344323871, 39.918439606380346 ], [ 116.493366633148426, 39.91516376849092 ], [ 116.498376429233261, 39.915921177987855 ], [ 116.500708673812909, 39.919954210175874 ], [ 116.498030912177029, 39.923230283864292 ], [ 116.493020378703974, 39.922473089587342 ] ] ] } },
{ "type": "Feature", "properties": { "h3_id": "8831aa55a5fffff", "bright_median_rent": 6.0, "bright_listings": 1.0, "dark_median_rent": null, "dark_listings": null }, "geometry": { "type": "Polygon", "coordinates": [ [ [ 116.424819715294817, 39.923193974705434 ], [ 116.422490535887093, 39.919156957917153 ], [ 116.425176086539381, 39.915880905094582 ], [ 116.430190290140047, 39.916641632332052 ], [ 116.432519681626857, 39.920678197956775 ], [ 116.42983465750298, 39.923954487486 ], [ 116.424819715294817, 39.923193974705434 ] ] ] } },
{ "type": "Feature", "properties": { "h3_id": "8831aa548dfffff", "bright_median_rent": 10.416666666666666, "bright_listings": 3.0, "dark_median_rent": 8.8888888888888893, "dark_listings": 1.0 }, "geometry": { "type": "Polygon", "coordinates": [ [ [ 116.490246711476729, 39.980967999304013 ], [ 116.487912127642446, 39.976933118507937 ], [ 116.490593773370506, 39.973654159616714 ], [ 116.495609474634165, 39.974409845884132 ], [ 116.497944269225243, 39.9784442754247 ], [ 116.495263151864947, 39.981723469931694 ], [ 116.490246711476729, 39.980967999304013 ] ] ] } },
{ "type": "Feature", "properties": { "h3_id": "8831aa46a5fffff", "bright_median_rent": 2.3333333333333339, "bright_listings": 1.0, "dark_median_rent": null, "dark_listings": null }, "geometry": { "type": "Polygon", "coordinates": [ [ [ 116.53246617201431, 39.887960098755784 ], [ 116.530134044611245, 39.883929395894789 ], [ 116.532806353100739, 39.880655504114792 ], [ 116.537810262196402, 39.881412079771842 ], [ 116.540142598434599, 39.885442331834149 ], [ 116.53747081681054, 39.888716459016393 ], [ 116.53246617201431, 39.887960098755784 ] ] ] } },
{ "type": "Feature", "properties": { "h3_id": "8831aa405bfffff", "bright_median_rent": 8.0, "bright_listings": 1.0, "dark_median_rent": null, "dark_listings": null }, "geometry": { "type": "Polygon", "coordinates": [ [ [ 116.36535175238248, 39.899416043287999 ], [ 116.363026177735264, 39.895376474259315 ], [ 116.365716779436369, 39.892101538605381 ], [ 116.370732430406733, 39.89286593436973 ], [ 116.373058218570378, 39.896905052208155 ], [ 116.370368142316323, 39.900180225450967 ], [ 116.36535175238248, 39.899416043287999 ] ] ] } },
{ "type": "Feature", "properties": { "h3_id": "8831aa56b5fffff", "bright_median_rent": 6.5, "bright_listings": 1.0, "dark_median_rent": null, "dark_listings": null }, "geometry": { "type": "Polygon", "coordinates": [ [ [ 116.496559649584, 40.007702850821474 ], [ 116.494223577908144, 40.003667725318515 ], [ 116.49690595582058, 40.000387361505162 ], [ 116.501923876495297, 40.001141887742605 ], [ 116.504260158974432, 40.005176561898431 ], [ 116.501578310044806, 40.008457161142324 ], [ 116.496559649584, 40.007702850821474 ] ] ] } },
{ "type": "Feature", "properties": { "h3_id": "8831aa543dfffff", "bright_median_rent": 21.0, "bright_listings": 2.0, "dark_median_rent": null, "dark_listings": null }, "geometry": { "type": "Polygon", "coordinates": [ [ [ 116.444733891477057, 39.981472954945744 ], [ 116.44240121411498, 39.977435715143784 ], [ 116.445087711572754, 39.974156612794715 ], [ 116.450106358535123, 39.974914514004055 ], [ 116.452439247911045, 39.978951302453687 ], [ 116.449753278379958, 39.982230641024721 ], [ 116.444733891477057, 39.981472954945744 ] ] ] } },
{ "type": "Feature", "properties": { "h3_id": "8831aa470dfffff", "bright_median_rent": 8.9215686274509807, "bright_listings": 2.0, "dark_median_rent": null, "dark_listings": null }, "geometry": { "type": "Polygon", "coordinates": [ [ [ 116.441279813333409, 39.896228395086688 ], [ 116.438951162377606, 39.892192808196711 ], [ 116.441633556916955, 39.888918233651907 ], [ 116.446644076343361, 39.889679009387415 ], [ 116.448972938703193, 39.893714145254656 ], [ 116.446291070301484, 39.896988956387538 ], [ 116.441279813333409, 39.896228395086688 ] ] ] } },
{ "type": "Feature", "properties": { "h3_id": "8831aa5211fffff", "bright_median_rent": 8.3333333333333339, "bright_listings": 1.0, "dark_median_rent": null, "dark_listings": null }, "geometry": { "type": "Polygon", "coordinates": [ [ [ 116.304623650228223, 40.048822748569854 ], [ 116.302293877259658, 40.044776855023173 ], [ 116.30499878515586, 40.041493844189652 ], [ 116.310032938184051, 40.042256489040419 ], [ 116.312362927597704, 40.04630193068823 ], [ 116.309658547607924, 40.049585179362666 ], [ 116.304623650228223, 40.048822748569854 ] ] ] } },
{ "type": "Feature", "properties": { "h3_id": "8831811acdfffff", "bright_median_rent": 3.0041152263374484, "bright_listings": 1.0, "dark_median_rent": null, "dark_listings": null }, "geometry": { "type": "Polygon", "coordinates": [ [ [ 115.881228033256932, 39.337105960265141 ], [ 115.878948250193503, 39.333054085102809 ], [ 115.881660410255293, 39.329808141387531 ], [ 115.886651844220722, 39.330613826761862 ], [ 115.888931849271628, 39.334665252144539 ], [ 115.886220198437911, 39.337911441911629 ], [ 115.881228033256932, 39.337105960265141 ] ] ] } },
{ "type": "Feature", "properties": { "h3_id": "8831aa5441fffff", "bright_median_rent": 1.5, "bright_listings": 1.0, "dark_median_rent": null, "dark_listings": null }, "geometry": { "type": "Polygon", "coordinates": [ [ [ 116.435605885309286, 40.013267892442883 ], [ 116.433272146048097, 40.00922950345236 ], [ 116.435961281365849, 40.005948689206726 ], [ 116.440983627522172, 40.006706027705746 ], [ 116.443317579312435, 40.010743965200383 ], [ 116.440628972486707, 40.014025015670299 ], [ 116.435605885309286, 40.013267892442883 ] ] ] } },
{ "type": "Feature", "properties": { "h3_id": "88318cd2e3fffff", "bright_median_rent": 1.0740740740740742, "bright_listings": 1.0, "dark_median_rent": null, "dark_listings": null }, "geometry": { "type": "Polygon", "coordinates": [ [ [ 116.713175046355474, 39.548600301975632 ], [ 116.710850788509802, 39.544586408019356 ], [ 116.713486444957553, 39.541331277254784 ], [ 116.718445837665641, 39.542089806156284 ], [ 116.720770296717973, 39.546103251084958 ], [ 116.718135161922191, 39.549358616117942 ], [ 116.713175046355474, 39.548600301975632 ] ] ] } },
{ "type": "Feature", "properties": { "h3_id": "8831aa550dfffff", "bright_median_rent": 8.0, "bright_listings": 1.0, "dark_median_rent": null, "dark_listings": null }, "geometry": { "type": "Polygon", "coordinates": [ [ [ 116.384844864320314, 39.965040710188902 ], [ 116.382515479735105, 39.961000734485523 ], [ 116.385207463167987, 39.957722356494671 ], [ 116.390228304265221, 39.958483717102276 ], [ 116.392557902377277, 39.96252324139536 ], [ 116.389866445934601, 39.965801856469604 ], [ 116.384844864320314, 39.965040710188902 ] ] ] } },
{ "type": "Feature", "properties": { "h3_id": "8831aa5543fffff", "bright_median_rent": 6.9444444444444446, "bright_listings": 1.0, "dark_median_rent": null, "dark_listings": null }, "geometry": { "type": "Polygon", "coordinates": [ [ [ 116.391834715420643, 39.977160435835835 ], [ 116.38950448211925, 39.973120560924649 ], [ 116.392196361598295, 39.969841556128372 ], [ 116.397217947138344, 39.970602189277038 ], [ 116.399548393874966, 39.974641612744435 ], [ 116.396857041705672, 39.97792085448539 ], [ 116.391834715420643, 39.977160435835835 ] ] ] } },
{ "type": "Feature", "properties": { "h3_id": "8831aa4017fffff", "bright_median_rent": 10.0, "bright_listings": 1.0, "dark_median_rent": null, "dark_listings": null }, "geometry": { "type": "Polygon", "coordinates": [ [ [ 116.366811223327815, 39.870161427403914 ], [ 116.364486913467942, 39.86612256595955 ], [ 116.36717582568933, 39.862849191862857 ], [ 116.372188522977368, 39.863614441510443 ], [ 116.374513046070078, 39.867652851883776 ], [ 116.371824658710921, 39.87092646365906 ], [ 116.366811223327815, 39.870161427403914 ] ] ] } },
{ "type": "Feature", "properties": { "h3_id": "8831852e93fffff", "bright_median_rent": 7.7380952380952381, "bright_listings": 1.0, "dark_median_rent": null, "dark_listings": null }, "geometry": { "type": "Polygon", "coordinates": [ [ [ 116.106371612669747, 39.911376778259879 ], [ 116.104056571602939, 39.907323636345026 ], [ 116.10677523626498, 39.904047480634667 ], [ 116.111808419007929, 39.904824225822807 ], [ 116.114123680829195, 39.908876916001724 ], [ 116.111405539223014, 39.912153312707176 ], [ 116.106371612669747, 39.911376778259879 ] ] ] } },
{ "type": "Feature", "properties": { "h3_id": "8831aa5557fffff", "bright_median_rent": 5.0061500615006151, "bright_listings": 1.0, "dark_median_rent": null, "dark_listings": null }, "geometry": { "type": "Polygon", "coordinates": [ [ [ 116.407260385107563, 39.972122643837935 ], [ 116.404929725169225, 39.968083671788726 ], [ 116.407619704503915, 39.964804972633893 ], [ 116.412639816485949, 39.965565008749167 ], [ 116.414970689392632, 39.969603529405838 ], [ 116.412281237418227, 39.972882465318222 ], [ 116.407260385107563, 39.972122643837935 ] ] ] } },
{ "type": "Feature", "properties": { "h3_id": "8831aa4445fffff", "bright_median_rent": 5.2, "bright_listings": 1.0, "dark_median_rent": null, "dark_listings": null }, "geometry": { "type": "Polygon", "coordinates": [ [ [ 116.487066446751911, 39.888447851722056 ], [ 116.484736213056436, 39.884414794779445 ], [ 116.487413352988597, 39.88114075484561 ], [ 116.492420200255111, 39.881899535826449 ], [ 116.494750644034241, 39.885932141872502 ], [ 116.492074030531967, 39.889206417812666 ], [ 116.487066446751911, 39.888447851722056 ] ] ] } },
{ "type": "Feature", "properties": { "h3_id": "8831aaa8bdfffff", "bright_median_rent": 0.7, "bright_listings": 1.0, "dark_median_rent": null, "dark_listings": null }, "geometry": { "type": "Polygon", "coordinates": [ [ [ 117.018121648702092, 40.194891414189087 ], [ 117.015755060461075, 40.190879373594051 ], [ 117.018391824018863, 40.187590584383031 ], [ 117.023394637974548, 40.188313608026704 ], [ 117.025761424170454, 40.192325197739471 ], [ 117.023125198524099, 40.195614214668623 ], [ 117.018121648702092, 40.194891414189087 ] ] ] } },
{ "type": "Feature", "properties": { "h3_id": "8831aa45b3fffff", "bright_median_rent": 10.784313725490197, "bright_listings": 1.0, "dark_median_rent": null, "dark_listings": null }, "geometry": { "type": "Polygon", "coordinates": [ [ [ 116.521211576159246, 39.805362935646151 ], [ 116.518883680331399, 39.801333443997159 ], [ 116.521552872410254, 39.798063934139321 ], [ 116.526549435326231, 39.798823680046269 ], [ 116.52887753962429, 39.802852721202441 ], [ 116.526208872604457, 39.806122466922886 ], [ 116.521211576159246, 39.805362935646151 ] ] ] } },
{ "type": "Feature", "properties": { "h3_id": "8831aa7201fffff", "bright_median_rent": 3.4979674796747968, "bright_listings": 2.0, "dark_median_rent": null, "dark_listings": null }, "geometry": { "type": "Polygon", "coordinates": [ [ [ 116.659203923826126, 39.925413579214457 ], [ 116.656864756887344, 39.921388619948054 ], [ 116.659525598984914, 39.918113085229692 ], [ 116.664525079220113, 39.918862276188094 ], [ 116.666864451825788, 39.92288678478252 ], [ 116.664204138597682, 39.926162553068707 ], [ 116.659203923826126, 39.925413579214457 ] ] ] } },
{ "type": "Feature", "properties": { "h3_id": "8831aacc27fffff", "bright_median_rent": 3.61, "bright_listings": 1.0, "dark_median_rent": null, "dark_listings": null }, "geometry": { "type": "Polygon", "coordinates": [ [ [ 116.370929908593297, 40.092066636084311 ], [ 116.368595330098714, 40.088023242154463 ], [ 116.371295480573508, 40.084738094945344 ], [ 116.376329680140799, 40.08549610485219 ], [ 116.378664473609675, 40.0895390468472 ], [ 116.37596485260687, 40.092824430848658 ], [ 116.370929908593297, 40.092066636084311 ] ] ] } },
{ "type": "Feature", "properties": { "h3_id": "8831aa4ecdfffff", "bright_median_rent": 1.9, "bright_listings": 1.0, "dark_median_rent": null, "dark_listings": null }, "geometry": { "type": "Polygon", "coordinates": [ [ [ 116.437837022015856, 39.811050738878421 ], [ 116.435512383644507, 39.807016821818365 ], [ 116.438190687695567, 39.803746782984923 ], [ 116.443193105828925, 39.804510424237542 ], [ 116.445517954997086, 39.808543890607552 ], [ 116.442840175303616, 39.811814166393496 ], [ 116.437837022015856, 39.811050738878421 ] ] ] } },
{ "type": "Feature", "properties": { "h3_id": "8831aa712dfffff", "bright_median_rent": 5.4797523151953538, "bright_listings": 1.0, "dark_median_rent": null, "dark_listings": null }, "geometry": { "type": "Polygon", "coordinates": [ [ [ 116.588157183680664, 39.826539199659308 ], [ 116.585825511137259, 39.82251270464522 ], [ 116.58848872716581, 39.81924224995921 ], [ 116.593483089661802, 39.819998055375365 ], [ 116.59581496901815, 39.824024099955338 ], [ 116.593152279133747, 39.827294789531535 ], [ 116.588157183680664, 39.826539199659308 ] ] ] } },
{ "type": "Feature", "properties": { "h3_id": "8831aa4343fffff", "bright_median_rent": 11.994188382948469, "bright_listings": 1.0, "dark_median_rent": null, "dark_listings": null }, "geometry": { "type": "Polygon", "coordinates": [ [ [ 116.288947719834212, 39.909877368923382 ], [ 116.286624924311909, 39.905833640760392 ], [ 116.289324168004782, 39.902557965374882 ], [ 116.294345682396454, 39.903325779562344 ], [ 116.29666869362498, 39.907369056341778 ], [ 116.293969974824961, 39.91064497029587 ], [ 116.288947719834212, 39.909877368923382 ] ] ] } },
{ "type": "Feature", "properties": { "h3_id": "8831aa40e5fffff", "bright_median_rent": 15.0, "bright_listings": 1.0, "dark_median_rent": null, "dark_listings": null }, "geometry": { "type": "Polygon", "coordinates": [ [ [ 116.367540321993488, 39.855537524039903 ], [ 116.365216644015149, 39.85149901706361 ], [ 116.367904712286489, 39.848226424107906 ], [ 116.372915934034936, 39.848992100383676 ], [ 116.375239825104501, 39.85303015634868 ], [ 116.372552281403344, 39.856302987027696 ], [ 116.367540321993488, 39.855537524039903 ] ] ] } },
{ "type": "Feature", "properties": { "h3_id": "8831aa4739fffff", "bright_median_rent": 7.6, "bright_listings": 1.0, "dark_median_rent": null, "dark_listings": null }, "geometry": { "type": "Polygon", "coordinates": [ [ [ 116.457015811779797, 39.883890800775859 ], [ 116.454687055675137, 39.879856291937074 ], [ 116.457367138487129, 39.876582415864775 ], [ 116.462375451432649, 39.877342812185269 ], [ 116.464704418407749, 39.881376870082882 ], [ 116.462024861635697, 39.884650982579565 ], [ 116.457015811779797, 39.883890800775859 ] ] ] } },
{ "type": "Feature", "properties": { "h3_id": "8831aa85b3fffff", "bright_median_rent": 1.6956521739130437, "bright_listings": 1.0, "dark_median_rent": null, "dark_listings": null }, "geometry": { "type": "Polygon", "coordinates": [ [ [ 116.866492538263799, 40.397314182501177 ], [ 116.864122860778622, 40.393290096498887 ], [ 116.866786322292313, 40.389990117694481 ], [ 116.871818920590201, 40.390713995901578 ], [ 116.874188801817553, 40.394737629890344 ], [ 116.871525881074518, 40.398037837663459 ], [ 116.866492538263799, 40.397314182501177 ] ] ] } },
{ "type": "Feature", "properties": { "h3_id": "8831aa40e9fffff", "bright_median_rent": 12.5, "bright_listings": 1.0, "dark_median_rent": null, "dark_listings": null }, "geometry": { "type": "Polygon", "coordinates": [ [ [ 116.374513046070078, 39.867652851883776 ], [ 116.372188522977368, 39.863614441510443 ], [ 116.374876488441814, 39.860341220253154 ], [ 116.379888452180168, 39.861106171762408 ], [ 116.382213188273354, 39.86514413109024 ], [ 116.379525747696675, 39.868417589932797 ], [ 116.374513046070078, 39.867652851883776 ] ] ] } },
{ "type": "Feature", "properties": { "h3_id": "8831aa5609fffff", "bright_median_rent": 14.285714285714286, "bright_listings": 1.0, "dark_median_rent": null, "dark_listings": null }, "geometry": { "type": "Polygon", "coordinates": [ [ [ 116.441190010753303, 40.054667386338842 ], [ 116.438854144724942, 40.050628405707378 ], [ 116.441544864211593, 40.047345408646699 ], [ 116.446570920392077, 40.048101156202158 ], [ 116.448906999139453, 40.052139685187541 ], [ 116.446216809056779, 40.055422918241923 ], [ 116.441190010753303, 40.054667386338842 ] ] ] } },
{ "type": "Feature", "properties": { "h3_id": "8831aa5263fffff", "bright_median_rent": 1.4978354978354975, "bright_listings": 1.0, "dark_median_rent": null, "dark_listings": null }, "geometry": { "type": "Polygon", "coordinates": [ [ [ 116.266663740775002, 40.046761311539193 ], [ 116.264335687484589, 40.042713508320396 ], [ 116.267044516056487, 40.039430521701583 ], [ 116.272080870511687, 40.040195099924524 ], [ 116.274409141280387, 40.044242451178178 ], [ 116.271700840185602, 40.047525676152596 ], [ 116.266663740775002, 40.046761311539193 ] ] ] } },
{ "type": "Feature", "properties": { "h3_id": "8831aa541bfffff", "bright_median_rent": 7.0, "bright_listings": 1.0, "dark_median_rent": 4.0, "dark_listings": 1.0 }, "geometry": { "type": "Polygon", "coordinates": [ [ [ 116.474147468211811, 40.000646810914134 ], [ 116.471812668639913, 39.996610679144567 ], [ 116.47449705335859, 39.993330632605328 ], [ 116.479515709103495, 39.994086482057249 ], [ 116.481850720037698, 39.998122162460341 ], [ 116.479166863933855, 40.001402444756323 ], [ 116.474147468211811, 40.000646810914134 ] ] ] } },
{ "type": "Feature", "properties": { "h3_id": "8831aa4b13fffff", "bright_median_rent": 6.0162601626016263, "bright_listings": 1.0, "dark_median_rent": null, "dark_listings": null }, "geometry": { "type": "Polygon", "coordinates": [ [ [ 116.220158091649168, 39.773924189693979 ], [ 116.217844370287295, 39.769879878433905 ], [ 116.220543743678959, 39.766611282171141 ], [ 116.225556317076069, 39.767386757159585 ], [ 116.227870254890433, 39.771430617445937 ], [ 116.225171402924232, 39.774699453696286 ], [ 116.220158091649168, 39.773924189693979 ] ] ] } },
{ "type": "Feature", "properties": { "h3_id": "8831aa58d1fffff", "bright_median_rent": 8.0, "bright_listings": 1.0, "dark_median_rent": null, "dark_listings": null }, "geometry": { "type": "Polygon", "coordinates": [ [ [ 116.252609606957719, 39.878490711665975 ], [ 116.250289782674912, 39.874445792298438 ], [ 116.252991222423532, 39.87117170163819 ], [ 116.258011962641206, 39.871942291154788 ], [ 116.260332003366329, 39.875986759192642 ], [ 116.257631087500869, 39.879261089022187 ], [ 116.252609606957719, 39.878490711665975 ] ] ] } },
{ "type": "Feature", "properties": { "h3_id": "8831aacd03fffff", "bright_median_rent": 5.0, "bright_listings": 1.0, "dark_median_rent": null, "dark_listings": null }, "geometry": { "type": "Polygon", "coordinates": [ [ [ 116.341085136642207, 40.080184327928748 ], [ 116.338752375643168, 40.076139647521167 ], [ 116.341455068577972, 40.072855059897819 ], [ 116.346489993657627, 40.073614915424479 ], [ 116.348822970357247, 40.077659143883473 ], [ 116.346120806346548, 40.080943968742872 ], [ 116.341085136642207, 40.080184327928748 ] ] ] } },
{ "type": "Feature", "properties": { "h3_id": "8831aa5421fffff", "bright_median_rent": 41.67, "bright_listings": 1.0, "dark_median_rent": null, "dark_listings": null }, "geometry": { "type": "Polygon", "coordinates": [ [ [ 116.429674261328131, 39.979198274785915 ], [ 116.427342326943318, 39.975160306967176 ], [ 116.430030301643427, 39.971881287618992 ], [ 116.435049683067803, 39.972639999636293 ], [ 116.437381829862318, 39.976677516080578 ], [ 116.434694382892033, 39.979956771860465 ], [ 116.429674261328131, 39.979198274785915 ] ] ] } },
{ "type": "Feature", "properties": { "h3_id": "8831aa5189fffff", "bright_median_rent": 4.2735042735042734, "bright_listings": 1.0, "dark_median_rent": null, "dark_listings": null }, "geometry": { "type": "Polygon", "coordinates": [ [ [ 116.286686725520568, 39.953805693470109 ], [ 116.284362035573452, 39.949760904178611 ], [ 116.287063832585361, 39.946482889862516 ], [ 116.292089793843758, 39.947249426381269 ], [ 116.294414699929362, 39.951293764111163 ], [ 116.291713428687629, 39.954572016862464 ], [ 116.286686725520568, 39.953805693470109 ] ] ] } },
{ "type": "Feature", "properties": { "h3_id": "8831aa4339fffff", "bright_median_rent": 12.333333333333334, "bright_listings": 1.0, "dark_median_rent": null, "dark_listings": null }, "geometry": { "type": "Polygon", "coordinates": [ [ [ 116.297794213671168, 39.885414356239231 ], [ 116.295472148722098, 39.881371611459976 ], [ 116.298169168552704, 39.878097257924473 ], [ 116.303187728920022, 39.87886541060513 ], [ 116.305510009126337, 39.882907704115283 ], [ 116.302813513777309, 39.886182296192416 ], [ 116.297794213671168, 39.885414356239231 ] ] ] } },
{ "type": "Feature", "properties": { "h3_id": "8831aa0d25fffff", "bright_median_rent": 2.5010224948875255, "bright_listings": 1.0, "dark_median_rent": null, "dark_listings": null }, "geometry": { "type": "Polygon", "coordinates": [ [ [ 116.688884150214321, 39.937203156088231 ], [ 116.686543199165939, 39.933179479419529 ], [ 116.689201511387992, 39.929903401761131 ], [ 116.694200245327565, 39.930650767623426 ], [ 116.696541401324936, 39.934673993639606 ], [ 116.693883618502113, 39.937950304424248 ], [ 116.688884150214321, 39.937203156088231 ] ] ] } },
{ "type": "Feature", "properties": { "h3_id": "8831aa7011fffff", "bright_median_rent": 6.0, "bright_listings": 1.0, "dark_median_rent": null, "dark_listings": null }, "geometry": { "type": "Polygon", "coordinates": [ [ [ 116.684088471451915, 39.874049235282961 ], [ 116.681750611081029, 39.8700266710241 ], [ 116.684406148900905, 39.866753954008146 ], [ 116.689399019112798, 39.867503567799119 ], [ 116.691737084058076, 39.87152568164516 ], [ 116.689082074285082, 39.874798632091199 ], [ 116.684088471451915, 39.874049235282961 ] ] ] } },
{ "type": "Feature", "properties": { "h3_id": "8831aa4103fffff", "bright_median_rent": 5.4958183990442055, "bright_listings": 1.0, "dark_median_rent": null, "dark_listings": null }, "geometry": { "type": "Polygon", "coordinates": [ [ [ 116.300042306600815, 39.841520287053399 ], [ 116.297722131917183, 39.837478609318609 ], [ 116.30041660727143, 39.834206598232321 ], [ 116.305430733770905, 39.834976026184755 ], [ 116.307751123282017, 39.839017252829755 ], [ 116.305057171535211, 39.842289502590702 ], [ 116.300042306600815, 39.841520287053399 ] ] ] } },
{ "type": "Feature", "properties": { "h3_id": "8831aa5015fffff", "bright_median_rent": 13.333333333333334, "bright_listings": 1.0, "dark_median_rent": null, "dark_listings": null }, "geometry": { "type": "Polygon", "coordinates": [ [ [ 116.299890057106182, 39.992723155133831 ], [ 116.297563036756117, 39.988678212241787 ], [ 116.300265485760079, 39.985398163288174 ], [ 116.305294428480551, 39.986162819091277 ], [ 116.307621664932896, 39.990207310294537 ], [ 116.304919742632194, 39.993487597362005 ], [ 116.299890057106182, 39.992723155133831 ] ] ] } },
{ "type": "Feature", "properties": { "h3_id": "8831aa5737fffff", "bright_median_rent": null, "bright_listings": null, "dark_median_rent": 13.33, "dark_listings": 1.0 }, "geometry": { "type": "Polygon", "coordinates": [ [ [ 116.39882711345841, 39.989279858015387 ], [ 116.396496031046354, 39.985240084441806 ], [ 116.399187806236952, 39.981960453062513 ], [ 116.404210136279502, 39.982720358429404 ], [ 116.406541432035098, 39.986759680525807 ], [ 116.403850184473967, 39.990039548710925 ], [ 116.39882711345841, 39.989279858015387 ] ] ] } },
{ "type": "Feature", "properties": { "h3_id": "8831aa4c6dfffff", "bright_median_rent": null, "bright_listings": null, "dark_median_rent": 15.555555555555555, "dark_listings": 3.0 }, "geometry": { "type": "Polygon", "coordinates": [ [ [ 116.372269143730108, 39.76053758321477 ], [ 116.369949564681349, 39.756501391238132 ], [ 116.372632160074176, 39.753233881552362 ], [ 116.37763381190652, 39.754002325808131 ], [ 116.37995360312955, 39.75803806716403 ], [ 116.377271530414546, 39.761305814863427 ], [ 116.372269143730108, 39.76053758321477 ] ] ] } },
{ "type": "Feature", "properties": { "h3_id": "8831aa5033fffff", "bright_median_rent": null, "bright_listings": null, "dark_median_rent": 10.416666666666668, "dark_listings": 2.0 }, "geometry": { "type": "Polygon", "coordinates": [ [ [ 116.300640804894613, 39.97807373665426 ], [ 116.298314417673026, 39.974029145541927 ], [ 116.30101601455759, 39.970749875406959 ], [ 116.306043472323509, 39.971514958204303 ], [ 116.30837007550312, 39.975559097686883 ], [ 116.305669005028378, 39.978838605980414 ], [ 116.300640804894613, 39.97807373665426 ] ] ] } },
{ "type": "Feature", "properties": { "h3_id": "8831aa7053fffff", "bright_median_rent": null, "bright_listings": null, "dark_median_rent": 15.0, "dark_listings": 1.0 }, "geometry": { "type": "Polygon", "coordinates": [ [ [ 116.683452839775569, 39.888641493438485 ], [ 116.681114338794558, 39.884618581038964 ], [ 116.683770701756842, 39.88134508181691 ], [ 116.688765037425995, 39.882094261589316 ], [ 116.691103743115505, 39.886116723516601 ], [ 116.688447908495476, 39.889390456121909 ], [ 116.683452839775569, 39.888641493438485 ] ] ] } },
{ "type": "Feature", "properties": { "h3_id": "8831aacce7fffff", "bright_median_rent": null, "bright_listings": null, "dark_median_rent": 5.56, "dark_listings": 3.0 }, "geometry": { "type": "Polygon", "coordinates": [ [ [ 116.416594443295921, 40.091550405867771 ], [ 116.41425793978938, 40.087509376640945 ], [ 116.416953212832595, 40.084224365137914 ], [ 116.421984459530606, 40.084980146656612 ], [ 116.424321176743391, 40.08902072404338 ], [ 116.421626433621611, 40.092305971729928 ], [ 116.416594443295921, 40.091550405867771 ] ] ] } },
{ "type": "Feature", "properties": { "h3_id": "8831aa4227fffff", "bright_median_rent": null, "bright_listings": null, "dark_median_rent": 9.2592592592592595, "dark_listings": 1.0 }, "geometry": { "type": "Polygon", "coordinates": [ [ [ 116.327165016000933, 39.904651280650576 ], [ 116.324840828399715, 39.90060963216532 ], [ 116.327535749269416, 39.897334325157779 ], [ 116.332554332638324, 39.898100428535479 ], [ 116.33487873484998, 39.902141625733357 ], [ 116.332184339151524, 39.905417170819454 ], [ 116.327165016000933, 39.904651280650576 ] ] ] } },
{ "type": "Feature", "properties": { "h3_id": "8831aa46cdfffff", "bright_median_rent": null, "bright_listings": null, "dark_median_rent": 13.055, "dark_listings": 2.0 }, "geometry": { "type": "Polygon", "coordinates": [ [ [ 116.538106357284192, 39.929278142692326 ], [ 116.535772108536406, 39.925246840796497 ], [ 116.538445977627134, 39.921970760813672 ], [ 116.543453567762384, 39.92272574753374 ], [ 116.545788025527855, 39.926756598479088 ], [ 116.543114684209144, 39.930032913633205 ], [ 116.538106357284192, 39.929278142692326 ] ] ] } },
{ "type": "Feature", "properties": { "h3_id": "8831aa4621fffff", "bright_median_rent": null, "bright_listings": null, "dark_median_rent": 6.666666666666667, "dark_listings": 2.0 }, "geometry": { "type": "Polygon", "coordinates": [ [ [ 116.486025122442129, 39.910372539386067 ], [ 116.48369393485342, 39.906338955719569 ], [ 116.486372331522716, 39.903063744165088 ], [ 116.491381388978908, 39.903821880317572 ], [ 116.49371278685976, 39.90785501299829 ], [ 116.491034917061114, 39.911130460490689 ], [ 116.486025122442129, 39.910372539386067 ] ] ] } },
{ "type": "Feature", "properties": { "h3_id": "8831aa469dfffff", "bright_median_rent": null, "bright_listings": null, "dark_median_rent": 3.33, "dark_listings": 1.0 }, "geometry": { "type": "Polygon", "coordinates": [ [ [ 116.569157945089643, 39.911886168477267 ], [ 116.566823180902247, 39.907856844796868 ], [ 116.569492853361581, 39.904581777165532 ], [ 116.57449676236007, 39.905335798370771 ], [ 116.57683173457184, 39.909364671236098 ], [ 116.574162589829328, 39.912639973689586 ], [ 116.569157945089643, 39.911886168477267 ] ] ] } },
{ "type": "Feature", "properties": { "h3_id": "8831aa50bdfffff", "bright_median_rent": null, "bright_listings": null, "dark_median_rent": 0.01, "dark_listings": 3.0 }, "geometry": { "type": "Polygon", "coordinates": [ [ [ 116.339270275171415, 39.965499056028492 ], [ 116.336942810503459, 39.961456722813331 ], [ 116.339639649306108, 39.958178210608821 ], [ 116.34466342630445, 39.958941793908004 ], [ 116.346991105759116, 39.962983675619448 ], [ 116.344294793498193, 39.966262425513946 ], [ 116.339270275171415, 39.965499056028492 ] ] ] } },
{ "type": "Feature", "properties": { "h3_id": "8831aa541dfffff", "bright_median_rent": null, "bright_listings": null, "dark_median_rent": 6.11, "dark_listings": 1.0 }, "geometry": { "type": "Polygon", "coordinates": [ [ [ 116.459087808680181, 39.998378287944234 ], [ 116.456753751410005, 39.994341427558318 ], [ 116.45943961415783, 39.991061463180941 ], [ 116.464459005826711, 39.991818123201348 ], [ 116.466793274855334, 39.995854532198358 ], [ 116.464107940525878, 39.999134732542288 ], [ 116.459087808680181, 39.998378287944234 ] ] ] } },
{ "type": "Feature", "properties": { "h3_id": "8831aaccabfffff", "bright_median_rent": null, "bright_listings": null, "dark_median_rent": 4.44, "dark_listings": 1.0 }, "geometry": { "type": "Polygon", "coordinates": [ [ [ 116.432046215758049, 40.086490895750451 ], [ 116.429709285073855, 40.082450770178006 ], [ 116.432402650493572, 40.079166064059727 ], [ 116.437432416695572, 40.079921247496394 ], [ 116.439769560616469, 40.083960921280173 ], [ 116.437076725168353, 40.087245863394337 ], [ 116.432046215758049, 40.086490895750451 ] ] ] } },
{ "type": "Feature", "properties": { "h3_id": "8831aa4735fffff", "bright_median_rent": null, "bright_listings": null, "dark_median_rent": 5.83, "dark_listings": 1.0 }, "geometry": { "type": "Polygon", "coordinates": [ [ [ 116.45003038911203, 39.871787175632321 ], [ 116.447702478566569, 39.867752568287095 ], [ 116.450382667601701, 39.864479319408908 ], [ 116.455390241528676, 39.865240441291455 ], [ 116.457718363036562, 39.869274597729188 ], [ 116.455038699723815, 39.872548083170258 ], [ 116.45003038911203, 39.871787175632321 ] ] ] } },
{ "type": "Feature", "properties": { "h3_id": "8831aa0d55fffff", "bright_median_rent": null, "bright_listings": null, "dark_median_rent": 11.44, "dark_listings": 2.0 }, "geometry": { "type": "Polygon", "coordinates": [ [ [ 116.717624518154935, 39.970881452946529 ], [ 116.715280819067289, 39.966858542620635 ], [ 116.717937838378674, 39.963580752135748 ], [ 116.722938026472278, 39.964325639341219 ], [ 116.725281929991581, 39.968348098946272 ], [ 116.722625441053921, 39.971626122044789 ], [ 116.717624518154935, 39.970881452946529 ] ] ] } },
{ "type": "Feature", "properties": { "h3_id": "8831aad89dfffff", "bright_median_rent": null, "bright_listings": null, "dark_median_rent": 3.665, "dark_listings": 2.0 }, "geometry": { "type": "Polygon", "coordinates": [ [ [ 116.234547444439684, 40.223121985363875 ], [ 116.232212739277301, 40.219068824387683 ], [ 116.234934337446518, 40.215776463676399 ], [ 116.239990110055643, 40.216537025795553 ], [ 116.242325035095291, 40.220589734063999 ], [ 116.239603967719333, 40.223882332899585 ], [ 116.234547444439684, 40.223121985363875 ] ] ] } },
{ "type": "Feature", "properties": { "h3_id": "8831aa5103fffff", "bright_median_rent": null, "bright_listings": null, "dark_median_rent": 12.96, "dark_listings": 1.0 }, "geometry": { "type": "Polygon", "coordinates": [ [ [ 116.240667557078794, 39.961547705934834 ], [ 116.238344484405005, 39.957500383499216 ], [ 116.241051568219021, 39.954221854140769 ], [ 116.246081199315711, 39.954990408176442 ], [ 116.248404489463496, 39.959037278930516 ], [ 116.245697931110357, 39.962316047309109 ], [ 116.240667557078794, 39.961547705934834 ] ] ] } },
{ "type": "Feature", "properties": { "h3_id": "8831aa41c5fffff", "bright_median_rent": null, "bright_listings": null, "dark_median_rent": 5.0, "dark_listings": 2.0 }, "geometry": { "type": "Polygon", "coordinates": [ [ [ 116.330497733407995, 39.838819113408874 ], [ 116.328176385692075, 39.834779061879317 ], [ 116.330867496879335, 39.831507268562433 ], [ 116.335879431993447, 39.83227528847452 ], [ 116.338200993678129, 39.836314888985356 ], [ 116.335510406348931, 39.839586920581368 ], [ 116.330497733407995, 39.838819113408874 ] ] ] } },
{ "type": "Feature", "properties": { "h3_id": "8831aa5521fffff", "bright_median_rent": null, "bright_listings": null, "dark_median_rent": 4.0, "dark_listings": 1.0 }, "geometry": { "type": "Polygon", "coordinates": [ [ [ 116.378221109763189, 39.945602855797375 ], [ 116.375892890651755, 39.941562955611325 ], [ 116.378584554638167, 39.938285594537348 ], [ 116.383603911281142, 39.9390478963833 ], [ 116.385932343939771, 39.943087345222317 ], [ 116.383241206477464, 39.9463649435409 ], [ 116.378221109763189, 39.945602855797375 ] ] ] } },
{ "type": "Feature", "properties": { "h3_id": "8831aa704bfffff", "bright_median_rent": null, "bright_listings": null, "dark_median_rent": 12.75, "dark_listings": 1.0 }, "geometry": { "type": "Polygon", "coordinates": [ [ [ 116.660490063763348, 39.896214990247827 ], [ 116.658152178284766, 39.892190726269163 ], [ 116.660811365259192, 39.88891675481841 ], [ 116.665807909502391, 39.889666813663197 ], [ 116.668146000378073, 39.893690627088461 ], [ 116.66548734168174, 39.896964832200574 ], [ 116.660490063763348, 39.896214990247827 ] ] ] } },
{ "type": "Feature", "properties": { "h3_id": "8831aa4699fffff", "bright_median_rent": null, "bright_listings": null, "dark_median_rent": 8.21, "dark_listings": 1.0 }, "geometry": { "type": "Polygon", "coordinates": [ [ [ 116.57649788135312, 39.916669021097171 ], [ 116.574162589829328, 39.912639973689586 ], [ 116.57683173457184, 39.909364671236098 ], [ 116.581835643019645, 39.910118181462423 ], [ 116.584171142405467, 39.914146778051837 ], [ 116.581502525550007, 39.917422315211361 ], [ 116.57649788135312, 39.916669021097171 ] ] ] } },
{ "type": "Feature", "properties": { "h3_id": "8831aa4c65fffff", "bright_median_rent": null, "bright_listings": null, "dark_median_rent": 2.0, "dark_listings": 1.0 }, "geometry": { "type": "Polygon", "coordinates": [ [ [ 116.372632160074176, 39.753233881552362 ], [ 116.370312895733022, 39.749197868437662 ], [ 116.372995071051704, 39.74593075019073 ], [ 116.377995988247349, 39.746699407001174 ], [ 116.380315464692487, 39.75073496952534 ], [ 116.37763381190652, 39.754002325808131 ], [ 116.372632160074176, 39.753233881552362 ] ] ] } },
{ "type": "Feature", "properties": { "h3_id": "8831aa5711fffff", "bright_median_rent": null, "bright_listings": null, "dark_median_rent": 11.11, "dark_listings": 1.0 }, "geometry": { "type": "Polygon", "coordinates": [ [ [ 116.412819555082521, 40.013517785426394 ], [ 116.41048677326485, 40.009478216164588 ], [ 116.413178338873422, 40.006197332287464 ], [ 116.418202158099604, 40.00695578112272 ], [ 116.420535153076827, 40.010994898840835 ], [ 116.417844115737779, 40.014276019245834 ], [ 116.412819555082521, 40.013517785426394 ] ] ] } },
{ "type": "Feature", "properties": { "h3_id": "8831aa52cbfffff", "bright_median_rent": null, "bright_listings": null, "dark_median_rent": 4.0, "dark_listings": 1.0 }, "geometry": { "type": "Polygon", "coordinates": [ [ [ 116.334829370428039, 40.053393254921453 ], [ 116.332498097526866, 40.049348819604646 ], [ 116.3352000402367, 40.046065635836072 ], [ 116.3402327276102, 40.046826649942538 ], [ 116.342564216159303, 40.050870633402496 ], [ 116.339862801756823, 40.054154054591351 ], [ 116.334829370428039, 40.053393254921453 ] ] ] } },
{ "type": "Feature", "properties": { "h3_id": "8831aa5767fffff", "bright_median_rent": null, "bright_listings": null, "dark_median_rent": 66.67, "dark_listings": 1.0 }, "geometry": { "type": "Polygon", "coordinates": [ [ [ 116.367587494805932, 40.006681490250529 ], [ 116.365256950424609, 40.002639735511863 ], [ 116.367952954440625, 39.999359104792674 ], [ 116.372978975233039, 40.000119991632822 ], [ 116.375309733964983, 40.004161294762795 ], [ 116.372614257623496, 40.007442162639791 ], [ 116.367587494805932, 40.006681490250529 ] ] ] } },
{ "type": "Feature", "properties": { "h3_id": "8831aad869fffff", "bright_median_rent": null, "bright_listings": null, "dark_median_rent": 1.67, "dark_listings": 1.0 }, "geometry": { "type": "Polygon", "coordinates": [ [ [ 116.141484334234306, 40.246144121201517 ], [ 116.139152603942122, 40.242085698899295 ], [ 116.141885338548363, 40.23879194595996 ], [ 116.146949273217359, 40.239556376018079 ], [ 116.149281226183675, 40.243614345348917 ], [ 116.146549021878087, 40.24690833757171 ], [ 116.141484334234306, 40.246144121201517 ] ] ] } },
{ "type": "Feature", "properties": { "h3_id": "8831aaadb9fffff", "bright_median_rent": null, "bright_listings": null, "dark_median_rent": 5.0, "dark_listings": 1.0 }, "geometry": { "type": "Polygon", "coordinates": [ [ [ 117.132287562331484, 40.163677071451417 ], [ 117.129917699265519, 40.159671625498753 ], [ 117.132540718066863, 40.156384882526233 ], [ 117.137533061696558, 40.157103359179196 ], [ 117.139903119344481, 40.161108354654608 ], [ 117.137280638848623, 40.164395323932048 ], [ 117.132287562331484, 40.163677071451417 ] ] ] } },
{ "type": "Feature", "properties": { "h3_id": "8831aa42e1fffff", "bright_median_rent": null, "bright_listings": null, "dark_median_rent": 5.0, "dark_listings": 1.0 }, "geometry": { "type": "Polygon", "coordinates": [ [ [ 116.372330169366251, 39.911534554226662 ], [ 116.370003748154289, 39.907495083332201 ], [ 116.372694246961373, 39.904219519873841 ], [ 116.377710641284139, 39.904983189837822 ], [ 116.380037275921566, 39.909022209508038 ], [ 116.377347302879897, 39.912298010416983 ], [ 116.372330169366251, 39.911534554226662 ] ] ] } },
{ "type": "Feature", "properties": { "h3_id": "8831aa5401fffff", "bright_median_rent": null, "bright_listings": null, "dark_median_rent": 0.5, "dark_listings": 1.0 }, "geometry": { "type": "Polygon", "coordinates": [ [ [ 116.444025941841375, 39.996107332091569 ], [ 116.441692627438059, 39.992069743216682 ], [ 116.444379968248342, 39.988789861436125 ], [ 116.449400095309542, 39.989547332332478 ], [ 116.45173362186739, 39.993584469796112 ], [ 116.449046809278812, 39.996864587753059 ], [ 116.444025941841375, 39.996107332091569 ] ] ] } },
{ "type": "Feature", "properties": { "h3_id": "8831aa5ae9fffff", "bright_median_rent": null, "bright_listings": null, "dark_median_rent": 3.8, "dark_listings": 1.0 }, "geometry": { "type": "Polygon", "coordinates": [ [ [ 116.212421437644409, 39.920301985631767 ], [ 116.210101441407033, 39.916254097470109 ], [ 116.212809341682245, 39.912977694284372 ], [ 116.217836713936123, 39.913748939689242 ], [ 116.220156928076932, 39.917796376278048 ], [ 116.217449552130063, 39.921073019013512 ], [ 116.212421437644409, 39.920301985631767 ] ] ] } },
{ "type": "Feature", "properties": { "h3_id": "8831aa4117fffff", "bright_median_rent": null, "bright_listings": null, "dark_median_rent": 8.0, "dark_listings": 1.0 }, "geometry": { "type": "Polygon", "coordinates": [ [ [ 116.315458260375465, 39.836514071481197 ], [ 116.313137656269447, 39.832473295900762 ], [ 116.315830237718743, 39.829201588792316 ], [ 116.32084289968283, 39.829970418754904 ], [ 116.323163718151164, 39.834010743295991 ], [ 116.320471660362102, 39.837282688892408 ], [ 116.315458260375465, 39.836514071481197 ] ] ] } },
{ "type": "Feature", "properties": { "h3_id": "8831aacc6bfffff", "bright_median_rent": null, "bright_listings": null, "dark_median_rent": 3.0, "dark_listings": 1.0 }, "geometry": { "type": "Polygon", "coordinates": [ [ [ 116.36946655175646, 40.121386420406985 ], [ 116.367130697243596, 40.117342333185888 ], [ 116.36983255139674, 40.114055631713697 ], [ 116.374869730068184, 40.11481278073952 ], [ 116.377205799842486, 40.118856415909349 ], [ 116.374504475753895, 40.122143354083065 ], [ 116.36946655175646, 40.121386420406985 ] ] ] } },
{ "type": "Feature", "properties": { "h3_id": "8831aa7a39fffff", "bright_median_rent": null, "bright_listings": null, "dark_median_rent": 3.0, "dark_listings": 1.0 }, "geometry": { "type": "Polygon", "coordinates": [ [ [ 116.566847748047763, 39.797595496598866 ], [ 116.564518287139336, 39.793568530999224 ], [ 116.567182250737346, 39.790299564625833 ], [ 116.572175149968473, 39.791057328547133 ], [ 116.574504818037823, 39.795083843782663 ], [ 116.571841379783237, 39.798353045439335 ], [ 116.566847748047763, 39.797595496598866 ] ] ] } },
{ "type": "Feature", "properties": { "h3_id": "8831aa40a9fffff", "bright_median_rent": null, "bright_listings": null, "dark_median_rent": 2.0, "dark_listings": 1.0 }, "geometry": { "type": "Polygon", "coordinates": [ [ [ 116.382937648645012, 39.850522643595305 ], [ 116.38061354471634, 39.846485038616066 ], [ 116.383299720835396, 39.843212751621785 ], [ 116.388309476331003, 39.843977832048424 ], [ 116.390633792886732, 39.848014986067462 ], [ 116.387948141388719, 39.851287510598588 ], [ 116.382937648645012, 39.850522643595305 ] ] ] } },
{ "type": "Feature", "properties": { "h3_id": "8831aa88abfffff", "bright_median_rent": null, "bright_listings": null, "dark_median_rent": 8.0, "dark_listings": 1.0 }, "geometry": { "type": "Polygon", "coordinates": [ [ [ 116.633968753526233, 40.323033008267778 ], [ 116.631612358706192, 40.318998387908159 ], [ 116.634296705195567, 40.315701689011483 ], [ 116.639336909647767, 40.316439378066256 ], [ 116.641693514065878, 40.320473546161814 ], [ 116.639009704503806, 40.323770477444796 ], [ 116.633968753526233, 40.323033008267778 ] ] ] } },
{ "type": "Feature", "properties": { "h3_id": "8831aa7b4dfffff", "bright_median_rent": null, "bright_listings": null, "dark_median_rent": 2.67, "dark_listings": 1.0 }, "geometry": { "type": "Polygon", "coordinates": [ [ [ 116.491568373303707, 39.793499825506402 ], [ 116.489242264197571, 39.789469062730845 ], [ 116.491913971781912, 39.786200106043367 ], [ 116.496911264014315, 39.78696167580776 ], [ 116.499237582304033, 39.790991988075547 ], [ 116.496566399246106, 39.794261181065096 ], [ 116.491568373303707, 39.793499825506402 ] ] ] } },
{ "type": "Feature", "properties": { "h3_id": "8831aa7b49fffff", "bright_median_rent": null, "bright_listings": null, "dark_median_rent": 4.89, "dark_listings": 1.0 }, "geometry": { "type": "Polygon", "coordinates": [ [ [ 116.498893034365764, 39.798291670450752 ], [ 116.496566399246106, 39.794261181065096 ], [ 116.499237582304033, 39.790991988075547 ], [ 116.504234875853754, 39.791753048263473 ], [ 116.506561719995943, 39.795783087137551 ], [ 116.503891061634206, 39.799052516313658 ], [ 116.498893034365764, 39.798291670450752 ] ] ] } },
{ "type": "Feature", "properties": { "h3_id": "8831aa5215fffff", "bright_median_rent": null, "bright_listings": null, "dark_median_rent": 13.33, "dark_listings": 1.0 }, "geometry": { "type": "Polygon", "coordinates": [ [ [ 116.297258985957214, 40.044013909269474 ], [ 116.294929746961472, 40.039967738723433 ], [ 116.297635182590071, 40.036684965847193 ], [ 116.302669329551918, 40.037448125538234 ], [ 116.30499878515586, 40.041493844189652 ], [ 116.302293877259658, 40.044776855023173 ], [ 116.297258985957214, 40.044013909269474 ] ] ] } },
{ "type": "Feature", "properties": { "h3_id": "8831aa0a09fffff", "bright_median_rent": null, "bright_listings": null, "dark_median_rent": 3.2, "dark_listings": 1.0 }, "geometry": { "type": "Polygon", "coordinates": [ [ [ 116.600575721352101, 40.05273608919839 ], [ 116.598233189747575, 40.04870538013639 ], [ 116.600906891946067, 40.0454228992323 ], [ 116.605922594877853, 40.046170893500026 ], [ 116.608265334790332, 40.05020115126144 ], [ 116.605592163532137, 40.053483866033972 ], [ 116.600575721352101, 40.05273608919839 ] ] ] } },
{ "type": "Feature", "properties": { "h3_id": "8831aa54c1fffff", "bright_median_rent": null, "bright_listings": null, "dark_median_rent": 13.58, "dark_listings": 1.0 }, "geometry": { "type": "Polygon", "coordinates": [ [ [ 116.489552284256192, 39.995597370631849 ], [ 116.487217062192656, 39.991562141569233 ], [ 116.489899548453394, 39.988282403033715 ], [ 116.494916728183597, 39.989037657969291 ], [ 116.497252161143592, 39.993072435717501 ], [ 116.494570203546019, 39.996352409822919 ], [ 116.489552284256192, 39.995597370631849 ] ] ] } },
{ "type": "Feature", "properties": { "h3_id": "8831aa441bfffff", "bright_median_rent": null, "bright_listings": null, "dark_median_rent": 4.0, "dark_listings": 1.0 }, "geometry": { "type": "Polygon", "coordinates": [ [ [ 116.532806353100739, 39.880655504114792 ], [ 116.530474544077563, 39.87662497665 ], [ 116.533146435315317, 39.873351475632866 ], [ 116.538149608926417, 39.874108266633677 ], [ 116.540481626715774, 39.878138343329532 ], [ 116.537810262196402, 39.881412079771842 ], [ 116.532806353100739, 39.880655504114792 ] ] ] } },
{ "type": "Feature", "properties": { "h3_id": "8831aa4065fffff", "bright_median_rent": null, "bright_listings": null, "dark_median_rent": 8.89, "dark_listings": 1.0 }, "geometry": { "type": "Polygon", "coordinates": [ [ [ 116.313596749445608, 39.873085011942543 ], [ 116.311274569615151, 39.86904334717569 ], [ 116.31396926835086, 39.865769687491493 ], [ 116.318985622597552, 39.866537454175763 ], [ 116.321308017147331, 39.870578667753726 ], [ 116.318613842800247, 39.873852565814836 ], [ 116.313596749445608, 39.873085011942543 ] ] ] } },
{ "type": "Feature", "properties": { "h3_id": "8831aa40edfffff", "bright_median_rent": null, "bright_listings": null, "dark_median_rent": 7.5, "dark_listings": 1.0 }, "geometry": { "type": "Polygon", "coordinates": [ [ [ 116.36717582568933, 39.862849191862857 ], [ 116.364851831812871, 39.858810507596246 ], [ 116.367540321993488, 39.855537524039903 ], [ 116.372552281403344, 39.856302987027696 ], [ 116.374876488441814, 39.860341220253154 ], [ 116.372188522977368, 39.863614441510443 ], [ 116.36717582568933, 39.862849191862857 ] ] ] } },
{ "type": "Feature", "properties": { "h3_id": "8831aa5721fffff", "bright_median_rent": null, "bright_listings": null, "dark_median_rent": 7.5, "dark_listings": 1.0 }, "geometry": { "type": "Polygon", "coordinates": [ [ [ 116.375674027450032, 39.996839513155699 ], [ 116.373343586471492, 39.992798384997229 ], [ 116.376038214696493, 39.989518295981348 ], [ 116.381062756416426, 39.990279098015705 ], [ 116.383393411440053, 39.99431977462033 ], [ 116.380699310768136, 39.997600100722934 ], [ 116.375674027450032, 39.996839513155699 ] ] ] } }
]
}
