cell_index,cell_id,borough,nta_id,nta_name,housing_units,median_gross_rent_usd,margin_of_error_usd,rent_percentile,bar_height_m,source_level,primary_source_level,dominant_source_geoid,source_geography_count,source_unit_coverage_share,lower_bound_90_usd,upper_bound_90_usd
0,892a100002fffff,Bronx,BX1003,Pelham Bay-Country Club-City Island,44,896.0,445.0,0.0244,94.8,block_group,block_group,360050516013,1,1.0,451.0,1341.0
1,892a1000063ffff,Bronx,BX1003,Pelham Bay-Country Club-City Island,90,1815.9,219.8,0.3951,955.4,mixed,tract,36005051601,2,1.0,1596.1,2035.7
2,892a1000067ffff,Bronx,BX1003,Pelham Bay-Country Club-City Island,186,1667.8,201.9,0.2466,614.4,mixed,tract,36005051601,3,1.0,1465.9,1869.7
3,892a100024bffff,Bronx,BX1004,Co-op City,55,1394.0,194.0,0.1054,275.6,block_group,block_group,360050302011,1,1.0,1200.0,1588.0
4,892a1000253ffff,Bronx,BX1004,Co-op City,4458,1271.0,296.0,0.0738,197.9,block_group,block_group,360050302021,1,1.0,975.0,1567.0
5,892a100025bffff,Bronx,BX1004,Co-op City,45,1394.0,194.0,0.1054,275.6,block_group,block_group,360050302011,1,1.0,1200.0,1588.0
7,892a1000383ffff,Bronx,BX1003,Pelham Bay-Country Club-City Island,252,1893.2,348.2,0.4714,1149.7,block_group,block_group,360050516012,2,1.0,1545.0,2241.4
8,892a1000387ffff,Bronx,BX1003,Pelham Bay-Country Club-City Island,229,2219.3,293.4,0.7754,1925.5,block_group,block_group,360050516014,2,1.0,1925.9,2512.7
9,892a1000393ffff,Bronx,BX1003,Pelham Bay-Country Club-City Island,286,1121.4,351.7,0.047,137.7,block_group,block_group,360050516013,2,1.0,769.7,1473.1
10,892a1000397ffff,Bronx,BX1003,Pelham Bay-Country Club-City Island,172,1079.8,360.1,0.0393,128.4,mixed,block_group,360050516013,2,1.0,719.7,1439.9
11,892a100039bffff,Bronx,BX1003,Pelham Bay-Country Club-City Island,173,1723.2,461.4,0.2983,737.1,mixed,block_group,360050516012,2,1.0,1261.8,2184.6
12,892a10003b3ffff,Bronx,BX1003,Pelham Bay-Country Club-City Island,134,1713.8,244.8,0.2881,713.2,mixed,block_group,360050516014,3,1.0,1469.0,1958.6
13,892a100090fffff,Queens,QN1103,Douglaston-Little Neck,18,1654.0,583.0,0.2305,578.1,block_group,block_group,360811483001,1,1.0,1071.0,2237.0
14,892a1000923ffff,Queens,QN1103,Douglaston-Little Neck,91,1745.8,987.9,0.3237,785.8,mixed,tract,36081148300,2,1.0,757.9,2733.7
15,892a1000927ffff,Queens,QN1103,Douglaston-Little Neck,126,1680.7,509.5,0.2563,639.5,mixed,block_group,360811483001,2,1.0,1171.2,2190.2
16,892a100092bffff,Queens,QN1103,Douglaston-Little Neck,82,1750.0,1033.0,0.3303,797.0,tract,tract,36081148300,1,1.0,717.0,2783.0
17,892a100092fffff,Queens,QN1103,Douglaston-Little Neck,97,1750.0,1033.0,0.3303,797.0,tract,tract,36081148300,1,1.0,717.0,2783.0
18,892a1000937ffff,Queens,QN1103,Douglaston-Little Neck,114,1654.0,583.0,0.2305,578.1,block_group,block_group,360811483001,1,1.0,1071.0,2237.0
19,892a100093bffff,Queens,QN1103,Douglaston-Little Neck,66,1690.4,533.2,0.2651,660.7,mixed,block_group,360811483001,2,1.0,1157.2,2223.6
20,892a1000977ffff,Queens,QN1103,Douglaston-Little Neck,38,1696.9,563.4,0.2727,676.8,mixed,block_group,360811483001,2,1.0,1133.5,2260.3
22,892a1000a2bffff,Queens,QN0702,Whitestone-Beechhurst,803,2092.3,136.6,0.6641,1628.7,block_group,block_group,360810991001,2,1.0,1955.7,2228.9
23,892a1000a67ffff,Queens,QN0702,Whitestone-Beechhurst,433,2148.2,106.5,0.7162,1770.0,mixed,block_group,360810991001,3,1.0,2041.7,2254.7
24,892a1000a6fffff,Queens,QN0702,Whitestone-Beechhurst,159,1945.6,214.1,0.5217,1275.9,mixed,block_group,360810987001,2,1.0,1731.5,2159.7
26,892a1000acbffff,Bronx,BX1002,Throgs Neck-Schuylerville,98,2537.8,682.8,0.8975,2310.8,mixed,block_group,360050118001,2,1.0,1855.0,3220.6
28,892a1000b03ffff,Queens,QN0703,Bay Terrace-Clearview,472,2618.5,373.2,0.923,2396.9,mixed,block_group,360810997042,3,1.0,2245.3,2991.7
29,892a1000b07ffff,Queens,QN0703,Bay Terrace-Clearview,415,2460.8,309.0,0.8741,2240.7,mixed,block_group,360810997042,4,1.0,2151.8,2769.8
30,892a1000b0bffff,Queens,QN0703,Bay Terrace-Clearview,449,2764.6,522.3,0.9538,2494.4,mixed,block_group,360810997051,2,1.0,2242.3,3286.9
31,892a1000b0fffff,Queens,QN0703,Bay Terrace-Clearview,762,1499.9,240.2,0.1465,370.7,mixed,block_group,360810997043,3,1.0,1259.7,1740.1
32,892a1000b13ffff,Queens,QN0703,Bay Terrace-Clearview,292,3207.0,473.0,0.9946,2632.0,tract,tract,36081099703,1,1.0,2734.0,3680.0
33,892a1000b17ffff,Queens,QN0703,Bay Terrace-Clearview,364,3158.9,444.9,0.9922,2622.9,mixed,tract,36081099703,2,1.0,2714.0,3603.8
34,892a1000b1bffff,Queens,QN0703,Bay Terrace-Clearview,537,2300.6,441.4,0.8153,2047.7,mixed,tract,36081099704,3,1.0,1859.2,2742.0
35,892a1000b23ffff,Queens,QN1102,Bayside,167,1871.6,846.9,0.4532,1101.4,mixed,tract,36081109300,2,1.0,1024.7,2718.5
36,892a1000b27ffff,Queens,QN1102,Bayside,202,1809.2,120.5,0.3899,940.2,mixed,block_group,360811093003,2,1.0,1688.7,1929.7
37,892a1000b2bffff,Queens,QN1102,Bayside,284,1867.6,428.0,0.4495,1090.9,mixed,block_group,360810997045,2,1.0,1439.6,2295.6
38,892a1000b2fffff,Queens,QN1102,Bayside,162,1893.2,583.3,0.4714,1149.7,mixed,tract,36081109300,3,1.0,1309.9,2476.5
39,892a1000b33ffff,Queens,QN0703,Bay Terrace-Clearview,68,2361.9,324.7,0.8431,2139.2,mixed,block_group,360810997033,2,1.0,2037.2,2686.6
40,892a1000b37ffff,Queens,QN1102,Bayside,134,1874.4,645.7,0.4557,1107.6,mixed,tract,36081109300,3,1.0,1228.7,2520.1
41,892a1000b3bffff,Queens,QN0703,Bay Terrace-Clearview,1117,1889.9,344.7,0.4683,1142.8,mixed,block_group,360810997045,3,1.0,1545.2,2234.6
43,892a1000b47ffff,Queens,QN0703,Bay Terrace-Clearview,10,2954.0,647.0,0.9751,2568.9,block_group,block_group,360810997051,1,1.0,2307.0,3601.0
44,892a1000b4bffff,Queens,QN0702,Whitestone-Beechhurst,165,2560.3,189.1,0.9064,2339.4,mixed,block_group,360810997011,3,1.0,2371.2,2749.4
45,892a1000b4fffff,Queens,QN0703,Bay Terrace-Clearview,233,2682.0,228.0,0.9391,2446.3,block_group,block_group,360810997011,1,1.0,2454.0,2910.0
46,892a1000b53ffff,Queens,QN0703,Bay Terrace-Clearview,222,2954.0,647.0,0.9751,2568.9,block_group,block_group,360810997051,1,1.0,2307.0,3601.0
47,892a1000b57ffff,Queens,QN0703,Bay Terrace-Clearview,473,2954.0,647.0,0.9751,2568.9,block_group,block_group,360810997051,1,1.0,2307.0,3601.0
48,892a1000b63ffff,Queens,QN0703,Bay Terrace-Clearview,25,2618.0,231.7,0.9225,2395.5,mixed,tract,36081099701,2,1.0,2386.3,2849.7
49,892a1000b67ffff,Queens,QN0703,Bay Terrace-Clearview,259,1204.8,151.5,0.0615,171.0,mixed,block_group,360810997043,5,1.0,1053.3,1356.3
50,892a1000b6bffff,Queens,QN0703,Bay Terrace-Clearview,416,2607.4,262.8,0.9194,2385.2,tract,tract,36081099701,2,1.0,2344.6,2870.2
51,892a1000b6fffff,Queens,QN0703,Bay Terrace-Clearview,161,2602.0,265.0,0.9174,2377.7,mixed,tract,36081099701,3,1.0,2337.0,2867.0
52,892a1000b73ffff,Queens,QN0703,Bay Terrace-Clearview,138,2183.6,489.1,0.7445,1850.5,mixed,tract,36081099704,2,1.0,1694.5,2672.7
53,892a1000b77ffff,Queens,QN0703,Bay Terrace-Clearview,476,737.6,185.0,0.0134,73.2,block_group,block_group,360810997043,2,1.0,552.6,922.6
54,892a1000b7bffff,Queens,QN0703,Bay Terrace-Clearview,43,2682.0,228.0,0.9391,2446.3,block_group,block_group,360810997011,1,1.0,2454.0,2910.0
55,892a1000babffff,Queens,QN0703,Bay Terrace-Clearview,424,2411.0,346.0,0.8615,2194.6,block_group,block_group,360810997033,1,1.0,2065.0,2757.0
56,892a1000bafffff,Queens,QN0703,Bay Terrace-Clearview,67,2286.5,332.1,0.8088,2028.3,mixed,block_group,360810997033,2,1.0,1954.4,2618.6
57,892a1000bcfffff,Queens,QN0703,Bay Terrace-Clearview,16,3096.3,388.5,0.9874,2608.4,mixed,tract,36081099703,2,1.0,2707.8,3484.8
58,892a1001003ffff,Bronx,BX1201,Williamsbridge-Olinville,626,1833.5,286.8,0.4158,1002.1,mixed,block_group,360050368002,4,1.0,1546.7,2120.3
59,892a1001007ffff,Bronx,BX1103,Pelham Gardens,277,928.3,160.5,0.0269,100.1,tract,tract,36005034800,2,1.0,767.8,1088.8
60,892a100100bffff,Bronx,BX1201,Williamsbridge-Olinville,264,2062.6,190.9,0.6361,1563.2,block_group,block_group,360050372001,3,1.0,1871.7,2253.5
61,892a100100fffff,Bronx,BX1201,Williamsbridge-Olinville,570,1574.0,209.4,0.1809,457.2,mixed,block_group,360050370002,5,1.0,1364.6,1783.4
62,892a1001013ffff,Bronx,BX1201,Williamsbridge-Olinville,585,1878.7,266.0,0.4586,1116.2,block_group,block_group,360050382001,6,1.0,1612.7,2144.7
63,892a1001017ffff,Bronx,BX1201,Williamsbridge-Olinville,326,1545.1,715.9,0.1665,421.4,block_group,block_group,360050368001,3,1.0,829.2,2261.0
64,892a100101bffff,Bronx,BX1201,Williamsbridge-Olinville,1181,1308.9,124.3,0.0841,222.5,mixed,block_group,360050380001,6,1.0,1184.6,1433.2
65,892a1001023ffff,Bronx,BX1103,Pelham Gardens,455,974.2,138.3,0.0307,108.5,mixed,tract,36005034800,3,1.0,835.9,1112.5
66,892a1001027ffff,Bronx,BX1103,Pelham Gardens,350,2053.5,213.3,0.6274,1539.3,mixed,block_group,360050326002,3,1.0,1840.2,2266.8
67,892a100102bffff,Bronx,BX1104,Allerton,389,1633.6,640.1,0.2168,543.9,block_group,block_group,360050342002,3,1.0,993.5,2273.7
68,892a100102fffff,Bronx,BX1103,Pelham Gardens,413,1860.6,138.9,0.444,1076.1,block_group,block_group,360050326001,4,1.0,1721.7,1999.5
69,892a1001033ffff,Bronx,BX1103,Pelham Gardens,1099,409.7,54.6,0.0016,51.6,mixed,block_group,360050348002,2,1.0,355.1,464.3
70,892a1001037ffff,Bronx,BX1103,Pelham Gardens,372,843.4,228.1,0.02,85.9,mixed,tract,36005034800,3,1.0,615.3,1071.5
71,892a100103bffff,Bronx,BX1103,Pelham Gardens,377,2360.2,872.4,0.8427,2137.9,mixed,block_group,360050344002,4,1.0,1487.8,3232.6
72,892a1001043ffff,Bronx,BX1201,Williamsbridge-Olinville,357,1487.8,184.0,0.1416,359.1,block_group,block_group,360050378002,4,1.0,1303.8,1671.8
73,892a1001047ffff,Bronx,BX1201,Williamsbridge-Olinville,1192,936.6,466.8,0.0276,101.8,block_group,block_group,360050374003,3,1.0,469.8,1403.4
74,892a100104bffff,Bronx,BX0703,Norwood,1450,1503.6,92.7,0.1481,375.5,block_group,block_group,360050429021,4,1.0,1410.9,1596.3
75,892a1001053ffff,Bronx,BX1201,Williamsbridge-Olinville,1093,1457.9,156.0,0.1277,327.3,block_group,block_group,360050378001,4,1.0,1301.9,1613.9
76,892a1001057ffff,Bronx,BX1201,Williamsbridge-Olinville,1047,1717.6,214.8,0.2935,726.0,block_group,block_group,360050380004,2,1.0,1502.8,1932.4
77,892a100105bffff,Bronx,BX0703,Norwood,742,1574.5,104.6,0.1813,458.2,block_group,block_group,360050431023,2,1.0,1469.9,1679.1
78,892a1001063ffff,Bronx,BX1104,Allerton,1047,1460.2,99.0,0.1295,330.4,block_group,block_group,360050338021,5,1.0,1361.2,1559.2
79,892a1001067ffff,Bronx,BX1104,Allerton,1334,1641.4,90.0,0.2214,555.6,block_group,block_group,360050340003,5,1.0,1551.4,1731.4
80,892a100106bffff,Bronx,BX1104,Allerton,10102,600.0,204.9,0.0076,61.6,block_group,block_group,360050336014,2,1.0,395.1,804.9
81,892a100106fffff,Bronx,BX1104,Allerton,2253,1301.3,83.6,0.0817,216.6,block_group,block_group,360050336011,4,1.0,1217.7,1384.9
82,892a1001073ffff,Bronx,BX1201,Williamsbridge-Olinville,920,1681.7,136.2,0.2579,641.7,block_group,block_group,360050372002,5,1.0,1545.5,1817.9
83,892a1001077ffff,Bronx,BX1104,Allerton,868,1756.8,195.4,0.3382,813.5,block_group,block_group,360050340002,4,1.0,1561.4,1952.2
84,892a100107bffff,Bronx,BX1201,Williamsbridge-Olinville,851,1489.5,166.1,0.1425,360.7,block_group,block_group,360050376001,5,1.0,1323.4,1655.6
85,892a1001083ffff,Bronx,BX1202,Eastchester-Edenwald-Baychester,488,1683.0,157.0,0.2593,645.7,tract,tract,36005038600,1,1.0,1526.0,1840.0
86,892a1001087ffff,Bronx,BX1202,Eastchester-Edenwald-Baychester,889,1587.5,123.0,0.1898,477.4,mixed,tract,36005038600,3,1.0,1464.5,1710.5
87,892a100108bffff,Bronx,BX1201,Williamsbridge-Olinville,450,1701.3,294.5,0.2773,686.0,mixed,block_group,360050388001,6,1.0,1406.8,1995.8
88,892a100108fffff,Bronx,BX1201,Williamsbridge-Olinville,1173,1797.9,173.7,0.3768,908.9,mixed,block_group,360050386007,5,1.0,1624.2,1971.6
89,892a1001093ffff,Bronx,BX1202,Eastchester-Edenwald-Baychester,271,1615.0,136.1,0.2049,516.0,mixed,tract,36005038600,3,1.0,1478.9,1751.1
90,892a1001097ffff,Bronx,BX1202,Eastchester-Edenwald-Baychester,563,1446.7,98.5,0.1225,315.9,mixed,tract,36005038600,3,1.0,1348.2,1545.2
91,892a100109bffff,Bronx,BX1201,Williamsbridge-Olinville,495,1387.0,124.2,0.1028,270.0,mixed,block_group,360050398001,4,1.0,1262.8,1511.2
92,892a10010a3ffff,Bronx,BX1202,Eastchester-Edenwald-Baychester,441,1829.3,184.9,0.4086,990.5,mixed,block_group,360050364001,4,1.0,1644.4,2014.2
93,892a10010a7ffff,Bronx,BX1202,Eastchester-Edenwald-Baychester,319,1927.0,307.6,0.5015,1230.7,mixed,tract,36005035800,4,1.0,1619.4,2234.6
94,892a10010abffff,Bronx,BX1202,Eastchester-Edenwald-Baychester,280,1444.4,164.8,0.122,314.3,mixed,block_group,36005034800,3,1.0,1279.6,1609.2
95,892a10010afffff,Bronx,BX1103,Pelham Gardens,360,1836.7,439.7,0.4187,1010.6,mixed,tract,36005035000,3,1.0,1397.0,2276.4
96,892a10010b3ffff,Bronx,BX1202,Eastchester-Edenwald-Baychester,429,1959.6,304.0,0.5429,1313.7,mixed,block_group,36005035800,3,1.0,1655.6,2263.6
97,892a10010b7ffff,Bronx,BX1202,Eastchester-Edenwald-Baychester,374,1962.7,329.7,0.5461,1321.3,mixed,tract,36005035800,3,1.0,1633.0,2292.4
98,892a10010bbffff,Bronx,BX1202,Eastchester-Edenwald-Baychester,480,1972.6,267.4,0.5564,1349.2,block_group,block_group,360050364002,3,1.0,1705.2,2240.0
99,892a10010c3ffff,Bronx,BX1201,Williamsbridge-Olinville,747,1698.9,118.0,0.2744,680.2,block_group,block_group,360050396003,4,1.0,1580.9,1816.9
100,892a10010c7ffff,Bronx,BX1201,Williamsbridge-Olinville,658,1533.4,619.8,0.161,408.5,block_group,block_group,360050390001,3,1.0,913.6,2153.2
101,892a10010cbffff,Bronx,BX1201,Williamsbridge-Olinville,609,1621.7,129.5,0.2084,524.9,block_group,block_group,360050392001,5,1.0,1492.2,1751.2
102,892a10010cfffff,Bronx,BX1201,Williamsbridge-Olinville,1133,1717.5,133.2,0.2933,725.5,mixed,block_group,360050380003,4,1.0,1584.3,1850.7
103,892a10010d3ffff,Bronx,BX1201,Williamsbridge-Olinville,797,1617.6,231.2,0.2057,518.2,mixed,block_group,36005039600,6,1.0,1386.4,1848.8
104,892a10010d7ffff,Bronx,BX1201,Williamsbridge-Olinville,687,1764.3,270.8,0.3451,830.7,block_group,block_group,360050398002,4,1.0,1493.5,2035.1
105,892a10010dbffff,Bronx,BX1201,Williamsbridge-Olinville,755,1536.5,167.1,0.1622,411.2,mixed,block_group,360050394004,5,1.0,1369.4,1703.6
106,892a1001103ffff,Bronx,BX1102,Morris Park,736,1800.3,120.8,0.3798,916.1,block_group,block_group,360050296001,3,1.0,1679.5,1921.1
108,892a100110fffff,Bronx,BX1102,Morris Park,124,1785.0,123.0,0.3628,877.2,block_group,block_group,360050296001,1,1.0,1662.0,1908.0
109,892a1001113ffff,Bronx,BX1103,Pelham Gardens,250,2357.3,393.7,0.8416,2133.8,mixed,block_group,360050310003,4,1.0,1963.6,2751.0
110,892a1001117ffff,Bronx,BX1102,Morris Park,209,1990.5,140.0,0.5697,1388.6,block_group,block_group,360050296001,2,1.0,1850.5,2130.5
111,892a100111bffff,Bronx,BX1103,Pelham Gardens,275,1980.5,262.2,0.5631,1369.5,block_group,block_group,360050314002,2,1.0,1718.3,2242.7
112,892a1001137ffff,Bronx,BX1003,Pelham Bay-Country Club-City Island,330,1829.9,112.2,0.4092,992.4,mixed,tract,36005026601,3,1.0,1717.7,1942.1
113,892a1001143ffff,Bronx,BX1103,Pelham Gardens,322,2130.6,520.6,0.7028,1730.6,block_group,block_group,360050326003,2,1.0,1610.0,2651.2
114,892a1001147ffff,Bronx,BX1102,Morris Park,169,1901.2,575.7,0.4784,1168.3,block_group,block_group,360050288004,2,1.0,1325.5,2476.9
115,892a100114bffff,Bronx,BX1103,Pelham Gardens,367,760.3,69.8,0.0146,75.8,block_group,block_group,360050324001,3,1.0,690.5,830.1
116,892a100114fffff,Bronx,BX1102,Morris Park,452,1750.2,202.1,0.3314,797.6,block_group,block_group,360050288003,3,1.0,1548.1,1952.3
117,892a1001153ffff,Bronx,BX1103,Pelham Gardens,419,2126.2,474.0,0.6981,1718.1,block_group,block_group,360050318002,5,1.0,1652.2,2600.2
118,892a1001157ffff,Bronx,BX1103,Pelham Gardens,249,1963.6,286.2,0.5477,1325.8,block_group,block_group,360050316002,3,1.0,1677.4,2249.8
119,892a100115bffff,Bronx,BX1103,Pelham Gardens,301,2466.0,255.4,0.8768,2247.5,block_group,block_group,360050326002,4,1.0,2210.6,2721.4
120,892a1001163ffff,Bronx,BX1102,Morris Park,328,2006.4,285.2,0.5827,1423.0,mixed,block_group,360050288002,3,1.0,1721.2,2291.6
121,892a1001167ffff,Bronx,BX1102,Morris Park,398,2166.3,395.7,0.7305,1816.1,mixed,block_group,360050286002,3,1.0,1770.6,2562.0
122,892a100116bffff,Bronx,BX1102,Morris Park,582,1800.4,137.6,0.38,916.7,block_group,block_group,360050250001,4,1.0,1662.8,1938.0
123,892a100116fffff,Bronx,BX1102,Morris Park,520,1827.4,128.6,0.4067,985.7,mixed,block_group,360050254001,5,1.0,1698.8,1956.0
124,892a1001173ffff,Bronx,BX1102,Morris Park,171,1763.1,253.3,0.3444,829.5,block_group,block_group,360050288002,3,1.0,1509.8,2016.4
125,892a1001177ffff,Bronx,BX1102,Morris Park,27,1693.4,433.3,0.2701,669.9,mixed,tract,36005028600,2,1.0,1260.1,2126.7
126,892a100117bffff,Bronx,BX1102,Morris Park,407,1790.3,100.9,0.368,890.3,block_group,block_group,360050288001,5,1.0,1689.4,1891.2
127,892a1001183ffff,Bronx,BX1103,Pelham Gardens,76,2493.0,357.0,0.8834,2270.6,tract,tract,36005031000,1,1.0,2136.0,2850.0
128,892a1001187ffff,Bronx,BX1103,Pelham Gardens,81,2644.0,435.0,0.9305,2420.2,block_group,block_group,360050310001,1,1.0,2209.0,3079.0
129,892a100118bffff,Bronx,BX1103,Pelham Gardens,333,2292.2,483.1,0.8111,2035.0,mixed,block_group,360050310003,2,1.0,1809.1,2775.3
130,892a100118fffff,Bronx,BX1103,Pelham Gardens,213,2529.9,290.0,0.8954,2302.6,mixed,tract,36005031000,2,1.0,2239.9,2819.9
133,892a100119bffff,Bronx,BX1103,Pelham Gardens,71,2151.6,460.5,0.7187,1778.5,block_group,block_group,360050310003,3,1.0,1691.1,2612.1
134,892a10011a3ffff,Bronx,BX1003,Pelham Bay-Country Club-City Island,740,1837.1,388.2,0.4203,1013.1,block_group,block_group,360050300004,3,1.0,1448.9,2225.3
135,892a10011a7ffff,Bronx,BX1003,Pelham Bay-Country Club-City Island,711,2254.1,391.4,0.7913,1974.8,block_group,block_group,360050300001,4,1.0,1862.7,2645.5
136,892a10011afffff,Bronx,BX1003,Pelham Bay-Country Club-City Island,637,2145.7,595.5,0.7139,1762.8,mixed,block_group,36005030000,3,1.0,1550.2,2741.2
137,892a10011c3ffff,Bronx,BX1103,Pelham Gardens,367,1977.0,305.6,0.5598,1359.3,mixed,block_group,36005031200,4,1.0,1671.4,2282.6
138,892a10011c7ffff,Bronx,BX1103,Pelham Gardens,310,2308.8,403.7,0.8205,2064.5,mixed,block_group,360050312002,3,1.0,1905.1,2712.5
139,892a10011cbffff,Bronx,BX1103,Pelham Gardens,394,1628.8,303.0,0.2132,536.0,block_group,block_group,360050316001,5,1.0,1325.8,1931.8
140,892a10011cfffff,Bronx,BX1103,Pelham Gardens,329,1614.5,183.7,0.2044,514.9,block_group,block_group,360050314001,4,1.0,1430.8,1798.2
141,892a10011d3ffff,Bronx,BX1103,Pelham Gardens,298,1738.8,228.8,0.3184,774.0,block_group,block_group,360050360003,5,1.0,1510.0,1967.6
142,892a10011d7ffff,Bronx,BX1103,Pelham Gardens,338,1946.5,383.3,0.5226,1278.4,mixed,block_group,360050310003,3,1.0,1563.2,2329.8
143,892a10011dbffff,Bronx,BX1103,Pelham Gardens,475,1944.7,247.8,0.5207,1272.8,mixed,block_group,360050360002,4,1.0,1696.9,2192.5
144,892a1001203ffff,Bronx,BX0702,Bedford Park,1922,1533.1,232.1,0.1607,408.0,block_group,block_group,360050411003,6,1.0,1301.0,1765.2
145,892a1001207ffff,Bronx,BX0702,Bedford Park,2123,1770.9,186.4,0.35,845.0,block_group,block_group,360050413007,9,1.0,1584.5,1957.3
147,892a100120fffff,Bronx,BX0702,Bedford Park,1920,1570.3,69.3,0.1782,451.2,block_group,block_group,360050407023,4,1.0,1501.0,1639.6
148,892a1001213ffff,Bronx,BX0702,Bedford Park,1799,1697.3,161.4,0.2735,677.9,block_group,block_group,360050411001,4,1.0,1535.9,1858.7
149,892a1001217ffff,Bronx,BX0703,Norwood,1243,1699.9,148.3,0.276,682.6,block_group,block_group,360050413001,6,1.0,1551.6,1848.2
150,892a100121bffff,Bronx,BX0702,Bedford Park,352,1697.0,36.0,0.2731,677.4,block_group,block_group,360050409001,1,1.0,1661.0,1733.0
151,892a1001223ffff,Bronx,BX0603,Belmont,1120,781.4,225.0,0.0168,78.9,block_group,block_group,360050407021,5,1.0,556.4,1006.4
152,892a100122bffff,Bronx,BX0702,Bedford Park,1833,1574.9,113.5,0.1816,458.8,block_group,block_group,360050405022,8,1.0,1461.4,1688.4
153,892a100122fffff,Bronx,BX0603,Belmont,171,1707.2,297.6,0.2829,699.9,block_group,block_group,360050405024,2,1.0,1409.6,2004.8
154,892a1001233ffff,Bronx,BX0702,Bedford Park,1909,1603.0,212.5,0.1984,500.5,block_group,block_group,360050415006,6,1.0,1390.5,1815.5
155,892a100123bffff,Bronx,BX0702,Bedford Park,1713,1213.3,150.7,0.0628,173.8,mixed,block_group,360050407022,5,1.0,1062.6,1364.0
156,892a1001243ffff,Bronx,BX0702,Bedford Park,323,1806.3,127.7,0.3864,933.0,block_group,block_group,360050277003,2,1.0,1678.6,1934.0
158,892a100124bffff,Bronx,BX0801,Kingsbridge Heights-Van Cortlandt Village,1075,1552.4,106.9,0.1695,429.5,block_group,block_group,360050277001,5,1.0,1445.5,1659.3
159,892a100124fffff,Bronx,BX0801,Kingsbridge Heights-Van Cortlandt Village,1366,1633.6,160.0,0.2168,543.9,block_group,block_group,360050267021,4,1.0,1473.6,1793.6
160,892a1001253ffff,Bronx,BX0702,Bedford Park,319,1954.8,280.7,0.5297,1298.6,block_group,block_group,360050279003,2,1.0,1674.1,2235.5
162,892a100125bffff,Bronx,BX0801,Kingsbridge Heights-Van Cortlandt Village,1254,1435.2,256.6,0.1189,306.1,block_group,block_group,360050277004,5,1.0,1178.6,1691.8
163,892a1001263ffff,Bronx,BX0702,Bedford Park,1684,1698.2,102.1,0.2739,679.1,block_group,block_group,360050403042,5,1.0,1596.1,1800.3
164,892a1001267ffff,Bronx,BX0702,Bedford Park,1895,1563.3,119.5,0.1756,444.6,block_group,block_group,360050403021,6,1.0,1443.8,1682.8
165,892a100126bffff,Bronx,BX0801,Kingsbridge Heights-Van Cortlandt Village,1012,1582.6,324.1,0.1856,469.2,block_group,block_group,360050267011,3,1.0,1258.5,1906.7
166,892a100126fffff,Bronx,BX0701,University Heights (North)-Fordham,656,1779.2,512.1,0.3557,859.9,block_group,block_group,360050265001,4,1.0,1267.1,2291.3
167,892a1001273ffff,Bronx,BX0702,Bedford Park,805,1561.3,85.7,0.174,441.4,block_group,block_group,360050403032,3,1.0,1475.6,1647.0
168,892a1001277ffff,Bronx,BX0702,Bedford Park,2104,1675.4,107.3,0.2518,628.0,block_group,block_group,360050403031,9,1.0,1568.1,1782.7
169,892a100127bffff,Bronx,BX0801,Kingsbridge Heights-Van Cortlandt Village,1163,1651.4,282.8,0.2288,573.6,block_group,block_group,360050267026,4,1.0,1368.6,1934.2
170,892a1001283ffff,Bronx,BX0703,Norwood,790,1285.6,164.5,0.0777,206.5,block_group,block_group,360050421001,2,1.0,1121.1,1450.1
171,892a1001287ffff,Bronx,BX0703,Norwood,606,1379.1,240.9,0.1008,265.0,block_group,block_group,360050423002,3,1.0,1138.2,1620.0
172,892a100128bffff,Bronx,BX0703,Norwood,1010,1648.8,129.5,0.2271,569.7,block_group,block_group,360050419004,5,1.0,1519.3,1778.3
173,892a100128fffff,Bronx,BX0703,Norwood,1157,1620.1,114.7,0.207,522.1,block_group,block_group,360050419007,6,1.0,1505.4,1734.8
174,892a1001297ffff,Bronx,BX0703,Norwood,1507,1571.6,96.6,0.1795,454.4,block_group,block_group,360050431023,6,1.0,1475.0,1668.2
175,892a100129bffff,Bronx,BX0703,Norwood,1289,1548.9,140.1,0.168,425.7,block_group,block_group,360050421004,5,1.0,1408.8,1689.0
176,892a10012a3ffff,Bronx,BX0703,Norwood,1138,1653.7,322.5,0.23,577.0,mixed,block_group,360050425005,6,1.0,1331.2,1976.2
177,892a10012abffff,Bronx,BX0703,Norwood,978,1610.4,171.2,0.2026,511.6,block_group,block_group,360050425002,6,1.0,1439.2,1781.6
178,892a10012afffff,Bronx,BX0703,Norwood,351,1425.4,256.5,0.115,296.9,mixed,tract,36005042500,2,1.0,1168.9,1681.9
179,892a10012b3ffff,Bronx,BX0703,Norwood,1532,1621.2,121.6,0.208,524.3,block_group,block_group,360050429011,6,1.0,1499.6,1742.8
180,892a10012bbffff,Bronx,BX0703,Norwood,1465,1498.3,100.8,0.1454,368.1,block_group,block_group,360050419003,8,1.0,1397.5,1599.1
181,892a10012c3ffff,Bronx,BX0702,Bedford Park,493,1031.0,574.0,0.035,118.4,block_group,block_group,360050281003,1,1.0,457.0,1605.0
182,892a10012c7ffff,Bronx,BX0702,Bedford Park,871,1697.0,36.0,0.2731,677.4,block_group,block_group,360050409001,1,1.0,1661.0,1733.0
183,892a10012cbffff,Bronx,BX0702,Bedford Park,578,1421.8,284.1,0.1133,293.8,mixed,block_group,360050279004,2,1.0,1137.7,1705.9
185,892a10012d7ffff,Bronx,BX0703,Norwood,716,1643.8,127.5,0.2235,560.7,block_group,block_group,360050421005,3,1.0,1516.3,1771.3
186,892a10012dbffff,Bronx,BX0801,Kingsbridge Heights-Van Cortlandt Village,1442,1691.6,243.4,0.2675,664.7,block_group,block_group,360050281001,4,1.0,1448.2,1935.0
187,892a1001313ffff,Bronx,BX1104,Allerton,1452,1553.5,104.1,0.1708,432.2,block_group,block_group,360050332011,3,1.0,1449.4,1657.6
188,892a1001317ffff,Bronx,BX1101,Pelham Parkway-Van Nest,1310,1747.0,112.5,0.3259,787.5,block_group,block_group,360050224032,3,1.0,1634.5,1859.5
189,892a1001323ffff,Bronx,BX0601,West Farms,315,1426.8,98.9,0.1158,298.9,block_group,block_group,360050220001,3,1.0,1327.9,1525.7
190,892a1001327ffff,Bronx,BX1101,Pelham Parkway-Van Nest,775,1749.2,278.9,0.3291,795.8,block_group,block_group,360050236001,5,1.0,1470.3,2028.1
191,892a1001333ffff,Bronx,BX1101,Pelham Parkway-Van Nest,1141,1659.5,100.5,0.2369,592.2,block_group,block_group,360050224043,2,1.0,1559.0,1760.0
192,892a1001337ffff,Bronx,BX1101,Pelham Parkway-Van Nest,773,1663.6,162.1,0.241,602.4,block_group,block_group,360050230002,4,1.0,1501.5,1825.7
193,892a1001343ffff,Bronx,BX0603,Belmont,185,1060.5,76.2,0.0372,123.6,block_group,block_group,360050397001,3,1.0,984.3,1136.7
194,892a100134bffff,Bronx,BX0603,Belmont,667,1478.3,241.4,0.1364,345.5,block_group,block_group,360050389003,4,1.0,1236.9,1719.7
195,892a100134fffff,Bronx,BX0603,Belmont,1688,1672.3,134.6,0.2493,621.8,block_group,block_group,360050389001,6,1.0,1537.7,1806.9
196,892a100135bffff,Bronx,BX0603,Belmont,4,455.0,40.0,0.0025,53.0,block_group,block_group,360050397001,1,1.0,415.0,495.0
197,892a100136bffff,Bronx,BX0603,Belmont,1714,1390.4,294.4,0.1039,272.5,block_group,block_group,360050393002,7,1.0,1096.0,1684.8
198,892a100137bffff,Bronx,BX0603,Belmont,1913,1262.9,269.3,0.0714,194.5,block_group,block_group,360050393001,6,1.0,993.6,1532.2
199,892a1001383ffff,Bronx,BX1104,Allerton,585,1632.8,233.6,0.2159,542.2,block_group,block_group,360050328004,3,1.0,1399.2,1866.4
200,892a1001387ffff,Bronx,BX1104,Allerton,494,986.8,365.0,0.0316,110.6,block_group,block_group,360050328002,2,1.0,621.8,1351.8
201,892a100138bffff,Bronx,BX1104,Allerton,1498,1340.1,100.7,0.0898,237.2,mixed,block_group,360050330003,7,1.0,1239.4,1440.8
202,892a100138fffff,Bronx,BX1104,Allerton,969,1235.8,101.1,0.0669,183.6,block_group,block_group,360050330002,4,1.0,1134.7,1336.9
203,892a1001393ffff,Bronx,BX1104,Allerton,592,1297.2,114.4,0.0808,214.7,block_group,block_group,360050324002,2,1.0,1182.8,1411.6
204,892a1001397ffff,Bronx,BX1104,Allerton,574,574.4,57.8,0.0058,58.3,block_group,block_group,360050324001,3,1.0,516.6,632.2
205,892a100139bffff,Bronx,BX1104,Allerton,1236,1518.2,94.6,0.1561,395.1,block_group,block_group,360050330001,5,1.0,1423.6,1612.8
206,892a10013a3ffff,Bronx,BX1102,Morris Park,782,1855.5,203.6,0.4389,1062.0,block_group,block_group,360050246001,5,1.0,1651.9,2059.1
207,892a10013a7ffff,Bronx,BX1102,Morris Park,544,1801.6,219.0,0.3819,922.2,block_group,block_group,360050250002,5,1.0,1582.6,2020.6
208,892a10013abffff,Bronx,BX1101,Pelham Parkway-Van Nest,2151,1772.8,111.3,0.3504,846.2,block_group,block_group,360050224042,9,1.0,1661.5,1884.1
209,892a10013afffff,Bronx,BX1101,Pelham Parkway-Van Nest,614,2179.0,596.6,0.7417,1841.2,block_group,block_group,360050228001,5,1.0,1582.4,2775.6
210,892a10013b3ffff,Bronx,BX1102,Morris Park,424,1712.7,216.3,0.2874,710.9,block_group,block_group,360050248002,3,1.0,1496.4,1929.0
211,892a10013b7ffff,Bronx,BX1102,Morris Park,499,1938.9,281.9,0.5134,1256.4,block_group,block_group,360050248003,5,1.0,1657.0,2220.8
212,892a10013bbffff,Bronx,BX1101,Pelham Parkway-Van Nest,1610,1917.2,264.5,0.4947,1208.8,block_group,block_group,360050228002,4,1.0,1652.7,2181.7
213,892a10013d7ffff,Bronx,BX1104,Allerton,937,1641.0,162.1,0.2209,554.5,mixed,tract,36005033202,3,1.0,1478.9,1803.1
214,892a1001403ffff,Bronx,BX1203,Wakefield-Woodlawn,484,1552.9,248.5,0.1702,431.1,mixed,block_group,360050448002,5,1.0,1304.4,1801.4
215,892a1001407ffff,Bronx,BX1202,Eastchester-Edenwald-Baychester,505,1855.0,785.0,0.4381,1060.8,tract,tract,36005042600,1,1.0,1070.0,2640.0
216,892a100140bffff,Bronx,BX1203,Wakefield-Woodlawn,506,1765.3,301.0,0.3466,834.9,mixed,block_group,360050428002,3,1.0,1464.3,2066.3
217,892a100140fffff,Bronx,BX1202,Eastchester-Edenwald-Baychester,507,1459.3,393.8,0.1289,328.8,mixed,block_group,360050426002,3,1.0,1065.5,1853.1
218,892a1001413ffff,Bronx,BX1203,Wakefield-Woodlawn,351,2048.3,130.1,0.6235,1526.4,mixed,block_group,360050448001,3,1.0,1918.2,2178.4
219,892a1001417ffff,Bronx,BX1203,Wakefield-Woodlawn,331,2068.5,378.1,0.6408,1576.8,mixed,block_group,360050448001,4,1.0,1690.4,2446.6
220,892a100141bffff,Bronx,BX1203,Wakefield-Woodlawn,425,1729.2,254.5,0.3054,754.1,mixed,block_group,36005044400,5,1.0,1474.7,1983.7
222,892a1001427ffff,Bronx,BX1202,Eastchester-Edenwald-Baychester,330,2160.0,359.9,0.7252,1799.0,mixed,block_group,360050484013,2,1.0,1800.1,2519.9
223,892a100142bffff,Bronx,BX1202,Eastchester-Edenwald-Baychester,2255,712.1,292.1,0.0117,69.8,block_group,block_group,360050458004,2,1.0,420.0,1004.2
224,892a100142fffff,Bronx,BX1202,Eastchester-Edenwald-Baychester,444,1160.0,184.0,0.0529,151.6,tract,tract,36005046000,1,1.0,976.0,1344.0
225,892a1001433ffff,Bronx,BX1202,Eastchester-Edenwald-Baychester,243,2356.6,653.1,0.8414,2133.1,mixed,tract,36005042600,2,1.0,1703.5,3009.7
226,892a1001437ffff,Bronx,BX1202,Eastchester-Edenwald-Baychester,159,1923.7,219.8,0.4992,1223.8,block_group,block_group,360050484011,2,1.0,1703.9,2143.5
227,892a100143bffff,Bronx,BX1202,Eastchester-Edenwald-Baychester,172,1620.3,539.8,0.2073,522.7,mixed,tract,36005042600,2,1.0,1080.5,2160.1
228,892a1001443ffff,Bronx,BX1203,Wakefield-Woodlawn,702,1688.5,319.8,0.2639,657.8,block_group,block_group,360050434003,5,1.0,1368.7,2008.3
229,892a1001447ffff,Bronx,BX1203,Wakefield-Woodlawn,471,1861.0,264.2,0.4447,1077.4,mixed,tract,36005043000,4,1.0,1596.8,2125.2
230,892a100144bffff,Bronx,BX1203,Wakefield-Woodlawn,848,1832.3,165.3,0.4111,997.8,block_group,block_group,360050418002,3,1.0,1667.0,1997.6
231,892a100144fffff,Bronx,BX1203,Wakefield-Woodlawn,715,1704.1,287.4,0.2798,691.8,block_group,block_group,360050434004,7,1.0,1416.7,1991.5
232,892a1001453ffff,Bronx,BX1203,Wakefield-Woodlawn,627,2162.6,175.8,0.7269,1804.2,mixed,block_group,360050434001,5,1.0,1986.8,2338.4
233,892a1001457ffff,Bronx,BX1203,Wakefield-Woodlawn,501,1774.2,152.2,0.3515,849.7,mixed,block_group,360050436002,4,1.0,1622.0,1926.4
234,892a100145bffff,Bronx,BX1203,Wakefield-Woodlawn,597,1609.8,144.0,0.2021,510.5,mixed,block_group,360050418001,5,1.0,1465.8,1753.8
235,892a1001463ffff,Bronx,BX1203,Wakefield-Woodlawn,550,1498.6,425.3,0.1456,368.6,block_group,block_group,360050424002,6,1.0,1073.3,1923.9
236,892a1001467ffff,Bronx,BX1201,Williamsbridge-Olinville,426,1946.6,436.8,0.5229,1279.1,block_group,block_group,360050404001,2,1.0,1509.8,2383.4
237,892a100146bffff,Bronx,BX1201,Williamsbridge-Olinville,678,2253.1,300.3,0.7909,1973.4,block_group,block_group,360050406001,5,1.0,1952.8,2553.4
238,892a100146fffff,Bronx,BX1201,Williamsbridge-Olinville,545,2038.6,729.1,0.6132,1505.1,block_group,block_group,360050404002,6,1.0,1309.5,2767.7
239,892a1001473ffff,Bronx,BX1202,Eastchester-Edenwald-Baychester,445,1602.4,330.0,0.1981,500.0,mixed,block_group,360050424002,4,1.0,1272.4,1932.4
240,892a1001477ffff,Bronx,BX1203,Wakefield-Woodlawn,348,1357.7,240.0,0.0938,247.0,block_group,block_group,360050424001,2,1.0,1117.7,1597.7
241,892a100147bffff,Bronx,BX1203,Wakefield-Woodlawn,689,1793.9,147.1,0.3719,898.7,block_group,block_group,360050422001,4,1.0,1646.8,1941.0
242,892a10014a3ffff,Bronx,BX1202,Eastchester-Edenwald-Baychester,268,2026.4,515.6,0.6012,1473.0,mixed,block_group,360050456002,3,1.0,1510.8,2542.0
243,892a10014a7ffff,Bronx,BX1202,Eastchester-Edenwald-Baychester,127,1783.0,394.2,0.36,870.6,block_group,block_group,360050484012,2,1.0,1388.8,2177.2
244,892a10014abffff,Bronx,BX1202,Eastchester-Edenwald-Baychester,425,2021.2,424.8,0.597,1459.5,mixed,block_group,360050456001,3,1.0,1596.4,2446.0
245,892a10014afffff,Bronx,BX1202,Eastchester-Edenwald-Baychester,426,1841.3,217.9,0.4237,1022.2,block_group,block_group,360050484011,5,1.0,1623.4,2059.2
246,892a10014c3ffff,Bronx,BX1203,Wakefield-Woodlawn,347,1501.8,188.6,0.1474,373.3,mixed,block_group,360050444002,4,1.0,1313.2,1690.4
247,892a10014c7ffff,Bronx,BX1203,Wakefield-Woodlawn,393,1723.1,333.4,0.2979,736.5,mixed,tract,36005044400,2,1.0,1389.7,2056.5
248,892a10014cbffff,Bronx,BX1203,Wakefield-Woodlawn,371,2557.2,278.8,0.9049,2335.3,mixed,block_group,360050434001,3,1.0,2278.4,2836.0
249,892a10014cfffff,Bronx,BX1203,Wakefield-Woodlawn,357,1836.8,252.9,0.4189,1011.2,mixed,tract,36005044400,4,1.0,1583.9,2089.7
250,892a10014d7ffff,Bronx,BX1203,Wakefield-Woodlawn,324,1638.2,322.9,0.2194,550.0,tract,tract,36005044400,2,1.0,1315.3,1961.1
251,892a10014dbffff,Bronx,BX1203,Wakefield-Woodlawn,856,1431.8,318.9,0.118,304.1,mixed,tract,36005044200,3,1.0,1112.9,1750.7
252,892a1001503ffff,Bronx,BX1004,Co-op City,10914,1119.0,56.0,0.0467,137.2,block_group,block_group,360050462062,1,1.0,1063.0,1175.0
261,892a100152bffff,Bronx,BX1004,Co-op City,100,973.0,709.0,0.0305,108.1,block_group,block_group,360050462055,1,1.0,264.0,1682.0
266,892a1001543ffff,Bronx,BX1202,Eastchester-Edenwald-Baychester,255,2265.6,206.6,0.797,1994.8,mixed,tract,36005046208,3,1.0,2059.0,2472.2
267,892a1001547ffff,Bronx,BX1202,Eastchester-Edenwald-Baychester,207,2185.4,299.0,0.7469,1856.4,mixed,block_group,360050462082,2,1.0,1886.4,2484.4
268,892a100154bffff,Bronx,BX1202,Eastchester-Edenwald-Baychester,366,2090.0,221.1,0.6615,1622.2,mixed,tract,36005035800,4,1.0,1868.9,2311.1
269,892a100154fffff,Bronx,BX1202,Eastchester-Edenwald-Baychester,447,2100.2,640.1,0.6724,1652.1,mixed,block_group,360050358002,4,1.0,1460.1,2740.3
270,892a1001553ffff,Bronx,BX1202,Eastchester-Edenwald-Baychester,288,1729.9,1557.3,0.3059,754.7,block_group,block_group,360050462092,3,1.0,172.6,3287.2
271,892a1001557ffff,Bronx,BX1202,Eastchester-Edenwald-Baychester,280,2005.0,1359.2,0.5808,1418.6,block_group,block_group,360050462092,2,1.0,645.8,3364.2
272,892a100155bffff,Bronx,BX1202,Eastchester-Edenwald-Baychester,283,1620.4,129.3,0.2075,523.2,mixed,tract,36005046000,3,1.0,1491.1,1749.7
273,892a1001563ffff,Bronx,BX1202,Eastchester-Edenwald-Baychester,365,2552.1,336.0,0.9026,2327.2,mixed,block_group,360050462084,5,1.0,2216.1,2888.1
274,892a1001567ffff,Bronx,BX1202,Eastchester-Edenwald-Baychester,88,2656.0,492.4,0.9332,2429.1,block_group,block_group,360050462084,2,1.0,2163.6,3148.4
275,892a100156bffff,Bronx,BX1202,Eastchester-Edenwald-Baychester,459,1791.1,221.8,0.3689,892.1,mixed,block_group,360050356001,3,1.0,1569.3,2012.9
276,892a100156fffff,Bronx,BX1202,Eastchester-Edenwald-Baychester,267,2316.3,387.6,0.8254,2079.3,block_group,block_group,360050356002,3,1.0,1928.7,2703.9
277,892a1001573ffff,Bronx,BX1004,Co-op City,58,2407.7,174.5,0.8595,2189.9,mixed,tract,36005046208,2,1.0,2233.2,2582.2
279,892a100157bffff,Bronx,BX1202,Eastchester-Edenwald-Baychester,222,2242.5,532.9,0.7859,1961.4,mixed,tract,36005046208,3,1.0,1709.6,2775.4
283,892a10015c3ffff,Bronx,BX1202,Eastchester-Edenwald-Baychester,28,1078.0,345.0,0.0391,127.9,block_group,block_group,360050462091,1,1.0,733.0,1423.0
284,892a10015c7ffff,Bronx,BX1004,Co-op City,310,1061.0,470.0,0.0374,124.0,tract,tract,36005046203,1,1.0,591.0,1531.0
285,892a10015cbffff,Bronx,BX1202,Eastchester-Edenwald-Baychester,715,1077.1,131.1,0.039,127.5,block_group,block_group,360050462093,4,1.0,946.0,1208.2
286,892a10015cfffff,Bronx,BX1202,Eastchester-Edenwald-Baychester,132,831.5,183.9,0.0197,85.1,block_group,block_group,360050462093,3,1.0,647.6,1015.4
287,892a10015d3ffff,Bronx,BX1202,Eastchester-Edenwald-Baychester,32,1383.6,453.3,0.1016,267.0,block_group,block_group,360050484012,2,1.0,930.3,1836.9
288,892a10015d7ffff,Bronx,BX1004,Co-op City,2,1061.0,470.0,0.0374,124.0,tract,tract,36005046203,1,1.0,591.0,1531.0
289,892a10015dbffff,Bronx,BX1202,Eastchester-Edenwald-Baychester,221,1690.7,241.7,0.2655,661.2,block_group,block_group,360050484011,2,1.0,1449.0,1932.4
290,892a100161bffff,Bronx,BX1203,Wakefield-Woodlawn,332,1491.0,187.0,0.1432,362.8,block_group,block_group,360050449012,1,1.0,1304.0,1678.0
291,892a1001627ffff,Bronx,BX1201,Williamsbridge-Olinville,286,1489.6,120.9,0.1427,361.2,block_group,block_group,360050435011,3,1.0,1368.7,1610.5
292,892a1001637ffff,Bronx,BX1201,Williamsbridge-Olinville,760,1572.8,153.8,0.18,455.5,block_group,block_group,360050394003,4,1.0,1419.0,1726.6
293,892a1001667ffff,Bronx,BX0703,Norwood,775,1504.6,251.9,0.1485,376.5,block_group,block_group,360050431011,3,1.0,1252.7,1756.5
294,892a1001683ffff,Bronx,BX1203,Wakefield-Woodlawn,616,1667.1,229.8,0.2461,612.6,block_group,block_group,360050451011,4,1.0,1437.3,1896.9
295,892a1001687ffff,Bronx,BX1203,Wakefield-Woodlawn,176,1207.0,525.0,0.0618,171.4,block_group,block_group,360050451012,1,1.0,682.0,1732.0
296,892a100168bffff,Bronx,BX1203,Wakefield-Woodlawn,722,1834.9,116.6,0.4176,1007.6,block_group,block_group,360050449022,5,1.0,1718.3,1951.5
297,892a1001693ffff,Bronx,BX1203,Wakefield-Woodlawn,396,2459.5,920.7,0.8739,2240.0,mixed,block_group,360050451022,2,1.0,1538.8,3380.2
298,892a1001697ffff,Bronx,BX1203,Wakefield-Woodlawn,254,2210.1,575.4,0.7693,1905.5,block_group,block_group,360050451022,3,1.0,1634.7,2785.5
299,892a100169bffff,Bronx,BX1203,Wakefield-Woodlawn,482,2050.1,328.9,0.6248,1530.2,mixed,block_group,360050451021,4,1.0,1721.2,2379.0
300,892a10016a3ffff,Bronx,BX1201,Williamsbridge-Olinville,1004,1537.5,150.7,0.1625,412.3,mixed,block_group,360050408003,5,1.0,1386.8,1688.2
301,892a10016a7ffff,Bronx,BX1201,Williamsbridge-Olinville,774,1542.8,166.4,0.1657,419.8,mixed,block_group,360050408004,6,1.0,1376.4,1709.2
302,892a10016afffff,Bronx,BX1201,Williamsbridge-Olinville,1087,1424.2,145.3,0.1144,295.9,block_group,block_group,360050394002,3,1.0,1278.9,1569.5
303,892a10016b3ffff,Bronx,BX1203,Wakefield-Woodlawn,1211,1600.3,132.4,0.197,497.2,mixed,block_group,360050420002,3,1.0,1467.9,1732.7
304,892a10016b7ffff,Bronx,BX1203,Wakefield-Woodlawn,877,1467.8,140.9,0.1326,336.6,mixed,block_group,360050422002,6,1.0,1326.9,1608.7
305,892a10016c7ffff,Bronx,BX1203,Wakefield-Woodlawn,395,1921.4,347.1,0.4972,1217.6,block_group,block_group,360050449011,2,1.0,1574.3,2268.5
307,892a1001807ffff,Bronx,BX0903,Castle Hill-Unionport,3,780.0,210.0,0.0163,78.5,tract,tract,36005009000,1,1.0,570.0,990.0
308,892a100180bffff,Bronx,BX0903,Castle Hill-Unionport,305,780.0,210.0,0.0163,78.5,tract,tract,36005009000,1,1.0,570.0,990.0
309,892a100180fffff,Bronx,BX0903,Castle Hill-Unionport,23,1505.3,388.3,0.1488,377.6,mixed,block_group,360050084002,2,1.0,1117.0,1893.6
310,892a1001813ffff,Bronx,BX0903,Castle Hill-Unionport,45,780.0,210.0,0.0163,78.5,tract,tract,36005009000,1,1.0,570.0,990.0
311,892a1001817ffff,Bronx,BX0903,Castle Hill-Unionport,19,780.0,210.0,0.0163,78.5,tract,tract,36005009000,1,1.0,570.0,990.0
313,892a1001843ffff,Bronx,BX0903,Castle Hill-Unionport,419,961.9,220.0,0.0299,106.8,mixed,tract,36005008600,3,1.0,741.9,1181.9
314,892a1001847ffff,Bronx,BX0903,Castle Hill-Unionport,592,741.6,258.0,0.0135,73.5,mixed,block_group,360050086003,2,1.0,483.6,999.6
315,892a100184bffff,Bronx,BX0902,Soundview-Clason Point,664,1129.2,315.6,0.0476,139.0,mixed,block_group,360050016003,3,1.0,813.6,1444.8
316,892a100184fffff,Bronx,BX0903,Castle Hill-Unionport,876,1529.7,232.1,0.1593,404.2,block_group,block_group,360050074003,3,1.0,1297.6,1761.8
317,892a1001853ffff,Bronx,BX0903,Castle Hill-Unionport,391,2014.0,1139.0,0.5891,1439.0,tract,tract,36005009800,1,1.0,875.0,3153.0
318,892a1001857ffff,Bronx,BX0903,Castle Hill-Unionport,291,872.4,206.6,0.0215,88.7,tract,tract,36005009000,3,1.0,665.8,1079.0
319,892a100185bffff,Bronx,BX0903,Castle Hill-Unionport,1131,1585.8,1020.6,0.1888,474.7,mixed,block_group,360050098005,2,1.0,565.2,2606.4
320,892a1001863ffff,Bronx,BX0902,Soundview-Clason Point,393,1877.2,469.2,0.458,1114.4,block_group,block_group,360050004004,3,1.0,1408.0,2346.4
321,892a1001867ffff,Bronx,BX0902,Soundview-Clason Point,74,2019.4,1072.1,0.5948,1454.4,block_group,block_group,360050004004,2,1.0,947.3,3091.5
322,892a100186bffff,Bronx,BX0902,Soundview-Clason Point,14,2200.0,89.0,0.7616,1885.6,block_group,block_group,360050004002,1,1.0,2111.0,2289.0
323,892a100186fffff,Bronx,BX0902,Soundview-Clason Point,106,2200.0,89.0,0.7616,1885.6,block_group,block_group,360050004002,1,1.0,2111.0,2289.0
324,892a1001873ffff,Bronx,BX0903,Castle Hill-Unionport,819,827.3,189.5,0.0193,84.3,block_group,block_group,360050090005,2,1.0,637.8,1016.8
325,892a1001877ffff,Bronx,BX0903,Castle Hill-Unionport,145,1476.3,373.7,0.1359,344.4,mixed,block_group,360050084002,2,1.0,1102.6,1850.0
326,892a100187bffff,Bronx,BX0903,Castle Hill-Unionport,1031,1052.1,356.0,0.0364,121.8,block_group,block_group,360050086002,4,1.0,696.1,1408.1
328,892a1001893ffff,Bronx,BX1002,Throgs Neck-Schuylerville,220,2125.1,74.9,0.6971,1714.9,block_group,block_group,360050166002,3,1.0,2050.2,2200.0
329,892a100189bffff,Bronx,BX1002,Throgs Neck-Schuylerville,1,2220.0,69.0,0.7758,1926.8,block_group,block_group,360050166002,1,1.0,2151.0,2289.0
330,892a10018a7ffff,Bronx,BX1002,Throgs Neck-Schuylerville,233,2180.1,176.2,0.7431,1845.2,mixed,tract,36005013200,2,1.0,2003.9,2356.3
331,892a10018c3ffff,Bronx,BX0903,Castle Hill-Unionport,14,2014.0,1139.0,0.5891,1439.0,tract,tract,36005009800,1,1.0,875.0,3153.0
332,892a10018cbffff,Bronx,BX0903,Castle Hill-Unionport,272,1741.8,729.1,0.32,777.5,mixed,tract,36005009800,2,1.0,1012.7,2470.9
333,892a10018cfffff,Bronx,BX0903,Castle Hill-Unionport,216,2014.0,1139.0,0.5891,1439.0,tract,tract,36005009800,1,1.0,875.0,3153.0
336,892a10018dbffff,Bronx,BX1001,Westchester Square,120,1840.0,594.0,0.4226,1019.8,block_group,block_group,360050096001,1,1.0,1246.0,2434.0
337,892a1001923ffff,Queens,QN0702,Whitestone-Beechhurst,153,2171.0,763.0,0.734,1824.0,tract,tract,36081097300,1,1.0,1408.0,2934.0
338,892a1001927ffff,Queens,QN0702,Whitestone-Beechhurst,200,2126.1,737.7,0.6978,1717.5,mixed,block_group,360810973002,2,1.0,1388.4,2863.8
339,892a100192bffff,Queens,QN0701,College Point,63,1938.0,1197.0,0.5114,1254.5,block_group,block_group,360810945001,1,1.0,741.0,3135.0
340,892a100192fffff,Queens,QN0701,College Point,66,1952.1,1125.4,0.5268,1289.1,mixed,block_group,360810945001,2,1.0,826.7,3077.5
341,892a1001933ffff,Queens,QN0702,Whitestone-Beechhurst,175,1959.7,571.7,0.5432,1314.4,mixed,tract,36081097300,2,1.0,1388.0,2531.4
342,892a1001937ffff,Queens,QN0702,Whitestone-Beechhurst,171,1901.0,444.2,0.4781,1167.7,mixed,tract,36081097300,3,1.0,1456.8,2345.2
343,892a100193bffff,Queens,QN0702,Whitestone-Beechhurst,43,2119.8,660.3,0.6923,1700.4,mixed,tract,36081097300,3,1.0,1459.5,2780.1
344,892a1001977ffff,Queens,QN0701,College Point,8,1938.0,1197.0,0.5114,1254.5,block_group,block_group,360810945001,1,1.0,741.0,3135.0
345,892a10019a7ffff,Queens,QN0702,Whitestone-Beechhurst,54,1751.4,203.4,0.3324,800.5,block_group,block_group,360810987001,2,1.0,1548.0,1954.8
346,892a10019abffff,Queens,QN0702,Whitestone-Beechhurst,87,1401.9,371.2,0.1079,282.1,mixed,block_group,360810981001,2,1.0,1030.7,1773.1
347,892a10019afffff,Queens,QN0702,Whitestone-Beechhurst,177,1367.0,389.0,0.0976,256.0,block_group,block_group,360810981001,1,1.0,978.0,1756.0
348,892a10019d3ffff,Bronx,BX1002,Throgs Neck-Schuylerville,246,2083.9,306.5,0.6565,1608.5,mixed,block_group,360050132002,2,1.0,1777.4,2390.4
349,892a1001a07ffff,Bronx,BX0902,Soundview-Clason Point,1379,477.3,204.5,0.0031,53.9,block_group,block_group,360050020011,2,1.0,272.8,681.8
350,892a1001a13ffff,Bronx,BX0902,Soundview-Clason Point,278,1161.1,133.0,0.053,152.1,mixed,block_group,360050046001,2,1.0,1028.1,1294.1
351,892a1001a17ffff,Bronx,BX0902,Soundview-Clason Point,724,569.4,160.2,0.0056,57.9,mixed,tract,36005002002,3,1.0,409.2,729.6
354,892a1001a43ffff,Bronx,BX0901,Soundview-Bruckner-Bronx River,144,878.0,447.0,0.0229,91.9,block_group,block_group,360050028001,1,1.0,431.0,1325.0
355,892a1001a4bffff,Bronx,BX0201,Hunts Point,42,1105.4,294.8,0.0455,135.0,mixed,block_group,360050115021,2,1.0,810.6,1400.2
356,892a1001a4fffff,Bronx,BX0201,Hunts Point,1,1541.0,1255.0,0.1644,416.6,block_group,block_group,360050115023,1,1.0,286.0,2796.0
357,892a1001a53ffff,Bronx,BX0901,Soundview-Bruckner-Bronx River,1076,1572.8,81.6,0.18,455.5,block_group,block_group,360050050011,4,1.0,1491.2,1654.4
358,892a1001a57ffff,Bronx,BX0901,Soundview-Bruckner-Bronx River,1495,1334.9,176.3,0.0893,235.7,block_group,block_group,360050028004,4,1.0,1158.6,1511.2
359,892a1001a5bffff,Bronx,BX0901,Soundview-Bruckner-Bronx River,66,1475.0,198.0,0.1355,343.4,block_group,block_group,360050052001,1,1.0,1277.0,1673.0
366,892a1001a83ffff,Bronx,BX0902,Soundview-Clason Point,923,1549.5,210.0,0.1687,427.3,block_group,block_group,360050042003,3,1.0,1339.5,1759.5
367,892a1001a87ffff,Bronx,BX0902,Soundview-Clason Point,1289,1627.4,198.0,0.2122,533.2,block_group,block_group,360050016001,3,1.0,1429.4,1825.4
368,892a1001a8bffff,Bronx,BX0902,Soundview-Clason Point,690,1279.5,216.1,0.0761,203.1,block_group,block_group,360050042007,2,1.0,1063.4,1495.6
369,892a1001a8fffff,Bronx,BX0902,Soundview-Clason Point,1062,722.3,214.3,0.0128,72.0,block_group,block_group,360050042002,2,1.0,508.0,936.6
370,892a1001a93ffff,Bronx,BX0903,Castle Hill-Unionport,366,1184.8,336.1,0.0576,163.1,block_group,block_group,360050040011,4,1.0,848.7,1520.9
372,892a1001a9bffff,Bronx,BX0901,Soundview-Bruckner-Bronx River,1263,782.8,206.3,0.0171,79.6,block_group,block_group,360050044003,3,1.0,576.5,989.1
373,892a1001aa3ffff,Bronx,BX0902,Soundview-Clason Point,396,1536.2,798.7,0.162,410.6,mixed,block_group,360050016002,4,1.0,737.5,2334.9
374,892a1001aa7ffff,Bronx,BX0902,Soundview-Clason Point,379,2055.9,257.1,0.6291,1545.1,mixed,tract,36005000400,5,1.0,1798.8,2313.0
375,892a1001aabffff,Bronx,BX0902,Soundview-Clason Point,760,369.9,126.8,0.0011,50.8,mixed,block_group,360050020022,2,1.0,243.1,496.7
376,892a1001aafffff,Bronx,BX0902,Soundview-Clason Point,556,1868.2,498.1,0.4502,1092.8,mixed,tract,36005000200,4,1.0,1370.1,2366.3
377,892a1001ab3ffff,Bronx,BX0902,Soundview-Clason Point,200,777.4,175.9,0.0156,77.7,block_group,block_group,360050016004,2,1.0,601.5,953.3
378,892a1001ab7ffff,Bronx,BX0902,Soundview-Clason Point,114,1017.5,191.6,0.0337,115.3,block_group,block_group,360050016004,3,1.0,825.9,1209.1
379,892a1001abbffff,Bronx,BX0902,Soundview-Clason Point,585,1177.5,356.1,0.0565,160.3,mixed,block_group,360050038001,4,1.0,821.4,1533.6
380,892a1001ac3ffff,Bronx,BX0901,Soundview-Bruckner-Bronx River,580,1479.9,88.6,0.1369,347.0,block_group,block_group,360050048001,5,1.0,1391.3,1568.5
381,892a1001ac7ffff,Bronx,BX0902,Soundview-Clason Point,430,1148.3,130.5,0.0505,146.2,block_group,block_group,360050046001,2,1.0,1017.8,1278.8
382,892a1001acbffff,Bronx,BX0901,Soundview-Bruckner-Bronx River,2181,1736.8,137.6,0.317,769.9,block_group,block_group,360050050021,7,1.0,1599.2,1874.4
383,892a1001acfffff,Bronx,BX0901,Soundview-Bruckner-Bronx River,639,1506.6,96.7,0.1492,378.6,block_group,block_group,360050050013,4,1.0,1409.9,1603.3
384,892a1001ad3ffff,Bronx,BX0901,Soundview-Bruckner-Bronx River,944,2032.7,191.9,0.6064,1485.8,block_group,block_group,360050064001,4,1.0,1840.8,2224.6
385,892a1001ad7ffff,Bronx,BX0901,Soundview-Bruckner-Bronx River,795,782.4,222.3,0.017,79.2,block_group,block_group,360050044004,4,1.0,560.1,1004.7
386,892a1001adbffff,Bronx,BX0901,Soundview-Bruckner-Bronx River,1134,1558.2,127.8,0.1721,436.0,block_group,block_group,360050062004,7,1.0,1430.4,1686.0
388,892a1001b27ffff,Queens,QN0701,College Point,340,2573.3,324.4,0.91,2352.4,block_group,block_group,360810929005,2,1.0,2248.9,2897.7
389,892a1001b37ffff,Queens,QN0701,College Point,295,2430.5,208.8,0.8678,2217.0,block_group,block_group,360810939001,2,1.0,2221.7,2639.3
390,892a1001b8bffff,Bronx,BX0902,Soundview-Clason Point,431,1200.0,825.0,0.0606,169.1,block_group,block_group,360050004003,1,1.0,375.0,2025.0
391,892a1001bafffff,Queens,QN0701,College Point,178,2406.0,237.0,0.859,2188.5,block_group,block_group,360810939001,1,1.0,2169.0,2643.0
392,892a1001bc3ffff,Bronx,BX0902,Soundview-Clason Point,238,2068.5,591.9,0.6408,1576.8,mixed,tract,36005000200,2,1.0,1476.6,2660.4
393,892a1001bc7ffff,Bronx,BX0902,Soundview-Clason Point,373,1450.9,616.5,0.1241,320.5,mixed,block_group,360050004003,2,1.0,834.4,2067.4
394,892a1001bd3ffff,Bronx,BX0902,Soundview-Clason Point,280,2134.2,163.8,0.7056,1739.1,mixed,block_group,360050004002,4,1.0,1970.4,2298.0
395,892a1001bd7ffff,Bronx,BX0902,Soundview-Clason Point,363,1436.9,629.9,0.1192,307.1,block_group,block_group,360050004003,2,1.0,807.0,2066.8
396,892a1001bdbffff,Bronx,BX0902,Soundview-Clason Point,308,1842.9,973.1,0.4256,1027.7,mixed,block_group,360050002002,2,1.0,869.8,2816.0
397,892a1001c03ffff,Bronx,BX1002,Throgs Neck-Schuylerville,260,1978.8,203.9,0.5616,1365.1,block_group,block_group,360050184001,4,1.0,1774.9,2182.7
398,892a1001c07ffff,Bronx,BX1003,Pelham Bay-Country Club-City Island,169,2552.0,329.0,0.9024,2326.5,block_group,block_group,360050274014,1,1.0,2223.0,2881.0
399,892a1001c0bffff,Bronx,BX1002,Throgs Neck-Schuylerville,388,1871.8,179.7,0.4535,1102.6,mixed,block_group,360050184004,6,1.0,1692.1,2051.5
400,892a1001c0fffff,Bronx,BX1002,Throgs Neck-Schuylerville,427,1946.4,320.5,0.5224,1277.8,mixed,block_group,360050184002,2,1.0,1625.9,2266.9
401,892a1001c13ffff,Bronx,BX1003,Pelham Bay-Country Club-City Island,231,2204.9,59.6,0.7656,1896.2,block_group,block_group,360050274013,3,1.0,2145.3,2264.5
402,892a1001c17ffff,Bronx,BX1003,Pelham Bay-Country Club-City Island,321,2300.4,90.0,0.8151,2047.0,block_group,block_group,360050274013,2,1.0,2210.4,2390.4
403,892a1001c1bffff,Bronx,BX1002,Throgs Neck-Schuylerville,571,2114.2,241.0,0.6874,1688.7,block_group,block_group,360050264001,4,1.0,1873.2,2355.2
404,892a1001c23ffff,Bronx,BX1002,Throgs Neck-Schuylerville,295,2062.3,466.4,0.6358,1562.5,block_group,block_group,360050164001,2,1.0,1595.9,2528.7
405,892a1001c27ffff,Bronx,BX1002,Throgs Neck-Schuylerville,374,1901.5,430.7,0.4788,1169.5,block_group,block_group,360050162001,2,1.0,1470.8,2332.2
406,892a1001c2bffff,Bronx,BX1002,Throgs Neck-Schuylerville,368,1963.4,238.9,0.5474,1324.5,block_group,block_group,360050166001,2,1.0,1724.5,2202.3
407,892a1001c2fffff,Bronx,BX1002,Throgs Neck-Schuylerville,399,1950.6,143.1,0.5255,1285.4,block_group,block_group,360050152002,4,1.0,1807.5,2093.7
408,892a1001c33ffff,Bronx,BX1002,Throgs Neck-Schuylerville,280,2161.9,546.5,0.7262,1802.3,block_group,block_group,360050160002,3,1.0,1615.4,2708.4
409,892a1001c37ffff,Bronx,BX1002,Throgs Neck-Schuylerville,288,2195.4,390.6,0.7525,1873.0,block_group,block_group,360050160001,3,1.0,1804.8,2586.0
410,892a1001c3bffff,Bronx,BX1002,Throgs Neck-Schuylerville,202,2033.8,319.8,0.6082,1490.3,mixed,block_group,360050164001,3,1.0,1714.0,2353.6
411,892a1001c43ffff,Bronx,BX1002,Throgs Neck-Schuylerville,375,2097.4,153.9,0.6693,1643.7,block_group,block_group,360050264004,3,1.0,1943.5,2251.3
412,892a1001c47ffff,Bronx,BX1002,Throgs Neck-Schuylerville,510,1904.3,176.1,0.4826,1179.5,block_group,block_group,360050194001,3,1.0,1728.2,2080.4
413,892a1001c4fffff,Bronx,BX1002,Throgs Neck-Schuylerville,101,1951.0,246.0,0.5262,1287.2,block_group,block_group,360050194001,1,1.0,1705.0,2197.0
414,892a1001c53ffff,Bronx,BX1003,Pelham Bay-Country Club-City Island,514,1970.2,161.7,0.5535,1341.6,block_group,block_group,360050264004,3,1.0,1808.5,2131.9
415,892a1001c57ffff,Bronx,BX1002,Throgs Neck-Schuylerville,439,2013.8,168.8,0.5885,1437.7,block_group,block_group,360050264002,3,1.0,1845.0,2182.6
417,892a1001c67ffff,Bronx,BX1002,Throgs Neck-Schuylerville,211,2059.9,116.1,0.6333,1554.8,block_group,block_group,360050194001,3,1.0,1943.8,2176.0
420,892a1001c73ffff,Bronx,BX1002,Throgs Neck-Schuylerville,230,1854.7,136.1,0.4375,1060.2,mixed,tract,36005018400,3,1.0,1718.6,1990.8
421,892a1001c77ffff,Bronx,BX1002,Throgs Neck-Schuylerville,84,1938.1,190.6,0.5127,1255.2,mixed,block_group,360050194001,3,1.0,1747.5,2128.7
422,892a1001c7bffff,Bronx,BX1002,Throgs Neck-Schuylerville,210,1951.0,246.0,0.5262,1287.2,block_group,block_group,360050194001,1,1.0,1705.0,2197.0
423,892a1001c87ffff,Bronx,BX1003,Pelham Bay-Country Club-City Island,45,2513.4,409.0,0.8885,2287.6,mixed,block_group,360050274021,3,1.0,2104.4,2922.4
424,892a1001c8bffff,Bronx,BX1003,Pelham Bay-Country Club-City Island,349,2186.1,268.9,0.7481,1858.4,block_group,block_group,360050274012,4,1.0,1917.2,2455.0
425,892a1001c8fffff,Bronx,BX1003,Pelham Bay-Country Club-City Island,291,2402.9,266.7,0.858,2185.1,block_group,block_group,360050274021,3,1.0,2136.2,2669.6
426,892a1001c97ffff,Bronx,BX1003,Pelham Bay-Country Club-City Island,120,2375.0,557.0,0.8483,2156.1,block_group,block_group,360050274023,1,1.0,1818.0,2932.0
427,892a1001c9bffff,Bronx,BX1003,Pelham Bay-Country Club-City Island,341,2060.9,153.1,0.6345,1558.0,block_group,block_group,360050274012,4,1.0,1907.8,2214.0
428,892a1001cabffff,Bronx,BX1003,Pelham Bay-Country Club-City Island,345,2498.7,242.4,0.8851,2276.1,block_group,block_group,360050274014,5,1.0,2256.3,2741.1
429,892a1001cafffff,Bronx,BX1002,Throgs Neck-Schuylerville,360,2370.7,247.7,0.8468,2150.7,block_group,block_group,360050160004,3,1.0,2123.0,2618.4
430,892a1001cbbffff,Bronx,BX1003,Pelham Bay-Country Club-City Island,140,2523.1,441.3,0.8932,2295.1,mixed,block_group,360050274021,3,1.0,2081.8,2964.4
431,892a1001cc3ffff,Bronx,BX1003,Pelham Bay-Country Club-City Island,1181,1852.6,397.8,0.4351,1054.0,block_group,block_group,360050266022,4,1.0,1454.8,2250.4
432,892a1001cc7ffff,Bronx,BX1002,Throgs Neck-Schuylerville,498,2047.9,616.1,0.6209,1524.4,block_group,block_group,360050266021,4,1.0,1431.8,2664.0
433,892a1001ccbffff,Bronx,BX1003,Pelham Bay-Country Club-City Island,1038,1753.5,120.9,0.3356,807.0,mixed,block_group,360050266011,5,1.0,1632.6,1874.4
434,892a1001ccfffff,Bronx,BX1003,Pelham Bay-Country Club-City Island,883,1952.7,505.3,0.5275,1291.0,block_group,block_group,360050266021,4,1.0,1447.4,2458.0
435,892a1001cdbffff,Bronx,BX1003,Pelham Bay-Country Club-City Island,920,1943.6,330.1,0.5185,1269.6,block_group,block_group,360050266012,5,1.0,1613.5,2273.7
436,892a1001d03ffff,Bronx,BX1002,Throgs Neck-Schuylerville,186,1895.2,249.9,0.4735,1155.2,mixed,block_group,360050138002,2,1.0,1645.3,2145.1
437,892a1001d07ffff,Bronx,BX1002,Throgs Neck-Schuylerville,161,2155.2,240.1,0.7212,1786.4,block_group,block_group,360050118003,3,1.0,1915.1,2395.3
438,892a1001d0bffff,Bronx,BX1002,Throgs Neck-Schuylerville,132,1458.0,16.0,0.1281,327.8,borough,borough,36005,1,1.0,1442.0,1474.0
439,892a1001d0fffff,Bronx,BX1002,Throgs Neck-Schuylerville,470,1825.0,157.5,0.4036,978.4,mixed,block_group,360050118003,2,1.0,1667.5,1982.5
440,892a1001d13ffff,Bronx,BX1002,Throgs Neck-Schuylerville,464,1880.0,305.0,0.4597,1119.3,tract,tract,36005013800,1,1.0,1575.0,2185.0
441,892a1001d17ffff,Bronx,BX1002,Throgs Neck-Schuylerville,314,1903.8,338.5,0.4819,1177.6,mixed,block_group,360050138002,2,1.0,1565.3,2242.3
442,892a1001d1bffff,Bronx,BX1002,Throgs Neck-Schuylerville,113,1880.0,305.0,0.4597,1119.3,tract,tract,36005013800,1,1.0,1575.0,2185.0
443,892a1001d23ffff,Bronx,BX1002,Throgs Neck-Schuylerville,111,2348.5,192.8,0.8389,2124.4,mixed,tract,36005011800,2,1.0,2155.7,2541.3
444,892a1001d27ffff,Bronx,BX1002,Throgs Neck-Schuylerville,266,2311.0,136.4,0.8212,2067.2,mixed,tract,36005011800,2,1.0,2174.6,2447.4
445,892a1001d3bffff,Bronx,BX1002,Throgs Neck-Schuylerville,186,2240.7,170.2,0.785,1958.1,mixed,block_group,360050118003,3,1.0,2070.5,2410.9
446,892a1001d43ffff,Bronx,BX1002,Throgs Neck-Schuylerville,128,1192.5,125.9,0.0583,164.9,mixed,tract,36005014400,3,1.0,1066.6,1318.4
447,892a1001d47ffff,Bronx,BX1002,Throgs Neck-Schuylerville,290,1014.4,486.2,0.0332,114.1,mixed,tract,36005014400,3,1.0,528.2,1500.6
448,892a1001d4bffff,Bronx,BX1002,Throgs Neck-Schuylerville,1240,623.7,326.7,0.0088,64.1,block_group,block_group,360050144003,2,1.0,297.0,950.4
449,892a1001d4fffff,Bronx,BX1002,Throgs Neck-Schuylerville,476,391.0,164.0,0.0013,51.1,tract,tract,36005014400,1,1.0,227.0,555.0
450,892a1001d53ffff,Bronx,BX1002,Throgs Neck-Schuylerville,280,1971.8,553.6,0.5548,1345.4,block_group,block_group,360050158001,3,1.0,1418.2,2525.4
451,892a1001d57ffff,Bronx,BX1002,Throgs Neck-Schuylerville,295,1971.0,572.0,0.554,1343.5,block_group,block_group,360050158001,1,1.0,1399.0,2543.0
452,892a1001d5bffff,Bronx,BX1002,Throgs Neck-Schuylerville,380,2001.2,161.3,0.577,1409.6,block_group,block_group,360050152002,3,1.0,1839.9,2162.5
453,892a1001d63ffff,Bronx,BX1002,Throgs Neck-Schuylerville,361,2240.0,191.0,0.7841,1956.8,tract,tract,36005013200,1,1.0,2049.0,2431.0
454,892a1001d6bffff,Bronx,BX1002,Throgs Neck-Schuylerville,516,2214.4,173.1,0.772,1913.5,mixed,tract,36005013200,2,1.0,2041.3,2387.5
455,892a1001d73ffff,Bronx,BX1002,Throgs Neck-Schuylerville,455,2094.5,858.5,0.6664,1635.2,mixed,block_group,360050132004,4,1.0,1236.0,2953.0
456,892a1001d77ffff,Bronx,BX1002,Throgs Neck-Schuylerville,219,2211.2,162.2,0.7698,1907.5,mixed,tract,36005013200,3,1.0,2049.0,2373.4
457,892a1001d7bffff,Bronx,BX1002,Throgs Neck-Schuylerville,415,1367.9,524.0,0.098,257.0,mixed,tract,36005014400,3,1.0,843.9,1891.9
458,892a1001da7ffff,Bronx,BX1002,Throgs Neck-Schuylerville,11,2335.2,167.6,0.8338,2108.9,mixed,tract,36005011800,2,1.0,2167.6,2502.8
459,892a1001dabffff,Bronx,BX1002,Throgs Neck-Schuylerville,46,1906.0,368.0,0.4846,1183.9,block_group,block_group,360050138002,1,1.0,1538.0,2274.0
460,892a1001dafffff,Bronx,BX1002,Throgs Neck-Schuylerville,249,2543.0,697.0,0.899,2316.2,block_group,block_group,360050118001,1,1.0,1846.0,3240.0
461,892a1001dc3ffff,Bronx,BX1002,Throgs Neck-Schuylerville,137,2271.0,127.0,0.801,2005.5,tract,tract,36005016000,1,1.0,2144.0,2398.0
462,892a1001dcbffff,Bronx,BX1002,Throgs Neck-Schuylerville,202,2218.5,109.9,0.7749,1923.5,mixed,block_group,36005016000,3,1.0,2108.6,2328.4
463,892a1001dcfffff,Bronx,BX1002,Throgs Neck-Schuylerville,178,2165.6,124.0,0.7299,1814.1,tract,tract,36005016000,2,1.0,2041.6,2289.6
464,892a1001ddbffff,Bronx,BX1002,Throgs Neck-Schuylerville,222,2256.7,138.1,0.7929,1980.8,mixed,block_group,360050160001,2,1.0,2118.6,2394.8
465,892a1001e03ffff,Bronx,BX0904,Parkchester,3378,1582.0,377.0,0.1851,467.5,block_group,block_group,360050210026,1,1.0,1205.0,1959.0
466,892a1001e07ffff,Bronx,BX0904,Parkchester,748,1677.0,127.6,0.2533,632.6,block_group,block_group,360050222004,3,1.0,1549.4,1804.6
467,892a1001e0bffff,Bronx,BX0904,Parkchester,2121,1837.0,538.0,0.4196,1012.5,block_group,block_group,360050216022,1,1.0,1299.0,2375.0
468,892a1001e0fffff,Bronx,BX0904,Parkchester,2963,1764.5,94.2,0.3456,831.9,block_group,block_group,360050212005,3,1.0,1670.3,1858.7
469,892a1001e13ffff,Bronx,BX0904,Parkchester,548,1932.4,183.9,0.5062,1243.2,block_group,block_group,360050210022,5,1.0,1748.5,2116.3
470,892a1001e17ffff,Bronx,BX1001,Westchester Square,436,1805.4,512.6,0.3857,931.2,block_group,block_group,360050206012,5,1.0,1292.8,2318.0
471,892a1001e1bffff,Bronx,BX0904,Parkchester,3857,1750.0,50.0,0.3303,797.0,tract,tract,36005021001,1,1.0,1700.0,1800.0
472,892a1001e23ffff,Bronx,BX0903,Castle Hill-Unionport,670,1707.5,277.4,0.2833,700.5,block_group,block_group,360050078001,5,1.0,1430.1,1984.9
473,892a1001e27ffff,Bronx,BX0903,Castle Hill-Unionport,555,1542.1,729.4,0.1651,418.2,mixed,block_group,360050078002,3,1.0,812.7,2271.5
474,892a1001e2bffff,Bronx,BX0903,Castle Hill-Unionport,739,1536.0,351.4,0.1617,410.1,block_group,block_group,360050072001,6,1.0,1184.6,1887.4
475,892a1001e2fffff,Bronx,BX0903,Castle Hill-Unionport,877,1497.3,598.8,0.1452,367.5,block_group,block_group,360050078002,3,1.0,898.5,2096.1
476,892a1001e33ffff,Bronx,BX0903,Castle Hill-Unionport,547,1678.7,142.5,0.2542,635.4,block_group,block_group,360050092003,3,1.0,1536.2,1821.2
477,892a1001e37ffff,Bronx,BX0903,Castle Hill-Unionport,520,1703.2,382.2,0.2789,689.5,block_group,block_group,360050092005,5,1.0,1321.0,2085.4
478,892a1001e3bffff,Bronx,BX0903,Castle Hill-Unionport,1110,1605.2,199.7,0.2001,504.9,mixed,block_group,360050092001,5,1.0,1405.5,1804.9
479,892a1001e43ffff,Bronx,BX0901,Soundview-Bruckner-Bronx River,914,1705.4,208.4,0.2813,695.9,block_group,block_group,360050216013,6,1.0,1497.0,1913.8
480,892a1001e47ffff,Bronx,BX0901,Soundview-Bruckner-Bronx River,1508,1483.4,113.2,0.1386,351.8,mixed,block_group,360050216011,6,1.0,1370.2,1596.6
481,892a1001e4bffff,Bronx,BX1101,Pelham Parkway-Van Nest,373,1924.1,299.8,0.4997,1225.1,mixed,block_group,360050240003,5,1.0,1624.3,2223.9
482,892a1001e4fffff,Bronx,BX0901,Soundview-Bruckner-Bronx River,956,1506.1,119.7,0.149,378.1,mixed,block_group,360050218005,5,1.0,1386.4,1625.8
483,892a1001e53ffff,Bronx,BX1101,Pelham Parkway-Van Nest,493,1891.9,326.1,0.4697,1145.9,block_group,block_group,360050238003,3,1.0,1565.8,2218.0
484,892a1001e57ffff,Bronx,BX0904,Parkchester,300,1655.4,60.2,0.2318,581.5,mixed,block_group,360050216014,3,1.0,1595.2,1715.6
485,892a1001e5bffff,Bronx,BX1101,Pelham Parkway-Van Nest,697,2019.1,426.2,0.5944,1453.1,block_group,block_group,360050240003,5,1.0,1592.9,2445.3
486,892a1001e63ffff,Bronx,BX0901,Soundview-Bruckner-Bronx River,569,1642.7,165.0,0.2221,557.3,block_group,block_group,360050076005,4,1.0,1477.7,1807.7
487,892a1001e67ffff,Bronx,BX0903,Castle Hill-Unionport,894,1594.3,213.4,0.1943,488.9,block_group,block_group,360050072002,5,1.0,1380.9,1807.7
488,892a1001e6bffff,Bronx,BX0901,Soundview-Bruckner-Bronx River,961,1703.3,161.7,0.2791,690.1,block_group,block_group,360050076004,6,1.0,1541.6,1865.0
489,892a1001e6fffff,Bronx,BX0901,Soundview-Bruckner-Bronx River,946,1851.5,252.3,0.4344,1051.6,block_group,block_group,360050070001,4,1.0,1599.2,2103.8
490,892a1001e73ffff,Bronx,BX0904,Parkchester,509,1569.8,339.2,0.1777,449.5,block_group,block_group,360050216023,4,1.0,1230.6,1909.0
491,892a1001e77ffff,Bronx,BX0903,Castle Hill-Unionport,612,1493.9,169.3,0.1444,365.4,mixed,tract,36005007200,4,1.0,1324.6,1663.2
492,892a1001e7bffff,Bronx,BX0901,Soundview-Bruckner-Bronx River,686,1595.1,153.3,0.1947,490.0,block_group,block_group,360050218002,5,1.0,1441.8,1748.4
493,892a1001e83ffff,Bronx,BX1102,Morris Park,411,1579.1,313.1,0.1842,464.8,block_group,block_group,360050200004,3,1.0,1266.0,1892.2
494,892a1001e87ffff,Bronx,BX1001,Westchester Square,954,1557.2,117.1,0.1716,434.4,block_group,block_group,360050200002,5,1.0,1440.1,1674.3
495,892a1001e8bffff,Bronx,BX1102,Morris Park,462,1822.8,350.3,0.4016,974.1,block_group,block_group,360050204001,6,1.0,1472.5,2173.1
496,892a1001e8fffff,Bronx,BX1001,Westchester Square,841,1666.9,310.0,0.2446,611.5,block_group,block_group,360050204003,5,1.0,1356.9,1976.9
497,892a1001e93ffff,Bronx,BX1001,Westchester Square,76,2012.3,394.7,0.5879,1435.8,mixed,block_group,360050286002,5,1.0,1617.6,2407.0
498,892a1001e97ffff,Bronx,BX1001,Westchester Square,144,1562.9,189.3,0.1752,443.6,mixed,block_group,360050200004,2,1.0,1373.6,1752.2
499,892a1001e9bffff,Bronx,BX1102,Morris Park,519,1661.4,101.2,0.2378,594.5,block_group,block_group,360050256001,4,1.0,1560.2,1762.6
500,892a1001ea3ffff,Bronx,BX1001,Westchester Square,206,1788.2,186.2,0.3655,884.3,block_group,block_group,360050096002,2,1.0,1602.0,1974.4
502,892a1001eabffff,Bronx,BX1001,Westchester Square,795,1515.2,466.5,0.1541,390.3,block_group,block_group,360050206011,4,1.0,1048.7,1981.7
503,892a1001eafffff,Bronx,BX1001,Westchester Square,617,1794.5,394.8,0.3723,899.3,block_group,block_group,360050096001,4,1.0,1399.7,2189.3
504,892a1001eb3ffff,Bronx,BX1001,Westchester Square,255,1614.7,129.2,0.2047,515.5,block_group,block_group,360050200002,2,1.0,1485.5,1743.9
505,892a1001eb7ffff,Bronx,BX1001,Westchester Square,2,1782.0,196.0,0.3585,867.6,block_group,block_group,360050096002,1,1.0,1586.0,1978.0
506,892a1001ebbffff,Bronx,BX1001,Westchester Square,832,1392.0,126.0,0.1046,274.1,block_group,block_group,360050202002,5,1.0,1266.0,1518.0
507,892a1001ec3ffff,Bronx,BX1102,Morris Park,440,2100.2,259.1,0.6724,1652.1,mixed,block_group,360050244002,5,1.0,1841.1,2359.3
508,892a1001ec7ffff,Bronx,BX1101,Pelham Parkway-Van Nest,156,2608.3,575.0,0.9195,2385.9,mixed,block_group,360050244002,3,1.0,2033.3,3183.3
509,892a1001ecbffff,Bronx,BX1101,Pelham Parkway-Van Nest,569,1824.2,112.9,0.4029,977.2,block_group,block_group,360050238002,4,1.0,1711.3,1937.1
510,892a1001ecfffff,Bronx,BX1101,Pelham Parkway-Van Nest,64,1707.2,192.8,0.2829,699.9,mixed,block_group,360050238002,2,1.0,1514.4,1900.0
511,892a1001ed3ffff,Bronx,BX1102,Morris Park,603,1993.4,258.2,0.5717,1395.0,block_group,block_group,360050252001,4,1.0,1735.2,2251.6
512,892a1001ed7ffff,Bronx,BX1102,Morris Park,542,2245.0,207.8,0.7871,1964.1,block_group,block_group,360050252002,4,1.0,2037.2,2452.8
513,892a1001edbffff,Bronx,BX1101,Pelham Parkway-Van Nest,596,1842.5,176.5,0.4254,1027.1,block_group,block_group,360050232001,4,1.0,1666.0,2019.0
514,892a1003323ffff,Bronx,BX1202,Eastchester-Edenwald-Baychester,8,1949.0,713.0,0.5243,1282.2,tract,tract,36005045600,1,1.0,1236.0,2662.0
515,892a100332bffff,Bronx,BX1202,Eastchester-Edenwald-Baychester,1,1949.0,713.0,0.5243,1282.2,tract,tract,36005045600,1,1.0,1236.0,2662.0
516,892a1003363ffff,Bronx,BX1202,Eastchester-Edenwald-Baychester,42,1949.0,713.0,0.5243,1282.2,tract,tract,36005045600,1,1.0,1236.0,2662.0
517,892a1003367ffff,Bronx,BX1202,Eastchester-Edenwald-Baychester,108,1949.0,713.0,0.5243,1282.2,tract,tract,36005045600,1,1.0,1236.0,2662.0
520,892a1003377ffff,Bronx,BX1202,Eastchester-Edenwald-Baychester,137,1949.0,713.0,0.5243,1282.2,tract,tract,36005045600,1,1.0,1236.0,2662.0
521,892a100420bffff,Queens,QN1301,Glen Oaks-Floral Park-New Hyde Park,159,1962.0,209.0,0.5453,1319.4,tract,tract,36081157903,1,1.0,1753.0,2171.0
522,892a100421bffff,Queens,QN1301,Glen Oaks-Floral Park-New Hyde Park,140,2077.3,303.5,0.6484,1594.9,mixed,tract,36081157903,2,1.0,1773.8,2380.8
523,892a1004243ffff,Queens,QN1302,Bellerose,260,2152.5,299.2,0.7193,1780.5,mixed,tract,36081157101,4,1.0,1853.3,2451.7
524,892a1004247ffff,Queens,QN1302,Bellerose,285,1918.7,189.4,0.4958,1212.6,tract,tract,36081161700,2,1.0,1729.3,2108.1
525,892a100424bffff,Queens,QN1302,Bellerose,160,2211.7,367.3,0.7703,1908.8,tract,tract,36081157101,2,1.0,1844.4,2579.0
526,892a100424fffff,Queens,QN1302,Bellerose,217,1894.5,273.7,0.473,1154.0,tract,tract,36081161700,2,1.0,1620.8,2168.2
527,892a1004253ffff,Queens,QN1301,Glen Oaks-Floral Park-New Hyde Park,197,1892.2,135.7,0.47,1146.6,mixed,block_group,360811579032,3,1.0,1756.5,2027.9
528,892a1004257ffff,Queens,QN1301,Glen Oaks-Floral Park-New Hyde Park,203,1958.1,198.8,0.5416,1309.3,mixed,tract,36081157903,2,1.0,1759.3,2156.9
529,892a100425bffff,Queens,QN1302,Bellerose,191,2563.9,655.9,0.9078,2344.9,mixed,tract,36081157101,3,1.0,1908.0,3219.8
530,892a1004273ffff,Queens,QN1301,Glen Oaks-Floral Park-New Hyde Park,106,1970.1,176.7,0.5531,1341.0,mixed,tract,36081157903,3,1.0,1793.4,2146.8
531,892a100427bffff,Queens,QN1302,Bellerose,137,2039.1,436.8,0.6139,1507.0,mixed,block_group,360811617004,2,1.0,1602.3,2475.9
532,892a10042c3ffff,Queens,QN1301,Glen Oaks-Floral Park-New Hyde Park,223,2277.4,295.3,0.805,2016.2,mixed,tract,36081157901,4,1.0,1982.1,2572.7
533,892a10042c7ffff,Queens,QN1301,Glen Oaks-Floral Park-New Hyde Park,102,2313.0,819.0,0.8225,2070.5,block_group,block_group,360811579031,1,1.0,1494.0,3132.0
534,892a10042cbffff,Queens,QN1301,Glen Oaks-Floral Park-New Hyde Park,190,1956.0,10.0,0.5358,1303.6,borough,borough,36081,1,1.0,1946.0,1966.0
535,892a10042cfffff,Queens,QN1301,Glen Oaks-Floral Park-New Hyde Park,261,1952.9,148.3,0.5279,1292.3,mixed,block_group,360811579032,3,1.0,1804.6,2101.2
536,892a10042d3ffff,Queens,QN1301,Glen Oaks-Floral Park-New Hyde Park,265,2281.1,563.4,0.8068,2020.9,mixed,block_group,360811579014,2,1.0,1717.7,2844.5
537,892a10042d7ffff,Queens,QN1301,Glen Oaks-Floral Park-New Hyde Park,118,2302.8,425.8,0.8167,2052.4,mixed,tract,36081157901,2,1.0,1877.0,2728.6
538,892a10042dbffff,Queens,QN1301,Glen Oaks-Floral Park-New Hyde Park,188,2171.6,319.3,0.7348,1824.7,mixed,block_group,360811579014,3,1.0,1852.3,2490.9
539,892a100464bffff,Queens,QN1301,Glen Oaks-Floral Park-New Hyde Park,132,2166.2,511.0,0.7303,1815.5,tract,tract,36081155104,2,1.0,1655.2,2677.2
540,892a100466bffff,Queens,QN1301,Glen Oaks-Floral Park-New Hyde Park,216,2293.0,273.0,0.8116,2035.6,tract,tract,36081157901,1,1.0,2020.0,2566.0
541,892a1005003ffff,Queens,QN1104,Oakland Gardens-Hollis Hills,261,3109.1,284.0,0.9881,2611.2,block_group,block_group,360811377003,2,1.0,2825.1,3393.1
542,892a1005007ffff,Queens,QN1104,Oakland Gardens-Hollis Hills,260,2102.4,163.7,0.6742,1657.3,mixed,block_group,360811377002,2,1.0,1938.7,2266.1
543,892a100500bffff,Queens,QN1104,Oakland Gardens-Hollis Hills,540,2105.6,136.0,0.6788,1665.8,block_group,block_group,360811377001,2,1.0,1969.6,2241.6
544,892a100500fffff,Queens,QN1104,Oakland Gardens-Hollis Hills,278,2090.5,190.3,0.6623,1623.5,mixed,block_group,360811377002,2,1.0,1900.2,2280.8
545,892a1005013ffff,Queens,QN1104,Oakland Gardens-Hollis Hills,136,3146.0,294.0,0.9917,2620.9,block_group,block_group,360811377003,1,1.0,2852.0,3440.0
546,892a100501bffff,Queens,QN1104,Oakland Gardens-Hollis Hills,282,2924.8,325.0,0.9724,2560.0,mixed,block_group,360811385014,5,1.0,2599.8,3249.8
547,892a1005023ffff,Queens,QN1104,Oakland Gardens-Hollis Hills,95,1888.0,302.0,0.4666,1138.5,tract,tract,36081129104,1,1.0,1586.0,2190.0
548,892a1005027ffff,Queens,QN1104,Oakland Gardens-Hollis Hills,317,1255.3,718.8,0.0696,189.8,mixed,block_group,360811291042,2,1.0,536.5,1974.1
549,892a100502fffff,Queens,QN1104,Oakland Gardens-Hollis Hills,342,1438.7,522.5,0.1199,308.7,mixed,block_group,360811291042,3,1.0,916.2,1961.2
550,892a1005043ffff,Queens,QN1102,Bayside,155,2107.0,157.9,0.6801,1669.1,mixed,borough,36081,2,1.0,1949.1,2264.9
551,892a1005047ffff,Queens,QN1104,Oakland Gardens-Hollis Hills,236,2224.2,80.0,0.7772,1932.1,block_group,block_group,360811367006,3,1.0,2144.2,2304.2
552,892a100504bffff,Queens,QN1102,Bayside,189,1956.0,10.0,0.5358,1303.6,borough,borough,36081,1,1.0,1946.0,1966.0
553,892a100504fffff,Queens,QN1102,Bayside,300,2211.6,48.5,0.7701,1908.2,mixed,block_group,360811367006,3,1.0,2163.1,2260.1
554,892a1005053ffff,Queens,QN1102,Bayside,138,3246.5,608.9,0.996,2637.5,mixed,tract,36081138501,2,1.0,2637.6,3855.4
555,892a1005057ffff,Queens,QN1102,Bayside,301,2850.1,671.4,0.9648,2533.0,mixed,block_group,360811385013,2,1.0,2178.7,3521.5
556,892a100505bffff,Queens,QN1102,Bayside,129,2358.5,249.5,0.8423,2136.5,mixed,tract,36081144100,3,1.0,2109.0,2608.0
557,892a1005063ffff,Queens,QN1104,Oakland Gardens-Hollis Hills,664,2376.0,162.0,0.8491,2158.1,tract,tract,36081136700,1,1.0,2214.0,2538.0
558,892a1005067ffff,Queens,QN1104,Oakland Gardens-Hollis Hills,596,2035.0,1237.0,0.6094,1494.2,block_group,block_group,360811291045,1,1.0,798.0,3272.0
559,892a100506bffff,Queens,QN1104,Oakland Gardens-Hollis Hills,197,2376.0,159.1,0.8491,2158.1,mixed,tract,36081136700,2,1.0,2216.9,2535.1
560,892a100506fffff,Queens,QN1104,Oakland Gardens-Hollis Hills,939,2028.0,738.6,0.6032,1476.8,block_group,block_group,360811291031,2,1.0,1289.4,2766.6
561,892a1005073ffff,Queens,QN1104,Oakland Gardens-Hollis Hills,488,2088.1,171.8,0.6601,1618.3,block_group,block_group,360811377002,2,1.0,1916.3,2259.9
562,892a1005077ffff,Queens,QN1104,Oakland Gardens-Hollis Hills,128,2156.1,132.1,0.7218,1788.4,mixed,tract,36081137700,2,1.0,2024.0,2288.2
563,892a100507bffff,Queens,QN1104,Oakland Gardens-Hollis Hills,604,2414.7,270.6,0.8631,2200.0,mixed,block_group,360811367005,3,1.0,2144.1,2685.3
564,892a1005083ffff,Queens,QN1103,Douglaston-Little Neck,262,2248.0,262.0,0.7887,1968.8,block_group,block_group,360811529012,1,1.0,1986.0,2510.0
565,892a1005087ffff,Queens,QN1103,Douglaston-Little Neck,463,2248.0,262.0,0.7887,1968.8,block_group,block_group,360811529012,1,1.0,1986.0,2510.0
566,892a1005093ffff,Queens,QN1103,Douglaston-Little Neck,288,2171.0,305.0,0.734,1824.0,tract,tract,36081152901,1,1.0,1866.0,2476.0
567,892a1005097ffff,Queens,QN1103,Douglaston-Little Neck,9,2248.0,262.0,0.7887,1968.8,block_group,block_group,360811529012,1,1.0,1986.0,2510.0
568,892a10050b3ffff,Queens,QN1103,Douglaston-Little Neck,109,2218.3,199.4,0.7747,1922.8,mixed,block_group,360811529012,2,1.0,2018.9,2417.7
569,892a10050b7ffff,Queens,QN1103,Douglaston-Little Neck,213,2171.0,305.0,0.734,1824.0,tract,tract,36081152901,1,1.0,1866.0,2476.0
570,892a10050c3ffff,Queens,QN1102,Bayside,136,3140.4,494.5,0.9915,2620.2,mixed,tract,36081138501,2,1.0,2645.9,3634.9
571,892a10050c7ffff,Queens,QN1102,Bayside,180,2905.1,661.8,0.971,2554.4,mixed,block_group,360811385014,2,1.0,2243.3,3566.9
572,892a10050cbffff,Queens,QN1102,Bayside,61,3328.0,694.0,0.9983,2645.1,tract,tract,36081138501,1,1.0,2634.0,4022.0
573,892a10050cfffff,Queens,QN1102,Bayside,338,3182.2,517.0,0.9935,2627.8,mixed,tract,36081138501,2,1.0,2665.2,3699.2
574,892a10050dbffff,Queens,QN1102,Bayside,68,3328.0,694.0,0.9983,2645.1,tract,tract,36081138501,1,1.0,2634.0,4022.0
575,892a1005103ffff,Queens,QN1302,Bellerose,375,1908.0,258.4,0.4858,1187.6,block_group,block_group,360811621002,3,1.0,1649.6,2166.4
576,892a1005107ffff,Queens,QN1302,Bellerose,314,1801.2,149.5,0.3814,921.0,block_group,block_group,360811621003,5,1.0,1651.7,1950.7
577,892a100510bffff,Queens,QN1302,Bellerose,331,1810.6,550.7,0.3909,943.9,block_group,block_group,360811301004,5,1.0,1259.9,2361.3
578,892a100510fffff,Queens,QN1303,Queens Village,357,1905.0,563.5,0.4837,1181.4,block_group,block_group,360811621002,4,1.0,1341.5,2468.5
579,892a1005113ffff,Queens,QN1302,Bellerose,4,2495.0,1434.0,0.8841,2272.7,block_group,block_group,360811621001,1,1.0,1061.0,3929.0
580,892a1005117ffff,Queens,QN1302,Bellerose,260,2111.9,361.0,0.6849,1682.1,block_group,block_group,360811621003,4,1.0,1750.9,2472.9
581,892a100511bffff,Queens,QN1302,Bellerose,271,2451.1,860.0,0.8725,2234.6,block_group,block_group,360811621001,3,1.0,1591.1,3311.1
582,892a100512bffff,Queens,QN1303,Queens Village,388,2040.8,234.1,0.615,1510.2,block_group,block_group,360810564001,2,1.0,1806.7,2274.9
583,892a100512fffff,Queens,QN1303,Queens Village,259,1821.1,103.9,0.4003,971.1,block_group,block_group,360810568001,2,1.0,1717.2,1925.0
584,892a1005133ffff,Queens,QN1302,Bellerose,291,1869.5,324.5,0.4517,1097.1,block_group,block_group,360811621005,2,1.0,1545.0,2194.0
585,892a100513bffff,Queens,QN1303,Queens Village,273,1989.7,309.0,0.5692,1386.7,block_group,block_group,360810562001,3,1.0,1680.7,2298.7
586,892a1005143ffff,Queens,QN1302,Bellerose,550,1196.0,748.0,0.0596,167.3,tract,tract,36081130100,1,1.0,448.0,1944.0
587,892a1005147ffff,Queens,QN1302,Bellerose,240,1740.4,609.2,0.319,775.2,block_group,block_group,360811301004,2,1.0,1131.2,2349.6
588,892a100514bffff,Queens,QN1104,Oakland Gardens-Hollis Hills,64,1892.6,16.4,0.471,1149.0,mixed,borough,36081,2,1.0,1876.2,1909.0
589,892a100514fffff,Queens,QN1303,Queens Village,224,1468.5,82.9,0.133,337.6,mixed,block_group,360810552001,4,1.0,1385.6,1551.4
590,892a1005153ffff,Queens,QN1302,Bellerose,52,1196.0,748.0,0.0596,167.3,tract,tract,36081130100,1,1.0,448.0,1944.0
591,892a1005157ffff,Queens,QN1302,Bellerose,291,1897.9,640.2,0.4765,1163.3,block_group,block_group,360811301004,2,1.0,1257.7,2538.1
592,892a100515bffff,Queens,QN1104,Oakland Gardens-Hollis Hills,317,1955.6,10.1,0.5317,1303.0,mixed,borough,36081,2,1.0,1945.5,1965.7
593,892a1005163ffff,Queens,QN1303,Queens Village,294,2010.1,353.8,0.5863,1430.7,mixed,block_group,360810558001,5,1.0,1656.3,2363.9
594,892a1005167ffff,Queens,QN1303,Queens Village,243,1934.7,426.1,0.5078,1247.6,mixed,block_group,360810558002,4,1.0,1508.6,2360.8
595,892a100516bffff,Queens,QN1303,Queens Village,267,2239.7,103.5,0.7837,1956.1,mixed,block_group,360810556001,5,1.0,2136.2,2343.2
596,892a100516fffff,Queens,QN1303,Queens Village,284,2342.4,456.8,0.8365,2117.6,mixed,block_group,360810558002,3,1.0,1885.6,2799.2
597,892a1005173ffff,Queens,QN1303,Queens Village,380,1939.1,229.5,0.5139,1257.7,block_group,block_group,360810554002,4,1.0,1709.6,2168.6
598,892a1005177ffff,Queens,QN1303,Queens Village,264,1812.6,461.9,0.3932,950.5,block_group,block_group,360810560002,3,1.0,1350.7,2274.5
599,892a100517bffff,Queens,QN1303,Queens Village,351,1967.0,123.3,0.5507,1335.3,mixed,block_group,360810554001,4,1.0,1843.7,2090.3
600,892a1005183ffff,Queens,QN1302,Bellerose,138,1757.1,567.7,0.3386,814.7,mixed,block_group,360811571022,3,1.0,1189.4,2324.8
601,892a1005187ffff,Queens,QN1302,Bellerose,145,2456.7,275.4,0.8735,2238.7,mixed,tract,36081157101,3,1.0,2181.3,2732.1
602,892a100518bffff,Queens,QN1302,Bellerose,20,1833.6,519.1,0.416,1002.7,block_group,block_group,360811571022,2,1.0,1314.5,2352.7
603,892a100518fffff,Queens,QN1302,Bellerose,229,2916.7,258.1,0.9719,2557.9,block_group,block_group,360811571021,3,1.0,2658.6,3174.8
604,892a1005193ffff,Queens,QN1302,Bellerose,162,2216.9,376.7,0.7736,1919.5,mixed,tract,36081157101,2,1.0,1840.2,2593.6
605,892a1005197ffff,Queens,QN1302,Bellerose,182,2825.4,1094.3,0.9619,2523.4,mixed,block_group,360811571016,2,1.0,1731.1,3919.7
606,892a100519bffff,Queens,QN1302,Bellerose,109,1692.0,599.0,0.2681,665.3,block_group,block_group,360811571022,1,1.0,1093.0,2291.0
607,892a10051a3ffff,Queens,QN1302,Bellerose,311,1981.9,640.2,0.564,1372.7,block_group,block_group,360811617001,2,1.0,1341.7,2622.1
608,892a10051abffff,Queens,QN1302,Bellerose,288,2531.8,330.4,0.8959,2304.7,block_group,block_group,360811621004,3,1.0,2201.4,2862.2
609,892a10051afffff,Queens,QN1302,Bellerose,124,1887.3,524.8,0.4658,1136.6,block_group,block_group,360811617001,2,1.0,1362.5,2412.1
610,892a10051b3ffff,Queens,QN1302,Bellerose,184,1944.9,347.6,0.5208,1273.4,mixed,tract,36081161700,4,1.0,1597.3,2292.5
611,892a10051b7ffff,Queens,QN1302,Bellerose,268,2151.1,741.4,0.7184,1777.2,mixed,block_group,360811617004,2,1.0,1409.7,2892.5
612,892a10051bbffff,Queens,QN1302,Bellerose,163,2760.8,313.3,0.9533,2492.4,block_group,block_group,360811571021,4,1.0,2447.5,3074.1
613,892a10051c3ffff,Queens,QN1302,Bellerose,86,1196.0,748.0,0.0596,167.3,tract,tract,36081130100,1,1.0,448.0,1944.0
614,892a10051c7ffff,Queens,QN1302,Bellerose,143,2636.0,673.0,0.9284,2412.7,block_group,block_group,360811567001,1,1.0,1963.0,3309.0
615,892a10051cbffff,Queens,QN1302,Bellerose,51,1196.0,748.0,0.0596,167.3,tract,tract,36081130100,1,1.0,448.0,1944.0
616,892a10051cfffff,Queens,QN1302,Bellerose,164,1751.4,351.0,0.3324,800.5,mixed,block_group,360811301003,2,1.0,1400.4,2102.4
620,892a1005203ffff,Queens,QN1101,Auburndale,192,2087.0,177.2,0.6596,1616.3,mixed,block_group,360811409022,4,1.0,1909.8,2264.2
621,892a1005207ffff,Queens,QN1101,Auburndale,141,1979.0,34.8,0.5618,1365.7,mixed,borough,36081,2,1.0,1944.2,2013.8
622,892a100520bffff,Queens,QN1101,Auburndale,252,2193.3,448.6,0.7512,1869.0,mixed,block_group,360811409021,4,1.0,1744.7,2641.9
623,892a100520fffff,Queens,QN1101,Auburndale,221,2139.8,256.4,0.7097,1750.9,block_group,block_group,360811409022,2,1.0,1883.4,2396.2
624,892a1005213ffff,Queens,QN1101,Auburndale,201,2528.0,201.5,0.8952,2301.9,mixed,block_group,360811451021,3,1.0,2326.5,2729.5
625,892a1005217ffff,Queens,QN1101,Auburndale,183,2175.5,453.1,0.7375,1833.3,mixed,borough,36081,2,1.0,1722.4,2628.6
626,892a100521bffff,Queens,QN1101,Auburndale,243,2184.0,188.4,0.7449,1851.8,mixed,tract,36081142900,2,1.0,1995.6,2372.4
627,892a1005223ffff,Queens,QN0803,Fresh Meadows-Utopia,98,2150.0,143.0,0.7176,1774.6,block_group,block_group,360811347021,1,1.0,2007.0,2293.0
628,892a1005227ffff,Queens,QN0803,Fresh Meadows-Utopia,139,2048.0,251.5,0.6221,1525.1,block_group,block_group,360811347021,2,1.0,1796.5,2299.5
629,892a100522bffff,Queens,QN0803,Fresh Meadows-Utopia,422,2180.0,76.0,0.7428,1844.5,block_group,block_group,360811347022,1,1.0,2104.0,2256.0
630,892a100522fffff,Queens,QN0803,Fresh Meadows-Utopia,300,2164.0,84.1,0.7279,1807.5,block_group,block_group,360811347021,2,1.0,2079.9,2248.1
631,892a100523bffff,Queens,QN0803,Fresh Meadows-Utopia,13,2127.0,250.0,0.6985,1719.4,block_group,block_group,360811409022,1,1.0,1877.0,2377.0
632,892a1005243ffff,Queens,QN1101,Auburndale,252,2860.9,527.2,0.9652,2534.4,mixed,block_group,360811417002,4,1.0,2333.7,3388.1
633,892a1005247ffff,Queens,QN1101,Auburndale,249,2548.7,387.0,0.9011,2322.4,block_group,block_group,360811429004,3,1.0,2161.7,2935.7
634,892a100524bffff,Queens,QN1101,Auburndale,215,2768.1,410.8,0.9545,2497.2,mixed,tract,36081141700,3,1.0,2357.3,3178.9
635,892a100524fffff,Queens,QN1101,Auburndale,149,3005.0,597.8,0.9785,2580.7,mixed,block_group,360811417002,2,1.0,2407.2,3602.8
636,892a1005253ffff,Queens,QN1101,Auburndale,277,2080.8,358.8,0.65,1600.7,block_group,block_group,360811429002,3,1.0,1722.0,2439.6
637,892a1005257ffff,Queens,QN1101,Auburndale,232,2204.9,242.9,0.7656,1896.2,mixed,block_group,360811429004,3,1.0,1962.0,2447.8
638,892a100525bffff,Queens,QN1101,Auburndale,293,2572.4,798.8,0.9096,2351.1,mixed,tract,36081145900,3,1.0,1773.6,3371.2
639,892a1005263ffff,Queens,QN1101,Auburndale,126,2502.5,586.1,0.886,2279.5,block_group,block_group,360811417004,2,1.0,1916.4,3088.6
641,892a100526bffff,Queens,QN1101,Auburndale,264,2642.5,286.7,0.9303,2419.5,block_group,block_group,360811417004,2,1.0,2355.8,2929.2
642,892a100526fffff,Queens,QN0803,Fresh Meadows-Utopia,162,2558.1,1515.6,0.9055,2337.4,block_group,block_group,360811341001,3,1.0,1042.5,4073.7
643,892a1005273ffff,Queens,QN1101,Auburndale,153,2249.2,1192.2,0.7898,1970.1,block_group,block_group,360811409021,2,1.0,1057.0,3441.4
644,892a1005277ffff,Queens,QN0803,Fresh Meadows-Utopia,307,2140.2,92.9,0.7099,1751.6,block_group,block_group,360811347022,3,1.0,2047.3,2233.1
645,892a100527bffff,Queens,QN1101,Auburndale,98,2618.4,354.6,0.9228,2396.2,block_group,block_group,360811417004,3,1.0,2263.8,2973.0
646,892a1005283ffff,Queens,QN1102,Bayside,204,2944.1,543.6,0.9738,2565.5,mixed,tract,36081143500,2,1.0,2400.5,3487.7
647,892a1005287ffff,Queens,QN1102,Bayside,198,2331.6,741.1,0.8326,2104.2,mixed,tract,36081140300,3,1.0,1590.5,3072.7
648,892a100528bffff,Queens,QN1102,Bayside,273,2974.4,471.2,0.9774,2576.5,mixed,tract,36081143500,4,1.0,2503.2,3445.6
649,892a100528fffff,Queens,QN1102,Bayside,278,2622.7,694.1,0.9243,2401.7,mixed,tract,36081140300,2,1.0,1928.6,3316.8
650,892a1005293ffff,Queens,QN1102,Bayside,361,2719.7,233.9,0.9474,2471.0,mixed,block_group,360811441002,5,1.0,2485.8,2953.6
651,892a1005297ffff,Queens,QN1102,Bayside,161,2562.1,332.8,0.9073,2342.9,mixed,tract,360811435002,4,1.0,2229.3,2894.9
652,892a100529bffff,Queens,QN1102,Bayside,299,2810.7,236.3,0.9598,2515.8,mixed,block_group,360811447002,2,1.0,2574.4,3047.0
653,892a10052a3ffff,Queens,QN1104,Oakland Gardens-Hollis Hills,28,2413.3,429.0,0.8623,2197.3,tract,tract,36081136700,2,1.0,1984.3,2842.3
654,892a10052a7ffff,Queens,QN1104,Oakland Gardens-Hollis Hills,110,2376.0,162.0,0.8491,2158.1,tract,tract,36081136700,1,1.0,2214.0,2538.0
655,892a10052abffff,Queens,QN1102,Bayside,106,2378.7,872.5,0.8497,2159.5,mixed,tract,36081140300,2,1.0,1506.2,3251.2
656,892a10052b3ffff,Queens,QN1102,Bayside,152,2169.5,440.6,0.7321,1820.7,mixed,borough,36081,2,1.0,1728.9,2610.1
657,892a10052b7ffff,Queens,QN1104,Oakland Gardens-Hollis Hills,143,2376.0,162.0,0.8491,2158.1,tract,tract,36081136700,1,1.0,2214.0,2538.0
658,892a10052bbffff,Queens,QN1102,Bayside,265,2471.0,1063.0,0.8782,2252.3,tract,tract,36081140300,1,1.0,1408.0,3534.0
659,892a10052c3ffff,Queens,QN1101,Auburndale,264,2796.2,271.0,0.9574,2506.8,block_group,block_group,360811451022,3,1.0,2525.2,3067.2
660,892a10052c7ffff,Queens,QN1101,Auburndale,294,2654.3,192.8,0.9326,2427.7,mixed,block_group,360811451021,4,1.0,2461.5,2847.1
661,892a10052cbffff,Queens,QN1101,Auburndale,236,2215.0,252.0,0.7723,1914.8,block_group,block_group,360811451011,1,1.0,1963.0,2467.0
662,892a10052cfffff,Queens,QN1101,Auburndale,287,2148.0,549.1,0.716,1769.3,mixed,block_group,360811429002,3,1.0,1598.9,2697.1
663,892a10052d3ffff,Queens,QN1101,Auburndale,193,2357.7,251.4,0.842,2135.2,block_group,block_group,360811463001,4,1.0,2106.3,2609.1
664,892a10052d7ffff,Queens,QN1102,Bayside,236,2745.2,255.0,0.952,2487.5,block_group,block_group,360811447002,3,1.0,2490.2,3000.2
665,892a10052dbffff,Queens,QN1101,Auburndale,290,2203.4,180.1,0.7642,1892.9,block_group,block_group,360811463002,4,1.0,2023.3,2383.5
666,892a1005313ffff,Queens,QN1104,Oakland Gardens-Hollis Hills,160,1959.3,12.1,0.5425,1312.5,mixed,borough,36081,2,1.0,1947.2,1971.4
667,892a1005317ffff,Queens,QN1104,Oakland Gardens-Hollis Hills,139,1956.0,10.0,0.5358,1303.6,borough,borough,36081,1,1.0,1946.0,1966.0
668,892a100531bffff,Queens,QN1104,Oakland Gardens-Hollis Hills,11,1971.8,35.6,0.5548,1345.4,mixed,borough,36081,2,1.0,1936.2,2007.4
669,892a1005323ffff,Queens,QN0804,Jamaica Estates-Holliswood,329,2319.9,243.6,0.8276,2087.3,block_group,block_group,360810478011,4,1.0,2076.3,2563.5
670,892a1005327ffff,Queens,QN1206,Hollis,270,2382.5,347.1,0.8512,2164.2,mixed,block_group,360810484001,5,1.0,2035.4,2729.6
671,892a100532bffff,Queens,QN0804,Jamaica Estates-Holliswood,418,2284.7,259.5,0.808,2025.6,mixed,block_group,360810478011,3,1.0,2025.2,2544.2
672,892a100532fffff,Queens,QN1206,Hollis,371,2308.3,385.6,0.8201,2063.1,block_group,block_group,360810478021,3,1.0,1922.7,2693.9
673,892a1005333ffff,Queens,QN0804,Jamaica Estates-Holliswood,328,1623.0,191.0,0.2091,526.0,block_group,block_group,360810492012,1,1.0,1432.0,1814.0
674,892a1005337ffff,Queens,QN1303,Queens Village,318,2496.1,350.4,0.8845,2274.0,block_group,block_group,360810492021,2,1.0,2145.7,2846.5
675,892a100533bffff,Queens,QN0804,Jamaica Estates-Holliswood,1365,1955.3,160.6,0.5311,1301.7,block_group,block_group,360810492011,3,1.0,1794.7,2115.9
676,892a1005343ffff,Queens,QN0803,Fresh Meadows-Utopia,216,2279.0,103.0,0.8058,2017.6,block_group,block_group,360811333004,1,1.0,2176.0,2382.0
677,892a100534bffff,Queens,QN0803,Fresh Meadows-Utopia,175,2177.7,202.5,0.7384,1836.6,mixed,block_group,360811333004,3,1.0,1975.2,2380.2
678,892a100535bffff,Queens,QN0803,Fresh Meadows-Utopia,275,1538.4,1341.4,0.1634,414.4,block_group,block_group,360811333001,3,1.0,197.0,2879.8
679,892a1005363ffff,Queens,QN0804,Jamaica Estates-Holliswood,74,1956.0,10.0,0.5358,1303.6,borough,borough,36081,1,1.0,1946.0,1966.0
680,892a1005367ffff,Queens,QN0804,Jamaica Estates-Holliswood,110,1832.5,75.8,0.4117,999.1,mixed,block_group,360810478012,2,1.0,1756.7,1908.3
681,892a100536bffff,Queens,QN0804,Jamaica Estates-Holliswood,42,2067.8,156.3,0.64,1574.8,mixed,borough,36081,2,1.0,1911.5,2224.1
682,892a100536fffff,Queens,QN0804,Jamaica Estates-Holliswood,113,1954.3,10.0,0.5291,1296.7,mixed,borough,36081,2,1.0,1944.3,1964.3
683,892a1005377ffff,Queens,QN0804,Jamaica Estates-Holliswood,90,2008.0,35.2,0.5841,1426.2,mixed,borough,36081,2,1.0,1972.8,2043.2
684,892a1005383ffff,Queens,QN1104,Oakland Gardens-Hollis Hills,98,1948.1,120.5,0.5234,1280.3,mixed,borough,36081,3,1.0,1827.6,2068.6
685,892a1005387ffff,Queens,QN1104,Oakland Gardens-Hollis Hills,136,1956.0,10.0,0.5358,1303.6,borough,borough,36081,1,1.0,1946.0,1966.0
686,892a100538bffff,Queens,QN1104,Oakland Gardens-Hollis Hills,148,2111.2,338.0,0.6845,1680.8,mixed,tract,36081129103,2,1.0,1773.2,2449.2
687,892a100538fffff,Queens,QN1104,Oakland Gardens-Hollis Hills,162,1956.0,10.0,0.5358,1303.6,borough,borough,36081,1,1.0,1946.0,1966.0
688,892a1005393ffff,Queens,QN1104,Oakland Gardens-Hollis Hills,392,2061.0,243.6,0.6347,1558.6,mixed,block_group,360811291043,2,1.0,1817.4,2304.6
689,892a1005397ffff,Queens,QN1104,Oakland Gardens-Hollis Hills,138,1926.4,131.4,0.5012,1229.4,mixed,borough,36081,2,1.0,1795.0,2057.8
690,892a100539bffff,Queens,QN1104,Oakland Gardens-Hollis Hills,70,2075.8,243.2,0.6473,1591.7,mixed,block_group,360811291043,3,1.0,1832.6,2319.0
691,892a10053a3ffff,Queens,QN1303,Queens Village,266,1440.9,77.3,0.1209,311.2,mixed,block_group,360810552001,2,1.0,1363.6,1518.2
692,892a10053a7ffff,Queens,QN1303,Queens Village,340,2307.8,784.7,0.8197,2061.8,mixed,block_group,360810548002,3,1.0,1523.1,3092.5
693,892a10053abffff,Queens,QN1104,Oakland Gardens-Hollis Hills,17,1956.0,10.0,0.5358,1303.6,borough,borough,36081,1,1.0,1946.0,1966.0
694,892a10053afffff,Queens,QN1303,Queens Village,386,1622.2,113.3,0.2087,525.5,mixed,block_group,360810552001,6,1.0,1508.9,1735.5
695,892a10053b3ffff,Queens,QN1303,Queens Village,83,1516.2,96.3,0.1546,391.4,mixed,block_group,360810552001,2,1.0,1419.9,1612.5
696,892a10053b7ffff,Queens,QN1303,Queens Village,329,1748.6,60.1,0.3283,793.4,mixed,block_group,360810556001,3,1.0,1688.5,1808.7
697,892a10053bbffff,Queens,QN1104,Oakland Gardens-Hollis Hills,120,1956.0,10.0,0.5358,1303.6,borough,borough,36081,1,1.0,1946.0,1966.0
698,892a10053c7ffff,Queens,QN1104,Oakland Gardens-Hollis Hills,118,2130.0,379.0,0.7014,1728.0,tract,tract,36081129103,1,1.0,1751.0,2509.0
699,892a10053d3ffff,Queens,QN1104,Oakland Gardens-Hollis Hills,221,2375.1,712.2,0.8485,2156.8,mixed,block_group,360811367002,2,1.0,1662.9,3087.3
700,892a10053d7ffff,Queens,QN1104,Oakland Gardens-Hollis Hills,1107,2184.7,308.2,0.7454,1853.8,block_group,block_group,360811291032,2,1.0,1876.5,2492.9
701,892a1005403ffff,Queens,QN1103,Douglaston-Little Neck,140,2396.0,701.0,0.8555,2177.0,tract,tract,36081150702,1,1.0,1695.0,3097.0
702,892a1005407ffff,Queens,QN1103,Douglaston-Little Neck,114,2341.6,651.2,0.8361,2117.0,mixed,tract,36081150702,2,1.0,1690.4,2992.8
703,892a100540bffff,Queens,QN1103,Douglaston-Little Neck,141,2108.9,150.8,0.6821,1675.6,mixed,borough,36081,3,1.0,1958.1,2259.7
704,892a100540fffff,Queens,QN1103,Douglaston-Little Neck,182,2074.5,188.9,0.647,1591.0,mixed,borough,36081,2,1.0,1885.6,2263.4
705,892a1005413ffff,Queens,QN1103,Douglaston-Little Neck,184,2396.0,701.0,0.8555,2177.0,tract,tract,36081150702,1,1.0,1695.0,3097.0
706,892a1005417ffff,Queens,QN1103,Douglaston-Little Neck,107,2022.5,666.2,0.5981,1462.7,mixed,block_group,360811507023,2,1.0,1356.3,2688.7
707,892a100541bffff,Queens,QN1103,Douglaston-Little Neck,122,2613.6,470.2,0.9212,2390.7,mixed,tract,36081150702,2,1.0,2143.4,3083.8
708,892a1005423ffff,Queens,QN1103,Douglaston-Little Neck,253,2018.0,88.3,0.5927,1449.2,mixed,borough,36081,2,1.0,1929.7,2106.3
709,892a1005427ffff,Queens,QN1103,Douglaston-Little Neck,237,2018.6,89.1,0.5936,1451.8,mixed,borough,36081,2,1.0,1929.5,2107.7
710,892a100542bffff,Queens,QN1103,Douglaston-Little Neck,348,2143.8,266.4,0.7121,1758.2,mixed,tract,36081152901,2,1.0,1877.4,2410.2
711,892a100542fffff,Queens,QN1103,Douglaston-Little Neck,294,2171.0,305.0,0.734,1824.0,tract,tract,36081152901,1,1.0,1866.0,2476.0
712,892a1005433ffff,Queens,QN1103,Douglaston-Little Neck,112,2128.9,275.5,0.7008,1726.0,mixed,borough,36081,2,1.0,1853.4,2404.4
713,892a1005437ffff,Queens,QN1103,Douglaston-Little Neck,502,1956.0,10.0,0.5358,1303.6,borough,borough,36081,1,1.0,1946.0,1966.0
714,892a100543bffff,Queens,QN1103,Douglaston-Little Neck,107,2157.5,321.1,0.7229,1791.7,mixed,borough,36081,2,1.0,1836.4,2478.6
715,892a1005443ffff,Queens,QN1103,Douglaston-Little Neck,81,2244.0,127.0,0.7868,1963.4,block_group,block_group,360811479002,1,1.0,2117.0,2371.0
716,892a1005447ffff,Queens,QN1103,Douglaston-Little Neck,93,2204.0,102.5,0.7647,1894.2,mixed,block_group,360811479002,3,1.0,2101.5,2306.5
717,892a100544bffff,Queens,QN1103,Douglaston-Little Neck,65,1962.8,590.6,0.5464,1322.0,mixed,tract,36081148300,2,1.0,1372.2,2553.4
718,892a100544fffff,Queens,QN1103,Douglaston-Little Neck,526,2244.0,127.0,0.7868,1963.4,block_group,block_group,360811479002,1,1.0,2117.0,2371.0
719,892a1005453ffff,Queens,QN1103,Douglaston-Little Neck,223,2209.1,258.7,0.7689,1904.2,block_group,block_group,360811479003,3,1.0,1950.4,2467.8
720,892a1005457ffff,Queens,QN1103,Douglaston-Little Neck,304,2260.6,264.8,0.7942,1985.5,block_group,block_group,360811479003,3,1.0,1995.8,2525.4
721,892a100545bffff,Queens,QN1103,Douglaston-Little Neck,91,1760.9,1010.3,0.3435,826.6,mixed,tract,36081148300,2,1.0,750.6,2771.2
722,892a1005463ffff,Queens,QN1103,Douglaston-Little Neck,142,2403.2,334.7,0.8582,2185.8,mixed,borough,36081,2,1.0,2068.5,2737.9
723,892a1005467ffff,Queens,QN1103,Douglaston-Little Neck,134,2254.9,223.8,0.7922,1978.1,mixed,borough,36081,2,1.0,2031.1,2478.7
724,892a1005473ffff,Queens,QN1103,Douglaston-Little Neck,125,1956.0,10.0,0.5358,1303.6,borough,borough,36081,1,1.0,1946.0,1966.0
725,892a1005477ffff,Queens,QN1103,Douglaston-Little Neck,187,1956.0,10.0,0.5358,1303.6,borough,borough,36081,1,1.0,1946.0,1966.0
726,892a100547bffff,Queens,QN1103,Douglaston-Little Neck,230,2671.8,484.1,0.9379,2442.2,mixed,block_group,360811507013,3,1.0,2187.7,3155.9
727,892a10054a3ffff,Queens,QN1103,Douglaston-Little Neck,56,1902.6,230.9,0.4797,1172.6,mixed,borough,36081,2,1.0,1671.7,2133.5
728,892a10054a7ffff,Queens,QN1103,Douglaston-Little Neck,164,1956.0,10.0,0.5358,1303.6,borough,borough,36081,1,1.0,1946.0,1966.0
729,892a10054abffff,Queens,QN1103,Douglaston-Little Neck,71,2017.5,670.7,0.5921,1447.3,mixed,block_group,360811507023,2,1.0,1346.8,2688.2
730,892a10054afffff,Queens,QN1103,Douglaston-Little Neck,241,1956.0,10.0,0.5358,1303.6,borough,borough,36081,1,1.0,1946.0,1966.0
731,892a10054c7ffff,Queens,QN1103,Douglaston-Little Neck,118,2633.8,460.4,0.9271,2409.9,mixed,tract,36081150702,2,1.0,2173.4,3094.2
732,892a10054cbffff,Queens,QN1103,Douglaston-Little Neck,118,2454.6,428.5,0.8732,2237.3,block_group,block_group,360811479001,2,1.0,2026.1,2883.1
733,892a10054cfffff,Queens,QN1103,Douglaston-Little Neck,274,2763.2,471.3,0.9536,2493.7,block_group,block_group,360811479001,2,1.0,2291.9,3234.5
734,892a1005503ffff,Queens,QN1301,Glen Oaks-Floral Park-New Hyde Park,332,2022.0,395.0,0.5975,1460.8,block_group,block_group,360811551033,1,1.0,1627.0,2417.0
735,892a1005507ffff,Queens,QN1301,Glen Oaks-Floral Park-New Hyde Park,286,2099.9,332.9,0.6713,1650.2,mixed,block_group,360811551041,2,1.0,1767.0,2432.8
737,892a100550fffff,Queens,QN1302,Bellerose,138,2100.6,296.5,0.6732,1654.1,block_group,block_group,360811571011,2,1.0,1804.1,2397.1
738,892a1005513ffff,Queens,QN1301,Glen Oaks-Floral Park-New Hyde Park,440,2116.0,261.0,0.6885,1691.3,block_group,block_group,360811551034,1,1.0,1855.0,2377.0
739,892a1005517ffff,Queens,QN1301,Glen Oaks-Floral Park-New Hyde Park,556,2103.0,340.0,0.6751,1660.0,block_group,block_group,360811551041,1,1.0,1763.0,2443.0
740,892a100551bffff,Queens,QN1301,Glen Oaks-Floral Park-New Hyde Park,491,1859.6,282.7,0.443,1073.7,block_group,block_group,360811551033,3,1.0,1576.9,2142.3
741,892a1005523ffff,Queens,QN1301,Glen Oaks-Floral Park-New Hyde Park,173,2043.2,120.2,0.6174,1514.1,mixed,borough,36081,4,1.0,1923.0,2163.4
742,892a1005527ffff,Queens,QN1301,Glen Oaks-Floral Park-New Hyde Park,187,2068.9,153.0,0.6413,1578.1,mixed,borough,36081,2,1.0,1915.9,2221.9
743,892a100552bffff,Queens,QN1302,Bellerose,231,1733.9,159.9,0.314,764.0,mixed,block_group,360811571014,2,1.0,1574.0,1893.8
744,892a100552fffff,Queens,QN1302,Bellerose,204,2868.7,1171.0,0.9657,2536.5,mixed,block_group,360811571016,2,1.0,1697.7,4039.7
745,892a1005533ffff,Queens,QN1301,Glen Oaks-Floral Park-New Hyde Park,177,1956.0,10.0,0.5358,1303.6,borough,borough,36081,1,1.0,1946.0,1966.0
746,892a1005537ffff,Queens,QN1301,Glen Oaks-Floral Park-New Hyde Park,166,1956.0,10.0,0.5358,1303.6,borough,borough,36081,1,1.0,1946.0,1966.0
747,892a100553bffff,Queens,QN1302,Bellerose,157,1351.5,544.4,0.0923,243.1,mixed,block_group,360811571012,3,1.0,807.1,1895.9
748,892a1005543ffff,Queens,QN1103,Douglaston-Little Neck,17,2171.0,305.0,0.734,1824.0,tract,tract,36081152901,1,1.0,1866.0,2476.0
751,892a100554fffff,Queens,QN1103,Douglaston-Little Neck,183,2171.0,305.0,0.734,1824.0,tract,tract,36081152901,1,1.0,1866.0,2476.0
752,892a1005553ffff,Queens,QN1103,Douglaston-Little Neck,200,1999.0,61.5,0.5753,1405.2,mixed,borough,36081,2,1.0,1937.5,2060.5
753,892a1005557ffff,Queens,QN1301,Glen Oaks-Floral Park-New Hyde Park,496,1913.0,277.0,0.491,1200.7,block_group,block_group,360811551031,1,1.0,1636.0,2190.0
754,892a100555bffff,Queens,QN1103,Douglaston-Little Neck,10,2171.0,305.0,0.734,1824.0,tract,tract,36081152901,1,1.0,1866.0,2476.0
756,892a1005567ffff,Queens,QN1302,Bellerose,264,1265.1,258.8,0.0718,195.5,mixed,block_group,360811571013,3,1.0,1006.3,1523.9
758,892a100556fffff,Queens,QN1302,Bellerose,9,1692.0,599.0,0.2681,665.3,block_group,block_group,360811571022,1,1.0,1093.0,2291.0
759,892a1005573ffff,Queens,QN1302,Bellerose,128,2339.0,270.0,0.8353,2114.3,block_group,block_group,360811571011,1,1.0,2069.0,2609.0
760,892a1005577ffff,Queens,QN1302,Bellerose,353,1210.8,489.4,0.0622,172.4,block_group,block_group,360811571013,4,1.0,721.4,1700.2
761,892a100557bffff,Queens,QN1302,Bellerose,6,2171.0,305.0,0.734,1824.0,tract,tract,36081152901,1,1.0,1866.0,2476.0
763,892a1005587ffff,Queens,QN1301,Glen Oaks-Floral Park-New Hyde Park,120,2109.0,731.0,0.6826,1676.3,tract,tract,36081155104,1,1.0,1378.0,2840.0
764,892a100558bffff,Queens,QN1301,Glen Oaks-Floral Park-New Hyde Park,106,1484.0,822.0,0.1388,352.3,block_group,block_group,360811551032,1,1.0,662.0,2306.0
765,892a100558fffff,Queens,QN1301,Glen Oaks-Floral Park-New Hyde Park,252,2114.0,280.0,0.687,1687.4,mixed,block_group,360811551034,2,1.0,1834.0,2394.0
766,892a1005597ffff,Queens,QN1301,Glen Oaks-Floral Park-New Hyde Park,48,2109.0,731.0,0.6826,1676.3,tract,tract,36081155104,1,1.0,1378.0,2840.0
768,892a10055a3ffff,Queens,QN1301,Glen Oaks-Floral Park-New Hyde Park,178,2293.0,273.0,0.8116,2035.6,tract,tract,36081157901,1,1.0,2020.0,2566.0
769,892a10055a7ffff,Queens,QN1301,Glen Oaks-Floral Park-New Hyde Park,194,2293.0,273.0,0.8116,2035.6,tract,tract,36081157901,1,1.0,2020.0,2566.0
770,892a10055abffff,Queens,QN1301,Glen Oaks-Floral Park-New Hyde Park,86,1971.7,15.9,0.5545,1344.8,mixed,borough,36081,2,1.0,1955.8,1987.6
771,892a10055afffff,Queens,QN1301,Glen Oaks-Floral Park-New Hyde Park,146,2080.6,101.2,0.6498,1600.1,mixed,borough,36081,2,1.0,1979.4,2181.8
772,892a10055b3ffff,Queens,QN1301,Glen Oaks-Floral Park-New Hyde Park,157,2276.6,257.1,0.8046,2014.9,tract,tract,36081157901,2,1.0,2019.5,2533.7
773,892a10055b7ffff,Queens,QN1301,Glen Oaks-Floral Park-New Hyde Park,186,2293.0,273.0,0.8116,2035.6,tract,tract,36081157901,1,1.0,2020.0,2566.0
774,892a10055bbffff,Queens,QN1301,Glen Oaks-Floral Park-New Hyde Park,126,2141.5,476.3,0.7106,1754.2,mixed,tract,36081155104,3,1.0,1665.2,2617.8
775,892a10055c3ffff,Queens,QN1301,Glen Oaks-Floral Park-New Hyde Park,43,1791.3,286.8,0.3691,892.7,mixed,borough,36081,2,1.0,1504.5,2078.1
776,892a10055c7ffff,Queens,QN1301,Glen Oaks-Floral Park-New Hyde Park,192,1484.0,822.0,0.1388,352.3,block_group,block_group,360811551032,1,1.0,662.0,2306.0
777,892a10055cbffff,Queens,QN1103,Douglaston-Little Neck,414,1956.0,10.0,0.5358,1303.6,borough,borough,36081,1,1.0,1946.0,1966.0
778,892a10055cfffff,Queens,QN1301,Glen Oaks-Floral Park-New Hyde Park,64,1587.2,642.2,0.1896,476.8,mixed,block_group,360811551032,2,1.0,945.0,2229.4
779,892a10055d3ffff,Queens,QN1103,Douglaston-Little Neck,70,1956.0,10.0,0.5358,1303.6,borough,borough,36081,1,1.0,1946.0,1966.0
780,892a10055d7ffff,Queens,QN1301,Glen Oaks-Floral Park-New Hyde Park,1852,2339.3,947.9,0.8355,2114.9,block_group,block_group,360811551011,2,1.0,1391.4,3287.2
781,892a10055dbffff,Queens,QN1103,Douglaston-Little Neck,172,1956.0,10.0,0.5358,1303.6,borough,borough,36081,1,1.0,1946.0,1966.0
782,892a1005603ffff,Queens,QN1102,Bayside,160,2531.6,964.0,0.8957,2304.0,block_group,block_group,360811113002,3,1.0,1567.6,3495.6
783,892a1005607ffff,Queens,QN1102,Bayside,198,2572.8,389.1,0.9098,2351.7,block_group,block_group,360811471001,3,1.0,2183.7,2961.9
784,892a100560bffff,Queens,QN1102,Bayside,238,2448.2,673.9,0.8712,2229.9,block_group,block_group,360811113002,4,1.0,1774.3,3122.1
785,892a100560fffff,Queens,QN1102,Bayside,243,2571.3,759.7,0.9093,2349.7,block_group,block_group,360811471001,2,1.0,1811.6,3331.0
786,892a1005613ffff,Queens,QN1102,Bayside,81,2406.2,476.6,0.8593,2189.2,block_group,block_group,360811113001,2,1.0,1929.6,2882.8
787,892a1005617ffff,Queens,QN1102,Bayside,58,2393.0,501.0,0.8545,2175.0,block_group,block_group,360811113001,1,1.0,1892.0,2894.0
788,892a100561bffff,Queens,QN1102,Bayside,158,2555.8,289.6,0.9042,2332.6,block_group,block_group,360811113003,2,1.0,2266.2,2845.4
789,892a1005623ffff,Queens,QN1102,Bayside,79,2546.2,363.0,0.9001,2319.7,mixed,block_group,360811441001,4,1.0,2183.2,2909.2
790,892a1005627ffff,Queens,QN1102,Bayside,2,3328.0,694.0,0.9983,2645.1,tract,tract,36081138501,1,1.0,2634.0,4022.0
791,892a100562bffff,Queens,QN1102,Bayside,438,2315.7,572.9,0.8248,2077.2,block_group,block_group,360811441001,4,1.0,1742.8,2888.6
792,892a100562fffff,Queens,QN1102,Bayside,460,2564.0,230.1,0.908,2345.6,mixed,block_group,360811441003,3,1.0,2333.9,2794.1
793,892a1005633ffff,Queens,QN1102,Bayside,428,2627.0,554.5,0.9253,2403.7,mixed,block_group,360811471002,3,1.0,2072.5,3181.5
794,892a1005637ffff,Queens,QN1102,Bayside,53,3328.0,694.0,0.9983,2645.1,tract,tract,36081138501,1,1.0,2634.0,4022.0
795,892a100563bffff,Queens,QN1102,Bayside,242,2620.0,377.1,0.9235,2398.9,block_group,block_group,360811471001,2,1.0,2242.9,2997.1
796,892a1005643ffff,Queens,QN1102,Bayside,257,2724.4,176.0,0.9482,2473.8,mixed,block_group,36081109700,4,1.0,2548.4,2900.4
797,892a1005647ffff,Queens,QN1102,Bayside,309,2156.2,101.8,0.7221,1789.1,block_group,block_group,360811123002,3,1.0,2054.4,2258.0
798,892a100564bffff,Queens,QN1102,Bayside,251,2585.7,231.5,0.9121,2360.6,mixed,block_group,360811097003,4,1.0,2354.2,2817.2
799,892a100564fffff,Queens,QN1102,Bayside,178,3032.6,208.9,0.9812,2591.1,mixed,block_group,360811129001,2,1.0,2823.7,3241.5
800,892a1005653ffff,Queens,QN1102,Bayside,83,2656.9,304.7,0.9334,2429.8,mixed,tract,36081109700,2,1.0,2352.2,2961.6
801,892a1005657ffff,Queens,QN1102,Bayside,324,2479.8,154.1,0.8808,2261.8,mixed,block_group,360811123001,4,1.0,2325.7,2633.9
802,892a100565bffff,Queens,QN1102,Bayside,164,2561.4,271.4,0.9067,2340.8,mixed,tract,36081109700,2,1.0,2290.0,2832.8
803,892a1005663ffff,Queens,QN1102,Bayside,610,2187.3,104.2,0.7485,1859.7,block_group,block_group,360811467002,3,1.0,2083.1,2291.5
804,892a1005667ffff,Queens,QN1102,Bayside,259,2491.4,781.8,0.8827,2269.3,block_group,block_group,360811447001,4,1.0,1709.6,3273.2
805,892a100566bffff,Queens,QN1102,Bayside,272,2238.8,790.2,0.7828,1952.8,block_group,block_group,360811467003,2,1.0,1448.6,3029.0
806,892a100566fffff,Queens,QN1102,Bayside,245,2411.0,1036.2,0.8615,2194.6,block_group,block_group,360811447001,3,1.0,1374.8,3447.2
807,892a1005673ffff,Queens,QN1102,Bayside,360,2014.0,164.9,0.5891,1439.0,block_group,block_group,360811123002,3,1.0,1849.1,2178.9
808,892a1005677ffff,Queens,QN1102,Bayside,393,2421.9,249.6,0.8649,2206.1,block_group,block_group,360811467001,3,1.0,2172.3,2671.5
809,892a100567bffff,Queens,QN1102,Bayside,528,2299.4,290.6,0.8142,2043.7,block_group,block_group,360811129003,5,1.0,2008.8,2590.0
810,892a1005687ffff,Queens,QN1103,Douglaston-Little Neck,75,1750.0,1033.0,0.3303,797.0,tract,tract,36081148300,1,1.0,717.0,2783.0
811,892a1005693ffff,Queens,QN1103,Douglaston-Little Neck,45,1750.0,1033.0,0.3303,797.0,tract,tract,36081148300,1,1.0,717.0,2783.0
812,892a1005697ffff,Queens,QN1103,Douglaston-Little Neck,108,1750.0,1033.0,0.3303,797.0,tract,tract,36081148300,1,1.0,717.0,2783.0
814,892a10056c3ffff,Queens,QN1102,Bayside,1,1855.0,873.0,0.4381,1060.8,tract,tract,36081109300,1,1.0,982.0,2728.0
815,892a10056c7ffff,Queens,QN1102,Bayside,19,2393.0,501.0,0.8545,2175.0,block_group,block_group,360811113001,1,1.0,1892.0,2894.0
816,892a10056cbffff,Queens,QN1102,Bayside,74,1856.8,190.2,0.4402,1066.3,mixed,block_group,360811093003,3,1.0,1666.6,2047.0
817,892a10056cfffff,Queens,QN1102,Bayside,8,2535.5,338.9,0.8968,2308.1,mixed,block_group,360811113001,2,1.0,2196.6,2874.4
818,892a10056dbffff,Queens,QN1102,Bayside,44,1855.0,873.0,0.4381,1060.8,tract,tract,36081109300,1,1.0,982.0,2728.0
819,892a1005803ffff,Queens,QN1304,Cambria Heights,179,1863.9,757.9,0.4469,1082.9,mixed,tract,36081062200,4,1.0,1106.0,2621.8
820,892a1005807ffff,Queens,QN1304,Cambria Heights,198,2425.1,1305.2,0.8665,2212.2,mixed,block_group,360810622002,2,1.0,1119.9,3730.3
821,892a100580bffff,Queens,QN1304,Cambria Heights,234,1641.9,724.0,0.2216,556.2,mixed,tract,36081060600,2,1.0,917.9,2365.9
822,892a100580fffff,Queens,QN1304,Cambria Heights,196,1898.0,739.2,0.4767,1163.9,mixed,tract,36081060600,3,1.0,1158.8,2637.2
823,892a1005813ffff,Queens,QN1304,Cambria Heights,179,1818.1,800.6,0.3971,961.4,mixed,tract,36081062200,2,1.0,1017.5,2618.7
824,892a1005817ffff,Queens,QN1304,Cambria Heights,64,1714.0,1405.0,0.2885,714.4,tract,tract,36081062200,1,1.0,309.0,3119.0
825,892a100581bffff,Queens,QN1304,Cambria Heights,245,1956.0,10.0,0.5358,1303.6,borough,borough,36081,1,1.0,1946.0,1966.0
826,892a1005823ffff,Queens,QN1304,Cambria Heights,119,1952.4,74.5,0.5273,1290.4,mixed,borough,36081,2,1.0,1877.9,2026.9
827,892a1005827ffff,Queens,QN1307,Rosedale,69,1942.2,285.3,0.5176,1267.1,mixed,tract,36081061601,2,1.0,1656.9,2227.5
828,892a100582bffff,Queens,QN1305,Laurelton,183,1942.1,288.8,0.5173,1266.5,mixed,tract,36081061601,2,1.0,1653.3,2230.9
829,892a100582fffff,Queens,QN1305,Laurelton,203,1931.0,518.0,0.5046,1240.1,tract,tract,36081061601,1,1.0,1413.0,2449.0
830,892a1005833ffff,Queens,QN1304,Cambria Heights,85,2400.5,1015.2,0.8562,2179.1,mixed,block_group,360810622002,2,1.0,1385.3,3415.7
831,892a100583bffff,Queens,QN1304,Cambria Heights,197,2120.4,375.5,0.6926,1701.1,mixed,borough,36081,2,1.0,1744.9,2495.9
832,892a1005843ffff,Queens,QN1304,Cambria Heights,247,1570.8,543.6,0.1789,452.8,mixed,block_group,360810608001,4,1.0,1027.2,2114.4
833,892a1005847ffff,Queens,QN1304,Cambria Heights,221,1518.2,1000.7,0.1561,395.1,mixed,block_group,360810608001,2,1.0,517.5,2518.9
834,892a100584bffff,Queens,QN1205,St. Albans,245,1818.4,800.3,0.3974,962.6,mixed,tract,36081038400,3,1.0,1018.1,2618.7
835,892a100584fffff,Queens,QN1304,Cambria Heights,258,1691.4,598.5,0.267,663.5,mixed,block_group,360810608001,3,1.0,1092.9,2289.9
836,892a1005853ffff,Queens,QN1304,Cambria Heights,197,1661.9,304.0,0.2385,596.2,mixed,block_group,360810598002,3,1.0,1357.9,1965.9
837,892a1005857ffff,Queens,QN1304,Cambria Heights,241,1933.7,32.7,0.5066,1244.5,mixed,borough,36081,4,1.0,1901.0,1966.4
838,892a100585bffff,Queens,QN1304,Cambria Heights,252,2319.9,859.0,0.8276,2087.3,block_group,block_group,360810534011,2,1.0,1460.9,3178.9
839,892a1005863ffff,Queens,QN1304,Cambria Heights,133,1956.0,10.0,0.5358,1303.6,borough,borough,36081,1,1.0,1946.0,1966.0
840,892a1005873ffff,Queens,QN1304,Cambria Heights,200,1788.7,380.6,0.3663,885.5,mixed,borough,36081,3,1.0,1408.1,2169.3
841,892a1005877ffff,Queens,QN1304,Cambria Heights,194,1956.0,10.0,0.5358,1303.6,borough,borough,36081,1,1.0,1946.0,1966.0
842,892a100587bffff,Queens,QN1304,Cambria Heights,153,1956.0,10.0,0.5358,1303.6,borough,borough,36081,1,1.0,1946.0,1966.0
843,892a100588bffff,Queens,QN1304,Cambria Heights,69,1945.5,61.8,0.5215,1275.3,mixed,borough,36081,2,1.0,1883.7,2007.3
844,892a10058c3ffff,Queens,QN1304,Cambria Heights,225,1714.5,387.5,0.2894,716.7,mixed,borough,36081,2,1.0,1327.0,2102.0
845,892a10058c7ffff,Queens,QN1304,Cambria Heights,270,1956.0,10.0,0.5358,1303.6,borough,borough,36081,1,1.0,1946.0,1966.0
846,892a10058cbffff,Queens,QN1304,Cambria Heights,228,1479.1,637.4,0.1367,346.5,mixed,block_group,360810590001,4,1.0,841.7,2116.5
847,892a10058cfffff,Queens,QN1304,Cambria Heights,208,1939.7,27.9,0.5144,1258.9,mixed,borough,36081,2,1.0,1911.8,1967.6
848,892a10058d3ffff,Queens,QN1303,Queens Village,240,2023.1,274.4,0.5988,1464.6,mixed,tract,36081058000,2,1.0,1748.7,2297.5
849,892a10058d7ffff,Queens,QN1304,Cambria Heights,195,1956.0,10.0,0.5358,1303.6,borough,borough,36081,1,1.0,1946.0,1966.0
850,892a10058dbffff,Queens,QN1303,Queens Village,240,1579.6,964.1,0.1844,465.3,mixed,block_group,360810582003,5,1.0,615.5,2543.7
851,892a1005943ffff,Queens,QN1307,Rosedale,103,1956.0,10.0,0.5358,1303.6,borough,borough,36081,1,1.0,1946.0,1966.0
852,892a100594bffff,Queens,QN1307,Rosedale,98,1950.9,106.0,0.5259,1286.6,mixed,borough,36081,2,1.0,1844.9,2056.9
853,892a100594fffff,Queens,QN1307,Rosedale,96,1893.8,103.0,0.4719,1150.9,mixed,borough,36081,2,1.0,1790.8,1996.8
854,892a100595bffff,Queens,QN1307,Rosedale,82,1943.5,259.0,0.5183,1269.0,mixed,tract,36081,2,1.0,1684.5,2202.5
855,892a100596bffff,Queens,QN1307,Rosedale,107,1583.0,616.0,0.1864,470.3,tract,tract,36081063800,1,1.0,967.0,2199.0
856,892a1005a03ffff,Queens,QN1205,St. Albans,279,1486.9,338.2,0.1411,357.5,block_group,block_group,360810528001,4,1.0,1148.7,1825.1
857,892a1005a07ffff,Queens,QN1205,St. Albans,302,1846.1,399.2,0.4295,1037.5,mixed,block_group,360810394002,4,1.0,1446.9,2245.3
858,892a1005a0bffff,Queens,QN1205,St. Albans,158,1659.9,199.4,0.2373,593.4,mixed,block_group,360810398001,4,1.0,1460.5,1859.3
859,892a1005a0fffff,Queens,QN1205,St. Albans,296,1684.0,537.0,0.2605,648.0,block_group,block_group,360810366001,4,1.0,1147.0,2221.0
860,892a1005a13ffff,Queens,QN1205,St. Albans,279,1273.4,499.0,0.0744,199.3,block_group,block_group,360810528001,2,1.0,774.4,1772.4
861,892a1005a17ffff,Queens,QN1205,St. Albans,317,1578.8,274.1,0.184,464.3,mixed,block_group,360810394001,3,1.0,1304.7,1852.9
862,892a1005a1bffff,Queens,QN1205,St. Albans,241,1561.0,162.9,0.1737,440.8,mixed,block_group,360810398001,5,1.0,1398.1,1723.9
863,892a1005a23ffff,Queens,QN1205,St. Albans,195,2087.4,1104.3,0.6598,1617.0,block_group,block_group,360810376005,3,1.0,983.1,3191.7
864,892a1005a27ffff,Queens,QN1205,St. Albans,244,2846.7,400.8,0.9645,2531.6,block_group,block_group,360810352001,2,1.0,2445.9,3247.5
865,892a1005a2bffff,Queens,QN1205,St. Albans,396,2082.7,451.3,0.6512,1604.0,block_group,block_group,360810366002,3,1.0,1631.4,2534.0
866,892a1005a2fffff,Queens,QN1205,St. Albans,154,2362.0,508.2,0.8435,2139.9,block_group,block_group,360810366002,4,1.0,1853.8,2870.2
867,892a1005a33ffff,Queens,QN1205,St. Albans,268,1712.5,733.2,0.2872,710.3,mixed,block_group,360810394003,4,1.0,979.3,2445.7
868,892a1005a37ffff,Queens,QN1205,St. Albans,235,2319.1,541.5,0.827,2085.3,block_group,block_group,360810376005,4,1.0,1777.6,2860.6
869,892a1005a3bffff,Queens,QN1205,St. Albans,352,1628.8,482.9,0.2132,536.0,block_group,block_group,360810366001,3,1.0,1145.9,2111.7
870,892a1005a43ffff,Queens,QN1205,St. Albans,147,2259.9,462.3,0.794,1984.8,mixed,tract,36081042400,2,1.0,1797.6,2722.2
871,892a1005a47ffff,Queens,QN1205,St. Albans,59,2123.3,278.2,0.6952,1709.6,mixed,block_group,36081042400,4,1.0,1845.1,2401.5
872,892a1005a4bffff,Queens,QN1205,St. Albans,205,2110.6,404.8,0.684,1679.5,mixed,tract,36081042400,2,1.0,1705.8,2515.4
873,892a1005a4fffff,Queens,QN1205,St. Albans,139,1988.4,465.8,0.5683,1384.1,mixed,block_group,360810432001,2,1.0,1522.6,2454.2
874,892a1005a53ffff,Queens,QN1205,St. Albans,184,1742.0,166.4,0.3204,778.1,mixed,block_group,360810402002,4,1.0,1575.6,1908.4
875,892a1005a57ffff,Queens,QN1205,St. Albans,172,1837.8,149.5,0.4213,1015.5,mixed,tract,36081039800,2,1.0,1688.3,1987.3
876,892a1005a5bffff,Queens,QN1205,St. Albans,233,2178.9,332.9,0.7413,1840.6,mixed,tract,36081042400,3,1.0,1846.0,2511.8
877,892a1005a63ffff,Queens,QN1205,St. Albans,37,2804.0,1731.0,0.9587,2511.6,block_group,block_group,360810368001,1,1.0,1073.0,4535.0
878,892a1005a67ffff,Queens,QN1205,St. Albans,414,1978.6,339.5,0.5612,1363.8,block_group,block_group,360810368002,2,1.0,1639.1,2318.1
879,892a1005a6bffff,Queens,QN1205,St. Albans,108,2324.0,329.0,0.8297,2093.4,block_group,block_group,360810282001,1,1.0,1995.0,2653.0
880,892a1005a6fffff,Queens,QN1203,Baisley Park,177,2302.7,317.9,0.8165,2051.7,block_group,block_group,360810282001,2,1.0,1984.8,2620.6
882,892a1005a77ffff,Queens,QN1205,St. Albans,274,2633.0,1501.2,0.9269,2409.2,block_group,block_group,360810368001,2,1.0,1131.8,4134.2
884,892a1005a83ffff,Queens,QN1205,St. Albans,305,1675.5,463.0,0.252,628.6,block_group,block_group,360810530002,4,1.0,1212.5,2138.5
885,892a1005a87ffff,Queens,QN1205,St. Albans,317,2043.3,602.4,0.6176,1514.8,mixed,block_group,360810530001,6,1.0,1440.9,2645.7
886,892a1005a8bffff,Queens,QN1205,St. Albans,371,1745.1,378.1,0.3233,784.6,block_group,block_group,360810522001,5,1.0,1367.0,2123.2
887,892a1005a8fffff,Queens,QN1205,St. Albans,271,1665.7,213.9,0.2436,609.2,block_group,block_group,360810530002,3,1.0,1451.8,1879.6
888,892a1005a93ffff,Queens,QN1205,St. Albans,403,1318.5,563.9,0.0855,226.4,block_group,block_group,360810518002,3,1.0,754.6,1882.4
889,892a1005a97ffff,Queens,QN1205,St. Albans,278,1788.8,1025.2,0.3666,886.1,block_group,block_group,360810532002,4,1.0,763.6,2814.0
890,892a1005a9bffff,Queens,QN1205,St. Albans,285,1404.8,689.8,0.1088,284.2,block_group,block_group,360810520001,3,1.0,715.0,2094.6
891,892a1005aa3ffff,Queens,QN1205,St. Albans,345,1744.3,222.9,0.3226,782.2,mixed,block_group,360810376004,3,1.0,1521.4,1967.2
892,892a1005aabffff,Queens,QN1205,St. Albans,329,1976.9,306.5,0.5596,1358.7,mixed,tract,36081037600,5,1.0,1670.4,2283.4
893,892a1005aafffff,Queens,QN1205,St. Albans,263,1850.9,904.3,0.434,1050.4,block_group,block_group,360810376003,2,1.0,946.6,2755.2
894,892a1005ab3ffff,Queens,QN1205,St. Albans,328,1950.7,541.9,0.5257,1286.0,mixed,block_group,360810384002,2,1.0,1408.8,2492.6
895,892a1005ab7ffff,Queens,QN1304,Cambria Heights,184,1973.2,231.1,0.5569,1350.5,mixed,borough,36081,4,1.0,1742.1,2204.3
896,892a1005abbffff,Queens,QN1205,St. Albans,356,2418.3,431.3,0.8639,2202.7,mixed,block_group,360810376001,4,1.0,1987.0,2849.6
897,892a1005ac3ffff,Queens,QN1205,St. Albans,261,1697.7,470.1,0.2737,678.5,block_group,block_group,360810524002,3,1.0,1227.6,2167.8
898,892a1005ac7ffff,Queens,QN1205,St. Albans,342,1586.8,476.6,0.1894,476.3,block_group,block_group,360810526001,5,1.0,1110.2,2063.4
899,892a1005acbffff,Queens,QN1205,St. Albans,235,1640.4,243.5,0.2205,553.4,block_group,block_group,360810402001,4,1.0,1396.9,1883.9
900,892a1005acfffff,Queens,QN1205,St. Albans,224,1575.7,209.2,0.1819,459.3,mixed,block_group,360810400002,3,1.0,1366.5,1784.9
901,892a1005ad3ffff,Queens,QN1205,St. Albans,229,2362.8,629.8,0.8439,2141.2,mixed,block_group,360810524001,4,1.0,1733.0,2992.6
902,892a1005ad7ffff,Queens,QN1205,St. Albans,275,1582.3,607.8,0.1855,468.6,block_group,block_group,360810524002,4,1.0,974.5,2190.1
903,892a1005adbffff,Queens,QN1205,St. Albans,216,2005.7,281.1,0.5818,1421.1,mixed,block_group,36081050400,5,1.0,1724.6,2286.8
904,892a1005b03ffff,Queens,QN1305,Laurelton,218,1956.3,347.2,0.5403,1305.5,block_group,block_group,360810646001,3,1.0,1609.1,2303.5
905,892a1005b07ffff,Queens,QN1305,Laurelton,153,1798.5,683.6,0.3772,910.1,block_group,block_group,360810646002,3,1.0,1114.9,2482.1
906,892a1005b0bffff,Queens,QN1305,Laurelton,273,1737.0,142.5,0.3173,771.1,mixed,block_group,360810358003,4,1.0,1594.5,1879.5
907,892a1005b0fffff,Queens,QN1305,Laurelton,154,1785.6,802.7,0.3636,879.6,mixed,block_group,360810650001,4,1.0,982.9,2588.3
908,892a1005b13ffff,Queens,QN1305,Laurelton,169,1462.8,474.2,0.1315,334.0,block_group,block_group,360810632002,2,1.0,988.6,1937.0
909,892a1005b17ffff,Queens,QN1305,Laurelton,281,1654.4,267.6,0.231,579.2,block_group,block_group,360810646001,2,1.0,1386.8,1922.0
910,892a1005b1bffff,Queens,QN1305,Laurelton,307,1939.0,108.1,0.5136,1257.0,block_group,block_group,360810358001,5,1.0,1830.9,2047.1
911,892a1005b23ffff,Queens,QN1306,Springfield Gardens (South)-Brookville,146,1470.4,72.0,0.1336,339.2,mixed,block_group,360810650002,3,1.0,1398.4,1542.4
912,892a1005b27ffff,Queens,QN1306,Springfield Gardens (South)-Brookville,131,2159.2,242.9,0.7247,1797.0,block_group,block_group,360810654013,2,1.0,1916.3,2402.1
913,892a1005b2bffff,Queens,QN1306,Springfield Gardens (South)-Brookville,97,1900.0,559.9,0.4775,1166.4,mixed,block_group,360810682001,2,1.0,1340.1,2459.9
914,892a1005b2fffff,Queens,QN1306,Springfield Gardens (South)-Brookville,212,2267.6,413.8,0.7984,1999.5,mixed,tract,36081068000,3,1.0,1853.8,2681.4
915,892a1005b33ffff,Queens,QN1305,Laurelton,281,1756.8,815.2,0.3382,813.5,block_group,block_group,360810650001,3,1.0,941.6,2572.0
916,892a1005b37ffff,Queens,QN1307,Rosedale,65,1577.1,427.9,0.1828,461.5,mixed,tract,36081063800,3,1.0,1149.2,2005.0
917,892a1005b3bffff,Queens,QN1305,Laurelton,219,1501.9,233.6,0.1476,373.9,block_group,block_group,360810650002,3,1.0,1268.3,1735.5
918,892a1005b43ffff,Queens,QN1205,St. Albans,89,1948.4,130.3,0.5237,1281.6,block_group,block_group,360810358002,3,1.0,1818.1,2078.7
919,892a1005b47ffff,Queens,QN1305,Laurelton,231,2036.2,479.3,0.6105,1498.0,mixed,block_group,360810358003,3,1.0,1556.9,2515.5
920,892a1005b4bffff,Queens,QN1205,St. Albans,246,1903.0,224.0,0.4806,1174.5,block_group,block_group,360810352002,1,1.0,1679.0,2127.0
921,892a1005b4fffff,Queens,QN1305,Laurelton,221,2269.6,236.1,0.8006,2004.2,block_group,block_group,360810328002,2,1.0,2033.5,2505.7
922,892a1005b53ffff,Queens,QN1205,St. Albans,76,2096.4,105.3,0.6682,1641.7,block_group,block_group,360810358002,3,1.0,1991.1,2201.7
923,892a1005b57ffff,Queens,QN1305,Laurelton,300,1784.4,134.4,0.3619,875.4,block_group,block_group,360810358002,3,1.0,1650.0,1918.8
924,892a1005b5bffff,Queens,QN1205,St. Albans,49,2341.5,153.7,0.8358,2116.3,block_group,block_group,360810352002,2,1.0,2187.8,2495.2
925,892a1005b63ffff,Queens,QN1305,Laurelton,239,2116.2,445.6,0.689,1692.6,block_group,block_group,360810328001,3,1.0,1670.6,2561.8
926,892a1005b67ffff,Queens,QN1306,Springfield Gardens (South)-Brookville,105,2085.4,297.7,0.6581,1613.7,mixed,block_group,360810682002,2,1.0,1787.7,2383.1
927,892a1005b6bffff,Queens,QN1204,Springfield Gardens (North)-Rochdale Village,122,2220.2,289.1,0.7761,1928.1,mixed,tract,36081033000,3,1.0,1931.1,2509.3
928,892a1005b6fffff,Queens,QN1306,Springfield Gardens (South)-Brookville,121,2430.9,377.4,0.8681,2218.3,block_group,block_group,360810328001,3,1.0,2053.5,2808.3
929,892a1005b73ffff,Queens,QN1305,Laurelton,228,2138.7,527.3,0.7086,1748.3,mixed,block_group,36081035800,5,1.0,1611.4,2666.0
930,892a1005b77ffff,Queens,QN1305,Laurelton,172,1583.4,416.8,0.1869,470.8,block_group,block_group,360810682001,4,1.0,1166.6,2000.2
931,892a1005b7bffff,Queens,QN1305,Laurelton,292,2370.0,501.6,0.8467,2150.0,block_group,block_group,360810330001,4,1.0,1868.4,2871.6
932,892a1005b83ffff,Queens,QN1305,Laurelton,202,1793.0,50.1,0.3711,896.3,mixed,borough,36081,3,1.0,1742.9,1843.1
933,892a1005b87ffff,Queens,QN1305,Laurelton,427,1434.5,111.5,0.1184,305.1,mixed,block_group,360810618001,4,1.0,1323.0,1546.0
934,892a1005b8bffff,Queens,QN1305,Laurelton,301,1511.5,380.8,0.1523,386.1,mixed,tract,36081063200,4,1.0,1130.7,1892.3
935,892a1005b8fffff,Queens,QN1305,Laurelton,208,1348.6,163.8,0.0913,241.1,mixed,tract,36081061800,3,1.0,1184.8,1512.4
936,892a1005b93ffff,Queens,QN1305,Laurelton,129,1939.7,337.3,0.5144,1258.9,mixed,tract,36081061601,2,1.0,1602.4,2277.0
937,892a1005b97ffff,Queens,QN1305,Laurelton,184,1935.6,422.3,0.5086,1249.5,mixed,tract,36081061601,2,1.0,1513.3,2357.9
938,892a1005b9bffff,Queens,QN1305,Laurelton,241,1942.0,27.5,0.517,1265.8,mixed,borough,36081,2,1.0,1914.5,1969.5
939,892a1005ba3ffff,Queens,QN1307,Rosedale,117,1672.1,424.5,0.2491,621.2,mixed,tract,36081063800,3,1.0,1247.6,2096.6
940,892a1005ba7ffff,Queens,QN1307,Rosedale,201,1583.0,616.0,0.1864,470.3,tract,tract,36081063800,1,1.0,967.0,2199.0
941,892a1005babffff,Queens,QN1305,Laurelton,324,1943.8,384.3,0.5193,1270.9,block_group,block_group,360810646001,2,1.0,1559.5,2328.1
942,892a1005bafffff,Queens,QN1307,Rosedale,117,1630.3,499.0,0.2147,538.8,mixed,tract,36081063800,3,1.0,1131.3,2129.3
943,892a1005bb3ffff,Queens,QN1307,Rosedale,85,1548.2,144.8,0.1678,425.2,mixed,tract,36081061800,3,1.0,1403.4,1693.0
944,892a1005bb7ffff,Queens,QN1307,Rosedale,208,1583.0,616.0,0.1864,470.3,tract,tract,36081063800,1,1.0,967.0,2199.0
945,892a1005bbbffff,Queens,QN1305,Laurelton,174,1243.7,370.3,0.0684,186.9,mixed,block_group,360810632002,3,1.0,873.4,1614.0
946,892a1005bc3ffff,Queens,QN1305,Laurelton,225,2186.1,168.8,0.7481,1858.4,mixed,tract,36081062600,2,1.0,2017.3,2354.9
947,892a1005bc7ffff,Queens,QN1305,Laurelton,252,2081.2,408.4,0.6505,1602.0,mixed,tract,36081062600,2,1.0,1672.8,2489.6
948,892a1005bcbffff,Queens,QN1205,St. Albans,153,2671.2,221.8,0.9378,2441.5,mixed,block_group,360810352001,3,1.0,2449.4,2893.0
949,892a1005bcfffff,Queens,QN1305,Laurelton,207,2163.4,212.5,0.7274,1806.2,mixed,block_group,360810358001,3,1.0,1950.9,2375.9
950,892a1005bd7ffff,Queens,QN1305,Laurelton,264,1955.0,172.4,0.5302,1299.9,mixed,tract,36081063000,3,1.0,1782.6,2127.4
951,892a1005bdbffff,Queens,QN1305,Laurelton,185,2010.8,144.3,0.5867,1432.0,mixed,tract,36081062600,3,1.0,1866.5,2155.1
952,892a1005c4bffff,Queens,QN1303,Queens Village,234,1684.0,77.9,0.2605,648.0,mixed,tract,36081056800,2,1.0,1606.1,1761.9
953,892a1005c4fffff,Queens,QN1303,Queens Village,101,1745.8,99.3,0.3237,785.8,tract,tract,36081056800,2,1.0,1646.5,1845.1
954,892a1005c5bffff,Queens,QN1303,Queens Village,60,1692.5,68.5,0.2689,666.4,mixed,block_group,360810568001,2,1.0,1624.0,1761.0
955,892a1005c6bffff,Queens,QN1303,Queens Village,211,2056.0,409.0,0.6294,1545.7,tract,tract,36081058000,1,1.0,1647.0,2465.0
956,892a1005c6fffff,Queens,QN1303,Queens Village,82,2032.8,314.2,0.6065,1486.4,mixed,tract,36081058000,2,1.0,1718.6,2347.0
957,892a1005c7bffff,Queens,QN1303,Queens Village,81,2056.0,409.0,0.6294,1545.7,tract,tract,36081058000,1,1.0,1647.0,2465.0
958,892a1005e03ffff,Queens,QN1303,Queens Village,228,1895.2,197.6,0.4735,1155.2,mixed,tract,36081054000,2,1.0,1697.6,2092.8
959,892a1005e07ffff,Queens,QN1303,Queens Village,224,1993.1,201.4,0.5714,1393.7,mixed,borough,36081,3,1.0,1791.7,2194.5
960,892a1005e0bffff,Queens,QN1303,Queens Village,224,1829.8,73.8,0.409,991.8,mixed,borough,36081,2,1.0,1756.0,1903.6
961,892a1005e0fffff,Queens,QN1303,Queens Village,242,1956.0,10.0,0.5358,1303.6,borough,borough,36081,1,1.0,1946.0,1966.0
962,892a1005e13ffff,Queens,QN1303,Queens Village,218,1872.0,273.0,0.4537,1103.2,tract,tract,36081054000,1,1.0,1599.0,2145.0
963,892a1005e17ffff,Queens,QN1303,Queens Village,300,1871.7,216.1,0.4534,1102.0,mixed,tract,36081054000,4,1.0,1655.6,2087.8
964,892a1005e1bffff,Queens,QN1303,Queens Village,191,1912.8,167.9,0.4907,1200.1,mixed,tract,36081054000,3,1.0,1744.9,2080.7
965,892a1005e23ffff,Queens,QN1303,Queens Village,288,1781.9,117.5,0.3583,867.0,mixed,block_group,360810516002,5,1.0,1664.4,1899.4
966,892a1005e27ffff,Queens,QN1304,Cambria Heights,347,1662.6,306.3,0.2395,598.5,block_group,block_group,360810534012,4,1.0,1356.3,1968.9
967,892a1005e2bffff,Queens,QN1303,Queens Village,351,1759.7,312.6,0.3406,820.6,mixed,block_group,360810516001,4,1.0,1447.1,2072.3
968,892a1005e2fffff,Queens,QN1303,Queens Village,259,1841.7,308.9,0.4245,1024.7,block_group,block_group,360810516002,4,1.0,1532.8,2150.6
969,892a1005e33ffff,Queens,QN1303,Queens Village,295,2029.1,167.6,0.6039,1478.7,mixed,block_group,360810538002,4,1.0,1861.5,2196.7
970,892a1005e37ffff,Queens,QN1303,Queens Village,302,1590.6,563.4,0.1914,481.2,block_group,block_group,360810582003,4,1.0,1027.2,2154.0
971,892a1005e3bffff,Queens,QN1303,Queens Village,278,1922.6,30.8,0.4982,1220.7,mixed,borough,36081,2,1.0,1891.8,1953.4
972,892a1005e43ffff,Queens,QN1206,Hollis,364,1216.5,26.5,0.0631,174.7,block_group,block_group,360810484004,3,1.0,1190.0,1243.0
973,892a1005e47ffff,Queens,QN1206,Hollis,287,1264.3,374.8,0.0716,195.0,mixed,tract,36081051000,3,1.0,889.5,1639.1
974,892a1005e4bffff,Queens,QN1206,Hollis,362,1814.7,506.9,0.3947,954.1,block_group,block_group,360810484002,2,1.0,1307.8,2321.6
975,892a1005e4fffff,Queens,QN1206,Hollis,249,1717.5,300.4,0.2933,725.5,block_group,block_group,360810502021,2,1.0,1417.1,2017.9
976,892a1005e53ffff,Queens,QN1303,Queens Village,339,1962.5,168.9,0.5459,1320.7,mixed,tract,36081049600,3,1.0,1793.6,2131.4
977,892a1005e57ffff,Queens,QN1303,Queens Village,191,1776.9,128.8,0.353,853.3,mixed,block_group,360810496003,5,1.0,1648.1,1905.7
978,892a1005e5bffff,Queens,QN1206,Hollis,410,2308.2,305.9,0.82,2062.5,block_group,block_group,360810484003,4,1.0,2002.3,2614.1
979,892a1005e63ffff,Queens,QN1206,Hollis,372,1367.4,201.5,0.0978,256.5,mixed,block_group,360810508002,5,1.0,1165.9,1568.9
980,892a1005e67ffff,Queens,QN1205,St. Albans,316,1438.8,541.1,0.1202,309.2,mixed,tract,36081051800,4,1.0,897.7,1979.9
981,892a1005e6bffff,Queens,QN1206,Hollis,216,1974.8,487.7,0.5582,1354.3,mixed,block_group,360810506002,3,1.0,1487.1,2462.5
982,892a1005e6fffff,Queens,QN1205,St. Albans,189,1720.2,446.8,0.2953,730.7,block_group,block_group,360810522001,4,1.0,1273.4,2167.0
983,892a1005e73ffff,Queens,QN1206,Hollis,265,1376.1,272.2,0.1001,263.0,mixed,tract,36081051000,3,1.0,1103.9,1648.3
984,892a1005e77ffff,Queens,QN1206,Hollis,284,1678.8,241.9,0.2544,636.0,mixed,borough,36081,5,1.0,1436.9,1920.7
985,892a1005e7bffff,Queens,QN1206,Hollis,311,1653.0,202.4,0.2297,576.4,mixed,block_group,360810508001,3,1.0,1450.6,1855.4
986,892a1005e83ffff,Queens,QN1303,Queens Village,225,2164.5,529.6,0.7285,1809.5,mixed,block_group,360810568004,3,1.0,1634.9,2694.1
987,892a1005e87ffff,Queens,QN1303,Queens Village,266,2051.1,340.4,0.6255,1532.8,mixed,block_group,360810568004,4,1.0,1710.7,2391.5
988,892a1005e8bffff,Queens,QN1303,Queens Village,154,2227.0,162.0,0.7779,1934.8,block_group,block_group,360810542003,1,1.0,2065.0,2389.0
989,892a1005e8fffff,Queens,QN1303,Queens Village,290,2001.2,242.5,0.577,1409.6,mixed,block_group,360810540003,3,1.0,1758.7,2243.7
990,892a1005e93ffff,Queens,QN1303,Queens Village,241,1592.3,443.9,0.192,482.9,mixed,block_group,360810566001,4,1.0,1148.4,2036.2
991,892a1005e97ffff,Queens,QN1303,Queens Village,225,1711.2,72.7,0.2865,708.6,block_group,block_group,360810568001,2,1.0,1638.5,1783.9
992,892a1005e9bffff,Queens,QN1303,Queens Village,233,1853.8,398.8,0.4362,1057.1,mixed,tract,36081056600,3,1.0,1455.0,2252.6
993,892a1005ea3ffff,Queens,QN1303,Queens Village,319,1158.4,476.8,0.0521,149.8,mixed,block_group,360810582002,3,1.0,681.6,1635.2
994,892a1005ea7ffff,Queens,QN1303,Queens Village,190,1532.8,335.1,0.1606,407.4,mixed,block_group,36081058000,3,1.0,1197.7,1867.9
995,892a1005eabffff,Queens,QN1303,Queens Village,234,1765.8,152.4,0.3467,835.5,mixed,block_group,360810582001,3,1.0,1613.4,1918.2
996,892a1005eafffff,Queens,QN1303,Queens Village,154,1153.6,437.8,0.0511,147.6,block_group,block_group,360810582002,4,1.0,715.8,1591.4
997,892a1005eb3ffff,Queens,QN1303,Queens Village,296,1798.6,168.4,0.3775,910.7,mixed,tract,36081056800,4,1.0,1630.2,1967.0
998,892a1005eb7ffff,Queens,QN1303,Queens Village,241,1922.8,365.0,0.4986,1221.9,mixed,tract,36081058000,2,1.0,1557.8,2287.8
999,892a1005ebbffff,Queens,QN1303,Queens Village,187,1652.0,188.5,0.2291,574.7,block_group,block_group,360810540003,3,1.0,1463.5,1840.5
1000,892a1005ec3ffff,Queens,QN1303,Queens Village,242,2150.5,334.7,0.718,1775.9,tract,tract,36081054200,2,1.0,1815.8,2485.2
1001,892a1005ec7ffff,Queens,QN1303,Queens Village,248,2178.5,197.8,0.7409,1839.2,mixed,tract,36081054200,3,1.0,1980.7,2376.3
1002,892a1005ecbffff,Queens,QN1303,Queens Village,325,2212.4,206.8,0.7705,1909.5,mixed,tract,36081049600,3,1.0,2005.6,2419.2
1003,892a1005ecfffff,Queens,QN1303,Queens Village,339,2101.8,171.9,0.6736,1655.4,mixed,tract,36081049600,3,1.0,1929.9,2273.7
1004,892a1005ed3ffff,Queens,QN1303,Queens Village,291,2169.6,329.4,0.7324,1821.4,mixed,tract,36081054200,4,1.0,1840.2,2499.0
1005,892a1005ed7ffff,Queens,QN1303,Queens Village,298,2174.1,248.5,0.7362,1829.3,mixed,tract,36081054200,2,1.0,1925.6,2422.6
1006,892a1005edbffff,Queens,QN1303,Queens Village,238,2026.1,203.4,0.6008,1471.7,mixed,block_group,360810548001,4,1.0,1822.7,2229.5
1007,892a100736fffff,Queens,QN1301,Glen Oaks-Floral Park-New Hyde Park,11,1956.0,10.0,0.5358,1303.6,borough,borough,36081,1,1.0,1946.0,1966.0
1008,892a1008803ffff,Manhattan,MN0703,Upper West Side-Manhattan Valley,812,2438.8,274.5,0.8694,2223.1,mixed,block_group,360610187002,3,1.0,2164.3,2713.3
1009,892a1008807ffff,Manhattan,MN0702,Upper West Side (Central),3555,2875.7,301.2,0.9666,2539.9,mixed,block_group,36061018300,8,1.0,2574.5,3176.9
1010,892a100880fffff,Manhattan,MN0702,Upper West Side (Central),1133,2586.7,568.0,0.9125,2362.0,mixed,tract,36061018300,4,1.0,2018.7,3154.7
1011,892a1008813ffff,Manhattan,MN0703,Upper West Side-Manhattan Valley,1067,2331.4,214.9,0.8324,2103.5,mixed,tract,36061019100,3,1.0,2116.5,2546.3
1012,892a1008817ffff,Manhattan,MN0703,Upper West Side-Manhattan Valley,3651,2131.1,251.1,0.7034,1732.5,mixed,block_group,360610187004,9,1.0,1880.0,2382.2
1013,892a1008823ffff,Manhattan,MN0702,Upper West Side (Central),4057,2604.1,574.7,0.9183,2381.1,mixed,tract,36061017700,6,1.0,2029.4,3178.8
1014,892a1008827ffff,Manhattan,MN0702,Upper West Side (Central),2914,2882.8,630.7,0.9681,2544.1,mixed,tract,36061017300,2,1.0,2252.1,3513.5
1015,892a100882bffff,Manhattan,MN0702,Upper West Side (Central),3500,2594.1,311.0,0.915,2370.9,mixed,tract,36061017500,7,1.0,2283.1,2905.1
1016,892a100882fffff,Manhattan,MN0702,Upper West Side (Central),3457,2744.4,497.3,0.9517,2486.2,mixed,block_group,36061017300,6,1.0,2247.1,3241.7
1017,892a1008833ffff,Manhattan,MN0702,Upper West Side (Central),3548,2328.2,384.2,0.8311,2098.8,mixed,block_group,36061018100,7,1.0,1944.0,2712.4
1018,892a1008837ffff,Manhattan,MN0702,Upper West Side (Central),2960,1912.6,507.7,0.4905,1199.4,mixed,block_group,36061017700,5,1.0,1404.9,2420.3
1019,892a100883bffff,Manhattan,MN0702,Upper West Side (Central),3126,2358.2,182.6,0.8421,2135.8,mixed,block_group,36061017900,7,1.0,2175.6,2540.8
1020,892a1008867ffff,Manhattan,MN0702,Upper West Side (Central),1337,2216.7,512.6,0.7734,1918.8,block_group,block_group,360610171006,5,1.0,1704.1,2729.3
1021,892a1008877ffff,Manhattan,MN0702,Upper West Side (Central),862,2258.9,336.5,0.7934,1982.8,block_group,block_group,360610175001,3,1.0,1922.4,2595.4
1022,892a1008883ffff,Manhattan,MN0703,Upper West Side-Manhattan Valley,3203,2046.2,311.4,0.6194,1519.9,mixed,block_group,360610195003,7,1.0,1734.8,2357.6
1023,892a1008887ffff,Manhattan,MN0703,Upper West Side-Manhattan Valley,2125,1360.2,234.2,0.0949,249.5,mixed,block_group,360610193006,7,1.0,1126.0,1594.4
1024,892a100888bffff,Manhattan,MN0703,Upper West Side-Manhattan Valley,516,2881.6,1236.4,0.9677,2542.7,block_group,block_group,360610195002,3,1.0,1645.2,4118.0
1025,892a100888fffff,Manhattan,MN0703,Upper West Side-Manhattan Valley,3231,2402.4,399.9,0.8578,2184.5,mixed,block_group,360610191001,8,1.0,2002.5,2802.3
1026,892a1008893ffff,Manhattan,MN0901,Morningside Heights,2362,2168.9,544.8,0.7319,1820.1,mixed,block_group,360610199003,5,1.0,1624.1,2713.7
1027,892a1008897ffff,Manhattan,MN0901,Morningside Heights,1683,1901.0,107.1,0.4781,1167.7,mixed,borough,36061,4,1.0,1793.9,2008.1
1028,892a100889bffff,Manhattan,MN0901,Morningside Heights,570,1881.7,746.3,0.4614,1123.6,block_group,block_group,360610199002,2,1.0,1135.4,2628.0
1029,892a10088a3ffff,Manhattan,MN0703,Upper West Side-Manhattan Valley,2906,1796.1,293.2,0.3746,904.7,block_group,block_group,360610189002,3,1.0,1502.9,2089.3
1030,892a10088abffff,Manhattan,MN0703,Upper West Side-Manhattan Valley,2478,2778.6,521.9,0.9551,2499.2,block_group,block_group,360610185002,4,1.0,2256.7,3300.5
1031,892a10088afffff,Manhattan,MN0702,Upper West Side (Central),3074,2507.2,536.1,0.8876,2284.2,block_group,block_group,360610185001,6,1.0,1971.1,3043.3
1032,892a10088b3ffff,Manhattan,MN0703,Upper West Side-Manhattan Valley,2558,2628.1,423.6,0.9255,2404.4,block_group,block_group,360610189001,5,1.0,2204.5,3051.7
1033,892a10088bbffff,Manhattan,MN0703,Upper West Side-Manhattan Valley,2250,1404.5,448.7,0.1086,283.7,block_group,block_group,360610189006,5,1.0,955.8,1853.2
1034,892a1008903ffff,Manhattan,MN0802,Upper East Side-Carnegie Hill,2650,2731.3,369.3,0.9493,2477.9,mixed,borough,36061,6,1.0,2362.0,3100.6
1035,892a1008907ffff,Manhattan,MN0802,Upper East Side-Carnegie Hill,4097,2897.2,475.7,0.9695,2549.6,mixed,block_group,36061014000,7,1.0,2421.5,3372.9
1036,892a100890fffff,Manhattan,MN0802,Upper East Side-Carnegie Hill,1854,2313.2,114.3,0.8228,2071.9,mixed,borough,36061,2,1.0,2198.9,2427.5
1037,892a1008913ffff,Manhattan,MN0802,Upper East Side-Carnegie Hill,2765,2519.9,179.1,0.8903,2293.1,mixed,borough,36061,4,1.0,2340.8,2699.0
1038,892a1008917ffff,Manhattan,MN0802,Upper East Side-Carnegie Hill,3995,2986.7,423.3,0.978,2578.6,mixed,block_group,360610148022,6,1.0,2563.4,3410.0
1039,892a1008923ffff,Manhattan,MN0801,Upper East Side-Lenox Hill-Roosevelt Island,4437,2505.7,298.0,0.887,2282.2,mixed,block_group,36061013400,7,1.0,2207.7,2803.7
1040,892a1008927ffff,Manhattan,MN0801,Upper East Side-Lenox Hill-Roosevelt Island,5079,2391.1,235.6,0.8533,2171.6,mixed,block_group,360610124001,10,1.0,2155.5,2626.7
1041,892a100892bffff,Manhattan,MN0802,Upper East Side-Carnegie Hill,3080,2589.9,197.5,0.9132,2364.7,mixed,tract,36061012800,5,1.0,2392.4,2787.4
1042,892a100892fffff,Manhattan,MN0801,Upper East Side-Lenox Hill-Roosevelt Island,5271,2385.0,157.0,0.8513,2164.9,mixed,borough,36061,7,1.0,2228.0,2542.0
1043,892a1008933ffff,Manhattan,MN0803,Upper East Side-Yorkville,4887,2695.7,455.5,0.9408,2452.5,mixed,block_group,36061013800,8,1.0,2240.2,3151.2
1044,892a1008937ffff,Manhattan,MN0801,Upper East Side-Lenox Hill-Roosevelt Island,5423,2657.9,278.8,0.934,2431.9,mixed,block_group,360610132032,10,1.0,2379.1,2936.7
1045,892a100893bffff,Manhattan,MN0802,Upper East Side-Carnegie Hill,2460,2779.0,437.5,0.9553,2499.9,mixed,block_group,360610140003,5,1.0,2341.5,3216.5
1046,892a100894bffff,Manhattan,MN0702,Upper West Side (Central),1300,2959.1,727.5,0.9764,2572.4,mixed,block_group,360610165001,4,1.0,2231.6,3686.6
1047,892a100895bffff,Manhattan,MN0702,Upper West Side (Central),2822,3225.6,305.5,0.9957,2636.1,mixed,block_group,360610169002,6,1.0,2920.1,3531.1
1048,892a1008967ffff,Manhattan,MN0802,Upper East Side-Carnegie Hill,1621,2419.4,1002.9,0.8642,2203.4,mixed,block_group,360610130002,3,1.0,1416.5,3422.3
1049,892a1008977ffff,Manhattan,MN0802,Upper East Side-Carnegie Hill,1803,2628.8,457.1,0.9259,2405.8,mixed,block_group,360610130001,5,1.0,2171.7,3085.9
1050,892a1008983ffff,Manhattan,MN0802,Upper East Side-Carnegie Hill,3254,2330.3,241.8,0.8319,2101.5,mixed,block_group,360610158011,8,1.0,2088.5,2572.1
1051,892a1008987ffff,Manhattan,MN0803,Upper East Side-Yorkville,5614,2329.9,116.0,0.8315,2100.1,mixed,block_group,36061,9,1.0,2213.9,2445.9
1052,892a100898bffff,Manhattan,MN0802,Upper East Side-Carnegie Hill,1779,2421.5,189.0,0.8647,2205.5,mixed,block_group,360610160012,5,1.0,2232.5,2610.5
1053,892a100898fffff,Manhattan,MN0802,Upper East Side-Carnegie Hill,3443,2622.7,337.8,0.9243,2401.7,mixed,block_group,360610148021,6,1.0,2284.9,2960.5
1054,892a1008993ffff,Manhattan,MN1101,East Harlem (South),2246,1758.1,96.7,0.3393,816.5,block_group,block_group,360610166003,5,1.0,1661.4,1854.8
1055,892a1008997ffff,Manhattan,MN1101,East Harlem (South),1808,2018.6,293.6,0.5936,1451.8,block_group,block_group,360610156021,4,1.0,1725.0,2312.2
1056,892a100899bffff,Manhattan,MN1101,East Harlem (South),2082,2347.9,197.1,0.8385,2123.7,mixed,block_group,360610160021,5,1.0,2150.8,2545.0
1057,892a10089a3ffff,Manhattan,MN0803,Upper East Side-Yorkville,4609,2596.8,350.9,0.9157,2372.9,mixed,block_group,360610144023,9,1.0,2245.9,2947.7
1058,892a10089a7ffff,Manhattan,MN0803,Upper East Side-Yorkville,2974,2873.0,435.5,0.9663,2538.5,mixed,block_group,360610136042,7,1.0,2437.5,3308.5
1059,892a10089abffff,Manhattan,MN0803,Upper East Side-Yorkville,4869,2637.4,217.0,0.9287,2414.0,mixed,block_group,360610146026,8,1.0,2420.4,2854.4
1060,892a10089afffff,Manhattan,MN0803,Upper East Side-Yorkville,4943,2654.3,265.7,0.9326,2427.7,block_group,block_group,360610136032,9,1.0,2388.6,2920.0
1061,892a10089b3ffff,Manhattan,MN0803,Upper East Side-Yorkville,4524,2277.7,382.9,0.8053,2016.9,mixed,block_group,36061015200,8,1.0,1894.8,2660.6
1062,892a10089b7ffff,Manhattan,MN0803,Upper East Side-Yorkville,2136,2729.8,612.4,0.9491,2477.2,block_group,block_group,360610144026,4,1.0,2117.4,3342.2
1063,892a10089bbffff,Manhattan,MN0803,Upper East Side-Yorkville,4855,2264.4,198.4,0.7961,1992.1,mixed,block_group,360610146024,8,1.0,2066.0,2462.8
1064,892a1008b03ffff,Manhattan,MN0701,Upper West Side-Lincoln Square,1738,2322.5,128.1,0.8288,2090.7,mixed,borough,36061,2,1.0,2194.4,2450.6
1065,892a1008b07ffff,Manhattan,MN0701,Upper West Side-Lincoln Square,3584,2197.0,25.0,0.7562,1877.0,borough,borough,36061,1,1.0,2172.0,2222.0
1066,892a1008b0fffff,Manhattan,MN0701,Upper West Side-Lincoln Square,809,2589.4,714.1,0.913,2364.0,mixed,borough,36061,2,1.0,1875.3,3303.5
1067,892a1008b13ffff,Manhattan,MN0702,Upper West Side (Central),427,2810.9,318.4,0.9599,2516.5,mixed,block_group,360610159002,2,1.0,2492.5,3129.3
1068,892a1008b17ffff,Manhattan,MN0701,Upper West Side-Lincoln Square,4161,2553.4,420.9,0.9033,2329.9,mixed,block_group,36061015900,5,1.0,2132.5,2974.3
1069,892a1008b23ffff,Manhattan,MN0701,Upper West Side-Lincoln Square,2450,2338.9,154.9,0.8351,2113.6,mixed,borough,36061,2,1.0,2184.0,2493.8
1070,892a1008b27ffff,Manhattan,MN0701,Upper West Side-Lincoln Square,4431,2275.4,182.1,0.8033,2010.9,mixed,block_group,36061,5,1.0,2093.3,2457.5
1071,892a1008b2bffff,Manhattan,MN0402,Hell's Kitchen,3194,2484.8,1492.3,0.882,2266.5,mixed,tract,36061013502,3,1.0,992.5,3977.1
1072,892a1008b2fffff,Manhattan,MN0402,Hell's Kitchen,3055,2323.5,521.9,0.8295,2092.7,mixed,tract,36061013900,4,1.0,1801.6,2845.4
1073,892a1008b33ffff,Manhattan,MN0701,Upper West Side-Lincoln Square,1502,2197.0,25.0,0.7562,1877.0,borough,borough,36061,1,1.0,2172.0,2222.0
1074,892a1008b37ffff,Manhattan,MN0701,Upper West Side-Lincoln Square,3617,2197.0,25.0,0.7562,1877.0,borough,borough,36061,1,1.0,2172.0,2222.0
1075,892a1008b3bffff,Manhattan,MN0701,Upper West Side-Lincoln Square,5080,2183.0,763.9,0.7444,1849.8,mixed,block_group,360610151022,5,1.0,1419.1,2946.9
1077,892a1008b77ffff,Manhattan,MN0701,Upper West Side-Lincoln Square,1407,2428.5,421.7,0.8674,2215.6,mixed,borough,36061,2,1.0,2006.8,2850.2
1078,892a1008b83ffff,Manhattan,MN0702,Upper West Side (Central),2498,2959.3,553.6,0.9765,2573.1,mixed,block_group,36061016700,7,1.0,2405.7,3512.9
1079,892a1008b87ffff,Manhattan,MN0702,Upper West Side (Central),3435,2648.6,375.4,0.9313,2422.9,mixed,block_group,360610163005,6,1.0,2273.2,3024.0
1080,892a1008b8bffff,Manhattan,MN0702,Upper West Side (Central),625,2935.2,623.7,0.9729,2562.0,block_group,block_group,360610163001,3,1.0,2311.5,3558.9
1081,892a1008b8fffff,Manhattan,MN0702,Upper West Side (Central),3497,2509.7,223.1,0.888,2285.6,mixed,block_group,360610163002,7,1.0,2286.6,2732.8
1082,892a1008b93ffff,Manhattan,MN0702,Upper West Side (Central),3209,3028.5,544.6,0.9811,2590.4,mixed,block_group,360610171005,9,1.0,2483.9,3573.1
1083,892a1008b97ffff,Manhattan,MN0702,Upper West Side (Central),3044,2659.0,525.4,0.9354,2433.9,mixed,block_group,36061016500,6,1.0,2133.6,3184.4
1084,892a1008b9bffff,Manhattan,MN0702,Upper West Side (Central),374,2732.4,546.6,0.9497,2479.3,block_group,block_group,360610167001,2,1.0,2185.8,3279.0
1085,892a1008ba3ffff,Manhattan,MN0701,Upper West Side-Lincoln Square,4854,2762.2,286.6,0.9535,2493.0,mixed,block_group,360610157003,7,1.0,2475.6,3048.8
1086,892a1008babffff,Manhattan,MN0701,Upper West Side-Lincoln Square,4898,2468.9,314.7,0.8777,2250.2,mixed,borough,36061,4,1.0,2154.2,2783.6
1087,892a1008bafffff,Manhattan,MN0701,Upper West Side-Lincoln Square,3204,2817.8,274.3,0.9603,2517.9,mixed,borough,36061,3,1.0,2543.5,3092.1
1088,892a1008bb3ffff,Manhattan,MN0702,Upper West Side (Central),2651,3174.5,360.8,0.9926,2624.3,mixed,block_group,360610161002,8,1.0,2813.7,3535.3
1089,892a1008bbbffff,Manhattan,MN0701,Upper West Side-Lincoln Square,3871,2629.9,462.0,0.9262,2406.5,mixed,block_group,36061015700,8,1.0,2167.9,3091.9
1090,892a1008c03ffff,Manhattan,MN0901,Morningside Heights,979,1911.6,684.2,0.4894,1196.9,block_group,block_group,360610211002,2,1.0,1227.4,2595.8
1091,892a1008c07ffff,Manhattan,MN0901,Morningside Heights,1863,1304.5,213.2,0.0829,219.5,block_group,block_group,360610211005,4,1.0,1091.3,1517.7
1092,892a1008c0fffff,Manhattan,MN0901,Morningside Heights,782,1997.6,216.0,0.5748,1403.2,block_group,block_group,360610211001,2,1.0,1781.6,2213.6
1093,892a1008c13ffff,Manhattan,MN0902,Manhattanville-West Harlem,279,1545.4,369.2,0.1667,421.9,block_group,block_group,360610223022,2,1.0,1176.2,1914.6
1094,892a1008c17ffff,Manhattan,MN0902,Manhattanville-West Harlem,1838,606.3,63.0,0.0079,62.3,block_group,block_group,360610219003,2,1.0,543.3,669.3
1095,892a1008c23ffff,Manhattan,MN0901,Morningside Heights,2020,2318.3,102.7,0.8263,2082.6,mixed,block_group,360610207011,4,1.0,2215.6,2421.0
1096,892a1008c27ffff,Manhattan,MN1001,Harlem (South),1840,2666.5,469.7,0.9369,2438.7,block_group,block_group,360610257003,5,1.0,2196.8,3136.2
1097,892a1008c2bffff,Manhattan,MN0901,Morningside Heights,32,2904.0,383.0,0.9703,2552.4,tract,tract,36061020500,1,1.0,2521.0,3287.0
1098,892a1008c2fffff,Manhattan,MN0901,Morningside Heights,522,3221.2,463.1,0.9951,2634.0,block_group,block_group,360610201011,2,1.0,2758.1,3684.3
1099,892a1008c33ffff,Manhattan,MN0901,Morningside Heights,1078,759.0,165.2,0.0144,75.4,block_group,block_group,360610209012,2,1.0,593.8,924.2
1100,892a1008c37ffff,Manhattan,MN1001,Harlem (South),1901,2145.5,393.2,0.7135,1762.1,mixed,block_group,36061025700,5,1.0,1752.3,2538.7
1101,892a1008c3bffff,Manhattan,MN0901,Morningside Heights,2585,1971.7,168.5,0.5545,1344.8,mixed,tract,36061021100,4,1.0,1803.2,2140.2
1102,892a1008c67ffff,Manhattan,MN0901,Morningside Heights,1260,2580.5,276.9,0.9116,2358.6,mixed,block_group,360610205003,4,1.0,2303.6,2857.4
1103,892a1008c77ffff,Manhattan,MN0901,Morningside Heights,301,2904.0,383.0,0.9703,2552.4,tract,tract,36061020500,1,1.0,2521.0,3287.0
1104,892a1008c83ffff,Manhattan,MN0903,Hamilton Heights-Sugar Hill,1712,1547.9,159.6,0.1676,424.6,block_group,block_group,360610225005,6,1.0,1388.3,1707.5
1106,892a1008c8bffff,Manhattan,MN0902,Manhattanville-West Harlem,1404,1690.7,277.3,0.2655,661.2,block_group,block_group,360610223013,3,1.0,1413.4,1968.0
1107,892a1008c8fffff,Manhattan,MN0902,Manhattanville-West Harlem,2013,1716.1,340.1,0.2914,720.8,mixed,block_group,360610223012,5,1.0,1376.0,2056.2
1108,892a1008c93ffff,Manhattan,MN0903,Hamilton Heights-Sugar Hill,2594,1543.3,204.9,0.166,420.3,block_group,block_group,360610229003,8,1.0,1338.4,1748.2
1109,892a1008c97ffff,Manhattan,MN0903,Hamilton Heights-Sugar Hill,1241,2095.3,192.2,0.6671,1637.8,block_group,block_group,360610227001,3,1.0,1903.1,2287.5
1110,892a1008c9bffff,Manhattan,MN0903,Hamilton Heights-Sugar Hill,1664,1563.3,221.4,0.1756,444.6,block_group,block_group,360610225001,3,1.0,1341.9,1784.7
1111,892a1008ca3ffff,Manhattan,MN0902,Manhattanville-West Harlem,1432,1429.6,181.3,0.1173,302.0,block_group,block_group,360610215002,4,1.0,1248.3,1610.9
1112,892a1008ca7ffff,Manhattan,MN1002,Harlem (North),1950,964.2,113.1,0.0301,107.2,mixed,block_group,360610224004,5,1.0,851.1,1077.3
1113,892a1008cabffff,Manhattan,MN0902,Manhattanville-West Harlem,1277,1371.2,228.4,0.0987,259.0,mixed,block_group,360610213033,6,1.0,1142.8,1599.6
1114,892a1008cafffff,Manhattan,MN1002,Harlem (North),1834,2107.7,223.4,0.6808,1671.0,block_group,block_group,360610213034,7,1.0,1884.3,2331.1
1115,892a1008cb3ffff,Manhattan,MN1002,Harlem (North),868,2057.4,307.8,0.6318,1550.2,block_group,block_group,360610221022,3,1.0,1749.6,2365.2
1116,892a1008cb7ffff,Manhattan,MN1002,Harlem (North),1660,1549.2,498.3,0.1683,426.2,block_group,block_group,360610226003,4,1.0,1050.9,2047.5
1117,892a1008cbbffff,Manhattan,MN0902,Manhattanville-West Harlem,436,1434.5,260.6,0.1184,305.1,mixed,tract,36061021303,2,1.0,1173.9,1695.1
1119,892a1008d03ffff,Manhattan,MN1102,East Harlem (North),2165,1168.4,206.1,0.0552,157.1,block_group,block_group,360610184003,5,1.0,962.3,1374.5
1120,892a1008d07ffff,Manhattan,MN1102,East Harlem (North),1984,1553.7,380.6,0.171,432.7,mixed,block_group,360610182005,4,1.0,1173.1,1934.3
1121,892a1008d0bffff,Manhattan,MN1001,Harlem (South),1064,1024.7,328.6,0.0341,116.2,block_group,block_group,360610186001,3,1.0,696.1,1353.3
1122,892a1008d0fffff,Manhattan,MN1101,East Harlem (South),2901,1968.1,504.3,0.5521,1338.4,block_group,block_group,360610174021,5,1.0,1463.8,2472.4
1123,892a1008d13ffff,Manhattan,MN1102,East Harlem (North),1440,1549.8,179.7,0.1689,427.9,block_group,block_group,360610184005,6,1.0,1370.1,1729.5
1124,892a1008d17ffff,Manhattan,MN1102,East Harlem (North),1731,1776.9,529.3,0.353,853.3,mixed,block_group,360610182003,5,1.0,1247.6,2306.2
1125,892a1008d1bffff,Manhattan,MN1001,Harlem (South),1806,1329.5,592.9,0.0888,234.2,block_group,block_group,360610190002,4,1.0,736.6,1922.4
1126,892a1008d23ffff,Manhattan,MN1101,East Harlem (South),3417,1291.7,194.1,0.0796,211.3,block_group,block_group,360610170001,5,1.0,1097.6,1485.8
1127,892a1008d27ffff,Manhattan,MN1101,East Harlem (South),1804,875.9,319.1,0.0224,90.7,block_group,block_group,360610162004,4,1.0,556.8,1195.0
1128,892a1008d2bffff,Manhattan,MN1101,East Harlem (South),1633,1366.2,124.0,0.0974,255.5,block_group,block_group,360610166001,6,1.0,1242.2,1490.2
1129,892a1008d2fffff,Manhattan,MN1101,East Harlem (South),2460,1225.0,329.7,0.0655,179.9,block_group,block_group,360610164001,4,1.0,895.3,1554.7
1130,892a1008d33ffff,Manhattan,MN1102,East Harlem (North),1724,1647.3,312.9,0.2261,567.4,block_group,block_group,360610180002,4,1.0,1334.4,1960.2
1131,892a1008d37ffff,Manhattan,MN1101,East Harlem (South),1938,1146.7,133.0,0.0498,144.4,block_group,block_group,360610162002,3,1.0,1013.7,1279.7
1132,892a1008d3bffff,Manhattan,MN1101,East Harlem (South),1651,1253.4,362.4,0.0693,188.8,block_group,block_group,360610172003,6,1.0,891.0,1615.8
1133,892a1008d43ffff,Manhattan,MN1001,Harlem (South),2206,1635.9,515.7,0.2178,546.1,block_group,block_group,360610216005,6,1.0,1120.2,2151.6
1134,892a1008d4bffff,Manhattan,MN0703,Upper West Side-Manhattan Valley,2689,2171.8,500.0,0.7352,1826.0,mixed,block_group,360610193001,6,1.0,1671.8,2671.8
1135,892a1008d53ffff,Manhattan,MN1001,Harlem (South),1818,1582.8,637.2,0.1858,469.7,mixed,block_group,360610218004,4,1.0,945.6,2220.0
1136,892a1008d57ffff,Manhattan,MN1001,Harlem (South),1674,1157.4,182.4,0.052,149.4,block_group,block_group,360610218002,4,1.0,975.0,1339.8
1137,892a1008d5bffff,Manhattan,MN1001,Harlem (South),1739,2130.9,336.7,0.7032,1731.9,block_group,block_group,360610197021,5,1.0,1794.2,2467.6
1138,892a1008d67ffff,Manhattan,MN1101,East Harlem (South),1712,1053.8,206.1,0.0366,122.3,block_group,block_group,360610168002,4,1.0,847.7,1259.9
1139,892a1008d77ffff,Manhattan,MN1101,East Harlem (South),1297,875.2,238.0,0.022,89.9,block_group,block_group,360610174012,5,1.0,637.2,1113.2
1140,892a1008d83ffff,Manhattan,MN1102,East Harlem (North),1417,1328.0,446.8,0.088,232.7,block_group,block_group,360610196003,4,1.0,881.2,1774.8
1141,892a1008d87ffff,Manhattan,MN1102,East Harlem (North),2029,1353.4,381.3,0.0927,244.1,block_group,block_group,360610194001,4,1.0,972.1,1734.7
1142,892a1008d8bffff,Manhattan,MN1102,East Harlem (North),727,2014.2,259.3,0.5896,1439.6,block_group,block_group,360610198001,3,1.0,1754.9,2273.5
1143,892a1008d8fffff,Manhattan,MN1102,East Harlem (North),1935,1166.8,234.2,0.0549,156.7,block_group,block_group,360610196002,6,1.0,932.6,1401.0
1144,892a1008d93ffff,Manhattan,MN1102,East Harlem (North),377,921.0,269.0,0.0258,98.1,block_group,block_group,360610242001,1,1.0,652.0,1190.0
1145,892a1008d97ffff,Manhattan,MN1102,East Harlem (North),107,1873.0,923.0,0.4548,1105.7,block_group,block_group,360610242003,1,1.0,950.0,2796.0
1146,892a1008d9bffff,Manhattan,MN1102,East Harlem (North),1670,1423.3,239.1,0.114,295.4,block_group,block_group,360610206002,4,1.0,1184.2,1662.4
1147,892a1008da3ffff,Manhattan,MN1102,East Harlem (North),1737,2049.0,256.6,0.6239,1527.6,mixed,block_group,360610178002,5,1.0,1792.4,2305.6
1148,892a1008dabffff,Manhattan,MN1102,East Harlem (North),2469,1124.8,260.6,0.0474,138.6,block_group,block_group,360610180005,4,1.0,864.2,1385.4
1149,892a1008dafffff,Manhattan,MN1102,East Harlem (North),528,1732.8,265.5,0.3096,760.5,block_group,block_group,360610178003,2,1.0,1467.3,1998.3
1150,892a1008db3ffff,Manhattan,MN1102,East Harlem (North),2273,741.8,249.5,0.0137,73.9,block_group,block_group,360610192003,4,1.0,492.3,991.3
1151,892a1008db7ffff,Manhattan,MN1102,East Harlem (North),124,1948.0,266.0,0.5232,1279.7,block_group,block_group,360610178003,1,1.0,1682.0,2214.0
1152,892a1008dbbffff,Manhattan,MN1102,East Harlem (North),1347,1537.7,261.0,0.1627,412.8,mixed,tract,36061018800,3,1.0,1276.7,1798.7
1153,892a1008dc3ffff,Manhattan,MN1001,Harlem (South),1184,2118.9,307.5,0.6916,1698.5,block_group,block_group,360610222002,4,1.0,1811.4,2426.4
1154,892a1008dc7ffff,Manhattan,MN1102,East Harlem (North),1146,1729.0,593.5,0.3046,752.9,block_group,block_group,360610200001,5,1.0,1135.5,2322.5
1155,892a1008dcbffff,Manhattan,MN1001,Harlem (South),2065,2049.0,212.5,0.6239,1527.6,mixed,block_group,360610220005,6,1.0,1836.5,2261.5
1156,892a1008dcfffff,Manhattan,MN1001,Harlem (South),1595,1858.4,237.6,0.442,1070.6,mixed,block_group,360610220002,5,1.0,1620.8,2096.0
1157,892a1008dd3ffff,Manhattan,MN1002,Harlem (North),1408,1647.8,266.4,0.2264,568.0,block_group,block_group,360610224002,5,1.0,1381.4,1914.2
1158,892a1008dd7ffff,Manhattan,MN1001,Harlem (South),1689,2069.8,298.3,0.6419,1580.0,block_group,block_group,360610200002,4,1.0,1771.5,2368.1
1159,892a1008ddbffff,Manhattan,MN1001,Harlem (South),1247,2068.7,429.8,0.6412,1577.4,block_group,block_group,360610222001,3,1.0,1638.9,2498.5
1160,892a100a0a7ffff,Bronx,BX0803,Riverdale-Spuyten Duyvil,5,1697.0,238.0,0.2731,677.4,block_group,block_group,360050293011,1,1.0,1459.0,1935.0
1161,892a100a0b7ffff,Bronx,BX0803,Riverdale-Spuyten Duyvil,312,2084.8,174.2,0.6577,1612.4,mixed,tract,36005030900,2,1.0,1910.6,2259.0
1162,892a100a107ffff,Manhattan,MN1203,Inwood,1241,1939.8,689.9,0.5148,1259.6,block_group,block_group,360610307002,5,1.0,1249.9,2629.7
1163,892a100a113ffff,Bronx,BX0803,Riverdale-Spuyten Duyvil,657,2307.6,186.4,0.8194,2061.1,mixed,tract,36005029302,2,1.0,2121.2,2494.0
1165,892a100a127ffff,Bronx,BX0701,University Heights (North)-Fordham,136,864.0,48.0,0.0208,87.5,block_group,block_group,360050269001,1,1.0,816.0,912.0
1166,892a100a12bffff,Manhattan,MN1203,Inwood,1633,1704.3,238.2,0.2804,693.0,block_group,block_group,360610293005,5,1.0,1466.1,1942.5
1167,892a100a12fffff,Manhattan,MN1203,Inwood,1850,1311.5,146.2,0.0844,223.4,mixed,block_group,360610299003,2,1.0,1165.3,1457.7
1169,892a100a137ffff,Bronx,BX0701,University Heights (North)-Fordham,29,864.0,48.0,0.0208,87.5,block_group,block_group,360050269001,1,1.0,816.0,912.0
1170,892a100a13bffff,Manhattan,MN1203,Inwood,1113,1903.5,226.3,0.4813,1176.4,block_group,block_group,360610303001,4,1.0,1677.2,2129.8
1171,892a100a163ffff,Manhattan,MN1203,Inwood,2090,1780.6,145.3,0.3576,864.6,block_group,block_group,360610295003,3,1.0,1635.3,1925.9
1172,892a100a167ffff,Manhattan,MN1203,Inwood,2037,1533.4,140.1,0.161,408.5,block_group,block_group,360610291001,6,1.0,1393.3,1673.5
1173,892a100a16bffff,Manhattan,MN1202,Washington Heights (North),269,3185.0,930.0,0.9937,2628.5,block_group,block_group,360610287001,1,1.0,2255.0,4115.0
1174,892a100a16fffff,Manhattan,MN1202,Washington Heights (North),1238,1858.0,207.2,0.4416,1069.4,block_group,block_group,360610287003,6,1.0,1650.8,2065.2
1175,892a100a177ffff,Manhattan,MN1203,Inwood,1969,1760.7,175.0,0.3429,825.4,block_group,block_group,360610295004,6,1.0,1585.7,1935.7
1176,892a100a183ffff,Bronx,BX0802,Kingsbridge-Marble Hill,358,1909.1,107.2,0.4869,1190.7,block_group,block_group,360050289002,4,1.0,1801.9,2016.3
1177,892a100a187ffff,Bronx,BX0802,Kingsbridge-Marble Hill,1169,1303.4,203.1,0.0823,218.1,block_group,block_group,360050283001,5,1.0,1100.3,1506.5
1178,892a100a18bffff,Bronx,BX0803,Riverdale-Spuyten Duyvil,610,2783.7,336.5,0.956,2502.7,block_group,block_group,360050293023,3,1.0,2447.2,3120.2
1179,892a100a18fffff,Bronx,BX0802,Kingsbridge-Marble Hill,1617,1673.0,168.6,0.2497,622.9,block_group,block_group,360610309004,3,1.0,1504.4,1841.6
1180,892a100a193ffff,Bronx,BX0802,Kingsbridge-Marble Hill,729,2155.1,442.1,0.7209,1785.8,block_group,block_group,360050289003,3,1.0,1713.0,2597.2
1181,892a100a197ffff,Bronx,BX0802,Kingsbridge-Marble Hill,1138,1625.5,113.8,0.2109,530.5,block_group,block_group,360050289002,5,1.0,1511.7,1739.3
1182,892a100a19bffff,Bronx,BX0803,Riverdale-Spuyten Duyvil,446,2398.6,346.9,0.856,2178.4,block_group,block_group,360050295004,4,1.0,2051.7,2745.5
1183,892a100a1a3ffff,Bronx,BX0701,University Heights (North)-Fordham,824,1232.1,234.5,0.0662,181.7,block_group,block_group,360050269001,2,1.0,997.6,1466.6
1184,892a100a1a7ffff,Bronx,BX0701,University Heights (North)-Fordham,695,1638.4,123.3,0.2196,550.6,block_group,block_group,360050269002,3,1.0,1515.1,1761.7
1186,892a100a1afffff,Bronx,BX0701,University Heights (North)-Fordham,273,1664.0,163.0,0.2417,603.6,block_group,block_group,360050269002,1,1.0,1501.0,1827.0
1187,892a100a1b3ffff,Bronx,BX0801,Kingsbridge Heights-Van Cortlandt Village,1148,1441.9,145.9,0.1214,312.8,block_group,block_group,360050273004,3,1.0,1296.0,1587.8
1188,892a100a1b7ffff,Bronx,BX0801,Kingsbridge Heights-Van Cortlandt Village,1655,1531.5,120.2,0.1598,405.8,block_group,block_group,360050273003,6,1.0,1411.3,1651.7
1189,892a100a1bbffff,Bronx,BX0802,Kingsbridge-Marble Hill,823,773.6,637.9,0.0153,77.3,block_group,block_group,360610309003,2,1.0,135.7,1411.5
1190,892a100a1c3ffff,Bronx,BX0803,Riverdale-Spuyten Duyvil,731,1639.7,653.6,0.2201,552.2,block_group,block_group,360050293012,4,1.0,986.1,2293.3
1191,892a100a1c7ffff,Bronx,BX0803,Riverdale-Spuyten Duyvil,1208,2945.1,519.6,0.9743,2566.9,mixed,block_group,360050293022,4,1.0,2425.5,3464.7
1192,892a100a1cfffff,Bronx,BX0803,Riverdale-Spuyten Duyvil,184,1685.8,780.7,0.2621,652.6,block_group,block_group,360050293012,2,1.0,905.1,2466.5
1193,892a100a1d3ffff,Bronx,BX0803,Riverdale-Spuyten Duyvil,257,1145.9,406.2,0.0496,144.0,block_group,block_group,360050301002,3,1.0,739.7,1552.1
1194,892a100a1d7ffff,Bronx,BX0803,Riverdale-Spuyten Duyvil,631,2541.6,266.6,0.8983,2313.5,block_group,block_group,360050293024,2,1.0,2275.0,2808.2
1195,892a100a427ffff,Bronx,BX0803,Riverdale-Spuyten Duyvil,1,2090.0,253.0,0.6615,1622.2,tract,tract,36005030900,1,1.0,1837.0,2343.0
1196,892a100a437ffff,Bronx,BX0803,Riverdale-Spuyten Duyvil,30,2099.2,277.0,0.6707,1648.2,mixed,tract,36005030900,2,1.0,1822.2,2376.2
1197,892a100a487ffff,Bronx,BX0803,Riverdale-Spuyten Duyvil,67,1458.0,16.0,0.1281,327.8,borough,borough,36005,1,1.0,1442.0,1474.0
1198,892a100a4a3ffff,Bronx,BX0803,Riverdale-Spuyten Duyvil,14,1354.6,189.1,0.0929,244.6,mixed,block_group,360050323004,2,1.0,1165.5,1543.7
1199,892a100a4a7ffff,Bronx,BX0803,Riverdale-Spuyten Duyvil,1053,1502.5,296.4,0.1479,374.9,block_group,block_group,360050323001,4,1.0,1206.1,1798.9
1200,892a100a4abffff,Bronx,BX0803,Riverdale-Spuyten Duyvil,3,2145.0,1078.0,0.7129,1760.8,block_group,block_group,360050309001,1,1.0,1067.0,3223.0
1201,892a100a4afffff,Bronx,BX0803,Riverdale-Spuyten Duyvil,28,1552.5,316.0,0.1698,430.0,block_group,block_group,360050323004,2,1.0,1236.5,1868.5
1202,892a100a4b3ffff,Bronx,BX0803,Riverdale-Spuyten Duyvil,16,1352.0,99.0,0.0925,243.6,tract,tract,36005032300,1,1.0,1253.0,1451.0
1203,892a100a4b7ffff,Bronx,BX0803,Riverdale-Spuyten Duyvil,984,1491.5,318.6,0.1434,363.3,mixed,block_group,360050323003,5,1.0,1172.9,1810.1
1204,892a100a4bbffff,Bronx,BX0803,Riverdale-Spuyten Duyvil,137,2145.0,1078.0,0.7129,1760.8,block_group,block_group,360050309001,1,1.0,1067.0,3223.0
1205,892a100a503ffff,Bronx,BX0803,Riverdale-Spuyten Duyvil,62,1985.0,757.6,0.5659,1377.8,mixed,block_group,360050335002,3,1.0,1227.4,2742.6
1206,892a100a507ffff,Bronx,BX0803,Riverdale-Spuyten Duyvil,334,1577.8,272.4,0.1835,463.2,mixed,block_group,360050285003,2,1.0,1305.4,1850.2
1207,892a100a50bffff,Bronx,BX0803,Riverdale-Spuyten Duyvil,356,2515.8,647.7,0.8891,2289.7,mixed,block_group,360050307012,4,1.0,1868.1,3163.5
1208,892a100a50fffff,Bronx,BX0803,Riverdale-Spuyten Duyvil,340,1938.1,375.3,0.5127,1255.2,block_group,block_group,360050335003,2,1.0,1562.8,2313.4
1209,892a100a513ffff,Bronx,BX0803,Riverdale-Spuyten Duyvil,48,1749.9,130.5,0.3292,796.4,block_group,block_group,360050351003,3,1.0,1619.4,1880.4
1210,892a100a517ffff,Bronx,BX0803,Riverdale-Spuyten Duyvil,296,1633.2,207.3,0.2164,543.3,mixed,tract,36005035100,2,1.0,1425.9,1840.5
1211,892a100a51bffff,Bronx,BX0803,Riverdale-Spuyten Duyvil,53,1892.5,177.5,0.4708,1148.4,mixed,tract,36005033500,2,1.0,1715.0,2070.0
1212,892a100a523ffff,Bronx,BX0802,Kingsbridge-Marble Hill,581,1803.3,208.5,0.3843,927.0,block_group,block_group,360050283002,3,1.0,1594.8,2011.8
1213,892a100a527ffff,Bronx,BX0801,Kingsbridge Heights-Van Cortlandt Village,1180,1902.8,128.4,0.48,1173.3,block_group,block_group,360050279003,6,1.0,1774.4,2031.2
1214,892a100a52bffff,Bronx,BX0802,Kingsbridge-Marble Hill,930,1664.3,530.1,0.2419,604.1,block_group,block_group,360050285001,4,1.0,1134.2,2194.4
1215,892a100a52fffff,Bronx,BX0802,Kingsbridge-Marble Hill,860,1662.7,218.9,0.2398,599.0,block_group,block_group,360050287003,3,1.0,1443.8,1881.6
1216,892a100a537ffff,Bronx,BX0801,Kingsbridge Heights-Van Cortlandt Village,1147,1812.2,164.7,0.3926,948.7,block_group,block_group,360050279006,5,1.0,1647.5,1976.9
1217,892a100a53bffff,Bronx,BX0802,Kingsbridge-Marble Hill,1054,1853.3,137.3,0.4355,1055.3,block_group,block_group,360050335003,6,1.0,1716.0,1990.6
1218,892a100a543ffff,Bronx,BX0803,Riverdale-Spuyten Duyvil,23,2090.0,253.0,0.6615,1622.2,tract,tract,36005030900,1,1.0,1837.0,2343.0
1219,892a100a547ffff,Bronx,BX0803,Riverdale-Spuyten Duyvil,437,2552.7,690.2,0.9028,2327.8,mixed,block_group,360050307012,3,1.0,1862.5,3242.9
1220,892a100a54fffff,Bronx,BX0803,Riverdale-Spuyten Duyvil,21,2094.7,240.2,0.6668,1636.5,mixed,tract,36005030900,3,1.0,1854.5,2334.9
1221,892a100a553ffff,Bronx,BX0803,Riverdale-Spuyten Duyvil,7,1840.9,664.3,0.4233,1021.6,mixed,block_group,360050307011,2,1.0,1176.6,2505.2
1222,892a100a557ffff,Bronx,BX0803,Riverdale-Spuyten Duyvil,272,1664.6,1117.5,0.2425,605.8,mixed,block_group,360050307011,3,1.0,547.1,2782.1
1224,892a100a563ffff,Bronx,BX0803,Riverdale-Spuyten Duyvil,1043,2167.3,323.5,0.7316,1818.8,block_group,block_group,360050297001,4,1.0,1843.8,2490.8
1225,892a100a567ffff,Bronx,BX0803,Riverdale-Spuyten Duyvil,918,2235.8,786.8,0.7812,1946.8,block_group,block_group,360050295003,5,1.0,1449.0,3022.6
1226,892a100a56bffff,Bronx,BX0803,Riverdale-Spuyten Duyvil,185,2078.0,228.0,0.6489,1596.9,block_group,block_group,360050309003,1,1.0,1850.0,2306.0
1227,892a100a56fffff,Bronx,BX0803,Riverdale-Spuyten Duyvil,1127,2551.8,467.8,0.9022,2325.8,block_group,block_group,360050297003,5,1.0,2084.0,3019.6
1228,892a100a573ffff,Bronx,BX0803,Riverdale-Spuyten Duyvil,1066,2299.9,326.7,0.8147,2045.7,block_group,block_group,360050307013,5,1.0,1973.2,2626.6
1229,892a100a577ffff,Bronx,BX0803,Riverdale-Spuyten Duyvil,1228,1893.6,259.4,0.4718,1150.3,block_group,block_group,360050295001,3,1.0,1634.2,2153.0
1230,892a100a57bffff,Bronx,BX0803,Riverdale-Spuyten Duyvil,1228,2294.4,232.4,0.812,2036.3,mixed,block_group,36005030900,4,1.0,2062.0,2526.8
1231,892a100a58bffff,Bronx,BX0803,Riverdale-Spuyten Duyvil,446,1747.7,129.1,0.327,789.9,block_group,block_group,360050351003,2,1.0,1618.6,1876.8
1232,892a100a58fffff,Bronx,BX0803,Riverdale-Spuyten Duyvil,437,1607.3,305.1,0.2011,507.7,block_group,block_group,360050351002,2,1.0,1302.2,1912.4
1233,892a100a59bffff,Bronx,BX0803,Riverdale-Spuyten Duyvil,212,1506.7,123.5,0.1494,379.2,block_group,block_group,360050351003,2,1.0,1383.2,1630.2
1234,892a100a5c3ffff,Bronx,BX0803,Riverdale-Spuyten Duyvil,122,1386.7,207.7,0.1027,269.5,mixed,block_group,360050323004,2,1.0,1179.0,1594.4
1235,892a100a5c7ffff,Bronx,BX0803,Riverdale-Spuyten Duyvil,46,1903.5,199.0,0.4813,1176.4,mixed,tract,36005033500,2,1.0,1704.5,2102.5
1236,892a100a5cbffff,Bronx,BX0803,Riverdale-Spuyten Duyvil,44,1476.2,263.9,0.1357,343.9,mixed,block_group,360050323004,3,1.0,1212.3,1740.1
1237,892a100a5cfffff,Bronx,BX0803,Riverdale-Spuyten Duyvil,180,1683.6,1013.5,0.2601,647.5,mixed,block_group,360050307011,2,1.0,670.1,2697.1
1238,892a100a5d3ffff,Bronx,BX0803,Riverdale-Spuyten Duyvil,575,1834.5,154.7,0.4173,1006.4,block_group,block_group,360050337003,2,1.0,1679.8,1989.2
1239,892a100a5d7ffff,Bronx,BX0803,Riverdale-Spuyten Duyvil,20,1887.9,156.9,0.4664,1137.9,mixed,tract,36005033500,3,1.0,1731.0,2044.8
1240,892a100a5dbffff,Bronx,BX0803,Riverdale-Spuyten Duyvil,491,1355.0,220.0,0.0933,245.6,block_group,block_group,360050323004,1,1.0,1135.0,1575.0
1241,892a100a803ffff,Bronx,BX0403,Mount Eden-Claremont (West),2520,1563.1,160.3,0.1754,444.1,block_group,block_group,360050221023,8,1.0,1402.8,1723.4
1242,892a100a807ffff,Bronx,BX0401,Concourse-Concourse Village,1928,1461.5,157.0,0.131,332.4,block_group,block_group,360050179011,6,1.0,1304.5,1618.5
1243,892a100a80bffff,Bronx,BX0401,Concourse-Concourse Village,1002,1439.1,98.6,0.1203,309.7,block_group,block_group,360050221011,5,1.0,1340.5,1537.7
1244,892a100a80fffff,Bronx,BX0401,Concourse-Concourse Village,2112,1518.8,145.6,0.1564,395.7,block_group,block_group,360050181024,8,1.0,1373.2,1664.4
1245,892a100a813ffff,Bronx,BX0403,Mount Eden-Claremont (West),2292,1425.9,205.9,0.1155,297.9,block_group,block_group,360050221021,7,1.0,1220.0,1631.8
1246,892a100a817ffff,Bronx,BX0403,Mount Eden-Claremont (West),1654,1281.6,159.0,0.0765,204.1,mixed,block_group,360050179021,5,1.0,1122.6,1440.6
1247,892a100a81bffff,Bronx,BX0403,Mount Eden-Claremont (West),1820,1474.3,121.0,0.1353,342.9,block_group,block_group,360050219001,5,1.0,1353.3,1595.3
1248,892a100a823ffff,Bronx,BX0401,Concourse-Concourse Village,1380,1284.8,215.4,0.0772,205.5,mixed,block_group,360050175001,6,1.0,1069.4,1500.2
1249,892a100a827ffff,Bronx,BX0301,Morrisania,801,1285.4,81.7,0.0774,206.0,block_group,block_group,360050185011,2,1.0,1203.7,1367.1
1250,892a100a82bffff,Bronx,BX0401,Concourse-Concourse Village,1537,1585.6,204.5,0.1883,474.1,block_group,block_group,360050183021,7,1.0,1381.1,1790.1
1251,892a100a82fffff,Bronx,BX0401,Concourse-Concourse Village,2388,1162.7,161.2,0.0539,154.4,block_group,block_group,360050173003,7,1.0,1001.5,1323.9
1252,892a100a833ffff,Bronx,BX0401,Concourse-Concourse Village,1453,957.8,217.9,0.0294,106.0,mixed,block_group,360050175006,6,1.0,739.9,1175.7
1253,892a100a837ffff,Bronx,BX0301,Morrisania,1011,1238.0,131.0,0.0671,184.1,block_group,block_group,360050185011,1,1.0,1107.0,1369.0
1254,892a100a83bffff,Bronx,BX0401,Concourse-Concourse Village,1483,1259.4,200.6,0.0711,193.6,block_group,block_group,360050181011,6,1.0,1058.8,1460.0
1255,892a100a843ffff,Bronx,BX0402,Highbridge,1208,1312.6,259.8,0.0848,224.4,block_group,block_group,360050199004,6,1.0,1052.8,1572.4
1256,892a100a847ffff,Bronx,BX0402,Highbridge,1971,1391.4,177.6,0.1043,273.6,mixed,block_group,360050199002,7,1.0,1213.8,1569.0
1257,892a100a84fffff,Bronx,BX0402,Highbridge,1775,1369.9,160.6,0.0983,258.0,mixed,block_group,36005019300,4,1.0,1209.3,1530.5
1258,892a100a853ffff,Bronx,BX0402,Highbridge,2062,1457.4,88.0,0.1273,326.2,block_group,block_group,360050201001,6,1.0,1369.4,1545.4
1259,892a100a857ffff,Bronx,BX0402,Highbridge,1312,1356.0,240.6,0.0935,246.1,block_group,block_group,360050211004,6,1.0,1115.4,1596.6
1260,892a100a85bffff,Bronx,BX0402,Highbridge,9,1813.0,187.0,0.3936,951.1,block_group,block_group,360050201001,1,1.0,1626.0,2000.0
1261,892a100a867ffff,Bronx,BX0401,Concourse-Concourse Village,1749,1454.2,266.7,0.1268,325.2,block_group,block_group,360050183011,3,1.0,1187.5,1720.9
1262,892a100a86bffff,Bronx,BX0402,Highbridge,1430,1692.7,147.2,0.2693,667.6,block_group,block_group,360050189003,3,1.0,1545.5,1839.9
1263,892a100a877ffff,Bronx,BX0401,Concourse-Concourse Village,2517,1574.9,176.2,0.1816,458.8,mixed,block_group,360050183013,8,1.0,1398.7,1751.1
1264,892a100a87bffff,Bronx,BX0402,Highbridge,2068,1324.2,185.3,0.0871,230.8,block_group,block_group,360050193001,5,1.0,1138.9,1509.5
1265,892a100a887ffff,Bronx,BX0403,Mount Eden-Claremont (West),259,1279.2,202.0,0.0758,202.2,block_group,block_group,360050177022,3,1.0,1077.2,1481.2
1266,892a100a88bffff,Bronx,BX0403,Mount Eden-Claremont (West),2282,1520.5,166.0,0.157,397.3,block_group,block_group,360050209004,7,1.0,1354.5,1686.5
1267,892a100a88fffff,Bronx,BX0403,Mount Eden-Claremont (West),955,1568.8,502.4,0.1775,449.0,mixed,tract,36005022500,2,1.0,1066.4,2071.2
1268,892a100a893ffff,Bronx,BX0403,Mount Eden-Claremont (West),1569,1636.2,177.3,0.2179,546.7,block_group,block_group,360050229022,7,1.0,1458.9,1813.5
1269,892a100a897ffff,Bronx,BX0302,Claremont Village-Claremont (East),150,1324.7,88.9,0.0877,231.8,block_group,block_group,360050167002,3,1.0,1235.8,1413.6
1270,892a100a89bffff,Bronx,BX0403,Mount Eden-Claremont (West),1578,1510.8,138.3,0.1519,385.0,block_group,block_group,360050227031,6,1.0,1372.5,1649.1
1271,892a100a8a3ffff,Bronx,BX0302,Claremont Village-Claremont (East),2104,853.1,214.9,0.0204,86.7,block_group,block_group,360050147011,4,1.0,638.2,1068.0
1272,892a100a8a7ffff,Bronx,BX0301,Morrisania,1336,1459.4,138.8,0.1292,329.3,block_group,block_group,360050149003,6,1.0,1320.6,1598.2
1273,892a100a8abffff,Bronx,BX0401,Concourse-Concourse Village,1598,1219.1,289.9,0.0639,176.6,block_group,block_group,360050145002,7,1.0,929.2,1509.0
1274,892a100a8afffff,Bronx,BX0302,Claremont Village-Claremont (East),882,1068.1,419.3,0.0381,125.3,block_group,block_group,360050145004,3,1.0,648.8,1487.4
1275,892a100a8b3ffff,Bronx,BX0302,Claremont Village-Claremont (East),1153,920.8,115.9,0.0256,97.7,block_group,block_group,360050147022,3,1.0,804.9,1036.7
1276,892a100a8b7ffff,Bronx,BX0301,Morrisania,1257,1427.8,201.1,0.1162,300.0,block_group,block_group,360050149001,5,1.0,1226.7,1628.9
1277,892a100a8bbffff,Bronx,BX0403,Mount Eden-Claremont (West),1314,875.7,193.3,0.0222,90.3,mixed,tract,36005014702,5,1.0,682.4,1069.0
1278,892a100a8c3ffff,Bronx,BX0403,Mount Eden-Claremont (West),1156,1176.7,197.6,0.0563,159.9,mixed,block_group,360050213021,6,1.0,979.1,1374.3
1279,892a100a8c7ffff,Bronx,BX0403,Mount Eden-Claremont (West),1555,1397.9,71.7,0.1066,278.6,mixed,block_group,360050223002,7,1.0,1326.2,1469.6
1280,892a100a8cbffff,Bronx,BX0402,Highbridge,751,1123.4,243.8,0.0473,138.1,block_group,block_group,360050213022,4,1.0,879.6,1367.2
1281,892a100a8cfffff,Bronx,BX0403,Mount Eden-Claremont (West),1447,1425.8,85.4,0.1153,297.4,block_group,block_group,360050213024,7,1.0,1340.4,1511.2
1282,892a100a8d3ffff,Bronx,BX0501,University Heights (South)-Morris Heights,2323,1484.5,267.2,0.1393,353.3,block_group,block_group,360050217001,7,1.0,1217.3,1751.7
1283,892a100a8d7ffff,Bronx,BX0403,Mount Eden-Claremont (West),942,1517.1,117.5,0.1554,393.5,mixed,block_group,360050227021,5,1.0,1399.6,1634.6
1284,892a100a8dbffff,Bronx,BX0501,University Heights (South)-Morris Heights,6805,1014.2,295.0,0.033,113.6,block_group,block_group,360050205015,7,1.0,719.2,1309.2
1285,892a100a903ffff,Bronx,BX0202,Longwood,880,1707.5,379.3,0.2833,700.5,block_group,block_group,360050085003,5,1.0,1328.2,2086.8
1286,892a100a907ffff,Bronx,BX0202,Longwood,1594,1161.4,216.8,0.0534,153.0,mixed,tract,36005008500,3,1.0,944.6,1378.2
1287,892a100a90bffff,Bronx,BX0102,Melrose,983,1192.6,236.9,0.0585,165.4,mixed,block_group,360050079005,5,1.0,955.7,1429.5
1288,892a100a90fffff,Bronx,BX0202,Longwood,1154,1672.8,359.4,0.2495,622.3,mixed,block_group,360050083001,5,1.0,1313.4,2032.2
1289,892a100a913ffff,Bronx,BX0202,Longwood,1343,1222.8,160.7,0.0644,178.0,block_group,block_group,360050129012,5,1.0,1062.1,1383.5
1290,892a100a917ffff,Bronx,BX0202,Longwood,752,1148.9,184.0,0.0507,146.7,block_group,block_group,360050089002,5,1.0,964.9,1332.9
1291,892a100a91bffff,Bronx,BX0301,Morrisania,722,1414.5,585.6,0.111,288.7,block_group,block_group,360050133002,3,1.0,828.9,2000.1
1294,892a100a92bffff,Bronx,BX0201,Hunts Point,325,1562.1,242.1,0.1748,442.5,mixed,block_group,360050031001,2,1.0,1320.0,1804.2
1298,892a100a93bffff,Bronx,BX0202,Longwood,1136,1255.8,192.3,0.07,190.7,mixed,block_group,360050083005,5,1.0,1063.5,1448.1
1299,892a100a943ffff,Bronx,BX0102,Melrose,1783,1239.7,113.4,0.0673,184.6,mixed,block_group,360050075002,4,1.0,1126.3,1353.1
1300,892a100a947ffff,Bronx,BX0102,Melrose,1705,794.5,295.3,0.0179,81.2,block_group,block_group,360050075003,3,1.0,499.2,1089.8
1301,892a100a94bffff,Bronx,BX0102,Melrose,1288,1180.8,113.3,0.0568,161.3,mixed,block_group,360050069001,4,1.0,1067.5,1294.1
1302,892a100a94fffff,Bronx,BX0102,Melrose,947,1279.3,270.8,0.076,202.6,mixed,block_group,360050071002,2,1.0,1008.5,1550.1
1303,892a100a953ffff,Bronx,BX0301,Morrisania,1221,1487.6,180.2,0.1414,358.6,block_group,block_group,360050141002,4,1.0,1307.4,1667.8
1304,892a100a957ffff,Bronx,BX0102,Melrose,593,1259.3,117.8,0.0709,193.1,block_group,block_group,360050075002,3,1.0,1141.5,1377.1
1305,892a100a95bffff,Bronx,BX0301,Morrisania,1501,1360.1,67.3,0.0947,249.0,block_group,block_group,360050141003,4,1.0,1292.8,1427.4
1306,892a100a963ffff,Bronx,BX0101,Mott Haven-Port Morris,1636,1164.0,100.1,0.0543,155.3,mixed,block_group,360050035003,6,1.0,1063.9,1264.1
1307,892a100a967ffff,Bronx,BX0101,Mott Haven-Port Morris,474,1698.2,215.9,0.2739,679.1,block_group,block_group,360050031001,3,1.0,1482.3,1914.1
1308,892a100a96bffff,Bronx,BX0101,Mott Haven-Port Morris,376,918.1,267.9,0.0254,97.2,block_group,block_group,360050043004,3,1.0,650.2,1186.0
1309,892a100a96fffff,Bronx,BX0101,Mott Haven-Port Morris,246,1592.9,155.8,0.1923,484.0,mixed,block_group,360050035001,4,1.0,1437.1,1748.7
1310,892a100a973ffff,Bronx,BX0102,Melrose,1635,1361.0,436.1,0.0951,250.0,mixed,block_group,36005007900,4,1.0,924.9,1797.1
1311,892a100a977ffff,Bronx,BX0102,Melrose,1470,1576.3,212.6,0.1822,459.9,block_group,block_group,360050031001,7,1.0,1363.7,1788.9
1312,892a100a97bffff,Bronx,BX0102,Melrose,1063,896.3,235.3,0.0245,95.2,block_group,block_group,360050073003,3,1.0,661.0,1131.6
1313,892a100a983ffff,Bronx,BX0202,Longwood,1109,1388.0,132.1,0.103,270.5,mixed,block_group,360050159001,6,1.0,1255.9,1520.1
1314,892a100a987ffff,Bronx,BX0202,Longwood,628,1481.4,404.5,0.1378,349.7,block_group,block_group,360050119001,2,1.0,1076.9,1885.9
1315,892a100a98bffff,Bronx,BX0202,Longwood,1171,1386.3,139.9,0.1025,269.0,mixed,block_group,360050129011,6,1.0,1246.4,1526.2
1316,892a100a98fffff,Bronx,BX0202,Longwood,1492,1159.8,143.3,0.0527,151.2,mixed,block_group,360050087002,6,1.0,1016.5,1303.1
1317,892a100a993ffff,Bronx,BX0202,Longwood,1576,1154.1,181.2,0.0514,148.5,mixed,block_group,360050127011,6,1.0,972.9,1335.3
1318,892a100a997ffff,Bronx,BX0202,Longwood,1434,1565.0,88.9,0.1761,445.7,mixed,tract,36005011900,3,1.0,1476.1,1653.9
1319,892a100a99bffff,Bronx,BX0303,Crotona Park East,828,1270.3,133.2,0.0736,197.4,block_group,block_group,360050125001,4,1.0,1137.1,1403.5
1320,892a100a9a3ffff,Bronx,BX0201,Hunts Point,889,1594.2,200.3,0.1941,488.4,block_group,block_group,360050093013,2,1.0,1393.9,1794.5
1321,892a100a9a7ffff,Bronx,BX0201,Hunts Point,1045,1523.4,211.9,0.1582,401.0,block_group,block_group,360050093012,3,1.0,1311.5,1735.3
1322,892a100a9abffff,Bronx,BX0201,Hunts Point,133,1290.8,190.7,0.0794,210.8,mixed,block_group,360050089002,2,1.0,1100.1,1481.5
1323,892a100a9afffff,Bronx,BX0201,Hunts Point,155,1292.5,450.1,0.0803,213.2,mixed,block_group,360050093012,2,1.0,842.4,1742.6
1324,892a100a9b3ffff,Bronx,BX0201,Hunts Point,1653,1272.8,259.4,0.0741,198.8,block_group,block_group,360050115022,4,1.0,1013.4,1532.2
1325,892a100a9b7ffff,Bronx,BX0201,Hunts Point,976,1431.2,208.9,0.1178,303.5,block_group,block_group,360050117011,4,1.0,1222.3,1640.1
1326,892a100a9bbffff,Bronx,BX0201,Hunts Point,869,1173.2,358.2,0.0557,158.5,block_group,block_group,360050089001,3,1.0,815.0,1531.4
1327,892a100a9c3ffff,Bronx,BX0301,Morrisania,1134,1426.6,346.8,0.1156,298.4,mixed,block_group,360050135002,4,1.0,1079.8,1773.4
1328,892a100a9c7ffff,Bronx,BX0202,Longwood,1273,1286.7,398.5,0.0781,207.4,block_group,block_group,360050129012,4,1.0,888.2,1685.2
1329,892a100a9cbffff,Bronx,BX0301,Morrisania,1700,1175.5,113.1,0.0561,159.4,block_group,block_group,360050185011,4,1.0,1062.4,1288.6
1330,892a100a9cfffff,Bronx,BX0301,Morrisania,1806,721.2,279.0,0.0126,71.7,block_group,block_group,360050133001,4,1.0,442.2,1000.2
1331,892a100a9d3ffff,Bronx,BX0301,Morrisania,1172,1162.5,154.6,0.0538,153.9,mixed,block_group,360050135003,6,1.0,1007.9,1317.1
1332,892a100a9d7ffff,Bronx,BX0202,Longwood,1195,1242.9,107.5,0.0682,186.5,mixed,block_group,360050131001,4,1.0,1135.4,1350.4
1333,892a100a9dbffff,Bronx,BX0301,Morrisania,1315,1224.3,195.9,0.0651,178.9,block_group,block_group,360050185022,4,1.0,1028.4,1420.2
1334,892a100aa03ffff,Manhattan,MN1201,Washington Heights (South),2579,1781.8,198.7,0.3581,866.4,block_group,block_group,360610241001,6,1.0,1583.1,1980.5
1335,892a100aa07ffff,Manhattan,MN1201,Washington Heights (South),2153,1201.7,421.2,0.0609,169.6,mixed,block_group,360610241004,5,1.0,780.5,1622.9
1336,892a100aa0fffff,Manhattan,MN0903,Hamilton Heights-Sugar Hill,806,2011.8,396.8,0.5876,1434.5,block_group,block_group,360610237003,3,1.0,1615.0,2408.6
1337,892a100aa13ffff,Manhattan,MN1201,Washington Heights (South),2338,1914.2,312.2,0.4923,1203.8,mixed,block_group,360610245002,6,1.0,1602.0,2226.4
1338,892a100aa17ffff,Manhattan,MN1201,Washington Heights (South),2424,1345.4,121.5,0.0904,238.6,mixed,block_group,360610245004,4,1.0,1223.9,1466.9
1339,892a100aa1bffff,Manhattan,MN1201,Washington Heights (South),371,1802.8,879.4,0.3832,925.2,block_group,block_group,360610247001,2,1.0,923.4,2682.2
1340,892a100aa23ffff,Manhattan,MN0903,Hamilton Heights-Sugar Hill,1632,1662.5,231.3,0.2392,597.9,block_group,block_group,360610231002,7,1.0,1431.2,1893.8
1341,892a100aa27ffff,Manhattan,MN0903,Hamilton Heights-Sugar Hill,1765,1578.2,275.9,0.1837,463.7,block_group,block_group,360610259001,4,1.0,1302.3,1854.1
1342,892a100aa2bffff,Manhattan,MN0903,Hamilton Heights-Sugar Hill,2263,2100.6,246.4,0.6732,1654.1,block_group,block_group,360610233002,5,1.0,1854.2,2347.0
1343,892a100aa2fffff,Manhattan,MN0903,Hamilton Heights-Sugar Hill,2000,1790.5,263.0,0.3682,890.9,block_group,block_group,360610231002,6,1.0,1527.5,2053.5
1344,892a100aa33ffff,Manhattan,MN0903,Hamilton Heights-Sugar Hill,1666,1656.3,329.8,0.2327,583.7,block_group,block_group,360610235013,5,1.0,1326.5,1986.1
1345,892a100aa37ffff,Manhattan,MN1002,Harlem (North),2235,1507.0,172.0,0.1498,380.2,block_group,block_group,360610235021,3,1.0,1335.0,1679.0
1346,892a100aa3bffff,Manhattan,MN0903,Hamilton Heights-Sugar Hill,1786,1847.2,221.9,0.4307,1040.6,block_group,block_group,360610237001,4,1.0,1625.3,2069.1
1347,892a100aa67ffff,Manhattan,MN0903,Hamilton Heights-Sugar Hill,768,2127.6,620.7,0.6993,1721.4,block_group,block_group,360610229001,3,1.0,1506.9,2748.3
1349,892a100aa77ffff,Manhattan,MN0903,Hamilton Heights-Sugar Hill,1237,2128.3,471.6,0.7,1723.4,block_group,block_group,360610237002,2,1.0,1656.7,2599.9
1350,892a100aa83ffff,Manhattan,MN1201,Washington Heights (South),1861,1926.3,220.6,0.5009,1228.8,block_group,block_group,360610253003,7,1.0,1705.7,2146.9
1351,892a100aa8bffff,Manhattan,MN1201,Washington Heights (South),300,1654.9,213.9,0.2316,580.9,block_group,block_group,360610245002,2,1.0,1441.0,1868.8
1352,892a100aa8fffff,Manhattan,MN1201,Washington Heights (South),1555,1392.8,143.7,0.105,274.6,block_group,block_group,360610245001,6,1.0,1249.1,1536.5
1353,892a100aa93ffff,Manhattan,MN1201,Washington Heights (South),2328,1398.2,180.0,0.107,279.6,block_group,block_group,360610261001,6,1.0,1218.2,1578.2
1354,892a100aa9bffff,Manhattan,MN1201,Washington Heights (South),2521,1922.3,229.8,0.4979,1220.1,block_group,block_group,360610253006,8,1.0,1692.5,2152.1
1355,892a100aaa3ffff,Manhattan,MN1002,Harlem (North),984,758.0,263.0,0.0143,75.0,block_group,block_group,360610243022,1,1.0,495.0,1021.0
1356,892a100aaa7ffff,Bronx,BX0402,Highbridge,106,1730.0,393.0,0.3064,755.2,block_group,block_group,360050189001,1,1.0,1337.0,2123.0
1357,892a100aaabffff,Manhattan,MN1201,Washington Heights (South),1340,1686.1,201.7,0.2623,653.2,mixed,block_group,360610239002,5,1.0,1484.4,1887.8
1358,892a100aaafffff,Manhattan,MN1002,Harlem (North),1616,718.8,196.8,0.0121,70.5,mixed,tract,36061024302,2,1.0,522.0,915.6
1359,892a100aab7ffff,Bronx,BX0402,Highbridge,924,1514.9,182.6,0.1537,389.3,block_group,block_group,360050189004,4,1.0,1332.3,1697.5
1360,892a100aabbffff,Manhattan,MN1201,Washington Heights (South),959,1419.6,190.1,0.1127,292.3,block_group,block_group,360610243012,2,1.0,1229.5,1609.7
1362,892a100aad7ffff,Manhattan,MN1201,Washington Heights (South),517,2184.6,594.2,0.7453,1853.1,block_group,block_group,360610255001,2,1.0,1590.4,2778.8
1363,892a100ab03ffff,Bronx,BX0401,Concourse-Concourse Village,2106,2597.0,1167.0,0.916,2373.6,block_group,block_group,360050063015,1,1.0,1430.0,3764.0
1364,892a100ab07ffff,Bronx,BX0101,Mott Haven-Port Morris,974,2711.5,932.0,0.9461,2466.2,block_group,block_group,360050051001,2,1.0,1779.5,3643.5
1365,892a100ab0bffff,Manhattan,MN1002,Harlem (North),1028,1504.5,184.7,0.1483,376.0,block_group,block_group,360610214001,2,1.0,1319.8,1689.2
1366,892a100ab13ffff,Bronx,BX0401,Concourse-Concourse Village,449,1632.3,124.2,0.2154,541.1,mixed,tract,36005006301,3,1.0,1508.1,1756.5
1367,892a100ab17ffff,Bronx,BX0101,Mott Haven-Port Morris,56,2793.0,1362.0,0.9566,2504.8,block_group,block_group,360050051001,1,1.0,1431.0,4155.0
1368,892a100ab23ffff,Bronx,BX0101,Mott Haven-Port Morris,1232,1026.7,548.9,0.0343,116.6,block_group,block_group,360050023001,3,1.0,477.8,1575.6
1369,892a100ab27ffff,Bronx,BX0101,Mott Haven-Port Morris,1287,2011.4,434.9,0.5871,1433.2,block_group,block_group,360050019011,2,1.0,1576.5,2446.3
1370,892a100ab2bffff,Bronx,BX0101,Mott Haven-Port Morris,1185,2793.0,1362.0,0.9566,2504.8,block_group,block_group,360050051001,1,1.0,1431.0,4155.0
1371,892a100ab2fffff,Bronx,BX0101,Mott Haven-Port Morris,1129,2008.0,484.0,0.5841,1426.2,block_group,block_group,360050019011,1,1.0,1524.0,2492.0
1372,892a100ab33ffff,Bronx,BX0101,Mott Haven-Port Morris,1631,591.8,89.8,0.0069,60.3,mixed,block_group,360050051002,3,1.0,502.0,681.6
1373,892a100ab37ffff,Bronx,BX0101,Mott Haven-Port Morris,1310,831.0,391.4,0.0195,84.7,block_group,block_group,360050023003,6,1.0,439.6,1222.4
1375,892a100ab43ffff,Manhattan,MN1002,Harlem (North),2576,908.6,86.3,0.0247,95.6,block_group,block_group,360610230004,6,1.0,822.3,994.9
1376,892a100ab47ffff,Manhattan,MN1002,Harlem (North),2915,1466.7,296.6,0.1324,336.1,block_group,block_group,360610214002,6,1.0,1170.1,1763.3
1377,892a100ab4bffff,Manhattan,MN1002,Harlem (North),1473,1673.3,100.6,0.25,624.0,mixed,block_group,360610221021,7,1.0,1572.7,1773.9
1378,892a100ab4fffff,Manhattan,MN1002,Harlem (North),1898,1372.8,236.3,0.099,260.0,block_group,block_group,360610228004,6,1.0,1136.5,1609.1
1379,892a100ab53ffff,Manhattan,MN1002,Harlem (North),2485,1704.1,196.0,0.2798,691.8,block_group,block_group,360610234002,3,1.0,1508.1,1900.1
1380,892a100ab57ffff,Manhattan,MN1002,Harlem (North),1252,1401.2,116.4,0.1075,281.1,block_group,block_group,360610232002,3,1.0,1284.8,1517.6
1381,892a100ab5bffff,Manhattan,MN1002,Harlem (North),2378,1318.4,164.7,0.0853,225.9,block_group,block_group,360610227003,5,1.0,1153.7,1483.1
1382,892a100ab63ffff,Manhattan,MN1002,Harlem (North),2501,1994.6,277.6,0.5724,1396.9,block_group,block_group,360610212004,5,1.0,1717.0,2272.2
1383,892a100ab67ffff,Manhattan,MN1102,East Harlem (North),1738,1118.2,159.0,0.0465,136.8,block_group,block_group,360610210004,4,1.0,959.2,1277.2
1384,892a100ab6bffff,Manhattan,MN1002,Harlem (North),1845,1848.3,328.1,0.4319,1043.6,block_group,block_group,360610226002,5,1.0,1520.2,2176.4
1385,892a100ab6fffff,Manhattan,MN1002,Harlem (North),1743,1542.5,240.8,0.1654,419.2,block_group,block_group,360610208002,4,1.0,1301.7,1783.3
1386,892a100ab73ffff,Manhattan,MN1002,Harlem (North),2699,1453.0,181.7,0.1262,324.1,mixed,block_group,36061021000,3,1.0,1271.3,1634.7
1387,892a100ab77ffff,Manhattan,MN1102,East Harlem (North),206,2011.0,1102.0,0.5869,1432.6,block_group,block_group,360610210002,1,1.0,909.0,3113.0
1388,892a100ab7bffff,Manhattan,MN1002,Harlem (North),1078,1287.7,209.9,0.0785,208.4,block_group,block_group,360610228002,4,1.0,1077.8,1497.6
1389,892a100ab83ffff,Bronx,BX0401,Concourse-Concourse Village,1214,1287.4,351.5,0.0783,207.9,block_group,block_group,360050061003,2,1.0,935.9,1638.9
1390,892a100ab87ffff,Bronx,BX0102,Melrose,1259,1092.5,238.1,0.0415,132.8,mixed,tract,36005006700,3,1.0,854.4,1330.6
1391,892a100ab8bffff,Bronx,BX0401,Concourse-Concourse Village,729,1428.0,154.1,0.1165,300.5,block_group,block_group,360050063014,3,1.0,1273.9,1582.1
1392,892a100ab8fffff,Bronx,BX0401,Concourse-Concourse Village,813,1338.4,93.2,0.0895,236.2,mixed,block_group,360050065002,3,1.0,1245.2,1431.6
1393,892a100ab93ffff,Bronx,BX0401,Concourse-Concourse Village,184,1702.1,170.1,0.2781,687.8,block_group,block_group,360050059021,2,1.0,1532.0,1872.2
1394,892a100ab97ffff,Bronx,BX0102,Melrose,1318,1244.3,421.0,0.0686,187.4,block_group,block_group,360050069004,4,1.0,823.3,1665.3
1395,892a100ab9bffff,Bronx,BX0401,Concourse-Concourse Village,1634,1493.3,103.3,0.1441,364.9,block_group,block_group,360050063012,5,1.0,1390.0,1596.6
1396,892a100aba3ffff,Bronx,BX0102,Melrose,586,1062.7,315.7,0.0379,124.9,block_group,block_group,360050065001,3,1.0,747.0,1378.4
1397,892a100aba7ffff,Bronx,BX0101,Mott Haven-Port Morris,1104,913.3,193.8,0.0253,96.8,mixed,block_group,360050043002,4,1.0,719.5,1107.1
1398,892a100ababffff,Bronx,BX0101,Mott Haven-Port Morris,1072,531.5,143.3,0.0045,56.0,block_group,block_group,360050051003,2,1.0,388.2,674.8
1399,892a100abafffff,Bronx,BX0101,Mott Haven-Port Morris,1152,894.9,253.0,0.024,94.0,mixed,block_group,360050041004,4,1.0,641.9,1147.9
1400,892a100abb3ffff,Bronx,BX0102,Melrose,1160,1080.1,236.0,0.0395,128.8,mixed,tract,36005006700,3,1.0,844.1,1316.1
1401,892a100abb7ffff,Bronx,BX0102,Melrose,1249,1256.6,249.8,0.0702,191.2,block_group,block_group,360050071002,3,1.0,1006.8,1506.4
1402,892a100abbbffff,Bronx,BX0102,Melrose,1283,1327.1,112.9,0.0879,232.2,mixed,block_group,360050065002,4,1.0,1214.2,1440.0
1404,892a100abcbffff,Manhattan,MN1002,Harlem (North),2019,1308.1,186.8,0.0837,221.5,mixed,block_group,360610234001,4,1.0,1121.3,1494.9
1405,892a100abcfffff,Manhattan,MN1002,Harlem (North),1225,1141.0,61.0,0.0491,142.6,block_group,block_group,360610236004,1,1.0,1080.0,1202.0
1407,892a100abd7ffff,Bronx,BX0401,Concourse-Concourse Village,159,1142.0,426.0,0.0493,143.1,block_group,block_group,360050063013,1,1.0,716.0,1568.0
1408,892a100abdbffff,Manhattan,MN1002,Harlem (North),258,1299.0,352.0,0.0815,216.1,block_group,block_group,360610236001,1,1.0,947.0,1651.0
1409,892a100ac03ffff,Bronx,BX0503,Fordham Heights,2151,1664.9,114.5,0.2428,607.0,mixed,block_group,360050237042,11,1.0,1550.4,1779.4
1410,892a100ac07ffff,Bronx,BX0502,Mount Hope,2208,1774.2,546.1,0.3515,849.7,block_group,block_group,360050381005,9,1.0,1228.1,2320.3
1411,892a100ac0bffff,Bronx,BX0501,University Heights (South)-Morris Heights,1029,1415.4,117.0,0.1111,289.2,mixed,tract,36005024100,6,1.0,1298.4,1532.4
1412,892a100ac0fffff,Bronx,BX0502,Mount Hope,2597,1492.2,170.2,0.144,364.4,mixed,block_group,360050235024,9,1.0,1322.0,1662.4
1413,892a100ac13ffff,Bronx,BX0503,Fordham Heights,1885,1602.4,300.0,0.1981,500.0,mixed,block_group,360050383013,7,1.0,1302.4,1902.4
1414,892a100ac17ffff,Bronx,BX0503,Fordham Heights,1560,1583.0,120.7,0.1864,470.3,block_group,block_group,360050383031,7,1.0,1462.3,1703.7
1415,892a100ac1bffff,Bronx,BX0503,Fordham Heights,1940,1510.7,95.4,0.1517,384.5,mixed,block_group,360050239002,10,1.0,1415.3,1606.1
1416,892a100ac23ffff,Bronx,BX0602,Tremont,478,1348.7,208.4,0.0916,241.6,mixed,block_group,360050379002,4,1.0,1140.3,1557.1
1417,892a100ac27ffff,Bronx,BX0602,Tremont,632,1545.9,501.3,0.1669,422.5,block_group,block_group,360050395004,2,1.0,1044.6,2047.2
1418,892a100ac2bffff,Bronx,BX0502,Mount Hope,3479,1541.0,158.6,0.1644,416.6,block_group,block_group,360050231001,6,1.0,1382.4,1699.6
1419,892a100ac2fffff,Bronx,BX0502,Mount Hope,91,1412.4,245.5,0.11,286.7,block_group,block_group,360050165001,3,1.0,1166.9,1657.9
1420,892a100ac33ffff,Bronx,BX0602,Tremont,974,1400.8,265.8,0.1073,280.6,mixed,block_group,360050379002,4,1.0,1135.0,1666.6
1421,892a100ac37ffff,Bronx,BX0602,Tremont,899,1254.1,169.8,0.0695,189.3,mixed,block_group,360050375043,3,1.0,1084.3,1423.9
1422,892a100ac3bffff,Bronx,BX0502,Mount Hope,2599,1273.4,216.2,0.0744,199.3,block_group,block_group,360050381006,8,1.0,1057.2,1489.6
1424,892a100ac47ffff,Bronx,BX0501,University Heights (South)-Morris Heights,1233,1395.8,153.2,0.1061,277.1,mixed,block_group,360050245021,6,1.0,1242.6,1549.0
1425,892a100ac4bffff,Bronx,BX0701,University Heights (North)-Fordham,332,1807.0,100.0,0.3873,934.2,block_group,block_group,360050247001,1,1.0,1707.0,1907.0
1426,892a100ac4fffff,Bronx,BX0501,University Heights (South)-Morris Heights,978,1539.8,164.8,0.1641,416.0,block_group,block_group,360050245023,5,1.0,1375.0,1704.6
1427,892a100ac53ffff,Bronx,BX0701,University Heights (North)-Fordham,931,1630.9,329.0,0.2149,539.4,block_group,block_group,360050257001,4,1.0,1301.9,1959.9
1428,892a100ac57ffff,Bronx,BX0501,University Heights (South)-Morris Heights,931,1354.9,398.3,0.0931,245.1,mixed,block_group,360050251005,5,1.0,956.6,1753.2
1429,892a100ac5bffff,Bronx,BX0701,University Heights (North)-Fordham,241,1703.0,108.0,0.2786,688.9,block_group,block_group,360050257001,1,1.0,1595.0,1811.0
1430,892a100ac63ffff,Bronx,BX0502,Mount Hope,1650,1362.6,140.2,0.096,252.5,block_group,block_group,360050233013,6,1.0,1222.4,1502.8
1431,892a100ac67ffff,Bronx,BX0502,Mount Hope,2361,1451.2,184.4,0.1248,321.6,block_group,block_group,360050227012,7,1.0,1266.8,1635.6
1432,892a100ac6bffff,Bronx,BX0501,University Heights (South)-Morris Heights,1651,1077.0,127.9,0.0388,127.1,block_group,block_group,360050215021,7,1.0,949.1,1204.9
1433,892a100ac6fffff,Bronx,BX0502,Mount Hope,2237,1637.9,141.0,0.2192,549.4,block_group,block_group,360050227013,6,1.0,1496.9,1778.9
1434,892a100ac73ffff,Bronx,BX0502,Mount Hope,1644,1333.5,242.1,0.0891,235.2,mixed,block_group,360050243001,9,1.0,1091.4,1575.6
1435,892a100ac77ffff,Bronx,BX0502,Mount Hope,1918,1218.4,177.1,0.0635,175.6,block_group,block_group,360050235021,9,1.0,1041.3,1395.5
1436,892a100ac7bffff,Bronx,BX0501,University Heights (South)-Morris Heights,1317,1369.6,188.6,0.0981,257.5,block_group,block_group,360050243004,6,1.0,1181.0,1558.2
1437,892a100ac83ffff,Bronx,BX0503,Fordham Heights,1147,1733.3,211.2,0.3134,762.3,block_group,block_group,360050399021,5,1.0,1522.1,1944.5
1438,892a100ac87ffff,Bronx,BX0603,Belmont,1041,1362.8,188.7,0.0962,253.0,block_group,block_group,360050385001,3,1.0,1174.1,1551.5
1439,892a100ac8bffff,Bronx,BX0503,Fordham Heights,1477,1568.2,131.3,0.1769,447.9,block_group,block_group,360050237031,4,1.0,1436.9,1699.5
1440,892a100ac8fffff,Bronx,BX0503,Fordham Heights,2136,1293.5,209.7,0.0806,214.2,block_group,block_group,360050383032,8,1.0,1083.8,1503.2
1441,892a100ac93ffff,Bronx,BX0701,University Heights (North)-Fordham,1827,1472.7,164.4,0.1346,341.3,block_group,block_group,360050399013,7,1.0,1308.3,1637.1
1443,892a100ac9bffff,Bronx,BX0701,University Heights (North)-Fordham,1259,1691.3,492.1,0.2668,663.0,block_group,block_group,360050401005,6,1.0,1199.2,2183.4
1444,892a100aca3ffff,Bronx,BX0602,Tremont,1133,1407.4,235.9,0.1095,285.2,mixed,block_group,360050375041,4,1.0,1171.5,1643.3
1445,892a100aca7ffff,Bronx,BX0602,Tremont,1314,1516.8,738.0,0.155,392.5,mixed,block_group,360050373001,5,1.0,778.8,2254.8
1446,892a100acabffff,Bronx,BX0602,Tremont,593,1240.0,125.8,0.0675,185.0,block_group,block_group,360050395001,5,1.0,1114.2,1365.8
1447,892a100acafffff,Bronx,BX0602,Tremont,578,1197.1,651.9,0.0601,167.7,block_group,block_group,360050375042,4,1.0,545.2,1849.0
1448,892a100acb3ffff,Bronx,BX0603,Belmont,1290,1896.1,469.6,0.4745,1158.3,mixed,block_group,360050387002,7,1.0,1426.5,2365.7
1449,892a100acb7ffff,Bronx,BX0603,Belmont,1585,1401.6,370.8,0.1077,281.6,mixed,block_group,360050391002,5,1.0,1030.8,1772.4
1450,892a100acbbffff,Bronx,BX0603,Belmont,1407,1388.4,155.9,0.1033,271.0,mixed,block_group,360050385004,6,1.0,1232.5,1544.3
1451,892a100acc3ffff,Bronx,BX0701,University Heights (North)-Fordham,1312,1517.4,96.2,0.1557,394.1,block_group,block_group,360050263001,8,1.0,1421.2,1613.6
1452,892a100acc7ffff,Bronx,BX0503,Fordham Heights,1768,1753.1,151.6,0.3352,805.8,mixed,block_group,360050253001,6,1.0,1601.5,1904.7
1453,892a100accbffff,Bronx,BX0701,University Heights (North)-Fordham,881,1593.3,368.8,0.1929,485.1,block_group,block_group,360050255002,4,1.0,1224.5,1962.1
1454,892a100accfffff,Bronx,BX0701,University Heights (North)-Fordham,2190,1486.1,169.1,0.1404,356.0,block_group,block_group,360050255001,8,1.0,1317.0,1655.2
1455,892a100acd3ffff,Bronx,BX0701,University Heights (North)-Fordham,1714,1752.8,383.3,0.3347,804.7,block_group,block_group,360050265002,7,1.0,1369.5,2136.1
1456,892a100acd7ffff,Bronx,BX0701,University Heights (North)-Fordham,1588,1657.1,112.1,0.2336,586.0,mixed,block_group,360050401004,7,1.0,1545.0,1769.2
1457,892a100acdbffff,Bronx,BX0701,University Heights (North)-Fordham,1508,1613.6,101.0,0.2035,513.2,block_group,block_group,360050261001,3,1.0,1512.6,1714.6
1458,892a100ad03ffff,Bronx,BX0303,Crotona Park East,1431,1153.2,439.6,0.0509,147.1,block_group,block_group,360050161001,5,1.0,713.6,1592.8
1459,892a100ad07ffff,Bronx,BX0303,Crotona Park East,1274,1183.0,385.7,0.0572,162.2,block_group,block_group,360050157002,4,1.0,797.3,1568.7
1460,892a100ad0fffff,Bronx,BX0303,Crotona Park East,1004,1447.4,389.3,0.1229,316.9,mixed,block_group,360050157004,6,1.0,1058.1,1836.7
1461,892a100ad13ffff,Bronx,BX0601,West Farms,838,1321.6,316.4,0.0862,228.3,block_group,block_group,360050359001,2,1.0,1005.2,1638.0
1462,892a100ad17ffff,Bronx,BX0601,West Farms,423,1349.7,392.9,0.092,242.6,block_group,block_group,360050359001,2,1.0,956.8,1742.6
1463,892a100ad1bffff,Bronx,BX0602,Tremont,755,1650.4,276.8,0.2285,573.0,block_group,block_group,360050367002,3,1.0,1373.6,1927.2
1464,892a100ad23ffff,Bronx,BX0303,Crotona Park East,184,2180.0,101.0,0.7428,1844.5,block_group,block_group,360050054003,1,1.0,2079.0,2281.0
1465,892a100ad27ffff,Bronx,BX0901,Soundview-Bruckner-Bronx River,1290,1131.4,195.8,0.048,139.9,block_group,block_group,360050052002,4,1.0,935.6,1327.2
1466,892a100ad2bffff,Bronx,BX0303,Crotona Park East,1220,1329.3,87.3,0.0885,233.7,mixed,block_group,36005012300,4,1.0,1242.0,1416.6
1467,892a100ad2fffff,Bronx,BX0303,Crotona Park East,284,817.7,149.6,0.0186,82.8,block_group,block_group,360050121011,2,1.0,668.1,967.3
1468,892a100ad33ffff,Bronx,BX0901,Soundview-Bruckner-Bronx River,414,1688.6,203.0,0.2641,658.4,block_group,block_group,360050056003,4,1.0,1485.6,1891.6
1469,892a100ad37ffff,Bronx,BX0901,Soundview-Bruckner-Bronx River,1057,1594.0,304.8,0.1937,487.3,block_group,block_group,360050054002,5,1.0,1289.2,1898.8
1470,892a100ad3bffff,Bronx,BX0303,Crotona Park East,1068,1153.9,340.5,0.0512,148.0,block_group,block_group,360050157003,3,1.0,813.4,1494.4
1471,892a100ad4bffff,Bronx,BX0302,Claremont Village-Claremont (East),845,1257.4,67.7,0.0705,192.1,block_group,block_group,360050167002,3,1.0,1189.7,1325.1
1472,892a100ad5bffff,Bronx,BX0302,Claremont Village-Claremont (East),161,1362.0,376.0,0.0958,252.0,block_group,block_group,360050165001,1,1.0,986.0,1738.0
1473,892a100ad63ffff,Bronx,BX0303,Crotona Park East,1213,1620.1,486.0,0.207,522.1,mixed,block_group,36005015300,5,1.0,1134.1,2106.1
1474,892a100ad67ffff,Bronx,BX0303,Crotona Park East,941,1499.4,103.2,0.1462,370.2,block_group,block_group,360050125001,4,1.0,1396.2,1602.6
1475,892a100ad6bffff,Bronx,BX0301,Morrisania,1210,1383.9,173.7,0.1017,267.5,mixed,block_group,360050151003,5,1.0,1210.2,1557.6
1476,892a100ad6fffff,Bronx,BX0301,Morrisania,1043,1435.1,124.9,0.1187,305.6,mixed,block_group,360050125002,7,1.0,1310.2,1560.0
1477,892a100ad73ffff,Bronx,BX0303,Crotona Park East,377,976.5,436.9,0.031,109.4,mixed,block_group,360050153001,2,1.0,539.6,1413.4
1478,892a100ad77ffff,Bronx,BX0303,Crotona Park East,1655,1595.0,207.9,0.1945,489.5,mixed,block_group,360050123001,6,1.0,1387.1,1802.9
1479,892a100ad7bffff,Bronx,BX0303,Crotona Park East,886,1275.2,324.8,0.075,200.7,block_group,block_group,360050153001,5,1.0,950.4,1600.0
1480,892a100ad87ffff,Bronx,BX0601,West Farms,729,1373.7,91.7,0.0994,261.0,block_group,block_group,360050220001,2,1.0,1282.0,1465.4
1481,892a100ad8bffff,Bronx,BX0601,West Farms,1276,1319.5,201.5,0.0857,226.9,mixed,block_group,360050363004,4,1.0,1118.0,1521.0
1482,892a100ad8fffff,Bronx,BX0601,West Farms,1593,923.4,70.6,0.0262,98.9,block_group,block_group,360050359001,3,1.0,852.8,994.0
1483,892a100ad97ffff,Bronx,BX0601,West Farms,48,2667.0,609.0,0.9373,2440.1,block_group,block_group,360050240003,1,1.0,2058.0,3276.0
1484,892a100ad9bffff,Bronx,BX0601,West Farms,1545,1507.5,600.4,0.1505,381.8,mixed,block_group,360050363001,5,1.0,907.1,2107.9
1485,892a100ada3ffff,Bronx,BX0901,Soundview-Bruckner-Bronx River,1402,458.6,145.9,0.0027,53.3,block_group,block_group,360050062003,2,1.0,312.7,604.5
1486,892a100ada7ffff,Bronx,BX0901,Soundview-Bruckner-Bronx River,617,1665.2,296.0,0.243,607.5,block_group,block_group,360050064001,5,1.0,1369.2,1961.2
1487,892a100adabffff,Bronx,BX0601,West Farms,162,1597.2,230.4,0.1954,492.2,block_group,block_group,360050056002,2,1.0,1366.8,1827.6
1488,892a100adafffff,Bronx,BX0901,Soundview-Bruckner-Bronx River,1126,1229.1,165.1,0.0658,180.8,block_group,block_group,360050056001,7,1.0,1064.0,1394.2
1489,892a100adb3ffff,Bronx,BX0901,Soundview-Bruckner-Bronx River,1,1494.0,146.0,0.1447,366.0,tract,tract,36005021800,1,1.0,1348.0,1640.0
1490,892a100adb7ffff,Bronx,BX0901,Soundview-Bruckner-Bronx River,924,1459.0,243.6,0.1285,328.3,block_group,block_group,360050064004,6,1.0,1215.4,1702.6
1491,892a100adbbffff,Bronx,BX0601,West Farms,174,1461.0,135.0,0.1303,331.4,block_group,block_group,360050060001,1,1.0,1326.0,1596.0
1492,892a100adc3ffff,Bronx,BX0602,Tremont,1256,1321.9,91.9,0.0864,228.8,mixed,block_group,360050371002,6,1.0,1230.0,1413.8
1493,892a100adc7ffff,Bronx,BX0602,Tremont,1291,1301.8,128.1,0.0819,217.1,block_group,block_group,360050365021,5,1.0,1173.7,1429.9
1494,892a100adcbffff,Bronx,BX0602,Tremont,1117,1248.6,323.6,0.0688,187.9,mixed,tract,36005036901,3,1.0,925.0,1572.2
1495,892a100adcfffff,Bronx,BX0602,Tremont,976,1428.8,153.1,0.117,301.5,block_group,block_group,360050369022,5,1.0,1275.7,1581.9
1496,892a100add3ffff,Bronx,BX0602,Tremont,1014,1282.1,288.6,0.077,205.0,mixed,block_group,360050371001,4,1.0,993.5,1570.7
1497,892a100add7ffff,Bronx,BX0601,West Farms,1714,1472.3,114.0,0.1342,340.8,mixed,block_group,360050365012,6,1.0,1358.3,1586.3
1498,892a100addbffff,Bronx,BX0602,Tremont,1558,1165.8,344.9,0.0545,155.8,mixed,block_group,360050373003,5,1.0,820.9,1510.7
1499,892a100ae03ffff,Manhattan,MN1202,Washington Heights (North),1932,1677.2,123.6,0.2535,633.2,block_group,block_group,360610279003,7,1.0,1553.6,1800.8
1500,892a100ae07ffff,Manhattan,MN1202,Washington Heights (North),1823,1484.9,163.8,0.1397,354.4,block_group,block_group,360610269006,8,1.0,1321.1,1648.7
1501,892a100ae0bffff,Manhattan,MN1202,Washington Heights (North),2267,2304.7,112.3,0.8178,2055.8,block_group,block_group,360610271005,7,1.0,2192.4,2417.0
1502,892a100ae0fffff,Manhattan,MN1202,Washington Heights (North),1626,1578.2,246.6,0.1837,463.7,block_group,block_group,360610271003,6,1.0,1331.6,1824.8
1503,892a100ae13ffff,Manhattan,MN1202,Washington Heights (North),2666,1606.1,141.1,0.2003,505.5,mixed,block_group,360610283002,7,1.0,1465.0,1747.2
1504,892a100ae17ffff,Manhattan,MN1202,Washington Heights (North),1528,1664.7,173.6,0.2426,606.4,block_group,block_group,360610277003,4,1.0,1491.1,1838.3
1505,892a100ae1bffff,Manhattan,MN1202,Washington Heights (North),2045,2130.3,152.9,0.7021,1729.3,block_group,block_group,360610281002,7,1.0,1977.4,2283.2
1506,892a100ae27ffff,Bronx,BX0402,Highbridge,120,1813.0,187.0,0.3936,951.1,block_group,block_group,360050201001,1,1.0,1626.0,2000.0
1507,892a100ae2bffff,Manhattan,MN1201,Washington Heights (South),2442,1512.1,172.6,0.1526,387.1,block_group,block_group,360610261005,7,1.0,1339.5,1684.7
1508,892a100ae37ffff,Bronx,BX0501,University Heights (South)-Morris Heights,510,1395.0,35.0,0.1059,276.6,block_group,block_group,360050205012,1,1.0,1360.0,1430.0
1509,892a100ae3bffff,Manhattan,MN1202,Washington Heights (North),1382,1359.0,269.8,0.0944,248.0,mixed,block_group,360610269004,6,1.0,1089.2,1628.8
1510,892a100ae47ffff,Manhattan,MN1202,Washington Heights (North),810,2228.4,181.5,0.7785,1936.8,block_group,block_group,360610275002,3,1.0,2046.9,2409.9
1511,892a100ae57ffff,Manhattan,MN1202,Washington Heights (North),755,2214.1,225.4,0.7718,1912.8,block_group,block_group,360610275001,2,1.0,1988.7,2439.5
1512,892a100ae63ffff,Manhattan,MN1202,Washington Heights (North),1547,1754.5,192.7,0.3361,808.8,mixed,block_group,360610265002,5,1.0,1561.8,1947.2
1513,892a100ae67ffff,Manhattan,MN1201,Washington Heights (South),1860,1847.7,164.4,0.4314,1041.8,block_group,block_group,360610263004,6,1.0,1683.3,2012.1
1515,892a100ae6fffff,Manhattan,MN1201,Washington Heights (South),894,1716.6,259.9,0.2919,722.6,block_group,block_group,360610255003,3,1.0,1456.7,1976.5
1516,892a100ae73ffff,Manhattan,MN1202,Washington Heights (North),2387,2346.0,434.7,0.8377,2121.7,mixed,block_group,360610273003,6,1.0,1911.3,2780.7
1517,892a100ae77ffff,Manhattan,MN1201,Washington Heights (South),1847,1536.0,289.7,0.1617,410.1,block_group,block_group,360610263001,8,1.0,1246.3,1825.7
1518,892a100ae7bffff,Manhattan,MN1202,Washington Heights (North),931,2091.6,487.3,0.6632,1626.1,block_group,block_group,360610265003,2,1.0,1604.3,2578.9
1519,892a100ae83ffff,Manhattan,MN1203,Inwood,1167,595.0,336.0,0.007,60.6,block_group,block_group,360610299001,1,1.0,259.0,931.0
1521,892a100ae8bffff,Manhattan,MN1202,Washington Heights (North),2385,1570.7,88.4,0.1786,452.3,block_group,block_group,360610283004,6,1.0,1482.3,1659.1
1522,892a100ae8fffff,Manhattan,MN1202,Washington Heights (North),256,1699.6,189.7,0.2758,682.0,block_group,block_group,360610277004,2,1.0,1509.9,1889.3
1523,892a100ae93ffff,Manhattan,MN1203,Inwood,1573,1329.2,153.0,0.0882,233.2,block_group,block_group,360610291003,6,1.0,1176.2,1482.2
1525,892a100ae9bffff,Manhattan,MN1202,Washington Heights (North),2216,1506.9,82.8,0.1496,379.7,block_group,block_group,360610285001,6,1.0,1424.1,1589.7
1526,892a100aea3ffff,Bronx,BX0501,University Heights (South)-Morris Heights,2059,1628.0,735.2,0.2123,533.8,mixed,block_group,360050053001,3,1.0,892.8,2363.2
1527,892a100aea7ffff,Bronx,BX0501,University Heights (South)-Morris Heights,1660,1302.3,182.2,0.0821,217.6,mixed,block_group,360050215011,7,1.0,1120.1,1484.5
1528,892a100aeafffff,Bronx,BX0501,University Heights (South)-Morris Heights,1627,1349.1,179.9,0.0918,242.1,block_group,block_group,360050205013,4,1.0,1169.2,1529.0
1529,892a100aeb3ffff,Bronx,BX0501,University Heights (South)-Morris Heights,428,1439.4,155.3,0.1205,310.2,block_group,block_group,360050247002,2,1.0,1284.1,1594.7
1530,892a100aeb7ffff,Bronx,BX0501,University Heights (South)-Morris Heights,1188,1047.5,193.5,0.0359,120.5,mixed,block_group,360050205021,8,1.0,854.0,1241.0
1532,892a100aec7ffff,Manhattan,MN1202,Washington Heights (North),866,1696.4,164.0,0.2722,675.6,block_group,block_group,360610279005,4,1.0,1532.4,1860.4
1535,892a100aed7ffff,Manhattan,MN1202,Washington Heights (North),1335,1779.2,150.9,0.3557,859.9,block_group,block_group,360610287002,4,1.0,1628.3,1930.1
1536,892a100c003ffff,Queens,QN0504,Middle Village,467,1999.1,330.8,0.5756,1405.8,block_group,block_group,360810507002,4,1.0,1668.3,2329.9
1537,892a100c007ffff,Queens,QN0504,Middle Village,445,2487.9,653.2,0.8824,2267.9,mixed,block_group,360810671001,4,1.0,1834.7,3141.1
1538,892a100c00bffff,Queens,QN0504,Middle Village,420,2003.9,612.4,0.58,1416.6,block_group,block_group,360810507001,3,1.0,1391.5,2616.3
1539,892a100c00fffff,Queens,QN0501,Maspeth,447,2451.0,187.6,0.8723,2233.9,block_group,block_group,360810669001,5,1.0,2263.4,2638.6
1540,892a100c013ffff,Queens,QN0504,Middle Village,318,2127.6,481.7,0.6993,1721.4,block_group,block_group,360810507001,4,1.0,1645.9,2609.3
1541,892a100c017ffff,Queens,QN0504,Middle Village,411,2046.0,243.5,0.6192,1519.3,mixed,block_group,360810507002,3,1.0,1802.5,2289.5
1542,892a100c01bffff,Queens,QN0401,Elmhurst,125,2062.1,484.6,0.6356,1561.9,block_group,block_group,360810499002,2,1.0,1577.5,2546.7
1543,892a100c023ffff,Queens,QN0504,Middle Village,450,2191.8,119.0,0.7507,1867.7,block_group,block_group,360810661001,4,1.0,2072.8,2310.8
1544,892a100c027ffff,Queens,QN0504,Middle Village,435,1959.4,117.2,0.5427,1313.1,block_group,block_group,360810657033,4,1.0,1842.2,2076.6
1545,892a100c02bffff,Queens,QN0504,Middle Village,249,2093.0,126.1,0.6647,1630.0,block_group,block_group,360810661001,2,1.0,1966.9,2219.1
1546,892a100c02fffff,Queens,QN0504,Middle Village,426,1966.1,102.7,0.55,1333.4,block_group,block_group,360810659001,5,1.0,1863.4,2068.8
1547,892a100c033ffff,Queens,QN0504,Middle Village,141,2549.7,378.7,0.9013,2323.1,block_group,block_group,360810663011,2,1.0,2171.0,2928.4
1548,892a100c037ffff,Queens,QN0504,Middle Village,453,2413.9,465.5,0.8625,2198.0,block_group,block_group,360810677002,4,1.0,1948.4,2879.4
1549,892a100c03bffff,Queens,QN0504,Middle Village,167,3097.3,131.7,0.9877,2609.8,block_group,block_group,360810665014,3,1.0,2965.6,3229.0
1550,892a100c043ffff,Queens,QN0501,Maspeth,514,2047.5,237.1,0.6202,1522.5,block_group,block_group,360810493021,4,1.0,1810.4,2284.6
1551,892a100c047ffff,Queens,QN0501,Maspeth,418,2047.9,171.6,0.6209,1524.4,block_group,block_group,360810495001,4,1.0,1876.3,2219.5
1552,892a100c04bffff,Queens,QN0501,Maspeth,507,2349.0,613.5,0.8393,2125.7,block_group,block_group,360810511002,5,1.0,1735.5,2962.5
1553,892a100c04fffff,Queens,QN0501,Maspeth,309,2083.0,261.3,0.6536,1605.3,block_group,block_group,360810493022,5,1.0,1821.7,2344.3
1554,892a100c053ffff,Queens,QN0501,Maspeth,555,2017.7,238.5,0.5925,1448.6,block_group,block_group,360810497001,4,1.0,1779.2,2256.2
1555,892a100c057ffff,Queens,QN0501,Maspeth,186,2087.5,183.7,0.6599,1617.6,block_group,block_group,360810493022,2,1.0,1903.8,2271.2
1556,892a100c05bffff,Queens,QN0501,Maspeth,533,2133.8,323.2,0.7054,1738.5,block_group,block_group,360810493012,5,1.0,1810.6,2457.0
1557,892a100c063ffff,Queens,QN0501,Maspeth,465,2029.6,242.7,0.6047,1480.0,block_group,block_group,360810667011,4,1.0,1786.9,2272.3
1558,892a100c067ffff,Queens,QN0504,Middle Village,494,1857.5,162.6,0.4406,1067.5,block_group,block_group,360810665012,3,1.0,1694.9,2020.1
1559,892a100c06fffff,Queens,QN0504,Middle Village,284,1486.8,365.6,0.1409,357.0,block_group,block_group,360810665011,2,1.0,1121.2,1852.4
1560,892a100c073ffff,Queens,QN0501,Maspeth,589,2192.6,248.1,0.7509,1868.4,block_group,block_group,360810669002,4,1.0,1944.5,2440.7
1561,892a100c077ffff,Queens,QN0504,Middle Village,296,2136.3,162.1,0.7063,1741.7,block_group,block_group,360810665013,3,1.0,1974.2,2298.4
1562,892a100c07bffff,Queens,QN0501,Maspeth,526,2130.6,234.9,0.7028,1730.6,block_group,block_group,360810667011,4,1.0,1895.7,2365.5
1563,892a100c083ffff,Queens,QN0401,Elmhurst,628,1958.0,147.2,0.5413,1308.7,block_group,block_group,360810475002,3,1.0,1810.8,2105.2
1564,892a100c087ffff,Queens,QN0504,Middle Village,447,2105.6,246.8,0.6788,1665.8,block_group,block_group,360810687003,2,1.0,1858.8,2352.4
1565,892a100c08bffff,Queens,QN0401,Elmhurst,549,2143.6,224.0,0.7116,1756.8,block_group,block_group,360810499003,3,1.0,1919.6,2367.6
1566,892a100c08fffff,Queens,QN0504,Middle Village,582,1913.4,226.1,0.4914,1201.9,block_group,block_group,360810505001,3,1.0,1687.3,2139.5
1567,892a100c093ffff,Queens,QN0401,Elmhurst,309,2128.9,156.0,0.7008,1726.0,block_group,block_group,360810683001,2,1.0,1972.9,2284.9
1568,892a100c097ffff,Queens,QN0601,Rego Park,426,2002.3,140.0,0.5786,1414.1,block_group,block_group,360810687001,3,1.0,1862.3,2142.3
1569,892a100c09bffff,Queens,QN0401,Elmhurst,506,1968.4,137.2,0.5524,1339.1,block_group,block_group,360810475002,2,1.0,1831.2,2105.6
1570,892a100c0a3ffff,Queens,QN0504,Middle Village,802,1930.8,113.0,0.5044,1239.5,block_group,block_group,360810679002,4,1.0,1817.8,2043.8
1571,892a100c0a7ffff,Queens,QN0504,Middle Village,554,1717.2,308.9,0.293,724.9,block_group,block_group,360810679003,3,1.0,1408.3,2026.1
1572,892a100c0abffff,Queens,QN0504,Middle Village,396,2485.4,294.8,0.8822,2267.2,mixed,block_group,360810663011,2,1.0,2190.6,2780.2
1573,892a100c0afffff,Queens,QN0504,Middle Village,290,2482.1,239.4,0.8815,2264.5,block_group,block_group,360810663012,4,1.0,2242.7,2721.5
1574,892a100c0b3ffff,Queens,QN0601,Rego Park,810,2118.0,426.3,0.6909,1697.2,block_group,block_group,360810679002,4,1.0,1691.7,2544.3
1575,892a100c0b7ffff,Queens,QN0601,Rego Park,540,1857.9,157.5,0.4414,1068.8,block_group,block_group,360810695001,5,1.0,1700.4,2015.4
1576,892a100c0bbffff,Queens,QN0504,Middle Village,378,2020.9,149.5,0.5968,1458.9,mixed,tract,36081067900,5,1.0,1871.4,2170.4
1577,892a100c0c3ffff,Queens,QN0401,Elmhurst,592,1999.1,223.1,0.5756,1405.8,mixed,block_group,360810499004,6,1.0,1776.0,2222.2
1578,892a100c0c7ffff,Queens,QN0401,Elmhurst,577,2313.1,236.5,0.8227,2071.2,block_group,block_group,360810499002,2,1.0,2076.6,2549.6
1579,892a100c0cbffff,Queens,QN0501,Maspeth,503,1981.4,264.8,0.5636,1371.4,block_group,block_group,360810497001,4,1.0,1716.6,2246.2
1580,892a100c0cfffff,Queens,QN0401,Elmhurst,272,1808.4,318.3,0.3892,938.4,mixed,block_group,360810499004,4,1.0,1490.1,2126.7
1581,892a100c0d3ffff,Queens,QN0401,Elmhurst,1104,2242.5,222.4,0.7859,1961.4,mixed,block_group,360810479001,5,1.0,2020.1,2464.9
1582,892a100c0d7ffff,Queens,QN0401,Elmhurst,747,1996.1,131.2,0.5737,1400.7,block_group,block_group,360810479003,4,1.0,1864.9,2127.3
1583,892a100c0dbffff,Queens,QN0401,Elmhurst,227,2189.9,222.0,0.7496,1863.7,mixed,tract,36081047900,2,1.0,1967.9,2411.9
1584,892a100c103ffff,Queens,QN0503,Glendale,81,2506.1,1079.5,0.8874,2283.5,block_group,block_group,360810637003,3,1.0,1426.6,3585.6
1585,892a100c107ffff,Queens,QN0503,Glendale,460,2118.1,746.6,0.6913,1697.8,block_group,block_group,360810635001,3,1.0,1371.5,2864.7
1586,892a100c10bffff,Queens,QN0504,Middle Village,121,2593.9,880.5,0.9147,2369.5,block_group,block_group,360810621002,3,1.0,1713.4,3474.4
1587,892a100c10fffff,Queens,QN0503,Glendale,563,2045.5,124.9,0.619,1518.6,block_group,block_group,360810635002,4,1.0,1920.6,2170.4
1588,892a100c113ffff,Queens,QN0503,Glendale,180,2653.4,244.9,0.9323,2427.1,block_group,block_group,360810637002,2,1.0,2408.5,2898.3
1589,892a100c117ffff,Queens,QN0503,Glendale,221,2218.0,655.5,0.7745,1922.1,block_group,block_group,360810637004,3,1.0,1562.5,2873.5
1590,892a100c143ffff,Queens,QN0504,Middle Village,621,2132.7,301.6,0.7041,1735.2,block_group,block_group,360810619001,3,1.0,1831.1,2434.3
1591,892a100c147ffff,Queens,QN0504,Middle Village,384,2410.7,342.9,0.861,2193.3,block_group,block_group,360810619001,3,1.0,2067.8,2753.6
1592,892a100c153ffff,Queens,QN0504,Middle Village,567,1896.0,192.8,0.4743,1157.7,block_group,block_group,360810657031,5,1.0,1703.2,2088.8
1593,892a100c157ffff,Queens,QN0504,Middle Village,701,2207.2,264.1,0.7675,1900.9,block_group,block_group,360810621003,3,1.0,1943.1,2471.3
1594,892a100c15bffff,Queens,QN0504,Middle Village,515,1929.5,204.9,0.5033,1236.3,block_group,block_group,360810657021,3,1.0,1724.6,2134.4
1595,892a100c163ffff,Queens,QN0503,Glendale,377,2156.3,250.8,0.7224,1789.7,mixed,block_group,360810633011,4,1.0,1905.5,2407.1
1596,892a100c16bffff,Queens,QN0503,Glendale,587,1885.2,186.0,0.4642,1131.1,block_group,block_group,360810623002,5,1.0,1699.2,2071.2
1597,892a100c173ffff,Queens,QN0503,Glendale,462,1960.6,285.7,0.544,1316.3,block_group,block_group,360810633021,3,1.0,1674.9,2246.3
1598,892a100c17bffff,Queens,QN0503,Glendale,399,1890.5,191.7,0.4687,1144.1,block_group,block_group,360810623001,3,1.0,1698.8,2082.2
1599,892a100c183ffff,Queens,QN0601,Rego Park,476,2386.1,230.9,0.852,2166.9,block_group,block_group,360810703002,4,1.0,2155.2,2617.0
1600,892a100c187ffff,Queens,QN0602,Forest Hills,264,2091.9,150.1,0.6634,1626.7,block_group,block_group,360810645002,3,1.0,1941.8,2242.0
1601,892a100c18fffff,Queens,QN0503,Glendale,283,2465.8,295.6,0.8766,2246.8,block_group,block_group,360810637002,3,1.0,2170.2,2761.4
1602,892a100c193ffff,Queens,QN0602,Forest Hills,422,3008.0,425.1,0.9789,2582.1,mixed,tract,36081070700,3,1.0,2582.9,3433.1
1603,892a100c197ffff,Queens,QN0602,Forest Hills,357,1914.8,573.6,0.493,1205.1,mixed,block_group,360810707001,5,1.0,1341.2,2488.4
1604,892a100c19bffff,Queens,QN0601,Rego Park,443,1668.9,270.3,0.2474,616.6,block_group,block_group,360810703002,2,1.0,1398.6,1939.2
1605,892a100c1a3ffff,Queens,QN0503,Glendale,400,1767.0,228.0,0.3474,837.2,block_group,block_group,360810639001,1,1.0,1539.0,1995.0
1606,892a100c1a7ffff,Queens,QN0503,Glendale,146,2441.1,527.8,0.8699,2225.1,block_group,block_group,360810639002,2,1.0,1913.3,2968.9
1607,892a100c1abffff,Queens,QN0503,Glendale,313,2097.0,493.2,0.6687,1642.4,mixed,block_group,360810637004,4,1.0,1603.8,2590.2
1608,892a100c1afffff,Queens,QN0503,Glendale,390,2054.2,252.9,0.6282,1541.8,mixed,block_group,360810639001,3,1.0,1801.3,2307.1
1609,892a100c1b3ffff,Queens,QN0602,Forest Hills,241,1742.0,257.0,0.3204,778.1,block_group,block_group,360810645002,1,1.0,1485.0,1999.0
1610,892a100c1bbffff,Queens,QN0503,Glendale,7,2097.0,837.0,0.6687,1642.4,block_group,block_group,360810637004,1,1.0,1260.0,2934.0
1611,892a100c1cbffff,Queens,QN0504,Middle Village,317,2133.4,428.9,0.7052,1737.8,block_group,block_group,360810657032,2,1.0,1704.5,2562.3
1612,892a100c1dbffff,Queens,QN0504,Middle Village,245,1952.3,251.9,0.5271,1289.8,block_group,block_group,360810677001,3,1.0,1700.4,2204.2
1614,892a100c207ffff,Queens,QN0501,Maspeth,247,1872.6,207.5,0.4543,1105.1,block_group,block_group,360810531003,2,1.0,1665.1,2080.1
1616,892a100c20fffff,Queens,QN0501,Maspeth,21,1717.9,208.6,0.294,727.2,mixed,block_group,360810531003,2,1.0,1509.3,1926.5
1618,892a100c217ffff,Queens,QN0501,Maspeth,134,1738.1,172.0,0.3182,773.4,block_group,block_group,360810531003,2,1.0,1566.1,1910.1
1620,892a100c223ffff,Queens,QN0501,Maspeth,93,1963.5,139.3,0.5475,1325.1,block_group,block_group,360810525002,3,1.0,1824.2,2102.8
1621,892a100c227ffff,Queens,QN0501,Maspeth,374,1892.3,110.2,0.4701,1147.2,mixed,block_group,360810595021,4,1.0,1782.1,2002.5
1622,892a100c22bffff,Queens,QN0501,Maspeth,73,1730.0,286.0,0.3064,755.2,block_group,block_group,360810535011,1,1.0,1444.0,2016.0
1623,892a100c22fffff,Queens,QN0501,Maspeth,604,1910.2,179.1,0.4881,1193.8,block_group,block_group,360810595022,3,1.0,1731.1,2089.3
1624,892a100c233ffff,Queens,QN0501,Maspeth,387,2105.3,192.6,0.6785,1665.2,block_group,block_group,360810531001,3,1.0,1912.7,2297.9
1625,892a100c237ffff,Queens,QN0501,Maspeth,555,2282.8,164.1,0.8071,2022.2,mixed,block_group,360810525001,4,1.0,2118.7,2446.9
1626,892a100c23bffff,Queens,QN0501,Maspeth,102,2026.0,336.2,0.6006,1471.0,block_group,block_group,360810531001,2,1.0,1689.8,2362.2
1631,892a100c253ffff,Queens,QN0202,Sunnyside,24,3088.0,1213.0,0.9867,2607.0,block_group,block_group,360810205001,1,1.0,1875.0,4301.0
1633,892a100c25bffff,Queens,QN0202,Sunnyside,10,3088.0,1213.0,0.9867,2607.0,block_group,block_group,360810205001,1,1.0,1875.0,4301.0
1641,892a100c287ffff,Queens,QN0501,Maspeth,477,1960.6,217.8,0.544,1316.3,mixed,block_group,360810511001,3,1.0,1742.8,2178.4
1642,892a100c28fffff,Queens,QN0501,Maspeth,57,1708.0,469.0,0.2842,702.2,tract,tract,36081051500,1,1.0,1239.0,2177.0
1643,892a100c297ffff,Queens,QN0501,Maspeth,896,1942.1,288.4,0.5173,1266.5,mixed,block_group,360810515002,4,1.0,1653.7,2230.5
1645,892a100c2a3ffff,Queens,QN0501,Maspeth,510,1965.7,141.4,0.5497,1332.7,block_group,block_group,360810517002,4,1.0,1824.3,2107.1
1646,892a100c2a7ffff,Queens,QN0501,Maspeth,160,1756.0,223.8,0.337,811.2,block_group,block_group,360810521001,2,1.0,1532.2,1979.8
1647,892a100c2abffff,Queens,QN0501,Maspeth,531,1925.0,168.1,0.5003,1226.9,block_group,block_group,360810531002,5,1.0,1756.9,2093.1
1648,892a100c2afffff,Queens,QN0501,Maspeth,545,1976.3,102.6,0.5591,1356.8,block_group,block_group,360810521002,4,1.0,1873.7,2078.9
1649,892a100c2b3ffff,Queens,QN0501,Maspeth,286,1965.5,241.8,0.5495,1332.1,block_group,block_group,360810517001,4,1.0,1723.7,2207.3
1650,892a100c2bbffff,Queens,QN0501,Maspeth,368,1912.4,129.5,0.4903,1198.8,block_group,block_group,360810531002,4,1.0,1782.9,2041.9
1651,892a100c2cbffff,Queens,QN0202,Sunnyside,286,1399.0,349.0,0.1072,280.1,block_group,block_group,360810205002,1,1.0,1050.0,1748.0
1653,892a100c303ffff,Queens,QN0502,Ridgewood,1000,1954.9,222.8,0.5299,1299.2,block_group,block_group,360810613014,7,1.0,1732.1,2177.7
1654,892a100c307ffff,Queens,QN0502,Ridgewood,920,1610.1,156.6,0.2023,511.0,block_group,block_group,360810581002,3,1.0,1453.5,1766.7
1655,892a100c30bffff,Queens,QN0502,Ridgewood,1006,1742.5,185.2,0.3212,779.9,block_group,block_group,360810587001,4,1.0,1557.3,1927.7
1656,892a100c30fffff,Queens,QN0502,Ridgewood,963,2164.2,139.7,0.7281,1808.2,block_group,block_group,360810585002,5,1.0,2024.5,2303.9
1657,892a100c313ffff,Queens,QN0502,Ridgewood,373,2108.3,374.3,0.6814,1673.0,block_group,block_group,360810613011,3,1.0,1734.0,2482.6
1658,892a100c317ffff,Queens,QN0502,Ridgewood,203,1839.4,174.4,0.422,1017.9,block_group,block_group,360810613012,3,1.0,1665.0,2013.8
1659,892a100c31bffff,Queens,QN0502,Ridgewood,718,1904.2,426.8,0.4823,1178.9,block_group,block_group,360810613013,3,1.0,1477.4,2331.0
1660,892a100c323ffff,Queens,QN0503,Glendale,650,2261.2,590.1,0.795,1988.1,block_group,block_group,360810567004,5,1.0,1671.1,2851.3
1661,892a100c327ffff,Queens,QN0503,Glendale,500,2256.6,608.6,0.7927,1980.1,block_group,block_group,360810567002,5,1.0,1648.0,2865.2
1662,892a100c32bffff,Queens,QN0502,Ridgewood,660,2201.0,117.5,0.7624,1887.6,block_group,block_group,360810557001,5,1.0,2083.5,2318.5
1663,892a100c32fffff,Queens,QN0503,Glendale,445,2197.5,340.2,0.7592,1878.3,block_group,block_group,360810567003,4,1.0,1857.3,2537.7
1664,892a100c333ffff,Queens,QN0503,Glendale,651,1804.5,280.8,0.385,929.4,block_group,block_group,360810579002,5,1.0,1523.7,2085.3
1665,892a100c337ffff,Queens,QN0503,Glendale,681,1915.0,260.6,0.4932,1205.7,block_group,block_group,360810577002,4,1.0,1654.4,2175.6
1666,892a100c33bffff,Queens,QN0502,Ridgewood,945,2258.8,264.3,0.7933,1982.1,block_group,block_group,360810583001,4,1.0,1994.5,2523.1
1667,892a100c343ffff,Queens,QN0502,Ridgewood,916,1992.8,169.7,0.571,1392.4,block_group,block_group,360810591001,7,1.0,1823.1,2162.5
1668,892a100c347ffff,Queens,QN0502,Ridgewood,1321,1881.7,123.3,0.4614,1123.6,block_group,block_group,360810589002,5,1.0,1758.4,2005.0
1669,892a100c34bffff,Queens,QN0502,Ridgewood,542,2213.5,176.8,0.7709,1910.8,block_group,block_group,360810591004,4,1.0,2036.7,2390.3
1670,892a100c34fffff,Queens,QN0502,Ridgewood,1097,2565.1,509.0,0.9084,2347.0,block_group,block_group,360810591003,6,1.0,2056.1,3074.1
1671,892a100c353ffff,Queens,QN0502,Ridgewood,522,1909.7,132.5,0.4877,1193.2,block_group,block_group,360810595011,7,1.0,1777.2,2042.2
1672,892a100c357ffff,Queens,QN0502,Ridgewood,703,1864.9,148.2,0.4475,1084.8,block_group,block_group,360810593002,2,1.0,1716.7,2013.1
1673,892a100c35bffff,Queens,QN0502,Ridgewood,445,1819.3,265.1,0.3982,965.0,block_group,block_group,360810595012,4,1.0,1554.2,2084.4
1674,892a100c363ffff,Queens,QN0502,Ridgewood,1442,1897.2,200.5,0.4756,1161.5,block_group,block_group,360810551004,7,1.0,1696.7,2097.7
1675,892a100c367ffff,Queens,QN0502,Ridgewood,790,2024.1,290.8,0.5995,1467.2,block_group,block_group,360810557003,6,1.0,1733.3,2314.9
1676,892a100c36bffff,Queens,QN0502,Ridgewood,1352,2115.4,204.6,0.6877,1690.0,block_group,block_group,360810549003,7,1.0,1910.8,2320.0
1677,892a100c36fffff,Queens,QN0502,Ridgewood,1152,2212.5,151.8,0.7707,1910.2,block_group,block_group,360810553002,4,1.0,2060.7,2364.3
1678,892a100c373ffff,Queens,QN0502,Ridgewood,757,2010.5,144.9,0.5865,1431.3,block_group,block_group,360810585003,8,1.0,1865.6,2155.4
1679,892a100c377ffff,Queens,QN0502,Ridgewood,924,1940.8,262.4,0.5161,1262.7,block_group,block_group,360810583003,7,1.0,1678.4,2203.2
1680,892a100c37bffff,Queens,QN0502,Ridgewood,1076,1967.4,120.1,0.5512,1336.5,block_group,block_group,360810547001,6,1.0,1847.3,2087.5
1682,892a100c393ffff,Queens,QN0504,Middle Village,377,2164.9,63.7,0.7292,1811.5,block_group,block_group,360810659002,3,1.0,2101.2,2228.6
1683,892a100c397ffff,Queens,QN0504,Middle Village,422,2009.5,205.1,0.5858,1429.4,block_group,block_group,360810657021,2,1.0,1804.4,2214.6
1684,892a100c3a3ffff,Queens,QN0503,Glendale,578,2084.3,457.2,0.657,1610.5,block_group,block_group,360810627001,3,1.0,1627.1,2541.5
1685,892a100c3a7ffff,Queens,QN0503,Glendale,697,1768.7,250.1,0.3485,840.8,block_group,block_group,360810625002,3,1.0,1518.6,2018.8
1686,892a100c3abffff,Queens,QN0503,Glendale,446,1572.9,186.8,0.1805,456.1,block_group,block_group,360810579001,4,1.0,1386.1,1759.7
1687,892a100c3afffff,Queens,QN0503,Glendale,932,1799.8,318.0,0.3793,914.9,block_group,block_group,360810627002,5,1.0,1481.8,2117.8
1688,892a100c3b7ffff,Queens,QN0503,Glendale,477,1918.1,228.7,0.4952,1210.7,block_group,block_group,360810625001,3,1.0,1689.4,2146.8
1689,892a100c3c3ffff,Queens,QN0501,Maspeth,578,2176.7,267.6,0.738,1835.3,block_group,block_group,360810603001,2,1.0,1909.1,2444.3
1690,892a100c3c7ffff,Queens,QN0501,Maspeth,422,2124.2,348.9,0.6963,1712.9,block_group,block_group,360810603001,2,1.0,1775.3,2473.1
1691,892a100c3cbffff,Queens,QN0501,Maspeth,479,2149.7,152.2,0.7171,1773.3,mixed,block_group,360810601002,3,1.0,1997.5,2301.9
1692,892a100c3cfffff,Queens,QN0502,Ridgewood,224,2072.0,221.4,0.645,1585.8,block_group,block_group,360810593001,2,1.0,1850.6,2293.4
1693,892a100c3dbffff,Queens,QN0501,Maspeth,424,2556.7,176.9,0.9047,2334.7,mixed,block_group,360810599001,5,1.0,2379.8,2733.6
1694,892a100c403ffff,Queens,QN0402,Corona,639,2011.4,202.7,0.5871,1433.2,block_group,block_group,360810463002,6,1.0,1808.7,2214.1
1695,892a100c407ffff,Queens,QN0402,Corona,612,2181.7,228.2,0.7436,1847.2,block_group,block_group,360810411002,4,1.0,1953.5,2409.9
1696,892a100c40bffff,Queens,QN0401,Elmhurst,1151,2071.2,257.3,0.6439,1583.2,block_group,block_group,360810463001,6,1.0,1813.9,2328.5
1697,892a100c40fffff,Queens,QN0401,Elmhurst,660,2154.9,161.9,0.7205,1784.5,block_group,block_group,360810461002,4,1.0,1993.0,2316.8
1698,892a100c413ffff,Queens,QN0402,Corona,1130,2041.0,155.2,0.6157,1510.9,block_group,block_group,360810407012,5,1.0,1885.8,2196.2
1699,892a100c417ffff,Queens,QN0402,Corona,705,2238.1,181.3,0.7826,1952.1,block_group,block_group,360810413002,7,1.0,2056.8,2419.4
1700,892a100c41bffff,Queens,QN0401,Elmhurst,832,1881.5,460.0,0.4611,1123.0,block_group,block_group,360810465001,3,1.0,1421.5,2341.5
1701,892a100c423ffff,Queens,QN0402,Corona,1869,2199.0,174.9,0.7607,1882.9,block_group,block_group,360810455001,7,1.0,2024.1,2373.9
1702,892a100c427ffff,Queens,QN0601,Rego Park,1537,2303.8,397.3,0.8173,2054.4,block_group,block_group,360810717022,3,1.0,1906.5,2701.1
1703,892a100c42bffff,Queens,QN0401,Elmhurst,776,1829.1,295.3,0.4084,989.9,block_group,block_group,360810683001,3,1.0,1533.8,2124.4
1704,892a100c42fffff,Queens,QN0401,Elmhurst,715,1469.6,319.4,0.1333,338.7,block_group,block_group,360810683002,2,1.0,1150.2,1789.0
1705,892a100c433ffff,Queens,QN0402,Corona,303,2318.6,130.8,0.8266,2084.0,block_group,block_group,360810443022,3,1.0,2187.8,2449.4
1706,892a100c437ffff,Queens,QN0402,Corona,3067,1986.0,199.8,0.5664,1379.0,block_group,block_group,360810455003,6,1.0,1786.2,2185.8
1707,892a100c43bffff,Queens,QN0401,Elmhurst,739,2160.3,123.9,0.7256,1800.3,block_group,block_group,360810459001,5,1.0,2036.4,2284.2
1708,892a100c443ffff,Queens,QN0401,Elmhurst,1420,1723.0,96.7,0.2975,736.0,block_group,block_group,360810271022,9,1.0,1626.3,1819.7
1709,892a100c447ffff,Queens,QN0401,Elmhurst,1826,1860.9,218.1,0.4444,1076.8,block_group,block_group,360810469013,6,1.0,1642.8,2079.0
1710,892a100c44bffff,Queens,QN0401,Elmhurst,1393,1853.4,91.6,0.4358,1055.9,mixed,block_group,360810269013,9,1.0,1761.8,1945.0
1711,892a100c44fffff,Queens,QN0401,Elmhurst,1871,1854.6,149.1,0.4371,1059.6,block_group,block_group,360810271011,8,1.0,1705.5,2003.7
1712,892a100c453ffff,Queens,QN0301,Jackson Heights,1117,1692.5,193.0,0.2689,666.4,block_group,block_group,360810275003,4,1.0,1499.5,1885.5
1713,892a100c457ffff,Queens,QN0401,Elmhurst,1412,1852.2,112.2,0.4346,1052.2,block_group,block_group,360810469021,5,1.0,1740.0,1964.4
1714,892a100c45bffff,Queens,QN0301,Jackson Heights,1962,1758.3,124.5,0.3395,817.1,mixed,block_group,360810279003,5,1.0,1633.8,1882.8
1715,892a100c463ffff,Queens,QN0401,Elmhurst,1322,1913.9,133.7,0.4917,1202.6,block_group,block_group,360810473003,5,1.0,1780.2,2047.6
1716,892a100c467ffff,Queens,QN0401,Elmhurst,1215,1788.4,200.0,0.3659,884.9,block_group,block_group,360810473001,4,1.0,1588.4,1988.4
1717,892a100c46bffff,Queens,QN0401,Elmhurst,749,2240.0,297.9,0.7841,1956.8,block_group,block_group,360810485002,3,1.0,1942.1,2537.9
1718,892a100c46fffff,Queens,QN0401,Elmhurst,1038,2133.2,212.2,0.705,1737.1,block_group,block_group,360810473002,5,1.0,1921.0,2345.4
1719,892a100c473ffff,Queens,QN0401,Elmhurst,693,1971.6,106.5,0.5542,1344.1,block_group,block_group,360810461001,6,1.0,1865.1,2078.1
1720,892a100c477ffff,Queens,QN0401,Elmhurst,873,2018.5,220.5,0.5934,1451.2,block_group,block_group,360810459001,5,1.0,1798.0,2239.0
1721,892a100c47bffff,Queens,QN0401,Elmhurst,1495,1995.9,142.3,0.5732,1399.4,block_group,block_group,360810469012,4,1.0,1853.6,2138.2
1722,892a100c483ffff,Queens,QN0303,North Corona,945,2068.4,163.6,0.6404,1576.1,block_group,block_group,360810403021,5,1.0,1904.8,2232.0
1723,892a100c487ffff,Queens,QN0402,Corona,712,1957.2,117.1,0.5407,1306.8,block_group,block_group,360810415001,3,1.0,1840.1,2074.3
1724,892a100c48bffff,Queens,QN0303,North Corona,703,2017.6,136.0,0.5923,1448.0,block_group,block_group,360810405021,6,1.0,1881.6,2153.6
1725,892a100c48fffff,Queens,QN0402,Corona,485,1997.5,330.0,0.5745,1402.6,block_group,block_group,360810405011,6,1.0,1667.5,2327.5
1726,892a100c493ffff,Queens,QN0303,North Corona,1040,1819.9,203.1,0.3985,966.3,block_group,block_group,360810401021,5,1.0,1616.8,2023.0
1727,892a100c497ffff,Queens,QN0402,Corona,808,2147.0,145.1,0.7151,1766.7,block_group,block_group,360810401012,6,1.0,2001.9,2292.1
1728,892a100c49bffff,Queens,QN0303,North Corona,938,2056.4,197.6,0.6304,1548.3,block_group,block_group,360810403021,6,1.0,1858.8,2254.0
1729,892a100c4a3ffff,Queens,QN0402,Corona,827,2028.7,174.5,0.6035,1477.5,mixed,block_group,360810439001,5,1.0,1854.2,2203.2
1730,892a100c4a7ffff,Queens,QN0402,Corona,919,1940.6,208.4,0.5158,1262.1,block_group,block_group,360810437022,5,1.0,1732.2,2149.0
1731,892a100c4abffff,Queens,QN0402,Corona,588,1866.1,284.8,0.448,1086.0,mixed,block_group,360810413001,3,1.0,1581.3,2150.9
1732,892a100c4afffff,Queens,QN0402,Corona,1476,1721.4,230.3,0.2959,732.5,mixed,block_group,360810443012,5,1.0,1491.1,1951.7
1733,892a100c4b3ffff,Queens,QN0402,Corona,830,1888.7,563.1,0.4671,1139.7,mixed,block_group,36081042700,4,1.0,1325.6,2451.8
1734,892a100c4b7ffff,Queens,QN0402,Corona,750,2161.0,167.9,0.726,1801.6,block_group,block_group,360810427002,3,1.0,1993.1,2328.9
1735,892a100c4bbffff,Queens,QN0402,Corona,787,2328.0,425.7,0.831,2098.1,mixed,block_group,360810413003,6,1.0,1902.3,2753.7
1736,892a100c4c3ffff,Queens,QN0303,North Corona,892,1792.6,238.4,0.3709,895.7,mixed,block_group,360810409021,7,1.0,1554.2,2031.0
1737,892a100c4c7ffff,Queens,QN0303,North Corona,812,1864.0,148.9,0.4471,1083.5,block_group,block_group,360810409022,7,1.0,1715.1,2012.9
1738,892a100c4cbffff,Queens,QN0301,Jackson Heights,1511,1676.0,225.2,0.2524,629.7,mixed,block_group,360810275002,6,1.0,1450.8,1901.2
1739,892a100c4cfffff,Queens,QN0301,Jackson Heights,882,1590.3,160.2,0.1911,480.7,block_group,block_group,360810273011,6,1.0,1430.1,1750.5
1740,892a100c4d3ffff,Queens,QN0303,North Corona,690,2240.4,193.0,0.7846,1957.4,mixed,block_group,360810377001,4,1.0,2047.4,2433.4
1741,892a100c4d7ffff,Queens,QN0303,North Corona,892,1936.0,301.3,0.5087,1250.1,mixed,block_group,360810379002,6,1.0,1634.7,2237.3
1742,892a100c4dbffff,Queens,QN0303,North Corona,902,1901.3,381.1,0.4786,1168.9,mixed,block_group,360810273022,6,1.0,1520.2,2282.4
1743,892a100c503ffff,Queens,QN0602,Forest Hills,1683,1995.0,150.6,0.573,1398.8,block_group,block_group,360810713031,6,1.0,1844.4,2145.6
1744,892a100c507ffff,Queens,QN0602,Forest Hills,2562,2772.6,150.5,0.9549,2498.6,mixed,block_group,360810713053,5,1.0,2622.1,2923.1
1745,892a100c50bffff,Queens,QN0602,Forest Hills,1764,2039.6,217.5,0.6145,1508.3,block_group,block_group,360810713061,4,1.0,1822.1,2257.1
1746,892a100c50fffff,Queens,QN0602,Forest Hills,1589,2333.6,158.6,0.8337,2108.2,mixed,block_group,36081071305,5,1.0,2175.0,2492.2
1747,892a100c513ffff,Queens,QN0602,Forest Hills,2211,2261.2,157.3,0.795,1988.1,block_group,block_group,360810713042,5,1.0,2103.9,2418.5
1748,892a100c517ffff,Queens,QN0602,Forest Hills,1670,1950.2,308.7,0.5253,1284.7,mixed,block_group,360810741004,5,1.0,1641.5,2258.9
1749,892a100c51bffff,Queens,QN0602,Forest Hills,1734,1750.0,176.6,0.3303,797.0,mixed,block_group,360810713044,6,1.0,1573.4,1926.6
1750,892a100c523ffff,Queens,QN0602,Forest Hills,219,2106.0,175.5,0.6797,1667.8,mixed,block_group,360810709001,4,1.0,1930.5,2281.5
1751,892a100c527ffff,Queens,QN0602,Forest Hills,136,1989.2,26.7,0.5689,1386.0,mixed,borough,36081,2,1.0,1962.5,2015.9
1752,892a100c52bffff,Queens,QN0602,Forest Hills,379,2185.7,150.7,0.7475,1857.8,mixed,block_group,360810709001,3,1.0,2035.0,2336.4
1753,892a100c52fffff,Queens,QN0602,Forest Hills,312,2456.2,111.4,0.8734,2238.0,mixed,borough,36081,3,1.0,2344.8,2567.6
1754,892a100c533ffff,Queens,QN0602,Forest Hills,953,2536.9,434.3,0.8972,2309.4,block_group,block_group,360810711004,2,1.0,2102.6,2971.2
1755,892a100c537ffff,Queens,QN0602,Forest Hills,492,2165.5,141.3,0.7297,1813.5,mixed,block_group,360810737002,3,1.0,2024.2,2306.8
1756,892a100c53bffff,Queens,QN0602,Forest Hills,816,2123.3,221.7,0.6952,1709.6,mixed,block_group,360810711002,3,1.0,1901.6,2345.0
1757,892a100c543ffff,Queens,QN0601,Rego Park,829,2170.0,272.6,0.7329,1822.7,block_group,block_group,360810693001,2,1.0,1897.4,2442.6
1758,892a100c547ffff,Queens,QN0601,Rego Park,1557,2099.2,126.9,0.6707,1648.2,block_group,block_group,360810697012,6,1.0,1972.3,2226.1
1759,892a100c54bffff,Queens,QN0601,Rego Park,627,2170.5,290.0,0.7332,1823.4,block_group,block_group,360810687002,5,1.0,1880.5,2460.5
1760,892a100c54fffff,Queens,QN0601,Rego Park,825,1888.8,91.4,0.4673,1140.4,block_group,block_group,360810693002,6,1.0,1797.4,1980.2
1761,892a100c553ffff,Queens,QN0601,Rego Park,1414,1705.1,214.1,0.2809,694.7,block_group,block_group,360810717013,3,1.0,1491.0,1919.2
1762,892a100c557ffff,Queens,QN0601,Rego Park,1643,1800.4,177.5,0.38,916.7,block_group,block_group,360810713041,4,1.0,1622.9,1977.9
1763,892a100c55bffff,Queens,QN0601,Rego Park,541,2121.6,175.3,0.6933,1703.7,block_group,block_group,360810687001,2,1.0,1946.3,2296.9
1764,892a100c563ffff,Queens,QN0601,Rego Park,234,1850.6,238.5,0.4335,1049.1,mixed,block_group,36081069702,5,1.0,1612.1,2089.1
1765,892a100c567ffff,Queens,QN0601,Rego Park,444,1786.5,317.3,0.3648,882.0,mixed,block_group,360810709002,4,1.0,1469.2,2103.8
1766,892a100c56bffff,Queens,QN0601,Rego Park,412,2199.3,549.5,0.761,1883.6,mixed,block_group,360810697024,4,1.0,1649.8,2748.8
1767,892a100c56fffff,Queens,QN0601,Rego Park,265,2033.3,588.7,0.6075,1488.4,block_group,block_group,360810697024,2,1.0,1444.6,2622.0
1768,892a100c573ffff,Queens,QN0602,Forest Hills,1620,2280.8,275.9,0.8066,2020.2,block_group,block_group,360810713062,4,1.0,2004.9,2556.7
1769,892a100c577ffff,Queens,QN0602,Forest Hills,962,2176.1,241.5,0.7379,1834.6,block_group,block_group,360810709001,4,1.0,1934.6,2417.6
1770,892a100c57bffff,Queens,QN0601,Rego Park,309,2028.8,191.2,0.6036,1478.1,mixed,block_group,36081069702,3,1.0,1837.6,2220.0
1771,892a100c587ffff,Queens,QN0602,Forest Hills,20,1484.8,359.0,0.1395,353.9,block_group,block_group,360810747002,2,1.0,1125.8,1843.8
1772,892a100c58bffff,Queens,QN0602,Forest Hills,553,1674.5,467.7,0.2515,626.9,block_group,block_group,360810743002,5,1.0,1206.8,2142.2
1773,892a100c58fffff,Queens,QN0602,Forest Hills,173,1690.4,239.0,0.2651,660.7,mixed,block_group,360810747002,5,1.0,1451.4,1929.4
1774,892a100c59bffff,Queens,QN0602,Forest Hills,340,1994.7,325.0,0.5726,1397.5,block_group,block_group,360810747001,2,1.0,1669.7,2319.7
1775,892a100c5a3ffff,Queens,QN0602,Forest Hills,120,2445.9,410.2,0.8706,2227.8,block_group,block_group,360810757022,4,1.0,2035.7,2856.1
1776,892a100c5a7ffff,Queens,QN0602,Forest Hills,1485,2127.4,131.3,0.6989,1720.7,block_group,block_group,360810757023,3,1.0,1996.1,2258.7
1777,892a100c5abffff,Queens,QN0602,Forest Hills,1841,2376.2,293.8,0.8495,2158.8,block_group,block_group,360810739003,4,1.0,2082.4,2670.0
1778,892a100c5afffff,Queens,QN0602,Forest Hills,1419,2288.1,220.5,0.8095,2030.3,block_group,block_group,360810739004,5,1.0,2067.6,2508.6
1779,892a100c5b3ffff,Queens,QN0602,Forest Hills,68,2450.0,481.0,0.8717,2231.9,block_group,block_group,360810757022,1,1.0,1969.0,2931.0
1780,892a100c5bbffff,Queens,QN0602,Forest Hills,131,2157.6,362.2,0.7231,1792.4,mixed,block_group,360810757022,5,1.0,1795.4,2519.8
1781,892a100c5c3ffff,Queens,QN0602,Forest Hills,959,1860.9,136.7,0.4444,1076.8,block_group,block_group,360810719002,3,1.0,1724.2,1997.6
1782,892a100c5c7ffff,Queens,QN0602,Forest Hills,1357,1726.8,265.4,0.3025,747.6,mixed,block_group,360810743004,7,1.0,1461.4,1992.2
1783,892a100c5cbffff,Queens,QN0601,Rego Park,1368,1288.1,414.8,0.0787,208.9,block_group,block_group,360810717021,4,1.0,873.3,1702.9
1784,892a100c5cfffff,Queens,QN0602,Forest Hills,2255,1808.8,338.6,0.3895,939.0,mixed,block_group,360810717014,7,1.0,1470.2,2147.4
1785,892a100c5d3ffff,Queens,QN0402,Corona,885,1809.8,187.9,0.3904,942.1,block_group,block_group,360810745001,4,1.0,1621.9,1997.7
1786,892a100c5d7ffff,Queens,QN0602,Forest Hills,1107,1577.0,200.6,0.1826,461.0,block_group,block_group,360810745001,4,1.0,1376.4,1777.6
1787,892a100c5dbffff,Queens,QN0402,Corona,1441,2439.5,207.5,0.8696,2223.8,block_group,block_group,360810437023,3,1.0,2232.0,2647.0
1788,892a100c603ffff,Queens,QN0203,Woodside,1427,2072.7,422.4,0.6458,1587.8,block_group,block_group,360810263002,4,1.0,1650.3,2495.1
1789,892a100c607ffff,Queens,QN0203,Woodside,571,2030.9,491.8,0.6056,1483.2,block_group,block_group,360810483021,4,1.0,1539.1,2522.7
1790,892a100c60bffff,Queens,QN0203,Woodside,1004,2026.4,169.9,0.6012,1473.0,block_group,block_group,360810249001,4,1.0,1856.5,2196.3
1791,892a100c60fffff,Queens,QN0203,Woodside,660,1868.2,153.5,0.4502,1092.8,block_group,block_group,360810247001,3,1.0,1714.7,2021.7
1792,892a100c613ffff,Queens,QN0203,Woodside,1023,1921.9,259.8,0.4977,1219.4,mixed,block_group,36081026300,4,1.0,1662.1,2181.7
1793,892a100c617ffff,Queens,QN0203,Woodside,1134,1984.7,143.8,0.5658,1377.1,block_group,block_group,360810265011,4,1.0,1840.9,2128.5
1794,892a100c61bffff,Queens,QN0203,Woodside,1059,1804.3,281.6,0.3848,928.8,mixed,block_group,360810261003,5,1.0,1522.7,2085.9
1795,892a100c623ffff,Queens,QN0203,Woodside,268,2104.9,113.6,0.6767,1663.9,block_group,block_group,360810243003,4,1.0,1991.3,2218.5
1796,892a100c627ffff,Queens,QN0501,Maspeth,503,2145.1,175.6,0.7132,1761.4,block_group,block_group,360810493011,6,1.0,1969.5,2320.7
1797,892a100c62bffff,Queens,QN0203,Woodside,534,2026.9,129.4,0.6016,1473.6,mixed,block_group,360810243003,4,1.0,1897.5,2156.3
1798,892a100c62fffff,Queens,QN0501,Maspeth,445,2105.7,286.7,0.6791,1666.5,mixed,block_group,360810513001,5,1.0,1819.0,2392.4
1799,892a100c633ffff,Queens,QN0203,Woodside,937,2213.6,222.9,0.7711,1911.5,block_group,block_group,360810489001,3,1.0,1990.7,2436.5
1800,892a100c637ffff,Queens,QN0203,Woodside,97,2203.8,810.6,0.7645,1893.6,block_group,block_group,360810489002,2,1.0,1393.2,3014.4
1801,892a100c63bffff,Queens,QN0203,Woodside,514,1715.1,139.2,0.2904,719.1,block_group,block_group,360810243004,2,1.0,1575.9,1854.3
1802,892a100c643ffff,Queens,QN0203,Woodside,834,1903.6,430.1,0.4817,1177.0,block_group,block_group,360810255001,4,1.0,1473.5,2333.7
1803,892a100c647ffff,Queens,QN0203,Woodside,852,2288.5,496.7,0.8097,2030.9,block_group,block_group,360810249003,3,1.0,1791.8,2785.2
1804,892a100c64bffff,Queens,QN0202,Sunnyside,2246,2034.5,352.7,0.6091,1492.9,block_group,block_group,360810251001,7,1.0,1681.8,2387.2
1805,892a100c64fffff,Queens,QN0203,Woodside,1317,1934.5,267.1,0.5077,1247.0,block_group,block_group,360810251003,5,1.0,1667.4,2201.6
1806,892a100c653ffff,Queens,QN0203,Woodside,210,2002.3,222.6,0.5786,1414.1,block_group,block_group,360810255001,3,1.0,1779.7,2224.9
1807,892a100c657ffff,Queens,QN0203,Woodside,775,1593.7,115.9,0.1934,486.7,block_group,block_group,360810259002,5,1.0,1477.8,1709.6
1808,892a100c65bffff,Queens,QN0202,Sunnyside,977,1884.6,213.5,0.4633,1128.6,mixed,block_group,360810169001,5,1.0,1671.1,2098.1
1809,892a100c663ffff,Queens,QN0203,Woodside,923,1624.7,193.9,0.2106,529.9,mixed,block_group,360810245002,3,1.0,1430.8,1818.6
1810,892a100c667ffff,Queens,QN0203,Woodside,383,1235.3,776.3,0.0668,183.1,block_group,block_group,360810243002,2,1.0,459.0,2011.6
1811,892a100c66fffff,Queens,QN0203,Woodside,119,1613.9,256.0,0.2038,513.8,mixed,tract,36081024500,2,1.0,1357.9,1869.9
1812,892a100c673ffff,Queens,QN0203,Woodside,1429,1655.6,241.0,0.232,582.1,block_group,block_group,360810245001,5,1.0,1414.6,1896.6
1813,892a100c677ffff,Queens,QN0203,Woodside,339,1729.9,897.3,0.3059,754.7,block_group,block_group,360810245003,2,1.0,832.6,2627.2
1814,892a100c683ffff,Queens,QN0301,Jackson Heights,1815,1796.7,285.2,0.3755,907.1,block_group,block_group,360810287003,5,1.0,1511.5,2081.9
1815,892a100c687ffff,Queens,QN0401,Elmhurst,1418,1661.9,117.1,0.2385,596.2,block_group,block_group,360810267001,7,1.0,1544.8,1779.0
1816,892a100c68bffff,Queens,QN0301,Jackson Heights,1756,1912.1,411.6,0.4898,1197.6,block_group,block_group,360810291002,4,1.0,1500.5,2323.7
1817,892a100c68fffff,Queens,QN0301,Jackson Heights,941,1821.0,159.0,0.4001,970.5,block_group,block_group,360810289003,5,1.0,1662.0,1980.0
1818,892a100c693ffff,Queens,QN0301,Jackson Heights,2070,1664.4,276.6,0.2421,604.7,mixed,block_group,360810285002,6,1.0,1387.8,1941.0
1819,892a100c697ffff,Queens,QN0301,Jackson Heights,2031,1907.8,196.6,0.4857,1187.0,block_group,block_group,360810283005,6,1.0,1711.2,2104.4
1820,892a100c69bffff,Queens,QN0301,Jackson Heights,1464,1708.9,113.7,0.2847,703.4,block_group,block_group,360810287004,4,1.0,1595.2,1822.6
1821,892a100c6a3ffff,Queens,QN0401,Elmhurst,899,2127.7,173.4,0.6996,1722.1,block_group,block_group,360810481002,4,1.0,1954.3,2301.1
1822,892a100c6a7ffff,Queens,QN0401,Elmhurst,330,2130.3,366.0,0.7021,1729.3,block_group,block_group,360810485003,3,1.0,1764.3,2496.3
1823,892a100c6abffff,Queens,QN0401,Elmhurst,608,2069.2,189.9,0.6415,1578.7,block_group,block_group,360810483011,5,1.0,1879.3,2259.1
1824,892a100c6afffff,Queens,QN0401,Elmhurst,667,2139.2,442.1,0.7088,1749.0,block_group,block_group,360810485003,2,1.0,1697.1,2581.3
1825,892a100c6b3ffff,Queens,QN0401,Elmhurst,1282,1909.7,121.7,0.4877,1193.2,block_group,block_group,360810269021,6,1.0,1788.0,2031.4
1826,892a100c6b7ffff,Queens,QN0401,Elmhurst,1713,1953.9,109.1,0.5286,1294.8,block_group,block_group,360810481004,6,1.0,1844.8,2063.0
1827,892a100c6bbffff,Queens,QN0401,Elmhurst,1246,1923.1,332.1,0.4988,1222.6,block_group,block_group,360810267003,6,1.0,1591.0,2255.2
1828,892a100c6c3ffff,Queens,QN0203,Woodside,401,1931.1,785.7,0.5048,1240.7,block_group,block_group,360810293001,3,1.0,1145.4,2716.8
1829,892a100c6c7ffff,Queens,QN0203,Woodside,684,1616.1,349.4,0.2051,516.6,mixed,block_group,360810261001,5,1.0,1266.7,1965.5
1830,892a100c6cbffff,Queens,QN0203,Woodside,273,1835.6,100.1,0.4178,1008.2,block_group,block_group,360810257001,3,1.0,1735.5,1935.7
1831,892a100c6cfffff,Queens,QN0203,Woodside,722,1927.2,114.2,0.5017,1231.3,block_group,block_group,360810259001,3,1.0,1813.0,2041.4
1832,892a100c6d3ffff,Queens,QN0301,Jackson Heights,688,1887.8,235.4,0.4661,1137.3,block_group,block_group,360810309063,4,1.0,1652.4,2123.2
1833,892a100c6d7ffff,Queens,QN0301,Jackson Heights,684,1747.5,689.6,0.3267,789.3,block_group,block_group,360810291003,2,1.0,1057.9,2437.1
1834,892a100c6dbffff,Queens,QN0104,Astoria (East)-Woodside (North),313,2123.8,158.0,0.6957,1710.9,block_group,block_group,360810297002,3,1.0,1965.8,2281.8
1835,892a100c803ffff,Brooklyn,BK0505,East New York-City Line,136,2240.4,146.0,0.7846,1957.4,mixed,tract,36047120801,3,1.0,2094.4,2386.4
1836,892a100c807ffff,Brooklyn,BK0505,East New York-City Line,729,341.0,308.0,0.0002,50.0,block_group,block_group,360471214001,1,1.0,33.0,649.0
1837,892a100c80bffff,Brooklyn,BK0505,East New York-City Line,668,2145.9,121.5,0.7141,1763.4,mixed,block_group,360471208012,4,1.0,2024.4,2267.4
1838,892a100c80fffff,Brooklyn,BK0505,East New York-City Line,543,871.1,221.4,0.0213,88.3,mixed,block_group,360471214001,4,1.0,649.7,1092.5
1839,892a100c813ffff,Brooklyn,BK0505,East New York-City Line,370,1345.8,120.0,0.0906,239.1,block_group,block_group,360471200002,2,1.0,1225.8,1465.8
1840,892a100c817ffff,Brooklyn,BK0505,East New York-City Line,443,1348.7,142.3,0.0916,241.6,mixed,block_group,360471208031,2,1.0,1206.4,1491.0
1841,892a100c81bffff,Brooklyn,BK0505,East New York-City Line,901,1734.5,121.9,0.3148,765.2,block_group,block_group,360471208021,4,1.0,1612.6,1856.4
1842,892a100c823ffff,Brooklyn,BK0505,East New York-City Line,100,1807.0,516.0,0.3873,934.2,block_group,block_group,360471220002,1,1.0,1291.0,2323.0
1843,892a100c827ffff,Brooklyn,BK0505,East New York-City Line,92,1807.0,516.0,0.3873,934.2,block_group,block_group,360471220002,1,1.0,1291.0,2323.0
1844,892a100c82bffff,Brooklyn,BK0505,East New York-City Line,322,1807.0,516.0,0.3873,934.2,block_group,block_group,360471220002,1,1.0,1291.0,2323.0
1845,892a100c82fffff,Brooklyn,BK0505,East New York-City Line,34,1807.0,516.0,0.3873,934.2,block_group,block_group,360471220002,1,1.0,1291.0,2323.0
1846,892a100c833ffff,Brooklyn,BK0505,East New York-City Line,296,1115.0,101.0,0.0463,136.3,block_group,block_group,360471220001,1,1.0,1014.0,1216.0
1847,892a100c837ffff,Brooklyn,BK0505,East New York-City Line,2,1634.0,246.0,0.2174,545.0,block_group,block_group,360810062026,1,1.0,1388.0,1880.0
1848,892a100c83bffff,Brooklyn,BK0505,East New York-City Line,923,1324.3,872.8,0.0874,231.3,block_group,block_group,360471214002,2,1.0,451.5,2197.1
1849,892a100c843ffff,Brooklyn,BK0502,East New York (North),930,1451.7,312.8,0.1253,322.6,block_group,block_group,360471194001,6,1.0,1138.9,1764.5
1850,892a100c847ffff,Brooklyn,BK0505,East New York-City Line,1637,504.5,249.1,0.0038,55.1,block_group,block_group,360471210001,3,1.0,255.4,753.6
1851,892a100c84bffff,Brooklyn,BK0502,East New York (North),755,1523.2,257.8,0.158,400.5,block_group,block_group,360471166003,6,1.0,1265.4,1781.0
1852,892a100c84fffff,Brooklyn,BK0502,East New York (North),689,1684.0,706.4,0.2605,648.0,block_group,block_group,360471194003,5,1.0,977.6,2390.4
1853,892a100c853ffff,Brooklyn,BK0505,East New York-City Line,774,1824.4,131.4,0.4032,977.8,block_group,block_group,360471196002,5,1.0,1693.0,1955.8
1854,892a100c857ffff,Brooklyn,BK0505,East New York-City Line,764,1658.2,344.3,0.2347,588.8,block_group,block_group,360471196004,4,1.0,1313.9,2002.5
1855,892a100c85bffff,Brooklyn,BK0502,East New York (North),646,1747.3,448.2,0.3263,788.1,block_group,block_group,360471192002,3,1.0,1299.1,2195.5
1856,892a100c863ffff,Brooklyn,BK0503,East New York-New Lots,251,1726.4,221.2,0.3017,745.9,block_group,block_group,360471116001,2,1.0,1505.2,1947.6
1858,892a100c86bffff,Brooklyn,BK0503,East New York-New Lots,524,1481.1,132.3,0.1377,349.1,block_group,block_group,360471116001,3,1.0,1348.8,1613.4
1859,892a100c86fffff,Brooklyn,BK0503,East New York-New Lots,2,1559.0,497.0,0.1725,437.1,block_group,block_group,360471116002,1,1.0,1062.0,2056.0
1860,892a100c873ffff,Brooklyn,BK0505,East New York-City Line,70,2060.5,273.8,0.6339,1556.1,block_group,block_group,360471208012,4,1.0,1786.7,2334.3
1861,892a100c877ffff,Brooklyn,BK0505,East New York-City Line,247,1807.0,516.0,0.3873,934.2,block_group,block_group,360471220002,1,1.0,1291.0,2323.0
1862,892a100c87bffff,Brooklyn,BK0503,East New York-New Lots,705,1775.0,281.2,0.3521,850.9,block_group,block_group,360471118002,3,1.0,1493.8,2056.2
1863,892a100c883ffff,Queens,QN1002,Ozone Park,257,1811.4,221.7,0.3918,946.9,mixed,block_group,360810044011,3,1.0,1589.7,2033.1
1864,892a100c887ffff,Queens,QN1002,Ozone Park,233,1963.1,253.9,0.5469,1323.2,mixed,tract,36081005800,2,1.0,1709.2,2217.0
1865,892a100c88bffff,Queens,QN1002,Ozone Park,396,1949.4,177.1,0.5248,1282.8,block_group,block_group,360810044012,3,1.0,1772.3,2126.5
1866,892a100c88fffff,Queens,QN1003,Howard Beach-Lindenwood,173,1976.4,182.2,0.5593,1357.4,mixed,block_group,360810044012,2,1.0,1794.2,2158.6
1867,892a100c893ffff,Queens,QN1002,Ozone Park,286,1972.2,133.3,0.5555,1347.3,block_group,block_group,360810052002,3,1.0,1838.9,2105.5
1868,892a100c897ffff,Queens,QN1002,Ozone Park,233,1734.3,238.6,0.3145,764.6,mixed,block_group,360810054003,2,1.0,1495.7,1972.9
1869,892a100c89bffff,Queens,QN1002,Ozone Park,453,1823.8,329.0,0.4026,976.6,block_group,block_group,360810044011,3,1.0,1494.8,2152.8
1870,892a100c8a3ffff,Queens,QN1003,Howard Beach-Lindenwood,381,2409.8,192.8,0.8602,2191.9,block_group,block_group,360810062023,2,1.0,2217.0,2602.6
1871,892a100c8a7ffff,Queens,QN1003,Howard Beach-Lindenwood,280,2604.8,688.8,0.9185,2381.8,mixed,tract,36081006202,3,1.0,1916.0,3293.6
1872,892a100c8abffff,Brooklyn,BK0505,East New York-City Line,1213,1115.0,101.0,0.0463,136.3,block_group,block_group,360471220001,1,1.0,1014.0,1216.0
1873,892a100c8afffff,Brooklyn,BK0505,East New York-City Line,454,2394.5,738.3,0.8549,2175.7,mixed,block_group,360810062024,4,1.0,1656.2,3132.8
1874,892a100c8b3ffff,Queens,QN1003,Howard Beach-Lindenwood,41,1965.0,264.0,0.5492,1330.8,tract,tract,36081005800,1,1.0,1701.0,2229.0
1875,892a100c8b7ffff,Queens,QN1003,Howard Beach-Lindenwood,758,1823.8,327.2,0.4026,976.6,block_group,block_group,360810062013,4,1.0,1496.6,2151.0
1876,892a100c8bbffff,Queens,QN1003,Howard Beach-Lindenwood,15,1811.3,81.9,0.3917,946.3,mixed,block_group,360471208031,3,1.0,1729.4,1893.2
1877,892a100c8c3ffff,Brooklyn,BK0505,East New York-City Line,787,1553.3,135.8,0.1705,431.6,block_group,block_group,360471188003,4,1.0,1417.5,1689.1
1878,892a100c8c7ffff,Brooklyn,BK0505,East New York-City Line,315,1874.2,128.2,0.4555,1107.0,block_group,block_group,360471202002,5,1.0,1746.0,2002.4
1879,892a100c8cbffff,Brooklyn,BK0505,East New York-City Line,597,1599.0,155.9,0.1961,494.4,block_group,block_group,360471190001,4,1.0,1443.1,1754.9
1880,892a100c8cfffff,Brooklyn,BK0505,East New York-City Line,523,1923.9,167.7,0.4995,1224.4,block_group,block_group,360471200001,7,1.0,1756.2,2091.6
1881,892a100c8d3ffff,Brooklyn,BK0505,East New York-City Line,605,1736.1,195.9,0.3163,768.1,block_group,block_group,360471186001,6,1.0,1540.2,1932.0
1882,892a100c8d7ffff,Queens,QN1002,Ozone Park,522,2116.0,282.5,0.6885,1691.3,block_group,block_group,360471188001,4,1.0,1833.5,2398.5
1883,892a100c8dbffff,Brooklyn,BK0505,East New York-City Line,635,1793.5,110.4,0.3715,897.5,mixed,block_group,360471186002,6,1.0,1683.1,1903.9
1884,892a100c907ffff,Queens,QN1003,Howard Beach-Lindenwood,91,1827.1,309.4,0.4062,984.5,block_group,block_group,360810892015,2,1.0,1517.7,2136.5
1885,892a100c913ffff,Queens,QN1003,Howard Beach-Lindenwood,180,2178.0,214.0,0.7395,1837.3,tract,tract,36081089201,1,1.0,1964.0,2392.0
1886,892a100c917ffff,Queens,QN1003,Howard Beach-Lindenwood,180,2034.8,182.7,0.6092,1493.5,mixed,tract,36081089201,2,1.0,1852.1,2217.5
1887,892a100c91bffff,Queens,QN1003,Howard Beach-Lindenwood,187,2178.0,214.0,0.7395,1837.3,tract,tract,36081089201,1,1.0,1964.0,2392.0
1888,892a100c94bffff,Brooklyn,BK0504,Spring Creek-Starrett City,124,1270.0,341.0,0.0729,196.9,block_group,block_group,360471070011,1,1.0,929.0,1611.0
1891,892a100c983ffff,Queens,QN1003,Howard Beach-Lindenwood,128,2178.0,214.0,0.7395,1837.3,tract,tract,36081089201,1,1.0,1964.0,2392.0
1892,892a100c987ffff,Queens,QN1003,Howard Beach-Lindenwood,71,2248.0,167.8,0.7887,1968.8,mixed,tract,36081089201,3,1.0,2080.2,2415.8
1893,892a100c98bffff,Queens,QN1003,Howard Beach-Lindenwood,154,2178.0,214.0,0.7395,1837.3,tract,tract,36081089201,1,1.0,1964.0,2392.0
1894,892a100c98fffff,Queens,QN1003,Howard Beach-Lindenwood,188,2178.0,214.0,0.7395,1837.3,tract,tract,36081089201,1,1.0,1964.0,2392.0
1895,892a100c997ffff,Queens,QN1003,Howard Beach-Lindenwood,218,2558.9,447.6,0.9062,2338.8,mixed,block_group,360810884003,2,1.0,2111.3,3006.5
1896,892a100c99bffff,Queens,QN1003,Howard Beach-Lindenwood,157,2178.0,214.0,0.7395,1837.3,tract,tract,36081089201,1,1.0,1964.0,2392.0
1897,892a100c9a3ffff,Queens,QN1003,Howard Beach-Lindenwood,110,2201.9,144.2,0.7631,1889.6,mixed,block_group,360810892017,2,1.0,2057.7,2346.1
1898,892a100c9abffff,Queens,QN1003,Howard Beach-Lindenwood,201,2089.8,144.3,0.661,1621.5,mixed,block_group,36081089201,3,1.0,1945.5,2234.1
1899,892a100c9b3ffff,Queens,QN1003,Howard Beach-Lindenwood,152,2072.0,168.0,0.645,1585.8,tract,tract,36081088400,1,1.0,1904.0,2240.0
1900,892a100c9b7ffff,Queens,QN1003,Howard Beach-Lindenwood,303,2072.0,168.0,0.645,1585.8,tract,tract,36081088400,1,1.0,1904.0,2240.0
1901,892a100c9bbffff,Queens,QN1003,Howard Beach-Lindenwood,166,2178.0,214.0,0.7395,1837.3,tract,tract,36081089201,1,1.0,1964.0,2392.0
1902,892a100c9c3ffff,Queens,QN1003,Howard Beach-Lindenwood,217,2094.2,135.8,0.6661,1633.9,mixed,block_group,360810062027,2,1.0,1958.4,2230.0
1903,892a100c9c7ffff,Queens,QN1003,Howard Beach-Lindenwood,158,2178.0,214.0,0.7395,1837.3,tract,tract,36081089201,1,1.0,1964.0,2392.0
1904,892a100c9cbffff,Queens,QN1003,Howard Beach-Lindenwood,294,2051.7,156.2,0.6258,1534.1,block_group,block_group,360810062027,2,1.0,1895.5,2207.9
1905,892a100c9cfffff,Queens,QN1003,Howard Beach-Lindenwood,81,2178.0,214.0,0.7395,1837.3,tract,tract,36081089201,1,1.0,1964.0,2392.0
1906,892a100c9d3ffff,Queens,QN1003,Howard Beach-Lindenwood,280,1752.2,294.9,0.3333,802.3,block_group,block_group,360810062026,2,1.0,1457.3,2047.1
1907,892a100c9d7ffff,Queens,QN1003,Howard Beach-Lindenwood,136,2178.0,214.0,0.7395,1837.3,tract,tract,36081089201,1,1.0,1964.0,2392.0
1908,892a100c9dbffff,Queens,QN1003,Howard Beach-Lindenwood,454,1778.1,171.4,0.3543,856.9,mixed,block_group,360810062026,4,1.0,1606.7,1949.5
1909,892a100ca03ffff,Brooklyn,BK0502,East New York (North),667,1241.7,266.8,0.0679,186.0,mixed,block_group,360471144004,5,1.0,974.9,1508.5
1910,892a100ca07ffff,Brooklyn,BK0502,East New York (North),793,1195.3,155.2,0.0592,166.8,mixed,block_group,360471158003,4,1.0,1040.1,1350.5
1911,892a100ca0bffff,Brooklyn,BK0502,East New York (North),39,767.9,184.1,0.0152,76.9,block_group,block_group,360471134001,2,1.0,583.8,952.0
1912,892a100ca0fffff,Brooklyn,BK0502,East New York (North),1363,837.8,188.0,0.0198,85.5,mixed,block_group,360471156002,4,1.0,649.8,1025.8
1913,892a100ca13ffff,Brooklyn,BK0502,East New York (North),588,1752.6,140.5,0.3341,803.5,mixed,block_group,36047115200,4,1.0,1612.1,1893.1
1914,892a100ca17ffff,Brooklyn,BK0502,East New York (North),740,1322.1,191.1,0.0866,229.3,mixed,block_group,36047115800,5,1.0,1131.0,1513.2
1915,892a100ca1bffff,Brooklyn,BK0502,East New York (North),276,1670.0,310.4,0.2481,618.3,block_group,block_group,360471144002,3,1.0,1359.6,1980.4
1916,892a100ca23ffff,Brooklyn,BK0503,East New York-New Lots,762,1580.2,155.9,0.1847,466.4,block_group,block_group,360471128002,6,1.0,1424.3,1736.1
1917,892a100ca27ffff,Brooklyn,BK0503,East New York-New Lots,658,1600.0,132.0,0.1966,496.1,block_group,block_group,360471104002,5,1.0,1468.0,1732.0
1918,892a100ca2bffff,Brooklyn,BK0503,East New York-New Lots,1014,1533.9,79.5,0.1613,409.0,block_group,block_group,360471130003,7,1.0,1454.4,1613.4
1919,892a100ca2fffff,Brooklyn,BK0503,East New York-New Lots,738,1562.0,191.2,0.1745,441.9,block_group,block_group,360471130004,5,1.0,1370.8,1753.2
1920,892a100ca33ffff,Brooklyn,BK0503,East New York-New Lots,955,1982.2,544.2,0.5648,1374.6,block_group,block_group,360471126001,3,1.0,1438.0,2526.4
1921,892a100ca37ffff,Brooklyn,BK0503,East New York-New Lots,937,1715.6,202.8,0.2907,719.6,block_group,block_group,360471122002,7,1.0,1512.8,1918.4
1922,892a100ca3bffff,Brooklyn,BK0503,East New York-New Lots,997,1389.7,131.6,0.1036,271.5,mixed,block_group,360471126003,5,1.0,1258.1,1521.3
1923,892a100ca43ffff,Brooklyn,BK1602,Brownsville,1128,991.0,258.0,0.032,111.5,block_group,block_group,360470908001,1,1.0,733.0,1249.0
1924,892a100ca47ffff,Brooklyn,BK1602,Brownsville,599,659.9,271.6,0.0105,67.3,block_group,block_group,360470908002,2,1.0,388.3,931.5
1925,892a100ca4bffff,Brooklyn,BK1601,Ocean Hill,969,599.1,387.5,0.0072,60.9,block_group,block_group,360470906003,4,1.0,211.6,986.6
1926,892a100ca4fffff,Brooklyn,BK1602,Brownsville,480,793.2,180.6,0.0177,80.8,block_group,block_group,360470906002,4,1.0,612.6,973.8
1927,892a100ca53ffff,Brooklyn,BK1601,Ocean Hill,551,1408.6,213.8,0.1097,285.7,block_group,block_group,360470365021,4,1.0,1194.8,1622.4
1928,892a100ca57ffff,Brooklyn,BK0502,East New York (North),250,1317.1,210.1,0.0852,225.4,block_group,block_group,360470908001,2,1.0,1107.0,1527.2
1929,892a100ca5bffff,Brooklyn,BK1601,Ocean Hill,1173,1723.7,224.6,0.2989,738.9,mixed,block_group,360470365021,5,1.0,1499.1,1948.3
1930,892a100ca63ffff,Brooklyn,BK1602,Brownsville,1804,1045.4,272.4,0.0357,120.1,mixed,block_group,360470910002,3,1.0,773.0,1317.8
1931,892a100ca67ffff,Brooklyn,BK1602,Brownsville,191,764.3,68.9,0.0148,76.2,mixed,tract,36047091800,2,1.0,695.4,833.2
1932,892a100ca6bffff,Brooklyn,BK1602,Brownsville,1738,852.1,300.8,0.0202,86.3,mixed,tract,36047091200,2,1.0,551.3,1152.9
1933,892a100ca6fffff,Brooklyn,BK1602,Brownsville,976,591.0,46.2,0.0067,59.9,mixed,block_group,360470918001,2,1.0,544.8,637.2
1934,892a100ca73ffff,Brooklyn,BK0502,East New York (North),639,814.2,124.9,0.0184,82.4,mixed,block_group,360471134001,3,1.0,689.3,939.1
1935,892a100ca77ffff,Brooklyn,BK0503,East New York-New Lots,1038,1080.9,109.7,0.0397,129.3,block_group,block_group,360471132002,5,1.0,971.2,1190.6
1936,892a100ca7bffff,Brooklyn,BK1602,Brownsville,778,566.8,143.9,0.0051,57.0,block_group,block_group,360470910001,3,1.0,422.9,710.7
1937,892a100ca83ffff,Brooklyn,BK0501,Cypress Hills,647,2160.4,240.8,0.7258,1800.9,block_group,block_group,360471170002,5,1.0,1919.6,2401.2
1938,892a100ca87ffff,Brooklyn,BK0502,East New York (North),674,1874.7,423.0,0.4559,1108.2,mixed,block_group,36047115000,7,1.0,1451.7,2297.7
1939,892a100ca8bffff,Brooklyn,BK0502,East New York (North),929,1280.4,468.8,0.0763,203.6,mixed,block_group,360471198003,4,1.0,811.6,1749.2
1940,892a100ca8fffff,Brooklyn,BK0502,East New York (North),575,1875.3,299.9,0.4568,1110.7,mixed,tract,36047115200,5,1.0,1575.4,2175.2
1941,892a100ca93ffff,Brooklyn,BK0501,Cypress Hills,574,1875.2,199.5,0.4566,1110.0,block_group,block_group,360471168002,4,1.0,1675.7,2074.7
1942,892a100ca97ffff,Brooklyn,BK0502,East New York (North),899,1910.6,222.7,0.4884,1194.5,block_group,block_group,360471166001,4,1.0,1687.9,2133.3
1943,892a100ca9bffff,Brooklyn,BK0501,Cypress Hills,563,1680.3,199.6,0.256,638.9,block_group,block_group,360471170002,5,1.0,1480.7,1879.9
1944,892a100caa3ffff,Brooklyn,BK0502,East New York (North),813,1843.0,229.6,0.4259,1028.3,block_group,block_group,360471162003,6,1.0,1613.4,2072.6
1945,892a100caa7ffff,Brooklyn,BK0503,East New York-New Lots,628,1390.3,143.2,0.1037,272.0,block_group,block_group,360471120002,5,1.0,1247.1,1533.5
1946,892a100caabffff,Brooklyn,BK0502,East New York (North),532,1411.3,334.6,0.1099,286.2,mixed,tract,36047116000,5,1.0,1076.7,1745.9
1947,892a100caafffff,Brooklyn,BK0503,East New York-New Lots,560,1470.4,181.8,0.1336,339.2,block_group,block_group,360471124002,3,1.0,1288.6,1652.2
1948,892a100cab3ffff,Brooklyn,BK0502,East New York (North),566,1539.1,247.2,0.1636,414.9,block_group,block_group,360471164002,5,1.0,1291.9,1786.3
1949,892a100cab7ffff,Brooklyn,BK0503,East New York-New Lots,519,1546.6,357.5,0.1671,423.0,block_group,block_group,360471120002,5,1.0,1189.1,1904.1
1950,892a100cabbffff,Brooklyn,BK0502,East New York (North),643,1661.6,219.6,0.238,595.1,mixed,block_group,360471162001,5,1.0,1442.0,1881.2
1951,892a100cac3ffff,Brooklyn,BK0501,Cypress Hills,505,1462.5,436.7,0.1312,333.0,mixed,block_group,360471198001,4,1.0,1025.8,1899.2
1952,892a100cac7ffff,Brooklyn,BK0502,East New York (North),849,1234.6,361.3,0.0666,182.7,mixed,tract,36047119800,3,1.0,873.3,1595.9
1953,892a100cacbffff,Brooklyn,BK0501,Cypress Hills,2,2219.0,692.0,0.7752,1924.8,tract,tract,36047036700,1,1.0,1527.0,2911.0
1954,892a100cacfffff,Brooklyn,BK0502,East New York (North),138,1472.7,307.8,0.1346,341.3,block_group,block_group,360471198001,2,1.0,1164.9,1780.5
1955,892a100cad3ffff,Brooklyn,BK0501,Cypress Hills,501,1666.4,540.4,0.2444,610.9,block_group,block_group,360471142021,4,1.0,1126.0,2206.8
1956,892a100cad7ffff,Brooklyn,BK0501,Cypress Hills,790,1800.5,452.7,0.3803,917.4,mixed,block_group,360471146002,4,1.0,1347.8,2253.2
1960,892a100cb0fffff,Brooklyn,BK0504,Spring Creek-Starrett City,2926,1290.0,691.0,0.0792,210.3,block_group,block_group,360471058012,1,1.0,599.0,1981.0
1961,892a100cb13ffff,Brooklyn,BK0504,Spring Creek-Starrett City,271,1275.5,338.6,0.0752,201.2,mixed,block_group,360471070011,2,1.0,936.9,1614.1
1962,892a100cb17ffff,Brooklyn,BK0504,Spring Creek-Starrett City,73,1270.0,341.0,0.0729,196.9,block_group,block_group,360471070011,1,1.0,929.0,1611.0
1963,892a100cb1bffff,Brooklyn,BK0503,East New York-New Lots,1217,821.1,589.3,0.0189,83.5,tract,tract,36047105801,2,1.0,231.8,1410.4
1965,892a100cb2bffff,Brooklyn,BK0504,Spring Creek-Starrett City,2222,1095.0,309.0,0.0449,133.7,block_group,block_group,360471058044,1,1.0,786.0,1404.0
1968,892a100cb3bffff,Brooklyn,BK0504,Spring Creek-Starrett City,2229,485.0,279.0,0.0034,54.5,block_group,block_group,360471058013,1,1.0,206.0,764.0
1970,892a100cb47ffff,Brooklyn,BK0503,East New York-New Lots,1550,355.0,95.0,0.0004,50.2,block_group,block_group,360471058042,1,1.0,260.0,450.0
1971,892a100cb4bffff,Brooklyn,BK1803,Canarsie,4,1707.0,525.0,0.2824,699.3,block_group,block_group,360471104001,1,1.0,1182.0,2232.0
1973,892a100cb53ffff,Brooklyn,BK0503,East New York-New Lots,416,1487.0,334.0,0.1413,358.1,block_group,block_group,360471104002,1,1.0,1153.0,1821.0
1974,892a100cb57ffff,Brooklyn,BK0503,East New York-New Lots,606,1374.8,802.9,0.0996,261.5,block_group,block_group,360471078004,2,1.0,571.9,2177.7
1975,892a100cb5bffff,Brooklyn,BK0503,East New York-New Lots,225,1667.9,435.7,0.2468,614.9,block_group,block_group,360471104001,2,1.0,1232.2,2103.6
1976,892a100cb67ffff,Brooklyn,BK0504,Spring Creek-Starrett City,32,1631.0,1390.0,0.215,539.9,block_group,block_group,360471016001,1,1.0,241.0,3021.0
1977,892a100cb6bffff,Brooklyn,BK1803,Canarsie,702,1674.8,274.2,0.2517,627.5,block_group,block_group,360470984001,4,1.0,1400.6,1949.0
1978,892a100cb6fffff,Brooklyn,BK1803,Canarsie,523,1701.9,691.0,0.2777,687.2,block_group,block_group,360471016001,4,1.0,1010.9,2392.9
1979,892a100cb73ffff,Brooklyn,BK0504,Spring Creek-Starrett City,1602,1016.2,265.1,0.0336,114.9,mixed,block_group,360471058043,3,1.0,751.1,1281.3
1981,892a100cb7bffff,Brooklyn,BK0504,Spring Creek-Starrett City,28,929.0,290.0,0.0272,101.0,tract,tract,36047105804,1,1.0,639.0,1219.0
1982,892a100cb83ffff,Brooklyn,BK0504,Spring Creek-Starrett City,393,1270.0,341.0,0.0729,196.9,block_group,block_group,360471070011,1,1.0,929.0,1611.0
1983,892a100cb87ffff,Brooklyn,BK0504,Spring Creek-Starrett City,522,1270.0,341.0,0.0729,196.9,block_group,block_group,360471070011,1,1.0,929.0,1611.0
1984,892a100cb8bffff,Brooklyn,BK0503,East New York-New Lots,938,2096.0,336.3,0.6679,1640.4,mixed,block_group,360471078002,3,1.0,1759.7,2432.3
1985,892a100cb8fffff,Brooklyn,BK0504,Spring Creek-Starrett City,776,1270.0,341.0,0.0729,196.9,block_group,block_group,360471070011,1,1.0,929.0,1611.0
1986,892a100cb93ffff,Brooklyn,BK0503,East New York-New Lots,43,1807.0,516.0,0.3873,934.2,block_group,block_group,360471220002,1,1.0,1291.0,2323.0
1987,892a100cb97ffff,Brooklyn,BK0504,Spring Creek-Starrett City,1526,1270.0,341.0,0.0729,196.9,block_group,block_group,360471070011,1,1.0,929.0,1611.0
1990,892a100cbb3ffff,Brooklyn,BK0504,Spring Creek-Starrett City,332,1270.0,341.0,0.0729,196.9,block_group,block_group,360471070011,1,1.0,929.0,1611.0
1992,892a100cbc3ffff,Brooklyn,BK0503,East New York-New Lots,1316,990.7,362.0,0.0318,111.1,block_group,block_group,360471110001,2,1.0,628.7,1352.7
1993,892a100cbc7ffff,Brooklyn,BK0503,East New York-New Lots,440,2019.0,1126.0,0.594,1452.4,tract,tract,36047107800,1,1.0,893.0,3145.0
1994,892a100cbcbffff,Brooklyn,BK0503,East New York-New Lots,144,1733.2,274.9,0.3132,761.7,block_group,block_group,360471104003,2,1.0,1458.3,2008.1
1995,892a100cbcfffff,Brooklyn,BK0503,East New York-New Lots,1899,857.2,177.6,0.0206,87.1,block_group,block_group,360471106001,2,1.0,679.6,1034.8
1996,892a100cbd3ffff,Brooklyn,BK0503,East New York-New Lots,221,1623.3,352.4,0.2096,527.7,block_group,block_group,360471116002,2,1.0,1270.9,1975.7
1997,892a100cbd7ffff,Brooklyn,BK0503,East New York-New Lots,242,1732.0,524.8,0.3089,758.8,mixed,block_group,360471116002,2,1.0,1207.2,2256.8
1998,892a100cbdbffff,Brooklyn,BK0503,East New York-New Lots,549,1596.5,361.2,0.195,491.1,block_group,block_group,360471104004,2,1.0,1235.3,1957.7
1999,892a100cc03ffff,Queens,QN0905,Woodhaven,467,2265.0,93.8,0.7964,1992.8,mixed,block_group,36081001800,3,1.0,2171.2,2358.8
2000,892a100cc07ffff,Queens,QN0904,Ozone Park (North),303,2375.8,178.3,0.8486,2157.4,mixed,block_group,360810032001,3,1.0,2197.5,2554.1
2001,892a100cc0bffff,Queens,QN0905,Woodhaven,536,2125.4,134.2,0.6973,1715.5,mixed,block_group,360810016002,6,1.0,1991.2,2259.6
2002,892a100cc0fffff,Queens,QN0905,Woodhaven,350,2149.8,170.2,0.7173,1773.9,mixed,block_group,360810016002,3,1.0,1979.6,2320.0
2003,892a100cc13ffff,Queens,QN0905,Woodhaven,393,2289.7,226.1,0.8099,2031.6,block_group,block_group,360810020001,3,1.0,2063.6,2515.8
2004,892a100cc17ffff,Queens,QN0905,Woodhaven,417,2030.3,208.5,0.6054,1482.6,block_group,block_group,360810030001,4,1.0,1821.8,2238.8
2005,892a100cc1bffff,Queens,QN0905,Woodhaven,567,2119.2,142.4,0.6919,1699.1,block_group,block_group,360810018001,5,1.0,1976.8,2261.6
2006,892a100cc23ffff,Queens,QN0904,Ozone Park (North),449,1751.6,164.8,0.3327,801.1,block_group,block_group,360810040012,5,1.0,1586.8,1916.4
2007,892a100cc27ffff,Queens,QN1002,Ozone Park,327,1909.6,366.4,0.4875,1192.6,mixed,block_group,360810054001,4,1.0,1543.2,2276.0
2008,892a100cc2bffff,Queens,QN0904,Ozone Park (North),504,1838.7,151.7,0.4216,1016.7,block_group,block_group,360810052001,5,1.0,1687.0,1990.4
2009,892a100cc2fffff,Queens,QN1002,Ozone Park,462,1767.7,147.5,0.3478,838.4,block_group,block_group,360810054004,3,1.0,1620.2,1915.2
2010,892a100cc33ffff,Queens,QN0904,Ozone Park (North),402,1854.6,165.9,0.4371,1059.6,block_group,block_group,360810038001,5,1.0,1688.7,2020.5
2011,892a100cc37ffff,Queens,QN1002,Ozone Park,506,1723.1,96.5,0.2979,736.5,block_group,block_group,360810040021,3,1.0,1626.6,1819.6
2012,892a100cc3bffff,Queens,QN0904,Ozone Park (North),617,1810.3,660.8,0.3908,943.3,block_group,block_group,360810038002,3,1.0,1149.5,2471.1
2013,892a100cc43ffff,Queens,QN0905,Woodhaven,585,1974.8,153.2,0.5582,1354.3,block_group,block_group,360810012003,5,1.0,1821.6,2128.0
2014,892a100cc47ffff,Queens,QN0905,Woodhaven,625,2519.8,216.1,0.8901,2292.4,block_group,block_group,360810010002,4,1.0,2303.7,2735.9
2015,892a100cc4bffff,Queens,QN0905,Woodhaven,658,2049.4,438.1,0.6242,1528.3,block_group,block_group,360810002002,4,1.0,1611.3,2487.5
2016,892a100cc4fffff,Queens,QN0905,Woodhaven,524,2023.2,357.1,0.599,1465.3,block_group,block_group,360810004001,3,1.0,1666.1,2380.3
2017,892a100cc53ffff,Queens,QN0905,Woodhaven,500,1515.6,275.2,0.1543,390.9,block_group,block_group,360810012001,4,1.0,1240.4,1790.8
2018,892a100cc57ffff,Queens,QN0905,Woodhaven,663,1799.8,178.5,0.3793,914.9,block_group,block_group,360810010001,5,1.0,1621.3,1978.3
2019,892a100cc5bffff,Queens,QN0905,Woodhaven,491,2047.8,186.3,0.6206,1523.8,block_group,block_group,360810012003,3,1.0,1861.5,2234.1
2020,892a100cc63ffff,Queens,QN0904,Ozone Park (North),360,2094.1,200.9,0.6659,1633.2,block_group,block_group,360810036002,6,1.0,1893.2,2295.0
2021,892a100cc67ffff,Queens,QN0904,Ozone Park (North),584,1992.1,204.1,0.5708,1391.8,block_group,block_group,360810042001,6,1.0,1788.0,2196.2
2022,892a100cc6bffff,Queens,QN0905,Woodhaven,478,1843.9,149.5,0.4268,1031.4,mixed,block_group,360810034002,4,1.0,1694.4,1993.4
2023,892a100cc6fffff,Queens,QN0904,Ozone Park (North),689,2013.9,220.4,0.5887,1438.4,block_group,block_group,360810036002,4,1.0,1793.5,2234.3
2024,892a100cc73ffff,Queens,QN0905,Woodhaven,557,2086.3,219.5,0.659,1615.0,block_group,block_group,360810008001,3,1.0,1866.8,2305.8
2025,892a100cc77ffff,Queens,QN0904,Ozone Park (North),450,2073.1,617.8,0.6461,1588.4,block_group,block_group,360810036001,3,1.0,1455.3,2690.9
2026,892a100cc7bffff,Queens,QN0905,Woodhaven,564,2222.6,228.0,0.7767,1930.1,mixed,block_group,360810006001,4,1.0,1994.6,2450.6
2027,892a100cc83ffff,Queens,QN0902,Richmond Hill,520,1863.5,481.2,0.4466,1082.3,block_group,block_group,360810026002,5,1.0,1382.3,2344.7
2028,892a100cc87ffff,Queens,QN0902,Richmond Hill,568,1679.9,277.8,0.2555,637.7,block_group,block_group,360810126022,4,1.0,1402.1,1957.7
2029,892a100cc8bffff,Queens,QN0902,Richmond Hill,628,1955.2,173.8,0.5308,1301.1,block_group,block_group,360810024002,6,1.0,1781.4,2129.0
2030,892a100cc8fffff,Queens,QN0902,Richmond Hill,522,1704.2,122.1,0.2802,692.4,block_group,block_group,360810028001,3,1.0,1582.1,1826.3
2031,892a100cc93ffff,Queens,QN0902,Richmond Hill,378,1969.3,436.9,0.5528,1340.3,block_group,block_group,360810128002,5,1.0,1532.4,2406.2
2032,892a100cc97ffff,Queens,QN0902,Richmond Hill,465,1800.6,192.5,0.3805,918.0,block_group,block_group,360810126011,5,1.0,1608.1,1993.1
2033,892a100cc9bffff,Queens,QN0902,Richmond Hill,317,2193.3,830.7,0.7512,1869.0,block_group,block_group,360810024001,4,1.0,1362.6,3024.0
2034,892a100cca3ffff,Queens,QN0904,Ozone Park (North),566,1937.4,254.3,0.5099,1253.3,block_group,block_group,360810116002,3,1.0,1683.1,2191.7
2035,892a100cca7ffff,Queens,QN0904,Ozone Park (North),437,2599.2,200.1,0.9167,2375.0,block_group,block_group,360810112001,6,1.0,2399.1,2799.3
2036,892a100ccabffff,Queens,QN0904,Ozone Park (North),263,2331.0,186.6,0.8322,2102.8,block_group,block_group,360810032001,3,1.0,2144.4,2517.6
2037,892a100ccafffff,Queens,QN0904,Ozone Park (North),399,2084.7,115.7,0.6574,1611.8,block_group,block_group,360810040011,5,1.0,1969.0,2200.4
2038,892a100ccb3ffff,Queens,QN0904,Ozone Park (North),383,2169.8,408.4,0.7326,1822.1,block_group,block_group,360810116001,5,1.0,1761.4,2578.2
2039,892a100ccb7ffff,Queens,QN0903,South Richmond Hill,495,2239.3,719.2,0.7833,1954.8,block_group,block_group,360810110001,5,1.0,1520.1,2958.5
2040,892a100ccbbffff,Queens,QN0902,Richmond Hill,279,1552.7,82.0,0.1699,430.6,block_group,block_group,360810028002,4,1.0,1470.7,1634.7
2041,892a100ccc7ffff,Queens,QN0905,Woodhaven,505,1722.2,111.5,0.2967,734.8,block_group,block_group,360810022002,4,1.0,1610.7,1833.7
2042,892a100cccfffff,Queens,QN0905,Woodhaven,570,1815.0,267.4,0.3949,954.8,block_group,block_group,360810014002,3,1.0,1547.6,2082.4
2043,892a100ccd7ffff,Queens,QN0902,Richmond Hill,349,1782.5,259.5,0.3591,868.8,block_group,block_group,360810024002,3,1.0,1523.0,2042.0
2044,892a100cd03ffff,Queens,QN1001,South Ozone Park,17,2118.0,233.0,0.6909,1697.2,block_group,block_group,360810088001,1,1.0,1885.0,2351.0
2045,892a100cd07ffff,Queens,QN1001,South Ozone Park,18,2118.0,233.0,0.6909,1697.2,block_group,block_group,360810088001,1,1.0,1885.0,2351.0
2046,892a100cd0bffff,Queens,QN1002,Ozone Park,381,2228.7,377.7,0.7786,1937.4,block_group,block_group,360810088002,2,1.0,1851.0,2606.4
2047,892a100cd0fffff,Queens,QN1002,Ozone Park,371,2126.0,221.5,0.6976,1716.8,block_group,block_group,360810088001,2,1.0,1904.5,2347.5
2048,892a100cd13ffff,Queens,QN1001,South Ozone Park,19,1667.0,271.0,0.2454,612.1,block_group,block_group,360810864001,1,1.0,1396.0,1938.0
2050,892a100cd1bffff,Queens,QN1002,Ozone Park,230,2033.7,175.8,0.608,1489.7,mixed,block_group,360810086002,3,1.0,1857.9,2209.5
2051,892a100cd23ffff,Queens,QN1003,Howard Beach-Lindenwood,182,1628.3,189.1,0.2129,535.5,block_group,block_group,360810884001,2,1.0,1439.2,1817.4
2052,892a100cd2bffff,Queens,QN1003,Howard Beach-Lindenwood,336,1959.6,196.3,0.5429,1313.7,mixed,block_group,360810884001,3,1.0,1763.3,2155.9
2053,892a100cd2fffff,Queens,QN1003,Howard Beach-Lindenwood,243,1674.4,159.1,0.2512,626.3,mixed,block_group,360810884008,3,1.0,1515.3,1833.5
2056,892a100cd3bffff,Queens,QN1003,Howard Beach-Lindenwood,55,2053.5,183.4,0.6274,1539.3,block_group,block_group,360810088001,2,1.0,1870.1,2236.9
2057,892a100cd43ffff,Queens,QN1002,Ozone Park,507,2158.0,104.6,0.7233,1793.0,mixed,block_group,360810058001,3,1.0,2053.4,2262.6
2058,892a100cd47ffff,Queens,QN1002,Ozone Park,259,1959.2,347.9,0.5423,1311.8,block_group,block_group,360810058002,4,1.0,1611.3,2307.1
2059,892a100cd4bffff,Queens,QN1002,Ozone Park,495,1994.1,228.3,0.5723,1396.2,mixed,tract,36081005800,2,1.0,1765.8,2222.4
2060,892a100cd4fffff,Queens,QN1002,Ozone Park,248,1894.2,301.1,0.4726,1152.8,mixed,block_group,360810058002,2,1.0,1593.1,2195.3
2061,892a100cd53ffff,Queens,QN1002,Ozone Park,387,1937.2,85.1,0.5097,1252.6,mixed,block_group,360810086001,4,1.0,1852.1,2022.3
2062,892a100cd57ffff,Queens,QN1002,Ozone Park,379,2113.0,190.3,0.6862,1685.4,block_group,block_group,360810086002,3,1.0,1922.7,2303.3
2063,892a100cd5bffff,Queens,QN1002,Ozone Park,455,1867.9,94.7,0.4499,1092.1,mixed,block_group,36081005400,4,1.0,1773.2,1962.6
2064,892a100cd63ffff,Queens,QN1003,Howard Beach-Lindenwood,192,2028.0,798.0,0.6032,1476.8,block_group,block_group,360810062011,1,1.0,1230.0,2826.0
2065,892a100cd67ffff,Queens,QN1003,Howard Beach-Lindenwood,73,2137.4,165.6,0.7072,1745.0,mixed,tract,36081089201,3,1.0,1971.8,2303.0
2066,892a100cd6bffff,Queens,QN1003,Howard Beach-Lindenwood,1201,1451.0,164.0,0.1245,321.0,mixed,block_group,360810062013,2,1.0,1287.0,1615.0
2067,892a100cd6fffff,Queens,QN1003,Howard Beach-Lindenwood,248,2081.2,520.4,0.6505,1602.0,mixed,block_group,360810062011,2,1.0,1560.8,2601.6
2068,892a100cd73ffff,Queens,QN1002,Ozone Park,191,2259.0,477.0,0.7936,1983.5,block_group,block_group,360810088002,1,1.0,1782.0,2736.0
2069,892a100cd77ffff,Queens,QN1003,Howard Beach-Lindenwood,52,1921.0,291.0,0.4968,1216.3,block_group,block_group,360810884001,1,1.0,1630.0,2212.0
2070,892a100cd7bffff,Queens,QN1003,Howard Beach-Lindenwood,695,1833.7,483.0,0.4163,1003.3,mixed,block_group,360810062011,3,1.0,1350.7,2316.7
2071,892a100cd83ffff,Queens,QN1001,South Ozone Park,254,2115.8,524.7,0.6881,1690.6,mixed,tract,36081010000,3,1.0,1591.1,2640.5
2072,892a100cd87ffff,Queens,QN1001,South Ozone Park,321,1883.5,260.6,0.4625,1126.7,mixed,tract,36081084000,2,1.0,1622.9,2144.1
2073,892a100cd8bffff,Queens,QN1001,South Ozone Park,247,1742.5,286.1,0.3212,779.9,block_group,block_group,360810864001,3,1.0,1456.4,2028.6
2075,892a100cd93ffff,Queens,QN1001,South Ozone Park,398,2016.8,285.8,0.5914,1444.8,mixed,block_group,360810102002,4,1.0,1731.0,2302.6
2076,892a100cd97ffff,Queens,QN1001,South Ozone Park,384,2185.0,150.3,0.746,1854.5,mixed,block_group,360810102001,3,1.0,2034.7,2335.3
2077,892a100cd9bffff,Queens,QN1001,South Ozone Park,404,2060.2,453.9,0.6336,1555.4,mixed,block_group,36081010000,3,1.0,1606.3,2514.1
2078,892a100cda3ffff,Queens,QN1001,South Ozone Park,346,2048.1,491.4,0.6233,1525.7,block_group,block_group,360810838004,3,1.0,1556.7,2539.5
2079,892a100cda7ffff,Queens,QN1001,South Ozone Park,249,1919.9,171.2,0.4961,1213.8,block_group,block_group,360810846012,2,1.0,1748.7,2091.1
2080,892a100cdabffff,Queens,QN1001,South Ozone Park,20,1750.6,175.9,0.3316,798.2,block_group,block_group,360810846012,2,1.0,1574.7,1926.5
2081,892a100cdafffff,Queens,QN1001,South Ozone Park,196,1745.0,195.0,0.3231,784.0,block_group,block_group,360810846012,1,1.0,1550.0,1940.0
2082,892a100cdb3ffff,Queens,QN1001,South Ozone Park,366,2263.8,773.5,0.796,1991.5,mixed,block_group,360810838003,3,1.0,1490.3,3037.3
2083,892a100cdb7ffff,Queens,QN1001,South Ozone Park,279,2614.3,922.2,0.9213,2391.4,block_group,block_group,360810838002,4,1.0,1692.1,3536.5
2084,892a100cdbbffff,Queens,QN1001,South Ozone Park,159,1782.2,110.8,0.3587,868.2,mixed,block_group,360810838004,3,1.0,1671.4,1893.0
2085,892a100cdc3ffff,Queens,QN1001,South Ozone Park,343,1921.1,359.6,0.497,1216.9,mixed,block_group,360810094001,3,1.0,1561.5,2280.7
2086,892a100cdc7ffff,Queens,QN1001,South Ozone Park,297,1665.3,226.8,0.2432,608.1,mixed,block_group,360810864001,2,1.0,1438.5,1892.1
2087,892a100cdcbffff,Queens,QN1002,Ozone Park,290,1834.2,136.2,0.4171,1005.7,block_group,block_group,360810086001,2,1.0,1698.0,1970.4
2088,892a100cdcfffff,Queens,QN1002,Ozone Park,305,1894.3,147.2,0.4728,1153.4,mixed,block_group,360810086001,3,1.0,1747.1,2041.5
2089,892a100cdd3ffff,Queens,QN1001,South Ozone Park,585,1846.1,208.3,0.4295,1037.5,block_group,block_group,360810094002,5,1.0,1637.8,2054.4
2090,892a100cdd7ffff,Queens,QN1001,South Ozone Park,417,2065.0,300.8,0.6381,1568.3,mixed,block_group,360810096002,5,1.0,1764.2,2365.8
2091,892a100cddbffff,Queens,QN0904,Ozone Park (North),312,2114.9,283.8,0.6875,1689.3,block_group,block_group,360810112002,4,1.0,1831.1,2398.7
2092,892a100ce07ffff,Brooklyn,BK0501,Cypress Hills,340,1909.2,163.1,0.4871,1191.3,block_group,block_group,360471176011,2,1.0,1746.1,2072.3
2093,892a100ce23ffff,Brooklyn,BK0501,Cypress Hills,452,2069.6,274.1,0.6417,1579.4,block_group,block_group,360471174002,4,1.0,1795.5,2343.7
2094,892a100ce27ffff,Brooklyn,BK0505,East New York-City Line,491,1972.9,342.9,0.5566,1349.8,block_group,block_group,360471192001,2,1.0,1630.0,2315.8
2095,892a100ce2bffff,Brooklyn,BK0501,Cypress Hills,685,1962.2,209.7,0.5456,1320.1,block_group,block_group,360471172022,4,1.0,1752.5,2171.9
2096,892a100ce2fffff,Brooklyn,BK0502,East New York (North),519,1987.8,549.0,0.5679,1382.9,block_group,block_group,360471192003,3,1.0,1438.8,2536.8
2097,892a100ce33ffff,Brooklyn,BK0501,Cypress Hills,547,1908.4,187.7,0.486,1188.2,block_group,block_group,360471176012,4,1.0,1720.7,2096.1
2098,892a100ce37ffff,Brooklyn,BK0501,Cypress Hills,1375,1583.0,1080.9,0.1864,470.3,block_group,block_group,360471178001,2,1.0,502.1,2663.9
2099,892a100ce3bffff,Brooklyn,BK0501,Cypress Hills,614,2146.6,127.1,0.7148,1766.0,block_group,block_group,360471174001,4,1.0,2019.5,2273.7
2100,892a100ce67ffff,Brooklyn,BK0501,Cypress Hills,574,1548.9,201.1,0.168,425.7,block_group,block_group,360471172011,3,1.0,1347.8,1750.0
2101,892a100ce6bffff,Brooklyn,BK0501,Cypress Hills,152,1788.7,521.6,0.3663,885.5,block_group,block_group,360471142011,2,1.0,1267.1,2310.3
2102,892a100ce6fffff,Brooklyn,BK0501,Cypress Hills,708,1682.2,232.9,0.2583,642.9,block_group,block_group,360471142022,5,1.0,1449.3,1915.1
2103,892a100ce77ffff,Brooklyn,BK0501,Cypress Hills,470,1825.9,258.9,0.4047,980.8,block_group,block_group,360471172021,3,1.0,1567.0,2084.8
2104,892a100cea3ffff,Brooklyn,BK0501,Cypress Hills,751,2038.7,136.4,0.6134,1505.7,mixed,block_group,360471182022,7,1.0,1902.3,2175.1
2105,892a100cea7ffff,Brooklyn,BK0501,Cypress Hills,687,1883.7,354.8,0.4631,1128.0,block_group,block_group,360471184001,3,1.0,1528.9,2238.5
2106,892a100ceabffff,Brooklyn,BK0501,Cypress Hills,779,1907.3,137.7,0.4855,1186.3,block_group,block_group,360471176021,4,1.0,1769.6,2045.0
2107,892a100ceafffff,Brooklyn,BK0501,Cypress Hills,713,1954.0,216.2,0.5288,1295.4,mixed,block_group,36047118400,5,1.0,1737.8,2170.2
2108,892a100ceb3ffff,Brooklyn,BK0501,Cypress Hills,677,2400.7,291.2,0.8566,2180.4,block_group,block_group,360471182021,5,1.0,2109.5,2691.9
2109,892a100ceb7ffff,Queens,QN0905,Woodhaven,672,2034.2,174.5,0.6086,1491.6,mixed,block_group,360810006003,7,1.0,1859.7,2208.7
2110,892a100cebbffff,Brooklyn,BK0501,Cypress Hills,342,2031.5,157.9,0.6058,1483.9,block_group,block_group,360471182011,3,1.0,1873.6,2189.4
2111,892a100cecbffff,Queens,QN0503,Glendale,191,2348.6,653.6,0.8391,2125.0,block_group,block_group,360810567001,2,1.0,1695.0,3002.2
2112,892a100ced3ffff,Queens,QN0503,Glendale,272,2112.5,328.0,0.6854,1683.4,block_group,block_group,360810629001,2,1.0,1784.5,2440.5
2113,892a100d003ffff,Queens,QN0201,Long Island City-Hunters Point,3452,3015.7,370.9,0.9796,2584.9,mixed,block_group,360810001011,3,1.0,2644.8,3386.6
2114,892a100d007ffff,Queens,QN0201,Long Island City-Hunters Point,132,2662.0,764.0,0.9361,2436.0,block_group,block_group,360810007011,1,1.0,1898.0,3426.0
2115,892a100d00fffff,Queens,QN0201,Long Island City-Hunters Point,2913,2956.0,512.0,0.9758,2571.0,block_group,block_group,360810001011,1,1.0,2444.0,3468.0
2116,892a100d013ffff,Queens,QN0201,Long Island City-Hunters Point,2917,2462.7,156.4,0.8759,2244.1,mixed,borough,36081,4,1.0,2306.3,2619.1
2117,892a100d017ffff,Queens,QN0201,Long Island City-Hunters Point,632,2821.3,274.1,0.961,2520.6,block_group,block_group,360810007012,2,1.0,2547.2,3095.4
2118,892a100d023ffff,Brooklyn,BK0101,Greenpoint,1692,2677.0,334.7,0.9383,2443.5,block_group,block_group,360470575001,6,1.0,2342.3,3011.7
2119,892a100d027ffff,Brooklyn,BK0101,Greenpoint,1279,2631.6,445.6,0.9264,2407.2,block_group,block_group,360470575002,5,1.0,2186.0,3077.2
2120,892a100d02bffff,Brooklyn,BK0101,Greenpoint,2206,2838.6,762.3,0.9632,2528.2,mixed,block_group,360470563022,4,1.0,2076.3,3600.9
2121,892a100d02fffff,Brooklyn,BK0101,Greenpoint,1563,2842.2,261.5,0.9637,2529.6,mixed,block_group,360470563014,4,1.0,2580.7,3103.7
2122,892a100d033ffff,Brooklyn,BK0101,Greenpoint,390,2944.6,139.2,0.974,2566.2,block_group,block_group,360470579011,3,1.0,2805.4,3083.8
2123,892a100d037ffff,Brooklyn,BK0101,Greenpoint,201,2634.1,346.7,0.928,2411.3,block_group,block_group,360470575001,2,1.0,2287.4,2980.8
2124,892a100d03bffff,Brooklyn,BK0101,Greenpoint,2713,2793.7,800.9,0.957,2505.4,block_group,block_group,360470563022,2,1.0,1992.8,3594.6
2125,892a100d04bffff,Manhattan,MN0603,Murray Hill-Kips Bay,3865,2322.6,277.4,0.8291,2091.4,mixed,borough,36061,4,1.0,2045.2,2600.0
2126,892a100d05bffff,Manhattan,MN0603,Murray Hill-Kips Bay,3352,2592.4,393.4,0.9143,2368.1,mixed,tract,36061008800,4,1.0,2199.0,2985.8
2127,892a100d083ffff,Queens,QN0201,Long Island City-Hunters Point,754,2319.8,397.8,0.8273,2086.7,mixed,block_group,360810007021,4,1.0,1922.0,2717.6
2128,892a100d087ffff,Queens,QN0201,Long Island City-Hunters Point,2281,2086.3,100.7,0.659,1615.0,mixed,borough,36081,3,1.0,1985.6,2187.0
2129,892a100d08fffff,Queens,QN0201,Long Island City-Hunters Point,927,2807.5,399.7,0.9592,2513.7,block_group,block_group,360810007023,3,1.0,2407.8,3207.2
2130,892a100d093ffff,Queens,QN0201,Long Island City-Hunters Point,7,1956.0,10.0,0.5358,1303.6,borough,borough,36081,1,1.0,1946.0,1966.0
2131,892a100d097ffff,Queens,QN0201,Long Island City-Hunters Point,2045,2021.3,30.1,0.5972,1460.1,mixed,borough,36081,2,1.0,1991.2,2051.4
2132,892a100d09bffff,Queens,QN0201,Long Island City-Hunters Point,12,1956.0,10.0,0.5358,1303.6,borough,borough,36081,1,1.0,1946.0,1966.0
2137,892a100d0b3ffff,Queens,QN0201,Long Island City-Hunters Point,158,1956.0,10.0,0.5358,1303.6,borough,borough,36081,1,1.0,1946.0,1966.0
2139,892a100d0bbffff,Queens,QN0201,Long Island City-Hunters Point,544,2822.9,181.5,0.9616,2522.0,block_group,block_group,360810007012,2,1.0,2641.4,3004.4
2142,892a100d103ffff,Brooklyn,BK0101,Greenpoint,1035,2794.9,146.7,0.9572,2506.1,block_group,block_group,360470591002,4,1.0,2648.2,2941.6
2143,892a100d107ffff,Brooklyn,BK0104,East Williamsburg,485,2479.5,155.6,0.8804,2260.4,mixed,block_group,360470449012,5,1.0,2323.9,2635.1
2144,892a100d10bffff,Brooklyn,BK0101,Greenpoint,1347,2298.4,275.0,0.8138,2042.3,block_group,block_group,360470571002,6,1.0,2023.4,2573.4
2145,892a100d10fffff,Brooklyn,BK0101,Greenpoint,1014,2696.5,249.7,0.9414,2454.5,mixed,block_group,360470591003,7,1.0,2446.8,2946.2
2146,892a100d113ffff,Brooklyn,BK0101,Greenpoint,135,2578.2,157.2,0.9112,2357.2,block_group,block_group,360470593002,3,1.0,2421.0,2735.4
2147,892a100d117ffff,Brooklyn,BK0101,Greenpoint,585,1957.9,159.0,0.541,1308.1,block_group,block_group,360470593001,2,1.0,1798.9,2116.9
2148,892a100d11bffff,Brooklyn,BK0101,Greenpoint,859,2494.5,216.9,0.8838,2272.0,block_group,block_group,360470589011,4,1.0,2277.6,2711.4
2149,892a100d123ffff,Brooklyn,BK0104,East Williamsburg,1620,1516.9,253.7,0.1552,393.0,block_group,block_group,360470449011,2,1.0,1263.2,1770.6
2150,892a100d127ffff,Brooklyn,BK0104,East Williamsburg,776,2480.1,265.2,0.8809,2262.5,block_group,block_group,360470481003,3,1.0,2214.9,2745.3
2151,892a100d12bffff,Brooklyn,BK0104,East Williamsburg,1241,2780.0,233.3,0.9554,2500.6,block_group,block_group,360470497002,4,1.0,2546.7,3013.3
2152,892a100d12fffff,Brooklyn,BK0104,East Williamsburg,1460,2634.5,167.5,0.9282,2412.0,mixed,block_group,360470481003,6,1.0,2467.0,2802.0
2153,892a100d133ffff,Brooklyn,BK0104,East Williamsburg,25,2147.0,465.0,0.7151,1766.7,block_group,block_group,360470449012,1,1.0,1682.0,2612.0
2154,892a100d137ffff,Brooklyn,BK0104,East Williamsburg,23,719.0,309.5,0.0123,70.9,mixed,block_group,360470449011,2,1.0,409.5,1028.5
2155,892a100d13bffff,Brooklyn,BK0104,East Williamsburg,994,2027.0,52.0,0.602,1474.2,mixed,borough,36047,4,1.0,1975.0,2079.0
2156,892a100d143ffff,Brooklyn,BK0101,Greenpoint,1117,2684.6,132.7,0.9396,2447.7,mixed,block_group,36047056100,7,1.0,2551.9,2817.3
2157,892a100d147ffff,Brooklyn,BK0101,Greenpoint,1190,2700.6,207.8,0.9431,2456.6,mixed,block_group,360470569001,6,1.0,2492.8,2908.4
2158,892a100d14bffff,Brooklyn,BK0101,Greenpoint,890,2719.7,218.2,0.9474,2471.0,block_group,block_group,360470561001,4,1.0,2501.5,2937.9
2159,892a100d14fffff,Brooklyn,BK0101,Greenpoint,294,2676.9,202.3,0.9381,2442.8,block_group,block_group,360470561004,2,1.0,2474.6,2879.2
2160,892a100d153ffff,Brooklyn,BK0101,Greenpoint,846,2739.9,302.9,0.9506,2482.7,block_group,block_group,360470575004,4,1.0,2437.0,3042.8
2161,892a100d157ffff,Brooklyn,BK0101,Greenpoint,1286,2729.4,225.9,0.9489,2476.5,block_group,block_group,360470573002,5,1.0,2503.5,2955.3
2162,892a100d15bffff,Brooklyn,BK0101,Greenpoint,1270,2793.7,220.7,0.957,2505.4,block_group,block_group,360470565003,6,1.0,2573.0,3014.4
2163,892a100d163ffff,Brooklyn,BK0102,Williamsburg,846,1833.0,9.0,0.4139,1000.9,borough,borough,36047,1,1.0,1824.0,1842.0
2164,892a100d167ffff,Brooklyn,BK0104,East Williamsburg,1164,2532.9,342.1,0.8963,2306.0,mixed,block_group,360470501001,6,1.0,2190.8,2875.0
2165,892a100d16bffff,Brooklyn,BK0102,Williamsburg,1817,1833.0,9.0,0.4139,1000.9,borough,borough,36047,1,1.0,1824.0,1842.0
2166,892a100d16fffff,Brooklyn,BK0102,Williamsburg,1542,1880.4,18.9,0.46,1119.9,mixed,borough,36047,2,1.0,1861.5,1899.3
2167,892a100d173ffff,Brooklyn,BK0101,Greenpoint,1090,2943.2,440.1,0.9735,2564.1,mixed,block_group,360470499001,5,1.0,2503.1,3383.3
2168,892a100d177ffff,Brooklyn,BK0104,East Williamsburg,833,2731.7,375.0,0.9495,2478.6,mixed,block_group,360470499002,4,1.0,2356.7,3106.7
2169,892a100d17bffff,Brooklyn,BK0102,Williamsburg,83,2900.0,317.0,0.9697,2550.3,block_group,block_group,360470569001,1,1.0,2583.0,3217.0
2172,892a100d18fffff,Brooklyn,BK0101,Greenpoint,2,1914.0,167.0,0.4921,1203.2,block_group,block_group,360470593001,1,1.0,1747.0,2081.0
2178,892a100d1abffff,Brooklyn,BK0104,East Williamsburg,110,2147.0,465.0,0.7151,1766.7,block_group,block_group,360470449012,1,1.0,1682.0,2612.0
2185,892a100d1cbffff,Brooklyn,BK0101,Greenpoint,2,2613.0,249.0,0.9208,2390.0,block_group,block_group,360470579012,1,1.0,2364.0,2862.0
2189,892a100d203ffff,Manhattan,MN0501,Midtown South-Flatiron-Union Square,1026,1832.0,760.8,0.4109,997.2,mixed,tract,36061005600,3,1.0,1071.2,2592.8
2190,892a100d207ffff,Manhattan,MN0602,Gramercy,2881,2043.6,575.8,0.6182,1516.0,mixed,block_group,360610068003,6,1.0,1467.8,2619.4
2191,892a100d20bffff,Manhattan,MN0501,Midtown South-Flatiron-Union Square,1235,2343.4,82.7,0.8367,2118.3,mixed,borough,36061,2,1.0,2260.7,2426.1
2192,892a100d20fffff,Manhattan,MN0501,Midtown South-Flatiron-Union Square,1412,3016.2,872.6,0.98,2586.2,mixed,tract,36061005600,4,1.0,2143.6,3888.8
2193,892a100d213ffff,Manhattan,MN0501,Midtown South-Flatiron-Union Square,2797,1671.1,142.1,0.2486,619.5,mixed,borough,36061,3,1.0,1529.0,1813.2
2194,892a100d217ffff,Manhattan,MN0602,Gramercy,1964,2688.3,291.5,0.9401,2449.7,mixed,block_group,360610068006,5,1.0,2396.8,2979.8
2195,892a100d21bffff,Manhattan,MN0501,Midtown South-Flatiron-Union Square,2277,2353.3,55.6,0.84,2128.4,mixed,borough,36061,3,1.0,2297.7,2408.9
2196,892a100d223ffff,Manhattan,MN0602,Gramercy,2711,2401.6,461.8,0.8574,2183.1,mixed,block_group,36061004800,6,1.0,1939.8,2863.4
2197,892a100d227ffff,Manhattan,MN0602,Gramercy,1986,2550.6,201.2,0.9019,2324.4,mixed,tract,360610048005,3,1.0,2349.4,2751.8
2198,892a100d22bffff,Manhattan,MN0303,East Village,2430,2577.9,277.6,0.9107,2355.2,mixed,borough,36061,3,1.0,2300.3,2855.5
2199,892a100d22fffff,Manhattan,MN0303,East Village,2885,2608.6,186.5,0.9197,2386.6,mixed,borough,36061,5,1.0,2422.1,2795.1
2200,892a100d233ffff,Manhattan,MN0602,Gramercy,4015,2743.1,402.1,0.9509,2484.1,mixed,block_group,360610064002,6,1.0,2341.0,3145.2
2201,892a100d237ffff,Manhattan,MN0602,Gramercy,1030,2707.8,250.7,0.9446,2462.1,mixed,block_group,360610048006,3,1.0,2457.1,2958.5
2202,892a100d23bffff,Manhattan,MN0602,Gramercy,1979,2354.3,595.9,0.8406,2130.4,mixed,block_group,36061,4,1.0,1758.4,2950.2
2203,892a100d243ffff,Manhattan,MN0401,Chelsea-Hudson Yards,3570,2292.1,265.1,0.8108,2034.3,block_group,block_group,360610091002,8,1.0,2027.0,2557.2
2204,892a100d247ffff,Manhattan,MN0401,Chelsea-Hudson Yards,2648,3043.0,255.7,0.982,2593.8,mixed,tract,36061008700,6,1.0,2787.3,3298.7
2205,892a100d24bffff,Manhattan,MN0401,Chelsea-Hudson Yards,2101,2108.8,251.9,0.6819,1675.0,block_group,block_group,360610089002,7,1.0,1856.9,2360.7
2206,892a100d24fffff,Manhattan,MN0401,Chelsea-Hudson Yards,2905,2846.3,397.4,0.9642,2531.0,mixed,block_group,36061008100,6,1.0,2448.9,3243.7
2207,892a100d253ffff,Manhattan,MN0501,Midtown South-Flatiron-Union Square,1630,2884.4,305.3,0.9682,2544.8,mixed,tract,36061009100,4,1.0,2579.1,3189.7
2208,892a100d257ffff,Manhattan,MN0401,Chelsea-Hudson Yards,2543,3096.5,441.7,0.9876,2609.1,mixed,tract,36061009100,3,1.0,2654.8,3538.2
2209,892a100d25bffff,Manhattan,MN0401,Chelsea-Hudson Yards,3442,1800.9,401.8,0.3808,919.2,mixed,block_group,36061009300,5,1.0,1399.1,2202.7
2210,892a100d263ffff,Manhattan,MN0202,Greenwich Village,3233,2786.8,319.4,0.9563,2504.1,mixed,borough,36061,6,1.0,2467.4,3106.2
2211,892a100d267ffff,Manhattan,MN0202,Greenwich Village,2655,2195.1,157.6,0.7523,1872.3,mixed,borough,36061,2,1.0,2037.5,2352.7
2212,892a100d26bffff,Manhattan,MN0203,West Village,2195,2995.6,197.4,0.9784,2580.0,mixed,block_group,360610071003,5,1.0,2798.2,3193.0
2213,892a100d26fffff,Manhattan,MN0202,Greenwich Village,2795,2327.7,452.4,0.8308,2097.4,mixed,borough,36061,5,1.0,1875.3,2780.1
2214,892a100d273ffff,Manhattan,MN0501,Midtown South-Flatiron-Union Square,1778,3298.7,488.9,0.9973,2642.4,mixed,block_group,360610054001,4,1.0,2809.8,3787.6
2215,892a100d277ffff,Manhattan,MN0501,Midtown South-Flatiron-Union Square,1495,3296.2,481.7,0.9971,2641.7,mixed,block_group,360610052002,5,1.0,2814.5,3777.9
2216,892a100d27bffff,Manhattan,MN0401,Chelsea-Hudson Yards,3581,3125.4,690.4,0.9892,2615.3,mixed,tract,36061008100,6,1.0,2435.0,3815.8
2217,892a100d283ffff,Manhattan,MN0603,Murray Hill-Kips Bay,4808,3079.4,224.1,0.9859,2604.9,mixed,block_group,36061008000,8,1.0,2855.3,3303.5
2218,892a100d287ffff,Manhattan,MN0603,Murray Hill-Kips Bay,4282,3016.1,119.6,0.9798,2585.5,mixed,tract,36061,7,1.0,2896.5,3135.7
2219,892a100d28bffff,Manhattan,MN0501,Midtown South-Flatiron-Union Square,2508,2442.5,99.5,0.8703,2226.5,mixed,borough,36061,2,1.0,2343.0,2542.0
2220,892a100d28fffff,Manhattan,MN0603,Murray Hill-Kips Bay,2771,3229.3,277.4,0.9959,2636.8,mixed,tract,36061007200,3,1.0,2951.9,3506.7
2221,892a100d293ffff,Manhattan,MN0603,Murray Hill-Kips Bay,1312,2882.3,206.7,0.9679,2543.4,mixed,block_group,36061008000,3,1.0,2675.6,3089.0
2222,892a100d297ffff,Manhattan,MN0603,Murray Hill-Kips Bay,5234,2477.4,295.2,0.8798,2258.4,mixed,block_group,36061,7,1.0,2182.2,2772.6
2223,892a100d29bffff,Manhattan,MN0502,Midtown-Times Square,2172,2434.9,113.6,0.8685,2219.7,mixed,borough,36061,2,1.0,2321.3,2548.5
2224,892a100d2a3ffff,Manhattan,MN0603,Murray Hill-Kips Bay,1698,1568.2,410.8,0.1769,447.9,mixed,block_group,360610066008,3,1.0,1157.4,1979.0
2225,892a100d2a7ffff,Manhattan,MN0603,Murray Hill-Kips Bay,1101,3415.0,317.0,0.9995,2647.9,tract,tract,36061006200,1,1.0,3098.0,3732.0
2226,892a100d2abffff,Manhattan,MN0603,Murray Hill-Kips Bay,4676,2687.3,307.6,0.9397,2448.3,mixed,block_group,36061006600,6,1.0,2379.7,2994.9
2227,892a100d2afffff,Manhattan,MN0602,Gramercy,2513,2450.3,444.5,0.8721,2233.3,mixed,tract,36061006400,3,1.0,2005.8,2894.8
2228,892a100d2b3ffff,Manhattan,MN0603,Murray Hill-Kips Bay,2086,2446.9,520.4,0.8708,2228.5,mixed,block_group,360610070013,3,1.0,1926.5,2967.3
2229,892a100d2bbffff,Manhattan,MN0603,Murray Hill-Kips Bay,3543,2497.6,214.4,0.8847,2274.7,block_group,block_group,360610066001,6,1.0,2283.2,2712.0
2230,892a100d2c3ffff,Manhattan,MN0501,Midtown South-Flatiron-Union Square,1324,2197.0,25.0,0.7562,1877.0,borough,borough,36061,1,1.0,2172.0,2222.0
2231,892a100d2c7ffff,Manhattan,MN0501,Midtown South-Flatiron-Union Square,1311,3013.2,141.0,0.9794,2584.2,mixed,block_group,360610076001,3,1.0,2872.2,3154.2
2232,892a100d2cbffff,Manhattan,MN0501,Midtown South-Flatiron-Union Square,1318,3049.9,336.2,0.9825,2595.9,mixed,block_group,360610095002,4,1.0,2713.7,3386.1
2233,892a100d2cfffff,Manhattan,MN0501,Midtown South-Flatiron-Union Square,898,2371.7,70.9,0.8472,2152.0,mixed,borough,36061,2,1.0,2300.8,2442.6
2234,892a100d2d3ffff,Manhattan,MN0502,Midtown-Times Square,508,3204.5,599.8,0.9944,2631.3,mixed,block_group,360610109001,3,1.0,2604.7,3804.3
2235,892a100d2d7ffff,Manhattan,MN0502,Midtown-Times Square,1693,2819.4,146.0,0.9609,2519.9,mixed,block_group,360610076001,2,1.0,2673.4,2965.4
2236,892a100d2dbffff,Manhattan,MN0502,Midtown-Times Square,842,3136.1,528.5,0.991,2618.1,mixed,tract,36061011100,2,1.0,2607.6,3664.6
2237,892a100d30bffff,Manhattan,MN0303,East Village,2216,1823.4,284.8,0.402,975.4,mixed,block_group,360610024003,4,1.0,1538.6,2108.2
2239,892a100d31bffff,Manhattan,MN0303,East Village,1114,778.2,173.8,0.0159,78.1,block_group,block_group,360610024001,2,1.0,604.4,952.0
2240,892a100d327ffff,Brooklyn,BK0102,Williamsburg,851,3321.9,347.5,0.9978,2644.4,tract,tract,36047055100,2,1.0,2974.4,3669.4
2241,892a100d337ffff,Brooklyn,BK0102,Williamsburg,966,2535.0,225.3,0.8966,2307.4,mixed,borough,36047,2,1.0,2309.7,2760.3
2242,892a100d343ffff,Manhattan,MN0303,East Village,1879,2615.4,358.5,0.9217,2392.8,block_group,block_group,360610032001,6,1.0,2256.9,2973.9
2243,892a100d347ffff,Manhattan,MN0303,East Village,2375,2199.9,246.4,0.7613,1884.9,mixed,block_group,360610026012,6,1.0,1953.5,2446.3
2244,892a100d34bffff,Manhattan,MN0303,East Village,3942,2096.1,382.4,0.668,1641.1,mixed,block_group,360610038005,8,1.0,1713.7,2478.5
2245,892a100d34fffff,Manhattan,MN0303,East Village,2928,2281.7,207.5,0.807,2021.6,mixed,block_group,360610030021,7,1.0,2074.2,2489.2
2246,892a100d353ffff,Manhattan,MN0303,East Village,3047,2290.4,368.7,0.8102,2033.0,mixed,block_group,360610034001,5,1.0,1921.7,2659.1
2247,892a100d357ffff,Manhattan,MN0303,East Village,2586,2386.1,567.4,0.852,2166.9,mixed,block_group,360610028003,5,1.0,1818.7,2953.5
2248,892a100d35bffff,Manhattan,MN0303,East Village,3348,2525.0,356.0,0.8943,2299.2,block_group,block_group,360610034003,5,1.0,2169.0,2881.0
2249,892a100d363ffff,Manhattan,MN0302,Lower East Side,1810,1043.9,106.6,0.0355,119.6,block_group,block_group,360610022014,2,1.0,937.3,1150.5
2250,892a100d367ffff,Manhattan,MN0302,Lower East Side,3230,629.3,98.2,0.0092,64.8,block_group,block_group,360610010025,2,1.0,531.1,727.5
2251,892a100d36bffff,Manhattan,MN0302,Lower East Side,2308,1788.4,649.3,0.3659,884.9,mixed,block_group,360610014021,5,1.0,1139.1,2437.7
2252,892a100d36fffff,Manhattan,MN0302,Lower East Side,1369,1198.6,280.5,0.0604,168.7,mixed,tract,36061001200,3,1.0,918.1,1479.1
2253,892a100d373ffff,Manhattan,MN0303,East Village,3180,1340.3,149.2,0.09,237.7,block_group,block_group,360610020001,3,1.0,1191.1,1489.5
2254,892a100d377ffff,Manhattan,MN0302,Lower East Side,36,579.0,252.0,0.006,58.6,tract,tract,36061001002,1,1.0,327.0,831.0
2255,892a100d37bffff,Manhattan,MN0302,Lower East Side,2496,2208.7,257.7,0.7687,1903.5,mixed,block_group,36061002201,5,1.0,1951.0,2466.4
2256,892a100d387ffff,Brooklyn,BK0101,Greenpoint,874,2641.0,240.0,0.9296,2417.5,block_group,block_group,360470561001,1,1.0,2401.0,2881.0
2257,892a100d393ffff,Brooklyn,BK0101,Greenpoint,1653,2197.7,620.3,0.7593,1879.0,mixed,block_group,360470565001,3,1.0,1577.4,2818.0
2258,892a100d397ffff,Brooklyn,BK0101,Greenpoint,491,2805.8,187.4,0.9589,2512.3,block_group,block_group,360470565001,2,1.0,2618.4,2993.2
2259,892a100d3a3ffff,Brooklyn,BK0102,Williamsburg,521,2153.5,71.1,0.7197,1781.8,mixed,borough,36047,2,1.0,2082.4,2224.6
2260,892a100d3a7ffff,Brooklyn,BK0102,Williamsburg,1320,2362.0,117.2,0.8435,2139.9,mixed,borough,36047,3,1.0,2244.8,2479.2
2261,892a100d3afffff,Brooklyn,BK0102,Williamsburg,3107,1833.0,9.0,0.4139,1000.9,borough,borough,36047,1,1.0,1824.0,1842.0
2262,892a100d3b3ffff,Brooklyn,BK0102,Williamsburg,3,1833.0,9.0,0.4139,1000.9,borough,borough,36047,1,1.0,1824.0,1842.0
2263,892a100d3b7ffff,Brooklyn,BK0102,Williamsburg,540,1833.0,9.0,0.4139,1000.9,borough,borough,36047,1,1.0,1824.0,1842.0
2266,892a100d3cbffff,Manhattan,MN0601,Stuyvesant Town-Peter Cooper Village,8764,3131.0,835.0,0.9906,2616.7,tract,tract,36061004400,1,1.0,2296.0,3966.0
2267,892a100d3cfffff,Manhattan,MN0601,Stuyvesant Town-Peter Cooper Village,1502,628.2,72.5,0.009,64.4,mixed,block_group,360610028001,3,1.0,555.7,700.7
2268,892a100d3dbffff,Manhattan,MN0601,Stuyvesant Town-Peter Cooper Village,2491,2197.0,25.0,0.7562,1877.0,borough,borough,36061,1,1.0,2172.0,2222.0
2269,892a100d403ffff,Queens,QN0105,Queensbridge-Ravenswood-Dutch Kills,62,2206.0,94.0,0.7665,1898.2,block_group,block_group,360810039001,1,1.0,2112.0,2300.0
2270,892a100d407ffff,Queens,QN0105,Queensbridge-Ravenswood-Dutch Kills,96,1868.4,170.0,0.4507,1094.0,mixed,block_group,360810085001,4,1.0,1698.4,2038.4
2271,892a100d40fffff,Queens,QN0105,Queensbridge-Ravenswood-Dutch Kills,11,2163.0,215.0,0.7272,1805.6,tract,tract,36081008500,1,1.0,1948.0,2378.0
2272,892a100d413ffff,Queens,QN0105,Queensbridge-Ravenswood-Dutch Kills,658,2052.1,36.7,0.6262,1535.4,mixed,borough,36081,2,1.0,2015.4,2088.8
2273,892a100d417ffff,Queens,QN0105,Queensbridge-Ravenswood-Dutch Kills,923,1241.7,196.9,0.0679,186.0,block_group,block_group,360810043001,4,1.0,1044.8,1438.6
2274,892a100d423ffff,Queens,QN0105,Queensbridge-Ravenswood-Dutch Kills,463,3074.7,306.0,0.9856,2603.5,mixed,block_group,360810033011,2,1.0,2768.7,3380.7
2275,892a100d427ffff,Queens,QN0105,Queensbridge-Ravenswood-Dutch Kills,2128,3382.9,257.4,0.9993,2647.2,mixed,block_group,360810033011,3,1.0,3125.5,3640.3
2276,892a100d42bffff,Queens,QN0105,Queensbridge-Ravenswood-Dutch Kills,492,696.0,365.0,0.0115,69.4,block_group,block_group,360810025005,1,1.0,331.0,1061.0
2277,892a100d42fffff,Queens,QN0201,Long Island City-Hunters Point,1240,2467.7,92.6,0.8774,2249.5,mixed,borough,36081,2,1.0,2375.1,2560.3
2279,892a100d437ffff,Queens,QN0105,Queensbridge-Ravenswood-Dutch Kills,572,2240.4,345.8,0.7846,1957.4,mixed,block_group,360810031001,4,1.0,1894.6,2586.2
2280,892a100d43bffff,Queens,QN0105,Queensbridge-Ravenswood-Dutch Kills,1065,567.5,202.8,0.0052,57.3,mixed,block_group,360810025003,3,1.0,364.7,770.3
2281,892a100d443ffff,Manhattan,MN0801,Upper East Side-Lenox Hill-Roosevelt Island,517,2410.0,337.0,0.8605,2192.6,block_group,block_group,360610124008,1,1.0,2073.0,2747.0
2282,892a100d44bffff,Manhattan,MN0801,Upper East Side-Lenox Hill-Roosevelt Island,3261,2337.6,332.1,0.8346,2111.6,block_group,block_group,360610116002,6,1.0,2005.5,2669.7
2283,892a100d44fffff,Manhattan,MN0801,Upper East Side-Lenox Hill-Roosevelt Island,707,2524.8,445.6,0.8941,2298.5,block_group,block_group,360610106022,3,1.0,2079.2,2970.4
2284,892a100d453ffff,Manhattan,MN0801,Upper East Side-Lenox Hill-Roosevelt Island,2295,2912.5,361.1,0.9717,2557.2,mixed,tract,36061012400,3,1.0,2551.4,3273.6
2285,892a100d45bffff,Manhattan,MN0801,Upper East Side-Lenox Hill-Roosevelt Island,4722,2854.0,353.1,0.965,2533.7,mixed,block_group,36061012400,9,1.0,2500.9,3207.1
2286,892a100d467ffff,Queens,QN0201,Long Island City-Hunters Point,6,1956.0,10.0,0.5358,1303.6,borough,borough,36081,1,1.0,1946.0,1966.0
2287,892a100d46bffff,Manhattan,MN0801,Upper East Side-Lenox Hill-Roosevelt Island,352,2781.0,777.0,0.9556,2501.3,block_group,block_group,360610238041,1,1.0,2004.0,3558.0
2288,892a100d477ffff,Queens,QN0105,Queensbridge-Ravenswood-Dutch Kills,1640,872.7,178.4,0.0216,89.1,block_group,block_group,360810025006,2,1.0,694.3,1051.1
2289,892a100d47bffff,Manhattan,MN0801,Upper East Side-Lenox Hill-Roosevelt Island,1168,2401.6,138.3,0.8574,2183.1,mixed,borough,36061,2,1.0,2263.3,2539.9
2290,892a100d483ffff,Queens,QN0102,Old Astoria-Hallets Point,895,2800.7,202.2,0.9578,2508.2,block_group,block_group,360810081001,3,1.0,2598.5,3002.9
2291,892a100d487ffff,Queens,QN0105,Queensbridge-Ravenswood-Dutch Kills,838,1783.8,147.2,0.3608,872.4,block_group,block_group,360810045001,4,1.0,1636.6,1931.0
2292,892a100d48bffff,Queens,QN0105,Queensbridge-Ravenswood-Dutch Kills,72,2206.0,94.0,0.7665,1898.2,block_group,block_group,360810039001,1,1.0,2112.0,2300.0
2293,892a100d48fffff,Queens,QN0105,Queensbridge-Ravenswood-Dutch Kills,697,1291.9,193.4,0.0797,211.8,block_group,block_group,360810043001,4,1.0,1098.5,1485.3
2294,892a100d493ffff,Queens,QN0102,Old Astoria-Hallets Point,1461,2743.6,257.5,0.9511,2484.8,block_group,block_group,360810081001,4,1.0,2486.1,3001.1
2295,892a100d497ffff,Queens,QN0102,Old Astoria-Hallets Point,1124,2316.2,300.0,0.8252,2078.6,block_group,block_group,360810077001,3,1.0,2016.2,2616.2
2296,892a100d4a3ffff,Queens,QN0105,Queensbridge-Ravenswood-Dutch Kills,759,1990.7,144.2,0.5699,1389.2,block_group,block_group,360810047001,4,1.0,1846.5,2134.9
2297,892a100d4a7ffff,Queens,QN0105,Queensbridge-Ravenswood-Dutch Kills,1177,1911.2,91.7,0.4891,1195.7,block_group,block_group,360810051001,4,1.0,1819.5,2002.9
2298,892a100d4abffff,Queens,QN0105,Queensbridge-Ravenswood-Dutch Kills,604,754.8,409.7,0.0141,74.7,block_group,block_group,360810047002,3,1.0,345.1,1164.5
2299,892a100d4afffff,Queens,QN0105,Queensbridge-Ravenswood-Dutch Kills,619,2292.1,258.3,0.8108,2034.3,block_group,block_group,360810051002,3,1.0,2033.8,2550.4
2300,892a100d4b3ffff,Queens,QN0105,Queensbridge-Ravenswood-Dutch Kills,1359,2027.0,465.6,0.602,1474.2,mixed,tract,36081004500,4,1.0,1561.4,2492.6
2301,892a100d4b7ffff,Queens,QN0103,Astoria (Central),1375,2143.0,105.1,0.7113,1756.2,block_group,block_group,360810053003,8,1.0,2037.9,2248.1
2302,892a100d4bbffff,Queens,QN0105,Queensbridge-Ravenswood-Dutch Kills,384,720.0,427.0,0.0124,71.3,block_group,block_group,360810047002,1,1.0,293.0,1147.0
2303,892a100d4cbffff,Manhattan,MN0801,Upper East Side-Lenox Hill-Roosevelt Island,3418,2838.9,219.6,0.9635,2528.9,mixed,block_group,36061013202,6,1.0,2619.3,3058.5
2305,892a100d4dbffff,Manhattan,MN0803,Upper East Side-Yorkville,4484,2607.1,594.7,0.9192,2384.6,mixed,block_group,360610136022,6,1.0,2012.4,3201.8
2306,892a100d503ffff,Queens,QN0202,Sunnyside,149,1811.0,159.0,0.3913,945.1,block_group,block_group,360810179011,1,1.0,1652.0,1970.0
2307,892a100d507ffff,Queens,QN0202,Sunnyside,1521,2009.9,160.3,0.5861,1430.1,block_group,block_group,360810189001,9,1.0,1849.6,2170.2
2309,892a100d50fffff,Queens,QN0202,Sunnyside,73,2526.0,746.0,0.8947,2300.6,block_group,block_group,360810189002,1,1.0,1780.0,3272.0
2310,892a100d513ffff,Queens,QN0202,Sunnyside,595,1832.4,127.2,0.4114,998.4,block_group,block_group,360810181011,3,1.0,1705.2,1959.6
2311,892a100d517ffff,Queens,QN0202,Sunnyside,1794,1857.8,84.5,0.441,1068.2,block_group,block_group,360810181012,7,1.0,1773.3,1942.3
2313,892a100d523ffff,Queens,QN0202,Sunnyside,233,2316.8,707.2,0.8259,2081.3,block_group,block_group,360810187002,2,1.0,1609.6,3024.0
2314,892a100d527ffff,Queens,QN0202,Sunnyside,12,3088.0,1213.0,0.9867,2607.0,block_group,block_group,360810205001,1,1.0,1875.0,4301.0
2317,892a100d533ffff,Queens,QN0202,Sunnyside,1433,2080.0,171.2,0.6495,1598.8,block_group,block_group,360810185012,5,1.0,1908.8,2251.2
2318,892a100d537ffff,Queens,QN0202,Sunnyside,442,1799.2,275.5,0.3782,912.5,block_group,block_group,360810187001,3,1.0,1523.7,2074.7
2319,892a100d53bffff,Queens,QN0202,Sunnyside,1010,1940.1,244.0,0.5151,1260.2,block_group,block_group,360810189003,3,1.0,1696.1,2184.1
2321,892a100d54bffff,Queens,QN0201,Long Island City-Hunters Point,1927,1956.0,10.0,0.5358,1303.6,borough,borough,36081,1,1.0,1946.0,1966.0
2323,892a100d557ffff,Queens,QN0202,Sunnyside,2,1956.0,10.0,0.5358,1303.6,borough,borough,36081,1,1.0,1946.0,1966.0
2324,892a100d55bffff,Queens,QN0201,Long Island City-Hunters Point,5303,1956.0,10.0,0.5358,1303.6,borough,borough,36081,1,1.0,1946.0,1966.0
2325,892a100d563ffff,Queens,QN0202,Sunnyside,15,1795.0,144.0,0.3731,901.1,block_group,block_group,360810199011,1,1.0,1651.0,1939.0
2326,892a100d567ffff,Queens,QN0202,Sunnyside,81,1795.0,144.0,0.3731,901.1,block_group,block_group,360810199011,1,1.0,1651.0,1939.0
2328,892a100d56fffff,Queens,QN0202,Sunnyside,115,1795.0,144.0,0.3731,901.1,block_group,block_group,360810199011,1,1.0,1651.0,1939.0
2330,892a100d577ffff,Queens,QN0202,Sunnyside,5,2526.0,746.0,0.8947,2300.6,block_group,block_group,360810189002,1,1.0,1780.0,3272.0
2332,892a100d583ffff,Queens,QN0202,Sunnyside,269,2099.7,376.0,0.6711,1649.5,block_group,block_group,360810183001,2,1.0,1723.7,2475.7
2333,892a100d587ffff,Queens,QN0202,Sunnyside,1439,2144.1,198.1,0.7124,1759.5,block_group,block_group,360810253011,5,1.0,1946.0,2342.2
2334,892a100d58fffff,Queens,QN0202,Sunnyside,1839,2048.8,94.6,0.6237,1527.0,block_group,block_group,360810181021,6,1.0,1954.2,2143.4
2335,892a100d597ffff,Queens,QN0202,Sunnyside,464,2199.8,157.4,0.7611,1884.3,block_group,block_group,360810169001,3,1.0,2042.4,2357.2
2336,892a100d5a3ffff,Queens,QN0202,Sunnyside,1315,1799.3,118.8,0.3785,913.1,block_group,block_group,360810235021,3,1.0,1680.5,1918.1
2337,892a100d5abffff,Queens,QN0202,Sunnyside,1657,2014.5,127.7,0.5898,1440.3,block_group,block_group,360810185022,4,1.0,1886.8,2142.2
2338,892a100d5afffff,Queens,QN0202,Sunnyside,1369,1619.1,109.4,0.2064,520.5,block_group,block_group,360810235011,6,1.0,1509.7,1728.5
2339,892a100d5b3ffff,Queens,QN0202,Sunnyside,1549,2003.0,107.3,0.579,1414.7,block_group,block_group,360810253012,6,1.0,1895.7,2110.3
2340,892a100d5bbffff,Queens,QN0202,Sunnyside,1608,2063.1,129.3,0.6372,1565.1,block_group,block_group,360810183004,6,1.0,1933.8,2192.4
2341,892a100d5cbffff,Queens,QN0105,Queensbridge-Ravenswood-Dutch Kills,1770,3309.8,212.8,0.9975,2643.1,block_group,block_group,360810033011,2,1.0,3097.0,3522.6
2342,892a100d5d3ffff,Queens,QN0105,Queensbridge-Ravenswood-Dutch Kills,477,2400.6,277.1,0.8564,2179.7,block_group,block_group,360810055001,2,1.0,2123.5,2677.7
2343,892a100d5dbffff,Queens,QN0105,Queensbridge-Ravenswood-Dutch Kills,1160,2650.9,175.6,0.9318,2425.0,block_group,block_group,360810051002,5,1.0,2475.3,2826.5
2344,892a100d603ffff,Manhattan,MN0502,Midtown-Times Square,517,2197.0,25.0,0.7562,1877.0,borough,borough,36061,1,1.0,2172.0,2222.0
2345,892a100d607ffff,Manhattan,MN0604,East Midtown-Turtle Bay,681,2496.0,772.6,0.8844,2273.3,block_group,block_group,360610100002,2,1.0,1723.4,3268.6
2346,892a100d60bffff,Manhattan,MN0502,Midtown-Times Square,817,2656.0,1055.0,0.9332,2429.1,block_group,block_group,360610104001,1,1.0,1601.0,3711.0
2347,892a100d60fffff,Manhattan,MN0502,Midtown-Times Square,247,2225.7,50.6,0.7777,1934.1,mixed,borough,36061,2,1.0,2175.1,2276.3
2348,892a100d613ffff,Manhattan,MN0502,Midtown-Times Square,946,2650.4,323.0,0.9316,2424.3,mixed,borough,36061,3,1.0,2327.4,2973.4
2349,892a100d617ffff,Manhattan,MN0604,East Midtown-Turtle Bay,2302,2338.6,203.1,0.8349,2112.9,mixed,borough,36061,4,1.0,2135.5,2541.7
2350,892a100d61bffff,Manhattan,MN0502,Midtown-Times Square,1890,2357.5,369.3,0.8418,2134.5,mixed,borough,36061,2,1.0,1988.2,2726.8
2351,892a100d623ffff,Manhattan,MN0604,East Midtown-Turtle Bay,3651,3058.9,297.4,0.9845,2599.4,mixed,block_group,360610090006,7,1.0,2761.5,3356.3
2352,892a100d62bffff,Manhattan,MN0604,East Midtown-Turtle Bay,764,2197.0,25.0,0.7562,1877.0,borough,borough,36061,1,1.0,2172.0,2222.0
2353,892a100d62fffff,Manhattan,MN0603,Murray Hill-Kips Bay,3336,2757.9,740.4,0.9529,2491.0,mixed,tract,36061008800,4,1.0,2017.5,3498.3
2354,892a100d633ffff,Manhattan,MN0604,East Midtown-Turtle Bay,2876,2824.4,413.6,0.9618,2522.7,mixed,block_group,36061009800,6,1.0,2410.8,3238.0
2355,892a100d637ffff,Manhattan,MN0604,East Midtown-Turtle Bay,3238,2909.1,618.6,0.9715,2556.5,mixed,block_group,360610086034,5,1.0,2290.5,3527.7
2356,892a100d63bffff,Manhattan,MN0604,East Midtown-Turtle Bay,1445,3019.8,583.6,0.9802,2586.9,block_group,block_group,360610092003,3,1.0,2436.2,3603.4
2357,892a100d643ffff,Manhattan,MN0502,Midtown-Times Square,2492,2785.9,372.4,0.9562,2503.4,mixed,block_group,360610131001,4,1.0,2413.5,3158.3
2358,892a100d647ffff,Manhattan,MN0502,Midtown-Times Square,483,3430.8,535.6,0.9996,2648.6,block_group,block_group,360610131002,2,1.0,2895.2,3966.4
2359,892a100d64bffff,Manhattan,MN0402,Hell's Kitchen,3628,2657.6,338.8,0.9338,2431.2,mixed,block_group,360610133002,8,1.0,2318.8,2996.4
2360,892a100d64fffff,Manhattan,MN0502,Midtown-Times Square,2424,2265.4,91.2,0.7967,1993.5,mixed,borough,36061,4,1.0,2174.2,2356.6
2361,892a100d653ffff,Manhattan,MN0502,Midtown-Times Square,2333,2523.4,210.0,0.8936,2296.5,mixed,borough,36061,4,1.0,2313.4,2733.4
2362,892a100d657ffff,Manhattan,MN0502,Midtown-Times Square,2283,2542.2,807.2,0.8984,2314.2,mixed,block_group,360610137003,5,1.0,1735.0,3349.4
2363,892a100d65bffff,Manhattan,MN0402,Hell's Kitchen,3454,2556.2,467.8,0.9044,2333.3,mixed,block_group,360610139004,5,1.0,2088.4,3024.0
2364,892a100d663ffff,Manhattan,MN0502,Midtown-Times Square,251,2197.0,25.0,0.7562,1877.0,borough,borough,36061,1,1.0,2172.0,2222.0
2365,892a100d667ffff,Manhattan,MN0502,Midtown-Times Square,11,2197.0,25.0,0.7562,1877.0,borough,borough,36061,1,1.0,2172.0,2222.0
2366,892a100d66bffff,Manhattan,MN0502,Midtown-Times Square,6,399.0,268.0,0.0014,51.4,block_group,block_group,360610119001,1,1.0,131.0,667.0
2367,892a100d66fffff,Manhattan,MN0502,Midtown-Times Square,640,2197.0,25.0,0.7562,1877.0,borough,borough,36061,1,1.0,2172.0,2222.0
2368,892a100d673ffff,Manhattan,MN0502,Midtown-Times Square,217,2197.0,25.0,0.7562,1877.0,borough,borough,36061,1,1.0,2172.0,2222.0
2369,892a100d677ffff,Manhattan,MN0502,Midtown-Times Square,58,3208.0,1567.0,0.9948,2632.7,block_group,block_group,360610094001,1,1.0,1641.0,4775.0
2370,892a100d67bffff,Manhattan,MN0502,Midtown-Times Square,298,1304.2,193.3,0.0826,219.1,block_group,block_group,360610119001,2,1.0,1110.9,1497.5
2371,892a100d683ffff,Manhattan,MN0802,Upper East Side-Carnegie Hill,1829,2921.7,418.6,0.9722,2559.3,mixed,tract,36061012000,4,1.0,2503.1,3340.3
2372,892a100d687ffff,Manhattan,MN0801,Upper East Side-Lenox Hill-Roosevelt Island,4553,2803.9,441.1,0.9585,2511.0,mixed,block_group,360610110001,10,1.0,2362.8,3245.0
2373,892a100d68bffff,Manhattan,MN0802,Upper East Side-Carnegie Hill,1530,3058.1,470.4,0.9842,2598.7,mixed,tract,36061012200,4,1.0,2587.7,3528.5
2374,892a100d68fffff,Manhattan,MN0802,Upper East Side-Carnegie Hill,2358,3072.8,495.3,0.9854,2602.8,mixed,block_group,36061011402,5,1.0,2577.5,3568.1
2375,892a100d693ffff,Manhattan,MN0802,Upper East Side-Carnegie Hill,2388,2632.4,305.2,0.9268,2408.5,mixed,tract,36061012000,4,1.0,2327.2,2937.6
2376,892a100d697ffff,Manhattan,MN0801,Upper East Side-Lenox Hill-Roosevelt Island,3980,2702.6,236.9,0.9437,2458.6,mixed,tract,36061011800,4,1.0,2465.7,2939.5
2377,892a100d69bffff,Manhattan,MN0802,Upper East Side-Carnegie Hill,1832,3010.5,1155.1,0.9793,2583.5,mixed,tract,36061012200,3,1.0,1855.4,4165.6
2378,892a100d6a3ffff,Manhattan,MN0604,East Midtown-Turtle Bay,4891,2832.6,301.2,0.9628,2526.8,mixed,block_group,36061010601,6,1.0,2531.4,3133.8
2379,892a100d6abffff,Manhattan,MN0604,East Midtown-Turtle Bay,3914,2819.0,239.7,0.9605,2518.5,mixed,tract,36061010803,8,1.0,2579.3,3058.7
2380,892a100d6afffff,Manhattan,MN0604,East Midtown-Turtle Bay,5553,2900.1,352.0,0.9699,2551.0,mixed,block_group,36061008603,6,1.0,2548.1,3252.1
2381,892a100d6b3ffff,Manhattan,MN0801,Upper East Side-Lenox Hill-Roosevelt Island,3661,2493.0,244.6,0.8834,2270.6,mixed,block_group,36061,5,1.0,2248.4,2737.6
2382,892a100d6bbffff,Manhattan,MN0801,Upper East Side-Lenox Hill-Roosevelt Island,3024,3048.7,272.3,0.9823,2595.2,mixed,block_group,360610108031,5,1.0,2776.4,3321.0
2383,892a100d6cfffff,Manhattan,MN0502,Midtown-Times Square,2475,2197.0,25.0,0.7562,1877.0,borough,borough,36061,1,1.0,2172.0,2222.0
2384,892a100d803ffff,Brooklyn,BK0302,Bedford-Stuyvesant (East),1030,1841.4,561.7,0.424,1022.8,block_group,block_group,360470277004,7,1.0,1279.7,2403.1
2385,892a100d807ffff,Brooklyn,BK0302,Bedford-Stuyvesant (East),1043,1822.6,239.4,0.4013,973.5,mixed,block_group,360470275002,5,1.0,1583.2,2062.0
2386,892a100d80bffff,Brooklyn,BK0301,Bedford-Stuyvesant (West),1222,2063.0,326.6,0.6368,1564.5,block_group,block_group,360470265001,5,1.0,1736.4,2389.6
2387,892a100d80fffff,Brooklyn,BK0301,Bedford-Stuyvesant (West),1166,2268.6,413.3,0.8001,2002.2,block_group,block_group,360470267002,8,1.0,1855.3,2681.9
2388,892a100d813ffff,Brooklyn,BK0302,Bedford-Stuyvesant (East),1037,2146.1,682.6,0.7144,1764.7,mixed,block_group,360470279001,6,1.0,1463.5,2828.7
2389,892a100d817ffff,Brooklyn,BK0302,Bedford-Stuyvesant (East),1201,1780.3,246.3,0.3571,863.4,mixed,block_group,360470277001,7,1.0,1534.0,2026.6
2390,892a100d81bffff,Brooklyn,BK0301,Bedford-Stuyvesant (West),1449,2178.1,402.7,0.7406,1837.9,block_group,block_group,360470263001,7,1.0,1775.4,2580.8
2391,892a100d823ffff,Brooklyn,BK0302,Bedford-Stuyvesant (East),1319,2185.0,377.3,0.746,1854.5,mixed,block_group,360470273003,4,1.0,1807.7,2562.3
2392,892a100d827ffff,Brooklyn,BK0802,Crown Heights (North),631,1907.1,369.9,0.4852,1185.7,block_group,block_group,360470309001,4,1.0,1537.2,2277.0
2393,892a100d82bffff,Brooklyn,BK0302,Bedford-Stuyvesant (East),978,2355.6,297.2,0.8411,2131.8,block_group,block_group,360470271001,5,1.0,2058.4,2652.8
2394,892a100d82fffff,Brooklyn,BK0802,Crown Heights (North),995,2361.9,186.3,0.8431,2139.2,block_group,block_group,360470311003,6,1.0,2175.6,2548.2
2395,892a100d833ffff,Brooklyn,BK0302,Bedford-Stuyvesant (East),875,2001.6,244.4,0.5777,1411.5,mixed,block_group,360470273001,7,1.0,1757.2,2246.0
2396,892a100d837ffff,Brooklyn,BK0302,Bedford-Stuyvesant (East),686,1996.9,263.2,0.574,1401.3,block_group,block_group,360470271002,4,1.0,1733.7,2260.1
2397,892a100d83bffff,Brooklyn,BK0302,Bedford-Stuyvesant (East),1088,2116.5,161.0,0.6892,1693.3,mixed,block_group,360470269001,9,1.0,1955.5,2277.5
2398,892a100d843ffff,Brooklyn,BK0301,Bedford-Stuyvesant (West),1106,2677.6,329.0,0.9385,2444.2,block_group,block_group,360470241002,4,1.0,2348.6,3006.6
2399,892a100d847ffff,Brooklyn,BK0301,Bedford-Stuyvesant (West),1236,1973.4,283.9,0.5571,1351.1,mixed,block_group,36047025100,7,1.0,1689.5,2257.3
2400,892a100d84bffff,Brooklyn,BK0301,Bedford-Stuyvesant (West),1176,2850.0,274.0,0.9646,2532.3,mixed,block_group,360470233003,6,1.0,2576.0,3124.0
2401,892a100d84fffff,Brooklyn,BK0301,Bedford-Stuyvesant (West),1386,2303.0,245.3,0.8169,2053.1,mixed,block_group,360470243002,5,1.0,2057.7,2548.3
2402,892a100d853ffff,Brooklyn,BK0301,Bedford-Stuyvesant (West),1333,2179.1,245.9,0.742,1841.9,block_group,block_group,360470253002,6,1.0,1933.2,2425.0
2403,892a100d857ffff,Brooklyn,BK0301,Bedford-Stuyvesant (West),766,2071.4,637.3,0.6444,1584.5,block_group,block_group,360470261003,4,1.0,1434.1,2708.7
2404,892a100d85bffff,Brooklyn,BK0301,Bedford-Stuyvesant (West),606,2517.0,513.4,0.89,2291.7,block_group,block_group,360470241001,3,1.0,2003.6,3030.4
2405,892a100d863ffff,Brooklyn,BK0301,Bedford-Stuyvesant (West),1297,1885.5,327.7,0.4645,1132.3,block_group,block_group,360470249003,6,1.0,1557.8,2213.2
2406,892a100d867ffff,Brooklyn,BK0301,Bedford-Stuyvesant (West),806,2666.7,508.0,0.937,2439.4,block_group,block_group,360470247001,3,1.0,2158.7,3174.7
2407,892a100d86bffff,Brooklyn,BK0301,Bedford-Stuyvesant (West),1470,2523.7,427.0,0.8937,2297.2,block_group,block_group,360470245002,4,1.0,2096.7,2950.7
2408,892a100d86fffff,Brooklyn,BK0301,Bedford-Stuyvesant (West),897,2423.7,167.1,0.8656,2208.8,block_group,block_group,360470247002,4,1.0,2256.6,2590.8
2409,892a100d873ffff,Brooklyn,BK0301,Bedford-Stuyvesant (West),900,2272.1,360.7,0.8016,2007.5,block_group,block_group,360470249001,8,1.0,1911.4,2632.8
2410,892a100d877ffff,Brooklyn,BK0301,Bedford-Stuyvesant (West),1132,2556.3,137.6,0.9046,2334.0,block_group,block_group,360470267004,5,1.0,2418.7,2693.9
2411,892a100d87bffff,Brooklyn,BK0301,Bedford-Stuyvesant (West),1255,2326.1,286.7,0.8301,2094.7,mixed,block_group,36047024300,6,1.0,2039.4,2612.8
2412,892a100d883ffff,Brooklyn,BK0302,Bedford-Stuyvesant (East),1055,1970.7,204.3,0.5539,1342.9,mixed,block_group,360470289002,5,1.0,1766.4,2175.0
2413,892a100d887ffff,Brooklyn,BK0302,Bedford-Stuyvesant (East),1134,2294.8,562.8,0.8124,2037.6,mixed,block_group,360470387003,6,1.0,1732.0,2857.6
2414,892a100d88bffff,Brooklyn,BK0302,Bedford-Stuyvesant (East),1416,1619.6,261.3,0.2067,521.6,mixed,tract,36047028100,7,1.0,1358.3,1880.9
2415,892a100d88fffff,Brooklyn,BK0302,Bedford-Stuyvesant (East),1022,1680.7,381.8,0.2563,639.5,block_group,block_group,360470291001,4,1.0,1298.9,2062.5
2416,892a100d893ffff,Brooklyn,BK0401,Bushwick (West),1154,2495.0,243.3,0.8841,2272.7,mixed,block_group,360470393001,5,1.0,2251.7,2738.3
2417,892a100d897ffff,Brooklyn,BK0401,Bushwick (West),967,2351.5,206.8,0.8396,2127.1,mixed,block_group,360470393003,6,1.0,2144.7,2558.3
2418,892a100d89bffff,Brooklyn,BK0302,Bedford-Stuyvesant (East),2834,2196.9,321.3,0.7534,1876.3,mixed,tract,36047028700,5,1.0,1875.6,2518.2
2419,892a100d8a3ffff,Brooklyn,BK0302,Bedford-Stuyvesant (East),1248,2615.8,243.7,0.9219,2393.5,block_group,block_group,360470295001,8,1.0,2372.1,2859.5
2420,892a100d8a7ffff,Brooklyn,BK0302,Bedford-Stuyvesant (East),1069,2055.1,313.9,0.6285,1543.1,block_group,block_group,360470381004,7,1.0,1741.2,2369.0
2421,892a100d8abffff,Brooklyn,BK0302,Bedford-Stuyvesant (East),1144,2361.8,156.3,0.8429,2138.5,mixed,block_group,360470295004,10,1.0,2205.5,2518.1
2422,892a100d8afffff,Brooklyn,BK0302,Bedford-Stuyvesant (East),899,2603.8,299.1,0.9181,2380.5,block_group,block_group,360470297001,4,1.0,2304.7,2902.9
2423,892a100d8b3ffff,Brooklyn,BK0302,Bedford-Stuyvesant (East),1078,2268.5,320.2,0.7997,2001.5,block_group,block_group,360470385001,6,1.0,1948.3,2588.7
2424,892a100d8b7ffff,Brooklyn,BK0302,Bedford-Stuyvesant (East),1151,2353.7,191.3,0.8402,2129.1,block_group,block_group,360470383002,5,1.0,2162.4,2545.0
2425,892a100d8bbffff,Brooklyn,BK0302,Bedford-Stuyvesant (East),971,1525.1,170.8,0.1586,402.1,mixed,block_group,360470293001,7,1.0,1354.3,1695.9
2426,892a100d8c3ffff,Brooklyn,BK0302,Bedford-Stuyvesant (East),1161,1811.5,204.9,0.392,947.5,block_group,block_group,360470259011,5,1.0,1606.6,2016.4
2427,892a100d8c7ffff,Brooklyn,BK0302,Bedford-Stuyvesant (East),1030,2009.9,181.1,0.5861,1430.1,mixed,block_group,360470281003,4,1.0,1828.8,2191.0
2428,892a100d8cbffff,Brooklyn,BK0301,Bedford-Stuyvesant (West),976,2091.3,305.8,0.6629,1625.4,block_group,block_group,360470259011,4,1.0,1785.5,2397.1
2429,892a100d8cfffff,Brooklyn,BK0301,Bedford-Stuyvesant (West),1304,2621.0,197.0,0.9237,2399.6,block_group,block_group,360470261002,6,1.0,2424.0,2818.0
2430,892a100d8d3ffff,Brooklyn,BK0302,Bedford-Stuyvesant (East),2005,608.8,149.1,0.0081,62.7,block_group,block_group,360470285021,2,1.0,459.7,757.9
2431,892a100d8d7ffff,Brooklyn,BK0302,Bedford-Stuyvesant (East),1254,1713.4,419.7,0.2879,712.7,block_group,block_group,360470283001,6,1.0,1293.7,2133.1
2432,892a100d8dbffff,Brooklyn,BK0301,Bedford-Stuyvesant (West),1617,1134.8,209.6,0.0485,141.3,mixed,block_group,360470259021,5,1.0,925.2,1344.4
2433,892a100d903ffff,Brooklyn,BK0802,Crown Heights (North),1473,1507.1,685.8,0.1501,380.8,block_group,block_group,360470359003,4,1.0,821.3,2192.9
2434,892a100d907ffff,Brooklyn,BK1602,Brownsville,920,1444.3,287.6,0.1218,313.8,mixed,block_group,360470359004,5,1.0,1156.7,1731.9
2435,892a100d90bffff,Brooklyn,BK0802,Crown Heights (North),1198,1556.8,166.9,0.1714,433.8,block_group,block_group,360470349012,5,1.0,1389.9,1723.7
2436,892a100d913ffff,Brooklyn,BK0802,Crown Heights (North),1205,1451.0,404.9,0.1245,321.0,block_group,block_group,360470359001,4,1.0,1046.1,1855.9
2437,892a100d917ffff,Brooklyn,BK1601,Ocean Hill,849,1361.8,511.6,0.0956,251.5,block_group,block_group,360470361003,6,1.0,850.2,1873.4
2438,892a100d91bffff,Brooklyn,BK0802,Crown Heights (North),1445,1416.0,271.6,0.1113,289.8,block_group,block_group,360470347003,6,1.0,1144.4,1687.6
2439,892a100d923ffff,Brooklyn,BK1704,East Flatbush-Remsen Village,1391,1451.8,270.6,0.1256,323.1,block_group,block_group,360470892003,4,1.0,1181.2,1722.4
2440,892a100d927ffff,Brooklyn,BK1704,East Flatbush-Remsen Village,1104,1544.4,171.9,0.1662,420.9,block_group,block_group,360470886001,5,1.0,1372.5,1716.3
2441,892a100d92bffff,Brooklyn,BK1704,East Flatbush-Remsen Village,1148,1945.7,179.2,0.5219,1276.5,block_group,block_group,360470882002,5,1.0,1766.5,2124.9
2442,892a100d92fffff,Brooklyn,BK1704,East Flatbush-Remsen Village,1117,1689.0,266.7,0.2643,658.9,block_group,block_group,360470882003,4,1.0,1422.3,1955.7
2443,892a100d933ffff,Brooklyn,BK1602,Brownsville,991,1424.9,138.6,0.1147,296.4,mixed,block_group,360470900005,7,1.0,1286.3,1563.5
2444,892a100d937ffff,Brooklyn,BK1602,Brownsville,892,1559.6,455.6,0.1728,438.1,mixed,block_group,360470894002,5,1.0,1104.0,2015.2
2445,892a100d93bffff,Brooklyn,BK1704,East Flatbush-Remsen Village,1039,1606.6,690.4,0.2004,506.0,mixed,block_group,360470884001,5,1.0,916.2,2297.0
2446,892a100d943ffff,Brooklyn,BK0802,Crown Heights (North),988,2007.5,329.0,0.5834,1424.9,block_group,block_group,360470353011,4,1.0,1678.5,2336.5
2447,892a100d947ffff,Brooklyn,BK0802,Crown Heights (North),1162,1641.9,119.2,0.2216,556.2,block_group,block_group,360470351011,5,1.0,1522.7,1761.1
2448,892a100d94bffff,Brooklyn,BK0802,Crown Heights (North),1108,1908.9,443.8,0.4867,1190.1,block_group,block_group,360470339002,5,1.0,1465.1,2352.7
2449,892a100d94fffff,Brooklyn,BK0802,Crown Heights (North),1108,1837.4,177.3,0.4209,1014.3,block_group,block_group,360470337022,7,1.0,1660.1,2014.7
2450,892a100d953ffff,Brooklyn,BK0802,Crown Heights (North),497,2185.1,242.4,0.7465,1855.1,block_group,block_group,360470309002,2,1.0,1942.7,2427.5
2451,892a100d957ffff,Brooklyn,BK0802,Crown Heights (North),1306,1641.0,326.3,0.2209,554.5,block_group,block_group,360470351011,7,1.0,1314.7,1967.3
2452,892a100d95bffff,Brooklyn,BK0802,Crown Heights (North),1564,1171.3,544.1,0.0554,157.6,mixed,tract,36047034300,5,1.0,627.2,1715.4
2453,892a100d963ffff,Brooklyn,BK0901,Crown Heights (South),1264,1778.3,193.3,0.3548,858.1,block_group,block_group,360470355002,5,1.0,1585.0,1971.6
2454,892a100d967ffff,Brooklyn,BK1703,East Flatbush-Rugby,881,1625.8,173.4,0.2111,531.0,block_group,block_group,360470880012,5,1.0,1452.4,1799.2
2455,892a100d96bffff,Brooklyn,BK0901,Crown Heights (South),1298,1636.4,156.7,0.2182,547.2,block_group,block_group,360470331001,5,1.0,1479.7,1793.1
2456,892a100d96fffff,Brooklyn,BK0902,Prospect Lefferts Gardens-Wingate,592,1633.7,226.5,0.2171,544.4,block_group,block_group,360470876001,4,1.0,1407.2,1860.2
2457,892a100d973ffff,Brooklyn,BK0901,Crown Heights (South),1223,1480.5,196.4,0.1373,348.1,block_group,block_group,360470349021,5,1.0,1284.1,1676.9
2458,892a100d977ffff,Brooklyn,BK1704,East Flatbush-Remsen Village,1442,1711.0,226.1,0.286,707.4,block_group,block_group,360470882001,6,1.0,1484.9,1937.1
2459,892a100d97bffff,Brooklyn,BK0901,Crown Heights (South),1018,1857.8,112.6,0.441,1068.2,block_group,block_group,360470353021,6,1.0,1745.2,1970.4
2460,892a100d983ffff,Brooklyn,BK1601,Ocean Hill,905,1087.7,378.1,0.0402,130.6,block_group,block_group,360470303001,2,1.0,709.6,1465.8
2461,892a100d987ffff,Brooklyn,BK1601,Ocean Hill,948,1323.4,272.4,0.087,230.3,block_group,block_group,360470363003,4,1.0,1051.0,1595.8
2462,892a100d98bffff,Brooklyn,BK1601,Ocean Hill,569,1050.5,308.5,0.0361,121.0,block_group,block_group,360470303002,5,1.0,742.0,1359.0
2463,892a100d98fffff,Brooklyn,BK1601,Ocean Hill,1143,1255.7,195.3,0.0698,190.2,block_group,block_group,360470363004,4,1.0,1060.4,1451.0
2464,892a100d993ffff,Brooklyn,BK1601,Ocean Hill,770,2243.7,844.8,0.7865,1962.8,block_group,block_group,360470301002,6,1.0,1398.9,3088.5
2465,892a100d997ffff,Brooklyn,BK1601,Ocean Hill,1472,1159.2,106.3,0.0525,150.7,block_group,block_group,360470365011,5,1.0,1052.9,1265.5
2466,892a100d99bffff,Brooklyn,BK1601,Ocean Hill,769,1438.6,267.4,0.1196,308.2,block_group,block_group,360470301003,4,1.0,1171.2,1706.0
2467,892a100d9a3ffff,Brooklyn,BK1602,Brownsville,698,620.5,259.0,0.0087,63.7,mixed,tract,36047090200,3,1.0,361.5,879.5
2468,892a100d9a7ffff,Brooklyn,BK1602,Brownsville,466,1231.2,687.0,0.066,181.3,mixed,tract,360470924002,4,1.0,544.2,1918.2
2469,892a100d9abffff,Brooklyn,BK1602,Brownsville,860,895.8,223.0,0.0242,94.4,mixed,tract,36047090000,3,1.0,672.8,1118.8
2470,892a100d9afffff,Brooklyn,BK1602,Brownsville,548,931.2,121.2,0.0274,101.4,mixed,tract,36047089800,5,1.0,810.0,1052.4
2471,892a100d9b3ffff,Brooklyn,BK1602,Brownsville,591,1701.2,739.8,0.2771,685.4,block_group,block_group,360470924001,3,1.0,961.4,2441.0
2472,892a100d9b7ffff,Brooklyn,BK1602,Brownsville,1217,565.3,170.6,0.0049,56.7,block_group,block_group,360470912001,4,1.0,394.7,735.9
2473,892a100d9bbffff,Brooklyn,BK1602,Brownsville,892,798.9,163.9,0.018,81.6,mixed,block_group,360470902001,5,1.0,635.0,962.8
2474,892a100d9c3ffff,Brooklyn,BK0302,Bedford-Stuyvesant (East),773,1269.3,102.9,0.072,195.9,block_group,block_group,360470299002,3,1.0,1166.4,1372.2
2475,892a100d9c7ffff,Brooklyn,BK0802,Crown Heights (North),1709,924.9,215.9,0.0263,99.3,block_group,block_group,360470307001,4,1.0,709.0,1140.8
2476,892a100d9cbffff,Brooklyn,BK0802,Crown Heights (North),211,1534.4,609.8,0.1615,409.6,block_group,block_group,360470309001,4,1.0,924.6,2144.2
2477,892a100d9cfffff,Brooklyn,BK0802,Crown Heights (North),773,1736.1,208.1,0.3163,768.1,block_group,block_group,360470307003,5,1.0,1528.0,1944.2
2478,892a100d9d3ffff,Brooklyn,BK0302,Bedford-Stuyvesant (East),1120,1204.6,251.9,0.0613,170.5,block_group,block_group,360470381002,4,1.0,952.7,1456.5
2479,892a100d9d7ffff,Brooklyn,BK0302,Bedford-Stuyvesant (East),832,2316.1,195.8,0.825,2077.9,block_group,block_group,360470299001,5,1.0,2120.3,2511.9
2480,892a100d9dbffff,Brooklyn,BK0302,Bedford-Stuyvesant (East),885,2029.1,144.8,0.6039,1478.7,block_group,block_group,360470297002,4,1.0,1884.3,2173.9
2481,892a100da03ffff,Brooklyn,BK0203,Fort Greene,1015,2657.1,216.4,0.9336,2430.5,mixed,block_group,360470181004,5,1.0,2440.7,2873.5
2482,892a100da07ffff,Brooklyn,BK0204,Clinton Hill,1343,3040.5,342.4,0.9816,2592.5,block_group,block_group,360470199003,5,1.0,2698.1,3382.9
2483,892a100da0bffff,Brooklyn,BK0203,Fort Greene,1462,2661.3,171.3,0.9359,2435.3,mixed,block_group,360470181003,6,1.0,2490.0,2832.6
2484,892a100da0fffff,Brooklyn,BK0203,Fort Greene,1251,1904.8,375.3,0.4833,1180.7,block_group,block_group,360470179002,4,1.0,1529.5,2280.1
2485,892a100da13ffff,Brooklyn,BK0204,Clinton Hill,940,2463.1,262.1,0.8761,2244.8,block_group,block_group,360470197004,7,1.0,2201.0,2725.2
2486,892a100da17ffff,Brooklyn,BK0204,Clinton Hill,1356,2709.0,398.4,0.9453,2463.5,mixed,block_group,36047019700,6,1.0,2310.6,3107.4
2487,892a100da1bffff,Brooklyn,BK0203,Fort Greene,1052,2716.6,162.4,0.9466,2468.3,mixed,tract,36047018300,6,1.0,2554.2,2879.0
2488,892a100da23ffff,Brooklyn,BK0801,Prospect Heights,1083,2347.9,157.5,0.8385,2123.7,mixed,block_group,36047,5,1.0,2190.4,2505.4
2489,892a100da27ffff,Brooklyn,BK0801,Prospect Heights,1174,2885.5,365.7,0.9686,2546.1,block_group,block_group,360470205002,6,1.0,2519.8,3251.2
2490,892a100da2bffff,Brooklyn,BK0801,Prospect Heights,1118,2704.7,360.9,0.9443,2460.7,mixed,block_group,360470161001,6,1.0,2343.8,3065.6
2491,892a100da2fffff,Brooklyn,BK0801,Prospect Heights,1519,2830.6,437.7,0.9625,2525.4,mixed,block_group,360470207003,6,1.0,2392.9,3268.3
2492,892a100da33ffff,Brooklyn,BK0204,Clinton Hill,1629,2879.1,302.8,0.9675,2542.0,block_group,block_group,360470199003,3,1.0,2576.3,3181.9
2493,892a100da37ffff,Brooklyn,BK0801,Prospect Heights,905,3059.3,240.9,0.9847,2600.1,block_group,block_group,360470203001,3,1.0,2818.4,3300.2
2494,892a100da3bffff,Brooklyn,BK0801,Prospect Heights,1740,1797.0,111.2,0.376,907.7,mixed,borough,36047,4,1.0,1685.8,1908.2
2495,892a100da43ffff,Brooklyn,BK0203,Fort Greene,4244,2565.2,301.5,0.9085,2347.6,mixed,block_group,360470033002,2,1.0,2263.7,2866.7
2496,892a100da47ffff,Brooklyn,BK0203,Fort Greene,3443,2605.2,502.5,0.9186,2382.5,mixed,block_group,360470033002,4,1.0,2102.7,3107.7
2497,892a100da4bffff,Brooklyn,BK0202,Downtown Brooklyn-DUMBO-Boerum Hill,2196,2025.6,108.6,0.6002,1469.8,mixed,borough,36047,3,1.0,1917.0,2134.2
2498,892a100da4fffff,Brooklyn,BK0202,Downtown Brooklyn-DUMBO-Boerum Hill,1809,2475.3,253.3,0.8793,2256.3,mixed,block_group,36047,6,1.0,2222.0,2728.6
2499,892a100da53ffff,Brooklyn,BK0203,Fort Greene,1890,1833.0,9.0,0.4139,1000.9,borough,borough,36047,1,1.0,1824.0,1842.0
2500,892a100da57ffff,Brooklyn,BK0203,Fort Greene,1218,3163.5,449.5,0.9924,2623.6,mixed,block_group,360470033002,3,1.0,2714.0,3613.0
2501,892a100da5bffff,Brooklyn,BK0202,Downtown Brooklyn-DUMBO-Boerum Hill,3891,1833.0,9.0,0.4139,1000.9,borough,borough,36047,1,1.0,1824.0,1842.0
2502,892a100da63ffff,Brooklyn,BK0602,Park Slope,3427,3137.1,347.7,0.9912,2618.8,mixed,block_group,360470129012,7,1.0,2789.4,3484.8
2503,892a100da67ffff,Brooklyn,BK0602,Park Slope,1185,2812.1,336.0,0.9601,2517.2,mixed,block_group,360470129021,6,1.0,2476.1,3148.1
2504,892a100da6bffff,Brooklyn,BK0601,Carroll Gardens-Cobble Hill-Gowanus-Red Hook,1817,1572.2,414.3,0.1797,455.0,mixed,block_group,36047012700,3,1.0,1157.9,1986.5
2505,892a100da6fffff,Brooklyn,BK0602,Park Slope,1492,2557.5,338.5,0.9051,2336.0,mixed,block_group,360470131004,6,1.0,2219.0,2896.0
2506,892a100da73ffff,Brooklyn,BK0203,Fort Greene,498,2904.6,348.0,0.9708,2553.7,mixed,tract,36047012901,5,1.0,2556.6,3252.6
2507,892a100da77ffff,Brooklyn,BK0602,Park Slope,2453,2958.3,309.5,0.9761,2571.7,block_group,block_group,360470129022,3,1.0,2648.8,3267.8
2508,892a100da7bffff,Brooklyn,BK0202,Downtown Brooklyn-DUMBO-Boerum Hill,1188,2395.7,534.5,0.8551,2176.4,mixed,tract,36047003900,4,1.0,1861.2,2930.2
2509,892a100da83ffff,Brooklyn,BK0204,Clinton Hill,600,2578.0,1740.9,0.9109,2355.8,mixed,block_group,360470193001,4,1.0,837.1,4318.9
2510,892a100da87ffff,Brooklyn,BK0301,Bedford-Stuyvesant (West),1484,2621.6,200.1,0.9239,2400.3,mixed,tract,36047023300,4,1.0,2421.5,2821.7
2511,892a100da8bffff,Brooklyn,BK0204,Clinton Hill,2016,2488.8,1026.6,0.8826,2268.6,block_group,block_group,360470193001,6,1.0,1462.2,3515.4
2512,892a100da8fffff,Brooklyn,BK0204,Clinton Hill,1564,2540.9,910.5,0.8981,2312.8,mixed,block_group,360470193004,5,1.0,1630.4,3451.4
2513,892a100da93ffff,Brooklyn,BK0301,Bedford-Stuyvesant (West),566,2772.2,111.1,0.9547,2497.9,block_group,block_group,360471237001,5,1.0,2661.1,2883.3
2514,892a100da97ffff,Brooklyn,BK0301,Bedford-Stuyvesant (West),1305,2724.7,189.7,0.9484,2474.5,block_group,block_group,360470235001,2,1.0,2535.0,2914.4
2515,892a100da9bffff,Brooklyn,BK0204,Clinton Hill,844,2929.8,172.0,0.9728,2561.3,block_group,block_group,360470191001,2,1.0,2757.8,3101.8
2516,892a100daa3ffff,Brooklyn,BK0204,Clinton Hill,966,2617.4,676.7,0.9221,2394.2,block_group,block_group,360470231002,4,1.0,1940.7,3294.1
2517,892a100daa7ffff,Brooklyn,BK0301,Bedford-Stuyvesant (West),1141,2652.2,351.9,0.932,2425.7,block_group,block_group,360470227003,5,1.0,2300.3,3004.1
2518,892a100daabffff,Brooklyn,BK0204,Clinton Hill,1269,3058.1,366.2,0.9842,2598.7,mixed,block_group,360470201003,6,1.0,2691.9,3424.3
2519,892a100daafffff,Brooklyn,BK0204,Clinton Hill,1553,2803.2,363.6,0.9583,2510.3,mixed,block_group,360470227004,6,1.0,2439.6,3166.8
2520,892a100dab3ffff,Brooklyn,BK0301,Bedford-Stuyvesant (West),1260,2669.5,279.5,0.9376,2440.8,mixed,block_group,36047023300,4,1.0,2390.0,2949.0
2521,892a100dab7ffff,Brooklyn,BK0301,Bedford-Stuyvesant (West),1029,2767.0,337.0,0.9542,2495.8,mixed,block_group,360470229002,7,1.0,2430.0,3104.0
2522,892a100dabbffff,Brooklyn,BK0204,Clinton Hill,1254,2642.1,629.8,0.93,2418.8,mixed,block_group,360470231002,5,1.0,2012.3,3271.9
2523,892a100dac3ffff,Brooklyn,BK0203,Fort Greene,1558,1748.3,338.4,0.3279,792.3,mixed,tract,36047018501,4,1.0,1409.9,2086.7
2524,892a100dac7ffff,Brooklyn,BK0203,Fort Greene,1206,2645.5,147.7,0.9309,2421.6,mixed,block_group,360470183001,5,1.0,2497.8,2793.2
2525,892a100dacbffff,Brooklyn,BK0203,Fort Greene,1051,668.4,104.1,0.0106,67.6,block_group,block_group,360470029011,2,1.0,564.3,772.5
2526,892a100dacfffff,Brooklyn,BK0203,Fort Greene,224,3174.7,276.3,0.9928,2625.0,mixed,block_group,360470183003,2,1.0,2898.4,3451.0
2527,892a100dad3ffff,Brooklyn,BK0203,Fort Greene,673,1914.4,512.3,0.4926,1204.4,mixed,block_group,360470211002,2,1.0,1402.1,2426.7
2528,892a100dad7ffff,Brooklyn,BK0204,Clinton Hill,861,2752.4,245.2,0.9524,2488.9,mixed,block_group,360470191003,4,1.0,2507.2,2997.6
2529,892a100dadbffff,Brooklyn,BK0203,Fort Greene,407,1601.4,376.5,0.1974,498.3,block_group,block_group,360470211001,2,1.0,1224.9,1977.9
2530,892a100db03ffff,Brooklyn,BK0901,Crown Heights (South),1389,1802.6,287.2,0.383,924.6,mixed,block_group,360470323001,6,1.0,1515.4,2089.8
2531,892a100db07ffff,Brooklyn,BK0901,Crown Heights (South),1728,1792.5,155.8,0.3706,895.1,mixed,block_group,360470321003,7,1.0,1636.7,1948.3
2532,892a100db0bffff,Brooklyn,BK0901,Crown Heights (South),1980,1886.7,247.1,0.4653,1134.8,block_group,block_group,360470213002,4,1.0,1639.6,2133.8
2533,892a100db0fffff,Brooklyn,BK0901,Crown Heights (South),1864,1564.4,155.7,0.1759,445.2,block_group,block_group,360470325003,4,1.0,1408.7,1720.1
2534,892a100db13ffff,Brooklyn,BK0802,Crown Heights (North),1773,2099.5,276.5,0.6709,1648.9,block_group,block_group,360470317023,6,1.0,1823.0,2376.0
2535,892a100db17ffff,Brooklyn,BK0901,Crown Heights (South),1232,1658.0,182.9,0.2344,588.3,mixed,block_group,360470319001,5,1.0,1475.1,1840.9
2536,892a100db1bffff,Brooklyn,BK0802,Crown Heights (North),1304,2279.0,256.9,0.8058,2017.6,block_group,block_group,360470219003,6,1.0,2022.1,2535.9
2537,892a100db23ffff,Brooklyn,BK0902,Prospect Lefferts Gardens-Wingate,1047,1412.7,379.7,0.1102,287.2,mixed,tract,36047080000,4,1.0,1033.0,1792.4
2538,892a100db27ffff,Brooklyn,BK0902,Prospect Lefferts Gardens-Wingate,1192,1915.3,260.1,0.4935,1206.3,block_group,block_group,360470802001,5,1.0,1655.2,2175.4
2539,892a100db2bffff,Brooklyn,BK0902,Prospect Lefferts Gardens-Wingate,780,1726.7,276.2,0.3022,747.1,mixed,block_group,36047080000,6,1.0,1450.5,2002.9
2540,892a100db2fffff,Brooklyn,BK0902,Prospect Lefferts Gardens-Wingate,1040,1667.2,182.2,0.2463,613.2,block_group,block_group,360470802003,4,1.0,1485.0,1849.4
2541,892a100db33ffff,Brooklyn,BK0902,Prospect Lefferts Gardens-Wingate,1539,1757.4,133.3,0.3388,815.3,block_group,block_group,360470329003,5,1.0,1624.1,1890.7
2542,892a100db37ffff,Brooklyn,BK0902,Prospect Lefferts Gardens-Wingate,1146,1863.5,134.5,0.4466,1082.3,block_group,block_group,360470804001,5,1.0,1729.0,1998.0
2543,892a100db3bffff,Brooklyn,BK0902,Prospect Lefferts Gardens-Wingate,938,1813.3,122.1,0.3938,951.7,mixed,block_group,36047032700,5,1.0,1691.2,1935.4
2544,892a100db53ffff,Brooklyn,BK0801,Prospect Heights,2209,2385.3,263.5,0.8515,2165.5,block_group,block_group,360470215004,5,1.0,2121.8,2648.8
2545,892a100db57ffff,Brooklyn,BK0901,Crown Heights (South),1001,2006.0,189.6,0.5822,1421.7,block_group,block_group,360470217002,4,1.0,1816.4,2195.6
2546,892a100db5bffff,Brooklyn,BK0801,Prospect Heights,1558,2145.5,340.1,0.7135,1762.1,block_group,block_group,360470207002,5,1.0,1805.4,2485.6
2547,892a100db67ffff,Brooklyn,BK0902,Prospect Lefferts Gardens-Wingate,2216,1906.4,114.0,0.4848,1184.5,block_group,block_group,360470798022,6,1.0,1792.4,2020.4
2548,892a100db73ffff,Brooklyn,BK0901,Crown Heights (South),1564,1442.0,595.0,0.1216,313.3,block_group,block_group,360470213003,1,1.0,847.0,2037.0
2549,892a100db77ffff,Brooklyn,BK0902,Prospect Lefferts Gardens-Wingate,364,1582.2,694.6,0.1853,468.1,mixed,block_group,360470327002,3,1.0,887.6,2276.8
2550,892a100db83ffff,Brooklyn,BK0802,Crown Heights (North),1652,2001.7,176.7,0.5778,1412.2,block_group,block_group,360470313003,8,1.0,1825.0,2178.4
2551,892a100db87ffff,Brooklyn,BK0802,Crown Heights (North),1235,1496.3,583.2,0.145,367.0,block_group,block_group,360470339003,4,1.0,913.1,2079.5
2552,892a100db8bffff,Brooklyn,BK0802,Crown Heights (North),1391,2181.0,392.8,0.7433,1845.9,block_group,block_group,360470317011,5,1.0,1788.2,2573.8
2553,892a100db8fffff,Brooklyn,BK0802,Crown Heights (North),1120,1764.4,187.2,0.3453,831.3,block_group,block_group,360470317021,7,1.0,1577.2,1951.6
2554,892a100db93ffff,Brooklyn,BK0802,Crown Heights (North),1245,1610.1,273.1,0.2023,511.0,block_group,block_group,360470313001,6,1.0,1337.0,1883.2
2555,892a100db97ffff,Brooklyn,BK0802,Crown Heights (North),835,2022.9,210.9,0.5984,1463.3,block_group,block_group,360470343002,4,1.0,1812.0,2233.8
2556,892a100db9bffff,Brooklyn,BK0802,Crown Heights (North),1637,2137.1,145.9,0.707,1744.4,block_group,block_group,360470315001,5,1.0,1991.2,2283.0
2557,892a100dba3ffff,Brooklyn,BK0901,Crown Heights (South),415,2138.7,195.4,0.7086,1748.3,mixed,block_group,360470333003,6,1.0,1943.3,2334.1
2558,892a100dba7ffff,Brooklyn,BK0901,Crown Heights (South),1407,1562.0,142.3,0.1745,441.9,mixed,block_group,360470331002,6,1.0,1419.7,1704.3
2559,892a100dbabffff,Brooklyn,BK0901,Crown Heights (South),695,1648.0,233.0,0.2267,568.5,mixed,block_group,360470319002,6,1.0,1415.0,1881.0
2560,892a100dbafffff,Brooklyn,BK0902,Prospect Lefferts Gardens-Wingate,1005,1342.6,294.2,0.0902,238.2,mixed,block_group,360470329002,5,1.0,1048.4,1636.8
2561,892a100dbb3ffff,Brooklyn,BK0901,Crown Heights (South),721,1830.8,236.7,0.4101,994.8,block_group,block_group,360470337011,8,1.0,1594.1,2067.5
2562,892a100dbb7ffff,Brooklyn,BK0901,Crown Heights (South),983,1978.5,206.7,0.561,1363.2,block_group,block_group,360470333001,4,1.0,1771.8,2185.2
2563,892a100dbbbffff,Brooklyn,BK0901,Crown Heights (South),647,2158.5,335.4,0.724,1795.0,block_group,block_group,360470337021,5,1.0,1823.1,2493.9
2564,892a100dbc3ffff,Brooklyn,BK0802,Crown Heights (North),1727,2658.7,161.6,0.9351,2433.2,block_group,block_group,360470305002,6,1.0,2497.1,2820.3
2565,892a100dbc7ffff,Brooklyn,BK0802,Crown Heights (North),1361,2269.0,249.1,0.8005,2003.5,block_group,block_group,360470219001,6,1.0,2019.9,2518.1
2566,892a100dbcbffff,Brooklyn,BK0802,Crown Heights (North),1423,2701.3,189.8,0.9435,2458.0,block_group,block_group,360470305003,7,1.0,2511.5,2891.1
2567,892a100dbcfffff,Brooklyn,BK0802,Crown Heights (North),1439,1938.9,177.1,0.5134,1256.4,block_group,block_group,360470217001,5,1.0,1761.8,2116.0
2568,892a100dbd3ffff,Brooklyn,BK0301,Bedford-Stuyvesant (West),1113,2297.8,851.0,0.8136,2041.7,block_group,block_group,360470227002,4,1.0,1446.8,3148.8
2569,892a100dbd7ffff,Brooklyn,BK0802,Crown Heights (North),1609,2391.7,181.6,0.8535,2172.3,block_group,block_group,360470221001,5,1.0,2210.1,2573.3
2570,892a100dbdbffff,Brooklyn,BK0802,Crown Heights (North),1081,2716.4,387.1,0.9464,2467.6,block_group,block_group,360470305001,2,1.0,2329.3,3103.5
2571,892a100dc03ffff,Brooklyn,BK0104,East Williamsburg,256,2593.7,587.3,0.9145,2368.8,block_group,block_group,360470453001,2,1.0,2006.4,3181.0
2572,892a100dc07ffff,Brooklyn,BK0401,Bushwick (West),866,2447.7,473.3,0.871,2229.2,block_group,block_group,360470427001,6,1.0,1974.4,2921.0
2573,892a100dc0bffff,Brooklyn,BK0104,East Williamsburg,315,2042.1,361.0,0.6169,1512.8,block_group,block_group,360470453002,2,1.0,1681.1,2403.1
2574,892a100dc0fffff,Brooklyn,BK0401,Bushwick (West),1154,2371.0,543.6,0.847,2151.3,block_group,block_group,360470427003,6,1.0,1827.4,2914.6
2576,892a100dc17ffff,Brooklyn,BK0401,Bushwick (West),726,2138.5,351.4,0.7083,1747.6,block_group,block_group,360470447001,4,1.0,1787.1,2489.9
2577,892a100dc1bffff,Brooklyn,BK0104,East Williamsburg,45,2701.0,451.0,0.9434,2457.3,block_group,block_group,360470453001,1,1.0,2250.0,3152.0
2578,892a100dc23ffff,Brooklyn,BK0401,Bushwick (West),1263,2143.6,326.3,0.7116,1756.8,block_group,block_group,360470423003,9,1.0,1817.3,2469.9
2579,892a100dc27ffff,Brooklyn,BK0402,Bushwick (East),926,1989.2,365.9,0.5689,1386.0,mixed,block_group,36047041900,5,1.0,1623.3,2355.1
2580,892a100dc2bffff,Brooklyn,BK0401,Bushwick (West),1175,3223.1,580.0,0.9953,2634.7,block_group,block_group,360470423001,6,1.0,2643.1,3803.1
2581,892a100dc2fffff,Brooklyn,BK0401,Bushwick (West),1167,2401.5,385.3,0.8571,2182.4,block_group,block_group,360470423001,7,1.0,2016.2,2786.8
2582,892a100dc33ffff,Brooklyn,BK0401,Bushwick (West),1649,2130.7,156.3,0.703,1731.2,block_group,block_group,360470429003,6,1.0,1974.4,2287.0
2583,892a100dc37ffff,Brooklyn,BK0401,Bushwick (West),722,2662.7,242.4,0.9363,2436.7,block_group,block_group,360470431002,4,1.0,2420.3,2905.1
2584,892a100dc3bffff,Brooklyn,BK0401,Bushwick (West),1320,2374.5,406.8,0.8481,2155.4,block_group,block_group,360470429001,7,1.0,1967.7,2781.3
2585,892a100dc43ffff,Brooklyn,BK0104,East Williamsburg,116,3293.3,155.7,0.9969,2641.0,block_group,block_group,360470485001,2,1.0,3137.6,3449.0
2586,892a100dc47ffff,Brooklyn,BK0104,East Williamsburg,164,2917.9,280.7,0.972,2558.6,block_group,block_group,360470485002,3,1.0,2637.2,3198.6
2587,892a100dc4bffff,Brooklyn,BK0104,East Williamsburg,2024,1807.6,578.4,0.3884,936.0,block_group,block_group,360470493011,5,1.0,1229.2,2386.0
2588,892a100dc4fffff,Brooklyn,BK0104,East Williamsburg,1077,1647.2,168.2,0.2257,566.8,block_group,block_group,360470493023,4,1.0,1479.0,1815.4
2589,892a100dc53ffff,Brooklyn,BK0104,East Williamsburg,27,3334.0,193.0,0.9988,2645.8,block_group,block_group,360470485001,1,1.0,3141.0,3527.0
2590,892a100dc57ffff,Brooklyn,BK0104,East Williamsburg,36,3334.0,193.0,0.9988,2645.8,block_group,block_group,360470485001,1,1.0,3141.0,3527.0
2591,892a100dc5bffff,Brooklyn,BK0104,East Williamsburg,435,3046.3,664.0,0.9821,2594.5,block_group,block_group,360470481002,3,1.0,2382.3,3710.3
2592,892a100dc63ffff,Brooklyn,BK0401,Bushwick (West),1515,2926.5,847.6,0.9726,2560.6,block_group,block_group,360470391001,2,1.0,2078.9,3774.1
2593,892a100dc67ffff,Brooklyn,BK0401,Bushwick (West),1626,2403.5,374.8,0.8584,2186.5,block_group,block_group,360470391002,6,1.0,2028.7,2778.3
2594,892a100dc6bffff,Brooklyn,BK0401,Bushwick (West),525,1850.4,520.7,0.4333,1048.5,block_group,block_group,360470389001,3,1.0,1329.7,2371.1
2595,892a100dc6fffff,Brooklyn,BK0401,Bushwick (West),1129,2416.6,458.6,0.8633,2200.7,block_group,block_group,360470389002,5,1.0,1958.0,2875.2
2596,892a100dc73ffff,Brooklyn,BK0104,East Williamsburg,276,2263.1,311.4,0.7958,1990.8,block_group,block_group,360470485002,5,1.0,1951.7,2574.5
2597,892a100dc77ffff,Brooklyn,BK0401,Bushwick (West),1205,1652.3,611.1,0.2295,575.9,block_group,block_group,360470425003,4,1.0,1041.2,2263.4
2598,892a100dc7bffff,Brooklyn,BK0104,East Williamsburg,75,3021.0,391.0,0.9803,2587.6,block_group,block_group,360470485002,1,1.0,2630.0,3412.0
2599,892a100dc83ffff,Queens,QN0502,Ridgewood,364,2187.7,328.3,0.7491,1861.7,block_group,block_group,360810539011,2,1.0,1859.4,2516.0
2600,892a100dc87ffff,Queens,QN0502,Ridgewood,518,2612.5,472.0,0.9204,2389.4,block_group,block_group,360810539013,2,1.0,2140.5,3084.5
2602,892a100dc8fffff,Queens,QN0502,Ridgewood,318,2040.4,282.5,0.6148,1509.6,block_group,block_group,360470447001,3,1.0,1757.9,2322.9
2603,892a100dc93ffff,Queens,QN0501,Maspeth,12,1730.0,286.0,0.3064,755.2,block_group,block_group,360810535011,1,1.0,1444.0,2016.0
2604,892a100dc97ffff,Queens,QN0502,Ridgewood,81,1796.3,155.8,0.3751,905.9,mixed,block_group,36081,3,1.0,1640.5,1952.1
2606,892a100dca3ffff,Brooklyn,BK0401,Bushwick (West),1166,2139.5,195.7,0.7092,1749.6,block_group,block_group,360470443001,9,1.0,1943.8,2335.2
2607,892a100dca7ffff,Brooklyn,BK0401,Bushwick (West),1311,2090.2,372.9,0.662,1622.8,block_group,block_group,360470441001,5,1.0,1717.3,2463.1
2608,892a100dcabffff,Brooklyn,BK0401,Bushwick (West),1251,2135.3,258.0,0.7058,1739.8,block_group,block_group,360470445002,4,1.0,1877.3,2393.3
2609,892a100dcafffff,Brooklyn,BK0401,Bushwick (West),1598,2658.7,194.6,0.9351,2433.2,block_group,block_group,360470443002,8,1.0,2464.1,2853.3
2610,892a100dcb3ffff,Queens,QN0502,Ridgewood,1038,2227.2,150.6,0.7781,1935.4,block_group,block_group,360810545001,7,1.0,2076.6,2377.8
2611,892a100dcb7ffff,Queens,QN0502,Ridgewood,1297,1917.3,117.0,0.4949,1209.4,block_group,block_group,360810545003,6,1.0,1800.3,2034.3
2612,892a100dcbbffff,Brooklyn,BK0401,Bushwick (West),757,2071.8,210.9,0.6446,1585.2,block_group,block_group,360470445001,5,1.0,1860.9,2282.7
2613,892a100dcc3ffff,Brooklyn,BK0104,East Williamsburg,6,1833.0,9.0,0.4139,1000.9,borough,borough,36047,1,1.0,1824.0,1842.0
2619,892a100dd03ffff,Brooklyn,BK0402,Bushwick (East),845,2149.3,199.4,0.7168,1772.0,mixed,block_group,36047041300,6,1.0,1949.9,2348.7
2620,892a100dd07ffff,Brooklyn,BK0402,Bushwick (East),928,2369.2,257.2,0.846,2148.0,mixed,block_group,360470403003,4,1.0,2112.0,2626.4
2621,892a100dd0bffff,Brooklyn,BK0402,Bushwick (East),1156,2297.4,330.1,0.8135,2041.0,block_group,block_group,360470399001,6,1.0,1967.3,2627.5
2622,892a100dd0fffff,Brooklyn,BK0402,Bushwick (East),1030,2289.8,340.6,0.81,2032.3,block_group,block_group,360470401002,5,1.0,1949.2,2630.4
2623,892a100dd13ffff,Brooklyn,BK0402,Bushwick (East),1035,2100.9,226.1,0.6735,1654.7,mixed,block_group,360470437002,6,1.0,1874.8,2327.0
2624,892a100dd17ffff,Brooklyn,BK0402,Bushwick (East),842,2330.5,127.0,0.832,2102.1,mixed,block_group,360470411001,6,1.0,2203.5,2457.5
2625,892a100dd1bffff,Brooklyn,BK0402,Bushwick (East),1049,2539.4,262.5,0.8979,2312.2,block_group,block_group,360470415002,4,1.0,2276.9,2801.9
2626,892a100dd23ffff,Brooklyn,BK1601,Ocean Hill,1169,1760.7,274.3,0.3429,825.4,block_group,block_group,360470369001,6,1.0,1486.4,2035.0
2627,892a100dd27ffff,Brooklyn,BK1601,Ocean Hill,589,2103.3,575.4,0.6757,1661.3,block_group,block_group,360470367003,3,1.0,1527.9,2678.7
2628,892a100dd2bffff,Brooklyn,BK1601,Ocean Hill,1027,1868.8,311.7,0.4508,1094.6,block_group,block_group,360470371004,7,1.0,1557.1,2180.5
2629,892a100dd2fffff,Brooklyn,BK1601,Ocean Hill,1055,2368.3,537.8,0.8458,2147.3,mixed,block_group,36047036900,4,1.0,1830.5,2906.1
2630,892a100dd33ffff,Brooklyn,BK0402,Bushwick (East),721,2196.6,511.9,0.7532,1875.6,block_group,block_group,360470403001,4,1.0,1684.7,2708.5
2631,892a100dd37ffff,Brooklyn,BK0402,Bushwick (East),260,1949.8,392.4,0.525,1283.5,block_group,block_group,360470405001,2,1.0,1557.4,2342.2
2632,892a100dd3bffff,Brooklyn,BK0402,Bushwick (East),831,2079.9,345.3,0.6493,1598.2,block_group,block_group,360470403002,5,1.0,1734.6,2425.2
2633,892a100dd43ffff,Brooklyn,BK0402,Bushwick (East),1221,1692.9,346.4,0.2695,668.1,block_group,block_group,360470397003,6,1.0,1346.5,2039.3
2634,892a100dd47ffff,Brooklyn,BK0402,Bushwick (East),1109,2337.0,195.6,0.8344,2110.9,block_group,block_group,360470397002,6,1.0,2141.4,2532.6
2635,892a100dd4bffff,Brooklyn,BK0302,Bedford-Stuyvesant (East),1142,2983.1,307.0,0.9778,2577.9,block_group,block_group,360470387001,5,1.0,2676.1,3290.1
2636,892a100dd4fffff,Brooklyn,BK0302,Bedford-Stuyvesant (East),1010,2379.5,205.4,0.8501,2160.8,block_group,block_group,360470375002,5,1.0,2174.1,2584.9
2637,892a100dd53ffff,Brooklyn,BK0402,Bushwick (East),1080,978.9,209.9,0.0312,109.8,mixed,block_group,360470417004,5,1.0,769.0,1188.8
2638,892a100dd57ffff,Brooklyn,BK0402,Bushwick (East),1091,2332.7,386.9,0.8329,2105.5,mixed,block_group,360470399002,6,1.0,1945.8,2719.6
2639,892a100dd5bffff,Brooklyn,BK0402,Bushwick (East),1454,2300.3,530.6,0.8149,2046.4,mixed,block_group,360470395001,7,1.0,1769.7,2830.9
2640,892a100dd63ffff,Brooklyn,BK0302,Bedford-Stuyvesant (East),1141,1889.6,382.4,0.4682,1142.2,mixed,block_group,360470377002,7,1.0,1507.2,2272.0
2641,892a100dd67ffff,Brooklyn,BK0302,Bedford-Stuyvesant (East),981,1939.8,201.8,0.5148,1259.6,block_group,block_group,360470379002,7,1.0,1738.0,2141.6
2642,892a100dd6bffff,Brooklyn,BK0302,Bedford-Stuyvesant (East),975,2072.3,321.8,0.6455,1587.1,block_group,block_group,360470381001,6,1.0,1750.5,2394.1
2643,892a100dd6fffff,Brooklyn,BK0302,Bedford-Stuyvesant (East),636,1924.3,254.1,0.4999,1225.7,block_group,block_group,360470379002,3,1.0,1670.2,2178.4
2644,892a100dd73ffff,Brooklyn,BK1601,Ocean Hill,1126,1572.8,118.5,0.18,455.5,mixed,block_group,360470373001,8,1.0,1454.3,1691.3
2645,892a100dd77ffff,Brooklyn,BK1601,Ocean Hill,1213,1572.9,193.7,0.1805,456.1,mixed,block_group,360470373003,5,1.0,1379.2,1766.6
2646,892a100dd7bffff,Brooklyn,BK0302,Bedford-Stuyvesant (East),889,2275.7,459.0,0.804,2012.9,block_group,block_group,360470375001,5,1.0,1816.7,2734.7
2647,892a100dd83ffff,Queens,QN0502,Ridgewood,201,2083.2,282.4,0.6558,1605.9,block_group,block_group,360810559001,2,1.0,1800.8,2365.6
2648,892a100dd8bffff,Brooklyn,BK0402,Bushwick (East),1086,2153.5,367.1,0.7197,1781.8,block_group,block_group,360470437001,4,1.0,1786.4,2520.6
2649,892a100dd8fffff,Brooklyn,BK0402,Bushwick (East),836,2128.8,390.0,0.7005,1725.3,block_group,block_group,360470409001,3,1.0,1738.8,2518.8
2650,892a100dd93ffff,Queens,QN0502,Ridgewood,726,2019.2,143.1,0.5946,1453.7,block_group,block_group,360810559001,6,1.0,1876.1,2162.3
2651,892a100dd97ffff,Queens,QN0503,Glendale,268,1991.9,366.4,0.5703,1390.5,mixed,block_group,360810565001,3,1.0,1625.5,2358.3
2652,892a100dd9bffff,Queens,QN0502,Ridgewood,418,1752.7,234.7,0.3344,804.1,block_group,block_group,360810555002,3,1.0,1518.0,1987.4
2653,892a100ddc3ffff,Brooklyn,BK0402,Bushwick (East),668,2596.8,311.5,0.9157,2372.9,block_group,block_group,360470435003,5,1.0,2285.3,2908.3
2654,892a100ddc7ffff,Brooklyn,BK0402,Bushwick (East),1127,1896.7,567.6,0.4748,1159.6,block_group,block_group,360470435002,7,1.0,1329.1,2464.3
2655,892a100ddcbffff,Brooklyn,BK0402,Bushwick (East),1454,1351.5,294.2,0.0923,243.1,mixed,tract,36047043300,5,1.0,1057.3,1645.7
2656,892a100ddcfffff,Brooklyn,BK0402,Bushwick (East),788,1934.0,242.8,0.5069,1245.1,mixed,block_group,360470417001,7,1.0,1691.2,2176.8
2657,892a100ddd3ffff,Brooklyn,BK0402,Bushwick (East),730,2124.2,520.2,0.6963,1712.9,block_group,block_group,360470439003,4,1.0,1604.0,2644.4
2658,892a100ddd7ffff,Brooklyn,BK0402,Bushwick (East),993,1690.8,450.4,0.2657,661.8,block_group,block_group,360470439001,6,1.0,1240.4,2141.2
2659,892a100dddbffff,Brooklyn,BK0402,Bushwick (East),1358,2322.8,398.0,0.8293,2092.0,block_group,block_group,360470433003,6,1.0,1924.8,2720.8
2660,892a100de03ffff,Brooklyn,BK0103,South Williamsburg,940,1705.9,392.6,0.2818,697.6,block_group,block_group,360470529002,4,1.0,1313.3,2098.5
2661,892a100de07ffff,Brooklyn,BK0103,South Williamsburg,704,2135.4,188.6,0.7059,1740.4,mixed,block_group,360470533001,5,1.0,1946.8,2324.0
2662,892a100de0bffff,Brooklyn,BK0103,South Williamsburg,856,1956.2,415.1,0.5401,1304.9,block_group,block_group,360470535001,4,1.0,1541.1,2371.3
2663,892a100de0fffff,Brooklyn,BK0103,South Williamsburg,1104,1661.7,310.8,0.2381,595.6,block_group,block_group,360470533003,6,1.0,1350.9,1972.5
2664,892a100de13ffff,Brooklyn,BK0102,Williamsburg,2017,2025.1,499.3,0.5999,1468.5,mixed,block_group,360470527006,8,1.0,1525.8,2524.4
2665,892a100de17ffff,Brooklyn,BK0103,South Williamsburg,533,1980.6,275.1,0.5632,1370.1,mixed,block_group,36047052900,5,1.0,1705.5,2255.7
2666,892a100de1bffff,Brooklyn,BK0102,Williamsburg,1254,2205.2,266.4,0.7658,1896.9,block_group,block_group,360470525001,5,1.0,1938.8,2471.6
2667,892a100de23ffff,Brooklyn,BK0301,Bedford-Stuyvesant (West),58,2736.9,409.2,0.9502,2481.3,block_group,block_group,360471237003,2,1.0,2327.7,3146.1
2668,892a100de27ffff,Brooklyn,BK0301,Bedford-Stuyvesant (West),1946,1136.6,173.7,0.0487,141.7,block_group,block_group,360470255002,4,1.0,962.9,1310.3
2669,892a100de2bffff,Brooklyn,BK0301,Bedford-Stuyvesant (West),1049,2414.6,298.9,0.8629,2199.4,block_group,block_group,360471237002,4,1.0,2115.7,2713.5
2670,892a100de2fffff,Brooklyn,BK0301,Bedford-Stuyvesant (West),1291,2472.3,283.2,0.8786,2253.6,block_group,block_group,360471237002,4,1.0,2189.1,2755.5
2671,892a100de33ffff,Brooklyn,BK0103,South Williamsburg,1455,2543.4,201.6,0.8994,2317.6,block_group,block_group,360470531021,4,1.0,2341.8,2745.0
2672,892a100de37ffff,Brooklyn,BK0301,Bedford-Stuyvesant (West),334,1833.8,438.5,0.4166,1003.9,block_group,block_group,360470257001,3,1.0,1395.3,2272.3
2673,892a100de3bffff,Brooklyn,BK0103,South Williamsburg,890,2166.4,328.9,0.7307,1816.8,block_group,block_group,360470531011,7,1.0,1837.5,2495.3
2674,892a100de43ffff,Brooklyn,BK0102,Williamsburg,1848,3009.0,437.8,0.9791,2582.8,block_group,block_group,360470547003,3,1.0,2571.2,3446.8
2675,892a100de47ffff,Brooklyn,BK0103,South Williamsburg,1806,600.7,120.6,0.0078,62.0,mixed,block_group,360470545005,5,1.0,480.1,721.3
2676,892a100de53ffff,Brooklyn,BK0102,Williamsburg,1367,3121.0,311.2,0.9885,2612.5,mixed,tract,36047054900,3,1.0,2809.8,3432.2
2677,892a100de57ffff,Brooklyn,BK0102,Williamsburg,1379,1544.4,496.7,0.1662,420.9,block_group,block_group,360470525002,7,1.0,1047.7,2041.1
2678,892a100de5bffff,Brooklyn,BK0102,Williamsburg,1363,3362.1,346.4,0.9991,2646.5,mixed,block_group,360470547003,3,1.0,3015.7,3708.5
2679,892a100de67ffff,Brooklyn,BK0204,Clinton Hill,54,2618.9,84.4,0.9231,2397.6,mixed,block_group,360471237001,2,1.0,2534.5,2703.3
2680,892a100de6fffff,Brooklyn,BK0203,Fort Greene,505,2007.0,444.0,0.5829,1423.7,tract,tract,36047021100,1,1.0,1563.0,2451.0
2681,892a100de73ffff,Brooklyn,BK0103,South Williamsburg,963,1192.6,149.8,0.0585,165.4,mixed,block_group,360470539002,3,1.0,1042.8,1342.4
2682,892a100de77ffff,Brooklyn,BK0103,South Williamsburg,568,1935.1,774.6,0.5084,1248.9,block_group,block_group,360470537002,2,1.0,1160.5,2709.7
2683,892a100de83ffff,Brooklyn,BK0104,East Williamsburg,1394,2751.1,318.1,0.9522,2488.2,mixed,block_group,360470503002,6,1.0,2433.0,3069.2
2684,892a100de87ffff,Brooklyn,BK0104,East Williamsburg,1257,2144.8,250.8,0.7126,1760.1,block_group,block_group,360470505002,4,1.0,1894.0,2395.6
2685,892a100de8bffff,Brooklyn,BK0102,Williamsburg,1678,2609.5,467.7,0.9201,2388.0,mixed,tract,36047051300,6,1.0,2141.8,3077.2
2686,892a100de8fffff,Brooklyn,BK0104,East Williamsburg,1618,1977.5,265.9,0.5602,1360.6,mixed,block_group,360470511003,7,1.0,1711.6,2243.4
2687,892a100de93ffff,Brooklyn,BK0104,East Williamsburg,1193,2621.7,259.7,0.924,2401.0,mixed,block_group,360470497003,8,1.0,2362.0,2881.4
2688,892a100de97ffff,Brooklyn,BK0104,East Williamsburg,1080,2461.4,309.6,0.8753,2242.1,mixed,block_group,360470495003,5,1.0,2151.8,2771.0
2689,892a100de9bffff,Brooklyn,BK0102,Williamsburg,1321,2753.5,269.1,0.9526,2489.6,mixed,block_group,360470513001,5,1.0,2484.4,3022.6
2690,892a100dea3ffff,Brooklyn,BK0104,East Williamsburg,2319,1211.9,110.6,0.0624,172.8,block_group,block_group,360470491004,5,1.0,1101.3,1322.5
2691,892a100dea7ffff,Brooklyn,BK0103,South Williamsburg,428,1972.9,402.8,0.5566,1349.8,block_group,block_group,360470507001,4,1.0,1570.1,2375.7
2692,892a100deabffff,Brooklyn,BK0103,South Williamsburg,882,2150.3,249.7,0.7178,1775.3,block_group,block_group,360470509001,3,1.0,1900.6,2400.0
2693,892a100deafffff,Brooklyn,BK0103,South Williamsburg,573,2037.3,291.7,0.6114,1500.6,block_group,block_group,360470507001,2,1.0,1745.6,2329.0
2694,892a100deb3ffff,Brooklyn,BK0104,East Williamsburg,1471,1956.1,358.0,0.5399,1304.3,block_group,block_group,360470493024,6,1.0,1598.1,2314.1
2695,892a100deb7ffff,Brooklyn,BK0104,East Williamsburg,2161,928.8,225.5,0.0271,100.5,mixed,tract,36047048900,6,1.0,703.3,1154.3
2696,892a100debbffff,Brooklyn,BK0104,East Williamsburg,1807,1465.5,183.0,0.1321,335.0,block_group,block_group,360470511001,5,1.0,1282.5,1648.5
2697,892a100dec3ffff,Brooklyn,BK0102,Williamsburg,1393,2601.2,368.8,0.917,2376.4,mixed,block_group,36047052300,5,1.0,2232.4,2970.0
2698,892a100dec7ffff,Brooklyn,BK0102,Williamsburg,1187,2301.3,560.5,0.8159,2049.7,mixed,block_group,360470523001,6,1.0,1740.8,2861.8
2699,892a100decbffff,Brooklyn,BK0102,Williamsburg,1782,3041.9,400.7,0.9818,2593.2,mixed,tract,36047055100,2,1.0,2641.2,3442.6
2700,892a100decfffff,Brooklyn,BK0102,Williamsburg,1376,2655.0,1181.5,0.9329,2428.4,mixed,block_group,360470523003,5,1.0,1473.5,3836.5
2701,892a100ded3ffff,Brooklyn,BK0102,Williamsburg,1162,2809.3,585.9,0.9596,2515.1,mixed,tract,36047055300,3,1.0,2223.4,3395.2
2702,892a100ded7ffff,Brooklyn,BK0102,Williamsburg,1230,3175.6,653.5,0.993,2625.7,mixed,block_group,360470519003,3,1.0,2522.1,3829.1
2703,892a100dedbffff,Brooklyn,BK0102,Williamsburg,1217,2153.9,234.8,0.7202,1783.2,mixed,borough,36047,3,1.0,1919.1,2388.7
2704,892a100e003ffff,Queens,QN0707,Flushing-Willets Point,1384,1692.0,143.1,0.2681,665.3,block_group,block_group,360811161002,4,1.0,1548.9,1835.1
2705,892a100e007ffff,Queens,QN0704,Murray Hill-Broadway Flushing,2236,1709.7,102.4,0.2852,705.1,block_group,block_group,360810863001,7,1.0,1607.3,1812.1
2706,892a100e00bffff,Queens,QN0707,Flushing-Willets Point,746,1788.4,192.2,0.3659,884.9,block_group,block_group,360810869001,5,1.0,1596.2,1980.6
2707,892a100e00fffff,Queens,QN0707,Flushing-Willets Point,2064,1880.8,180.4,0.4606,1121.2,block_group,block_group,360810865002,4,1.0,1700.4,2061.2
2708,892a100e013ffff,Queens,QN0704,Murray Hill-Broadway Flushing,1026,1847.2,125.8,0.4307,1040.6,block_group,block_group,360811159003,4,1.0,1721.4,1973.0
2709,892a100e017ffff,Queens,QN0704,Murray Hill-Broadway Flushing,1582,1661.9,154.9,0.2385,596.2,block_group,block_group,360811163011,6,1.0,1507.0,1816.8
2710,892a100e01bffff,Queens,QN0707,Flushing-Willets Point,1251,1663.9,171.4,0.2413,603.0,mixed,block_group,360811161002,4,1.0,1492.5,1835.3
2711,892a100e023ffff,Queens,QN0707,Flushing-Willets Point,1379,1680.1,252.8,0.2557,638.3,block_group,block_group,360810857003,4,1.0,1427.3,1932.9
2712,892a100e027ffff,Queens,QN0707,Flushing-Willets Point,755,1147.1,174.4,0.0502,145.3,block_group,block_group,360810859003,5,1.0,972.7,1321.5
2713,892a100e02bffff,Queens,QN0707,Flushing-Willets Point,2049,1840.0,411.5,0.4226,1019.8,mixed,block_group,360810857001,6,1.0,1428.5,2251.5
2714,892a100e02fffff,Queens,QN0707,Flushing-Willets Point,3050,1662.2,137.2,0.239,597.3,mixed,block_group,360810797012,7,1.0,1525.0,1799.4
2715,892a100e033ffff,Queens,QN0704,Murray Hill-Broadway Flushing,1961,1715.1,106.8,0.2904,719.1,block_group,block_group,360810863004,6,1.0,1608.3,1821.9
2716,892a100e037ffff,Queens,QN0705,East Flushing,291,1629.8,134.4,0.2139,537.7,block_group,block_group,360810861002,5,1.0,1495.4,1764.2
2717,892a100e03bffff,Queens,QN0707,Flushing-Willets Point,2367,1785.7,219.5,0.364,880.2,block_group,block_group,360810855002,5,1.0,1566.2,2005.2
2718,892a100e043ffff,Queens,QN0707,Flushing-Willets Point,17,1941.0,191.0,0.5163,1263.3,tract,tract,36081086900,1,1.0,1750.0,2132.0
2719,892a100e047ffff,Queens,QN0707,Flushing-Willets Point,579,1897.7,135.2,0.4763,1162.7,mixed,block_group,360810869001,3,1.0,1762.5,2032.9
2722,892a100e053ffff,Queens,QN0707,Flushing-Willets Point,775,1486.1,320.8,0.1404,356.0,mixed,tract,36081088902,3,1.0,1165.3,1806.9
2723,892a100e057ffff,Queens,QN0707,Flushing-Willets Point,1152,1043.5,143.8,0.0354,119.2,mixed,block_group,360810889023,4,1.0,899.7,1187.3
2725,892a100e063ffff,Queens,QN0707,Flushing-Willets Point,935,1403.0,138.0,0.1083,283.2,block_group,block_group,360810871002,1,1.0,1265.0,1541.0
2726,892a100e067ffff,Queens,QN0707,Flushing-Willets Point,1597,1623.1,195.2,0.2093,526.6,mixed,block_group,360810849022,5,1.0,1427.9,1818.3
2727,892a100e06bffff,Queens,QN0707,Flushing-Willets Point,68,1403.0,138.0,0.1083,283.2,block_group,block_group,360810871002,1,1.0,1265.0,1541.0
2728,892a100e06fffff,Queens,QN0707,Flushing-Willets Point,1111,2466.4,249.5,0.877,2248.2,block_group,block_group,360810871001,4,1.0,2216.9,2715.9
2729,892a100e073ffff,Queens,QN0707,Flushing-Willets Point,303,1926.1,197.3,0.5006,1228.2,block_group,block_group,360810869001,2,1.0,1728.8,2123.4
2730,892a100e077ffff,Queens,QN0707,Flushing-Willets Point,635,2013.1,366.0,0.5883,1437.1,block_group,block_group,360810853001,2,1.0,1647.1,2379.1
2731,892a100e07bffff,Queens,QN0707,Flushing-Willets Point,292,1895.8,186.2,0.4739,1156.5,block_group,block_group,360810869001,2,1.0,1709.6,2082.0
2732,892a100e083ffff,Queens,QN0704,Murray Hill-Broadway Flushing,213,2413.2,770.1,0.8622,2196.7,block_group,block_group,360811157001,2,1.0,1643.1,3183.3
2733,892a100e087ffff,Queens,QN0704,Murray Hill-Broadway Flushing,461,1904.2,123.6,0.4823,1178.9,block_group,block_group,360811155001,3,1.0,1780.6,2027.8
2734,892a100e08bffff,Queens,QN0704,Murray Hill-Broadway Flushing,161,1845.2,195.6,0.4279,1034.4,block_group,block_group,360811159001,3,1.0,1649.6,2040.8
2735,892a100e08fffff,Queens,QN0704,Murray Hill-Broadway Flushing,405,2003.4,143.7,0.5794,1415.4,block_group,block_group,360811157002,5,1.0,1859.7,2147.1
2736,892a100e093ffff,Queens,QN0704,Murray Hill-Broadway Flushing,264,1860.2,634.6,0.4434,1074.9,mixed,tract,36081105900,4,1.0,1225.6,2494.8
2737,892a100e097ffff,Queens,QN0704,Murray Hill-Broadway Flushing,197,2082.8,498.6,0.6515,1604.6,mixed,block_group,360811155001,3,1.0,1584.2,2581.4
2738,892a100e09bffff,Queens,QN0704,Murray Hill-Broadway Flushing,201,1816.2,128.4,0.3955,956.6,block_group,block_group,360811047002,2,1.0,1687.8,1944.6
2739,892a100e0a3ffff,Queens,QN0704,Murray Hill-Broadway Flushing,320,1867.1,114.5,0.4492,1090.3,block_group,block_group,360811167001,4,1.0,1752.6,1981.6
2740,892a100e0a7ffff,Queens,QN0705,East Flushing,496,1721.6,110.8,0.296,733.0,block_group,block_group,360811187001,5,1.0,1610.8,1832.4
2741,892a100e0abffff,Queens,QN0704,Murray Hill-Broadway Flushing,1081,1676.1,153.4,0.2526,630.3,block_group,block_group,360811163022,7,1.0,1522.7,1829.5
2742,892a100e0afffff,Queens,QN0705,East Flushing,585,1585.8,431.6,0.1888,474.7,block_group,block_group,360811187002,3,1.0,1154.2,2017.4
2743,892a100e0b3ffff,Queens,QN0704,Murray Hill-Broadway Flushing,351,2017.3,128.6,0.5917,1446.0,block_group,block_group,360811155002,4,1.0,1888.7,2145.9
2744,892a100e0b7ffff,Queens,QN0704,Murray Hill-Broadway Flushing,388,1836.6,104.8,0.4185,1010.0,block_group,block_group,360811167001,5,1.0,1731.8,1941.4
2745,892a100e0bbffff,Queens,QN0704,Murray Hill-Broadway Flushing,746,2090.2,157.0,0.662,1622.8,block_group,block_group,360811157002,3,1.0,1933.2,2247.2
2746,892a100e0c3ffff,Queens,QN0704,Murray Hill-Broadway Flushing,500,2091.0,271.0,0.6626,1624.8,mixed,tract,36081104700,2,1.0,1820.0,2362.0
2747,892a100e0c7ffff,Queens,QN0704,Murray Hill-Broadway Flushing,259,1744.4,191.7,0.3227,782.8,mixed,block_group,360811159001,3,1.0,1552.7,1936.1
2748,892a100e0cbffff,Queens,QN0704,Murray Hill-Broadway Flushing,672,1139.8,586.7,0.0489,142.2,mixed,tract,36081088903,2,1.0,553.1,1726.5
2749,892a100e0cfffff,Queens,QN0707,Flushing-Willets Point,840,2035.3,723.0,0.6098,1495.4,mixed,block_group,360810889022,5,1.0,1312.3,2758.3
2750,892a100e0d3ffff,Queens,QN0704,Murray Hill-Broadway Flushing,649,2147.8,483.4,0.7159,1768.7,mixed,tract,36081104700,4,1.0,1664.4,2631.2
2751,892a100e0d7ffff,Queens,QN0704,Murray Hill-Broadway Flushing,343,1888.0,339.1,0.4666,1138.5,block_group,block_group,360811047003,2,1.0,1548.9,2227.1
2752,892a100e0dbffff,Queens,QN0704,Murray Hill-Broadway Flushing,527,1071.1,949.2,0.0382,125.7,mixed,block_group,360810889032,2,1.0,121.9,2020.3
2753,892a100e11bffff,Queens,QN0705,East Flushing,160,1998.9,1185.4,0.5751,1404.5,mixed,tract,36081120300,3,1.0,813.5,3184.3
2754,892a100e123ffff,Queens,QN0706,Queensboro Hill,322,2060.5,198.2,0.6339,1556.1,mixed,block_group,360811215001,3,1.0,1862.3,2258.7
2755,892a100e127ffff,Queens,QN0802,Pomonok-Electchester-Hillcrest,323,1617.1,332.3,0.2053,517.1,mixed,tract,36081122703,4,1.0,1284.8,1949.4
2756,892a100e12bffff,Queens,QN0706,Queensboro Hill,389,1726.5,170.0,0.302,746.5,mixed,block_group,360811215003,3,1.0,1556.5,1896.5
2757,892a100e12fffff,Queens,QN0802,Pomonok-Electchester-Hillcrest,704,1363.5,106.9,0.0963,253.5,mixed,block_group,360811227033,4,1.0,1256.6,1470.4
2758,892a100e133ffff,Queens,QN0706,Queensboro Hill,89,2575.0,338.0,0.9105,2354.5,block_group,block_group,360811215001,1,1.0,2237.0,2913.0
2759,892a100e137ffff,Queens,QN0706,Queensboro Hill,106,2053.7,1014.1,0.6276,1539.9,mixed,block_group,360811223001,3,1.0,1039.6,3067.8
2760,892a100e13bffff,Queens,QN0706,Queensboro Hill,302,2470.0,184.7,0.878,2251.6,block_group,block_group,360811215001,3,1.0,2285.3,2654.7
2761,892a100e143ffff,Queens,QN0705,East Flushing,320,2129.2,243.8,0.7012,1727.3,block_group,block_group,360810845003,2,1.0,1885.4,2373.0
2762,892a100e147ffff,Queens,QN0706,Queensboro Hill,165,2038.0,353.5,0.6121,1502.5,block_group,block_group,360810837005,3,1.0,1684.5,2391.5
2763,892a100e14bffff,Queens,QN0706,Queensboro Hill,175,1652.1,255.5,0.2293,575.3,block_group,block_group,360810845002,3,1.0,1396.6,1907.6
2764,892a100e14fffff,Queens,QN0706,Queensboro Hill,161,2142.5,510.5,0.711,1755.5,block_group,block_group,360810837002,2,1.0,1632.0,2653.0
2765,892a100e153ffff,Queens,QN0705,East Flushing,372,1726.4,298.4,0.3017,745.9,block_group,block_group,360811205001,3,1.0,1428.0,2024.8
2766,892a100e157ffff,Queens,QN0705,East Flushing,371,1943.8,603.3,0.5193,1270.9,mixed,block_group,360811205001,3,1.0,1340.5,2547.1
2767,892a100e15bffff,Queens,QN0705,East Flushing,1972,1166.0,210.7,0.0547,156.2,block_group,block_group,360810845001,5,1.0,955.3,1376.7
2768,892a100e163ffff,Queens,QN0706,Queensboro Hill,418,2476.4,764.3,0.8795,2257.0,block_group,block_group,360810837003,4,1.0,1712.1,3240.7
2769,892a100e167ffff,Queens,QN0802,Pomonok-Electchester-Hillcrest,247,2122.8,492.5,0.6946,1707.6,block_group,block_group,360811227025,4,1.0,1630.3,2615.3
2770,892a100e16bffff,Queens,QN0706,Queensboro Hill,352,2163.7,661.9,0.7276,1806.9,block_group,block_group,360810837001,3,1.0,1501.8,2825.6
2771,892a100e16fffff,Queens,QN0801,Kew Gardens Hills,105,2086.0,291.0,0.6585,1614.4,block_group,block_group,360810803023,1,1.0,1795.0,2377.0
2772,892a100e173ffff,Queens,QN0706,Queensboro Hill,154,2111.9,395.8,0.6849,1682.1,block_group,block_group,360810837005,2,1.0,1716.1,2507.7
2773,892a100e177ffff,Queens,QN0706,Queensboro Hill,378,2417.4,201.9,0.8636,2202.1,block_group,block_group,360811215002,2,1.0,2215.5,2619.3
2774,892a100e17bffff,Queens,QN0706,Queensboro Hill,403,2137.7,526.5,0.7075,1745.7,block_group,block_group,360810837002,4,1.0,1611.2,2664.2
2776,892a100e187ffff,Queens,QN0705,East Flushing,173,2710.7,520.2,0.9459,2465.5,mixed,block_group,360811207012,2,1.0,2190.5,3230.9
2777,892a100e18bffff,Queens,QN0705,East Flushing,180,2198.0,342.0,0.7599,1880.3,block_group,block_group,360811207011,1,1.0,1856.0,2540.0
2778,892a100e18fffff,Queens,QN0705,East Flushing,131,2509.5,427.4,0.8878,2284.9,block_group,block_group,360811207012,2,1.0,2082.1,2936.9
2779,892a100e193ffff,Queens,QN0705,East Flushing,185,2663.3,239.9,0.9367,2438.0,mixed,block_group,360811195001,2,1.0,2423.4,2903.2
2780,892a100e197ffff,Queens,QN0705,East Flushing,110,2561.8,1124.2,0.9069,2341.5,mixed,tract,36081145900,2,1.0,1437.6,3686.0
2781,892a100e19bffff,Queens,QN0705,East Flushing,257,2736.6,256.5,0.95,2480.7,mixed,block_group,360811195001,4,1.0,2480.1,2993.1
2782,892a100e1a7ffff,Queens,QN1101,Auburndale,138,2719.0,538.0,0.9471,2470.3,tract,tract,36081141700,1,1.0,2181.0,3257.0
2784,892a100e1b3ffff,Queens,QN0705,East Flushing,106,2717.3,467.7,0.9468,2469.0,mixed,tract,36081141700,2,1.0,2249.6,3185.0
2785,892a100e1b7ffff,Queens,QN1101,Auburndale,187,2725.2,305.8,0.9486,2475.1,mixed,tract,36081141700,2,1.0,2419.4,3031.0
2786,892a100e1bbffff,Queens,QN0705,East Flushing,121,2708.0,665.0,0.945,2462.8,block_group,block_group,360811207012,1,1.0,2043.0,3373.0
2787,892a100e1c3ffff,Queens,QN0705,East Flushing,275,1861.9,211.8,0.4451,1078.6,mixed,block_group,36081,3,1.0,1650.1,2073.7
2788,892a100e1c7ffff,Queens,QN0705,East Flushing,295,2100.4,204.1,0.6729,1653.4,mixed,block_group,360811207011,2,1.0,1896.3,2304.5
2789,892a100e1cbffff,Queens,QN0705,East Flushing,397,1820.4,200.9,0.3992,968.1,block_group,block_group,360811201001,3,1.0,1619.5,2021.3
2790,892a100e1cfffff,Queens,QN0705,East Flushing,265,1908.8,160.2,0.4866,1189.5,mixed,block_group,360811201001,4,1.0,1748.6,2069.0
2791,892a100e1d3ffff,Queens,QN0705,East Flushing,495,1994.9,259.4,0.5728,1398.1,mixed,block_group,360811191001,5,1.0,1735.5,2254.3
2792,892a100e1d7ffff,Queens,QN0705,East Flushing,485,2261.5,130.5,0.7952,1988.8,mixed,block_group,360811191002,3,1.0,2131.0,2392.0
2793,892a100e1dbffff,Queens,QN0705,East Flushing,380,1755.9,125.0,0.3368,810.6,block_group,block_group,360811189001,3,1.0,1630.9,1880.9
2794,892a100e22bffff,Queens,QN0303,North Corona,302,1764.0,128.0,0.3448,830.1,block_group,block_group,360810381003,1,1.0,1636.0,1892.0
2795,892a100e22fffff,Queens,QN0303,North Corona,745,1745.3,105.7,0.3235,785.2,block_group,block_group,360810399021,3,1.0,1639.6,1851.0
2796,892a100e243ffff,Queens,QN0302,East Elmhurst,165,2042.5,267.7,0.6172,1513.5,block_group,block_group,360810371001,2,1.0,1774.8,2310.2
2797,892a100e247ffff,Queens,QN0302,East Elmhurst,167,2061.5,301.0,0.635,1559.9,block_group,block_group,360810371001,2,1.0,1760.5,2362.5
2798,892a100e24bffff,Queens,QN0302,East Elmhurst,290,1982.0,283.5,0.5642,1373.3,block_group,block_group,360810357003,4,1.0,1698.5,2265.5
2799,892a100e24fffff,Queens,QN0302,East Elmhurst,396,2124.7,126.9,0.6969,1714.2,block_group,block_group,360810367002,3,1.0,1997.8,2251.6
2801,892a100e263ffff,Queens,QN0302,East Elmhurst,596,1932.1,163.5,0.506,1242.6,block_group,block_group,360810373001,5,1.0,1768.6,2095.6
2802,892a100e267ffff,Queens,QN0303,North Corona,799,2083.8,274.1,0.6563,1607.9,block_group,block_group,360810381002,4,1.0,1809.7,2357.9
2803,892a100e26bffff,Queens,QN0302,East Elmhurst,688,1910.2,232.8,0.4881,1193.8,block_group,block_group,360810365002,5,1.0,1677.4,2143.0
2804,892a100e26fffff,Queens,QN0303,North Corona,845,2029.5,216.3,0.6044,1479.4,block_group,block_group,360810379003,3,1.0,1813.2,2245.8
2805,892a100e273ffff,Queens,QN0302,East Elmhurst,215,1820.8,211.5,0.3998,969.3,block_group,block_group,360810373002,3,1.0,1609.3,2032.3
2806,892a100e277ffff,Queens,QN0302,East Elmhurst,855,1811.7,175.4,0.3923,948.1,block_group,block_group,360810373002,2,1.0,1636.3,1987.1
2807,892a100e27bffff,Queens,QN0302,East Elmhurst,409,1837.2,169.3,0.4207,1013.7,block_group,block_group,360810365001,5,1.0,1667.9,2006.5
2813,892a100e29bffff,Queens,QN0701,College Point,70,1529.1,1035.7,0.1589,403.1,block_group,block_group,360810919001,2,1.0,493.4,2564.8
2819,892a100e307ffff,Queens,QN0706,Queensboro Hill,119,2514.9,870.9,0.8887,2288.3,mixed,block_group,360810803012,2,1.0,1644.0,3385.8
2820,892a100e317ffff,Queens,QN0706,Queensboro Hill,474,1952.3,286.1,0.5271,1289.8,block_group,block_group,360810803011,2,1.0,1666.2,2238.4
2821,892a100e36bffff,Queens,QN0402,Corona,772,1866.8,124.4,0.4487,1088.5,block_group,block_group,360810437011,3,1.0,1742.4,1991.2
2822,892a100e36fffff,Queens,QN0602,Forest Hills,953,1779.3,239.0,0.3559,860.4,block_group,block_group,360810747001,4,1.0,1540.3,2018.3
2823,892a100e383ffff,Queens,QN0707,Flushing-Willets Point,413,1539.7,480.1,0.1638,415.5,block_group,block_group,360810797024,2,1.0,1059.6,2019.8
2824,892a100e387ffff,Queens,QN0706,Queensboro Hill,352,2314.3,617.5,0.8239,2073.9,block_group,block_group,360810799001,2,1.0,1696.8,2931.8
2825,892a100e38fffff,Queens,QN0707,Flushing-Willets Point,210,1859.0,257.9,0.4424,1071.8,block_group,block_group,360810799002,2,1.0,1601.1,2116.9
2826,892a100e393ffff,Queens,QN0707,Flushing-Willets Point,2591,1897.6,144.7,0.4759,1162.1,mixed,block_group,360810853003,6,1.0,1752.9,2042.3
2827,892a100e397ffff,Queens,QN0707,Flushing-Willets Point,857,1597.6,223.0,0.1956,492.8,mixed,block_group,36081079701,4,1.0,1374.6,1820.6
2828,892a100e39bffff,Queens,QN0707,Flushing-Willets Point,1657,1669.9,205.1,0.2479,617.8,block_group,block_group,360810849011,6,1.0,1464.8,1875.0
2829,892a100e3a3ffff,Queens,QN0706,Queensboro Hill,304,1967.4,304.3,0.5512,1336.5,mixed,block_group,360810803013,3,1.0,1663.1,2271.7
2830,892a100e3a7ffff,Queens,QN0706,Queensboro Hill,313,2165.8,205.2,0.7301,1814.8,mixed,block_group,360810803023,3,1.0,1960.6,2371.0
2831,892a100e3abffff,Queens,QN0706,Queensboro Hill,352,2465.4,734.8,0.8764,2246.2,mixed,block_group,360810803012,3,1.0,1730.6,3200.2
2832,892a100e3afffff,Queens,QN0706,Queensboro Hill,326,2285.0,278.0,0.8084,2026.9,tract,tract,36081080302,1,1.0,2007.0,2563.0
2833,892a100e3b3ffff,Queens,QN0706,Queensboro Hill,237,2591.0,986.9,0.9138,2366.1,block_group,block_group,360810799001,2,1.0,1604.1,3577.9
2834,892a100e3b7ffff,Queens,QN0706,Queensboro Hill,411,2125.7,1151.6,0.6975,1716.2,block_group,block_group,360810837001,4,1.0,974.1,3277.3
2835,892a100e3bbffff,Queens,QN0706,Queensboro Hill,508,1978.5,383.2,0.561,1363.2,block_group,block_group,360810799002,5,1.0,1595.3,2361.7
2836,892a100e3d3ffff,Queens,QN0707,Flushing-Willets Point,1134,3088.0,445.0,0.9867,2607.0,block_group,block_group,360810871001,1,1.0,2643.0,3533.0
2837,892a100e3d7ffff,Queens,QN0707,Flushing-Willets Point,28,1873.0,734.0,0.4548,1105.7,block_group,block_group,360810849012,1,1.0,1139.0,2607.0
2838,892a100e3dbffff,Queens,QN0707,Flushing-Willets Point,881,1956.0,10.0,0.5358,1303.6,borough,borough,36081,1,1.0,1946.0,1966.0
2839,892a100e403ffff,Queens,QN0702,Whitestone-Beechhurst,266,2158.6,460.5,0.7242,1795.7,block_group,block_group,360811029001,3,1.0,1698.1,2619.1
2840,892a100e407ffff,Queens,QN0702,Whitestone-Beechhurst,321,2404.1,257.8,0.8587,2187.9,block_group,block_group,360811029002,3,1.0,2146.3,2661.9
2841,892a100e40bffff,Queens,QN0702,Whitestone-Beechhurst,373,2282.9,197.7,0.8073,2022.9,block_group,block_group,360811033001,4,1.0,2085.2,2480.6
2842,892a100e40fffff,Queens,QN0702,Whitestone-Beechhurst,350,2183.7,298.6,0.7447,1851.1,block_group,block_group,360811033001,2,1.0,1885.1,2482.3
2843,892a100e413ffff,Queens,QN0702,Whitestone-Beechhurst,132,2092.1,374.6,0.6639,1628.0,mixed,block_group,360811029001,3,1.0,1717.5,2466.7
2844,892a100e417ffff,Queens,QN0702,Whitestone-Beechhurst,315,2112.6,660.7,0.6855,1684.1,block_group,block_group,360811029001,2,1.0,1451.9,2773.3
2845,892a100e41bffff,Queens,QN0702,Whitestone-Beechhurst,248,2122.9,603.8,0.6948,1708.3,block_group,block_group,360811029001,3,1.0,1519.1,2726.7
2846,892a100e423ffff,Queens,QN0704,Murray Hill-Broadway Flushing,202,1966.1,518.5,0.55,1333.4,mixed,tract,36081105900,2,1.0,1447.6,2484.6
2847,892a100e427ffff,Queens,QN0704,Murray Hill-Broadway Flushing,219,1875.0,909.0,0.4563,1109.4,tract,tract,36081105900,1,1.0,966.0,2784.0
2848,892a100e42bffff,Queens,QN0704,Murray Hill-Broadway Flushing,204,2311.9,625.5,0.8216,2067.8,mixed,tract,36081105900,3,1.0,1686.4,2937.4
2849,892a100e42fffff,Queens,QN0704,Murray Hill-Broadway Flushing,152,1875.0,909.0,0.4563,1109.4,tract,tract,36081105900,1,1.0,966.0,2784.0
2850,892a100e433ffff,Queens,QN0702,Whitestone-Beechhurst,258,2131.7,335.1,0.7038,1733.9,mixed,block_group,360811033003,4,1.0,1796.6,2466.8
2851,892a100e437ffff,Queens,QN0703,Bay Terrace-Clearview,209,2316.6,452.0,0.8257,2080.6,mixed,tract,36081101700,3,1.0,1864.6,2768.6
2852,892a100e43bffff,Queens,QN0702,Whitestone-Beechhurst,211,2312.1,638.1,0.8219,2068.5,block_group,block_group,360811033002,3,1.0,1674.0,2950.2
2853,892a100e443ffff,Queens,QN0702,Whitestone-Beechhurst,210,2497.9,1004.9,0.8849,2275.4,block_group,block_group,360811039001,3,1.0,1493.0,3502.8
2854,892a100e447ffff,Queens,QN0702,Whitestone-Beechhurst,329,2441.0,322.4,0.8697,2224.4,block_group,block_group,360811039002,3,1.0,2118.6,2763.4
2855,892a100e44bffff,Queens,QN0701,College Point,100,2591.3,1225.0,0.9139,2366.8,block_group,block_group,360811039004,2,1.0,1366.3,3816.3
2856,892a100e44fffff,Queens,QN0702,Whitestone-Beechhurst,260,2454.4,1445.1,0.873,2236.6,block_group,block_group,360811039004,2,1.0,1009.3,3899.5
2857,892a100e453ffff,Queens,QN0702,Whitestone-Beechhurst,174,2246.3,937.5,0.7878,1966.8,block_group,block_group,360810973002,4,1.0,1308.8,3183.8
2858,892a100e457ffff,Queens,QN0702,Whitestone-Beechhurst,283,2431.0,360.0,0.8683,2219.0,block_group,block_group,360811039003,1,1.0,2071.0,2791.0
2859,892a100e45bffff,Queens,QN0702,Whitestone-Beechhurst,105,2428.3,1859.2,0.8672,2214.9,block_group,block_group,360811039004,3,1.0,569.1,4287.5
2860,892a100e463ffff,Queens,QN0704,Murray Hill-Broadway Flushing,323,2613.0,348.7,0.9208,2390.0,block_group,block_group,360811047001,3,1.0,2264.3,2961.7
2861,892a100e467ffff,Queens,QN0704,Murray Hill-Broadway Flushing,280,2103.3,522.2,0.6757,1661.3,mixed,tract,36081105900,4,1.0,1581.1,2625.5
2862,892a100e46bffff,Queens,QN0704,Murray Hill-Broadway Flushing,380,2385.8,1417.7,0.8517,2166.2,mixed,block_group,360811047005,4,1.0,968.1,3803.5
2863,892a100e46fffff,Queens,QN0704,Murray Hill-Broadway Flushing,240,2215.9,1059.6,0.7729,1916.8,block_group,block_group,360811047005,4,1.0,1156.3,3275.5
2864,892a100e473ffff,Queens,QN0702,Whitestone-Beechhurst,380,2346.0,361.1,0.8377,2121.7,block_group,block_group,360811039002,3,1.0,1984.9,2707.1
2865,892a100e477ffff,Queens,QN0702,Whitestone-Beechhurst,307,2802.0,391.8,0.9581,2509.6,block_group,block_group,360811033004,4,1.0,2410.2,3193.8
2866,892a100e47bffff,Queens,QN0702,Whitestone-Beechhurst,361,2543.4,584.0,0.8994,2317.6,block_group,block_group,360811039001,3,1.0,1959.4,3127.4
2867,892a100e483ffff,Queens,QN0702,Whitestone-Beechhurst,140,2093.0,304.0,0.6647,1630.0,tract,tract,36081099100,1,1.0,1789.0,2397.0
2868,892a100e487ffff,Queens,QN0702,Whitestone-Beechhurst,100,2211.6,270.0,0.7701,1908.2,tract,tract,36081099100,2,1.0,1941.6,2481.6
2869,892a100e48bffff,Queens,QN0702,Whitestone-Beechhurst,204,2093.0,304.0,0.6647,1630.0,tract,tract,36081099100,1,1.0,1789.0,2397.0
2870,892a100e48fffff,Queens,QN0702,Whitestone-Beechhurst,151,2093.5,381.6,0.6655,1631.9,mixed,block_group,360811029001,2,1.0,1711.9,2475.1
2871,892a100e493ffff,Queens,QN0702,Whitestone-Beechhurst,621,1942.6,228.6,0.5178,1267.7,mixed,block_group,360810991002,3,1.0,1714.0,2171.2
2872,892a100e497ffff,Queens,QN0702,Whitestone-Beechhurst,130,2093.0,304.0,0.6647,1630.0,tract,tract,36081099100,1,1.0,1789.0,2397.0
2873,892a100e49bffff,Queens,QN0702,Whitestone-Beechhurst,198,2081.9,273.9,0.6507,1602.7,mixed,tract,36081099100,3,1.0,1808.0,2355.8
2874,892a100e4a3ffff,Queens,QN0703,Bay Terrace-Clearview,317,2658.0,588.0,0.9344,2432.5,tract,tract,36081101700,1,1.0,2070.0,3246.0
2875,892a100e4a7ffff,Queens,QN0703,Bay Terrace-Clearview,189,2658.0,588.0,0.9344,2432.5,tract,tract,36081101700,1,1.0,2070.0,3246.0
2876,892a100e4abffff,Queens,QN0703,Bay Terrace-Clearview,295,2632.1,460.0,0.9266,2407.9,mixed,tract,36081101700,2,1.0,2172.1,3092.1
2877,892a100e4afffff,Queens,QN0703,Bay Terrace-Clearview,186,2658.0,588.0,0.9344,2432.5,tract,tract,36081101700,1,1.0,2070.0,3246.0
2878,892a100e4b3ffff,Queens,QN0703,Bay Terrace-Clearview,239,2659.2,558.6,0.9356,2434.6,mixed,tract,36081101700,2,1.0,2100.6,3217.8
2879,892a100e4b7ffff,Queens,QN0703,Bay Terrace-Clearview,440,2638.9,392.0,0.9293,2416.1,mixed,tract,36081101700,3,1.0,2246.9,3030.9
2880,892a100e4bbffff,Queens,QN0703,Bay Terrace-Clearview,393,2658.0,588.0,0.9344,2432.5,tract,tract,36081101700,1,1.0,2070.0,3246.0
2881,892a100e4c3ffff,Queens,QN0702,Whitestone-Beechhurst,252,2092.0,146.0,0.6636,1627.4,block_group,block_group,360810987002,3,1.0,1946.0,2238.0
2882,892a100e4c7ffff,Queens,QN0702,Whitestone-Beechhurst,161,2068.5,248.9,0.6408,1576.8,mixed,block_group,360810987002,2,1.0,1819.6,2317.4
2883,892a100e4cbffff,Queens,QN0702,Whitestone-Beechhurst,179,2168.7,313.2,0.7317,1819.4,mixed,block_group,360810981002,3,1.0,1855.5,2481.9
2884,892a100e4cfffff,Queens,QN0702,Whitestone-Beechhurst,133,2164.7,126.4,0.7288,1810.2,block_group,block_group,360810981002,2,1.0,2038.3,2291.1
2885,892a100e4d3ffff,Queens,QN0702,Whitestone-Beechhurst,89,1928.0,237.0,0.5024,1233.2,block_group,block_group,360810987001,1,1.0,1691.0,2165.0
2886,892a100e4d7ffff,Queens,QN0702,Whitestone-Beechhurst,216,2035.9,159.5,0.6101,1496.7,mixed,block_group,360810987002,3,1.0,1876.4,2195.4
2887,892a100e4dbffff,Queens,QN0702,Whitestone-Beechhurst,192,1879.6,144.3,0.4593,1118.7,block_group,block_group,360810981002,3,1.0,1735.3,2023.9
2888,892a100e503ffff,Queens,QN1101,Auburndale,219,2304.0,409.1,0.8176,2055.1,mixed,block_group,360811139001,4,1.0,1894.9,2713.1
2889,892a100e507ffff,Queens,QN1101,Auburndale,673,1927.5,410.6,0.5019,1232.0,block_group,block_group,360811139002,3,1.0,1516.9,2338.1
2890,892a100e50bffff,Queens,QN0704,Murray Hill-Broadway Flushing,222,2200.5,155.3,0.762,1886.9,mixed,tract,36081114100,3,1.0,2045.2,2355.8
2891,892a100e50fffff,Queens,QN0704,Murray Hill-Broadway Flushing,617,2172.3,356.6,0.7353,1826.7,block_group,block_group,360811175003,3,1.0,1815.7,2528.9
2892,892a100e513ffff,Queens,QN1101,Auburndale,323,2207.0,823.0,0.7673,1900.2,mixed,block_group,360811099003,5,1.0,1384.0,3030.0
2893,892a100e517ffff,Queens,QN1101,Auburndale,326,2369.9,531.6,0.8465,2149.3,block_group,block_group,360811099002,4,1.0,1838.3,2901.5
2894,892a100e51bffff,Queens,QN0704,Murray Hill-Broadway Flushing,208,2332.1,214.7,0.8328,2104.8,mixed,tract,36081114100,2,1.0,2117.4,2546.8
2895,892a100e523ffff,Queens,QN1101,Auburndale,253,2838.9,850.8,0.9635,2528.9,block_group,block_group,360811459001,3,1.0,1988.1,3689.7
2896,892a100e527ffff,Queens,QN1101,Auburndale,275,2261.1,281.7,0.7947,1987.5,block_group,block_group,360811429001,4,1.0,1979.4,2542.8
2897,892a100e52bffff,Queens,QN0705,East Flushing,188,2083.7,267.9,0.6561,1607.2,mixed,tract,36081119300,3,1.0,1815.8,2351.6
2898,892a100e52fffff,Queens,QN1101,Auburndale,274,2644.8,471.5,0.9307,2420.9,mixed,block_group,360811459002,4,1.0,2173.3,3116.3
2899,892a100e533ffff,Queens,QN1101,Auburndale,531,2315.0,276.9,0.8243,2075.2,block_group,block_group,360811181002,4,1.0,2038.1,2591.9
2900,892a100e537ffff,Queens,QN1101,Auburndale,281,2132.8,305.7,0.7044,1735.8,block_group,block_group,360811451011,4,1.0,1827.1,2438.5
2901,892a100e53bffff,Queens,QN0704,Murray Hill-Broadway Flushing,175,2897.0,578.4,0.9693,2548.9,mixed,block_group,360811175005,3,1.0,2318.6,3475.4
2902,892a100e543ffff,Queens,QN0704,Murray Hill-Broadway Flushing,129,2904.1,942.9,0.9706,2553.0,block_group,block_group,360811147002,2,1.0,1961.2,3847.0
2903,892a100e547ffff,Queens,QN0704,Murray Hill-Broadway Flushing,202,2191.3,147.8,0.7503,1866.4,block_group,block_group,360811147002,3,1.0,2043.5,2339.1
2904,892a100e54bffff,Queens,QN0704,Murray Hill-Broadway Flushing,179,3199.4,2146.6,0.994,2629.9,block_group,block_group,360811151001,2,1.0,1052.8,5346.0
2905,892a100e54fffff,Queens,QN0704,Murray Hill-Broadway Flushing,115,2215.8,686.8,0.7727,1916.1,block_group,block_group,360811171001,4,1.0,1529.0,2902.6
2906,892a100e553ffff,Queens,QN0704,Murray Hill-Broadway Flushing,268,2258.6,237.8,0.7931,1981.4,mixed,block_group,360811147001,4,1.0,2020.8,2496.4
2907,892a100e557ffff,Queens,QN0704,Murray Hill-Broadway Flushing,229,2553.0,188.5,0.9031,2329.2,mixed,block_group,360811147002,3,1.0,2364.5,2741.5
2908,892a100e55bffff,Queens,QN0704,Murray Hill-Broadway Flushing,101,2828.0,1564.4,0.9621,2524.1,mixed,block_group,360811151001,2,1.0,1263.6,4392.4
2909,892a100e563ffff,Queens,QN0704,Murray Hill-Broadway Flushing,380,1955.2,143.7,0.5308,1301.1,block_group,block_group,360811185001,4,1.0,1811.5,2098.9
2910,892a100e567ffff,Queens,QN0705,East Flushing,388,1927.6,223.9,0.5022,1232.6,mixed,tract,36081119300,4,1.0,1703.7,2151.5
2911,892a100e56bffff,Queens,QN0705,East Flushing,695,1959.0,198.8,0.5419,1310.6,block_group,block_group,360811185002,4,1.0,1760.2,2157.8
2912,892a100e56fffff,Queens,QN0705,East Flushing,537,2035.2,181.3,0.6096,1494.8,block_group,block_group,360811193002,5,1.0,1853.9,2216.5
2913,892a100e573ffff,Queens,QN0704,Murray Hill-Broadway Flushing,697,2007.3,168.2,0.5831,1424.3,block_group,block_group,360811175002,4,1.0,1839.1,2175.5
2914,892a100e577ffff,Queens,QN0704,Murray Hill-Broadway Flushing,175,2158.2,211.7,0.7235,1793.7,mixed,tract,36081117500,4,1.0,1946.5,2369.9
2915,892a100e57bffff,Queens,QN0704,Murray Hill-Broadway Flushing,294,1795.7,146.6,0.374,902.9,block_group,block_group,360811171002,3,1.0,1649.1,1942.3
2916,892a100e583ffff,Queens,QN1101,Auburndale,149,2426.7,606.3,0.867,2214.3,block_group,block_group,360811099001,2,1.0,1820.4,3033.0
2917,892a100e587ffff,Queens,QN1101,Auburndale,234,2578.9,503.5,0.9114,2357.9,block_group,block_group,360811099001,3,1.0,2075.4,3082.4
2918,892a100e58bffff,Queens,QN1101,Auburndale,396,2039.1,348.8,0.6139,1507.0,mixed,block_group,360811085002,5,1.0,1690.3,2387.9
2919,892a100e58fffff,Queens,QN1101,Auburndale,411,2418.3,930.3,0.8639,2202.7,block_group,block_group,360811099001,3,1.0,1488.0,3348.6
2920,892a100e593ffff,Queens,QN1102,Bayside,112,1850.9,811.2,0.434,1050.4,mixed,tract,36081109300,2,1.0,1039.7,2662.1
2921,892a100e597ffff,Queens,QN1102,Bayside,116,2326.4,314.9,0.8302,2095.4,mixed,block_group,360811097003,3,1.0,2011.5,2641.3
2922,892a100e59bffff,Queens,QN1101,Auburndale,237,1807.3,387.8,0.3881,934.8,mixed,block_group,360811085003,2,1.0,1419.5,2195.1
2923,892a100e5a3ffff,Queens,QN1101,Auburndale,218,2201.3,315.1,0.7628,1888.3,mixed,tract,36081113300,3,1.0,1886.2,2516.4
2924,892a100e5a7ffff,Queens,QN1101,Auburndale,407,2221.9,364.3,0.7765,1929.4,block_group,block_group,360811463001,2,1.0,1857.6,2586.2
2925,892a100e5abffff,Queens,QN1101,Auburndale,443,1963.8,684.6,0.5481,1327.0,mixed,block_group,360811139003,5,1.0,1279.2,2648.4
2926,892a100e5afffff,Queens,QN1101,Auburndale,357,2158.4,382.5,0.7238,1794.3,mixed,block_group,360811181001,4,1.0,1775.9,2540.9
2927,892a100e5b3ffff,Queens,QN1101,Auburndale,269,2318.5,125.5,0.8264,2083.3,mixed,block_group,360811133001,4,1.0,2193.0,2444.0
2928,892a100e5b7ffff,Queens,QN1102,Bayside,267,2396.0,337.3,0.8555,2177.0,mixed,block_group,360811129003,5,1.0,2058.7,2733.3
2929,892a100e5bbffff,Queens,QN1101,Auburndale,293,2307.8,285.0,0.8197,2061.8,mixed,block_group,360811133001,3,1.0,2022.8,2592.8
2930,892a100e5c3ffff,Queens,QN0703,Bay Terrace-Clearview,225,2436.2,390.3,0.869,2221.7,mixed,tract,36081101700,4,1.0,2045.9,2826.5
2931,892a100e5c7ffff,Queens,QN0704,Murray Hill-Broadway Flushing,210,2185.2,391.7,0.7467,1855.8,mixed,block_group,360811141001,4,1.0,1793.5,2576.9
2932,892a100e5cbffff,Queens,QN0704,Murray Hill-Broadway Flushing,197,1960.4,762.9,0.5437,1315.6,mixed,tract,36081105900,2,1.0,1197.5,2723.3
2933,892a100e5cfffff,Queens,QN0704,Murray Hill-Broadway Flushing,283,2366.4,607.6,0.8452,2145.3,block_group,block_group,360811141001,2,1.0,1758.8,2974.0
2934,892a100e5d3ffff,Queens,QN0703,Bay Terrace-Clearview,204,2647.0,476.0,0.9311,2422.3,tract,tract,36081101700,2,1.0,2171.0,3123.0
2935,892a100e5d7ffff,Queens,QN1101,Auburndale,197,2233.8,188.2,0.7804,1944.1,tract,tract,36081108500,3,1.0,2045.6,2422.0
2936,892a100e5dbffff,Queens,QN0703,Bay Terrace-Clearview,195,2573.7,533.7,0.9102,2353.1,tract,tract,36081101700,2,1.0,2040.0,3107.4
2937,892a100e603ffff,Queens,QN0701,College Point,92,1849.2,171.3,0.4324,1045.5,block_group,block_group,360810947001,2,1.0,1677.9,2020.5
2939,892a100e60bffff,Queens,QN0701,College Point,470,1905.1,172.1,0.484,1182.0,block_group,block_group,360810925002,3,1.0,1733.0,2077.2
2940,892a100e60fffff,Queens,QN0701,College Point,333,1852.3,113.6,0.4348,1052.8,block_group,block_group,360810919002,3,1.0,1738.7,1965.9
2941,892a100e613ffff,Queens,QN0701,College Point,241,2642.5,363.0,0.9303,2419.5,block_group,block_group,360810945002,2,1.0,2279.5,3005.5
2943,892a100e61bffff,Queens,QN0701,College Point,335,2039.8,180.9,0.6146,1509.0,block_group,block_group,360810947002,3,1.0,1858.9,2220.7
2946,892a100e62bffff,Queens,QN0701,College Point,122,2117.0,672.0,0.6896,1694.6,block_group,block_group,360810907001,1,1.0,1445.0,2789.0
2950,892a100e63bffff,Queens,QN0701,College Point,157,2109.9,654.9,0.6833,1677.6,block_group,block_group,360810907001,2,1.0,1455.0,2764.8
2951,892a100e643ffff,Queens,QN0701,College Point,393,2411.5,464.8,0.8618,2195.3,mixed,block_group,360810929003,4,1.0,1946.7,2876.3
2952,892a100e647ffff,Queens,QN0701,College Point,327,1906.5,172.1,0.4849,1185.1,block_group,block_group,360810925002,4,1.0,1734.4,2078.6
2953,892a100e64bffff,Queens,QN0701,College Point,249,2342.4,607.6,0.8365,2117.6,block_group,block_group,360810929002,3,1.0,1734.8,2950.0
2955,892a100e653ffff,Queens,QN0701,College Point,325,2516.0,193.7,0.8895,2290.4,mixed,block_group,36081092900,3,1.0,2322.3,2709.7
2956,892a100e657ffff,Queens,QN0701,College Point,260,2315.2,338.0,0.8245,2075.9,mixed,block_group,360810929003,5,1.0,1977.2,2653.2
2957,892a100e65bffff,Queens,QN0701,College Point,385,2536.7,253.9,0.897,2308.7,mixed,block_group,360810929005,3,1.0,2282.8,2790.6
2958,892a100e663ffff,Queens,QN0701,College Point,384,2056.1,510.0,0.6297,1546.4,block_group,block_group,360810919003,2,1.0,1546.1,2566.1
2959,892a100e667ffff,Queens,QN0701,College Point,465,1646.7,819.9,0.225,564.6,block_group,block_group,360810919001,3,1.0,826.8,2466.6
2960,892a100e673ffff,Queens,QN0701,College Point,501,1854.6,134.5,0.4371,1059.6,block_group,block_group,360810919002,3,1.0,1720.1,1989.1
2961,892a100e677ffff,Queens,QN0701,College Point,409,2062.9,383.3,0.6365,1563.8,block_group,block_group,360810919003,3,1.0,1679.6,2446.2
2962,892a100e683ffff,Queens,QN0701,College Point,108,2321.0,733.7,0.8282,2088.7,block_group,block_group,360810945001,2,1.0,1587.3,3054.7
2963,892a100e687ffff,Queens,QN0701,College Point,181,2878.0,460.0,0.9672,2541.3,block_group,block_group,360810945002,1,1.0,2418.0,3338.0
2964,892a100e68bffff,Queens,QN0701,College Point,67,1938.0,1197.0,0.5114,1254.5,block_group,block_group,360810945001,1,1.0,741.0,3135.0
2965,892a100e68fffff,Queens,QN0701,College Point,124,2423.2,626.0,0.8654,2208.2,block_group,block_group,360810945002,2,1.0,1797.2,3049.2
2966,892a100e693ffff,Queens,QN0701,College Point,68,1938.0,1197.0,0.5114,1254.5,block_group,block_group,360810945001,1,1.0,741.0,3135.0
2967,892a100e697ffff,Queens,QN0701,College Point,148,2554.1,510.9,0.9038,2331.3,block_group,block_group,360810945002,2,1.0,2043.2,3065.0
2969,892a100e6a7ffff,Queens,QN0704,Murray Hill-Broadway Flushing,228,1184.0,726.0,0.0574,162.6,tract,tract,36081088903,1,1.0,458.0,1910.0
2972,892a100e6b3ffff,Queens,QN0701,College Point,1,2878.0,460.0,0.9672,2541.3,block_group,block_group,360810945002,1,1.0,2418.0,3338.0
2973,892a100e6b7ffff,Queens,QN0704,Murray Hill-Broadway Flushing,208,1731.3,529.3,0.3083,757.0,mixed,tract,36081088903,4,1.0,1202.0,2260.6
2975,892a100e6c3ffff,Queens,QN0701,College Point,295,2567.6,218.4,0.9087,2348.3,block_group,block_group,360810939003,4,1.0,2349.2,2786.0
2976,892a100e6c7ffff,Queens,QN0701,College Point,392,2139.5,361.7,0.7092,1749.6,block_group,block_group,360810947001,5,1.0,1777.8,2501.2
2977,892a100e6cbffff,Queens,QN0701,College Point,421,2614.4,315.4,0.9215,2392.1,block_group,block_group,360810939003,4,1.0,2299.0,2929.8
2978,892a100e6cfffff,Queens,QN0701,College Point,460,2543.2,187.9,0.8992,2316.9,block_group,block_group,360810939002,3,1.0,2355.3,2731.1
2979,892a100e6d3ffff,Queens,QN0701,College Point,169,2062.6,880.5,0.6361,1563.2,block_group,block_group,360810945001,2,1.0,1182.1,2943.1
2980,892a100e6dbffff,Queens,QN0701,College Point,372,2406.0,237.0,0.859,2188.5,block_group,block_group,360810939001,1,1.0,2169.0,2643.0
2981,892a100e803ffff,Queens,QN1201,Jamaica,377,1903.1,527.2,0.4808,1175.1,mixed,block_group,360810236001,5,1.0,1375.9,2430.3
2982,892a100e807ffff,Queens,QN1201,Jamaica,691,2130.1,257.2,0.7016,1728.6,block_group,block_group,360810236002,3,1.0,1872.9,2387.3
2983,892a100e80bffff,Queens,QN0805,Jamaica Hills-Briarwood,256,1761.2,231.0,0.3437,827.1,mixed,tract,36081023200,2,1.0,1530.2,1992.2
2984,892a100e80fffff,Queens,QN0805,Jamaica Hills-Briarwood,492,1737.9,309.6,0.3181,772.8,mixed,block_group,360810238001,4,1.0,1428.3,2047.5
2985,892a100e813ffff,Queens,QN0805,Jamaica Hills-Briarwood,355,1588.8,138.2,0.1903,479.0,block_group,block_group,360810450002,4,1.0,1450.6,1727.0
2986,892a100e817ffff,Queens,QN0805,Jamaica Hills-Briarwood,304,2112.4,101.0,0.6852,1682.8,block_group,block_group,360810448001,3,1.0,2011.4,2213.4
2987,892a100e81bffff,Queens,QN0805,Jamaica Hills-Briarwood,273,1999.7,278.9,0.576,1407.1,mixed,block_group,360810230002,6,1.0,1720.8,2278.6
2988,892a100e823ffff,Queens,QN1201,Jamaica,236,1722.0,268.3,0.2962,733.6,block_group,block_group,360810240003,2,1.0,1453.7,1990.3
2989,892a100e827ffff,Queens,QN1201,Jamaica,38,1772.9,165.8,0.3505,846.7,block_group,block_group,360810208002,2,1.0,1607.1,1938.7
2990,892a100e82bffff,Queens,QN1201,Jamaica,314,2703.7,1364.8,0.9439,2459.3,block_group,block_group,360810240001,3,1.0,1338.9,4068.5
2991,892a100e82fffff,Queens,QN1201,Jamaica,2694,1763.0,195.0,0.3442,828.9,block_group,block_group,360810208002,1,1.0,1568.0,1958.0
2992,892a100e833ffff,Queens,QN1201,Jamaica,1375,1832.6,191.6,0.412,999.7,block_group,block_group,360810240002,3,1.0,1641.0,2024.2
2994,892a100e83bffff,Queens,QN1201,Jamaica,2760,1852.4,108.5,0.435,1053.4,block_group,block_group,360810236002,6,1.0,1743.9,1960.9
2995,892a100e843ffff,Queens,QN0805,Jamaica Hills-Briarwood,1458,1997.3,293.7,0.5742,1402.0,mixed,block_group,360810220024,4,1.0,1703.6,2291.0
2996,892a100e847ffff,Queens,QN0805,Jamaica Hills-Briarwood,1851,1736.0,99.2,0.3158,767.6,block_group,block_group,360810214001,4,1.0,1636.8,1835.2
2997,892a100e84bffff,Queens,QN0805,Jamaica Hills-Briarwood,702,1759.0,41.0,0.3399,818.3,block_group,block_group,360810220014,1,1.0,1718.0,1800.0
2998,892a100e84fffff,Queens,QN0805,Jamaica Hills-Briarwood,592,1902.8,346.9,0.48,1173.3,block_group,block_group,360810220024,3,1.0,1555.9,2249.7
2999,892a100e853ffff,Queens,QN0805,Jamaica Hills-Briarwood,523,2392.4,1178.2,0.8539,2173.6,mixed,block_group,360810220022,3,1.0,1214.2,3570.6
3000,892a100e857ffff,Queens,QN0805,Jamaica Hills-Briarwood,768,2442.0,519.3,0.8701,2225.8,block_group,block_group,360810232001,4,1.0,1922.7,2961.3
3001,892a100e85bffff,Queens,QN0805,Jamaica Hills-Briarwood,610,1847.1,48.9,0.4305,1039.9,mixed,block_group,360810220014,3,1.0,1798.2,1896.0
3002,892a100e863ffff,Queens,QN0805,Jamaica Hills-Briarwood,237,2124.0,238.0,0.6958,1711.6,block_group,block_group,360810214003,1,1.0,1886.0,2362.0
3003,892a100e867ffff,Queens,QN1201,Jamaica,771,2037.4,238.4,0.6116,1501.2,block_group,block_group,360810212002,4,1.0,1799.0,2275.8
3004,892a100e86bffff,Queens,QN0901,Kew Gardens,387,1854.2,403.9,0.4366,1058.3,block_group,block_group,360810216021,3,1.0,1450.3,2258.1
3005,892a100e86fffff,Queens,QN0902,Richmond Hill,210,2084.2,99.6,0.6569,1609.8,block_group,block_group,360810142021,3,1.0,1984.6,2183.8
3006,892a100e873ffff,Queens,QN0805,Jamaica Hills-Briarwood,482,1987.0,138.4,0.5677,1382.2,mixed,block_group,360810214003,6,1.0,1848.6,2125.4
3007,892a100e877ffff,Queens,QN1201,Jamaica,542,2135.7,371.9,0.7061,1741.1,block_group,block_group,360810238004,5,1.0,1763.8,2507.6
3008,892a100e87bffff,Queens,QN0805,Jamaica Hills-Briarwood,466,1978.4,224.7,0.5607,1362.5,block_group,block_group,360810214002,3,1.0,1753.7,2203.1
3009,892a100e883ffff,Queens,QN0805,Jamaica Hills-Briarwood,197,2280.3,433.6,0.8064,2019.6,block_group,block_group,360810454002,2,1.0,1846.7,2713.9
3010,892a100e887ffff,Queens,QN0805,Jamaica Hills-Briarwood,527,2307.0,438.2,0.8191,2060.5,block_group,block_group,360810454002,3,1.0,1868.8,2745.2
3011,892a100e88bffff,Queens,QN0805,Jamaica Hills-Briarwood,325,1567.3,94.7,0.1766,447.4,mixed,block_group,360810452001,5,1.0,1472.6,1662.0
3012,892a100e88fffff,Queens,QN0805,Jamaica Hills-Briarwood,245,2050.7,91.3,0.6251,1531.5,block_group,block_group,360810448001,3,1.0,1959.4,2142.0
3013,892a100e893ffff,Queens,QN0805,Jamaica Hills-Briarwood,104,1795.5,820.7,0.3738,902.3,mixed,block_group,360810456001,4,1.0,974.8,2616.2
3014,892a100e897ffff,Queens,QN0805,Jamaica Hills-Briarwood,382,1954.9,586.5,0.5299,1299.2,block_group,block_group,360810454002,3,1.0,1368.4,2541.4
3015,892a100e89bffff,Queens,QN0802,Pomonok-Electchester-Hillcrest,273,1801.5,583.4,0.3817,921.6,mixed,tract,36081126700,2,1.0,1218.1,2384.9
3016,892a100e8a3ffff,Queens,QN1201,Jamaica,1112,1402.1,131.8,0.1081,282.6,block_group,block_group,360810446012,3,1.0,1270.3,1533.9
3017,892a100e8a7ffff,Queens,QN1201,Jamaica,92,1994.0,1085.9,0.572,1395.6,block_group,block_group,360810444003,2,1.0,908.1,3079.9
3018,892a100e8abffff,Queens,QN1201,Jamaica,1639,1812.4,84.4,0.3929,949.9,block_group,block_group,360810446022,5,1.0,1728.0,1896.8
3019,892a100e8afffff,Queens,QN1201,Jamaica,1307,1507.9,167.1,0.1506,382.4,block_group,block_group,360810446012,2,1.0,1340.8,1675.0
3020,892a100e8b3ffff,Queens,QN1201,Jamaica,965,1831.7,245.6,0.4106,996.6,block_group,block_group,360810460001,4,1.0,1586.1,2077.3
3021,892a100e8b7ffff,Queens,QN1201,Jamaica,1261,1473.7,144.6,0.1349,341.8,block_group,block_group,360810460002,4,1.0,1329.1,1618.3
3022,892a100e8bbffff,Queens,QN0805,Jamaica Hills-Briarwood,1035,1801.1,164.0,0.3812,920.4,block_group,block_group,360810454001,4,1.0,1637.1,1965.1
3023,892a100e8c3ffff,Queens,QN0801,Kew Gardens Hills,710,1740.9,276.6,0.3193,775.8,block_group,block_group,360810779052,4,1.0,1464.3,2017.5
3024,892a100e8c7ffff,Queens,QN0805,Jamaica Hills-Briarwood,359,1595.9,233.8,0.1948,490.6,mixed,tract,36081045000,4,1.0,1362.1,1829.7
3025,892a100e8cbffff,Queens,QN0801,Kew Gardens Hills,711,1398.0,94.0,0.1068,279.1,block_group,block_group,360810779051,1,1.0,1304.0,1492.0
3026,892a100e8cfffff,Queens,QN0805,Jamaica Hills-Briarwood,303,2131.6,380.6,0.7036,1733.2,mixed,tract,36081022002,3,1.0,1751.0,2512.2
3027,892a100e8d3ffff,Queens,QN0802,Pomonok-Electchester-Hillcrest,391,1978.7,456.1,0.5614,1364.4,block_group,block_group,360811265002,2,1.0,1522.6,2434.8
3028,892a100e8d7ffff,Queens,QN0802,Pomonok-Electchester-Hillcrest,114,1187.7,104.8,0.0579,164.0,block_group,block_group,360811267002,2,1.0,1082.9,1292.5
3029,892a100e8dbffff,Queens,QN0801,Kew Gardens Hills,636,2305.2,188.3,0.8181,2057.1,block_group,block_group,360810779042,2,1.0,2116.9,2493.5
3030,892a100e903ffff,Queens,QN1202,South Jamaica,248,1866.3,327.6,0.4483,1087.2,block_group,block_group,360810262001,4,1.0,1538.7,2193.9
3031,892a100e907ffff,Queens,QN1202,South Jamaica,256,1994.0,274.1,0.572,1395.6,block_group,block_group,360810270001,3,1.0,1719.9,2268.1
3032,892a100e90bffff,Queens,QN1202,South Jamaica,439,1793.6,711.9,0.3716,898.1,block_group,block_group,360810260002,3,1.0,1081.7,2505.5
3033,892a100e90fffff,Queens,QN1202,South Jamaica,347,2107.6,309.2,0.6805,1670.4,block_group,block_group,360810270001,2,1.0,1798.4,2416.8
3034,892a100e913ffff,Queens,QN1202,South Jamaica,299,1602.1,135.6,0.1975,498.9,block_group,block_group,360810258002,5,1.0,1466.5,1737.7
3035,892a100e917ffff,Queens,QN1202,South Jamaica,372,1210.7,513.6,0.0621,171.9,block_group,block_group,360810264002,4,1.0,697.1,1724.3
3036,892a100e91bffff,Queens,QN1202,South Jamaica,773,1027.0,175.9,0.0345,117.1,block_group,block_group,360810260001,6,1.0,851.1,1202.9
3037,892a100e923ffff,Queens,QN1203,Baisley Park,403,1688.2,351.9,0.2638,657.2,block_group,block_group,360810274001,3,1.0,1336.3,2040.1
3038,892a100e927ffff,Queens,QN1203,Baisley Park,89,2193.8,302.6,0.7516,1869.7,block_group,block_group,360810288011,2,1.0,1891.2,2496.4
3039,892a100e92bffff,Queens,QN1203,Baisley Park,340,2082.1,289.5,0.6509,1603.3,mixed,block_group,360810190001,5,1.0,1792.6,2371.6
3040,892a100e92fffff,Queens,QN1203,Baisley Park,429,1972.5,253.4,0.5561,1348.6,block_group,block_group,360810288011,3,1.0,1719.1,2225.9
3041,892a100e933ffff,Queens,QN1203,Baisley Park,314,2194.2,303.0,0.7518,1870.3,block_group,block_group,360810276001,2,1.0,1891.2,2497.2
3042,892a100e937ffff,Queens,QN1203,Baisley Park,535,1003.7,206.7,0.0328,113.2,block_group,block_group,360810278002,4,1.0,797.0,1210.4
3043,892a100e93bffff,Queens,QN1203,Baisley Park,393,1895.5,279.8,0.4738,1155.9,block_group,block_group,360810274001,4,1.0,1615.7,2175.3
3044,892a100e943ffff,Queens,QN1202,South Jamaica,474,1683.0,534.3,0.2593,645.7,block_group,block_group,360810198001,5,1.0,1148.7,2217.3
3045,892a100e947ffff,Queens,QN1202,South Jamaica,468,1824.2,195.6,0.4029,977.2,block_group,block_group,360810196001,5,1.0,1628.6,2019.8
3046,892a100e94bffff,Queens,QN1201,Jamaica,357,1788.9,135.7,0.3668,886.7,mixed,block_group,36081020400,3,1.0,1653.2,1924.6
3047,892a100e94fffff,Queens,QN1202,South Jamaica,454,1889.4,247.1,0.4679,1141.6,mixed,block_group,360810198003,5,1.0,1642.3,2136.5
3048,892a100e953ffff,Queens,QN1201,Jamaica,179,1918.0,169.1,0.495,1210.1,block_group,block_group,360810254011,2,1.0,1748.9,2087.1
3049,892a100e957ffff,Queens,QN1202,South Jamaica,448,1729.2,366.0,0.3054,754.1,block_group,block_group,360810254012,2,1.0,1363.2,2095.2
3050,892a100e95bffff,Queens,QN1201,Jamaica,190,1789.2,129.1,0.3673,888.5,block_group,block_group,360810208002,2,1.0,1660.1,1918.3
3051,892a100e963ffff,Queens,QN1203,Baisley Park,403,2055.4,159.2,0.6287,1543.8,mixed,block_group,360810192002,5,1.0,1896.2,2214.6
3052,892a100e967ffff,Queens,QN1203,Baisley Park,428,2054.1,214.1,0.628,1541.2,mixed,block_group,360810188001,4,1.0,1840.0,2268.2
3053,892a100e96bffff,Queens,QN1202,South Jamaica,317,2181.2,235.0,0.7435,1846.5,block_group,block_group,360810194002,2,1.0,1946.2,2416.2
3054,892a100e96fffff,Queens,QN1203,Baisley Park,272,2347.5,484.7,0.838,2122.3,block_group,block_group,360810192001,4,1.0,1862.8,2832.2
3055,892a100e973ffff,Queens,QN1202,South Jamaica,355,1833.9,183.0,0.4167,1004.5,mixed,block_group,360810196001,5,1.0,1650.9,2016.9
3056,892a100e977ffff,Queens,QN1203,Baisley Park,334,2072.2,482.1,0.6453,1586.5,mixed,block_group,36081019000,3,1.0,1590.1,2554.3
3057,892a100e97bffff,Queens,QN1202,South Jamaica,384,2164.4,377.5,0.7283,1808.9,block_group,block_group,360810196002,3,1.0,1786.9,2541.9
3058,892a100e983ffff,Queens,QN1202,South Jamaica,474,1617.5,129.8,0.2055,517.7,block_group,block_group,360810414002,6,1.0,1487.7,1747.3
3059,892a100e987ffff,Queens,QN1205,St. Albans,259,1627.3,170.8,0.2119,532.7,block_group,block_group,360810434001,3,1.0,1456.5,1798.1
3060,892a100e98bffff,Queens,QN1202,South Jamaica,187,2569.6,507.7,0.909,2349.0,block_group,block_group,360810258001,4,1.0,2061.9,3077.3
3061,892a100e98fffff,Queens,QN1202,South Jamaica,302,2012.4,304.0,0.5881,1436.4,block_group,block_group,360810264001,3,1.0,1708.4,2316.4
3062,892a100e993ffff,Queens,QN1202,South Jamaica,290,1746.9,101.4,0.3255,787.0,block_group,block_group,360810414001,2,1.0,1645.5,1848.3
3063,892a100e997ffff,Queens,QN1205,St. Albans,315,1687.2,126.6,0.2629,654.9,block_group,block_group,360810434001,2,1.0,1560.6,1813.8
3064,892a100e99bffff,Queens,QN1202,South Jamaica,352,2139.5,247.6,0.7092,1749.6,block_group,block_group,360810414003,2,1.0,1891.9,2387.1
3065,892a100e9a3ffff,Queens,QN1203,Baisley Park,314,1424.2,265.3,0.1144,295.9,mixed,block_group,360810280001,3,1.0,1158.9,1689.5
3066,892a100e9a7ffff,Queens,QN1203,Baisley Park,396,1760.3,197.3,0.342,823.6,mixed,block_group,360810280001,4,1.0,1563.0,1957.6
3067,892a100e9abffff,Queens,QN1203,Baisley Park,186,1430.5,404.6,0.1174,302.5,mixed,block_group,360810264002,4,1.0,1025.9,1835.1
3068,892a100e9afffff,Queens,QN1203,Baisley Park,805,783.0,185.8,0.0173,80.0,mixed,block_group,360810278002,3,1.0,597.2,968.8
3069,892a100e9b3ffff,Queens,QN1205,St. Albans,195,1419.6,403.9,0.1127,292.3,mixed,block_group,360810266001,3,1.0,1015.7,1823.5
3070,892a100e9b7ffff,Queens,QN1205,St. Albans,218,1938.1,459.6,0.5127,1255.2,block_group,block_group,360810432001,3,1.0,1478.5,2397.7
3071,892a100e9bbffff,Queens,QN1202,South Jamaica,573,952.9,615.9,0.0292,105.6,block_group,block_group,360810266001,2,1.0,337.0,1568.8
3072,892a100e9c3ffff,Queens,QN1202,South Jamaica,359,1892.4,714.1,0.4704,1147.8,block_group,block_group,360810254021,2,1.0,1178.3,2606.5
3073,892a100e9c7ffff,Queens,QN1202,South Jamaica,436,1894.0,202.4,0.4721,1151.5,block_group,block_group,360810254022,5,1.0,1691.6,2096.4
3074,892a100e9cbffff,Queens,QN1201,Jamaica,2,1919.0,171.0,0.4959,1213.2,block_group,block_group,360810254011,1,1.0,1748.0,2090.0
3075,892a100e9cfffff,Queens,QN1202,South Jamaica,713,997.3,116.4,0.0325,112.3,block_group,block_group,360810254023,3,1.0,880.9,1113.7
3076,892a100e9d3ffff,Queens,QN1202,South Jamaica,55,2124.5,400.3,0.6966,1713.5,block_group,block_group,360810440001,3,1.0,1724.2,2524.8
3077,892a100e9d7ffff,Queens,QN1202,South Jamaica,246,1792.5,804.8,0.3706,895.1,block_group,block_group,360810254021,4,1.0,987.7,2597.3
3079,892a100ea03ffff,Queens,QN0901,Kew Gardens,520,1880.6,274.7,0.4603,1120.5,mixed,tract,36081077300,3,1.0,1605.9,2155.3
3080,892a100ea07ffff,Queens,QN0901,Kew Gardens,2414,1934.4,188.6,0.5074,1246.4,block_group,block_group,360810134001,5,1.0,1745.8,2123.0
3081,892a100ea13ffff,Queens,QN0901,Kew Gardens,647,2067.8,374.7,0.64,1574.8,mixed,block_group,360810773002,4,1.0,1693.1,2442.5
3082,892a100ea17ffff,Queens,QN0901,Kew Gardens,226,1877.4,308.7,0.4582,1115.0,block_group,block_group,360810775002,5,1.0,1568.7,2186.1
3083,892a100ea1bffff,Queens,QN0602,Forest Hills,88,1956.0,10.0,0.5358,1303.6,borough,borough,36081,1,1.0,1946.0,1966.0
3084,892a100ea23ffff,Queens,QN0902,Richmond Hill,447,2034.2,148.3,0.6086,1491.6,block_group,block_group,360810132002,4,1.0,1885.9,2182.5
3085,892a100ea27ffff,Queens,QN0902,Richmond Hill,470,2014.8,159.5,0.5899,1440.9,block_group,block_group,360810122001,4,1.0,1855.3,2174.3
3086,892a100ea2bffff,Queens,QN0902,Richmond Hill,278,1607.3,328.9,0.2011,507.7,block_group,block_group,360810130001,4,1.0,1278.4,1936.2
3087,892a100ea2fffff,Queens,QN0902,Richmond Hill,352,1770.3,464.8,0.3495,843.8,block_group,block_group,360810130002,5,1.0,1305.5,2235.1
3088,892a100ea33ffff,Queens,QN0901,Kew Gardens,983,2268.5,455.9,0.7997,2001.5,block_group,block_group,360810140002,6,1.0,1812.6,2724.4
3089,892a100ea37ffff,Queens,QN0902,Richmond Hill,496,1784.7,132.3,0.3625,876.6,block_group,block_group,360810144001,3,1.0,1652.4,1917.0
3090,892a100ea3bffff,Queens,QN0901,Kew Gardens,497,1995.9,264.6,0.5732,1399.4,block_group,block_group,360810134003,5,1.0,1731.3,2260.5
3091,892a100ea43ffff,Queens,QN0602,Forest Hills,381,2505.7,839.4,0.887,2282.2,mixed,block_group,360810731002,4,1.0,1666.3,3345.1
3092,892a100ea47ffff,Queens,QN0602,Forest Hills,162,2472.4,182.6,0.8788,2254.3,block_group,block_group,360810645001,2,1.0,2289.8,2655.0
3093,892a100ea4bffff,Queens,QN0602,Forest Hills,348,1624.0,230.4,0.2102,528.8,mixed,block_group,360810729002,5,1.0,1393.6,1854.4
3094,892a100ea4fffff,Queens,QN0602,Forest Hills,201,2667.0,190.2,0.9373,2440.1,block_group,block_group,360810645001,2,1.0,2476.8,2857.2
3095,892a100ea53ffff,Queens,QN0602,Forest Hills,162,1956.0,10.0,0.5358,1303.6,borough,borough,36081,1,1.0,1946.0,1966.0
3096,892a100ea57ffff,Queens,QN0602,Forest Hills,260,1986.0,158.5,0.5664,1379.0,mixed,borough,36081,2,1.0,1827.5,2144.5
3097,892a100ea5bffff,Queens,QN0602,Forest Hills,204,1708.8,255.0,0.2845,702.8,mixed,borough,36081,4,1.0,1453.8,1963.8
3098,892a100ea83ffff,Queens,QN0901,Kew Gardens,140,2206.0,203.0,0.7665,1898.2,block_group,block_group,360810216011,1,1.0,2003.0,2409.0
3099,892a100ea87ffff,Queens,QN0901,Kew Gardens,989,2206.0,203.0,0.7665,1898.2,block_group,block_group,360810216011,1,1.0,2003.0,2409.0
3100,892a100ea8bffff,Queens,QN0602,Forest Hills,594,2056.3,145.3,0.6302,1547.7,block_group,block_group,360810769021,4,1.0,1911.0,2201.6
3101,892a100ea8fffff,Queens,QN0901,Kew Gardens,362,2056.6,130.6,0.6307,1548.9,block_group,block_group,360810216011,3,1.0,1926.0,2187.2
3102,892a100ea97ffff,Queens,QN0805,Jamaica Hills-Briarwood,920,2067.0,227.0,0.6394,1572.9,block_group,block_group,360810220012,1,1.0,1840.0,2294.0
3103,892a100eaa3ffff,Queens,QN0901,Kew Gardens,456,1834.1,166.1,0.4169,1005.1,block_group,block_group,360810138002,2,1.0,1668.0,2000.2
3104,892a100eaa7ffff,Queens,QN0901,Kew Gardens,364,1689.3,213.9,0.2645,659.5,mixed,block_group,360810138002,4,1.0,1475.4,1903.2
3105,892a100eaabffff,Queens,QN0901,Kew Gardens,911,1926.7,120.2,0.5014,1230.1,block_group,block_group,360810136002,5,1.0,1806.5,2046.9
3106,892a100eaafffff,Queens,QN0901,Kew Gardens,458,2182.3,145.4,0.744,1848.5,block_group,block_group,360810140001,3,1.0,2036.9,2327.7
3108,892a100eab7ffff,Queens,QN0901,Kew Gardens,160,1783.0,327.9,0.36,870.6,block_group,block_group,360810216021,2,1.0,1455.1,2110.9
3109,892a100eabbffff,Queens,QN0901,Kew Gardens,1315,2000.4,161.8,0.5765,1408.3,block_group,block_group,360810138001,4,1.0,1838.6,2162.2
3110,892a100eac3ffff,Queens,QN0602,Forest Hills,962,2267.6,108.4,0.7984,1999.5,mixed,block_group,360810769011,3,1.0,2159.2,2376.0
3111,892a100eac7ffff,Queens,QN0602,Forest Hills,642,2186.8,114.3,0.7483,1859.1,mixed,block_group,360810769011,3,1.0,2072.5,2301.1
3112,892a100eacbffff,Queens,QN0602,Forest Hills,287,2305.8,264.2,0.8183,2057.8,mixed,block_group,360810737002,2,1.0,2041.6,2570.0
3113,892a100eacfffff,Queens,QN0602,Forest Hills,148,1956.0,10.0,0.5358,1303.6,borough,borough,36081,1,1.0,1946.0,1966.0
3114,892a100ead3ffff,Queens,QN0602,Forest Hills,1830,2071.3,129.7,0.6441,1583.9,block_group,block_group,360810757011,4,1.0,1941.6,2201.0
3115,892a100ead7ffff,Queens,QN0602,Forest Hills,1588,2179.9,414.2,0.7426,1843.9,block_group,block_group,360810769021,4,1.0,1765.7,2594.1
3116,892a100eadbffff,Queens,QN0602,Forest Hills,1499,2241.7,152.8,0.7855,1960.1,block_group,block_group,360810737001,5,1.0,2088.9,2394.5
3117,892a100eb03ffff,Queens,QN0903,South Richmond Hill,419,1908.5,156.9,0.4863,1188.8,mixed,block_group,360810156002,4,1.0,1751.6,2065.4
3118,892a100eb07ffff,Queens,QN1001,South Ozone Park,446,2193.3,452.7,0.7512,1869.0,mixed,block_group,360810158021,5,1.0,1740.6,2646.0
3119,892a100eb0bffff,Queens,QN0903,South Richmond Hill,512,1952.8,190.1,0.5277,1291.7,block_group,block_group,360810154002,5,1.0,1762.7,2142.9
3120,892a100eb0fffff,Queens,QN1001,South Ozone Park,481,1967.8,691.3,0.5519,1337.8,mixed,block_group,360810158023,5,1.0,1276.5,2659.1
3121,892a100eb13ffff,Queens,QN0903,South Richmond Hill,453,2030.1,255.1,0.6053,1482.0,block_group,block_group,360810154001,5,1.0,1775.0,2285.2
3122,892a100eb17ffff,Queens,QN0903,South Richmond Hill,455,2053.8,335.7,0.6278,1540.5,mixed,tract,36081015600,4,1.0,1718.1,2389.5
3123,892a100eb1bffff,Queens,QN0903,South Richmond Hill,426,2235.3,154.5,0.7808,1945.4,block_group,block_group,360810150002,3,1.0,2080.8,2389.8
3124,892a100eb23ffff,Queens,QN1001,South Ozone Park,498,2077.7,178.9,0.6487,1596.2,block_group,block_group,360810168001,4,1.0,1898.8,2256.6
3125,892a100eb27ffff,Queens,QN1001,South Ozone Park,351,2053.3,242.1,0.6271,1538.6,block_group,block_group,360810172001,4,1.0,1811.2,2295.4
3126,892a100eb2bffff,Queens,QN1001,South Ozone Park,559,1725.5,140.6,0.3011,744.1,block_group,block_group,360810166001,4,1.0,1584.9,1866.1
3127,892a100eb2fffff,Queens,QN1001,South Ozone Park,492,1803.9,100.4,0.3846,928.2,mixed,block_group,360810166001,5,1.0,1703.5,1904.3
3128,892a100eb33ffff,Queens,QN1001,South Ozone Park,456,2204.5,156.3,0.765,1894.9,mixed,block_group,360810164002,4,1.0,2048.2,2360.8
3129,892a100eb37ffff,Queens,QN1001,South Ozone Park,302,2095.5,327.3,0.6675,1639.1,mixed,block_group,360810170002,3,1.0,1768.2,2422.8
3130,892a100eb3bffff,Queens,QN1001,South Ozone Park,469,2080.2,368.8,0.6496,1599.5,mixed,tract,36081015802,3,1.0,1711.4,2449.0
3131,892a100eb43ffff,Queens,QN0902,Richmond Hill,569,2271.7,461.9,0.8014,2006.8,block_group,block_group,360810118001,6,1.0,1809.8,2733.6
3132,892a100eb47ffff,Queens,QN0903,South Richmond Hill,525,1928.4,215.9,0.5028,1234.5,block_group,block_group,360810120002,4,1.0,1712.5,2144.3
3133,892a100eb4bffff,Queens,QN0902,Richmond Hill,447,1862.4,320.3,0.4457,1080.5,block_group,block_group,360810126011,3,1.0,1542.1,2182.7
3134,892a100eb4fffff,Queens,QN0903,South Richmond Hill,484,2215.4,538.6,0.7725,1915.5,block_group,block_group,360810118001,4,1.0,1676.8,2754.0
3135,892a100eb53ffff,Queens,QN0902,Richmond Hill,422,1943.3,158.8,0.518,1268.4,block_group,block_group,360810122001,3,1.0,1784.5,2102.1
3136,892a100eb57ffff,Queens,QN0903,South Richmond Hill,365,2003.4,163.6,0.5794,1415.4,block_group,block_group,360810148001,6,1.0,1839.8,2167.0
3137,892a100eb5bffff,Queens,QN0902,Richmond Hill,438,2197.9,519.1,0.7596,1879.6,block_group,block_group,360810124002,3,1.0,1678.8,2717.0
3138,892a100eb63ffff,Queens,QN1001,South Ozone Park,511,1986.9,182.5,0.5675,1381.6,block_group,block_group,360810098001,5,1.0,1804.4,2169.4
3139,892a100eb67ffff,Queens,QN1001,South Ozone Park,454,1929.2,326.1,0.5032,1235.7,block_group,block_group,360810104002,3,1.0,1603.1,2255.3
3140,892a100eb6bffff,Queens,QN1001,South Ozone Park,545,1673.9,161.0,0.2505,625.2,block_group,block_group,360810098002,4,1.0,1512.9,1834.9
3141,892a100eb6fffff,Queens,QN1001,South Ozone Park,405,2032.9,758.1,0.6067,1487.1,block_group,block_group,360810096001,3,1.0,1274.8,2791.0
3142,892a100eb73ffff,Queens,QN1001,South Ozone Park,505,2515.8,296.4,0.8891,2289.7,block_group,block_group,360810106001,3,1.0,2219.4,2812.2
3143,892a100eb77ffff,Queens,QN1001,South Ozone Park,579,1832.7,119.8,0.4122,1000.3,block_group,block_group,360810104001,6,1.0,1712.9,1952.5
3144,892a100eb7bffff,Queens,QN0903,South Richmond Hill,559,2306.9,414.0,0.8189,2059.8,block_group,block_group,360810108002,5,1.0,1892.9,2720.9
3145,892a100eb83ffff,Queens,QN1201,Jamaica,250,1929.7,251.3,0.5035,1237.0,block_group,block_group,360810152001,3,1.0,1678.4,2181.0
3146,892a100eb87ffff,Queens,QN1201,Jamaica,352,1940.5,182.6,0.5156,1261.4,block_group,block_group,360810206001,2,1.0,1757.9,2123.1
3147,892a100eb8bffff,Queens,QN0903,South Richmond Hill,236,1920.6,197.4,0.4967,1215.7,block_group,block_group,360810148001,3,1.0,1723.2,2118.0
3148,892a100eb8fffff,Queens,QN0903,South Richmond Hill,413,1946.4,262.4,0.5224,1277.8,block_group,block_group,360810152001,4,1.0,1684.0,2208.8
3149,892a100eb93ffff,Queens,QN1201,Jamaica,52,1972.4,179.8,0.5557,1347.9,block_group,block_group,360810212001,3,1.0,1792.6,2152.2
3150,892a100eb97ffff,Queens,QN1201,Jamaica,616,1878.8,134.5,0.4588,1116.8,block_group,block_group,360810208001,3,1.0,1744.3,2013.3
3151,892a100eb9bffff,Queens,QN0902,Richmond Hill,42,2051.3,81.8,0.6257,1533.5,block_group,block_group,360810142021,2,1.0,1969.5,2133.1
3152,892a100eba3ffff,Queens,QN1001,South Ozone Park,300,1733.8,180.2,0.3137,763.4,mixed,block_group,360810158011,3,1.0,1553.6,1914.0
3153,892a100eba7ffff,Queens,QN1001,South Ozone Park,271,2116.1,150.3,0.6888,1691.9,mixed,tract,36081017000,3,1.0,1965.8,2266.4
3154,892a100ebabffff,Queens,QN1001,South Ozone Park,443,2098.3,1179.8,0.6699,1645.6,mixed,block_group,360810158013,4,1.0,918.5,3278.1
3155,892a100ebafffff,Queens,QN1001,South Ozone Park,392,2121.2,129.0,0.6931,1703.1,mixed,tract,36081016400,4,1.0,1992.2,2250.2
3156,892a100ebb3ffff,Queens,QN1202,South Jamaica,360,2027.6,135.0,0.6028,1476.2,mixed,block_group,360810202001,3,1.0,1892.6,2162.6
3157,892a100ebb7ffff,Queens,QN1202,South Jamaica,344,2156.0,131.2,0.7216,1787.8,block_group,block_group,360810202001,6,1.0,2024.8,2287.2
3158,892a100ebbbffff,Queens,QN1001,South Ozone Park,327,1795.9,242.9,0.3742,903.5,mixed,block_group,360810152002,4,1.0,1553.0,2038.8
3159,892a100ebc3ffff,Queens,QN0902,Richmond Hill,351,2100.2,308.0,0.6724,1652.1,mixed,block_group,360810142012,2,1.0,1792.2,2408.2
3160,892a100ebc7ffff,Queens,QN0902,Richmond Hill,40,1868.3,203.8,0.4505,1093.4,mixed,block_group,360810148001,2,1.0,1664.5,2072.1
3161,892a100ebcbffff,Queens,QN0902,Richmond Hill,217,1786.0,243.9,0.3645,881.4,mixed,block_group,360810142012,3,1.0,1542.1,2029.9
3162,892a100ebcfffff,Queens,QN0902,Richmond Hill,108,1719.7,116.8,0.2948,729.5,mixed,block_group,360810144001,3,1.0,1602.9,1836.5
3163,892a100ebd3ffff,Queens,QN0902,Richmond Hill,431,1975.7,178.7,0.5587,1355.5,mixed,block_group,360810142021,4,1.0,1797.0,2154.4
3164,892a100ebd7ffff,Queens,QN0902,Richmond Hill,95,2202.3,49.3,0.7637,1891.6,mixed,block_group,360810142021,2,1.0,2153.0,2251.6
3165,892a100ebdbffff,Queens,QN0902,Richmond Hill,750,1743.8,317.8,0.3221,781.1,mixed,tract,36081014201,3,1.0,1426.0,2061.6
3166,892a100ec03ffff,Queens,QN0803,Fresh Meadows-Utopia,254,2084.9,81.3,0.6579,1613.1,mixed,borough,36081,3,1.0,2003.6,2166.2
3167,892a100ec07ffff,Queens,QN0804,Jamaica Estates-Holliswood,130,2578.1,856.9,0.9111,2356.5,mixed,tract,36081127700,3,1.0,1721.2,3435.0
3168,892a100ec0bffff,Queens,QN0802,Pomonok-Electchester-Hillcrest,238,2459.1,323.5,0.8737,2239.4,mixed,tract,36081124700,2,1.0,2135.6,2782.6
3169,892a100ec0fffff,Queens,QN0802,Pomonok-Electchester-Hillcrest,160,2473.8,546.4,0.8791,2255.7,mixed,block_group,360811247003,2,1.0,1927.4,3020.2
3170,892a100ec13ffff,Queens,QN0803,Fresh Meadows-Utopia,181,2245.6,1323.2,0.7873,1964.8,mixed,block_group,360811341002,2,1.0,922.4,3568.8
3171,892a100ec17ffff,Queens,QN0803,Fresh Meadows-Utopia,196,2032.3,25.2,0.6062,1485.2,mixed,borough,36081,2,1.0,2007.1,2057.5
3172,892a100ec1bffff,Queens,QN0802,Pomonok-Electchester-Hillcrest,323,2454.2,346.6,0.8728,2236.0,mixed,tract,36081124700,2,1.0,2107.6,2800.8
3173,892a100ec23ffff,Queens,QN0804,Jamaica Estates-Holliswood,75,2869.0,1322.6,0.9659,2537.2,mixed,tract,36081127700,2,1.0,1546.4,4191.6
3174,892a100ec27ffff,Queens,QN0804,Jamaica Estates-Holliswood,88,1850.8,104.5,0.4337,1049.7,block_group,block_group,360810464001,2,1.0,1746.3,1955.3
3175,892a100ec2bffff,Queens,QN0802,Pomonok-Electchester-Hillcrest,52,1825.0,897.0,0.4036,978.4,block_group,block_group,360811267001,1,1.0,928.0,2722.0
3176,892a100ec2fffff,Queens,QN0805,Jamaica Hills-Briarwood,113,1603.1,796.4,0.1986,501.1,block_group,block_group,360810456001,2,1.0,806.7,2399.5
3177,892a100ec33ffff,Queens,QN0804,Jamaica Estates-Holliswood,149,3130.0,1638.0,0.9899,2616.0,tract,tract,36081127700,1,1.0,1492.0,4768.0
3178,892a100ec37ffff,Queens,QN0804,Jamaica Estates-Holliswood,68,3056.5,1541.7,0.9839,2598.0,mixed,tract,36081127700,2,1.0,1514.8,4598.2
3179,892a100ec3bffff,Queens,QN0802,Pomonok-Electchester-Hillcrest,5,3130.0,1638.0,0.9899,2616.0,tract,tract,36081127700,1,1.0,1492.0,4768.0
3180,892a100ec43ffff,Queens,QN0802,Pomonok-Electchester-Hillcrest,278,2080.9,550.8,0.6502,1601.4,mixed,block_group,360811227043,4,1.0,1530.1,2631.7
3181,892a100ec47ffff,Queens,QN0802,Pomonok-Electchester-Hillcrest,204,2516.8,1002.6,0.8898,2291.0,mixed,block_group,360811241001,3,1.0,1514.2,3519.4
3182,892a100ec4bffff,Queens,QN0802,Pomonok-Electchester-Hillcrest,829,1971.9,443.8,0.5551,1346.0,block_group,block_group,360811227042,3,1.0,1528.1,2415.7
3183,892a100ec4fffff,Queens,QN0802,Pomonok-Electchester-Hillcrest,367,2132.8,746.2,0.7044,1735.8,block_group,block_group,360811241001,3,1.0,1386.6,2879.0
3184,892a100ec53ffff,Queens,QN0803,Fresh Meadows-Utopia,191,2202.0,1106.0,0.7633,1890.2,tract,tract,36081122300,1,1.0,1096.0,3308.0
3185,892a100ec57ffff,Queens,QN0802,Pomonok-Electchester-Hillcrest,180,2414.5,556.9,0.8627,2198.7,mixed,tract,36081124700,3,1.0,1857.6,2971.4
3186,892a100ec5bffff,Queens,QN0802,Pomonok-Electchester-Hillcrest,738,1179.9,149.4,0.0566,160.8,mixed,block_group,360811227034,3,1.0,1030.5,1329.3
3187,892a100ec63ffff,Queens,QN0802,Pomonok-Electchester-Hillcrest,277,2408.0,347.3,0.8597,2190.6,mixed,block_group,360811241002,5,1.0,2060.7,2755.3
3188,892a100ec67ffff,Queens,QN0802,Pomonok-Electchester-Hillcrest,134,1921.6,473.5,0.4976,1218.8,mixed,tract,360811267001,3,1.0,1448.1,2395.1
3189,892a100ec6bffff,Queens,QN0802,Pomonok-Electchester-Hillcrest,406,1985.1,218.6,0.5661,1378.4,mixed,block_group,360811257003,3,1.0,1766.5,2203.7
3190,892a100ec6fffff,Queens,QN0802,Pomonok-Electchester-Hillcrest,252,2059.8,401.5,0.6331,1554.1,mixed,tract,36081126500,4,1.0,1658.3,2461.3
3191,892a100ec73ffff,Queens,QN0802,Pomonok-Electchester-Hillcrest,301,2504.4,440.1,0.8867,2281.5,mixed,block_group,360811247003,3,1.0,2064.3,2944.5
3192,892a100ec77ffff,Queens,QN0802,Pomonok-Electchester-Hillcrest,50,2254.7,514.1,0.7918,1976.8,block_group,block_group,360811247003,2,1.0,1740.6,2768.8
3193,892a100ec7bffff,Queens,QN0802,Pomonok-Electchester-Hillcrest,320,2583.2,393.9,0.9118,2359.3,block_group,block_group,360811241002,3,1.0,2189.3,2977.1
3194,892a100ec83ffff,Queens,QN0803,Fresh Meadows-Utopia,37,2302.0,102.1,0.8162,2050.4,mixed,block_group,360811347011,2,1.0,2199.9,2404.1
3195,892a100ec87ffff,Queens,QN0803,Fresh Meadows-Utopia,198,2274.2,96.0,0.8021,2008.9,mixed,tract,36081133300,2,1.0,2178.2,2370.2
3196,892a100ec8bffff,Queens,QN0803,Fresh Meadows-Utopia,205,2479.7,1023.6,0.8806,2261.1,block_group,block_group,360811341001,3,1.0,1456.1,3503.3
3197,892a100ec8fffff,Queens,QN0803,Fresh Meadows-Utopia,178,2314.7,223.6,0.8241,2074.6,mixed,tract,36081133300,4,1.0,2091.1,2538.3
3198,892a100ec93ffff,Queens,QN0803,Fresh Meadows-Utopia,1414,2327.5,111.7,0.8306,2096.8,block_group,block_group,360811347013,2,1.0,2215.8,2439.2
3199,892a100ec97ffff,Queens,QN0803,Fresh Meadows-Utopia,621,2110.1,162.7,0.6836,1678.2,mixed,block_group,360811347021,3,1.0,1947.4,2272.8
3200,892a100ec9bffff,Queens,QN0803,Fresh Meadows-Utopia,738,2316.4,132.9,0.8255,2079.9,block_group,block_group,360811347011,2,1.0,2183.5,2449.3
3201,892a100eca3ffff,Queens,QN0804,Jamaica Estates-Holliswood,125,3130.0,1638.0,0.9899,2616.0,tract,tract,36081127700,1,1.0,1492.0,4768.0
3202,892a100eca7ffff,Queens,QN0804,Jamaica Estates-Holliswood,109,3130.0,1638.0,0.9899,2616.0,tract,tract,36081127700,1,1.0,1492.0,4768.0
3203,892a100ecabffff,Queens,QN0804,Jamaica Estates-Holliswood,129,3130.0,1638.0,0.9899,2616.0,tract,tract,36081127700,1,1.0,1492.0,4768.0
3204,892a100ecafffff,Queens,QN0804,Jamaica Estates-Holliswood,106,3130.0,1638.0,0.9899,2616.0,tract,tract,36081127700,1,1.0,1492.0,4768.0
3205,892a100ecb3ffff,Queens,QN0804,Jamaica Estates-Holliswood,151,3005.5,1399.4,0.9787,2581.4,mixed,tract,36081127700,3,1.0,1606.1,4404.9
3206,892a100ecb7ffff,Queens,QN0804,Jamaica Estates-Holliswood,141,3130.0,1638.0,0.9899,2616.0,tract,tract,36081127700,1,1.0,1492.0,4768.0
3207,892a100ecbbffff,Queens,QN0803,Fresh Meadows-Utopia,141,2450.1,346.1,0.8719,2232.6,tract,tract,36081133300,2,1.0,2104.0,2796.2
3208,892a100ecc3ffff,Queens,QN0803,Fresh Meadows-Utopia,214,2019.7,415.3,0.5951,1455.0,mixed,borough,36081,3,1.0,1604.4,2435.0
3209,892a100ecc7ffff,Queens,QN0803,Fresh Meadows-Utopia,239,2347.8,1790.1,0.8382,2123.0,mixed,block_group,360811341002,2,1.0,557.7,4137.9
3210,892a100eccbffff,Queens,QN0803,Fresh Meadows-Utopia,426,2063.6,966.7,0.6374,1565.8,mixed,block_group,360811223001,2,1.0,1096.9,3030.3
3211,892a100eccfffff,Queens,QN0803,Fresh Meadows-Utopia,183,2266.6,832.0,0.7976,1996.8,tract,tract,36081122300,2,1.0,1434.6,3098.6
3212,892a100ecd3ffff,Queens,QN0803,Fresh Meadows-Utopia,132,2318.8,833.2,0.8268,2084.6,mixed,block_group,360811341001,3,1.0,1485.6,3152.0
3213,892a100ecd7ffff,Queens,QN0803,Fresh Meadows-Utopia,178,2335.5,987.6,0.834,2109.5,mixed,block_group,360811341001,3,1.0,1347.9,3323.1
3214,892a100ecdbffff,Queens,QN0706,Queensboro Hill,141,2266.1,622.6,0.7974,1996.1,block_group,block_group,360811417005,3,1.0,1643.5,2888.7
3215,892a100ed03ffff,Queens,QN1201,Jamaica,451,2175.2,162.7,0.7371,1832.0,block_group,block_group,360810470002,2,1.0,2012.5,2337.9
3216,892a100ed07ffff,Queens,QN1201,Jamaica,91,1523.0,353.0,0.1579,399.9,block_group,block_group,360810404002,1,1.0,1170.0,1876.0
3217,892a100ed0bffff,Queens,QN1201,Jamaica,531,1827.9,126.4,0.407,986.3,block_group,block_group,360810468002,4,1.0,1701.5,1954.3
3218,892a100ed0fffff,Queens,QN1201,Jamaica,58,1940.2,142.7,0.5153,1260.8,block_group,block_group,360810468002,4,1.0,1797.5,2082.9
3219,892a100ed13ffff,Queens,QN1206,Hollis,357,1967.6,258.5,0.5516,1337.2,block_group,block_group,360810480001,4,1.0,1709.1,2226.1
3220,892a100ed17ffff,Queens,QN1206,Hollis,247,1963.1,234.9,0.5469,1323.2,block_group,block_group,360810480002,3,1.0,1728.2,2198.0
3221,892a100ed1bffff,Queens,QN1201,Jamaica,508,1986.9,214.6,0.5675,1381.6,block_group,block_group,360810470001,3,1.0,1772.3,2201.5
3222,892a100ed23ffff,Queens,QN1201,Jamaica,71,1510.0,202.0,0.1514,383.9,tract,tract,36081040400,1,1.0,1308.0,1712.0
3223,892a100ed27ffff,Queens,QN1205,St. Albans,119,1714.1,174.0,0.2887,715.0,mixed,block_group,360810402002,4,1.0,1540.1,1888.1
3224,892a100ed2bffff,Queens,QN1202,South Jamaica,301,1943.7,106.0,0.5189,1270.2,block_group,block_group,360810414001,2,1.0,1837.7,2049.7
3225,892a100ed2fffff,Queens,QN1202,South Jamaica,69,1707.2,90.8,0.2829,699.9,block_group,block_group,360810414001,2,1.0,1616.4,1798.0
3226,892a100ed33ffff,Queens,QN1205,St. Albans,376,1519.0,251.1,0.1566,396.2,mixed,block_group,360810404002,2,1.0,1267.9,1770.1
3227,892a100ed37ffff,Queens,QN1205,St. Albans,235,1628.2,118.1,0.2127,534.9,mixed,block_group,36081040400,3,1.0,1510.1,1746.3
3229,892a100ed43ffff,Queens,QN0804,Jamaica Estates-Holliswood,999,2047.7,101.2,0.6204,1523.1,block_group,block_group,360810466002,4,1.0,1946.5,2148.9
3230,892a100ed47ffff,Queens,QN1201,Jamaica,930,1882.8,133.5,0.4622,1126.1,block_group,block_group,360810462001,4,1.0,1749.3,2016.3
3231,892a100ed4bffff,Queens,QN0804,Jamaica Estates-Holliswood,690,1820.4,107.7,0.3992,968.1,block_group,block_group,360810458001,5,1.0,1712.7,1928.1
3232,892a100ed4fffff,Queens,QN1201,Jamaica,1564,2086.6,299.7,0.6594,1615.7,block_group,block_group,360810462003,4,1.0,1786.9,2386.3
3233,892a100ed53ffff,Queens,QN0804,Jamaica Estates-Holliswood,68,1897.6,112.4,0.4759,1162.1,block_group,block_group,360810464001,2,1.0,1785.2,2010.0
3234,892a100ed57ffff,Queens,QN0804,Jamaica Estates-Holliswood,778,2093.4,145.2,0.6653,1631.3,block_group,block_group,360810466002,3,1.0,1948.2,2238.6
3235,892a100ed5bffff,Queens,QN0804,Jamaica Estates-Holliswood,271,1853.4,106.8,0.4358,1055.9,block_group,block_group,360810464001,2,1.0,1746.6,1960.2
3236,892a100ed63ffff,Queens,QN1201,Jamaica,157,2065.2,681.9,0.6383,1569.0,block_group,block_group,360810444003,4,1.0,1383.3,2747.1
3237,892a100ed67ffff,Queens,QN1202,South Jamaica,328,2022.1,124.0,0.5977,1461.4,block_group,block_group,360810440003,4,1.0,1898.1,2146.1
3238,892a100ed6bffff,Queens,QN1201,Jamaica,296,1448.9,577.5,0.1238,319.5,block_group,block_group,360810444003,2,1.0,871.4,2026.4
3239,892a100ed6fffff,Queens,QN1202,South Jamaica,399,2126.2,334.9,0.6981,1718.1,block_group,block_group,360810440001,2,1.0,1791.3,2461.1
3240,892a100ed73ffff,Queens,QN1201,Jamaica,350,1672.0,244.6,0.249,620.6,block_group,block_group,360810444002,4,1.0,1427.4,1916.6
3241,892a100ed77ffff,Queens,QN1202,South Jamaica,156,2179.0,188.0,0.7417,1841.2,block_group,block_group,360810440003,1,1.0,1991.0,2367.0
3242,892a100ed7bffff,Queens,QN1201,Jamaica,846,1577.7,202.6,0.1832,462.6,block_group,block_group,360810444001,5,1.0,1375.1,1780.3
3243,892a100ed83ffff,Queens,QN1206,Hollis,210,1714.6,193.8,0.2896,717.3,block_group,block_group,360810482001,2,1.0,1520.8,1908.4
3244,892a100ed87ffff,Queens,QN1206,Hollis,617,1684.6,134.4,0.2616,650.9,block_group,block_group,360810500002,4,1.0,1550.2,1819.0
3245,892a100ed8bffff,Queens,QN0804,Jamaica Estates-Holliswood,555,1943.7,191.9,0.5189,1270.2,block_group,block_group,360810478012,4,1.0,1751.8,2135.6
3246,892a100ed8fffff,Queens,QN1206,Hollis,218,1843.7,165.6,0.4267,1030.8,block_group,block_group,360810482001,4,1.0,1678.1,2009.3
3247,892a100ed93ffff,Queens,QN0804,Jamaica Estates-Holliswood,307,1964.7,142.7,0.5488,1329.6,block_group,block_group,360810478012,4,1.0,1822.0,2107.4
3248,892a100ed97ffff,Queens,QN1206,Hollis,238,2152.4,469.2,0.7191,1779.9,block_group,block_group,360810484001,4,1.0,1683.2,2621.6
3249,892a100ed9bffff,Queens,QN0804,Jamaica Estates-Holliswood,79,1820.9,82.9,0.4,969.9,mixed,block_group,360810478012,2,1.0,1738.0,1903.8
3250,892a100eda3ffff,Queens,QN1206,Hollis,213,1654.4,173.6,0.231,579.2,mixed,block_group,360810502011,3,1.0,1480.8,1828.0
3251,892a100eda7ffff,Queens,QN1205,St. Albans,225,1765.2,116.7,0.3464,834.3,mixed,block_group,360810504001,3,1.0,1648.5,1881.9
3252,892a100edabffff,Queens,QN1205,St. Albans,271,1516.6,205.3,0.1548,391.9,mixed,block_group,360810404002,2,1.0,1311.3,1721.9
3253,892a100edafffff,Queens,QN1205,St. Albans,275,1619.2,113.4,0.2066,521.0,mixed,block_group,36081040400,3,1.0,1505.8,1732.6
3254,892a100edb3ffff,Queens,QN1206,Hollis,681,1706.4,105.5,0.2822,698.7,block_group,block_group,360810500001,4,1.0,1600.9,1811.9
3255,892a100edb7ffff,Queens,QN1206,Hollis,350,1809.4,160.5,0.39,940.9,mixed,block_group,360810504001,4,1.0,1648.9,1969.9
3256,892a100edbbffff,Queens,QN1206,Hollis,729,1649.0,222.3,0.2273,570.2,mixed,block_group,360810500002,3,1.0,1426.7,1871.3
3257,892a100edc3ffff,Queens,QN0804,Jamaica Estates-Holliswood,127,2343.7,625.5,0.8369,2119.0,block_group,block_group,360810472002,2,1.0,1718.2,2969.2
3258,892a100edc7ffff,Queens,QN0804,Jamaica Estates-Holliswood,356,1986.8,199.9,0.5671,1381.0,block_group,block_group,360810472003,4,1.0,1786.9,2186.7
3259,892a100edcbffff,Queens,QN0804,Jamaica Estates-Holliswood,107,1778.3,82.4,0.3548,858.1,block_group,block_group,360810472001,2,1.0,1695.9,1860.7
3260,892a100edcfffff,Queens,QN0804,Jamaica Estates-Holliswood,590,1839.9,73.0,0.4223,1019.2,block_group,block_group,360810472003,4,1.0,1766.9,1912.9
3261,892a100edd3ffff,Queens,QN0804,Jamaica Estates-Holliswood,80,2363.4,547.2,0.8443,2142.6,mixed,block_group,360810472002,2,1.0,1816.2,2910.6
3262,892a100edd7ffff,Queens,QN0804,Jamaica Estates-Holliswood,133,2247.7,439.4,0.7882,1968.1,mixed,block_group,360810472002,3,1.0,1808.3,2687.1
3263,892a100eddbffff,Queens,QN0804,Jamaica Estates-Holliswood,76,2878.0,1213.0,0.9672,2541.3,mixed,tract,36081127700,3,1.0,1665.0,4091.0
3264,892a100ee03ffff,Queens,QN0801,Kew Gardens Hills,351,2122.4,264.7,0.6938,1705.0,mixed,tract,36081077902,3,1.0,1857.7,2387.1
3265,892a100ee07ffff,Queens,QN0801,Kew Gardens Hills,308,1653.8,403.9,0.2302,577.5,block_group,block_group,360810779071,3,1.0,1249.9,2057.7
3266,892a100ee0bffff,Queens,QN0801,Kew Gardens Hills,449,1924.5,264.6,0.5001,1226.3,mixed,block_group,360810779025,2,1.0,1659.9,2189.1
3267,892a100ee0fffff,Queens,QN0801,Kew Gardens Hills,271,2410.7,277.1,0.861,2193.3,mixed,block_group,360810779022,2,1.0,2133.6,2687.8
3268,892a100ee13ffff,Queens,QN0801,Kew Gardens Hills,274,2213.7,256.4,0.7714,1912.2,mixed,block_group,360810779062,2,1.0,1957.3,2470.1
3269,892a100ee17ffff,Queens,QN0801,Kew Gardens Hills,968,1764.0,238.9,0.3448,830.1,block_group,block_group,360810779061,3,1.0,1525.1,2002.9
3270,892a100ee1bffff,Queens,QN0801,Kew Gardens Hills,377,2123.1,337.2,0.6949,1709.0,mixed,block_group,360810809003,5,1.0,1785.9,2460.3
3271,892a100ee23ffff,Queens,QN0801,Kew Gardens Hills,661,1744.8,259.4,0.3229,783.4,block_group,block_group,360810779031,4,1.0,1485.4,2004.2
3272,892a100ee27ffff,Queens,QN0801,Kew Gardens Hills,209,1775.6,182.3,0.3523,851.5,block_group,block_group,360810779032,2,1.0,1593.3,1957.9
3273,892a100ee2bffff,Queens,QN0801,Kew Gardens Hills,426,1972.1,260.2,0.5553,1346.7,mixed,block_group,360810779033,3,1.0,1711.9,2232.3
3274,892a100ee33ffff,Queens,QN0801,Kew Gardens Hills,515,2220.1,878.6,0.7759,1927.5,block_group,block_group,360810779072,4,1.0,1341.5,3098.7
3275,892a100ee37ffff,Queens,QN0801,Kew Gardens Hills,927,1877.2,478.8,0.458,1114.4,block_group,block_group,360810779043,3,1.0,1398.4,2356.0
3276,892a100ee3bffff,Queens,QN0801,Kew Gardens Hills,261,2819.2,360.6,0.9607,2519.2,block_group,block_group,360810779022,2,1.0,2458.6,3179.8
3277,892a100ee43ffff,Queens,QN0801,Kew Gardens Hills,210,1547.0,596.0,0.1674,424.1,block_group,block_group,360810809001,1,1.0,951.0,2143.0
3278,892a100ee47ffff,Queens,QN0801,Kew Gardens Hills,518,1822.6,329.7,0.4013,973.5,mixed,tract,36081077902,3,1.0,1492.9,2152.3
3279,892a100ee57ffff,Queens,QN0801,Kew Gardens Hills,762,1822.9,336.1,0.4018,974.7,mixed,tract,36081080900,2,1.0,1486.8,2159.0
3280,892a100ee77ffff,Queens,QN0801,Kew Gardens Hills,94,2023.6,396.7,0.5991,1465.9,mixed,tract,36081077902,2,1.0,1626.9,2420.3
3281,892a100ee83ffff,Queens,QN0802,Pomonok-Electchester-Hillcrest,1469,582.6,198.8,0.0061,58.9,block_group,block_group,360811227023,2,1.0,383.8,781.4
3282,892a100ee87ffff,Queens,QN0802,Pomonok-Electchester-Hillcrest,1096,874.5,252.5,0.0218,89.5,block_group,block_group,360811227022,3,1.0,622.0,1127.0
3283,892a100ee8bffff,Queens,QN0801,Kew Gardens Hills,510,2155.0,1401.0,0.7207,1785.1,block_group,block_group,360810809006,1,1.0,754.0,3556.0
3284,892a100ee8fffff,Queens,QN0801,Kew Gardens Hills,332,1716.0,348.0,0.2911,720.2,block_group,block_group,360810779061,1,1.0,1368.0,2064.0
3285,892a100ee93ffff,Queens,QN0802,Pomonok-Electchester-Hillcrest,97,2038.1,492.9,0.6126,1503.2,block_group,block_group,360811227025,3,1.0,1545.2,2531.0
3286,892a100ee97ffff,Queens,QN0802,Pomonok-Electchester-Hillcrest,793,1481.0,230.0,0.1375,348.6,block_group,block_group,360811227032,1,1.0,1251.0,1711.0
3288,892a100eea3ffff,Queens,QN0801,Kew Gardens Hills,770,2270.7,192.6,0.8008,2004.8,block_group,block_group,360810779081,2,1.0,2078.1,2463.3
3289,892a100eea7ffff,Queens,QN0802,Pomonok-Electchester-Hillcrest,347,1955.6,110.1,0.5317,1303.0,mixed,tract,36081125700,5,1.0,1845.5,2065.7
3290,892a100eeabffff,Queens,QN0801,Kew Gardens Hills,683,1886.4,142.4,0.4651,1134.2,block_group,block_group,360810779082,4,1.0,1744.0,2028.8
3291,892a100eeafffff,Queens,QN0801,Kew Gardens Hills,429,2297.2,409.1,0.8132,2040.3,mixed,tract,36081077904,5,1.0,1888.1,2706.3
3292,892a100eeb3ffff,Queens,QN0802,Pomonok-Electchester-Hillcrest,826,1973.5,278.3,0.5573,1351.7,block_group,block_group,360811227041,3,1.0,1695.2,2251.8
3293,892a100eeb7ffff,Queens,QN0802,Pomonok-Electchester-Hillcrest,360,1953.3,161.2,0.5281,1292.9,mixed,block_group,360811257001,4,1.0,1792.1,2114.5
3294,892a100eebbffff,Queens,QN0802,Pomonok-Electchester-Hillcrest,671,1720.3,329.5,0.2955,731.3,block_group,block_group,360810779082,3,1.0,1390.8,2049.8
3295,892a100eec3ffff,Queens,QN0801,Kew Gardens Hills,177,2070.0,348.0,0.6423,1580.6,tract,tract,36081080900,1,1.0,1722.0,2418.0
3296,892a100eec7ffff,Queens,QN0801,Kew Gardens Hills,422,2070.0,348.0,0.6423,1580.6,tract,tract,36081080900,1,1.0,1722.0,2418.0
3297,892a100eed3ffff,Queens,QN0801,Kew Gardens Hills,53,2086.0,291.0,0.6585,1614.4,block_group,block_group,360810803023,1,1.0,1795.0,2377.0
3298,892a100eed7ffff,Queens,QN0801,Kew Gardens Hills,108,2070.0,348.0,0.6423,1580.6,tract,tract,36081080900,1,1.0,1722.0,2418.0
3300,892a100f007ffff,Queens,QN0101,Astoria (North)-Ditmars-Steinway,8,2553.8,361.9,0.9036,2330.6,block_group,block_group,360810123011,2,1.0,2191.9,2915.7
3302,892a100f00fffff,Queens,QN0101,Astoria (North)-Ditmars-Steinway,84,2516.0,281.0,0.8895,2290.4,block_group,block_group,360810123011,1,1.0,2235.0,2797.0
3305,892a100f023ffff,Queens,QN0101,Astoria (North)-Ditmars-Steinway,200,2473.1,257.1,0.8789,2255.0,block_group,block_group,360810123013,2,1.0,2216.0,2730.2
3306,892a100f027ffff,Queens,QN0101,Astoria (North)-Ditmars-Steinway,483,2108.2,332.5,0.6812,1672.3,block_group,block_group,360810317002,4,1.0,1775.7,2440.7
3307,892a100f02bffff,Queens,QN0101,Astoria (North)-Ditmars-Steinway,568,2537.4,599.9,0.8973,2310.1,block_group,block_group,360810123012,3,1.0,1937.5,3137.3
3308,892a100f02fffff,Queens,QN0101,Astoria (North)-Ditmars-Steinway,492,2242.8,188.1,0.7862,1962.1,block_group,block_group,360810135001,3,1.0,2054.7,2430.9
3310,892a100f037ffff,Queens,QN0101,Astoria (North)-Ditmars-Steinway,267,2175.3,636.2,0.7373,1832.6,block_group,block_group,360810317002,2,1.0,1539.1,2811.5
3311,892a100f03bffff,Queens,QN0101,Astoria (North)-Ditmars-Steinway,73,2658.7,1112.6,0.9351,2433.2,block_group,block_group,360810123012,2,1.0,1546.1,3771.3
3312,892a100f043ffff,Queens,QN0101,Astoria (North)-Ditmars-Steinway,65,2410.0,254.0,0.8605,2192.6,block_group,block_group,360810105003,1,1.0,2156.0,2664.0
3313,892a100f047ffff,Queens,QN0101,Astoria (North)-Ditmars-Steinway,253,2422.8,162.8,0.8651,2206.8,block_group,block_group,360810111001,2,1.0,2260.0,2585.6
3314,892a100f04bffff,Queens,QN0101,Astoria (North)-Ditmars-Steinway,839,1716.8,144.2,0.2921,723.1,block_group,block_group,360810105002,4,1.0,1572.6,1861.0
3315,892a100f04fffff,Queens,QN0101,Astoria (North)-Ditmars-Steinway,945,2190.5,141.6,0.75,1865.0,block_group,block_group,360810105003,4,1.0,2048.9,2332.1
3319,892a100f063ffff,Queens,QN0101,Astoria (North)-Ditmars-Steinway,1208,2254.6,228.7,0.7916,1976.1,block_group,block_group,360810113002,5,1.0,2025.9,2483.3
3320,892a100f067ffff,Queens,QN0101,Astoria (North)-Ditmars-Steinway,867,2201.0,149.2,0.7624,1887.6,block_group,block_group,360810121002,6,1.0,2051.8,2350.2
3321,892a100f06bffff,Queens,QN0101,Astoria (North)-Ditmars-Steinway,375,2449.5,736.6,0.8714,2230.5,block_group,block_group,360810115002,5,1.0,1712.9,3186.1
3322,892a100f06fffff,Queens,QN0101,Astoria (North)-Ditmars-Steinway,881,2294.6,322.2,0.8122,2037.0,block_group,block_group,360810117001,5,1.0,1972.4,2616.8
3323,892a100f073ffff,Queens,QN0101,Astoria (North)-Ditmars-Steinway,490,2276.5,156.5,0.8044,2014.2,block_group,block_group,360810111002,3,1.0,2120.0,2433.0
3324,892a100f077ffff,Queens,QN0101,Astoria (North)-Ditmars-Steinway,655,2493.5,246.5,0.8836,2271.3,block_group,block_group,360810123011,4,1.0,2247.0,2740.0
3325,892a100f07bffff,Queens,QN0101,Astoria (North)-Ditmars-Steinway,1501,2234.4,148.3,0.7806,1944.8,block_group,block_group,360810113001,5,1.0,2086.1,2382.7
3332,892a100f103ffff,Queens,QN0302,East Elmhurst,368,1907.1,186.6,0.4852,1185.7,block_group,block_group,360810329001,2,1.0,1720.5,2093.7
3333,892a100f107ffff,Queens,QN0301,Jackson Heights,508,2227.4,385.2,0.7783,1936.1,block_group,block_group,360810337001,5,1.0,1842.2,2612.6
3334,892a100f10bffff,Queens,QN0301,Jackson Heights,389,1867.0,573.5,0.449,1089.7,block_group,block_group,360810309042,3,1.0,1293.5,2440.5
3335,892a100f10fffff,Queens,QN0301,Jackson Heights,601,2217.7,313.4,0.7743,1921.5,block_group,block_group,360810327001,5,1.0,1904.3,2531.1
3336,892a100f113ffff,Queens,QN0302,East Elmhurst,155,2076.2,202.6,0.6475,1592.3,block_group,block_group,360810329002,2,1.0,1873.6,2278.8
3337,892a100f117ffff,Queens,QN0302,East Elmhurst,325,2268.1,278.1,0.7994,2000.8,block_group,block_group,360810329002,4,1.0,1990.0,2546.2
3338,892a100f11bffff,Queens,QN0302,East Elmhurst,37,2119.8,180.8,0.6923,1700.4,block_group,block_group,360810329003,3,1.0,1939.0,2300.6
3339,892a100f123ffff,Queens,QN0301,Jackson Heights,848,1945.5,323.5,0.5215,1275.3,block_group,block_group,360810279001,5,1.0,1622.0,2269.0
3340,892a100f127ffff,Queens,QN0301,Jackson Heights,1708,1621.2,124.3,0.208,524.3,block_group,block_group,360810277023,7,1.0,1496.9,1745.5
3341,892a100f12bffff,Queens,QN0301,Jackson Heights,1047,2036.3,132.8,0.6107,1498.7,mixed,block_group,360810283001,6,1.0,1903.5,2169.1
3342,892a100f12fffff,Queens,QN0301,Jackson Heights,1675,2095.4,114.7,0.6673,1638.4,mixed,block_group,360810281002,5,1.0,1980.7,2210.1
3343,892a100f133ffff,Queens,QN0301,Jackson Heights,1259,1883.6,131.9,0.4628,1127.3,mixed,block_group,360810351002,5,1.0,1751.7,2015.5
3344,892a100f137ffff,Queens,QN0301,Jackson Heights,1632,1428.8,247.0,0.117,301.5,mixed,tract,36081027500,5,1.0,1181.8,1675.8
3345,892a100f13bffff,Queens,QN0301,Jackson Heights,693,2392.2,489.5,0.8537,2173.0,block_group,block_group,360810337002,4,1.0,1902.7,2881.7
3346,892a100f143ffff,Queens,QN0301,Jackson Heights,31,2132.2,249.4,0.704,1734.5,block_group,block_group,360810317005,2,1.0,1882.8,2381.6
3347,892a100f147ffff,Queens,QN0301,Jackson Heights,382,1756.7,712.8,0.3378,812.9,block_group,block_group,360810309041,2,1.0,1043.9,2469.5
3348,892a100f14fffff,Queens,QN0301,Jackson Heights,86,2024.0,237.0,0.5993,1466.5,block_group,block_group,360810309051,1,1.0,1787.0,2261.0
3349,892a100f153ffff,Queens,QN0101,Astoria (North)-Ditmars-Steinway,704,2098.4,42.1,0.67,1646.3,block_group,block_group,360810317004,2,1.0,2056.3,2140.5
3350,892a100f157ffff,Queens,QN0301,Jackson Heights,172,1918.5,291.8,0.4954,1211.3,block_group,block_group,360810309041,2,1.0,1626.7,2210.3
3351,892a100f15bffff,Queens,QN0101,Astoria (North)-Ditmars-Steinway,402,2071.0,406.0,0.6433,1582.6,block_group,block_group,360810317005,1,1.0,1665.0,2477.0
3352,892a100f163ffff,Queens,QN0301,Jackson Heights,586,2073.5,267.1,0.6464,1589.1,block_group,block_group,360810309032,6,1.0,1806.4,2340.6
3353,892a100f167ffff,Queens,QN0301,Jackson Heights,502,1677.7,386.4,0.2538,634.3,block_group,block_group,360810287004,4,1.0,1291.3,2064.1
3354,892a100f16bffff,Queens,QN0301,Jackson Heights,560,2290.6,238.6,0.8105,2033.6,block_group,block_group,360810309052,4,1.0,2052.0,2529.2
3355,892a100f16fffff,Queens,QN0301,Jackson Heights,563,1915.3,257.8,0.4935,1206.3,block_group,block_group,360810309062,4,1.0,1657.5,2173.1
3356,892a100f173ffff,Queens,QN0301,Jackson Heights,556,1714.6,547.9,0.2896,717.3,block_group,block_group,360810309031,2,1.0,1166.7,2262.5
3357,892a100f177ffff,Queens,QN0301,Jackson Heights,779,2074.3,352.8,0.6468,1590.4,block_group,block_group,360810309032,5,1.0,1721.5,2427.1
3358,892a100f17bffff,Queens,QN0301,Jackson Heights,506,2137.8,246.4,0.7078,1746.3,block_group,block_group,360810309052,4,1.0,1891.4,2384.2
3359,892a100f183ffff,Queens,QN0302,East Elmhurst,274,2046.2,313.1,0.6194,1519.9,block_group,block_group,360810357001,3,1.0,1733.1,2359.3
3360,892a100f187ffff,Queens,QN0302,East Elmhurst,391,2187.6,423.3,0.7489,1861.1,block_group,block_group,360810357001,2,1.0,1764.3,2610.9
3361,892a100f18bffff,Queens,QN0302,East Elmhurst,139,2299.5,937.3,0.8144,2044.4,block_group,block_group,360810347002,2,1.0,1362.2,3236.8
3362,892a100f18fffff,Queens,QN0302,East Elmhurst,527,2233.1,528.1,0.7801,1942.8,block_group,block_group,360810347002,4,1.0,1705.0,2761.2
3363,892a100f193ffff,Queens,QN0302,East Elmhurst,27,2600.0,871.0,0.9168,2375.7,block_group,block_group,360810357002,1,1.0,1729.0,3471.0
3364,892a100f197ffff,Queens,QN0302,East Elmhurst,286,2424.4,655.3,0.8658,2209.5,block_group,block_group,360810357002,2,1.0,1769.1,3079.7
3365,892a100f19bffff,Queens,QN0302,East Elmhurst,34,2299.0,958.0,0.814,2043.0,block_group,block_group,360810347002,1,1.0,1341.0,3257.0
3366,892a100f1a3ffff,Queens,QN0302,East Elmhurst,538,1892.5,274.6,0.4708,1148.4,block_group,block_group,360810353001,4,1.0,1617.9,2167.1
3367,892a100f1a7ffff,Queens,QN0302,East Elmhurst,509,1945.2,387.8,0.5212,1274.6,block_group,block_group,360810361002,5,1.0,1557.4,2333.0
3368,892a100f1abffff,Queens,QN0301,Jackson Heights,528,1946.6,146.0,0.5229,1279.1,block_group,block_group,360810351003,7,1.0,1800.6,2092.6
3369,892a100f1afffff,Queens,QN0302,East Elmhurst,936,1725.0,100.7,0.3003,741.8,block_group,block_group,360810351002,4,1.0,1624.3,1825.7
3370,892a100f1b3ffff,Queens,QN0302,East Elmhurst,467,2074.5,100.5,0.647,1591.0,block_group,block_group,360810367002,4,1.0,1974.0,2175.0
3371,892a100f1b7ffff,Queens,QN0302,East Elmhurst,446,1724.0,148.3,0.2994,740.0,block_group,block_group,360810363001,3,1.0,1575.7,1872.3
3372,892a100f1bbffff,Queens,QN0302,East Elmhurst,418,1990.8,257.4,0.5701,1389.9,block_group,block_group,360810361001,4,1.0,1733.4,2248.2
3373,892a100f1cbffff,Queens,QN0101,Astoria (North)-Ditmars-Steinway,478,1998.8,355.5,0.575,1403.9,block_group,block_group,360810317002,2,1.0,1643.3,2354.3
3374,892a100f223ffff,Queens,QN0102,Old Astoria-Hallets Point,1163,2139.6,293.4,0.7095,1750.3,block_group,block_group,360810083001,5,1.0,1846.2,2433.0
3375,892a100f227ffff,Queens,QN0103,Astoria (Central),1337,2240.0,208.7,0.7841,1956.8,block_group,block_group,360810071003,5,1.0,2031.3,2448.7
3376,892a100f22bffff,Queens,QN0102,Old Astoria-Hallets Point,739,2001.3,466.0,0.5773,1410.3,block_group,block_group,360810083002,3,1.0,1535.3,2467.3
3377,892a100f22fffff,Queens,QN0102,Old Astoria-Hallets Point,958,2284.3,307.0,0.8079,2024.9,block_group,block_group,360810079001,3,1.0,1977.3,2591.3
3378,892a100f237ffff,Queens,QN0103,Astoria (Central),1023,2311.9,432.3,0.8216,2067.8,block_group,block_group,360810069002,3,1.0,1879.6,2744.2
3379,892a100f23bffff,Queens,QN0102,Old Astoria-Hallets Point,1079,2478.2,241.7,0.88,2259.1,block_group,block_group,360810091001,4,1.0,2236.5,2719.9
3380,892a100f24bffff,Manhattan,MN0803,Upper East Side-Yorkville,1236,1843.3,374.3,0.4263,1029.5,block_group,block_group,360610152001,3,1.0,1469.0,2217.6
3381,892a100f25bffff,Manhattan,MN1101,East Harlem (South),1464,1061.3,339.1,0.0377,124.4,mixed,tract,36061016200,2,1.0,722.2,1400.4
3382,892a100f263ffff,Queens,QN0102,Old Astoria-Hallets Point,52,1499.0,330.0,0.1458,369.1,block_group,block_group,360810087002,1,1.0,1169.0,1829.0
3383,892a100f267ffff,Queens,QN0102,Old Astoria-Hallets Point,1171,876.4,420.9,0.0226,91.1,block_group,block_group,360810087003,2,1.0,455.5,1297.3
3384,892a100f277ffff,Queens,QN0102,Old Astoria-Hallets Point,1601,1422.7,299.9,0.1138,294.9,block_group,block_group,360810087002,2,1.0,1122.8,1722.6
3385,892a100f287ffff,Queens,QN0101,Astoria (North)-Ditmars-Steinway,539,2063.8,407.3,0.6376,1566.4,block_group,block_group,360810103001,2,1.0,1656.5,2471.1
3386,892a100f2a3ffff,Queens,QN0101,Astoria (North)-Ditmars-Steinway,682,2153.8,356.3,0.72,1782.5,block_group,block_group,360810101001,5,1.0,1797.5,2510.1
3387,892a100f2a7ffff,Queens,QN0101,Astoria (North)-Ditmars-Steinway,891,2297.2,176.5,0.8132,2040.3,block_group,block_group,360810097004,5,1.0,2120.7,2473.7
3388,892a100f2afffff,Queens,QN0101,Astoria (North)-Ditmars-Steinway,775,2544.0,149.7,0.8999,2319.0,block_group,block_group,360810095002,3,1.0,2394.3,2693.7
3389,892a100f2b3ffff,Queens,QN0101,Astoria (North)-Ditmars-Steinway,771,2079.6,129.9,0.6491,1597.5,block_group,block_group,360810103002,4,1.0,1949.7,2209.5
3390,892a100f2b7ffff,Queens,QN0101,Astoria (North)-Ditmars-Steinway,709,2173.9,141.3,0.7357,1828.0,block_group,block_group,360810101002,5,1.0,2032.6,2315.2
3391,892a100f303ffff,Queens,QN0104,Astoria (East)-Woodside (North),1006,2185.7,79.7,0.7475,1857.8,block_group,block_group,360810149001,5,1.0,2106.0,2265.4
3392,892a100f307ffff,Queens,QN0104,Astoria (East)-Woodside (North),914,2113.4,205.2,0.6866,1686.1,block_group,block_group,360810151002,3,1.0,1908.2,2318.6
3393,892a100f30bffff,Queens,QN0103,Astoria (Central),914,2425.9,180.3,0.8667,2212.9,block_group,block_group,360810063004,6,1.0,2245.6,2606.2
3394,892a100f30fffff,Queens,QN0104,Astoria (East)-Woodside (North),1112,2255.9,164.2,0.7924,1978.8,block_group,block_group,360810155001,5,1.0,2091.7,2420.1
3395,892a100f313ffff,Queens,QN0104,Astoria (East)-Woodside (North),1375,2046.8,107.3,0.6199,1521.2,block_group,block_group,360810143001,5,1.0,1939.5,2154.1
3396,892a100f317ffff,Queens,QN0104,Astoria (East)-Woodside (North),992,2127.6,202.5,0.6993,1721.4,block_group,block_group,360810147001,6,1.0,1925.1,2330.1
3397,892a100f31bffff,Queens,QN0103,Astoria (Central),1036,2266.9,76.9,0.7978,1997.5,block_group,block_group,360810065021,7,1.0,2190.0,2343.8
3398,892a100f323ffff,Queens,QN0104,Astoria (East)-Woodside (North),407,787.4,147.8,0.0175,80.4,block_group,block_group,360810163002,2,1.0,639.6,935.2
3399,892a100f327ffff,Queens,QN0203,Woodside,33,2129.0,382.0,0.7011,1726.6,block_group,block_group,360810255001,1,1.0,1747.0,2511.0
3400,892a100f32bffff,Queens,QN0104,Astoria (East)-Woodside (North),747,2015.6,252.5,0.5907,1442.8,block_group,block_group,360810161001,4,1.0,1763.1,2268.1
3401,892a100f333ffff,Queens,QN0104,Astoria (East)-Woodside (North),1267,947.4,128.8,0.0285,103.9,block_group,block_group,360810163003,4,1.0,818.6,1076.2
3402,892a100f337ffff,Queens,QN0104,Astoria (East)-Woodside (North),520,2097.1,278.9,0.6691,1643.0,block_group,block_group,360810295002,2,1.0,1818.2,2376.0
3403,892a100f33bffff,Queens,QN0104,Astoria (East)-Woodside (North),774,2284.8,259.0,0.8082,2026.3,block_group,block_group,360810153001,4,1.0,2025.8,2543.8
3404,892a100f343ffff,Queens,QN0103,Astoria (Central),1969,2274.1,190.2,0.8018,2008.2,block_group,block_group,360810073003,9,1.0,2083.9,2464.3
3405,892a100f347ffff,Queens,QN0103,Astoria (Central),2272,2105.8,133.3,0.6793,1667.1,block_group,block_group,360810061002,6,1.0,1972.5,2239.1
3406,892a100f34bffff,Queens,QN0103,Astoria (Central),1857,1961.8,292.1,0.5448,1318.2,block_group,block_group,360810075001,3,1.0,1669.7,2253.9
3407,892a100f34fffff,Queens,QN0103,Astoria (Central),1486,2237.0,170.6,0.7821,1950.1,block_group,block_group,360810053001,8,1.0,2066.4,2407.6
3408,892a100f353ffff,Queens,QN0103,Astoria (Central),1215,2389.9,185.3,0.853,2170.3,block_group,block_group,360810073001,6,1.0,2204.6,2575.2
3409,892a100f357ffff,Queens,QN0103,Astoria (Central),1838,2184.5,183.8,0.7451,1852.5,block_group,block_group,360810063002,5,1.0,2000.7,2368.3
3410,892a100f35bffff,Queens,QN0103,Astoria (Central),1517,2238.9,122.6,0.783,1953.4,block_group,block_group,360810073002,5,1.0,2116.3,2361.5
3411,892a100f363ffff,Queens,QN0103,Astoria (Central),749,2300.8,79.0,0.8154,2048.4,block_group,block_group,360810157001,5,1.0,2221.8,2379.8
3412,892a100f367ffff,Queens,QN0104,Astoria (East)-Woodside (North),1161,1930.1,233.8,0.504,1238.2,block_group,block_group,360810159003,3,1.0,1696.3,2163.9
3413,892a100f36bffff,Queens,QN0103,Astoria (Central),1213,2225.3,102.7,0.7776,1933.4,block_group,block_group,360810057003,3,1.0,2122.6,2328.0
3414,892a100f36fffff,Queens,QN0104,Astoria (East)-Woodside (North),371,2123.4,115.0,0.6955,1710.3,block_group,block_group,360810157001,3,1.0,2008.4,2238.4
3415,892a100f373ffff,Queens,QN0103,Astoria (Central),836,2663.0,174.9,0.9365,2437.4,block_group,block_group,360810061004,6,1.0,2488.1,2837.9
3416,892a100f377ffff,Queens,QN0104,Astoria (East)-Woodside (North),1422,2031.9,97.1,0.606,1484.5,block_group,block_group,360810159004,6,1.0,1934.8,2129.0
3417,892a100f37bffff,Queens,QN0103,Astoria (Central),1364,2401.7,79.6,0.8577,2183.8,block_group,block_group,360810059002,4,1.0,2322.1,2481.3
3418,892a100f383ffff,Queens,QN0101,Astoria (North)-Ditmars-Steinway,212,2574.7,187.6,0.9103,2353.8,block_group,block_group,360810137001,2,1.0,2387.1,2762.3
3419,892a100f38bffff,Queens,QN0104,Astoria (East)-Woodside (North),886,2006.2,176.6,0.5825,1422.4,block_group,block_group,360810141002,5,1.0,1829.6,2182.8
3420,892a100f38fffff,Queens,QN0104,Astoria (East)-Woodside (North),663,1981.7,523.6,0.5638,1372.0,block_group,block_group,360810145002,4,1.0,1458.1,2505.3
3421,892a100f393ffff,Queens,QN0101,Astoria (North)-Ditmars-Steinway,600,2369.7,178.7,0.8463,2148.6,block_group,block_group,360810137001,4,1.0,2191.0,2548.4
3422,892a100f397ffff,Queens,QN0101,Astoria (North)-Ditmars-Steinway,317,2423.0,147.8,0.8652,2207.5,block_group,block_group,360810137001,3,1.0,2275.2,2570.8
3423,892a100f39bffff,Queens,QN0101,Astoria (North)-Ditmars-Steinway,851,2276.9,128.2,0.8048,2015.5,block_group,block_group,360810119002,4,1.0,2148.7,2405.1
3424,892a100f3a3ffff,Queens,QN0104,Astoria (East)-Woodside (North),16,2694.0,397.0,0.9405,2451.1,block_group,block_group,360810297001,1,1.0,2297.0,3091.0
3425,892a100f3a7ffff,Queens,QN0104,Astoria (East)-Woodside (North),228,2218.8,293.2,0.775,1924.1,block_group,block_group,360810309061,2,1.0,1925.6,2512.0
3426,892a100f3abffff,Queens,QN0104,Astoria (East)-Woodside (North),631,2603.5,304.3,0.9179,2379.8,block_group,block_group,360810163001,4,1.0,2299.2,2907.8
3427,892a100f3afffff,Queens,QN0104,Astoria (East)-Woodside (North),1191,1121.4,82.3,0.047,137.7,block_group,block_group,360810295001,3,1.0,1039.1,1203.7
3428,892a100f3b7ffff,Queens,QN0301,Jackson Heights,402,2299.8,282.5,0.8145,2045.0,block_group,block_group,360810309052,2,1.0,2017.3,2582.3
3429,892a100f3bbffff,Queens,QN0104,Astoria (East)-Woodside (North),304,2335.6,667.6,0.8342,2110.2,block_group,block_group,360810297001,3,1.0,1668.0,3003.2
3430,892a100f3c3ffff,Queens,QN0101,Astoria (North)-Ditmars-Steinway,558,2147.4,143.2,0.7155,1767.4,block_group,block_group,360810125001,5,1.0,2004.2,2290.6
3431,892a100f3c7ffff,Queens,QN0103,Astoria (Central),1520,2117.1,159.9,0.69,1695.2,block_group,block_group,360810065023,3,1.0,1957.2,2277.0
3432,892a100f3cbffff,Queens,QN0103,Astoria (Central),1395,2354.1,312.6,0.8403,2129.8,block_group,block_group,360810069001,4,1.0,2041.5,2666.7
3433,892a100f3cfffff,Queens,QN0103,Astoria (Central),2174,2159.7,96.9,0.7251,1798.3,block_group,block_group,360810065011,6,1.0,2062.8,2256.6
3434,892a100f3d3ffff,Queens,QN0101,Astoria (North)-Ditmars-Steinway,947,2232.1,208.8,0.7797,1941.4,block_group,block_group,360810115001,4,1.0,2023.3,2440.9
3435,892a100f3d7ffff,Queens,QN0101,Astoria (North)-Ditmars-Steinway,666,2254.8,241.3,0.792,1977.4,block_group,block_group,360810117003,5,1.0,2013.5,2496.1
3436,892a100f3dbffff,Queens,QN0101,Astoria (North)-Ditmars-Steinway,1050,2104.0,296.6,0.676,1661.9,block_group,block_group,360810095001,5,1.0,1807.4,2400.6
3445,892a100f4c3ffff,Bronx,BX0201,Hunts Point,1,1458.0,16.0,0.1281,327.8,borough,borough,36005,1,1.0,1442.0,1474.0
3449,892a100f4d3ffff,Bronx,BX0201,Hunts Point,27,1490.6,114.9,0.1429,361.7,mixed,tract,36005009301,2,1.0,1375.7,1605.5
3451,892a100f4dbffff,Bronx,BX0201,Hunts Point,29,1361.1,307.4,0.0953,250.5,mixed,block_group,360050093012,2,1.0,1053.7,1668.5
3455,892a100f613ffff,Bronx,BX0101,Mott Haven-Port Morris,231,2041.0,271.0,0.6157,1510.9,block_group,block_group,360050019021,1,1.0,1770.0,2312.0
3457,892a100f61bffff,Bronx,BX0101,Mott Haven-Port Morris,75,2041.0,271.0,0.6157,1510.9,block_group,block_group,360050019021,1,1.0,1770.0,2312.0
3459,892a100f64bffff,Manhattan,MN1102,East Harlem (North),14,1873.0,923.0,0.4548,1105.7,block_group,block_group,360610242003,1,1.0,950.0,2796.0
3460,892a100f653ffff,Bronx,BX0101,Mott Haven-Port Morris,151,2041.0,271.0,0.6157,1510.9,block_group,block_group,360050019021,1,1.0,1770.0,2312.0
3463,892a100f683ffff,Bronx,BX0101,Mott Haven-Port Morris,12,2041.0,271.0,0.6157,1510.9,block_group,block_group,360050019021,1,1.0,1770.0,2312.0
3464,892a100f68bffff,Bronx,BX0101,Mott Haven-Port Morris,114,2041.0,271.0,0.6157,1510.9,block_group,block_group,360050019021,1,1.0,1770.0,2312.0
3468,892a100f69bffff,Bronx,BX0101,Mott Haven-Port Morris,53,1373.0,14.0,0.0992,260.5,block_group,block_group,360050033001,1,1.0,1359.0,1387.0
3469,892a100f6c3ffff,Bronx,BX0101,Mott Haven-Port Morris,1325,1281.9,200.5,0.0768,204.6,block_group,block_group,360050039001,6,1.0,1081.4,1482.4
3470,892a100f6c7ffff,Bronx,BX0101,Mott Haven-Port Morris,1387,888.0,271.5,0.0235,93.2,block_group,block_group,360050027011,4,1.0,616.5,1159.5
3471,892a100f6cbffff,Bronx,BX0101,Mott Haven-Port Morris,1126,1162.9,272.3,0.0541,154.8,mixed,block_group,360050025004,5,1.0,890.6,1435.2
3472,892a100f6cfffff,Bronx,BX0101,Mott Haven-Port Morris,1927,1257.1,232.8,0.0704,191.7,block_group,block_group,360050025002,3,1.0,1024.3,1489.9
3473,892a100f6d3ffff,Bronx,BX0101,Mott Haven-Port Morris,1372,1515.6,761.6,0.1543,390.9,mixed,block_group,360050041001,5,1.0,754.0,2277.2
3474,892a100f6d7ffff,Bronx,BX0101,Mott Haven-Port Morris,1945,1286.5,106.1,0.0779,207.0,mixed,block_group,360050027021,7,1.0,1180.4,1392.6
3475,892a100f6dbffff,Bronx,BX0101,Mott Haven-Port Morris,1293,1166.8,220.2,0.0549,156.7,mixed,block_group,360050041002,5,1.0,946.6,1387.0
3476,892a1018923ffff,Bronx,BX1203,Wakefield-Woodlawn,85,2020.0,331.0,0.5955,1455.6,block_group,block_group,360050414004,1,1.0,1689.0,2351.0
3477,892a1018927ffff,Bronx,BX1203,Wakefield-Woodlawn,528,1859.5,198.9,0.4427,1073.1,mixed,tract,36005041400,3,1.0,1660.6,2058.4
3478,892a101892fffff,Bronx,BX1203,Wakefield-Woodlawn,102,2020.0,331.0,0.5955,1455.6,block_group,block_group,360050414004,1,1.0,1689.0,2351.0
3479,892a1018933ffff,Bronx,BX1203,Wakefield-Woodlawn,10,2020.0,331.0,0.5955,1455.6,block_group,block_group,360050414004,1,1.0,1689.0,2351.0
3480,892a1018937ffff,Bronx,BX1203,Wakefield-Woodlawn,539,1990.2,293.7,0.5694,1387.3,block_group,block_group,360050414002,3,1.0,1696.5,2283.9
3482,892a10189afffff,Bronx,BX1203,Wakefield-Woodlawn,415,1682.9,178.5,0.2591,645.2,mixed,block_group,360050414003,4,1.0,1504.4,1861.4
3483,892a1018b47ffff,Bronx,BX0803,Riverdale-Spuyten Duyvil,355,1756.9,53.9,0.3384,814.1,block_group,block_group,360050343002,3,1.0,1703.0,1810.8
3484,892a1018b4fffff,Bronx,BX0803,Riverdale-Spuyten Duyvil,349,2187.4,310.9,0.7487,1860.4,mixed,block_group,360050337002,4,1.0,1876.5,2498.3
3485,892a1018b63ffff,Bronx,BX0803,Riverdale-Spuyten Duyvil,701,1663.9,121.7,0.2413,603.0,block_group,block_group,360050345001,2,1.0,1542.2,1785.6
3486,892a1018b6bffff,Bronx,BX0803,Riverdale-Spuyten Duyvil,341,2077.4,156.4,0.6486,1595.6,block_group,block_group,360050337003,3,1.0,1921.0,2233.8
3487,892a1018b6fffff,Bronx,BX0803,Riverdale-Spuyten Duyvil,685,1486.2,191.2,0.1407,356.5,block_group,block_group,360050345003,3,1.0,1295.0,1677.4
3488,892a1018b7bffff,Bronx,BX0803,Riverdale-Spuyten Duyvil,283,2209.3,142.9,0.7691,1904.8,block_group,block_group,360050343001,5,1.0,2066.4,2352.2
3489,892a1038007ffff,Queens,QN1401,Far Rockaway-Bayswater,477,1201.7,326.0,0.0609,169.6,block_group,block_group,360810972061,2,1.0,875.7,1527.7
3490,892a103800bffff,Queens,QN1402,Rockaway Beach-Arverne-Edgemere,46,1157.0,311.0,0.0517,148.9,block_group,block_group,360810972062,1,1.0,846.0,1468.0
3491,892a103800fffff,Queens,QN1402,Rockaway Beach-Arverne-Edgemere,504,1027.1,244.5,0.0346,117.5,block_group,block_group,360810972061,3,1.0,782.6,1271.6
3492,892a1038017ffff,Queens,QN1401,Far Rockaway-Bayswater,63,2090.6,258.2,0.6625,1624.1,block_group,block_group,360811008041,2,1.0,1832.4,2348.8
3495,892a1038033ffff,Queens,QN1401,Far Rockaway-Bayswater,174,1873.0,917.0,0.4548,1105.7,block_group,block_group,360810992002,1,1.0,956.0,2790.0
3497,892a103803bffff,Queens,QN1401,Far Rockaway-Bayswater,206,1819.1,646.3,0.3978,963.8,block_group,block_group,360810992002,2,1.0,1172.8,2465.4
3499,892a1038063ffff,Queens,QN1402,Rockaway Beach-Arverne-Edgemere,675,1694.0,274.0,0.2705,671.0,block_group,block_group,360810972041,1,1.0,1420.0,1968.0
3501,892a103806bffff,Queens,QN1402,Rockaway Beach-Arverne-Edgemere,450,1071.6,439.8,0.0384,126.2,block_group,block_group,360810972042,2,1.0,631.8,1511.4
3502,892a103806fffff,Queens,QN1402,Rockaway Beach-Arverne-Edgemere,17,1694.0,274.0,0.2705,671.0,block_group,block_group,360810972041,1,1.0,1420.0,1968.0
3503,892a1038073ffff,Queens,QN1402,Rockaway Beach-Arverne-Edgemere,147,1157.0,311.0,0.0517,148.9,block_group,block_group,360810972062,1,1.0,846.0,1468.0
3504,892a1038077ffff,Queens,QN1402,Rockaway Beach-Arverne-Edgemere,503,1682.3,268.1,0.2585,643.5,block_group,block_group,360810972041,2,1.0,1414.2,1950.4
3505,892a103807bffff,Queens,QN1402,Rockaway Beach-Arverne-Edgemere,582,877.0,134.0,0.0227,91.5,block_group,block_group,360810972052,1,1.0,743.0,1011.0
3506,892a1038083ffff,Queens,QN1401,Far Rockaway-Bayswater,128,1857.5,490.4,0.4406,1067.5,block_group,block_group,360811008042,2,1.0,1367.1,2347.9
3507,892a1038087ffff,Queens,QN1401,Far Rockaway-Bayswater,150,2109.0,273.0,0.6826,1676.3,block_group,block_group,360811008041,1,1.0,1836.0,2382.0
3508,892a103808bffff,Queens,QN1401,Far Rockaway-Bayswater,126,1819.0,564.0,0.3976,963.2,block_group,block_group,360811008042,1,1.0,1255.0,2383.0
3509,892a103808fffff,Queens,QN1401,Far Rockaway-Bayswater,375,1986.8,285.4,0.5671,1381.0,block_group,block_group,360811008041,2,1.0,1701.4,2272.2
3510,892a1038093ffff,Queens,QN1401,Far Rockaway-Bayswater,125,1826.2,256.2,0.4052,982.0,mixed,borough,36081,3,1.0,1570.0,2082.4
3511,892a1038097ffff,Queens,QN1401,Far Rockaway-Bayswater,422,1585.3,315.4,0.188,473.6,mixed,block_group,360811008032,5,1.0,1269.9,1900.7
3512,892a103809bffff,Queens,QN1401,Far Rockaway-Bayswater,136,1507.0,899.2,0.1498,380.2,block_group,block_group,360811008011,2,1.0,607.8,2406.2
3513,892a10380a3ffff,Queens,QN1401,Far Rockaway-Bayswater,383,1691.6,327.6,0.2675,664.7,mixed,block_group,36081099801,4,1.0,1364.0,2019.2
3514,892a10380a7ffff,Queens,QN1401,Far Rockaway-Bayswater,450,2062.6,393.7,0.6361,1563.2,block_group,block_group,360810998021,2,1.0,1668.9,2456.3
3515,892a10380abffff,Queens,QN1401,Far Rockaway-Bayswater,711,1419.4,304.6,0.1124,291.8,block_group,block_group,360810992001,2,1.0,1114.8,1724.0
3516,892a10380afffff,Queens,QN1401,Far Rockaway-Bayswater,385,1837.1,286.5,0.4203,1013.1,block_group,block_group,360810998021,2,1.0,1550.6,2123.6
3517,892a10380b3ffff,Queens,QN1401,Far Rockaway-Bayswater,266,1659.9,213.9,0.2373,593.4,mixed,tract,36081099801,4,1.0,1446.0,1873.8
3518,892a10380b7ffff,Queens,QN1401,Far Rockaway-Bayswater,879,1885.9,263.3,0.4649,1133.5,mixed,block_group,360810998014,5,1.0,1622.6,2149.2
3519,892a10380bbffff,Queens,QN1401,Far Rockaway-Bayswater,524,1617.8,215.8,0.2058,518.8,block_group,block_group,360810992001,3,1.0,1402.0,1833.6
3520,892a10381d3ffff,Queens,QN1401,Far Rockaway-Bayswater,172,2077.0,408.0,0.6481,1594.3,block_group,block_group,360810998021,1,1.0,1669.0,2485.0
3521,892a10381dbffff,Queens,QN1401,Far Rockaway-Bayswater,8,2077.0,408.0,0.6481,1594.3,block_group,block_group,360810998021,1,1.0,1669.0,2485.0
3522,892a1038203ffff,Queens,QN1402,Rockaway Beach-Arverne-Edgemere,23,2626.0,1211.0,0.925,2403.1,block_group,block_group,360810954001,1,1.0,1415.0,3837.0
3523,892a1038207ffff,Queens,QN1402,Rockaway Beach-Arverne-Edgemere,413,2569.6,1084.4,0.909,2349.0,block_group,block_group,360810954001,2,1.0,1485.2,3654.0
3524,892a1038217ffff,Queens,QN1402,Rockaway Beach-Arverne-Edgemere,233,2588.4,1153.9,0.9129,2363.4,block_group,block_group,360810954001,2,1.0,1434.5,3742.3
3525,892a1038223ffff,Queens,QN1402,Rockaway Beach-Arverne-Edgemere,294,2094.6,673.7,0.6666,1635.8,block_group,block_group,360810954003,2,1.0,1420.9,2768.3
3526,892a1038227ffff,Queens,QN1402,Rockaway Beach-Arverne-Edgemere,436,2097.0,676.0,0.6687,1642.4,block_group,block_group,360810954003,1,1.0,1421.0,2773.0
3527,892a103822bffff,Queens,QN1402,Rockaway Beach-Arverne-Edgemere,81,1384.0,902.0,0.1019,268.0,block_group,block_group,360810942023,1,1.0,482.0,2286.0
3528,892a103822fffff,Queens,QN1402,Rockaway Beach-Arverne-Edgemere,804,1172.7,195.7,0.0556,158.0,block_group,block_group,360810942035,3,1.0,977.0,1368.4
3529,892a1038233ffff,Queens,QN1402,Rockaway Beach-Arverne-Edgemere,345,2155.2,558.5,0.7212,1786.4,mixed,tract,36081095400,3,1.0,1596.7,2713.7
3530,892a1038237ffff,Queens,QN1402,Rockaway Beach-Arverne-Edgemere,250,2171.7,363.6,0.735,1825.4,mixed,block_group,360810964002,2,1.0,1808.1,2535.3
3531,892a1038267ffff,Queens,QN1402,Rockaway Beach-Arverne-Edgemere,55,2052.9,308.0,0.6267,1537.3,block_group,block_group,360810942021,2,1.0,1744.9,2360.9
3532,892a103826fffff,Queens,QN1402,Rockaway Beach-Arverne-Edgemere,153,2252.9,289.1,0.7907,1972.8,mixed,block_group,360810942021,2,1.0,1963.8,2542.0
3534,892a10382a3ffff,Queens,QN1402,Rockaway Beach-Arverne-Edgemere,250,1830.0,317.0,0.4094,993.0,block_group,block_group,360810964001,1,1.0,1513.0,2147.0
3535,892a10382a7ffff,Queens,QN1402,Rockaway Beach-Arverne-Edgemere,468,1190.5,94.9,0.0581,164.5,block_group,block_group,360810972043,2,1.0,1095.6,1285.4
3536,892a10382abffff,Queens,QN1402,Rockaway Beach-Arverne-Edgemere,376,2122.1,487.7,0.6936,1704.4,block_group,block_group,360810964001,2,1.0,1634.4,2609.8
3537,892a10382afffff,Queens,QN1402,Rockaway Beach-Arverne-Edgemere,294,1866.9,289.4,0.4489,1089.1,block_group,block_group,360810964001,2,1.0,1577.5,2156.3
3538,892a10382b7ffff,Queens,QN1402,Rockaway Beach-Arverne-Edgemere,813,518.0,216.0,0.004,55.4,block_group,block_group,360810972051,1,1.0,302.0,734.0
3539,892a10382bbffff,Queens,QN1402,Rockaway Beach-Arverne-Edgemere,159,1830.0,317.0,0.4094,993.0,block_group,block_group,360810964001,1,1.0,1513.0,2147.0
3540,892a103835bffff,Queens,QN1402,Rockaway Beach-Arverne-Edgemere,20,2097.0,676.0,0.6687,1642.4,block_group,block_group,360810954003,1,1.0,1421.0,2773.0
3541,892a10383c3ffff,Queens,QN1402,Rockaway Beach-Arverne-Edgemere,182,2217.0,403.0,0.7739,1920.1,block_group,block_group,360810964002,1,1.0,1814.0,2620.0
3542,892a10383cbffff,Queens,QN1402,Rockaway Beach-Arverne-Edgemere,292,2217.0,403.0,0.7739,1920.1,block_group,block_group,360810964002,1,1.0,1814.0,2620.0
3543,892a10383d3ffff,Queens,QN1402,Rockaway Beach-Arverne-Edgemere,1177,1259.5,175.7,0.0713,194.0,block_group,block_group,360810972021,3,1.0,1083.8,1435.2
3545,892a10383dbffff,Queens,QN1402,Rockaway Beach-Arverne-Edgemere,332,2206.5,392.2,0.7669,1898.9,block_group,block_group,360810964002,2,1.0,1814.3,2598.7
3546,892a1038427ffff,Queens,QN1401,Far Rockaway-Bayswater,656,1305.4,182.8,0.0833,220.5,block_group,block_group,360811032021,3,1.0,1122.6,1488.2
3547,892a103842bffff,Queens,QN1401,Far Rockaway-Bayswater,38,1905.0,348.0,0.4837,1181.4,block_group,block_group,360811032011,1,1.0,1557.0,2253.0
3548,892a103842fffff,Queens,QN1401,Far Rockaway-Bayswater,519,1904.6,315.2,0.483,1180.1,block_group,block_group,360811032011,2,1.0,1589.4,2219.8
3549,892a1038437ffff,Queens,QN1401,Far Rockaway-Bayswater,604,637.0,575.0,0.0096,65.5,block_group,block_group,360811032013,1,1.0,62.0,1212.0
3550,892a1038463ffff,Queens,QN1401,Far Rockaway-Bayswater,95,1956.0,10.0,0.5358,1303.6,borough,borough,36081,1,1.0,1946.0,1966.0
3551,892a1038467ffff,Queens,QN1401,Far Rockaway-Bayswater,140,1948.2,19.3,0.5235,1280.9,mixed,borough,36081,2,1.0,1928.9,1967.5
3552,892a103846bffff,Queens,QN1401,Far Rockaway-Bayswater,61,1696.9,552.9,0.2727,676.8,mixed,borough,36081,2,1.0,1144.0,2249.8
3553,892a103846fffff,Queens,QN1401,Far Rockaway-Bayswater,112,1600.8,758.0,0.1972,497.8,mixed,block_group,360811008011,2,1.0,842.8,2358.8
3554,892a1038503ffff,Queens,QN1401,Far Rockaway-Bayswater,151,1092.2,538.4,0.0412,132.3,mixed,tract,36081101002,2,1.0,553.8,1630.6
3555,892a1038507ffff,Queens,QN1401,Far Rockaway-Bayswater,128,1089.0,542.0,0.0407,131.5,tract,tract,36081101002,1,1.0,547.0,1631.0
3556,892a103850bffff,Queens,QN1401,Far Rockaway-Bayswater,415,1441.2,444.5,0.1212,312.3,block_group,block_group,360811010042,3,1.0,996.7,1885.7
3557,892a103850fffff,Queens,QN1401,Far Rockaway-Bayswater,314,1289.9,497.5,0.079,209.9,mixed,block_group,360811010043,3,1.0,792.4,1787.4
3558,892a1038513ffff,Queens,QN1401,Far Rockaway-Bayswater,116,1413.8,431.3,0.1108,288.2,mixed,tract,36081101002,2,1.0,982.5,1845.1
3559,892a1038517ffff,Queens,QN1401,Far Rockaway-Bayswater,133,1089.0,542.0,0.0407,131.5,tract,tract,36081101002,1,1.0,547.0,1631.0
3560,892a103851bffff,Queens,QN1401,Far Rockaway-Bayswater,482,1412.8,316.4,0.1105,287.7,mixed,block_group,360811010031,5,1.0,1096.4,1729.2
3561,892a1038533ffff,Queens,QN1401,Far Rockaway-Bayswater,119,1108.0,550.0,0.0459,135.9,block_group,block_group,360811010022,1,1.0,558.0,1658.0
3562,892a103853bffff,Queens,QN1401,Far Rockaway-Bayswater,1017,1108.0,550.0,0.0459,135.9,block_group,block_group,360811010022,1,1.0,558.0,1658.0
3563,892a1038543ffff,Queens,QN1401,Far Rockaway-Bayswater,892,1027.5,340.3,0.0348,117.9,block_group,block_group,360811008031,3,1.0,687.2,1367.8
3564,892a1038547ffff,Queens,QN1401,Far Rockaway-Bayswater,472,1560.1,477.2,0.1732,439.2,mixed,block_group,360811010033,4,1.0,1082.9,2037.3
3565,892a103854bffff,Queens,QN1401,Far Rockaway-Bayswater,395,1216.4,377.0,0.063,174.2,block_group,block_group,360811008032,3,1.0,839.4,1593.4
3566,892a103854fffff,Queens,QN1401,Far Rockaway-Bayswater,835,1346.1,246.9,0.0907,239.6,block_group,block_group,360810998012,3,1.0,1099.2,1593.0
3567,892a1038553ffff,Queens,QN1401,Far Rockaway-Bayswater,1738,1277.2,150.8,0.0755,201.7,block_group,block_group,360811032021,2,1.0,1126.4,1428.0
3568,892a1038557ffff,Queens,QN1401,Far Rockaway-Bayswater,546,1297.3,352.8,0.081,215.2,block_group,block_group,360811032024,3,1.0,944.5,1650.1
3569,892a103855bffff,Queens,QN1401,Far Rockaway-Bayswater,658,1330.9,276.4,0.0889,234.7,block_group,block_group,360811032012,5,1.0,1054.5,1607.3
3570,892a1038563ffff,Queens,QN1401,Far Rockaway-Bayswater,758,1277.2,396.1,0.0755,201.7,mixed,block_group,360811010045,4,1.0,881.1,1673.3
3571,892a103856bffff,Queens,QN1401,Far Rockaway-Bayswater,1895,1324.3,96.9,0.0874,231.3,block_group,block_group,360810998022,4,1.0,1227.4,1421.2
3572,892a103856fffff,Queens,QN1401,Far Rockaway-Bayswater,274,424.0,119.0,0.0018,51.9,block_group,block_group,360810998023,1,1.0,305.0,543.0
3573,892a1038573ffff,Queens,QN1401,Far Rockaway-Bayswater,818,1269.5,462.2,0.0722,196.4,mixed,block_group,360811010043,3,1.0,807.3,1731.7
3574,892a1038577ffff,Queens,QN1401,Far Rockaway-Bayswater,42,1148.0,863.0,0.0503,145.8,block_group,block_group,360811010043,1,1.0,285.0,2011.0
3575,892a103857bffff,Queens,QN1401,Far Rockaway-Bayswater,287,1439.7,390.1,0.1207,310.7,mixed,block_group,360810998013,2,1.0,1049.6,1829.8
3576,892a10385c3ffff,Queens,QN1401,Far Rockaway-Bayswater,246,2267.5,454.1,0.7981,1998.8,block_group,block_group,360811032022,3,1.0,1813.4,2721.6
3577,892a10385c7ffff,Queens,QN1401,Far Rockaway-Bayswater,120,2388.0,577.0,0.8524,2168.2,block_group,block_group,360811032022,1,1.0,1811.0,2965.0
3578,892a10385cbffff,Queens,QN1401,Far Rockaway-Bayswater,482,1569.9,152.2,0.1779,450.1,block_group,block_group,360811032021,3,1.0,1417.7,1722.1
3579,892a10385cfffff,Queens,QN1401,Far Rockaway-Bayswater,457,1866.0,264.0,0.4478,1085.4,block_group,block_group,360811032023,3,1.0,1602.0,2130.0
3580,892a10385dbffff,Queens,QN1401,Far Rockaway-Bayswater,111,968.4,274.1,0.0303,107.7,block_group,block_group,360811032021,2,1.0,694.3,1242.5
3583,892a1039187ffff,Queens,QN1403,Breezy Point-Belle Harbor-Rockaway Park-Broad Channel,146,1747.4,503.5,0.3265,788.7,mixed,block_group,360811072011,2,1.0,1243.9,2250.9
3584,892a1039193ffff,Queens,QN1403,Breezy Point-Belle Harbor-Rockaway Park-Broad Channel,111,1746.0,507.0,0.3246,786.4,block_group,block_group,360811072011,1,1.0,1239.0,2253.0
3585,892a1039197ffff,Queens,QN1403,Breezy Point-Belle Harbor-Rockaway Park-Broad Channel,197,1746.0,507.0,0.3246,786.4,block_group,block_group,360811072011,1,1.0,1239.0,2253.0
3588,892a10391b3ffff,Queens,QN1403,Breezy Point-Belle Harbor-Rockaway Park-Broad Channel,55,1746.0,507.0,0.3246,786.4,block_group,block_group,360811072011,1,1.0,1239.0,2253.0
3590,892a103950fffff,Queens,QN1403,Breezy Point-Belle Harbor-Rockaway Park-Broad Channel,9,1746.0,507.0,0.3246,786.4,block_group,block_group,360811072011,1,1.0,1239.0,2253.0
3591,892a1039523ffff,Queens,QN1403,Breezy Point-Belle Harbor-Rockaway Park-Broad Channel,73,1746.0,507.0,0.3246,786.4,block_group,block_group,360811072011,1,1.0,1239.0,2253.0
3592,892a103952fffff,Queens,QN1403,Breezy Point-Belle Harbor-Rockaway Park-Broad Channel,182,1746.0,507.0,0.3246,786.4,block_group,block_group,360811072011,1,1.0,1239.0,2253.0
3593,892a103953bffff,Queens,QN1403,Breezy Point-Belle Harbor-Rockaway Park-Broad Channel,46,1746.0,507.0,0.3246,786.4,block_group,block_group,360811072011,1,1.0,1239.0,2253.0
3594,892a1039577ffff,Queens,QN1403,Breezy Point-Belle Harbor-Rockaway Park-Broad Channel,1,1746.0,507.0,0.3246,786.4,block_group,block_group,360811072011,1,1.0,1239.0,2253.0
3595,892a1039ad3ffff,Queens,QN1403,Breezy Point-Belle Harbor-Rockaway Park-Broad Channel,125,2321.5,215.5,0.8284,2089.4,mixed,block_group,360810922003,2,1.0,2106.0,2537.0
3596,892a1039ad7ffff,Queens,QN1403,Breezy Point-Belle Harbor-Rockaway Park-Broad Channel,28,2295.0,143.0,0.8126,2038.3,block_group,block_group,360810922003,1,1.0,2152.0,2438.0
3597,892a1039c1bffff,Queens,QN1402,Rockaway Beach-Arverne-Edgemere,235,1850.0,269.0,0.4328,1046.7,block_group,block_group,360810942011,1,1.0,1581.0,2119.0
3598,892a1039c43ffff,Queens,QN1403,Breezy Point-Belle Harbor-Rockaway Park-Broad Channel,770,1766.0,96.0,0.3469,836.0,block_group,block_group,360810938001,1,1.0,1670.0,1862.0
3599,892a1039c4bffff,Queens,QN1403,Breezy Point-Belle Harbor-Rockaway Park-Broad Channel,81,1488.0,1463.0,0.142,359.6,block_group,block_group,360810938003,1,1.0,25.0,2951.0
3600,892a1039c4fffff,Queens,QN1403,Breezy Point-Belle Harbor-Rockaway Park-Broad Channel,161,1488.0,1463.0,0.142,359.6,block_group,block_group,360810938003,1,1.0,25.0,2951.0
3601,892a1039c53ffff,Queens,QN1403,Breezy Point-Belle Harbor-Rockaway Park-Broad Channel,36,1452.9,1301.2,0.1257,323.6,block_group,block_group,360810938003,2,1.0,151.7,2754.1
3602,892a1039c57ffff,Queens,QN1403,Breezy Point-Belle Harbor-Rockaway Park-Broad Channel,852,1515.0,251.2,0.1539,389.8,block_group,block_group,360810938002,2,1.0,1263.8,1766.2
3603,892a1039c83ffff,Queens,QN1402,Rockaway Beach-Arverne-Edgemere,458,1132.0,225.0,0.0482,140.4,block_group,block_group,360810942033,1,1.0,907.0,1357.0
3604,892a1039c8bffff,Queens,QN1402,Rockaway Beach-Arverne-Edgemere,1009,1500.1,66.4,0.1467,371.2,block_group,block_group,360810942032,2,1.0,1433.7,1566.5
3605,892a1039c93ffff,Queens,QN1402,Rockaway Beach-Arverne-Edgemere,849,942.1,154.6,0.0281,103.0,block_group,block_group,360810942034,3,1.0,787.5,1096.7
3607,892a1039c9bffff,Queens,QN1402,Rockaway Beach-Arverne-Edgemere,802,777.4,292.1,0.0156,77.7,block_group,block_group,360810942022,2,1.0,485.3,1069.5
3608,892a1039cc7ffff,Queens,QN1402,Rockaway Beach-Arverne-Edgemere,503,1941.7,208.8,0.5167,1264.6,block_group,block_group,360810942011,3,1.0,1732.9,2150.5
3609,892a1039ccfffff,Queens,QN1402,Rockaway Beach-Arverne-Edgemere,644,1372.0,294.3,0.0989,259.5,block_group,block_group,360810942012,2,1.0,1077.7,1666.3
3610,892a1039cd7ffff,Queens,QN1402,Rockaway Beach-Arverne-Edgemere,318,2259.8,285.5,0.7938,1984.1,block_group,block_group,360810942021,2,1.0,1974.3,2545.3
3611,892a1039e03ffff,Queens,QN1403,Breezy Point-Belle Harbor-Rockaway Park-Broad Channel,329,2256.0,408.1,0.7925,1979.4,block_group,block_group,360810934011,3,1.0,1847.9,2664.1
3612,892a1039e07ffff,Queens,QN1403,Breezy Point-Belle Harbor-Rockaway Park-Broad Channel,484,1683.1,347.7,0.2597,646.3,block_group,block_group,360810934012,3,1.0,1335.4,2030.8
3613,892a1039e0bffff,Queens,QN1403,Breezy Point-Belle Harbor-Rockaway Park-Broad Channel,269,2043.6,389.5,0.6182,1516.0,mixed,tract,36081092800,2,1.0,1654.1,2433.1
3614,892a1039e0fffff,Queens,QN1403,Breezy Point-Belle Harbor-Rockaway Park-Broad Channel,256,1894.1,124.9,0.4723,1152.1,mixed,block_group,360810934013,4,1.0,1769.2,2019.0
3615,892a1039e17ffff,Queens,QN1403,Breezy Point-Belle Harbor-Rockaway Park-Broad Channel,378,2165.0,632.4,0.7294,1812.2,block_group,block_group,360810934023,4,1.0,1532.6,2797.4
3616,892a1039e1bffff,Queens,QN1403,Breezy Point-Belle Harbor-Rockaway Park-Broad Channel,121,2426.0,523.0,0.8669,2213.6,block_group,block_group,360810934011,1,1.0,1903.0,2949.0
3617,892a1039e3bffff,Queens,QN1403,Breezy Point-Belle Harbor-Rockaway Park-Broad Channel,257,1733.7,101.3,0.3135,762.9,mixed,block_group,360810934013,2,1.0,1632.4,1835.0
3618,892a1039e47ffff,Queens,QN1403,Breezy Point-Belle Harbor-Rockaway Park-Broad Channel,165,1729.2,508.1,0.3054,754.1,mixed,tract,36081092800,2,1.0,1221.1,2237.3
3619,892a1039e63ffff,Queens,QN1403,Breezy Point-Belle Harbor-Rockaway Park-Broad Channel,208,2056.1,312.5,0.6297,1546.4,mixed,block_group,360810928003,2,1.0,1743.6,2368.6
3620,892a1039e67ffff,Queens,QN1403,Breezy Point-Belle Harbor-Rockaway Park-Broad Channel,93,1664.0,577.0,0.2417,603.6,tract,tract,36081092800,1,1.0,1087.0,2241.0
3621,892a1039e6bffff,Queens,QN1403,Breezy Point-Belle Harbor-Rockaway Park-Broad Channel,167,2239.5,274.3,0.7835,1955.4,mixed,block_group,360810928003,4,1.0,1965.2,2513.8
3622,892a1039e6fffff,Queens,QN1403,Breezy Point-Belle Harbor-Rockaway Park-Broad Channel,136,1855.8,389.4,0.4393,1063.2,mixed,tract,36081092800,3,1.0,1466.4,2245.2
3623,892a1039e73ffff,Queens,QN1403,Breezy Point-Belle Harbor-Rockaway Park-Broad Channel,225,1902.0,338.8,0.4793,1171.4,mixed,tract,36081092800,3,1.0,1563.2,2240.8
3624,892a1039e77ffff,Queens,QN1403,Breezy Point-Belle Harbor-Rockaway Park-Broad Channel,231,1767.2,458.7,0.3476,837.8,mixed,tract,36081092800,2,1.0,1308.5,2225.9
3625,892a1039e7bffff,Queens,QN1403,Breezy Point-Belle Harbor-Rockaway Park-Broad Channel,229,2195.7,256.9,0.7527,1873.7,mixed,block_group,360810922001,3,1.0,1938.8,2452.6
3627,892a1039ea3ffff,Queens,QN1403,Breezy Point-Belle Harbor-Rockaway Park-Broad Channel,259,1736.0,224.0,0.3158,767.6,block_group,block_group,360810934021,1,1.0,1512.0,1960.0
3628,892a1039eabffff,Queens,QN1403,Breezy Point-Belle Harbor-Rockaway Park-Broad Channel,731,1810.0,138.9,0.3906,942.7,block_group,block_group,360810934022,3,1.0,1671.1,1948.9
3629,892a1039eb3ffff,Queens,QN1403,Breezy Point-Belle Harbor-Rockaway Park-Broad Channel,624,1488.0,1463.0,0.142,359.6,block_group,block_group,360810938003,1,1.0,25.0,2951.0
3630,892a1039ebbffff,Queens,QN1403,Breezy Point-Belle Harbor-Rockaway Park-Broad Channel,648,1867.6,318.0,0.4495,1090.9,block_group,block_group,360810934021,3,1.0,1549.6,2185.6
3637,892a103a603ffff,Queens,QN1307,Rosedale,300,2467.0,532.7,0.8771,2248.9,block_group,block_group,360810660001,5,1.0,1934.3,2999.7
3638,892a103a607ffff,Queens,QN1307,Rosedale,320,2410.9,265.3,0.8613,2193.9,block_group,block_group,360810656003,4,1.0,2145.6,2676.2
3639,892a103a60bffff,Queens,QN1307,Rosedale,322,2307.0,442.4,0.8191,2060.5,block_group,block_group,360810660002,3,1.0,1864.6,2749.4
3640,892a103a60fffff,Queens,QN1307,Rosedale,373,2558.2,232.1,0.9058,2338.1,block_group,block_group,360810664031,3,1.0,2326.1,2790.3
3641,892a103a613ffff,Queens,QN1307,Rosedale,268,2639.9,323.5,0.9295,2416.8,block_group,block_group,360810656003,2,1.0,2316.4,2963.4
3642,892a103a617ffff,Queens,QN1307,Rosedale,125,2618.0,311.0,0.9225,2395.5,block_group,block_group,360810656003,1,1.0,2307.0,2929.0
3643,892a103a61bffff,Queens,QN1307,Rosedale,279,2710.6,696.3,0.9457,2464.8,block_group,block_group,360810660001,2,1.0,2014.3,3406.9
3644,892a103a63bffff,Queens,QN1307,Rosedale,228,1511.0,477.9,0.1521,385.5,block_group,block_group,360810664032,3,1.0,1033.1,1988.9
3645,892a103a643ffff,Queens,QN1307,Rosedale,292,1930.3,783.0,0.5042,1238.8,block_group,block_group,360810664021,5,1.0,1147.3,2713.3
3646,892a103a647ffff,Queens,QN1307,Rosedale,280,1748.3,941.5,0.3279,792.3,block_group,block_group,360810664022,5,1.0,806.8,2689.8
3647,892a103a64bffff,Queens,QN1306,Springfield Gardens (South)-Brookville,131,2042.0,792.0,0.6166,1512.2,mixed,block_group,360810664021,4,1.0,1250.0,2834.0
3648,892a103a64fffff,Queens,QN1307,Rosedale,263,2829.3,283.7,0.9623,2524.7,block_group,block_group,360810664012,4,1.0,2545.6,3113.0
3649,892a103a653ffff,Queens,QN1307,Rosedale,298,2253.2,272.9,0.7911,1974.1,block_group,block_group,360810654012,4,1.0,1980.3,2526.1
3650,892a103a657ffff,Queens,QN1307,Rosedale,267,2355.7,328.5,0.8412,2132.5,block_group,block_group,360810660002,3,1.0,2027.2,2684.2
3651,892a103a65bffff,Queens,QN1306,Springfield Gardens (South)-Brookville,104,2499.4,426.0,0.8853,2276.7,block_group,block_group,360810654012,2,1.0,2073.4,2925.4
3652,892a103a663ffff,Queens,QN1307,Rosedale,119,2502.0,503.0,0.8858,2278.8,block_group,block_group,360810664033,1,1.0,1999.0,3005.0
3653,892a103a66bffff,Queens,QN1307,Rosedale,2,2937.0,382.0,0.9731,2562.7,block_group,block_group,360810664012,1,1.0,2555.0,3319.0
3655,892a103a673ffff,Queens,QN1307,Rosedale,342,2606.9,209.7,0.919,2383.9,block_group,block_group,360810664031,3,1.0,2397.2,2816.6
3656,892a103a677ffff,Queens,QN1307,Rosedale,408,2000.4,351.1,0.5765,1408.3,block_group,block_group,360810664033,3,1.0,1649.3,2351.5
3657,892a103a67bffff,Queens,QN1307,Rosedale,214,2885.8,321.7,0.9688,2546.8,block_group,block_group,360810664012,3,1.0,2564.1,3207.5
3658,892a103a6c3ffff,Queens,QN1307,Rosedale,232,2619.0,159.2,0.9233,2398.3,block_group,block_group,360810656001,3,1.0,2459.8,2778.2
3659,892a103a6c7ffff,Queens,QN1307,Rosedale,279,2558.2,279.9,0.9058,2338.1,block_group,block_group,360810656002,3,1.0,2278.3,2838.1
3660,892a103a6cbffff,Queens,QN1307,Rosedale,245,1972.5,176.9,0.5561,1348.6,block_group,block_group,360810654013,3,1.0,1795.6,2149.4
3661,892a103a6cfffff,Queens,QN1307,Rosedale,293,2641.2,405.8,0.9298,2418.1,block_group,block_group,360810660002,4,1.0,2235.4,3047.0
3662,892a103a6d3ffff,Queens,QN1307,Rosedale,155,1752.5,459.6,0.3338,802.9,mixed,tract,36081063800,3,1.0,1292.9,2212.1
3663,892a103a6d7ffff,Queens,QN1307,Rosedale,144,2592.2,192.5,0.9141,2367.5,block_group,block_group,360810656002,2,1.0,2399.7,2784.7
3664,892a103a6dbffff,Queens,QN1307,Rosedale,106,1591.5,592.9,0.1916,481.8,mixed,tract,36081063800,2,1.0,998.6,2184.4
3665,892a103b093ffff,Queens,QN1306,Springfield Gardens (South)-Brookville,85,1846.0,236.0,0.4289,1036.9,block_group,block_group,360810306002,1,1.0,1610.0,2082.0
3668,892a103b247ffff,Queens,QN1003,Howard Beach-Lindenwood,166,2310.0,123.0,0.821,2066.5,block_group,block_group,360810884006,1,1.0,2187.0,2433.0
3669,892a103b24bffff,Queens,QN1003,Howard Beach-Lindenwood,234,2197.9,166.1,0.7596,1879.6,mixed,tract,36081088400,3,1.0,2031.8,2364.0
3670,892a103b24fffff,Queens,QN1003,Howard Beach-Lindenwood,186,2143.7,123.1,0.7119,1757.5,mixed,tract,36081088400,2,1.0,2020.6,2266.8
3671,892a103b25bffff,Queens,QN1003,Howard Beach-Lindenwood,210,2082.7,136.8,0.6512,1604.0,mixed,tract,36081088400,3,1.0,1945.9,2219.5
3673,892a103b2d3ffff,Queens,QN1001,South Ozone Park,19,2152.0,303.0,0.7189,1779.2,block_group,block_group,360810846011,1,1.0,1849.0,2455.0
3675,892a103b403ffff,Queens,QN1204,Springfield Gardens (North)-Rochdale Village,88,1944.0,421.0,0.5199,1271.5,tract,tract,36081029400,1,1.0,1523.0,2365.0
3676,892a103b407ffff,Queens,QN1204,Springfield Gardens (North)-Rochdale Village,255,1631.5,690.8,0.2152,540.5,mixed,block_group,360810294003,3,1.0,940.7,2322.3
3677,892a103b40bffff,Queens,QN1204,Springfield Gardens (North)-Rochdale Village,243,2140.6,703.9,0.7103,1752.9,mixed,tract,36081029400,2,1.0,1436.7,2844.5
3678,892a103b40fffff,Queens,QN1204,Springfield Gardens (North)-Rochdale Village,364,1870.0,332.0,0.4523,1098.9,mixed,tract,36081029400,3,1.0,1538.0,2202.0
3679,892a103b413ffff,Queens,QN1204,Springfield Gardens (North)-Rochdale Village,5860,1147.0,130.0,0.05,144.9,block_group,block_group,360810334042,1,1.0,1017.0,1277.0
3680,892a103b417ffff,Queens,QN1204,Springfield Gardens (North)-Rochdale Village,24,1388.4,147.4,0.1033,271.0,mixed,tract,36081033405,3,1.0,1241.0,1535.8
3681,892a103b41bffff,Queens,QN1204,Springfield Gardens (North)-Rochdale Village,355,2506.0,1854.0,0.8872,2282.9,block_group,block_group,360810294001,1,1.0,652.0,4360.0
3682,892a103b423ffff,Queens,QN1306,Springfield Gardens (South)-Brookville,334,1939.3,701.0,0.5142,1258.3,block_group,block_group,360810306005,2,1.0,1238.3,2640.3
3683,892a103b427ffff,Queens,QN1306,Springfield Gardens (South)-Brookville,282,1660.1,840.5,0.2376,593.9,block_group,block_group,360810306004,3,1.0,819.6,2500.6
3684,892a103b42bffff,Queens,QN1306,Springfield Gardens (South)-Brookville,246,1959.8,693.4,0.5435,1315.0,block_group,block_group,360810306005,3,1.0,1266.4,2653.2
3685,892a103b42fffff,Queens,QN1306,Springfield Gardens (South)-Brookville,160,1673.1,881.7,0.2499,623.5,block_group,block_group,360810306003,2,1.0,791.4,2554.8
3686,892a103b433ffff,Queens,QN1204,Springfield Gardens (North)-Rochdale Village,219,1863.4,348.6,0.4462,1081.7,mixed,block_group,360810330005,4,1.0,1514.8,2212.0
3687,892a103b437ffff,Queens,QN1306,Springfield Gardens (South)-Brookville,207,1679.5,790.0,0.2553,637.2,block_group,block_group,360810306004,4,1.0,889.5,2469.5
3688,892a103b43bffff,Queens,QN1204,Springfield Gardens (North)-Rochdale Village,249,1594.1,860.7,0.1939,487.8,block_group,block_group,360810294003,3,1.0,733.4,2454.8
3689,892a103b443ffff,Queens,QN1203,Baisley Park,73,2216.0,223.0,0.773,1917.5,block_group,block_group,360810288012,1,1.0,1993.0,2439.0
3690,892a103b447ffff,Queens,QN1204,Springfield Gardens (North)-Rochdale Village,112,1944.0,421.0,0.5199,1271.5,tract,tract,36081029400,1,1.0,1523.0,2365.0
3691,892a103b44bffff,Queens,QN1203,Baisley Park,332,1885.8,659.4,0.4647,1132.9,block_group,block_group,360810184011,2,1.0,1226.4,2545.2
3692,892a103b44fffff,Queens,QN1203,Baisley Park,192,1780.0,834.2,0.3568,862.8,block_group,block_group,360810184011,2,1.0,945.8,2614.2
3693,892a103b453ffff,Queens,QN1203,Baisley Park,110,2866.5,1233.9,0.9654,2535.1,block_group,block_group,360810288022,2,1.0,1632.6,4100.4
3694,892a103b457ffff,Queens,QN1204,Springfield Gardens (North)-Rochdale Village,177,2543.8,1721.4,0.8997,2318.3,block_group,block_group,360810294001,2,1.0,822.4,4265.2
3695,892a103b45bffff,Queens,QN1203,Baisley Park,280,2210.2,196.5,0.7694,1906.2,block_group,block_group,360810288012,2,1.0,2013.7,2406.7
3696,892a103b463ffff,Queens,QN1204,Springfield Gardens (North)-Rochdale Village,151,1944.0,421.0,0.5199,1271.5,tract,tract,36081029400,1,1.0,1523.0,2365.0
3697,892a103b467ffff,Queens,QN1306,Springfield Gardens (South)-Brookville,50,1846.0,236.0,0.4289,1036.9,block_group,block_group,360810306002,1,1.0,1610.0,2082.0
3698,892a103b46bffff,Queens,QN1204,Springfield Gardens (North)-Rochdale Village,64,2145.5,781.6,0.7135,1762.1,mixed,block_group,360810788002,2,1.0,1363.9,2927.1
3700,892a103b473ffff,Queens,QN1204,Springfield Gardens (North)-Rochdale Village,228,1944.0,421.0,0.5199,1271.5,tract,tract,36081029400,1,1.0,1523.0,2365.0
3701,892a103b477ffff,Queens,QN1204,Springfield Gardens (North)-Rochdale Village,343,2003.9,323.8,0.58,1416.6,mixed,block_group,360810294004,3,1.0,1680.1,2327.7
3702,892a103b47bffff,Queens,QN1204,Springfield Gardens (North)-Rochdale Village,22,1944.0,421.0,0.5199,1271.5,tract,tract,36081029400,1,1.0,1523.0,2365.0
3703,892a103b483ffff,Queens,QN1204,Springfield Gardens (North)-Rochdale Village,178,1500.6,105.1,0.1469,371.8,block_group,block_group,360810334012,2,1.0,1395.5,1605.7
3704,892a103b487ffff,Queens,QN1204,Springfield Gardens (North)-Rochdale Village,205,1517.7,100.8,0.1559,394.6,block_group,block_group,360810334012,2,1.0,1416.9,1618.5
3705,892a103b48bffff,Queens,QN1204,Springfield Gardens (North)-Rochdale Village,154,1537.9,101.1,0.1629,413.3,block_group,block_group,360810334012,2,1.0,1436.8,1639.0
3707,892a103b493ffff,Queens,QN1205,St. Albans,280,2210.8,388.8,0.7696,1906.8,block_group,block_group,360810366002,4,1.0,1822.0,2599.6
3708,892a103b497ffff,Queens,QN1204,Springfield Gardens (North)-Rochdale Village,216,1549.4,98.8,0.1685,426.8,block_group,block_group,360810334012,2,1.0,1450.6,1648.2
3709,892a103b49bffff,Queens,QN1204,Springfield Gardens (North)-Rochdale Village,316,2071.3,223.0,0.6441,1583.9,block_group,block_group,360810334011,2,1.0,1848.3,2294.3
3710,892a103b4a3ffff,Queens,QN1204,Springfield Gardens (North)-Rochdale Village,264,1968.1,223.4,0.5521,1338.4,mixed,tract,36081033000,3,1.0,1744.7,2191.5
3711,892a103b4a7ffff,Queens,QN1204,Springfield Gardens (North)-Rochdale Village,298,2191.0,342.0,0.7501,1865.7,tract,tract,36081033000,1,1.0,1849.0,2533.0
3712,892a103b4abffff,Queens,QN1204,Springfield Gardens (North)-Rochdale Village,283,1784.1,211.3,0.3613,873.6,tract,tract,36081033000,2,1.0,1572.8,1995.4
3713,892a103b4afffff,Queens,QN1204,Springfield Gardens (North)-Rochdale Village,250,2116.8,278.6,0.6893,1693.9,mixed,tract,36081033000,2,1.0,1838.2,2395.4
3714,892a103b4b3ffff,Queens,QN1204,Springfield Gardens (North)-Rochdale Village,233,2027.3,316.2,0.6026,1475.5,mixed,block_group,360810330001,4,1.0,1711.1,2343.5
3715,892a103b4b7ffff,Queens,QN1204,Springfield Gardens (North)-Rochdale Village,302,2201.0,344.9,0.7624,1887.6,mixed,block_group,360810330001,2,1.0,1856.1,2545.9
3716,892a103b4bbffff,Queens,QN1204,Springfield Gardens (North)-Rochdale Village,189,1181.0,120.3,0.057,161.7,mixed,tract,36081033405,2,1.0,1060.7,1301.3
3717,892a103b4c3ffff,Queens,QN1203,Baisley Park,280,1782.9,233.5,0.3596,870.0,block_group,block_group,360810284001,2,1.0,1549.4,2016.4
3718,892a103b4c7ffff,Queens,QN1204,Springfield Gardens (North)-Rochdale Village,8,1696.0,219.0,0.2719,674.5,block_group,block_group,360810284001,1,1.0,1477.0,1915.0
3719,892a103b4cbffff,Queens,QN1203,Baisley Park,324,2283.4,337.3,0.8075,2023.6,block_group,block_group,360810288021,3,1.0,1946.1,2620.7
3720,892a103b4cfffff,Queens,QN1203,Baisley Park,208,2682.5,943.7,0.9394,2447.0,block_group,block_group,360810288022,3,1.0,1738.8,3626.2
3721,892a103b4d3ffff,Queens,QN1203,Baisley Park,323,1902.1,182.5,0.4795,1172.0,block_group,block_group,360810284001,2,1.0,1719.6,2084.6
3722,892a103b4d7ffff,Queens,QN1203,Baisley Park,539,1593.5,94.5,0.1932,486.2,block_group,block_group,360810334012,4,1.0,1499.0,1688.0
3723,892a103b4dbffff,Queens,QN1203,Baisley Park,262,1845.7,395.0,0.4283,1035.7,mixed,block_group,360810284002,3,1.0,1450.7,2240.7
3727,892a103b513ffff,Queens,QN1306,Springfield Gardens (South)-Brookville,206,2158.2,220.2,0.7235,1793.7,block_group,block_group,360810694002,2,1.0,1938.0,2378.4
3728,892a103b517ffff,Queens,QN1306,Springfield Gardens (South)-Brookville,4,2174.0,253.0,0.736,1828.7,block_group,block_group,360810694002,1,1.0,1921.0,2427.0
3729,892a103b51bffff,Queens,QN1306,Springfield Gardens (South)-Brookville,16,2381.0,304.0,0.8509,2163.5,tract,tract,36081032000,1,1.0,2077.0,2685.0
3731,892a103b553ffff,Queens,QN1306,Springfield Gardens (South)-Brookville,88,2106.0,463.0,0.6797,1667.8,block_group,block_group,360810320003,1,1.0,1643.0,2569.0
3732,892a103b557ffff,Queens,QN1306,Springfield Gardens (South)-Brookville,1,2381.0,304.0,0.8509,2163.5,tract,tract,36081032000,1,1.0,2077.0,2685.0
3733,892a103b55bffff,Queens,QN1306,Springfield Gardens (South)-Brookville,6,1542.0,1302.0,0.1649,417.6,block_group,block_group,360810306004,1,1.0,240.0,2844.0
3734,892a103b583ffff,Queens,QN1306,Springfield Gardens (South)-Brookville,230,2158.8,652.4,0.7245,1796.3,mixed,block_group,360810680002,3,1.0,1506.4,2811.2
3735,892a103b587ffff,Queens,QN1306,Springfield Gardens (South)-Brookville,231,2104.3,284.0,0.6765,1663.2,mixed,block_group,360810690002,4,1.0,1820.3,2388.3
3736,892a103b58bffff,Queens,QN1306,Springfield Gardens (South)-Brookville,370,2366.3,318.3,0.845,2144.6,block_group,block_group,360810690001,2,1.0,2048.0,2684.6
3737,892a103b58fffff,Queens,QN1306,Springfield Gardens (South)-Brookville,313,2122.5,176.6,0.694,1705.7,block_group,block_group,360810694002,3,1.0,1945.9,2299.1
3738,892a103b593ffff,Queens,QN1306,Springfield Gardens (South)-Brookville,288,2189.6,669.9,0.7494,1863.1,mixed,tract,36081068000,2,1.0,1519.7,2859.5
3739,892a103b597ffff,Queens,QN1306,Springfield Gardens (South)-Brookville,189,2122.6,1115.3,0.6942,1706.3,mixed,block_group,360810680002,2,1.0,1007.3,3237.9
3740,892a103b59bffff,Queens,QN1306,Springfield Gardens (South)-Brookville,327,2387.4,319.5,0.8522,2167.6,mixed,tract,36081068000,2,1.0,2067.9,2706.9
3741,892a103b5a3ffff,Queens,QN1306,Springfield Gardens (South)-Brookville,17,2626.0,246.0,0.925,2403.1,block_group,block_group,360810694001,1,1.0,2380.0,2872.0
3745,892a103b5b3ffff,Queens,QN1306,Springfield Gardens (South)-Brookville,166,2626.0,246.0,0.925,2403.1,block_group,block_group,360810694001,1,1.0,2380.0,2872.0
3746,892a103b5b7ffff,Queens,QN1306,Springfield Gardens (South)-Brookville,266,2698.5,208.6,0.9428,2455.9,block_group,block_group,360810694001,2,1.0,2489.9,2907.1
3747,892a103b5bbffff,Queens,QN1306,Springfield Gardens (South)-Brookville,204,2174.0,253.0,0.736,1828.7,block_group,block_group,360810694002,1,1.0,1921.0,2427.0
3748,892a103b5c3ffff,Queens,QN1306,Springfield Gardens (South)-Brookville,166,2435.7,387.3,0.8688,2221.0,block_group,block_group,360810320001,2,1.0,2048.4,2823.0
3749,892a103b5c7ffff,Queens,QN1306,Springfield Gardens (South)-Brookville,200,2424.7,319.8,0.8661,2210.9,mixed,block_group,360810690001,4,1.0,2104.9,2744.5
3750,892a103b5cbffff,Queens,QN1306,Springfield Gardens (South)-Brookville,309,2147.7,342.6,0.7157,1768.0,block_group,block_group,360810320003,3,1.0,1805.1,2490.3
3751,892a103b5cfffff,Queens,QN1306,Springfield Gardens (South)-Brookville,186,2689.5,560.4,0.9403,2450.4,mixed,block_group,360810320004,3,1.0,2129.1,3249.9
3752,892a103b5d3ffff,Queens,QN1306,Springfield Gardens (South)-Brookville,191,2120.6,275.1,0.6929,1702.4,mixed,block_group,360810320001,2,1.0,1845.5,2395.7
3753,892a103b5d7ffff,Queens,QN1306,Springfield Gardens (South)-Brookville,248,2605.8,219.6,0.9188,2383.2,block_group,block_group,360810680004,2,1.0,2386.2,2825.4
3754,892a103b5dbffff,Queens,QN1306,Springfield Gardens (South)-Brookville,204,2084.1,369.4,0.6567,1609.2,mixed,block_group,360810320001,2,1.0,1714.7,2453.5
3755,892a103b603ffff,Queens,QN1001,South Ozone Park,356,2128.0,216.8,0.6998,1722.7,tract,tract,36081081400,2,1.0,1911.2,2344.8
3756,892a103b607ffff,Queens,QN1001,South Ozone Park,330,2119.3,216.5,0.692,1699.8,mixed,tract,36081081400,2,1.0,1902.8,2335.8
3757,892a103b60bffff,Queens,QN1001,South Ozone Park,367,2166.9,145.7,0.7308,1817.4,mixed,block_group,360810818003,3,1.0,2021.2,2312.6
3758,892a103b60fffff,Queens,QN1001,South Ozone Park,326,2136.5,198.8,0.7065,1742.4,mixed,tract,36081081800,5,1.0,1937.7,2335.3
3759,892a103b613ffff,Queens,QN1001,South Ozone Park,230,2033.3,200.7,0.6075,1488.4,mixed,block_group,360810180001,3,1.0,1832.6,2234.0
3760,892a103b617ffff,Queens,QN1203,Baisley Park,266,2105.8,347.9,0.6793,1667.1,mixed,block_group,360810790002,2,1.0,1757.9,2453.7
3761,892a103b61bffff,Queens,QN1001,South Ozone Park,273,2090.0,163.4,0.6615,1622.2,mixed,block_group,360810180001,6,1.0,1926.6,2253.4
3763,892a103b633ffff,Queens,QN1203,Baisley Park,415,1962.8,549.8,0.5464,1322.0,mixed,block_group,360810792002,2,1.0,1413.0,2512.6
3764,892a103b63bffff,Queens,QN1001,South Ozone Park,177,2110.6,292.6,0.684,1679.5,mixed,block_group,360810814003,3,1.0,1818.0,2403.2
3765,892a103b643ffff,Queens,QN1001,South Ozone Park,264,1867.8,277.4,0.4498,1091.5,mixed,tract,36081084000,2,1.0,1590.4,2145.2
3766,892a103b647ffff,Queens,QN1001,South Ozone Park,351,2041.3,264.2,0.6165,1511.5,mixed,block_group,360810840001,3,1.0,1777.1,2305.5
3767,892a103b64bffff,Queens,QN1001,South Ozone Park,364,1917.0,298.0,0.4943,1208.2,tract,tract,36081084000,1,1.0,1619.0,2215.0
3768,892a103b64fffff,Queens,QN1001,South Ozone Park,337,2154.0,387.4,0.7204,1783.8,mixed,tract,36081084000,3,1.0,1766.6,2541.4
3769,892a103b653ffff,Queens,QN1001,South Ozone Park,384,2333.4,419.0,0.8335,2107.5,block_group,block_group,360810176001,4,1.0,1914.4,2752.4
3770,892a103b657ffff,Queens,QN1001,South Ozone Park,293,2159.5,519.5,0.7249,1797.6,mixed,block_group,360810840001,4,1.0,1640.0,2679.0
3771,892a103b65bffff,Queens,QN1001,South Ozone Park,405,1760.7,282.5,0.3429,825.4,mixed,tract,36081016600,3,1.0,1478.2,2043.2
3772,892a103b663ffff,Queens,QN1001,South Ozone Park,231,2275.7,199.9,0.804,2012.9,mixed,block_group,360810838001,4,1.0,2075.8,2475.6
3773,892a103b667ffff,Queens,QN1001,South Ozone Park,107,1956.0,10.0,0.5358,1303.6,borough,borough,36081,1,1.0,1946.0,1966.0
3774,892a103b66bffff,Queens,QN1001,South Ozone Park,302,2214.8,297.1,0.7721,1914.2,block_group,block_group,360810846011,3,1.0,1917.7,2511.9
3775,892a103b66fffff,Queens,QN1001,South Ozone Park,127,1956.0,10.0,0.5358,1303.6,borough,borough,36081,1,1.0,1946.0,1966.0
3776,892a103b673ffff,Queens,QN1001,South Ozone Park,331,2274.1,146.5,0.8018,2008.2,block_group,block_group,360810818003,4,1.0,2127.6,2420.6
3777,892a103b677ffff,Queens,QN1001,South Ozone Park,130,2146.0,540.6,0.7142,1764.1,block_group,block_group,360810818002,2,1.0,1605.4,2686.6
3778,892a103b67bffff,Queens,QN1001,South Ozone Park,334,2524.3,518.5,0.8939,2297.8,block_group,block_group,360810838001,2,1.0,2005.8,3042.8
3779,892a103b683ffff,Queens,QN1203,Baisley Park,320,2303.4,876.3,0.8171,2053.7,block_group,block_group,360810184022,5,1.0,1427.1,3179.7
3780,892a103b687ffff,Queens,QN1203,Baisley Park,346,1970.1,684.7,0.5531,1341.0,block_group,block_group,360810184011,3,1.0,1285.4,2654.8
3781,892a103b68bffff,Queens,QN1203,Baisley Park,315,2275.2,307.6,0.803,2010.2,block_group,block_group,360810182002,2,1.0,1967.6,2582.8
3782,892a103b68fffff,Queens,QN1203,Baisley Park,291,2205.5,205.1,0.766,1897.5,block_group,block_group,360810182001,3,1.0,2000.4,2410.6
3783,892a103b693ffff,Queens,QN1203,Baisley Park,367,2005.3,243.8,0.5811,1419.2,mixed,block_group,360810186001,4,1.0,1761.5,2249.1
3784,892a103b697ffff,Queens,QN1203,Baisley Park,304,2396.4,1342.2,0.8559,2177.7,block_group,block_group,360810184022,5,1.0,1054.2,3738.6
3785,892a103b69bffff,Queens,QN1203,Baisley Park,305,2235.7,226.5,0.781,1946.1,block_group,block_group,360810188001,2,1.0,2009.2,2462.2
3786,892a103b6a3ffff,Queens,QN1203,Baisley Park,319,2324.9,469.4,0.8299,2094.1,block_group,block_group,360810790001,4,1.0,1855.5,2794.3
3787,892a103b6a7ffff,Queens,QN1203,Baisley Park,227,2106.8,730.3,0.68,1668.4,block_group,block_group,360810792001,2,1.0,1376.5,2837.1
3788,892a103b6abffff,Queens,QN1203,Baisley Park,327,1963.7,537.9,0.5479,1326.4,block_group,block_group,360810792002,2,1.0,1425.8,2501.6
3789,892a103b6afffff,Queens,QN1203,Baisley Park,416,2018.4,868.8,0.5932,1450.5,block_group,block_group,360810792001,2,1.0,1149.6,2887.2
3790,892a103b6b3ffff,Queens,QN1203,Baisley Park,332,2303.8,289.1,0.8173,2054.4,block_group,block_group,360810790001,3,1.0,2014.7,2592.9
3791,892a103b6b7ffff,Queens,QN1203,Baisley Park,317,2143.0,455.6,0.7113,1756.2,block_group,block_group,360810788001,4,1.0,1687.4,2598.6
3792,892a103b6bbffff,Queens,QN1203,Baisley Park,335,2198.4,426.0,0.7602,1881.6,block_group,block_group,360810790002,3,1.0,1772.4,2624.4
3793,892a103b6c3ffff,Queens,QN1001,South Ozone Park,408,1966.9,623.7,0.5504,1334.6,mixed,block_group,360810174001,2,1.0,1343.2,2590.6
3794,892a103b6c7ffff,Queens,QN1001,South Ozone Park,297,2141.1,263.2,0.7104,1753.6,mixed,block_group,360810178002,3,1.0,1877.9,2404.3
3795,892a103b6cbffff,Queens,QN1001,South Ozone Park,403,2452.0,258.4,0.8726,2235.3,block_group,block_group,360810174002,4,1.0,2193.6,2710.4
3796,892a103b6cfffff,Queens,QN1001,South Ozone Park,367,2312.8,452.7,0.8223,2069.9,mixed,block_group,360810178001,4,1.0,1860.1,2765.5
3797,892a103b6d3ffff,Queens,QN1202,South Jamaica,185,2016.7,395.0,0.5912,1444.1,block_group,block_group,360810194001,4,1.0,1621.7,2411.7
3798,892a103b6d7ffff,Queens,QN1203,Baisley Park,134,2196.1,228.2,0.753,1875.0,mixed,block_group,360810188001,4,1.0,1967.9,2424.3
3799,892a103b6dbffff,Queens,QN1001,South Ozone Park,364,1828.1,741.7,0.4074,986.9,mixed,block_group,360810172002,5,1.0,1086.4,2569.8
3800,892a1060003ffff,Staten Island,SI0204,New Springville-Willowbrook-Bulls Head-Travis,101,1932.0,449.0,0.5055,1242.0,block_group,block_group,360850291022,1,1.0,1483.0,2381.0
3801,892a106000bffff,Staten Island,SI0204,New Springville-Willowbrook-Bulls Head-Travis,19,1932.0,449.0,0.5055,1242.0,block_group,block_group,360850291022,1,1.0,1483.0,2381.0
3803,892a1060013ffff,Staten Island,SI0204,New Springville-Willowbrook-Bulls Head-Travis,185,1932.0,449.0,0.5055,1242.0,block_group,block_group,360850291022,1,1.0,1483.0,2381.0
3804,892a1060017ffff,Staten Island,SI0204,New Springville-Willowbrook-Bulls Head-Travis,65,1932.0,449.0,0.5055,1242.0,block_group,block_group,360850291022,1,1.0,1483.0,2381.0
3805,892a106001bffff,Staten Island,SI0204,New Springville-Willowbrook-Bulls Head-Travis,61,1966.2,367.2,0.5502,1334.0,mixed,block_group,360850291022,2,1.0,1599.0,2333.4
3814,892a1060073ffff,Staten Island,SI0204,New Springville-Willowbrook-Bulls Head-Travis,6,1932.0,449.0,0.5055,1242.0,block_group,block_group,360850291022,1,1.0,1483.0,2381.0
3816,892a106008bffff,Staten Island,SI0204,New Springville-Willowbrook-Bulls Head-Travis,307,1964.1,370.1,0.5483,1327.7,mixed,block_group,360850291022,2,1.0,1594.0,2334.2
3818,892a106009bffff,Staten Island,SI0204,New Springville-Willowbrook-Bulls Head-Travis,24,1955.2,386.4,0.5308,1301.1,mixed,block_group,360850291022,2,1.0,1568.8,2341.6
3820,892a10600c7ffff,Staten Island,SI0204,New Springville-Willowbrook-Bulls Head-Travis,166,2071.0,578.0,0.6433,1582.6,tract,tract,36085029102,1,1.0,1493.0,2649.0
3824,892a10600d7ffff,Staten Island,SI0204,New Springville-Willowbrook-Bulls Head-Travis,26,2071.0,578.0,0.6433,1582.6,tract,tract,36085029102,1,1.0,1493.0,2649.0
3826,892a1060127ffff,Staten Island,SI0302,Great Kills-Eltingville,78,2094.3,212.7,0.6662,1634.5,mixed,block_group,360850170121,2,1.0,1881.6,2307.0
3827,892a106012bffff,Staten Island,SI0303,Arden Heights-Rossville,219,1589.0,581.0,0.1906,479.6,block_group,block_group,360850170161,1,1.0,1008.0,2170.0
3828,892a106012fffff,Staten Island,SI0303,Arden Heights-Rossville,181,1589.0,581.0,0.1906,479.6,block_group,block_group,360850170161,1,1.0,1008.0,2170.0
3830,892a1060163ffff,Staten Island,SI0303,Arden Heights-Rossville,248,1856.4,1211.4,0.4398,1065.1,mixed,block_group,360850170072,2,1.0,645.0,3067.8
3831,892a1060167ffff,Staten Island,SI0303,Arden Heights-Rossville,293,1755.2,879.8,0.3363,809.4,block_group,block_group,360850170072,2,1.0,875.4,2635.0
3832,892a106016fffff,Staten Island,SI0303,Arden Heights-Rossville,540,1846.8,278.6,0.4297,1038.1,mixed,tract,36085017007,3,1.0,1568.2,2125.4
3833,892a1060183ffff,Staten Island,SI0204,New Springville-Willowbrook-Bulls Head-Travis,5,2113.0,194.0,0.6862,1685.4,block_group,block_group,360850277022,1,1.0,1919.0,2307.0
3834,892a1060187ffff,Staten Island,SI0203,Todt Hill-Emerson Hill-Lighthouse Hill-Manor Heights,13,2113.0,194.0,0.6862,1685.4,block_group,block_group,360850277022,1,1.0,1919.0,2307.0
3836,892a1060193ffff,Staten Island,SI0204,New Springville-Willowbrook-Bulls Head-Travis,205,2203.0,352.0,0.7639,1892.2,block_group,block_group,360850277023,1,1.0,1851.0,2555.0
3837,892a1060197ffff,Staten Island,SI0204,New Springville-Willowbrook-Bulls Head-Travis,139,2162.2,211.6,0.7267,1803.6,block_group,block_group,360850277023,2,1.0,1950.6,2373.8
3852,892a1060417ffff,Staten Island,SI0204,New Springville-Willowbrook-Bulls Head-Travis,30,2314.0,385.0,0.8235,2073.2,tract,tract,36085029105,1,1.0,1929.0,2699.0
3854,892a106043bffff,Staten Island,SI0204,New Springville-Willowbrook-Bulls Head-Travis,1,2314.0,385.0,0.8235,2073.2,tract,tract,36085029105,1,1.0,1929.0,2699.0
3863,892a1060467ffff,Staten Island,SI0204,New Springville-Willowbrook-Bulls Head-Travis,16,2071.0,578.0,0.6433,1582.6,tract,tract,36085029102,1,1.0,1493.0,2649.0
3869,892a1060483ffff,Staten Island,SI0204,New Springville-Willowbrook-Bulls Head-Travis,263,2252.0,258.0,0.7905,1972.1,block_group,block_group,360850291042,1,1.0,1994.0,2510.0
3870,892a1060487ffff,Staten Island,SI0204,New Springville-Willowbrook-Bulls Head-Travis,295,2236.6,293.4,0.7817,1948.8,mixed,tract,36085029105,3,1.0,1943.2,2530.0
3872,892a106048fffff,Staten Island,SI0204,New Springville-Willowbrook-Bulls Head-Travis,140,2313.6,382.3,0.823,2072.5,mixed,tract,36085029105,2,1.0,1931.3,2695.9
3873,892a1060493ffff,Staten Island,SI0204,New Springville-Willowbrook-Bulls Head-Travis,323,2195.8,236.3,0.7528,1874.3,mixed,block_group,360850291042,2,1.0,1959.5,2432.1
3874,892a1060497ffff,Staten Island,SI0204,New Springville-Willowbrook-Bulls Head-Travis,325,1838.6,885.8,0.4214,1016.1,block_group,block_group,360850291043,2,1.0,952.8,2724.4
3875,892a106049bffff,Staten Island,SI0204,New Springville-Willowbrook-Bulls Head-Travis,11,2252.0,258.0,0.7905,1972.1,block_group,block_group,360850291042,1,1.0,1994.0,2510.0
3876,892a10604a3ffff,Staten Island,SI0204,New Springville-Willowbrook-Bulls Head-Travis,279,2379.7,400.4,0.8503,2161.5,block_group,block_group,360850291053,2,1.0,1979.3,2780.1
3877,892a10604a7ffff,Staten Island,SI0204,New Springville-Willowbrook-Bulls Head-Travis,186,2199.0,465.4,0.7607,1882.9,mixed,block_group,360850291053,3,1.0,1733.6,2664.4
3878,892a10604abffff,Staten Island,SI0204,New Springville-Willowbrook-Bulls Head-Travis,186,2594.9,382.0,0.9152,2371.6,mixed,block_group,360850291052,2,1.0,2212.9,2976.9
3879,892a10604afffff,Staten Island,SI0204,New Springville-Willowbrook-Bulls Head-Travis,123,2420.3,327.3,0.8643,2204.1,block_group,block_group,360850291052,3,1.0,2093.0,2747.6
3880,892a10604b3ffff,Staten Island,SI0204,New Springville-Willowbrook-Bulls Head-Travis,95,2191.4,572.1,0.7505,1867.0,mixed,block_group,360850291053,2,1.0,1619.3,2763.5
3881,892a10604b7ffff,Staten Island,SI0204,New Springville-Willowbrook-Bulls Head-Travis,167,1794.7,158.5,0.3727,900.5,mixed,tract,36085027301,2,1.0,1636.2,1953.2
3882,892a10604bbffff,Staten Island,SI0204,New Springville-Willowbrook-Bulls Head-Travis,313,2392.5,315.6,0.8541,2174.3,mixed,tract,36085029105,2,1.0,2076.9,2708.1
3890,892a1060503ffff,Staten Island,SI0204,New Springville-Willowbrook-Bulls Head-Travis,313,2102.7,193.6,0.6745,1658.6,block_group,block_group,360850277062,5,1.0,1909.1,2296.3
3891,892a1060507ffff,Staten Island,SI0204,New Springville-Willowbrook-Bulls Head-Travis,399,1705.5,293.5,0.2814,696.4,block_group,block_group,360850277053,2,1.0,1412.0,1999.0
3892,892a106050bffff,Staten Island,SI0204,New Springville-Willowbrook-Bulls Head-Travis,168,2039.1,886.6,0.6139,1507.0,block_group,block_group,360850277063,2,1.0,1152.5,2925.7
3893,892a106050fffff,Staten Island,SI0204,New Springville-Willowbrook-Bulls Head-Travis,567,1962.9,361.4,0.5466,1322.6,block_group,block_group,360850277022,3,1.0,1601.5,2324.3
3894,892a1060513ffff,Staten Island,SI0204,New Springville-Willowbrook-Bulls Head-Travis,218,1668.8,290.9,0.2472,616.1,block_group,block_group,360850277061,2,1.0,1377.9,1959.7
3895,892a1060517ffff,Staten Island,SI0204,New Springville-Willowbrook-Bulls Head-Travis,391,2007.5,826.4,0.5834,1424.9,block_group,block_group,360850277051,2,1.0,1181.1,2833.9
3896,892a106051bffff,Staten Island,SI0204,New Springville-Willowbrook-Bulls Head-Travis,142,2073.1,126.3,0.6461,1588.4,block_group,block_group,360850277062,2,1.0,1946.8,2199.4
3897,892a1060523ffff,Staten Island,SI0204,New Springville-Willowbrook-Bulls Head-Travis,386,1485.8,140.9,0.1402,355.4,block_group,block_group,360850277024,2,1.0,1344.9,1626.7
3898,892a1060527ffff,Staten Island,SI0204,New Springville-Willowbrook-Bulls Head-Travis,291,2408.0,265.0,0.8597,2190.6,block_group,block_group,360850277021,1,1.0,2143.0,2673.0
3899,892a106052bffff,Staten Island,SI0204,New Springville-Willowbrook-Bulls Head-Travis,469,1723.4,170.1,0.2986,737.7,block_group,block_group,360850277024,2,1.0,1553.3,1893.5
3900,892a106052fffff,Staten Island,SI0204,New Springville-Willowbrook-Bulls Head-Travis,524,2271.6,224.5,0.8012,2006.2,block_group,block_group,360850277023,3,1.0,2047.1,2496.1
3901,892a1060533ffff,Staten Island,SI0204,New Springville-Willowbrook-Bulls Head-Travis,397,1748.1,242.3,0.3274,791.1,block_group,block_group,360850277041,4,1.0,1505.8,1990.4
3902,892a1060537ffff,Staten Island,SI0204,New Springville-Willowbrook-Bulls Head-Travis,219,2355.3,243.6,0.8409,2131.1,block_group,block_group,360850277021,3,1.0,2111.7,2598.9
3903,892a106053bffff,Staten Island,SI0204,New Springville-Willowbrook-Bulls Head-Travis,258,1727.0,125.7,0.3029,748.8,block_group,block_group,360850277022,3,1.0,1601.3,1852.7
3905,892a1060573ffff,Staten Island,SI0204,New Springville-Willowbrook-Bulls Head-Travis,243,2113.0,194.0,0.6862,1685.4,block_group,block_group,360850277022,1,1.0,1919.0,2307.0
3907,892a1060583ffff,Staten Island,SI0204,New Springville-Willowbrook-Bulls Head-Travis,17,1691.0,123.0,0.2663,662.4,tract,tract,36085027301,1,1.0,1568.0,1814.0
3908,892a1060587ffff,Staten Island,SI0204,New Springville-Willowbrook-Bulls Head-Travis,252,1691.0,123.0,0.2663,662.4,tract,tract,36085027301,1,1.0,1568.0,1814.0
3909,892a106058bffff,Staten Island,SI0204,New Springville-Willowbrook-Bulls Head-Travis,268,1684.9,114.5,0.2618,651.5,mixed,tract,36085027301,2,1.0,1570.4,1799.4
3910,892a106058fffff,Staten Island,SI0204,New Springville-Willowbrook-Bulls Head-Travis,342,1912.1,632.5,0.4898,1197.6,mixed,block_group,360850277051,2,1.0,1279.6,2544.6
3912,892a1060597ffff,Staten Island,SI0204,New Springville-Willowbrook-Bulls Head-Travis,1,1691.0,123.0,0.2663,662.4,tract,tract,36085027301,1,1.0,1568.0,1814.0
3914,892a10605a3ffff,Staten Island,SI0204,New Springville-Willowbrook-Bulls Head-Travis,351,2167.0,1618.0,0.7312,1818.1,block_group,block_group,360850277042,1,1.0,549.0,3785.0
3915,892a10605a7ffff,Staten Island,SI0203,Todt Hill-Emerson Hill-Lighthouse Hill-Manor Heights,101,2167.0,1618.0,0.7312,1818.1,block_group,block_group,360850277042,1,1.0,549.0,3785.0
3916,892a10605abffff,Staten Island,SI0204,New Springville-Willowbrook-Bulls Head-Travis,321,1961.9,383.1,0.545,1318.8,block_group,block_group,360850277041,4,1.0,1578.8,2345.0
3917,892a10605afffff,Staten Island,SI0204,New Springville-Willowbrook-Bulls Head-Travis,341,2001.5,447.0,0.5775,1410.9,block_group,block_group,360850277041,2,1.0,1554.5,2448.5
3918,892a10605b3ffff,Staten Island,SI0204,New Springville-Willowbrook-Bulls Head-Travis,323,1819.2,445.0,0.398,964.4,mixed,tract,36085027301,2,1.0,1374.2,2264.2
3919,892a10605b7ffff,Staten Island,SI0203,Todt Hill-Emerson Hill-Lighthouse Hill-Manor Heights,100,2167.0,1618.0,0.7312,1818.1,block_group,block_group,360850277042,1,1.0,549.0,3785.0
3920,892a10605bbffff,Staten Island,SI0204,New Springville-Willowbrook-Bulls Head-Travis,368,2044.6,773.1,0.6186,1517.3,mixed,block_group,360850277051,3,1.0,1271.5,2817.7
3921,892a10605c3ffff,Staten Island,SI0204,New Springville-Willowbrook-Bulls Head-Travis,245,1784.3,314.3,0.3617,874.8,mixed,block_group,360850291062,3,1.0,1470.0,2098.6
3922,892a10605c7ffff,Staten Island,SI0204,New Springville-Willowbrook-Bulls Head-Travis,220,1638.9,227.8,0.2199,551.7,mixed,block_group,360850277061,3,1.0,1411.1,1866.7
3923,892a10605cbffff,Staten Island,SI0204,New Springville-Willowbrook-Bulls Head-Travis,233,1725.3,308.0,0.3007,743.0,block_group,block_group,360850291062,2,1.0,1417.3,2033.3
3924,892a10605cfffff,Staten Island,SI0204,New Springville-Willowbrook-Bulls Head-Travis,273,1598.0,341.0,0.1959,493.9,block_group,block_group,360850291062,1,1.0,1257.0,1939.0
3926,892a10605d7ffff,Staten Island,SI0204,New Springville-Willowbrook-Bulls Head-Travis,84,1691.0,123.0,0.2663,662.4,tract,tract,36085027301,1,1.0,1568.0,1814.0
3927,892a10605dbffff,Staten Island,SI0204,New Springville-Willowbrook-Bulls Head-Travis,276,2288.0,718.0,0.8093,2029.6,block_group,block_group,360850291061,1,1.0,1570.0,3006.0
3939,892a10606afffff,Staten Island,SI0204,New Springville-Willowbrook-Bulls Head-Travis,1,2071.0,578.0,0.6433,1582.6,tract,tract,36085029102,1,1.0,1493.0,2649.0
3943,892a1060803ffff,Staten Island,SI0304,Annadale-Huguenot-Prince's Bay-Woodrow,54,2520.0,1558.0,0.8917,2293.8,tract,tract,36085017600,1,1.0,962.0,4078.0
3944,892a1060807ffff,Staten Island,SI0304,Annadale-Huguenot-Prince's Bay-Woodrow,30,2520.0,1558.0,0.8917,2293.8,tract,tract,36085017600,1,1.0,962.0,4078.0
3945,892a106080bffff,Staten Island,SI0304,Annadale-Huguenot-Prince's Bay-Woodrow,19,2687.7,272.2,0.9399,2449.0,mixed,block_group,360850176001,2,1.0,2415.5,2959.9
3947,892a1060813ffff,Staten Island,SI0304,Annadale-Huguenot-Prince's Bay-Woodrow,35,2520.0,1558.0,0.8917,2293.8,tract,tract,36085017600,1,1.0,962.0,4078.0
3948,892a1060817ffff,Staten Island,SI0304,Annadale-Huguenot-Prince's Bay-Woodrow,61,2520.0,1558.0,0.8917,2293.8,tract,tract,36085017600,1,1.0,962.0,4078.0
3949,892a106081bffff,Staten Island,SI0304,Annadale-Huguenot-Prince's Bay-Woodrow,73,2233.0,1070.7,0.7799,1942.1,mixed,tract,36085017600,2,1.0,1162.3,3303.7
3950,892a1060823ffff,Staten Island,SI0304,Annadale-Huguenot-Prince's Bay-Woodrow,9,2520.0,1558.0,0.8917,2293.8,tract,tract,36085017600,1,1.0,962.0,4078.0
3951,892a106082bffff,Staten Island,SI0304,Annadale-Huguenot-Prince's Bay-Woodrow,77,2520.0,1558.0,0.8917,2293.8,tract,tract,36085017600,1,1.0,962.0,4078.0
3952,892a106082fffff,Staten Island,SI0304,Annadale-Huguenot-Prince's Bay-Woodrow,49,2520.0,1558.0,0.8917,2293.8,tract,tract,36085017600,1,1.0,962.0,4078.0
3953,892a1060833ffff,Staten Island,SI0304,Annadale-Huguenot-Prince's Bay-Woodrow,142,2520.0,1558.0,0.8917,2293.8,tract,tract,36085017600,1,1.0,962.0,4078.0
3954,892a1060837ffff,Staten Island,SI0304,Annadale-Huguenot-Prince's Bay-Woodrow,90,2520.0,1558.0,0.8917,2293.8,tract,tract,36085017600,1,1.0,962.0,4078.0
3955,892a106083bffff,Staten Island,SI0304,Annadale-Huguenot-Prince's Bay-Woodrow,51,2520.0,1558.0,0.8917,2293.8,tract,tract,36085017600,1,1.0,962.0,4078.0
3956,892a1060843ffff,Staten Island,SI0304,Annadale-Huguenot-Prince's Bay-Woodrow,151,1542.3,65.6,0.1653,418.7,block_group,block_group,360850170051,2,1.0,1476.7,1607.9
3957,892a1060847ffff,Staten Island,SI0304,Annadale-Huguenot-Prince's Bay-Woodrow,11,2697.0,274.0,0.9421,2455.2,block_group,block_group,360850176001,1,1.0,2423.0,2971.0
3958,892a106084bffff,Staten Island,SI0304,Annadale-Huguenot-Prince's Bay-Woodrow,40,1366.0,63.0,0.0971,255.0,block_group,block_group,360850170051,1,1.0,1303.0,1429.0
3959,892a106084fffff,Staten Island,SI0304,Annadale-Huguenot-Prince's Bay-Woodrow,150,2546.2,243.1,0.9001,2319.7,block_group,block_group,360850176001,2,1.0,2303.1,2789.3
3960,892a1060853ffff,Staten Island,SI0304,Annadale-Huguenot-Prince's Bay-Woodrow,213,1366.0,63.0,0.0971,255.0,block_group,block_group,360850170051,1,1.0,1303.0,1429.0
3961,892a1060857ffff,Staten Island,SI0304,Annadale-Huguenot-Prince's Bay-Woodrow,117,1742.4,125.2,0.3209,779.3,mixed,block_group,360850170051,4,1.0,1617.2,1867.6
3962,892a106085bffff,Staten Island,SI0304,Annadale-Huguenot-Prince's Bay-Woodrow,101,1378.2,62.4,0.1005,264.0,block_group,block_group,360850170051,2,1.0,1315.8,1440.6
3963,892a1060863ffff,Staten Island,SI0304,Annadale-Huguenot-Prince's Bay-Woodrow,40,2697.0,274.0,0.9421,2455.2,block_group,block_group,360850176001,1,1.0,2423.0,2971.0
3964,892a1060867ffff,Staten Island,SI0304,Annadale-Huguenot-Prince's Bay-Woodrow,23,2520.0,1558.0,0.8917,2293.8,tract,tract,36085017600,1,1.0,962.0,4078.0
3965,892a106086bffff,Staten Island,SI0304,Annadale-Huguenot-Prince's Bay-Woodrow,31,2697.0,274.0,0.9421,2455.2,block_group,block_group,360850176001,1,1.0,2423.0,2971.0
3966,892a106086fffff,Staten Island,SI0304,Annadale-Huguenot-Prince's Bay-Woodrow,6,2697.0,274.0,0.9421,2455.2,block_group,block_group,360850176001,1,1.0,2423.0,2971.0
3967,892a1060873ffff,Staten Island,SI0304,Annadale-Huguenot-Prince's Bay-Woodrow,3,2697.0,274.0,0.9421,2455.2,block_group,block_group,360850176001,1,1.0,2423.0,2971.0
3968,892a1060877ffff,Staten Island,SI0304,Annadale-Huguenot-Prince's Bay-Woodrow,65,2680.7,287.3,0.9388,2445.6,mixed,block_group,360850176001,2,1.0,2393.4,2968.0
3969,892a106087bffff,Staten Island,SI0304,Annadale-Huguenot-Prince's Bay-Woodrow,34,2697.0,274.0,0.9421,2455.2,block_group,block_group,360850176001,1,1.0,2423.0,2971.0
3970,892a1060883ffff,Staten Island,SI0302,Great Kills-Eltingville,171,2185.0,627.0,0.746,1854.5,tract,tract,36085015602,1,1.0,1558.0,2812.0
3971,892a1060887ffff,Staten Island,SI0302,Great Kills-Eltingville,126,2185.0,627.0,0.746,1854.5,tract,tract,36085015602,1,1.0,1558.0,2812.0
3972,892a106088bffff,Staten Island,SI0304,Annadale-Huguenot-Prince's Bay-Woodrow,84,2330.2,872.5,0.8317,2100.8,mixed,tract,36085017600,3,1.0,1457.7,3202.7
3973,892a106088fffff,Staten Island,SI0304,Annadale-Huguenot-Prince's Bay-Woodrow,95,2315.5,717.5,0.8246,2076.6,tract,tract,36085015602,2,1.0,1598.0,3033.0
3974,892a1060893ffff,Staten Island,SI0302,Great Kills-Eltingville,135,2117.0,423.6,0.6896,1694.6,mixed,tract,36085015602,2,1.0,1693.4,2540.6
3975,892a1060897ffff,Staten Island,SI0302,Great Kills-Eltingville,153,2108.7,456.3,0.6818,1674.3,mixed,tract,36085015602,3,1.0,1652.4,2565.0
3976,892a106089bffff,Staten Island,SI0302,Great Kills-Eltingville,210,2162.1,1194.5,0.7265,1802.9,mixed,block_group,360850170112,2,1.0,967.6,3356.6
3977,892a10608a3ffff,Staten Island,SI0302,Great Kills-Eltingville,139,2365.8,888.8,0.8448,2143.9,tract,tract,36085017600,2,1.0,1477.0,3254.6
3978,892a10608a7ffff,Staten Island,SI0302,Great Kills-Eltingville,189,1891.3,822.7,0.4694,1145.3,mixed,block_group,360850156031,3,1.0,1068.6,2714.0
3979,892a10608abffff,Staten Island,SI0304,Annadale-Huguenot-Prince's Bay-Woodrow,112,2520.0,1558.0,0.8917,2293.8,tract,tract,36085017600,1,1.0,962.0,4078.0
3980,892a10608afffff,Staten Island,SI0304,Annadale-Huguenot-Prince's Bay-Woodrow,167,2520.0,1558.0,0.8917,2293.8,tract,tract,36085017600,1,1.0,962.0,4078.0
3981,892a10608b3ffff,Staten Island,SI0302,Great Kills-Eltingville,139,2185.0,627.0,0.746,1854.5,tract,tract,36085015602,1,1.0,1558.0,2812.0
3982,892a10608b7ffff,Staten Island,SI0302,Great Kills-Eltingville,104,1980.7,537.4,0.5634,1370.8,mixed,tract,36085015602,2,1.0,1443.3,2518.1
3983,892a10608bbffff,Staten Island,SI0304,Annadale-Huguenot-Prince's Bay-Woodrow,122,2333.3,773.1,0.8333,2106.8,tract,tract,36085015602,2,1.0,1560.2,3106.4
3984,892a10608c3ffff,Staten Island,SI0304,Annadale-Huguenot-Prince's Bay-Woodrow,191,1609.0,279.0,0.2019,509.9,block_group,block_group,360850170052,1,1.0,1330.0,1888.0
3985,892a10608c7ffff,Staten Island,SI0304,Annadale-Huguenot-Prince's Bay-Woodrow,209,1656.9,276.7,0.2333,584.9,mixed,block_group,360850170052,2,1.0,1380.2,1933.6
3986,892a10608cbffff,Staten Island,SI0304,Annadale-Huguenot-Prince's Bay-Woodrow,86,1366.0,63.0,0.0971,255.0,block_group,block_group,360850170051,1,1.0,1303.0,1429.0
3987,892a10608cfffff,Staten Island,SI0304,Annadale-Huguenot-Prince's Bay-Woodrow,183,1501.4,158.0,0.1472,372.8,block_group,block_group,360850170052,2,1.0,1343.4,1659.4
3988,892a10608d3ffff,Staten Island,SI0302,Great Kills-Eltingville,283,2050.3,1379.4,0.6249,1530.9,block_group,block_group,360850170112,2,1.0,670.9,3429.7
3989,892a10608d7ffff,Staten Island,SI0304,Annadale-Huguenot-Prince's Bay-Woodrow,215,1753.0,494.2,0.3349,805.2,block_group,block_group,360850170052,2,1.0,1258.8,2247.2
3990,892a10608dbffff,Staten Island,SI0304,Annadale-Huguenot-Prince's Bay-Woodrow,185,1490.9,138.7,0.1431,362.3,block_group,block_group,360850170051,4,1.0,1352.2,1629.6
3991,892a1060a03ffff,Staten Island,SI0304,Annadale-Huguenot-Prince's Bay-Woodrow,109,1792.1,645.3,0.3703,894.5,mixed,block_group,360850208034,4,1.0,1146.8,2437.4
3992,892a1060a07ffff,Staten Island,SI0304,Annadale-Huguenot-Prince's Bay-Woodrow,153,1432.3,60.3,0.1182,304.6,mixed,block_group,360850208043,2,1.0,1372.0,1492.6
3993,892a1060a0bffff,Staten Island,SI0304,Annadale-Huguenot-Prince's Bay-Woodrow,66,1358.0,593.0,0.0941,247.5,block_group,block_group,360850208034,1,1.0,765.0,1951.0
3994,892a1060a0fffff,Staten Island,SI0304,Annadale-Huguenot-Prince's Bay-Woodrow,157,2009.0,824.0,0.5852,1428.8,tract,tract,36085020803,1,1.0,1185.0,2833.0
3995,892a1060a13ffff,Staten Island,SI0304,Annadale-Huguenot-Prince's Bay-Woodrow,179,2590.1,1913.4,0.9135,2365.4,block_group,block_group,360850208041,2,1.0,676.7,4503.5
3996,892a1060a17ffff,Staten Island,SI0304,Annadale-Huguenot-Prince's Bay-Woodrow,28,1392.0,29.0,0.1046,274.1,block_group,block_group,360850208043,1,1.0,1363.0,1421.0
3997,892a1060a1bffff,Staten Island,SI0304,Annadale-Huguenot-Prince's Bay-Woodrow,199,1632.4,631.2,0.2156,541.6,block_group,block_group,360850208034,2,1.0,1001.2,2263.6
3998,892a1060a23ffff,Staten Island,SI0304,Annadale-Huguenot-Prince's Bay-Woodrow,119,2233.3,327.6,0.7803,1943.4,mixed,borough,36085,2,1.0,1905.7,2560.9
3999,892a1060a27ffff,Staten Island,SI0304,Annadale-Huguenot-Prince's Bay-Woodrow,74,2394.5,432.4,0.8549,2175.7,mixed,block_group,360850198004,2,1.0,1962.1,2826.9
4000,892a1060a2bffff,Staten Island,SI0304,Annadale-Huguenot-Prince's Bay-Woodrow,124,1755.3,75.1,0.3366,810.0,mixed,borough,36085,2,1.0,1680.2,1830.4
4001,892a1060a2fffff,Staten Island,SI0304,Annadale-Huguenot-Prince's Bay-Woodrow,33,1733.0,38.0,0.3114,761.1,borough,borough,36085,1,1.0,1695.0,1771.0
4002,892a1060a33ffff,Staten Island,SI0304,Annadale-Huguenot-Prince's Bay-Woodrow,100,2590.1,622.1,0.9135,2365.4,block_group,block_group,360850198004,2,1.0,1968.0,3212.2
4004,892a1060a3bffff,Staten Island,SI0304,Annadale-Huguenot-Prince's Bay-Woodrow,84,1856.6,588.7,0.44,1065.7,mixed,tract,36085020803,4,1.0,1267.9,2445.3
4005,892a1060a43ffff,Staten Island,SI0304,Annadale-Huguenot-Prince's Bay-Woodrow,143,1855.0,815.0,0.4381,1060.8,block_group,block_group,360850208031,1,1.0,1040.0,2670.0
4007,892a1060a4bffff,Staten Island,SI0304,Annadale-Huguenot-Prince's Bay-Woodrow,192,1681.7,401.4,0.2579,641.7,block_group,block_group,360850226012,2,1.0,1280.3,2083.1
4008,892a1060a4fffff,Staten Island,SI0304,Annadale-Huguenot-Prince's Bay-Woodrow,1,1855.0,815.0,0.4381,1060.8,block_group,block_group,360850208031,1,1.0,1040.0,2670.0
4009,892a1060a53ffff,Staten Island,SI0304,Annadale-Huguenot-Prince's Bay-Woodrow,343,1850.3,540.2,0.4332,1047.9,mixed,block_group,360850208031,3,1.0,1310.1,2390.5
4010,892a1060a57ffff,Staten Island,SI0304,Annadale-Huguenot-Prince's Bay-Woodrow,142,1358.0,593.0,0.0941,247.5,block_group,block_group,360850208034,1,1.0,765.0,1951.0
4011,892a1060a5bffff,Staten Island,SI0304,Annadale-Huguenot-Prince's Bay-Woodrow,262,1847.6,784.0,0.4311,1041.2,block_group,block_group,360850208031,3,1.0,1063.6,2631.6
4012,892a1060a63ffff,Staten Island,SI0304,Annadale-Huguenot-Prince's Bay-Woodrow,66,2009.0,824.0,0.5852,1428.8,tract,tract,36085020803,1,1.0,1185.0,2833.0
4013,892a1060a67ffff,Staten Island,SI0304,Annadale-Huguenot-Prince's Bay-Woodrow,80,1840.9,343.9,0.4233,1021.6,mixed,tract,36085,3,1.0,1497.0,2184.8
4014,892a1060a6bffff,Staten Island,SI0304,Annadale-Huguenot-Prince's Bay-Woodrow,96,2029.5,506.1,0.6044,1479.4,mixed,tract,36085020803,2,1.0,1523.4,2535.6
4015,892a1060a6fffff,Staten Island,SI0304,Annadale-Huguenot-Prince's Bay-Woodrow,166,1984.2,555.2,0.5656,1376.5,mixed,tract,36085020803,3,1.0,1429.0,2539.4
4016,892a1060a73ffff,Staten Island,SI0304,Annadale-Huguenot-Prince's Bay-Woodrow,95,2009.0,824.0,0.5852,1428.8,tract,tract,36085020803,1,1.0,1185.0,2833.0
4017,892a1060a77ffff,Staten Island,SI0304,Annadale-Huguenot-Prince's Bay-Woodrow,149,2009.0,824.0,0.5852,1428.8,tract,tract,36085020803,1,1.0,1185.0,2833.0
4018,892a1060a7bffff,Staten Island,SI0304,Annadale-Huguenot-Prince's Bay-Woodrow,9,2009.0,824.0,0.5852,1428.8,tract,tract,36085020803,1,1.0,1185.0,2833.0
4019,892a1060a83ffff,Staten Island,SI0304,Annadale-Huguenot-Prince's Bay-Woodrow,186,2388.5,397.9,0.8528,2169.6,block_group,block_group,360850170092,2,1.0,1990.6,2786.4
4020,892a1060a87ffff,Staten Island,SI0304,Annadale-Huguenot-Prince's Bay-Woodrow,55,2435.5,343.6,0.8687,2220.4,block_group,block_group,360850170092,2,1.0,2091.9,2779.1
4021,892a1060a8bffff,Staten Island,SI0304,Annadale-Huguenot-Prince's Bay-Woodrow,181,2198.6,826.3,0.7604,1882.3,block_group,block_group,360850208042,2,1.0,1372.3,3024.9
4022,892a1060a8fffff,Staten Island,SI0304,Annadale-Huguenot-Prince's Bay-Woodrow,140,2073.8,888.7,0.6466,1589.7,block_group,block_group,360850208042,2,1.0,1185.1,2962.5
4023,892a1060a93ffff,Staten Island,SI0304,Annadale-Huguenot-Prince's Bay-Woodrow,247,2526.6,220.4,0.895,2301.2,mixed,block_group,360850170092,2,1.0,2306.2,2747.0
4024,892a1060a97ffff,Staten Island,SI0304,Annadale-Huguenot-Prince's Bay-Woodrow,172,2599.0,295.0,0.9164,2374.3,block_group,block_group,360850170092,1,1.0,2304.0,2894.0
4025,892a1060a9bffff,Staten Island,SI0304,Annadale-Huguenot-Prince's Bay-Woodrow,197,2149.6,691.4,0.7169,1772.6,mixed,block_group,360850208042,3,1.0,1458.2,2841.0
4026,892a1060aa3ffff,Staten Island,SI0304,Annadale-Huguenot-Prince's Bay-Woodrow,89,2992.9,748.3,0.9782,2579.3,block_group,block_group,360850198004,3,1.0,2244.6,3741.2
4027,892a1060aa7ffff,Staten Island,SI0304,Annadale-Huguenot-Prince's Bay-Woodrow,64,2955.0,625.8,0.9755,2569.6,block_group,block_group,360850198004,2,1.0,2329.2,3580.8
4028,892a1060aabffff,Staten Island,SI0304,Annadale-Huguenot-Prince's Bay-Woodrow,104,1744.0,184.2,0.3224,781.7,block_group,block_group,360850208043,2,1.0,1559.8,1928.2
4030,892a1060ab3ffff,Staten Island,SI0304,Annadale-Huguenot-Prince's Bay-Woodrow,88,2424.8,218.3,0.8663,2211.6,block_group,block_group,360850176001,2,1.0,2206.5,2643.1
4031,892a1060ab7ffff,Staten Island,SI0304,Annadale-Huguenot-Prince's Bay-Woodrow,89,2697.0,274.0,0.9421,2455.2,block_group,block_group,360850176001,1,1.0,2423.0,2971.0
4032,892a1060abbffff,Staten Island,SI0304,Annadale-Huguenot-Prince's Bay-Woodrow,158,1392.0,29.0,0.1046,274.1,block_group,block_group,360850208043,1,1.0,1363.0,1421.0
4033,892a1060ac3ffff,Staten Island,SI0304,Annadale-Huguenot-Prince's Bay-Woodrow,264,2525.2,1705.9,0.8945,2299.9,mixed,block_group,360850208041,2,1.0,819.3,4231.1
4034,892a1060ac7ffff,Staten Island,SI0304,Annadale-Huguenot-Prince's Bay-Woodrow,277,2599.0,1946.0,0.9164,2374.3,block_group,block_group,360850208041,1,1.0,653.0,4545.0
4035,892a1060acbffff,Staten Island,SI0304,Annadale-Huguenot-Prince's Bay-Woodrow,175,2011.6,800.5,0.5874,1433.9,tract,tract,36085020803,2,1.0,1211.1,2812.1
4036,892a1060acfffff,Staten Island,SI0304,Annadale-Huguenot-Prince's Bay-Woodrow,241,1770.3,546.0,0.3495,843.8,mixed,tract,36085020803,3,1.0,1224.3,2316.3
4037,892a1060ad3ffff,Staten Island,SI0303,Arden Heights-Rossville,140,1925.3,491.8,0.5005,1227.6,mixed,tract,36085020806,4,1.0,1433.5,2417.1
4038,892a1060ad7ffff,Staten Island,SI0304,Annadale-Huguenot-Prince's Bay-Woodrow,244,2369.2,1167.3,0.846,2148.0,block_group,block_group,360850208041,2,1.0,1201.9,3536.5
4039,892a1060adbffff,Staten Island,SI0303,Arden Heights-Rossville,67,1909.3,312.2,0.4873,1192.0,mixed,block_group,360850208061,3,1.0,1597.1,2221.5
4042,892a1060b43ffff,Staten Island,SI0304,Annadale-Huguenot-Prince's Bay-Woodrow,63,1775.0,45.9,0.3521,850.9,mixed,borough,36085,2,1.0,1729.1,1820.9
4043,892a1060b47ffff,Staten Island,SI0304,Annadale-Huguenot-Prince's Bay-Woodrow,164,3039.9,853.5,0.9814,2591.8,mixed,block_group,360850198004,2,1.0,2186.4,3893.4
4044,892a1060b4bffff,Staten Island,SI0304,Annadale-Huguenot-Prince's Bay-Woodrow,87,1733.0,38.0,0.3114,761.1,borough,borough,36085,1,1.0,1695.0,1771.0
4045,892a1060b4fffff,Staten Island,SI0304,Annadale-Huguenot-Prince's Bay-Woodrow,92,1733.0,38.0,0.3114,761.1,borough,borough,36085,1,1.0,1695.0,1771.0
4046,892a1060b53ffff,Staten Island,SI0304,Annadale-Huguenot-Prince's Bay-Woodrow,220,2869.6,742.3,0.9661,2537.9,mixed,block_group,360850198004,2,1.0,2127.3,3611.9
4047,892a1060b57ffff,Staten Island,SI0304,Annadale-Huguenot-Prince's Bay-Woodrow,96,3056.0,864.0,0.9834,2597.3,block_group,block_group,360850198004,1,1.0,2192.0,3920.0
4048,892a1060b5bffff,Staten Island,SI0304,Annadale-Huguenot-Prince's Bay-Woodrow,86,1733.0,38.0,0.3114,761.1,borough,borough,36085,1,1.0,1695.0,1771.0
4049,892a1060b73ffff,Staten Island,SI0304,Annadale-Huguenot-Prince's Bay-Woodrow,11,3056.0,864.0,0.9834,2597.3,block_group,block_group,360850198004,1,1.0,2192.0,3920.0
4051,892a1060b83ffff,Staten Island,SI0304,Annadale-Huguenot-Prince's Bay-Woodrow,16,2821.5,837.1,0.9613,2521.3,mixed,block_group,360850198004,2,1.0,1984.4,3658.6
4052,892a1060b8bffff,Staten Island,SI0304,Annadale-Huguenot-Prince's Bay-Woodrow,21,2800.8,869.0,0.958,2508.9,mixed,block_group,360850198004,2,1.0,1931.8,3669.8
4053,892a1060b93ffff,Staten Island,SI0304,Annadale-Huguenot-Prince's Bay-Woodrow,15,2520.0,1558.0,0.8917,2293.8,tract,tract,36085017600,1,1.0,962.0,4078.0
4054,892a1060b9bffff,Staten Island,SI0304,Annadale-Huguenot-Prince's Bay-Woodrow,22,2617.5,1284.4,0.9222,2394.8,mixed,tract,36085017600,2,1.0,1333.1,3901.9
4055,892a1060bc3ffff,Staten Island,SI0304,Annadale-Huguenot-Prince's Bay-Woodrow,1,3056.0,864.0,0.9834,2597.3,block_group,block_group,360850198004,1,1.0,2192.0,3920.0
4056,892a1060bc7ffff,Staten Island,SI0304,Annadale-Huguenot-Prince's Bay-Woodrow,16,3056.0,864.0,0.9834,2597.3,block_group,block_group,360850198004,1,1.0,2192.0,3920.0
4059,892a1060bd3ffff,Staten Island,SI0304,Annadale-Huguenot-Prince's Bay-Woodrow,39,3056.0,864.0,0.9834,2597.3,block_group,block_group,360850198004,1,1.0,2192.0,3920.0
4060,892a1060bd7ffff,Staten Island,SI0304,Annadale-Huguenot-Prince's Bay-Woodrow,18,2758.2,946.9,0.9531,2491.7,mixed,tract,36085017600,2,1.0,1811.3,3705.1
4062,892a1060c03ffff,Staten Island,SI0302,Great Kills-Eltingville,284,2182.2,799.4,0.7438,1847.8,mixed,block_group,360850146041,2,1.0,1382.8,2981.6
4063,892a1060c07ffff,Staten Island,SI0302,Great Kills-Eltingville,270,2290.6,698.4,0.8105,2033.6,block_group,block_group,360850146042,2,1.0,1592.2,2989.0
4064,892a1060c0bffff,Staten Island,SI0302,Great Kills-Eltingville,302,2174.2,660.7,0.7365,1830.0,tract,tract,36085014604,2,1.0,1513.5,2834.9
4065,892a1060c0fffff,Staten Island,SI0302,Great Kills-Eltingville,334,2206.8,577.1,0.7671,1899.5,mixed,tract,36085014604,3,1.0,1629.7,2783.9
4066,892a1060c13ffff,Staten Island,SI0302,Great Kills-Eltingville,273,1588.2,339.1,0.1901,478.5,block_group,block_group,360850146082,3,1.0,1249.1,1927.3
4067,892a1060c17ffff,Staten Island,SI0302,Great Kills-Eltingville,310,2241.0,702.1,0.7851,1958.8,block_group,block_group,360850146041,2,1.0,1538.9,2943.1
4068,892a1060c1bffff,Staten Island,SI0302,Great Kills-Eltingville,310,1785.1,141.7,0.363,877.8,mixed,tract,36085014607,3,1.0,1643.4,1926.8
4069,892a1060c23ffff,Staten Island,SI0302,Great Kills-Eltingville,259,1943.7,324.2,0.5189,1270.2,mixed,tract,36085015601,2,1.0,1619.5,2267.9
4070,892a1060c27ffff,Staten Island,SI0302,Great Kills-Eltingville,214,1912.3,432.9,0.4902,1198.2,mixed,tract,36085015601,2,1.0,1479.4,2345.2
4071,892a1060c2bffff,Staten Island,SI0302,Great Kills-Eltingville,122,2005.0,437.0,0.5808,1418.6,block_group,block_group,360850156016,1,1.0,1568.0,2442.0
4072,892a1060c2fffff,Staten Island,SI0302,Great Kills-Eltingville,202,1974.8,328.3,0.5582,1354.3,mixed,block_group,360850156016,2,1.0,1646.5,2303.1
4073,892a1060c33ffff,Staten Island,SI0302,Great Kills-Eltingville,230,2093.7,451.2,0.6657,1632.6,mixed,tract,36085015601,2,1.0,1642.5,2544.9
4074,892a1060c37ffff,Staten Island,SI0302,Great Kills-Eltingville,238,1911.0,439.0,0.4887,1195.1,tract,tract,36085015601,1,1.0,1472.0,2350.0
4075,892a1060c3bffff,Staten Island,SI0302,Great Kills-Eltingville,103,2246.0,528.6,0.7875,1965.4,mixed,tract,36085014604,4,1.0,1717.4,2774.6
4076,892a1060c43ffff,Staten Island,SI0302,Great Kills-Eltingville,234,1922.6,560.9,0.4982,1220.7,mixed,block_group,360850170121,3,1.0,1361.7,2483.5
4077,892a1060c47ffff,Staten Island,SI0302,Great Kills-Eltingville,169,1987.9,636.7,0.5681,1383.5,mixed,tract,36085014604,3,1.0,1351.2,2624.6
4078,892a1060c4bffff,Staten Island,SI0302,Great Kills-Eltingville,209,1940.8,609.2,0.5161,1262.7,block_group,block_group,360850170121,2,1.0,1331.6,2550.0
4079,892a1060c4fffff,Staten Island,SI0302,Great Kills-Eltingville,257,1736.0,1341.0,0.3158,767.6,block_group,block_group,360850170122,1,1.0,395.0,3077.0
4080,892a1060c53ffff,Staten Island,SI0302,Great Kills-Eltingville,282,1869.5,216.3,0.4517,1097.1,mixed,tract,36085014607,2,1.0,1653.2,2085.8
4081,892a1060c57ffff,Staten Island,SI0302,Great Kills-Eltingville,226,1825.0,250.8,0.4036,978.4,mixed,tract,36085014607,2,1.0,1574.2,2075.8
4082,892a1060c5bffff,Staten Island,SI0302,Great Kills-Eltingville,246,2105.0,221.0,0.6776,1664.5,block_group,block_group,360850170121,1,1.0,1884.0,2326.0
4083,892a1060c63ffff,Staten Island,SI0302,Great Kills-Eltingville,266,2563.5,372.0,0.9076,2344.2,mixed,block_group,360850170111,2,1.0,2191.5,2935.5
4084,892a1060c67ffff,Staten Island,SI0302,Great Kills-Eltingville,106,2174.2,1457.9,0.7365,1830.0,mixed,block_group,360850170112,3,1.0,716.3,3632.1
4085,892a1060c6bffff,Staten Island,SI0302,Great Kills-Eltingville,288,2601.7,405.5,0.9172,2377.0,block_group,block_group,360850170111,2,1.0,2196.2,3007.2
4086,892a1060c6fffff,Staten Island,SI0302,Great Kills-Eltingville,242,2216.2,1465.8,0.7732,1918.1,block_group,block_group,360850170112,2,1.0,750.4,3682.0
4087,892a1060c73ffff,Staten Island,SI0302,Great Kills-Eltingville,266,2204.7,684.3,0.7653,1895.6,mixed,tract,36085014604,2,1.0,1520.4,2889.0
4088,892a1060c77ffff,Staten Island,SI0302,Great Kills-Eltingville,231,2195.0,700.0,0.7521,1871.7,tract,tract,36085014604,1,1.0,1495.0,2895.0
4089,892a1060c7bffff,Staten Island,SI0302,Great Kills-Eltingville,330,2512.8,401.4,0.8883,2286.9,block_group,block_group,360850170111,2,1.0,2111.4,2914.2
4090,892a1060c83ffff,Staten Island,SI0302,Great Kills-Eltingville,219,2058.3,549.1,0.6326,1552.8,mixed,tract,36085014605,2,1.0,1509.2,2607.4
4091,892a1060c87ffff,Staten Island,SI0302,Great Kills-Eltingville,183,1982.0,919.0,0.5642,1373.3,block_group,block_group,360850146052,1,1.0,1063.0,2901.0
4092,892a1060c8bffff,Staten Island,SI0302,Great Kills-Eltingville,271,1393.6,485.5,0.1052,275.1,mixed,block_group,360850146082,3,1.0,908.1,1879.1
4093,892a1060c8fffff,Staten Island,SI0302,Great Kills-Eltingville,249,1767.0,465.7,0.3474,837.2,block_group,block_group,360850146082,3,1.0,1301.3,2232.7
4094,892a1060c93ffff,Staten Island,SI0302,Great Kills-Eltingville,189,2118.9,586.0,0.6916,1698.5,tract,tract,36085014605,2,1.0,1532.9,2704.9
4095,892a1060c97ffff,Staten Island,SI0302,Great Kills-Eltingville,230,1986.5,845.5,0.5668,1380.3,block_group,block_group,360850146052,2,1.0,1141.0,2832.0
4096,892a1060c9bffff,Staten Island,SI0302,Great Kills-Eltingville,192,1982.2,391.2,0.5648,1374.6,mixed,tract,36085014605,3,1.0,1591.0,2373.4
4097,892a1060ca3ffff,Staten Island,SI0302,Great Kills-Eltingville,107,1386.0,794.0,0.1022,268.5,block_group,block_group,360850132033,1,1.0,592.0,2180.0
4098,892a1060ca7ffff,Staten Island,SI0302,Great Kills-Eltingville,142,1502.3,577.5,0.1478,374.4,mixed,block_group,360850132033,2,1.0,924.8,2079.8
4099,892a1060cabffff,Staten Island,SI0302,Great Kills-Eltingville,148,2124.5,507.4,0.6966,1713.5,mixed,block_group,360850146042,3,1.0,1617.1,2631.9
4100,892a1060cafffff,Staten Island,SI0302,Great Kills-Eltingville,112,1709.4,407.5,0.2849,704.0,mixed,tract,36085015601,2,1.0,1301.9,2116.9
4101,892a1060cb3ffff,Staten Island,SI0302,Great Kills-Eltingville,264,1974.5,702.3,0.5578,1353.6,block_group,block_group,360850146052,3,1.0,1272.2,2676.8
4102,892a1060cb7ffff,Staten Island,SI0302,Great Kills-Eltingville,206,1386.0,794.0,0.1022,268.5,block_group,block_group,360850132033,1,1.0,592.0,2180.0
4103,892a1060cbbffff,Staten Island,SI0302,Great Kills-Eltingville,178,2174.3,575.1,0.7368,1830.6,block_group,block_group,360850146042,3,1.0,1599.2,2749.4
4104,892a1060cc3ffff,Staten Island,SI0302,Great Kills-Eltingville,223,1717.8,66.5,0.2937,726.6,mixed,block_group,360850146072,2,1.0,1651.3,1784.3
4105,892a1060cc7ffff,Staten Island,SI0302,Great Kills-Eltingville,301,1590.1,190.1,0.1909,480.1,mixed,block_group,360850146072,3,1.0,1400.0,1780.2
4106,892a1060ccbffff,Staten Island,SI0302,Great Kills-Eltingville,97,1826.0,253.0,0.405,981.4,tract,tract,36085014607,1,1.0,1573.0,2079.0
4107,892a1060ccfffff,Staten Island,SI0302,Great Kills-Eltingville,406,1740.4,92.9,0.319,775.2,mixed,block_group,360850146072,2,1.0,1647.5,1833.3
4108,892a1060cd3ffff,Staten Island,SI0203,Todt Hill-Emerson Hill-Lighthouse Hill-Manor Heights,51,1733.0,38.0,0.3114,761.1,borough,borough,36085,1,1.0,1695.0,1771.0
4109,892a1060cd7ffff,Staten Island,SI0302,Great Kills-Eltingville,319,1733.0,38.0,0.3114,761.1,borough,borough,36085,1,1.0,1695.0,1771.0
4111,892a1060d1bffff,Staten Island,SI0302,Great Kills-Eltingville,174,3214.0,2429.0,0.9949,2633.3,block_group,block_group,360850156032,1,1.0,785.0,5643.0
4112,892a1060d43ffff,Staten Island,SI0302,Great Kills-Eltingville,218,1911.0,439.0,0.4887,1195.1,tract,tract,36085015601,1,1.0,1472.0,2350.0
4113,892a1060d47ffff,Staten Island,SI0302,Great Kills-Eltingville,202,2015.5,962.1,0.5905,1442.2,mixed,block_group,360850156031,3,1.0,1053.4,2977.6
4114,892a1060d4bffff,Staten Island,SI0302,Great Kills-Eltingville,164,2056.4,391.3,0.6304,1548.3,tract,tract,36085015602,2,1.0,1665.1,2447.7
4115,892a1060d4fffff,Staten Island,SI0302,Great Kills-Eltingville,147,2102.2,532.6,0.674,1656.7,mixed,tract,36085015602,3,1.0,1569.6,2634.8
4116,892a1060d53ffff,Staten Island,SI0302,Great Kills-Eltingville,245,1797.2,231.5,0.3764,908.3,mixed,block_group,360850156013,2,1.0,1565.7,2028.7
4117,892a1060d57ffff,Staten Island,SI0302,Great Kills-Eltingville,269,2980.5,2005.7,0.9776,2577.2,mixed,block_group,360850156032,3,1.0,974.8,4986.2
4118,892a1060d5bffff,Staten Island,SI0302,Great Kills-Eltingville,205,1911.0,439.0,0.4887,1195.1,tract,tract,36085015601,1,1.0,1472.0,2350.0
4119,892a1060d7bffff,Staten Island,SI0302,Great Kills-Eltingville,62,1673.6,932.6,0.2502,624.6,mixed,block_group,360850156031,2,1.0,741.0,2606.2
4120,892a1060dc3ffff,Staten Island,SI0302,Great Kills-Eltingville,185,2367.8,562.8,0.8456,2146.6,mixed,block_group,360850156033,3,1.0,1805.0,2930.6
4121,892a1060dc7ffff,Staten Island,SI0302,Great Kills-Eltingville,232,2968.2,956.0,0.9773,2575.9,block_group,block_group,360850156033,2,1.0,2012.2,3924.2
4122,892a1060dcbffff,Staten Island,SI0302,Great Kills-Eltingville,243,1747.7,170.1,0.327,789.9,mixed,block_group,360850156013,2,1.0,1577.6,1917.8
4123,892a1060dcfffff,Staten Island,SI0302,Great Kills-Eltingville,201,2679.5,1512.1,0.9387,2444.9,block_group,block_group,360850156032,3,1.0,1167.4,4191.6
4124,892a1060dd3ffff,Staten Island,SI0302,Great Kills-Eltingville,208,2306.0,503.0,0.8185,2058.4,mixed,tract,36085013203,2,1.0,1803.0,2809.0
4125,892a1060ddbffff,Staten Island,SI0302,Great Kills-Eltingville,215,1837.5,260.3,0.4211,1014.9,mixed,tract,36085013203,3,1.0,1577.2,2097.8
4126,892a1060e03ffff,Staten Island,SI0303,Arden Heights-Rossville,106,1723.5,745.7,0.2988,738.3,mixed,block_group,360850170071,2,1.0,977.8,2469.2
4127,892a1060e07ffff,Staten Island,SI0304,Annadale-Huguenot-Prince's Bay-Woodrow,202,2052.5,137.0,0.6264,1536.0,mixed,block_group,360850170093,3,1.0,1915.5,2189.5
4128,892a1060e0bffff,Staten Island,SI0303,Arden Heights-Rossville,302,1223.0,786.0,0.0648,178.4,block_group,block_group,360850170141,1,1.0,437.0,2009.0
4129,892a1060e0fffff,Staten Island,SI0303,Arden Heights-Rossville,213,1613.9,1123.6,0.2038,513.8,mixed,tract,36085017014,3,1.0,490.3,2737.5
4130,892a1060e13ffff,Staten Island,SI0303,Arden Heights-Rossville,135,1837.0,774.0,0.4196,1012.5,block_group,block_group,360850170071,1,1.0,1063.0,2611.0
4131,892a1060e17ffff,Staten Island,SI0303,Arden Heights-Rossville,283,1680.8,347.0,0.2565,640.0,block_group,block_group,360850170151,2,1.0,1333.8,2027.8
4132,892a1060e1bffff,Staten Island,SI0303,Arden Heights-Rossville,6,1558.3,783.1,0.1723,436.5,block_group,block_group,360850170132,2,1.0,775.2,2341.4
4133,892a1060e23ffff,Staten Island,SI0304,Annadale-Huguenot-Prince's Bay-Woodrow,55,2231.8,83.5,0.7795,1940.8,mixed,block_group,360850170093,2,1.0,2148.3,2315.3
4134,892a1060e27ffff,Staten Island,SI0304,Annadale-Huguenot-Prince's Bay-Woodrow,125,1379.8,62.0,0.101,265.5,block_group,block_group,360850170051,2,1.0,1317.8,1441.8
4135,892a1060e2bffff,Staten Island,SI0304,Annadale-Huguenot-Prince's Bay-Woodrow,120,2328.6,156.0,0.8313,2099.4,mixed,tract,36085017009,3,1.0,2172.6,2484.6
4136,892a1060e2fffff,Staten Island,SI0304,Annadale-Huguenot-Prince's Bay-Woodrow,176,2552.9,258.3,0.9029,2328.5,block_group,block_group,360850170092,2,1.0,2294.6,2811.2
4137,892a1060e33ffff,Staten Island,SI0304,Annadale-Huguenot-Prince's Bay-Woodrow,229,2230.0,85.0,0.7792,1939.4,block_group,block_group,360850170093,1,1.0,2145.0,2315.0
4138,892a1060e37ffff,Staten Island,SI0304,Annadale-Huguenot-Prince's Bay-Woodrow,96,1537.0,53.3,0.1624,411.7,block_group,block_group,360850170051,2,1.0,1483.7,1590.3
4139,892a1060e3bffff,Staten Island,SI0304,Annadale-Huguenot-Prince's Bay-Woodrow,172,2243.7,76.5,0.7865,1962.8,mixed,block_group,360850170093,2,1.0,2167.2,2320.2
4140,892a1060e43ffff,Staten Island,SI0303,Arden Heights-Rossville,283,1681.0,233.9,0.257,640.6,block_group,block_group,360850170131,2,1.0,1447.1,1914.9
4141,892a1060e47ffff,Staten Island,SI0303,Arden Heights-Rossville,231,1702.1,82.3,0.2781,687.8,block_group,block_group,360850170131,2,1.0,1619.8,1784.4
4142,892a1060e4bffff,Staten Island,SI0303,Arden Heights-Rossville,31,1750.0,45.0,0.3303,797.0,block_group,block_group,360850170131,1,1.0,1705.0,1795.0
4143,892a1060e4fffff,Staten Island,SI0303,Arden Heights-Rossville,127,1750.0,45.0,0.3303,797.0,block_group,block_group,360850170131,1,1.0,1705.0,1795.0
4144,892a1060e53ffff,Staten Island,SI0303,Arden Heights-Rossville,362,1425.4,1087.6,0.115,296.9,block_group,block_group,360850170132,2,1.0,337.8,2513.0
4145,892a1060e57ffff,Staten Island,SI0303,Arden Heights-Rossville,286,1419.0,1109.0,0.112,291.3,block_group,block_group,360850170132,1,1.0,310.0,2528.0
4146,892a1060e63ffff,Staten Island,SI0303,Arden Heights-Rossville,239,1577.7,1080.2,0.1832,462.6,mixed,tract,36085017014,3,1.0,497.5,2657.9
4147,892a1060e67ffff,Staten Island,SI0304,Annadale-Huguenot-Prince's Bay-Woodrow,188,2277.7,174.2,0.8053,2016.9,tract,tract,36085017009,2,1.0,2103.5,2451.9
4148,892a1060e6bffff,Staten Island,SI0303,Arden Heights-Rossville,175,1829.0,503.0,0.4083,989.3,tract,tract,36085020806,1,1.0,1326.0,2332.0
4149,892a1060e6fffff,Staten Island,SI0303,Arden Heights-Rossville,116,1982.7,599.3,0.5651,1375.2,mixed,block_group,360850208042,2,1.0,1383.4,2582.0
4150,892a1060e73ffff,Staten Island,SI0303,Arden Heights-Rossville,483,1285.6,690.6,0.0777,206.5,mixed,block_group,360850170141,2,1.0,595.0,1976.2
4151,892a1060e77ffff,Staten Island,SI0303,Arden Heights-Rossville,177,1842.2,872.2,0.4251,1026.5,mixed,tract,36085017014,3,1.0,970.0,2714.4
4152,892a1060e7bffff,Staten Island,SI0303,Arden Heights-Rossville,330,1394.9,542.8,0.1057,276.1,mixed,block_group,360850170141,3,1.0,852.1,1937.7
4153,892a1060e83ffff,Staten Island,SI0303,Arden Heights-Rossville,283,1883.5,612.9,0.4625,1126.7,block_group,block_group,360850170162,3,1.0,1270.6,2496.4
4154,892a1060e87ffff,Staten Island,SI0303,Arden Heights-Rossville,251,1962.0,993.0,0.5453,1319.4,block_group,block_group,360850170162,1,1.0,969.0,2955.0
4155,892a1060e8bffff,Staten Island,SI0303,Arden Heights-Rossville,85,1837.0,774.0,0.4196,1012.5,block_group,block_group,360850170071,1,1.0,1063.0,2611.0
4156,892a1060e8fffff,Staten Island,SI0303,Arden Heights-Rossville,308,1679.0,349.3,0.2548,636.6,block_group,block_group,360850170151,2,1.0,1329.7,2028.3
4157,892a1060e93ffff,Staten Island,SI0303,Arden Heights-Rossville,280,1798.6,594.2,0.3775,910.7,block_group,block_group,360850170162,3,1.0,1204.4,2392.8
4158,892a1060e97ffff,Staten Island,SI0303,Arden Heights-Rossville,211,1825.9,665.3,0.4047,980.8,block_group,block_group,360850170162,2,1.0,1160.6,2491.2
4159,892a1060e9bffff,Staten Island,SI0303,Arden Heights-Rossville,182,1842.1,604.8,0.4249,1025.9,mixed,block_group,360850170071,3,1.0,1237.3,2446.9
4160,892a1060ea3ffff,Staten Island,SI0302,Great Kills-Eltingville,125,1817.6,392.9,0.3967,960.2,block_group,block_group,360850170123,2,1.0,1424.7,2210.5
4161,892a1060ea7ffff,Staten Island,SI0302,Great Kills-Eltingville,231,2066.4,514.7,0.6388,1570.9,block_group,block_group,360850170123,3,1.0,1551.7,2581.1
4162,892a1060eabffff,Staten Island,SI0303,Arden Heights-Rossville,189,1700.9,350.3,0.2769,684.9,block_group,block_group,360850170151,2,1.0,1350.6,2051.2
4163,892a1060eafffff,Staten Island,SI0304,Annadale-Huguenot-Prince's Bay-Woodrow,117,1728.6,205.3,0.3042,752.3,block_group,block_group,360850170123,4,1.0,1523.3,1933.9
4164,892a1060eb3ffff,Staten Island,SI0302,Great Kills-Eltingville,159,1785.6,717.4,0.3636,879.6,block_group,block_group,360850170122,3,1.0,1068.2,2503.0
4165,892a1060eb7ffff,Staten Island,SI0302,Great Kills-Eltingville,225,2301.3,449.8,0.8159,2049.7,block_group,block_group,360850170111,3,1.0,1851.5,2751.1
4166,892a1060ebbffff,Staten Island,SI0303,Arden Heights-Rossville,284,1707.9,350.6,0.2839,701.6,block_group,block_group,360850170151,2,1.0,1357.3,2058.5
4169,892a1060ecbffff,Staten Island,SI0303,Arden Heights-Rossville,78,1776.7,673.3,0.3527,852.7,mixed,block_group,360850170071,3,1.0,1103.4,2450.0
4170,892a1060ecfffff,Staten Island,SI0303,Arden Heights-Rossville,26,1419.0,1109.0,0.112,291.3,block_group,block_group,360850170132,1,1.0,310.0,2528.0
4171,892a1060ed3ffff,Staten Island,SI0303,Arden Heights-Rossville,6,1837.0,774.0,0.4196,1012.5,block_group,block_group,360850170071,1,1.0,1063.0,2611.0
4172,892a1060ed7ffff,Staten Island,SI0303,Arden Heights-Rossville,126,1840.2,463.5,0.4229,1020.4,mixed,block_group,360850170071,2,1.0,1376.7,2303.7
4173,892a1060edbffff,Staten Island,SI0303,Arden Heights-Rossville,2,1837.0,774.0,0.4196,1012.5,block_group,block_group,360850170071,1,1.0,1063.0,2611.0
4175,892a1061827ffff,Staten Island,SI0305,Tottenville-Charleston,2,2083.0,265.0,0.6536,1605.3,block_group,block_group,360850226022,1,1.0,1818.0,2348.0
4185,892a106190bffff,Staten Island,SI0305,Tottenville-Charleston,1,2083.0,265.0,0.6536,1605.3,block_group,block_group,360850226022,1,1.0,1818.0,2348.0
4187,892a1061913ffff,Staten Island,SI0305,Tottenville-Charleston,4,2083.0,265.0,0.6536,1605.3,block_group,block_group,360850226022,1,1.0,1818.0,2348.0
4189,892a106191bffff,Staten Island,SI0305,Tottenville-Charleston,15,2083.0,265.0,0.6536,1605.3,block_group,block_group,360850226022,1,1.0,1818.0,2348.0
4190,892a1061923ffff,Staten Island,SI0305,Tottenville-Charleston,42,1733.0,38.0,0.3114,761.1,borough,borough,36085,1,1.0,1695.0,1771.0
4191,892a1061927ffff,Staten Island,SI0305,Tottenville-Charleston,49,1733.0,38.0,0.3114,761.1,borough,borough,36085,1,1.0,1695.0,1771.0
4192,892a106192bffff,Staten Island,SI0305,Tottenville-Charleston,46,1733.0,38.0,0.3114,761.1,borough,borough,36085,1,1.0,1695.0,1771.0
4193,892a106192fffff,Staten Island,SI0305,Tottenville-Charleston,106,1733.0,38.0,0.3114,761.1,borough,borough,36085,1,1.0,1695.0,1771.0
4194,892a1061933ffff,Staten Island,SI0305,Tottenville-Charleston,1,1733.0,38.0,0.3114,761.1,borough,borough,36085,1,1.0,1695.0,1771.0
4195,892a1061937ffff,Staten Island,SI0305,Tottenville-Charleston,7,1733.0,38.0,0.3114,761.1,borough,borough,36085,1,1.0,1695.0,1771.0
4197,892a1061947ffff,Staten Island,SI0305,Tottenville-Charleston,102,2083.0,265.0,0.6536,1605.3,block_group,block_group,360850226022,1,1.0,1818.0,2348.0
4198,892a1061953ffff,Staten Island,SI0305,Tottenville-Charleston,5,2083.0,265.0,0.6536,1605.3,block_group,block_group,360850226022,1,1.0,1818.0,2348.0
4199,892a1061957ffff,Staten Island,SI0305,Tottenville-Charleston,35,2083.0,265.0,0.6536,1605.3,block_group,block_group,360850226022,1,1.0,1818.0,2348.0
4201,892a1061967ffff,Staten Island,SI0305,Tottenville-Charleston,2,1733.0,38.0,0.3114,761.1,borough,borough,36085,1,1.0,1695.0,1771.0
4202,892a1061973ffff,Staten Island,SI0305,Tottenville-Charleston,61,2083.0,265.0,0.6536,1605.3,block_group,block_group,360850226022,1,1.0,1818.0,2348.0
4203,892a1061977ffff,Staten Island,SI0305,Tottenville-Charleston,1,2083.0,265.0,0.6536,1605.3,block_group,block_group,360850226022,1,1.0,1818.0,2348.0
4204,892a1061983ffff,Staten Island,SI0305,Tottenville-Charleston,128,1644.2,269.6,0.224,561.8,block_group,block_group,360850226012,3,1.0,1374.6,1913.8
4205,892a1061987ffff,Staten Island,SI0304,Annadale-Huguenot-Prince's Bay-Woodrow,133,1532.0,253.0,0.1601,406.4,block_group,block_group,360850226012,1,1.0,1279.0,1785.0
4206,892a106198bffff,Staten Island,SI0305,Tottenville-Charleston,12,2083.0,265.0,0.6536,1605.3,block_group,block_group,360850226022,1,1.0,1818.0,2348.0
4207,892a106198fffff,Staten Island,SI0305,Tottenville-Charleston,1,2083.0,265.0,0.6536,1605.3,block_group,block_group,360850226022,1,1.0,1818.0,2348.0
4208,892a1061993ffff,Staten Island,SI0304,Annadale-Huguenot-Prince's Bay-Woodrow,210,1792.0,565.0,0.3697,893.9,block_group,block_group,360850226011,1,1.0,1227.0,2357.0
4209,892a1061997ffff,Staten Island,SI0304,Annadale-Huguenot-Prince's Bay-Woodrow,319,1637.1,273.7,0.2185,547.8,block_group,block_group,360850226012,2,1.0,1363.4,1910.8
4210,892a106199bffff,Staten Island,SI0305,Tottenville-Charleston,1,2083.0,265.0,0.6536,1605.3,block_group,block_group,360850226022,1,1.0,1818.0,2348.0
4211,892a10619a3ffff,Staten Island,SI0304,Annadale-Huguenot-Prince's Bay-Woodrow,121,1791.0,236.0,0.3686,891.5,tract,tract,36085022601,1,1.0,1555.0,2027.0
4212,892a10619a7ffff,Staten Island,SI0304,Annadale-Huguenot-Prince's Bay-Woodrow,33,2057.0,427.0,0.6312,1549.6,block_group,block_group,360850226014,1,1.0,1630.0,2484.0
4215,892a10619b3ffff,Staten Island,SI0304,Annadale-Huguenot-Prince's Bay-Woodrow,218,1724.5,187.0,0.2997,740.6,mixed,tract,36085022601,2,1.0,1537.5,1911.5
4216,892a10619b7ffff,Staten Island,SI0304,Annadale-Huguenot-Prince's Bay-Woodrow,159,1791.0,236.0,0.3686,891.5,tract,tract,36085022601,1,1.0,1555.0,2027.0
4217,892a10619bbffff,Staten Island,SI0305,Tottenville-Charleston,55,1593.2,201.1,0.1926,484.5,mixed,block_group,360850226012,2,1.0,1392.1,1794.3
4218,892a10619c3ffff,Staten Island,SI0305,Tottenville-Charleston,7,2083.0,265.0,0.6536,1605.3,block_group,block_group,360850226022,1,1.0,1818.0,2348.0
4219,892a10619c7ffff,Staten Island,SI0305,Tottenville-Charleston,22,2083.0,265.0,0.6536,1605.3,block_group,block_group,360850226022,1,1.0,1818.0,2348.0
4221,892a10619cfffff,Staten Island,SI0305,Tottenville-Charleston,23,2083.0,265.0,0.6536,1605.3,block_group,block_group,360850226022,1,1.0,1818.0,2348.0
4222,892a10619d3ffff,Staten Island,SI0305,Tottenville-Charleston,1,2083.0,265.0,0.6536,1605.3,block_group,block_group,360850226022,1,1.0,1818.0,2348.0
4223,892a10619d7ffff,Staten Island,SI0305,Tottenville-Charleston,2,2083.0,265.0,0.6536,1605.3,block_group,block_group,360850226022,1,1.0,1818.0,2348.0
4224,892a10619dbffff,Staten Island,SI0305,Tottenville-Charleston,1,2083.0,265.0,0.6536,1605.3,block_group,block_group,360850226022,1,1.0,1818.0,2348.0
4225,892a1061d03ffff,Staten Island,SI0303,Arden Heights-Rossville,71,2100.0,241.0,0.6717,1650.8,tract,tract,36085020805,1,1.0,1859.0,2341.0
4226,892a1061d07ffff,Staten Island,SI0303,Arden Heights-Rossville,437,2007.5,171.9,0.5834,1424.9,mixed,block_group,360850208052,2,1.0,1835.6,2179.4
4227,892a1061d0bffff,Staten Island,SI0305,Tottenville-Charleston,1,2083.0,265.0,0.6536,1605.3,block_group,block_group,360850226022,1,1.0,1818.0,2348.0
4228,892a1061d0fffff,Staten Island,SI0304,Annadale-Huguenot-Prince's Bay-Woodrow,130,1976.7,185.7,0.5594,1358.1,mixed,block_group,36085020805,3,1.0,1791.0,2162.4
4229,892a1061d13ffff,Staten Island,SI0303,Arden Heights-Rossville,47,2084.4,230.8,0.6572,1611.1,mixed,tract,36085020805,2,1.0,1853.6,2315.2
4230,892a1061d17ffff,Staten Island,SI0303,Arden Heights-Rossville,152,2100.0,241.0,0.6717,1650.8,tract,tract,36085020805,1,1.0,1859.0,2341.0
4231,892a1061d1bffff,Staten Island,SI0305,Tottenville-Charleston,1,1733.0,38.0,0.3114,761.1,borough,borough,36085,1,1.0,1695.0,1771.0
4232,892a1061d23ffff,Staten Island,SI0303,Arden Heights-Rossville,170,2089.5,233.1,0.6607,1620.2,mixed,tract,36085020805,3,1.0,1856.4,2322.6
4233,892a1061d27ffff,Staten Island,SI0304,Annadale-Huguenot-Prince's Bay-Woodrow,171,1855.0,815.0,0.4381,1060.8,block_group,block_group,360850208031,1,1.0,1040.0,2670.0
4234,892a1061d2bffff,Staten Island,SI0304,Annadale-Huguenot-Prince's Bay-Woodrow,206,1792.0,565.0,0.3697,893.9,block_group,block_group,360850226011,1,1.0,1227.0,2357.0
4235,892a1061d2fffff,Staten Island,SI0304,Annadale-Huguenot-Prince's Bay-Woodrow,241,1817.3,462.1,0.3964,959.0,mixed,block_group,360850226011,3,1.0,1355.2,2279.4
4236,892a1061d33ffff,Staten Island,SI0303,Arden Heights-Rossville,353,2020.1,172.8,0.596,1456.3,mixed,tract,36085020805,2,1.0,1847.3,2192.9
4237,892a1061d37ffff,Staten Island,SI0303,Arden Heights-Rossville,101,2098.2,236.8,0.6697,1645.0,tract,tract,36085020805,2,1.0,1861.4,2335.0
4238,892a1061d3bffff,Staten Island,SI0303,Arden Heights-Rossville,401,1914.0,227.5,0.4921,1203.2,mixed,block_group,360850208052,3,1.0,1686.5,2141.5
4245,892a1061d67ffff,Staten Island,SI0305,Tottenville-Charleston,7,1792.0,565.0,0.3697,893.9,block_group,block_group,360850226011,1,1.0,1227.0,2357.0
4246,892a1061d6bffff,Staten Island,SI0305,Tottenville-Charleston,4,2083.0,265.0,0.6536,1605.3,block_group,block_group,360850226022,1,1.0,1818.0,2348.0
4248,892a1061d73ffff,Staten Island,SI0305,Tottenville-Charleston,1,2083.0,265.0,0.6536,1605.3,block_group,block_group,360850226022,1,1.0,1818.0,2348.0
4249,892a1061d77ffff,Staten Island,SI0305,Tottenville-Charleston,67,1792.0,565.0,0.3697,893.9,block_group,block_group,360850226011,1,1.0,1227.0,2357.0
4251,892a1061d83ffff,Staten Island,SI0303,Arden Heights-Rossville,10,1760.2,460.7,0.3416,823.0,mixed,block_group,360850208061,2,1.0,1299.5,2220.9
4252,892a1061d87ffff,Staten Island,SI0303,Arden Heights-Rossville,11,1743.0,562.0,0.3217,780.5,block_group,block_group,360850208061,1,1.0,1181.0,2305.0
4253,892a1061d8bffff,Staten Island,SI0305,Tottenville-Charleston,1,2100.0,241.0,0.6717,1650.8,tract,tract,36085020805,1,1.0,1859.0,2341.0
4254,892a1061d8fffff,Staten Island,SI0303,Arden Heights-Rossville,229,1853.7,394.9,0.436,1056.5,mixed,block_group,360850208061,2,1.0,1458.8,2248.6
4256,892a1061da3ffff,Staten Island,SI0303,Arden Heights-Rossville,161,1743.0,562.0,0.3217,780.5,block_group,block_group,360850208061,1,1.0,1181.0,2305.0
4257,892a1061da7ffff,Staten Island,SI0303,Arden Heights-Rossville,35,1777.4,392.7,0.3538,855.1,mixed,block_group,360850208061,2,1.0,1384.7,2170.1
4258,892a1061dabffff,Staten Island,SI0303,Arden Heights-Rossville,414,1912.1,237.5,0.4898,1197.6,block_group,block_group,360850208052,2,1.0,1674.6,2149.6
4259,892a1061dafffff,Staten Island,SI0303,Arden Heights-Rossville,281,2002.2,233.1,0.5782,1413.4,mixed,tract,36085020805,2,1.0,1769.1,2235.3
4262,892a1061dbbffff,Staten Island,SI0303,Arden Heights-Rossville,98,1743.0,562.0,0.3217,780.5,block_group,block_group,360850208061,1,1.0,1181.0,2305.0
4264,892a1062003ffff,Staten Island,SI0105,Westerleigh-Castleton Corners,161,1777.0,172.7,0.3533,853.9,block_group,block_group,360850201001,3,1.0,1604.3,1949.7
4265,892a1062007ffff,Staten Island,SI0105,Westerleigh-Castleton Corners,302,1590.3,217.1,0.1911,480.7,block_group,block_group,360850151001,2,1.0,1373.2,1807.4
4266,892a106200bffff,Staten Island,SI0105,Westerleigh-Castleton Corners,103,1785.7,228.4,0.364,880.2,block_group,block_group,360850201001,2,1.0,1557.3,2014.1
4267,892a106200fffff,Staten Island,SI0105,Westerleigh-Castleton Corners,237,1777.0,119.4,0.3533,853.9,mixed,block_group,360850201001,2,1.0,1657.6,1896.4
4268,892a1062013ffff,Staten Island,SI0105,Westerleigh-Castleton Corners,375,1689.9,281.6,0.2647,660.1,block_group,block_group,360850141002,5,1.0,1408.3,1971.5
4269,892a1062017ffff,Staten Island,SI0106,Port Richmond,300,1552.4,353.8,0.1695,429.5,block_group,block_group,360850141002,3,1.0,1198.6,1906.2
4270,892a106201bffff,Staten Island,SI0106,Port Richmond,278,1777.7,148.6,0.3541,856.3,block_group,block_group,360850213003,2,1.0,1629.1,1926.3
4271,892a1062023ffff,Staten Island,SI0105,Westerleigh-Castleton Corners,206,1633.1,163.7,0.2161,542.7,tract,tract,36085015100,2,1.0,1469.4,1796.8
4272,892a1062027ffff,Staten Island,SI0105,Westerleigh-Castleton Corners,196,1621.1,193.5,0.2076,523.8,mixed,tract,36085015100,2,1.0,1427.6,1814.6
4273,892a106202bffff,Staten Island,SI0105,Westerleigh-Castleton Corners,231,1715.6,227.1,0.2907,719.6,mixed,tract,36085020100,4,1.0,1488.5,1942.7
4274,892a106202fffff,Staten Island,SI0105,Westerleigh-Castleton Corners,286,1662.9,210.8,0.2402,600.2,mixed,block_group,360850197002,3,1.0,1452.1,1873.7
4275,892a1062033ffff,Staten Island,SI0105,Westerleigh-Castleton Corners,174,1600.1,146.5,0.1968,496.6,mixed,tract,36085015100,2,1.0,1453.6,1746.6
4276,892a1062037ffff,Staten Island,SI0105,Westerleigh-Castleton Corners,239,1618.0,190.0,0.206,519.3,tract,tract,36085015100,1,1.0,1428.0,1808.0
4277,892a106203bffff,Staten Island,SI0105,Westerleigh-Castleton Corners,237,1646.6,130.4,0.2248,564.0,mixed,tract,360850151001,5,1.0,1516.2,1777.0
4278,892a1062043ffff,Staten Island,SI0106,Port Richmond,344,1686.3,112.6,0.2625,653.8,block_group,block_group,360850247001,3,1.0,1573.7,1798.9
4279,892a1062047ffff,Staten Island,SI0106,Port Richmond,317,1632.8,605.0,0.2159,542.2,block_group,block_group,360850247002,2,1.0,1027.8,2237.8
4280,892a106204bffff,Staten Island,SI0107,Mariner's Harbor-Arlington-Graniteville,276,1970.1,632.3,0.5531,1341.0,block_group,block_group,360850239001,3,1.0,1337.8,2602.4
4281,892a106204fffff,Staten Island,SI0106,Port Richmond,189,1961.4,165.1,0.5446,1317.5,block_group,block_group,360850247001,2,1.0,1796.3,2126.5
4282,892a1062053ffff,Staten Island,SI0106,Port Richmond,327,1979.1,216.6,0.562,1366.3,block_group,block_group,360850213004,3,1.0,1762.5,2195.7
4283,892a1062057ffff,Staten Island,SI0106,Port Richmond,271,1719.9,514.3,0.2951,730.1,block_group,block_group,360850247002,4,1.0,1205.6,2234.2
4284,892a106205bffff,Staten Island,SI0106,Port Richmond,93,1828.2,519.6,0.4077,987.5,block_group,block_group,360850239001,3,1.0,1308.6,2347.8
4285,892a1062063ffff,Staten Island,SI0105,Westerleigh-Castleton Corners,198,1992.0,405.0,0.5705,1391.1,block_group,block_group,360850251001,1,1.0,1587.0,2397.0
4286,892a1062067ffff,Staten Island,SI0105,Westerleigh-Castleton Corners,226,1858.1,222.1,0.4418,1070.0,mixed,tract,36085019700,3,1.0,1636.0,2080.2
4287,892a106206bffff,Staten Island,SI0105,Westerleigh-Castleton Corners,281,1887.2,430.7,0.4656,1136.0,block_group,block_group,360850251001,2,1.0,1456.5,2317.9
4288,892a106206fffff,Staten Island,SI0105,Westerleigh-Castleton Corners,165,1622.2,1006.9,0.2087,525.5,block_group,block_group,360850251002,2,1.0,615.3,2629.1
4289,892a1062073ffff,Staten Island,SI0105,Westerleigh-Castleton Corners,70,1782.5,644.5,0.3591,868.8,mixed,block_group,360850201003,4,1.0,1138.0,2427.0
4290,892a1062077ffff,Staten Island,SI0105,Westerleigh-Castleton Corners,272,1650.4,1081.9,0.2285,573.0,mixed,block_group,360850201003,3,1.0,568.5,2732.3
4291,892a106207bffff,Staten Island,SI0105,Westerleigh-Castleton Corners,150,1970.3,383.8,0.5537,1342.2,block_group,block_group,360850251001,2,1.0,1586.5,2354.1
4292,892a1062083ffff,Staten Island,SI0106,Port Richmond,200,2043.3,174.6,0.6176,1514.8,block_group,block_group,360850133023,3,1.0,1868.7,2217.9
4293,892a1062087ffff,Staten Island,SI0104,West New Brighton-Silver Lake-Grymes Hill,281,1822.0,118.5,0.4007,972.3,block_group,block_group,360850125001,3,1.0,1703.5,1940.5
4294,892a106208bffff,Staten Island,SI0106,Port Richmond,106,2160.1,361.7,0.7254,1799.6,block_group,block_group,360850133023,3,1.0,1798.4,2521.8
4295,892a106208fffff,Staten Island,SI0106,Port Richmond,277,1724.8,105.8,0.2999,741.2,block_group,block_group,360850141001,2,1.0,1619.0,1830.6
4296,892a1062093ffff,Staten Island,SI0106,Port Richmond,244,1801.9,739.0,0.3826,923.4,mixed,block_group,360850133022,4,1.0,1062.9,2540.9
4297,892a1062097ffff,Staten Island,SI0106,Port Richmond,261,1979.2,134.5,0.5622,1367.0,block_group,block_group,360850133023,2,1.0,1844.7,2113.7
4298,892a106209bffff,Staten Island,SI0106,Port Richmond,144,2105.0,238.0,0.6776,1664.5,tract,tract,36085013302,1,1.0,1867.0,2343.0
4299,892a10620a3ffff,Staten Island,SI0105,Westerleigh-Castleton Corners,68,1891.0,474.0,0.4691,1144.7,tract,tract,36085014700,1,1.0,1417.0,2365.0
4300,892a10620a7ffff,Staten Island,SI0105,Westerleigh-Castleton Corners,14,1891.0,474.0,0.4691,1144.7,tract,tract,36085014700,1,1.0,1417.0,2365.0
4301,892a10620abffff,Staten Island,SI0105,Westerleigh-Castleton Corners,212,1614.0,209.6,0.2041,514.3,mixed,block_group,360850151001,2,1.0,1404.4,1823.6
4302,892a10620afffff,Staten Island,SI0105,Westerleigh-Castleton Corners,160,1726.3,218.7,0.3015,745.3,mixed,tract,36085014700,3,1.0,1507.6,1945.0
4303,892a10620b3ffff,Staten Island,SI0104,West New Brighton-Silver Lake-Grymes Hill,203,1877.0,617.9,0.4575,1113.1,block_group,block_group,360850125002,3,1.0,1259.1,2494.9
4304,892a10620b7ffff,Staten Island,SI0104,West New Brighton-Silver Lake-Grymes Hill,72,1666.3,466.9,0.2441,610.4,mixed,block_group,360850125003,2,1.0,1199.4,2133.2
4305,892a10620bbffff,Staten Island,SI0105,Westerleigh-Castleton Corners,280,1777.2,97.8,0.3536,854.5,mixed,block_group,360850141001,3,1.0,1679.4,1875.0
4306,892a10620c3ffff,Staten Island,SI0106,Port Richmond,346,2469.1,1056.0,0.8779,2250.9,block_group,block_group,360850207023,4,1.0,1413.1,3525.1
4307,892a10620c7ffff,Staten Island,SI0106,Port Richmond,305,2461.8,1321.9,0.8755,2242.8,block_group,block_group,360850213001,3,1.0,1139.9,3783.7
4308,892a10620cbffff,Staten Island,SI0106,Port Richmond,314,1203.6,367.1,0.0612,170.0,block_group,block_group,360850213002,3,1.0,836.5,1570.7
4309,892a10620cfffff,Staten Island,SI0106,Port Richmond,236,1746.9,230.5,0.3255,787.0,block_group,block_group,360850213003,4,1.0,1516.4,1977.4
4310,892a10620d3ffff,Staten Island,SI0106,Port Richmond,302,2236.1,262.7,0.7813,1947.4,block_group,block_group,360850207021,4,1.0,1973.4,2498.8
4311,892a10620d7ffff,Staten Island,SI0106,Port Richmond,291,2309.2,1010.3,0.8207,2065.2,mixed,block_group,360850207023,3,1.0,1298.9,3319.5
4312,892a10620dbffff,Staten Island,SI0106,Port Richmond,364,1607.6,324.4,0.2015,508.8,block_group,block_group,360850207011,4,1.0,1283.2,1932.0
4313,892a1062103ffff,Staten Island,SI0203,Todt Hill-Emerson Hill-Lighthouse Hill-Manor Heights,131,2178.0,819.0,0.7395,1837.3,block_group,block_group,360850177012,2,1.0,1359.0,2997.0
4314,892a1062107ffff,Staten Island,SI0203,Todt Hill-Emerson Hill-Lighthouse Hill-Manor Heights,96,2152.8,775.6,0.7195,1781.2,block_group,block_group,360850177012,2,1.0,1377.2,2928.4
4315,892a106210bffff,Staten Island,SI0203,Todt Hill-Emerson Hill-Lighthouse Hill-Manor Heights,108,362.0,136.0,0.0006,50.4,block_group,block_group,360850187041,1,1.0,226.0,498.0
4316,892a106210fffff,Staten Island,SI0203,Todt Hill-Emerson Hill-Lighthouse Hill-Manor Heights,657,993.1,563.7,0.0323,111.9,block_group,block_group,360850173002,2,1.0,429.4,1556.8
4317,892a1062113ffff,Staten Island,SI0105,Westerleigh-Castleton Corners,93,2637.0,429.4,0.9286,2413.3,block_group,block_group,360850169011,2,1.0,2207.6,3066.4
4318,892a1062117ffff,Staten Island,SI0203,Todt Hill-Emerson Hill-Lighthouse Hill-Manor Heights,63,2033.0,784.0,0.6071,1487.7,block_group,block_group,360850177012,1,1.0,1249.0,2817.0
4319,892a106211bffff,Staten Island,SI0105,Westerleigh-Castleton Corners,78,2744.0,486.0,0.9514,2485.5,block_group,block_group,360850169011,1,1.0,2258.0,3230.0
4320,892a1062123ffff,Staten Island,SI0203,Todt Hill-Emerson Hill-Lighthouse Hill-Manor Heights,19,2048.0,382.0,0.6221,1525.1,tract,tract,36085017701,1,1.0,1666.0,2430.0
4321,892a1062127ffff,Staten Island,SI0203,Todt Hill-Emerson Hill-Lighthouse Hill-Manor Heights,25,2048.0,382.0,0.6221,1525.1,tract,tract,36085017701,1,1.0,1666.0,2430.0
4322,892a106212bffff,Staten Island,SI0203,Todt Hill-Emerson Hill-Lighthouse Hill-Manor Heights,106,1418.9,925.0,0.1117,290.8,mixed,tract,36085018100,3,1.0,493.9,2343.9
4323,892a106212fffff,Staten Island,SI0203,Todt Hill-Emerson Hill-Lighthouse Hill-Manor Heights,16,1093.0,1054.0,0.0432,133.2,tract,tract,36085018100,1,1.0,39.0,2147.0
4324,892a1062133ffff,Staten Island,SI0203,Todt Hill-Emerson Hill-Lighthouse Hill-Manor Heights,26,2038.2,529.4,0.6128,1503.8,mixed,block_group,360850177012,2,1.0,1508.8,2567.6
4325,892a1062137ffff,Staten Island,SI0203,Todt Hill-Emerson Hill-Lighthouse Hill-Manor Heights,55,2048.0,382.0,0.6221,1525.1,tract,tract,36085017701,1,1.0,1666.0,2430.0
4326,892a106213bffff,Staten Island,SI0203,Todt Hill-Emerson Hill-Lighthouse Hill-Manor Heights,102,2533.0,2071.0,0.8964,2306.7,block_group,block_group,360850173001,1,1.0,462.0,4604.0
4327,892a1062143ffff,Staten Island,SI0105,Westerleigh-Castleton Corners,185,1752.7,1126.6,0.3344,804.1,block_group,block_group,360850187012,2,1.0,626.1,2879.3
4328,892a1062147ffff,Staten Island,SI0203,Todt Hill-Emerson Hill-Lighthouse Hill-Manor Heights,169,826.2,512.9,0.0191,83.9,block_group,block_group,360850187041,3,1.0,313.3,1339.1
4329,892a106214bffff,Staten Island,SI0105,Westerleigh-Castleton Corners,231,1579.8,179.4,0.1846,465.9,block_group,block_group,360850187011,2,1.0,1400.4,1759.2
4330,892a106214fffff,Staten Island,SI0105,Westerleigh-Castleton Corners,177,1773.3,191.3,0.3509,847.9,block_group,block_group,360850187011,3,1.0,1582.0,1964.6
4331,892a1062153ffff,Staten Island,SI0105,Westerleigh-Castleton Corners,192,1642.9,724.6,0.2223,557.9,block_group,block_group,360850151005,2,1.0,918.3,2367.5
4332,892a1062157ffff,Staten Island,SI0105,Westerleigh-Castleton Corners,198,2004.7,1586.7,0.5806,1417.9,block_group,block_group,360850187012,2,1.0,418.0,3591.4
4333,892a106215bffff,Staten Island,SI0105,Westerleigh-Castleton Corners,200,1644.2,620.1,0.224,561.8,block_group,block_group,360850151005,2,1.0,1024.1,2264.3
4334,892a1062163ffff,Staten Island,SI0203,Todt Hill-Emerson Hill-Lighthouse Hill-Manor Heights,261,619.0,88.6,0.0085,63.4,mixed,tract,36085018704,4,1.0,530.4,707.6
4335,892a1062167ffff,Staten Island,SI0203,Todt Hill-Emerson Hill-Lighthouse Hill-Manor Heights,255,368.0,122.0,0.0009,50.6,tract,tract,36085018704,1,1.0,246.0,490.0
4336,892a106216bffff,Staten Island,SI0203,Todt Hill-Emerson Hill-Lighthouse Hill-Manor Heights,267,2236.4,81.1,0.7815,1948.1,block_group,block_group,360850187032,2,1.0,2155.3,2317.5
4337,892a106216fffff,Staten Island,SI0203,Todt Hill-Emerson Hill-Lighthouse Hill-Manor Heights,261,1956.6,60.0,0.5405,1306.2,mixed,block_group,360850187032,2,1.0,1896.6,2016.6
4338,892a1062173ffff,Staten Island,SI0203,Todt Hill-Emerson Hill-Lighthouse Hill-Manor Heights,195,362.0,136.0,0.0006,50.4,block_group,block_group,360850187041,1,1.0,226.0,498.0
4339,892a1062177ffff,Staten Island,SI0203,Todt Hill-Emerson Hill-Lighthouse Hill-Manor Heights,229,1292.3,888.1,0.0801,212.8,mixed,block_group,360850173001,3,1.0,404.2,2180.4
4340,892a106217bffff,Staten Island,SI0203,Todt Hill-Emerson Hill-Lighthouse Hill-Manor Heights,237,1656.1,136.2,0.2325,583.2,block_group,block_group,360850187031,2,1.0,1519.9,1792.3
4341,892a1062183ffff,Staten Island,SI0105,Westerleigh-Castleton Corners,107,2628.8,422.9,0.9259,2405.8,block_group,block_group,360850169011,2,1.0,2205.9,3051.7
4342,892a1062187ffff,Staten Island,SI0105,Westerleigh-Castleton Corners,214,2482.8,567.3,0.8817,2265.2,block_group,block_group,360850169012,2,1.0,1915.5,3050.1
4343,892a106218bffff,Staten Island,SI0105,Westerleigh-Castleton Corners,32,2610.0,383.7,0.9203,2388.7,block_group,block_group,360850169011,2,1.0,2226.3,2993.7
4344,892a106218fffff,Staten Island,SI0105,Westerleigh-Castleton Corners,97,2744.0,486.0,0.9514,2485.5,block_group,block_group,360850169011,1,1.0,2258.0,3230.0
4345,892a1062193ffff,Staten Island,SI0105,Westerleigh-Castleton Corners,18,2066.3,321.3,0.6386,1570.3,block_group,block_group,360850147002,2,1.0,1745.0,2387.6
4346,892a1062197ffff,Staten Island,SI0105,Westerleigh-Castleton Corners,164,2308.4,817.0,0.8203,2063.8,mixed,block_group,360850169012,2,1.0,1491.4,3125.4
4348,892a10621a3ffff,Staten Island,SI0203,Todt Hill-Emerson Hill-Lighthouse Hill-Manor Heights,5,2033.0,784.0,0.6071,1487.7,block_group,block_group,360850177012,1,1.0,1249.0,2817.0
4349,892a10621a7ffff,Staten Island,SI0203,Todt Hill-Emerson Hill-Lighthouse Hill-Manor Heights,56,2036.8,595.7,0.611,1499.3,mixed,block_group,360850177012,2,1.0,1441.1,2632.5
4350,892a10621abffff,Staten Island,SI0203,Todt Hill-Emerson Hill-Lighthouse Hill-Manor Heights,4,2033.0,784.0,0.6071,1487.7,block_group,block_group,360850177012,1,1.0,1249.0,2817.0
4351,892a10621afffff,Staten Island,SI0203,Todt Hill-Emerson Hill-Lighthouse Hill-Manor Heights,45,2037.0,583.9,0.6112,1499.9,mixed,block_group,360850177012,2,1.0,1453.1,2620.9
4352,892a10621b3ffff,Staten Island,SI0203,Todt Hill-Emerson Hill-Lighthouse Hill-Manor Heights,12,2048.0,382.0,0.6221,1525.1,tract,tract,36085017701,1,1.0,1666.0,2430.0
4353,892a10621b7ffff,Staten Island,SI0203,Todt Hill-Emerson Hill-Lighthouse Hill-Manor Heights,64,2042.1,384.7,0.6169,1512.8,mixed,tract,36085017701,2,1.0,1657.4,2426.8
4355,892a10621c3ffff,Staten Island,SI0105,Westerleigh-Castleton Corners,174,1866.5,271.1,0.4485,1087.8,block_group,block_group,360850147003,2,1.0,1595.4,2137.6
4356,892a10621c7ffff,Staten Island,SI0105,Westerleigh-Castleton Corners,143,2036.8,228.5,0.611,1499.3,block_group,block_group,360850147003,3,1.0,1808.3,2265.3
4357,892a10621cbffff,Staten Island,SI0105,Westerleigh-Castleton Corners,209,1762.5,173.3,0.344,828.3,mixed,block_group,36085015100,4,1.0,1589.2,1935.8
4358,892a10621cfffff,Staten Island,SI0105,Westerleigh-Castleton Corners,304,1649.8,284.4,0.228,571.9,block_group,block_group,360850147003,2,1.0,1365.4,1934.2
4359,892a10621d3ffff,Staten Island,SI0105,Westerleigh-Castleton Corners,34,2208.0,480.0,0.7679,1901.5,block_group,block_group,360850147002,1,1.0,1728.0,2688.0
4360,892a10621d7ffff,Staten Island,SI0105,Westerleigh-Castleton Corners,92,2208.0,480.0,0.7679,1901.5,block_group,block_group,360850147002,1,1.0,1728.0,2688.0
4361,892a10621dbffff,Staten Island,SI0105,Westerleigh-Castleton Corners,100,2208.0,480.0,0.7679,1901.5,block_group,block_group,360850147002,1,1.0,1728.0,2688.0
4362,892a1062203ffff,Staten Island,SI0107,Mariner's Harbor-Arlington-Graniteville,163,2093.3,242.7,0.6652,1630.6,mixed,block_group,360850303021,3,1.0,1850.6,2336.0
4363,892a1062207ffff,Staten Island,SI0107,Mariner's Harbor-Arlington-Graniteville,415,2102.5,205.7,0.6744,1658.0,mixed,tract,36085030302,2,1.0,1896.8,2308.2
4364,892a106220bffff,Staten Island,SI0107,Mariner's Harbor-Arlington-Graniteville,146,2098.0,316.6,0.6695,1644.3,block_group,block_group,360850303021,2,1.0,1781.4,2414.6
4365,892a106220fffff,Staten Island,SI0107,Mariner's Harbor-Arlington-Graniteville,409,2179.0,162.1,0.7417,1841.2,block_group,block_group,360850303022,2,1.0,2016.9,2341.1
4366,892a1062213ffff,Staten Island,SI0107,Mariner's Harbor-Arlington-Graniteville,282,1993.0,155.2,0.5712,1393.0,mixed,block_group,360850319012,3,1.0,1837.8,2148.2
4367,892a1062217ffff,Staten Island,SI0107,Mariner's Harbor-Arlington-Graniteville,145,2100.1,175.9,0.672,1651.5,tract,tract,36085030302,2,1.0,1924.2,2276.0
4368,892a106221bffff,Staten Island,SI0107,Mariner's Harbor-Arlington-Graniteville,103,1718.0,64.0,0.2942,727.8,block_group,block_group,360850319012,1,1.0,1654.0,1782.0
4369,892a1062223ffff,Staten Island,SI0107,Mariner's Harbor-Arlington-Graniteville,286,1967.0,490.0,0.5507,1335.3,block_group,block_group,360850303011,1,1.0,1477.0,2457.0
4370,892a1062227ffff,Staten Island,SI0107,Mariner's Harbor-Arlington-Graniteville,169,1759.4,326.2,0.3402,819.4,block_group,block_group,360850303011,3,1.0,1433.2,2085.6
4371,892a106222bffff,Staten Island,SI0204,New Springville-Willowbrook-Bulls Head-Travis,313,2008.9,505.4,0.5847,1428.1,mixed,tract,36085029104,2,1.0,1503.5,2514.3
4372,892a106222fffff,Staten Island,SI0204,New Springville-Willowbrook-Bulls Head-Travis,85,1681.0,1142.1,0.257,640.6,mixed,block_group,360850291043,3,1.0,538.9,2823.1
4373,892a1062233ffff,Staten Island,SI0107,Mariner's Harbor-Arlington-Graniteville,233,2100.3,233.7,0.6727,1652.8,mixed,block_group,360850303011,3,1.0,1866.6,2334.0
4374,892a1062237ffff,Staten Island,SI0107,Mariner's Harbor-Arlington-Graniteville,386,1731.2,311.8,0.3081,756.4,block_group,block_group,360850303011,2,1.0,1419.4,2043.0
4375,892a106223bffff,Staten Island,SI0107,Mariner's Harbor-Arlington-Graniteville,271,2058.2,333.9,0.6323,1552.2,block_group,block_group,360850303011,2,1.0,1724.3,2392.1
4376,892a1062243ffff,Staten Island,SI0107,Mariner's Harbor-Arlington-Graniteville,1,2461.0,312.0,0.8747,2241.4,block_group,block_group,360850323001,1,1.0,2149.0,2773.0
4378,892a106224bffff,Staten Island,SI0107,Mariner's Harbor-Arlington-Graniteville,128,2461.0,312.0,0.8747,2241.4,block_group,block_group,360850323001,1,1.0,2149.0,2773.0
4379,892a106224fffff,Staten Island,SI0107,Mariner's Harbor-Arlington-Graniteville,3,2461.0,312.0,0.8747,2241.4,block_group,block_group,360850323001,1,1.0,2149.0,2773.0
4381,892a1062257ffff,Staten Island,SI0107,Mariner's Harbor-Arlington-Graniteville,9,2461.0,312.0,0.8747,2241.4,block_group,block_group,360850323001,1,1.0,2149.0,2773.0
4384,892a1062267ffff,Staten Island,SI0204,New Springville-Willowbrook-Bulls Head-Travis,155,2020.7,535.2,0.5966,1458.2,mixed,tract,36085029104,2,1.0,1485.5,2555.9
4387,892a1062273ffff,Staten Island,SI0107,Mariner's Harbor-Arlington-Graniteville,153,2237.9,130.7,0.7824,1951.4,block_group,block_group,360850303022,2,1.0,2107.2,2368.6
4388,892a1062277ffff,Staten Island,SI0107,Mariner's Harbor-Arlington-Graniteville,232,1977.8,409.5,0.5603,1361.2,mixed,block_group,360850303011,3,1.0,1568.3,2387.3
4390,892a1062283ffff,Staten Island,SI0107,Mariner's Harbor-Arlington-Graniteville,292,2035.5,351.1,0.61,1496.1,block_group,block_group,360850231003,3,1.0,1684.4,2386.6
4391,892a1062287ffff,Staten Island,SI0107,Mariner's Harbor-Arlington-Graniteville,227,2150.0,326.7,0.7176,1774.6,block_group,block_group,360850239002,3,1.0,1823.3,2476.7
4392,892a106228bffff,Staten Island,SI0107,Mariner's Harbor-Arlington-Graniteville,231,2203.0,368.0,0.7639,1892.2,block_group,block_group,360850231001,1,1.0,1835.0,2571.0
4393,892a106228fffff,Staten Island,SI0107,Mariner's Harbor-Arlington-Graniteville,365,2092.8,215.6,0.6643,1629.3,mixed,block_group,36085023100,3,1.0,1877.2,2308.4
4394,892a1062293ffff,Staten Island,SI0107,Mariner's Harbor-Arlington-Graniteville,258,1773.5,308.4,0.3511,848.5,block_group,block_group,360850223002,4,1.0,1465.1,2081.9
4395,892a1062297ffff,Staten Island,SI0107,Mariner's Harbor-Arlington-Graniteville,180,1898.0,728.0,0.4767,1163.9,block_group,block_group,360850239001,1,1.0,1170.0,2626.0
4396,892a106229bffff,Staten Island,SI0107,Mariner's Harbor-Arlington-Graniteville,235,1542.8,377.5,0.1657,419.8,block_group,block_group,360850223001,3,1.0,1165.3,1920.3
4397,892a10622a3ffff,Staten Island,SI0107,Mariner's Harbor-Arlington-Graniteville,107,2103.0,215.0,0.6751,1660.0,tract,tract,36085030302,1,1.0,1888.0,2318.0
4398,892a10622a7ffff,Staten Island,SI0107,Mariner's Harbor-Arlington-Graniteville,212,1448.8,395.8,0.1236,319.0,block_group,block_group,360850303012,3,1.0,1053.0,1844.6
4399,892a10622abffff,Staten Island,SI0107,Mariner's Harbor-Arlington-Graniteville,99,2103.0,215.0,0.6751,1660.0,tract,tract,36085030302,1,1.0,1888.0,2318.0
4400,892a10622afffff,Staten Island,SI0107,Mariner's Harbor-Arlington-Graniteville,116,1570.6,255.8,0.1784,451.7,block_group,block_group,360850303012,2,1.0,1314.8,1826.4
4401,892a10622b3ffff,Staten Island,SI0107,Mariner's Harbor-Arlington-Graniteville,226,2500.7,392.7,0.8854,2277.4,mixed,block_group,360850239002,2,1.0,2108.0,2893.4
4402,892a10622b7ffff,Staten Island,SI0107,Mariner's Harbor-Arlington-Graniteville,10,1992.0,405.0,0.5705,1391.1,block_group,block_group,360850251001,1,1.0,1587.0,2397.0
4403,892a10622bbffff,Staten Island,SI0107,Mariner's Harbor-Arlington-Graniteville,192,2117.1,309.0,0.69,1695.2,mixed,block_group,360850231003,4,1.0,1808.1,2426.1
4404,892a10622c3ffff,Staten Island,SI0107,Mariner's Harbor-Arlington-Graniteville,63,941.2,380.4,0.028,102.6,mixed,tract,36085031902,3,1.0,560.8,1321.6
4405,892a10622c7ffff,Staten Island,SI0107,Mariner's Harbor-Arlington-Graniteville,734,633.3,58.6,0.0094,65.1,block_group,block_group,360850319011,2,1.0,574.7,691.9
4406,892a10622cbffff,Staten Island,SI0107,Mariner's Harbor-Arlington-Graniteville,184,2461.0,312.0,0.8747,2241.4,block_group,block_group,360850323001,1,1.0,2149.0,2773.0
4407,892a10622cfffff,Staten Island,SI0107,Mariner's Harbor-Arlington-Graniteville,71,1438.7,50.4,0.1199,308.7,block_group,block_group,360850319012,3,1.0,1388.3,1489.1
4408,892a10622d3ffff,Staten Island,SI0107,Mariner's Harbor-Arlington-Graniteville,270,961.0,556.0,0.0297,106.4,tract,tract,36085031902,1,1.0,405.0,1517.0
4409,892a10622d7ffff,Staten Island,SI0107,Mariner's Harbor-Arlington-Graniteville,228,985.3,255.9,0.0314,110.2,mixed,block_group,36085031902,4,1.0,729.4,1241.2
4410,892a10622dbffff,Staten Island,SI0107,Mariner's Harbor-Arlington-Graniteville,295,1213.1,455.6,0.0626,173.3,mixed,tract,36085031902,3,1.0,757.5,1668.7
4411,892a1062303ffff,Staten Island,SI0203,Todt Hill-Emerson Hill-Lighthouse Hill-Manor Heights,162,2130.3,165.0,0.7021,1729.3,mixed,tract,36085018901,3,1.0,1965.3,2295.3
4412,892a1062307ffff,Staten Island,SI0203,Todt Hill-Emerson Hill-Lighthouse Hill-Manor Heights,231,1758.4,128.5,0.3397,817.7,mixed,tract,36085018902,2,1.0,1629.9,1886.9
4413,892a106230bffff,Staten Island,SI0204,New Springville-Willowbrook-Bulls Head-Travis,261,1750.0,76.0,0.3303,797.0,block_group,block_group,360850273015,1,1.0,1674.0,1826.0
4414,892a106230fffff,Staten Island,SI0204,New Springville-Willowbrook-Bulls Head-Travis,70,1750.9,69.8,0.332,799.3,mixed,block_group,360850273015,2,1.0,1681.1,1820.7
4415,892a1062313ffff,Staten Island,SI0105,Westerleigh-Castleton Corners,143,2650.0,378.0,0.9314,2423.6,tract,tract,36085018901,1,1.0,2272.0,3028.0
4416,892a1062317ffff,Staten Island,SI0105,Westerleigh-Castleton Corners,145,2467.7,300.1,0.8774,2249.5,mixed,tract,36085018901,3,1.0,2167.6,2767.8
4417,892a106231bffff,Staten Island,SI0105,Westerleigh-Castleton Corners,143,2548.0,591.0,0.9009,2321.7,block_group,block_group,360850251003,1,1.0,1957.0,3139.0
4419,892a1062327ffff,Staten Island,SI0204,New Springville-Willowbrook-Bulls Head-Travis,30,2228.8,602.6,0.7788,1938.1,mixed,tract,36085027302,2,1.0,1626.2,2831.4
4422,892a1062333ffff,Staten Island,SI0204,New Springville-Willowbrook-Bulls Head-Travis,98,1753.3,123.0,0.3354,806.4,mixed,tract,36085018902,2,1.0,1630.3,1876.3
4423,892a1062337ffff,Staten Island,SI0203,Todt Hill-Emerson Hill-Lighthouse Hill-Manor Heights,170,2044.0,519.0,0.6184,1516.7,block_group,block_group,360850273021,1,1.0,1525.0,2563.0
4425,892a1062343ffff,Staten Island,SI0204,New Springville-Willowbrook-Bulls Head-Travis,323,1710.0,724.0,0.2854,705.7,block_group,block_group,360850291044,1,1.0,986.0,2434.0
4427,892a106234bffff,Staten Island,SI0204,New Springville-Willowbrook-Bulls Head-Travis,157,1735.7,1048.1,0.3152,766.4,block_group,block_group,360850291043,3,1.0,687.6,2783.8
4428,892a106234fffff,Staten Island,SI0204,New Springville-Willowbrook-Bulls Head-Travis,300,1704.6,520.0,0.2807,694.1,mixed,block_group,360850291044,2,1.0,1184.6,2224.6
4431,892a106235bffff,Staten Island,SI0204,New Springville-Willowbrook-Bulls Head-Travis,190,1604.1,1368.5,0.1995,503.3,block_group,block_group,360850291043,2,1.0,235.6,2972.6
4439,892a1062383ffff,Staten Island,SI0105,Westerleigh-Castleton Corners,229,2723.0,63.0,0.948,2473.1,block_group,block_group,360850189013,1,1.0,2660.0,2786.0
4440,892a1062387ffff,Staten Island,SI0105,Westerleigh-Castleton Corners,224,1789.0,80.5,0.3669,887.3,block_group,block_group,360850189012,2,1.0,1708.5,1869.5
4441,892a106238bffff,Staten Island,SI0105,Westerleigh-Castleton Corners,215,2652.4,365.7,0.9322,2426.4,mixed,tract,36085018901,2,1.0,2286.7,3018.1
4442,892a106238fffff,Staten Island,SI0105,Westerleigh-Castleton Corners,207,2104.2,83.5,0.6763,1662.6,mixed,block_group,360850189012,3,1.0,2020.7,2187.7
4443,892a1062393ffff,Staten Island,SI0105,Westerleigh-Castleton Corners,249,2049.8,136.5,0.6244,1528.9,mixed,block_group,36085019700,3,1.0,1913.3,2186.3
4444,892a1062397ffff,Staten Island,SI0105,Westerleigh-Castleton Corners,258,2491.7,75.4,0.883,2269.9,block_group,block_group,360850189013,3,1.0,2416.3,2567.1
4445,892a106239bffff,Staten Island,SI0105,Westerleigh-Castleton Corners,169,2309.4,173.3,0.8209,2065.8,mixed,block_group,360850251001,5,1.0,2136.1,2482.7
4446,892a10623a3ffff,Staten Island,SI0203,Todt Hill-Emerson Hill-Lighthouse Hill-Manor Heights,276,1708.0,100.0,0.2842,702.2,block_group,block_group,360850189022,1,1.0,1608.0,1808.0
4447,892a10623a7ffff,Staten Island,SI0203,Todt Hill-Emerson Hill-Lighthouse Hill-Manor Heights,304,1800.8,688.4,0.3807,918.6,block_group,block_group,360850189021,2,1.0,1112.4,2489.2
4448,892a10623abffff,Staten Island,SI0203,Todt Hill-Emerson Hill-Lighthouse Hill-Manor Heights,229,1718.7,84.2,0.2944,728.4,mixed,block_group,360850189022,2,1.0,1634.5,1802.9
4449,892a10623afffff,Staten Island,SI0203,Todt Hill-Emerson Hill-Lighthouse Hill-Manor Heights,240,1866.2,245.0,0.4481,1086.6,block_group,block_group,360850189022,3,1.0,1621.2,2111.2
4450,892a10623b3ffff,Staten Island,SI0105,Westerleigh-Castleton Corners,164,1766.6,178.0,0.3471,836.6,block_group,block_group,360850189012,5,1.0,1588.6,1944.6
4451,892a10623b7ffff,Staten Island,SI0203,Todt Hill-Emerson Hill-Lighthouse Hill-Manor Heights,278,2026.9,479.4,0.6016,1473.6,block_group,block_group,360850189021,2,1.0,1547.5,2506.3
4452,892a10623bbffff,Staten Island,SI0105,Westerleigh-Castleton Corners,146,1755.3,66.0,0.3366,810.0,block_group,block_group,360850189012,2,1.0,1689.3,1821.3
4453,892a10623c3ffff,Staten Island,SI0105,Westerleigh-Castleton Corners,266,2511.4,573.0,0.8881,2286.3,block_group,block_group,360850251003,2,1.0,1938.4,3084.4
4454,892a10623c7ffff,Staten Island,SI0105,Westerleigh-Castleton Corners,271,2587.5,390.5,0.9127,2362.7,mixed,block_group,360850251003,2,1.0,2197.0,2978.0
4455,892a10623cbffff,Staten Island,SI0107,Mariner's Harbor-Arlington-Graniteville,186,1570.8,282.5,0.1789,452.8,block_group,block_group,360850303012,2,1.0,1288.3,1853.3
4456,892a10623cfffff,Staten Island,SI0105,Westerleigh-Castleton Corners,175,2548.0,591.0,0.9009,2321.7,block_group,block_group,360850251003,1,1.0,1957.0,3139.0
4457,892a10623d3ffff,Staten Island,SI0105,Westerleigh-Castleton Corners,222,1466.0,1422.0,0.1322,335.6,block_group,block_group,360850251002,1,1.0,44.0,2888.0
4458,892a10623d7ffff,Staten Island,SI0105,Westerleigh-Castleton Corners,230,2523.3,322.2,0.8934,2295.8,mixed,tract,36085018901,3,1.0,2201.1,2845.5
4459,892a10623dbffff,Staten Island,SI0107,Mariner's Harbor-Arlington-Graniteville,264,1484.9,403.1,0.1397,354.4,block_group,block_group,360850303012,3,1.0,1081.8,1888.0
4460,892a1062423ffff,Staten Island,SI0104,West New Brighton-Silver Lake-Grymes Hill,450,1823.5,278.1,0.4023,976.0,block_group,block_group,360850097011,3,1.0,1545.4,2101.6
4461,892a1062427ffff,Staten Island,SI0104,West New Brighton-Silver Lake-Grymes Hill,206,2016.6,767.5,0.591,1443.5,block_group,block_group,360850105005,2,1.0,1249.1,2784.1
4462,892a106242bffff,Staten Island,SI0106,Port Richmond,80,1717.0,945.3,0.2926,724.3,block_group,block_group,360850133022,2,1.0,771.7,2662.3
4463,892a106242fffff,Staten Island,SI0104,West New Brighton-Silver Lake-Grymes Hill,757,671.5,111.9,0.0108,68.0,block_group,block_group,360850133011,4,1.0,559.6,783.4
4464,892a1062433ffff,Staten Island,SI0104,West New Brighton-Silver Lake-Grymes Hill,287,1728.4,143.2,0.304,751.7,mixed,block_group,360850097011,2,1.0,1585.2,1871.6
4465,892a1062437ffff,Staten Island,SI0104,West New Brighton-Silver Lake-Grymes Hill,254,1900.6,152.4,0.4777,1167.0,mixed,tract,36085009701,4,1.0,1748.2,2053.0
4466,892a106243bffff,Staten Island,SI0106,Port Richmond,118,1729.1,209.7,0.3051,753.5,block_group,block_group,360850097011,2,1.0,1519.4,1938.8
4468,892a1062467ffff,Staten Island,SI0106,Port Richmond,100,1904.0,633.0,0.482,1178.2,mixed,block_group,360850133022,2,1.0,1271.0,2537.0
4469,892a106246bffff,Staten Island,SI0106,Port Richmond,78,2265.0,159.0,0.7964,1992.8,block_group,block_group,360850207021,1,1.0,2106.0,2424.0
4470,892a106246fffff,Staten Island,SI0106,Port Richmond,167,1927.6,949.4,0.5022,1232.6,mixed,block_group,360850207022,3,1.0,978.2,2877.0
4471,892a1062477ffff,Staten Island,SI0106,Port Richmond,15,1786.0,995.0,0.3645,881.4,block_group,block_group,360850133022,1,1.0,791.0,2781.0
4472,892a10624a3ffff,Staten Island,SI0104,West New Brighton-Silver Lake-Grymes Hill,110,1765.0,217.0,0.3462,833.7,block_group,block_group,360850097013,1,1.0,1548.0,1982.0
4473,892a10624abffff,Staten Island,SI0104,West New Brighton-Silver Lake-Grymes Hill,125,1737.7,124.2,0.3178,772.3,mixed,tract,36085009701,2,1.0,1613.5,1861.9
4474,892a10624afffff,Staten Island,SI0104,West New Brighton-Silver Lake-Grymes Hill,303,1756.7,163.2,0.3378,812.9,mixed,block_group,360850097013,2,1.0,1593.5,1919.9
4475,892a1062503ffff,Staten Island,SI0104,West New Brighton-Silver Lake-Grymes Hill,240,1687.5,221.1,0.263,655.5,block_group,block_group,360850059011,2,1.0,1466.4,1908.6
4476,892a1062507ffff,Staten Island,SI0104,West New Brighton-Silver Lake-Grymes Hill,44,1799.6,85.4,0.3788,913.7,block_group,block_group,360850059012,2,1.0,1714.2,1885.0
4477,892a106250bffff,Staten Island,SI0104,West New Brighton-Silver Lake-Grymes Hill,195,1695.5,38.8,0.2716,673.9,mixed,borough,36085,2,1.0,1656.7,1734.3
4478,892a106250fffff,Staten Island,SI0104,West New Brighton-Silver Lake-Grymes Hill,131,1780.8,78.1,0.3577,865.2,mixed,borough,36085,3,1.0,1702.7,1858.9
4479,892a1062513ffff,Staten Island,SI0104,West New Brighton-Silver Lake-Grymes Hill,317,1885.1,257.2,0.4639,1130.4,block_group,block_group,360850059011,3,1.0,1627.9,2142.3
4480,892a1062517ffff,Staten Island,SI0104,West New Brighton-Silver Lake-Grymes Hill,16,1905.0,320.0,0.4837,1181.4,block_group,block_group,360850059011,1,1.0,1585.0,2225.0
4481,892a106251bffff,Staten Island,SI0104,West New Brighton-Silver Lake-Grymes Hill,177,1441.0,160.0,0.1211,311.8,mixed,block_group,360850067002,4,1.0,1281.0,1601.0
4482,892a1062523ffff,Staten Island,SI0104,West New Brighton-Silver Lake-Grymes Hill,276,1778.4,70.7,0.355,858.7,block_group,block_group,360850059012,3,1.0,1707.7,1849.1
4483,892a1062527ffff,Staten Island,SI0104,West New Brighton-Silver Lake-Grymes Hill,163,1674.2,147.7,0.2509,625.7,block_group,block_group,360850047001,3,1.0,1526.5,1821.9
4484,892a106252bffff,Staten Island,SI0104,West New Brighton-Silver Lake-Grymes Hill,80,1783.0,85.0,0.36,870.6,block_group,block_group,360850059012,1,1.0,1698.0,1868.0
4485,892a106252fffff,Staten Island,SI0104,West New Brighton-Silver Lake-Grymes Hill,205,1703.9,67.6,0.2795,691.2,mixed,block_group,360850059012,3,1.0,1636.3,1771.5
4486,892a1062533ffff,Staten Island,SI0104,West New Brighton-Silver Lake-Grymes Hill,111,1783.0,85.0,0.36,870.6,block_group,block_group,360850059012,1,1.0,1698.0,1868.0
4487,892a1062537ffff,Staten Island,SI0104,West New Brighton-Silver Lake-Grymes Hill,158,1993.2,199.6,0.5715,1394.3,block_group,block_group,360850039001,2,1.0,1793.6,2192.8
4488,892a106253bffff,Staten Island,SI0104,West New Brighton-Silver Lake-Grymes Hill,25,1781.0,81.6,0.3579,865.8,mixed,block_group,360850059012,2,1.0,1699.4,1862.6
4489,892a1062543ffff,Staten Island,SI0104,West New Brighton-Silver Lake-Grymes Hill,175,1682.6,340.0,0.2589,644.6,mixed,block_group,360850105004,3,1.0,1342.6,2022.6
4490,892a1062547ffff,Staten Island,SI0104,West New Brighton-Silver Lake-Grymes Hill,224,1733.0,38.0,0.3114,761.1,borough,borough,36085,1,1.0,1695.0,1771.0
4491,892a106254bffff,Staten Island,SI0104,West New Brighton-Silver Lake-Grymes Hill,234,1923.9,588.2,0.4995,1224.4,block_group,block_group,360850125002,3,1.0,1335.7,2512.1
4492,892a106254fffff,Staten Island,SI0104,West New Brighton-Silver Lake-Grymes Hill,207,1643.9,328.5,0.2237,561.2,mixed,borough,36085,2,1.0,1315.4,1972.4
4493,892a1062553ffff,Staten Island,SI0104,West New Brighton-Silver Lake-Grymes Hill,254,1887.0,290.4,0.4655,1135.4,block_group,block_group,360850105003,3,1.0,1596.6,2177.4
4494,892a1062557ffff,Staten Island,SI0104,West New Brighton-Silver Lake-Grymes Hill,218,1796.0,283.1,0.3743,904.1,mixed,block_group,36085,3,1.0,1512.9,2079.1
4495,892a106255bffff,Staten Island,SI0104,West New Brighton-Silver Lake-Grymes Hill,346,1538.0,449.2,0.1632,413.9,block_group,block_group,360850105004,4,1.0,1088.8,1987.2
4496,892a1062563ffff,Staten Island,SI0104,West New Brighton-Silver Lake-Grymes Hill,130,1934.0,204.3,0.5069,1245.1,mixed,borough,36085,2,1.0,1729.7,2138.3
4497,892a1062567ffff,Staten Island,SI0105,Westerleigh-Castleton Corners,343,2140.5,404.6,0.7101,1752.2,mixed,block_group,360850147002,3,1.0,1735.9,2545.1
4499,892a106256fffff,Staten Island,SI0105,Westerleigh-Castleton Corners,23,2208.0,480.0,0.7679,1901.5,block_group,block_group,360850147002,1,1.0,1728.0,2688.0
4500,892a1062573ffff,Staten Island,SI0104,West New Brighton-Silver Lake-Grymes Hill,208,1733.0,38.0,0.3114,761.1,borough,borough,36085,1,1.0,1695.0,1771.0
4501,892a1062577ffff,Staten Island,SI0104,West New Brighton-Silver Lake-Grymes Hill,140,1749.1,37.6,0.3289,795.2,mixed,borough,36085,2,1.0,1711.5,1786.7
4502,892a106257bffff,Staten Island,SI0104,West New Brighton-Silver Lake-Grymes Hill,125,1704.4,110.2,0.2805,693.5,mixed,borough,36085,2,1.0,1594.2,1814.6
4503,892a1062583ffff,Staten Island,SI0104,West New Brighton-Silver Lake-Grymes Hill,279,1679.0,143.0,0.2548,636.6,block_group,block_group,360850075003,1,1.0,1536.0,1822.0
4504,892a1062587ffff,Staten Island,SI0104,West New Brighton-Silver Lake-Grymes Hill,56,1749.0,355.7,0.3287,794.6,block_group,block_group,360850075002,2,1.0,1393.3,2104.7
4505,892a106258bffff,Staten Island,SI0104,West New Brighton-Silver Lake-Grymes Hill,247,1801.7,306.3,0.3823,922.8,block_group,block_group,360850067003,3,1.0,1495.4,2108.0
4506,892a106258fffff,Staten Island,SI0104,West New Brighton-Silver Lake-Grymes Hill,7,1679.0,143.0,0.2548,636.6,block_group,block_group,360850075003,1,1.0,1536.0,1822.0
4507,892a1062593ffff,Staten Island,SI0101,St. George-New Brighton,108,1483.2,324.1,0.1382,350.7,mixed,block_group,360850075003,3,1.0,1159.1,1807.3
4508,892a1062597ffff,Staten Island,SI0104,West New Brighton-Silver Lake-Grymes Hill,542,1684.1,198.7,0.2609,648.6,mixed,tract,36085007500,3,1.0,1485.4,1882.8
4509,892a106259bffff,Staten Island,SI0104,West New Brighton-Silver Lake-Grymes Hill,41,1679.0,143.0,0.2548,636.6,block_group,block_group,360850075003,1,1.0,1536.0,1822.0
4510,892a10625a3ffff,Staten Island,SI0104,West New Brighton-Silver Lake-Grymes Hill,341,2058.9,101.6,0.6329,1553.5,block_group,block_group,360850039002,2,1.0,1957.3,2160.5
4511,892a10625a7ffff,Staten Island,SI0104,West New Brighton-Silver Lake-Grymes Hill,44,2061.2,101.5,0.6349,1559.3,block_group,block_group,360850039002,2,1.0,1959.7,2162.7
4513,892a10625afffff,Staten Island,SI0104,West New Brighton-Silver Lake-Grymes Hill,189,2109.0,111.0,0.6826,1676.3,block_group,block_group,360850039002,1,1.0,1998.0,2220.0
4514,892a10625b3ffff,Staten Island,SI0104,West New Brighton-Silver Lake-Grymes Hill,136,1846.0,249.0,0.4289,1036.9,block_group,block_group,360850033002,1,1.0,1597.0,2095.0
4515,892a10625b7ffff,Staten Island,SI0104,West New Brighton-Silver Lake-Grymes Hill,28,1883.6,214.0,0.4628,1127.3,block_group,block_group,360850033002,2,1.0,1669.6,2097.6
4517,892a10625c3ffff,Staten Island,SI0104,West New Brighton-Silver Lake-Grymes Hill,76,1469.2,242.3,0.1331,338.2,block_group,block_group,360850067002,3,1.0,1226.9,1711.5
4518,892a10625c7ffff,Staten Island,SI0104,West New Brighton-Silver Lake-Grymes Hill,229,1603.2,239.4,0.1989,501.6,block_group,block_group,360850067003,2,1.0,1363.8,1842.6
4519,892a10625cbffff,Staten Island,SI0104,West New Brighton-Silver Lake-Grymes Hill,213,2217.1,237.2,0.7741,1920.8,block_group,block_group,360850105001,3,1.0,1979.9,2454.3
4520,892a10625cfffff,Staten Island,SI0104,West New Brighton-Silver Lake-Grymes Hill,231,1559.3,716.1,0.1727,437.6,block_group,block_group,360850105002,2,1.0,843.2,2275.4
4521,892a10625d3ffff,Staten Island,SI0104,West New Brighton-Silver Lake-Grymes Hill,86,1292.0,1080.0,0.0799,212.3,block_group,block_group,360850067001,1,1.0,212.0,2372.0
4522,892a10625d7ffff,Staten Island,SI0104,West New Brighton-Silver Lake-Grymes Hill,132,1304.6,1055.5,0.0832,220.0,block_group,block_group,360850067001,2,1.0,249.1,2360.1
4523,892a10625dbffff,Staten Island,SI0104,West New Brighton-Silver Lake-Grymes Hill,140,1764.5,364.8,0.3456,831.9,block_group,block_group,360850097013,3,1.0,1399.7,2129.3
4524,892a1062623ffff,Staten Island,SI0107,Mariner's Harbor-Arlington-Graniteville,147,1764.0,395.0,0.3448,830.1,block_group,block_group,360850223002,2,1.0,1369.0,2159.0
4525,892a1062627ffff,Staten Island,SI0106,Port Richmond,154,1823.4,1193.3,0.402,975.4,block_group,block_group,360850213005,2,1.0,630.1,3016.7
4526,892a106262bffff,Staten Island,SI0107,Mariner's Harbor-Arlington-Graniteville,150,1843.0,478.0,0.4259,1028.3,block_group,block_group,360850223002,1,1.0,1365.0,2321.0
4527,892a106262fffff,Staten Island,SI0107,Mariner's Harbor-Arlington-Graniteville,100,1861.6,407.8,0.4449,1078.0,block_group,block_group,360850223002,3,1.0,1453.8,2269.4
4528,892a1062637ffff,Staten Island,SI0106,Port Richmond,277,1633.2,576.6,0.2164,543.3,block_group,block_group,360850207011,3,1.0,1056.6,2209.8
4529,892a1062667ffff,Staten Island,SI0107,Mariner's Harbor-Arlington-Graniteville,112,1306.6,471.1,0.0835,221.0,block_group,block_group,360850223001,2,1.0,835.5,1777.7
4531,892a106266fffff,Staten Island,SI0107,Mariner's Harbor-Arlington-Graniteville,183,1161.2,498.0,0.0532,152.6,mixed,block_group,360850223001,2,1.0,663.2,1659.2
4533,892a10626a7ffff,Staten Island,SI0106,Port Richmond,171,1655.8,376.5,0.2322,582.6,block_group,block_group,360850207013,3,1.0,1279.3,2032.3
4534,892a10626afffff,Staten Island,SI0106,Port Richmond,146,1585.0,701.0,0.1878,473.0,block_group,block_group,360850207011,1,1.0,884.0,2286.0
4535,892a1062803ffff,Staten Island,SI0202,New Dorp-Midland Beach,200,1895.9,464.8,0.4741,1157.1,mixed,block_group,360850134001,4,1.0,1431.1,2360.7
4536,892a1062807ffff,Staten Island,SI0202,New Dorp-Midland Beach,181,2105.0,274.3,0.6776,1664.5,block_group,block_group,360850134002,2,1.0,1830.7,2379.3
4537,892a106280bffff,Staten Island,SI0202,New Dorp-Midland Beach,221,1520.6,155.7,0.1571,397.8,mixed,block_group,360850134003,3,1.0,1364.9,1676.3
4538,892a106280fffff,Staten Island,SI0202,New Dorp-Midland Beach,156,1779.9,120.2,0.3565,862.2,block_group,block_group,360850134003,2,1.0,1659.7,1900.1
4539,892a1062813ffff,Staten Island,SI0202,New Dorp-Midland Beach,213,2249.0,162.0,0.7895,1969.4,tract,tract,36085012200,1,1.0,2087.0,2411.0
4540,892a1062817ffff,Staten Island,SI0202,New Dorp-Midland Beach,171,2185.5,166.5,0.7471,1857.1,mixed,tract,36085012200,2,1.0,2019.0,2352.0
4541,892a106281bffff,Staten Island,SI0202,New Dorp-Midland Beach,134,2057.5,318.1,0.632,1550.9,mixed,block_group,360850134001,2,1.0,1739.4,2375.6
4542,892a1062823ffff,Staten Island,SI0301,Oakwood-Richmondtown,1019,1736.0,149.0,0.3158,767.6,block_group,block_group,360850128063,1,1.0,1587.0,1885.0
4543,892a1062827ffff,Staten Island,SI0301,Oakwood-Richmondtown,215,2122.1,608.9,0.6936,1704.4,block_group,block_group,360850128065,2,1.0,1513.2,2731.0
4544,892a106282bffff,Staten Island,SI0301,Oakwood-Richmondtown,180,2008.7,197.4,0.5845,1427.5,mixed,block_group,360850128062,3,1.0,1811.3,2206.1
4545,892a106282fffff,Staten Island,SI0301,Oakwood-Richmondtown,226,2044.7,242.2,0.6188,1518.0,block_group,block_group,360850128062,2,1.0,1802.5,2286.9
4546,892a1062833ffff,Staten Island,SI0202,New Dorp-Midland Beach,48,2063.0,1106.0,0.6368,1564.5,block_group,block_group,360850128041,1,1.0,957.0,3169.0
4547,892a1062837ffff,Staten Island,SI0202,New Dorp-Midland Beach,263,2084.8,866.3,0.6577,1612.4,block_group,block_group,360850128041,2,1.0,1218.5,2951.1
4548,892a106283bffff,Staten Island,SI0202,New Dorp-Midland Beach,175,2280.0,172.0,0.8061,2018.2,block_group,block_group,360850134002,1,1.0,2108.0,2452.0
4549,892a1062843ffff,Staten Island,SI0301,Oakwood-Richmondtown,274,1938.0,618.0,0.5114,1254.5,tract,tract,36085013800,1,1.0,1320.0,2556.0
4550,892a1062847ffff,Staten Island,SI0301,Oakwood-Richmondtown,242,1905.7,577.2,0.4844,1183.2,mixed,tract,36085013800,2,1.0,1328.5,2482.9
4551,892a106284bffff,Staten Island,SI0301,Oakwood-Richmondtown,118,1798.1,450.7,0.3771,909.5,tract,tract,36085013800,2,1.0,1347.4,2248.8
4552,892a106284fffff,Staten Island,SI0301,Oakwood-Richmondtown,296,1938.0,618.0,0.5114,1254.5,tract,tract,36085013800,1,1.0,1320.0,2556.0
4553,892a1062853ffff,Staten Island,SI0203,Todt Hill-Emerson Hill-Lighthouse Hill-Manor Heights,147,1185.0,941.7,0.0577,163.6,tract,tract,36085018100,2,1.0,243.3,2126.7
4554,892a1062857ffff,Staten Island,SI0202,New Dorp-Midland Beach,209,1837.1,377.3,0.4203,1013.1,mixed,tract,36085013800,4,1.0,1459.8,2214.4
4555,892a106285bffff,Staten Island,SI0203,Todt Hill-Emerson Hill-Lighthouse Hill-Manor Heights,72,1321.5,324.6,0.0861,227.8,tract,tract,36085027900,2,1.0,996.9,1646.1
4556,892a1062863ffff,Staten Island,SI0301,Oakwood-Richmondtown,147,1820.0,498.5,0.3987,966.9,mixed,tract,36085013201,2,1.0,1321.5,2318.5
4557,892a1062867ffff,Staten Island,SI0301,Oakwood-Richmondtown,161,1833.0,516.0,0.4139,1000.9,tract,tract,36085013201,1,1.0,1317.0,2349.0
4558,892a106286bffff,Staten Island,SI0301,Oakwood-Richmondtown,200,1855.6,361.1,0.4391,1062.6,mixed,tract,36085013800,3,1.0,1494.5,2216.7
4559,892a106286fffff,Staten Island,SI0301,Oakwood-Richmondtown,129,1816.6,483.7,0.3959,957.8,mixed,block_group,360850132041,2,1.0,1332.9,2300.3
4560,892a1062873ffff,Staten Island,SI0202,New Dorp-Midland Beach,278,1450.0,164.0,0.1239,320.0,block_group,block_group,360850134003,1,1.0,1286.0,1614.0
4561,892a1062877ffff,Staten Island,SI0202,New Dorp-Midland Beach,203,1896.6,149.5,0.4747,1159.0,mixed,block_group,360850134002,3,1.0,1747.1,2046.1
4562,892a106287bffff,Staten Island,SI0301,Oakwood-Richmondtown,211,1875.6,539.3,0.457,1111.3,mixed,tract,36085013800,2,1.0,1336.3,2414.9
4563,892a1062883ffff,Staten Island,SI0202,New Dorp-Midland Beach,392,2213.7,112.2,0.7714,1912.2,mixed,block_group,360850114022,3,1.0,2101.5,2325.9
4564,892a1062887ffff,Staten Island,SI0202,New Dorp-Midland Beach,150,2532.1,221.5,0.8961,2305.3,mixed,block_group,360850112031,2,1.0,2310.6,2753.6
4565,892a106288bffff,Staten Island,SI0202,New Dorp-Midland Beach,216,2169.6,181.0,0.7324,1821.4,mixed,block_group,360850122004,2,1.0,1988.6,2350.6
4566,892a106288fffff,Staten Island,SI0202,New Dorp-Midland Beach,226,2249.0,162.0,0.7895,1969.4,tract,tract,36085012200,1,1.0,2087.0,2411.0
4567,892a1062893ffff,Staten Island,SI0202,New Dorp-Midland Beach,229,2275.9,146.3,0.8043,2013.5,block_group,block_group,360850114022,2,1.0,2129.6,2422.2
4568,892a1062897ffff,Staten Island,SI0202,New Dorp-Midland Beach,151,2408.4,165.2,0.86,2191.2,block_group,block_group,360850114022,3,1.0,2243.2,2573.6
4569,892a106289bffff,Staten Island,SI0202,New Dorp-Midland Beach,343,2162.8,514.3,0.727,1804.9,block_group,block_group,360850114022,3,1.0,1648.5,2677.1
4570,892a10628abffff,Staten Island,SI0202,New Dorp-Midland Beach,145,2124.1,999.7,0.696,1712.2,block_group,block_group,360850128041,2,1.0,1124.4,3123.8
4571,892a10628afffff,Staten Island,SI0202,New Dorp-Midland Beach,324,2063.0,1106.0,0.6368,1564.5,block_group,block_group,360850128041,1,1.0,957.0,3169.0
4572,892a10628bbffff,Staten Island,SI0202,New Dorp-Midland Beach,46,2424.6,190.7,0.866,2210.2,mixed,block_group,360850112031,3,1.0,2233.9,2615.3
4573,892a10628c3ffff,Staten Island,SI0203,Todt Hill-Emerson Hill-Lighthouse Hill-Manor Heights,34,1093.0,1054.0,0.0432,133.2,tract,tract,36085018100,1,1.0,39.0,2147.0
4574,892a10628c7ffff,Staten Island,SI0202,New Dorp-Midland Beach,216,2249.0,162.0,0.7895,1969.4,tract,tract,36085012200,1,1.0,2087.0,2411.0
4575,892a10628cbffff,Staten Island,SI0203,Todt Hill-Emerson Hill-Lighthouse Hill-Manor Heights,91,1093.0,1054.0,0.0432,133.2,tract,tract,36085018100,1,1.0,39.0,2147.0
4576,892a10628cfffff,Staten Island,SI0203,Todt Hill-Emerson Hill-Lighthouse Hill-Manor Heights,208,1248.6,912.4,0.0688,187.9,tract,tract,36085018100,2,1.0,336.2,2161.0
4578,892a10628d7ffff,Staten Island,SI0202,New Dorp-Midland Beach,152,2058.3,277.1,0.6326,1552.8,mixed,block_group,360850122004,3,1.0,1781.2,2335.4
4579,892a10628dbffff,Staten Island,SI0203,Todt Hill-Emerson Hill-Lighthouse Hill-Manor Heights,1,1093.0,1054.0,0.0432,133.2,tract,tract,36085018100,1,1.0,39.0,2147.0
4583,892a106294bffff,Staten Island,SI0301,Oakwood-Richmondtown,57,1976.2,269.9,0.5589,1356.2,mixed,tract,36085012805,2,1.0,1706.3,2246.1
4584,892a106294fffff,Staten Island,SI0301,Oakwood-Richmondtown,1,1803.0,346.0,0.3838,926.4,tract,tract,36085012805,1,1.0,1457.0,2149.0
4585,892a1062953ffff,Staten Island,SI0301,Oakwood-Richmondtown,225,2146.2,694.1,0.7146,1765.4,block_group,block_group,360850128065,2,1.0,1452.1,2840.3
4587,892a106295bffff,Staten Island,SI0301,Oakwood-Richmondtown,229,2321.8,296.7,0.8286,2090.0,block_group,block_group,360850128061,3,1.0,2025.1,2618.5
4588,892a10629c3ffff,Staten Island,SI0202,New Dorp-Midland Beach,308,2501.7,1527.0,0.8856,2278.1,block_group,block_group,360850128042,2,1.0,974.7,4028.7
4590,892a10629cbffff,Staten Island,SI0301,Oakwood-Richmondtown,325,2200.1,607.0,0.7619,1886.3,block_group,block_group,360850128065,3,1.0,1593.1,2807.1
4591,892a10629cfffff,Staten Island,SI0301,Oakwood-Richmondtown,45,2157.0,733.0,0.7225,1790.4,block_group,block_group,360850128065,1,1.0,1424.0,2890.0
4592,892a10629d3ffff,Staten Island,SI0202,New Dorp-Midland Beach,301,2504.0,1537.0,0.8864,2280.8,block_group,block_group,360850128042,1,1.0,967.0,4041.0
4593,892a10629d7ffff,Staten Island,SI0202,New Dorp-Midland Beach,11,2504.0,1537.0,0.8864,2280.8,block_group,block_group,360850128042,1,1.0,967.0,4041.0
4594,892a10629dbffff,Staten Island,SI0202,New Dorp-Midland Beach,300,2262.9,922.5,0.7956,1990.1,block_group,block_group,360850128041,2,1.0,1340.4,3185.4
4595,892a1062a03ffff,Staten Island,SI0203,Todt Hill-Emerson Hill-Lighthouse Hill-Manor Heights,13,1938.0,618.0,0.5114,1254.5,tract,tract,36085013800,1,1.0,1320.0,2556.0
4596,892a1062a07ffff,Staten Island,SI0302,Great Kills-Eltingville,73,1819.5,405.5,0.3983,965.6,tract,tract,36085013800,2,1.0,1414.0,2225.0
4597,892a1062a0bffff,Staten Island,SI0203,Todt Hill-Emerson Hill-Lighthouse Hill-Manor Heights,54,1461.0,226.0,0.1303,331.4,block_group,block_group,360850279001,1,1.0,1235.0,1687.0
4598,892a1062a0fffff,Staten Island,SI0302,Great Kills-Eltingville,5,1659.0,459.0,0.2358,590.5,tract,tract,36085014606,1,1.0,1200.0,2118.0
4599,892a1062a13ffff,Staten Island,SI0203,Todt Hill-Emerson Hill-Lighthouse Hill-Manor Heights,42,1461.0,226.0,0.1303,331.4,block_group,block_group,360850279001,1,1.0,1235.0,1687.0
4600,892a1062a17ffff,Staten Island,SI0301,Oakwood-Richmondtown,95,1902.9,572.7,0.4803,1173.9,mixed,tract,36085013800,2,1.0,1330.2,2475.6
4602,892a1062a23ffff,Staten Island,SI0302,Great Kills-Eltingville,240,1659.0,459.0,0.2358,590.5,tract,tract,36085014606,1,1.0,1200.0,2118.0
4603,892a1062a27ffff,Staten Island,SI0302,Great Kills-Eltingville,35,1659.0,459.0,0.2358,590.5,tract,tract,36085014606,1,1.0,1200.0,2118.0
4604,892a1062a2bffff,Staten Island,SI0302,Great Kills-Eltingville,198,1668.6,449.9,0.247,615.5,tract,tract,36085014606,2,1.0,1218.7,2118.5
4605,892a1062a2fffff,Staten Island,SI0302,Great Kills-Eltingville,269,1662.6,454.0,0.2395,598.5,mixed,tract,36085014606,2,1.0,1208.6,2116.6
4606,892a1062a33ffff,Staten Island,SI0302,Great Kills-Eltingville,150,1659.0,459.0,0.2358,590.5,tract,tract,36085014606,1,1.0,1200.0,2118.0
4607,892a1062a37ffff,Staten Island,SI0302,Great Kills-Eltingville,214,1659.0,459.0,0.2358,590.5,tract,tract,36085014606,1,1.0,1200.0,2118.0
4608,892a1062a3bffff,Staten Island,SI0302,Great Kills-Eltingville,12,1659.0,459.0,0.2358,590.5,tract,tract,36085014606,1,1.0,1200.0,2118.0
4610,892a1062a47ffff,Staten Island,SI0203,Todt Hill-Emerson Hill-Lighthouse Hill-Manor Heights,2,1461.0,226.0,0.1303,331.4,block_group,block_group,360850279001,1,1.0,1235.0,1687.0
4616,892a1062a63ffff,Staten Island,SI0302,Great Kills-Eltingville,141,2059.9,515.6,0.6333,1554.8,tract,tract,36085014605,2,1.0,1544.3,2575.5
4617,892a1062a67ffff,Staten Island,SI0302,Great Kills-Eltingville,42,1964.4,422.1,0.5484,1328.3,tract,tract,36085014605,2,1.0,1542.3,2386.5
4618,892a1062a6bffff,Staten Island,SI0203,Todt Hill-Emerson Hill-Lighthouse Hill-Manor Heights,1,1422.0,58.0,0.1136,294.3,tract,tract,36085027900,1,1.0,1364.0,1480.0
4619,892a1062a6fffff,Staten Island,SI0302,Great Kills-Eltingville,185,1928.1,295.0,0.5026,1233.8,mixed,borough,36085,2,1.0,1633.1,2223.1
4620,892a1062a73ffff,Staten Island,SI0203,Todt Hill-Emerson Hill-Lighthouse Hill-Manor Heights,135,1551.9,243.7,0.169,428.4,mixed,block_group,360850279001,2,1.0,1308.2,1795.6
4621,892a1062a77ffff,Staten Island,SI0302,Great Kills-Eltingville,94,1659.0,459.0,0.2358,590.5,tract,tract,36085014606,1,1.0,1200.0,2118.0
4623,892a1062a83ffff,Staten Island,SI0203,Todt Hill-Emerson Hill-Lighthouse Hill-Manor Heights,75,1447.5,149.0,0.123,317.4,mixed,block_group,360850279001,2,1.0,1298.5,1596.5
4624,892a1062a87ffff,Staten Island,SI0203,Todt Hill-Emerson Hill-Lighthouse Hill-Manor Heights,82,1560.4,171.2,0.1734,439.8,tract,tract,36085027900,2,1.0,1389.2,1731.6
4625,892a1062a8bffff,Staten Island,SI0203,Todt Hill-Emerson Hill-Lighthouse Hill-Manor Heights,66,1459.8,219.2,0.1294,329.8,mixed,block_group,360850279001,2,1.0,1240.6,1679.0
4626,892a1062a8fffff,Staten Island,SI0203,Todt Hill-Emerson Hill-Lighthouse Hill-Manor Heights,52,1461.0,226.0,0.1303,331.4,block_group,block_group,360850279001,1,1.0,1235.0,1687.0
4627,892a1062a93ffff,Staten Island,SI0203,Todt Hill-Emerson Hill-Lighthouse Hill-Manor Heights,65,1453.2,181.2,0.1266,324.7,mixed,block_group,360850279001,2,1.0,1272.0,1634.4
4628,892a1062a97ffff,Staten Island,SI0203,Todt Hill-Emerson Hill-Lighthouse Hill-Manor Heights,61,1422.0,58.0,0.1136,294.3,tract,tract,36085027900,1,1.0,1364.0,1480.0
4630,892a1062aa3ffff,Staten Island,SI0301,Oakwood-Richmondtown,181,1938.0,618.0,0.5114,1254.5,tract,tract,36085013800,1,1.0,1320.0,2556.0
4631,892a1062aa7ffff,Staten Island,SI0301,Oakwood-Richmondtown,150,1938.0,618.0,0.5114,1254.5,tract,tract,36085013800,1,1.0,1320.0,2556.0
4632,892a1062aabffff,Staten Island,SI0301,Oakwood-Richmondtown,148,1934.2,609.7,0.5071,1245.7,tract,tract,36085013800,2,1.0,1324.5,2543.9
4633,892a1062aafffff,Staten Island,SI0301,Oakwood-Richmondtown,186,1791.0,379.4,0.3686,891.5,tract,tract,36085014606,2,1.0,1411.6,2170.4
4634,892a1062ab3ffff,Staten Island,SI0301,Oakwood-Richmondtown,108,1938.0,618.0,0.5114,1254.5,tract,tract,36085013800,1,1.0,1320.0,2556.0
4635,892a1062ab7ffff,Staten Island,SI0301,Oakwood-Richmondtown,229,1938.0,618.0,0.5114,1254.5,tract,tract,36085013800,1,1.0,1320.0,2556.0
4636,892a1062abbffff,Staten Island,SI0301,Oakwood-Richmondtown,116,1938.0,618.0,0.5114,1254.5,tract,tract,36085013800,1,1.0,1320.0,2556.0
4643,892a1062adbffff,Staten Island,SI0203,Todt Hill-Emerson Hill-Lighthouse Hill-Manor Heights,5,1989.0,465.0,0.5686,1385.4,block_group,block_group,360850277041,1,1.0,1524.0,2454.0
4644,892a1062b0bffff,Staten Island,SI0301,Oakwood-Richmondtown,249,1816.4,451.8,0.3956,957.2,mixed,block_group,360850132042,3,1.0,1364.6,2268.2
4645,892a1062b1bffff,Staten Island,SI0301,Oakwood-Richmondtown,257,1818.0,846.0,0.3969,960.8,block_group,block_group,360850132042,1,1.0,972.0,2664.0
4646,892a1062b43ffff,Staten Island,SI0302,Great Kills-Eltingville,543,2037.8,858.2,0.6118,1501.9,block_group,block_group,360850146062,2,1.0,1179.6,2896.0
4647,892a1062b47ffff,Staten Island,SI0302,Great Kills-Eltingville,273,2017.1,910.2,0.5916,1445.4,mixed,block_group,360850132031,2,1.0,1106.9,2927.3
4648,892a1062b4bffff,Staten Island,SI0302,Great Kills-Eltingville,40,2026.2,1028.4,0.6009,1472.3,block_group,block_group,360850146062,2,1.0,997.8,3054.6
4649,892a1062b4fffff,Staten Island,SI0302,Great Kills-Eltingville,170,1714.4,583.4,0.2892,716.2,block_group,block_group,360850132033,3,1.0,1131.0,2297.8
4650,892a1062b53ffff,Staten Island,SI0302,Great Kills-Eltingville,141,1841.9,611.5,0.4247,1025.3,block_group,block_group,360850146062,2,1.0,1230.4,2453.4
4651,892a1062b57ffff,Staten Island,SI0301,Oakwood-Richmondtown,319,1827.1,538.6,0.4062,984.5,block_group,block_group,360850132042,3,1.0,1288.5,2365.7
4652,892a1062b5bffff,Staten Island,SI0302,Great Kills-Eltingville,297,2034.0,1199.0,0.6083,1490.9,block_group,block_group,360850146062,1,1.0,835.0,3233.0
4653,892a1062b6bffff,Staten Island,SI0302,Great Kills-Eltingville,264,1790.0,327.6,0.3678,889.7,mixed,tract,36085013203,3,1.0,1462.4,2117.6
4654,892a1062b6fffff,Staten Island,SI0302,Great Kills-Eltingville,97,2909.0,1032.0,0.9713,2555.8,block_group,block_group,360850156033,1,1.0,1877.0,3941.0
4655,892a1062b7bffff,Staten Island,SI0302,Great Kills-Eltingville,258,1623.7,410.7,0.2099,528.2,mixed,block_group,360850132033,3,1.0,1213.0,2034.4
4656,892a1062b83ffff,Staten Island,SI0301,Oakwood-Richmondtown,233,1903.5,308.4,0.4813,1176.4,block_group,block_group,360850128051,2,1.0,1595.1,2211.9
4657,892a1062b87ffff,Staten Island,SI0301,Oakwood-Richmondtown,85,1892.4,276.6,0.4704,1147.8,mixed,block_group,360850128051,2,1.0,1615.8,2169.0
4658,892a1062b8bffff,Staten Island,SI0301,Oakwood-Richmondtown,257,1881.2,319.9,0.4609,1122.4,block_group,block_group,360850128051,2,1.0,1561.3,2201.1
4659,892a1062b8fffff,Staten Island,SI0301,Oakwood-Richmondtown,181,1902.9,303.4,0.4803,1173.9,mixed,block_group,360850128051,2,1.0,1599.5,2206.3
4660,892a1062b93ffff,Staten Island,SI0301,Oakwood-Richmondtown,170,2110.4,239.7,0.6837,1678.9,mixed,block_group,360850128061,5,1.0,1870.7,2350.1
4661,892a1062b97ffff,Staten Island,SI0301,Oakwood-Richmondtown,204,2170.0,247.4,0.7329,1822.7,block_group,block_group,360850128061,2,1.0,1922.6,2417.4
4662,892a1062b9bffff,Staten Island,SI0301,Oakwood-Richmondtown,119,1807.7,646.6,0.3886,936.6,mixed,block_group,360850132041,2,1.0,1161.1,2454.3
4663,892a1062bb3ffff,Staten Island,SI0301,Oakwood-Richmondtown,21,1803.0,346.0,0.3838,926.4,tract,tract,36085012805,1,1.0,1457.0,2149.0
4664,892a1062bb7ffff,Staten Island,SI0301,Oakwood-Richmondtown,4,1803.0,346.0,0.3838,926.4,tract,tract,36085012805,1,1.0,1457.0,2149.0
4666,892a1062bc3ffff,Staten Island,SI0301,Oakwood-Richmondtown,167,1689.9,253.9,0.2647,660.1,block_group,block_group,360850132043,3,1.0,1436.0,1943.8
4667,892a1062bc7ffff,Staten Island,SI0301,Oakwood-Richmondtown,175,1813.4,655.6,0.394,952.3,block_group,block_group,360850132042,2,1.0,1157.8,2469.0
4668,892a1062bcbffff,Staten Island,SI0302,Great Kills-Eltingville,28,1647.0,195.0,0.2255,566.3,block_group,block_group,360850132043,1,1.0,1452.0,1842.0
4669,892a1062bcfffff,Staten Island,SI0301,Oakwood-Richmondtown,221,1750.7,518.7,0.3318,798.7,block_group,block_group,360850132042,2,1.0,1232.0,2269.4
4670,892a1062bd3ffff,Staten Island,SI0301,Oakwood-Richmondtown,192,1677.5,223.5,0.2537,633.7,block_group,block_group,360850132043,2,1.0,1454.0,1901.0
4671,892a1062bd7ffff,Staten Island,SI0301,Oakwood-Richmondtown,162,1801.0,807.0,0.381,919.8,block_group,block_group,360850132041,1,1.0,994.0,2608.0
4672,892a1062bdbffff,Staten Island,SI0302,Great Kills-Eltingville,38,1647.3,190.3,0.2261,567.4,mixed,block_group,360850132043,2,1.0,1457.0,1837.6
4673,892a1062c03ffff,Staten Island,SI0203,Todt Hill-Emerson Hill-Lighthouse Hill-Manor Heights,115,1862.2,277.0,0.4454,1079.8,mixed,block_group,360850096022,5,1.0,1585.2,2139.2
4674,892a1062c07ffff,Staten Island,SI0201,Grasmere-Arrochar-South Beach-Dongan Hills,227,1359.2,258.7,0.0945,248.5,block_group,block_group,360850114012,3,1.0,1100.5,1617.9
4675,892a1062c0bffff,Staten Island,SI0203,Todt Hill-Emerson Hill-Lighthouse Hill-Manor Heights,50,1646.9,495.0,0.2253,565.7,tract,tract,36085017701,2,1.0,1151.9,2141.9
4676,892a1062c0fffff,Staten Island,SI0203,Todt Hill-Emerson Hill-Lighthouse Hill-Manor Heights,525,658.8,201.4,0.0103,66.9,mixed,block_group,360850114012,2,1.0,457.4,860.2
4677,892a1062c13ffff,Staten Island,SI0201,Grasmere-Arrochar-South Beach-Dongan Hills,196,1916.4,290.7,0.4938,1206.9,block_group,block_group,360850096023,2,1.0,1625.7,2207.1
4678,892a1062c17ffff,Staten Island,SI0201,Grasmere-Arrochar-South Beach-Dongan Hills,274,1899.3,304.7,0.4774,1165.8,block_group,block_group,360850096023,3,1.0,1594.6,2204.0
4679,892a1062c1bffff,Staten Island,SI0203,Todt Hill-Emerson Hill-Lighthouse Hill-Manor Heights,79,2086.3,201.2,0.659,1615.0,mixed,block_group,360850177022,2,1.0,1885.1,2287.5
4680,892a1062c23ffff,Staten Island,SI0201,Grasmere-Arrochar-South Beach-Dongan Hills,83,870.9,180.9,0.0211,87.9,block_group,block_group,360850114012,2,1.0,690.0,1051.8
4681,892a1062c27ffff,Staten Island,SI0202,New Dorp-Midland Beach,278,1514.0,451.0,0.1533,388.2,block_group,block_group,360850112012,1,1.0,1063.0,1965.0
4682,892a1062c2bffff,Staten Island,SI0202,New Dorp-Midland Beach,221,2066.6,377.4,0.639,1571.6,block_group,block_group,360850114021,3,1.0,1689.2,2444.0
4683,892a1062c2fffff,Staten Island,SI0202,New Dorp-Midland Beach,167,2254.2,208.5,0.7914,1975.4,block_group,block_group,360850114021,3,1.0,2045.7,2462.7
4684,892a1062c33ffff,Staten Island,SI0201,Grasmere-Arrochar-South Beach-Dongan Hills,324,2062.0,1445.0,0.6354,1561.2,block_group,block_group,360850114011,1,1.0,617.0,3507.0
4685,892a1062c37ffff,Staten Island,SI0202,New Dorp-Midland Beach,170,1726.9,343.3,0.3027,748.2,block_group,block_group,360850112012,2,1.0,1383.6,2070.2
4686,892a1062c3bffff,Staten Island,SI0201,Grasmere-Arrochar-South Beach-Dongan Hills,187,646.0,205.0,0.0097,65.8,block_group,block_group,360850114012,1,1.0,441.0,851.0
4687,892a1062c43ffff,Staten Island,SI0203,Todt Hill-Emerson Hill-Lighthouse Hill-Manor Heights,14,1093.0,1054.0,0.0432,133.2,tract,tract,36085018100,1,1.0,39.0,2147.0
4688,892a1062c47ffff,Staten Island,SI0203,Todt Hill-Emerson Hill-Lighthouse Hill-Manor Heights,54,1093.0,1054.0,0.0432,133.2,tract,tract,36085018100,1,1.0,39.0,2147.0
4691,892a1062c53ffff,Staten Island,SI0203,Todt Hill-Emerson Hill-Lighthouse Hill-Manor Heights,27,1941.9,359.2,0.5169,1265.2,tract,tract,36085017701,2,1.0,1582.7,2301.1
4692,892a1062c57ffff,Staten Island,SI0203,Todt Hill-Emerson Hill-Lighthouse Hill-Manor Heights,43,2025.8,373.9,0.6004,1470.4,tract,tract,36085017701,2,1.0,1651.9,2399.7
4693,892a1062c5bffff,Staten Island,SI0203,Todt Hill-Emerson Hill-Lighthouse Hill-Manor Heights,5,1093.0,1054.0,0.0432,133.2,tract,tract,36085018100,1,1.0,39.0,2147.0
4694,892a1062c63ffff,Staten Island,SI0203,Todt Hill-Emerson Hill-Lighthouse Hill-Manor Heights,53,1093.0,1054.0,0.0432,133.2,tract,tract,36085018100,1,1.0,39.0,2147.0
4695,892a1062c67ffff,Staten Island,SI0202,New Dorp-Midland Beach,210,2039.0,1536.5,0.6136,1506.4,mixed,block_group,360850114023,2,1.0,502.5,3575.5
4697,892a1062c6fffff,Staten Island,SI0203,Todt Hill-Emerson Hill-Lighthouse Hill-Manor Heights,54,1396.4,890.1,0.1063,277.6,mixed,tract,36085018100,2,1.0,506.3,2286.5
4698,892a1062c73ffff,Staten Island,SI0203,Todt Hill-Emerson Hill-Lighthouse Hill-Manor Heights,44,1093.0,1054.0,0.0432,133.2,tract,tract,36085018100,1,1.0,39.0,2147.0
4699,892a1062c77ffff,Staten Island,SI0202,New Dorp-Midland Beach,187,1430.9,845.7,0.1176,303.0,mixed,block_group,360850114023,3,1.0,585.2,2276.6
4700,892a1062c7bffff,Staten Island,SI0203,Todt Hill-Emerson Hill-Lighthouse Hill-Manor Heights,27,1093.0,1054.0,0.0432,133.2,tract,tract,36085018100,1,1.0,39.0,2147.0
4701,892a1062c83ffff,Staten Island,SI0201,Grasmere-Arrochar-South Beach-Dongan Hills,237,1427.7,520.4,0.116,299.4,block_group,block_group,360850096012,4,1.0,907.3,1948.1
4702,892a1062c87ffff,Staten Island,SI0201,Grasmere-Arrochar-South Beach-Dongan Hills,235,1304.0,737.0,0.0824,218.6,block_group,block_group,360850096012,1,1.0,567.0,2041.0
4703,892a1062c8bffff,Staten Island,SI0203,Todt Hill-Emerson Hill-Lighthouse Hill-Manor Heights,163,1899.1,234.4,0.4772,1165.2,block_group,block_group,360850177022,3,1.0,1664.7,2133.5
4704,892a1062c8fffff,Staten Island,SI0201,Grasmere-Arrochar-South Beach-Dongan Hills,297,1612.2,393.0,0.2032,512.7,block_group,block_group,360850096012,3,1.0,1219.2,2005.2
4705,892a1062c93ffff,Staten Island,SI0201,Grasmere-Arrochar-South Beach-Dongan Hills,239,1695.5,246.1,0.2716,673.9,block_group,block_group,360850096011,3,1.0,1449.4,1941.6
4706,892a1062c97ffff,Staten Island,SI0201,Grasmere-Arrochar-South Beach-Dongan Hills,219,1501.0,394.8,0.147,372.3,block_group,block_group,360850096012,2,1.0,1106.2,1895.8
4707,892a1062c9bffff,Staten Island,SI0203,Todt Hill-Emerson Hill-Lighthouse Hill-Manor Heights,161,1510.0,1455.0,0.1514,383.9,block_group,block_group,360850177021,1,1.0,55.0,2965.0
4708,892a1062ca3ffff,Staten Island,SI0201,Grasmere-Arrochar-South Beach-Dongan Hills,174,2248.0,477.1,0.7887,1968.8,block_group,block_group,360850096021,3,1.0,1770.9,2725.1
4709,892a1062ca7ffff,Staten Island,SI0201,Grasmere-Arrochar-South Beach-Dongan Hills,168,2594.0,808.2,0.9148,2370.2,block_group,block_group,360850070011,2,1.0,1785.8,3402.2
4710,892a1062cabffff,Staten Island,SI0201,Grasmere-Arrochar-South Beach-Dongan Hills,337,2038.3,353.6,0.613,1504.5,block_group,block_group,360850096022,4,1.0,1684.7,2391.9
4711,892a1062cafffff,Staten Island,SI0201,Grasmere-Arrochar-South Beach-Dongan Hills,171,2268.7,379.3,0.8003,2002.8,block_group,block_group,360850112013,4,1.0,1889.4,2648.0
4712,892a1062cb3ffff,Staten Island,SI0201,Grasmere-Arrochar-South Beach-Dongan Hills,209,1804.9,403.8,0.3854,930.6,block_group,block_group,360850096012,4,1.0,1401.1,2208.7
4713,892a1062cb7ffff,Staten Island,SI0201,Grasmere-Arrochar-South Beach-Dongan Hills,190,2596.0,813.0,0.9154,2372.2,block_group,block_group,360850070011,1,1.0,1783.0,3409.0
4714,892a1062cbbffff,Staten Island,SI0201,Grasmere-Arrochar-South Beach-Dongan Hills,249,2094.8,665.9,0.667,1637.1,block_group,block_group,360850096021,3,1.0,1428.9,2760.7
4715,892a1062cc3ffff,Staten Island,SI0203,Todt Hill-Emerson Hill-Lighthouse Hill-Manor Heights,44,2048.0,382.0,0.6221,1525.1,tract,tract,36085017701,1,1.0,1666.0,2430.0
4716,892a1062cc7ffff,Staten Island,SI0203,Todt Hill-Emerson Hill-Lighthouse Hill-Manor Heights,177,2102.8,198.6,0.6747,1659.3,mixed,block_group,360850177022,2,1.0,1904.2,2301.4
4717,892a1062ccbffff,Staten Island,SI0203,Todt Hill-Emerson Hill-Lighthouse Hill-Manor Heights,42,2048.0,382.0,0.6221,1525.1,tract,tract,36085017701,1,1.0,1666.0,2430.0
4718,892a1062ccfffff,Staten Island,SI0203,Todt Hill-Emerson Hill-Lighthouse Hill-Manor Heights,48,2053.2,350.7,0.6269,1538.0,mixed,tract,36085017701,2,1.0,1702.5,2403.9
4719,892a1062cd3ffff,Staten Island,SI0203,Todt Hill-Emerson Hill-Lighthouse Hill-Manor Heights,40,2048.0,382.0,0.6221,1525.1,tract,tract,36085017701,1,1.0,1666.0,2430.0
4720,892a1062cd7ffff,Staten Island,SI0203,Todt Hill-Emerson Hill-Lighthouse Hill-Manor Heights,128,1874.8,541.7,0.4561,1108.8,mixed,block_group,360850177021,3,1.0,1333.1,2416.5
4721,892a1062cdbffff,Staten Island,SI0203,Todt Hill-Emerson Hill-Lighthouse Hill-Manor Heights,14,2048.0,382.0,0.6221,1525.1,tract,tract,36085017701,1,1.0,1666.0,2430.0
4722,892a1062d03ffff,Staten Island,SI0202,New Dorp-Midland Beach,3,2634.0,1084.0,0.9276,2410.6,block_group,block_group,360850112011,1,1.0,1550.0,3718.0
4723,892a1062d0bffff,Staten Island,SI0202,New Dorp-Midland Beach,296,1747.0,248.6,0.3259,787.5,block_group,block_group,360850112033,2,1.0,1498.4,1995.6
4724,892a1062d13ffff,Staten Island,SI0202,New Dorp-Midland Beach,42,2634.0,1084.0,0.9276,2410.6,block_group,block_group,360850112011,1,1.0,1550.0,3718.0
4725,892a1062d1bffff,Staten Island,SI0202,New Dorp-Midland Beach,23,2634.0,1084.0,0.9276,2410.6,block_group,block_group,360850112011,1,1.0,1550.0,3718.0
4726,892a1062d43ffff,Staten Island,SI0202,New Dorp-Midland Beach,293,2364.2,518.8,0.8445,2143.2,block_group,block_group,360850112032,2,1.0,1845.4,2883.0
4727,892a1062d47ffff,Staten Island,SI0202,New Dorp-Midland Beach,294,1939.1,318.5,0.5139,1257.7,block_group,block_group,360850112033,2,1.0,1620.6,2257.6
4728,892a1062d4bffff,Staten Island,SI0202,New Dorp-Midland Beach,121,2696.0,337.0,0.9412,2453.8,block_group,block_group,360850112031,1,1.0,2359.0,3033.0
4729,892a1062d4fffff,Staten Island,SI0202,New Dorp-Midland Beach,279,2341.6,551.7,0.8361,2117.0,block_group,block_group,360850112032,2,1.0,1789.9,2893.3
4730,892a1062d53ffff,Staten Island,SI0202,New Dorp-Midland Beach,321,2190.0,632.4,0.7498,1864.4,block_group,block_group,360850112011,3,1.0,1557.6,2822.4
4731,892a1062d57ffff,Staten Island,SI0202,New Dorp-Midland Beach,212,2113.9,358.0,0.6868,1686.7,block_group,block_group,360850112033,3,1.0,1755.9,2471.9
4732,892a1062d5bffff,Staten Island,SI0202,New Dorp-Midland Beach,218,2372.3,271.7,0.8476,2153.4,block_group,block_group,360850112031,3,1.0,2100.6,2644.0
4733,892a1062d73ffff,Staten Island,SI0202,New Dorp-Midland Beach,322,1658.0,251.0,0.2344,588.3,block_group,block_group,360850112033,1,1.0,1407.0,1909.0
4734,892a1062d7bffff,Staten Island,SI0202,New Dorp-Midland Beach,186,1853.2,263.7,0.4353,1054.7,block_group,block_group,360850112033,2,1.0,1589.5,2116.9
4735,892a1062d83ffff,Staten Island,SI0202,New Dorp-Midland Beach,5,2268.0,405.0,0.7989,2000.2,block_group,block_group,360850112013,1,1.0,1863.0,2673.0
4736,892a1062d8bffff,Staten Island,SI0202,New Dorp-Midland Beach,25,2311.9,379.4,0.8216,2067.8,block_group,block_group,360850112013,2,1.0,1932.5,2691.3
4738,892a1062d9bffff,Staten Island,SI0201,Grasmere-Arrochar-South Beach-Dongan Hills,30,2268.0,405.0,0.7989,2000.2,block_group,block_group,360850112013,1,1.0,1863.0,2673.0
4739,892a1062dc3ffff,Staten Island,SI0202,New Dorp-Midland Beach,242,2322.6,495.0,0.8291,2091.4,block_group,block_group,360850112013,3,1.0,1827.6,2817.6
4740,892a1062dc7ffff,Staten Island,SI0202,New Dorp-Midland Beach,72,2542.5,819.3,0.8986,2314.9,block_group,block_group,360850112011,2,1.0,1723.2,3361.8
4741,892a1062dcbffff,Staten Island,SI0202,New Dorp-Midland Beach,135,1514.0,451.0,0.1533,388.2,block_group,block_group,360850112012,1,1.0,1063.0,1965.0
4742,892a1062dcfffff,Staten Island,SI0202,New Dorp-Midland Beach,44,2634.0,1084.0,0.9276,2410.6,block_group,block_group,360850112011,1,1.0,1550.0,3718.0
4743,892a1062dd3ffff,Staten Island,SI0201,Grasmere-Arrochar-South Beach-Dongan Hills,170,2268.0,405.0,0.7989,2000.2,block_group,block_group,360850112013,1,1.0,1863.0,2673.0
4744,892a1062dd7ffff,Staten Island,SI0202,New Dorp-Midland Beach,80,2268.0,405.0,0.7989,2000.2,block_group,block_group,360850112013,1,1.0,1863.0,2673.0
4745,892a1062ddbffff,Staten Island,SI0202,New Dorp-Midland Beach,223,2204.5,345.8,0.765,1894.9,block_group,block_group,360850112013,3,1.0,1858.7,2550.3
4750,892a1062e13ffff,Staten Island,SI0203,Todt Hill-Emerson Hill-Lighthouse Hill-Manor Heights,104,1093.0,1054.0,0.0432,133.2,tract,tract,36085018100,1,1.0,39.0,2147.0
4751,892a1062e17ffff,Staten Island,SI0203,Todt Hill-Emerson Hill-Lighthouse Hill-Manor Heights,1,1093.0,1054.0,0.0432,133.2,tract,tract,36085018100,1,1.0,39.0,2147.0
4753,892a1062e23ffff,Staten Island,SI0203,Todt Hill-Emerson Hill-Lighthouse Hill-Manor Heights,25,1093.0,1054.0,0.0432,133.2,tract,tract,36085018100,1,1.0,39.0,2147.0
4754,892a1062e27ffff,Staten Island,SI0203,Todt Hill-Emerson Hill-Lighthouse Hill-Manor Heights,34,1093.0,1054.0,0.0432,133.2,tract,tract,36085018100,1,1.0,39.0,2147.0
4755,892a1062e2bffff,Staten Island,SI0203,Todt Hill-Emerson Hill-Lighthouse Hill-Manor Heights,40,1459.0,214.7,0.1285,328.3,mixed,block_group,360850279001,2,1.0,1244.3,1673.7
4756,892a1062e2fffff,Staten Island,SI0203,Todt Hill-Emerson Hill-Lighthouse Hill-Manor Heights,11,1457.5,205.5,0.1275,326.7,mixed,block_group,360850279001,2,1.0,1252.0,1663.0
4757,892a1062e33ffff,Staten Island,SI0203,Todt Hill-Emerson Hill-Lighthouse Hill-Manor Heights,12,1093.0,1054.0,0.0432,133.2,tract,tract,36085018100,1,1.0,39.0,2147.0
4758,892a1062e37ffff,Staten Island,SI0203,Todt Hill-Emerson Hill-Lighthouse Hill-Manor Heights,17,1093.0,1054.0,0.0432,133.2,tract,tract,36085018100,1,1.0,39.0,2147.0
4760,892a1062e43ffff,Staten Island,SI0203,Todt Hill-Emerson Hill-Lighthouse Hill-Manor Heights,22,2275.0,742.0,0.8025,2009.5,tract,tract,36085027302,1,1.0,1533.0,3017.0
4763,892a1062e4fffff,Staten Island,SI0203,Todt Hill-Emerson Hill-Lighthouse Hill-Manor Heights,116,2275.0,742.0,0.8025,2009.5,tract,tract,36085027302,1,1.0,1533.0,3017.0
4764,892a1062e53ffff,Staten Island,SI0203,Todt Hill-Emerson Hill-Lighthouse Hill-Manor Heights,109,2275.0,742.0,0.8025,2009.5,tract,tract,36085027302,1,1.0,1533.0,3017.0
4766,892a1062e5bffff,Staten Island,SI0204,New Springville-Willowbrook-Bulls Head-Travis,70,2275.0,742.0,0.8025,2009.5,tract,tract,36085027302,1,1.0,1533.0,3017.0
4778,892a1062e93ffff,Staten Island,SI0203,Todt Hill-Emerson Hill-Lighthouse Hill-Manor Heights,14,1093.0,1054.0,0.0432,133.2,tract,tract,36085018100,1,1.0,39.0,2147.0
4780,892a1062e9bffff,Staten Island,SI0203,Todt Hill-Emerson Hill-Lighthouse Hill-Manor Heights,89,1054.3,80.7,0.0368,122.7,mixed,tract,36085018704,2,1.0,973.6,1135.0
4788,892a1062ec3ffff,Staten Island,SI0203,Todt Hill-Emerson Hill-Lighthouse Hill-Manor Heights,260,2128.4,426.6,0.7002,1724.0,mixed,block_group,360850273021,2,1.0,1701.8,2555.0
4789,892a1062ec7ffff,Staten Island,SI0203,Todt Hill-Emerson Hill-Lighthouse Hill-Manor Heights,82,1093.0,1054.0,0.0432,133.2,tract,tract,36085018100,1,1.0,39.0,2147.0
4790,892a1062ecbffff,Staten Island,SI0203,Todt Hill-Emerson Hill-Lighthouse Hill-Manor Heights,220,2157.4,450.0,0.7227,1791.1,mixed,block_group,360850273021,2,1.0,1707.4,2607.4
4792,892a1062ed3ffff,Staten Island,SI0203,Todt Hill-Emerson Hill-Lighthouse Hill-Manor Heights,340,1990.3,491.2,0.5695,1388.0,block_group,block_group,360850189021,3,1.0,1499.1,2481.5
4793,892a1062ed7ffff,Staten Island,SI0203,Todt Hill-Emerson Hill-Lighthouse Hill-Manor Heights,164,1665.5,515.3,0.2434,608.7,mixed,block_group,360850187032,3,1.0,1150.2,2180.8
4794,892a1062edbffff,Staten Island,SI0203,Todt Hill-Emerson Hill-Lighthouse Hill-Manor Heights,250,2020.3,472.3,0.5962,1456.9,block_group,block_group,360850273021,2,1.0,1548.0,2492.6
4842,892a1063533ffff,Staten Island,SI0107,Mariner's Harbor-Arlington-Graniteville,36,2461.0,312.0,0.8747,2241.4,block_group,block_group,360850323001,1,1.0,2149.0,2773.0
4843,892a1063537ffff,Staten Island,SI0107,Mariner's Harbor-Arlington-Graniteville,119,1566.0,354.8,0.1763,446.3,mixed,tract,36085031902,2,1.0,1211.2,1920.8
4852,892a10635a7ffff,Staten Island,SI0107,Mariner's Harbor-Arlington-Graniteville,272,961.0,556.0,0.0297,106.4,tract,tract,36085031902,1,1.0,405.0,1517.0
4853,892a10635abffff,Staten Island,SI0107,Mariner's Harbor-Arlington-Graniteville,9,657.4,170.7,0.0101,66.5,block_group,block_group,360850319021,2,1.0,486.7,828.1
4854,892a10635afffff,Staten Island,SI0107,Mariner's Harbor-Arlington-Graniteville,721,462.8,180.0,0.0029,53.6,mixed,block_group,360850319021,2,1.0,282.8,642.8
4856,892a106e053ffff,Staten Island,SI0305,Tottenville-Charleston,209,1514.2,289.7,0.1535,388.7,block_group,block_group,360850244022,2,1.0,1224.5,1803.9
4857,892a106e05bffff,Staten Island,SI0305,Tottenville-Charleston,149,1405.0,134.0,0.1091,284.7,block_group,block_group,360850244022,1,1.0,1271.0,1539.0
4860,892a106e0c3ffff,Staten Island,SI0305,Tottenville-Charleston,52,1731.0,823.0,0.3074,755.8,block_group,block_group,360850244021,1,1.0,908.0,2554.0
4861,892a106e0cbffff,Staten Island,SI0305,Tottenville-Charleston,298,1731.0,823.0,0.3074,755.8,block_group,block_group,360850244021,1,1.0,908.0,2554.0
4862,892a106e0d3ffff,Staten Island,SI0305,Tottenville-Charleston,88,1731.0,823.0,0.3074,755.8,block_group,block_group,360850244021,1,1.0,908.0,2554.0
4863,892a106e0d7ffff,Staten Island,SI0305,Tottenville-Charleston,34,1731.0,823.0,0.3074,755.8,block_group,block_group,360850244021,1,1.0,908.0,2554.0
4864,892a106e0dbffff,Staten Island,SI0305,Tottenville-Charleston,44,2237.2,587.1,0.7822,1950.8,mixed,block_group,360850244012,3,1.0,1650.1,2824.3
4865,892a106e293ffff,Staten Island,SI0305,Tottenville-Charleston,99,1420.5,131.6,0.1131,293.3,block_group,block_group,360850244022,2,1.0,1288.9,1552.1
4866,892a106e297ffff,Staten Island,SI0305,Tottenville-Charleston,15,1405.0,134.0,0.1091,284.7,block_group,block_group,360850244022,1,1.0,1271.0,1539.0
4872,892a106e417ffff,Staten Island,SI0304,Annadale-Huguenot-Prince's Bay-Woodrow,2,1699.0,286.0,0.2749,680.8,block_group,block_group,360850198001,1,1.0,1413.0,1985.0
4878,892a106e447ffff,Staten Island,SI0305,Tottenville-Charleston,8,1667.0,766.0,0.2454,612.1,tract,tract,36085024401,1,1.0,901.0,2433.0
4879,892a106e44bffff,Staten Island,SI0305,Tottenville-Charleston,44,1756.6,612.8,0.3375,812.3,tract,tract,36085024401,2,1.0,1143.8,2369.4
4880,892a106e44fffff,Staten Island,SI0305,Tottenville-Charleston,5,1667.0,766.0,0.2454,612.1,tract,tract,36085024401,1,1.0,901.0,2433.0
4881,892a106e453ffff,Staten Island,SI0304,Annadale-Huguenot-Prince's Bay-Woodrow,10,1722.8,89.8,0.297,735.4,mixed,borough,36085,2,1.0,1633.0,1812.6
4883,892a106e45bffff,Staten Island,SI0305,Tottenville-Charleston,24,1831.2,493.6,0.4102,995.4,tract,tract,36085024401,2,1.0,1337.6,2324.8
4884,892a106e463ffff,Staten Island,SI0305,Tottenville-Charleston,53,1714.1,638.5,0.2887,715.0,mixed,block_group,360850244021,2,1.0,1075.6,2352.6
4885,892a106e467ffff,Staten Island,SI0305,Tottenville-Charleston,43,1731.0,823.0,0.3074,755.8,block_group,block_group,360850244021,1,1.0,908.0,2554.0
4886,892a106e46bffff,Staten Island,SI0305,Tottenville-Charleston,123,1685.2,596.0,0.262,652.1,mixed,tract,36085024401,2,1.0,1089.2,2281.2
4887,892a106e46fffff,Staten Island,SI0305,Tottenville-Charleston,5,1731.0,823.0,0.3074,755.8,block_group,block_group,360850244021,1,1.0,908.0,2554.0
4888,892a106e473ffff,Staten Island,SI0304,Annadale-Huguenot-Prince's Bay-Woodrow,37,1667.0,766.0,0.2454,612.1,tract,tract,36085024401,1,1.0,901.0,2433.0
4890,892a106e47bffff,Staten Island,SI0305,Tottenville-Charleston,4,1667.0,766.0,0.2454,612.1,tract,tract,36085024401,1,1.0,901.0,2433.0
4891,892a106e483ffff,Staten Island,SI0304,Annadale-Huguenot-Prince's Bay-Woodrow,146,1714.8,153.8,0.2901,718.5,mixed,block_group,360850198001,2,1.0,1561.0,1868.6
4892,892a106e487ffff,Staten Island,SI0304,Annadale-Huguenot-Prince's Bay-Woodrow,137,1724.8,74.7,0.2999,741.2,mixed,borough,36085,2,1.0,1650.1,1799.5
4893,892a106e48bffff,Staten Island,SI0304,Annadale-Huguenot-Prince's Bay-Woodrow,74,1699.0,286.0,0.2749,680.8,block_group,block_group,360850198001,1,1.0,1413.0,1985.0
4894,892a106e48fffff,Staten Island,SI0304,Annadale-Huguenot-Prince's Bay-Woodrow,82,1699.0,286.0,0.2749,680.8,block_group,block_group,360850198001,1,1.0,1413.0,1985.0
4895,892a106e493ffff,Staten Island,SI0304,Annadale-Huguenot-Prince's Bay-Woodrow,84,1733.0,38.0,0.3114,761.1,borough,borough,36085,1,1.0,1695.0,1771.0
4896,892a106e497ffff,Staten Island,SI0304,Annadale-Huguenot-Prince's Bay-Woodrow,114,1733.0,38.0,0.3114,761.1,borough,borough,36085,1,1.0,1695.0,1771.0
4897,892a106e49bffff,Staten Island,SI0304,Annadale-Huguenot-Prince's Bay-Woodrow,120,1701.8,262.2,0.2775,686.6,mixed,block_group,360850198001,2,1.0,1439.6,1964.0
4899,892a106e4b3ffff,Staten Island,SI0304,Annadale-Huguenot-Prince's Bay-Woodrow,212,1731.6,38.4,0.3085,757.6,mixed,borough,36085,2,1.0,1693.2,1770.0
4900,892a106e4bbffff,Staten Island,SI0304,Annadale-Huguenot-Prince's Bay-Woodrow,5,1699.0,286.0,0.2749,680.8,block_group,block_group,360850198001,1,1.0,1413.0,1985.0
4901,892a106e4c3ffff,Staten Island,SI0304,Annadale-Huguenot-Prince's Bay-Woodrow,58,2057.0,427.0,0.6312,1549.6,block_group,block_group,360850226014,1,1.0,1630.0,2484.0
4902,892a106e4c7ffff,Staten Island,SI0304,Annadale-Huguenot-Prince's Bay-Woodrow,3,1699.0,286.0,0.2749,680.8,block_group,block_group,360850198001,1,1.0,1413.0,1985.0
4903,892a106e4cbffff,Staten Island,SI0304,Annadale-Huguenot-Prince's Bay-Woodrow,67,2057.0,427.0,0.6312,1549.6,block_group,block_group,360850226014,1,1.0,1630.0,2484.0
4904,892a106e4cfffff,Staten Island,SI0304,Annadale-Huguenot-Prince's Bay-Woodrow,18,1937.7,300.2,0.5102,1253.9,block_group,block_group,360850226014,2,1.0,1637.5,2237.9
4905,892a106e4d3ffff,Staten Island,SI0304,Annadale-Huguenot-Prince's Bay-Woodrow,171,2057.0,427.0,0.6312,1549.6,block_group,block_group,360850226014,1,1.0,1630.0,2484.0
4906,892a106e4d7ffff,Staten Island,SI0304,Annadale-Huguenot-Prince's Bay-Woodrow,84,1954.7,315.8,0.5295,1298.0,block_group,block_group,360850226014,2,1.0,1638.9,2270.5
4907,892a106e4dbffff,Staten Island,SI0304,Annadale-Huguenot-Prince's Bay-Woodrow,100,2057.0,427.0,0.6312,1549.6,block_group,block_group,360850226014,1,1.0,1630.0,2484.0
4908,892a106e603ffff,Staten Island,SI0305,Tottenville-Charleston,226,2109.6,449.9,0.683,1676.9,block_group,block_group,360850248002,2,1.0,1659.7,2559.5
4909,892a106e607ffff,Staten Island,SI0305,Tottenville-Charleston,174,2120.5,344.6,0.6928,1701.8,block_group,block_group,360850248002,4,1.0,1775.9,2465.1
4910,892a106e60bffff,Staten Island,SI0305,Tottenville-Charleston,152,2005.5,1744.2,0.5816,1420.5,mixed,block_group,360850248001,2,1.0,261.3,3749.7
4911,892a106e60fffff,Staten Island,SI0305,Tottenville-Charleston,274,2000.0,1841.0,0.5762,1407.7,block_group,block_group,360850248001,1,1.0,159.0,3841.0
4912,892a106e613ffff,Staten Island,SI0305,Tottenville-Charleston,124,2136.9,243.2,0.7067,1743.0,mixed,block_group,360850248002,2,1.0,1893.7,2380.1
4913,892a106e617ffff,Staten Island,SI0305,Tottenville-Charleston,189,2137.8,249.0,0.7078,1746.3,mixed,block_group,360850248002,2,1.0,1888.8,2386.8
4914,892a106e61bffff,Staten Island,SI0305,Tottenville-Charleston,54,2130.3,211.0,0.7021,1729.3,mixed,block_group,360850248002,2,1.0,1919.3,2341.3
4915,892a106e623ffff,Staten Island,SI0305,Tottenville-Charleston,220,1681.5,244.5,0.2575,641.2,block_group,block_group,360850244011,3,1.0,1437.0,1926.0
4916,892a106e627ffff,Staten Island,SI0305,Tottenville-Charleston,246,1459.3,176.9,0.1289,328.8,block_group,block_group,360850244022,2,1.0,1282.4,1636.2
4917,892a106e62bffff,Staten Island,SI0305,Tottenville-Charleston,187,1453.0,295.0,0.1262,324.1,block_group,block_group,360850244011,1,1.0,1158.0,1748.0
4918,892a106e62fffff,Staten Island,SI0305,Tottenville-Charleston,220,1405.0,134.0,0.1091,284.7,block_group,block_group,360850244022,1,1.0,1271.0,1539.0
4919,892a106e633ffff,Staten Island,SI0305,Tottenville-Charleston,137,2515.3,812.0,0.8889,2289.0,block_group,block_group,360850244012,2,1.0,1703.3,3327.3
4920,892a106e637ffff,Staten Island,SI0305,Tottenville-Charleston,247,1972.4,585.8,0.5557,1347.9,block_group,block_group,360850244021,3,1.0,1386.6,2558.2
4921,892a106e63bffff,Staten Island,SI0305,Tottenville-Charleston,210,1453.0,295.0,0.1262,324.1,block_group,block_group,360850244011,1,1.0,1158.0,1748.0
4922,892a106e663ffff,Staten Island,SI0305,Tottenville-Charleston,53,1622.2,591.0,0.2087,525.5,mixed,block_group,360850244011,3,1.0,1031.2,2213.2
4923,892a106e667ffff,Staten Island,SI0305,Tottenville-Charleston,105,1453.0,295.0,0.1262,324.1,block_group,block_group,360850244011,1,1.0,1158.0,1748.0
4924,892a106e673ffff,Staten Island,SI0305,Tottenville-Charleston,62,2027.1,1368.4,0.6024,1474.9,mixed,block_group,360850248001,2,1.0,658.7,3395.5
4925,892a106e677ffff,Staten Island,SI0305,Tottenville-Charleston,176,1583.5,493.4,0.1872,471.4,block_group,block_group,360850244011,2,1.0,1090.1,2076.9
4926,892a106e683ffff,Staten Island,SI0305,Tottenville-Charleston,50,2105.0,320.0,0.6776,1664.5,tract,tract,36085024800,1,1.0,1785.0,2425.0
4927,892a106e687ffff,Staten Island,SI0305,Tottenville-Charleston,209,2105.0,320.0,0.6776,1664.5,tract,tract,36085024800,1,1.0,1785.0,2425.0
4928,892a106e68bffff,Staten Island,SI0305,Tottenville-Charleston,2,2105.0,320.0,0.6776,1664.5,tract,tract,36085024800,1,1.0,1785.0,2425.0
4929,892a106e68fffff,Staten Island,SI0305,Tottenville-Charleston,170,2105.0,320.0,0.6776,1664.5,tract,tract,36085024800,1,1.0,1785.0,2425.0
4931,892a106e697ffff,Staten Island,SI0305,Tottenville-Charleston,12,2105.0,320.0,0.6776,1664.5,tract,tract,36085024800,1,1.0,1785.0,2425.0
4932,892a106e69bffff,Staten Island,SI0305,Tottenville-Charleston,1,2105.0,320.0,0.6776,1664.5,tract,tract,36085024800,1,1.0,1785.0,2425.0
4933,892a106e6a3ffff,Staten Island,SI0305,Tottenville-Charleston,166,2151.0,571.5,0.7182,1776.6,mixed,block_group,360850244012,2,1.0,1579.5,2722.5
4934,892a106e6a7ffff,Staten Island,SI0305,Tottenville-Charleston,117,1748.2,698.3,0.3276,791.7,mixed,tract,36085024401,2,1.0,1049.9,2446.5
4935,892a106e6abffff,Staten Island,SI0305,Tottenville-Charleston,211,2479.1,715.5,0.8802,2259.7,block_group,block_group,360850244012,2,1.0,1763.6,3194.6
4936,892a106e6afffff,Staten Island,SI0305,Tottenville-Charleston,186,2531.0,824.0,0.8955,2303.3,block_group,block_group,360850244012,1,1.0,1707.0,3355.0
4937,892a106e6b3ffff,Staten Island,SI0305,Tottenville-Charleston,108,1667.0,766.0,0.2454,612.1,tract,tract,36085024401,1,1.0,901.0,2433.0
4938,892a106e6b7ffff,Staten Island,SI0305,Tottenville-Charleston,69,1667.0,766.0,0.2454,612.1,tract,tract,36085024401,1,1.0,901.0,2433.0
4939,892a106e6bbffff,Staten Island,SI0305,Tottenville-Charleston,193,2158.6,279.7,0.7242,1795.7,mixed,tract,36085024800,4,1.0,1878.9,2438.3
4941,892a1070b03ffff,Staten Island,SI0101,St. George-New Brighton,439,1375.7,346.3,0.0998,262.0,mixed,tract,36085000700,2,1.0,1029.4,1722.0
4942,892a1070b07ffff,Staten Island,SI0101,St. George-New Brighton,393,1538.0,280.1,0.1632,413.9,mixed,tract,36085000700,4,1.0,1257.9,1818.1
4943,892a1070b0fffff,Staten Island,SI0101,St. George-New Brighton,201,1945.1,721.4,0.521,1274.0,block_group,block_group,360850081003,2,1.0,1223.7,2666.5
4944,892a1070b17ffff,Staten Island,SI0101,St. George-New Brighton,569,1593.4,254.3,0.193,485.6,mixed,block_group,360850007002,2,1.0,1339.1,1847.7
4945,892a1070b23ffff,Staten Island,SI0101,St. George-New Brighton,489,1833.7,548.5,0.4163,1003.3,block_group,block_group,360850011003,4,1.0,1285.2,2382.2
4946,892a1070b27ffff,Staten Island,SI0101,St. George-New Brighton,409,1769.5,418.9,0.3489,842.0,mixed,block_group,360850017002,3,1.0,1350.6,2188.4
4947,892a1070b2bffff,Staten Island,SI0101,St. George-New Brighton,251,1258.2,691.9,0.0707,192.6,mixed,block_group,360850077001,3,1.0,566.3,1950.1
4948,892a1070b2fffff,Staten Island,SI0104,West New Brighton-Silver Lake-Grymes Hill,310,1435.5,408.7,0.1191,306.6,mixed,block_group,360850077001,3,1.0,1026.8,1844.2
4949,892a1070b33ffff,Staten Island,SI0101,St. George-New Brighton,326,2390.3,376.8,0.8531,2170.9,block_group,block_group,360850009002,3,1.0,2013.5,2767.1
4950,892a1070b37ffff,Staten Island,SI0101,St. George-New Brighton,428,1805.4,525.7,0.3857,931.2,block_group,block_group,360850011002,4,1.0,1279.7,2331.1
4951,892a1070b3bffff,Staten Island,SI0101,St. George-New Brighton,285,2083.3,455.5,0.656,1606.6,block_group,block_group,360850081003,3,1.0,1627.8,2538.8
4952,892a1070b63ffff,Staten Island,SI0101,St. George-New Brighton,508,618.6,346.3,0.0083,63.0,mixed,block_group,360850081001,2,1.0,272.3,964.9
4953,892a1070b67ffff,Staten Island,SI0104,West New Brighton-Silver Lake-Grymes Hill,129,1091.4,429.1,0.041,131.9,mixed,block_group,360850077001,3,1.0,662.3,1520.5
4954,892a1070b6fffff,Staten Island,SI0104,West New Brighton-Silver Lake-Grymes Hill,26,1082.6,656.7,0.0399,129.7,mixed,block_group,360850067001,2,1.0,425.9,1739.3
4955,892a1070b73ffff,Staten Island,SI0101,St. George-New Brighton,251,561.0,430.0,0.0047,56.3,block_group,block_group,360850081001,1,1.0,131.0,991.0
4956,892a1070b77ffff,Staten Island,SI0101,St. George-New Brighton,232,947.8,385.8,0.0287,104.3,mixed,tract,36085008100,3,1.0,562.0,1333.6
4957,892a1070b7bffff,Staten Island,SI0101,St. George-New Brighton,159,568.4,427.3,0.0054,57.6,mixed,block_group,360850081001,2,1.0,141.1,995.7
4958,892a1070ba3ffff,Staten Island,SI0101,St. George-New Brighton,689,1364.4,237.1,0.0967,254.5,block_group,block_group,360850003001,2,1.0,1127.3,1601.5
4959,892a1070ba7ffff,Staten Island,SI0101,St. George-New Brighton,188,2133.0,1579.0,0.7048,1736.5,block_group,block_group,360850003002,1,1.0,554.0,3712.0
4960,892a1070babffff,Staten Island,SI0101,St. George-New Brighton,287,1735.8,98.6,0.3154,767.0,block_group,block_group,360850009001,3,1.0,1637.2,1834.4
4961,892a1070bafffff,Staten Island,SI0101,St. George-New Brighton,534,1696.1,266.3,0.2721,675.1,block_group,block_group,360850011001,3,1.0,1429.8,1962.4
4963,892a1070bbbffff,Staten Island,SI0101,St. George-New Brighton,670,1229.0,518.0,0.0657,180.3,mixed,block_group,360850007004,2,1.0,711.0,1747.0
4964,892a1072137ffff,Manhattan,MN0203,West Village,637,2714.7,468.0,0.9462,2466.9,mixed,block_group,360610075001,2,1.0,2246.7,3182.7
4965,892a1072183ffff,Manhattan,MN0401,Chelsea-Hudson Yards,154,2197.0,25.0,0.7562,1877.0,borough,borough,36061,1,1.0,2172.0,2222.0
4966,892a1072187ffff,Manhattan,MN0401,Chelsea-Hudson Yards,1466,1390.6,255.2,0.1041,273.0,mixed,block_group,360610089003,3,1.0,1135.4,1645.8
4967,892a1072193ffff,Manhattan,MN0401,Chelsea-Hudson Yards,816,2197.0,25.0,0.7562,1877.0,borough,borough,36061,1,1.0,2172.0,2222.0
4968,892a1072197ffff,Manhattan,MN0401,Chelsea-Hudson Yards,1189,1903.2,420.7,0.481,1175.8,mixed,borough,36061,4,1.0,1482.5,2323.9
4969,892a10721a3ffff,Manhattan,MN0203,West Village,2011,2122.7,29.4,0.6944,1707.0,mixed,borough,36061,2,1.0,2093.3,2152.1
4970,892a10721a7ffff,Manhattan,MN0203,West Village,2606,2449.7,138.0,0.8715,2231.2,mixed,borough,36061,6,1.0,2311.7,2587.7
4971,892a10721afffff,Manhattan,MN0203,West Village,2060,1799.1,603.1,0.378,911.9,mixed,block_group,360610075002,5,1.0,1196.0,2402.2
4972,892a10721b3ffff,Manhattan,MN0401,Chelsea-Hudson Yards,850,2317.7,780.8,0.8261,2082.0,mixed,block_group,360610083002,4,1.0,1536.9,3098.5
4973,892a10721b7ffff,Manhattan,MN0203,West Village,2872,2613.0,283.8,0.9208,2390.0,mixed,block_group,360610077002,5,1.0,2329.2,2896.8
4976,892a1072507ffff,Manhattan,MN0401,Chelsea-Hudson Yards,590,3270.0,1100.0,0.9968,2640.3,block_group,block_group,360610117001,1,1.0,2170.0,4370.0
4977,892a1072513ffff,Manhattan,MN0402,Hell's Kitchen,1324,2379.9,143.2,0.8504,2162.2,mixed,borough,36061,2,1.0,2236.7,2523.1
4978,892a1072517ffff,Manhattan,MN0401,Chelsea-Hudson Yards,1951,2546.6,725.5,0.9006,2321.0,mixed,block_group,360610129012,4,1.0,1821.1,3272.1
4979,892a1072523ffff,Manhattan,MN0401,Chelsea-Hudson Yards,1929,2767.1,209.2,0.9544,2496.5,mixed,borough,36061,2,1.0,2557.9,2976.3
4980,892a1072527ffff,Manhattan,MN0401,Chelsea-Hudson Yards,2658,1637.6,260.2,0.219,548.9,mixed,block_group,36061009700,4,1.0,1377.4,1897.8
4981,892a107252bffff,Manhattan,MN0401,Chelsea-Hudson Yards,2644,2197.0,25.0,0.7562,1877.0,borough,borough,36061,1,1.0,2172.0,2222.0
4982,892a107252fffff,Manhattan,MN0401,Chelsea-Hudson Yards,1392,1158.9,247.7,0.0523,150.3,mixed,block_group,360610093006,4,1.0,911.2,1406.6
4983,892a1072533ffff,Manhattan,MN0401,Chelsea-Hudson Yards,2102,2694.9,142.8,0.9406,2451.8,mixed,block_group,36061,4,1.0,2552.1,2837.7
4984,892a1072537ffff,Manhattan,MN0401,Chelsea-Hudson Yards,694,2379.1,70.1,0.8499,2160.1,mixed,borough,36061,2,1.0,2309.0,2449.2
4985,892a107253bffff,Manhattan,MN0401,Chelsea-Hudson Yards,535,2197.0,25.0,0.7562,1877.0,borough,borough,36061,1,1.0,2172.0,2222.0
4987,892a1072583ffff,Manhattan,MN0402,Hell's Kitchen,972,2373.7,869.5,0.8479,2154.7,block_group,block_group,360610129021,3,1.0,1504.2,3243.2
4988,892a1072587ffff,Manhattan,MN0402,Hell's Kitchen,3052,2365.8,284.8,0.8448,2143.9,block_group,block_group,360610127003,6,1.0,2081.0,2650.6
4989,892a107258fffff,Manhattan,MN0402,Hell's Kitchen,1618,2781.4,445.8,0.9558,2502.0,block_group,block_group,360610129012,2,1.0,2335.6,3227.2
4990,892a1072593ffff,Manhattan,MN0402,Hell's Kitchen,1869,2098.8,445.1,0.6702,1646.9,mixed,block_group,36061013501,4,1.0,1653.7,2543.9
4991,892a1072597ffff,Manhattan,MN0402,Hell's Kitchen,2721,2265.8,577.1,0.7972,1995.5,block_group,block_group,360610135012,5,1.0,1688.7,2842.9
4992,892a10725a3ffff,Manhattan,MN0402,Hell's Kitchen,2011,3146.5,564.4,0.9919,2621.6,mixed,tract,36061011500,3,1.0,2582.1,3710.9
4993,892a10725a7ffff,Manhattan,MN0502,Midtown-Times Square,128,2967.5,921.5,0.9771,2575.2,mixed,block_group,360610113001,2,1.0,2046.0,3889.0
4994,892a10725abffff,Manhattan,MN0402,Hell's Kitchen,2725,2821.5,391.7,0.9613,2521.3,mixed,block_group,36061,4,1.0,2429.8,3213.2
4995,892a10725afffff,Manhattan,MN0401,Chelsea-Hudson Yards,3076,3022.8,465.2,0.9805,2588.3,mixed,tract,36061011100,4,1.0,2557.6,3488.0
4996,892a10725b3ffff,Manhattan,MN0402,Hell's Kitchen,3094,2021.3,199.7,0.5972,1460.1,block_group,block_group,360610121012,7,1.0,1821.6,2221.0
4997,892a10725b7ffff,Manhattan,MN0502,Midtown-Times Square,1055,1357.2,248.3,0.0936,246.6,block_group,block_group,360610119002,2,1.0,1108.9,1605.5
4998,892a10725bbffff,Manhattan,MN0402,Hell's Kitchen,4969,2103.1,448.3,0.6754,1660.6,mixed,block_group,360610121022,8,1.0,1654.8,2551.4
5000,892a1072813ffff,Manhattan,MN0101,Financial District-Battery Park City,2058,2571.9,280.6,0.9094,2350.4,mixed,borough,36061,2,1.0,2291.3,2852.5
5001,892a1072817ffff,Manhattan,MN0101,Financial District-Battery Park City,769,2197.0,25.0,0.7562,1877.0,borough,borough,36061,1,1.0,2172.0,2222.0
5002,892a107281bffff,Manhattan,MN0101,Financial District-Battery Park City,1647,2197.0,25.0,0.7562,1877.0,borough,borough,36061,1,1.0,2172.0,2222.0
5003,892a1072883ffff,Manhattan,MN0101,Financial District-Battery Park City,3670,2319.5,213.4,0.8272,2086.0,mixed,borough,36061,2,1.0,2106.1,2532.9
5004,892a1072887ffff,Manhattan,MN0101,Financial District-Battery Park City,6568,2412.0,125.7,0.862,2196.0,mixed,borough,36061,2,1.0,2286.3,2537.7
5005,892a107288bffff,Manhattan,MN0101,Financial District-Battery Park City,1406,2958.3,365.0,0.9761,2571.7,mixed,block_group,360610013001,4,1.0,2593.3,3323.3
5006,892a107288fffff,Manhattan,MN0101,Financial District-Battery Park City,5362,2480.3,69.0,0.8811,2263.1,mixed,borough,36061,2,1.0,2411.3,2549.3
5007,892a1072893ffff,Manhattan,MN0102,Tribeca-Civic Center,1201,2197.0,25.0,0.7562,1877.0,borough,borough,36061,1,1.0,2172.0,2222.0
5008,892a1072897ffff,Manhattan,MN0101,Financial District-Battery Park City,1789,1014.6,415.5,0.0334,114.5,mixed,block_group,360610015012,2,1.0,599.1,1430.1
5009,892a107289bffff,Manhattan,MN0102,Tribeca-Civic Center,1078,2197.0,25.0,0.7562,1877.0,borough,borough,36061,1,1.0,2172.0,2222.0
5010,892a10728b3ffff,Manhattan,MN0101,Financial District-Battery Park City,98,2197.0,25.0,0.7562,1877.0,borough,borough,36061,1,1.0,2172.0,2222.0
5011,892a10728bbffff,Manhattan,MN0101,Financial District-Battery Park City,2427,2744.8,223.4,0.9518,2486.8,mixed,block_group,36061,3,1.0,2521.4,2968.2
5012,892a10728c7ffff,Manhattan,MN0101,Financial District-Battery Park City,2732,2471.8,123.8,0.8784,2252.9,mixed,borough,36061,3,1.0,2348.0,2595.6
5013,892a10728d3ffff,Manhattan,MN0101,Financial District-Battery Park City,243,2197.0,25.0,0.7562,1877.0,borough,borough,36061,1,1.0,2172.0,2222.0
5015,892a1072903ffff,Brooklyn,BK0601,Carroll Gardens-Cobble Hill-Gowanus-Red Hook,1331,2546.5,189.0,0.9004,2320.3,mixed,block_group,360470047001,6,1.0,2357.5,2735.5
5016,892a1072907ffff,Brooklyn,BK0601,Carroll Gardens-Cobble Hill-Gowanus-Red Hook,1310,2894.5,571.6,0.969,2547.5,mixed,block_group,360470067004,7,1.0,2322.9,3466.1
5017,892a107290bffff,Brooklyn,BK0601,Carroll Gardens-Cobble Hill-Gowanus-Red Hook,95,2624.0,460.1,0.9246,2402.4,block_group,block_group,360470051001,2,1.0,2163.9,3084.1
5018,892a107290fffff,Brooklyn,BK0601,Carroll Gardens-Cobble Hill-Gowanus-Red Hook,1033,3087.5,412.3,0.9863,2606.3,block_group,block_group,360470051002,5,1.0,2675.2,3499.8
5019,892a1072913ffff,Brooklyn,BK0601,Carroll Gardens-Cobble Hill-Gowanus-Red Hook,1017,2410.0,195.2,0.8605,2192.6,mixed,block_group,360470049002,5,1.0,2214.8,2605.2
5020,892a1072917ffff,Brooklyn,BK0601,Carroll Gardens-Cobble Hill-Gowanus-Red Hook,965,2542.8,264.3,0.8988,2315.6,mixed,block_group,36047,6,1.0,2278.5,2807.1
5021,892a107291bffff,Brooklyn,BK0601,Carroll Gardens-Cobble Hill-Gowanus-Red Hook,101,2118.0,354.0,0.6909,1697.2,block_group,block_group,360470047001,1,1.0,1764.0,2472.0
5022,892a1072923ffff,Brooklyn,BK0601,Carroll Gardens-Cobble Hill-Gowanus-Red Hook,1010,3155.7,400.0,0.9921,2622.3,mixed,block_group,36047006500,5,1.0,2755.7,3555.7
5023,892a1072927ffff,Brooklyn,BK0601,Carroll Gardens-Cobble Hill-Gowanus-Red Hook,46,3054.0,402.0,0.9828,2596.6,block_group,block_group,360470077003,1,1.0,2652.0,3456.0
5024,892a107292bffff,Brooklyn,BK0601,Carroll Gardens-Cobble Hill-Gowanus-Red Hook,624,3139.0,786.9,0.9913,2619.5,mixed,block_group,360470065006,4,1.0,2352.1,3925.9
5025,892a107292fffff,Brooklyn,BK0601,Carroll Gardens-Cobble Hill-Gowanus-Red Hook,893,3095.6,309.2,0.9872,2607.7,mixed,block_group,360470077003,4,1.0,2786.4,3404.8
5026,892a1072933ffff,Brooklyn,BK0601,Carroll Gardens-Cobble Hill-Gowanus-Red Hook,1008,3080.4,238.6,0.9861,2605.6,mixed,block_group,360470075005,8,1.0,2841.8,3319.0
5027,892a1072937ffff,Brooklyn,BK0601,Carroll Gardens-Cobble Hill-Gowanus-Red Hook,877,3121.3,593.9,0.9886,2613.2,mixed,block_group,360470077002,5,1.0,2527.4,3715.2
5028,892a107293bffff,Brooklyn,BK0601,Carroll Gardens-Cobble Hill-Gowanus-Red Hook,1050,3123.8,259.2,0.989,2614.6,mixed,block_group,36047006500,4,1.0,2864.6,3383.0
5029,892a1072963ffff,Brooklyn,BK0601,Carroll Gardens-Cobble Hill-Gowanus-Red Hook,217,2347.9,431.4,0.8385,2123.7,mixed,block_group,360470059001,3,1.0,1916.5,2779.3
5030,892a1072967ffff,Brooklyn,BK0601,Carroll Gardens-Cobble Hill-Gowanus-Red Hook,226,2428.8,514.3,0.8676,2216.3,block_group,block_group,360470059001,2,1.0,1914.5,2943.1
5031,892a107296bffff,Brooklyn,BK0601,Carroll Gardens-Cobble Hill-Gowanus-Red Hook,16,2176.0,294.0,0.7377,1833.9,block_group,block_group,360470053011,1,1.0,1882.0,2470.0
5032,892a107296fffff,Brooklyn,BK0601,Carroll Gardens-Cobble Hill-Gowanus-Red Hook,336,2345.9,318.0,0.8375,2121.0,block_group,block_group,360470053011,2,1.0,2027.9,2663.9
5033,892a1072973ffff,Brooklyn,BK0601,Carroll Gardens-Cobble Hill-Gowanus-Red Hook,100,3122.6,778.8,0.9888,2613.9,block_group,block_group,360470051003,2,1.0,2343.8,3901.4
5034,892a1072977ffff,Brooklyn,BK0601,Carroll Gardens-Cobble Hill-Gowanus-Red Hook,293,2867.6,740.5,0.9655,2535.8,block_group,block_group,360470051003,3,1.0,2127.1,3608.1
5035,892a1072983ffff,Brooklyn,BK0201,Brooklyn Heights,1657,2174.5,249.7,0.737,1831.3,mixed,borough,36047,3,1.0,1924.8,2424.2
5036,892a1072987ffff,Brooklyn,BK0202,Downtown Brooklyn-DUMBO-Boerum Hill,1770,2757.0,582.6,0.9527,2490.3,mixed,block_group,360470009002,4,1.0,2174.4,3339.6
5037,892a107298bffff,Brooklyn,BK0201,Brooklyn Heights,1439,2953.5,459.4,0.9747,2568.3,mixed,block_group,360470007003,6,1.0,2494.1,3412.9
5038,892a107298fffff,Brooklyn,BK0601,Carroll Gardens-Cobble Hill-Gowanus-Red Hook,1181,2557.8,205.9,0.9053,2336.7,mixed,block_group,36047,6,1.0,2351.9,2763.7
5039,892a1072993ffff,Brooklyn,BK0202,Downtown Brooklyn-DUMBO-Boerum Hill,497,1833.0,9.0,0.4139,1000.9,borough,borough,36047,1,1.0,1824.0,1842.0
5040,892a1072997ffff,Brooklyn,BK0202,Downtown Brooklyn-DUMBO-Boerum Hill,1584,1833.0,9.0,0.4139,1000.9,borough,borough,36047,1,1.0,1824.0,1842.0
5041,892a107299bffff,Brooklyn,BK0201,Brooklyn Heights,1880,2480.4,397.2,0.8813,2263.8,mixed,block_group,360470005022,8,1.0,2083.2,2877.6
5042,892a10729a3ffff,Brooklyn,BK0601,Carroll Gardens-Cobble Hill-Gowanus-Red Hook,1740,1663.2,284.4,0.2407,601.3,mixed,block_group,360470071002,5,1.0,1378.8,1947.6
5043,892a10729a7ffff,Brooklyn,BK0601,Carroll Gardens-Cobble Hill-Gowanus-Red Hook,1418,2734.9,255.8,0.9498,2480.0,mixed,block_group,360470075002,6,1.0,2479.1,2990.7
5044,892a10729abffff,Brooklyn,BK0601,Carroll Gardens-Cobble Hill-Gowanus-Red Hook,912,3135.5,246.2,0.9908,2617.4,block_group,block_group,360470075002,8,1.0,2889.3,3381.7
5045,892a10729afffff,Brooklyn,BK0601,Carroll Gardens-Cobble Hill-Gowanus-Red Hook,1049,3246.6,263.2,0.9962,2638.2,mixed,block_group,360470075003,4,1.0,2983.4,3509.8
5046,892a10729b3ffff,Brooklyn,BK0202,Downtown Brooklyn-DUMBO-Boerum Hill,1199,2952.3,185.1,0.9746,2567.6,mixed,tract,36047004100,6,1.0,2767.2,3137.4
5047,892a10729b7ffff,Brooklyn,BK0601,Carroll Gardens-Cobble Hill-Gowanus-Red Hook,735,2236.9,241.1,0.7819,1949.4,mixed,block_group,360470071001,6,1.0,1995.8,2478.0
5048,892a10729bbffff,Brooklyn,BK0202,Downtown Brooklyn-DUMBO-Boerum Hill,1230,3024.3,169.1,0.9807,2589.0,mixed,block_group,360470069012,7,1.0,2855.2,3193.4
5049,892a10729c7ffff,Brooklyn,BK0601,Carroll Gardens-Cobble Hill-Gowanus-Red Hook,273,3472.0,731.0,1.0,2650.0,tract,tract,36047000700,1,1.0,2741.0,4203.0
5050,892a10729d7ffff,Brooklyn,BK0201,Brooklyn Heights,1401,3104.2,467.2,0.9879,2610.5,mixed,tract,36047000700,6,1.0,2637.0,3571.4
5052,892a1072c03ffff,Manhattan,MN0201,SoHo-Little Italy-Hudson Square,911,2367.2,731.6,0.8454,2145.9,mixed,block_group,36061,3,1.0,1635.6,3098.8
5053,892a1072c07ffff,Manhattan,MN0201,SoHo-Little Italy-Hudson Square,631,2224.9,197.2,0.7774,1932.8,mixed,borough,36061,3,1.0,2027.7,2422.1
5054,892a1072c0bffff,Manhattan,MN0201,SoHo-Little Italy-Hudson Square,650,2558.2,435.8,0.9058,2338.1,mixed,borough,36061,2,1.0,2122.4,2994.0
5055,892a1072c0fffff,Manhattan,MN0102,Tribeca-Civic Center,852,2197.0,25.0,0.7562,1877.0,borough,borough,36061,1,1.0,2172.0,2222.0
5056,892a1072c13ffff,Manhattan,MN0201,SoHo-Little Italy-Hudson Square,1993,2719.9,926.5,0.9477,2471.7,block_group,block_group,360610049001,5,1.0,1793.4,3646.4
5057,892a1072c17ffff,Manhattan,MN0201,SoHo-Little Italy-Hudson Square,1358,2939.1,538.6,0.9733,2563.4,mixed,block_group,360610043003,5,1.0,2400.5,3477.7
5058,892a1072c1bffff,Manhattan,MN0201,SoHo-Little Italy-Hudson Square,1926,3025.8,357.6,0.9809,2589.7,block_group,block_group,360610049002,5,1.0,2668.2,3383.4
5059,892a1072c23ffff,Manhattan,MN0301,Chinatown-Two Bridges,1790,1174.3,360.1,0.0559,159.0,block_group,block_group,360610029022,4,1.0,814.2,1534.4
5060,892a1072c27ffff,Manhattan,MN0301,Chinatown-Two Bridges,1638,1312.5,218.1,0.0846,223.9,block_group,block_group,360610008003,4,1.0,1094.4,1530.6
5061,892a1072c2bffff,Manhattan,MN0102,Tribeca-Civic Center,766,2197.0,25.0,0.7562,1877.0,borough,borough,36061,1,1.0,2172.0,2222.0
5062,892a1072c2fffff,Manhattan,MN0102,Tribeca-Civic Center,768,1559.8,230.5,0.173,438.7,mixed,block_group,360610027001,3,1.0,1329.3,1790.3
5063,892a1072c33ffff,Manhattan,MN0201,SoHo-Little Italy-Hudson Square,2148,1868.9,306.7,0.451,1095.2,block_group,block_group,360610041004,6,1.0,1562.2,2175.6
5064,892a1072c37ffff,Manhattan,MN0301,Chinatown-Two Bridges,703,1131.3,287.9,0.0478,139.5,block_group,block_group,360610016003,4,1.0,843.4,1419.2
5065,892a1072c3bffff,Manhattan,MN0102,Tribeca-Civic Center,703,1957.4,22.1,0.5409,1307.4,mixed,borough,36061,2,1.0,1935.3,1979.5
5066,892a1072c47ffff,Manhattan,MN0102,Tribeca-Civic Center,1302,2320.1,570.2,0.8279,2088.0,mixed,tract,36061003900,2,1.0,1749.9,2890.3
5067,892a1072c53ffff,Manhattan,MN0201,SoHo-Little Italy-Hudson Square,316,2197.0,25.0,0.7562,1877.0,borough,borough,36061,1,1.0,2172.0,2222.0
5068,892a1072c57ffff,Manhattan,MN0201,SoHo-Little Italy-Hudson Square,1168,2267.3,87.1,0.7979,1998.2,mixed,borough,36061,3,1.0,2180.2,2354.4
5069,892a1072c63ffff,Manhattan,MN0102,Tribeca-Civic Center,919,1643.0,114.2,0.2225,558.4,mixed,block_group,360610039003,3,1.0,1528.8,1757.2
5070,892a1072c67ffff,Manhattan,MN0102,Tribeca-Civic Center,1664,2197.0,25.0,0.7562,1877.0,borough,borough,36061,1,1.0,2172.0,2222.0
5071,892a1072c6bffff,Manhattan,MN0101,Financial District-Battery Park City,2814,2197.0,25.0,0.7562,1877.0,borough,borough,36061,1,1.0,2172.0,2222.0
5072,892a1072c6fffff,Manhattan,MN0102,Tribeca-Civic Center,1198,2197.0,25.0,0.7562,1877.0,borough,borough,36061,1,1.0,2172.0,2222.0
5073,892a1072c73ffff,Manhattan,MN0102,Tribeca-Civic Center,885,1797.2,82.3,0.3764,908.3,mixed,borough,36061,3,1.0,1714.9,1879.5
5074,892a1072c77ffff,Manhattan,MN0102,Tribeca-Civic Center,1416,2197.0,25.0,0.7562,1877.0,borough,borough,36061,1,1.0,2172.0,2222.0
5075,892a1072c7bffff,Manhattan,MN0102,Tribeca-Civic Center,1328,2444.0,909.0,0.8705,2227.1,block_group,block_group,360610039002,1,1.0,1535.0,3353.0
5076,892a1072c83ffff,Manhattan,MN0202,Greenwich Village,1311,2420.8,249.4,0.8645,2204.8,mixed,borough,36061,5,1.0,2171.4,2670.2
5077,892a1072c87ffff,Manhattan,MN0303,East Village,1922,1663.1,338.1,0.2405,600.7,mixed,block_group,360610038003,7,1.0,1325.0,2001.2
5078,892a1072c8bffff,Manhattan,MN0202,Greenwich Village,2768,2603.3,442.6,0.9177,2379.1,block_group,block_group,360610055012,3,1.0,2160.7,3045.9
5079,892a1072c8fffff,Manhattan,MN0202,Greenwich Village,1176,2961.3,675.0,0.9767,2573.8,block_group,block_group,360610055022,6,1.0,2286.3,3636.3
5080,892a1072c93ffff,Manhattan,MN0202,Greenwich Village,2925,2462.3,493.3,0.8757,2243.4,mixed,borough,36061,4,1.0,1969.0,2955.6
5081,892a1072c97ffff,Manhattan,MN0303,East Village,1937,2189.0,353.5,0.7492,1862.4,mixed,tract,36061003800,4,1.0,1835.5,2542.5
5082,892a1072c9bffff,Manhattan,MN0202,Greenwich Village,2299,2088.5,383.9,0.6603,1618.9,mixed,block_group,360610059003,5,1.0,1704.6,2472.4
5083,892a1072ca3ffff,Manhattan,MN0302,Lower East Side,1792,1858.9,229.9,0.4422,1071.2,mixed,block_group,36061001800,8,1.0,1629.0,2088.8
5084,892a1072ca7ffff,Manhattan,MN0302,Lower East Side,2327,2561.1,712.3,0.9065,2340.1,mixed,block_group,360610014021,4,1.0,1848.8,3273.4
5085,892a1072cabffff,Manhattan,MN0201,SoHo-Little Italy-Hudson Square,2533,2056.2,183.1,0.63,1547.0,mixed,block_group,360610041006,9,1.0,1873.1,2239.3
5086,892a1072cafffff,Manhattan,MN0302,Lower East Side,1569,1571.3,376.0,0.1791,453.3,mixed,block_group,360610018006,6,1.0,1195.3,1947.3
5087,892a1072cb3ffff,Manhattan,MN0303,East Village,2103,1845.8,288.3,0.4285,1036.3,mixed,block_group,360610036021,6,1.0,1557.5,2134.1
5088,892a1072cb7ffff,Manhattan,MN0302,Lower East Side,2465,2208.5,287.6,0.7685,1902.9,block_group,block_group,360610030011,6,1.0,1920.9,2496.1
5089,892a1072cbbffff,Manhattan,MN0201,SoHo-Little Italy-Hudson Square,2395,2628.6,695.2,0.9257,2405.1,mixed,block_group,360610043001,6,1.0,1933.4,3323.8
5090,892a1072cc3ffff,Manhattan,MN0203,West Village,2834,2846.3,774.7,0.9642,2531.0,block_group,block_group,360610067004,5,1.0,2071.6,3621.0
5091,892a1072cc7ffff,Manhattan,MN0202,Greenwich Village,2903,2955.3,311.9,0.9756,2570.3,mixed,block_group,360610065004,7,1.0,2643.4,3267.2
5092,892a1072ccbffff,Manhattan,MN0203,West Village,1582,2213.7,52.6,0.7714,1912.2,mixed,borough,36061,2,1.0,2161.1,2266.3
5093,892a1072ccfffff,Manhattan,MN0201,SoHo-Little Italy-Hudson Square,591,2742.3,327.9,0.9507,2483.4,mixed,block_group,360610037002,4,1.0,2414.4,3070.2
5094,892a1072cd3ffff,Manhattan,MN0203,West Village,3052,2945.1,766.7,0.9743,2566.9,mixed,block_group,360610073004,6,1.0,2178.4,3711.8
5095,892a1072cd7ffff,Manhattan,MN0202,Greenwich Village,1857,3068.3,370.0,0.9848,2600.8,mixed,block_group,360610065001,6,1.0,2698.3,3438.3
5096,892a1072cdbffff,Manhattan,MN0203,West Village,2598,2908.0,262.1,0.9711,2555.1,mixed,block_group,360610073003,7,1.0,2645.9,3170.1
5097,892a1072d03ffff,Brooklyn,BK0202,Downtown Brooklyn-DUMBO-Boerum Hill,287,1833.0,9.0,0.4139,1000.9,borough,borough,36047,1,1.0,1824.0,1842.0
5098,892a1072d07ffff,Brooklyn,BK0202,Downtown Brooklyn-DUMBO-Boerum Hill,2140,1611.6,94.6,0.2029,512.1,mixed,borough,36047,2,1.0,1517.0,1706.2
5099,892a1072d0fffff,Brooklyn,BK0202,Downtown Brooklyn-DUMBO-Boerum Hill,1341,1833.0,9.0,0.4139,1000.9,borough,borough,36047,1,1.0,1824.0,1842.0
5101,892a1072d23ffff,Brooklyn,BK0202,Downtown Brooklyn-DUMBO-Boerum Hill,1767,3200.8,291.4,0.9942,2630.6,mixed,tract,36047001501,2,1.0,2909.4,3492.2
5102,892a1072d27ffff,Brooklyn,BK0202,Downtown Brooklyn-DUMBO-Boerum Hill,3172,1798.8,73.6,0.3778,911.3,mixed,borough,36047,3,1.0,1725.2,1872.4
5103,892a1072d2bffff,Brooklyn,BK0202,Downtown Brooklyn-DUMBO-Boerum Hill,1412,3433.0,387.0,0.9998,2649.3,block_group,block_group,360470013001,1,1.0,3046.0,3820.0
5105,892a1072d33ffff,Brooklyn,BK0202,Downtown Brooklyn-DUMBO-Boerum Hill,973,947.0,512.5,0.0283,103.5,block_group,block_group,360470023002,2,1.0,434.5,1459.5
5106,892a1072d37ffff,Brooklyn,BK0203,Fort Greene,7,1364.0,532.0,0.0965,254.0,block_group,block_group,360470211001,1,1.0,832.0,1896.0
5107,892a1072d3bffff,Brooklyn,BK0202,Downtown Brooklyn-DUMBO-Boerum Hill,611,2895.7,325.2,0.9692,2548.2,mixed,tract,36047001300,2,1.0,2570.5,3220.9
5108,892a1072d4bffff,Manhattan,MN0101,Financial District-Battery Park City,372,2197.0,25.0,0.7562,1877.0,borough,borough,36061,1,1.0,2172.0,2222.0
5109,892a1072d53ffff,Manhattan,MN0301,Chinatown-Two Bridges,1599,1021.8,120.3,0.0339,115.8,block_group,block_group,360610008004,2,1.0,901.5,1142.1
5110,892a1072d5bffff,Manhattan,MN0301,Chinatown-Two Bridges,1934,452.0,127.0,0.0023,52.7,block_group,block_group,360610025004,1,1.0,325.0,579.0
5111,892a1072d63ffff,Brooklyn,BK0201,Brooklyn Heights,1982,2901.2,298.7,0.9701,2551.7,mixed,tract,36047000100,6,1.0,2602.5,3199.9
5112,892a1072d67ffff,Brooklyn,BK0201,Brooklyn Heights,1689,2400.9,355.0,0.8568,2181.1,mixed,tract,36047000502,5,1.0,2045.9,2755.9
5114,892a1072d6fffff,Brooklyn,BK0201,Brooklyn Heights,2075,2521.4,679.3,0.893,2294.4,mixed,block_group,360470003012,6,1.0,1842.1,3200.7
5115,892a1072d73ffff,Brooklyn,BK0202,Downtown Brooklyn-DUMBO-Boerum Hill,862,2141.9,113.4,0.7108,1754.9,mixed,borough,36047,3,1.0,2028.5,2255.3
5116,892a1072d77ffff,Brooklyn,BK0202,Downtown Brooklyn-DUMBO-Boerum Hill,705,1460.8,705.6,0.1297,330.9,block_group,block_group,360470001004,2,1.0,755.2,2166.4
5117,892a1072d7bffff,Manhattan,MN0101,Financial District-Battery Park City,122,3118.0,622.0,0.9883,2611.9,tract,tract,36047000100,1,1.0,2496.0,3740.0
5118,892a1072d8bffff,Manhattan,MN0302,Lower East Side,335,1317.0,123.0,0.085,224.9,block_group,block_group,360610002026,1,1.0,1194.0,1440.0
5119,892a1072d9bffff,Manhattan,MN0302,Lower East Side,1660,490.5,169.9,0.0036,54.8,mixed,tract,36061000202,3,1.0,320.6,660.4
5120,892a1072dc3ffff,Manhattan,MN0301,Chinatown-Two Bridges,1744,1297.8,410.3,0.0812,215.7,mixed,block_group,36061000600,5,1.0,887.5,1708.1
5121,892a1072dc7ffff,Manhattan,MN0301,Chinatown-Two Bridges,687,731.3,177.5,0.0132,72.8,block_group,block_group,360610006006,3,1.0,553.8,908.8
5122,892a1072dcbffff,Manhattan,MN0301,Chinatown-Two Bridges,1980,1339.2,99.0,0.0897,236.7,block_group,block_group,360610006002,6,1.0,1240.2,1438.2
5123,892a1072dcfffff,Manhattan,MN0301,Chinatown-Two Bridges,1818,999.5,137.8,0.0327,112.8,block_group,block_group,360610006002,2,1.0,861.7,1137.3
5124,892a1072dd3ffff,Manhattan,MN0302,Lower East Side,3045,1581.9,315.5,0.1849,467.0,mixed,block_group,360610014012,6,1.0,1266.4,1897.4
5125,892a1072dd7ffff,Manhattan,MN0302,Lower East Side,2058,694.7,121.3,0.0112,68.7,block_group,block_group,360610002022,5,1.0,573.4,816.0
5126,892a1072ddbffff,Manhattan,MN0301,Chinatown-Two Bridges,1829,1583.9,329.7,0.1874,471.9,block_group,block_group,360610016005,4,1.0,1254.2,1913.6
5127,892a1074003ffff,Brooklyn,BK1103,Gravesend (West),370,1780.4,150.2,0.3574,864.0,block_group,block_group,360470402004,4,1.0,1630.2,1930.6
5128,892a1074007ffff,Brooklyn,BK1301,Gravesend (South),1113,583.9,123.8,0.0063,59.3,block_group,block_group,360470382003,3,1.0,460.1,707.7
5129,892a107400bffff,Brooklyn,BK1301,Gravesend (South),320,1710.1,122.7,0.2856,706.3,mixed,block_group,360470302003,2,1.0,1587.4,1832.8
5130,892a107400fffff,Brooklyn,BK1301,Gravesend (South),987,951.9,146.7,0.029,105.1,block_group,block_group,360470382002,3,1.0,805.2,1098.6
5131,892a1074013ffff,Brooklyn,BK1103,Gravesend (West),663,1491.8,414.2,0.1437,363.8,block_group,block_group,360470400003,4,1.0,1077.6,1906.0
5132,892a1074017ffff,Brooklyn,BK1501,Gravesend (East)-Homecrest,584,1802.2,248.6,0.3828,924.0,block_group,block_group,360470386002,3,1.0,1553.6,2050.8
5133,892a107401bffff,Brooklyn,BK1103,Gravesend (West),433,1480.2,137.1,0.1371,347.6,mixed,block_group,360470402002,5,1.0,1343.1,1617.3
5136,892a107402bffff,Brooklyn,BK1301,Gravesend (South),576,1224.4,156.3,0.0653,179.4,block_group,block_group,360470308001,2,1.0,1068.1,1380.7
5137,892a107402fffff,Brooklyn,BK1301,Gravesend (South),17,1223.0,157.0,0.0648,178.4,block_group,block_group,360470308001,1,1.0,1066.0,1380.0
5138,892a1074033ffff,Brooklyn,BK1301,Gravesend (South),52,1223.0,157.0,0.0648,178.4,block_group,block_group,360470308001,1,1.0,1066.0,1380.0
5139,892a1074037ffff,Brooklyn,BK1301,Gravesend (South),195,1667.5,86.0,0.2464,613.8,block_group,block_group,360470374021,2,1.0,1581.5,1753.5
5140,892a107403bffff,Brooklyn,BK1301,Gravesend (South),185,1890.3,340.5,0.4685,1143.5,block_group,block_group,360470382001,2,1.0,1549.8,2230.8
5141,892a1074043ffff,Brooklyn,BK1103,Gravesend (West),673,1779.1,90.9,0.3553,859.3,block_group,block_group,360470302001,4,1.0,1688.2,1870.0
5142,892a1074047ffff,Brooklyn,BK1103,Gravesend (West),624,1891.9,112.8,0.4697,1145.9,block_group,block_group,360470302003,4,1.0,1779.1,2004.7
5143,892a107404bffff,Brooklyn,BK1103,Gravesend (West),1346,1836.9,171.2,0.4191,1011.8,block_group,block_group,360470294001,4,1.0,1665.7,2008.1
5144,892a107404fffff,Brooklyn,BK1103,Gravesend (West),636,1775.9,286.9,0.3525,852.1,block_group,block_group,360470304002,3,1.0,1489.0,2062.8
5145,892a1074053ffff,Brooklyn,BK1103,Gravesend (West),746,1843.1,187.9,0.4261,1028.9,block_group,block_group,360470300001,6,1.0,1655.2,2031.0
5146,892a1074057ffff,Brooklyn,BK1103,Gravesend (West),804,2041.0,167.3,0.6157,1510.9,mixed,block_group,360470300003,6,1.0,1873.7,2208.3
5147,892a107405bffff,Brooklyn,BK1103,Gravesend (West),1227,1801.7,364.5,0.3823,922.8,block_group,block_group,360470296004,6,1.0,1437.2,2166.2
5148,892a1074063ffff,Brooklyn,BK1301,Gravesend (South),1190,1380.1,370.7,0.1012,266.0,mixed,tract,36047031401,3,1.0,1009.4,1750.8
5149,892a1074067ffff,Brooklyn,BK1301,Gravesend (South),587,1273.6,465.5,0.0747,199.8,block_group,block_group,360470314016,4,1.0,808.1,1739.1
5150,892a1074073ffff,Brooklyn,BK1301,Gravesend (South),568,2107.7,127.6,0.6808,1671.0,mixed,block_group,360470306001,4,1.0,1980.1,2235.3
5151,892a1074077ffff,Brooklyn,BK1301,Gravesend (South),538,1891.0,308.8,0.4691,1144.7,mixed,block_group,360470306001,5,1.0,1582.2,2199.8
5152,892a107407bffff,Brooklyn,BK1103,Gravesend (West),377,2151.2,225.3,0.7186,1777.9,mixed,block_group,360470304001,3,1.0,1925.9,2376.5
5153,892a1074083ffff,Brooklyn,BK1103,Gravesend (West),311,1557.7,154.3,0.1717,434.9,mixed,tract,36047041000,4,1.0,1403.4,1712.0
5154,892a1074087ffff,Brooklyn,BK1501,Gravesend (East)-Homecrest,708,1778.2,162.5,0.3545,857.5,block_group,block_group,360470396002,4,1.0,1615.7,1940.7
5155,892a107408bffff,Brooklyn,BK1103,Gravesend (West),716,1752.5,166.3,0.3338,802.9,mixed,block_group,360470408001,8,1.0,1586.2,1918.8
5156,892a107408fffff,Brooklyn,BK1103,Gravesend (West),569,1716.4,136.2,0.2915,721.4,block_group,block_group,360470400002,3,1.0,1580.2,1852.6
5157,892a1074093ffff,Brooklyn,BK1501,Gravesend (East)-Homecrest,454,1845.5,181.2,0.4281,1035.1,block_group,block_group,360470414011,4,1.0,1664.3,2026.7
5158,892a1074097ffff,Brooklyn,BK1501,Gravesend (East)-Homecrest,240,1723.2,149.2,0.2983,737.1,block_group,block_group,360470414012,6,1.0,1574.0,1872.4
5159,892a107409bffff,Brooklyn,BK1103,Gravesend (West),570,1604.0,149.0,0.1994,502.7,mixed,block_group,360470410002,5,1.0,1455.0,1753.0
5160,892a10740a3ffff,Brooklyn,BK1501,Gravesend (East)-Homecrest,629,2202.2,120.3,0.7635,1890.9,block_group,block_group,360470388003,4,1.0,2081.9,2322.5
5161,892a10740a7ffff,Brooklyn,BK1301,Gravesend (South),695,1467.9,227.6,0.1328,337.1,block_group,block_group,360470374011,6,1.0,1240.3,1695.5
5162,892a10740abffff,Brooklyn,BK1501,Gravesend (East)-Homecrest,508,1725.7,272.3,0.3013,744.7,block_group,block_group,360470386001,2,1.0,1453.4,1998.0
5163,892a10740afffff,Brooklyn,BK1301,Gravesend (South),380,1673.9,84.1,0.2505,625.2,block_group,block_group,360470374021,2,1.0,1589.8,1758.0
5164,892a10740b3ffff,Brooklyn,BK1501,Gravesend (East)-Homecrest,593,1849.9,288.6,0.4326,1046.1,block_group,block_group,360470388002,6,1.0,1561.3,2138.5
5165,892a10740b7ffff,Brooklyn,BK1501,Gravesend (East)-Homecrest,878,1780.3,288.3,0.3571,863.4,block_group,block_group,360470388001,5,1.0,1492.0,2068.6
5166,892a10740bbffff,Brooklyn,BK1501,Gravesend (East)-Homecrest,365,1840.3,147.6,0.4231,1021.0,block_group,block_group,360470398001,4,1.0,1692.7,1987.9
5167,892a10740c3ffff,Brooklyn,BK1103,Gravesend (West),574,1760.5,168.7,0.3422,824.2,block_group,block_group,360470406001,4,1.0,1591.8,1929.2
5168,892a10740c7ffff,Brooklyn,BK1103,Gravesend (West),881,1822.3,210.4,0.401,972.9,block_group,block_group,360470406003,6,1.0,1611.9,2032.7
5169,892a10740cbffff,Brooklyn,BK1103,Gravesend (West),697,1844.8,325.8,0.4277,1033.8,block_group,block_group,360470298001,4,1.0,1519.0,2170.6
5170,892a10740cfffff,Brooklyn,BK1103,Gravesend (West),660,1796.7,107.2,0.3755,907.1,block_group,block_group,360470298002,4,1.0,1689.5,1903.9
5171,892a10740d3ffff,Brooklyn,BK1103,Gravesend (West),783,1633.7,211.0,0.2171,544.4,block_group,block_group,360470426003,4,1.0,1422.7,1844.7
5172,892a10740d7ffff,Brooklyn,BK1103,Gravesend (West),767,1929.9,180.7,0.5037,1237.6,block_group,block_group,360470408003,8,1.0,1749.2,2110.6
5173,892a10740dbffff,Brooklyn,BK1103,Gravesend (West),583,1770.1,125.8,0.3493,843.2,block_group,block_group,360470404002,6,1.0,1644.3,1895.9
5174,892a1074103ffff,Brooklyn,BK1303,Brighton Beach,1721,1593.2,115.9,0.1926,484.5,block_group,block_group,360470360011,5,1.0,1477.3,1709.1
5176,892a107410bffff,Brooklyn,BK1302,Coney Island-Sea Gate,448,1817.1,300.5,0.3962,958.4,mixed,block_group,36047035602,3,1.0,1516.6,2117.6
5178,892a1074113ffff,Brooklyn,BK1303,Brighton Beach,1123,1732.7,129.1,0.3093,759.9,block_group,block_group,360470362002,5,1.0,1603.6,1861.8
5179,892a1074117ffff,Brooklyn,BK1303,Brighton Beach,2589,1447.2,186.8,0.1227,316.4,block_group,block_group,360470360022,5,1.0,1260.4,1634.0
5180,892a107411bffff,Brooklyn,BK1302,Coney Island-Sea Gate,1801,1854.5,325.9,0.4368,1058.9,block_group,block_group,360470356023,4,1.0,1528.6,2180.4
5181,892a1074143ffff,Brooklyn,BK1302,Coney Island-Sea Gate,1578,1233.0,224.0,0.0664,182.2,block_group,block_group,360470350001,1,1.0,1009.0,1457.0
5182,892a1074147ffff,Brooklyn,BK1302,Coney Island-Sea Gate,735,2038.0,1019.0,0.6121,1502.5,block_group,block_group,360470354003,1,1.0,1019.0,3057.0
5183,892a107414bffff,Brooklyn,BK1302,Coney Island-Sea Gate,350,2185.7,269.2,0.7475,1857.8,block_group,block_group,360470348002,2,1.0,1916.5,2454.9
5184,892a107414fffff,Brooklyn,BK1302,Coney Island-Sea Gate,8,1376.0,74.0,0.0999,262.5,block_group,block_group,360470350002,1,1.0,1302.0,1450.0
5185,892a1074153ffff,Brooklyn,BK1302,Coney Island-Sea Gate,1393,1491.8,161.3,0.1437,363.8,block_group,block_group,360470354001,2,1.0,1330.5,1653.1
5186,892a1074157ffff,Brooklyn,BK1302,Coney Island-Sea Gate,2743,1299.0,210.5,0.0815,216.1,mixed,block_group,360470354002,3,1.0,1088.5,1509.5
5190,892a1074183ffff,Brooklyn,BK1303,Brighton Beach,899,1666.4,97.0,0.2444,610.9,block_group,block_group,360470610032,5,1.0,1569.4,1763.4
5191,892a1074187ffff,Brooklyn,BK1303,Brighton Beach,1990,1604.3,127.0,0.1997,503.8,block_group,block_group,360470610043,5,1.0,1477.3,1731.3
5192,892a107418bffff,Brooklyn,BK1303,Brighton Beach,942,1811.7,100.1,0.3923,948.1,block_group,block_group,360470364001,3,1.0,1711.6,1911.8
5193,892a107418fffff,Brooklyn,BK1303,Brighton Beach,760,1478.7,157.3,0.1366,346.0,block_group,block_group,360470362001,4,1.0,1321.4,1636.0
5194,892a1074193ffff,Brooklyn,BK1503,Sheepshead Bay-Manhattan Beach-Gerritsen Beach,779,1814.2,155.0,0.3942,952.9,block_group,block_group,360470608002,3,1.0,1659.2,1969.2
5195,892a1074197ffff,Brooklyn,BK1503,Sheepshead Bay-Manhattan Beach-Gerritsen Beach,823,1585.6,550.4,0.1883,474.1,block_group,block_group,360470610045,3,1.0,1035.2,2136.0
5196,892a107419bffff,Brooklyn,BK1503,Sheepshead Bay-Manhattan Beach-Gerritsen Beach,478,1770.8,106.6,0.3498,844.4,mixed,block_group,360470608002,4,1.0,1664.2,1877.4
5197,892a10741b3ffff,Brooklyn,BK1303,Brighton Beach,1159,1666.1,415.4,0.2439,609.8,block_group,block_group,360470610045,5,1.0,1250.7,2081.5
5198,892a10741bbffff,Brooklyn,BK1303,Brighton Beach,1675,1583.5,365.0,0.1872,471.4,block_group,block_group,360470610022,2,1.0,1218.5,1948.5
5199,892a10741c3ffff,Brooklyn,BK1302,Coney Island-Sea Gate,600,1484.4,327.1,0.1391,352.8,block_group,block_group,360470374023,2,1.0,1157.3,1811.5
5200,892a10741c7ffff,Brooklyn,BK1303,Brighton Beach,942,1576.8,169.1,0.1824,460.4,block_group,block_group,360470366002,3,1.0,1407.7,1745.9
5201,892a10741cbffff,Brooklyn,BK1301,Gravesend (South),744,1597.0,306.0,0.1952,491.7,block_group,block_group,360470374022,1,1.0,1291.0,1903.0
5202,892a10741cfffff,Brooklyn,BK1302,Coney Island-Sea Gate,1547,991.0,157.0,0.032,111.5,block_group,block_group,360470356011,1,1.0,834.0,1148.0
5203,892a10741d3ffff,Brooklyn,BK1301,Gravesend (South),824,1378.4,351.7,0.1007,264.5,block_group,block_group,360470374015,4,1.0,1026.7,1730.1
5204,892a10741d7ffff,Brooklyn,BK1303,Brighton Beach,191,1795.4,131.2,0.3735,901.7,mixed,block_group,360470366003,3,1.0,1664.2,1926.6
5205,892a10741dbffff,Brooklyn,BK1301,Gravesend (South),595,1499.4,392.5,0.1462,370.2,block_group,block_group,360470374024,4,1.0,1106.9,1891.9
5206,892a1074283ffff,Brooklyn,BK1102,Bath Beach,1776,1752.5,125.2,0.3338,802.9,mixed,block_group,360470286001,5,1.0,1627.3,1877.7
5208,892a1074293ffff,Brooklyn,BK1102,Bath Beach,826,1982.1,556.5,0.5645,1374.0,mixed,block_group,360470286005,5,1.0,1425.6,2538.6
5209,892a1074297ffff,Brooklyn,BK1102,Bath Beach,918,1695.3,131.9,0.2712,672.8,mixed,block_group,360470292002,5,1.0,1563.4,1827.2
5210,892a107429bffff,Brooklyn,BK1102,Bath Beach,752,1959.8,192.4,0.5435,1315.0,block_group,block_group,360470282002,5,1.0,1767.4,2152.2
5213,892a10742d3ffff,Brooklyn,BK1102,Bath Beach,643,2208.2,639.6,0.7684,1902.2,block_group,block_group,360470174001,5,1.0,1568.6,2847.8
5214,892a10742d7ffff,Brooklyn,BK1102,Bath Beach,568,1782.2,236.2,0.3587,868.2,block_group,block_group,360470176001,3,1.0,1546.0,2018.4
5215,892a10742dbffff,Brooklyn,BK1102,Bath Beach,487,1935.0,1663.0,0.5081,1248.3,block_group,block_group,360470168001,1,1.0,272.0,3598.0
5216,892a1074303ffff,Brooklyn,BK1302,Coney Island-Sea Gate,632,1461.2,215.3,0.1308,331.9,mixed,block_group,360470342002,5,1.0,1245.9,1676.5
5217,892a1074307ffff,Brooklyn,BK1302,Coney Island-Sea Gate,332,1588.0,193.0,0.19,477.9,block_group,block_group,360470342001,1,1.0,1395.0,1781.0
5218,892a107430bffff,Brooklyn,BK1302,Coney Island-Sea Gate,1003,687.1,308.5,0.011,68.3,block_group,block_group,360470328003,5,1.0,378.6,995.6
5219,892a107430fffff,Brooklyn,BK1302,Coney Island-Sea Gate,1669,652.1,115.3,0.0099,66.2,block_group,block_group,360470342003,3,1.0,536.8,767.4
5220,892a1074313ffff,Brooklyn,BK1302,Coney Island-Sea Gate,119,1197.6,612.7,0.0603,168.2,mixed,tract,36047032800,2,1.0,584.9,1810.3
5221,892a1074317ffff,Brooklyn,BK1302,Coney Island-Sea Gate,1540,1051.9,206.2,0.0363,121.4,mixed,block_group,360470326003,5,1.0,845.7,1258.1
5222,892a107431bffff,Brooklyn,BK1302,Coney Island-Sea Gate,728,1088.0,609.1,0.0404,131.0,block_group,block_group,360470330003,2,1.0,478.9,1697.1
5223,892a1074343ffff,Brooklyn,BK1302,Coney Island-Sea Gate,413,1494.2,560.2,0.1449,366.5,block_group,block_group,360470336001,3,1.0,934.0,2054.4
5224,892a1074347ffff,Brooklyn,BK1302,Coney Island-Sea Gate,398,1562.6,464.4,0.175,443.0,block_group,block_group,360470336002,3,1.0,1098.2,2027.0
5225,892a107434bffff,Brooklyn,BK1302,Coney Island-Sea Gate,294,1470.7,195.9,0.134,340.3,mixed,tract,36047033600,3,1.0,1274.8,1666.6
5226,892a107434fffff,Brooklyn,BK1302,Coney Island-Sea Gate,320,921.1,406.1,0.026,98.5,mixed,block_group,360470336003,4,1.0,515.0,1327.2
5227,892a1074353ffff,Brooklyn,BK1302,Coney Island-Sea Gate,288,1473.8,215.0,0.1351,342.3,block_group,block_group,360470336005,2,1.0,1258.8,1688.8
5228,892a1074357ffff,Brooklyn,BK1302,Coney Island-Sea Gate,1152,590.4,175.9,0.0065,59.6,block_group,block_group,360470330001,5,1.0,414.5,766.3
5229,892a107435bffff,Brooklyn,BK1302,Coney Island-Sea Gate,143,1658.6,192.8,0.2351,590.0,mixed,block_group,360470336005,3,1.0,1465.8,1851.4
5230,892a1074373ffff,Brooklyn,BK1302,Coney Island-Sea Gate,765,599.4,96.2,0.0074,61.3,block_group,block_group,360470340001,3,1.0,503.2,695.6
5232,892a1074387ffff,Brooklyn,BK1302,Coney Island-Sea Gate,462,1552.9,251.2,0.1702,431.1,mixed,block_group,360470326001,4,1.0,1301.7,1804.1
5233,892a107438fffff,Brooklyn,BK1302,Coney Island-Sea Gate,318,881.0,123.0,0.0233,92.7,tract,tract,36047032600,1,1.0,758.0,1004.0
5234,892a1074393ffff,Brooklyn,BK1302,Coney Island-Sea Gate,138,1532.0,143.7,0.1601,406.4,block_group,block_group,360470308001,2,1.0,1388.3,1675.7
5235,892a1074397ffff,Brooklyn,BK1302,Coney Island-Sea Gate,188,2345.0,319.0,0.8373,2120.3,block_group,block_group,360470348001,1,1.0,2026.0,2664.0
5236,892a10743a3ffff,Brooklyn,BK1302,Coney Island-Sea Gate,23,531.0,484.0,0.0042,55.7,block_group,block_group,360470352001,1,1.0,47.0,1015.0
5237,892a10743abffff,Brooklyn,BK1302,Coney Island-Sea Gate,515,531.0,484.0,0.0042,55.7,block_group,block_group,360470352001,1,1.0,47.0,1015.0
5238,892a10743b3ffff,Brooklyn,BK1302,Coney Island-Sea Gate,1344,1850.2,344.4,0.433,1047.3,block_group,block_group,360470326001,2,1.0,1505.8,2194.6
5240,892a10743bbffff,Brooklyn,BK1302,Coney Island-Sea Gate,1627,890.5,258.7,0.0238,93.6,mixed,block_group,360470326002,4,1.0,631.8,1149.2
5241,892a10743cfffff,Brooklyn,BK1302,Coney Island-Sea Gate,402,450.2,221.0,0.0022,52.4,block_group,block_group,360470330001,2,1.0,229.2,671.2
5242,892a1074403ffff,Brooklyn,BK1204,Mapleton-Midwood (West),534,1764.9,325.3,0.346,833.1,block_group,block_group,360470440001,3,1.0,1439.6,2090.2
5243,892a1074407ffff,Brooklyn,BK1204,Mapleton-Midwood (West),499,1628.1,394.6,0.2125,534.4,block_group,block_group,360470442002,4,1.0,1233.5,2022.7
5244,892a107440bffff,Brooklyn,BK1204,Mapleton-Midwood (West),456,1629.8,689.9,0.2139,537.7,block_group,block_group,360470440002,4,1.0,939.9,2319.7
5245,892a107440fffff,Brooklyn,BK1204,Mapleton-Midwood (West),706,2052.8,203.3,0.6266,1536.7,block_group,block_group,360470438001,5,1.0,1849.5,2256.1
5246,892a1074413ffff,Brooklyn,BK1204,Mapleton-Midwood (West),583,2104.2,233.7,0.6763,1662.6,block_group,block_group,360470444001,5,1.0,1870.5,2337.9
5247,892a1074417ffff,Brooklyn,BK1204,Mapleton-Midwood (West),714,1361.4,170.6,0.0954,251.0,block_group,block_group,360470442001,4,1.0,1190.8,1532.0
5248,892a107441bffff,Brooklyn,BK1204,Mapleton-Midwood (West),836,1953.4,179.1,0.5282,1293.5,block_group,block_group,360470444002,6,1.0,1774.3,2132.5
5249,892a1074423ffff,Brooklyn,BK1501,Gravesend (East)-Homecrest,576,1347.0,316.3,0.0911,240.6,mixed,tract,36047041800,3,1.0,1030.7,1663.3
5250,892a1074427ffff,Brooklyn,BK1501,Gravesend (East)-Homecrest,572,1704.1,369.8,0.2798,691.8,mixed,block_group,360470416001,4,1.0,1334.3,2073.9
5251,892a107442bffff,Brooklyn,BK1501,Gravesend (East)-Homecrest,813,2005.4,507.3,0.5814,1419.8,block_group,block_group,360470422002,4,1.0,1498.1,2512.7
5252,892a107442fffff,Brooklyn,BK1501,Gravesend (East)-Homecrest,351,1446.4,64.2,0.1221,314.8,mixed,block_group,360470414021,4,1.0,1382.2,1510.6
5253,892a1074433ffff,Brooklyn,BK1501,Gravesend (East)-Homecrest,338,1780.0,279.2,0.3568,862.8,block_group,block_group,360470420002,4,1.0,1500.8,2059.2
5254,892a1074437ffff,Brooklyn,BK1501,Gravesend (East)-Homecrest,1526,1996.0,224.1,0.5735,1400.1,block_group,block_group,360470554002,7,1.0,1771.9,2220.1
5255,892a107443bffff,Brooklyn,BK1501,Gravesend (East)-Homecrest,611,1908.5,259.7,0.4863,1188.8,block_group,block_group,360470422001,4,1.0,1648.8,2168.2
5256,892a1074443ffff,Brooklyn,BK1204,Mapleton-Midwood (West),719,1827.4,166.0,0.4067,985.7,mixed,block_group,360470436003,6,1.0,1661.4,1993.4
5257,892a1074447ffff,Brooklyn,BK1101,Bensonhurst,935,1695.4,114.4,0.2713,673.3,block_group,block_group,360470436001,6,1.0,1581.0,1809.8
5258,892a107444bffff,Brooklyn,BK1101,Bensonhurst,528,2070.9,486.5,0.6428,1581.9,block_group,block_group,360470254001,4,1.0,1584.4,2557.4
5259,892a107444fffff,Brooklyn,BK1101,Bensonhurst,1307,1653.0,152.8,0.2297,576.4,block_group,block_group,360470432002,7,1.0,1500.2,1805.8
5260,892a1074453ffff,Brooklyn,BK1204,Mapleton-Midwood (West),76,1774.3,126.6,0.3518,850.3,mixed,borough,36047,2,1.0,1647.7,1900.9
5261,892a1074457ffff,Brooklyn,BK1204,Mapleton-Midwood (West),570,1974.1,203.8,0.5575,1352.4,block_group,block_group,360470446002,4,1.0,1770.3,2177.9
5262,892a107445bffff,Brooklyn,BK1204,Mapleton-Midwood (West),670,1808.4,256.7,0.3892,938.4,mixed,block_group,36047024600,5,1.0,1551.7,2065.1
5263,892a1074463ffff,Brooklyn,BK1103,Gravesend (West),836,1700.4,106.7,0.2763,683.1,block_group,block_group,360470424002,6,1.0,1593.7,1807.1
5264,892a1074467ffff,Brooklyn,BK1103,Gravesend (West),705,1873.9,247.6,0.4553,1106.3,block_group,block_group,360470412001,4,1.0,1626.3,2121.5
5265,892a107446bffff,Brooklyn,BK1103,Gravesend (West),1091,1643.3,149.3,0.2231,559.5,block_group,block_group,360470426002,9,1.0,1494.0,1792.6
5266,892a107446fffff,Brooklyn,BK1103,Gravesend (West),1238,1675.9,98.4,0.2522,629.2,block_group,block_group,360470426001,7,1.0,1577.5,1774.3
5267,892a1074473ffff,Brooklyn,BK1204,Mapleton-Midwood (West),793,1792.1,347.8,0.3703,894.5,block_group,block_group,360470434001,4,1.0,1444.3,2139.9
5268,892a1074477ffff,Brooklyn,BK1501,Gravesend (East)-Homecrest,554,1960.7,632.3,0.5443,1316.9,block_group,block_group,360470422003,5,1.0,1328.4,2593.0
5269,892a107447bffff,Brooklyn,BK1101,Bensonhurst,856,1869.0,251.0,0.4512,1095.8,block_group,block_group,360470434003,4,1.0,1618.0,2120.0
5270,892a1074483ffff,Brooklyn,BK1403,Midwood,886,2091.3,324.3,0.6629,1625.4,block_group,block_group,360470538003,3,1.0,1767.0,2415.6
5271,892a1074487ffff,Brooklyn,BK1403,Midwood,1029,1809.6,236.6,0.3902,941.5,block_group,block_group,360470538002,6,1.0,1573.0,2046.2
5272,892a107448bffff,Brooklyn,BK1403,Midwood,614,1711.1,340.5,0.2863,708.0,block_group,block_group,360470768002,6,1.0,1370.6,2051.6
5273,892a107448fffff,Brooklyn,BK1403,Midwood,727,1664.5,381.0,0.2423,605.3,block_group,block_group,360470768003,6,1.0,1283.5,2045.5
5274,892a1074493ffff,Brooklyn,BK1403,Midwood,1110,1725.4,155.2,0.3009,743.5,block_group,block_group,360470760003,4,1.0,1570.2,1880.6
5275,892a1074497ffff,Brooklyn,BK1403,Midwood,1166,1707.9,277.4,0.2839,701.6,mixed,block_group,360470538001,6,1.0,1430.5,1985.3
5276,892a107449bffff,Brooklyn,BK1403,Midwood,507,1761.4,206.9,0.3439,827.7,block_group,block_group,360470534001,5,1.0,1554.5,1968.3
5277,892a10744a3ffff,Brooklyn,BK1403,Midwood,724,1641.1,146.4,0.2212,555.1,block_group,block_group,360470544002,7,1.0,1494.7,1787.5
5278,892a10744a7ffff,Brooklyn,BK1502,Madison,1934,1656.4,155.6,0.233,584.3,block_group,block_group,360470550003,6,1.0,1500.8,1812.0
5279,892a10744abffff,Brooklyn,BK1403,Midwood,938,1784.6,146.4,0.3622,876.0,block_group,block_group,360470542001,6,1.0,1638.2,1931.0
5280,892a10744afffff,Brooklyn,BK1501,Gravesend (East)-Homecrest,946,1656.1,65.9,0.2325,583.2,block_group,block_group,360470554001,4,1.0,1590.2,1722.0
5281,892a10744b3ffff,Brooklyn,BK1403,Midwood,1342,1806.1,118.0,0.3863,932.4,block_group,block_group,360470546002,7,1.0,1688.1,1924.1
5282,892a10744b7ffff,Brooklyn,BK1502,Madison,1333,1748.7,135.8,0.3285,794.0,block_group,block_group,360470546002,4,1.0,1612.9,1884.5
5283,892a10744bbffff,Brooklyn,BK1403,Midwood,708,1687.8,173.9,0.2632,656.1,block_group,block_group,360470542001,4,1.0,1513.9,1861.7
5284,892a10744c3ffff,Brooklyn,BK1204,Mapleton-Midwood (West),605,2185.7,260.9,0.7475,1857.8,block_group,block_group,360470452002,3,1.0,1924.8,2446.6
5285,892a10744c7ffff,Brooklyn,BK1204,Mapleton-Midwood (West),547,2550.8,395.4,0.902,2325.1,block_group,block_group,360470452002,5,1.0,2155.4,2946.2
5286,892a10744cbffff,Brooklyn,BK1204,Mapleton-Midwood (West),12,1833.0,9.0,0.4139,1000.9,borough,borough,36047,1,1.0,1824.0,1842.0
5287,892a10744cfffff,Brooklyn,BK1204,Mapleton-Midwood (West),513,1818.3,108.4,0.3973,962.0,block_group,block_group,360470448002,2,1.0,1709.9,1926.7
5288,892a10744d3ffff,Brooklyn,BK1204,Mapleton-Midwood (West),194,1446.6,214.8,0.1223,315.4,mixed,tract,36047045800,4,1.0,1231.8,1661.4
5289,892a10744d7ffff,Brooklyn,BK1204,Mapleton-Midwood (West),389,2194.6,276.2,0.7519,1871.0,block_group,block_group,360470454001,6,1.0,1918.4,2470.8
5290,892a10744dbffff,Brooklyn,BK1204,Mapleton-Midwood (West),300,1882.7,155.9,0.462,1125.5,mixed,block_group,360470462021,3,1.0,1726.8,2038.6
5291,892a1074503ffff,Brooklyn,BK1503,Sheepshead Bay-Manhattan Beach-Gerritsen Beach,910,1693.1,102.7,0.2697,668.7,block_group,block_group,360470592001,5,1.0,1590.4,1795.8
5292,892a1074507ffff,Brooklyn,BK1503,Sheepshead Bay-Manhattan Beach-Gerritsen Beach,932,1693.9,94.5,0.2703,670.4,block_group,block_group,360470594043,5,1.0,1599.4,1788.4
5293,892a107450bffff,Brooklyn,BK1503,Sheepshead Bay-Manhattan Beach-Gerritsen Beach,681,1869.6,169.7,0.4519,1097.7,block_group,block_group,360470584001,4,1.0,1699.9,2039.3
5294,892a107450fffff,Brooklyn,BK1503,Sheepshead Bay-Manhattan Beach-Gerritsen Beach,490,2049.9,171.9,0.6246,1529.6,block_group,block_group,360470586002,3,1.0,1878.0,2221.8
5295,892a1074513ffff,Brooklyn,BK1502,Madison,879,1725.2,307.2,0.3006,742.4,block_group,block_group,360470578001,5,1.0,1418.0,2032.4
5296,892a1074517ffff,Brooklyn,BK1503,Sheepshead Bay-Manhattan Beach-Gerritsen Beach,635,1684.4,376.4,0.2612,649.8,block_group,block_group,360470594032,3,1.0,1308.0,2060.8
5297,892a107451bffff,Brooklyn,BK1502,Madison,668,1654.6,139.2,0.2315,580.4,block_group,block_group,360470580001,5,1.0,1515.4,1793.8
5298,892a1074523ffff,Brooklyn,BK1503,Sheepshead Bay-Manhattan Beach-Gerritsen Beach,945,1645.5,536.2,0.2244,562.9,block_group,block_group,360470600005,5,1.0,1109.3,2181.7
5299,892a1074527ffff,Brooklyn,BK1503,Sheepshead Bay-Manhattan Beach-Gerritsen Beach,245,1977.1,305.9,0.56,1360.0,block_group,block_group,360470600003,3,1.0,1671.2,2283.0
5300,892a107452bffff,Brooklyn,BK1503,Sheepshead Bay-Manhattan Beach-Gerritsen Beach,659,2027.6,299.7,0.6028,1476.2,block_group,block_group,360470606001,3,1.0,1727.9,2327.3
5301,892a107452fffff,Brooklyn,BK1503,Sheepshead Bay-Manhattan Beach-Gerritsen Beach,672,1670.4,249.1,0.2483,618.9,block_group,block_group,360470608003,3,1.0,1421.3,1919.5
5302,892a1074533ffff,Brooklyn,BK1503,Sheepshead Bay-Manhattan Beach-Gerritsen Beach,788,1810.8,132.6,0.3911,944.5,block_group,block_group,360470594043,4,1.0,1678.2,1943.4
5303,892a1074537ffff,Brooklyn,BK1503,Sheepshead Bay-Manhattan Beach-Gerritsen Beach,710,1805.6,493.9,0.3861,931.8,block_group,block_group,360470600003,2,1.0,1311.7,2299.5
5304,892a107453bffff,Brooklyn,BK1503,Sheepshead Bay-Manhattan Beach-Gerritsen Beach,595,1784.7,46.7,0.3625,876.6,block_group,block_group,360470592003,3,1.0,1738.0,1831.4
5305,892a1074543ffff,Brooklyn,BK1501,Gravesend (East)-Homecrest,564,2198.2,345.8,0.7601,1881.0,block_group,block_group,360470392001,5,1.0,1852.4,2544.0
5306,892a1074547ffff,Brooklyn,BK1501,Gravesend (East)-Homecrest,507,1759.2,168.3,0.3401,818.8,block_group,block_group,360470392002,3,1.0,1590.9,1927.5
5307,892a107454bffff,Brooklyn,BK1501,Gravesend (East)-Homecrest,381,2004.6,765.8,0.5804,1417.3,block_group,block_group,360470394003,3,1.0,1238.8,2770.4
5308,892a107454fffff,Brooklyn,BK1501,Gravesend (East)-Homecrest,536,1816.6,245.0,0.3959,957.8,block_group,block_group,360470392002,5,1.0,1571.6,2061.6
5309,892a1074553ffff,Brooklyn,BK1501,Gravesend (East)-Homecrest,713,1712.4,205.8,0.2869,709.8,block_group,block_group,360470582003,5,1.0,1506.6,1918.2
5310,892a1074557ffff,Brooklyn,BK1501,Gravesend (East)-Homecrest,766,1640.2,408.1,0.2203,552.8,block_group,block_group,360470582001,7,1.0,1232.1,2048.3
5311,892a107455bffff,Brooklyn,BK1501,Gravesend (East)-Homecrest,549,1784.1,328.1,0.3613,873.6,block_group,block_group,360470416002,6,1.0,1456.0,2112.2
5312,892a1074563ffff,Brooklyn,BK1501,Gravesend (East)-Homecrest,529,1793.9,169.9,0.3719,898.7,block_group,block_group,360470588001,4,1.0,1624.0,1963.8
5313,892a1074567ffff,Brooklyn,BK1503,Sheepshead Bay-Manhattan Beach-Gerritsen Beach,1225,1940.2,193.9,0.5153,1260.8,block_group,block_group,360470588002,4,1.0,1746.3,2134.1
5314,892a107456bffff,Brooklyn,BK1301,Gravesend (South),665,1636.4,148.3,0.2182,547.2,block_group,block_group,360470370001,5,1.0,1488.1,1784.7
5315,892a107456fffff,Brooklyn,BK1301,Gravesend (South),616,1964.9,236.1,0.549,1330.2,mixed,block_group,360470370002,3,1.0,1728.8,2201.0
5316,892a1074573ffff,Brooklyn,BK1501,Gravesend (East)-Homecrest,1126,1841.5,154.5,0.4241,1023.4,block_group,block_group,360470584002,4,1.0,1687.0,1996.0
5317,892a1074577ffff,Brooklyn,BK1503,Sheepshead Bay-Manhattan Beach-Gerritsen Beach,782,1844.4,162.7,0.4274,1032.6,block_group,block_group,360470590001,3,1.0,1681.7,2007.1
5318,892a107457bffff,Brooklyn,BK1501,Gravesend (East)-Homecrest,592,1843.5,500.0,0.4265,1030.2,block_group,block_group,360470390001,5,1.0,1343.5,2343.5
5319,892a1074583ffff,Brooklyn,BK1502,Madison,602,1785.9,526.6,0.3642,880.8,mixed,block_group,360470566002,4,1.0,1259.3,2312.5
5320,892a1074587ffff,Brooklyn,BK1503,Sheepshead Bay-Manhattan Beach-Gerritsen Beach,780,1308.7,240.5,0.0839,222.0,mixed,block_group,360470572002,5,1.0,1068.2,1549.2
5321,892a107458bffff,Brooklyn,BK1502,Madison,646,2239.2,194.7,0.7831,1954.1,block_group,block_group,360470576001,3,1.0,2044.5,2433.9
5322,892a107458fffff,Brooklyn,BK1503,Sheepshead Bay-Manhattan Beach-Gerritsen Beach,582,2060.7,339.5,0.6341,1556.7,block_group,block_group,360470594024,5,1.0,1721.2,2400.2
5323,892a1074593ffff,Brooklyn,BK1502,Madison,684,1743.8,98.0,0.3221,781.1,mixed,block_group,360470566001,3,1.0,1645.8,1841.8
5324,892a1074597ffff,Brooklyn,BK1503,Sheepshead Bay-Manhattan Beach-Gerritsen Beach,389,2164.7,893.4,0.7288,1810.2,mixed,tract,36047057000,4,1.0,1271.3,3058.1
5325,892a107459bffff,Brooklyn,BK1502,Madison,514,1784.6,398.9,0.3622,876.0,mixed,tract,36047057400,4,1.0,1385.7,2183.5
5326,892a10745a3ffff,Brooklyn,BK1503,Sheepshead Bay-Manhattan Beach-Gerritsen Beach,718,1790.0,349.9,0.3678,889.7,block_group,block_group,360470594021,4,1.0,1440.1,2139.9
5327,892a10745a7ffff,Brooklyn,BK1503,Sheepshead Bay-Manhattan Beach-Gerritsen Beach,997,1573.1,286.9,0.1808,456.6,block_group,block_group,360470596002,4,1.0,1286.2,1860.0
5328,892a10745abffff,Brooklyn,BK1503,Sheepshead Bay-Manhattan Beach-Gerritsen Beach,514,1712.8,269.7,0.2876,711.5,block_group,block_group,360470594022,5,1.0,1443.1,1982.5
5329,892a10745afffff,Brooklyn,BK1503,Sheepshead Bay-Manhattan Beach-Gerritsen Beach,512,2172.4,216.0,0.7355,1827.3,block_group,block_group,360470596003,6,1.0,1956.4,2388.4
5330,892a10745b3ffff,Brooklyn,BK1503,Sheepshead Bay-Manhattan Beach-Gerritsen Beach,528,880.0,185.0,0.0231,92.3,block_group,block_group,360470572002,1,1.0,695.0,1065.0
5331,892a10745b7ffff,Brooklyn,BK1503,Sheepshead Bay-Manhattan Beach-Gerritsen Beach,740,1671.5,228.4,0.2488,620.0,mixed,block_group,360470626002,2,1.0,1443.1,1899.9
5332,892a10745bbffff,Brooklyn,BK1503,Sheepshead Bay-Manhattan Beach-Gerritsen Beach,715,1830.6,271.2,0.4099,994.2,block_group,block_group,360470594023,3,1.0,1559.4,2101.8
5333,892a10745c3ffff,Brooklyn,BK1502,Madison,659,1674.4,113.8,0.2512,626.3,block_group,block_group,360470558001,3,1.0,1560.6,1788.2
5334,892a10745c7ffff,Brooklyn,BK1502,Madison,979,1740.4,261.8,0.319,775.2,block_group,block_group,360470578002,4,1.0,1478.6,2002.2
5335,892a10745cbffff,Brooklyn,BK1501,Gravesend (East)-Homecrest,506,2051.9,232.6,0.626,1534.7,block_group,block_group,360470556001,4,1.0,1819.3,2284.5
5336,892a10745cfffff,Brooklyn,BK1502,Madison,680,1629.0,115.9,0.2134,536.6,block_group,block_group,360470580001,5,1.0,1513.1,1744.9
5337,892a10745d3ffff,Brooklyn,BK1502,Madison,1195,1769.0,217.7,0.3487,841.4,block_group,block_group,360470560002,7,1.0,1551.3,1986.7
5338,892a10745d7ffff,Brooklyn,BK1502,Madison,544,1686.5,1276.3,0.2627,654.3,mixed,block_group,360470560001,5,1.0,410.2,2962.8
5339,892a10745dbffff,Brooklyn,BK1502,Madison,592,1570.2,147.0,0.1781,450.6,block_group,block_group,360470558002,7,1.0,1423.2,1717.2
5340,892a1074603ffff,Brooklyn,BK1101,Bensonhurst,959,1870.2,188.7,0.4526,1100.2,block_group,block_group,360470274002,4,1.0,1681.5,2058.9
5341,892a1074607ffff,Brooklyn,BK1101,Bensonhurst,685,1923.5,420.6,0.499,1223.2,block_group,block_group,360470274001,6,1.0,1502.9,2344.1
5342,892a107460bffff,Brooklyn,BK1101,Bensonhurst,778,1827.3,72.0,0.4065,985.1,block_group,block_group,360470182002,6,1.0,1755.3,1899.3
5343,892a107460fffff,Brooklyn,BK1101,Bensonhurst,960,1618.2,105.4,0.2062,519.9,block_group,block_group,360470278001,3,1.0,1512.8,1723.6
5344,892a1074613ffff,Brooklyn,BK1101,Bensonhurst,819,1753.0,156.7,0.3349,805.2,block_group,block_group,360470264002,6,1.0,1596.3,1909.7
5345,892a1074617ffff,Brooklyn,BK1101,Bensonhurst,744,1881.0,394.1,0.4608,1121.8,block_group,block_group,360470268003,4,1.0,1486.9,2275.1
5346,892a107461bffff,Brooklyn,BK1101,Bensonhurst,853,1796.6,236.5,0.3752,906.5,block_group,block_group,360470264004,7,1.0,1560.1,2033.1
5347,892a1074623ffff,Brooklyn,BK1101,Bensonhurst,907,1428.0,375.0,0.1165,300.5,block_group,block_group,360470290002,5,1.0,1053.0,1803.0
5348,892a1074627ffff,Brooklyn,BK1103,Gravesend (West),942,1783.9,158.1,0.361,873.0,block_group,block_group,360470296002,6,1.0,1625.8,1942.0
5349,892a107462bffff,Brooklyn,BK1101,Bensonhurst,740,1624.7,222.7,0.2106,529.9,block_group,block_group,360470284003,4,1.0,1402.0,1847.4
5350,892a107462fffff,Brooklyn,BK1101,Bensonhurst,1233,1797.0,92.2,0.376,907.7,block_group,block_group,360470290003,4,1.0,1704.8,1889.2
5351,892a1074633ffff,Brooklyn,BK1101,Bensonhurst,694,1737.5,99.8,0.3175,771.7,block_group,block_group,360470272003,5,1.0,1637.7,1837.3
5352,892a1074637ffff,Brooklyn,BK1103,Gravesend (West),1200,1876.5,122.4,0.4572,1111.9,block_group,block_group,360470270001,5,1.0,1754.1,1998.9
5353,892a107463bffff,Brooklyn,BK1101,Bensonhurst,1171,1508.0,141.4,0.1508,382.9,block_group,block_group,360470284001,6,1.0,1366.6,1649.4
5354,892a1074643ffff,Brooklyn,BK1101,Bensonhurst,621,2020.1,663.3,0.596,1456.3,block_group,block_group,360470184002,5,1.0,1356.8,2683.4
5355,892a1074647ffff,Brooklyn,BK1101,Bensonhurst,664,1707.8,207.2,0.2836,701.1,block_group,block_group,360470184001,4,1.0,1500.6,1915.0
5356,892a107464bffff,Brooklyn,BK1002,Dyker Heights,453,2800.5,1057.3,0.9576,2507.5,block_group,block_group,360470150002,3,1.0,1743.2,3857.8
5357,892a107464fffff,Brooklyn,BK1102,Bath Beach,545,1864.3,252.4,0.4472,1084.1,block_group,block_group,360470170001,5,1.0,1611.9,2116.7
5358,892a1074653ffff,Brooklyn,BK1101,Bensonhurst,700,1828.8,289.8,0.4081,988.7,block_group,block_group,360470186002,4,1.0,1539.0,2118.6
5359,892a1074657ffff,Brooklyn,BK1101,Bensonhurst,698,2057.8,1010.2,0.6321,1551.5,block_group,block_group,360470186001,6,1.0,1047.6,3068.0
5360,892a107465bffff,Brooklyn,BK1002,Dyker Heights,555,1760.6,401.3,0.3424,824.8,block_group,block_group,360470150001,6,1.0,1359.3,2161.9
5361,892a1074663ffff,Brooklyn,BK1102,Bath Beach,668,1741.6,211.6,0.3197,777.0,block_group,block_group,360470178002,5,1.0,1530.0,1953.2
5362,892a1074667ffff,Brooklyn,BK1102,Bath Beach,631,1659.4,115.5,0.2367,591.7,block_group,block_group,360470278002,5,1.0,1543.9,1774.9
5363,892a107466bffff,Brooklyn,BK1102,Bath Beach,754,1699.1,408.9,0.2755,681.4,block_group,block_group,360470180002,4,1.0,1290.2,2108.0
5364,892a107466fffff,Brooklyn,BK1102,Bath Beach,644,1820.7,103.7,0.3996,968.7,block_group,block_group,360470176002,6,1.0,1717.0,1924.4
5365,892a1074673ffff,Brooklyn,BK1102,Bath Beach,671,1747.3,170.1,0.3263,788.1,block_group,block_group,360470178001,6,1.0,1577.2,1917.4
5366,892a1074677ffff,Brooklyn,BK1101,Bensonhurst,561,1539.8,111.8,0.1641,416.0,block_group,block_group,360470278002,6,1.0,1428.0,1651.6
5367,892a107467bffff,Brooklyn,BK1102,Bath Beach,545,1592.5,324.2,0.1921,483.4,block_group,block_group,360470180001,3,1.0,1268.3,1916.7
5368,892a1074683ffff,Brooklyn,BK1101,Bensonhurst,790,1602.2,197.0,0.1977,499.4,block_group,block_group,360470252001,6,1.0,1405.2,1799.2
5369,892a1074687ffff,Brooklyn,BK1101,Bensonhurst,814,1869.9,203.9,0.4521,1098.3,block_group,block_group,360470256002,4,1.0,1666.0,2073.8
5370,892a107468bffff,Brooklyn,BK1101,Bensonhurst,891,1676.8,118.1,0.2531,632.0,block_group,block_group,360470260003,5,1.0,1558.7,1794.9
5371,892a107468fffff,Brooklyn,BK1101,Bensonhurst,937,1752.2,101.2,0.3333,802.3,block_group,block_group,360470258003,6,1.0,1651.0,1853.4
5372,892a1074693ffff,Brooklyn,BK1101,Bensonhurst,518,1937.4,191.7,0.5099,1253.3,block_group,block_group,360470248001,7,1.0,1745.7,2129.1
5373,892a1074697ffff,Brooklyn,BK1101,Bensonhurst,774,1714.2,248.9,0.289,715.6,block_group,block_group,360470254003,5,1.0,1465.3,1963.1
5374,892a107469bffff,Brooklyn,BK1101,Bensonhurst,911,1785.4,103.8,0.3633,879.0,block_group,block_group,360470252002,5,1.0,1681.6,1889.2
5375,892a10746a3ffff,Brooklyn,BK1101,Bensonhurst,891,1734.3,124.1,0.3145,764.6,block_group,block_group,360470268001,5,1.0,1610.2,1858.4
5376,892a10746a7ffff,Brooklyn,BK1103,Gravesend (West),1056,1611.6,123.1,0.2029,512.1,block_group,block_group,360470428003,6,1.0,1488.5,1734.7
5377,892a10746abffff,Brooklyn,BK1101,Bensonhurst,1011,1884.7,94.4,0.4635,1129.2,block_group,block_group,360470268004,8,1.0,1790.3,1979.1
5378,892a10746afffff,Brooklyn,BK1101,Bensonhurst,751,1825.7,122.9,0.4045,980.2,block_group,block_group,360470428003,7,1.0,1702.8,1948.6
5379,892a10746b3ffff,Brooklyn,BK1101,Bensonhurst,775,1880.0,288.6,0.4597,1119.3,block_group,block_group,360470258001,5,1.0,1591.4,2168.6
5380,892a10746b7ffff,Brooklyn,BK1101,Bensonhurst,894,1606.8,111.5,0.2006,506.6,block_group,block_group,360470430001,5,1.0,1495.3,1718.3
5381,892a10746bbffff,Brooklyn,BK1101,Bensonhurst,914,1783.2,165.5,0.3605,871.2,block_group,block_group,360470266002,7,1.0,1617.7,1948.7
5382,892a10746c3ffff,Brooklyn,BK1101,Bensonhurst,770,1507.2,294.2,0.1503,381.3,block_group,block_group,360470190002,5,1.0,1213.0,1801.4
5383,892a10746c7ffff,Brooklyn,BK1101,Bensonhurst,477,1669.5,141.3,0.2477,617.2,block_group,block_group,360470262002,6,1.0,1528.2,1810.8
5384,892a10746cbffff,Brooklyn,BK1101,Bensonhurst,528,1860.6,364.8,0.444,1076.1,block_group,block_group,360470198001,6,1.0,1495.8,2225.4
5385,892a10746cfffff,Brooklyn,BK1101,Bensonhurst,582,2066.9,272.4,0.6392,1572.2,block_group,block_group,360470188001,3,1.0,1794.5,2339.3
5386,892a10746d3ffff,Brooklyn,BK1101,Bensonhurst,664,1552.3,143.2,0.1692,428.9,block_group,block_group,360470190001,6,1.0,1409.1,1695.5
5387,892a10746d7ffff,Brooklyn,BK1101,Bensonhurst,762,1571.4,247.0,0.1793,453.9,block_group,block_group,360470252003,4,1.0,1324.4,1818.4
5388,892a10746dbffff,Brooklyn,BK1002,Dyker Heights,958,1713.9,153.9,0.2883,713.8,block_group,block_group,360470196001,5,1.0,1560.0,1867.8
5389,892a107500bffff,Staten Island,SI0103,Rosebank-Shore Acres-Park Hill,233,1220.4,974.2,0.064,177.0,block_group,block_group,360850006002,2,1.0,246.2,2194.6
5390,892a107500fffff,Staten Island,SI0103,Rosebank-Shore Acres-Park Hill,23,1207.0,1000.0,0.0618,171.4,block_group,block_group,360850006002,1,1.0,207.0,2207.0
5391,892a1075043ffff,Staten Island,SI0103,Rosebank-Shore Acres-Park Hill,283,1722.2,334.8,0.2967,734.8,block_group,block_group,360850008002,2,1.0,1387.4,2057.0
5392,892a1075047ffff,Staten Island,SI0103,Rosebank-Shore Acres-Park Hill,322,1897.6,284.5,0.4759,1162.1,block_group,block_group,360850008002,2,1.0,1613.1,2182.1
5393,892a107504bffff,Staten Island,SI0103,Rosebank-Shore Acres-Park Hill,281,1510.0,324.0,0.1514,383.9,block_group,block_group,360850036002,3,1.0,1186.0,1834.0
5394,892a107504fffff,Staten Island,SI0103,Rosebank-Shore Acres-Park Hill,349,1955.5,295.4,0.5313,1302.4,block_group,block_group,360850008002,2,1.0,1660.1,2250.9
5395,892a1075053ffff,Staten Island,SI0103,Rosebank-Shore Acres-Park Hill,270,1250.4,797.9,0.0691,188.3,block_group,block_group,360850006001,2,1.0,452.5,2048.3
5396,892a1075057ffff,Staten Island,SI0103,Rosebank-Shore Acres-Park Hill,488,1271.5,714.6,0.074,198.3,block_group,block_group,360850006002,3,1.0,556.9,1986.1
5397,892a107505bffff,Staten Island,SI0103,Rosebank-Shore Acres-Park Hill,272,1072.0,554.0,0.0386,126.6,block_group,block_group,360850008001,1,1.0,518.0,1626.0
5398,892a1075063ffff,Staten Island,SI0103,Rosebank-Shore Acres-Park Hill,158,1691.0,55.1,0.2663,662.4,block_group,block_group,360850008003,2,1.0,1635.9,1746.1
5399,892a107506bffff,Staten Island,SI0103,Rosebank-Shore Acres-Park Hill,120,1526.7,187.3,0.1588,402.6,block_group,block_group,360850020012,2,1.0,1339.4,1714.0
5400,892a107506fffff,Staten Island,SI0201,Grasmere-Arrochar-South Beach-Dongan Hills,16,1681.0,141.0,0.257,640.6,block_group,block_group,360850020021,1,1.0,1540.0,1822.0
5401,892a1075073ffff,Staten Island,SI0103,Rosebank-Shore Acres-Park Hill,254,1709.5,59.8,0.285,704.5,block_group,block_group,360850008003,2,1.0,1649.7,1769.3
5402,892a107507bffff,Staten Island,SI0103,Rosebank-Shore Acres-Park Hill,364,1627.0,114.0,0.2116,532.1,block_group,block_group,360850020012,4,1.0,1513.0,1741.0
5403,892a1075203ffff,Staten Island,SI0103,Rosebank-Shore Acres-Park Hill,251,1847.0,443.0,0.4302,1039.3,block_group,block_group,360850040042,1,1.0,1404.0,2290.0
5404,892a1075207ffff,Staten Island,SI0103,Rosebank-Shore Acres-Park Hill,189,1193.4,540.2,0.0588,165.9,block_group,block_group,360850040041,3,1.0,653.2,1733.6
5405,892a107520bffff,Staten Island,SI0104,West New Brighton-Silver Lake-Grymes Hill,55,1643.1,143.6,0.2228,559.0,mixed,block_group,360850047001,4,1.0,1499.5,1786.7
5406,892a107520fffff,Staten Island,SI0201,Grasmere-Arrochar-South Beach-Dongan Hills,150,820.0,283.0,0.0188,83.1,block_group,block_group,360850050002,1,1.0,537.0,1103.0
5407,892a1075213ffff,Staten Island,SI0103,Rosebank-Shore Acres-Park Hill,135,1161.8,190.0,0.0536,153.5,mixed,tract,36085004003,2,1.0,971.8,1351.8
5408,892a1075217ffff,Staten Island,SI0103,Rosebank-Shore Acres-Park Hill,312,1310.0,704.7,0.0843,223.0,block_group,block_group,360850040041,3,1.0,605.3,2014.7
5409,892a107521bffff,Staten Island,SI0104,West New Brighton-Silver Lake-Grymes Hill,187,1695.0,176.4,0.2708,671.6,block_group,block_group,360850047001,2,1.0,1518.6,1871.4
5410,892a1075223ffff,Staten Island,SI0201,Grasmere-Arrochar-South Beach-Dongan Hills,188,1662.9,319.7,0.2402,600.2,mixed,tract,36085005000,2,1.0,1343.2,1982.6
5411,892a1075227ffff,Staten Island,SI0201,Grasmere-Arrochar-South Beach-Dongan Hills,144,1592.1,187.2,0.1918,482.3,mixed,block_group,360850096011,3,1.0,1404.9,1779.3
5412,892a107522bffff,Staten Island,SI0201,Grasmere-Arrochar-South Beach-Dongan Hills,301,1795.4,68.5,0.3735,901.7,block_group,block_group,360850050001,2,1.0,1726.9,1863.9
5413,892a107522fffff,Staten Island,SI0201,Grasmere-Arrochar-South Beach-Dongan Hills,168,1711.0,219.0,0.286,707.4,block_group,block_group,360850096011,1,1.0,1492.0,1930.0
5414,892a1075233ffff,Staten Island,SI0201,Grasmere-Arrochar-South Beach-Dongan Hills,69,1574.1,464.2,0.1811,457.7,mixed,tract,36085005000,2,1.0,1109.9,2038.3
5415,892a1075237ffff,Staten Island,SI0201,Grasmere-Arrochar-South Beach-Dongan Hills,87,1457.4,336.7,0.1273,326.2,mixed,tract,36085005000,3,1.0,1120.7,1794.1
5416,892a107523bffff,Staten Island,SI0201,Grasmere-Arrochar-South Beach-Dongan Hills,379,1106.6,200.8,0.0456,135.5,mixed,block_group,360850050002,3,1.0,905.8,1307.4
5417,892a1075243ffff,Staten Island,SI0104,West New Brighton-Silver Lake-Grymes Hill,147,1725.0,132.4,0.3003,741.8,mixed,tract,36085004700,2,1.0,1592.6,1857.4
5418,892a1075247ffff,Staten Island,SI0203,Todt Hill-Emerson Hill-Lighthouse Hill-Manor Heights,41,2048.0,382.0,0.6221,1525.1,tract,tract,36085017701,1,1.0,1666.0,2430.0
5419,892a107524bffff,Staten Island,SI0105,Westerleigh-Castleton Corners,280,2333.0,848.0,0.8331,2106.2,block_group,block_group,360850169012,1,1.0,1485.0,3181.0
5420,892a107524fffff,Staten Island,SI0203,Todt Hill-Emerson Hill-Lighthouse Hill-Manor Heights,201,2050.8,378.3,0.6253,1532.2,mixed,tract,36085017701,2,1.0,1672.5,2429.1
5421,892a1075253ffff,Staten Island,SI0104,West New Brighton-Silver Lake-Grymes Hill,19,1683.1,145.0,0.2597,646.3,block_group,block_group,360850047001,2,1.0,1538.1,1828.1
5422,892a1075257ffff,Staten Island,SI0104,West New Brighton-Silver Lake-Grymes Hill,216,1630.0,166.0,0.2143,538.3,block_group,block_group,360850047001,1,1.0,1464.0,1796.0
5423,892a107525bffff,Staten Island,SI0104,West New Brighton-Silver Lake-Grymes Hill,253,1736.4,137.4,0.3168,769.3,mixed,tract,36085004700,3,1.0,1599.0,1873.8
5424,892a1075263ffff,Staten Island,SI0203,Todt Hill-Emerson Hill-Lighthouse Hill-Manor Heights,163,1962.2,396.2,0.5456,1320.1,mixed,tract,36085017701,2,1.0,1566.0,2358.4
5425,892a1075267ffff,Staten Island,SI0203,Todt Hill-Emerson Hill-Lighthouse Hill-Manor Heights,166,1630.0,859.5,0.2143,538.3,block_group,block_group,360850177021,2,1.0,770.5,2489.5
5426,892a107526bffff,Staten Island,SI0203,Todt Hill-Emerson Hill-Lighthouse Hill-Manor Heights,87,2048.0,382.0,0.6221,1525.1,tract,tract,36085017701,1,1.0,1666.0,2430.0
5427,892a107526fffff,Staten Island,SI0203,Todt Hill-Emerson Hill-Lighthouse Hill-Manor Heights,169,1681.9,997.6,0.2582,642.3,mixed,block_group,360850177021,2,1.0,684.3,2679.5
5428,892a1075273ffff,Staten Island,SI0203,Todt Hill-Emerson Hill-Lighthouse Hill-Manor Heights,134,1604.6,172.1,0.1999,504.4,mixed,block_group,36085017701,3,1.0,1432.5,1776.7
5429,892a1075277ffff,Staten Island,SI0201,Grasmere-Arrochar-South Beach-Dongan Hills,272,1806.6,71.5,0.3866,933.6,mixed,block_group,360850050001,3,1.0,1735.1,1878.1
5430,892a107527bffff,Staten Island,SI0203,Todt Hill-Emerson Hill-Lighthouse Hill-Manor Heights,70,2048.0,382.0,0.6221,1525.1,tract,tract,36085017701,1,1.0,1666.0,2430.0
5431,892a1075283ffff,Staten Island,SI0103,Rosebank-Shore Acres-Park Hill,498,1668.9,568.4,0.2474,616.6,mixed,tract,36085004002,3,1.0,1100.5,2237.3
5432,892a1075287ffff,Staten Island,SI0103,Rosebank-Shore Acres-Park Hill,324,2219.8,273.3,0.7756,1926.1,mixed,block_group,360850036001,4,1.0,1946.5,2493.1
5433,892a107528bffff,Staten Island,SI0103,Rosebank-Shore Acres-Park Hill,968,717.9,108.3,0.0119,70.2,mixed,tract,36085004003,4,1.0,609.6,826.2
5434,892a107528fffff,Staten Island,SI0103,Rosebank-Shore Acres-Park Hill,650,1102.9,329.6,0.0453,134.6,mixed,tract,36085004003,3,1.0,773.3,1432.5
5435,892a1075293ffff,Staten Island,SI0102,Tompkinsville-Stapleton-Clifton-Fox Hills,344,1493.9,349.3,0.1444,365.4,block_group,block_group,360850040011,3,1.0,1144.6,1843.2
5436,892a1075297ffff,Staten Island,SI0103,Rosebank-Shore Acres-Park Hill,145,2249.4,302.0,0.79,1970.8,block_group,block_group,360850036001,3,1.0,1947.4,2551.4
5437,892a107529bffff,Staten Island,SI0102,Tompkinsville-Stapleton-Clifton-Fox Hills,548,767.1,164.3,0.015,76.6,mixed,block_group,360850040031,5,1.0,602.8,931.4
5438,892a10752a3ffff,Staten Island,SI0103,Rosebank-Shore Acres-Park Hill,350,1836.5,244.1,0.4184,1009.4,block_group,block_group,360850020011,3,1.0,1592.4,2080.6
5439,892a10752a7ffff,Staten Island,SI0201,Grasmere-Arrochar-South Beach-Dongan Hills,473,1768.0,92.0,0.348,839.0,block_group,block_group,360850020022,1,1.0,1676.0,1860.0
5440,892a10752abffff,Staten Island,SI0103,Rosebank-Shore Acres-Park Hill,231,1827.0,401.4,0.4058,983.8,block_group,block_group,360850040041,4,1.0,1425.6,2228.4
5441,892a10752afffff,Staten Island,SI0201,Grasmere-Arrochar-South Beach-Dongan Hills,11,1657.5,409.4,0.2342,587.7,mixed,tract,36085005000,2,1.0,1248.1,2066.9
5442,892a10752b3ffff,Staten Island,SI0103,Rosebank-Shore Acres-Park Hill,283,1844.1,250.1,0.4271,1032.0,block_group,block_group,360850036002,3,1.0,1594.0,2094.2
5443,892a10752b7ffff,Staten Island,SI0103,Rosebank-Shore Acres-Park Hill,238,1568.6,192.9,0.1773,448.5,block_group,block_group,360850020012,2,1.0,1375.7,1761.5
5444,892a10752bbffff,Staten Island,SI0103,Rosebank-Shore Acres-Park Hill,208,1979.6,356.0,0.5626,1368.2,block_group,block_group,360850040021,3,1.0,1623.6,2335.6
5445,892a10752c3ffff,Staten Island,SI0104,West New Brighton-Silver Lake-Grymes Hill,88,1779.7,180.0,0.3563,861.6,block_group,block_group,360850033002,2,1.0,1599.7,1959.7
5446,892a10752c7ffff,Staten Island,SI0102,Tompkinsville-Stapleton-Clifton-Fox Hills,288,948.3,248.4,0.0289,104.7,mixed,tract,36085002900,4,1.0,699.9,1196.7
5447,892a10752cbffff,Staten Island,SI0104,West New Brighton-Silver Lake-Grymes Hill,12,1846.0,249.0,0.4289,1036.9,block_group,block_group,360850033002,1,1.0,1597.0,2095.0
5448,892a10752cfffff,Staten Island,SI0104,West New Brighton-Silver Lake-Grymes Hill,32,1630.0,166.0,0.2143,538.3,block_group,block_group,360850047001,1,1.0,1464.0,1796.0
5449,892a10752d3ffff,Staten Island,SI0104,West New Brighton-Silver Lake-Grymes Hill,116,2019.0,243.0,0.594,1452.4,block_group,block_group,360850033002,2,1.0,1776.0,2262.0
5450,892a10752d7ffff,Staten Island,SI0102,Tompkinsville-Stapleton-Clifton-Fox Hills,283,912.3,318.9,0.0251,96.4,mixed,tract,36085002900,3,1.0,593.4,1231.2
5451,892a10752dbffff,Staten Island,SI0104,West New Brighton-Silver Lake-Grymes Hill,418,2022.5,153.6,0.5981,1462.7,block_group,block_group,360850039001,3,1.0,1868.9,2176.1
5452,892a1075303ffff,Staten Island,SI0201,Grasmere-Arrochar-South Beach-Dongan Hills,231,2338.2,196.1,0.8347,2112.2,block_group,block_group,360850070021,2,1.0,2142.1,2534.3
5453,892a1075307ffff,Staten Island,SI0201,Grasmere-Arrochar-South Beach-Dongan Hills,31,2287.0,168.0,0.809,2028.9,tract,tract,36085007002,1,1.0,2119.0,2455.0
5454,892a107530bffff,Staten Island,SI0201,Grasmere-Arrochar-South Beach-Dongan Hills,285,2261.0,614.0,0.7945,1986.8,block_group,block_group,360850070022,1,1.0,1647.0,2875.0
5455,892a107530fffff,Staten Island,SI0201,Grasmere-Arrochar-South Beach-Dongan Hills,125,2261.6,599.3,0.7954,1989.5,mixed,block_group,360850070022,2,1.0,1662.3,2860.9
5456,892a1075313ffff,Staten Island,SI0201,Grasmere-Arrochar-South Beach-Dongan Hills,355,2464.1,664.0,0.8762,2245.5,block_group,block_group,360850074001,2,1.0,1800.1,3128.1
5457,892a1075317ffff,Staten Island,SI0201,Grasmere-Arrochar-South Beach-Dongan Hills,269,1424.2,222.9,0.1144,295.9,mixed,tract,36085007400,4,1.0,1201.3,1647.1
5458,892a107531bffff,Staten Island,SI0201,Grasmere-Arrochar-South Beach-Dongan Hills,274,2275.5,247.5,0.8035,2011.5,block_group,block_group,360850070021,3,1.0,2028.0,2523.0
5460,892a107533bffff,Staten Island,SI0201,Grasmere-Arrochar-South Beach-Dongan Hills,64,2287.0,168.0,0.809,2028.9,tract,tract,36085007002,1,1.0,2119.0,2455.0
5461,892a1075343ffff,Staten Island,SI0201,Grasmere-Arrochar-South Beach-Dongan Hills,132,1451.5,286.4,0.125,322.1,block_group,block_group,360850070012,2,1.0,1165.1,1737.9
5462,892a1075347ffff,Staten Island,SI0201,Grasmere-Arrochar-South Beach-Dongan Hills,314,2164.8,571.1,0.729,1810.8,block_group,block_group,360850070022,2,1.0,1593.7,2735.9
5463,892a107534bffff,Staten Island,SI0201,Grasmere-Arrochar-South Beach-Dongan Hills,199,1649.5,404.7,0.2278,571.3,block_group,block_group,360850070012,2,1.0,1244.8,2054.2
5464,892a107534fffff,Staten Island,SI0201,Grasmere-Arrochar-South Beach-Dongan Hills,226,1854.0,474.0,0.4364,1057.7,block_group,block_group,360850070012,1,1.0,1380.0,2328.0
5465,892a1075353ffff,Staten Island,SI0201,Grasmere-Arrochar-South Beach-Dongan Hills,550,888.0,179.0,0.0235,93.2,block_group,block_group,360850064003,1,1.0,709.0,1067.0
5466,892a1075357ffff,Staten Island,SI0201,Grasmere-Arrochar-South Beach-Dongan Hills,194,1836.4,427.7,0.4181,1008.8,block_group,block_group,360850070022,2,1.0,1408.7,2264.1
5467,892a107535bffff,Staten Island,SI0201,Grasmere-Arrochar-South Beach-Dongan Hills,94,1083.3,172.0,0.0401,130.1,block_group,block_group,360850064003,2,1.0,911.3,1255.3
5472,892a1075373ffff,Staten Island,SI0201,Grasmere-Arrochar-South Beach-Dongan Hills,167,2277.7,245.5,0.8053,2016.9,mixed,tract,36085007002,2,1.0,2032.2,2523.2
5475,892a1075383ffff,Staten Island,SI0201,Grasmere-Arrochar-South Beach-Dongan Hills,191,1509.8,489.2,0.151,383.4,mixed,tract,36085007400,2,1.0,1020.6,1999.0
5476,892a1075387ffff,Staten Island,SI0201,Grasmere-Arrochar-South Beach-Dongan Hills,299,927.0,272.0,0.0266,99.7,tract,tract,36085007400,1,1.0,655.0,1199.0
5477,892a107538bffff,Staten Island,SI0201,Grasmere-Arrochar-South Beach-Dongan Hills,356,2363.1,991.6,0.8441,2141.9,block_group,block_group,360850074001,2,1.0,1371.5,3354.7
5478,892a107538fffff,Staten Island,SI0201,Grasmere-Arrochar-South Beach-Dongan Hills,391,1638.7,578.6,0.2197,551.1,mixed,tract,36085007400,2,1.0,1060.1,2217.3
5479,892a107539bffff,Staten Island,SI0201,Grasmere-Arrochar-South Beach-Dongan Hills,265,1657.3,134.0,0.2338,586.6,mixed,block_group,360850020021,3,1.0,1523.3,1791.3
5480,892a10753bbffff,Staten Island,SI0201,Grasmere-Arrochar-South Beach-Dongan Hills,46,927.0,272.0,0.0266,99.7,tract,tract,36085007400,1,1.0,655.0,1199.0
5481,892a10753c3ffff,Staten Island,SI0201,Grasmere-Arrochar-South Beach-Dongan Hills,156,1437.3,126.4,0.1194,307.6,mixed,block_group,360850020022,3,1.0,1310.9,1563.7
5482,892a10753c7ffff,Staten Island,SI0201,Grasmere-Arrochar-South Beach-Dongan Hills,234,1888.5,318.0,0.4669,1139.1,block_group,block_group,360850064002,4,1.0,1570.5,2206.5
5483,892a10753cbffff,Staten Island,SI0201,Grasmere-Arrochar-South Beach-Dongan Hills,118,1035.0,249.9,0.0352,118.8,mixed,tract,36085006400,3,1.0,785.1,1284.9
5484,892a10753cfffff,Staten Island,SI0201,Grasmere-Arrochar-South Beach-Dongan Hills,218,1304.5,467.6,0.0829,219.5,mixed,block_group,360850064002,3,1.0,836.9,1772.1
5485,892a10753d3ffff,Staten Island,SI0201,Grasmere-Arrochar-South Beach-Dongan Hills,74,1733.9,78.6,0.314,764.0,block_group,block_group,360850020022,2,1.0,1655.3,1812.5
5486,892a10753d7ffff,Staten Island,SI0201,Grasmere-Arrochar-South Beach-Dongan Hills,52,1681.0,141.0,0.257,640.6,block_group,block_group,360850020021,1,1.0,1540.0,1822.0
5487,892a10753dbffff,Staten Island,SI0201,Grasmere-Arrochar-South Beach-Dongan Hills,182,1714.7,102.7,0.2899,717.9,mixed,block_group,360850020022,3,1.0,1612.0,1817.4
5488,892a1075407ffff,Brooklyn,BK1001,Bay Ridge,24,1848.6,215.9,0.4323,1044.8,block_group,block_group,360470046001,2,1.0,1632.7,2064.5
5489,892a1075417ffff,Brooklyn,BK1001,Bay Ridge,130,1793.1,174.3,0.3713,896.9,mixed,tract,36047004400,2,1.0,1618.8,1967.4
5490,892a1075423ffff,Brooklyn,BK1001,Bay Ridge,1288,1930.1,28.1,0.504,1238.2,mixed,borough,36047,3,1.0,1902.0,1958.2
5491,892a1075427ffff,Brooklyn,BK1001,Bay Ridge,1472,2061.9,108.0,0.6352,1560.6,block_group,block_group,360470052022,4,1.0,1953.9,2169.9
5492,892a1075433ffff,Brooklyn,BK1001,Bay Ridge,560,1893.2,228.4,0.4714,1149.7,mixed,block_group,360470050001,5,1.0,1664.8,2121.6
5493,892a1075437ffff,Brooklyn,BK1001,Bay Ridge,500,1887.8,238.8,0.4661,1137.3,mixed,block_group,360470050002,6,1.0,1649.0,2126.6
5494,892a1075483ffff,Brooklyn,BK1001,Bay Ridge,821,2064.3,143.9,0.6377,1567.1,block_group,block_group,360470038001,2,1.0,1920.4,2208.2
5495,892a1075487ffff,Brooklyn,BK1001,Bay Ridge,856,1637.4,201.8,0.2187,548.3,mixed,block_group,360470036003,5,1.0,1435.6,1839.2
5496,892a107548fffff,Brooklyn,BK1001,Bay Ridge,229,1812.3,179.7,0.3927,949.3,mixed,tract,36047004400,2,1.0,1632.6,1992.0
5497,892a1075493ffff,Brooklyn,BK1001,Bay Ridge,598,1796.1,321.7,0.3746,904.7,block_group,block_group,360470034002,5,1.0,1474.4,2117.8
5498,892a1075497ffff,Brooklyn,BK1001,Bay Ridge,1607,1856.9,279.7,0.4404,1066.9,mixed,block_group,360470036002,6,1.0,1577.2,2136.6
5499,892a107549bffff,Brooklyn,BK1001,Bay Ridge,431,1773.2,212.1,0.3507,847.3,block_group,block_group,360470034002,2,1.0,1561.1,1985.3
5500,892a10754a3ffff,Brooklyn,BK1001,Bay Ridge,316,2241.8,203.6,0.7857,1960.8,block_group,block_group,360470046001,4,1.0,2038.2,2445.4
5501,892a10754a7ffff,Brooklyn,BK1001,Bay Ridge,1112,2019.7,141.4,0.5951,1455.0,block_group,block_group,360470062002,4,1.0,1878.3,2161.1
5502,892a10754abffff,Brooklyn,BK1001,Bay Ridge,123,1828.1,206.3,0.4074,986.9,block_group,block_group,360470046001,2,1.0,1621.8,2034.4
5503,892a10754afffff,Brooklyn,BK1001,Bay Ridge,407,1756.3,196.1,0.3372,811.7,block_group,block_group,360470050003,6,1.0,1560.2,1952.4
5504,892a10754b3ffff,Brooklyn,BK1001,Bay Ridge,609,1785.3,302.3,0.3632,878.4,block_group,block_group,360470064001,4,1.0,1483.0,2087.6
5505,892a10754b7ffff,Brooklyn,BK1001,Bay Ridge,1061,1760.3,128.0,0.342,823.6,block_group,block_group,360470064003,6,1.0,1632.3,1888.3
5506,892a10754bbffff,Brooklyn,BK1001,Bay Ridge,277,1760.8,126.1,0.3433,826.0,mixed,block_group,360470044002,3,1.0,1634.7,1886.9
5507,892a107550bffff,Brooklyn,BK1001,Bay Ridge,196,1873.0,203.0,0.4548,1105.7,block_group,block_group,360470162002,1,1.0,1670.0,2076.0
5508,892a1075513ffff,Brooklyn,BK1001,Bay Ridge,232,2586.0,378.0,0.9123,2361.3,block_group,block_group,360470152001,1,1.0,2208.0,2964.0
5509,892a107551bffff,Brooklyn,BK1001,Bay Ridge,364,1777.6,145.0,0.354,855.7,mixed,block_group,360470162001,3,1.0,1632.6,1922.6
5510,892a1075543ffff,Brooklyn,BK1001,Bay Ridge,372,1936.3,264.8,0.5094,1252.0,block_group,block_group,360470056011,2,1.0,1671.5,2201.1
5511,892a1075547ffff,Brooklyn,BK1001,Bay Ridge,226,1717.0,117.0,0.2926,724.3,block_group,block_group,360470056021,1,1.0,1600.0,1834.0
5512,892a1075553ffff,Brooklyn,BK1001,Bay Ridge,1413,2025.3,128.0,0.6,1469.1,block_group,block_group,360470054001,4,1.0,1897.3,2153.3
5513,892a1075557ffff,Brooklyn,BK1001,Bay Ridge,1423,1734.3,99.7,0.3145,764.6,block_group,block_group,360470056021,4,1.0,1634.6,1834.0
5514,892a107555bffff,Brooklyn,BK1001,Bay Ridge,54,2164.0,155.0,0.7279,1807.5,block_group,block_group,360470054001,1,1.0,2009.0,2319.0
5515,892a107558bffff,Brooklyn,BK1001,Bay Ridge,591,2015.6,546.3,0.5907,1442.8,block_group,block_group,360470152003,2,1.0,1469.3,2561.9
5516,892a1075593ffff,Brooklyn,BK1002,Dyker Heights,304,1936.3,800.8,0.5094,1252.0,mixed,tract,36047016600,4,1.0,1135.5,2737.1
5517,892a1075597ffff,Brooklyn,BK1002,Dyker Heights,322,2022.2,424.6,0.5979,1462.1,block_group,block_group,360470166002,3,1.0,1597.6,2446.8
5518,892a107559bffff,Brooklyn,BK1002,Dyker Heights,464,1736.3,62.3,0.3166,768.7,mixed,block_group,360470140002,3,1.0,1674.0,1798.6
5519,892a10755a7ffff,Brooklyn,BK1102,Bath Beach,526,1732.4,548.3,0.309,759.3,block_group,block_group,360470172002,3,1.0,1184.1,2280.7
5520,892a10755b7ffff,Brooklyn,BK1102,Bath Beach,653,1833.3,194.6,0.4157,1001.5,block_group,block_group,360470172002,5,1.0,1638.7,2027.9
5521,892a10755c3ffff,Brooklyn,BK1001,Bay Ridge,752,1979.3,242.0,0.5623,1367.6,block_group,block_group,360470058001,5,1.0,1737.3,2221.3
5522,892a10755c7ffff,Brooklyn,BK1001,Bay Ridge,924,1814.3,155.2,0.3945,953.5,block_group,block_group,360470160002,6,1.0,1659.1,1969.5
5523,892a10755cbffff,Brooklyn,BK1001,Bay Ridge,879,1967.6,128.3,0.5516,1337.2,mixed,block_group,360470058002,6,1.0,1839.3,2095.9
5524,892a10755cfffff,Brooklyn,BK1001,Bay Ridge,1267,1719.5,112.5,0.2946,729.0,block_group,block_group,360470054003,5,1.0,1607.0,1832.0
5525,892a10755d3ffff,Brooklyn,BK1001,Bay Ridge,568,2043.4,110.5,0.6179,1515.4,block_group,block_group,360470138003,5,1.0,1932.9,2153.9
5526,892a10755d7ffff,Brooklyn,BK1001,Bay Ridge,950,1825.3,192.5,0.4043,979.6,block_group,block_group,360470160001,5,1.0,1632.8,2017.8
5527,892a10755dbffff,Brooklyn,BK1001,Bay Ridge,837,1974.4,169.1,0.5576,1353.0,block_group,block_group,360470060002,5,1.0,1805.3,2143.5
5528,892a1075603ffff,Staten Island,SI0102,Tompkinsville-Stapleton-Clifton-Fox Hills,571,1752.0,437.0,0.3329,801.7,block_group,block_group,360850021002,1,1.0,1315.0,2189.0
5529,892a107560bffff,Staten Island,SI0102,Tompkinsville-Stapleton-Clifton-Fox Hills,344,1741.0,374.4,0.3195,776.4,mixed,block_group,360850021002,2,1.0,1366.6,2115.4
5530,892a107560fffff,Staten Island,SI0103,Rosebank-Shore Acres-Park Hill,217,1803.0,288.5,0.3838,926.4,block_group,block_group,360850027002,4,1.0,1514.5,2091.5
5532,892a107561bffff,Staten Island,SI0102,Tompkinsville-Stapleton-Clifton-Fox Hills,291,1752.0,437.0,0.3329,801.7,block_group,block_group,360850021002,1,1.0,1315.0,2189.0
5533,892a1075623ffff,Staten Island,SI0103,Rosebank-Shore Acres-Park Hill,76,2708.0,441.0,0.945,2462.8,block_group,block_group,360850040012,1,1.0,2267.0,3149.0
5534,892a1075627ffff,Staten Island,SI0103,Rosebank-Shore Acres-Park Hill,69,1101.7,491.8,0.0451,134.1,block_group,block_group,360850008001,2,1.0,609.9,1593.5
5535,892a107562bffff,Staten Island,SI0102,Tompkinsville-Stapleton-Clifton-Fox Hills,223,2708.0,441.0,0.945,2462.8,block_group,block_group,360850040012,1,1.0,2267.0,3149.0
5536,892a107562fffff,Staten Island,SI0103,Rosebank-Shore Acres-Park Hill,108,1920.3,351.3,0.4963,1214.4,block_group,block_group,360850040012,2,1.0,1569.0,2271.6
5537,892a107563bffff,Staten Island,SI0103,Rosebank-Shore Acres-Park Hill,9,2350.3,364.0,0.8394,2126.4,block_group,block_group,360850040012,2,1.0,1986.3,2714.3
5538,892a1075643ffff,Staten Island,SI0104,West New Brighton-Silver Lake-Grymes Hill,380,1649.5,274.3,0.2278,571.3,block_group,block_group,360850033001,3,1.0,1375.2,1923.8
5539,892a1075647ffff,Staten Island,SI0104,West New Brighton-Silver Lake-Grymes Hill,304,1804.7,193.6,0.3852,930.0,mixed,block_group,360850033002,5,1.0,1611.1,1998.3
5540,892a107564bffff,Staten Island,SI0104,West New Brighton-Silver Lake-Grymes Hill,146,1730.0,309.0,0.3064,755.2,block_group,block_group,360850075002,3,1.0,1421.0,2039.0
5541,892a107564fffff,Staten Island,SI0104,West New Brighton-Silver Lake-Grymes Hill,125,1826.3,231.6,0.4054,982.6,block_group,block_group,360850033002,2,1.0,1594.7,2057.9
5542,892a1075653ffff,Staten Island,SI0102,Tompkinsville-Stapleton-Clifton-Fox Hills,107,2114.1,1099.8,0.6872,1688.0,block_group,block_group,360850017002,2,1.0,1014.3,3213.9
5543,892a1075657ffff,Staten Island,SI0102,Tompkinsville-Stapleton-Clifton-Fox Hills,221,2027.0,746.3,0.602,1474.2,block_group,block_group,360850021001,3,1.0,1280.7,2773.3
5544,892a107565bffff,Staten Island,SI0104,West New Brighton-Silver Lake-Grymes Hill,400,1662.8,161.5,0.2399,599.6,mixed,block_group,360850033001,4,1.0,1501.3,1824.3
5545,892a1075663ffff,Staten Island,SI0102,Tompkinsville-Stapleton-Clifton-Fox Hills,867,480.8,260.0,0.0032,54.2,mixed,block_group,360850029002,3,1.0,220.8,740.8
5546,892a1075667ffff,Staten Island,SI0102,Tompkinsville-Stapleton-Clifton-Fox Hills,197,728.4,339.0,0.013,72.4,mixed,tract,36085002900,2,1.0,389.4,1067.4
5547,892a107566bffff,Staten Island,SI0104,West New Brighton-Silver Lake-Grymes Hill,242,2039.2,251.1,0.6143,1507.7,mixed,block_group,360850033002,3,1.0,1788.1,2290.3
5548,892a107566fffff,Staten Island,SI0102,Tompkinsville-Stapleton-Clifton-Fox Hills,327,2538.0,622.0,0.8977,2311.5,block_group,block_group,360850029001,1,1.0,1916.0,3160.0
5549,892a1075673ffff,Staten Island,SI0102,Tompkinsville-Stapleton-Clifton-Fox Hills,315,1841.6,234.4,0.4243,1024.1,mixed,tract,36085002100,2,1.0,1607.2,2076.0
5550,892a1075677ffff,Staten Island,SI0102,Tompkinsville-Stapleton-Clifton-Fox Hills,178,1703.4,544.8,0.2793,690.6,block_group,block_group,360850027001,2,1.0,1158.6,2248.2
5551,892a107567bffff,Staten Island,SI0102,Tompkinsville-Stapleton-Clifton-Fox Hills,344,1692.6,311.1,0.2692,667.0,mixed,tract,36085002100,2,1.0,1381.5,2003.7
5552,892a10756c3ffff,Staten Island,SI0102,Tompkinsville-Stapleton-Clifton-Fox Hills,113,1958.8,821.2,0.5418,1310.0,block_group,block_group,360850003002,3,1.0,1137.6,2780.0
5554,892a10756cbffff,Staten Island,SI0102,Tompkinsville-Stapleton-Clifton-Fox Hills,299,2297.0,1577.0,0.8129,2039.7,block_group,block_group,360850017001,4,1.0,720.0,3874.0
5555,892a10756cfffff,Staten Island,SI0102,Tompkinsville-Stapleton-Clifton-Fox Hills,266,2033.6,768.0,0.6078,1489.0,block_group,block_group,360850021001,3,1.0,1265.6,2801.6
5556,892a10756d3ffff,Staten Island,SI0101,St. George-New Brighton,379,2133.0,1579.0,0.7048,1736.5,block_group,block_group,360850003002,1,1.0,554.0,3712.0
5557,892a10756dbffff,Staten Island,SI0101,St. George-New Brighton,294,2005.4,969.3,0.5814,1419.8,block_group,block_group,360850003002,3,1.0,1036.1,2974.7
5558,892a1076003ffff,Brooklyn,BK1801,Flatlands,396,1643.0,142.3,0.2225,558.4,block_group,block_group,360470722001,3,1.0,1500.7,1785.3
5559,892a1076007ffff,Brooklyn,BK1801,Flatlands,274,1997.5,167.7,0.5745,1402.6,block_group,block_group,360470720001,3,1.0,1829.8,2165.2
5560,892a107600bffff,Brooklyn,BK1801,Flatlands,344,1872.2,951.6,0.4539,1103.9,block_group,block_group,360470722002,2,1.0,920.6,2823.8
5561,892a107600fffff,Brooklyn,BK1801,Flatlands,1123,2115.8,297.3,0.6881,1690.6,block_group,block_group,360470728001,3,1.0,1818.5,2413.1
5562,892a1076013ffff,Brooklyn,BK1801,Flatlands,1336,803.0,125.5,0.0182,82.0,mixed,block_group,360470944021,4,1.0,677.5,928.5
5563,892a1076017ffff,Brooklyn,BK1801,Flatlands,149,1648.0,163.0,0.2267,568.5,block_group,block_group,360470722001,1,1.0,1485.0,1811.0
5564,892a107601bffff,Brooklyn,BK1801,Flatlands,422,1799.9,217.9,0.3796,915.5,mixed,block_group,36047094401,3,1.0,1582.0,2017.8
5565,892a1076023ffff,Brooklyn,BK1801,Flatlands,422,1584.2,240.6,0.1876,472.5,block_group,block_group,360470678002,4,1.0,1343.6,1824.8
5566,892a1076027ffff,Brooklyn,BK1801,Flatlands,415,1898.2,247.4,0.477,1164.6,block_group,block_group,360470692001,3,1.0,1650.8,2145.6
5567,892a107602bffff,Brooklyn,BK1801,Flatlands,463,1760.7,534.5,0.3429,825.4,mixed,block_group,360470676001,4,1.0,1226.2,2295.2
5568,892a107602fffff,Brooklyn,BK1801,Flatlands,457,2285.6,626.4,0.8086,2027.6,mixed,block_group,360470692002,4,1.0,1659.2,2912.0
5569,892a1076033ffff,Brooklyn,BK1801,Flatlands,567,2070.1,224.1,0.6426,1581.3,block_group,block_group,360470720001,3,1.0,1846.0,2294.2
5570,892a1076037ffff,Brooklyn,BK1802,Marine Park-Mill Basin-Bergen Beach,300,2737.8,556.9,0.9504,2482.0,block_group,block_group,360470696011,2,1.0,2180.9,3294.7
5571,892a107603bffff,Brooklyn,BK1801,Flatlands,531,1954.1,252.0,0.529,1296.1,block_group,block_group,360470678001,6,1.0,1702.1,2206.1
5573,892a1076047ffff,Brooklyn,BK1801,Flatlands,304,2109.9,241.0,0.6833,1677.6,block_group,block_group,360470726001,3,1.0,1868.9,2350.9
5574,892a107604bffff,Brooklyn,BK1702,East Flatbush-Farragut,312,2165.1,1231.5,0.7296,1812.8,block_group,block_group,360470780001,3,1.0,933.6,3396.6
5575,892a107604fffff,Brooklyn,BK1801,Flatlands,228,2110.8,208.7,0.6843,1680.2,mixed,block_group,360470726001,3,1.0,1902.1,2319.5
5576,892a1076053ffff,Brooklyn,BK1702,East Flatbush-Farragut,411,1791.4,224.6,0.3693,893.3,mixed,borough,36047,2,1.0,1566.8,2016.0
5577,892a1076057ffff,Brooklyn,BK1702,East Flatbush-Farragut,49,1864.9,377.4,0.4475,1084.8,block_group,block_group,360470724002,2,1.0,1487.5,2242.3
5578,892a107605bffff,Brooklyn,BK1702,East Flatbush-Farragut,480,2015.1,717.1,0.5902,1441.6,mixed,block_group,360470836002,3,1.0,1298.0,2732.2
5579,892a1076063ffff,Brooklyn,BK1801,Flatlands,403,1869.4,401.0,0.4514,1096.5,mixed,block_group,360470732001,4,1.0,1468.4,2270.4
5580,892a1076067ffff,Brooklyn,BK1801,Flatlands,330,1894.8,300.3,0.4732,1154.6,mixed,block_group,360470676002,5,1.0,1594.5,2195.1
5581,892a107606bffff,Brooklyn,BK1801,Flatlands,495,1546.9,418.8,0.1672,423.6,mixed,block_group,360470734002,5,1.0,1128.1,1965.7
5582,892a107606fffff,Brooklyn,BK1801,Flatlands,742,1820.2,275.8,0.3989,967.5,block_group,block_group,360470736001,4,1.0,1544.4,2096.0
5583,892a1076073ffff,Brooklyn,BK1801,Flatlands,376,2099.0,308.8,0.6704,1647.6,mixed,tract,36047072800,3,1.0,1790.2,2407.8
5584,892a1076077ffff,Brooklyn,BK1801,Flatlands,299,2068.2,744.2,0.6403,1575.5,mixed,block_group,360470730001,5,1.0,1324.0,2812.4
5585,892a107607bffff,Brooklyn,BK1801,Flatlands,372,2404.0,196.1,0.8586,2187.2,mixed,block_group,360470732002,3,1.0,2207.9,2600.1
5586,892a1076083ffff,Brooklyn,BK1803,Canarsie,723,2012.0,228.4,0.5878,1435.2,block_group,block_group,360470954002,5,1.0,1783.6,2240.4
5587,892a1076087ffff,Brooklyn,BK1803,Canarsie,475,1955.6,181.1,0.5317,1303.0,block_group,block_group,360470956001,4,1.0,1774.5,2136.7
5588,892a107608bffff,Brooklyn,BK1801,Flatlands,449,1941.5,240.7,0.5165,1264.0,mixed,block_group,36047094401,4,1.0,1700.8,2182.2
5589,892a107608fffff,Brooklyn,BK1803,Canarsie,391,1999.4,322.3,0.5759,1406.4,block_group,block_group,360470950001,2,1.0,1677.1,2321.7
5590,892a1076093ffff,Brooklyn,BK1803,Canarsie,651,1914.8,270.4,0.493,1205.1,block_group,block_group,360470958001,4,1.0,1644.4,2185.2
5591,892a1076097ffff,Brooklyn,BK1803,Canarsie,552,2047.3,245.9,0.6201,1521.8,block_group,block_group,360470958002,4,1.0,1801.4,2293.2
5592,892a107609bffff,Brooklyn,BK1803,Canarsie,346,1931.3,388.8,0.505,1241.4,block_group,block_group,360470954001,2,1.0,1542.5,2320.1
5593,892a10760a3ffff,Brooklyn,BK1803,Canarsie,44,1713.0,681.0,0.2878,712.1,block_group,block_group,360470998001,1,1.0,1032.0,2394.0
5594,892a10760a7ffff,Brooklyn,BK1802,Marine Park-Mill Basin-Bergen Beach,51,2203.8,413.5,0.7645,1893.6,block_group,block_group,360470696012,2,1.0,1790.3,2617.3
5595,892a10760abffff,Brooklyn,BK1802,Marine Park-Mill Basin-Bergen Beach,96,2247.0,436.0,0.788,1967.4,block_group,block_group,360470696012,1,1.0,1811.0,2683.0
5596,892a10760afffff,Brooklyn,BK1802,Marine Park-Mill Basin-Bergen Beach,463,2305.0,405.9,0.818,2056.4,block_group,block_group,360470696012,2,1.0,1899.1,2710.9
5597,892a10760b3ffff,Brooklyn,BK1803,Canarsie,587,1626.1,392.8,0.2113,531.6,block_group,block_group,360470998001,4,1.0,1233.3,2018.9
5598,892a10760b7ffff,Brooklyn,BK1803,Canarsie,458,1831.3,466.0,0.4104,996.0,block_group,block_group,360470998001,3,1.0,1365.3,2297.3
5599,892a10760bbffff,Brooklyn,BK1803,Canarsie,288,1832.0,206.0,0.4109,997.2,block_group,block_group,360470956001,1,1.0,1626.0,2038.0
5600,892a10760c3ffff,Brooklyn,BK1702,East Flatbush-Farragut,264,1860.4,106.4,0.4436,1075.5,block_group,block_group,360470846002,2,1.0,1754.0,1966.8
5601,892a10760c7ffff,Brooklyn,BK1801,Flatlands,238,1964.5,143.3,0.5486,1328.9,mixed,block_group,360470944013,2,1.0,1821.2,2107.8
5602,892a10760cbffff,Brooklyn,BK1702,East Flatbush-Farragut,356,1489.3,174.7,0.1423,360.2,mixed,block_group,360470840002,3,1.0,1314.6,1664.0
5603,892a10760cfffff,Brooklyn,BK1702,East Flatbush-Farragut,117,1833.0,9.0,0.4139,1000.9,borough,borough,36047,1,1.0,1824.0,1842.0
5604,892a10760d3ffff,Brooklyn,BK1703,East Flatbush-Rugby,508,1946.0,149.2,0.5221,1277.2,block_group,block_group,360470946003,3,1.0,1796.8,2095.2
5605,892a10760d7ffff,Brooklyn,BK1801,Flatlands,12,2144.0,226.0,0.7122,1758.8,block_group,block_group,360470944011,1,1.0,1918.0,2370.0
5606,892a10760dbffff,Brooklyn,BK1702,East Flatbush-Farragut,391,1585.9,397.4,0.1891,475.2,block_group,block_group,360470846001,4,1.0,1188.5,1983.3
5607,892a1076103ffff,Brooklyn,BK1802,Marine Park-Mill Basin-Bergen Beach,92,2314.0,413.0,0.8235,2073.2,tract,tract,36047070201,1,1.0,1901.0,2727.0
5608,892a1076107ffff,Brooklyn,BK1802,Marine Park-Mill Basin-Bergen Beach,107,2344.5,715.1,0.8371,2119.6,mixed,block_group,360470702012,2,1.0,1629.4,3059.6
5609,892a107610bffff,Brooklyn,BK1802,Marine Park-Mill Basin-Bergen Beach,78,2246.1,178.8,0.7877,1966.1,mixed,block_group,360470698002,2,1.0,2067.3,2424.9
5610,892a107610fffff,Brooklyn,BK1802,Marine Park-Mill Basin-Bergen Beach,221,2339.8,622.2,0.8356,2115.6,mixed,block_group,360470702012,2,1.0,1717.6,2962.0
5611,892a1076113ffff,Brooklyn,BK1802,Marine Park-Mill Basin-Bergen Beach,273,1879.3,544.9,0.459,1117.5,block_group,block_group,360470706012,2,1.0,1334.4,2424.2
5612,892a1076117ffff,Brooklyn,BK1802,Marine Park-Mill Basin-Bergen Beach,225,1787.0,113.0,0.3651,883.1,block_group,block_group,360470706012,1,1.0,1674.0,1900.0
5613,892a107611bffff,Brooklyn,BK1802,Marine Park-Mill Basin-Bergen Beach,308,1904.6,195.7,0.483,1180.1,mixed,tract,36047069602,5,1.0,1708.9,2100.3
5614,892a1076123ffff,Brooklyn,BK1802,Marine Park-Mill Basin-Bergen Beach,149,2314.0,413.0,0.8235,2073.2,tract,tract,36047070201,1,1.0,1901.0,2727.0
5615,892a107612bffff,Brooklyn,BK1802,Marine Park-Mill Basin-Bergen Beach,202,2179.2,366.8,0.7422,1842.5,mixed,tract,36047070201,2,1.0,1812.4,2546.0
5616,892a1076133ffff,Brooklyn,BK1802,Marine Park-Mill Basin-Bergen Beach,126,2312.4,677.6,0.8221,2069.2,mixed,block_group,360470702012,3,1.0,1634.8,2990.0
5617,892a107613bffff,Brooklyn,BK1802,Marine Park-Mill Basin-Bergen Beach,243,2327.4,428.0,0.8304,2096.1,mixed,tract,36047070201,2,1.0,1899.4,2755.4
5618,892a1076143ffff,Brooklyn,BK1801,Flatlands,382,1659.3,143.3,0.2365,591.1,mixed,block_group,360470688002,3,1.0,1516.0,1802.6
5619,892a1076147ffff,Brooklyn,BK1802,Marine Park-Mill Basin-Bergen Beach,376,1978.0,215.0,0.5605,1361.9,block_group,block_group,360470686001,2,1.0,1763.0,2193.0
5620,892a107614bffff,Brooklyn,BK1801,Flatlands,482,2609.4,697.0,0.9199,2387.3,mixed,tract,36047068200,3,1.0,1912.4,3306.4
5621,892a107614fffff,Brooklyn,BK1802,Marine Park-Mill Basin-Bergen Beach,488,2030.0,186.0,0.6051,1481.3,mixed,block_group,360470670002,4,1.0,1844.0,2216.0
5622,892a1076153ffff,Brooklyn,BK1802,Marine Park-Mill Basin-Bergen Beach,229,1760.2,199.3,0.3416,823.0,mixed,tract,36047069602,4,1.0,1560.9,1959.5
5623,892a1076157ffff,Brooklyn,BK1802,Marine Park-Mill Basin-Bergen Beach,326,2182.6,119.8,0.7442,1849.2,mixed,block_group,36047069800,4,1.0,2062.8,2302.4
5624,892a107615bffff,Brooklyn,BK1801,Flatlands,379,1676.7,239.2,0.2529,631.5,mixed,block_group,360470690002,3,1.0,1437.5,1915.9
5625,892a1076163ffff,Brooklyn,BK1802,Marine Park-Mill Basin-Bergen Beach,148,2117.4,163.9,0.6902,1695.9,block_group,block_group,360470698002,2,1.0,1953.5,2281.3
5626,892a1076167ffff,Brooklyn,BK1802,Marine Park-Mill Basin-Bergen Beach,557,1470.6,732.4,0.1339,339.7,mixed,block_group,360470702015,2,1.0,738.2,2203.0
5628,892a107616fffff,Brooklyn,BK1802,Marine Park-Mill Basin-Bergen Beach,15,1463.0,739.0,0.1318,334.5,block_group,block_group,360470702015,1,1.0,724.0,2202.0
5629,892a1076173ffff,Brooklyn,BK1802,Marine Park-Mill Basin-Bergen Beach,35,2283.7,298.3,0.8077,2024.2,mixed,tract,36047070201,2,1.0,1985.4,2582.0
5630,892a1076177ffff,Brooklyn,BK1802,Marine Park-Mill Basin-Bergen Beach,460,2280.2,396.1,0.8062,2018.9,mixed,tract,36047070201,3,1.0,1884.1,2676.3
5631,892a107617bffff,Brooklyn,BK1802,Marine Park-Mill Basin-Bergen Beach,206,1911.4,142.9,0.4893,1196.3,block_group,block_group,360470670002,2,1.0,1768.5,2054.3
5632,892a107618bffff,Brooklyn,BK1802,Marine Park-Mill Basin-Bergen Beach,256,1760.1,241.8,0.3412,822.4,mixed,tract,36047070000,5,1.0,1518.3,2001.9
5633,892a107618fffff,Brooklyn,BK1802,Marine Park-Mill Basin-Bergen Beach,279,1857.9,207.4,0.4414,1068.8,mixed,tract,36047070601,2,1.0,1650.5,2065.3
5634,892a107619bffff,Brooklyn,BK1802,Marine Park-Mill Basin-Bergen Beach,3,1513.0,863.0,0.1529,387.7,block_group,block_group,360470696023,1,1.0,650.0,2376.0
5635,892a10761bbffff,Brooklyn,BK1802,Marine Park-Mill Basin-Bergen Beach,158,1827.0,136.2,0.4058,983.8,mixed,block_group,360470706012,2,1.0,1690.8,1963.2
5636,892a10761c3ffff,Brooklyn,BK1802,Marine Park-Mill Basin-Bergen Beach,343,1650.0,390.5,0.2282,572.5,mixed,tract,36047069602,2,1.0,1259.5,2040.5
5637,892a10761c7ffff,Brooklyn,BK1802,Marine Park-Mill Basin-Bergen Beach,391,1979.7,1153.8,0.5629,1368.9,mixed,block_group,360470700002,4,1.0,825.9,3133.5
5638,892a10761cbffff,Brooklyn,BK1802,Marine Park-Mill Basin-Bergen Beach,405,2019.1,365.8,0.5944,1453.1,mixed,tract,36047069602,2,1.0,1653.3,2384.9
5639,892a10761cfffff,Brooklyn,BK1802,Marine Park-Mill Basin-Bergen Beach,322,1712.4,418.4,0.2869,709.8,tract,tract,36047069602,2,1.0,1294.0,2130.8
5640,892a10761d3ffff,Brooklyn,BK1802,Marine Park-Mill Basin-Bergen Beach,503,1513.0,863.0,0.1529,387.7,block_group,block_group,360470696023,1,1.0,650.0,2376.0
5641,892a10761d7ffff,Brooklyn,BK1802,Marine Park-Mill Basin-Bergen Beach,322,1577.2,643.9,0.1829,462.1,mixed,block_group,360470696023,2,1.0,933.3,2221.1
5642,892a10761dbffff,Brooklyn,BK1802,Marine Park-Mill Basin-Bergen Beach,622,2148.8,358.7,0.7164,1770.6,mixed,block_group,360470696012,4,1.0,1790.1,2507.5
5643,892a1076203ffff,Brooklyn,BK1401,Flatbush,174,2265.5,1532.4,0.7969,1994.1,block_group,block_group,360470772001,2,1.0,733.1,3797.9
5644,892a1076207ffff,Brooklyn,BK1401,Flatbush,390,1760.1,85.0,0.3412,822.4,mixed,block_group,360470774002,4,1.0,1675.1,1845.1
5645,892a107620bffff,Brooklyn,BK1402,Flatbush (West)-Ditmas Park-Parkville,941,1757.5,136.8,0.339,815.9,block_group,block_group,360470764002,4,1.0,1620.7,1894.3
5646,892a107620fffff,Brooklyn,BK1401,Flatbush,493,1862.1,113.0,0.4452,1079.2,mixed,block_group,360470772002,4,1.0,1749.1,1975.1
5647,892a1076213ffff,Brooklyn,BK1401,Flatbush,1100,1888.8,423.4,0.4673,1140.4,block_group,block_group,360470770001,6,1.0,1465.4,2312.2
5648,892a1076217ffff,Brooklyn,BK1401,Flatbush,372,1741.8,61.8,0.32,777.5,block_group,block_group,360470774001,2,1.0,1680.0,1803.6
5649,892a107621bffff,Brooklyn,BK1401,Flatbush,523,1982.7,478.1,0.5651,1375.2,block_group,block_group,360470766001,3,1.0,1504.6,2460.8
5650,892a1076223ffff,Brooklyn,BK1403,Midwood,266,1782.6,43.1,0.3594,869.4,mixed,borough,36047,3,1.0,1739.5,1825.7
5651,892a1076227ffff,Brooklyn,BK1403,Midwood,252,1568.6,163.5,0.1773,448.5,mixed,tract,36047074800,2,1.0,1405.1,1732.1
5652,892a107622bffff,Brooklyn,BK1403,Midwood,917,1451.0,154.9,0.1245,321.0,mixed,block_group,360470762002,6,1.0,1296.1,1605.9
5653,892a107622fffff,Brooklyn,BK1403,Midwood,372,1663.5,46.8,0.2408,601.9,mixed,tract,36047,3,1.0,1616.7,1710.3
5654,892a1076233ffff,Brooklyn,BK1403,Midwood,452,2055.6,124.0,0.6289,1544.4,mixed,block_group,360470750001,3,1.0,1931.6,2179.6
5655,892a1076237ffff,Brooklyn,BK1403,Midwood,875,1520.9,136.3,0.1575,398.9,mixed,block_group,360470748002,5,1.0,1384.6,1657.2
5656,892a107623bffff,Brooklyn,BK1403,Midwood,202,1794.5,36.3,0.3723,899.3,mixed,borough,36047,2,1.0,1758.2,1830.8
5657,892a1076243ffff,Brooklyn,BK1402,Flatbush (West)-Ditmas Park-Parkville,1130,1728.3,325.0,0.3038,751.1,mixed,block_group,360470520003,6,1.0,1403.3,2053.3
5658,892a1076247ffff,Brooklyn,BK1402,Flatbush (West)-Ditmas Park-Parkville,209,1603.2,217.6,0.1989,501.6,mixed,block_group,360470528001,3,1.0,1385.6,1820.8
5659,892a107624bffff,Brooklyn,BK1402,Flatbush (West)-Ditmas Park-Parkville,1065,1841.3,96.1,0.4237,1022.2,mixed,block_group,36047048200,5,1.0,1745.2,1937.4
5660,892a107624fffff,Brooklyn,BK1402,Flatbush (West)-Ditmas Park-Parkville,758,2038.1,399.8,0.6126,1503.2,mixed,block_group,360470460002,6,1.0,1638.3,2437.9
5661,892a1076253ffff,Brooklyn,BK1402,Flatbush (West)-Ditmas Park-Parkville,738,1953.5,212.1,0.5284,1294.2,block_group,block_group,360470518002,3,1.0,1741.4,2165.6
5662,892a1076257ffff,Brooklyn,BK1402,Flatbush (West)-Ditmas Park-Parkville,661,1700.4,176.1,0.2763,683.1,mixed,block_group,360470764001,4,1.0,1524.3,1876.5
5663,892a107625bffff,Brooklyn,BK1402,Flatbush (West)-Ditmas Park-Parkville,424,2003.9,120.9,0.58,1416.6,mixed,block_group,360470526001,7,1.0,1883.0,2124.8
5664,892a1076263ffff,Brooklyn,BK1403,Midwood,745,1860.0,176.4,0.4433,1074.3,block_group,block_group,360470530001,6,1.0,1683.6,2036.4
5665,892a1076267ffff,Brooklyn,BK1403,Midwood,475,1828.1,283.5,0.4074,986.9,block_group,block_group,360470532002,5,1.0,1544.6,2111.6
5666,892a107626bffff,Brooklyn,BK1204,Mapleton-Midwood (West),441,1612.2,163.3,0.2032,512.7,mixed,block_group,360470530003,4,1.0,1448.9,1775.5
5667,892a107626fffff,Brooklyn,BK1403,Midwood,875,1692.1,145.7,0.2686,665.8,block_group,block_group,360470534003,6,1.0,1546.4,1837.8
5668,892a1076273ffff,Brooklyn,BK1402,Flatbush (West)-Ditmas Park-Parkville,953,1739.9,250.3,0.3186,774.6,block_group,block_group,360470532001,5,1.0,1489.6,1990.2
5669,892a1076277ffff,Brooklyn,BK1403,Midwood,908,1524.3,151.4,0.1584,401.5,block_group,block_group,360470762003,4,1.0,1372.9,1675.7
5670,892a107627bffff,Brooklyn,BK1403,Midwood,612,1830.5,179.2,0.4097,993.6,block_group,block_group,360470530002,6,1.0,1651.3,2009.7
5671,892a1076283ffff,Brooklyn,BK1702,East Flatbush-Farragut,1733,1779.6,130.2,0.3561,861.0,block_group,block_group,360470782002,4,1.0,1649.4,1909.8
5672,892a1076287ffff,Brooklyn,BK1702,East Flatbush-Farragut,683,2661.3,401.4,0.9359,2435.3,block_group,block_group,360470784001,4,1.0,2259.9,3062.7
5673,892a107628bffff,Brooklyn,BK1401,Flatbush,915,1822.3,338.8,0.401,972.9,block_group,block_group,360470788011,5,1.0,1483.5,2161.1
5674,892a107628fffff,Brooklyn,BK1702,East Flatbush-Farragut,1125,1882.2,113.6,0.4618,1124.9,block_group,block_group,360470786022,4,1.0,1768.6,1995.8
5675,892a1076293ffff,Brooklyn,BK1702,East Flatbush-Farragut,1087,1614.7,304.7,0.2047,515.5,block_group,block_group,360470830003,5,1.0,1310.0,1919.4
5676,892a1076297ffff,Brooklyn,BK1702,East Flatbush-Farragut,662,1717.0,235.7,0.2926,724.3,block_group,block_group,360470782001,4,1.0,1481.3,1952.7
5677,892a107629bffff,Brooklyn,BK1702,East Flatbush-Farragut,1162,1756.6,81.1,0.3375,812.3,block_group,block_group,360470830004,5,1.0,1675.5,1837.7
5678,892a10762a3ffff,Brooklyn,BK1801,Flatlands,1206,1897.1,175.9,0.4753,1160.8,mixed,block_group,360470776002,4,1.0,1721.2,2073.0
5679,892a10762a7ffff,Brooklyn,BK1801,Flatlands,597,2095.7,336.4,0.6677,1639.8,mixed,block_group,360470740002,4,1.0,1759.3,2432.1
5680,892a10762abffff,Brooklyn,BK1401,Flatbush,1336,1759.5,138.1,0.3404,820.0,block_group,block_group,360470774002,4,1.0,1621.4,1897.6
5681,892a10762afffff,Brooklyn,BK1801,Flatlands,609,2155.7,573.3,0.7215,1787.1,block_group,block_group,360470742001,4,1.0,1582.4,2729.0
5682,892a10762b3ffff,Brooklyn,BK1702,East Flatbush-Farragut,444,2054.8,233.4,0.6284,1542.5,mixed,block_group,360470780002,4,1.0,1821.4,2288.2
5683,892a10762b7ffff,Brooklyn,BK1801,Flatlands,353,1682.5,408.3,0.2587,644.0,mixed,tract,36047077600,4,1.0,1274.2,2090.8
5684,892a10762bbffff,Brooklyn,BK1702,East Flatbush-Farragut,1530,1847.6,166.0,0.4311,1041.2,block_group,block_group,360470776001,4,1.0,1681.6,2013.6
5685,892a10762c3ffff,Brooklyn,BK1401,Flatbush,1572,1734.9,177.1,0.315,765.8,block_group,block_group,360470516013,6,1.0,1557.8,1912.0
5686,892a10762c7ffff,Brooklyn,BK1401,Flatbush,706,1811.2,118.9,0.3915,945.7,block_group,block_group,360470770002,5,1.0,1692.3,1930.1
5687,892a10762cbffff,Brooklyn,BK1402,Flatbush (West)-Ditmas Park-Parkville,451,1716.0,85.8,0.2911,720.2,block_group,block_group,360470516011,5,1.0,1630.2,1801.8
5688,892a10762cfffff,Brooklyn,BK1401,Flatbush,1538,1643.3,85.1,0.2231,559.5,block_group,block_group,360470516011,7,1.0,1558.2,1728.4
5689,892a10762d3ffff,Brooklyn,BK1701,East Flatbush-Erasmus,1106,1758.1,218.4,0.3393,816.5,block_group,block_group,360470790022,5,1.0,1539.7,1976.5
5690,892a10762d7ffff,Brooklyn,BK1701,East Flatbush-Erasmus,1275,1705.3,99.5,0.2811,695.3,block_group,block_group,360470790023,6,1.0,1605.8,1804.8
5691,892a10762dbffff,Brooklyn,BK1401,Flatbush,1528,1901.0,119.8,0.4781,1167.7,block_group,block_group,360470516021,5,1.0,1781.2,2020.8
5692,892a1076303ffff,Brooklyn,BK1802,Marine Park-Mill Basin-Bergen Beach,379,2197.3,248.4,0.759,1877.6,mixed,tract,36047065600,5,1.0,1948.9,2445.7
5693,892a1076307ffff,Brooklyn,BK1802,Marine Park-Mill Basin-Bergen Beach,441,2268.5,252.3,0.7997,2001.5,mixed,tract,36047065600,4,1.0,2016.2,2520.8
5694,892a107630bffff,Brooklyn,BK1802,Marine Park-Mill Basin-Bergen Beach,461,2201.5,524.9,0.7629,1888.9,block_group,block_group,360470644003,3,1.0,1676.6,2726.4
5695,892a107630fffff,Brooklyn,BK1802,Marine Park-Mill Basin-Bergen Beach,356,2115.8,223.8,0.6881,1690.6,mixed,tract,36047064000,4,1.0,1892.0,2339.6
5696,892a1076313ffff,Brooklyn,BK1802,Marine Park-Mill Basin-Bergen Beach,348,2178.7,129.0,0.7411,1839.9,mixed,tract,36047064800,6,1.0,2049.7,2307.7
5697,892a1076317ffff,Brooklyn,BK1802,Marine Park-Mill Basin-Bergen Beach,401,2358.8,303.6,0.8425,2137.2,mixed,tract,36047065600,3,1.0,2055.2,2662.4
5698,892a107631bffff,Brooklyn,BK1802,Marine Park-Mill Basin-Bergen Beach,472,1451.7,166.8,0.1253,322.6,mixed,block_group,360470646002,4,1.0,1284.9,1618.5
5699,892a107632bffff,Brooklyn,BK1502,Madison,326,1768.5,361.6,0.3484,840.2,mixed,block_group,360470564001,5,1.0,1406.9,2130.1
5700,892a107632fffff,Brooklyn,BK1502,Madison,431,1621.2,203.8,0.208,524.3,mixed,tract,360470568001,3,1.0,1417.4,1825.0
5701,892a1076333ffff,Brooklyn,BK1802,Marine Park-Mill Basin-Bergen Beach,378,1614.0,123.3,0.2041,514.3,mixed,block_group,360470658001,3,1.0,1490.7,1737.3
5702,892a107633bffff,Brooklyn,BK1802,Marine Park-Mill Basin-Bergen Beach,206,1920.5,184.4,0.4965,1215.1,mixed,block_group,360470638001,2,1.0,1736.1,2104.9
5703,892a1076343ffff,Brooklyn,BK1403,Midwood,275,1720.9,598.4,0.2957,731.9,mixed,tract,36047075600,3,1.0,1122.5,2319.3
5704,892a1076347ffff,Brooklyn,BK1502,Madison,924,1727.8,220.7,0.3031,749.4,mixed,block_group,360470642001,5,1.0,1507.1,1948.5
5705,892a107634bffff,Brooklyn,BK1403,Midwood,628,1482.7,388.0,0.138,350.2,mixed,block_group,360470546003,3,1.0,1094.7,1870.7
5706,892a107634fffff,Brooklyn,BK1403,Midwood,767,1855.9,306.2,0.4395,1063.9,mixed,block_group,360470548001,6,1.0,1549.7,2162.1
5707,892a1076353ffff,Brooklyn,BK1403,Midwood,222,1626.1,463.0,0.2113,531.6,mixed,block_group,360470756001,6,1.0,1163.1,2089.1
5708,892a1076357ffff,Brooklyn,BK1802,Marine Park-Mill Basin-Bergen Beach,445,1747.9,331.7,0.3273,790.5,block_group,block_group,360470644001,4,1.0,1416.2,2079.6
5709,892a107635bffff,Brooklyn,BK1403,Midwood,206,1586.5,304.8,0.1892,475.7,mixed,tract,36047,4,1.0,1281.7,1891.3
5710,892a1076363ffff,Brooklyn,BK1502,Madison,288,2076.9,584.5,0.6478,1593.6,mixed,tract,36047054800,4,1.0,1492.4,2661.4
5711,892a1076367ffff,Brooklyn,BK1502,Madison,707,1789.3,564.0,0.3675,889.1,mixed,tract,36047056400,5,1.0,1225.3,2353.3
5712,892a107636bffff,Brooklyn,BK1502,Madison,272,1904.6,324.0,0.483,1180.1,mixed,block_group,360470550002,4,1.0,1580.6,2228.6
5713,892a107636fffff,Brooklyn,BK1502,Madison,304,1821.9,194.2,0.4005,971.7,mixed,borough,36047,3,1.0,1627.7,2016.1
5714,892a1076373ffff,Brooklyn,BK1502,Madison,366,2024.9,297.2,0.5997,1467.8,mixed,block_group,360470642001,5,1.0,1727.7,2322.1
5715,892a1076377ffff,Brooklyn,BK1502,Madison,490,1983.2,232.9,0.5654,1375.9,mixed,tract,360470638001,5,1.0,1750.3,2216.1
5716,892a107637bffff,Brooklyn,BK1502,Madison,331,2017.4,453.1,0.5919,1446.7,block_group,block_group,360470548001,4,1.0,1564.3,2470.5
5717,892a1076383ffff,Brooklyn,BK1801,Flatlands,401,2220.7,280.0,0.7763,1928.8,mixed,tract,36047067400,2,1.0,1940.7,2500.7
5718,892a1076387ffff,Brooklyn,BK1801,Flatlands,259,2388.3,569.2,0.8526,2168.9,mixed,block_group,360470682001,4,1.0,1819.1,2957.5
5719,892a107638bffff,Brooklyn,BK1801,Flatlands,343,1748.5,644.8,0.3282,792.8,mixed,tract,36047065000,4,1.0,1103.7,2393.3
5720,892a107638fffff,Brooklyn,BK1802,Marine Park-Mill Basin-Bergen Beach,218,2111.7,213.7,0.6846,1681.5,mixed,block_group,360470652001,5,1.0,1898.0,2325.4
5721,892a1076393ffff,Brooklyn,BK1801,Flatlands,331,1921.5,214.6,0.4974,1218.2,mixed,block_group,360470672001,4,1.0,1706.9,2136.1
5722,892a1076397ffff,Brooklyn,BK1801,Flatlands,356,1943.3,464.4,0.518,1268.4,block_group,block_group,360470680002,2,1.0,1478.9,2407.7
5723,892a107639bffff,Brooklyn,BK1801,Flatlands,319,2108.5,340.2,0.6816,1673.7,mixed,tract,36047067400,4,1.0,1768.3,2448.7
5724,892a10763a3ffff,Brooklyn,BK1802,Marine Park-Mill Basin-Bergen Beach,321,2302.6,928.4,0.8163,2051.1,mixed,block_group,360470662001,4,1.0,1374.2,3231.0
5725,892a10763a7ffff,Brooklyn,BK1802,Marine Park-Mill Basin-Bergen Beach,330,2231.5,879.6,0.7794,1940.1,mixed,block_group,360470662001,2,1.0,1351.9,3111.1
5726,892a10763abffff,Brooklyn,BK1802,Marine Park-Mill Basin-Bergen Beach,412,1894.2,87.7,0.4726,1152.8,mixed,tract,36047065400,5,1.0,1806.5,1981.9
5727,892a10763afffff,Brooklyn,BK1802,Marine Park-Mill Basin-Bergen Beach,442,1751.1,49.3,0.3321,799.9,mixed,borough,36047,3,1.0,1701.8,1800.4
5728,892a10763b3ffff,Brooklyn,BK1802,Marine Park-Mill Basin-Bergen Beach,443,2491.7,435.0,0.883,2269.9,mixed,block_group,360470670001,4,1.0,2056.7,2926.7
5729,892a10763b7ffff,Brooklyn,BK1802,Marine Park-Mill Basin-Bergen Beach,398,2066.1,201.3,0.6385,1569.6,block_group,block_group,360470670002,3,1.0,1864.8,2267.4
5730,892a10763bbffff,Brooklyn,BK1802,Marine Park-Mill Basin-Bergen Beach,246,2089.6,229.5,0.6608,1620.9,mixed,block_group,360470652001,4,1.0,1860.1,2319.1
5731,892a10763c3ffff,Brooklyn,BK1801,Flatlands,706,1681.5,519.7,0.2575,641.2,block_group,block_group,360470738002,5,1.0,1161.8,2201.2
5732,892a10763c7ffff,Brooklyn,BK1802,Marine Park-Mill Basin-Bergen Beach,538,1774.1,122.8,0.3513,849.1,mixed,block_group,360470648001,4,1.0,1651.3,1896.9
5733,892a10763cbffff,Brooklyn,BK1801,Flatlands,353,1221.2,520.2,0.0642,177.5,mixed,block_group,360470744002,4,1.0,701.0,1741.4
5734,892a10763cfffff,Brooklyn,BK1801,Flatlands,371,1218.8,143.1,0.0637,176.1,block_group,block_group,360470746001,4,1.0,1075.7,1361.9
5735,892a10763d3ffff,Brooklyn,BK1801,Flatlands,509,1674.2,155.9,0.2509,625.7,block_group,block_group,360470738001,5,1.0,1518.3,1830.1
5736,892a10763d7ffff,Brooklyn,BK1801,Flatlands,465,2137.7,546.6,0.7075,1745.7,mixed,block_group,360470736002,5,1.0,1591.1,2684.3
5737,892a10763dbffff,Brooklyn,BK1801,Flatlands,438,1654.5,523.6,0.2313,579.8,block_group,block_group,360470744001,4,1.0,1130.9,2178.1
5738,892a1076403ffff,Brooklyn,BK0503,East New York-New Lots,210,1640.9,567.0,0.2206,553.9,block_group,block_group,360470928002,2,1.0,1073.9,2207.9
5739,892a1076407ffff,Brooklyn,BK1803,Canarsie,141,1381.4,149.8,0.1014,266.5,block_group,block_group,360470970001,2,1.0,1231.6,1531.2
5740,892a107640bffff,Brooklyn,BK1704,East Flatbush-Remsen Village,607,1520.8,189.1,0.1573,398.3,block_group,block_group,360470928001,4,1.0,1331.7,1709.9
5741,892a107640fffff,Brooklyn,BK1803,Canarsie,52,1624.2,158.2,0.2104,529.3,block_group,block_group,360470970002,3,1.0,1466.0,1782.4
5742,892a1076413ffff,Brooklyn,BK0503,East New York-New Lots,543,1418.0,346.0,0.1115,290.3,block_group,block_group,360470922002,1,1.0,1072.0,1764.0
5743,892a1076417ffff,Brooklyn,BK0503,East New York-New Lots,4,2321.0,466.0,0.8282,2088.7,block_group,block_group,360471098002,1,1.0,1855.0,2787.0
5744,892a107641bffff,Brooklyn,BK1704,East Flatbush-Remsen Village,414,1585.6,285.2,0.1883,474.1,mixed,block_group,360470928001,5,1.0,1300.4,1870.8
5745,892a1076423ffff,Brooklyn,BK1803,Canarsie,469,1871.0,167.7,0.4529,1100.8,mixed,block_group,360470964001,5,1.0,1703.3,2038.7
5746,892a1076427ffff,Brooklyn,BK1803,Canarsie,385,1862.4,279.4,0.4457,1080.5,mixed,block_group,360470964002,4,1.0,1583.0,2141.8
5747,892a107642bffff,Brooklyn,BK1803,Canarsie,361,2083.0,442.2,0.6536,1605.3,block_group,block_group,360470962001,4,1.0,1640.8,2525.2
5748,892a107642fffff,Brooklyn,BK1803,Canarsie,466,2018.2,284.0,0.593,1449.9,block_group,block_group,360470964002,3,1.0,1734.2,2302.2
5749,892a1076433ffff,Brooklyn,BK1803,Canarsie,383,1627.3,138.5,0.2119,532.7,mixed,block_group,360470970001,6,1.0,1488.8,1765.8
5750,892a1076437ffff,Brooklyn,BK1803,Canarsie,194,1723.8,244.3,0.2991,739.5,mixed,block_group,360470968001,4,1.0,1479.5,1968.1
5751,892a107643bffff,Brooklyn,BK1803,Canarsie,495,1799.2,306.6,0.3782,912.5,block_group,block_group,360470970002,3,1.0,1492.6,2105.8
5752,892a1076443ffff,Brooklyn,BK1704,East Flatbush-Remsen Village,522,1517.1,474.5,0.1554,393.5,block_group,block_group,360470888003,6,1.0,1042.6,1991.6
5753,892a1076447ffff,Brooklyn,BK1704,East Flatbush-Remsen Village,597,1289.8,189.0,0.0788,209.4,block_group,block_group,360470934001,4,1.0,1100.8,1478.8
5754,892a107644bffff,Brooklyn,BK1703,East Flatbush-Rugby,617,1529.5,177.8,0.1591,403.7,block_group,block_group,360470864002,4,1.0,1351.7,1707.3
5755,892a107644fffff,Brooklyn,BK1703,East Flatbush-Rugby,532,1483.3,164.7,0.1384,351.2,block_group,block_group,360470936001,6,1.0,1318.6,1648.0
5756,892a1076453ffff,Brooklyn,BK1704,East Flatbush-Remsen Village,1466,1522.3,360.2,0.1577,399.4,block_group,block_group,360470890004,5,1.0,1162.1,1882.5
5757,892a1076457ffff,Brooklyn,BK1704,East Flatbush-Remsen Village,606,1602.4,422.6,0.1981,500.0,block_group,block_group,360470888002,6,1.0,1179.8,2025.0
5758,892a107645bffff,Brooklyn,BK1704,East Flatbush-Remsen Village,1038,1597.9,204.9,0.1957,493.3,block_group,block_group,360470886003,3,1.0,1393.0,1802.8
5759,892a1076463ffff,Brooklyn,BK1803,Canarsie,202,1805.4,401.4,0.3857,931.2,block_group,block_group,360470934002,2,1.0,1404.0,2206.8
5760,892a1076467ffff,Brooklyn,BK1803,Canarsie,83,1642.0,594.0,0.2219,556.7,block_group,block_group,360470958001,1,1.0,1048.0,2236.0
5761,892a107646bffff,Brooklyn,BK1703,East Flatbush-Rugby,372,1703.0,249.7,0.2786,688.9,mixed,tract,36047094600,3,1.0,1453.3,1952.7
5762,892a107646fffff,Brooklyn,BK1803,Canarsie,1,1839.0,212.0,0.4218,1017.3,block_group,block_group,360470944013,1,1.0,1627.0,2051.0
5763,892a1076473ffff,Brooklyn,BK1704,East Flatbush-Remsen Village,409,1657.4,78.1,0.234,587.1,block_group,block_group,360470930002,3,1.0,1579.3,1735.5
5764,892a1076477ffff,Brooklyn,BK1803,Canarsie,6,2417.0,688.0,0.8634,2201.4,block_group,block_group,360470962001,1,1.0,1729.0,3105.0
5765,892a107647bffff,Brooklyn,BK1704,East Flatbush-Remsen Village,460,1670.4,272.5,0.2483,618.9,block_group,block_group,360470934002,5,1.0,1397.9,1942.9
5766,892a1076483ffff,Brooklyn,BK1602,Brownsville,777,1728.1,410.7,0.3036,750.6,mixed,block_group,360470920003,3,1.0,1317.4,2138.8
5767,892a1076487ffff,Brooklyn,BK0503,East New York-New Lots,39,1935.0,464.0,0.5081,1248.3,block_group,block_group,360471098005,1,1.0,1471.0,2399.0
5768,892a107648bffff,Brooklyn,BK1602,Brownsville,1059,1319.8,449.4,0.0859,227.3,mixed,block_group,360470920002,5,1.0,870.4,1769.2
5769,892a107648fffff,Brooklyn,BK0503,East New York-New Lots,60,1476.3,1386.5,0.1359,344.4,block_group,block_group,360470922001,2,1.0,89.8,2862.8
5770,892a1076493ffff,Brooklyn,BK0503,East New York-New Lots,444,1240.6,298.1,0.0677,185.5,block_group,block_group,360471132001,3,1.0,942.5,1538.7
5771,892a1076497ffff,Brooklyn,BK0503,East New York-New Lots,642,1788.1,360.0,0.3653,883.7,block_group,block_group,360471098005,4,1.0,1428.1,2148.1
5772,892a107649bffff,Brooklyn,BK1602,Brownsville,363,1457.2,298.9,0.127,325.7,mixed,block_group,360470920003,3,1.0,1158.3,1756.1
5773,892a10764a3ffff,Brooklyn,BK1803,Canarsie,173,1832.4,224.0,0.4114,998.4,block_group,block_group,360470974001,2,1.0,1608.4,2056.4
5774,892a10764a7ffff,Brooklyn,BK1803,Canarsie,724,1420.3,116.6,0.1129,292.8,block_group,block_group,360470986001,3,1.0,1303.7,1536.9
5775,892a10764abffff,Brooklyn,BK0503,East New York-New Lots,130,2306.3,451.7,0.8187,2059.1,block_group,block_group,360471098002,2,1.0,1854.6,2758.0
5776,892a10764afffff,Brooklyn,BK1803,Canarsie,197,1722.8,283.5,0.297,735.4,block_group,block_group,360470974002,2,1.0,1439.3,2006.3
5777,892a10764b3ffff,Brooklyn,BK0503,East New York-New Lots,939,694.8,99.2,0.0114,69.1,block_group,block_group,360470982002,2,1.0,595.6,794.0
5778,892a10764b7ffff,Brooklyn,BK1803,Canarsie,446,753.7,92.3,0.0139,74.3,block_group,block_group,360470982001,3,1.0,661.4,846.0
5780,892a10764c3ffff,Brooklyn,BK1602,Brownsville,889,1274.5,221.3,0.0749,200.2,block_group,block_group,360470896001,6,1.0,1053.2,1495.8
5781,892a10764c7ffff,Brooklyn,BK1602,Brownsville,1132,1447.8,269.2,0.1232,317.9,block_group,block_group,360470916004,4,1.0,1178.6,1717.0
5782,892a10764cbffff,Brooklyn,BK1602,Brownsville,1019,1716.9,213.4,0.2923,723.7,mixed,block_group,360470890002,7,1.0,1503.5,1930.3
5783,892a10764cfffff,Brooklyn,BK1704,East Flatbush-Remsen Village,1337,1376.2,274.3,0.1003,263.5,mixed,block_group,360470896003,6,1.0,1101.9,1650.5
5784,892a10764d3ffff,Brooklyn,BK1602,Brownsville,1382,974.4,465.8,0.0308,108.9,block_group,block_group,360470916001,3,1.0,508.6,1440.2
5785,892a10764d7ffff,Brooklyn,BK1602,Brownsville,1043,909.7,240.2,0.0249,96.0,mixed,block_group,360470916002,6,1.0,669.5,1149.9
5786,892a10764dbffff,Brooklyn,BK1602,Brownsville,566,1370.7,226.2,0.0985,258.5,mixed,block_group,360470898002,4,1.0,1144.5,1596.9
5787,892a1076503ffff,Brooklyn,BK1803,Canarsie,506,1951.9,181.1,0.5266,1288.5,block_group,block_group,360471024001,3,1.0,1770.8,2133.0
5788,892a107650bffff,Brooklyn,BK1803,Canarsie,480,1967.2,245.4,0.551,1335.9,block_group,block_group,360471008002,5,1.0,1721.8,2212.6
5789,892a107650fffff,Brooklyn,BK1803,Canarsie,386,2179.5,190.9,0.7424,1843.2,block_group,block_group,360471026001,2,1.0,1988.6,2370.4
5790,892a1076513ffff,Brooklyn,BK1803,Canarsie,422,1637.4,190.6,0.2187,548.3,block_group,block_group,360471022001,3,1.0,1446.8,1828.0
5791,892a1076517ffff,Brooklyn,BK1803,Canarsie,116,1988.6,95.5,0.5685,1384.8,block_group,block_group,360471024001,2,1.0,1893.1,2084.1
5792,892a107651bffff,Brooklyn,BK1803,Canarsie,493,1412.8,337.6,0.1105,287.7,mixed,tract,36047101000,3,1.0,1075.2,1750.4
5793,892a1076543ffff,Brooklyn,BK1803,Canarsie,290,1848.4,198.7,0.4321,1044.2,block_group,block_group,360470994001,2,1.0,1649.7,2047.1
5794,892a1076547ffff,Brooklyn,BK1803,Canarsie,532,1880.6,316.6,0.4603,1120.5,block_group,block_group,360471006001,5,1.0,1564.0,2197.2
5795,892a107654bffff,Brooklyn,BK1803,Canarsie,601,1560.9,243.2,0.1736,440.3,block_group,block_group,360470956002,3,1.0,1317.7,1804.1
5796,892a107654fffff,Brooklyn,BK1803,Canarsie,659,2023.0,199.0,0.5986,1464.0,block_group,block_group,360470996002,4,1.0,1824.0,2222.0
5797,892a1076553ffff,Brooklyn,BK1803,Canarsie,428,1783.3,120.5,0.3606,871.8,block_group,block_group,360470992001,5,1.0,1662.8,1903.8
5798,892a1076557ffff,Brooklyn,BK1803,Canarsie,463,1933.1,169.0,0.5064,1243.9,block_group,block_group,360470992001,4,1.0,1764.1,2102.1
5799,892a107655bffff,Brooklyn,BK1803,Canarsie,530,1575.7,130.4,0.1819,459.3,block_group,block_group,360470956002,5,1.0,1445.3,1706.1
5800,892a1076563ffff,Brooklyn,BK1803,Canarsie,604,1879.5,96.2,0.4591,1118.1,block_group,block_group,360470998002,3,1.0,1783.3,1975.7
5801,892a107656bffff,Brooklyn,BK1803,Canarsie,124,1750.0,80.0,0.3303,797.0,block_group,block_group,360470998002,1,1.0,1670.0,1830.0
5802,892a1076573ffff,Brooklyn,BK1803,Canarsie,709,2112.8,194.4,0.6857,1684.8,block_group,block_group,360471006002,3,1.0,1918.4,2307.2
5803,892a107657bffff,Brooklyn,BK1803,Canarsie,814,1844.1,207.8,0.4271,1032.0,block_group,block_group,360471004001,2,1.0,1636.3,2051.9
5804,892a1076583ffff,Brooklyn,BK1803,Canarsie,344,1796.2,266.1,0.3749,905.3,block_group,block_group,360471020001,2,1.0,1530.1,2062.3
5805,892a107658bffff,Brooklyn,BK1803,Canarsie,321,1855.4,150.1,0.4388,1061.4,mixed,block_group,360471022001,4,1.0,1705.3,2005.5
5806,892a107658fffff,Brooklyn,BK1803,Canarsie,499,1851.3,179.9,0.4342,1051.0,block_group,block_group,360471022001,2,1.0,1671.4,2031.2
5807,892a1076593ffff,Brooklyn,BK1803,Canarsie,166,1558.0,362.0,0.1719,435.4,block_group,block_group,360471018001,1,1.0,1196.0,1920.0
5808,892a107659bffff,Brooklyn,BK1803,Canarsie,336,1726.8,674.5,0.3025,747.6,mixed,block_group,360471016001,4,1.0,1052.3,2401.3
5809,892a10765abffff,Brooklyn,BK1803,Canarsie,180,1512.0,280.0,0.1524,386.6,block_group,block_group,360471028011,1,1.0,1232.0,1792.0
5810,892a10765bbffff,Brooklyn,BK1803,Canarsie,1610,444.0,87.0,0.002,52.2,block_group,block_group,360471034011,1,1.0,357.0,531.0
5811,892a10765c3ffff,Brooklyn,BK1803,Canarsie,709,1825.1,238.0,0.404,979.0,block_group,block_group,360470988002,3,1.0,1587.1,2063.1
5812,892a10765c7ffff,Brooklyn,BK1803,Canarsie,388,1654.1,131.8,0.2307,578.7,mixed,tract,36047101200,4,1.0,1522.3,1785.9
5813,892a10765cbffff,Brooklyn,BK1803,Canarsie,268,2036.0,250.9,0.6103,1497.4,block_group,block_group,360470966002,3,1.0,1785.1,2286.9
5814,892a10765cfffff,Brooklyn,BK1803,Canarsie,337,1901.6,297.3,0.479,1170.2,mixed,block_group,360470990001,3,1.0,1604.3,2198.9
5815,892a10765d3ffff,Brooklyn,BK1803,Canarsie,503,1820.4,143.9,0.3992,968.1,block_group,block_group,360470986002,4,1.0,1676.5,1964.3
5816,892a10765d7ffff,Brooklyn,BK1803,Canarsie,619,1812.6,129.3,0.3932,950.5,mixed,block_group,360471014001,4,1.0,1683.3,1941.9
5817,892a10765dbffff,Brooklyn,BK1803,Canarsie,550,1844.6,213.9,0.4276,1033.2,block_group,block_group,360470988001,4,1.0,1630.7,2058.5
5818,892a1076603ffff,Brooklyn,BK1703,East Flatbush-Rugby,509,1696.6,220.3,0.2724,676.2,block_group,block_group,360470858002,5,1.0,1476.3,1916.9
5819,892a107660bffff,Brooklyn,BK1701,East Flatbush-Erasmus,849,1472.7,207.4,0.1346,341.3,block_group,block_group,360470856001,4,1.0,1265.3,1680.1
5820,892a1076613ffff,Brooklyn,BK1703,East Flatbush-Rugby,673,1753.7,266.4,0.3357,807.6,mixed,block_group,360470872002,5,1.0,1487.3,2020.1
5821,892a1076617ffff,Brooklyn,BK1703,East Flatbush-Rugby,834,1678.5,246.7,0.254,634.9,block_group,block_group,360470860003,5,1.0,1431.8,1925.2
5822,892a107661bffff,Brooklyn,BK1703,East Flatbush-Rugby,660,1657.0,311.0,0.2334,585.4,block_group,block_group,360470814002,4,1.0,1346.0,1968.0
5823,892a1076623ffff,Brooklyn,BK1702,East Flatbush-Farragut,478,1665.7,111.8,0.2436,609.2,mixed,block_group,360470838001,6,1.0,1553.9,1777.5
5824,892a1076627ffff,Brooklyn,BK1702,East Flatbush-Farragut,448,1428.6,147.8,0.1167,301.0,mixed,block_group,360470838002,5,1.0,1280.8,1576.4
5825,892a107662bffff,Brooklyn,BK1702,East Flatbush-Farragut,567,1877.5,145.7,0.4584,1115.6,block_group,block_group,360470832001,4,1.0,1731.8,2023.2
5826,892a107662fffff,Brooklyn,BK1702,East Flatbush-Farragut,457,2076.7,75.8,0.6477,1593.0,mixed,tract,36047083400,6,1.0,2000.9,2152.5
5827,892a1076637ffff,Brooklyn,BK1702,East Flatbush-Farragut,491,1836.4,641.5,0.4181,1008.8,block_group,block_group,360470840001,4,1.0,1194.9,2477.9
5828,892a1076643ffff,Brooklyn,BK1701,East Flatbush-Erasmus,2449,2001.8,190.7,0.578,1412.8,block_group,block_group,360470818001,5,1.0,1811.1,2192.5
5829,892a1076647ffff,Brooklyn,BK1701,East Flatbush-Erasmus,986,1705.8,271.6,0.2816,697.0,block_group,block_group,360470824001,8,1.0,1434.2,1977.4
5830,892a107664bffff,Brooklyn,BK1701,East Flatbush-Erasmus,2365,1829.4,217.9,0.4088,991.1,block_group,block_group,360470822003,6,1.0,1611.5,2047.3
5831,892a107664fffff,Brooklyn,BK1701,East Flatbush-Erasmus,1039,1832.6,183.4,0.412,999.7,block_group,block_group,360470824004,5,1.0,1649.2,2016.0
5832,892a1076653ffff,Brooklyn,BK0902,Prospect Lefferts Gardens-Wingate,950,2060.8,260.6,0.6343,1557.3,block_group,block_group,360470818001,2,1.0,1800.2,2321.4
5833,892a1076657ffff,Brooklyn,BK1701,East Flatbush-Erasmus,797,1649.1,180.5,0.2275,570.8,block_group,block_group,360470816001,5,1.0,1468.6,1829.6
5834,892a107665bffff,Brooklyn,BK1701,East Flatbush-Erasmus,1598,1554.9,116.7,0.1712,433.3,block_group,block_group,360470820001,4,1.0,1438.2,1671.6
5835,892a1076663ffff,Brooklyn,BK1701,East Flatbush-Erasmus,1076,1603.6,117.2,0.1992,502.2,block_group,block_group,360470826001,7,1.0,1486.4,1720.8
5836,892a1076667ffff,Brooklyn,BK1702,East Flatbush-Farragut,789,1658.4,116.6,0.2349,589.4,block_group,block_group,360470830001,5,1.0,1541.8,1775.0
5837,892a107666bffff,Brooklyn,BK1701,East Flatbush-Erasmus,1237,1876.7,127.6,0.4573,1112.5,block_group,block_group,360470792021,4,1.0,1749.1,2004.3
5838,892a107666fffff,Brooklyn,BK1701,East Flatbush-Erasmus,1326,1828.3,143.8,0.4079,988.1,block_group,block_group,360470828003,5,1.0,1684.5,1972.1
5839,892a1076673ffff,Brooklyn,BK1701,East Flatbush-Erasmus,1110,1816.0,174.3,0.3953,956.0,block_group,block_group,360470856002,6,1.0,1641.7,1990.3
5840,892a1076677ffff,Brooklyn,BK1702,East Flatbush-Farragut,475,1485.0,115.3,0.14,354.9,block_group,block_group,360470854001,3,1.0,1369.7,1600.3
5841,892a107667bffff,Brooklyn,BK1701,East Flatbush-Erasmus,1373,1768.3,300.5,0.3482,839.6,block_group,block_group,360470824003,5,1.0,1467.8,2068.8
5842,892a1076683ffff,Brooklyn,BK1703,East Flatbush-Rugby,595,1599.6,156.5,0.1965,495.5,block_group,block_group,360470868001,5,1.0,1443.1,1756.1
5843,892a1076687ffff,Brooklyn,BK1703,East Flatbush-Rugby,762,1499.3,235.4,0.1459,369.6,block_group,block_group,360470868003,4,1.0,1263.9,1734.7
5844,892a107668bffff,Brooklyn,BK1703,East Flatbush-Rugby,408,1553.5,357.5,0.1708,432.2,mixed,block_group,360470870003,4,1.0,1196.0,1911.0
5845,892a107668fffff,Brooklyn,BK1703,East Flatbush-Rugby,738,1629.7,125.7,0.2136,537.2,block_group,block_group,360470870002,6,1.0,1504.0,1755.4
5846,892a1076693ffff,Brooklyn,BK1703,East Flatbush-Rugby,846,1733.0,353.2,0.3114,761.1,block_group,block_group,360470878003,4,1.0,1379.8,2086.2
5847,892a1076697ffff,Brooklyn,BK1703,East Flatbush-Rugby,908,1683.5,306.7,0.26,646.9,block_group,block_group,360470866002,9,1.0,1376.8,1990.2
5848,892a107669bffff,Brooklyn,BK1703,East Flatbush-Rugby,180,1934.4,244.9,0.5074,1246.4,mixed,block_group,360470876002,2,1.0,1689.5,2179.3
5849,892a10766a3ffff,Brooklyn,BK1703,East Flatbush-Rugby,580,1794.6,127.1,0.3725,899.9,block_group,block_group,360470862002,4,1.0,1667.5,1921.7
5850,892a10766a7ffff,Brooklyn,BK1703,East Flatbush-Rugby,501,1644.5,174.5,0.2242,562.3,mixed,block_group,360470848002,5,1.0,1470.0,1819.0
5851,892a10766abffff,Brooklyn,BK1703,East Flatbush-Rugby,365,2020.6,490.6,0.5964,1457.6,block_group,block_group,360470860002,4,1.0,1530.0,2511.2
5852,892a10766afffff,Brooklyn,BK1703,East Flatbush-Rugby,313,2597.0,612.1,0.916,2373.6,block_group,block_group,360470850001,4,1.0,1984.9,3209.1
5853,892a10766b3ffff,Brooklyn,BK1703,East Flatbush-Rugby,885,1719.9,150.8,0.2951,730.1,block_group,block_group,360470938001,7,1.0,1569.1,1870.7
5854,892a10766b7ffff,Brooklyn,BK1703,East Flatbush-Rugby,412,1505.2,405.1,0.1487,377.1,mixed,block_group,360470938002,3,1.0,1100.1,1910.3
5855,892a10766bbffff,Brooklyn,BK1703,East Flatbush-Rugby,772,1662.0,170.8,0.2389,596.8,block_group,block_group,360470862003,7,1.0,1491.2,1832.8
5856,892a10766c3ffff,Brooklyn,BK0902,Prospect Lefferts Gardens-Wingate,321,1195.2,382.1,0.059,166.3,block_group,block_group,360470808001,2,1.0,813.1,1577.3
5857,892a10766c7ffff,Brooklyn,BK1703,East Flatbush-Rugby,526,1448.0,327.6,0.1234,318.5,mixed,block_group,360470808001,3,1.0,1120.4,1775.6
5858,892a10766cbffff,Brooklyn,BK0902,Prospect Lefferts Gardens-Wingate,753,1901.8,779.8,0.4792,1170.8,block_group,block_group,360470810002,4,1.0,1122.0,2681.6
5859,892a10766cfffff,Brooklyn,BK0902,Prospect Lefferts Gardens-Wingate,97,1530.9,262.7,0.1595,404.7,block_group,block_group,360470816001,2,1.0,1268.2,1793.6
5860,892a10766d3ffff,Brooklyn,BK0902,Prospect Lefferts Gardens-Wingate,977,1057.2,193.7,0.037,123.1,block_group,block_group,360470874011,4,1.0,863.5,1250.9
5861,892a10766d7ffff,Brooklyn,BK0902,Prospect Lefferts Gardens-Wingate,931,1599.5,131.8,0.1963,495.0,block_group,block_group,360470874012,3,1.0,1467.7,1731.3
5862,892a10766dbffff,Brooklyn,BK0902,Prospect Lefferts Gardens-Wingate,1044,1951.3,182.2,0.5264,1287.9,block_group,block_group,360470806002,3,1.0,1769.1,2133.5
5869,892a1076a0bffff,Brooklyn,BK1503,Sheepshead Bay-Manhattan Beach-Gerritsen Beach,2,1723.0,835.0,0.2975,736.0,tract,tract,36047062000,1,1.0,888.0,2558.0
5870,892a1076a13ffff,Brooklyn,BK1503,Sheepshead Bay-Manhattan Beach-Gerritsen Beach,44,1218.0,886.0,0.0633,175.2,block_group,block_group,360470616001,1,1.0,332.0,2104.0
5872,892a1076a1bffff,Brooklyn,BK1503,Sheepshead Bay-Manhattan Beach-Gerritsen Beach,340,1281.9,781.1,0.0768,204.6,mixed,block_group,360470616001,2,1.0,500.8,2063.0
5873,892a1076a43ffff,Brooklyn,BK1503,Sheepshead Bay-Manhattan Beach-Gerritsen Beach,217,1863.2,392.4,0.446,1081.1,mixed,block_group,360470620001,3,1.0,1470.8,2255.6
5874,892a1076a47ffff,Brooklyn,BK1503,Sheepshead Bay-Manhattan Beach-Gerritsen Beach,11,1723.0,835.0,0.2975,736.0,tract,tract,36047062000,1,1.0,888.0,2558.0
5875,892a1076a4bffff,Brooklyn,BK1503,Sheepshead Bay-Manhattan Beach-Gerritsen Beach,266,1885.1,492.1,0.4639,1130.4,block_group,block_group,360470620001,2,1.0,1393.0,2377.2
5876,892a1076a4fffff,Brooklyn,BK1503,Sheepshead Bay-Manhattan Beach-Gerritsen Beach,226,1396.8,644.2,0.1064,278.1,block_group,block_group,360470616001,2,1.0,752.6,2041.0
5877,892a1076a57ffff,Brooklyn,BK1503,Sheepshead Bay-Manhattan Beach-Gerritsen Beach,194,1729.0,822.1,0.3046,752.9,mixed,tract,36047062000,2,1.0,906.9,2551.1
5878,892a1076a5bffff,Brooklyn,BK1503,Sheepshead Bay-Manhattan Beach-Gerritsen Beach,93,2108.0,219.0,0.681,1671.7,block_group,block_group,360470612001,1,1.0,1889.0,2327.0
5879,892a1076a9bffff,Brooklyn,BK1503,Sheepshead Bay-Manhattan Beach-Gerritsen Beach,172,2086.0,254.0,0.6585,1614.4,block_group,block_group,360470622001,1,1.0,1832.0,2340.0
5880,892a1076ac3ffff,Brooklyn,BK1503,Sheepshead Bay-Manhattan Beach-Gerritsen Beach,434,1975.6,313.1,0.5585,1354.9,block_group,block_group,360470622002,4,1.0,1662.5,2288.7
5881,892a1076acbffff,Brooklyn,BK1503,Sheepshead Bay-Manhattan Beach-Gerritsen Beach,489,2007.8,193.4,0.5838,1425.6,block_group,block_group,360470608001,3,1.0,1814.4,2201.2
5882,892a1076ad3ffff,Brooklyn,BK1503,Sheepshead Bay-Manhattan Beach-Gerritsen Beach,549,1963.2,479.3,0.5472,1323.9,block_group,block_group,360470598001,2,1.0,1483.9,2442.5
5883,892a1076ad7ffff,Brooklyn,BK1503,Sheepshead Bay-Manhattan Beach-Gerritsen Beach,877,2018.0,244.7,0.5927,1449.2,block_group,block_group,360470622001,2,1.0,1773.3,2262.7
5884,892a1076adbffff,Brooklyn,BK1503,Sheepshead Bay-Manhattan Beach-Gerritsen Beach,587,1846.9,681.6,0.4299,1038.7,block_group,block_group,360470600001,4,1.0,1165.3,2528.5
5888,892a1076b0fffff,Queens,QN1403,Breezy Point-Belle Harbor-Rockaway Park-Broad Channel,1887,1956.0,10.0,0.5358,1303.6,borough,borough,36081,1,1.0,1946.0,1966.0
5889,892a1076b13ffff,Queens,QN1403,Breezy Point-Belle Harbor-Rockaway Park-Broad Channel,539,1956.0,10.0,0.5358,1303.6,borough,borough,36081,1,1.0,1946.0,1966.0
5899,892a1076da7ffff,Queens,QN1403,Breezy Point-Belle Harbor-Rockaway Park-Broad Channel,104,2372.0,564.0,0.8474,2152.7,tract,tract,36081092200,1,1.0,1808.0,2936.0
5900,892a1076db7ffff,Queens,QN1403,Breezy Point-Belle Harbor-Rockaway Park-Broad Channel,95,2275.4,286.5,0.8033,2010.9,mixed,block_group,360810922001,2,1.0,1988.9,2561.9
5901,892a1076e23ffff,Brooklyn,BK1503,Sheepshead Bay-Manhattan Beach-Gerritsen Beach,171,1729.0,552.0,0.3046,752.9,tract,tract,36047062800,1,1.0,1177.0,2281.0
5902,892a1076e2bffff,Brooklyn,BK1503,Sheepshead Bay-Manhattan Beach-Gerritsen Beach,335,1729.0,552.0,0.3046,752.9,tract,tract,36047062800,1,1.0,1177.0,2281.0
5903,892a1076e43ffff,Brooklyn,BK1503,Sheepshead Bay-Manhattan Beach-Gerritsen Beach,574,2477.1,1271.1,0.8797,2257.7,mixed,tract,36047057000,3,1.0,1206.0,3748.2
5904,892a1076e47ffff,Brooklyn,BK1503,Sheepshead Bay-Manhattan Beach-Gerritsen Beach,311,2126.7,644.7,0.6984,1718.8,block_group,block_group,360470628002,2,1.0,1482.0,2771.4
5905,892a1076e4bffff,Brooklyn,BK1503,Sheepshead Bay-Manhattan Beach-Gerritsen Beach,944,1462.7,631.9,0.1313,333.5,mixed,block_group,360470572001,2,1.0,830.8,2094.6
5906,892a1076e4fffff,Brooklyn,BK1503,Sheepshead Bay-Manhattan Beach-Gerritsen Beach,894,1143.4,216.4,0.0494,143.5,block_group,block_group,360470572001,3,1.0,927.0,1359.8
5907,892a1076e5bffff,Brooklyn,BK1503,Sheepshead Bay-Manhattan Beach-Gerritsen Beach,545,2089.0,946.5,0.6605,1619.6,mixed,tract,36047057000,4,1.0,1142.5,3035.5
5908,892a1076e63ffff,Brooklyn,BK1503,Sheepshead Bay-Manhattan Beach-Gerritsen Beach,80,1419.0,307.0,0.112,291.3,block_group,block_group,360470628001,1,1.0,1112.0,1726.0
5909,892a1076e6bffff,Brooklyn,BK1503,Sheepshead Bay-Manhattan Beach-Gerritsen Beach,183,1826.5,165.1,0.4056,983.2,block_group,block_group,360470626002,2,1.0,1661.4,1991.6
5910,892a1076e6fffff,Brooklyn,BK1503,Sheepshead Bay-Manhattan Beach-Gerritsen Beach,306,1847.0,816.0,0.4302,1039.3,block_group,block_group,360470598002,1,1.0,1031.0,2663.0
5911,892a1076e73ffff,Brooklyn,BK1503,Sheepshead Bay-Manhattan Beach-Gerritsen Beach,261,1731.0,347.4,0.3074,755.8,block_group,block_group,360470628001,2,1.0,1383.6,2078.4
5912,892a1076e77ffff,Brooklyn,BK1503,Sheepshead Bay-Manhattan Beach-Gerritsen Beach,293,1531.2,279.8,0.1597,405.3,mixed,block_group,360470628001,2,1.0,1251.4,1811.0
5913,892a1076e7bffff,Brooklyn,BK1503,Sheepshead Bay-Manhattan Beach-Gerritsen Beach,159,1742.0,110.0,0.3204,778.1,block_group,block_group,360470626002,1,1.0,1632.0,1852.0
5914,892a1076e93ffff,Brooklyn,BK1802,Marine Park-Mill Basin-Bergen Beach,142,1463.0,739.0,0.1318,334.5,block_group,block_group,360470702015,1,1.0,724.0,2202.0
5915,892a1077003ffff,Brooklyn,BK0703,Sunset Park (Central),218,1936.2,204.9,0.5091,1251.4,block_group,block_group,360470090011,2,1.0,1731.3,2141.1
5916,892a1077007ffff,Brooklyn,BK1201,Sunset Park (East)-Borough Park (West),640,1769.7,383.6,0.3491,842.6,block_group,block_group,360470090021,4,1.0,1386.1,2153.3
5917,892a107700bffff,Brooklyn,BK0703,Sunset Park (Central),753,2002.3,178.8,0.5786,1414.1,block_group,block_group,360470088001,2,1.0,1823.5,2181.1
5918,892a107700fffff,Brooklyn,BK0703,Sunset Park (Central),1020,2107.2,388.6,0.6803,1669.7,block_group,block_group,360470092012,6,1.0,1718.6,2495.8
5919,892a107701bffff,Brooklyn,BK0703,Sunset Park (Central),67,2092.0,227.0,0.6636,1627.4,block_group,block_group,360470088001,1,1.0,1865.0,2319.0
5920,892a1077023ffff,Brooklyn,BK1201,Sunset Park (East)-Borough Park (West),1118,1607.4,204.4,0.2013,508.3,mixed,block_group,36047011200,6,1.0,1403.0,1811.8
5921,892a1077027ffff,Brooklyn,BK1202,Borough Park,892,1656.4,585.1,0.233,584.3,block_group,block_group,360470222003,4,1.0,1071.3,2241.5
5922,892a107702bffff,Brooklyn,BK1201,Sunset Park (East)-Borough Park (West),1038,1784.2,121.8,0.3615,874.2,mixed,block_group,360470094022,6,1.0,1662.4,1906.0
5923,892a107702fffff,Brooklyn,BK1201,Sunset Park (East)-Borough Park (West),793,1737.7,222.9,0.3178,772.3,mixed,block_group,36047011400,6,1.0,1514.8,1960.6
5924,892a1077033ffff,Brooklyn,BK1201,Sunset Park (East)-Borough Park (West),1217,1541.4,584.5,0.1647,417.1,block_group,block_group,360470112001,4,1.0,956.9,2125.9
5925,892a1077037ffff,Brooklyn,BK1202,Borough Park,892,1848.1,529.0,0.4315,1042.4,block_group,block_group,360470224003,5,1.0,1319.1,2377.1
5926,892a107703bffff,Brooklyn,BK1201,Sunset Park (East)-Borough Park (West),1622,1688.1,214.3,0.2635,656.6,block_group,block_group,360470092021,7,1.0,1473.8,1902.4
5927,892a1077043ffff,Brooklyn,BK0702,Sunset Park (West),641,1711.5,438.3,0.2867,709.2,block_group,block_group,360470082003,5,1.0,1273.2,2149.8
5928,892a1077047ffff,Brooklyn,BK0702,Sunset Park (West),1009,1801.7,162.4,0.3823,922.8,block_group,block_group,360470082002,4,1.0,1639.3,1964.1
5929,892a107704bffff,Brooklyn,BK0702,Sunset Park (West),175,2006.0,267.0,0.5822,1421.7,block_group,block_group,360470002001,1,1.0,1739.0,2273.0
5930,892a107704fffff,Brooklyn,BK0702,Sunset Park (West),733,1817.4,160.2,0.3965,959.6,mixed,tract,36047008000,6,1.0,1657.2,1977.6
5931,892a1077053ffff,Brooklyn,BK0702,Sunset Park (West),209,1936.1,103.9,0.5089,1250.8,block_group,block_group,360470084002,3,1.0,1832.2,2040.0
5932,892a1077057ffff,Brooklyn,BK0702,Sunset Park (West),795,2223.0,108.3,0.7768,1930.8,block_group,block_group,360470082001,3,1.0,2114.7,2331.3
5933,892a107705bffff,Brooklyn,BK0702,Sunset Park (West),19,2006.0,267.0,0.5822,1421.7,block_group,block_group,360470002001,1,1.0,1739.0,2273.0
5934,892a1077063ffff,Brooklyn,BK0703,Sunset Park (Central),1181,1764.7,150.6,0.3458,832.5,block_group,block_group,360470098003,6,1.0,1614.1,1915.3
5935,892a1077067ffff,Brooklyn,BK0703,Sunset Park (Central),1112,1519.4,164.2,0.1568,396.7,block_group,block_group,360470108012,7,1.0,1355.2,1683.6
5936,892a107706bffff,Brooklyn,BK0703,Sunset Park (Central),1119,1799.7,245.5,0.379,914.3,block_group,block_group,360470100004,7,1.0,1554.2,2045.2
5937,892a107706fffff,Brooklyn,BK0703,Sunset Park (Central),1194,1965.3,348.0,0.5493,1331.5,block_group,block_group,360470100001,7,1.0,1617.3,2313.3
5938,892a1077073ffff,Brooklyn,BK0703,Sunset Park (Central),1031,2029.7,249.5,0.6049,1480.7,block_group,block_group,360470096001,4,1.0,1780.2,2279.2
5939,892a1077077ffff,Brooklyn,BK0703,Sunset Park (Central),1012,1623.7,368.7,0.2099,528.2,block_group,block_group,360470094011,6,1.0,1255.0,1992.4
5940,892a107707bffff,Brooklyn,BK0702,Sunset Park (West),1134,1839.8,184.6,0.4222,1018.6,block_group,block_group,360470080002,6,1.0,1655.2,2024.4
5941,892a10770a7ffff,Brooklyn,BK1203,Kensington,543,2003.0,456.8,0.579,1414.7,block_group,block_group,360470498003,5,1.0,1546.2,2459.8
5942,892a10770afffff,Brooklyn,BK1201,Sunset Park (East)-Borough Park (West),395,1958.0,274.3,0.5413,1308.7,block_group,block_group,360470226002,4,1.0,1683.7,2232.3
5943,892a10770c3ffff,Brooklyn,BK0702,Sunset Park (West),798,2354.3,335.3,0.8406,2130.4,block_group,block_group,360470101002,5,1.0,2019.0,2689.6
5944,892a10770cbffff,Brooklyn,BK0702,Sunset Park (West),113,1701.9,118.4,0.2777,687.2,block_group,block_group,360470084003,2,1.0,1583.5,1820.3
5945,892a10770cfffff,Brooklyn,BK0702,Sunset Park (West),518,2128.6,503.4,0.7003,1724.7,block_group,block_group,360470084001,3,1.0,1625.2,2632.0
5946,892a10770d3ffff,Brooklyn,BK0702,Sunset Park (West),586,2295.2,660.7,0.8127,2039.0,block_group,block_group,360470101001,2,1.0,1634.5,2955.9
5947,892a10770dbffff,Brooklyn,BK0702,Sunset Park (West),89,2373.0,1238.1,0.8477,2154.1,block_group,block_group,360470101003,2,1.0,1134.9,3611.1
5948,892a1077103ffff,Brooklyn,BK1202,Borough Park,562,1695.2,204.8,0.271,672.2,mixed,tract,36047047600,6,1.0,1490.4,1900.0
5949,892a1077107ffff,Brooklyn,BK1202,Borough Park,567,1825.1,314.5,0.404,979.0,block_group,block_group,360470474001,4,1.0,1510.6,2139.6
5950,892a107710bffff,Brooklyn,BK1202,Borough Park,1044,1802.9,144.9,0.3834,925.8,block_group,block_group,360470236001,8,1.0,1658.0,1947.8
5951,892a107710fffff,Brooklyn,BK1202,Borough Park,474,1754.0,737.9,0.3359,808.2,block_group,block_group,360470472003,4,1.0,1016.1,2491.9
5952,892a1077113ffff,Brooklyn,BK1202,Borough Park,811,1917.0,110.4,0.4943,1208.2,mixed,block_group,360470478003,5,1.0,1806.6,2027.4
5953,892a1077117ffff,Brooklyn,BK1202,Borough Park,673,1955.1,178.2,0.5304,1300.5,mixed,block_group,360470478002,5,1.0,1776.9,2133.3
5954,892a107711bffff,Brooklyn,BK1202,Borough Park,768,1700.7,186.2,0.2766,683.7,mixed,block_group,360470234001,5,1.0,1514.5,1886.9
5955,892a1077123ffff,Brooklyn,BK1204,Mapleton-Midwood (West),291,2038.0,347.0,0.6121,1502.5,mixed,block_group,360470464002,4,1.0,1691.0,2385.0
5956,892a1077127ffff,Brooklyn,BK1204,Mapleton-Midwood (West),186,1833.0,9.0,0.4139,1000.9,borough,borough,36047,1,1.0,1824.0,1842.0
5957,892a107712bffff,Brooklyn,BK1204,Mapleton-Midwood (West),496,1834.7,189.4,0.4175,1007.0,mixed,block_group,360470244002,4,1.0,1645.3,2024.1
5958,892a107712fffff,Brooklyn,BK1204,Mapleton-Midwood (West),449,1918.6,278.4,0.4956,1211.9,mixed,block_group,360470244001,4,1.0,1640.2,2197.0
5959,892a1077133ffff,Brooklyn,BK1204,Mapleton-Midwood (West),782,1870.1,220.1,0.4525,1099.5,block_group,block_group,360470464001,5,1.0,1650.0,2090.2
5960,892a1077137ffff,Brooklyn,BK1204,Mapleton-Midwood (West),366,1702.4,185.8,0.2784,688.3,mixed,block_group,360470464001,4,1.0,1516.6,1888.2
5961,892a107713bffff,Brooklyn,BK1202,Borough Park,529,1872.4,390.5,0.4541,1104.5,block_group,block_group,360470472002,5,1.0,1481.9,2262.9
5962,892a1077143ffff,Brooklyn,BK1202,Borough Park,878,1996.9,199.1,0.574,1401.3,block_group,block_group,360470236002,7,1.0,1797.8,2196.0
5963,892a1077147ffff,Brooklyn,BK1202,Borough Park,1100,1842.2,183.6,0.4251,1026.5,block_group,block_group,360470238002,5,1.0,1658.6,2025.8
5964,892a107714bffff,Brooklyn,BK1202,Borough Park,648,1809.0,140.9,0.3897,939.6,mixed,block_group,360470218002,4,1.0,1668.1,1949.9
5965,892a107714fffff,Brooklyn,BK1202,Borough Park,746,1885.0,189.4,0.4636,1129.8,block_group,block_group,360470216001,6,1.0,1695.6,2074.4
5966,892a1077153ffff,Brooklyn,BK1202,Borough Park,1069,1956.1,295.5,0.5399,1304.3,mixed,block_group,360470220001,8,1.0,1660.6,2251.6
5967,892a1077157ffff,Brooklyn,BK1202,Borough Park,1197,1803.8,161.3,0.3844,927.6,block_group,block_group,360470234003,6,1.0,1642.5,1965.1
5968,892a107715bffff,Brooklyn,BK1202,Borough Park,742,1722.1,167.9,0.2964,734.2,block_group,block_group,360470220004,6,1.0,1554.2,1890.0
5969,892a1077163ffff,Brooklyn,BK1202,Borough Park,544,2229.3,320.0,0.779,1938.8,block_group,block_group,360470242001,5,1.0,1909.3,2549.3
5970,892a1077167ffff,Brooklyn,BK1204,Mapleton-Midwood (West),661,1848.2,213.0,0.4317,1043.0,block_group,block_group,360470244003,3,1.0,1635.2,2061.2
5971,892a107716bffff,Brooklyn,BK1101,Bensonhurst,239,1814.3,344.4,0.3945,953.5,mixed,block_group,360470242002,5,1.0,1469.9,2158.7
5972,892a107716fffff,Brooklyn,BK1101,Bensonhurst,463,1643.5,216.0,0.2233,560.1,block_group,block_group,360470252004,4,1.0,1427.5,1859.5
5973,892a1077173ffff,Brooklyn,BK1202,Borough Park,835,1863.4,250.8,0.4462,1081.7,block_group,block_group,360470240001,5,1.0,1612.6,2114.2
5974,892a1077177ffff,Brooklyn,BK1202,Borough Park,499,2352.0,805.7,0.8398,2127.7,block_group,block_group,360470470002,4,1.0,1546.3,3157.7
5975,892a107717bffff,Brooklyn,BK1202,Borough Park,957,1916.6,217.2,0.494,1207.6,block_group,block_group,360470240003,5,1.0,1699.4,2133.8
5976,892a1077183ffff,Brooklyn,BK1203,Kensington,876,2127.1,370.0,0.6987,1720.1,block_group,block_group,360470490002,5,1.0,1757.1,2497.1
5977,892a1077187ffff,Brooklyn,BK1203,Kensington,1215,1859.6,99.2,0.443,1073.7,block_group,block_group,360470484001,5,1.0,1760.4,1958.8
5978,892a107718bffff,Brooklyn,BK1203,Kensington,484,1786.8,294.7,0.365,882.5,block_group,block_group,360470486002,6,1.0,1492.1,2081.5
5979,892a107718fffff,Brooklyn,BK1202,Borough Park,661,1716.5,181.0,0.2917,722.0,block_group,block_group,360470484002,5,1.0,1535.5,1897.5
5980,892a1077193ffff,Brooklyn,BK1203,Kensington,1504,1938.2,97.7,0.5131,1255.8,block_group,block_group,360470490001,3,1.0,1840.5,2035.9
5981,892a1077197ffff,Brooklyn,BK1203,Kensington,1186,1885.4,88.7,0.4644,1131.7,mixed,block_group,360470490002,5,1.0,1796.7,1974.1
5982,892a107719bffff,Brooklyn,BK1203,Kensington,651,2177.2,151.7,0.7382,1835.9,block_group,block_group,360470488002,6,1.0,2025.5,2328.9
5983,892a10771a3ffff,Brooklyn,BK1402,Flatbush (West)-Ditmas Park-Parkville,1176,1567.0,199.0,0.1764,446.8,block_group,block_group,360470462011,5,1.0,1368.0,1766.0
5984,892a10771a7ffff,Brooklyn,BK1204,Mapleton-Midwood (West),417,1134.6,537.1,0.0483,140.8,mixed,block_group,360470462012,5,1.0,597.5,1671.7
5985,892a10771abffff,Brooklyn,BK1402,Flatbush (West)-Ditmas Park-Parkville,656,1807.4,107.9,0.3882,935.4,block_group,block_group,360470480002,4,1.0,1699.5,1915.3
5986,892a10771afffff,Brooklyn,BK1204,Mapleton-Midwood (West),445,1322.5,496.4,0.0868,229.8,block_group,block_group,360470462012,4,1.0,826.1,1818.9
5987,892a10771b3ffff,Brooklyn,BK1402,Flatbush (West)-Ditmas Park-Parkville,1519,1698.7,139.9,0.2742,679.7,mixed,block_group,36047048200,4,1.0,1558.8,1838.6
5988,892a10771b7ffff,Brooklyn,BK1204,Mapleton-Midwood (West),1097,1651.6,150.4,0.2289,574.2,block_group,block_group,360470456002,5,1.0,1501.2,1802.0
5989,892a10771bbffff,Brooklyn,BK1402,Flatbush (West)-Ditmas Park-Parkville,672,1608.0,169.4,0.2017,509.4,block_group,block_group,360470480001,4,1.0,1438.6,1777.4
5990,892a10771c3ffff,Brooklyn,BK1202,Borough Park,649,1329.3,307.4,0.0885,233.7,mixed,block_group,360470230003,6,1.0,1021.9,1636.7
5991,892a10771c7ffff,Brooklyn,BK1202,Borough Park,882,1700.8,206.6,0.2767,684.3,mixed,block_group,360470230001,6,1.0,1494.2,1907.4
5992,892a10771cbffff,Brooklyn,BK1202,Borough Park,884,1759.8,141.1,0.3408,821.2,mixed,block_group,360470224002,7,1.0,1618.7,1900.9
5993,892a10771cfffff,Brooklyn,BK1202,Borough Park,957,1346.2,188.2,0.0909,240.1,mixed,block_group,360470232003,5,1.0,1158.0,1534.4
5994,892a10771d3ffff,Brooklyn,BK1202,Borough Park,387,1926.3,222.8,0.5009,1228.8,block_group,block_group,360470496003,4,1.0,1703.5,2149.1
5995,892a10771d7ffff,Brooklyn,BK1202,Borough Park,459,1797.0,377.0,0.376,907.7,mixed,block_group,360470228002,4,1.0,1420.0,2174.0
5996,892a10771dbffff,Brooklyn,BK1202,Borough Park,744,1897.1,213.3,0.4753,1160.8,mixed,block_group,360470226001,5,1.0,1683.8,2110.4
6000,892a1077223ffff,Brooklyn,BK0702,Sunset Park (West),521,1092.2,147.7,0.0412,132.3,block_group,block_group,360470022004,4,1.0,944.5,1239.9
6001,892a1077227ffff,Brooklyn,BK1001,Bay Ridge,670,1647.3,158.5,0.2261,567.4,block_group,block_group,360470070001,3,1.0,1488.8,1805.8
6002,892a107722bffff,Brooklyn,BK1001,Bay Ridge,197,1914.4,302.2,0.4926,1204.4,block_group,block_group,360470030001,2,1.0,1612.2,2216.6
6003,892a107722fffff,Brooklyn,BK1001,Bay Ridge,1041,1645.9,166.3,0.2246,563.5,mixed,block_group,360470070002,6,1.0,1479.6,1812.2
6004,892a1077233ffff,Brooklyn,BK0702,Sunset Park (West),94,1478.0,345.0,0.1362,345.0,block_group,block_group,360470022003,1,1.0,1133.0,1823.0
6005,892a1077237ffff,Brooklyn,BK1001,Bay Ridge,514,1659.6,142.2,0.2371,592.8,block_group,block_group,360470072001,3,1.0,1517.4,1801.8
6007,892a1077267ffff,Brooklyn,BK1001,Bay Ridge,259,1917.0,1222.0,0.4943,1208.2,block_group,block_group,360470034001,1,1.0,695.0,3139.0
6013,892a10772a3ffff,Brooklyn,BK0702,Sunset Park (West),639,1727.9,303.0,0.3034,750.0,block_group,block_group,360470022001,5,1.0,1424.9,2030.9
6014,892a10772a7ffff,Brooklyn,BK0702,Sunset Park (West),1195,1742.3,392.3,0.3208,778.7,block_group,block_group,360470076003,5,1.0,1350.0,2134.6
6015,892a10772abffff,Brooklyn,BK0702,Sunset Park (West),32,1648.6,502.6,0.227,569.1,block_group,block_group,360470022001,2,1.0,1146.0,2151.2
6016,892a10772afffff,Brooklyn,BK0702,Sunset Park (West),690,1676.3,500.9,0.2528,630.9,block_group,block_group,360470022002,4,1.0,1175.4,2177.2
6017,892a10772b3ffff,Brooklyn,BK0702,Sunset Park (West),225,1922.7,231.2,0.4985,1221.3,block_group,block_group,360470020001,2,1.0,1691.5,2153.9
6018,892a10772b7ffff,Brooklyn,BK0702,Sunset Park (West),1063,1882.1,152.4,0.4617,1124.3,block_group,block_group,360470078004,6,1.0,1729.7,2034.5
6020,892a1077303ffff,Brooklyn,BK1002,Dyker Heights,788,1959.1,273.9,0.5421,1311.2,block_group,block_group,360470128011,2,1.0,1685.2,2233.0
6021,892a1077307ffff,Brooklyn,BK1002,Dyker Heights,787,1688.1,182.8,0.2635,656.6,block_group,block_group,360470208003,6,1.0,1505.3,1870.9
6022,892a107730bffff,Brooklyn,BK1001,Bay Ridge,446,2067.7,201.5,0.6397,1574.2,block_group,block_group,360470134001,5,1.0,1866.2,2269.2
6023,892a107730fffff,Brooklyn,BK1002,Dyker Heights,627,2149.0,182.0,0.7166,1771.3,block_group,block_group,360470132002,3,1.0,1967.0,2331.0
6024,892a1077313ffff,Brooklyn,BK1002,Dyker Heights,116,1692.0,107.0,0.2681,665.3,block_group,block_group,360470120001,1,1.0,1585.0,1799.0
6025,892a1077317ffff,Brooklyn,BK1002,Dyker Heights,626,1532.6,195.0,0.1604,406.9,block_group,block_group,360470210003,5,1.0,1337.6,1727.6
6026,892a107731bffff,Brooklyn,BK1001,Bay Ridge,177,1801.5,150.7,0.3817,921.6,block_group,block_group,360470128011,3,1.0,1650.8,1952.2
6027,892a1077323ffff,Brooklyn,BK1002,Dyker Heights,617,1807.9,252.9,0.3888,937.2,mixed,block_group,36047020200,6,1.0,1555.0,2060.8
6028,892a1077327ffff,Brooklyn,BK1002,Dyker Heights,557,1913.0,306.6,0.491,1200.7,block_group,block_group,360470200002,4,1.0,1606.4,2219.6
6029,892a107732bffff,Brooklyn,BK1002,Dyker Heights,438,2161.9,151.9,0.7262,1802.3,mixed,tract,36047020400,5,1.0,2010.0,2313.8
6030,892a107732fffff,Brooklyn,BK1002,Dyker Heights,394,1799.6,342.8,0.3788,913.7,mixed,block_group,360470202002,5,1.0,1456.8,2142.4
6031,892a1077333ffff,Brooklyn,BK1002,Dyker Heights,838,1684.3,346.7,0.261,649.2,mixed,block_group,360470208001,7,1.0,1337.6,2031.0
6032,892a1077337ffff,Brooklyn,BK1002,Dyker Heights,726,2301.0,191.9,0.8156,2049.0,mixed,block_group,360470196002,6,1.0,2109.1,2492.9
6033,892a107733bffff,Brooklyn,BK1002,Dyker Heights,559,2067.4,168.6,0.6395,1573.5,mixed,block_group,360470204001,5,1.0,1898.8,2236.0
6034,892a1077343ffff,Brooklyn,BK1001,Bay Ridge,961,1913.1,137.4,0.4913,1201.3,block_group,block_group,360470130004,5,1.0,1775.7,2050.5
6035,892a1077347ffff,Brooklyn,BK1001,Bay Ridge,807,2008.4,168.1,0.5843,1426.9,block_group,block_group,360470134003,5,1.0,1840.3,2176.5
6036,892a107734bffff,Brooklyn,BK1001,Bay Ridge,1123,1871.0,112.9,0.4529,1100.8,mixed,block_group,360470066003,5,1.0,1758.1,1983.9
6037,892a107734fffff,Brooklyn,BK1001,Bay Ridge,1118,1877.1,89.3,0.4577,1113.7,block_group,block_group,360470136004,7,1.0,1787.8,1966.4
6038,892a1077353ffff,Brooklyn,BK1001,Bay Ridge,893,1928.5,121.0,0.503,1235.1,block_group,block_group,360470126001,5,1.0,1807.5,2049.5
6039,892a1077357ffff,Brooklyn,BK1001,Bay Ridge,940,1889.0,118.3,0.4676,1141.0,block_group,block_group,360470130002,6,1.0,1770.7,2007.3
6040,892a107735bffff,Brooklyn,BK1001,Bay Ridge,1295,1727.9,113.5,0.3034,750.0,mixed,block_group,360470068002,3,1.0,1614.4,1841.4
6041,892a1077363ffff,Brooklyn,BK1001,Bay Ridge,718,1896.9,207.7,0.475,1160.2,block_group,block_group,360470142001,4,1.0,1689.2,2104.6
6042,892a1077367ffff,Brooklyn,BK1002,Dyker Heights,458,1634.9,172.5,0.2176,545.5,block_group,block_group,360470140001,3,1.0,1462.4,1807.4
6043,892a107736bffff,Brooklyn,BK1001,Bay Ridge,1014,1950.1,134.7,0.5252,1284.1,block_group,block_group,360470138001,4,1.0,1815.4,2084.8
6044,892a107736fffff,Brooklyn,BK1001,Bay Ridge,1080,1889.4,126.7,0.4679,1141.6,block_group,block_group,360470142002,4,1.0,1762.7,2016.1
6045,892a1077373ffff,Brooklyn,BK1001,Bay Ridge,409,2003.5,336.1,0.5797,1416.0,block_group,block_group,360470134001,3,1.0,1667.4,2339.6
6046,892a1077377ffff,Brooklyn,BK1002,Dyker Heights,257,2138.0,371.0,0.7081,1747.0,block_group,block_group,360470206002,1,1.0,1767.0,2509.0
6047,892a107737bffff,Brooklyn,BK1001,Bay Ridge,823,1979.6,350.6,0.5626,1368.2,block_group,block_group,360470136004,6,1.0,1629.0,2330.2
6048,892a1077383ffff,Brooklyn,BK1201,Sunset Park (East)-Borough Park (West),1093,1706.2,189.8,0.282,698.2,block_group,block_group,360470116002,6,1.0,1516.4,1896.0
6049,892a1077387ffff,Brooklyn,BK1202,Borough Park,594,1856.1,127.4,0.4397,1064.5,mixed,block_group,360470216003,5,1.0,1728.7,1983.5
6050,892a107738bffff,Brooklyn,BK1201,Sunset Park (East)-Borough Park (West),917,1594.0,112.1,0.1937,487.3,block_group,block_group,360470104021,5,1.0,1481.9,1706.1
6051,892a107738fffff,Brooklyn,BK0703,Sunset Park (Central),666,1692.0,113.1,0.2681,665.3,mixed,block_group,360470116003,7,1.0,1578.9,1805.1
6052,892a1077393ffff,Brooklyn,BK1201,Sunset Park (East)-Borough Park (West),1074,1760.0,200.7,0.341,821.8,block_group,block_group,360470116001,5,1.0,1559.3,1960.7
6053,892a1077397ffff,Brooklyn,BK1202,Borough Park,743,1562.0,258.4,0.1745,441.9,block_group,block_group,360470218003,7,1.0,1303.6,1820.4
6054,892a107739bffff,Brooklyn,BK0703,Sunset Park (Central),970,1607.2,243.4,0.2008,507.1,block_group,block_group,360470106012,6,1.0,1363.8,1850.6
6055,892a10773a3ffff,Brooklyn,BK1002,Dyker Heights,591,2130.4,400.6,0.7025,1729.9,block_group,block_group,360470194003,4,1.0,1729.8,2531.0
6056,892a10773a7ffff,Brooklyn,BK1002,Dyker Heights,796,1693.3,110.2,0.2699,669.3,block_group,block_group,360470194001,5,1.0,1583.1,1803.5
6057,892a10773abffff,Brooklyn,BK1002,Dyker Heights,902,1646.8,128.6,0.2251,565.2,block_group,block_group,360470210001,4,1.0,1518.2,1775.4
6058,892a10773afffff,Brooklyn,BK1002,Dyker Heights,838,1944.5,193.8,0.5205,1272.1,block_group,block_group,360470196003,7,1.0,1750.7,2138.3
6059,892a10773b3ffff,Brooklyn,BK1202,Borough Park,642,1779.1,212.6,0.3553,859.3,mixed,block_group,360470214002,5,1.0,1566.5,1991.7
6060,892a10773b7ffff,Brooklyn,BK1202,Borough Park,252,1736.9,216.3,0.3172,770.5,block_group,block_group,360470192002,4,1.0,1520.6,1953.2
6061,892a10773bbffff,Brooklyn,BK1002,Dyker Heights,579,1561.3,159.8,0.174,441.4,block_group,block_group,360470212001,5,1.0,1401.5,1721.1
6062,892a10773c3ffff,Brooklyn,BK0703,Sunset Park (Central),638,1905.5,369.9,0.4842,1182.6,block_group,block_group,360470122001,5,1.0,1535.6,2275.4
6063,892a10773c7ffff,Brooklyn,BK0703,Sunset Park (Central),229,1717.9,144.6,0.294,727.2,block_group,block_group,360470118002,2,1.0,1573.3,1862.5
6064,892a10773cbffff,Brooklyn,BK0703,Sunset Park (Central),575,2034.3,616.6,0.6089,1492.2,block_group,block_group,360470122004,4,1.0,1417.7,2650.9
6065,892a10773cfffff,Brooklyn,BK1001,Bay Ridge,109,2562.0,328.0,0.9071,2342.2,block_group,block_group,360470126002,1,1.0,2234.0,2890.0
6066,892a10773d3ffff,Brooklyn,BK0703,Sunset Park (Central),1206,1731.7,150.1,0.3087,758.2,block_group,block_group,360470102003,7,1.0,1581.6,1881.8
6067,892a10773d7ffff,Brooklyn,BK0703,Sunset Park (Central),1133,1797.9,236.2,0.3768,908.9,block_group,block_group,360470102001,6,1.0,1561.7,2034.1
6068,892a10773dbffff,Brooklyn,BK0702,Sunset Park (West),1240,1961.4,361.2,0.5446,1317.5,block_group,block_group,360470074002,6,1.0,1600.2,2322.6
6069,892a1077403ffff,Brooklyn,BK0602,Park Slope,1856,2436.7,844.0,0.8692,2222.4,block_group,block_group,360470139004,6,1.0,1592.7,3280.7
6070,892a1077407ffff,Brooklyn,BK0602,Park Slope,1273,2963.3,212.0,0.9769,2574.5,mixed,block_group,360470151002,6,1.0,2751.3,3175.3
6071,892a107740bffff,Brooklyn,BK0602,Park Slope,1229,2766.2,219.8,0.954,2495.1,block_group,block_group,360470139003,6,1.0,2546.4,2986.0
6072,892a107740fffff,Brooklyn,BK0602,Park Slope,1210,2876.4,197.2,0.9668,2540.6,block_group,block_group,360470141011,7,1.0,2679.2,3073.6
6073,892a1077413ffff,Brooklyn,BK0602,Park Slope,1282,3195.5,313.6,0.9939,2629.2,mixed,block_group,360470135002,8,1.0,2881.9,3509.1
6074,892a1077417ffff,Brooklyn,BK0602,Park Slope,927,2728.8,266.7,0.9488,2475.8,mixed,block_group,360470153003,5,1.0,2462.1,2995.5
6075,892a107741bffff,Brooklyn,BK0602,Park Slope,1189,2705.3,489.0,0.9444,2461.4,mixed,block_group,360470137002,6,1.0,2216.3,3194.3
6076,892a1077423ffff,Brooklyn,BK0701,Windsor Terrace-South Slope,1281,2562.5,321.6,0.9075,2343.5,block_group,block_group,360470169002,6,1.0,2240.9,2884.1
6077,892a1077427ffff,Brooklyn,BK0701,Windsor Terrace-South Slope,789,2602.9,351.3,0.9176,2378.4,mixed,block_group,360470169004,6,1.0,2251.6,2954.2
6078,892a107742bffff,Brooklyn,BK0701,Windsor Terrace-South Slope,517,2638.7,75.9,0.9291,2415.4,block_group,block_group,360470149022,5,1.0,2562.8,2714.6
6079,892a107742fffff,Brooklyn,BK0701,Windsor Terrace-South Slope,261,2553.8,227.8,0.9036,2330.6,block_group,block_group,360470169005,3,1.0,2326.0,2781.6
6080,892a1077433ffff,Brooklyn,BK0602,Park Slope,1234,2401.0,437.3,0.8569,2181.8,block_group,block_group,360470167004,5,1.0,1963.7,2838.3
6081,892a107743bffff,Brooklyn,BK0701,Windsor Terrace-South Slope,1198,3223.8,274.3,0.9955,2635.4,block_group,block_group,360470149021,4,1.0,2949.5,3498.1
6082,892a1077443ffff,Brooklyn,BK0601,Carroll Gardens-Cobble Hill-Gowanus-Red Hook,7,2555.1,512.2,0.904,2331.9,block_group,block_group,360470117002,2,1.0,2042.9,3067.3
6083,892a1077447ffff,Brooklyn,BK0601,Carroll Gardens-Cobble Hill-Gowanus-Red Hook,857,2430.7,344.6,0.8679,2217.7,block_group,block_group,360470117002,3,1.0,2086.1,2775.3
6086,892a1077453ffff,Brooklyn,BK0601,Carroll Gardens-Cobble Hill-Gowanus-Red Hook,74,2944.0,530.3,0.9737,2564.8,block_group,block_group,360470121001,2,1.0,2413.7,3474.3
6087,892a1077457ffff,Brooklyn,BK0601,Carroll Gardens-Cobble Hill-Gowanus-Red Hook,912,2808.4,375.2,0.9594,2514.4,block_group,block_group,360470121002,3,1.0,2433.2,3183.6
6088,892a107745bffff,Brooklyn,BK0601,Carroll Gardens-Cobble Hill-Gowanus-Red Hook,15,3054.0,402.0,0.9828,2596.6,block_group,block_group,360470077003,1,1.0,2652.0,3456.0
6089,892a1077463ffff,Brooklyn,BK0702,Sunset Park (West),1148,2718.3,325.6,0.947,2469.6,block_group,block_group,360470143003,5,1.0,2392.7,3043.9
6090,892a1077467ffff,Brooklyn,BK0702,Sunset Park (West),1243,2583.5,188.5,0.912,2359.9,block_group,block_group,360470147002,5,1.0,2395.0,2772.0
6091,892a107746bffff,Brooklyn,BK0702,Sunset Park (West),922,2362.1,338.5,0.8438,2140.5,block_group,block_group,360470145003,4,1.0,2023.6,2700.6
6092,892a107746fffff,Brooklyn,BK0702,Sunset Park (West),518,2700.6,585.9,0.9431,2456.6,block_group,block_group,360470145002,4,1.0,2114.7,3286.5
6093,892a1077473ffff,Brooklyn,BK0701,Windsor Terrace-South Slope,1409,2564.6,427.5,0.9082,2346.3,block_group,block_group,360470141021,5,1.0,2137.1,2992.1
6094,892a1077477ffff,Brooklyn,BK0702,Sunset Park (West),1089,2885.0,260.3,0.9684,2545.5,block_group,block_group,360470141022,6,1.0,2624.7,3145.3
6095,892a107747bffff,Brooklyn,BK0702,Sunset Park (West),457,2720.6,187.8,0.9479,2472.4,block_group,block_group,360470143001,5,1.0,2532.8,2908.4
6096,892a1077483ffff,Brooklyn,BK0602,Park Slope,1160,3251.0,404.3,0.9966,2639.6,mixed,block_group,360470157002,6,1.0,2846.7,3655.3
6097,892a1077487ffff,Brooklyn,BK0602,Park Slope,1583,3250.3,295.0,0.9964,2638.9,mixed,block_group,360470165002,7,1.0,2955.3,3545.3
6098,892a107748bffff,Brooklyn,BK0602,Park Slope,1462,3068.4,355.7,0.985,2601.5,mixed,block_group,360470135001,9,1.0,2712.7,3424.1
6099,892a107748fffff,Brooklyn,BK0602,Park Slope,1110,3180.3,379.5,0.9931,2626.4,mixed,block_group,360470155002,5,1.0,2800.8,3559.8
6100,892a1077493ffff,Brooklyn,BK0602,Park Slope,1330,2846.0,448.9,0.9639,2530.3,mixed,tract,36047015900,3,1.0,2397.1,3294.9
6101,892a1077497ffff,Brooklyn,BK0602,Park Slope,1424,2695.8,364.8,0.941,2453.1,mixed,block_group,360470165001,6,1.0,2331.0,3060.6
6102,892a107749bffff,Brooklyn,BK0602,Park Slope,1174,2830.8,206.8,0.9627,2526.1,mixed,block_group,360470131003,7,1.0,2624.0,3037.6
6103,892a10774abffff,Brooklyn,BK0602,Park Slope,1320,2638.4,544.9,0.9289,2414.7,mixed,tract,36047016700,4,1.0,2093.5,3183.3
6104,892a10774bbffff,Brooklyn,BK0602,Park Slope,1310,3180.6,294.0,0.9933,2627.1,mixed,tract,36047016500,6,1.0,2886.6,3474.6
6105,892a10774c3ffff,Brooklyn,BK0601,Carroll Gardens-Cobble Hill-Gowanus-Red Hook,112,2483.6,552.9,0.8818,2265.9,block_group,block_group,360470119012,2,1.0,1930.7,3036.5
6106,892a10774c7ffff,Brooklyn,BK0602,Park Slope,783,3314.6,382.5,0.9977,2643.8,mixed,block_group,360470135003,4,1.0,2932.1,3697.1
6107,892a10774cbffff,Brooklyn,BK0601,Carroll Gardens-Cobble Hill-Gowanus-Red Hook,368,3075.0,1082.0,0.9857,2604.2,block_group,block_group,360470077002,1,1.0,1993.0,4157.0
6108,892a10774cfffff,Brooklyn,BK0601,Carroll Gardens-Cobble Hill-Gowanus-Red Hook,482,2392.5,1024.2,0.8541,2174.3,block_group,block_group,360470119011,2,1.0,1368.3,3416.7
6109,892a10774d3ffff,Brooklyn,BK0601,Carroll Gardens-Cobble Hill-Gowanus-Red Hook,1224,2704.0,275.0,0.9441,2460.0,block_group,block_group,360470119012,1,1.0,2429.0,2979.0
6110,892a10774d7ffff,Brooklyn,BK0602,Park Slope,1568,2875.5,218.1,0.9664,2539.2,mixed,block_group,36047013300,6,1.0,2657.4,3093.6
6111,892a10774dbffff,Brooklyn,BK0601,Carroll Gardens-Cobble Hill-Gowanus-Red Hook,4744,3068.9,304.7,0.9852,2602.2,mixed,block_group,360470075003,4,1.0,2764.2,3373.6
6112,892a1077507ffff,Brooklyn,BK1402,Flatbush (West)-Ditmas Park-Parkville,437,2156.2,218.9,0.7221,1789.1,mixed,block_group,360470506003,6,1.0,1937.3,2375.1
6113,892a107750bffff,Brooklyn,BK0701,Windsor Terrace-South Slope,1468,2806.0,1174.3,0.959,2513.0,block_group,block_group,360470504012,2,1.0,1631.7,3980.3
6114,892a107750fffff,Brooklyn,BK1402,Flatbush (West)-Ditmas Park-Parkville,890,2072.7,322.3,0.6458,1587.8,block_group,block_group,360470506004,5,1.0,1750.4,2395.0
6115,892a1077517ffff,Brooklyn,BK1402,Flatbush (West)-Ditmas Park-Parkville,1050,1680.1,229.6,0.2557,638.3,block_group,block_group,360470506001,5,1.0,1450.5,1909.7
6116,892a1077523ffff,Brooklyn,BK1402,Flatbush (West)-Ditmas Park-Parkville,232,2260.8,544.7,0.7943,1986.1,mixed,block_group,360471522002,3,1.0,1716.1,2805.5
6117,892a1077527ffff,Brooklyn,BK1402,Flatbush (West)-Ditmas Park-Parkville,968,1732.7,181.0,0.3093,759.9,block_group,block_group,360470520001,5,1.0,1551.7,1913.7
6118,892a107752bffff,Brooklyn,BK1203,Kensington,649,1859.3,188.1,0.4425,1072.5,block_group,block_group,360470494002,6,1.0,1671.2,2047.4
6119,892a107752fffff,Brooklyn,BK1402,Flatbush (West)-Ditmas Park-Parkville,1027,2046.4,307.8,0.6197,1520.6,block_group,block_group,360470526001,4,1.0,1738.6,2354.2
6120,892a1077533ffff,Brooklyn,BK1401,Flatbush,946,1707.0,267.1,0.2824,699.3,mixed,block_group,360470512004,4,1.0,1439.9,1974.1
6121,892a1077537ffff,Brooklyn,BK1401,Flatbush,1343,1954.4,133.2,0.5293,1297.3,mixed,block_group,360470514003,6,1.0,1821.2,2087.6
6122,892a107753bffff,Brooklyn,BK1402,Flatbush (West)-Ditmas Park-Parkville,419,2503.2,265.6,0.8862,2280.1,mixed,block_group,360471522001,5,1.0,2237.6,2768.8
6123,892a1077543ffff,Brooklyn,BK0701,Windsor Terrace-South Slope,560,2709.9,393.6,0.9455,2464.1,block_group,block_group,360471502002,2,1.0,2316.3,3103.5
6124,892a1077547ffff,Brooklyn,BK0701,Windsor Terrace-South Slope,462,2178.3,351.3,0.7408,1838.6,block_group,block_group,360470500012,3,1.0,1827.0,2529.6
6125,892a1077553ffff,Brooklyn,BK0701,Windsor Terrace-South Slope,569,2833.3,429.9,0.963,2527.5,mixed,block_group,360470171004,6,1.0,2403.4,3263.2
6126,892a1077557ffff,Brooklyn,BK0701,Windsor Terrace-South Slope,679,2137.0,654.0,0.7068,1743.7,block_group,block_group,360470502022,4,1.0,1483.0,2791.0
6127,892a1077563ffff,Brooklyn,BK1203,Kensington,898,2064.9,243.4,0.6379,1567.7,block_group,block_group,360470496001,5,1.0,1821.5,2308.3
6128,892a1077567ffff,Brooklyn,BK1203,Kensington,1351,1986.3,190.1,0.5667,1379.7,block_group,block_group,360470494003,5,1.0,1796.2,2176.4
6129,892a107756bffff,Brooklyn,BK1203,Kensington,1008,1724.0,420.9,0.2994,740.0,block_group,block_group,360470498002,5,1.0,1303.1,2144.9
6130,892a107756fffff,Brooklyn,BK1203,Kensington,826,2029.5,199.0,0.6044,1479.4,block_group,block_group,360470228001,6,1.0,1830.5,2228.5
6131,892a1077573ffff,Brooklyn,BK1203,Kensington,1338,2117.5,518.9,0.6904,1696.5,block_group,block_group,360470500021,6,1.0,1598.6,2636.4
6132,892a1077577ffff,Brooklyn,BK1203,Kensington,1054,1913.9,310.3,0.4917,1202.6,block_group,block_group,360470494001,7,1.0,1603.6,2224.2
6133,892a107757bffff,Brooklyn,BK1203,Kensington,824,2015.1,260.6,0.5902,1441.6,block_group,block_group,360470498001,4,1.0,1754.5,2275.7
6134,892a1077583ffff,Brooklyn,BK0902,Prospect Lefferts Gardens-Wingate,1453,1969.0,336.8,0.5526,1339.7,block_group,block_group,360470798023,7,1.0,1632.2,2305.8
6135,892a1077587ffff,Brooklyn,BK1401,Flatbush,2494,1710.2,151.9,0.2858,706.9,block_group,block_group,360470796021,4,1.0,1558.3,1862.1
6136,892a107758fffff,Brooklyn,BK1401,Flatbush,2888,2000.7,235.5,0.5768,1409.0,block_group,block_group,360470508042,6,1.0,1765.2,2236.2
6137,892a1077593ffff,Brooklyn,BK0902,Prospect Lefferts Gardens-Wingate,1293,1684.5,222.9,0.2614,650.3,block_group,block_group,360470796012,3,1.0,1461.6,1907.4
6138,892a1077597ffff,Brooklyn,BK0902,Prospect Lefferts Gardens-Wingate,2214,1771.7,105.0,0.3502,845.6,block_group,block_group,360470796011,7,1.0,1666.7,1876.7
6139,892a10775a3ffff,Brooklyn,BK1401,Flatbush,814,1691.5,103.7,0.2672,664.1,mixed,block_group,360470510021,4,1.0,1587.8,1795.2
6140,892a10775a7ffff,Brooklyn,BK1401,Flatbush,1448,1860.6,271.9,0.444,1076.1,block_group,block_group,360470792011,4,1.0,1588.7,2132.5
6141,892a10775abffff,Brooklyn,BK1401,Flatbush,2314,1808.1,206.0,0.389,937.8,block_group,block_group,360470512001,7,1.0,1602.1,2014.1
6142,892a10775afffff,Brooklyn,BK1401,Flatbush,1971,1623.2,117.3,0.2095,527.1,block_group,block_group,360470514004,5,1.0,1505.9,1740.5
6143,892a10775b3ffff,Brooklyn,BK1701,East Flatbush-Erasmus,813,1789.1,156.4,0.3671,887.9,block_group,block_group,360470796022,3,1.0,1632.7,1945.5
6144,892a10775b7ffff,Brooklyn,BK1701,East Flatbush-Erasmus,809,2223.4,173.0,0.777,1931.4,block_group,block_group,360470794002,4,1.0,2050.4,2396.4
6145,892a10775bbffff,Brooklyn,BK1401,Flatbush,1913,1699.6,86.4,0.2758,682.0,block_group,block_group,360470508012,6,1.0,1613.2,1786.0
6146,892a10775cbffff,Brooklyn,BK0701,Windsor Terrace-South Slope,741,2275.6,596.9,0.8037,2012.2,mixed,block_group,360470171001,2,1.0,1678.7,2872.5
6147,892a10775cfffff,Brooklyn,BK0701,Windsor Terrace-South Slope,594,2249.5,1270.7,0.7902,1971.4,mixed,block_group,360470502021,3,1.0,978.8,3520.2
6152,892a1077683ffff,Brooklyn,BK0601,Carroll Gardens-Cobble Hill-Gowanus-Red Hook,23,1833.0,9.0,0.4139,1000.9,borough,borough,36047,1,1.0,1824.0,1842.0
6154,892a107768bffff,Brooklyn,BK0601,Carroll Gardens-Cobble Hill-Gowanus-Red Hook,7,2550.0,1372.0,0.9016,2323.7,block_group,block_group,360470053012,1,1.0,1178.0,3922.0
6156,892a1077693ffff,Brooklyn,BK0601,Carroll Gardens-Cobble Hill-Gowanus-Red Hook,1939,1292.8,906.1,0.0805,213.7,block_group,block_group,360470085002,2,1.0,386.7,2198.9
6157,892a1077697ffff,Brooklyn,BK0601,Carroll Gardens-Cobble Hill-Gowanus-Red Hook,10,1833.0,9.0,0.4139,1000.9,borough,borough,36047,1,1.0,1824.0,1842.0
6158,892a107769bffff,Brooklyn,BK0601,Carroll Gardens-Cobble Hill-Gowanus-Red Hook,1429,937.4,117.0,0.0278,102.2,mixed,block_group,360470085001,3,1.0,820.4,1054.4
6159,892a10776a7ffff,Brooklyn,BK0702,Sunset Park (West),4,2102.0,715.0,0.6738,1656.0,mixed,block_group,360470101003,2,1.0,1387.0,2817.0
6162,892a10776c3ffff,Brooklyn,BK0601,Carroll Gardens-Cobble Hill-Gowanus-Red Hook,110,2550.0,1372.0,0.9016,2323.7,block_group,block_group,360470053012,1,1.0,1178.0,3922.0
6164,892a10776d3ffff,Brooklyn,BK0601,Carroll Gardens-Cobble Hill-Gowanus-Red Hook,384,2241.3,340.9,0.7853,1959.4,block_group,block_group,360470053011,2,1.0,1900.4,2582.2
6165,892a10776d7ffff,Brooklyn,BK0601,Carroll Gardens-Cobble Hill-Gowanus-Red Hook,367,2380.8,763.1,0.8506,2162.8,block_group,block_group,360470053012,2,1.0,1617.7,3143.9
