{"type": "FeatureCollection", "features": [{"type": "Feature", "properties": {"route": "1", "direction": 0, "color": "#D82233"}, "geometry": {"type": "LineString", "coordinates": [[-73.90087, 40.884667], [-73.898583, 40.889248]]}}, {"type": "Feature", "properties": {"route": "1", "direction": 0, "color": "#D82233"}, "geometry": {"type": "LineString", "coordinates": [[-73.904834, 40.878856], [-73.90087, 40.884667]]}}, {"type": "Feature", "properties": {"route": "1", "direction": 0, "color": "#D82233"}, "geometry": {"type": "LineString", "coordinates": [[-73.909831, 40.874561], [-73.904834, 40.878856]]}}, {"type": "Feature", "properties": {"route": "1", "direction": 0, "color": "#D82233"}, "geometry": {"type": "LineString", "coordinates": [[-73.915279, 40.869444], [-73.909831, 40.874561]]}}, {"type": "Feature", "properties": {"route": "1", "direction": 0, "color": "#D82233"}, "geometry": {"type": "LineString", "coordinates": [[-73.918822, 40.864621], [-73.915279, 40.869444]]}}, {"type": "Feature", "properties": {"route": "1", "direction": 0, "color": "#D82233"}, "geometry": {"type": "LineString", "coordinates": [[-73.925536, 40.860531], [-73.918822, 40.864621]]}}, {"type": "Feature", "properties": {"route": "1", "direction": 0, "color": "#D82233"}, "geometry": {"type": "LineString", "coordinates": [[-73.929412, 40.855225], [-73.925536, 40.860531]]}}, {"type": "Feature", "properties": {"route": "1", "direction": 0, "color": "#D82233"}, "geometry": {"type": "LineString", "coordinates": [[-73.933596, 40.849505], [-73.929412, 40.855225]]}}, {"type": "Feature", "properties": {"route": "1", "direction": 0, "color": "#D82233"}, "geometry": {"type": "LineString", "coordinates": [[-73.940133, 40.840556], [-73.933596, 40.849505]]}}, {"type": "Feature", "properties": {"route": "1", "direction": 0, "color": "#D82233"}, "geometry": {"type": "LineString", "coordinates": [[-73.94489, 40.834041], [-73.940133, 40.840556]]}}, {"type": "Feature", "properties": {"route": "1", "direction": 0, "color": "#D82233"}, "geometry": {"type": "LineString", "coordinates": [[-73.95036, 40.826551], [-73.94489, 40.834041]]}}, {"type": "Feature", "properties": {"route": "1", "direction": 0, "color": "#D82233"}, "geometry": {"type": "LineString", "coordinates": [[-73.953676, 40.822008], [-73.95036, 40.826551]]}}, {"type": "Feature", "properties": {"route": "1", "direction": 0, "color": "#D82233"}, "geometry": {"type": "LineString", "coordinates": [[-73.958372, 40.815581], [-73.953676, 40.822008]]}}, {"type": "Feature", "properties": {"route": "1", "direction": 0, "color": "#D82233"}, "geometry": {"type": "LineString", "coordinates": [[-73.96411, 40.807722], [-73.958372, 40.815581]]}}, {"type": "Feature", "properties": {"route": "1", "direction": 0, "color": "#D82233"}, "geometry": {"type": "LineString", "coordinates": [[-73.966847, 40.803967], [-73.96411, 40.807722]]}}, {"type": "Feature", "properties": {"route": "1", "direction": 0, "color": "#D82233"}, "geometry": {"type": "LineString", "coordinates": [[-73.968379, 40.799446], [-73.966847, 40.803967]]}}, {"type": "Feature", "properties": {"route": "1", "direction": 0, "color": "#D82233"}, "geometry": {"type": "LineString", "coordinates": [[-73.972323, 40.793919], [-73.968379, 40.799446]]}}, {"type": "Feature", "properties": {"route": "1", "direction": 0, "color": "#D82233"}, "geometry": {"type": "LineString", "coordinates": [[-73.976218, 40.788644], [-73.972323, 40.793919]]}}, {"type": "Feature", "properties": {"route": "1", "direction": 0, "color": "#D82233"}, "geometry": {"type": "LineString", "coordinates": [[-73.979917, 40.783934], [-73.976218, 40.788644]]}}, {"type": "Feature", "properties": {"route": "1", "direction": 0, "color": "#D82233"}, "geometry": {"type": "LineString", "coordinates": [[-73.98197, 40.778453], [-73.979917, 40.783934]]}}, {"type": "Feature", "properties": {"route": "1", "direction": 0, "color": "#D82233"}, "geometry": {"type": "LineString", "coordinates": [[-73.982209, 40.77344], [-73.98197, 40.778453]]}}, {"type": "Feature", "properties": {"route": "1", "direction": 0, "color": "#D82233"}, "geometry": {"type": "LineString", "coordinates": [[-73.981929, 40.768247], [-73.982209, 40.77344]]}}, {"type": "Feature", "properties": {"route": "1", "direction": 0, "color": "#D82233"}, "geometry": {"type": "LineString", "coordinates": [[-73.983849, 40.761728], [-73.981929, 40.768247]]}}, {"type": "Feature", "properties": {"route": "1", "direction": 0, "color": "#D82233"}, "geometry": {"type": "LineString", "coordinates": [[-73.987495, 40.75529], [-73.983849, 40.761728]]}}, {"type": "Feature", "properties": {"route": "1", "direction": 0, "color": "#D82233"}, "geometry": {"type": "LineString", "coordinates": [[-73.991057, 40.750373], [-73.987495, 40.75529]]}}, {"type": "Feature", "properties": {"route": "1", "direction": 0, "color": "#D82233"}, "geometry": {"type": "LineString", "coordinates": [[-73.993365, 40.747215], [-73.991057, 40.750373]]}}, {"type": "Feature", "properties": {"route": "1", "direction": 0, "color": "#D82233"}, "geometry": {"type": "LineString", "coordinates": [[-73.995657, 40.744081], [-73.993365, 40.747215]]}}, {"type": "Feature", "properties": {"route": "1", "direction": 0, "color": "#D82233"}, "geometry": {"type": "LineString", "coordinates": [[-73.997871, 40.74104], [-73.995657, 40.744081]]}}, {"type": "Feature", "properties": {"route": "1", "direction": 0, "color": "#D82233"}, "geometry": {"type": "LineString", "coordinates": [[-74.000201, 40.737826], [-73.997871, 40.74104]]}}, {"type": "Feature", "properties": {"route": "1", "direction": 0, "color": "#D82233"}, "geometry": {"type": "LineString", "coordinates": [[-74.002906, 40.733422], [-74.000201, 40.737826]]}}, {"type": "Feature", "properties": {"route": "1", "direction": 0, "color": "#D82233"}, "geometry": {"type": "LineString", "coordinates": [[-74.005367, 40.728251], [-74.002906, 40.733422]]}}, {"type": "Feature", "properties": {"route": "1", "direction": 0, "color": "#D82233"}, "geometry": {"type": "LineString", "coordinates": [[-74.006277, 40.722854], [-74.005367, 40.728251]]}}, {"type": "Feature", "properties": {"route": "1", "direction": 0, "color": "#D82233"}, "geometry": {"type": "LineString", "coordinates": [[-74.006886, 40.719318], [-74.006277, 40.722854]]}}, {"type": "Feature", "properties": {"route": "1", "direction": 0, "color": "#D82233"}, "geometry": {"type": "LineString", "coordinates": [[-74.009266, 40.715478], [-74.006886, 40.719318]]}}, {"type": "Feature", "properties": {"route": "1", "direction": 0, "color": "#D82233"}, "geometry": {"type": "LineString", "coordinates": [[-74.012188, 40.711835], [-74.009266, 40.715478]]}}, {"type": "Feature", "properties": {"route": "1", "direction": 0, "color": "#D82233"}, "geometry": {"type": "LineString", "coordinates": [[-74.013783, 40.707513], [-74.012188, 40.711835]]}}, {"type": "Feature", "properties": {"route": "1", "direction": 0, "color": "#D82233"}, "geometry": {"type": "LineString", "coordinates": [[-74.013664, 40.702068], [-74.013783, 40.707513]]}}, {"type": "Feature", "properties": {"route": "1", "direction": 1, "color": "#D82233"}, "geometry": {"type": "LineString", "coordinates": [[-73.898583, 40.889248], [-73.90087, 40.884667]]}}, {"type": "Feature", "properties": {"route": "1", "direction": 1, "color": "#D82233"}, "geometry": {"type": "LineString", "coordinates": [[-73.90087, 40.884667], [-73.904834, 40.878856]]}}, {"type": "Feature", "properties": {"route": "1", "direction": 1, "color": "#D82233"}, "geometry": {"type": "LineString", "coordinates": [[-73.904834, 40.878856], [-73.909831, 40.874561]]}}, {"type": "Feature", "properties": {"route": "1", "direction": 1, "color": "#D82233"}, "geometry": {"type": "LineString", "coordinates": [[-73.909831, 40.874561], [-73.915279, 40.869444]]}}, {"type": "Feature", "properties": {"route": "1", "direction": 1, "color": "#D82233"}, "geometry": {"type": "LineString", "coordinates": [[-73.915279, 40.869444], [-73.918822, 40.864621]]}}, {"type": "Feature", "properties": {"route": "1", "direction": 1, "color": "#D82233"}, "geometry": {"type": "LineString", "coordinates": [[-73.918822, 40.864621], [-73.925536, 40.860531]]}}, {"type": "Feature", "properties": {"route": "1", "direction": 1, "color": "#D82233"}, "geometry": {"type": "LineString", "coordinates": [[-73.925536, 40.860531], [-73.929412, 40.855225]]}}, {"type": "Feature", "properties": {"route": "1", "direction": 1, "color": "#D82233"}, "geometry": {"type": "LineString", "coordinates": [[-73.929412, 40.855225], [-73.933596, 40.849505]]}}, {"type": "Feature", "properties": {"route": "1", "direction": 1, "color": "#D82233"}, "geometry": {"type": "LineString", "coordinates": [[-73.933596, 40.849505], [-73.940133, 40.840556]]}}, {"type": "Feature", "properties": {"route": "1", "direction": 1, "color": "#D82233"}, "geometry": {"type": "LineString", "coordinates": [[-73.940133, 40.840556], [-73.94489, 40.834041]]}}, {"type": "Feature", "properties": {"route": "1", "direction": 1, "color": "#D82233"}, "geometry": {"type": "LineString", "coordinates": [[-73.94489, 40.834041], [-73.95036, 40.826551]]}}, {"type": "Feature", "properties": {"route": "1", "direction": 1, "color": "#D82233"}, "geometry": {"type": "LineString", "coordinates": [[-73.95036, 40.826551], [-73.953676, 40.822008]]}}, {"type": "Feature", "properties": {"route": "1", "direction": 1, "color": "#D82233"}, "geometry": {"type": "LineString", "coordinates": [[-73.953676, 40.822008], [-73.958372, 40.815581]]}}, {"type": "Feature", "properties": {"route": "1", "direction": 1, "color": "#D82233"}, "geometry": {"type": "LineString", "coordinates": [[-73.958372, 40.815581], [-73.96411, 40.807722]]}}, {"type": "Feature", "properties": {"route": "1", "direction": 1, "color": "#D82233"}, "geometry": {"type": "LineString", "coordinates": [[-73.96411, 40.807722], [-73.966847, 40.803967]]}}, {"type": "Feature", "properties": {"route": "1", "direction": 1, "color": "#D82233"}, "geometry": {"type": "LineString", "coordinates": [[-73.966847, 40.803967], [-73.968379, 40.799446]]}}, {"type": "Feature", "properties": {"route": "1", "direction": 1, "color": "#D82233"}, "geometry": {"type": "LineString", "coordinates": [[-73.968379, 40.799446], [-73.972323, 40.793919]]}}, {"type": "Feature", "properties": {"route": "1", "direction": 1, "color": "#D82233"}, "geometry": {"type": "LineString", "coordinates": [[-73.972323, 40.793919], [-73.976218, 40.788644]]}}, {"type": "Feature", "properties": {"route": "1", "direction": 1, "color": "#D82233"}, "geometry": {"type": "LineString", "coordinates": [[-73.976218, 40.788644], [-73.979917, 40.783934]]}}, {"type": "Feature", "properties": {"route": "1", "direction": 1, "color": "#D82233"}, "geometry": {"type": "LineString", "coordinates": [[-73.979917, 40.783934], [-73.98197, 40.778453]]}}, {"type": "Feature", "properties": {"route": "1", "direction": 1, "color": "#D82233"}, "geometry": {"type": "LineString", "coordinates": [[-73.98197, 40.778453], [-73.982209, 40.77344]]}}, {"type": "Feature", "properties": {"route": "1", "direction": 1, "color": "#D82233"}, "geometry": {"type": "LineString", "coordinates": [[-73.982209, 40.77344], [-73.981929, 40.768247]]}}, {"type": "Feature", "properties": {"route": "1", "direction": 1, "color": "#D82233"}, "geometry": {"type": "LineString", "coordinates": [[-73.981929, 40.768247], [-73.983849, 40.761728]]}}, {"type": "Feature", "properties": {"route": "1", "direction": 1, "color": "#D82233"}, "geometry": {"type": "LineString", "coordinates": [[-73.983849, 40.761728], [-73.987495, 40.75529]]}}, {"type": "Feature", "properties": {"route": "1", "direction": 1, "color": "#D82233"}, "geometry": {"type": "LineString", "coordinates": [[-73.987495, 40.75529], [-73.991057, 40.750373]]}}, {"type": "Feature", "properties": {"route": "1", "direction": 1, "color": "#D82233"}, "geometry": {"type": "LineString", "coordinates": [[-73.991057, 40.750373], [-73.993365, 40.747215]]}}, {"type": "Feature", "properties": {"route": "1", "direction": 1, "color": "#D82233"}, "geometry": {"type": "LineString", "coordinates": [[-73.993365, 40.747215], [-73.995657, 40.744081]]}}, {"type": "Feature", "properties": {"route": "1", "direction": 1, "color": "#D82233"}, "geometry": {"type": "LineString", "coordinates": [[-73.995657, 40.744081], [-73.997871, 40.74104]]}}, {"type": "Feature", "properties": {"route": "1", "direction": 1, "color": "#D82233"}, "geometry": {"type": "LineString", "coordinates": [[-73.997871, 40.74104], [-74.000201, 40.737826]]}}, {"type": "Feature", "properties": {"route": "1", "direction": 1, "color": "#D82233"}, "geometry": {"type": "LineString", "coordinates": [[-74.000201, 40.737826], [-74.002906, 40.733422]]}}, {"type": "Feature", "properties": {"route": "1", "direction": 1, "color": "#D82233"}, "geometry": {"type": "LineString", "coordinates": [[-74.002906, 40.733422], [-74.005367, 40.728251]]}}, {"type": "Feature", "properties": {"route": "1", "direction": 1, "color": "#D82233"}, "geometry": {"type": "LineString", "coordinates": [[-74.005367, 40.728251], [-74.006277, 40.722854]]}}, {"type": "Feature", "properties": {"route": "1", "direction": 1, "color": "#D82233"}, "geometry": {"type": "LineString", "coordinates": [[-74.006277, 40.722854], [-74.006886, 40.719318]]}}, {"type": "Feature", "properties": {"route": "1", "direction": 1, "color": "#D82233"}, "geometry": {"type": "LineString", "coordinates": [[-74.006886, 40.719318], [-74.009266, 40.715478]]}}, {"type": "Feature", "properties": {"route": "1", "direction": 1, "color": "#D82233"}, "geometry": {"type": "LineString", "coordinates": [[-74.009266, 40.715478], [-74.012188, 40.711835]]}}, {"type": "Feature", "properties": {"route": "1", "direction": 1, "color": "#D82233"}, "geometry": {"type": "LineString", "coordinates": [[-74.012188, 40.711835], [-74.013783, 40.707513]]}}, {"type": "Feature", "properties": {"route": "1", "direction": 1, "color": "#D82233"}, "geometry": {"type": "LineString", "coordinates": [[-74.013783, 40.707513], [-74.013664, 40.702068]]}}, {"type": "Feature", "properties": {"route": "2", "direction": 0, "color": "#D82233"}, "geometry": {"type": "LineString", "coordinates": [[-73.972323, 40.793919], [-73.951822, 40.799075]]}}, {"type": "Feature", "properties": {"route": "2", "direction": 0, "color": "#D82233"}, "geometry": {"type": "LineString", "coordinates": [[-73.98197, 40.778453], [-73.972323, 40.793919]]}}, {"type": "Feature", "properties": {"route": "2", "direction": 0, "color": "#D82233"}, "geometry": {"type": "LineString", "coordinates": [[-73.987495, 40.75529], [-73.98197, 40.778453]]}}, {"type": "Feature", "properties": {"route": "2", "direction": 0, "color": "#D82233"}, "geometry": {"type": "LineString", "coordinates": [[-73.991057, 40.750373], [-73.987495, 40.75529]]}}, {"type": "Feature", "properties": {"route": "2", "direction": 0, "color": "#D82233"}, "geometry": {"type": "LineString", "coordinates": [[-74.000201, 40.737826], [-73.991057, 40.750373]]}}, {"type": "Feature", "properties": {"route": "2", "direction": 0, "color": "#D82233"}, "geometry": {"type": "LineString", "coordinates": [[-74.009266, 40.715478], [-74.000201, 40.737826]]}}, {"type": "Feature", "properties": {"route": "2", "direction": 0, "color": "#D82233"}, "geometry": {"type": "LineString", "coordinates": [[-73.854376, 40.898379], [-73.85062, 40.903125]]}}, {"type": "Feature", "properties": {"route": "2", "direction": 0, "color": "#D82233"}, "geometry": {"type": "LineString", "coordinates": [[-73.857473, 40.893193], [-73.854376, 40.898379]]}}, {"type": "Feature", "properties": {"route": "2", "direction": 0, "color": "#D82233"}, "geometry": {"type": "LineString", "coordinates": [[-73.860341, 40.888022], [-73.857473, 40.893193]]}}, {"type": "Feature", "properties": {"route": "2", "direction": 0, "color": "#D82233"}, "geometry": {"type": "LineString", "coordinates": [[-73.862633, 40.883895], [-73.860341, 40.888022]]}}, {"type": "Feature", "properties": {"route": "2", "direction": 0, "color": "#D82233"}, "geometry": {"type": "LineString", "coordinates": [[-73.866256, 40.87785], [-73.862633, 40.883895]]}}, {"type": "Feature", "properties": {"route": "2", "direction": 0, "color": "#D82233"}, "geometry": {"type": "LineString", "coordinates": [[-73.867164, 40.871356], [-73.866256, 40.87785]]}}, {"type": "Feature", "properties": {"route": "2", "direction": 0, "color": "#D82233"}, "geometry": {"type": "LineString", "coordinates": [[-73.867352, 40.865462], [-73.867164, 40.871356]]}}, {"type": "Feature", "properties": {"route": "2", "direction": 0, "color": "#D82233"}, "geometry": {"type": "LineString", "coordinates": [[-73.867615, 40.857192], [-73.867352, 40.865462]]}}, {"type": "Feature", "properties": {"route": "2", "direction": 0, "color": "#D82233"}, "geometry": {"type": "LineString", "coordinates": [[-73.868457, 40.848828], [-73.867615, 40.857192]]}}, {"type": "Feature", "properties": {"route": "2", "direction": 0, "color": "#D82233"}, "geometry": {"type": "LineString", "coordinates": [[-73.873488, 40.841894], [-73.868457, 40.848828]]}}, {"type": "Feature", "properties": {"route": "2", "direction": 0, "color": "#D82233"}, "geometry": {"type": "LineString", "coordinates": [[-73.880049, 40.840295], [-73.873488, 40.841894]]}}, {"type": "Feature", "properties": {"route": "2", "direction": 0, "color": "#D82233"}, "geometry": {"type": "LineString", "coordinates": [[-73.887734, 40.837288], [-73.880049, 40.840295]]}}, {"type": "Feature", "properties": {"route": "2", "direction": 0, "color": "#D82233"}, "geometry": {"type": "LineString", "coordinates": [[-73.891865, 40.829993], [-73.887734, 40.837288]]}}, {"type": "Feature", "properties": {"route": "2", "direction": 0, "color": "#D82233"}, "geometry": {"type": "LineString", "coordinates": [[-73.893064, 40.824073], [-73.891865, 40.829993]]}}, {"type": "Feature", "properties": {"route": "2", "direction": 0, "color": "#D82233"}, "geometry": {"type": "LineString", "coordinates": [[-73.896736, 40.822181], [-73.893064, 40.824073]]}}, {"type": "Feature", "properties": {"route": "2", "direction": 0, "color": "#D82233"}, "geometry": {"type": "LineString", "coordinates": [[-73.90177, 40.819585], [-73.896736, 40.822181]]}}, {"type": "Feature", "properties": {"route": "2", "direction": 0, "color": "#D82233"}, "geometry": {"type": "LineString", "coordinates": [[-73.907807, 40.81649], [-73.90177, 40.819585]]}}, {"type": "Feature", "properties": {"route": "2", "direction": 0, "color": "#D82233"}, "geometry": {"type": "LineString", "coordinates": [[-73.917757, 40.816109], [-73.907807, 40.81649]]}}, {"type": "Feature", "properties": {"route": "2", "direction": 0, "color": "#D82233"}, "geometry": {"type": "LineString", "coordinates": [[-73.926718, 40.81841], [-73.917757, 40.816109]]}}, {"type": "Feature", "properties": {"route": "2", "direction": 0, "color": "#D82233"}, "geometry": {"type": "LineString", "coordinates": [[-73.94077, 40.814229], [-73.926718, 40.81841]]}}, {"type": "Feature", "properties": {"route": "2", "direction": 0, "color": "#D82233"}, "geometry": {"type": "LineString", "coordinates": [[-73.945495, 40.807754], [-73.94077, 40.814229]]}}, {"type": "Feature", "properties": {"route": "2", "direction": 0, "color": "#D82233"}, "geometry": {"type": "LineString", "coordinates": [[-73.949625, 40.802098], [-73.945495, 40.807754]]}}, {"type": "Feature", "properties": {"route": "2", "direction": 0, "color": "#D82233"}, "geometry": {"type": "LineString", "coordinates": [[-73.951822, 40.799075], [-73.949625, 40.802098]]}}, {"type": "Feature", "properties": {"route": "2", "direction": 0, "color": "#D82233"}, "geometry": {"type": "LineString", "coordinates": [[-74.008811, 40.713051], [-74.009266, 40.715478]]}}, {"type": "Feature", "properties": {"route": "2", "direction": 0, "color": "#D82233"}, "geometry": {"type": "LineString", "coordinates": [[-74.006571, 40.709416], [-74.008811, 40.713051]]}}, {"type": "Feature", "properties": {"route": "2", "direction": 0, "color": "#D82233"}, "geometry": {"type": "LineString", "coordinates": [[-74.0091, 40.706821], [-74.006571, 40.709416]]}}, {"type": "Feature", "properties": {"route": "2", "direction": 0, "color": "#D82233"}, "geometry": {"type": "LineString", "coordinates": [[-73.993086, 40.697466], [-74.0091, 40.706821]]}}, {"type": "Feature", "properties": {"route": "2", "direction": 0, "color": "#D82233"}, "geometry": {"type": "LineString", "coordinates": [[-73.989998, 40.693219], [-73.993086, 40.697466]]}}, {"type": "Feature", "properties": {"route": "2", "direction": 0, "color": "#D82233"}, "geometry": {"type": "LineString", "coordinates": [[-73.985065, 40.690545], [-73.989998, 40.693219]]}}, {"type": "Feature", "properties": {"route": "2", "direction": 0, "color": "#D82233"}, "geometry": {"type": "LineString", "coordinates": [[-73.980492, 40.688246], [-73.985065, 40.690545]]}}, {"type": "Feature", "properties": {"route": "2", "direction": 0, "color": "#D82233"}, "geometry": {"type": "LineString", "coordinates": [[-73.977666, 40.684359], [-73.980492, 40.688246]]}}, {"type": "Feature", "properties": {"route": "2", "direction": 0, "color": "#D82233"}, "geometry": {"type": "LineString", "coordinates": [[-73.975098, 40.680829], [-73.977666, 40.684359]]}}, {"type": "Feature", "properties": {"route": "2", "direction": 0, "color": "#D82233"}, "geometry": {"type": "LineString", "coordinates": [[-73.971046, 40.675235], [-73.975098, 40.680829]]}}, {"type": "Feature", "properties": {"route": "2", "direction": 0, "color": "#D82233"}, "geometry": {"type": "LineString", "coordinates": [[-73.964375, 40.671987], [-73.971046, 40.675235]]}}, {"type": "Feature", "properties": {"route": "2", "direction": 0, "color": "#D82233"}, "geometry": {"type": "LineString", "coordinates": [[-73.958131, 40.670682], [-73.964375, 40.671987]]}}, {"type": "Feature", "properties": {"route": "2", "direction": 0, "color": "#D82233"}, "geometry": {"type": "LineString", "coordinates": [[-73.950683, 40.667883], [-73.958131, 40.670682]]}}, {"type": "Feature", "properties": {"route": "2", "direction": 0, "color": "#D82233"}, "geometry": {"type": "LineString", "coordinates": [[-73.95085, 40.662742], [-73.950683, 40.667883]]}}, {"type": "Feature", "properties": {"route": "2", "direction": 0, "color": "#D82233"}, "geometry": {"type": "LineString", "coordinates": [[-73.9502, 40.656652], [-73.95085, 40.662742]]}}, {"type": "Feature", "properties": {"route": "2", "direction": 0, "color": "#D82233"}, "geometry": {"type": "LineString", "coordinates": [[-73.949575, 40.650843], [-73.9502, 40.656652]]}}, {"type": "Feature", "properties": {"route": "2", "direction": 0, "color": "#D82233"}, "geometry": {"type": "LineString", "coordinates": [[-73.948959, 40.645098], [-73.949575, 40.650843]]}}, {"type": "Feature", "properties": {"route": "2", "direction": 0, "color": "#D82233"}, "geometry": {"type": "LineString", "coordinates": [[-73.948411, 40.639967], [-73.948959, 40.645098]]}}, {"type": "Feature", "properties": {"route": "2", "direction": 0, "color": "#D82233"}, "geometry": {"type": "LineString", "coordinates": [[-73.947642, 40.632836], [-73.948411, 40.639967]]}}, {"type": "Feature", "properties": {"route": "2", "direction": 0, "color": "#D82233"}, "geometry": {"type": "LineString", "coordinates": [[-73.950466, 40.669847], [-73.958131, 40.670682]]}}, {"type": "Feature", "properties": {"route": "2", "direction": 0, "color": "#D82233"}, "geometry": {"type": "LineString", "coordinates": [[-73.942161, 40.669399], [-73.950466, 40.669847]]}}, {"type": "Feature", "properties": {"route": "2", "direction": 0, "color": "#D82233"}, "geometry": {"type": "LineString", "coordinates": [[-73.932942, 40.668897], [-73.942161, 40.669399]]}}, {"type": "Feature", "properties": {"route": "2", "direction": 0, "color": "#D82233"}, "geometry": {"type": "LineString", "coordinates": [[-73.92261, 40.664717], [-73.932942, 40.668897]]}}, {"type": "Feature", "properties": {"route": "2", "direction": 0, "color": "#D82233"}, "geometry": {"type": "LineString", "coordinates": [[-73.916327, 40.661453], [-73.92261, 40.664717]]}}, {"type": "Feature", "properties": {"route": "2", "direction": 0, "color": "#D82233"}, "geometry": {"type": "LineString", "coordinates": [[-73.908946, 40.662549], [-73.916327, 40.661453]]}}, {"type": "Feature", "properties": {"route": "2", "direction": 0, "color": "#D82233"}, "geometry": {"type": "LineString", "coordinates": [[-73.902447, 40.663515], [-73.908946, 40.662549]]}}, {"type": "Feature", "properties": {"route": "2", "direction": 0, "color": "#D82233"}, "geometry": {"type": "LineString", "coordinates": [[-73.894895, 40.664635], [-73.902447, 40.663515]]}}, {"type": "Feature", "properties": {"route": "2", "direction": 0, "color": "#D82233"}, "geometry": {"type": "LineString", "coordinates": [[-73.889395, 40.665449], [-73.894895, 40.664635]]}}, {"type": "Feature", "properties": {"route": "2", "direction": 0, "color": "#D82233"}, "geometry": {"type": "LineString", "coordinates": [[-73.884079, 40.666235], [-73.889395, 40.665449]]}}, {"type": "Feature", "properties": {"route": "2", "direction": 1, "color": "#D82233"}, "geometry": {"type": "LineString", "coordinates": [[-73.972323, 40.793919], [-73.98197, 40.778453]]}}, {"type": "Feature", "properties": {"route": "2", "direction": 1, "color": "#D82233"}, "geometry": {"type": "LineString", "coordinates": [[-73.98197, 40.778453], [-73.987495, 40.75529]]}}, {"type": "Feature", "properties": {"route": "2", "direction": 1, "color": "#D82233"}, "geometry": {"type": "LineString", "coordinates": [[-73.987495, 40.75529], [-73.991057, 40.750373]]}}, {"type": "Feature", "properties": {"route": "2", "direction": 1, "color": "#D82233"}, "geometry": {"type": "LineString", "coordinates": [[-73.991057, 40.750373], [-74.000201, 40.737826]]}}, {"type": "Feature", "properties": {"route": "2", "direction": 1, "color": "#D82233"}, "geometry": {"type": "LineString", "coordinates": [[-74.000201, 40.737826], [-74.009266, 40.715478]]}}, {"type": "Feature", "properties": {"route": "2", "direction": 1, "color": "#D82233"}, "geometry": {"type": "LineString", "coordinates": [[-74.009266, 40.715478], [-74.008811, 40.713051]]}}, {"type": "Feature", "properties": {"route": "2", "direction": 1, "color": "#D82233"}, "geometry": {"type": "LineString", "coordinates": [[-73.85062, 40.903125], [-73.854376, 40.898379]]}}, {"type": "Feature", "properties": {"route": "2", "direction": 1, "color": "#D82233"}, "geometry": {"type": "LineString", "coordinates": [[-73.854376, 40.898379], [-73.857473, 40.893193]]}}, {"type": "Feature", "properties": {"route": "2", "direction": 1, "color": "#D82233"}, "geometry": {"type": "LineString", "coordinates": [[-73.857473, 40.893193], [-73.860341, 40.888022]]}}, {"type": "Feature", "properties": {"route": "2", "direction": 1, "color": "#D82233"}, "geometry": {"type": "LineString", "coordinates": [[-73.860341, 40.888022], [-73.862633, 40.883895]]}}, {"type": "Feature", "properties": {"route": "2", "direction": 1, "color": "#D82233"}, "geometry": {"type": "LineString", "coordinates": [[-73.862633, 40.883895], [-73.866256, 40.87785]]}}, {"type": "Feature", "properties": {"route": "2", "direction": 1, "color": "#D82233"}, "geometry": {"type": "LineString", "coordinates": [[-73.866256, 40.87785], [-73.867164, 40.871356]]}}, {"type": "Feature", "properties": {"route": "2", "direction": 1, "color": "#D82233"}, "geometry": {"type": "LineString", "coordinates": [[-73.867164, 40.871356], [-73.867352, 40.865462]]}}, {"type": "Feature", "properties": {"route": "2", "direction": 1, "color": "#D82233"}, "geometry": {"type": "LineString", "coordinates": [[-73.867352, 40.865462], [-73.867615, 40.857192]]}}, {"type": "Feature", "properties": {"route": "2", "direction": 1, "color": "#D82233"}, "geometry": {"type": "LineString", "coordinates": [[-73.867615, 40.857192], [-73.868457, 40.848828]]}}, {"type": "Feature", "properties": {"route": "2", "direction": 1, "color": "#D82233"}, "geometry": {"type": "LineString", "coordinates": [[-73.868457, 40.848828], [-73.873488, 40.841894]]}}, {"type": "Feature", "properties": {"route": "2", "direction": 1, "color": "#D82233"}, "geometry": {"type": "LineString", "coordinates": [[-73.873488, 40.841894], [-73.880049, 40.840295]]}}, {"type": "Feature", "properties": {"route": "2", "direction": 1, "color": "#D82233"}, "geometry": {"type": "LineString", "coordinates": [[-73.880049, 40.840295], [-73.887734, 40.837288]]}}, {"type": "Feature", "properties": {"route": "2", "direction": 1, "color": "#D82233"}, "geometry": {"type": "LineString", "coordinates": [[-73.887734, 40.837288], [-73.891865, 40.829993]]}}, {"type": "Feature", "properties": {"route": "2", "direction": 1, "color": "#D82233"}, "geometry": {"type": "LineString", "coordinates": [[-73.891865, 40.829993], [-73.893064, 40.824073]]}}, {"type": "Feature", "properties": {"route": "2", "direction": 1, "color": "#D82233"}, "geometry": {"type": "LineString", "coordinates": [[-73.893064, 40.824073], [-73.896736, 40.822181]]}}, {"type": "Feature", "properties": {"route": "2", "direction": 1, "color": "#D82233"}, "geometry": {"type": "LineString", "coordinates": [[-73.896736, 40.822181], [-73.90177, 40.819585]]}}, {"type": "Feature", "properties": {"route": "2", "direction": 1, "color": "#D82233"}, "geometry": {"type": "LineString", "coordinates": [[-73.90177, 40.819585], [-73.907807, 40.81649]]}}, {"type": "Feature", "properties": {"route": "2", "direction": 1, "color": "#D82233"}, "geometry": {"type": "LineString", "coordinates": [[-73.907807, 40.81649], [-73.917757, 40.816109]]}}, {"type": "Feature", "properties": {"route": "2", "direction": 1, "color": "#D82233"}, "geometry": {"type": "LineString", "coordinates": [[-73.917757, 40.816109], [-73.926718, 40.81841]]}}, {"type": "Feature", "properties": {"route": "2", "direction": 1, "color": "#D82233"}, "geometry": {"type": "LineString", "coordinates": [[-73.926718, 40.81841], [-73.94077, 40.814229]]}}, {"type": "Feature", "properties": {"route": "2", "direction": 1, "color": "#D82233"}, "geometry": {"type": "LineString", "coordinates": [[-73.94077, 40.814229], [-73.945495, 40.807754]]}}, {"type": "Feature", "properties": {"route": "2", "direction": 1, "color": "#D82233"}, "geometry": {"type": "LineString", "coordinates": [[-73.945495, 40.807754], [-73.949625, 40.802098]]}}, {"type": "Feature", "properties": {"route": "2", "direction": 1, "color": "#D82233"}, "geometry": {"type": "LineString", "coordinates": [[-73.949625, 40.802098], [-73.951822, 40.799075]]}}, {"type": "Feature", "properties": {"route": "2", "direction": 1, "color": "#D82233"}, "geometry": {"type": "LineString", "coordinates": [[-73.951822, 40.799075], [-73.972323, 40.793919]]}}, {"type": "Feature", "properties": {"route": "2", "direction": 1, "color": "#D82233"}, "geometry": {"type": "LineString", "coordinates": [[-74.008811, 40.713051], [-74.006571, 40.709416]]}}, {"type": "Feature", "properties": {"route": "2", "direction": 1, "color": "#D82233"}, "geometry": {"type": "LineString", "coordinates": [[-74.006571, 40.709416], [-74.0091, 40.706821]]}}, {"type": "Feature", "properties": {"route": "2", "direction": 1, "color": "#D82233"}, "geometry": {"type": "LineString", "coordinates": [[-74.0091, 40.706821], [-73.993086, 40.697466]]}}, {"type": "Feature", "properties": {"route": "2", "direction": 1, "color": "#D82233"}, "geometry": {"type": "LineString", "coordinates": [[-73.993086, 40.697466], [-73.989998, 40.693219]]}}, {"type": "Feature", "properties": {"route": "2", "direction": 1, "color": "#D82233"}, "geometry": {"type": "LineString", "coordinates": [[-73.989998, 40.693219], [-73.985065, 40.690545]]}}, {"type": "Feature", "properties": {"route": "2", "direction": 1, "color": "#D82233"}, "geometry": {"type": "LineString", "coordinates": [[-73.985065, 40.690545], [-73.980492, 40.688246]]}}, {"type": "Feature", "properties": {"route": "2", "direction": 1, "color": "#D82233"}, "geometry": {"type": "LineString", "coordinates": [[-73.980492, 40.688246], [-73.977666, 40.684359]]}}, {"type": "Feature", "properties": {"route": "2", "direction": 1, "color": "#D82233"}, "geometry": {"type": "LineString", "coordinates": [[-73.977666, 40.684359], [-73.975098, 40.680829]]}}, {"type": "Feature", "properties": {"route": "2", "direction": 1, "color": "#D82233"}, "geometry": {"type": "LineString", "coordinates": [[-73.975098, 40.680829], [-73.971046, 40.675235]]}}, {"type": "Feature", "properties": {"route": "2", "direction": 1, "color": "#D82233"}, "geometry": {"type": "LineString", "coordinates": [[-73.971046, 40.675235], [-73.964375, 40.671987]]}}, {"type": "Feature", "properties": {"route": "2", "direction": 1, "color": "#D82233"}, "geometry": {"type": "LineString", "coordinates": [[-73.964375, 40.671987], [-73.958131, 40.670682]]}}, {"type": "Feature", "properties": {"route": "2", "direction": 1, "color": "#D82233"}, "geometry": {"type": "LineString", "coordinates": [[-73.958131, 40.670682], [-73.950683, 40.667883]]}}, {"type": "Feature", "properties": {"route": "2", "direction": 1, "color": "#D82233"}, "geometry": {"type": "LineString", "coordinates": [[-73.958131, 40.670682], [-73.950466, 40.669847]]}}, {"type": "Feature", "properties": {"route": "2", "direction": 1, "color": "#D82233"}, "geometry": {"type": "LineString", "coordinates": [[-73.950683, 40.667883], [-73.95085, 40.662742]]}}, {"type": "Feature", "properties": {"route": "2", "direction": 1, "color": "#D82233"}, "geometry": {"type": "LineString", "coordinates": [[-73.95085, 40.662742], [-73.9502, 40.656652]]}}, {"type": "Feature", "properties": {"route": "2", "direction": 1, "color": "#D82233"}, "geometry": {"type": "LineString", "coordinates": [[-73.9502, 40.656652], [-73.949575, 40.650843]]}}, {"type": "Feature", "properties": {"route": "2", "direction": 1, "color": "#D82233"}, "geometry": {"type": "LineString", "coordinates": [[-73.949575, 40.650843], [-73.948959, 40.645098]]}}, {"type": "Feature", "properties": {"route": "2", "direction": 1, "color": "#D82233"}, "geometry": {"type": "LineString", "coordinates": [[-73.948959, 40.645098], [-73.948411, 40.639967]]}}, {"type": "Feature", "properties": {"route": "2", "direction": 1, "color": "#D82233"}, "geometry": {"type": "LineString", "coordinates": [[-73.948411, 40.639967], [-73.947642, 40.632836]]}}, {"type": "Feature", "properties": {"route": "2", "direction": 1, "color": "#D82233"}, "geometry": {"type": "LineString", "coordinates": [[-73.950466, 40.669847], [-73.942161, 40.669399]]}}, {"type": "Feature", "properties": {"route": "2", "direction": 1, "color": "#D82233"}, "geometry": {"type": "LineString", "coordinates": [[-73.942161, 40.669399], [-73.932942, 40.668897]]}}, {"type": "Feature", "properties": {"route": "2", "direction": 1, "color": "#D82233"}, "geometry": {"type": "LineString", "coordinates": [[-73.932942, 40.668897], [-73.92261, 40.664717]]}}, {"type": "Feature", "properties": {"route": "2", "direction": 1, "color": "#D82233"}, "geometry": {"type": "LineString", "coordinates": [[-73.92261, 40.664717], [-73.916327, 40.661453]]}}, {"type": "Feature", "properties": {"route": "2", "direction": 1, "color": "#D82233"}, "geometry": {"type": "LineString", "coordinates": [[-73.916327, 40.661453], [-73.908946, 40.662549]]}}, {"type": "Feature", "properties": {"route": "2", "direction": 1, "color": "#D82233"}, "geometry": {"type": "LineString", "coordinates": [[-73.908946, 40.662549], [-73.902447, 40.663515]]}}, {"type": "Feature", "properties": {"route": "2", "direction": 1, "color": "#D82233"}, "geometry": {"type": "LineString", "coordinates": [[-73.902447, 40.663515], [-73.894895, 40.664635]]}}, {"type": "Feature", "properties": {"route": "2", "direction": 1, "color": "#D82233"}, "geometry": {"type": "LineString", "coordinates": [[-73.894895, 40.664635], [-73.889395, 40.665449]]}}, {"type": "Feature", "properties": {"route": "2", "direction": 1, "color": "#D82233"}, "geometry": {"type": "LineString", "coordinates": [[-73.889395, 40.665449], [-73.884079, 40.666235]]}}, {"type": "Feature", "properties": {"route": "3", "direction": 0, "color": "#D82233"}, "geometry": {"type": "LineString", "coordinates": [[-73.972323, 40.793919], [-73.951822, 40.799075]]}}, {"type": "Feature", "properties": {"route": "3", "direction": 0, "color": "#D82233"}, "geometry": {"type": "LineString", "coordinates": [[-73.98197, 40.778453], [-73.972323, 40.793919]]}}, {"type": "Feature", "properties": {"route": "3", "direction": 0, "color": "#D82233"}, "geometry": {"type": "LineString", "coordinates": [[-73.987495, 40.75529], [-73.98197, 40.778453]]}}, {"type": "Feature", "properties": {"route": "3", "direction": 0, "color": "#D82233"}, "geometry": {"type": "LineString", "coordinates": [[-73.991057, 40.750373], [-73.987495, 40.75529]]}}, {"type": "Feature", "properties": {"route": "3", "direction": 0, "color": "#D82233"}, "geometry": {"type": "LineString", "coordinates": [[-74.000201, 40.737826], [-73.991057, 40.750373]]}}, {"type": "Feature", "properties": {"route": "3", "direction": 0, "color": "#D82233"}, "geometry": {"type": "LineString", "coordinates": [[-74.009266, 40.715478], [-74.000201, 40.737826]]}}, {"type": "Feature", "properties": {"route": "3", "direction": 0, "color": "#D82233"}, "geometry": {"type": "LineString", "coordinates": [[-73.94077, 40.814229], [-73.936245, 40.820421]]}}, {"type": "Feature", "properties": {"route": "3", "direction": 0, "color": "#D82233"}, "geometry": {"type": "LineString", "coordinates": [[-73.945495, 40.807754], [-73.94077, 40.814229]]}}, {"type": "Feature", "properties": {"route": "3", "direction": 0, "color": "#D82233"}, "geometry": {"type": "LineString", "coordinates": [[-73.949625, 40.802098], [-73.945495, 40.807754]]}}, {"type": "Feature", "properties": {"route": "3", "direction": 0, "color": "#D82233"}, "geometry": {"type": "LineString", "coordinates": [[-73.951822, 40.799075], [-73.949625, 40.802098]]}}, {"type": "Feature", "properties": {"route": "3", "direction": 0, "color": "#D82233"}, "geometry": {"type": "LineString", "coordinates": [[-74.008811, 40.713051], [-74.009266, 40.715478]]}}, {"type": "Feature", "properties": {"route": "3", "direction": 0, "color": "#D82233"}, "geometry": {"type": "LineString", "coordinates": [[-74.006571, 40.709416], [-74.008811, 40.713051]]}}, {"type": "Feature", "properties": {"route": "3", "direction": 0, "color": "#D82233"}, "geometry": {"type": "LineString", "coordinates": [[-74.0091, 40.706821], [-74.006571, 40.709416]]}}, {"type": "Feature", "properties": {"route": "3", "direction": 0, "color": "#D82233"}, "geometry": {"type": "LineString", "coordinates": [[-73.993086, 40.697466], [-74.0091, 40.706821]]}}, {"type": "Feature", "properties": {"route": "3", "direction": 0, "color": "#D82233"}, "geometry": {"type": "LineString", "coordinates": [[-73.989998, 40.693219], [-73.993086, 40.697466]]}}, {"type": "Feature", "properties": {"route": "3", "direction": 0, "color": "#D82233"}, "geometry": {"type": "LineString", "coordinates": [[-73.985065, 40.690545], [-73.989998, 40.693219]]}}, {"type": "Feature", "properties": {"route": "3", "direction": 0, "color": "#D82233"}, "geometry": {"type": "LineString", "coordinates": [[-73.980492, 40.688246], [-73.985065, 40.690545]]}}, {"type": "Feature", "properties": {"route": "3", "direction": 0, "color": "#D82233"}, "geometry": {"type": "LineString", "coordinates": [[-73.977666, 40.684359], [-73.980492, 40.688246]]}}, {"type": "Feature", "properties": {"route": "3", "direction": 0, "color": "#D82233"}, "geometry": {"type": "LineString", "coordinates": [[-73.975098, 40.680829], [-73.977666, 40.684359]]}}, {"type": "Feature", "properties": {"route": "3", "direction": 0, "color": "#D82233"}, "geometry": {"type": "LineString", "coordinates": [[-73.971046, 40.675235], [-73.975098, 40.680829]]}}, {"type": "Feature", "properties": {"route": "3", "direction": 0, "color": "#D82233"}, "geometry": {"type": "LineString", "coordinates": [[-73.964375, 40.671987], [-73.971046, 40.675235]]}}, {"type": "Feature", "properties": {"route": "3", "direction": 0, "color": "#D82233"}, "geometry": {"type": "LineString", "coordinates": [[-73.958131, 40.670682], [-73.964375, 40.671987]]}}, {"type": "Feature", "properties": {"route": "3", "direction": 0, "color": "#D82233"}, "geometry": {"type": "LineString", "coordinates": [[-73.950466, 40.669847], [-73.958131, 40.670682]]}}, {"type": "Feature", "properties": {"route": "3", "direction": 0, "color": "#D82233"}, "geometry": {"type": "LineString", "coordinates": [[-73.942161, 40.669399], [-73.950466, 40.669847]]}}, {"type": "Feature", "properties": {"route": "3", "direction": 0, "color": "#D82233"}, "geometry": {"type": "LineString", "coordinates": [[-73.932942, 40.668897], [-73.942161, 40.669399]]}}, {"type": "Feature", "properties": {"route": "3", "direction": 0, "color": "#D82233"}, "geometry": {"type": "LineString", "coordinates": [[-73.92261, 40.664717], [-73.932942, 40.668897]]}}, {"type": "Feature", "properties": {"route": "3", "direction": 0, "color": "#D82233"}, "geometry": {"type": "LineString", "coordinates": [[-73.916327, 40.661453], [-73.92261, 40.664717]]}}, {"type": "Feature", "properties": {"route": "3", "direction": 0, "color": "#D82233"}, "geometry": {"type": "LineString", "coordinates": [[-73.908946, 40.662549], [-73.916327, 40.661453]]}}, {"type": "Feature", "properties": {"route": "3", "direction": 0, "color": "#D82233"}, "geometry": {"type": "LineString", "coordinates": [[-73.902447, 40.663515], [-73.908946, 40.662549]]}}, {"type": "Feature", "properties": {"route": "3", "direction": 0, "color": "#D82233"}, "geometry": {"type": "LineString", "coordinates": [[-73.894895, 40.664635], [-73.902447, 40.663515]]}}, {"type": "Feature", "properties": {"route": "3", "direction": 0, "color": "#D82233"}, "geometry": {"type": "LineString", "coordinates": [[-73.889395, 40.665449], [-73.894895, 40.664635]]}}, {"type": "Feature", "properties": {"route": "3", "direction": 0, "color": "#D82233"}, "geometry": {"type": "LineString", "coordinates": [[-73.884079, 40.666235], [-73.889395, 40.665449]]}}, {"type": "Feature", "properties": {"route": "3", "direction": 0, "color": "#D82233"}, "geometry": {"type": "LineString", "coordinates": [[-73.936245, 40.820421], [-73.93647, 40.82388]]}}, {"type": "Feature", "properties": {"route": "3", "direction": 1, "color": "#D82233"}, "geometry": {"type": "LineString", "coordinates": [[-73.972323, 40.793919], [-73.98197, 40.778453]]}}, {"type": "Feature", "properties": {"route": "3", "direction": 1, "color": "#D82233"}, "geometry": {"type": "LineString", "coordinates": [[-73.98197, 40.778453], [-73.987495, 40.75529]]}}, {"type": "Feature", "properties": {"route": "3", "direction": 1, "color": "#D82233"}, "geometry": {"type": "LineString", "coordinates": [[-73.987495, 40.75529], [-73.991057, 40.750373]]}}, {"type": "Feature", "properties": {"route": "3", "direction": 1, "color": "#D82233"}, "geometry": {"type": "LineString", "coordinates": [[-73.991057, 40.750373], [-74.000201, 40.737826]]}}, {"type": "Feature", "properties": {"route": "3", "direction": 1, "color": "#D82233"}, "geometry": {"type": "LineString", "coordinates": [[-74.000201, 40.737826], [-74.009266, 40.715478]]}}, {"type": "Feature", "properties": {"route": "3", "direction": 1, "color": "#D82233"}, "geometry": {"type": "LineString", "coordinates": [[-74.009266, 40.715478], [-74.008811, 40.713051]]}}, {"type": "Feature", "properties": {"route": "3", "direction": 1, "color": "#D82233"}, "geometry": {"type": "LineString", "coordinates": [[-73.94077, 40.814229], [-73.945495, 40.807754]]}}, {"type": "Feature", "properties": {"route": "3", "direction": 1, "color": "#D82233"}, "geometry": {"type": "LineString", "coordinates": [[-73.945495, 40.807754], [-73.949625, 40.802098]]}}, {"type": "Feature", "properties": {"route": "3", "direction": 1, "color": "#D82233"}, "geometry": {"type": "LineString", "coordinates": [[-73.949625, 40.802098], [-73.951822, 40.799075]]}}, {"type": "Feature", "properties": {"route": "3", "direction": 1, "color": "#D82233"}, "geometry": {"type": "LineString", "coordinates": [[-73.951822, 40.799075], [-73.972323, 40.793919]]}}, {"type": "Feature", "properties": {"route": "3", "direction": 1, "color": "#D82233"}, "geometry": {"type": "LineString", "coordinates": [[-74.008811, 40.713051], [-74.006571, 40.709416]]}}, {"type": "Feature", "properties": {"route": "3", "direction": 1, "color": "#D82233"}, "geometry": {"type": "LineString", "coordinates": [[-74.006571, 40.709416], [-74.0091, 40.706821]]}}, {"type": "Feature", "properties": {"route": "3", "direction": 1, "color": "#D82233"}, "geometry": {"type": "LineString", "coordinates": [[-74.0091, 40.706821], [-73.993086, 40.697466]]}}, {"type": "Feature", "properties": {"route": "3", "direction": 1, "color": "#D82233"}, "geometry": {"type": "LineString", "coordinates": [[-73.993086, 40.697466], [-73.989998, 40.693219]]}}, {"type": "Feature", "properties": {"route": "3", "direction": 1, "color": "#D82233"}, "geometry": {"type": "LineString", "coordinates": [[-73.989998, 40.693219], [-73.985065, 40.690545]]}}, {"type": "Feature", "properties": {"route": "3", "direction": 1, "color": "#D82233"}, "geometry": {"type": "LineString", "coordinates": [[-73.985065, 40.690545], [-73.980492, 40.688246]]}}, {"type": "Feature", "properties": {"route": "3", "direction": 1, "color": "#D82233"}, "geometry": {"type": "LineString", "coordinates": [[-73.980492, 40.688246], [-73.977666, 40.684359]]}}, {"type": "Feature", "properties": {"route": "3", "direction": 1, "color": "#D82233"}, "geometry": {"type": "LineString", "coordinates": [[-73.977666, 40.684359], [-73.975098, 40.680829]]}}, {"type": "Feature", "properties": {"route": "3", "direction": 1, "color": "#D82233"}, "geometry": {"type": "LineString", "coordinates": [[-73.975098, 40.680829], [-73.971046, 40.675235]]}}, {"type": "Feature", "properties": {"route": "3", "direction": 1, "color": "#D82233"}, "geometry": {"type": "LineString", "coordinates": [[-73.971046, 40.675235], [-73.964375, 40.671987]]}}, {"type": "Feature", "properties": {"route": "3", "direction": 1, "color": "#D82233"}, "geometry": {"type": "LineString", "coordinates": [[-73.964375, 40.671987], [-73.958131, 40.670682]]}}, {"type": "Feature", "properties": {"route": "3", "direction": 1, "color": "#D82233"}, "geometry": {"type": "LineString", "coordinates": [[-73.958131, 40.670682], [-73.950466, 40.669847]]}}, {"type": "Feature", "properties": {"route": "3", "direction": 1, "color": "#D82233"}, "geometry": {"type": "LineString", "coordinates": [[-73.950466, 40.669847], [-73.942161, 40.669399]]}}, {"type": "Feature", "properties": {"route": "3", "direction": 1, "color": "#D82233"}, "geometry": {"type": "LineString", "coordinates": [[-73.942161, 40.669399], [-73.932942, 40.668897]]}}, {"type": "Feature", "properties": {"route": "3", "direction": 1, "color": "#D82233"}, "geometry": {"type": "LineString", "coordinates": [[-73.932942, 40.668897], [-73.92261, 40.664717]]}}, {"type": "Feature", "properties": {"route": "3", "direction": 1, "color": "#D82233"}, "geometry": {"type": "LineString", "coordinates": [[-73.92261, 40.664717], [-73.916327, 40.661453]]}}, {"type": "Feature", "properties": {"route": "3", "direction": 1, "color": "#D82233"}, "geometry": {"type": "LineString", "coordinates": [[-73.916327, 40.661453], [-73.908946, 40.662549]]}}, {"type": "Feature", "properties": {"route": "3", "direction": 1, "color": "#D82233"}, "geometry": {"type": "LineString", "coordinates": [[-73.908946, 40.662549], [-73.902447, 40.663515]]}}, {"type": "Feature", "properties": {"route": "3", "direction": 1, "color": "#D82233"}, "geometry": {"type": "LineString", "coordinates": [[-73.902447, 40.663515], [-73.894895, 40.664635]]}}, {"type": "Feature", "properties": {"route": "3", "direction": 1, "color": "#D82233"}, "geometry": {"type": "LineString", "coordinates": [[-73.894895, 40.664635], [-73.889395, 40.665449]]}}, {"type": "Feature", "properties": {"route": "3", "direction": 1, "color": "#D82233"}, "geometry": {"type": "LineString", "coordinates": [[-73.889395, 40.665449], [-73.884079, 40.666235]]}}, {"type": "Feature", "properties": {"route": "3", "direction": 1, "color": "#D82233"}, "geometry": {"type": "LineString", "coordinates": [[-73.93647, 40.82388], [-73.936245, 40.820421]]}}, {"type": "Feature", "properties": {"route": "3", "direction": 1, "color": "#D82233"}, "geometry": {"type": "LineString", "coordinates": [[-73.936245, 40.820421], [-73.94077, 40.814229]]}}, {"type": "Feature", "properties": {"route": "4", "direction": 0, "color": "#009952"}, "geometry": {"type": "LineString", "coordinates": [[-73.980492, 40.688246], [-73.990151, 40.692404]]}}, {"type": "Feature", "properties": {"route": "4", "direction": 0, "color": "#009952"}, "geometry": {"type": "LineString", "coordinates": [[-73.977666, 40.684359], [-73.980492, 40.688246]]}}, {"type": "Feature", "properties": {"route": "4", "direction": 0, "color": "#009952"}, "geometry": {"type": "LineString", "coordinates": [[-73.958131, 40.670682], [-73.977666, 40.684359]]}}, {"type": "Feature", "properties": {"route": "4", "direction": 0, "color": "#009952"}, "geometry": {"type": "LineString", "coordinates": [[-73.950466, 40.669847], [-73.958131, 40.670682]]}}, {"type": "Feature", "properties": {"route": "4", "direction": 0, "color": "#009952"}, "geometry": {"type": "LineString", "coordinates": [[-73.942161, 40.669399], [-73.950466, 40.669847]]}}, {"type": "Feature", "properties": {"route": "4", "direction": 0, "color": "#009952"}, "geometry": {"type": "LineString", "coordinates": [[-73.932942, 40.668897], [-73.958131, 40.670682]]}}, {"type": "Feature", "properties": {"route": "4", "direction": 0, "color": "#009952"}, "geometry": {"type": "LineString", "coordinates": [[-73.932942, 40.668897], [-73.942161, 40.669399]]}}, {"type": "Feature", "properties": {"route": "4", "direction": 0, "color": "#009952"}, "geometry": {"type": "LineString", "coordinates": [[-73.92261, 40.664717], [-73.932942, 40.668897]]}}, {"type": "Feature", "properties": {"route": "4", "direction": 0, "color": "#009952"}, "geometry": {"type": "LineString", "coordinates": [[-73.916327, 40.661453], [-73.92261, 40.664717]]}}, {"type": "Feature", "properties": {"route": "4", "direction": 0, "color": "#009952"}, "geometry": {"type": "LineString", "coordinates": [[-73.908946, 40.662549], [-73.916327, 40.661453]]}}, {"type": "Feature", "properties": {"route": "4", "direction": 0, "color": "#009952"}, "geometry": {"type": "LineString", "coordinates": [[-73.902447, 40.663515], [-73.908946, 40.662549]]}}, {"type": "Feature", "properties": {"route": "4", "direction": 0, "color": "#009952"}, "geometry": {"type": "LineString", "coordinates": [[-73.894895, 40.664635], [-73.902447, 40.663515]]}}, {"type": "Feature", "properties": {"route": "4", "direction": 0, "color": "#009952"}, "geometry": {"type": "LineString", "coordinates": [[-73.889395, 40.665449], [-73.894895, 40.664635]]}}, {"type": "Feature", "properties": {"route": "4", "direction": 0, "color": "#009952"}, "geometry": {"type": "LineString", "coordinates": [[-73.884079, 40.666235], [-73.889395, 40.665449]]}}, {"type": "Feature", "properties": {"route": "4", "direction": 0, "color": "#009952"}, "geometry": {"type": "LineString", "coordinates": [[-73.884655, 40.87975], [-73.878751, 40.886037]]}}, {"type": "Feature", "properties": {"route": "4", "direction": 0, "color": "#009952"}, "geometry": {"type": "LineString", "coordinates": [[-73.890064, 40.873412], [-73.884655, 40.87975]]}}, {"type": "Feature", "properties": {"route": "4", "direction": 0, "color": "#009952"}, "geometry": {"type": "LineString", "coordinates": [[-73.897174, 40.86776], [-73.890064, 40.873412]]}}, {"type": "Feature", "properties": {"route": "4", "direction": 0, "color": "#009952"}, "geometry": {"type": "LineString", "coordinates": [[-73.901034, 40.862803], [-73.897174, 40.86776]]}}, {"type": "Feature", "properties": {"route": "4", "direction": 0, "color": "#009952"}, "geometry": {"type": "LineString", "coordinates": [[-73.903879, 40.858407], [-73.901034, 40.862803]]}}, {"type": "Feature", "properties": {"route": "4", "direction": 0, "color": "#009952"}, "geometry": {"type": "LineString", "coordinates": [[-73.907684, 40.853453], [-73.903879, 40.858407]]}}, {"type": "Feature", "properties": {"route": "4", "direction": 0, "color": "#009952"}, "geometry": {"type": "LineString", "coordinates": [[-73.911794, 40.84848], [-73.907684, 40.853453]]}}, {"type": "Feature", "properties": {"route": "4", "direction": 0, "color": "#009952"}, "geometry": {"type": "LineString", "coordinates": [[-73.914685, 40.844434], [-73.911794, 40.84848]]}}, {"type": "Feature", "properties": {"route": "4", "direction": 0, "color": "#009952"}, "geometry": {"type": "LineString", "coordinates": [[-73.917791, 40.840075], [-73.914685, 40.844434]]}}, {"type": "Feature", "properties": {"route": "4", "direction": 0, "color": "#009952"}, "geometry": {"type": "LineString", "coordinates": [[-73.9214, 40.835537], [-73.917791, 40.840075]]}}, {"type": "Feature", "properties": {"route": "4", "direction": 0, "color": "#009952"}, "geometry": {"type": "LineString", "coordinates": [[-73.925831, 40.827994], [-73.9214, 40.835537]]}}, {"type": "Feature", "properties": {"route": "4", "direction": 0, "color": "#009952"}, "geometry": {"type": "LineString", "coordinates": [[-73.927351, 40.818375], [-73.925831, 40.827994]]}}, {"type": "Feature", "properties": {"route": "4", "direction": 0, "color": "#009952"}, "geometry": {"type": "LineString", "coordinates": [[-73.929849, 40.813224], [-73.927351, 40.818375]]}}, {"type": "Feature", "properties": {"route": "4", "direction": 0, "color": "#009952"}, "geometry": {"type": "LineString", "coordinates": [[-74.009509, 40.710368], [-74.004131, 40.713065]]}}, {"type": "Feature", "properties": {"route": "4", "direction": 0, "color": "#009952"}, "geometry": {"type": "LineString", "coordinates": [[-74.011862, 40.707557], [-74.009509, 40.710368]]}}, {"type": "Feature", "properties": {"route": "4", "direction": 0, "color": "#009952"}, "geometry": {"type": "LineString", "coordinates": [[-74.014065, 40.704817], [-74.011862, 40.707557]]}}, {"type": "Feature", "properties": {"route": "4", "direction": 0, "color": "#009952"}, "geometry": {"type": "LineString", "coordinates": [[-73.990151, 40.692404], [-74.014065, 40.704817]]}}, {"type": "Feature", "properties": {"route": "4", "direction": 0, "color": "#009952"}, "geometry": {"type": "LineString", "coordinates": [[-73.937594, 40.804138], [-73.927351, 40.818375]]}}, {"type": "Feature", "properties": {"route": "4", "direction": 0, "color": "#009952"}, "geometry": {"type": "LineString", "coordinates": [[-73.937594, 40.804138], [-73.929849, 40.813224]]}}, {"type": "Feature", "properties": {"route": "4", "direction": 0, "color": "#009952"}, "geometry": {"type": "LineString", "coordinates": [[-73.955589, 40.779492], [-73.937594, 40.804138]]}}, {"type": "Feature", "properties": {"route": "4", "direction": 0, "color": "#009952"}, "geometry": {"type": "LineString", "coordinates": [[-73.967967, 40.762526], [-73.955589, 40.779492]]}}, {"type": "Feature", "properties": {"route": "4", "direction": 0, "color": "#009952"}, "geometry": {"type": "LineString", "coordinates": [[-73.976848, 40.751776], [-73.967967, 40.762526]]}}, {"type": "Feature", "properties": {"route": "4", "direction": 0, "color": "#009952"}, "geometry": {"type": "LineString", "coordinates": [[-73.989951, 40.734673], [-73.976848, 40.751776]]}}, {"type": "Feature", "properties": {"route": "4", "direction": 0, "color": "#009952"}, "geometry": {"type": "LineString", "coordinates": [[-74.004131, 40.713065], [-73.989951, 40.734673]]}}, {"type": "Feature", "properties": {"route": "4", "direction": 1, "color": "#009952"}, "geometry": {"type": "LineString", "coordinates": [[-73.980492, 40.688246], [-73.977666, 40.684359]]}}, {"type": "Feature", "properties": {"route": "4", "direction": 1, "color": "#009952"}, "geometry": {"type": "LineString", "coordinates": [[-73.977666, 40.684359], [-73.958131, 40.670682]]}}, {"type": "Feature", "properties": {"route": "4", "direction": 1, "color": "#009952"}, "geometry": {"type": "LineString", "coordinates": [[-73.958131, 40.670682], [-73.932942, 40.668897]]}}, {"type": "Feature", "properties": {"route": "4", "direction": 1, "color": "#009952"}, "geometry": {"type": "LineString", "coordinates": [[-73.878751, 40.886037], [-73.884655, 40.87975]]}}, {"type": "Feature", "properties": {"route": "4", "direction": 1, "color": "#009952"}, "geometry": {"type": "LineString", "coordinates": [[-73.884655, 40.87975], [-73.890064, 40.873412]]}}, {"type": "Feature", "properties": {"route": "4", "direction": 1, "color": "#009952"}, "geometry": {"type": "LineString", "coordinates": [[-73.890064, 40.873412], [-73.897174, 40.86776]]}}, {"type": "Feature", "properties": {"route": "4", "direction": 1, "color": "#009952"}, "geometry": {"type": "LineString", "coordinates": [[-73.897174, 40.86776], [-73.901034, 40.862803]]}}, {"type": "Feature", "properties": {"route": "4", "direction": 1, "color": "#009952"}, "geometry": {"type": "LineString", "coordinates": [[-73.901034, 40.862803], [-73.903879, 40.858407]]}}, {"type": "Feature", "properties": {"route": "4", "direction": 1, "color": "#009952"}, "geometry": {"type": "LineString", "coordinates": [[-73.903879, 40.858407], [-73.907684, 40.853453]]}}, {"type": "Feature", "properties": {"route": "4", "direction": 1, "color": "#009952"}, "geometry": {"type": "LineString", "coordinates": [[-73.907684, 40.853453], [-73.911794, 40.84848]]}}, {"type": "Feature", "properties": {"route": "4", "direction": 1, "color": "#009952"}, "geometry": {"type": "LineString", "coordinates": [[-73.911794, 40.84848], [-73.914685, 40.844434]]}}, {"type": "Feature", "properties": {"route": "4", "direction": 1, "color": "#009952"}, "geometry": {"type": "LineString", "coordinates": [[-73.914685, 40.844434], [-73.917791, 40.840075]]}}, {"type": "Feature", "properties": {"route": "4", "direction": 1, "color": "#009952"}, "geometry": {"type": "LineString", "coordinates": [[-73.917791, 40.840075], [-73.9214, 40.835537]]}}, {"type": "Feature", "properties": {"route": "4", "direction": 1, "color": "#009952"}, "geometry": {"type": "LineString", "coordinates": [[-73.9214, 40.835537], [-73.925831, 40.827994]]}}, {"type": "Feature", "properties": {"route": "4", "direction": 1, "color": "#009952"}, "geometry": {"type": "LineString", "coordinates": [[-73.925831, 40.827994], [-73.927351, 40.818375]]}}, {"type": "Feature", "properties": {"route": "4", "direction": 1, "color": "#009952"}, "geometry": {"type": "LineString", "coordinates": [[-73.927351, 40.818375], [-73.929849, 40.813224]]}}, {"type": "Feature", "properties": {"route": "4", "direction": 1, "color": "#009952"}, "geometry": {"type": "LineString", "coordinates": [[-73.927351, 40.818375], [-73.937594, 40.804138]]}}, {"type": "Feature", "properties": {"route": "4", "direction": 1, "color": "#009952"}, "geometry": {"type": "LineString", "coordinates": [[-73.929849, 40.813224], [-73.937594, 40.804138]]}}, {"type": "Feature", "properties": {"route": "4", "direction": 1, "color": "#009952"}, "geometry": {"type": "LineString", "coordinates": [[-74.009509, 40.710368], [-74.011862, 40.707557]]}}, {"type": "Feature", "properties": {"route": "4", "direction": 1, "color": "#009952"}, "geometry": {"type": "LineString", "coordinates": [[-74.011862, 40.707557], [-74.014065, 40.704817]]}}, {"type": "Feature", "properties": {"route": "4", "direction": 1, "color": "#009952"}, "geometry": {"type": "LineString", "coordinates": [[-74.014065, 40.704817], [-73.990151, 40.692404]]}}, {"type": "Feature", "properties": {"route": "4", "direction": 1, "color": "#009952"}, "geometry": {"type": "LineString", "coordinates": [[-73.990151, 40.692404], [-73.980492, 40.688246]]}}, {"type": "Feature", "properties": {"route": "4", "direction": 1, "color": "#009952"}, "geometry": {"type": "LineString", "coordinates": [[-73.937594, 40.804138], [-73.955589, 40.779492]]}}, {"type": "Feature", "properties": {"route": "4", "direction": 1, "color": "#009952"}, "geometry": {"type": "LineString", "coordinates": [[-73.955589, 40.779492], [-73.967967, 40.762526]]}}, {"type": "Feature", "properties": {"route": "4", "direction": 1, "color": "#009952"}, "geometry": {"type": "LineString", "coordinates": [[-73.967967, 40.762526], [-73.976848, 40.751776]]}}, {"type": "Feature", "properties": {"route": "4", "direction": 1, "color": "#009952"}, "geometry": {"type": "LineString", "coordinates": [[-73.976848, 40.751776], [-73.989951, 40.734673]]}}, {"type": "Feature", "properties": {"route": "4", "direction": 1, "color": "#009952"}, "geometry": {"type": "LineString", "coordinates": [[-73.989951, 40.734673], [-74.004131, 40.713065]]}}, {"type": "Feature", "properties": {"route": "4", "direction": 1, "color": "#009952"}, "geometry": {"type": "LineString", "coordinates": [[-74.004131, 40.713065], [-74.009509, 40.710368]]}}, {"type": "Feature", "properties": {"route": "5", "direction": 0, "color": "#009952"}, "geometry": {"type": "LineString", "coordinates": [[-73.873488, 40.841894], [-73.866256, 40.87785]]}}, {"type": "Feature", "properties": {"route": "5", "direction": 0, "color": "#009952"}, "geometry": {"type": "LineString", "coordinates": [[-73.873488, 40.841894], [-73.860495, 40.854364]]}}, {"type": "Feature", "properties": {"route": "5", "direction": 0, "color": "#009952"}, "geometry": {"type": "LineString", "coordinates": [[-73.880049, 40.840295], [-73.873488, 40.841894]]}}, {"type": "Feature", "properties": {"route": "5", "direction": 0, "color": "#009952"}, "geometry": {"type": "LineString", "coordinates": [[-73.887734, 40.837288], [-73.880049, 40.840295]]}}, {"type": "Feature", "properties": {"route": "5", "direction": 0, "color": "#009952"}, "geometry": {"type": "LineString", "coordinates": [[-73.891865, 40.829993], [-73.887734, 40.837288]]}}, {"type": "Feature", "properties": {"route": "5", "direction": 0, "color": "#009952"}, "geometry": {"type": "LineString", "coordinates": [[-73.893064, 40.824073], [-73.891865, 40.829993]]}}, {"type": "Feature", "properties": {"route": "5", "direction": 0, "color": "#009952"}, "geometry": {"type": "LineString", "coordinates": [[-73.896736, 40.822181], [-73.893064, 40.824073]]}}, {"type": "Feature", "properties": {"route": "5", "direction": 0, "color": "#009952"}, "geometry": {"type": "LineString", "coordinates": [[-73.90177, 40.819585], [-73.896736, 40.822181]]}}, {"type": "Feature", "properties": {"route": "5", "direction": 0, "color": "#009952"}, "geometry": {"type": "LineString", "coordinates": [[-73.907807, 40.81649], [-73.90177, 40.819585]]}}, {"type": "Feature", "properties": {"route": "5", "direction": 0, "color": "#009952"}, "geometry": {"type": "LineString", "coordinates": [[-73.917757, 40.816109], [-73.873488, 40.841894]]}}, {"type": "Feature", "properties": {"route": "5", "direction": 0, "color": "#009952"}, "geometry": {"type": "LineString", "coordinates": [[-73.917757, 40.816109], [-73.907807, 40.81649]]}}, {"type": "Feature", "properties": {"route": "5", "direction": 0, "color": "#009952"}, "geometry": {"type": "LineString", "coordinates": [[-73.926718, 40.81841], [-73.917757, 40.816109]]}}, {"type": "Feature", "properties": {"route": "5", "direction": 0, "color": "#009952"}, "geometry": {"type": "LineString", "coordinates": [[-73.980492, 40.688246], [-73.990151, 40.692404]]}}, {"type": "Feature", "properties": {"route": "5", "direction": 0, "color": "#009952"}, "geometry": {"type": "LineString", "coordinates": [[-73.977666, 40.684359], [-73.980492, 40.688246]]}}, {"type": "Feature", "properties": {"route": "5", "direction": 0, "color": "#009952"}, "geometry": {"type": "LineString", "coordinates": [[-73.958131, 40.670682], [-73.977666, 40.684359]]}}, {"type": "Feature", "properties": {"route": "5", "direction": 0, "color": "#009952"}, "geometry": {"type": "LineString", "coordinates": [[-73.950683, 40.667883], [-73.958131, 40.670682]]}}, {"type": "Feature", "properties": {"route": "5", "direction": 0, "color": "#009952"}, "geometry": {"type": "LineString", "coordinates": [[-73.95085, 40.662742], [-73.950683, 40.667883]]}}, {"type": "Feature", "properties": {"route": "5", "direction": 0, "color": "#009952"}, "geometry": {"type": "LineString", "coordinates": [[-73.9502, 40.656652], [-73.95085, 40.662742]]}}, {"type": "Feature", "properties": {"route": "5", "direction": 0, "color": "#009952"}, "geometry": {"type": "LineString", "coordinates": [[-73.949575, 40.650843], [-73.9502, 40.656652]]}}, {"type": "Feature", "properties": {"route": "5", "direction": 0, "color": "#009952"}, "geometry": {"type": "LineString", "coordinates": [[-73.948959, 40.645098], [-73.949575, 40.650843]]}}, {"type": "Feature", "properties": {"route": "5", "direction": 0, "color": "#009952"}, "geometry": {"type": "LineString", "coordinates": [[-73.948411, 40.639967], [-73.948959, 40.645098]]}}, {"type": "Feature", "properties": {"route": "5", "direction": 0, "color": "#009952"}, "geometry": {"type": "LineString", "coordinates": [[-73.947642, 40.632836], [-73.948411, 40.639967]]}}, {"type": "Feature", "properties": {"route": "5", "direction": 0, "color": "#009952"}, "geometry": {"type": "LineString", "coordinates": [[-73.950466, 40.669847], [-73.958131, 40.670682]]}}, {"type": "Feature", "properties": {"route": "5", "direction": 0, "color": "#009952"}, "geometry": {"type": "LineString", "coordinates": [[-73.942161, 40.669399], [-73.950466, 40.669847]]}}, {"type": "Feature", "properties": {"route": "5", "direction": 0, "color": "#009952"}, "geometry": {"type": "LineString", "coordinates": [[-73.932942, 40.668897], [-73.958131, 40.670682]]}}, {"type": "Feature", "properties": {"route": "5", "direction": 0, "color": "#009952"}, "geometry": {"type": "LineString", "coordinates": [[-73.932942, 40.668897], [-73.942161, 40.669399]]}}, {"type": "Feature", "properties": {"route": "5", "direction": 0, "color": "#009952"}, "geometry": {"type": "LineString", "coordinates": [[-73.92261, 40.664717], [-73.932942, 40.668897]]}}, {"type": "Feature", "properties": {"route": "5", "direction": 0, "color": "#009952"}, "geometry": {"type": "LineString", "coordinates": [[-73.916327, 40.661453], [-73.92261, 40.664717]]}}, {"type": "Feature", "properties": {"route": "5", "direction": 0, "color": "#009952"}, "geometry": {"type": "LineString", "coordinates": [[-73.908946, 40.662549], [-73.916327, 40.661453]]}}, {"type": "Feature", "properties": {"route": "5", "direction": 0, "color": "#009952"}, "geometry": {"type": "LineString", "coordinates": [[-73.902447, 40.663515], [-73.908946, 40.662549]]}}, {"type": "Feature", "properties": {"route": "5", "direction": 0, "color": "#009952"}, "geometry": {"type": "LineString", "coordinates": [[-73.894895, 40.664635], [-73.902447, 40.663515]]}}, {"type": "Feature", "properties": {"route": "5", "direction": 0, "color": "#009952"}, "geometry": {"type": "LineString", "coordinates": [[-73.889395, 40.665449], [-73.894895, 40.664635]]}}, {"type": "Feature", "properties": {"route": "5", "direction": 0, "color": "#009952"}, "geometry": {"type": "LineString", "coordinates": [[-73.884079, 40.666235], [-73.889395, 40.665449]]}}, {"type": "Feature", "properties": {"route": "5", "direction": 0, "color": "#009952"}, "geometry": {"type": "LineString", "coordinates": [[-73.929849, 40.813224], [-73.926718, 40.81841]]}}, {"type": "Feature", "properties": {"route": "5", "direction": 0, "color": "#009952"}, "geometry": {"type": "LineString", "coordinates": [[-74.009509, 40.710368], [-74.004131, 40.713065]]}}, {"type": "Feature", "properties": {"route": "5", "direction": 0, "color": "#009952"}, "geometry": {"type": "LineString", "coordinates": [[-74.011862, 40.707557], [-74.009509, 40.710368]]}}, {"type": "Feature", "properties": {"route": "5", "direction": 0, "color": "#009952"}, "geometry": {"type": "LineString", "coordinates": [[-74.014065, 40.704817], [-74.011862, 40.707557]]}}, {"type": "Feature", "properties": {"route": "5", "direction": 0, "color": "#009952"}, "geometry": {"type": "LineString", "coordinates": [[-73.990151, 40.692404], [-74.014065, 40.704817]]}}, {"type": "Feature", "properties": {"route": "5", "direction": 0, "color": "#009952"}, "geometry": {"type": "LineString", "coordinates": [[-73.838591, 40.878663], [-73.830834, 40.8883]]}}, {"type": "Feature", "properties": {"route": "5", "direction": 0, "color": "#009952"}, "geometry": {"type": "LineString", "coordinates": [[-73.846384, 40.869526], [-73.838591, 40.878663]]}}, {"type": "Feature", "properties": {"route": "5", "direction": 0, "color": "#009952"}, "geometry": {"type": "LineString", "coordinates": [[-73.855359, 40.858985], [-73.846384, 40.869526]]}}, {"type": "Feature", "properties": {"route": "5", "direction": 0, "color": "#009952"}, "geometry": {"type": "LineString", "coordinates": [[-73.860495, 40.854364], [-73.855359, 40.858985]]}}, {"type": "Feature", "properties": {"route": "5", "direction": 0, "color": "#009952"}, "geometry": {"type": "LineString", "coordinates": [[-73.937594, 40.804138], [-73.929849, 40.813224]]}}, {"type": "Feature", "properties": {"route": "5", "direction": 0, "color": "#009952"}, "geometry": {"type": "LineString", "coordinates": [[-73.955589, 40.779492], [-73.937594, 40.804138]]}}, {"type": "Feature", "properties": {"route": "5", "direction": 0, "color": "#009952"}, "geometry": {"type": "LineString", "coordinates": [[-73.967967, 40.762526], [-73.955589, 40.779492]]}}, {"type": "Feature", "properties": {"route": "5", "direction": 0, "color": "#009952"}, "geometry": {"type": "LineString", "coordinates": [[-73.976848, 40.751776], [-73.967967, 40.762526]]}}, {"type": "Feature", "properties": {"route": "5", "direction": 0, "color": "#009952"}, "geometry": {"type": "LineString", "coordinates": [[-73.989951, 40.734673], [-73.976848, 40.751776]]}}, {"type": "Feature", "properties": {"route": "5", "direction": 0, "color": "#009952"}, "geometry": {"type": "LineString", "coordinates": [[-74.004131, 40.713065], [-73.989951, 40.734673]]}}, {"type": "Feature", "properties": {"route": "5", "direction": 1, "color": "#009952"}, "geometry": {"type": "LineString", "coordinates": [[-73.854376, 40.898379], [-73.857473, 40.893193]]}}, {"type": "Feature", "properties": {"route": "5", "direction": 1, "color": "#009952"}, "geometry": {"type": "LineString", "coordinates": [[-73.857473, 40.893193], [-73.860341, 40.888022]]}}, {"type": "Feature", "properties": {"route": "5", "direction": 1, "color": "#009952"}, "geometry": {"type": "LineString", "coordinates": [[-73.860341, 40.888022], [-73.862633, 40.883895]]}}, {"type": "Feature", "properties": {"route": "5", "direction": 1, "color": "#009952"}, "geometry": {"type": "LineString", "coordinates": [[-73.862633, 40.883895], [-73.866256, 40.87785]]}}, {"type": "Feature", "properties": {"route": "5", "direction": 1, "color": "#009952"}, "geometry": {"type": "LineString", "coordinates": [[-73.866256, 40.87785], [-73.867164, 40.871356]]}}, {"type": "Feature", "properties": {"route": "5", "direction": 1, "color": "#009952"}, "geometry": {"type": "LineString", "coordinates": [[-73.867164, 40.871356], [-73.867352, 40.865462]]}}, {"type": "Feature", "properties": {"route": "5", "direction": 1, "color": "#009952"}, "geometry": {"type": "LineString", "coordinates": [[-73.867352, 40.865462], [-73.867615, 40.857192]]}}, {"type": "Feature", "properties": {"route": "5", "direction": 1, "color": "#009952"}, "geometry": {"type": "LineString", "coordinates": [[-73.867615, 40.857192], [-73.868457, 40.848828]]}}, {"type": "Feature", "properties": {"route": "5", "direction": 1, "color": "#009952"}, "geometry": {"type": "LineString", "coordinates": [[-73.868457, 40.848828], [-73.873488, 40.841894]]}}, {"type": "Feature", "properties": {"route": "5", "direction": 1, "color": "#009952"}, "geometry": {"type": "LineString", "coordinates": [[-73.873488, 40.841894], [-73.880049, 40.840295]]}}, {"type": "Feature", "properties": {"route": "5", "direction": 1, "color": "#009952"}, "geometry": {"type": "LineString", "coordinates": [[-73.873488, 40.841894], [-73.917757, 40.816109]]}}, {"type": "Feature", "properties": {"route": "5", "direction": 1, "color": "#009952"}, "geometry": {"type": "LineString", "coordinates": [[-73.880049, 40.840295], [-73.887734, 40.837288]]}}, {"type": "Feature", "properties": {"route": "5", "direction": 1, "color": "#009952"}, "geometry": {"type": "LineString", "coordinates": [[-73.887734, 40.837288], [-73.891865, 40.829993]]}}, {"type": "Feature", "properties": {"route": "5", "direction": 1, "color": "#009952"}, "geometry": {"type": "LineString", "coordinates": [[-73.891865, 40.829993], [-73.893064, 40.824073]]}}, {"type": "Feature", "properties": {"route": "5", "direction": 1, "color": "#009952"}, "geometry": {"type": "LineString", "coordinates": [[-73.893064, 40.824073], [-73.896736, 40.822181]]}}, {"type": "Feature", "properties": {"route": "5", "direction": 1, "color": "#009952"}, "geometry": {"type": "LineString", "coordinates": [[-73.896736, 40.822181], [-73.90177, 40.819585]]}}, {"type": "Feature", "properties": {"route": "5", "direction": 1, "color": "#009952"}, "geometry": {"type": "LineString", "coordinates": [[-73.90177, 40.819585], [-73.907807, 40.81649]]}}, {"type": "Feature", "properties": {"route": "5", "direction": 1, "color": "#009952"}, "geometry": {"type": "LineString", "coordinates": [[-73.907807, 40.81649], [-73.917757, 40.816109]]}}, {"type": "Feature", "properties": {"route": "5", "direction": 1, "color": "#009952"}, "geometry": {"type": "LineString", "coordinates": [[-73.917757, 40.816109], [-73.926718, 40.81841]]}}, {"type": "Feature", "properties": {"route": "5", "direction": 1, "color": "#009952"}, "geometry": {"type": "LineString", "coordinates": [[-73.926718, 40.81841], [-73.929849, 40.813224]]}}, {"type": "Feature", "properties": {"route": "5", "direction": 1, "color": "#009952"}, "geometry": {"type": "LineString", "coordinates": [[-73.980492, 40.688246], [-73.977666, 40.684359]]}}, {"type": "Feature", "properties": {"route": "5", "direction": 1, "color": "#009952"}, "geometry": {"type": "LineString", "coordinates": [[-73.977666, 40.684359], [-73.958131, 40.670682]]}}, {"type": "Feature", "properties": {"route": "5", "direction": 1, "color": "#009952"}, "geometry": {"type": "LineString", "coordinates": [[-73.958131, 40.670682], [-73.950683, 40.667883]]}}, {"type": "Feature", "properties": {"route": "5", "direction": 1, "color": "#009952"}, "geometry": {"type": "LineString", "coordinates": [[-73.958131, 40.670682], [-73.932942, 40.668897]]}}, {"type": "Feature", "properties": {"route": "5", "direction": 1, "color": "#009952"}, "geometry": {"type": "LineString", "coordinates": [[-73.950683, 40.667883], [-73.95085, 40.662742]]}}, {"type": "Feature", "properties": {"route": "5", "direction": 1, "color": "#009952"}, "geometry": {"type": "LineString", "coordinates": [[-73.95085, 40.662742], [-73.9502, 40.656652]]}}, {"type": "Feature", "properties": {"route": "5", "direction": 1, "color": "#009952"}, "geometry": {"type": "LineString", "coordinates": [[-73.9502, 40.656652], [-73.949575, 40.650843]]}}, {"type": "Feature", "properties": {"route": "5", "direction": 1, "color": "#009952"}, "geometry": {"type": "LineString", "coordinates": [[-73.949575, 40.650843], [-73.948959, 40.645098]]}}, {"type": "Feature", "properties": {"route": "5", "direction": 1, "color": "#009952"}, "geometry": {"type": "LineString", "coordinates": [[-73.948959, 40.645098], [-73.948411, 40.639967]]}}, {"type": "Feature", "properties": {"route": "5", "direction": 1, "color": "#009952"}, "geometry": {"type": "LineString", "coordinates": [[-73.948411, 40.639967], [-73.947642, 40.632836]]}}, {"type": "Feature", "properties": {"route": "5", "direction": 1, "color": "#009952"}, "geometry": {"type": "LineString", "coordinates": [[-73.929849, 40.813224], [-73.937594, 40.804138]]}}, {"type": "Feature", "properties": {"route": "5", "direction": 1, "color": "#009952"}, "geometry": {"type": "LineString", "coordinates": [[-74.009509, 40.710368], [-74.011862, 40.707557]]}}, {"type": "Feature", "properties": {"route": "5", "direction": 1, "color": "#009952"}, "geometry": {"type": "LineString", "coordinates": [[-74.011862, 40.707557], [-74.014065, 40.704817]]}}, {"type": "Feature", "properties": {"route": "5", "direction": 1, "color": "#009952"}, "geometry": {"type": "LineString", "coordinates": [[-74.014065, 40.704817], [-73.990151, 40.692404]]}}, {"type": "Feature", "properties": {"route": "5", "direction": 1, "color": "#009952"}, "geometry": {"type": "LineString", "coordinates": [[-73.990151, 40.692404], [-73.980492, 40.688246]]}}, {"type": "Feature", "properties": {"route": "5", "direction": 1, "color": "#009952"}, "geometry": {"type": "LineString", "coordinates": [[-73.830834, 40.8883], [-73.838591, 40.878663]]}}, {"type": "Feature", "properties": {"route": "5", "direction": 1, "color": "#009952"}, "geometry": {"type": "LineString", "coordinates": [[-73.838591, 40.878663], [-73.846384, 40.869526]]}}, {"type": "Feature", "properties": {"route": "5", "direction": 1, "color": "#009952"}, "geometry": {"type": "LineString", "coordinates": [[-73.846384, 40.869526], [-73.855359, 40.858985]]}}, {"type": "Feature", "properties": {"route": "5", "direction": 1, "color": "#009952"}, "geometry": {"type": "LineString", "coordinates": [[-73.855359, 40.858985], [-73.860495, 40.854364]]}}, {"type": "Feature", "properties": {"route": "5", "direction": 1, "color": "#009952"}, "geometry": {"type": "LineString", "coordinates": [[-73.860495, 40.854364], [-73.873488, 40.841894]]}}, {"type": "Feature", "properties": {"route": "5", "direction": 1, "color": "#009952"}, "geometry": {"type": "LineString", "coordinates": [[-73.937594, 40.804138], [-73.955589, 40.779492]]}}, {"type": "Feature", "properties": {"route": "5", "direction": 1, "color": "#009952"}, "geometry": {"type": "LineString", "coordinates": [[-73.955589, 40.779492], [-73.967967, 40.762526]]}}, {"type": "Feature", "properties": {"route": "5", "direction": 1, "color": "#009952"}, "geometry": {"type": "LineString", "coordinates": [[-73.967967, 40.762526], [-73.976848, 40.751776]]}}, {"type": "Feature", "properties": {"route": "5", "direction": 1, "color": "#009952"}, "geometry": {"type": "LineString", "coordinates": [[-73.976848, 40.751776], [-73.989951, 40.734673]]}}, {"type": "Feature", "properties": {"route": "5", "direction": 1, "color": "#009952"}, "geometry": {"type": "LineString", "coordinates": [[-73.989951, 40.734673], [-74.004131, 40.713065]]}}, {"type": "Feature", "properties": {"route": "5", "direction": 1, "color": "#009952"}, "geometry": {"type": "LineString", "coordinates": [[-74.004131, 40.713065], [-74.009509, 40.710368]]}}, {"type": "Feature", "properties": {"route": "6", "direction": 0, "color": "#009952"}, "geometry": {"type": "LineString", "coordinates": [[-73.832569, 40.84681], [-73.828121, 40.852462]]}}, {"type": "Feature", "properties": {"route": "6", "direction": 0, "color": "#009952"}, "geometry": {"type": "LineString", "coordinates": [[-73.836322, 40.843863], [-73.832569, 40.84681]]}}, {"type": "Feature", "properties": {"route": "6", "direction": 0, "color": "#009952"}, "geometry": {"type": "LineString", "coordinates": [[-73.842952, 40.839892], [-73.836322, 40.843863]]}}, {"type": "Feature", "properties": {"route": "6", "direction": 0, "color": "#009952"}, "geometry": {"type": "LineString", "coordinates": [[-73.847036, 40.836488], [-73.842952, 40.839892]]}}, {"type": "Feature", "properties": {"route": "6", "direction": 0, "color": "#009952"}, "geometry": {"type": "LineString", "coordinates": [[-73.851222, 40.834255], [-73.847036, 40.836488]]}}, {"type": "Feature", "properties": {"route": "6", "direction": 0, "color": "#009952"}, "geometry": {"type": "LineString", "coordinates": [[-73.860816, 40.833226], [-73.851222, 40.834255]]}}, {"type": "Feature", "properties": {"route": "6", "direction": 0, "color": "#009952"}, "geometry": {"type": "LineString", "coordinates": [[-73.867618, 40.831509], [-73.860816, 40.833226]]}}, {"type": "Feature", "properties": {"route": "6", "direction": 0, "color": "#009952"}, "geometry": {"type": "LineString", "coordinates": [[-73.874516, 40.829521], [-73.867618, 40.831509]]}}, {"type": "Feature", "properties": {"route": "6", "direction": 0, "color": "#009952"}, "geometry": {"type": "LineString", "coordinates": [[-73.879159, 40.828584], [-73.874516, 40.829521]]}}, {"type": "Feature", "properties": {"route": "6", "direction": 0, "color": "#009952"}, "geometry": {"type": "LineString", "coordinates": [[-73.886283, 40.826525], [-73.879159, 40.828584]]}}, {"type": "Feature", "properties": {"route": "6", "direction": 0, "color": "#009952"}, "geometry": {"type": "LineString", "coordinates": [[-73.890549, 40.820948], [-73.886283, 40.826525]]}}, {"type": "Feature", "properties": {"route": "6", "direction": 0, "color": "#009952"}, "geometry": {"type": "LineString", "coordinates": [[-73.896435, 40.816104], [-73.890549, 40.820948]]}}, {"type": "Feature", "properties": {"route": "6", "direction": 0, "color": "#009952"}, "geometry": {"type": "LineString", "coordinates": [[-73.904098, 40.812118], [-73.896435, 40.816104]]}}, {"type": "Feature", "properties": {"route": "6", "direction": 0, "color": "#009952"}, "geometry": {"type": "LineString", "coordinates": [[-73.907657, 40.808719], [-73.904098, 40.812118]]}}, {"type": "Feature", "properties": {"route": "6", "direction": 0, "color": "#009952"}, "geometry": {"type": "LineString", "coordinates": [[-73.914042, 40.805368], [-73.907657, 40.808719]]}}, {"type": "Feature", "properties": {"route": "6", "direction": 0, "color": "#009952"}, "geometry": {"type": "LineString", "coordinates": [[-73.91924, 40.807566], [-73.914042, 40.805368]]}}, {"type": "Feature", "properties": {"route": "6", "direction": 0, "color": "#009952"}, "geometry": {"type": "LineString", "coordinates": [[-73.926138, 40.810476], [-73.91924, 40.807566]]}}, {"type": "Feature", "properties": {"route": "6", "direction": 0, "color": "#009952"}, "geometry": {"type": "LineString", "coordinates": [[-73.937594, 40.804138], [-73.926138, 40.810476]]}}, {"type": "Feature", "properties": {"route": "6", "direction": 0, "color": "#009952"}, "geometry": {"type": "LineString", "coordinates": [[-73.941617, 40.798629], [-73.937594, 40.804138]]}}, {"type": "Feature", "properties": {"route": "6", "direction": 0, "color": "#009952"}, "geometry": {"type": "LineString", "coordinates": [[-73.94425, 40.79502], [-73.941617, 40.798629]]}}, {"type": "Feature", "properties": {"route": "6", "direction": 0, "color": "#009952"}, "geometry": {"type": "LineString", "coordinates": [[-73.947478, 40.7906], [-73.94425, 40.79502]]}}, {"type": "Feature", "properties": {"route": "6", "direction": 0, "color": "#009952"}, "geometry": {"type": "LineString", "coordinates": [[-73.95107, 40.785672], [-73.947478, 40.7906]]}}, {"type": "Feature", "properties": {"route": "6", "direction": 0, "color": "#009952"}, "geometry": {"type": "LineString", "coordinates": [[-73.955589, 40.779492], [-73.95107, 40.785672]]}}, {"type": "Feature", "properties": {"route": "6", "direction": 0, "color": "#009952"}, "geometry": {"type": "LineString", "coordinates": [[-73.959874, 40.77362], [-73.955589, 40.779492]]}}, {"type": "Feature", "properties": {"route": "6", "direction": 0, "color": "#009952"}, "geometry": {"type": "LineString", "coordinates": [[-73.96387, 40.768141], [-73.959874, 40.77362]]}}, {"type": "Feature", "properties": {"route": "6", "direction": 0, "color": "#009952"}, "geometry": {"type": "LineString", "coordinates": [[-73.967967, 40.762526], [-73.96387, 40.768141]]}}, {"type": "Feature", "properties": {"route": "6", "direction": 0, "color": "#009952"}, "geometry": {"type": "LineString", "coordinates": [[-73.97192, 40.757107], [-73.967967, 40.762526]]}}, {"type": "Feature", "properties": {"route": "6", "direction": 0, "color": "#009952"}, "geometry": {"type": "LineString", "coordinates": [[-73.976848, 40.751776], [-73.97192, 40.757107]]}}, {"type": "Feature", "properties": {"route": "6", "direction": 0, "color": "#009952"}, "geometry": {"type": "LineString", "coordinates": [[-73.982076, 40.746081], [-73.976848, 40.751776]]}}, {"type": "Feature", "properties": {"route": "6", "direction": 0, "color": "#009952"}, "geometry": {"type": "LineString", "coordinates": [[-73.984264, 40.74307], [-73.982076, 40.746081]]}}, {"type": "Feature", "properties": {"route": "6", "direction": 0, "color": "#009952"}, "geometry": {"type": "LineString", "coordinates": [[-73.986599, 40.739864], [-73.984264, 40.74307]]}}, {"type": "Feature", "properties": {"route": "6", "direction": 0, "color": "#009952"}, "geometry": {"type": "LineString", "coordinates": [[-73.989951, 40.734673], [-73.986599, 40.739864]]}}, {"type": "Feature", "properties": {"route": "6", "direction": 0, "color": "#009952"}, "geometry": {"type": "LineString", "coordinates": [[-73.99107, 40.730054], [-73.989951, 40.734673]]}}, {"type": "Feature", "properties": {"route": "6", "direction": 0, "color": "#009952"}, "geometry": {"type": "LineString", "coordinates": [[-73.994659, 40.725915], [-73.99107, 40.730054]]}}, {"type": "Feature", "properties": {"route": "6", "direction": 0, "color": "#009952"}, "geometry": {"type": "LineString", "coordinates": [[-73.997141, 40.722301], [-73.994659, 40.725915]]}}, {"type": "Feature", "properties": {"route": "6", "direction": 0, "color": "#009952"}, "geometry": {"type": "LineString", "coordinates": [[-74.000193, 40.718803], [-73.997141, 40.722301]]}}, {"type": "Feature", "properties": {"route": "6", "direction": 0, "color": "#009952"}, "geometry": {"type": "LineString", "coordinates": [[-74.004131, 40.713065], [-74.000193, 40.718803]]}}, {"type": "Feature", "properties": {"route": "6", "direction": 1, "color": "#009952"}, "geometry": {"type": "LineString", "coordinates": [[-73.860816, 40.833226], [-73.867618, 40.831509]]}}, {"type": "Feature", "properties": {"route": "6", "direction": 1, "color": "#009952"}, "geometry": {"type": "LineString", "coordinates": [[-73.867618, 40.831509], [-73.874516, 40.829521]]}}, {"type": "Feature", "properties": {"route": "6", "direction": 1, "color": "#009952"}, "geometry": {"type": "LineString", "coordinates": [[-73.874516, 40.829521], [-73.879159, 40.828584]]}}, {"type": "Feature", "properties": {"route": "6", "direction": 1, "color": "#009952"}, "geometry": {"type": "LineString", "coordinates": [[-73.879159, 40.828584], [-73.886283, 40.826525]]}}, {"type": "Feature", "properties": {"route": "6", "direction": 1, "color": "#009952"}, "geometry": {"type": "LineString", "coordinates": [[-73.886283, 40.826525], [-73.890549, 40.820948]]}}, {"type": "Feature", "properties": {"route": "6", "direction": 1, "color": "#009952"}, "geometry": {"type": "LineString", "coordinates": [[-73.890549, 40.820948], [-73.896435, 40.816104]]}}, {"type": "Feature", "properties": {"route": "6", "direction": 1, "color": "#009952"}, "geometry": {"type": "LineString", "coordinates": [[-73.896435, 40.816104], [-73.904098, 40.812118]]}}, {"type": "Feature", "properties": {"route": "6", "direction": 1, "color": "#009952"}, "geometry": {"type": "LineString", "coordinates": [[-73.904098, 40.812118], [-73.907657, 40.808719]]}}, {"type": "Feature", "properties": {"route": "6", "direction": 1, "color": "#009952"}, "geometry": {"type": "LineString", "coordinates": [[-73.907657, 40.808719], [-73.914042, 40.805368]]}}, {"type": "Feature", "properties": {"route": "6", "direction": 1, "color": "#009952"}, "geometry": {"type": "LineString", "coordinates": [[-73.914042, 40.805368], [-73.91924, 40.807566]]}}, {"type": "Feature", "properties": {"route": "6", "direction": 1, "color": "#009952"}, "geometry": {"type": "LineString", "coordinates": [[-73.91924, 40.807566], [-73.926138, 40.810476]]}}, {"type": "Feature", "properties": {"route": "6", "direction": 1, "color": "#009952"}, "geometry": {"type": "LineString", "coordinates": [[-73.926138, 40.810476], [-73.937594, 40.804138]]}}, {"type": "Feature", "properties": {"route": "6", "direction": 1, "color": "#009952"}, "geometry": {"type": "LineString", "coordinates": [[-73.937594, 40.804138], [-73.941617, 40.798629]]}}, {"type": "Feature", "properties": {"route": "6", "direction": 1, "color": "#009952"}, "geometry": {"type": "LineString", "coordinates": [[-73.941617, 40.798629], [-73.94425, 40.79502]]}}, {"type": "Feature", "properties": {"route": "6", "direction": 1, "color": "#009952"}, "geometry": {"type": "LineString", "coordinates": [[-73.94425, 40.79502], [-73.947478, 40.7906]]}}, {"type": "Feature", "properties": {"route": "6", "direction": 1, "color": "#009952"}, "geometry": {"type": "LineString", "coordinates": [[-73.947478, 40.7906], [-73.95107, 40.785672]]}}, {"type": "Feature", "properties": {"route": "6", "direction": 1, "color": "#009952"}, "geometry": {"type": "LineString", "coordinates": [[-73.95107, 40.785672], [-73.955589, 40.779492]]}}, {"type": "Feature", "properties": {"route": "6", "direction": 1, "color": "#009952"}, "geometry": {"type": "LineString", "coordinates": [[-73.955589, 40.779492], [-73.959874, 40.77362]]}}, {"type": "Feature", "properties": {"route": "6", "direction": 1, "color": "#009952"}, "geometry": {"type": "LineString", "coordinates": [[-73.959874, 40.77362], [-73.96387, 40.768141]]}}, {"type": "Feature", "properties": {"route": "6", "direction": 1, "color": "#009952"}, "geometry": {"type": "LineString", "coordinates": [[-73.96387, 40.768141], [-73.967967, 40.762526]]}}, {"type": "Feature", "properties": {"route": "6", "direction": 1, "color": "#009952"}, "geometry": {"type": "LineString", "coordinates": [[-73.967967, 40.762526], [-73.97192, 40.757107]]}}, {"type": "Feature", "properties": {"route": "6", "direction": 1, "color": "#009952"}, "geometry": {"type": "LineString", "coordinates": [[-73.97192, 40.757107], [-73.976848, 40.751776]]}}, {"type": "Feature", "properties": {"route": "6", "direction": 1, "color": "#009952"}, "geometry": {"type": "LineString", "coordinates": [[-73.976848, 40.751776], [-73.982076, 40.746081]]}}, {"type": "Feature", "properties": {"route": "6", "direction": 1, "color": "#009952"}, "geometry": {"type": "LineString", "coordinates": [[-73.982076, 40.746081], [-73.984264, 40.74307]]}}, {"type": "Feature", "properties": {"route": "6", "direction": 1, "color": "#009952"}, "geometry": {"type": "LineString", "coordinates": [[-73.984264, 40.74307], [-73.986599, 40.739864]]}}, {"type": "Feature", "properties": {"route": "6", "direction": 1, "color": "#009952"}, "geometry": {"type": "LineString", "coordinates": [[-73.986599, 40.739864], [-73.989951, 40.734673]]}}, {"type": "Feature", "properties": {"route": "6", "direction": 1, "color": "#009952"}, "geometry": {"type": "LineString", "coordinates": [[-73.989951, 40.734673], [-73.99107, 40.730054]]}}, {"type": "Feature", "properties": {"route": "6", "direction": 1, "color": "#009952"}, "geometry": {"type": "LineString", "coordinates": [[-73.99107, 40.730054], [-73.994659, 40.725915]]}}, {"type": "Feature", "properties": {"route": "6", "direction": 1, "color": "#009952"}, "geometry": {"type": "LineString", "coordinates": [[-73.994659, 40.725915], [-73.997141, 40.722301]]}}, {"type": "Feature", "properties": {"route": "6", "direction": 1, "color": "#009952"}, "geometry": {"type": "LineString", "coordinates": [[-73.997141, 40.722301], [-74.000193, 40.718803]]}}, {"type": "Feature", "properties": {"route": "6", "direction": 1, "color": "#009952"}, "geometry": {"type": "LineString", "coordinates": [[-74.000193, 40.718803], [-74.004131, 40.713065]]}}, {"type": "Feature", "properties": {"route": "6X", "direction": 1, "color": "#009952"}, "geometry": {"type": "LineString", "coordinates": [[-73.828121, 40.852462], [-73.832569, 40.84681]]}}, {"type": "Feature", "properties": {"route": "6X", "direction": 1, "color": "#009952"}, "geometry": {"type": "LineString", "coordinates": [[-73.832569, 40.84681], [-73.836322, 40.843863]]}}, {"type": "Feature", "properties": {"route": "6X", "direction": 1, "color": "#009952"}, "geometry": {"type": "LineString", "coordinates": [[-73.836322, 40.843863], [-73.842952, 40.839892]]}}, {"type": "Feature", "properties": {"route": "6X", "direction": 1, "color": "#009952"}, "geometry": {"type": "LineString", "coordinates": [[-73.842952, 40.839892], [-73.847036, 40.836488]]}}, {"type": "Feature", "properties": {"route": "6X", "direction": 1, "color": "#009952"}, "geometry": {"type": "LineString", "coordinates": [[-73.847036, 40.836488], [-73.851222, 40.834255]]}}, {"type": "Feature", "properties": {"route": "6X", "direction": 1, "color": "#009952"}, "geometry": {"type": "LineString", "coordinates": [[-73.851222, 40.834255], [-73.860816, 40.833226]]}}, {"type": "Feature", "properties": {"route": "6X", "direction": 1, "color": "#009952"}, "geometry": {"type": "LineString", "coordinates": [[-73.860816, 40.833226], [-73.890549, 40.820948]]}}, {"type": "Feature", "properties": {"route": "6X", "direction": 1, "color": "#009952"}, "geometry": {"type": "LineString", "coordinates": [[-73.890549, 40.820948], [-73.926138, 40.810476]]}}, {"type": "Feature", "properties": {"route": "6X", "direction": 1, "color": "#009952"}, "geometry": {"type": "LineString", "coordinates": [[-73.926138, 40.810476], [-73.937594, 40.804138]]}}, {"type": "Feature", "properties": {"route": "6X", "direction": 1, "color": "#009952"}, "geometry": {"type": "LineString", "coordinates": [[-73.937594, 40.804138], [-73.941617, 40.798629]]}}, {"type": "Feature", "properties": {"route": "6X", "direction": 1, "color": "#009952"}, "geometry": {"type": "LineString", "coordinates": [[-73.941617, 40.798629], [-73.94425, 40.79502]]}}, {"type": "Feature", "properties": {"route": "6X", "direction": 1, "color": "#009952"}, "geometry": {"type": "LineString", "coordinates": [[-73.94425, 40.79502], [-73.947478, 40.7906]]}}, {"type": "Feature", "properties": {"route": "6X", "direction": 1, "color": "#009952"}, "geometry": {"type": "LineString", "coordinates": [[-73.947478, 40.7906], [-73.95107, 40.785672]]}}, {"type": "Feature", "properties": {"route": "6X", "direction": 1, "color": "#009952"}, "geometry": {"type": "LineString", "coordinates": [[-73.95107, 40.785672], [-73.955589, 40.779492]]}}, {"type": "Feature", "properties": {"route": "6X", "direction": 1, "color": "#009952"}, "geometry": {"type": "LineString", "coordinates": [[-73.955589, 40.779492], [-73.959874, 40.77362]]}}, {"type": "Feature", "properties": {"route": "6X", "direction": 1, "color": "#009952"}, "geometry": {"type": "LineString", "coordinates": [[-73.959874, 40.77362], [-73.96387, 40.768141]]}}, {"type": "Feature", "properties": {"route": "6X", "direction": 1, "color": "#009952"}, "geometry": {"type": "LineString", "coordinates": [[-73.96387, 40.768141], [-73.967967, 40.762526]]}}, {"type": "Feature", "properties": {"route": "6X", "direction": 1, "color": "#009952"}, "geometry": {"type": "LineString", "coordinates": [[-73.967967, 40.762526], [-73.97192, 40.757107]]}}, {"type": "Feature", "properties": {"route": "6X", "direction": 1, "color": "#009952"}, "geometry": {"type": "LineString", "coordinates": [[-73.97192, 40.757107], [-73.976848, 40.751776]]}}, {"type": "Feature", "properties": {"route": "6X", "direction": 1, "color": "#009952"}, "geometry": {"type": "LineString", "coordinates": [[-73.976848, 40.751776], [-73.982076, 40.746081]]}}, {"type": "Feature", "properties": {"route": "6X", "direction": 1, "color": "#009952"}, "geometry": {"type": "LineString", "coordinates": [[-73.982076, 40.746081], [-73.984264, 40.74307]]}}, {"type": "Feature", "properties": {"route": "6X", "direction": 1, "color": "#009952"}, "geometry": {"type": "LineString", "coordinates": [[-73.984264, 40.74307], [-73.986599, 40.739864]]}}, {"type": "Feature", "properties": {"route": "6X", "direction": 1, "color": "#009952"}, "geometry": {"type": "LineString", "coordinates": [[-73.986599, 40.739864], [-73.989951, 40.734673]]}}, {"type": "Feature", "properties": {"route": "6X", "direction": 1, "color": "#009952"}, "geometry": {"type": "LineString", "coordinates": [[-73.989951, 40.734673], [-73.99107, 40.730054]]}}, {"type": "Feature", "properties": {"route": "6X", "direction": 1, "color": "#009952"}, "geometry": {"type": "LineString", "coordinates": [[-73.99107, 40.730054], [-73.994659, 40.725915]]}}, {"type": "Feature", "properties": {"route": "6X", "direction": 1, "color": "#009952"}, "geometry": {"type": "LineString", "coordinates": [[-73.994659, 40.725915], [-73.997141, 40.722301]]}}, {"type": "Feature", "properties": {"route": "6X", "direction": 1, "color": "#009952"}, "geometry": {"type": "LineString", "coordinates": [[-73.997141, 40.722301], [-74.000193, 40.718803]]}}, {"type": "Feature", "properties": {"route": "6X", "direction": 1, "color": "#009952"}, "geometry": {"type": "LineString", "coordinates": [[-74.000193, 40.718803], [-74.004131, 40.713065]]}}, {"type": "Feature", "properties": {"route": "7", "direction": 0, "color": "#9A38A1"}, "geometry": {"type": "LineString", "coordinates": [[-73.845625, 40.754622], [-73.83003, 40.7596]]}}, {"type": "Feature", "properties": {"route": "7", "direction": 0, "color": "#9A38A1"}, "geometry": {"type": "LineString", "coordinates": [[-73.855334, 40.75173], [-73.845625, 40.754622]]}}, {"type": "Feature", "properties": {"route": "7", "direction": 0, "color": "#9A38A1"}, "geometry": {"type": "LineString", "coordinates": [[-73.8627, 40.749865], [-73.855334, 40.75173]]}}, {"type": "Feature", "properties": {"route": "7", "direction": 0, "color": "#9A38A1"}, "geometry": {"type": "LineString", "coordinates": [[-73.869527, 40.749145], [-73.8627, 40.749865]]}}, {"type": "Feature", "properties": {"route": "7", "direction": 0, "color": "#9A38A1"}, "geometry": {"type": "LineString", "coordinates": [[-73.876613, 40.748408], [-73.869527, 40.749145]]}}, {"type": "Feature", "properties": {"route": "7", "direction": 0, "color": "#9A38A1"}, "geometry": {"type": "LineString", "coordinates": [[-73.883697, 40.747659], [-73.876613, 40.748408]]}}, {"type": "Feature", "properties": {"route": "7", "direction": 0, "color": "#9A38A1"}, "geometry": {"type": "LineString", "coordinates": [[-73.891394, 40.746848], [-73.883697, 40.747659]]}}, {"type": "Feature", "properties": {"route": "7", "direction": 0, "color": "#9A38A1"}, "geometry": {"type": "LineString", "coordinates": [[-73.902984, 40.74563], [-73.891394, 40.746848]]}}, {"type": "Feature", "properties": {"route": "7", "direction": 0, "color": "#9A38A1"}, "geometry": {"type": "LineString", "coordinates": [[-73.918435, 40.743132], [-73.902984, 40.74563]]}}, {"type": "Feature", "properties": {"route": "7", "direction": 0, "color": "#9A38A1"}, "geometry": {"type": "LineString", "coordinates": [[-73.924016, 40.743781], [-73.918435, 40.743132]]}}, {"type": "Feature", "properties": {"route": "7", "direction": 0, "color": "#9A38A1"}, "geometry": {"type": "LineString", "coordinates": [[-73.930997, 40.744587], [-73.924016, 40.743781]]}}, {"type": "Feature", "properties": {"route": "7", "direction": 0, "color": "#9A38A1"}, "geometry": {"type": "LineString", "coordinates": [[-73.940202, 40.750582], [-73.930997, 40.744587]]}}, {"type": "Feature", "properties": {"route": "7", "direction": 0, "color": "#9A38A1"}, "geometry": {"type": "LineString", "coordinates": [[-73.945264, 40.747023], [-73.940202, 40.750582]]}}, {"type": "Feature", "properties": {"route": "7", "direction": 0, "color": "#9A38A1"}, "geometry": {"type": "LineString", "coordinates": [[-73.948916, 40.742216], [-73.945264, 40.747023]]}}, {"type": "Feature", "properties": {"route": "7", "direction": 0, "color": "#9A38A1"}, "geometry": {"type": "LineString", "coordinates": [[-73.953581, 40.742626], [-73.948916, 40.742216]]}}, {"type": "Feature", "properties": {"route": "7", "direction": 0, "color": "#9A38A1"}, "geometry": {"type": "LineString", "coordinates": [[-73.976041, 40.751431], [-73.953581, 40.742626]]}}, {"type": "Feature", "properties": {"route": "7", "direction": 0, "color": "#9A38A1"}, "geometry": {"type": "LineString", "coordinates": [[-73.981963, 40.753821], [-73.976041, 40.751431]]}}, {"type": "Feature", "properties": {"route": "7", "direction": 0, "color": "#9A38A1"}, "geometry": {"type": "LineString", "coordinates": [[-73.987691, 40.755477], [-73.981963, 40.753821]]}}, {"type": "Feature", "properties": {"route": "7", "direction": 0, "color": "#9A38A1"}, "geometry": {"type": "LineString", "coordinates": [[-74.00191, 40.755882], [-73.987691, 40.755477]]}}, {"type": "Feature", "properties": {"route": "7", "direction": 1, "color": "#9A38A1"}, "geometry": {"type": "LineString", "coordinates": [[-73.83003, 40.7596], [-73.845625, 40.754622]]}}, {"type": "Feature", "properties": {"route": "7", "direction": 1, "color": "#9A38A1"}, "geometry": {"type": "LineString", "coordinates": [[-73.845625, 40.754622], [-73.855334, 40.75173]]}}, {"type": "Feature", "properties": {"route": "7", "direction": 1, "color": "#9A38A1"}, "geometry": {"type": "LineString", "coordinates": [[-73.855334, 40.75173], [-73.8627, 40.749865]]}}, {"type": "Feature", "properties": {"route": "7", "direction": 1, "color": "#9A38A1"}, "geometry": {"type": "LineString", "coordinates": [[-73.8627, 40.749865], [-73.869527, 40.749145]]}}, {"type": "Feature", "properties": {"route": "7", "direction": 1, "color": "#9A38A1"}, "geometry": {"type": "LineString", "coordinates": [[-73.869527, 40.749145], [-73.876613, 40.748408]]}}, {"type": "Feature", "properties": {"route": "7", "direction": 1, "color": "#9A38A1"}, "geometry": {"type": "LineString", "coordinates": [[-73.876613, 40.748408], [-73.883697, 40.747659]]}}, {"type": "Feature", "properties": {"route": "7", "direction": 1, "color": "#9A38A1"}, "geometry": {"type": "LineString", "coordinates": [[-73.883697, 40.747659], [-73.891394, 40.746848]]}}, {"type": "Feature", "properties": {"route": "7", "direction": 1, "color": "#9A38A1"}, "geometry": {"type": "LineString", "coordinates": [[-73.891394, 40.746848], [-73.896403, 40.746325]]}}, {"type": "Feature", "properties": {"route": "7", "direction": 1, "color": "#9A38A1"}, "geometry": {"type": "LineString", "coordinates": [[-73.896403, 40.746325], [-73.902984, 40.74563]]}}, {"type": "Feature", "properties": {"route": "7", "direction": 1, "color": "#9A38A1"}, "geometry": {"type": "LineString", "coordinates": [[-73.902984, 40.74563], [-73.912549, 40.744149]]}}, {"type": "Feature", "properties": {"route": "7", "direction": 1, "color": "#9A38A1"}, "geometry": {"type": "LineString", "coordinates": [[-73.912549, 40.744149], [-73.918435, 40.743132]]}}, {"type": "Feature", "properties": {"route": "7", "direction": 1, "color": "#9A38A1"}, "geometry": {"type": "LineString", "coordinates": [[-73.918435, 40.743132], [-73.924016, 40.743781]]}}, {"type": "Feature", "properties": {"route": "7", "direction": 1, "color": "#9A38A1"}, "geometry": {"type": "LineString", "coordinates": [[-73.924016, 40.743781], [-73.930997, 40.744587]]}}, {"type": "Feature", "properties": {"route": "7", "direction": 1, "color": "#9A38A1"}, "geometry": {"type": "LineString", "coordinates": [[-73.930997, 40.744587], [-73.940202, 40.750582]]}}, {"type": "Feature", "properties": {"route": "7", "direction": 1, "color": "#9A38A1"}, "geometry": {"type": "LineString", "coordinates": [[-73.940202, 40.750582], [-73.945264, 40.747023]]}}, {"type": "Feature", "properties": {"route": "7", "direction": 1, "color": "#9A38A1"}, "geometry": {"type": "LineString", "coordinates": [[-73.945264, 40.747023], [-73.948916, 40.742216]]}}, {"type": "Feature", "properties": {"route": "7", "direction": 1, "color": "#9A38A1"}, "geometry": {"type": "LineString", "coordinates": [[-73.948916, 40.742216], [-73.953581, 40.742626]]}}, {"type": "Feature", "properties": {"route": "7", "direction": 1, "color": "#9A38A1"}, "geometry": {"type": "LineString", "coordinates": [[-73.953581, 40.742626], [-73.976041, 40.751431]]}}, {"type": "Feature", "properties": {"route": "7", "direction": 1, "color": "#9A38A1"}, "geometry": {"type": "LineString", "coordinates": [[-73.976041, 40.751431], [-73.981963, 40.753821]]}}, {"type": "Feature", "properties": {"route": "7", "direction": 1, "color": "#9A38A1"}, "geometry": {"type": "LineString", "coordinates": [[-73.981963, 40.753821], [-73.987691, 40.755477]]}}, {"type": "Feature", "properties": {"route": "7", "direction": 1, "color": "#9A38A1"}, "geometry": {"type": "LineString", "coordinates": [[-73.987691, 40.755477], [-74.00191, 40.755882]]}}, {"type": "Feature", "properties": {"route": "7X", "direction": 1, "color": "#9A38A1"}, "geometry": {"type": "LineString", "coordinates": [[-73.83003, 40.7596], [-73.845625, 40.754622]]}}, {"type": "Feature", "properties": {"route": "7X", "direction": 1, "color": "#9A38A1"}, "geometry": {"type": "LineString", "coordinates": [[-73.845625, 40.754622], [-73.869527, 40.749145]]}}, {"type": "Feature", "properties": {"route": "7X", "direction": 1, "color": "#9A38A1"}, "geometry": {"type": "LineString", "coordinates": [[-73.869527, 40.749145], [-73.891394, 40.746848]]}}, {"type": "Feature", "properties": {"route": "7X", "direction": 1, "color": "#9A38A1"}, "geometry": {"type": "LineString", "coordinates": [[-73.891394, 40.746848], [-73.896403, 40.746325]]}}, {"type": "Feature", "properties": {"route": "7X", "direction": 1, "color": "#9A38A1"}, "geometry": {"type": "LineString", "coordinates": [[-73.896403, 40.746325], [-73.902984, 40.74563]]}}, {"type": "Feature", "properties": {"route": "7X", "direction": 1, "color": "#9A38A1"}, "geometry": {"type": "LineString", "coordinates": [[-73.902984, 40.74563], [-73.912549, 40.744149]]}}, {"type": "Feature", "properties": {"route": "7X", "direction": 1, "color": "#9A38A1"}, "geometry": {"type": "LineString", "coordinates": [[-73.912549, 40.744149], [-73.918435, 40.743132]]}}, {"type": "Feature", "properties": {"route": "7X", "direction": 1, "color": "#9A38A1"}, "geometry": {"type": "LineString", "coordinates": [[-73.918435, 40.743132], [-73.924016, 40.743781]]}}, {"type": "Feature", "properties": {"route": "7X", "direction": 1, "color": "#9A38A1"}, "geometry": {"type": "LineString", "coordinates": [[-73.924016, 40.743781], [-73.930997, 40.744587]]}}, {"type": "Feature", "properties": {"route": "7X", "direction": 1, "color": "#9A38A1"}, "geometry": {"type": "LineString", "coordinates": [[-73.930997, 40.744587], [-73.940202, 40.750582]]}}, {"type": "Feature", "properties": {"route": "7X", "direction": 1, "color": "#9A38A1"}, "geometry": {"type": "LineString", "coordinates": [[-73.940202, 40.750582], [-73.945264, 40.747023]]}}, {"type": "Feature", "properties": {"route": "7X", "direction": 1, "color": "#9A38A1"}, "geometry": {"type": "LineString", "coordinates": [[-73.945264, 40.747023], [-73.948916, 40.742216]]}}, {"type": "Feature", "properties": {"route": "7X", "direction": 1, "color": "#9A38A1"}, "geometry": {"type": "LineString", "coordinates": [[-73.948916, 40.742216], [-73.953581, 40.742626]]}}, {"type": "Feature", "properties": {"route": "7X", "direction": 1, "color": "#9A38A1"}, "geometry": {"type": "LineString", "coordinates": [[-73.953581, 40.742626], [-73.976041, 40.751431]]}}, {"type": "Feature", "properties": {"route": "7X", "direction": 1, "color": "#9A38A1"}, "geometry": {"type": "LineString", "coordinates": [[-73.976041, 40.751431], [-73.981963, 40.753821]]}}, {"type": "Feature", "properties": {"route": "7X", "direction": 1, "color": "#9A38A1"}, "geometry": {"type": "LineString", "coordinates": [[-73.981963, 40.753821], [-73.987691, 40.755477]]}}, {"type": "Feature", "properties": {"route": "7X", "direction": 1, "color": "#9A38A1"}, "geometry": {"type": "LineString", "coordinates": [[-73.987691, 40.755477], [-74.00191, 40.755882]]}}, {"type": "Feature", "properties": {"route": "A", "direction": 0, "color": "#0062CF"}, "geometry": {"type": "LineString", "coordinates": [[-73.927271, 40.865491], [-73.919899, 40.868072]]}}, {"type": "Feature", "properties": {"route": "A", "direction": 0, "color": "#0062CF"}, "geometry": {"type": "LineString", "coordinates": [[-73.93418, 40.859022], [-73.927271, 40.865491]]}}, {"type": "Feature", "properties": {"route": "A", "direction": 0, "color": "#0062CF"}, "geometry": {"type": "LineString", "coordinates": [[-73.937969, 40.851695], [-73.93418, 40.859022]]}}, {"type": "Feature", "properties": {"route": "A", "direction": 0, "color": "#0062CF"}, "geometry": {"type": "LineString", "coordinates": [[-73.939704, 40.847391], [-73.937969, 40.851695]]}}, {"type": "Feature", "properties": {"route": "A", "direction": 0, "color": "#0062CF"}, "geometry": {"type": "LineString", "coordinates": [[-73.939561, 40.840719], [-73.939704, 40.847391]]}}, {"type": "Feature", "properties": {"route": "A", "direction": 0, "color": "#0062CF"}, "geometry": {"type": "LineString", "coordinates": [[-73.944216, 40.824783], [-73.939561, 40.840719]]}}, {"type": "Feature", "properties": {"route": "A", "direction": 0, "color": "#0062CF"}, "geometry": {"type": "LineString", "coordinates": [[-73.952343, 40.811109], [-73.944216, 40.824783]]}}, {"type": "Feature", "properties": {"route": "A", "direction": 0, "color": "#0062CF"}, "geometry": {"type": "LineString", "coordinates": [[-73.981736, 40.768296], [-73.952343, 40.811109]]}}, {"type": "Feature", "properties": {"route": "A", "direction": 0, "color": "#0062CF"}, "geometry": {"type": "LineString", "coordinates": [[-73.989735, 40.757308], [-73.981736, 40.768296]]}}, {"type": "Feature", "properties": {"route": "A", "direction": 0, "color": "#0062CF"}, "geometry": {"type": "LineString", "coordinates": [[-73.993391, 40.752287], [-73.989735, 40.757308]]}}, {"type": "Feature", "properties": {"route": "A", "direction": 0, "color": "#0062CF"}, "geometry": {"type": "LineString", "coordinates": [[-74.00169, 40.740893], [-73.993391, 40.752287]]}}, {"type": "Feature", "properties": {"route": "A", "direction": 0, "color": "#0062CF"}, "geometry": {"type": "LineString", "coordinates": [[-74.000495, 40.732338], [-74.00169, 40.740893]]}}, {"type": "Feature", "properties": {"route": "A", "direction": 0, "color": "#0062CF"}, "geometry": {"type": "LineString", "coordinates": [[-74.005229, 40.720824], [-74.000495, 40.732338]]}}, {"type": "Feature", "properties": {"route": "A", "direction": 0, "color": "#0062CF"}, "geometry": {"type": "LineString", "coordinates": [[-74.008585, 40.714111], [-74.005229, 40.720824]]}}, {"type": "Feature", "properties": {"route": "A", "direction": 0, "color": "#0062CF"}, "geometry": {"type": "LineString", "coordinates": [[-74.007691, 40.710197], [-74.008585, 40.714111]]}}, {"type": "Feature", "properties": {"route": "A", "direction": 0, "color": "#0062CF"}, "geometry": {"type": "LineString", "coordinates": [[-73.990531, 40.699337], [-74.007691, 40.710197]]}}, {"type": "Feature", "properties": {"route": "A", "direction": 0, "color": "#0062CF"}, "geometry": {"type": "LineString", "coordinates": [[-73.987342, 40.692338], [-73.990531, 40.699337]]}}, {"type": "Feature", "properties": {"route": "A", "direction": 0, "color": "#0062CF"}, "geometry": {"type": "LineString", "coordinates": [[-73.985001, 40.688484], [-73.987342, 40.692338]]}}, {"type": "Feature", "properties": {"route": "A", "direction": 0, "color": "#0062CF"}, "geometry": {"type": "LineString", "coordinates": [[-73.950426, 40.680438], [-73.985001, 40.688484]]}}, {"type": "Feature", "properties": {"route": "A", "direction": 0, "color": "#0062CF"}, "geometry": {"type": "LineString", "coordinates": [[-73.930729, 40.679364], [-73.950426, 40.680438]]}}, {"type": "Feature", "properties": {"route": "A", "direction": 0, "color": "#0062CF"}, "geometry": {"type": "LineString", "coordinates": [[-73.905316, 40.678334], [-73.930729, 40.679364]]}}, {"type": "Feature", "properties": {"route": "A", "direction": 0, "color": "#0062CF"}, "geometry": {"type": "LineString", "coordinates": [[-73.872106, 40.675377], [-73.905316, 40.678334]]}}, {"type": "Feature", "properties": {"route": "A", "direction": 0, "color": "#0062CF"}, "geometry": {"type": "LineString", "coordinates": [[-73.86505, 40.677044], [-73.872106, 40.675377]]}}, {"type": "Feature", "properties": {"route": "A", "direction": 0, "color": "#0062CF"}, "geometry": {"type": "LineString", "coordinates": [[-73.858992, 40.679371], [-73.86505, 40.677044]]}}, {"type": "Feature", "properties": {"route": "A", "direction": 0, "color": "#0062CF"}, "geometry": {"type": "LineString", "coordinates": [[-73.85147, 40.679843], [-73.858992, 40.679371]]}}, {"type": "Feature", "properties": {"route": "A", "direction": 0, "color": "#0062CF"}, "geometry": {"type": "LineString", "coordinates": [[-73.843853, 40.680429], [-73.85147, 40.679843]]}}, {"type": "Feature", "properties": {"route": "A", "direction": 0, "color": "#0062CF"}, "geometry": {"type": "LineString", "coordinates": [[-73.837683, 40.681711], [-73.843853, 40.680429]]}}, {"type": "Feature", "properties": {"route": "A", "direction": 0, "color": "#0062CF"}, "geometry": {"type": "LineString", "coordinates": [[-73.832163, 40.684331], [-73.837683, 40.681711]]}}, {"type": "Feature", "properties": {"route": "A", "direction": 0, "color": "#0062CF"}, "geometry": {"type": "LineString", "coordinates": [[-73.825798, 40.685951], [-73.832163, 40.684331]]}}, {"type": "Feature", "properties": {"route": "A", "direction": 0, "color": "#0062CF"}, "geometry": {"type": "LineString", "coordinates": [[-73.835919, 40.672097], [-73.843853, 40.680429]]}}, {"type": "Feature", "properties": {"route": "A", "direction": 0, "color": "#0062CF"}, "geometry": {"type": "LineString", "coordinates": [[-73.834058, 40.668234], [-73.835919, 40.672097]]}}, {"type": "Feature", "properties": {"route": "A", "direction": 0, "color": "#0062CF"}, "geometry": {"type": "LineString", "coordinates": [[-73.830301, 40.660476], [-73.834058, 40.668234]]}}, {"type": "Feature", "properties": {"route": "A", "direction": 0, "color": "#0062CF"}, "geometry": {"type": "LineString", "coordinates": [[-73.815925, 40.608382], [-73.830301, 40.660476]]}}, {"type": "Feature", "properties": {"route": "A", "direction": 0, "color": "#0062CF"}, "geometry": {"type": "LineString", "coordinates": [[-73.796924, 40.590927], [-73.815925, 40.608382]]}}, {"type": "Feature", "properties": {"route": "A", "direction": 0, "color": "#0062CF"}, "geometry": {"type": "LineString", "coordinates": [[-73.788522, 40.592374], [-73.796924, 40.590927]]}}, {"type": "Feature", "properties": {"route": "A", "direction": 0, "color": "#0062CF"}, "geometry": {"type": "LineString", "coordinates": [[-73.776013, 40.592943], [-73.788522, 40.592374]]}}, {"type": "Feature", "properties": {"route": "A", "direction": 0, "color": "#0062CF"}, "geometry": {"type": "LineString", "coordinates": [[-73.768175, 40.595398], [-73.776013, 40.592943]]}}, {"type": "Feature", "properties": {"route": "A", "direction": 0, "color": "#0062CF"}, "geometry": {"type": "LineString", "coordinates": [[-73.761353, 40.600066], [-73.768175, 40.595398]]}}, {"type": "Feature", "properties": {"route": "A", "direction": 0, "color": "#0062CF"}, "geometry": {"type": "LineString", "coordinates": [[-73.755405, 40.603995], [-73.761353, 40.600066]]}}, {"type": "Feature", "properties": {"route": "A", "direction": 0, "color": "#0062CF"}, "geometry": {"type": "LineString", "coordinates": [[-73.813641, 40.588034], [-73.815925, 40.608382]]}}, {"type": "Feature", "properties": {"route": "A", "direction": 0, "color": "#0062CF"}, "geometry": {"type": "LineString", "coordinates": [[-73.820558, 40.585307], [-73.813641, 40.588034]]}}, {"type": "Feature", "properties": {"route": "A", "direction": 0, "color": "#0062CF"}, "geometry": {"type": "LineString", "coordinates": [[-73.827559, 40.583209], [-73.820558, 40.585307]]}}, {"type": "Feature", "properties": {"route": "A", "direction": 0, "color": "#0062CF"}, "geometry": {"type": "LineString", "coordinates": [[-73.835592, 40.580903], [-73.827559, 40.583209]]}}, {"type": "Feature", "properties": {"route": "A", "direction": 1, "color": "#0062CF"}, "geometry": {"type": "LineString", "coordinates": [[-73.919899, 40.868072], [-73.927271, 40.865491]]}}, {"type": "Feature", "properties": {"route": "A", "direction": 1, "color": "#0062CF"}, "geometry": {"type": "LineString", "coordinates": [[-73.927271, 40.865491], [-73.93418, 40.859022]]}}, {"type": "Feature", "properties": {"route": "A", "direction": 1, "color": "#0062CF"}, "geometry": {"type": "LineString", "coordinates": [[-73.93418, 40.859022], [-73.937969, 40.851695]]}}, {"type": "Feature", "properties": {"route": "A", "direction": 1, "color": "#0062CF"}, "geometry": {"type": "LineString", "coordinates": [[-73.937969, 40.851695], [-73.939704, 40.847391]]}}, {"type": "Feature", "properties": {"route": "A", "direction": 1, "color": "#0062CF"}, "geometry": {"type": "LineString", "coordinates": [[-73.939704, 40.847391], [-73.939561, 40.840719]]}}, {"type": "Feature", "properties": {"route": "A", "direction": 1, "color": "#0062CF"}, "geometry": {"type": "LineString", "coordinates": [[-73.939561, 40.840719], [-73.944216, 40.824783]]}}, {"type": "Feature", "properties": {"route": "A", "direction": 1, "color": "#0062CF"}, "geometry": {"type": "LineString", "coordinates": [[-73.944216, 40.824783], [-73.952343, 40.811109]]}}, {"type": "Feature", "properties": {"route": "A", "direction": 1, "color": "#0062CF"}, "geometry": {"type": "LineString", "coordinates": [[-73.952343, 40.811109], [-73.981736, 40.768296]]}}, {"type": "Feature", "properties": {"route": "A", "direction": 1, "color": "#0062CF"}, "geometry": {"type": "LineString", "coordinates": [[-73.981736, 40.768296], [-73.989735, 40.757308]]}}, {"type": "Feature", "properties": {"route": "A", "direction": 1, "color": "#0062CF"}, "geometry": {"type": "LineString", "coordinates": [[-73.989735, 40.757308], [-73.993391, 40.752287]]}}, {"type": "Feature", "properties": {"route": "A", "direction": 1, "color": "#0062CF"}, "geometry": {"type": "LineString", "coordinates": [[-73.993391, 40.752287], [-74.00169, 40.740893]]}}, {"type": "Feature", "properties": {"route": "A", "direction": 1, "color": "#0062CF"}, "geometry": {"type": "LineString", "coordinates": [[-74.00169, 40.740893], [-74.000495, 40.732338]]}}, {"type": "Feature", "properties": {"route": "A", "direction": 1, "color": "#0062CF"}, "geometry": {"type": "LineString", "coordinates": [[-74.000495, 40.732338], [-74.005229, 40.720824]]}}, {"type": "Feature", "properties": {"route": "A", "direction": 1, "color": "#0062CF"}, "geometry": {"type": "LineString", "coordinates": [[-74.005229, 40.720824], [-74.008585, 40.714111]]}}, {"type": "Feature", "properties": {"route": "A", "direction": 1, "color": "#0062CF"}, "geometry": {"type": "LineString", "coordinates": [[-74.008585, 40.714111], [-74.007691, 40.710197]]}}, {"type": "Feature", "properties": {"route": "A", "direction": 1, "color": "#0062CF"}, "geometry": {"type": "LineString", "coordinates": [[-74.007691, 40.710197], [-73.990531, 40.699337]]}}, {"type": "Feature", "properties": {"route": "A", "direction": 1, "color": "#0062CF"}, "geometry": {"type": "LineString", "coordinates": [[-73.990531, 40.699337], [-73.987342, 40.692338]]}}, {"type": "Feature", "properties": {"route": "A", "direction": 1, "color": "#0062CF"}, "geometry": {"type": "LineString", "coordinates": [[-73.987342, 40.692338], [-73.985001, 40.688484]]}}, {"type": "Feature", "properties": {"route": "A", "direction": 1, "color": "#0062CF"}, "geometry": {"type": "LineString", "coordinates": [[-73.985001, 40.688484], [-73.950426, 40.680438]]}}, {"type": "Feature", "properties": {"route": "A", "direction": 1, "color": "#0062CF"}, "geometry": {"type": "LineString", "coordinates": [[-73.950426, 40.680438], [-73.930729, 40.679364]]}}, {"type": "Feature", "properties": {"route": "A", "direction": 1, "color": "#0062CF"}, "geometry": {"type": "LineString", "coordinates": [[-73.930729, 40.679364], [-73.905316, 40.678334]]}}, {"type": "Feature", "properties": {"route": "A", "direction": 1, "color": "#0062CF"}, "geometry": {"type": "LineString", "coordinates": [[-73.905316, 40.678334], [-73.872106, 40.675377]]}}, {"type": "Feature", "properties": {"route": "A", "direction": 1, "color": "#0062CF"}, "geometry": {"type": "LineString", "coordinates": [[-73.872106, 40.675377], [-73.86505, 40.677044]]}}, {"type": "Feature", "properties": {"route": "A", "direction": 1, "color": "#0062CF"}, "geometry": {"type": "LineString", "coordinates": [[-73.86505, 40.677044], [-73.858992, 40.679371]]}}, {"type": "Feature", "properties": {"route": "A", "direction": 1, "color": "#0062CF"}, "geometry": {"type": "LineString", "coordinates": [[-73.858992, 40.679371], [-73.85147, 40.679843]]}}, {"type": "Feature", "properties": {"route": "A", "direction": 1, "color": "#0062CF"}, "geometry": {"type": "LineString", "coordinates": [[-73.85147, 40.679843], [-73.843853, 40.680429]]}}, {"type": "Feature", "properties": {"route": "A", "direction": 1, "color": "#0062CF"}, "geometry": {"type": "LineString", "coordinates": [[-73.843853, 40.680429], [-73.837683, 40.681711]]}}, {"type": "Feature", "properties": {"route": "A", "direction": 1, "color": "#0062CF"}, "geometry": {"type": "LineString", "coordinates": [[-73.843853, 40.680429], [-73.834058, 40.668234]]}}, {"type": "Feature", "properties": {"route": "A", "direction": 1, "color": "#0062CF"}, "geometry": {"type": "LineString", "coordinates": [[-73.837683, 40.681711], [-73.832163, 40.684331]]}}, {"type": "Feature", "properties": {"route": "A", "direction": 1, "color": "#0062CF"}, "geometry": {"type": "LineString", "coordinates": [[-73.832163, 40.684331], [-73.825798, 40.685951]]}}, {"type": "Feature", "properties": {"route": "A", "direction": 1, "color": "#0062CF"}, "geometry": {"type": "LineString", "coordinates": [[-73.834058, 40.668234], [-73.830301, 40.660476]]}}, {"type": "Feature", "properties": {"route": "A", "direction": 1, "color": "#0062CF"}, "geometry": {"type": "LineString", "coordinates": [[-73.830301, 40.660476], [-73.815925, 40.608382]]}}, {"type": "Feature", "properties": {"route": "A", "direction": 1, "color": "#0062CF"}, "geometry": {"type": "LineString", "coordinates": [[-73.815925, 40.608382], [-73.796924, 40.590927]]}}, {"type": "Feature", "properties": {"route": "A", "direction": 1, "color": "#0062CF"}, "geometry": {"type": "LineString", "coordinates": [[-73.796924, 40.590927], [-73.788522, 40.592374]]}}, {"type": "Feature", "properties": {"route": "A", "direction": 1, "color": "#0062CF"}, "geometry": {"type": "LineString", "coordinates": [[-73.788522, 40.592374], [-73.776013, 40.592943]]}}, {"type": "Feature", "properties": {"route": "A", "direction": 1, "color": "#0062CF"}, "geometry": {"type": "LineString", "coordinates": [[-73.776013, 40.592943], [-73.768175, 40.595398]]}}, {"type": "Feature", "properties": {"route": "A", "direction": 1, "color": "#0062CF"}, "geometry": {"type": "LineString", "coordinates": [[-73.768175, 40.595398], [-73.761353, 40.600066]]}}, {"type": "Feature", "properties": {"route": "A", "direction": 1, "color": "#0062CF"}, "geometry": {"type": "LineString", "coordinates": [[-73.761353, 40.600066], [-73.755405, 40.603995]]}}, {"type": "Feature", "properties": {"route": "B", "direction": 0, "color": "#EB6800"}, "geometry": {"type": "LineString", "coordinates": [[-73.947649, 40.817894], [-73.944216, 40.824783]]}}, {"type": "Feature", "properties": {"route": "B", "direction": 0, "color": "#EB6800"}, "geometry": {"type": "LineString", "coordinates": [[-73.952343, 40.811109], [-73.947649, 40.817894]]}}, {"type": "Feature", "properties": {"route": "B", "direction": 0, "color": "#EB6800"}, "geometry": {"type": "LineString", "coordinates": [[-73.954882, 40.805085], [-73.952343, 40.811109]]}}, {"type": "Feature", "properties": {"route": "B", "direction": 0, "color": "#EB6800"}, "geometry": {"type": "LineString", "coordinates": [[-73.958161, 40.800603], [-73.954882, 40.805085]]}}, {"type": "Feature", "properties": {"route": "B", "direction": 0, "color": "#EB6800"}, "geometry": {"type": "LineString", "coordinates": [[-73.961454, 40.796092], [-73.958161, 40.800603]]}}, {"type": "Feature", "properties": {"route": "B", "direction": 0, "color": "#EB6800"}, "geometry": {"type": "LineString", "coordinates": [[-73.964696, 40.791642], [-73.961454, 40.796092]]}}, {"type": "Feature", "properties": {"route": "B", "direction": 0, "color": "#EB6800"}, "geometry": {"type": "LineString", "coordinates": [[-73.968916, 40.785868], [-73.964696, 40.791642]]}}, {"type": "Feature", "properties": {"route": "B", "direction": 0, "color": "#EB6800"}, "geometry": {"type": "LineString", "coordinates": [[-73.972143, 40.781433], [-73.968916, 40.785868]]}}, {"type": "Feature", "properties": {"route": "B", "direction": 0, "color": "#EB6800"}, "geometry": {"type": "LineString", "coordinates": [[-73.97641, 40.775594], [-73.972143, 40.781433]]}}, {"type": "Feature", "properties": {"route": "B", "direction": 0, "color": "#EB6800"}, "geometry": {"type": "LineString", "coordinates": [[-73.981736, 40.768296], [-73.97641, 40.775594]]}}, {"type": "Feature", "properties": {"route": "B", "direction": 0, "color": "#EB6800"}, "geometry": {"type": "LineString", "coordinates": [[-73.893509, 40.866978], [-73.887138, 40.873244]]}}, {"type": "Feature", "properties": {"route": "B", "direction": 0, "color": "#EB6800"}, "geometry": {"type": "LineString", "coordinates": [[-73.897749, 40.861296], [-73.893509, 40.866978]]}}, {"type": "Feature", "properties": {"route": "B", "direction": 0, "color": "#EB6800"}, "geometry": {"type": "LineString", "coordinates": [[-73.900741, 40.856093], [-73.897749, 40.861296]]}}, {"type": "Feature", "properties": {"route": "B", "direction": 0, "color": "#EB6800"}, "geometry": {"type": "LineString", "coordinates": [[-73.905227, 40.85041], [-73.897749, 40.861296]]}}, {"type": "Feature", "properties": {"route": "B", "direction": 0, "color": "#EB6800"}, "geometry": {"type": "LineString", "coordinates": [[-73.905227, 40.85041], [-73.900741, 40.856093]]}}, {"type": "Feature", "properties": {"route": "B", "direction": 0, "color": "#EB6800"}, "geometry": {"type": "LineString", "coordinates": [[-73.910136, 40.8459], [-73.905227, 40.85041]]}}, {"type": "Feature", "properties": {"route": "B", "direction": 0, "color": "#EB6800"}, "geometry": {"type": "LineString", "coordinates": [[-73.9134, 40.839306], [-73.910136, 40.8459]]}}, {"type": "Feature", "properties": {"route": "B", "direction": 0, "color": "#EB6800"}, "geometry": {"type": "LineString", "coordinates": [[-73.91844, 40.833771], [-73.9134, 40.839306]]}}, {"type": "Feature", "properties": {"route": "B", "direction": 0, "color": "#EB6800"}, "geometry": {"type": "LineString", "coordinates": [[-73.925651, 40.827905], [-73.91844, 40.833771]]}}, {"type": "Feature", "properties": {"route": "B", "direction": 0, "color": "#EB6800"}, "geometry": {"type": "LineString", "coordinates": [[-73.938209, 40.830135], [-73.925651, 40.827905]]}}, {"type": "Feature", "properties": {"route": "B", "direction": 0, "color": "#EB6800"}, "geometry": {"type": "LineString", "coordinates": [[-73.944216, 40.824783], [-73.938209, 40.830135]]}}, {"type": "Feature", "properties": {"route": "B", "direction": 0, "color": "#EB6800"}, "geometry": {"type": "LineString", "coordinates": [[-73.981637, 40.762862], [-73.981736, 40.768296]]}}, {"type": "Feature", "properties": {"route": "B", "direction": 0, "color": "#EB6800"}, "geometry": {"type": "LineString", "coordinates": [[-73.981329, 40.758663], [-73.981637, 40.762862]]}}, {"type": "Feature", "properties": {"route": "B", "direction": 0, "color": "#EB6800"}, "geometry": {"type": "LineString", "coordinates": [[-73.984569, 40.754222], [-73.981329, 40.758663]]}}, {"type": "Feature", "properties": {"route": "B", "direction": 0, "color": "#EB6800"}, "geometry": {"type": "LineString", "coordinates": [[-73.987823, 40.749719], [-73.984569, 40.754222]]}}, {"type": "Feature", "properties": {"route": "B", "direction": 0, "color": "#EB6800"}, "geometry": {"type": "LineString", "coordinates": [[-74.000495, 40.732338], [-73.987823, 40.749719]]}}, {"type": "Feature", "properties": {"route": "B", "direction": 0, "color": "#EB6800"}, "geometry": {"type": "LineString", "coordinates": [[-73.996204, 40.725297], [-74.000495, 40.732338]]}}, {"type": "Feature", "properties": {"route": "B", "direction": 0, "color": "#EB6800"}, "geometry": {"type": "LineString", "coordinates": [[-73.993753, 40.718267], [-73.996204, 40.725297]]}}, {"type": "Feature", "properties": {"route": "B", "direction": 0, "color": "#EB6800"}, "geometry": {"type": "LineString", "coordinates": [[-73.97689, 40.68446], [-73.981824, 40.690635]]}}, {"type": "Feature", "properties": {"route": "B", "direction": 0, "color": "#EB6800"}, "geometry": {"type": "LineString", "coordinates": [[-73.972367, 40.67705], [-73.97689, 40.68446]]}}, {"type": "Feature", "properties": {"route": "B", "direction": 0, "color": "#EB6800"}, "geometry": {"type": "LineString", "coordinates": [[-73.962246, 40.661614], [-73.972367, 40.67705]]}}, {"type": "Feature", "properties": {"route": "B", "direction": 0, "color": "#EB6800"}, "geometry": {"type": "LineString", "coordinates": [[-73.962982, 40.650527], [-73.962246, 40.661614]]}}, {"type": "Feature", "properties": {"route": "B", "direction": 0, "color": "#EB6800"}, "geometry": {"type": "LineString", "coordinates": [[-73.962793, 40.635082], [-73.962982, 40.650527]]}}, {"type": "Feature", "properties": {"route": "B", "direction": 0, "color": "#EB6800"}, "geometry": {"type": "LineString", "coordinates": [[-73.957734, 40.60867], [-73.962793, 40.635082]]}}, {"type": "Feature", "properties": {"route": "B", "direction": 0, "color": "#EB6800"}, "geometry": {"type": "LineString", "coordinates": [[-73.954155, 40.586896], [-73.957734, 40.60867]]}}, {"type": "Feature", "properties": {"route": "B", "direction": 0, "color": "#EB6800"}, "geometry": {"type": "LineString", "coordinates": [[-73.961376, 40.577621], [-73.954155, 40.586896]]}}, {"type": "Feature", "properties": {"route": "B", "direction": 0, "color": "#EB6800"}, "geometry": {"type": "LineString", "coordinates": [[-73.981824, 40.690635], [-73.993753, 40.718267]]}}, {"type": "Feature", "properties": {"route": "B", "direction": 1, "color": "#EB6800"}, "geometry": {"type": "LineString", "coordinates": [[-73.947649, 40.817894], [-73.952343, 40.811109]]}}, {"type": "Feature", "properties": {"route": "B", "direction": 1, "color": "#EB6800"}, "geometry": {"type": "LineString", "coordinates": [[-73.952343, 40.811109], [-73.954882, 40.805085]]}}, {"type": "Feature", "properties": {"route": "B", "direction": 1, "color": "#EB6800"}, "geometry": {"type": "LineString", "coordinates": [[-73.954882, 40.805085], [-73.958161, 40.800603]]}}, {"type": "Feature", "properties": {"route": "B", "direction": 1, "color": "#EB6800"}, "geometry": {"type": "LineString", "coordinates": [[-73.958161, 40.800603], [-73.961454, 40.796092]]}}, {"type": "Feature", "properties": {"route": "B", "direction": 1, "color": "#EB6800"}, "geometry": {"type": "LineString", "coordinates": [[-73.961454, 40.796092], [-73.964696, 40.791642]]}}, {"type": "Feature", "properties": {"route": "B", "direction": 1, "color": "#EB6800"}, "geometry": {"type": "LineString", "coordinates": [[-73.964696, 40.791642], [-73.968916, 40.785868]]}}, {"type": "Feature", "properties": {"route": "B", "direction": 1, "color": "#EB6800"}, "geometry": {"type": "LineString", "coordinates": [[-73.968916, 40.785868], [-73.972143, 40.781433]]}}, {"type": "Feature", "properties": {"route": "B", "direction": 1, "color": "#EB6800"}, "geometry": {"type": "LineString", "coordinates": [[-73.972143, 40.781433], [-73.97641, 40.775594]]}}, {"type": "Feature", "properties": {"route": "B", "direction": 1, "color": "#EB6800"}, "geometry": {"type": "LineString", "coordinates": [[-73.97641, 40.775594], [-73.981736, 40.768296]]}}, {"type": "Feature", "properties": {"route": "B", "direction": 1, "color": "#EB6800"}, "geometry": {"type": "LineString", "coordinates": [[-73.981736, 40.768296], [-73.981637, 40.762862]]}}, {"type": "Feature", "properties": {"route": "B", "direction": 1, "color": "#EB6800"}, "geometry": {"type": "LineString", "coordinates": [[-73.887138, 40.873244], [-73.893509, 40.866978]]}}, {"type": "Feature", "properties": {"route": "B", "direction": 1, "color": "#EB6800"}, "geometry": {"type": "LineString", "coordinates": [[-73.893509, 40.866978], [-73.897749, 40.861296]]}}, {"type": "Feature", "properties": {"route": "B", "direction": 1, "color": "#EB6800"}, "geometry": {"type": "LineString", "coordinates": [[-73.897749, 40.861296], [-73.900741, 40.856093]]}}, {"type": "Feature", "properties": {"route": "B", "direction": 1, "color": "#EB6800"}, "geometry": {"type": "LineString", "coordinates": [[-73.900741, 40.856093], [-73.905227, 40.85041]]}}, {"type": "Feature", "properties": {"route": "B", "direction": 1, "color": "#EB6800"}, "geometry": {"type": "LineString", "coordinates": [[-73.905227, 40.85041], [-73.910136, 40.8459]]}}, {"type": "Feature", "properties": {"route": "B", "direction": 1, "color": "#EB6800"}, "geometry": {"type": "LineString", "coordinates": [[-73.910136, 40.8459], [-73.9134, 40.839306]]}}, {"type": "Feature", "properties": {"route": "B", "direction": 1, "color": "#EB6800"}, "geometry": {"type": "LineString", "coordinates": [[-73.9134, 40.839306], [-73.91844, 40.833771]]}}, {"type": "Feature", "properties": {"route": "B", "direction": 1, "color": "#EB6800"}, "geometry": {"type": "LineString", "coordinates": [[-73.91844, 40.833771], [-73.925651, 40.827905]]}}, {"type": "Feature", "properties": {"route": "B", "direction": 1, "color": "#EB6800"}, "geometry": {"type": "LineString", "coordinates": [[-73.925651, 40.827905], [-73.938209, 40.830135]]}}, {"type": "Feature", "properties": {"route": "B", "direction": 1, "color": "#EB6800"}, "geometry": {"type": "LineString", "coordinates": [[-73.938209, 40.830135], [-73.944216, 40.824783]]}}, {"type": "Feature", "properties": {"route": "B", "direction": 1, "color": "#EB6800"}, "geometry": {"type": "LineString", "coordinates": [[-73.944216, 40.824783], [-73.947649, 40.817894]]}}, {"type": "Feature", "properties": {"route": "B", "direction": 1, "color": "#EB6800"}, "geometry": {"type": "LineString", "coordinates": [[-73.981637, 40.762862], [-73.981329, 40.758663]]}}, {"type": "Feature", "properties": {"route": "B", "direction": 1, "color": "#EB6800"}, "geometry": {"type": "LineString", "coordinates": [[-73.981329, 40.758663], [-73.984569, 40.754222]]}}, {"type": "Feature", "properties": {"route": "B", "direction": 1, "color": "#EB6800"}, "geometry": {"type": "LineString", "coordinates": [[-73.984569, 40.754222], [-73.987823, 40.749719]]}}, {"type": "Feature", "properties": {"route": "B", "direction": 1, "color": "#EB6800"}, "geometry": {"type": "LineString", "coordinates": [[-73.987823, 40.749719], [-74.000495, 40.732338]]}}, {"type": "Feature", "properties": {"route": "B", "direction": 1, "color": "#EB6800"}, "geometry": {"type": "LineString", "coordinates": [[-74.000495, 40.732338], [-73.996204, 40.725297]]}}, {"type": "Feature", "properties": {"route": "B", "direction": 1, "color": "#EB6800"}, "geometry": {"type": "LineString", "coordinates": [[-73.996204, 40.725297], [-73.993753, 40.718267]]}}, {"type": "Feature", "properties": {"route": "B", "direction": 1, "color": "#EB6800"}, "geometry": {"type": "LineString", "coordinates": [[-73.993753, 40.718267], [-73.981824, 40.690635]]}}, {"type": "Feature", "properties": {"route": "B", "direction": 1, "color": "#EB6800"}, "geometry": {"type": "LineString", "coordinates": [[-73.97689, 40.68446], [-73.972367, 40.67705]]}}, {"type": "Feature", "properties": {"route": "B", "direction": 1, "color": "#EB6800"}, "geometry": {"type": "LineString", "coordinates": [[-73.972367, 40.67705], [-73.962246, 40.661614]]}}, {"type": "Feature", "properties": {"route": "B", "direction": 1, "color": "#EB6800"}, "geometry": {"type": "LineString", "coordinates": [[-73.962246, 40.661614], [-73.962982, 40.650527]]}}, {"type": "Feature", "properties": {"route": "B", "direction": 1, "color": "#EB6800"}, "geometry": {"type": "LineString", "coordinates": [[-73.962982, 40.650527], [-73.962793, 40.635082]]}}, {"type": "Feature", "properties": {"route": "B", "direction": 1, "color": "#EB6800"}, "geometry": {"type": "LineString", "coordinates": [[-73.962793, 40.635082], [-73.957734, 40.60867]]}}, {"type": "Feature", "properties": {"route": "B", "direction": 1, "color": "#EB6800"}, "geometry": {"type": "LineString", "coordinates": [[-73.957734, 40.60867], [-73.954155, 40.586896]]}}, {"type": "Feature", "properties": {"route": "B", "direction": 1, "color": "#EB6800"}, "geometry": {"type": "LineString", "coordinates": [[-73.954155, 40.586896], [-73.961376, 40.577621]]}}, {"type": "Feature", "properties": {"route": "B", "direction": 1, "color": "#EB6800"}, "geometry": {"type": "LineString", "coordinates": [[-73.981824, 40.690635], [-73.97689, 40.68446]]}}, {"type": "Feature", "properties": {"route": "C", "direction": 0, "color": "#0062CF"}, "geometry": {"type": "LineString", "coordinates": [[-73.939892, 40.836013], [-73.939561, 40.840719]]}}, {"type": "Feature", "properties": {"route": "C", "direction": 0, "color": "#0062CF"}, "geometry": {"type": "LineString", "coordinates": [[-73.941514, 40.830518], [-73.939892, 40.836013]]}}, {"type": "Feature", "properties": {"route": "C", "direction": 0, "color": "#0062CF"}, "geometry": {"type": "LineString", "coordinates": [[-73.944216, 40.824783], [-73.941514, 40.830518]]}}, {"type": "Feature", "properties": {"route": "C", "direction": 0, "color": "#0062CF"}, "geometry": {"type": "LineString", "coordinates": [[-73.947649, 40.817894], [-73.944216, 40.824783]]}}, {"type": "Feature", "properties": {"route": "C", "direction": 0, "color": "#0062CF"}, "geometry": {"type": "LineString", "coordinates": [[-73.952343, 40.811109], [-73.947649, 40.817894]]}}, {"type": "Feature", "properties": {"route": "C", "direction": 0, "color": "#0062CF"}, "geometry": {"type": "LineString", "coordinates": [[-73.954882, 40.805085], [-73.952343, 40.811109]]}}, {"type": "Feature", "properties": {"route": "C", "direction": 0, "color": "#0062CF"}, "geometry": {"type": "LineString", "coordinates": [[-73.958161, 40.800603], [-73.954882, 40.805085]]}}, {"type": "Feature", "properties": {"route": "C", "direction": 0, "color": "#0062CF"}, "geometry": {"type": "LineString", "coordinates": [[-73.961454, 40.796092], [-73.958161, 40.800603]]}}, {"type": "Feature", "properties": {"route": "C", "direction": 0, "color": "#0062CF"}, "geometry": {"type": "LineString", "coordinates": [[-73.964696, 40.791642], [-73.961454, 40.796092]]}}, {"type": "Feature", "properties": {"route": "C", "direction": 0, "color": "#0062CF"}, "geometry": {"type": "LineString", "coordinates": [[-73.968916, 40.785868], [-73.964696, 40.791642]]}}, {"type": "Feature", "properties": {"route": "C", "direction": 0, "color": "#0062CF"}, "geometry": {"type": "LineString", "coordinates": [[-73.972143, 40.781433], [-73.968916, 40.785868]]}}, {"type": "Feature", "properties": {"route": "C", "direction": 0, "color": "#0062CF"}, "geometry": {"type": "LineString", "coordinates": [[-73.97641, 40.775594], [-73.972143, 40.781433]]}}, {"type": "Feature", "properties": {"route": "C", "direction": 0, "color": "#0062CF"}, "geometry": {"type": "LineString", "coordinates": [[-73.981736, 40.768296], [-73.97641, 40.775594]]}}, {"type": "Feature", "properties": {"route": "C", "direction": 0, "color": "#0062CF"}, "geometry": {"type": "LineString", "coordinates": [[-73.985984, 40.762456], [-73.981736, 40.768296]]}}, {"type": "Feature", "properties": {"route": "C", "direction": 0, "color": "#0062CF"}, "geometry": {"type": "LineString", "coordinates": [[-73.989735, 40.757308], [-73.985984, 40.762456]]}}, {"type": "Feature", "properties": {"route": "C", "direction": 0, "color": "#0062CF"}, "geometry": {"type": "LineString", "coordinates": [[-73.993391, 40.752287], [-73.989735, 40.757308]]}}, {"type": "Feature", "properties": {"route": "C", "direction": 0, "color": "#0062CF"}, "geometry": {"type": "LineString", "coordinates": [[-73.998041, 40.745906], [-73.993391, 40.752287]]}}, {"type": "Feature", "properties": {"route": "C", "direction": 0, "color": "#0062CF"}, "geometry": {"type": "LineString", "coordinates": [[-74.00169, 40.740893], [-73.998041, 40.745906]]}}, {"type": "Feature", "properties": {"route": "C", "direction": 0, "color": "#0062CF"}, "geometry": {"type": "LineString", "coordinates": [[-74.000495, 40.732338], [-74.00169, 40.740893]]}}, {"type": "Feature", "properties": {"route": "C", "direction": 0, "color": "#0062CF"}, "geometry": {"type": "LineString", "coordinates": [[-74.003739, 40.726227], [-74.000495, 40.732338]]}}, {"type": "Feature", "properties": {"route": "C", "direction": 0, "color": "#0062CF"}, "geometry": {"type": "LineString", "coordinates": [[-74.005229, 40.720824], [-74.003739, 40.726227]]}}, {"type": "Feature", "properties": {"route": "C", "direction": 0, "color": "#0062CF"}, "geometry": {"type": "LineString", "coordinates": [[-74.008585, 40.714111], [-74.005229, 40.720824]]}}, {"type": "Feature", "properties": {"route": "C", "direction": 0, "color": "#0062CF"}, "geometry": {"type": "LineString", "coordinates": [[-74.007691, 40.710197], [-74.008585, 40.714111]]}}, {"type": "Feature", "properties": {"route": "C", "direction": 0, "color": "#0062CF"}, "geometry": {"type": "LineString", "coordinates": [[-73.990531, 40.699337], [-74.007691, 40.710197]]}}, {"type": "Feature", "properties": {"route": "C", "direction": 0, "color": "#0062CF"}, "geometry": {"type": "LineString", "coordinates": [[-73.987342, 40.692338], [-73.990531, 40.699337]]}}, {"type": "Feature", "properties": {"route": "C", "direction": 0, "color": "#0062CF"}, "geometry": {"type": "LineString", "coordinates": [[-73.985001, 40.688484], [-73.987342, 40.692338]]}}, {"type": "Feature", "properties": {"route": "C", "direction": 0, "color": "#0062CF"}, "geometry": {"type": "LineString", "coordinates": [[-73.973946, 40.686113], [-73.985001, 40.688484]]}}, {"type": "Feature", "properties": {"route": "C", "direction": 0, "color": "#0062CF"}, "geometry": {"type": "LineString", "coordinates": [[-73.965838, 40.683263], [-73.973946, 40.686113]]}}, {"type": "Feature", "properties": {"route": "C", "direction": 0, "color": "#0062CF"}, "geometry": {"type": "LineString", "coordinates": [[-73.956848, 40.68138], [-73.965838, 40.683263]]}}, {"type": "Feature", "properties": {"route": "C", "direction": 0, "color": "#0062CF"}, "geometry": {"type": "LineString", "coordinates": [[-73.950426, 40.680438], [-73.956848, 40.68138]]}}, {"type": "Feature", "properties": {"route": "C", "direction": 0, "color": "#0062CF"}, "geometry": {"type": "LineString", "coordinates": [[-73.940858, 40.679921], [-73.950426, 40.680438]]}}, {"type": "Feature", "properties": {"route": "C", "direction": 0, "color": "#0062CF"}, "geometry": {"type": "LineString", "coordinates": [[-73.930729, 40.679364], [-73.940858, 40.679921]]}}, {"type": "Feature", "properties": {"route": "C", "direction": 0, "color": "#0062CF"}, "geometry": {"type": "LineString", "coordinates": [[-73.920786, 40.678822], [-73.930729, 40.679364]]}}, {"type": "Feature", "properties": {"route": "C", "direction": 0, "color": "#0062CF"}, "geometry": {"type": "LineString", "coordinates": [[-73.911946, 40.67834], [-73.920786, 40.678822]]}}, {"type": "Feature", "properties": {"route": "C", "direction": 0, "color": "#0062CF"}, "geometry": {"type": "LineString", "coordinates": [[-73.905316, 40.678334], [-73.911946, 40.67834]]}}, {"type": "Feature", "properties": {"route": "C", "direction": 0, "color": "#0062CF"}, "geometry": {"type": "LineString", "coordinates": [[-73.896548, 40.674542], [-73.905316, 40.678334]]}}, {"type": "Feature", "properties": {"route": "C", "direction": 0, "color": "#0062CF"}, "geometry": {"type": "LineString", "coordinates": [[-73.890358, 40.67271], [-73.896548, 40.674542]]}}, {"type": "Feature", "properties": {"route": "C", "direction": 0, "color": "#0062CF"}, "geometry": {"type": "LineString", "coordinates": [[-73.88075, 40.67413], [-73.890358, 40.67271]]}}, {"type": "Feature", "properties": {"route": "C", "direction": 0, "color": "#0062CF"}, "geometry": {"type": "LineString", "coordinates": [[-73.872106, 40.675377], [-73.88075, 40.67413]]}}, {"type": "Feature", "properties": {"route": "C", "direction": 1, "color": "#0062CF"}, "geometry": {"type": "LineString", "coordinates": [[-73.939561, 40.840719], [-73.939892, 40.836013]]}}, {"type": "Feature", "properties": {"route": "C", "direction": 1, "color": "#0062CF"}, "geometry": {"type": "LineString", "coordinates": [[-73.939892, 40.836013], [-73.941514, 40.830518]]}}, {"type": "Feature", "properties": {"route": "C", "direction": 1, "color": "#0062CF"}, "geometry": {"type": "LineString", "coordinates": [[-73.941514, 40.830518], [-73.944216, 40.824783]]}}, {"type": "Feature", "properties": {"route": "C", "direction": 1, "color": "#0062CF"}, "geometry": {"type": "LineString", "coordinates": [[-73.944216, 40.824783], [-73.947649, 40.817894]]}}, {"type": "Feature", "properties": {"route": "C", "direction": 1, "color": "#0062CF"}, "geometry": {"type": "LineString", "coordinates": [[-73.947649, 40.817894], [-73.952343, 40.811109]]}}, {"type": "Feature", "properties": {"route": "C", "direction": 1, "color": "#0062CF"}, "geometry": {"type": "LineString", "coordinates": [[-73.952343, 40.811109], [-73.954882, 40.805085]]}}, {"type": "Feature", "properties": {"route": "C", "direction": 1, "color": "#0062CF"}, "geometry": {"type": "LineString", "coordinates": [[-73.954882, 40.805085], [-73.958161, 40.800603]]}}, {"type": "Feature", "properties": {"route": "C", "direction": 1, "color": "#0062CF"}, "geometry": {"type": "LineString", "coordinates": [[-73.958161, 40.800603], [-73.961454, 40.796092]]}}, {"type": "Feature", "properties": {"route": "C", "direction": 1, "color": "#0062CF"}, "geometry": {"type": "LineString", "coordinates": [[-73.961454, 40.796092], [-73.964696, 40.791642]]}}, {"type": "Feature", "properties": {"route": "C", "direction": 1, "color": "#0062CF"}, "geometry": {"type": "LineString", "coordinates": [[-73.964696, 40.791642], [-73.968916, 40.785868]]}}, {"type": "Feature", "properties": {"route": "C", "direction": 1, "color": "#0062CF"}, "geometry": {"type": "LineString", "coordinates": [[-73.968916, 40.785868], [-73.972143, 40.781433]]}}, {"type": "Feature", "properties": {"route": "C", "direction": 1, "color": "#0062CF"}, "geometry": {"type": "LineString", "coordinates": [[-73.972143, 40.781433], [-73.97641, 40.775594]]}}, {"type": "Feature", "properties": {"route": "C", "direction": 1, "color": "#0062CF"}, "geometry": {"type": "LineString", "coordinates": [[-73.97641, 40.775594], [-73.981736, 40.768296]]}}, {"type": "Feature", "properties": {"route": "C", "direction": 1, "color": "#0062CF"}, "geometry": {"type": "LineString", "coordinates": [[-73.981736, 40.768296], [-73.985984, 40.762456]]}}, {"type": "Feature", "properties": {"route": "C", "direction": 1, "color": "#0062CF"}, "geometry": {"type": "LineString", "coordinates": [[-73.985984, 40.762456], [-73.989735, 40.757308]]}}, {"type": "Feature", "properties": {"route": "C", "direction": 1, "color": "#0062CF"}, "geometry": {"type": "LineString", "coordinates": [[-73.989735, 40.757308], [-73.993391, 40.752287]]}}, {"type": "Feature", "properties": {"route": "C", "direction": 1, "color": "#0062CF"}, "geometry": {"type": "LineString", "coordinates": [[-73.993391, 40.752287], [-73.998041, 40.745906]]}}, {"type": "Feature", "properties": {"route": "C", "direction": 1, "color": "#0062CF"}, "geometry": {"type": "LineString", "coordinates": [[-73.998041, 40.745906], [-74.00169, 40.740893]]}}, {"type": "Feature", "properties": {"route": "C", "direction": 1, "color": "#0062CF"}, "geometry": {"type": "LineString", "coordinates": [[-74.00169, 40.740893], [-74.000495, 40.732338]]}}, {"type": "Feature", "properties": {"route": "C", "direction": 1, "color": "#0062CF"}, "geometry": {"type": "LineString", "coordinates": [[-74.000495, 40.732338], [-74.003739, 40.726227]]}}, {"type": "Feature", "properties": {"route": "C", "direction": 1, "color": "#0062CF"}, "geometry": {"type": "LineString", "coordinates": [[-74.003739, 40.726227], [-74.005229, 40.720824]]}}, {"type": "Feature", "properties": {"route": "C", "direction": 1, "color": "#0062CF"}, "geometry": {"type": "LineString", "coordinates": [[-74.005229, 40.720824], [-74.008585, 40.714111]]}}, {"type": "Feature", "properties": {"route": "C", "direction": 1, "color": "#0062CF"}, "geometry": {"type": "LineString", "coordinates": [[-74.008585, 40.714111], [-74.007691, 40.710197]]}}, {"type": "Feature", "properties": {"route": "C", "direction": 1, "color": "#0062CF"}, "geometry": {"type": "LineString", "coordinates": [[-74.007691, 40.710197], [-73.990531, 40.699337]]}}, {"type": "Feature", "properties": {"route": "C", "direction": 1, "color": "#0062CF"}, "geometry": {"type": "LineString", "coordinates": [[-73.990531, 40.699337], [-73.987342, 40.692338]]}}, {"type": "Feature", "properties": {"route": "C", "direction": 1, "color": "#0062CF"}, "geometry": {"type": "LineString", "coordinates": [[-73.987342, 40.692338], [-73.985001, 40.688484]]}}, {"type": "Feature", "properties": {"route": "C", "direction": 1, "color": "#0062CF"}, "geometry": {"type": "LineString", "coordinates": [[-73.985001, 40.688484], [-73.973946, 40.686113]]}}, {"type": "Feature", "properties": {"route": "C", "direction": 1, "color": "#0062CF"}, "geometry": {"type": "LineString", "coordinates": [[-73.973946, 40.686113], [-73.965838, 40.683263]]}}, {"type": "Feature", "properties": {"route": "C", "direction": 1, "color": "#0062CF"}, "geometry": {"type": "LineString", "coordinates": [[-73.965838, 40.683263], [-73.956848, 40.68138]]}}, {"type": "Feature", "properties": {"route": "C", "direction": 1, "color": "#0062CF"}, "geometry": {"type": "LineString", "coordinates": [[-73.956848, 40.68138], [-73.950426, 40.680438]]}}, {"type": "Feature", "properties": {"route": "C", "direction": 1, "color": "#0062CF"}, "geometry": {"type": "LineString", "coordinates": [[-73.950426, 40.680438], [-73.940858, 40.679921]]}}, {"type": "Feature", "properties": {"route": "C", "direction": 1, "color": "#0062CF"}, "geometry": {"type": "LineString", "coordinates": [[-73.940858, 40.679921], [-73.930729, 40.679364]]}}, {"type": "Feature", "properties": {"route": "C", "direction": 1, "color": "#0062CF"}, "geometry": {"type": "LineString", "coordinates": [[-73.930729, 40.679364], [-73.920786, 40.678822]]}}, {"type": "Feature", "properties": {"route": "C", "direction": 1, "color": "#0062CF"}, "geometry": {"type": "LineString", "coordinates": [[-73.920786, 40.678822], [-73.911946, 40.67834]]}}, {"type": "Feature", "properties": {"route": "C", "direction": 1, "color": "#0062CF"}, "geometry": {"type": "LineString", "coordinates": [[-73.911946, 40.67834], [-73.905316, 40.678334]]}}, {"type": "Feature", "properties": {"route": "C", "direction": 1, "color": "#0062CF"}, "geometry": {"type": "LineString", "coordinates": [[-73.905316, 40.678334], [-73.896548, 40.674542]]}}, {"type": "Feature", "properties": {"route": "C", "direction": 1, "color": "#0062CF"}, "geometry": {"type": "LineString", "coordinates": [[-73.896548, 40.674542], [-73.890358, 40.67271]]}}, {"type": "Feature", "properties": {"route": "C", "direction": 1, "color": "#0062CF"}, "geometry": {"type": "LineString", "coordinates": [[-73.890358, 40.67271], [-73.88075, 40.67413]]}}, {"type": "Feature", "properties": {"route": "C", "direction": 1, "color": "#0062CF"}, "geometry": {"type": "LineString", "coordinates": [[-73.88075, 40.67413], [-73.872106, 40.675377]]}}, {"type": "Feature", "properties": {"route": "D", "direction": 0, "color": "#EB6800"}, "geometry": {"type": "LineString", "coordinates": [[-73.952343, 40.811109], [-73.944216, 40.824783]]}}, {"type": "Feature", "properties": {"route": "D", "direction": 0, "color": "#EB6800"}, "geometry": {"type": "LineString", "coordinates": [[-73.981736, 40.768296], [-73.952343, 40.811109]]}}, {"type": "Feature", "properties": {"route": "D", "direction": 0, "color": "#EB6800"}, "geometry": {"type": "LineString", "coordinates": [[-73.994324, 40.646292], [-74.003549, 40.655144]]}}, {"type": "Feature", "properties": {"route": "D", "direction": 0, "color": "#EB6800"}, "geometry": {"type": "LineString", "coordinates": [[-73.994304, 40.640914], [-73.994324, 40.646292]]}}, {"type": "Feature", "properties": {"route": "D", "direction": 0, "color": "#EB6800"}, "geometry": {"type": "LineString", "coordinates": [[-73.994791, 40.63626], [-73.994304, 40.640914]]}}, {"type": "Feature", "properties": {"route": "D", "direction": 0, "color": "#EB6800"}, "geometry": {"type": "LineString", "coordinates": [[-73.995476, 40.631435], [-73.994791, 40.63626]]}}, {"type": "Feature", "properties": {"route": "D", "direction": 0, "color": "#EB6800"}, "geometry": {"type": "LineString", "coordinates": [[-73.996895, 40.626472], [-73.995476, 40.631435]]}}, {"type": "Feature", "properties": {"route": "D", "direction": 0, "color": "#EB6800"}, "geometry": {"type": "LineString", "coordinates": [[-73.998864, 40.619589], [-73.996895, 40.626472]]}}, {"type": "Feature", "properties": {"route": "D", "direction": 0, "color": "#EB6800"}, "geometry": {"type": "LineString", "coordinates": [[-74.00061, 40.613501], [-73.998864, 40.619589]]}}, {"type": "Feature", "properties": {"route": "D", "direction": 0, "color": "#EB6800"}, "geometry": {"type": "LineString", "coordinates": [[-74.001736, 40.607954], [-74.00061, 40.613501]]}}, {"type": "Feature", "properties": {"route": "D", "direction": 0, "color": "#EB6800"}, "geometry": {"type": "LineString", "coordinates": [[-73.998168, 40.604556], [-74.001736, 40.607954]]}}, {"type": "Feature", "properties": {"route": "D", "direction": 0, "color": "#EB6800"}, "geometry": {"type": "LineString", "coordinates": [[-73.993728, 40.601875], [-73.998168, 40.604556]]}}, {"type": "Feature", "properties": {"route": "D", "direction": 0, "color": "#EB6800"}, "geometry": {"type": "LineString", "coordinates": [[-73.986829, 40.597704], [-73.993728, 40.601875]]}}, {"type": "Feature", "properties": {"route": "D", "direction": 0, "color": "#EB6800"}, "geometry": {"type": "LineString", "coordinates": [[-73.983765, 40.588841], [-73.986829, 40.597704]]}}, {"type": "Feature", "properties": {"route": "D", "direction": 0, "color": "#EB6800"}, "geometry": {"type": "LineString", "coordinates": [[-73.887138, 40.873244], [-73.878855, 40.874811]]}}, {"type": "Feature", "properties": {"route": "D", "direction": 0, "color": "#EB6800"}, "geometry": {"type": "LineString", "coordinates": [[-73.893509, 40.866978], [-73.887138, 40.873244]]}}, {"type": "Feature", "properties": {"route": "D", "direction": 0, "color": "#EB6800"}, "geometry": {"type": "LineString", "coordinates": [[-73.897749, 40.861296], [-73.893509, 40.866978]]}}, {"type": "Feature", "properties": {"route": "D", "direction": 0, "color": "#EB6800"}, "geometry": {"type": "LineString", "coordinates": [[-73.900741, 40.856093], [-73.897749, 40.861296]]}}, {"type": "Feature", "properties": {"route": "D", "direction": 0, "color": "#EB6800"}, "geometry": {"type": "LineString", "coordinates": [[-73.905227, 40.85041], [-73.900741, 40.856093]]}}, {"type": "Feature", "properties": {"route": "D", "direction": 0, "color": "#EB6800"}, "geometry": {"type": "LineString", "coordinates": [[-73.910136, 40.8459], [-73.905227, 40.85041]]}}, {"type": "Feature", "properties": {"route": "D", "direction": 0, "color": "#EB6800"}, "geometry": {"type": "LineString", "coordinates": [[-73.9134, 40.839306], [-73.910136, 40.8459]]}}, {"type": "Feature", "properties": {"route": "D", "direction": 0, "color": "#EB6800"}, "geometry": {"type": "LineString", "coordinates": [[-73.91844, 40.833771], [-73.9134, 40.839306]]}}, {"type": "Feature", "properties": {"route": "D", "direction": 0, "color": "#EB6800"}, "geometry": {"type": "LineString", "coordinates": [[-73.925651, 40.827905], [-73.91844, 40.833771]]}}, {"type": "Feature", "properties": {"route": "D", "direction": 0, "color": "#EB6800"}, "geometry": {"type": "LineString", "coordinates": [[-73.938209, 40.830135], [-73.925651, 40.827905]]}}, {"type": "Feature", "properties": {"route": "D", "direction": 0, "color": "#EB6800"}, "geometry": {"type": "LineString", "coordinates": [[-73.944216, 40.824783], [-73.938209, 40.830135]]}}, {"type": "Feature", "properties": {"route": "D", "direction": 0, "color": "#EB6800"}, "geometry": {"type": "LineString", "coordinates": [[-73.981637, 40.762862], [-73.981736, 40.768296]]}}, {"type": "Feature", "properties": {"route": "D", "direction": 0, "color": "#EB6800"}, "geometry": {"type": "LineString", "coordinates": [[-73.981329, 40.758663], [-73.981637, 40.762862]]}}, {"type": "Feature", "properties": {"route": "D", "direction": 0, "color": "#EB6800"}, "geometry": {"type": "LineString", "coordinates": [[-73.984569, 40.754222], [-73.981329, 40.758663]]}}, {"type": "Feature", "properties": {"route": "D", "direction": 0, "color": "#EB6800"}, "geometry": {"type": "LineString", "coordinates": [[-73.987823, 40.749719], [-73.984569, 40.754222]]}}, {"type": "Feature", "properties": {"route": "D", "direction": 0, "color": "#EB6800"}, "geometry": {"type": "LineString", "coordinates": [[-74.000495, 40.732338], [-73.987823, 40.749719]]}}, {"type": "Feature", "properties": {"route": "D", "direction": 0, "color": "#EB6800"}, "geometry": {"type": "LineString", "coordinates": [[-73.996204, 40.725297], [-74.000495, 40.732338]]}}, {"type": "Feature", "properties": {"route": "D", "direction": 0, "color": "#EB6800"}, "geometry": {"type": "LineString", "coordinates": [[-73.993753, 40.718267], [-73.996204, 40.725297]]}}, {"type": "Feature", "properties": {"route": "D", "direction": 0, "color": "#EB6800"}, "geometry": {"type": "LineString", "coordinates": [[-73.981233, 40.577422], [-73.983765, 40.588841]]}}, {"type": "Feature", "properties": {"route": "D", "direction": 0, "color": "#EB6800"}, "geometry": {"type": "LineString", "coordinates": [[-73.981824, 40.690635], [-73.993753, 40.718267]]}}, {"type": "Feature", "properties": {"route": "D", "direction": 0, "color": "#EB6800"}, "geometry": {"type": "LineString", "coordinates": [[-73.97881, 40.683666], [-73.993753, 40.718267]]}}, {"type": "Feature", "properties": {"route": "D", "direction": 0, "color": "#EB6800"}, "geometry": {"type": "LineString", "coordinates": [[-73.97881, 40.683666], [-73.981824, 40.690635]]}}, {"type": "Feature", "properties": {"route": "D", "direction": 0, "color": "#EB6800"}, "geometry": {"type": "LineString", "coordinates": [[-73.98311, 40.677316], [-73.97881, 40.683666]]}}, {"type": "Feature", "properties": {"route": "D", "direction": 0, "color": "#EB6800"}, "geometry": {"type": "LineString", "coordinates": [[-73.988302, 40.670847], [-73.98311, 40.677316]]}}, {"type": "Feature", "properties": {"route": "D", "direction": 0, "color": "#EB6800"}, "geometry": {"type": "LineString", "coordinates": [[-73.992872, 40.665414], [-73.988302, 40.670847]]}}, {"type": "Feature", "properties": {"route": "D", "direction": 0, "color": "#EB6800"}, "geometry": {"type": "LineString", "coordinates": [[-73.998091, 40.660397], [-73.992872, 40.665414]]}}, {"type": "Feature", "properties": {"route": "D", "direction": 0, "color": "#EB6800"}, "geometry": {"type": "LineString", "coordinates": [[-74.003549, 40.655144], [-73.97881, 40.683666]]}}, {"type": "Feature", "properties": {"route": "D", "direction": 0, "color": "#EB6800"}, "geometry": {"type": "LineString", "coordinates": [[-74.003549, 40.655144], [-73.998091, 40.660397]]}}, {"type": "Feature", "properties": {"route": "D", "direction": 1, "color": "#EB6800"}, "geometry": {"type": "LineString", "coordinates": [[-73.952343, 40.811109], [-73.981736, 40.768296]]}}, {"type": "Feature", "properties": {"route": "D", "direction": 1, "color": "#EB6800"}, "geometry": {"type": "LineString", "coordinates": [[-73.981736, 40.768296], [-73.981637, 40.762862]]}}, {"type": "Feature", "properties": {"route": "D", "direction": 1, "color": "#EB6800"}, "geometry": {"type": "LineString", "coordinates": [[-73.994324, 40.646292], [-73.994304, 40.640914]]}}, {"type": "Feature", "properties": {"route": "D", "direction": 1, "color": "#EB6800"}, "geometry": {"type": "LineString", "coordinates": [[-73.994304, 40.640914], [-73.994791, 40.63626]]}}, {"type": "Feature", "properties": {"route": "D", "direction": 1, "color": "#EB6800"}, "geometry": {"type": "LineString", "coordinates": [[-73.994791, 40.63626], [-73.995476, 40.631435]]}}, {"type": "Feature", "properties": {"route": "D", "direction": 1, "color": "#EB6800"}, "geometry": {"type": "LineString", "coordinates": [[-73.995476, 40.631435], [-73.996895, 40.626472]]}}, {"type": "Feature", "properties": {"route": "D", "direction": 1, "color": "#EB6800"}, "geometry": {"type": "LineString", "coordinates": [[-73.996895, 40.626472], [-73.998864, 40.619589]]}}, {"type": "Feature", "properties": {"route": "D", "direction": 1, "color": "#EB6800"}, "geometry": {"type": "LineString", "coordinates": [[-73.998864, 40.619589], [-74.00061, 40.613501]]}}, {"type": "Feature", "properties": {"route": "D", "direction": 1, "color": "#EB6800"}, "geometry": {"type": "LineString", "coordinates": [[-74.00061, 40.613501], [-74.001736, 40.607954]]}}, {"type": "Feature", "properties": {"route": "D", "direction": 1, "color": "#EB6800"}, "geometry": {"type": "LineString", "coordinates": [[-74.001736, 40.607954], [-73.998168, 40.604556]]}}, {"type": "Feature", "properties": {"route": "D", "direction": 1, "color": "#EB6800"}, "geometry": {"type": "LineString", "coordinates": [[-73.998168, 40.604556], [-73.993728, 40.601875]]}}, {"type": "Feature", "properties": {"route": "D", "direction": 1, "color": "#EB6800"}, "geometry": {"type": "LineString", "coordinates": [[-73.993728, 40.601875], [-73.986829, 40.597704]]}}, {"type": "Feature", "properties": {"route": "D", "direction": 1, "color": "#EB6800"}, "geometry": {"type": "LineString", "coordinates": [[-73.986829, 40.597704], [-73.983765, 40.588841]]}}, {"type": "Feature", "properties": {"route": "D", "direction": 1, "color": "#EB6800"}, "geometry": {"type": "LineString", "coordinates": [[-73.983765, 40.588841], [-73.981233, 40.577422]]}}, {"type": "Feature", "properties": {"route": "D", "direction": 1, "color": "#EB6800"}, "geometry": {"type": "LineString", "coordinates": [[-73.878855, 40.874811], [-73.887138, 40.873244]]}}, {"type": "Feature", "properties": {"route": "D", "direction": 1, "color": "#EB6800"}, "geometry": {"type": "LineString", "coordinates": [[-73.887138, 40.873244], [-73.893509, 40.866978]]}}, {"type": "Feature", "properties": {"route": "D", "direction": 1, "color": "#EB6800"}, "geometry": {"type": "LineString", "coordinates": [[-73.893509, 40.866978], [-73.897749, 40.861296]]}}, {"type": "Feature", "properties": {"route": "D", "direction": 1, "color": "#EB6800"}, "geometry": {"type": "LineString", "coordinates": [[-73.897749, 40.861296], [-73.900741, 40.856093]]}}, {"type": "Feature", "properties": {"route": "D", "direction": 1, "color": "#EB6800"}, "geometry": {"type": "LineString", "coordinates": [[-73.897749, 40.861296], [-73.905227, 40.85041]]}}, {"type": "Feature", "properties": {"route": "D", "direction": 1, "color": "#EB6800"}, "geometry": {"type": "LineString", "coordinates": [[-73.900741, 40.856093], [-73.905227, 40.85041]]}}, {"type": "Feature", "properties": {"route": "D", "direction": 1, "color": "#EB6800"}, "geometry": {"type": "LineString", "coordinates": [[-73.905227, 40.85041], [-73.910136, 40.8459]]}}, {"type": "Feature", "properties": {"route": "D", "direction": 1, "color": "#EB6800"}, "geometry": {"type": "LineString", "coordinates": [[-73.905227, 40.85041], [-73.944216, 40.824783]]}}, {"type": "Feature", "properties": {"route": "D", "direction": 1, "color": "#EB6800"}, "geometry": {"type": "LineString", "coordinates": [[-73.910136, 40.8459], [-73.9134, 40.839306]]}}, {"type": "Feature", "properties": {"route": "D", "direction": 1, "color": "#EB6800"}, "geometry": {"type": "LineString", "coordinates": [[-73.9134, 40.839306], [-73.91844, 40.833771]]}}, {"type": "Feature", "properties": {"route": "D", "direction": 1, "color": "#EB6800"}, "geometry": {"type": "LineString", "coordinates": [[-73.91844, 40.833771], [-73.925651, 40.827905]]}}, {"type": "Feature", "properties": {"route": "D", "direction": 1, "color": "#EB6800"}, "geometry": {"type": "LineString", "coordinates": [[-73.925651, 40.827905], [-73.938209, 40.830135]]}}, {"type": "Feature", "properties": {"route": "D", "direction": 1, "color": "#EB6800"}, "geometry": {"type": "LineString", "coordinates": [[-73.938209, 40.830135], [-73.944216, 40.824783]]}}, {"type": "Feature", "properties": {"route": "D", "direction": 1, "color": "#EB6800"}, "geometry": {"type": "LineString", "coordinates": [[-73.944216, 40.824783], [-73.952343, 40.811109]]}}, {"type": "Feature", "properties": {"route": "D", "direction": 1, "color": "#EB6800"}, "geometry": {"type": "LineString", "coordinates": [[-73.981637, 40.762862], [-73.981329, 40.758663]]}}, {"type": "Feature", "properties": {"route": "D", "direction": 1, "color": "#EB6800"}, "geometry": {"type": "LineString", "coordinates": [[-73.981329, 40.758663], [-73.984569, 40.754222]]}}, {"type": "Feature", "properties": {"route": "D", "direction": 1, "color": "#EB6800"}, "geometry": {"type": "LineString", "coordinates": [[-73.984569, 40.754222], [-73.987823, 40.749719]]}}, {"type": "Feature", "properties": {"route": "D", "direction": 1, "color": "#EB6800"}, "geometry": {"type": "LineString", "coordinates": [[-73.987823, 40.749719], [-74.000495, 40.732338]]}}, {"type": "Feature", "properties": {"route": "D", "direction": 1, "color": "#EB6800"}, "geometry": {"type": "LineString", "coordinates": [[-74.000495, 40.732338], [-73.996204, 40.725297]]}}, {"type": "Feature", "properties": {"route": "D", "direction": 1, "color": "#EB6800"}, "geometry": {"type": "LineString", "coordinates": [[-73.996204, 40.725297], [-73.993753, 40.718267]]}}, {"type": "Feature", "properties": {"route": "D", "direction": 1, "color": "#EB6800"}, "geometry": {"type": "LineString", "coordinates": [[-73.993753, 40.718267], [-73.981824, 40.690635]]}}, {"type": "Feature", "properties": {"route": "D", "direction": 1, "color": "#EB6800"}, "geometry": {"type": "LineString", "coordinates": [[-73.993753, 40.718267], [-73.97881, 40.683666]]}}, {"type": "Feature", "properties": {"route": "D", "direction": 1, "color": "#EB6800"}, "geometry": {"type": "LineString", "coordinates": [[-73.981824, 40.690635], [-73.97881, 40.683666]]}}, {"type": "Feature", "properties": {"route": "D", "direction": 1, "color": "#EB6800"}, "geometry": {"type": "LineString", "coordinates": [[-73.97881, 40.683666], [-73.98311, 40.677316]]}}, {"type": "Feature", "properties": {"route": "D", "direction": 1, "color": "#EB6800"}, "geometry": {"type": "LineString", "coordinates": [[-73.97881, 40.683666], [-74.003549, 40.655144]]}}, {"type": "Feature", "properties": {"route": "D", "direction": 1, "color": "#EB6800"}, "geometry": {"type": "LineString", "coordinates": [[-73.98311, 40.677316], [-73.988302, 40.670847]]}}, {"type": "Feature", "properties": {"route": "D", "direction": 1, "color": "#EB6800"}, "geometry": {"type": "LineString", "coordinates": [[-73.988302, 40.670847], [-73.992872, 40.665414]]}}, {"type": "Feature", "properties": {"route": "D", "direction": 1, "color": "#EB6800"}, "geometry": {"type": "LineString", "coordinates": [[-73.992872, 40.665414], [-73.998091, 40.660397]]}}, {"type": "Feature", "properties": {"route": "D", "direction": 1, "color": "#EB6800"}, "geometry": {"type": "LineString", "coordinates": [[-73.998091, 40.660397], [-74.003549, 40.655144]]}}, {"type": "Feature", "properties": {"route": "D", "direction": 1, "color": "#EB6800"}, "geometry": {"type": "LineString", "coordinates": [[-74.003549, 40.655144], [-73.994324, 40.646292]]}}, {"type": "Feature", "properties": {"route": "E", "direction": 0, "color": "#0062CF"}, "geometry": {"type": "LineString", "coordinates": [[-73.985984, 40.762456], [-73.981637, 40.762862]]}}, {"type": "Feature", "properties": {"route": "E", "direction": 0, "color": "#0062CF"}, "geometry": {"type": "LineString", "coordinates": [[-73.989735, 40.757308], [-73.985984, 40.762456]]}}, {"type": "Feature", "properties": {"route": "E", "direction": 0, "color": "#0062CF"}, "geometry": {"type": "LineString", "coordinates": [[-73.993391, 40.752287], [-73.989735, 40.757308]]}}, {"type": "Feature", "properties": {"route": "E", "direction": 0, "color": "#0062CF"}, "geometry": {"type": "LineString", "coordinates": [[-73.998041, 40.745906], [-73.993391, 40.752287]]}}, {"type": "Feature", "properties": {"route": "E", "direction": 0, "color": "#0062CF"}, "geometry": {"type": "LineString", "coordinates": [[-74.00169, 40.740893], [-73.998041, 40.745906]]}}, {"type": "Feature", "properties": {"route": "E", "direction": 0, "color": "#0062CF"}, "geometry": {"type": "LineString", "coordinates": [[-74.000495, 40.732338], [-74.00169, 40.740893]]}}, {"type": "Feature", "properties": {"route": "E", "direction": 0, "color": "#0062CF"}, "geometry": {"type": "LineString", "coordinates": [[-74.003739, 40.726227], [-74.000495, 40.732338]]}}, {"type": "Feature", "properties": {"route": "E", "direction": 0, "color": "#0062CF"}, "geometry": {"type": "LineString", "coordinates": [[-74.005229, 40.720824], [-74.003739, 40.726227]]}}, {"type": "Feature", "properties": {"route": "E", "direction": 0, "color": "#0062CF"}, "geometry": {"type": "LineString", "coordinates": [[-73.981637, 40.762862], [-73.975224, 40.760167]]}}, {"type": "Feature", "properties": {"route": "E", "direction": 0, "color": "#0062CF"}, "geometry": {"type": "LineString", "coordinates": [[-74.009781, 40.712582], [-74.005229, 40.720824]]}}, {"type": "Feature", "properties": {"route": "E", "direction": 0, "color": "#0062CF"}, "geometry": {"type": "LineString", "coordinates": [[-73.803326, 40.707564], [-73.783817, 40.712646]]}}, {"type": "Feature", "properties": {"route": "E", "direction": 0, "color": "#0062CF"}, "geometry": {"type": "LineString", "coordinates": [[-73.820574, 40.709179], [-73.816859, 40.702566]]}}, {"type": "Feature", "properties": {"route": "E", "direction": 0, "color": "#0062CF"}, "geometry": {"type": "LineString", "coordinates": [[-73.831008, 40.714441], [-73.803326, 40.707564]]}}, {"type": "Feature", "properties": {"route": "E", "direction": 0, "color": "#0062CF"}, "geometry": {"type": "LineString", "coordinates": [[-73.831008, 40.714441], [-73.820574, 40.709179]]}}, {"type": "Feature", "properties": {"route": "E", "direction": 0, "color": "#0062CF"}, "geometry": {"type": "LineString", "coordinates": [[-73.831008, 40.714441], [-73.816859, 40.702566]]}}, {"type": "Feature", "properties": {"route": "E", "direction": 0, "color": "#0062CF"}, "geometry": {"type": "LineString", "coordinates": [[-73.837324, 40.718331], [-73.831008, 40.714441]]}}, {"type": "Feature", "properties": {"route": "E", "direction": 0, "color": "#0062CF"}, "geometry": {"type": "LineString", "coordinates": [[-73.946, 40.747846], [-73.937243, 40.748973]]}}, {"type": "Feature", "properties": {"route": "E", "direction": 0, "color": "#0062CF"}, "geometry": {"type": "LineString", "coordinates": [[-73.969055, 40.757552], [-73.946, 40.747846]]}}, {"type": "Feature", "properties": {"route": "E", "direction": 0, "color": "#0062CF"}, "geometry": {"type": "LineString", "coordinates": [[-73.975224, 40.760167], [-73.969055, 40.757552]]}}, {"type": "Feature", "properties": {"route": "E", "direction": 0, "color": "#0062CF"}, "geometry": {"type": "LineString", "coordinates": [[-73.807969, 40.700486], [-73.801109, 40.702147]]}}, {"type": "Feature", "properties": {"route": "E", "direction": 0, "color": "#0062CF"}, "geometry": {"type": "LineString", "coordinates": [[-73.816859, 40.702566], [-73.807969, 40.700486]]}}, {"type": "Feature", "properties": {"route": "E", "direction": 0, "color": "#0062CF"}, "geometry": {"type": "LineString", "coordinates": [[-73.844521, 40.721691], [-73.831008, 40.714441]]}}, {"type": "Feature", "properties": {"route": "E", "direction": 0, "color": "#0062CF"}, "geometry": {"type": "LineString", "coordinates": [[-73.844521, 40.721691], [-73.837324, 40.718331]]}}, {"type": "Feature", "properties": {"route": "E", "direction": 0, "color": "#0062CF"}, "geometry": {"type": "LineString", "coordinates": [[-73.891338, 40.746644], [-73.844521, 40.721691]]}}, {"type": "Feature", "properties": {"route": "E", "direction": 0, "color": "#0062CF"}, "geometry": {"type": "LineString", "coordinates": [[-73.937243, 40.748973], [-73.891338, 40.746644]]}}, {"type": "Feature", "properties": {"route": "E", "direction": 1, "color": "#0062CF"}, "geometry": {"type": "LineString", "coordinates": [[-73.985984, 40.762456], [-73.989735, 40.757308]]}}, {"type": "Feature", "properties": {"route": "E", "direction": 1, "color": "#0062CF"}, "geometry": {"type": "LineString", "coordinates": [[-73.989735, 40.757308], [-73.993391, 40.752287]]}}, {"type": "Feature", "properties": {"route": "E", "direction": 1, "color": "#0062CF"}, "geometry": {"type": "LineString", "coordinates": [[-73.993391, 40.752287], [-73.998041, 40.745906]]}}, {"type": "Feature", "properties": {"route": "E", "direction": 1, "color": "#0062CF"}, "geometry": {"type": "LineString", "coordinates": [[-73.998041, 40.745906], [-74.00169, 40.740893]]}}, {"type": "Feature", "properties": {"route": "E", "direction": 1, "color": "#0062CF"}, "geometry": {"type": "LineString", "coordinates": [[-74.00169, 40.740893], [-74.000495, 40.732338]]}}, {"type": "Feature", "properties": {"route": "E", "direction": 1, "color": "#0062CF"}, "geometry": {"type": "LineString", "coordinates": [[-74.000495, 40.732338], [-74.003739, 40.726227]]}}, {"type": "Feature", "properties": {"route": "E", "direction": 1, "color": "#0062CF"}, "geometry": {"type": "LineString", "coordinates": [[-74.003739, 40.726227], [-74.005229, 40.720824]]}}, {"type": "Feature", "properties": {"route": "E", "direction": 1, "color": "#0062CF"}, "geometry": {"type": "LineString", "coordinates": [[-74.005229, 40.720824], [-74.009781, 40.712582]]}}, {"type": "Feature", "properties": {"route": "E", "direction": 1, "color": "#0062CF"}, "geometry": {"type": "LineString", "coordinates": [[-73.981637, 40.762862], [-73.985984, 40.762456]]}}, {"type": "Feature", "properties": {"route": "E", "direction": 1, "color": "#0062CF"}, "geometry": {"type": "LineString", "coordinates": [[-73.783817, 40.712646], [-73.803326, 40.707564]]}}, {"type": "Feature", "properties": {"route": "E", "direction": 1, "color": "#0062CF"}, "geometry": {"type": "LineString", "coordinates": [[-73.803326, 40.707564], [-73.831008, 40.714441]]}}, {"type": "Feature", "properties": {"route": "E", "direction": 1, "color": "#0062CF"}, "geometry": {"type": "LineString", "coordinates": [[-73.831008, 40.714441], [-73.844521, 40.721691]]}}, {"type": "Feature", "properties": {"route": "E", "direction": 1, "color": "#0062CF"}, "geometry": {"type": "LineString", "coordinates": [[-73.946, 40.747846], [-73.969055, 40.757552]]}}, {"type": "Feature", "properties": {"route": "E", "direction": 1, "color": "#0062CF"}, "geometry": {"type": "LineString", "coordinates": [[-73.969055, 40.757552], [-73.975224, 40.760167]]}}, {"type": "Feature", "properties": {"route": "E", "direction": 1, "color": "#0062CF"}, "geometry": {"type": "LineString", "coordinates": [[-73.975224, 40.760167], [-73.981637, 40.762862]]}}, {"type": "Feature", "properties": {"route": "E", "direction": 1, "color": "#0062CF"}, "geometry": {"type": "LineString", "coordinates": [[-73.801109, 40.702147], [-73.807969, 40.700486]]}}, {"type": "Feature", "properties": {"route": "E", "direction": 1, "color": "#0062CF"}, "geometry": {"type": "LineString", "coordinates": [[-73.807969, 40.700486], [-73.816859, 40.702566]]}}, {"type": "Feature", "properties": {"route": "E", "direction": 1, "color": "#0062CF"}, "geometry": {"type": "LineString", "coordinates": [[-73.816859, 40.702566], [-73.831008, 40.714441]]}}, {"type": "Feature", "properties": {"route": "E", "direction": 1, "color": "#0062CF"}, "geometry": {"type": "LineString", "coordinates": [[-73.844521, 40.721691], [-73.891338, 40.746644]]}}, {"type": "Feature", "properties": {"route": "E", "direction": 1, "color": "#0062CF"}, "geometry": {"type": "LineString", "coordinates": [[-73.891338, 40.746644], [-73.937243, 40.748973]]}}, {"type": "Feature", "properties": {"route": "E", "direction": 1, "color": "#0062CF"}, "geometry": {"type": "LineString", "coordinates": [[-73.937243, 40.748973], [-73.946, 40.747846]]}}, {"type": "Feature", "properties": {"route": "F", "direction": 0, "color": "#EB6800"}, "geometry": {"type": "LineString", "coordinates": [[-73.987342, 40.692338], [-73.986751, 40.701397]]}}, {"type": "Feature", "properties": {"route": "F", "direction": 0, "color": "#EB6800"}, "geometry": {"type": "LineString", "coordinates": [[-73.981329, 40.758663], [-73.975224, 40.760167]]}}, {"type": "Feature", "properties": {"route": "F", "direction": 0, "color": "#EB6800"}, "geometry": {"type": "LineString", "coordinates": [[-73.984569, 40.754222], [-73.981329, 40.758663]]}}, {"type": "Feature", "properties": {"route": "F", "direction": 0, "color": "#EB6800"}, "geometry": {"type": "LineString", "coordinates": [[-73.987823, 40.749719], [-73.984569, 40.754222]]}}, {"type": "Feature", "properties": {"route": "F", "direction": 0, "color": "#EB6800"}, "geometry": {"type": "LineString", "coordinates": [[-73.992821, 40.742878], [-73.987823, 40.749719]]}}, {"type": "Feature", "properties": {"route": "F", "direction": 0, "color": "#EB6800"}, "geometry": {"type": "LineString", "coordinates": [[-73.996209, 40.738228], [-73.992821, 40.742878]]}}, {"type": "Feature", "properties": {"route": "F", "direction": 0, "color": "#EB6800"}, "geometry": {"type": "LineString", "coordinates": [[-74.000495, 40.732338], [-73.996209, 40.738228]]}}, {"type": "Feature", "properties": {"route": "F", "direction": 0, "color": "#EB6800"}, "geometry": {"type": "LineString", "coordinates": [[-73.996204, 40.725297], [-74.000495, 40.732338]]}}, {"type": "Feature", "properties": {"route": "F", "direction": 0, "color": "#EB6800"}, "geometry": {"type": "LineString", "coordinates": [[-73.975939, 40.576127], [-73.974574, 40.581011]]}}, {"type": "Feature", "properties": {"route": "F", "direction": 0, "color": "#EB6800"}, "geometry": {"type": "LineString", "coordinates": [[-73.981233, 40.577422], [-73.975939, 40.576127]]}}, {"type": "Feature", "properties": {"route": "F", "direction": 0, "color": "#EB6800"}, "geometry": {"type": "LineString", "coordinates": [[-73.793604, 40.71047], [-73.783817, 40.712646]]}}, {"type": "Feature", "properties": {"route": "F", "direction": 0, "color": "#EB6800"}, "geometry": {"type": "LineString", "coordinates": [[-73.803326, 40.707564], [-73.793604, 40.71047]]}}, {"type": "Feature", "properties": {"route": "F", "direction": 0, "color": "#EB6800"}, "geometry": {"type": "LineString", "coordinates": [[-73.810708, 40.70546], [-73.803326, 40.707564]]}}, {"type": "Feature", "properties": {"route": "F", "direction": 0, "color": "#EB6800"}, "geometry": {"type": "LineString", "coordinates": [[-73.820574, 40.709179], [-73.810708, 40.70546]]}}, {"type": "Feature", "properties": {"route": "F", "direction": 0, "color": "#EB6800"}, "geometry": {"type": "LineString", "coordinates": [[-73.831008, 40.714441], [-73.820574, 40.709179]]}}, {"type": "Feature", "properties": {"route": "F", "direction": 0, "color": "#EB6800"}, "geometry": {"type": "LineString", "coordinates": [[-73.837324, 40.718331], [-73.831008, 40.714441]]}}, {"type": "Feature", "properties": {"route": "F", "direction": 0, "color": "#EB6800"}, "geometry": {"type": "LineString", "coordinates": [[-73.946, 40.747846], [-73.937243, 40.748973]]}}, {"type": "Feature", "properties": {"route": "F", "direction": 0, "color": "#EB6800"}, "geometry": {"type": "LineString", "coordinates": [[-73.969055, 40.757552], [-73.946, 40.747846]]}}, {"type": "Feature", "properties": {"route": "F", "direction": 0, "color": "#EB6800"}, "geometry": {"type": "LineString", "coordinates": [[-73.975224, 40.760167], [-73.969055, 40.757552]]}}, {"type": "Feature", "properties": {"route": "F", "direction": 0, "color": "#EB6800"}, "geometry": {"type": "LineString", "coordinates": [[-73.989938, 40.723402], [-73.996204, 40.725297]]}}, {"type": "Feature", "properties": {"route": "F", "direction": 0, "color": "#EB6800"}, "geometry": {"type": "LineString", "coordinates": [[-73.988114, 40.718611], [-73.989938, 40.723402]]}}, {"type": "Feature", "properties": {"route": "F", "direction": 0, "color": "#EB6800"}, "geometry": {"type": "LineString", "coordinates": [[-73.990173, 40.713715], [-73.988114, 40.718611]]}}, {"type": "Feature", "properties": {"route": "F", "direction": 0, "color": "#EB6800"}, "geometry": {"type": "LineString", "coordinates": [[-73.986751, 40.701397], [-73.990173, 40.713715]]}}, {"type": "Feature", "properties": {"route": "F", "direction": 0, "color": "#EB6800"}, "geometry": {"type": "LineString", "coordinates": [[-73.990862, 40.686145], [-73.987342, 40.692338]]}}, {"type": "Feature", "properties": {"route": "F", "direction": 0, "color": "#EB6800"}, "geometry": {"type": "LineString", "coordinates": [[-73.995048, 40.680303], [-73.990862, 40.686145]]}}, {"type": "Feature", "properties": {"route": "F", "direction": 0, "color": "#EB6800"}, "geometry": {"type": "LineString", "coordinates": [[-73.995959, 40.67358], [-73.995048, 40.680303]]}}, {"type": "Feature", "properties": {"route": "F", "direction": 0, "color": "#EB6800"}, "geometry": {"type": "LineString", "coordinates": [[-73.989779, 40.670272], [-73.995959, 40.67358]]}}, {"type": "Feature", "properties": {"route": "F", "direction": 0, "color": "#EB6800"}, "geometry": {"type": "LineString", "coordinates": [[-73.980305, 40.666271], [-73.989779, 40.670272]]}}, {"type": "Feature", "properties": {"route": "F", "direction": 0, "color": "#EB6800"}, "geometry": {"type": "LineString", "coordinates": [[-73.979493, 40.660365], [-73.980305, 40.666271]]}}, {"type": "Feature", "properties": {"route": "F", "direction": 0, "color": "#EB6800"}, "geometry": {"type": "LineString", "coordinates": [[-73.975776, 40.650782], [-73.979493, 40.660365]]}}, {"type": "Feature", "properties": {"route": "F", "direction": 0, "color": "#EB6800"}, "geometry": {"type": "LineString", "coordinates": [[-73.979678, 40.644041], [-73.975776, 40.650782]]}}, {"type": "Feature", "properties": {"route": "F", "direction": 0, "color": "#EB6800"}, "geometry": {"type": "LineString", "coordinates": [[-73.978172, 40.636119], [-73.979678, 40.644041]]}}, {"type": "Feature", "properties": {"route": "F", "direction": 0, "color": "#EB6800"}, "geometry": {"type": "LineString", "coordinates": [[-73.976971, 40.629755], [-73.978172, 40.636119]]}}, {"type": "Feature", "properties": {"route": "F", "direction": 0, "color": "#EB6800"}, "geometry": {"type": "LineString", "coordinates": [[-73.976127, 40.625322], [-73.976971, 40.629755]]}}, {"type": "Feature", "properties": {"route": "F", "direction": 0, "color": "#EB6800"}, "geometry": {"type": "LineString", "coordinates": [[-73.975264, 40.620769], [-73.976127, 40.625322]]}}, {"type": "Feature", "properties": {"route": "F", "direction": 0, "color": "#EB6800"}, "geometry": {"type": "LineString", "coordinates": [[-73.974197, 40.61514], [-73.975264, 40.620769]]}}, {"type": "Feature", "properties": {"route": "F", "direction": 0, "color": "#EB6800"}, "geometry": {"type": "LineString", "coordinates": [[-73.973022, 40.608944], [-73.974197, 40.61514]]}}, {"type": "Feature", "properties": {"route": "F", "direction": 0, "color": "#EB6800"}, "geometry": {"type": "LineString", "coordinates": [[-73.972361, 40.603217], [-73.973022, 40.608944]]}}, {"type": "Feature", "properties": {"route": "F", "direction": 0, "color": "#EB6800"}, "geometry": {"type": "LineString", "coordinates": [[-73.973357, 40.596063], [-73.972361, 40.603217]]}}, {"type": "Feature", "properties": {"route": "F", "direction": 0, "color": "#EB6800"}, "geometry": {"type": "LineString", "coordinates": [[-73.97425, 40.58962], [-73.973357, 40.596063]]}}, {"type": "Feature", "properties": {"route": "F", "direction": 0, "color": "#EB6800"}, "geometry": {"type": "LineString", "coordinates": [[-73.974574, 40.581011], [-73.97425, 40.58962]]}}, {"type": "Feature", "properties": {"route": "F", "direction": 0, "color": "#EB6800"}, "geometry": {"type": "LineString", "coordinates": [[-73.844521, 40.721691], [-73.837324, 40.718331]]}}, {"type": "Feature", "properties": {"route": "F", "direction": 0, "color": "#EB6800"}, "geometry": {"type": "LineString", "coordinates": [[-73.891338, 40.746644], [-73.844521, 40.721691]]}}, {"type": "Feature", "properties": {"route": "F", "direction": 0, "color": "#EB6800"}, "geometry": {"type": "LineString", "coordinates": [[-73.937243, 40.748973], [-73.891338, 40.746644]]}}, {"type": "Feature", "properties": {"route": "F", "direction": 1, "color": "#EB6800"}, "geometry": {"type": "LineString", "coordinates": [[-73.987342, 40.692338], [-73.990862, 40.686145]]}}, {"type": "Feature", "properties": {"route": "F", "direction": 1, "color": "#EB6800"}, "geometry": {"type": "LineString", "coordinates": [[-73.981329, 40.758663], [-73.984569, 40.754222]]}}, {"type": "Feature", "properties": {"route": "F", "direction": 1, "color": "#EB6800"}, "geometry": {"type": "LineString", "coordinates": [[-73.984569, 40.754222], [-73.987823, 40.749719]]}}, {"type": "Feature", "properties": {"route": "F", "direction": 1, "color": "#EB6800"}, "geometry": {"type": "LineString", "coordinates": [[-73.987823, 40.749719], [-73.992821, 40.742878]]}}, {"type": "Feature", "properties": {"route": "F", "direction": 1, "color": "#EB6800"}, "geometry": {"type": "LineString", "coordinates": [[-73.992821, 40.742878], [-73.996209, 40.738228]]}}, {"type": "Feature", "properties": {"route": "F", "direction": 1, "color": "#EB6800"}, "geometry": {"type": "LineString", "coordinates": [[-73.996209, 40.738228], [-74.000495, 40.732338]]}}, {"type": "Feature", "properties": {"route": "F", "direction": 1, "color": "#EB6800"}, "geometry": {"type": "LineString", "coordinates": [[-74.000495, 40.732338], [-73.996204, 40.725297]]}}, {"type": "Feature", "properties": {"route": "F", "direction": 1, "color": "#EB6800"}, "geometry": {"type": "LineString", "coordinates": [[-73.996204, 40.725297], [-73.989938, 40.723402]]}}, {"type": "Feature", "properties": {"route": "F", "direction": 1, "color": "#EB6800"}, "geometry": {"type": "LineString", "coordinates": [[-73.975939, 40.576127], [-73.981233, 40.577422]]}}, {"type": "Feature", "properties": {"route": "F", "direction": 1, "color": "#EB6800"}, "geometry": {"type": "LineString", "coordinates": [[-73.783817, 40.712646], [-73.793604, 40.71047]]}}, {"type": "Feature", "properties": {"route": "F", "direction": 1, "color": "#EB6800"}, "geometry": {"type": "LineString", "coordinates": [[-73.793604, 40.71047], [-73.803326, 40.707564]]}}, {"type": "Feature", "properties": {"route": "F", "direction": 1, "color": "#EB6800"}, "geometry": {"type": "LineString", "coordinates": [[-73.803326, 40.707564], [-73.810708, 40.70546]]}}, {"type": "Feature", "properties": {"route": "F", "direction": 1, "color": "#EB6800"}, "geometry": {"type": "LineString", "coordinates": [[-73.810708, 40.70546], [-73.820574, 40.709179]]}}, {"type": "Feature", "properties": {"route": "F", "direction": 1, "color": "#EB6800"}, "geometry": {"type": "LineString", "coordinates": [[-73.820574, 40.709179], [-73.831008, 40.714441]]}}, {"type": "Feature", "properties": {"route": "F", "direction": 1, "color": "#EB6800"}, "geometry": {"type": "LineString", "coordinates": [[-73.831008, 40.714441], [-73.837324, 40.718331]]}}, {"type": "Feature", "properties": {"route": "F", "direction": 1, "color": "#EB6800"}, "geometry": {"type": "LineString", "coordinates": [[-73.837324, 40.718331], [-73.844521, 40.721691]]}}, {"type": "Feature", "properties": {"route": "F", "direction": 1, "color": "#EB6800"}, "geometry": {"type": "LineString", "coordinates": [[-73.946, 40.747846], [-73.969055, 40.757552]]}}, {"type": "Feature", "properties": {"route": "F", "direction": 1, "color": "#EB6800"}, "geometry": {"type": "LineString", "coordinates": [[-73.969055, 40.757552], [-73.975224, 40.760167]]}}, {"type": "Feature", "properties": {"route": "F", "direction": 1, "color": "#EB6800"}, "geometry": {"type": "LineString", "coordinates": [[-73.975224, 40.760167], [-73.981329, 40.758663]]}}, {"type": "Feature", "properties": {"route": "F", "direction": 1, "color": "#EB6800"}, "geometry": {"type": "LineString", "coordinates": [[-73.989938, 40.723402], [-73.988114, 40.718611]]}}, {"type": "Feature", "properties": {"route": "F", "direction": 1, "color": "#EB6800"}, "geometry": {"type": "LineString", "coordinates": [[-73.988114, 40.718611], [-73.990173, 40.713715]]}}, {"type": "Feature", "properties": {"route": "F", "direction": 1, "color": "#EB6800"}, "geometry": {"type": "LineString", "coordinates": [[-73.990173, 40.713715], [-73.986751, 40.701397]]}}, {"type": "Feature", "properties": {"route": "F", "direction": 1, "color": "#EB6800"}, "geometry": {"type": "LineString", "coordinates": [[-73.986751, 40.701397], [-73.987342, 40.692338]]}}, {"type": "Feature", "properties": {"route": "F", "direction": 1, "color": "#EB6800"}, "geometry": {"type": "LineString", "coordinates": [[-73.990862, 40.686145], [-73.995048, 40.680303]]}}, {"type": "Feature", "properties": {"route": "F", "direction": 1, "color": "#EB6800"}, "geometry": {"type": "LineString", "coordinates": [[-73.995048, 40.680303], [-73.995959, 40.67358]]}}, {"type": "Feature", "properties": {"route": "F", "direction": 1, "color": "#EB6800"}, "geometry": {"type": "LineString", "coordinates": [[-73.995959, 40.67358], [-73.989779, 40.670272]]}}, {"type": "Feature", "properties": {"route": "F", "direction": 1, "color": "#EB6800"}, "geometry": {"type": "LineString", "coordinates": [[-73.989779, 40.670272], [-73.980305, 40.666271]]}}, {"type": "Feature", "properties": {"route": "F", "direction": 1, "color": "#EB6800"}, "geometry": {"type": "LineString", "coordinates": [[-73.980305, 40.666271], [-73.979493, 40.660365]]}}, {"type": "Feature", "properties": {"route": "F", "direction": 1, "color": "#EB6800"}, "geometry": {"type": "LineString", "coordinates": [[-73.979493, 40.660365], [-73.975776, 40.650782]]}}, {"type": "Feature", "properties": {"route": "F", "direction": 1, "color": "#EB6800"}, "geometry": {"type": "LineString", "coordinates": [[-73.975776, 40.650782], [-73.979678, 40.644041]]}}, {"type": "Feature", "properties": {"route": "F", "direction": 1, "color": "#EB6800"}, "geometry": {"type": "LineString", "coordinates": [[-73.979678, 40.644041], [-73.978172, 40.636119]]}}, {"type": "Feature", "properties": {"route": "F", "direction": 1, "color": "#EB6800"}, "geometry": {"type": "LineString", "coordinates": [[-73.978172, 40.636119], [-73.976971, 40.629755]]}}, {"type": "Feature", "properties": {"route": "F", "direction": 1, "color": "#EB6800"}, "geometry": {"type": "LineString", "coordinates": [[-73.976971, 40.629755], [-73.976127, 40.625322]]}}, {"type": "Feature", "properties": {"route": "F", "direction": 1, "color": "#EB6800"}, "geometry": {"type": "LineString", "coordinates": [[-73.976127, 40.625322], [-73.975264, 40.620769]]}}, {"type": "Feature", "properties": {"route": "F", "direction": 1, "color": "#EB6800"}, "geometry": {"type": "LineString", "coordinates": [[-73.975264, 40.620769], [-73.974197, 40.61514]]}}, {"type": "Feature", "properties": {"route": "F", "direction": 1, "color": "#EB6800"}, "geometry": {"type": "LineString", "coordinates": [[-73.974197, 40.61514], [-73.973022, 40.608944]]}}, {"type": "Feature", "properties": {"route": "F", "direction": 1, "color": "#EB6800"}, "geometry": {"type": "LineString", "coordinates": [[-73.973022, 40.608944], [-73.972361, 40.603217]]}}, {"type": "Feature", "properties": {"route": "F", "direction": 1, "color": "#EB6800"}, "geometry": {"type": "LineString", "coordinates": [[-73.972361, 40.603217], [-73.973357, 40.596063]]}}, {"type": "Feature", "properties": {"route": "F", "direction": 1, "color": "#EB6800"}, "geometry": {"type": "LineString", "coordinates": [[-73.973357, 40.596063], [-73.97425, 40.58962]]}}, {"type": "Feature", "properties": {"route": "F", "direction": 1, "color": "#EB6800"}, "geometry": {"type": "LineString", "coordinates": [[-73.97425, 40.58962], [-73.974574, 40.581011]]}}, {"type": "Feature", "properties": {"route": "F", "direction": 1, "color": "#EB6800"}, "geometry": {"type": "LineString", "coordinates": [[-73.974574, 40.581011], [-73.975939, 40.576127]]}}, {"type": "Feature", "properties": {"route": "F", "direction": 1, "color": "#EB6800"}, "geometry": {"type": "LineString", "coordinates": [[-73.844521, 40.721691], [-73.891338, 40.746644]]}}, {"type": "Feature", "properties": {"route": "F", "direction": 1, "color": "#EB6800"}, "geometry": {"type": "LineString", "coordinates": [[-73.891338, 40.746644], [-73.928781, 40.752039]]}}, {"type": "Feature", "properties": {"route": "F", "direction": 1, "color": "#EB6800"}, "geometry": {"type": "LineString", "coordinates": [[-73.891338, 40.746644], [-73.937243, 40.748973]]}}, {"type": "Feature", "properties": {"route": "F", "direction": 1, "color": "#EB6800"}, "geometry": {"type": "LineString", "coordinates": [[-73.928781, 40.752039], [-73.937243, 40.748973]]}}, {"type": "Feature", "properties": {"route": "F", "direction": 1, "color": "#EB6800"}, "geometry": {"type": "LineString", "coordinates": [[-73.937243, 40.748973], [-73.946, 40.747846]]}}, {"type": "Feature", "properties": {"route": "FS", "direction": 0, "color": "#7C858C"}, "geometry": {"type": "LineString", "coordinates": [[-73.962246, 40.661614], [-73.959245, 40.670343]]}}, {"type": "Feature", "properties": {"route": "FS", "direction": 0, "color": "#7C858C"}, "geometry": {"type": "LineString", "coordinates": [[-73.957624, 40.674772], [-73.955827, 40.680596]]}}, {"type": "Feature", "properties": {"route": "FS", "direction": 0, "color": "#7C858C"}, "geometry": {"type": "LineString", "coordinates": [[-73.959245, 40.670343], [-73.957624, 40.674772]]}}, {"type": "Feature", "properties": {"route": "FS", "direction": 1, "color": "#7C858C"}, "geometry": {"type": "LineString", "coordinates": [[-73.955827, 40.680596], [-73.957624, 40.674772]]}}, {"type": "Feature", "properties": {"route": "FS", "direction": 1, "color": "#7C858C"}, "geometry": {"type": "LineString", "coordinates": [[-73.957624, 40.674772], [-73.959245, 40.670343]]}}, {"type": "Feature", "properties": {"route": "FS", "direction": 1, "color": "#7C858C"}, "geometry": {"type": "LineString", "coordinates": [[-73.959245, 40.670343], [-73.962246, 40.661614]]}}, {"type": "Feature", "properties": {"route": "FX", "direction": 0, "color": "#EB6800"}, "geometry": {"type": "LineString", "coordinates": [[-73.987342, 40.692338], [-73.986751, 40.701397]]}}, {"type": "Feature", "properties": {"route": "FX", "direction": 0, "color": "#EB6800"}, "geometry": {"type": "LineString", "coordinates": [[-73.981329, 40.758663], [-73.975224, 40.760167]]}}, {"type": "Feature", "properties": {"route": "FX", "direction": 0, "color": "#EB6800"}, "geometry": {"type": "LineString", "coordinates": [[-73.984569, 40.754222], [-73.981329, 40.758663]]}}, {"type": "Feature", "properties": {"route": "FX", "direction": 0, "color": "#EB6800"}, "geometry": {"type": "LineString", "coordinates": [[-73.987823, 40.749719], [-73.984569, 40.754222]]}}, {"type": "Feature", "properties": {"route": "FX", "direction": 0, "color": "#EB6800"}, "geometry": {"type": "LineString", "coordinates": [[-73.992821, 40.742878], [-73.987823, 40.749719]]}}, {"type": "Feature", "properties": {"route": "FX", "direction": 0, "color": "#EB6800"}, "geometry": {"type": "LineString", "coordinates": [[-73.996209, 40.738228], [-73.992821, 40.742878]]}}, {"type": "Feature", "properties": {"route": "FX", "direction": 0, "color": "#EB6800"}, "geometry": {"type": "LineString", "coordinates": [[-74.000495, 40.732338], [-73.996209, 40.738228]]}}, {"type": "Feature", "properties": {"route": "FX", "direction": 0, "color": "#EB6800"}, "geometry": {"type": "LineString", "coordinates": [[-73.996204, 40.725297], [-74.000495, 40.732338]]}}, {"type": "Feature", "properties": {"route": "FX", "direction": 0, "color": "#EB6800"}, "geometry": {"type": "LineString", "coordinates": [[-73.975939, 40.576127], [-73.974574, 40.581011]]}}, {"type": "Feature", "properties": {"route": "FX", "direction": 0, "color": "#EB6800"}, "geometry": {"type": "LineString", "coordinates": [[-73.981233, 40.577422], [-73.975939, 40.576127]]}}, {"type": "Feature", "properties": {"route": "FX", "direction": 0, "color": "#EB6800"}, "geometry": {"type": "LineString", "coordinates": [[-73.793604, 40.71047], [-73.783817, 40.712646]]}}, {"type": "Feature", "properties": {"route": "FX", "direction": 0, "color": "#EB6800"}, "geometry": {"type": "LineString", "coordinates": [[-73.803326, 40.707564], [-73.793604, 40.71047]]}}, {"type": "Feature", "properties": {"route": "FX", "direction": 0, "color": "#EB6800"}, "geometry": {"type": "LineString", "coordinates": [[-73.810708, 40.70546], [-73.803326, 40.707564]]}}, {"type": "Feature", "properties": {"route": "FX", "direction": 0, "color": "#EB6800"}, "geometry": {"type": "LineString", "coordinates": [[-73.820574, 40.709179], [-73.810708, 40.70546]]}}, {"type": "Feature", "properties": {"route": "FX", "direction": 0, "color": "#EB6800"}, "geometry": {"type": "LineString", "coordinates": [[-73.831008, 40.714441], [-73.820574, 40.709179]]}}, {"type": "Feature", "properties": {"route": "FX", "direction": 0, "color": "#EB6800"}, "geometry": {"type": "LineString", "coordinates": [[-73.837324, 40.718331], [-73.831008, 40.714441]]}}, {"type": "Feature", "properties": {"route": "FX", "direction": 0, "color": "#EB6800"}, "geometry": {"type": "LineString", "coordinates": [[-73.946, 40.747846], [-73.937243, 40.748973]]}}, {"type": "Feature", "properties": {"route": "FX", "direction": 0, "color": "#EB6800"}, "geometry": {"type": "LineString", "coordinates": [[-73.969055, 40.757552], [-73.946, 40.747846]]}}, {"type": "Feature", "properties": {"route": "FX", "direction": 0, "color": "#EB6800"}, "geometry": {"type": "LineString", "coordinates": [[-73.975224, 40.760167], [-73.969055, 40.757552]]}}, {"type": "Feature", "properties": {"route": "FX", "direction": 0, "color": "#EB6800"}, "geometry": {"type": "LineString", "coordinates": [[-73.989938, 40.723402], [-73.996204, 40.725297]]}}, {"type": "Feature", "properties": {"route": "FX", "direction": 0, "color": "#EB6800"}, "geometry": {"type": "LineString", "coordinates": [[-73.988114, 40.718611], [-73.989938, 40.723402]]}}, {"type": "Feature", "properties": {"route": "FX", "direction": 0, "color": "#EB6800"}, "geometry": {"type": "LineString", "coordinates": [[-73.990173, 40.713715], [-73.988114, 40.718611]]}}, {"type": "Feature", "properties": {"route": "FX", "direction": 0, "color": "#EB6800"}, "geometry": {"type": "LineString", "coordinates": [[-73.986751, 40.701397], [-73.990173, 40.713715]]}}, {"type": "Feature", "properties": {"route": "FX", "direction": 0, "color": "#EB6800"}, "geometry": {"type": "LineString", "coordinates": [[-73.980305, 40.666271], [-73.987342, 40.692338]]}}, {"type": "Feature", "properties": {"route": "FX", "direction": 0, "color": "#EB6800"}, "geometry": {"type": "LineString", "coordinates": [[-73.979678, 40.644041], [-73.980305, 40.666271]]}}, {"type": "Feature", "properties": {"route": "FX", "direction": 0, "color": "#EB6800"}, "geometry": {"type": "LineString", "coordinates": [[-73.978172, 40.636119], [-73.979678, 40.644041]]}}, {"type": "Feature", "properties": {"route": "FX", "direction": 0, "color": "#EB6800"}, "geometry": {"type": "LineString", "coordinates": [[-73.976971, 40.629755], [-73.978172, 40.636119]]}}, {"type": "Feature", "properties": {"route": "FX", "direction": 0, "color": "#EB6800"}, "geometry": {"type": "LineString", "coordinates": [[-73.976127, 40.625322], [-73.976971, 40.629755]]}}, {"type": "Feature", "properties": {"route": "FX", "direction": 0, "color": "#EB6800"}, "geometry": {"type": "LineString", "coordinates": [[-73.975264, 40.620769], [-73.976127, 40.625322]]}}, {"type": "Feature", "properties": {"route": "FX", "direction": 0, "color": "#EB6800"}, "geometry": {"type": "LineString", "coordinates": [[-73.974197, 40.61514], [-73.975264, 40.620769]]}}, {"type": "Feature", "properties": {"route": "FX", "direction": 0, "color": "#EB6800"}, "geometry": {"type": "LineString", "coordinates": [[-73.973022, 40.608944], [-73.974197, 40.61514]]}}, {"type": "Feature", "properties": {"route": "FX", "direction": 0, "color": "#EB6800"}, "geometry": {"type": "LineString", "coordinates": [[-73.972361, 40.603217], [-73.973022, 40.608944]]}}, {"type": "Feature", "properties": {"route": "FX", "direction": 0, "color": "#EB6800"}, "geometry": {"type": "LineString", "coordinates": [[-73.973357, 40.596063], [-73.972361, 40.603217]]}}, {"type": "Feature", "properties": {"route": "FX", "direction": 0, "color": "#EB6800"}, "geometry": {"type": "LineString", "coordinates": [[-73.97425, 40.58962], [-73.973357, 40.596063]]}}, {"type": "Feature", "properties": {"route": "FX", "direction": 0, "color": "#EB6800"}, "geometry": {"type": "LineString", "coordinates": [[-73.974574, 40.581011], [-73.97425, 40.58962]]}}, {"type": "Feature", "properties": {"route": "FX", "direction": 0, "color": "#EB6800"}, "geometry": {"type": "LineString", "coordinates": [[-73.844521, 40.721691], [-73.837324, 40.718331]]}}, {"type": "Feature", "properties": {"route": "FX", "direction": 0, "color": "#EB6800"}, "geometry": {"type": "LineString", "coordinates": [[-73.891338, 40.746644], [-73.844521, 40.721691]]}}, {"type": "Feature", "properties": {"route": "FX", "direction": 0, "color": "#EB6800"}, "geometry": {"type": "LineString", "coordinates": [[-73.937243, 40.748973], [-73.891338, 40.746644]]}}, {"type": "Feature", "properties": {"route": "G", "direction": 0, "color": "#799534"}, "geometry": {"type": "LineString", "coordinates": [[-73.985001, 40.688484], [-73.975375, 40.687119]]}}, {"type": "Feature", "properties": {"route": "G", "direction": 0, "color": "#799534"}, "geometry": {"type": "LineString", "coordinates": [[-73.990862, 40.686145], [-73.985001, 40.688484]]}}, {"type": "Feature", "properties": {"route": "G", "direction": 0, "color": "#799534"}, "geometry": {"type": "LineString", "coordinates": [[-73.995048, 40.680303], [-73.990862, 40.686145]]}}, {"type": "Feature", "properties": {"route": "G", "direction": 0, "color": "#799534"}, "geometry": {"type": "LineString", "coordinates": [[-73.995959, 40.67358], [-73.995048, 40.680303]]}}, {"type": "Feature", "properties": {"route": "G", "direction": 0, "color": "#799534"}, "geometry": {"type": "LineString", "coordinates": [[-73.989779, 40.670272], [-73.995959, 40.67358]]}}, {"type": "Feature", "properties": {"route": "G", "direction": 0, "color": "#799534"}, "geometry": {"type": "LineString", "coordinates": [[-73.980305, 40.666271], [-73.989779, 40.670272]]}}, {"type": "Feature", "properties": {"route": "G", "direction": 0, "color": "#799534"}, "geometry": {"type": "LineString", "coordinates": [[-73.979493, 40.660365], [-73.980305, 40.666271]]}}, {"type": "Feature", "properties": {"route": "G", "direction": 0, "color": "#799534"}, "geometry": {"type": "LineString", "coordinates": [[-73.975776, 40.650782], [-73.979493, 40.660365]]}}, {"type": "Feature", "properties": {"route": "G", "direction": 0, "color": "#799534"}, "geometry": {"type": "LineString", "coordinates": [[-73.979678, 40.644041], [-73.975776, 40.650782]]}}, {"type": "Feature", "properties": {"route": "G", "direction": 0, "color": "#799534"}, "geometry": {"type": "LineString", "coordinates": [[-73.949724, 40.744065], [-73.943832, 40.746554]]}}, {"type": "Feature", "properties": {"route": "G", "direction": 0, "color": "#799534"}, "geometry": {"type": "LineString", "coordinates": [[-73.954449, 40.731352], [-73.949724, 40.744065]]}}, {"type": "Feature", "properties": {"route": "G", "direction": 0, "color": "#799534"}, "geometry": {"type": "LineString", "coordinates": [[-73.951277, 40.724635], [-73.954449, 40.731352]]}}, {"type": "Feature", "properties": {"route": "G", "direction": 0, "color": "#799534"}, "geometry": {"type": "LineString", "coordinates": [[-73.951418, 40.712792], [-73.951277, 40.724635]]}}, {"type": "Feature", "properties": {"route": "G", "direction": 0, "color": "#799534"}, "geometry": {"type": "LineString", "coordinates": [[-73.950308, 40.706092], [-73.951418, 40.712792]]}}, {"type": "Feature", "properties": {"route": "G", "direction": 0, "color": "#799534"}, "geometry": {"type": "LineString", "coordinates": [[-73.950234, 40.700377], [-73.950308, 40.706092]]}}, {"type": "Feature", "properties": {"route": "G", "direction": 0, "color": "#799534"}, "geometry": {"type": "LineString", "coordinates": [[-73.949046, 40.694568], [-73.950234, 40.700377]]}}, {"type": "Feature", "properties": {"route": "G", "direction": 0, "color": "#799534"}, "geometry": {"type": "LineString", "coordinates": [[-73.953522, 40.689627], [-73.949046, 40.694568]]}}, {"type": "Feature", "properties": {"route": "G", "direction": 0, "color": "#799534"}, "geometry": {"type": "LineString", "coordinates": [[-73.96007, 40.688873], [-73.953522, 40.689627]]}}, {"type": "Feature", "properties": {"route": "G", "direction": 0, "color": "#799534"}, "geometry": {"type": "LineString", "coordinates": [[-73.966839, 40.688089], [-73.96007, 40.688873]]}}, {"type": "Feature", "properties": {"route": "G", "direction": 0, "color": "#799534"}, "geometry": {"type": "LineString", "coordinates": [[-73.975375, 40.687119], [-73.966839, 40.688089]]}}, {"type": "Feature", "properties": {"route": "G", "direction": 1, "color": "#799534"}, "geometry": {"type": "LineString", "coordinates": [[-73.985001, 40.688484], [-73.990862, 40.686145]]}}, {"type": "Feature", "properties": {"route": "G", "direction": 1, "color": "#799534"}, "geometry": {"type": "LineString", "coordinates": [[-73.990862, 40.686145], [-73.995048, 40.680303]]}}, {"type": "Feature", "properties": {"route": "G", "direction": 1, "color": "#799534"}, "geometry": {"type": "LineString", "coordinates": [[-73.995048, 40.680303], [-73.995959, 40.67358]]}}, {"type": "Feature", "properties": {"route": "G", "direction": 1, "color": "#799534"}, "geometry": {"type": "LineString", "coordinates": [[-73.995959, 40.67358], [-73.989779, 40.670272]]}}, {"type": "Feature", "properties": {"route": "G", "direction": 1, "color": "#799534"}, "geometry": {"type": "LineString", "coordinates": [[-73.989779, 40.670272], [-73.980305, 40.666271]]}}, {"type": "Feature", "properties": {"route": "G", "direction": 1, "color": "#799534"}, "geometry": {"type": "LineString", "coordinates": [[-73.980305, 40.666271], [-73.979493, 40.660365]]}}, {"type": "Feature", "properties": {"route": "G", "direction": 1, "color": "#799534"}, "geometry": {"type": "LineString", "coordinates": [[-73.979493, 40.660365], [-73.975776, 40.650782]]}}, {"type": "Feature", "properties": {"route": "G", "direction": 1, "color": "#799534"}, "geometry": {"type": "LineString", "coordinates": [[-73.975776, 40.650782], [-73.979678, 40.644041]]}}, {"type": "Feature", "properties": {"route": "G", "direction": 1, "color": "#799534"}, "geometry": {"type": "LineString", "coordinates": [[-73.943832, 40.746554], [-73.949724, 40.744065]]}}, {"type": "Feature", "properties": {"route": "G", "direction": 1, "color": "#799534"}, "geometry": {"type": "LineString", "coordinates": [[-73.949724, 40.744065], [-73.954449, 40.731352]]}}, {"type": "Feature", "properties": {"route": "G", "direction": 1, "color": "#799534"}, "geometry": {"type": "LineString", "coordinates": [[-73.954449, 40.731352], [-73.951277, 40.724635]]}}, {"type": "Feature", "properties": {"route": "G", "direction": 1, "color": "#799534"}, "geometry": {"type": "LineString", "coordinates": [[-73.951277, 40.724635], [-73.951418, 40.712792]]}}, {"type": "Feature", "properties": {"route": "G", "direction": 1, "color": "#799534"}, "geometry": {"type": "LineString", "coordinates": [[-73.951418, 40.712792], [-73.950308, 40.706092]]}}, {"type": "Feature", "properties": {"route": "G", "direction": 1, "color": "#799534"}, "geometry": {"type": "LineString", "coordinates": [[-73.950308, 40.706092], [-73.950234, 40.700377]]}}, {"type": "Feature", "properties": {"route": "G", "direction": 1, "color": "#799534"}, "geometry": {"type": "LineString", "coordinates": [[-73.950234, 40.700377], [-73.949046, 40.694568]]}}, {"type": "Feature", "properties": {"route": "G", "direction": 1, "color": "#799534"}, "geometry": {"type": "LineString", "coordinates": [[-73.949046, 40.694568], [-73.953522, 40.689627]]}}, {"type": "Feature", "properties": {"route": "G", "direction": 1, "color": "#799534"}, "geometry": {"type": "LineString", "coordinates": [[-73.953522, 40.689627], [-73.96007, 40.688873]]}}, {"type": "Feature", "properties": {"route": "G", "direction": 1, "color": "#799534"}, "geometry": {"type": "LineString", "coordinates": [[-73.96007, 40.688873], [-73.966839, 40.688089]]}}, {"type": "Feature", "properties": {"route": "G", "direction": 1, "color": "#799534"}, "geometry": {"type": "LineString", "coordinates": [[-73.966839, 40.688089], [-73.975375, 40.687119]]}}, {"type": "Feature", "properties": {"route": "G", "direction": 1, "color": "#799534"}, "geometry": {"type": "LineString", "coordinates": [[-73.975375, 40.687119], [-73.985001, 40.688484]]}}, {"type": "Feature", "properties": {"route": "GS", "direction": 0, "color": "#7C858C"}, "geometry": {"type": "LineString", "coordinates": [[-73.979189, 40.752769], [-73.986229, 40.755983]]}}, {"type": "Feature", "properties": {"route": "GS", "direction": 1, "color": "#7C858C"}, "geometry": {"type": "LineString", "coordinates": [[-73.986229, 40.755983], [-73.979189, 40.752769]]}}, {"type": "Feature", "properties": {"route": "H", "direction": 0, "color": "#7C858C"}, "geometry": {"type": "LineString", "coordinates": [[-73.813641, 40.588034], [-73.815925, 40.608382]]}}, {"type": "Feature", "properties": {"route": "H", "direction": 0, "color": "#7C858C"}, "geometry": {"type": "LineString", "coordinates": [[-73.820558, 40.585307], [-73.813641, 40.588034]]}}, {"type": "Feature", "properties": {"route": "H", "direction": 0, "color": "#7C858C"}, "geometry": {"type": "LineString", "coordinates": [[-73.827559, 40.583209], [-73.820558, 40.585307]]}}, {"type": "Feature", "properties": {"route": "H", "direction": 0, "color": "#7C858C"}, "geometry": {"type": "LineString", "coordinates": [[-73.835592, 40.580903], [-73.827559, 40.583209]]}}, {"type": "Feature", "properties": {"route": "H", "direction": 1, "color": "#7C858C"}, "geometry": {"type": "LineString", "coordinates": [[-73.815925, 40.608382], [-73.813641, 40.588034]]}}, {"type": "Feature", "properties": {"route": "H", "direction": 1, "color": "#7C858C"}, "geometry": {"type": "LineString", "coordinates": [[-73.813641, 40.588034], [-73.820558, 40.585307]]}}, {"type": "Feature", "properties": {"route": "H", "direction": 1, "color": "#7C858C"}, "geometry": {"type": "LineString", "coordinates": [[-73.820558, 40.585307], [-73.827559, 40.583209]]}}, {"type": "Feature", "properties": {"route": "H", "direction": 1, "color": "#7C858C"}, "geometry": {"type": "LineString", "coordinates": [[-73.827559, 40.583209], [-73.835592, 40.580903]]}}, {"type": "Feature", "properties": {"route": "J", "direction": 0, "color": "#8E5C33"}, "geometry": {"type": "LineString", "coordinates": [[-73.807969, 40.700486], [-73.801109, 40.702147]]}}, {"type": "Feature", "properties": {"route": "J", "direction": 0, "color": "#8E5C33"}, "geometry": {"type": "LineString", "coordinates": [[-73.828294, 40.700492], [-73.807969, 40.700486]]}}, {"type": "Feature", "properties": {"route": "J", "direction": 0, "color": "#8E5C33"}, "geometry": {"type": "LineString", "coordinates": [[-73.836345, 40.697418], [-73.828294, 40.700492]]}}, {"type": "Feature", "properties": {"route": "J", "direction": 0, "color": "#8E5C33"}, "geometry": {"type": "LineString", "coordinates": [[-73.84433, 40.695178], [-73.836345, 40.697418]]}}, {"type": "Feature", "properties": {"route": "J", "direction": 0, "color": "#8E5C33"}, "geometry": {"type": "LineString", "coordinates": [[-73.851576, 40.693879], [-73.84433, 40.695178]]}}, {"type": "Feature", "properties": {"route": "J", "direction": 0, "color": "#8E5C33"}, "geometry": {"type": "LineString", "coordinates": [[-73.86001, 40.692435], [-73.851576, 40.693879]]}}, {"type": "Feature", "properties": {"route": "J", "direction": 0, "color": "#8E5C33"}, "geometry": {"type": "LineString", "coordinates": [[-73.867139, 40.691324], [-73.86001, 40.692435]]}}, {"type": "Feature", "properties": {"route": "J", "direction": 0, "color": "#8E5C33"}, "geometry": {"type": "LineString", "coordinates": [[-73.87255, 40.689941], [-73.867139, 40.691324]]}}, {"type": "Feature", "properties": {"route": "J", "direction": 0, "color": "#8E5C33"}, "geometry": {"type": "LineString", "coordinates": [[-73.873785, 40.683194], [-73.87255, 40.689941]]}}, {"type": "Feature", "properties": {"route": "J", "direction": 0, "color": "#8E5C33"}, "geometry": {"type": "LineString", "coordinates": [[-73.880039, 40.68141], [-73.873785, 40.683194]]}}, {"type": "Feature", "properties": {"route": "J", "direction": 0, "color": "#8E5C33"}, "geometry": {"type": "LineString", "coordinates": [[-73.884639, 40.679947], [-73.880039, 40.68141]]}}, {"type": "Feature", "properties": {"route": "J", "direction": 0, "color": "#8E5C33"}, "geometry": {"type": "LineString", "coordinates": [[-73.891688, 40.678024], [-73.884639, 40.679947]]}}, {"type": "Feature", "properties": {"route": "J", "direction": 0, "color": "#8E5C33"}, "geometry": {"type": "LineString", "coordinates": [[-73.898654, 40.676992], [-73.891688, 40.678024]]}}, {"type": "Feature", "properties": {"route": "J", "direction": 0, "color": "#8E5C33"}, "geometry": {"type": "LineString", "coordinates": [[-73.904512, 40.679498], [-73.898654, 40.676992]]}}, {"type": "Feature", "properties": {"route": "J", "direction": 0, "color": "#8E5C33"}, "geometry": {"type": "LineString", "coordinates": [[-73.910456, 40.682893], [-73.904512, 40.679498]]}}, {"type": "Feature", "properties": {"route": "J", "direction": 0, "color": "#8E5C33"}, "geometry": {"type": "LineString", "coordinates": [[-73.916559, 40.68637], [-73.910456, 40.682893]]}}, {"type": "Feature", "properties": {"route": "J", "direction": 0, "color": "#8E5C33"}, "geometry": {"type": "LineString", "coordinates": [[-73.92227, 40.68963], [-73.916559, 40.68637]]}}, {"type": "Feature", "properties": {"route": "J", "direction": 0, "color": "#8E5C33"}, "geometry": {"type": "LineString", "coordinates": [[-73.928814, 40.693342], [-73.92227, 40.68963]]}}, {"type": "Feature", "properties": {"route": "J", "direction": 0, "color": "#8E5C33"}, "geometry": {"type": "LineString", "coordinates": [[-73.935657, 40.697207], [-73.928814, 40.693342]]}}, {"type": "Feature", "properties": {"route": "J", "direction": 0, "color": "#8E5C33"}, "geometry": {"type": "LineString", "coordinates": [[-73.941126, 40.70026], [-73.935657, 40.697207]]}}, {"type": "Feature", "properties": {"route": "J", "direction": 0, "color": "#8E5C33"}, "geometry": {"type": "LineString", "coordinates": [[-73.947408, 40.703869], [-73.941126, 40.70026]]}}, {"type": "Feature", "properties": {"route": "J", "direction": 0, "color": "#8E5C33"}, "geometry": {"type": "LineString", "coordinates": [[-73.953431, 40.70687], [-73.947408, 40.703869]]}}, {"type": "Feature", "properties": {"route": "J", "direction": 0, "color": "#8E5C33"}, "geometry": {"type": "LineString", "coordinates": [[-73.957757, 40.708359], [-73.953431, 40.70687]]}}, {"type": "Feature", "properties": {"route": "J", "direction": 0, "color": "#8E5C33"}, "geometry": {"type": "LineString", "coordinates": [[-73.987437, 40.718315], [-73.957757, 40.708359]]}}, {"type": "Feature", "properties": {"route": "J", "direction": 0, "color": "#8E5C33"}, "geometry": {"type": "LineString", "coordinates": [[-73.993915, 40.72028], [-73.987437, 40.718315]]}}, {"type": "Feature", "properties": {"route": "J", "direction": 0, "color": "#8E5C33"}, "geometry": {"type": "LineString", "coordinates": [[-73.999892, 40.718092], [-73.993915, 40.72028]]}}, {"type": "Feature", "properties": {"route": "J", "direction": 0, "color": "#8E5C33"}, "geometry": {"type": "LineString", "coordinates": [[-74.003401, 40.713243], [-73.999892, 40.718092]]}}, {"type": "Feature", "properties": {"route": "J", "direction": 0, "color": "#8E5C33"}, "geometry": {"type": "LineString", "coordinates": [[-74.007582, 40.710374], [-74.003401, 40.713243]]}}, {"type": "Feature", "properties": {"route": "J", "direction": 0, "color": "#8E5C33"}, "geometry": {"type": "LineString", "coordinates": [[-74.011056, 40.706476], [-74.007582, 40.710374]]}}, {"type": "Feature", "properties": {"route": "J", "direction": 1, "color": "#8E5C33"}, "geometry": {"type": "LineString", "coordinates": [[-73.801109, 40.702147], [-73.807969, 40.700486]]}}, {"type": "Feature", "properties": {"route": "J", "direction": 1, "color": "#8E5C33"}, "geometry": {"type": "LineString", "coordinates": [[-73.807969, 40.700486], [-73.828294, 40.700492]]}}, {"type": "Feature", "properties": {"route": "J", "direction": 1, "color": "#8E5C33"}, "geometry": {"type": "LineString", "coordinates": [[-73.807969, 40.700486], [-73.836345, 40.697418]]}}, {"type": "Feature", "properties": {"route": "J", "direction": 1, "color": "#8E5C33"}, "geometry": {"type": "LineString", "coordinates": [[-73.828294, 40.700492], [-73.836345, 40.697418]]}}, {"type": "Feature", "properties": {"route": "J", "direction": 1, "color": "#8E5C33"}, "geometry": {"type": "LineString", "coordinates": [[-73.836345, 40.697418], [-73.84433, 40.695178]]}}, {"type": "Feature", "properties": {"route": "J", "direction": 1, "color": "#8E5C33"}, "geometry": {"type": "LineString", "coordinates": [[-73.836345, 40.697418], [-73.851576, 40.693879]]}}, {"type": "Feature", "properties": {"route": "J", "direction": 1, "color": "#8E5C33"}, "geometry": {"type": "LineString", "coordinates": [[-73.84433, 40.695178], [-73.851576, 40.693879]]}}, {"type": "Feature", "properties": {"route": "J", "direction": 1, "color": "#8E5C33"}, "geometry": {"type": "LineString", "coordinates": [[-73.851576, 40.693879], [-73.86001, 40.692435]]}}, {"type": "Feature", "properties": {"route": "J", "direction": 1, "color": "#8E5C33"}, "geometry": {"type": "LineString", "coordinates": [[-73.86001, 40.692435], [-73.867139, 40.691324]]}}, {"type": "Feature", "properties": {"route": "J", "direction": 1, "color": "#8E5C33"}, "geometry": {"type": "LineString", "coordinates": [[-73.86001, 40.692435], [-73.87255, 40.689941]]}}, {"type": "Feature", "properties": {"route": "J", "direction": 1, "color": "#8E5C33"}, "geometry": {"type": "LineString", "coordinates": [[-73.867139, 40.691324], [-73.87255, 40.689941]]}}, {"type": "Feature", "properties": {"route": "J", "direction": 1, "color": "#8E5C33"}, "geometry": {"type": "LineString", "coordinates": [[-73.87255, 40.689941], [-73.873785, 40.683194]]}}, {"type": "Feature", "properties": {"route": "J", "direction": 1, "color": "#8E5C33"}, "geometry": {"type": "LineString", "coordinates": [[-73.873785, 40.683194], [-73.880039, 40.68141]]}}, {"type": "Feature", "properties": {"route": "J", "direction": 1, "color": "#8E5C33"}, "geometry": {"type": "LineString", "coordinates": [[-73.873785, 40.683194], [-73.884639, 40.679947]]}}, {"type": "Feature", "properties": {"route": "J", "direction": 1, "color": "#8E5C33"}, "geometry": {"type": "LineString", "coordinates": [[-73.880039, 40.68141], [-73.884639, 40.679947]]}}, {"type": "Feature", "properties": {"route": "J", "direction": 1, "color": "#8E5C33"}, "geometry": {"type": "LineString", "coordinates": [[-73.884639, 40.679947], [-73.891688, 40.678024]]}}, {"type": "Feature", "properties": {"route": "J", "direction": 1, "color": "#8E5C33"}, "geometry": {"type": "LineString", "coordinates": [[-73.884639, 40.679947], [-73.898654, 40.676992]]}}, {"type": "Feature", "properties": {"route": "J", "direction": 1, "color": "#8E5C33"}, "geometry": {"type": "LineString", "coordinates": [[-73.891688, 40.678024], [-73.898654, 40.676992]]}}, {"type": "Feature", "properties": {"route": "J", "direction": 1, "color": "#8E5C33"}, "geometry": {"type": "LineString", "coordinates": [[-73.898654, 40.676992], [-73.904512, 40.679498]]}}, {"type": "Feature", "properties": {"route": "J", "direction": 1, "color": "#8E5C33"}, "geometry": {"type": "LineString", "coordinates": [[-73.904512, 40.679498], [-73.910456, 40.682893]]}}, {"type": "Feature", "properties": {"route": "J", "direction": 1, "color": "#8E5C33"}, "geometry": {"type": "LineString", "coordinates": [[-73.904512, 40.679498], [-73.916559, 40.68637]]}}, {"type": "Feature", "properties": {"route": "J", "direction": 1, "color": "#8E5C33"}, "geometry": {"type": "LineString", "coordinates": [[-73.910456, 40.682893], [-73.916559, 40.68637]]}}, {"type": "Feature", "properties": {"route": "J", "direction": 1, "color": "#8E5C33"}, "geometry": {"type": "LineString", "coordinates": [[-73.916559, 40.68637], [-73.92227, 40.68963]]}}, {"type": "Feature", "properties": {"route": "J", "direction": 1, "color": "#8E5C33"}, "geometry": {"type": "LineString", "coordinates": [[-73.916559, 40.68637], [-73.928814, 40.693342]]}}, {"type": "Feature", "properties": {"route": "J", "direction": 1, "color": "#8E5C33"}, "geometry": {"type": "LineString", "coordinates": [[-73.92227, 40.68963], [-73.928814, 40.693342]]}}, {"type": "Feature", "properties": {"route": "J", "direction": 1, "color": "#8E5C33"}, "geometry": {"type": "LineString", "coordinates": [[-73.928814, 40.693342], [-73.935657, 40.697207]]}}, {"type": "Feature", "properties": {"route": "J", "direction": 1, "color": "#8E5C33"}, "geometry": {"type": "LineString", "coordinates": [[-73.935657, 40.697207], [-73.941126, 40.70026]]}}, {"type": "Feature", "properties": {"route": "J", "direction": 1, "color": "#8E5C33"}, "geometry": {"type": "LineString", "coordinates": [[-73.935657, 40.697207], [-73.957757, 40.708359]]}}, {"type": "Feature", "properties": {"route": "J", "direction": 1, "color": "#8E5C33"}, "geometry": {"type": "LineString", "coordinates": [[-73.941126, 40.70026], [-73.947408, 40.703869]]}}, {"type": "Feature", "properties": {"route": "J", "direction": 1, "color": "#8E5C33"}, "geometry": {"type": "LineString", "coordinates": [[-73.947408, 40.703869], [-73.953431, 40.70687]]}}, {"type": "Feature", "properties": {"route": "J", "direction": 1, "color": "#8E5C33"}, "geometry": {"type": "LineString", "coordinates": [[-73.953431, 40.70687], [-73.957757, 40.708359]]}}, {"type": "Feature", "properties": {"route": "J", "direction": 1, "color": "#8E5C33"}, "geometry": {"type": "LineString", "coordinates": [[-73.957757, 40.708359], [-73.987437, 40.718315]]}}, {"type": "Feature", "properties": {"route": "J", "direction": 1, "color": "#8E5C33"}, "geometry": {"type": "LineString", "coordinates": [[-73.987437, 40.718315], [-73.993915, 40.72028]]}}, {"type": "Feature", "properties": {"route": "J", "direction": 1, "color": "#8E5C33"}, "geometry": {"type": "LineString", "coordinates": [[-73.993915, 40.72028], [-73.999892, 40.718092]]}}, {"type": "Feature", "properties": {"route": "J", "direction": 1, "color": "#8E5C33"}, "geometry": {"type": "LineString", "coordinates": [[-73.999892, 40.718092], [-74.003401, 40.713243]]}}, {"type": "Feature", "properties": {"route": "J", "direction": 1, "color": "#8E5C33"}, "geometry": {"type": "LineString", "coordinates": [[-74.003401, 40.713243], [-74.007582, 40.710374]]}}, {"type": "Feature", "properties": {"route": "J", "direction": 1, "color": "#8E5C33"}, "geometry": {"type": "LineString", "coordinates": [[-74.007582, 40.710374], [-74.011056, 40.706476]]}}, {"type": "Feature", "properties": {"route": "L", "direction": 0, "color": "#7C858C"}, "geometry": {"type": "LineString", "coordinates": [[-73.996786, 40.737335], [-74.002578, 40.739777]]}}, {"type": "Feature", "properties": {"route": "L", "direction": 0, "color": "#7C858C"}, "geometry": {"type": "LineString", "coordinates": [[-73.99073, 40.734789], [-73.996786, 40.737335]]}}, {"type": "Feature", "properties": {"route": "L", "direction": 0, "color": "#7C858C"}, "geometry": {"type": "LineString", "coordinates": [[-73.986122, 40.732849], [-73.99073, 40.734789]]}}, {"type": "Feature", "properties": {"route": "L", "direction": 0, "color": "#7C858C"}, "geometry": {"type": "LineString", "coordinates": [[-73.981628, 40.730953], [-73.986122, 40.732849]]}}, {"type": "Feature", "properties": {"route": "L", "direction": 0, "color": "#7C858C"}, "geometry": {"type": "LineString", "coordinates": [[-73.956872, 40.717304], [-73.981628, 40.730953]]}}, {"type": "Feature", "properties": {"route": "L", "direction": 0, "color": "#7C858C"}, "geometry": {"type": "LineString", "coordinates": [[-73.950275, 40.714063], [-73.956872, 40.717304]]}}, {"type": "Feature", "properties": {"route": "L", "direction": 0, "color": "#7C858C"}, "geometry": {"type": "LineString", "coordinates": [[-73.944053, 40.714565], [-73.950275, 40.714063]]}}, {"type": "Feature", "properties": {"route": "L", "direction": 0, "color": "#7C858C"}, "geometry": {"type": "LineString", "coordinates": [[-73.94067, 40.711926], [-73.944053, 40.714565]]}}, {"type": "Feature", "properties": {"route": "L", "direction": 0, "color": "#7C858C"}, "geometry": {"type": "LineString", "coordinates": [[-73.93985, 40.707739], [-73.94067, 40.711926]]}}, {"type": "Feature", "properties": {"route": "L", "direction": 0, "color": "#7C858C"}, "geometry": {"type": "LineString", "coordinates": [[-73.933147, 40.706152], [-73.93985, 40.707739]]}}, {"type": "Feature", "properties": {"route": "L", "direction": 0, "color": "#7C858C"}, "geometry": {"type": "LineString", "coordinates": [[-73.922913, 40.706607], [-73.933147, 40.706152]]}}, {"type": "Feature", "properties": {"route": "L", "direction": 0, "color": "#7C858C"}, "geometry": {"type": "LineString", "coordinates": [[-73.918425, 40.703811], [-73.922913, 40.706607]]}}, {"type": "Feature", "properties": {"route": "L", "direction": 0, "color": "#7C858C"}, "geometry": {"type": "LineString", "coordinates": [[-73.911586, 40.699814], [-73.918425, 40.703811]]}}, {"type": "Feature", "properties": {"route": "L", "direction": 0, "color": "#7C858C"}, "geometry": {"type": "LineString", "coordinates": [[-73.904084, 40.695602], [-73.911586, 40.699814]]}}, {"type": "Feature", "properties": {"route": "L", "direction": 0, "color": "#7C858C"}, "geometry": {"type": "LineString", "coordinates": [[-73.904046, 40.688764], [-73.904084, 40.695602]]}}, {"type": "Feature", "properties": {"route": "L", "direction": 0, "color": "#7C858C"}, "geometry": {"type": "LineString", "coordinates": [[-73.905249, 40.682829], [-73.904046, 40.688764]]}}, {"type": "Feature", "properties": {"route": "L", "direction": 0, "color": "#7C858C"}, "geometry": {"type": "LineString", "coordinates": [[-73.90324, 40.678856], [-73.905249, 40.682829]]}}, {"type": "Feature", "properties": {"route": "L", "direction": 0, "color": "#7C858C"}, "geometry": {"type": "LineString", "coordinates": [[-73.903097, 40.675345], [-73.90324, 40.678856]]}}, {"type": "Feature", "properties": {"route": "L", "direction": 0, "color": "#7C858C"}, "geometry": {"type": "LineString", "coordinates": [[-73.901975, 40.669367], [-73.903097, 40.675345]]}}, {"type": "Feature", "properties": {"route": "L", "direction": 0, "color": "#7C858C"}, "geometry": {"type": "LineString", "coordinates": [[-73.900571, 40.664038], [-73.901975, 40.669367]]}}, {"type": "Feature", "properties": {"route": "L", "direction": 0, "color": "#7C858C"}, "geometry": {"type": "LineString", "coordinates": [[-73.899232, 40.658733], [-73.900571, 40.664038]]}}, {"type": "Feature", "properties": {"route": "L", "direction": 0, "color": "#7C858C"}, "geometry": {"type": "LineString", "coordinates": [[-73.899485, 40.650573], [-73.899232, 40.658733]]}}, {"type": "Feature", "properties": {"route": "L", "direction": 0, "color": "#7C858C"}, "geometry": {"type": "LineString", "coordinates": [[-73.90185, 40.646654], [-73.899485, 40.650573]]}}, {"type": "Feature", "properties": {"route": "L", "direction": 1, "color": "#7C858C"}, "geometry": {"type": "LineString", "coordinates": [[-74.002578, 40.739777], [-73.996786, 40.737335]]}}, {"type": "Feature", "properties": {"route": "L", "direction": 1, "color": "#7C858C"}, "geometry": {"type": "LineString", "coordinates": [[-73.996786, 40.737335], [-73.99073, 40.734789]]}}, {"type": "Feature", "properties": {"route": "L", "direction": 1, "color": "#7C858C"}, "geometry": {"type": "LineString", "coordinates": [[-73.99073, 40.734789], [-73.986122, 40.732849]]}}, {"type": "Feature", "properties": {"route": "L", "direction": 1, "color": "#7C858C"}, "geometry": {"type": "LineString", "coordinates": [[-73.986122, 40.732849], [-73.981628, 40.730953]]}}, {"type": "Feature", "properties": {"route": "L", "direction": 1, "color": "#7C858C"}, "geometry": {"type": "LineString", "coordinates": [[-73.981628, 40.730953], [-73.956872, 40.717304]]}}, {"type": "Feature", "properties": {"route": "L", "direction": 1, "color": "#7C858C"}, "geometry": {"type": "LineString", "coordinates": [[-73.956872, 40.717304], [-73.950275, 40.714063]]}}, {"type": "Feature", "properties": {"route": "L", "direction": 1, "color": "#7C858C"}, "geometry": {"type": "LineString", "coordinates": [[-73.950275, 40.714063], [-73.944053, 40.714565]]}}, {"type": "Feature", "properties": {"route": "L", "direction": 1, "color": "#7C858C"}, "geometry": {"type": "LineString", "coordinates": [[-73.944053, 40.714565], [-73.94067, 40.711926]]}}, {"type": "Feature", "properties": {"route": "L", "direction": 1, "color": "#7C858C"}, "geometry": {"type": "LineString", "coordinates": [[-73.94067, 40.711926], [-73.93985, 40.707739]]}}, {"type": "Feature", "properties": {"route": "L", "direction": 1, "color": "#7C858C"}, "geometry": {"type": "LineString", "coordinates": [[-73.93985, 40.707739], [-73.933147, 40.706152]]}}, {"type": "Feature", "properties": {"route": "L", "direction": 1, "color": "#7C858C"}, "geometry": {"type": "LineString", "coordinates": [[-73.933147, 40.706152], [-73.922913, 40.706607]]}}, {"type": "Feature", "properties": {"route": "L", "direction": 1, "color": "#7C858C"}, "geometry": {"type": "LineString", "coordinates": [[-73.922913, 40.706607], [-73.918425, 40.703811]]}}, {"type": "Feature", "properties": {"route": "L", "direction": 1, "color": "#7C858C"}, "geometry": {"type": "LineString", "coordinates": [[-73.918425, 40.703811], [-73.911586, 40.699814]]}}, {"type": "Feature", "properties": {"route": "L", "direction": 1, "color": "#7C858C"}, "geometry": {"type": "LineString", "coordinates": [[-73.911586, 40.699814], [-73.904084, 40.695602]]}}, {"type": "Feature", "properties": {"route": "L", "direction": 1, "color": "#7C858C"}, "geometry": {"type": "LineString", "coordinates": [[-73.904084, 40.695602], [-73.904046, 40.688764]]}}, {"type": "Feature", "properties": {"route": "L", "direction": 1, "color": "#7C858C"}, "geometry": {"type": "LineString", "coordinates": [[-73.904046, 40.688764], [-73.905249, 40.682829]]}}, {"type": "Feature", "properties": {"route": "L", "direction": 1, "color": "#7C858C"}, "geometry": {"type": "LineString", "coordinates": [[-73.905249, 40.682829], [-73.90324, 40.678856]]}}, {"type": "Feature", "properties": {"route": "L", "direction": 1, "color": "#7C858C"}, "geometry": {"type": "LineString", "coordinates": [[-73.90324, 40.678856], [-73.903097, 40.675345]]}}, {"type": "Feature", "properties": {"route": "L", "direction": 1, "color": "#7C858C"}, "geometry": {"type": "LineString", "coordinates": [[-73.903097, 40.675345], [-73.901975, 40.669367]]}}, {"type": "Feature", "properties": {"route": "L", "direction": 1, "color": "#7C858C"}, "geometry": {"type": "LineString", "coordinates": [[-73.901975, 40.669367], [-73.900571, 40.664038]]}}, {"type": "Feature", "properties": {"route": "L", "direction": 1, "color": "#7C858C"}, "geometry": {"type": "LineString", "coordinates": [[-73.900571, 40.664038], [-73.899232, 40.658733]]}}, {"type": "Feature", "properties": {"route": "L", "direction": 1, "color": "#7C858C"}, "geometry": {"type": "LineString", "coordinates": [[-73.899232, 40.658733], [-73.899485, 40.650573]]}}, {"type": "Feature", "properties": {"route": "L", "direction": 1, "color": "#7C858C"}, "geometry": {"type": "LineString", "coordinates": [[-73.899485, 40.650573], [-73.90185, 40.646654]]}}, {"type": "Feature", "properties": {"route": "M", "direction": 0, "color": "#EB6800"}, "geometry": {"type": "LineString", "coordinates": [[-73.942836, 40.754203], [-73.928781, 40.752039]]}}, {"type": "Feature", "properties": {"route": "M", "direction": 0, "color": "#EB6800"}, "geometry": {"type": "LineString", "coordinates": [[-73.95326, 40.759145], [-73.942836, 40.754203]]}}, {"type": "Feature", "properties": {"route": "M", "direction": 0, "color": "#EB6800"}, "geometry": {"type": "LineString", "coordinates": [[-73.966113, 40.764629], [-73.95326, 40.759145]]}}, {"type": "Feature", "properties": {"route": "M", "direction": 0, "color": "#EB6800"}, "geometry": {"type": "LineString", "coordinates": [[-73.97745, 40.763972], [-73.966113, 40.764629]]}}, {"type": "Feature", "properties": {"route": "M", "direction": 0, "color": "#EB6800"}, "geometry": {"type": "LineString", "coordinates": [[-73.981329, 40.758663], [-73.97745, 40.763972]]}}, {"type": "Feature", "properties": {"route": "M", "direction": 0, "color": "#EB6800"}, "geometry": {"type": "LineString", "coordinates": [[-73.984569, 40.754222], [-73.981329, 40.758663]]}}, {"type": "Feature", "properties": {"route": "M", "direction": 0, "color": "#EB6800"}, "geometry": {"type": "LineString", "coordinates": [[-73.987823, 40.749719], [-73.984569, 40.754222]]}}, {"type": "Feature", "properties": {"route": "M", "direction": 0, "color": "#EB6800"}, "geometry": {"type": "LineString", "coordinates": [[-73.992821, 40.742878], [-73.987823, 40.749719]]}}, {"type": "Feature", "properties": {"route": "M", "direction": 0, "color": "#EB6800"}, "geometry": {"type": "LineString", "coordinates": [[-73.996209, 40.738228], [-73.992821, 40.742878]]}}, {"type": "Feature", "properties": {"route": "M", "direction": 0, "color": "#EB6800"}, "geometry": {"type": "LineString", "coordinates": [[-74.000495, 40.732338], [-73.996209, 40.738228]]}}, {"type": "Feature", "properties": {"route": "M", "direction": 0, "color": "#EB6800"}, "geometry": {"type": "LineString", "coordinates": [[-73.996204, 40.725297], [-74.000495, 40.732338]]}}, {"type": "Feature", "properties": {"route": "M", "direction": 0, "color": "#EB6800"}, "geometry": {"type": "LineString", "coordinates": [[-73.852719, 40.726523], [-73.844521, 40.721691]]}}, {"type": "Feature", "properties": {"route": "M", "direction": 0, "color": "#EB6800"}, "geometry": {"type": "LineString", "coordinates": [[-73.861604, 40.729846], [-73.852719, 40.726523]]}}, {"type": "Feature", "properties": {"route": "M", "direction": 0, "color": "#EB6800"}, "geometry": {"type": "LineString", "coordinates": [[-73.869229, 40.733106], [-73.861604, 40.729846]]}}, {"type": "Feature", "properties": {"route": "M", "direction": 0, "color": "#EB6800"}, "geometry": {"type": "LineString", "coordinates": [[-73.877223, 40.737015], [-73.869229, 40.733106]]}}, {"type": "Feature", "properties": {"route": "M", "direction": 0, "color": "#EB6800"}, "geometry": {"type": "LineString", "coordinates": [[-73.882017, 40.742454], [-73.877223, 40.737015]]}}, {"type": "Feature", "properties": {"route": "M", "direction": 0, "color": "#EB6800"}, "geometry": {"type": "LineString", "coordinates": [[-73.891338, 40.746644], [-73.882017, 40.742454]]}}, {"type": "Feature", "properties": {"route": "M", "direction": 0, "color": "#EB6800"}, "geometry": {"type": "LineString", "coordinates": [[-73.898453, 40.749669], [-73.891338, 40.746644]]}}, {"type": "Feature", "properties": {"route": "M", "direction": 0, "color": "#EB6800"}, "geometry": {"type": "LineString", "coordinates": [[-73.906006, 40.752885], [-73.898453, 40.749669]]}}, {"type": "Feature", "properties": {"route": "M", "direction": 0, "color": "#EB6800"}, "geometry": {"type": "LineString", "coordinates": [[-73.913333, 40.756312], [-73.906006, 40.752885]]}}, {"type": "Feature", "properties": {"route": "M", "direction": 0, "color": "#EB6800"}, "geometry": {"type": "LineString", "coordinates": [[-73.92074, 40.756879], [-73.913333, 40.756312]]}}, {"type": "Feature", "properties": {"route": "M", "direction": 0, "color": "#EB6800"}, "geometry": {"type": "LineString", "coordinates": [[-73.928781, 40.752039], [-73.92074, 40.756879]]}}, {"type": "Feature", "properties": {"route": "M", "direction": 0, "color": "#EB6800"}, "geometry": {"type": "LineString", "coordinates": [[-73.889601, 40.711396], [-73.895877, 40.706186]]}}, {"type": "Feature", "properties": {"route": "M", "direction": 0, "color": "#EB6800"}, "geometry": {"type": "LineString", "coordinates": [[-73.895877, 40.706186], [-73.903077, 40.704423]]}}, {"type": "Feature", "properties": {"route": "M", "direction": 0, "color": "#EB6800"}, "geometry": {"type": "LineString", "coordinates": [[-73.903077, 40.704423], [-73.90774, 40.702762]]}}, {"type": "Feature", "properties": {"route": "M", "direction": 0, "color": "#EB6800"}, "geometry": {"type": "LineString", "coordinates": [[-73.90774, 40.702762], [-73.912385, 40.69943]]}}, {"type": "Feature", "properties": {"route": "M", "direction": 0, "color": "#EB6800"}, "geometry": {"type": "LineString", "coordinates": [[-73.912385, 40.69943], [-73.919711, 40.698664]]}}, {"type": "Feature", "properties": {"route": "M", "direction": 0, "color": "#EB6800"}, "geometry": {"type": "LineString", "coordinates": [[-73.919711, 40.698664], [-73.927397, 40.697857]]}}, {"type": "Feature", "properties": {"route": "M", "direction": 0, "color": "#EB6800"}, "geometry": {"type": "LineString", "coordinates": [[-73.927397, 40.697857], [-73.935657, 40.697207]]}}, {"type": "Feature", "properties": {"route": "M", "direction": 0, "color": "#EB6800"}, "geometry": {"type": "LineString", "coordinates": [[-73.935657, 40.697207], [-73.941126, 40.70026]]}}, {"type": "Feature", "properties": {"route": "M", "direction": 0, "color": "#EB6800"}, "geometry": {"type": "LineString", "coordinates": [[-73.941126, 40.70026], [-73.947408, 40.703869]]}}, {"type": "Feature", "properties": {"route": "M", "direction": 0, "color": "#EB6800"}, "geometry": {"type": "LineString", "coordinates": [[-73.947408, 40.703869], [-73.953431, 40.70687]]}}, {"type": "Feature", "properties": {"route": "M", "direction": 0, "color": "#EB6800"}, "geometry": {"type": "LineString", "coordinates": [[-73.953431, 40.70687], [-73.957757, 40.708359]]}}, {"type": "Feature", "properties": {"route": "M", "direction": 0, "color": "#EB6800"}, "geometry": {"type": "LineString", "coordinates": [[-73.957757, 40.708359], [-73.987437, 40.718315]]}}, {"type": "Feature", "properties": {"route": "M", "direction": 0, "color": "#EB6800"}, "geometry": {"type": "LineString", "coordinates": [[-73.987437, 40.718315], [-73.996204, 40.725297]]}}, {"type": "Feature", "properties": {"route": "M", "direction": 1, "color": "#EB6800"}, "geometry": {"type": "LineString", "coordinates": [[-73.942836, 40.754203], [-73.95326, 40.759145]]}}, {"type": "Feature", "properties": {"route": "M", "direction": 1, "color": "#EB6800"}, "geometry": {"type": "LineString", "coordinates": [[-73.95326, 40.759145], [-73.966113, 40.764629]]}}, {"type": "Feature", "properties": {"route": "M", "direction": 1, "color": "#EB6800"}, "geometry": {"type": "LineString", "coordinates": [[-73.966113, 40.764629], [-73.97745, 40.763972]]}}, {"type": "Feature", "properties": {"route": "M", "direction": 1, "color": "#EB6800"}, "geometry": {"type": "LineString", "coordinates": [[-73.97745, 40.763972], [-73.981329, 40.758663]]}}, {"type": "Feature", "properties": {"route": "M", "direction": 1, "color": "#EB6800"}, "geometry": {"type": "LineString", "coordinates": [[-73.981329, 40.758663], [-73.984569, 40.754222]]}}, {"type": "Feature", "properties": {"route": "M", "direction": 1, "color": "#EB6800"}, "geometry": {"type": "LineString", "coordinates": [[-73.984569, 40.754222], [-73.987823, 40.749719]]}}, {"type": "Feature", "properties": {"route": "M", "direction": 1, "color": "#EB6800"}, "geometry": {"type": "LineString", "coordinates": [[-73.987823, 40.749719], [-73.992821, 40.742878]]}}, {"type": "Feature", "properties": {"route": "M", "direction": 1, "color": "#EB6800"}, "geometry": {"type": "LineString", "coordinates": [[-73.992821, 40.742878], [-73.996209, 40.738228]]}}, {"type": "Feature", "properties": {"route": "M", "direction": 1, "color": "#EB6800"}, "geometry": {"type": "LineString", "coordinates": [[-73.996209, 40.738228], [-74.000495, 40.732338]]}}, {"type": "Feature", "properties": {"route": "M", "direction": 1, "color": "#EB6800"}, "geometry": {"type": "LineString", "coordinates": [[-74.000495, 40.732338], [-73.996204, 40.725297]]}}, {"type": "Feature", "properties": {"route": "M", "direction": 1, "color": "#EB6800"}, "geometry": {"type": "LineString", "coordinates": [[-73.996204, 40.725297], [-73.987437, 40.718315]]}}, {"type": "Feature", "properties": {"route": "M", "direction": 1, "color": "#EB6800"}, "geometry": {"type": "LineString", "coordinates": [[-73.844521, 40.721691], [-73.852719, 40.726523]]}}, {"type": "Feature", "properties": {"route": "M", "direction": 1, "color": "#EB6800"}, "geometry": {"type": "LineString", "coordinates": [[-73.852719, 40.726523], [-73.861604, 40.729846]]}}, {"type": "Feature", "properties": {"route": "M", "direction": 1, "color": "#EB6800"}, "geometry": {"type": "LineString", "coordinates": [[-73.861604, 40.729846], [-73.869229, 40.733106]]}}, {"type": "Feature", "properties": {"route": "M", "direction": 1, "color": "#EB6800"}, "geometry": {"type": "LineString", "coordinates": [[-73.869229, 40.733106], [-73.877223, 40.737015]]}}, {"type": "Feature", "properties": {"route": "M", "direction": 1, "color": "#EB6800"}, "geometry": {"type": "LineString", "coordinates": [[-73.877223, 40.737015], [-73.882017, 40.742454]]}}, {"type": "Feature", "properties": {"route": "M", "direction": 1, "color": "#EB6800"}, "geometry": {"type": "LineString", "coordinates": [[-73.882017, 40.742454], [-73.891338, 40.746644]]}}, {"type": "Feature", "properties": {"route": "M", "direction": 1, "color": "#EB6800"}, "geometry": {"type": "LineString", "coordinates": [[-73.891338, 40.746644], [-73.898453, 40.749669]]}}, {"type": "Feature", "properties": {"route": "M", "direction": 1, "color": "#EB6800"}, "geometry": {"type": "LineString", "coordinates": [[-73.898453, 40.749669], [-73.906006, 40.752885]]}}, {"type": "Feature", "properties": {"route": "M", "direction": 1, "color": "#EB6800"}, "geometry": {"type": "LineString", "coordinates": [[-73.906006, 40.752885], [-73.913333, 40.756312]]}}, {"type": "Feature", "properties": {"route": "M", "direction": 1, "color": "#EB6800"}, "geometry": {"type": "LineString", "coordinates": [[-73.913333, 40.756312], [-73.92074, 40.756879]]}}, {"type": "Feature", "properties": {"route": "M", "direction": 1, "color": "#EB6800"}, "geometry": {"type": "LineString", "coordinates": [[-73.92074, 40.756879], [-73.928781, 40.752039]]}}, {"type": "Feature", "properties": {"route": "M", "direction": 1, "color": "#EB6800"}, "geometry": {"type": "LineString", "coordinates": [[-73.928781, 40.752039], [-73.942836, 40.754203]]}}, {"type": "Feature", "properties": {"route": "M", "direction": 1, "color": "#EB6800"}, "geometry": {"type": "LineString", "coordinates": [[-73.895877, 40.706186], [-73.889601, 40.711396]]}}, {"type": "Feature", "properties": {"route": "M", "direction": 1, "color": "#EB6800"}, "geometry": {"type": "LineString", "coordinates": [[-73.903077, 40.704423], [-73.895877, 40.706186]]}}, {"type": "Feature", "properties": {"route": "M", "direction": 1, "color": "#EB6800"}, "geometry": {"type": "LineString", "coordinates": [[-73.90774, 40.702762], [-73.903077, 40.704423]]}}, {"type": "Feature", "properties": {"route": "M", "direction": 1, "color": "#EB6800"}, "geometry": {"type": "LineString", "coordinates": [[-73.912385, 40.69943], [-73.90774, 40.702762]]}}, {"type": "Feature", "properties": {"route": "M", "direction": 1, "color": "#EB6800"}, "geometry": {"type": "LineString", "coordinates": [[-73.919711, 40.698664], [-73.912385, 40.69943]]}}, {"type": "Feature", "properties": {"route": "M", "direction": 1, "color": "#EB6800"}, "geometry": {"type": "LineString", "coordinates": [[-73.927397, 40.697857], [-73.919711, 40.698664]]}}, {"type": "Feature", "properties": {"route": "M", "direction": 1, "color": "#EB6800"}, "geometry": {"type": "LineString", "coordinates": [[-73.935657, 40.697207], [-73.927397, 40.697857]]}}, {"type": "Feature", "properties": {"route": "M", "direction": 1, "color": "#EB6800"}, "geometry": {"type": "LineString", "coordinates": [[-73.941126, 40.70026], [-73.935657, 40.697207]]}}, {"type": "Feature", "properties": {"route": "M", "direction": 1, "color": "#EB6800"}, "geometry": {"type": "LineString", "coordinates": [[-73.947408, 40.703869], [-73.941126, 40.70026]]}}, {"type": "Feature", "properties": {"route": "M", "direction": 1, "color": "#EB6800"}, "geometry": {"type": "LineString", "coordinates": [[-73.953431, 40.70687], [-73.947408, 40.703869]]}}, {"type": "Feature", "properties": {"route": "M", "direction": 1, "color": "#EB6800"}, "geometry": {"type": "LineString", "coordinates": [[-73.957757, 40.708359], [-73.953431, 40.70687]]}}, {"type": "Feature", "properties": {"route": "M", "direction": 1, "color": "#EB6800"}, "geometry": {"type": "LineString", "coordinates": [[-73.987437, 40.718315], [-73.957757, 40.708359]]}}, {"type": "Feature", "properties": {"route": "N", "direction": 0, "color": "#F6BC26"}, "geometry": {"type": "LineString", "coordinates": [[-73.966113, 40.764629], [-73.958424, 40.768799]]}}, {"type": "Feature", "properties": {"route": "N", "direction": 0, "color": "#F6BC26"}, "geometry": {"type": "LineString", "coordinates": [[-73.981233, 40.577422], [-73.97823, 40.592721]]}}, {"type": "Feature", "properties": {"route": "N", "direction": 0, "color": "#F6BC26"}, "geometry": {"type": "LineString", "coordinates": [[-74.011719, 40.635064], [-74.017881, 40.641362]]}}, {"type": "Feature", "properties": {"route": "N", "direction": 0, "color": "#F6BC26"}, "geometry": {"type": "LineString", "coordinates": [[-74.005351, 40.631386], [-74.011719, 40.635064]]}}, {"type": "Feature", "properties": {"route": "N", "direction": 0, "color": "#F6BC26"}, "geometry": {"type": "LineString", "coordinates": [[-73.996353, 40.624842], [-74.005351, 40.631386]]}}, {"type": "Feature", "properties": {"route": "N", "direction": 0, "color": "#F6BC26"}, "geometry": {"type": "LineString", "coordinates": [[-73.990414, 40.620671], [-73.996353, 40.624842]]}}, {"type": "Feature", "properties": {"route": "N", "direction": 0, "color": "#F6BC26"}, "geometry": {"type": "LineString", "coordinates": [[-73.985026, 40.61741], [-73.990414, 40.620671]]}}, {"type": "Feature", "properties": {"route": "N", "direction": 0, "color": "#F6BC26"}, "geometry": {"type": "LineString", "coordinates": [[-73.981848, 40.611815], [-73.985026, 40.61741]]}}, {"type": "Feature", "properties": {"route": "N", "direction": 0, "color": "#F6BC26"}, "geometry": {"type": "LineString", "coordinates": [[-73.980353, 40.603923], [-73.981848, 40.611815]]}}, {"type": "Feature", "properties": {"route": "N", "direction": 0, "color": "#F6BC26"}, "geometry": {"type": "LineString", "coordinates": [[-73.979137, 40.597473], [-73.980353, 40.603923]]}}, {"type": "Feature", "properties": {"route": "N", "direction": 0, "color": "#F6BC26"}, "geometry": {"type": "LineString", "coordinates": [[-73.97823, 40.592721], [-73.979137, 40.597473]]}}, {"type": "Feature", "properties": {"route": "N", "direction": 0, "color": "#F6BC26"}, "geometry": {"type": "LineString", "coordinates": [[-74.00046, 40.718383], [-73.990568, 40.735736]]}}, {"type": "Feature", "properties": {"route": "N", "direction": 0, "color": "#F6BC26"}, "geometry": {"type": "LineString", "coordinates": [[-73.958424, 40.768799], [-73.951787, 40.777891]]}}, {"type": "Feature", "properties": {"route": "N", "direction": 0, "color": "#F6BC26"}, "geometry": {"type": "LineString", "coordinates": [[-73.951787, 40.777891], [-73.947152, 40.784318]]}}, {"type": "Feature", "properties": {"route": "N", "direction": 0, "color": "#F6BC26"}, "geometry": {"type": "LineString", "coordinates": [[-73.917843, 40.770258], [-73.912034, 40.775036]]}}, {"type": "Feature", "properties": {"route": "N", "direction": 0, "color": "#F6BC26"}, "geometry": {"type": "LineString", "coordinates": [[-73.921479, 40.766779], [-73.917843, 40.770258]]}}, {"type": "Feature", "properties": {"route": "N", "direction": 0, "color": "#F6BC26"}, "geometry": {"type": "LineString", "coordinates": [[-73.925508, 40.76182], [-73.921479, 40.766779]]}}, {"type": "Feature", "properties": {"route": "N", "direction": 0, "color": "#F6BC26"}, "geometry": {"type": "LineString", "coordinates": [[-73.929575, 40.756804], [-73.925508, 40.76182]]}}, {"type": "Feature", "properties": {"route": "N", "direction": 0, "color": "#F6BC26"}, "geometry": {"type": "LineString", "coordinates": [[-73.932755, 40.752882], [-73.929575, 40.756804]]}}, {"type": "Feature", "properties": {"route": "N", "direction": 0, "color": "#F6BC26"}, "geometry": {"type": "LineString", "coordinates": [[-73.940202, 40.750582], [-73.932755, 40.752882]]}}, {"type": "Feature", "properties": {"route": "N", "direction": 0, "color": "#F6BC26"}, "geometry": {"type": "LineString", "coordinates": [[-73.967258, 40.76266], [-73.940202, 40.750582]]}}, {"type": "Feature", "properties": {"route": "N", "direction": 0, "color": "#F6BC26"}, "geometry": {"type": "LineString", "coordinates": [[-73.973347, 40.764811], [-73.967258, 40.76266]]}}, {"type": "Feature", "properties": {"route": "N", "direction": 0, "color": "#F6BC26"}, "geometry": {"type": "LineString", "coordinates": [[-73.980658, 40.764664], [-73.966113, 40.764629]]}}, {"type": "Feature", "properties": {"route": "N", "direction": 0, "color": "#F6BC26"}, "geometry": {"type": "LineString", "coordinates": [[-73.980658, 40.764664], [-73.973347, 40.764811]]}}, {"type": "Feature", "properties": {"route": "N", "direction": 0, "color": "#F6BC26"}, "geometry": {"type": "LineString", "coordinates": [[-73.984139, 40.759901], [-73.980658, 40.764664]]}}, {"type": "Feature", "properties": {"route": "N", "direction": 0, "color": "#F6BC26"}, "geometry": {"type": "LineString", "coordinates": [[-73.986754, 40.754672], [-73.980658, 40.764664]]}}, {"type": "Feature", "properties": {"route": "N", "direction": 0, "color": "#F6BC26"}, "geometry": {"type": "LineString", "coordinates": [[-73.986754, 40.754672], [-73.984139, 40.759901]]}}, {"type": "Feature", "properties": {"route": "N", "direction": 0, "color": "#F6BC26"}, "geometry": {"type": "LineString", "coordinates": [[-73.98795, 40.749567], [-73.986754, 40.754672]]}}, {"type": "Feature", "properties": {"route": "N", "direction": 0, "color": "#F6BC26"}, "geometry": {"type": "LineString", "coordinates": [[-73.990568, 40.735736], [-73.98795, 40.749567]]}}, {"type": "Feature", "properties": {"route": "N", "direction": 0, "color": "#F6BC26"}, "geometry": {"type": "LineString", "coordinates": [[-73.97881, 40.683666], [-74.00046, 40.718383]]}}, {"type": "Feature", "properties": {"route": "N", "direction": 0, "color": "#F6BC26"}, "geometry": {"type": "LineString", "coordinates": [[-74.003549, 40.655144], [-73.97881, 40.683666]]}}, {"type": "Feature", "properties": {"route": "N", "direction": 0, "color": "#F6BC26"}, "geometry": {"type": "LineString", "coordinates": [[-74.017881, 40.641362], [-74.003549, 40.655144]]}}, {"type": "Feature", "properties": {"route": "N", "direction": 1, "color": "#F6BC26"}, "geometry": {"type": "LineString", "coordinates": [[-73.966113, 40.764629], [-73.980658, 40.764664]]}}, {"type": "Feature", "properties": {"route": "N", "direction": 1, "color": "#F6BC26"}, "geometry": {"type": "LineString", "coordinates": [[-74.011719, 40.635064], [-74.005351, 40.631386]]}}, {"type": "Feature", "properties": {"route": "N", "direction": 1, "color": "#F6BC26"}, "geometry": {"type": "LineString", "coordinates": [[-74.005351, 40.631386], [-73.996353, 40.624842]]}}, {"type": "Feature", "properties": {"route": "N", "direction": 1, "color": "#F6BC26"}, "geometry": {"type": "LineString", "coordinates": [[-73.996353, 40.624842], [-73.990414, 40.620671]]}}, {"type": "Feature", "properties": {"route": "N", "direction": 1, "color": "#F6BC26"}, "geometry": {"type": "LineString", "coordinates": [[-73.990414, 40.620671], [-73.985026, 40.61741]]}}, {"type": "Feature", "properties": {"route": "N", "direction": 1, "color": "#F6BC26"}, "geometry": {"type": "LineString", "coordinates": [[-73.985026, 40.61741], [-73.981848, 40.611815]]}}, {"type": "Feature", "properties": {"route": "N", "direction": 1, "color": "#F6BC26"}, "geometry": {"type": "LineString", "coordinates": [[-73.981848, 40.611815], [-73.980353, 40.603923]]}}, {"type": "Feature", "properties": {"route": "N", "direction": 1, "color": "#F6BC26"}, "geometry": {"type": "LineString", "coordinates": [[-73.980353, 40.603923], [-73.979137, 40.597473]]}}, {"type": "Feature", "properties": {"route": "N", "direction": 1, "color": "#F6BC26"}, "geometry": {"type": "LineString", "coordinates": [[-73.979137, 40.597473], [-73.97823, 40.592721]]}}, {"type": "Feature", "properties": {"route": "N", "direction": 1, "color": "#F6BC26"}, "geometry": {"type": "LineString", "coordinates": [[-73.97823, 40.592721], [-73.981233, 40.577422]]}}, {"type": "Feature", "properties": {"route": "N", "direction": 1, "color": "#F6BC26"}, "geometry": {"type": "LineString", "coordinates": [[-74.00046, 40.718383], [-73.981824, 40.690635]]}}, {"type": "Feature", "properties": {"route": "N", "direction": 1, "color": "#F6BC26"}, "geometry": {"type": "LineString", "coordinates": [[-74.00046, 40.718383], [-73.97881, 40.683666]]}}, {"type": "Feature", "properties": {"route": "N", "direction": 1, "color": "#F6BC26"}, "geometry": {"type": "LineString", "coordinates": [[-73.958424, 40.768799], [-73.966113, 40.764629]]}}, {"type": "Feature", "properties": {"route": "N", "direction": 1, "color": "#F6BC26"}, "geometry": {"type": "LineString", "coordinates": [[-73.951787, 40.777891], [-73.958424, 40.768799]]}}, {"type": "Feature", "properties": {"route": "N", "direction": 1, "color": "#F6BC26"}, "geometry": {"type": "LineString", "coordinates": [[-73.947152, 40.784318], [-73.951787, 40.777891]]}}, {"type": "Feature", "properties": {"route": "N", "direction": 1, "color": "#F6BC26"}, "geometry": {"type": "LineString", "coordinates": [[-73.912034, 40.775036], [-73.917843, 40.770258]]}}, {"type": "Feature", "properties": {"route": "N", "direction": 1, "color": "#F6BC26"}, "geometry": {"type": "LineString", "coordinates": [[-73.917843, 40.770258], [-73.921479, 40.766779]]}}, {"type": "Feature", "properties": {"route": "N", "direction": 1, "color": "#F6BC26"}, "geometry": {"type": "LineString", "coordinates": [[-73.921479, 40.766779], [-73.925508, 40.76182]]}}, {"type": "Feature", "properties": {"route": "N", "direction": 1, "color": "#F6BC26"}, "geometry": {"type": "LineString", "coordinates": [[-73.925508, 40.76182], [-73.929575, 40.756804]]}}, {"type": "Feature", "properties": {"route": "N", "direction": 1, "color": "#F6BC26"}, "geometry": {"type": "LineString", "coordinates": [[-73.929575, 40.756804], [-73.932755, 40.752882]]}}, {"type": "Feature", "properties": {"route": "N", "direction": 1, "color": "#F6BC26"}, "geometry": {"type": "LineString", "coordinates": [[-73.932755, 40.752882], [-73.940202, 40.750582]]}}, {"type": "Feature", "properties": {"route": "N", "direction": 1, "color": "#F6BC26"}, "geometry": {"type": "LineString", "coordinates": [[-73.940202, 40.750582], [-73.967258, 40.76266]]}}, {"type": "Feature", "properties": {"route": "N", "direction": 1, "color": "#F6BC26"}, "geometry": {"type": "LineString", "coordinates": [[-73.967258, 40.76266], [-73.973347, 40.764811]]}}, {"type": "Feature", "properties": {"route": "N", "direction": 1, "color": "#F6BC26"}, "geometry": {"type": "LineString", "coordinates": [[-73.973347, 40.764811], [-73.980658, 40.764664]]}}, {"type": "Feature", "properties": {"route": "N", "direction": 1, "color": "#F6BC26"}, "geometry": {"type": "LineString", "coordinates": [[-73.980658, 40.764664], [-73.984139, 40.759901]]}}, {"type": "Feature", "properties": {"route": "N", "direction": 1, "color": "#F6BC26"}, "geometry": {"type": "LineString", "coordinates": [[-73.980658, 40.764664], [-73.986754, 40.754672]]}}, {"type": "Feature", "properties": {"route": "N", "direction": 1, "color": "#F6BC26"}, "geometry": {"type": "LineString", "coordinates": [[-73.984139, 40.759901], [-73.986754, 40.754672]]}}, {"type": "Feature", "properties": {"route": "N", "direction": 1, "color": "#F6BC26"}, "geometry": {"type": "LineString", "coordinates": [[-73.986754, 40.754672], [-73.98795, 40.749567]]}}, {"type": "Feature", "properties": {"route": "N", "direction": 1, "color": "#F6BC26"}, "geometry": {"type": "LineString", "coordinates": [[-73.98795, 40.749567], [-73.990568, 40.735736]]}}, {"type": "Feature", "properties": {"route": "N", "direction": 1, "color": "#F6BC26"}, "geometry": {"type": "LineString", "coordinates": [[-73.990568, 40.735736], [-74.00046, 40.718383]]}}, {"type": "Feature", "properties": {"route": "N", "direction": 1, "color": "#F6BC26"}, "geometry": {"type": "LineString", "coordinates": [[-73.981824, 40.690635], [-73.97881, 40.683666]]}}, {"type": "Feature", "properties": {"route": "N", "direction": 1, "color": "#F6BC26"}, "geometry": {"type": "LineString", "coordinates": [[-73.97881, 40.683666], [-73.98311, 40.677316]]}}, {"type": "Feature", "properties": {"route": "N", "direction": 1, "color": "#F6BC26"}, "geometry": {"type": "LineString", "coordinates": [[-73.97881, 40.683666], [-74.003549, 40.655144]]}}, {"type": "Feature", "properties": {"route": "N", "direction": 1, "color": "#F6BC26"}, "geometry": {"type": "LineString", "coordinates": [[-73.98311, 40.677316], [-73.988302, 40.670847]]}}, {"type": "Feature", "properties": {"route": "N", "direction": 1, "color": "#F6BC26"}, "geometry": {"type": "LineString", "coordinates": [[-73.988302, 40.670847], [-73.992872, 40.665414]]}}, {"type": "Feature", "properties": {"route": "N", "direction": 1, "color": "#F6BC26"}, "geometry": {"type": "LineString", "coordinates": [[-73.992872, 40.665414], [-73.998091, 40.660397]]}}, {"type": "Feature", "properties": {"route": "N", "direction": 1, "color": "#F6BC26"}, "geometry": {"type": "LineString", "coordinates": [[-73.998091, 40.660397], [-74.003549, 40.655144]]}}, {"type": "Feature", "properties": {"route": "N", "direction": 1, "color": "#F6BC26"}, "geometry": {"type": "LineString", "coordinates": [[-74.003549, 40.655144], [-74.010006, 40.648939]]}}, {"type": "Feature", "properties": {"route": "N", "direction": 1, "color": "#F6BC26"}, "geometry": {"type": "LineString", "coordinates": [[-74.003549, 40.655144], [-74.017881, 40.641362]]}}, {"type": "Feature", "properties": {"route": "N", "direction": 1, "color": "#F6BC26"}, "geometry": {"type": "LineString", "coordinates": [[-74.010006, 40.648939], [-74.014034, 40.645069]]}}, {"type": "Feature", "properties": {"route": "N", "direction": 1, "color": "#F6BC26"}, "geometry": {"type": "LineString", "coordinates": [[-74.014034, 40.645069], [-74.017881, 40.641362]]}}, {"type": "Feature", "properties": {"route": "N", "direction": 1, "color": "#F6BC26"}, "geometry": {"type": "LineString", "coordinates": [[-74.017881, 40.641362], [-74.011719, 40.635064]]}}, {"type": "Feature", "properties": {"route": "Q", "direction": 0, "color": "#F6BC26"}, "geometry": {"type": "LineString", "coordinates": [[-73.966113, 40.764629], [-73.958424, 40.768799]]}}, {"type": "Feature", "properties": {"route": "Q", "direction": 0, "color": "#F6BC26"}, "geometry": {"type": "LineString", "coordinates": [[-73.97689, 40.68446], [-73.981824, 40.690635]]}}, {"type": "Feature", "properties": {"route": "Q", "direction": 0, "color": "#F6BC26"}, "geometry": {"type": "LineString", "coordinates": [[-73.972367, 40.67705], [-73.97689, 40.68446]]}}, {"type": "Feature", "properties": {"route": "Q", "direction": 0, "color": "#F6BC26"}, "geometry": {"type": "LineString", "coordinates": [[-73.962246, 40.661614], [-73.972367, 40.67705]]}}, {"type": "Feature", "properties": {"route": "Q", "direction": 0, "color": "#F6BC26"}, "geometry": {"type": "LineString", "coordinates": [[-73.961495, 40.655292], [-73.962246, 40.661614]]}}, {"type": "Feature", "properties": {"route": "Q", "direction": 0, "color": "#F6BC26"}, "geometry": {"type": "LineString", "coordinates": [[-73.962982, 40.650527], [-73.961495, 40.655292]]}}, {"type": "Feature", "properties": {"route": "Q", "direction": 0, "color": "#F6BC26"}, "geometry": {"type": "LineString", "coordinates": [[-73.964492, 40.644031], [-73.962982, 40.650527]]}}, {"type": "Feature", "properties": {"route": "Q", "direction": 0, "color": "#F6BC26"}, "geometry": {"type": "LineString", "coordinates": [[-73.963891, 40.640927], [-73.964492, 40.644031]]}}, {"type": "Feature", "properties": {"route": "Q", "direction": 0, "color": "#F6BC26"}, "geometry": {"type": "LineString", "coordinates": [[-73.962793, 40.635082], [-73.963891, 40.640927]]}}, {"type": "Feature", "properties": {"route": "Q", "direction": 0, "color": "#F6BC26"}, "geometry": {"type": "LineString", "coordinates": [[-73.961639, 40.62927], [-73.962793, 40.635082]]}}, {"type": "Feature", "properties": {"route": "Q", "direction": 0, "color": "#F6BC26"}, "geometry": {"type": "LineString", "coordinates": [[-73.960803, 40.625039], [-73.961639, 40.62927]]}}, {"type": "Feature", "properties": {"route": "Q", "direction": 0, "color": "#F6BC26"}, "geometry": {"type": "LineString", "coordinates": [[-73.959399, 40.617618], [-73.960803, 40.625039]]}}, {"type": "Feature", "properties": {"route": "Q", "direction": 0, "color": "#F6BC26"}, "geometry": {"type": "LineString", "coordinates": [[-73.957734, 40.60867], [-73.959399, 40.617618]]}}, {"type": "Feature", "properties": {"route": "Q", "direction": 0, "color": "#F6BC26"}, "geometry": {"type": "LineString", "coordinates": [[-73.955929, 40.5993], [-73.957734, 40.60867]]}}, {"type": "Feature", "properties": {"route": "Q", "direction": 0, "color": "#F6BC26"}, "geometry": {"type": "LineString", "coordinates": [[-73.955161, 40.595246], [-73.955929, 40.5993]]}}, {"type": "Feature", "properties": {"route": "Q", "direction": 0, "color": "#F6BC26"}, "geometry": {"type": "LineString", "coordinates": [[-73.954155, 40.586896], [-73.955161, 40.595246]]}}, {"type": "Feature", "properties": {"route": "Q", "direction": 0, "color": "#F6BC26"}, "geometry": {"type": "LineString", "coordinates": [[-73.961376, 40.577621], [-73.954155, 40.586896]]}}, {"type": "Feature", "properties": {"route": "Q", "direction": 0, "color": "#F6BC26"}, "geometry": {"type": "LineString", "coordinates": [[-73.968501, 40.576312], [-73.961376, 40.577621]]}}, {"type": "Feature", "properties": {"route": "Q", "direction": 0, "color": "#F6BC26"}, "geometry": {"type": "LineString", "coordinates": [[-73.975939, 40.576127], [-73.968501, 40.576312]]}}, {"type": "Feature", "properties": {"route": "Q", "direction": 0, "color": "#F6BC26"}, "geometry": {"type": "LineString", "coordinates": [[-73.981233, 40.577422], [-73.975939, 40.576127]]}}, {"type": "Feature", "properties": {"route": "Q", "direction": 0, "color": "#F6BC26"}, "geometry": {"type": "LineString", "coordinates": [[-74.00046, 40.718383], [-73.990568, 40.735736]]}}, {"type": "Feature", "properties": {"route": "Q", "direction": 0, "color": "#F6BC26"}, "geometry": {"type": "LineString", "coordinates": [[-73.958424, 40.768799], [-73.951787, 40.777891]]}}, {"type": "Feature", "properties": {"route": "Q", "direction": 0, "color": "#F6BC26"}, "geometry": {"type": "LineString", "coordinates": [[-73.951787, 40.777891], [-73.947152, 40.784318]]}}, {"type": "Feature", "properties": {"route": "Q", "direction": 0, "color": "#F6BC26"}, "geometry": {"type": "LineString", "coordinates": [[-73.980658, 40.764664], [-73.966113, 40.764629]]}}, {"type": "Feature", "properties": {"route": "Q", "direction": 0, "color": "#F6BC26"}, "geometry": {"type": "LineString", "coordinates": [[-73.986754, 40.754672], [-73.980658, 40.764664]]}}, {"type": "Feature", "properties": {"route": "Q", "direction": 0, "color": "#F6BC26"}, "geometry": {"type": "LineString", "coordinates": [[-73.98795, 40.749567], [-73.986754, 40.754672]]}}, {"type": "Feature", "properties": {"route": "Q", "direction": 0, "color": "#F6BC26"}, "geometry": {"type": "LineString", "coordinates": [[-73.990568, 40.735736], [-73.98795, 40.749567]]}}, {"type": "Feature", "properties": {"route": "Q", "direction": 0, "color": "#F6BC26"}, "geometry": {"type": "LineString", "coordinates": [[-73.981824, 40.690635], [-74.00046, 40.718383]]}}, {"type": "Feature", "properties": {"route": "Q", "direction": 1, "color": "#F6BC26"}, "geometry": {"type": "LineString", "coordinates": [[-73.966113, 40.764629], [-73.980658, 40.764664]]}}, {"type": "Feature", "properties": {"route": "Q", "direction": 1, "color": "#F6BC26"}, "geometry": {"type": "LineString", "coordinates": [[-73.97689, 40.68446], [-73.972367, 40.67705]]}}, {"type": "Feature", "properties": {"route": "Q", "direction": 1, "color": "#F6BC26"}, "geometry": {"type": "LineString", "coordinates": [[-73.972367, 40.67705], [-73.962246, 40.661614]]}}, {"type": "Feature", "properties": {"route": "Q", "direction": 1, "color": "#F6BC26"}, "geometry": {"type": "LineString", "coordinates": [[-73.962246, 40.661614], [-73.961495, 40.655292]]}}, {"type": "Feature", "properties": {"route": "Q", "direction": 1, "color": "#F6BC26"}, "geometry": {"type": "LineString", "coordinates": [[-73.961495, 40.655292], [-73.962982, 40.650527]]}}, {"type": "Feature", "properties": {"route": "Q", "direction": 1, "color": "#F6BC26"}, "geometry": {"type": "LineString", "coordinates": [[-73.962982, 40.650527], [-73.964492, 40.644031]]}}, {"type": "Feature", "properties": {"route": "Q", "direction": 1, "color": "#F6BC26"}, "geometry": {"type": "LineString", "coordinates": [[-73.964492, 40.644031], [-73.963891, 40.640927]]}}, {"type": "Feature", "properties": {"route": "Q", "direction": 1, "color": "#F6BC26"}, "geometry": {"type": "LineString", "coordinates": [[-73.963891, 40.640927], [-73.962793, 40.635082]]}}, {"type": "Feature", "properties": {"route": "Q", "direction": 1, "color": "#F6BC26"}, "geometry": {"type": "LineString", "coordinates": [[-73.962793, 40.635082], [-73.961639, 40.62927]]}}, {"type": "Feature", "properties": {"route": "Q", "direction": 1, "color": "#F6BC26"}, "geometry": {"type": "LineString", "coordinates": [[-73.961639, 40.62927], [-73.960803, 40.625039]]}}, {"type": "Feature", "properties": {"route": "Q", "direction": 1, "color": "#F6BC26"}, "geometry": {"type": "LineString", "coordinates": [[-73.960803, 40.625039], [-73.959399, 40.617618]]}}, {"type": "Feature", "properties": {"route": "Q", "direction": 1, "color": "#F6BC26"}, "geometry": {"type": "LineString", "coordinates": [[-73.959399, 40.617618], [-73.957734, 40.60867]]}}, {"type": "Feature", "properties": {"route": "Q", "direction": 1, "color": "#F6BC26"}, "geometry": {"type": "LineString", "coordinates": [[-73.957734, 40.60867], [-73.955929, 40.5993]]}}, {"type": "Feature", "properties": {"route": "Q", "direction": 1, "color": "#F6BC26"}, "geometry": {"type": "LineString", "coordinates": [[-73.955929, 40.5993], [-73.955161, 40.595246]]}}, {"type": "Feature", "properties": {"route": "Q", "direction": 1, "color": "#F6BC26"}, "geometry": {"type": "LineString", "coordinates": [[-73.955161, 40.595246], [-73.954155, 40.586896]]}}, {"type": "Feature", "properties": {"route": "Q", "direction": 1, "color": "#F6BC26"}, "geometry": {"type": "LineString", "coordinates": [[-73.954155, 40.586896], [-73.961376, 40.577621]]}}, {"type": "Feature", "properties": {"route": "Q", "direction": 1, "color": "#F6BC26"}, "geometry": {"type": "LineString", "coordinates": [[-73.961376, 40.577621], [-73.968501, 40.576312]]}}, {"type": "Feature", "properties": {"route": "Q", "direction": 1, "color": "#F6BC26"}, "geometry": {"type": "LineString", "coordinates": [[-73.968501, 40.576312], [-73.975939, 40.576127]]}}, {"type": "Feature", "properties": {"route": "Q", "direction": 1, "color": "#F6BC26"}, "geometry": {"type": "LineString", "coordinates": [[-73.975939, 40.576127], [-73.981233, 40.577422]]}}, {"type": "Feature", "properties": {"route": "Q", "direction": 1, "color": "#F6BC26"}, "geometry": {"type": "LineString", "coordinates": [[-74.00046, 40.718383], [-73.981824, 40.690635]]}}, {"type": "Feature", "properties": {"route": "Q", "direction": 1, "color": "#F6BC26"}, "geometry": {"type": "LineString", "coordinates": [[-73.958424, 40.768799], [-73.966113, 40.764629]]}}, {"type": "Feature", "properties": {"route": "Q", "direction": 1, "color": "#F6BC26"}, "geometry": {"type": "LineString", "coordinates": [[-73.951787, 40.777891], [-73.958424, 40.768799]]}}, {"type": "Feature", "properties": {"route": "Q", "direction": 1, "color": "#F6BC26"}, "geometry": {"type": "LineString", "coordinates": [[-73.947152, 40.784318], [-73.951787, 40.777891]]}}, {"type": "Feature", "properties": {"route": "Q", "direction": 1, "color": "#F6BC26"}, "geometry": {"type": "LineString", "coordinates": [[-73.980658, 40.764664], [-73.986754, 40.754672]]}}, {"type": "Feature", "properties": {"route": "Q", "direction": 1, "color": "#F6BC26"}, "geometry": {"type": "LineString", "coordinates": [[-73.986754, 40.754672], [-73.98795, 40.749567]]}}, {"type": "Feature", "properties": {"route": "Q", "direction": 1, "color": "#F6BC26"}, "geometry": {"type": "LineString", "coordinates": [[-73.98795, 40.749567], [-73.990568, 40.735736]]}}, {"type": "Feature", "properties": {"route": "Q", "direction": 1, "color": "#F6BC26"}, "geometry": {"type": "LineString", "coordinates": [[-73.990568, 40.735736], [-74.00046, 40.718383]]}}, {"type": "Feature", "properties": {"route": "Q", "direction": 1, "color": "#F6BC26"}, "geometry": {"type": "LineString", "coordinates": [[-73.981824, 40.690635], [-73.97689, 40.68446]]}}, {"type": "Feature", "properties": {"route": "R", "direction": 0, "color": "#F6BC26"}, "geometry": {"type": "LineString", "coordinates": [[-73.966113, 40.764629], [-73.958424, 40.768799]]}}, {"type": "Feature", "properties": {"route": "R", "direction": 0, "color": "#F6BC26"}, "geometry": {"type": "LineString", "coordinates": [[-73.852719, 40.726523], [-73.844521, 40.721691]]}}, {"type": "Feature", "properties": {"route": "R", "direction": 0, "color": "#F6BC26"}, "geometry": {"type": "LineString", "coordinates": [[-73.861604, 40.729846], [-73.852719, 40.726523]]}}, {"type": "Feature", "properties": {"route": "R", "direction": 0, "color": "#F6BC26"}, "geometry": {"type": "LineString", "coordinates": [[-73.869229, 40.733106], [-73.861604, 40.729846]]}}, {"type": "Feature", "properties": {"route": "R", "direction": 0, "color": "#F6BC26"}, "geometry": {"type": "LineString", "coordinates": [[-73.877223, 40.737015], [-73.869229, 40.733106]]}}, {"type": "Feature", "properties": {"route": "R", "direction": 0, "color": "#F6BC26"}, "geometry": {"type": "LineString", "coordinates": [[-73.882017, 40.742454], [-73.877223, 40.737015]]}}, {"type": "Feature", "properties": {"route": "R", "direction": 0, "color": "#F6BC26"}, "geometry": {"type": "LineString", "coordinates": [[-73.891338, 40.746644], [-73.882017, 40.742454]]}}, {"type": "Feature", "properties": {"route": "R", "direction": 0, "color": "#F6BC26"}, "geometry": {"type": "LineString", "coordinates": [[-73.898453, 40.749669], [-73.891338, 40.746644]]}}, {"type": "Feature", "properties": {"route": "R", "direction": 0, "color": "#F6BC26"}, "geometry": {"type": "LineString", "coordinates": [[-73.906006, 40.752885], [-73.898453, 40.749669]]}}, {"type": "Feature", "properties": {"route": "R", "direction": 0, "color": "#F6BC26"}, "geometry": {"type": "LineString", "coordinates": [[-73.913333, 40.756312], [-73.906006, 40.752885]]}}, {"type": "Feature", "properties": {"route": "R", "direction": 0, "color": "#F6BC26"}, "geometry": {"type": "LineString", "coordinates": [[-73.92074, 40.756879], [-73.913333, 40.756312]]}}, {"type": "Feature", "properties": {"route": "R", "direction": 0, "color": "#F6BC26"}, "geometry": {"type": "LineString", "coordinates": [[-73.928781, 40.752039], [-73.92074, 40.756879]]}}, {"type": "Feature", "properties": {"route": "R", "direction": 0, "color": "#F6BC26"}, "geometry": {"type": "LineString", "coordinates": [[-73.937243, 40.748973], [-73.928781, 40.752039]]}}, {"type": "Feature", "properties": {"route": "R", "direction": 0, "color": "#F6BC26"}, "geometry": {"type": "LineString", "coordinates": [[-73.958424, 40.768799], [-73.951787, 40.777891]]}}, {"type": "Feature", "properties": {"route": "R", "direction": 0, "color": "#F6BC26"}, "geometry": {"type": "LineString", "coordinates": [[-73.951787, 40.777891], [-73.947152, 40.784318]]}}, {"type": "Feature", "properties": {"route": "R", "direction": 0, "color": "#F6BC26"}, "geometry": {"type": "LineString", "coordinates": [[-73.967258, 40.76266], [-73.937243, 40.748973]]}}, {"type": "Feature", "properties": {"route": "R", "direction": 0, "color": "#F6BC26"}, "geometry": {"type": "LineString", "coordinates": [[-73.973347, 40.764811], [-73.967258, 40.76266]]}}, {"type": "Feature", "properties": {"route": "R", "direction": 0, "color": "#F6BC26"}, "geometry": {"type": "LineString", "coordinates": [[-73.980658, 40.764664], [-73.966113, 40.764629]]}}, {"type": "Feature", "properties": {"route": "R", "direction": 0, "color": "#F6BC26"}, "geometry": {"type": "LineString", "coordinates": [[-73.980658, 40.764664], [-73.973347, 40.764811]]}}, {"type": "Feature", "properties": {"route": "R", "direction": 0, "color": "#F6BC26"}, "geometry": {"type": "LineString", "coordinates": [[-73.984139, 40.759901], [-73.980658, 40.764664]]}}, {"type": "Feature", "properties": {"route": "R", "direction": 0, "color": "#F6BC26"}, "geometry": {"type": "LineString", "coordinates": [[-73.986754, 40.754672], [-73.984139, 40.759901]]}}, {"type": "Feature", "properties": {"route": "R", "direction": 0, "color": "#F6BC26"}, "geometry": {"type": "LineString", "coordinates": [[-73.98795, 40.749567], [-73.986754, 40.754672]]}}, {"type": "Feature", "properties": {"route": "R", "direction": 0, "color": "#F6BC26"}, "geometry": {"type": "LineString", "coordinates": [[-73.988691, 40.745494], [-73.98795, 40.749567]]}}, {"type": "Feature", "properties": {"route": "R", "direction": 0, "color": "#F6BC26"}, "geometry": {"type": "LineString", "coordinates": [[-73.989344, 40.741303], [-73.988691, 40.745494]]}}, {"type": "Feature", "properties": {"route": "R", "direction": 0, "color": "#F6BC26"}, "geometry": {"type": "LineString", "coordinates": [[-73.990568, 40.735736], [-73.989344, 40.741303]]}}, {"type": "Feature", "properties": {"route": "R", "direction": 0, "color": "#F6BC26"}, "geometry": {"type": "LineString", "coordinates": [[-73.992629, 40.730328], [-73.990568, 40.735736]]}}, {"type": "Feature", "properties": {"route": "R", "direction": 0, "color": "#F6BC26"}, "geometry": {"type": "LineString", "coordinates": [[-73.997702, 40.724329], [-73.992629, 40.730328]]}}, {"type": "Feature", "properties": {"route": "R", "direction": 0, "color": "#F6BC26"}, "geometry": {"type": "LineString", "coordinates": [[-74.001775, 40.719527], [-73.997702, 40.724329]]}}, {"type": "Feature", "properties": {"route": "R", "direction": 0, "color": "#F6BC26"}, "geometry": {"type": "LineString", "coordinates": [[-74.006978, 40.713282], [-74.001775, 40.719527]]}}, {"type": "Feature", "properties": {"route": "R", "direction": 0, "color": "#F6BC26"}, "geometry": {"type": "LineString", "coordinates": [[-74.011029, 40.710668], [-74.006978, 40.713282]]}}, {"type": "Feature", "properties": {"route": "R", "direction": 0, "color": "#F6BC26"}, "geometry": {"type": "LineString", "coordinates": [[-74.013342, 40.70722], [-74.011029, 40.710668]]}}, {"type": "Feature", "properties": {"route": "R", "direction": 0, "color": "#F6BC26"}, "geometry": {"type": "LineString", "coordinates": [[-74.012994, 40.703087], [-74.013342, 40.70722]]}}, {"type": "Feature", "properties": {"route": "R", "direction": 0, "color": "#F6BC26"}, "geometry": {"type": "LineString", "coordinates": [[-73.991777, 40.6941], [-74.012994, 40.703087]]}}, {"type": "Feature", "properties": {"route": "R", "direction": 0, "color": "#F6BC26"}, "geometry": {"type": "LineString", "coordinates": [[-73.985942, 40.69218], [-73.991777, 40.6941]]}}, {"type": "Feature", "properties": {"route": "R", "direction": 0, "color": "#F6BC26"}, "geometry": {"type": "LineString", "coordinates": [[-73.981824, 40.690635], [-73.985942, 40.69218]]}}, {"type": "Feature", "properties": {"route": "R", "direction": 0, "color": "#F6BC26"}, "geometry": {"type": "LineString", "coordinates": [[-73.97881, 40.683666], [-73.981824, 40.690635]]}}, {"type": "Feature", "properties": {"route": "R", "direction": 0, "color": "#F6BC26"}, "geometry": {"type": "LineString", "coordinates": [[-73.98311, 40.677316], [-73.97881, 40.683666]]}}, {"type": "Feature", "properties": {"route": "R", "direction": 0, "color": "#F6BC26"}, "geometry": {"type": "LineString", "coordinates": [[-73.988302, 40.670847], [-73.98311, 40.677316]]}}, {"type": "Feature", "properties": {"route": "R", "direction": 0, "color": "#F6BC26"}, "geometry": {"type": "LineString", "coordinates": [[-73.992872, 40.665414], [-73.988302, 40.670847]]}}, {"type": "Feature", "properties": {"route": "R", "direction": 0, "color": "#F6BC26"}, "geometry": {"type": "LineString", "coordinates": [[-73.998091, 40.660397], [-73.992872, 40.665414]]}}, {"type": "Feature", "properties": {"route": "R", "direction": 0, "color": "#F6BC26"}, "geometry": {"type": "LineString", "coordinates": [[-74.003549, 40.655144], [-73.998091, 40.660397]]}}, {"type": "Feature", "properties": {"route": "R", "direction": 0, "color": "#F6BC26"}, "geometry": {"type": "LineString", "coordinates": [[-74.010006, 40.648939], [-74.003549, 40.655144]]}}, {"type": "Feature", "properties": {"route": "R", "direction": 0, "color": "#F6BC26"}, "geometry": {"type": "LineString", "coordinates": [[-74.014034, 40.645069], [-74.010006, 40.648939]]}}, {"type": "Feature", "properties": {"route": "R", "direction": 0, "color": "#F6BC26"}, "geometry": {"type": "LineString", "coordinates": [[-74.017881, 40.641362], [-74.014034, 40.645069]]}}, {"type": "Feature", "properties": {"route": "R", "direction": 0, "color": "#F6BC26"}, "geometry": {"type": "LineString", "coordinates": [[-74.023377, 40.634967], [-74.017881, 40.641362]]}}, {"type": "Feature", "properties": {"route": "R", "direction": 0, "color": "#F6BC26"}, "geometry": {"type": "LineString", "coordinates": [[-74.02551, 40.629742], [-74.023377, 40.634967]]}}, {"type": "Feature", "properties": {"route": "R", "direction": 0, "color": "#F6BC26"}, "geometry": {"type": "LineString", "coordinates": [[-74.028398, 40.622687], [-74.02551, 40.629742]]}}, {"type": "Feature", "properties": {"route": "R", "direction": 0, "color": "#F6BC26"}, "geometry": {"type": "LineString", "coordinates": [[-74.030876, 40.616622], [-74.028398, 40.622687]]}}, {"type": "Feature", "properties": {"route": "R", "direction": 1, "color": "#F6BC26"}, "geometry": {"type": "LineString", "coordinates": [[-73.994324, 40.646292], [-73.996895, 40.626472]]}}, {"type": "Feature", "properties": {"route": "R", "direction": 1, "color": "#F6BC26"}, "geometry": {"type": "LineString", "coordinates": [[-73.996895, 40.626472], [-73.993728, 40.601875]]}}, {"type": "Feature", "properties": {"route": "R", "direction": 1, "color": "#F6BC26"}, "geometry": {"type": "LineString", "coordinates": [[-73.844521, 40.721691], [-73.852719, 40.726523]]}}, {"type": "Feature", "properties": {"route": "R", "direction": 1, "color": "#F6BC26"}, "geometry": {"type": "LineString", "coordinates": [[-73.852719, 40.726523], [-73.861604, 40.729846]]}}, {"type": "Feature", "properties": {"route": "R", "direction": 1, "color": "#F6BC26"}, "geometry": {"type": "LineString", "coordinates": [[-73.861604, 40.729846], [-73.869229, 40.733106]]}}, {"type": "Feature", "properties": {"route": "R", "direction": 1, "color": "#F6BC26"}, "geometry": {"type": "LineString", "coordinates": [[-73.869229, 40.733106], [-73.877223, 40.737015]]}}, {"type": "Feature", "properties": {"route": "R", "direction": 1, "color": "#F6BC26"}, "geometry": {"type": "LineString", "coordinates": [[-73.877223, 40.737015], [-73.882017, 40.742454]]}}, {"type": "Feature", "properties": {"route": "R", "direction": 1, "color": "#F6BC26"}, "geometry": {"type": "LineString", "coordinates": [[-73.882017, 40.742454], [-73.891338, 40.746644]]}}, {"type": "Feature", "properties": {"route": "R", "direction": 1, "color": "#F6BC26"}, "geometry": {"type": "LineString", "coordinates": [[-73.891338, 40.746644], [-73.898453, 40.749669]]}}, {"type": "Feature", "properties": {"route": "R", "direction": 1, "color": "#F6BC26"}, "geometry": {"type": "LineString", "coordinates": [[-73.898453, 40.749669], [-73.906006, 40.752885]]}}, {"type": "Feature", "properties": {"route": "R", "direction": 1, "color": "#F6BC26"}, "geometry": {"type": "LineString", "coordinates": [[-73.906006, 40.752885], [-73.913333, 40.756312]]}}, {"type": "Feature", "properties": {"route": "R", "direction": 1, "color": "#F6BC26"}, "geometry": {"type": "LineString", "coordinates": [[-73.913333, 40.756312], [-73.92074, 40.756879]]}}, {"type": "Feature", "properties": {"route": "R", "direction": 1, "color": "#F6BC26"}, "geometry": {"type": "LineString", "coordinates": [[-73.92074, 40.756879], [-73.928781, 40.752039]]}}, {"type": "Feature", "properties": {"route": "R", "direction": 1, "color": "#F6BC26"}, "geometry": {"type": "LineString", "coordinates": [[-73.928781, 40.752039], [-73.937243, 40.748973]]}}, {"type": "Feature", "properties": {"route": "R", "direction": 1, "color": "#F6BC26"}, "geometry": {"type": "LineString", "coordinates": [[-73.937243, 40.748973], [-73.967258, 40.76266]]}}, {"type": "Feature", "properties": {"route": "R", "direction": 1, "color": "#F6BC26"}, "geometry": {"type": "LineString", "coordinates": [[-73.967258, 40.76266], [-73.973347, 40.764811]]}}, {"type": "Feature", "properties": {"route": "R", "direction": 1, "color": "#F6BC26"}, "geometry": {"type": "LineString", "coordinates": [[-73.973347, 40.764811], [-73.980658, 40.764664]]}}, {"type": "Feature", "properties": {"route": "R", "direction": 1, "color": "#F6BC26"}, "geometry": {"type": "LineString", "coordinates": [[-73.980658, 40.764664], [-73.984139, 40.759901]]}}, {"type": "Feature", "properties": {"route": "R", "direction": 1, "color": "#F6BC26"}, "geometry": {"type": "LineString", "coordinates": [[-73.984139, 40.759901], [-73.986754, 40.754672]]}}, {"type": "Feature", "properties": {"route": "R", "direction": 1, "color": "#F6BC26"}, "geometry": {"type": "LineString", "coordinates": [[-73.986754, 40.754672], [-73.98795, 40.749567]]}}, {"type": "Feature", "properties": {"route": "R", "direction": 1, "color": "#F6BC26"}, "geometry": {"type": "LineString", "coordinates": [[-73.98795, 40.749567], [-73.988691, 40.745494]]}}, {"type": "Feature", "properties": {"route": "R", "direction": 1, "color": "#F6BC26"}, "geometry": {"type": "LineString", "coordinates": [[-73.988691, 40.745494], [-73.989344, 40.741303]]}}, {"type": "Feature", "properties": {"route": "R", "direction": 1, "color": "#F6BC26"}, "geometry": {"type": "LineString", "coordinates": [[-73.989344, 40.741303], [-73.990568, 40.735736]]}}, {"type": "Feature", "properties": {"route": "R", "direction": 1, "color": "#F6BC26"}, "geometry": {"type": "LineString", "coordinates": [[-73.990568, 40.735736], [-73.992629, 40.730328]]}}, {"type": "Feature", "properties": {"route": "R", "direction": 1, "color": "#F6BC26"}, "geometry": {"type": "LineString", "coordinates": [[-73.992629, 40.730328], [-73.997702, 40.724329]]}}, {"type": "Feature", "properties": {"route": "R", "direction": 1, "color": "#F6BC26"}, "geometry": {"type": "LineString", "coordinates": [[-73.997702, 40.724329], [-74.001775, 40.719527]]}}, {"type": "Feature", "properties": {"route": "R", "direction": 1, "color": "#F6BC26"}, "geometry": {"type": "LineString", "coordinates": [[-74.001775, 40.719527], [-74.006978, 40.713282]]}}, {"type": "Feature", "properties": {"route": "R", "direction": 1, "color": "#F6BC26"}, "geometry": {"type": "LineString", "coordinates": [[-74.006978, 40.713282], [-74.011029, 40.710668]]}}, {"type": "Feature", "properties": {"route": "R", "direction": 1, "color": "#F6BC26"}, "geometry": {"type": "LineString", "coordinates": [[-74.011029, 40.710668], [-74.013342, 40.70722]]}}, {"type": "Feature", "properties": {"route": "R", "direction": 1, "color": "#F6BC26"}, "geometry": {"type": "LineString", "coordinates": [[-74.013342, 40.70722], [-74.012994, 40.703087]]}}, {"type": "Feature", "properties": {"route": "R", "direction": 1, "color": "#F6BC26"}, "geometry": {"type": "LineString", "coordinates": [[-74.012994, 40.703087], [-73.991777, 40.6941]]}}, {"type": "Feature", "properties": {"route": "R", "direction": 1, "color": "#F6BC26"}, "geometry": {"type": "LineString", "coordinates": [[-73.991777, 40.6941], [-73.985942, 40.69218]]}}, {"type": "Feature", "properties": {"route": "R", "direction": 1, "color": "#F6BC26"}, "geometry": {"type": "LineString", "coordinates": [[-73.985942, 40.69218], [-73.981824, 40.690635]]}}, {"type": "Feature", "properties": {"route": "R", "direction": 1, "color": "#F6BC26"}, "geometry": {"type": "LineString", "coordinates": [[-73.981824, 40.690635], [-73.97881, 40.683666]]}}, {"type": "Feature", "properties": {"route": "R", "direction": 1, "color": "#F6BC26"}, "geometry": {"type": "LineString", "coordinates": [[-73.97881, 40.683666], [-73.98311, 40.677316]]}}, {"type": "Feature", "properties": {"route": "R", "direction": 1, "color": "#F6BC26"}, "geometry": {"type": "LineString", "coordinates": [[-73.98311, 40.677316], [-73.988302, 40.670847]]}}, {"type": "Feature", "properties": {"route": "R", "direction": 1, "color": "#F6BC26"}, "geometry": {"type": "LineString", "coordinates": [[-73.988302, 40.670847], [-73.992872, 40.665414]]}}, {"type": "Feature", "properties": {"route": "R", "direction": 1, "color": "#F6BC26"}, "geometry": {"type": "LineString", "coordinates": [[-73.992872, 40.665414], [-73.998091, 40.660397]]}}, {"type": "Feature", "properties": {"route": "R", "direction": 1, "color": "#F6BC26"}, "geometry": {"type": "LineString", "coordinates": [[-73.998091, 40.660397], [-74.003549, 40.655144]]}}, {"type": "Feature", "properties": {"route": "R", "direction": 1, "color": "#F6BC26"}, "geometry": {"type": "LineString", "coordinates": [[-74.003549, 40.655144], [-73.994324, 40.646292]]}}, {"type": "Feature", "properties": {"route": "R", "direction": 1, "color": "#F6BC26"}, "geometry": {"type": "LineString", "coordinates": [[-74.003549, 40.655144], [-74.010006, 40.648939]]}}, {"type": "Feature", "properties": {"route": "R", "direction": 1, "color": "#F6BC26"}, "geometry": {"type": "LineString", "coordinates": [[-74.010006, 40.648939], [-74.014034, 40.645069]]}}, {"type": "Feature", "properties": {"route": "R", "direction": 1, "color": "#F6BC26"}, "geometry": {"type": "LineString", "coordinates": [[-74.014034, 40.645069], [-74.017881, 40.641362]]}}, {"type": "Feature", "properties": {"route": "R", "direction": 1, "color": "#F6BC26"}, "geometry": {"type": "LineString", "coordinates": [[-74.017881, 40.641362], [-74.023377, 40.634967]]}}, {"type": "Feature", "properties": {"route": "R", "direction": 1, "color": "#F6BC26"}, "geometry": {"type": "LineString", "coordinates": [[-74.023377, 40.634967], [-74.02551, 40.629742]]}}, {"type": "Feature", "properties": {"route": "R", "direction": 1, "color": "#F6BC26"}, "geometry": {"type": "LineString", "coordinates": [[-74.02551, 40.629742], [-74.028398, 40.622687]]}}, {"type": "Feature", "properties": {"route": "R", "direction": 1, "color": "#F6BC26"}, "geometry": {"type": "LineString", "coordinates": [[-74.028398, 40.622687], [-74.030876, 40.616622]]}}, {"type": "Feature", "properties": {"route": "SI", "direction": 0, "color": "#08179C"}, "geometry": {"type": "LineString", "coordinates": [[-74.251961, 40.512764], [-74.242096, 40.516578]]}}, {"type": "Feature", "properties": {"route": "SI", "direction": 0, "color": "#08179C"}, "geometry": {"type": "LineString", "coordinates": [[-74.242096, 40.516578], [-74.229141, 40.519631]]}}, {"type": "Feature", "properties": {"route": "SI", "direction": 0, "color": "#08179C"}, "geometry": {"type": "LineString", "coordinates": [[-74.229141, 40.519631], [-74.217847, 40.52241]]}}, {"type": "Feature", "properties": {"route": "SI", "direction": 0, "color": "#08179C"}, "geometry": {"type": "LineString", "coordinates": [[-74.217847, 40.52241], [-74.200064, 40.525507]]}}, {"type": "Feature", "properties": {"route": "SI", "direction": 0, "color": "#08179C"}, "geometry": {"type": "LineString", "coordinates": [[-74.200064, 40.525507], [-74.191794, 40.533674]]}}, {"type": "Feature", "properties": {"route": "SI", "direction": 0, "color": "#08179C"}, "geometry": {"type": "LineString", "coordinates": [[-74.191794, 40.533674], [-74.178217, 40.54046]]}}, {"type": "Feature", "properties": {"route": "SI", "direction": 0, "color": "#08179C"}, "geometry": {"type": "LineString", "coordinates": [[-74.178217, 40.54046], [-74.16457, 40.544601]]}}, {"type": "Feature", "properties": {"route": "SI", "direction": 0, "color": "#08179C"}, "geometry": {"type": "LineString", "coordinates": [[-74.16457, 40.544601], [-74.151399, 40.551231]]}}, {"type": "Feature", "properties": {"route": "SI", "direction": 0, "color": "#08179C"}, "geometry": {"type": "LineString", "coordinates": [[-74.151399, 40.551231], [-74.136907, 40.5564]]}}, {"type": "Feature", "properties": {"route": "SI", "direction": 0, "color": "#08179C"}, "geometry": {"type": "LineString", "coordinates": [[-74.136907, 40.5564], [-74.12632, 40.56511]]}}, {"type": "Feature", "properties": {"route": "SI", "direction": 0, "color": "#08179C"}, "geometry": {"type": "LineString", "coordinates": [[-74.12632, 40.56511], [-74.11721, 40.57348]]}}, {"type": "Feature", "properties": {"route": "SI", "direction": 0, "color": "#08179C"}, "geometry": {"type": "LineString", "coordinates": [[-74.11721, 40.57348], [-74.109704, 40.578965]]}}, {"type": "Feature", "properties": {"route": "SI", "direction": 0, "color": "#08179C"}, "geometry": {"type": "LineString", "coordinates": [[-74.11721, 40.57348], [-74.073643, 40.643748]]}}, {"type": "Feature", "properties": {"route": "SI", "direction": 0, "color": "#08179C"}, "geometry": {"type": "LineString", "coordinates": [[-74.109704, 40.578965], [-74.103338, 40.583591]]}}, {"type": "Feature", "properties": {"route": "SI", "direction": 0, "color": "#08179C"}, "geometry": {"type": "LineString", "coordinates": [[-74.103338, 40.583591], [-74.09609, 40.588849]]}}, {"type": "Feature", "properties": {"route": "SI", "direction": 0, "color": "#08179C"}, "geometry": {"type": "LineString", "coordinates": [[-74.09609, 40.588849], [-74.087368, 40.596612]]}}, {"type": "Feature", "properties": {"route": "SI", "direction": 0, "color": "#08179C"}, "geometry": {"type": "LineString", "coordinates": [[-74.087368, 40.596612], [-74.084087, 40.603117]]}}, {"type": "Feature", "properties": {"route": "SI", "direction": 0, "color": "#08179C"}, "geometry": {"type": "LineString", "coordinates": [[-74.084087, 40.603117], [-74.071402, 40.621319]]}}, {"type": "Feature", "properties": {"route": "SI", "direction": 0, "color": "#08179C"}, "geometry": {"type": "LineString", "coordinates": [[-74.071402, 40.621319], [-74.075162, 40.627915]]}}, {"type": "Feature", "properties": {"route": "SI", "direction": 0, "color": "#08179C"}, "geometry": {"type": "LineString", "coordinates": [[-74.075162, 40.627915], [-74.074835, 40.636949]]}}, {"type": "Feature", "properties": {"route": "SI", "direction": 0, "color": "#08179C"}, "geometry": {"type": "LineString", "coordinates": [[-74.074835, 40.636949], [-74.073643, 40.643748]]}}, {"type": "Feature", "properties": {"route": "SI", "direction": 1, "color": "#08179C"}, "geometry": {"type": "LineString", "coordinates": [[-74.242096, 40.516578], [-74.251961, 40.512764]]}}, {"type": "Feature", "properties": {"route": "SI", "direction": 1, "color": "#08179C"}, "geometry": {"type": "LineString", "coordinates": [[-74.229141, 40.519631], [-74.242096, 40.516578]]}}, {"type": "Feature", "properties": {"route": "SI", "direction": 1, "color": "#08179C"}, "geometry": {"type": "LineString", "coordinates": [[-74.217847, 40.52241], [-74.229141, 40.519631]]}}, {"type": "Feature", "properties": {"route": "SI", "direction": 1, "color": "#08179C"}, "geometry": {"type": "LineString", "coordinates": [[-74.200064, 40.525507], [-74.217847, 40.52241]]}}, {"type": "Feature", "properties": {"route": "SI", "direction": 1, "color": "#08179C"}, "geometry": {"type": "LineString", "coordinates": [[-74.191794, 40.533674], [-74.200064, 40.525507]]}}, {"type": "Feature", "properties": {"route": "SI", "direction": 1, "color": "#08179C"}, "geometry": {"type": "LineString", "coordinates": [[-74.178217, 40.54046], [-74.191794, 40.533674]]}}, {"type": "Feature", "properties": {"route": "SI", "direction": 1, "color": "#08179C"}, "geometry": {"type": "LineString", "coordinates": [[-74.16457, 40.544601], [-74.178217, 40.54046]]}}, {"type": "Feature", "properties": {"route": "SI", "direction": 1, "color": "#08179C"}, "geometry": {"type": "LineString", "coordinates": [[-74.151399, 40.551231], [-74.16457, 40.544601]]}}, {"type": "Feature", "properties": {"route": "SI", "direction": 1, "color": "#08179C"}, "geometry": {"type": "LineString", "coordinates": [[-74.136907, 40.5564], [-74.151399, 40.551231]]}}, {"type": "Feature", "properties": {"route": "SI", "direction": 1, "color": "#08179C"}, "geometry": {"type": "LineString", "coordinates": [[-74.12632, 40.56511], [-74.136907, 40.5564]]}}, {"type": "Feature", "properties": {"route": "SI", "direction": 1, "color": "#08179C"}, "geometry": {"type": "LineString", "coordinates": [[-74.11721, 40.57348], [-74.12632, 40.56511]]}}, {"type": "Feature", "properties": {"route": "SI", "direction": 1, "color": "#08179C"}, "geometry": {"type": "LineString", "coordinates": [[-74.109704, 40.578965], [-74.11721, 40.57348]]}}, {"type": "Feature", "properties": {"route": "SI", "direction": 1, "color": "#08179C"}, "geometry": {"type": "LineString", "coordinates": [[-74.103338, 40.583591], [-74.109704, 40.578965]]}}, {"type": "Feature", "properties": {"route": "SI", "direction": 1, "color": "#08179C"}, "geometry": {"type": "LineString", "coordinates": [[-74.09609, 40.588849], [-74.103338, 40.583591]]}}, {"type": "Feature", "properties": {"route": "SI", "direction": 1, "color": "#08179C"}, "geometry": {"type": "LineString", "coordinates": [[-74.087368, 40.596612], [-74.09609, 40.588849]]}}, {"type": "Feature", "properties": {"route": "SI", "direction": 1, "color": "#08179C"}, "geometry": {"type": "LineString", "coordinates": [[-74.084087, 40.603117], [-74.087368, 40.596612]]}}, {"type": "Feature", "properties": {"route": "SI", "direction": 1, "color": "#08179C"}, "geometry": {"type": "LineString", "coordinates": [[-74.071402, 40.621319], [-74.084087, 40.603117]]}}, {"type": "Feature", "properties": {"route": "SI", "direction": 1, "color": "#08179C"}, "geometry": {"type": "LineString", "coordinates": [[-74.075162, 40.627915], [-74.071402, 40.621319]]}}, {"type": "Feature", "properties": {"route": "SI", "direction": 1, "color": "#08179C"}, "geometry": {"type": "LineString", "coordinates": [[-74.074835, 40.636949], [-74.075162, 40.627915]]}}, {"type": "Feature", "properties": {"route": "SI", "direction": 1, "color": "#08179C"}, "geometry": {"type": "LineString", "coordinates": [[-74.073643, 40.643748], [-74.151399, 40.551231]]}}, {"type": "Feature", "properties": {"route": "SI", "direction": 1, "color": "#08179C"}, "geometry": {"type": "LineString", "coordinates": [[-74.073643, 40.643748], [-74.074835, 40.636949]]}}, {"type": "Feature", "properties": {"route": "W", "direction": 0, "color": "#F6BC26"}, "geometry": {"type": "LineString", "coordinates": [[-74.011719, 40.635064], [-74.017881, 40.641362]]}}, {"type": "Feature", "properties": {"route": "W", "direction": 0, "color": "#F6BC26"}, "geometry": {"type": "LineString", "coordinates": [[-74.005351, 40.631386], [-74.011719, 40.635064]]}}, {"type": "Feature", "properties": {"route": "W", "direction": 0, "color": "#F6BC26"}, "geometry": {"type": "LineString", "coordinates": [[-73.996353, 40.624842], [-74.005351, 40.631386]]}}, {"type": "Feature", "properties": {"route": "W", "direction": 0, "color": "#F6BC26"}, "geometry": {"type": "LineString", "coordinates": [[-73.990414, 40.620671], [-73.996353, 40.624842]]}}, {"type": "Feature", "properties": {"route": "W", "direction": 0, "color": "#F6BC26"}, "geometry": {"type": "LineString", "coordinates": [[-73.985026, 40.61741], [-73.990414, 40.620671]]}}, {"type": "Feature", "properties": {"route": "W", "direction": 0, "color": "#F6BC26"}, "geometry": {"type": "LineString", "coordinates": [[-73.981848, 40.611815], [-73.985026, 40.61741]]}}, {"type": "Feature", "properties": {"route": "W", "direction": 0, "color": "#F6BC26"}, "geometry": {"type": "LineString", "coordinates": [[-73.980353, 40.603923], [-73.981848, 40.611815]]}}, {"type": "Feature", "properties": {"route": "W", "direction": 0, "color": "#F6BC26"}, "geometry": {"type": "LineString", "coordinates": [[-73.979137, 40.597473], [-73.980353, 40.603923]]}}, {"type": "Feature", "properties": {"route": "W", "direction": 0, "color": "#F6BC26"}, "geometry": {"type": "LineString", "coordinates": [[-73.97823, 40.592721], [-73.979137, 40.597473]]}}, {"type": "Feature", "properties": {"route": "W", "direction": 0, "color": "#F6BC26"}, "geometry": {"type": "LineString", "coordinates": [[-73.917843, 40.770258], [-73.912034, 40.775036]]}}, {"type": "Feature", "properties": {"route": "W", "direction": 0, "color": "#F6BC26"}, "geometry": {"type": "LineString", "coordinates": [[-73.921479, 40.766779], [-73.917843, 40.770258]]}}, {"type": "Feature", "properties": {"route": "W", "direction": 0, "color": "#F6BC26"}, "geometry": {"type": "LineString", "coordinates": [[-73.925508, 40.76182], [-73.921479, 40.766779]]}}, {"type": "Feature", "properties": {"route": "W", "direction": 0, "color": "#F6BC26"}, "geometry": {"type": "LineString", "coordinates": [[-73.929575, 40.756804], [-73.925508, 40.76182]]}}, {"type": "Feature", "properties": {"route": "W", "direction": 0, "color": "#F6BC26"}, "geometry": {"type": "LineString", "coordinates": [[-73.932755, 40.752882], [-73.929575, 40.756804]]}}, {"type": "Feature", "properties": {"route": "W", "direction": 0, "color": "#F6BC26"}, "geometry": {"type": "LineString", "coordinates": [[-73.940202, 40.750582], [-73.932755, 40.752882]]}}, {"type": "Feature", "properties": {"route": "W", "direction": 0, "color": "#F6BC26"}, "geometry": {"type": "LineString", "coordinates": [[-73.967258, 40.76266], [-73.940202, 40.750582]]}}, {"type": "Feature", "properties": {"route": "W", "direction": 0, "color": "#F6BC26"}, "geometry": {"type": "LineString", "coordinates": [[-73.973347, 40.764811], [-73.967258, 40.76266]]}}, {"type": "Feature", "properties": {"route": "W", "direction": 0, "color": "#F6BC26"}, "geometry": {"type": "LineString", "coordinates": [[-73.980658, 40.764664], [-73.973347, 40.764811]]}}, {"type": "Feature", "properties": {"route": "W", "direction": 0, "color": "#F6BC26"}, "geometry": {"type": "LineString", "coordinates": [[-73.984139, 40.759901], [-73.980658, 40.764664]]}}, {"type": "Feature", "properties": {"route": "W", "direction": 0, "color": "#F6BC26"}, "geometry": {"type": "LineString", "coordinates": [[-73.986754, 40.754672], [-73.984139, 40.759901]]}}, {"type": "Feature", "properties": {"route": "W", "direction": 0, "color": "#F6BC26"}, "geometry": {"type": "LineString", "coordinates": [[-73.98795, 40.749567], [-73.986754, 40.754672]]}}, {"type": "Feature", "properties": {"route": "W", "direction": 0, "color": "#F6BC26"}, "geometry": {"type": "LineString", "coordinates": [[-73.988691, 40.745494], [-73.98795, 40.749567]]}}, {"type": "Feature", "properties": {"route": "W", "direction": 0, "color": "#F6BC26"}, "geometry": {"type": "LineString", "coordinates": [[-73.989344, 40.741303], [-73.988691, 40.745494]]}}, {"type": "Feature", "properties": {"route": "W", "direction": 0, "color": "#F6BC26"}, "geometry": {"type": "LineString", "coordinates": [[-73.990568, 40.735736], [-73.989344, 40.741303]]}}, {"type": "Feature", "properties": {"route": "W", "direction": 0, "color": "#F6BC26"}, "geometry": {"type": "LineString", "coordinates": [[-73.992629, 40.730328], [-73.990568, 40.735736]]}}, {"type": "Feature", "properties": {"route": "W", "direction": 0, "color": "#F6BC26"}, "geometry": {"type": "LineString", "coordinates": [[-73.997702, 40.724329], [-73.992629, 40.730328]]}}, {"type": "Feature", "properties": {"route": "W", "direction": 0, "color": "#F6BC26"}, "geometry": {"type": "LineString", "coordinates": [[-74.001775, 40.719527], [-73.997702, 40.724329]]}}, {"type": "Feature", "properties": {"route": "W", "direction": 0, "color": "#F6BC26"}, "geometry": {"type": "LineString", "coordinates": [[-74.006978, 40.713282], [-74.001775, 40.719527]]}}, {"type": "Feature", "properties": {"route": "W", "direction": 0, "color": "#F6BC26"}, "geometry": {"type": "LineString", "coordinates": [[-74.011029, 40.710668], [-74.006978, 40.713282]]}}, {"type": "Feature", "properties": {"route": "W", "direction": 0, "color": "#F6BC26"}, "geometry": {"type": "LineString", "coordinates": [[-74.013342, 40.70722], [-74.011029, 40.710668]]}}, {"type": "Feature", "properties": {"route": "W", "direction": 0, "color": "#F6BC26"}, "geometry": {"type": "LineString", "coordinates": [[-74.012994, 40.703087], [-74.013342, 40.70722]]}}, {"type": "Feature", "properties": {"route": "W", "direction": 0, "color": "#F6BC26"}, "geometry": {"type": "LineString", "coordinates": [[-73.991777, 40.6941], [-74.012994, 40.703087]]}}, {"type": "Feature", "properties": {"route": "W", "direction": 0, "color": "#F6BC26"}, "geometry": {"type": "LineString", "coordinates": [[-73.985942, 40.69218], [-73.991777, 40.6941]]}}, {"type": "Feature", "properties": {"route": "W", "direction": 0, "color": "#F6BC26"}, "geometry": {"type": "LineString", "coordinates": [[-73.981824, 40.690635], [-73.985942, 40.69218]]}}, {"type": "Feature", "properties": {"route": "W", "direction": 0, "color": "#F6BC26"}, "geometry": {"type": "LineString", "coordinates": [[-73.97881, 40.683666], [-73.981824, 40.690635]]}}, {"type": "Feature", "properties": {"route": "W", "direction": 0, "color": "#F6BC26"}, "geometry": {"type": "LineString", "coordinates": [[-73.98311, 40.677316], [-73.97881, 40.683666]]}}, {"type": "Feature", "properties": {"route": "W", "direction": 0, "color": "#F6BC26"}, "geometry": {"type": "LineString", "coordinates": [[-73.988302, 40.670847], [-73.98311, 40.677316]]}}, {"type": "Feature", "properties": {"route": "W", "direction": 0, "color": "#F6BC26"}, "geometry": {"type": "LineString", "coordinates": [[-73.992872, 40.665414], [-73.988302, 40.670847]]}}, {"type": "Feature", "properties": {"route": "W", "direction": 0, "color": "#F6BC26"}, "geometry": {"type": "LineString", "coordinates": [[-73.998091, 40.660397], [-73.992872, 40.665414]]}}, {"type": "Feature", "properties": {"route": "W", "direction": 0, "color": "#F6BC26"}, "geometry": {"type": "LineString", "coordinates": [[-74.003549, 40.655144], [-73.998091, 40.660397]]}}, {"type": "Feature", "properties": {"route": "W", "direction": 0, "color": "#F6BC26"}, "geometry": {"type": "LineString", "coordinates": [[-74.010006, 40.648939], [-74.003549, 40.655144]]}}, {"type": "Feature", "properties": {"route": "W", "direction": 0, "color": "#F6BC26"}, "geometry": {"type": "LineString", "coordinates": [[-74.014034, 40.645069], [-74.010006, 40.648939]]}}, {"type": "Feature", "properties": {"route": "W", "direction": 0, "color": "#F6BC26"}, "geometry": {"type": "LineString", "coordinates": [[-74.017881, 40.641362], [-74.014034, 40.645069]]}}, {"type": "Feature", "properties": {"route": "W", "direction": 1, "color": "#F6BC26"}, "geometry": {"type": "LineString", "coordinates": [[-73.994324, 40.646292], [-73.996895, 40.626472]]}}, {"type": "Feature", "properties": {"route": "W", "direction": 1, "color": "#F6BC26"}, "geometry": {"type": "LineString", "coordinates": [[-73.996895, 40.626472], [-73.993728, 40.601875]]}}, {"type": "Feature", "properties": {"route": "W", "direction": 1, "color": "#F6BC26"}, "geometry": {"type": "LineString", "coordinates": [[-73.912034, 40.775036], [-73.917843, 40.770258]]}}, {"type": "Feature", "properties": {"route": "W", "direction": 1, "color": "#F6BC26"}, "geometry": {"type": "LineString", "coordinates": [[-73.917843, 40.770258], [-73.921479, 40.766779]]}}, {"type": "Feature", "properties": {"route": "W", "direction": 1, "color": "#F6BC26"}, "geometry": {"type": "LineString", "coordinates": [[-73.921479, 40.766779], [-73.925508, 40.76182]]}}, {"type": "Feature", "properties": {"route": "W", "direction": 1, "color": "#F6BC26"}, "geometry": {"type": "LineString", "coordinates": [[-73.925508, 40.76182], [-73.929575, 40.756804]]}}, {"type": "Feature", "properties": {"route": "W", "direction": 1, "color": "#F6BC26"}, "geometry": {"type": "LineString", "coordinates": [[-73.929575, 40.756804], [-73.932755, 40.752882]]}}, {"type": "Feature", "properties": {"route": "W", "direction": 1, "color": "#F6BC26"}, "geometry": {"type": "LineString", "coordinates": [[-73.932755, 40.752882], [-73.940202, 40.750582]]}}, {"type": "Feature", "properties": {"route": "W", "direction": 1, "color": "#F6BC26"}, "geometry": {"type": "LineString", "coordinates": [[-73.940202, 40.750582], [-73.967258, 40.76266]]}}, {"type": "Feature", "properties": {"route": "W", "direction": 1, "color": "#F6BC26"}, "geometry": {"type": "LineString", "coordinates": [[-73.967258, 40.76266], [-73.973347, 40.764811]]}}, {"type": "Feature", "properties": {"route": "W", "direction": 1, "color": "#F6BC26"}, "geometry": {"type": "LineString", "coordinates": [[-73.973347, 40.764811], [-73.980658, 40.764664]]}}, {"type": "Feature", "properties": {"route": "W", "direction": 1, "color": "#F6BC26"}, "geometry": {"type": "LineString", "coordinates": [[-73.980658, 40.764664], [-73.984139, 40.759901]]}}, {"type": "Feature", "properties": {"route": "W", "direction": 1, "color": "#F6BC26"}, "geometry": {"type": "LineString", "coordinates": [[-73.984139, 40.759901], [-73.986754, 40.754672]]}}, {"type": "Feature", "properties": {"route": "W", "direction": 1, "color": "#F6BC26"}, "geometry": {"type": "LineString", "coordinates": [[-73.986754, 40.754672], [-73.98795, 40.749567]]}}, {"type": "Feature", "properties": {"route": "W", "direction": 1, "color": "#F6BC26"}, "geometry": {"type": "LineString", "coordinates": [[-73.98795, 40.749567], [-73.988691, 40.745494]]}}, {"type": "Feature", "properties": {"route": "W", "direction": 1, "color": "#F6BC26"}, "geometry": {"type": "LineString", "coordinates": [[-73.988691, 40.745494], [-73.989344, 40.741303]]}}, {"type": "Feature", "properties": {"route": "W", "direction": 1, "color": "#F6BC26"}, "geometry": {"type": "LineString", "coordinates": [[-73.989344, 40.741303], [-73.990568, 40.735736]]}}, {"type": "Feature", "properties": {"route": "W", "direction": 1, "color": "#F6BC26"}, "geometry": {"type": "LineString", "coordinates": [[-73.990568, 40.735736], [-73.992629, 40.730328]]}}, {"type": "Feature", "properties": {"route": "W", "direction": 1, "color": "#F6BC26"}, "geometry": {"type": "LineString", "coordinates": [[-73.992629, 40.730328], [-73.997702, 40.724329]]}}, {"type": "Feature", "properties": {"route": "W", "direction": 1, "color": "#F6BC26"}, "geometry": {"type": "LineString", "coordinates": [[-73.997702, 40.724329], [-74.001775, 40.719527]]}}, {"type": "Feature", "properties": {"route": "W", "direction": 1, "color": "#F6BC26"}, "geometry": {"type": "LineString", "coordinates": [[-74.001775, 40.719527], [-74.006978, 40.713282]]}}, {"type": "Feature", "properties": {"route": "W", "direction": 1, "color": "#F6BC26"}, "geometry": {"type": "LineString", "coordinates": [[-74.006978, 40.713282], [-74.011029, 40.710668]]}}, {"type": "Feature", "properties": {"route": "W", "direction": 1, "color": "#F6BC26"}, "geometry": {"type": "LineString", "coordinates": [[-74.011029, 40.710668], [-74.013342, 40.70722]]}}, {"type": "Feature", "properties": {"route": "W", "direction": 1, "color": "#F6BC26"}, "geometry": {"type": "LineString", "coordinates": [[-74.013342, 40.70722], [-74.012994, 40.703087]]}}, {"type": "Feature", "properties": {"route": "W", "direction": 1, "color": "#F6BC26"}, "geometry": {"type": "LineString", "coordinates": [[-74.012994, 40.703087], [-73.991777, 40.6941]]}}, {"type": "Feature", "properties": {"route": "W", "direction": 1, "color": "#F6BC26"}, "geometry": {"type": "LineString", "coordinates": [[-73.991777, 40.6941], [-73.985942, 40.69218]]}}, {"type": "Feature", "properties": {"route": "W", "direction": 1, "color": "#F6BC26"}, "geometry": {"type": "LineString", "coordinates": [[-73.985942, 40.69218], [-73.981824, 40.690635]]}}, {"type": "Feature", "properties": {"route": "W", "direction": 1, "color": "#F6BC26"}, "geometry": {"type": "LineString", "coordinates": [[-73.981824, 40.690635], [-73.97881, 40.683666]]}}, {"type": "Feature", "properties": {"route": "W", "direction": 1, "color": "#F6BC26"}, "geometry": {"type": "LineString", "coordinates": [[-73.97881, 40.683666], [-73.98311, 40.677316]]}}, {"type": "Feature", "properties": {"route": "W", "direction": 1, "color": "#F6BC26"}, "geometry": {"type": "LineString", "coordinates": [[-73.98311, 40.677316], [-73.988302, 40.670847]]}}, {"type": "Feature", "properties": {"route": "W", "direction": 1, "color": "#F6BC26"}, "geometry": {"type": "LineString", "coordinates": [[-73.988302, 40.670847], [-73.992872, 40.665414]]}}, {"type": "Feature", "properties": {"route": "W", "direction": 1, "color": "#F6BC26"}, "geometry": {"type": "LineString", "coordinates": [[-73.992872, 40.665414], [-73.998091, 40.660397]]}}, {"type": "Feature", "properties": {"route": "W", "direction": 1, "color": "#F6BC26"}, "geometry": {"type": "LineString", "coordinates": [[-73.998091, 40.660397], [-74.003549, 40.655144]]}}, {"type": "Feature", "properties": {"route": "W", "direction": 1, "color": "#F6BC26"}, "geometry": {"type": "LineString", "coordinates": [[-74.003549, 40.655144], [-73.994324, 40.646292]]}}, {"type": "Feature", "properties": {"route": "Z", "direction": 1, "color": "#8E5C33"}, "geometry": {"type": "LineString", "coordinates": [[-73.801109, 40.702147], [-73.807969, 40.700486]]}}, {"type": "Feature", "properties": {"route": "Z", "direction": 1, "color": "#8E5C33"}, "geometry": {"type": "LineString", "coordinates": [[-73.807969, 40.700486], [-73.828294, 40.700492]]}}, {"type": "Feature", "properties": {"route": "Z", "direction": 1, "color": "#8E5C33"}, "geometry": {"type": "LineString", "coordinates": [[-73.828294, 40.700492], [-73.84433, 40.695178]]}}, {"type": "Feature", "properties": {"route": "Z", "direction": 1, "color": "#8E5C33"}, "geometry": {"type": "LineString", "coordinates": [[-73.84433, 40.695178], [-73.851576, 40.693879]]}}, {"type": "Feature", "properties": {"route": "Z", "direction": 1, "color": "#8E5C33"}, "geometry": {"type": "LineString", "coordinates": [[-73.851576, 40.693879], [-73.867139, 40.691324]]}}, {"type": "Feature", "properties": {"route": "Z", "direction": 1, "color": "#8E5C33"}, "geometry": {"type": "LineString", "coordinates": [[-73.867139, 40.691324], [-73.873785, 40.683194]]}}, {"type": "Feature", "properties": {"route": "Z", "direction": 1, "color": "#8E5C33"}, "geometry": {"type": "LineString", "coordinates": [[-73.873785, 40.683194], [-73.880039, 40.68141]]}}, {"type": "Feature", "properties": {"route": "Z", "direction": 1, "color": "#8E5C33"}, "geometry": {"type": "LineString", "coordinates": [[-73.880039, 40.68141], [-73.891688, 40.678024]]}}, {"type": "Feature", "properties": {"route": "Z", "direction": 1, "color": "#8E5C33"}, "geometry": {"type": "LineString", "coordinates": [[-73.891688, 40.678024], [-73.898654, 40.676992]]}}, {"type": "Feature", "properties": {"route": "Z", "direction": 1, "color": "#8E5C33"}, "geometry": {"type": "LineString", "coordinates": [[-73.898654, 40.676992], [-73.904512, 40.679498]]}}, {"type": "Feature", "properties": {"route": "Z", "direction": 1, "color": "#8E5C33"}, "geometry": {"type": "LineString", "coordinates": [[-73.904512, 40.679498], [-73.910456, 40.682893]]}}, {"type": "Feature", "properties": {"route": "Z", "direction": 1, "color": "#8E5C33"}, "geometry": {"type": "LineString", "coordinates": [[-73.910456, 40.682893], [-73.92227, 40.68963]]}}, {"type": "Feature", "properties": {"route": "Z", "direction": 1, "color": "#8E5C33"}, "geometry": {"type": "LineString", "coordinates": [[-73.92227, 40.68963], [-73.935657, 40.697207]]}}, {"type": "Feature", "properties": {"route": "Z", "direction": 1, "color": "#8E5C33"}, "geometry": {"type": "LineString", "coordinates": [[-73.935657, 40.697207], [-73.957757, 40.708359]]}}, {"type": "Feature", "properties": {"route": "Z", "direction": 1, "color": "#8E5C33"}, "geometry": {"type": "LineString", "coordinates": [[-73.957757, 40.708359], [-73.987437, 40.718315]]}}, {"type": "Feature", "properties": {"route": "Z", "direction": 1, "color": "#8E5C33"}, "geometry": {"type": "LineString", "coordinates": [[-73.987437, 40.718315], [-73.993915, 40.72028]]}}, {"type": "Feature", "properties": {"route": "Z", "direction": 1, "color": "#8E5C33"}, "geometry": {"type": "LineString", "coordinates": [[-73.993915, 40.72028], [-73.999892, 40.718092]]}}, {"type": "Feature", "properties": {"route": "Z", "direction": 1, "color": "#8E5C33"}, "geometry": {"type": "LineString", "coordinates": [[-73.999892, 40.718092], [-74.003401, 40.713243]]}}, {"type": "Feature", "properties": {"route": "Z", "direction": 1, "color": "#8E5C33"}, "geometry": {"type": "LineString", "coordinates": [[-74.003401, 40.713243], [-74.007582, 40.710374]]}}, {"type": "Feature", "properties": {"route": "Z", "direction": 1, "color": "#8E5C33"}, "geometry": {"type": "LineString", "coordinates": [[-74.007582, 40.710374], [-74.011056, 40.706476]]}}, {"type": "Feature", "properties": {"route": "6", "direction": 1, "color": "#009952"}, "geometry": {"type": "LineString", "coordinates": [[-73.828121, 40.852462], [-73.832569, 40.84681]]}}, {"type": "Feature", "properties": {"route": "6", "direction": 1, "color": "#009952"}, "geometry": {"type": "LineString", "coordinates": [[-73.832569, 40.84681], [-73.836322, 40.843863]]}}, {"type": "Feature", "properties": {"route": "6", "direction": 1, "color": "#009952"}, "geometry": {"type": "LineString", "coordinates": [[-73.836322, 40.843863], [-73.842952, 40.839892]]}}, {"type": "Feature", "properties": {"route": "6", "direction": 1, "color": "#009952"}, "geometry": {"type": "LineString", "coordinates": [[-73.842952, 40.839892], [-73.847036, 40.836488]]}}, {"type": "Feature", "properties": {"route": "6", "direction": 1, "color": "#009952"}, "geometry": {"type": "LineString", "coordinates": [[-73.847036, 40.836488], [-73.851222, 40.834255]]}}, {"type": "Feature", "properties": {"route": "6", "direction": 1, "color": "#009952"}, "geometry": {"type": "LineString", "coordinates": [[-73.851222, 40.834255], [-73.860816, 40.833226]]}}, {"type": "Feature", "properties": {"route": "6X", "direction": 0, "color": "#009952"}, "geometry": {"type": "LineString", "coordinates": [[-73.832569, 40.84681], [-73.828121, 40.852462]]}}, {"type": "Feature", "properties": {"route": "6X", "direction": 0, "color": "#009952"}, "geometry": {"type": "LineString", "coordinates": [[-73.836322, 40.843863], [-73.832569, 40.84681]]}}, {"type": "Feature", "properties": {"route": "6X", "direction": 0, "color": "#009952"}, "geometry": {"type": "LineString", "coordinates": [[-73.842952, 40.839892], [-73.836322, 40.843863]]}}, {"type": "Feature", "properties": {"route": "6X", "direction": 0, "color": "#009952"}, "geometry": {"type": "LineString", "coordinates": [[-73.847036, 40.836488], [-73.842952, 40.839892]]}}, {"type": "Feature", "properties": {"route": "6X", "direction": 0, "color": "#009952"}, "geometry": {"type": "LineString", "coordinates": [[-73.851222, 40.834255], [-73.847036, 40.836488]]}}, {"type": "Feature", "properties": {"route": "6X", "direction": 0, "color": "#009952"}, "geometry": {"type": "LineString", "coordinates": [[-73.860816, 40.833226], [-73.851222, 40.834255]]}}, {"type": "Feature", "properties": {"route": "6X", "direction": 0, "color": "#009952"}, "geometry": {"type": "LineString", "coordinates": [[-73.890549, 40.820948], [-73.860816, 40.833226]]}}, {"type": "Feature", "properties": {"route": "6X", "direction": 0, "color": "#009952"}, "geometry": {"type": "LineString", "coordinates": [[-73.926138, 40.810476], [-73.890549, 40.820948]]}}, {"type": "Feature", "properties": {"route": "6X", "direction": 0, "color": "#009952"}, "geometry": {"type": "LineString", "coordinates": [[-73.937594, 40.804138], [-73.926138, 40.810476]]}}, {"type": "Feature", "properties": {"route": "6X", "direction": 0, "color": "#009952"}, "geometry": {"type": "LineString", "coordinates": [[-73.941617, 40.798629], [-73.937594, 40.804138]]}}, {"type": "Feature", "properties": {"route": "6X", "direction": 0, "color": "#009952"}, "geometry": {"type": "LineString", "coordinates": [[-73.94425, 40.79502], [-73.941617, 40.798629]]}}, {"type": "Feature", "properties": {"route": "6X", "direction": 0, "color": "#009952"}, "geometry": {"type": "LineString", "coordinates": [[-73.947478, 40.7906], [-73.94425, 40.79502]]}}, {"type": "Feature", "properties": {"route": "6X", "direction": 0, "color": "#009952"}, "geometry": {"type": "LineString", "coordinates": [[-73.95107, 40.785672], [-73.947478, 40.7906]]}}, {"type": "Feature", "properties": {"route": "6X", "direction": 0, "color": "#009952"}, "geometry": {"type": "LineString", "coordinates": [[-73.955589, 40.779492], [-73.95107, 40.785672]]}}, {"type": "Feature", "properties": {"route": "6X", "direction": 0, "color": "#009952"}, "geometry": {"type": "LineString", "coordinates": [[-73.959874, 40.77362], [-73.955589, 40.779492]]}}, {"type": "Feature", "properties": {"route": "6X", "direction": 0, "color": "#009952"}, "geometry": {"type": "LineString", "coordinates": [[-73.96387, 40.768141], [-73.959874, 40.77362]]}}, {"type": "Feature", "properties": {"route": "6X", "direction": 0, "color": "#009952"}, "geometry": {"type": "LineString", "coordinates": [[-73.967967, 40.762526], [-73.96387, 40.768141]]}}, {"type": "Feature", "properties": {"route": "6X", "direction": 0, "color": "#009952"}, "geometry": {"type": "LineString", "coordinates": [[-73.97192, 40.757107], [-73.967967, 40.762526]]}}, {"type": "Feature", "properties": {"route": "6X", "direction": 0, "color": "#009952"}, "geometry": {"type": "LineString", "coordinates": [[-73.976848, 40.751776], [-73.97192, 40.757107]]}}, {"type": "Feature", "properties": {"route": "6X", "direction": 0, "color": "#009952"}, "geometry": {"type": "LineString", "coordinates": [[-73.982076, 40.746081], [-73.976848, 40.751776]]}}, {"type": "Feature", "properties": {"route": "6X", "direction": 0, "color": "#009952"}, "geometry": {"type": "LineString", "coordinates": [[-73.984264, 40.74307], [-73.982076, 40.746081]]}}, {"type": "Feature", "properties": {"route": "6X", "direction": 0, "color": "#009952"}, "geometry": {"type": "LineString", "coordinates": [[-73.986599, 40.739864], [-73.984264, 40.74307]]}}, {"type": "Feature", "properties": {"route": "6X", "direction": 0, "color": "#009952"}, "geometry": {"type": "LineString", "coordinates": [[-73.989951, 40.734673], [-73.986599, 40.739864]]}}, {"type": "Feature", "properties": {"route": "6X", "direction": 0, "color": "#009952"}, "geometry": {"type": "LineString", "coordinates": [[-73.99107, 40.730054], [-73.989951, 40.734673]]}}, {"type": "Feature", "properties": {"route": "6X", "direction": 0, "color": "#009952"}, "geometry": {"type": "LineString", "coordinates": [[-73.994659, 40.725915], [-73.99107, 40.730054]]}}, {"type": "Feature", "properties": {"route": "6X", "direction": 0, "color": "#009952"}, "geometry": {"type": "LineString", "coordinates": [[-73.997141, 40.722301], [-73.994659, 40.725915]]}}, {"type": "Feature", "properties": {"route": "6X", "direction": 0, "color": "#009952"}, "geometry": {"type": "LineString", "coordinates": [[-74.000193, 40.718803], [-73.997141, 40.722301]]}}, {"type": "Feature", "properties": {"route": "6X", "direction": 0, "color": "#009952"}, "geometry": {"type": "LineString", "coordinates": [[-74.004131, 40.713065], [-74.000193, 40.718803]]}}, {"type": "Feature", "properties": {"route": "J", "direction": 0, "color": "#8E5C33"}, "geometry": {"type": "LineString", "coordinates": [[-73.957757, 40.708359], [-73.935657, 40.697207]]}}, {"type": "Feature", "properties": {"route": "E", "direction": 1, "color": "#0062CF"}, "geometry": {"type": "LineString", "coordinates": [[-73.820574, 40.709179], [-73.831008, 40.714441]]}}, {"type": "Feature", "properties": {"route": "E", "direction": 1, "color": "#0062CF"}, "geometry": {"type": "LineString", "coordinates": [[-73.831008, 40.714441], [-73.837324, 40.718331]]}}, {"type": "Feature", "properties": {"route": "E", "direction": 1, "color": "#0062CF"}, "geometry": {"type": "LineString", "coordinates": [[-73.837324, 40.718331], [-73.844521, 40.721691]]}}, {"type": "Feature", "properties": {"route": "E", "direction": 1, "color": "#0062CF"}, "geometry": {"type": "LineString", "coordinates": [[-73.816859, 40.702566], [-73.820574, 40.709179]]}}, {"type": "Feature", "properties": {"route": "F", "direction": 0, "color": "#EB6800"}, "geometry": {"type": "LineString", "coordinates": [[-73.942836, 40.754203], [-73.891338, 40.746644]]}}, {"type": "Feature", "properties": {"route": "F", "direction": 0, "color": "#EB6800"}, "geometry": {"type": "LineString", "coordinates": [[-73.95326, 40.759145], [-73.942836, 40.754203]]}}, {"type": "Feature", "properties": {"route": "F", "direction": 0, "color": "#EB6800"}, "geometry": {"type": "LineString", "coordinates": [[-73.966113, 40.764629], [-73.95326, 40.759145]]}}, {"type": "Feature", "properties": {"route": "F", "direction": 0, "color": "#EB6800"}, "geometry": {"type": "LineString", "coordinates": [[-73.97745, 40.763972], [-73.966113, 40.764629]]}}, {"type": "Feature", "properties": {"route": "F", "direction": 0, "color": "#EB6800"}, "geometry": {"type": "LineString", "coordinates": [[-73.981329, 40.758663], [-73.97745, 40.763972]]}}, {"type": "Feature", "properties": {"route": "F", "direction": 1, "color": "#EB6800"}, "geometry": {"type": "LineString", "coordinates": [[-73.942836, 40.754203], [-73.95326, 40.759145]]}}, {"type": "Feature", "properties": {"route": "F", "direction": 1, "color": "#EB6800"}, "geometry": {"type": "LineString", "coordinates": [[-73.95326, 40.759145], [-73.966113, 40.764629]]}}, {"type": "Feature", "properties": {"route": "F", "direction": 1, "color": "#EB6800"}, "geometry": {"type": "LineString", "coordinates": [[-73.966113, 40.764629], [-73.97745, 40.763972]]}}, {"type": "Feature", "properties": {"route": "F", "direction": 1, "color": "#EB6800"}, "geometry": {"type": "LineString", "coordinates": [[-73.97745, 40.763972], [-73.981329, 40.758663]]}}, {"type": "Feature", "properties": {"route": "F", "direction": 1, "color": "#EB6800"}, "geometry": {"type": "LineString", "coordinates": [[-73.891338, 40.746644], [-73.942836, 40.754203]]}}, {"type": "Feature", "properties": {"route": "H", "direction": 0, "color": "#7C858C"}, "geometry": {"type": "LineString", "coordinates": [[-73.835919, 40.672097], [-73.843853, 40.680429]]}}, {"type": "Feature", "properties": {"route": "H", "direction": 0, "color": "#7C858C"}, "geometry": {"type": "LineString", "coordinates": [[-73.834058, 40.668234], [-73.835919, 40.672097]]}}, {"type": "Feature", "properties": {"route": "H", "direction": 0, "color": "#7C858C"}, "geometry": {"type": "LineString", "coordinates": [[-73.830301, 40.660476], [-73.834058, 40.668234]]}}, {"type": "Feature", "properties": {"route": "H", "direction": 0, "color": "#7C858C"}, "geometry": {"type": "LineString", "coordinates": [[-73.815925, 40.608382], [-73.830301, 40.660476]]}}, {"type": "Feature", "properties": {"route": "H", "direction": 1, "color": "#7C858C"}, "geometry": {"type": "LineString", "coordinates": [[-73.843853, 40.680429], [-73.834058, 40.668234]]}}, {"type": "Feature", "properties": {"route": "H", "direction": 1, "color": "#7C858C"}, "geometry": {"type": "LineString", "coordinates": [[-73.834058, 40.668234], [-73.830301, 40.660476]]}}, {"type": "Feature", "properties": {"route": "H", "direction": 1, "color": "#7C858C"}, "geometry": {"type": "LineString", "coordinates": [[-73.830301, 40.660476], [-73.815925, 40.608382]]}}, {"type": "Feature", "properties": {"route": "N", "direction": 0, "color": "#F6BC26"}, "geometry": {"type": "LineString", "coordinates": [[-74.00046, 40.718383], [-73.997702, 40.724329]]}}, {"type": "Feature", "properties": {"route": "N", "direction": 0, "color": "#F6BC26"}, "geometry": {"type": "LineString", "coordinates": [[-73.988691, 40.745494], [-73.98795, 40.749567]]}}, {"type": "Feature", "properties": {"route": "N", "direction": 0, "color": "#F6BC26"}, "geometry": {"type": "LineString", "coordinates": [[-73.989344, 40.741303], [-73.988691, 40.745494]]}}, {"type": "Feature", "properties": {"route": "N", "direction": 0, "color": "#F6BC26"}, "geometry": {"type": "LineString", "coordinates": [[-73.990568, 40.735736], [-73.989344, 40.741303]]}}, {"type": "Feature", "properties": {"route": "N", "direction": 0, "color": "#F6BC26"}, "geometry": {"type": "LineString", "coordinates": [[-73.992629, 40.730328], [-73.990568, 40.735736]]}}, {"type": "Feature", "properties": {"route": "N", "direction": 0, "color": "#F6BC26"}, "geometry": {"type": "LineString", "coordinates": [[-73.997702, 40.724329], [-73.992629, 40.730328]]}}, {"type": "Feature", "properties": {"route": "N", "direction": 1, "color": "#F6BC26"}, "geometry": {"type": "LineString", "coordinates": [[-73.98795, 40.749567], [-73.988691, 40.745494]]}}, {"type": "Feature", "properties": {"route": "N", "direction": 1, "color": "#F6BC26"}, "geometry": {"type": "LineString", "coordinates": [[-73.988691, 40.745494], [-73.989344, 40.741303]]}}, {"type": "Feature", "properties": {"route": "N", "direction": 1, "color": "#F6BC26"}, "geometry": {"type": "LineString", "coordinates": [[-73.989344, 40.741303], [-73.990568, 40.735736]]}}, {"type": "Feature", "properties": {"route": "N", "direction": 1, "color": "#F6BC26"}, "geometry": {"type": "LineString", "coordinates": [[-73.990568, 40.735736], [-73.992629, 40.730328]]}}, {"type": "Feature", "properties": {"route": "N", "direction": 1, "color": "#F6BC26"}, "geometry": {"type": "LineString", "coordinates": [[-73.992629, 40.730328], [-73.997702, 40.724329]]}}, {"type": "Feature", "properties": {"route": "N", "direction": 1, "color": "#F6BC26"}, "geometry": {"type": "LineString", "coordinates": [[-73.997702, 40.724329], [-74.00046, 40.718383]]}}]}