shop_name,lng,lat,address,module,time
田老师红烧肉（中关村物美店）,116.31118192168124,39.98186298059522,中关村,拼好饭,中午
汉堡王(北京融科资讯30354店),116.32019349728547,39.98162781534477,中关村,拼好饭,中午
瑞幸咖啡(中关村科贸电子城店),116.31096036645124,39.98224638083349,中关村,拼好饭,中午
桃园煲仔饭（五道口店）,116.32761176886169,39.98678735313112,中关村,拼好饭,中午
汉堡王（五道口餐厅19195店）,116.32783369950502,39.991204744642985,中关村,拼好饭,中午
茶百道（人民大学店）,116.31221787017324,39.971858435613385,中关村,拼好饭,中午
袁记云饺(人大西门店),116.30065137992732,39.96687875054249,中关村,拼好饭,中午
驴火先生·新中式汉堡（第2档口-吉祥美食城店）,116.32155511477092,39.98360311508322,中关村,拼好饭,中午
沙县小吃（第2风味+北京洪火火餐饮管理有限公司）,116.3059351229033,39.97622093072224,中关村,拼好饭,中午
粤公主港式烧腊（电子大厦店）,116.30573521518878,39.9788951866402,中关村,拼好饭,中午
紫燕百味鸡（卤味·套餐饭·拌菜·中关村南路店）,116.3130769495371,39.97972649413026,中关村,拼好饭,中午
老北京炙烤牛肋条饭·炙子烤肉（铁道边第9档店）,116.33400622403472,39.986785255860944,中关村,拼好饭,中午
肘局牌隆江猪脚饭(第3档口津鑫盛美食城),116.30167923537228,39.97509961585144,中关村,拼好饭,中午
煲仔皇煲仔饭（新中关店）,116.30948427242204,39.97719534652683,中关村,拼好饭,中午
AoTigercoffee虎闻咖啡（中关村店）,116.3064582995127,39.981754749964345,中关村,拼好饭,中午
汉堡王（五道口餐厅19195店）,116.32783369950502,39.991204744642985,中关村,拼好饭,中午
南城香·饭香串香馄饨香（中关村南路店）,116.31279760680538,39.97949303213057,中关村,拼好饭,中午
袁记云饺(科学院南路店),116.31938179621484,39.97028183454107,中关村,拼好饭,中午
田老师红烧肉（中关村物美店）,116.31118192168124,39.98186298059522,中关村,拼好饭,中午
汉堡王(北京融科资讯30354店),116.32019349728547,39.98162781534477,中关村,拼好饭,中午
瑞幸咖啡(中关村科贸电子城店),116.31096036645124,39.98224638083349,中关村,拼好饭,中午
桃园煲仔饭（五道口店）,116.32761176886169,39.98678735313112,中关村,拼好饭,中午
汉堡王（五道口餐厅19195店）,116.32783369950502,39.991204744642985,中关村,拼好饭,中午
茶百道（人民大学店）,116.31221787017324,39.971858435613385,中关村,拼好饭,中午
袁记云饺(人大西门店),116.30065137992732,39.96687875054249,中关村,拼好饭,中午
驴火先生·新中式汉堡（第2档口-吉祥美食城店）,116.32155511477092,39.98360311508322,中关村,拼好饭,中午
沙县小吃（第2风味+北京洪火火餐饮管理有限公司）,116.3059351229033,39.97622093072224,中关村,拼好饭,中午
粤公主港式烧腊（电子大厦店）,116.30573521518878,39.9788951866402,中关村,拼好饭,中午
紫燕百味鸡（卤味·套餐饭·拌菜·中关村南路店）,116.3130769495371,39.97972649413026,中关村,拼好饭,中午
老北京炙烤牛肋条饭·炙子烤肉（铁道边第9档店）,116.33400622403472,39.986785255860944,中关村,拼好饭,中午
肘局牌隆江猪脚饭(第3档口津鑫盛美食城),116.30167923537228,39.97509961585144,中关村,拼好饭,中午
煲仔皇煲仔饭（新中关店）,116.30948427242204,39.97719534652683,中关村,拼好饭,中午
AoTigercoffee虎闻咖啡（中关村店）,116.3064582995127,39.981754749964345,中关村,拼好饭,中午
汉堡王（五道口餐厅19195店）,116.32783369950502,39.991204744642985,中关村,拼好饭,中午
南城香·饭香串香馄饨香（中关村南路店）,116.31279760680538,39.97949303213057,中关村,拼好饭,中午
袁记云饺(科学院南路店),116.31938179621484,39.97028183454107,中关村,拼好饭,中午
田老师红烧肉（中关村物美店）,116.31118192168124,39.98186298059522,中关村,拼好饭,中午
汉堡王(北京融科资讯30354店),116.32019349728547,39.98162781534477,中关村,拼好饭,中午
瑞幸咖啡(中关村科贸电子城店),116.31096036645124,39.98224638083349,中关村,拼好饭,中午
桃园煲仔饭（五道口店）,116.32761176886169,39.98678735313112,中关村,拼好饭,中午
汉堡王（五道口餐厅19195店）,116.32783369950502,39.991204744642985,中关村,拼好饭,中午
茶百道（人民大学店）,116.31221787017324,39.971858435613385,中关村,拼好饭,中午
袁记云饺(人大西门店),116.30065137992732,39.96687875054249,中关村,拼好饭,中午
驴火先生·新中式汉堡（第2档口-吉祥美食城店）,116.32155511477092,39.98360311508322,中关村,拼好饭,中午
沙县小吃（第2风味+北京洪火火餐饮管理有限公司）,116.3059351229033,39.97622093072224,中关村,拼好饭,中午
粤公主港式烧腊（电子大厦店）,116.30573521518878,39.9788951866402,中关村,拼好饭,中午
紫燕百味鸡（卤味·套餐饭·拌菜·中关村南路店）,116.3130769495371,39.97972649413026,中关村,拼好饭,中午
老北京炙烤牛肋条饭·炙子烤肉（铁道边第9档店）,116.33400622403472,39.986785255860944,中关村,拼好饭,中午
肘局牌隆江猪脚饭(第3档口津鑫盛美食城),116.30167923537228,39.97509961585144,中关村,拼好饭,中午
煲仔皇煲仔饭（新中关店）,116.30948427242204,39.97719534652683,中关村,拼好饭,中午
AoTigercoffee虎闻咖啡（中关村店）,116.3064582995127,39.981754749964345,中关村,拼好饭,中午
汉堡王（五道口餐厅19195店）,116.32783369950502,39.991204744642985,中关村,拼好饭,中午
南城香·饭香串香馄饨香（中关村南路店）,116.31279760680538,39.97949303213057,中关村,拼好饭,中午
袁记云饺(科学院南路店),116.31938179621484,39.97028183454107,中关村,拼好饭,中午
田老师红烧肉（中关村物美店）,116.31118192168124,39.98186298059522,中关村,拼好饭,中午
汉堡王(北京融科资讯30354店),116.32019349728547,39.98162781534477,中关村,拼好饭,中午
瑞幸咖啡(中关村科贸电子城店),116.31096036645124,39.98224638083349,中关村,拼好饭,中午
桃园煲仔饭（五道口店）,116.32761176886169,39.98678735313112,中关村,拼好饭,中午
汉堡王（五道口餐厅19195店）,116.32783369950502,39.991204744642985,中关村,拼好饭,中午
茶百道（人民大学店）,116.31221787017324,39.971858435613385,中关村,拼好饭,中午
袁记云饺(人大西门店),116.30065137992732,39.96687875054249,中关村,拼好饭,中午
驴火先生·新中式汉堡（第2档口-吉祥美食城店）,116.32155511477092,39.98360311508322,中关村,拼好饭,中午
沙县小吃（第2风味+北京洪火火餐饮管理有限公司）,116.3059351229033,39.97622093072224,中关村,拼好饭,中午
粤公主港式烧腊（电子大厦店）,116.30573521518878,39.9788951866402,中关村,拼好饭,中午
紫燕百味鸡（卤味·套餐饭·拌菜·中关村南路店）,116.3130769495371,39.97972649413026,中关村,拼好饭,中午
老北京炙烤牛肋条饭·炙子烤肉（铁道边第9档店）,116.33400622403472,39.986785255860944,中关村,拼好饭,中午
肘局牌隆江猪脚饭(第3档口津鑫盛美食城),116.30167923537228,39.97509961585144,中关村,拼好饭,中午
煲仔皇煲仔饭（新中关店）,116.30948427242204,39.97719534652683,中关村,拼好饭,中午
AoTigercoffee虎闻咖啡（中关村店）,116.3064582995127,39.981754749964345,中关村,拼好饭,中午
汉堡王（五道口餐厅19195店）,116.32783369950502,39.991204744642985,中关村,拼好饭,中午
南城香·饭香串香馄饨香（中关村南路店）,116.31279760680538,39.97949303213057,中关村,拼好饭,中午
袁记云饺(科学院南路店),116.31938179621484,39.97028183454107,中关村,拼好饭,中午
田老师红烧肉（中关村物美店）,116.31118192168124,39.98186298059522,中关村,拼好饭,中午
汉堡王(北京融科资讯30354店),116.32019349728547,39.98162781534477,中关村,拼好饭,中午
瑞幸咖啡(中关村科贸电子城店),116.31096036645124,39.98224638083349,中关村,拼好饭,中午
桃园煲仔饭（五道口店）,116.32761176886169,39.98678735313112,中关村,拼好饭,中午
汉堡王（五道口餐厅19195店）,116.32783369950502,39.991204744642985,中关村,拼好饭,中午
茶百道（人民大学店）,116.31221787017324,39.971858435613385,中关村,拼好饭,中午
袁记云饺(人大西门店),116.30065137992732,39.96687875054249,中关村,拼好饭,中午
驴火先生·新中式汉堡（第2档口-吉祥美食城店）,116.32155511477092,39.98360311508322,中关村,拼好饭,中午
沙县小吃（第2风味+北京洪火火餐饮管理有限公司）,116.3059351229033,39.97622093072224,中关村,拼好饭,中午
粤公主港式烧腊（电子大厦店）,116.30573521518878,39.9788951866402,中关村,拼好饭,中午
紫燕百味鸡（卤味·套餐饭·拌菜·中关村南路店）,116.3130769495371,39.97972649413026,中关村,拼好饭,中午
老北京炙烤牛肋条饭·炙子烤肉（铁道边第9档店）,116.33400622403472,39.986785255860944,中关村,拼好饭,中午
肘局牌隆江猪脚饭(第3档口津鑫盛美食城),116.30167923537228,39.97509961585144,中关村,拼好饭,中午
煲仔皇煲仔饭（新中关店）,116.30948427242204,39.97719534652683,中关村,拼好饭,中午
AoTigercoffee虎闻咖啡（中关村店）,116.3064582995127,39.981754749964345,中关村,拼好饭,中午
汉堡王（五道口餐厅19195店）,116.32783369950502,39.991204744642985,中关村,拼好饭,中午
南城香·饭香串香馄饨香（中关村南路店）,116.31279760680538,39.97949303213057,中关村,拼好饭,中午
袁记云饺(科学院南路店),116.31938179621484,39.97028183454107,中关村,拼好饭,中午
田老师红烧肉（中关村物美店）,116.31118192168124,39.98186298059522,中关村,拼好饭,中午
汉堡王(北京融科资讯30354店),116.32019349728547,39.98162781534477,中关村,拼好饭,中午
瑞幸咖啡(中关村科贸电子城店),116.31096036645124,39.98224638083349,中关村,拼好饭,中午
桃园煲仔饭（五道口店）,116.32761176886169,39.98678735313112,中关村,拼好饭,中午
汉堡王（五道口餐厅19195店）,116.32783369950502,39.991204744642985,中关村,拼好饭,中午
茶百道（人民大学店）,116.31221787017324,39.971858435613385,中关村,拼好饭,中午
袁记云饺(人大西门店),116.30065137992732,39.96687875054249,中关村,拼好饭,中午
驴火先生·新中式汉堡（第2档口-吉祥美食城店）,116.32155511477092,39.98360311508322,中关村,拼好饭,中午
沙县小吃（第2风味+北京洪火火餐饮管理有限公司）,116.3059351229033,39.97622093072224,中关村,拼好饭,中午
粤公主港式烧腊（电子大厦店）,116.30573521518878,39.9788951866402,中关村,拼好饭,中午
紫燕百味鸡（卤味·套餐饭·拌菜·中关村南路店）,116.3130769495371,39.97972649413026,中关村,拼好饭,中午
老北京炙烤牛肋条饭·炙子烤肉（铁道边第9档店）,116.33400622403472,39.986785255860944,中关村,拼好饭,中午
肘局牌隆江猪脚饭(第3档口津鑫盛美食城),116.30167923537228,39.97509961585144,中关村,拼好饭,中午
煲仔皇煲仔饭（新中关店）,116.30948427242204,39.97719534652683,中关村,拼好饭,中午
AoTigercoffee虎闻咖啡（中关村店）,116.3064582995127,39.981754749964345,中关村,拼好饭,中午
汉堡王（五道口餐厅19195店）,116.32783369950502,39.991204744642985,中关村,拼好饭,中午
南城香·饭香串香馄饨香（中关村南路店）,116.31279760680538,39.97949303213057,中关村,拼好饭,中午
袁记云饺(科学院南路店),116.31938179621484,39.97028183454107,中关村,拼好饭,中午
田老师红烧肉（中关村物美店）,116.31118192168124,39.98186298059522,中关村,拼好饭,中午
汉堡王(北京融科资讯30354店),116.32019349728547,39.98162781534477,中关村,拼好饭,中午
瑞幸咖啡(中关村科贸电子城店),116.31096036645124,39.98224638083349,中关村,拼好饭,中午
桃园煲仔饭（五道口店）,116.32761176886169,39.98678735313112,中关村,拼好饭,中午
汉堡王（五道口餐厅19195店）,116.32783369950502,39.991204744642985,中关村,拼好饭,中午
茶百道（人民大学店）,116.31221787017324,39.971858435613385,中关村,拼好饭,中午
袁记云饺(人大西门店),116.30065137992732,39.96687875054249,中关村,拼好饭,中午
驴火先生·新中式汉堡（第2档口-吉祥美食城店）,116.32155511477092,39.98360311508322,中关村,拼好饭,中午
沙县小吃（第2风味+北京洪火火餐饮管理有限公司）,116.3059351229033,39.97622093072224,中关村,拼好饭,中午
粤公主港式烧腊（电子大厦店）,116.30573521518878,39.9788951866402,中关村,拼好饭,中午
紫燕百味鸡（卤味·套餐饭·拌菜·中关村南路店）,116.3130769495371,39.97972649413026,中关村,拼好饭,中午
老北京炙烤牛肋条饭·炙子烤肉（铁道边第9档店）,116.33400622403472,39.986785255860944,中关村,拼好饭,中午
肘局牌隆江猪脚饭(第3档口津鑫盛美食城),116.30167923537228,39.97509961585144,中关村,拼好饭,中午
煲仔皇煲仔饭（新中关店）,116.30948427242204,39.97719534652683,中关村,拼好饭,中午
AoTigercoffee虎闻咖啡（中关村店）,116.3064582995127,39.981754749964345,中关村,拼好饭,中午
汉堡王（五道口餐厅19195店）,116.32783369950502,39.991204744642985,中关村,拼好饭,中午
南城香·饭香串香馄饨香（中关村南路店）,116.31279760680538,39.97949303213057,中关村,拼好饭,中午
袁记云饺(科学院南路店),116.31938179621484,39.97028183454107,中关村,拼好饭,中午
田老师红烧肉（中关村物美店）,116.31118192168124,39.98186298059522,中关村,拼好饭,中午
汉堡王(北京融科资讯30354店),116.32019349728547,39.98162781534477,中关村,拼好饭,中午
瑞幸咖啡(中关村科贸电子城店),116.31096036645124,39.98224638083349,中关村,拼好饭,中午
桃园煲仔饭（五道口店）,116.32761176886169,39.98678735313112,中关村,拼好饭,中午
汉堡王（五道口餐厅19195店）,116.32783369950502,39.991204744642985,中关村,拼好饭,中午
茶百道（人民大学店）,116.31221787017324,39.971858435613385,中关村,拼好饭,中午
袁记云饺(人大西门店),116.30065137992732,39.96687875054249,中关村,拼好饭,中午
驴火先生·新中式汉堡（第2档口-吉祥美食城店）,116.32155511477092,39.98360311508322,中关村,拼好饭,中午
沙县小吃（第2风味+北京洪火火餐饮管理有限公司）,116.3059351229033,39.97622093072224,中关村,拼好饭,中午
粤公主港式烧腊（电子大厦店）,116.30573521518878,39.9788951866402,中关村,拼好饭,中午
紫燕百味鸡（卤味·套餐饭·拌菜·中关村南路店）,116.3130769495371,39.97972649413026,中关村,拼好饭,中午
老北京炙烤牛肋条饭·炙子烤肉（铁道边第9档店）,116.33400622403472,39.986785255860944,中关村,拼好饭,中午
肘局牌隆江猪脚饭(第3档口津鑫盛美食城),116.30167923537228,39.97509961585144,中关村,拼好饭,中午
煲仔皇煲仔饭（新中关店）,116.30948427242204,39.97719534652683,中关村,拼好饭,中午
AoTigercoffee虎闻咖啡（中关村店）,116.3064582995127,39.981754749964345,中关村,拼好饭,中午
汉堡王（五道口餐厅19195店）,116.32783369950502,39.991204744642985,中关村,拼好饭,中午
南城香·饭香串香馄饨香（中关村南路店）,116.31279760680538,39.97949303213057,中关村,拼好饭,中午
袁记云饺(科学院南路店),116.31938179621484,39.97028183454107,中关村,拼好饭,中午
田老师红烧肉（中关村物美店）,116.31118192168124,39.98186298059522,中关村,拼好饭,中午
汉堡王(北京融科资讯30354店),116.32019349728547,39.98162781534477,中关村,拼好饭,中午
瑞幸咖啡(中关村科贸电子城店),116.31096036645124,39.98224638083349,中关村,拼好饭,中午
桃园煲仔饭（五道口店）,116.32761176886169,39.98678735313112,中关村,拼好饭,中午
汉堡王（五道口餐厅19195店）,116.32783369950502,39.991204744642985,中关村,拼好饭,中午
茶百道（人民大学店）,116.31221787017324,39.971858435613385,中关村,拼好饭,中午
袁记云饺(人大西门店),116.30065137992732,39.96687875054249,中关村,拼好饭,中午
驴火先生·新中式汉堡（第2档口-吉祥美食城店）,116.32155511477092,39.98360311508322,中关村,拼好饭,中午
沙县小吃（第2风味+北京洪火火餐饮管理有限公司）,116.3059351229033,39.97622093072224,中关村,拼好饭,中午
粤公主港式烧腊（电子大厦店）,116.30573521518878,39.9788951866402,中关村,拼好饭,中午
紫燕百味鸡（卤味·套餐饭·拌菜·中关村南路店）,116.3130769495371,39.97972649413026,中关村,拼好饭,中午
老北京炙烤牛肋条饭·炙子烤肉（铁道边第9档店）,116.33400622403472,39.986785255860944,中关村,拼好饭,中午
肘局牌隆江猪脚饭(第3档口津鑫盛美食城),116.30167923537228,39.97509961585144,中关村,拼好饭,中午
煲仔皇煲仔饭（新中关店）,116.30948427242204,39.97719534652683,中关村,拼好饭,中午
AoTigercoffee虎闻咖啡（中关村店）,116.3064582995127,39.981754749964345,中关村,拼好饭,中午
汉堡王（五道口餐厅19195店）,116.32783369950502,39.991204744642985,中关村,拼好饭,中午
南城香·饭香串香馄饨香（中关村南路店）,116.31279760680538,39.97949303213057,中关村,拼好饭,中午
袁记云饺(科学院南路店),116.31938179621484,39.97028183454107,中关村,拼好饭,中午
田老师红烧肉（中关村物美店）,116.31118192168124,39.98186298059522,中关村,拼好饭,中午
汉堡王(北京融科资讯30354店),116.32019349728547,39.98162781534477,中关村,拼好饭,中午
瑞幸咖啡(中关村科贸电子城店),116.31096036645124,39.98224638083349,中关村,拼好饭,中午
桃园煲仔饭（五道口店）,116.32761176886169,39.98678735313112,中关村,拼好饭,中午
汉堡王（五道口餐厅19195店）,116.32783369950502,39.991204744642985,中关村,拼好饭,中午
茶百道（人民大学店）,116.31221787017324,39.971858435613385,中关村,拼好饭,中午
袁记云饺(人大西门店),116.30065137992732,39.96687875054249,中关村,拼好饭,中午
驴火先生·新中式汉堡（第2档口-吉祥美食城店）,116.32155511477092,39.98360311508322,中关村,拼好饭,中午
沙县小吃（第2风味+北京洪火火餐饮管理有限公司）,116.3059351229033,39.97622093072224,中关村,拼好饭,中午
粤公主港式烧腊（电子大厦店）,116.30573521518878,39.9788951866402,中关村,拼好饭,中午
紫燕百味鸡（卤味·套餐饭·拌菜·中关村南路店）,116.3130769495371,39.97972649413026,中关村,拼好饭,中午
老北京炙烤牛肋条饭·炙子烤肉（铁道边第9档店）,116.33400622403472,39.986785255860944,中关村,拼好饭,中午
肘局牌隆江猪脚饭(第3档口津鑫盛美食城),116.30167923537228,39.97509961585144,中关村,拼好饭,中午
煲仔皇煲仔饭（新中关店）,116.30948427242204,39.97719534652683,中关村,拼好饭,中午
AoTigercoffee虎闻咖啡（中关村店）,116.3064582995127,39.981754749964345,中关村,拼好饭,中午
汉堡王（五道口餐厅19195店）,116.32783369950502,39.991204744642985,中关村,拼好饭,中午
南城香·饭香串香馄饨香（中关村南路店）,116.31279760680538,39.97949303213057,中关村,拼好饭,中午
袁记云饺(科学院南路店),116.31938179621484,39.97028183454107,中关村,拼好饭,中午
安徽牛肉板面,116.30065837331531,39.96681774074754,中关村,拼好饭,宵夜
肴可及脆皮鸡烤肉饭（第13档口-吉祥美食城店),116.32175167210744,39.98352474010331,中关村,拼好饭,宵夜
驴火先生·新中式汉堡（第2档口-吉祥美食城店）,116.32155511477092,39.98360311508322,中关村,拼好饭,宵夜
张亮麻辣烫·麻辣拌（万泉河路店）,116.30066037250124,39.96679173828845,中关村,拼好饭,宵夜
辣味道拉条子·剁椒鸡（第二风味北京富老八餐饮有限公司）,116.31109261763136,39.985848984349694,中关村,拼好饭,宵夜
曼玲粥(五道口店·包子·馅饼·油条),116.32788118198523,39.98653984854911,中关村,拼好饭,宵夜
赌上厨师职业生涯的炒饭！锄禾蛋炒饭·炒面·炒粉（第12档口津鑫盛美食城店）,116.3015385270665,39.97508886440194,中关村,拼好饭,宵夜
华莱士·全鸡汉堡（北京大学店）,116.30570953238454,39.98475299371824,中关村,拼好饭,宵夜
华莱士全鸡汉堡(五道口店),116.32782624855498,39.98700893404656,中关村,拼好饭,宵夜
驴火先生·新中式汉堡（第2档口-吉祥美食城店）,116.32155511477092,39.98360311508322,中关村,拼好饭,宵夜
山西刀削面（中关村店）,116.3125226653172,39.97599469364965,中关村,拼好饭,宵夜
淮王小哥哥烤冷面煎饼（万泉河店）,116.30065637425476,39.966842743246175,中关村,拼好饭,宵夜
曼玲粥(五道口店·包子·馅饼·油条),116.32788118198523,39.98653984854911,中关村,拼好饭,宵夜
华莱士全鸡汉堡(五道口店),116.32782624855498,39.98700893404656,中关村,拼好饭,宵夜
他大舅东北老饭盒（第5档口庆余年美食城店）,116.3192617690876,39.97267596909383,中关村,拼好饭,宵夜
朴正喜韩式炸鸡·火鸡面（人民大学店）,116.29628833130177,39.972707981417415,中关村,拼好饭,宵夜
鸡柳大人（紫金数码园店）,116.33056224254037,39.97714413102268,中关村,拼好饭,宵夜
安徽牛肉板面,116.30065837331531,39.96681774074754,中关村,拼好饭,宵夜
肴可及脆皮鸡烤肉饭（第13档口-吉祥美食城店),116.32175167210744,39.98352474010331,中关村,拼好饭,宵夜
驴火先生·新中式汉堡（第2档口-吉祥美食城店）,116.32155511477092,39.98360311508322,中关村,拼好饭,宵夜
张亮麻辣烫·麻辣拌（万泉河路店）,116.30066037250124,39.96679173828845,中关村,拼好饭,宵夜
辣味道拉条子·剁椒鸡（第二风味北京富老八餐饮有限公司）,116.31109261763136,39.985848984349694,中关村,拼好饭,宵夜
曼玲粥(五道口店·包子·馅饼·油条),116.32788118198523,39.98653984854911,中关村,拼好饭,宵夜
赌上厨师职业生涯的炒饭！锄禾蛋炒饭·炒面·炒粉（第12档口津鑫盛美食城店）,116.3015385270665,39.97508886440194,中关村,拼好饭,宵夜
华莱士·全鸡汉堡（北京大学店）,116.30570953238454,39.98475299371824,中关村,拼好饭,宵夜
华莱士全鸡汉堡(五道口店),116.32782624855498,39.98700893404656,中关村,拼好饭,宵夜
驴火先生·新中式汉堡（第2档口-吉祥美食城店）,116.32155511477092,39.98360311508322,中关村,拼好饭,宵夜
山西刀削面（中关村店）,116.3125226653172,39.97599469364965,中关村,拼好饭,宵夜
淮王小哥哥烤冷面煎饼（万泉河店）,116.30065637425476,39.966842743246175,中关村,拼好饭,宵夜
曼玲粥(五道口店·包子·馅饼·油条),116.32788118198523,39.98653984854911,中关村,拼好饭,宵夜
华莱士全鸡汉堡(五道口店),116.32782624855498,39.98700893404656,中关村,拼好饭,宵夜
他大舅东北老饭盒（第5档口庆余年美食城店）,116.3192617690876,39.97267596909383,中关村,拼好饭,宵夜
朴正喜韩式炸鸡·火鸡面（人民大学店）,116.29628833130177,39.972707981417415,中关村,拼好饭,宵夜
鸡柳大人（紫金数码园店）,116.33056224254037,39.97714413102268,中关村,拼好饭,宵夜
安徽牛肉板面,116.30065837331531,39.96681774074754,中关村,拼好饭,宵夜
肴可及脆皮鸡烤肉饭（第13档口-吉祥美食城店),116.32175167210744,39.98352474010331,中关村,拼好饭,宵夜
驴火先生·新中式汉堡（第2档口-吉祥美食城店）,116.32155511477092,39.98360311508322,中关村,拼好饭,宵夜
张亮麻辣烫·麻辣拌（万泉河路店）,116.30066037250124,39.96679173828845,中关村,拼好饭,宵夜
辣味道拉条子·剁椒鸡（第二风味北京富老八餐饮有限公司）,116.31109261763136,39.985848984349694,中关村,拼好饭,宵夜
曼玲粥(五道口店·包子·馅饼·油条),116.32788118198523,39.98653984854911,中关村,拼好饭,宵夜
赌上厨师职业生涯的炒饭！锄禾蛋炒饭·炒面·炒粉（第12档口津鑫盛美食城店）,116.3015385270665,39.97508886440194,中关村,拼好饭,宵夜
华莱士·全鸡汉堡（北京大学店）,116.30570953238454,39.98475299371824,中关村,拼好饭,宵夜
华莱士全鸡汉堡(五道口店),116.32782624855498,39.98700893404656,中关村,拼好饭,宵夜
驴火先生·新中式汉堡（第2档口-吉祥美食城店）,116.32155511477092,39.98360311508322,中关村,拼好饭,宵夜
山西刀削面（中关村店）,116.3125226653172,39.97599469364965,中关村,拼好饭,宵夜
淮王小哥哥烤冷面煎饼（万泉河店）,116.30065637425476,39.966842743246175,中关村,拼好饭,宵夜
曼玲粥(五道口店·包子·馅饼·油条),116.32788118198523,39.98653984854911,中关村,拼好饭,宵夜
华莱士全鸡汉堡(五道口店),116.32782624855498,39.98700893404656,中关村,拼好饭,宵夜
他大舅东北老饭盒（第5档口庆余年美食城店）,116.3192617690876,39.97267596909383,中关村,拼好饭,宵夜
朴正喜韩式炸鸡·火鸡面（人民大学店）,116.29628833130177,39.972707981417415,中关村,拼好饭,宵夜
鸡柳大人（紫金数码园店）,116.33056224254037,39.97714413102268,中关村,拼好饭,宵夜
安徽牛肉板面,116.30065837331531,39.96681774074754,中关村,拼好饭,宵夜
肴可及脆皮鸡烤肉饭（第13档口-吉祥美食城店),116.32175167210744,39.98352474010331,中关村,拼好饭,宵夜
驴火先生·新中式汉堡（第2档口-吉祥美食城店）,116.32155511477092,39.98360311508322,中关村,拼好饭,宵夜
张亮麻辣烫·麻辣拌（万泉河路店）,116.30066037250124,39.96679173828845,中关村,拼好饭,宵夜
辣味道拉条子·剁椒鸡（第二风味北京富老八餐饮有限公司）,116.31109261763136,39.985848984349694,中关村,拼好饭,宵夜
曼玲粥(五道口店·包子·馅饼·油条),116.32788118198523,39.98653984854911,中关村,拼好饭,宵夜
赌上厨师职业生涯的炒饭！锄禾蛋炒饭·炒面·炒粉（第12档口津鑫盛美食城店）,116.3015385270665,39.97508886440194,中关村,拼好饭,宵夜
华莱士·全鸡汉堡（北京大学店）,116.30570953238454,39.98475299371824,中关村,拼好饭,宵夜
华莱士全鸡汉堡(五道口店),116.32782624855498,39.98700893404656,中关村,拼好饭,宵夜
驴火先生·新中式汉堡（第2档口-吉祥美食城店）,116.32155511477092,39.98360311508322,中关村,拼好饭,宵夜
山西刀削面（中关村店）,116.3125226653172,39.97599469364965,中关村,拼好饭,宵夜
淮王小哥哥烤冷面煎饼（万泉河店）,116.30065637425476,39.966842743246175,中关村,拼好饭,宵夜
曼玲粥(五道口店·包子·馅饼·油条),116.32788118198523,39.98653984854911,中关村,拼好饭,宵夜
华莱士全鸡汉堡(五道口店),116.32782624855498,39.98700893404656,中关村,拼好饭,宵夜
他大舅东北老饭盒（第5档口庆余年美食城店）,116.3192617690876,39.97267596909383,中关村,拼好饭,宵夜
朴正喜韩式炸鸡·火鸡面（人民大学店）,116.29628833130177,39.972707981417415,中关村,拼好饭,宵夜
鸡柳大人（紫金数码园店）,116.33056224254037,39.97714413102268,中关村,拼好饭,宵夜
安徽牛肉板面,116.30065837331531,39.96681774074754,中关村,拼好饭,宵夜
肴可及脆皮鸡烤肉饭（第13档口-吉祥美食城店),116.32175167210744,39.98352474010331,中关村,拼好饭,宵夜
驴火先生·新中式汉堡（第2档口-吉祥美食城店）,116.32155511477092,39.98360311508322,中关村,拼好饭,宵夜
张亮麻辣烫·麻辣拌（万泉河路店）,116.30066037250124,39.96679173828845,中关村,拼好饭,宵夜
辣味道拉条子·剁椒鸡（第二风味北京富老八餐饮有限公司）,116.31109261763136,39.985848984349694,中关村,拼好饭,宵夜
曼玲粥(五道口店·包子·馅饼·油条),116.32788118198523,39.98653984854911,中关村,拼好饭,宵夜
赌上厨师职业生涯的炒饭！锄禾蛋炒饭·炒面·炒粉（第12档口津鑫盛美食城店）,116.3015385270665,39.97508886440194,中关村,拼好饭,宵夜
华莱士·全鸡汉堡（北京大学店）,116.30570953238454,39.98475299371824,中关村,拼好饭,宵夜
华莱士全鸡汉堡(五道口店),116.32782624855498,39.98700893404656,中关村,拼好饭,宵夜
驴火先生·新中式汉堡（第2档口-吉祥美食城店）,116.32155511477092,39.98360311508322,中关村,拼好饭,宵夜
山西刀削面（中关村店）,116.3125226653172,39.97599469364965,中关村,拼好饭,宵夜
淮王小哥哥烤冷面煎饼（万泉河店）,116.30065637425476,39.966842743246175,中关村,拼好饭,宵夜
曼玲粥(五道口店·包子·馅饼·油条),116.32788118198523,39.98653984854911,中关村,拼好饭,宵夜
华莱士全鸡汉堡(五道口店),116.32782624855498,39.98700893404656,中关村,拼好饭,宵夜
他大舅东北老饭盒（第5档口庆余年美食城店）,116.3192617690876,39.97267596909383,中关村,拼好饭,宵夜
朴正喜韩式炸鸡·火鸡面（人民大学店）,116.29628833130177,39.972707981417415,中关村,拼好饭,宵夜
鸡柳大人（紫金数码园店）,116.33056224254037,39.97714413102268,中关村,拼好饭,宵夜
安徽牛肉板面,116.30065837331531,39.96681774074754,中关村,拼好饭,宵夜
肴可及脆皮鸡烤肉饭（第13档口-吉祥美食城店),116.32175167210744,39.98352474010331,中关村,拼好饭,宵夜
驴火先生·新中式汉堡（第2档口-吉祥美食城店）,116.32155511477092,39.98360311508322,中关村,拼好饭,宵夜
张亮麻辣烫·麻辣拌（万泉河路店）,116.30066037250124,39.96679173828845,中关村,拼好饭,宵夜
辣味道拉条子·剁椒鸡（第二风味北京富老八餐饮有限公司）,116.31109261763136,39.985848984349694,中关村,拼好饭,宵夜
曼玲粥(五道口店·包子·馅饼·油条),116.32788118198523,39.98653984854911,中关村,拼好饭,宵夜
赌上厨师职业生涯的炒饭！锄禾蛋炒饭·炒面·炒粉（第12档口津鑫盛美食城店）,116.3015385270665,39.97508886440194,中关村,拼好饭,宵夜
华莱士·全鸡汉堡（北京大学店）,116.30570953238454,39.98475299371824,中关村,拼好饭,宵夜
华莱士全鸡汉堡(五道口店),116.32782624855498,39.98700893404656,中关村,拼好饭,宵夜
驴火先生·新中式汉堡（第2档口-吉祥美食城店）,116.32155511477092,39.98360311508322,中关村,拼好饭,宵夜
山西刀削面（中关村店）,116.3125226653172,39.97599469364965,中关村,拼好饭,宵夜
淮王小哥哥烤冷面煎饼（万泉河店）,116.30065637425476,39.966842743246175,中关村,拼好饭,宵夜
曼玲粥(五道口店·包子·馅饼·油条),116.32788118198523,39.98653984854911,中关村,拼好饭,宵夜
华莱士全鸡汉堡(五道口店),116.32782624855498,39.98700893404656,中关村,拼好饭,宵夜
他大舅东北老饭盒（第5档口庆余年美食城店）,116.3192617690876,39.97267596909383,中关村,拼好饭,宵夜
朴正喜韩式炸鸡·火鸡面（人民大学店）,116.29628833130177,39.972707981417415,中关村,拼好饭,宵夜
鸡柳大人（紫金数码园店）,116.33056224254037,39.97714413102268,中关村,拼好饭,宵夜
安徽牛肉板面,116.30065837331531,39.96681774074754,中关村,拼好饭,宵夜
肴可及脆皮鸡烤肉饭（第13档口-吉祥美食城店),116.32175167210744,39.98352474010331,中关村,拼好饭,宵夜
驴火先生·新中式汉堡（第2档口-吉祥美食城店）,116.32155511477092,39.98360311508322,中关村,拼好饭,宵夜
张亮麻辣烫·麻辣拌（万泉河路店）,116.30066037250124,39.96679173828845,中关村,拼好饭,宵夜
辣味道拉条子·剁椒鸡（第二风味北京富老八餐饮有限公司）,116.31109261763136,39.985848984349694,中关村,拼好饭,宵夜
曼玲粥(五道口店·包子·馅饼·油条),116.32788118198523,39.98653984854911,中关村,拼好饭,宵夜
赌上厨师职业生涯的炒饭！锄禾蛋炒饭·炒面·炒粉（第12档口津鑫盛美食城店）,116.3015385270665,39.97508886440194,中关村,拼好饭,宵夜
华莱士·全鸡汉堡（北京大学店）,116.30570953238454,39.98475299371824,中关村,拼好饭,宵夜
华莱士全鸡汉堡(五道口店),116.32782624855498,39.98700893404656,中关村,拼好饭,宵夜
驴火先生·新中式汉堡（第2档口-吉祥美食城店）,116.32155511477092,39.98360311508322,中关村,拼好饭,宵夜
山西刀削面（中关村店）,116.3125226653172,39.97599469364965,中关村,拼好饭,宵夜
淮王小哥哥烤冷面煎饼（万泉河店）,116.30065637425476,39.966842743246175,中关村,拼好饭,宵夜
曼玲粥(五道口店·包子·馅饼·油条),116.32788118198523,39.98653984854911,中关村,拼好饭,宵夜
华莱士全鸡汉堡(五道口店),116.32782624855498,39.98700893404656,中关村,拼好饭,宵夜
他大舅东北老饭盒（第5档口庆余年美食城店）,116.3192617690876,39.97267596909383,中关村,拼好饭,宵夜
朴正喜韩式炸鸡·火鸡面（人民大学店）,116.29628833130177,39.972707981417415,中关村,拼好饭,宵夜
鸡柳大人（紫金数码园店）,116.33056224254037,39.97714413102268,中关村,拼好饭,宵夜
安徽牛肉板面,116.30065837331531,39.96681774074754,中关村,拼好饭,宵夜
肴可及脆皮鸡烤肉饭（第13档口-吉祥美食城店),116.32175167210744,39.98352474010331,中关村,拼好饭,宵夜
驴火先生·新中式汉堡（第2档口-吉祥美食城店）,116.32155511477092,39.98360311508322,中关村,拼好饭,宵夜
张亮麻辣烫·麻辣拌（万泉河路店）,116.30066037250124,39.96679173828845,中关村,拼好饭,宵夜
辣味道拉条子·剁椒鸡（第二风味北京富老八餐饮有限公司）,116.31109261763136,39.985848984349694,中关村,拼好饭,宵夜
曼玲粥(五道口店·包子·馅饼·油条),116.32788118198523,39.98653984854911,中关村,拼好饭,宵夜
赌上厨师职业生涯的炒饭！锄禾蛋炒饭·炒面·炒粉（第12档口津鑫盛美食城店）,116.3015385270665,39.97508886440194,中关村,拼好饭,宵夜
华莱士·全鸡汉堡（北京大学店）,116.30570953238454,39.98475299371824,中关村,拼好饭,宵夜
华莱士全鸡汉堡(五道口店),116.32782624855498,39.98700893404656,中关村,拼好饭,宵夜
驴火先生·新中式汉堡（第2档口-吉祥美食城店）,116.32155511477092,39.98360311508322,中关村,拼好饭,宵夜
山西刀削面（中关村店）,116.3125226653172,39.97599469364965,中关村,拼好饭,宵夜
淮王小哥哥烤冷面煎饼（万泉河店）,116.30065637425476,39.966842743246175,中关村,拼好饭,宵夜
曼玲粥(五道口店·包子·馅饼·油条),116.32788118198523,39.98653984854911,中关村,拼好饭,宵夜
华莱士全鸡汉堡(五道口店),116.32782624855498,39.98700893404656,中关村,拼好饭,宵夜
他大舅东北老饭盒（第5档口庆余年美食城店）,116.3192617690876,39.97267596909383,中关村,拼好饭,宵夜
朴正喜韩式炸鸡·火鸡面（人民大学店）,116.29628833130177,39.972707981417415,中关村,拼好饭,宵夜
鸡柳大人（紫金数码园店）,116.33056224254037,39.97714413102268,中关村,拼好饭,宵夜
安徽牛肉板面,116.30065837331531,39.96681774074754,中关村,拼好饭,宵夜
肴可及脆皮鸡烤肉饭（第13档口-吉祥美食城店),116.32175167210744,39.98352474010331,中关村,拼好饭,宵夜
驴火先生·新中式汉堡（第2档口-吉祥美食城店）,116.32155511477092,39.98360311508322,中关村,拼好饭,宵夜
张亮麻辣烫·麻辣拌（万泉河路店）,116.30066037250124,39.96679173828845,中关村,拼好饭,宵夜
辣味道拉条子·剁椒鸡（第二风味北京富老八餐饮有限公司）,116.31109261763136,39.985848984349694,中关村,拼好饭,宵夜
曼玲粥(五道口店·包子·馅饼·油条),116.32788118198523,39.98653984854911,中关村,拼好饭,宵夜
赌上厨师职业生涯的炒饭！锄禾蛋炒饭·炒面·炒粉（第12档口津鑫盛美食城店）,116.3015385270665,39.97508886440194,中关村,拼好饭,宵夜
华莱士·全鸡汉堡（北京大学店）,116.30570953238454,39.98475299371824,中关村,拼好饭,宵夜
华莱士全鸡汉堡(五道口店),116.32782624855498,39.98700893404656,中关村,拼好饭,宵夜
驴火先生·新中式汉堡（第2档口-吉祥美食城店）,116.32155511477092,39.98360311508322,中关村,拼好饭,宵夜
山西刀削面（中关村店）,116.3125226653172,39.97599469364965,中关村,拼好饭,宵夜
淮王小哥哥烤冷面煎饼（万泉河店）,116.30065637425476,39.966842743246175,中关村,拼好饭,宵夜
曼玲粥(五道口店·包子·馅饼·油条),116.32788118198523,39.98653984854911,中关村,拼好饭,宵夜
华莱士全鸡汉堡(五道口店),116.32782624855498,39.98700893404656,中关村,拼好饭,宵夜
他大舅东北老饭盒（第5档口庆余年美食城店）,116.3192617690876,39.97267596909383,中关村,拼好饭,宵夜
朴正喜韩式炸鸡·火鸡面（人民大学店）,116.29628833130177,39.972707981417415,中关村,拼好饭,宵夜
鸡柳大人（紫金数码园店）,116.33056224254037,39.97714413102268,中关村,拼好饭,宵夜
安徽牛肉板面,116.30065837331531,39.96681774074754,中关村,拼好饭,宵夜
肴可及脆皮鸡烤肉饭（第13档口-吉祥美食城店),116.32175167210744,39.98352474010331,中关村,拼好饭,宵夜
驴火先生·新中式汉堡（第2档口-吉祥美食城店）,116.32155511477092,39.98360311508322,中关村,拼好饭,宵夜
张亮麻辣烫·麻辣拌（万泉河路店）,116.30066037250124,39.96679173828845,中关村,拼好饭,宵夜
辣味道拉条子·剁椒鸡（第二风味北京富老八餐饮有限公司）,116.31109261763136,39.985848984349694,中关村,拼好饭,宵夜
曼玲粥(五道口店·包子·馅饼·油条),116.32788118198523,39.98653984854911,中关村,拼好饭,宵夜
赌上厨师职业生涯的炒饭！锄禾蛋炒饭·炒面·炒粉（第12档口津鑫盛美食城店）,116.3015385270665,39.97508886440194,中关村,拼好饭,宵夜
华莱士·全鸡汉堡（北京大学店）,116.30570953238454,39.98475299371824,中关村,拼好饭,宵夜
华莱士全鸡汉堡(五道口店),116.32782624855498,39.98700893404656,中关村,拼好饭,宵夜
驴火先生·新中式汉堡（第2档口-吉祥美食城店）,116.32155511477092,39.98360311508322,中关村,拼好饭,宵夜
山西刀削面（中关村店）,116.3125226653172,39.97599469364965,中关村,拼好饭,宵夜
淮王小哥哥烤冷面煎饼（万泉河店）,116.30065637425476,39.966842743246175,中关村,拼好饭,宵夜
曼玲粥(五道口店·包子·馅饼·油条),116.32788118198523,39.98653984854911,中关村,拼好饭,宵夜
华莱士全鸡汉堡(五道口店),116.32782624855498,39.98700893404656,中关村,拼好饭,宵夜
他大舅东北老饭盒（第5档口庆余年美食城店）,116.3192617690876,39.97267596909383,中关村,拼好饭,宵夜
朴正喜韩式炸鸡·火鸡面（人民大学店）,116.29628833130177,39.972707981417415,中关村,拼好饭,宵夜
鸡柳大人（紫金数码园店）,116.33056224254037,39.97714413102268,中关村,拼好饭,宵夜
田老师红烧肉（中关村物美店）,116.31118192168124,39.98186298059522,中关村,拼好饭,晚餐
辣味道拉条子·剁椒鸡（第二风味北京富老八餐饮有限公司）,116.31109261763136,39.985848984349694,中关村,拼好饭,晚餐
香河肉饼鸡汤砂锅（第一档口物美美食城店）,116.32880450881576,39.967264868617846,中关村,拼好饭,晚餐
田老师红烧肉（中关村物美店）,116.31118192168124,39.98186298059522,中关村,拼好饭,晚餐
张亮麻辣烫·麻辣拌（知春路店）,116.30065138845777,39.96681075323707,中关村,拼好饭,晚餐
湘遇臭豆腐•卷凉皮•烤冷面(利康金桥美食城第7档口),116.32768061478892,39.98675622282748,中关村,拼好饭,晚餐
张亮麻辣烫·麻辣拌（知春里店）,116.32153165283653,39.97977731680941,中关村,拼好饭,晚餐
曼玲粥(五道口店·包子·馅饼·油条),116.32788118198523,39.98653984854911,中关村,拼好饭,晚餐
半亩良田（排骨米饭·五道口店）,116.32150223637356,39.98360421678091,中关村,拼好饭,晚餐
田老师红烧肉（中关村物美店）,116.31118192168124,39.98186298059522,中关村,拼好饭,晚餐
云香缘云南过桥米线(第2档口-富市康民美食城店）,116.33330604134258,39.96912228299691,中关村,拼好饭,晚餐
蜜雪冰城（第1档口·五道口美食城店）,116.32990988985492,39.991653770263184,中关村,拼好饭,晚餐
赌上厨师职业生涯的炒饭！锄禾蛋炒饭·炒面·炒粉（第12档口津鑫盛美食城店）,116.3015385270665,39.97508886440194,中关村,拼好饭,晚餐
驴火先生·新中式汉堡（第2档口-吉祥美食城店）,116.32155511477092,39.98360311508322,中关村,拼好饭,晚餐
肴可及脆皮鸡烤肉饭（第13档口-吉祥美食城店),116.32175167210744,39.98352474010331,中关村,拼好饭,晚餐
田老师红烧肉（中关村物美店）,116.31118192168124,39.98186298059522,中关村,拼好饭,晚餐
辣味道拉条子·剁椒鸡（第二风味北京富老八餐饮有限公司）,116.31109261763136,39.985848984349694,中关村,拼好饭,晚餐
香河肉饼鸡汤砂锅（第一档口物美美食城店）,116.32880450881576,39.967264868617846,中关村,拼好饭,晚餐
田老师红烧肉（中关村物美店）,116.31118192168124,39.98186298059522,中关村,拼好饭,晚餐
张亮麻辣烫·麻辣拌（知春路店）,116.30065138845777,39.96681075323707,中关村,拼好饭,晚餐
湘遇臭豆腐•卷凉皮•烤冷面(利康金桥美食城第7档口),116.32768061478892,39.98675622282748,中关村,拼好饭,晚餐
张亮麻辣烫·麻辣拌（知春里店）,116.32153165283653,39.97977731680941,中关村,拼好饭,晚餐
曼玲粥(五道口店·包子·馅饼·油条),116.32788118198523,39.98653984854911,中关村,拼好饭,晚餐
半亩良田（排骨米饭·五道口店）,116.32150223637356,39.98360421678091,中关村,拼好饭,晚餐
田老师红烧肉（中关村物美店）,116.31118192168124,39.98186298059522,中关村,拼好饭,晚餐
云香缘云南过桥米线(第2档口-富市康民美食城店）,116.33330604134258,39.96912228299691,中关村,拼好饭,晚餐
蜜雪冰城（第1档口·五道口美食城店）,116.32990988985492,39.991653770263184,中关村,拼好饭,晚餐
赌上厨师职业生涯的炒饭！锄禾蛋炒饭·炒面·炒粉（第12档口津鑫盛美食城店）,116.3015385270665,39.97508886440194,中关村,拼好饭,晚餐
驴火先生·新中式汉堡（第2档口-吉祥美食城店）,116.32155511477092,39.98360311508322,中关村,拼好饭,晚餐
肴可及脆皮鸡烤肉饭（第13档口-吉祥美食城店),116.32175167210744,39.98352474010331,中关村,拼好饭,晚餐
田老师红烧肉（中关村物美店）,116.31118192168124,39.98186298059522,中关村,拼好饭,晚餐
辣味道拉条子·剁椒鸡（第二风味北京富老八餐饮有限公司）,116.31109261763136,39.985848984349694,中关村,拼好饭,晚餐
香河肉饼鸡汤砂锅（第一档口物美美食城店）,116.32880450881576,39.967264868617846,中关村,拼好饭,晚餐
田老师红烧肉（中关村物美店）,116.31118192168124,39.98186298059522,中关村,拼好饭,晚餐
张亮麻辣烫·麻辣拌（知春路店）,116.30065138845777,39.96681075323707,中关村,拼好饭,晚餐
湘遇臭豆腐•卷凉皮•烤冷面(利康金桥美食城第7档口),116.32768061478892,39.98675622282748,中关村,拼好饭,晚餐
张亮麻辣烫·麻辣拌（知春里店）,116.32153165283653,39.97977731680941,中关村,拼好饭,晚餐
曼玲粥(五道口店·包子·馅饼·油条),116.32788118198523,39.98653984854911,中关村,拼好饭,晚餐
半亩良田（排骨米饭·五道口店）,116.32150223637356,39.98360421678091,中关村,拼好饭,晚餐
田老师红烧肉（中关村物美店）,116.31118192168124,39.98186298059522,中关村,拼好饭,晚餐
云香缘云南过桥米线(第2档口-富市康民美食城店）,116.33330604134258,39.96912228299691,中关村,拼好饭,晚餐
蜜雪冰城（第1档口·五道口美食城店）,116.32990988985492,39.991653770263184,中关村,拼好饭,晚餐
赌上厨师职业生涯的炒饭！锄禾蛋炒饭·炒面·炒粉（第12档口津鑫盛美食城店）,116.3015385270665,39.97508886440194,中关村,拼好饭,晚餐
驴火先生·新中式汉堡（第2档口-吉祥美食城店）,116.32155511477092,39.98360311508322,中关村,拼好饭,晚餐
肴可及脆皮鸡烤肉饭（第13档口-吉祥美食城店),116.32175167210744,39.98352474010331,中关村,拼好饭,晚餐
田老师红烧肉（中关村物美店）,116.31118192168124,39.98186298059522,中关村,拼好饭,晚餐
辣味道拉条子·剁椒鸡（第二风味北京富老八餐饮有限公司）,116.31109261763136,39.985848984349694,中关村,拼好饭,晚餐
香河肉饼鸡汤砂锅（第一档口物美美食城店）,116.32880450881576,39.967264868617846,中关村,拼好饭,晚餐
田老师红烧肉（中关村物美店）,116.31118192168124,39.98186298059522,中关村,拼好饭,晚餐
张亮麻辣烫·麻辣拌（知春路店）,116.30065138845777,39.96681075323707,中关村,拼好饭,晚餐
湘遇臭豆腐•卷凉皮•烤冷面(利康金桥美食城第7档口),116.32768061478892,39.98675622282748,中关村,拼好饭,晚餐
张亮麻辣烫·麻辣拌（知春里店）,116.32153165283653,39.97977731680941,中关村,拼好饭,晚餐
曼玲粥(五道口店·包子·馅饼·油条),116.32788118198523,39.98653984854911,中关村,拼好饭,晚餐
半亩良田（排骨米饭·五道口店）,116.32150223637356,39.98360421678091,中关村,拼好饭,晚餐
田老师红烧肉（中关村物美店）,116.31118192168124,39.98186298059522,中关村,拼好饭,晚餐
云香缘云南过桥米线(第2档口-富市康民美食城店）,116.33330604134258,39.96912228299691,中关村,拼好饭,晚餐
蜜雪冰城（第1档口·五道口美食城店）,116.32990988985492,39.991653770263184,中关村,拼好饭,晚餐
赌上厨师职业生涯的炒饭！锄禾蛋炒饭·炒面·炒粉（第12档口津鑫盛美食城店）,116.3015385270665,39.97508886440194,中关村,拼好饭,晚餐
驴火先生·新中式汉堡（第2档口-吉祥美食城店）,116.32155511477092,39.98360311508322,中关村,拼好饭,晚餐
肴可及脆皮鸡烤肉饭（第13档口-吉祥美食城店),116.32175167210744,39.98352474010331,中关村,拼好饭,晚餐
田老师红烧肉（中关村物美店）,116.31118192168124,39.98186298059522,中关村,拼好饭,晚餐
辣味道拉条子·剁椒鸡（第二风味北京富老八餐饮有限公司）,116.31109261763136,39.985848984349694,中关村,拼好饭,晚餐
香河肉饼鸡汤砂锅（第一档口物美美食城店）,116.32880450881576,39.967264868617846,中关村,拼好饭,晚餐
田老师红烧肉（中关村物美店）,116.31118192168124,39.98186298059522,中关村,拼好饭,晚餐
张亮麻辣烫·麻辣拌（知春路店）,116.30065138845777,39.96681075323707,中关村,拼好饭,晚餐
湘遇臭豆腐•卷凉皮•烤冷面(利康金桥美食城第7档口),116.32768061478892,39.98675622282748,中关村,拼好饭,晚餐
张亮麻辣烫·麻辣拌（知春里店）,116.32153165283653,39.97977731680941,中关村,拼好饭,晚餐
曼玲粥(五道口店·包子·馅饼·油条),116.32788118198523,39.98653984854911,中关村,拼好饭,晚餐
半亩良田（排骨米饭·五道口店）,116.32150223637356,39.98360421678091,中关村,拼好饭,晚餐
田老师红烧肉（中关村物美店）,116.31118192168124,39.98186298059522,中关村,拼好饭,晚餐
云香缘云南过桥米线(第2档口-富市康民美食城店）,116.33330604134258,39.96912228299691,中关村,拼好饭,晚餐
蜜雪冰城（第1档口·五道口美食城店）,116.32990988985492,39.991653770263184,中关村,拼好饭,晚餐
赌上厨师职业生涯的炒饭！锄禾蛋炒饭·炒面·炒粉（第12档口津鑫盛美食城店）,116.3015385270665,39.97508886440194,中关村,拼好饭,晚餐
驴火先生·新中式汉堡（第2档口-吉祥美食城店）,116.32155511477092,39.98360311508322,中关村,拼好饭,晚餐
肴可及脆皮鸡烤肉饭（第13档口-吉祥美食城店),116.32175167210744,39.98352474010331,中关村,拼好饭,晚餐
田老师红烧肉（中关村物美店）,116.31118192168124,39.98186298059522,中关村,拼好饭,晚餐
辣味道拉条子·剁椒鸡（第二风味北京富老八餐饮有限公司）,116.31109261763136,39.985848984349694,中关村,拼好饭,晚餐
香河肉饼鸡汤砂锅（第一档口物美美食城店）,116.32880450881576,39.967264868617846,中关村,拼好饭,晚餐
田老师红烧肉（中关村物美店）,116.31118192168124,39.98186298059522,中关村,拼好饭,晚餐
张亮麻辣烫·麻辣拌（知春路店）,116.30065138845777,39.96681075323707,中关村,拼好饭,晚餐
湘遇臭豆腐•卷凉皮•烤冷面(利康金桥美食城第7档口),116.32768061478892,39.98675622282748,中关村,拼好饭,晚餐
张亮麻辣烫·麻辣拌（知春里店）,116.32153165283653,39.97977731680941,中关村,拼好饭,晚餐
曼玲粥(五道口店·包子·馅饼·油条),116.32788118198523,39.98653984854911,中关村,拼好饭,晚餐
半亩良田（排骨米饭·五道口店）,116.32150223637356,39.98360421678091,中关村,拼好饭,晚餐
田老师红烧肉（中关村物美店）,116.31118192168124,39.98186298059522,中关村,拼好饭,晚餐
云香缘云南过桥米线(第2档口-富市康民美食城店）,116.33330604134258,39.96912228299691,中关村,拼好饭,晚餐
蜜雪冰城（第1档口·五道口美食城店）,116.32990988985492,39.991653770263184,中关村,拼好饭,晚餐
赌上厨师职业生涯的炒饭！锄禾蛋炒饭·炒面·炒粉（第12档口津鑫盛美食城店）,116.3015385270665,39.97508886440194,中关村,拼好饭,晚餐
驴火先生·新中式汉堡（第2档口-吉祥美食城店）,116.32155511477092,39.98360311508322,中关村,拼好饭,晚餐
肴可及脆皮鸡烤肉饭（第13档口-吉祥美食城店),116.32175167210744,39.98352474010331,中关村,拼好饭,晚餐
田老师红烧肉（中关村物美店）,116.31118192168124,39.98186298059522,中关村,拼好饭,晚餐
辣味道拉条子·剁椒鸡（第二风味北京富老八餐饮有限公司）,116.31109261763136,39.985848984349694,中关村,拼好饭,晚餐
香河肉饼鸡汤砂锅（第一档口物美美食城店）,116.32880450881576,39.967264868617846,中关村,拼好饭,晚餐
田老师红烧肉（中关村物美店）,116.31118192168124,39.98186298059522,中关村,拼好饭,晚餐
张亮麻辣烫·麻辣拌（知春路店）,116.30065138845777,39.96681075323707,中关村,拼好饭,晚餐
湘遇臭豆腐•卷凉皮•烤冷面(利康金桥美食城第7档口),116.32768061478892,39.98675622282748,中关村,拼好饭,晚餐
张亮麻辣烫·麻辣拌（知春里店）,116.32153165283653,39.97977731680941,中关村,拼好饭,晚餐
曼玲粥(五道口店·包子·馅饼·油条),116.32788118198523,39.98653984854911,中关村,拼好饭,晚餐
半亩良田（排骨米饭·五道口店）,116.32150223637356,39.98360421678091,中关村,拼好饭,晚餐
田老师红烧肉（中关村物美店）,116.31118192168124,39.98186298059522,中关村,拼好饭,晚餐
云香缘云南过桥米线(第2档口-富市康民美食城店）,116.33330604134258,39.96912228299691,中关村,拼好饭,晚餐
蜜雪冰城（第1档口·五道口美食城店）,116.32990988985492,39.991653770263184,中关村,拼好饭,晚餐
赌上厨师职业生涯的炒饭！锄禾蛋炒饭·炒面·炒粉（第12档口津鑫盛美食城店）,116.3015385270665,39.97508886440194,中关村,拼好饭,晚餐
驴火先生·新中式汉堡（第2档口-吉祥美食城店）,116.32155511477092,39.98360311508322,中关村,拼好饭,晚餐
肴可及脆皮鸡烤肉饭（第13档口-吉祥美食城店),116.32175167210744,39.98352474010331,中关村,拼好饭,晚餐
田老师红烧肉（中关村物美店）,116.31118192168124,39.98186298059522,中关村,拼好饭,晚餐
辣味道拉条子·剁椒鸡（第二风味北京富老八餐饮有限公司）,116.31109261763136,39.985848984349694,中关村,拼好饭,晚餐
香河肉饼鸡汤砂锅（第一档口物美美食城店）,116.32880450881576,39.967264868617846,中关村,拼好饭,晚餐
田老师红烧肉（中关村物美店）,116.31118192168124,39.98186298059522,中关村,拼好饭,晚餐
张亮麻辣烫·麻辣拌（知春路店）,116.30065138845777,39.96681075323707,中关村,拼好饭,晚餐
湘遇臭豆腐•卷凉皮•烤冷面(利康金桥美食城第7档口),116.32768061478892,39.98675622282748,中关村,拼好饭,晚餐
张亮麻辣烫·麻辣拌（知春里店）,116.32153165283653,39.97977731680941,中关村,拼好饭,晚餐
曼玲粥(五道口店·包子·馅饼·油条),116.32788118198523,39.98653984854911,中关村,拼好饭,晚餐
半亩良田（排骨米饭·五道口店）,116.32150223637356,39.98360421678091,中关村,拼好饭,晚餐
田老师红烧肉（中关村物美店）,116.31118192168124,39.98186298059522,中关村,拼好饭,晚餐
云香缘云南过桥米线(第2档口-富市康民美食城店）,116.33330604134258,39.96912228299691,中关村,拼好饭,晚餐
蜜雪冰城（第1档口·五道口美食城店）,116.32990988985492,39.991653770263184,中关村,拼好饭,晚餐
赌上厨师职业生涯的炒饭！锄禾蛋炒饭·炒面·炒粉（第12档口津鑫盛美食城店）,116.3015385270665,39.97508886440194,中关村,拼好饭,晚餐
驴火先生·新中式汉堡（第2档口-吉祥美食城店）,116.32155511477092,39.98360311508322,中关村,拼好饭,晚餐
肴可及脆皮鸡烤肉饭（第13档口-吉祥美食城店),116.32175167210744,39.98352474010331,中关村,拼好饭,晚餐
田老师红烧肉（中关村物美店）,116.31118192168124,39.98186298059522,中关村,拼好饭,晚餐
辣味道拉条子·剁椒鸡（第二风味北京富老八餐饮有限公司）,116.31109261763136,39.985848984349694,中关村,拼好饭,晚餐
香河肉饼鸡汤砂锅（第一档口物美美食城店）,116.32880450881576,39.967264868617846,中关村,拼好饭,晚餐
田老师红烧肉（中关村物美店）,116.31118192168124,39.98186298059522,中关村,拼好饭,晚餐
张亮麻辣烫·麻辣拌（知春路店）,116.30065138845777,39.96681075323707,中关村,拼好饭,晚餐
湘遇臭豆腐•卷凉皮•烤冷面(利康金桥美食城第7档口),116.32768061478892,39.98675622282748,中关村,拼好饭,晚餐
张亮麻辣烫·麻辣拌（知春里店）,116.32153165283653,39.97977731680941,中关村,拼好饭,晚餐
曼玲粥(五道口店·包子·馅饼·油条),116.32788118198523,39.98653984854911,中关村,拼好饭,晚餐
半亩良田（排骨米饭·五道口店）,116.32150223637356,39.98360421678091,中关村,拼好饭,晚餐
田老师红烧肉（中关村物美店）,116.31118192168124,39.98186298059522,中关村,拼好饭,晚餐
云香缘云南过桥米线(第2档口-富市康民美食城店）,116.33330604134258,39.96912228299691,中关村,拼好饭,晚餐
蜜雪冰城（第1档口·五道口美食城店）,116.32990988985492,39.991653770263184,中关村,拼好饭,晚餐
赌上厨师职业生涯的炒饭！锄禾蛋炒饭·炒面·炒粉（第12档口津鑫盛美食城店）,116.3015385270665,39.97508886440194,中关村,拼好饭,晚餐
驴火先生·新中式汉堡（第2档口-吉祥美食城店）,116.32155511477092,39.98360311508322,中关村,拼好饭,晚餐
肴可及脆皮鸡烤肉饭（第13档口-吉祥美食城店),116.32175167210744,39.98352474010331,中关村,拼好饭,晚餐
田老师红烧肉（中关村物美店）,116.31118192168124,39.98186298059522,中关村,拼好饭,晚餐
辣味道拉条子·剁椒鸡（第二风味北京富老八餐饮有限公司）,116.31109261763136,39.985848984349694,中关村,拼好饭,晚餐
香河肉饼鸡汤砂锅（第一档口物美美食城店）,116.32880450881576,39.967264868617846,中关村,拼好饭,晚餐
田老师红烧肉（中关村物美店）,116.31118192168124,39.98186298059522,中关村,拼好饭,晚餐
张亮麻辣烫·麻辣拌（知春路店）,116.30065138845777,39.96681075323707,中关村,拼好饭,晚餐
湘遇臭豆腐•卷凉皮•烤冷面(利康金桥美食城第7档口),116.32768061478892,39.98675622282748,中关村,拼好饭,晚餐
张亮麻辣烫·麻辣拌（知春里店）,116.32153165283653,39.97977731680941,中关村,拼好饭,晚餐
曼玲粥(五道口店·包子·馅饼·油条),116.32788118198523,39.98653984854911,中关村,拼好饭,晚餐
半亩良田（排骨米饭·五道口店）,116.32150223637356,39.98360421678091,中关村,拼好饭,晚餐
田老师红烧肉（中关村物美店）,116.31118192168124,39.98186298059522,中关村,拼好饭,晚餐
云香缘云南过桥米线(第2档口-富市康民美食城店）,116.33330604134258,39.96912228299691,中关村,拼好饭,晚餐
蜜雪冰城（第1档口·五道口美食城店）,116.32990988985492,39.991653770263184,中关村,拼好饭,晚餐
赌上厨师职业生涯的炒饭！锄禾蛋炒饭·炒面·炒粉（第12档口津鑫盛美食城店）,116.3015385270665,39.97508886440194,中关村,拼好饭,晚餐
驴火先生·新中式汉堡（第2档口-吉祥美食城店）,116.32155511477092,39.98360311508322,中关村,拼好饭,晚餐
肴可及脆皮鸡烤肉饭（第13档口-吉祥美食城店),116.32175167210744,39.98352474010331,中关村,拼好饭,晚餐
库迪咖啡便利店(中关村科贸电子城店),116.31099325179864,39.98257530564258,中关村,神枪手,中午
半亩良田（排骨米饭·五道口店）,116.32150223637356,39.98360421678091,中关村,神枪手,中午
金百万烤鸭（中关村店）,116.31199585838203,39.97589069189541,中关村,神枪手,中午
爷爷不泡茶（北京中关村大融城店）,116.3055693418236,39.98071241454444,中关村,神枪手,中午
田老师红烧肉(学清路店),116.3464820031118,40.01317781766797,中关村,神枪手,中午
汉堡王(北京融科资讯30354店),116.32019349728547,39.98162781534477,中关村,神枪手,中午
瑞幸咖啡(中关村科贸电子城店),116.31096036645124,39.98224638083349,中关村,神枪手,中午
南城香·饭香串香馄饨香（中关村南路店）,116.31279760680538,39.97949303213057,中关村,神枪手,中午
老乡鸡（北京海淀大街店）,116.30830810937644,39.98311228941738,中关村,神枪手,中午
嘉和一品粥（健康餐·皮蛋粥·焖面·清华店）,116.31419396293924,39.9755135464134,中关村,神枪手,中午
粤茗客茶点·港式茶餐厅（北京中关村店）,116.32645044296052,39.96305553563659,中关村,神枪手,中午
肯悦咖啡（海淀黄庄店）,116.31156482811514,39.97583750575587,中关村,神枪手,中午
煲仔皇煲仔饭（新中关店）,116.30948427242204,39.97719534652683,中关村,神枪手,中午
田老师红烧肉（中关村物美店）,116.31118192168124,39.98186298059522,中关村,神枪手,中午
汉堡王(北京融科资讯30354店),116.32019349728547,39.98162781534477,中关村,神枪手,中午
瑞幸咖啡(中关村科贸电子城店),116.31096036645124,39.98224638083349,中关村,神枪手,中午
爷爷不泡茶（北京中关村大融城店）,116.3055693418236,39.98071241454444,中关村,神枪手,中午
南城香·饭香串香馄饨香（中关村南路店）,116.31279760680538,39.97949303213057,中关村,神枪手,中午
眉州东坡(清华店),116.32858646342258,39.99522713771682,中关村,神枪手,中午
赛百味·三明治（北京中关村鼎好DH3店）,116.308792057463,39.983045395184384,中关村,神枪手,中午
库迪咖啡便利店(中关村科贸电子城店),116.31099325179864,39.98257530564258,中关村,神枪手,中午
半亩良田（排骨米饭·五道口店）,116.32150223637356,39.98360421678091,中关村,神枪手,中午
金百万烤鸭（中关村店）,116.31199585838203,39.97589069189541,中关村,神枪手,中午
爷爷不泡茶（北京中关村大融城店）,116.3055693418236,39.98071241454444,中关村,神枪手,中午
田老师红烧肉(学清路店),116.3464820031118,40.01317781766797,中关村,神枪手,中午
汉堡王(北京融科资讯30354店),116.32019349728547,39.98162781534477,中关村,神枪手,中午
瑞幸咖啡(中关村科贸电子城店),116.31096036645124,39.98224638083349,中关村,神枪手,中午
南城香·饭香串香馄饨香（中关村南路店）,116.31279760680538,39.97949303213057,中关村,神枪手,中午
老乡鸡（北京海淀大街店）,116.30830810937644,39.98311228941738,中关村,神枪手,中午
嘉和一品粥（健康餐·皮蛋粥·焖面·清华店）,116.31419396293924,39.9755135464134,中关村,神枪手,中午
粤茗客茶点·港式茶餐厅（北京中关村店）,116.32645044296052,39.96305553563659,中关村,神枪手,中午
肯悦咖啡（海淀黄庄店）,116.31156482811514,39.97583750575587,中关村,神枪手,中午
煲仔皇煲仔饭（新中关店）,116.30948427242204,39.97719534652683,中关村,神枪手,中午
田老师红烧肉（中关村物美店）,116.31118192168124,39.98186298059522,中关村,神枪手,中午
汉堡王(北京融科资讯30354店),116.32019349728547,39.98162781534477,中关村,神枪手,中午
瑞幸咖啡(中关村科贸电子城店),116.31096036645124,39.98224638083349,中关村,神枪手,中午
爷爷不泡茶（北京中关村大融城店）,116.3055693418236,39.98071241454444,中关村,神枪手,中午
南城香·饭香串香馄饨香（中关村南路店）,116.31279760680538,39.97949303213057,中关村,神枪手,中午
眉州东坡(清华店),116.32858646342258,39.99522713771682,中关村,神枪手,中午
赛百味·三明治（北京中关村鼎好DH3店）,116.308792057463,39.983045395184384,中关村,神枪手,中午
库迪咖啡便利店(中关村科贸电子城店),116.31099325179864,39.98257530564258,中关村,神枪手,中午
半亩良田（排骨米饭·五道口店）,116.32150223637356,39.98360421678091,中关村,神枪手,中午
金百万烤鸭（中关村店）,116.31199585838203,39.97589069189541,中关村,神枪手,中午
爷爷不泡茶（北京中关村大融城店）,116.3055693418236,39.98071241454444,中关村,神枪手,中午
田老师红烧肉(学清路店),116.3464820031118,40.01317781766797,中关村,神枪手,中午
汉堡王(北京融科资讯30354店),116.32019349728547,39.98162781534477,中关村,神枪手,中午
瑞幸咖啡(中关村科贸电子城店),116.31096036645124,39.98224638083349,中关村,神枪手,中午
南城香·饭香串香馄饨香（中关村南路店）,116.31279760680538,39.97949303213057,中关村,神枪手,中午
老乡鸡（北京海淀大街店）,116.30830810937644,39.98311228941738,中关村,神枪手,中午
嘉和一品粥（健康餐·皮蛋粥·焖面·清华店）,116.31419396293924,39.9755135464134,中关村,神枪手,中午
粤茗客茶点·港式茶餐厅（北京中关村店）,116.32645044296052,39.96305553563659,中关村,神枪手,中午
肯悦咖啡（海淀黄庄店）,116.31156482811514,39.97583750575587,中关村,神枪手,中午
煲仔皇煲仔饭（新中关店）,116.30948427242204,39.97719534652683,中关村,神枪手,中午
田老师红烧肉（中关村物美店）,116.31118192168124,39.98186298059522,中关村,神枪手,中午
汉堡王(北京融科资讯30354店),116.32019349728547,39.98162781534477,中关村,神枪手,中午
瑞幸咖啡(中关村科贸电子城店),116.31096036645124,39.98224638083349,中关村,神枪手,中午
爷爷不泡茶（北京中关村大融城店）,116.3055693418236,39.98071241454444,中关村,神枪手,中午
南城香·饭香串香馄饨香（中关村南路店）,116.31279760680538,39.97949303213057,中关村,神枪手,中午
眉州东坡(清华店),116.32858646342258,39.99522713771682,中关村,神枪手,中午
赛百味·三明治（北京中关村鼎好DH3店）,116.308792057463,39.983045395184384,中关村,神枪手,中午
库迪咖啡便利店(中关村科贸电子城店),116.31099325179864,39.98257530564258,中关村,神枪手,中午
半亩良田（排骨米饭·五道口店）,116.32150223637356,39.98360421678091,中关村,神枪手,中午
金百万烤鸭（中关村店）,116.31199585838203,39.97589069189541,中关村,神枪手,中午
爷爷不泡茶（北京中关村大融城店）,116.3055693418236,39.98071241454444,中关村,神枪手,中午
田老师红烧肉(学清路店),116.3464820031118,40.01317781766797,中关村,神枪手,中午
汉堡王(北京融科资讯30354店),116.32019349728547,39.98162781534477,中关村,神枪手,中午
瑞幸咖啡(中关村科贸电子城店),116.31096036645124,39.98224638083349,中关村,神枪手,中午
南城香·饭香串香馄饨香（中关村南路店）,116.31279760680538,39.97949303213057,中关村,神枪手,中午
老乡鸡（北京海淀大街店）,116.30830810937644,39.98311228941738,中关村,神枪手,中午
嘉和一品粥（健康餐·皮蛋粥·焖面·清华店）,116.31419396293924,39.9755135464134,中关村,神枪手,中午
粤茗客茶点·港式茶餐厅（北京中关村店）,116.32645044296052,39.96305553563659,中关村,神枪手,中午
肯悦咖啡（海淀黄庄店）,116.31156482811514,39.97583750575587,中关村,神枪手,中午
煲仔皇煲仔饭（新中关店）,116.30948427242204,39.97719534652683,中关村,神枪手,中午
田老师红烧肉（中关村物美店）,116.31118192168124,39.98186298059522,中关村,神枪手,中午
汉堡王(北京融科资讯30354店),116.32019349728547,39.98162781534477,中关村,神枪手,中午
瑞幸咖啡(中关村科贸电子城店),116.31096036645124,39.98224638083349,中关村,神枪手,中午
爷爷不泡茶（北京中关村大融城店）,116.3055693418236,39.98071241454444,中关村,神枪手,中午
南城香·饭香串香馄饨香（中关村南路店）,116.31279760680538,39.97949303213057,中关村,神枪手,中午
眉州东坡(清华店),116.32858646342258,39.99522713771682,中关村,神枪手,中午
赛百味·三明治（北京中关村鼎好DH3店）,116.308792057463,39.983045395184384,中关村,神枪手,中午
库迪咖啡便利店(中关村科贸电子城店),116.31099325179864,39.98257530564258,中关村,神枪手,中午
半亩良田（排骨米饭·五道口店）,116.32150223637356,39.98360421678091,中关村,神枪手,中午
金百万烤鸭（中关村店）,116.31199585838203,39.97589069189541,中关村,神枪手,中午
爷爷不泡茶（北京中关村大融城店）,116.3055693418236,39.98071241454444,中关村,神枪手,中午
田老师红烧肉(学清路店),116.3464820031118,40.01317781766797,中关村,神枪手,中午
汉堡王(北京融科资讯30354店),116.32019349728547,39.98162781534477,中关村,神枪手,中午
瑞幸咖啡(中关村科贸电子城店),116.31096036645124,39.98224638083349,中关村,神枪手,中午
南城香·饭香串香馄饨香（中关村南路店）,116.31279760680538,39.97949303213057,中关村,神枪手,中午
老乡鸡（北京海淀大街店）,116.30830810937644,39.98311228941738,中关村,神枪手,中午
嘉和一品粥（健康餐·皮蛋粥·焖面·清华店）,116.31419396293924,39.9755135464134,中关村,神枪手,中午
粤茗客茶点·港式茶餐厅（北京中关村店）,116.32645044296052,39.96305553563659,中关村,神枪手,中午
肯悦咖啡（海淀黄庄店）,116.31156482811514,39.97583750575587,中关村,神枪手,中午
煲仔皇煲仔饭（新中关店）,116.30948427242204,39.97719534652683,中关村,神枪手,中午
田老师红烧肉（中关村物美店）,116.31118192168124,39.98186298059522,中关村,神枪手,中午
汉堡王(北京融科资讯30354店),116.32019349728547,39.98162781534477,中关村,神枪手,中午
瑞幸咖啡(中关村科贸电子城店),116.31096036645124,39.98224638083349,中关村,神枪手,中午
爷爷不泡茶（北京中关村大融城店）,116.3055693418236,39.98071241454444,中关村,神枪手,中午
南城香·饭香串香馄饨香（中关村南路店）,116.31279760680538,39.97949303213057,中关村,神枪手,中午
眉州东坡(清华店),116.32858646342258,39.99522713771682,中关村,神枪手,中午
赛百味·三明治（北京中关村鼎好DH3店）,116.308792057463,39.983045395184384,中关村,神枪手,中午
库迪咖啡便利店(中关村科贸电子城店),116.31099325179864,39.98257530564258,中关村,神枪手,中午
半亩良田（排骨米饭·五道口店）,116.32150223637356,39.98360421678091,中关村,神枪手,中午
金百万烤鸭（中关村店）,116.31199585838203,39.97589069189541,中关村,神枪手,中午
爷爷不泡茶（北京中关村大融城店）,116.3055693418236,39.98071241454444,中关村,神枪手,中午
田老师红烧肉(学清路店),116.3464820031118,40.01317781766797,中关村,神枪手,中午
汉堡王(北京融科资讯30354店),116.32019349728547,39.98162781534477,中关村,神枪手,中午
瑞幸咖啡(中关村科贸电子城店),116.31096036645124,39.98224638083349,中关村,神枪手,中午
南城香·饭香串香馄饨香（中关村南路店）,116.31279760680538,39.97949303213057,中关村,神枪手,中午
老乡鸡（北京海淀大街店）,116.30830810937644,39.98311228941738,中关村,神枪手,中午
嘉和一品粥（健康餐·皮蛋粥·焖面·清华店）,116.31419396293924,39.9755135464134,中关村,神枪手,中午
粤茗客茶点·港式茶餐厅（北京中关村店）,116.32645044296052,39.96305553563659,中关村,神枪手,中午
肯悦咖啡（海淀黄庄店）,116.31156482811514,39.97583750575587,中关村,神枪手,中午
煲仔皇煲仔饭（新中关店）,116.30948427242204,39.97719534652683,中关村,神枪手,中午
田老师红烧肉（中关村物美店）,116.31118192168124,39.98186298059522,中关村,神枪手,中午
汉堡王(北京融科资讯30354店),116.32019349728547,39.98162781534477,中关村,神枪手,中午
瑞幸咖啡(中关村科贸电子城店),116.31096036645124,39.98224638083349,中关村,神枪手,中午
爷爷不泡茶（北京中关村大融城店）,116.3055693418236,39.98071241454444,中关村,神枪手,中午
南城香·饭香串香馄饨香（中关村南路店）,116.31279760680538,39.97949303213057,中关村,神枪手,中午
眉州东坡(清华店),116.32858646342258,39.99522713771682,中关村,神枪手,中午
赛百味·三明治（北京中关村鼎好DH3店）,116.308792057463,39.983045395184384,中关村,神枪手,中午
库迪咖啡便利店(中关村科贸电子城店),116.31099325179864,39.98257530564258,中关村,神枪手,中午
半亩良田（排骨米饭·五道口店）,116.32150223637356,39.98360421678091,中关村,神枪手,中午
金百万烤鸭（中关村店）,116.31199585838203,39.97589069189541,中关村,神枪手,中午
爷爷不泡茶（北京中关村大融城店）,116.3055693418236,39.98071241454444,中关村,神枪手,中午
田老师红烧肉(学清路店),116.3464820031118,40.01317781766797,中关村,神枪手,中午
汉堡王(北京融科资讯30354店),116.32019349728547,39.98162781534477,中关村,神枪手,中午
瑞幸咖啡(中关村科贸电子城店),116.31096036645124,39.98224638083349,中关村,神枪手,中午
南城香·饭香串香馄饨香（中关村南路店）,116.31279760680538,39.97949303213057,中关村,神枪手,中午
老乡鸡（北京海淀大街店）,116.30830810937644,39.98311228941738,中关村,神枪手,中午
嘉和一品粥（健康餐·皮蛋粥·焖面·清华店）,116.31419396293924,39.9755135464134,中关村,神枪手,中午
粤茗客茶点·港式茶餐厅（北京中关村店）,116.32645044296052,39.96305553563659,中关村,神枪手,中午
肯悦咖啡（海淀黄庄店）,116.31156482811514,39.97583750575587,中关村,神枪手,中午
煲仔皇煲仔饭（新中关店）,116.30948427242204,39.97719534652683,中关村,神枪手,中午
田老师红烧肉（中关村物美店）,116.31118192168124,39.98186298059522,中关村,神枪手,中午
汉堡王(北京融科资讯30354店),116.32019349728547,39.98162781534477,中关村,神枪手,中午
瑞幸咖啡(中关村科贸电子城店),116.31096036645124,39.98224638083349,中关村,神枪手,中午
爷爷不泡茶（北京中关村大融城店）,116.3055693418236,39.98071241454444,中关村,神枪手,中午
南城香·饭香串香馄饨香（中关村南路店）,116.31279760680538,39.97949303213057,中关村,神枪手,中午
眉州东坡(清华店),116.32858646342258,39.99522713771682,中关村,神枪手,中午
赛百味·三明治（北京中关村鼎好DH3店）,116.308792057463,39.983045395184384,中关村,神枪手,中午
库迪咖啡便利店(中关村科贸电子城店),116.31099325179864,39.98257530564258,中关村,神枪手,中午
半亩良田（排骨米饭·五道口店）,116.32150223637356,39.98360421678091,中关村,神枪手,中午
金百万烤鸭（中关村店）,116.31199585838203,39.97589069189541,中关村,神枪手,中午
爷爷不泡茶（北京中关村大融城店）,116.3055693418236,39.98071241454444,中关村,神枪手,中午
田老师红烧肉(学清路店),116.3464820031118,40.01317781766797,中关村,神枪手,中午
汉堡王(北京融科资讯30354店),116.32019349728547,39.98162781534477,中关村,神枪手,中午
瑞幸咖啡(中关村科贸电子城店),116.31096036645124,39.98224638083349,中关村,神枪手,中午
南城香·饭香串香馄饨香（中关村南路店）,116.31279760680538,39.97949303213057,中关村,神枪手,中午
老乡鸡（北京海淀大街店）,116.30830810937644,39.98311228941738,中关村,神枪手,中午
嘉和一品粥（健康餐·皮蛋粥·焖面·清华店）,116.31419396293924,39.9755135464134,中关村,神枪手,中午
粤茗客茶点·港式茶餐厅（北京中关村店）,116.32645044296052,39.96305553563659,中关村,神枪手,中午
肯悦咖啡（海淀黄庄店）,116.31156482811514,39.97583750575587,中关村,神枪手,中午
煲仔皇煲仔饭（新中关店）,116.30948427242204,39.97719534652683,中关村,神枪手,中午
田老师红烧肉（中关村物美店）,116.31118192168124,39.98186298059522,中关村,神枪手,中午
汉堡王(北京融科资讯30354店),116.32019349728547,39.98162781534477,中关村,神枪手,中午
瑞幸咖啡(中关村科贸电子城店),116.31096036645124,39.98224638083349,中关村,神枪手,中午
爷爷不泡茶（北京中关村大融城店）,116.3055693418236,39.98071241454444,中关村,神枪手,中午
南城香·饭香串香馄饨香（中关村南路店）,116.31279760680538,39.97949303213057,中关村,神枪手,中午
眉州东坡(清华店),116.32858646342258,39.99522713771682,中关村,神枪手,中午
赛百味·三明治（北京中关村鼎好DH3店）,116.308792057463,39.983045395184384,中关村,神枪手,中午
库迪咖啡便利店(中关村科贸电子城店),116.31099325179864,39.98257530564258,中关村,神枪手,中午
半亩良田（排骨米饭·五道口店）,116.32150223637356,39.98360421678091,中关村,神枪手,中午
金百万烤鸭（中关村店）,116.31199585838203,39.97589069189541,中关村,神枪手,中午
爷爷不泡茶（北京中关村大融城店）,116.3055693418236,39.98071241454444,中关村,神枪手,中午
田老师红烧肉(学清路店),116.3464820031118,40.01317781766797,中关村,神枪手,中午
汉堡王(北京融科资讯30354店),116.32019349728547,39.98162781534477,中关村,神枪手,中午
瑞幸咖啡(中关村科贸电子城店),116.31096036645124,39.98224638083349,中关村,神枪手,中午
南城香·饭香串香馄饨香（中关村南路店）,116.31279760680538,39.97949303213057,中关村,神枪手,中午
老乡鸡（北京海淀大街店）,116.30830810937644,39.98311228941738,中关村,神枪手,中午
嘉和一品粥（健康餐·皮蛋粥·焖面·清华店）,116.31419396293924,39.9755135464134,中关村,神枪手,中午
粤茗客茶点·港式茶餐厅（北京中关村店）,116.32645044296052,39.96305553563659,中关村,神枪手,中午
肯悦咖啡（海淀黄庄店）,116.31156482811514,39.97583750575587,中关村,神枪手,中午
煲仔皇煲仔饭（新中关店）,116.30948427242204,39.97719534652683,中关村,神枪手,中午
田老师红烧肉（中关村物美店）,116.31118192168124,39.98186298059522,中关村,神枪手,中午
汉堡王(北京融科资讯30354店),116.32019349728547,39.98162781534477,中关村,神枪手,中午
瑞幸咖啡(中关村科贸电子城店),116.31096036645124,39.98224638083349,中关村,神枪手,中午
爷爷不泡茶（北京中关村大融城店）,116.3055693418236,39.98071241454444,中关村,神枪手,中午
南城香·饭香串香馄饨香（中关村南路店）,116.31279760680538,39.97949303213057,中关村,神枪手,中午
眉州东坡(清华店),116.32858646342258,39.99522713771682,中关村,神枪手,中午
赛百味·三明治（北京中关村鼎好DH3店）,116.308792057463,39.983045395184384,中关村,神枪手,中午
库迪咖啡便利店(中关村科贸电子城店),116.31099325179864,39.98257530564258,中关村,神枪手,中午
半亩良田（排骨米饭·五道口店）,116.32150223637356,39.98360421678091,中关村,神枪手,中午
金百万烤鸭（中关村店）,116.31199585838203,39.97589069189541,中关村,神枪手,中午
爷爷不泡茶（北京中关村大融城店）,116.3055693418236,39.98071241454444,中关村,神枪手,中午
田老师红烧肉(学清路店),116.3464820031118,40.01317781766797,中关村,神枪手,中午
汉堡王(北京融科资讯30354店),116.32019349728547,39.98162781534477,中关村,神枪手,中午
瑞幸咖啡(中关村科贸电子城店),116.31096036645124,39.98224638083349,中关村,神枪手,中午
南城香·饭香串香馄饨香（中关村南路店）,116.31279760680538,39.97949303213057,中关村,神枪手,中午
老乡鸡（北京海淀大街店）,116.30830810937644,39.98311228941738,中关村,神枪手,中午
嘉和一品粥（健康餐·皮蛋粥·焖面·清华店）,116.31419396293924,39.9755135464134,中关村,神枪手,中午
粤茗客茶点·港式茶餐厅（北京中关村店）,116.32645044296052,39.96305553563659,中关村,神枪手,中午
肯悦咖啡（海淀黄庄店）,116.31156482811514,39.97583750575587,中关村,神枪手,中午
煲仔皇煲仔饭（新中关店）,116.30948427242204,39.97719534652683,中关村,神枪手,中午
田老师红烧肉（中关村物美店）,116.31118192168124,39.98186298059522,中关村,神枪手,中午
汉堡王(北京融科资讯30354店),116.32019349728547,39.98162781534477,中关村,神枪手,中午
瑞幸咖啡(中关村科贸电子城店),116.31096036645124,39.98224638083349,中关村,神枪手,中午
爷爷不泡茶（北京中关村大融城店）,116.3055693418236,39.98071241454444,中关村,神枪手,中午
南城香·饭香串香馄饨香（中关村南路店）,116.31279760680538,39.97949303213057,中关村,神枪手,中午
眉州东坡(清华店),116.32858646342258,39.99522713771682,中关村,神枪手,中午
赛百味·三明治（北京中关村鼎好DH3店）,116.308792057463,39.983045395184384,中关村,神枪手,中午
嘉和一品粥(健康餐·皮蛋粥·焖面·知春路店),116.33689718848288,39.97568235650736,中关村,神枪手,宵夜
沪上阿姨·精选茶饮(中关村地铁站店),116.31045614434136,39.98495821438499,中关村,神枪手,宵夜
李先生牛肉面（北京中关村店）,116.3108407448105,39.9813556416813,中关村,神枪手,宵夜
肯德基宅急送（中石化中关村店）,116.31106130712924,39.98093624497155,中关村,神枪手,宵夜
Obligi Chicken韩式炸鸡（第四号档口营养小厨美食城店）,116.31696202202669,39.96484469320711,中关村,神枪手,宵夜
食夫指·手撕烤鸭（学清路店）,116.34471211473446,40.009437002676094,中关村,神枪手,宵夜
蜜雪冰城（中关村5号店）,116.306459314583,39.98161775371008,中关村,神枪手,宵夜
一碗香●麻辣香锅●新鲜现炒（西直门店）,116.34458479823108,39.91964590149269,中关村,神枪手,宵夜
鱼你在一起(海淀中关村五号院店),116.30650619943884,39.98172866335967,中关村,神枪手,宵夜
肯德基宅急送（中石化中关村店）,116.31106130712924,39.98093624497155,中关村,神枪手,宵夜
沪上阿姨·精选茶饮(中关村地铁站店),116.31045614434136,39.98495821438499,中关村,神枪手,宵夜
西部马华牛肉面烧烤（海淀黄庄店）,116.31419994462564,39.97555153351252,中关村,神枪手,宵夜
Obligi Chicken韩式炸鸡（第四号档口营养小厨美食城店）,116.31696202202669,39.96484469320711,中关村,神枪手,宵夜
麦当劳＆麦咖啡（北京善缘街店）,116.30649426701544,39.98139669877619,中关村,神枪手,宵夜
醉爱黄焖鸡米饭排骨米饭（五道口店）,116.33443976635932,39.998472953991744,中关村,神枪手,宵夜
嘉和一品粥（健康餐·皮蛋粥·焖面·银网中心店）,116.31419396293924,39.9755135464134,中关村,神枪手,宵夜
鲜芋仙·芋圆·仙草（北京中关村大融城店）,116.30529003312354,39.97996795248706,中关村,神枪手,宵夜
嘉和一品粥(健康餐·皮蛋粥·焖面·知春路店),116.33689718848288,39.97568235650736,中关村,神枪手,宵夜
沪上阿姨·精选茶饮(中关村地铁站店),116.31045614434136,39.98495821438499,中关村,神枪手,宵夜
李先生牛肉面（北京中关村店）,116.3108407448105,39.9813556416813,中关村,神枪手,宵夜
肯德基宅急送（中石化中关村店）,116.31106130712924,39.98093624497155,中关村,神枪手,宵夜
Obligi Chicken韩式炸鸡（第四号档口营养小厨美食城店）,116.31696202202669,39.96484469320711,中关村,神枪手,宵夜
食夫指·手撕烤鸭（学清路店）,116.34471211473446,40.009437002676094,中关村,神枪手,宵夜
蜜雪冰城（中关村5号店）,116.306459314583,39.98161775371008,中关村,神枪手,宵夜
一碗香●麻辣香锅●新鲜现炒（西直门店）,116.34458479823108,39.91964590149269,中关村,神枪手,宵夜
鱼你在一起(海淀中关村五号院店),116.30650619943884,39.98172866335967,中关村,神枪手,宵夜
肯德基宅急送（中石化中关村店）,116.31106130712924,39.98093624497155,中关村,神枪手,宵夜
沪上阿姨·精选茶饮(中关村地铁站店),116.31045614434136,39.98495821438499,中关村,神枪手,宵夜
西部马华牛肉面烧烤（海淀黄庄店）,116.31419994462564,39.97555153351252,中关村,神枪手,宵夜
Obligi Chicken韩式炸鸡（第四号档口营养小厨美食城店）,116.31696202202669,39.96484469320711,中关村,神枪手,宵夜
麦当劳＆麦咖啡（北京善缘街店）,116.30649426701544,39.98139669877619,中关村,神枪手,宵夜
醉爱黄焖鸡米饭排骨米饭（五道口店）,116.33443976635932,39.998472953991744,中关村,神枪手,宵夜
嘉和一品粥（健康餐·皮蛋粥·焖面·银网中心店）,116.31419396293924,39.9755135464134,中关村,神枪手,宵夜
鲜芋仙·芋圆·仙草（北京中关村大融城店）,116.30529003312354,39.97996795248706,中关村,神枪手,宵夜
嘉和一品粥(健康餐·皮蛋粥·焖面·知春路店),116.33689718848288,39.97568235650736,中关村,神枪手,宵夜
沪上阿姨·精选茶饮(中关村地铁站店),116.31045614434136,39.98495821438499,中关村,神枪手,宵夜
李先生牛肉面（北京中关村店）,116.3108407448105,39.9813556416813,中关村,神枪手,宵夜
肯德基宅急送（中石化中关村店）,116.31106130712924,39.98093624497155,中关村,神枪手,宵夜
Obligi Chicken韩式炸鸡（第四号档口营养小厨美食城店）,116.31696202202669,39.96484469320711,中关村,神枪手,宵夜
食夫指·手撕烤鸭（学清路店）,116.34471211473446,40.009437002676094,中关村,神枪手,宵夜
蜜雪冰城（中关村5号店）,116.306459314583,39.98161775371008,中关村,神枪手,宵夜
一碗香●麻辣香锅●新鲜现炒（西直门店）,116.34458479823108,39.91964590149269,中关村,神枪手,宵夜
鱼你在一起(海淀中关村五号院店),116.30650619943884,39.98172866335967,中关村,神枪手,宵夜
肯德基宅急送（中石化中关村店）,116.31106130712924,39.98093624497155,中关村,神枪手,宵夜
沪上阿姨·精选茶饮(中关村地铁站店),116.31045614434136,39.98495821438499,中关村,神枪手,宵夜
西部马华牛肉面烧烤（海淀黄庄店）,116.31419994462564,39.97555153351252,中关村,神枪手,宵夜
Obligi Chicken韩式炸鸡（第四号档口营养小厨美食城店）,116.31696202202669,39.96484469320711,中关村,神枪手,宵夜
麦当劳＆麦咖啡（北京善缘街店）,116.30649426701544,39.98139669877619,中关村,神枪手,宵夜
醉爱黄焖鸡米饭排骨米饭（五道口店）,116.33443976635932,39.998472953991744,中关村,神枪手,宵夜
嘉和一品粥（健康餐·皮蛋粥·焖面·银网中心店）,116.31419396293924,39.9755135464134,中关村,神枪手,宵夜
鲜芋仙·芋圆·仙草（北京中关村大融城店）,116.30529003312354,39.97996795248706,中关村,神枪手,宵夜
嘉和一品粥(健康餐·皮蛋粥·焖面·知春路店),116.33689718848288,39.97568235650736,中关村,神枪手,宵夜
沪上阿姨·精选茶饮(中关村地铁站店),116.31045614434136,39.98495821438499,中关村,神枪手,宵夜
李先生牛肉面（北京中关村店）,116.3108407448105,39.9813556416813,中关村,神枪手,宵夜
肯德基宅急送（中石化中关村店）,116.31106130712924,39.98093624497155,中关村,神枪手,宵夜
Obligi Chicken韩式炸鸡（第四号档口营养小厨美食城店）,116.31696202202669,39.96484469320711,中关村,神枪手,宵夜
食夫指·手撕烤鸭（学清路店）,116.34471211473446,40.009437002676094,中关村,神枪手,宵夜
蜜雪冰城（中关村5号店）,116.306459314583,39.98161775371008,中关村,神枪手,宵夜
一碗香●麻辣香锅●新鲜现炒（西直门店）,116.34458479823108,39.91964590149269,中关村,神枪手,宵夜
鱼你在一起(海淀中关村五号院店),116.30650619943884,39.98172866335967,中关村,神枪手,宵夜
肯德基宅急送（中石化中关村店）,116.31106130712924,39.98093624497155,中关村,神枪手,宵夜
沪上阿姨·精选茶饮(中关村地铁站店),116.31045614434136,39.98495821438499,中关村,神枪手,宵夜
西部马华牛肉面烧烤（海淀黄庄店）,116.31419994462564,39.97555153351252,中关村,神枪手,宵夜
Obligi Chicken韩式炸鸡（第四号档口营养小厨美食城店）,116.31696202202669,39.96484469320711,中关村,神枪手,宵夜
麦当劳＆麦咖啡（北京善缘街店）,116.30649426701544,39.98139669877619,中关村,神枪手,宵夜
醉爱黄焖鸡米饭排骨米饭（五道口店）,116.33443976635932,39.998472953991744,中关村,神枪手,宵夜
嘉和一品粥（健康餐·皮蛋粥·焖面·银网中心店）,116.31419396293924,39.9755135464134,中关村,神枪手,宵夜
鲜芋仙·芋圆·仙草（北京中关村大融城店）,116.30529003312354,39.97996795248706,中关村,神枪手,宵夜
嘉和一品粥(健康餐·皮蛋粥·焖面·知春路店),116.33689718848288,39.97568235650736,中关村,神枪手,宵夜
沪上阿姨·精选茶饮(中关村地铁站店),116.31045614434136,39.98495821438499,中关村,神枪手,宵夜
李先生牛肉面（北京中关村店）,116.3108407448105,39.9813556416813,中关村,神枪手,宵夜
肯德基宅急送（中石化中关村店）,116.31106130712924,39.98093624497155,中关村,神枪手,宵夜
Obligi Chicken韩式炸鸡（第四号档口营养小厨美食城店）,116.31696202202669,39.96484469320711,中关村,神枪手,宵夜
食夫指·手撕烤鸭（学清路店）,116.34471211473446,40.009437002676094,中关村,神枪手,宵夜
蜜雪冰城（中关村5号店）,116.306459314583,39.98161775371008,中关村,神枪手,宵夜
一碗香●麻辣香锅●新鲜现炒（西直门店）,116.34458479823108,39.91964590149269,中关村,神枪手,宵夜
鱼你在一起(海淀中关村五号院店),116.30650619943884,39.98172866335967,中关村,神枪手,宵夜
肯德基宅急送（中石化中关村店）,116.31106130712924,39.98093624497155,中关村,神枪手,宵夜
沪上阿姨·精选茶饮(中关村地铁站店),116.31045614434136,39.98495821438499,中关村,神枪手,宵夜
西部马华牛肉面烧烤（海淀黄庄店）,116.31419994462564,39.97555153351252,中关村,神枪手,宵夜
Obligi Chicken韩式炸鸡（第四号档口营养小厨美食城店）,116.31696202202669,39.96484469320711,中关村,神枪手,宵夜
麦当劳＆麦咖啡（北京善缘街店）,116.30649426701544,39.98139669877619,中关村,神枪手,宵夜
醉爱黄焖鸡米饭排骨米饭（五道口店）,116.33443976635932,39.998472953991744,中关村,神枪手,宵夜
嘉和一品粥（健康餐·皮蛋粥·焖面·银网中心店）,116.31419396293924,39.9755135464134,中关村,神枪手,宵夜
鲜芋仙·芋圆·仙草（北京中关村大融城店）,116.30529003312354,39.97996795248706,中关村,神枪手,宵夜
嘉和一品粥(健康餐·皮蛋粥·焖面·知春路店),116.33689718848288,39.97568235650736,中关村,神枪手,宵夜
沪上阿姨·精选茶饮(中关村地铁站店),116.31045614434136,39.98495821438499,中关村,神枪手,宵夜
李先生牛肉面（北京中关村店）,116.3108407448105,39.9813556416813,中关村,神枪手,宵夜
肯德基宅急送（中石化中关村店）,116.31106130712924,39.98093624497155,中关村,神枪手,宵夜
Obligi Chicken韩式炸鸡（第四号档口营养小厨美食城店）,116.31696202202669,39.96484469320711,中关村,神枪手,宵夜
食夫指·手撕烤鸭（学清路店）,116.34471211473446,40.009437002676094,中关村,神枪手,宵夜
蜜雪冰城（中关村5号店）,116.306459314583,39.98161775371008,中关村,神枪手,宵夜
一碗香●麻辣香锅●新鲜现炒（西直门店）,116.34458479823108,39.91964590149269,中关村,神枪手,宵夜
鱼你在一起(海淀中关村五号院店),116.30650619943884,39.98172866335967,中关村,神枪手,宵夜
肯德基宅急送（中石化中关村店）,116.31106130712924,39.98093624497155,中关村,神枪手,宵夜
沪上阿姨·精选茶饮(中关村地铁站店),116.31045614434136,39.98495821438499,中关村,神枪手,宵夜
西部马华牛肉面烧烤（海淀黄庄店）,116.31419994462564,39.97555153351252,中关村,神枪手,宵夜
Obligi Chicken韩式炸鸡（第四号档口营养小厨美食城店）,116.31696202202669,39.96484469320711,中关村,神枪手,宵夜
麦当劳＆麦咖啡（北京善缘街店）,116.30649426701544,39.98139669877619,中关村,神枪手,宵夜
醉爱黄焖鸡米饭排骨米饭（五道口店）,116.33443976635932,39.998472953991744,中关村,神枪手,宵夜
嘉和一品粥（健康餐·皮蛋粥·焖面·银网中心店）,116.31419396293924,39.9755135464134,中关村,神枪手,宵夜
鲜芋仙·芋圆·仙草（北京中关村大融城店）,116.30529003312354,39.97996795248706,中关村,神枪手,宵夜
嘉和一品粥(健康餐·皮蛋粥·焖面·知春路店),116.33689718848288,39.97568235650736,中关村,神枪手,宵夜
沪上阿姨·精选茶饮(中关村地铁站店),116.31045614434136,39.98495821438499,中关村,神枪手,宵夜
李先生牛肉面（北京中关村店）,116.3108407448105,39.9813556416813,中关村,神枪手,宵夜
肯德基宅急送（中石化中关村店）,116.31106130712924,39.98093624497155,中关村,神枪手,宵夜
Obligi Chicken韩式炸鸡（第四号档口营养小厨美食城店）,116.31696202202669,39.96484469320711,中关村,神枪手,宵夜
食夫指·手撕烤鸭（学清路店）,116.34471211473446,40.009437002676094,中关村,神枪手,宵夜
蜜雪冰城（中关村5号店）,116.306459314583,39.98161775371008,中关村,神枪手,宵夜
一碗香●麻辣香锅●新鲜现炒（西直门店）,116.34458479823108,39.91964590149269,中关村,神枪手,宵夜
鱼你在一起(海淀中关村五号院店),116.30650619943884,39.98172866335967,中关村,神枪手,宵夜
肯德基宅急送（中石化中关村店）,116.31106130712924,39.98093624497155,中关村,神枪手,宵夜
沪上阿姨·精选茶饮(中关村地铁站店),116.31045614434136,39.98495821438499,中关村,神枪手,宵夜
西部马华牛肉面烧烤（海淀黄庄店）,116.31419994462564,39.97555153351252,中关村,神枪手,宵夜
Obligi Chicken韩式炸鸡（第四号档口营养小厨美食城店）,116.31696202202669,39.96484469320711,中关村,神枪手,宵夜
麦当劳＆麦咖啡（北京善缘街店）,116.30649426701544,39.98139669877619,中关村,神枪手,宵夜
醉爱黄焖鸡米饭排骨米饭（五道口店）,116.33443976635932,39.998472953991744,中关村,神枪手,宵夜
嘉和一品粥（健康餐·皮蛋粥·焖面·银网中心店）,116.31419396293924,39.9755135464134,中关村,神枪手,宵夜
鲜芋仙·芋圆·仙草（北京中关村大融城店）,116.30529003312354,39.97996795248706,中关村,神枪手,宵夜
嘉和一品粥(健康餐·皮蛋粥·焖面·知春路店),116.33689718848288,39.97568235650736,中关村,神枪手,宵夜
沪上阿姨·精选茶饮(中关村地铁站店),116.31045614434136,39.98495821438499,中关村,神枪手,宵夜
李先生牛肉面（北京中关村店）,116.3108407448105,39.9813556416813,中关村,神枪手,宵夜
肯德基宅急送（中石化中关村店）,116.31106130712924,39.98093624497155,中关村,神枪手,宵夜
Obligi Chicken韩式炸鸡（第四号档口营养小厨美食城店）,116.31696202202669,39.96484469320711,中关村,神枪手,宵夜
食夫指·手撕烤鸭（学清路店）,116.34471211473446,40.009437002676094,中关村,神枪手,宵夜
蜜雪冰城（中关村5号店）,116.306459314583,39.98161775371008,中关村,神枪手,宵夜
一碗香●麻辣香锅●新鲜现炒（西直门店）,116.34458479823108,39.91964590149269,中关村,神枪手,宵夜
鱼你在一起(海淀中关村五号院店),116.30650619943884,39.98172866335967,中关村,神枪手,宵夜
肯德基宅急送（中石化中关村店）,116.31106130712924,39.98093624497155,中关村,神枪手,宵夜
沪上阿姨·精选茶饮(中关村地铁站店),116.31045614434136,39.98495821438499,中关村,神枪手,宵夜
西部马华牛肉面烧烤（海淀黄庄店）,116.31419994462564,39.97555153351252,中关村,神枪手,宵夜
Obligi Chicken韩式炸鸡（第四号档口营养小厨美食城店）,116.31696202202669,39.96484469320711,中关村,神枪手,宵夜
麦当劳＆麦咖啡（北京善缘街店）,116.30649426701544,39.98139669877619,中关村,神枪手,宵夜
醉爱黄焖鸡米饭排骨米饭（五道口店）,116.33443976635932,39.998472953991744,中关村,神枪手,宵夜
嘉和一品粥（健康餐·皮蛋粥·焖面·银网中心店）,116.31419396293924,39.9755135464134,中关村,神枪手,宵夜
鲜芋仙·芋圆·仙草（北京中关村大融城店）,116.30529003312354,39.97996795248706,中关村,神枪手,宵夜
嘉和一品粥(健康餐·皮蛋粥·焖面·知春路店),116.33689718848288,39.97568235650736,中关村,神枪手,宵夜
沪上阿姨·精选茶饮(中关村地铁站店),116.31045614434136,39.98495821438499,中关村,神枪手,宵夜
李先生牛肉面（北京中关村店）,116.3108407448105,39.9813556416813,中关村,神枪手,宵夜
肯德基宅急送（中石化中关村店）,116.31106130712924,39.98093624497155,中关村,神枪手,宵夜
Obligi Chicken韩式炸鸡（第四号档口营养小厨美食城店）,116.31696202202669,39.96484469320711,中关村,神枪手,宵夜
食夫指·手撕烤鸭（学清路店）,116.34471211473446,40.009437002676094,中关村,神枪手,宵夜
蜜雪冰城（中关村5号店）,116.306459314583,39.98161775371008,中关村,神枪手,宵夜
一碗香●麻辣香锅●新鲜现炒（西直门店）,116.34458479823108,39.91964590149269,中关村,神枪手,宵夜
鱼你在一起(海淀中关村五号院店),116.30650619943884,39.98172866335967,中关村,神枪手,宵夜
肯德基宅急送（中石化中关村店）,116.31106130712924,39.98093624497155,中关村,神枪手,宵夜
沪上阿姨·精选茶饮(中关村地铁站店),116.31045614434136,39.98495821438499,中关村,神枪手,宵夜
西部马华牛肉面烧烤（海淀黄庄店）,116.31419994462564,39.97555153351252,中关村,神枪手,宵夜
Obligi Chicken韩式炸鸡（第四号档口营养小厨美食城店）,116.31696202202669,39.96484469320711,中关村,神枪手,宵夜
麦当劳＆麦咖啡（北京善缘街店）,116.30649426701544,39.98139669877619,中关村,神枪手,宵夜
醉爱黄焖鸡米饭排骨米饭（五道口店）,116.33443976635932,39.998472953991744,中关村,神枪手,宵夜
嘉和一品粥（健康餐·皮蛋粥·焖面·银网中心店）,116.31419396293924,39.9755135464134,中关村,神枪手,宵夜
鲜芋仙·芋圆·仙草（北京中关村大融城店）,116.30529003312354,39.97996795248706,中关村,神枪手,宵夜
嘉和一品粥(健康餐·皮蛋粥·焖面·知春路店),116.33689718848288,39.97568235650736,中关村,神枪手,宵夜
沪上阿姨·精选茶饮(中关村地铁站店),116.31045614434136,39.98495821438499,中关村,神枪手,宵夜
李先生牛肉面（北京中关村店）,116.3108407448105,39.9813556416813,中关村,神枪手,宵夜
肯德基宅急送（中石化中关村店）,116.31106130712924,39.98093624497155,中关村,神枪手,宵夜
Obligi Chicken韩式炸鸡（第四号档口营养小厨美食城店）,116.31696202202669,39.96484469320711,中关村,神枪手,宵夜
食夫指·手撕烤鸭（学清路店）,116.34471211473446,40.009437002676094,中关村,神枪手,宵夜
蜜雪冰城（中关村5号店）,116.306459314583,39.98161775371008,中关村,神枪手,宵夜
一碗香●麻辣香锅●新鲜现炒（西直门店）,116.34458479823108,39.91964590149269,中关村,神枪手,宵夜
鱼你在一起(海淀中关村五号院店),116.30650619943884,39.98172866335967,中关村,神枪手,宵夜
肯德基宅急送（中石化中关村店）,116.31106130712924,39.98093624497155,中关村,神枪手,宵夜
沪上阿姨·精选茶饮(中关村地铁站店),116.31045614434136,39.98495821438499,中关村,神枪手,宵夜
西部马华牛肉面烧烤（海淀黄庄店）,116.31419994462564,39.97555153351252,中关村,神枪手,宵夜
Obligi Chicken韩式炸鸡（第四号档口营养小厨美食城店）,116.31696202202669,39.96484469320711,中关村,神枪手,宵夜
麦当劳＆麦咖啡（北京善缘街店）,116.30649426701544,39.98139669877619,中关村,神枪手,宵夜
醉爱黄焖鸡米饭排骨米饭（五道口店）,116.33443976635932,39.998472953991744,中关村,神枪手,宵夜
嘉和一品粥（健康餐·皮蛋粥·焖面·银网中心店）,116.31419396293924,39.9755135464134,中关村,神枪手,宵夜
鲜芋仙·芋圆·仙草（北京中关村大融城店）,116.30529003312354,39.97996795248706,中关村,神枪手,宵夜
南城香·饭香串香馄饨香（丰台大悦春风里店）,116.35939213032763,39.8080209428952,中关村,神枪手,晚餐
库迪咖啡(北京新宫店),116.50937933158104,39.92752718494437,中关村,神枪手,晚餐
门框胡同百年卤煮（嘉园路店）,116.45655266120032,39.92768906000055,中关村,神枪手,晚餐
田老师红烧肉(丰台南苑西路店),116.3609677345487,39.806734899624544,中关村,神枪手,晚餐
汉堡王（槐房万达23266店）,116.36049663756724,39.81346502564512,中关村,神枪手,晚餐
瑞幸咖啡(槐房西路万达广场店),116.36266734339004,39.81250723410746,中关村,神枪手,晚餐
金百万烤鸭·春饼（角门店）,116.51057699030947,39.933151407491344,中关村,神枪手,晚餐
南城香·饭香串香馄饨香（丰台大悦春风里店）,116.35939213032763,39.8080209428952,中关村,神枪手,晚餐
沪上阿姨·精选茶饮(槐房万达店),116.36073728535436,39.813189721834846,中关村,神枪手,晚餐
华莱士·全鸡汉堡（鸿坤广场店）,116.333792556311,39.79020501659451,中关村,神枪手,晚餐
杨记老门框百年卤煮（西红门店）,116.35842018533609,39.83616433272074,中关村,神枪手,晚餐
库迪咖啡(北京新宫店),116.50937933158104,39.92752718494437,中关村,神枪手,晚餐
田老师红烧肉(丰台南苑西路店),116.3609677345487,39.806734899624544,中关村,神枪手,晚餐
京派鲜卤（西红门店）,116.33416773092031,39.79802566330509,中关村,神枪手,晚餐
汉堡王（槐房万达23266店）,116.36049663756724,39.81346502564512,中关村,神枪手,晚餐
瑞幸咖啡(槐房西路万达广场店),116.36266734339004,39.81250723410746,中关村,神枪手,晚餐
紫光园·烤鸭（马家堡西里店）,116.5120628760948,39.92073116402058,中关村,神枪手,晚餐
南城香·饭香串香馄饨香（丰台大悦春风里店）,116.35939213032763,39.8080209428952,中关村,神枪手,晚餐
喜茶（北京槐房万达店）,116.36138128020936,39.813027874674425,中关村,神枪手,晚餐
老乡鸡（北京鸿坤广场购物中心店）,116.33412479133727,39.7903673823138,中关村,神枪手,晚餐
南城香·饭香串香馄饨香（丰台大悦春风里店）,116.35939213032763,39.8080209428952,中关村,神枪手,晚餐
库迪咖啡(北京新宫店),116.50937933158104,39.92752718494437,中关村,神枪手,晚餐
门框胡同百年卤煮（嘉园路店）,116.45655266120032,39.92768906000055,中关村,神枪手,晚餐
田老师红烧肉(丰台南苑西路店),116.3609677345487,39.806734899624544,中关村,神枪手,晚餐
汉堡王（槐房万达23266店）,116.36049663756724,39.81346502564512,中关村,神枪手,晚餐
瑞幸咖啡(槐房西路万达广场店),116.36266734339004,39.81250723410746,中关村,神枪手,晚餐
金百万烤鸭·春饼（角门店）,116.51057699030947,39.933151407491344,中关村,神枪手,晚餐
南城香·饭香串香馄饨香（丰台大悦春风里店）,116.35939213032763,39.8080209428952,中关村,神枪手,晚餐
沪上阿姨·精选茶饮(槐房万达店),116.36073728535436,39.813189721834846,中关村,神枪手,晚餐
华莱士·全鸡汉堡（鸿坤广场店）,116.333792556311,39.79020501659451,中关村,神枪手,晚餐
杨记老门框百年卤煮（西红门店）,116.35842018533609,39.83616433272074,中关村,神枪手,晚餐
库迪咖啡(北京新宫店),116.50937933158104,39.92752718494437,中关村,神枪手,晚餐
田老师红烧肉(丰台南苑西路店),116.3609677345487,39.806734899624544,中关村,神枪手,晚餐
京派鲜卤（西红门店）,116.33416773092031,39.79802566330509,中关村,神枪手,晚餐
汉堡王（槐房万达23266店）,116.36049663756724,39.81346502564512,中关村,神枪手,晚餐
瑞幸咖啡(槐房西路万达广场店),116.36266734339004,39.81250723410746,中关村,神枪手,晚餐
紫光园·烤鸭（马家堡西里店）,116.5120628760948,39.92073116402058,中关村,神枪手,晚餐
南城香·饭香串香馄饨香（丰台大悦春风里店）,116.35939213032763,39.8080209428952,中关村,神枪手,晚餐
喜茶（北京槐房万达店）,116.36138128020936,39.813027874674425,中关村,神枪手,晚餐
老乡鸡（北京鸿坤广场购物中心店）,116.33412479133727,39.7903673823138,中关村,神枪手,晚餐
南城香·饭香串香馄饨香（丰台大悦春风里店）,116.35939213032763,39.8080209428952,中关村,神枪手,晚餐
库迪咖啡(北京新宫店),116.50937933158104,39.92752718494437,中关村,神枪手,晚餐
门框胡同百年卤煮（嘉园路店）,116.45655266120032,39.92768906000055,中关村,神枪手,晚餐
田老师红烧肉(丰台南苑西路店),116.3609677345487,39.806734899624544,中关村,神枪手,晚餐
汉堡王（槐房万达23266店）,116.36049663756724,39.81346502564512,中关村,神枪手,晚餐
瑞幸咖啡(槐房西路万达广场店),116.36266734339004,39.81250723410746,中关村,神枪手,晚餐
金百万烤鸭·春饼（角门店）,116.51057699030947,39.933151407491344,中关村,神枪手,晚餐
南城香·饭香串香馄饨香（丰台大悦春风里店）,116.35939213032763,39.8080209428952,中关村,神枪手,晚餐
沪上阿姨·精选茶饮(槐房万达店),116.36073728535436,39.813189721834846,中关村,神枪手,晚餐
华莱士·全鸡汉堡（鸿坤广场店）,116.333792556311,39.79020501659451,中关村,神枪手,晚餐
杨记老门框百年卤煮（西红门店）,116.35842018533609,39.83616433272074,中关村,神枪手,晚餐
库迪咖啡(北京新宫店),116.50937933158104,39.92752718494437,中关村,神枪手,晚餐
田老师红烧肉(丰台南苑西路店),116.3609677345487,39.806734899624544,中关村,神枪手,晚餐
京派鲜卤（西红门店）,116.33416773092031,39.79802566330509,中关村,神枪手,晚餐
汉堡王（槐房万达23266店）,116.36049663756724,39.81346502564512,中关村,神枪手,晚餐
瑞幸咖啡(槐房西路万达广场店),116.36266734339004,39.81250723410746,中关村,神枪手,晚餐
紫光园·烤鸭（马家堡西里店）,116.5120628760948,39.92073116402058,中关村,神枪手,晚餐
南城香·饭香串香馄饨香（丰台大悦春风里店）,116.35939213032763,39.8080209428952,中关村,神枪手,晚餐
喜茶（北京槐房万达店）,116.36138128020936,39.813027874674425,中关村,神枪手,晚餐
老乡鸡（北京鸿坤广场购物中心店）,116.33412479133727,39.7903673823138,中关村,神枪手,晚餐
南城香·饭香串香馄饨香（丰台大悦春风里店）,116.35939213032763,39.8080209428952,中关村,神枪手,晚餐
库迪咖啡(北京新宫店),116.50937933158104,39.92752718494437,中关村,神枪手,晚餐
门框胡同百年卤煮（嘉园路店）,116.45655266120032,39.92768906000055,中关村,神枪手,晚餐
田老师红烧肉(丰台南苑西路店),116.3609677345487,39.806734899624544,中关村,神枪手,晚餐
汉堡王（槐房万达23266店）,116.36049663756724,39.81346502564512,中关村,神枪手,晚餐
瑞幸咖啡(槐房西路万达广场店),116.36266734339004,39.81250723410746,中关村,神枪手,晚餐
金百万烤鸭·春饼（角门店）,116.51057699030947,39.933151407491344,中关村,神枪手,晚餐
南城香·饭香串香馄饨香（丰台大悦春风里店）,116.35939213032763,39.8080209428952,中关村,神枪手,晚餐
沪上阿姨·精选茶饮(槐房万达店),116.36073728535436,39.813189721834846,中关村,神枪手,晚餐
华莱士·全鸡汉堡（鸿坤广场店）,116.333792556311,39.79020501659451,中关村,神枪手,晚餐
杨记老门框百年卤煮（西红门店）,116.35842018533609,39.83616433272074,中关村,神枪手,晚餐
库迪咖啡(北京新宫店),116.50937933158104,39.92752718494437,中关村,神枪手,晚餐
田老师红烧肉(丰台南苑西路店),116.3609677345487,39.806734899624544,中关村,神枪手,晚餐
京派鲜卤（西红门店）,116.33416773092031,39.79802566330509,中关村,神枪手,晚餐
汉堡王（槐房万达23266店）,116.36049663756724,39.81346502564512,中关村,神枪手,晚餐
瑞幸咖啡(槐房西路万达广场店),116.36266734339004,39.81250723410746,中关村,神枪手,晚餐
紫光园·烤鸭（马家堡西里店）,116.5120628760948,39.92073116402058,中关村,神枪手,晚餐
南城香·饭香串香馄饨香（丰台大悦春风里店）,116.35939213032763,39.8080209428952,中关村,神枪手,晚餐
喜茶（北京槐房万达店）,116.36138128020936,39.813027874674425,中关村,神枪手,晚餐
老乡鸡（北京鸿坤广场购物中心店）,116.33412479133727,39.7903673823138,中关村,神枪手,晚餐
南城香·饭香串香馄饨香（丰台大悦春风里店）,116.35939213032763,39.8080209428952,中关村,神枪手,晚餐
库迪咖啡(北京新宫店),116.50937933158104,39.92752718494437,中关村,神枪手,晚餐
门框胡同百年卤煮（嘉园路店）,116.45655266120032,39.92768906000055,中关村,神枪手,晚餐
田老师红烧肉(丰台南苑西路店),116.3609677345487,39.806734899624544,中关村,神枪手,晚餐
汉堡王（槐房万达23266店）,116.36049663756724,39.81346502564512,中关村,神枪手,晚餐
瑞幸咖啡(槐房西路万达广场店),116.36266734339004,39.81250723410746,中关村,神枪手,晚餐
金百万烤鸭·春饼（角门店）,116.51057699030947,39.933151407491344,中关村,神枪手,晚餐
南城香·饭香串香馄饨香（丰台大悦春风里店）,116.35939213032763,39.8080209428952,中关村,神枪手,晚餐
沪上阿姨·精选茶饮(槐房万达店),116.36073728535436,39.813189721834846,中关村,神枪手,晚餐
华莱士·全鸡汉堡（鸿坤广场店）,116.333792556311,39.79020501659451,中关村,神枪手,晚餐
杨记老门框百年卤煮（西红门店）,116.35842018533609,39.83616433272074,中关村,神枪手,晚餐
库迪咖啡(北京新宫店),116.50937933158104,39.92752718494437,中关村,神枪手,晚餐
田老师红烧肉(丰台南苑西路店),116.3609677345487,39.806734899624544,中关村,神枪手,晚餐
京派鲜卤（西红门店）,116.33416773092031,39.79802566330509,中关村,神枪手,晚餐
汉堡王（槐房万达23266店）,116.36049663756724,39.81346502564512,中关村,神枪手,晚餐
瑞幸咖啡(槐房西路万达广场店),116.36266734339004,39.81250723410746,中关村,神枪手,晚餐
紫光园·烤鸭（马家堡西里店）,116.5120628760948,39.92073116402058,中关村,神枪手,晚餐
南城香·饭香串香馄饨香（丰台大悦春风里店）,116.35939213032763,39.8080209428952,中关村,神枪手,晚餐
喜茶（北京槐房万达店）,116.36138128020936,39.813027874674425,中关村,神枪手,晚餐
老乡鸡（北京鸿坤广场购物中心店）,116.33412479133727,39.7903673823138,中关村,神枪手,晚餐
南城香·饭香串香馄饨香（丰台大悦春风里店）,116.35939213032763,39.8080209428952,中关村,神枪手,晚餐
库迪咖啡(北京新宫店),116.50937933158104,39.92752718494437,中关村,神枪手,晚餐
门框胡同百年卤煮（嘉园路店）,116.45655266120032,39.92768906000055,中关村,神枪手,晚餐
田老师红烧肉(丰台南苑西路店),116.3609677345487,39.806734899624544,中关村,神枪手,晚餐
汉堡王（槐房万达23266店）,116.36049663756724,39.81346502564512,中关村,神枪手,晚餐
瑞幸咖啡(槐房西路万达广场店),116.36266734339004,39.81250723410746,中关村,神枪手,晚餐
金百万烤鸭·春饼（角门店）,116.51057699030947,39.933151407491344,中关村,神枪手,晚餐
南城香·饭香串香馄饨香（丰台大悦春风里店）,116.35939213032763,39.8080209428952,中关村,神枪手,晚餐
沪上阿姨·精选茶饮(槐房万达店),116.36073728535436,39.813189721834846,中关村,神枪手,晚餐
华莱士·全鸡汉堡（鸿坤广场店）,116.333792556311,39.79020501659451,中关村,神枪手,晚餐
杨记老门框百年卤煮（西红门店）,116.35842018533609,39.83616433272074,中关村,神枪手,晚餐
库迪咖啡(北京新宫店),116.50937933158104,39.92752718494437,中关村,神枪手,晚餐
田老师红烧肉(丰台南苑西路店),116.3609677345487,39.806734899624544,中关村,神枪手,晚餐
京派鲜卤（西红门店）,116.33416773092031,39.79802566330509,中关村,神枪手,晚餐
汉堡王（槐房万达23266店）,116.36049663756724,39.81346502564512,中关村,神枪手,晚餐
瑞幸咖啡(槐房西路万达广场店),116.36266734339004,39.81250723410746,中关村,神枪手,晚餐
紫光园·烤鸭（马家堡西里店）,116.5120628760948,39.92073116402058,中关村,神枪手,晚餐
南城香·饭香串香馄饨香（丰台大悦春风里店）,116.35939213032763,39.8080209428952,中关村,神枪手,晚餐
喜茶（北京槐房万达店）,116.36138128020936,39.813027874674425,中关村,神枪手,晚餐
老乡鸡（北京鸿坤广场购物中心店）,116.33412479133727,39.7903673823138,中关村,神枪手,晚餐
南城香·饭香串香馄饨香（丰台大悦春风里店）,116.35939213032763,39.8080209428952,中关村,神枪手,晚餐
库迪咖啡(北京新宫店),116.50937933158104,39.92752718494437,中关村,神枪手,晚餐
门框胡同百年卤煮（嘉园路店）,116.45655266120032,39.92768906000055,中关村,神枪手,晚餐
田老师红烧肉(丰台南苑西路店),116.3609677345487,39.806734899624544,中关村,神枪手,晚餐
汉堡王（槐房万达23266店）,116.36049663756724,39.81346502564512,中关村,神枪手,晚餐
瑞幸咖啡(槐房西路万达广场店),116.36266734339004,39.81250723410746,中关村,神枪手,晚餐
金百万烤鸭·春饼（角门店）,116.51057699030947,39.933151407491344,中关村,神枪手,晚餐
南城香·饭香串香馄饨香（丰台大悦春风里店）,116.35939213032763,39.8080209428952,中关村,神枪手,晚餐
沪上阿姨·精选茶饮(槐房万达店),116.36073728535436,39.813189721834846,中关村,神枪手,晚餐
华莱士·全鸡汉堡（鸿坤广场店）,116.333792556311,39.79020501659451,中关村,神枪手,晚餐
杨记老门框百年卤煮（西红门店）,116.35842018533609,39.83616433272074,中关村,神枪手,晚餐
库迪咖啡(北京新宫店),116.50937933158104,39.92752718494437,中关村,神枪手,晚餐
田老师红烧肉(丰台南苑西路店),116.3609677345487,39.806734899624544,中关村,神枪手,晚餐
京派鲜卤（西红门店）,116.33416773092031,39.79802566330509,中关村,神枪手,晚餐
汉堡王（槐房万达23266店）,116.36049663756724,39.81346502564512,中关村,神枪手,晚餐
瑞幸咖啡(槐房西路万达广场店),116.36266734339004,39.81250723410746,中关村,神枪手,晚餐
紫光园·烤鸭（马家堡西里店）,116.5120628760948,39.92073116402058,中关村,神枪手,晚餐
南城香·饭香串香馄饨香（丰台大悦春风里店）,116.35939213032763,39.8080209428952,中关村,神枪手,晚餐
喜茶（北京槐房万达店）,116.36138128020936,39.813027874674425,中关村,神枪手,晚餐
老乡鸡（北京鸿坤广场购物中心店）,116.33412479133727,39.7903673823138,中关村,神枪手,晚餐
南城香·饭香串香馄饨香（丰台大悦春风里店）,116.35939213032763,39.8080209428952,中关村,神枪手,晚餐
库迪咖啡(北京新宫店),116.50937933158104,39.92752718494437,中关村,神枪手,晚餐
门框胡同百年卤煮（嘉园路店）,116.45655266120032,39.92768906000055,中关村,神枪手,晚餐
田老师红烧肉(丰台南苑西路店),116.3609677345487,39.806734899624544,中关村,神枪手,晚餐
汉堡王（槐房万达23266店）,116.36049663756724,39.81346502564512,中关村,神枪手,晚餐
瑞幸咖啡(槐房西路万达广场店),116.36266734339004,39.81250723410746,中关村,神枪手,晚餐
金百万烤鸭·春饼（角门店）,116.51057699030947,39.933151407491344,中关村,神枪手,晚餐
南城香·饭香串香馄饨香（丰台大悦春风里店）,116.35939213032763,39.8080209428952,中关村,神枪手,晚餐
沪上阿姨·精选茶饮(槐房万达店),116.36073728535436,39.813189721834846,中关村,神枪手,晚餐
华莱士·全鸡汉堡（鸿坤广场店）,116.333792556311,39.79020501659451,中关村,神枪手,晚餐
杨记老门框百年卤煮（西红门店）,116.35842018533609,39.83616433272074,中关村,神枪手,晚餐
库迪咖啡(北京新宫店),116.50937933158104,39.92752718494437,中关村,神枪手,晚餐
田老师红烧肉(丰台南苑西路店),116.3609677345487,39.806734899624544,中关村,神枪手,晚餐
京派鲜卤（西红门店）,116.33416773092031,39.79802566330509,中关村,神枪手,晚餐
汉堡王（槐房万达23266店）,116.36049663756724,39.81346502564512,中关村,神枪手,晚餐
瑞幸咖啡(槐房西路万达广场店),116.36266734339004,39.81250723410746,中关村,神枪手,晚餐
紫光园·烤鸭（马家堡西里店）,116.5120628760948,39.92073116402058,中关村,神枪手,晚餐
南城香·饭香串香馄饨香（丰台大悦春风里店）,116.35939213032763,39.8080209428952,中关村,神枪手,晚餐
喜茶（北京槐房万达店）,116.36138128020936,39.813027874674425,中关村,神枪手,晚餐
老乡鸡（北京鸿坤广场购物中心店）,116.33412479133727,39.7903673823138,中关村,神枪手,晚餐
南城香·饭香串香馄饨香（丰台大悦春风里店）,116.35939213032763,39.8080209428952,中关村,神枪手,晚餐
库迪咖啡(北京新宫店),116.50937933158104,39.92752718494437,中关村,神枪手,晚餐
门框胡同百年卤煮（嘉园路店）,116.45655266120032,39.92768906000055,中关村,神枪手,晚餐
田老师红烧肉(丰台南苑西路店),116.3609677345487,39.806734899624544,中关村,神枪手,晚餐
汉堡王（槐房万达23266店）,116.36049663756724,39.81346502564512,中关村,神枪手,晚餐
瑞幸咖啡(槐房西路万达广场店),116.36266734339004,39.81250723410746,中关村,神枪手,晚餐
金百万烤鸭·春饼（角门店）,116.51057699030947,39.933151407491344,中关村,神枪手,晚餐
南城香·饭香串香馄饨香（丰台大悦春风里店）,116.35939213032763,39.8080209428952,中关村,神枪手,晚餐
沪上阿姨·精选茶饮(槐房万达店),116.36073728535436,39.813189721834846,中关村,神枪手,晚餐
华莱士·全鸡汉堡（鸿坤广场店）,116.333792556311,39.79020501659451,中关村,神枪手,晚餐
杨记老门框百年卤煮（西红门店）,116.35842018533609,39.83616433272074,中关村,神枪手,晚餐
库迪咖啡(北京新宫店),116.50937933158104,39.92752718494437,中关村,神枪手,晚餐
田老师红烧肉(丰台南苑西路店),116.3609677345487,39.806734899624544,中关村,神枪手,晚餐
京派鲜卤（西红门店）,116.33416773092031,39.79802566330509,中关村,神枪手,晚餐
汉堡王（槐房万达23266店）,116.36049663756724,39.81346502564512,中关村,神枪手,晚餐
瑞幸咖啡(槐房西路万达广场店),116.36266734339004,39.81250723410746,中关村,神枪手,晚餐
紫光园·烤鸭（马家堡西里店）,116.5120628760948,39.92073116402058,中关村,神枪手,晚餐
南城香·饭香串香馄饨香（丰台大悦春风里店）,116.35939213032763,39.8080209428952,中关村,神枪手,晚餐
喜茶（北京槐房万达店）,116.36138128020936,39.813027874674425,中关村,神枪手,晚餐
老乡鸡（北京鸿坤广场购物中心店）,116.33412479133727,39.7903673823138,中关村,神枪手,晚餐
南城香·饭香串香馄饨香（丰台大悦春风里店）,116.35939213032763,39.8080209428952,中关村,神枪手,晚餐
库迪咖啡(北京新宫店),116.50937933158104,39.92752718494437,中关村,神枪手,晚餐
门框胡同百年卤煮（嘉园路店）,116.45655266120032,39.92768906000055,中关村,神枪手,晚餐
田老师红烧肉(丰台南苑西路店),116.3609677345487,39.806734899624544,中关村,神枪手,晚餐
汉堡王（槐房万达23266店）,116.36049663756724,39.81346502564512,中关村,神枪手,晚餐
瑞幸咖啡(槐房西路万达广场店),116.36266734339004,39.81250723410746,中关村,神枪手,晚餐
金百万烤鸭·春饼（角门店）,116.51057699030947,39.933151407491344,中关村,神枪手,晚餐
南城香·饭香串香馄饨香（丰台大悦春风里店）,116.35939213032763,39.8080209428952,中关村,神枪手,晚餐
沪上阿姨·精选茶饮(槐房万达店),116.36073728535436,39.813189721834846,中关村,神枪手,晚餐
华莱士·全鸡汉堡（鸿坤广场店）,116.333792556311,39.79020501659451,中关村,神枪手,晚餐
杨记老门框百年卤煮（西红门店）,116.35842018533609,39.83616433272074,中关村,神枪手,晚餐
库迪咖啡(北京新宫店),116.50937933158104,39.92752718494437,中关村,神枪手,晚餐
田老师红烧肉(丰台南苑西路店),116.3609677345487,39.806734899624544,中关村,神枪手,晚餐
京派鲜卤（西红门店）,116.33416773092031,39.79802566330509,中关村,神枪手,晚餐
汉堡王（槐房万达23266店）,116.36049663756724,39.81346502564512,中关村,神枪手,晚餐
瑞幸咖啡(槐房西路万达广场店),116.36266734339004,39.81250723410746,中关村,神枪手,晚餐
紫光园·烤鸭（马家堡西里店）,116.5120628760948,39.92073116402058,中关村,神枪手,晚餐
南城香·饭香串香馄饨香（丰台大悦春风里店）,116.35939213032763,39.8080209428952,中关村,神枪手,晚餐
喜茶（北京槐房万达店）,116.36138128020936,39.813027874674425,中关村,神枪手,晚餐
老乡鸡（北京鸿坤广场购物中心店）,116.33412479133727,39.7903673823138,中关村,神枪手,晚餐
袁记云饺(中关村南路店),116.31348602927692,39.97972171940082,中关村,美食推荐,中午
祁姥姥家的疙瘩汤（第一档口吉祥厨房美食城店）,116.32177662086332,39.98347569411412,中关村,美食推荐,中午
张正发茶餐厅（北京中关村店）,116.3129009376218,39.97503201748388,中关村,美食推荐,中午
德湘厨·土菜馆（中关村店）,116.30147271694918,39.98260667483813,中关村,美食推荐,中午
老乡鸡（北京新中关店）,116.30883172700942,39.977043566174856,中关村,美食推荐,中午
旺角友记隆江猪脚饭(五道口店),116.32792705470264,39.98671375371239,中关村,美食推荐,中午
煲仔正·老广州煲仔饭（魏公村店）,116.31152859001796,39.95457242181346,中关村,美食推荐,中午
一碗赌上厨师生涯的炒饭·王者炒饭（中关村吉祥厨房美食城店）,116.3212817380912,39.98365063911848,中关村,美食推荐,中午
饿熊便当（五道口店）,116.3216409525843,39.98332296143646,中关村,美食推荐,中午
喜赞·暖轻食·健康餐（大恒美食城第一档口店）,116.31045716163752,39.98480321887217,中关村,美食推荐,中午
煲仔皇煲仔饭（新中关店）,116.30948427242204,39.97719534652683,中关村,美食推荐,中午
田老师红烧肉（中关村图书大厦店）,116.29881209171216,39.9828322942582,中关村,美食推荐,中午
老乡鸡（北京海淀大街店）,116.30830810937644,39.98311228941738,中关村,美食推荐,中午
庆丰包子铺（海淀黄庄店）,116.31203377307132,39.97589462026578,中关村,美食推荐,中午
达美乐比萨（左岸店）,116.2985895092706,39.98304666727884,中关村,美食推荐,中午
袁记云饺(中关村南路店),116.31348602927692,39.97972171940082,中关村,美食推荐,中午
祁姥姥家的疙瘩汤（第一档口吉祥厨房美食城店）,116.32177662086332,39.98347569411412,中关村,美食推荐,中午
张正发茶餐厅（北京中关村店）,116.3129009376218,39.97503201748388,中关村,美食推荐,中午
德湘厨·土菜馆（中关村店）,116.30147271694918,39.98260667483813,中关村,美食推荐,中午
老乡鸡（北京新中关店）,116.30883172700942,39.977043566174856,中关村,美食推荐,中午
旺角友记隆江猪脚饭(五道口店),116.32792705470264,39.98671375371239,中关村,美食推荐,中午
煲仔正·老广州煲仔饭（魏公村店）,116.31152859001796,39.95457242181346,中关村,美食推荐,中午
一碗赌上厨师生涯的炒饭·王者炒饭（中关村吉祥厨房美食城店）,116.3212817380912,39.98365063911848,中关村,美食推荐,中午
饿熊便当（五道口店）,116.3216409525843,39.98332296143646,中关村,美食推荐,中午
喜赞·暖轻食·健康餐（大恒美食城第一档口店）,116.31045716163752,39.98480321887217,中关村,美食推荐,中午
煲仔皇煲仔饭（新中关店）,116.30948427242204,39.97719534652683,中关村,美食推荐,中午
田老师红烧肉（中关村图书大厦店）,116.29881209171216,39.9828322942582,中关村,美食推荐,中午
老乡鸡（北京海淀大街店）,116.30830810937644,39.98311228941738,中关村,美食推荐,中午
庆丰包子铺（海淀黄庄店）,116.31203377307132,39.97589462026578,中关村,美食推荐,中午
达美乐比萨（左岸店）,116.2985895092706,39.98304666727884,中关村,美食推荐,中午
袁记云饺(中关村南路店),116.31348602927692,39.97972171940082,中关村,美食推荐,中午
祁姥姥家的疙瘩汤（第一档口吉祥厨房美食城店）,116.32177662086332,39.98347569411412,中关村,美食推荐,中午
张正发茶餐厅（北京中关村店）,116.3129009376218,39.97503201748388,中关村,美食推荐,中午
德湘厨·土菜馆（中关村店）,116.30147271694918,39.98260667483813,中关村,美食推荐,中午
老乡鸡（北京新中关店）,116.30883172700942,39.977043566174856,中关村,美食推荐,中午
旺角友记隆江猪脚饭(五道口店),116.32792705470264,39.98671375371239,中关村,美食推荐,中午
煲仔正·老广州煲仔饭（魏公村店）,116.31152859001796,39.95457242181346,中关村,美食推荐,中午
一碗赌上厨师生涯的炒饭·王者炒饭（中关村吉祥厨房美食城店）,116.3212817380912,39.98365063911848,中关村,美食推荐,中午
饿熊便当（五道口店）,116.3216409525843,39.98332296143646,中关村,美食推荐,中午
喜赞·暖轻食·健康餐（大恒美食城第一档口店）,116.31045716163752,39.98480321887217,中关村,美食推荐,中午
煲仔皇煲仔饭（新中关店）,116.30948427242204,39.97719534652683,中关村,美食推荐,中午
田老师红烧肉（中关村图书大厦店）,116.29881209171216,39.9828322942582,中关村,美食推荐,中午
老乡鸡（北京海淀大街店）,116.30830810937644,39.98311228941738,中关村,美食推荐,中午
庆丰包子铺（海淀黄庄店）,116.31203377307132,39.97589462026578,中关村,美食推荐,中午
达美乐比萨（左岸店）,116.2985895092706,39.98304666727884,中关村,美食推荐,中午
袁记云饺(中关村南路店),116.31348602927692,39.97972171940082,中关村,美食推荐,中午
祁姥姥家的疙瘩汤（第一档口吉祥厨房美食城店）,116.32177662086332,39.98347569411412,中关村,美食推荐,中午
张正发茶餐厅（北京中关村店）,116.3129009376218,39.97503201748388,中关村,美食推荐,中午
德湘厨·土菜馆（中关村店）,116.30147271694918,39.98260667483813,中关村,美食推荐,中午
老乡鸡（北京新中关店）,116.30883172700942,39.977043566174856,中关村,美食推荐,中午
旺角友记隆江猪脚饭(五道口店),116.32792705470264,39.98671375371239,中关村,美食推荐,中午
煲仔正·老广州煲仔饭（魏公村店）,116.31152859001796,39.95457242181346,中关村,美食推荐,中午
一碗赌上厨师生涯的炒饭·王者炒饭（中关村吉祥厨房美食城店）,116.3212817380912,39.98365063911848,中关村,美食推荐,中午
饿熊便当（五道口店）,116.3216409525843,39.98332296143646,中关村,美食推荐,中午
喜赞·暖轻食·健康餐（大恒美食城第一档口店）,116.31045716163752,39.98480321887217,中关村,美食推荐,中午
煲仔皇煲仔饭（新中关店）,116.30948427242204,39.97719534652683,中关村,美食推荐,中午
田老师红烧肉（中关村图书大厦店）,116.29881209171216,39.9828322942582,中关村,美食推荐,中午
老乡鸡（北京海淀大街店）,116.30830810937644,39.98311228941738,中关村,美食推荐,中午
庆丰包子铺（海淀黄庄店）,116.31203377307132,39.97589462026578,中关村,美食推荐,中午
达美乐比萨（左岸店）,116.2985895092706,39.98304666727884,中关村,美食推荐,中午
8090老饭盒（锦鲤智灶美食城第1档口店）,116.29623844152204,39.97259906913781,中关村,美食推荐,中午
南京大牌档(中关村店),116.307394681732,39.978503163741294,中关村,美食推荐,中午
牛约堡-手作牛肉汉堡（五道口店）,116.32773898404224,39.98278627502358,中关村,美食推荐,中午
嘎嘎香东北老饭盒（第1档口+天天快厨美食城店）,116.32207291440132,39.98366611616513,中关村,美食推荐,中午
鳗泽家·鳗鱼饭·肥牛饭（物美店）,116.32878953535732,39.967325894717696,中关村,美食推荐,中午
方砖厂69号炸酱面（中关村大融城店）,116.30582385222846,39.98026696933065,中关村,美食推荐,中午
煲仔仔焦香酥脆煲仔饭（第12档口北京津鑫盛餐饮美食城店）,116.30174608760706,39.97517649476003,中关村,美食推荐,中午
老乡鸡（北京融科中心店）,116.3205097474798,39.98180719981834,中关村,美食推荐,中午
庆丰包子铺(中关村店),116.3122638539848,39.97117037645375,中关村,美食推荐,中午
李先生牛肉面（北京中关村店）,116.3108407448105,39.9813556416813,中关村,美食推荐,中午
塔斯汀·中国汉堡(中关村店),116.3098350126278,39.98104753586423,中关村,美食推荐,中午
新派脆皮五花肉饭·手枪腿饭（第3档口万泉河美食城）,116.30063142368718,39.96685478638105,中关村,美食推荐,中午
港式烧腊卤肉饭（五道口店）,116.32768061478892,39.98675622282748,中关村,美食推荐,中午
麦当劳＆麦咖啡（北京善缘街店）,116.30649426701544,39.98139669877619,中关村,美食推荐,中午
茻根·海南鸡饭（北京五道口店）,116.32502608317051,39.99177810011358,中关村,美食推荐,中午
饺子妞·纯手工水饺（第1档口昆仑天香美食城店）,116.29846477065294,39.98294488504512,中关村,美食推荐,中午
一品生煎（中关村店）,116.31045710185144,39.98527819938909,中关村,美食推荐,中午
8090老饭盒（锦鲤智灶美食城第1档口店）,116.29623844152204,39.97259906913781,中关村,美食推荐,中午
南京大牌档(中关村店),116.307394681732,39.978503163741294,中关村,美食推荐,中午
牛约堡-手作牛肉汉堡（五道口店）,116.32773898404224,39.98278627502358,中关村,美食推荐,中午
嘎嘎香东北老饭盒（第1档口+天天快厨美食城店）,116.32207291440132,39.98366611616513,中关村,美食推荐,中午
鳗泽家·鳗鱼饭·肥牛饭（物美店）,116.32878953535732,39.967325894717696,中关村,美食推荐,中午
方砖厂69号炸酱面（中关村大融城店）,116.30582385222846,39.98026696933065,中关村,美食推荐,中午
煲仔仔焦香酥脆煲仔饭（第12档口北京津鑫盛餐饮美食城店）,116.30174608760706,39.97517649476003,中关村,美食推荐,中午
老乡鸡（北京融科中心店）,116.3205097474798,39.98180719981834,中关村,美食推荐,中午
庆丰包子铺(中关村店),116.3122638539848,39.97117037645375,中关村,美食推荐,中午
李先生牛肉面（北京中关村店）,116.3108407448105,39.9813556416813,中关村,美食推荐,中午
塔斯汀·中国汉堡(中关村店),116.3098350126278,39.98104753586423,中关村,美食推荐,中午
新派脆皮五花肉饭·手枪腿饭（第3档口万泉河美食城）,116.30063142368718,39.96685478638105,中关村,美食推荐,中午
港式烧腊卤肉饭（五道口店）,116.32768061478892,39.98675622282748,中关村,美食推荐,中午
麦当劳＆麦咖啡（北京善缘街店）,116.30649426701544,39.98139669877619,中关村,美食推荐,中午
茻根·海南鸡饭（北京五道口店）,116.32502608317051,39.99177810011358,中关村,美食推荐,中午
饺子妞·纯手工水饺（第1档口昆仑天香美食城店）,116.29846477065294,39.98294488504512,中关村,美食推荐,中午
一品生煎（中关村店）,116.31045710185144,39.98527819938909,中关村,美食推荐,中午
8090老饭盒（锦鲤智灶美食城第1档口店）,116.29623844152204,39.97259906913781,中关村,美食推荐,中午
南京大牌档(中关村店),116.307394681732,39.978503163741294,中关村,美食推荐,中午
牛约堡-手作牛肉汉堡（五道口店）,116.32773898404224,39.98278627502358,中关村,美食推荐,中午
嘎嘎香东北老饭盒（第1档口+天天快厨美食城店）,116.32207291440132,39.98366611616513,中关村,美食推荐,中午
鳗泽家·鳗鱼饭·肥牛饭（物美店）,116.32878953535732,39.967325894717696,中关村,美食推荐,中午
方砖厂69号炸酱面（中关村大融城店）,116.30582385222846,39.98026696933065,中关村,美食推荐,中午
煲仔仔焦香酥脆煲仔饭（第12档口北京津鑫盛餐饮美食城店）,116.30174608760706,39.97517649476003,中关村,美食推荐,中午
老乡鸡（北京融科中心店）,116.3205097474798,39.98180719981834,中关村,美食推荐,中午
庆丰包子铺(中关村店),116.3122638539848,39.97117037645375,中关村,美食推荐,中午
李先生牛肉面（北京中关村店）,116.3108407448105,39.9813556416813,中关村,美食推荐,中午
塔斯汀·中国汉堡(中关村店),116.3098350126278,39.98104753586423,中关村,美食推荐,中午
新派脆皮五花肉饭·手枪腿饭（第3档口万泉河美食城）,116.30063142368718,39.96685478638105,中关村,美食推荐,中午
港式烧腊卤肉饭（五道口店）,116.32768061478892,39.98675622282748,中关村,美食推荐,中午
麦当劳＆麦咖啡（北京善缘街店）,116.30649426701544,39.98139669877619,中关村,美食推荐,中午
茻根·海南鸡饭（北京五道口店）,116.32502608317051,39.99177810011358,中关村,美食推荐,中午
饺子妞·纯手工水饺（第1档口昆仑天香美食城店）,116.29846477065294,39.98294488504512,中关村,美食推荐,中午
一品生煎（中关村店）,116.31045710185144,39.98527819938909,中关村,美食推荐,中午
8090老饭盒（锦鲤智灶美食城第1档口店）,116.29623844152204,39.97259906913781,中关村,美食推荐,中午
南京大牌档(中关村店),116.307394681732,39.978503163741294,中关村,美食推荐,中午
牛约堡-手作牛肉汉堡（五道口店）,116.32773898404224,39.98278627502358,中关村,美食推荐,中午
嘎嘎香东北老饭盒（第1档口+天天快厨美食城店）,116.32207291440132,39.98366611616513,中关村,美食推荐,中午
鳗泽家·鳗鱼饭·肥牛饭（物美店）,116.32878953535732,39.967325894717696,中关村,美食推荐,中午
方砖厂69号炸酱面（中关村大融城店）,116.30582385222846,39.98026696933065,中关村,美食推荐,中午
煲仔仔焦香酥脆煲仔饭（第12档口北京津鑫盛餐饮美食城店）,116.30174608760706,39.97517649476003,中关村,美食推荐,中午
老乡鸡（北京融科中心店）,116.3205097474798,39.98180719981834,中关村,美食推荐,中午
庆丰包子铺(中关村店),116.3122638539848,39.97117037645375,中关村,美食推荐,中午
李先生牛肉面（北京中关村店）,116.3108407448105,39.9813556416813,中关村,美食推荐,中午
塔斯汀·中国汉堡(中关村店),116.3098350126278,39.98104753586423,中关村,美食推荐,中午
新派脆皮五花肉饭·手枪腿饭（第3档口万泉河美食城）,116.30063142368718,39.96685478638105,中关村,美食推荐,中午
港式烧腊卤肉饭（五道口店）,116.32768061478892,39.98675622282748,中关村,美食推荐,中午
麦当劳＆麦咖啡（北京善缘街店）,116.30649426701544,39.98139669877619,中关村,美食推荐,中午
茻根·海南鸡饭（北京五道口店）,116.32502608317051,39.99177810011358,中关村,美食推荐,中午
饺子妞·纯手工水饺（第1档口昆仑天香美食城店）,116.29846477065294,39.98294488504512,中关村,美食推荐,中午
一品生煎（中关村店）,116.31045710185144,39.98527819938909,中关村,美食推荐,中午
8090老饭盒（锦鲤智灶美食城第1档口店）,116.29623844152204,39.97259906913781,中关村,美食推荐,中午
南京大牌档(中关村店),116.307394681732,39.978503163741294,中关村,美食推荐,中午
牛约堡-手作牛肉汉堡（五道口店）,116.32773898404224,39.98278627502358,中关村,美食推荐,中午
嘎嘎香东北老饭盒（第1档口+天天快厨美食城店）,116.32207291440132,39.98366611616513,中关村,美食推荐,中午
鳗泽家·鳗鱼饭·肥牛饭（物美店）,116.32878953535732,39.967325894717696,中关村,美食推荐,中午
方砖厂69号炸酱面（中关村大融城店）,116.30582385222846,39.98026696933065,中关村,美食推荐,中午
煲仔仔焦香酥脆煲仔饭（第12档口北京津鑫盛餐饮美食城店）,116.30174608760706,39.97517649476003,中关村,美食推荐,中午
老乡鸡（北京融科中心店）,116.3205097474798,39.98180719981834,中关村,美食推荐,中午
庆丰包子铺(中关村店),116.3122638539848,39.97117037645375,中关村,美食推荐,中午
李先生牛肉面（北京中关村店）,116.3108407448105,39.9813556416813,中关村,美食推荐,中午
塔斯汀·中国汉堡(中关村店),116.3098350126278,39.98104753586423,中关村,美食推荐,中午
新派脆皮五花肉饭·手枪腿饭（第3档口万泉河美食城）,116.30063142368718,39.96685478638105,中关村,美食推荐,中午
港式烧腊卤肉饭（五道口店）,116.32768061478892,39.98675622282748,中关村,美食推荐,中午
麦当劳＆麦咖啡（北京善缘街店）,116.30649426701544,39.98139669877619,中关村,美食推荐,中午
茻根·海南鸡饭（北京五道口店）,116.32502608317051,39.99177810011358,中关村,美食推荐,中午
饺子妞·纯手工水饺（第1档口昆仑天香美食城店）,116.29846477065294,39.98294488504512,中关村,美食推荐,中午
一品生煎（中关村店）,116.31045710185144,39.98527819938909,中关村,美食推荐,中午
曼玲粥店(中关村店),116.31203377307132,39.97589462026578,中关村,美食推荐,中午
沙县小吃（邮局北楼店）,116.30981106880034,39.98102158160657,中关村,美食推荐,中午
方砖厂69号炸酱面（五道口店）,116.32996874979628,39.99169865659897,中关村,美食推荐,中午
必胜客（善缘街店）,116.30794709949502,39.98151402239717,中关村,美食推荐,中午
一碗低脂de海南鸡饭（东王庄店）,116.33415863382405,39.99661055790705,中关村,美食推荐,中午
陈记羊汤烧饼（苏州街店）,116.30216834546448,39.97412479030043,中关村,美食推荐,中午
冯四孃跷脚牛肉（科贸店),116.32771804311768,39.98269931861107,中关村,美食推荐,中午
老边饺子馆（中关村店）,116.31540870923162,39.9715673926876,中关村,美食推荐,中午
吉祥馄饨（第3档口-北京麦丰堂美食城店）,116.30796613662332,40.05218364759569,中关村,美食推荐,中午
粤公主港式烧腊（电子大厦店）,116.30573521518878,39.9788951866402,中关村,美食推荐,中午
柳小碗·健康菜·家常菜（第7档口昆仑天香美食城店）,116.29837493358976,39.983071033531104,中关村,美食推荐,中午
他大舅东北老饭盒（第5档口庆余年美食城店）,116.3192617690876,39.97267596909383,中关村,美食推荐,中午
南城香·饭香串香馄饨香（中关村南路店）,116.31279760680538,39.97949303213057,中关村,美食推荐,中午
老乡鸡（北京五道口店）,116.33291521637238,39.99045014518098,中关村,美食推荐,中午
赛百味·三明治（中关村融科店）,116.32018647245502,39.98195181559002,中关村,美食推荐,中午
如意馄饨(人大西门店·干拌面·炸鸡排),116.30003096710402,39.972251617177015,中关村,美食推荐,中午
魏家凉皮(财智大厦店）,116.32739125050006,39.98698176671495,中关村,美食推荐,中午
桃园煲仔饭（五道口店）,116.32761176886169,39.98678735313112,中关村,美食推荐,中午
友记正宗隆江猪脚饭（第205档口北京市海淀区知春里甲23号二层美食城店）,116.27147338966344,39.93162864571423,中关村,美食推荐,中午
肯德基宅急送（中关村E世界店),116.3087863967776,39.980452511774594,中关村,美食推荐,宵夜
喜乐挪威三文鱼.寿司（第一档口北京富市康民商贸有限公司）,116.26477481330176,39.94447319159384,中关村,美食推荐,宵夜
饺子妞·纯手工水饺（第1档口昆仑天香美食城店）,116.29846477065294,39.98294488504512,中关村,美食推荐,宵夜
曼玲粥店(中关村店),116.31203377307132,39.97589462026578,中关村,美食推荐,宵夜
王者蛋炒饭·走出扬州（中关村店）,116.32150223637356,39.98360421678091,中关村,美食推荐,宵夜
塔斯汀·中国汉堡(中关村店),116.3098350126278,39.98104753586423,中关村,美食推荐,宵夜
鸡柳大人（紫金数码园店）,116.33056224254037,39.97714413102268,中关村,美食推荐,宵夜
麻辣诱惑·麻小（小龙虾.海鲜.烧烤.中关村店）,116.3251953906221,39.97047964700278,中关村,美食推荐,宵夜
阿呆锅锅炒饭·炒粉·炒面（庆余年美食城店）,116.31891855835774,39.97266062896291,中关村,美食推荐,宵夜
潮皇·潮汕砂锅粥（铁道边第3档口店）,116.33391934181624,39.98739539275702,中关村,美食推荐,宵夜
椒响力现炒干锅·只用剔骨鸡（五道口店）,116.33432902122,39.99842216249998,中关村,美食推荐,宵夜
大阪の豚骨拉面(物美店),116.32028358374365,39.97930673683517,中关村,美食推荐,宵夜
一家被炒面耽误的炒饭店（第十九档口-吉祥厨房美食城店）,116.32150922496722,39.98356720485604,中关村,美食推荐,宵夜
老兵烧烤（人民大学店）,116.2990705751263,39.96691249205839,中关村,美食推荐,宵夜
达美乐比萨（左岸店）,116.2985895092706,39.98304666727884,中关村,美食推荐,宵夜
柳叶刀烧烤（北大清华店）,116.31737281277698,39.99073485356597,中关村,美食推荐,宵夜
肯德基宅急送（中关村E世界店),116.3087863967776,39.980452511774594,中关村,美食推荐,宵夜
喜乐挪威三文鱼.寿司（第一档口北京富市康民商贸有限公司）,116.26477481330176,39.94447319159384,中关村,美食推荐,宵夜
饺子妞·纯手工水饺（第1档口昆仑天香美食城店）,116.29846477065294,39.98294488504512,中关村,美食推荐,宵夜
曼玲粥店(中关村店),116.31203377307132,39.97589462026578,中关村,美食推荐,宵夜
王者蛋炒饭·走出扬州（中关村店）,116.32150223637356,39.98360421678091,中关村,美食推荐,宵夜
塔斯汀·中国汉堡(中关村店),116.3098350126278,39.98104753586423,中关村,美食推荐,宵夜
鸡柳大人（紫金数码园店）,116.33056224254037,39.97714413102268,中关村,美食推荐,宵夜
麻辣诱惑·麻小（小龙虾.海鲜.烧烤.中关村店）,116.3251953906221,39.97047964700278,中关村,美食推荐,宵夜
阿呆锅锅炒饭·炒粉·炒面（庆余年美食城店）,116.31891855835774,39.97266062896291,中关村,美食推荐,宵夜
潮皇·潮汕砂锅粥（铁道边第3档口店）,116.33391934181624,39.98739539275702,中关村,美食推荐,宵夜
椒响力现炒干锅·只用剔骨鸡（五道口店）,116.33432902122,39.99842216249998,中关村,美食推荐,宵夜
大阪の豚骨拉面(物美店),116.32028358374365,39.97930673683517,中关村,美食推荐,宵夜
一家被炒面耽误的炒饭店（第十九档口-吉祥厨房美食城店）,116.32150922496722,39.98356720485604,中关村,美食推荐,宵夜
老兵烧烤（人民大学店）,116.2990705751263,39.96691249205839,中关村,美食推荐,宵夜
达美乐比萨（左岸店）,116.2985895092706,39.98304666727884,中关村,美食推荐,宵夜
柳叶刀烧烤（北大清华店）,116.31737281277698,39.99073485356597,中关村,美食推荐,宵夜
肯德基宅急送（中关村E世界店),116.3087863967776,39.980452511774594,中关村,美食推荐,宵夜
喜乐挪威三文鱼.寿司（第一档口北京富市康民商贸有限公司）,116.26477481330176,39.94447319159384,中关村,美食推荐,宵夜
饺子妞·纯手工水饺（第1档口昆仑天香美食城店）,116.29846477065294,39.98294488504512,中关村,美食推荐,宵夜
曼玲粥店(中关村店),116.31203377307132,39.97589462026578,中关村,美食推荐,宵夜
王者蛋炒饭·走出扬州（中关村店）,116.32150223637356,39.98360421678091,中关村,美食推荐,宵夜
塔斯汀·中国汉堡(中关村店),116.3098350126278,39.98104753586423,中关村,美食推荐,宵夜
鸡柳大人（紫金数码园店）,116.33056224254037,39.97714413102268,中关村,美食推荐,宵夜
麻辣诱惑·麻小（小龙虾.海鲜.烧烤.中关村店）,116.3251953906221,39.97047964700278,中关村,美食推荐,宵夜
阿呆锅锅炒饭·炒粉·炒面（庆余年美食城店）,116.31891855835774,39.97266062896291,中关村,美食推荐,宵夜
潮皇·潮汕砂锅粥（铁道边第3档口店）,116.33391934181624,39.98739539275702,中关村,美食推荐,宵夜
椒响力现炒干锅·只用剔骨鸡（五道口店）,116.33432902122,39.99842216249998,中关村,美食推荐,宵夜
大阪の豚骨拉面(物美店),116.32028358374365,39.97930673683517,中关村,美食推荐,宵夜
一家被炒面耽误的炒饭店（第十九档口-吉祥厨房美食城店）,116.32150922496722,39.98356720485604,中关村,美食推荐,宵夜
老兵烧烤（人民大学店）,116.2990705751263,39.96691249205839,中关村,美食推荐,宵夜
达美乐比萨（左岸店）,116.2985895092706,39.98304666727884,中关村,美食推荐,宵夜
柳叶刀烧烤（北大清华店）,116.31737281277698,39.99073485356597,中关村,美食推荐,宵夜
肯德基宅急送（中关村E世界店),116.3087863967776,39.980452511774594,中关村,美食推荐,宵夜
喜乐挪威三文鱼.寿司（第一档口北京富市康民商贸有限公司）,116.26477481330176,39.94447319159384,中关村,美食推荐,宵夜
饺子妞·纯手工水饺（第1档口昆仑天香美食城店）,116.29846477065294,39.98294488504512,中关村,美食推荐,宵夜
曼玲粥店(中关村店),116.31203377307132,39.97589462026578,中关村,美食推荐,宵夜
王者蛋炒饭·走出扬州（中关村店）,116.32150223637356,39.98360421678091,中关村,美食推荐,宵夜
塔斯汀·中国汉堡(中关村店),116.3098350126278,39.98104753586423,中关村,美食推荐,宵夜
鸡柳大人（紫金数码园店）,116.33056224254037,39.97714413102268,中关村,美食推荐,宵夜
麻辣诱惑·麻小（小龙虾.海鲜.烧烤.中关村店）,116.3251953906221,39.97047964700278,中关村,美食推荐,宵夜
阿呆锅锅炒饭·炒粉·炒面（庆余年美食城店）,116.31891855835774,39.97266062896291,中关村,美食推荐,宵夜
潮皇·潮汕砂锅粥（铁道边第3档口店）,116.33391934181624,39.98739539275702,中关村,美食推荐,宵夜
椒响力现炒干锅·只用剔骨鸡（五道口店）,116.33432902122,39.99842216249998,中关村,美食推荐,宵夜
大阪の豚骨拉面(物美店),116.32028358374365,39.97930673683517,中关村,美食推荐,宵夜
一家被炒面耽误的炒饭店（第十九档口-吉祥厨房美食城店）,116.32150922496722,39.98356720485604,中关村,美食推荐,宵夜
老兵烧烤（人民大学店）,116.2990705751263,39.96691249205839,中关村,美食推荐,宵夜
达美乐比萨（左岸店）,116.2985895092706,39.98304666727884,中关村,美食推荐,宵夜
柳叶刀烧烤（北大清华店）,116.31737281277698,39.99073485356597,中关村,美食推荐,宵夜
麦当劳＆麦咖啡（北京海淀店）,116.30096297263854,39.98095263822889,中关村,美食推荐,宵夜
华莱士·全鸡汉堡（北京大学店）,116.30570953238454,39.98475299371824,中关村,美食推荐,宵夜
1980·老盒饭（第7号万柳中路美食城店）,116.2877975321998,39.966330669342895,中关村,美食推荐,宵夜
杨国福麻辣烫·麻辣拌(关村大街店),116.31086469271496,39.98134659713736,中关村,美食推荐,宵夜
醉爱黄焖鸡米饭排骨米饭（五道口店）,116.33443976635932,39.998472953991744,中关村,美食推荐,宵夜
披萨革命(中关村店),116.31041525481766,39.98480129739242,中关村,美食推荐,宵夜
一碗赌上厨师生涯的炒饭·王者炒饭（中关村吉祥厨房美食城店）,116.3212817380912,39.98365063911848,中关村,美食推荐,宵夜
李先生牛肉面（北京中关村店）,116.3108407448105,39.9813556416813,中关村,美食推荐,宵夜
绝味鸭脖（五道口店）,116.33003260875635,39.99166153691687,中关村,美食推荐,宵夜
锦州烧烤（人民大学店）,116.29984348331055,39.96321030345507,中关村,美食推荐,宵夜
北京沁汁包·现熬粥（第七档口-乙九号美食城店）,116.33282042575628,39.9904873215508,中关村,美食推荐,宵夜
佳木斯烧烤·舌尖上的招牌大油边·宵食（海淀区总店）,116.33632173708394,39.973523501930096,中关村,美食推荐,宵夜
徐州肉筋卷饼·五道口店（第3风味美食城店）,116.32945891616318,39.99168462608186,中关村,美食推荐,宵夜
街边儿牛肉串（中关村店）,116.30552849892769,39.98015951137849,中关村,美食推荐,宵夜
Obligi Chicken韩式炸鸡（五道口-遇叶美食城第A2档口店),116.33401193905053,39.996801823447335,中关村,美食推荐,宵夜
聚点串吧（中关村店）,116.3006100569475,39.9780713731929,中关村,美食推荐,宵夜
Timefor牛排·火焰牛排饭·意面(第9档口-铁道边美食城店),116.33404207797332,39.98730116752884,中关村,美食推荐,宵夜
李先生牛肉面（北京五道口店）,116.3302780323098,39.991792065702825,中关村,美食推荐,宵夜
窑鸡王（苏州街店）,116.30190375641344,39.97521721456845,中关村,美食推荐,宵夜
川椒魂●干锅方便面（第2档口富老八美食城店）,116.33219966582602,39.991780434325,中关村,美食推荐,宵夜
麦当劳＆麦咖啡（北京海淀店）,116.30096297263854,39.98095263822889,中关村,美食推荐,宵夜
华莱士·全鸡汉堡（北京大学店）,116.30570953238454,39.98475299371824,中关村,美食推荐,宵夜
1980·老盒饭（第7号万柳中路美食城店）,116.2877975321998,39.966330669342895,中关村,美食推荐,宵夜
杨国福麻辣烫·麻辣拌(关村大街店),116.31086469271496,39.98134659713736,中关村,美食推荐,宵夜
醉爱黄焖鸡米饭排骨米饭（五道口店）,116.33443976635932,39.998472953991744,中关村,美食推荐,宵夜
披萨革命(中关村店),116.31041525481766,39.98480129739242,中关村,美食推荐,宵夜
一碗赌上厨师生涯的炒饭·王者炒饭（中关村吉祥厨房美食城店）,116.3212817380912,39.98365063911848,中关村,美食推荐,宵夜
李先生牛肉面（北京中关村店）,116.3108407448105,39.9813556416813,中关村,美食推荐,宵夜
绝味鸭脖（五道口店）,116.33003260875635,39.99166153691687,中关村,美食推荐,宵夜
锦州烧烤（人民大学店）,116.29984348331055,39.96321030345507,中关村,美食推荐,宵夜
北京沁汁包·现熬粥（第七档口-乙九号美食城店）,116.33282042575628,39.9904873215508,中关村,美食推荐,宵夜
佳木斯烧烤·舌尖上的招牌大油边·宵食（海淀区总店）,116.33632173708394,39.973523501930096,中关村,美食推荐,宵夜
徐州肉筋卷饼·五道口店（第3风味美食城店）,116.32945891616318,39.99168462608186,中关村,美食推荐,宵夜
街边儿牛肉串（中关村店）,116.30552849892769,39.98015951137849,中关村,美食推荐,宵夜
Obligi Chicken韩式炸鸡（五道口-遇叶美食城第A2档口店),116.33401193905053,39.996801823447335,中关村,美食推荐,宵夜
聚点串吧（中关村店）,116.3006100569475,39.9780713731929,中关村,美食推荐,宵夜
Timefor牛排·火焰牛排饭·意面(第9档口-铁道边美食城店),116.33404207797332,39.98730116752884,中关村,美食推荐,宵夜
李先生牛肉面（北京五道口店）,116.3302780323098,39.991792065702825,中关村,美食推荐,宵夜
窑鸡王（苏州街店）,116.30190375641344,39.97521721456845,中关村,美食推荐,宵夜
川椒魂●干锅方便面（第2档口富老八美食城店）,116.33219966582602,39.991780434325,中关村,美食推荐,宵夜
麦当劳＆麦咖啡（北京海淀店）,116.30096297263854,39.98095263822889,中关村,美食推荐,宵夜
华莱士·全鸡汉堡（北京大学店）,116.30570953238454,39.98475299371824,中关村,美食推荐,宵夜
1980·老盒饭（第7号万柳中路美食城店）,116.2877975321998,39.966330669342895,中关村,美食推荐,宵夜
杨国福麻辣烫·麻辣拌(关村大街店),116.31086469271496,39.98134659713736,中关村,美食推荐,宵夜
醉爱黄焖鸡米饭排骨米饭（五道口店）,116.33443976635932,39.998472953991744,中关村,美食推荐,宵夜
披萨革命(中关村店),116.31041525481766,39.98480129739242,中关村,美食推荐,宵夜
一碗赌上厨师生涯的炒饭·王者炒饭（中关村吉祥厨房美食城店）,116.3212817380912,39.98365063911848,中关村,美食推荐,宵夜
李先生牛肉面（北京中关村店）,116.3108407448105,39.9813556416813,中关村,美食推荐,宵夜
绝味鸭脖（五道口店）,116.33003260875635,39.99166153691687,中关村,美食推荐,宵夜
锦州烧烤（人民大学店）,116.29984348331055,39.96321030345507,中关村,美食推荐,宵夜
北京沁汁包·现熬粥（第七档口-乙九号美食城店）,116.33282042575628,39.9904873215508,中关村,美食推荐,宵夜
佳木斯烧烤·舌尖上的招牌大油边·宵食（海淀区总店）,116.33632173708394,39.973523501930096,中关村,美食推荐,宵夜
徐州肉筋卷饼·五道口店（第3风味美食城店）,116.32945891616318,39.99168462608186,中关村,美食推荐,宵夜
街边儿牛肉串（中关村店）,116.30552849892769,39.98015951137849,中关村,美食推荐,宵夜
Obligi Chicken韩式炸鸡（五道口-遇叶美食城第A2档口店),116.33401193905053,39.996801823447335,中关村,美食推荐,宵夜
聚点串吧（中关村店）,116.3006100569475,39.9780713731929,中关村,美食推荐,宵夜
Timefor牛排·火焰牛排饭·意面(第9档口-铁道边美食城店),116.33404207797332,39.98730116752884,中关村,美食推荐,宵夜
李先生牛肉面（北京五道口店）,116.3302780323098,39.991792065702825,中关村,美食推荐,宵夜
窑鸡王（苏州街店）,116.30190375641344,39.97521721456845,中关村,美食推荐,宵夜
川椒魂●干锅方便面（第2档口富老八美食城店）,116.33219966582602,39.991780434325,中关村,美食推荐,宵夜
麦当劳＆麦咖啡（北京海淀店）,116.30096297263854,39.98095263822889,中关村,美食推荐,宵夜
华莱士·全鸡汉堡（北京大学店）,116.30570953238454,39.98475299371824,中关村,美食推荐,宵夜
1980·老盒饭（第7号万柳中路美食城店）,116.2877975321998,39.966330669342895,中关村,美食推荐,宵夜
杨国福麻辣烫·麻辣拌(关村大街店),116.31086469271496,39.98134659713736,中关村,美食推荐,宵夜
醉爱黄焖鸡米饭排骨米饭（五道口店）,116.33443976635932,39.998472953991744,中关村,美食推荐,宵夜
披萨革命(中关村店),116.31041525481766,39.98480129739242,中关村,美食推荐,宵夜
一碗赌上厨师生涯的炒饭·王者炒饭（中关村吉祥厨房美食城店）,116.3212817380912,39.98365063911848,中关村,美食推荐,宵夜
李先生牛肉面（北京中关村店）,116.3108407448105,39.9813556416813,中关村,美食推荐,宵夜
绝味鸭脖（五道口店）,116.33003260875635,39.99166153691687,中关村,美食推荐,宵夜
锦州烧烤（人民大学店）,116.29984348331055,39.96321030345507,中关村,美食推荐,宵夜
北京沁汁包·现熬粥（第七档口-乙九号美食城店）,116.33282042575628,39.9904873215508,中关村,美食推荐,宵夜
佳木斯烧烤·舌尖上的招牌大油边·宵食（海淀区总店）,116.33632173708394,39.973523501930096,中关村,美食推荐,宵夜
徐州肉筋卷饼·五道口店（第3风味美食城店）,116.32945891616318,39.99168462608186,中关村,美食推荐,宵夜
街边儿牛肉串（中关村店）,116.30552849892769,39.98015951137849,中关村,美食推荐,宵夜
Obligi Chicken韩式炸鸡（五道口-遇叶美食城第A2档口店),116.33401193905053,39.996801823447335,中关村,美食推荐,宵夜
聚点串吧（中关村店）,116.3006100569475,39.9780713731929,中关村,美食推荐,宵夜
Timefor牛排·火焰牛排饭·意面(第9档口-铁道边美食城店),116.33404207797332,39.98730116752884,中关村,美食推荐,宵夜
李先生牛肉面（北京五道口店）,116.3302780323098,39.991792065702825,中关村,美食推荐,宵夜
窑鸡王（苏州街店）,116.30190375641344,39.97521721456845,中关村,美食推荐,宵夜
川椒魂●干锅方便面（第2档口富老八美食城店）,116.33219966582602,39.991780434325,中关村,美食推荐,宵夜
麦当劳＆麦咖啡（北京海淀店）,116.30096297263854,39.98095263822889,中关村,美食推荐,宵夜
华莱士·全鸡汉堡（北京大学店）,116.30570953238454,39.98475299371824,中关村,美食推荐,宵夜
1980·老盒饭（第7号万柳中路美食城店）,116.2877975321998,39.966330669342895,中关村,美食推荐,宵夜
杨国福麻辣烫·麻辣拌(关村大街店),116.31086469271496,39.98134659713736,中关村,美食推荐,宵夜
醉爱黄焖鸡米饭排骨米饭（五道口店）,116.33443976635932,39.998472953991744,中关村,美食推荐,宵夜
披萨革命(中关村店),116.31041525481766,39.98480129739242,中关村,美食推荐,宵夜
一碗赌上厨师生涯的炒饭·王者炒饭（中关村吉祥厨房美食城店）,116.3212817380912,39.98365063911848,中关村,美食推荐,宵夜
李先生牛肉面（北京中关村店）,116.3108407448105,39.9813556416813,中关村,美食推荐,宵夜
绝味鸭脖（五道口店）,116.33003260875635,39.99166153691687,中关村,美食推荐,宵夜
锦州烧烤（人民大学店）,116.29984348331055,39.96321030345507,中关村,美食推荐,宵夜
北京沁汁包·现熬粥（第七档口-乙九号美食城店）,116.33282042575628,39.9904873215508,中关村,美食推荐,宵夜
佳木斯烧烤·舌尖上的招牌大油边·宵食（海淀区总店）,116.33632173708394,39.973523501930096,中关村,美食推荐,宵夜
徐州肉筋卷饼·五道口店（第3风味美食城店）,116.32945891616318,39.99168462608186,中关村,美食推荐,宵夜
街边儿牛肉串（中关村店）,116.30552849892769,39.98015951137849,中关村,美食推荐,宵夜
Obligi Chicken韩式炸鸡（五道口-遇叶美食城第A2档口店),116.33401193905053,39.996801823447335,中关村,美食推荐,宵夜
聚点串吧（中关村店）,116.3006100569475,39.9780713731929,中关村,美食推荐,宵夜
Timefor牛排·火焰牛排饭·意面(第9档口-铁道边美食城店),116.33404207797332,39.98730116752884,中关村,美食推荐,宵夜
李先生牛肉面（北京五道口店）,116.3302780323098,39.991792065702825,中关村,美食推荐,宵夜
窑鸡王（苏州街店）,116.30190375641344,39.97521721456845,中关村,美食推荐,宵夜
川椒魂●干锅方便面（第2档口富老八美食城店）,116.33219966582602,39.991780434325,中关村,美食推荐,宵夜
东北手工水饺（苏州街店）,116.30174608760706,39.97517649476003,中关村,美食推荐,宵夜
杭州包子铺（小笼包·北大南门店）,116.36490308683445,39.95341720402554,中关村,美食推荐,宵夜
绝味鸭脖（人民大学店）,116.30017566513106,39.972317362876574,中关村,美食推荐,宵夜
魏家凉皮(苏州街店),116.30039565015596,39.97683079775652,中关村,美食推荐,宵夜
曼玲粥(五道口店·包子·馅饼·油条),116.32788118198523,39.98653984854911,中关村,美食推荐,宵夜
一碗低脂de海南鸡饭（东王庄店）,116.33415863382405,39.99661055790705,中关村,美食推荐,宵夜
赌上厨师职业生涯的炒饭！锄禾蛋炒饭·炒面·炒粉（第12档口津鑫盛美食城店）,116.3015385270665,39.97508886440194,中关村,美食推荐,宵夜
食夫指·手撕烤鸭（中关村店）,116.31938827149986,39.97431566003652,中关村,美食推荐,宵夜
鸟鹏烧鸟居酒屋（中关村店）,116.32177662086332,39.98347569411412,中关村,美食推荐,宵夜
泡面研究院•用心泡好面（第8档口学府美食城店）,116.32771795460344,39.98339929003633,中关村,美食推荐,宵夜
西部马华清真牛肉面（海淀大街店）,116.30090608967448,39.98094873808999,中关村,美食推荐,宵夜
门框胡同百年卤煮（中关村店）,116.32149972241544,39.9798083769806,中关村,美食推荐,宵夜
陈记羊汤烧饼（苏州街店）,116.30216834546448,39.97412479030043,中关村,美食推荐,宵夜
聚点串吧（海淀黄庄店）,116.3006100569475,39.9780713731929,中关村,美食推荐,宵夜
够粤·正宗隆江猪脚饭（第三档口绿源生鲜超市店）,116.28835959225393,39.96624483396776,中关村,美食推荐,宵夜
伊兰食府·中华传统牛肉面,116.32821413276103,39.9809044445913,中关村,美食推荐,宵夜
锦州烧烤·五道口店（学府美食城第6档口店）,116.33244218830724,39.99121700166892,中关村,美食推荐,宵夜
香河肉饼（第1档口人民大学美食城店）,116.31379402303148,39.966344673520034,中关村,美食推荐,宵夜
米村拌饭(北京海淀新中关购物中心店),116.30643535454855,39.98171079374911,中关村,美食推荐,晚餐
东北黏糊糊砂锅面•麻辣烫(风味01店),116.31091560085105,39.98117750855464,中关村,美食推荐,晚餐
人民公社大食堂•东北菜中关村店（第6档口+吉祥厨房美食城店）,116.3276940747961,39.98288335686584,中关村,美食推荐,晚餐
肯德基宅急送（中石化中关村店）,116.31106130712924,39.98093624497155,中关村,美食推荐,晚餐
饭否丨精致小份菜·鲜粥炖汤·小吃(中关村店),116.31873697528069,39.972655977828005,中关村,美食推荐,晚餐
卤太宗·鸡腿饭卤肉饭（新中关店）,116.31002213803764,39.97677236029596,中关村,美食推荐,晚餐
老蜀人川菜馆（中关村店）,116.30683406885382,39.98507792495352,中关村,美食推荐,晚餐
1980·老盒饭（第7号万柳中路美食城店）,116.2877975321998,39.966330669342895,中关村,美食推荐,晚餐
合椒魂●麻辣香锅(人民大学店),116.30606533572455,39.98024852967263,中关村,美食推荐,晚餐
老乡鸡（北京海淀大街店）,116.30830810937644,39.98311228941738,中关村,美食推荐,晚餐
湘味印象·湘菜（小锅现炒·五道口店）,116.32784068879452,39.9911627330544,中关村,美食推荐,晚餐
米村拌饭(中关村5号店),116.30772999805208,39.97813956058534,中关村,美食推荐,晚餐
美式街头汉堡·超级热狗（第8档口菜大妈美食城店）,116.29589529933222,39.9232106170461,中关村,美食推荐,晚餐
麦当劳＆麦咖啡（北京善缘街店）,116.30649426701544,39.98139669877619,中关村,美食推荐,晚餐
霸碗盖码饭（清华科技园店）,116.32518170427264,39.99193979446477,中关村,美食推荐,晚餐
Tunamaki(中关村大融城店),116.30608031158056,39.98018450494628,中关村,美食推荐,晚餐
必胜客（善缘街店）,116.30794709949502,39.98151402239717,中关村,美食推荐,晚餐
肯德基宅急送（中关村E世界店),116.3087863967776,39.980452511774594,中关村,美食推荐,晚餐
米村拌饭(北京海淀新中关购物中心店),116.30643535454855,39.98171079374911,中关村,美食推荐,晚餐
东北黏糊糊砂锅面•麻辣烫(风味01店),116.31091560085105,39.98117750855464,中关村,美食推荐,晚餐
人民公社大食堂•东北菜中关村店（第6档口+吉祥厨房美食城店）,116.3276940747961,39.98288335686584,中关村,美食推荐,晚餐
肯德基宅急送（中石化中关村店）,116.31106130712924,39.98093624497155,中关村,美食推荐,晚餐
饭否丨精致小份菜·鲜粥炖汤·小吃(中关村店),116.31873697528069,39.972655977828005,中关村,美食推荐,晚餐
卤太宗·鸡腿饭卤肉饭（新中关店）,116.31002213803764,39.97677236029596,中关村,美食推荐,晚餐
老蜀人川菜馆（中关村店）,116.30683406885382,39.98507792495352,中关村,美食推荐,晚餐
1980·老盒饭（第7号万柳中路美食城店）,116.2877975321998,39.966330669342895,中关村,美食推荐,晚餐
合椒魂●麻辣香锅(人民大学店),116.30606533572455,39.98024852967263,中关村,美食推荐,晚餐
老乡鸡（北京海淀大街店）,116.30830810937644,39.98311228941738,中关村,美食推荐,晚餐
湘味印象·湘菜（小锅现炒·五道口店）,116.32784068879452,39.9911627330544,中关村,美食推荐,晚餐
米村拌饭(中关村5号店),116.30772999805208,39.97813956058534,中关村,美食推荐,晚餐
美式街头汉堡·超级热狗（第8档口菜大妈美食城店）,116.29589529933222,39.9232106170461,中关村,美食推荐,晚餐
麦当劳＆麦咖啡（北京善缘街店）,116.30649426701544,39.98139669877619,中关村,美食推荐,晚餐
霸碗盖码饭（清华科技园店）,116.32518170427264,39.99193979446477,中关村,美食推荐,晚餐
Tunamaki(中关村大融城店),116.30608031158056,39.98018450494628,中关村,美食推荐,晚餐
必胜客（善缘街店）,116.30794709949502,39.98151402239717,中关村,美食推荐,晚餐
肯德基宅急送（中关村E世界店),116.3087863967776,39.980452511774594,中关村,美食推荐,晚餐
米村拌饭(北京海淀新中关购物中心店),116.30643535454855,39.98171079374911,中关村,美食推荐,晚餐
东北黏糊糊砂锅面•麻辣烫(风味01店),116.31091560085105,39.98117750855464,中关村,美食推荐,晚餐
人民公社大食堂•东北菜中关村店（第6档口+吉祥厨房美食城店）,116.3276940747961,39.98288335686584,中关村,美食推荐,晚餐
肯德基宅急送（中石化中关村店）,116.31106130712924,39.98093624497155,中关村,美食推荐,晚餐
饭否丨精致小份菜·鲜粥炖汤·小吃(中关村店),116.31873697528069,39.972655977828005,中关村,美食推荐,晚餐
卤太宗·鸡腿饭卤肉饭（新中关店）,116.31002213803764,39.97677236029596,中关村,美食推荐,晚餐
老蜀人川菜馆（中关村店）,116.30683406885382,39.98507792495352,中关村,美食推荐,晚餐
1980·老盒饭（第7号万柳中路美食城店）,116.2877975321998,39.966330669342895,中关村,美食推荐,晚餐
合椒魂●麻辣香锅(人民大学店),116.30606533572455,39.98024852967263,中关村,美食推荐,晚餐
老乡鸡（北京海淀大街店）,116.30830810937644,39.98311228941738,中关村,美食推荐,晚餐
湘味印象·湘菜（小锅现炒·五道口店）,116.32784068879452,39.9911627330544,中关村,美食推荐,晚餐
米村拌饭(中关村5号店),116.30772999805208,39.97813956058534,中关村,美食推荐,晚餐
美式街头汉堡·超级热狗（第8档口菜大妈美食城店）,116.29589529933222,39.9232106170461,中关村,美食推荐,晚餐
麦当劳＆麦咖啡（北京善缘街店）,116.30649426701544,39.98139669877619,中关村,美食推荐,晚餐
霸碗盖码饭（清华科技园店）,116.32518170427264,39.99193979446477,中关村,美食推荐,晚餐
Tunamaki(中关村大融城店),116.30608031158056,39.98018450494628,中关村,美食推荐,晚餐
必胜客（善缘街店）,116.30794709949502,39.98151402239717,中关村,美食推荐,晚餐
肯德基宅急送（中关村E世界店),116.3087863967776,39.980452511774594,中关村,美食推荐,晚餐
米村拌饭(北京海淀新中关购物中心店),116.30643535454855,39.98171079374911,中关村,美食推荐,晚餐
东北黏糊糊砂锅面•麻辣烫(风味01店),116.31091560085105,39.98117750855464,中关村,美食推荐,晚餐
人民公社大食堂•东北菜中关村店（第6档口+吉祥厨房美食城店）,116.3276940747961,39.98288335686584,中关村,美食推荐,晚餐
肯德基宅急送（中石化中关村店）,116.31106130712924,39.98093624497155,中关村,美食推荐,晚餐
饭否丨精致小份菜·鲜粥炖汤·小吃(中关村店),116.31873697528069,39.972655977828005,中关村,美食推荐,晚餐
卤太宗·鸡腿饭卤肉饭（新中关店）,116.31002213803764,39.97677236029596,中关村,美食推荐,晚餐
老蜀人川菜馆（中关村店）,116.30683406885382,39.98507792495352,中关村,美食推荐,晚餐
1980·老盒饭（第7号万柳中路美食城店）,116.2877975321998,39.966330669342895,中关村,美食推荐,晚餐
合椒魂●麻辣香锅(人民大学店),116.30606533572455,39.98024852967263,中关村,美食推荐,晚餐
老乡鸡（北京海淀大街店）,116.30830810937644,39.98311228941738,中关村,美食推荐,晚餐
湘味印象·湘菜（小锅现炒·五道口店）,116.32784068879452,39.9911627330544,中关村,美食推荐,晚餐
米村拌饭(中关村5号店),116.30772999805208,39.97813956058534,中关村,美食推荐,晚餐
美式街头汉堡·超级热狗（第8档口菜大妈美食城店）,116.29589529933222,39.9232106170461,中关村,美食推荐,晚餐
麦当劳＆麦咖啡（北京善缘街店）,116.30649426701544,39.98139669877619,中关村,美食推荐,晚餐
霸碗盖码饭（清华科技园店）,116.32518170427264,39.99193979446477,中关村,美食推荐,晚餐
Tunamaki(中关村大融城店),116.30608031158056,39.98018450494628,中关村,美食推荐,晚餐
必胜客（善缘街店）,116.30794709949502,39.98151402239717,中关村,美食推荐,晚餐
肯德基宅急送（中关村E世界店),116.3087863967776,39.980452511774594,中关村,美食推荐,晚餐
吉野家(保福寺店),116.32767807728656,39.98315337635383,中关村,美食推荐,晚餐
塔斯汀·中国汉堡(中关村店),116.3098350126278,39.98104753586423,中关村,美食推荐,晚餐
曼玲粥店(中关村店),116.31203377307132,39.97589462026578,中关村,美食推荐,晚餐
好这口·重庆小面（中关村店）,116.32155522901397,39.98269815203137,中关村,美食推荐,晚餐
德克士（北京大学店）,116.3042675729157,39.98501359517936,中关村,美食推荐,晚餐
庆丰包子铺（海淀黄庄店）,116.31203377307132,39.97589462026578,中关村,美食推荐,晚餐
华莱士·全鸡汉堡（北京大学店）,116.30570953238454,39.98475299371824,中关村,美食推荐,晚餐
老乡鸡（北京新中关店）,116.30883172700942,39.977043566174856,中关村,美食推荐,晚餐
一家被炒面耽误的炒饭店（第十九档口-吉祥厨房美食城店）,116.32150922496722,39.98356720485604,中关村,美食推荐,晚餐
米村拌饭(五道口购物中心店),116.3332983566645,39.99041242838528,中关村,美食推荐,晚餐
中国兰州拉面（第2风味北京市面肴餐饮管理有限公司店）,116.30666068908543,39.95931027985384,中关村,美食推荐,晚餐
杨国福麻辣烫·麻辣拌(关村大街店),116.31086469271496,39.98134659713736,中关村,美食推荐,晚餐
柳小碗·健康菜·家常菜（第7档口昆仑天香美食城店）,116.29837493358976,39.983071033531104,中关村,美食推荐,晚餐
达美乐比萨（左岸店）,116.2985895092706,39.98304666727884,中关村,美食推荐,晚餐
山西刀削面（中关村店）,116.3125226653172,39.97599469364965,中关村,美食推荐,晚餐
鱼你在一起(海淀中关村五号院店),116.30650619943884,39.98172866335967,中关村,美食推荐,晚餐
必胜客（海淀黄庄店）,116.3118182545328,39.97589802623989,中关村,美食推荐,晚餐
沙县小吃（邮局北楼店）,116.30981106880034,39.98102158160657,中关村,美食推荐,晚餐
吉野家(保福寺店),116.32767807728656,39.98315337635383,中关村,美食推荐,晚餐
塔斯汀·中国汉堡(中关村店),116.3098350126278,39.98104753586423,中关村,美食推荐,晚餐
曼玲粥店(中关村店),116.31203377307132,39.97589462026578,中关村,美食推荐,晚餐
好这口·重庆小面（中关村店）,116.32155522901397,39.98269815203137,中关村,美食推荐,晚餐
德克士（北京大学店）,116.3042675729157,39.98501359517936,中关村,美食推荐,晚餐
庆丰包子铺（海淀黄庄店）,116.31203377307132,39.97589462026578,中关村,美食推荐,晚餐
华莱士·全鸡汉堡（北京大学店）,116.30570953238454,39.98475299371824,中关村,美食推荐,晚餐
老乡鸡（北京新中关店）,116.30883172700942,39.977043566174856,中关村,美食推荐,晚餐
一家被炒面耽误的炒饭店（第十九档口-吉祥厨房美食城店）,116.32150922496722,39.98356720485604,中关村,美食推荐,晚餐
米村拌饭(五道口购物中心店),116.3332983566645,39.99041242838528,中关村,美食推荐,晚餐
中国兰州拉面（第2风味北京市面肴餐饮管理有限公司店）,116.30666068908543,39.95931027985384,中关村,美食推荐,晚餐
杨国福麻辣烫·麻辣拌(关村大街店),116.31086469271496,39.98134659713736,中关村,美食推荐,晚餐
柳小碗·健康菜·家常菜（第7档口昆仑天香美食城店）,116.29837493358976,39.983071033531104,中关村,美食推荐,晚餐
达美乐比萨（左岸店）,116.2985895092706,39.98304666727884,中关村,美食推荐,晚餐
山西刀削面（中关村店）,116.3125226653172,39.97599469364965,中关村,美食推荐,晚餐
鱼你在一起(海淀中关村五号院店),116.30650619943884,39.98172866335967,中关村,美食推荐,晚餐
必胜客（海淀黄庄店）,116.3118182545328,39.97589802623989,中关村,美食推荐,晚餐
沙县小吃（邮局北楼店）,116.30981106880034,39.98102158160657,中关村,美食推荐,晚餐
吉野家(保福寺店),116.32767807728656,39.98315337635383,中关村,美食推荐,晚餐
塔斯汀·中国汉堡(中关村店),116.3098350126278,39.98104753586423,中关村,美食推荐,晚餐
曼玲粥店(中关村店),116.31203377307132,39.97589462026578,中关村,美食推荐,晚餐
好这口·重庆小面（中关村店）,116.32155522901397,39.98269815203137,中关村,美食推荐,晚餐
德克士（北京大学店）,116.3042675729157,39.98501359517936,中关村,美食推荐,晚餐
庆丰包子铺（海淀黄庄店）,116.31203377307132,39.97589462026578,中关村,美食推荐,晚餐
华莱士·全鸡汉堡（北京大学店）,116.30570953238454,39.98475299371824,中关村,美食推荐,晚餐
老乡鸡（北京新中关店）,116.30883172700942,39.977043566174856,中关村,美食推荐,晚餐
一家被炒面耽误的炒饭店（第十九档口-吉祥厨房美食城店）,116.32150922496722,39.98356720485604,中关村,美食推荐,晚餐
米村拌饭(五道口购物中心店),116.3332983566645,39.99041242838528,中关村,美食推荐,晚餐
中国兰州拉面（第2风味北京市面肴餐饮管理有限公司店）,116.30666068908543,39.95931027985384,中关村,美食推荐,晚餐
杨国福麻辣烫·麻辣拌(关村大街店),116.31086469271496,39.98134659713736,中关村,美食推荐,晚餐
柳小碗·健康菜·家常菜（第7档口昆仑天香美食城店）,116.29837493358976,39.983071033531104,中关村,美食推荐,晚餐
达美乐比萨（左岸店）,116.2985895092706,39.98304666727884,中关村,美食推荐,晚餐
山西刀削面（中关村店）,116.3125226653172,39.97599469364965,中关村,美食推荐,晚餐
鱼你在一起(海淀中关村五号院店),116.30650619943884,39.98172866335967,中关村,美食推荐,晚餐
必胜客（海淀黄庄店）,116.3118182545328,39.97589802623989,中关村,美食推荐,晚餐
沙县小吃（邮局北楼店）,116.30981106880034,39.98102158160657,中关村,美食推荐,晚餐
吉野家(保福寺店),116.32767807728656,39.98315337635383,中关村,美食推荐,晚餐
塔斯汀·中国汉堡(中关村店),116.3098350126278,39.98104753586423,中关村,美食推荐,晚餐
曼玲粥店(中关村店),116.31203377307132,39.97589462026578,中关村,美食推荐,晚餐
好这口·重庆小面（中关村店）,116.32155522901397,39.98269815203137,中关村,美食推荐,晚餐
德克士（北京大学店）,116.3042675729157,39.98501359517936,中关村,美食推荐,晚餐
庆丰包子铺（海淀黄庄店）,116.31203377307132,39.97589462026578,中关村,美食推荐,晚餐
华莱士·全鸡汉堡（北京大学店）,116.30570953238454,39.98475299371824,中关村,美食推荐,晚餐
老乡鸡（北京新中关店）,116.30883172700942,39.977043566174856,中关村,美食推荐,晚餐
一家被炒面耽误的炒饭店（第十九档口-吉祥厨房美食城店）,116.32150922496722,39.98356720485604,中关村,美食推荐,晚餐
米村拌饭(五道口购物中心店),116.3332983566645,39.99041242838528,中关村,美食推荐,晚餐
中国兰州拉面（第2风味北京市面肴餐饮管理有限公司店）,116.30666068908543,39.95931027985384,中关村,美食推荐,晚餐
杨国福麻辣烫·麻辣拌(关村大街店),116.31086469271496,39.98134659713736,中关村,美食推荐,晚餐
柳小碗·健康菜·家常菜（第7档口昆仑天香美食城店）,116.29837493358976,39.983071033531104,中关村,美食推荐,晚餐
达美乐比萨（左岸店）,116.2985895092706,39.98304666727884,中关村,美食推荐,晚餐
山西刀削面（中关村店）,116.3125226653172,39.97599469364965,中关村,美食推荐,晚餐
鱼你在一起(海淀中关村五号院店),116.30650619943884,39.98172866335967,中关村,美食推荐,晚餐
必胜客（海淀黄庄店）,116.3118182545328,39.97589802623989,中关村,美食推荐,晚餐
沙县小吃（邮局北楼店）,116.30981106880034,39.98102158160657,中关村,美食推荐,晚餐
吉野家(保福寺店),116.32767807728656,39.98315337635383,中关村,美食推荐,晚餐
塔斯汀·中国汉堡(中关村店),116.3098350126278,39.98104753586423,中关村,美食推荐,晚餐
曼玲粥店(中关村店),116.31203377307132,39.97589462026578,中关村,美食推荐,晚餐
好这口·重庆小面（中关村店）,116.32155522901397,39.98269815203137,中关村,美食推荐,晚餐
德克士（北京大学店）,116.3042675729157,39.98501359517936,中关村,美食推荐,晚餐
庆丰包子铺（海淀黄庄店）,116.31203377307132,39.97589462026578,中关村,美食推荐,晚餐
华莱士·全鸡汉堡（北京大学店）,116.30570953238454,39.98475299371824,中关村,美食推荐,晚餐
老乡鸡（北京新中关店）,116.30883172700942,39.977043566174856,中关村,美食推荐,晚餐
一家被炒面耽误的炒饭店（第十九档口-吉祥厨房美食城店）,116.32150922496722,39.98356720485604,中关村,美食推荐,晚餐
米村拌饭(五道口购物中心店),116.3332983566645,39.99041242838528,中关村,美食推荐,晚餐
中国兰州拉面（第2风味北京市面肴餐饮管理有限公司店）,116.30666068908543,39.95931027985384,中关村,美食推荐,晚餐
杨国福麻辣烫·麻辣拌(关村大街店),116.31086469271496,39.98134659713736,中关村,美食推荐,晚餐
柳小碗·健康菜·家常菜（第7档口昆仑天香美食城店）,116.29837493358976,39.983071033531104,中关村,美食推荐,晚餐
达美乐比萨（左岸店）,116.2985895092706,39.98304666727884,中关村,美食推荐,晚餐
山西刀削面（中关村店）,116.3125226653172,39.97599469364965,中关村,美食推荐,晚餐
鱼你在一起(海淀中关村五号院店),116.30650619943884,39.98172866335967,中关村,美食推荐,晚餐
必胜客（海淀黄庄店）,116.3118182545328,39.97589802623989,中关村,美食推荐,晚餐
沙县小吃（邮局北楼店）,116.30981106880034,39.98102158160657,中关村,美食推荐,晚餐
李先生牛肉面（北京中关村店）,116.3108407448105,39.9813556416813,中关村,美食推荐,晚餐
德湘厨·土菜馆（中关村店）,116.30147271694918,39.98260667483813,中关村,美食推荐,晚餐
阿呆锅锅炒饭·炒粉·炒面（庆余年美食城店）,116.31891855835774,39.97266062896291,中关村,美食推荐,晚餐
喜家德虾仁水饺（北京融科店）,116.31905294500298,39.9829849517731,中关村,美食推荐,晚餐
麦当劳&麦咖啡(北京紫金数码园店),116.34744369532704,39.92174496568556,中关村,美食推荐,晚餐
兰湘子·湘菜小炒(北京中关村大融城店),116.3079261181648,39.98172905235376,中关村,美食推荐,晚餐
饺子妞·纯手工水饺（第1档口昆仑天香美食城店）,116.29846477065294,39.98294488504512,中关村,美食推荐,晚餐
陕十一·凉皮·肉夹馍（第1档口吉祥厨房美食城店）,116.3057533149352,40.03330671787514,中关村,美食推荐,晚餐
华莱士全鸡汉堡(五道口店),116.32782624855498,39.98700893404656,中关村,美食推荐,晚餐
嘎嘎香东北老饭盒（第1档口+天天快厨美食城店）,116.32207291440132,39.98366611616513,中关村,美食推荐,晚餐
冒仟味成都火锅冒菜·麻辣烫（第3档口菜大妈美食城店）,116.31971456121413,39.97400804536434,中关村,美食推荐,晚餐
金百万烤鸭（中关村店）,116.31199585838203,39.97589069189541,中关村,美食推荐,晚餐
醉爱黄焖鸡米饭排骨米饭（五道口店）,116.33443976635932,39.998472953991744,中关村,美食推荐,晚餐
锦州烧烤·五道口店（学府美食城第6档口店）,116.33244218830724,39.99121700166892,中关村,美食推荐,晚餐
麦当劳＆麦咖啡（北京通惠寺店）,116.30530562551472,39.97499912555359,中关村,美食推荐,晚餐
袁记云饺(中关村南路店),116.31348602927692,39.97972171940082,中关村,美食推荐,晚餐
庆丰包子铺(中关村店),116.3122638539848,39.97117037645375,中关村,美食推荐,晚餐
丝路伊兰•蘭州牛肉面,116.31833359561868,39.99088200519162,中关村,美食推荐,晚餐
老边饺子馆（中关村店）,116.31540870923162,39.9715673926876,中关村,美食推荐,晚餐
美滋滋烤肉拌饭（第B7档口橘猫精选美食城店）,116.33925112886804,39.959119731202186,中关村,美食推荐,晚餐
田老师红烧肉(丰台南苑西路店),116.3609677345487,39.806734899624544,丰台区,拼好饭,中午
汉堡王（槐房万达23266店）,116.36049663756724,39.81346502564512,丰台区,拼好饭,中午
南城香·饭香串香馄饨香（丰台大悦春风里店）,116.35939213032763,39.8080209428952,丰台区,拼好饭,中午
隆江猪脚饭(第1档口北京南有秋风文化有限公司）,116.3626879067801,39.79202783009705,丰台区,拼好饭,中午
黄焖鸡米饭&过桥米线（新宫店）,116.36114941445634,39.80697763858112,丰台区,拼好饭,中午
汉堡王（槐房万达23266店）,116.36049663756724,39.81346502564512,丰台区,拼好饭,中午
杨国福麻辣烫·麻辣拌（马家堡西路店）,116.36515460415804,39.836491480125154,丰台区,拼好饭,中午
田老师红烧肉(丰台南苑西路店),116.3609677345487,39.806734899624544,丰台区,拼好饭,中午
胖哥羊棒骨烩面,116.36207479750144,39.800362938134754,丰台区,拼好饭,中午
辉仔隆江猪脚饭,116.36503723268072,39.832871855362185,丰台区,拼好饭,中午
雾鲜·东方手作（北京槐房万达店）,116.36245662548288,39.81283748138381,丰台区,拼好饭,中午
九田家（拌饭·铁板菜·烤肉·北京华联公益桥店）,116.36326188283832,39.83265607258973,丰台区,拼好饭,中午
华莱士·全鸡汉堡（新宫店）,116.35874865733668,39.812307515035485,丰台区,拼好饭,中午
沂蒙山炒鸡（第二风味北京花鼎东轩餐饮管理有限公司）,116.352440207452,39.80959207059636,丰台区,拼好饭,中午
田老师红烧肉(丰台南苑西路店),116.3609677345487,39.806734899624544,丰台区,拼好饭,中午
沙县小吃(新宫店),116.36169258972838,39.806715939814055,丰台区,拼好饭,中午
雾鲜·东方手作（北京槐房万达店）,116.36245662548288,39.81283748138381,丰台区,拼好饭,中午
南城香·饭香串香馄饨香（丰台大悦春风里店）,116.35939213032763,39.8080209428952,丰台区,拼好饭,中午
华莱士·全鸡汉堡（新宫店）,116.35874865733668,39.812307515035485,丰台区,拼好饭,中午
瑞幸咖啡(槐房西路万达广场店),116.36266734339004,39.81250723410746,丰台区,拼好饭,中午
田老师红烧肉(丰台南苑西路店),116.3609677345487,39.806734899624544,丰台区,拼好饭,中午
汉堡王（槐房万达23266店）,116.36049663756724,39.81346502564512,丰台区,拼好饭,中午
南城香·饭香串香馄饨香（丰台大悦春风里店）,116.35939213032763,39.8080209428952,丰台区,拼好饭,中午
隆江猪脚饭(第1档口北京南有秋风文化有限公司）,116.3626879067801,39.79202783009705,丰台区,拼好饭,中午
黄焖鸡米饭&过桥米线（新宫店）,116.36114941445634,39.80697763858112,丰台区,拼好饭,中午
汉堡王（槐房万达23266店）,116.36049663756724,39.81346502564512,丰台区,拼好饭,中午
杨国福麻辣烫·麻辣拌（马家堡西路店）,116.36515460415804,39.836491480125154,丰台区,拼好饭,中午
田老师红烧肉(丰台南苑西路店),116.3609677345487,39.806734899624544,丰台区,拼好饭,中午
胖哥羊棒骨烩面,116.36207479750144,39.800362938134754,丰台区,拼好饭,中午
辉仔隆江猪脚饭,116.36503723268072,39.832871855362185,丰台区,拼好饭,中午
雾鲜·东方手作（北京槐房万达店）,116.36245662548288,39.81283748138381,丰台区,拼好饭,中午
九田家（拌饭·铁板菜·烤肉·北京华联公益桥店）,116.36326188283832,39.83265607258973,丰台区,拼好饭,中午
华莱士·全鸡汉堡（新宫店）,116.35874865733668,39.812307515035485,丰台区,拼好饭,中午
沂蒙山炒鸡（第二风味北京花鼎东轩餐饮管理有限公司）,116.352440207452,39.80959207059636,丰台区,拼好饭,中午
田老师红烧肉(丰台南苑西路店),116.3609677345487,39.806734899624544,丰台区,拼好饭,中午
沙县小吃(新宫店),116.36169258972838,39.806715939814055,丰台区,拼好饭,中午
雾鲜·东方手作（北京槐房万达店）,116.36245662548288,39.81283748138381,丰台区,拼好饭,中午
南城香·饭香串香馄饨香（丰台大悦春风里店）,116.35939213032763,39.8080209428952,丰台区,拼好饭,中午
华莱士·全鸡汉堡（新宫店）,116.35874865733668,39.812307515035485,丰台区,拼好饭,中午
瑞幸咖啡(槐房西路万达广场店),116.36266734339004,39.81250723410746,丰台区,拼好饭,中午
田老师红烧肉(丰台南苑西路店),116.3609677345487,39.806734899624544,丰台区,拼好饭,中午
汉堡王（槐房万达23266店）,116.36049663756724,39.81346502564512,丰台区,拼好饭,中午
南城香·饭香串香馄饨香（丰台大悦春风里店）,116.35939213032763,39.8080209428952,丰台区,拼好饭,中午
隆江猪脚饭(第1档口北京南有秋风文化有限公司）,116.3626879067801,39.79202783009705,丰台区,拼好饭,中午
黄焖鸡米饭&过桥米线（新宫店）,116.36114941445634,39.80697763858112,丰台区,拼好饭,中午
汉堡王（槐房万达23266店）,116.36049663756724,39.81346502564512,丰台区,拼好饭,中午
杨国福麻辣烫·麻辣拌（马家堡西路店）,116.36515460415804,39.836491480125154,丰台区,拼好饭,中午
田老师红烧肉(丰台南苑西路店),116.3609677345487,39.806734899624544,丰台区,拼好饭,中午
胖哥羊棒骨烩面,116.36207479750144,39.800362938134754,丰台区,拼好饭,中午
辉仔隆江猪脚饭,116.36503723268072,39.832871855362185,丰台区,拼好饭,中午
雾鲜·东方手作（北京槐房万达店）,116.36245662548288,39.81283748138381,丰台区,拼好饭,中午
九田家（拌饭·铁板菜·烤肉·北京华联公益桥店）,116.36326188283832,39.83265607258973,丰台区,拼好饭,中午
华莱士·全鸡汉堡（新宫店）,116.35874865733668,39.812307515035485,丰台区,拼好饭,中午
沂蒙山炒鸡（第二风味北京花鼎东轩餐饮管理有限公司）,116.352440207452,39.80959207059636,丰台区,拼好饭,中午
田老师红烧肉(丰台南苑西路店),116.3609677345487,39.806734899624544,丰台区,拼好饭,中午
沙县小吃(新宫店),116.36169258972838,39.806715939814055,丰台区,拼好饭,中午
雾鲜·东方手作（北京槐房万达店）,116.36245662548288,39.81283748138381,丰台区,拼好饭,中午
南城香·饭香串香馄饨香（丰台大悦春风里店）,116.35939213032763,39.8080209428952,丰台区,拼好饭,中午
华莱士·全鸡汉堡（新宫店）,116.35874865733668,39.812307515035485,丰台区,拼好饭,中午
瑞幸咖啡(槐房西路万达广场店),116.36266734339004,39.81250723410746,丰台区,拼好饭,中午
田老师红烧肉(丰台南苑西路店),116.3609677345487,39.806734899624544,丰台区,拼好饭,中午
汉堡王（槐房万达23266店）,116.36049663756724,39.81346502564512,丰台区,拼好饭,中午
南城香·饭香串香馄饨香（丰台大悦春风里店）,116.35939213032763,39.8080209428952,丰台区,拼好饭,中午
隆江猪脚饭(第1档口北京南有秋风文化有限公司）,116.3626879067801,39.79202783009705,丰台区,拼好饭,中午
黄焖鸡米饭&过桥米线（新宫店）,116.36114941445634,39.80697763858112,丰台区,拼好饭,中午
汉堡王（槐房万达23266店）,116.36049663756724,39.81346502564512,丰台区,拼好饭,中午
杨国福麻辣烫·麻辣拌（马家堡西路店）,116.36515460415804,39.836491480125154,丰台区,拼好饭,中午
田老师红烧肉(丰台南苑西路店),116.3609677345487,39.806734899624544,丰台区,拼好饭,中午
胖哥羊棒骨烩面,116.36207479750144,39.800362938134754,丰台区,拼好饭,中午
辉仔隆江猪脚饭,116.36503723268072,39.832871855362185,丰台区,拼好饭,中午
雾鲜·东方手作（北京槐房万达店）,116.36245662548288,39.81283748138381,丰台区,拼好饭,中午
九田家（拌饭·铁板菜·烤肉·北京华联公益桥店）,116.36326188283832,39.83265607258973,丰台区,拼好饭,中午
华莱士·全鸡汉堡（新宫店）,116.35874865733668,39.812307515035485,丰台区,拼好饭,中午
沂蒙山炒鸡（第二风味北京花鼎东轩餐饮管理有限公司）,116.352440207452,39.80959207059636,丰台区,拼好饭,中午
田老师红烧肉(丰台南苑西路店),116.3609677345487,39.806734899624544,丰台区,拼好饭,中午
沙县小吃(新宫店),116.36169258972838,39.806715939814055,丰台区,拼好饭,中午
雾鲜·东方手作（北京槐房万达店）,116.36245662548288,39.81283748138381,丰台区,拼好饭,中午
南城香·饭香串香馄饨香（丰台大悦春风里店）,116.35939213032763,39.8080209428952,丰台区,拼好饭,中午
华莱士·全鸡汉堡（新宫店）,116.35874865733668,39.812307515035485,丰台区,拼好饭,中午
瑞幸咖啡(槐房西路万达广场店),116.36266734339004,39.81250723410746,丰台区,拼好饭,中午
田老师红烧肉(丰台南苑西路店),116.3609677345487,39.806734899624544,丰台区,拼好饭,中午
汉堡王（槐房万达23266店）,116.36049663756724,39.81346502564512,丰台区,拼好饭,中午
南城香·饭香串香馄饨香（丰台大悦春风里店）,116.35939213032763,39.8080209428952,丰台区,拼好饭,中午
隆江猪脚饭(第1档口北京南有秋风文化有限公司）,116.3626879067801,39.79202783009705,丰台区,拼好饭,中午
黄焖鸡米饭&过桥米线（新宫店）,116.36114941445634,39.80697763858112,丰台区,拼好饭,中午
汉堡王（槐房万达23266店）,116.36049663756724,39.81346502564512,丰台区,拼好饭,中午
杨国福麻辣烫·麻辣拌（马家堡西路店）,116.36515460415804,39.836491480125154,丰台区,拼好饭,中午
田老师红烧肉(丰台南苑西路店),116.3609677345487,39.806734899624544,丰台区,拼好饭,中午
胖哥羊棒骨烩面,116.36207479750144,39.800362938134754,丰台区,拼好饭,中午
辉仔隆江猪脚饭,116.36503723268072,39.832871855362185,丰台区,拼好饭,中午
雾鲜·东方手作（北京槐房万达店）,116.36245662548288,39.81283748138381,丰台区,拼好饭,中午
九田家（拌饭·铁板菜·烤肉·北京华联公益桥店）,116.36326188283832,39.83265607258973,丰台区,拼好饭,中午
华莱士·全鸡汉堡（新宫店）,116.35874865733668,39.812307515035485,丰台区,拼好饭,中午
沂蒙山炒鸡（第二风味北京花鼎东轩餐饮管理有限公司）,116.352440207452,39.80959207059636,丰台区,拼好饭,中午
田老师红烧肉(丰台南苑西路店),116.3609677345487,39.806734899624544,丰台区,拼好饭,中午
沙县小吃(新宫店),116.36169258972838,39.806715939814055,丰台区,拼好饭,中午
雾鲜·东方手作（北京槐房万达店）,116.36245662548288,39.81283748138381,丰台区,拼好饭,中午
南城香·饭香串香馄饨香（丰台大悦春风里店）,116.35939213032763,39.8080209428952,丰台区,拼好饭,中午
华莱士·全鸡汉堡（新宫店）,116.35874865733668,39.812307515035485,丰台区,拼好饭,中午
瑞幸咖啡(槐房西路万达广场店),116.36266734339004,39.81250723410746,丰台区,拼好饭,中午
田老师红烧肉(丰台南苑西路店),116.3609677345487,39.806734899624544,丰台区,拼好饭,中午
汉堡王（槐房万达23266店）,116.36049663756724,39.81346502564512,丰台区,拼好饭,中午
南城香·饭香串香馄饨香（丰台大悦春风里店）,116.35939213032763,39.8080209428952,丰台区,拼好饭,中午
隆江猪脚饭(第1档口北京南有秋风文化有限公司）,116.3626879067801,39.79202783009705,丰台区,拼好饭,中午
黄焖鸡米饭&过桥米线（新宫店）,116.36114941445634,39.80697763858112,丰台区,拼好饭,中午
汉堡王（槐房万达23266店）,116.36049663756724,39.81346502564512,丰台区,拼好饭,中午
杨国福麻辣烫·麻辣拌（马家堡西路店）,116.36515460415804,39.836491480125154,丰台区,拼好饭,中午
田老师红烧肉(丰台南苑西路店),116.3609677345487,39.806734899624544,丰台区,拼好饭,中午
胖哥羊棒骨烩面,116.36207479750144,39.800362938134754,丰台区,拼好饭,中午
辉仔隆江猪脚饭,116.36503723268072,39.832871855362185,丰台区,拼好饭,中午
雾鲜·东方手作（北京槐房万达店）,116.36245662548288,39.81283748138381,丰台区,拼好饭,中午
九田家（拌饭·铁板菜·烤肉·北京华联公益桥店）,116.36326188283832,39.83265607258973,丰台区,拼好饭,中午
华莱士·全鸡汉堡（新宫店）,116.35874865733668,39.812307515035485,丰台区,拼好饭,中午
沂蒙山炒鸡（第二风味北京花鼎东轩餐饮管理有限公司）,116.352440207452,39.80959207059636,丰台区,拼好饭,中午
田老师红烧肉(丰台南苑西路店),116.3609677345487,39.806734899624544,丰台区,拼好饭,中午
沙县小吃(新宫店),116.36169258972838,39.806715939814055,丰台区,拼好饭,中午
雾鲜·东方手作（北京槐房万达店）,116.36245662548288,39.81283748138381,丰台区,拼好饭,中午
南城香·饭香串香馄饨香（丰台大悦春风里店）,116.35939213032763,39.8080209428952,丰台区,拼好饭,中午
华莱士·全鸡汉堡（新宫店）,116.35874865733668,39.812307515035485,丰台区,拼好饭,中午
瑞幸咖啡(槐房西路万达广场店),116.36266734339004,39.81250723410746,丰台区,拼好饭,中午
田老师红烧肉(丰台南苑西路店),116.3609677345487,39.806734899624544,丰台区,拼好饭,中午
汉堡王（槐房万达23266店）,116.36049663756724,39.81346502564512,丰台区,拼好饭,中午
南城香·饭香串香馄饨香（丰台大悦春风里店）,116.35939213032763,39.8080209428952,丰台区,拼好饭,中午
隆江猪脚饭(第1档口北京南有秋风文化有限公司）,116.3626879067801,39.79202783009705,丰台区,拼好饭,中午
黄焖鸡米饭&过桥米线（新宫店）,116.36114941445634,39.80697763858112,丰台区,拼好饭,中午
汉堡王（槐房万达23266店）,116.36049663756724,39.81346502564512,丰台区,拼好饭,中午
杨国福麻辣烫·麻辣拌（马家堡西路店）,116.36515460415804,39.836491480125154,丰台区,拼好饭,中午
田老师红烧肉(丰台南苑西路店),116.3609677345487,39.806734899624544,丰台区,拼好饭,中午
胖哥羊棒骨烩面,116.36207479750144,39.800362938134754,丰台区,拼好饭,中午
辉仔隆江猪脚饭,116.36503723268072,39.832871855362185,丰台区,拼好饭,中午
雾鲜·东方手作（北京槐房万达店）,116.36245662548288,39.81283748138381,丰台区,拼好饭,中午
九田家（拌饭·铁板菜·烤肉·北京华联公益桥店）,116.36326188283832,39.83265607258973,丰台区,拼好饭,中午
华莱士·全鸡汉堡（新宫店）,116.35874865733668,39.812307515035485,丰台区,拼好饭,中午
沂蒙山炒鸡（第二风味北京花鼎东轩餐饮管理有限公司）,116.352440207452,39.80959207059636,丰台区,拼好饭,中午
田老师红烧肉(丰台南苑西路店),116.3609677345487,39.806734899624544,丰台区,拼好饭,中午
沙县小吃(新宫店),116.36169258972838,39.806715939814055,丰台区,拼好饭,中午
雾鲜·东方手作（北京槐房万达店）,116.36245662548288,39.81283748138381,丰台区,拼好饭,中午
南城香·饭香串香馄饨香（丰台大悦春风里店）,116.35939213032763,39.8080209428952,丰台区,拼好饭,中午
华莱士·全鸡汉堡（新宫店）,116.35874865733668,39.812307515035485,丰台区,拼好饭,中午
瑞幸咖啡(槐房西路万达广场店),116.36266734339004,39.81250723410746,丰台区,拼好饭,中午
田老师红烧肉(丰台南苑西路店),116.3609677345487,39.806734899624544,丰台区,拼好饭,中午
汉堡王（槐房万达23266店）,116.36049663756724,39.81346502564512,丰台区,拼好饭,中午
南城香·饭香串香馄饨香（丰台大悦春风里店）,116.35939213032763,39.8080209428952,丰台区,拼好饭,中午
隆江猪脚饭(第1档口北京南有秋风文化有限公司）,116.3626879067801,39.79202783009705,丰台区,拼好饭,中午
黄焖鸡米饭&过桥米线（新宫店）,116.36114941445634,39.80697763858112,丰台区,拼好饭,中午
汉堡王（槐房万达23266店）,116.36049663756724,39.81346502564512,丰台区,拼好饭,中午
杨国福麻辣烫·麻辣拌（马家堡西路店）,116.36515460415804,39.836491480125154,丰台区,拼好饭,中午
田老师红烧肉(丰台南苑西路店),116.3609677345487,39.806734899624544,丰台区,拼好饭,中午
胖哥羊棒骨烩面,116.36207479750144,39.800362938134754,丰台区,拼好饭,中午
辉仔隆江猪脚饭,116.36503723268072,39.832871855362185,丰台区,拼好饭,中午
雾鲜·东方手作（北京槐房万达店）,116.36245662548288,39.81283748138381,丰台区,拼好饭,中午
九田家（拌饭·铁板菜·烤肉·北京华联公益桥店）,116.36326188283832,39.83265607258973,丰台区,拼好饭,中午
华莱士·全鸡汉堡（新宫店）,116.35874865733668,39.812307515035485,丰台区,拼好饭,中午
沂蒙山炒鸡（第二风味北京花鼎东轩餐饮管理有限公司）,116.352440207452,39.80959207059636,丰台区,拼好饭,中午
田老师红烧肉(丰台南苑西路店),116.3609677345487,39.806734899624544,丰台区,拼好饭,中午
沙县小吃(新宫店),116.36169258972838,39.806715939814055,丰台区,拼好饭,中午
雾鲜·东方手作（北京槐房万达店）,116.36245662548288,39.81283748138381,丰台区,拼好饭,中午
南城香·饭香串香馄饨香（丰台大悦春风里店）,116.35939213032763,39.8080209428952,丰台区,拼好饭,中午
华莱士·全鸡汉堡（新宫店）,116.35874865733668,39.812307515035485,丰台区,拼好饭,中午
瑞幸咖啡(槐房西路万达广场店),116.36266734339004,39.81250723410746,丰台区,拼好饭,中午
田老师红烧肉(丰台南苑西路店),116.3609677345487,39.806734899624544,丰台区,拼好饭,中午
汉堡王（槐房万达23266店）,116.36049663756724,39.81346502564512,丰台区,拼好饭,中午
南城香·饭香串香馄饨香（丰台大悦春风里店）,116.35939213032763,39.8080209428952,丰台区,拼好饭,中午
隆江猪脚饭(第1档口北京南有秋风文化有限公司）,116.3626879067801,39.79202783009705,丰台区,拼好饭,中午
黄焖鸡米饭&过桥米线（新宫店）,116.36114941445634,39.80697763858112,丰台区,拼好饭,中午
汉堡王（槐房万达23266店）,116.36049663756724,39.81346502564512,丰台区,拼好饭,中午
杨国福麻辣烫·麻辣拌（马家堡西路店）,116.36515460415804,39.836491480125154,丰台区,拼好饭,中午
田老师红烧肉(丰台南苑西路店),116.3609677345487,39.806734899624544,丰台区,拼好饭,中午
胖哥羊棒骨烩面,116.36207479750144,39.800362938134754,丰台区,拼好饭,中午
辉仔隆江猪脚饭,116.36503723268072,39.832871855362185,丰台区,拼好饭,中午
雾鲜·东方手作（北京槐房万达店）,116.36245662548288,39.81283748138381,丰台区,拼好饭,中午
九田家（拌饭·铁板菜·烤肉·北京华联公益桥店）,116.36326188283832,39.83265607258973,丰台区,拼好饭,中午
华莱士·全鸡汉堡（新宫店）,116.35874865733668,39.812307515035485,丰台区,拼好饭,中午
沂蒙山炒鸡（第二风味北京花鼎东轩餐饮管理有限公司）,116.352440207452,39.80959207059636,丰台区,拼好饭,中午
田老师红烧肉(丰台南苑西路店),116.3609677345487,39.806734899624544,丰台区,拼好饭,中午
沙县小吃(新宫店),116.36169258972838,39.806715939814055,丰台区,拼好饭,中午
雾鲜·东方手作（北京槐房万达店）,116.36245662548288,39.81283748138381,丰台区,拼好饭,中午
南城香·饭香串香馄饨香（丰台大悦春风里店）,116.35939213032763,39.8080209428952,丰台区,拼好饭,中午
华莱士·全鸡汉堡（新宫店）,116.35874865733668,39.812307515035485,丰台区,拼好饭,中午
瑞幸咖啡(槐房西路万达广场店),116.36266734339004,39.81250723410746,丰台区,拼好饭,中午
田老师红烧肉(丰台南苑西路店),116.3609677345487,39.806734899624544,丰台区,拼好饭,中午
汉堡王（槐房万达23266店）,116.36049663756724,39.81346502564512,丰台区,拼好饭,中午
南城香·饭香串香馄饨香（丰台大悦春风里店）,116.35939213032763,39.8080209428952,丰台区,拼好饭,中午
隆江猪脚饭(第1档口北京南有秋风文化有限公司）,116.3626879067801,39.79202783009705,丰台区,拼好饭,中午
黄焖鸡米饭&过桥米线（新宫店）,116.36114941445634,39.80697763858112,丰台区,拼好饭,中午
汉堡王（槐房万达23266店）,116.36049663756724,39.81346502564512,丰台区,拼好饭,中午
杨国福麻辣烫·麻辣拌（马家堡西路店）,116.36515460415804,39.836491480125154,丰台区,拼好饭,中午
田老师红烧肉(丰台南苑西路店),116.3609677345487,39.806734899624544,丰台区,拼好饭,中午
胖哥羊棒骨烩面,116.36207479750144,39.800362938134754,丰台区,拼好饭,中午
辉仔隆江猪脚饭,116.36503723268072,39.832871855362185,丰台区,拼好饭,中午
雾鲜·东方手作（北京槐房万达店）,116.36245662548288,39.81283748138381,丰台区,拼好饭,中午
九田家（拌饭·铁板菜·烤肉·北京华联公益桥店）,116.36326188283832,39.83265607258973,丰台区,拼好饭,中午
华莱士·全鸡汉堡（新宫店）,116.35874865733668,39.812307515035485,丰台区,拼好饭,中午
沂蒙山炒鸡（第二风味北京花鼎东轩餐饮管理有限公司）,116.352440207452,39.80959207059636,丰台区,拼好饭,中午
田老师红烧肉(丰台南苑西路店),116.3609677345487,39.806734899624544,丰台区,拼好饭,中午
沙县小吃(新宫店),116.36169258972838,39.806715939814055,丰台区,拼好饭,中午
雾鲜·东方手作（北京槐房万达店）,116.36245662548288,39.81283748138381,丰台区,拼好饭,中午
南城香·饭香串香馄饨香（丰台大悦春风里店）,116.35939213032763,39.8080209428952,丰台区,拼好饭,中午
华莱士·全鸡汉堡（新宫店）,116.35874865733668,39.812307515035485,丰台区,拼好饭,中午
瑞幸咖啡(槐房西路万达广场店),116.36266734339004,39.81250723410746,丰台区,拼好饭,中午
华莱士·全鸡汉堡（新宫店）,116.35874865733668,39.812307515035485,丰台区,拼好饭,宵夜
黄焖鸡米饭&过桥米线（新宫店）,116.36114941445634,39.80697763858112,丰台区,拼好饭,宵夜
鸡柳大人（大悦春风里店）,116.35908561335948,39.80821735275494,丰台区,拼好饭,宵夜
沙县小吃(新宫店),116.36169258972838,39.806715939814055,丰台区,拼好饭,宵夜
华莱士·全鸡汉堡（新宫店）,116.35874865733668,39.812307515035485,丰台区,拼好饭,宵夜
胖哥羊棒骨烩面,116.36207479750144,39.800362938134754,丰台区,拼好饭,宵夜
熊家无二·韩式炸鸡（商贸学校店),116.36069189479592,39.79316536015918,丰台区,拼好饭,宵夜
胖哥羊棒骨烩面,116.36207479750144,39.800362938134754,丰台区,拼好饭,宵夜
沙县小吃(新宫店),116.36169258972838,39.806715939814055,丰台区,拼好饭,宵夜
华莱士·全鸡汉堡（新宫店）,116.35874865733668,39.812307515035485,丰台区,拼好饭,宵夜
抖喜·新疆炒米粉(第2号档口北京风味聚餐饮有限公司),116.36229363997276,39.80681914653874,丰台区,拼好饭,宵夜
胖哥羊棒骨烩面,116.36207479750144,39.800362938134754,丰台区,拼好饭,宵夜
熊家无二·韩式炸鸡（商贸学校店),116.36069189479592,39.79316536015918,丰台区,拼好饭,宵夜
隆江猪脚饭(第1档口北京南有秋风文化有限公司）,116.3626879067801,39.79202783009705,丰台区,拼好饭,宵夜
胖哥羊棒骨烩面,116.36207479750144,39.800362938134754,丰台区,拼好饭,宵夜
华莱士·全鸡汉堡（新宫店）,116.35874865733668,39.812307515035485,丰台区,拼好饭,宵夜
杨国福麻辣烫·麻辣拌（马家堡西路店）,116.36515460415804,39.836491480125154,丰台区,拼好饭,宵夜
熊家无二·韩式炸鸡（商贸学校店),116.36069189479592,39.79316536015918,丰台区,拼好饭,宵夜
华莱士·全鸡汉堡（新宫店）,116.35874865733668,39.812307515035485,丰台区,拼好饭,宵夜
黄焖鸡米饭&过桥米线（新宫店）,116.36114941445634,39.80697763858112,丰台区,拼好饭,宵夜
鸡柳大人（大悦春风里店）,116.35908561335948,39.80821735275494,丰台区,拼好饭,宵夜
沙县小吃(新宫店),116.36169258972838,39.806715939814055,丰台区,拼好饭,宵夜
华莱士·全鸡汉堡（新宫店）,116.35874865733668,39.812307515035485,丰台区,拼好饭,宵夜
胖哥羊棒骨烩面,116.36207479750144,39.800362938134754,丰台区,拼好饭,宵夜
熊家无二·韩式炸鸡（商贸学校店),116.36069189479592,39.79316536015918,丰台区,拼好饭,宵夜
胖哥羊棒骨烩面,116.36207479750144,39.800362938134754,丰台区,拼好饭,宵夜
沙县小吃(新宫店),116.36169258972838,39.806715939814055,丰台区,拼好饭,宵夜
华莱士·全鸡汉堡（新宫店）,116.35874865733668,39.812307515035485,丰台区,拼好饭,宵夜
抖喜·新疆炒米粉(第2号档口北京风味聚餐饮有限公司),116.36229363997276,39.80681914653874,丰台区,拼好饭,宵夜
胖哥羊棒骨烩面,116.36207479750144,39.800362938134754,丰台区,拼好饭,宵夜
熊家无二·韩式炸鸡（商贸学校店),116.36069189479592,39.79316536015918,丰台区,拼好饭,宵夜
隆江猪脚饭(第1档口北京南有秋风文化有限公司）,116.3626879067801,39.79202783009705,丰台区,拼好饭,宵夜
胖哥羊棒骨烩面,116.36207479750144,39.800362938134754,丰台区,拼好饭,宵夜
华莱士·全鸡汉堡（新宫店）,116.35874865733668,39.812307515035485,丰台区,拼好饭,宵夜
杨国福麻辣烫·麻辣拌（马家堡西路店）,116.36515460415804,39.836491480125154,丰台区,拼好饭,宵夜
熊家无二·韩式炸鸡（商贸学校店),116.36069189479592,39.79316536015918,丰台区,拼好饭,宵夜
华莱士·全鸡汉堡（新宫店）,116.35874865733668,39.812307515035485,丰台区,拼好饭,宵夜
黄焖鸡米饭&过桥米线（新宫店）,116.36114941445634,39.80697763858112,丰台区,拼好饭,宵夜
鸡柳大人（大悦春风里店）,116.35908561335948,39.80821735275494,丰台区,拼好饭,宵夜
沙县小吃(新宫店),116.36169258972838,39.806715939814055,丰台区,拼好饭,宵夜
华莱士·全鸡汉堡（新宫店）,116.35874865733668,39.812307515035485,丰台区,拼好饭,宵夜
胖哥羊棒骨烩面,116.36207479750144,39.800362938134754,丰台区,拼好饭,宵夜
熊家无二·韩式炸鸡（商贸学校店),116.36069189479592,39.79316536015918,丰台区,拼好饭,宵夜
胖哥羊棒骨烩面,116.36207479750144,39.800362938134754,丰台区,拼好饭,宵夜
沙县小吃(新宫店),116.36169258972838,39.806715939814055,丰台区,拼好饭,宵夜
华莱士·全鸡汉堡（新宫店）,116.35874865733668,39.812307515035485,丰台区,拼好饭,宵夜
抖喜·新疆炒米粉(第2号档口北京风味聚餐饮有限公司),116.36229363997276,39.80681914653874,丰台区,拼好饭,宵夜
胖哥羊棒骨烩面,116.36207479750144,39.800362938134754,丰台区,拼好饭,宵夜
熊家无二·韩式炸鸡（商贸学校店),116.36069189479592,39.79316536015918,丰台区,拼好饭,宵夜
隆江猪脚饭(第1档口北京南有秋风文化有限公司）,116.3626879067801,39.79202783009705,丰台区,拼好饭,宵夜
胖哥羊棒骨烩面,116.36207479750144,39.800362938134754,丰台区,拼好饭,宵夜
华莱士·全鸡汉堡（新宫店）,116.35874865733668,39.812307515035485,丰台区,拼好饭,宵夜
杨国福麻辣烫·麻辣拌（马家堡西路店）,116.36515460415804,39.836491480125154,丰台区,拼好饭,宵夜
熊家无二·韩式炸鸡（商贸学校店),116.36069189479592,39.79316536015918,丰台区,拼好饭,宵夜
华莱士·全鸡汉堡（新宫店）,116.35874865733668,39.812307515035485,丰台区,拼好饭,宵夜
黄焖鸡米饭&过桥米线（新宫店）,116.36114941445634,39.80697763858112,丰台区,拼好饭,宵夜
鸡柳大人（大悦春风里店）,116.35908561335948,39.80821735275494,丰台区,拼好饭,宵夜
沙县小吃(新宫店),116.36169258972838,39.806715939814055,丰台区,拼好饭,宵夜
华莱士·全鸡汉堡（新宫店）,116.35874865733668,39.812307515035485,丰台区,拼好饭,宵夜
胖哥羊棒骨烩面,116.36207479750144,39.800362938134754,丰台区,拼好饭,宵夜
熊家无二·韩式炸鸡（商贸学校店),116.36069189479592,39.79316536015918,丰台区,拼好饭,宵夜
胖哥羊棒骨烩面,116.36207479750144,39.800362938134754,丰台区,拼好饭,宵夜
沙县小吃(新宫店),116.36169258972838,39.806715939814055,丰台区,拼好饭,宵夜
华莱士·全鸡汉堡（新宫店）,116.35874865733668,39.812307515035485,丰台区,拼好饭,宵夜
抖喜·新疆炒米粉(第2号档口北京风味聚餐饮有限公司),116.36229363997276,39.80681914653874,丰台区,拼好饭,宵夜
胖哥羊棒骨烩面,116.36207479750144,39.800362938134754,丰台区,拼好饭,宵夜
熊家无二·韩式炸鸡（商贸学校店),116.36069189479592,39.79316536015918,丰台区,拼好饭,宵夜
隆江猪脚饭(第1档口北京南有秋风文化有限公司）,116.3626879067801,39.79202783009705,丰台区,拼好饭,宵夜
胖哥羊棒骨烩面,116.36207479750144,39.800362938134754,丰台区,拼好饭,宵夜
华莱士·全鸡汉堡（新宫店）,116.35874865733668,39.812307515035485,丰台区,拼好饭,宵夜
杨国福麻辣烫·麻辣拌（马家堡西路店）,116.36515460415804,39.836491480125154,丰台区,拼好饭,宵夜
熊家无二·韩式炸鸡（商贸学校店),116.36069189479592,39.79316536015918,丰台区,拼好饭,宵夜
华莱士·全鸡汉堡（新宫店）,116.35874865733668,39.812307515035485,丰台区,拼好饭,宵夜
黄焖鸡米饭&过桥米线（新宫店）,116.36114941445634,39.80697763858112,丰台区,拼好饭,宵夜
鸡柳大人（大悦春风里店）,116.35908561335948,39.80821735275494,丰台区,拼好饭,宵夜
沙县小吃(新宫店),116.36169258972838,39.806715939814055,丰台区,拼好饭,宵夜
华莱士·全鸡汉堡（新宫店）,116.35874865733668,39.812307515035485,丰台区,拼好饭,宵夜
胖哥羊棒骨烩面,116.36207479750144,39.800362938134754,丰台区,拼好饭,宵夜
熊家无二·韩式炸鸡（商贸学校店),116.36069189479592,39.79316536015918,丰台区,拼好饭,宵夜
胖哥羊棒骨烩面,116.36207479750144,39.800362938134754,丰台区,拼好饭,宵夜
沙县小吃(新宫店),116.36169258972838,39.806715939814055,丰台区,拼好饭,宵夜
华莱士·全鸡汉堡（新宫店）,116.35874865733668,39.812307515035485,丰台区,拼好饭,宵夜
抖喜·新疆炒米粉(第2号档口北京风味聚餐饮有限公司),116.36229363997276,39.80681914653874,丰台区,拼好饭,宵夜
胖哥羊棒骨烩面,116.36207479750144,39.800362938134754,丰台区,拼好饭,宵夜
熊家无二·韩式炸鸡（商贸学校店),116.36069189479592,39.79316536015918,丰台区,拼好饭,宵夜
隆江猪脚饭(第1档口北京南有秋风文化有限公司）,116.3626879067801,39.79202783009705,丰台区,拼好饭,宵夜
胖哥羊棒骨烩面,116.36207479750144,39.800362938134754,丰台区,拼好饭,宵夜
华莱士·全鸡汉堡（新宫店）,116.35874865733668,39.812307515035485,丰台区,拼好饭,宵夜
杨国福麻辣烫·麻辣拌（马家堡西路店）,116.36515460415804,39.836491480125154,丰台区,拼好饭,宵夜
熊家无二·韩式炸鸡（商贸学校店),116.36069189479592,39.79316536015918,丰台区,拼好饭,宵夜
华莱士·全鸡汉堡（新宫店）,116.35874865733668,39.812307515035485,丰台区,拼好饭,宵夜
黄焖鸡米饭&过桥米线（新宫店）,116.36114941445634,39.80697763858112,丰台区,拼好饭,宵夜
鸡柳大人（大悦春风里店）,116.35908561335948,39.80821735275494,丰台区,拼好饭,宵夜
沙县小吃(新宫店),116.36169258972838,39.806715939814055,丰台区,拼好饭,宵夜
华莱士·全鸡汉堡（新宫店）,116.35874865733668,39.812307515035485,丰台区,拼好饭,宵夜
胖哥羊棒骨烩面,116.36207479750144,39.800362938134754,丰台区,拼好饭,宵夜
熊家无二·韩式炸鸡（商贸学校店),116.36069189479592,39.79316536015918,丰台区,拼好饭,宵夜
胖哥羊棒骨烩面,116.36207479750144,39.800362938134754,丰台区,拼好饭,宵夜
沙县小吃(新宫店),116.36169258972838,39.806715939814055,丰台区,拼好饭,宵夜
华莱士·全鸡汉堡（新宫店）,116.35874865733668,39.812307515035485,丰台区,拼好饭,宵夜
抖喜·新疆炒米粉(第2号档口北京风味聚餐饮有限公司),116.36229363997276,39.80681914653874,丰台区,拼好饭,宵夜
胖哥羊棒骨烩面,116.36207479750144,39.800362938134754,丰台区,拼好饭,宵夜
熊家无二·韩式炸鸡（商贸学校店),116.36069189479592,39.79316536015918,丰台区,拼好饭,宵夜
隆江猪脚饭(第1档口北京南有秋风文化有限公司）,116.3626879067801,39.79202783009705,丰台区,拼好饭,宵夜
胖哥羊棒骨烩面,116.36207479750144,39.800362938134754,丰台区,拼好饭,宵夜
华莱士·全鸡汉堡（新宫店）,116.35874865733668,39.812307515035485,丰台区,拼好饭,宵夜
杨国福麻辣烫·麻辣拌（马家堡西路店）,116.36515460415804,39.836491480125154,丰台区,拼好饭,宵夜
熊家无二·韩式炸鸡（商贸学校店),116.36069189479592,39.79316536015918,丰台区,拼好饭,宵夜
华莱士·全鸡汉堡（新宫店）,116.35874865733668,39.812307515035485,丰台区,拼好饭,宵夜
黄焖鸡米饭&过桥米线（新宫店）,116.36114941445634,39.80697763858112,丰台区,拼好饭,宵夜
鸡柳大人（大悦春风里店）,116.35908561335948,39.80821735275494,丰台区,拼好饭,宵夜
沙县小吃(新宫店),116.36169258972838,39.806715939814055,丰台区,拼好饭,宵夜
华莱士·全鸡汉堡（新宫店）,116.35874865733668,39.812307515035485,丰台区,拼好饭,宵夜
胖哥羊棒骨烩面,116.36207479750144,39.800362938134754,丰台区,拼好饭,宵夜
熊家无二·韩式炸鸡（商贸学校店),116.36069189479592,39.79316536015918,丰台区,拼好饭,宵夜
胖哥羊棒骨烩面,116.36207479750144,39.800362938134754,丰台区,拼好饭,宵夜
沙县小吃(新宫店),116.36169258972838,39.806715939814055,丰台区,拼好饭,宵夜
华莱士·全鸡汉堡（新宫店）,116.35874865733668,39.812307515035485,丰台区,拼好饭,宵夜
抖喜·新疆炒米粉(第2号档口北京风味聚餐饮有限公司),116.36229363997276,39.80681914653874,丰台区,拼好饭,宵夜
胖哥羊棒骨烩面,116.36207479750144,39.800362938134754,丰台区,拼好饭,宵夜
熊家无二·韩式炸鸡（商贸学校店),116.36069189479592,39.79316536015918,丰台区,拼好饭,宵夜
隆江猪脚饭(第1档口北京南有秋风文化有限公司）,116.3626879067801,39.79202783009705,丰台区,拼好饭,宵夜
胖哥羊棒骨烩面,116.36207479750144,39.800362938134754,丰台区,拼好饭,宵夜
华莱士·全鸡汉堡（新宫店）,116.35874865733668,39.812307515035485,丰台区,拼好饭,宵夜
杨国福麻辣烫·麻辣拌（马家堡西路店）,116.36515460415804,39.836491480125154,丰台区,拼好饭,宵夜
熊家无二·韩式炸鸡（商贸学校店),116.36069189479592,39.79316536015918,丰台区,拼好饭,宵夜
华莱士·全鸡汉堡（新宫店）,116.35874865733668,39.812307515035485,丰台区,拼好饭,宵夜
黄焖鸡米饭&过桥米线（新宫店）,116.36114941445634,39.80697763858112,丰台区,拼好饭,宵夜
鸡柳大人（大悦春风里店）,116.35908561335948,39.80821735275494,丰台区,拼好饭,宵夜
沙县小吃(新宫店),116.36169258972838,39.806715939814055,丰台区,拼好饭,宵夜
华莱士·全鸡汉堡（新宫店）,116.35874865733668,39.812307515035485,丰台区,拼好饭,宵夜
胖哥羊棒骨烩面,116.36207479750144,39.800362938134754,丰台区,拼好饭,宵夜
熊家无二·韩式炸鸡（商贸学校店),116.36069189479592,39.79316536015918,丰台区,拼好饭,宵夜
胖哥羊棒骨烩面,116.36207479750144,39.800362938134754,丰台区,拼好饭,宵夜
沙县小吃(新宫店),116.36169258972838,39.806715939814055,丰台区,拼好饭,宵夜
华莱士·全鸡汉堡（新宫店）,116.35874865733668,39.812307515035485,丰台区,拼好饭,宵夜
抖喜·新疆炒米粉(第2号档口北京风味聚餐饮有限公司),116.36229363997276,39.80681914653874,丰台区,拼好饭,宵夜
胖哥羊棒骨烩面,116.36207479750144,39.800362938134754,丰台区,拼好饭,宵夜
熊家无二·韩式炸鸡（商贸学校店),116.36069189479592,39.79316536015918,丰台区,拼好饭,宵夜
隆江猪脚饭(第1档口北京南有秋风文化有限公司）,116.3626879067801,39.79202783009705,丰台区,拼好饭,宵夜
胖哥羊棒骨烩面,116.36207479750144,39.800362938134754,丰台区,拼好饭,宵夜
华莱士·全鸡汉堡（新宫店）,116.35874865733668,39.812307515035485,丰台区,拼好饭,宵夜
杨国福麻辣烫·麻辣拌（马家堡西路店）,116.36515460415804,39.836491480125154,丰台区,拼好饭,宵夜
熊家无二·韩式炸鸡（商贸学校店),116.36069189479592,39.79316536015918,丰台区,拼好饭,宵夜
华莱士·全鸡汉堡（新宫店）,116.35874865733668,39.812307515035485,丰台区,拼好饭,宵夜
黄焖鸡米饭&过桥米线（新宫店）,116.36114941445634,39.80697763858112,丰台区,拼好饭,宵夜
鸡柳大人（大悦春风里店）,116.35908561335948,39.80821735275494,丰台区,拼好饭,宵夜
沙县小吃(新宫店),116.36169258972838,39.806715939814055,丰台区,拼好饭,宵夜
华莱士·全鸡汉堡（新宫店）,116.35874865733668,39.812307515035485,丰台区,拼好饭,宵夜
胖哥羊棒骨烩面,116.36207479750144,39.800362938134754,丰台区,拼好饭,宵夜
熊家无二·韩式炸鸡（商贸学校店),116.36069189479592,39.79316536015918,丰台区,拼好饭,宵夜
胖哥羊棒骨烩面,116.36207479750144,39.800362938134754,丰台区,拼好饭,宵夜
沙县小吃(新宫店),116.36169258972838,39.806715939814055,丰台区,拼好饭,宵夜
华莱士·全鸡汉堡（新宫店）,116.35874865733668,39.812307515035485,丰台区,拼好饭,宵夜
抖喜·新疆炒米粉(第2号档口北京风味聚餐饮有限公司),116.36229363997276,39.80681914653874,丰台区,拼好饭,宵夜
胖哥羊棒骨烩面,116.36207479750144,39.800362938134754,丰台区,拼好饭,宵夜
熊家无二·韩式炸鸡（商贸学校店),116.36069189479592,39.79316536015918,丰台区,拼好饭,宵夜
隆江猪脚饭(第1档口北京南有秋风文化有限公司）,116.3626879067801,39.79202783009705,丰台区,拼好饭,宵夜
胖哥羊棒骨烩面,116.36207479750144,39.800362938134754,丰台区,拼好饭,宵夜
华莱士·全鸡汉堡（新宫店）,116.35874865733668,39.812307515035485,丰台区,拼好饭,宵夜
杨国福麻辣烫·麻辣拌（马家堡西路店）,116.36515460415804,39.836491480125154,丰台区,拼好饭,宵夜
熊家无二·韩式炸鸡（商贸学校店),116.36069189479592,39.79316536015918,丰台区,拼好饭,宵夜
华莱士·全鸡汉堡（新宫店）,116.35874865733668,39.812307515035485,丰台区,拼好饭,宵夜
黄焖鸡米饭&过桥米线（新宫店）,116.36114941445634,39.80697763858112,丰台区,拼好饭,宵夜
鸡柳大人（大悦春风里店）,116.35908561335948,39.80821735275494,丰台区,拼好饭,宵夜
沙县小吃(新宫店),116.36169258972838,39.806715939814055,丰台区,拼好饭,宵夜
华莱士·全鸡汉堡（新宫店）,116.35874865733668,39.812307515035485,丰台区,拼好饭,宵夜
胖哥羊棒骨烩面,116.36207479750144,39.800362938134754,丰台区,拼好饭,宵夜
熊家无二·韩式炸鸡（商贸学校店),116.36069189479592,39.79316536015918,丰台区,拼好饭,宵夜
胖哥羊棒骨烩面,116.36207479750144,39.800362938134754,丰台区,拼好饭,宵夜
沙县小吃(新宫店),116.36169258972838,39.806715939814055,丰台区,拼好饭,宵夜
华莱士·全鸡汉堡（新宫店）,116.35874865733668,39.812307515035485,丰台区,拼好饭,宵夜
抖喜·新疆炒米粉(第2号档口北京风味聚餐饮有限公司),116.36229363997276,39.80681914653874,丰台区,拼好饭,宵夜
胖哥羊棒骨烩面,116.36207479750144,39.800362938134754,丰台区,拼好饭,宵夜
熊家无二·韩式炸鸡（商贸学校店),116.36069189479592,39.79316536015918,丰台区,拼好饭,宵夜
隆江猪脚饭(第1档口北京南有秋风文化有限公司）,116.3626879067801,39.79202783009705,丰台区,拼好饭,宵夜
胖哥羊棒骨烩面,116.36207479750144,39.800362938134754,丰台区,拼好饭,宵夜
华莱士·全鸡汉堡（新宫店）,116.35874865733668,39.812307515035485,丰台区,拼好饭,宵夜
杨国福麻辣烫·麻辣拌（马家堡西路店）,116.36515460415804,39.836491480125154,丰台区,拼好饭,宵夜
熊家无二·韩式炸鸡（商贸学校店),116.36069189479592,39.79316536015918,丰台区,拼好饭,宵夜
田老师红烧肉(丰台南苑西路店),116.3609677345487,39.806734899624544,丰台区,拼好饭,晚餐
华莱士·全鸡汉堡（新宫店）,116.35874865733668,39.812307515035485,丰台区,拼好饭,晚餐
黄焖鸡米饭&过桥米线（新宫店）,116.36114941445634,39.80697763858112,丰台区,拼好饭,晚餐
张亮麻辣烫·麻辣拌（福利农场公交站店）,116.35478313719226,39.79191189391114,丰台区,拼好饭,晚餐
华莱士·全鸡汉堡（新宫店）,116.35874865733668,39.812307515035485,丰台区,拼好饭,晚餐
辉仔隆江猪脚饭,116.36503723268072,39.832871855362185,丰台区,拼好饭,晚餐
鸡柳大人（大悦春风里店）,116.35908561335948,39.80821735275494,丰台区,拼好饭,晚餐
田老师红烧肉(丰台南苑西路店),116.3609677345487,39.806734899624544,丰台区,拼好饭,晚餐
杨国福麻辣烫·麻辣拌（马家堡西路店）,116.36515460415804,39.836491480125154,丰台区,拼好饭,晚餐
阿满香牛肉面（丰台店）,116.32861171946958,39.77090456177223,丰台区,拼好饭,晚餐
雾鲜·东方手作（北京槐房万达店）,116.36245662548288,39.81283748138381,丰台区,拼好饭,晚餐
华莱士·全鸡汉堡（新宫店）,116.35874865733668,39.812307515035485,丰台区,拼好饭,晚餐
沙县小吃(新宫店),116.36169258972838,39.806715939814055,丰台区,拼好饭,晚餐
田老师红烧肉(丰台南苑西路店),116.3609677345487,39.806734899624544,丰台区,拼好饭,晚餐
南城香·饭香串香馄饨香（丰台大悦春风里店）,116.35939213032763,39.8080209428952,丰台区,拼好饭,晚餐
胖哥羊棒骨烩面,116.36207479750144,39.800362938134754,丰台区,拼好饭,晚餐
汉堡王（槐房万达23266店）,116.36049663756724,39.81346502564512,丰台区,拼好饭,晚餐
隆江猪脚饭(第1档口北京南有秋风文化有限公司）,116.3626879067801,39.79202783009705,丰台区,拼好饭,晚餐
华莱士·全鸡汉堡（新宫店）,116.35874865733668,39.812307515035485,丰台区,拼好饭,晚餐
田老师红烧肉(丰台南苑西路店),116.3609677345487,39.806734899624544,丰台区,拼好饭,晚餐
华莱士·全鸡汉堡（新宫店）,116.35874865733668,39.812307515035485,丰台区,拼好饭,晚餐
黄焖鸡米饭&过桥米线（新宫店）,116.36114941445634,39.80697763858112,丰台区,拼好饭,晚餐
张亮麻辣烫·麻辣拌（福利农场公交站店）,116.35478313719226,39.79191189391114,丰台区,拼好饭,晚餐
华莱士·全鸡汉堡（新宫店）,116.35874865733668,39.812307515035485,丰台区,拼好饭,晚餐
辉仔隆江猪脚饭,116.36503723268072,39.832871855362185,丰台区,拼好饭,晚餐
鸡柳大人（大悦春风里店）,116.35908561335948,39.80821735275494,丰台区,拼好饭,晚餐
田老师红烧肉(丰台南苑西路店),116.3609677345487,39.806734899624544,丰台区,拼好饭,晚餐
杨国福麻辣烫·麻辣拌（马家堡西路店）,116.36515460415804,39.836491480125154,丰台区,拼好饭,晚餐
阿满香牛肉面（丰台店）,116.32861171946958,39.77090456177223,丰台区,拼好饭,晚餐
雾鲜·东方手作（北京槐房万达店）,116.36245662548288,39.81283748138381,丰台区,拼好饭,晚餐
华莱士·全鸡汉堡（新宫店）,116.35874865733668,39.812307515035485,丰台区,拼好饭,晚餐
沙县小吃(新宫店),116.36169258972838,39.806715939814055,丰台区,拼好饭,晚餐
田老师红烧肉(丰台南苑西路店),116.3609677345487,39.806734899624544,丰台区,拼好饭,晚餐
南城香·饭香串香馄饨香（丰台大悦春风里店）,116.35939213032763,39.8080209428952,丰台区,拼好饭,晚餐
胖哥羊棒骨烩面,116.36207479750144,39.800362938134754,丰台区,拼好饭,晚餐
汉堡王（槐房万达23266店）,116.36049663756724,39.81346502564512,丰台区,拼好饭,晚餐
隆江猪脚饭(第1档口北京南有秋风文化有限公司）,116.3626879067801,39.79202783009705,丰台区,拼好饭,晚餐
华莱士·全鸡汉堡（新宫店）,116.35874865733668,39.812307515035485,丰台区,拼好饭,晚餐
田老师红烧肉(丰台南苑西路店),116.3609677345487,39.806734899624544,丰台区,拼好饭,晚餐
华莱士·全鸡汉堡（新宫店）,116.35874865733668,39.812307515035485,丰台区,拼好饭,晚餐
黄焖鸡米饭&过桥米线（新宫店）,116.36114941445634,39.80697763858112,丰台区,拼好饭,晚餐
张亮麻辣烫·麻辣拌（福利农场公交站店）,116.35478313719226,39.79191189391114,丰台区,拼好饭,晚餐
华莱士·全鸡汉堡（新宫店）,116.35874865733668,39.812307515035485,丰台区,拼好饭,晚餐
辉仔隆江猪脚饭,116.36503723268072,39.832871855362185,丰台区,拼好饭,晚餐
鸡柳大人（大悦春风里店）,116.35908561335948,39.80821735275494,丰台区,拼好饭,晚餐
田老师红烧肉(丰台南苑西路店),116.3609677345487,39.806734899624544,丰台区,拼好饭,晚餐
杨国福麻辣烫·麻辣拌（马家堡西路店）,116.36515460415804,39.836491480125154,丰台区,拼好饭,晚餐
阿满香牛肉面（丰台店）,116.32861171946958,39.77090456177223,丰台区,拼好饭,晚餐
雾鲜·东方手作（北京槐房万达店）,116.36245662548288,39.81283748138381,丰台区,拼好饭,晚餐
华莱士·全鸡汉堡（新宫店）,116.35874865733668,39.812307515035485,丰台区,拼好饭,晚餐
沙县小吃(新宫店),116.36169258972838,39.806715939814055,丰台区,拼好饭,晚餐
田老师红烧肉(丰台南苑西路店),116.3609677345487,39.806734899624544,丰台区,拼好饭,晚餐
南城香·饭香串香馄饨香（丰台大悦春风里店）,116.35939213032763,39.8080209428952,丰台区,拼好饭,晚餐
胖哥羊棒骨烩面,116.36207479750144,39.800362938134754,丰台区,拼好饭,晚餐
汉堡王（槐房万达23266店）,116.36049663756724,39.81346502564512,丰台区,拼好饭,晚餐
隆江猪脚饭(第1档口北京南有秋风文化有限公司）,116.3626879067801,39.79202783009705,丰台区,拼好饭,晚餐
华莱士·全鸡汉堡（新宫店）,116.35874865733668,39.812307515035485,丰台区,拼好饭,晚餐
田老师红烧肉(丰台南苑西路店),116.3609677345487,39.806734899624544,丰台区,拼好饭,晚餐
华莱士·全鸡汉堡（新宫店）,116.35874865733668,39.812307515035485,丰台区,拼好饭,晚餐
黄焖鸡米饭&过桥米线（新宫店）,116.36114941445634,39.80697763858112,丰台区,拼好饭,晚餐
张亮麻辣烫·麻辣拌（福利农场公交站店）,116.35478313719226,39.79191189391114,丰台区,拼好饭,晚餐
华莱士·全鸡汉堡（新宫店）,116.35874865733668,39.812307515035485,丰台区,拼好饭,晚餐
辉仔隆江猪脚饭,116.36503723268072,39.832871855362185,丰台区,拼好饭,晚餐
鸡柳大人（大悦春风里店）,116.35908561335948,39.80821735275494,丰台区,拼好饭,晚餐
田老师红烧肉(丰台南苑西路店),116.3609677345487,39.806734899624544,丰台区,拼好饭,晚餐
杨国福麻辣烫·麻辣拌（马家堡西路店）,116.36515460415804,39.836491480125154,丰台区,拼好饭,晚餐
阿满香牛肉面（丰台店）,116.32861171946958,39.77090456177223,丰台区,拼好饭,晚餐
雾鲜·东方手作（北京槐房万达店）,116.36245662548288,39.81283748138381,丰台区,拼好饭,晚餐
华莱士·全鸡汉堡（新宫店）,116.35874865733668,39.812307515035485,丰台区,拼好饭,晚餐
沙县小吃(新宫店),116.36169258972838,39.806715939814055,丰台区,拼好饭,晚餐
田老师红烧肉(丰台南苑西路店),116.3609677345487,39.806734899624544,丰台区,拼好饭,晚餐
南城香·饭香串香馄饨香（丰台大悦春风里店）,116.35939213032763,39.8080209428952,丰台区,拼好饭,晚餐
胖哥羊棒骨烩面,116.36207479750144,39.800362938134754,丰台区,拼好饭,晚餐
汉堡王（槐房万达23266店）,116.36049663756724,39.81346502564512,丰台区,拼好饭,晚餐
隆江猪脚饭(第1档口北京南有秋风文化有限公司）,116.3626879067801,39.79202783009705,丰台区,拼好饭,晚餐
华莱士·全鸡汉堡（新宫店）,116.35874865733668,39.812307515035485,丰台区,拼好饭,晚餐
田老师红烧肉(丰台南苑西路店),116.3609677345487,39.806734899624544,丰台区,拼好饭,晚餐
华莱士·全鸡汉堡（新宫店）,116.35874865733668,39.812307515035485,丰台区,拼好饭,晚餐
黄焖鸡米饭&过桥米线（新宫店）,116.36114941445634,39.80697763858112,丰台区,拼好饭,晚餐
张亮麻辣烫·麻辣拌（福利农场公交站店）,116.35478313719226,39.79191189391114,丰台区,拼好饭,晚餐
华莱士·全鸡汉堡（新宫店）,116.35874865733668,39.812307515035485,丰台区,拼好饭,晚餐
辉仔隆江猪脚饭,116.36503723268072,39.832871855362185,丰台区,拼好饭,晚餐
鸡柳大人（大悦春风里店）,116.35908561335948,39.80821735275494,丰台区,拼好饭,晚餐
田老师红烧肉(丰台南苑西路店),116.3609677345487,39.806734899624544,丰台区,拼好饭,晚餐
杨国福麻辣烫·麻辣拌（马家堡西路店）,116.36515460415804,39.836491480125154,丰台区,拼好饭,晚餐
阿满香牛肉面（丰台店）,116.32861171946958,39.77090456177223,丰台区,拼好饭,晚餐
雾鲜·东方手作（北京槐房万达店）,116.36245662548288,39.81283748138381,丰台区,拼好饭,晚餐
华莱士·全鸡汉堡（新宫店）,116.35874865733668,39.812307515035485,丰台区,拼好饭,晚餐
沙县小吃(新宫店),116.36169258972838,39.806715939814055,丰台区,拼好饭,晚餐
田老师红烧肉(丰台南苑西路店),116.3609677345487,39.806734899624544,丰台区,拼好饭,晚餐
南城香·饭香串香馄饨香（丰台大悦春风里店）,116.35939213032763,39.8080209428952,丰台区,拼好饭,晚餐
胖哥羊棒骨烩面,116.36207479750144,39.800362938134754,丰台区,拼好饭,晚餐
汉堡王（槐房万达23266店）,116.36049663756724,39.81346502564512,丰台区,拼好饭,晚餐
隆江猪脚饭(第1档口北京南有秋风文化有限公司）,116.3626879067801,39.79202783009705,丰台区,拼好饭,晚餐
华莱士·全鸡汉堡（新宫店）,116.35874865733668,39.812307515035485,丰台区,拼好饭,晚餐
田老师红烧肉(丰台南苑西路店),116.3609677345487,39.806734899624544,丰台区,拼好饭,晚餐
华莱士·全鸡汉堡（新宫店）,116.35874865733668,39.812307515035485,丰台区,拼好饭,晚餐
黄焖鸡米饭&过桥米线（新宫店）,116.36114941445634,39.80697763858112,丰台区,拼好饭,晚餐
张亮麻辣烫·麻辣拌（福利农场公交站店）,116.35478313719226,39.79191189391114,丰台区,拼好饭,晚餐
华莱士·全鸡汉堡（新宫店）,116.35874865733668,39.812307515035485,丰台区,拼好饭,晚餐
辉仔隆江猪脚饭,116.36503723268072,39.832871855362185,丰台区,拼好饭,晚餐
鸡柳大人（大悦春风里店）,116.35908561335948,39.80821735275494,丰台区,拼好饭,晚餐
田老师红烧肉(丰台南苑西路店),116.3609677345487,39.806734899624544,丰台区,拼好饭,晚餐
杨国福麻辣烫·麻辣拌（马家堡西路店）,116.36515460415804,39.836491480125154,丰台区,拼好饭,晚餐
阿满香牛肉面（丰台店）,116.32861171946958,39.77090456177223,丰台区,拼好饭,晚餐
雾鲜·东方手作（北京槐房万达店）,116.36245662548288,39.81283748138381,丰台区,拼好饭,晚餐
华莱士·全鸡汉堡（新宫店）,116.35874865733668,39.812307515035485,丰台区,拼好饭,晚餐
沙县小吃(新宫店),116.36169258972838,39.806715939814055,丰台区,拼好饭,晚餐
田老师红烧肉(丰台南苑西路店),116.3609677345487,39.806734899624544,丰台区,拼好饭,晚餐
南城香·饭香串香馄饨香（丰台大悦春风里店）,116.35939213032763,39.8080209428952,丰台区,拼好饭,晚餐
胖哥羊棒骨烩面,116.36207479750144,39.800362938134754,丰台区,拼好饭,晚餐
汉堡王（槐房万达23266店）,116.36049663756724,39.81346502564512,丰台区,拼好饭,晚餐
隆江猪脚饭(第1档口北京南有秋风文化有限公司）,116.3626879067801,39.79202783009705,丰台区,拼好饭,晚餐
华莱士·全鸡汉堡（新宫店）,116.35874865733668,39.812307515035485,丰台区,拼好饭,晚餐
田老师红烧肉(丰台南苑西路店),116.3609677345487,39.806734899624544,丰台区,拼好饭,晚餐
华莱士·全鸡汉堡（新宫店）,116.35874865733668,39.812307515035485,丰台区,拼好饭,晚餐
黄焖鸡米饭&过桥米线（新宫店）,116.36114941445634,39.80697763858112,丰台区,拼好饭,晚餐
张亮麻辣烫·麻辣拌（福利农场公交站店）,116.35478313719226,39.79191189391114,丰台区,拼好饭,晚餐
华莱士·全鸡汉堡（新宫店）,116.35874865733668,39.812307515035485,丰台区,拼好饭,晚餐
辉仔隆江猪脚饭,116.36503723268072,39.832871855362185,丰台区,拼好饭,晚餐
鸡柳大人（大悦春风里店）,116.35908561335948,39.80821735275494,丰台区,拼好饭,晚餐
田老师红烧肉(丰台南苑西路店),116.3609677345487,39.806734899624544,丰台区,拼好饭,晚餐
杨国福麻辣烫·麻辣拌（马家堡西路店）,116.36515460415804,39.836491480125154,丰台区,拼好饭,晚餐
阿满香牛肉面（丰台店）,116.32861171946958,39.77090456177223,丰台区,拼好饭,晚餐
雾鲜·东方手作（北京槐房万达店）,116.36245662548288,39.81283748138381,丰台区,拼好饭,晚餐
华莱士·全鸡汉堡（新宫店）,116.35874865733668,39.812307515035485,丰台区,拼好饭,晚餐
沙县小吃(新宫店),116.36169258972838,39.806715939814055,丰台区,拼好饭,晚餐
田老师红烧肉(丰台南苑西路店),116.3609677345487,39.806734899624544,丰台区,拼好饭,晚餐
南城香·饭香串香馄饨香（丰台大悦春风里店）,116.35939213032763,39.8080209428952,丰台区,拼好饭,晚餐
胖哥羊棒骨烩面,116.36207479750144,39.800362938134754,丰台区,拼好饭,晚餐
汉堡王（槐房万达23266店）,116.36049663756724,39.81346502564512,丰台区,拼好饭,晚餐
隆江猪脚饭(第1档口北京南有秋风文化有限公司）,116.3626879067801,39.79202783009705,丰台区,拼好饭,晚餐
华莱士·全鸡汉堡（新宫店）,116.35874865733668,39.812307515035485,丰台区,拼好饭,晚餐
田老师红烧肉(丰台南苑西路店),116.3609677345487,39.806734899624544,丰台区,拼好饭,晚餐
华莱士·全鸡汉堡（新宫店）,116.35874865733668,39.812307515035485,丰台区,拼好饭,晚餐
黄焖鸡米饭&过桥米线（新宫店）,116.36114941445634,39.80697763858112,丰台区,拼好饭,晚餐
张亮麻辣烫·麻辣拌（福利农场公交站店）,116.35478313719226,39.79191189391114,丰台区,拼好饭,晚餐
华莱士·全鸡汉堡（新宫店）,116.35874865733668,39.812307515035485,丰台区,拼好饭,晚餐
辉仔隆江猪脚饭,116.36503723268072,39.832871855362185,丰台区,拼好饭,晚餐
鸡柳大人（大悦春风里店）,116.35908561335948,39.80821735275494,丰台区,拼好饭,晚餐
田老师红烧肉(丰台南苑西路店),116.3609677345487,39.806734899624544,丰台区,拼好饭,晚餐
杨国福麻辣烫·麻辣拌（马家堡西路店）,116.36515460415804,39.836491480125154,丰台区,拼好饭,晚餐
阿满香牛肉面（丰台店）,116.32861171946958,39.77090456177223,丰台区,拼好饭,晚餐
雾鲜·东方手作（北京槐房万达店）,116.36245662548288,39.81283748138381,丰台区,拼好饭,晚餐
华莱士·全鸡汉堡（新宫店）,116.35874865733668,39.812307515035485,丰台区,拼好饭,晚餐
沙县小吃(新宫店),116.36169258972838,39.806715939814055,丰台区,拼好饭,晚餐
田老师红烧肉(丰台南苑西路店),116.3609677345487,39.806734899624544,丰台区,拼好饭,晚餐
南城香·饭香串香馄饨香（丰台大悦春风里店）,116.35939213032763,39.8080209428952,丰台区,拼好饭,晚餐
胖哥羊棒骨烩面,116.36207479750144,39.800362938134754,丰台区,拼好饭,晚餐
汉堡王（槐房万达23266店）,116.36049663756724,39.81346502564512,丰台区,拼好饭,晚餐
隆江猪脚饭(第1档口北京南有秋风文化有限公司）,116.3626879067801,39.79202783009705,丰台区,拼好饭,晚餐
华莱士·全鸡汉堡（新宫店）,116.35874865733668,39.812307515035485,丰台区,拼好饭,晚餐
田老师红烧肉(丰台南苑西路店),116.3609677345487,39.806734899624544,丰台区,拼好饭,晚餐
华莱士·全鸡汉堡（新宫店）,116.35874865733668,39.812307515035485,丰台区,拼好饭,晚餐
黄焖鸡米饭&过桥米线（新宫店）,116.36114941445634,39.80697763858112,丰台区,拼好饭,晚餐
张亮麻辣烫·麻辣拌（福利农场公交站店）,116.35478313719226,39.79191189391114,丰台区,拼好饭,晚餐
华莱士·全鸡汉堡（新宫店）,116.35874865733668,39.812307515035485,丰台区,拼好饭,晚餐
辉仔隆江猪脚饭,116.36503723268072,39.832871855362185,丰台区,拼好饭,晚餐
鸡柳大人（大悦春风里店）,116.35908561335948,39.80821735275494,丰台区,拼好饭,晚餐
田老师红烧肉(丰台南苑西路店),116.3609677345487,39.806734899624544,丰台区,拼好饭,晚餐
杨国福麻辣烫·麻辣拌（马家堡西路店）,116.36515460415804,39.836491480125154,丰台区,拼好饭,晚餐
阿满香牛肉面（丰台店）,116.32861171946958,39.77090456177223,丰台区,拼好饭,晚餐
雾鲜·东方手作（北京槐房万达店）,116.36245662548288,39.81283748138381,丰台区,拼好饭,晚餐
华莱士·全鸡汉堡（新宫店）,116.35874865733668,39.812307515035485,丰台区,拼好饭,晚餐
沙县小吃(新宫店),116.36169258972838,39.806715939814055,丰台区,拼好饭,晚餐
田老师红烧肉(丰台南苑西路店),116.3609677345487,39.806734899624544,丰台区,拼好饭,晚餐
南城香·饭香串香馄饨香（丰台大悦春风里店）,116.35939213032763,39.8080209428952,丰台区,拼好饭,晚餐
胖哥羊棒骨烩面,116.36207479750144,39.800362938134754,丰台区,拼好饭,晚餐
汉堡王（槐房万达23266店）,116.36049663756724,39.81346502564512,丰台区,拼好饭,晚餐
隆江猪脚饭(第1档口北京南有秋风文化有限公司）,116.3626879067801,39.79202783009705,丰台区,拼好饭,晚餐
华莱士·全鸡汉堡（新宫店）,116.35874865733668,39.812307515035485,丰台区,拼好饭,晚餐
田老师红烧肉(丰台南苑西路店),116.3609677345487,39.806734899624544,丰台区,拼好饭,晚餐
华莱士·全鸡汉堡（新宫店）,116.35874865733668,39.812307515035485,丰台区,拼好饭,晚餐
黄焖鸡米饭&过桥米线（新宫店）,116.36114941445634,39.80697763858112,丰台区,拼好饭,晚餐
张亮麻辣烫·麻辣拌（福利农场公交站店）,116.35478313719226,39.79191189391114,丰台区,拼好饭,晚餐
华莱士·全鸡汉堡（新宫店）,116.35874865733668,39.812307515035485,丰台区,拼好饭,晚餐
辉仔隆江猪脚饭,116.36503723268072,39.832871855362185,丰台区,拼好饭,晚餐
鸡柳大人（大悦春风里店）,116.35908561335948,39.80821735275494,丰台区,拼好饭,晚餐
田老师红烧肉(丰台南苑西路店),116.3609677345487,39.806734899624544,丰台区,拼好饭,晚餐
杨国福麻辣烫·麻辣拌（马家堡西路店）,116.36515460415804,39.836491480125154,丰台区,拼好饭,晚餐
阿满香牛肉面（丰台店）,116.32861171946958,39.77090456177223,丰台区,拼好饭,晚餐
雾鲜·东方手作（北京槐房万达店）,116.36245662548288,39.81283748138381,丰台区,拼好饭,晚餐
华莱士·全鸡汉堡（新宫店）,116.35874865733668,39.812307515035485,丰台区,拼好饭,晚餐
沙县小吃(新宫店),116.36169258972838,39.806715939814055,丰台区,拼好饭,晚餐
田老师红烧肉(丰台南苑西路店),116.3609677345487,39.806734899624544,丰台区,拼好饭,晚餐
南城香·饭香串香馄饨香（丰台大悦春风里店）,116.35939213032763,39.8080209428952,丰台区,拼好饭,晚餐
胖哥羊棒骨烩面,116.36207479750144,39.800362938134754,丰台区,拼好饭,晚餐
汉堡王（槐房万达23266店）,116.36049663756724,39.81346502564512,丰台区,拼好饭,晚餐
隆江猪脚饭(第1档口北京南有秋风文化有限公司）,116.3626879067801,39.79202783009705,丰台区,拼好饭,晚餐
华莱士·全鸡汉堡（新宫店）,116.35874865733668,39.812307515035485,丰台区,拼好饭,晚餐
南城香·饭香串香馄饨香（望京西园店）,116.47194715427534,40.00318139557035,丰台区,神枪手,中午
库迪咖啡(利星行广场A座店),116.47584560001047,39.99247384242209,丰台区,神枪手,中午
田老师红烧肉(望京商业中心店),116.47826989195,39.9893939205902,丰台区,神枪手,中午
嘉和一品粥（健康餐·皮蛋粥·焖面·望京soho店）,116.47538757512324,39.99529442039436,丰台区,神枪手,中午
爷爷不泡茶（北京望京麒麟社店）,116.47147637119484,39.99600939225394,丰台区,神枪手,中午
半亩良田（排骨米饭·望京店）,116.478148574099,39.98835361382131,丰台区,神枪手,中午
汉堡王（合生麒麟社餐厅20008店）,116.47179656290976,39.99562729900947,丰台区,神枪手,中午
瑞幸咖啡(望京SOHO-3塔店),116.4737044060455,39.99575863710116,丰台区,神枪手,中午
老乡鸡（北京新荟城店）,116.47616917615944,39.9973245613546,丰台区,神枪手,中午
德来聚驴肉火烧（望京店）,116.4783472767401,39.98860217641321,丰台区,神枪手,中午
南城香·饭香串香馄饨香（望京西园店）,116.47194715427534,40.00318139557035,丰台区,神枪手,中午
沪上阿姨·精选茶饮(北京望京新世界店),116.4748920680999,39.98493144270508,丰台区,神枪手,中午
田老师红烧肉(望京商业中心店),116.47826989195,39.9893939205902,丰台区,神枪手,中午
汉堡王（合生麒麟社餐厅20008店）,116.47179656290976,39.99562729900947,丰台区,神枪手,中午
瑞幸咖啡(望京SOHO-3塔店),116.4737044060455,39.99575863710116,丰台区,神枪手,中午
煲仔皇煲仔饭（望京新世界店）,116.4746120112968,39.98524363642159,丰台区,神枪手,中午
太熟悉烤鸭鱼头泡饼（久隆百货店）,116.48941831256788,39.960718818159975,丰台区,神枪手,中午
LINLEE林里·手打柠檬茶（望京麒麟社店）,116.47127264780848,39.99598382762118,丰台区,神枪手,中午
赛百味·三明治（融科橄榄城店）,116.47856334377532,39.99445355649224,丰台区,神枪手,中午
谷田稻香（北京麒麟社店）,116.4718336635971,39.99588239156489,丰台区,神枪手,中午
南城香·饭香串香馄饨香（丰台大悦春风里店）,116.35939213032763,39.8080209428952,丰台区,神枪手,中午
库迪咖啡(北京新宫店),116.50937933158104,39.92752718494437,丰台区,神枪手,中午
门框胡同百年卤煮（嘉园路店）,116.45655266120032,39.92768906000055,丰台区,神枪手,中午
田老师红烧肉(丰台南苑西路店),116.3609677345487,39.806734899624544,丰台区,神枪手,中午
汉堡王（槐房万达23266店）,116.36049663756724,39.81346502564512,丰台区,神枪手,中午
瑞幸咖啡(槐房西路万达广场店),116.36266734339004,39.81250723410746,丰台区,神枪手,中午
金百万烤鸭·春饼（角门店）,116.51057699030947,39.933151407491344,丰台区,神枪手,中午
南城香·饭香串香馄饨香（丰台大悦春风里店）,116.35939213032763,39.8080209428952,丰台区,神枪手,中午
沪上阿姨·精选茶饮(槐房万达店),116.36073728535436,39.813189721834846,丰台区,神枪手,中午
华莱士·全鸡汉堡（鸿坤广场店）,116.333792556311,39.79020501659451,丰台区,神枪手,中午
杨记老门框百年卤煮（西红门店）,116.35842018533609,39.83616433272074,丰台区,神枪手,中午
库迪咖啡(北京新宫店),116.50937933158104,39.92752718494437,丰台区,神枪手,中午
田老师红烧肉(丰台南苑西路店),116.3609677345487,39.806734899624544,丰台区,神枪手,中午
京派鲜卤（西红门店）,116.33416773092031,39.79802566330509,丰台区,神枪手,中午
汉堡王（槐房万达23266店）,116.36049663756724,39.81346502564512,丰台区,神枪手,中午
瑞幸咖啡(槐房西路万达广场店),116.36266734339004,39.81250723410746,丰台区,神枪手,中午
紫光园·烤鸭（马家堡西里店）,116.5120628760948,39.92073116402058,丰台区,神枪手,中午
南城香·饭香串香馄饨香（丰台大悦春风里店）,116.35939213032763,39.8080209428952,丰台区,神枪手,中午
喜茶（北京槐房万达店）,116.36138128020936,39.813027874674425,丰台区,神枪手,中午
老乡鸡（北京鸿坤广场购物中心店）,116.33412479133727,39.7903673823138,丰台区,神枪手,中午
南城香·饭香串香馄饨香（丰台大悦春风里店）,116.35939213032763,39.8080209428952,丰台区,神枪手,中午
库迪咖啡(北京新宫店),116.50937933158104,39.92752718494437,丰台区,神枪手,中午
门框胡同百年卤煮（嘉园路店）,116.45655266120032,39.92768906000055,丰台区,神枪手,中午
田老师红烧肉(丰台南苑西路店),116.3609677345487,39.806734899624544,丰台区,神枪手,中午
汉堡王（槐房万达23266店）,116.36049663756724,39.81346502564512,丰台区,神枪手,中午
瑞幸咖啡(槐房西路万达广场店),116.36266734339004,39.81250723410746,丰台区,神枪手,中午
金百万烤鸭·春饼（角门店）,116.51057699030947,39.933151407491344,丰台区,神枪手,中午
南城香·饭香串香馄饨香（丰台大悦春风里店）,116.35939213032763,39.8080209428952,丰台区,神枪手,中午
沪上阿姨·精选茶饮(槐房万达店),116.36073728535436,39.813189721834846,丰台区,神枪手,中午
华莱士·全鸡汉堡（鸿坤广场店）,116.333792556311,39.79020501659451,丰台区,神枪手,中午
杨记老门框百年卤煮（西红门店）,116.35842018533609,39.83616433272074,丰台区,神枪手,中午
库迪咖啡(北京新宫店),116.50937933158104,39.92752718494437,丰台区,神枪手,中午
田老师红烧肉(丰台南苑西路店),116.3609677345487,39.806734899624544,丰台区,神枪手,中午
京派鲜卤（西红门店）,116.33416773092031,39.79802566330509,丰台区,神枪手,中午
汉堡王（槐房万达23266店）,116.36049663756724,39.81346502564512,丰台区,神枪手,中午
瑞幸咖啡(槐房西路万达广场店),116.36266734339004,39.81250723410746,丰台区,神枪手,中午
紫光园·烤鸭（马家堡西里店）,116.5120628760948,39.92073116402058,丰台区,神枪手,中午
南城香·饭香串香馄饨香（丰台大悦春风里店）,116.35939213032763,39.8080209428952,丰台区,神枪手,中午
喜茶（北京槐房万达店）,116.36138128020936,39.813027874674425,丰台区,神枪手,中午
老乡鸡（北京鸿坤广场购物中心店）,116.33412479133727,39.7903673823138,丰台区,神枪手,中午
南城香·饭香串香馄饨香（丰台大悦春风里店）,116.35939213032763,39.8080209428952,丰台区,神枪手,中午
库迪咖啡(北京新宫店),116.50937933158104,39.92752718494437,丰台区,神枪手,中午
门框胡同百年卤煮（嘉园路店）,116.45655266120032,39.92768906000055,丰台区,神枪手,中午
田老师红烧肉(丰台南苑西路店),116.3609677345487,39.806734899624544,丰台区,神枪手,中午
汉堡王（槐房万达23266店）,116.36049663756724,39.81346502564512,丰台区,神枪手,中午
瑞幸咖啡(槐房西路万达广场店),116.36266734339004,39.81250723410746,丰台区,神枪手,中午
金百万烤鸭·春饼（角门店）,116.51057699030947,39.933151407491344,丰台区,神枪手,中午
南城香·饭香串香馄饨香（丰台大悦春风里店）,116.35939213032763,39.8080209428952,丰台区,神枪手,中午
沪上阿姨·精选茶饮(槐房万达店),116.36073728535436,39.813189721834846,丰台区,神枪手,中午
华莱士·全鸡汉堡（鸿坤广场店）,116.333792556311,39.79020501659451,丰台区,神枪手,中午
杨记老门框百年卤煮（西红门店）,116.35842018533609,39.83616433272074,丰台区,神枪手,中午
库迪咖啡(北京新宫店),116.50937933158104,39.92752718494437,丰台区,神枪手,中午
田老师红烧肉(丰台南苑西路店),116.3609677345487,39.806734899624544,丰台区,神枪手,中午
京派鲜卤（西红门店）,116.33416773092031,39.79802566330509,丰台区,神枪手,中午
汉堡王（槐房万达23266店）,116.36049663756724,39.81346502564512,丰台区,神枪手,中午
瑞幸咖啡(槐房西路万达广场店),116.36266734339004,39.81250723410746,丰台区,神枪手,中午
紫光园·烤鸭（马家堡西里店）,116.5120628760948,39.92073116402058,丰台区,神枪手,中午
南城香·饭香串香馄饨香（丰台大悦春风里店）,116.35939213032763,39.8080209428952,丰台区,神枪手,中午
喜茶（北京槐房万达店）,116.36138128020936,39.813027874674425,丰台区,神枪手,中午
老乡鸡（北京鸿坤广场购物中心店）,116.33412479133727,39.7903673823138,丰台区,神枪手,中午
南城香·饭香串香馄饨香（丰台大悦春风里店）,116.35939213032763,39.8080209428952,丰台区,神枪手,中午
库迪咖啡(北京新宫店),116.50937933158104,39.92752718494437,丰台区,神枪手,中午
门框胡同百年卤煮（嘉园路店）,116.45655266120032,39.92768906000055,丰台区,神枪手,中午
田老师红烧肉(丰台南苑西路店),116.3609677345487,39.806734899624544,丰台区,神枪手,中午
汉堡王（槐房万达23266店）,116.36049663756724,39.81346502564512,丰台区,神枪手,中午
瑞幸咖啡(槐房西路万达广场店),116.36266734339004,39.81250723410746,丰台区,神枪手,中午
金百万烤鸭·春饼（角门店）,116.51057699030947,39.933151407491344,丰台区,神枪手,中午
南城香·饭香串香馄饨香（丰台大悦春风里店）,116.35939213032763,39.8080209428952,丰台区,神枪手,中午
沪上阿姨·精选茶饮(槐房万达店),116.36073728535436,39.813189721834846,丰台区,神枪手,中午
华莱士·全鸡汉堡（鸿坤广场店）,116.333792556311,39.79020501659451,丰台区,神枪手,中午
杨记老门框百年卤煮（西红门店）,116.35842018533609,39.83616433272074,丰台区,神枪手,中午
库迪咖啡(北京新宫店),116.50937933158104,39.92752718494437,丰台区,神枪手,中午
田老师红烧肉(丰台南苑西路店),116.3609677345487,39.806734899624544,丰台区,神枪手,中午
京派鲜卤（西红门店）,116.33416773092031,39.79802566330509,丰台区,神枪手,中午
汉堡王（槐房万达23266店）,116.36049663756724,39.81346502564512,丰台区,神枪手,中午
瑞幸咖啡(槐房西路万达广场店),116.36266734339004,39.81250723410746,丰台区,神枪手,中午
紫光园·烤鸭（马家堡西里店）,116.5120628760948,39.92073116402058,丰台区,神枪手,中午
南城香·饭香串香馄饨香（丰台大悦春风里店）,116.35939213032763,39.8080209428952,丰台区,神枪手,中午
喜茶（北京槐房万达店）,116.36138128020936,39.813027874674425,丰台区,神枪手,中午
老乡鸡（北京鸿坤广场购物中心店）,116.33412479133727,39.7903673823138,丰台区,神枪手,中午
南城香·饭香串香馄饨香（丰台大悦春风里店）,116.35939213032763,39.8080209428952,丰台区,神枪手,中午
库迪咖啡(北京新宫店),116.50937933158104,39.92752718494437,丰台区,神枪手,中午
门框胡同百年卤煮（嘉园路店）,116.45655266120032,39.92768906000055,丰台区,神枪手,中午
田老师红烧肉(丰台南苑西路店),116.3609677345487,39.806734899624544,丰台区,神枪手,中午
汉堡王（槐房万达23266店）,116.36049663756724,39.81346502564512,丰台区,神枪手,中午
瑞幸咖啡(槐房西路万达广场店),116.36266734339004,39.81250723410746,丰台区,神枪手,中午
金百万烤鸭·春饼（角门店）,116.51057699030947,39.933151407491344,丰台区,神枪手,中午
南城香·饭香串香馄饨香（丰台大悦春风里店）,116.35939213032763,39.8080209428952,丰台区,神枪手,中午
沪上阿姨·精选茶饮(槐房万达店),116.36073728535436,39.813189721834846,丰台区,神枪手,中午
华莱士·全鸡汉堡（鸿坤广场店）,116.333792556311,39.79020501659451,丰台区,神枪手,中午
杨记老门框百年卤煮（西红门店）,116.35842018533609,39.83616433272074,丰台区,神枪手,中午
库迪咖啡(北京新宫店),116.50937933158104,39.92752718494437,丰台区,神枪手,中午
田老师红烧肉(丰台南苑西路店),116.3609677345487,39.806734899624544,丰台区,神枪手,中午
京派鲜卤（西红门店）,116.33416773092031,39.79802566330509,丰台区,神枪手,中午
汉堡王（槐房万达23266店）,116.36049663756724,39.81346502564512,丰台区,神枪手,中午
瑞幸咖啡(槐房西路万达广场店),116.36266734339004,39.81250723410746,丰台区,神枪手,中午
紫光园·烤鸭（马家堡西里店）,116.5120628760948,39.92073116402058,丰台区,神枪手,中午
南城香·饭香串香馄饨香（丰台大悦春风里店）,116.35939213032763,39.8080209428952,丰台区,神枪手,中午
喜茶（北京槐房万达店）,116.36138128020936,39.813027874674425,丰台区,神枪手,中午
老乡鸡（北京鸿坤广场购物中心店）,116.33412479133727,39.7903673823138,丰台区,神枪手,中午
南城香·饭香串香馄饨香（丰台大悦春风里店）,116.35939213032763,39.8080209428952,丰台区,神枪手,中午
库迪咖啡(北京新宫店),116.50937933158104,39.92752718494437,丰台区,神枪手,中午
门框胡同百年卤煮（嘉园路店）,116.45655266120032,39.92768906000055,丰台区,神枪手,中午
田老师红烧肉(丰台南苑西路店),116.3609677345487,39.806734899624544,丰台区,神枪手,中午
汉堡王（槐房万达23266店）,116.36049663756724,39.81346502564512,丰台区,神枪手,中午
瑞幸咖啡(槐房西路万达广场店),116.36266734339004,39.81250723410746,丰台区,神枪手,中午
金百万烤鸭·春饼（角门店）,116.51057699030947,39.933151407491344,丰台区,神枪手,中午
南城香·饭香串香馄饨香（丰台大悦春风里店）,116.35939213032763,39.8080209428952,丰台区,神枪手,中午
沪上阿姨·精选茶饮(槐房万达店),116.36073728535436,39.813189721834846,丰台区,神枪手,中午
华莱士·全鸡汉堡（鸿坤广场店）,116.333792556311,39.79020501659451,丰台区,神枪手,中午
杨记老门框百年卤煮（西红门店）,116.35842018533609,39.83616433272074,丰台区,神枪手,中午
库迪咖啡(北京新宫店),116.50937933158104,39.92752718494437,丰台区,神枪手,中午
田老师红烧肉(丰台南苑西路店),116.3609677345487,39.806734899624544,丰台区,神枪手,中午
京派鲜卤（西红门店）,116.33416773092031,39.79802566330509,丰台区,神枪手,中午
汉堡王（槐房万达23266店）,116.36049663756724,39.81346502564512,丰台区,神枪手,中午
瑞幸咖啡(槐房西路万达广场店),116.36266734339004,39.81250723410746,丰台区,神枪手,中午
紫光园·烤鸭（马家堡西里店）,116.5120628760948,39.92073116402058,丰台区,神枪手,中午
南城香·饭香串香馄饨香（丰台大悦春风里店）,116.35939213032763,39.8080209428952,丰台区,神枪手,中午
喜茶（北京槐房万达店）,116.36138128020936,39.813027874674425,丰台区,神枪手,中午
老乡鸡（北京鸿坤广场购物中心店）,116.33412479133727,39.7903673823138,丰台区,神枪手,中午
南城香·饭香串香馄饨香（丰台大悦春风里店）,116.35939213032763,39.8080209428952,丰台区,神枪手,中午
库迪咖啡(北京新宫店),116.50937933158104,39.92752718494437,丰台区,神枪手,中午
门框胡同百年卤煮（嘉园路店）,116.45655266120032,39.92768906000055,丰台区,神枪手,中午
田老师红烧肉(丰台南苑西路店),116.3609677345487,39.806734899624544,丰台区,神枪手,中午
汉堡王（槐房万达23266店）,116.36049663756724,39.81346502564512,丰台区,神枪手,中午
瑞幸咖啡(槐房西路万达广场店),116.36266734339004,39.81250723410746,丰台区,神枪手,中午
金百万烤鸭·春饼（角门店）,116.51057699030947,39.933151407491344,丰台区,神枪手,中午
南城香·饭香串香馄饨香（丰台大悦春风里店）,116.35939213032763,39.8080209428952,丰台区,神枪手,中午
沪上阿姨·精选茶饮(槐房万达店),116.36073728535436,39.813189721834846,丰台区,神枪手,中午
华莱士·全鸡汉堡（鸿坤广场店）,116.333792556311,39.79020501659451,丰台区,神枪手,中午
杨记老门框百年卤煮（西红门店）,116.35842018533609,39.83616433272074,丰台区,神枪手,中午
库迪咖啡(北京新宫店),116.50937933158104,39.92752718494437,丰台区,神枪手,中午
田老师红烧肉(丰台南苑西路店),116.3609677345487,39.806734899624544,丰台区,神枪手,中午
京派鲜卤（西红门店）,116.33416773092031,39.79802566330509,丰台区,神枪手,中午
汉堡王（槐房万达23266店）,116.36049663756724,39.81346502564512,丰台区,神枪手,中午
瑞幸咖啡(槐房西路万达广场店),116.36266734339004,39.81250723410746,丰台区,神枪手,中午
紫光园·烤鸭（马家堡西里店）,116.5120628760948,39.92073116402058,丰台区,神枪手,中午
南城香·饭香串香馄饨香（丰台大悦春风里店）,116.35939213032763,39.8080209428952,丰台区,神枪手,中午
喜茶（北京槐房万达店）,116.36138128020936,39.813027874674425,丰台区,神枪手,中午
老乡鸡（北京鸿坤广场购物中心店）,116.33412479133727,39.7903673823138,丰台区,神枪手,中午
南城香·饭香串香馄饨香（丰台大悦春风里店）,116.35939213032763,39.8080209428952,丰台区,神枪手,中午
库迪咖啡(北京新宫店),116.50937933158104,39.92752718494437,丰台区,神枪手,中午
门框胡同百年卤煮（嘉园路店）,116.45655266120032,39.92768906000055,丰台区,神枪手,中午
田老师红烧肉(丰台南苑西路店),116.3609677345487,39.806734899624544,丰台区,神枪手,中午
汉堡王（槐房万达23266店）,116.36049663756724,39.81346502564512,丰台区,神枪手,中午
瑞幸咖啡(槐房西路万达广场店),116.36266734339004,39.81250723410746,丰台区,神枪手,中午
金百万烤鸭·春饼（角门店）,116.51057699030947,39.933151407491344,丰台区,神枪手,中午
南城香·饭香串香馄饨香（丰台大悦春风里店）,116.35939213032763,39.8080209428952,丰台区,神枪手,中午
沪上阿姨·精选茶饮(槐房万达店),116.36073728535436,39.813189721834846,丰台区,神枪手,中午
华莱士·全鸡汉堡（鸿坤广场店）,116.333792556311,39.79020501659451,丰台区,神枪手,中午
杨记老门框百年卤煮（西红门店）,116.35842018533609,39.83616433272074,丰台区,神枪手,中午
库迪咖啡(北京新宫店),116.50937933158104,39.92752718494437,丰台区,神枪手,中午
田老师红烧肉(丰台南苑西路店),116.3609677345487,39.806734899624544,丰台区,神枪手,中午
京派鲜卤（西红门店）,116.33416773092031,39.79802566330509,丰台区,神枪手,中午
汉堡王（槐房万达23266店）,116.36049663756724,39.81346502564512,丰台区,神枪手,中午
瑞幸咖啡(槐房西路万达广场店),116.36266734339004,39.81250723410746,丰台区,神枪手,中午
紫光园·烤鸭（马家堡西里店）,116.5120628760948,39.92073116402058,丰台区,神枪手,中午
南城香·饭香串香馄饨香（丰台大悦春风里店）,116.35939213032763,39.8080209428952,丰台区,神枪手,中午
喜茶（北京槐房万达店）,116.36138128020936,39.813027874674425,丰台区,神枪手,中午
老乡鸡（北京鸿坤广场购物中心店）,116.33412479133727,39.7903673823138,丰台区,神枪手,中午
南城香·饭香串香馄饨香（丰台大悦春风里店）,116.35939213032763,39.8080209428952,丰台区,神枪手,中午
库迪咖啡(北京新宫店),116.50937933158104,39.92752718494437,丰台区,神枪手,中午
门框胡同百年卤煮（嘉园路店）,116.45655266120032,39.92768906000055,丰台区,神枪手,中午
田老师红烧肉(丰台南苑西路店),116.3609677345487,39.806734899624544,丰台区,神枪手,中午
汉堡王（槐房万达23266店）,116.36049663756724,39.81346502564512,丰台区,神枪手,中午
瑞幸咖啡(槐房西路万达广场店),116.36266734339004,39.81250723410746,丰台区,神枪手,中午
金百万烤鸭·春饼（角门店）,116.51057699030947,39.933151407491344,丰台区,神枪手,中午
南城香·饭香串香馄饨香（丰台大悦春风里店）,116.35939213032763,39.8080209428952,丰台区,神枪手,中午
沪上阿姨·精选茶饮(槐房万达店),116.36073728535436,39.813189721834846,丰台区,神枪手,中午
华莱士·全鸡汉堡（鸿坤广场店）,116.333792556311,39.79020501659451,丰台区,神枪手,中午
杨记老门框百年卤煮（西红门店）,116.35842018533609,39.83616433272074,丰台区,神枪手,中午
库迪咖啡(北京新宫店),116.50937933158104,39.92752718494437,丰台区,神枪手,中午
田老师红烧肉(丰台南苑西路店),116.3609677345487,39.806734899624544,丰台区,神枪手,中午
京派鲜卤（西红门店）,116.33416773092031,39.79802566330509,丰台区,神枪手,中午
汉堡王（槐房万达23266店）,116.36049663756724,39.81346502564512,丰台区,神枪手,中午
瑞幸咖啡(槐房西路万达广场店),116.36266734339004,39.81250723410746,丰台区,神枪手,中午
紫光园·烤鸭（马家堡西里店）,116.5120628760948,39.92073116402058,丰台区,神枪手,中午
南城香·饭香串香馄饨香（丰台大悦春风里店）,116.35939213032763,39.8080209428952,丰台区,神枪手,中午
喜茶（北京槐房万达店）,116.36138128020936,39.813027874674425,丰台区,神枪手,中午
老乡鸡（北京鸿坤广场购物中心店）,116.33412479133727,39.7903673823138,丰台区,神枪手,中午
麦当劳＆麦咖啡（北京槐房西路店）,116.3611068851862,39.80379594219087,丰台区,神枪手,宵夜
南城香·饭香串香馄饨香（嘉园店）,116.3573749349425,39.84429331419423,丰台区,神枪手,宵夜
Obligi Chicken韩式炸鸡（马家堡九州美食城第九号档口店）,116.36844983385237,39.83845354521758,丰台区,神枪手,宵夜
沪上阿姨·精选茶饮(槐房万达店),116.36073728535436,39.813189721834846,丰台区,神枪手,宵夜
肯德基宅急送(公益西桥店）,116.36351748929349,39.83272274504287,丰台区,神枪手,宵夜
刘文祥麻辣烫·炸串（草桥店）,116.34589856974526,39.84488235867161,丰台区,神枪手,宵夜
正宗云南过桥米线（鸿坤派郡店）,116.36418187289438,39.84554111151032,丰台区,神枪手,宵夜
眉州东坡(鸿坤店),116.3335491290717,39.789994489837866,丰台区,神枪手,宵夜
麦当劳＆麦咖啡（北京槐房西路店）,116.3611068851862,39.80379594219087,丰台区,神枪手,宵夜
Obligi Chicken韩式炸鸡（马家堡九州美食城第九号档口店）,116.36844983385237,39.83845354521758,丰台区,神枪手,宵夜
肯悦咖啡（公益西桥店）,116.3643972999514,39.83180070821566,丰台区,神枪手,宵夜
肯德基宅急送(公益西桥店）,116.36351748929349,39.83272274504287,丰台区,神枪手,宵夜
和合谷·现炒更好吃（城南大道店）,116.36285757597804,39.83203362854995,丰台区,神枪手,宵夜
麦当劳＆麦咖啡（北京槐房西路店）,116.3611068851862,39.80379594219087,丰台区,神枪手,宵夜
沪上阿姨·精选茶饮(槐房万达店),116.36073728535436,39.813189721834846,丰台区,神枪手,宵夜
暖燕·姨妈热饮·现炖燕窝（丰台店）,116.34077246373906,39.81995692555341,丰台区,神枪手,宵夜
肯悦咖啡（公益西桥店）,116.3643972999514,39.83180070821566,丰台区,神枪手,宵夜
麦当劳＆麦咖啡（北京槐房西路店）,116.3611068851862,39.80379594219087,丰台区,神枪手,宵夜
南城香·饭香串香馄饨香（嘉园店）,116.3573749349425,39.84429331419423,丰台区,神枪手,宵夜
Obligi Chicken韩式炸鸡（马家堡九州美食城第九号档口店）,116.36844983385237,39.83845354521758,丰台区,神枪手,宵夜
沪上阿姨·精选茶饮(槐房万达店),116.36073728535436,39.813189721834846,丰台区,神枪手,宵夜
肯德基宅急送(公益西桥店）,116.36351748929349,39.83272274504287,丰台区,神枪手,宵夜
刘文祥麻辣烫·炸串（草桥店）,116.34589856974526,39.84488235867161,丰台区,神枪手,宵夜
正宗云南过桥米线（鸿坤派郡店）,116.36418187289438,39.84554111151032,丰台区,神枪手,宵夜
眉州东坡(鸿坤店),116.3335491290717,39.789994489837866,丰台区,神枪手,宵夜
麦当劳＆麦咖啡（北京槐房西路店）,116.3611068851862,39.80379594219087,丰台区,神枪手,宵夜
Obligi Chicken韩式炸鸡（马家堡九州美食城第九号档口店）,116.36844983385237,39.83845354521758,丰台区,神枪手,宵夜
肯悦咖啡（公益西桥店）,116.3643972999514,39.83180070821566,丰台区,神枪手,宵夜
肯德基宅急送(公益西桥店）,116.36351748929349,39.83272274504287,丰台区,神枪手,宵夜
和合谷·现炒更好吃（城南大道店）,116.36285757597804,39.83203362854995,丰台区,神枪手,宵夜
麦当劳＆麦咖啡（北京槐房西路店）,116.3611068851862,39.80379594219087,丰台区,神枪手,宵夜
沪上阿姨·精选茶饮(槐房万达店),116.36073728535436,39.813189721834846,丰台区,神枪手,宵夜
暖燕·姨妈热饮·现炖燕窝（丰台店）,116.34077246373906,39.81995692555341,丰台区,神枪手,宵夜
肯悦咖啡（公益西桥店）,116.3643972999514,39.83180070821566,丰台区,神枪手,宵夜
麦当劳＆麦咖啡（北京槐房西路店）,116.3611068851862,39.80379594219087,丰台区,神枪手,宵夜
南城香·饭香串香馄饨香（嘉园店）,116.3573749349425,39.84429331419423,丰台区,神枪手,宵夜
Obligi Chicken韩式炸鸡（马家堡九州美食城第九号档口店）,116.36844983385237,39.83845354521758,丰台区,神枪手,宵夜
沪上阿姨·精选茶饮(槐房万达店),116.36073728535436,39.813189721834846,丰台区,神枪手,宵夜
肯德基宅急送(公益西桥店）,116.36351748929349,39.83272274504287,丰台区,神枪手,宵夜
刘文祥麻辣烫·炸串（草桥店）,116.34589856974526,39.84488235867161,丰台区,神枪手,宵夜
正宗云南过桥米线（鸿坤派郡店）,116.36418187289438,39.84554111151032,丰台区,神枪手,宵夜
眉州东坡(鸿坤店),116.3335491290717,39.789994489837866,丰台区,神枪手,宵夜
麦当劳＆麦咖啡（北京槐房西路店）,116.3611068851862,39.80379594219087,丰台区,神枪手,宵夜
Obligi Chicken韩式炸鸡（马家堡九州美食城第九号档口店）,116.36844983385237,39.83845354521758,丰台区,神枪手,宵夜
肯悦咖啡（公益西桥店）,116.3643972999514,39.83180070821566,丰台区,神枪手,宵夜
肯德基宅急送(公益西桥店）,116.36351748929349,39.83272274504287,丰台区,神枪手,宵夜
和合谷·现炒更好吃（城南大道店）,116.36285757597804,39.83203362854995,丰台区,神枪手,宵夜
麦当劳＆麦咖啡（北京槐房西路店）,116.3611068851862,39.80379594219087,丰台区,神枪手,宵夜
沪上阿姨·精选茶饮(槐房万达店),116.36073728535436,39.813189721834846,丰台区,神枪手,宵夜
暖燕·姨妈热饮·现炖燕窝（丰台店）,116.34077246373906,39.81995692555341,丰台区,神枪手,宵夜
肯悦咖啡（公益西桥店）,116.3643972999514,39.83180070821566,丰台区,神枪手,宵夜
麦当劳＆麦咖啡（北京槐房西路店）,116.3611068851862,39.80379594219087,丰台区,神枪手,宵夜
南城香·饭香串香馄饨香（嘉园店）,116.3573749349425,39.84429331419423,丰台区,神枪手,宵夜
Obligi Chicken韩式炸鸡（马家堡九州美食城第九号档口店）,116.36844983385237,39.83845354521758,丰台区,神枪手,宵夜
沪上阿姨·精选茶饮(槐房万达店),116.36073728535436,39.813189721834846,丰台区,神枪手,宵夜
肯德基宅急送(公益西桥店）,116.36351748929349,39.83272274504287,丰台区,神枪手,宵夜
刘文祥麻辣烫·炸串（草桥店）,116.34589856974526,39.84488235867161,丰台区,神枪手,宵夜
正宗云南过桥米线（鸿坤派郡店）,116.36418187289438,39.84554111151032,丰台区,神枪手,宵夜
眉州东坡(鸿坤店),116.3335491290717,39.789994489837866,丰台区,神枪手,宵夜
麦当劳＆麦咖啡（北京槐房西路店）,116.3611068851862,39.80379594219087,丰台区,神枪手,宵夜
Obligi Chicken韩式炸鸡（马家堡九州美食城第九号档口店）,116.36844983385237,39.83845354521758,丰台区,神枪手,宵夜
肯悦咖啡（公益西桥店）,116.3643972999514,39.83180070821566,丰台区,神枪手,宵夜
肯德基宅急送(公益西桥店）,116.36351748929349,39.83272274504287,丰台区,神枪手,宵夜
和合谷·现炒更好吃（城南大道店）,116.36285757597804,39.83203362854995,丰台区,神枪手,宵夜
麦当劳＆麦咖啡（北京槐房西路店）,116.3611068851862,39.80379594219087,丰台区,神枪手,宵夜
沪上阿姨·精选茶饮(槐房万达店),116.36073728535436,39.813189721834846,丰台区,神枪手,宵夜
暖燕·姨妈热饮·现炖燕窝（丰台店）,116.34077246373906,39.81995692555341,丰台区,神枪手,宵夜
肯悦咖啡（公益西桥店）,116.3643972999514,39.83180070821566,丰台区,神枪手,宵夜
麦当劳＆麦咖啡（北京槐房西路店）,116.3611068851862,39.80379594219087,丰台区,神枪手,宵夜
南城香·饭香串香馄饨香（嘉园店）,116.3573749349425,39.84429331419423,丰台区,神枪手,宵夜
Obligi Chicken韩式炸鸡（马家堡九州美食城第九号档口店）,116.36844983385237,39.83845354521758,丰台区,神枪手,宵夜
沪上阿姨·精选茶饮(槐房万达店),116.36073728535436,39.813189721834846,丰台区,神枪手,宵夜
肯德基宅急送(公益西桥店）,116.36351748929349,39.83272274504287,丰台区,神枪手,宵夜
刘文祥麻辣烫·炸串（草桥店）,116.34589856974526,39.84488235867161,丰台区,神枪手,宵夜
正宗云南过桥米线（鸿坤派郡店）,116.36418187289438,39.84554111151032,丰台区,神枪手,宵夜
眉州东坡(鸿坤店),116.3335491290717,39.789994489837866,丰台区,神枪手,宵夜
麦当劳＆麦咖啡（北京槐房西路店）,116.3611068851862,39.80379594219087,丰台区,神枪手,宵夜
Obligi Chicken韩式炸鸡（马家堡九州美食城第九号档口店）,116.36844983385237,39.83845354521758,丰台区,神枪手,宵夜
肯悦咖啡（公益西桥店）,116.3643972999514,39.83180070821566,丰台区,神枪手,宵夜
肯德基宅急送(公益西桥店）,116.36351748929349,39.83272274504287,丰台区,神枪手,宵夜
和合谷·现炒更好吃（城南大道店）,116.36285757597804,39.83203362854995,丰台区,神枪手,宵夜
麦当劳＆麦咖啡（北京槐房西路店）,116.3611068851862,39.80379594219087,丰台区,神枪手,宵夜
沪上阿姨·精选茶饮(槐房万达店),116.36073728535436,39.813189721834846,丰台区,神枪手,宵夜
暖燕·姨妈热饮·现炖燕窝（丰台店）,116.34077246373906,39.81995692555341,丰台区,神枪手,宵夜
肯悦咖啡（公益西桥店）,116.3643972999514,39.83180070821566,丰台区,神枪手,宵夜
麦当劳＆麦咖啡（北京槐房西路店）,116.3611068851862,39.80379594219087,丰台区,神枪手,宵夜
南城香·饭香串香馄饨香（嘉园店）,116.3573749349425,39.84429331419423,丰台区,神枪手,宵夜
Obligi Chicken韩式炸鸡（马家堡九州美食城第九号档口店）,116.36844983385237,39.83845354521758,丰台区,神枪手,宵夜
沪上阿姨·精选茶饮(槐房万达店),116.36073728535436,39.813189721834846,丰台区,神枪手,宵夜
肯德基宅急送(公益西桥店）,116.36351748929349,39.83272274504287,丰台区,神枪手,宵夜
刘文祥麻辣烫·炸串（草桥店）,116.34589856974526,39.84488235867161,丰台区,神枪手,宵夜
正宗云南过桥米线（鸿坤派郡店）,116.36418187289438,39.84554111151032,丰台区,神枪手,宵夜
眉州东坡(鸿坤店),116.3335491290717,39.789994489837866,丰台区,神枪手,宵夜
麦当劳＆麦咖啡（北京槐房西路店）,116.3611068851862,39.80379594219087,丰台区,神枪手,宵夜
Obligi Chicken韩式炸鸡（马家堡九州美食城第九号档口店）,116.36844983385237,39.83845354521758,丰台区,神枪手,宵夜
肯悦咖啡（公益西桥店）,116.3643972999514,39.83180070821566,丰台区,神枪手,宵夜
肯德基宅急送(公益西桥店）,116.36351748929349,39.83272274504287,丰台区,神枪手,宵夜
和合谷·现炒更好吃（城南大道店）,116.36285757597804,39.83203362854995,丰台区,神枪手,宵夜
麦当劳＆麦咖啡（北京槐房西路店）,116.3611068851862,39.80379594219087,丰台区,神枪手,宵夜
沪上阿姨·精选茶饮(槐房万达店),116.36073728535436,39.813189721834846,丰台区,神枪手,宵夜
暖燕·姨妈热饮·现炖燕窝（丰台店）,116.34077246373906,39.81995692555341,丰台区,神枪手,宵夜
肯悦咖啡（公益西桥店）,116.3643972999514,39.83180070821566,丰台区,神枪手,宵夜
麦当劳＆麦咖啡（北京槐房西路店）,116.3611068851862,39.80379594219087,丰台区,神枪手,宵夜
南城香·饭香串香馄饨香（嘉园店）,116.3573749349425,39.84429331419423,丰台区,神枪手,宵夜
Obligi Chicken韩式炸鸡（马家堡九州美食城第九号档口店）,116.36844983385237,39.83845354521758,丰台区,神枪手,宵夜
沪上阿姨·精选茶饮(槐房万达店),116.36073728535436,39.813189721834846,丰台区,神枪手,宵夜
肯德基宅急送(公益西桥店）,116.36351748929349,39.83272274504287,丰台区,神枪手,宵夜
刘文祥麻辣烫·炸串（草桥店）,116.34589856974526,39.84488235867161,丰台区,神枪手,宵夜
正宗云南过桥米线（鸿坤派郡店）,116.36418187289438,39.84554111151032,丰台区,神枪手,宵夜
眉州东坡(鸿坤店),116.3335491290717,39.789994489837866,丰台区,神枪手,宵夜
麦当劳＆麦咖啡（北京槐房西路店）,116.3611068851862,39.80379594219087,丰台区,神枪手,宵夜
Obligi Chicken韩式炸鸡（马家堡九州美食城第九号档口店）,116.36844983385237,39.83845354521758,丰台区,神枪手,宵夜
肯悦咖啡（公益西桥店）,116.3643972999514,39.83180070821566,丰台区,神枪手,宵夜
肯德基宅急送(公益西桥店）,116.36351748929349,39.83272274504287,丰台区,神枪手,宵夜
和合谷·现炒更好吃（城南大道店）,116.36285757597804,39.83203362854995,丰台区,神枪手,宵夜
麦当劳＆麦咖啡（北京槐房西路店）,116.3611068851862,39.80379594219087,丰台区,神枪手,宵夜
沪上阿姨·精选茶饮(槐房万达店),116.36073728535436,39.813189721834846,丰台区,神枪手,宵夜
暖燕·姨妈热饮·现炖燕窝（丰台店）,116.34077246373906,39.81995692555341,丰台区,神枪手,宵夜
肯悦咖啡（公益西桥店）,116.3643972999514,39.83180070821566,丰台区,神枪手,宵夜
麦当劳＆麦咖啡（北京槐房西路店）,116.3611068851862,39.80379594219087,丰台区,神枪手,宵夜
南城香·饭香串香馄饨香（嘉园店）,116.3573749349425,39.84429331419423,丰台区,神枪手,宵夜
Obligi Chicken韩式炸鸡（马家堡九州美食城第九号档口店）,116.36844983385237,39.83845354521758,丰台区,神枪手,宵夜
沪上阿姨·精选茶饮(槐房万达店),116.36073728535436,39.813189721834846,丰台区,神枪手,宵夜
肯德基宅急送(公益西桥店）,116.36351748929349,39.83272274504287,丰台区,神枪手,宵夜
刘文祥麻辣烫·炸串（草桥店）,116.34589856974526,39.84488235867161,丰台区,神枪手,宵夜
正宗云南过桥米线（鸿坤派郡店）,116.36418187289438,39.84554111151032,丰台区,神枪手,宵夜
眉州东坡(鸿坤店),116.3335491290717,39.789994489837866,丰台区,神枪手,宵夜
麦当劳＆麦咖啡（北京槐房西路店）,116.3611068851862,39.80379594219087,丰台区,神枪手,宵夜
Obligi Chicken韩式炸鸡（马家堡九州美食城第九号档口店）,116.36844983385237,39.83845354521758,丰台区,神枪手,宵夜
肯悦咖啡（公益西桥店）,116.3643972999514,39.83180070821566,丰台区,神枪手,宵夜
肯德基宅急送(公益西桥店）,116.36351748929349,39.83272274504287,丰台区,神枪手,宵夜
和合谷·现炒更好吃（城南大道店）,116.36285757597804,39.83203362854995,丰台区,神枪手,宵夜
麦当劳＆麦咖啡（北京槐房西路店）,116.3611068851862,39.80379594219087,丰台区,神枪手,宵夜
沪上阿姨·精选茶饮(槐房万达店),116.36073728535436,39.813189721834846,丰台区,神枪手,宵夜
暖燕·姨妈热饮·现炖燕窝（丰台店）,116.34077246373906,39.81995692555341,丰台区,神枪手,宵夜
肯悦咖啡（公益西桥店）,116.3643972999514,39.83180070821566,丰台区,神枪手,宵夜
麦当劳＆麦咖啡（北京槐房西路店）,116.3611068851862,39.80379594219087,丰台区,神枪手,宵夜
南城香·饭香串香馄饨香（嘉园店）,116.3573749349425,39.84429331419423,丰台区,神枪手,宵夜
Obligi Chicken韩式炸鸡（马家堡九州美食城第九号档口店）,116.36844983385237,39.83845354521758,丰台区,神枪手,宵夜
沪上阿姨·精选茶饮(槐房万达店),116.36073728535436,39.813189721834846,丰台区,神枪手,宵夜
肯德基宅急送(公益西桥店）,116.36351748929349,39.83272274504287,丰台区,神枪手,宵夜
刘文祥麻辣烫·炸串（草桥店）,116.34589856974526,39.84488235867161,丰台区,神枪手,宵夜
正宗云南过桥米线（鸿坤派郡店）,116.36418187289438,39.84554111151032,丰台区,神枪手,宵夜
眉州东坡(鸿坤店),116.3335491290717,39.789994489837866,丰台区,神枪手,宵夜
麦当劳＆麦咖啡（北京槐房西路店）,116.3611068851862,39.80379594219087,丰台区,神枪手,宵夜
Obligi Chicken韩式炸鸡（马家堡九州美食城第九号档口店）,116.36844983385237,39.83845354521758,丰台区,神枪手,宵夜
肯悦咖啡（公益西桥店）,116.3643972999514,39.83180070821566,丰台区,神枪手,宵夜
肯德基宅急送(公益西桥店）,116.36351748929349,39.83272274504287,丰台区,神枪手,宵夜
和合谷·现炒更好吃（城南大道店）,116.36285757597804,39.83203362854995,丰台区,神枪手,宵夜
麦当劳＆麦咖啡（北京槐房西路店）,116.3611068851862,39.80379594219087,丰台区,神枪手,宵夜
沪上阿姨·精选茶饮(槐房万达店),116.36073728535436,39.813189721834846,丰台区,神枪手,宵夜
暖燕·姨妈热饮·现炖燕窝（丰台店）,116.34077246373906,39.81995692555341,丰台区,神枪手,宵夜
肯悦咖啡（公益西桥店）,116.3643972999514,39.83180070821566,丰台区,神枪手,宵夜
麦当劳＆麦咖啡（北京槐房西路店）,116.3611068851862,39.80379594219087,丰台区,神枪手,宵夜
南城香·饭香串香馄饨香（嘉园店）,116.3573749349425,39.84429331419423,丰台区,神枪手,宵夜
Obligi Chicken韩式炸鸡（马家堡九州美食城第九号档口店）,116.36844983385237,39.83845354521758,丰台区,神枪手,宵夜
沪上阿姨·精选茶饮(槐房万达店),116.36073728535436,39.813189721834846,丰台区,神枪手,宵夜
肯德基宅急送(公益西桥店）,116.36351748929349,39.83272274504287,丰台区,神枪手,宵夜
刘文祥麻辣烫·炸串（草桥店）,116.34589856974526,39.84488235867161,丰台区,神枪手,宵夜
正宗云南过桥米线（鸿坤派郡店）,116.36418187289438,39.84554111151032,丰台区,神枪手,宵夜
眉州东坡(鸿坤店),116.3335491290717,39.789994489837866,丰台区,神枪手,宵夜
麦当劳＆麦咖啡（北京槐房西路店）,116.3611068851862,39.80379594219087,丰台区,神枪手,宵夜
Obligi Chicken韩式炸鸡（马家堡九州美食城第九号档口店）,116.36844983385237,39.83845354521758,丰台区,神枪手,宵夜
肯悦咖啡（公益西桥店）,116.3643972999514,39.83180070821566,丰台区,神枪手,宵夜
肯德基宅急送(公益西桥店）,116.36351748929349,39.83272274504287,丰台区,神枪手,宵夜
和合谷·现炒更好吃（城南大道店）,116.36285757597804,39.83203362854995,丰台区,神枪手,宵夜
麦当劳＆麦咖啡（北京槐房西路店）,116.3611068851862,39.80379594219087,丰台区,神枪手,宵夜
沪上阿姨·精选茶饮(槐房万达店),116.36073728535436,39.813189721834846,丰台区,神枪手,宵夜
暖燕·姨妈热饮·现炖燕窝（丰台店）,116.34077246373906,39.81995692555341,丰台区,神枪手,宵夜
肯悦咖啡（公益西桥店）,116.3643972999514,39.83180070821566,丰台区,神枪手,宵夜
南城香·饭香串香馄饨香（丰台大悦春风里店）,116.35939213032763,39.8080209428952,丰台区,神枪手,晚餐
库迪咖啡(北京新宫店),116.50937933158104,39.92752718494437,丰台区,神枪手,晚餐
门框胡同百年卤煮（嘉园路店）,116.45655266120032,39.92768906000055,丰台区,神枪手,晚餐
田老师红烧肉(丰台南苑西路店),116.3609677345487,39.806734899624544,丰台区,神枪手,晚餐
汉堡王（槐房万达23266店）,116.36049663756724,39.81346502564512,丰台区,神枪手,晚餐
瑞幸咖啡(槐房西路万达广场店),116.36266734339004,39.81250723410746,丰台区,神枪手,晚餐
金百万烤鸭·春饼（角门店）,116.51057699030947,39.933151407491344,丰台区,神枪手,晚餐
南城香·饭香串香馄饨香（丰台大悦春风里店）,116.35939213032763,39.8080209428952,丰台区,神枪手,晚餐
沪上阿姨·精选茶饮(槐房万达店),116.36073728535436,39.813189721834846,丰台区,神枪手,晚餐
华莱士·全鸡汉堡（鸿坤广场店）,116.333792556311,39.79020501659451,丰台区,神枪手,晚餐
杨记老门框百年卤煮（西红门店）,116.35842018533609,39.83616433272074,丰台区,神枪手,晚餐
库迪咖啡(北京新宫店),116.50937933158104,39.92752718494437,丰台区,神枪手,晚餐
田老师红烧肉(丰台南苑西路店),116.3609677345487,39.806734899624544,丰台区,神枪手,晚餐
京派鲜卤（西红门店）,116.33416773092031,39.79802566330509,丰台区,神枪手,晚餐
汉堡王（槐房万达23266店）,116.36049663756724,39.81346502564512,丰台区,神枪手,晚餐
瑞幸咖啡(槐房西路万达广场店),116.36266734339004,39.81250723410746,丰台区,神枪手,晚餐
紫光园·烤鸭（马家堡西里店）,116.5120628760948,39.92073116402058,丰台区,神枪手,晚餐
南城香·饭香串香馄饨香（丰台大悦春风里店）,116.35939213032763,39.8080209428952,丰台区,神枪手,晚餐
喜茶（北京槐房万达店）,116.36138128020936,39.813027874674425,丰台区,神枪手,晚餐
老乡鸡（北京鸿坤广场购物中心店）,116.33412479133727,39.7903673823138,丰台区,神枪手,晚餐
南城香·饭香串香馄饨香（丰台大悦春风里店）,116.35939213032763,39.8080209428952,丰台区,神枪手,晚餐
库迪咖啡(北京新宫店),116.50937933158104,39.92752718494437,丰台区,神枪手,晚餐
门框胡同百年卤煮（嘉园路店）,116.45655266120032,39.92768906000055,丰台区,神枪手,晚餐
田老师红烧肉(丰台南苑西路店),116.3609677345487,39.806734899624544,丰台区,神枪手,晚餐
汉堡王（槐房万达23266店）,116.36049663756724,39.81346502564512,丰台区,神枪手,晚餐
瑞幸咖啡(槐房西路万达广场店),116.36266734339004,39.81250723410746,丰台区,神枪手,晚餐
金百万烤鸭·春饼（角门店）,116.51057699030947,39.933151407491344,丰台区,神枪手,晚餐
南城香·饭香串香馄饨香（丰台大悦春风里店）,116.35939213032763,39.8080209428952,丰台区,神枪手,晚餐
沪上阿姨·精选茶饮(槐房万达店),116.36073728535436,39.813189721834846,丰台区,神枪手,晚餐
华莱士·全鸡汉堡（鸿坤广场店）,116.333792556311,39.79020501659451,丰台区,神枪手,晚餐
杨记老门框百年卤煮（西红门店）,116.35842018533609,39.83616433272074,丰台区,神枪手,晚餐
库迪咖啡(北京新宫店),116.50937933158104,39.92752718494437,丰台区,神枪手,晚餐
田老师红烧肉(丰台南苑西路店),116.3609677345487,39.806734899624544,丰台区,神枪手,晚餐
京派鲜卤（西红门店）,116.33416773092031,39.79802566330509,丰台区,神枪手,晚餐
汉堡王（槐房万达23266店）,116.36049663756724,39.81346502564512,丰台区,神枪手,晚餐
瑞幸咖啡(槐房西路万达广场店),116.36266734339004,39.81250723410746,丰台区,神枪手,晚餐
紫光园·烤鸭（马家堡西里店）,116.5120628760948,39.92073116402058,丰台区,神枪手,晚餐
南城香·饭香串香馄饨香（丰台大悦春风里店）,116.35939213032763,39.8080209428952,丰台区,神枪手,晚餐
喜茶（北京槐房万达店）,116.36138128020936,39.813027874674425,丰台区,神枪手,晚餐
老乡鸡（北京鸿坤广场购物中心店）,116.33412479133727,39.7903673823138,丰台区,神枪手,晚餐
南城香·饭香串香馄饨香（丰台大悦春风里店）,116.35939213032763,39.8080209428952,丰台区,神枪手,晚餐
库迪咖啡(北京新宫店),116.50937933158104,39.92752718494437,丰台区,神枪手,晚餐
门框胡同百年卤煮（嘉园路店）,116.45655266120032,39.92768906000055,丰台区,神枪手,晚餐
田老师红烧肉(丰台南苑西路店),116.3609677345487,39.806734899624544,丰台区,神枪手,晚餐
汉堡王（槐房万达23266店）,116.36049663756724,39.81346502564512,丰台区,神枪手,晚餐
瑞幸咖啡(槐房西路万达广场店),116.36266734339004,39.81250723410746,丰台区,神枪手,晚餐
金百万烤鸭·春饼（角门店）,116.51057699030947,39.933151407491344,丰台区,神枪手,晚餐
南城香·饭香串香馄饨香（丰台大悦春风里店）,116.35939213032763,39.8080209428952,丰台区,神枪手,晚餐
沪上阿姨·精选茶饮(槐房万达店),116.36073728535436,39.813189721834846,丰台区,神枪手,晚餐
华莱士·全鸡汉堡（鸿坤广场店）,116.333792556311,39.79020501659451,丰台区,神枪手,晚餐
杨记老门框百年卤煮（西红门店）,116.35842018533609,39.83616433272074,丰台区,神枪手,晚餐
库迪咖啡(北京新宫店),116.50937933158104,39.92752718494437,丰台区,神枪手,晚餐
田老师红烧肉(丰台南苑西路店),116.3609677345487,39.806734899624544,丰台区,神枪手,晚餐
京派鲜卤（西红门店）,116.33416773092031,39.79802566330509,丰台区,神枪手,晚餐
汉堡王（槐房万达23266店）,116.36049663756724,39.81346502564512,丰台区,神枪手,晚餐
瑞幸咖啡(槐房西路万达广场店),116.36266734339004,39.81250723410746,丰台区,神枪手,晚餐
紫光园·烤鸭（马家堡西里店）,116.5120628760948,39.92073116402058,丰台区,神枪手,晚餐
南城香·饭香串香馄饨香（丰台大悦春风里店）,116.35939213032763,39.8080209428952,丰台区,神枪手,晚餐
喜茶（北京槐房万达店）,116.36138128020936,39.813027874674425,丰台区,神枪手,晚餐
老乡鸡（北京鸿坤广场购物中心店）,116.33412479133727,39.7903673823138,丰台区,神枪手,晚餐
南城香·饭香串香馄饨香（丰台大悦春风里店）,116.35939213032763,39.8080209428952,丰台区,神枪手,晚餐
库迪咖啡(北京新宫店),116.50937933158104,39.92752718494437,丰台区,神枪手,晚餐
门框胡同百年卤煮（嘉园路店）,116.45655266120032,39.92768906000055,丰台区,神枪手,晚餐
田老师红烧肉(丰台南苑西路店),116.3609677345487,39.806734899624544,丰台区,神枪手,晚餐
汉堡王（槐房万达23266店）,116.36049663756724,39.81346502564512,丰台区,神枪手,晚餐
瑞幸咖啡(槐房西路万达广场店),116.36266734339004,39.81250723410746,丰台区,神枪手,晚餐
金百万烤鸭·春饼（角门店）,116.51057699030947,39.933151407491344,丰台区,神枪手,晚餐
南城香·饭香串香馄饨香（丰台大悦春风里店）,116.35939213032763,39.8080209428952,丰台区,神枪手,晚餐
沪上阿姨·精选茶饮(槐房万达店),116.36073728535436,39.813189721834846,丰台区,神枪手,晚餐
华莱士·全鸡汉堡（鸿坤广场店）,116.333792556311,39.79020501659451,丰台区,神枪手,晚餐
杨记老门框百年卤煮（西红门店）,116.35842018533609,39.83616433272074,丰台区,神枪手,晚餐
库迪咖啡(北京新宫店),116.50937933158104,39.92752718494437,丰台区,神枪手,晚餐
田老师红烧肉(丰台南苑西路店),116.3609677345487,39.806734899624544,丰台区,神枪手,晚餐
京派鲜卤（西红门店）,116.33416773092031,39.79802566330509,丰台区,神枪手,晚餐
汉堡王（槐房万达23266店）,116.36049663756724,39.81346502564512,丰台区,神枪手,晚餐
瑞幸咖啡(槐房西路万达广场店),116.36266734339004,39.81250723410746,丰台区,神枪手,晚餐
紫光园·烤鸭（马家堡西里店）,116.5120628760948,39.92073116402058,丰台区,神枪手,晚餐
南城香·饭香串香馄饨香（丰台大悦春风里店）,116.35939213032763,39.8080209428952,丰台区,神枪手,晚餐
喜茶（北京槐房万达店）,116.36138128020936,39.813027874674425,丰台区,神枪手,晚餐
老乡鸡（北京鸿坤广场购物中心店）,116.33412479133727,39.7903673823138,丰台区,神枪手,晚餐
南城香·饭香串香馄饨香（丰台大悦春风里店）,116.35939213032763,39.8080209428952,丰台区,神枪手,晚餐
库迪咖啡(北京新宫店),116.50937933158104,39.92752718494437,丰台区,神枪手,晚餐
门框胡同百年卤煮（嘉园路店）,116.45655266120032,39.92768906000055,丰台区,神枪手,晚餐
田老师红烧肉(丰台南苑西路店),116.3609677345487,39.806734899624544,丰台区,神枪手,晚餐
汉堡王（槐房万达23266店）,116.36049663756724,39.81346502564512,丰台区,神枪手,晚餐
瑞幸咖啡(槐房西路万达广场店),116.36266734339004,39.81250723410746,丰台区,神枪手,晚餐
金百万烤鸭·春饼（角门店）,116.51057699030947,39.933151407491344,丰台区,神枪手,晚餐
南城香·饭香串香馄饨香（丰台大悦春风里店）,116.35939213032763,39.8080209428952,丰台区,神枪手,晚餐
沪上阿姨·精选茶饮(槐房万达店),116.36073728535436,39.813189721834846,丰台区,神枪手,晚餐
华莱士·全鸡汉堡（鸿坤广场店）,116.333792556311,39.79020501659451,丰台区,神枪手,晚餐
杨记老门框百年卤煮（西红门店）,116.35842018533609,39.83616433272074,丰台区,神枪手,晚餐
库迪咖啡(北京新宫店),116.50937933158104,39.92752718494437,丰台区,神枪手,晚餐
田老师红烧肉(丰台南苑西路店),116.3609677345487,39.806734899624544,丰台区,神枪手,晚餐
京派鲜卤（西红门店）,116.33416773092031,39.79802566330509,丰台区,神枪手,晚餐
汉堡王（槐房万达23266店）,116.36049663756724,39.81346502564512,丰台区,神枪手,晚餐
瑞幸咖啡(槐房西路万达广场店),116.36266734339004,39.81250723410746,丰台区,神枪手,晚餐
紫光园·烤鸭（马家堡西里店）,116.5120628760948,39.92073116402058,丰台区,神枪手,晚餐
南城香·饭香串香馄饨香（丰台大悦春风里店）,116.35939213032763,39.8080209428952,丰台区,神枪手,晚餐
喜茶（北京槐房万达店）,116.36138128020936,39.813027874674425,丰台区,神枪手,晚餐
老乡鸡（北京鸿坤广场购物中心店）,116.33412479133727,39.7903673823138,丰台区,神枪手,晚餐
南城香·饭香串香馄饨香（丰台大悦春风里店）,116.35939213032763,39.8080209428952,丰台区,神枪手,晚餐
库迪咖啡(北京新宫店),116.50937933158104,39.92752718494437,丰台区,神枪手,晚餐
门框胡同百年卤煮（嘉园路店）,116.45655266120032,39.92768906000055,丰台区,神枪手,晚餐
田老师红烧肉(丰台南苑西路店),116.3609677345487,39.806734899624544,丰台区,神枪手,晚餐
汉堡王（槐房万达23266店）,116.36049663756724,39.81346502564512,丰台区,神枪手,晚餐
瑞幸咖啡(槐房西路万达广场店),116.36266734339004,39.81250723410746,丰台区,神枪手,晚餐
金百万烤鸭·春饼（角门店）,116.51057699030947,39.933151407491344,丰台区,神枪手,晚餐
南城香·饭香串香馄饨香（丰台大悦春风里店）,116.35939213032763,39.8080209428952,丰台区,神枪手,晚餐
沪上阿姨·精选茶饮(槐房万达店),116.36073728535436,39.813189721834846,丰台区,神枪手,晚餐
华莱士·全鸡汉堡（鸿坤广场店）,116.333792556311,39.79020501659451,丰台区,神枪手,晚餐
杨记老门框百年卤煮（西红门店）,116.35842018533609,39.83616433272074,丰台区,神枪手,晚餐
库迪咖啡(北京新宫店),116.50937933158104,39.92752718494437,丰台区,神枪手,晚餐
田老师红烧肉(丰台南苑西路店),116.3609677345487,39.806734899624544,丰台区,神枪手,晚餐
京派鲜卤（西红门店）,116.33416773092031,39.79802566330509,丰台区,神枪手,晚餐
汉堡王（槐房万达23266店）,116.36049663756724,39.81346502564512,丰台区,神枪手,晚餐
瑞幸咖啡(槐房西路万达广场店),116.36266734339004,39.81250723410746,丰台区,神枪手,晚餐
紫光园·烤鸭（马家堡西里店）,116.5120628760948,39.92073116402058,丰台区,神枪手,晚餐
南城香·饭香串香馄饨香（丰台大悦春风里店）,116.35939213032763,39.8080209428952,丰台区,神枪手,晚餐
喜茶（北京槐房万达店）,116.36138128020936,39.813027874674425,丰台区,神枪手,晚餐
老乡鸡（北京鸿坤广场购物中心店）,116.33412479133727,39.7903673823138,丰台区,神枪手,晚餐
南城香·饭香串香馄饨香（丰台大悦春风里店）,116.35939213032763,39.8080209428952,丰台区,神枪手,晚餐
库迪咖啡(北京新宫店),116.50937933158104,39.92752718494437,丰台区,神枪手,晚餐
门框胡同百年卤煮（嘉园路店）,116.45655266120032,39.92768906000055,丰台区,神枪手,晚餐
田老师红烧肉(丰台南苑西路店),116.3609677345487,39.806734899624544,丰台区,神枪手,晚餐
汉堡王（槐房万达23266店）,116.36049663756724,39.81346502564512,丰台区,神枪手,晚餐
瑞幸咖啡(槐房西路万达广场店),116.36266734339004,39.81250723410746,丰台区,神枪手,晚餐
金百万烤鸭·春饼（角门店）,116.51057699030947,39.933151407491344,丰台区,神枪手,晚餐
南城香·饭香串香馄饨香（丰台大悦春风里店）,116.35939213032763,39.8080209428952,丰台区,神枪手,晚餐
沪上阿姨·精选茶饮(槐房万达店),116.36073728535436,39.813189721834846,丰台区,神枪手,晚餐
华莱士·全鸡汉堡（鸿坤广场店）,116.333792556311,39.79020501659451,丰台区,神枪手,晚餐
杨记老门框百年卤煮（西红门店）,116.35842018533609,39.83616433272074,丰台区,神枪手,晚餐
库迪咖啡(北京新宫店),116.50937933158104,39.92752718494437,丰台区,神枪手,晚餐
田老师红烧肉(丰台南苑西路店),116.3609677345487,39.806734899624544,丰台区,神枪手,晚餐
京派鲜卤（西红门店）,116.33416773092031,39.79802566330509,丰台区,神枪手,晚餐
汉堡王（槐房万达23266店）,116.36049663756724,39.81346502564512,丰台区,神枪手,晚餐
瑞幸咖啡(槐房西路万达广场店),116.36266734339004,39.81250723410746,丰台区,神枪手,晚餐
紫光园·烤鸭（马家堡西里店）,116.5120628760948,39.92073116402058,丰台区,神枪手,晚餐
南城香·饭香串香馄饨香（丰台大悦春风里店）,116.35939213032763,39.8080209428952,丰台区,神枪手,晚餐
喜茶（北京槐房万达店）,116.36138128020936,39.813027874674425,丰台区,神枪手,晚餐
老乡鸡（北京鸿坤广场购物中心店）,116.33412479133727,39.7903673823138,丰台区,神枪手,晚餐
南城香·饭香串香馄饨香（丰台大悦春风里店）,116.35939213032763,39.8080209428952,丰台区,神枪手,晚餐
库迪咖啡(北京新宫店),116.50937933158104,39.92752718494437,丰台区,神枪手,晚餐
门框胡同百年卤煮（嘉园路店）,116.45655266120032,39.92768906000055,丰台区,神枪手,晚餐
田老师红烧肉(丰台南苑西路店),116.3609677345487,39.806734899624544,丰台区,神枪手,晚餐
汉堡王（槐房万达23266店）,116.36049663756724,39.81346502564512,丰台区,神枪手,晚餐
瑞幸咖啡(槐房西路万达广场店),116.36266734339004,39.81250723410746,丰台区,神枪手,晚餐
金百万烤鸭·春饼（角门店）,116.51057699030947,39.933151407491344,丰台区,神枪手,晚餐
南城香·饭香串香馄饨香（丰台大悦春风里店）,116.35939213032763,39.8080209428952,丰台区,神枪手,晚餐
沪上阿姨·精选茶饮(槐房万达店),116.36073728535436,39.813189721834846,丰台区,神枪手,晚餐
华莱士·全鸡汉堡（鸿坤广场店）,116.333792556311,39.79020501659451,丰台区,神枪手,晚餐
杨记老门框百年卤煮（西红门店）,116.35842018533609,39.83616433272074,丰台区,神枪手,晚餐
库迪咖啡(北京新宫店),116.50937933158104,39.92752718494437,丰台区,神枪手,晚餐
田老师红烧肉(丰台南苑西路店),116.3609677345487,39.806734899624544,丰台区,神枪手,晚餐
京派鲜卤（西红门店）,116.33416773092031,39.79802566330509,丰台区,神枪手,晚餐
汉堡王（槐房万达23266店）,116.36049663756724,39.81346502564512,丰台区,神枪手,晚餐
瑞幸咖啡(槐房西路万达广场店),116.36266734339004,39.81250723410746,丰台区,神枪手,晚餐
紫光园·烤鸭（马家堡西里店）,116.5120628760948,39.92073116402058,丰台区,神枪手,晚餐
南城香·饭香串香馄饨香（丰台大悦春风里店）,116.35939213032763,39.8080209428952,丰台区,神枪手,晚餐
喜茶（北京槐房万达店）,116.36138128020936,39.813027874674425,丰台区,神枪手,晚餐
老乡鸡（北京鸿坤广场购物中心店）,116.33412479133727,39.7903673823138,丰台区,神枪手,晚餐
南城香·饭香串香馄饨香（丰台大悦春风里店）,116.35939213032763,39.8080209428952,丰台区,神枪手,晚餐
库迪咖啡(北京新宫店),116.50937933158104,39.92752718494437,丰台区,神枪手,晚餐
门框胡同百年卤煮（嘉园路店）,116.45655266120032,39.92768906000055,丰台区,神枪手,晚餐
田老师红烧肉(丰台南苑西路店),116.3609677345487,39.806734899624544,丰台区,神枪手,晚餐
汉堡王（槐房万达23266店）,116.36049663756724,39.81346502564512,丰台区,神枪手,晚餐
瑞幸咖啡(槐房西路万达广场店),116.36266734339004,39.81250723410746,丰台区,神枪手,晚餐
金百万烤鸭·春饼（角门店）,116.51057699030947,39.933151407491344,丰台区,神枪手,晚餐
南城香·饭香串香馄饨香（丰台大悦春风里店）,116.35939213032763,39.8080209428952,丰台区,神枪手,晚餐
沪上阿姨·精选茶饮(槐房万达店),116.36073728535436,39.813189721834846,丰台区,神枪手,晚餐
华莱士·全鸡汉堡（鸿坤广场店）,116.333792556311,39.79020501659451,丰台区,神枪手,晚餐
杨记老门框百年卤煮（西红门店）,116.35842018533609,39.83616433272074,丰台区,神枪手,晚餐
库迪咖啡(北京新宫店),116.50937933158104,39.92752718494437,丰台区,神枪手,晚餐
田老师红烧肉(丰台南苑西路店),116.3609677345487,39.806734899624544,丰台区,神枪手,晚餐
京派鲜卤（西红门店）,116.33416773092031,39.79802566330509,丰台区,神枪手,晚餐
汉堡王（槐房万达23266店）,116.36049663756724,39.81346502564512,丰台区,神枪手,晚餐
瑞幸咖啡(槐房西路万达广场店),116.36266734339004,39.81250723410746,丰台区,神枪手,晚餐
紫光园·烤鸭（马家堡西里店）,116.5120628760948,39.92073116402058,丰台区,神枪手,晚餐
南城香·饭香串香馄饨香（丰台大悦春风里店）,116.35939213032763,39.8080209428952,丰台区,神枪手,晚餐
喜茶（北京槐房万达店）,116.36138128020936,39.813027874674425,丰台区,神枪手,晚餐
老乡鸡（北京鸿坤广场购物中心店）,116.33412479133727,39.7903673823138,丰台区,神枪手,晚餐
南城香·饭香串香馄饨香（丰台大悦春风里店）,116.35939213032763,39.8080209428952,丰台区,神枪手,晚餐
库迪咖啡(北京新宫店),116.50937933158104,39.92752718494437,丰台区,神枪手,晚餐
门框胡同百年卤煮（嘉园路店）,116.45655266120032,39.92768906000055,丰台区,神枪手,晚餐
田老师红烧肉(丰台南苑西路店),116.3609677345487,39.806734899624544,丰台区,神枪手,晚餐
汉堡王（槐房万达23266店）,116.36049663756724,39.81346502564512,丰台区,神枪手,晚餐
瑞幸咖啡(槐房西路万达广场店),116.36266734339004,39.81250723410746,丰台区,神枪手,晚餐
金百万烤鸭·春饼（角门店）,116.51057699030947,39.933151407491344,丰台区,神枪手,晚餐
南城香·饭香串香馄饨香（丰台大悦春风里店）,116.35939213032763,39.8080209428952,丰台区,神枪手,晚餐
沪上阿姨·精选茶饮(槐房万达店),116.36073728535436,39.813189721834846,丰台区,神枪手,晚餐
华莱士·全鸡汉堡（鸿坤广场店）,116.333792556311,39.79020501659451,丰台区,神枪手,晚餐
杨记老门框百年卤煮（西红门店）,116.35842018533609,39.83616433272074,丰台区,神枪手,晚餐
库迪咖啡(北京新宫店),116.50937933158104,39.92752718494437,丰台区,神枪手,晚餐
田老师红烧肉(丰台南苑西路店),116.3609677345487,39.806734899624544,丰台区,神枪手,晚餐
京派鲜卤（西红门店）,116.33416773092031,39.79802566330509,丰台区,神枪手,晚餐
汉堡王（槐房万达23266店）,116.36049663756724,39.81346502564512,丰台区,神枪手,晚餐
瑞幸咖啡(槐房西路万达广场店),116.36266734339004,39.81250723410746,丰台区,神枪手,晚餐
紫光园·烤鸭（马家堡西里店）,116.5120628760948,39.92073116402058,丰台区,神枪手,晚餐
南城香·饭香串香馄饨香（丰台大悦春风里店）,116.35939213032763,39.8080209428952,丰台区,神枪手,晚餐
喜茶（北京槐房万达店）,116.36138128020936,39.813027874674425,丰台区,神枪手,晚餐
老乡鸡（北京鸿坤广场购物中心店）,116.33412479133727,39.7903673823138,丰台区,神枪手,晚餐
乡村基（丰台大悦春风里店）,116.35846159446164,39.80871418791797,丰台区,美食推荐,中午
人民公社大食堂·东北菜（第二档口北京嗷嗷香餐饮有限公司第一分公司店）,116.3629496323452,39.806824301345294,丰台区,美食推荐,中午
老乡鸡（北京鸿坤广场购物中心店）,116.33412479133727,39.7903673823138,丰台区,美食推荐,中午
米村拌饭（槐房万达店）,116.36116162363172,39.81306516359204,丰台区,美食推荐,中午
兰湘子·湘菜小炒(北京槐房万达店),116.36166187787218,39.81271352739667,丰台区,美食推荐,中午
十皇子炒饭很哇塞的炒饼·炒面·炒粉(丰台店),116.36869551175346,39.83847627398647,丰台区,美食推荐,中午
田老师红烧肉(丰台南苑西路店),116.3609677345487,39.806734899624544,丰台区,美食推荐,中午
新金子勺地道东北菜（第3档口北京嗷嗷香餐饮有限公司）,116.36304448922844,39.80681518096297,丰台区,美食推荐,中午
粥皇港式茶餐厅（马家堡店）,116.35969205043516,39.844194063904496,丰台区,美食推荐,中午
排队3小时都要吃的牛肉饭·谷米中（丰台南庭新苑店）,116.36315831859407,39.80679903726313,丰台区,美食推荐,中午
绿茶餐厅(北京槐房万达店),116.36079520087614,39.81312364895973,丰台区,美食推荐,中午
和合谷·现炒更好吃(大兴嘉悦广场店),116.3178186427611,39.78537294581446,丰台区,美食推荐,中午
吉野家（马家堡西路店）,116.36286250881992,39.83250359150683,丰台区,美食推荐,中午
醉面·肉酱面牛肉面（槐房万达店）,116.362667391736,39.81212526240623,丰台区,美食推荐,中午
犟骨头排骨饭（槐房万达店）,116.36093698335112,39.81305046442587,丰台区,美食推荐,中午
抖喜·新疆炒米粉(第2号档口北京风味聚餐饮有限公司),116.36229363997276,39.80681914653874,丰台区,美食推荐,中午
谷麦香中式健康菜（马家堡店）,116.37206440103756,39.83842578549725,丰台区,美食推荐,中午
达美乐比萨（槐房万达店）,116.36248962256172,39.81245946675065,丰台区,美食推荐,中午
南城香·饭香串香馄饨香（丰台大悦春风里店）,116.35939213032763,39.8080209428952,丰台区,美食推荐,中午
乡村基（丰台大悦春风里店）,116.35846159446164,39.80871418791797,丰台区,美食推荐,中午
人民公社大食堂·东北菜（第二档口北京嗷嗷香餐饮有限公司第一分公司店）,116.3629496323452,39.806824301345294,丰台区,美食推荐,中午
老乡鸡（北京鸿坤广场购物中心店）,116.33412479133727,39.7903673823138,丰台区,美食推荐,中午
米村拌饭（槐房万达店）,116.36116162363172,39.81306516359204,丰台区,美食推荐,中午
兰湘子·湘菜小炒(北京槐房万达店),116.36166187787218,39.81271352739667,丰台区,美食推荐,中午
十皇子炒饭很哇塞的炒饼·炒面·炒粉(丰台店),116.36869551175346,39.83847627398647,丰台区,美食推荐,中午
田老师红烧肉(丰台南苑西路店),116.3609677345487,39.806734899624544,丰台区,美食推荐,中午
新金子勺地道东北菜（第3档口北京嗷嗷香餐饮有限公司）,116.36304448922844,39.80681518096297,丰台区,美食推荐,中午
粥皇港式茶餐厅（马家堡店）,116.35969205043516,39.844194063904496,丰台区,美食推荐,中午
排队3小时都要吃的牛肉饭·谷米中（丰台南庭新苑店）,116.36315831859407,39.80679903726313,丰台区,美食推荐,中午
绿茶餐厅(北京槐房万达店),116.36079520087614,39.81312364895973,丰台区,美食推荐,中午
和合谷·现炒更好吃(大兴嘉悦广场店),116.3178186427611,39.78537294581446,丰台区,美食推荐,中午
吉野家（马家堡西路店）,116.36286250881992,39.83250359150683,丰台区,美食推荐,中午
醉面·肉酱面牛肉面（槐房万达店）,116.362667391736,39.81212526240623,丰台区,美食推荐,中午
犟骨头排骨饭（槐房万达店）,116.36093698335112,39.81305046442587,丰台区,美食推荐,中午
抖喜·新疆炒米粉(第2号档口北京风味聚餐饮有限公司),116.36229363997276,39.80681914653874,丰台区,美食推荐,中午
谷麦香中式健康菜（马家堡店）,116.37206440103756,39.83842578549725,丰台区,美食推荐,中午
达美乐比萨（槐房万达店）,116.36248962256172,39.81245946675065,丰台区,美食推荐,中午
南城香·饭香串香馄饨香（丰台大悦春风里店）,116.35939213032763,39.8080209428952,丰台区,美食推荐,中午
乡村基（丰台大悦春风里店）,116.35846159446164,39.80871418791797,丰台区,美食推荐,中午
人民公社大食堂·东北菜（第二档口北京嗷嗷香餐饮有限公司第一分公司店）,116.3629496323452,39.806824301345294,丰台区,美食推荐,中午
老乡鸡（北京鸿坤广场购物中心店）,116.33412479133727,39.7903673823138,丰台区,美食推荐,中午
米村拌饭（槐房万达店）,116.36116162363172,39.81306516359204,丰台区,美食推荐,中午
兰湘子·湘菜小炒(北京槐房万达店),116.36166187787218,39.81271352739667,丰台区,美食推荐,中午
十皇子炒饭很哇塞的炒饼·炒面·炒粉(丰台店),116.36869551175346,39.83847627398647,丰台区,美食推荐,中午
田老师红烧肉(丰台南苑西路店),116.3609677345487,39.806734899624544,丰台区,美食推荐,中午
新金子勺地道东北菜（第3档口北京嗷嗷香餐饮有限公司）,116.36304448922844,39.80681518096297,丰台区,美食推荐,中午
粥皇港式茶餐厅（马家堡店）,116.35969205043516,39.844194063904496,丰台区,美食推荐,中午
排队3小时都要吃的牛肉饭·谷米中（丰台南庭新苑店）,116.36315831859407,39.80679903726313,丰台区,美食推荐,中午
绿茶餐厅(北京槐房万达店),116.36079520087614,39.81312364895973,丰台区,美食推荐,中午
和合谷·现炒更好吃(大兴嘉悦广场店),116.3178186427611,39.78537294581446,丰台区,美食推荐,中午
吉野家（马家堡西路店）,116.36286250881992,39.83250359150683,丰台区,美食推荐,中午
醉面·肉酱面牛肉面（槐房万达店）,116.362667391736,39.81212526240623,丰台区,美食推荐,中午
犟骨头排骨饭（槐房万达店）,116.36093698335112,39.81305046442587,丰台区,美食推荐,中午
抖喜·新疆炒米粉(第2号档口北京风味聚餐饮有限公司),116.36229363997276,39.80681914653874,丰台区,美食推荐,中午
谷麦香中式健康菜（马家堡店）,116.37206440103756,39.83842578549725,丰台区,美食推荐,中午
达美乐比萨（槐房万达店）,116.36248962256172,39.81245946675065,丰台区,美食推荐,中午
南城香·饭香串香馄饨香（丰台大悦春风里店）,116.35939213032763,39.8080209428952,丰台区,美食推荐,中午
乡村基（丰台大悦春风里店）,116.35846159446164,39.80871418791797,丰台区,美食推荐,中午
人民公社大食堂·东北菜（第二档口北京嗷嗷香餐饮有限公司第一分公司店）,116.3629496323452,39.806824301345294,丰台区,美食推荐,中午
老乡鸡（北京鸿坤广场购物中心店）,116.33412479133727,39.7903673823138,丰台区,美食推荐,中午
米村拌饭（槐房万达店）,116.36116162363172,39.81306516359204,丰台区,美食推荐,中午
兰湘子·湘菜小炒(北京槐房万达店),116.36166187787218,39.81271352739667,丰台区,美食推荐,中午
十皇子炒饭很哇塞的炒饼·炒面·炒粉(丰台店),116.36869551175346,39.83847627398647,丰台区,美食推荐,中午
田老师红烧肉(丰台南苑西路店),116.3609677345487,39.806734899624544,丰台区,美食推荐,中午
新金子勺地道东北菜（第3档口北京嗷嗷香餐饮有限公司）,116.36304448922844,39.80681518096297,丰台区,美食推荐,中午
粥皇港式茶餐厅（马家堡店）,116.35969205043516,39.844194063904496,丰台区,美食推荐,中午
排队3小时都要吃的牛肉饭·谷米中（丰台南庭新苑店）,116.36315831859407,39.80679903726313,丰台区,美食推荐,中午
绿茶餐厅(北京槐房万达店),116.36079520087614,39.81312364895973,丰台区,美食推荐,中午
和合谷·现炒更好吃(大兴嘉悦广场店),116.3178186427611,39.78537294581446,丰台区,美食推荐,中午
吉野家（马家堡西路店）,116.36286250881992,39.83250359150683,丰台区,美食推荐,中午
醉面·肉酱面牛肉面（槐房万达店）,116.362667391736,39.81212526240623,丰台区,美食推荐,中午
犟骨头排骨饭（槐房万达店）,116.36093698335112,39.81305046442587,丰台区,美食推荐,中午
抖喜·新疆炒米粉(第2号档口北京风味聚餐饮有限公司),116.36229363997276,39.80681914653874,丰台区,美食推荐,中午
谷麦香中式健康菜（马家堡店）,116.37206440103756,39.83842578549725,丰台区,美食推荐,中午
达美乐比萨（槐房万达店）,116.36248962256172,39.81245946675065,丰台区,美食推荐,中午
南城香·饭香串香馄饨香（丰台大悦春风里店）,116.35939213032763,39.8080209428952,丰台区,美食推荐,中午
西城沁汁坊|炒肝包子（马家堡店）,116.36852673227922,39.83846445986435,丰台区,美食推荐,中午
沙县小吃(新宫店),116.36169258972838,39.806715939814055,丰台区,美食推荐,中午
煲满意·香喷喷煲仔饭（第1风味+北京啸星商贸中心）,116.36122401112912,39.80133298093936,丰台区,美食推荐,中午
袁记云饺(角门西店),116.36056961054834,39.84429286382359,丰台区,美食推荐,中午
汉堡王（槐房万达23266店）,116.36049663756724,39.81346502564512,丰台区,美食推荐,中午
辉仔隆江猪脚饭,116.36503723268072,39.832871855362185,丰台区,美食推荐,中午
遇见小面（槐房万达店）,116.36209813739517,39.81317692165224,丰台区,美食推荐,中午
京味居饺子馆(新宫店),116.3473177549717,39.875983251566986,丰台区,美食推荐,中午
隆江猪脚饭·盖饭（第1档口北京嘉红时代餐饮管理有限公司）,116.36178242102838,39.80693580485045,丰台区,美食推荐,中午
农耕记·湖南菜外卖卫星店（第12档口淮河人家美食城店）,116.35919740908568,39.79257045183181,丰台区,美食推荐,中午
鱼你在一起（北京大悦春风里店）,116.35846159446164,39.80871418791797,丰台区,美食推荐,中午
红火万家北京烤鸭（槐房万达01店）,116.36263845753692,39.81195631220712,丰台区,美食推荐,中午
石锅烤肉拌饭（第2档口万达美食城店）,116.35696367447444,39.81250304229842,丰台区,美食推荐,中午
东北老舅·嘎嘎香老饭盒（第1风味北京啸星商贸中心店）,116.36126803164636,39.800619979371056,丰台区,美食推荐,中午
老边饺子馆.东北菜（第一档口北京嗷嗷香餐饮有限公司第一分店）,116.3631063955186,39.806813102247375,丰台区,美食推荐,中午
人民公社东北菜（公园懿府店）,116.36375341450568,39.79108855679254,丰台区,美食推荐,中午
麦当劳＆麦咖啡（北京槐房南路店）,116.36011804388484,39.81509741922501,丰台区,美食推荐,中午
袁记云饺(金润家园店),116.37393631080212,39.838569008670255,丰台区,美食推荐,中午
西城沁汁坊|炒肝包子（马家堡店）,116.36852673227922,39.83846445986435,丰台区,美食推荐,中午
沙县小吃(新宫店),116.36169258972838,39.806715939814055,丰台区,美食推荐,中午
煲满意·香喷喷煲仔饭（第1风味+北京啸星商贸中心）,116.36122401112912,39.80133298093936,丰台区,美食推荐,中午
袁记云饺(角门西店),116.36056961054834,39.84429286382359,丰台区,美食推荐,中午
汉堡王（槐房万达23266店）,116.36049663756724,39.81346502564512,丰台区,美食推荐,中午
辉仔隆江猪脚饭,116.36503723268072,39.832871855362185,丰台区,美食推荐,中午
遇见小面（槐房万达店）,116.36209813739517,39.81317692165224,丰台区,美食推荐,中午
京味居饺子馆(新宫店),116.3473177549717,39.875983251566986,丰台区,美食推荐,中午
隆江猪脚饭·盖饭（第1档口北京嘉红时代餐饮管理有限公司）,116.36178242102838,39.80693580485045,丰台区,美食推荐,中午
农耕记·湖南菜外卖卫星店（第12档口淮河人家美食城店）,116.35919740908568,39.79257045183181,丰台区,美食推荐,中午
鱼你在一起（北京大悦春风里店）,116.35846159446164,39.80871418791797,丰台区,美食推荐,中午
红火万家北京烤鸭（槐房万达01店）,116.36263845753692,39.81195631220712,丰台区,美食推荐,中午
石锅烤肉拌饭（第2档口万达美食城店）,116.35696367447444,39.81250304229842,丰台区,美食推荐,中午
东北老舅·嘎嘎香老饭盒（第1风味北京啸星商贸中心店）,116.36126803164636,39.800619979371056,丰台区,美食推荐,中午
老边饺子馆.东北菜（第一档口北京嗷嗷香餐饮有限公司第一分店）,116.3631063955186,39.806813102247375,丰台区,美食推荐,中午
人民公社东北菜（公园懿府店）,116.36375341450568,39.79108855679254,丰台区,美食推荐,中午
麦当劳＆麦咖啡（北京槐房南路店）,116.36011804388484,39.81509741922501,丰台区,美食推荐,中午
袁记云饺(金润家园店),116.37393631080212,39.838569008670255,丰台区,美食推荐,中午
西城沁汁坊|炒肝包子（马家堡店）,116.36852673227922,39.83846445986435,丰台区,美食推荐,中午
沙县小吃(新宫店),116.36169258972838,39.806715939814055,丰台区,美食推荐,中午
煲满意·香喷喷煲仔饭（第1风味+北京啸星商贸中心）,116.36122401112912,39.80133298093936,丰台区,美食推荐,中午
袁记云饺(角门西店),116.36056961054834,39.84429286382359,丰台区,美食推荐,中午
汉堡王（槐房万达23266店）,116.36049663756724,39.81346502564512,丰台区,美食推荐,中午
辉仔隆江猪脚饭,116.36503723268072,39.832871855362185,丰台区,美食推荐,中午
遇见小面（槐房万达店）,116.36209813739517,39.81317692165224,丰台区,美食推荐,中午
京味居饺子馆(新宫店),116.3473177549717,39.875983251566986,丰台区,美食推荐,中午
隆江猪脚饭·盖饭（第1档口北京嘉红时代餐饮管理有限公司）,116.36178242102838,39.80693580485045,丰台区,美食推荐,中午
农耕记·湖南菜外卖卫星店（第12档口淮河人家美食城店）,116.35919740908568,39.79257045183181,丰台区,美食推荐,中午
鱼你在一起（北京大悦春风里店）,116.35846159446164,39.80871418791797,丰台区,美食推荐,中午
红火万家北京烤鸭（槐房万达01店）,116.36263845753692,39.81195631220712,丰台区,美食推荐,中午
石锅烤肉拌饭（第2档口万达美食城店）,116.35696367447444,39.81250304229842,丰台区,美食推荐,中午
东北老舅·嘎嘎香老饭盒（第1风味北京啸星商贸中心店）,116.36126803164636,39.800619979371056,丰台区,美食推荐,中午
老边饺子馆.东北菜（第一档口北京嗷嗷香餐饮有限公司第一分店）,116.3631063955186,39.806813102247375,丰台区,美食推荐,中午
人民公社东北菜（公园懿府店）,116.36375341450568,39.79108855679254,丰台区,美食推荐,中午
麦当劳＆麦咖啡（北京槐房南路店）,116.36011804388484,39.81509741922501,丰台区,美食推荐,中午
袁记云饺(金润家园店),116.37393631080212,39.838569008670255,丰台区,美食推荐,中午
西城沁汁坊|炒肝包子（马家堡店）,116.36852673227922,39.83846445986435,丰台区,美食推荐,中午
沙县小吃(新宫店),116.36169258972838,39.806715939814055,丰台区,美食推荐,中午
煲满意·香喷喷煲仔饭（第1风味+北京啸星商贸中心）,116.36122401112912,39.80133298093936,丰台区,美食推荐,中午
袁记云饺(角门西店),116.36056961054834,39.84429286382359,丰台区,美食推荐,中午
汉堡王（槐房万达23266店）,116.36049663756724,39.81346502564512,丰台区,美食推荐,中午
辉仔隆江猪脚饭,116.36503723268072,39.832871855362185,丰台区,美食推荐,中午
遇见小面（槐房万达店）,116.36209813739517,39.81317692165224,丰台区,美食推荐,中午
京味居饺子馆(新宫店),116.3473177549717,39.875983251566986,丰台区,美食推荐,中午
隆江猪脚饭·盖饭（第1档口北京嘉红时代餐饮管理有限公司）,116.36178242102838,39.80693580485045,丰台区,美食推荐,中午
农耕记·湖南菜外卖卫星店（第12档口淮河人家美食城店）,116.35919740908568,39.79257045183181,丰台区,美食推荐,中午
鱼你在一起（北京大悦春风里店）,116.35846159446164,39.80871418791797,丰台区,美食推荐,中午
红火万家北京烤鸭（槐房万达01店）,116.36263845753692,39.81195631220712,丰台区,美食推荐,中午
石锅烤肉拌饭（第2档口万达美食城店）,116.35696367447444,39.81250304229842,丰台区,美食推荐,中午
东北老舅·嘎嘎香老饭盒（第1风味北京啸星商贸中心店）,116.36126803164636,39.800619979371056,丰台区,美食推荐,中午
老边饺子馆.东北菜（第一档口北京嗷嗷香餐饮有限公司第一分店）,116.3631063955186,39.806813102247375,丰台区,美食推荐,中午
人民公社东北菜（公园懿府店）,116.36375341450568,39.79108855679254,丰台区,美食推荐,中午
麦当劳＆麦咖啡（北京槐房南路店）,116.36011804388484,39.81509741922501,丰台区,美食推荐,中午
袁记云饺(金润家园店),116.37393631080212,39.838569008670255,丰台区,美食推荐,中午
西城沁汁坊|炒肝包子（马家堡店）,116.36852673227922,39.83846445986435,丰台区,美食推荐,中午
沙县小吃(新宫店),116.36169258972838,39.806715939814055,丰台区,美食推荐,中午
煲满意·香喷喷煲仔饭（第1风味+北京啸星商贸中心）,116.36122401112912,39.80133298093936,丰台区,美食推荐,中午
袁记云饺(角门西店),116.36056961054834,39.84429286382359,丰台区,美食推荐,中午
汉堡王（槐房万达23266店）,116.36049663756724,39.81346502564512,丰台区,美食推荐,中午
辉仔隆江猪脚饭,116.36503723268072,39.832871855362185,丰台区,美食推荐,中午
遇见小面（槐房万达店）,116.36209813739517,39.81317692165224,丰台区,美食推荐,中午
京味居饺子馆(新宫店),116.3473177549717,39.875983251566986,丰台区,美食推荐,中午
隆江猪脚饭·盖饭（第1档口北京嘉红时代餐饮管理有限公司）,116.36178242102838,39.80693580485045,丰台区,美食推荐,中午
农耕记·湖南菜外卖卫星店（第12档口淮河人家美食城店）,116.35919740908568,39.79257045183181,丰台区,美食推荐,中午
鱼你在一起（北京大悦春风里店）,116.35846159446164,39.80871418791797,丰台区,美食推荐,中午
红火万家北京烤鸭（槐房万达01店）,116.36263845753692,39.81195631220712,丰台区,美食推荐,中午
石锅烤肉拌饭（第2档口万达美食城店）,116.35696367447444,39.81250304229842,丰台区,美食推荐,中午
东北老舅·嘎嘎香老饭盒（第1风味北京啸星商贸中心店）,116.36126803164636,39.800619979371056,丰台区,美食推荐,中午
老边饺子馆.东北菜（第一档口北京嗷嗷香餐饮有限公司第一分店）,116.3631063955186,39.806813102247375,丰台区,美食推荐,中午
人民公社东北菜（公园懿府店）,116.36375341450568,39.79108855679254,丰台区,美食推荐,中午
麦当劳＆麦咖啡（北京槐房南路店）,116.36011804388484,39.81509741922501,丰台区,美食推荐,中午
袁记云饺(金润家园店),116.37393631080212,39.838569008670255,丰台区,美食推荐,中午
小吊梨汤·北京菜（大悦春风里店）,116.35878606758706,39.808574743249615,丰台区,美食推荐,中午
小菜园新徽菜（北京丰台槐房万达店）,116.34904241606117,39.85948627030316,丰台区,美食推荐,中午
川手勺回锅肉.川菜小炒,116.36232084788392,39.81273666465094,丰台区,美食推荐,中午
东北黑土地（东北菜）,116.3321102144035,39.807120801069,丰台区,美食推荐,中午
必胜客宅急送（槐房万达店）,116.3607193429072,39.812962762714704,丰台区,美食推荐,中午
全聚德(马家堡店),116.37222769350372,39.84252237207368,丰台区,美食推荐,中午
极度比萨&全麦软底（公益西桥店）,116.36058358829126,39.84429084510503,丰台区,美食推荐,中午
麦当劳＆麦咖啡（北京槐房西路店）,116.3611068851862,39.80379594219087,丰台区,美食推荐,中午
乡村基（公益西桥店）,116.36295740626562,39.83217149183326,丰台区,美食推荐,中午
紫光园·小馆（公益西桥店）,116.36521330046148,39.83821929979609,丰台区,美食推荐,中午
门框胡同百年卤煮（嘉园路店）,116.45655266120032,39.92768906000055,丰台区,美食推荐,中午
千韧·潮汕牛肉粿条（欣荣大街店）,116.44548402371682,39.80265795414202,丰台区,美食推荐,中午
塔斯汀·中国汉堡(鸿坤广场店),116.33394123471923,39.79011174681301,丰台区,美食推荐,中午
嘉和一品粥（健康餐·皮蛋粥·焖面·和义店）,116.388690921535,39.80660098396636,丰台区,美食推荐,中午
曼玲粥店（角门店）,116.37843112464238,39.83754235397281,丰台区,美食推荐,中午
Obligi Chicken韩式炸鸡（西红门淮河人家美食城02号店）,116.3588290301675,39.79250797001775,丰台区,美食推荐,中午
一道湘·辣椒炒肉（公益西桥店）,116.362578915404,39.83272294154208,丰台区,美食推荐,中午
锦州烧烤（新宫店）,116.36256920099424,39.80692978158529,丰台区,美食推荐,宵夜
老北京地摊烧烤,116.367032859028,39.81375082160661,丰台区,美食推荐,宵夜
杨国福麻辣烫(南苑新宫店),116.36115443068417,39.806786646585934,丰台区,美食推荐,宵夜
华莱士·全鸡汉堡（新宫店）,116.35874865733668,39.812307515035485,丰台区,美食推荐,宵夜
麻辣香锅(洋桥店）,116.32092745921985,39.78592892461721,丰台区,美食推荐,宵夜
张记烤鸡架·臭豆腐（第一风味北京龙建卓餐饮管理有限公司）,116.36295162424328,39.80686429572465,丰台区,美食推荐,宵夜
粒粒香·家常炒饭(第1风味北京宏欧商贸中心）,116.36124100102988,39.801199968957896,丰台区,美食推荐,宵夜
北京沁汁包•现熬粥（第1档口北京英格玛特商贸有限公司）,116.36154720670642,39.80365036962734,丰台区,美食推荐,宵夜
隆江猪脚饭·盖饭（第1档口北京嘉红时代餐饮管理有限公司）,116.36178242102838,39.80693580485045,丰台区,美食推荐,宵夜
麦当劳＆麦咖啡（北京槐房南路店）,116.36011804388484,39.81509741922501,丰台区,美食推荐,宵夜
津卫·天津煎饼果子（第1风味+北京英格玛特商贸有限公司）,116.36181878107844,39.80364501270894,丰台区,美食推荐,宵夜
京味居饺子馆(新宫店),116.3473177549717,39.875983251566986,丰台区,美食推荐,宵夜
极度比萨&全麦软底（公益西桥店）,116.36058358829126,39.84429084510503,丰台区,美食推荐,宵夜
驴肉火烧（顺来福店）,116.33048430209044,39.82774838856163,丰台区,美食推荐,宵夜
必胜客宅急送（槐房万达店）,116.3607193429072,39.812962762714704,丰台区,美食推荐,宵夜
金手勺酱骨头东北菜（第1档口北京好来聚餐饮有限公司）,116.3329693559216,39.80648923452515,丰台区,美食推荐,宵夜
曼玲粥店（角门店）,116.37843112464238,39.83754235397281,丰台区,美食推荐,宵夜
锦州烧烤（新宫店）,116.36256920099424,39.80692978158529,丰台区,美食推荐,宵夜
老北京地摊烧烤,116.367032859028,39.81375082160661,丰台区,美食推荐,宵夜
杨国福麻辣烫(南苑新宫店),116.36115443068417,39.806786646585934,丰台区,美食推荐,宵夜
华莱士·全鸡汉堡（新宫店）,116.35874865733668,39.812307515035485,丰台区,美食推荐,宵夜
麻辣香锅(洋桥店）,116.32092745921985,39.78592892461721,丰台区,美食推荐,宵夜
张记烤鸡架·臭豆腐（第一风味北京龙建卓餐饮管理有限公司）,116.36295162424328,39.80686429572465,丰台区,美食推荐,宵夜
粒粒香·家常炒饭(第1风味北京宏欧商贸中心）,116.36124100102988,39.801199968957896,丰台区,美食推荐,宵夜
北京沁汁包•现熬粥（第1档口北京英格玛特商贸有限公司）,116.36154720670642,39.80365036962734,丰台区,美食推荐,宵夜
隆江猪脚饭·盖饭（第1档口北京嘉红时代餐饮管理有限公司）,116.36178242102838,39.80693580485045,丰台区,美食推荐,宵夜
麦当劳＆麦咖啡（北京槐房南路店）,116.36011804388484,39.81509741922501,丰台区,美食推荐,宵夜
津卫·天津煎饼果子（第1风味+北京英格玛特商贸有限公司）,116.36181878107844,39.80364501270894,丰台区,美食推荐,宵夜
京味居饺子馆(新宫店),116.3473177549717,39.875983251566986,丰台区,美食推荐,宵夜
极度比萨&全麦软底（公益西桥店）,116.36058358829126,39.84429084510503,丰台区,美食推荐,宵夜
驴肉火烧（顺来福店）,116.33048430209044,39.82774838856163,丰台区,美食推荐,宵夜
必胜客宅急送（槐房万达店）,116.3607193429072,39.812962762714704,丰台区,美食推荐,宵夜
金手勺酱骨头东北菜（第1档口北京好来聚餐饮有限公司）,116.3329693559216,39.80648923452515,丰台区,美食推荐,宵夜
曼玲粥店（角门店）,116.37843112464238,39.83754235397281,丰台区,美食推荐,宵夜
锦州烧烤（新宫店）,116.36256920099424,39.80692978158529,丰台区,美食推荐,宵夜
老北京地摊烧烤,116.367032859028,39.81375082160661,丰台区,美食推荐,宵夜
杨国福麻辣烫(南苑新宫店),116.36115443068417,39.806786646585934,丰台区,美食推荐,宵夜
华莱士·全鸡汉堡（新宫店）,116.35874865733668,39.812307515035485,丰台区,美食推荐,宵夜
麻辣香锅(洋桥店）,116.32092745921985,39.78592892461721,丰台区,美食推荐,宵夜
张记烤鸡架·臭豆腐（第一风味北京龙建卓餐饮管理有限公司）,116.36295162424328,39.80686429572465,丰台区,美食推荐,宵夜
粒粒香·家常炒饭(第1风味北京宏欧商贸中心）,116.36124100102988,39.801199968957896,丰台区,美食推荐,宵夜
北京沁汁包•现熬粥（第1档口北京英格玛特商贸有限公司）,116.36154720670642,39.80365036962734,丰台区,美食推荐,宵夜
隆江猪脚饭·盖饭（第1档口北京嘉红时代餐饮管理有限公司）,116.36178242102838,39.80693580485045,丰台区,美食推荐,宵夜
麦当劳＆麦咖啡（北京槐房南路店）,116.36011804388484,39.81509741922501,丰台区,美食推荐,宵夜
津卫·天津煎饼果子（第1风味+北京英格玛特商贸有限公司）,116.36181878107844,39.80364501270894,丰台区,美食推荐,宵夜
京味居饺子馆(新宫店),116.3473177549717,39.875983251566986,丰台区,美食推荐,宵夜
极度比萨&全麦软底（公益西桥店）,116.36058358829126,39.84429084510503,丰台区,美食推荐,宵夜
驴肉火烧（顺来福店）,116.33048430209044,39.82774838856163,丰台区,美食推荐,宵夜
必胜客宅急送（槐房万达店）,116.3607193429072,39.812962762714704,丰台区,美食推荐,宵夜
金手勺酱骨头东北菜（第1档口北京好来聚餐饮有限公司）,116.3329693559216,39.80648923452515,丰台区,美食推荐,宵夜
曼玲粥店（角门店）,116.37843112464238,39.83754235397281,丰台区,美食推荐,宵夜
锦州烧烤（新宫店）,116.36256920099424,39.80692978158529,丰台区,美食推荐,宵夜
老北京地摊烧烤,116.367032859028,39.81375082160661,丰台区,美食推荐,宵夜
杨国福麻辣烫(南苑新宫店),116.36115443068417,39.806786646585934,丰台区,美食推荐,宵夜
华莱士·全鸡汉堡（新宫店）,116.35874865733668,39.812307515035485,丰台区,美食推荐,宵夜
麻辣香锅(洋桥店）,116.32092745921985,39.78592892461721,丰台区,美食推荐,宵夜
张记烤鸡架·臭豆腐（第一风味北京龙建卓餐饮管理有限公司）,116.36295162424328,39.80686429572465,丰台区,美食推荐,宵夜
粒粒香·家常炒饭(第1风味北京宏欧商贸中心）,116.36124100102988,39.801199968957896,丰台区,美食推荐,宵夜
北京沁汁包•现熬粥（第1档口北京英格玛特商贸有限公司）,116.36154720670642,39.80365036962734,丰台区,美食推荐,宵夜
隆江猪脚饭·盖饭（第1档口北京嘉红时代餐饮管理有限公司）,116.36178242102838,39.80693580485045,丰台区,美食推荐,宵夜
麦当劳＆麦咖啡（北京槐房南路店）,116.36011804388484,39.81509741922501,丰台区,美食推荐,宵夜
津卫·天津煎饼果子（第1风味+北京英格玛特商贸有限公司）,116.36181878107844,39.80364501270894,丰台区,美食推荐,宵夜
京味居饺子馆(新宫店),116.3473177549717,39.875983251566986,丰台区,美食推荐,宵夜
极度比萨&全麦软底（公益西桥店）,116.36058358829126,39.84429084510503,丰台区,美食推荐,宵夜
驴肉火烧（顺来福店）,116.33048430209044,39.82774838856163,丰台区,美食推荐,宵夜
必胜客宅急送（槐房万达店）,116.3607193429072,39.812962762714704,丰台区,美食推荐,宵夜
金手勺酱骨头东北菜（第1档口北京好来聚餐饮有限公司）,116.3329693559216,39.80648923452515,丰台区,美食推荐,宵夜
曼玲粥店（角门店）,116.37843112464238,39.83754235397281,丰台区,美食推荐,宵夜
隆江猪脚饭(第1档口北京南有秋风文化有限公司）,116.3626879067801,39.79202783009705,丰台区,美食推荐,宵夜
窑鸡王（新宫店）,116.36277391086703,39.80674253266108,丰台区,美食推荐,宵夜
肯德基宅急送（槐房西路店）,116.36406295420429,39.79109117005566,丰台区,美食推荐,宵夜
塔斯汀·中国汉堡(鸿坤广场店),116.33394123471923,39.79011174681301,丰台区,美食推荐,宵夜
东北大油边烧烤（新宫店）,116.36182276559616,39.803718001755314,丰台区,美食推荐,宵夜
江南家·鲜炒下饭菜（角门店）,116.3722291902515,39.83859961392452,丰台区,美食推荐,宵夜
生产队东北菜（第2档口北京好来聚餐饮有限公司）,116.33291249327904,39.80641534693389,丰台区,美食推荐,宵夜
老家炒饼（角门店）,116.3568071100399,39.81121036561043,丰台区,美食推荐,宵夜
烧烤部落,116.3519590792444,39.77029519730005,丰台区,美食推荐,宵夜
小谷姐姐麻辣拌●麻辣烫(新宫店),116.35619758774556,39.792155771067776,丰台区,美食推荐,宵夜
肯德基宅急送(公益西桥店）,116.36351748929349,39.83272274504287,丰台区,美食推荐,宵夜
大理·云南过桥米线（第1档口北京健太商贸中心店）,116.36129990452449,39.80122488875149,丰台区,美食推荐,宵夜
串班长·麻辣香锅（西红门01店）,116.3330825309425,39.79513393070131,丰台区,美食推荐,宵夜
食夫指·手撕烤鸭（角门店）,116.35997859550716,39.84408267835326,丰台区,美食推荐,宵夜
小鸭炉北京烤鸭（阳光星苑店）,116.36329185165442,39.79310596822562,丰台区,美食推荐,宵夜
正宗云南过桥米线（鸿坤派郡店）,116.36418187289438,39.84554111151032,丰台区,美食推荐,宵夜
绝味鸭脖(南苑店),116.36394712549432,39.79109431407465,丰台区,美食推荐,宵夜
隆江猪脚饭(第1档口北京南有秋风文化有限公司）,116.3626879067801,39.79202783009705,丰台区,美食推荐,宵夜
窑鸡王（新宫店）,116.36277391086703,39.80674253266108,丰台区,美食推荐,宵夜
肯德基宅急送（槐房西路店）,116.36406295420429,39.79109117005566,丰台区,美食推荐,宵夜
塔斯汀·中国汉堡(鸿坤广场店),116.33394123471923,39.79011174681301,丰台区,美食推荐,宵夜
东北大油边烧烤（新宫店）,116.36182276559616,39.803718001755314,丰台区,美食推荐,宵夜
江南家·鲜炒下饭菜（角门店）,116.3722291902515,39.83859961392452,丰台区,美食推荐,宵夜
生产队东北菜（第2档口北京好来聚餐饮有限公司）,116.33291249327904,39.80641534693389,丰台区,美食推荐,宵夜
老家炒饼（角门店）,116.3568071100399,39.81121036561043,丰台区,美食推荐,宵夜
烧烤部落,116.3519590792444,39.77029519730005,丰台区,美食推荐,宵夜
小谷姐姐麻辣拌●麻辣烫(新宫店),116.35619758774556,39.792155771067776,丰台区,美食推荐,宵夜
肯德基宅急送(公益西桥店）,116.36351748929349,39.83272274504287,丰台区,美食推荐,宵夜
大理·云南过桥米线（第1档口北京健太商贸中心店）,116.36129990452449,39.80122488875149,丰台区,美食推荐,宵夜
串班长·麻辣香锅（西红门01店）,116.3330825309425,39.79513393070131,丰台区,美食推荐,宵夜
食夫指·手撕烤鸭（角门店）,116.35997859550716,39.84408267835326,丰台区,美食推荐,宵夜
小鸭炉北京烤鸭（阳光星苑店）,116.36329185165442,39.79310596822562,丰台区,美食推荐,宵夜
正宗云南过桥米线（鸿坤派郡店）,116.36418187289438,39.84554111151032,丰台区,美食推荐,宵夜
绝味鸭脖(南苑店),116.36394712549432,39.79109431407465,丰台区,美食推荐,宵夜
隆江猪脚饭(第1档口北京南有秋风文化有限公司）,116.3626879067801,39.79202783009705,丰台区,美食推荐,宵夜
窑鸡王（新宫店）,116.36277391086703,39.80674253266108,丰台区,美食推荐,宵夜
肯德基宅急送（槐房西路店）,116.36406295420429,39.79109117005566,丰台区,美食推荐,宵夜
塔斯汀·中国汉堡(鸿坤广场店),116.33394123471923,39.79011174681301,丰台区,美食推荐,宵夜
东北大油边烧烤（新宫店）,116.36182276559616,39.803718001755314,丰台区,美食推荐,宵夜
江南家·鲜炒下饭菜（角门店）,116.3722291902515,39.83859961392452,丰台区,美食推荐,宵夜
生产队东北菜（第2档口北京好来聚餐饮有限公司）,116.33291249327904,39.80641534693389,丰台区,美食推荐,宵夜
老家炒饼（角门店）,116.3568071100399,39.81121036561043,丰台区,美食推荐,宵夜
烧烤部落,116.3519590792444,39.77029519730005,丰台区,美食推荐,宵夜
小谷姐姐麻辣拌●麻辣烫(新宫店),116.35619758774556,39.792155771067776,丰台区,美食推荐,宵夜
肯德基宅急送(公益西桥店）,116.36351748929349,39.83272274504287,丰台区,美食推荐,宵夜
大理·云南过桥米线（第1档口北京健太商贸中心店）,116.36129990452449,39.80122488875149,丰台区,美食推荐,宵夜
串班长·麻辣香锅（西红门01店）,116.3330825309425,39.79513393070131,丰台区,美食推荐,宵夜
食夫指·手撕烤鸭（角门店）,116.35997859550716,39.84408267835326,丰台区,美食推荐,宵夜
小鸭炉北京烤鸭（阳光星苑店）,116.36329185165442,39.79310596822562,丰台区,美食推荐,宵夜
正宗云南过桥米线（鸿坤派郡店）,116.36418187289438,39.84554111151032,丰台区,美食推荐,宵夜
绝味鸭脖(南苑店),116.36394712549432,39.79109431407465,丰台区,美食推荐,宵夜
隆江猪脚饭(第1档口北京南有秋风文化有限公司）,116.3626879067801,39.79202783009705,丰台区,美食推荐,宵夜
窑鸡王（新宫店）,116.36277391086703,39.80674253266108,丰台区,美食推荐,宵夜
肯德基宅急送（槐房西路店）,116.36406295420429,39.79109117005566,丰台区,美食推荐,宵夜
塔斯汀·中国汉堡(鸿坤广场店),116.33394123471923,39.79011174681301,丰台区,美食推荐,宵夜
东北大油边烧烤（新宫店）,116.36182276559616,39.803718001755314,丰台区,美食推荐,宵夜
江南家·鲜炒下饭菜（角门店）,116.3722291902515,39.83859961392452,丰台区,美食推荐,宵夜
生产队东北菜（第2档口北京好来聚餐饮有限公司）,116.33291249327904,39.80641534693389,丰台区,美食推荐,宵夜
老家炒饼（角门店）,116.3568071100399,39.81121036561043,丰台区,美食推荐,宵夜
烧烤部落,116.3519590792444,39.77029519730005,丰台区,美食推荐,宵夜
小谷姐姐麻辣拌●麻辣烫(新宫店),116.35619758774556,39.792155771067776,丰台区,美食推荐,宵夜
肯德基宅急送(公益西桥店）,116.36351748929349,39.83272274504287,丰台区,美食推荐,宵夜
大理·云南过桥米线（第1档口北京健太商贸中心店）,116.36129990452449,39.80122488875149,丰台区,美食推荐,宵夜
串班长·麻辣香锅（西红门01店）,116.3330825309425,39.79513393070131,丰台区,美食推荐,宵夜
食夫指·手撕烤鸭（角门店）,116.35997859550716,39.84408267835326,丰台区,美食推荐,宵夜
小鸭炉北京烤鸭（阳光星苑店）,116.36329185165442,39.79310596822562,丰台区,美食推荐,宵夜
正宗云南过桥米线（鸿坤派郡店）,116.36418187289438,39.84554111151032,丰台区,美食推荐,宵夜
绝味鸭脖(南苑店),116.36394712549432,39.79109431407465,丰台区,美食推荐,宵夜
隆江猪脚饭(第1档口北京南有秋风文化有限公司）,116.3626879067801,39.79202783009705,丰台区,美食推荐,宵夜
窑鸡王（新宫店）,116.36277391086703,39.80674253266108,丰台区,美食推荐,宵夜
肯德基宅急送（槐房西路店）,116.36406295420429,39.79109117005566,丰台区,美食推荐,宵夜
塔斯汀·中国汉堡(鸿坤广场店),116.33394123471923,39.79011174681301,丰台区,美食推荐,宵夜
东北大油边烧烤（新宫店）,116.36182276559616,39.803718001755314,丰台区,美食推荐,宵夜
江南家·鲜炒下饭菜（角门店）,116.3722291902515,39.83859961392452,丰台区,美食推荐,宵夜
生产队东北菜（第2档口北京好来聚餐饮有限公司）,116.33291249327904,39.80641534693389,丰台区,美食推荐,宵夜
老家炒饼（角门店）,116.3568071100399,39.81121036561043,丰台区,美食推荐,宵夜
烧烤部落,116.3519590792444,39.77029519730005,丰台区,美食推荐,宵夜
小谷姐姐麻辣拌●麻辣烫(新宫店),116.35619758774556,39.792155771067776,丰台区,美食推荐,宵夜
肯德基宅急送(公益西桥店）,116.36351748929349,39.83272274504287,丰台区,美食推荐,宵夜
大理·云南过桥米线（第1档口北京健太商贸中心店）,116.36129990452449,39.80122488875149,丰台区,美食推荐,宵夜
串班长·麻辣香锅（西红门01店）,116.3330825309425,39.79513393070131,丰台区,美食推荐,宵夜
食夫指·手撕烤鸭（角门店）,116.35997859550716,39.84408267835326,丰台区,美食推荐,宵夜
小鸭炉北京烤鸭（阳光星苑店）,116.36329185165442,39.79310596822562,丰台区,美食推荐,宵夜
正宗云南过桥米线（鸿坤派郡店）,116.36418187289438,39.84554111151032,丰台区,美食推荐,宵夜
绝味鸭脖(南苑店),116.36394712549432,39.79109431407465,丰台区,美食推荐,宵夜
熊家无二·韩式炸鸡（商贸学校店),116.36069189479592,39.79316536015918,丰台区,美食推荐,宵夜
十皇子炒饭很哇塞的炒饼·炒面·炒粉(丰台店),116.36869551175346,39.83847627398647,丰台区,美食推荐,宵夜
吴记炒饼炒饭（顺来福01店）,116.33066288729356,39.82781904539892,丰台区,美食推荐,宵夜
海底捞下饭火锅菜（槐房万达店·风味三）,116.36062641349618,39.81358384189129,丰台区,美食推荐,宵夜
稻香源东北米线黄焖鸡,116.3629623975238,39.83218048486851,丰台区,美食推荐,宵夜
伊斯麦尔丝路美食（新宫店）,116.36288872565709,39.806820379537264,丰台区,美食推荐,宵夜
锦州烧烤(西红门店),116.32537031583844,39.79341773816383,丰台区,美食推荐,宵夜
沙县小吃（阳光星苑店）,116.36273285555365,39.79188878408208,丰台区,美食推荐,宵夜
成都小厨,116.35847121996984,39.84309782792821,丰台区,美食推荐,宵夜
杨国福麻辣烫·麻辣拌（马家堡西路店）,116.36515460415804,39.836491480125154,丰台区,美食推荐,宵夜
Obligi Chicken韩式炸鸡（马家堡九州美食城第九号档口店）,116.36844983385237,39.83845354521758,丰台区,美食推荐,宵夜
和合谷·现炒更好吃（城南大道店）,116.36285757597804,39.83203362854995,丰台区,美食推荐,宵夜
祁姥姥家的疙瘩汤（角门店）,116.36090207828464,39.844282417844056,丰台区,美食推荐,宵夜
张亮麻辣烫·麻辣拌（宏福店）,116.33287017823268,39.79378944110687,丰台区,美食推荐,宵夜
鱼你在一起(丰台和义东里店),116.3967883138484,39.81189332419979,丰台区,美食推荐,宵夜
沙县小吃（顺来福店）,116.33059007038524,39.82767919277524,丰台区,美食推荐,宵夜
米村拌饭（槐房万达店）,116.36116162363172,39.81306516359204,丰台区,美食推荐,晚餐
悠满居（卤煮•包子•炒肝）,116.35867781489124,39.81200063707277,丰台区,美食推荐,晚餐
人民公社大食堂·东北菜（第二档口北京嗷嗷香餐饮有限公司第一分公司店）,116.3629496323452,39.806824301345294,丰台区,美食推荐,晚餐
兰湘子·湘菜小炒(北京槐房万达店),116.36166187787218,39.81271352739667,丰台区,美食推荐,晚餐
新金子勺地道东北菜（第3档口北京嗷嗷香餐饮有限公司）,116.36304448922844,39.80681518096297,丰台区,美食推荐,晚餐
状元派丨长沙盖码饭（第一风味北京味时尚餐饮管理有限公司）,116.36087704061468,39.8133545222078,丰台区,美食推荐,晚餐
华莱士·全鸡汉堡（新宫店）,116.35874865733668,39.812307515035485,丰台区,美食推荐,晚餐
老边饺子馆.东北菜（第一档口北京嗷嗷香餐饮有限公司第一分店）,116.3631063955186,39.806813102247375,丰台区,美食推荐,晚餐
人民公社铁锅炖（第1档口北京盛源兴辉餐饮管理有限公司）,116.33254725686818,39.80688899648946,丰台区,美食推荐,晚餐
川手勺回锅肉.川菜小炒,116.36232084788392,39.81273666465094,丰台区,美食推荐,晚餐
排队3小时都要吃的牛肉饭·谷米中（丰台南庭新苑店）,116.36315831859407,39.80679903726313,丰台区,美食推荐,晚餐
红火万家北京烤鸭（槐房万达01店）,116.36263845753692,39.81195631220712,丰台区,美食推荐,晚餐
石锅烤肉拌饭（第2档口万达美食城店）,116.35696367447444,39.81250304229842,丰台区,美食推荐,晚餐
田老师红烧肉(丰台南苑西路店),116.3609677345487,39.806734899624544,丰台区,美食推荐,晚餐
肯德基宅急送（槐房西路店）,116.36406295420429,39.79109117005566,丰台区,美食推荐,晚餐
达美乐比萨（槐房万达店）,116.36248962256172,39.81245946675065,丰台区,美食推荐,晚餐
米村拌饭（槐房万达店）,116.36116162363172,39.81306516359204,丰台区,美食推荐,晚餐
悠满居（卤煮•包子•炒肝）,116.35867781489124,39.81200063707277,丰台区,美食推荐,晚餐
人民公社大食堂·东北菜（第二档口北京嗷嗷香餐饮有限公司第一分公司店）,116.3629496323452,39.806824301345294,丰台区,美食推荐,晚餐
兰湘子·湘菜小炒(北京槐房万达店),116.36166187787218,39.81271352739667,丰台区,美食推荐,晚餐
新金子勺地道东北菜（第3档口北京嗷嗷香餐饮有限公司）,116.36304448922844,39.80681518096297,丰台区,美食推荐,晚餐
状元派丨长沙盖码饭（第一风味北京味时尚餐饮管理有限公司）,116.36087704061468,39.8133545222078,丰台区,美食推荐,晚餐
华莱士·全鸡汉堡（新宫店）,116.35874865733668,39.812307515035485,丰台区,美食推荐,晚餐
老边饺子馆.东北菜（第一档口北京嗷嗷香餐饮有限公司第一分店）,116.3631063955186,39.806813102247375,丰台区,美食推荐,晚餐
人民公社铁锅炖（第1档口北京盛源兴辉餐饮管理有限公司）,116.33254725686818,39.80688899648946,丰台区,美食推荐,晚餐
川手勺回锅肉.川菜小炒,116.36232084788392,39.81273666465094,丰台区,美食推荐,晚餐
排队3小时都要吃的牛肉饭·谷米中（丰台南庭新苑店）,116.36315831859407,39.80679903726313,丰台区,美食推荐,晚餐
红火万家北京烤鸭（槐房万达01店）,116.36263845753692,39.81195631220712,丰台区,美食推荐,晚餐
石锅烤肉拌饭（第2档口万达美食城店）,116.35696367447444,39.81250304229842,丰台区,美食推荐,晚餐
田老师红烧肉(丰台南苑西路店),116.3609677345487,39.806734899624544,丰台区,美食推荐,晚餐
肯德基宅急送（槐房西路店）,116.36406295420429,39.79109117005566,丰台区,美食推荐,晚餐
达美乐比萨（槐房万达店）,116.36248962256172,39.81245946675065,丰台区,美食推荐,晚餐
米村拌饭（槐房万达店）,116.36116162363172,39.81306516359204,丰台区,美食推荐,晚餐
悠满居（卤煮•包子•炒肝）,116.35867781489124,39.81200063707277,丰台区,美食推荐,晚餐
人民公社大食堂·东北菜（第二档口北京嗷嗷香餐饮有限公司第一分公司店）,116.3629496323452,39.806824301345294,丰台区,美食推荐,晚餐
兰湘子·湘菜小炒(北京槐房万达店),116.36166187787218,39.81271352739667,丰台区,美食推荐,晚餐
新金子勺地道东北菜（第3档口北京嗷嗷香餐饮有限公司）,116.36304448922844,39.80681518096297,丰台区,美食推荐,晚餐
状元派丨长沙盖码饭（第一风味北京味时尚餐饮管理有限公司）,116.36087704061468,39.8133545222078,丰台区,美食推荐,晚餐
华莱士·全鸡汉堡（新宫店）,116.35874865733668,39.812307515035485,丰台区,美食推荐,晚餐
老边饺子馆.东北菜（第一档口北京嗷嗷香餐饮有限公司第一分店）,116.3631063955186,39.806813102247375,丰台区,美食推荐,晚餐
人民公社铁锅炖（第1档口北京盛源兴辉餐饮管理有限公司）,116.33254725686818,39.80688899648946,丰台区,美食推荐,晚餐
川手勺回锅肉.川菜小炒,116.36232084788392,39.81273666465094,丰台区,美食推荐,晚餐
排队3小时都要吃的牛肉饭·谷米中（丰台南庭新苑店）,116.36315831859407,39.80679903726313,丰台区,美食推荐,晚餐
红火万家北京烤鸭（槐房万达01店）,116.36263845753692,39.81195631220712,丰台区,美食推荐,晚餐
石锅烤肉拌饭（第2档口万达美食城店）,116.35696367447444,39.81250304229842,丰台区,美食推荐,晚餐
田老师红烧肉(丰台南苑西路店),116.3609677345487,39.806734899624544,丰台区,美食推荐,晚餐
肯德基宅急送（槐房西路店）,116.36406295420429,39.79109117005566,丰台区,美食推荐,晚餐
达美乐比萨（槐房万达店）,116.36248962256172,39.81245946675065,丰台区,美食推荐,晚餐
米村拌饭（槐房万达店）,116.36116162363172,39.81306516359204,丰台区,美食推荐,晚餐
悠满居（卤煮•包子•炒肝）,116.35867781489124,39.81200063707277,丰台区,美食推荐,晚餐
人民公社大食堂·东北菜（第二档口北京嗷嗷香餐饮有限公司第一分公司店）,116.3629496323452,39.806824301345294,丰台区,美食推荐,晚餐
兰湘子·湘菜小炒(北京槐房万达店),116.36166187787218,39.81271352739667,丰台区,美食推荐,晚餐
新金子勺地道东北菜（第3档口北京嗷嗷香餐饮有限公司）,116.36304448922844,39.80681518096297,丰台区,美食推荐,晚餐
状元派丨长沙盖码饭（第一风味北京味时尚餐饮管理有限公司）,116.36087704061468,39.8133545222078,丰台区,美食推荐,晚餐
华莱士·全鸡汉堡（新宫店）,116.35874865733668,39.812307515035485,丰台区,美食推荐,晚餐
老边饺子馆.东北菜（第一档口北京嗷嗷香餐饮有限公司第一分店）,116.3631063955186,39.806813102247375,丰台区,美食推荐,晚餐
人民公社铁锅炖（第1档口北京盛源兴辉餐饮管理有限公司）,116.33254725686818,39.80688899648946,丰台区,美食推荐,晚餐
川手勺回锅肉.川菜小炒,116.36232084788392,39.81273666465094,丰台区,美食推荐,晚餐
排队3小时都要吃的牛肉饭·谷米中（丰台南庭新苑店）,116.36315831859407,39.80679903726313,丰台区,美食推荐,晚餐
红火万家北京烤鸭（槐房万达01店）,116.36263845753692,39.81195631220712,丰台区,美食推荐,晚餐
石锅烤肉拌饭（第2档口万达美食城店）,116.35696367447444,39.81250304229842,丰台区,美食推荐,晚餐
田老师红烧肉(丰台南苑西路店),116.3609677345487,39.806734899624544,丰台区,美食推荐,晚餐
肯德基宅急送（槐房西路店）,116.36406295420429,39.79109117005566,丰台区,美食推荐,晚餐
达美乐比萨（槐房万达店）,116.36248962256172,39.81245946675065,丰台区,美食推荐,晚餐
门框胡同百年卤煮（嘉园路店）,116.45655266120032,39.92768906000055,丰台区,美食推荐,晚餐
小菜园新徽菜（北京丰台槐房万达店）,116.34904241606117,39.85948627030316,丰台区,美食推荐,晚餐
必胜客宅急送（槐房万达店）,116.3607193429072,39.812962762714704,丰台区,美食推荐,晚餐
乡村基（丰台大悦春风里店）,116.35846159446164,39.80871418791797,丰台区,美食推荐,晚餐
晋汉子刀削面川湘菜,116.35231145311973,39.80955827430757,丰台区,美食推荐,晚餐
南城香·饭香串香馄饨香（丰台大悦春风里店）,116.35939213032763,39.8080209428952,丰台区,美食推荐,晚餐
粒粒香·家常炒饭(第1风味北京宏欧商贸中心）,116.36124100102988,39.801199968957896,丰台区,美食推荐,晚餐
杨国福麻辣烫(南苑新宫店),116.36115443068417,39.806786646585934,丰台区,美食推荐,晚餐
麦当劳＆麦咖啡（北京槐房西路店）,116.3611068851862,39.80379594219087,丰台区,美食推荐,晚餐
人民公社东北菜（公园懿府店）,116.36375341450568,39.79108855679254,丰台区,美食推荐,晚餐
贼下饭·四菜一饭（大红门店）,116.356443036565,39.80891006935197,丰台区,美食推荐,晚餐
大理·云南过桥米线（第1档口北京健太商贸中心店）,116.36129990452449,39.80122488875149,丰台区,美食推荐,晚餐
鱼你在一起（北京大悦春风里店）,116.35846159446164,39.80871418791797,丰台区,美食推荐,晚餐
山西大同刀削面,116.36251668887584,39.80371709878311,丰台区,美食推荐,晚餐
京味居饺子馆(新宫店),116.3473177549717,39.875983251566986,丰台区,美食推荐,晚餐
吉野家（马家堡西路店）,116.36286250881992,39.83250359150683,丰台区,美食推荐,晚餐
小吊梨汤·北京菜（大悦春风里店）,116.35878606758706,39.808574743249615,丰台区,美食推荐,晚餐
西域美食兰州老马食府（新宫店）,116.36193420188124,39.80679261693377,丰台区,美食推荐,晚餐
麦当劳＆麦咖啡（北京槐房南路店）,116.36011804388484,39.81509741922501,丰台区,美食推荐,晚餐
隆江猪脚饭·盖饭（第1档口北京嘉红时代餐饮管理有限公司）,116.36178242102838,39.80693580485045,丰台区,美食推荐,晚餐
门框胡同百年卤煮（嘉园路店）,116.45655266120032,39.92768906000055,丰台区,美食推荐,晚餐
小菜园新徽菜（北京丰台槐房万达店）,116.34904241606117,39.85948627030316,丰台区,美食推荐,晚餐
必胜客宅急送（槐房万达店）,116.3607193429072,39.812962762714704,丰台区,美食推荐,晚餐
乡村基（丰台大悦春风里店）,116.35846159446164,39.80871418791797,丰台区,美食推荐,晚餐
晋汉子刀削面川湘菜,116.35231145311973,39.80955827430757,丰台区,美食推荐,晚餐
南城香·饭香串香馄饨香（丰台大悦春风里店）,116.35939213032763,39.8080209428952,丰台区,美食推荐,晚餐
粒粒香·家常炒饭(第1风味北京宏欧商贸中心）,116.36124100102988,39.801199968957896,丰台区,美食推荐,晚餐
杨国福麻辣烫(南苑新宫店),116.36115443068417,39.806786646585934,丰台区,美食推荐,晚餐
麦当劳＆麦咖啡（北京槐房西路店）,116.3611068851862,39.80379594219087,丰台区,美食推荐,晚餐
人民公社东北菜（公园懿府店）,116.36375341450568,39.79108855679254,丰台区,美食推荐,晚餐
贼下饭·四菜一饭（大红门店）,116.356443036565,39.80891006935197,丰台区,美食推荐,晚餐
大理·云南过桥米线（第1档口北京健太商贸中心店）,116.36129990452449,39.80122488875149,丰台区,美食推荐,晚餐
鱼你在一起（北京大悦春风里店）,116.35846159446164,39.80871418791797,丰台区,美食推荐,晚餐
山西大同刀削面,116.36251668887584,39.80371709878311,丰台区,美食推荐,晚餐
京味居饺子馆(新宫店),116.3473177549717,39.875983251566986,丰台区,美食推荐,晚餐
吉野家（马家堡西路店）,116.36286250881992,39.83250359150683,丰台区,美食推荐,晚餐
小吊梨汤·北京菜（大悦春风里店）,116.35878606758706,39.808574743249615,丰台区,美食推荐,晚餐
西域美食兰州老马食府（新宫店）,116.36193420188124,39.80679261693377,丰台区,美食推荐,晚餐
麦当劳＆麦咖啡（北京槐房南路店）,116.36011804388484,39.81509741922501,丰台区,美食推荐,晚餐
隆江猪脚饭·盖饭（第1档口北京嘉红时代餐饮管理有限公司）,116.36178242102838,39.80693580485045,丰台区,美食推荐,晚餐
门框胡同百年卤煮（嘉园路店）,116.45655266120032,39.92768906000055,丰台区,美食推荐,晚餐
小菜园新徽菜（北京丰台槐房万达店）,116.34904241606117,39.85948627030316,丰台区,美食推荐,晚餐
必胜客宅急送（槐房万达店）,116.3607193429072,39.812962762714704,丰台区,美食推荐,晚餐
乡村基（丰台大悦春风里店）,116.35846159446164,39.80871418791797,丰台区,美食推荐,晚餐
晋汉子刀削面川湘菜,116.35231145311973,39.80955827430757,丰台区,美食推荐,晚餐
南城香·饭香串香馄饨香（丰台大悦春风里店）,116.35939213032763,39.8080209428952,丰台区,美食推荐,晚餐
粒粒香·家常炒饭(第1风味北京宏欧商贸中心）,116.36124100102988,39.801199968957896,丰台区,美食推荐,晚餐
杨国福麻辣烫(南苑新宫店),116.36115443068417,39.806786646585934,丰台区,美食推荐,晚餐
麦当劳＆麦咖啡（北京槐房西路店）,116.3611068851862,39.80379594219087,丰台区,美食推荐,晚餐
人民公社东北菜（公园懿府店）,116.36375341450568,39.79108855679254,丰台区,美食推荐,晚餐
贼下饭·四菜一饭（大红门店）,116.356443036565,39.80891006935197,丰台区,美食推荐,晚餐
大理·云南过桥米线（第1档口北京健太商贸中心店）,116.36129990452449,39.80122488875149,丰台区,美食推荐,晚餐
鱼你在一起（北京大悦春风里店）,116.35846159446164,39.80871418791797,丰台区,美食推荐,晚餐
山西大同刀削面,116.36251668887584,39.80371709878311,丰台区,美食推荐,晚餐
京味居饺子馆(新宫店),116.3473177549717,39.875983251566986,丰台区,美食推荐,晚餐
吉野家（马家堡西路店）,116.36286250881992,39.83250359150683,丰台区,美食推荐,晚餐
小吊梨汤·北京菜（大悦春风里店）,116.35878606758706,39.808574743249615,丰台区,美食推荐,晚餐
西域美食兰州老马食府（新宫店）,116.36193420188124,39.80679261693377,丰台区,美食推荐,晚餐
麦当劳＆麦咖啡（北京槐房南路店）,116.36011804388484,39.81509741922501,丰台区,美食推荐,晚餐
隆江猪脚饭·盖饭（第1档口北京嘉红时代餐饮管理有限公司）,116.36178242102838,39.80693580485045,丰台区,美食推荐,晚餐
门框胡同百年卤煮（嘉园路店）,116.45655266120032,39.92768906000055,丰台区,美食推荐,晚餐
小菜园新徽菜（北京丰台槐房万达店）,116.34904241606117,39.85948627030316,丰台区,美食推荐,晚餐
必胜客宅急送（槐房万达店）,116.3607193429072,39.812962762714704,丰台区,美食推荐,晚餐
乡村基（丰台大悦春风里店）,116.35846159446164,39.80871418791797,丰台区,美食推荐,晚餐
晋汉子刀削面川湘菜,116.35231145311973,39.80955827430757,丰台区,美食推荐,晚餐
南城香·饭香串香馄饨香（丰台大悦春风里店）,116.35939213032763,39.8080209428952,丰台区,美食推荐,晚餐
粒粒香·家常炒饭(第1风味北京宏欧商贸中心）,116.36124100102988,39.801199968957896,丰台区,美食推荐,晚餐
杨国福麻辣烫(南苑新宫店),116.36115443068417,39.806786646585934,丰台区,美食推荐,晚餐
麦当劳＆麦咖啡（北京槐房西路店）,116.3611068851862,39.80379594219087,丰台区,美食推荐,晚餐
人民公社东北菜（公园懿府店）,116.36375341450568,39.79108855679254,丰台区,美食推荐,晚餐
贼下饭·四菜一饭（大红门店）,116.356443036565,39.80891006935197,丰台区,美食推荐,晚餐
大理·云南过桥米线（第1档口北京健太商贸中心店）,116.36129990452449,39.80122488875149,丰台区,美食推荐,晚餐
鱼你在一起（北京大悦春风里店）,116.35846159446164,39.80871418791797,丰台区,美食推荐,晚餐
山西大同刀削面,116.36251668887584,39.80371709878311,丰台区,美食推荐,晚餐
京味居饺子馆(新宫店),116.3473177549717,39.875983251566986,丰台区,美食推荐,晚餐
吉野家（马家堡西路店）,116.36286250881992,39.83250359150683,丰台区,美食推荐,晚餐
小吊梨汤·北京菜（大悦春风里店）,116.35878606758706,39.808574743249615,丰台区,美食推荐,晚餐
西域美食兰州老马食府（新宫店）,116.36193420188124,39.80679261693377,丰台区,美食推荐,晚餐
麦当劳＆麦咖啡（北京槐房南路店）,116.36011804388484,39.81509741922501,丰台区,美食推荐,晚餐
隆江猪脚饭·盖饭（第1档口北京嘉红时代餐饮管理有限公司）,116.36178242102838,39.80693580485045,丰台区,美食推荐,晚餐
门框胡同百年卤煮（嘉园路店）,116.45655266120032,39.92768906000055,丰台区,美食推荐,晚餐
小菜园新徽菜（北京丰台槐房万达店）,116.34904241606117,39.85948627030316,丰台区,美食推荐,晚餐
必胜客宅急送（槐房万达店）,116.3607193429072,39.812962762714704,丰台区,美食推荐,晚餐
乡村基（丰台大悦春风里店）,116.35846159446164,39.80871418791797,丰台区,美食推荐,晚餐
晋汉子刀削面川湘菜,116.35231145311973,39.80955827430757,丰台区,美食推荐,晚餐
南城香·饭香串香馄饨香（丰台大悦春风里店）,116.35939213032763,39.8080209428952,丰台区,美食推荐,晚餐
粒粒香·家常炒饭(第1风味北京宏欧商贸中心）,116.36124100102988,39.801199968957896,丰台区,美食推荐,晚餐
杨国福麻辣烫(南苑新宫店),116.36115443068417,39.806786646585934,丰台区,美食推荐,晚餐
麦当劳＆麦咖啡（北京槐房西路店）,116.3611068851862,39.80379594219087,丰台区,美食推荐,晚餐
人民公社东北菜（公园懿府店）,116.36375341450568,39.79108855679254,丰台区,美食推荐,晚餐
贼下饭·四菜一饭（大红门店）,116.356443036565,39.80891006935197,丰台区,美食推荐,晚餐
大理·云南过桥米线（第1档口北京健太商贸中心店）,116.36129990452449,39.80122488875149,丰台区,美食推荐,晚餐
鱼你在一起（北京大悦春风里店）,116.35846159446164,39.80871418791797,丰台区,美食推荐,晚餐
山西大同刀削面,116.36251668887584,39.80371709878311,丰台区,美食推荐,晚餐
京味居饺子馆(新宫店),116.3473177549717,39.875983251566986,丰台区,美食推荐,晚餐
吉野家（马家堡西路店）,116.36286250881992,39.83250359150683,丰台区,美食推荐,晚餐
小吊梨汤·北京菜（大悦春风里店）,116.35878606758706,39.808574743249615,丰台区,美食推荐,晚餐
西域美食兰州老马食府（新宫店）,116.36193420188124,39.80679261693377,丰台区,美食推荐,晚餐
麦当劳＆麦咖啡（北京槐房南路店）,116.36011804388484,39.81509741922501,丰台区,美食推荐,晚餐
隆江猪脚饭·盖饭（第1档口北京嘉红时代餐饮管理有限公司）,116.36178242102838,39.80693580485045,丰台区,美食推荐,晚餐
遇见小面（槐房万达店）,116.36209813739517,39.81317692165224,丰台区,美食推荐,晚餐
东北黑土地（东北菜）,116.3321102144035,39.807120801069,丰台区,美食推荐,晚餐
德克士（公益西桥店）,116.36302830005596,39.832158402192135,丰台区,美食推荐,晚餐
杨国福麻辣烫（新发地综合创意园店）,116.34162582424244,39.81849651211134,丰台区,美食推荐,晚餐
东北老舅·嘎嘎香老饭盒（第1风味北京啸星商贸中心店）,116.36126803164636,39.800619979371056,丰台区,美食推荐,晚餐
华莱士·全鸡汉堡（公益西桥店）,116.36515460415804,39.836491480125154,丰台区,美食推荐,晚餐
天庆饺子馆,116.36239487520017,39.803728255390986,丰台区,美食推荐,晚餐
锦州烧烤（新宫店）,116.36256920099424,39.80692978158529,丰台区,美食推荐,晚餐
重庆味道(京鲁家常菜）,116.3568071100399,39.81121036561043,丰台区,美食推荐,晚餐
西贝(公益西桥华联店),116.36304418405904,39.83288233468146,丰台区,美食推荐,晚餐
辉仔隆江猪脚饭,116.36503723268072,39.832871855362185,丰台区,美食推荐,晚餐
Obligi Chicken韩式炸鸡（西红门淮河人家美食城02号店）,116.3588290301675,39.79250797001775,丰台区,美食推荐,晚餐
津卫·天津煎饼果子（第1风味+北京英格玛特商贸有限公司）,116.36181878107844,39.80364501270894,丰台区,美食推荐,晚餐
正宗云南过桥米线（鸿坤派郡店）,116.36418187289438,39.84554111151032,丰台区,美食推荐,晚餐
老乡鸡（北京鸿坤广场购物中心店）,116.33412479133727,39.7903673823138,丰台区,美食推荐,晚餐
米村拌饭（公益西桥店）,116.36376606127732,39.83316340397096,丰台区,美食推荐,晚餐
北京沁汁包•现熬粥（第1档口北京英格玛特商贸有限公司）,116.36154720670642,39.80365036962734,丰台区,美食推荐,晚餐
塔斯汀·中国汉堡(鸿坤广场店),116.33394123471923,39.79011174681301,丰台区,美食推荐,晚餐
田老师红烧肉（中关村物美店）,116.31118192168124,39.98186298059522,五道口,拼好饭,中午
汉堡王（五道口餐厅19195店）,116.32783369950502,39.991204744642985,五道口,拼好饭,中午
桃园煲仔饭（五道口店）,116.32761176886169,39.98678735313112,五道口,拼好饭,中午
沙县小吃（第2风味+北京洪火火餐饮管理有限公司）,116.3059351229033,39.97622093072224,五道口,拼好饭,中午
汉堡王（五道口餐厅19195店）,116.32783369950502,39.991204744642985,五道口,拼好饭,中午
东北饺子馆（五道口店）,116.3284988156445,39.98614768581907,五道口,拼好饭,中午
袁记云饺(知春路店),116.33211205145032,39.97454430805932,五道口,拼好饭,中午
LINLEE林里·手打柠檬茶（BOM嘻番里店）,116.3480414972624,40.00034278136519,五道口,拼好饭,中午
老北京炙烤牛肋条饭·炙子烤肉（铁道边第9档店）,116.33400622403472,39.986785255860944,五道口,拼好饭,中午
粤公主港式烧腊（电子大厦店）,116.30573521518878,39.9788951866402,五道口,拼好饭,中午
汉堡王（五道口餐厅19195店）,116.32783369950502,39.991204744642985,五道口,拼好饭,中午
袁记云饺(知春路店),116.33211205145032,39.97454430805932,五道口,拼好饭,中午
紫燕百味鸡（卤味·套餐饭·拌菜·中关村南路店）,116.3130769495371,39.97972649413026,五道口,拼好饭,中午
牛约堡-手作牛肉汉堡（五道口店）,116.32773898404224,39.98278627502358,五道口,拼好饭,中午
喜赞·暖轻食·健康餐（大恒美食城第一档口店）,116.31045716163752,39.98480321887217,五道口,拼好饭,中午
田老师红烧肉（中关村物美店）,116.31118192168124,39.98186298059522,五道口,拼好饭,中午
汉堡王（五道口餐厅19195店）,116.32783369950502,39.991204744642985,五道口,拼好饭,中午
桃园煲仔饭（五道口店）,116.32761176886169,39.98678735313112,五道口,拼好饭,中午
沙县小吃（第2风味+北京洪火火餐饮管理有限公司）,116.3059351229033,39.97622093072224,五道口,拼好饭,中午
汉堡王（五道口餐厅19195店）,116.32783369950502,39.991204744642985,五道口,拼好饭,中午
东北饺子馆（五道口店）,116.3284988156445,39.98614768581907,五道口,拼好饭,中午
袁记云饺(知春路店),116.33211205145032,39.97454430805932,五道口,拼好饭,中午
LINLEE林里·手打柠檬茶（BOM嘻番里店）,116.3480414972624,40.00034278136519,五道口,拼好饭,中午
老北京炙烤牛肋条饭·炙子烤肉（铁道边第9档店）,116.33400622403472,39.986785255860944,五道口,拼好饭,中午
粤公主港式烧腊（电子大厦店）,116.30573521518878,39.9788951866402,五道口,拼好饭,中午
汉堡王（五道口餐厅19195店）,116.32783369950502,39.991204744642985,五道口,拼好饭,中午
袁记云饺(知春路店),116.33211205145032,39.97454430805932,五道口,拼好饭,中午
紫燕百味鸡（卤味·套餐饭·拌菜·中关村南路店）,116.3130769495371,39.97972649413026,五道口,拼好饭,中午
牛约堡-手作牛肉汉堡（五道口店）,116.32773898404224,39.98278627502358,五道口,拼好饭,中午
喜赞·暖轻食·健康餐（大恒美食城第一档口店）,116.31045716163752,39.98480321887217,五道口,拼好饭,中午
田老师红烧肉（中关村物美店）,116.31118192168124,39.98186298059522,五道口,拼好饭,中午
汉堡王（五道口餐厅19195店）,116.32783369950502,39.991204744642985,五道口,拼好饭,中午
桃园煲仔饭（五道口店）,116.32761176886169,39.98678735313112,五道口,拼好饭,中午
沙县小吃（第2风味+北京洪火火餐饮管理有限公司）,116.3059351229033,39.97622093072224,五道口,拼好饭,中午
汉堡王（五道口餐厅19195店）,116.32783369950502,39.991204744642985,五道口,拼好饭,中午
东北饺子馆（五道口店）,116.3284988156445,39.98614768581907,五道口,拼好饭,中午
袁记云饺(知春路店),116.33211205145032,39.97454430805932,五道口,拼好饭,中午
LINLEE林里·手打柠檬茶（BOM嘻番里店）,116.3480414972624,40.00034278136519,五道口,拼好饭,中午
老北京炙烤牛肋条饭·炙子烤肉（铁道边第9档店）,116.33400622403472,39.986785255860944,五道口,拼好饭,中午
粤公主港式烧腊（电子大厦店）,116.30573521518878,39.9788951866402,五道口,拼好饭,中午
汉堡王（五道口餐厅19195店）,116.32783369950502,39.991204744642985,五道口,拼好饭,中午
袁记云饺(知春路店),116.33211205145032,39.97454430805932,五道口,拼好饭,中午
紫燕百味鸡（卤味·套餐饭·拌菜·中关村南路店）,116.3130769495371,39.97972649413026,五道口,拼好饭,中午
牛约堡-手作牛肉汉堡（五道口店）,116.32773898404224,39.98278627502358,五道口,拼好饭,中午
喜赞·暖轻食·健康餐（大恒美食城第一档口店）,116.31045716163752,39.98480321887217,五道口,拼好饭,中午
田老师红烧肉（中关村物美店）,116.31118192168124,39.98186298059522,五道口,拼好饭,中午
汉堡王（五道口餐厅19195店）,116.32783369950502,39.991204744642985,五道口,拼好饭,中午
桃园煲仔饭（五道口店）,116.32761176886169,39.98678735313112,五道口,拼好饭,中午
沙县小吃（第2风味+北京洪火火餐饮管理有限公司）,116.3059351229033,39.97622093072224,五道口,拼好饭,中午
汉堡王（五道口餐厅19195店）,116.32783369950502,39.991204744642985,五道口,拼好饭,中午
东北饺子馆（五道口店）,116.3284988156445,39.98614768581907,五道口,拼好饭,中午
袁记云饺(知春路店),116.33211205145032,39.97454430805932,五道口,拼好饭,中午
LINLEE林里·手打柠檬茶（BOM嘻番里店）,116.3480414972624,40.00034278136519,五道口,拼好饭,中午
老北京炙烤牛肋条饭·炙子烤肉（铁道边第9档店）,116.33400622403472,39.986785255860944,五道口,拼好饭,中午
粤公主港式烧腊（电子大厦店）,116.30573521518878,39.9788951866402,五道口,拼好饭,中午
汉堡王（五道口餐厅19195店）,116.32783369950502,39.991204744642985,五道口,拼好饭,中午
袁记云饺(知春路店),116.33211205145032,39.97454430805932,五道口,拼好饭,中午
紫燕百味鸡（卤味·套餐饭·拌菜·中关村南路店）,116.3130769495371,39.97972649413026,五道口,拼好饭,中午
牛约堡-手作牛肉汉堡（五道口店）,116.32773898404224,39.98278627502358,五道口,拼好饭,中午
喜赞·暖轻食·健康餐（大恒美食城第一档口店）,116.31045716163752,39.98480321887217,五道口,拼好饭,中午
田老师红烧肉（中关村物美店）,116.31118192168124,39.98186298059522,五道口,拼好饭,中午
汉堡王（五道口餐厅19195店）,116.32783369950502,39.991204744642985,五道口,拼好饭,中午
桃园煲仔饭（五道口店）,116.32761176886169,39.98678735313112,五道口,拼好饭,中午
沙县小吃（第2风味+北京洪火火餐饮管理有限公司）,116.3059351229033,39.97622093072224,五道口,拼好饭,中午
汉堡王（五道口餐厅19195店）,116.32783369950502,39.991204744642985,五道口,拼好饭,中午
东北饺子馆（五道口店）,116.3284988156445,39.98614768581907,五道口,拼好饭,中午
袁记云饺(知春路店),116.33211205145032,39.97454430805932,五道口,拼好饭,中午
LINLEE林里·手打柠檬茶（BOM嘻番里店）,116.3480414972624,40.00034278136519,五道口,拼好饭,中午
老北京炙烤牛肋条饭·炙子烤肉（铁道边第9档店）,116.33400622403472,39.986785255860944,五道口,拼好饭,中午
粤公主港式烧腊（电子大厦店）,116.30573521518878,39.9788951866402,五道口,拼好饭,中午
汉堡王（五道口餐厅19195店）,116.32783369950502,39.991204744642985,五道口,拼好饭,中午
袁记云饺(知春路店),116.33211205145032,39.97454430805932,五道口,拼好饭,中午
紫燕百味鸡（卤味·套餐饭·拌菜·中关村南路店）,116.3130769495371,39.97972649413026,五道口,拼好饭,中午
牛约堡-手作牛肉汉堡（五道口店）,116.32773898404224,39.98278627502358,五道口,拼好饭,中午
喜赞·暖轻食·健康餐（大恒美食城第一档口店）,116.31045716163752,39.98480321887217,五道口,拼好饭,中午
田老师红烧肉（中关村物美店）,116.31118192168124,39.98186298059522,五道口,拼好饭,中午
汉堡王（五道口餐厅19195店）,116.32783369950502,39.991204744642985,五道口,拼好饭,中午
桃园煲仔饭（五道口店）,116.32761176886169,39.98678735313112,五道口,拼好饭,中午
沙县小吃（第2风味+北京洪火火餐饮管理有限公司）,116.3059351229033,39.97622093072224,五道口,拼好饭,中午
汉堡王（五道口餐厅19195店）,116.32783369950502,39.991204744642985,五道口,拼好饭,中午
东北饺子馆（五道口店）,116.3284988156445,39.98614768581907,五道口,拼好饭,中午
袁记云饺(知春路店),116.33211205145032,39.97454430805932,五道口,拼好饭,中午
LINLEE林里·手打柠檬茶（BOM嘻番里店）,116.3480414972624,40.00034278136519,五道口,拼好饭,中午
老北京炙烤牛肋条饭·炙子烤肉（铁道边第9档店）,116.33400622403472,39.986785255860944,五道口,拼好饭,中午
粤公主港式烧腊（电子大厦店）,116.30573521518878,39.9788951866402,五道口,拼好饭,中午
汉堡王（五道口餐厅19195店）,116.32783369950502,39.991204744642985,五道口,拼好饭,中午
袁记云饺(知春路店),116.33211205145032,39.97454430805932,五道口,拼好饭,中午
紫燕百味鸡（卤味·套餐饭·拌菜·中关村南路店）,116.3130769495371,39.97972649413026,五道口,拼好饭,中午
牛约堡-手作牛肉汉堡（五道口店）,116.32773898404224,39.98278627502358,五道口,拼好饭,中午
喜赞·暖轻食·健康餐（大恒美食城第一档口店）,116.31045716163752,39.98480321887217,五道口,拼好饭,中午
田老师红烧肉（中关村物美店）,116.31118192168124,39.98186298059522,五道口,拼好饭,中午
汉堡王（五道口餐厅19195店）,116.32783369950502,39.991204744642985,五道口,拼好饭,中午
桃园煲仔饭（五道口店）,116.32761176886169,39.98678735313112,五道口,拼好饭,中午
沙县小吃（第2风味+北京洪火火餐饮管理有限公司）,116.3059351229033,39.97622093072224,五道口,拼好饭,中午
汉堡王（五道口餐厅19195店）,116.32783369950502,39.991204744642985,五道口,拼好饭,中午
东北饺子馆（五道口店）,116.3284988156445,39.98614768581907,五道口,拼好饭,中午
袁记云饺(知春路店),116.33211205145032,39.97454430805932,五道口,拼好饭,中午
LINLEE林里·手打柠檬茶（BOM嘻番里店）,116.3480414972624,40.00034278136519,五道口,拼好饭,中午
老北京炙烤牛肋条饭·炙子烤肉（铁道边第9档店）,116.33400622403472,39.986785255860944,五道口,拼好饭,中午
粤公主港式烧腊（电子大厦店）,116.30573521518878,39.9788951866402,五道口,拼好饭,中午
汉堡王（五道口餐厅19195店）,116.32783369950502,39.991204744642985,五道口,拼好饭,中午
袁记云饺(知春路店),116.33211205145032,39.97454430805932,五道口,拼好饭,中午
紫燕百味鸡（卤味·套餐饭·拌菜·中关村南路店）,116.3130769495371,39.97972649413026,五道口,拼好饭,中午
牛约堡-手作牛肉汉堡（五道口店）,116.32773898404224,39.98278627502358,五道口,拼好饭,中午
喜赞·暖轻食·健康餐（大恒美食城第一档口店）,116.31045716163752,39.98480321887217,五道口,拼好饭,中午
田老师红烧肉（中关村物美店）,116.31118192168124,39.98186298059522,五道口,拼好饭,中午
汉堡王（五道口餐厅19195店）,116.32783369950502,39.991204744642985,五道口,拼好饭,中午
桃园煲仔饭（五道口店）,116.32761176886169,39.98678735313112,五道口,拼好饭,中午
沙县小吃（第2风味+北京洪火火餐饮管理有限公司）,116.3059351229033,39.97622093072224,五道口,拼好饭,中午
汉堡王（五道口餐厅19195店）,116.32783369950502,39.991204744642985,五道口,拼好饭,中午
东北饺子馆（五道口店）,116.3284988156445,39.98614768581907,五道口,拼好饭,中午
袁记云饺(知春路店),116.33211205145032,39.97454430805932,五道口,拼好饭,中午
LINLEE林里·手打柠檬茶（BOM嘻番里店）,116.3480414972624,40.00034278136519,五道口,拼好饭,中午
老北京炙烤牛肋条饭·炙子烤肉（铁道边第9档店）,116.33400622403472,39.986785255860944,五道口,拼好饭,中午
粤公主港式烧腊（电子大厦店）,116.30573521518878,39.9788951866402,五道口,拼好饭,中午
汉堡王（五道口餐厅19195店）,116.32783369950502,39.991204744642985,五道口,拼好饭,中午
袁记云饺(知春路店),116.33211205145032,39.97454430805932,五道口,拼好饭,中午
紫燕百味鸡（卤味·套餐饭·拌菜·中关村南路店）,116.3130769495371,39.97972649413026,五道口,拼好饭,中午
牛约堡-手作牛肉汉堡（五道口店）,116.32773898404224,39.98278627502358,五道口,拼好饭,中午
喜赞·暖轻食·健康餐（大恒美食城第一档口店）,116.31045716163752,39.98480321887217,五道口,拼好饭,中午
田老师红烧肉（中关村物美店）,116.31118192168124,39.98186298059522,五道口,拼好饭,中午
汉堡王（五道口餐厅19195店）,116.32783369950502,39.991204744642985,五道口,拼好饭,中午
桃园煲仔饭（五道口店）,116.32761176886169,39.98678735313112,五道口,拼好饭,中午
沙县小吃（第2风味+北京洪火火餐饮管理有限公司）,116.3059351229033,39.97622093072224,五道口,拼好饭,中午
汉堡王（五道口餐厅19195店）,116.32783369950502,39.991204744642985,五道口,拼好饭,中午
东北饺子馆（五道口店）,116.3284988156445,39.98614768581907,五道口,拼好饭,中午
袁记云饺(知春路店),116.33211205145032,39.97454430805932,五道口,拼好饭,中午
LINLEE林里·手打柠檬茶（BOM嘻番里店）,116.3480414972624,40.00034278136519,五道口,拼好饭,中午
老北京炙烤牛肋条饭·炙子烤肉（铁道边第9档店）,116.33400622403472,39.986785255860944,五道口,拼好饭,中午
粤公主港式烧腊（电子大厦店）,116.30573521518878,39.9788951866402,五道口,拼好饭,中午
汉堡王（五道口餐厅19195店）,116.32783369950502,39.991204744642985,五道口,拼好饭,中午
袁记云饺(知春路店),116.33211205145032,39.97454430805932,五道口,拼好饭,中午
紫燕百味鸡（卤味·套餐饭·拌菜·中关村南路店）,116.3130769495371,39.97972649413026,五道口,拼好饭,中午
牛约堡-手作牛肉汉堡（五道口店）,116.32773898404224,39.98278627502358,五道口,拼好饭,中午
喜赞·暖轻食·健康餐（大恒美食城第一档口店）,116.31045716163752,39.98480321887217,五道口,拼好饭,中午
田老师红烧肉（中关村物美店）,116.31118192168124,39.98186298059522,五道口,拼好饭,中午
汉堡王（五道口餐厅19195店）,116.32783369950502,39.991204744642985,五道口,拼好饭,中午
桃园煲仔饭（五道口店）,116.32761176886169,39.98678735313112,五道口,拼好饭,中午
沙县小吃（第2风味+北京洪火火餐饮管理有限公司）,116.3059351229033,39.97622093072224,五道口,拼好饭,中午
汉堡王（五道口餐厅19195店）,116.32783369950502,39.991204744642985,五道口,拼好饭,中午
东北饺子馆（五道口店）,116.3284988156445,39.98614768581907,五道口,拼好饭,中午
袁记云饺(知春路店),116.33211205145032,39.97454430805932,五道口,拼好饭,中午
LINLEE林里·手打柠檬茶（BOM嘻番里店）,116.3480414972624,40.00034278136519,五道口,拼好饭,中午
老北京炙烤牛肋条饭·炙子烤肉（铁道边第9档店）,116.33400622403472,39.986785255860944,五道口,拼好饭,中午
粤公主港式烧腊（电子大厦店）,116.30573521518878,39.9788951866402,五道口,拼好饭,中午
汉堡王（五道口餐厅19195店）,116.32783369950502,39.991204744642985,五道口,拼好饭,中午
袁记云饺(知春路店),116.33211205145032,39.97454430805932,五道口,拼好饭,中午
紫燕百味鸡（卤味·套餐饭·拌菜·中关村南路店）,116.3130769495371,39.97972649413026,五道口,拼好饭,中午
牛约堡-手作牛肉汉堡（五道口店）,116.32773898404224,39.98278627502358,五道口,拼好饭,中午
喜赞·暖轻食·健康餐（大恒美食城第一档口店）,116.31045716163752,39.98480321887217,五道口,拼好饭,中午
鸡柳大人（紫金数码园店）,116.33056224254037,39.97714413102268,五道口,拼好饭,宵夜
驴火先生·新中式汉堡（第2档口-吉祥美食城店）,116.32155511477092,39.98360311508322,五道口,拼好饭,宵夜
华莱士全鸡汉堡(五道口店),116.32782624855498,39.98700893404656,五道口,拼好饭,宵夜
食夫指·手撕烤鸭（学清路店）,116.34471211473446,40.009437002676094,五道口,拼好饭,宵夜
驴火先生·新中式汉堡（第2档口-吉祥美食城店）,116.32155511477092,39.98360311508322,五道口,拼好饭,宵夜
曼玲粥(五道口店·包子·馅饼·油条),116.32788118198523,39.98653984854911,五道口,拼好饭,宵夜
蜜雪冰城（五道口华清嘉园店）,116.3286687900255,39.9911651525014,五道口,拼好饭,宵夜
华莱士全鸡汉堡(五道口店),116.32782624855498,39.98700893404656,五道口,拼好饭,宵夜
MAX Passion分子果汁（知春路店）,116.3967606848513,39.93463081232248,五道口,拼好饭,宵夜
山西刀削面（中关村店）,116.3125226653172,39.97599469364965,五道口,拼好饭,宵夜
肴可及脆皮鸡烤肉饭（第13档口-吉祥美食城店),116.32175167210744,39.98352474010331,五道口,拼好饭,宵夜
曼玲粥(五道口店·包子·馅饼·油条),116.32788118198523,39.98653984854911,五道口,拼好饭,宵夜
食夫指·手撕烤鸭（学清路店）,116.34471211473446,40.009437002676094,五道口,拼好饭,宵夜
华莱士全鸡汉堡(五道口店),116.32782624855498,39.98700893404656,五道口,拼好饭,宵夜
正新鸡排(知春路店),116.33644940193508,39.97393325030196,五道口,拼好饭,宵夜
螺蛳粉先生（中关村店）,116.32147372343576,39.98027340804463,五道口,拼好饭,宵夜
蜜雪冰城（五道口华清嘉园店）,116.3286687900255,39.9911651525014,五道口,拼好饭,宵夜
冒仟味成都火锅冒菜·麻辣烫（第3档口菜大妈美食城店）,116.31971456121413,39.97400804536434,五道口,拼好饭,宵夜
鸡柳大人（紫金数码园店）,116.33056224254037,39.97714413102268,五道口,拼好饭,宵夜
驴火先生·新中式汉堡（第2档口-吉祥美食城店）,116.32155511477092,39.98360311508322,五道口,拼好饭,宵夜
华莱士全鸡汉堡(五道口店),116.32782624855498,39.98700893404656,五道口,拼好饭,宵夜
食夫指·手撕烤鸭（学清路店）,116.34471211473446,40.009437002676094,五道口,拼好饭,宵夜
驴火先生·新中式汉堡（第2档口-吉祥美食城店）,116.32155511477092,39.98360311508322,五道口,拼好饭,宵夜
曼玲粥(五道口店·包子·馅饼·油条),116.32788118198523,39.98653984854911,五道口,拼好饭,宵夜
蜜雪冰城（五道口华清嘉园店）,116.3286687900255,39.9911651525014,五道口,拼好饭,宵夜
华莱士全鸡汉堡(五道口店),116.32782624855498,39.98700893404656,五道口,拼好饭,宵夜
MAX Passion分子果汁（知春路店）,116.3967606848513,39.93463081232248,五道口,拼好饭,宵夜
山西刀削面（中关村店）,116.3125226653172,39.97599469364965,五道口,拼好饭,宵夜
肴可及脆皮鸡烤肉饭（第13档口-吉祥美食城店),116.32175167210744,39.98352474010331,五道口,拼好饭,宵夜
曼玲粥(五道口店·包子·馅饼·油条),116.32788118198523,39.98653984854911,五道口,拼好饭,宵夜
食夫指·手撕烤鸭（学清路店）,116.34471211473446,40.009437002676094,五道口,拼好饭,宵夜
华莱士全鸡汉堡(五道口店),116.32782624855498,39.98700893404656,五道口,拼好饭,宵夜
正新鸡排(知春路店),116.33644940193508,39.97393325030196,五道口,拼好饭,宵夜
螺蛳粉先生（中关村店）,116.32147372343576,39.98027340804463,五道口,拼好饭,宵夜
蜜雪冰城（五道口华清嘉园店）,116.3286687900255,39.9911651525014,五道口,拼好饭,宵夜
冒仟味成都火锅冒菜·麻辣烫（第3档口菜大妈美食城店）,116.31971456121413,39.97400804536434,五道口,拼好饭,宵夜
鸡柳大人（紫金数码园店）,116.33056224254037,39.97714413102268,五道口,拼好饭,宵夜
驴火先生·新中式汉堡（第2档口-吉祥美食城店）,116.32155511477092,39.98360311508322,五道口,拼好饭,宵夜
华莱士全鸡汉堡(五道口店),116.32782624855498,39.98700893404656,五道口,拼好饭,宵夜
食夫指·手撕烤鸭（学清路店）,116.34471211473446,40.009437002676094,五道口,拼好饭,宵夜
驴火先生·新中式汉堡（第2档口-吉祥美食城店）,116.32155511477092,39.98360311508322,五道口,拼好饭,宵夜
曼玲粥(五道口店·包子·馅饼·油条),116.32788118198523,39.98653984854911,五道口,拼好饭,宵夜
蜜雪冰城（五道口华清嘉园店）,116.3286687900255,39.9911651525014,五道口,拼好饭,宵夜
华莱士全鸡汉堡(五道口店),116.32782624855498,39.98700893404656,五道口,拼好饭,宵夜
MAX Passion分子果汁（知春路店）,116.3967606848513,39.93463081232248,五道口,拼好饭,宵夜
山西刀削面（中关村店）,116.3125226653172,39.97599469364965,五道口,拼好饭,宵夜
肴可及脆皮鸡烤肉饭（第13档口-吉祥美食城店),116.32175167210744,39.98352474010331,五道口,拼好饭,宵夜
曼玲粥(五道口店·包子·馅饼·油条),116.32788118198523,39.98653984854911,五道口,拼好饭,宵夜
食夫指·手撕烤鸭（学清路店）,116.34471211473446,40.009437002676094,五道口,拼好饭,宵夜
华莱士全鸡汉堡(五道口店),116.32782624855498,39.98700893404656,五道口,拼好饭,宵夜
正新鸡排(知春路店),116.33644940193508,39.97393325030196,五道口,拼好饭,宵夜
螺蛳粉先生（中关村店）,116.32147372343576,39.98027340804463,五道口,拼好饭,宵夜
蜜雪冰城（五道口华清嘉园店）,116.3286687900255,39.9911651525014,五道口,拼好饭,宵夜
冒仟味成都火锅冒菜·麻辣烫（第3档口菜大妈美食城店）,116.31971456121413,39.97400804536434,五道口,拼好饭,宵夜
鸡柳大人（紫金数码园店）,116.33056224254037,39.97714413102268,五道口,拼好饭,宵夜
驴火先生·新中式汉堡（第2档口-吉祥美食城店）,116.32155511477092,39.98360311508322,五道口,拼好饭,宵夜
华莱士全鸡汉堡(五道口店),116.32782624855498,39.98700893404656,五道口,拼好饭,宵夜
食夫指·手撕烤鸭（学清路店）,116.34471211473446,40.009437002676094,五道口,拼好饭,宵夜
驴火先生·新中式汉堡（第2档口-吉祥美食城店）,116.32155511477092,39.98360311508322,五道口,拼好饭,宵夜
曼玲粥(五道口店·包子·馅饼·油条),116.32788118198523,39.98653984854911,五道口,拼好饭,宵夜
蜜雪冰城（五道口华清嘉园店）,116.3286687900255,39.9911651525014,五道口,拼好饭,宵夜
华莱士全鸡汉堡(五道口店),116.32782624855498,39.98700893404656,五道口,拼好饭,宵夜
MAX Passion分子果汁（知春路店）,116.3967606848513,39.93463081232248,五道口,拼好饭,宵夜
山西刀削面（中关村店）,116.3125226653172,39.97599469364965,五道口,拼好饭,宵夜
肴可及脆皮鸡烤肉饭（第13档口-吉祥美食城店),116.32175167210744,39.98352474010331,五道口,拼好饭,宵夜
曼玲粥(五道口店·包子·馅饼·油条),116.32788118198523,39.98653984854911,五道口,拼好饭,宵夜
食夫指·手撕烤鸭（学清路店）,116.34471211473446,40.009437002676094,五道口,拼好饭,宵夜
华莱士全鸡汉堡(五道口店),116.32782624855498,39.98700893404656,五道口,拼好饭,宵夜
正新鸡排(知春路店),116.33644940193508,39.97393325030196,五道口,拼好饭,宵夜
螺蛳粉先生（中关村店）,116.32147372343576,39.98027340804463,五道口,拼好饭,宵夜
蜜雪冰城（五道口华清嘉园店）,116.3286687900255,39.9911651525014,五道口,拼好饭,宵夜
冒仟味成都火锅冒菜·麻辣烫（第3档口菜大妈美食城店）,116.31971456121413,39.97400804536434,五道口,拼好饭,宵夜
鸡柳大人（紫金数码园店）,116.33056224254037,39.97714413102268,五道口,拼好饭,宵夜
驴火先生·新中式汉堡（第2档口-吉祥美食城店）,116.32155511477092,39.98360311508322,五道口,拼好饭,宵夜
华莱士全鸡汉堡(五道口店),116.32782624855498,39.98700893404656,五道口,拼好饭,宵夜
食夫指·手撕烤鸭（学清路店）,116.34471211473446,40.009437002676094,五道口,拼好饭,宵夜
驴火先生·新中式汉堡（第2档口-吉祥美食城店）,116.32155511477092,39.98360311508322,五道口,拼好饭,宵夜
曼玲粥(五道口店·包子·馅饼·油条),116.32788118198523,39.98653984854911,五道口,拼好饭,宵夜
蜜雪冰城（五道口华清嘉园店）,116.3286687900255,39.9911651525014,五道口,拼好饭,宵夜
华莱士全鸡汉堡(五道口店),116.32782624855498,39.98700893404656,五道口,拼好饭,宵夜
MAX Passion分子果汁（知春路店）,116.3967606848513,39.93463081232248,五道口,拼好饭,宵夜
山西刀削面（中关村店）,116.3125226653172,39.97599469364965,五道口,拼好饭,宵夜
肴可及脆皮鸡烤肉饭（第13档口-吉祥美食城店),116.32175167210744,39.98352474010331,五道口,拼好饭,宵夜
曼玲粥(五道口店·包子·馅饼·油条),116.32788118198523,39.98653984854911,五道口,拼好饭,宵夜
食夫指·手撕烤鸭（学清路店）,116.34471211473446,40.009437002676094,五道口,拼好饭,宵夜
华莱士全鸡汉堡(五道口店),116.32782624855498,39.98700893404656,五道口,拼好饭,宵夜
正新鸡排(知春路店),116.33644940193508,39.97393325030196,五道口,拼好饭,宵夜
螺蛳粉先生（中关村店）,116.32147372343576,39.98027340804463,五道口,拼好饭,宵夜
蜜雪冰城（五道口华清嘉园店）,116.3286687900255,39.9911651525014,五道口,拼好饭,宵夜
冒仟味成都火锅冒菜·麻辣烫（第3档口菜大妈美食城店）,116.31971456121413,39.97400804536434,五道口,拼好饭,宵夜
鸡柳大人（紫金数码园店）,116.33056224254037,39.97714413102268,五道口,拼好饭,宵夜
驴火先生·新中式汉堡（第2档口-吉祥美食城店）,116.32155511477092,39.98360311508322,五道口,拼好饭,宵夜
华莱士全鸡汉堡(五道口店),116.32782624855498,39.98700893404656,五道口,拼好饭,宵夜
食夫指·手撕烤鸭（学清路店）,116.34471211473446,40.009437002676094,五道口,拼好饭,宵夜
驴火先生·新中式汉堡（第2档口-吉祥美食城店）,116.32155511477092,39.98360311508322,五道口,拼好饭,宵夜
曼玲粥(五道口店·包子·馅饼·油条),116.32788118198523,39.98653984854911,五道口,拼好饭,宵夜
蜜雪冰城（五道口华清嘉园店）,116.3286687900255,39.9911651525014,五道口,拼好饭,宵夜
华莱士全鸡汉堡(五道口店),116.32782624855498,39.98700893404656,五道口,拼好饭,宵夜
MAX Passion分子果汁（知春路店）,116.3967606848513,39.93463081232248,五道口,拼好饭,宵夜
山西刀削面（中关村店）,116.3125226653172,39.97599469364965,五道口,拼好饭,宵夜
肴可及脆皮鸡烤肉饭（第13档口-吉祥美食城店),116.32175167210744,39.98352474010331,五道口,拼好饭,宵夜
曼玲粥(五道口店·包子·馅饼·油条),116.32788118198523,39.98653984854911,五道口,拼好饭,宵夜
食夫指·手撕烤鸭（学清路店）,116.34471211473446,40.009437002676094,五道口,拼好饭,宵夜
华莱士全鸡汉堡(五道口店),116.32782624855498,39.98700893404656,五道口,拼好饭,宵夜
正新鸡排(知春路店),116.33644940193508,39.97393325030196,五道口,拼好饭,宵夜
螺蛳粉先生（中关村店）,116.32147372343576,39.98027340804463,五道口,拼好饭,宵夜
蜜雪冰城（五道口华清嘉园店）,116.3286687900255,39.9911651525014,五道口,拼好饭,宵夜
冒仟味成都火锅冒菜·麻辣烫（第3档口菜大妈美食城店）,116.31971456121413,39.97400804536434,五道口,拼好饭,宵夜
鸡柳大人（紫金数码园店）,116.33056224254037,39.97714413102268,五道口,拼好饭,宵夜
驴火先生·新中式汉堡（第2档口-吉祥美食城店）,116.32155511477092,39.98360311508322,五道口,拼好饭,宵夜
华莱士全鸡汉堡(五道口店),116.32782624855498,39.98700893404656,五道口,拼好饭,宵夜
食夫指·手撕烤鸭（学清路店）,116.34471211473446,40.009437002676094,五道口,拼好饭,宵夜
驴火先生·新中式汉堡（第2档口-吉祥美食城店）,116.32155511477092,39.98360311508322,五道口,拼好饭,宵夜
曼玲粥(五道口店·包子·馅饼·油条),116.32788118198523,39.98653984854911,五道口,拼好饭,宵夜
蜜雪冰城（五道口华清嘉园店）,116.3286687900255,39.9911651525014,五道口,拼好饭,宵夜
华莱士全鸡汉堡(五道口店),116.32782624855498,39.98700893404656,五道口,拼好饭,宵夜
MAX Passion分子果汁（知春路店）,116.3967606848513,39.93463081232248,五道口,拼好饭,宵夜
山西刀削面（中关村店）,116.3125226653172,39.97599469364965,五道口,拼好饭,宵夜
肴可及脆皮鸡烤肉饭（第13档口-吉祥美食城店),116.32175167210744,39.98352474010331,五道口,拼好饭,宵夜
曼玲粥(五道口店·包子·馅饼·油条),116.32788118198523,39.98653984854911,五道口,拼好饭,宵夜
食夫指·手撕烤鸭（学清路店）,116.34471211473446,40.009437002676094,五道口,拼好饭,宵夜
华莱士全鸡汉堡(五道口店),116.32782624855498,39.98700893404656,五道口,拼好饭,宵夜
正新鸡排(知春路店),116.33644940193508,39.97393325030196,五道口,拼好饭,宵夜
螺蛳粉先生（中关村店）,116.32147372343576,39.98027340804463,五道口,拼好饭,宵夜
蜜雪冰城（五道口华清嘉园店）,116.3286687900255,39.9911651525014,五道口,拼好饭,宵夜
冒仟味成都火锅冒菜·麻辣烫（第3档口菜大妈美食城店）,116.31971456121413,39.97400804536434,五道口,拼好饭,宵夜
鸡柳大人（紫金数码园店）,116.33056224254037,39.97714413102268,五道口,拼好饭,宵夜
驴火先生·新中式汉堡（第2档口-吉祥美食城店）,116.32155511477092,39.98360311508322,五道口,拼好饭,宵夜
华莱士全鸡汉堡(五道口店),116.32782624855498,39.98700893404656,五道口,拼好饭,宵夜
食夫指·手撕烤鸭（学清路店）,116.34471211473446,40.009437002676094,五道口,拼好饭,宵夜
驴火先生·新中式汉堡（第2档口-吉祥美食城店）,116.32155511477092,39.98360311508322,五道口,拼好饭,宵夜
曼玲粥(五道口店·包子·馅饼·油条),116.32788118198523,39.98653984854911,五道口,拼好饭,宵夜
蜜雪冰城（五道口华清嘉园店）,116.3286687900255,39.9911651525014,五道口,拼好饭,宵夜
华莱士全鸡汉堡(五道口店),116.32782624855498,39.98700893404656,五道口,拼好饭,宵夜
MAX Passion分子果汁（知春路店）,116.3967606848513,39.93463081232248,五道口,拼好饭,宵夜
山西刀削面（中关村店）,116.3125226653172,39.97599469364965,五道口,拼好饭,宵夜
肴可及脆皮鸡烤肉饭（第13档口-吉祥美食城店),116.32175167210744,39.98352474010331,五道口,拼好饭,宵夜
曼玲粥(五道口店·包子·馅饼·油条),116.32788118198523,39.98653984854911,五道口,拼好饭,宵夜
食夫指·手撕烤鸭（学清路店）,116.34471211473446,40.009437002676094,五道口,拼好饭,宵夜
华莱士全鸡汉堡(五道口店),116.32782624855498,39.98700893404656,五道口,拼好饭,宵夜
正新鸡排(知春路店),116.33644940193508,39.97393325030196,五道口,拼好饭,宵夜
螺蛳粉先生（中关村店）,116.32147372343576,39.98027340804463,五道口,拼好饭,宵夜
蜜雪冰城（五道口华清嘉园店）,116.3286687900255,39.9911651525014,五道口,拼好饭,宵夜
冒仟味成都火锅冒菜·麻辣烫（第3档口菜大妈美食城店）,116.31971456121413,39.97400804536434,五道口,拼好饭,宵夜
鸡柳大人（紫金数码园店）,116.33056224254037,39.97714413102268,五道口,拼好饭,宵夜
驴火先生·新中式汉堡（第2档口-吉祥美食城店）,116.32155511477092,39.98360311508322,五道口,拼好饭,宵夜
华莱士全鸡汉堡(五道口店),116.32782624855498,39.98700893404656,五道口,拼好饭,宵夜
食夫指·手撕烤鸭（学清路店）,116.34471211473446,40.009437002676094,五道口,拼好饭,宵夜
驴火先生·新中式汉堡（第2档口-吉祥美食城店）,116.32155511477092,39.98360311508322,五道口,拼好饭,宵夜
曼玲粥(五道口店·包子·馅饼·油条),116.32788118198523,39.98653984854911,五道口,拼好饭,宵夜
蜜雪冰城（五道口华清嘉园店）,116.3286687900255,39.9911651525014,五道口,拼好饭,宵夜
华莱士全鸡汉堡(五道口店),116.32782624855498,39.98700893404656,五道口,拼好饭,宵夜
MAX Passion分子果汁（知春路店）,116.3967606848513,39.93463081232248,五道口,拼好饭,宵夜
山西刀削面（中关村店）,116.3125226653172,39.97599469364965,五道口,拼好饭,宵夜
肴可及脆皮鸡烤肉饭（第13档口-吉祥美食城店),116.32175167210744,39.98352474010331,五道口,拼好饭,宵夜
曼玲粥(五道口店·包子·馅饼·油条),116.32788118198523,39.98653984854911,五道口,拼好饭,宵夜
食夫指·手撕烤鸭（学清路店）,116.34471211473446,40.009437002676094,五道口,拼好饭,宵夜
华莱士全鸡汉堡(五道口店),116.32782624855498,39.98700893404656,五道口,拼好饭,宵夜
正新鸡排(知春路店),116.33644940193508,39.97393325030196,五道口,拼好饭,宵夜
螺蛳粉先生（中关村店）,116.32147372343576,39.98027340804463,五道口,拼好饭,宵夜
蜜雪冰城（五道口华清嘉园店）,116.3286687900255,39.9911651525014,五道口,拼好饭,宵夜
冒仟味成都火锅冒菜·麻辣烫（第3档口菜大妈美食城店）,116.31971456121413,39.97400804536434,五道口,拼好饭,宵夜
鸡柳大人（紫金数码园店）,116.33056224254037,39.97714413102268,五道口,拼好饭,宵夜
驴火先生·新中式汉堡（第2档口-吉祥美食城店）,116.32155511477092,39.98360311508322,五道口,拼好饭,宵夜
华莱士全鸡汉堡(五道口店),116.32782624855498,39.98700893404656,五道口,拼好饭,宵夜
食夫指·手撕烤鸭（学清路店）,116.34471211473446,40.009437002676094,五道口,拼好饭,宵夜
驴火先生·新中式汉堡（第2档口-吉祥美食城店）,116.32155511477092,39.98360311508322,五道口,拼好饭,宵夜
曼玲粥(五道口店·包子·馅饼·油条),116.32788118198523,39.98653984854911,五道口,拼好饭,宵夜
蜜雪冰城（五道口华清嘉园店）,116.3286687900255,39.9911651525014,五道口,拼好饭,宵夜
华莱士全鸡汉堡(五道口店),116.32782624855498,39.98700893404656,五道口,拼好饭,宵夜
MAX Passion分子果汁（知春路店）,116.3967606848513,39.93463081232248,五道口,拼好饭,宵夜
山西刀削面（中关村店）,116.3125226653172,39.97599469364965,五道口,拼好饭,宵夜
肴可及脆皮鸡烤肉饭（第13档口-吉祥美食城店),116.32175167210744,39.98352474010331,五道口,拼好饭,宵夜
曼玲粥(五道口店·包子·馅饼·油条),116.32788118198523,39.98653984854911,五道口,拼好饭,宵夜
食夫指·手撕烤鸭（学清路店）,116.34471211473446,40.009437002676094,五道口,拼好饭,宵夜
华莱士全鸡汉堡(五道口店),116.32782624855498,39.98700893404656,五道口,拼好饭,宵夜
正新鸡排(知春路店),116.33644940193508,39.97393325030196,五道口,拼好饭,宵夜
螺蛳粉先生（中关村店）,116.32147372343576,39.98027340804463,五道口,拼好饭,宵夜
蜜雪冰城（五道口华清嘉园店）,116.3286687900255,39.9911651525014,五道口,拼好饭,宵夜
冒仟味成都火锅冒菜·麻辣烫（第3档口菜大妈美食城店）,116.31971456121413,39.97400804536434,五道口,拼好饭,宵夜
香河肉饼鸡汤砂锅（第一档口物美美食城店）,116.32880450881576,39.967264868617846,五道口,拼好饭,晚餐
田老师红烧肉（中关村物美店）,116.31118192168124,39.98186298059522,五道口,拼好饭,晚餐
蜜雪冰城（五道口华清嘉园店）,116.3286687900255,39.9911651525014,五道口,拼好饭,晚餐
张亮麻辣烫·麻辣拌（知春路店）,116.30065138845777,39.96681075323707,五道口,拼好饭,晚餐
华莱士·全鸡汉堡（知春路店）,116.33622485695317,39.97427265030606,五道口,拼好饭,晚餐
湘遇臭豆腐•卷凉皮•烤冷面(利康金桥美食城第7档口),116.32768061478892,39.98675622282748,五道口,拼好饭,晚餐
张亮麻辣烫·麻辣拌（知春里店）,116.32153165283653,39.97977731680941,五道口,拼好饭,晚餐
蜜雪冰城（第1档口·五道口美食城店）,116.32990988985492,39.991653770263184,五道口,拼好饭,晚餐
辣味道拉条子·剁椒鸡（第二风味北京富老八餐饮有限公司）,116.31109261763136,39.985848984349694,五道口,拼好饭,晚餐
李先生牛肉面（北京五道口店）,116.3302780323098,39.991792065702825,五道口,拼好饭,晚餐
云香缘云南过桥米线(第2档口-富市康民美食城店）,116.33330604134258,39.96912228299691,五道口,拼好饭,晚餐
曼玲粥(五道口店·包子·馅饼·油条),116.32788118198523,39.98653984854911,五道口,拼好饭,晚餐
半亩良田（排骨米饭·五道口店）,116.32150223637356,39.98360421678091,五道口,拼好饭,晚餐
华莱士全鸡汉堡(五道口店),116.32782624855498,39.98700893404656,五道口,拼好饭,晚餐
食夫指·手撕烤鸭（学清路店）,116.34471211473446,40.009437002676094,五道口,拼好饭,晚餐
香河肉饼鸡汤砂锅（第一档口物美美食城店）,116.32880450881576,39.967264868617846,五道口,拼好饭,晚餐
田老师红烧肉（中关村物美店）,116.31118192168124,39.98186298059522,五道口,拼好饭,晚餐
蜜雪冰城（五道口华清嘉园店）,116.3286687900255,39.9911651525014,五道口,拼好饭,晚餐
张亮麻辣烫·麻辣拌（知春路店）,116.30065138845777,39.96681075323707,五道口,拼好饭,晚餐
华莱士·全鸡汉堡（知春路店）,116.33622485695317,39.97427265030606,五道口,拼好饭,晚餐
湘遇臭豆腐•卷凉皮•烤冷面(利康金桥美食城第7档口),116.32768061478892,39.98675622282748,五道口,拼好饭,晚餐
张亮麻辣烫·麻辣拌（知春里店）,116.32153165283653,39.97977731680941,五道口,拼好饭,晚餐
蜜雪冰城（第1档口·五道口美食城店）,116.32990988985492,39.991653770263184,五道口,拼好饭,晚餐
辣味道拉条子·剁椒鸡（第二风味北京富老八餐饮有限公司）,116.31109261763136,39.985848984349694,五道口,拼好饭,晚餐
李先生牛肉面（北京五道口店）,116.3302780323098,39.991792065702825,五道口,拼好饭,晚餐
云香缘云南过桥米线(第2档口-富市康民美食城店）,116.33330604134258,39.96912228299691,五道口,拼好饭,晚餐
曼玲粥(五道口店·包子·馅饼·油条),116.32788118198523,39.98653984854911,五道口,拼好饭,晚餐
半亩良田（排骨米饭·五道口店）,116.32150223637356,39.98360421678091,五道口,拼好饭,晚餐
华莱士全鸡汉堡(五道口店),116.32782624855498,39.98700893404656,五道口,拼好饭,晚餐
食夫指·手撕烤鸭（学清路店）,116.34471211473446,40.009437002676094,五道口,拼好饭,晚餐
香河肉饼鸡汤砂锅（第一档口物美美食城店）,116.32880450881576,39.967264868617846,五道口,拼好饭,晚餐
田老师红烧肉（中关村物美店）,116.31118192168124,39.98186298059522,五道口,拼好饭,晚餐
蜜雪冰城（五道口华清嘉园店）,116.3286687900255,39.9911651525014,五道口,拼好饭,晚餐
张亮麻辣烫·麻辣拌（知春路店）,116.30065138845777,39.96681075323707,五道口,拼好饭,晚餐
华莱士·全鸡汉堡（知春路店）,116.33622485695317,39.97427265030606,五道口,拼好饭,晚餐
湘遇臭豆腐•卷凉皮•烤冷面(利康金桥美食城第7档口),116.32768061478892,39.98675622282748,五道口,拼好饭,晚餐
张亮麻辣烫·麻辣拌（知春里店）,116.32153165283653,39.97977731680941,五道口,拼好饭,晚餐
蜜雪冰城（第1档口·五道口美食城店）,116.32990988985492,39.991653770263184,五道口,拼好饭,晚餐
辣味道拉条子·剁椒鸡（第二风味北京富老八餐饮有限公司）,116.31109261763136,39.985848984349694,五道口,拼好饭,晚餐
李先生牛肉面（北京五道口店）,116.3302780323098,39.991792065702825,五道口,拼好饭,晚餐
云香缘云南过桥米线(第2档口-富市康民美食城店）,116.33330604134258,39.96912228299691,五道口,拼好饭,晚餐
曼玲粥(五道口店·包子·馅饼·油条),116.32788118198523,39.98653984854911,五道口,拼好饭,晚餐
半亩良田（排骨米饭·五道口店）,116.32150223637356,39.98360421678091,五道口,拼好饭,晚餐
华莱士全鸡汉堡(五道口店),116.32782624855498,39.98700893404656,五道口,拼好饭,晚餐
食夫指·手撕烤鸭（学清路店）,116.34471211473446,40.009437002676094,五道口,拼好饭,晚餐
香河肉饼鸡汤砂锅（第一档口物美美食城店）,116.32880450881576,39.967264868617846,五道口,拼好饭,晚餐
田老师红烧肉（中关村物美店）,116.31118192168124,39.98186298059522,五道口,拼好饭,晚餐
蜜雪冰城（五道口华清嘉园店）,116.3286687900255,39.9911651525014,五道口,拼好饭,晚餐
张亮麻辣烫·麻辣拌（知春路店）,116.30065138845777,39.96681075323707,五道口,拼好饭,晚餐
华莱士·全鸡汉堡（知春路店）,116.33622485695317,39.97427265030606,五道口,拼好饭,晚餐
湘遇臭豆腐•卷凉皮•烤冷面(利康金桥美食城第7档口),116.32768061478892,39.98675622282748,五道口,拼好饭,晚餐
张亮麻辣烫·麻辣拌（知春里店）,116.32153165283653,39.97977731680941,五道口,拼好饭,晚餐
蜜雪冰城（第1档口·五道口美食城店）,116.32990988985492,39.991653770263184,五道口,拼好饭,晚餐
辣味道拉条子·剁椒鸡（第二风味北京富老八餐饮有限公司）,116.31109261763136,39.985848984349694,五道口,拼好饭,晚餐
李先生牛肉面（北京五道口店）,116.3302780323098,39.991792065702825,五道口,拼好饭,晚餐
云香缘云南过桥米线(第2档口-富市康民美食城店）,116.33330604134258,39.96912228299691,五道口,拼好饭,晚餐
曼玲粥(五道口店·包子·馅饼·油条),116.32788118198523,39.98653984854911,五道口,拼好饭,晚餐
半亩良田（排骨米饭·五道口店）,116.32150223637356,39.98360421678091,五道口,拼好饭,晚餐
华莱士全鸡汉堡(五道口店),116.32782624855498,39.98700893404656,五道口,拼好饭,晚餐
食夫指·手撕烤鸭（学清路店）,116.34471211473446,40.009437002676094,五道口,拼好饭,晚餐
香河肉饼鸡汤砂锅（第一档口物美美食城店）,116.32880450881576,39.967264868617846,五道口,拼好饭,晚餐
田老师红烧肉（中关村物美店）,116.31118192168124,39.98186298059522,五道口,拼好饭,晚餐
蜜雪冰城（五道口华清嘉园店）,116.3286687900255,39.9911651525014,五道口,拼好饭,晚餐
张亮麻辣烫·麻辣拌（知春路店）,116.30065138845777,39.96681075323707,五道口,拼好饭,晚餐
华莱士·全鸡汉堡（知春路店）,116.33622485695317,39.97427265030606,五道口,拼好饭,晚餐
湘遇臭豆腐•卷凉皮•烤冷面(利康金桥美食城第7档口),116.32768061478892,39.98675622282748,五道口,拼好饭,晚餐
张亮麻辣烫·麻辣拌（知春里店）,116.32153165283653,39.97977731680941,五道口,拼好饭,晚餐
蜜雪冰城（第1档口·五道口美食城店）,116.32990988985492,39.991653770263184,五道口,拼好饭,晚餐
辣味道拉条子·剁椒鸡（第二风味北京富老八餐饮有限公司）,116.31109261763136,39.985848984349694,五道口,拼好饭,晚餐
李先生牛肉面（北京五道口店）,116.3302780323098,39.991792065702825,五道口,拼好饭,晚餐
云香缘云南过桥米线(第2档口-富市康民美食城店）,116.33330604134258,39.96912228299691,五道口,拼好饭,晚餐
曼玲粥(五道口店·包子·馅饼·油条),116.32788118198523,39.98653984854911,五道口,拼好饭,晚餐
半亩良田（排骨米饭·五道口店）,116.32150223637356,39.98360421678091,五道口,拼好饭,晚餐
华莱士全鸡汉堡(五道口店),116.32782624855498,39.98700893404656,五道口,拼好饭,晚餐
食夫指·手撕烤鸭（学清路店）,116.34471211473446,40.009437002676094,五道口,拼好饭,晚餐
香河肉饼鸡汤砂锅（第一档口物美美食城店）,116.32880450881576,39.967264868617846,五道口,拼好饭,晚餐
田老师红烧肉（中关村物美店）,116.31118192168124,39.98186298059522,五道口,拼好饭,晚餐
蜜雪冰城（五道口华清嘉园店）,116.3286687900255,39.9911651525014,五道口,拼好饭,晚餐
张亮麻辣烫·麻辣拌（知春路店）,116.30065138845777,39.96681075323707,五道口,拼好饭,晚餐
华莱士·全鸡汉堡（知春路店）,116.33622485695317,39.97427265030606,五道口,拼好饭,晚餐
湘遇臭豆腐•卷凉皮•烤冷面(利康金桥美食城第7档口),116.32768061478892,39.98675622282748,五道口,拼好饭,晚餐
张亮麻辣烫·麻辣拌（知春里店）,116.32153165283653,39.97977731680941,五道口,拼好饭,晚餐
蜜雪冰城（第1档口·五道口美食城店）,116.32990988985492,39.991653770263184,五道口,拼好饭,晚餐
辣味道拉条子·剁椒鸡（第二风味北京富老八餐饮有限公司）,116.31109261763136,39.985848984349694,五道口,拼好饭,晚餐
李先生牛肉面（北京五道口店）,116.3302780323098,39.991792065702825,五道口,拼好饭,晚餐
云香缘云南过桥米线(第2档口-富市康民美食城店）,116.33330604134258,39.96912228299691,五道口,拼好饭,晚餐
曼玲粥(五道口店·包子·馅饼·油条),116.32788118198523,39.98653984854911,五道口,拼好饭,晚餐
半亩良田（排骨米饭·五道口店）,116.32150223637356,39.98360421678091,五道口,拼好饭,晚餐
华莱士全鸡汉堡(五道口店),116.32782624855498,39.98700893404656,五道口,拼好饭,晚餐
食夫指·手撕烤鸭（学清路店）,116.34471211473446,40.009437002676094,五道口,拼好饭,晚餐
香河肉饼鸡汤砂锅（第一档口物美美食城店）,116.32880450881576,39.967264868617846,五道口,拼好饭,晚餐
田老师红烧肉（中关村物美店）,116.31118192168124,39.98186298059522,五道口,拼好饭,晚餐
蜜雪冰城（五道口华清嘉园店）,116.3286687900255,39.9911651525014,五道口,拼好饭,晚餐
张亮麻辣烫·麻辣拌（知春路店）,116.30065138845777,39.96681075323707,五道口,拼好饭,晚餐
华莱士·全鸡汉堡（知春路店）,116.33622485695317,39.97427265030606,五道口,拼好饭,晚餐
湘遇臭豆腐•卷凉皮•烤冷面(利康金桥美食城第7档口),116.32768061478892,39.98675622282748,五道口,拼好饭,晚餐
张亮麻辣烫·麻辣拌（知春里店）,116.32153165283653,39.97977731680941,五道口,拼好饭,晚餐
蜜雪冰城（第1档口·五道口美食城店）,116.32990988985492,39.991653770263184,五道口,拼好饭,晚餐
辣味道拉条子·剁椒鸡（第二风味北京富老八餐饮有限公司）,116.31109261763136,39.985848984349694,五道口,拼好饭,晚餐
李先生牛肉面（北京五道口店）,116.3302780323098,39.991792065702825,五道口,拼好饭,晚餐
云香缘云南过桥米线(第2档口-富市康民美食城店）,116.33330604134258,39.96912228299691,五道口,拼好饭,晚餐
曼玲粥(五道口店·包子·馅饼·油条),116.32788118198523,39.98653984854911,五道口,拼好饭,晚餐
半亩良田（排骨米饭·五道口店）,116.32150223637356,39.98360421678091,五道口,拼好饭,晚餐
华莱士全鸡汉堡(五道口店),116.32782624855498,39.98700893404656,五道口,拼好饭,晚餐
食夫指·手撕烤鸭（学清路店）,116.34471211473446,40.009437002676094,五道口,拼好饭,晚餐
香河肉饼鸡汤砂锅（第一档口物美美食城店）,116.32880450881576,39.967264868617846,五道口,拼好饭,晚餐
田老师红烧肉（中关村物美店）,116.31118192168124,39.98186298059522,五道口,拼好饭,晚餐
蜜雪冰城（五道口华清嘉园店）,116.3286687900255,39.9911651525014,五道口,拼好饭,晚餐
张亮麻辣烫·麻辣拌（知春路店）,116.30065138845777,39.96681075323707,五道口,拼好饭,晚餐
华莱士·全鸡汉堡（知春路店）,116.33622485695317,39.97427265030606,五道口,拼好饭,晚餐
湘遇臭豆腐•卷凉皮•烤冷面(利康金桥美食城第7档口),116.32768061478892,39.98675622282748,五道口,拼好饭,晚餐
张亮麻辣烫·麻辣拌（知春里店）,116.32153165283653,39.97977731680941,五道口,拼好饭,晚餐
蜜雪冰城（第1档口·五道口美食城店）,116.32990988985492,39.991653770263184,五道口,拼好饭,晚餐
辣味道拉条子·剁椒鸡（第二风味北京富老八餐饮有限公司）,116.31109261763136,39.985848984349694,五道口,拼好饭,晚餐
李先生牛肉面（北京五道口店）,116.3302780323098,39.991792065702825,五道口,拼好饭,晚餐
云香缘云南过桥米线(第2档口-富市康民美食城店）,116.33330604134258,39.96912228299691,五道口,拼好饭,晚餐
曼玲粥(五道口店·包子·馅饼·油条),116.32788118198523,39.98653984854911,五道口,拼好饭,晚餐
半亩良田（排骨米饭·五道口店）,116.32150223637356,39.98360421678091,五道口,拼好饭,晚餐
华莱士全鸡汉堡(五道口店),116.32782624855498,39.98700893404656,五道口,拼好饭,晚餐
食夫指·手撕烤鸭（学清路店）,116.34471211473446,40.009437002676094,五道口,拼好饭,晚餐
香河肉饼鸡汤砂锅（第一档口物美美食城店）,116.32880450881576,39.967264868617846,五道口,拼好饭,晚餐
田老师红烧肉（中关村物美店）,116.31118192168124,39.98186298059522,五道口,拼好饭,晚餐
蜜雪冰城（五道口华清嘉园店）,116.3286687900255,39.9911651525014,五道口,拼好饭,晚餐
张亮麻辣烫·麻辣拌（知春路店）,116.30065138845777,39.96681075323707,五道口,拼好饭,晚餐
华莱士·全鸡汉堡（知春路店）,116.33622485695317,39.97427265030606,五道口,拼好饭,晚餐
湘遇臭豆腐•卷凉皮•烤冷面(利康金桥美食城第7档口),116.32768061478892,39.98675622282748,五道口,拼好饭,晚餐
张亮麻辣烫·麻辣拌（知春里店）,116.32153165283653,39.97977731680941,五道口,拼好饭,晚餐
蜜雪冰城（第1档口·五道口美食城店）,116.32990988985492,39.991653770263184,五道口,拼好饭,晚餐
辣味道拉条子·剁椒鸡（第二风味北京富老八餐饮有限公司）,116.31109261763136,39.985848984349694,五道口,拼好饭,晚餐
李先生牛肉面（北京五道口店）,116.3302780323098,39.991792065702825,五道口,拼好饭,晚餐
云香缘云南过桥米线(第2档口-富市康民美食城店）,116.33330604134258,39.96912228299691,五道口,拼好饭,晚餐
曼玲粥(五道口店·包子·馅饼·油条),116.32788118198523,39.98653984854911,五道口,拼好饭,晚餐
半亩良田（排骨米饭·五道口店）,116.32150223637356,39.98360421678091,五道口,拼好饭,晚餐
华莱士全鸡汉堡(五道口店),116.32782624855498,39.98700893404656,五道口,拼好饭,晚餐
食夫指·手撕烤鸭（学清路店）,116.34471211473446,40.009437002676094,五道口,拼好饭,晚餐
香河肉饼鸡汤砂锅（第一档口物美美食城店）,116.32880450881576,39.967264868617846,五道口,拼好饭,晚餐
田老师红烧肉（中关村物美店）,116.31118192168124,39.98186298059522,五道口,拼好饭,晚餐
蜜雪冰城（五道口华清嘉园店）,116.3286687900255,39.9911651525014,五道口,拼好饭,晚餐
张亮麻辣烫·麻辣拌（知春路店）,116.30065138845777,39.96681075323707,五道口,拼好饭,晚餐
华莱士·全鸡汉堡（知春路店）,116.33622485695317,39.97427265030606,五道口,拼好饭,晚餐
湘遇臭豆腐•卷凉皮•烤冷面(利康金桥美食城第7档口),116.32768061478892,39.98675622282748,五道口,拼好饭,晚餐
张亮麻辣烫·麻辣拌（知春里店）,116.32153165283653,39.97977731680941,五道口,拼好饭,晚餐
蜜雪冰城（第1档口·五道口美食城店）,116.32990988985492,39.991653770263184,五道口,拼好饭,晚餐
辣味道拉条子·剁椒鸡（第二风味北京富老八餐饮有限公司）,116.31109261763136,39.985848984349694,五道口,拼好饭,晚餐
李先生牛肉面（北京五道口店）,116.3302780323098,39.991792065702825,五道口,拼好饭,晚餐
云香缘云南过桥米线(第2档口-富市康民美食城店）,116.33330604134258,39.96912228299691,五道口,拼好饭,晚餐
曼玲粥(五道口店·包子·馅饼·油条),116.32788118198523,39.98653984854911,五道口,拼好饭,晚餐
半亩良田（排骨米饭·五道口店）,116.32150223637356,39.98360421678091,五道口,拼好饭,晚餐
华莱士全鸡汉堡(五道口店),116.32782624855498,39.98700893404656,五道口,拼好饭,晚餐
食夫指·手撕烤鸭（学清路店）,116.34471211473446,40.009437002676094,五道口,拼好饭,晚餐
香河肉饼鸡汤砂锅（第一档口物美美食城店）,116.32880450881576,39.967264868617846,五道口,拼好饭,晚餐
田老师红烧肉（中关村物美店）,116.31118192168124,39.98186298059522,五道口,拼好饭,晚餐
蜜雪冰城（五道口华清嘉园店）,116.3286687900255,39.9911651525014,五道口,拼好饭,晚餐
张亮麻辣烫·麻辣拌（知春路店）,116.30065138845777,39.96681075323707,五道口,拼好饭,晚餐
华莱士·全鸡汉堡（知春路店）,116.33622485695317,39.97427265030606,五道口,拼好饭,晚餐
湘遇臭豆腐•卷凉皮•烤冷面(利康金桥美食城第7档口),116.32768061478892,39.98675622282748,五道口,拼好饭,晚餐
张亮麻辣烫·麻辣拌（知春里店）,116.32153165283653,39.97977731680941,五道口,拼好饭,晚餐
蜜雪冰城（第1档口·五道口美食城店）,116.32990988985492,39.991653770263184,五道口,拼好饭,晚餐
辣味道拉条子·剁椒鸡（第二风味北京富老八餐饮有限公司）,116.31109261763136,39.985848984349694,五道口,拼好饭,晚餐
李先生牛肉面（北京五道口店）,116.3302780323098,39.991792065702825,五道口,拼好饭,晚餐
云香缘云南过桥米线(第2档口-富市康民美食城店）,116.33330604134258,39.96912228299691,五道口,拼好饭,晚餐
曼玲粥(五道口店·包子·馅饼·油条),116.32788118198523,39.98653984854911,五道口,拼好饭,晚餐
半亩良田（排骨米饭·五道口店）,116.32150223637356,39.98360421678091,五道口,拼好饭,晚餐
华莱士全鸡汉堡(五道口店),116.32782624855498,39.98700893404656,五道口,拼好饭,晚餐
食夫指·手撕烤鸭（学清路店）,116.34471211473446,40.009437002676094,五道口,拼好饭,晚餐
香河肉饼鸡汤砂锅（第一档口物美美食城店）,116.32880450881576,39.967264868617846,五道口,拼好饭,晚餐
田老师红烧肉（中关村物美店）,116.31118192168124,39.98186298059522,五道口,拼好饭,晚餐
蜜雪冰城（五道口华清嘉园店）,116.3286687900255,39.9911651525014,五道口,拼好饭,晚餐
张亮麻辣烫·麻辣拌（知春路店）,116.30065138845777,39.96681075323707,五道口,拼好饭,晚餐
华莱士·全鸡汉堡（知春路店）,116.33622485695317,39.97427265030606,五道口,拼好饭,晚餐
湘遇臭豆腐•卷凉皮•烤冷面(利康金桥美食城第7档口),116.32768061478892,39.98675622282748,五道口,拼好饭,晚餐
张亮麻辣烫·麻辣拌（知春里店）,116.32153165283653,39.97977731680941,五道口,拼好饭,晚餐
蜜雪冰城（第1档口·五道口美食城店）,116.32990988985492,39.991653770263184,五道口,拼好饭,晚餐
辣味道拉条子·剁椒鸡（第二风味北京富老八餐饮有限公司）,116.31109261763136,39.985848984349694,五道口,拼好饭,晚餐
李先生牛肉面（北京五道口店）,116.3302780323098,39.991792065702825,五道口,拼好饭,晚餐
云香缘云南过桥米线(第2档口-富市康民美食城店）,116.33330604134258,39.96912228299691,五道口,拼好饭,晚餐
曼玲粥(五道口店·包子·馅饼·油条),116.32788118198523,39.98653984854911,五道口,拼好饭,晚餐
半亩良田（排骨米饭·五道口店）,116.32150223637356,39.98360421678091,五道口,拼好饭,晚餐
华莱士全鸡汉堡(五道口店),116.32782624855498,39.98700893404656,五道口,拼好饭,晚餐
食夫指·手撕烤鸭（学清路店）,116.34471211473446,40.009437002676094,五道口,拼好饭,晚餐
香河肉饼鸡汤砂锅（第一档口物美美食城店）,116.32880450881576,39.967264868617846,五道口,拼好饭,晚餐
田老师红烧肉（中关村物美店）,116.31118192168124,39.98186298059522,五道口,拼好饭,晚餐
蜜雪冰城（五道口华清嘉园店）,116.3286687900255,39.9911651525014,五道口,拼好饭,晚餐
张亮麻辣烫·麻辣拌（知春路店）,116.30065138845777,39.96681075323707,五道口,拼好饭,晚餐
华莱士·全鸡汉堡（知春路店）,116.33622485695317,39.97427265030606,五道口,拼好饭,晚餐
湘遇臭豆腐•卷凉皮•烤冷面(利康金桥美食城第7档口),116.32768061478892,39.98675622282748,五道口,拼好饭,晚餐
张亮麻辣烫·麻辣拌（知春里店）,116.32153165283653,39.97977731680941,五道口,拼好饭,晚餐
蜜雪冰城（第1档口·五道口美食城店）,116.32990988985492,39.991653770263184,五道口,拼好饭,晚餐
辣味道拉条子·剁椒鸡（第二风味北京富老八餐饮有限公司）,116.31109261763136,39.985848984349694,五道口,拼好饭,晚餐
李先生牛肉面（北京五道口店）,116.3302780323098,39.991792065702825,五道口,拼好饭,晚餐
云香缘云南过桥米线(第2档口-富市康民美食城店）,116.33330604134258,39.96912228299691,五道口,拼好饭,晚餐
曼玲粥(五道口店·包子·馅饼·油条),116.32788118198523,39.98653984854911,五道口,拼好饭,晚餐
半亩良田（排骨米饭·五道口店）,116.32150223637356,39.98360421678091,五道口,拼好饭,晚餐
华莱士全鸡汉堡(五道口店),116.32782624855498,39.98700893404656,五道口,拼好饭,晚餐
食夫指·手撕烤鸭（学清路店）,116.34471211473446,40.009437002676094,五道口,拼好饭,晚餐
香河肉饼鸡汤砂锅（第一档口物美美食城店）,116.32880450881576,39.967264868617846,五道口,拼好饭,晚餐
田老师红烧肉（中关村物美店）,116.31118192168124,39.98186298059522,五道口,拼好饭,晚餐
蜜雪冰城（五道口华清嘉园店）,116.3286687900255,39.9911651525014,五道口,拼好饭,晚餐
张亮麻辣烫·麻辣拌（知春路店）,116.30065138845777,39.96681075323707,五道口,拼好饭,晚餐
华莱士·全鸡汉堡（知春路店）,116.33622485695317,39.97427265030606,五道口,拼好饭,晚餐
湘遇臭豆腐•卷凉皮•烤冷面(利康金桥美食城第7档口),116.32768061478892,39.98675622282748,五道口,拼好饭,晚餐
张亮麻辣烫·麻辣拌（知春里店）,116.32153165283653,39.97977731680941,五道口,拼好饭,晚餐
蜜雪冰城（第1档口·五道口美食城店）,116.32990988985492,39.991653770263184,五道口,拼好饭,晚餐
辣味道拉条子·剁椒鸡（第二风味北京富老八餐饮有限公司）,116.31109261763136,39.985848984349694,五道口,拼好饭,晚餐
李先生牛肉面（北京五道口店）,116.3302780323098,39.991792065702825,五道口,拼好饭,晚餐
云香缘云南过桥米线(第2档口-富市康民美食城店）,116.33330604134258,39.96912228299691,五道口,拼好饭,晚餐
曼玲粥(五道口店·包子·馅饼·油条),116.32788118198523,39.98653984854911,五道口,拼好饭,晚餐
半亩良田（排骨米饭·五道口店）,116.32150223637356,39.98360421678091,五道口,拼好饭,晚餐
华莱士全鸡汉堡(五道口店),116.32782624855498,39.98700893404656,五道口,拼好饭,晚餐
食夫指·手撕烤鸭（学清路店）,116.34471211473446,40.009437002676094,五道口,拼好饭,晚餐
香河肉饼鸡汤砂锅（第一档口物美美食城店）,116.32880450881576,39.967264868617846,五道口,拼好饭,晚餐
田老师红烧肉（中关村物美店）,116.31118192168124,39.98186298059522,五道口,拼好饭,晚餐
蜜雪冰城（五道口华清嘉园店）,116.3286687900255,39.9911651525014,五道口,拼好饭,晚餐
张亮麻辣烫·麻辣拌（知春路店）,116.30065138845777,39.96681075323707,五道口,拼好饭,晚餐
华莱士·全鸡汉堡（知春路店）,116.33622485695317,39.97427265030606,五道口,拼好饭,晚餐
湘遇臭豆腐•卷凉皮•烤冷面(利康金桥美食城第7档口),116.32768061478892,39.98675622282748,五道口,拼好饭,晚餐
张亮麻辣烫·麻辣拌（知春里店）,116.32153165283653,39.97977731680941,五道口,拼好饭,晚餐
蜜雪冰城（第1档口·五道口美食城店）,116.32990988985492,39.991653770263184,五道口,拼好饭,晚餐
辣味道拉条子·剁椒鸡（第二风味北京富老八餐饮有限公司）,116.31109261763136,39.985848984349694,五道口,拼好饭,晚餐
李先生牛肉面（北京五道口店）,116.3302780323098,39.991792065702825,五道口,拼好饭,晚餐
云香缘云南过桥米线(第2档口-富市康民美食城店）,116.33330604134258,39.96912228299691,五道口,拼好饭,晚餐
曼玲粥(五道口店·包子·馅饼·油条),116.32788118198523,39.98653984854911,五道口,拼好饭,晚餐
半亩良田（排骨米饭·五道口店）,116.32150223637356,39.98360421678091,五道口,拼好饭,晚餐
华莱士全鸡汉堡(五道口店),116.32782624855498,39.98700893404656,五道口,拼好饭,晚餐
食夫指·手撕烤鸭（学清路店）,116.34471211473446,40.009437002676094,五道口,拼好饭,晚餐
香河肉饼鸡汤砂锅（第一档口物美美食城店）,116.32880450881576,39.967264868617846,五道口,拼好饭,晚餐
田老师红烧肉（中关村物美店）,116.31118192168124,39.98186298059522,五道口,拼好饭,晚餐
蜜雪冰城（五道口华清嘉园店）,116.3286687900255,39.9911651525014,五道口,拼好饭,晚餐
张亮麻辣烫·麻辣拌（知春路店）,116.30065138845777,39.96681075323707,五道口,拼好饭,晚餐
华莱士·全鸡汉堡（知春路店）,116.33622485695317,39.97427265030606,五道口,拼好饭,晚餐
湘遇臭豆腐•卷凉皮•烤冷面(利康金桥美食城第7档口),116.32768061478892,39.98675622282748,五道口,拼好饭,晚餐
张亮麻辣烫·麻辣拌（知春里店）,116.32153165283653,39.97977731680941,五道口,拼好饭,晚餐
蜜雪冰城（第1档口·五道口美食城店）,116.32990988985492,39.991653770263184,五道口,拼好饭,晚餐
辣味道拉条子·剁椒鸡（第二风味北京富老八餐饮有限公司）,116.31109261763136,39.985848984349694,五道口,拼好饭,晚餐
李先生牛肉面（北京五道口店）,116.3302780323098,39.991792065702825,五道口,拼好饭,晚餐
云香缘云南过桥米线(第2档口-富市康民美食城店）,116.33330604134258,39.96912228299691,五道口,拼好饭,晚餐
曼玲粥(五道口店·包子·馅饼·油条),116.32788118198523,39.98653984854911,五道口,拼好饭,晚餐
半亩良田（排骨米饭·五道口店）,116.32150223637356,39.98360421678091,五道口,拼好饭,晚餐
华莱士全鸡汉堡(五道口店),116.32782624855498,39.98700893404656,五道口,拼好饭,晚餐
食夫指·手撕烤鸭（学清路店）,116.34471211473446,40.009437002676094,五道口,拼好饭,晚餐
香河肉饼鸡汤砂锅（第一档口物美美食城店）,116.32880450881576,39.967264868617846,五道口,拼好饭,晚餐
田老师红烧肉（中关村物美店）,116.31118192168124,39.98186298059522,五道口,拼好饭,晚餐
蜜雪冰城（五道口华清嘉园店）,116.3286687900255,39.9911651525014,五道口,拼好饭,晚餐
张亮麻辣烫·麻辣拌（知春路店）,116.30065138845777,39.96681075323707,五道口,拼好饭,晚餐
华莱士·全鸡汉堡（知春路店）,116.33622485695317,39.97427265030606,五道口,拼好饭,晚餐
湘遇臭豆腐•卷凉皮•烤冷面(利康金桥美食城第7档口),116.32768061478892,39.98675622282748,五道口,拼好饭,晚餐
张亮麻辣烫·麻辣拌（知春里店）,116.32153165283653,39.97977731680941,五道口,拼好饭,晚餐
蜜雪冰城（第1档口·五道口美食城店）,116.32990988985492,39.991653770263184,五道口,拼好饭,晚餐
辣味道拉条子·剁椒鸡（第二风味北京富老八餐饮有限公司）,116.31109261763136,39.985848984349694,五道口,拼好饭,晚餐
李先生牛肉面（北京五道口店）,116.3302780323098,39.991792065702825,五道口,拼好饭,晚餐
云香缘云南过桥米线(第2档口-富市康民美食城店）,116.33330604134258,39.96912228299691,五道口,拼好饭,晚餐
曼玲粥(五道口店·包子·馅饼·油条),116.32788118198523,39.98653984854911,五道口,拼好饭,晚餐
半亩良田（排骨米饭·五道口店）,116.32150223637356,39.98360421678091,五道口,拼好饭,晚餐
华莱士全鸡汉堡(五道口店),116.32782624855498,39.98700893404656,五道口,拼好饭,晚餐
食夫指·手撕烤鸭（学清路店）,116.34471211473446,40.009437002676094,五道口,拼好饭,晚餐
香河肉饼鸡汤砂锅（第一档口物美美食城店）,116.32880450881576,39.967264868617846,五道口,拼好饭,晚餐
田老师红烧肉（中关村物美店）,116.31118192168124,39.98186298059522,五道口,拼好饭,晚餐
蜜雪冰城（五道口华清嘉园店）,116.3286687900255,39.9911651525014,五道口,拼好饭,晚餐
张亮麻辣烫·麻辣拌（知春路店）,116.30065138845777,39.96681075323707,五道口,拼好饭,晚餐
华莱士·全鸡汉堡（知春路店）,116.33622485695317,39.97427265030606,五道口,拼好饭,晚餐
湘遇臭豆腐•卷凉皮•烤冷面(利康金桥美食城第7档口),116.32768061478892,39.98675622282748,五道口,拼好饭,晚餐
张亮麻辣烫·麻辣拌（知春里店）,116.32153165283653,39.97977731680941,五道口,拼好饭,晚餐
蜜雪冰城（第1档口·五道口美食城店）,116.32990988985492,39.991653770263184,五道口,拼好饭,晚餐
辣味道拉条子·剁椒鸡（第二风味北京富老八餐饮有限公司）,116.31109261763136,39.985848984349694,五道口,拼好饭,晚餐
李先生牛肉面（北京五道口店）,116.3302780323098,39.991792065702825,五道口,拼好饭,晚餐
云香缘云南过桥米线(第2档口-富市康民美食城店）,116.33330604134258,39.96912228299691,五道口,拼好饭,晚餐
曼玲粥(五道口店·包子·馅饼·油条),116.32788118198523,39.98653984854911,五道口,拼好饭,晚餐
半亩良田（排骨米饭·五道口店）,116.32150223637356,39.98360421678091,五道口,拼好饭,晚餐
华莱士全鸡汉堡(五道口店),116.32782624855498,39.98700893404656,五道口,拼好饭,晚餐
食夫指·手撕烤鸭（学清路店）,116.34471211473446,40.009437002676094,五道口,拼好饭,晚餐
香河肉饼鸡汤砂锅（第一档口物美美食城店）,116.32880450881576,39.967264868617846,五道口,拼好饭,晚餐
田老师红烧肉（中关村物美店）,116.31118192168124,39.98186298059522,五道口,拼好饭,晚餐
蜜雪冰城（五道口华清嘉园店）,116.3286687900255,39.9911651525014,五道口,拼好饭,晚餐
张亮麻辣烫·麻辣拌（知春路店）,116.30065138845777,39.96681075323707,五道口,拼好饭,晚餐
华莱士·全鸡汉堡（知春路店）,116.33622485695317,39.97427265030606,五道口,拼好饭,晚餐
湘遇臭豆腐•卷凉皮•烤冷面(利康金桥美食城第7档口),116.32768061478892,39.98675622282748,五道口,拼好饭,晚餐
张亮麻辣烫·麻辣拌（知春里店）,116.32153165283653,39.97977731680941,五道口,拼好饭,晚餐
蜜雪冰城（第1档口·五道口美食城店）,116.32990988985492,39.991653770263184,五道口,拼好饭,晚餐
辣味道拉条子·剁椒鸡（第二风味北京富老八餐饮有限公司）,116.31109261763136,39.985848984349694,五道口,拼好饭,晚餐
李先生牛肉面（北京五道口店）,116.3302780323098,39.991792065702825,五道口,拼好饭,晚餐
云香缘云南过桥米线(第2档口-富市康民美食城店）,116.33330604134258,39.96912228299691,五道口,拼好饭,晚餐
曼玲粥(五道口店·包子·馅饼·油条),116.32788118198523,39.98653984854911,五道口,拼好饭,晚餐
半亩良田（排骨米饭·五道口店）,116.32150223637356,39.98360421678091,五道口,拼好饭,晚餐
华莱士全鸡汉堡(五道口店),116.32782624855498,39.98700893404656,五道口,拼好饭,晚餐
食夫指·手撕烤鸭（学清路店）,116.34471211473446,40.009437002676094,五道口,拼好饭,晚餐
香河肉饼鸡汤砂锅（第一档口物美美食城店）,116.32880450881576,39.967264868617846,五道口,拼好饭,晚餐
田老师红烧肉（中关村物美店）,116.31118192168124,39.98186298059522,五道口,拼好饭,晚餐
蜜雪冰城（五道口华清嘉园店）,116.3286687900255,39.9911651525014,五道口,拼好饭,晚餐
张亮麻辣烫·麻辣拌（知春路店）,116.30065138845777,39.96681075323707,五道口,拼好饭,晚餐
华莱士·全鸡汉堡（知春路店）,116.33622485695317,39.97427265030606,五道口,拼好饭,晚餐
湘遇臭豆腐•卷凉皮•烤冷面(利康金桥美食城第7档口),116.32768061478892,39.98675622282748,五道口,拼好饭,晚餐
张亮麻辣烫·麻辣拌（知春里店）,116.32153165283653,39.97977731680941,五道口,拼好饭,晚餐
蜜雪冰城（第1档口·五道口美食城店）,116.32990988985492,39.991653770263184,五道口,拼好饭,晚餐
辣味道拉条子·剁椒鸡（第二风味北京富老八餐饮有限公司）,116.31109261763136,39.985848984349694,五道口,拼好饭,晚餐
李先生牛肉面（北京五道口店）,116.3302780323098,39.991792065702825,五道口,拼好饭,晚餐
云香缘云南过桥米线(第2档口-富市康民美食城店）,116.33330604134258,39.96912228299691,五道口,拼好饭,晚餐
曼玲粥(五道口店·包子·馅饼·油条),116.32788118198523,39.98653984854911,五道口,拼好饭,晚餐
半亩良田（排骨米饭·五道口店）,116.32150223637356,39.98360421678091,五道口,拼好饭,晚餐
华莱士全鸡汉堡(五道口店),116.32782624855498,39.98700893404656,五道口,拼好饭,晚餐
食夫指·手撕烤鸭（学清路店）,116.34471211473446,40.009437002676094,五道口,拼好饭,晚餐
香河肉饼鸡汤砂锅（第一档口物美美食城店）,116.32880450881576,39.967264868617846,五道口,拼好饭,晚餐
田老师红烧肉（中关村物美店）,116.31118192168124,39.98186298059522,五道口,拼好饭,晚餐
蜜雪冰城（五道口华清嘉园店）,116.3286687900255,39.9911651525014,五道口,拼好饭,晚餐
张亮麻辣烫·麻辣拌（知春路店）,116.30065138845777,39.96681075323707,五道口,拼好饭,晚餐
华莱士·全鸡汉堡（知春路店）,116.33622485695317,39.97427265030606,五道口,拼好饭,晚餐
湘遇臭豆腐•卷凉皮•烤冷面(利康金桥美食城第7档口),116.32768061478892,39.98675622282748,五道口,拼好饭,晚餐
张亮麻辣烫·麻辣拌（知春里店）,116.32153165283653,39.97977731680941,五道口,拼好饭,晚餐
蜜雪冰城（第1档口·五道口美食城店）,116.32990988985492,39.991653770263184,五道口,拼好饭,晚餐
辣味道拉条子·剁椒鸡（第二风味北京富老八餐饮有限公司）,116.31109261763136,39.985848984349694,五道口,拼好饭,晚餐
李先生牛肉面（北京五道口店）,116.3302780323098,39.991792065702825,五道口,拼好饭,晚餐
云香缘云南过桥米线(第2档口-富市康民美食城店）,116.33330604134258,39.96912228299691,五道口,拼好饭,晚餐
曼玲粥(五道口店·包子·馅饼·油条),116.32788118198523,39.98653984854911,五道口,拼好饭,晚餐
半亩良田（排骨米饭·五道口店）,116.32150223637356,39.98360421678091,五道口,拼好饭,晚餐
华莱士全鸡汉堡(五道口店),116.32782624855498,39.98700893404656,五道口,拼好饭,晚餐
食夫指·手撕烤鸭（学清路店）,116.34471211473446,40.009437002676094,五道口,拼好饭,晚餐
库迪咖啡|便利店(东源大厦店),116.33038177485808,39.99195686201941,五道口,神枪手,中午
半亩良田（排骨米饭·五道口店）,116.32150223637356,39.98360421678091,五道口,神枪手,中午
金百万烤鸭（中关村店）,116.31199585838203,39.97589069189541,五道口,神枪手,中午
爷爷不泡茶（北京五道口购物中心店）,116.33334116925508,39.99112831815835,五道口,神枪手,中午
田老师红烧肉（财智店）,116.32755192447442,39.986643473502426,五道口,神枪手,中午
汉堡王（五道口餐厅19195店）,116.32783369950502,39.991204744642985,五道口,神枪手,中午
瑞幸咖啡(五道口购物中心店),116.33058341915174,39.991138514230265,五道口,神枪手,中午
南城香·饭香串香馄饨香（五道口店）,116.32945891616318,39.99168462608186,五道口,神枪手,中午
眉州东坡(清华店),116.32858646342258,39.99522713771682,五道口,神枪手,中午
嘉和一品粥（健康餐·皮蛋粥·焖面·清华店）,116.31419396293924,39.9755135464134,五道口,神枪手,中午
库迪咖啡|便利店(东源大厦店),116.33038177485808,39.99195686201941,五道口,神枪手,中午
爷爷不泡茶（北京五道口购物中心店）,116.33334116925508,39.99112831815835,五道口,神枪手,中午
田老师红烧肉（财智店）,116.32755192447442,39.986643473502426,五道口,神枪手,中午
瑞幸咖啡(五道口购物中心店),116.33058341915174,39.991138514230265,五道口,神枪手,中午
汉堡王（五道口餐厅19195店）,116.32783369950502,39.991204744642985,五道口,神枪手,中午
顺祥林记,116.33622790782624,39.97381866297378,五道口,神枪手,中午
南城香·饭香串香馄饨香（五道口店）,116.32945891616318,39.99168462608186,五道口,神枪手,中午
库迪咖啡|便利店(东源大厦店),116.33038177485808,39.99195686201941,五道口,神枪手,中午
老乡鸡（北京五道口店）,116.33291521637238,39.99045014518098,五道口,神枪手,中午
库迪咖啡|便利店(东源大厦店),116.33038177485808,39.99195686201941,五道口,神枪手,中午
半亩良田（排骨米饭·五道口店）,116.32150223637356,39.98360421678091,五道口,神枪手,中午
金百万烤鸭（中关村店）,116.31199585838203,39.97589069189541,五道口,神枪手,中午
爷爷不泡茶（北京五道口购物中心店）,116.33334116925508,39.99112831815835,五道口,神枪手,中午
田老师红烧肉（财智店）,116.32755192447442,39.986643473502426,五道口,神枪手,中午
汉堡王（五道口餐厅19195店）,116.32783369950502,39.991204744642985,五道口,神枪手,中午
瑞幸咖啡(五道口购物中心店),116.33058341915174,39.991138514230265,五道口,神枪手,中午
南城香·饭香串香馄饨香（五道口店）,116.32945891616318,39.99168462608186,五道口,神枪手,中午
眉州东坡(清华店),116.32858646342258,39.99522713771682,五道口,神枪手,中午
嘉和一品粥（健康餐·皮蛋粥·焖面·清华店）,116.31419396293924,39.9755135464134,五道口,神枪手,中午
库迪咖啡|便利店(东源大厦店),116.33038177485808,39.99195686201941,五道口,神枪手,中午
爷爷不泡茶（北京五道口购物中心店）,116.33334116925508,39.99112831815835,五道口,神枪手,中午
田老师红烧肉（财智店）,116.32755192447442,39.986643473502426,五道口,神枪手,中午
瑞幸咖啡(五道口购物中心店),116.33058341915174,39.991138514230265,五道口,神枪手,中午
汉堡王（五道口餐厅19195店）,116.32783369950502,39.991204744642985,五道口,神枪手,中午
顺祥林记,116.33622790782624,39.97381866297378,五道口,神枪手,中午
南城香·饭香串香馄饨香（五道口店）,116.32945891616318,39.99168462608186,五道口,神枪手,中午
库迪咖啡|便利店(东源大厦店),116.33038177485808,39.99195686201941,五道口,神枪手,中午
老乡鸡（北京五道口店）,116.33291521637238,39.99045014518098,五道口,神枪手,中午
库迪咖啡|便利店(东源大厦店),116.33038177485808,39.99195686201941,五道口,神枪手,中午
半亩良田（排骨米饭·五道口店）,116.32150223637356,39.98360421678091,五道口,神枪手,中午
金百万烤鸭（中关村店）,116.31199585838203,39.97589069189541,五道口,神枪手,中午
爷爷不泡茶（北京五道口购物中心店）,116.33334116925508,39.99112831815835,五道口,神枪手,中午
田老师红烧肉（财智店）,116.32755192447442,39.986643473502426,五道口,神枪手,中午
汉堡王（五道口餐厅19195店）,116.32783369950502,39.991204744642985,五道口,神枪手,中午
瑞幸咖啡(五道口购物中心店),116.33058341915174,39.991138514230265,五道口,神枪手,中午
南城香·饭香串香馄饨香（五道口店）,116.32945891616318,39.99168462608186,五道口,神枪手,中午
眉州东坡(清华店),116.32858646342258,39.99522713771682,五道口,神枪手,中午
嘉和一品粥（健康餐·皮蛋粥·焖面·清华店）,116.31419396293924,39.9755135464134,五道口,神枪手,中午
库迪咖啡|便利店(东源大厦店),116.33038177485808,39.99195686201941,五道口,神枪手,中午
爷爷不泡茶（北京五道口购物中心店）,116.33334116925508,39.99112831815835,五道口,神枪手,中午
田老师红烧肉（财智店）,116.32755192447442,39.986643473502426,五道口,神枪手,中午
瑞幸咖啡(五道口购物中心店),116.33058341915174,39.991138514230265,五道口,神枪手,中午
汉堡王（五道口餐厅19195店）,116.32783369950502,39.991204744642985,五道口,神枪手,中午
顺祥林记,116.33622790782624,39.97381866297378,五道口,神枪手,中午
南城香·饭香串香馄饨香（五道口店）,116.32945891616318,39.99168462608186,五道口,神枪手,中午
库迪咖啡|便利店(东源大厦店),116.33038177485808,39.99195686201941,五道口,神枪手,中午
老乡鸡（北京五道口店）,116.33291521637238,39.99045014518098,五道口,神枪手,中午
库迪咖啡|便利店(东源大厦店),116.33038177485808,39.99195686201941,五道口,神枪手,中午
半亩良田（排骨米饭·五道口店）,116.32150223637356,39.98360421678091,五道口,神枪手,中午
金百万烤鸭（中关村店）,116.31199585838203,39.97589069189541,五道口,神枪手,中午
爷爷不泡茶（北京五道口购物中心店）,116.33334116925508,39.99112831815835,五道口,神枪手,中午
田老师红烧肉（财智店）,116.32755192447442,39.986643473502426,五道口,神枪手,中午
汉堡王（五道口餐厅19195店）,116.32783369950502,39.991204744642985,五道口,神枪手,中午
瑞幸咖啡(五道口购物中心店),116.33058341915174,39.991138514230265,五道口,神枪手,中午
南城香·饭香串香馄饨香（五道口店）,116.32945891616318,39.99168462608186,五道口,神枪手,中午
眉州东坡(清华店),116.32858646342258,39.99522713771682,五道口,神枪手,中午
嘉和一品粥（健康餐·皮蛋粥·焖面·清华店）,116.31419396293924,39.9755135464134,五道口,神枪手,中午
库迪咖啡|便利店(东源大厦店),116.33038177485808,39.99195686201941,五道口,神枪手,中午
爷爷不泡茶（北京五道口购物中心店）,116.33334116925508,39.99112831815835,五道口,神枪手,中午
田老师红烧肉（财智店）,116.32755192447442,39.986643473502426,五道口,神枪手,中午
瑞幸咖啡(五道口购物中心店),116.33058341915174,39.991138514230265,五道口,神枪手,中午
汉堡王（五道口餐厅19195店）,116.32783369950502,39.991204744642985,五道口,神枪手,中午
顺祥林记,116.33622790782624,39.97381866297378,五道口,神枪手,中午
南城香·饭香串香馄饨香（五道口店）,116.32945891616318,39.99168462608186,五道口,神枪手,中午
库迪咖啡|便利店(东源大厦店),116.33038177485808,39.99195686201941,五道口,神枪手,中午
老乡鸡（北京五道口店）,116.33291521637238,39.99045014518098,五道口,神枪手,中午
库迪咖啡|便利店(东源大厦店),116.33038177485808,39.99195686201941,五道口,神枪手,中午
半亩良田（排骨米饭·五道口店）,116.32150223637356,39.98360421678091,五道口,神枪手,中午
金百万烤鸭（中关村店）,116.31199585838203,39.97589069189541,五道口,神枪手,中午
爷爷不泡茶（北京五道口购物中心店）,116.33334116925508,39.99112831815835,五道口,神枪手,中午
田老师红烧肉（财智店）,116.32755192447442,39.986643473502426,五道口,神枪手,中午
汉堡王（五道口餐厅19195店）,116.32783369950502,39.991204744642985,五道口,神枪手,中午
瑞幸咖啡(五道口购物中心店),116.33058341915174,39.991138514230265,五道口,神枪手,中午
南城香·饭香串香馄饨香（五道口店）,116.32945891616318,39.99168462608186,五道口,神枪手,中午
眉州东坡(清华店),116.32858646342258,39.99522713771682,五道口,神枪手,中午
嘉和一品粥（健康餐·皮蛋粥·焖面·清华店）,116.31419396293924,39.9755135464134,五道口,神枪手,中午
库迪咖啡|便利店(东源大厦店),116.33038177485808,39.99195686201941,五道口,神枪手,中午
爷爷不泡茶（北京五道口购物中心店）,116.33334116925508,39.99112831815835,五道口,神枪手,中午
田老师红烧肉（财智店）,116.32755192447442,39.986643473502426,五道口,神枪手,中午
瑞幸咖啡(五道口购物中心店),116.33058341915174,39.991138514230265,五道口,神枪手,中午
汉堡王（五道口餐厅19195店）,116.32783369950502,39.991204744642985,五道口,神枪手,中午
顺祥林记,116.33622790782624,39.97381866297378,五道口,神枪手,中午
南城香·饭香串香馄饨香（五道口店）,116.32945891616318,39.99168462608186,五道口,神枪手,中午
库迪咖啡|便利店(东源大厦店),116.33038177485808,39.99195686201941,五道口,神枪手,中午
老乡鸡（北京五道口店）,116.33291521637238,39.99045014518098,五道口,神枪手,中午
库迪咖啡|便利店(东源大厦店),116.33038177485808,39.99195686201941,五道口,神枪手,中午
半亩良田（排骨米饭·五道口店）,116.32150223637356,39.98360421678091,五道口,神枪手,中午
金百万烤鸭（中关村店）,116.31199585838203,39.97589069189541,五道口,神枪手,中午
爷爷不泡茶（北京五道口购物中心店）,116.33334116925508,39.99112831815835,五道口,神枪手,中午
田老师红烧肉（财智店）,116.32755192447442,39.986643473502426,五道口,神枪手,中午
汉堡王（五道口餐厅19195店）,116.32783369950502,39.991204744642985,五道口,神枪手,中午
瑞幸咖啡(五道口购物中心店),116.33058341915174,39.991138514230265,五道口,神枪手,中午
南城香·饭香串香馄饨香（五道口店）,116.32945891616318,39.99168462608186,五道口,神枪手,中午
眉州东坡(清华店),116.32858646342258,39.99522713771682,五道口,神枪手,中午
嘉和一品粥（健康餐·皮蛋粥·焖面·清华店）,116.31419396293924,39.9755135464134,五道口,神枪手,中午
库迪咖啡|便利店(东源大厦店),116.33038177485808,39.99195686201941,五道口,神枪手,中午
爷爷不泡茶（北京五道口购物中心店）,116.33334116925508,39.99112831815835,五道口,神枪手,中午
田老师红烧肉（财智店）,116.32755192447442,39.986643473502426,五道口,神枪手,中午
瑞幸咖啡(五道口购物中心店),116.33058341915174,39.991138514230265,五道口,神枪手,中午
汉堡王（五道口餐厅19195店）,116.32783369950502,39.991204744642985,五道口,神枪手,中午
顺祥林记,116.33622790782624,39.97381866297378,五道口,神枪手,中午
南城香·饭香串香馄饨香（五道口店）,116.32945891616318,39.99168462608186,五道口,神枪手,中午
库迪咖啡|便利店(东源大厦店),116.33038177485808,39.99195686201941,五道口,神枪手,中午
老乡鸡（北京五道口店）,116.33291521637238,39.99045014518098,五道口,神枪手,中午
库迪咖啡|便利店(东源大厦店),116.33038177485808,39.99195686201941,五道口,神枪手,中午
半亩良田（排骨米饭·五道口店）,116.32150223637356,39.98360421678091,五道口,神枪手,中午
金百万烤鸭（中关村店）,116.31199585838203,39.97589069189541,五道口,神枪手,中午
爷爷不泡茶（北京五道口购物中心店）,116.33334116925508,39.99112831815835,五道口,神枪手,中午
田老师红烧肉（财智店）,116.32755192447442,39.986643473502426,五道口,神枪手,中午
汉堡王（五道口餐厅19195店）,116.32783369950502,39.991204744642985,五道口,神枪手,中午
瑞幸咖啡(五道口购物中心店),116.33058341915174,39.991138514230265,五道口,神枪手,中午
南城香·饭香串香馄饨香（五道口店）,116.32945891616318,39.99168462608186,五道口,神枪手,中午
眉州东坡(清华店),116.32858646342258,39.99522713771682,五道口,神枪手,中午
嘉和一品粥（健康餐·皮蛋粥·焖面·清华店）,116.31419396293924,39.9755135464134,五道口,神枪手,中午
库迪咖啡|便利店(东源大厦店),116.33038177485808,39.99195686201941,五道口,神枪手,中午
爷爷不泡茶（北京五道口购物中心店）,116.33334116925508,39.99112831815835,五道口,神枪手,中午
田老师红烧肉（财智店）,116.32755192447442,39.986643473502426,五道口,神枪手,中午
瑞幸咖啡(五道口购物中心店),116.33058341915174,39.991138514230265,五道口,神枪手,中午
汉堡王（五道口餐厅19195店）,116.32783369950502,39.991204744642985,五道口,神枪手,中午
顺祥林记,116.33622790782624,39.97381866297378,五道口,神枪手,中午
南城香·饭香串香馄饨香（五道口店）,116.32945891616318,39.99168462608186,五道口,神枪手,中午
库迪咖啡|便利店(东源大厦店),116.33038177485808,39.99195686201941,五道口,神枪手,中午
老乡鸡（北京五道口店）,116.33291521637238,39.99045014518098,五道口,神枪手,中午
库迪咖啡|便利店(东源大厦店),116.33038177485808,39.99195686201941,五道口,神枪手,中午
半亩良田（排骨米饭·五道口店）,116.32150223637356,39.98360421678091,五道口,神枪手,中午
金百万烤鸭（中关村店）,116.31199585838203,39.97589069189541,五道口,神枪手,中午
爷爷不泡茶（北京五道口购物中心店）,116.33334116925508,39.99112831815835,五道口,神枪手,中午
田老师红烧肉（财智店）,116.32755192447442,39.986643473502426,五道口,神枪手,中午
汉堡王（五道口餐厅19195店）,116.32783369950502,39.991204744642985,五道口,神枪手,中午
瑞幸咖啡(五道口购物中心店),116.33058341915174,39.991138514230265,五道口,神枪手,中午
南城香·饭香串香馄饨香（五道口店）,116.32945891616318,39.99168462608186,五道口,神枪手,中午
眉州东坡(清华店),116.32858646342258,39.99522713771682,五道口,神枪手,中午
嘉和一品粥（健康餐·皮蛋粥·焖面·清华店）,116.31419396293924,39.9755135464134,五道口,神枪手,中午
库迪咖啡|便利店(东源大厦店),116.33038177485808,39.99195686201941,五道口,神枪手,中午
爷爷不泡茶（北京五道口购物中心店）,116.33334116925508,39.99112831815835,五道口,神枪手,中午
田老师红烧肉（财智店）,116.32755192447442,39.986643473502426,五道口,神枪手,中午
瑞幸咖啡(五道口购物中心店),116.33058341915174,39.991138514230265,五道口,神枪手,中午
汉堡王（五道口餐厅19195店）,116.32783369950502,39.991204744642985,五道口,神枪手,中午
顺祥林记,116.33622790782624,39.97381866297378,五道口,神枪手,中午
南城香·饭香串香馄饨香（五道口店）,116.32945891616318,39.99168462608186,五道口,神枪手,中午
库迪咖啡|便利店(东源大厦店),116.33038177485808,39.99195686201941,五道口,神枪手,中午
老乡鸡（北京五道口店）,116.33291521637238,39.99045014518098,五道口,神枪手,中午
库迪咖啡|便利店(东源大厦店),116.33038177485808,39.99195686201941,五道口,神枪手,中午
半亩良田（排骨米饭·五道口店）,116.32150223637356,39.98360421678091,五道口,神枪手,中午
金百万烤鸭（中关村店）,116.31199585838203,39.97589069189541,五道口,神枪手,中午
爷爷不泡茶（北京五道口购物中心店）,116.33334116925508,39.99112831815835,五道口,神枪手,中午
田老师红烧肉（财智店）,116.32755192447442,39.986643473502426,五道口,神枪手,中午
汉堡王（五道口餐厅19195店）,116.32783369950502,39.991204744642985,五道口,神枪手,中午
瑞幸咖啡(五道口购物中心店),116.33058341915174,39.991138514230265,五道口,神枪手,中午
南城香·饭香串香馄饨香（五道口店）,116.32945891616318,39.99168462608186,五道口,神枪手,中午
眉州东坡(清华店),116.32858646342258,39.99522713771682,五道口,神枪手,中午
嘉和一品粥（健康餐·皮蛋粥·焖面·清华店）,116.31419396293924,39.9755135464134,五道口,神枪手,中午
库迪咖啡|便利店(东源大厦店),116.33038177485808,39.99195686201941,五道口,神枪手,中午
爷爷不泡茶（北京五道口购物中心店）,116.33334116925508,39.99112831815835,五道口,神枪手,中午
田老师红烧肉（财智店）,116.32755192447442,39.986643473502426,五道口,神枪手,中午
瑞幸咖啡(五道口购物中心店),116.33058341915174,39.991138514230265,五道口,神枪手,中午
汉堡王（五道口餐厅19195店）,116.32783369950502,39.991204744642985,五道口,神枪手,中午
顺祥林记,116.33622790782624,39.97381866297378,五道口,神枪手,中午
南城香·饭香串香馄饨香（五道口店）,116.32945891616318,39.99168462608186,五道口,神枪手,中午
库迪咖啡|便利店(东源大厦店),116.33038177485808,39.99195686201941,五道口,神枪手,中午
老乡鸡（北京五道口店）,116.33291521637238,39.99045014518098,五道口,神枪手,中午
库迪咖啡|便利店(东源大厦店),116.33038177485808,39.99195686201941,五道口,神枪手,中午
半亩良田（排骨米饭·五道口店）,116.32150223637356,39.98360421678091,五道口,神枪手,中午
金百万烤鸭（中关村店）,116.31199585838203,39.97589069189541,五道口,神枪手,中午
爷爷不泡茶（北京五道口购物中心店）,116.33334116925508,39.99112831815835,五道口,神枪手,中午
田老师红烧肉（财智店）,116.32755192447442,39.986643473502426,五道口,神枪手,中午
汉堡王（五道口餐厅19195店）,116.32783369950502,39.991204744642985,五道口,神枪手,中午
瑞幸咖啡(五道口购物中心店),116.33058341915174,39.991138514230265,五道口,神枪手,中午
南城香·饭香串香馄饨香（五道口店）,116.32945891616318,39.99168462608186,五道口,神枪手,中午
眉州东坡(清华店),116.32858646342258,39.99522713771682,五道口,神枪手,中午
嘉和一品粥（健康餐·皮蛋粥·焖面·清华店）,116.31419396293924,39.9755135464134,五道口,神枪手,中午
库迪咖啡|便利店(东源大厦店),116.33038177485808,39.99195686201941,五道口,神枪手,中午
爷爷不泡茶（北京五道口购物中心店）,116.33334116925508,39.99112831815835,五道口,神枪手,中午
田老师红烧肉（财智店）,116.32755192447442,39.986643473502426,五道口,神枪手,中午
瑞幸咖啡(五道口购物中心店),116.33058341915174,39.991138514230265,五道口,神枪手,中午
汉堡王（五道口餐厅19195店）,116.32783369950502,39.991204744642985,五道口,神枪手,中午
顺祥林记,116.33622790782624,39.97381866297378,五道口,神枪手,中午
南城香·饭香串香馄饨香（五道口店）,116.32945891616318,39.99168462608186,五道口,神枪手,中午
库迪咖啡|便利店(东源大厦店),116.33038177485808,39.99195686201941,五道口,神枪手,中午
老乡鸡（北京五道口店）,116.33291521637238,39.99045014518098,五道口,神枪手,中午
汉堡王（五道口餐厅19195店）,116.32783369950502,39.991204744642985,五道口,神枪手,宵夜
门框胡同百年卤煮（中关村店）,116.32149972241544,39.9798083769806,五道口,神枪手,宵夜
夸父炸串（北航店）,116.33290021178638,39.99075316063367,五道口,神枪手,宵夜
吉野家(保福寺店),116.32767807728656,39.98315337635383,五道口,神枪手,宵夜
牛约堡-手作牛肉汉堡（五道口店）,116.32773898404224,39.98278627502358,五道口,神枪手,宵夜
魏家凉皮(财智大厦店）,116.32739125050006,39.98698176671495,五道口,神枪手,宵夜
大阪の豚骨拉面(物美店),116.32028358374365,39.97930673683517,五道口,神枪手,宵夜
阳坊涮肉（中关村店）,116.30725159037114,39.98169429698663,五道口,神枪手,宵夜
好这口重庆小面（知春路店）,116.33962841872554,39.97400245699869,五道口,神枪手,宵夜
茶百道（五道口购物中心店）,116.3330229387858,39.99072093171922,五道口,神枪手,宵夜
螺蛳粉先生（蓟门桥店）,116.34496273875352,39.969045268487896,五道口,神枪手,宵夜
锦州烧烤·鲜肉炭火烤肉·北沙滩店(第3档口爱车美食城店）,116.36008581186714,40.00592326252207,五道口,神枪手,宵夜
牛约堡-手作牛肉汉堡（五道口店）,116.32773898404224,39.98278627502358,五道口,神枪手,宵夜
金谷园饺子（人大总店）,116.31730195975427,39.96711095198664,五道口,神枪手,宵夜
祁姥姥家的疙瘩汤（第一档口吉祥厨房美食城店）,116.32177662086332,39.98347569411412,五道口,神枪手,宵夜
老登可乐话梅排骨饭（第1风味学府美食城店）,116.3295117997391,39.99164952698448,五道口,神枪手,宵夜
汉堡王（五道口餐厅19195店）,116.32783369950502,39.991204744642985,五道口,神枪手,宵夜
门框胡同百年卤煮（中关村店）,116.32149972241544,39.9798083769806,五道口,神枪手,宵夜
夸父炸串（北航店）,116.33290021178638,39.99075316063367,五道口,神枪手,宵夜
吉野家(保福寺店),116.32767807728656,39.98315337635383,五道口,神枪手,宵夜
牛约堡-手作牛肉汉堡（五道口店）,116.32773898404224,39.98278627502358,五道口,神枪手,宵夜
魏家凉皮(财智大厦店）,116.32739125050006,39.98698176671495,五道口,神枪手,宵夜
大阪の豚骨拉面(物美店),116.32028358374365,39.97930673683517,五道口,神枪手,宵夜
阳坊涮肉（中关村店）,116.30725159037114,39.98169429698663,五道口,神枪手,宵夜
好这口重庆小面（知春路店）,116.33962841872554,39.97400245699869,五道口,神枪手,宵夜
茶百道（五道口购物中心店）,116.3330229387858,39.99072093171922,五道口,神枪手,宵夜
螺蛳粉先生（蓟门桥店）,116.34496273875352,39.969045268487896,五道口,神枪手,宵夜
锦州烧烤·鲜肉炭火烤肉·北沙滩店(第3档口爱车美食城店）,116.36008581186714,40.00592326252207,五道口,神枪手,宵夜
牛约堡-手作牛肉汉堡（五道口店）,116.32773898404224,39.98278627502358,五道口,神枪手,宵夜
金谷园饺子（人大总店）,116.31730195975427,39.96711095198664,五道口,神枪手,宵夜
祁姥姥家的疙瘩汤（第一档口吉祥厨房美食城店）,116.32177662086332,39.98347569411412,五道口,神枪手,宵夜
老登可乐话梅排骨饭（第1风味学府美食城店）,116.3295117997391,39.99164952698448,五道口,神枪手,宵夜
汉堡王（五道口餐厅19195店）,116.32783369950502,39.991204744642985,五道口,神枪手,宵夜
门框胡同百年卤煮（中关村店）,116.32149972241544,39.9798083769806,五道口,神枪手,宵夜
夸父炸串（北航店）,116.33290021178638,39.99075316063367,五道口,神枪手,宵夜
吉野家(保福寺店),116.32767807728656,39.98315337635383,五道口,神枪手,宵夜
牛约堡-手作牛肉汉堡（五道口店）,116.32773898404224,39.98278627502358,五道口,神枪手,宵夜
魏家凉皮(财智大厦店）,116.32739125050006,39.98698176671495,五道口,神枪手,宵夜
大阪の豚骨拉面(物美店),116.32028358374365,39.97930673683517,五道口,神枪手,宵夜
阳坊涮肉（中关村店）,116.30725159037114,39.98169429698663,五道口,神枪手,宵夜
好这口重庆小面（知春路店）,116.33962841872554,39.97400245699869,五道口,神枪手,宵夜
茶百道（五道口购物中心店）,116.3330229387858,39.99072093171922,五道口,神枪手,宵夜
螺蛳粉先生（蓟门桥店）,116.34496273875352,39.969045268487896,五道口,神枪手,宵夜
锦州烧烤·鲜肉炭火烤肉·北沙滩店(第3档口爱车美食城店）,116.36008581186714,40.00592326252207,五道口,神枪手,宵夜
牛约堡-手作牛肉汉堡（五道口店）,116.32773898404224,39.98278627502358,五道口,神枪手,宵夜
金谷园饺子（人大总店）,116.31730195975427,39.96711095198664,五道口,神枪手,宵夜
祁姥姥家的疙瘩汤（第一档口吉祥厨房美食城店）,116.32177662086332,39.98347569411412,五道口,神枪手,宵夜
老登可乐话梅排骨饭（第1风味学府美食城店）,116.3295117997391,39.99164952698448,五道口,神枪手,宵夜
汉堡王（五道口餐厅19195店）,116.32783369950502,39.991204744642985,五道口,神枪手,宵夜
门框胡同百年卤煮（中关村店）,116.32149972241544,39.9798083769806,五道口,神枪手,宵夜
夸父炸串（北航店）,116.33290021178638,39.99075316063367,五道口,神枪手,宵夜
吉野家(保福寺店),116.32767807728656,39.98315337635383,五道口,神枪手,宵夜
牛约堡-手作牛肉汉堡（五道口店）,116.32773898404224,39.98278627502358,五道口,神枪手,宵夜
魏家凉皮(财智大厦店）,116.32739125050006,39.98698176671495,五道口,神枪手,宵夜
大阪の豚骨拉面(物美店),116.32028358374365,39.97930673683517,五道口,神枪手,宵夜
阳坊涮肉（中关村店）,116.30725159037114,39.98169429698663,五道口,神枪手,宵夜
好这口重庆小面（知春路店）,116.33962841872554,39.97400245699869,五道口,神枪手,宵夜
茶百道（五道口购物中心店）,116.3330229387858,39.99072093171922,五道口,神枪手,宵夜
螺蛳粉先生（蓟门桥店）,116.34496273875352,39.969045268487896,五道口,神枪手,宵夜
锦州烧烤·鲜肉炭火烤肉·北沙滩店(第3档口爱车美食城店）,116.36008581186714,40.00592326252207,五道口,神枪手,宵夜
牛约堡-手作牛肉汉堡（五道口店）,116.32773898404224,39.98278627502358,五道口,神枪手,宵夜
金谷园饺子（人大总店）,116.31730195975427,39.96711095198664,五道口,神枪手,宵夜
祁姥姥家的疙瘩汤（第一档口吉祥厨房美食城店）,116.32177662086332,39.98347569411412,五道口,神枪手,宵夜
老登可乐话梅排骨饭（第1风味学府美食城店）,116.3295117997391,39.99164952698448,五道口,神枪手,宵夜
汉堡王（五道口餐厅19195店）,116.32783369950502,39.991204744642985,五道口,神枪手,宵夜
门框胡同百年卤煮（中关村店）,116.32149972241544,39.9798083769806,五道口,神枪手,宵夜
夸父炸串（北航店）,116.33290021178638,39.99075316063367,五道口,神枪手,宵夜
吉野家(保福寺店),116.32767807728656,39.98315337635383,五道口,神枪手,宵夜
牛约堡-手作牛肉汉堡（五道口店）,116.32773898404224,39.98278627502358,五道口,神枪手,宵夜
魏家凉皮(财智大厦店）,116.32739125050006,39.98698176671495,五道口,神枪手,宵夜
大阪の豚骨拉面(物美店),116.32028358374365,39.97930673683517,五道口,神枪手,宵夜
阳坊涮肉（中关村店）,116.30725159037114,39.98169429698663,五道口,神枪手,宵夜
好这口重庆小面（知春路店）,116.33962841872554,39.97400245699869,五道口,神枪手,宵夜
茶百道（五道口购物中心店）,116.3330229387858,39.99072093171922,五道口,神枪手,宵夜
螺蛳粉先生（蓟门桥店）,116.34496273875352,39.969045268487896,五道口,神枪手,宵夜
锦州烧烤·鲜肉炭火烤肉·北沙滩店(第3档口爱车美食城店）,116.36008581186714,40.00592326252207,五道口,神枪手,宵夜
牛约堡-手作牛肉汉堡（五道口店）,116.32773898404224,39.98278627502358,五道口,神枪手,宵夜
金谷园饺子（人大总店）,116.31730195975427,39.96711095198664,五道口,神枪手,宵夜
祁姥姥家的疙瘩汤（第一档口吉祥厨房美食城店）,116.32177662086332,39.98347569411412,五道口,神枪手,宵夜
老登可乐话梅排骨饭（第1风味学府美食城店）,116.3295117997391,39.99164952698448,五道口,神枪手,宵夜
汉堡王（五道口餐厅19195店）,116.32783369950502,39.991204744642985,五道口,神枪手,宵夜
门框胡同百年卤煮（中关村店）,116.32149972241544,39.9798083769806,五道口,神枪手,宵夜
夸父炸串（北航店）,116.33290021178638,39.99075316063367,五道口,神枪手,宵夜
吉野家(保福寺店),116.32767807728656,39.98315337635383,五道口,神枪手,宵夜
牛约堡-手作牛肉汉堡（五道口店）,116.32773898404224,39.98278627502358,五道口,神枪手,宵夜
魏家凉皮(财智大厦店）,116.32739125050006,39.98698176671495,五道口,神枪手,宵夜
大阪の豚骨拉面(物美店),116.32028358374365,39.97930673683517,五道口,神枪手,宵夜
阳坊涮肉（中关村店）,116.30725159037114,39.98169429698663,五道口,神枪手,宵夜
好这口重庆小面（知春路店）,116.33962841872554,39.97400245699869,五道口,神枪手,宵夜
茶百道（五道口购物中心店）,116.3330229387858,39.99072093171922,五道口,神枪手,宵夜
螺蛳粉先生（蓟门桥店）,116.34496273875352,39.969045268487896,五道口,神枪手,宵夜
锦州烧烤·鲜肉炭火烤肉·北沙滩店(第3档口爱车美食城店）,116.36008581186714,40.00592326252207,五道口,神枪手,宵夜
牛约堡-手作牛肉汉堡（五道口店）,116.32773898404224,39.98278627502358,五道口,神枪手,宵夜
金谷园饺子（人大总店）,116.31730195975427,39.96711095198664,五道口,神枪手,宵夜
祁姥姥家的疙瘩汤（第一档口吉祥厨房美食城店）,116.32177662086332,39.98347569411412,五道口,神枪手,宵夜
老登可乐话梅排骨饭（第1风味学府美食城店）,116.3295117997391,39.99164952698448,五道口,神枪手,宵夜
汉堡王（五道口餐厅19195店）,116.32783369950502,39.991204744642985,五道口,神枪手,宵夜
门框胡同百年卤煮（中关村店）,116.32149972241544,39.9798083769806,五道口,神枪手,宵夜
夸父炸串（北航店）,116.33290021178638,39.99075316063367,五道口,神枪手,宵夜
吉野家(保福寺店),116.32767807728656,39.98315337635383,五道口,神枪手,宵夜
牛约堡-手作牛肉汉堡（五道口店）,116.32773898404224,39.98278627502358,五道口,神枪手,宵夜
魏家凉皮(财智大厦店）,116.32739125050006,39.98698176671495,五道口,神枪手,宵夜
大阪の豚骨拉面(物美店),116.32028358374365,39.97930673683517,五道口,神枪手,宵夜
阳坊涮肉（中关村店）,116.30725159037114,39.98169429698663,五道口,神枪手,宵夜
好这口重庆小面（知春路店）,116.33962841872554,39.97400245699869,五道口,神枪手,宵夜
茶百道（五道口购物中心店）,116.3330229387858,39.99072093171922,五道口,神枪手,宵夜
螺蛳粉先生（蓟门桥店）,116.34496273875352,39.969045268487896,五道口,神枪手,宵夜
锦州烧烤·鲜肉炭火烤肉·北沙滩店(第3档口爱车美食城店）,116.36008581186714,40.00592326252207,五道口,神枪手,宵夜
牛约堡-手作牛肉汉堡（五道口店）,116.32773898404224,39.98278627502358,五道口,神枪手,宵夜
金谷园饺子（人大总店）,116.31730195975427,39.96711095198664,五道口,神枪手,宵夜
祁姥姥家的疙瘩汤（第一档口吉祥厨房美食城店）,116.32177662086332,39.98347569411412,五道口,神枪手,宵夜
老登可乐话梅排骨饭（第1风味学府美食城店）,116.3295117997391,39.99164952698448,五道口,神枪手,宵夜
汉堡王（五道口餐厅19195店）,116.32783369950502,39.991204744642985,五道口,神枪手,宵夜
门框胡同百年卤煮（中关村店）,116.32149972241544,39.9798083769806,五道口,神枪手,宵夜
夸父炸串（北航店）,116.33290021178638,39.99075316063367,五道口,神枪手,宵夜
吉野家(保福寺店),116.32767807728656,39.98315337635383,五道口,神枪手,宵夜
牛约堡-手作牛肉汉堡（五道口店）,116.32773898404224,39.98278627502358,五道口,神枪手,宵夜
魏家凉皮(财智大厦店）,116.32739125050006,39.98698176671495,五道口,神枪手,宵夜
大阪の豚骨拉面(物美店),116.32028358374365,39.97930673683517,五道口,神枪手,宵夜
阳坊涮肉（中关村店）,116.30725159037114,39.98169429698663,五道口,神枪手,宵夜
好这口重庆小面（知春路店）,116.33962841872554,39.97400245699869,五道口,神枪手,宵夜
茶百道（五道口购物中心店）,116.3330229387858,39.99072093171922,五道口,神枪手,宵夜
螺蛳粉先生（蓟门桥店）,116.34496273875352,39.969045268487896,五道口,神枪手,宵夜
锦州烧烤·鲜肉炭火烤肉·北沙滩店(第3档口爱车美食城店）,116.36008581186714,40.00592326252207,五道口,神枪手,宵夜
牛约堡-手作牛肉汉堡（五道口店）,116.32773898404224,39.98278627502358,五道口,神枪手,宵夜
金谷园饺子（人大总店）,116.31730195975427,39.96711095198664,五道口,神枪手,宵夜
祁姥姥家的疙瘩汤（第一档口吉祥厨房美食城店）,116.32177662086332,39.98347569411412,五道口,神枪手,宵夜
老登可乐话梅排骨饭（第1风味学府美食城店）,116.3295117997391,39.99164952698448,五道口,神枪手,宵夜
汉堡王（五道口餐厅19195店）,116.32783369950502,39.991204744642985,五道口,神枪手,宵夜
门框胡同百年卤煮（中关村店）,116.32149972241544,39.9798083769806,五道口,神枪手,宵夜
夸父炸串（北航店）,116.33290021178638,39.99075316063367,五道口,神枪手,宵夜
吉野家(保福寺店),116.32767807728656,39.98315337635383,五道口,神枪手,宵夜
牛约堡-手作牛肉汉堡（五道口店）,116.32773898404224,39.98278627502358,五道口,神枪手,宵夜
魏家凉皮(财智大厦店）,116.32739125050006,39.98698176671495,五道口,神枪手,宵夜
大阪の豚骨拉面(物美店),116.32028358374365,39.97930673683517,五道口,神枪手,宵夜
阳坊涮肉（中关村店）,116.30725159037114,39.98169429698663,五道口,神枪手,宵夜
好这口重庆小面（知春路店）,116.33962841872554,39.97400245699869,五道口,神枪手,宵夜
茶百道（五道口购物中心店）,116.3330229387858,39.99072093171922,五道口,神枪手,宵夜
螺蛳粉先生（蓟门桥店）,116.34496273875352,39.969045268487896,五道口,神枪手,宵夜
锦州烧烤·鲜肉炭火烤肉·北沙滩店(第3档口爱车美食城店）,116.36008581186714,40.00592326252207,五道口,神枪手,宵夜
牛约堡-手作牛肉汉堡（五道口店）,116.32773898404224,39.98278627502358,五道口,神枪手,宵夜
金谷园饺子（人大总店）,116.31730195975427,39.96711095198664,五道口,神枪手,宵夜
祁姥姥家的疙瘩汤（第一档口吉祥厨房美食城店）,116.32177662086332,39.98347569411412,五道口,神枪手,宵夜
老登可乐话梅排骨饭（第1风味学府美食城店）,116.3295117997391,39.99164952698448,五道口,神枪手,宵夜
汉堡王（五道口餐厅19195店）,116.32783369950502,39.991204744642985,五道口,神枪手,宵夜
门框胡同百年卤煮（中关村店）,116.32149972241544,39.9798083769806,五道口,神枪手,宵夜
夸父炸串（北航店）,116.33290021178638,39.99075316063367,五道口,神枪手,宵夜
吉野家(保福寺店),116.32767807728656,39.98315337635383,五道口,神枪手,宵夜
牛约堡-手作牛肉汉堡（五道口店）,116.32773898404224,39.98278627502358,五道口,神枪手,宵夜
魏家凉皮(财智大厦店）,116.32739125050006,39.98698176671495,五道口,神枪手,宵夜
大阪の豚骨拉面(物美店),116.32028358374365,39.97930673683517,五道口,神枪手,宵夜
阳坊涮肉（中关村店）,116.30725159037114,39.98169429698663,五道口,神枪手,宵夜
好这口重庆小面（知春路店）,116.33962841872554,39.97400245699869,五道口,神枪手,宵夜
茶百道（五道口购物中心店）,116.3330229387858,39.99072093171922,五道口,神枪手,宵夜
螺蛳粉先生（蓟门桥店）,116.34496273875352,39.969045268487896,五道口,神枪手,宵夜
锦州烧烤·鲜肉炭火烤肉·北沙滩店(第3档口爱车美食城店）,116.36008581186714,40.00592326252207,五道口,神枪手,宵夜
牛约堡-手作牛肉汉堡（五道口店）,116.32773898404224,39.98278627502358,五道口,神枪手,宵夜
金谷园饺子（人大总店）,116.31730195975427,39.96711095198664,五道口,神枪手,宵夜
祁姥姥家的疙瘩汤（第一档口吉祥厨房美食城店）,116.32177662086332,39.98347569411412,五道口,神枪手,宵夜
老登可乐话梅排骨饭（第1风味学府美食城店）,116.3295117997391,39.99164952698448,五道口,神枪手,宵夜
南城香·饭香串香馄饨香（丰台大悦春风里店）,116.35939213032763,39.8080209428952,五道口,神枪手,晚餐
库迪咖啡(北京新宫店),116.50937933158104,39.92752718494437,五道口,神枪手,晚餐
门框胡同百年卤煮（嘉园路店）,116.45655266120032,39.92768906000055,五道口,神枪手,晚餐
田老师红烧肉(丰台南苑西路店),116.3609677345487,39.806734899624544,五道口,神枪手,晚餐
汉堡王（槐房万达23266店）,116.36049663756724,39.81346502564512,五道口,神枪手,晚餐
瑞幸咖啡(槐房西路万达广场店),116.36266734339004,39.81250723410746,五道口,神枪手,晚餐
金百万烤鸭·春饼（角门店）,116.51057699030947,39.933151407491344,五道口,神枪手,晚餐
南城香·饭香串香馄饨香（丰台大悦春风里店）,116.35939213032763,39.8080209428952,五道口,神枪手,晚餐
沪上阿姨·精选茶饮(槐房万达店),116.36073728535436,39.813189721834846,五道口,神枪手,晚餐
华莱士·全鸡汉堡（鸿坤广场店）,116.333792556311,39.79020501659451,五道口,神枪手,晚餐
杨记老门框百年卤煮（西红门店）,116.35842018533609,39.83616433272074,五道口,神枪手,晚餐
库迪咖啡(北京新宫店),116.50937933158104,39.92752718494437,五道口,神枪手,晚餐
田老师红烧肉(丰台南苑西路店),116.3609677345487,39.806734899624544,五道口,神枪手,晚餐
京派鲜卤（西红门店）,116.33416773092031,39.79802566330509,五道口,神枪手,晚餐
汉堡王（槐房万达23266店）,116.36049663756724,39.81346502564512,五道口,神枪手,晚餐
瑞幸咖啡(槐房西路万达广场店),116.36266734339004,39.81250723410746,五道口,神枪手,晚餐
紫光园·烤鸭（马家堡西里店）,116.5120628760948,39.92073116402058,五道口,神枪手,晚餐
南城香·饭香串香馄饨香（丰台大悦春风里店）,116.35939213032763,39.8080209428952,五道口,神枪手,晚餐
喜茶（北京槐房万达店）,116.36138128020936,39.813027874674425,五道口,神枪手,晚餐
老乡鸡（北京鸿坤广场购物中心店）,116.33412479133727,39.7903673823138,五道口,神枪手,晚餐
南城香·饭香串香馄饨香（丰台大悦春风里店）,116.35939213032763,39.8080209428952,五道口,神枪手,晚餐
库迪咖啡(北京新宫店),116.50937933158104,39.92752718494437,五道口,神枪手,晚餐
门框胡同百年卤煮（嘉园路店）,116.45655266120032,39.92768906000055,五道口,神枪手,晚餐
田老师红烧肉(丰台南苑西路店),116.3609677345487,39.806734899624544,五道口,神枪手,晚餐
汉堡王（槐房万达23266店）,116.36049663756724,39.81346502564512,五道口,神枪手,晚餐
瑞幸咖啡(槐房西路万达广场店),116.36266734339004,39.81250723410746,五道口,神枪手,晚餐
金百万烤鸭·春饼（角门店）,116.51057699030947,39.933151407491344,五道口,神枪手,晚餐
南城香·饭香串香馄饨香（丰台大悦春风里店）,116.35939213032763,39.8080209428952,五道口,神枪手,晚餐
沪上阿姨·精选茶饮(槐房万达店),116.36073728535436,39.813189721834846,五道口,神枪手,晚餐
华莱士·全鸡汉堡（鸿坤广场店）,116.333792556311,39.79020501659451,五道口,神枪手,晚餐
杨记老门框百年卤煮（西红门店）,116.35842018533609,39.83616433272074,五道口,神枪手,晚餐
库迪咖啡(北京新宫店),116.50937933158104,39.92752718494437,五道口,神枪手,晚餐
田老师红烧肉(丰台南苑西路店),116.3609677345487,39.806734899624544,五道口,神枪手,晚餐
京派鲜卤（西红门店）,116.33416773092031,39.79802566330509,五道口,神枪手,晚餐
汉堡王（槐房万达23266店）,116.36049663756724,39.81346502564512,五道口,神枪手,晚餐
瑞幸咖啡(槐房西路万达广场店),116.36266734339004,39.81250723410746,五道口,神枪手,晚餐
紫光园·烤鸭（马家堡西里店）,116.5120628760948,39.92073116402058,五道口,神枪手,晚餐
南城香·饭香串香馄饨香（丰台大悦春风里店）,116.35939213032763,39.8080209428952,五道口,神枪手,晚餐
喜茶（北京槐房万达店）,116.36138128020936,39.813027874674425,五道口,神枪手,晚餐
老乡鸡（北京鸿坤广场购物中心店）,116.33412479133727,39.7903673823138,五道口,神枪手,晚餐
南城香·饭香串香馄饨香（丰台大悦春风里店）,116.35939213032763,39.8080209428952,五道口,神枪手,晚餐
库迪咖啡(北京新宫店),116.50937933158104,39.92752718494437,五道口,神枪手,晚餐
门框胡同百年卤煮（嘉园路店）,116.45655266120032,39.92768906000055,五道口,神枪手,晚餐
田老师红烧肉(丰台南苑西路店),116.3609677345487,39.806734899624544,五道口,神枪手,晚餐
汉堡王（槐房万达23266店）,116.36049663756724,39.81346502564512,五道口,神枪手,晚餐
瑞幸咖啡(槐房西路万达广场店),116.36266734339004,39.81250723410746,五道口,神枪手,晚餐
金百万烤鸭·春饼（角门店）,116.51057699030947,39.933151407491344,五道口,神枪手,晚餐
南城香·饭香串香馄饨香（丰台大悦春风里店）,116.35939213032763,39.8080209428952,五道口,神枪手,晚餐
沪上阿姨·精选茶饮(槐房万达店),116.36073728535436,39.813189721834846,五道口,神枪手,晚餐
华莱士·全鸡汉堡（鸿坤广场店）,116.333792556311,39.79020501659451,五道口,神枪手,晚餐
杨记老门框百年卤煮（西红门店）,116.35842018533609,39.83616433272074,五道口,神枪手,晚餐
库迪咖啡(北京新宫店),116.50937933158104,39.92752718494437,五道口,神枪手,晚餐
田老师红烧肉(丰台南苑西路店),116.3609677345487,39.806734899624544,五道口,神枪手,晚餐
京派鲜卤（西红门店）,116.33416773092031,39.79802566330509,五道口,神枪手,晚餐
汉堡王（槐房万达23266店）,116.36049663756724,39.81346502564512,五道口,神枪手,晚餐
瑞幸咖啡(槐房西路万达广场店),116.36266734339004,39.81250723410746,五道口,神枪手,晚餐
紫光园·烤鸭（马家堡西里店）,116.5120628760948,39.92073116402058,五道口,神枪手,晚餐
南城香·饭香串香馄饨香（丰台大悦春风里店）,116.35939213032763,39.8080209428952,五道口,神枪手,晚餐
喜茶（北京槐房万达店）,116.36138128020936,39.813027874674425,五道口,神枪手,晚餐
老乡鸡（北京鸿坤广场购物中心店）,116.33412479133727,39.7903673823138,五道口,神枪手,晚餐
南城香·饭香串香馄饨香（丰台大悦春风里店）,116.35939213032763,39.8080209428952,五道口,神枪手,晚餐
库迪咖啡(北京新宫店),116.50937933158104,39.92752718494437,五道口,神枪手,晚餐
门框胡同百年卤煮（嘉园路店）,116.45655266120032,39.92768906000055,五道口,神枪手,晚餐
田老师红烧肉(丰台南苑西路店),116.3609677345487,39.806734899624544,五道口,神枪手,晚餐
汉堡王（槐房万达23266店）,116.36049663756724,39.81346502564512,五道口,神枪手,晚餐
瑞幸咖啡(槐房西路万达广场店),116.36266734339004,39.81250723410746,五道口,神枪手,晚餐
金百万烤鸭·春饼（角门店）,116.51057699030947,39.933151407491344,五道口,神枪手,晚餐
南城香·饭香串香馄饨香（丰台大悦春风里店）,116.35939213032763,39.8080209428952,五道口,神枪手,晚餐
沪上阿姨·精选茶饮(槐房万达店),116.36073728535436,39.813189721834846,五道口,神枪手,晚餐
华莱士·全鸡汉堡（鸿坤广场店）,116.333792556311,39.79020501659451,五道口,神枪手,晚餐
杨记老门框百年卤煮（西红门店）,116.35842018533609,39.83616433272074,五道口,神枪手,晚餐
库迪咖啡(北京新宫店),116.50937933158104,39.92752718494437,五道口,神枪手,晚餐
田老师红烧肉(丰台南苑西路店),116.3609677345487,39.806734899624544,五道口,神枪手,晚餐
京派鲜卤（西红门店）,116.33416773092031,39.79802566330509,五道口,神枪手,晚餐
汉堡王（槐房万达23266店）,116.36049663756724,39.81346502564512,五道口,神枪手,晚餐
瑞幸咖啡(槐房西路万达广场店),116.36266734339004,39.81250723410746,五道口,神枪手,晚餐
紫光园·烤鸭（马家堡西里店）,116.5120628760948,39.92073116402058,五道口,神枪手,晚餐
南城香·饭香串香馄饨香（丰台大悦春风里店）,116.35939213032763,39.8080209428952,五道口,神枪手,晚餐
喜茶（北京槐房万达店）,116.36138128020936,39.813027874674425,五道口,神枪手,晚餐
老乡鸡（北京鸿坤广场购物中心店）,116.33412479133727,39.7903673823138,五道口,神枪手,晚餐
南城香·饭香串香馄饨香（丰台大悦春风里店）,116.35939213032763,39.8080209428952,五道口,神枪手,晚餐
库迪咖啡(北京新宫店),116.50937933158104,39.92752718494437,五道口,神枪手,晚餐
门框胡同百年卤煮（嘉园路店）,116.45655266120032,39.92768906000055,五道口,神枪手,晚餐
田老师红烧肉(丰台南苑西路店),116.3609677345487,39.806734899624544,五道口,神枪手,晚餐
汉堡王（槐房万达23266店）,116.36049663756724,39.81346502564512,五道口,神枪手,晚餐
瑞幸咖啡(槐房西路万达广场店),116.36266734339004,39.81250723410746,五道口,神枪手,晚餐
金百万烤鸭·春饼（角门店）,116.51057699030947,39.933151407491344,五道口,神枪手,晚餐
南城香·饭香串香馄饨香（丰台大悦春风里店）,116.35939213032763,39.8080209428952,五道口,神枪手,晚餐
沪上阿姨·精选茶饮(槐房万达店),116.36073728535436,39.813189721834846,五道口,神枪手,晚餐
华莱士·全鸡汉堡（鸿坤广场店）,116.333792556311,39.79020501659451,五道口,神枪手,晚餐
杨记老门框百年卤煮（西红门店）,116.35842018533609,39.83616433272074,五道口,神枪手,晚餐
库迪咖啡(北京新宫店),116.50937933158104,39.92752718494437,五道口,神枪手,晚餐
田老师红烧肉(丰台南苑西路店),116.3609677345487,39.806734899624544,五道口,神枪手,晚餐
京派鲜卤（西红门店）,116.33416773092031,39.79802566330509,五道口,神枪手,晚餐
汉堡王（槐房万达23266店）,116.36049663756724,39.81346502564512,五道口,神枪手,晚餐
瑞幸咖啡(槐房西路万达广场店),116.36266734339004,39.81250723410746,五道口,神枪手,晚餐
紫光园·烤鸭（马家堡西里店）,116.5120628760948,39.92073116402058,五道口,神枪手,晚餐
南城香·饭香串香馄饨香（丰台大悦春风里店）,116.35939213032763,39.8080209428952,五道口,神枪手,晚餐
喜茶（北京槐房万达店）,116.36138128020936,39.813027874674425,五道口,神枪手,晚餐
老乡鸡（北京鸿坤广场购物中心店）,116.33412479133727,39.7903673823138,五道口,神枪手,晚餐
南城香·饭香串香馄饨香（丰台大悦春风里店）,116.35939213032763,39.8080209428952,五道口,神枪手,晚餐
库迪咖啡(北京新宫店),116.50937933158104,39.92752718494437,五道口,神枪手,晚餐
门框胡同百年卤煮（嘉园路店）,116.45655266120032,39.92768906000055,五道口,神枪手,晚餐
田老师红烧肉(丰台南苑西路店),116.3609677345487,39.806734899624544,五道口,神枪手,晚餐
汉堡王（槐房万达23266店）,116.36049663756724,39.81346502564512,五道口,神枪手,晚餐
瑞幸咖啡(槐房西路万达广场店),116.36266734339004,39.81250723410746,五道口,神枪手,晚餐
金百万烤鸭·春饼（角门店）,116.51057699030947,39.933151407491344,五道口,神枪手,晚餐
南城香·饭香串香馄饨香（丰台大悦春风里店）,116.35939213032763,39.8080209428952,五道口,神枪手,晚餐
沪上阿姨·精选茶饮(槐房万达店),116.36073728535436,39.813189721834846,五道口,神枪手,晚餐
华莱士·全鸡汉堡（鸿坤广场店）,116.333792556311,39.79020501659451,五道口,神枪手,晚餐
杨记老门框百年卤煮（西红门店）,116.35842018533609,39.83616433272074,五道口,神枪手,晚餐
库迪咖啡(北京新宫店),116.50937933158104,39.92752718494437,五道口,神枪手,晚餐
田老师红烧肉(丰台南苑西路店),116.3609677345487,39.806734899624544,五道口,神枪手,晚餐
京派鲜卤（西红门店）,116.33416773092031,39.79802566330509,五道口,神枪手,晚餐
汉堡王（槐房万达23266店）,116.36049663756724,39.81346502564512,五道口,神枪手,晚餐
瑞幸咖啡(槐房西路万达广场店),116.36266734339004,39.81250723410746,五道口,神枪手,晚餐
紫光园·烤鸭（马家堡西里店）,116.5120628760948,39.92073116402058,五道口,神枪手,晚餐
南城香·饭香串香馄饨香（丰台大悦春风里店）,116.35939213032763,39.8080209428952,五道口,神枪手,晚餐
喜茶（北京槐房万达店）,116.36138128020936,39.813027874674425,五道口,神枪手,晚餐
老乡鸡（北京鸿坤广场购物中心店）,116.33412479133727,39.7903673823138,五道口,神枪手,晚餐
南城香·饭香串香馄饨香（丰台大悦春风里店）,116.35939213032763,39.8080209428952,五道口,神枪手,晚餐
库迪咖啡(北京新宫店),116.50937933158104,39.92752718494437,五道口,神枪手,晚餐
门框胡同百年卤煮（嘉园路店）,116.45655266120032,39.92768906000055,五道口,神枪手,晚餐
田老师红烧肉(丰台南苑西路店),116.3609677345487,39.806734899624544,五道口,神枪手,晚餐
汉堡王（槐房万达23266店）,116.36049663756724,39.81346502564512,五道口,神枪手,晚餐
瑞幸咖啡(槐房西路万达广场店),116.36266734339004,39.81250723410746,五道口,神枪手,晚餐
金百万烤鸭·春饼（角门店）,116.51057699030947,39.933151407491344,五道口,神枪手,晚餐
南城香·饭香串香馄饨香（丰台大悦春风里店）,116.35939213032763,39.8080209428952,五道口,神枪手,晚餐
沪上阿姨·精选茶饮(槐房万达店),116.36073728535436,39.813189721834846,五道口,神枪手,晚餐
华莱士·全鸡汉堡（鸿坤广场店）,116.333792556311,39.79020501659451,五道口,神枪手,晚餐
杨记老门框百年卤煮（西红门店）,116.35842018533609,39.83616433272074,五道口,神枪手,晚餐
库迪咖啡(北京新宫店),116.50937933158104,39.92752718494437,五道口,神枪手,晚餐
田老师红烧肉(丰台南苑西路店),116.3609677345487,39.806734899624544,五道口,神枪手,晚餐
京派鲜卤（西红门店）,116.33416773092031,39.79802566330509,五道口,神枪手,晚餐
汉堡王（槐房万达23266店）,116.36049663756724,39.81346502564512,五道口,神枪手,晚餐
瑞幸咖啡(槐房西路万达广场店),116.36266734339004,39.81250723410746,五道口,神枪手,晚餐
紫光园·烤鸭（马家堡西里店）,116.5120628760948,39.92073116402058,五道口,神枪手,晚餐
南城香·饭香串香馄饨香（丰台大悦春风里店）,116.35939213032763,39.8080209428952,五道口,神枪手,晚餐
喜茶（北京槐房万达店）,116.36138128020936,39.813027874674425,五道口,神枪手,晚餐
老乡鸡（北京鸿坤广场购物中心店）,116.33412479133727,39.7903673823138,五道口,神枪手,晚餐
南城香·饭香串香馄饨香（丰台大悦春风里店）,116.35939213032763,39.8080209428952,五道口,神枪手,晚餐
库迪咖啡(北京新宫店),116.50937933158104,39.92752718494437,五道口,神枪手,晚餐
门框胡同百年卤煮（嘉园路店）,116.45655266120032,39.92768906000055,五道口,神枪手,晚餐
田老师红烧肉(丰台南苑西路店),116.3609677345487,39.806734899624544,五道口,神枪手,晚餐
汉堡王（槐房万达23266店）,116.36049663756724,39.81346502564512,五道口,神枪手,晚餐
瑞幸咖啡(槐房西路万达广场店),116.36266734339004,39.81250723410746,五道口,神枪手,晚餐
金百万烤鸭·春饼（角门店）,116.51057699030947,39.933151407491344,五道口,神枪手,晚餐
南城香·饭香串香馄饨香（丰台大悦春风里店）,116.35939213032763,39.8080209428952,五道口,神枪手,晚餐
沪上阿姨·精选茶饮(槐房万达店),116.36073728535436,39.813189721834846,五道口,神枪手,晚餐
华莱士·全鸡汉堡（鸿坤广场店）,116.333792556311,39.79020501659451,五道口,神枪手,晚餐
杨记老门框百年卤煮（西红门店）,116.35842018533609,39.83616433272074,五道口,神枪手,晚餐
库迪咖啡(北京新宫店),116.50937933158104,39.92752718494437,五道口,神枪手,晚餐
田老师红烧肉(丰台南苑西路店),116.3609677345487,39.806734899624544,五道口,神枪手,晚餐
京派鲜卤（西红门店）,116.33416773092031,39.79802566330509,五道口,神枪手,晚餐
汉堡王（槐房万达23266店）,116.36049663756724,39.81346502564512,五道口,神枪手,晚餐
瑞幸咖啡(槐房西路万达广场店),116.36266734339004,39.81250723410746,五道口,神枪手,晚餐
紫光园·烤鸭（马家堡西里店）,116.5120628760948,39.92073116402058,五道口,神枪手,晚餐
南城香·饭香串香馄饨香（丰台大悦春风里店）,116.35939213032763,39.8080209428952,五道口,神枪手,晚餐
喜茶（北京槐房万达店）,116.36138128020936,39.813027874674425,五道口,神枪手,晚餐
老乡鸡（北京鸿坤广场购物中心店）,116.33412479133727,39.7903673823138,五道口,神枪手,晚餐
南城香·饭香串香馄饨香（丰台大悦春风里店）,116.35939213032763,39.8080209428952,五道口,神枪手,晚餐
库迪咖啡(北京新宫店),116.50937933158104,39.92752718494437,五道口,神枪手,晚餐
门框胡同百年卤煮（嘉园路店）,116.45655266120032,39.92768906000055,五道口,神枪手,晚餐
田老师红烧肉(丰台南苑西路店),116.3609677345487,39.806734899624544,五道口,神枪手,晚餐
汉堡王（槐房万达23266店）,116.36049663756724,39.81346502564512,五道口,神枪手,晚餐
瑞幸咖啡(槐房西路万达广场店),116.36266734339004,39.81250723410746,五道口,神枪手,晚餐
金百万烤鸭·春饼（角门店）,116.51057699030947,39.933151407491344,五道口,神枪手,晚餐
南城香·饭香串香馄饨香（丰台大悦春风里店）,116.35939213032763,39.8080209428952,五道口,神枪手,晚餐
沪上阿姨·精选茶饮(槐房万达店),116.36073728535436,39.813189721834846,五道口,神枪手,晚餐
华莱士·全鸡汉堡（鸿坤广场店）,116.333792556311,39.79020501659451,五道口,神枪手,晚餐
杨记老门框百年卤煮（西红门店）,116.35842018533609,39.83616433272074,五道口,神枪手,晚餐
库迪咖啡(北京新宫店),116.50937933158104,39.92752718494437,五道口,神枪手,晚餐
田老师红烧肉(丰台南苑西路店),116.3609677345487,39.806734899624544,五道口,神枪手,晚餐
京派鲜卤（西红门店）,116.33416773092031,39.79802566330509,五道口,神枪手,晚餐
汉堡王（槐房万达23266店）,116.36049663756724,39.81346502564512,五道口,神枪手,晚餐
瑞幸咖啡(槐房西路万达广场店),116.36266734339004,39.81250723410746,五道口,神枪手,晚餐
紫光园·烤鸭（马家堡西里店）,116.5120628760948,39.92073116402058,五道口,神枪手,晚餐
南城香·饭香串香馄饨香（丰台大悦春风里店）,116.35939213032763,39.8080209428952,五道口,神枪手,晚餐
喜茶（北京槐房万达店）,116.36138128020936,39.813027874674425,五道口,神枪手,晚餐
老乡鸡（北京鸿坤广场购物中心店）,116.33412479133727,39.7903673823138,五道口,神枪手,晚餐
南城香·饭香串香馄饨香（丰台大悦春风里店）,116.35939213032763,39.8080209428952,五道口,神枪手,晚餐
库迪咖啡(北京新宫店),116.50937933158104,39.92752718494437,五道口,神枪手,晚餐
门框胡同百年卤煮（嘉园路店）,116.45655266120032,39.92768906000055,五道口,神枪手,晚餐
田老师红烧肉(丰台南苑西路店),116.3609677345487,39.806734899624544,五道口,神枪手,晚餐
汉堡王（槐房万达23266店）,116.36049663756724,39.81346502564512,五道口,神枪手,晚餐
瑞幸咖啡(槐房西路万达广场店),116.36266734339004,39.81250723410746,五道口,神枪手,晚餐
金百万烤鸭·春饼（角门店）,116.51057699030947,39.933151407491344,五道口,神枪手,晚餐
南城香·饭香串香馄饨香（丰台大悦春风里店）,116.35939213032763,39.8080209428952,五道口,神枪手,晚餐
沪上阿姨·精选茶饮(槐房万达店),116.36073728535436,39.813189721834846,五道口,神枪手,晚餐
华莱士·全鸡汉堡（鸿坤广场店）,116.333792556311,39.79020501659451,五道口,神枪手,晚餐
杨记老门框百年卤煮（西红门店）,116.35842018533609,39.83616433272074,五道口,神枪手,晚餐
库迪咖啡(北京新宫店),116.50937933158104,39.92752718494437,五道口,神枪手,晚餐
田老师红烧肉(丰台南苑西路店),116.3609677345487,39.806734899624544,五道口,神枪手,晚餐
京派鲜卤（西红门店）,116.33416773092031,39.79802566330509,五道口,神枪手,晚餐
汉堡王（槐房万达23266店）,116.36049663756724,39.81346502564512,五道口,神枪手,晚餐
瑞幸咖啡(槐房西路万达广场店),116.36266734339004,39.81250723410746,五道口,神枪手,晚餐
紫光园·烤鸭（马家堡西里店）,116.5120628760948,39.92073116402058,五道口,神枪手,晚餐
南城香·饭香串香馄饨香（丰台大悦春风里店）,116.35939213032763,39.8080209428952,五道口,神枪手,晚餐
喜茶（北京槐房万达店）,116.36138128020936,39.813027874674425,五道口,神枪手,晚餐
老乡鸡（北京鸿坤广场购物中心店）,116.33412479133727,39.7903673823138,五道口,神枪手,晚餐
老乡鸡（北京五道口店）,116.33291521637238,39.99045014518098,五道口,美食推荐,中午
吉野家(保福寺店),116.32767807728656,39.98315337635383,五道口,美食推荐,中午
李先生牛肉面（北京五道口店）,116.3302780323098,39.991792065702825,五道口,美食推荐,中午
张正发茶餐厅（北京中关村店）,116.3129009376218,39.97503201748388,五道口,美食推荐,中午
桃园煲仔饭（五道口店）,116.32761176886169,39.98678735313112,五道口,美食推荐,中午
旺角友记隆江猪脚饭(五道口店),116.32792705470264,39.98671375371239,五道口,美食推荐,中午
鱼你在一起(海淀财智大厦店),116.32744315983606,39.98675667677754,五道口,美食推荐,中午
一碗低脂de海南鸡饭（东王庄店）,116.33415863382405,39.99661055790705,五道口,美食推荐,中午
曼玲粥(五道口店·包子·馅饼·油条),116.32788118198523,39.98653984854911,五道口,美食推荐,中午
和府·大师卤肉饭（北京五道口购物中心店）,116.333310294838,39.99068739449393,五道口,美食推荐,中午
老乡鸡（北京融科中心店）,116.3205097474798,39.98180719981834,五道口,美食推荐,中午
袁记云饺(科学院南路店),116.31938179621484,39.97028183454107,五道口,美食推荐,中午
田老师红烧肉（财智店）,116.32755192447442,39.986643473502426,五道口,美食推荐,中午
麦稻中式健康菜·轻油低脂（第五档口禾留香美食城店）,116.34251905731688,39.92018447337642,五道口,美食推荐,中午
茻根·海南鸡饭（北京五道口店）,116.32502608317051,39.99177810011358,五道口,美食推荐,中午
牛约堡-手作牛肉汉堡（五道口店）,116.32773898404224,39.98278627502358,五道口,美食推荐,中午
老乡鸡（北京五道口店）,116.33291521637238,39.99045014518098,五道口,美食推荐,中午
吉野家(保福寺店),116.32767807728656,39.98315337635383,五道口,美食推荐,中午
李先生牛肉面（北京五道口店）,116.3302780323098,39.991792065702825,五道口,美食推荐,中午
张正发茶餐厅（北京中关村店）,116.3129009376218,39.97503201748388,五道口,美食推荐,中午
桃园煲仔饭（五道口店）,116.32761176886169,39.98678735313112,五道口,美食推荐,中午
旺角友记隆江猪脚饭(五道口店),116.32792705470264,39.98671375371239,五道口,美食推荐,中午
鱼你在一起(海淀财智大厦店),116.32744315983606,39.98675667677754,五道口,美食推荐,中午
一碗低脂de海南鸡饭（东王庄店）,116.33415863382405,39.99661055790705,五道口,美食推荐,中午
曼玲粥(五道口店·包子·馅饼·油条),116.32788118198523,39.98653984854911,五道口,美食推荐,中午
和府·大师卤肉饭（北京五道口购物中心店）,116.333310294838,39.99068739449393,五道口,美食推荐,中午
老乡鸡（北京融科中心店）,116.3205097474798,39.98180719981834,五道口,美食推荐,中午
袁记云饺(科学院南路店),116.31938179621484,39.97028183454107,五道口,美食推荐,中午
田老师红烧肉（财智店）,116.32755192447442,39.986643473502426,五道口,美食推荐,中午
麦稻中式健康菜·轻油低脂（第五档口禾留香美食城店）,116.34251905731688,39.92018447337642,五道口,美食推荐,中午
茻根·海南鸡饭（北京五道口店）,116.32502608317051,39.99177810011358,五道口,美食推荐,中午
牛约堡-手作牛肉汉堡（五道口店）,116.32773898404224,39.98278627502358,五道口,美食推荐,中午
老乡鸡（北京五道口店）,116.33291521637238,39.99045014518098,五道口,美食推荐,中午
吉野家(保福寺店),116.32767807728656,39.98315337635383,五道口,美食推荐,中午
李先生牛肉面（北京五道口店）,116.3302780323098,39.991792065702825,五道口,美食推荐,中午
张正发茶餐厅（北京中关村店）,116.3129009376218,39.97503201748388,五道口,美食推荐,中午
桃园煲仔饭（五道口店）,116.32761176886169,39.98678735313112,五道口,美食推荐,中午
旺角友记隆江猪脚饭(五道口店),116.32792705470264,39.98671375371239,五道口,美食推荐,中午
鱼你在一起(海淀财智大厦店),116.32744315983606,39.98675667677754,五道口,美食推荐,中午
一碗低脂de海南鸡饭（东王庄店）,116.33415863382405,39.99661055790705,五道口,美食推荐,中午
曼玲粥(五道口店·包子·馅饼·油条),116.32788118198523,39.98653984854911,五道口,美食推荐,中午
和府·大师卤肉饭（北京五道口购物中心店）,116.333310294838,39.99068739449393,五道口,美食推荐,中午
老乡鸡（北京融科中心店）,116.3205097474798,39.98180719981834,五道口,美食推荐,中午
袁记云饺(科学院南路店),116.31938179621484,39.97028183454107,五道口,美食推荐,中午
田老师红烧肉（财智店）,116.32755192447442,39.986643473502426,五道口,美食推荐,中午
麦稻中式健康菜·轻油低脂（第五档口禾留香美食城店）,116.34251905731688,39.92018447337642,五道口,美食推荐,中午
茻根·海南鸡饭（北京五道口店）,116.32502608317051,39.99177810011358,五道口,美食推荐,中午
牛约堡-手作牛肉汉堡（五道口店）,116.32773898404224,39.98278627502358,五道口,美食推荐,中午
老乡鸡（北京五道口店）,116.33291521637238,39.99045014518098,五道口,美食推荐,中午
吉野家(保福寺店),116.32767807728656,39.98315337635383,五道口,美食推荐,中午
李先生牛肉面（北京五道口店）,116.3302780323098,39.991792065702825,五道口,美食推荐,中午
张正发茶餐厅（北京中关村店）,116.3129009376218,39.97503201748388,五道口,美食推荐,中午
桃园煲仔饭（五道口店）,116.32761176886169,39.98678735313112,五道口,美食推荐,中午
旺角友记隆江猪脚饭(五道口店),116.32792705470264,39.98671375371239,五道口,美食推荐,中午
鱼你在一起(海淀财智大厦店),116.32744315983606,39.98675667677754,五道口,美食推荐,中午
一碗低脂de海南鸡饭（东王庄店）,116.33415863382405,39.99661055790705,五道口,美食推荐,中午
曼玲粥(五道口店·包子·馅饼·油条),116.32788118198523,39.98653984854911,五道口,美食推荐,中午
和府·大师卤肉饭（北京五道口购物中心店）,116.333310294838,39.99068739449393,五道口,美食推荐,中午
老乡鸡（北京融科中心店）,116.3205097474798,39.98180719981834,五道口,美食推荐,中午
袁记云饺(科学院南路店),116.31938179621484,39.97028183454107,五道口,美食推荐,中午
田老师红烧肉（财智店）,116.32755192447442,39.986643473502426,五道口,美食推荐,中午
麦稻中式健康菜·轻油低脂（第五档口禾留香美食城店）,116.34251905731688,39.92018447337642,五道口,美食推荐,中午
茻根·海南鸡饭（北京五道口店）,116.32502608317051,39.99177810011358,五道口,美食推荐,中午
牛约堡-手作牛肉汉堡（五道口店）,116.32773898404224,39.98278627502358,五道口,美食推荐,中午
上海本帮现炒浇头面（中关村店）,116.3217696402262,39.98344970861407,五道口,美食推荐,中午
达美乐比萨（五道口店）,116.33052843263845,39.99201958136779,五道口,美食推荐,中午
吉旺角茶餐厅(五道口店),116.33635759431824,39.97402141581837,五道口,美食推荐,中午
袁记云饺(六道口店),116.34616470172102,39.99707606581031,五道口,美食推荐,中午
嘎嘎香东北老饭盒（第1档口+天天快厨美食城店）,116.32207291440132,39.98366611616513,五道口,美食推荐,中午
饿熊便当（五道口店）,116.3216409525843,39.98332296143646,五道口,美食推荐,中午
港式烧腊卤肉饭（五道口店）,116.32768061478892,39.98675622282748,五道口,美食推荐,中午
吉野家(成府路店),116.32500311136906,39.99197313602083,五道口,美食推荐,中午
方砖厂69号炸酱面（五道口店）,116.32996874979628,39.99169865659897,五道口,美食推荐,中午
鳗泽家·鳗鱼饭·肥牛饭（物美店）,116.32878953535732,39.967325894717696,五道口,美食推荐,中午
南京大牌档(中关村店),116.307394681732,39.978503163741294,五道口,美食推荐,中午
袁记云饺(中关村南路店),116.31348602927692,39.97972171940082,五道口,美食推荐,中午
人民公社大食堂•东北菜中关村店（第6档口+吉祥厨房美食城店）,116.3276940747961,39.98288335686584,五道口,美食推荐,中午
东北饺子馆（五道口店）,116.3284988156445,39.98614768581907,五道口,美食推荐,中午
麒麟烧腊(知春路店),116.33640144527055,39.97442931861218,五道口,美食推荐,中午
醉爱黄焖鸡米饭排骨米饭（五道口店）,116.33443976635932,39.998472953991744,五道口,美食推荐,中午
必胜客（五道口店）,116.3303698137964,39.991864888572266,五道口,美食推荐,中午
老乡鸡（北京新中关店）,116.30883172700942,39.977043566174856,五道口,美食推荐,中午
上海本帮现炒浇头面（中关村店）,116.3217696402262,39.98344970861407,五道口,美食推荐,中午
达美乐比萨（五道口店）,116.33052843263845,39.99201958136779,五道口,美食推荐,中午
吉旺角茶餐厅(五道口店),116.33635759431824,39.97402141581837,五道口,美食推荐,中午
袁记云饺(六道口店),116.34616470172102,39.99707606581031,五道口,美食推荐,中午
嘎嘎香东北老饭盒（第1档口+天天快厨美食城店）,116.32207291440132,39.98366611616513,五道口,美食推荐,中午
饿熊便当（五道口店）,116.3216409525843,39.98332296143646,五道口,美食推荐,中午
港式烧腊卤肉饭（五道口店）,116.32768061478892,39.98675622282748,五道口,美食推荐,中午
吉野家(成府路店),116.32500311136906,39.99197313602083,五道口,美食推荐,中午
方砖厂69号炸酱面（五道口店）,116.32996874979628,39.99169865659897,五道口,美食推荐,中午
鳗泽家·鳗鱼饭·肥牛饭（物美店）,116.32878953535732,39.967325894717696,五道口,美食推荐,中午
南京大牌档(中关村店),116.307394681732,39.978503163741294,五道口,美食推荐,中午
袁记云饺(中关村南路店),116.31348602927692,39.97972171940082,五道口,美食推荐,中午
人民公社大食堂•东北菜中关村店（第6档口+吉祥厨房美食城店）,116.3276940747961,39.98288335686584,五道口,美食推荐,中午
东北饺子馆（五道口店）,116.3284988156445,39.98614768581907,五道口,美食推荐,中午
麒麟烧腊(知春路店),116.33640144527055,39.97442931861218,五道口,美食推荐,中午
醉爱黄焖鸡米饭排骨米饭（五道口店）,116.33443976635932,39.998472953991744,五道口,美食推荐,中午
必胜客（五道口店）,116.3303698137964,39.991864888572266,五道口,美食推荐,中午
老乡鸡（北京新中关店）,116.30883172700942,39.977043566174856,五道口,美食推荐,中午
上海本帮现炒浇头面（中关村店）,116.3217696402262,39.98344970861407,五道口,美食推荐,中午
达美乐比萨（五道口店）,116.33052843263845,39.99201958136779,五道口,美食推荐,中午
吉旺角茶餐厅(五道口店),116.33635759431824,39.97402141581837,五道口,美食推荐,中午
袁记云饺(六道口店),116.34616470172102,39.99707606581031,五道口,美食推荐,中午
嘎嘎香东北老饭盒（第1档口+天天快厨美食城店）,116.32207291440132,39.98366611616513,五道口,美食推荐,中午
饿熊便当（五道口店）,116.3216409525843,39.98332296143646,五道口,美食推荐,中午
港式烧腊卤肉饭（五道口店）,116.32768061478892,39.98675622282748,五道口,美食推荐,中午
吉野家(成府路店),116.32500311136906,39.99197313602083,五道口,美食推荐,中午
方砖厂69号炸酱面（五道口店）,116.32996874979628,39.99169865659897,五道口,美食推荐,中午
鳗泽家·鳗鱼饭·肥牛饭（物美店）,116.32878953535732,39.967325894717696,五道口,美食推荐,中午
南京大牌档(中关村店),116.307394681732,39.978503163741294,五道口,美食推荐,中午
袁记云饺(中关村南路店),116.31348602927692,39.97972171940082,五道口,美食推荐,中午
人民公社大食堂•东北菜中关村店（第6档口+吉祥厨房美食城店）,116.3276940747961,39.98288335686584,五道口,美食推荐,中午
东北饺子馆（五道口店）,116.3284988156445,39.98614768581907,五道口,美食推荐,中午
麒麟烧腊(知春路店),116.33640144527055,39.97442931861218,五道口,美食推荐,中午
醉爱黄焖鸡米饭排骨米饭（五道口店）,116.33443976635932,39.998472953991744,五道口,美食推荐,中午
必胜客（五道口店）,116.3303698137964,39.991864888572266,五道口,美食推荐,中午
老乡鸡（北京新中关店）,116.30883172700942,39.977043566174856,五道口,美食推荐,中午
上海本帮现炒浇头面（中关村店）,116.3217696402262,39.98344970861407,五道口,美食推荐,中午
达美乐比萨（五道口店）,116.33052843263845,39.99201958136779,五道口,美食推荐,中午
吉旺角茶餐厅(五道口店),116.33635759431824,39.97402141581837,五道口,美食推荐,中午
袁记云饺(六道口店),116.34616470172102,39.99707606581031,五道口,美食推荐,中午
嘎嘎香东北老饭盒（第1档口+天天快厨美食城店）,116.32207291440132,39.98366611616513,五道口,美食推荐,中午
饿熊便当（五道口店）,116.3216409525843,39.98332296143646,五道口,美食推荐,中午
港式烧腊卤肉饭（五道口店）,116.32768061478892,39.98675622282748,五道口,美食推荐,中午
吉野家(成府路店),116.32500311136906,39.99197313602083,五道口,美食推荐,中午
方砖厂69号炸酱面（五道口店）,116.32996874979628,39.99169865659897,五道口,美食推荐,中午
鳗泽家·鳗鱼饭·肥牛饭（物美店）,116.32878953535732,39.967325894717696,五道口,美食推荐,中午
南京大牌档(中关村店),116.307394681732,39.978503163741294,五道口,美食推荐,中午
袁记云饺(中关村南路店),116.31348602927692,39.97972171940082,五道口,美食推荐,中午
人民公社大食堂•东北菜中关村店（第6档口+吉祥厨房美食城店）,116.3276940747961,39.98288335686584,五道口,美食推荐,中午
东北饺子馆（五道口店）,116.3284988156445,39.98614768581907,五道口,美食推荐,中午
麒麟烧腊(知春路店),116.33640144527055,39.97442931861218,五道口,美食推荐,中午
醉爱黄焖鸡米饭排骨米饭（五道口店）,116.33443976635932,39.998472953991744,五道口,美食推荐,中午
必胜客（五道口店）,116.3303698137964,39.991864888572266,五道口,美食推荐,中午
老乡鸡（北京新中关店）,116.30883172700942,39.977043566174856,五道口,美食推荐,中午
上海本帮现炒浇头面（中关村店）,116.3217696402262,39.98344970861407,五道口,美食推荐,中午
达美乐比萨（五道口店）,116.33052843263845,39.99201958136779,五道口,美食推荐,中午
吉旺角茶餐厅(五道口店),116.33635759431824,39.97402141581837,五道口,美食推荐,中午
袁记云饺(六道口店),116.34616470172102,39.99707606581031,五道口,美食推荐,中午
嘎嘎香东北老饭盒（第1档口+天天快厨美食城店）,116.32207291440132,39.98366611616513,五道口,美食推荐,中午
饿熊便当（五道口店）,116.3216409525843,39.98332296143646,五道口,美食推荐,中午
港式烧腊卤肉饭（五道口店）,116.32768061478892,39.98675622282748,五道口,美食推荐,中午
吉野家(成府路店),116.32500311136906,39.99197313602083,五道口,美食推荐,中午
方砖厂69号炸酱面（五道口店）,116.32996874979628,39.99169865659897,五道口,美食推荐,中午
鳗泽家·鳗鱼饭·肥牛饭（物美店）,116.32878953535732,39.967325894717696,五道口,美食推荐,中午
南京大牌档(中关村店),116.307394681732,39.978503163741294,五道口,美食推荐,中午
袁记云饺(中关村南路店),116.31348602927692,39.97972171940082,五道口,美食推荐,中午
人民公社大食堂•东北菜中关村店（第6档口+吉祥厨房美食城店）,116.3276940747961,39.98288335686584,五道口,美食推荐,中午
东北饺子馆（五道口店）,116.3284988156445,39.98614768581907,五道口,美食推荐,中午
麒麟烧腊(知春路店),116.33640144527055,39.97442931861218,五道口,美食推荐,中午
醉爱黄焖鸡米饭排骨米饭（五道口店）,116.33443976635932,39.998472953991744,五道口,美食推荐,中午
必胜客（五道口店）,116.3303698137964,39.991864888572266,五道口,美食推荐,中午
老乡鸡（北京新中关店）,116.30883172700942,39.977043566174856,五道口,美食推荐,中午
小北鲸饺子（五道口店）,116.32764913355976,39.99112210082065,五道口,美食推荐,中午
塔斯汀·中国汉堡(五道口店),116.34587530294644,39.9969995598837,五道口,美食推荐,中午
旺角友记隆江猪脚饭(紫金数码店),116.33093335871318,39.97745141580967,五道口,美食推荐,中午
魏家凉皮(财智大厦店）,116.32739125050006,39.98698176671495,五道口,美食推荐,中午
袁记云饺(知春路店),116.33211205145032,39.97454430805932,五道口,美食推荐,中午
肯德基宅急送(五道口店）,116.33021916414322,39.99181117657216,五道口,美食推荐,中午
冯四孃跷脚牛肉（科贸店),116.32771804311768,39.98269931861107,五道口,美食推荐,中午
紫燕百味鸡·卤味·凉拌菜·简餐(中关村店),116.32762024827106,39.98285149928435,五道口,美食推荐,中午
犟牛家·烤牛肉饭（五道口店）,116.33440091535142,39.99798604730515,五道口,美食推荐,中午
卤太宗·鸡腿饭卤肉饭（新中关店）,116.31002213803764,39.97677236029596,五道口,美食推荐,中午
老乡鸡（北京海淀大街店）,116.30830810937644,39.98311228941738,五道口,美食推荐,中午
塔斯汀·中国汉堡(中关村店),116.3098350126278,39.98104753586423,五道口,美食推荐,中午
喜赞·暖轻食·健康餐（大恒美食城第一档口店）,116.31045716163752,39.98480321887217,五道口,美食推荐,中午
他大舅东北老饭盒（第5档口庆余年美食城店）,116.3192617690876,39.97267596909383,五道口,美食推荐,中午
豪大大·霸王脆皮鸡腿饭（第三档口福玉岛美食城店）,116.3457106188175,39.99716883262355,五道口,美食推荐,中午
友记正宗隆江猪脚饭（第205档口北京市海淀区知春里甲23号二层美食城店）,116.27147338966344,39.93162864571423,五道口,美食推荐,中午
肯德基宅急送(五道口店）,116.33021916414322,39.99181117657216,五道口,美食推荐,宵夜
王者蛋炒饭·走出扬州（中关村店）,116.32150223637356,39.98360421678091,五道口,美食推荐,宵夜
淄博烧烤·相约五道口（铁道边儿美食城第1档口店）,116.32917562997784,39.99116418699662,五道口,美食推荐,宵夜
东北家人东北菜（北京川渝舜酒楼+第二档口）,116.3725364127837,39.967534312921,五道口,美食推荐,宵夜
潮皇·潮汕砂锅粥（铁道边第3档口店）,116.33391934181624,39.98739539275702,五道口,美食推荐,宵夜
鸡柳大人（紫金数码园店）,116.33056224254037,39.97714413102268,五道口,美食推荐,宵夜
饺子妞·纯手工水饺（第1档口昆仑天香美食城店）,116.29846477065294,39.98294488504512,五道口,美食推荐,宵夜
椒响力现炒干锅·只用剔骨鸡（五道口店）,116.33432902122,39.99842216249998,五道口,美食推荐,宵夜
北京沁汁包·现熬粥（第七档口-乙九号美食城店）,116.33282042575628,39.9904873215508,五道口,美食推荐,宵夜
曼玲粥店(六道口店),116.35490844746975,40.00018293014856,五道口,美食推荐,宵夜
达美乐比萨（五道口店）,116.33052843263845,39.99201958136779,五道口,美食推荐,宵夜
碳火小腰·烧烤•五道口（第6档口铁道边美食城店）,116.33244218830724,39.99121700166892,五道口,美食推荐,宵夜
小谷姐姐麻辣拌●麻辣烫(五道口店),116.33418436568115,39.99826643888053,五道口,美食推荐,宵夜
肯德基宅急送(知春路店）,116.33764257932918,39.9754080025332,五道口,美食推荐,宵夜
麻辣诱惑·麻小（小龙虾.海鲜.烧烤.中关村店）,116.3251953906221,39.97047964700278,五道口,美食推荐,宵夜
一家被炒面耽误的炒饭店（第十九档口-吉祥厨房美食城店）,116.32150922496722,39.98356720485604,五道口,美食推荐,宵夜
阿呆锅锅炒饭·炒粉·炒面（庆余年美食城店）,116.31891855835774,39.97266062896291,五道口,美食推荐,宵夜
锦州烧烤·五道口店（学府美食城第6档口店）,116.33244218830724,39.99121700166892,五道口,美食推荐,宵夜
肯德基宅急送(五道口店）,116.33021916414322,39.99181117657216,五道口,美食推荐,宵夜
王者蛋炒饭·走出扬州（中关村店）,116.32150223637356,39.98360421678091,五道口,美食推荐,宵夜
淄博烧烤·相约五道口（铁道边儿美食城第1档口店）,116.32917562997784,39.99116418699662,五道口,美食推荐,宵夜
东北家人东北菜（北京川渝舜酒楼+第二档口）,116.3725364127837,39.967534312921,五道口,美食推荐,宵夜
潮皇·潮汕砂锅粥（铁道边第3档口店）,116.33391934181624,39.98739539275702,五道口,美食推荐,宵夜
鸡柳大人（紫金数码园店）,116.33056224254037,39.97714413102268,五道口,美食推荐,宵夜
饺子妞·纯手工水饺（第1档口昆仑天香美食城店）,116.29846477065294,39.98294488504512,五道口,美食推荐,宵夜
椒响力现炒干锅·只用剔骨鸡（五道口店）,116.33432902122,39.99842216249998,五道口,美食推荐,宵夜
北京沁汁包·现熬粥（第七档口-乙九号美食城店）,116.33282042575628,39.9904873215508,五道口,美食推荐,宵夜
曼玲粥店(六道口店),116.35490844746975,40.00018293014856,五道口,美食推荐,宵夜
达美乐比萨（五道口店）,116.33052843263845,39.99201958136779,五道口,美食推荐,宵夜
碳火小腰·烧烤•五道口（第6档口铁道边美食城店）,116.33244218830724,39.99121700166892,五道口,美食推荐,宵夜
小谷姐姐麻辣拌●麻辣烫(五道口店),116.33418436568115,39.99826643888053,五道口,美食推荐,宵夜
肯德基宅急送(知春路店）,116.33764257932918,39.9754080025332,五道口,美食推荐,宵夜
麻辣诱惑·麻小（小龙虾.海鲜.烧烤.中关村店）,116.3251953906221,39.97047964700278,五道口,美食推荐,宵夜
一家被炒面耽误的炒饭店（第十九档口-吉祥厨房美食城店）,116.32150922496722,39.98356720485604,五道口,美食推荐,宵夜
阿呆锅锅炒饭·炒粉·炒面（庆余年美食城店）,116.31891855835774,39.97266062896291,五道口,美食推荐,宵夜
锦州烧烤·五道口店（学府美食城第6档口店）,116.33244218830724,39.99121700166892,五道口,美食推荐,宵夜
肯德基宅急送(五道口店）,116.33021916414322,39.99181117657216,五道口,美食推荐,宵夜
王者蛋炒饭·走出扬州（中关村店）,116.32150223637356,39.98360421678091,五道口,美食推荐,宵夜
淄博烧烤·相约五道口（铁道边儿美食城第1档口店）,116.32917562997784,39.99116418699662,五道口,美食推荐,宵夜
东北家人东北菜（北京川渝舜酒楼+第二档口）,116.3725364127837,39.967534312921,五道口,美食推荐,宵夜
潮皇·潮汕砂锅粥（铁道边第3档口店）,116.33391934181624,39.98739539275702,五道口,美食推荐,宵夜
鸡柳大人（紫金数码园店）,116.33056224254037,39.97714413102268,五道口,美食推荐,宵夜
饺子妞·纯手工水饺（第1档口昆仑天香美食城店）,116.29846477065294,39.98294488504512,五道口,美食推荐,宵夜
椒响力现炒干锅·只用剔骨鸡（五道口店）,116.33432902122,39.99842216249998,五道口,美食推荐,宵夜
北京沁汁包·现熬粥（第七档口-乙九号美食城店）,116.33282042575628,39.9904873215508,五道口,美食推荐,宵夜
曼玲粥店(六道口店),116.35490844746975,40.00018293014856,五道口,美食推荐,宵夜
达美乐比萨（五道口店）,116.33052843263845,39.99201958136779,五道口,美食推荐,宵夜
碳火小腰·烧烤•五道口（第6档口铁道边美食城店）,116.33244218830724,39.99121700166892,五道口,美食推荐,宵夜
小谷姐姐麻辣拌●麻辣烫(五道口店),116.33418436568115,39.99826643888053,五道口,美食推荐,宵夜
肯德基宅急送(知春路店）,116.33764257932918,39.9754080025332,五道口,美食推荐,宵夜
麻辣诱惑·麻小（小龙虾.海鲜.烧烤.中关村店）,116.3251953906221,39.97047964700278,五道口,美食推荐,宵夜
一家被炒面耽误的炒饭店（第十九档口-吉祥厨房美食城店）,116.32150922496722,39.98356720485604,五道口,美食推荐,宵夜
阿呆锅锅炒饭·炒粉·炒面（庆余年美食城店）,116.31891855835774,39.97266062896291,五道口,美食推荐,宵夜
锦州烧烤·五道口店（学府美食城第6档口店）,116.33244218830724,39.99121700166892,五道口,美食推荐,宵夜
肯德基宅急送(五道口店）,116.33021916414322,39.99181117657216,五道口,美食推荐,宵夜
王者蛋炒饭·走出扬州（中关村店）,116.32150223637356,39.98360421678091,五道口,美食推荐,宵夜
淄博烧烤·相约五道口（铁道边儿美食城第1档口店）,116.32917562997784,39.99116418699662,五道口,美食推荐,宵夜
东北家人东北菜（北京川渝舜酒楼+第二档口）,116.3725364127837,39.967534312921,五道口,美食推荐,宵夜
潮皇·潮汕砂锅粥（铁道边第3档口店）,116.33391934181624,39.98739539275702,五道口,美食推荐,宵夜
鸡柳大人（紫金数码园店）,116.33056224254037,39.97714413102268,五道口,美食推荐,宵夜
饺子妞·纯手工水饺（第1档口昆仑天香美食城店）,116.29846477065294,39.98294488504512,五道口,美食推荐,宵夜
椒响力现炒干锅·只用剔骨鸡（五道口店）,116.33432902122,39.99842216249998,五道口,美食推荐,宵夜
北京沁汁包·现熬粥（第七档口-乙九号美食城店）,116.33282042575628,39.9904873215508,五道口,美食推荐,宵夜
曼玲粥店(六道口店),116.35490844746975,40.00018293014856,五道口,美食推荐,宵夜
达美乐比萨（五道口店）,116.33052843263845,39.99201958136779,五道口,美食推荐,宵夜
碳火小腰·烧烤•五道口（第6档口铁道边美食城店）,116.33244218830724,39.99121700166892,五道口,美食推荐,宵夜
小谷姐姐麻辣拌●麻辣烫(五道口店),116.33418436568115,39.99826643888053,五道口,美食推荐,宵夜
肯德基宅急送(知春路店）,116.33764257932918,39.9754080025332,五道口,美食推荐,宵夜
麻辣诱惑·麻小（小龙虾.海鲜.烧烤.中关村店）,116.3251953906221,39.97047964700278,五道口,美食推荐,宵夜
一家被炒面耽误的炒饭店（第十九档口-吉祥厨房美食城店）,116.32150922496722,39.98356720485604,五道口,美食推荐,宵夜
阿呆锅锅炒饭·炒粉·炒面（庆余年美食城店）,116.31891855835774,39.97266062896291,五道口,美食推荐,宵夜
锦州烧烤·五道口店（学府美食城第6档口店）,116.33244218830724,39.99121700166892,五道口,美食推荐,宵夜
醉爱黄焖鸡米饭排骨米饭（五道口店）,116.33443976635932,39.998472953991744,五道口,美食推荐,宵夜
Obligi Chicken韩式炸鸡（五道口-遇叶美食城第A2档口店),116.33401193905053,39.996801823447335,五道口,美食推荐,宵夜
小北鲸水饺（双清路店）,116.3285675364604,39.99499318376351,五道口,美食推荐,宵夜
柳叶刀烧烤（北大清华店）,116.31737281277698,39.99073485356597,五道口,美食推荐,宵夜
面乡山西刀削面（北航店）,116.3405101219888,39.98494042931651,五道口,美食推荐,宵夜
华莱士全鸡汉堡(五道口店),116.32782624855498,39.98700893404656,五道口,美食推荐,宵夜
曼玲粥(五道口店·包子·馅饼·油条),116.32788118198523,39.98653984854911,五道口,美食推荐,宵夜
塔斯汀·中国汉堡(五道口店),116.34587530294644,39.9969995598837,五道口,美食推荐,宵夜
必胜客（五道口店）,116.3303698137964,39.991864888572266,五道口,美食推荐,宵夜
一碗赌上厨师生涯的炒饭·王者炒饭（中关村吉祥厨房美食城店）,116.3212817380912,39.98365063911848,五道口,美食推荐,宵夜
李先生牛肉面（北京五道口店）,116.3302780323098,39.991792065702825,五道口,美食推荐,宵夜
绝味鸭脖（五道口店）,116.33003260875635,39.99166153691687,五道口,美食推荐,宵夜
徐州肉筋卷饼·五道口店（第3风味美食城店）,116.32945891616318,39.99168462608186,五道口,美食推荐,宵夜
佳木斯烧烤·舌尖上的招牌大油边·宵食（海淀区总店）,116.33632173708394,39.973523501930096,五道口,美食推荐,宵夜
Timefor牛排·火焰牛排饭·意面(第9档口-铁道边美食城店),116.33404207797332,39.98730116752884,五道口,美食推荐,宵夜
泡面研究院•用心泡好面（第8档口学府美食城店）,116.32771795460344,39.98339929003633,五道口,美食推荐,宵夜
东北饺子馆（五道口店）,116.3284988156445,39.98614768581907,五道口,美食推荐,宵夜
塔斯汀·中国汉堡(中关村店),116.3098350126278,39.98104753586423,五道口,美食推荐,宵夜
铁道边2.0烧烤（第1风味北京学府亿客来商贸有限责任公司）,116.33286328628976,39.99082322700092,五道口,美食推荐,宵夜
醉爱黄焖鸡米饭排骨米饭（五道口店）,116.33443976635932,39.998472953991744,五道口,美食推荐,宵夜
Obligi Chicken韩式炸鸡（五道口-遇叶美食城第A2档口店),116.33401193905053,39.996801823447335,五道口,美食推荐,宵夜
小北鲸水饺（双清路店）,116.3285675364604,39.99499318376351,五道口,美食推荐,宵夜
柳叶刀烧烤（北大清华店）,116.31737281277698,39.99073485356597,五道口,美食推荐,宵夜
面乡山西刀削面（北航店）,116.3405101219888,39.98494042931651,五道口,美食推荐,宵夜
华莱士全鸡汉堡(五道口店),116.32782624855498,39.98700893404656,五道口,美食推荐,宵夜
曼玲粥(五道口店·包子·馅饼·油条),116.32788118198523,39.98653984854911,五道口,美食推荐,宵夜
塔斯汀·中国汉堡(五道口店),116.34587530294644,39.9969995598837,五道口,美食推荐,宵夜
必胜客（五道口店）,116.3303698137964,39.991864888572266,五道口,美食推荐,宵夜
一碗赌上厨师生涯的炒饭·王者炒饭（中关村吉祥厨房美食城店）,116.3212817380912,39.98365063911848,五道口,美食推荐,宵夜
李先生牛肉面（北京五道口店）,116.3302780323098,39.991792065702825,五道口,美食推荐,宵夜
绝味鸭脖（五道口店）,116.33003260875635,39.99166153691687,五道口,美食推荐,宵夜
徐州肉筋卷饼·五道口店（第3风味美食城店）,116.32945891616318,39.99168462608186,五道口,美食推荐,宵夜
佳木斯烧烤·舌尖上的招牌大油边·宵食（海淀区总店）,116.33632173708394,39.973523501930096,五道口,美食推荐,宵夜
Timefor牛排·火焰牛排饭·意面(第9档口-铁道边美食城店),116.33404207797332,39.98730116752884,五道口,美食推荐,宵夜
泡面研究院•用心泡好面（第8档口学府美食城店）,116.32771795460344,39.98339929003633,五道口,美食推荐,宵夜
东北饺子馆（五道口店）,116.3284988156445,39.98614768581907,五道口,美食推荐,宵夜
塔斯汀·中国汉堡(中关村店),116.3098350126278,39.98104753586423,五道口,美食推荐,宵夜
铁道边2.0烧烤（第1风味北京学府亿客来商贸有限责任公司）,116.33286328628976,39.99082322700092,五道口,美食推荐,宵夜
醉爱黄焖鸡米饭排骨米饭（五道口店）,116.33443976635932,39.998472953991744,五道口,美食推荐,宵夜
Obligi Chicken韩式炸鸡（五道口-遇叶美食城第A2档口店),116.33401193905053,39.996801823447335,五道口,美食推荐,宵夜
小北鲸水饺（双清路店）,116.3285675364604,39.99499318376351,五道口,美食推荐,宵夜
柳叶刀烧烤（北大清华店）,116.31737281277698,39.99073485356597,五道口,美食推荐,宵夜
面乡山西刀削面（北航店）,116.3405101219888,39.98494042931651,五道口,美食推荐,宵夜
华莱士全鸡汉堡(五道口店),116.32782624855498,39.98700893404656,五道口,美食推荐,宵夜
曼玲粥(五道口店·包子·馅饼·油条),116.32788118198523,39.98653984854911,五道口,美食推荐,宵夜
塔斯汀·中国汉堡(五道口店),116.34587530294644,39.9969995598837,五道口,美食推荐,宵夜
必胜客（五道口店）,116.3303698137964,39.991864888572266,五道口,美食推荐,宵夜
一碗赌上厨师生涯的炒饭·王者炒饭（中关村吉祥厨房美食城店）,116.3212817380912,39.98365063911848,五道口,美食推荐,宵夜
李先生牛肉面（北京五道口店）,116.3302780323098,39.991792065702825,五道口,美食推荐,宵夜
绝味鸭脖（五道口店）,116.33003260875635,39.99166153691687,五道口,美食推荐,宵夜
徐州肉筋卷饼·五道口店（第3风味美食城店）,116.32945891616318,39.99168462608186,五道口,美食推荐,宵夜
佳木斯烧烤·舌尖上的招牌大油边·宵食（海淀区总店）,116.33632173708394,39.973523501930096,五道口,美食推荐,宵夜
Timefor牛排·火焰牛排饭·意面(第9档口-铁道边美食城店),116.33404207797332,39.98730116752884,五道口,美食推荐,宵夜
泡面研究院•用心泡好面（第8档口学府美食城店）,116.32771795460344,39.98339929003633,五道口,美食推荐,宵夜
东北饺子馆（五道口店）,116.3284988156445,39.98614768581907,五道口,美食推荐,宵夜
塔斯汀·中国汉堡(中关村店),116.3098350126278,39.98104753586423,五道口,美食推荐,宵夜
铁道边2.0烧烤（第1风味北京学府亿客来商贸有限责任公司）,116.33286328628976,39.99082322700092,五道口,美食推荐,宵夜
醉爱黄焖鸡米饭排骨米饭（五道口店）,116.33443976635932,39.998472953991744,五道口,美食推荐,宵夜
Obligi Chicken韩式炸鸡（五道口-遇叶美食城第A2档口店),116.33401193905053,39.996801823447335,五道口,美食推荐,宵夜
小北鲸水饺（双清路店）,116.3285675364604,39.99499318376351,五道口,美食推荐,宵夜
柳叶刀烧烤（北大清华店）,116.31737281277698,39.99073485356597,五道口,美食推荐,宵夜
面乡山西刀削面（北航店）,116.3405101219888,39.98494042931651,五道口,美食推荐,宵夜
华莱士全鸡汉堡(五道口店),116.32782624855498,39.98700893404656,五道口,美食推荐,宵夜
曼玲粥(五道口店·包子·馅饼·油条),116.32788118198523,39.98653984854911,五道口,美食推荐,宵夜
塔斯汀·中国汉堡(五道口店),116.34587530294644,39.9969995598837,五道口,美食推荐,宵夜
必胜客（五道口店）,116.3303698137964,39.991864888572266,五道口,美食推荐,宵夜
一碗赌上厨师生涯的炒饭·王者炒饭（中关村吉祥厨房美食城店）,116.3212817380912,39.98365063911848,五道口,美食推荐,宵夜
李先生牛肉面（北京五道口店）,116.3302780323098,39.991792065702825,五道口,美食推荐,宵夜
绝味鸭脖（五道口店）,116.33003260875635,39.99166153691687,五道口,美食推荐,宵夜
徐州肉筋卷饼·五道口店（第3风味美食城店）,116.32945891616318,39.99168462608186,五道口,美食推荐,宵夜
佳木斯烧烤·舌尖上的招牌大油边·宵食（海淀区总店）,116.33632173708394,39.973523501930096,五道口,美食推荐,宵夜
Timefor牛排·火焰牛排饭·意面(第9档口-铁道边美食城店),116.33404207797332,39.98730116752884,五道口,美食推荐,宵夜
泡面研究院•用心泡好面（第8档口学府美食城店）,116.32771795460344,39.98339929003633,五道口,美食推荐,宵夜
东北饺子馆（五道口店）,116.3284988156445,39.98614768581907,五道口,美食推荐,宵夜
塔斯汀·中国汉堡(中关村店),116.3098350126278,39.98104753586423,五道口,美食推荐,宵夜
铁道边2.0烧烤（第1风味北京学府亿客来商贸有限责任公司）,116.33286328628976,39.99082322700092,五道口,美食推荐,宵夜
醉爱黄焖鸡米饭排骨米饭（五道口店）,116.33443976635932,39.998472953991744,五道口,美食推荐,宵夜
Obligi Chicken韩式炸鸡（五道口-遇叶美食城第A2档口店),116.33401193905053,39.996801823447335,五道口,美食推荐,宵夜
小北鲸水饺（双清路店）,116.3285675364604,39.99499318376351,五道口,美食推荐,宵夜
柳叶刀烧烤（北大清华店）,116.31737281277698,39.99073485356597,五道口,美食推荐,宵夜
面乡山西刀削面（北航店）,116.3405101219888,39.98494042931651,五道口,美食推荐,宵夜
华莱士全鸡汉堡(五道口店),116.32782624855498,39.98700893404656,五道口,美食推荐,宵夜
曼玲粥(五道口店·包子·馅饼·油条),116.32788118198523,39.98653984854911,五道口,美食推荐,宵夜
塔斯汀·中国汉堡(五道口店),116.34587530294644,39.9969995598837,五道口,美食推荐,宵夜
必胜客（五道口店）,116.3303698137964,39.991864888572266,五道口,美食推荐,宵夜
一碗赌上厨师生涯的炒饭·王者炒饭（中关村吉祥厨房美食城店）,116.3212817380912,39.98365063911848,五道口,美食推荐,宵夜
李先生牛肉面（北京五道口店）,116.3302780323098,39.991792065702825,五道口,美食推荐,宵夜
绝味鸭脖（五道口店）,116.33003260875635,39.99166153691687,五道口,美食推荐,宵夜
徐州肉筋卷饼·五道口店（第3风味美食城店）,116.32945891616318,39.99168462608186,五道口,美食推荐,宵夜
佳木斯烧烤·舌尖上的招牌大油边·宵食（海淀区总店）,116.33632173708394,39.973523501930096,五道口,美食推荐,宵夜
Timefor牛排·火焰牛排饭·意面(第9档口-铁道边美食城店),116.33404207797332,39.98730116752884,五道口,美食推荐,宵夜
泡面研究院•用心泡好面（第8档口学府美食城店）,116.32771795460344,39.98339929003633,五道口,美食推荐,宵夜
东北饺子馆（五道口店）,116.3284988156445,39.98614768581907,五道口,美食推荐,宵夜
塔斯汀·中国汉堡(中关村店),116.3098350126278,39.98104753586423,五道口,美食推荐,宵夜
铁道边2.0烧烤（第1风味北京学府亿客来商贸有限责任公司）,116.33286328628976,39.99082322700092,五道口,美食推荐,宵夜
披萨革命(中关村店),116.31041525481766,39.98480129739242,五道口,美食推荐,宵夜
西部马华清真牛肉面（学院路店）,116.34610551230104,39.99166139584823,五道口,美食推荐,宵夜
麦当劳＆麦咖啡（北京澜园店）,116.33345902952696,39.99013713905136,五道口,美食推荐,宵夜
一碗低脂de海南鸡饭（东王庄店）,116.33415863382405,39.99661055790705,五道口,美食推荐,宵夜
食夫指·手撕烤鸭（学清路店）,116.34471211473446,40.009437002676094,五道口,美食推荐,宵夜
魏家凉皮(财智大厦店）,116.32739125050006,39.98698176671495,五道口,美食推荐,宵夜
华莱士·全鸡汉堡（海淀大学城店）,116.3494686988703,39.99230878151232,五道口,美食推荐,宵夜
曼玲粥(北京知春路店）,116.33642249041544,39.97370630899131,五道口,美食推荐,宵夜
伊兰食府·中华传统牛肉面,116.32821413276103,39.9809044445913,五道口,美食推荐,宵夜
鸟鹏烧鸟居酒屋（中关村店）,116.32177662086332,39.98347569411412,五道口,美食推荐,宵夜
麦当劳＆麦咖啡（北京五道口店）,116.33324138518162,39.99119950209656,五道口,美食推荐,宵夜
汉堡王（五道口餐厅19195店）,116.32783369950502,39.991204744642985,五道口,美食推荐,宵夜
饭不二香稻米炒饭·炒面·炒河粉（五道口店）,116.33440091535142,39.99798604730515,五道口,美食推荐,宵夜
川椒魂●干锅方便面（第2档口富老八美食城店）,116.33219966582602,39.991780434325,五道口,美食推荐,宵夜
锦州烧烤（科大店）,116.3416085359512,39.994609069806245,五道口,美食推荐,宵夜
门框胡同百年卤煮（中关村店）,116.32149972241544,39.9798083769806,五道口,美食推荐,宵夜
米村拌饭(五道口购物中心店),116.3332983566645,39.99041242838528,五道口,美食推荐,晚餐
鸡麦郎叫花鸡·窑鸡·手撕鸡（第一档口+五号美食城店）,116.41180164190328,39.9815472837437,五道口,美食推荐,晚餐
人民公社大食堂•东北菜中关村店（第6档口+吉祥厨房美食城店）,116.3276940747961,39.98288335686584,五道口,美食推荐,晚餐
华莱士全鸡汉堡(五道口店),116.32782624855498,39.98700893404656,五道口,美食推荐,晚餐
湘味印象·湘菜（小锅现炒·五道口店）,116.32784068879452,39.9911627330544,五道口,美食推荐,晚餐
谷米·中华牛肉瓦锅饭·五道口店(第3号档口吉祥厨房美食城店),116.33307979600396,39.99083482030717,五道口,美食推荐,晚餐
肯德基宅急送(五道口店）,116.33021916414322,39.99181117657216,五道口,美食推荐,晚餐
麦稻中式健康菜·轻油低脂（第五档口禾留香美食城店）,116.34251905731688,39.92018447337642,五道口,美食推荐,晚餐
西贝（北京五道口店）,116.3332554902496,39.99012152088022,五道口,美食推荐,晚餐
他二哥炒鸡（五道口店）,116.32719920441292,39.99082497374397,五道口,美食推荐,晚餐
霸碗盖码饭（清华科技园店）,116.32518170427264,39.99193979446477,五道口,美食推荐,晚餐
小吊梨汤·北京菜·烤鸭（融科店）,116.32085984297844,39.9825914942732,五道口,美食推荐,晚餐
东北黏糊糊砂锅面•麻辣烫(风味01店),116.31091560085105,39.98117750855464,五道口,美食推荐,晚餐
必胜客（五道口店）,116.3303698137964,39.991864888572266,五道口,美食推荐,晚餐
饭否丨精致小份菜·鲜粥炖汤·小吃(中关村店),116.31873697528069,39.972655977828005,五道口,美食推荐,晚餐
麦当劳＆麦咖啡（北京五道口店）,116.33324138518162,39.99119950209656,五道口,美食推荐,晚餐
Tunamaki(中关村大融城店),116.30608031158056,39.98018450494628,五道口,美食推荐,晚餐
米村拌饭(五道口购物中心店),116.3332983566645,39.99041242838528,五道口,美食推荐,晚餐
鸡麦郎叫花鸡·窑鸡·手撕鸡（第一档口+五号美食城店）,116.41180164190328,39.9815472837437,五道口,美食推荐,晚餐
人民公社大食堂•东北菜中关村店（第6档口+吉祥厨房美食城店）,116.3276940747961,39.98288335686584,五道口,美食推荐,晚餐
华莱士全鸡汉堡(五道口店),116.32782624855498,39.98700893404656,五道口,美食推荐,晚餐
湘味印象·湘菜（小锅现炒·五道口店）,116.32784068879452,39.9911627330544,五道口,美食推荐,晚餐
谷米·中华牛肉瓦锅饭·五道口店(第3号档口吉祥厨房美食城店),116.33307979600396,39.99083482030717,五道口,美食推荐,晚餐
肯德基宅急送(五道口店）,116.33021916414322,39.99181117657216,五道口,美食推荐,晚餐
麦稻中式健康菜·轻油低脂（第五档口禾留香美食城店）,116.34251905731688,39.92018447337642,五道口,美食推荐,晚餐
西贝（北京五道口店）,116.3332554902496,39.99012152088022,五道口,美食推荐,晚餐
他二哥炒鸡（五道口店）,116.32719920441292,39.99082497374397,五道口,美食推荐,晚餐
霸碗盖码饭（清华科技园店）,116.32518170427264,39.99193979446477,五道口,美食推荐,晚餐
小吊梨汤·北京菜·烤鸭（融科店）,116.32085984297844,39.9825914942732,五道口,美食推荐,晚餐
东北黏糊糊砂锅面•麻辣烫(风味01店),116.31091560085105,39.98117750855464,五道口,美食推荐,晚餐
必胜客（五道口店）,116.3303698137964,39.991864888572266,五道口,美食推荐,晚餐
饭否丨精致小份菜·鲜粥炖汤·小吃(中关村店),116.31873697528069,39.972655977828005,五道口,美食推荐,晚餐
麦当劳＆麦咖啡（北京五道口店）,116.33324138518162,39.99119950209656,五道口,美食推荐,晚餐
Tunamaki(中关村大融城店),116.30608031158056,39.98018450494628,五道口,美食推荐,晚餐
米村拌饭(五道口购物中心店),116.3332983566645,39.99041242838528,五道口,美食推荐,晚餐
鸡麦郎叫花鸡·窑鸡·手撕鸡（第一档口+五号美食城店）,116.41180164190328,39.9815472837437,五道口,美食推荐,晚餐
人民公社大食堂•东北菜中关村店（第6档口+吉祥厨房美食城店）,116.3276940747961,39.98288335686584,五道口,美食推荐,晚餐
华莱士全鸡汉堡(五道口店),116.32782624855498,39.98700893404656,五道口,美食推荐,晚餐
湘味印象·湘菜（小锅现炒·五道口店）,116.32784068879452,39.9911627330544,五道口,美食推荐,晚餐
谷米·中华牛肉瓦锅饭·五道口店(第3号档口吉祥厨房美食城店),116.33307979600396,39.99083482030717,五道口,美食推荐,晚餐
肯德基宅急送(五道口店）,116.33021916414322,39.99181117657216,五道口,美食推荐,晚餐
麦稻中式健康菜·轻油低脂（第五档口禾留香美食城店）,116.34251905731688,39.92018447337642,五道口,美食推荐,晚餐
西贝（北京五道口店）,116.3332554902496,39.99012152088022,五道口,美食推荐,晚餐
他二哥炒鸡（五道口店）,116.32719920441292,39.99082497374397,五道口,美食推荐,晚餐
霸碗盖码饭（清华科技园店）,116.32518170427264,39.99193979446477,五道口,美食推荐,晚餐
小吊梨汤·北京菜·烤鸭（融科店）,116.32085984297844,39.9825914942732,五道口,美食推荐,晚餐
东北黏糊糊砂锅面•麻辣烫(风味01店),116.31091560085105,39.98117750855464,五道口,美食推荐,晚餐
必胜客（五道口店）,116.3303698137964,39.991864888572266,五道口,美食推荐,晚餐
饭否丨精致小份菜·鲜粥炖汤·小吃(中关村店),116.31873697528069,39.972655977828005,五道口,美食推荐,晚餐
麦当劳＆麦咖啡（北京五道口店）,116.33324138518162,39.99119950209656,五道口,美食推荐,晚餐
Tunamaki(中关村大融城店),116.30608031158056,39.98018450494628,五道口,美食推荐,晚餐
米村拌饭(五道口购物中心店),116.3332983566645,39.99041242838528,五道口,美食推荐,晚餐
鸡麦郎叫花鸡·窑鸡·手撕鸡（第一档口+五号美食城店）,116.41180164190328,39.9815472837437,五道口,美食推荐,晚餐
人民公社大食堂•东北菜中关村店（第6档口+吉祥厨房美食城店）,116.3276940747961,39.98288335686584,五道口,美食推荐,晚餐
华莱士全鸡汉堡(五道口店),116.32782624855498,39.98700893404656,五道口,美食推荐,晚餐
湘味印象·湘菜（小锅现炒·五道口店）,116.32784068879452,39.9911627330544,五道口,美食推荐,晚餐
谷米·中华牛肉瓦锅饭·五道口店(第3号档口吉祥厨房美食城店),116.33307979600396,39.99083482030717,五道口,美食推荐,晚餐
肯德基宅急送(五道口店）,116.33021916414322,39.99181117657216,五道口,美食推荐,晚餐
麦稻中式健康菜·轻油低脂（第五档口禾留香美食城店）,116.34251905731688,39.92018447337642,五道口,美食推荐,晚餐
西贝（北京五道口店）,116.3332554902496,39.99012152088022,五道口,美食推荐,晚餐
他二哥炒鸡（五道口店）,116.32719920441292,39.99082497374397,五道口,美食推荐,晚餐
霸碗盖码饭（清华科技园店）,116.32518170427264,39.99193979446477,五道口,美食推荐,晚餐
小吊梨汤·北京菜·烤鸭（融科店）,116.32085984297844,39.9825914942732,五道口,美食推荐,晚餐
东北黏糊糊砂锅面•麻辣烫(风味01店),116.31091560085105,39.98117750855464,五道口,美食推荐,晚餐
必胜客（五道口店）,116.3303698137964,39.991864888572266,五道口,美食推荐,晚餐
饭否丨精致小份菜·鲜粥炖汤·小吃(中关村店),116.31873697528069,39.972655977828005,五道口,美食推荐,晚餐
麦当劳＆麦咖啡（北京五道口店）,116.33324138518162,39.99119950209656,五道口,美食推荐,晚餐
Tunamaki(中关村大融城店),116.30608031158056,39.98018450494628,五道口,美食推荐,晚餐
塔斯汀·中国汉堡(五道口店),116.34587530294644,39.9969995598837,五道口,美食推荐,晚餐
老乡鸡（北京五道口店）,116.33291521637238,39.99045014518098,五道口,美食推荐,晚餐
李先生牛肉面（北京五道口店）,116.3302780323098,39.991792065702825,五道口,美食推荐,晚餐
醉爱黄焖鸡米饭排骨米饭（五道口店）,116.33443976635932,39.998472953991744,五道口,美食推荐,晚餐
达美乐比萨（五道口店）,116.33052843263845,39.99201958136779,五道口,美食推荐,晚餐
吉野家(成府路店),116.32500311136906,39.99197313602083,五道口,美食推荐,晚餐
曼玲粥(五道口店·包子·馅饼·油条),116.32788118198523,39.98653984854911,五道口,美食推荐,晚餐
淄博烧烤·相约五道口（铁道边儿美食城第1档口店）,116.32917562997784,39.99116418699662,五道口,美食推荐,晚餐
锦州烧烤·五道口店（学府美食城第6档口店）,116.33244218830724,39.99121700166892,五道口,美食推荐,晚餐
塔斯汀·中国汉堡(中关村店),116.3098350126278,39.98104753586423,五道口,美食推荐,晚餐
李先生牛肉面（北京清华大学店）,116.31908702238547,39.99756727506115,五道口,美食推荐,晚餐
一家被炒面耽误的炒饭店（第十九档口-吉祥厨房美食城店）,116.32150922496722,39.98356720485604,五道口,美食推荐,晚餐
东北饺子馆（五道口店）,116.3284988156445,39.98614768581907,五道口,美食推荐,晚餐
嘎嘎香东北老饭盒（第1档口+天天快厨美食城店）,116.32207291440132,39.98366611616513,五道口,美食推荐,晚餐
冯哥.家常炒菜(第五档口福玉岛美食城店),116.33244218830724,39.99121700166892,五道口,美食推荐,晚餐
麦当劳&麦咖啡(北京紫金数码园店),116.34744369532704,39.92174496568556,五道口,美食推荐,晚餐
陕十一·凉皮·肉夹馍（第1档口吉祥厨房美食城店）,116.3057533149352,40.03330671787514,五道口,美食推荐,晚餐
塔斯汀·中国汉堡(五道口店),116.34587530294644,39.9969995598837,五道口,美食推荐,晚餐
老乡鸡（北京五道口店）,116.33291521637238,39.99045014518098,五道口,美食推荐,晚餐
李先生牛肉面（北京五道口店）,116.3302780323098,39.991792065702825,五道口,美食推荐,晚餐
醉爱黄焖鸡米饭排骨米饭（五道口店）,116.33443976635932,39.998472953991744,五道口,美食推荐,晚餐
达美乐比萨（五道口店）,116.33052843263845,39.99201958136779,五道口,美食推荐,晚餐
吉野家(成府路店),116.32500311136906,39.99197313602083,五道口,美食推荐,晚餐
曼玲粥(五道口店·包子·馅饼·油条),116.32788118198523,39.98653984854911,五道口,美食推荐,晚餐
淄博烧烤·相约五道口（铁道边儿美食城第1档口店）,116.32917562997784,39.99116418699662,五道口,美食推荐,晚餐
锦州烧烤·五道口店（学府美食城第6档口店）,116.33244218830724,39.99121700166892,五道口,美食推荐,晚餐
塔斯汀·中国汉堡(中关村店),116.3098350126278,39.98104753586423,五道口,美食推荐,晚餐
李先生牛肉面（北京清华大学店）,116.31908702238547,39.99756727506115,五道口,美食推荐,晚餐
一家被炒面耽误的炒饭店（第十九档口-吉祥厨房美食城店）,116.32150922496722,39.98356720485604,五道口,美食推荐,晚餐
东北饺子馆（五道口店）,116.3284988156445,39.98614768581907,五道口,美食推荐,晚餐
嘎嘎香东北老饭盒（第1档口+天天快厨美食城店）,116.32207291440132,39.98366611616513,五道口,美食推荐,晚餐
冯哥.家常炒菜(第五档口福玉岛美食城店),116.33244218830724,39.99121700166892,五道口,美食推荐,晚餐
麦当劳&麦咖啡(北京紫金数码园店),116.34744369532704,39.92174496568556,五道口,美食推荐,晚餐
陕十一·凉皮·肉夹馍（第1档口吉祥厨房美食城店）,116.3057533149352,40.03330671787514,五道口,美食推荐,晚餐
塔斯汀·中国汉堡(五道口店),116.34587530294644,39.9969995598837,五道口,美食推荐,晚餐
老乡鸡（北京五道口店）,116.33291521637238,39.99045014518098,五道口,美食推荐,晚餐
李先生牛肉面（北京五道口店）,116.3302780323098,39.991792065702825,五道口,美食推荐,晚餐
醉爱黄焖鸡米饭排骨米饭（五道口店）,116.33443976635932,39.998472953991744,五道口,美食推荐,晚餐
达美乐比萨（五道口店）,116.33052843263845,39.99201958136779,五道口,美食推荐,晚餐
吉野家(成府路店),116.32500311136906,39.99197313602083,五道口,美食推荐,晚餐
曼玲粥(五道口店·包子·馅饼·油条),116.32788118198523,39.98653984854911,五道口,美食推荐,晚餐
淄博烧烤·相约五道口（铁道边儿美食城第1档口店）,116.32917562997784,39.99116418699662,五道口,美食推荐,晚餐
锦州烧烤·五道口店（学府美食城第6档口店）,116.33244218830724,39.99121700166892,五道口,美食推荐,晚餐
塔斯汀·中国汉堡(中关村店),116.3098350126278,39.98104753586423,五道口,美食推荐,晚餐
李先生牛肉面（北京清华大学店）,116.31908702238547,39.99756727506115,五道口,美食推荐,晚餐
一家被炒面耽误的炒饭店（第十九档口-吉祥厨房美食城店）,116.32150922496722,39.98356720485604,五道口,美食推荐,晚餐
东北饺子馆（五道口店）,116.3284988156445,39.98614768581907,五道口,美食推荐,晚餐
嘎嘎香东北老饭盒（第1档口+天天快厨美食城店）,116.32207291440132,39.98366611616513,五道口,美食推荐,晚餐
冯哥.家常炒菜(第五档口福玉岛美食城店),116.33244218830724,39.99121700166892,五道口,美食推荐,晚餐
麦当劳&麦咖啡(北京紫金数码园店),116.34744369532704,39.92174496568556,五道口,美食推荐,晚餐
陕十一·凉皮·肉夹馍（第1档口吉祥厨房美食城店）,116.3057533149352,40.03330671787514,五道口,美食推荐,晚餐
塔斯汀·中国汉堡(五道口店),116.34587530294644,39.9969995598837,五道口,美食推荐,晚餐
老乡鸡（北京五道口店）,116.33291521637238,39.99045014518098,五道口,美食推荐,晚餐
李先生牛肉面（北京五道口店）,116.3302780323098,39.991792065702825,五道口,美食推荐,晚餐
醉爱黄焖鸡米饭排骨米饭（五道口店）,116.33443976635932,39.998472953991744,五道口,美食推荐,晚餐
达美乐比萨（五道口店）,116.33052843263845,39.99201958136779,五道口,美食推荐,晚餐
吉野家(成府路店),116.32500311136906,39.99197313602083,五道口,美食推荐,晚餐
曼玲粥(五道口店·包子·馅饼·油条),116.32788118198523,39.98653984854911,五道口,美食推荐,晚餐
淄博烧烤·相约五道口（铁道边儿美食城第1档口店）,116.32917562997784,39.99116418699662,五道口,美食推荐,晚餐
锦州烧烤·五道口店（学府美食城第6档口店）,116.33244218830724,39.99121700166892,五道口,美食推荐,晚餐
塔斯汀·中国汉堡(中关村店),116.3098350126278,39.98104753586423,五道口,美食推荐,晚餐
李先生牛肉面（北京清华大学店）,116.31908702238547,39.99756727506115,五道口,美食推荐,晚餐
一家被炒面耽误的炒饭店（第十九档口-吉祥厨房美食城店）,116.32150922496722,39.98356720485604,五道口,美食推荐,晚餐
东北饺子馆（五道口店）,116.3284988156445,39.98614768581907,五道口,美食推荐,晚餐
嘎嘎香东北老饭盒（第1档口+天天快厨美食城店）,116.32207291440132,39.98366611616513,五道口,美食推荐,晚餐
冯哥.家常炒菜(第五档口福玉岛美食城店),116.33244218830724,39.99121700166892,五道口,美食推荐,晚餐
麦当劳&麦咖啡(北京紫金数码园店),116.34744369532704,39.92174496568556,五道口,美食推荐,晚餐
陕十一·凉皮·肉夹馍（第1档口吉祥厨房美食城店）,116.3057533149352,40.03330671787514,五道口,美食推荐,晚餐
塔斯汀·中国汉堡(五道口店),116.34587530294644,39.9969995598837,五道口,美食推荐,晚餐
老乡鸡（北京五道口店）,116.33291521637238,39.99045014518098,五道口,美食推荐,晚餐
李先生牛肉面（北京五道口店）,116.3302780323098,39.991792065702825,五道口,美食推荐,晚餐
醉爱黄焖鸡米饭排骨米饭（五道口店）,116.33443976635932,39.998472953991744,五道口,美食推荐,晚餐
达美乐比萨（五道口店）,116.33052843263845,39.99201958136779,五道口,美食推荐,晚餐
吉野家(成府路店),116.32500311136906,39.99197313602083,五道口,美食推荐,晚餐
曼玲粥(五道口店·包子·馅饼·油条),116.32788118198523,39.98653984854911,五道口,美食推荐,晚餐
淄博烧烤·相约五道口（铁道边儿美食城第1档口店）,116.32917562997784,39.99116418699662,五道口,美食推荐,晚餐
锦州烧烤·五道口店（学府美食城第6档口店）,116.33244218830724,39.99121700166892,五道口,美食推荐,晚餐
塔斯汀·中国汉堡(中关村店),116.3098350126278,39.98104753586423,五道口,美食推荐,晚餐
李先生牛肉面（北京清华大学店）,116.31908702238547,39.99756727506115,五道口,美食推荐,晚餐
一家被炒面耽误的炒饭店（第十九档口-吉祥厨房美食城店）,116.32150922496722,39.98356720485604,五道口,美食推荐,晚餐
东北饺子馆（五道口店）,116.3284988156445,39.98614768581907,五道口,美食推荐,晚餐
嘎嘎香东北老饭盒（第1档口+天天快厨美食城店）,116.32207291440132,39.98366611616513,五道口,美食推荐,晚餐
冯哥.家常炒菜(第五档口福玉岛美食城店),116.33244218830724,39.99121700166892,五道口,美食推荐,晚餐
麦当劳&麦咖啡(北京紫金数码园店),116.34744369532704,39.92174496568556,五道口,美食推荐,晚餐
陕十一·凉皮·肉夹馍（第1档口吉祥厨房美食城店）,116.3057533149352,40.03330671787514,五道口,美食推荐,晚餐
东北大馅饺子王（五道口店）,116.32764913355976,39.99112210082065,五道口,美食推荐,晚餐
方砖厂69号炸酱面（五道口店）,116.32996874979628,39.99169865659897,五道口,美食推荐,晚餐
丝路伊兰•蘭州牛肉面,116.31833359561868,39.99088200519162,五道口,美食推荐,晚餐
沙县小吃（第2风味+北京洪火火餐饮管理有限公司）,116.3059351229033,39.97622093072224,五道口,美食推荐,晚餐
华莱士·全鸡汉堡（海淀大学城店）,116.3494686988703,39.99230878151232,五道口,美食推荐,晚餐
鱼你在一起(海淀财智大厦店),116.32744315983606,39.98675667677754,五道口,美食推荐,晚餐
东北小院(知春路店),116.33705185690374,39.9756020759514,五道口,美食推荐,晚餐
一碗赌上厨师生涯的炒饭·王者炒饭（中关村吉祥厨房美食城店）,116.3212817380912,39.98365063911848,五道口,美食推荐,晚餐
麦当劳＆麦咖啡（北京保福寺桥店）,116.31130507424284,39.92291811451189,五道口,美食推荐,晚餐
喜家德虾仁水饺（北京融科店）,116.31905294500298,39.9829849517731,五道口,美食推荐,晚餐
阿呆锅锅炒饭·炒粉·炒面（庆余年美食城店）,116.31891855835774,39.97266062896291,五道口,美食推荐,晚餐
米村拌饭(北京海淀新中关购物中心店),116.30643535454855,39.98171079374911,五道口,美食推荐,晚餐
孔府·融合菜(五道口店),116.33969824697414,39.97416232485679,五道口,美食推荐,晚餐
西部马华清真牛肉面（学院路店）,116.34610551230104,39.99166139584823,五道口,美食推荐,晚餐
中国兰州拉面（第2风味北京市面肴餐饮管理有限公司店）,116.30666068908543,39.95931027985384,五道口,美食推荐,晚餐
徐州肉筋卷饼·五道口店（第3风味美食城店）,116.32945891616318,39.99168462608186,五道口,美食推荐,晚餐
小鱼大作·湘菜小炒酸菜鱼(五道口店),116.30466286794848,39.97601024911449,五道口,美食推荐,晚餐
吉野家(保福寺店),116.32767807728656,39.98315337635383,五道口,美食推荐,晚餐
北京沁汁包·现熬粥（第七档口-乙九号美食城店）,116.33282042575628,39.9904873215508,五道口,美食推荐,晚餐
小恒水饺(望京店),116.47419719777304,39.99569402991926,望京SOHO,拼好饭,中午
桃园煲仔饭（望京店）,116.47707966227324,39.98815554929232,望京SOHO,拼好饭,中午
田老师红烧肉(望京商业中心店),116.47826989195,39.9893939205902,望京SOHO,拼好饭,中午
汉堡王（合生麒麟社餐厅20008店）,116.47179656290976,39.99562729900947,望京SOHO,拼好饭,中午
袁记云饺(阜通店),116.46505063664036,39.99038917617115,望京SOHO,拼好饭,中午
南城香·饭香串香馄饨香（望京西园店）,116.47194715427534,40.00318139557035,望京SOHO,拼好饭,中午
LINLEE林里·手打柠檬茶（望京万象汇店）,116.46284478638,40.00944957414898,望京SOHO,拼好饭,中午
小东北中式快餐（第6档口+禾香鼎盛美食城店）,116.43038440894672,39.93895544543622,望京SOHO,拼好饭,中午
杨国福麻辣烫·麻辣拌（欢乐颂店）,116.4605342357193,40.00865467695014,望京SOHO,拼好饭,中午
汉堡王（合生麒麟社餐厅20008店）,116.47179656290976,39.99562729900947,望京SOHO,拼好饭,中午
麦田归来·四季轻食（望京店）,116.46063956784612,40.000823286512286,望京SOHO,拼好饭,中午
袁记云饺(阜通店),116.46505063664036,39.99038917617115,望京SOHO,拼好饭,中午
永和大王·现磨豆浆·卤肉饭·早餐粥·盖浇饭(望京金辉大厦FBJ049店),116.48296987154497,40.00160308352877,望京SOHO,拼好饭,中午
沙县小吃（博泰大厦店）,116.46697490529094,40.00106886189192,望京SOHO,拼好饭,中午
麦田归来·四季轻食（望京店）,116.46063956784612,40.000823286512286,望京SOHO,拼好饭,中午
煲仔皇煲仔饭（望京新世界店）,116.4746120112968,39.98524363642159,望京SOHO,拼好饭,中午
东北老盒饭（第6档口+丰裕美华美食城店）,116.4042938086576,39.96796689867112,望京SOHO,拼好饭,中午
华莱士·全鸡汉堡（望京店）,116.4682812223568,40.00287331621749,望京SOHO,拼好饭,中午
小恒水饺(望京店),116.47419719777304,39.99569402991926,望京SOHO,拼好饭,中午
桃园煲仔饭（望京店）,116.47707966227324,39.98815554929232,望京SOHO,拼好饭,中午
田老师红烧肉(望京商业中心店),116.47826989195,39.9893939205902,望京SOHO,拼好饭,中午
汉堡王（合生麒麟社餐厅20008店）,116.47179656290976,39.99562729900947,望京SOHO,拼好饭,中午
袁记云饺(阜通店),116.46505063664036,39.99038917617115,望京SOHO,拼好饭,中午
南城香·饭香串香馄饨香（望京西园店）,116.47194715427534,40.00318139557035,望京SOHO,拼好饭,中午
LINLEE林里·手打柠檬茶（望京万象汇店）,116.46284478638,40.00944957414898,望京SOHO,拼好饭,中午
小东北中式快餐（第6档口+禾香鼎盛美食城店）,116.43038440894672,39.93895544543622,望京SOHO,拼好饭,中午
杨国福麻辣烫·麻辣拌（欢乐颂店）,116.4605342357193,40.00865467695014,望京SOHO,拼好饭,中午
汉堡王（合生麒麟社餐厅20008店）,116.47179656290976,39.99562729900947,望京SOHO,拼好饭,中午
麦田归来·四季轻食（望京店）,116.46063956784612,40.000823286512286,望京SOHO,拼好饭,中午
袁记云饺(阜通店),116.46505063664036,39.99038917617115,望京SOHO,拼好饭,中午
永和大王·现磨豆浆·卤肉饭·早餐粥·盖浇饭(望京金辉大厦FBJ049店),116.48296987154497,40.00160308352877,望京SOHO,拼好饭,中午
沙县小吃（博泰大厦店）,116.46697490529094,40.00106886189192,望京SOHO,拼好饭,中午
麦田归来·四季轻食（望京店）,116.46063956784612,40.000823286512286,望京SOHO,拼好饭,中午
煲仔皇煲仔饭（望京新世界店）,116.4746120112968,39.98524363642159,望京SOHO,拼好饭,中午
东北老盒饭（第6档口+丰裕美华美食城店）,116.4042938086576,39.96796689867112,望京SOHO,拼好饭,中午
华莱士·全鸡汉堡（望京店）,116.4682812223568,40.00287331621749,望京SOHO,拼好饭,中午
小恒水饺(望京店),116.47419719777304,39.99569402991926,望京SOHO,拼好饭,中午
桃园煲仔饭（望京店）,116.47707966227324,39.98815554929232,望京SOHO,拼好饭,中午
田老师红烧肉(望京商业中心店),116.47826989195,39.9893939205902,望京SOHO,拼好饭,中午
汉堡王（合生麒麟社餐厅20008店）,116.47179656290976,39.99562729900947,望京SOHO,拼好饭,中午
袁记云饺(阜通店),116.46505063664036,39.99038917617115,望京SOHO,拼好饭,中午
南城香·饭香串香馄饨香（望京西园店）,116.47194715427534,40.00318139557035,望京SOHO,拼好饭,中午
LINLEE林里·手打柠檬茶（望京万象汇店）,116.46284478638,40.00944957414898,望京SOHO,拼好饭,中午
小东北中式快餐（第6档口+禾香鼎盛美食城店）,116.43038440894672,39.93895544543622,望京SOHO,拼好饭,中午
杨国福麻辣烫·麻辣拌（欢乐颂店）,116.4605342357193,40.00865467695014,望京SOHO,拼好饭,中午
汉堡王（合生麒麟社餐厅20008店）,116.47179656290976,39.99562729900947,望京SOHO,拼好饭,中午
麦田归来·四季轻食（望京店）,116.46063956784612,40.000823286512286,望京SOHO,拼好饭,中午
袁记云饺(阜通店),116.46505063664036,39.99038917617115,望京SOHO,拼好饭,中午
永和大王·现磨豆浆·卤肉饭·早餐粥·盖浇饭(望京金辉大厦FBJ049店),116.48296987154497,40.00160308352877,望京SOHO,拼好饭,中午
沙县小吃（博泰大厦店）,116.46697490529094,40.00106886189192,望京SOHO,拼好饭,中午
麦田归来·四季轻食（望京店）,116.46063956784612,40.000823286512286,望京SOHO,拼好饭,中午
煲仔皇煲仔饭（望京新世界店）,116.4746120112968,39.98524363642159,望京SOHO,拼好饭,中午
东北老盒饭（第6档口+丰裕美华美食城店）,116.4042938086576,39.96796689867112,望京SOHO,拼好饭,中午
华莱士·全鸡汉堡（望京店）,116.4682812223568,40.00287331621749,望京SOHO,拼好饭,中午
小恒水饺(望京店),116.47419719777304,39.99569402991926,望京SOHO,拼好饭,中午
桃园煲仔饭（望京店）,116.47707966227324,39.98815554929232,望京SOHO,拼好饭,中午
田老师红烧肉(望京商业中心店),116.47826989195,39.9893939205902,望京SOHO,拼好饭,中午
汉堡王（合生麒麟社餐厅20008店）,116.47179656290976,39.99562729900947,望京SOHO,拼好饭,中午
袁记云饺(阜通店),116.46505063664036,39.99038917617115,望京SOHO,拼好饭,中午
南城香·饭香串香馄饨香（望京西园店）,116.47194715427534,40.00318139557035,望京SOHO,拼好饭,中午
LINLEE林里·手打柠檬茶（望京万象汇店）,116.46284478638,40.00944957414898,望京SOHO,拼好饭,中午
小东北中式快餐（第6档口+禾香鼎盛美食城店）,116.43038440894672,39.93895544543622,望京SOHO,拼好饭,中午
杨国福麻辣烫·麻辣拌（欢乐颂店）,116.4605342357193,40.00865467695014,望京SOHO,拼好饭,中午
汉堡王（合生麒麟社餐厅20008店）,116.47179656290976,39.99562729900947,望京SOHO,拼好饭,中午
麦田归来·四季轻食（望京店）,116.46063956784612,40.000823286512286,望京SOHO,拼好饭,中午
袁记云饺(阜通店),116.46505063664036,39.99038917617115,望京SOHO,拼好饭,中午
永和大王·现磨豆浆·卤肉饭·早餐粥·盖浇饭(望京金辉大厦FBJ049店),116.48296987154497,40.00160308352877,望京SOHO,拼好饭,中午
沙县小吃（博泰大厦店）,116.46697490529094,40.00106886189192,望京SOHO,拼好饭,中午
麦田归来·四季轻食（望京店）,116.46063956784612,40.000823286512286,望京SOHO,拼好饭,中午
煲仔皇煲仔饭（望京新世界店）,116.4746120112968,39.98524363642159,望京SOHO,拼好饭,中午
东北老盒饭（第6档口+丰裕美华美食城店）,116.4042938086576,39.96796689867112,望京SOHO,拼好饭,中午
华莱士·全鸡汉堡（望京店）,116.4682812223568,40.00287331621749,望京SOHO,拼好饭,中午
小恒水饺(望京店),116.47419719777304,39.99569402991926,望京SOHO,拼好饭,中午
桃园煲仔饭（望京店）,116.47707966227324,39.98815554929232,望京SOHO,拼好饭,中午
田老师红烧肉(望京商业中心店),116.47826989195,39.9893939205902,望京SOHO,拼好饭,中午
汉堡王（合生麒麟社餐厅20008店）,116.47179656290976,39.99562729900947,望京SOHO,拼好饭,中午
袁记云饺(阜通店),116.46505063664036,39.99038917617115,望京SOHO,拼好饭,中午
南城香·饭香串香馄饨香（望京西园店）,116.47194715427534,40.00318139557035,望京SOHO,拼好饭,中午
LINLEE林里·手打柠檬茶（望京万象汇店）,116.46284478638,40.00944957414898,望京SOHO,拼好饭,中午
小东北中式快餐（第6档口+禾香鼎盛美食城店）,116.43038440894672,39.93895544543622,望京SOHO,拼好饭,中午
杨国福麻辣烫·麻辣拌（欢乐颂店）,116.4605342357193,40.00865467695014,望京SOHO,拼好饭,中午
汉堡王（合生麒麟社餐厅20008店）,116.47179656290976,39.99562729900947,望京SOHO,拼好饭,中午
麦田归来·四季轻食（望京店）,116.46063956784612,40.000823286512286,望京SOHO,拼好饭,中午
袁记云饺(阜通店),116.46505063664036,39.99038917617115,望京SOHO,拼好饭,中午
永和大王·现磨豆浆·卤肉饭·早餐粥·盖浇饭(望京金辉大厦FBJ049店),116.48296987154497,40.00160308352877,望京SOHO,拼好饭,中午
沙县小吃（博泰大厦店）,116.46697490529094,40.00106886189192,望京SOHO,拼好饭,中午
麦田归来·四季轻食（望京店）,116.46063956784612,40.000823286512286,望京SOHO,拼好饭,中午
煲仔皇煲仔饭（望京新世界店）,116.4746120112968,39.98524363642159,望京SOHO,拼好饭,中午
东北老盒饭（第6档口+丰裕美华美食城店）,116.4042938086576,39.96796689867112,望京SOHO,拼好饭,中午
华莱士·全鸡汉堡（望京店）,116.4682812223568,40.00287331621749,望京SOHO,拼好饭,中午
小恒水饺(望京店),116.47419719777304,39.99569402991926,望京SOHO,拼好饭,中午
桃园煲仔饭（望京店）,116.47707966227324,39.98815554929232,望京SOHO,拼好饭,中午
田老师红烧肉(望京商业中心店),116.47826989195,39.9893939205902,望京SOHO,拼好饭,中午
汉堡王（合生麒麟社餐厅20008店）,116.47179656290976,39.99562729900947,望京SOHO,拼好饭,中午
袁记云饺(阜通店),116.46505063664036,39.99038917617115,望京SOHO,拼好饭,中午
南城香·饭香串香馄饨香（望京西园店）,116.47194715427534,40.00318139557035,望京SOHO,拼好饭,中午
LINLEE林里·手打柠檬茶（望京万象汇店）,116.46284478638,40.00944957414898,望京SOHO,拼好饭,中午
小东北中式快餐（第6档口+禾香鼎盛美食城店）,116.43038440894672,39.93895544543622,望京SOHO,拼好饭,中午
杨国福麻辣烫·麻辣拌（欢乐颂店）,116.4605342357193,40.00865467695014,望京SOHO,拼好饭,中午
汉堡王（合生麒麟社餐厅20008店）,116.47179656290976,39.99562729900947,望京SOHO,拼好饭,中午
麦田归来·四季轻食（望京店）,116.46063956784612,40.000823286512286,望京SOHO,拼好饭,中午
袁记云饺(阜通店),116.46505063664036,39.99038917617115,望京SOHO,拼好饭,中午
永和大王·现磨豆浆·卤肉饭·早餐粥·盖浇饭(望京金辉大厦FBJ049店),116.48296987154497,40.00160308352877,望京SOHO,拼好饭,中午
沙县小吃（博泰大厦店）,116.46697490529094,40.00106886189192,望京SOHO,拼好饭,中午
麦田归来·四季轻食（望京店）,116.46063956784612,40.000823286512286,望京SOHO,拼好饭,中午
煲仔皇煲仔饭（望京新世界店）,116.4746120112968,39.98524363642159,望京SOHO,拼好饭,中午
东北老盒饭（第6档口+丰裕美华美食城店）,116.4042938086576,39.96796689867112,望京SOHO,拼好饭,中午
华莱士·全鸡汉堡（望京店）,116.4682812223568,40.00287331621749,望京SOHO,拼好饭,中午
小恒水饺(望京店),116.47419719777304,39.99569402991926,望京SOHO,拼好饭,中午
桃园煲仔饭（望京店）,116.47707966227324,39.98815554929232,望京SOHO,拼好饭,中午
田老师红烧肉(望京商业中心店),116.47826989195,39.9893939205902,望京SOHO,拼好饭,中午
汉堡王（合生麒麟社餐厅20008店）,116.47179656290976,39.99562729900947,望京SOHO,拼好饭,中午
袁记云饺(阜通店),116.46505063664036,39.99038917617115,望京SOHO,拼好饭,中午
南城香·饭香串香馄饨香（望京西园店）,116.47194715427534,40.00318139557035,望京SOHO,拼好饭,中午
LINLEE林里·手打柠檬茶（望京万象汇店）,116.46284478638,40.00944957414898,望京SOHO,拼好饭,中午
小东北中式快餐（第6档口+禾香鼎盛美食城店）,116.43038440894672,39.93895544543622,望京SOHO,拼好饭,中午
杨国福麻辣烫·麻辣拌（欢乐颂店）,116.4605342357193,40.00865467695014,望京SOHO,拼好饭,中午
汉堡王（合生麒麟社餐厅20008店）,116.47179656290976,39.99562729900947,望京SOHO,拼好饭,中午
麦田归来·四季轻食（望京店）,116.46063956784612,40.000823286512286,望京SOHO,拼好饭,中午
袁记云饺(阜通店),116.46505063664036,39.99038917617115,望京SOHO,拼好饭,中午
永和大王·现磨豆浆·卤肉饭·早餐粥·盖浇饭(望京金辉大厦FBJ049店),116.48296987154497,40.00160308352877,望京SOHO,拼好饭,中午
沙县小吃（博泰大厦店）,116.46697490529094,40.00106886189192,望京SOHO,拼好饭,中午
麦田归来·四季轻食（望京店）,116.46063956784612,40.000823286512286,望京SOHO,拼好饭,中午
煲仔皇煲仔饭（望京新世界店）,116.4746120112968,39.98524363642159,望京SOHO,拼好饭,中午
东北老盒饭（第6档口+丰裕美华美食城店）,116.4042938086576,39.96796689867112,望京SOHO,拼好饭,中午
华莱士·全鸡汉堡（望京店）,116.4682812223568,40.00287331621749,望京SOHO,拼好饭,中午
小恒水饺(望京店),116.47419719777304,39.99569402991926,望京SOHO,拼好饭,中午
桃园煲仔饭（望京店）,116.47707966227324,39.98815554929232,望京SOHO,拼好饭,中午
田老师红烧肉(望京商业中心店),116.47826989195,39.9893939205902,望京SOHO,拼好饭,中午
汉堡王（合生麒麟社餐厅20008店）,116.47179656290976,39.99562729900947,望京SOHO,拼好饭,中午
袁记云饺(阜通店),116.46505063664036,39.99038917617115,望京SOHO,拼好饭,中午
南城香·饭香串香馄饨香（望京西园店）,116.47194715427534,40.00318139557035,望京SOHO,拼好饭,中午
LINLEE林里·手打柠檬茶（望京万象汇店）,116.46284478638,40.00944957414898,望京SOHO,拼好饭,中午
小东北中式快餐（第6档口+禾香鼎盛美食城店）,116.43038440894672,39.93895544543622,望京SOHO,拼好饭,中午
杨国福麻辣烫·麻辣拌（欢乐颂店）,116.4605342357193,40.00865467695014,望京SOHO,拼好饭,中午
汉堡王（合生麒麟社餐厅20008店）,116.47179656290976,39.99562729900947,望京SOHO,拼好饭,中午
麦田归来·四季轻食（望京店）,116.46063956784612,40.000823286512286,望京SOHO,拼好饭,中午
袁记云饺(阜通店),116.46505063664036,39.99038917617115,望京SOHO,拼好饭,中午
永和大王·现磨豆浆·卤肉饭·早餐粥·盖浇饭(望京金辉大厦FBJ049店),116.48296987154497,40.00160308352877,望京SOHO,拼好饭,中午
沙县小吃（博泰大厦店）,116.46697490529094,40.00106886189192,望京SOHO,拼好饭,中午
麦田归来·四季轻食（望京店）,116.46063956784612,40.000823286512286,望京SOHO,拼好饭,中午
煲仔皇煲仔饭（望京新世界店）,116.4746120112968,39.98524363642159,望京SOHO,拼好饭,中午
东北老盒饭（第6档口+丰裕美华美食城店）,116.4042938086576,39.96796689867112,望京SOHO,拼好饭,中午
华莱士·全鸡汉堡（望京店）,116.4682812223568,40.00287331621749,望京SOHO,拼好饭,中午
小恒水饺(望京店),116.47419719777304,39.99569402991926,望京SOHO,拼好饭,中午
桃园煲仔饭（望京店）,116.47707966227324,39.98815554929232,望京SOHO,拼好饭,中午
田老师红烧肉(望京商业中心店),116.47826989195,39.9893939205902,望京SOHO,拼好饭,中午
汉堡王（合生麒麟社餐厅20008店）,116.47179656290976,39.99562729900947,望京SOHO,拼好饭,中午
袁记云饺(阜通店),116.46505063664036,39.99038917617115,望京SOHO,拼好饭,中午
南城香·饭香串香馄饨香（望京西园店）,116.47194715427534,40.00318139557035,望京SOHO,拼好饭,中午
LINLEE林里·手打柠檬茶（望京万象汇店）,116.46284478638,40.00944957414898,望京SOHO,拼好饭,中午
小东北中式快餐（第6档口+禾香鼎盛美食城店）,116.43038440894672,39.93895544543622,望京SOHO,拼好饭,中午
杨国福麻辣烫·麻辣拌（欢乐颂店）,116.4605342357193,40.00865467695014,望京SOHO,拼好饭,中午
汉堡王（合生麒麟社餐厅20008店）,116.47179656290976,39.99562729900947,望京SOHO,拼好饭,中午
麦田归来·四季轻食（望京店）,116.46063956784612,40.000823286512286,望京SOHO,拼好饭,中午
袁记云饺(阜通店),116.46505063664036,39.99038917617115,望京SOHO,拼好饭,中午
永和大王·现磨豆浆·卤肉饭·早餐粥·盖浇饭(望京金辉大厦FBJ049店),116.48296987154497,40.00160308352877,望京SOHO,拼好饭,中午
沙县小吃（博泰大厦店）,116.46697490529094,40.00106886189192,望京SOHO,拼好饭,中午
麦田归来·四季轻食（望京店）,116.46063956784612,40.000823286512286,望京SOHO,拼好饭,中午
煲仔皇煲仔饭（望京新世界店）,116.4746120112968,39.98524363642159,望京SOHO,拼好饭,中午
东北老盒饭（第6档口+丰裕美华美食城店）,116.4042938086576,39.96796689867112,望京SOHO,拼好饭,中午
华莱士·全鸡汉堡（望京店）,116.4682812223568,40.00287331621749,望京SOHO,拼好饭,中午
小恒水饺(望京店),116.47419719777304,39.99569402991926,望京SOHO,拼好饭,中午
桃园煲仔饭（望京店）,116.47707966227324,39.98815554929232,望京SOHO,拼好饭,中午
田老师红烧肉(望京商业中心店),116.47826989195,39.9893939205902,望京SOHO,拼好饭,中午
汉堡王（合生麒麟社餐厅20008店）,116.47179656290976,39.99562729900947,望京SOHO,拼好饭,中午
袁记云饺(阜通店),116.46505063664036,39.99038917617115,望京SOHO,拼好饭,中午
南城香·饭香串香馄饨香（望京西园店）,116.47194715427534,40.00318139557035,望京SOHO,拼好饭,中午
LINLEE林里·手打柠檬茶（望京万象汇店）,116.46284478638,40.00944957414898,望京SOHO,拼好饭,中午
小东北中式快餐（第6档口+禾香鼎盛美食城店）,116.43038440894672,39.93895544543622,望京SOHO,拼好饭,中午
杨国福麻辣烫·麻辣拌（欢乐颂店）,116.4605342357193,40.00865467695014,望京SOHO,拼好饭,中午
汉堡王（合生麒麟社餐厅20008店）,116.47179656290976,39.99562729900947,望京SOHO,拼好饭,中午
麦田归来·四季轻食（望京店）,116.46063956784612,40.000823286512286,望京SOHO,拼好饭,中午
袁记云饺(阜通店),116.46505063664036,39.99038917617115,望京SOHO,拼好饭,中午
永和大王·现磨豆浆·卤肉饭·早餐粥·盖浇饭(望京金辉大厦FBJ049店),116.48296987154497,40.00160308352877,望京SOHO,拼好饭,中午
沙县小吃（博泰大厦店）,116.46697490529094,40.00106886189192,望京SOHO,拼好饭,中午
麦田归来·四季轻食（望京店）,116.46063956784612,40.000823286512286,望京SOHO,拼好饭,中午
煲仔皇煲仔饭（望京新世界店）,116.4746120112968,39.98524363642159,望京SOHO,拼好饭,中午
东北老盒饭（第6档口+丰裕美华美食城店）,116.4042938086576,39.96796689867112,望京SOHO,拼好饭,中午
华莱士·全鸡汉堡（望京店）,116.4682812223568,40.00287331621749,望京SOHO,拼好饭,中午
小恒水饺(望京店),116.47419719777304,39.99569402991926,望京SOHO,拼好饭,宵夜
小鱼大作·酸菜鱼(望京店),116.46637064500948,39.994492519705126,望京SOHO,拼好饭,宵夜
小东北中式快餐（第6档口+禾香鼎盛美食城店）,116.43038440894672,39.93895544543622,望京SOHO,拼好饭,宵夜
小鱼大作·酸菜鱼(望京店),116.46637064500948,39.994492519705126,望京SOHO,拼好饭,宵夜
华莱士·全鸡汉堡（望京店）,116.4682812223568,40.00287331621749,望京SOHO,拼好饭,宵夜
鸡柳大人（望京花家地超市德禧风味1店）,116.4643504349538,39.98101571117188,望京SOHO,拼好饭,宵夜
小鱼大作·酸菜鱼(望京店),116.46637064500948,39.994492519705126,望京SOHO,拼好饭,宵夜
华莱士·全鸡汉堡（望京店）,116.4682812223568,40.00287331621749,望京SOHO,拼好饭,宵夜
小谷姐姐麻辣拌●麻辣烫(望京SOHO店),116.47424242167372,39.99521517786136,望京SOHO,拼好饭,宵夜
小鱼大作·酸菜鱼(望京店),116.46637064500948,39.994492519705126,望京SOHO,拼好饭,宵夜
大嘴嫂·黏糊糊麻辣拌·麻辣烫（第1档口-食欢乐美食城店）,116.4706233328687,39.98805336007357,望京SOHO,拼好饭,宵夜
老东北砂锅米线（第9档口禾香鼎盛美食城店）,116.4042938086576,39.96796689867112,望京SOHO,拼好饭,宵夜
东北手工水饺（望京店）,116.47464592848183,39.99487533356179,望京SOHO,拼好饭,宵夜
小恒水饺(望京店),116.47419719777304,39.99569402991926,望京SOHO,拼好饭,宵夜
小鱼大作·酸菜鱼(望京店),116.46637064500948,39.994492519705126,望京SOHO,拼好饭,宵夜
小东北中式快餐（第6档口+禾香鼎盛美食城店）,116.43038440894672,39.93895544543622,望京SOHO,拼好饭,宵夜
小鱼大作·酸菜鱼(望京店),116.46637064500948,39.994492519705126,望京SOHO,拼好饭,宵夜
华莱士·全鸡汉堡（望京店）,116.4682812223568,40.00287331621749,望京SOHO,拼好饭,宵夜
鸡柳大人（望京花家地超市德禧风味1店）,116.4643504349538,39.98101571117188,望京SOHO,拼好饭,宵夜
小鱼大作·酸菜鱼(望京店),116.46637064500948,39.994492519705126,望京SOHO,拼好饭,宵夜
华莱士·全鸡汉堡（望京店）,116.4682812223568,40.00287331621749,望京SOHO,拼好饭,宵夜
小谷姐姐麻辣拌●麻辣烫(望京SOHO店),116.47424242167372,39.99521517786136,望京SOHO,拼好饭,宵夜
小鱼大作·酸菜鱼(望京店),116.46637064500948,39.994492519705126,望京SOHO,拼好饭,宵夜
大嘴嫂·黏糊糊麻辣拌·麻辣烫（第1档口-食欢乐美食城店）,116.4706233328687,39.98805336007357,望京SOHO,拼好饭,宵夜
老东北砂锅米线（第9档口禾香鼎盛美食城店）,116.4042938086576,39.96796689867112,望京SOHO,拼好饭,宵夜
东北手工水饺（望京店）,116.47464592848183,39.99487533356179,望京SOHO,拼好饭,宵夜
小恒水饺(望京店),116.47419719777304,39.99569402991926,望京SOHO,拼好饭,宵夜
小鱼大作·酸菜鱼(望京店),116.46637064500948,39.994492519705126,望京SOHO,拼好饭,宵夜
小东北中式快餐（第6档口+禾香鼎盛美食城店）,116.43038440894672,39.93895544543622,望京SOHO,拼好饭,宵夜
小鱼大作·酸菜鱼(望京店),116.46637064500948,39.994492519705126,望京SOHO,拼好饭,宵夜
华莱士·全鸡汉堡（望京店）,116.4682812223568,40.00287331621749,望京SOHO,拼好饭,宵夜
鸡柳大人（望京花家地超市德禧风味1店）,116.4643504349538,39.98101571117188,望京SOHO,拼好饭,宵夜
小鱼大作·酸菜鱼(望京店),116.46637064500948,39.994492519705126,望京SOHO,拼好饭,宵夜
华莱士·全鸡汉堡（望京店）,116.4682812223568,40.00287331621749,望京SOHO,拼好饭,宵夜
小谷姐姐麻辣拌●麻辣烫(望京SOHO店),116.47424242167372,39.99521517786136,望京SOHO,拼好饭,宵夜
小鱼大作·酸菜鱼(望京店),116.46637064500948,39.994492519705126,望京SOHO,拼好饭,宵夜
大嘴嫂·黏糊糊麻辣拌·麻辣烫（第1档口-食欢乐美食城店）,116.4706233328687,39.98805336007357,望京SOHO,拼好饭,宵夜
老东北砂锅米线（第9档口禾香鼎盛美食城店）,116.4042938086576,39.96796689867112,望京SOHO,拼好饭,宵夜
东北手工水饺（望京店）,116.47464592848183,39.99487533356179,望京SOHO,拼好饭,宵夜
小恒水饺(望京店),116.47419719777304,39.99569402991926,望京SOHO,拼好饭,宵夜
小鱼大作·酸菜鱼(望京店),116.46637064500948,39.994492519705126,望京SOHO,拼好饭,宵夜
小东北中式快餐（第6档口+禾香鼎盛美食城店）,116.43038440894672,39.93895544543622,望京SOHO,拼好饭,宵夜
小鱼大作·酸菜鱼(望京店),116.46637064500948,39.994492519705126,望京SOHO,拼好饭,宵夜
华莱士·全鸡汉堡（望京店）,116.4682812223568,40.00287331621749,望京SOHO,拼好饭,宵夜
鸡柳大人（望京花家地超市德禧风味1店）,116.4643504349538,39.98101571117188,望京SOHO,拼好饭,宵夜
小鱼大作·酸菜鱼(望京店),116.46637064500948,39.994492519705126,望京SOHO,拼好饭,宵夜
华莱士·全鸡汉堡（望京店）,116.4682812223568,40.00287331621749,望京SOHO,拼好饭,宵夜
小谷姐姐麻辣拌●麻辣烫(望京SOHO店),116.47424242167372,39.99521517786136,望京SOHO,拼好饭,宵夜
小鱼大作·酸菜鱼(望京店),116.46637064500948,39.994492519705126,望京SOHO,拼好饭,宵夜
大嘴嫂·黏糊糊麻辣拌·麻辣烫（第1档口-食欢乐美食城店）,116.4706233328687,39.98805336007357,望京SOHO,拼好饭,宵夜
老东北砂锅米线（第9档口禾香鼎盛美食城店）,116.4042938086576,39.96796689867112,望京SOHO,拼好饭,宵夜
东北手工水饺（望京店）,116.47464592848183,39.99487533356179,望京SOHO,拼好饭,宵夜
小恒水饺(望京店),116.47419719777304,39.99569402991926,望京SOHO,拼好饭,宵夜
小鱼大作·酸菜鱼(望京店),116.46637064500948,39.994492519705126,望京SOHO,拼好饭,宵夜
小东北中式快餐（第6档口+禾香鼎盛美食城店）,116.43038440894672,39.93895544543622,望京SOHO,拼好饭,宵夜
小鱼大作·酸菜鱼(望京店),116.46637064500948,39.994492519705126,望京SOHO,拼好饭,宵夜
华莱士·全鸡汉堡（望京店）,116.4682812223568,40.00287331621749,望京SOHO,拼好饭,宵夜
鸡柳大人（望京花家地超市德禧风味1店）,116.4643504349538,39.98101571117188,望京SOHO,拼好饭,宵夜
小鱼大作·酸菜鱼(望京店),116.46637064500948,39.994492519705126,望京SOHO,拼好饭,宵夜
华莱士·全鸡汉堡（望京店）,116.4682812223568,40.00287331621749,望京SOHO,拼好饭,宵夜
小谷姐姐麻辣拌●麻辣烫(望京SOHO店),116.47424242167372,39.99521517786136,望京SOHO,拼好饭,宵夜
小鱼大作·酸菜鱼(望京店),116.46637064500948,39.994492519705126,望京SOHO,拼好饭,宵夜
大嘴嫂·黏糊糊麻辣拌·麻辣烫（第1档口-食欢乐美食城店）,116.4706233328687,39.98805336007357,望京SOHO,拼好饭,宵夜
老东北砂锅米线（第9档口禾香鼎盛美食城店）,116.4042938086576,39.96796689867112,望京SOHO,拼好饭,宵夜
东北手工水饺（望京店）,116.47464592848183,39.99487533356179,望京SOHO,拼好饭,宵夜
小恒水饺(望京店),116.47419719777304,39.99569402991926,望京SOHO,拼好饭,宵夜
小鱼大作·酸菜鱼(望京店),116.46637064500948,39.994492519705126,望京SOHO,拼好饭,宵夜
小东北中式快餐（第6档口+禾香鼎盛美食城店）,116.43038440894672,39.93895544543622,望京SOHO,拼好饭,宵夜
小鱼大作·酸菜鱼(望京店),116.46637064500948,39.994492519705126,望京SOHO,拼好饭,宵夜
华莱士·全鸡汉堡（望京店）,116.4682812223568,40.00287331621749,望京SOHO,拼好饭,宵夜
鸡柳大人（望京花家地超市德禧风味1店）,116.4643504349538,39.98101571117188,望京SOHO,拼好饭,宵夜
小鱼大作·酸菜鱼(望京店),116.46637064500948,39.994492519705126,望京SOHO,拼好饭,宵夜
华莱士·全鸡汉堡（望京店）,116.4682812223568,40.00287331621749,望京SOHO,拼好饭,宵夜
小谷姐姐麻辣拌●麻辣烫(望京SOHO店),116.47424242167372,39.99521517786136,望京SOHO,拼好饭,宵夜
小鱼大作·酸菜鱼(望京店),116.46637064500948,39.994492519705126,望京SOHO,拼好饭,宵夜
大嘴嫂·黏糊糊麻辣拌·麻辣烫（第1档口-食欢乐美食城店）,116.4706233328687,39.98805336007357,望京SOHO,拼好饭,宵夜
老东北砂锅米线（第9档口禾香鼎盛美食城店）,116.4042938086576,39.96796689867112,望京SOHO,拼好饭,宵夜
东北手工水饺（望京店）,116.47464592848183,39.99487533356179,望京SOHO,拼好饭,宵夜
小恒水饺(望京店),116.47419719777304,39.99569402991926,望京SOHO,拼好饭,宵夜
小鱼大作·酸菜鱼(望京店),116.46637064500948,39.994492519705126,望京SOHO,拼好饭,宵夜
小东北中式快餐（第6档口+禾香鼎盛美食城店）,116.43038440894672,39.93895544543622,望京SOHO,拼好饭,宵夜
小鱼大作·酸菜鱼(望京店),116.46637064500948,39.994492519705126,望京SOHO,拼好饭,宵夜
华莱士·全鸡汉堡（望京店）,116.4682812223568,40.00287331621749,望京SOHO,拼好饭,宵夜
鸡柳大人（望京花家地超市德禧风味1店）,116.4643504349538,39.98101571117188,望京SOHO,拼好饭,宵夜
小鱼大作·酸菜鱼(望京店),116.46637064500948,39.994492519705126,望京SOHO,拼好饭,宵夜
华莱士·全鸡汉堡（望京店）,116.4682812223568,40.00287331621749,望京SOHO,拼好饭,宵夜
小谷姐姐麻辣拌●麻辣烫(望京SOHO店),116.47424242167372,39.99521517786136,望京SOHO,拼好饭,宵夜
小鱼大作·酸菜鱼(望京店),116.46637064500948,39.994492519705126,望京SOHO,拼好饭,宵夜
大嘴嫂·黏糊糊麻辣拌·麻辣烫（第1档口-食欢乐美食城店）,116.4706233328687,39.98805336007357,望京SOHO,拼好饭,宵夜
老东北砂锅米线（第9档口禾香鼎盛美食城店）,116.4042938086576,39.96796689867112,望京SOHO,拼好饭,宵夜
东北手工水饺（望京店）,116.47464592848183,39.99487533356179,望京SOHO,拼好饭,宵夜
小恒水饺(望京店),116.47419719777304,39.99569402991926,望京SOHO,拼好饭,宵夜
小鱼大作·酸菜鱼(望京店),116.46637064500948,39.994492519705126,望京SOHO,拼好饭,宵夜
小东北中式快餐（第6档口+禾香鼎盛美食城店）,116.43038440894672,39.93895544543622,望京SOHO,拼好饭,宵夜
小鱼大作·酸菜鱼(望京店),116.46637064500948,39.994492519705126,望京SOHO,拼好饭,宵夜
华莱士·全鸡汉堡（望京店）,116.4682812223568,40.00287331621749,望京SOHO,拼好饭,宵夜
鸡柳大人（望京花家地超市德禧风味1店）,116.4643504349538,39.98101571117188,望京SOHO,拼好饭,宵夜
小鱼大作·酸菜鱼(望京店),116.46637064500948,39.994492519705126,望京SOHO,拼好饭,宵夜
华莱士·全鸡汉堡（望京店）,116.4682812223568,40.00287331621749,望京SOHO,拼好饭,宵夜
小谷姐姐麻辣拌●麻辣烫(望京SOHO店),116.47424242167372,39.99521517786136,望京SOHO,拼好饭,宵夜
小鱼大作·酸菜鱼(望京店),116.46637064500948,39.994492519705126,望京SOHO,拼好饭,宵夜
大嘴嫂·黏糊糊麻辣拌·麻辣烫（第1档口-食欢乐美食城店）,116.4706233328687,39.98805336007357,望京SOHO,拼好饭,宵夜
老东北砂锅米线（第9档口禾香鼎盛美食城店）,116.4042938086576,39.96796689867112,望京SOHO,拼好饭,宵夜
东北手工水饺（望京店）,116.47464592848183,39.99487533356179,望京SOHO,拼好饭,宵夜
小恒水饺(望京店),116.47419719777304,39.99569402991926,望京SOHO,拼好饭,宵夜
小鱼大作·酸菜鱼(望京店),116.46637064500948,39.994492519705126,望京SOHO,拼好饭,宵夜
小东北中式快餐（第6档口+禾香鼎盛美食城店）,116.43038440894672,39.93895544543622,望京SOHO,拼好饭,宵夜
小鱼大作·酸菜鱼(望京店),116.46637064500948,39.994492519705126,望京SOHO,拼好饭,宵夜
华莱士·全鸡汉堡（望京店）,116.4682812223568,40.00287331621749,望京SOHO,拼好饭,宵夜
鸡柳大人（望京花家地超市德禧风味1店）,116.4643504349538,39.98101571117188,望京SOHO,拼好饭,宵夜
小鱼大作·酸菜鱼(望京店),116.46637064500948,39.994492519705126,望京SOHO,拼好饭,宵夜
华莱士·全鸡汉堡（望京店）,116.4682812223568,40.00287331621749,望京SOHO,拼好饭,宵夜
小谷姐姐麻辣拌●麻辣烫(望京SOHO店),116.47424242167372,39.99521517786136,望京SOHO,拼好饭,宵夜
小鱼大作·酸菜鱼(望京店),116.46637064500948,39.994492519705126,望京SOHO,拼好饭,宵夜
大嘴嫂·黏糊糊麻辣拌·麻辣烫（第1档口-食欢乐美食城店）,116.4706233328687,39.98805336007357,望京SOHO,拼好饭,宵夜
老东北砂锅米线（第9档口禾香鼎盛美食城店）,116.4042938086576,39.96796689867112,望京SOHO,拼好饭,宵夜
东北手工水饺（望京店）,116.47464592848183,39.99487533356179,望京SOHO,拼好饭,宵夜
小恒水饺(望京店),116.47419719777304,39.99569402991926,望京SOHO,拼好饭,宵夜
小鱼大作·酸菜鱼(望京店),116.46637064500948,39.994492519705126,望京SOHO,拼好饭,宵夜
小东北中式快餐（第6档口+禾香鼎盛美食城店）,116.43038440894672,39.93895544543622,望京SOHO,拼好饭,宵夜
小鱼大作·酸菜鱼(望京店),116.46637064500948,39.994492519705126,望京SOHO,拼好饭,宵夜
华莱士·全鸡汉堡（望京店）,116.4682812223568,40.00287331621749,望京SOHO,拼好饭,宵夜
鸡柳大人（望京花家地超市德禧风味1店）,116.4643504349538,39.98101571117188,望京SOHO,拼好饭,宵夜
小鱼大作·酸菜鱼(望京店),116.46637064500948,39.994492519705126,望京SOHO,拼好饭,宵夜
华莱士·全鸡汉堡（望京店）,116.4682812223568,40.00287331621749,望京SOHO,拼好饭,宵夜
小谷姐姐麻辣拌●麻辣烫(望京SOHO店),116.47424242167372,39.99521517786136,望京SOHO,拼好饭,宵夜
小鱼大作·酸菜鱼(望京店),116.46637064500948,39.994492519705126,望京SOHO,拼好饭,宵夜
大嘴嫂·黏糊糊麻辣拌·麻辣烫（第1档口-食欢乐美食城店）,116.4706233328687,39.98805336007357,望京SOHO,拼好饭,宵夜
老东北砂锅米线（第9档口禾香鼎盛美食城店）,116.4042938086576,39.96796689867112,望京SOHO,拼好饭,宵夜
东北手工水饺（望京店）,116.47464592848183,39.99487533356179,望京SOHO,拼好饭,宵夜
华莱士·全鸡汉堡（望京店）,116.4682812223568,40.00287331621749,望京SOHO,拼好饭,晚餐
小东北中式快餐（第6档口+禾香鼎盛美食城店）,116.43038440894672,39.93895544543622,望京SOHO,拼好饭,晚餐
华莱士·全鸡汉堡（望京店）,116.4682812223568,40.00287331621749,望京SOHO,拼好饭,晚餐
合椒魂●麻辣香锅（酒仙桥店）,116.48456022920112,39.97450187908254,望京SOHO,拼好饭,晚餐
板面大王（第8档口+禾香鼎盛美食城店）,116.43038440894672,39.93895544543622,望京SOHO,拼好饭,晚餐
茶百道（望京首开广场店）,116.46663988220324,39.99203634405819,望京SOHO,拼好饭,晚餐
小恒水饺(望京店),116.47419719777304,39.99569402991926,望京SOHO,拼好饭,晚餐
猫猫爱吃烤冷面·火鸡面·炸串（望京店）,116.47386423735954,39.97776582618405,望京SOHO,拼好饭,晚餐
东北老盒饭（第6档口+丰裕美华美食城店）,116.4042938086576,39.96796689867112,望京SOHO,拼好饭,晚餐
老东北砂锅米线（第9档口禾香鼎盛美食城店）,116.4042938086576,39.96796689867112,望京SOHO,拼好饭,晚餐
茶百道（望京首开广场店）,116.46663988220324,39.99203634405819,望京SOHO,拼好饭,晚餐
田老师红烧肉(望京商业中心店),116.47826989195,39.9893939205902,望京SOHO,拼好饭,晚餐
板面大王（第8档口+禾香鼎盛美食城店）,116.43038440894672,39.93895544543622,望京SOHO,拼好饭,晚餐
华莱士·全鸡汉堡（望京店）,116.4682812223568,40.00287331621749,望京SOHO,拼好饭,晚餐
小东北中式快餐（第6档口+禾香鼎盛美食城店）,116.43038440894672,39.93895544543622,望京SOHO,拼好饭,晚餐
华莱士·全鸡汉堡（望京店）,116.4682812223568,40.00287331621749,望京SOHO,拼好饭,晚餐
合椒魂●麻辣香锅（酒仙桥店）,116.48456022920112,39.97450187908254,望京SOHO,拼好饭,晚餐
板面大王（第8档口+禾香鼎盛美食城店）,116.43038440894672,39.93895544543622,望京SOHO,拼好饭,晚餐
茶百道（望京首开广场店）,116.46663988220324,39.99203634405819,望京SOHO,拼好饭,晚餐
小恒水饺(望京店),116.47419719777304,39.99569402991926,望京SOHO,拼好饭,晚餐
猫猫爱吃烤冷面·火鸡面·炸串（望京店）,116.47386423735954,39.97776582618405,望京SOHO,拼好饭,晚餐
东北老盒饭（第6档口+丰裕美华美食城店）,116.4042938086576,39.96796689867112,望京SOHO,拼好饭,晚餐
老东北砂锅米线（第9档口禾香鼎盛美食城店）,116.4042938086576,39.96796689867112,望京SOHO,拼好饭,晚餐
茶百道（望京首开广场店）,116.46663988220324,39.99203634405819,望京SOHO,拼好饭,晚餐
田老师红烧肉(望京商业中心店),116.47826989195,39.9893939205902,望京SOHO,拼好饭,晚餐
板面大王（第8档口+禾香鼎盛美食城店）,116.43038440894672,39.93895544543622,望京SOHO,拼好饭,晚餐
华莱士·全鸡汉堡（望京店）,116.4682812223568,40.00287331621749,望京SOHO,拼好饭,晚餐
小东北中式快餐（第6档口+禾香鼎盛美食城店）,116.43038440894672,39.93895544543622,望京SOHO,拼好饭,晚餐
华莱士·全鸡汉堡（望京店）,116.4682812223568,40.00287331621749,望京SOHO,拼好饭,晚餐
合椒魂●麻辣香锅（酒仙桥店）,116.48456022920112,39.97450187908254,望京SOHO,拼好饭,晚餐
板面大王（第8档口+禾香鼎盛美食城店）,116.43038440894672,39.93895544543622,望京SOHO,拼好饭,晚餐
茶百道（望京首开广场店）,116.46663988220324,39.99203634405819,望京SOHO,拼好饭,晚餐
小恒水饺(望京店),116.47419719777304,39.99569402991926,望京SOHO,拼好饭,晚餐
猫猫爱吃烤冷面·火鸡面·炸串（望京店）,116.47386423735954,39.97776582618405,望京SOHO,拼好饭,晚餐
东北老盒饭（第6档口+丰裕美华美食城店）,116.4042938086576,39.96796689867112,望京SOHO,拼好饭,晚餐
老东北砂锅米线（第9档口禾香鼎盛美食城店）,116.4042938086576,39.96796689867112,望京SOHO,拼好饭,晚餐
茶百道（望京首开广场店）,116.46663988220324,39.99203634405819,望京SOHO,拼好饭,晚餐
田老师红烧肉(望京商业中心店),116.47826989195,39.9893939205902,望京SOHO,拼好饭,晚餐
板面大王（第8档口+禾香鼎盛美食城店）,116.43038440894672,39.93895544543622,望京SOHO,拼好饭,晚餐
华莱士·全鸡汉堡（望京店）,116.4682812223568,40.00287331621749,望京SOHO,拼好饭,晚餐
小东北中式快餐（第6档口+禾香鼎盛美食城店）,116.43038440894672,39.93895544543622,望京SOHO,拼好饭,晚餐
华莱士·全鸡汉堡（望京店）,116.4682812223568,40.00287331621749,望京SOHO,拼好饭,晚餐
合椒魂●麻辣香锅（酒仙桥店）,116.48456022920112,39.97450187908254,望京SOHO,拼好饭,晚餐
板面大王（第8档口+禾香鼎盛美食城店）,116.43038440894672,39.93895544543622,望京SOHO,拼好饭,晚餐
茶百道（望京首开广场店）,116.46663988220324,39.99203634405819,望京SOHO,拼好饭,晚餐
小恒水饺(望京店),116.47419719777304,39.99569402991926,望京SOHO,拼好饭,晚餐
猫猫爱吃烤冷面·火鸡面·炸串（望京店）,116.47386423735954,39.97776582618405,望京SOHO,拼好饭,晚餐
东北老盒饭（第6档口+丰裕美华美食城店）,116.4042938086576,39.96796689867112,望京SOHO,拼好饭,晚餐
老东北砂锅米线（第9档口禾香鼎盛美食城店）,116.4042938086576,39.96796689867112,望京SOHO,拼好饭,晚餐
茶百道（望京首开广场店）,116.46663988220324,39.99203634405819,望京SOHO,拼好饭,晚餐
田老师红烧肉(望京商业中心店),116.47826989195,39.9893939205902,望京SOHO,拼好饭,晚餐
板面大王（第8档口+禾香鼎盛美食城店）,116.43038440894672,39.93895544543622,望京SOHO,拼好饭,晚餐
华莱士·全鸡汉堡（望京店）,116.4682812223568,40.00287331621749,望京SOHO,拼好饭,晚餐
小东北中式快餐（第6档口+禾香鼎盛美食城店）,116.43038440894672,39.93895544543622,望京SOHO,拼好饭,晚餐
华莱士·全鸡汉堡（望京店）,116.4682812223568,40.00287331621749,望京SOHO,拼好饭,晚餐
合椒魂●麻辣香锅（酒仙桥店）,116.48456022920112,39.97450187908254,望京SOHO,拼好饭,晚餐
板面大王（第8档口+禾香鼎盛美食城店）,116.43038440894672,39.93895544543622,望京SOHO,拼好饭,晚餐
茶百道（望京首开广场店）,116.46663988220324,39.99203634405819,望京SOHO,拼好饭,晚餐
小恒水饺(望京店),116.47419719777304,39.99569402991926,望京SOHO,拼好饭,晚餐
猫猫爱吃烤冷面·火鸡面·炸串（望京店）,116.47386423735954,39.97776582618405,望京SOHO,拼好饭,晚餐
东北老盒饭（第6档口+丰裕美华美食城店）,116.4042938086576,39.96796689867112,望京SOHO,拼好饭,晚餐
老东北砂锅米线（第9档口禾香鼎盛美食城店）,116.4042938086576,39.96796689867112,望京SOHO,拼好饭,晚餐
茶百道（望京首开广场店）,116.46663988220324,39.99203634405819,望京SOHO,拼好饭,晚餐
田老师红烧肉(望京商业中心店),116.47826989195,39.9893939205902,望京SOHO,拼好饭,晚餐
板面大王（第8档口+禾香鼎盛美食城店）,116.43038440894672,39.93895544543622,望京SOHO,拼好饭,晚餐
华莱士·全鸡汉堡（望京店）,116.4682812223568,40.00287331621749,望京SOHO,拼好饭,晚餐
小东北中式快餐（第6档口+禾香鼎盛美食城店）,116.43038440894672,39.93895544543622,望京SOHO,拼好饭,晚餐
华莱士·全鸡汉堡（望京店）,116.4682812223568,40.00287331621749,望京SOHO,拼好饭,晚餐
合椒魂●麻辣香锅（酒仙桥店）,116.48456022920112,39.97450187908254,望京SOHO,拼好饭,晚餐
板面大王（第8档口+禾香鼎盛美食城店）,116.43038440894672,39.93895544543622,望京SOHO,拼好饭,晚餐
茶百道（望京首开广场店）,116.46663988220324,39.99203634405819,望京SOHO,拼好饭,晚餐
小恒水饺(望京店),116.47419719777304,39.99569402991926,望京SOHO,拼好饭,晚餐
猫猫爱吃烤冷面·火鸡面·炸串（望京店）,116.47386423735954,39.97776582618405,望京SOHO,拼好饭,晚餐
东北老盒饭（第6档口+丰裕美华美食城店）,116.4042938086576,39.96796689867112,望京SOHO,拼好饭,晚餐
老东北砂锅米线（第9档口禾香鼎盛美食城店）,116.4042938086576,39.96796689867112,望京SOHO,拼好饭,晚餐
茶百道（望京首开广场店）,116.46663988220324,39.99203634405819,望京SOHO,拼好饭,晚餐
田老师红烧肉(望京商业中心店),116.47826989195,39.9893939205902,望京SOHO,拼好饭,晚餐
板面大王（第8档口+禾香鼎盛美食城店）,116.43038440894672,39.93895544543622,望京SOHO,拼好饭,晚餐
华莱士·全鸡汉堡（望京店）,116.4682812223568,40.00287331621749,望京SOHO,拼好饭,晚餐
小东北中式快餐（第6档口+禾香鼎盛美食城店）,116.43038440894672,39.93895544543622,望京SOHO,拼好饭,晚餐
华莱士·全鸡汉堡（望京店）,116.4682812223568,40.00287331621749,望京SOHO,拼好饭,晚餐
合椒魂●麻辣香锅（酒仙桥店）,116.48456022920112,39.97450187908254,望京SOHO,拼好饭,晚餐
板面大王（第8档口+禾香鼎盛美食城店）,116.43038440894672,39.93895544543622,望京SOHO,拼好饭,晚餐
茶百道（望京首开广场店）,116.46663988220324,39.99203634405819,望京SOHO,拼好饭,晚餐
小恒水饺(望京店),116.47419719777304,39.99569402991926,望京SOHO,拼好饭,晚餐
猫猫爱吃烤冷面·火鸡面·炸串（望京店）,116.47386423735954,39.97776582618405,望京SOHO,拼好饭,晚餐
东北老盒饭（第6档口+丰裕美华美食城店）,116.4042938086576,39.96796689867112,望京SOHO,拼好饭,晚餐
老东北砂锅米线（第9档口禾香鼎盛美食城店）,116.4042938086576,39.96796689867112,望京SOHO,拼好饭,晚餐
茶百道（望京首开广场店）,116.46663988220324,39.99203634405819,望京SOHO,拼好饭,晚餐
田老师红烧肉(望京商业中心店),116.47826989195,39.9893939205902,望京SOHO,拼好饭,晚餐
板面大王（第8档口+禾香鼎盛美食城店）,116.43038440894672,39.93895544543622,望京SOHO,拼好饭,晚餐
华莱士·全鸡汉堡（望京店）,116.4682812223568,40.00287331621749,望京SOHO,拼好饭,晚餐
小东北中式快餐（第6档口+禾香鼎盛美食城店）,116.43038440894672,39.93895544543622,望京SOHO,拼好饭,晚餐
华莱士·全鸡汉堡（望京店）,116.4682812223568,40.00287331621749,望京SOHO,拼好饭,晚餐
合椒魂●麻辣香锅（酒仙桥店）,116.48456022920112,39.97450187908254,望京SOHO,拼好饭,晚餐
板面大王（第8档口+禾香鼎盛美食城店）,116.43038440894672,39.93895544543622,望京SOHO,拼好饭,晚餐
茶百道（望京首开广场店）,116.46663988220324,39.99203634405819,望京SOHO,拼好饭,晚餐
小恒水饺(望京店),116.47419719777304,39.99569402991926,望京SOHO,拼好饭,晚餐
猫猫爱吃烤冷面·火鸡面·炸串（望京店）,116.47386423735954,39.97776582618405,望京SOHO,拼好饭,晚餐
东北老盒饭（第6档口+丰裕美华美食城店）,116.4042938086576,39.96796689867112,望京SOHO,拼好饭,晚餐
老东北砂锅米线（第9档口禾香鼎盛美食城店）,116.4042938086576,39.96796689867112,望京SOHO,拼好饭,晚餐
茶百道（望京首开广场店）,116.46663988220324,39.99203634405819,望京SOHO,拼好饭,晚餐
田老师红烧肉(望京商业中心店),116.47826989195,39.9893939205902,望京SOHO,拼好饭,晚餐
板面大王（第8档口+禾香鼎盛美食城店）,116.43038440894672,39.93895544543622,望京SOHO,拼好饭,晚餐
华莱士·全鸡汉堡（望京店）,116.4682812223568,40.00287331621749,望京SOHO,拼好饭,晚餐
小东北中式快餐（第6档口+禾香鼎盛美食城店）,116.43038440894672,39.93895544543622,望京SOHO,拼好饭,晚餐
华莱士·全鸡汉堡（望京店）,116.4682812223568,40.00287331621749,望京SOHO,拼好饭,晚餐
合椒魂●麻辣香锅（酒仙桥店）,116.48456022920112,39.97450187908254,望京SOHO,拼好饭,晚餐
板面大王（第8档口+禾香鼎盛美食城店）,116.43038440894672,39.93895544543622,望京SOHO,拼好饭,晚餐
茶百道（望京首开广场店）,116.46663988220324,39.99203634405819,望京SOHO,拼好饭,晚餐
小恒水饺(望京店),116.47419719777304,39.99569402991926,望京SOHO,拼好饭,晚餐
猫猫爱吃烤冷面·火鸡面·炸串（望京店）,116.47386423735954,39.97776582618405,望京SOHO,拼好饭,晚餐
东北老盒饭（第6档口+丰裕美华美食城店）,116.4042938086576,39.96796689867112,望京SOHO,拼好饭,晚餐
老东北砂锅米线（第9档口禾香鼎盛美食城店）,116.4042938086576,39.96796689867112,望京SOHO,拼好饭,晚餐
茶百道（望京首开广场店）,116.46663988220324,39.99203634405819,望京SOHO,拼好饭,晚餐
田老师红烧肉(望京商业中心店),116.47826989195,39.9893939205902,望京SOHO,拼好饭,晚餐
板面大王（第8档口+禾香鼎盛美食城店）,116.43038440894672,39.93895544543622,望京SOHO,拼好饭,晚餐
华莱士·全鸡汉堡（望京店）,116.4682812223568,40.00287331621749,望京SOHO,拼好饭,晚餐
小东北中式快餐（第6档口+禾香鼎盛美食城店）,116.43038440894672,39.93895544543622,望京SOHO,拼好饭,晚餐
华莱士·全鸡汉堡（望京店）,116.4682812223568,40.00287331621749,望京SOHO,拼好饭,晚餐
合椒魂●麻辣香锅（酒仙桥店）,116.48456022920112,39.97450187908254,望京SOHO,拼好饭,晚餐
板面大王（第8档口+禾香鼎盛美食城店）,116.43038440894672,39.93895544543622,望京SOHO,拼好饭,晚餐
茶百道（望京首开广场店）,116.46663988220324,39.99203634405819,望京SOHO,拼好饭,晚餐
小恒水饺(望京店),116.47419719777304,39.99569402991926,望京SOHO,拼好饭,晚餐
猫猫爱吃烤冷面·火鸡面·炸串（望京店）,116.47386423735954,39.97776582618405,望京SOHO,拼好饭,晚餐
东北老盒饭（第6档口+丰裕美华美食城店）,116.4042938086576,39.96796689867112,望京SOHO,拼好饭,晚餐
老东北砂锅米线（第9档口禾香鼎盛美食城店）,116.4042938086576,39.96796689867112,望京SOHO,拼好饭,晚餐
茶百道（望京首开广场店）,116.46663988220324,39.99203634405819,望京SOHO,拼好饭,晚餐
田老师红烧肉(望京商业中心店),116.47826989195,39.9893939205902,望京SOHO,拼好饭,晚餐
板面大王（第8档口+禾香鼎盛美食城店）,116.43038440894672,39.93895544543622,望京SOHO,拼好饭,晚餐
南城香·饭香串香馄饨香（望京西园店）,116.47194715427534,40.00318139557035,望京SOHO,神枪手,中午
库迪咖啡(利星行广场A座店),116.47584560001047,39.99247384242209,望京SOHO,神枪手,中午
田老师红烧肉(望京商业中心店),116.47826989195,39.9893939205902,望京SOHO,神枪手,中午
嘉和一品粥（健康餐·皮蛋粥·焖面·望京soho店）,116.47538757512324,39.99529442039436,望京SOHO,神枪手,中午
爷爷不泡茶（北京望京麒麟社店）,116.47147637119484,39.99600939225394,望京SOHO,神枪手,中午
半亩良田（排骨米饭·望京店）,116.478148574099,39.98835361382131,望京SOHO,神枪手,中午
汉堡王（合生麒麟社餐厅20008店）,116.47179656290976,39.99562729900947,望京SOHO,神枪手,中午
瑞幸咖啡(望京SOHO-3塔店),116.4737044060455,39.99575863710116,望京SOHO,神枪手,中午
老乡鸡（北京新荟城店）,116.47616917615944,39.9973245613546,望京SOHO,神枪手,中午
德来聚驴肉火烧（望京店）,116.4783472767401,39.98860217641321,望京SOHO,神枪手,中午
南城香·饭香串香馄饨香（望京西园店）,116.47194715427534,40.00318139557035,望京SOHO,神枪手,中午
沪上阿姨·精选茶饮(北京望京新世界店),116.4748920680999,39.98493144270508,望京SOHO,神枪手,中午
田老师红烧肉(望京商业中心店),116.47826989195,39.9893939205902,望京SOHO,神枪手,中午
汉堡王（合生麒麟社餐厅20008店）,116.47179656290976,39.99562729900947,望京SOHO,神枪手,中午
瑞幸咖啡(望京SOHO-3塔店),116.4737044060455,39.99575863710116,望京SOHO,神枪手,中午
煲仔皇煲仔饭（望京新世界店）,116.4746120112968,39.98524363642159,望京SOHO,神枪手,中午
太熟悉烤鸭鱼头泡饼（久隆百货店）,116.48941831256788,39.960718818159975,望京SOHO,神枪手,中午
LINLEE林里·手打柠檬茶（望京麒麟社店）,116.47127264780848,39.99598382762118,望京SOHO,神枪手,中午
赛百味·三明治（融科橄榄城店）,116.47856334377532,39.99445355649224,望京SOHO,神枪手,中午
谷田稻香（北京麒麟社店）,116.4718336635971,39.99588239156489,望京SOHO,神枪手,中午
南城香·饭香串香馄饨香（望京西园店）,116.47194715427534,40.00318139557035,望京SOHO,神枪手,中午
库迪咖啡(利星行广场A座店),116.47584560001047,39.99247384242209,望京SOHO,神枪手,中午
田老师红烧肉(望京商业中心店),116.47826989195,39.9893939205902,望京SOHO,神枪手,中午
嘉和一品粥（健康餐·皮蛋粥·焖面·望京soho店）,116.47538757512324,39.99529442039436,望京SOHO,神枪手,中午
爷爷不泡茶（北京望京麒麟社店）,116.47147637119484,39.99600939225394,望京SOHO,神枪手,中午
半亩良田（排骨米饭·望京店）,116.478148574099,39.98835361382131,望京SOHO,神枪手,中午
汉堡王（合生麒麟社餐厅20008店）,116.47179656290976,39.99562729900947,望京SOHO,神枪手,中午
瑞幸咖啡(望京SOHO-3塔店),116.4737044060455,39.99575863710116,望京SOHO,神枪手,中午
老乡鸡（北京新荟城店）,116.47616917615944,39.9973245613546,望京SOHO,神枪手,中午
德来聚驴肉火烧（望京店）,116.4783472767401,39.98860217641321,望京SOHO,神枪手,中午
南城香·饭香串香馄饨香（望京西园店）,116.47194715427534,40.00318139557035,望京SOHO,神枪手,中午
沪上阿姨·精选茶饮(北京望京新世界店),116.4748920680999,39.98493144270508,望京SOHO,神枪手,中午
田老师红烧肉(望京商业中心店),116.47826989195,39.9893939205902,望京SOHO,神枪手,中午
汉堡王（合生麒麟社餐厅20008店）,116.47179656290976,39.99562729900947,望京SOHO,神枪手,中午
瑞幸咖啡(望京SOHO-3塔店),116.4737044060455,39.99575863710116,望京SOHO,神枪手,中午
煲仔皇煲仔饭（望京新世界店）,116.4746120112968,39.98524363642159,望京SOHO,神枪手,中午
太熟悉烤鸭鱼头泡饼（久隆百货店）,116.48941831256788,39.960718818159975,望京SOHO,神枪手,中午
LINLEE林里·手打柠檬茶（望京麒麟社店）,116.47127264780848,39.99598382762118,望京SOHO,神枪手,中午
赛百味·三明治（融科橄榄城店）,116.47856334377532,39.99445355649224,望京SOHO,神枪手,中午
谷田稻香（北京麒麟社店）,116.4718336635971,39.99588239156489,望京SOHO,神枪手,中午
南城香·饭香串香馄饨香（望京西园店）,116.47194715427534,40.00318139557035,望京SOHO,神枪手,中午
库迪咖啡(利星行广场A座店),116.47584560001047,39.99247384242209,望京SOHO,神枪手,中午
田老师红烧肉(望京商业中心店),116.47826989195,39.9893939205902,望京SOHO,神枪手,中午
嘉和一品粥（健康餐·皮蛋粥·焖面·望京soho店）,116.47538757512324,39.99529442039436,望京SOHO,神枪手,中午
爷爷不泡茶（北京望京麒麟社店）,116.47147637119484,39.99600939225394,望京SOHO,神枪手,中午
半亩良田（排骨米饭·望京店）,116.478148574099,39.98835361382131,望京SOHO,神枪手,中午
汉堡王（合生麒麟社餐厅20008店）,116.47179656290976,39.99562729900947,望京SOHO,神枪手,中午
瑞幸咖啡(望京SOHO-3塔店),116.4737044060455,39.99575863710116,望京SOHO,神枪手,中午
老乡鸡（北京新荟城店）,116.47616917615944,39.9973245613546,望京SOHO,神枪手,中午
德来聚驴肉火烧（望京店）,116.4783472767401,39.98860217641321,望京SOHO,神枪手,中午
南城香·饭香串香馄饨香（望京西园店）,116.47194715427534,40.00318139557035,望京SOHO,神枪手,中午
沪上阿姨·精选茶饮(北京望京新世界店),116.4748920680999,39.98493144270508,望京SOHO,神枪手,中午
田老师红烧肉(望京商业中心店),116.47826989195,39.9893939205902,望京SOHO,神枪手,中午
汉堡王（合生麒麟社餐厅20008店）,116.47179656290976,39.99562729900947,望京SOHO,神枪手,中午
瑞幸咖啡(望京SOHO-3塔店),116.4737044060455,39.99575863710116,望京SOHO,神枪手,中午
煲仔皇煲仔饭（望京新世界店）,116.4746120112968,39.98524363642159,望京SOHO,神枪手,中午
太熟悉烤鸭鱼头泡饼（久隆百货店）,116.48941831256788,39.960718818159975,望京SOHO,神枪手,中午
LINLEE林里·手打柠檬茶（望京麒麟社店）,116.47127264780848,39.99598382762118,望京SOHO,神枪手,中午
赛百味·三明治（融科橄榄城店）,116.47856334377532,39.99445355649224,望京SOHO,神枪手,中午
谷田稻香（北京麒麟社店）,116.4718336635971,39.99588239156489,望京SOHO,神枪手,中午
南城香·饭香串香馄饨香（望京西园店）,116.47194715427534,40.00318139557035,望京SOHO,神枪手,中午
库迪咖啡(利星行广场A座店),116.47584560001047,39.99247384242209,望京SOHO,神枪手,中午
田老师红烧肉(望京商业中心店),116.47826989195,39.9893939205902,望京SOHO,神枪手,中午
嘉和一品粥（健康餐·皮蛋粥·焖面·望京soho店）,116.47538757512324,39.99529442039436,望京SOHO,神枪手,中午
爷爷不泡茶（北京望京麒麟社店）,116.47147637119484,39.99600939225394,望京SOHO,神枪手,中午
半亩良田（排骨米饭·望京店）,116.478148574099,39.98835361382131,望京SOHO,神枪手,中午
汉堡王（合生麒麟社餐厅20008店）,116.47179656290976,39.99562729900947,望京SOHO,神枪手,中午
瑞幸咖啡(望京SOHO-3塔店),116.4737044060455,39.99575863710116,望京SOHO,神枪手,中午
老乡鸡（北京新荟城店）,116.47616917615944,39.9973245613546,望京SOHO,神枪手,中午
德来聚驴肉火烧（望京店）,116.4783472767401,39.98860217641321,望京SOHO,神枪手,中午
南城香·饭香串香馄饨香（望京西园店）,116.47194715427534,40.00318139557035,望京SOHO,神枪手,中午
沪上阿姨·精选茶饮(北京望京新世界店),116.4748920680999,39.98493144270508,望京SOHO,神枪手,中午
田老师红烧肉(望京商业中心店),116.47826989195,39.9893939205902,望京SOHO,神枪手,中午
汉堡王（合生麒麟社餐厅20008店）,116.47179656290976,39.99562729900947,望京SOHO,神枪手,中午
瑞幸咖啡(望京SOHO-3塔店),116.4737044060455,39.99575863710116,望京SOHO,神枪手,中午
煲仔皇煲仔饭（望京新世界店）,116.4746120112968,39.98524363642159,望京SOHO,神枪手,中午
太熟悉烤鸭鱼头泡饼（久隆百货店）,116.48941831256788,39.960718818159975,望京SOHO,神枪手,中午
LINLEE林里·手打柠檬茶（望京麒麟社店）,116.47127264780848,39.99598382762118,望京SOHO,神枪手,中午
赛百味·三明治（融科橄榄城店）,116.47856334377532,39.99445355649224,望京SOHO,神枪手,中午
谷田稻香（北京麒麟社店）,116.4718336635971,39.99588239156489,望京SOHO,神枪手,中午
南城香·饭香串香馄饨香（望京西园店）,116.47194715427534,40.00318139557035,望京SOHO,神枪手,中午
库迪咖啡(利星行广场A座店),116.47584560001047,39.99247384242209,望京SOHO,神枪手,中午
田老师红烧肉(望京商业中心店),116.47826989195,39.9893939205902,望京SOHO,神枪手,中午
嘉和一品粥（健康餐·皮蛋粥·焖面·望京soho店）,116.47538757512324,39.99529442039436,望京SOHO,神枪手,中午
爷爷不泡茶（北京望京麒麟社店）,116.47147637119484,39.99600939225394,望京SOHO,神枪手,中午
半亩良田（排骨米饭·望京店）,116.478148574099,39.98835361382131,望京SOHO,神枪手,中午
汉堡王（合生麒麟社餐厅20008店）,116.47179656290976,39.99562729900947,望京SOHO,神枪手,中午
瑞幸咖啡(望京SOHO-3塔店),116.4737044060455,39.99575863710116,望京SOHO,神枪手,中午
老乡鸡（北京新荟城店）,116.47616917615944,39.9973245613546,望京SOHO,神枪手,中午
德来聚驴肉火烧（望京店）,116.4783472767401,39.98860217641321,望京SOHO,神枪手,中午
南城香·饭香串香馄饨香（望京西园店）,116.47194715427534,40.00318139557035,望京SOHO,神枪手,中午
沪上阿姨·精选茶饮(北京望京新世界店),116.4748920680999,39.98493144270508,望京SOHO,神枪手,中午
田老师红烧肉(望京商业中心店),116.47826989195,39.9893939205902,望京SOHO,神枪手,中午
汉堡王（合生麒麟社餐厅20008店）,116.47179656290976,39.99562729900947,望京SOHO,神枪手,中午
瑞幸咖啡(望京SOHO-3塔店),116.4737044060455,39.99575863710116,望京SOHO,神枪手,中午
煲仔皇煲仔饭（望京新世界店）,116.4746120112968,39.98524363642159,望京SOHO,神枪手,中午
太熟悉烤鸭鱼头泡饼（久隆百货店）,116.48941831256788,39.960718818159975,望京SOHO,神枪手,中午
LINLEE林里·手打柠檬茶（望京麒麟社店）,116.47127264780848,39.99598382762118,望京SOHO,神枪手,中午
赛百味·三明治（融科橄榄城店）,116.47856334377532,39.99445355649224,望京SOHO,神枪手,中午
谷田稻香（北京麒麟社店）,116.4718336635971,39.99588239156489,望京SOHO,神枪手,中午
南城香·饭香串香馄饨香（望京西园店）,116.47194715427534,40.00318139557035,望京SOHO,神枪手,中午
库迪咖啡(利星行广场A座店),116.47584560001047,39.99247384242209,望京SOHO,神枪手,中午
田老师红烧肉(望京商业中心店),116.47826989195,39.9893939205902,望京SOHO,神枪手,中午
嘉和一品粥（健康餐·皮蛋粥·焖面·望京soho店）,116.47538757512324,39.99529442039436,望京SOHO,神枪手,中午
爷爷不泡茶（北京望京麒麟社店）,116.47147637119484,39.99600939225394,望京SOHO,神枪手,中午
半亩良田（排骨米饭·望京店）,116.478148574099,39.98835361382131,望京SOHO,神枪手,中午
汉堡王（合生麒麟社餐厅20008店）,116.47179656290976,39.99562729900947,望京SOHO,神枪手,中午
瑞幸咖啡(望京SOHO-3塔店),116.4737044060455,39.99575863710116,望京SOHO,神枪手,中午
老乡鸡（北京新荟城店）,116.47616917615944,39.9973245613546,望京SOHO,神枪手,中午
德来聚驴肉火烧（望京店）,116.4783472767401,39.98860217641321,望京SOHO,神枪手,中午
南城香·饭香串香馄饨香（望京西园店）,116.47194715427534,40.00318139557035,望京SOHO,神枪手,中午
沪上阿姨·精选茶饮(北京望京新世界店),116.4748920680999,39.98493144270508,望京SOHO,神枪手,中午
田老师红烧肉(望京商业中心店),116.47826989195,39.9893939205902,望京SOHO,神枪手,中午
汉堡王（合生麒麟社餐厅20008店）,116.47179656290976,39.99562729900947,望京SOHO,神枪手,中午
瑞幸咖啡(望京SOHO-3塔店),116.4737044060455,39.99575863710116,望京SOHO,神枪手,中午
煲仔皇煲仔饭（望京新世界店）,116.4746120112968,39.98524363642159,望京SOHO,神枪手,中午
太熟悉烤鸭鱼头泡饼（久隆百货店）,116.48941831256788,39.960718818159975,望京SOHO,神枪手,中午
LINLEE林里·手打柠檬茶（望京麒麟社店）,116.47127264780848,39.99598382762118,望京SOHO,神枪手,中午
赛百味·三明治（融科橄榄城店）,116.47856334377532,39.99445355649224,望京SOHO,神枪手,中午
谷田稻香（北京麒麟社店）,116.4718336635971,39.99588239156489,望京SOHO,神枪手,中午
南城香·饭香串香馄饨香（望京西园店）,116.47194715427534,40.00318139557035,望京SOHO,神枪手,中午
库迪咖啡(利星行广场A座店),116.47584560001047,39.99247384242209,望京SOHO,神枪手,中午
田老师红烧肉(望京商业中心店),116.47826989195,39.9893939205902,望京SOHO,神枪手,中午
嘉和一品粥（健康餐·皮蛋粥·焖面·望京soho店）,116.47538757512324,39.99529442039436,望京SOHO,神枪手,中午
爷爷不泡茶（北京望京麒麟社店）,116.47147637119484,39.99600939225394,望京SOHO,神枪手,中午
半亩良田（排骨米饭·望京店）,116.478148574099,39.98835361382131,望京SOHO,神枪手,中午
汉堡王（合生麒麟社餐厅20008店）,116.47179656290976,39.99562729900947,望京SOHO,神枪手,中午
瑞幸咖啡(望京SOHO-3塔店),116.4737044060455,39.99575863710116,望京SOHO,神枪手,中午
老乡鸡（北京新荟城店）,116.47616917615944,39.9973245613546,望京SOHO,神枪手,中午
德来聚驴肉火烧（望京店）,116.4783472767401,39.98860217641321,望京SOHO,神枪手,中午
南城香·饭香串香馄饨香（望京西园店）,116.47194715427534,40.00318139557035,望京SOHO,神枪手,中午
沪上阿姨·精选茶饮(北京望京新世界店),116.4748920680999,39.98493144270508,望京SOHO,神枪手,中午
田老师红烧肉(望京商业中心店),116.47826989195,39.9893939205902,望京SOHO,神枪手,中午
汉堡王（合生麒麟社餐厅20008店）,116.47179656290976,39.99562729900947,望京SOHO,神枪手,中午
瑞幸咖啡(望京SOHO-3塔店),116.4737044060455,39.99575863710116,望京SOHO,神枪手,中午
煲仔皇煲仔饭（望京新世界店）,116.4746120112968,39.98524363642159,望京SOHO,神枪手,中午
太熟悉烤鸭鱼头泡饼（久隆百货店）,116.48941831256788,39.960718818159975,望京SOHO,神枪手,中午
LINLEE林里·手打柠檬茶（望京麒麟社店）,116.47127264780848,39.99598382762118,望京SOHO,神枪手,中午
赛百味·三明治（融科橄榄城店）,116.47856334377532,39.99445355649224,望京SOHO,神枪手,中午
谷田稻香（北京麒麟社店）,116.4718336635971,39.99588239156489,望京SOHO,神枪手,中午
南城香·饭香串香馄饨香（望京西园店）,116.47194715427534,40.00318139557035,望京SOHO,神枪手,中午
库迪咖啡(利星行广场A座店),116.47584560001047,39.99247384242209,望京SOHO,神枪手,中午
田老师红烧肉(望京商业中心店),116.47826989195,39.9893939205902,望京SOHO,神枪手,中午
嘉和一品粥（健康餐·皮蛋粥·焖面·望京soho店）,116.47538757512324,39.99529442039436,望京SOHO,神枪手,中午
爷爷不泡茶（北京望京麒麟社店）,116.47147637119484,39.99600939225394,望京SOHO,神枪手,中午
半亩良田（排骨米饭·望京店）,116.478148574099,39.98835361382131,望京SOHO,神枪手,中午
汉堡王（合生麒麟社餐厅20008店）,116.47179656290976,39.99562729900947,望京SOHO,神枪手,中午
瑞幸咖啡(望京SOHO-3塔店),116.4737044060455,39.99575863710116,望京SOHO,神枪手,中午
老乡鸡（北京新荟城店）,116.47616917615944,39.9973245613546,望京SOHO,神枪手,中午
德来聚驴肉火烧（望京店）,116.4783472767401,39.98860217641321,望京SOHO,神枪手,中午
南城香·饭香串香馄饨香（望京西园店）,116.47194715427534,40.00318139557035,望京SOHO,神枪手,中午
沪上阿姨·精选茶饮(北京望京新世界店),116.4748920680999,39.98493144270508,望京SOHO,神枪手,中午
田老师红烧肉(望京商业中心店),116.47826989195,39.9893939205902,望京SOHO,神枪手,中午
汉堡王（合生麒麟社餐厅20008店）,116.47179656290976,39.99562729900947,望京SOHO,神枪手,中午
瑞幸咖啡(望京SOHO-3塔店),116.4737044060455,39.99575863710116,望京SOHO,神枪手,中午
煲仔皇煲仔饭（望京新世界店）,116.4746120112968,39.98524363642159,望京SOHO,神枪手,中午
太熟悉烤鸭鱼头泡饼（久隆百货店）,116.48941831256788,39.960718818159975,望京SOHO,神枪手,中午
LINLEE林里·手打柠檬茶（望京麒麟社店）,116.47127264780848,39.99598382762118,望京SOHO,神枪手,中午
赛百味·三明治（融科橄榄城店）,116.47856334377532,39.99445355649224,望京SOHO,神枪手,中午
谷田稻香（北京麒麟社店）,116.4718336635971,39.99588239156489,望京SOHO,神枪手,中午
南城香·饭香串香馄饨香（望京西园店）,116.47194715427534,40.00318139557035,望京SOHO,神枪手,中午
库迪咖啡(利星行广场A座店),116.47584560001047,39.99247384242209,望京SOHO,神枪手,中午
田老师红烧肉(望京商业中心店),116.47826989195,39.9893939205902,望京SOHO,神枪手,中午
嘉和一品粥（健康餐·皮蛋粥·焖面·望京soho店）,116.47538757512324,39.99529442039436,望京SOHO,神枪手,中午
爷爷不泡茶（北京望京麒麟社店）,116.47147637119484,39.99600939225394,望京SOHO,神枪手,中午
半亩良田（排骨米饭·望京店）,116.478148574099,39.98835361382131,望京SOHO,神枪手,中午
汉堡王（合生麒麟社餐厅20008店）,116.47179656290976,39.99562729900947,望京SOHO,神枪手,中午
瑞幸咖啡(望京SOHO-3塔店),116.4737044060455,39.99575863710116,望京SOHO,神枪手,中午
老乡鸡（北京新荟城店）,116.47616917615944,39.9973245613546,望京SOHO,神枪手,中午
德来聚驴肉火烧（望京店）,116.4783472767401,39.98860217641321,望京SOHO,神枪手,中午
南城香·饭香串香馄饨香（望京西园店）,116.47194715427534,40.00318139557035,望京SOHO,神枪手,中午
沪上阿姨·精选茶饮(北京望京新世界店),116.4748920680999,39.98493144270508,望京SOHO,神枪手,中午
田老师红烧肉(望京商业中心店),116.47826989195,39.9893939205902,望京SOHO,神枪手,中午
汉堡王（合生麒麟社餐厅20008店）,116.47179656290976,39.99562729900947,望京SOHO,神枪手,中午
瑞幸咖啡(望京SOHO-3塔店),116.4737044060455,39.99575863710116,望京SOHO,神枪手,中午
煲仔皇煲仔饭（望京新世界店）,116.4746120112968,39.98524363642159,望京SOHO,神枪手,中午
太熟悉烤鸭鱼头泡饼（久隆百货店）,116.48941831256788,39.960718818159975,望京SOHO,神枪手,中午
LINLEE林里·手打柠檬茶（望京麒麟社店）,116.47127264780848,39.99598382762118,望京SOHO,神枪手,中午
赛百味·三明治（融科橄榄城店）,116.47856334377532,39.99445355649224,望京SOHO,神枪手,中午
谷田稻香（北京麒麟社店）,116.4718336635971,39.99588239156489,望京SOHO,神枪手,中午
南城香·饭香串香馄饨香（望京西园店）,116.47194715427534,40.00318139557035,望京SOHO,神枪手,中午
库迪咖啡(利星行广场A座店),116.47584560001047,39.99247384242209,望京SOHO,神枪手,中午
田老师红烧肉(望京商业中心店),116.47826989195,39.9893939205902,望京SOHO,神枪手,中午
嘉和一品粥（健康餐·皮蛋粥·焖面·望京soho店）,116.47538757512324,39.99529442039436,望京SOHO,神枪手,中午
爷爷不泡茶（北京望京麒麟社店）,116.47147637119484,39.99600939225394,望京SOHO,神枪手,中午
半亩良田（排骨米饭·望京店）,116.478148574099,39.98835361382131,望京SOHO,神枪手,中午
汉堡王（合生麒麟社餐厅20008店）,116.47179656290976,39.99562729900947,望京SOHO,神枪手,中午
瑞幸咖啡(望京SOHO-3塔店),116.4737044060455,39.99575863710116,望京SOHO,神枪手,中午
老乡鸡（北京新荟城店）,116.47616917615944,39.9973245613546,望京SOHO,神枪手,中午
德来聚驴肉火烧（望京店）,116.4783472767401,39.98860217641321,望京SOHO,神枪手,中午
南城香·饭香串香馄饨香（望京西园店）,116.47194715427534,40.00318139557035,望京SOHO,神枪手,中午
沪上阿姨·精选茶饮(北京望京新世界店),116.4748920680999,39.98493144270508,望京SOHO,神枪手,中午
田老师红烧肉(望京商业中心店),116.47826989195,39.9893939205902,望京SOHO,神枪手,中午
汉堡王（合生麒麟社餐厅20008店）,116.47179656290976,39.99562729900947,望京SOHO,神枪手,中午
瑞幸咖啡(望京SOHO-3塔店),116.4737044060455,39.99575863710116,望京SOHO,神枪手,中午
煲仔皇煲仔饭（望京新世界店）,116.4746120112968,39.98524363642159,望京SOHO,神枪手,中午
太熟悉烤鸭鱼头泡饼（久隆百货店）,116.48941831256788,39.960718818159975,望京SOHO,神枪手,中午
LINLEE林里·手打柠檬茶（望京麒麟社店）,116.47127264780848,39.99598382762118,望京SOHO,神枪手,中午
赛百味·三明治（融科橄榄城店）,116.47856334377532,39.99445355649224,望京SOHO,神枪手,中午
谷田稻香（北京麒麟社店）,116.4718336635971,39.99588239156489,望京SOHO,神枪手,中午
华莱士·全鸡汉堡（望京店）,116.4682812223568,40.00287331621749,望京SOHO,神枪手,宵夜
Obligi chicken韩式炸鸡(第2档口望京园中食安康美食城店),116.41462092001508,39.94735577014109,望京SOHO,神枪手,宵夜
美蛙鱼头·根娃子（草场地店）,116.50030044375582,39.993862908414506,望京SOHO,神枪手,宵夜
汉堡王（合生麒麟社餐厅20008店）,116.47179656290976,39.99562729900947,望京SOHO,神枪手,宵夜
和合谷·现炒更好吃(望京SOHO店),116.47513669849894,39.99499472019243,望京SOHO,神枪手,宵夜
刘文祥麻辣烫炸串（望京店）,116.46648746631834,39.99116097179283,望京SOHO,神枪手,宵夜
肯德基宅急送（望京西店）,116.45085811558718,39.99323908584947,望京SOHO,神枪手,宵夜
眉州东坡(望京店),116.46855103496434,39.987990677805065,望京SOHO,神枪手,宵夜
魏家凉皮(旺角广场店）,116.4571272957657,40.0005125384794,望京SOHO,神枪手,宵夜
Obligi chicken韩式炸鸡(第2档口望京园中食安康美食城店),116.41462092001508,39.94735577014109,望京SOHO,神枪手,宵夜
和合谷·现炒更好吃(望京SOHO店),116.47513669849894,39.99499472019243,望京SOHO,神枪手,宵夜
鱼你在一起(望京浦项中心店),116.4836879773469,39.99832633322631,望京SOHO,神枪手,宵夜
刘文祥麻辣烫炸串（望京店）,116.46648746631834,39.99116097179283,望京SOHO,神枪手,宵夜
肯德基（东湖国际中心店）,116.45879077504868,40.00706736143782,望京SOHO,神枪手,宵夜
CoCo都可（阿里中心A座店）,116.47552611178055,39.99504382497263,望京SOHO,神枪手,宵夜
渝八两重庆鸡公煲（望京店）,116.46688673941637,39.99200300843388,望京SOHO,神枪手,宵夜
华莱士·全鸡汉堡（望京店）,116.4682812223568,40.00287331621749,望京SOHO,神枪手,宵夜
Obligi chicken韩式炸鸡(第2档口望京园中食安康美食城店),116.41462092001508,39.94735577014109,望京SOHO,神枪手,宵夜
美蛙鱼头·根娃子（草场地店）,116.50030044375582,39.993862908414506,望京SOHO,神枪手,宵夜
汉堡王（合生麒麟社餐厅20008店）,116.47179656290976,39.99562729900947,望京SOHO,神枪手,宵夜
和合谷·现炒更好吃(望京SOHO店),116.47513669849894,39.99499472019243,望京SOHO,神枪手,宵夜
刘文祥麻辣烫炸串（望京店）,116.46648746631834,39.99116097179283,望京SOHO,神枪手,宵夜
肯德基宅急送（望京西店）,116.45085811558718,39.99323908584947,望京SOHO,神枪手,宵夜
眉州东坡(望京店),116.46855103496434,39.987990677805065,望京SOHO,神枪手,宵夜
魏家凉皮(旺角广场店）,116.4571272957657,40.0005125384794,望京SOHO,神枪手,宵夜
Obligi chicken韩式炸鸡(第2档口望京园中食安康美食城店),116.41462092001508,39.94735577014109,望京SOHO,神枪手,宵夜
和合谷·现炒更好吃(望京SOHO店),116.47513669849894,39.99499472019243,望京SOHO,神枪手,宵夜
鱼你在一起(望京浦项中心店),116.4836879773469,39.99832633322631,望京SOHO,神枪手,宵夜
刘文祥麻辣烫炸串（望京店）,116.46648746631834,39.99116097179283,望京SOHO,神枪手,宵夜
肯德基（东湖国际中心店）,116.45879077504868,40.00706736143782,望京SOHO,神枪手,宵夜
CoCo都可（阿里中心A座店）,116.47552611178055,39.99504382497263,望京SOHO,神枪手,宵夜
渝八两重庆鸡公煲（望京店）,116.46688673941637,39.99200300843388,望京SOHO,神枪手,宵夜
华莱士·全鸡汉堡（望京店）,116.4682812223568,40.00287331621749,望京SOHO,神枪手,宵夜
Obligi chicken韩式炸鸡(第2档口望京园中食安康美食城店),116.41462092001508,39.94735577014109,望京SOHO,神枪手,宵夜
美蛙鱼头·根娃子（草场地店）,116.50030044375582,39.993862908414506,望京SOHO,神枪手,宵夜
汉堡王（合生麒麟社餐厅20008店）,116.47179656290976,39.99562729900947,望京SOHO,神枪手,宵夜
和合谷·现炒更好吃(望京SOHO店),116.47513669849894,39.99499472019243,望京SOHO,神枪手,宵夜
刘文祥麻辣烫炸串（望京店）,116.46648746631834,39.99116097179283,望京SOHO,神枪手,宵夜
肯德基宅急送（望京西店）,116.45085811558718,39.99323908584947,望京SOHO,神枪手,宵夜
眉州东坡(望京店),116.46855103496434,39.987990677805065,望京SOHO,神枪手,宵夜
魏家凉皮(旺角广场店）,116.4571272957657,40.0005125384794,望京SOHO,神枪手,宵夜
Obligi chicken韩式炸鸡(第2档口望京园中食安康美食城店),116.41462092001508,39.94735577014109,望京SOHO,神枪手,宵夜
和合谷·现炒更好吃(望京SOHO店),116.47513669849894,39.99499472019243,望京SOHO,神枪手,宵夜
鱼你在一起(望京浦项中心店),116.4836879773469,39.99832633322631,望京SOHO,神枪手,宵夜
刘文祥麻辣烫炸串（望京店）,116.46648746631834,39.99116097179283,望京SOHO,神枪手,宵夜
肯德基（东湖国际中心店）,116.45879077504868,40.00706736143782,望京SOHO,神枪手,宵夜
CoCo都可（阿里中心A座店）,116.47552611178055,39.99504382497263,望京SOHO,神枪手,宵夜
渝八两重庆鸡公煲（望京店）,116.46688673941637,39.99200300843388,望京SOHO,神枪手,宵夜
华莱士·全鸡汉堡（望京店）,116.4682812223568,40.00287331621749,望京SOHO,神枪手,宵夜
Obligi chicken韩式炸鸡(第2档口望京园中食安康美食城店),116.41462092001508,39.94735577014109,望京SOHO,神枪手,宵夜
美蛙鱼头·根娃子（草场地店）,116.50030044375582,39.993862908414506,望京SOHO,神枪手,宵夜
汉堡王（合生麒麟社餐厅20008店）,116.47179656290976,39.99562729900947,望京SOHO,神枪手,宵夜
和合谷·现炒更好吃(望京SOHO店),116.47513669849894,39.99499472019243,望京SOHO,神枪手,宵夜
刘文祥麻辣烫炸串（望京店）,116.46648746631834,39.99116097179283,望京SOHO,神枪手,宵夜
肯德基宅急送（望京西店）,116.45085811558718,39.99323908584947,望京SOHO,神枪手,宵夜
眉州东坡(望京店),116.46855103496434,39.987990677805065,望京SOHO,神枪手,宵夜
魏家凉皮(旺角广场店）,116.4571272957657,40.0005125384794,望京SOHO,神枪手,宵夜
Obligi chicken韩式炸鸡(第2档口望京园中食安康美食城店),116.41462092001508,39.94735577014109,望京SOHO,神枪手,宵夜
和合谷·现炒更好吃(望京SOHO店),116.47513669849894,39.99499472019243,望京SOHO,神枪手,宵夜
鱼你在一起(望京浦项中心店),116.4836879773469,39.99832633322631,望京SOHO,神枪手,宵夜
刘文祥麻辣烫炸串（望京店）,116.46648746631834,39.99116097179283,望京SOHO,神枪手,宵夜
肯德基（东湖国际中心店）,116.45879077504868,40.00706736143782,望京SOHO,神枪手,宵夜
CoCo都可（阿里中心A座店）,116.47552611178055,39.99504382497263,望京SOHO,神枪手,宵夜
渝八两重庆鸡公煲（望京店）,116.46688673941637,39.99200300843388,望京SOHO,神枪手,宵夜
华莱士·全鸡汉堡（望京店）,116.4682812223568,40.00287331621749,望京SOHO,神枪手,宵夜
Obligi chicken韩式炸鸡(第2档口望京园中食安康美食城店),116.41462092001508,39.94735577014109,望京SOHO,神枪手,宵夜
美蛙鱼头·根娃子（草场地店）,116.50030044375582,39.993862908414506,望京SOHO,神枪手,宵夜
汉堡王（合生麒麟社餐厅20008店）,116.47179656290976,39.99562729900947,望京SOHO,神枪手,宵夜
和合谷·现炒更好吃(望京SOHO店),116.47513669849894,39.99499472019243,望京SOHO,神枪手,宵夜
刘文祥麻辣烫炸串（望京店）,116.46648746631834,39.99116097179283,望京SOHO,神枪手,宵夜
肯德基宅急送（望京西店）,116.45085811558718,39.99323908584947,望京SOHO,神枪手,宵夜
眉州东坡(望京店),116.46855103496434,39.987990677805065,望京SOHO,神枪手,宵夜
魏家凉皮(旺角广场店）,116.4571272957657,40.0005125384794,望京SOHO,神枪手,宵夜
Obligi chicken韩式炸鸡(第2档口望京园中食安康美食城店),116.41462092001508,39.94735577014109,望京SOHO,神枪手,宵夜
和合谷·现炒更好吃(望京SOHO店),116.47513669849894,39.99499472019243,望京SOHO,神枪手,宵夜
鱼你在一起(望京浦项中心店),116.4836879773469,39.99832633322631,望京SOHO,神枪手,宵夜
刘文祥麻辣烫炸串（望京店）,116.46648746631834,39.99116097179283,望京SOHO,神枪手,宵夜
肯德基（东湖国际中心店）,116.45879077504868,40.00706736143782,望京SOHO,神枪手,宵夜
CoCo都可（阿里中心A座店）,116.47552611178055,39.99504382497263,望京SOHO,神枪手,宵夜
渝八两重庆鸡公煲（望京店）,116.46688673941637,39.99200300843388,望京SOHO,神枪手,宵夜
华莱士·全鸡汉堡（望京店）,116.4682812223568,40.00287331621749,望京SOHO,神枪手,宵夜
Obligi chicken韩式炸鸡(第2档口望京园中食安康美食城店),116.41462092001508,39.94735577014109,望京SOHO,神枪手,宵夜
美蛙鱼头·根娃子（草场地店）,116.50030044375582,39.993862908414506,望京SOHO,神枪手,宵夜
汉堡王（合生麒麟社餐厅20008店）,116.47179656290976,39.99562729900947,望京SOHO,神枪手,宵夜
和合谷·现炒更好吃(望京SOHO店),116.47513669849894,39.99499472019243,望京SOHO,神枪手,宵夜
刘文祥麻辣烫炸串（望京店）,116.46648746631834,39.99116097179283,望京SOHO,神枪手,宵夜
肯德基宅急送（望京西店）,116.45085811558718,39.99323908584947,望京SOHO,神枪手,宵夜
眉州东坡(望京店),116.46855103496434,39.987990677805065,望京SOHO,神枪手,宵夜
魏家凉皮(旺角广场店）,116.4571272957657,40.0005125384794,望京SOHO,神枪手,宵夜
Obligi chicken韩式炸鸡(第2档口望京园中食安康美食城店),116.41462092001508,39.94735577014109,望京SOHO,神枪手,宵夜
和合谷·现炒更好吃(望京SOHO店),116.47513669849894,39.99499472019243,望京SOHO,神枪手,宵夜
鱼你在一起(望京浦项中心店),116.4836879773469,39.99832633322631,望京SOHO,神枪手,宵夜
刘文祥麻辣烫炸串（望京店）,116.46648746631834,39.99116097179283,望京SOHO,神枪手,宵夜
肯德基（东湖国际中心店）,116.45879077504868,40.00706736143782,望京SOHO,神枪手,宵夜
CoCo都可（阿里中心A座店）,116.47552611178055,39.99504382497263,望京SOHO,神枪手,宵夜
渝八两重庆鸡公煲（望京店）,116.46688673941637,39.99200300843388,望京SOHO,神枪手,宵夜
华莱士·全鸡汉堡（望京店）,116.4682812223568,40.00287331621749,望京SOHO,神枪手,宵夜
Obligi chicken韩式炸鸡(第2档口望京园中食安康美食城店),116.41462092001508,39.94735577014109,望京SOHO,神枪手,宵夜
美蛙鱼头·根娃子（草场地店）,116.50030044375582,39.993862908414506,望京SOHO,神枪手,宵夜
汉堡王（合生麒麟社餐厅20008店）,116.47179656290976,39.99562729900947,望京SOHO,神枪手,宵夜
和合谷·现炒更好吃(望京SOHO店),116.47513669849894,39.99499472019243,望京SOHO,神枪手,宵夜
刘文祥麻辣烫炸串（望京店）,116.46648746631834,39.99116097179283,望京SOHO,神枪手,宵夜
肯德基宅急送（望京西店）,116.45085811558718,39.99323908584947,望京SOHO,神枪手,宵夜
眉州东坡(望京店),116.46855103496434,39.987990677805065,望京SOHO,神枪手,宵夜
魏家凉皮(旺角广场店）,116.4571272957657,40.0005125384794,望京SOHO,神枪手,宵夜
Obligi chicken韩式炸鸡(第2档口望京园中食安康美食城店),116.41462092001508,39.94735577014109,望京SOHO,神枪手,宵夜
和合谷·现炒更好吃(望京SOHO店),116.47513669849894,39.99499472019243,望京SOHO,神枪手,宵夜
鱼你在一起(望京浦项中心店),116.4836879773469,39.99832633322631,望京SOHO,神枪手,宵夜
刘文祥麻辣烫炸串（望京店）,116.46648746631834,39.99116097179283,望京SOHO,神枪手,宵夜
肯德基（东湖国际中心店）,116.45879077504868,40.00706736143782,望京SOHO,神枪手,宵夜
CoCo都可（阿里中心A座店）,116.47552611178055,39.99504382497263,望京SOHO,神枪手,宵夜
渝八两重庆鸡公煲（望京店）,116.46688673941637,39.99200300843388,望京SOHO,神枪手,宵夜
华莱士·全鸡汉堡（望京店）,116.4682812223568,40.00287331621749,望京SOHO,神枪手,宵夜
Obligi chicken韩式炸鸡(第2档口望京园中食安康美食城店),116.41462092001508,39.94735577014109,望京SOHO,神枪手,宵夜
美蛙鱼头·根娃子（草场地店）,116.50030044375582,39.993862908414506,望京SOHO,神枪手,宵夜
汉堡王（合生麒麟社餐厅20008店）,116.47179656290976,39.99562729900947,望京SOHO,神枪手,宵夜
和合谷·现炒更好吃(望京SOHO店),116.47513669849894,39.99499472019243,望京SOHO,神枪手,宵夜
刘文祥麻辣烫炸串（望京店）,116.46648746631834,39.99116097179283,望京SOHO,神枪手,宵夜
肯德基宅急送（望京西店）,116.45085811558718,39.99323908584947,望京SOHO,神枪手,宵夜
眉州东坡(望京店),116.46855103496434,39.987990677805065,望京SOHO,神枪手,宵夜
魏家凉皮(旺角广场店）,116.4571272957657,40.0005125384794,望京SOHO,神枪手,宵夜
Obligi chicken韩式炸鸡(第2档口望京园中食安康美食城店),116.41462092001508,39.94735577014109,望京SOHO,神枪手,宵夜
和合谷·现炒更好吃(望京SOHO店),116.47513669849894,39.99499472019243,望京SOHO,神枪手,宵夜
鱼你在一起(望京浦项中心店),116.4836879773469,39.99832633322631,望京SOHO,神枪手,宵夜
刘文祥麻辣烫炸串（望京店）,116.46648746631834,39.99116097179283,望京SOHO,神枪手,宵夜
肯德基（东湖国际中心店）,116.45879077504868,40.00706736143782,望京SOHO,神枪手,宵夜
CoCo都可（阿里中心A座店）,116.47552611178055,39.99504382497263,望京SOHO,神枪手,宵夜
渝八两重庆鸡公煲（望京店）,116.46688673941637,39.99200300843388,望京SOHO,神枪手,宵夜
华莱士·全鸡汉堡（望京店）,116.4682812223568,40.00287331621749,望京SOHO,神枪手,宵夜
Obligi chicken韩式炸鸡(第2档口望京园中食安康美食城店),116.41462092001508,39.94735577014109,望京SOHO,神枪手,宵夜
美蛙鱼头·根娃子（草场地店）,116.50030044375582,39.993862908414506,望京SOHO,神枪手,宵夜
汉堡王（合生麒麟社餐厅20008店）,116.47179656290976,39.99562729900947,望京SOHO,神枪手,宵夜
和合谷·现炒更好吃(望京SOHO店),116.47513669849894,39.99499472019243,望京SOHO,神枪手,宵夜
刘文祥麻辣烫炸串（望京店）,116.46648746631834,39.99116097179283,望京SOHO,神枪手,宵夜
肯德基宅急送（望京西店）,116.45085811558718,39.99323908584947,望京SOHO,神枪手,宵夜
眉州东坡(望京店),116.46855103496434,39.987990677805065,望京SOHO,神枪手,宵夜
魏家凉皮(旺角广场店）,116.4571272957657,40.0005125384794,望京SOHO,神枪手,宵夜
Obligi chicken韩式炸鸡(第2档口望京园中食安康美食城店),116.41462092001508,39.94735577014109,望京SOHO,神枪手,宵夜
和合谷·现炒更好吃(望京SOHO店),116.47513669849894,39.99499472019243,望京SOHO,神枪手,宵夜
鱼你在一起(望京浦项中心店),116.4836879773469,39.99832633322631,望京SOHO,神枪手,宵夜
刘文祥麻辣烫炸串（望京店）,116.46648746631834,39.99116097179283,望京SOHO,神枪手,宵夜
肯德基（东湖国际中心店）,116.45879077504868,40.00706736143782,望京SOHO,神枪手,宵夜
CoCo都可（阿里中心A座店）,116.47552611178055,39.99504382497263,望京SOHO,神枪手,宵夜
渝八两重庆鸡公煲（望京店）,116.46688673941637,39.99200300843388,望京SOHO,神枪手,宵夜
华莱士·全鸡汉堡（望京店）,116.4682812223568,40.00287331621749,望京SOHO,神枪手,宵夜
Obligi chicken韩式炸鸡(第2档口望京园中食安康美食城店),116.41462092001508,39.94735577014109,望京SOHO,神枪手,宵夜
美蛙鱼头·根娃子（草场地店）,116.50030044375582,39.993862908414506,望京SOHO,神枪手,宵夜
汉堡王（合生麒麟社餐厅20008店）,116.47179656290976,39.99562729900947,望京SOHO,神枪手,宵夜
和合谷·现炒更好吃(望京SOHO店),116.47513669849894,39.99499472019243,望京SOHO,神枪手,宵夜
刘文祥麻辣烫炸串（望京店）,116.46648746631834,39.99116097179283,望京SOHO,神枪手,宵夜
肯德基宅急送（望京西店）,116.45085811558718,39.99323908584947,望京SOHO,神枪手,宵夜
眉州东坡(望京店),116.46855103496434,39.987990677805065,望京SOHO,神枪手,宵夜
魏家凉皮(旺角广场店）,116.4571272957657,40.0005125384794,望京SOHO,神枪手,宵夜
Obligi chicken韩式炸鸡(第2档口望京园中食安康美食城店),116.41462092001508,39.94735577014109,望京SOHO,神枪手,宵夜
和合谷·现炒更好吃(望京SOHO店),116.47513669849894,39.99499472019243,望京SOHO,神枪手,宵夜
鱼你在一起(望京浦项中心店),116.4836879773469,39.99832633322631,望京SOHO,神枪手,宵夜
刘文祥麻辣烫炸串（望京店）,116.46648746631834,39.99116097179283,望京SOHO,神枪手,宵夜
肯德基（东湖国际中心店）,116.45879077504868,40.00706736143782,望京SOHO,神枪手,宵夜
CoCo都可（阿里中心A座店）,116.47552611178055,39.99504382497263,望京SOHO,神枪手,宵夜
渝八两重庆鸡公煲（望京店）,116.46688673941637,39.99200300843388,望京SOHO,神枪手,宵夜
南城香·饭香串香馄饨香（丰台大悦春风里店）,116.35939213032763,39.8080209428952,望京SOHO,神枪手,晚餐
库迪咖啡(北京新宫店),116.50937933158104,39.92752718494437,望京SOHO,神枪手,晚餐
门框胡同百年卤煮（嘉园路店）,116.45655266120032,39.92768906000055,望京SOHO,神枪手,晚餐
田老师红烧肉(丰台南苑西路店),116.3609677345487,39.806734899624544,望京SOHO,神枪手,晚餐
汉堡王（槐房万达23266店）,116.36049663756724,39.81346502564512,望京SOHO,神枪手,晚餐
瑞幸咖啡(槐房西路万达广场店),116.36266734339004,39.81250723410746,望京SOHO,神枪手,晚餐
金百万烤鸭·春饼（角门店）,116.51057699030947,39.933151407491344,望京SOHO,神枪手,晚餐
南城香·饭香串香馄饨香（丰台大悦春风里店）,116.35939213032763,39.8080209428952,望京SOHO,神枪手,晚餐
沪上阿姨·精选茶饮(槐房万达店),116.36073728535436,39.813189721834846,望京SOHO,神枪手,晚餐
华莱士·全鸡汉堡（鸿坤广场店）,116.333792556311,39.79020501659451,望京SOHO,神枪手,晚餐
杨记老门框百年卤煮（西红门店）,116.35842018533609,39.83616433272074,望京SOHO,神枪手,晚餐
库迪咖啡(北京新宫店),116.50937933158104,39.92752718494437,望京SOHO,神枪手,晚餐
田老师红烧肉(丰台南苑西路店),116.3609677345487,39.806734899624544,望京SOHO,神枪手,晚餐
京派鲜卤（西红门店）,116.33416773092031,39.79802566330509,望京SOHO,神枪手,晚餐
汉堡王（槐房万达23266店）,116.36049663756724,39.81346502564512,望京SOHO,神枪手,晚餐
瑞幸咖啡(槐房西路万达广场店),116.36266734339004,39.81250723410746,望京SOHO,神枪手,晚餐
紫光园·烤鸭（马家堡西里店）,116.5120628760948,39.92073116402058,望京SOHO,神枪手,晚餐
南城香·饭香串香馄饨香（丰台大悦春风里店）,116.35939213032763,39.8080209428952,望京SOHO,神枪手,晚餐
喜茶（北京槐房万达店）,116.36138128020936,39.813027874674425,望京SOHO,神枪手,晚餐
老乡鸡（北京鸿坤广场购物中心店）,116.33412479133727,39.7903673823138,望京SOHO,神枪手,晚餐
南城香·饭香串香馄饨香（丰台大悦春风里店）,116.35939213032763,39.8080209428952,望京SOHO,神枪手,晚餐
库迪咖啡(北京新宫店),116.50937933158104,39.92752718494437,望京SOHO,神枪手,晚餐
门框胡同百年卤煮（嘉园路店）,116.45655266120032,39.92768906000055,望京SOHO,神枪手,晚餐
田老师红烧肉(丰台南苑西路店),116.3609677345487,39.806734899624544,望京SOHO,神枪手,晚餐
汉堡王（槐房万达23266店）,116.36049663756724,39.81346502564512,望京SOHO,神枪手,晚餐
瑞幸咖啡(槐房西路万达广场店),116.36266734339004,39.81250723410746,望京SOHO,神枪手,晚餐
金百万烤鸭·春饼（角门店）,116.51057699030947,39.933151407491344,望京SOHO,神枪手,晚餐
南城香·饭香串香馄饨香（丰台大悦春风里店）,116.35939213032763,39.8080209428952,望京SOHO,神枪手,晚餐
沪上阿姨·精选茶饮(槐房万达店),116.36073728535436,39.813189721834846,望京SOHO,神枪手,晚餐
华莱士·全鸡汉堡（鸿坤广场店）,116.333792556311,39.79020501659451,望京SOHO,神枪手,晚餐
杨记老门框百年卤煮（西红门店）,116.35842018533609,39.83616433272074,望京SOHO,神枪手,晚餐
库迪咖啡(北京新宫店),116.50937933158104,39.92752718494437,望京SOHO,神枪手,晚餐
田老师红烧肉(丰台南苑西路店),116.3609677345487,39.806734899624544,望京SOHO,神枪手,晚餐
京派鲜卤（西红门店）,116.33416773092031,39.79802566330509,望京SOHO,神枪手,晚餐
汉堡王（槐房万达23266店）,116.36049663756724,39.81346502564512,望京SOHO,神枪手,晚餐
瑞幸咖啡(槐房西路万达广场店),116.36266734339004,39.81250723410746,望京SOHO,神枪手,晚餐
紫光园·烤鸭（马家堡西里店）,116.5120628760948,39.92073116402058,望京SOHO,神枪手,晚餐
南城香·饭香串香馄饨香（丰台大悦春风里店）,116.35939213032763,39.8080209428952,望京SOHO,神枪手,晚餐
喜茶（北京槐房万达店）,116.36138128020936,39.813027874674425,望京SOHO,神枪手,晚餐
老乡鸡（北京鸿坤广场购物中心店）,116.33412479133727,39.7903673823138,望京SOHO,神枪手,晚餐
南城香·饭香串香馄饨香（丰台大悦春风里店）,116.35939213032763,39.8080209428952,望京SOHO,神枪手,晚餐
库迪咖啡(北京新宫店),116.50937933158104,39.92752718494437,望京SOHO,神枪手,晚餐
门框胡同百年卤煮（嘉园路店）,116.45655266120032,39.92768906000055,望京SOHO,神枪手,晚餐
田老师红烧肉(丰台南苑西路店),116.3609677345487,39.806734899624544,望京SOHO,神枪手,晚餐
汉堡王（槐房万达23266店）,116.36049663756724,39.81346502564512,望京SOHO,神枪手,晚餐
瑞幸咖啡(槐房西路万达广场店),116.36266734339004,39.81250723410746,望京SOHO,神枪手,晚餐
金百万烤鸭·春饼（角门店）,116.51057699030947,39.933151407491344,望京SOHO,神枪手,晚餐
南城香·饭香串香馄饨香（丰台大悦春风里店）,116.35939213032763,39.8080209428952,望京SOHO,神枪手,晚餐
沪上阿姨·精选茶饮(槐房万达店),116.36073728535436,39.813189721834846,望京SOHO,神枪手,晚餐
华莱士·全鸡汉堡（鸿坤广场店）,116.333792556311,39.79020501659451,望京SOHO,神枪手,晚餐
杨记老门框百年卤煮（西红门店）,116.35842018533609,39.83616433272074,望京SOHO,神枪手,晚餐
库迪咖啡(北京新宫店),116.50937933158104,39.92752718494437,望京SOHO,神枪手,晚餐
田老师红烧肉(丰台南苑西路店),116.3609677345487,39.806734899624544,望京SOHO,神枪手,晚餐
京派鲜卤（西红门店）,116.33416773092031,39.79802566330509,望京SOHO,神枪手,晚餐
汉堡王（槐房万达23266店）,116.36049663756724,39.81346502564512,望京SOHO,神枪手,晚餐
瑞幸咖啡(槐房西路万达广场店),116.36266734339004,39.81250723410746,望京SOHO,神枪手,晚餐
紫光园·烤鸭（马家堡西里店）,116.5120628760948,39.92073116402058,望京SOHO,神枪手,晚餐
南城香·饭香串香馄饨香（丰台大悦春风里店）,116.35939213032763,39.8080209428952,望京SOHO,神枪手,晚餐
喜茶（北京槐房万达店）,116.36138128020936,39.813027874674425,望京SOHO,神枪手,晚餐
老乡鸡（北京鸿坤广场购物中心店）,116.33412479133727,39.7903673823138,望京SOHO,神枪手,晚餐
南城香·饭香串香馄饨香（丰台大悦春风里店）,116.35939213032763,39.8080209428952,望京SOHO,神枪手,晚餐
库迪咖啡(北京新宫店),116.50937933158104,39.92752718494437,望京SOHO,神枪手,晚餐
门框胡同百年卤煮（嘉园路店）,116.45655266120032,39.92768906000055,望京SOHO,神枪手,晚餐
田老师红烧肉(丰台南苑西路店),116.3609677345487,39.806734899624544,望京SOHO,神枪手,晚餐
汉堡王（槐房万达23266店）,116.36049663756724,39.81346502564512,望京SOHO,神枪手,晚餐
瑞幸咖啡(槐房西路万达广场店),116.36266734339004,39.81250723410746,望京SOHO,神枪手,晚餐
金百万烤鸭·春饼（角门店）,116.51057699030947,39.933151407491344,望京SOHO,神枪手,晚餐
南城香·饭香串香馄饨香（丰台大悦春风里店）,116.35939213032763,39.8080209428952,望京SOHO,神枪手,晚餐
沪上阿姨·精选茶饮(槐房万达店),116.36073728535436,39.813189721834846,望京SOHO,神枪手,晚餐
华莱士·全鸡汉堡（鸿坤广场店）,116.333792556311,39.79020501659451,望京SOHO,神枪手,晚餐
杨记老门框百年卤煮（西红门店）,116.35842018533609,39.83616433272074,望京SOHO,神枪手,晚餐
库迪咖啡(北京新宫店),116.50937933158104,39.92752718494437,望京SOHO,神枪手,晚餐
田老师红烧肉(丰台南苑西路店),116.3609677345487,39.806734899624544,望京SOHO,神枪手,晚餐
京派鲜卤（西红门店）,116.33416773092031,39.79802566330509,望京SOHO,神枪手,晚餐
汉堡王（槐房万达23266店）,116.36049663756724,39.81346502564512,望京SOHO,神枪手,晚餐
瑞幸咖啡(槐房西路万达广场店),116.36266734339004,39.81250723410746,望京SOHO,神枪手,晚餐
紫光园·烤鸭（马家堡西里店）,116.5120628760948,39.92073116402058,望京SOHO,神枪手,晚餐
南城香·饭香串香馄饨香（丰台大悦春风里店）,116.35939213032763,39.8080209428952,望京SOHO,神枪手,晚餐
喜茶（北京槐房万达店）,116.36138128020936,39.813027874674425,望京SOHO,神枪手,晚餐
老乡鸡（北京鸿坤广场购物中心店）,116.33412479133727,39.7903673823138,望京SOHO,神枪手,晚餐
南城香·饭香串香馄饨香（丰台大悦春风里店）,116.35939213032763,39.8080209428952,望京SOHO,神枪手,晚餐
库迪咖啡(北京新宫店),116.50937933158104,39.92752718494437,望京SOHO,神枪手,晚餐
门框胡同百年卤煮（嘉园路店）,116.45655266120032,39.92768906000055,望京SOHO,神枪手,晚餐
田老师红烧肉(丰台南苑西路店),116.3609677345487,39.806734899624544,望京SOHO,神枪手,晚餐
汉堡王（槐房万达23266店）,116.36049663756724,39.81346502564512,望京SOHO,神枪手,晚餐
瑞幸咖啡(槐房西路万达广场店),116.36266734339004,39.81250723410746,望京SOHO,神枪手,晚餐
金百万烤鸭·春饼（角门店）,116.51057699030947,39.933151407491344,望京SOHO,神枪手,晚餐
南城香·饭香串香馄饨香（丰台大悦春风里店）,116.35939213032763,39.8080209428952,望京SOHO,神枪手,晚餐
沪上阿姨·精选茶饮(槐房万达店),116.36073728535436,39.813189721834846,望京SOHO,神枪手,晚餐
华莱士·全鸡汉堡（鸿坤广场店）,116.333792556311,39.79020501659451,望京SOHO,神枪手,晚餐
杨记老门框百年卤煮（西红门店）,116.35842018533609,39.83616433272074,望京SOHO,神枪手,晚餐
库迪咖啡(北京新宫店),116.50937933158104,39.92752718494437,望京SOHO,神枪手,晚餐
田老师红烧肉(丰台南苑西路店),116.3609677345487,39.806734899624544,望京SOHO,神枪手,晚餐
京派鲜卤（西红门店）,116.33416773092031,39.79802566330509,望京SOHO,神枪手,晚餐
汉堡王（槐房万达23266店）,116.36049663756724,39.81346502564512,望京SOHO,神枪手,晚餐
瑞幸咖啡(槐房西路万达广场店),116.36266734339004,39.81250723410746,望京SOHO,神枪手,晚餐
紫光园·烤鸭（马家堡西里店）,116.5120628760948,39.92073116402058,望京SOHO,神枪手,晚餐
南城香·饭香串香馄饨香（丰台大悦春风里店）,116.35939213032763,39.8080209428952,望京SOHO,神枪手,晚餐
喜茶（北京槐房万达店）,116.36138128020936,39.813027874674425,望京SOHO,神枪手,晚餐
老乡鸡（北京鸿坤广场购物中心店）,116.33412479133727,39.7903673823138,望京SOHO,神枪手,晚餐
南城香·饭香串香馄饨香（丰台大悦春风里店）,116.35939213032763,39.8080209428952,望京SOHO,神枪手,晚餐
库迪咖啡(北京新宫店),116.50937933158104,39.92752718494437,望京SOHO,神枪手,晚餐
门框胡同百年卤煮（嘉园路店）,116.45655266120032,39.92768906000055,望京SOHO,神枪手,晚餐
田老师红烧肉(丰台南苑西路店),116.3609677345487,39.806734899624544,望京SOHO,神枪手,晚餐
汉堡王（槐房万达23266店）,116.36049663756724,39.81346502564512,望京SOHO,神枪手,晚餐
瑞幸咖啡(槐房西路万达广场店),116.36266734339004,39.81250723410746,望京SOHO,神枪手,晚餐
金百万烤鸭·春饼（角门店）,116.51057699030947,39.933151407491344,望京SOHO,神枪手,晚餐
南城香·饭香串香馄饨香（丰台大悦春风里店）,116.35939213032763,39.8080209428952,望京SOHO,神枪手,晚餐
沪上阿姨·精选茶饮(槐房万达店),116.36073728535436,39.813189721834846,望京SOHO,神枪手,晚餐
华莱士·全鸡汉堡（鸿坤广场店）,116.333792556311,39.79020501659451,望京SOHO,神枪手,晚餐
杨记老门框百年卤煮（西红门店）,116.35842018533609,39.83616433272074,望京SOHO,神枪手,晚餐
库迪咖啡(北京新宫店),116.50937933158104,39.92752718494437,望京SOHO,神枪手,晚餐
田老师红烧肉(丰台南苑西路店),116.3609677345487,39.806734899624544,望京SOHO,神枪手,晚餐
京派鲜卤（西红门店）,116.33416773092031,39.79802566330509,望京SOHO,神枪手,晚餐
汉堡王（槐房万达23266店）,116.36049663756724,39.81346502564512,望京SOHO,神枪手,晚餐
瑞幸咖啡(槐房西路万达广场店),116.36266734339004,39.81250723410746,望京SOHO,神枪手,晚餐
紫光园·烤鸭（马家堡西里店）,116.5120628760948,39.92073116402058,望京SOHO,神枪手,晚餐
南城香·饭香串香馄饨香（丰台大悦春风里店）,116.35939213032763,39.8080209428952,望京SOHO,神枪手,晚餐
喜茶（北京槐房万达店）,116.36138128020936,39.813027874674425,望京SOHO,神枪手,晚餐
老乡鸡（北京鸿坤广场购物中心店）,116.33412479133727,39.7903673823138,望京SOHO,神枪手,晚餐
南城香·饭香串香馄饨香（丰台大悦春风里店）,116.35939213032763,39.8080209428952,望京SOHO,神枪手,晚餐
库迪咖啡(北京新宫店),116.50937933158104,39.92752718494437,望京SOHO,神枪手,晚餐
门框胡同百年卤煮（嘉园路店）,116.45655266120032,39.92768906000055,望京SOHO,神枪手,晚餐
田老师红烧肉(丰台南苑西路店),116.3609677345487,39.806734899624544,望京SOHO,神枪手,晚餐
汉堡王（槐房万达23266店）,116.36049663756724,39.81346502564512,望京SOHO,神枪手,晚餐
瑞幸咖啡(槐房西路万达广场店),116.36266734339004,39.81250723410746,望京SOHO,神枪手,晚餐
金百万烤鸭·春饼（角门店）,116.51057699030947,39.933151407491344,望京SOHO,神枪手,晚餐
南城香·饭香串香馄饨香（丰台大悦春风里店）,116.35939213032763,39.8080209428952,望京SOHO,神枪手,晚餐
沪上阿姨·精选茶饮(槐房万达店),116.36073728535436,39.813189721834846,望京SOHO,神枪手,晚餐
华莱士·全鸡汉堡（鸿坤广场店）,116.333792556311,39.79020501659451,望京SOHO,神枪手,晚餐
杨记老门框百年卤煮（西红门店）,116.35842018533609,39.83616433272074,望京SOHO,神枪手,晚餐
库迪咖啡(北京新宫店),116.50937933158104,39.92752718494437,望京SOHO,神枪手,晚餐
田老师红烧肉(丰台南苑西路店),116.3609677345487,39.806734899624544,望京SOHO,神枪手,晚餐
京派鲜卤（西红门店）,116.33416773092031,39.79802566330509,望京SOHO,神枪手,晚餐
汉堡王（槐房万达23266店）,116.36049663756724,39.81346502564512,望京SOHO,神枪手,晚餐
瑞幸咖啡(槐房西路万达广场店),116.36266734339004,39.81250723410746,望京SOHO,神枪手,晚餐
紫光园·烤鸭（马家堡西里店）,116.5120628760948,39.92073116402058,望京SOHO,神枪手,晚餐
南城香·饭香串香馄饨香（丰台大悦春风里店）,116.35939213032763,39.8080209428952,望京SOHO,神枪手,晚餐
喜茶（北京槐房万达店）,116.36138128020936,39.813027874674425,望京SOHO,神枪手,晚餐
老乡鸡（北京鸿坤广场购物中心店）,116.33412479133727,39.7903673823138,望京SOHO,神枪手,晚餐
南城香·饭香串香馄饨香（丰台大悦春风里店）,116.35939213032763,39.8080209428952,望京SOHO,神枪手,晚餐
库迪咖啡(北京新宫店),116.50937933158104,39.92752718494437,望京SOHO,神枪手,晚餐
门框胡同百年卤煮（嘉园路店）,116.45655266120032,39.92768906000055,望京SOHO,神枪手,晚餐
田老师红烧肉(丰台南苑西路店),116.3609677345487,39.806734899624544,望京SOHO,神枪手,晚餐
汉堡王（槐房万达23266店）,116.36049663756724,39.81346502564512,望京SOHO,神枪手,晚餐
瑞幸咖啡(槐房西路万达广场店),116.36266734339004,39.81250723410746,望京SOHO,神枪手,晚餐
金百万烤鸭·春饼（角门店）,116.51057699030947,39.933151407491344,望京SOHO,神枪手,晚餐
南城香·饭香串香馄饨香（丰台大悦春风里店）,116.35939213032763,39.8080209428952,望京SOHO,神枪手,晚餐
沪上阿姨·精选茶饮(槐房万达店),116.36073728535436,39.813189721834846,望京SOHO,神枪手,晚餐
华莱士·全鸡汉堡（鸿坤广场店）,116.333792556311,39.79020501659451,望京SOHO,神枪手,晚餐
杨记老门框百年卤煮（西红门店）,116.35842018533609,39.83616433272074,望京SOHO,神枪手,晚餐
库迪咖啡(北京新宫店),116.50937933158104,39.92752718494437,望京SOHO,神枪手,晚餐
田老师红烧肉(丰台南苑西路店),116.3609677345487,39.806734899624544,望京SOHO,神枪手,晚餐
京派鲜卤（西红门店）,116.33416773092031,39.79802566330509,望京SOHO,神枪手,晚餐
汉堡王（槐房万达23266店）,116.36049663756724,39.81346502564512,望京SOHO,神枪手,晚餐
瑞幸咖啡(槐房西路万达广场店),116.36266734339004,39.81250723410746,望京SOHO,神枪手,晚餐
紫光园·烤鸭（马家堡西里店）,116.5120628760948,39.92073116402058,望京SOHO,神枪手,晚餐
南城香·饭香串香馄饨香（丰台大悦春风里店）,116.35939213032763,39.8080209428952,望京SOHO,神枪手,晚餐
喜茶（北京槐房万达店）,116.36138128020936,39.813027874674425,望京SOHO,神枪手,晚餐
老乡鸡（北京鸿坤广场购物中心店）,116.33412479133727,39.7903673823138,望京SOHO,神枪手,晚餐
南城香·饭香串香馄饨香（丰台大悦春风里店）,116.35939213032763,39.8080209428952,望京SOHO,神枪手,晚餐
库迪咖啡(北京新宫店),116.50937933158104,39.92752718494437,望京SOHO,神枪手,晚餐
门框胡同百年卤煮（嘉园路店）,116.45655266120032,39.92768906000055,望京SOHO,神枪手,晚餐
田老师红烧肉(丰台南苑西路店),116.3609677345487,39.806734899624544,望京SOHO,神枪手,晚餐
汉堡王（槐房万达23266店）,116.36049663756724,39.81346502564512,望京SOHO,神枪手,晚餐
瑞幸咖啡(槐房西路万达广场店),116.36266734339004,39.81250723410746,望京SOHO,神枪手,晚餐
金百万烤鸭·春饼（角门店）,116.51057699030947,39.933151407491344,望京SOHO,神枪手,晚餐
南城香·饭香串香馄饨香（丰台大悦春风里店）,116.35939213032763,39.8080209428952,望京SOHO,神枪手,晚餐
沪上阿姨·精选茶饮(槐房万达店),116.36073728535436,39.813189721834846,望京SOHO,神枪手,晚餐
华莱士·全鸡汉堡（鸿坤广场店）,116.333792556311,39.79020501659451,望京SOHO,神枪手,晚餐
杨记老门框百年卤煮（西红门店）,116.35842018533609,39.83616433272074,望京SOHO,神枪手,晚餐
库迪咖啡(北京新宫店),116.50937933158104,39.92752718494437,望京SOHO,神枪手,晚餐
田老师红烧肉(丰台南苑西路店),116.3609677345487,39.806734899624544,望京SOHO,神枪手,晚餐
京派鲜卤（西红门店）,116.33416773092031,39.79802566330509,望京SOHO,神枪手,晚餐
汉堡王（槐房万达23266店）,116.36049663756724,39.81346502564512,望京SOHO,神枪手,晚餐
瑞幸咖啡(槐房西路万达广场店),116.36266734339004,39.81250723410746,望京SOHO,神枪手,晚餐
紫光园·烤鸭（马家堡西里店）,116.5120628760948,39.92073116402058,望京SOHO,神枪手,晚餐
南城香·饭香串香馄饨香（丰台大悦春风里店）,116.35939213032763,39.8080209428952,望京SOHO,神枪手,晚餐
喜茶（北京槐房万达店）,116.36138128020936,39.813027874674425,望京SOHO,神枪手,晚餐
老乡鸡（北京鸿坤广场购物中心店）,116.33412479133727,39.7903673823138,望京SOHO,神枪手,晚餐
南城香·饭香串香馄饨香（丰台大悦春风里店）,116.35939213032763,39.8080209428952,望京SOHO,神枪手,晚餐
库迪咖啡(北京新宫店),116.50937933158104,39.92752718494437,望京SOHO,神枪手,晚餐
门框胡同百年卤煮（嘉园路店）,116.45655266120032,39.92768906000055,望京SOHO,神枪手,晚餐
田老师红烧肉(丰台南苑西路店),116.3609677345487,39.806734899624544,望京SOHO,神枪手,晚餐
汉堡王（槐房万达23266店）,116.36049663756724,39.81346502564512,望京SOHO,神枪手,晚餐
瑞幸咖啡(槐房西路万达广场店),116.36266734339004,39.81250723410746,望京SOHO,神枪手,晚餐
金百万烤鸭·春饼（角门店）,116.51057699030947,39.933151407491344,望京SOHO,神枪手,晚餐
南城香·饭香串香馄饨香（丰台大悦春风里店）,116.35939213032763,39.8080209428952,望京SOHO,神枪手,晚餐
沪上阿姨·精选茶饮(槐房万达店),116.36073728535436,39.813189721834846,望京SOHO,神枪手,晚餐
华莱士·全鸡汉堡（鸿坤广场店）,116.333792556311,39.79020501659451,望京SOHO,神枪手,晚餐
杨记老门框百年卤煮（西红门店）,116.35842018533609,39.83616433272074,望京SOHO,神枪手,晚餐
库迪咖啡(北京新宫店),116.50937933158104,39.92752718494437,望京SOHO,神枪手,晚餐
田老师红烧肉(丰台南苑西路店),116.3609677345487,39.806734899624544,望京SOHO,神枪手,晚餐
京派鲜卤（西红门店）,116.33416773092031,39.79802566330509,望京SOHO,神枪手,晚餐
汉堡王（槐房万达23266店）,116.36049663756724,39.81346502564512,望京SOHO,神枪手,晚餐
瑞幸咖啡(槐房西路万达广场店),116.36266734339004,39.81250723410746,望京SOHO,神枪手,晚餐
紫光园·烤鸭（马家堡西里店）,116.5120628760948,39.92073116402058,望京SOHO,神枪手,晚餐
南城香·饭香串香馄饨香（丰台大悦春风里店）,116.35939213032763,39.8080209428952,望京SOHO,神枪手,晚餐
喜茶（北京槐房万达店）,116.36138128020936,39.813027874674425,望京SOHO,神枪手,晚餐
老乡鸡（北京鸿坤广场购物中心店）,116.33412479133727,39.7903673823138,望京SOHO,神枪手,晚餐
老乡鸡（北京新荟城店）,116.47616917615944,39.9973245613546,望京SOHO,美食推荐,中午
饭饱饱东北老饭盒（第2风味-品香美食城店）,116.46238312597283,39.99450902384867,望京SOHO,美食推荐,中午
麦稻中式健康菜·轻油低脂餐（第T1档口中食365美食城店）,116.47230300245651,39.99861058495216,望京SOHO,美食推荐,中午
牛约堡-手作牛肉汉堡（望京店）,116.47137184624816,39.98924738421124,望京SOHO,美食推荐,中午
嘎嘎香东北老饭盒（望京店）,116.46325323513103,40.00087601165795,望京SOHO,美食推荐,中午
袁记云饺(阜通店),116.46505063664036,39.99038917617115,望京SOHO,美食推荐,中午
煲仔皇（望京万象汇店）,116.46281166018456,40.00957148272818,望京SOHO,美食推荐,中午
年轻20年·乡下菜馆（东湖湾店）,116.4606409140849,40.00604606305309,望京SOHO,美食推荐,中午
大牌档(望京凯德店),116.46186165679644,39.99241076711161,望京SOHO,美食推荐,中午
和合谷·现炒更好吃(望京SOHO店),116.47513669849894,39.99499472019243,望京SOHO,美食推荐,中午
福兴纪港式茶餐廳（望京soho店）,116.47583923594316,39.99519671018333,望京SOHO,美食推荐,中午
南城香·饭香串香馄饨香（望京花家地店）,116.464021343579,39.98083785350437,望京SOHO,美食推荐,中午
袁记云饺(望京京客隆店),116.45584944108045,39.999276488195584,望京SOHO,美食推荐,中午
老乡鸡（北京新荟城店）,116.47616917615944,39.9973245613546,望京SOHO,美食推荐,中午
饭饱饱东北老饭盒（第2风味-品香美食城店）,116.46238312597283,39.99450902384867,望京SOHO,美食推荐,中午
麦稻中式健康菜·轻油低脂餐（第T1档口中食365美食城店）,116.47230300245651,39.99861058495216,望京SOHO,美食推荐,中午
牛约堡-手作牛肉汉堡（望京店）,116.47137184624816,39.98924738421124,望京SOHO,美食推荐,中午
嘎嘎香东北老饭盒（望京店）,116.46325323513103,40.00087601165795,望京SOHO,美食推荐,中午
袁记云饺(阜通店),116.46505063664036,39.99038917617115,望京SOHO,美食推荐,中午
煲仔皇（望京万象汇店）,116.46281166018456,40.00957148272818,望京SOHO,美食推荐,中午
年轻20年·乡下菜馆（东湖湾店）,116.4606409140849,40.00604606305309,望京SOHO,美食推荐,中午
大牌档(望京凯德店),116.46186165679644,39.99241076711161,望京SOHO,美食推荐,中午
和合谷·现炒更好吃(望京SOHO店),116.47513669849894,39.99499472019243,望京SOHO,美食推荐,中午
福兴纪港式茶餐廳（望京soho店）,116.47583923594316,39.99519671018333,望京SOHO,美食推荐,中午
南城香·饭香串香馄饨香（望京花家地店）,116.464021343579,39.98083785350437,望京SOHO,美食推荐,中午
袁记云饺(望京京客隆店),116.45584944108045,39.999276488195584,望京SOHO,美食推荐,中午
老乡鸡（北京新荟城店）,116.47616917615944,39.9973245613546,望京SOHO,美食推荐,中午
饭饱饱东北老饭盒（第2风味-品香美食城店）,116.46238312597283,39.99450902384867,望京SOHO,美食推荐,中午
麦稻中式健康菜·轻油低脂餐（第T1档口中食365美食城店）,116.47230300245651,39.99861058495216,望京SOHO,美食推荐,中午
牛约堡-手作牛肉汉堡（望京店）,116.47137184624816,39.98924738421124,望京SOHO,美食推荐,中午
嘎嘎香东北老饭盒（望京店）,116.46325323513103,40.00087601165795,望京SOHO,美食推荐,中午
袁记云饺(阜通店),116.46505063664036,39.99038917617115,望京SOHO,美食推荐,中午
煲仔皇（望京万象汇店）,116.46281166018456,40.00957148272818,望京SOHO,美食推荐,中午
年轻20年·乡下菜馆（东湖湾店）,116.4606409140849,40.00604606305309,望京SOHO,美食推荐,中午
大牌档(望京凯德店),116.46186165679644,39.99241076711161,望京SOHO,美食推荐,中午
和合谷·现炒更好吃(望京SOHO店),116.47513669849894,39.99499472019243,望京SOHO,美食推荐,中午
福兴纪港式茶餐廳（望京soho店）,116.47583923594316,39.99519671018333,望京SOHO,美食推荐,中午
南城香·饭香串香馄饨香（望京花家地店）,116.464021343579,39.98083785350437,望京SOHO,美食推荐,中午
袁记云饺(望京京客隆店),116.45584944108045,39.999276488195584,望京SOHO,美食推荐,中午
老乡鸡（北京新荟城店）,116.47616917615944,39.9973245613546,望京SOHO,美食推荐,中午
饭饱饱东北老饭盒（第2风味-品香美食城店）,116.46238312597283,39.99450902384867,望京SOHO,美食推荐,中午
麦稻中式健康菜·轻油低脂餐（第T1档口中食365美食城店）,116.47230300245651,39.99861058495216,望京SOHO,美食推荐,中午
牛约堡-手作牛肉汉堡（望京店）,116.47137184624816,39.98924738421124,望京SOHO,美食推荐,中午
嘎嘎香东北老饭盒（望京店）,116.46325323513103,40.00087601165795,望京SOHO,美食推荐,中午
袁记云饺(阜通店),116.46505063664036,39.99038917617115,望京SOHO,美食推荐,中午
煲仔皇（望京万象汇店）,116.46281166018456,40.00957148272818,望京SOHO,美食推荐,中午
年轻20年·乡下菜馆（东湖湾店）,116.4606409140849,40.00604606305309,望京SOHO,美食推荐,中午
大牌档(望京凯德店),116.46186165679644,39.99241076711161,望京SOHO,美食推荐,中午
和合谷·现炒更好吃(望京SOHO店),116.47513669849894,39.99499472019243,望京SOHO,美食推荐,中午
福兴纪港式茶餐廳（望京soho店）,116.47583923594316,39.99519671018333,望京SOHO,美食推荐,中午
南城香·饭香串香馄饨香（望京花家地店）,116.464021343579,39.98083785350437,望京SOHO,美食推荐,中午
袁记云饺(望京京客隆店),116.45584944108045,39.999276488195584,望京SOHO,美食推荐,中午
臻品和牛·sushi食堂（望京店）,116.4760597365958,39.99763723575777,望京SOHO,美食推荐,中午
紫光园（望京西园店）,116.46783948247234,39.99649339085969,望京SOHO,美食推荐,中午
煲仔皇煲仔饭（望京新世界店）,116.4746120112968,39.98524363642159,望京SOHO,美食推荐,中午
达美乐比萨（望京万科店）,116.47741692467652,39.98797752446916,望京SOHO,美食推荐,中午
东北手工水饺（望京店）,116.47464592848183,39.99487533356179,望京SOHO,美食推荐,中午
老广烧腊（望京店）,116.46665689885758,39.9923713757503,望京SOHO,美食推荐,中午
张正发茶餐厅（北京望京店）,116.47395434358222,39.99549135291903,望京SOHO,美食推荐,中午
袁记云饺(高家园店),116.47403886970628,39.97776231893773,望京SOHO,美食推荐,中午
庆丰包子铺（望京广顺店）,116.4653797917272,39.99013905933219,望京SOHO,美食推荐,中午
本楼汉堡（望京SOHO店）,116.47429546088576,39.99643727618528,望京SOHO,美食推荐,中午
紫光园（望京万科时代中心店）,116.47604708815766,39.98646766520079,望京SOHO,美食推荐,中午
星粤（望京店、烧腊·粥·粉）,116.46214566577086,39.99188652044266,望京SOHO,美食推荐,中午
汉堡王（合生麒麟社餐厅20008店）,116.47179656290976,39.99562729900947,望京SOHO,美食推荐,中午
鹅吨吨香港烧腊饭（酒仙桥店）,116.48309037497472,39.985163125665565,望京SOHO,美食推荐,中午
塔斯汀·中国汉堡(望京街店),116.46614747401858,39.997696787410334,望京SOHO,美食推荐,中午
晋来顺手擀面（望京店）,116.4827044715613,39.99683250885334,望京SOHO,美食推荐,中午
臻品和牛·sushi食堂（望京店）,116.4760597365958,39.99763723575777,望京SOHO,美食推荐,中午
紫光园（望京西园店）,116.46783948247234,39.99649339085969,望京SOHO,美食推荐,中午
煲仔皇煲仔饭（望京新世界店）,116.4746120112968,39.98524363642159,望京SOHO,美食推荐,中午
达美乐比萨（望京万科店）,116.47741692467652,39.98797752446916,望京SOHO,美食推荐,中午
东北手工水饺（望京店）,116.47464592848183,39.99487533356179,望京SOHO,美食推荐,中午
老广烧腊（望京店）,116.46665689885758,39.9923713757503,望京SOHO,美食推荐,中午
张正发茶餐厅（北京望京店）,116.47395434358222,39.99549135291903,望京SOHO,美食推荐,中午
袁记云饺(高家园店),116.47403886970628,39.97776231893773,望京SOHO,美食推荐,中午
庆丰包子铺（望京广顺店）,116.4653797917272,39.99013905933219,望京SOHO,美食推荐,中午
本楼汉堡（望京SOHO店）,116.47429546088576,39.99643727618528,望京SOHO,美食推荐,中午
紫光园（望京万科时代中心店）,116.47604708815766,39.98646766520079,望京SOHO,美食推荐,中午
星粤（望京店、烧腊·粥·粉）,116.46214566577086,39.99188652044266,望京SOHO,美食推荐,中午
汉堡王（合生麒麟社餐厅20008店）,116.47179656290976,39.99562729900947,望京SOHO,美食推荐,中午
鹅吨吨香港烧腊饭（酒仙桥店）,116.48309037497472,39.985163125665565,望京SOHO,美食推荐,中午
塔斯汀·中国汉堡(望京街店),116.46614747401858,39.997696787410334,望京SOHO,美食推荐,中午
晋来顺手擀面（望京店）,116.4827044715613,39.99683250885334,望京SOHO,美食推荐,中午
臻品和牛·sushi食堂（望京店）,116.4760597365958,39.99763723575777,望京SOHO,美食推荐,中午
紫光园（望京西园店）,116.46783948247234,39.99649339085969,望京SOHO,美食推荐,中午
煲仔皇煲仔饭（望京新世界店）,116.4746120112968,39.98524363642159,望京SOHO,美食推荐,中午
达美乐比萨（望京万科店）,116.47741692467652,39.98797752446916,望京SOHO,美食推荐,中午
东北手工水饺（望京店）,116.47464592848183,39.99487533356179,望京SOHO,美食推荐,中午
老广烧腊（望京店）,116.46665689885758,39.9923713757503,望京SOHO,美食推荐,中午
张正发茶餐厅（北京望京店）,116.47395434358222,39.99549135291903,望京SOHO,美食推荐,中午
袁记云饺(高家园店),116.47403886970628,39.97776231893773,望京SOHO,美食推荐,中午
庆丰包子铺（望京广顺店）,116.4653797917272,39.99013905933219,望京SOHO,美食推荐,中午
本楼汉堡（望京SOHO店）,116.47429546088576,39.99643727618528,望京SOHO,美食推荐,中午
紫光园（望京万科时代中心店）,116.47604708815766,39.98646766520079,望京SOHO,美食推荐,中午
星粤（望京店、烧腊·粥·粉）,116.46214566577086,39.99188652044266,望京SOHO,美食推荐,中午
汉堡王（合生麒麟社餐厅20008店）,116.47179656290976,39.99562729900947,望京SOHO,美食推荐,中午
鹅吨吨香港烧腊饭（酒仙桥店）,116.48309037497472,39.985163125665565,望京SOHO,美食推荐,中午
塔斯汀·中国汉堡(望京街店),116.46614747401858,39.997696787410334,望京SOHO,美食推荐,中午
晋来顺手擀面（望京店）,116.4827044715613,39.99683250885334,望京SOHO,美食推荐,中午
臻品和牛·sushi食堂（望京店）,116.4760597365958,39.99763723575777,望京SOHO,美食推荐,中午
紫光园（望京西园店）,116.46783948247234,39.99649339085969,望京SOHO,美食推荐,中午
煲仔皇煲仔饭（望京新世界店）,116.4746120112968,39.98524363642159,望京SOHO,美食推荐,中午
达美乐比萨（望京万科店）,116.47741692467652,39.98797752446916,望京SOHO,美食推荐,中午
东北手工水饺（望京店）,116.47464592848183,39.99487533356179,望京SOHO,美食推荐,中午
老广烧腊（望京店）,116.46665689885758,39.9923713757503,望京SOHO,美食推荐,中午
张正发茶餐厅（北京望京店）,116.47395434358222,39.99549135291903,望京SOHO,美食推荐,中午
袁记云饺(高家园店),116.47403886970628,39.97776231893773,望京SOHO,美食推荐,中午
庆丰包子铺（望京广顺店）,116.4653797917272,39.99013905933219,望京SOHO,美食推荐,中午
本楼汉堡（望京SOHO店）,116.47429546088576,39.99643727618528,望京SOHO,美食推荐,中午
紫光园（望京万科时代中心店）,116.47604708815766,39.98646766520079,望京SOHO,美食推荐,中午
星粤（望京店、烧腊·粥·粉）,116.46214566577086,39.99188652044266,望京SOHO,美食推荐,中午
汉堡王（合生麒麟社餐厅20008店）,116.47179656290976,39.99562729900947,望京SOHO,美食推荐,中午
鹅吨吨香港烧腊饭（酒仙桥店）,116.48309037497472,39.985163125665565,望京SOHO,美食推荐,中午
塔斯汀·中国汉堡(望京街店),116.46614747401858,39.997696787410334,望京SOHO,美食推荐,中午
晋来顺手擀面（望京店）,116.4827044715613,39.99683250885334,望京SOHO,美食推荐,中午
臻品和牛·sushi食堂（望京店）,116.4760597365958,39.99763723575777,望京SOHO,美食推荐,中午
紫光园（望京西园店）,116.46783948247234,39.99649339085969,望京SOHO,美食推荐,中午
煲仔皇煲仔饭（望京新世界店）,116.4746120112968,39.98524363642159,望京SOHO,美食推荐,中午
达美乐比萨（望京万科店）,116.47741692467652,39.98797752446916,望京SOHO,美食推荐,中午
东北手工水饺（望京店）,116.47464592848183,39.99487533356179,望京SOHO,美食推荐,中午
老广烧腊（望京店）,116.46665689885758,39.9923713757503,望京SOHO,美食推荐,中午
张正发茶餐厅（北京望京店）,116.47395434358222,39.99549135291903,望京SOHO,美食推荐,中午
袁记云饺(高家园店),116.47403886970628,39.97776231893773,望京SOHO,美食推荐,中午
庆丰包子铺（望京广顺店）,116.4653797917272,39.99013905933219,望京SOHO,美食推荐,中午
本楼汉堡（望京SOHO店）,116.47429546088576,39.99643727618528,望京SOHO,美食推荐,中午
紫光园（望京万科时代中心店）,116.47604708815766,39.98646766520079,望京SOHO,美食推荐,中午
星粤（望京店、烧腊·粥·粉）,116.46214566577086,39.99188652044266,望京SOHO,美食推荐,中午
汉堡王（合生麒麟社餐厅20008店）,116.47179656290976,39.99562729900947,望京SOHO,美食推荐,中午
鹅吨吨香港烧腊饭（酒仙桥店）,116.48309037497472,39.985163125665565,望京SOHO,美食推荐,中午
塔斯汀·中国汉堡(望京街店),116.46614747401858,39.997696787410334,望京SOHO,美食推荐,中午
晋来顺手擀面（望京店）,116.4827044715613,39.99683250885334,望京SOHO,美食推荐,中午
尊宝比萨（望京店）,116.47171005208416,39.989259323879,望京SOHO,美食推荐,中午
曼玲粥(望京店),116.4763889614618,39.99748018251266,望京SOHO,美食推荐,中午
必胜客（望京店）,116.46285815190296,39.99101440048931,望京SOHO,美食推荐,中午
新金大勺东北菜（望京店）,116.46075437127968,40.00537138110688,望京SOHO,美食推荐,中午
东北家常菜(望京店),116.46628998767224,39.9975121763218,望京SOHO,美食推荐,中午
德来聚驴肉火烧（望京店）,116.4783472767401,39.98860217641321,望京SOHO,美食推荐,中午
三米粥铺（望京店),116.47825091914844,39.98861589799846,望京SOHO,美食推荐,中午
港粤城茶点·港式茶餐厅（望京店）,116.47829511546998,39.98835103633828,望京SOHO,美食推荐,中午
熊大爷现包饺子（望京西园店）,116.46264289791728,39.99526066453862,望京SOHO,美食推荐,中午
沁汁鲜肉包|西单炒肝包子（望京店）,116.47714495283562,39.98775075319166,望京SOHO,美食推荐,中午
鳗泽家·鳗鱼饭·肥牛饭（酒仙桥店),116.49395993102446,39.97380084065395,望京SOHO,美食推荐,中午
THE 817 BURGER美式汉堡（南湖东园店）,116.46073586701236,40.00095552564826,望京SOHO,美食推荐,中午
麦当劳＆麦咖啡（北京望京中街店）,116.47849270268006,39.98949355918439,望京SOHO,美食推荐,中午
比黄焖鸡好吃100倍的鲜鸡煲（嘉好美食城＋第4风味档口店）,116.46716933312857,39.99506564075471,望京SOHO,美食推荐,中午
老北京百年卤煮(望京店),116.47235119310436,39.998468725627454,望京SOHO,美食推荐,中午
望京小腰•烧烤（望京店）,116.47895026732884,39.97451048825937,望京SOHO,美食推荐,宵夜
桥头排骨（望京店),116.4784738082146,39.98809056252024,望京SOHO,美食推荐,宵夜
麦当劳＆麦咖啡（北京望京中街店）,116.47849270268006,39.98949355918439,望京SOHO,美食推荐,宵夜
沁汁鲜肉包|西单炒肝包子（望京店）,116.47714495283562,39.98775075319166,望京SOHO,美食推荐,宵夜
港粤城茶点·港式茶餐厅（望京店）,116.47829511546998,39.98835103633828,望京SOHO,美食推荐,宵夜
肯德基宅急送（望京西店）,116.45085811558718,39.99323908584947,望京SOHO,美食推荐,宵夜
锦州烧烤（望京店）,116.46268312617578,39.99451480017956,望京SOHO,美食推荐,宵夜
望京街烧烤·免费50串(来广营店),116.47301819341028,39.99365879626068,望京SOHO,美食推荐,宵夜
德来聚驴肉火烧（望京店）,116.4783472767401,39.98860217641321,望京SOHO,美食推荐,宵夜
冒二麻一麻辣香锅·川蜀冒菜(望京店),116.4607041969596,40.00544825012796,望京SOHO,美食推荐,宵夜
黄焖鸡米饭（望京店）,116.4755170707864,39.9951077965573,望京SOHO,美食推荐,宵夜
瑞香园·纯手工水饺·古法润燥雪梨盅（食欢乐美食城+第8档口）,116.41522871491613,39.94651030901874,望京SOHO,美食推荐,宵夜
阿呆锅锅现炒·炒饭·炒粉·炒面（第6档口胜安途美食城店）,116.49360865312832,39.9733498104186,望京SOHO,美食推荐,宵夜
梅姐烧烤•小龙虾•小海鲜,116.4817295423066,39.983046225944456,望京SOHO,美食推荐,宵夜
山西刀削面,116.51186970159527,39.92464045254506,望京SOHO,美食推荐,宵夜
达美乐比萨（望京万科店）,116.47741692467652,39.98797752446916,望京SOHO,美食推荐,宵夜
锦州烧烤（望花路西里店）,116.46268312617578,39.99451480017956,望京SOHO,美食推荐,宵夜
望京小腰•烧烤（望京店）,116.47895026732884,39.97451048825937,望京SOHO,美食推荐,宵夜
桥头排骨（望京店),116.4784738082146,39.98809056252024,望京SOHO,美食推荐,宵夜
麦当劳＆麦咖啡（北京望京中街店）,116.47849270268006,39.98949355918439,望京SOHO,美食推荐,宵夜
沁汁鲜肉包|西单炒肝包子（望京店）,116.47714495283562,39.98775075319166,望京SOHO,美食推荐,宵夜
港粤城茶点·港式茶餐厅（望京店）,116.47829511546998,39.98835103633828,望京SOHO,美食推荐,宵夜
肯德基宅急送（望京西店）,116.45085811558718,39.99323908584947,望京SOHO,美食推荐,宵夜
锦州烧烤（望京店）,116.46268312617578,39.99451480017956,望京SOHO,美食推荐,宵夜
望京街烧烤·免费50串(来广营店),116.47301819341028,39.99365879626068,望京SOHO,美食推荐,宵夜
德来聚驴肉火烧（望京店）,116.4783472767401,39.98860217641321,望京SOHO,美食推荐,宵夜
冒二麻一麻辣香锅·川蜀冒菜(望京店),116.4607041969596,40.00544825012796,望京SOHO,美食推荐,宵夜
黄焖鸡米饭（望京店）,116.4755170707864,39.9951077965573,望京SOHO,美食推荐,宵夜
瑞香园·纯手工水饺·古法润燥雪梨盅（食欢乐美食城+第8档口）,116.41522871491613,39.94651030901874,望京SOHO,美食推荐,宵夜
阿呆锅锅现炒·炒饭·炒粉·炒面（第6档口胜安途美食城店）,116.49360865312832,39.9733498104186,望京SOHO,美食推荐,宵夜
梅姐烧烤•小龙虾•小海鲜,116.4817295423066,39.983046225944456,望京SOHO,美食推荐,宵夜
山西刀削面,116.51186970159527,39.92464045254506,望京SOHO,美食推荐,宵夜
达美乐比萨（望京万科店）,116.47741692467652,39.98797752446916,望京SOHO,美食推荐,宵夜
锦州烧烤（望花路西里店）,116.46268312617578,39.99451480017956,望京SOHO,美食推荐,宵夜
望京小腰•烧烤（望京店）,116.47895026732884,39.97451048825937,望京SOHO,美食推荐,宵夜
桥头排骨（望京店),116.4784738082146,39.98809056252024,望京SOHO,美食推荐,宵夜
麦当劳＆麦咖啡（北京望京中街店）,116.47849270268006,39.98949355918439,望京SOHO,美食推荐,宵夜
沁汁鲜肉包|西单炒肝包子（望京店）,116.47714495283562,39.98775075319166,望京SOHO,美食推荐,宵夜
港粤城茶点·港式茶餐厅（望京店）,116.47829511546998,39.98835103633828,望京SOHO,美食推荐,宵夜
肯德基宅急送（望京西店）,116.45085811558718,39.99323908584947,望京SOHO,美食推荐,宵夜
锦州烧烤（望京店）,116.46268312617578,39.99451480017956,望京SOHO,美食推荐,宵夜
望京街烧烤·免费50串(来广营店),116.47301819341028,39.99365879626068,望京SOHO,美食推荐,宵夜
德来聚驴肉火烧（望京店）,116.4783472767401,39.98860217641321,望京SOHO,美食推荐,宵夜
冒二麻一麻辣香锅·川蜀冒菜(望京店),116.4607041969596,40.00544825012796,望京SOHO,美食推荐,宵夜
黄焖鸡米饭（望京店）,116.4755170707864,39.9951077965573,望京SOHO,美食推荐,宵夜
瑞香园·纯手工水饺·古法润燥雪梨盅（食欢乐美食城+第8档口）,116.41522871491613,39.94651030901874,望京SOHO,美食推荐,宵夜
阿呆锅锅现炒·炒饭·炒粉·炒面（第6档口胜安途美食城店）,116.49360865312832,39.9733498104186,望京SOHO,美食推荐,宵夜
梅姐烧烤•小龙虾•小海鲜,116.4817295423066,39.983046225944456,望京SOHO,美食推荐,宵夜
山西刀削面,116.51186970159527,39.92464045254506,望京SOHO,美食推荐,宵夜
达美乐比萨（望京万科店）,116.47741692467652,39.98797752446916,望京SOHO,美食推荐,宵夜
锦州烧烤（望花路西里店）,116.46268312617578,39.99451480017956,望京SOHO,美食推荐,宵夜
望京小腰•烧烤（望京店）,116.47895026732884,39.97451048825937,望京SOHO,美食推荐,宵夜
桥头排骨（望京店),116.4784738082146,39.98809056252024,望京SOHO,美食推荐,宵夜
麦当劳＆麦咖啡（北京望京中街店）,116.47849270268006,39.98949355918439,望京SOHO,美食推荐,宵夜
沁汁鲜肉包|西单炒肝包子（望京店）,116.47714495283562,39.98775075319166,望京SOHO,美食推荐,宵夜
港粤城茶点·港式茶餐厅（望京店）,116.47829511546998,39.98835103633828,望京SOHO,美食推荐,宵夜
肯德基宅急送（望京西店）,116.45085811558718,39.99323908584947,望京SOHO,美食推荐,宵夜
锦州烧烤（望京店）,116.46268312617578,39.99451480017956,望京SOHO,美食推荐,宵夜
望京街烧烤·免费50串(来广营店),116.47301819341028,39.99365879626068,望京SOHO,美食推荐,宵夜
德来聚驴肉火烧（望京店）,116.4783472767401,39.98860217641321,望京SOHO,美食推荐,宵夜
冒二麻一麻辣香锅·川蜀冒菜(望京店),116.4607041969596,40.00544825012796,望京SOHO,美食推荐,宵夜
黄焖鸡米饭（望京店）,116.4755170707864,39.9951077965573,望京SOHO,美食推荐,宵夜
瑞香园·纯手工水饺·古法润燥雪梨盅（食欢乐美食城+第8档口）,116.41522871491613,39.94651030901874,望京SOHO,美食推荐,宵夜
阿呆锅锅现炒·炒饭·炒粉·炒面（第6档口胜安途美食城店）,116.49360865312832,39.9733498104186,望京SOHO,美食推荐,宵夜
梅姐烧烤•小龙虾•小海鲜,116.4817295423066,39.983046225944456,望京SOHO,美食推荐,宵夜
山西刀削面,116.51186970159527,39.92464045254506,望京SOHO,美食推荐,宵夜
达美乐比萨（望京万科店）,116.47741692467652,39.98797752446916,望京SOHO,美食推荐,宵夜
锦州烧烤（望花路西里店）,116.46268312617578,39.99451480017956,望京SOHO,美食推荐,宵夜
肯德基宅急送（酒仙桥中路店）,116.48423095783971,39.974758898723294,望京SOHO,美食推荐,宵夜
津卫·天津煎饼果子（第十一档口中食365美食城店）,116.4040716561125,39.968252809602525,望京SOHO,美食推荐,宵夜
东北手工水饺（望京店）,116.47464592848183,39.99487533356179,望京SOHO,美食推荐,宵夜
Obligi chicken韩式炸鸡(第2档口望京园中食安康美食城店),116.41462092001508,39.94735577014109,望京SOHO,美食推荐,宵夜
曼玲粥(望京店),116.4763889614618,39.99748018251266,望京SOHO,美食推荐,宵夜
街边儿牛肉串（望京店）,116.47094551104574,39.99575993023267,望京SOHO,美食推荐,宵夜
塔斯汀·中国汉堡(望京街店),116.46614747401858,39.997696787410334,望京SOHO,美食推荐,宵夜
窑鸡王(望京店),116.46684228782054,39.99437378979529,望京SOHO,美食推荐,宵夜
丝路食尚兰州牛肉面,116.47236221358102,39.99862074994408,望京SOHO,美食推荐,宵夜
湘棠·地道湘菜·望京店,116.46661952419502,39.99432619366941,望京SOHO,美食推荐,宵夜
伊羊楼·老马拉面,116.45578102906538,40.008771909704166,望京SOHO,美食推荐,宵夜
饭饱饱东北老饭盒（第2风味-品香美食城店）,116.46238312597283,39.99450902384867,望京SOHO,美食推荐,宵夜
敞天锅猛火蛋炒饭（北京望京第2档口-二九拾捌美食城店）,116.47398036573512,39.99606640207275,望京SOHO,美食推荐,宵夜
华莱士·全鸡汉堡（望京店）,116.4682812223568,40.00287331621749,望京SOHO,美食推荐,宵夜
肯德基宅急送（酒仙桥中路店）,116.48423095783971,39.974758898723294,望京SOHO,美食推荐,宵夜
津卫·天津煎饼果子（第十一档口中食365美食城店）,116.4040716561125,39.968252809602525,望京SOHO,美食推荐,宵夜
东北手工水饺（望京店）,116.47464592848183,39.99487533356179,望京SOHO,美食推荐,宵夜
Obligi chicken韩式炸鸡(第2档口望京园中食安康美食城店),116.41462092001508,39.94735577014109,望京SOHO,美食推荐,宵夜
曼玲粥(望京店),116.4763889614618,39.99748018251266,望京SOHO,美食推荐,宵夜
街边儿牛肉串（望京店）,116.47094551104574,39.99575993023267,望京SOHO,美食推荐,宵夜
塔斯汀·中国汉堡(望京街店),116.46614747401858,39.997696787410334,望京SOHO,美食推荐,宵夜
窑鸡王(望京店),116.46684228782054,39.99437378979529,望京SOHO,美食推荐,宵夜
丝路食尚兰州牛肉面,116.47236221358102,39.99862074994408,望京SOHO,美食推荐,宵夜
湘棠·地道湘菜·望京店,116.46661952419502,39.99432619366941,望京SOHO,美食推荐,宵夜
伊羊楼·老马拉面,116.45578102906538,40.008771909704166,望京SOHO,美食推荐,宵夜
饭饱饱东北老饭盒（第2风味-品香美食城店）,116.46238312597283,39.99450902384867,望京SOHO,美食推荐,宵夜
敞天锅猛火蛋炒饭（北京望京第2档口-二九拾捌美食城店）,116.47398036573512,39.99606640207275,望京SOHO,美食推荐,宵夜
华莱士·全鸡汉堡（望京店）,116.4682812223568,40.00287331621749,望京SOHO,美食推荐,宵夜
肯德基宅急送（酒仙桥中路店）,116.48423095783971,39.974758898723294,望京SOHO,美食推荐,宵夜
津卫·天津煎饼果子（第十一档口中食365美食城店）,116.4040716561125,39.968252809602525,望京SOHO,美食推荐,宵夜
东北手工水饺（望京店）,116.47464592848183,39.99487533356179,望京SOHO,美食推荐,宵夜
Obligi chicken韩式炸鸡(第2档口望京园中食安康美食城店),116.41462092001508,39.94735577014109,望京SOHO,美食推荐,宵夜
曼玲粥(望京店),116.4763889614618,39.99748018251266,望京SOHO,美食推荐,宵夜
街边儿牛肉串（望京店）,116.47094551104574,39.99575993023267,望京SOHO,美食推荐,宵夜
塔斯汀·中国汉堡(望京街店),116.46614747401858,39.997696787410334,望京SOHO,美食推荐,宵夜
窑鸡王(望京店),116.46684228782054,39.99437378979529,望京SOHO,美食推荐,宵夜
丝路食尚兰州牛肉面,116.47236221358102,39.99862074994408,望京SOHO,美食推荐,宵夜
湘棠·地道湘菜·望京店,116.46661952419502,39.99432619366941,望京SOHO,美食推荐,宵夜
伊羊楼·老马拉面,116.45578102906538,40.008771909704166,望京SOHO,美食推荐,宵夜
饭饱饱东北老饭盒（第2风味-品香美食城店）,116.46238312597283,39.99450902384867,望京SOHO,美食推荐,宵夜
敞天锅猛火蛋炒饭（北京望京第2档口-二九拾捌美食城店）,116.47398036573512,39.99606640207275,望京SOHO,美食推荐,宵夜
华莱士·全鸡汉堡（望京店）,116.4682812223568,40.00287331621749,望京SOHO,美食推荐,宵夜
肯德基宅急送（酒仙桥中路店）,116.48423095783971,39.974758898723294,望京SOHO,美食推荐,宵夜
津卫·天津煎饼果子（第十一档口中食365美食城店）,116.4040716561125,39.968252809602525,望京SOHO,美食推荐,宵夜
东北手工水饺（望京店）,116.47464592848183,39.99487533356179,望京SOHO,美食推荐,宵夜
Obligi chicken韩式炸鸡(第2档口望京园中食安康美食城店),116.41462092001508,39.94735577014109,望京SOHO,美食推荐,宵夜
曼玲粥(望京店),116.4763889614618,39.99748018251266,望京SOHO,美食推荐,宵夜
街边儿牛肉串（望京店）,116.47094551104574,39.99575993023267,望京SOHO,美食推荐,宵夜
塔斯汀·中国汉堡(望京街店),116.46614747401858,39.997696787410334,望京SOHO,美食推荐,宵夜
窑鸡王(望京店),116.46684228782054,39.99437378979529,望京SOHO,美食推荐,宵夜
丝路食尚兰州牛肉面,116.47236221358102,39.99862074994408,望京SOHO,美食推荐,宵夜
湘棠·地道湘菜·望京店,116.46661952419502,39.99432619366941,望京SOHO,美食推荐,宵夜
伊羊楼·老马拉面,116.45578102906538,40.008771909704166,望京SOHO,美食推荐,宵夜
饭饱饱东北老饭盒（第2风味-品香美食城店）,116.46238312597283,39.99450902384867,望京SOHO,美食推荐,宵夜
敞天锅猛火蛋炒饭（北京望京第2档口-二九拾捌美食城店）,116.47398036573512,39.99606640207275,望京SOHO,美食推荐,宵夜
华莱士·全鸡汉堡（望京店）,116.4682812223568,40.00287331621749,望京SOHO,美食推荐,宵夜
肯德基宅急送（酒仙桥中路店）,116.48423095783971,39.974758898723294,望京SOHO,美食推荐,宵夜
津卫·天津煎饼果子（第十一档口中食365美食城店）,116.4040716561125,39.968252809602525,望京SOHO,美食推荐,宵夜
东北手工水饺（望京店）,116.47464592848183,39.99487533356179,望京SOHO,美食推荐,宵夜
Obligi chicken韩式炸鸡(第2档口望京园中食安康美食城店),116.41462092001508,39.94735577014109,望京SOHO,美食推荐,宵夜
曼玲粥(望京店),116.4763889614618,39.99748018251266,望京SOHO,美食推荐,宵夜
街边儿牛肉串（望京店）,116.47094551104574,39.99575993023267,望京SOHO,美食推荐,宵夜
塔斯汀·中国汉堡(望京街店),116.46614747401858,39.997696787410334,望京SOHO,美食推荐,宵夜
窑鸡王(望京店),116.46684228782054,39.99437378979529,望京SOHO,美食推荐,宵夜
丝路食尚兰州牛肉面,116.47236221358102,39.99862074994408,望京SOHO,美食推荐,宵夜
湘棠·地道湘菜·望京店,116.46661952419502,39.99432619366941,望京SOHO,美食推荐,宵夜
伊羊楼·老马拉面,116.45578102906538,40.008771909704166,望京SOHO,美食推荐,宵夜
饭饱饱东北老饭盒（第2风味-品香美食城店）,116.46238312597283,39.99450902384867,望京SOHO,美食推荐,宵夜
敞天锅猛火蛋炒饭（北京望京第2档口-二九拾捌美食城店）,116.47398036573512,39.99606640207275,望京SOHO,美食推荐,宵夜
华莱士·全鸡汉堡（望京店）,116.4682812223568,40.00287331621749,望京SOHO,美食推荐,宵夜
东北家常菜(望京店),116.46628998767224,39.9975121763218,望京SOHO,美食推荐,宵夜
塔斯汀·中国汉堡(万红路店),116.48835096399878,39.979234910811805,望京SOHO,美食推荐,宵夜
万家早安·品致早餐(望京店),116.46095902970552,40.005481897462175,望京SOHO,美食推荐,宵夜
小俩口烧烤东北菜,116.471052888453,39.98782355813384,望京SOHO,美食推荐,宵夜
沙县小吃（博泰大厦店）,116.46697490529094,40.00106886189192,望京SOHO,美食推荐,宵夜
望京小腰（北京总店）,116.47895026732884,39.97451048825937,望京SOHO,美食推荐,宵夜
华莱士·全鸡汉堡（东湖渠店）,116.46074601821464,40.00795524611701,望京SOHO,美食推荐,宵夜
鱼你在一起(望京浦项中心店),116.4836879773469,39.99832633322631,望京SOHO,美食推荐,宵夜
牛约堡-手作牛肉汉堡（望京店）,116.47137184624816,39.98924738421124,望京SOHO,美食推荐,宵夜
美蛙四季（望京凯德茂店）,116.46234765311716,39.98938214579484,望京SOHO,美食推荐,宵夜
老北京百年卤煮（第1风味北京共创快克汽车修理厂）,116.49536367621828,39.98656051405695,望京SOHO,美食推荐,宵夜
米村拌饭（望京凯德MALL店）,116.46238047814325,39.99164113693312,望京SOHO,美食推荐,晚餐
臻品和牛·sushi食堂（望京店）,116.4760597365958,39.99763723575777,望京SOHO,美食推荐,晚餐
够粤.鲜牛肉炒河粉.肠粉大王.砂锅粥(望京店）,116.4663686718917,39.99422452567539,望京SOHO,美食推荐,晚餐
飘香烤肉拌饭（望京店）,116.47816563707494,39.98835366298981,望京SOHO,美食推荐,晚餐
张炒炒家常土菜馆（望京店）,116.47222572840958,39.99858637018594,望京SOHO,美食推荐,晚餐
肯德基宅急送（望京西店）,116.45085811558718,39.99323908584947,望京SOHO,美食推荐,晚餐
麦稻中式健康菜·轻油低脂餐（第T1档口中食365美食城店）,116.47230300245651,39.99861058495216,望京SOHO,美食推荐,晚餐
米村拌饭（望京SOHO店）,116.47454854994916,39.9950740495137,望京SOHO,美食推荐,晚餐
红史赣乡·江西小炒（望京店）,116.45952954910152,40.01985162973085,望京SOHO,美食推荐,晚餐
老北京潘记熟食凉菜（第8档口+中食安康美食城店）,116.46620506515532,39.9945700734493,望京SOHO,美食推荐,晚餐
红桥胖子•张飞锅盔,116.47510656612651,39.99517562702831,望京SOHO,美食推荐,晚餐
本楼汉堡（望京SOHO店）,116.47429546088576,39.99643727618528,望京SOHO,美食推荐,晚餐
年轻20年·乡下菜馆（东湖湾店）,116.4606409140849,40.00604606305309,望京SOHO,美食推荐,晚餐
兰州牛肉面（望京保利店）,116.4835867471317,39.9971220867518,望京SOHO,美食推荐,晚餐
米村拌饭（望京凯德MALL店）,116.46238047814325,39.99164113693312,望京SOHO,美食推荐,晚餐
臻品和牛·sushi食堂（望京店）,116.4760597365958,39.99763723575777,望京SOHO,美食推荐,晚餐
够粤.鲜牛肉炒河粉.肠粉大王.砂锅粥(望京店）,116.4663686718917,39.99422452567539,望京SOHO,美食推荐,晚餐
飘香烤肉拌饭（望京店）,116.47816563707494,39.98835366298981,望京SOHO,美食推荐,晚餐
张炒炒家常土菜馆（望京店）,116.47222572840958,39.99858637018594,望京SOHO,美食推荐,晚餐
肯德基宅急送（望京西店）,116.45085811558718,39.99323908584947,望京SOHO,美食推荐,晚餐
麦稻中式健康菜·轻油低脂餐（第T1档口中食365美食城店）,116.47230300245651,39.99861058495216,望京SOHO,美食推荐,晚餐
米村拌饭（望京SOHO店）,116.47454854994916,39.9950740495137,望京SOHO,美食推荐,晚餐
红史赣乡·江西小炒（望京店）,116.45952954910152,40.01985162973085,望京SOHO,美食推荐,晚餐
老北京潘记熟食凉菜（第8档口+中食安康美食城店）,116.46620506515532,39.9945700734493,望京SOHO,美食推荐,晚餐
红桥胖子•张飞锅盔,116.47510656612651,39.99517562702831,望京SOHO,美食推荐,晚餐
本楼汉堡（望京SOHO店）,116.47429546088576,39.99643727618528,望京SOHO,美食推荐,晚餐
年轻20年·乡下菜馆（东湖湾店）,116.4606409140849,40.00604606305309,望京SOHO,美食推荐,晚餐
兰州牛肉面（望京保利店）,116.4835867471317,39.9971220867518,望京SOHO,美食推荐,晚餐
米村拌饭（望京凯德MALL店）,116.46238047814325,39.99164113693312,望京SOHO,美食推荐,晚餐
臻品和牛·sushi食堂（望京店）,116.4760597365958,39.99763723575777,望京SOHO,美食推荐,晚餐
够粤.鲜牛肉炒河粉.肠粉大王.砂锅粥(望京店）,116.4663686718917,39.99422452567539,望京SOHO,美食推荐,晚餐
飘香烤肉拌饭（望京店）,116.47816563707494,39.98835366298981,望京SOHO,美食推荐,晚餐
张炒炒家常土菜馆（望京店）,116.47222572840958,39.99858637018594,望京SOHO,美食推荐,晚餐
肯德基宅急送（望京西店）,116.45085811558718,39.99323908584947,望京SOHO,美食推荐,晚餐
麦稻中式健康菜·轻油低脂餐（第T1档口中食365美食城店）,116.47230300245651,39.99861058495216,望京SOHO,美食推荐,晚餐
米村拌饭（望京SOHO店）,116.47454854994916,39.9950740495137,望京SOHO,美食推荐,晚餐
红史赣乡·江西小炒（望京店）,116.45952954910152,40.01985162973085,望京SOHO,美食推荐,晚餐
老北京潘记熟食凉菜（第8档口+中食安康美食城店）,116.46620506515532,39.9945700734493,望京SOHO,美食推荐,晚餐
红桥胖子•张飞锅盔,116.47510656612651,39.99517562702831,望京SOHO,美食推荐,晚餐
本楼汉堡（望京SOHO店）,116.47429546088576,39.99643727618528,望京SOHO,美食推荐,晚餐
年轻20年·乡下菜馆（东湖湾店）,116.4606409140849,40.00604606305309,望京SOHO,美食推荐,晚餐
兰州牛肉面（望京保利店）,116.4835867471317,39.9971220867518,望京SOHO,美食推荐,晚餐
米村拌饭（望京凯德MALL店）,116.46238047814325,39.99164113693312,望京SOHO,美食推荐,晚餐
臻品和牛·sushi食堂（望京店）,116.4760597365958,39.99763723575777,望京SOHO,美食推荐,晚餐
够粤.鲜牛肉炒河粉.肠粉大王.砂锅粥(望京店）,116.4663686718917,39.99422452567539,望京SOHO,美食推荐,晚餐
飘香烤肉拌饭（望京店）,116.47816563707494,39.98835366298981,望京SOHO,美食推荐,晚餐
张炒炒家常土菜馆（望京店）,116.47222572840958,39.99858637018594,望京SOHO,美食推荐,晚餐
肯德基宅急送（望京西店）,116.45085811558718,39.99323908584947,望京SOHO,美食推荐,晚餐
麦稻中式健康菜·轻油低脂餐（第T1档口中食365美食城店）,116.47230300245651,39.99861058495216,望京SOHO,美食推荐,晚餐
米村拌饭（望京SOHO店）,116.47454854994916,39.9950740495137,望京SOHO,美食推荐,晚餐
红史赣乡·江西小炒（望京店）,116.45952954910152,40.01985162973085,望京SOHO,美食推荐,晚餐
老北京潘记熟食凉菜（第8档口+中食安康美食城店）,116.46620506515532,39.9945700734493,望京SOHO,美食推荐,晚餐
红桥胖子•张飞锅盔,116.47510656612651,39.99517562702831,望京SOHO,美食推荐,晚餐
本楼汉堡（望京SOHO店）,116.47429546088576,39.99643727618528,望京SOHO,美食推荐,晚餐
年轻20年·乡下菜馆（东湖湾店）,116.4606409140849,40.00604606305309,望京SOHO,美食推荐,晚餐
兰州牛肉面（望京保利店）,116.4835867471317,39.9971220867518,望京SOHO,美食推荐,晚餐
塔斯汀·中国汉堡(望京街店),116.46614747401858,39.997696787410334,望京SOHO,美食推荐,晚餐
老乡鸡（北京新荟城店）,116.47616917615944,39.9973245613546,望京SOHO,美食推荐,晚餐
庆丰包子铺（望京广顺店）,116.4653797917272,39.99013905933219,望京SOHO,美食推荐,晚餐
米村拌饭（望京新世界店）,116.47447449712924,39.98536324233698,望京SOHO,美食推荐,晚餐
东北手工水饺（望京店）,116.47464592848183,39.99487533356179,望京SOHO,美食推荐,晚餐
东北家常菜(望京店),116.46628998767224,39.9975121763218,望京SOHO,美食推荐,晚餐
达美乐比萨（望京万科店）,116.47741692467652,39.98797752446916,望京SOHO,美食推荐,晚餐
望京小腰•烧烤（望京店）,116.47895026732884,39.97451048825937,望京SOHO,美食推荐,晚餐
丝路食尚兰州牛肉面,116.47236221358102,39.99862074994408,望京SOHO,美食推荐,晚餐
曼玲粥(望京店),116.4763889614618,39.99748018251266,望京SOHO,美食推荐,晚餐
必胜客（望京店）,116.46285815190296,39.99101440048931,望京SOHO,美食推荐,晚餐
黄焖鸡米饭（望京店）,116.4755170707864,39.9951077965573,望京SOHO,美食推荐,晚餐
清真将台玉花塔里木,116.47915001875243,39.97441706983243,望京SOHO,美食推荐,晚餐
麦当劳＆麦咖啡（北京望京中街店）,116.47849270268006,39.98949355918439,望京SOHO,美食推荐,晚餐
塔斯汀·中国汉堡(望京街店),116.46614747401858,39.997696787410334,望京SOHO,美食推荐,晚餐
老乡鸡（北京新荟城店）,116.47616917615944,39.9973245613546,望京SOHO,美食推荐,晚餐
庆丰包子铺（望京广顺店）,116.4653797917272,39.99013905933219,望京SOHO,美食推荐,晚餐
米村拌饭（望京新世界店）,116.47447449712924,39.98536324233698,望京SOHO,美食推荐,晚餐
东北手工水饺（望京店）,116.47464592848183,39.99487533356179,望京SOHO,美食推荐,晚餐
东北家常菜(望京店),116.46628998767224,39.9975121763218,望京SOHO,美食推荐,晚餐
达美乐比萨（望京万科店）,116.47741692467652,39.98797752446916,望京SOHO,美食推荐,晚餐
望京小腰•烧烤（望京店）,116.47895026732884,39.97451048825937,望京SOHO,美食推荐,晚餐
丝路食尚兰州牛肉面,116.47236221358102,39.99862074994408,望京SOHO,美食推荐,晚餐
曼玲粥(望京店),116.4763889614618,39.99748018251266,望京SOHO,美食推荐,晚餐
必胜客（望京店）,116.46285815190296,39.99101440048931,望京SOHO,美食推荐,晚餐
黄焖鸡米饭（望京店）,116.4755170707864,39.9951077965573,望京SOHO,美食推荐,晚餐
清真将台玉花塔里木,116.47915001875243,39.97441706983243,望京SOHO,美食推荐,晚餐
麦当劳＆麦咖啡（北京望京中街店）,116.47849270268006,39.98949355918439,望京SOHO,美食推荐,晚餐
塔斯汀·中国汉堡(望京街店),116.46614747401858,39.997696787410334,望京SOHO,美食推荐,晚餐
老乡鸡（北京新荟城店）,116.47616917615944,39.9973245613546,望京SOHO,美食推荐,晚餐
庆丰包子铺（望京广顺店）,116.4653797917272,39.99013905933219,望京SOHO,美食推荐,晚餐
米村拌饭（望京新世界店）,116.47447449712924,39.98536324233698,望京SOHO,美食推荐,晚餐
东北手工水饺（望京店）,116.47464592848183,39.99487533356179,望京SOHO,美食推荐,晚餐
东北家常菜(望京店),116.46628998767224,39.9975121763218,望京SOHO,美食推荐,晚餐
达美乐比萨（望京万科店）,116.47741692467652,39.98797752446916,望京SOHO,美食推荐,晚餐
望京小腰•烧烤（望京店）,116.47895026732884,39.97451048825937,望京SOHO,美食推荐,晚餐
丝路食尚兰州牛肉面,116.47236221358102,39.99862074994408,望京SOHO,美食推荐,晚餐
曼玲粥(望京店),116.4763889614618,39.99748018251266,望京SOHO,美食推荐,晚餐
必胜客（望京店）,116.46285815190296,39.99101440048931,望京SOHO,美食推荐,晚餐
黄焖鸡米饭（望京店）,116.4755170707864,39.9951077965573,望京SOHO,美食推荐,晚餐
清真将台玉花塔里木,116.47915001875243,39.97441706983243,望京SOHO,美食推荐,晚餐
麦当劳＆麦咖啡（北京望京中街店）,116.47849270268006,39.98949355918439,望京SOHO,美食推荐,晚餐
塔斯汀·中国汉堡(望京街店),116.46614747401858,39.997696787410334,望京SOHO,美食推荐,晚餐
老乡鸡（北京新荟城店）,116.47616917615944,39.9973245613546,望京SOHO,美食推荐,晚餐
庆丰包子铺（望京广顺店）,116.4653797917272,39.99013905933219,望京SOHO,美食推荐,晚餐
米村拌饭（望京新世界店）,116.47447449712924,39.98536324233698,望京SOHO,美食推荐,晚餐
东北手工水饺（望京店）,116.47464592848183,39.99487533356179,望京SOHO,美食推荐,晚餐
东北家常菜(望京店),116.46628998767224,39.9975121763218,望京SOHO,美食推荐,晚餐
达美乐比萨（望京万科店）,116.47741692467652,39.98797752446916,望京SOHO,美食推荐,晚餐
望京小腰•烧烤（望京店）,116.47895026732884,39.97451048825937,望京SOHO,美食推荐,晚餐
丝路食尚兰州牛肉面,116.47236221358102,39.99862074994408,望京SOHO,美食推荐,晚餐
曼玲粥(望京店),116.4763889614618,39.99748018251266,望京SOHO,美食推荐,晚餐
必胜客（望京店）,116.46285815190296,39.99101440048931,望京SOHO,美食推荐,晚餐
黄焖鸡米饭（望京店）,116.4755170707864,39.9951077965573,望京SOHO,美食推荐,晚餐
清真将台玉花塔里木,116.47915001875243,39.97441706983243,望京SOHO,美食推荐,晚餐
麦当劳＆麦咖啡（北京望京中街店）,116.47849270268006,39.98949355918439,望京SOHO,美食推荐,晚餐
塔斯汀·中国汉堡(望京街店),116.46614747401858,39.997696787410334,望京SOHO,美食推荐,晚餐
老乡鸡（北京新荟城店）,116.47616917615944,39.9973245613546,望京SOHO,美食推荐,晚餐
庆丰包子铺（望京广顺店）,116.4653797917272,39.99013905933219,望京SOHO,美食推荐,晚餐
米村拌饭（望京新世界店）,116.47447449712924,39.98536324233698,望京SOHO,美食推荐,晚餐
东北手工水饺（望京店）,116.47464592848183,39.99487533356179,望京SOHO,美食推荐,晚餐
东北家常菜(望京店),116.46628998767224,39.9975121763218,望京SOHO,美食推荐,晚餐
达美乐比萨（望京万科店）,116.47741692467652,39.98797752446916,望京SOHO,美食推荐,晚餐
望京小腰•烧烤（望京店）,116.47895026732884,39.97451048825937,望京SOHO,美食推荐,晚餐
丝路食尚兰州牛肉面,116.47236221358102,39.99862074994408,望京SOHO,美食推荐,晚餐
曼玲粥(望京店),116.4763889614618,39.99748018251266,望京SOHO,美食推荐,晚餐
必胜客（望京店）,116.46285815190296,39.99101440048931,望京SOHO,美食推荐,晚餐
黄焖鸡米饭（望京店）,116.4755170707864,39.9951077965573,望京SOHO,美食推荐,晚餐
清真将台玉花塔里木,116.47915001875243,39.97441706983243,望京SOHO,美食推荐,晚餐
麦当劳＆麦咖啡（北京望京中街店）,116.47849270268006,39.98949355918439,望京SOHO,美食推荐,晚餐
山西刀削面,116.51186970159527,39.92464045254506,望京SOHO,美食推荐,晚餐
华莱士·全鸡汉堡（望京店）,116.4682812223568,40.00287331621749,望京SOHO,美食推荐,晚餐
新金大勺东北菜（望京店）,116.46075437127968,40.00537138110688,望京SOHO,美食推荐,晚餐
米村拌饭（望京万象汇店）,116.4629953192704,40.00922097541387,望京SOHO,美食推荐,晚餐
必胜客（望京第二店）,116.46285815190296,39.99101440048931,望京SOHO,美食推荐,晚餐
塔斯汀·中国汉堡(万红路店),116.48835096399878,39.979234910811805,望京SOHO,美食推荐,晚餐
鱼你在一起(望京浦项中心店),116.4836879773469,39.99832633322631,望京SOHO,美食推荐,晚餐
一碗香·麻辣香锅·麻辣烫（万科店）,116.47522201384704,39.994957964038775,望京SOHO,美食推荐,晚餐
宏状元现熬粥(八宝粥·皮蛋瘦肉粥·糊塌子·凯德望京西园店),116.41144953920563,39.964080741415,望京SOHO,美食推荐,晚餐
紫光园（望京西园店）,116.46783948247234,39.99649339085969,望京SOHO,美食推荐,晚餐
嘎嘎香东北老饭盒（望京店）,116.46325323513103,40.00087601165795,望京SOHO,美食推荐,晚餐
成都小吃（川湘菜）,116.4560309400046,40.007729558663776,望京SOHO,美食推荐,晚餐
饭饱饱东北老饭盒（第2风味-品香美食城店）,116.46238312597283,39.99450902384867,望京SOHO,美食推荐,晚餐
田老师红烧肉(石佛营店),116.4956331855594,39.92612771852349,青年路,拼好饭,中午
南城香·饭香串香馄饨香（青年路店）,116.51158656634728,39.92558760528891,青年路,拼好饭,中午
煲仔皇煲仔饭（朝阳大悦城店）,116.5127952361486,39.92288515955789,青年路,拼好饭,中午
张亮麻辣烫·麻辣拌（八里庄店）,116.49337719910876,39.921519175522334,青年路,拼好饭,中午
永和大王·现磨豆浆·卤肉饭·早餐粥·盖浇饭(青年路FBJ029店),116.51055590016004,39.9332633424371,青年路,拼好饭,中午
容海烧肉面(十里堡店),116.51155535735384,39.92637348411588,青年路,拼好饭,中午
掌门·河间火烧（青年路店）,116.51155535735384,39.92637348411588,青年路,拼好饭,中午
塔斯汀·中国汉堡(佳亿青年汇店),116.51143159536116,39.920808358052575,青年路,拼好饭,中午
麦田归来·四季轻食（达美中心店）,116.51067707591288,39.93540160495672,青年路,拼好饭,中午
宏状元现熬粥(八宝粥·皮蛋瘦肉粥·糊塌子·朝阳路店）,116.45313881267776,39.954257880687926,青年路,拼好饭,中午
永和大王·现磨豆浆·卤肉饭·早餐粥·盖浇饭(青年路FBJ029店),116.51055590016004,39.9332633424371,青年路,拼好饭,中午
丁记牛肉板面（大悦城01号店）,116.50785217019596,39.93221557227152,青年路,拼好饭,中午
小巷脆皮鸡双拼饭（第11档口极速云厨美食城店）,116.5115069971644,39.919749617422966,青年路,拼好饭,中午
华莱士·全鸡汉堡（青年西路店）,116.50727403865469,39.932274888224725,青年路,拼好饭,中午
田老师红烧肉(石佛营店),116.4956331855594,39.92612771852349,青年路,拼好饭,中午
南城香·饭香串香馄饨香（青年路店）,116.51158656634728,39.92558760528891,青年路,拼好饭,中午
煲仔皇煲仔饭（朝阳大悦城店）,116.5127952361486,39.92288515955789,青年路,拼好饭,中午
张亮麻辣烫·麻辣拌（八里庄店）,116.49337719910876,39.921519175522334,青年路,拼好饭,中午
永和大王·现磨豆浆·卤肉饭·早餐粥·盖浇饭(青年路FBJ029店),116.51055590016004,39.9332633424371,青年路,拼好饭,中午
容海烧肉面(十里堡店),116.51155535735384,39.92637348411588,青年路,拼好饭,中午
掌门·河间火烧（青年路店）,116.51155535735384,39.92637348411588,青年路,拼好饭,中午
塔斯汀·中国汉堡(佳亿青年汇店),116.51143159536116,39.920808358052575,青年路,拼好饭,中午
麦田归来·四季轻食（达美中心店）,116.51067707591288,39.93540160495672,青年路,拼好饭,中午
宏状元现熬粥(八宝粥·皮蛋瘦肉粥·糊塌子·朝阳路店）,116.45313881267776,39.954257880687926,青年路,拼好饭,中午
永和大王·现磨豆浆·卤肉饭·早餐粥·盖浇饭(青年路FBJ029店),116.51055590016004,39.9332633424371,青年路,拼好饭,中午
丁记牛肉板面（大悦城01号店）,116.50785217019596,39.93221557227152,青年路,拼好饭,中午
小巷脆皮鸡双拼饭（第11档口极速云厨美食城店）,116.5115069971644,39.919749617422966,青年路,拼好饭,中午
华莱士·全鸡汉堡（青年西路店）,116.50727403865469,39.932274888224725,青年路,拼好饭,中午
田老师红烧肉(石佛营店),116.4956331855594,39.92612771852349,青年路,拼好饭,中午
南城香·饭香串香馄饨香（青年路店）,116.51158656634728,39.92558760528891,青年路,拼好饭,中午
煲仔皇煲仔饭（朝阳大悦城店）,116.5127952361486,39.92288515955789,青年路,拼好饭,中午
张亮麻辣烫·麻辣拌（八里庄店）,116.49337719910876,39.921519175522334,青年路,拼好饭,中午
永和大王·现磨豆浆·卤肉饭·早餐粥·盖浇饭(青年路FBJ029店),116.51055590016004,39.9332633424371,青年路,拼好饭,中午
容海烧肉面(十里堡店),116.51155535735384,39.92637348411588,青年路,拼好饭,中午
掌门·河间火烧（青年路店）,116.51155535735384,39.92637348411588,青年路,拼好饭,中午
塔斯汀·中国汉堡(佳亿青年汇店),116.51143159536116,39.920808358052575,青年路,拼好饭,中午
麦田归来·四季轻食（达美中心店）,116.51067707591288,39.93540160495672,青年路,拼好饭,中午
宏状元现熬粥(八宝粥·皮蛋瘦肉粥·糊塌子·朝阳路店）,116.45313881267776,39.954257880687926,青年路,拼好饭,中午
永和大王·现磨豆浆·卤肉饭·早餐粥·盖浇饭(青年路FBJ029店),116.51055590016004,39.9332633424371,青年路,拼好饭,中午
丁记牛肉板面（大悦城01号店）,116.50785217019596,39.93221557227152,青年路,拼好饭,中午
小巷脆皮鸡双拼饭（第11档口极速云厨美食城店）,116.5115069971644,39.919749617422966,青年路,拼好饭,中午
华莱士·全鸡汉堡（青年西路店）,116.50727403865469,39.932274888224725,青年路,拼好饭,中午
田老师红烧肉(石佛营店),116.4956331855594,39.92612771852349,青年路,拼好饭,中午
南城香·饭香串香馄饨香（青年路店）,116.51158656634728,39.92558760528891,青年路,拼好饭,中午
煲仔皇煲仔饭（朝阳大悦城店）,116.5127952361486,39.92288515955789,青年路,拼好饭,中午
张亮麻辣烫·麻辣拌（八里庄店）,116.49337719910876,39.921519175522334,青年路,拼好饭,中午
永和大王·现磨豆浆·卤肉饭·早餐粥·盖浇饭(青年路FBJ029店),116.51055590016004,39.9332633424371,青年路,拼好饭,中午
容海烧肉面(十里堡店),116.51155535735384,39.92637348411588,青年路,拼好饭,中午
掌门·河间火烧（青年路店）,116.51155535735384,39.92637348411588,青年路,拼好饭,中午
塔斯汀·中国汉堡(佳亿青年汇店),116.51143159536116,39.920808358052575,青年路,拼好饭,中午
麦田归来·四季轻食（达美中心店）,116.51067707591288,39.93540160495672,青年路,拼好饭,中午
宏状元现熬粥(八宝粥·皮蛋瘦肉粥·糊塌子·朝阳路店）,116.45313881267776,39.954257880687926,青年路,拼好饭,中午
永和大王·现磨豆浆·卤肉饭·早餐粥·盖浇饭(青年路FBJ029店),116.51055590016004,39.9332633424371,青年路,拼好饭,中午
丁记牛肉板面（大悦城01号店）,116.50785217019596,39.93221557227152,青年路,拼好饭,中午
小巷脆皮鸡双拼饭（第11档口极速云厨美食城店）,116.5115069971644,39.919749617422966,青年路,拼好饭,中午
华莱士·全鸡汉堡（青年西路店）,116.50727403865469,39.932274888224725,青年路,拼好饭,中午
田老师红烧肉(石佛营店),116.4956331855594,39.92612771852349,青年路,拼好饭,中午
南城香·饭香串香馄饨香（青年路店）,116.51158656634728,39.92558760528891,青年路,拼好饭,中午
煲仔皇煲仔饭（朝阳大悦城店）,116.5127952361486,39.92288515955789,青年路,拼好饭,中午
张亮麻辣烫·麻辣拌（八里庄店）,116.49337719910876,39.921519175522334,青年路,拼好饭,中午
永和大王·现磨豆浆·卤肉饭·早餐粥·盖浇饭(青年路FBJ029店),116.51055590016004,39.9332633424371,青年路,拼好饭,中午
容海烧肉面(十里堡店),116.51155535735384,39.92637348411588,青年路,拼好饭,中午
掌门·河间火烧（青年路店）,116.51155535735384,39.92637348411588,青年路,拼好饭,中午
塔斯汀·中国汉堡(佳亿青年汇店),116.51143159536116,39.920808358052575,青年路,拼好饭,中午
麦田归来·四季轻食（达美中心店）,116.51067707591288,39.93540160495672,青年路,拼好饭,中午
宏状元现熬粥(八宝粥·皮蛋瘦肉粥·糊塌子·朝阳路店）,116.45313881267776,39.954257880687926,青年路,拼好饭,中午
永和大王·现磨豆浆·卤肉饭·早餐粥·盖浇饭(青年路FBJ029店),116.51055590016004,39.9332633424371,青年路,拼好饭,中午
丁记牛肉板面（大悦城01号店）,116.50785217019596,39.93221557227152,青年路,拼好饭,中午
小巷脆皮鸡双拼饭（第11档口极速云厨美食城店）,116.5115069971644,39.919749617422966,青年路,拼好饭,中午
华莱士·全鸡汉堡（青年西路店）,116.50727403865469,39.932274888224725,青年路,拼好饭,中午
田老师红烧肉(石佛营店),116.4956331855594,39.92612771852349,青年路,拼好饭,中午
南城香·饭香串香馄饨香（青年路店）,116.51158656634728,39.92558760528891,青年路,拼好饭,中午
煲仔皇煲仔饭（朝阳大悦城店）,116.5127952361486,39.92288515955789,青年路,拼好饭,中午
张亮麻辣烫·麻辣拌（八里庄店）,116.49337719910876,39.921519175522334,青年路,拼好饭,中午
永和大王·现磨豆浆·卤肉饭·早餐粥·盖浇饭(青年路FBJ029店),116.51055590016004,39.9332633424371,青年路,拼好饭,中午
容海烧肉面(十里堡店),116.51155535735384,39.92637348411588,青年路,拼好饭,中午
掌门·河间火烧（青年路店）,116.51155535735384,39.92637348411588,青年路,拼好饭,中午
塔斯汀·中国汉堡(佳亿青年汇店),116.51143159536116,39.920808358052575,青年路,拼好饭,中午
麦田归来·四季轻食（达美中心店）,116.51067707591288,39.93540160495672,青年路,拼好饭,中午
宏状元现熬粥(八宝粥·皮蛋瘦肉粥·糊塌子·朝阳路店）,116.45313881267776,39.954257880687926,青年路,拼好饭,中午
永和大王·现磨豆浆·卤肉饭·早餐粥·盖浇饭(青年路FBJ029店),116.51055590016004,39.9332633424371,青年路,拼好饭,中午
丁记牛肉板面（大悦城01号店）,116.50785217019596,39.93221557227152,青年路,拼好饭,中午
小巷脆皮鸡双拼饭（第11档口极速云厨美食城店）,116.5115069971644,39.919749617422966,青年路,拼好饭,中午
华莱士·全鸡汉堡（青年西路店）,116.50727403865469,39.932274888224725,青年路,拼好饭,中午
田老师红烧肉(石佛营店),116.4956331855594,39.92612771852349,青年路,拼好饭,中午
南城香·饭香串香馄饨香（青年路店）,116.51158656634728,39.92558760528891,青年路,拼好饭,中午
煲仔皇煲仔饭（朝阳大悦城店）,116.5127952361486,39.92288515955789,青年路,拼好饭,中午
张亮麻辣烫·麻辣拌（八里庄店）,116.49337719910876,39.921519175522334,青年路,拼好饭,中午
永和大王·现磨豆浆·卤肉饭·早餐粥·盖浇饭(青年路FBJ029店),116.51055590016004,39.9332633424371,青年路,拼好饭,中午
容海烧肉面(十里堡店),116.51155535735384,39.92637348411588,青年路,拼好饭,中午
掌门·河间火烧（青年路店）,116.51155535735384,39.92637348411588,青年路,拼好饭,中午
塔斯汀·中国汉堡(佳亿青年汇店),116.51143159536116,39.920808358052575,青年路,拼好饭,中午
麦田归来·四季轻食（达美中心店）,116.51067707591288,39.93540160495672,青年路,拼好饭,中午
宏状元现熬粥(八宝粥·皮蛋瘦肉粥·糊塌子·朝阳路店）,116.45313881267776,39.954257880687926,青年路,拼好饭,中午
永和大王·现磨豆浆·卤肉饭·早餐粥·盖浇饭(青年路FBJ029店),116.51055590016004,39.9332633424371,青年路,拼好饭,中午
丁记牛肉板面（大悦城01号店）,116.50785217019596,39.93221557227152,青年路,拼好饭,中午
小巷脆皮鸡双拼饭（第11档口极速云厨美食城店）,116.5115069971644,39.919749617422966,青年路,拼好饭,中午
华莱士·全鸡汉堡（青年西路店）,116.50727403865469,39.932274888224725,青年路,拼好饭,中午
田老师红烧肉(石佛营店),116.4956331855594,39.92612771852349,青年路,拼好饭,中午
南城香·饭香串香馄饨香（青年路店）,116.51158656634728,39.92558760528891,青年路,拼好饭,中午
煲仔皇煲仔饭（朝阳大悦城店）,116.5127952361486,39.92288515955789,青年路,拼好饭,中午
张亮麻辣烫·麻辣拌（八里庄店）,116.49337719910876,39.921519175522334,青年路,拼好饭,中午
永和大王·现磨豆浆·卤肉饭·早餐粥·盖浇饭(青年路FBJ029店),116.51055590016004,39.9332633424371,青年路,拼好饭,中午
容海烧肉面(十里堡店),116.51155535735384,39.92637348411588,青年路,拼好饭,中午
掌门·河间火烧（青年路店）,116.51155535735384,39.92637348411588,青年路,拼好饭,中午
塔斯汀·中国汉堡(佳亿青年汇店),116.51143159536116,39.920808358052575,青年路,拼好饭,中午
麦田归来·四季轻食（达美中心店）,116.51067707591288,39.93540160495672,青年路,拼好饭,中午
宏状元现熬粥(八宝粥·皮蛋瘦肉粥·糊塌子·朝阳路店）,116.45313881267776,39.954257880687926,青年路,拼好饭,中午
永和大王·现磨豆浆·卤肉饭·早餐粥·盖浇饭(青年路FBJ029店),116.51055590016004,39.9332633424371,青年路,拼好饭,中午
丁记牛肉板面（大悦城01号店）,116.50785217019596,39.93221557227152,青年路,拼好饭,中午
小巷脆皮鸡双拼饭（第11档口极速云厨美食城店）,116.5115069971644,39.919749617422966,青年路,拼好饭,中午
华莱士·全鸡汉堡（青年西路店）,116.50727403865469,39.932274888224725,青年路,拼好饭,中午
田老师红烧肉(石佛营店),116.4956331855594,39.92612771852349,青年路,拼好饭,中午
南城香·饭香串香馄饨香（青年路店）,116.51158656634728,39.92558760528891,青年路,拼好饭,中午
煲仔皇煲仔饭（朝阳大悦城店）,116.5127952361486,39.92288515955789,青年路,拼好饭,中午
张亮麻辣烫·麻辣拌（八里庄店）,116.49337719910876,39.921519175522334,青年路,拼好饭,中午
永和大王·现磨豆浆·卤肉饭·早餐粥·盖浇饭(青年路FBJ029店),116.51055590016004,39.9332633424371,青年路,拼好饭,中午
容海烧肉面(十里堡店),116.51155535735384,39.92637348411588,青年路,拼好饭,中午
掌门·河间火烧（青年路店）,116.51155535735384,39.92637348411588,青年路,拼好饭,中午
塔斯汀·中国汉堡(佳亿青年汇店),116.51143159536116,39.920808358052575,青年路,拼好饭,中午
麦田归来·四季轻食（达美中心店）,116.51067707591288,39.93540160495672,青年路,拼好饭,中午
宏状元现熬粥(八宝粥·皮蛋瘦肉粥·糊塌子·朝阳路店）,116.45313881267776,39.954257880687926,青年路,拼好饭,中午
永和大王·现磨豆浆·卤肉饭·早餐粥·盖浇饭(青年路FBJ029店),116.51055590016004,39.9332633424371,青年路,拼好饭,中午
丁记牛肉板面（大悦城01号店）,116.50785217019596,39.93221557227152,青年路,拼好饭,中午
小巷脆皮鸡双拼饭（第11档口极速云厨美食城店）,116.5115069971644,39.919749617422966,青年路,拼好饭,中午
华莱士·全鸡汉堡（青年西路店）,116.50727403865469,39.932274888224725,青年路,拼好饭,中午
田老师红烧肉(石佛营店),116.4956331855594,39.92612771852349,青年路,拼好饭,中午
南城香·饭香串香馄饨香（青年路店）,116.51158656634728,39.92558760528891,青年路,拼好饭,中午
煲仔皇煲仔饭（朝阳大悦城店）,116.5127952361486,39.92288515955789,青年路,拼好饭,中午
张亮麻辣烫·麻辣拌（八里庄店）,116.49337719910876,39.921519175522334,青年路,拼好饭,中午
永和大王·现磨豆浆·卤肉饭·早餐粥·盖浇饭(青年路FBJ029店),116.51055590016004,39.9332633424371,青年路,拼好饭,中午
容海烧肉面(十里堡店),116.51155535735384,39.92637348411588,青年路,拼好饭,中午
掌门·河间火烧（青年路店）,116.51155535735384,39.92637348411588,青年路,拼好饭,中午
塔斯汀·中国汉堡(佳亿青年汇店),116.51143159536116,39.920808358052575,青年路,拼好饭,中午
麦田归来·四季轻食（达美中心店）,116.51067707591288,39.93540160495672,青年路,拼好饭,中午
宏状元现熬粥(八宝粥·皮蛋瘦肉粥·糊塌子·朝阳路店）,116.45313881267776,39.954257880687926,青年路,拼好饭,中午
永和大王·现磨豆浆·卤肉饭·早餐粥·盖浇饭(青年路FBJ029店),116.51055590016004,39.9332633424371,青年路,拼好饭,中午
丁记牛肉板面（大悦城01号店）,116.50785217019596,39.93221557227152,青年路,拼好饭,中午
小巷脆皮鸡双拼饭（第11档口极速云厨美食城店）,116.5115069971644,39.919749617422966,青年路,拼好饭,中午
华莱士·全鸡汉堡（青年西路店）,116.50727403865469,39.932274888224725,青年路,拼好饭,中午
川味面馆（大悦城店）,116.50937206821278,39.92132341733257,青年路,拼好饭,宵夜
鸡柳大人（第1档口潮悦美食城店）,116.51158161401766,39.92505461285297,青年路,拼好饭,宵夜
饺子妞·纯手工水饺（B3档口极速云厨美食城）,116.44704079466337,39.917653729986455,青年路,拼好饭,宵夜
华莱士·全鸡汉堡（青年西路店）,116.50727403865469,39.932274888224725,青年路,拼好饭,宵夜
孙记麻辣烫·重庆小面(甘露园店),116.5084313685486,39.91534694390703,青年路,拼好饭,宵夜
饼不厌炸·炸串·拌饼（极速云厨第1档口美食城店）,116.4363600810166,39.96286319448306,青年路,拼好饭,宵夜
华莱士·全鸡汉堡（青年西路店）,116.50727403865469,39.932274888224725,青年路,拼好饭,宵夜
炸鸡大师（韩式炸鸡·脆皮炸鸡）,116.49917043124914,39.92719421216396,青年路,拼好饭,宵夜
张亮麻辣烫·麻辣拌（朝阳路店）,116.51705503532853,39.916590372110974,青年路,拼好饭,宵夜
华莱士·全鸡汉堡（青年西路店）,116.50727403865469,39.932274888224725,青年路,拼好饭,宵夜
卡梅罗牛肉炒饭（第10档口-新亿美食城店）,116.5113543288868,39.92071014106114,青年路,拼好饭,宵夜
蜜雪冰城（石佛营店）,116.49849486424436,39.92733619699276,青年路,拼好饭,宵夜
饺子妞·纯手工水饺（B3档口极速云厨美食城）,116.44704079466337,39.917653729986455,青年路,拼好饭,宵夜
华莱士·全鸡汉堡（青年西路店）,116.50727403865469,39.932274888224725,青年路,拼好饭,宵夜
炸鸡大师（韩式炸鸡·脆皮炸鸡）,116.49917043124914,39.92719421216396,青年路,拼好饭,宵夜
小巷脆皮鸡双拼饭（第11档口极速云厨美食城店）,116.5115069971644,39.919749617422966,青年路,拼好饭,宵夜
川味面馆（大悦城店）,116.50937206821278,39.92132341733257,青年路,拼好饭,宵夜
鸡柳大人（第1档口潮悦美食城店）,116.51158161401766,39.92505461285297,青年路,拼好饭,宵夜
饺子妞·纯手工水饺（B3档口极速云厨美食城）,116.44704079466337,39.917653729986455,青年路,拼好饭,宵夜
华莱士·全鸡汉堡（青年西路店）,116.50727403865469,39.932274888224725,青年路,拼好饭,宵夜
孙记麻辣烫·重庆小面(甘露园店),116.5084313685486,39.91534694390703,青年路,拼好饭,宵夜
饼不厌炸·炸串·拌饼（极速云厨第1档口美食城店）,116.4363600810166,39.96286319448306,青年路,拼好饭,宵夜
华莱士·全鸡汉堡（青年西路店）,116.50727403865469,39.932274888224725,青年路,拼好饭,宵夜
炸鸡大师（韩式炸鸡·脆皮炸鸡）,116.49917043124914,39.92719421216396,青年路,拼好饭,宵夜
张亮麻辣烫·麻辣拌（朝阳路店）,116.51705503532853,39.916590372110974,青年路,拼好饭,宵夜
华莱士·全鸡汉堡（青年西路店）,116.50727403865469,39.932274888224725,青年路,拼好饭,宵夜
卡梅罗牛肉炒饭（第10档口-新亿美食城店）,116.5113543288868,39.92071014106114,青年路,拼好饭,宵夜
蜜雪冰城（石佛营店）,116.49849486424436,39.92733619699276,青年路,拼好饭,宵夜
饺子妞·纯手工水饺（B3档口极速云厨美食城）,116.44704079466337,39.917653729986455,青年路,拼好饭,宵夜
华莱士·全鸡汉堡（青年西路店）,116.50727403865469,39.932274888224725,青年路,拼好饭,宵夜
炸鸡大师（韩式炸鸡·脆皮炸鸡）,116.49917043124914,39.92719421216396,青年路,拼好饭,宵夜
小巷脆皮鸡双拼饭（第11档口极速云厨美食城店）,116.5115069971644,39.919749617422966,青年路,拼好饭,宵夜
川味面馆（大悦城店）,116.50937206821278,39.92132341733257,青年路,拼好饭,宵夜
鸡柳大人（第1档口潮悦美食城店）,116.51158161401766,39.92505461285297,青年路,拼好饭,宵夜
饺子妞·纯手工水饺（B3档口极速云厨美食城）,116.44704079466337,39.917653729986455,青年路,拼好饭,宵夜
华莱士·全鸡汉堡（青年西路店）,116.50727403865469,39.932274888224725,青年路,拼好饭,宵夜
孙记麻辣烫·重庆小面(甘露园店),116.5084313685486,39.91534694390703,青年路,拼好饭,宵夜
饼不厌炸·炸串·拌饼（极速云厨第1档口美食城店）,116.4363600810166,39.96286319448306,青年路,拼好饭,宵夜
华莱士·全鸡汉堡（青年西路店）,116.50727403865469,39.932274888224725,青年路,拼好饭,宵夜
炸鸡大师（韩式炸鸡·脆皮炸鸡）,116.49917043124914,39.92719421216396,青年路,拼好饭,宵夜
张亮麻辣烫·麻辣拌（朝阳路店）,116.51705503532853,39.916590372110974,青年路,拼好饭,宵夜
华莱士·全鸡汉堡（青年西路店）,116.50727403865469,39.932274888224725,青年路,拼好饭,宵夜
卡梅罗牛肉炒饭（第10档口-新亿美食城店）,116.5113543288868,39.92071014106114,青年路,拼好饭,宵夜
蜜雪冰城（石佛营店）,116.49849486424436,39.92733619699276,青年路,拼好饭,宵夜
饺子妞·纯手工水饺（B3档口极速云厨美食城）,116.44704079466337,39.917653729986455,青年路,拼好饭,宵夜
华莱士·全鸡汉堡（青年西路店）,116.50727403865469,39.932274888224725,青年路,拼好饭,宵夜
炸鸡大师（韩式炸鸡·脆皮炸鸡）,116.49917043124914,39.92719421216396,青年路,拼好饭,宵夜
小巷脆皮鸡双拼饭（第11档口极速云厨美食城店）,116.5115069971644,39.919749617422966,青年路,拼好饭,宵夜
川味面馆（大悦城店）,116.50937206821278,39.92132341733257,青年路,拼好饭,宵夜
鸡柳大人（第1档口潮悦美食城店）,116.51158161401766,39.92505461285297,青年路,拼好饭,宵夜
饺子妞·纯手工水饺（B3档口极速云厨美食城）,116.44704079466337,39.917653729986455,青年路,拼好饭,宵夜
华莱士·全鸡汉堡（青年西路店）,116.50727403865469,39.932274888224725,青年路,拼好饭,宵夜
孙记麻辣烫·重庆小面(甘露园店),116.5084313685486,39.91534694390703,青年路,拼好饭,宵夜
饼不厌炸·炸串·拌饼（极速云厨第1档口美食城店）,116.4363600810166,39.96286319448306,青年路,拼好饭,宵夜
华莱士·全鸡汉堡（青年西路店）,116.50727403865469,39.932274888224725,青年路,拼好饭,宵夜
炸鸡大师（韩式炸鸡·脆皮炸鸡）,116.49917043124914,39.92719421216396,青年路,拼好饭,宵夜
张亮麻辣烫·麻辣拌（朝阳路店）,116.51705503532853,39.916590372110974,青年路,拼好饭,宵夜
华莱士·全鸡汉堡（青年西路店）,116.50727403865469,39.932274888224725,青年路,拼好饭,宵夜
卡梅罗牛肉炒饭（第10档口-新亿美食城店）,116.5113543288868,39.92071014106114,青年路,拼好饭,宵夜
蜜雪冰城（石佛营店）,116.49849486424436,39.92733619699276,青年路,拼好饭,宵夜
饺子妞·纯手工水饺（B3档口极速云厨美食城）,116.44704079466337,39.917653729986455,青年路,拼好饭,宵夜
华莱士·全鸡汉堡（青年西路店）,116.50727403865469,39.932274888224725,青年路,拼好饭,宵夜
炸鸡大师（韩式炸鸡·脆皮炸鸡）,116.49917043124914,39.92719421216396,青年路,拼好饭,宵夜
小巷脆皮鸡双拼饭（第11档口极速云厨美食城店）,116.5115069971644,39.919749617422966,青年路,拼好饭,宵夜
川味面馆（大悦城店）,116.50937206821278,39.92132341733257,青年路,拼好饭,宵夜
鸡柳大人（第1档口潮悦美食城店）,116.51158161401766,39.92505461285297,青年路,拼好饭,宵夜
饺子妞·纯手工水饺（B3档口极速云厨美食城）,116.44704079466337,39.917653729986455,青年路,拼好饭,宵夜
华莱士·全鸡汉堡（青年西路店）,116.50727403865469,39.932274888224725,青年路,拼好饭,宵夜
孙记麻辣烫·重庆小面(甘露园店),116.5084313685486,39.91534694390703,青年路,拼好饭,宵夜
饼不厌炸·炸串·拌饼（极速云厨第1档口美食城店）,116.4363600810166,39.96286319448306,青年路,拼好饭,宵夜
华莱士·全鸡汉堡（青年西路店）,116.50727403865469,39.932274888224725,青年路,拼好饭,宵夜
炸鸡大师（韩式炸鸡·脆皮炸鸡）,116.49917043124914,39.92719421216396,青年路,拼好饭,宵夜
张亮麻辣烫·麻辣拌（朝阳路店）,116.51705503532853,39.916590372110974,青年路,拼好饭,宵夜
华莱士·全鸡汉堡（青年西路店）,116.50727403865469,39.932274888224725,青年路,拼好饭,宵夜
卡梅罗牛肉炒饭（第10档口-新亿美食城店）,116.5113543288868,39.92071014106114,青年路,拼好饭,宵夜
蜜雪冰城（石佛营店）,116.49849486424436,39.92733619699276,青年路,拼好饭,宵夜
饺子妞·纯手工水饺（B3档口极速云厨美食城）,116.44704079466337,39.917653729986455,青年路,拼好饭,宵夜
华莱士·全鸡汉堡（青年西路店）,116.50727403865469,39.932274888224725,青年路,拼好饭,宵夜
炸鸡大师（韩式炸鸡·脆皮炸鸡）,116.49917043124914,39.92719421216396,青年路,拼好饭,宵夜
小巷脆皮鸡双拼饭（第11档口极速云厨美食城店）,116.5115069971644,39.919749617422966,青年路,拼好饭,宵夜
川味面馆（大悦城店）,116.50937206821278,39.92132341733257,青年路,拼好饭,宵夜
鸡柳大人（第1档口潮悦美食城店）,116.51158161401766,39.92505461285297,青年路,拼好饭,宵夜
饺子妞·纯手工水饺（B3档口极速云厨美食城）,116.44704079466337,39.917653729986455,青年路,拼好饭,宵夜
华莱士·全鸡汉堡（青年西路店）,116.50727403865469,39.932274888224725,青年路,拼好饭,宵夜
孙记麻辣烫·重庆小面(甘露园店),116.5084313685486,39.91534694390703,青年路,拼好饭,宵夜
饼不厌炸·炸串·拌饼（极速云厨第1档口美食城店）,116.4363600810166,39.96286319448306,青年路,拼好饭,宵夜
华莱士·全鸡汉堡（青年西路店）,116.50727403865469,39.932274888224725,青年路,拼好饭,宵夜
炸鸡大师（韩式炸鸡·脆皮炸鸡）,116.49917043124914,39.92719421216396,青年路,拼好饭,宵夜
张亮麻辣烫·麻辣拌（朝阳路店）,116.51705503532853,39.916590372110974,青年路,拼好饭,宵夜
华莱士·全鸡汉堡（青年西路店）,116.50727403865469,39.932274888224725,青年路,拼好饭,宵夜
卡梅罗牛肉炒饭（第10档口-新亿美食城店）,116.5113543288868,39.92071014106114,青年路,拼好饭,宵夜
蜜雪冰城（石佛营店）,116.49849486424436,39.92733619699276,青年路,拼好饭,宵夜
饺子妞·纯手工水饺（B3档口极速云厨美食城）,116.44704079466337,39.917653729986455,青年路,拼好饭,宵夜
华莱士·全鸡汉堡（青年西路店）,116.50727403865469,39.932274888224725,青年路,拼好饭,宵夜
炸鸡大师（韩式炸鸡·脆皮炸鸡）,116.49917043124914,39.92719421216396,青年路,拼好饭,宵夜
小巷脆皮鸡双拼饭（第11档口极速云厨美食城店）,116.5115069971644,39.919749617422966,青年路,拼好饭,宵夜
川味面馆（大悦城店）,116.50937206821278,39.92132341733257,青年路,拼好饭,宵夜
鸡柳大人（第1档口潮悦美食城店）,116.51158161401766,39.92505461285297,青年路,拼好饭,宵夜
饺子妞·纯手工水饺（B3档口极速云厨美食城）,116.44704079466337,39.917653729986455,青年路,拼好饭,宵夜
华莱士·全鸡汉堡（青年西路店）,116.50727403865469,39.932274888224725,青年路,拼好饭,宵夜
孙记麻辣烫·重庆小面(甘露园店),116.5084313685486,39.91534694390703,青年路,拼好饭,宵夜
饼不厌炸·炸串·拌饼（极速云厨第1档口美食城店）,116.4363600810166,39.96286319448306,青年路,拼好饭,宵夜
华莱士·全鸡汉堡（青年西路店）,116.50727403865469,39.932274888224725,青年路,拼好饭,宵夜
炸鸡大师（韩式炸鸡·脆皮炸鸡）,116.49917043124914,39.92719421216396,青年路,拼好饭,宵夜
张亮麻辣烫·麻辣拌（朝阳路店）,116.51705503532853,39.916590372110974,青年路,拼好饭,宵夜
华莱士·全鸡汉堡（青年西路店）,116.50727403865469,39.932274888224725,青年路,拼好饭,宵夜
卡梅罗牛肉炒饭（第10档口-新亿美食城店）,116.5113543288868,39.92071014106114,青年路,拼好饭,宵夜
蜜雪冰城（石佛营店）,116.49849486424436,39.92733619699276,青年路,拼好饭,宵夜
饺子妞·纯手工水饺（B3档口极速云厨美食城）,116.44704079466337,39.917653729986455,青年路,拼好饭,宵夜
华莱士·全鸡汉堡（青年西路店）,116.50727403865469,39.932274888224725,青年路,拼好饭,宵夜
炸鸡大师（韩式炸鸡·脆皮炸鸡）,116.49917043124914,39.92719421216396,青年路,拼好饭,宵夜
小巷脆皮鸡双拼饭（第11档口极速云厨美食城店）,116.5115069971644,39.919749617422966,青年路,拼好饭,宵夜
川味面馆（大悦城店）,116.50937206821278,39.92132341733257,青年路,拼好饭,宵夜
鸡柳大人（第1档口潮悦美食城店）,116.51158161401766,39.92505461285297,青年路,拼好饭,宵夜
饺子妞·纯手工水饺（B3档口极速云厨美食城）,116.44704079466337,39.917653729986455,青年路,拼好饭,宵夜
华莱士·全鸡汉堡（青年西路店）,116.50727403865469,39.932274888224725,青年路,拼好饭,宵夜
孙记麻辣烫·重庆小面(甘露园店),116.5084313685486,39.91534694390703,青年路,拼好饭,宵夜
饼不厌炸·炸串·拌饼（极速云厨第1档口美食城店）,116.4363600810166,39.96286319448306,青年路,拼好饭,宵夜
华莱士·全鸡汉堡（青年西路店）,116.50727403865469,39.932274888224725,青年路,拼好饭,宵夜
炸鸡大师（韩式炸鸡·脆皮炸鸡）,116.49917043124914,39.92719421216396,青年路,拼好饭,宵夜
张亮麻辣烫·麻辣拌（朝阳路店）,116.51705503532853,39.916590372110974,青年路,拼好饭,宵夜
华莱士·全鸡汉堡（青年西路店）,116.50727403865469,39.932274888224725,青年路,拼好饭,宵夜
卡梅罗牛肉炒饭（第10档口-新亿美食城店）,116.5113543288868,39.92071014106114,青年路,拼好饭,宵夜
蜜雪冰城（石佛营店）,116.49849486424436,39.92733619699276,青年路,拼好饭,宵夜
饺子妞·纯手工水饺（B3档口极速云厨美食城）,116.44704079466337,39.917653729986455,青年路,拼好饭,宵夜
华莱士·全鸡汉堡（青年西路店）,116.50727403865469,39.932274888224725,青年路,拼好饭,宵夜
炸鸡大师（韩式炸鸡·脆皮炸鸡）,116.49917043124914,39.92719421216396,青年路,拼好饭,宵夜
小巷脆皮鸡双拼饭（第11档口极速云厨美食城店）,116.5115069971644,39.919749617422966,青年路,拼好饭,宵夜
川味面馆（大悦城店）,116.50937206821278,39.92132341733257,青年路,拼好饭,宵夜
鸡柳大人（第1档口潮悦美食城店）,116.51158161401766,39.92505461285297,青年路,拼好饭,宵夜
饺子妞·纯手工水饺（B3档口极速云厨美食城）,116.44704079466337,39.917653729986455,青年路,拼好饭,宵夜
华莱士·全鸡汉堡（青年西路店）,116.50727403865469,39.932274888224725,青年路,拼好饭,宵夜
孙记麻辣烫·重庆小面(甘露园店),116.5084313685486,39.91534694390703,青年路,拼好饭,宵夜
饼不厌炸·炸串·拌饼（极速云厨第1档口美食城店）,116.4363600810166,39.96286319448306,青年路,拼好饭,宵夜
华莱士·全鸡汉堡（青年西路店）,116.50727403865469,39.932274888224725,青年路,拼好饭,宵夜
炸鸡大师（韩式炸鸡·脆皮炸鸡）,116.49917043124914,39.92719421216396,青年路,拼好饭,宵夜
张亮麻辣烫·麻辣拌（朝阳路店）,116.51705503532853,39.916590372110974,青年路,拼好饭,宵夜
华莱士·全鸡汉堡（青年西路店）,116.50727403865469,39.932274888224725,青年路,拼好饭,宵夜
卡梅罗牛肉炒饭（第10档口-新亿美食城店）,116.5113543288868,39.92071014106114,青年路,拼好饭,宵夜
蜜雪冰城（石佛营店）,116.49849486424436,39.92733619699276,青年路,拼好饭,宵夜
饺子妞·纯手工水饺（B3档口极速云厨美食城）,116.44704079466337,39.917653729986455,青年路,拼好饭,宵夜
华莱士·全鸡汉堡（青年西路店）,116.50727403865469,39.932274888224725,青年路,拼好饭,宵夜
炸鸡大师（韩式炸鸡·脆皮炸鸡）,116.49917043124914,39.92719421216396,青年路,拼好饭,宵夜
小巷脆皮鸡双拼饭（第11档口极速云厨美食城店）,116.5115069971644,39.919749617422966,青年路,拼好饭,宵夜
川味面馆（大悦城店）,116.50937206821278,39.92132341733257,青年路,拼好饭,宵夜
鸡柳大人（第1档口潮悦美食城店）,116.51158161401766,39.92505461285297,青年路,拼好饭,宵夜
饺子妞·纯手工水饺（B3档口极速云厨美食城）,116.44704079466337,39.917653729986455,青年路,拼好饭,宵夜
华莱士·全鸡汉堡（青年西路店）,116.50727403865469,39.932274888224725,青年路,拼好饭,宵夜
孙记麻辣烫·重庆小面(甘露园店),116.5084313685486,39.91534694390703,青年路,拼好饭,宵夜
饼不厌炸·炸串·拌饼（极速云厨第1档口美食城店）,116.4363600810166,39.96286319448306,青年路,拼好饭,宵夜
华莱士·全鸡汉堡（青年西路店）,116.50727403865469,39.932274888224725,青年路,拼好饭,宵夜
炸鸡大师（韩式炸鸡·脆皮炸鸡）,116.49917043124914,39.92719421216396,青年路,拼好饭,宵夜
张亮麻辣烫·麻辣拌（朝阳路店）,116.51705503532853,39.916590372110974,青年路,拼好饭,宵夜
华莱士·全鸡汉堡（青年西路店）,116.50727403865469,39.932274888224725,青年路,拼好饭,宵夜
卡梅罗牛肉炒饭（第10档口-新亿美食城店）,116.5113543288868,39.92071014106114,青年路,拼好饭,宵夜
蜜雪冰城（石佛营店）,116.49849486424436,39.92733619699276,青年路,拼好饭,宵夜
饺子妞·纯手工水饺（B3档口极速云厨美食城）,116.44704079466337,39.917653729986455,青年路,拼好饭,宵夜
华莱士·全鸡汉堡（青年西路店）,116.50727403865469,39.932274888224725,青年路,拼好饭,宵夜
炸鸡大师（韩式炸鸡·脆皮炸鸡）,116.49917043124914,39.92719421216396,青年路,拼好饭,宵夜
小巷脆皮鸡双拼饭（第11档口极速云厨美食城店）,116.5115069971644,39.919749617422966,青年路,拼好饭,宵夜
掌门·河间火烧（青年路店）,116.51155535735384,39.92637348411588,青年路,拼好饭,晚餐
小巷脆皮鸡双拼饭（第11档口极速云厨美食城店）,116.5115069971644,39.919749617422966,青年路,拼好饭,晚餐
饺子妞·纯手工水饺（B3档口极速云厨美食城）,116.44704079466337,39.917653729986455,青年路,拼好饭,晚餐
川味面馆（大悦城店）,116.50937206821278,39.92132341733257,青年路,拼好饭,晚餐
华莱士·全鸡汉堡（四惠东店）,116.5107467169989,39.90783094250645,青年路,拼好饭,晚餐
披萨革命（朝阳大悦城店）,116.51370023637055,39.924736647992,青年路,拼好饭,晚餐
田老师红烧肉(石佛营店),116.4956331855594,39.92612771852349,青年路,拼好饭,晚餐
廖记棒棒鸡（地道川卤·冷锅串串·朝阳大悦城店）,116.47440585034671,39.89250284298049,青年路,拼好饭,晚餐
饺子妞·纯手工水饺（B3档口极速云厨美食城）,116.44704079466337,39.917653729986455,青年路,拼好饭,晚餐
张亮麻辣烫·麻辣拌（八里庄店）,116.49337719910876,39.921519175522334,青年路,拼好饭,晚餐
张记淮南牛肉汤（第4档口+丽姐美食城店）,116.4460387875876,39.91968952603856,青年路,拼好饭,晚餐
张亮麻辣烫·麻辣拌（朝阳路店）,116.51705503532853,39.916590372110974,青年路,拼好饭,晚餐
虎头军煎饼(青年路店),116.51157451607062,39.92564356856901,青年路,拼好饭,晚餐
高记凉皮油泼面（第一档口+轩盛美食城店）,116.51077378183118,39.908100008582025,青年路,拼好饭,晚餐
麦田归来·四季轻食（达美中心店）,116.51067707591288,39.93540160495672,青年路,拼好饭,晚餐
老洛阳烩面（朝阳北路店）,116.50881804743058,39.921320815763536,青年路,拼好饭,晚餐
张亮麻辣烫·麻辣拌（朝阳路店）,116.51705503532853,39.916590372110974,青年路,拼好饭,晚餐
掌门·河间火烧（青年路店）,116.51155535735384,39.92637348411588,青年路,拼好饭,晚餐
小巷脆皮鸡双拼饭（第11档口极速云厨美食城店）,116.5115069971644,39.919749617422966,青年路,拼好饭,晚餐
饺子妞·纯手工水饺（B3档口极速云厨美食城）,116.44704079466337,39.917653729986455,青年路,拼好饭,晚餐
川味面馆（大悦城店）,116.50937206821278,39.92132341733257,青年路,拼好饭,晚餐
华莱士·全鸡汉堡（四惠东店）,116.5107467169989,39.90783094250645,青年路,拼好饭,晚餐
披萨革命（朝阳大悦城店）,116.51370023637055,39.924736647992,青年路,拼好饭,晚餐
田老师红烧肉(石佛营店),116.4956331855594,39.92612771852349,青年路,拼好饭,晚餐
廖记棒棒鸡（地道川卤·冷锅串串·朝阳大悦城店）,116.47440585034671,39.89250284298049,青年路,拼好饭,晚餐
饺子妞·纯手工水饺（B3档口极速云厨美食城）,116.44704079466337,39.917653729986455,青年路,拼好饭,晚餐
张亮麻辣烫·麻辣拌（八里庄店）,116.49337719910876,39.921519175522334,青年路,拼好饭,晚餐
张记淮南牛肉汤（第4档口+丽姐美食城店）,116.4460387875876,39.91968952603856,青年路,拼好饭,晚餐
张亮麻辣烫·麻辣拌（朝阳路店）,116.51705503532853,39.916590372110974,青年路,拼好饭,晚餐
虎头军煎饼(青年路店),116.51157451607062,39.92564356856901,青年路,拼好饭,晚餐
高记凉皮油泼面（第一档口+轩盛美食城店）,116.51077378183118,39.908100008582025,青年路,拼好饭,晚餐
麦田归来·四季轻食（达美中心店）,116.51067707591288,39.93540160495672,青年路,拼好饭,晚餐
老洛阳烩面（朝阳北路店）,116.50881804743058,39.921320815763536,青年路,拼好饭,晚餐
张亮麻辣烫·麻辣拌（朝阳路店）,116.51705503532853,39.916590372110974,青年路,拼好饭,晚餐
掌门·河间火烧（青年路店）,116.51155535735384,39.92637348411588,青年路,拼好饭,晚餐
小巷脆皮鸡双拼饭（第11档口极速云厨美食城店）,116.5115069971644,39.919749617422966,青年路,拼好饭,晚餐
饺子妞·纯手工水饺（B3档口极速云厨美食城）,116.44704079466337,39.917653729986455,青年路,拼好饭,晚餐
川味面馆（大悦城店）,116.50937206821278,39.92132341733257,青年路,拼好饭,晚餐
华莱士·全鸡汉堡（四惠东店）,116.5107467169989,39.90783094250645,青年路,拼好饭,晚餐
披萨革命（朝阳大悦城店）,116.51370023637055,39.924736647992,青年路,拼好饭,晚餐
田老师红烧肉(石佛营店),116.4956331855594,39.92612771852349,青年路,拼好饭,晚餐
廖记棒棒鸡（地道川卤·冷锅串串·朝阳大悦城店）,116.47440585034671,39.89250284298049,青年路,拼好饭,晚餐
饺子妞·纯手工水饺（B3档口极速云厨美食城）,116.44704079466337,39.917653729986455,青年路,拼好饭,晚餐
张亮麻辣烫·麻辣拌（八里庄店）,116.49337719910876,39.921519175522334,青年路,拼好饭,晚餐
张记淮南牛肉汤（第4档口+丽姐美食城店）,116.4460387875876,39.91968952603856,青年路,拼好饭,晚餐
张亮麻辣烫·麻辣拌（朝阳路店）,116.51705503532853,39.916590372110974,青年路,拼好饭,晚餐
虎头军煎饼(青年路店),116.51157451607062,39.92564356856901,青年路,拼好饭,晚餐
高记凉皮油泼面（第一档口+轩盛美食城店）,116.51077378183118,39.908100008582025,青年路,拼好饭,晚餐
麦田归来·四季轻食（达美中心店）,116.51067707591288,39.93540160495672,青年路,拼好饭,晚餐
老洛阳烩面（朝阳北路店）,116.50881804743058,39.921320815763536,青年路,拼好饭,晚餐
张亮麻辣烫·麻辣拌（朝阳路店）,116.51705503532853,39.916590372110974,青年路,拼好饭,晚餐
掌门·河间火烧（青年路店）,116.51155535735384,39.92637348411588,青年路,拼好饭,晚餐
小巷脆皮鸡双拼饭（第11档口极速云厨美食城店）,116.5115069971644,39.919749617422966,青年路,拼好饭,晚餐
饺子妞·纯手工水饺（B3档口极速云厨美食城）,116.44704079466337,39.917653729986455,青年路,拼好饭,晚餐
川味面馆（大悦城店）,116.50937206821278,39.92132341733257,青年路,拼好饭,晚餐
华莱士·全鸡汉堡（四惠东店）,116.5107467169989,39.90783094250645,青年路,拼好饭,晚餐
披萨革命（朝阳大悦城店）,116.51370023637055,39.924736647992,青年路,拼好饭,晚餐
田老师红烧肉(石佛营店),116.4956331855594,39.92612771852349,青年路,拼好饭,晚餐
廖记棒棒鸡（地道川卤·冷锅串串·朝阳大悦城店）,116.47440585034671,39.89250284298049,青年路,拼好饭,晚餐
饺子妞·纯手工水饺（B3档口极速云厨美食城）,116.44704079466337,39.917653729986455,青年路,拼好饭,晚餐
张亮麻辣烫·麻辣拌（八里庄店）,116.49337719910876,39.921519175522334,青年路,拼好饭,晚餐
张记淮南牛肉汤（第4档口+丽姐美食城店）,116.4460387875876,39.91968952603856,青年路,拼好饭,晚餐
张亮麻辣烫·麻辣拌（朝阳路店）,116.51705503532853,39.916590372110974,青年路,拼好饭,晚餐
虎头军煎饼(青年路店),116.51157451607062,39.92564356856901,青年路,拼好饭,晚餐
高记凉皮油泼面（第一档口+轩盛美食城店）,116.51077378183118,39.908100008582025,青年路,拼好饭,晚餐
麦田归来·四季轻食（达美中心店）,116.51067707591288,39.93540160495672,青年路,拼好饭,晚餐
老洛阳烩面（朝阳北路店）,116.50881804743058,39.921320815763536,青年路,拼好饭,晚餐
张亮麻辣烫·麻辣拌（朝阳路店）,116.51705503532853,39.916590372110974,青年路,拼好饭,晚餐
掌门·河间火烧（青年路店）,116.51155535735384,39.92637348411588,青年路,拼好饭,晚餐
小巷脆皮鸡双拼饭（第11档口极速云厨美食城店）,116.5115069971644,39.919749617422966,青年路,拼好饭,晚餐
饺子妞·纯手工水饺（B3档口极速云厨美食城）,116.44704079466337,39.917653729986455,青年路,拼好饭,晚餐
川味面馆（大悦城店）,116.50937206821278,39.92132341733257,青年路,拼好饭,晚餐
华莱士·全鸡汉堡（四惠东店）,116.5107467169989,39.90783094250645,青年路,拼好饭,晚餐
披萨革命（朝阳大悦城店）,116.51370023637055,39.924736647992,青年路,拼好饭,晚餐
田老师红烧肉(石佛营店),116.4956331855594,39.92612771852349,青年路,拼好饭,晚餐
廖记棒棒鸡（地道川卤·冷锅串串·朝阳大悦城店）,116.47440585034671,39.89250284298049,青年路,拼好饭,晚餐
饺子妞·纯手工水饺（B3档口极速云厨美食城）,116.44704079466337,39.917653729986455,青年路,拼好饭,晚餐
张亮麻辣烫·麻辣拌（八里庄店）,116.49337719910876,39.921519175522334,青年路,拼好饭,晚餐
张记淮南牛肉汤（第4档口+丽姐美食城店）,116.4460387875876,39.91968952603856,青年路,拼好饭,晚餐
张亮麻辣烫·麻辣拌（朝阳路店）,116.51705503532853,39.916590372110974,青年路,拼好饭,晚餐
虎头军煎饼(青年路店),116.51157451607062,39.92564356856901,青年路,拼好饭,晚餐
高记凉皮油泼面（第一档口+轩盛美食城店）,116.51077378183118,39.908100008582025,青年路,拼好饭,晚餐
麦田归来·四季轻食（达美中心店）,116.51067707591288,39.93540160495672,青年路,拼好饭,晚餐
老洛阳烩面（朝阳北路店）,116.50881804743058,39.921320815763536,青年路,拼好饭,晚餐
张亮麻辣烫·麻辣拌（朝阳路店）,116.51705503532853,39.916590372110974,青年路,拼好饭,晚餐
掌门·河间火烧（青年路店）,116.51155535735384,39.92637348411588,青年路,拼好饭,晚餐
小巷脆皮鸡双拼饭（第11档口极速云厨美食城店）,116.5115069971644,39.919749617422966,青年路,拼好饭,晚餐
饺子妞·纯手工水饺（B3档口极速云厨美食城）,116.44704079466337,39.917653729986455,青年路,拼好饭,晚餐
川味面馆（大悦城店）,116.50937206821278,39.92132341733257,青年路,拼好饭,晚餐
华莱士·全鸡汉堡（四惠东店）,116.5107467169989,39.90783094250645,青年路,拼好饭,晚餐
披萨革命（朝阳大悦城店）,116.51370023637055,39.924736647992,青年路,拼好饭,晚餐
田老师红烧肉(石佛营店),116.4956331855594,39.92612771852349,青年路,拼好饭,晚餐
廖记棒棒鸡（地道川卤·冷锅串串·朝阳大悦城店）,116.47440585034671,39.89250284298049,青年路,拼好饭,晚餐
饺子妞·纯手工水饺（B3档口极速云厨美食城）,116.44704079466337,39.917653729986455,青年路,拼好饭,晚餐
张亮麻辣烫·麻辣拌（八里庄店）,116.49337719910876,39.921519175522334,青年路,拼好饭,晚餐
张记淮南牛肉汤（第4档口+丽姐美食城店）,116.4460387875876,39.91968952603856,青年路,拼好饭,晚餐
张亮麻辣烫·麻辣拌（朝阳路店）,116.51705503532853,39.916590372110974,青年路,拼好饭,晚餐
虎头军煎饼(青年路店),116.51157451607062,39.92564356856901,青年路,拼好饭,晚餐
高记凉皮油泼面（第一档口+轩盛美食城店）,116.51077378183118,39.908100008582025,青年路,拼好饭,晚餐
麦田归来·四季轻食（达美中心店）,116.51067707591288,39.93540160495672,青年路,拼好饭,晚餐
老洛阳烩面（朝阳北路店）,116.50881804743058,39.921320815763536,青年路,拼好饭,晚餐
张亮麻辣烫·麻辣拌（朝阳路店）,116.51705503532853,39.916590372110974,青年路,拼好饭,晚餐
掌门·河间火烧（青年路店）,116.51155535735384,39.92637348411588,青年路,拼好饭,晚餐
小巷脆皮鸡双拼饭（第11档口极速云厨美食城店）,116.5115069971644,39.919749617422966,青年路,拼好饭,晚餐
饺子妞·纯手工水饺（B3档口极速云厨美食城）,116.44704079466337,39.917653729986455,青年路,拼好饭,晚餐
川味面馆（大悦城店）,116.50937206821278,39.92132341733257,青年路,拼好饭,晚餐
华莱士·全鸡汉堡（四惠东店）,116.5107467169989,39.90783094250645,青年路,拼好饭,晚餐
披萨革命（朝阳大悦城店）,116.51370023637055,39.924736647992,青年路,拼好饭,晚餐
田老师红烧肉(石佛营店),116.4956331855594,39.92612771852349,青年路,拼好饭,晚餐
廖记棒棒鸡（地道川卤·冷锅串串·朝阳大悦城店）,116.47440585034671,39.89250284298049,青年路,拼好饭,晚餐
饺子妞·纯手工水饺（B3档口极速云厨美食城）,116.44704079466337,39.917653729986455,青年路,拼好饭,晚餐
张亮麻辣烫·麻辣拌（八里庄店）,116.49337719910876,39.921519175522334,青年路,拼好饭,晚餐
张记淮南牛肉汤（第4档口+丽姐美食城店）,116.4460387875876,39.91968952603856,青年路,拼好饭,晚餐
张亮麻辣烫·麻辣拌（朝阳路店）,116.51705503532853,39.916590372110974,青年路,拼好饭,晚餐
虎头军煎饼(青年路店),116.51157451607062,39.92564356856901,青年路,拼好饭,晚餐
高记凉皮油泼面（第一档口+轩盛美食城店）,116.51077378183118,39.908100008582025,青年路,拼好饭,晚餐
麦田归来·四季轻食（达美中心店）,116.51067707591288,39.93540160495672,青年路,拼好饭,晚餐
老洛阳烩面（朝阳北路店）,116.50881804743058,39.921320815763536,青年路,拼好饭,晚餐
张亮麻辣烫·麻辣拌（朝阳路店）,116.51705503532853,39.916590372110974,青年路,拼好饭,晚餐
掌门·河间火烧（青年路店）,116.51155535735384,39.92637348411588,青年路,拼好饭,晚餐
小巷脆皮鸡双拼饭（第11档口极速云厨美食城店）,116.5115069971644,39.919749617422966,青年路,拼好饭,晚餐
饺子妞·纯手工水饺（B3档口极速云厨美食城）,116.44704079466337,39.917653729986455,青年路,拼好饭,晚餐
川味面馆（大悦城店）,116.50937206821278,39.92132341733257,青年路,拼好饭,晚餐
华莱士·全鸡汉堡（四惠东店）,116.5107467169989,39.90783094250645,青年路,拼好饭,晚餐
披萨革命（朝阳大悦城店）,116.51370023637055,39.924736647992,青年路,拼好饭,晚餐
田老师红烧肉(石佛营店),116.4956331855594,39.92612771852349,青年路,拼好饭,晚餐
廖记棒棒鸡（地道川卤·冷锅串串·朝阳大悦城店）,116.47440585034671,39.89250284298049,青年路,拼好饭,晚餐
饺子妞·纯手工水饺（B3档口极速云厨美食城）,116.44704079466337,39.917653729986455,青年路,拼好饭,晚餐
张亮麻辣烫·麻辣拌（八里庄店）,116.49337719910876,39.921519175522334,青年路,拼好饭,晚餐
张记淮南牛肉汤（第4档口+丽姐美食城店）,116.4460387875876,39.91968952603856,青年路,拼好饭,晚餐
张亮麻辣烫·麻辣拌（朝阳路店）,116.51705503532853,39.916590372110974,青年路,拼好饭,晚餐
虎头军煎饼(青年路店),116.51157451607062,39.92564356856901,青年路,拼好饭,晚餐
高记凉皮油泼面（第一档口+轩盛美食城店）,116.51077378183118,39.908100008582025,青年路,拼好饭,晚餐
麦田归来·四季轻食（达美中心店）,116.51067707591288,39.93540160495672,青年路,拼好饭,晚餐
老洛阳烩面（朝阳北路店）,116.50881804743058,39.921320815763536,青年路,拼好饭,晚餐
张亮麻辣烫·麻辣拌（朝阳路店）,116.51705503532853,39.916590372110974,青年路,拼好饭,晚餐
掌门·河间火烧（青年路店）,116.51155535735384,39.92637348411588,青年路,拼好饭,晚餐
小巷脆皮鸡双拼饭（第11档口极速云厨美食城店）,116.5115069971644,39.919749617422966,青年路,拼好饭,晚餐
饺子妞·纯手工水饺（B3档口极速云厨美食城）,116.44704079466337,39.917653729986455,青年路,拼好饭,晚餐
川味面馆（大悦城店）,116.50937206821278,39.92132341733257,青年路,拼好饭,晚餐
华莱士·全鸡汉堡（四惠东店）,116.5107467169989,39.90783094250645,青年路,拼好饭,晚餐
披萨革命（朝阳大悦城店）,116.51370023637055,39.924736647992,青年路,拼好饭,晚餐
田老师红烧肉(石佛营店),116.4956331855594,39.92612771852349,青年路,拼好饭,晚餐
廖记棒棒鸡（地道川卤·冷锅串串·朝阳大悦城店）,116.47440585034671,39.89250284298049,青年路,拼好饭,晚餐
饺子妞·纯手工水饺（B3档口极速云厨美食城）,116.44704079466337,39.917653729986455,青年路,拼好饭,晚餐
张亮麻辣烫·麻辣拌（八里庄店）,116.49337719910876,39.921519175522334,青年路,拼好饭,晚餐
张记淮南牛肉汤（第4档口+丽姐美食城店）,116.4460387875876,39.91968952603856,青年路,拼好饭,晚餐
张亮麻辣烫·麻辣拌（朝阳路店）,116.51705503532853,39.916590372110974,青年路,拼好饭,晚餐
虎头军煎饼(青年路店),116.51157451607062,39.92564356856901,青年路,拼好饭,晚餐
高记凉皮油泼面（第一档口+轩盛美食城店）,116.51077378183118,39.908100008582025,青年路,拼好饭,晚餐
麦田归来·四季轻食（达美中心店）,116.51067707591288,39.93540160495672,青年路,拼好饭,晚餐
老洛阳烩面（朝阳北路店）,116.50881804743058,39.921320815763536,青年路,拼好饭,晚餐
张亮麻辣烫·麻辣拌（朝阳路店）,116.51705503532853,39.916590372110974,青年路,拼好饭,晚餐
掌门·河间火烧（青年路店）,116.51155535735384,39.92637348411588,青年路,拼好饭,晚餐
小巷脆皮鸡双拼饭（第11档口极速云厨美食城店）,116.5115069971644,39.919749617422966,青年路,拼好饭,晚餐
饺子妞·纯手工水饺（B3档口极速云厨美食城）,116.44704079466337,39.917653729986455,青年路,拼好饭,晚餐
川味面馆（大悦城店）,116.50937206821278,39.92132341733257,青年路,拼好饭,晚餐
华莱士·全鸡汉堡（四惠东店）,116.5107467169989,39.90783094250645,青年路,拼好饭,晚餐
披萨革命（朝阳大悦城店）,116.51370023637055,39.924736647992,青年路,拼好饭,晚餐
田老师红烧肉(石佛营店),116.4956331855594,39.92612771852349,青年路,拼好饭,晚餐
廖记棒棒鸡（地道川卤·冷锅串串·朝阳大悦城店）,116.47440585034671,39.89250284298049,青年路,拼好饭,晚餐
饺子妞·纯手工水饺（B3档口极速云厨美食城）,116.44704079466337,39.917653729986455,青年路,拼好饭,晚餐
张亮麻辣烫·麻辣拌（八里庄店）,116.49337719910876,39.921519175522334,青年路,拼好饭,晚餐
张记淮南牛肉汤（第4档口+丽姐美食城店）,116.4460387875876,39.91968952603856,青年路,拼好饭,晚餐
张亮麻辣烫·麻辣拌（朝阳路店）,116.51705503532853,39.916590372110974,青年路,拼好饭,晚餐
虎头军煎饼(青年路店),116.51157451607062,39.92564356856901,青年路,拼好饭,晚餐
高记凉皮油泼面（第一档口+轩盛美食城店）,116.51077378183118,39.908100008582025,青年路,拼好饭,晚餐
麦田归来·四季轻食（达美中心店）,116.51067707591288,39.93540160495672,青年路,拼好饭,晚餐
老洛阳烩面（朝阳北路店）,116.50881804743058,39.921320815763536,青年路,拼好饭,晚餐
张亮麻辣烫·麻辣拌（朝阳路店）,116.51705503532853,39.916590372110974,青年路,拼好饭,晚餐
库迪咖啡(珠江罗马嘉园店),116.51043165922272,39.92343038332162,青年路,神枪手,中午
南城香·饭香串香馄饨香（青年路店）,116.51158656634728,39.92558760528891,青年路,神枪手,中午
爷爷不泡茶（北京朝阳大悦城店）,116.51247206543856,39.92299823622722,青年路,神枪手,中午
田老师红烧肉(石佛营店),116.4956331855594,39.92612771852349,青年路,神枪手,中午
山东临沂铁锅炒鸡鲜鸡现炒,116.51111205765535,39.93207498538749,青年路,神枪手,中午
瑞幸咖啡(青年汇店),116.51155116842688,39.91965074779511,青年路,神枪手,中午
煲仔皇煲仔饭（朝阳大悦城店）,116.5127952361486,39.92288515955789,青年路,神枪手,中午
K22.酸奶草莓（北京远洋未来汇店）,116.4748484344872,39.892671088444594,青年路,神枪手,中午
老乡鸡（北京远洋未来汇店）,116.48591778316626,39.91470927123144,青年路,神枪手,中午
南城香·饭香串香馄饨香（青年路店）,116.51158656634728,39.92558760528891,青年路,神枪手,中午
瑞幸咖啡(青年汇店),116.51155116842688,39.91965074779511,青年路,神枪手,中午
赛百味·三明治（新城市广场店）,116.47103595896158,39.93088477085402,青年路,神枪手,中午
爷爷不泡茶（北京朝阳大悦城店）,116.51247206543856,39.92299823622722,青年路,神枪手,中午
田老师红烧肉(石佛营店),116.4956331855594,39.92612771852349,青年路,神枪手,中午
张小蹄·正宗隆江猪脚饭（石佛营01店）,116.49785026435552,39.928667224279806,青年路,神枪手,中午
库迪咖啡(珠江罗马嘉园店),116.51043165922272,39.92343038332162,青年路,神枪手,中午
库迪咖啡(珠江罗马嘉园店),116.51043165922272,39.92343038332162,青年路,神枪手,中午
南城香·饭香串香馄饨香（青年路店）,116.51158656634728,39.92558760528891,青年路,神枪手,中午
爷爷不泡茶（北京朝阳大悦城店）,116.51247206543856,39.92299823622722,青年路,神枪手,中午
田老师红烧肉(石佛营店),116.4956331855594,39.92612771852349,青年路,神枪手,中午
山东临沂铁锅炒鸡鲜鸡现炒,116.51111205765535,39.93207498538749,青年路,神枪手,中午
瑞幸咖啡(青年汇店),116.51155116842688,39.91965074779511,青年路,神枪手,中午
煲仔皇煲仔饭（朝阳大悦城店）,116.5127952361486,39.92288515955789,青年路,神枪手,中午
K22.酸奶草莓（北京远洋未来汇店）,116.4748484344872,39.892671088444594,青年路,神枪手,中午
老乡鸡（北京远洋未来汇店）,116.48591778316626,39.91470927123144,青年路,神枪手,中午
南城香·饭香串香馄饨香（青年路店）,116.51158656634728,39.92558760528891,青年路,神枪手,中午
瑞幸咖啡(青年汇店),116.51155116842688,39.91965074779511,青年路,神枪手,中午
赛百味·三明治（新城市广场店）,116.47103595896158,39.93088477085402,青年路,神枪手,中午
爷爷不泡茶（北京朝阳大悦城店）,116.51247206543856,39.92299823622722,青年路,神枪手,中午
田老师红烧肉(石佛营店),116.4956331855594,39.92612771852349,青年路,神枪手,中午
张小蹄·正宗隆江猪脚饭（石佛营01店）,116.49785026435552,39.928667224279806,青年路,神枪手,中午
库迪咖啡(珠江罗马嘉园店),116.51043165922272,39.92343038332162,青年路,神枪手,中午
库迪咖啡(珠江罗马嘉园店),116.51043165922272,39.92343038332162,青年路,神枪手,中午
南城香·饭香串香馄饨香（青年路店）,116.51158656634728,39.92558760528891,青年路,神枪手,中午
爷爷不泡茶（北京朝阳大悦城店）,116.51247206543856,39.92299823622722,青年路,神枪手,中午
田老师红烧肉(石佛营店),116.4956331855594,39.92612771852349,青年路,神枪手,中午
山东临沂铁锅炒鸡鲜鸡现炒,116.51111205765535,39.93207498538749,青年路,神枪手,中午
瑞幸咖啡(青年汇店),116.51155116842688,39.91965074779511,青年路,神枪手,中午
煲仔皇煲仔饭（朝阳大悦城店）,116.5127952361486,39.92288515955789,青年路,神枪手,中午
K22.酸奶草莓（北京远洋未来汇店）,116.4748484344872,39.892671088444594,青年路,神枪手,中午
老乡鸡（北京远洋未来汇店）,116.48591778316626,39.91470927123144,青年路,神枪手,中午
南城香·饭香串香馄饨香（青年路店）,116.51158656634728,39.92558760528891,青年路,神枪手,中午
瑞幸咖啡(青年汇店),116.51155116842688,39.91965074779511,青年路,神枪手,中午
赛百味·三明治（新城市广场店）,116.47103595896158,39.93088477085402,青年路,神枪手,中午
爷爷不泡茶（北京朝阳大悦城店）,116.51247206543856,39.92299823622722,青年路,神枪手,中午
田老师红烧肉(石佛营店),116.4956331855594,39.92612771852349,青年路,神枪手,中午
张小蹄·正宗隆江猪脚饭（石佛营01店）,116.49785026435552,39.928667224279806,青年路,神枪手,中午
库迪咖啡(珠江罗马嘉园店),116.51043165922272,39.92343038332162,青年路,神枪手,中午
库迪咖啡(珠江罗马嘉园店),116.51043165922272,39.92343038332162,青年路,神枪手,中午
南城香·饭香串香馄饨香（青年路店）,116.51158656634728,39.92558760528891,青年路,神枪手,中午
爷爷不泡茶（北京朝阳大悦城店）,116.51247206543856,39.92299823622722,青年路,神枪手,中午
田老师红烧肉(石佛营店),116.4956331855594,39.92612771852349,青年路,神枪手,中午
山东临沂铁锅炒鸡鲜鸡现炒,116.51111205765535,39.93207498538749,青年路,神枪手,中午
瑞幸咖啡(青年汇店),116.51155116842688,39.91965074779511,青年路,神枪手,中午
煲仔皇煲仔饭（朝阳大悦城店）,116.5127952361486,39.92288515955789,青年路,神枪手,中午
K22.酸奶草莓（北京远洋未来汇店）,116.4748484344872,39.892671088444594,青年路,神枪手,中午
老乡鸡（北京远洋未来汇店）,116.48591778316626,39.91470927123144,青年路,神枪手,中午
南城香·饭香串香馄饨香（青年路店）,116.51158656634728,39.92558760528891,青年路,神枪手,中午
瑞幸咖啡(青年汇店),116.51155116842688,39.91965074779511,青年路,神枪手,中午
赛百味·三明治（新城市广场店）,116.47103595896158,39.93088477085402,青年路,神枪手,中午
爷爷不泡茶（北京朝阳大悦城店）,116.51247206543856,39.92299823622722,青年路,神枪手,中午
田老师红烧肉(石佛营店),116.4956331855594,39.92612771852349,青年路,神枪手,中午
张小蹄·正宗隆江猪脚饭（石佛营01店）,116.49785026435552,39.928667224279806,青年路,神枪手,中午
库迪咖啡(珠江罗马嘉园店),116.51043165922272,39.92343038332162,青年路,神枪手,中午
库迪咖啡(珠江罗马嘉园店),116.51043165922272,39.92343038332162,青年路,神枪手,中午
南城香·饭香串香馄饨香（青年路店）,116.51158656634728,39.92558760528891,青年路,神枪手,中午
爷爷不泡茶（北京朝阳大悦城店）,116.51247206543856,39.92299823622722,青年路,神枪手,中午
田老师红烧肉(石佛营店),116.4956331855594,39.92612771852349,青年路,神枪手,中午
山东临沂铁锅炒鸡鲜鸡现炒,116.51111205765535,39.93207498538749,青年路,神枪手,中午
瑞幸咖啡(青年汇店),116.51155116842688,39.91965074779511,青年路,神枪手,中午
煲仔皇煲仔饭（朝阳大悦城店）,116.5127952361486,39.92288515955789,青年路,神枪手,中午
K22.酸奶草莓（北京远洋未来汇店）,116.4748484344872,39.892671088444594,青年路,神枪手,中午
老乡鸡（北京远洋未来汇店）,116.48591778316626,39.91470927123144,青年路,神枪手,中午
南城香·饭香串香馄饨香（青年路店）,116.51158656634728,39.92558760528891,青年路,神枪手,中午
瑞幸咖啡(青年汇店),116.51155116842688,39.91965074779511,青年路,神枪手,中午
赛百味·三明治（新城市广场店）,116.47103595896158,39.93088477085402,青年路,神枪手,中午
爷爷不泡茶（北京朝阳大悦城店）,116.51247206543856,39.92299823622722,青年路,神枪手,中午
田老师红烧肉(石佛营店),116.4956331855594,39.92612771852349,青年路,神枪手,中午
张小蹄·正宗隆江猪脚饭（石佛营01店）,116.49785026435552,39.928667224279806,青年路,神枪手,中午
库迪咖啡(珠江罗马嘉园店),116.51043165922272,39.92343038332162,青年路,神枪手,中午
库迪咖啡(珠江罗马嘉园店),116.51043165922272,39.92343038332162,青年路,神枪手,中午
南城香·饭香串香馄饨香（青年路店）,116.51158656634728,39.92558760528891,青年路,神枪手,中午
爷爷不泡茶（北京朝阳大悦城店）,116.51247206543856,39.92299823622722,青年路,神枪手,中午
田老师红烧肉(石佛营店),116.4956331855594,39.92612771852349,青年路,神枪手,中午
山东临沂铁锅炒鸡鲜鸡现炒,116.51111205765535,39.93207498538749,青年路,神枪手,中午
瑞幸咖啡(青年汇店),116.51155116842688,39.91965074779511,青年路,神枪手,中午
煲仔皇煲仔饭（朝阳大悦城店）,116.5127952361486,39.92288515955789,青年路,神枪手,中午
K22.酸奶草莓（北京远洋未来汇店）,116.4748484344872,39.892671088444594,青年路,神枪手,中午
老乡鸡（北京远洋未来汇店）,116.48591778316626,39.91470927123144,青年路,神枪手,中午
南城香·饭香串香馄饨香（青年路店）,116.51158656634728,39.92558760528891,青年路,神枪手,中午
瑞幸咖啡(青年汇店),116.51155116842688,39.91965074779511,青年路,神枪手,中午
赛百味·三明治（新城市广场店）,116.47103595896158,39.93088477085402,青年路,神枪手,中午
爷爷不泡茶（北京朝阳大悦城店）,116.51247206543856,39.92299823622722,青年路,神枪手,中午
田老师红烧肉(石佛营店),116.4956331855594,39.92612771852349,青年路,神枪手,中午
张小蹄·正宗隆江猪脚饭（石佛营01店）,116.49785026435552,39.928667224279806,青年路,神枪手,中午
库迪咖啡(珠江罗马嘉园店),116.51043165922272,39.92343038332162,青年路,神枪手,中午
库迪咖啡(珠江罗马嘉园店),116.51043165922272,39.92343038332162,青年路,神枪手,中午
南城香·饭香串香馄饨香（青年路店）,116.51158656634728,39.92558760528891,青年路,神枪手,中午
爷爷不泡茶（北京朝阳大悦城店）,116.51247206543856,39.92299823622722,青年路,神枪手,中午
田老师红烧肉(石佛营店),116.4956331855594,39.92612771852349,青年路,神枪手,中午
山东临沂铁锅炒鸡鲜鸡现炒,116.51111205765535,39.93207498538749,青年路,神枪手,中午
瑞幸咖啡(青年汇店),116.51155116842688,39.91965074779511,青年路,神枪手,中午
煲仔皇煲仔饭（朝阳大悦城店）,116.5127952361486,39.92288515955789,青年路,神枪手,中午
K22.酸奶草莓（北京远洋未来汇店）,116.4748484344872,39.892671088444594,青年路,神枪手,中午
老乡鸡（北京远洋未来汇店）,116.48591778316626,39.91470927123144,青年路,神枪手,中午
南城香·饭香串香馄饨香（青年路店）,116.51158656634728,39.92558760528891,青年路,神枪手,中午
瑞幸咖啡(青年汇店),116.51155116842688,39.91965074779511,青年路,神枪手,中午
赛百味·三明治（新城市广场店）,116.47103595896158,39.93088477085402,青年路,神枪手,中午
爷爷不泡茶（北京朝阳大悦城店）,116.51247206543856,39.92299823622722,青年路,神枪手,中午
田老师红烧肉(石佛营店),116.4956331855594,39.92612771852349,青年路,神枪手,中午
张小蹄·正宗隆江猪脚饭（石佛营01店）,116.49785026435552,39.928667224279806,青年路,神枪手,中午
库迪咖啡(珠江罗马嘉园店),116.51043165922272,39.92343038332162,青年路,神枪手,中午
库迪咖啡(珠江罗马嘉园店),116.51043165922272,39.92343038332162,青年路,神枪手,中午
南城香·饭香串香馄饨香（青年路店）,116.51158656634728,39.92558760528891,青年路,神枪手,中午
爷爷不泡茶（北京朝阳大悦城店）,116.51247206543856,39.92299823622722,青年路,神枪手,中午
田老师红烧肉(石佛营店),116.4956331855594,39.92612771852349,青年路,神枪手,中午
山东临沂铁锅炒鸡鲜鸡现炒,116.51111205765535,39.93207498538749,青年路,神枪手,中午
瑞幸咖啡(青年汇店),116.51155116842688,39.91965074779511,青年路,神枪手,中午
煲仔皇煲仔饭（朝阳大悦城店）,116.5127952361486,39.92288515955789,青年路,神枪手,中午
K22.酸奶草莓（北京远洋未来汇店）,116.4748484344872,39.892671088444594,青年路,神枪手,中午
老乡鸡（北京远洋未来汇店）,116.48591778316626,39.91470927123144,青年路,神枪手,中午
南城香·饭香串香馄饨香（青年路店）,116.51158656634728,39.92558760528891,青年路,神枪手,中午
瑞幸咖啡(青年汇店),116.51155116842688,39.91965074779511,青年路,神枪手,中午
赛百味·三明治（新城市广场店）,116.47103595896158,39.93088477085402,青年路,神枪手,中午
爷爷不泡茶（北京朝阳大悦城店）,116.51247206543856,39.92299823622722,青年路,神枪手,中午
田老师红烧肉(石佛营店),116.4956331855594,39.92612771852349,青年路,神枪手,中午
张小蹄·正宗隆江猪脚饭（石佛营01店）,116.49785026435552,39.928667224279806,青年路,神枪手,中午
库迪咖啡(珠江罗马嘉园店),116.51043165922272,39.92343038332162,青年路,神枪手,中午
库迪咖啡(珠江罗马嘉园店),116.51043165922272,39.92343038332162,青年路,神枪手,中午
南城香·饭香串香馄饨香（青年路店）,116.51158656634728,39.92558760528891,青年路,神枪手,中午
爷爷不泡茶（北京朝阳大悦城店）,116.51247206543856,39.92299823622722,青年路,神枪手,中午
田老师红烧肉(石佛营店),116.4956331855594,39.92612771852349,青年路,神枪手,中午
山东临沂铁锅炒鸡鲜鸡现炒,116.51111205765535,39.93207498538749,青年路,神枪手,中午
瑞幸咖啡(青年汇店),116.51155116842688,39.91965074779511,青年路,神枪手,中午
煲仔皇煲仔饭（朝阳大悦城店）,116.5127952361486,39.92288515955789,青年路,神枪手,中午
K22.酸奶草莓（北京远洋未来汇店）,116.4748484344872,39.892671088444594,青年路,神枪手,中午
老乡鸡（北京远洋未来汇店）,116.48591778316626,39.91470927123144,青年路,神枪手,中午
南城香·饭香串香馄饨香（青年路店）,116.51158656634728,39.92558760528891,青年路,神枪手,中午
瑞幸咖啡(青年汇店),116.51155116842688,39.91965074779511,青年路,神枪手,中午
赛百味·三明治（新城市广场店）,116.47103595896158,39.93088477085402,青年路,神枪手,中午
爷爷不泡茶（北京朝阳大悦城店）,116.51247206543856,39.92299823622722,青年路,神枪手,中午
田老师红烧肉(石佛营店),116.4956331855594,39.92612771852349,青年路,神枪手,中午
张小蹄·正宗隆江猪脚饭（石佛营01店）,116.49785026435552,39.928667224279806,青年路,神枪手,中午
库迪咖啡(珠江罗马嘉园店),116.51043165922272,39.92343038332162,青年路,神枪手,中午
库迪咖啡(珠江罗马嘉园店),116.51043165922272,39.92343038332162,青年路,神枪手,中午
南城香·饭香串香馄饨香（青年路店）,116.51158656634728,39.92558760528891,青年路,神枪手,中午
爷爷不泡茶（北京朝阳大悦城店）,116.51247206543856,39.92299823622722,青年路,神枪手,中午
田老师红烧肉(石佛营店),116.4956331855594,39.92612771852349,青年路,神枪手,中午
山东临沂铁锅炒鸡鲜鸡现炒,116.51111205765535,39.93207498538749,青年路,神枪手,中午
瑞幸咖啡(青年汇店),116.51155116842688,39.91965074779511,青年路,神枪手,中午
煲仔皇煲仔饭（朝阳大悦城店）,116.5127952361486,39.92288515955789,青年路,神枪手,中午
K22.酸奶草莓（北京远洋未来汇店）,116.4748484344872,39.892671088444594,青年路,神枪手,中午
老乡鸡（北京远洋未来汇店）,116.48591778316626,39.91470927123144,青年路,神枪手,中午
南城香·饭香串香馄饨香（青年路店）,116.51158656634728,39.92558760528891,青年路,神枪手,中午
瑞幸咖啡(青年汇店),116.51155116842688,39.91965074779511,青年路,神枪手,中午
赛百味·三明治（新城市广场店）,116.47103595896158,39.93088477085402,青年路,神枪手,中午
爷爷不泡茶（北京朝阳大悦城店）,116.51247206543856,39.92299823622722,青年路,神枪手,中午
田老师红烧肉(石佛营店),116.4956331855594,39.92612771852349,青年路,神枪手,中午
张小蹄·正宗隆江猪脚饭（石佛营01店）,116.49785026435552,39.928667224279806,青年路,神枪手,中午
库迪咖啡(珠江罗马嘉园店),116.51043165922272,39.92343038332162,青年路,神枪手,中午
华莱士·全鸡汉堡（青年西路店）,116.50727403865469,39.932274888224725,青年路,神枪手,宵夜
一碗香●麻辣香锅●新鲜现炒(国贸店),116.45087329428694,39.912945344507904,青年路,神枪手,宵夜
山东临沂铁锅炒鸡鲜鸡现炒,116.51111205765535,39.93207498538749,青年路,神枪手,宵夜
沪上阿姨·精选茶饮(北京青年汇店）,116.51134428530172,39.920770109848085,青年路,神枪手,宵夜
西部马华牛肉面·烧烤（十里堡店）,116.4934182690206,39.92221326955923,青年路,神枪手,宵夜
Obligi Chicken韩式炸鸡(第14档口-湘彤美食城店),116.45650689431596,39.956471809432216,青年路,神枪手,宵夜
肯德基宅急送（四季星河南街店）,116.51086899793108,39.92541755776435,青年路,神枪手,宵夜
门框百年卤煮（第1风味北京宏伟杰初商贸有限公司）,116.44380085791452,39.9113382684616,青年路,神枪手,宵夜
沪上阿姨·精选茶饮(北京青年汇店）,116.51134428530172,39.920770109848085,青年路,神枪手,宵夜
眉州东坡(尚街店),116.51116825461872,39.91585181034441,青年路,神枪手,宵夜
麦当劳＆麦咖啡（北京青年路店）,116.44956722108908,39.88348674496719,青年路,神枪手,宵夜
西部马华牛肉面·烧烤（十里堡店）,116.4934182690206,39.92221326955923,青年路,神枪手,宵夜
太太好粥（大望路店）,116.45563210318656,39.95695067679474,青年路,神枪手,宵夜
肯德基宅急送（四季星河南街店）,116.51086899793108,39.92541755776435,青年路,神枪手,宵夜
Obligi Chicken韩式炸鸡(第14档口-湘彤美食城店),116.45650689431596,39.956471809432216,青年路,神枪手,宵夜
华莱士·全鸡汉堡（青年西路店）,116.50727403865469,39.932274888224725,青年路,神枪手,宵夜
一碗香●麻辣香锅●新鲜现炒(国贸店),116.45087329428694,39.912945344507904,青年路,神枪手,宵夜
山东临沂铁锅炒鸡鲜鸡现炒,116.51111205765535,39.93207498538749,青年路,神枪手,宵夜
沪上阿姨·精选茶饮(北京青年汇店）,116.51134428530172,39.920770109848085,青年路,神枪手,宵夜
西部马华牛肉面·烧烤（十里堡店）,116.4934182690206,39.92221326955923,青年路,神枪手,宵夜
Obligi Chicken韩式炸鸡(第14档口-湘彤美食城店),116.45650689431596,39.956471809432216,青年路,神枪手,宵夜
肯德基宅急送（四季星河南街店）,116.51086899793108,39.92541755776435,青年路,神枪手,宵夜
门框百年卤煮（第1风味北京宏伟杰初商贸有限公司）,116.44380085791452,39.9113382684616,青年路,神枪手,宵夜
沪上阿姨·精选茶饮(北京青年汇店）,116.51134428530172,39.920770109848085,青年路,神枪手,宵夜
眉州东坡(尚街店),116.51116825461872,39.91585181034441,青年路,神枪手,宵夜
麦当劳＆麦咖啡（北京青年路店）,116.44956722108908,39.88348674496719,青年路,神枪手,宵夜
西部马华牛肉面·烧烤（十里堡店）,116.4934182690206,39.92221326955923,青年路,神枪手,宵夜
太太好粥（大望路店）,116.45563210318656,39.95695067679474,青年路,神枪手,宵夜
肯德基宅急送（四季星河南街店）,116.51086899793108,39.92541755776435,青年路,神枪手,宵夜
Obligi Chicken韩式炸鸡(第14档口-湘彤美食城店),116.45650689431596,39.956471809432216,青年路,神枪手,宵夜
华莱士·全鸡汉堡（青年西路店）,116.50727403865469,39.932274888224725,青年路,神枪手,宵夜
一碗香●麻辣香锅●新鲜现炒(国贸店),116.45087329428694,39.912945344507904,青年路,神枪手,宵夜
山东临沂铁锅炒鸡鲜鸡现炒,116.51111205765535,39.93207498538749,青年路,神枪手,宵夜
沪上阿姨·精选茶饮(北京青年汇店）,116.51134428530172,39.920770109848085,青年路,神枪手,宵夜
西部马华牛肉面·烧烤（十里堡店）,116.4934182690206,39.92221326955923,青年路,神枪手,宵夜
Obligi Chicken韩式炸鸡(第14档口-湘彤美食城店),116.45650689431596,39.956471809432216,青年路,神枪手,宵夜
肯德基宅急送（四季星河南街店）,116.51086899793108,39.92541755776435,青年路,神枪手,宵夜
门框百年卤煮（第1风味北京宏伟杰初商贸有限公司）,116.44380085791452,39.9113382684616,青年路,神枪手,宵夜
沪上阿姨·精选茶饮(北京青年汇店）,116.51134428530172,39.920770109848085,青年路,神枪手,宵夜
眉州东坡(尚街店),116.51116825461872,39.91585181034441,青年路,神枪手,宵夜
麦当劳＆麦咖啡（北京青年路店）,116.44956722108908,39.88348674496719,青年路,神枪手,宵夜
西部马华牛肉面·烧烤（十里堡店）,116.4934182690206,39.92221326955923,青年路,神枪手,宵夜
太太好粥（大望路店）,116.45563210318656,39.95695067679474,青年路,神枪手,宵夜
肯德基宅急送（四季星河南街店）,116.51086899793108,39.92541755776435,青年路,神枪手,宵夜
Obligi Chicken韩式炸鸡(第14档口-湘彤美食城店),116.45650689431596,39.956471809432216,青年路,神枪手,宵夜
华莱士·全鸡汉堡（青年西路店）,116.50727403865469,39.932274888224725,青年路,神枪手,宵夜
一碗香●麻辣香锅●新鲜现炒(国贸店),116.45087329428694,39.912945344507904,青年路,神枪手,宵夜
山东临沂铁锅炒鸡鲜鸡现炒,116.51111205765535,39.93207498538749,青年路,神枪手,宵夜
沪上阿姨·精选茶饮(北京青年汇店）,116.51134428530172,39.920770109848085,青年路,神枪手,宵夜
西部马华牛肉面·烧烤（十里堡店）,116.4934182690206,39.92221326955923,青年路,神枪手,宵夜
Obligi Chicken韩式炸鸡(第14档口-湘彤美食城店),116.45650689431596,39.956471809432216,青年路,神枪手,宵夜
肯德基宅急送（四季星河南街店）,116.51086899793108,39.92541755776435,青年路,神枪手,宵夜
门框百年卤煮（第1风味北京宏伟杰初商贸有限公司）,116.44380085791452,39.9113382684616,青年路,神枪手,宵夜
沪上阿姨·精选茶饮(北京青年汇店）,116.51134428530172,39.920770109848085,青年路,神枪手,宵夜
眉州东坡(尚街店),116.51116825461872,39.91585181034441,青年路,神枪手,宵夜
麦当劳＆麦咖啡（北京青年路店）,116.44956722108908,39.88348674496719,青年路,神枪手,宵夜
西部马华牛肉面·烧烤（十里堡店）,116.4934182690206,39.92221326955923,青年路,神枪手,宵夜
太太好粥（大望路店）,116.45563210318656,39.95695067679474,青年路,神枪手,宵夜
肯德基宅急送（四季星河南街店）,116.51086899793108,39.92541755776435,青年路,神枪手,宵夜
Obligi Chicken韩式炸鸡(第14档口-湘彤美食城店),116.45650689431596,39.956471809432216,青年路,神枪手,宵夜
华莱士·全鸡汉堡（青年西路店）,116.50727403865469,39.932274888224725,青年路,神枪手,宵夜
一碗香●麻辣香锅●新鲜现炒(国贸店),116.45087329428694,39.912945344507904,青年路,神枪手,宵夜
山东临沂铁锅炒鸡鲜鸡现炒,116.51111205765535,39.93207498538749,青年路,神枪手,宵夜
沪上阿姨·精选茶饮(北京青年汇店）,116.51134428530172,39.920770109848085,青年路,神枪手,宵夜
西部马华牛肉面·烧烤（十里堡店）,116.4934182690206,39.92221326955923,青年路,神枪手,宵夜
Obligi Chicken韩式炸鸡(第14档口-湘彤美食城店),116.45650689431596,39.956471809432216,青年路,神枪手,宵夜
肯德基宅急送（四季星河南街店）,116.51086899793108,39.92541755776435,青年路,神枪手,宵夜
门框百年卤煮（第1风味北京宏伟杰初商贸有限公司）,116.44380085791452,39.9113382684616,青年路,神枪手,宵夜
沪上阿姨·精选茶饮(北京青年汇店）,116.51134428530172,39.920770109848085,青年路,神枪手,宵夜
眉州东坡(尚街店),116.51116825461872,39.91585181034441,青年路,神枪手,宵夜
麦当劳＆麦咖啡（北京青年路店）,116.44956722108908,39.88348674496719,青年路,神枪手,宵夜
西部马华牛肉面·烧烤（十里堡店）,116.4934182690206,39.92221326955923,青年路,神枪手,宵夜
太太好粥（大望路店）,116.45563210318656,39.95695067679474,青年路,神枪手,宵夜
肯德基宅急送（四季星河南街店）,116.51086899793108,39.92541755776435,青年路,神枪手,宵夜
Obligi Chicken韩式炸鸡(第14档口-湘彤美食城店),116.45650689431596,39.956471809432216,青年路,神枪手,宵夜
华莱士·全鸡汉堡（青年西路店）,116.50727403865469,39.932274888224725,青年路,神枪手,宵夜
一碗香●麻辣香锅●新鲜现炒(国贸店),116.45087329428694,39.912945344507904,青年路,神枪手,宵夜
山东临沂铁锅炒鸡鲜鸡现炒,116.51111205765535,39.93207498538749,青年路,神枪手,宵夜
沪上阿姨·精选茶饮(北京青年汇店）,116.51134428530172,39.920770109848085,青年路,神枪手,宵夜
西部马华牛肉面·烧烤（十里堡店）,116.4934182690206,39.92221326955923,青年路,神枪手,宵夜
Obligi Chicken韩式炸鸡(第14档口-湘彤美食城店),116.45650689431596,39.956471809432216,青年路,神枪手,宵夜
肯德基宅急送（四季星河南街店）,116.51086899793108,39.92541755776435,青年路,神枪手,宵夜
门框百年卤煮（第1风味北京宏伟杰初商贸有限公司）,116.44380085791452,39.9113382684616,青年路,神枪手,宵夜
沪上阿姨·精选茶饮(北京青年汇店）,116.51134428530172,39.920770109848085,青年路,神枪手,宵夜
眉州东坡(尚街店),116.51116825461872,39.91585181034441,青年路,神枪手,宵夜
麦当劳＆麦咖啡（北京青年路店）,116.44956722108908,39.88348674496719,青年路,神枪手,宵夜
西部马华牛肉面·烧烤（十里堡店）,116.4934182690206,39.92221326955923,青年路,神枪手,宵夜
太太好粥（大望路店）,116.45563210318656,39.95695067679474,青年路,神枪手,宵夜
肯德基宅急送（四季星河南街店）,116.51086899793108,39.92541755776435,青年路,神枪手,宵夜
Obligi Chicken韩式炸鸡(第14档口-湘彤美食城店),116.45650689431596,39.956471809432216,青年路,神枪手,宵夜
华莱士·全鸡汉堡（青年西路店）,116.50727403865469,39.932274888224725,青年路,神枪手,宵夜
一碗香●麻辣香锅●新鲜现炒(国贸店),116.45087329428694,39.912945344507904,青年路,神枪手,宵夜
山东临沂铁锅炒鸡鲜鸡现炒,116.51111205765535,39.93207498538749,青年路,神枪手,宵夜
沪上阿姨·精选茶饮(北京青年汇店）,116.51134428530172,39.920770109848085,青年路,神枪手,宵夜
西部马华牛肉面·烧烤（十里堡店）,116.4934182690206,39.92221326955923,青年路,神枪手,宵夜
Obligi Chicken韩式炸鸡(第14档口-湘彤美食城店),116.45650689431596,39.956471809432216,青年路,神枪手,宵夜
肯德基宅急送（四季星河南街店）,116.51086899793108,39.92541755776435,青年路,神枪手,宵夜
门框百年卤煮（第1风味北京宏伟杰初商贸有限公司）,116.44380085791452,39.9113382684616,青年路,神枪手,宵夜
沪上阿姨·精选茶饮(北京青年汇店）,116.51134428530172,39.920770109848085,青年路,神枪手,宵夜
眉州东坡(尚街店),116.51116825461872,39.91585181034441,青年路,神枪手,宵夜
麦当劳＆麦咖啡（北京青年路店）,116.44956722108908,39.88348674496719,青年路,神枪手,宵夜
西部马华牛肉面·烧烤（十里堡店）,116.4934182690206,39.92221326955923,青年路,神枪手,宵夜
太太好粥（大望路店）,116.45563210318656,39.95695067679474,青年路,神枪手,宵夜
肯德基宅急送（四季星河南街店）,116.51086899793108,39.92541755776435,青年路,神枪手,宵夜
Obligi Chicken韩式炸鸡(第14档口-湘彤美食城店),116.45650689431596,39.956471809432216,青年路,神枪手,宵夜
华莱士·全鸡汉堡（青年西路店）,116.50727403865469,39.932274888224725,青年路,神枪手,宵夜
一碗香●麻辣香锅●新鲜现炒(国贸店),116.45087329428694,39.912945344507904,青年路,神枪手,宵夜
山东临沂铁锅炒鸡鲜鸡现炒,116.51111205765535,39.93207498538749,青年路,神枪手,宵夜
沪上阿姨·精选茶饮(北京青年汇店）,116.51134428530172,39.920770109848085,青年路,神枪手,宵夜
西部马华牛肉面·烧烤（十里堡店）,116.4934182690206,39.92221326955923,青年路,神枪手,宵夜
Obligi Chicken韩式炸鸡(第14档口-湘彤美食城店),116.45650689431596,39.956471809432216,青年路,神枪手,宵夜
肯德基宅急送（四季星河南街店）,116.51086899793108,39.92541755776435,青年路,神枪手,宵夜
门框百年卤煮（第1风味北京宏伟杰初商贸有限公司）,116.44380085791452,39.9113382684616,青年路,神枪手,宵夜
沪上阿姨·精选茶饮(北京青年汇店）,116.51134428530172,39.920770109848085,青年路,神枪手,宵夜
眉州东坡(尚街店),116.51116825461872,39.91585181034441,青年路,神枪手,宵夜
麦当劳＆麦咖啡（北京青年路店）,116.44956722108908,39.88348674496719,青年路,神枪手,宵夜
西部马华牛肉面·烧烤（十里堡店）,116.4934182690206,39.92221326955923,青年路,神枪手,宵夜
太太好粥（大望路店）,116.45563210318656,39.95695067679474,青年路,神枪手,宵夜
肯德基宅急送（四季星河南街店）,116.51086899793108,39.92541755776435,青年路,神枪手,宵夜
Obligi Chicken韩式炸鸡(第14档口-湘彤美食城店),116.45650689431596,39.956471809432216,青年路,神枪手,宵夜
华莱士·全鸡汉堡（青年西路店）,116.50727403865469,39.932274888224725,青年路,神枪手,宵夜
一碗香●麻辣香锅●新鲜现炒(国贸店),116.45087329428694,39.912945344507904,青年路,神枪手,宵夜
山东临沂铁锅炒鸡鲜鸡现炒,116.51111205765535,39.93207498538749,青年路,神枪手,宵夜
沪上阿姨·精选茶饮(北京青年汇店）,116.51134428530172,39.920770109848085,青年路,神枪手,宵夜
西部马华牛肉面·烧烤（十里堡店）,116.4934182690206,39.92221326955923,青年路,神枪手,宵夜
Obligi Chicken韩式炸鸡(第14档口-湘彤美食城店),116.45650689431596,39.956471809432216,青年路,神枪手,宵夜
肯德基宅急送（四季星河南街店）,116.51086899793108,39.92541755776435,青年路,神枪手,宵夜
门框百年卤煮（第1风味北京宏伟杰初商贸有限公司）,116.44380085791452,39.9113382684616,青年路,神枪手,宵夜
沪上阿姨·精选茶饮(北京青年汇店）,116.51134428530172,39.920770109848085,青年路,神枪手,宵夜
眉州东坡(尚街店),116.51116825461872,39.91585181034441,青年路,神枪手,宵夜
麦当劳＆麦咖啡（北京青年路店）,116.44956722108908,39.88348674496719,青年路,神枪手,宵夜
西部马华牛肉面·烧烤（十里堡店）,116.4934182690206,39.92221326955923,青年路,神枪手,宵夜
太太好粥（大望路店）,116.45563210318656,39.95695067679474,青年路,神枪手,宵夜
肯德基宅急送（四季星河南街店）,116.51086899793108,39.92541755776435,青年路,神枪手,宵夜
Obligi Chicken韩式炸鸡(第14档口-湘彤美食城店),116.45650689431596,39.956471809432216,青年路,神枪手,宵夜
华莱士·全鸡汉堡（青年西路店）,116.50727403865469,39.932274888224725,青年路,神枪手,宵夜
一碗香●麻辣香锅●新鲜现炒(国贸店),116.45087329428694,39.912945344507904,青年路,神枪手,宵夜
山东临沂铁锅炒鸡鲜鸡现炒,116.51111205765535,39.93207498538749,青年路,神枪手,宵夜
沪上阿姨·精选茶饮(北京青年汇店）,116.51134428530172,39.920770109848085,青年路,神枪手,宵夜
西部马华牛肉面·烧烤（十里堡店）,116.4934182690206,39.92221326955923,青年路,神枪手,宵夜
Obligi Chicken韩式炸鸡(第14档口-湘彤美食城店),116.45650689431596,39.956471809432216,青年路,神枪手,宵夜
肯德基宅急送（四季星河南街店）,116.51086899793108,39.92541755776435,青年路,神枪手,宵夜
门框百年卤煮（第1风味北京宏伟杰初商贸有限公司）,116.44380085791452,39.9113382684616,青年路,神枪手,宵夜
沪上阿姨·精选茶饮(北京青年汇店）,116.51134428530172,39.920770109848085,青年路,神枪手,宵夜
眉州东坡(尚街店),116.51116825461872,39.91585181034441,青年路,神枪手,宵夜
麦当劳＆麦咖啡（北京青年路店）,116.44956722108908,39.88348674496719,青年路,神枪手,宵夜
西部马华牛肉面·烧烤（十里堡店）,116.4934182690206,39.92221326955923,青年路,神枪手,宵夜
太太好粥（大望路店）,116.45563210318656,39.95695067679474,青年路,神枪手,宵夜
肯德基宅急送（四季星河南街店）,116.51086899793108,39.92541755776435,青年路,神枪手,宵夜
Obligi Chicken韩式炸鸡(第14档口-湘彤美食城店),116.45650689431596,39.956471809432216,青年路,神枪手,宵夜
南城香·饭香串香馄饨香（丰台大悦春风里店）,116.35939213032763,39.8080209428952,青年路,神枪手,晚餐
库迪咖啡(北京新宫店),116.50937933158104,39.92752718494437,青年路,神枪手,晚餐
门框胡同百年卤煮（嘉园路店）,116.45655266120032,39.92768906000055,青年路,神枪手,晚餐
田老师红烧肉(丰台南苑西路店),116.3609677345487,39.806734899624544,青年路,神枪手,晚餐
汉堡王（槐房万达23266店）,116.36049663756724,39.81346502564512,青年路,神枪手,晚餐
瑞幸咖啡(槐房西路万达广场店),116.36266734339004,39.81250723410746,青年路,神枪手,晚餐
金百万烤鸭·春饼（角门店）,116.51057699030947,39.933151407491344,青年路,神枪手,晚餐
南城香·饭香串香馄饨香（丰台大悦春风里店）,116.35939213032763,39.8080209428952,青年路,神枪手,晚餐
沪上阿姨·精选茶饮(槐房万达店),116.36073728535436,39.813189721834846,青年路,神枪手,晚餐
华莱士·全鸡汉堡（鸿坤广场店）,116.333792556311,39.79020501659451,青年路,神枪手,晚餐
杨记老门框百年卤煮（西红门店）,116.35842018533609,39.83616433272074,青年路,神枪手,晚餐
库迪咖啡(北京新宫店),116.50937933158104,39.92752718494437,青年路,神枪手,晚餐
田老师红烧肉(丰台南苑西路店),116.3609677345487,39.806734899624544,青年路,神枪手,晚餐
京派鲜卤（西红门店）,116.33416773092031,39.79802566330509,青年路,神枪手,晚餐
汉堡王（槐房万达23266店）,116.36049663756724,39.81346502564512,青年路,神枪手,晚餐
瑞幸咖啡(槐房西路万达广场店),116.36266734339004,39.81250723410746,青年路,神枪手,晚餐
紫光园·烤鸭（马家堡西里店）,116.5120628760948,39.92073116402058,青年路,神枪手,晚餐
南城香·饭香串香馄饨香（丰台大悦春风里店）,116.35939213032763,39.8080209428952,青年路,神枪手,晚餐
喜茶（北京槐房万达店）,116.36138128020936,39.813027874674425,青年路,神枪手,晚餐
老乡鸡（北京鸿坤广场购物中心店）,116.33412479133727,39.7903673823138,青年路,神枪手,晚餐
南城香·饭香串香馄饨香（丰台大悦春风里店）,116.35939213032763,39.8080209428952,青年路,神枪手,晚餐
库迪咖啡(北京新宫店),116.50937933158104,39.92752718494437,青年路,神枪手,晚餐
门框胡同百年卤煮（嘉园路店）,116.45655266120032,39.92768906000055,青年路,神枪手,晚餐
田老师红烧肉(丰台南苑西路店),116.3609677345487,39.806734899624544,青年路,神枪手,晚餐
汉堡王（槐房万达23266店）,116.36049663756724,39.81346502564512,青年路,神枪手,晚餐
瑞幸咖啡(槐房西路万达广场店),116.36266734339004,39.81250723410746,青年路,神枪手,晚餐
金百万烤鸭·春饼（角门店）,116.51057699030947,39.933151407491344,青年路,神枪手,晚餐
南城香·饭香串香馄饨香（丰台大悦春风里店）,116.35939213032763,39.8080209428952,青年路,神枪手,晚餐
沪上阿姨·精选茶饮(槐房万达店),116.36073728535436,39.813189721834846,青年路,神枪手,晚餐
华莱士·全鸡汉堡（鸿坤广场店）,116.333792556311,39.79020501659451,青年路,神枪手,晚餐
杨记老门框百年卤煮（西红门店）,116.35842018533609,39.83616433272074,青年路,神枪手,晚餐
库迪咖啡(北京新宫店),116.50937933158104,39.92752718494437,青年路,神枪手,晚餐
田老师红烧肉(丰台南苑西路店),116.3609677345487,39.806734899624544,青年路,神枪手,晚餐
京派鲜卤（西红门店）,116.33416773092031,39.79802566330509,青年路,神枪手,晚餐
汉堡王（槐房万达23266店）,116.36049663756724,39.81346502564512,青年路,神枪手,晚餐
瑞幸咖啡(槐房西路万达广场店),116.36266734339004,39.81250723410746,青年路,神枪手,晚餐
紫光园·烤鸭（马家堡西里店）,116.5120628760948,39.92073116402058,青年路,神枪手,晚餐
南城香·饭香串香馄饨香（丰台大悦春风里店）,116.35939213032763,39.8080209428952,青年路,神枪手,晚餐
喜茶（北京槐房万达店）,116.36138128020936,39.813027874674425,青年路,神枪手,晚餐
老乡鸡（北京鸿坤广场购物中心店）,116.33412479133727,39.7903673823138,青年路,神枪手,晚餐
南城香·饭香串香馄饨香（丰台大悦春风里店）,116.35939213032763,39.8080209428952,青年路,神枪手,晚餐
库迪咖啡(北京新宫店),116.50937933158104,39.92752718494437,青年路,神枪手,晚餐
门框胡同百年卤煮（嘉园路店）,116.45655266120032,39.92768906000055,青年路,神枪手,晚餐
田老师红烧肉(丰台南苑西路店),116.3609677345487,39.806734899624544,青年路,神枪手,晚餐
汉堡王（槐房万达23266店）,116.36049663756724,39.81346502564512,青年路,神枪手,晚餐
瑞幸咖啡(槐房西路万达广场店),116.36266734339004,39.81250723410746,青年路,神枪手,晚餐
金百万烤鸭·春饼（角门店）,116.51057699030947,39.933151407491344,青年路,神枪手,晚餐
南城香·饭香串香馄饨香（丰台大悦春风里店）,116.35939213032763,39.8080209428952,青年路,神枪手,晚餐
沪上阿姨·精选茶饮(槐房万达店),116.36073728535436,39.813189721834846,青年路,神枪手,晚餐
华莱士·全鸡汉堡（鸿坤广场店）,116.333792556311,39.79020501659451,青年路,神枪手,晚餐
杨记老门框百年卤煮（西红门店）,116.35842018533609,39.83616433272074,青年路,神枪手,晚餐
库迪咖啡(北京新宫店),116.50937933158104,39.92752718494437,青年路,神枪手,晚餐
田老师红烧肉(丰台南苑西路店),116.3609677345487,39.806734899624544,青年路,神枪手,晚餐
京派鲜卤（西红门店）,116.33416773092031,39.79802566330509,青年路,神枪手,晚餐
汉堡王（槐房万达23266店）,116.36049663756724,39.81346502564512,青年路,神枪手,晚餐
瑞幸咖啡(槐房西路万达广场店),116.36266734339004,39.81250723410746,青年路,神枪手,晚餐
紫光园·烤鸭（马家堡西里店）,116.5120628760948,39.92073116402058,青年路,神枪手,晚餐
南城香·饭香串香馄饨香（丰台大悦春风里店）,116.35939213032763,39.8080209428952,青年路,神枪手,晚餐
喜茶（北京槐房万达店）,116.36138128020936,39.813027874674425,青年路,神枪手,晚餐
老乡鸡（北京鸿坤广场购物中心店）,116.33412479133727,39.7903673823138,青年路,神枪手,晚餐
南城香·饭香串香馄饨香（丰台大悦春风里店）,116.35939213032763,39.8080209428952,青年路,神枪手,晚餐
库迪咖啡(北京新宫店),116.50937933158104,39.92752718494437,青年路,神枪手,晚餐
门框胡同百年卤煮（嘉园路店）,116.45655266120032,39.92768906000055,青年路,神枪手,晚餐
田老师红烧肉(丰台南苑西路店),116.3609677345487,39.806734899624544,青年路,神枪手,晚餐
汉堡王（槐房万达23266店）,116.36049663756724,39.81346502564512,青年路,神枪手,晚餐
瑞幸咖啡(槐房西路万达广场店),116.36266734339004,39.81250723410746,青年路,神枪手,晚餐
金百万烤鸭·春饼（角门店）,116.51057699030947,39.933151407491344,青年路,神枪手,晚餐
南城香·饭香串香馄饨香（丰台大悦春风里店）,116.35939213032763,39.8080209428952,青年路,神枪手,晚餐
沪上阿姨·精选茶饮(槐房万达店),116.36073728535436,39.813189721834846,青年路,神枪手,晚餐
华莱士·全鸡汉堡（鸿坤广场店）,116.333792556311,39.79020501659451,青年路,神枪手,晚餐
杨记老门框百年卤煮（西红门店）,116.35842018533609,39.83616433272074,青年路,神枪手,晚餐
库迪咖啡(北京新宫店),116.50937933158104,39.92752718494437,青年路,神枪手,晚餐
田老师红烧肉(丰台南苑西路店),116.3609677345487,39.806734899624544,青年路,神枪手,晚餐
京派鲜卤（西红门店）,116.33416773092031,39.79802566330509,青年路,神枪手,晚餐
汉堡王（槐房万达23266店）,116.36049663756724,39.81346502564512,青年路,神枪手,晚餐
瑞幸咖啡(槐房西路万达广场店),116.36266734339004,39.81250723410746,青年路,神枪手,晚餐
紫光园·烤鸭（马家堡西里店）,116.5120628760948,39.92073116402058,青年路,神枪手,晚餐
南城香·饭香串香馄饨香（丰台大悦春风里店）,116.35939213032763,39.8080209428952,青年路,神枪手,晚餐
喜茶（北京槐房万达店）,116.36138128020936,39.813027874674425,青年路,神枪手,晚餐
老乡鸡（北京鸿坤广场购物中心店）,116.33412479133727,39.7903673823138,青年路,神枪手,晚餐
南城香·饭香串香馄饨香（丰台大悦春风里店）,116.35939213032763,39.8080209428952,青年路,神枪手,晚餐
库迪咖啡(北京新宫店),116.50937933158104,39.92752718494437,青年路,神枪手,晚餐
门框胡同百年卤煮（嘉园路店）,116.45655266120032,39.92768906000055,青年路,神枪手,晚餐
田老师红烧肉(丰台南苑西路店),116.3609677345487,39.806734899624544,青年路,神枪手,晚餐
汉堡王（槐房万达23266店）,116.36049663756724,39.81346502564512,青年路,神枪手,晚餐
瑞幸咖啡(槐房西路万达广场店),116.36266734339004,39.81250723410746,青年路,神枪手,晚餐
金百万烤鸭·春饼（角门店）,116.51057699030947,39.933151407491344,青年路,神枪手,晚餐
南城香·饭香串香馄饨香（丰台大悦春风里店）,116.35939213032763,39.8080209428952,青年路,神枪手,晚餐
沪上阿姨·精选茶饮(槐房万达店),116.36073728535436,39.813189721834846,青年路,神枪手,晚餐
华莱士·全鸡汉堡（鸿坤广场店）,116.333792556311,39.79020501659451,青年路,神枪手,晚餐
杨记老门框百年卤煮（西红门店）,116.35842018533609,39.83616433272074,青年路,神枪手,晚餐
库迪咖啡(北京新宫店),116.50937933158104,39.92752718494437,青年路,神枪手,晚餐
田老师红烧肉(丰台南苑西路店),116.3609677345487,39.806734899624544,青年路,神枪手,晚餐
京派鲜卤（西红门店）,116.33416773092031,39.79802566330509,青年路,神枪手,晚餐
汉堡王（槐房万达23266店）,116.36049663756724,39.81346502564512,青年路,神枪手,晚餐
瑞幸咖啡(槐房西路万达广场店),116.36266734339004,39.81250723410746,青年路,神枪手,晚餐
紫光园·烤鸭（马家堡西里店）,116.5120628760948,39.92073116402058,青年路,神枪手,晚餐
南城香·饭香串香馄饨香（丰台大悦春风里店）,116.35939213032763,39.8080209428952,青年路,神枪手,晚餐
喜茶（北京槐房万达店）,116.36138128020936,39.813027874674425,青年路,神枪手,晚餐
老乡鸡（北京鸿坤广场购物中心店）,116.33412479133727,39.7903673823138,青年路,神枪手,晚餐
南城香·饭香串香馄饨香（丰台大悦春风里店）,116.35939213032763,39.8080209428952,青年路,神枪手,晚餐
库迪咖啡(北京新宫店),116.50937933158104,39.92752718494437,青年路,神枪手,晚餐
门框胡同百年卤煮（嘉园路店）,116.45655266120032,39.92768906000055,青年路,神枪手,晚餐
田老师红烧肉(丰台南苑西路店),116.3609677345487,39.806734899624544,青年路,神枪手,晚餐
汉堡王（槐房万达23266店）,116.36049663756724,39.81346502564512,青年路,神枪手,晚餐
瑞幸咖啡(槐房西路万达广场店),116.36266734339004,39.81250723410746,青年路,神枪手,晚餐
金百万烤鸭·春饼（角门店）,116.51057699030947,39.933151407491344,青年路,神枪手,晚餐
南城香·饭香串香馄饨香（丰台大悦春风里店）,116.35939213032763,39.8080209428952,青年路,神枪手,晚餐
沪上阿姨·精选茶饮(槐房万达店),116.36073728535436,39.813189721834846,青年路,神枪手,晚餐
华莱士·全鸡汉堡（鸿坤广场店）,116.333792556311,39.79020501659451,青年路,神枪手,晚餐
杨记老门框百年卤煮（西红门店）,116.35842018533609,39.83616433272074,青年路,神枪手,晚餐
库迪咖啡(北京新宫店),116.50937933158104,39.92752718494437,青年路,神枪手,晚餐
田老师红烧肉(丰台南苑西路店),116.3609677345487,39.806734899624544,青年路,神枪手,晚餐
京派鲜卤（西红门店）,116.33416773092031,39.79802566330509,青年路,神枪手,晚餐
汉堡王（槐房万达23266店）,116.36049663756724,39.81346502564512,青年路,神枪手,晚餐
瑞幸咖啡(槐房西路万达广场店),116.36266734339004,39.81250723410746,青年路,神枪手,晚餐
紫光园·烤鸭（马家堡西里店）,116.5120628760948,39.92073116402058,青年路,神枪手,晚餐
南城香·饭香串香馄饨香（丰台大悦春风里店）,116.35939213032763,39.8080209428952,青年路,神枪手,晚餐
喜茶（北京槐房万达店）,116.36138128020936,39.813027874674425,青年路,神枪手,晚餐
老乡鸡（北京鸿坤广场购物中心店）,116.33412479133727,39.7903673823138,青年路,神枪手,晚餐
南城香·饭香串香馄饨香（丰台大悦春风里店）,116.35939213032763,39.8080209428952,青年路,神枪手,晚餐
库迪咖啡(北京新宫店),116.50937933158104,39.92752718494437,青年路,神枪手,晚餐
门框胡同百年卤煮（嘉园路店）,116.45655266120032,39.92768906000055,青年路,神枪手,晚餐
田老师红烧肉(丰台南苑西路店),116.3609677345487,39.806734899624544,青年路,神枪手,晚餐
汉堡王（槐房万达23266店）,116.36049663756724,39.81346502564512,青年路,神枪手,晚餐
瑞幸咖啡(槐房西路万达广场店),116.36266734339004,39.81250723410746,青年路,神枪手,晚餐
金百万烤鸭·春饼（角门店）,116.51057699030947,39.933151407491344,青年路,神枪手,晚餐
南城香·饭香串香馄饨香（丰台大悦春风里店）,116.35939213032763,39.8080209428952,青年路,神枪手,晚餐
沪上阿姨·精选茶饮(槐房万达店),116.36073728535436,39.813189721834846,青年路,神枪手,晚餐
华莱士·全鸡汉堡（鸿坤广场店）,116.333792556311,39.79020501659451,青年路,神枪手,晚餐
杨记老门框百年卤煮（西红门店）,116.35842018533609,39.83616433272074,青年路,神枪手,晚餐
库迪咖啡(北京新宫店),116.50937933158104,39.92752718494437,青年路,神枪手,晚餐
田老师红烧肉(丰台南苑西路店),116.3609677345487,39.806734899624544,青年路,神枪手,晚餐
京派鲜卤（西红门店）,116.33416773092031,39.79802566330509,青年路,神枪手,晚餐
汉堡王（槐房万达23266店）,116.36049663756724,39.81346502564512,青年路,神枪手,晚餐
瑞幸咖啡(槐房西路万达广场店),116.36266734339004,39.81250723410746,青年路,神枪手,晚餐
紫光园·烤鸭（马家堡西里店）,116.5120628760948,39.92073116402058,青年路,神枪手,晚餐
南城香·饭香串香馄饨香（丰台大悦春风里店）,116.35939213032763,39.8080209428952,青年路,神枪手,晚餐
喜茶（北京槐房万达店）,116.36138128020936,39.813027874674425,青年路,神枪手,晚餐
老乡鸡（北京鸿坤广场购物中心店）,116.33412479133727,39.7903673823138,青年路,神枪手,晚餐
南城香·饭香串香馄饨香（丰台大悦春风里店）,116.35939213032763,39.8080209428952,青年路,神枪手,晚餐
库迪咖啡(北京新宫店),116.50937933158104,39.92752718494437,青年路,神枪手,晚餐
门框胡同百年卤煮（嘉园路店）,116.45655266120032,39.92768906000055,青年路,神枪手,晚餐
田老师红烧肉(丰台南苑西路店),116.3609677345487,39.806734899624544,青年路,神枪手,晚餐
汉堡王（槐房万达23266店）,116.36049663756724,39.81346502564512,青年路,神枪手,晚餐
瑞幸咖啡(槐房西路万达广场店),116.36266734339004,39.81250723410746,青年路,神枪手,晚餐
金百万烤鸭·春饼（角门店）,116.51057699030947,39.933151407491344,青年路,神枪手,晚餐
南城香·饭香串香馄饨香（丰台大悦春风里店）,116.35939213032763,39.8080209428952,青年路,神枪手,晚餐
沪上阿姨·精选茶饮(槐房万达店),116.36073728535436,39.813189721834846,青年路,神枪手,晚餐
华莱士·全鸡汉堡（鸿坤广场店）,116.333792556311,39.79020501659451,青年路,神枪手,晚餐
杨记老门框百年卤煮（西红门店）,116.35842018533609,39.83616433272074,青年路,神枪手,晚餐
库迪咖啡(北京新宫店),116.50937933158104,39.92752718494437,青年路,神枪手,晚餐
田老师红烧肉(丰台南苑西路店),116.3609677345487,39.806734899624544,青年路,神枪手,晚餐
京派鲜卤（西红门店）,116.33416773092031,39.79802566330509,青年路,神枪手,晚餐
汉堡王（槐房万达23266店）,116.36049663756724,39.81346502564512,青年路,神枪手,晚餐
瑞幸咖啡(槐房西路万达广场店),116.36266734339004,39.81250723410746,青年路,神枪手,晚餐
紫光园·烤鸭（马家堡西里店）,116.5120628760948,39.92073116402058,青年路,神枪手,晚餐
南城香·饭香串香馄饨香（丰台大悦春风里店）,116.35939213032763,39.8080209428952,青年路,神枪手,晚餐
喜茶（北京槐房万达店）,116.36138128020936,39.813027874674425,青年路,神枪手,晚餐
老乡鸡（北京鸿坤广场购物中心店）,116.33412479133727,39.7903673823138,青年路,神枪手,晚餐
南城香·饭香串香馄饨香（丰台大悦春风里店）,116.35939213032763,39.8080209428952,青年路,神枪手,晚餐
库迪咖啡(北京新宫店),116.50937933158104,39.92752718494437,青年路,神枪手,晚餐
门框胡同百年卤煮（嘉园路店）,116.45655266120032,39.92768906000055,青年路,神枪手,晚餐
田老师红烧肉(丰台南苑西路店),116.3609677345487,39.806734899624544,青年路,神枪手,晚餐
汉堡王（槐房万达23266店）,116.36049663756724,39.81346502564512,青年路,神枪手,晚餐
瑞幸咖啡(槐房西路万达广场店),116.36266734339004,39.81250723410746,青年路,神枪手,晚餐
金百万烤鸭·春饼（角门店）,116.51057699030947,39.933151407491344,青年路,神枪手,晚餐
南城香·饭香串香馄饨香（丰台大悦春风里店）,116.35939213032763,39.8080209428952,青年路,神枪手,晚餐
沪上阿姨·精选茶饮(槐房万达店),116.36073728535436,39.813189721834846,青年路,神枪手,晚餐
华莱士·全鸡汉堡（鸿坤广场店）,116.333792556311,39.79020501659451,青年路,神枪手,晚餐
杨记老门框百年卤煮（西红门店）,116.35842018533609,39.83616433272074,青年路,神枪手,晚餐
库迪咖啡(北京新宫店),116.50937933158104,39.92752718494437,青年路,神枪手,晚餐
田老师红烧肉(丰台南苑西路店),116.3609677345487,39.806734899624544,青年路,神枪手,晚餐
京派鲜卤（西红门店）,116.33416773092031,39.79802566330509,青年路,神枪手,晚餐
汉堡王（槐房万达23266店）,116.36049663756724,39.81346502564512,青年路,神枪手,晚餐
瑞幸咖啡(槐房西路万达广场店),116.36266734339004,39.81250723410746,青年路,神枪手,晚餐
紫光园·烤鸭（马家堡西里店）,116.5120628760948,39.92073116402058,青年路,神枪手,晚餐
南城香·饭香串香馄饨香（丰台大悦春风里店）,116.35939213032763,39.8080209428952,青年路,神枪手,晚餐
喜茶（北京槐房万达店）,116.36138128020936,39.813027874674425,青年路,神枪手,晚餐
老乡鸡（北京鸿坤广场购物中心店）,116.33412479133727,39.7903673823138,青年路,神枪手,晚餐
南城香·饭香串香馄饨香（丰台大悦春风里店）,116.35939213032763,39.8080209428952,青年路,神枪手,晚餐
库迪咖啡(北京新宫店),116.50937933158104,39.92752718494437,青年路,神枪手,晚餐
门框胡同百年卤煮（嘉园路店）,116.45655266120032,39.92768906000055,青年路,神枪手,晚餐
田老师红烧肉(丰台南苑西路店),116.3609677345487,39.806734899624544,青年路,神枪手,晚餐
汉堡王（槐房万达23266店）,116.36049663756724,39.81346502564512,青年路,神枪手,晚餐
瑞幸咖啡(槐房西路万达广场店),116.36266734339004,39.81250723410746,青年路,神枪手,晚餐
金百万烤鸭·春饼（角门店）,116.51057699030947,39.933151407491344,青年路,神枪手,晚餐
南城香·饭香串香馄饨香（丰台大悦春风里店）,116.35939213032763,39.8080209428952,青年路,神枪手,晚餐
沪上阿姨·精选茶饮(槐房万达店),116.36073728535436,39.813189721834846,青年路,神枪手,晚餐
华莱士·全鸡汉堡（鸿坤广场店）,116.333792556311,39.79020501659451,青年路,神枪手,晚餐
杨记老门框百年卤煮（西红门店）,116.35842018533609,39.83616433272074,青年路,神枪手,晚餐
库迪咖啡(北京新宫店),116.50937933158104,39.92752718494437,青年路,神枪手,晚餐
田老师红烧肉(丰台南苑西路店),116.3609677345487,39.806734899624544,青年路,神枪手,晚餐
京派鲜卤（西红门店）,116.33416773092031,39.79802566330509,青年路,神枪手,晚餐
汉堡王（槐房万达23266店）,116.36049663756724,39.81346502564512,青年路,神枪手,晚餐
瑞幸咖啡(槐房西路万达广场店),116.36266734339004,39.81250723410746,青年路,神枪手,晚餐
紫光园·烤鸭（马家堡西里店）,116.5120628760948,39.92073116402058,青年路,神枪手,晚餐
南城香·饭香串香馄饨香（丰台大悦春风里店）,116.35939213032763,39.8080209428952,青年路,神枪手,晚餐
喜茶（北京槐房万达店）,116.36138128020936,39.813027874674425,青年路,神枪手,晚餐
老乡鸡（北京鸿坤广场购物中心店）,116.33412479133727,39.7903673823138,青年路,神枪手,晚餐
袁记云饺(朝阳大悦城店),116.51157654439062,39.92547258132948,青年路,美食推荐,中午
眉州东坡(尚街店),116.51116825461872,39.91585181034441,青年路,美食推荐,中午
曼玲粥店（青年路店）,116.51155535735384,39.92637348411588,青年路,美食推荐,中午
煲仔皇煲仔饭（朝阳大悦城店）,116.5127952361486,39.92288515955789,青年路,美食推荐,中午
陈记小肠卤煮,116.4977799896986,39.92874001205994,青年路,美食推荐,中午
匠熙小馆（石佛营店）,116.4931783331906,39.93049121752245,青年路,美食推荐,中午
老乡鸡（北京远洋未来汇店）,116.48591778316626,39.91470927123144,青年路,美食推荐,中午
鱼你在一起(朝阳四季星河南街店),116.5136751179356,39.92497356732775,青年路,美食推荐,中午
拾里稻中式健康菜(第2档口-新亿美食城店),116.51055891303906,39.93324735173087,青年路,美食推荐,中午
李先生牛肉面大王（北京青年路店）,116.51146880365798,39.92020448940024,青年路,美食推荐,中午
紫光园·青年小馆,116.5120628760948,39.92073116402058,青年路,美食推荐,中午
嘎嘎香东北老饭盒（青年路店）,116.51058300470886,39.933211422361424,青年路,美食推荐,中午
张正发茶餐厅（北京八里庄店）,116.4893688990113,39.91420153231383,青年路,美食推荐,中午
湾里小厨·现炒盒饭·砂锅（百子湾店）,116.49716552006886,39.897548503023856,青年路,美食推荐,中午
达美乐比萨（石佛营店）,116.490181339114,39.927428405495306,青年路,美食推荐,中午
煲仔皇煲仔饭（住邦店）,116.4894181171476,39.91394668947832,青年路,美食推荐,中午
袁记云饺(朝阳大悦城店),116.51157654439062,39.92547258132948,青年路,美食推荐,中午
眉州东坡(尚街店),116.51116825461872,39.91585181034441,青年路,美食推荐,中午
曼玲粥店（青年路店）,116.51155535735384,39.92637348411588,青年路,美食推荐,中午
煲仔皇煲仔饭（朝阳大悦城店）,116.5127952361486,39.92288515955789,青年路,美食推荐,中午
陈记小肠卤煮,116.4977799896986,39.92874001205994,青年路,美食推荐,中午
匠熙小馆（石佛营店）,116.4931783331906,39.93049121752245,青年路,美食推荐,中午
老乡鸡（北京远洋未来汇店）,116.48591778316626,39.91470927123144,青年路,美食推荐,中午
鱼你在一起(朝阳四季星河南街店),116.5136751179356,39.92497356732775,青年路,美食推荐,中午
拾里稻中式健康菜(第2档口-新亿美食城店),116.51055891303906,39.93324735173087,青年路,美食推荐,中午
李先生牛肉面大王（北京青年路店）,116.51146880365798,39.92020448940024,青年路,美食推荐,中午
紫光园·青年小馆,116.5120628760948,39.92073116402058,青年路,美食推荐,中午
嘎嘎香东北老饭盒（青年路店）,116.51058300470886,39.933211422361424,青年路,美食推荐,中午
张正发茶餐厅（北京八里庄店）,116.4893688990113,39.91420153231383,青年路,美食推荐,中午
湾里小厨·现炒盒饭·砂锅（百子湾店）,116.49716552006886,39.897548503023856,青年路,美食推荐,中午
达美乐比萨（石佛营店）,116.490181339114,39.927428405495306,青年路,美食推荐,中午
煲仔皇煲仔饭（住邦店）,116.4894181171476,39.91394668947832,青年路,美食推荐,中午
袁记云饺(朝阳大悦城店),116.51157654439062,39.92547258132948,青年路,美食推荐,中午
眉州东坡(尚街店),116.51116825461872,39.91585181034441,青年路,美食推荐,中午
曼玲粥店（青年路店）,116.51155535735384,39.92637348411588,青年路,美食推荐,中午
煲仔皇煲仔饭（朝阳大悦城店）,116.5127952361486,39.92288515955789,青年路,美食推荐,中午
陈记小肠卤煮,116.4977799896986,39.92874001205994,青年路,美食推荐,中午
匠熙小馆（石佛营店）,116.4931783331906,39.93049121752245,青年路,美食推荐,中午
老乡鸡（北京远洋未来汇店）,116.48591778316626,39.91470927123144,青年路,美食推荐,中午
鱼你在一起(朝阳四季星河南街店),116.5136751179356,39.92497356732775,青年路,美食推荐,中午
拾里稻中式健康菜(第2档口-新亿美食城店),116.51055891303906,39.93324735173087,青年路,美食推荐,中午
李先生牛肉面大王（北京青年路店）,116.51146880365798,39.92020448940024,青年路,美食推荐,中午
紫光园·青年小馆,116.5120628760948,39.92073116402058,青年路,美食推荐,中午
嘎嘎香东北老饭盒（青年路店）,116.51058300470886,39.933211422361424,青年路,美食推荐,中午
张正发茶餐厅（北京八里庄店）,116.4893688990113,39.91420153231383,青年路,美食推荐,中午
湾里小厨·现炒盒饭·砂锅（百子湾店）,116.49716552006886,39.897548503023856,青年路,美食推荐,中午
达美乐比萨（石佛营店）,116.490181339114,39.927428405495306,青年路,美食推荐,中午
煲仔皇煲仔饭（住邦店）,116.4894181171476,39.91394668947832,青年路,美食推荐,中午
袁记云饺(朝阳大悦城店),116.51157654439062,39.92547258132948,青年路,美食推荐,中午
眉州东坡(尚街店),116.51116825461872,39.91585181034441,青年路,美食推荐,中午
曼玲粥店（青年路店）,116.51155535735384,39.92637348411588,青年路,美食推荐,中午
煲仔皇煲仔饭（朝阳大悦城店）,116.5127952361486,39.92288515955789,青年路,美食推荐,中午
陈记小肠卤煮,116.4977799896986,39.92874001205994,青年路,美食推荐,中午
匠熙小馆（石佛营店）,116.4931783331906,39.93049121752245,青年路,美食推荐,中午
老乡鸡（北京远洋未来汇店）,116.48591778316626,39.91470927123144,青年路,美食推荐,中午
鱼你在一起(朝阳四季星河南街店),116.5136751179356,39.92497356732775,青年路,美食推荐,中午
拾里稻中式健康菜(第2档口-新亿美食城店),116.51055891303906,39.93324735173087,青年路,美食推荐,中午
李先生牛肉面大王（北京青年路店）,116.51146880365798,39.92020448940024,青年路,美食推荐,中午
紫光园·青年小馆,116.5120628760948,39.92073116402058,青年路,美食推荐,中午
嘎嘎香东北老饭盒（青年路店）,116.51058300470886,39.933211422361424,青年路,美食推荐,中午
张正发茶餐厅（北京八里庄店）,116.4893688990113,39.91420153231383,青年路,美食推荐,中午
湾里小厨·现炒盒饭·砂锅（百子湾店）,116.49716552006886,39.897548503023856,青年路,美食推荐,中午
达美乐比萨（石佛营店）,116.490181339114,39.927428405495306,青年路,美食推荐,中午
煲仔皇煲仔饭（住邦店）,116.4894181171476,39.91394668947832,青年路,美食推荐,中午
袁记云饺(朝阳大悦城店),116.51157654439062,39.92547258132948,青年路,美食推荐,中午
眉州东坡(尚街店),116.51116825461872,39.91585181034441,青年路,美食推荐,中午
曼玲粥店（青年路店）,116.51155535735384,39.92637348411588,青年路,美食推荐,中午
煲仔皇煲仔饭（朝阳大悦城店）,116.5127952361486,39.92288515955789,青年路,美食推荐,中午
陈记小肠卤煮,116.4977799896986,39.92874001205994,青年路,美食推荐,中午
匠熙小馆（石佛营店）,116.4931783331906,39.93049121752245,青年路,美食推荐,中午
老乡鸡（北京远洋未来汇店）,116.48591778316626,39.91470927123144,青年路,美食推荐,中午
鱼你在一起(朝阳四季星河南街店),116.5136751179356,39.92497356732775,青年路,美食推荐,中午
拾里稻中式健康菜(第2档口-新亿美食城店),116.51055891303906,39.93324735173087,青年路,美食推荐,中午
李先生牛肉面大王（北京青年路店）,116.51146880365798,39.92020448940024,青年路,美食推荐,中午
紫光园·青年小馆,116.5120628760948,39.92073116402058,青年路,美食推荐,中午
嘎嘎香东北老饭盒（青年路店）,116.51058300470886,39.933211422361424,青年路,美食推荐,中午
张正发茶餐厅（北京八里庄店）,116.4893688990113,39.91420153231383,青年路,美食推荐,中午
湾里小厨·现炒盒饭·砂锅（百子湾店）,116.49716552006886,39.897548503023856,青年路,美食推荐,中午
达美乐比萨（石佛营店）,116.490181339114,39.927428405495306,青年路,美食推荐,中午
煲仔皇煲仔饭（住邦店）,116.4894181171476,39.91394668947832,青年路,美食推荐,中午
一碗低脂de海南鸡饭（十里堡店）,116.52233981424472,39.91831065823006,青年路,美食推荐,中午
庆丰包子铺（石佛营路店）,116.49565024228195,39.92619176680094,青年路,美食推荐,中午
牛约堡-手作牛肉汉堡（慈云寺店）,116.48999516864968,39.91504436094045,青年路,美食推荐,中午
黑金叉烧·超级焖肉饭（第八档口美食城店）,116.48849588641396,39.919886699500005,青年路,美食推荐,中午
吉野家(朝阳路),116.5232319629884,39.91673908917623,青年路,美食推荐,中午
紫光园（十里堡店）,116.4988125982342,39.914913654073054,青年路,美食推荐,中午
麦当劳＆麦咖啡（北京青年路店）,116.44956722108908,39.88348674496719,青年路,美食推荐,中午
1980老盒饭（第14号财满街美食城店）,116.52518538947808,39.91640121820039,青年路,美食推荐,中午
塔斯汀·中国汉堡(佳亿青年汇店),116.51143159536116,39.920808358052575,青年路,美食推荐,中午
大东北水饺自选（第9档口青年汇民美食城店）,116.50699737329634,39.92128652832378,青年路,美食推荐,中午
张小蹄·正宗隆江猪脚饭（石佛营01店）,116.49785026435552,39.928667224279806,青年路,美食推荐,中午
犟骨头排骨饭（四惠店）,116.50435492416813,39.91047024417109,青年路,美食推荐,中午
潮粤肠粉·广式茶点·粥·靓汤（第7档口浣熊食堂美食城店）,116.48904196472476,39.91980832612748,青年路,美食推荐,中午
紫光园（石佛营店）,116.49626292582094,39.931348385917865,青年路,美食推荐,中午
左庭右院鲜牛肉烫捞(北京朝阳大悦城店),116.51204653496517,39.92303002287925,青年路,美食推荐,中午
庆丰包子铺（住邦2000店）,116.48841832828056,39.91395771621104,青年路,美食推荐,中午
魏家凉皮(八里庄店),116.49000520683305,39.91504339086976,青年路,美食推荐,中午
一碗低脂de海南鸡饭（十里堡店）,116.52233981424472,39.91831065823006,青年路,美食推荐,中午
庆丰包子铺（石佛营路店）,116.49565024228195,39.92619176680094,青年路,美食推荐,中午
牛约堡-手作牛肉汉堡（慈云寺店）,116.48999516864968,39.91504436094045,青年路,美食推荐,中午
黑金叉烧·超级焖肉饭（第八档口美食城店）,116.48849588641396,39.919886699500005,青年路,美食推荐,中午
吉野家(朝阳路),116.5232319629884,39.91673908917623,青年路,美食推荐,中午
紫光园（十里堡店）,116.4988125982342,39.914913654073054,青年路,美食推荐,中午
麦当劳＆麦咖啡（北京青年路店）,116.44956722108908,39.88348674496719,青年路,美食推荐,中午
1980老盒饭（第14号财满街美食城店）,116.52518538947808,39.91640121820039,青年路,美食推荐,中午
塔斯汀·中国汉堡(佳亿青年汇店),116.51143159536116,39.920808358052575,青年路,美食推荐,中午
大东北水饺自选（第9档口青年汇民美食城店）,116.50699737329634,39.92128652832378,青年路,美食推荐,中午
张小蹄·正宗隆江猪脚饭（石佛营01店）,116.49785026435552,39.928667224279806,青年路,美食推荐,中午
犟骨头排骨饭（四惠店）,116.50435492416813,39.91047024417109,青年路,美食推荐,中午
潮粤肠粉·广式茶点·粥·靓汤（第7档口浣熊食堂美食城店）,116.48904196472476,39.91980832612748,青年路,美食推荐,中午
紫光园（石佛营店）,116.49626292582094,39.931348385917865,青年路,美食推荐,中午
左庭右院鲜牛肉烫捞(北京朝阳大悦城店),116.51204653496517,39.92303002287925,青年路,美食推荐,中午
庆丰包子铺（住邦2000店）,116.48841832828056,39.91395771621104,青年路,美食推荐,中午
魏家凉皮(八里庄店),116.49000520683305,39.91504339086976,青年路,美食推荐,中午
一碗低脂de海南鸡饭（十里堡店）,116.52233981424472,39.91831065823006,青年路,美食推荐,中午
庆丰包子铺（石佛营路店）,116.49565024228195,39.92619176680094,青年路,美食推荐,中午
牛约堡-手作牛肉汉堡（慈云寺店）,116.48999516864968,39.91504436094045,青年路,美食推荐,中午
黑金叉烧·超级焖肉饭（第八档口美食城店）,116.48849588641396,39.919886699500005,青年路,美食推荐,中午
吉野家(朝阳路),116.5232319629884,39.91673908917623,青年路,美食推荐,中午
紫光园（十里堡店）,116.4988125982342,39.914913654073054,青年路,美食推荐,中午
麦当劳＆麦咖啡（北京青年路店）,116.44956722108908,39.88348674496719,青年路,美食推荐,中午
1980老盒饭（第14号财满街美食城店）,116.52518538947808,39.91640121820039,青年路,美食推荐,中午
塔斯汀·中国汉堡(佳亿青年汇店),116.51143159536116,39.920808358052575,青年路,美食推荐,中午
大东北水饺自选（第9档口青年汇民美食城店）,116.50699737329634,39.92128652832378,青年路,美食推荐,中午
张小蹄·正宗隆江猪脚饭（石佛营01店）,116.49785026435552,39.928667224279806,青年路,美食推荐,中午
犟骨头排骨饭（四惠店）,116.50435492416813,39.91047024417109,青年路,美食推荐,中午
潮粤肠粉·广式茶点·粥·靓汤（第7档口浣熊食堂美食城店）,116.48904196472476,39.91980832612748,青年路,美食推荐,中午
紫光园（石佛营店）,116.49626292582094,39.931348385917865,青年路,美食推荐,中午
左庭右院鲜牛肉烫捞(北京朝阳大悦城店),116.51204653496517,39.92303002287925,青年路,美食推荐,中午
庆丰包子铺（住邦2000店）,116.48841832828056,39.91395771621104,青年路,美食推荐,中午
魏家凉皮(八里庄店),116.49000520683305,39.91504339086976,青年路,美食推荐,中午
一碗低脂de海南鸡饭（十里堡店）,116.52233981424472,39.91831065823006,青年路,美食推荐,中午
庆丰包子铺（石佛营路店）,116.49565024228195,39.92619176680094,青年路,美食推荐,中午
牛约堡-手作牛肉汉堡（慈云寺店）,116.48999516864968,39.91504436094045,青年路,美食推荐,中午
黑金叉烧·超级焖肉饭（第八档口美食城店）,116.48849588641396,39.919886699500005,青年路,美食推荐,中午
吉野家(朝阳路),116.5232319629884,39.91673908917623,青年路,美食推荐,中午
紫光园（十里堡店）,116.4988125982342,39.914913654073054,青年路,美食推荐,中午
麦当劳＆麦咖啡（北京青年路店）,116.44956722108908,39.88348674496719,青年路,美食推荐,中午
1980老盒饭（第14号财满街美食城店）,116.52518538947808,39.91640121820039,青年路,美食推荐,中午
塔斯汀·中国汉堡(佳亿青年汇店),116.51143159536116,39.920808358052575,青年路,美食推荐,中午
大东北水饺自选（第9档口青年汇民美食城店）,116.50699737329634,39.92128652832378,青年路,美食推荐,中午
张小蹄·正宗隆江猪脚饭（石佛营01店）,116.49785026435552,39.928667224279806,青年路,美食推荐,中午
犟骨头排骨饭（四惠店）,116.50435492416813,39.91047024417109,青年路,美食推荐,中午
潮粤肠粉·广式茶点·粥·靓汤（第7档口浣熊食堂美食城店）,116.48904196472476,39.91980832612748,青年路,美食推荐,中午
紫光园（石佛营店）,116.49626292582094,39.931348385917865,青年路,美食推荐,中午
左庭右院鲜牛肉烫捞(北京朝阳大悦城店),116.51204653496517,39.92303002287925,青年路,美食推荐,中午
庆丰包子铺（住邦2000店）,116.48841832828056,39.91395771621104,青年路,美食推荐,中午
魏家凉皮(八里庄店),116.49000520683305,39.91504339086976,青年路,美食推荐,中午
米村拌饭（姚家园万象汇店）,116.5106543867372,39.9403363438065,青年路,美食推荐,中午
犟骨头排骨饭（朝阳大悦城店）,116.5118747196359,39.92464046686575,青年路,美食推荐,中午
赛百味（十里堡店）,116.49554360875882,39.928045373603055,青年路,美食推荐,中午
农耕记·湖南现炒外卖（第十档口今世美食城店）,116.51092553630892,39.93083450066125,青年路,美食推荐,中午
南京大牌档（华贸购物中心店）,116.47414297844615,39.90789641644788,青年路,美食推荐,中午
披萨革命（朝阳大悦城店）,116.51370023637055,39.924736647992,青年路,美食推荐,中午
汕荣记.潮汕牛肉粿条(八里庄店),116.47277126357125,39.906052637792605,青年路,美食推荐,中午
广东烧腊快餐厅,116.53138585755852,39.915821840217184,青年路,美食推荐,中午
方砖厂69号炸酱面（华贸购物中心店),116.47588431056612,39.90787035843238,青年路,美食推荐,中午
德聚轩·北京烤鸭,116.51155535735384,39.92637348411588,青年路,美食推荐,中午
小鲜港·港式餐厅,116.50606636383483,39.90970729558652,青年路,美食推荐,中午
赛百味·三明治（新城市广场店）,116.47103595896158,39.93088477085402,青年路,美食推荐,中午
南城香·饭香串香馄饨香（青年路店）,116.51158656634728,39.92558760528891,青年路,美食推荐,中午
超意兴·把子肉（青年路店）,116.50791342546177,39.93196776017333,青年路,美食推荐,中午
肯德基宅急送(甘露园店）,116.51110403177796,39.91577862945034,青年路,美食推荐,中午
赣饭人·江西小炒（第02档口乐食美食城店）,116.5115822738056,39.91970483446645,青年路,美食推荐,中午
肯德基宅急送（四季星河南街店）,116.51086899793108,39.92541755776435,青年路,美食推荐,宵夜
窑鸡王（百子湾店）,116.504680186528,39.90191657090266,青年路,美食推荐,宵夜
美蛙四季（管庄店）,116.57721709134348,39.9143733385098,青年路,美食推荐,宵夜
塔斯汀·中国汉堡(佳亿青年汇店),116.51143159536116,39.920808358052575,青年路,美食推荐,宵夜
赖小面•川菜•重庆面馆（十里堡店）,116.49537380111984,39.92128814258167,青年路,美食推荐,宵夜
闽粤海鲜·蒸汽麻辣小海鲜(第8档口+新亿美食城店）,116.59934733280878,39.91338573465258,青年路,美食推荐,宵夜
山东临沂铁锅炒鸡鲜鸡现炒,116.51111205765535,39.93207498538749,青年路,美食推荐,宵夜
麦当劳＆麦咖啡（北京青年路店）,116.44956722108908,39.88348674496719,青年路,美食推荐,宵夜
河间驴肉火烧（铭基国际店）,116.49343240859967,39.92151934025506,青年路,美食推荐,宵夜
鸡柳大人（朝阳路味嘉风味6店）,116.52816679615214,39.91715781289096,青年路,美食推荐,宵夜
肯德基宅急送(石佛营店）,116.496292126483,39.93062050223219,青年路,美食推荐,宵夜
OligeiChicken韩式炸鸡（北京大悦城店）,116.50846627369287,39.93340930663043,青年路,美食推荐,宵夜
潮粤肠粉·广式茶点·粥·靓汤（第7档口浣熊食堂美食城店）,116.48904196472476,39.91980832612748,青年路,美食推荐,宵夜
山西刀削面,116.51186970159527,39.92464045254506,青年路,美食推荐,宵夜
一碗香●麻辣香锅●新鲜现炒(国贸店),116.45087329428694,39.912945344507904,青年路,美食推荐,宵夜
锦州烧烤·免费50串·海鲜小龙虾,116.50807908186412,39.9153189230862,青年路,美食推荐,宵夜
曼玲粥店（青年路店）,116.51155535735384,39.92637348411588,青年路,美食推荐,宵夜
肯德基宅急送（四季星河南街店）,116.51086899793108,39.92541755776435,青年路,美食推荐,宵夜
窑鸡王（百子湾店）,116.504680186528,39.90191657090266,青年路,美食推荐,宵夜
美蛙四季（管庄店）,116.57721709134348,39.9143733385098,青年路,美食推荐,宵夜
塔斯汀·中国汉堡(佳亿青年汇店),116.51143159536116,39.920808358052575,青年路,美食推荐,宵夜
赖小面•川菜•重庆面馆（十里堡店）,116.49537380111984,39.92128814258167,青年路,美食推荐,宵夜
闽粤海鲜·蒸汽麻辣小海鲜(第8档口+新亿美食城店）,116.59934733280878,39.91338573465258,青年路,美食推荐,宵夜
山东临沂铁锅炒鸡鲜鸡现炒,116.51111205765535,39.93207498538749,青年路,美食推荐,宵夜
麦当劳＆麦咖啡（北京青年路店）,116.44956722108908,39.88348674496719,青年路,美食推荐,宵夜
河间驴肉火烧（铭基国际店）,116.49343240859967,39.92151934025506,青年路,美食推荐,宵夜
鸡柳大人（朝阳路味嘉风味6店）,116.52816679615214,39.91715781289096,青年路,美食推荐,宵夜
肯德基宅急送(石佛营店）,116.496292126483,39.93062050223219,青年路,美食推荐,宵夜
OligeiChicken韩式炸鸡（北京大悦城店）,116.50846627369287,39.93340930663043,青年路,美食推荐,宵夜
潮粤肠粉·广式茶点·粥·靓汤（第7档口浣熊食堂美食城店）,116.48904196472476,39.91980832612748,青年路,美食推荐,宵夜
山西刀削面,116.51186970159527,39.92464045254506,青年路,美食推荐,宵夜
一碗香●麻辣香锅●新鲜现炒(国贸店),116.45087329428694,39.912945344507904,青年路,美食推荐,宵夜
锦州烧烤·免费50串·海鲜小龙虾,116.50807908186412,39.9153189230862,青年路,美食推荐,宵夜
曼玲粥店（青年路店）,116.51155535735384,39.92637348411588,青年路,美食推荐,宵夜
肯德基宅急送（四季星河南街店）,116.51086899793108,39.92541755776435,青年路,美食推荐,宵夜
窑鸡王（百子湾店）,116.504680186528,39.90191657090266,青年路,美食推荐,宵夜
美蛙四季（管庄店）,116.57721709134348,39.9143733385098,青年路,美食推荐,宵夜
塔斯汀·中国汉堡(佳亿青年汇店),116.51143159536116,39.920808358052575,青年路,美食推荐,宵夜
赖小面•川菜•重庆面馆（十里堡店）,116.49537380111984,39.92128814258167,青年路,美食推荐,宵夜
闽粤海鲜·蒸汽麻辣小海鲜(第8档口+新亿美食城店）,116.59934733280878,39.91338573465258,青年路,美食推荐,宵夜
山东临沂铁锅炒鸡鲜鸡现炒,116.51111205765535,39.93207498538749,青年路,美食推荐,宵夜
麦当劳＆麦咖啡（北京青年路店）,116.44956722108908,39.88348674496719,青年路,美食推荐,宵夜
河间驴肉火烧（铭基国际店）,116.49343240859967,39.92151934025506,青年路,美食推荐,宵夜
鸡柳大人（朝阳路味嘉风味6店）,116.52816679615214,39.91715781289096,青年路,美食推荐,宵夜
肯德基宅急送(石佛营店）,116.496292126483,39.93062050223219,青年路,美食推荐,宵夜
OligeiChicken韩式炸鸡（北京大悦城店）,116.50846627369287,39.93340930663043,青年路,美食推荐,宵夜
潮粤肠粉·广式茶点·粥·靓汤（第7档口浣熊食堂美食城店）,116.48904196472476,39.91980832612748,青年路,美食推荐,宵夜
山西刀削面,116.51186970159527,39.92464045254506,青年路,美食推荐,宵夜
一碗香●麻辣香锅●新鲜现炒(国贸店),116.45087329428694,39.912945344507904,青年路,美食推荐,宵夜
锦州烧烤·免费50串·海鲜小龙虾,116.50807908186412,39.9153189230862,青年路,美食推荐,宵夜
曼玲粥店（青年路店）,116.51155535735384,39.92637348411588,青年路,美食推荐,宵夜
肯德基宅急送（四季星河南街店）,116.51086899793108,39.92541755776435,青年路,美食推荐,宵夜
窑鸡王（百子湾店）,116.504680186528,39.90191657090266,青年路,美食推荐,宵夜
美蛙四季（管庄店）,116.57721709134348,39.9143733385098,青年路,美食推荐,宵夜
塔斯汀·中国汉堡(佳亿青年汇店),116.51143159536116,39.920808358052575,青年路,美食推荐,宵夜
赖小面•川菜•重庆面馆（十里堡店）,116.49537380111984,39.92128814258167,青年路,美食推荐,宵夜
闽粤海鲜·蒸汽麻辣小海鲜(第8档口+新亿美食城店）,116.59934733280878,39.91338573465258,青年路,美食推荐,宵夜
山东临沂铁锅炒鸡鲜鸡现炒,116.51111205765535,39.93207498538749,青年路,美食推荐,宵夜
麦当劳＆麦咖啡（北京青年路店）,116.44956722108908,39.88348674496719,青年路,美食推荐,宵夜
河间驴肉火烧（铭基国际店）,116.49343240859967,39.92151934025506,青年路,美食推荐,宵夜
鸡柳大人（朝阳路味嘉风味6店）,116.52816679615214,39.91715781289096,青年路,美食推荐,宵夜
肯德基宅急送(石佛营店）,116.496292126483,39.93062050223219,青年路,美食推荐,宵夜
OligeiChicken韩式炸鸡（北京大悦城店）,116.50846627369287,39.93340930663043,青年路,美食推荐,宵夜
潮粤肠粉·广式茶点·粥·靓汤（第7档口浣熊食堂美食城店）,116.48904196472476,39.91980832612748,青年路,美食推荐,宵夜
山西刀削面,116.51186970159527,39.92464045254506,青年路,美食推荐,宵夜
一碗香●麻辣香锅●新鲜现炒(国贸店),116.45087329428694,39.912945344507904,青年路,美食推荐,宵夜
锦州烧烤·免费50串·海鲜小龙虾,116.50807908186412,39.9153189230862,青年路,美食推荐,宵夜
曼玲粥店（青年路店）,116.51155535735384,39.92637348411588,青年路,美食推荐,宵夜
沙县小吃(青年路店),116.50987440681064,39.93343137522945,青年路,美食推荐,宵夜
赌大厨炒饼·炒粉·炒面·炒饭（第B10档口+鸿源美食城店）,116.50469525653467,39.90180262019516,青年路,美食推荐,宵夜
肯德基宅急送(慈云寺店）,116.48942815531352,39.91394571938736,青年路,美食推荐,宵夜
犟骨头排骨饭（朝阳大悦城店）,116.5118747196359,39.92464046686575,青年路,美食推荐,宵夜
达美乐比萨（石佛营店）,116.490181339114,39.927428405495306,青年路,美食推荐,宵夜
一碗香麻辣香锅（大悦城店）,116.51148079375332,39.92877317369477,青年路,美食推荐,宵夜
佳木斯烧烤·招牌大油边·宵食（第10档口食美美食城店）,116.48957336912684,39.90859437891821,青年路,美食推荐,宵夜
张小蹄·正宗隆江猪脚饭（石佛营01店）,116.49785026435552,39.928667224279806,青年路,美食推荐,宵夜
炒菜湘·下饭菜,116.42825320352006,39.89261229989184,青年路,美食推荐,宵夜
披萨革命（朝阳大悦城店）,116.51370023637055,39.924736647992,青年路,美食推荐,宵夜
肯德基宅急送(甘露园店）,116.51110403177796,39.91577862945034,青年路,美食推荐,宵夜
大东北水饺自选（第9档口青年汇民美食城店）,116.50699737329634,39.92128652832378,青年路,美食推荐,宵夜
1980老盒饭（第14号财满街美食城店）,116.52518538947808,39.91640121820039,青年路,美食推荐,宵夜
聚点串吧（甘露园店）,116.50959459769908,39.91547430261513,青年路,美食推荐,宵夜
李先生牛肉面（北京民航总医院店）,116.5250741546674,39.91537497241892,青年路,美食推荐,宵夜
广东烧腊快餐厅,116.53138585755852,39.915821840217184,青年路,美食推荐,宵夜
窑鸡王（十里堡店）,116.4981360257799,39.9150596345914,青年路,美食推荐,宵夜
魏家凉皮(八里庄店),116.49000520683305,39.91504339086976,青年路,美食推荐,宵夜
沙县小吃(青年路店),116.50987440681064,39.93343137522945,青年路,美食推荐,宵夜
赌大厨炒饼·炒粉·炒面·炒饭（第B10档口+鸿源美食城店）,116.50469525653467,39.90180262019516,青年路,美食推荐,宵夜
肯德基宅急送(慈云寺店）,116.48942815531352,39.91394571938736,青年路,美食推荐,宵夜
犟骨头排骨饭（朝阳大悦城店）,116.5118747196359,39.92464046686575,青年路,美食推荐,宵夜
达美乐比萨（石佛营店）,116.490181339114,39.927428405495306,青年路,美食推荐,宵夜
一碗香麻辣香锅（大悦城店）,116.51148079375332,39.92877317369477,青年路,美食推荐,宵夜
佳木斯烧烤·招牌大油边·宵食（第10档口食美美食城店）,116.48957336912684,39.90859437891821,青年路,美食推荐,宵夜
张小蹄·正宗隆江猪脚饭（石佛营01店）,116.49785026435552,39.928667224279806,青年路,美食推荐,宵夜
炒菜湘·下饭菜,116.42825320352006,39.89261229989184,青年路,美食推荐,宵夜
披萨革命（朝阳大悦城店）,116.51370023637055,39.924736647992,青年路,美食推荐,宵夜
肯德基宅急送(甘露园店）,116.51110403177796,39.91577862945034,青年路,美食推荐,宵夜
大东北水饺自选（第9档口青年汇民美食城店）,116.50699737329634,39.92128652832378,青年路,美食推荐,宵夜
1980老盒饭（第14号财满街美食城店）,116.52518538947808,39.91640121820039,青年路,美食推荐,宵夜
聚点串吧（甘露园店）,116.50959459769908,39.91547430261513,青年路,美食推荐,宵夜
李先生牛肉面（北京民航总医院店）,116.5250741546674,39.91537497241892,青年路,美食推荐,宵夜
广东烧腊快餐厅,116.53138585755852,39.915821840217184,青年路,美食推荐,宵夜
窑鸡王（十里堡店）,116.4981360257799,39.9150596345914,青年路,美食推荐,宵夜
魏家凉皮(八里庄店),116.49000520683305,39.91504339086976,青年路,美食推荐,宵夜
沙县小吃(青年路店),116.50987440681064,39.93343137522945,青年路,美食推荐,宵夜
赌大厨炒饼·炒粉·炒面·炒饭（第B10档口+鸿源美食城店）,116.50469525653467,39.90180262019516,青年路,美食推荐,宵夜
肯德基宅急送(慈云寺店）,116.48942815531352,39.91394571938736,青年路,美食推荐,宵夜
犟骨头排骨饭（朝阳大悦城店）,116.5118747196359,39.92464046686575,青年路,美食推荐,宵夜
达美乐比萨（石佛营店）,116.490181339114,39.927428405495306,青年路,美食推荐,宵夜
一碗香麻辣香锅（大悦城店）,116.51148079375332,39.92877317369477,青年路,美食推荐,宵夜
佳木斯烧烤·招牌大油边·宵食（第10档口食美美食城店）,116.48957336912684,39.90859437891821,青年路,美食推荐,宵夜
张小蹄·正宗隆江猪脚饭（石佛营01店）,116.49785026435552,39.928667224279806,青年路,美食推荐,宵夜
炒菜湘·下饭菜,116.42825320352006,39.89261229989184,青年路,美食推荐,宵夜
披萨革命（朝阳大悦城店）,116.51370023637055,39.924736647992,青年路,美食推荐,宵夜
肯德基宅急送(甘露园店）,116.51110403177796,39.91577862945034,青年路,美食推荐,宵夜
大东北水饺自选（第9档口青年汇民美食城店）,116.50699737329634,39.92128652832378,青年路,美食推荐,宵夜
1980老盒饭（第14号财满街美食城店）,116.52518538947808,39.91640121820039,青年路,美食推荐,宵夜
聚点串吧（甘露园店）,116.50959459769908,39.91547430261513,青年路,美食推荐,宵夜
李先生牛肉面（北京民航总医院店）,116.5250741546674,39.91537497241892,青年路,美食推荐,宵夜
广东烧腊快餐厅,116.53138585755852,39.915821840217184,青年路,美食推荐,宵夜
窑鸡王（十里堡店）,116.4981360257799,39.9150596345914,青年路,美食推荐,宵夜
魏家凉皮(八里庄店),116.49000520683305,39.91504339086976,青年路,美食推荐,宵夜
沙县小吃(青年路店),116.50987440681064,39.93343137522945,青年路,美食推荐,宵夜
赌大厨炒饼·炒粉·炒面·炒饭（第B10档口+鸿源美食城店）,116.50469525653467,39.90180262019516,青年路,美食推荐,宵夜
肯德基宅急送(慈云寺店）,116.48942815531352,39.91394571938736,青年路,美食推荐,宵夜
犟骨头排骨饭（朝阳大悦城店）,116.5118747196359,39.92464046686575,青年路,美食推荐,宵夜
达美乐比萨（石佛营店）,116.490181339114,39.927428405495306,青年路,美食推荐,宵夜
一碗香麻辣香锅（大悦城店）,116.51148079375332,39.92877317369477,青年路,美食推荐,宵夜
佳木斯烧烤·招牌大油边·宵食（第10档口食美美食城店）,116.48957336912684,39.90859437891821,青年路,美食推荐,宵夜
张小蹄·正宗隆江猪脚饭（石佛营01店）,116.49785026435552,39.928667224279806,青年路,美食推荐,宵夜
炒菜湘·下饭菜,116.42825320352006,39.89261229989184,青年路,美食推荐,宵夜
披萨革命（朝阳大悦城店）,116.51370023637055,39.924736647992,青年路,美食推荐,宵夜
肯德基宅急送(甘露园店）,116.51110403177796,39.91577862945034,青年路,美食推荐,宵夜
大东北水饺自选（第9档口青年汇民美食城店）,116.50699737329634,39.92128652832378,青年路,美食推荐,宵夜
1980老盒饭（第14号财满街美食城店）,116.52518538947808,39.91640121820039,青年路,美食推荐,宵夜
聚点串吧（甘露园店）,116.50959459769908,39.91547430261513,青年路,美食推荐,宵夜
李先生牛肉面（北京民航总医院店）,116.5250741546674,39.91537497241892,青年路,美食推荐,宵夜
广东烧腊快餐厅,116.53138585755852,39.915821840217184,青年路,美食推荐,宵夜
窑鸡王（十里堡店）,116.4981360257799,39.9150596345914,青年路,美食推荐,宵夜
魏家凉皮(八里庄店),116.49000520683305,39.91504339086976,青年路,美食推荐,宵夜
沙县小吃(青年路店),116.50987440681064,39.93343137522945,青年路,美食推荐,宵夜
赌大厨炒饼·炒粉·炒面·炒饭（第B10档口+鸿源美食城店）,116.50469525653467,39.90180262019516,青年路,美食推荐,宵夜
肯德基宅急送(慈云寺店）,116.48942815531352,39.91394571938736,青年路,美食推荐,宵夜
犟骨头排骨饭（朝阳大悦城店）,116.5118747196359,39.92464046686575,青年路,美食推荐,宵夜
达美乐比萨（石佛营店）,116.490181339114,39.927428405495306,青年路,美食推荐,宵夜
一碗香麻辣香锅（大悦城店）,116.51148079375332,39.92877317369477,青年路,美食推荐,宵夜
佳木斯烧烤·招牌大油边·宵食（第10档口食美美食城店）,116.48957336912684,39.90859437891821,青年路,美食推荐,宵夜
张小蹄·正宗隆江猪脚饭（石佛营01店）,116.49785026435552,39.928667224279806,青年路,美食推荐,宵夜
炒菜湘·下饭菜,116.42825320352006,39.89261229989184,青年路,美食推荐,宵夜
披萨革命（朝阳大悦城店）,116.51370023637055,39.924736647992,青年路,美食推荐,宵夜
肯德基宅急送(甘露园店）,116.51110403177796,39.91577862945034,青年路,美食推荐,宵夜
大东北水饺自选（第9档口青年汇民美食城店）,116.50699737329634,39.92128652832378,青年路,美食推荐,宵夜
1980老盒饭（第14号财满街美食城店）,116.52518538947808,39.91640121820039,青年路,美食推荐,宵夜
聚点串吧（甘露园店）,116.50959459769908,39.91547430261513,青年路,美食推荐,宵夜
李先生牛肉面（北京民航总医院店）,116.5250741546674,39.91537497241892,青年路,美食推荐,宵夜
广东烧腊快餐厅,116.53138585755852,39.915821840217184,青年路,美食推荐,宵夜
窑鸡王（十里堡店）,116.4981360257799,39.9150596345914,青年路,美食推荐,宵夜
魏家凉皮(八里庄店),116.49000520683305,39.91504339086976,青年路,美食推荐,宵夜
吉野家(朝阳路),116.5232319629884,39.91673908917623,青年路,美食推荐,宵夜
金典猪脚饭（湘彤美食城第13号档口）,116.48871445816016,39.913889599160434,青年路,美食推荐,宵夜
老成都川菜（百子湾永辉超市店）,116.49248146287228,39.90000842029707,青年路,美食推荐,宵夜
华莱士·全鸡汉堡（青年西路店）,116.50727403865469,39.932274888224725,青年路,美食推荐,宵夜
聚点串吧（朝北店）,116.49517103075256,39.92130153709064,青年路,美食推荐,宵夜
鱼你在一起(朝阳四季星河南街店),116.5136751179356,39.92497356732775,青年路,美食推荐,宵夜
窑鸡王（北京锐城国际店）,116.52497471605515,39.91632567409514,青年路,美食推荐,宵夜
小饭馆大厨师（甘露园店）,116.50949222548924,39.91547100736202,青年路,美食推荐,宵夜
万家早安·品致早餐（大悦城店）,116.50781597186229,39.93274744576844,青年路,美食推荐,宵夜
曼玲粥店(高碑店店),116.5107306562076,39.9078528954681,青年路,美食推荐,宵夜
赌上厨师职业生涯的炒饭!锄禾蛋炒饭.炒面.炒粉(第6档口正福源04号店),116.50469525653467,39.90180262019516,青年路,美食推荐,宵夜
华莱士·全鸡汉堡（四惠东店）,116.5107467169989,39.90783094250645,青年路,美食推荐,宵夜
生产队·东北大饭堂（青年路店）,116.51155535735384,39.92637348411588,青年路,美食推荐,宵夜
花姐烤肉拌饭（物美美食城店第02档口）,116.42800321776416,39.91249807155223,青年路,美食推荐,宵夜
北京沁汁包•现熬粥（北京乐吃乐喝餐饮管理有限公司2号店）,116.51155535735384,39.92637348411588,青年路,美食推荐,宵夜
山西刀削面黄焖鸡,116.510830193713,39.93081722792358,青年路,美食推荐,宵夜
肯德基宅急送(甘露园店）,116.51110403177796,39.91577862945034,青年路,美食推荐,晚餐
1980老盒饭（第14号财满街美食城店）,116.52518538947808,39.91640121820039,青年路,美食推荐,晚餐
赣饭人·江西小炒（第02档口乐食美食城店）,116.5115822738056,39.91970483446645,青年路,美食推荐,晚餐
米村拌饭（姚家园万象汇店）,116.5106543867372,39.9403363438065,青年路,美食推荐,晚餐
陈记小肠卤煮,116.4977799896986,39.92874001205994,青年路,美食推荐,晚餐
石叶米道·焖面（财满街店）,116.51155535735384,39.92637348411588,青年路,美食推荐,晚餐
塔斯汀·中国汉堡(佳亿青年汇店),116.51143159536116,39.920808358052575,青年路,美食推荐,晚餐
嘎嘎香东北老饭盒（青年路店）,116.51058300470886,39.933211422361424,青年路,美食推荐,晚餐
重姐豆花面（豌杂面·牛肉面）,116.5079315269474,39.93168282419011,青年路,美食推荐,晚餐
麦当劳＆麦咖啡（北京青年路店）,116.44956722108908,39.88348674496719,青年路,美食推荐,晚餐
陈记羊汤烧饼（八里庄店）,116.49562215141292,39.926065688129135,青年路,美食推荐,晚餐
浣熊食堂（十里堡店）,116.48881509634109,39.919879648588505,青年路,美食推荐,晚餐
肯德基宅急送（四季星河南街店）,116.51086899793108,39.92541755776435,青年路,美食推荐,晚餐
农耕记·湖南现炒外卖（第十档口今世美食城店）,116.51092553630892,39.93083450066125,青年路,美食推荐,晚餐
米村拌饭（北京远洋未来汇店）,116.48604426066812,39.914706645424566,青年路,美食推荐,晚餐
热乎乎·猪肉白菜炖粉条（鸿源美食城第C5档口店）,116.51229639076976,39.92336372119613,青年路,美食推荐,晚餐
鱼小喵在成都（高碑旗舰店）,116.51051050124435,39.92703846282057,青年路,美食推荐,晚餐
必胜客宅急送（朝阳大悦城店）,116.51226937470904,39.92270567123303,青年路,美食推荐,晚餐
西贝（北京大悦城店）,116.51314548369167,39.92291515220746,青年路,美食推荐,晚餐
肯德基宅急送(甘露园店）,116.51110403177796,39.91577862945034,青年路,美食推荐,晚餐
1980老盒饭（第14号财满街美食城店）,116.52518538947808,39.91640121820039,青年路,美食推荐,晚餐
赣饭人·江西小炒（第02档口乐食美食城店）,116.5115822738056,39.91970483446645,青年路,美食推荐,晚餐
米村拌饭（姚家园万象汇店）,116.5106543867372,39.9403363438065,青年路,美食推荐,晚餐
陈记小肠卤煮,116.4977799896986,39.92874001205994,青年路,美食推荐,晚餐
石叶米道·焖面（财满街店）,116.51155535735384,39.92637348411588,青年路,美食推荐,晚餐
塔斯汀·中国汉堡(佳亿青年汇店),116.51143159536116,39.920808358052575,青年路,美食推荐,晚餐
嘎嘎香东北老饭盒（青年路店）,116.51058300470886,39.933211422361424,青年路,美食推荐,晚餐
重姐豆花面（豌杂面·牛肉面）,116.5079315269474,39.93168282419011,青年路,美食推荐,晚餐
麦当劳＆麦咖啡（北京青年路店）,116.44956722108908,39.88348674496719,青年路,美食推荐,晚餐
陈记羊汤烧饼（八里庄店）,116.49562215141292,39.926065688129135,青年路,美食推荐,晚餐
浣熊食堂（十里堡店）,116.48881509634109,39.919879648588505,青年路,美食推荐,晚餐
肯德基宅急送（四季星河南街店）,116.51086899793108,39.92541755776435,青年路,美食推荐,晚餐
农耕记·湖南现炒外卖（第十档口今世美食城店）,116.51092553630892,39.93083450066125,青年路,美食推荐,晚餐
米村拌饭（北京远洋未来汇店）,116.48604426066812,39.914706645424566,青年路,美食推荐,晚餐
热乎乎·猪肉白菜炖粉条（鸿源美食城第C5档口店）,116.51229639076976,39.92336372119613,青年路,美食推荐,晚餐
鱼小喵在成都（高碑旗舰店）,116.51051050124435,39.92703846282057,青年路,美食推荐,晚餐
必胜客宅急送（朝阳大悦城店）,116.51226937470904,39.92270567123303,青年路,美食推荐,晚餐
西贝（北京大悦城店）,116.51314548369167,39.92291515220746,青年路,美食推荐,晚餐
肯德基宅急送(甘露园店）,116.51110403177796,39.91577862945034,青年路,美食推荐,晚餐
1980老盒饭（第14号财满街美食城店）,116.52518538947808,39.91640121820039,青年路,美食推荐,晚餐
赣饭人·江西小炒（第02档口乐食美食城店）,116.5115822738056,39.91970483446645,青年路,美食推荐,晚餐
米村拌饭（姚家园万象汇店）,116.5106543867372,39.9403363438065,青年路,美食推荐,晚餐
陈记小肠卤煮,116.4977799896986,39.92874001205994,青年路,美食推荐,晚餐
石叶米道·焖面（财满街店）,116.51155535735384,39.92637348411588,青年路,美食推荐,晚餐
塔斯汀·中国汉堡(佳亿青年汇店),116.51143159536116,39.920808358052575,青年路,美食推荐,晚餐
嘎嘎香东北老饭盒（青年路店）,116.51058300470886,39.933211422361424,青年路,美食推荐,晚餐
重姐豆花面（豌杂面·牛肉面）,116.5079315269474,39.93168282419011,青年路,美食推荐,晚餐
麦当劳＆麦咖啡（北京青年路店）,116.44956722108908,39.88348674496719,青年路,美食推荐,晚餐
陈记羊汤烧饼（八里庄店）,116.49562215141292,39.926065688129135,青年路,美食推荐,晚餐
浣熊食堂（十里堡店）,116.48881509634109,39.919879648588505,青年路,美食推荐,晚餐
肯德基宅急送（四季星河南街店）,116.51086899793108,39.92541755776435,青年路,美食推荐,晚餐
农耕记·湖南现炒外卖（第十档口今世美食城店）,116.51092553630892,39.93083450066125,青年路,美食推荐,晚餐
米村拌饭（北京远洋未来汇店）,116.48604426066812,39.914706645424566,青年路,美食推荐,晚餐
热乎乎·猪肉白菜炖粉条（鸿源美食城第C5档口店）,116.51229639076976,39.92336372119613,青年路,美食推荐,晚餐
鱼小喵在成都（高碑旗舰店）,116.51051050124435,39.92703846282057,青年路,美食推荐,晚餐
必胜客宅急送（朝阳大悦城店）,116.51226937470904,39.92270567123303,青年路,美食推荐,晚餐
西贝（北京大悦城店）,116.51314548369167,39.92291515220746,青年路,美食推荐,晚餐
肯德基宅急送(甘露园店）,116.51110403177796,39.91577862945034,青年路,美食推荐,晚餐
1980老盒饭（第14号财满街美食城店）,116.52518538947808,39.91640121820039,青年路,美食推荐,晚餐
赣饭人·江西小炒（第02档口乐食美食城店）,116.5115822738056,39.91970483446645,青年路,美食推荐,晚餐
米村拌饭（姚家园万象汇店）,116.5106543867372,39.9403363438065,青年路,美食推荐,晚餐
陈记小肠卤煮,116.4977799896986,39.92874001205994,青年路,美食推荐,晚餐
石叶米道·焖面（财满街店）,116.51155535735384,39.92637348411588,青年路,美食推荐,晚餐
塔斯汀·中国汉堡(佳亿青年汇店),116.51143159536116,39.920808358052575,青年路,美食推荐,晚餐
嘎嘎香东北老饭盒（青年路店）,116.51058300470886,39.933211422361424,青年路,美食推荐,晚餐
重姐豆花面（豌杂面·牛肉面）,116.5079315269474,39.93168282419011,青年路,美食推荐,晚餐
麦当劳＆麦咖啡（北京青年路店）,116.44956722108908,39.88348674496719,青年路,美食推荐,晚餐
陈记羊汤烧饼（八里庄店）,116.49562215141292,39.926065688129135,青年路,美食推荐,晚餐
浣熊食堂（十里堡店）,116.48881509634109,39.919879648588505,青年路,美食推荐,晚餐
肯德基宅急送（四季星河南街店）,116.51086899793108,39.92541755776435,青年路,美食推荐,晚餐
农耕记·湖南现炒外卖（第十档口今世美食城店）,116.51092553630892,39.93083450066125,青年路,美食推荐,晚餐
米村拌饭（北京远洋未来汇店）,116.48604426066812,39.914706645424566,青年路,美食推荐,晚餐
热乎乎·猪肉白菜炖粉条（鸿源美食城第C5档口店）,116.51229639076976,39.92336372119613,青年路,美食推荐,晚餐
鱼小喵在成都（高碑旗舰店）,116.51051050124435,39.92703846282057,青年路,美食推荐,晚餐
必胜客宅急送（朝阳大悦城店）,116.51226937470904,39.92270567123303,青年路,美食推荐,晚餐
西贝（北京大悦城店）,116.51314548369167,39.92291515220746,青年路,美食推荐,晚餐
达美乐比萨（石佛营店）,116.490181339114,39.927428405495306,青年路,美食推荐,晚餐
庆丰包子铺（石佛营路店）,116.49565024228195,39.92619176680094,青年路,美食推荐,晚餐
炒菜湘·下饭菜,116.42825320352006,39.89261229989184,青年路,美食推荐,晚餐
一碗香麻辣香锅（大悦城店）,116.51148079375332,39.92877317369477,青年路,美食推荐,晚餐
东北大馅水饺（第19档口锐城国际财满街美食城店）,116.4832321771686,39.91071352449204,青年路,美食推荐,晚餐
紫光园·青年小馆,116.5120628760948,39.92073116402058,青年路,美食推荐,晚餐
吉野家(朝阳路),116.5232319629884,39.91673908917623,青年路,美食推荐,晚餐
新疆美食兰州拉面（青年路店）,116.5072558679948,39.933117801541,青年路,美食推荐,晚餐
金手勺百姓菜馆（东北菜）,116.5193514095126,39.912823839004986,青年路,美食推荐,晚餐
曼玲粥店(高碑店店),116.5107306562076,39.9078528954681,青年路,美食推荐,晚餐
鱼你在一起(朝阳四季星河南街店),116.5136751179356,39.92497356732775,青年路,美食推荐,晚餐
李先生牛肉面（北京民航总医院店）,116.5250741546674,39.91537497241892,青年路,美食推荐,晚餐
成都川菜馆,116.53528959741864,39.913569205351855,青年路,美食推荐,晚餐
袁记云饺(朝阳大悦城店),116.51157654439062,39.92547258132948,青年路,美食推荐,晚餐
达美乐比萨（石佛营店）,116.490181339114,39.927428405495306,青年路,美食推荐,晚餐
庆丰包子铺（石佛营路店）,116.49565024228195,39.92619176680094,青年路,美食推荐,晚餐
炒菜湘·下饭菜,116.42825320352006,39.89261229989184,青年路,美食推荐,晚餐
一碗香麻辣香锅（大悦城店）,116.51148079375332,39.92877317369477,青年路,美食推荐,晚餐
东北大馅水饺（第19档口锐城国际财满街美食城店）,116.4832321771686,39.91071352449204,青年路,美食推荐,晚餐
紫光园·青年小馆,116.5120628760948,39.92073116402058,青年路,美食推荐,晚餐
吉野家(朝阳路),116.5232319629884,39.91673908917623,青年路,美食推荐,晚餐
新疆美食兰州拉面（青年路店）,116.5072558679948,39.933117801541,青年路,美食推荐,晚餐
金手勺百姓菜馆（东北菜）,116.5193514095126,39.912823839004986,青年路,美食推荐,晚餐
曼玲粥店(高碑店店),116.5107306562076,39.9078528954681,青年路,美食推荐,晚餐
鱼你在一起(朝阳四季星河南街店),116.5136751179356,39.92497356732775,青年路,美食推荐,晚餐
李先生牛肉面（北京民航总医院店）,116.5250741546674,39.91537497241892,青年路,美食推荐,晚餐
成都川菜馆,116.53528959741864,39.913569205351855,青年路,美食推荐,晚餐
袁记云饺(朝阳大悦城店),116.51157654439062,39.92547258132948,青年路,美食推荐,晚餐
达美乐比萨（石佛营店）,116.490181339114,39.927428405495306,青年路,美食推荐,晚餐
庆丰包子铺（石佛营路店）,116.49565024228195,39.92619176680094,青年路,美食推荐,晚餐
炒菜湘·下饭菜,116.42825320352006,39.89261229989184,青年路,美食推荐,晚餐
一碗香麻辣香锅（大悦城店）,116.51148079375332,39.92877317369477,青年路,美食推荐,晚餐
东北大馅水饺（第19档口锐城国际财满街美食城店）,116.4832321771686,39.91071352449204,青年路,美食推荐,晚餐
紫光园·青年小馆,116.5120628760948,39.92073116402058,青年路,美食推荐,晚餐
吉野家(朝阳路),116.5232319629884,39.91673908917623,青年路,美食推荐,晚餐
新疆美食兰州拉面（青年路店）,116.5072558679948,39.933117801541,青年路,美食推荐,晚餐
金手勺百姓菜馆（东北菜）,116.5193514095126,39.912823839004986,青年路,美食推荐,晚餐
曼玲粥店(高碑店店),116.5107306562076,39.9078528954681,青年路,美食推荐,晚餐
鱼你在一起(朝阳四季星河南街店),116.5136751179356,39.92497356732775,青年路,美食推荐,晚餐
李先生牛肉面（北京民航总医院店）,116.5250741546674,39.91537497241892,青年路,美食推荐,晚餐
成都川菜馆,116.53528959741864,39.913569205351855,青年路,美食推荐,晚餐
袁记云饺(朝阳大悦城店),116.51157654439062,39.92547258132948,青年路,美食推荐,晚餐
达美乐比萨（石佛营店）,116.490181339114,39.927428405495306,青年路,美食推荐,晚餐
庆丰包子铺（石佛营路店）,116.49565024228195,39.92619176680094,青年路,美食推荐,晚餐
炒菜湘·下饭菜,116.42825320352006,39.89261229989184,青年路,美食推荐,晚餐
一碗香麻辣香锅（大悦城店）,116.51148079375332,39.92877317369477,青年路,美食推荐,晚餐
东北大馅水饺（第19档口锐城国际财满街美食城店）,116.4832321771686,39.91071352449204,青年路,美食推荐,晚餐
紫光园·青年小馆,116.5120628760948,39.92073116402058,青年路,美食推荐,晚餐
吉野家(朝阳路),116.5232319629884,39.91673908917623,青年路,美食推荐,晚餐
新疆美食兰州拉面（青年路店）,116.5072558679948,39.933117801541,青年路,美食推荐,晚餐
金手勺百姓菜馆（东北菜）,116.5193514095126,39.912823839004986,青年路,美食推荐,晚餐
曼玲粥店(高碑店店),116.5107306562076,39.9078528954681,青年路,美食推荐,晚餐
鱼你在一起(朝阳四季星河南街店),116.5136751179356,39.92497356732775,青年路,美食推荐,晚餐
李先生牛肉面（北京民航总医院店）,116.5250741546674,39.91537497241892,青年路,美食推荐,晚餐
成都川菜馆,116.53528959741864,39.913569205351855,青年路,美食推荐,晚餐
袁记云饺(朝阳大悦城店),116.51157654439062,39.92547258132948,青年路,美食推荐,晚餐
达美乐比萨（石佛营店）,116.490181339114,39.927428405495306,青年路,美食推荐,晚餐
庆丰包子铺（石佛营路店）,116.49565024228195,39.92619176680094,青年路,美食推荐,晚餐
炒菜湘·下饭菜,116.42825320352006,39.89261229989184,青年路,美食推荐,晚餐
一碗香麻辣香锅（大悦城店）,116.51148079375332,39.92877317369477,青年路,美食推荐,晚餐
东北大馅水饺（第19档口锐城国际财满街美食城店）,116.4832321771686,39.91071352449204,青年路,美食推荐,晚餐
紫光园·青年小馆,116.5120628760948,39.92073116402058,青年路,美食推荐,晚餐
吉野家(朝阳路),116.5232319629884,39.91673908917623,青年路,美食推荐,晚餐
新疆美食兰州拉面（青年路店）,116.5072558679948,39.933117801541,青年路,美食推荐,晚餐
金手勺百姓菜馆（东北菜）,116.5193514095126,39.912823839004986,青年路,美食推荐,晚餐
曼玲粥店(高碑店店),116.5107306562076,39.9078528954681,青年路,美食推荐,晚餐
鱼你在一起(朝阳四季星河南街店),116.5136751179356,39.92497356732775,青年路,美食推荐,晚餐
李先生牛肉面（北京民航总医院店）,116.5250741546674,39.91537497241892,青年路,美食推荐,晚餐
成都川菜馆,116.53528959741864,39.913569205351855,青年路,美食推荐,晚餐
袁记云饺(朝阳大悦城店),116.51157654439062,39.92547258132948,青年路,美食推荐,晚餐
小饭馆大厨师（甘露园店）,116.50949222548924,39.91547100736202,青年路,美食推荐,晚餐
山西刀削面,116.51186970159527,39.92464045254506,青年路,美食推荐,晚餐
锦州烧烤·免费50串·海鲜小龙虾,116.50807908186412,39.9153189230862,青年路,美食推荐,晚餐
魏家凉皮(八里庄店),116.49000520683305,39.91504339086976,青年路,美食推荐,晚餐
疆岚·新疆大盘鸡·烤包子(百子湾店),116.50371651021857,39.862024678734166,青年路,美食推荐,晚餐
赖小面•川菜•重庆面馆（十里堡店）,116.49537380111984,39.92128814258167,青年路,美食推荐,晚餐
南城香·饭香串香馄饨香（青年路店）,116.51158656634728,39.92558760528891,青年路,美食推荐,晚餐
老乡鸡（北京远洋未来汇店）,116.48591778316626,39.91470927123144,青年路,美食推荐,晚餐
味千拉面（朝北大悦城店）,116.5131033140407,39.92307102625272,青年路,美食推荐,晚餐
苗阿妹贵州羊肉粉（青年路店）,116.51369120856276,39.92470162390578,青年路,美食推荐,晚餐
麻六记（朝阳大悦城店）,116.5128605046178,39.92259935663572,青年路,美食推荐,晚餐
华莱士·全鸡汉堡（青年西路店）,116.50727403865469,39.932274888224725,青年路,美食推荐,晚餐
庆丰包子铺（住邦2000店）,116.48841832828056,39.91395771621104,青年路,美食推荐,晚餐
大东北水饺自选（第9档口青年汇民美食城店）,116.50699737329634,39.92128652832378,青年路,美食推荐,晚餐
紫光园（十里堡店）,116.4988125982342,39.914913654073054,青年路,美食推荐,晚餐
木炭烧烤（十里堡店）,116.497781996543,39.92874601779416,青年路,美食推荐,晚餐
