{
"type": "FeatureCollection",
"name": "nyc_wifi_hotspots_clean",
"crs": { "type": "name", "properties": { "name": "urn:ogc:def:crs:OGC:1.3:CRS84" } },
"features": [
{ "type": "Feature", "properties": { "objectid": 10604, "name": "Baisley Pond Park", "boroname": "Queens", "type": "Limited Free", "provider": "SPECTRUM", "location_t": "Outdoor TWC Aerial" }, "geometry": { "type": "Point", "coordinates": [ -73.784120000499996, 40.674859999900001 ] } },
{ "type": "Feature", "properties": { "objectid": 10555, "name": "Kissena Park", "boroname": "Queens", "type": "Limited Free", "provider": "SPECTRUM", "location_t": "Outdoor TWC Aerial" }, "geometry": { "type": "Point", "coordinates": [ -73.818149999699997, 40.7475599996 ] } },
{ "type": "Feature", "properties": { "objectid": 12370, "name": "Grand St (L)", "boroname": "Brooklyn", "type": "Free", "provider": "Transit Wireless", "location_t": "Subway Station" }, "geometry": { "type": "Point", "coordinates": [ -73.940669999400001, 40.7119259997 ] } },
{ "type": "Feature", "properties": { "objectid": 9893, "name": null, "boroname": "Brooklyn", "type": "Free", "provider": "Downtown Brooklyn", "location_t": "Outdoor" }, "geometry": { "type": "Point", "coordinates": [ -73.991995000399996, 40.689985000100002 ] } },
{ "type": "Feature", "properties": { "objectid": 10169, "name": "Lexington Av-63 St (F)", "boroname": "Manhattan", "type": "Free", "provider": "Transit Wireless", "location_t": "Subway Station" }, "geometry": { "type": "Point", "coordinates": [ -73.966115000100004, 40.7646300002 ] } },
{ "type": "Feature", "properties": { "objectid": 10880, "name": "Kissena Park", "boroname": "Queens", "type": "Limited Free", "provider": "SPECTRUM", "location_t": "Outdoor TWC Aerial" }, "geometry": { "type": "Point", "coordinates": [ -73.811510000300004, 40.742430000299997 ] } },
{ "type": "Feature", "properties": { "objectid": 10953, "name": null, "boroname": "Manhattan", "type": "Free", "provider": "Harlem", "location_t": "Outdoor" }, "geometry": { "type": "Point", "coordinates": [ -73.941692999599994, 40.812944 ] } },
{ "type": "Feature", "properties": { "objectid": 11018, "name": "Clinton Hill - Brooklyn Public Library", "boroname": "Brooklyn", "type": "Free", "provider": "BPL", "location_t": "Library" }, "geometry": { "type": "Point", "coordinates": [ -73.966030666, 40.687379094100002 ] } },
{ "type": "Feature", "properties": { "objectid": 12375, "name": "Halsey St (L)", "boroname": "Queens", "type": "Free", "provider": "Transit Wireless", "location_t": "Subway Station" }, "geometry": { "type": "Point", "coordinates": [ -73.904084000400005, 40.695602000100003 ] } },
{ "type": "Feature", "properties": { "objectid": 12607, "name": "Broadway Junction (A,C,J,L,Z)", "boroname": "Brooklyn", "type": "Free", "provider": "Transit Wireless", "location_t": "Subway Station" }, "geometry": { "type": "Point", "coordinates": [ -73.905316000100001, 40.678334000200003 ] } },
{ "type": "Feature", "properties": { "objectid": 11726, "name": "Crotona Park", "boroname": "Bronx", "type": "Limited Free", "provider": "ALTICEUSA", "location_t": "Outdoor" }, "geometry": { "type": "Point", "coordinates": [ -73.898372000199998, 40.840663999900002 ] } },
{ "type": "Feature", "properties": { "objectid": 9823, "name": "Governors Island", "boroname": "Manhattan", "type": "Free", "provider": "Fiberless", "location_t": "Outdoor" }, "geometry": { "type": "Point", "coordinates": [ -74.019959999500003, 40.690389999600001 ] } },
{ "type": "Feature", "properties": { "objectid": 10915, "name": null, "boroname": "Manhattan", "type": "Free", "provider": "Harlem", "location_t": "Outdoor" }, "geometry": { "type": "Point", "coordinates": [ -73.939510000300004, 40.81026 ] } },
{ "type": "Feature", "properties": { "objectid": 12084, "name": "bk-02-126166", "boroname": "Brooklyn", "type": "Free", "provider": "LinkNYC - Citybridge", "location_t": "Outdoor Kiosk" }, "geometry": { "type": "Point", "coordinates": [ -73.993146910299998, 40.6879008003 ] } },
{ "type": "Feature", "properties": { "objectid": 12080, "name": "bk-02-126505", "boroname": "Brooklyn", "type": "Free", "provider": "LinkNYC - Citybridge", "location_t": "Outdoor Kiosk" }, "geometry": { "type": "Point", "coordinates": [ -73.977006000200006, 40.683625000399999 ] } },
{ "type": "Feature", "properties": { "objectid": 12500, "name": "si-02-125476", "boroname": "Staten Island", "type": "Free", "provider": "LinkNYC - Citybridge", "location_t": "Outdoor Kiosk" }, "geometry": { "type": "Point", "coordinates": [ -74.100732000299999, 40.590983000199998 ] } },
{ "type": "Feature", "properties": { "objectid": 9932, "name": "Saratoga - Brooklyn Public Library", "boroname": "Brooklyn", "type": "Free", "provider": "BPL", "location_t": "Library" }, "geometry": { "type": "Point", "coordinates": [ -73.915132416, 40.684810047699997 ] } },
{ "type": "Feature", "properties": { "objectid": 10191, "name": "qu-01-145954", "boroname": "Queens", "type": "Free", "provider": "LinkNYC - Citybridge", "location_t": "Outdoor Kiosk" }, "geometry": { "type": "Point", "coordinates": [ -73.918401659400004, 40.753640640100002 ] } },
{ "type": "Feature", "properties": { "objectid": 10390, "name": "MARIA HERNANDEZ", "boroname": "Brooklyn", "type": "Limited Free", "provider": "ALTICEUSA", "location_t": "Outdoor" }, "geometry": { "type": "Point", "coordinates": [ -73.923815999699997, 40.702539999800003 ] } },
{ "type": "Feature", "properties": { "objectid": 11491, "name": "mn-03-123802", "boroname": "Manhattan", "type": "Free", "provider": "LinkNYC - Citybridge", "location_t": "Outdoor Kiosk" }, "geometry": { "type": "Point", "coordinates": [ -73.982827000100002, 40.731219039800003 ] } },
{ "type": "Feature", "properties": { "objectid": 10721, "name": "mn-03-139455", "boroname": "Manhattan", "type": "Free", "provider": "LinkNYC - Citybridge", "location_t": "Outdoor Kiosk" }, "geometry": { "type": "Point", "coordinates": [ -73.984679999899996, 40.728824 ] } },
{ "type": "Feature", "properties": { "objectid": 12228, "name": "mn-06-123634", "boroname": "Manhattan", "type": "Free", "provider": "LinkNYC - Citybridge", "location_t": "Outdoor Kiosk" }, "geometry": { "type": "Point", "coordinates": [ -73.9853220002, 40.735625999600003 ] } },
{ "type": "Feature", "properties": { "objectid": 12237, "name": "mn-06-121488", "boroname": "Manhattan", "type": "Free", "provider": "LinkNYC - Citybridge", "location_t": "Outdoor Kiosk" }, "geometry": { "type": "Point", "coordinates": [ -73.982488999699996, 40.739528 ] } },
{ "type": "Feature", "properties": { "objectid": 10885, "name": "mn-05-134211", "boroname": "Manhattan", "type": "Free", "provider": "LinkNYC - Citybridge", "location_t": "Outdoor Kiosk" }, "geometry": { "type": "Point", "coordinates": [ -73.984011959699998, 40.760235319899998 ] } },
{ "type": "Feature", "properties": { "objectid": 11822, "name": "mn-08-135080", "boroname": "Manhattan", "type": "Free", "provider": "LinkNYC - Citybridge", "location_t": "Outdoor Kiosk" }, "geometry": { "type": "Point", "coordinates": [ -73.957693829799993, 40.765119460100003 ] } },
{ "type": "Feature", "properties": { "objectid": 12730, "name": "mn-03-123269", "boroname": "Manhattan", "type": "Free", "provider": "LinkNYC - Citybridge", "location_t": "Outdoor Kiosk" }, "geometry": { "type": "Point", "coordinates": [ -73.986347999399996, 40.730248999799997 ] } },
{ "type": "Feature", "properties": { "objectid": 12942, "name": "mn-06-121538", "boroname": "Manhattan", "type": "Free", "provider": "LinkNYC - Citybridge", "location_t": "Outdoor Kiosk" }, "geometry": { "type": "Point", "coordinates": [ -73.970657170199999, 40.7516323603 ] } },
{ "type": "Feature", "properties": { "objectid": 11144, "name": "qu-04-145898", "boroname": "Queens", "type": "Free", "provider": "LinkNYC - Citybridge", "location_t": "Outdoor Kiosk" }, "geometry": { "type": "Point", "coordinates": [ -73.878129929799996, 40.73933161 ] } },
{ "type": "Feature", "properties": { "objectid": 12632, "name": "bk-16-126638", "boroname": "Brooklyn", "type": "Free", "provider": "LinkNYC - Citybridge", "location_t": "Outdoor Kiosk" }, "geometry": { "type": "Point", "coordinates": [ -73.908373999899993, 40.6780789998 ] } },
{ "type": "Feature", "properties": { "objectid": 10108, "name": "23", "boroname": "Manhattan", "type": "Free", "provider": "Manhattan Down Alliance", "location_t": "Outdoor" }, "geometry": { "type": "Point", "coordinates": [ -74.009300199500004, 40.701599099799999 ] } },
{ "type": "Feature", "properties": { "objectid": 12369, "name": "7 Av (B,Q)", "boroname": "Brooklyn", "type": "Free", "provider": "Transit Wireless", "location_t": "Subway Station" }, "geometry": { "type": "Point", "coordinates": [ -73.972367000099993, 40.67705 ] } },
{ "type": "Feature", "properties": { "objectid": 11053, "name": "qu-01-125116", "boroname": "Queens", "type": "Free", "provider": "LinkNYC - Citybridge", "location_t": "Outdoor Kiosk" }, "geometry": { "type": "Point", "coordinates": [ -73.913259000599993, 40.762999999900003 ] } },
{ "type": "Feature", "properties": { "objectid": 12286, "name": "bk-17-126297", "boroname": "Brooklyn", "type": "Free", "provider": "LinkNYC - Citybridge", "location_t": "Outdoor Kiosk" }, "geometry": { "type": "Point", "coordinates": [ -73.946512870399999, 40.651026759700002 ] } },
{ "type": "Feature", "properties": { "objectid": 11459, "name": "mn-02-122267", "boroname": "Manhattan", "type": "Free", "provider": "LinkNYC - Citybridge", "location_t": "Outdoor Kiosk" }, "geometry": { "type": "Point", "coordinates": [ -73.997155540199998, 40.736539879600002 ] } },
{ "type": "Feature", "properties": { "objectid": 12839, "name": "mn-08-121002", "boroname": "Manhattan", "type": "Free", "provider": "LinkNYC - Citybridge", "location_t": "Outdoor Kiosk" }, "geometry": { "type": "Point", "coordinates": [ -73.959496000399994, 40.770946000099997 ] } },
{ "type": "Feature", "properties": { "objectid": 9916, "name": "Red Hook - Brooklyn Public Library", "boroname": "Brooklyn", "type": "Free", "provider": "BPL", "location_t": "Library" }, "geometry": { "type": "Point", "coordinates": [ -74.010351291600003, 40.6752551911 ] } },
{ "type": "Feature", "properties": { "objectid": 12712, "name": "mn-06-143917", "boroname": "Manhattan", "type": "Free", "provider": "LinkNYC - Citybridge", "location_t": "Outdoor Kiosk" }, "geometry": { "type": "Point", "coordinates": [ -73.968390560299994, 40.761559230400003 ] } },
{ "type": "Feature", "properties": { "objectid": 10320, "name": "bk-05-145942", "boroname": "Brooklyn", "type": "Free", "provider": "LinkNYC - Citybridge", "location_t": "Outdoor Kiosk" }, "geometry": { "type": "Point", "coordinates": [ -73.871379730100003, 40.683820590400003 ] } },
{ "type": "Feature", "properties": { "objectid": 11112, "name": "bx-07-145853", "boroname": "Bronx", "type": "Free", "provider": "LinkNYC - Citybridge", "location_t": "Outdoor Kiosk" }, "geometry": { "type": "Point", "coordinates": [ -73.892799999399998, 40.864870000099998 ] } },
{ "type": "Feature", "properties": { "objectid": 9652, "name": "mn-06-134559", "boroname": "Manhattan", "type": "Free", "provider": "LinkNYC - Citybridge", "location_t": "Outdoor Kiosk" }, "geometry": { "type": "Point", "coordinates": [ -73.9813326198, 40.741536140299999 ] } },
{ "type": "Feature", "properties": { "objectid": 12771, "name": "mn-07-120535", "boroname": "Manhattan", "type": "Free", "provider": "LinkNYC - Citybridge", "location_t": "Outdoor Kiosk" }, "geometry": { "type": "Point", "coordinates": [ -73.967747730300005, 40.7978261899 ] } },
{ "type": "Feature", "properties": { "objectid": 11085, "name": "mn-10-119893", "boroname": "Manhattan", "type": "Free", "provider": "LinkNYC - Citybridge", "location_t": "Outdoor Kiosk" }, "geometry": { "type": "Point", "coordinates": [ -73.941722999800007, 40.822924000100002 ] } },
{ "type": "Feature", "properties": { "objectid": 10465, "name": "MARIA HERNANDEZ", "boroname": "Brooklyn", "type": "Limited Free", "provider": "ALTICEUSA", "location_t": "Outdoor" }, "geometry": { "type": "Point", "coordinates": [ -73.924086999799997, 40.7033079996 ] } },
{ "type": "Feature", "properties": { "objectid": 10661, "name": "mn-07-136130", "boroname": "Manhattan", "type": "Free", "provider": "LinkNYC - Citybridge", "location_t": "Outdoor Kiosk" }, "geometry": { "type": "Point", "coordinates": [ -73.981395989600003, 40.780019469700001 ] } },
{ "type": "Feature", "properties": { "objectid": 12313, "name": "qu-02-124955", "boroname": "Queens", "type": "Free", "provider": "LinkNYC - Citybridge", "location_t": "Outdoor Kiosk" }, "geometry": { "type": "Point", "coordinates": [ -73.926926110400004, 40.74387741 ] } },
{ "type": "Feature", "properties": { "objectid": 10978, "name": "Marcus Garvey Park", "boroname": "Manhattan", "type": "Free", "provider": "AT&T", "location_t": "Outdoor" }, "geometry": { "type": "Point", "coordinates": [ -73.9443, 40.804800000199997 ] } },
{ "type": "Feature", "properties": { "objectid": 12154, "name": "mn-05-133690", "boroname": "Manhattan", "type": "Free", "provider": "LinkNYC - Citybridge", "location_t": "Outdoor Kiosk" }, "geometry": { "type": "Point", "coordinates": [ -73.985037159599997, 40.7476272599 ] } },
{ "type": "Feature", "properties": { "objectid": 12553, "name": "mn-04-107977", "boroname": "Manhattan", "type": "Free", "provider": "LinkNYC - Citybridge", "location_t": "Outdoor Kiosk" }, "geometry": { "type": "Point", "coordinates": [ -73.999397869500001, 40.744260029800003 ] } },
{ "type": "Feature", "properties": { "objectid": 12564, "name": "mn-04-122503", "boroname": "Manhattan", "type": "Free", "provider": "LinkNYC - Citybridge", "location_t": "Outdoor Kiosk" }, "geometry": { "type": "Point", "coordinates": [ -73.983091820400006, 40.7666381202 ] } },
{ "type": "Feature", "properties": { "objectid": 10753, "name": "Ferry Point Park", "boroname": "Bronx", "type": "Limited Free", "provider": "ALTICEUSA", "location_t": "Outdoor" }, "geometry": { "type": "Point", "coordinates": [ -73.82456, 40.818752 ] } },
{ "type": "Feature", "properties": { "objectid": 10047, "name": "Roosevelt Island", "boroname": "Manhattan", "type": "Free", "provider": "NYPL", "location_t": "Library" }, "geometry": { "type": "Point", "coordinates": [ -73.950165889800004, 40.761253372399999 ] } },
{ "type": "Feature", "properties": { "objectid": 12599, "name": "mn-09-120434", "boroname": "Manhattan", "type": "Free", "provider": "LinkNYC - Citybridge", "location_t": "Outdoor Kiosk" }, "geometry": { "type": "Point", "coordinates": [ -73.949288000199999, 40.827580000200001 ] } },
{ "type": "Feature", "properties": { "objectid": 10425, "name": null, "boroname": "Brooklyn", "type": "Free", "provider": "Downtown Brooklyn", "location_t": "Outdoor" }, "geometry": { "type": "Point", "coordinates": [ -73.989634999499998, 40.690882999800003 ] } },
{ "type": "Feature", "properties": { "objectid": 12594, "name": null, "boroname": "Brooklyn", "type": "Free", "provider": "Downtown Brooklyn", "location_t": "Outdoor" }, "geometry": { "type": "Point", "coordinates": [ -73.983025000200001, 40.692723000199997 ] } },
{ "type": "Feature", "properties": { "objectid": 11935, "name": "bk-08-145992", "boroname": "Brooklyn", "type": "Free", "provider": "LinkNYC - Citybridge", "location_t": "Outdoor Kiosk" }, "geometry": { "type": "Point", "coordinates": [ -73.956280999599997, 40.675140999600004 ] } },
{ "type": "Feature", "properties": { "objectid": 11474, "name": "mn-05-122871", "boroname": "Manhattan", "type": "Free", "provider": "LinkNYC - Citybridge", "location_t": "Outdoor Kiosk" }, "geometry": { "type": "Point", "coordinates": [ -73.976099139699997, 40.760473730100003 ] } },
{ "type": "Feature", "properties": { "objectid": 12468, "name": "mn-07-120268", "boroname": "Manhattan", "type": "Free", "provider": "LinkNYC - Citybridge", "location_t": "Outdoor Kiosk" }, "geometry": { "type": "Point", "coordinates": [ -73.967381, 40.803720999699998 ] } },
{ "type": "Feature", "properties": { "objectid": 12882, "name": "bx-07-145690", "boroname": "Bronx", "type": "Free", "provider": "LinkNYC - Citybridge", "location_t": "Outdoor Kiosk" }, "geometry": { "type": "Point", "coordinates": [ -73.896536999600002, 40.867037999799997 ] } },
{ "type": "Feature", "properties": { "objectid": 12441, "name": "mn-07-100260", "boroname": "Manhattan", "type": "Free", "provider": "LinkNYC - Citybridge", "location_t": "Outdoor Kiosk" }, "geometry": { "type": "Point", "coordinates": [ -73.971573090099994, 40.794461540199997 ] } },
{ "type": "Feature", "properties": { "objectid": 11225, "name": "mn-05-121950", "boroname": "Manhattan", "type": "Free", "provider": "LinkNYC - Citybridge", "location_t": "Outdoor Kiosk" }, "geometry": { "type": "Point", "coordinates": [ -73.9754336596, 40.757733840199997 ] } },
{ "type": "Feature", "properties": { "objectid": 12805, "name": "mn-01-123076", "boroname": "Manhattan", "type": "Free", "provider": "LinkNYC - Citybridge", "location_t": "Outdoor Kiosk" }, "geometry": { "type": "Point", "coordinates": [ -74.006243509800001, 40.706241849800001 ] } },
{ "type": "Feature", "properties": { "objectid": 11437, "name": "mn-05-121630", "boroname": "Manhattan", "type": "Free", "provider": "LinkNYC - Citybridge", "location_t": "Outdoor Kiosk" }, "geometry": { "type": "Point", "coordinates": [ -73.986419989699996, 40.742759530299999 ] } },
{ "type": "Feature", "properties": { "objectid": 11286, "name": "mn-02-123600", "boroname": "Manhattan", "type": "Free", "provider": "LinkNYC - Citybridge", "location_t": "Outdoor Kiosk" }, "geometry": { "type": "Point", "coordinates": [ -74.006628550399995, 40.730257689600002 ] } },
{ "type": "Feature", "properties": { "objectid": 12405, "name": "Court St (M,R)/Borough Hall (2,3,4,5)", "boroname": "Brooklyn", "type": "Free", "provider": "Transit Wireless", "location_t": "Subway Station" }, "geometry": { "type": "Point", "coordinates": [ -73.989997999600007, 40.693218999599999 ] } },
{ "type": "Feature", "properties": { "objectid": 11555, "name": "Pelham Fritz Recreation Center", "boroname": "Manhattan", "type": "Limited Free", "provider": "SPECTRUM", "location_t": "Indoor" }, "geometry": { "type": "Point", "coordinates": [ -73.944908999899994, 40.805012999699997 ] } },
{ "type": "Feature", "properties": { "objectid": 9770, "name": "bx-01-142736", "boroname": "Bronx", "type": "Free", "provider": "LinkNYC - Citybridge", "location_t": "Outdoor Kiosk" }, "geometry": { "type": "Point", "coordinates": [ -73.909916610300002, 40.816188210200004 ] } },
{ "type": "Feature", "properties": { "objectid": 12915, "name": "qu-06-124181", "boroname": "Queens", "type": "Free", "provider": "LinkNYC - Citybridge", "location_t": "Outdoor Kiosk" }, "geometry": { "type": "Point", "coordinates": [ -73.838184000599995, 40.718601999599997 ] } },
{ "type": "Feature", "properties": { "objectid": 12091, "name": "bx-07-119564", "boroname": "Bronx", "type": "Free", "provider": "LinkNYC - Citybridge", "location_t": "Outdoor Kiosk" }, "geometry": { "type": "Point", "coordinates": [ -73.903244039900002, 40.862643649699997 ] } },
{ "type": "Feature", "properties": { "objectid": 9634, "name": "mn-08-121048", "boroname": "Manhattan", "type": "Free", "provider": "LinkNYC - Citybridge", "location_t": "Outdoor Kiosk" }, "geometry": { "type": "Point", "coordinates": [ -73.9599541, 40.779560910299999 ] } },
{ "type": "Feature", "properties": { "objectid": 12297, "name": "qu-09-128371", "boroname": "Queens", "type": "Free", "provider": "LinkNYC - Citybridge", "location_t": "Outdoor Kiosk" }, "geometry": { "type": "Point", "coordinates": [ -73.829808970299993, 40.713166969900001 ] } },
{ "type": "Feature", "properties": { "objectid": 10794, "name": "Central Park North-110 St (2,3)", "boroname": "Manhattan", "type": "Free", "provider": "Transit Wireless", "location_t": "Subway Station" }, "geometry": { "type": "Point", "coordinates": [ -73.951822000600004, 40.799074999799998 ] } },
{ "type": "Feature", "properties": { "objectid": 11631, "name": "West Harlem Piers", "boroname": "Manhattan", "type": "Limited Free", "provider": "SPECTRUM", "location_t": "Outdoor" }, "geometry": { "type": "Point", "coordinates": [ -73.959689999899993, 40.820589999900001 ] } },
{ "type": "Feature", "properties": { "objectid": 10648, "name": "mn-07-134274", "boroname": "Manhattan", "type": "Free", "provider": "LinkNYC - Citybridge", "location_t": "Outdoor Kiosk" }, "geometry": { "type": "Point", "coordinates": [ -73.982399820400005, 40.77464584 ] } },
{ "type": "Feature", "properties": { "objectid": 11025, "name": "mn-06-137452", "boroname": "Manhattan", "type": "Free", "provider": "LinkNYC - Citybridge", "location_t": "Outdoor Kiosk" }, "geometry": { "type": "Point", "coordinates": [ -73.974520060399996, 40.7468675402 ] } },
{ "type": "Feature", "properties": { "objectid": 10094, "name": "Bronx Library Center", "boroname": "Bronx", "type": "Free", "provider": "NYPL", "location_t": "Library" }, "geometry": { "type": "Point", "coordinates": [ -73.894502886500007, 40.862980605200001 ] } },
{ "type": "Feature", "properties": { "objectid": 10208, "name": "0", "boroname": "Brooklyn", "type": "Free", "provider": "NYCHA", "location_t": "Outdoor" }, "geometry": { "type": "Point", "coordinates": [ -73.980103199799998, 40.695295 ] } },
{ "type": "Feature", "properties": { "objectid": 10693, "name": "mn-07-133810", "boroname": "Manhattan", "type": "Free", "provider": "LinkNYC - Citybridge", "location_t": "Outdoor Kiosk" }, "geometry": { "type": "Point", "coordinates": [ -73.977645649400003, 40.787246870300002 ] } },
{ "type": "Feature", "properties": { "objectid": 9620, "name": "mn-05-121484", "boroname": "Manhattan", "type": "Free", "provider": "LinkNYC - Citybridge", "location_t": "Outdoor Kiosk" }, "geometry": { "type": "Point", "coordinates": [ -73.980233299899993, 40.745863290099997 ] } },
{ "type": "Feature", "properties": { "objectid": 9915, "name": "Woodlawn Heights", "boroname": "Bronx", "type": "Free", "provider": "NYPL", "location_t": "Library" }, "geometry": { "type": "Point", "coordinates": [ -73.867942, 40.900439909799999 ] } },
{ "type": "Feature", "properties": { "objectid": 10498, "name": null, "boroname": "Manhattan", "type": "Free", "provider": "Chelsea", "location_t": "Outdoor" }, "geometry": { "type": "Point", "coordinates": [ -74.0073877576, 40.743192775899999 ] } },
{ "type": "Feature", "properties": { "objectid": 12643, "name": "bk-06-125928", "boroname": "Brooklyn", "type": "Free", "provider": "LinkNYC - Citybridge", "location_t": "Outdoor Kiosk" }, "geometry": { "type": "Point", "coordinates": [ -73.977446090499996, 40.680731799599997 ] } },
{ "type": "Feature", "properties": { "objectid": 11353, "name": "Times Square - 1, 2, 3", "boroname": "Manhattan", "type": "Free", "provider": "Transit Wireless", "location_t": "Subway Station" }, "geometry": { "type": "Point", "coordinates": [ -73.987495000500004, 40.75529 ] } },
{ "type": "Feature", "properties": { "objectid": 10192, "name": "qu-01-145921", "boroname": "Queens", "type": "Free", "provider": "LinkNYC - Citybridge", "location_t": "Outdoor Kiosk" }, "geometry": { "type": "Point", "coordinates": [ -73.925214610599994, 40.756520860199998 ] } },
{ "type": "Feature", "properties": { "objectid": 12330, "name": "mn-07-133632", "boroname": "Manhattan", "type": "Free", "provider": "LinkNYC - Citybridge", "location_t": "Outdoor Kiosk" }, "geometry": { "type": "Point", "coordinates": [ -73.974461999799999, 40.790690000200001 ] } },
{ "type": "Feature", "properties": { "objectid": 12221, "name": "mn-06-121521", "boroname": "Manhattan", "type": "Free", "provider": "LinkNYC - Citybridge", "location_t": "Outdoor Kiosk" }, "geometry": { "type": "Point", "coordinates": [ -73.976344299499999, 40.7483832896 ] } },
{ "type": "Feature", "properties": { "objectid": 12814, "name": "qu-12-141550", "boroname": "Queens", "type": "Free", "provider": "LinkNYC - Citybridge", "location_t": "Outdoor Kiosk" }, "geometry": { "type": "Point", "coordinates": [ -73.793786600100006, 40.705971429900003 ] } },
{ "type": "Feature", "properties": { "objectid": 12695, "name": "mn-06-134680", "boroname": "Manhattan", "type": "Free", "provider": "LinkNYC - Citybridge", "location_t": "Outdoor Kiosk" }, "geometry": { "type": "Point", "coordinates": [ -73.983198000200005, 40.7414809996 ] } },
{ "type": "Feature", "properties": { "objectid": 9809, "name": "Jackie Robinson Recreation Center", "boroname": "Manhattan", "type": "Limited Free", "provider": "SPECTRUM", "location_t": "Indoor" }, "geometry": { "type": "Point", "coordinates": [ -73.942464000599998, 40.824130999799998 ] } },
{ "type": "Feature", "properties": { "objectid": 12340, "name": "mn-07-133624", "boroname": "Manhattan", "type": "Free", "provider": "LinkNYC - Citybridge", "location_t": "Outdoor Kiosk" }, "geometry": { "type": "Point", "coordinates": [ -73.972648579700007, 40.7931808696 ] } },
{ "type": "Feature", "properties": { "objectid": 11645, "name": "Phil \"Scooter\" Rizzuto Park", "boroname": "Queens", "type": "Limited Free", "provider": "SPECTRUM", "location_t": "Outdoor TWC Aerial" }, "geometry": { "type": "Point", "coordinates": [ -73.822816999500006, 40.695076999599998 ] } },
{ "type": "Feature", "properties": { "objectid": 12660, "name": "mn-04-136982", "boroname": "Manhattan", "type": "Free", "provider": "LinkNYC - Citybridge", "location_t": "Outdoor Kiosk" }, "geometry": { "type": "Point", "coordinates": [ -73.991425000500001, 40.755499999900003 ] } },
{ "type": "Feature", "properties": { "objectid": 10935, "name": null, "boroname": "Manhattan", "type": "Free", "provider": "Harlem", "location_t": "Outdoor" }, "geometry": { "type": "Point", "coordinates": [ -73.944954999499998, 40.813930000200003 ] } },
{ "type": "Feature", "properties": { "objectid": 10258, "name": "bk-01-146000", "boroname": "Brooklyn", "type": "Free", "provider": "LinkNYC - Citybridge", "location_t": "Outdoor Kiosk" }, "geometry": { "type": "Point", "coordinates": [ -73.960301156200003, 40.717658228200001 ] } },
{ "type": "Feature", "properties": { "objectid": 12392, "name": "Euclid Av (A,C)", "boroname": "Brooklyn", "type": "Free", "provider": "Transit Wireless", "location_t": "Subway Station" }, "geometry": { "type": "Point", "coordinates": [ -73.872105999799999, 40.675377 ] } },
{ "type": "Feature", "properties": { "objectid": 9759, "name": "mn-05-138316", "boroname": "Manhattan", "type": "Free", "provider": "LinkNYC - Citybridge", "location_t": "Outdoor Kiosk" }, "geometry": { "type": "Point", "coordinates": [ -73.985380740500005, 40.742322060200003 ] } },
{ "type": "Feature", "properties": { "objectid": 11705, "name": "Coney Island Beach & Boardwalk", "boroname": "Brooklyn", "type": "Limited Free", "provider": "ALTICEUSA", "location_t": "Outdoor" }, "geometry": { "type": "Point", "coordinates": [ -73.985617999799999, 40.572674999599997 ] } },
{ "type": "Feature", "properties": { "objectid": 10483, "name": "Williamsbridge Oval", "boroname": "Bronx", "type": "Limited Free", "provider": "ALTICEUSA", "location_t": "Outdoor" }, "geometry": { "type": "Point", "coordinates": [ -73.875480000099998, 40.878444999700001 ] } },
{ "type": "Feature", "properties": { "objectid": 11690, "name": "Coney Island Beach & Boardwalk", "boroname": "Brooklyn", "type": "Limited Free", "provider": "ALTICEUSA", "location_t": "Outdoor" }, "geometry": { "type": "Point", "coordinates": [ -73.9773659998, 40.5735509999 ] } },
{ "type": "Feature", "properties": { "objectid": 10240, "name": "qu-02-146059", "boroname": "Queens", "type": "Free", "provider": "LinkNYC - Citybridge", "location_t": "Outdoor Kiosk" }, "geometry": { "type": "Point", "coordinates": [ -73.953483710200004, 40.744320490299998 ] } },
{ "type": "Feature", "properties": { "objectid": 10321, "name": "bk-05-145941", "boroname": "Brooklyn", "type": "Free", "provider": "LinkNYC - Citybridge", "location_t": "Outdoor Kiosk" }, "geometry": { "type": "Point", "coordinates": [ -73.870537409600004, 40.684060839700003 ] } },
{ "type": "Feature", "properties": { "objectid": 10967, "name": null, "boroname": "Manhattan", "type": "Free", "provider": "Harlem", "location_t": "Outdoor" }, "geometry": { "type": "Point", "coordinates": [ -73.945158000500001, 40.802683999899998 ] } },
{ "type": "Feature", "properties": { "objectid": 12589, "name": "mn-09-134828", "boroname": "Manhattan", "type": "Free", "provider": "LinkNYC - Citybridge", "location_t": "Outdoor Kiosk" }, "geometry": { "type": "Point", "coordinates": [ -73.950226150299997, 40.827043549800003 ] } },
{ "type": "Feature", "properties": { "objectid": 10064, "name": "Ozone Park", "boroname": "Queens", "type": "Free", "provider": "QPL", "location_t": "Library" }, "geometry": { "type": "Point", "coordinates": [ -73.846488728400004, 40.680861848200003 ] } },
{ "type": "Feature", "properties": { "objectid": 9842, "name": "Jackie Robinson Recreation Center", "boroname": "Manhattan", "type": "Limited Free", "provider": "SPECTRUM", "location_t": "Indoor" }, "geometry": { "type": "Point", "coordinates": [ -73.942464000599998, 40.824130999799998 ] } },
{ "type": "Feature", "properties": { "objectid": 9953, "name": "Court Square", "boroname": "Queens", "type": "Free", "provider": "QPL", "location_t": "Library" }, "geometry": { "type": "Point", "coordinates": [ -73.944243677900005, 40.747062420799999 ] } },
{ "type": "Feature", "properties": { "objectid": 12308, "name": "qu-02-124939", "boroname": "Queens", "type": "Free", "provider": "LinkNYC - Citybridge", "location_t": "Outdoor Kiosk" }, "geometry": { "type": "Point", "coordinates": [ -73.904655999699997, 40.741288000099999 ] } },
{ "type": "Feature", "properties": { "objectid": 12201, "name": "mn-08-135088", "boroname": "Manhattan", "type": "Free", "provider": "LinkNYC - Citybridge", "location_t": "Outdoor Kiosk" }, "geometry": { "type": "Point", "coordinates": [ -73.957408732299996, 40.765665452199997 ] } },
{ "type": "Feature", "properties": { "objectid": 11401, "name": "18 Street - 1", "boroname": "Manhattan", "type": "Free", "provider": "Transit Wireless", "location_t": "Subway Station" }, "geometry": { "type": "Point", "coordinates": [ -73.997870999400007, 40.741039999800002 ] } },
{ "type": "Feature", "properties": { "objectid": 11395, "name": "IRT-2-5-149TH ST - GRAND CONCOURSE", "boroname": "Bronx", "type": "Free", "provider": "Transit Wireless", "location_t": "Subway Station" }, "geometry": { "type": "Point", "coordinates": [ -73.926717999600001, 40.81841 ] } },
{ "type": "Feature", "properties": { "objectid": 10412, "name": null, "boroname": "Manhattan", "type": "Free", "provider": "Harlem", "location_t": "Outdoor" }, "geometry": { "type": "Point", "coordinates": [ -73.9461589995, 40.803785999799999 ] } },
{ "type": "Feature", "properties": { "objectid": 12905, "name": "mn-12-111803", "boroname": "Manhattan", "type": "Free", "provider": "LinkNYC - Citybridge", "location_t": "Outdoor Kiosk" }, "geometry": { "type": "Point", "coordinates": [ -73.9411590502, 40.8342453801 ] } },
{ "type": "Feature", "properties": { "objectid": 12538, "name": "mn-05-122631", "boroname": "Manhattan", "type": "Free", "provider": "LinkNYC - Citybridge", "location_t": "Outdoor Kiosk" }, "geometry": { "type": "Point", "coordinates": [ -73.979721000599994, 40.766148000199998 ] } },
{ "type": "Feature", "properties": { "objectid": 12910, "name": "bk-02-108350", "boroname": "Brooklyn", "type": "Free", "provider": "LinkNYC - Citybridge", "location_t": "Outdoor Kiosk" }, "geometry": { "type": "Point", "coordinates": [ -73.981920179599996, 40.687457269900001 ] } },
{ "type": "Feature", "properties": { "objectid": 12096, "name": "bx-05-119570", "boroname": "Bronx", "type": "Free", "provider": "LinkNYC - Citybridge", "location_t": "Outdoor Kiosk" }, "geometry": { "type": "Point", "coordinates": [ -73.899520570600004, 40.862085769700002 ] } },
{ "type": "Feature", "properties": { "objectid": 10799, "name": "IRT - East 143 St-St Mary's St (6)", "boroname": "Bronx", "type": "Free", "provider": "Transit Wireless", "location_t": "Subway Station" }, "geometry": { "type": "Point", "coordinates": [ -73.907657000599997, 40.808719 ] } },
{ "type": "Feature", "properties": { "objectid": 12232, "name": "mn-06-133527", "boroname": "Manhattan", "type": "Free", "provider": "LinkNYC - Citybridge", "location_t": "Outdoor Kiosk" }, "geometry": { "type": "Point", "coordinates": [ -73.984899999899994, 40.736214 ] } },
{ "type": "Feature", "properties": { "objectid": 9772, "name": "mn-02-123585", "boroname": "Manhattan", "type": "Free", "provider": "LinkNYC - Citybridge", "location_t": "Outdoor Kiosk" }, "geometry": { "type": "Point", "coordinates": [ -74.005671210200006, 40.738277779900002 ] } },
{ "type": "Feature", "properties": { "objectid": 9639, "name": "mn-10-145541", "boroname": "Manhattan", "type": "Free", "provider": "LinkNYC - Citybridge", "location_t": "Outdoor Kiosk" }, "geometry": { "type": "Point", "coordinates": [ -73.937279230399994, 40.829002480299998 ] } },
{ "type": "Feature", "properties": { "objectid": 11542, "name": "Lost Battalion Hall Recreation Center", "boroname": "Queens", "type": "Limited Free", "provider": "SPECTRUM", "location_t": "Indoor" }, "geometry": { "type": "Point", "coordinates": [ -73.865607000300002, 40.731674999799999 ] } },
{ "type": "Feature", "properties": { "objectid": 11582, "name": "Roy Wilkins Recreation Center", "boroname": "Queens", "type": "Limited Free", "provider": "SPECTRUM", "location_t": "Indoor" }, "geometry": { "type": "Point", "coordinates": [ -73.769558999599994, 40.687191 ] } },
{ "type": "Feature", "properties": { "objectid": 12345, "name": "bk-02-125681", "boroname": "Brooklyn", "type": "Free", "provider": "LinkNYC - Citybridge", "location_t": "Outdoor Kiosk" }, "geometry": { "type": "Point", "coordinates": [ -73.992186790199995, 40.69934194 ] } },
{ "type": "Feature", "properties": { "objectid": 10988, "name": "The Battery", "boroname": "Manhattan", "type": "Free", "provider": "AT&T", "location_t": "Outdoor" }, "geometry": { "type": "Point", "coordinates": [ -74.016799999599996, 40.702999999699998 ] } },
{ "type": "Feature", "properties": { "objectid": 11442, "name": "mn-06-121433", "boroname": "Manhattan", "type": "Free", "provider": "LinkNYC - Citybridge", "location_t": "Outdoor Kiosk" }, "geometry": { "type": "Point", "coordinates": [ -73.976189999699997, 40.7441540003 ] } },
{ "type": "Feature", "properties": { "objectid": 11269, "name": "mn-07-134318", "boroname": "Manhattan", "type": "Free", "provider": "LinkNYC - Citybridge", "location_t": "Outdoor Kiosk" }, "geometry": { "type": "Point", "coordinates": [ -73.97641054, 40.788705099700003 ] } },
{ "type": "Feature", "properties": { "objectid": 10812, "name": "Lower East Side-2 Av (F,V)", "boroname": "Manhattan", "type": "Free", "provider": "Transit Wireless", "location_t": "Subway Station" }, "geometry": { "type": "Point", "coordinates": [ -73.989938, 40.723401999799997 ] } },
{ "type": "Feature", "properties": { "objectid": 9695, "name": "Prospect Park", "boroname": "Brooklyn", "type": "Limited Free", "provider": "ALTICEUSA", "location_t": "Outdoor" }, "geometry": { "type": "Point", "coordinates": [ -73.965252000299998, 40.661197000400001 ] } },
{ "type": "Feature", "properties": { "objectid": 10273, "name": "qu-01-145934", "boroname": "Queens", "type": "Free", "provider": "LinkNYC - Citybridge", "location_t": "Outdoor Kiosk" }, "geometry": { "type": "Point", "coordinates": [ -73.919172996900002, 40.765785254 ] } },
{ "type": "Feature", "properties": { "objectid": 10578, "name": "St. Mary's Park", "boroname": "Bronx", "type": "Limited Free", "provider": "ALTICEUSA", "location_t": "Indoor" }, "geometry": { "type": "Point", "coordinates": [ -73.914137999900007, 40.811544 ] } },
{ "type": "Feature", "properties": { "objectid": 10999, "name": "Battery Park City Library", "boroname": "Manhattan", "type": "Free", "provider": "NYPL", "location_t": "Library" }, "geometry": { "type": "Point", "coordinates": [ -74.016213835900004, 40.715488154399999 ] } },
{ "type": "Feature", "properties": { "objectid": 9814, "name": "Thomas Paine Park", "boroname": "Manhattan", "type": "Free", "provider": "AT&T", "location_t": "Outdoor" }, "geometry": { "type": "Point", "coordinates": [ -74.002800000199997, 40.714799999900002 ] } },
{ "type": "Feature", "properties": { "objectid": 12144, "name": "mn-07-121323", "boroname": "Manhattan", "type": "Free", "provider": "LinkNYC - Citybridge", "location_t": "Outdoor Kiosk" }, "geometry": { "type": "Point", "coordinates": [ -73.982366869700002, 40.775443279599997 ] } },
{ "type": "Feature", "properties": { "objectid": 12567, "name": "mn-04-122567", "boroname": "Manhattan", "type": "Free", "provider": "LinkNYC - Citybridge", "location_t": "Outdoor Kiosk" }, "geometry": { "type": "Point", "coordinates": [ -73.99233961, 40.754139920299998 ] } },
{ "type": "Feature", "properties": { "objectid": 11658, "name": "Bensonhurst Park", "boroname": "Brooklyn", "type": "Limited Free", "provider": "ALTICEUSA", "location_t": "Outdoor" }, "geometry": { "type": "Point", "coordinates": [ -74.001112000500001, 40.5975849999 ] } },
{ "type": "Feature", "properties": { "objectid": 9869, "name": null, "boroname": "Brooklyn", "type": "Free", "provider": "Downtown Brooklyn", "location_t": "Outdoor" }, "geometry": { "type": "Point", "coordinates": [ -73.988346999599997, 40.6936359997 ] } },
{ "type": "Feature", "properties": { "objectid": 11903, "name": "qu-01-125042", "boroname": "Queens", "type": "Free", "provider": "LinkNYC - Citybridge", "location_t": "Outdoor Kiosk" }, "geometry": { "type": "Point", "coordinates": [ -73.929398640200006, 40.7541882302 ] } },
{ "type": "Feature", "properties": { "objectid": 10049, "name": "Throg's Neck", "boroname": "Bronx", "type": "Free", "provider": "NYPL", "location_t": "Library" }, "geometry": { "type": "Point", "coordinates": [ -73.8190936365, 40.822903571399998 ] } },
{ "type": "Feature", "properties": { "objectid": 10772, "name": "125 St (A,B,C,D)", "boroname": "Manhattan", "type": "Free", "provider": "Transit Wireless", "location_t": "Subway Station" }, "geometry": { "type": "Point", "coordinates": [ -73.952343000499994, 40.811109000099997 ] } },
{ "type": "Feature", "properties": { "objectid": 11369, "name": "PARSONS - ARCHER (JAMAICA CENTER)", "boroname": "Queens", "type": "Free", "provider": "Transit Wireless", "location_t": "Subway Station" }, "geometry": { "type": "Point", "coordinates": [ -73.801108999500002, 40.702147 ] } },
{ "type": "Feature", "properties": { "objectid": 10301, "name": "bk-07-145867", "boroname": "Brooklyn", "type": "Free", "provider": "LinkNYC - Citybridge", "location_t": "Outdoor Kiosk" }, "geometry": { "type": "Point", "coordinates": [ -73.9960170003, 40.662188999800001 ] } },
{ "type": "Feature", "properties": { "objectid": 11502, "name": "Midland Beach and Franklin D. Roosevelt Boardwalk", "boroname": "Staten Island", "type": "Limited Free", "provider": "SPECTRUM", "location_t": "Outdoor" }, "geometry": { "type": "Point", "coordinates": [ -74.0768009998, 40.578630999600001 ] } },
{ "type": "Feature", "properties": { "objectid": 11482, "name": "mn-06-123287", "boroname": "Manhattan", "type": "Free", "provider": "LinkNYC - Citybridge", "location_t": "Outdoor Kiosk" }, "geometry": { "type": "Point", "coordinates": [ -73.986172939599996, 40.732960500399997 ] } },
{ "type": "Feature", "properties": { "objectid": 10712, "name": "mn-03-123816", "boroname": "Manhattan", "type": "Free", "provider": "LinkNYC - Citybridge", "location_t": "Outdoor Kiosk" }, "geometry": { "type": "Point", "coordinates": [ -73.987938000300005, 40.732038999899999 ] } },
{ "type": "Feature", "properties": { "objectid": 11188, "name": "qu-01-125148", "boroname": "Queens", "type": "Free", "provider": "LinkNYC - Citybridge", "location_t": "Outdoor Kiosk" }, "geometry": { "type": "Point", "coordinates": [ -73.915051239500002, 40.763686060200001 ] } },
{ "type": "Feature", "properties": { "objectid": 12834, "name": "mn-08-120985", "boroname": "Manhattan", "type": "Free", "provider": "LinkNYC - Citybridge", "location_t": "Outdoor Kiosk" }, "geometry": { "type": "Point", "coordinates": [ -73.962254640099999, 40.767854889699997 ] } },
{ "type": "Feature", "properties": { "objectid": 10442, "name": "Cunningham Park", "boroname": "Queens", "type": "Limited Free", "provider": "SPECTRUM", "location_t": "Outdoor" }, "geometry": { "type": "Point", "coordinates": [ -73.773841000100006, 40.729869 ] } },
{ "type": "Feature", "properties": { "objectid": 11469, "name": "mn-04-122456", "boroname": "Manhattan", "type": "Free", "provider": "LinkNYC - Citybridge", "location_t": "Outdoor Kiosk" }, "geometry": { "type": "Point", "coordinates": [ -73.993642340099996, 40.762328410400002 ] } },
{ "type": "Feature", "properties": { "objectid": 9970, "name": "Van Nest", "boroname": "Bronx", "type": "Free", "provider": "NYPL", "location_t": "Library" }, "geometry": { "type": "Point", "coordinates": [ -73.864143580100006, 40.854877784800003 ] } },
{ "type": "Feature", "properties": { "objectid": 10027, "name": "Ulmer Park - Brooklyn Public Library", "boroname": "Brooklyn", "type": "Free", "provider": "BPL", "location_t": "Library" }, "geometry": { "type": "Point", "coordinates": [ -73.9886820957, 40.592653129699997 ] } },
{ "type": "Feature", "properties": { "objectid": 12196, "name": "mn-05-135639", "boroname": "Manhattan", "type": "Free", "provider": "LinkNYC - Citybridge", "location_t": "Outdoor Kiosk" }, "geometry": { "type": "Point", "coordinates": [ -73.982768249900005, 40.74533995 ] } },
{ "type": "Feature", "properties": { "objectid": 12372, "name": "Jefferson St (L)", "boroname": "Brooklyn", "type": "Free", "provider": "Transit Wireless", "location_t": "Subway Station" }, "geometry": { "type": "Point", "coordinates": [ -73.922912999600001, 40.7066070001 ] } },
{ "type": "Feature", "properties": { "objectid": 10625, "name": "mn-11-120222", "boroname": "Manhattan", "type": "Free", "provider": "LinkNYC - Citybridge", "location_t": "Outdoor Kiosk" }, "geometry": { "type": "Point", "coordinates": [ -73.94398813, 40.792296700100003 ] } },
{ "type": "Feature", "properties": { "objectid": 10525, "name": "McCarren Park", "boroname": "Brooklyn", "type": "Limited Free", "provider": "SPECTRUM", "location_t": "Outdoor" }, "geometry": { "type": "Point", "coordinates": [ -73.949510999799998, 40.7200789997 ] } },
{ "type": "Feature", "properties": { "objectid": 11523, "name": null, "boroname": "Brooklyn", "type": "Free", "provider": "Downtown Brooklyn", "location_t": "Outdoor" }, "geometry": { "type": "Point", "coordinates": [ -73.9819749997, 40.689333999799999 ] } },
{ "type": "Feature", "properties": { "objectid": 12722, "name": "mn-05-134122", "boroname": "Manhattan", "type": "Free", "provider": "LinkNYC - Citybridge", "location_t": "Outdoor Kiosk" }, "geometry": { "type": "Point", "coordinates": [ -73.975142970099995, 40.758649310400003 ] } },
{ "type": "Feature", "properties": { "objectid": 10918, "name": null, "boroname": "Manhattan", "type": "Free", "provider": "Harlem", "location_t": "Outdoor" }, "geometry": { "type": "Point", "coordinates": [ -73.939065, 40.807594000400002 ] } },
{ "type": "Feature", "properties": { "objectid": 11808, "name": "bk-02-126904", "boroname": "Brooklyn", "type": "Free", "provider": "LinkNYC - Citybridge", "location_t": "Outdoor Kiosk" }, "geometry": { "type": "Point", "coordinates": [ -73.994227099499994, 40.694725540299999 ] } },
{ "type": "Feature", "properties": { "objectid": 11165, "name": "mn-10-119897", "boroname": "Manhattan", "type": "Free", "provider": "LinkNYC - Citybridge", "location_t": "Outdoor Kiosk" }, "geometry": { "type": "Point", "coordinates": [ -73.942234680499993, 40.822214860199999 ] } },
{ "type": "Feature", "properties": { "objectid": 12744, "name": "mn-03-108589", "boroname": "Manhattan", "type": "Free", "provider": "LinkNYC - Citybridge", "location_t": "Outdoor Kiosk" }, "geometry": { "type": "Point", "coordinates": [ -73.9940664903, 40.7199070697 ] } },
{ "type": "Feature", "properties": { "objectid": 12675, "name": "mn-04-122620", "boroname": "Manhattan", "type": "Free", "provider": "LinkNYC - Citybridge", "location_t": "Outdoor Kiosk" }, "geometry": { "type": "Point", "coordinates": [ -73.984767000199994, 40.764338000400002 ] } },
{ "type": "Feature", "properties": { "objectid": 10857, "name": "Joyce Kilmer Park", "boroname": "Bronx", "type": "Limited Free", "provider": "ALTICEUSA", "location_t": "Outdoor" }, "geometry": { "type": "Point", "coordinates": [ -73.922677000500002, 40.827830999900002 ] } },
{ "type": "Feature", "properties": { "objectid": 11600, "name": "Snug Harbor Cultural Center", "boroname": "Staten Island", "type": "Limited Free", "provider": "SPECTRUM", "location_t": "Outdoor" }, "geometry": { "type": "Point", "coordinates": [ -74.102245000600007, 40.643782000100003 ] } },
{ "type": "Feature", "properties": { "objectid": 11614, "name": "Thomas Jefferson Park", "boroname": "Manhattan", "type": "Limited Free", "provider": "SPECTRUM", "location_t": "Indoor" }, "geometry": { "type": "Point", "coordinates": [ -73.936816000500002, 40.793669000199998 ] } },
{ "type": "Feature", "properties": { "objectid": 10680, "name": "mn-07-133393", "boroname": "Manhattan", "type": "Free", "provider": "LinkNYC - Citybridge", "location_t": "Outdoor Kiosk" }, "geometry": { "type": "Point", "coordinates": [ -73.979563999500002, 40.784711999599999 ] } },
{ "type": "Feature", "properties": { "objectid": 11427, "name": "mn-08-121708", "boroname": "Manhattan", "type": "Free", "provider": "LinkNYC - Citybridge", "location_t": "Outdoor Kiosk" }, "geometry": { "type": "Point", "coordinates": [ -73.961663140200002, 40.7603599798 ] } },
{ "type": "Feature", "properties": { "objectid": 12871, "name": "mn-11-120218", "boroname": "Manhattan", "type": "Free", "provider": "LinkNYC - Citybridge", "location_t": "Outdoor Kiosk" }, "geometry": { "type": "Point", "coordinates": [ -73.949031269700001, 40.785817690099996 ] } },
{ "type": "Feature", "properties": { "objectid": 12803, "name": "mn-01-136177", "boroname": "Manhattan", "type": "Free", "provider": "LinkNYC - Citybridge", "location_t": "Outdoor Kiosk" }, "geometry": { "type": "Point", "coordinates": [ -74.009082410299996, 40.703909799800002 ] } },
{ "type": "Feature", "properties": { "objectid": 11328, "name": "Alley Pond Park", "boroname": "Queens", "type": "Limited Free", "provider": "SPECTRUM", "location_t": "Outdoor" }, "geometry": { "type": "Point", "coordinates": [ -73.737718000200005, 40.739154 ] } },
{ "type": "Feature", "properties": { "objectid": 11732, "name": "qu-01-133970", "boroname": "Queens", "type": "Free", "provider": "LinkNYC - Citybridge", "location_t": "Outdoor Kiosk" }, "geometry": { "type": "Point", "coordinates": [ -73.92211147, 40.7673067797 ] } },
{ "type": "Feature", "properties": { "objectid": 11210, "name": "mn-05-121567", "boroname": "Manhattan", "type": "Free", "provider": "LinkNYC - Citybridge", "location_t": "Outdoor Kiosk" }, "geometry": { "type": "Point", "coordinates": [ -73.982506329800003, 40.745142340299999 ] } },
{ "type": "Feature", "properties": { "objectid": 12052, "name": "mn-02-123120", "boroname": "Manhattan", "type": "Free", "provider": "LinkNYC - Citybridge", "location_t": "Outdoor Kiosk" }, "geometry": { "type": "Point", "coordinates": [ -73.997990119500002, 40.73598356 ] } },
{ "type": "Feature", "properties": { "objectid": 10290, "name": "bk-06-145891", "boroname": "Brooklyn", "type": "Free", "provider": "LinkNYC - Citybridge", "location_t": "Outdoor Kiosk" }, "geometry": { "type": "Point", "coordinates": [ -73.977038000299999, 40.681596 ] } },
{ "type": "Feature", "properties": { "objectid": 11673, "name": "Brownsville Recreation Center", "boroname": "Brooklyn", "type": "Limited Free", "provider": "ALTICEUSA", "location_t": "Indoor" }, "geometry": { "type": "Point", "coordinates": [ -73.902850000200004, 40.6559 ] } },
{ "type": "Feature", "properties": { "objectid": 10740, "name": "Crotona Park", "boroname": "Bronx", "type": "Limited Free", "provider": "ALTICEUSA", "location_t": "Outdoor" }, "geometry": { "type": "Point", "coordinates": [ -73.892960999899998, 40.8416259997 ] } },
{ "type": "Feature", "properties": { "objectid": 12001, "name": "qu-01-125095", "boroname": "Queens", "type": "Free", "provider": "LinkNYC - Citybridge", "location_t": "Outdoor Kiosk" }, "geometry": { "type": "Point", "coordinates": [ -73.927935280499995, 40.7630995 ] } },
{ "type": "Feature", "properties": { "objectid": 11880, "name": "mn-12-120658", "boroname": "Manhattan", "type": "Free", "provider": "LinkNYC - Citybridge", "location_t": "Outdoor Kiosk" }, "geometry": { "type": "Point", "coordinates": [ -73.932869999399998, 40.8506830002 ] } },
{ "type": "Feature", "properties": { "objectid": 12690, "name": "mn-04-122580", "boroname": "Manhattan", "type": "Free", "provider": "LinkNYC - Citybridge", "location_t": "Outdoor Kiosk" }, "geometry": { "type": "Point", "coordinates": [ -73.987972290100004, 40.75993686 ] } },
{ "type": "Feature", "properties": { "objectid": 12829, "name": "mn-08-138320", "boroname": "Manhattan", "type": "Free", "provider": "LinkNYC - Citybridge", "location_t": "Outdoor Kiosk" }, "geometry": { "type": "Point", "coordinates": [ -73.963554000499997, 40.766059999699998 ] } },
{ "type": "Feature", "properties": { "objectid": 12850, "name": "mn-08-121010", "boroname": "Manhattan", "type": "Free", "provider": "LinkNYC - Citybridge", "location_t": "Outdoor Kiosk" }, "geometry": { "type": "Point", "coordinates": [ -73.955930739899998, 40.776366049899998 ] } },
{ "type": "Feature", "properties": { "objectid": 10557, "name": "Madison Square Park", "boroname": "Manhattan", "type": "Limited Free", "provider": "SPECTRUM", "location_t": "Outdoor" }, "geometry": { "type": "Point", "coordinates": [ -73.988300000099997, 40.743100000399998 ] } },
{ "type": "Feature", "properties": { "objectid": 11874, "name": "bx-05-119598", "boroname": "Bronx", "type": "Free", "provider": "LinkNYC - Citybridge", "location_t": "Outdoor Kiosk" }, "geometry": { "type": "Point", "coordinates": [ -73.908266000599994, 40.851329000299998 ] } },
{ "type": "Feature", "properties": { "objectid": 12925, "name": "mn-07-120936", "boroname": "Manhattan", "type": "Free", "provider": "LinkNYC - Citybridge", "location_t": "Outdoor Kiosk" }, "geometry": { "type": "Point", "coordinates": [ -73.980949709399994, 40.774266279800003 ] } },
{ "type": "Feature", "properties": { "objectid": 11384, "name": "103 St (6)", "boroname": "Manhattan", "type": "Free", "provider": "Transit Wireless", "location_t": "Subway Station" }, "geometry": { "type": "Point", "coordinates": [ -73.947478000299995, 40.7906000001 ] } },
{ "type": "Feature", "properties": { "objectid": 11540, "name": "London Planetree Playground", "boroname": "Queens", "type": "Limited Free", "provider": "SPECTRUM", "location_t": "Outdoor TWC Aerial" }, "geometry": { "type": "Point", "coordinates": [ -73.853153000299997, 40.687073000200002 ] } },
{ "type": "Feature", "properties": { "objectid": 11946, "name": "bk-03-145759", "boroname": "Brooklyn", "type": "Free", "provider": "LinkNYC - Citybridge", "location_t": "Outdoor Kiosk" }, "geometry": { "type": "Point", "coordinates": [ -73.939101009699996, 40.6797519303 ] } },
{ "type": "Feature", "properties": { "objectid": 10038, "name": "Park Slope - Brooklyn Public Library", "boroname": "Brooklyn", "type": "Free", "provider": "BPL", "location_t": "Library" }, "geometry": { "type": "Point", "coordinates": [ -73.983427432900001, 40.668216693300003 ] } },
{ "type": "Feature", "properties": { "objectid": 10924, "name": null, "boroname": "Manhattan", "type": "Free", "provider": "Harlem", "location_t": "Outdoor" }, "geometry": { "type": "Point", "coordinates": [ -73.946231, 40.812037000300002 ] } },
{ "type": "Feature", "properties": { "objectid": 11744, "name": "mn-05-136609", "boroname": "Manhattan", "type": "Free", "provider": "LinkNYC - Citybridge", "location_t": "Outdoor Kiosk" }, "geometry": { "type": "Point", "coordinates": [ -73.9914723702, 40.744933170400003 ] } },
{ "type": "Feature", "properties": { "objectid": 11695, "name": "Coney Island Beach & Boardwalk", "boroname": "Brooklyn", "type": "Limited Free", "provider": "ALTICEUSA", "location_t": "Outdoor" }, "geometry": { "type": "Point", "coordinates": [ -73.978936999699997, 40.573384000099999 ] } },
{ "type": "Feature", "properties": { "objectid": 12900, "name": "mn-09-131062", "boroname": "Manhattan", "type": "Free", "provider": "LinkNYC - Citybridge", "location_t": "Outdoor Kiosk" }, "geometry": { "type": "Point", "coordinates": [ -73.943755973, 40.830335635099999 ] } },
{ "type": "Feature", "properties": { "objectid": 11749, "name": "mn-07-134708", "boroname": "Manhattan", "type": "Free", "provider": "LinkNYC - Citybridge", "location_t": "Outdoor Kiosk" }, "geometry": { "type": "Point", "coordinates": [ -73.96800953, 40.79237863 ] } },
{ "type": "Feature", "properties": { "objectid": 12424, "name": "34 St-Penn Station (A,C,E)", "boroname": "Manhattan", "type": "Free", "provider": "Transit Wireless", "location_t": "Subway Station" }, "geometry": { "type": "Point", "coordinates": [ -73.993390999699997, 40.752286999900001 ] } },
{ "type": "Feature", "properties": { "objectid": 10326, "name": "bk-05-145931", "boroname": "Brooklyn", "type": "Free", "provider": "LinkNYC - Citybridge", "location_t": "Outdoor Kiosk" }, "geometry": { "type": "Point", "coordinates": [ -73.897463530300001, 40.677221650200003 ] } },
{ "type": "Feature", "properties": { "objectid": 12296, "name": "qu-09-108790", "boroname": "Queens", "type": "Free", "provider": "LinkNYC - Citybridge", "location_t": "Outdoor Kiosk" }, "geometry": { "type": "Point", "coordinates": [ -73.826204880199995, 40.700926429900001 ] } },
{ "type": "Feature", "properties": { "objectid": 11956, "name": "qu-04-145772", "boroname": "Queens", "type": "Free", "provider": "LinkNYC - Citybridge", "location_t": "Outdoor Kiosk" }, "geometry": { "type": "Point", "coordinates": [ -73.873658000299997, 40.734162000399998 ] } },
{ "type": "Feature", "properties": { "objectid": 11939, "name": "bk-03-145784", "boroname": "Brooklyn", "type": "Free", "provider": "LinkNYC - Citybridge", "location_t": "Outdoor Kiosk" }, "geometry": { "type": "Point", "coordinates": [ -73.956201260200004, 40.681315249800001 ] } },
{ "type": "Feature", "properties": { "objectid": 10993, "name": "Brooklyn Heights Promenade", "boroname": "Brooklyn", "type": "Limited Free", "provider": "SPECTRUM", "location_t": "Outdoor" }, "geometry": { "type": "Point", "coordinates": [ -73.9974860003, 40.696988999600002 ] } },
{ "type": "Feature", "properties": { "objectid": 9736, "name": "Hunter's Point South Park", "boroname": "Queens", "type": "Limited Free", "provider": "SPECTRUM", "location_t": "Outdoor" }, "geometry": { "type": "Point", "coordinates": [ -73.961256000299997, 40.7419939997 ] } },
{ "type": "Feature", "properties": { "objectid": 10447, "name": "Elmhurst Park", "boroname": "Queens", "type": "Limited Free", "provider": "SPECTRUM", "location_t": "Outdoor TWC Aerial" }, "geometry": { "type": "Point", "coordinates": [ -73.883750999599997, 40.7288380002 ] } },
{ "type": "Feature", "properties": { "objectid": 11464, "name": "mn-07-120267", "boroname": "Manhattan", "type": "Free", "provider": "LinkNYC - Citybridge", "location_t": "Outdoor Kiosk" }, "geometry": { "type": "Point", "coordinates": [ -73.967855330299997, 40.8029842296 ] } },
{ "type": "Feature", "properties": { "objectid": 12540, "name": "mn-05-122814", "boroname": "Manhattan", "type": "Free", "provider": "LinkNYC - Citybridge", "location_t": "Outdoor Kiosk" }, "geometry": { "type": "Point", "coordinates": [ -73.983898679800006, 40.754950979599997 ] } },
{ "type": "Feature", "properties": { "objectid": 10496, "name": "11", "boroname": "Manhattan", "type": "Free", "provider": "Manhattan Down Alliance", "location_t": "Outdoor" }, "geometry": { "type": "Point", "coordinates": [ -74.0089035, 40.704700499799998 ] } },
{ "type": "Feature", "properties": { "objectid": 11183, "name": "qu-01-125170", "boroname": "Queens", "type": "Free", "provider": "LinkNYC - Citybridge", "location_t": "Outdoor Kiosk" }, "geometry": { "type": "Point", "coordinates": [ -73.93142777, 40.7651601902 ] } },
{ "type": "Feature", "properties": { "objectid": 11479, "name": "mn-05-123158", "boroname": "Manhattan", "type": "Free", "provider": "LinkNYC - Citybridge", "location_t": "Outdoor Kiosk" }, "geometry": { "type": "Point", "coordinates": [ -73.989871000199997, 40.735187000300002 ] } },
{ "type": "Feature", "properties": { "objectid": 11837, "name": "qu-03-146071", "boroname": "Queens", "type": "Free", "provider": "LinkNYC - Citybridge", "location_t": "Outdoor Kiosk" }, "geometry": { "type": "Point", "coordinates": [ -73.886455449799996, 40.7494585504 ] } },
{ "type": "Feature", "properties": { "objectid": 12128, "name": "mn-05-136396", "boroname": "Manhattan", "type": "Free", "provider": "LinkNYC - Citybridge", "location_t": "Outdoor Kiosk" }, "geometry": { "type": "Point", "coordinates": [ -73.993601019699994, 40.736200579699997 ] } },
{ "type": "Feature", "properties": { "objectid": 9666, "name": "mn-05-135179", "boroname": "Manhattan", "type": "Free", "provider": "LinkNYC - Citybridge", "location_t": "Outdoor Kiosk" }, "geometry": { "type": "Point", "coordinates": [ -73.990592200400002, 40.751224320200002 ] } },
{ "type": "Feature", "properties": { "objectid": 12175, "name": "mn-04-135877", "boroname": "Manhattan", "type": "Free", "provider": "LinkNYC - Citybridge", "location_t": "Outdoor Kiosk" }, "geometry": { "type": "Point", "coordinates": [ -73.989043370499999, 40.76826158 ] } },
{ "type": "Feature", "properties": { "objectid": 10177, "name": "qu-01-145923", "boroname": "Queens", "type": "Free", "provider": "LinkNYC - Citybridge", "location_t": "Outdoor Kiosk" }, "geometry": { "type": "Point", "coordinates": [ -73.932215640099997, 40.753718220300001 ] } },
{ "type": "Feature", "properties": { "objectid": 9727, "name": "Hansborough Recreation Center", "boroname": "Manhattan", "type": "Limited Free", "provider": "SPECTRUM", "location_t": "Indoor" }, "geometry": { "type": "Point", "coordinates": [ -73.939356999599994, 40.812680999599998 ] } },
{ "type": "Feature", "properties": { "objectid": 9942, "name": "Columbus", "boroname": "Manhattan", "type": "Free", "provider": "NYPL", "location_t": "Library" }, "geometry": { "type": "Point", "coordinates": [ -73.991220817799999, 40.764934618399998 ] } },
{ "type": "Feature", "properties": { "objectid": 9802, "name": "Thomas Jefferson Park", "boroname": "Manhattan", "type": "Free", "provider": "AT&T", "location_t": "Outdoor" }, "geometry": { "type": "Point", "coordinates": [ -73.935400000300007, 40.793099999600003 ] } },
{ "type": "Feature", "properties": { "objectid": 11599, "name": "Snug Harbor Cultural Center", "boroname": "Staten Island", "type": "Limited Free", "provider": "SPECTRUM", "location_t": "Outdoor" }, "geometry": { "type": "Point", "coordinates": [ -74.102026000500004, 40.641962999699999 ] } },
{ "type": "Feature", "properties": { "objectid": 12381, "name": "Lafayette Av (C)", "boroname": "Brooklyn", "type": "Free", "provider": "Transit Wireless", "location_t": "Subway Station" }, "geometry": { "type": "Point", "coordinates": [ -73.973945999700007, 40.686113000200002 ] } },
{ "type": "Feature", "properties": { "objectid": 11313, "name": "Alfred E. Smith Playground", "boroname": "Manhattan", "type": "Limited Free", "provider": "SPECTRUM", "location_t": "Indoor" }, "geometry": { "type": "Point", "coordinates": [ -73.997979999899997, 40.7102499999 ] } },
{ "type": "Feature", "properties": { "objectid": 11854, "name": "qu-03-134080", "boroname": "Queens", "type": "Free", "provider": "LinkNYC - Citybridge", "location_t": "Outdoor Kiosk" }, "geometry": { "type": "Point", "coordinates": [ -73.888492, 40.747223429599998 ] } },
{ "type": "Feature", "properties": { "objectid": 11176, "name": "bk-08-127044", "boroname": "Brooklyn", "type": "Free", "provider": "LinkNYC - Citybridge", "location_t": "Outdoor Kiosk" }, "geometry": { "type": "Point", "coordinates": [ -73.949798449400006, 40.678268080400002 ] } },
{ "type": "Feature", "properties": { "objectid": 9901, "name": null, "boroname": "Brooklyn", "type": "Free", "provider": "Downtown Brooklyn", "location_t": "Outdoor" }, "geometry": { "type": "Point", "coordinates": [ -73.983969999600006, 40.695577999800001 ] } },
{ "type": "Feature", "properties": { "objectid": 12260, "name": "mn-06-138165", "boroname": "Manhattan", "type": "Free", "provider": "LinkNYC - Citybridge", "location_t": "Outdoor Kiosk" }, "geometry": { "type": "Point", "coordinates": [ -73.976965000199996, 40.747672000100003 ] } },
{ "type": "Feature", "properties": { "objectid": 10518, "name": null, "boroname": "Manhattan", "type": "Free", "provider": "Chelsea", "location_t": "Outdoor" }, "geometry": { "type": "Point", "coordinates": [ -74.001975059100005, 40.740274536299999 ] } },
{ "type": "Feature", "properties": { "objectid": 9964, "name": "Rosedale", "boroname": "Queens", "type": "Free", "provider": "QPL", "location_t": "Library" }, "geometry": { "type": "Point", "coordinates": [ -73.7399110132, 40.659963623099998 ] } },
{ "type": "Feature", "properties": { "objectid": 12211, "name": "mn-05-123137", "boroname": "Manhattan", "type": "Free", "provider": "LinkNYC - Citybridge", "location_t": "Outdoor Kiosk" }, "geometry": { "type": "Point", "coordinates": [ -73.995264240400004, 40.739335579799999 ] } },
{ "type": "Feature", "properties": { "objectid": 10610, "name": "mn-01-108151", "boroname": "Manhattan", "type": "Free", "provider": "LinkNYC - Citybridge", "location_t": "Outdoor Kiosk" }, "geometry": { "type": "Point", "coordinates": [ -74.007185059799994, 40.715726900299998 ] } },
{ "type": "Feature", "properties": { "objectid": 9884, "name": null, "boroname": "Brooklyn", "type": "Free", "provider": "Downtown Brooklyn", "location_t": "Outdoor" }, "geometry": { "type": "Point", "coordinates": [ -73.988303999899998, 40.6921780001 ] } },
{ "type": "Feature", "properties": { "objectid": 12865, "name": "mn-08-119822", "boroname": "Manhattan", "type": "Free", "provider": "LinkNYC - Citybridge", "location_t": "Outdoor Kiosk" }, "geometry": { "type": "Point", "coordinates": [ -73.952400000500006, 40.780782 ] } },
{ "type": "Feature", "properties": { "objectid": 10890, "name": "mn-06-121769", "boroname": "Manhattan", "type": "Free", "provider": "LinkNYC - Citybridge", "location_t": "Outdoor Kiosk" }, "geometry": { "type": "Point", "coordinates": [ -73.965588909600001, 40.75868871 ] } },
{ "type": "Feature", "properties": { "objectid": 10152, "name": null, "boroname": "Manhattan", "type": "Free", "provider": "Harlem", "location_t": "Outdoor" }, "geometry": { "type": "Point", "coordinates": [ -73.950495000299995, 40.808843000099998 ] } },
{ "type": "Feature", "properties": { "objectid": 10959, "name": null, "boroname": "Manhattan", "type": "Free", "provider": "Harlem", "location_t": "Outdoor" }, "geometry": { "type": "Point", "coordinates": [ -73.952941999900005, 40.8035109996 ] } },
{ "type": "Feature", "properties": { "objectid": 11129, "name": "bk-09-145844", "boroname": "Brooklyn", "type": "Free", "provider": "LinkNYC - Citybridge", "location_t": "Outdoor Kiosk" }, "geometry": { "type": "Point", "coordinates": [ -73.950605000300001, 40.662438000400002 ] } },
{ "type": "Feature", "properties": { "objectid": 11140, "name": "qu-01-145922", "boroname": "Queens", "type": "Free", "provider": "LinkNYC - Citybridge", "location_t": "Outdoor Kiosk" }, "geometry": { "type": "Point", "coordinates": [ -73.923341000400001, 40.761088999800002 ] } },
{ "type": "Feature", "properties": { "objectid": 10331, "name": "bk-16-145963", "boroname": "Brooklyn", "type": "Free", "provider": "LinkNYC - Citybridge", "location_t": "Outdoor Kiosk" }, "geometry": { "type": "Point", "coordinates": [ -73.904300670500007, 40.677861549600003 ] } },
{ "type": "Feature", "properties": { "objectid": 11487, "name": "mn-04-123504", "boroname": "Manhattan", "type": "Free", "provider": "LinkNYC - Citybridge", "location_t": "Outdoor Kiosk" }, "geometry": { "type": "Point", "coordinates": [ -74.006903709499994, 40.748757839600003 ] } },
{ "type": "Feature", "properties": { "objectid": 12273, "name": "mn-06-121531", "boroname": "Manhattan", "type": "Free", "provider": "LinkNYC - Citybridge", "location_t": "Outdoor Kiosk" }, "geometry": { "type": "Point", "coordinates": [ -73.973253849399995, 40.752622850100003 ] } },
{ "type": "Feature", "properties": { "objectid": 10717, "name": "mn-03-123367", "boroname": "Manhattan", "type": "Free", "provider": "LinkNYC - Citybridge", "location_t": "Outdoor Kiosk" }, "geometry": { "type": "Point", "coordinates": [ -73.989850000199993, 40.719214999899997 ] } },
{ "type": "Feature", "properties": { "objectid": 10930, "name": null, "boroname": "Manhattan", "type": "Free", "provider": "Harlem", "location_t": "Outdoor" }, "geometry": { "type": "Point", "coordinates": [ -73.946993000299997, 40.814124999800001 ] } },
{ "type": "Feature", "properties": { "objectid": 11308, "name": null, "boroname": "Manhattan", "type": "Free", "provider": "Chelsea", "location_t": "Outdoor" }, "geometry": { "type": "Point", "coordinates": [ -74.005043507099998, 40.744127560899997 ] } },
{ "type": "Feature", "properties": { "objectid": 12854, "name": "mn-08-121020", "boroname": "Manhattan", "type": "Free", "provider": "LinkNYC - Citybridge", "location_t": "Outdoor Kiosk" }, "geometry": { "type": "Point", "coordinates": [ -73.955153000099997, 40.777527999599997 ] } },
{ "type": "Feature", "properties": { "objectid": 10844, "name": "Canal St (A,C,E)", "boroname": "Manhattan", "type": "Free", "provider": "Transit Wireless", "location_t": "Subway Station" }, "geometry": { "type": "Point", "coordinates": [ -74.005229, 40.720824000100002 ] } },
{ "type": "Feature", "properties": { "objectid": 12243, "name": "mn-06-121499", "boroname": "Manhattan", "type": "Free", "provider": "LinkNYC - Citybridge", "location_t": "Outdoor Kiosk" }, "geometry": { "type": "Point", "coordinates": [ -73.981576000299995, 40.740774999800003 ] } },
{ "type": "Feature", "properties": { "objectid": 11200, "name": "mn-08-121058", "boroname": "Manhattan", "type": "Free", "provider": "LinkNYC - Citybridge", "location_t": "Outdoor Kiosk" }, "geometry": { "type": "Point", "coordinates": [ -73.958721175, 40.780715931099998 ] } },
{ "type": "Feature", "properties": { "objectid": 9672, "name": "Wingate Park", "boroname": "Brooklyn", "type": "Limited Free", "provider": "ALTICEUSA", "location_t": "Outdoor" }, "geometry": { "type": "Point", "coordinates": [ -73.944059999900006, 40.658310000100002 ] } },
{ "type": "Feature", "properties": { "objectid": 9671, "name": "mn-06-134611", "boroname": "Manhattan", "type": "Free", "provider": "LinkNYC - Citybridge", "location_t": "Outdoor Kiosk" }, "geometry": { "type": "Point", "coordinates": [ -73.979078850299999, 40.740611559800001 ] } },
{ "type": "Feature", "properties": { "objectid": 10377, "name": "Manhattan Beach Park", "boroname": "Brooklyn", "type": "Limited Free", "provider": "ALTICEUSA", "location_t": "Outdoor" }, "geometry": { "type": "Point", "coordinates": [ -73.944590000600002, 40.576869999899998 ] } },
{ "type": "Feature", "properties": { "objectid": 11247, "name": "mn-10-142814", "boroname": "Manhattan", "type": "Free", "provider": "LinkNYC - Citybridge", "location_t": "Outdoor Kiosk" }, "geometry": { "type": "Point", "coordinates": [ -73.952149140299994, 40.808996489599998 ] } },
{ "type": "Feature", "properties": { "objectid": 11968, "name": "qu-02-145743", "boroname": "Queens", "type": "Free", "provider": "LinkNYC - Citybridge", "location_t": "Outdoor Kiosk" }, "geometry": { "type": "Point", "coordinates": [ -73.922401240400006, 40.7433122897 ] } },
{ "type": "Feature", "properties": { "objectid": 10749, "name": "Ferry Point Park", "boroname": "Bronx", "type": "Limited Free", "provider": "ALTICEUSA", "location_t": "Outdoor" }, "geometry": { "type": "Point", "coordinates": [ -73.823679999800007, 40.817731999599999 ] } },
{ "type": "Feature", "properties": { "objectid": 12123, "name": "mn-05-122775", "boroname": "Manhattan", "type": "Free", "provider": "LinkNYC - Citybridge", "location_t": "Outdoor Kiosk" }, "geometry": { "type": "Point", "coordinates": [ -73.9877917293, 40.750092080100003 ] } },
{ "type": "Feature", "properties": { "objectid": 12707, "name": "mn-05-133550", "boroname": "Manhattan", "type": "Free", "provider": "LinkNYC - Citybridge", "location_t": "Outdoor Kiosk" }, "geometry": { "type": "Point", "coordinates": [ -73.976816729399999, 40.750832729700001 ] } },
{ "type": "Feature", "properties": { "objectid": 11759, "name": "mn-04-134599", "boroname": "Manhattan", "type": "Free", "provider": "LinkNYC - Citybridge", "location_t": "Outdoor Kiosk" }, "geometry": { "type": "Point", "coordinates": [ -73.9928116002, 40.743097299600002 ] } },
{ "type": "Feature", "properties": { "objectid": 11275, "name": "mn-07-121103", "boroname": "Manhattan", "type": "Free", "provider": "LinkNYC - Citybridge", "location_t": "Outdoor Kiosk" }, "geometry": { "type": "Point", "coordinates": [ -73.972981349500003, 40.790300790400003 ] } },
{ "type": "Feature", "properties": { "objectid": 12216, "name": "mn-06-135857", "boroname": "Manhattan", "type": "Free", "provider": "LinkNYC - Citybridge", "location_t": "Outdoor Kiosk" }, "geometry": { "type": "Point", "coordinates": [ -73.986881430500006, 40.73391885 ] } },
{ "type": "Feature", "properties": { "objectid": 9824, "name": "Governors Island", "boroname": "Manhattan", "type": "Free", "provider": "Fiberless", "location_t": "Outdoor" }, "geometry": { "type": "Point", "coordinates": [ -74.019339999600007, 40.690130000400003 ] } },
{ "type": "Feature", "properties": { "objectid": 11931, "name": "bk-14-145789", "boroname": "Brooklyn", "type": "Free", "provider": "LinkNYC - Citybridge", "location_t": "Outdoor Kiosk" }, "geometry": { "type": "Point", "coordinates": [ -73.958144080099999, 40.645261700200003 ] } },
{ "type": "Feature", "properties": { "objectid": 12445, "name": "mn-07-133638", "boroname": "Manhattan", "type": "Free", "provider": "LinkNYC - Citybridge", "location_t": "Outdoor Kiosk" }, "geometry": { "type": "Point", "coordinates": [ -73.970931, 40.796138 ] } },
{ "type": "Feature", "properties": { "objectid": 11983, "name": "qu-02-145783", "boroname": "Queens", "type": "Free", "provider": "LinkNYC - Citybridge", "location_t": "Outdoor Kiosk" }, "geometry": { "type": "Point", "coordinates": [ -73.953336469600004, 40.742287169699999 ] } },
{ "type": "Feature", "properties": { "objectid": 9837, "name": "bk-02-145910", "boroname": "Brooklyn", "type": "Free", "provider": "LinkNYC - Citybridge", "location_t": "Outdoor Kiosk" }, "geometry": { "type": "Point", "coordinates": [ -73.988728699800006, 40.689408219800001 ] } },
{ "type": "Feature", "properties": { "objectid": 10469, "name": "MARINE PARK", "boroname": "Brooklyn", "type": "Limited Free", "provider": "ALTICEUSA", "location_t": "Outdoor" }, "geometry": { "type": "Point", "coordinates": [ -73.928466000399993, 40.606029000100001 ] } },
{ "type": "Feature", "properties": { "objectid": 12767, "name": "mn-07-108104", "boroname": "Manhattan", "type": "Free", "provider": "LinkNYC - Citybridge", "location_t": "Outdoor Kiosk" }, "geometry": { "type": "Point", "coordinates": [ -73.968542000300005, 40.796373999799997 ] } },
{ "type": "Feature", "properties": { "objectid": 10690, "name": "mn-07-121235", "boroname": "Manhattan", "type": "Free", "provider": "LinkNYC - Citybridge", "location_t": "Outdoor Kiosk" }, "geometry": { "type": "Point", "coordinates": [ -73.977765289600001, 40.786519484899998 ] } },
{ "type": "Feature", "properties": { "objectid": 10744, "name": "Ferry Point Park", "boroname": "Bronx", "type": "Limited Free", "provider": "ALTICEUSA", "location_t": "Outdoor" }, "geometry": { "type": "Point", "coordinates": [ -73.838292000099997, 40.8164360002 ] } },
{ "type": "Feature", "properties": { "objectid": 12303, "name": "qu-06-124200", "boroname": "Queens", "type": "Free", "provider": "LinkNYC - Citybridge", "location_t": "Outdoor Kiosk" }, "geometry": { "type": "Point", "coordinates": [ -73.858076000599993, 40.728298999899998 ] } },
{ "type": "Feature", "properties": { "objectid": 12357, "name": "Broad St (J,Z)", "boroname": "Manhattan", "type": "Free", "provider": "Transit Wireless", "location_t": "Subway Station" }, "geometry": { "type": "Point", "coordinates": [ -74.011055999899995, 40.706476000199999 ] } },
{ "type": "Feature", "properties": { "objectid": 9791, "name": "qu-03-125399", "boroname": "Queens", "type": "Free", "provider": "LinkNYC - Citybridge", "location_t": "Outdoor Kiosk" }, "geometry": { "type": "Point", "coordinates": [ -73.881778, 40.755834999800001 ] } },
{ "type": "Feature", "properties": { "objectid": 12521, "name": "mn-06-135879", "boroname": "Manhattan", "type": "Free", "provider": "LinkNYC - Citybridge", "location_t": "Outdoor Kiosk" }, "geometry": { "type": "Point", "coordinates": [ -73.968963300599995, 40.758508060099999 ] } },
{ "type": "Feature", "properties": { "objectid": 10802, "name": "Flushing-Main St (7)", "boroname": "Queens", "type": "Free", "provider": "Transit Wireless", "location_t": "Subway Station" }, "geometry": { "type": "Point", "coordinates": [ -73.830030000299999, 40.7596 ] } },
{ "type": "Feature", "properties": { "objectid": 12150, "name": "mn-09-134427", "boroname": "Manhattan", "type": "Free", "provider": "LinkNYC - Citybridge", "location_t": "Outdoor Kiosk" }, "geometry": { "type": "Point", "coordinates": [ -73.944200419699996, 40.829733059699997 ] } },
{ "type": "Feature", "properties": { "objectid": 12409, "name": "Eastern Pkwy-Brooklyn Museum (2,3)", "boroname": "Brooklyn", "type": "Free", "provider": "Transit Wireless", "location_t": "Subway Station" }, "geometry": { "type": "Point", "coordinates": [ -73.964375000399997, 40.671986999600001 ] } },
{ "type": "Feature", "properties": { "objectid": 10084, "name": "Great Kills", "boroname": "Staten Island", "type": "Free", "provider": "NYPL", "location_t": "Library" }, "geometry": { "type": "Point", "coordinates": [ -74.151111643099995, 40.552423262799998 ] } },
{ "type": "Feature", "properties": { "objectid": 12574, "name": "mn-04-108137", "boroname": "Manhattan", "type": "Free", "provider": "LinkNYC - Citybridge", "location_t": "Outdoor Kiosk" }, "geometry": { "type": "Point", "coordinates": [ -73.99552538, 40.749827479799997 ] } },
{ "type": "Feature", "properties": { "objectid": 10012, "name": "Sunnyside", "boroname": "Queens", "type": "Free", "provider": "QPL", "location_t": "Library" }, "geometry": { "type": "Point", "coordinates": [ -73.921669160299999, 40.740808781699997 ] } },
{ "type": "Feature", "properties": { "objectid": 12628, "name": "bk-03-126646", "boroname": "Brooklyn", "type": "Free", "provider": "LinkNYC - Citybridge", "location_t": "Outdoor Kiosk" }, "geometry": { "type": "Point", "coordinates": [ -73.924423999699997, 40.6789599998 ] } },
{ "type": "Feature", "properties": { "objectid": 10705, "name": "mn-05-122680", "boroname": "Manhattan", "type": "Free", "provider": "LinkNYC - Citybridge", "location_t": "Outdoor Kiosk" }, "geometry": { "type": "Point", "coordinates": [ -73.996011999700002, 40.748482000300001 ] } },
{ "type": "Feature", "properties": { "objectid": 12181, "name": "mn-10-134604", "boroname": "Manhattan", "type": "Free", "provider": "LinkNYC - Citybridge", "location_t": "Outdoor Kiosk" }, "geometry": { "type": "Point", "coordinates": [ -73.950256089800007, 40.806629940100002 ] } },
{ "type": "Feature", "properties": { "objectid": 12478, "name": "mn-09-111128", "boroname": "Manhattan", "type": "Free", "provider": "LinkNYC - Citybridge", "location_t": "Outdoor Kiosk" }, "geometry": { "type": "Point", "coordinates": [ -73.953676000100003, 40.8223190004 ] } },
{ "type": "Feature", "properties": { "objectid": 12614, "name": "mn-09-111931", "boroname": "Manhattan", "type": "Free", "provider": "LinkNYC - Citybridge", "location_t": "Outdoor Kiosk" }, "geometry": { "type": "Point", "coordinates": [ -73.947195000099995, 40.8305860002 ] } },
{ "type": "Feature", "properties": { "objectid": 12362, "name": "DeKalb Av (B,M,Q,R)", "boroname": "Brooklyn", "type": "Free", "provider": "Transit Wireless", "location_t": "Subway Station" }, "geometry": { "type": "Point", "coordinates": [ -73.981823999499994, 40.690634999799997 ] } },
{ "type": "Feature", "properties": { "objectid": 11785, "name": "mn-11-108257", "boroname": "Manhattan", "type": "Free", "provider": "LinkNYC - Citybridge", "location_t": "Outdoor Kiosk" }, "geometry": { "type": "Point", "coordinates": [ -73.943527, 40.799528000099997 ] } },
{ "type": "Feature", "properties": { "objectid": 9763, "name": "mn-04-122426", "boroname": "Manhattan", "type": "Free", "provider": "LinkNYC - Citybridge", "location_t": "Outdoor Kiosk" }, "geometry": { "type": "Point", "coordinates": [ -73.996604100400006, 40.737886450399998 ] } },
{ "type": "Feature", "properties": { "objectid": 11021, "name": "3", "boroname": "Manhattan", "type": "Free", "provider": "Manhattan Down Alliance", "location_t": "Outdoor" }, "geometry": { "type": "Point", "coordinates": [ -74.003501900299995, 40.707000699699996 ] } },
{ "type": "Feature", "properties": { "objectid": 10113, "name": "28", "boroname": "Manhattan", "type": "Free", "provider": "Manhattan Down Alliance", "location_t": "Outdoor" }, "geometry": { "type": "Point", "coordinates": [ -74.010101299699997, 40.704399099699998 ] } },
{ "type": "Feature", "properties": { "objectid": 11043, "name": "bx-01-123208", "boroname": "Bronx", "type": "Free", "provider": "LinkNYC - Citybridge", "location_t": "Outdoor Kiosk" }, "geometry": { "type": "Point", "coordinates": [ -73.916719069400003, 40.816692299700001 ] } },
{ "type": "Feature", "properties": { "objectid": 12656, "name": "mn-05-108433", "boroname": "Manhattan", "type": "Free", "provider": "LinkNYC - Citybridge", "location_t": "Outdoor Kiosk" }, "geometry": { "type": "Point", "coordinates": [ -73.991870999499994, 40.754170999800003 ] } },
{ "type": "Feature", "properties": { "objectid": 12727, "name": "mn-05-134168", "boroname": "Manhattan", "type": "Free", "provider": "LinkNYC - Citybridge", "location_t": "Outdoor Kiosk" }, "geometry": { "type": "Point", "coordinates": [ -73.972357559599999, 40.762466950399997 ] } },
{ "type": "Feature", "properties": { "objectid": 12505, "name": "bx-05-119606", "boroname": "Bronx", "type": "Free", "provider": "LinkNYC - Citybridge", "location_t": "Outdoor Kiosk" }, "geometry": { "type": "Point", "coordinates": [ -73.902368999700002, 40.8606299996 ] } },
{ "type": "Feature", "properties": { "objectid": 12166, "name": "mn-08-135076", "boroname": "Manhattan", "type": "Free", "provider": "LinkNYC - Citybridge", "location_t": "Outdoor Kiosk" }, "geometry": { "type": "Point", "coordinates": [ -73.960620039700004, 40.761267350099999 ] } },
{ "type": "Feature", "properties": { "objectid": 9985, "name": "Windsor Terrace - Brooklyn Public Library", "boroname": "Brooklyn", "type": "Free", "provider": "BPL", "location_t": "Library" }, "geometry": { "type": "Point", "coordinates": [ -73.976757277700003, 40.648716971100001 ] } },
{ "type": "Feature", "properties": { "objectid": 11364, "name": "NORTHERN BOULEVARD", "boroname": "Queens", "type": "Free", "provider": "Transit Wireless", "location_t": "Subway Station" }, "geometry": { "type": "Point", "coordinates": [ -73.906005999800001, 40.752884999700001 ] } },
{ "type": "Feature", "properties": { "objectid": 12020, "name": "bk-01-126861", "boroname": "Brooklyn", "type": "Free", "provider": "LinkNYC - Citybridge", "location_t": "Outdoor Kiosk" }, "geometry": { "type": "Point", "coordinates": [ -73.945948320599996, 40.7144457399 ] } },
{ "type": "Feature", "properties": { "objectid": 12398, "name": "Fort Hamilton Pkwy (F)", "boroname": "Brooklyn", "type": "Free", "provider": "Transit Wireless", "location_t": "Subway Station" }, "geometry": { "type": "Point", "coordinates": [ -73.9757760002, 40.650782000299998 ] } },
{ "type": "Feature", "properties": { "objectid": 12639, "name": "bk-02-126839", "boroname": "Brooklyn", "type": "Free", "provider": "LinkNYC - Citybridge", "location_t": "Outdoor Kiosk" }, "geometry": { "type": "Point", "coordinates": [ -73.981283930299995, 40.687813620199996 ] } },
{ "type": "Feature", "properties": { "objectid": 11280, "name": "mn-02-122330", "boroname": "Manhattan", "type": "Free", "provider": "LinkNYC - Citybridge", "location_t": "Outdoor Kiosk" }, "geometry": { "type": "Point", "coordinates": [ -74.000047999700001, 40.718197760400002 ] } },
{ "type": "Feature", "properties": { "objectid": 11058, "name": "mn-10-123361", "boroname": "Manhattan", "type": "Free", "provider": "LinkNYC - Citybridge", "location_t": "Outdoor Kiosk" }, "geometry": { "type": "Point", "coordinates": [ -73.945253000400001, 40.807779000300002 ] } },
{ "type": "Feature", "properties": { "objectid": 11969, "name": "qu-02-145779", "boroname": "Queens", "type": "Free", "provider": "LinkNYC - Citybridge", "location_t": "Outdoor Kiosk" }, "geometry": { "type": "Point", "coordinates": [ -73.924156000300002, 40.743554999799997 ] } },
{ "type": "Feature", "properties": { "objectid": 10044, "name": "Woodstock", "boroname": "Bronx", "type": "Free", "provider": "NYPL", "location_t": "Library" }, "geometry": { "type": "Point", "coordinates": [ -73.904628860100004, 40.820641564699997 ] } },
{ "type": "Feature", "properties": { "objectid": 10212, "name": "Red Hook Park", "boroname": "Brooklyn", "type": "Limited Free", "provider": "SPECTRUM", "location_t": "Outdoor TWC Aerial" }, "geometry": { "type": "Point", "coordinates": [ -74.006914999900005, 40.6729689999 ] } },
{ "type": "Feature", "properties": { "objectid": 11232, "name": "mn-05-122272", "boroname": "Manhattan", "type": "Free", "provider": "LinkNYC - Citybridge", "location_t": "Outdoor Kiosk" }, "geometry": { "type": "Point", "coordinates": [ -73.996153129800007, 40.738108510399996 ] } },
{ "type": "Feature", "properties": { "objectid": 12680, "name": "mn-04-122616", "boroname": "Manhattan", "type": "Free", "provider": "LinkNYC - Citybridge", "location_t": "Outdoor Kiosk" }, "geometry": { "type": "Point", "coordinates": [ -73.984333429599999, 40.764932909800002 ] } },
{ "type": "Feature", "properties": { "objectid": 10673, "name": "mn-07-121232", "boroname": "Manhattan", "type": "Free", "provider": "LinkNYC - Citybridge", "location_t": "Outdoor Kiosk" }, "geometry": { "type": "Point", "coordinates": [ -73.980253000399998, 40.783190999799999 ] } },
{ "type": "Feature", "properties": { "objectid": 10244, "name": "qu-02-146061", "boroname": "Queens", "type": "Free", "provider": "LinkNYC - Citybridge", "location_t": "Outdoor Kiosk" }, "geometry": { "type": "Point", "coordinates": [ -73.949855000400007, 40.748497000199997 ] } },
{ "type": "Feature", "properties": { "objectid": 10913, "name": null, "boroname": "Manhattan", "type": "Free", "provider": "Harlem", "location_t": "Outdoor" }, "geometry": { "type": "Point", "coordinates": [ -73.948924000299996, 40.810178 ] } },
{ "type": "Feature", "properties": { "objectid": 11399, "name": "14th Street - 6th Avenue - F, M", "boroname": "Manhattan", "type": "Free", "provider": "Transit Wireless", "location_t": "Subway Station" }, "geometry": { "type": "Point", "coordinates": [ -73.996785999599993, 40.737335000100003 ] } },
{ "type": "Feature", "properties": { "objectid": 11844, "name": "mn-06-137822", "boroname": "Manhattan", "type": "Free", "provider": "LinkNYC - Citybridge", "location_t": "Outdoor Kiosk" }, "geometry": { "type": "Point", "coordinates": [ -73.970593059699993, 40.7518341599 ] } },
{ "type": "Feature", "properties": { "objectid": 9627, "name": "bx-04-146078", "boroname": "Bronx", "type": "Free", "provider": "LinkNYC - Citybridge", "location_t": "Outdoor Kiosk" }, "geometry": { "type": "Point", "coordinates": [ -73.913960420400002, 40.835734440099998 ] } },
{ "type": "Feature", "properties": { "objectid": 12452, "name": "mn-07-120395", "boroname": "Manhattan", "type": "Free", "provider": "LinkNYC - Citybridge", "location_t": "Outdoor Kiosk" }, "geometry": { "type": "Point", "coordinates": [ -73.969243931799994, 40.7977016599 ] } },
{ "type": "Feature", "properties": { "objectid": 9829, "name": "Governors Island", "boroname": "Manhattan", "type": "Free", "provider": "Fiberless", "location_t": "Outdoor" }, "geometry": { "type": "Point", "coordinates": [ -74.018119999700005, 40.688549999800003 ] } },
{ "type": "Feature", "properties": { "objectid": 11070, "name": "mn-10-137852", "boroname": "Manhattan", "type": "Free", "provider": "LinkNYC - Citybridge", "location_t": "Outdoor Kiosk" }, "geometry": { "type": "Point", "coordinates": [ -73.950556999499995, 40.8056149998 ] } },
{ "type": "Feature", "properties": { "objectid": 10480, "name": "Williamsbridge Oval", "boroname": "Bronx", "type": "Limited Free", "provider": "ALTICEUSA", "location_t": "Indoor" }, "geometry": { "type": "Point", "coordinates": [ -73.878724999499994, 40.876827000399999 ] } },
{ "type": "Feature", "properties": { "objectid": 12483, "name": "mn-09-137848", "boroname": "Manhattan", "type": "Free", "provider": "LinkNYC - Citybridge", "location_t": "Outdoor Kiosk" }, "geometry": { "type": "Point", "coordinates": [ -73.964488000499998, 40.807507999599999 ] } },
{ "type": "Feature", "properties": { "objectid": 11150, "name": "qu-04-145915", "boroname": "Queens", "type": "Free", "provider": "LinkNYC - Citybridge", "location_t": "Outdoor Kiosk" }, "geometry": { "type": "Point", "coordinates": [ -73.890121289800007, 40.746045579600001 ] } },
{ "type": "Feature", "properties": { "objectid": 11010, "name": "Clove Lakes Park - Lake Club Restaurant", "boroname": "Staten Island", "type": "Limited Free", "provider": "SPECTRUM", "location_t": "Outdoor" }, "geometry": { "type": "Point", "coordinates": [ -74.108185999599996, 40.618063999900002 ] } },
{ "type": "Feature", "properties": { "objectid": 10229, "name": "Rockaway Beach and Boardwalk", "boroname": "Queens", "type": "Limited Free", "provider": "SPECTRUM", "location_t": "Outdoor" }, "geometry": { "type": "Point", "coordinates": [ -73.817577999500003, 40.5828240003 ] } },
{ "type": "Feature", "properties": { "objectid": 11579, "name": "Roy Wilkins Recreation Center", "boroname": "Queens", "type": "Limited Free", "provider": "SPECTRUM", "location_t": "Indoor" }, "geometry": { "type": "Point", "coordinates": [ -73.769558999599994, 40.687191 ] } },
{ "type": "Feature", "properties": { "objectid": 12886, "name": "bk-08-146009", "boroname": "Brooklyn", "type": "Free", "provider": "LinkNYC - Citybridge", "location_t": "Outdoor Kiosk" }, "geometry": { "type": "Point", "coordinates": [ -73.962693999500004, 40.6727480001 ] } },
{ "type": "Feature", "properties": { "objectid": 9957, "name": "St. George Library Center", "boroname": "Staten Island", "type": "Free", "provider": "NYPL", "location_t": "Library" }, "geometry": { "type": "Point", "coordinates": [ -74.076645765199999, 40.641785367899999 ] } },
{ "type": "Feature", "properties": { "objectid": 12043, "name": "mn-05-136688", "boroname": "Manhattan", "type": "Free", "provider": "LinkNYC - Citybridge", "location_t": "Outdoor Kiosk" }, "geometry": { "type": "Point", "coordinates": [ -73.985935719699995, 40.74671976 ] } },
{ "type": "Feature", "properties": { "objectid": 11721, "name": "Crotona Park", "boroname": "Bronx", "type": "Limited Free", "provider": "ALTICEUSA", "location_t": "Outdoor" }, "geometry": { "type": "Point", "coordinates": [ -73.887464000400001, 40.839709000100001 ] } },
{ "type": "Feature", "properties": { "objectid": 10128, "name": null, "boroname": "Manhattan", "type": "Free", "provider": "Harlem", "location_t": "Outdoor" }, "geometry": { "type": "Point", "coordinates": [ -73.940565999900002, 40.805970999899998 ] } },
{ "type": "Feature", "properties": { "objectid": 10582, "name": "St. Mary's Park", "boroname": "Bronx", "type": "Limited Free", "provider": "ALTICEUSA", "location_t": "Outdoor" }, "geometry": { "type": "Point", "coordinates": [ -73.914137999900007, 40.811544 ] } },
{ "type": "Feature", "properties": { "objectid": 9691, "name": "Prospect Park", "boroname": "Brooklyn", "type": "Limited Free", "provider": "ALTICEUSA", "location_t": "Outdoor" }, "geometry": { "type": "Point", "coordinates": [ -73.968429000599997, 40.6507380002 ] } },
{ "type": "Feature", "properties": { "objectid": 10984, "name": "Alley Pond Park", "boroname": "Queens", "type": "Limited Free", "provider": "SPECTRUM", "location_t": "Outdoor" }, "geometry": { "type": "Point", "coordinates": [ -73.735920000500002, 40.739547000400002 ] } },
{ "type": "Feature", "properties": { "objectid": 11265, "name": "mn-04-140358", "boroname": "Manhattan", "type": "Free", "provider": "LinkNYC - Citybridge", "location_t": "Outdoor Kiosk" }, "geometry": { "type": "Point", "coordinates": [ -74.004312710500002, 40.752804219600002 ] } },
{ "type": "Feature", "properties": { "objectid": 11951, "name": "bk-16-145962", "boroname": "Brooklyn", "type": "Free", "provider": "LinkNYC - Citybridge", "location_t": "Outdoor Kiosk" }, "geometry": { "type": "Point", "coordinates": [ -73.912184759900001, 40.678285590400002 ] } },
{ "type": "Feature", "properties": { "objectid": 10197, "name": "0", "boroname": "Brooklyn", "type": "Free", "provider": "City Tech", "location_t": "Outdoor" }, "geometry": { "type": "Point", "coordinates": [ -73.987671000099994, 40.6950879997 ] } },
{ "type": "Feature", "properties": { "objectid": 10593, "name": "Devoe Park", "boroname": "Bronx", "type": "Free", "provider": "AT&T", "location_t": "Outdoor" }, "geometry": { "type": "Point", "coordinates": [ -73.906500000500003, 40.863100000099998 ] } },
{ "type": "Feature", "properties": { "objectid": 12325, "name": "bx-05-102420", "boroname": "Bronx", "type": "Free", "provider": "LinkNYC - Citybridge", "location_t": "Outdoor Kiosk" }, "geometry": { "type": "Point", "coordinates": [ -73.901090999700003, 40.857755999600002 ] } },
{ "type": "Feature", "properties": { "objectid": 11508, "name": "Owl's Head Park", "boroname": "Brooklyn", "type": "Limited Free", "provider": "SPECTRUM", "location_t": "Outdoor" }, "geometry": { "type": "Point", "coordinates": [ -74.032090999800005, 40.639278 ] } },
{ "type": "Feature", "properties": { "objectid": 10863, "name": "Bowne Park", "boroname": "Queens", "type": "Limited Free", "provider": "SPECTRUM", "location_t": "Outdoor TWC Aerial" }, "geometry": { "type": "Point", "coordinates": [ -73.805967999800004, 40.769536000199999 ] } },
{ "type": "Feature", "properties": { "objectid": 11567, "name": "Rockaway Beach and Boardwalk", "boroname": "Queens", "type": "Limited Free", "provider": "SPECTRUM", "location_t": "Outdoor TWC Aerial" }, "geometry": { "type": "Point", "coordinates": [ -73.746261999599994, 40.596196999599997 ] } },
{ "type": "Feature", "properties": { "objectid": 10297, "name": "bk-06-145874", "boroname": "Brooklyn", "type": "Free", "provider": "LinkNYC - Citybridge", "location_t": "Outdoor Kiosk" }, "geometry": { "type": "Point", "coordinates": [ -73.988378320199999, 40.666538580100003 ] } },
{ "type": "Feature", "properties": { "objectid": 11796, "name": "mn-12-131063", "boroname": "Manhattan", "type": "Free", "provider": "LinkNYC - Citybridge", "location_t": "Outdoor Kiosk" }, "geometry": { "type": "Point", "coordinates": [ -73.930827390199994, 40.852917259599998 ] } },
{ "type": "Feature", "properties": { "objectid": 11899, "name": "mn-12-120666", "boroname": "Manhattan", "type": "Free", "provider": "LinkNYC - Citybridge", "location_t": "Outdoor Kiosk" }, "geometry": { "type": "Point", "coordinates": [ -73.93133833, 40.852411729899998 ] } },
{ "type": "Feature", "properties": { "objectid": 12456, "name": "mn-07-120393", "boroname": "Manhattan", "type": "Free", "provider": "LinkNYC - Citybridge", "location_t": "Outdoor Kiosk" }, "geometry": { "type": "Point", "coordinates": [ -73.968325999499996, 40.798953999799998 ] } },
{ "type": "Feature", "properties": { "objectid": 12612, "name": "mn-09-134699", "boroname": "Manhattan", "type": "Free", "provider": "LinkNYC - Citybridge", "location_t": "Outdoor Kiosk" }, "geometry": { "type": "Point", "coordinates": [ -73.948201000300003, 40.829808999800001 ] } },
{ "type": "Feature", "properties": { "objectid": 11359, "name": "COURT SQ. - LONG ISLAND CITY", "boroname": "Queens", "type": "Free", "provider": "Transit Wireless", "location_t": "Subway Station" }, "geometry": { "type": "Point", "coordinates": [ -73.943832000499995, 40.746554000099998 ] } },
{ "type": "Feature", "properties": { "objectid": 12671, "name": "mn-04-122595", "boroname": "Manhattan", "type": "Free", "provider": "LinkNYC - Citybridge", "location_t": "Outdoor Kiosk" }, "geometry": { "type": "Point", "coordinates": [ -73.986293010500006, 40.762246160399997 ] } },
{ "type": "Feature", "properties": { "objectid": 11031, "name": "qu-03-139617", "boroname": "Queens", "type": "Free", "provider": "LinkNYC - Citybridge", "location_t": "Outdoor Kiosk" }, "geometry": { "type": "Point", "coordinates": [ -73.871817408200002, 40.749089669500002 ] } },
{ "type": "Feature", "properties": { "objectid": 12113, "name": "mn-05-122088", "boroname": "Manhattan", "type": "Free", "provider": "LinkNYC - Citybridge", "location_t": "Outdoor Kiosk" }, "geometry": { "type": "Point", "coordinates": [ -73.984419999599993, 40.760645999600001 ] } },
{ "type": "Feature", "properties": { "objectid": 12790, "name": "mn-09-111948", "boroname": "Manhattan", "type": "Free", "provider": "LinkNYC - Citybridge", "location_t": "Outdoor Kiosk" }, "geometry": { "type": "Point", "coordinates": [ -73.952755, 40.818371000299997 ] } },
{ "type": "Feature", "properties": { "objectid": 11694, "name": "Coney Island Beach & Boardwalk", "boroname": "Brooklyn", "type": "Limited Free", "provider": "ALTICEUSA", "location_t": "Outdoor" }, "geometry": { "type": "Point", "coordinates": [ -73.978871999899994, 40.573381000200001 ] } },
{ "type": "Feature", "properties": { "objectid": 11302, "name": "East Flatbush - Brooklyn Public Library", "boroname": "Brooklyn", "type": "Free", "provider": "BPL", "location_t": "Library" }, "geometry": { "type": "Point", "coordinates": [ -73.914938385599996, 40.655710201399998 ] } },
{ "type": "Feature", "properties": { "objectid": 10363, "name": "Macombs Dam Park", "boroname": "Bronx", "type": "Limited Free", "provider": "ALTICEUSA", "location_t": "Outdoor" }, "geometry": { "type": "Point", "coordinates": [ -73.9273109998, 40.825695999700002 ] } },
{ "type": "Feature", "properties": { "objectid": 11912, "name": "qu-01-125105", "boroname": "Queens", "type": "Free", "provider": "LinkNYC - Citybridge", "location_t": "Outdoor Kiosk" }, "geometry": { "type": "Point", "coordinates": [ -73.910938620300001, 40.76191296 ] } },
{ "type": "Feature", "properties": { "objectid": 11519, "name": null, "boroname": "Brooklyn", "type": "Free", "provider": "Downtown Brooklyn", "location_t": "Outdoor" }, "geometry": { "type": "Point", "coordinates": [ -73.983165000300005, 40.689633000100002 ] } },
{ "type": "Feature", "properties": { "objectid": 11107, "name": "si-02-145807", "boroname": "Staten Island", "type": "Free", "provider": "LinkNYC - Citybridge", "location_t": "Outdoor Kiosk" }, "geometry": { "type": "Point", "coordinates": [ -74.100012403199997, 40.5798387882 ] } },
{ "type": "Feature", "properties": { "objectid": 12932, "name": "mn-05-122633", "boroname": "Manhattan", "type": "Free", "provider": "LinkNYC - Citybridge", "location_t": "Outdoor Kiosk" }, "geometry": { "type": "Point", "coordinates": [ -73.979349700499995, 40.766649320399999 ] } },
{ "type": "Feature", "properties": { "objectid": 12016, "name": "mn-05-121626", "boroname": "Manhattan", "type": "Free", "provider": "LinkNYC - Citybridge", "location_t": "Outdoor Kiosk" }, "geometry": { "type": "Point", "coordinates": [ -73.985971970199998, 40.74349317 ] } },
{ "type": "Feature", "properties": { "objectid": 10069, "name": "Seward Park", "boroname": "Manhattan", "type": "Free", "provider": "NYPL", "location_t": "Library" }, "geometry": { "type": "Point", "coordinates": [ -73.988537270500004, 40.714456459700003 ] } },
{ "type": "Feature", "properties": { "objectid": 12869, "name": "mn-08-119830", "boroname": "Manhattan", "type": "Free", "provider": "LinkNYC - Citybridge", "location_t": "Outdoor Kiosk" }, "geometry": { "type": "Point", "coordinates": [ -73.950561800100004, 40.783288769800002 ] } },
{ "type": "Feature", "properties": { "objectid": 9996, "name": "Pomonok", "boroname": "Queens", "type": "Free", "provider": "QPL", "location_t": "Library" }, "geometry": { "type": "Point", "coordinates": [ -73.809879884300003, 40.733034241600002 ] } },
{ "type": "Feature", "properties": { "objectid": 12430, "name": "77 St (R)", "boroname": "Brooklyn", "type": "Free", "provider": "Transit Wireless", "location_t": "Subway Station" }, "geometry": { "type": "Point", "coordinates": [ -74.025509999799993, 40.629742000100002 ] } },
{ "type": "Feature", "properties": { "objectid": 10136, "name": null, "boroname": "Manhattan", "type": "Free", "provider": "Harlem", "location_t": "Outdoor" }, "geometry": { "type": "Point", "coordinates": [ -73.947954999700002, 40.812185999800001 ] } },
{ "type": "Feature", "properties": { "objectid": 9704, "name": "Ranaqua Park", "boroname": "Bronx", "type": "Limited Free", "provider": "ALTICEUSA", "location_t": "Outdoor" }, "geometry": { "type": "Point", "coordinates": [ -73.8598, 40.844590000399997 ] } },
{ "type": "Feature", "properties": { "objectid": 10345, "name": "Governors Island", "boroname": "Manhattan", "type": "Free", "provider": "Fiberless", "location_t": "Outdoor" }, "geometry": { "type": "Point", "coordinates": [ -74.014649999499994, 40.690229999800003 ] } },
{ "type": "Feature", "properties": { "objectid": 10269, "name": "bk-01-146001", "boroname": "Brooklyn", "type": "Free", "provider": "LinkNYC - Citybridge", "location_t": "Outdoor Kiosk" }, "geometry": { "type": "Point", "coordinates": [ -73.960840763600004, 40.716849745 ] } },
{ "type": "Feature", "properties": { "objectid": 10184, "name": "0", "boroname": "Brooklyn", "type": "Free", "provider": "City Tech", "location_t": "Outdoor" }, "geometry": { "type": "Point", "coordinates": [ -73.988456000300005, 40.696026999700003 ] } },
{ "type": "Feature", "properties": { "objectid": 10788, "name": "68 St-Hunter College (6) (4, 6)", "boroname": "Manhattan", "type": "Free", "provider": "Transit Wireless", "location_t": "Subway Station" }, "geometry": { "type": "Point", "coordinates": [ -73.963870000399993, 40.7681409996 ] } },
{ "type": "Feature", "properties": { "objectid": 10895, "name": "mn-12-111623", "boroname": "Manhattan", "type": "Free", "provider": "LinkNYC - Citybridge", "location_t": "Outdoor Kiosk" }, "geometry": { "type": "Point", "coordinates": [ -73.933473310300002, 40.8498544901 ] } },
{ "type": "Feature", "properties": { "objectid": 10537, "name": "Midland Beach and Franklin D. Roosevelt Boardwalk", "boroname": "Staten Island", "type": "Limited Free", "provider": "SPECTRUM", "location_t": "Outdoor" }, "geometry": { "type": "Point", "coordinates": [ -74.086013000199998, 40.572313000100003 ] } },
{ "type": "Feature", "properties": { "objectid": 11205, "name": "mn-06-121427", "boroname": "Manhattan", "type": "Free", "provider": "LinkNYC - Citybridge", "location_t": "Outdoor Kiosk" }, "geometry": { "type": "Point", "coordinates": [ -73.9734053, 40.747966230099998 ] } },
{ "type": "Feature", "properties": { "objectid": 12075, "name": "bk-07-125916", "boroname": "Brooklyn", "type": "Free", "provider": "LinkNYC - Citybridge", "location_t": "Outdoor Kiosk" }, "geometry": { "type": "Point", "coordinates": [ -73.990353000499994, 40.664175999800001 ] } },
{ "type": "Feature", "properties": { "objectid": 12420, "name": "Astor Place (6)", "boroname": "Manhattan", "type": "Free", "provider": "Transit Wireless", "location_t": "Subway Station" }, "geometry": { "type": "Point", "coordinates": [ -73.991069999800004, 40.730054000300001 ] } },
{ "type": "Feature", "properties": { "objectid": 11380, "name": "75TH AVENUE", "boroname": "Queens", "type": "Free", "provider": "Transit Wireless", "location_t": "Subway Station" }, "geometry": { "type": "Point", "coordinates": [ -73.837324000500004, 40.718330999800003 ] } },
{ "type": "Feature", "properties": { "objectid": 11242, "name": "mn-10-142515", "boroname": "Manhattan", "type": "Free", "provider": "LinkNYC - Citybridge", "location_t": "Outdoor Kiosk" }, "geometry": { "type": "Point", "coordinates": [ -73.950407000599995, 40.805827 ] } },
{ "type": "Feature", "properties": { "objectid": 11237, "name": "qu-01-142874", "boroname": "Queens", "type": "Free", "provider": "LinkNYC - Citybridge", "location_t": "Outdoor Kiosk" }, "geometry": { "type": "Point", "coordinates": [ -73.921216000300006, 40.760094999899998 ] } },
{ "type": "Feature", "properties": { "objectid": 11366, "name": "VAN WYCK BLVD - BRIARWOOD", "boroname": "Queens", "type": "Free", "provider": "Transit Wireless", "location_t": "Subway Station" }, "geometry": { "type": "Point", "coordinates": [ -73.820573999900006, 40.709178999599999 ] } },
{ "type": "Feature", "properties": { "objectid": 10658, "name": "mn-07-108166", "boroname": "Manhattan", "type": "Free", "provider": "LinkNYC - Citybridge", "location_t": "Outdoor Kiosk" }, "geometry": { "type": "Point", "coordinates": [ -73.982178190100001, 40.778606829799998 ] } },
{ "type": "Feature", "properties": { "objectid": 11075, "name": "mn-10-119952", "boroname": "Manhattan", "type": "Free", "provider": "LinkNYC - Citybridge", "location_t": "Outdoor Kiosk" }, "geometry": { "type": "Point", "coordinates": [ -73.948591330100001, 40.80918643 ] } },
{ "type": "Feature", "properties": { "objectid": 11193, "name": "qu-02-124993", "boroname": "Queens", "type": "Free", "provider": "LinkNYC - Citybridge", "location_t": "Outdoor Kiosk" }, "geometry": { "type": "Point", "coordinates": [ -73.919689640399994, 40.741845709800003 ] } },
{ "type": "Feature", "properties": { "objectid": 11102, "name": "si-02-145734", "boroname": "Staten Island", "type": "Free", "provider": "LinkNYC - Citybridge", "location_t": "Outdoor Kiosk" }, "geometry": { "type": "Point", "coordinates": [ -74.107538829500001, 40.572850470100001 ] } },
{ "type": "Feature", "properties": { "objectid": 12048, "name": "mn-08-120850", "boroname": "Manhattan", "type": "Free", "provider": "LinkNYC - Citybridge", "location_t": "Outdoor Kiosk" }, "geometry": { "type": "Point", "coordinates": [ -73.953137910500004, 40.7715263503 ] } },
{ "type": "Feature", "properties": { "objectid": 10550, "name": "Kissena Park", "boroname": "Queens", "type": "Limited Free", "provider": "SPECTRUM", "location_t": "Outdoor TWC Aerial" }, "geometry": { "type": "Point", "coordinates": [ -73.805060000300003, 40.749999999700002 ] } },
{ "type": "Feature", "properties": { "objectid": 11447, "name": "mn-02-120512", "boroname": "Manhattan", "type": "Free", "provider": "LinkNYC - Citybridge", "location_t": "Outdoor Kiosk" }, "geometry": { "type": "Point", "coordinates": [ -73.999151591100002, 40.734392509400003 ] } },
{ "type": "Feature", "properties": { "objectid": 11988, "name": "bk-17-126271", "boroname": "Brooklyn", "type": "Free", "provider": "LinkNYC - Citybridge", "location_t": "Outdoor Kiosk" }, "geometry": { "type": "Point", "coordinates": [ -73.932186999600006, 40.651590000100001 ] } },
{ "type": "Feature", "properties": { "objectid": 12292, "name": "qu-09-127841", "boroname": "Queens", "type": "Free", "provider": "LinkNYC - Citybridge", "location_t": "Outdoor Kiosk" }, "geometry": { "type": "Point", "coordinates": [ -73.831097669800002, 40.699894949700003 ] } },
{ "type": "Feature", "properties": { "objectid": 11118, "name": "si-02-145733", "boroname": "Staten Island", "type": "Free", "provider": "LinkNYC - Citybridge", "location_t": "Outdoor Kiosk" }, "geometry": { "type": "Point", "coordinates": [ -74.1120102804, 40.581303999699998 ] } },
{ "type": "Feature", "properties": { "objectid": 9607, "name": "QUEENS BRIDGE - JACOB A. RIIS Settlement House", "boroname": "Queens", "type": "Free", "provider": "Spot On Networks", "location_t": "Indoor AP - North Maintenance Area" }, "geometry": { "type": "Point", "coordinates": [ -73.945165999699995, 40.755751000099998 ] } },
{ "type": "Feature", "properties": { "objectid": 12510, "name": "mn-06-133473", "boroname": "Manhattan", "type": "Free", "provider": "LinkNYC - Citybridge", "location_t": "Outdoor Kiosk" }, "geometry": { "type": "Point", "coordinates": [ -73.972180000199998, 40.754092000199996 ] } },
{ "type": "Feature", "properties": { "objectid": 9852, "name": null, "boroname": "Brooklyn", "type": "Free", "provider": "Downtown Brooklyn", "location_t": "Outdoor" }, "geometry": { "type": "Point", "coordinates": [ -73.983327999699995, 40.693721000099998 ] } },
{ "type": "Feature", "properties": { "objectid": 11082, "name": "mn-10-119879", "boroname": "Manhattan", "type": "Free", "provider": "LinkNYC - Citybridge", "location_t": "Outdoor Kiosk" }, "geometry": { "type": "Point", "coordinates": [ -73.946012409900007, 40.817056990099999 ] } },
{ "type": "Feature", "properties": { "objectid": 11662, "name": "Bensonhurst Park", "boroname": "Brooklyn", "type": "Limited Free", "provider": "ALTICEUSA", "location_t": "Outdoor" }, "geometry": { "type": "Point", "coordinates": [ -74.001135000199994, 40.59815 ] } },
{ "type": "Feature", "properties": { "objectid": 11619, "name": "Tony Dapolito Recreation Center", "boroname": "Manhattan", "type": "Limited Free", "provider": "SPECTRUM", "location_t": "Outdoor" }, "geometry": { "type": "Point", "coordinates": [ -74.005461999800005, 40.729564 ] } },
{ "type": "Feature", "properties": { "objectid": 11432, "name": "mn-07-120611", "boroname": "Manhattan", "type": "Free", "provider": "LinkNYC - Citybridge", "location_t": "Outdoor Kiosk" }, "geometry": { "type": "Point", "coordinates": [ -73.971487310399993, 40.792702870200003 ] } },
{ "type": "Feature", "properties": { "objectid": 11825, "name": "mn-07-120525", "boroname": "Manhattan", "type": "Free", "provider": "LinkNYC - Citybridge", "location_t": "Outdoor Kiosk" }, "geometry": { "type": "Point", "coordinates": [ -73.969253999800003, 40.7953990002 ] } },
{ "type": "Feature", "properties": { "objectid": 11172, "name": "bk-09-127021", "boroname": "Brooklyn", "type": "Free", "provider": "LinkNYC - Citybridge", "location_t": "Outdoor Kiosk" }, "geometry": { "type": "Point", "coordinates": [ -73.950726639600006, 40.660731799899999 ] } },
{ "type": "Feature", "properties": { "objectid": 11412, "name": "34th Street - Herald Square - B, D, F, M", "boroname": "Manhattan", "type": "Free", "provider": "Transit Wireless", "location_t": "Subway Station" }, "geometry": { "type": "Point", "coordinates": [ -73.987822999900004, 40.749719000200002 ] } },
{ "type": "Feature", "properties": { "objectid": 11819, "name": "mn-06-133709", "boroname": "Manhattan", "type": "Free", "provider": "LinkNYC - Citybridge", "location_t": "Outdoor Kiosk" }, "geometry": { "type": "Point", "coordinates": [ -73.977972829600006, 40.741710740400002 ] } },
{ "type": "Feature", "properties": { "objectid": 9723, "name": "St. Mary's Park", "boroname": "Bronx", "type": "Limited Free", "provider": "ALTICEUSA", "location_t": "Indoor" }, "geometry": { "type": "Point", "coordinates": [ -73.914137999900007, 40.811544 ] } },
{ "type": "Feature", "properties": { "objectid": 11323, "name": "Francis Martin", "boroname": "Bronx", "type": "Free", "provider": "NYPL", "location_t": "Library" }, "geometry": { "type": "Point", "coordinates": [ -73.909316350300003, 40.857421894200002 ] } },
{ "type": "Feature", "properties": { "objectid": 12473, "name": "mn-06-133439", "boroname": "Manhattan", "type": "Free", "provider": "LinkNYC - Citybridge", "location_t": "Outdoor Kiosk" }, "geometry": { "type": "Point", "coordinates": [ -73.974148060499999, 40.750965520199998 ] } },
{ "type": "Feature", "properties": { "objectid": 10358, "name": "Governors Island", "boroname": "Manhattan", "type": "Free", "provider": "Fiberless", "location_t": "Outdoor" }, "geometry": { "type": "Point", "coordinates": [ -74.022550000500004, 40.688460000399999 ] } },
{ "type": "Feature", "properties": { "objectid": 11335, "name": "IND - 167th Street - Grand Concourse (D)", "boroname": "Bronx", "type": "Free", "provider": "Transit Wireless", "location_t": "Subway Station" }, "geometry": { "type": "Point", "coordinates": [ -73.918437999800005, 40.833773000199997 ] } },
{ "type": "Feature", "properties": { "objectid": 11161, "name": "bx-01-146023", "boroname": "Bronx", "type": "Free", "provider": "LinkNYC - Citybridge", "location_t": "Outdoor Kiosk" }, "geometry": { "type": "Point", "coordinates": [ -73.9205525, 40.812126590399998 ] } },
{ "type": "Feature", "properties": { "objectid": 12171, "name": "mn-04-135516", "boroname": "Manhattan", "type": "Free", "provider": "LinkNYC - Citybridge", "location_t": "Outdoor Kiosk" }, "geometry": { "type": "Point", "coordinates": [ -74.003587880300003, 40.743599740199997 ] } },
{ "type": "Feature", "properties": { "objectid": 9847, "name": "Juniper Valley Park", "boroname": "Queens", "type": "Limited Free", "provider": "SPECTRUM", "location_t": "Outdoor" }, "geometry": { "type": "Point", "coordinates": [ -73.877935000099995, 40.7210259999 ] } },
{ "type": "Feature", "properties": { "objectid": 12271, "name": "mn-06-121536", "boroname": "Manhattan", "type": "Free", "provider": "LinkNYC - Citybridge", "location_t": "Outdoor Kiosk" }, "geometry": { "type": "Point", "coordinates": [ -73.9741424698, 40.751405779899997 ] } },
{ "type": "Feature", "properties": { "objectid": 11677, "name": "Claremont Park", "boroname": "Bronx", "type": "Limited Free", "provider": "ALTICEUSA", "location_t": "Outdoor" }, "geometry": { "type": "Point", "coordinates": [ -73.907100000400007, 40.841600000100001 ] } },
{ "type": "Feature", "properties": { "objectid": 11624, "name": "Washington Square Park", "boroname": "Manhattan", "type": "Limited Free", "provider": "SPECTRUM", "location_t": "Outdoor" }, "geometry": { "type": "Point", "coordinates": [ -73.997777999899995, 40.731862999800001 ] } },
{ "type": "Feature", "properties": { "objectid": 11016, "name": "Sunset Park - Brooklyn Public Library", "boroname": "Brooklyn", "type": "Free", "provider": "BPL", "location_t": "Library" }, "geometry": { "type": "Point", "coordinates": [ -74.013630001199999, 40.645912124 ] } },
{ "type": "Feature", "properties": { "objectid": 11215, "name": "mn-05-121641", "boroname": "Manhattan", "type": "Free", "provider": "LinkNYC - Citybridge", "location_t": "Outdoor Kiosk" }, "geometry": { "type": "Point", "coordinates": [ -73.98371405, 40.7464647798 ] } },
{ "type": "Feature", "properties": { "objectid": 11125, "name": "bk-03-145843", "boroname": "Brooklyn", "type": "Free", "provider": "LinkNYC - Citybridge", "location_t": "Outdoor Kiosk" }, "geometry": { "type": "Point", "coordinates": [ -73.949579000499995, 40.678817999899998 ] } },
{ "type": "Feature", "properties": { "objectid": 10346, "name": "Governors Island", "boroname": "Manhattan", "type": "Free", "provider": "Fiberless", "location_t": "Outdoor" }, "geometry": { "type": "Point", "coordinates": [ -74.014439999900006, 40.6901699999 ] } },
{ "type": "Feature", "properties": { "objectid": 12160, "name": "qu-01-137830", "boroname": "Queens", "type": "Free", "provider": "LinkNYC - Citybridge", "location_t": "Outdoor Kiosk" }, "geometry": { "type": "Point", "coordinates": [ -73.923626839500002, 40.755776550199997 ] } },
{ "type": "Feature", "properties": { "objectid": 10641, "name": "mn-07-133501", "boroname": "Manhattan", "type": "Free", "provider": "LinkNYC - Citybridge", "location_t": "Outdoor Kiosk" }, "geometry": { "type": "Point", "coordinates": [ -73.9819292623, 40.7698161856 ] } },
{ "type": "Feature", "properties": { "objectid": 12377, "name": "Bushwick Av-Aberdeen St (L)", "boroname": "Brooklyn", "type": "Free", "provider": "Transit Wireless", "location_t": "Subway Station" }, "geometry": { "type": "Point", "coordinates": [ -73.905249000599994, 40.6828289997 ] } },
{ "type": "Feature", "properties": { "objectid": 9938, "name": "115th Street", "boroname": "Manhattan", "type": "Free", "provider": "NYPL", "location_t": "Library" }, "geometry": { "type": "Point", "coordinates": [ -73.953530744299997, 40.802979882 ] } },
{ "type": "Feature", "properties": { "objectid": 11884, "name": "mn-12-120657", "boroname": "Manhattan", "type": "Free", "provider": "LinkNYC - Citybridge", "location_t": "Outdoor Kiosk" }, "geometry": { "type": "Point", "coordinates": [ -73.932248959500001, 40.851164600200001 ] } },
{ "type": "Feature", "properties": { "objectid": 10506, "name": null, "boroname": "Manhattan", "type": "Free", "provider": "Chelsea", "location_t": "Outdoor" }, "geometry": { "type": "Point", "coordinates": [ -74.000709057199998, 40.742298620900002 ] } },
{ "type": "Feature", "properties": { "objectid": 11727, "name": "bk-01-125630", "boroname": "Brooklyn", "type": "Free", "provider": "LinkNYC - Citybridge", "location_t": "Outdoor Kiosk" }, "geometry": { "type": "Point", "coordinates": [ -73.942681999499996, 40.7036540004 ] } },
{ "type": "Feature", "properties": { "objectid": 9676, "name": "Wingate Park", "boroname": "Brooklyn", "type": "Limited Free", "provider": "ALTICEUSA", "location_t": "Outdoor" }, "geometry": { "type": "Point", "coordinates": [ -73.9471600002, 40.657430000399998 ] } },
{ "type": "Feature", "properties": { "objectid": 11220, "name": "mn-08-121758", "boroname": "Manhattan", "type": "Free", "provider": "LinkNYC - Citybridge", "location_t": "Outdoor Kiosk" }, "geometry": { "type": "Point", "coordinates": [ -73.9626851397, 40.763079643600001 ] } },
{ "type": "Feature", "properties": { "objectid": 12015, "name": "mn-09-120355", "boroname": "Manhattan", "type": "Free", "provider": "LinkNYC - Citybridge", "location_t": "Outdoor Kiosk" }, "geometry": { "type": "Point", "coordinates": [ -73.948422040099999, 40.829662419899996 ] } },
{ "type": "Feature", "properties": { "objectid": 10373, "name": "Macombs Dam Park", "boroname": "Bronx", "type": "Limited Free", "provider": "ALTICEUSA", "location_t": "Outdoor" }, "geometry": { "type": "Point", "coordinates": [ -73.928565000199995, 40.827799000100001 ] } },
{ "type": "Feature", "properties": { "objectid": 10904, "name": "bx-05-111414", "boroname": "Bronx", "type": "Free", "provider": "LinkNYC - Citybridge", "location_t": "Outdoor Kiosk" }, "geometry": { "type": "Point", "coordinates": [ -73.907898999500006, 40.8537639997 ] } },
{ "type": "Feature", "properties": { "objectid": 12837, "name": "mn-08-120990", "boroname": "Manhattan", "type": "Free", "provider": "LinkNYC - Citybridge", "location_t": "Outdoor Kiosk" }, "geometry": { "type": "Point", "coordinates": [ -73.960253999700001, 40.770544999800002 ] } },
{ "type": "Feature", "properties": { "objectid": 10021, "name": "Eastern Parkway - Brooklyn Public Library", "boroname": "Brooklyn", "type": "Free", "provider": "BPL", "location_t": "Library" }, "geometry": { "type": "Point", "coordinates": [ -73.933650849599999, 40.668486510100003 ] } },
{ "type": "Feature", "properties": { "objectid": 10831, "name": "Prince St (N,R)", "boroname": "Manhattan", "type": "Free", "provider": "Transit Wireless", "location_t": "Subway Station" }, "geometry": { "type": "Point", "coordinates": [ -73.997702000399997, 40.724329000099999 ] } },
{ "type": "Feature", "properties": { "objectid": 12030, "name": "mn-05-137157", "boroname": "Manhattan", "type": "Free", "provider": "LinkNYC - Citybridge", "location_t": "Outdoor Kiosk" }, "geometry": { "type": "Point", "coordinates": [ -73.981880749499993, 40.7622099 ] } },
{ "type": "Feature", "properties": { "objectid": 12193, "name": "mn-06-134583", "boroname": "Manhattan", "type": "Free", "provider": "LinkNYC - Citybridge", "location_t": "Outdoor Kiosk" }, "geometry": { "type": "Point", "coordinates": [ -73.984694370499994, 40.732518789700002 ] } },
{ "type": "Feature", "properties": { "objectid": 10848, "name": "Canal St (1)", "boroname": "Manhattan", "type": "Free", "provider": "Transit Wireless", "location_t": "Subway Station" }, "geometry": { "type": "Point", "coordinates": [ -74.006277000200001, 40.722853999599998 ] } },
{ "type": "Feature", "properties": { "objectid": 10335, "name": "bk-17-145927", "boroname": "Brooklyn", "type": "Free", "provider": "LinkNYC - Citybridge", "location_t": "Outdoor Kiosk" }, "geometry": { "type": "Point", "coordinates": [ -73.947834000399993, 40.650961999800003 ] } },
{ "type": "Feature", "properties": { "objectid": 12277, "name": "bk-07-108701", "boroname": "Brooklyn", "type": "Free", "provider": "LinkNYC - Citybridge", "location_t": "Outdoor Kiosk" }, "geometry": { "type": "Point", "coordinates": [ -73.997386999599996, 40.660871000100002 ] } },
{ "type": "Feature", "properties": { "objectid": 12703, "name": "mn-06-138218", "boroname": "Manhattan", "type": "Free", "provider": "LinkNYC - Citybridge", "location_t": "Outdoor Kiosk" }, "geometry": { "type": "Point", "coordinates": [ -73.977194600399997, 40.74950281 ] } },
{ "type": "Feature", "properties": { "objectid": 12586, "name": "qu-09-124172", "boroname": "Queens", "type": "Free", "provider": "LinkNYC - Citybridge", "location_t": "Outdoor Kiosk" }, "geometry": { "type": "Point", "coordinates": [ -73.830838000200004, 40.713982999899997 ] } },
{ "type": "Feature", "properties": { "objectid": 10688, "name": "mn-07-133415", "boroname": "Manhattan", "type": "Free", "provider": "LinkNYC - Citybridge", "location_t": "Outdoor Kiosk" }, "geometry": { "type": "Point", "coordinates": [ -73.977993469500007, 40.786222729800002 ] } },
{ "type": "Feature", "properties": { "objectid": 10822, "name": "Lexington Av-53rd St (E)/51 St (6)", "boroname": "Manhattan", "type": "Free", "provider": "Transit Wireless", "location_t": "Subway Station" }, "geometry": { "type": "Point", "coordinates": [ -73.969055, 40.757551999699999 ] } },
{ "type": "Feature", "properties": { "objectid": 10729, "name": "mn-05-121634", "boroname": "Manhattan", "type": "Free", "provider": "LinkNYC - Citybridge", "location_t": "Outdoor Kiosk" }, "geometry": { "type": "Point", "coordinates": [ -73.985366999500002, 40.7447420003 ] } },
{ "type": "Feature", "properties": { "objectid": 9857, "name": null, "boroname": "Brooklyn", "type": "Free", "provider": "Downtown Brooklyn", "location_t": "Outdoor" }, "geometry": { "type": "Point", "coordinates": [ -73.978540999700002, 40.686370999600001 ] } },
{ "type": "Feature", "properties": { "objectid": 11312, "name": null, "boroname": "Manhattan", "type": "Free", "provider": "Harlem", "location_t": "Outdoor" }, "geometry": { "type": "Point", "coordinates": [ -73.943670999600002, 40.8105319999 ] } },
{ "type": "Feature", "properties": { "objectid": 12858, "name": "mn-08-134748", "boroname": "Manhattan", "type": "Free", "provider": "LinkNYC - Citybridge", "location_t": "Outdoor Kiosk" }, "geometry": { "type": "Point", "coordinates": [ -73.953715449599997, 40.778605139699998 ] } },
{ "type": "Feature", "properties": { "objectid": 12762, "name": "mn-07-111894", "boroname": "Manhattan", "type": "Free", "provider": "LinkNYC - Citybridge", "location_t": "Outdoor Kiosk" }, "geometry": { "type": "Point", "coordinates": [ -73.969809999500001, 40.795005000099998 ] } },
{ "type": "Feature", "properties": { "objectid": 11814, "name": "bx-04-119141", "boroname": "Bronx", "type": "Free", "provider": "LinkNYC - Citybridge", "location_t": "Outdoor Kiosk" }, "geometry": { "type": "Point", "coordinates": [ -73.918194000400007, 40.840248000199999 ] } },
{ "type": "Feature", "properties": { "objectid": 12395, "name": "Bergen St (F,G)", "boroname": "Brooklyn", "type": "Free", "provider": "Transit Wireless", "location_t": "Subway Station" }, "geometry": { "type": "Point", "coordinates": [ -73.990862000099995, 40.686145000300002 ] } },
{ "type": "Feature", "properties": { "objectid": 12449, "name": "mn-07-120510", "boroname": "Manhattan", "type": "Free", "provider": "LinkNYC - Citybridge", "location_t": "Outdoor Kiosk" }, "geometry": { "type": "Point", "coordinates": [ -73.969630000500004, 40.797148 ] } },
{ "type": "Feature", "properties": { "objectid": 12042, "name": "mn-03-137173", "boroname": "Manhattan", "type": "Free", "provider": "LinkNYC - Citybridge", "location_t": "Outdoor Kiosk" }, "geometry": { "type": "Point", "coordinates": [ -73.98908323, 40.72048554 ] } },
{ "type": "Feature", "properties": { "objectid": 10592, "name": "Baisley Pond Park", "boroname": "Queens", "type": "Limited Free", "provider": "SPECTRUM", "location_t": "Outdoor TWC Aerial" }, "geometry": { "type": "Point", "coordinates": [ -73.784819999500002, 40.683010000099998 ] } },
{ "type": "Feature", "properties": { "objectid": 11771, "name": "mn-06-136356", "boroname": "Manhattan", "type": "Free", "provider": "LinkNYC - Citybridge", "location_t": "Outdoor Kiosk" }, "geometry": { "type": "Point", "coordinates": [ -73.964070379600003, 40.756943989699998 ] } },
{ "type": "Feature", "properties": { "objectid": 11279, "name": "mn-07-121208", "boroname": "Manhattan", "type": "Free", "provider": "LinkNYC - Citybridge", "location_t": "Outdoor Kiosk" }, "geometry": { "type": "Point", "coordinates": [ -73.978999870199999, 40.7824098201 ] } },
{ "type": "Feature", "properties": { "objectid": 11979, "name": "qu-02-145746", "boroname": "Queens", "type": "Free", "provider": "LinkNYC - Citybridge", "location_t": "Outdoor Kiosk" }, "geometry": { "type": "Point", "coordinates": [ -73.946937080200001, 40.745417720200003 ] } },
{ "type": "Feature", "properties": { "objectid": 11252, "name": "mn-10-142554", "boroname": "Manhattan", "type": "Free", "provider": "LinkNYC - Citybridge", "location_t": "Outdoor Kiosk" }, "geometry": { "type": "Point", "coordinates": [ -73.937507750600005, 40.824081100199997 ] } },
{ "type": "Feature", "properties": { "objectid": 12204, "name": "mn-02-123539", "boroname": "Manhattan", "type": "Free", "provider": "LinkNYC - Citybridge", "location_t": "Outdoor Kiosk" }, "geometry": { "type": "Point", "coordinates": [ -73.999932409899998, 40.738570460200002 ] } },
{ "type": "Feature", "properties": { "objectid": 11964, "name": "qu-02-145778", "boroname": "Queens", "type": "Free", "provider": "LinkNYC - Citybridge", "location_t": "Outdoor Kiosk" }, "geometry": { "type": "Point", "coordinates": [ -73.901885999499996, 40.740961999699998 ] } },
{ "type": "Feature", "properties": { "objectid": 11740, "name": "mn-05-137879", "boroname": "Manhattan", "type": "Free", "provider": "LinkNYC - Citybridge", "location_t": "Outdoor Kiosk" }, "geometry": { "type": "Point", "coordinates": [ -73.993282469899995, 40.736638940399999 ] } },
{ "type": "Feature", "properties": { "objectid": 10016, "name": "Countee Cullen", "boroname": "Manhattan", "type": "Free", "provider": "NYPL", "location_t": "Library" }, "geometry": { "type": "Point", "coordinates": [ -73.941197673, 40.814820409200003 ] } },
{ "type": "Feature", "properties": { "objectid": 12597, "name": "Belmont Library-Enrico Fermi Cultural Center", "boroname": "Bronx", "type": "Free", "provider": "NYPL", "location_t": "Library" }, "geometry": { "type": "Point", "coordinates": [ -73.887889428899996, 40.8543469054 ] } },
{ "type": "Feature", "properties": { "objectid": 10072, "name": "Grand Concourse", "boroname": "Bronx", "type": "Free", "provider": "NYPL", "location_t": "Library" }, "geometry": { "type": "Point", "coordinates": [ -73.910087144499997, 40.8440019118 ] } },
{ "type": "Feature", "properties": { "objectid": 10746, "name": "Ferry Point Park", "boroname": "Bronx", "type": "Limited Free", "provider": "ALTICEUSA", "location_t": "Outdoor" }, "geometry": { "type": "Point", "coordinates": [ -73.826209999499994, 40.8210679998 ] } },
{ "type": "Feature", "properties": { "objectid": 11561, "name": "Rockaway Beach and Boardwalk", "boroname": "Queens", "type": "Limited Free", "provider": "SPECTRUM", "location_t": "Outdoor" }, "geometry": { "type": "Point", "coordinates": [ -73.835787999900006, 40.577877999899997 ] } },
{ "type": "Feature", "properties": { "objectid": 12782, "name": "mn-07-102695", "boroname": "Manhattan", "type": "Free", "provider": "LinkNYC - Citybridge", "location_t": "Outdoor Kiosk" }, "geometry": { "type": "Point", "coordinates": [ -73.964938910399994, 40.80104973 ] } },
{ "type": "Feature", "properties": { "objectid": 9659, "name": "bx-06-146096", "boroname": "Bronx", "type": "Free", "provider": "LinkNYC - Citybridge", "location_t": "Outdoor Kiosk" }, "geometry": { "type": "Point", "coordinates": [ -73.896393160399995, 40.846476759799998 ] } },
{ "type": "Feature", "properties": { "objectid": 9795, "name": "mn-06-121540", "boroname": "Manhattan", "type": "Free", "provider": "LinkNYC - Citybridge", "location_t": "Outdoor Kiosk" }, "geometry": { "type": "Point", "coordinates": [ -73.970116000100006, 40.752475999600001 ] } },
{ "type": "Feature", "properties": { "objectid": 12361, "name": "Lawrence St (M,R)", "boroname": "Brooklyn", "type": "Free", "provider": "Transit Wireless", "location_t": "Subway Station" }, "geometry": { "type": "Point", "coordinates": [ -73.985941999600001, 40.692179999700002 ] } },
{ "type": "Feature", "properties": { "objectid": 10761, "name": "Gun Hill Playground", "boroname": "Bronx", "type": "Limited Free", "provider": "ALTICEUSA", "location_t": "Outdoor" }, "geometry": { "type": "Point", "coordinates": [ -73.865005000400004, 40.874778999699998 ] } },
{ "type": "Feature", "properties": { "objectid": 10437, "name": "Cunningham Park", "boroname": "Queens", "type": "Limited Free", "provider": "SPECTRUM", "location_t": "Outdoor TWC Aerial" }, "geometry": { "type": "Point", "coordinates": [ -73.7740839999, 40.73121 ] } },
{ "type": "Feature", "properties": { "objectid": 11781, "name": "mn-04-107976", "boroname": "Manhattan", "type": "Free", "provider": "LinkNYC - Citybridge", "location_t": "Outdoor Kiosk" }, "geometry": { "type": "Point", "coordinates": [ -74.006704299500001, 40.748842000099998 ] } },
{ "type": "Feature", "properties": { "objectid": 11338, "name": "72nd St. ΓÇô Broadway - 1, 2, 3", "boroname": "Manhattan", "type": "Free", "provider": "Transit Wireless", "location_t": "Subway Station" }, "geometry": { "type": "Point", "coordinates": [ -73.981970000399997, 40.778452999800002 ] } },
{ "type": "Feature", "properties": { "objectid": 11647, "name": "Phil \"Scooter\" Rizzuto Park", "boroname": "Queens", "type": "Limited Free", "provider": "SPECTRUM", "location_t": "Outdoor TWC Aerial" }, "geometry": { "type": "Point", "coordinates": [ -73.820841000200005, 40.695132000299999 ] } },
{ "type": "Feature", "properties": { "objectid": 11046, "name": "bk-01-126673", "boroname": "Brooklyn", "type": "Free", "provider": "LinkNYC - Citybridge", "location_t": "Outdoor Kiosk" }, "geometry": { "type": "Point", "coordinates": [ -73.943389649899999, 40.708922019799999 ] } },
{ "type": "Feature", "properties": { "objectid": 12624, "name": "bk-02-132668", "boroname": "Brooklyn", "type": "Free", "provider": "LinkNYC - Citybridge", "location_t": "Outdoor Kiosk" }, "geometry": { "type": "Point", "coordinates": [ -73.963959000299994, 40.682932000299999 ] } },
{ "type": "Feature", "properties": { "objectid": 12350, "name": "Canal St (J,M,N,Q,R,Z,6)", "boroname": "Manhattan", "type": "Free", "provider": "Transit Wireless", "location_t": "Subway Station" }, "geometry": { "type": "Point", "coordinates": [ -74.000193000500005, 40.718803000199998 ] } },
{ "type": "Feature", "properties": { "objectid": 12170, "name": "mn-05-135635", "boroname": "Manhattan", "type": "Free", "provider": "LinkNYC - Citybridge", "location_t": "Outdoor Kiosk" }, "geometry": { "type": "Point", "coordinates": [ -73.983132306599998, 40.744406777400002 ] } },
{ "type": "Feature", "properties": { "objectid": 11509, "name": "Owl's Head Park", "boroname": "Brooklyn", "type": "Limited Free", "provider": "SPECTRUM", "location_t": "Outdoor" }, "geometry": { "type": "Point", "coordinates": [ -74.031932999700004, 40.639231 ] } },
{ "type": "Feature", "properties": { "objectid": 9874, "name": null, "boroname": "Brooklyn", "type": "Free", "provider": "Downtown Brooklyn", "location_t": "Outdoor" }, "geometry": { "type": "Point", "coordinates": [ -73.986706500500006, 40.6940105 ] } },
{ "type": "Feature", "properties": { "objectid": 12229, "name": "mn-06-134536", "boroname": "Manhattan", "type": "Free", "provider": "LinkNYC - Citybridge", "location_t": "Outdoor Kiosk" }, "geometry": { "type": "Point", "coordinates": [ -73.983889999900001, 40.737596999700003 ] } },
{ "type": "Feature", "properties": { "objectid": 11996, "name": "mn-12-120663", "boroname": "Manhattan", "type": "Free", "provider": "LinkNYC - Citybridge", "location_t": "Outdoor Kiosk" }, "geometry": { "type": "Point", "coordinates": [ -73.929920350399996, 40.854358460100002 ] } },
{ "type": "Feature", "properties": { "objectid": 9906, "name": null, "boroname": "Brooklyn", "type": "Free", "provider": "Downtown Brooklyn", "location_t": "Outdoor" }, "geometry": { "type": "Point", "coordinates": [ -73.987161999899996, 40.689319000300003 ] } },
{ "type": "Feature", "properties": { "objectid": 10133, "name": null, "boroname": "Manhattan", "type": "Free", "provider": "Harlem", "location_t": "Outdoor" }, "geometry": { "type": "Point", "coordinates": [ -73.942971000300005, 40.815936000199997 ] } },
{ "type": "Feature", "properties": { "objectid": 11154, "name": "bx-01-146075", "boroname": "Bronx", "type": "Free", "provider": "LinkNYC - Citybridge", "location_t": "Outdoor Kiosk" }, "geometry": { "type": "Point", "coordinates": [ -73.919006110200002, 40.807755930100001 ] } },
{ "type": "Feature", "properties": { "objectid": 12532, "name": "mn-06-133481", "boroname": "Manhattan", "type": "Free", "provider": "LinkNYC - Citybridge", "location_t": "Outdoor Kiosk" }, "geometry": { "type": "Point", "coordinates": [ -73.967101170299998, 40.7606442899 ] } },
{ "type": "Feature", "properties": { "objectid": 10216, "name": "Red Hook Recreation Center", "boroname": "Brooklyn", "type": "Limited Free", "provider": "SPECTRUM", "location_t": "Indoor" }, "geometry": { "type": "Point", "coordinates": [ -74.004303, 40.672412999700001 ] } },
{ "type": "Feature", "properties": { "objectid": 9989, "name": "Arlington - Brooklyn Public Library", "boroname": "Brooklyn", "type": "Free", "provider": "BPL", "location_t": "Library" }, "geometry": { "type": "Point", "coordinates": [ -73.887239509, 40.680687107 ] } },
{ "type": "Feature", "properties": { "objectid": 10002, "name": "East Flushing", "boroname": "Queens", "type": "Free", "provider": "QPL", "location_t": "Library" }, "geometry": { "type": "Point", "coordinates": [ -73.7843029637, 40.7575456796 ] } },
{ "type": "Feature", "properties": { "objectid": 10101, "name": "16", "boroname": "Manhattan", "type": "Free", "provider": "Manhattan Down Alliance", "location_t": "Outdoor" }, "geometry": { "type": "Point", "coordinates": [ -74.009200999599997, 40.704101600199998 ] } },
{ "type": "Feature", "properties": { "objectid": 10452, "name": "Gertrude Ederle Recreation Center", "boroname": "Manhattan", "type": "Limited Free", "provider": "SPECTRUM", "location_t": "Indoor" }, "geometry": { "type": "Point", "coordinates": [ -73.988108999600001, 40.7714420004 ] } },
{ "type": "Feature", "properties": { "objectid": 9631, "name": "mn-01-122275", "boroname": "Manhattan", "type": "Free", "provider": "LinkNYC - Citybridge", "location_t": "Outdoor Kiosk" }, "geometry": { "type": "Point", "coordinates": [ -74.0058149101, 40.717804969600003 ] } },
{ "type": "Feature", "properties": { "objectid": 11755, "name": "mn-09-134415", "boroname": "Manhattan", "type": "Free", "provider": "LinkNYC - Citybridge", "location_t": "Outdoor Kiosk" }, "geometry": { "type": "Point", "coordinates": [ -73.966328170400004, 40.80439875 ] } },
{ "type": "Feature", "properties": { "objectid": 11973, "name": "mn-09-145978", "boroname": "Manhattan", "type": "Free", "provider": "LinkNYC - Citybridge", "location_t": "Outdoor Kiosk" }, "geometry": { "type": "Point", "coordinates": [ -73.9552802595, 40.814538690200003 ] } },
{ "type": "Feature", "properties": { "objectid": 12316, "name": "qu-02-102099", "boroname": "Queens", "type": "Free", "provider": "LinkNYC - Citybridge", "location_t": "Outdoor Kiosk" }, "geometry": { "type": "Point", "coordinates": [ -73.930399, 40.7442780003 ] } },
{ "type": "Feature", "properties": { "objectid": 12219, "name": "mn-06-133339", "boroname": "Manhattan", "type": "Free", "provider": "LinkNYC - Citybridge", "location_t": "Outdoor Kiosk" }, "geometry": { "type": "Point", "coordinates": [ -73.986161580399994, 40.734491530200003 ] } },
{ "type": "Feature", "properties": { "objectid": 12185, "name": "mn-05-135652", "boroname": "Manhattan", "type": "Free", "provider": "LinkNYC - Citybridge", "location_t": "Outdoor Kiosk" }, "geometry": { "type": "Point", "coordinates": [ -73.991198549499998, 40.739166040100002 ] } },
{ "type": "Feature", "properties": { "objectid": 12522, "name": "mn-06-121842", "boroname": "Manhattan", "type": "Free", "provider": "LinkNYC - Citybridge", "location_t": "Outdoor Kiosk" }, "geometry": { "type": "Point", "coordinates": [ -73.968726999699996, 40.758993 ] } },
{ "type": "Feature", "properties": { "objectid": 12933, "name": "mn-05-122608", "boroname": "Manhattan", "type": "Free", "provider": "LinkNYC - Citybridge", "location_t": "Outdoor Kiosk" }, "geometry": { "type": "Point", "coordinates": [ -73.984719309799999, 40.76399635 ] } },
{ "type": "Feature", "properties": { "objectid": 12883, "name": "bx-07-145689", "boroname": "Bronx", "type": "Free", "provider": "LinkNYC - Citybridge", "location_t": "Outdoor Kiosk" }, "geometry": { "type": "Point", "coordinates": [ -73.895653719899997, 40.866588269799998 ] } },
{ "type": "Feature", "properties": { "objectid": 12047, "name": "mn-08-135983", "boroname": "Manhattan", "type": "Free", "provider": "LinkNYC - Citybridge", "location_t": "Outdoor Kiosk" }, "geometry": { "type": "Point", "coordinates": [ -73.970823000500005, 40.764096999800003 ] } },
{ "type": "Feature", "properties": { "objectid": 11708, "name": "Coney Island Beach & Boardwalk", "boroname": "Brooklyn", "type": "Limited Free", "provider": "ALTICEUSA", "location_t": "Outdoor" }, "geometry": { "type": "Point", "coordinates": [ -73.986038999499996, 40.572664000300001 ] } },
{ "type": "Feature", "properties": { "objectid": 10789, "name": "77 St (6)", "boroname": "Manhattan", "type": "Free", "provider": "Transit Wireless", "location_t": "Subway Station" }, "geometry": { "type": "Point", "coordinates": [ -73.959874, 40.773619999799998 ] } },
{ "type": "Feature", "properties": { "objectid": 12668, "name": "mn-05-122586", "boroname": "Manhattan", "type": "Free", "provider": "LinkNYC - Citybridge", "location_t": "Outdoor Kiosk" }, "geometry": { "type": "Point", "coordinates": [ -73.986828000299994, 40.761094000299998 ] } },
{ "type": "Feature", "properties": { "objectid": 12322, "name": "qu-01-140214", "boroname": "Queens", "type": "Free", "provider": "LinkNYC - Citybridge", "location_t": "Outdoor Kiosk" }, "geometry": { "type": "Point", "coordinates": [ -73.91232033, 40.7533698704 ] } },
{ "type": "Feature", "properties": { "objectid": 10669, "name": "mn-07-136444", "boroname": "Manhattan", "type": "Free", "provider": "LinkNYC - Citybridge", "location_t": "Outdoor Kiosk" }, "geometry": { "type": "Point", "coordinates": [ -73.981184000100001, 40.781983999799998 ] } },
{ "type": "Feature", "properties": { "objectid": 10233, "name": "Rockaway Beach and Boardwalk", "boroname": "Queens", "type": "Limited Free", "provider": "SPECTRUM", "location_t": "Outdoor" }, "geometry": { "type": "Point", "coordinates": [ -73.826272000499998, 40.580467 ] } },
{ "type": "Feature", "properties": { "objectid": 9644, "name": "mn-01-123044", "boroname": "Manhattan", "type": "Free", "provider": "LinkNYC - Citybridge", "location_t": "Outdoor Kiosk" }, "geometry": { "type": "Point", "coordinates": [ -74.005126000499999, 40.7157119998 ] } },
{ "type": "Feature", "properties": { "objectid": 10979, "name": "Alfred E. Smith Playground", "boroname": "Manhattan", "type": "Limited Free", "provider": "SPECTRUM", "location_t": "Indoor" }, "geometry": { "type": "Point", "coordinates": [ -73.997979999899997, 40.7102499999 ] } },
{ "type": "Feature", "properties": { "objectid": 12402, "name": "Bedford-Nostrand Avs (G)", "boroname": "Brooklyn", "type": "Free", "provider": "Transit Wireless", "location_t": "Subway Station" }, "geometry": { "type": "Point", "coordinates": [ -73.953521999499998, 40.689626999799998 ] } },
{ "type": "Feature", "properties": { "objectid": 12646, "name": "mn-01-137165", "boroname": "Manhattan", "type": "Free", "provider": "LinkNYC - Citybridge", "location_t": "Outdoor Kiosk" }, "geometry": { "type": "Point", "coordinates": [ -74.000961999599994, 40.717827999800001 ] } },
{ "type": "Feature", "properties": { "objectid": 12463, "name": "mn-07-120402", "boroname": "Manhattan", "type": "Free", "provider": "LinkNYC - Citybridge", "location_t": "Outdoor Kiosk" }, "geometry": { "type": "Point", "coordinates": [ -73.967493000399998, 40.802126000299999 ] } },
{ "type": "Feature", "properties": { "objectid": 12890, "name": "mn-09-120422", "boroname": "Manhattan", "type": "Free", "provider": "LinkNYC - Citybridge", "location_t": "Outdoor Kiosk" }, "geometry": { "type": "Point", "coordinates": [ -73.953310000100004, 40.821917999699998 ] } },
{ "type": "Feature", "properties": { "objectid": 10908, "name": "qu-01-142852", "boroname": "Queens", "type": "Free", "provider": "LinkNYC - Citybridge", "location_t": "Outdoor Kiosk" }, "geometry": { "type": "Point", "coordinates": [ -73.922019079899997, 40.7604726697 ] } },
{ "type": "Feature", "properties": { "objectid": 12118, "name": "mn-05-122541", "boroname": "Manhattan", "type": "Free", "provider": "LinkNYC - Citybridge", "location_t": "Outdoor Kiosk" }, "geometry": { "type": "Point", "coordinates": [ -73.982628829600003, 40.763978079700003 ] } },
{ "type": "Feature", "properties": { "objectid": 10743, "name": "Crotona Park", "boroname": "Bronx", "type": "Limited Free", "provider": "ALTICEUSA", "location_t": "Outdoor" }, "geometry": { "type": "Point", "coordinates": [ -73.897951000500001, 40.881477000300002 ] } },
{ "type": "Feature", "properties": { "objectid": 10172, "name": "bk-01-145856", "boroname": "Brooklyn", "type": "Free", "provider": "LinkNYC - Citybridge", "location_t": "Outdoor Kiosk" }, "geometry": { "type": "Point", "coordinates": [ -73.943029999499998, 40.705768000200003 ] } },
{ "type": "Feature", "properties": { "objectid": 12772, "name": "mn-07-133668", "boroname": "Manhattan", "type": "Free", "provider": "LinkNYC - Citybridge", "location_t": "Outdoor Kiosk" }, "geometry": { "type": "Point", "coordinates": [ -73.967603320199999, 40.79802733 ] } },
{ "type": "Feature", "properties": { "objectid": 11717, "name": "Crotona Park", "boroname": "Bronx", "type": "Limited Free", "provider": "ALTICEUSA", "location_t": "Outdoor" }, "geometry": { "type": "Point", "coordinates": [ -73.893478000399995, 40.838058000099998 ] } },
{ "type": "Feature", "properties": { "objectid": 11575, "name": "Roy Wilkins Recreation Center", "boroname": "Queens", "type": "Limited Free", "provider": "SPECTRUM", "location_t": "Indoor" }, "geometry": { "type": "Point", "coordinates": [ -73.769558999599994, 40.687191 ] } },
{ "type": "Feature", "properties": { "objectid": 9757, "name": "mn-01-133384", "boroname": "Manhattan", "type": "Free", "provider": "LinkNYC - Citybridge", "location_t": "Outdoor Kiosk" }, "geometry": { "type": "Point", "coordinates": [ -74.006488280499994, 40.720983490099997 ] } },
{ "type": "Feature", "properties": { "objectid": 9747, "name": "0", "boroname": "Brooklyn", "type": "Free", "provider": "NYCHA", "location_t": "Outdoor" }, "geometry": { "type": "Point", "coordinates": [ -73.974614200399998, 40.694381999800001 ] } },
{ "type": "Feature", "properties": { "objectid": 10565, "name": "Prospect Park", "boroname": "Brooklyn", "type": "Free", "provider": "AT&T", "location_t": "Outdoor" }, "geometry": { "type": "Point", "coordinates": [ -73.968299999699994, 40.650900000199996 ] } },
{ "type": "Feature", "properties": { "objectid": 11776, "name": "mn-07-107815", "boroname": "Manhattan", "type": "Free", "provider": "LinkNYC - Citybridge", "location_t": "Outdoor Kiosk" }, "geometry": { "type": "Point", "coordinates": [ -73.973866799500001, 40.78944465 ] } },
{ "type": "Feature", "properties": { "objectid": 12901, "name": "mn-12-120463", "boroname": "Manhattan", "type": "Free", "provider": "LinkNYC - Citybridge", "location_t": "Outdoor Kiosk" }, "geometry": { "type": "Point", "coordinates": [ -73.942326999599999, 40.8322830002 ] } },
{ "type": "Feature", "properties": { "objectid": 11639, "name": "Wolfe's Pond Park", "boroname": "Staten Island", "type": "Limited Free", "provider": "SPECTRUM", "location_t": "Outdoor" }, "geometry": { "type": "Point", "coordinates": [ -74.189764999700003, 40.5181669997 ] } },
{ "type": "Feature", "properties": { "objectid": 11367, "name": "71 AV - CONTINENTAL AVE - FOREST HILLS", "boroname": "Queens", "type": "Free", "provider": "Transit Wireless", "location_t": "Subway Station" }, "geometry": { "type": "Point", "coordinates": [ -73.844521000499995, 40.7216909996 ] } },
{ "type": "Feature", "properties": { "objectid": 10116, "name": "31", "boroname": "Manhattan", "type": "Free", "provider": "Manhattan Down Alliance", "location_t": "Outdoor" }, "geometry": { "type": "Point", "coordinates": [ -74.013099700300003, 40.708698299700004 ] } },
{ "type": "Feature", "properties": { "objectid": 11764, "name": "mn-04-135464", "boroname": "Manhattan", "type": "Free", "provider": "LinkNYC - Citybridge", "location_t": "Outdoor Kiosk" }, "geometry": { "type": "Point", "coordinates": [ -73.9939631, 40.741514930100003 ] } },
{ "type": "Feature", "properties": { "objectid": 10201, "name": "0", "boroname": "Brooklyn", "type": "Free", "provider": "NYCHA", "location_t": "Outdoor" }, "geometry": { "type": "Point", "coordinates": [ -73.982476199700002, 40.693858999600003 ] } },
{ "type": "Feature", "properties": { "objectid": 9846, "name": "Juniper Valley Park", "boroname": "Queens", "type": "Limited Free", "provider": "SPECTRUM", "location_t": "Outdoor" }, "geometry": { "type": "Point", "coordinates": [ -73.877336999500002, 40.720598000099997 ] } },
{ "type": "Feature", "properties": { "objectid": 11947, "name": "bk-03-145760", "boroname": "Brooklyn", "type": "Free", "provider": "LinkNYC - Citybridge", "location_t": "Outdoor Kiosk" }, "geometry": { "type": "Point", "coordinates": [ -73.937627001899997, 40.679815356399999 ] } },
{ "type": "Feature", "properties": { "objectid": 11320, "name": "Pelham Bay Park", "boroname": "Bronx", "type": "Limited Free", "provider": "ALTICEUSA", "location_t": "Outdoor" }, "geometry": { "type": "Point", "coordinates": [ -73.823951999900004, 40.846606000400001 ] } },
{ "type": "Feature", "properties": { "objectid": 11786, "name": "mn-08-108268", "boroname": "Manhattan", "type": "Free", "provider": "LinkNYC - Citybridge", "location_t": "Outdoor Kiosk" }, "geometry": { "type": "Point", "coordinates": [ -73.959715029799995, 40.762920880400003 ] } },
{ "type": "Feature", "properties": { "objectid": 9925, "name": "Mott Haven", "boroname": "Bronx", "type": "Free", "provider": "NYPL", "location_t": "Library" }, "geometry": { "type": "Point", "coordinates": [ -73.924366340199995, 40.8115962129 ] } },
{ "type": "Feature", "properties": { "objectid": 10142, "name": null, "boroname": "Manhattan", "type": "Free", "provider": "Harlem", "location_t": "Outdoor" }, "geometry": { "type": "Point", "coordinates": [ -73.953777999600007, 40.801137000300002 ] } },
{ "type": "Feature", "properties": { "objectid": 11346, "name": "96th Street - Central Park West - B, C", "boroname": "Manhattan", "type": "Free", "provider": "Transit Wireless", "location_t": "Subway Station" }, "geometry": { "type": "Point", "coordinates": [ -73.964694, 40.7916440001 ] } },
{ "type": "Feature", "properties": { "objectid": 11095, "name": "bx-01-145917", "boroname": "Bronx", "type": "Free", "provider": "LinkNYC - Citybridge", "location_t": "Outdoor Kiosk" }, "geometry": { "type": "Point", "coordinates": [ -73.929250290300004, 40.812440910399999 ] } },
{ "type": "Feature", "properties": { "objectid": 11857, "name": "mn-06-134564", "boroname": "Manhattan", "type": "Free", "provider": "LinkNYC - Citybridge", "location_t": "Outdoor Kiosk" }, "geometry": { "type": "Point", "coordinates": [ -73.981861569499998, 40.736755610400003 ] } },
{ "type": "Feature", "properties": { "objectid": 12506, "name": "bx-04-119048", "boroname": "Bronx", "type": "Free", "provider": "LinkNYC - Citybridge", "location_t": "Outdoor Kiosk" }, "geometry": { "type": "Point", "coordinates": [ -73.921746999800007, 40.8314669998 ] } },
{ "type": "Feature", "properties": { "objectid": 11622, "name": "Tony Dapolito Recreation Center", "boroname": "Manhattan", "type": "Limited Free", "provider": "SPECTRUM", "location_t": "Indoor" }, "geometry": { "type": "Point", "coordinates": [ -74.005461999800005, 40.729564 ] } },
{ "type": "Feature", "properties": { "objectid": 10944, "name": null, "boroname": "Manhattan", "type": "Free", "provider": "Harlem", "location_t": "Outdoor" }, "geometry": { "type": "Point", "coordinates": [ -73.940812000299999, 40.815803000099997 ] } },
{ "type": "Feature", "properties": { "objectid": 11157, "name": "bx-01-146053", "boroname": "Bronx", "type": "Free", "provider": "LinkNYC - Citybridge", "location_t": "Outdoor Kiosk" }, "geometry": { "type": "Point", "coordinates": [ -73.917955183199993, 40.806286642300002 ] } },
{ "type": "Feature", "properties": { "objectid": 10597, "name": "Baisley Pond Park", "boroname": "Queens", "type": "Limited Free", "provider": "SPECTRUM", "location_t": "Outdoor TWC Aerial" }, "geometry": { "type": "Point", "coordinates": [ -73.787109999400002, 40.678140000200003 ] } },
{ "type": "Feature", "properties": { "objectid": 10341, "name": "Governors Island", "boroname": "Manhattan", "type": "Free", "provider": "Fiberless", "location_t": "Outdoor" }, "geometry": { "type": "Point", "coordinates": [ -74.0162, 40.692750000300002 ] } },
{ "type": "Feature", "properties": { "objectid": 12133, "name": "mn-07-121257", "boroname": "Manhattan", "type": "Free", "provider": "LinkNYC - Citybridge", "location_t": "Outdoor Kiosk" }, "geometry": { "type": "Point", "coordinates": [ -73.972311400500004, 40.786653839899998 ] } },
{ "type": "Feature", "properties": { "objectid": 11035, "name": "mn-05-121632", "boroname": "Manhattan", "type": "Free", "provider": "LinkNYC - Citybridge", "location_t": "Outdoor Kiosk" }, "geometry": { "type": "Point", "coordinates": [ -73.984492194300003, 40.745985978 ] } },
{ "type": "Feature", "properties": { "objectid": 11414, "name": "42nd Street ΓÇô Port Authority - A, C, E", "boroname": "Manhattan", "type": "Free", "provider": "Transit Wireless", "location_t": "Subway Station" }, "geometry": { "type": "Point", "coordinates": [ -73.989734999700005, 40.757308000400002 ] } },
{ "type": "Feature", "properties": { "objectid": 11698, "name": "Coney Island Beach & Boardwalk", "boroname": "Brooklyn", "type": "Limited Free", "provider": "ALTICEUSA", "location_t": "Outdoor" }, "geometry": { "type": "Point", "coordinates": [ -73.980343999699997, 40.57341 ] } },
{ "type": "Feature", "properties": { "objectid": 12225, "name": "mn-06-121489", "boroname": "Manhattan", "type": "Free", "provider": "LinkNYC - Citybridge", "location_t": "Outdoor Kiosk" }, "geometry": { "type": "Point", "coordinates": [ -73.982889000100002, 40.739531000299998 ] } },
{ "type": "Feature", "properties": { "objectid": 12272, "name": "mn-06-121535", "boroname": "Manhattan", "type": "Free", "provider": "LinkNYC - Citybridge", "location_t": "Outdoor Kiosk" }, "geometry": { "type": "Point", "coordinates": [ -73.973764999599993, 40.751497000400001 ] } },
{ "type": "Feature", "properties": { "objectid": 9708, "name": "Seton Falls Park", "boroname": "Bronx", "type": "Limited Free", "provider": "ALTICEUSA", "location_t": "Outdoor" }, "geometry": { "type": "Point", "coordinates": [ -73.840132999800005, 40.888782999900002 ] } },
{ "type": "Feature", "properties": { "objectid": 10166, "name": "86 St (Q)", "boroname": "Manhattan", "type": "Free", "provider": "Transit Wireless", "location_t": "Subway Station" }, "geometry": { "type": "Point", "coordinates": [ -73.951752999500002, 40.777925000300002 ] } },
{ "type": "Feature", "properties": { "objectid": 11344, "name": "86th Street - 1", "boroname": "Manhattan", "type": "Free", "provider": "Transit Wireless", "location_t": "Subway Station" }, "geometry": { "type": "Point", "coordinates": [ -73.976217999799999, 40.788643999800001 ] } },
{ "type": "Feature", "properties": { "objectid": 12794, "name": "mn-09-111918", "boroname": "Manhattan", "type": "Free", "provider": "LinkNYC - Citybridge", "location_t": "Outdoor Kiosk" }, "geometry": { "type": "Point", "coordinates": [ -73.949905599800005, 40.822267830199998 ] } },
{ "type": "Feature", "properties": { "objectid": 11122, "name": "si-02-145835", "boroname": "Staten Island", "type": "Free", "provider": "LinkNYC - Citybridge", "location_t": "Outdoor Kiosk" }, "geometry": { "type": "Point", "coordinates": [ -74.10090436, 40.5899077101 ] } },
{ "type": "Feature", "properties": { "objectid": 10367, "name": "Macombs Dam Park", "boroname": "Bronx", "type": "Limited Free", "provider": "ALTICEUSA", "location_t": "Outdoor" }, "geometry": { "type": "Point", "coordinates": [ -73.929249, 40.826377999599998 ] } },
{ "type": "Feature", "properties": { "objectid": 11201, "name": "mn-08-121152", "boroname": "Manhattan", "type": "Free", "provider": "LinkNYC - Citybridge", "location_t": "Outdoor Kiosk" }, "geometry": { "type": "Point", "coordinates": [ -73.966224350399997, 40.770458710200003 ] } },
{ "type": "Feature", "properties": { "objectid": 10265, "name": "bk-01-146073", "boroname": "Brooklyn", "type": "Free", "provider": "LinkNYC - Citybridge", "location_t": "Outdoor Kiosk" }, "geometry": { "type": "Point", "coordinates": [ -73.957231309400001, 40.718513490399999 ] } },
{ "type": "Feature", "properties": { "objectid": 10417, "name": null, "boroname": "Brooklyn", "type": "Free", "provider": "Downtown Brooklyn", "location_t": "Outdoor" }, "geometry": { "type": "Point", "coordinates": [ -73.982324800300006, 40.690072300300002 ] } },
{ "type": "Feature", "properties": { "objectid": 11592, "name": "Snug Harbor Cultural Center", "boroname": "Staten Island", "type": "Limited Free", "provider": "SPECTRUM", "location_t": "Outdoor TWC Aerial" }, "geometry": { "type": "Point", "coordinates": [ -74.1022850003, 40.645317000399999 ] } },
{ "type": "Feature", "properties": { "objectid": 11063, "name": "mn-10-136677", "boroname": "Manhattan", "type": "Free", "provider": "LinkNYC - Citybridge", "location_t": "Outdoor Kiosk" }, "geometry": { "type": "Point", "coordinates": [ -73.9569800899, 40.802349880199998 ] } },
{ "type": "Feature", "properties": { "objectid": 12928, "name": "mn-07-121203", "boroname": "Manhattan", "type": "Free", "provider": "LinkNYC - Citybridge", "location_t": "Outdoor Kiosk" }, "geometry": { "type": "Point", "coordinates": [ -73.982776999600006, 40.7772270002 ] } },
{ "type": "Feature", "properties": { "objectid": 10309, "name": "qu-01-146035", "boroname": "Queens", "type": "Free", "provider": "LinkNYC - Citybridge", "location_t": "Outdoor Kiosk" }, "geometry": { "type": "Point", "coordinates": [ -73.911686599800007, 40.754487549899999 ] } },
{ "type": "Feature", "properties": { "objectid": 10843, "name": "Spring St (C,E)", "boroname": "Manhattan", "type": "Free", "provider": "Transit Wireless", "location_t": "Subway Station" }, "geometry": { "type": "Point", "coordinates": [ -74.003738999600003, 40.726227000400002 ] } },
{ "type": "Feature", "properties": { "objectid": 10533, "name": "Midland Beach and Franklin D. Roosevelt Boardwalk", "boroname": "Staten Island", "type": "Limited Free", "provider": "SPECTRUM", "location_t": "Outdoor" }, "geometry": { "type": "Point", "coordinates": [ -74.090641999599995, 40.568366000300003 ] } },
{ "type": "Feature", "properties": { "objectid": 10057, "name": "Broad Channel", "boroname": "Queens", "type": "Free", "provider": "QPL", "location_t": "Library" }, "geometry": { "type": "Point", "coordinates": [ -73.820052658199998, 40.600732105200002 ] } },
{ "type": "Feature", "properties": { "objectid": 11260, "name": "bx-01-109413", "boroname": "Bronx", "type": "Free", "provider": "LinkNYC - Citybridge", "location_t": "Outdoor Kiosk" }, "geometry": { "type": "Point", "coordinates": [ -73.915262020100002, 40.817926189700003 ] } },
{ "type": "Feature", "properties": { "objectid": 12826, "name": "mn-08-121750", "boroname": "Manhattan", "type": "Free", "provider": "LinkNYC - Citybridge", "location_t": "Outdoor Kiosk" }, "geometry": { "type": "Point", "coordinates": [ -73.964097000099997, 40.764653000300001 ] } },
{ "type": "Feature", "properties": { "objectid": 10180, "name": "0", "boroname": "Brooklyn", "type": "Free", "provider": "City Tech", "location_t": "Outdoor" }, "geometry": { "type": "Point", "coordinates": [ -73.987394100399996, 40.695902199700001 ] } },
{ "type": "Feature", "properties": { "objectid": 10784, "name": "163 St-Amsterdam Av (C)", "boroname": "Manhattan", "type": "Free", "provider": "Transit Wireless", "location_t": "Subway Station" }, "geometry": { "type": "Point", "coordinates": [ -73.939891999500006, 40.836013000100003 ] } },
{ "type": "Feature", "properties": { "objectid": 9703, "name": "Ranaqua Park", "boroname": "Bronx", "type": "Limited Free", "provider": "ALTICEUSA", "location_t": "Indoor" }, "geometry": { "type": "Point", "coordinates": [ -73.8598, 40.844590000399997 ] } },
{ "type": "Feature", "properties": { "objectid": 9862, "name": null, "boroname": "Brooklyn", "type": "Free", "provider": "Downtown Brooklyn", "location_t": "Outdoor" }, "geometry": { "type": "Point", "coordinates": [ -73.982587000300001, 40.692086999700003 ] } },
{ "type": "Feature", "properties": { "objectid": 12101, "name": "mn-05-123647", "boroname": "Manhattan", "type": "Free", "provider": "LinkNYC - Citybridge", "location_t": "Outdoor Kiosk" }, "geometry": { "type": "Point", "coordinates": [ -73.989205819800006, 40.7432028403 ] } },
{ "type": "Feature", "properties": { "objectid": 12735, "name": "mn-03-123814", "boroname": "Manhattan", "type": "Free", "provider": "LinkNYC - Citybridge", "location_t": "Outdoor Kiosk" }, "geometry": { "type": "Point", "coordinates": [ -73.987965000200006, 40.728026999599997 ] } },
{ "type": "Feature", "properties": { "objectid": 10701, "name": "mn-08-120996", "boroname": "Manhattan", "type": "Free", "provider": "LinkNYC - Citybridge", "location_t": "Outdoor Kiosk" }, "geometry": { "type": "Point", "coordinates": [ -73.958069, 40.773006000199999 ] } },
{ "type": "Feature", "properties": { "objectid": 9612, "name": "QUEENS BRIDGE - JACOB A. RIIS Settlement House", "boroname": "Queens", "type": "Free", "provider": "Spot On Networks", "location_t": "Indoor AP - South Maintenance Area" }, "geometry": { "type": "Point", "coordinates": [ -73.947657000299998, 40.755636 ] } },
{ "type": "Feature", "properties": { "objectid": 12079, "name": "bk-06-117250", "boroname": "Brooklyn", "type": "Free", "provider": "LinkNYC - Citybridge", "location_t": "Outdoor Kiosk" }, "geometry": { "type": "Point", "coordinates": [ -73.982789, 40.673534000399997 ] } },
{ "type": "Feature", "properties": { "objectid": 11376, "name": "169TH STREET", "boroname": "Queens", "type": "Free", "provider": "Transit Wireless", "location_t": "Subway Station" }, "geometry": { "type": "Point", "coordinates": [ -73.793604000399995, 40.710470000299999 ] } },
{ "type": "Feature", "properties": { "objectid": 10479, "name": "Williamsbridge Oval", "boroname": "Bronx", "type": "Limited Free", "provider": "ALTICEUSA", "location_t": "Indoor" }, "geometry": { "type": "Point", "coordinates": [ -73.878449999799997, 40.876540999699998 ] } },
{ "type": "Feature", "properties": { "objectid": 12924, "name": "mn-05-133354", "boroname": "Manhattan", "type": "Free", "provider": "LinkNYC - Citybridge", "location_t": "Outdoor Kiosk" }, "geometry": { "type": "Point", "coordinates": [ -73.985878419499997, 40.757665579799998 ] } },
{ "type": "Feature", "properties": { "objectid": 10714, "name": "mn-03-108422", "boroname": "Manhattan", "type": "Free", "provider": "LinkNYC - Citybridge", "location_t": "Outdoor Kiosk" }, "geometry": { "type": "Point", "coordinates": [ -73.99494009, 40.717919579899998 ] } },
{ "type": "Feature", "properties": { "objectid": 11666, "name": "Brownsville Recreation Center", "boroname": "Brooklyn", "type": "Limited Free", "provider": "ALTICEUSA", "location_t": "Outdoor" }, "geometry": { "type": "Point", "coordinates": [ -73.901807999900001, 40.657212999800002 ] } },
{ "type": "Feature", "properties": { "objectid": 12757, "name": "mn-07-107263", "boroname": "Manhattan", "type": "Free", "provider": "LinkNYC - Citybridge", "location_t": "Outdoor Kiosk" }, "geometry": { "type": "Point", "coordinates": [ -73.970886769900005, 40.793524400300001 ] } },
{ "type": "Feature", "properties": { "objectid": 10636, "name": "mn-11-143437", "boroname": "Manhattan", "type": "Free", "provider": "LinkNYC - Citybridge", "location_t": "Outdoor Kiosk" }, "geometry": { "type": "Point", "coordinates": [ -73.936270000199997, 40.802869999599999 ] } },
{ "type": "Feature", "properties": { "objectid": 12495, "name": "si-02-145544", "boroname": "Staten Island", "type": "Free", "provider": "LinkNYC - Citybridge", "location_t": "Outdoor Kiosk" }, "geometry": { "type": "Point", "coordinates": [ -74.114224260200004, 40.56585176 ] } },
{ "type": "Feature", "properties": { "objectid": 12434, "name": "168 St-Washington Heights (A,C,1)", "boroname": "Manhattan", "type": "Free", "provider": "Transit Wireless", "location_t": "Subway Station" }, "geometry": { "type": "Point", "coordinates": [ -73.939560999899996, 40.840718999899998 ] } },
{ "type": "Feature", "properties": { "objectid": 11233, "name": "mn-05-122221", "boroname": "Manhattan", "type": "Free", "provider": "LinkNYC - Citybridge", "location_t": "Outdoor Kiosk" }, "geometry": { "type": "Point", "coordinates": [ -73.990694319799999, 40.746000469800002 ] } },
{ "type": "Feature", "properties": { "objectid": 10538, "name": "Midland Beach and Franklin D. Roosevelt Boardwalk", "boroname": "Staten Island", "type": "Limited Free", "provider": "SPECTRUM", "location_t": "Outdoor" }, "geometry": { "type": "Point", "coordinates": [ -74.084406000499996, 40.573337999899998 ] } },
{ "type": "Feature", "properties": { "objectid": 11293, "name": null, "boroname": "Brooklyn", "type": "Free", "provider": "Downtown Brooklyn", "location_t": "Outdoor" }, "geometry": { "type": "Point", "coordinates": [ -73.982488000199993, 40.691890000199997 ] } },
{ "type": "Feature", "properties": { "objectid": 9735, "name": "Hunter's Point South Park", "boroname": "Queens", "type": "Limited Free", "provider": "SPECTRUM", "location_t": "Outdoor" }, "geometry": { "type": "Point", "coordinates": [ -73.961264999400001, 40.742094000400002 ] } },
{ "type": "Feature", "properties": { "objectid": 12559, "name": "mn-05-139276", "boroname": "Manhattan", "type": "Free", "provider": "LinkNYC - Citybridge", "location_t": "Outdoor Kiosk" }, "geometry": { "type": "Point", "coordinates": [ -73.9850609999, 40.763424000100002 ] } },
{ "type": "Feature", "properties": { "objectid": 12305, "name": "qu-04-142877", "boroname": "Queens", "type": "Free", "provider": "LinkNYC - Citybridge", "location_t": "Outdoor Kiosk" }, "geometry": { "type": "Point", "coordinates": [ -73.8754599998, 40.734923000400002 ] } },
{ "type": "Feature", "properties": { "objectid": 11137, "name": "qu-01-145946", "boroname": "Queens", "type": "Free", "provider": "LinkNYC - Citybridge", "location_t": "Outdoor Kiosk" }, "geometry": { "type": "Point", "coordinates": [ -73.934157389899994, 40.7514981299 ] } },
{ "type": "Feature", "properties": { "objectid": 10378, "name": "Manhattan Beach Park", "boroname": "Brooklyn", "type": "Limited Free", "provider": "ALTICEUSA", "location_t": "Outdoor" }, "geometry": { "type": "Point", "coordinates": [ -73.941819999499998, 40.578169999899998 ] } },
{ "type": "Feature", "properties": { "objectid": 11916, "name": "qu-06-145766", "boroname": "Queens", "type": "Free", "provider": "LinkNYC - Citybridge", "location_t": "Outdoor Kiosk" }, "geometry": { "type": "Point", "coordinates": [ -73.856848000100001, 40.7278500002 ] } },
{ "type": "Feature", "properties": { "objectid": 9603, "name": "QUEENS BRIDGE - JACOB A. RIIS Settlement House", "boroname": "Queens", "type": "Free", "provider": "Spot On Networks", "location_t": "Indoor AP - North Management Office" }, "geometry": { "type": "Point", "coordinates": [ -73.945165999699995, 40.755751000099998 ] } },
{ "type": "Feature", "properties": { "objectid": 11078, "name": "bx-01-123228", "boroname": "Bronx", "type": "Free", "provider": "LinkNYC - Citybridge", "location_t": "Outdoor Kiosk" }, "geometry": { "type": "Point", "coordinates": [ -73.9196370003, 40.8166920002 ] } },
{ "type": "Feature", "properties": { "objectid": 11408, "name": "28th Street - Broadway - N, R", "boroname": "Manhattan", "type": "Free", "provider": "Transit Wireless", "location_t": "Subway Station" }, "geometry": { "type": "Point", "coordinates": [ -73.988691000499998, 40.745493999600001 ] } },
{ "type": "Feature", "properties": { "objectid": 10807, "name": "Fulton St (J,M,Z,2,3,4,5)/Bway-Nassau St (A,C) (A,C)", "boroname": "Manhattan", "type": "Free", "provider": "Transit Wireless", "location_t": "Subway Station" }, "geometry": { "type": "Point", "coordinates": [ -74.007691000600005, 40.710196999799997 ] } },
{ "type": "Feature", "properties": { "objectid": 10400, "name": null, "boroname": "Manhattan", "type": "Free", "provider": "Harlem", "location_t": "Outdoor" }, "geometry": { "type": "Point", "coordinates": [ -73.941404000199995, 40.811041999700002 ] } },
{ "type": "Feature", "properties": { "objectid": 12365, "name": "4 Av (F)/9 St (M,R)", "boroname": "Brooklyn", "type": "Free", "provider": "Transit Wireless", "location_t": "Subway Station" }, "geometry": { "type": "Point", "coordinates": [ -73.988301999699999, 40.670847 ] } },
{ "type": "Feature", "properties": { "objectid": 11298, "name": "Flatbush - Brooklyn Public Library", "boroname": "Brooklyn", "type": "Free", "provider": "BPL", "location_t": "Library" }, "geometry": { "type": "Point", "coordinates": [ -73.958242182500001, 40.651925081 ] } },
{ "type": "Feature", "properties": { "objectid": 11852, "name": "mn-06-134843", "boroname": "Manhattan", "type": "Free", "provider": "LinkNYC - Citybridge", "location_t": "Outdoor Kiosk" }, "geometry": { "type": "Point", "coordinates": [ -73.982547909800005, 40.731601979600001 ] } },
{ "type": "Feature", "properties": { "objectid": 10858, "name": "Joyce Kilmer Park", "boroname": "Bronx", "type": "Limited Free", "provider": "ALTICEUSA", "location_t": "Outdoor" }, "geometry": { "type": "Point", "coordinates": [ -73.923007999600003, 40.827440999700002 ] } },
{ "type": "Feature", "properties": { "objectid": 11607, "name": "Tappen Park", "boroname": "Staten Island", "type": "Limited Free", "provider": "SPECTRUM", "location_t": "Outdoor TWC Aerial" }, "geometry": { "type": "Point", "coordinates": [ -74.077291999500005, 40.627088999599998 ] } },
{ "type": "Feature", "properties": { "objectid": 11679, "name": "Claremont Park", "boroname": "Bronx", "type": "Limited Free", "provider": "ALTICEUSA", "location_t": "Outdoor" }, "geometry": { "type": "Point", "coordinates": [ -73.908480000099999, 40.837700000399998 ] } },
{ "type": "Feature", "properties": { "objectid": 12086, "name": "bk-06-126394", "boroname": "Brooklyn", "type": "Free", "provider": "LinkNYC - Citybridge", "location_t": "Outdoor Kiosk" }, "geometry": { "type": "Point", "coordinates": [ -73.995753482300003, 40.6824829165 ] } },
{ "type": "Feature", "properties": { "objectid": 10510, "name": null, "boroname": "Manhattan", "type": "Free", "provider": "Chelsea", "location_t": "Outdoor" }, "geometry": { "type": "Point", "coordinates": [ -74.003412724, 40.743989375799998 ] } },
{ "type": "Feature", "properties": { "objectid": 11020, "name": "2", "boroname": "Manhattan", "type": "Free", "provider": "Manhattan Down Alliance", "location_t": "Outdoor" }, "geometry": { "type": "Point", "coordinates": [ -74.003601100400004, 40.707099899699998 ] } },
{ "type": "Feature", "properties": { "objectid": 12035, "name": "mn-08-134746", "boroname": "Manhattan", "type": "Free", "provider": "LinkNYC - Citybridge", "location_t": "Outdoor Kiosk" }, "geometry": { "type": "Point", "coordinates": [ -73.952594399899994, 40.778140819900003 ] } },
{ "type": "Feature", "properties": { "objectid": 12025, "name": "bx-01-138788", "boroname": "Bronx", "type": "Free", "provider": "LinkNYC - Citybridge", "location_t": "Outdoor Kiosk" }, "geometry": { "type": "Point", "coordinates": [ -73.91962478, 40.813366999800003 ] } },
{ "type": "Feature", "properties": { "objectid": 12337, "name": "mn-07-133635", "boroname": "Manhattan", "type": "Free", "provider": "LinkNYC - Citybridge", "location_t": "Outdoor Kiosk" }, "geometry": { "type": "Point", "coordinates": [ -73.973437609599998, 40.792695550399998 ] } },
{ "type": "Feature", "properties": { "objectid": 10350, "name": "Governors Island", "boroname": "Manhattan", "type": "Free", "provider": "Fiberless", "location_t": "Outdoor" }, "geometry": { "type": "Point", "coordinates": [ -74.014770000300004, 40.692739999799997 ] } },
{ "type": "Feature", "properties": { "objectid": 11829, "name": "mn-10-119941", "boroname": "Manhattan", "type": "Free", "provider": "LinkNYC - Citybridge", "location_t": "Outdoor Kiosk" }, "geometry": { "type": "Point", "coordinates": [ -73.941017851300003, 40.819292895399997 ] } },
{ "type": "Feature", "properties": { "objectid": 12636, "name": "bk-09-126616", "boroname": "Brooklyn", "type": "Free", "provider": "LinkNYC - Citybridge", "location_t": "Outdoor Kiosk" }, "geometry": { "type": "Point", "coordinates": [ -73.9581718604, 40.670317760400003 ] } },
{ "type": "Feature", "properties": { "objectid": 12417, "name": "Beverly Rd (2,5)", "boroname": "Brooklyn", "type": "Free", "provider": "Transit Wireless", "location_t": "Subway Station" }, "geometry": { "type": "Point", "coordinates": [ -73.948958999499993, 40.645097999900003 ] } },
{ "type": "Feature", "properties": { "objectid": 12515, "name": "mn-06-121831", "boroname": "Manhattan", "type": "Free", "provider": "LinkNYC - Citybridge", "location_t": "Outdoor Kiosk" }, "geometry": { "type": "Point", "coordinates": [ -73.970143300299995, 40.756326330199997 ] } },
{ "type": "Feature", "properties": { "objectid": 11514, "name": null, "boroname": "Brooklyn", "type": "Free", "provider": "Downtown Brooklyn", "location_t": "Outdoor" }, "geometry": { "type": "Point", "coordinates": [ -73.9819749997, 40.689333999799999 ] } },
{ "type": "Feature", "properties": { "objectid": 10624, "name": "mn-11-143074", "boroname": "Manhattan", "type": "Free", "provider": "LinkNYC - Citybridge", "location_t": "Outdoor Kiosk" }, "geometry": { "type": "Point", "coordinates": [ -73.944230110500001, 40.792393620299997 ] } },
{ "type": "Feature", "properties": { "objectid": 11132, "name": "bx-04-145925", "boroname": "Bronx", "type": "Free", "provider": "LinkNYC - Citybridge", "location_t": "Outdoor Kiosk" }, "geometry": { "type": "Point", "coordinates": [ -73.914960829899996, 40.84425807 ] } },
{ "type": "Feature", "properties": { "objectid": 11877, "name": "mn-12-120646", "boroname": "Manhattan", "type": "Free", "provider": "LinkNYC - Citybridge", "location_t": "Outdoor Kiosk" }, "geometry": { "type": "Point", "coordinates": [ -73.935455999599995, 40.846771000300002 ] } },
{ "type": "Feature", "properties": { "objectid": 11529, "name": null, "boroname": "Brooklyn", "type": "Free", "provider": "Downtown Brooklyn", "location_t": "Outdoor" }, "geometry": { "type": "Point", "coordinates": [ -73.990088999700006, 40.693069 ] } },
{ "type": "Feature", "properties": { "objectid": 12843, "name": "mn-08-134742", "boroname": "Manhattan", "type": "Free", "provider": "LinkNYC - Citybridge", "location_t": "Outdoor Kiosk" }, "geometry": { "type": "Point", "coordinates": [ -73.958766840400003, 40.772477100300001 ] } },
{ "type": "Feature", "properties": { "objectid": 9766, "name": "mn-04-122406", "boroname": "Manhattan", "type": "Free", "provider": "LinkNYC - Citybridge", "location_t": "Outdoor Kiosk" }, "geometry": { "type": "Point", "coordinates": [ -73.998202829799993, 40.760659990199997 ] } },
{ "type": "Feature", "properties": { "objectid": 10223, "name": "Rockaway Beach and Boardwalk", "boroname": "Queens", "type": "Limited Free", "provider": "SPECTRUM", "location_t": "Outdoor" }, "geometry": { "type": "Point", "coordinates": [ -73.811051000199996, 40.584669000300003 ] } },
{ "type": "Feature", "properties": { "objectid": 12716, "name": "mn-06-133818", "boroname": "Manhattan", "type": "Free", "provider": "LinkNYC - Citybridge", "location_t": "Outdoor Kiosk" }, "geometry": { "type": "Point", "coordinates": [ -73.981236067, 40.749982341 ] } },
{ "type": "Feature", "properties": { "objectid": 11391, "name": "mn-04-122466", "boroname": "Manhattan", "type": "Free", "provider": "LinkNYC - Citybridge", "location_t": "Outdoor Kiosk" }, "geometry": { "type": "Point", "coordinates": [ -73.992869710199997, 40.763385119600002 ] } },
{ "type": "Feature", "properties": { "objectid": 9783, "name": "bx-01-119027", "boroname": "Bronx", "type": "Free", "provider": "LinkNYC - Citybridge", "location_t": "Outdoor Kiosk" }, "geometry": { "type": "Point", "coordinates": [ -73.908991409400002, 40.813128319800001 ] } },
{ "type": "Feature", "properties": { "objectid": 10572, "name": "si-02-146098", "boroname": "Staten Island", "type": "Free", "provider": "LinkNYC - Citybridge", "location_t": "Outdoor Kiosk" }, "geometry": { "type": "Point", "coordinates": [ -74.101270710500003, 40.589488310199997 ] } },
{ "type": "Feature", "properties": { "objectid": 12893, "name": "mn-11-144674", "boroname": "Manhattan", "type": "Free", "provider": "LinkNYC - Citybridge", "location_t": "Outdoor Kiosk" }, "geometry": { "type": "Point", "coordinates": [ -73.936239699599994, 40.803773269799997 ] } },
{ "type": "Feature", "properties": { "objectid": 12208, "name": "mn-04-136743", "boroname": "Manhattan", "type": "Free", "provider": "LinkNYC - Citybridge", "location_t": "Outdoor Kiosk" }, "geometry": { "type": "Point", "coordinates": [ -74.004004539700006, 40.743026730300002 ] } },
{ "type": "Feature", "properties": { "objectid": 10007, "name": "Steinway", "boroname": "Queens", "type": "Free", "provider": "QPL", "location_t": "Library" }, "geometry": { "type": "Point", "coordinates": [ -73.909417017799996, 40.776817012199999 ] } },
{ "type": "Feature", "properties": { "objectid": 12236, "name": "mn-06-123822", "boroname": "Manhattan", "type": "Free", "provider": "LinkNYC - Citybridge", "location_t": "Outdoor Kiosk" }, "geometry": { "type": "Point", "coordinates": [ -73.984486000399997, 40.736789000199998 ] } },
{ "type": "Feature", "properties": { "objectid": 12821, "name": "qu-12-141541", "boroname": "Queens", "type": "Free", "provider": "LinkNYC - Citybridge", "location_t": "Outdoor Kiosk" }, "geometry": { "type": "Point", "coordinates": [ -73.796800560199998, 40.704609110100002 ] } },
{ "type": "Feature", "properties": { "objectid": 12582, "name": "bx-01-119075", "boroname": "Bronx", "type": "Free", "provider": "LinkNYC - Citybridge", "location_t": "Outdoor Kiosk" }, "geometry": { "type": "Point", "coordinates": [ -73.928164999499998, 40.818675999699998 ] } },
{ "type": "Feature", "properties": { "objectid": 12282, "name": "bk-07-125904", "boroname": "Brooklyn", "type": "Free", "provider": "LinkNYC - Citybridge", "location_t": "Outdoor Kiosk" }, "geometry": { "type": "Point", "coordinates": [ -73.992258999800001, 40.662587999899998 ] } },
{ "type": "Feature", "properties": { "objectid": 12437, "name": "181 St (1)", "boroname": "Manhattan", "type": "Free", "provider": "Transit Wireless", "location_t": "Subway Station" }, "geometry": { "type": "Point", "coordinates": [ -73.933595999600001, 40.849504999700002 ] } },
{ "type": "Feature", "properties": { "objectid": 10826, "name": "182-183 Sts (B,D)", "boroname": "Bronx", "type": "Free", "provider": "Transit Wireless", "location_t": "Subway Station" }, "geometry": { "type": "Point", "coordinates": [ -73.900741, 40.856092999700003 ] } },
{ "type": "Feature", "properties": { "objectid": 10076, "name": "Wakefield", "boroname": "Bronx", "type": "Free", "provider": "NYPL", "location_t": "Library" }, "geometry": { "type": "Point", "coordinates": [ -73.859581244099999, 40.891085065399999 ] } },
{ "type": "Feature", "properties": { "objectid": 11470, "name": "mn-04-122482", "boroname": "Manhattan", "type": "Free", "provider": "LinkNYC - Citybridge", "location_t": "Outdoor Kiosk" }, "geometry": { "type": "Point", "coordinates": [ -73.989214519699999, 40.768405860400001 ] } },
{ "type": "Feature", "properties": { "objectid": 10775, "name": "137 St-City College (1)", "boroname": "Manhattan", "type": "Free", "provider": "Transit Wireless", "location_t": "Subway Station" }, "geometry": { "type": "Point", "coordinates": [ -73.953675999699996, 40.822007999699998 ] } },
{ "type": "Feature", "properties": { "objectid": 11331, "name": "Tony Dapolito Recreation Center", "boroname": "Manhattan", "type": "Limited Free", "provider": "SPECTRUM", "location_t": "Indoor" }, "geometry": { "type": "Point", "coordinates": [ -74.005461999800005, 40.729564 ] } },
{ "type": "Feature", "properties": { "objectid": 10587, "name": "Baisley Pond Park", "boroname": "Queens", "type": "Limited Free", "provider": "SPECTRUM", "location_t": "Outdoor TWC Aerial" }, "geometry": { "type": "Point", "coordinates": [ -73.7834769997, 40.678334000100001 ] } },
{ "type": "Feature", "properties": { "objectid": 12878, "name": "bx-04-119159", "boroname": "Bronx", "type": "Free", "provider": "LinkNYC - Citybridge", "location_t": "Outdoor Kiosk" }, "geometry": { "type": "Point", "coordinates": [ -73.925222520199995, 40.8273559302 ] } },
{ "type": "Feature", "properties": { "objectid": 11455, "name": "mn-08-121142", "boroname": "Manhattan", "type": "Free", "provider": "LinkNYC - Citybridge", "location_t": "Outdoor Kiosk" }, "geometry": { "type": "Point", "coordinates": [ -73.966763419700001, 40.769749390100003 ] } },
{ "type": "Feature", "properties": { "objectid": 9878, "name": null, "boroname": "Brooklyn", "type": "Free", "provider": "Downtown Brooklyn", "location_t": "Outdoor" }, "geometry": { "type": "Point", "coordinates": [ -73.988130999800006, 40.691737999799997 ] } },
{ "type": "Feature", "properties": { "objectid": 11089, "name": "mn-10-120001", "boroname": "Manhattan", "type": "Free", "provider": "LinkNYC - Citybridge", "location_t": "Outdoor Kiosk" }, "geometry": { "type": "Point", "coordinates": [ -73.950159670100007, 40.811362260400003 ] } },
{ "type": "Feature", "properties": { "objectid": 11923, "name": "bk-02-145812", "boroname": "Brooklyn", "type": "Free", "provider": "LinkNYC - Citybridge", "location_t": "Outdoor Kiosk" }, "geometry": { "type": "Point", "coordinates": [ -73.964633449499999, 40.683076920399998 ] } },
{ "type": "Feature", "properties": { "objectid": 9730, "name": "Hansborough Recreation Center", "boroname": "Manhattan", "type": "Limited Free", "provider": "SPECTRUM", "location_t": "Indoor" }, "geometry": { "type": "Point", "coordinates": [ -73.939356999599994, 40.812680999599998 ] } },
{ "type": "Feature", "properties": { "objectid": 11342, "name": "8 Avenue - L", "boroname": "Manhattan", "type": "Free", "provider": "Transit Wireless", "location_t": "Subway Station" }, "geometry": { "type": "Point", "coordinates": [ -74.002577999899998, 40.739776999599997 ] } },
{ "type": "Feature", "properties": { "objectid": 12062, "name": "bk-01-109091", "boroname": "Brooklyn", "type": "Free", "provider": "LinkNYC - Citybridge", "location_t": "Outdoor Kiosk" }, "geometry": { "type": "Point", "coordinates": [ -73.942169282600005, 40.7015421937 ] } },
{ "type": "Feature", "properties": { "objectid": 12809, "name": "qu-12-141547", "boroname": "Queens", "type": "Free", "provider": "LinkNYC - Citybridge", "location_t": "Outdoor Kiosk" }, "geometry": { "type": "Point", "coordinates": [ -73.800352176900006, 40.703452485200003 ] } },
{ "type": "Feature", "properties": { "objectid": 9879, "name": null, "boroname": "Brooklyn", "type": "Free", "provider": "Downtown Brooklyn", "location_t": "Outdoor" }, "geometry": { "type": "Point", "coordinates": [ -73.988130999800006, 40.691737999799997 ] } },
{ "type": "Feature", "properties": { "objectid": 10889, "name": "mn-08-137205", "boroname": "Manhattan", "type": "Free", "provider": "LinkNYC - Citybridge", "location_t": "Outdoor Kiosk" }, "geometry": { "type": "Point", "coordinates": [ -73.971197840299993, 40.764254140299997 ] } },
{ "type": "Feature", "properties": { "objectid": 12095, "name": "bx-07-119787", "boroname": "Bronx", "type": "Free", "provider": "LinkNYC - Citybridge", "location_t": "Outdoor Kiosk" }, "geometry": { "type": "Point", "coordinates": [ -73.9045470099, 40.862855480299999 ] } },
{ "type": "Feature", "properties": { "objectid": 10665, "name": "mn-07-121315", "boroname": "Manhattan", "type": "Free", "provider": "LinkNYC - Citybridge", "location_t": "Outdoor Kiosk" }, "geometry": { "type": "Point", "coordinates": [ -73.981522670100006, 40.780992790399999 ] } },
{ "type": "Feature", "properties": { "objectid": 11224, "name": "mn-08-121756", "boroname": "Manhattan", "type": "Free", "provider": "LinkNYC - Citybridge", "location_t": "Outdoor Kiosk" }, "geometry": { "type": "Point", "coordinates": [ -73.963158510599996, 40.762416869799999 ] } },
{ "type": "Feature", "properties": { "objectid": 9608, "name": "QUEENS BRIDGE - JACOB A. RIIS Settlement House", "boroname": "Queens", "type": "Free", "provider": "Spot On Networks", "location_t": "Indoor AP - South Management Office" }, "geometry": { "type": "Point", "coordinates": [ -73.945632999899999, 40.755289999699997 ] } },
{ "type": "Feature", "properties": { "objectid": 12649, "name": "mn-01-138237", "boroname": "Manhattan", "type": "Free", "provider": "LinkNYC - Citybridge", "location_t": "Outdoor Kiosk" }, "geometry": { "type": "Point", "coordinates": [ -74.002253000400003, 40.716681999899997 ] } },
{ "type": "Feature", "properties": { "objectid": 9663, "name": "mn-06-121445", "boroname": "Manhattan", "type": "Free", "provider": "LinkNYC - Citybridge", "location_t": "Outdoor Kiosk" }, "geometry": { "type": "Point", "coordinates": [ -73.979761830399994, 40.739253170300003 ] } },
{ "type": "Feature", "properties": { "objectid": 11551, "name": "Pelham Fritz Recreation Center", "boroname": "Manhattan", "type": "Limited Free", "provider": "SPECTRUM", "location_t": "Indoor" }, "geometry": { "type": "Point", "coordinates": [ -73.944908999899994, 40.805012999699997 ] } },
{ "type": "Feature", "properties": { "objectid": 12011, "name": "qu-09-124792", "boroname": "Queens", "type": "Free", "provider": "LinkNYC - Citybridge", "location_t": "Outdoor Kiosk" }, "geometry": { "type": "Point", "coordinates": [ -73.845595000100005, 40.695205000100003 ] } },
{ "type": "Feature", "properties": { "objectid": 12750, "name": "mn-05-134736", "boroname": "Manhattan", "type": "Free", "provider": "LinkNYC - Citybridge", "location_t": "Outdoor Kiosk" }, "geometry": { "type": "Point", "coordinates": [ -73.983090279699994, 40.761141970300002 ] } },
{ "type": "Feature", "properties": { "objectid": 12846, "name": "mn-08-121004", "boroname": "Manhattan", "type": "Free", "provider": "LinkNYC - Citybridge", "location_t": "Outdoor Kiosk" }, "geometry": { "type": "Point", "coordinates": [ -73.957964999400005, 40.773726999600001 ] } },
{ "type": "Feature", "properties": { "objectid": 12631, "name": "bk-16-126635", "boroname": "Brooklyn", "type": "Free", "provider": "LinkNYC - Citybridge", "location_t": "Outdoor Kiosk" }, "geometry": { "type": "Point", "coordinates": [ -73.911008000199999, 40.678353999800002 ] } },
{ "type": "Feature", "properties": { "objectid": 11528, "name": null, "boroname": "Brooklyn", "type": "Free", "provider": "Downtown Brooklyn", "location_t": "Outdoor" }, "geometry": { "type": "Point", "coordinates": [ -73.990088999700006, 40.693069 ] } },
{ "type": "Feature", "properties": { "objectid": 9910, "name": "bk-01-145857", "boroname": "Brooklyn", "type": "Free", "provider": "LinkNYC - Citybridge", "location_t": "Outdoor Kiosk" }, "geometry": { "type": "Point", "coordinates": [ -73.943732069600003, 40.711078900099999 ] } },
{ "type": "Feature", "properties": { "objectid": 11050, "name": "bx-06-119378", "boroname": "Bronx", "type": "Free", "provider": "LinkNYC - Citybridge", "location_t": "Outdoor Kiosk" }, "geometry": { "type": "Point", "coordinates": [ -73.9007664401, 40.847573700300003 ] } },
{ "type": "Feature", "properties": { "objectid": 10619, "name": "mn-06-133659", "boroname": "Manhattan", "type": "Free", "provider": "LinkNYC - Citybridge", "location_t": "Outdoor Kiosk" }, "geometry": { "type": "Point", "coordinates": [ -73.979997399400006, 40.74559121 ] } },
{ "type": "Feature", "properties": { "objectid": 9933, "name": "Baychester", "boroname": "Bronx", "type": "Free", "provider": "NYPL", "location_t": "Library" }, "geometry": { "type": "Point", "coordinates": [ -73.828657931099997, 40.870501924599999 ] } },
{ "type": "Feature", "properties": { "objectid": 10502, "name": null, "boroname": "Manhattan", "type": "Free", "provider": "Chelsea", "location_t": "Outdoor" }, "geometry": { "type": "Point", "coordinates": [ -74.006266594099998, 40.739486020199998 ] } },
{ "type": "Feature", "properties": { "objectid": 10652, "name": "mn-07-108233", "boroname": "Manhattan", "type": "Free", "provider": "LinkNYC - Citybridge", "location_t": "Outdoor Kiosk" }, "geometry": { "type": "Point", "coordinates": [ -73.981962939699997, 40.776009840299999 ] } },
{ "type": "Feature", "properties": { "objectid": 12253, "name": "mn-06-121505", "boroname": "Manhattan", "type": "Free", "provider": "LinkNYC - Citybridge", "location_t": "Outdoor Kiosk" }, "geometry": { "type": "Point", "coordinates": [ -73.979654650100002, 40.743950340300003 ] } },
{ "type": "Feature", "properties": { "objectid": 9776, "name": "bx-01-123210", "boroname": "Bronx", "type": "Free", "provider": "LinkNYC - Citybridge", "location_t": "Outdoor Kiosk" }, "geometry": { "type": "Point", "coordinates": [ -73.90824221, 40.815997709800001 ] } },
{ "type": "Feature", "properties": { "objectid": 12122, "name": "mn-05-122056", "boroname": "Manhattan", "type": "Free", "provider": "LinkNYC - Citybridge", "location_t": "Outdoor Kiosk" }, "geometry": { "type": "Point", "coordinates": [ -73.988218459899997, 40.748539409800003 ] } },
{ "type": "Feature", "properties": { "objectid": 10129, "name": null, "boroname": "Manhattan", "type": "Free", "provider": "Harlem", "location_t": "Outdoor" }, "geometry": { "type": "Point", "coordinates": [ -73.9475760001, 40.815346999699997 ] } },
{ "type": "Feature", "properties": { "objectid": 12348, "name": "bk-02-135003", "boroname": "Brooklyn", "type": "Free", "provider": "LinkNYC - Citybridge", "location_t": "Outdoor Kiosk" }, "geometry": { "type": "Point", "coordinates": [ -73.98638427, 40.691233980100002 ] } },
{ "type": "Feature", "properties": { "objectid": 12354, "name": "Chambers St (J,M,Z)/Bklyn Bridge-City Hall (4,5,6)", "boroname": "Manhattan", "type": "Free", "provider": "Transit Wireless", "location_t": "Subway Station" }, "geometry": { "type": "Point", "coordinates": [ -74.003401000500006, 40.713243000200002 ] } },
{ "type": "Feature", "properties": { "objectid": 12459, "name": "mn-07-134112", "boroname": "Manhattan", "type": "Free", "provider": "LinkNYC - Citybridge", "location_t": "Outdoor Kiosk" }, "geometry": { "type": "Point", "coordinates": [ -73.9678328695, 40.800300250100001 ] } },
{ "type": "Feature", "properties": { "objectid": 10432, "name": null, "boroname": "Manhattan", "type": "Free", "provider": "Harlem", "location_t": "Outdoor" }, "geometry": { "type": "Point", "coordinates": [ -73.944932000500003, 40.799721000399998 ] } },
{ "type": "Feature", "properties": { "objectid": 10487, "name": "Williamsbridge Oval", "boroname": "Bronx", "type": "Limited Free", "provider": "ALTICEUSA", "location_t": "Outdoor" }, "geometry": { "type": "Point", "coordinates": [ -73.878748999400003, 40.876200000300003 ] } },
{ "type": "Feature", "properties": { "objectid": 12318, "name": "bx-07-119749", "boroname": "Bronx", "type": "Free", "provider": "LinkNYC - Citybridge", "location_t": "Outdoor Kiosk" }, "geometry": { "type": "Point", "coordinates": [ -73.897192930399996, 40.86732884 ] } },
{ "type": "Feature", "properties": { "objectid": 10697, "name": "mn-06-121787", "boroname": "Manhattan", "type": "Free", "provider": "LinkNYC - Citybridge", "location_t": "Outdoor Kiosk" }, "geometry": { "type": "Point", "coordinates": [ -73.967467159600005, 40.756018409900001 ] } },
{ "type": "Feature", "properties": { "objectid": 12388, "name": "Rockaway Av (C)", "boroname": "Brooklyn", "type": "Free", "provider": "Transit Wireless", "location_t": "Subway Station" }, "geometry": { "type": "Point", "coordinates": [ -73.911945999599993, 40.678339999899997 ] } },
{ "type": "Feature", "properties": { "objectid": 10448, "name": "Gertrude Ederle Recreation Center", "boroname": "Manhattan", "type": "Limited Free", "provider": "SPECTRUM", "location_t": "Outdoor" }, "geometry": { "type": "Point", "coordinates": [ -73.988108999600001, 40.7714420004 ] } },
{ "type": "Feature", "properties": { "objectid": 9805, "name": "Clove Lakes Park", "boroname": "Staten Island", "type": "Free", "provider": "AT&T", "location_t": "Outdoor" }, "geometry": { "type": "Point", "coordinates": [ -74.106299999699999, 40.617300000100002 ] } },
{ "type": "Feature", "properties": { "objectid": 12137, "name": "mn-08-121036", "boroname": "Manhattan", "type": "Free", "provider": "LinkNYC - Citybridge", "location_t": "Outdoor Kiosk" }, "geometry": { "type": "Point", "coordinates": [ -73.963460150100005, 40.774281470399998 ] } },
{ "type": "Feature", "properties": { "objectid": 10236, "name": "Rockaway Beach and Boardwalk", "boroname": "Queens", "type": "Limited Free", "provider": "SPECTRUM", "location_t": "Outdoor" }, "geometry": { "type": "Point", "coordinates": [ -73.826621000299994, 40.5803519997 ] } },
{ "type": "Feature", "properties": { "objectid": 12549, "name": "mn-04-135037", "boroname": "Manhattan", "type": "Free", "provider": "LinkNYC - Citybridge", "location_t": "Outdoor Kiosk" }, "geometry": { "type": "Point", "coordinates": [ -74.000238000300001, 40.742688999800002 ] } },
{ "type": "Feature", "properties": { "objectid": 11099, "name": "mn-11-146077", "boroname": "Manhattan", "type": "Free", "provider": "LinkNYC - Citybridge", "location_t": "Outdoor Kiosk" }, "geometry": { "type": "Point", "coordinates": [ -73.944596199800003, 40.791898349599997 ] } },
{ "type": "Feature", "properties": { "objectid": 10316, "name": "qu-03-146005", "boroname": "Queens", "type": "Free", "provider": "LinkNYC - Citybridge", "location_t": "Outdoor Kiosk" }, "geometry": { "type": "Point", "coordinates": [ -73.87355043, 40.748797950399997 ] } },
{ "type": "Feature", "properties": { "objectid": 9635, "name": "mn-02-138004", "boroname": "Manhattan", "type": "Free", "provider": "LinkNYC - Citybridge", "location_t": "Outdoor Kiosk" }, "geometry": { "type": "Point", "coordinates": [ -74.006274259700007, 40.725666 ] } },
{ "type": "Feature", "properties": { "objectid": 9861, "name": null, "boroname": "Brooklyn", "type": "Free", "provider": "Downtown Brooklyn", "location_t": "Outdoor" }, "geometry": { "type": "Point", "coordinates": [ -73.982587000300001, 40.692086999700003 ] } },
{ "type": "Feature", "properties": { "objectid": 11546, "name": "Lost Battalion Hall Recreation Center", "boroname": "Queens", "type": "Limited Free", "provider": "SPECTRUM", "location_t": "Indoor" }, "geometry": { "type": "Point", "coordinates": [ -73.865607000300002, 40.731674999799999 ] } },
{ "type": "Feature", "properties": { "objectid": 12231, "name": "mn-06-134218", "boroname": "Manhattan", "type": "Free", "provider": "LinkNYC - Citybridge", "location_t": "Outdoor Kiosk" }, "geometry": { "type": "Point", "coordinates": [ -73.967177050399997, 40.760206930099997 ] } },
{ "type": "Feature", "properties": { "objectid": 11686, "name": "Coney Island Beach & Boardwalk", "boroname": "Brooklyn", "type": "Limited Free", "provider": "ALTICEUSA", "location_t": "Outdoor" }, "geometry": { "type": "Point", "coordinates": [ -73.977867000100005, 40.574915000399997 ] } },
{ "type": "Feature", "properties": { "objectid": 12444, "name": "mn-07-135865", "boroname": "Manhattan", "type": "Free", "provider": "LinkNYC - Citybridge", "location_t": "Outdoor Kiosk" }, "geometry": { "type": "Point", "coordinates": [ -73.970751899800007, 40.795773799800003 ] } },
{ "type": "Feature", "properties": { "objectid": 11405, "name": "23rd Street - F", "boroname": "Manhattan", "type": "Free", "provider": "Transit Wireless", "location_t": "Subway Station" }, "geometry": { "type": "Point", "coordinates": [ -73.992820999800003, 40.742877999800001 ] } },
{ "type": "Feature", "properties": { "objectid": 11701, "name": "Coney Island Beach & Boardwalk", "boroname": "Brooklyn", "type": "Limited Free", "provider": "ALTICEUSA", "location_t": "Outdoor" }, "geometry": { "type": "Point", "coordinates": [ -73.980142999600005, 40.573253000400001 ] } },
{ "type": "Feature", "properties": { "objectid": 12057, "name": "mn-03-123797", "boroname": "Manhattan", "type": "Free", "provider": "LinkNYC - Citybridge", "location_t": "Outdoor Kiosk" }, "geometry": { "type": "Point", "coordinates": [ -73.986104329599996, 40.726303820399998 ] } },
{ "type": "Feature", "properties": { "objectid": 10105, "name": "20", "boroname": "Manhattan", "type": "Free", "provider": "Manhattan Down Alliance", "location_t": "Outdoor" }, "geometry": { "type": "Point", "coordinates": [ -74.010696399599993, 40.703098300100002 ] } },
{ "type": "Feature", "properties": { "objectid": 10408, "name": null, "boroname": "Manhattan", "type": "Free", "provider": "Harlem", "location_t": "Outdoor" }, "geometry": { "type": "Point", "coordinates": [ -73.940029999900005, 40.8145630004 ] } },
{ "type": "Feature", "properties": { "objectid": 12067, "name": "bk-14-126509", "boroname": "Brooklyn", "type": "Free", "provider": "LinkNYC - Citybridge", "location_t": "Outdoor Kiosk" }, "geometry": { "type": "Point", "coordinates": [ -73.946780674400003, 40.632134775099999 ] } },
{ "type": "Feature", "properties": { "objectid": 11941, "name": "bk-03-145750", "boroname": "Brooklyn", "type": "Free", "provider": "LinkNYC - Citybridge", "location_t": "Outdoor Kiosk" }, "geometry": { "type": "Point", "coordinates": [ -73.955430999800001, 40.6795059998 ] } },
{ "type": "Feature", "properties": { "objectid": 12937, "name": "mn-06-138570", "boroname": "Manhattan", "type": "Free", "provider": "LinkNYC - Citybridge", "location_t": "Outdoor Kiosk" }, "geometry": { "type": "Point", "coordinates": [ -73.973326379599996, 40.748672730099997 ] } },
{ "type": "Feature", "properties": { "objectid": 9640, "name": "bx-01-146083", "boroname": "Bronx", "type": "Free", "provider": "LinkNYC - Citybridge", "location_t": "Outdoor Kiosk" }, "geometry": { "type": "Point", "coordinates": [ -73.921923229599997, 40.810255199799997 ] } },
{ "type": "Feature", "properties": { "objectid": 12593, "name": "St. John's Recreation Center", "boroname": "Brooklyn", "type": "Limited Free", "provider": "ALTICEUSA", "location_t": "Indoor" }, "geometry": { "type": "Point", "coordinates": [ -73.934891999499996, 40.673751999700002 ] } },
{ "type": "Feature", "properties": { "objectid": 10262, "name": "bk-01-146007", "boroname": "Brooklyn", "type": "Free", "provider": "LinkNYC - Citybridge", "location_t": "Outdoor Kiosk" }, "geometry": { "type": "Point", "coordinates": [ -73.955610390100006, 40.7122676599 ] } },
{ "type": "Feature", "properties": { "objectid": 12804, "name": "mn-01-135575", "boroname": "Manhattan", "type": "Free", "provider": "LinkNYC - Citybridge", "location_t": "Outdoor Kiosk" }, "geometry": { "type": "Point", "coordinates": [ -74.007321879499997, 40.7050441799 ] } },
{ "type": "Feature", "properties": { "objectid": 12000, "name": "bk-08-127030", "boroname": "Brooklyn", "type": "Free", "provider": "LinkNYC - Citybridge", "location_t": "Outdoor Kiosk" }, "geometry": { "type": "Point", "coordinates": [ -73.950396999600002, 40.670147000299998 ] } },
{ "type": "Feature", "properties": { "objectid": 10971, "name": "Prospect Park Band Shell", "boroname": "Brooklyn", "type": "Limited Free", "provider": "SPECTRUM", "location_t": "Outdoor TWC Aerial" }, "geometry": { "type": "Point", "coordinates": [ -73.976082999400006, 40.663381 ] } },
{ "type": "Feature", "properties": { "objectid": 12189, "name": "mn-05-133657", "boroname": "Manhattan", "type": "Free", "provider": "LinkNYC - Citybridge", "location_t": "Outdoor Kiosk" }, "geometry": { "type": "Point", "coordinates": [ -73.985385470500006, 40.741323220200002 ] } },
{ "type": "Feature", "properties": { "objectid": 11438, "name": "mn-05-122270", "boroname": "Manhattan", "type": "Free", "provider": "LinkNYC - Citybridge", "location_t": "Outdoor Kiosk" }, "geometry": { "type": "Point", "coordinates": [ -73.993261289499998, 40.742080820200002 ] } },
{ "type": "Feature", "properties": { "objectid": 10900, "name": "mn-12-111857", "boroname": "Manhattan", "type": "Free", "provider": "LinkNYC - Citybridge", "location_t": "Outdoor Kiosk" }, "geometry": { "type": "Point", "coordinates": [ -73.929402540400005, 40.855416080200001 ] } },
{ "type": "Feature", "properties": { "objectid": 10120, "name": "35", "boroname": "Manhattan", "type": "Free", "provider": "Manhattan Down Alliance", "location_t": "Outdoor" }, "geometry": { "type": "Point", "coordinates": [ -74.011901899799994, 40.708099399799998 ] } },
{ "type": "Feature", "properties": { "objectid": 12427, "name": "Whitehall St (R)", "boroname": "Manhattan", "type": "Free", "provider": "Transit Wireless", "location_t": "Subway Station" }, "geometry": { "type": "Point", "coordinates": [ -74.012994, 40.703086999900002 ] } },
{ "type": "Feature", "properties": { "objectid": 10204, "name": "0", "boroname": "Brooklyn", "type": "Free", "provider": "NYCHA", "location_t": "Outdoor" }, "geometry": { "type": "Point", "coordinates": [ -73.981679199499993, 40.694554999799998 ] } },
{ "type": "Feature", "properties": { "objectid": 9771, "name": "qu-02-138662", "boroname": "Queens", "type": "Free", "provider": "LinkNYC - Citybridge", "location_t": "Outdoor Kiosk" }, "geometry": { "type": "Point", "coordinates": [ -73.900094060300006, 40.753910390199998 ] } },
{ "type": "Feature", "properties": { "objectid": 9889, "name": null, "boroname": "Brooklyn", "type": "Free", "provider": "Downtown Brooklyn", "location_t": "Outdoor" }, "geometry": { "type": "Point", "coordinates": [ -73.984434999900003, 40.690364000300001 ] } },
{ "type": "Feature", "properties": { "objectid": 11654, "name": "NYC - Detective Keith Williams Park", "boroname": "Queens", "type": "Limited Free", "provider": "SPECTRUM", "location_t": "Outdoor TWC Aerial" }, "geometry": { "type": "Point", "coordinates": [ -73.783924000400006, 40.703372999599999 ] } },
{ "type": "Feature", "properties": { "objectid": 10277, "name": "qu-09-145984", "boroname": "Queens", "type": "Free", "provider": "LinkNYC - Citybridge", "location_t": "Outdoor Kiosk" }, "geometry": { "type": "Point", "coordinates": [ -73.853678000100004, 40.6931659997 ] } },
{ "type": "Feature", "properties": { "objectid": 10053, "name": "Leonard - Brooklyn Public Library", "boroname": "Brooklyn", "type": "Free", "provider": "BPL", "location_t": "Library" }, "geometry": { "type": "Point", "coordinates": [ -73.947935712800003, 40.713644888 ] } },
{ "type": "Feature", "properties": { "objectid": 11891, "name": "bk-07-125836", "boroname": "Brooklyn", "type": "Free", "provider": "LinkNYC - Citybridge", "location_t": "Outdoor Kiosk" }, "geometry": { "type": "Point", "coordinates": [ -74.006548922799993, 40.655745777 ] } },
{ "type": "Feature", "properties": { "objectid": 10474, "name": "Pelham Bay Park", "boroname": "Bronx", "type": "Limited Free", "provider": "ALTICEUSA", "location_t": "Outdoor" }, "geometry": { "type": "Point", "coordinates": [ -73.824949999400005, 40.846051999899998 ] } },
{ "type": "Feature", "properties": { "objectid": 12333, "name": "mn-07-121254", "boroname": "Manhattan", "type": "Free", "provider": "LinkNYC - Citybridge", "location_t": "Outdoor Kiosk" }, "geometry": { "type": "Point", "coordinates": [ -73.973822000499993, 40.791400999799997 ] } },
{ "type": "Feature", "properties": { "objectid": 11423, "name": "5th Avenue - 59th Street - N, R", "boroname": "Manhattan", "type": "Free", "provider": "Transit Wireless", "location_t": "Subway Station" }, "geometry": { "type": "Point", "coordinates": [ -73.973347000499999, 40.764810999799998 ] } },
{ "type": "Feature", "properties": { "objectid": 12155, "name": "mn-04-134553", "boroname": "Manhattan", "type": "Free", "provider": "LinkNYC - Citybridge", "location_t": "Outdoor Kiosk" }, "geometry": { "type": "Point", "coordinates": [ -73.996799839600001, 40.742699669799997 ] } },
{ "type": "Feature", "properties": { "objectid": 9684, "name": "Pelham Bay Park", "boroname": "Bronx", "type": "Limited Free", "provider": "ALTICEUSA", "location_t": "Outdoor" }, "geometry": { "type": "Point", "coordinates": [ -73.821777000500006, 40.850231999800002 ] } },
{ "type": "Feature", "properties": { "objectid": 9974, "name": "Rego Park", "boroname": "Queens", "type": "Free", "provider": "QPL", "location_t": "Library" }, "geometry": { "type": "Point", "coordinates": [ -73.864502826, 40.727316560299997 ] } },
{ "type": "Feature", "properties": { "objectid": 11586, "name": "Staten Island Zoo", "boroname": "Staten Island", "type": "Limited Free", "provider": "SPECTRUM", "location_t": "Outdoor TWC Aerial" }, "geometry": { "type": "Point", "coordinates": [ -74.114569999599993, 40.625382 ] } },
{ "type": "Feature", "properties": { "objectid": 12617, "name": "mn-12-135063", "boroname": "Manhattan", "type": "Free", "provider": "LinkNYC - Citybridge", "location_t": "Outdoor Kiosk" }, "geometry": { "type": "Point", "coordinates": [ -73.944328999800007, 40.834513000299999 ] } },
{ "type": "Feature", "properties": { "objectid": 11373, "name": "QUEENS PLAZA (IND)", "boroname": "Queens", "type": "Free", "provider": "Transit Wireless", "location_t": "Subway Station" }, "geometry": { "type": "Point", "coordinates": [ -73.937243000500004, 40.748972999599999 ] } },
{ "type": "Feature", "properties": { "objectid": 10768, "name": "Herbert Von King Park", "boroname": "Brooklyn", "type": "Limited Free", "provider": "ALTICEUSA", "location_t": "Indoor" }, "geometry": { "type": "Point", "coordinates": [ -73.946469999599998, 40.689920000100003 ] } },
{ "type": "Feature", "properties": { "objectid": 11093, "name": "bx-01-145842", "boroname": "Bronx", "type": "Free", "provider": "LinkNYC - Citybridge", "location_t": "Outdoor Kiosk" }, "geometry": { "type": "Point", "coordinates": [ -73.930217000599995, 40.814310000399999 ] } },
{ "type": "Feature", "properties": { "objectid": 10529, "name": "McKinley Park", "boroname": "Brooklyn", "type": "Limited Free", "provider": "SPECTRUM", "location_t": "Outdoor TWC Aerial" }, "geometry": { "type": "Point", "coordinates": [ -74.015790000400003, 40.626380000399998 ] } },
{ "type": "Feature", "properties": { "objectid": 12718, "name": "mn-05-135892", "boroname": "Manhattan", "type": "Free", "provider": "LinkNYC - Citybridge", "location_t": "Outdoor Kiosk" }, "geometry": { "type": "Point", "coordinates": [ -73.9795852, 40.752544819699999 ] } },
{ "type": "Feature", "properties": { "objectid": 11833, "name": "mn-10-120046", "boroname": "Manhattan", "type": "Free", "provider": "LinkNYC - Citybridge", "location_t": "Outdoor Kiosk" }, "geometry": { "type": "Point", "coordinates": [ -73.9454579999, 40.812610999699999 ] } },
{ "type": "Feature", "properties": { "objectid": 10816, "name": "IND - 170th Street - Grand Concourse (D)", "boroname": "Bronx", "type": "Free", "provider": "Transit Wireless", "location_t": "Subway Station" }, "geometry": { "type": "Point", "coordinates": [ -73.913399999700005, 40.839305999600001 ] } },
{ "type": "Feature", "properties": { "objectid": 12539, "name": "mn-05-122629", "boroname": "Manhattan", "type": "Free", "provider": "LinkNYC - Citybridge", "location_t": "Outdoor Kiosk" }, "geometry": { "type": "Point", "coordinates": [ -73.9771946802, 40.764513169899999 ] } },
{ "type": "Feature", "properties": { "objectid": 11861, "name": "mn-07-135658", "boroname": "Manhattan", "type": "Free", "provider": "LinkNYC - Citybridge", "location_t": "Outdoor Kiosk" }, "geometry": { "type": "Point", "coordinates": [ -73.970893860100006, 40.793161360100001 ] } },
{ "type": "Feature", "properties": { "objectid": 11003, "name": "Chelsea Recreation Center", "boroname": "Manhattan", "type": "Limited Free", "provider": "SPECTRUM", "location_t": "Indoor" }, "geometry": { "type": "Point", "coordinates": [ -74.002067999700003, 40.748270000399998 ] } },
{ "type": "Feature", "properties": { "objectid": 10382, "name": "Manhattan Beach Park", "boroname": "Brooklyn", "type": "Limited Free", "provider": "ALTICEUSA", "location_t": "Outdoor" }, "geometry": { "type": "Point", "coordinates": [ -73.94273, 40.578109999600002 ] } },
{ "type": "Feature", "properties": { "objectid": 9921, "name": "Washington Heights", "boroname": "Manhattan", "type": "Free", "provider": "NYPL", "location_t": "Library" }, "geometry": { "type": "Point", "coordinates": [ -73.939674582899997, 40.834515209 ] } },
{ "type": "Feature", "properties": { "objectid": 11350, "name": "Grand Central Shuttle  - S", "boroname": "Manhattan", "type": "Free", "provider": "Transit Wireless", "location_t": "Subway Station" }, "geometry": { "type": "Point", "coordinates": [ -73.9862289995, 40.755982999700002 ] } },
{ "type": "Feature", "properties": { "objectid": 10176, "name": "bk-06-145870", "boroname": "Brooklyn", "type": "Free", "provider": "LinkNYC - Citybridge", "location_t": "Outdoor Kiosk" }, "geometry": { "type": "Point", "coordinates": [ -73.995417620400005, 40.683179630399998 ] } },
{ "type": "Feature", "properties": { "objectid": 9979, "name": "Whitestone", "boroname": "Queens", "type": "Free", "provider": "QPL", "location_t": "Library" }, "geometry": { "type": "Point", "coordinates": [ -73.810716559100001, 40.788531444299998 ] } },
{ "type": "Feature", "properties": { "objectid": 9883, "name": null, "boroname": "Brooklyn", "type": "Free", "provider": "Downtown Brooklyn", "location_t": "Outdoor" }, "geometry": { "type": "Point", "coordinates": [ -73.987117, 40.692417 ] } },
{ "type": "Feature", "properties": { "objectid": 12527, "name": "mn-06-133436", "boroname": "Manhattan", "type": "Free", "provider": "LinkNYC - Citybridge", "location_t": "Outdoor Kiosk" }, "geometry": { "type": "Point", "coordinates": [ -73.9675675095, 40.760005189899999 ] } },
{ "type": "Feature", "properties": { "objectid": 10031, "name": "Todt Hill-Westerleigh", "boroname": "Staten Island", "type": "Free", "provider": "NYPL", "location_t": "Library" }, "geometry": { "type": "Point", "coordinates": [ -74.148502450300001, 40.609577499399997 ] } },
{ "type": "Feature", "properties": { "objectid": 10629, "name": "mn-11-120229", "boroname": "Manhattan", "type": "Free", "provider": "LinkNYC - Citybridge", "location_t": "Outdoor Kiosk" }, "geometry": { "type": "Point", "coordinates": [ -73.940336999500005, 40.797303000200003 ] } },
{ "type": "Feature", "properties": { "objectid": 12875, "name": "si-02-145809", "boroname": "Staten Island", "type": "Free", "provider": "LinkNYC - Citybridge", "location_t": "Outdoor Kiosk" }, "geometry": { "type": "Point", "coordinates": [ -74.101669000399994, 40.578802000099998 ] } },
{ "type": "Feature", "properties": { "objectid": 12663, "name": "mn-04-108485", "boroname": "Manhattan", "type": "Free", "provider": "LinkNYC - Citybridge", "location_t": "Outdoor Kiosk" }, "geometry": { "type": "Point", "coordinates": [ -73.988779540500005, 40.758830970299996 ] } },
{ "type": "Feature", "properties": { "objectid": 10542, "name": "mn-02-123586", "boroname": "Manhattan", "type": "Free", "provider": "LinkNYC - Citybridge", "location_t": "Outdoor Kiosk" }, "geometry": { "type": "Point", "coordinates": [ -74.005795359499999, 40.724924889900002 ] } },
{ "type": "Feature", "properties": { "objectid": 10252, "name": "bk-01-146022", "boroname": "Brooklyn", "type": "Free", "provider": "LinkNYC - Citybridge", "location_t": "Outdoor Kiosk" }, "geometry": { "type": "Point", "coordinates": [ -73.951284741400002, 40.713079879600002 ] } },
{ "type": "Feature", "properties": { "objectid": 10162, "name": null, "boroname": "Manhattan", "type": "Free", "provider": "Harlem", "location_t": "Outdoor" }, "geometry": { "type": "Point", "coordinates": [ -73.941374000300002, 40.804957999700001 ] } },
{ "type": "Feature", "properties": { "objectid": 12376, "name": "Wilson Av (L)", "boroname": "Brooklyn", "type": "Free", "provider": "Transit Wireless", "location_t": "Subway Station" }, "geometry": { "type": "Point", "coordinates": [ -73.904046000199997, 40.688764 ] } },
{ "type": "Feature", "properties": { "objectid": 11669, "name": "Brownsville Recreation Center", "boroname": "Brooklyn", "type": "Limited Free", "provider": "ALTICEUSA", "location_t": "Indoor" }, "geometry": { "type": "Point", "coordinates": [ -73.902500000299995, 40.656099999699997 ] } },
{ "type": "Feature", "properties": { "objectid": 11316, "name": "Crotona Park", "boroname": "Bronx", "type": "Limited Free", "provider": "ALTICEUSA", "location_t": "Outdoor" }, "geometry": { "type": "Point", "coordinates": [ -73.893770000299995, 40.836971999600003 ] } },
{ "type": "Feature", "properties": { "objectid": 10923, "name": null, "boroname": "Manhattan", "type": "Free", "provider": "Harlem", "location_t": "Outdoor" }, "geometry": { "type": "Point", "coordinates": [ -73.943866, 40.811197999599997 ] } },
{ "type": "Feature", "properties": { "objectid": 10736, "name": "mn-05-122446", "boroname": "Manhattan", "type": "Free", "provider": "LinkNYC - Citybridge", "location_t": "Outdoor Kiosk" }, "geometry": { "type": "Point", "coordinates": [ -73.991130249500003, 40.750488429900003 ] } },
{ "type": "Feature", "properties": { "objectid": 11676, "name": "Claremont Park", "boroname": "Bronx", "type": "Limited Free", "provider": "ALTICEUSA", "location_t": "Outdoor" }, "geometry": { "type": "Point", "coordinates": [ -73.905479999500002, 40.841119999599997 ] } },
{ "type": "Feature", "properties": { "objectid": 9740, "name": "0", "boroname": "Brooklyn", "type": "Free", "provider": "NYCHA", "location_t": "Outdoor" }, "geometry": { "type": "Point", "coordinates": [ -73.979416200499998, 40.694540000099998 ] } },
{ "type": "Feature", "properties": { "objectid": 12105, "name": "mn-05-122053", "boroname": "Manhattan", "type": "Free", "provider": "LinkNYC - Citybridge", "location_t": "Outdoor Kiosk" }, "geometry": { "type": "Point", "coordinates": [ -73.988100900299997, 40.748138939900002 ] } },
{ "type": "Feature", "properties": { "objectid": 10459, "name": "Hamilton Fish Recreation Center", "boroname": "Manhattan", "type": "Limited Free", "provider": "SPECTRUM", "location_t": "Indoor" }, "geometry": { "type": "Point", "coordinates": [ -73.981478000199999, 40.719960000100002 ] } },
{ "type": "Feature", "properties": { "objectid": 11214, "name": "mn-05-121640", "boroname": "Manhattan", "type": "Free", "provider": "LinkNYC - Citybridge", "location_t": "Outdoor Kiosk" }, "geometry": { "type": "Point", "coordinates": [ -73.984099109499994, 40.746511299700003 ] } },
{ "type": "Feature", "properties": { "objectid": 11643, "name": "Phil \"Scooter\" Rizzuto Park", "boroname": "Queens", "type": "Limited Free", "provider": "SPECTRUM", "location_t": "Outdoor TWC Aerial" }, "geometry": { "type": "Point", "coordinates": [ -73.8213339996, 40.694095000200001 ] } },
{ "type": "Feature", "properties": { "objectid": 10061, "name": "South Ozone Park", "boroname": "Queens", "type": "Free", "provider": "QPL", "location_t": "Library" }, "geometry": { "type": "Point", "coordinates": [ -73.809261817399999, 40.674776926100002 ] } },
{ "type": "Feature", "properties": { "objectid": 11590, "name": "Snug Harbor Cultural Center", "boroname": "Staten Island", "type": "Limited Free", "provider": "SPECTRUM", "location_t": "Outdoor TWC Aerial" }, "geometry": { "type": "Point", "coordinates": [ -74.101038000299994, 40.644885000099997 ] } },
{ "type": "Feature", "properties": { "objectid": 11906, "name": "QUEENS BRIDGE - JACOB A. RIIS Settlement House", "boroname": "Queens", "type": "Free", "provider": "Spot On Networks", "location_t": "Indoor AP - Community Center - Gym" }, "geometry": { "type": "Point", "coordinates": [ -73.944584432, 40.755735268199999 ] } },
{ "type": "Feature", "properties": { "objectid": 11110, "name": "bx-05-145839", "boroname": "Bronx", "type": "Free", "provider": "LinkNYC - Citybridge", "location_t": "Outdoor Kiosk" }, "geometry": { "type": "Point", "coordinates": [ -73.909900000500002, 40.848330000300002 ] } },
{ "type": "Feature", "properties": { "objectid": 12799, "name": "si-02-145729", "boroname": "Staten Island", "type": "Free", "provider": "LinkNYC - Citybridge", "location_t": "Outdoor Kiosk" }, "geometry": { "type": "Point", "coordinates": [ -74.112673589600007, 40.572100260299997 ] } },
{ "type": "Feature", "properties": { "objectid": 12005, "name": "mn-10-119949", "boroname": "Manhattan", "type": "Free", "provider": "LinkNYC - Citybridge", "location_t": "Outdoor Kiosk" }, "geometry": { "type": "Point", "coordinates": [ -73.942524633299996, 40.817380638499998 ] } },
{ "type": "Feature", "properties": { "objectid": 9683, "name": "Pelham Bay Park", "boroname": "Bronx", "type": "Limited Free", "provider": "ALTICEUSA", "location_t": "Outdoor" }, "geometry": { "type": "Point", "coordinates": [ -73.8217519998, 40.8502079999 ] } },
{ "type": "Feature", "properties": { "objectid": 11169, "name": "mn-11-120250", "boroname": "Manhattan", "type": "Free", "provider": "LinkNYC - Citybridge", "location_t": "Outdoor Kiosk" }, "geometry": { "type": "Point", "coordinates": [ -73.941421529500005, 40.798646269899997 ] } },
{ "type": "Feature", "properties": { "objectid": 12474, "name": "mn-09-120408", "boroname": "Manhattan", "type": "Free", "provider": "LinkNYC - Citybridge", "location_t": "Outdoor Kiosk" }, "geometry": { "type": "Point", "coordinates": [ -73.965081000300003, 40.8059230004 ] } },
{ "type": "Feature", "properties": { "objectid": 10413, "name": null, "boroname": "Brooklyn", "type": "Free", "provider": "Downtown Brooklyn", "location_t": "Outdoor" }, "geometry": { "type": "Point", "coordinates": [ -73.988721, 40.691860000299997 ] } },
{ "type": "Feature", "properties": { "objectid": 11067, "name": "mn-10-137208", "boroname": "Manhattan", "type": "Free", "provider": "LinkNYC - Citybridge", "location_t": "Outdoor Kiosk" }, "geometry": { "type": "Point", "coordinates": [ -73.9437762198, 40.8201217 ] } },
{ "type": "Feature", "properties": { "objectid": 10460, "name": "Hamilton Fish Recreation Center", "boroname": "Manhattan", "type": "Limited Free", "provider": "SPECTRUM", "location_t": "Outdoor" }, "geometry": { "type": "Point", "coordinates": [ -73.981298999700002, 40.720101999599997 ] } },
{ "type": "Feature", "properties": { "objectid": 9947, "name": "Cypress Hills - Brooklyn Public Library", "boroname": "Brooklyn", "type": "Free", "provider": "BPL", "location_t": "Library" }, "geometry": { "type": "Point", "coordinates": [ -73.874033489799999, 40.672706087199998 ] } },
{ "type": "Feature", "properties": { "objectid": 12412, "name": "Kingston Av (3)", "boroname": "Brooklyn", "type": "Free", "provider": "Transit Wireless", "location_t": "Subway Station" }, "geometry": { "type": "Point", "coordinates": [ -73.942161000300004, 40.669398999800002 ] } },
{ "type": "Feature", "properties": { "objectid": 9894, "name": null, "boroname": "Brooklyn", "type": "Free", "provider": "Downtown Brooklyn", "location_t": "Outdoor" }, "geometry": { "type": "Point", "coordinates": [ -73.991943999699998, 40.689906 ] } },
{ "type": "Feature", "properties": { "objectid": 10294, "name": "bk-06-145893", "boroname": "Brooklyn", "type": "Free", "provider": "LinkNYC - Citybridge", "location_t": "Outdoor Kiosk" }, "geometry": { "type": "Point", "coordinates": [ -73.983161420499997, 40.672679100099998 ] } },
{ "type": "Feature", "properties": { "objectid": 10870, "name": "Bryant Park", "boroname": "Manhattan", "type": "Limited Free", "provider": "SPECTRUM", "location_t": "Outdoor" }, "geometry": { "type": "Point", "coordinates": [ -73.981640000300004, 40.752776000300003 ] } },
{ "type": "Feature", "properties": { "objectid": 11809, "name": "mn-10-119882", "boroname": "Manhattan", "type": "Free", "provider": "LinkNYC - Citybridge", "location_t": "Outdoor Kiosk" }, "geometry": { "type": "Point", "coordinates": [ -73.947001739800001, 40.815695889600001 ] } },
{ "type": "Feature", "properties": { "objectid": 11534, "name": null, "boroname": "Brooklyn", "type": "Free", "provider": "Downtown Brooklyn", "location_t": "Outdoor" }, "geometry": { "type": "Point", "coordinates": [ -73.986073999799999, 40.696651999799997 ] } },
{ "type": "Feature", "properties": { "objectid": 9698, "name": "Prospect Park", "boroname": "Brooklyn", "type": "Limited Free", "provider": "ALTICEUSA", "location_t": "Outdoor" }, "geometry": { "type": "Point", "coordinates": [ -73.963990999700002, 40.657451999700001 ] } },
{ "type": "Feature", "properties": { "objectid": 11061, "name": "mn-12-120334", "boroname": "Manhattan", "type": "Free", "provider": "LinkNYC - Citybridge", "location_t": "Outdoor Kiosk" }, "geometry": { "type": "Point", "coordinates": [ -73.942875999500004, 40.837241000200002 ] } },
{ "type": "Feature", "properties": { "objectid": 10284, "name": "qu-09-145888", "boroname": "Queens", "type": "Free", "provider": "LinkNYC - Citybridge", "location_t": "Outdoor Kiosk" }, "geometry": { "type": "Point", "coordinates": [ -73.837842045800002, 40.696331271699997 ] } },
{ "type": "Feature", "properties": { "objectid": 11799, "name": "qu-04-128504", "boroname": "Queens", "type": "Free", "provider": "LinkNYC - Citybridge", "location_t": "Outdoor Kiosk" }, "geometry": { "type": "Point", "coordinates": [ -73.884987429500001, 40.747451200299999 ] } },
{ "type": "Feature", "properties": { "objectid": 12544, "name": "mn-04-135620", "boroname": "Manhattan", "type": "Free", "provider": "LinkNYC - Citybridge", "location_t": "Outdoor Kiosk" }, "geometry": { "type": "Point", "coordinates": [ -74.001501140499997, 40.741373380100001 ] } },
{ "type": "Feature", "properties": { "objectid": 12739, "name": "mn-03-108323", "boroname": "Manhattan", "type": "Free", "provider": "LinkNYC - Citybridge", "location_t": "Outdoor Kiosk" }, "geometry": { "type": "Point", "coordinates": [ -73.989350619700005, 40.726471260300002 ] } },
{ "type": "Feature", "properties": { "objectid": 12861, "name": "mn-05-122858", "boroname": "Manhattan", "type": "Free", "provider": "LinkNYC - Citybridge", "location_t": "Outdoor Kiosk" }, "geometry": { "type": "Point", "coordinates": [ -73.974253949599998, 40.76298745 ] } },
{ "type": "Feature", "properties": { "objectid": 10443, "name": "Dante Park", "boroname": "Manhattan", "type": "Limited Free", "provider": "SPECTRUM", "location_t": "Outdoor" }, "geometry": { "type": "Point", "coordinates": [ -73.982384000600007, 40.772005000299998 ] } },
{ "type": "Feature", "properties": { "objectid": 11468, "name": "mn-05-122453", "boroname": "Manhattan", "type": "Free", "provider": "LinkNYC - Citybridge", "location_t": "Outdoor Kiosk" }, "geometry": { "type": "Point", "coordinates": [ -73.992744999899998, 40.747904000399998 ] } },
{ "type": "Feature", "properties": { "objectid": 12777, "name": "mn-09-120396", "boroname": "Manhattan", "type": "Free", "provider": "LinkNYC - Citybridge", "location_t": "Outdoor Kiosk" }, "geometry": { "type": "Point", "coordinates": [ -73.965995000199996, 40.804834999599997 ] } },
{ "type": "Feature", "properties": { "objectid": 10492, "name": "7", "boroname": "Manhattan", "type": "Free", "provider": "Manhattan Down Alliance", "location_t": "Outdoor" }, "geometry": { "type": "Point", "coordinates": [ -74.004997300599996, 40.707099899799999 ] } },
{ "type": "Feature", "properties": { "objectid": 12833, "name": "mn-08-120983", "boroname": "Manhattan", "type": "Free", "provider": "LinkNYC - Citybridge", "location_t": "Outdoor Kiosk" }, "geometry": { "type": "Point", "coordinates": [ -73.961970999800002, 40.767654999800001 ] } },
{ "type": "Feature", "properties": { "objectid": 10853, "name": "Wall St (2,3)", "boroname": "Manhattan", "type": "Free", "provider": "Transit Wireless", "location_t": "Subway Station" }, "geometry": { "type": "Point", "coordinates": [ -74.009099999599997, 40.706820999800001 ] } },
{ "type": "Feature", "properties": { "objectid": 11388, "name": "116 St (6) (4, 6)", "boroname": "Manhattan", "type": "Free", "provider": "Transit Wireless", "location_t": "Subway Station" }, "geometry": { "type": "Point", "coordinates": [ -73.941616999600001, 40.798629000200002 ] } },
{ "type": "Feature", "properties": { "objectid": 9715, "name": "St. John's Recreation Center", "boroname": "Brooklyn", "type": "Limited Free", "provider": "ALTICEUSA", "location_t": "Outdoor" }, "geometry": { "type": "Point", "coordinates": [ -73.935166000199999, 40.673801000200001 ] } },
{ "type": "Feature", "properties": { "objectid": 10989, "name": "Alley Pond Park", "boroname": "Queens", "type": "Limited Free", "provider": "SPECTRUM", "location_t": "Outdoor" }, "geometry": { "type": "Point", "coordinates": [ -73.734311000199995, 40.740213999700003 ] } },
{ "type": "Feature", "properties": { "objectid": 11804, "name": "mn-05-137211", "boroname": "Manhattan", "type": "Free", "provider": "LinkNYC - Citybridge", "location_t": "Outdoor Kiosk" }, "geometry": { "type": "Point", "coordinates": [ -73.988584299600006, 40.737969760200002 ] } },
{ "type": "Feature", "properties": { "objectid": 11892, "name": "bx-01-123216", "boroname": "Bronx", "type": "Free", "provider": "LinkNYC - Citybridge", "location_t": "Outdoor Kiosk" }, "geometry": { "type": "Point", "coordinates": [ -73.9136680302, 40.8194884499 ] } },
{ "type": "Feature", "properties": { "objectid": 10322, "name": "bk-05-145940", "boroname": "Brooklyn", "type": "Free", "provider": "LinkNYC - Citybridge", "location_t": "Outdoor Kiosk" }, "geometry": { "type": "Point", "coordinates": [ -73.868974527, 40.684625090200001 ] } },
{ "type": "Feature", "properties": { "objectid": 11192, "name": "qu-09-124793", "boroname": "Queens", "type": "Free", "provider": "LinkNYC - Citybridge", "location_t": "Outdoor Kiosk" }, "geometry": { "type": "Point", "coordinates": [ -73.843110000199999, 40.695247999599999 ] } },
{ "type": "Feature", "properties": { "objectid": 12090, "name": "bx-05-116218", "boroname": "Bronx", "type": "Free", "provider": "LinkNYC - Citybridge", "location_t": "Outdoor Kiosk" }, "geometry": { "type": "Point", "coordinates": [ -73.893059439599995, 40.860214669599998 ] } },
{ "type": "Feature", "properties": { "objectid": 12265, "name": "mn-06-121360", "boroname": "Manhattan", "type": "Free", "provider": "LinkNYC - Citybridge", "location_t": "Outdoor Kiosk" }, "geometry": { "type": "Point", "coordinates": [ -73.975186419500005, 40.749341119699999 ] } },
{ "type": "Feature", "properties": { "objectid": 9926, "name": "South Hollis", "boroname": "Queens", "type": "Free", "provider": "QPL", "location_t": "Library" }, "geometry": { "type": "Point", "coordinates": [ -73.753796671200007, 40.7070105556 ] } },
{ "type": "Feature", "properties": { "objectid": 11030, "name": "mn-04-138190", "boroname": "Manhattan", "type": "Free", "provider": "LinkNYC - Citybridge", "location_t": "Outdoor Kiosk" }, "geometry": { "type": "Point", "coordinates": [ -73.998204100300001, 40.740772460300001 ] } },
{ "type": "Feature", "properties": { "objectid": 10514, "name": null, "boroname": "Manhattan", "type": "Free", "provider": "Chelsea", "location_t": "Outdoor" }, "geometry": { "type": "Point", "coordinates": [ -74.001717567300005, 40.742770085899998 ] } },
{ "type": "Feature", "properties": { "objectid": 10097, "name": "Grand Central", "boroname": "Manhattan", "type": "Free", "provider": "NYPL", "location_t": "Library" }, "geometry": { "type": "Point", "coordinates": [ -73.973567716800005, 40.754067875600001 ] } },
{ "type": "Feature", "properties": { "objectid": 10838, "name": "Bowery (J,M,Z)", "boroname": "Manhattan", "type": "Free", "provider": "Transit Wireless", "location_t": "Subway Station" }, "geometry": { "type": "Point", "coordinates": [ -73.993914999500007, 40.720279999799999 ] } },
{ "type": "Feature", "properties": { "objectid": 11611, "name": "Thomas Jefferson Park", "boroname": "Manhattan", "type": "Limited Free", "provider": "SPECTRUM", "location_t": "Indoor" }, "geometry": { "type": "Point", "coordinates": [ -73.936816000500002, 40.793669000199998 ] } },
{ "type": "Feature", "properties": { "objectid": 12491, "name": "mn-09-120363", "boroname": "Manhattan", "type": "Free", "provider": "LinkNYC - Citybridge", "location_t": "Outdoor Kiosk" }, "geometry": { "type": "Point", "coordinates": [ -73.950716310100006, 40.826376289700001 ] } },
{ "type": "Feature", "properties": { "objectid": 11164, "name": "bx-01-146044", "boroname": "Bronx", "type": "Free", "provider": "LinkNYC - Citybridge", "location_t": "Outdoor Kiosk" }, "geometry": { "type": "Point", "coordinates": [ -73.9119525439, 40.822022194699997 ] } },
{ "type": "Feature", "properties": { "objectid": 9798, "name": "J. Hood Wright Park", "boroname": "Manhattan", "type": "Limited Free", "provider": "SPECTRUM", "location_t": "Outdoor" }, "geometry": { "type": "Point", "coordinates": [ -73.941721999899997, 40.846472000299997 ] } },
{ "type": "Feature", "properties": { "objectid": 9818, "name": "mn-07-136701", "boroname": "Manhattan", "type": "Free", "provider": "LinkNYC - Citybridge", "location_t": "Outdoor Kiosk" }, "geometry": { "type": "Point", "coordinates": [ -73.963115389699993, 40.798716749900002 ] } },
{ "type": "Feature", "properties": { "objectid": 10561, "name": "Madison Square Park", "boroname": "Manhattan", "type": "Limited Free", "provider": "SPECTRUM", "location_t": "Outdoor" }, "geometry": { "type": "Point", "coordinates": [ -73.988939999500005, 40.741480000300001 ] } },
{ "type": "Feature", "properties": { "objectid": 10395, "name": null, "boroname": "Manhattan", "type": "Free", "provider": "Chelsea", "location_t": "Outdoor" }, "geometry": { "type": "Point", "coordinates": [ -74.004211075300006, 40.742102144599997 ] } },
{ "type": "Feature", "properties": { "objectid": 11791, "name": "mn-03-108607", "boroname": "Manhattan", "type": "Free", "provider": "LinkNYC - Citybridge", "location_t": "Outdoor Kiosk" }, "geometry": { "type": "Point", "coordinates": [ -73.991197999400001, 40.716355000199997 ] } },
{ "type": "Feature", "properties": { "objectid": 11497, "name": "Midland Beach and Franklin D. Roosevelt Boardwalk", "boroname": "Staten Island", "type": "Limited Free", "provider": "SPECTRUM", "location_t": "Outdoor" }, "geometry": { "type": "Point", "coordinates": [ -74.080677000500003, 40.575748 ] } },
{ "type": "Feature", "properties": { "objectid": 12264, "name": "mn-06-138030", "boroname": "Manhattan", "type": "Free", "provider": "LinkNYC - Citybridge", "location_t": "Outdoor Kiosk" }, "geometry": { "type": "Point", "coordinates": [ -73.975363394, 40.748732796399999 ] } },
{ "type": "Feature", "properties": { "objectid": 10811, "name": "IRT - Longwood Av (6)", "boroname": "Bronx", "type": "Free", "provider": "Transit Wireless", "location_t": "Subway Station" }, "geometry": { "type": "Point", "coordinates": [ -73.8964350002, 40.816104 ] } },
{ "type": "Feature", "properties": { "objectid": 10614, "name": "bx-05-146094", "boroname": "Bronx", "type": "Free", "provider": "LinkNYC - Citybridge", "location_t": "Outdoor Kiosk" }, "geometry": { "type": "Point", "coordinates": [ -73.912958000399996, 40.846434000199999 ] } },
{ "type": "Feature", "properties": { "objectid": 12686, "name": "mn-04-142000", "boroname": "Manhattan", "type": "Free", "provider": "LinkNYC - Citybridge", "location_t": "Outdoor Kiosk" }, "geometry": { "type": "Point", "coordinates": [ -73.986155769600003, 40.762430640200002 ] } },
{ "type": "Feature", "properties": { "objectid": 11909, "name": "QUEENS BRIDGE - JACOB A. RIIS Settlement House", "boroname": "Queens", "type": "Free", "provider": "Spot On Networks", "location_t": "Indoor AP - Community Center - Activity Rm 2" }, "geometry": { "type": "Point", "coordinates": [ -73.944584432, 40.755735268199999 ] } },
{ "type": "Feature", "properties": { "objectid": 10656, "name": "mn-07-121335", "boroname": "Manhattan", "type": "Free", "provider": "LinkNYC - Citybridge", "location_t": "Outdoor Kiosk" }, "geometry": { "type": "Point", "coordinates": [ -73.981904269699996, 40.777137170099998 ] } },
{ "type": "Feature", "properties": { "objectid": 12385, "name": "Kingston-Throop Avs (C)", "boroname": "Brooklyn", "type": "Free", "provider": "Transit Wireless", "location_t": "Subway Station" }, "geometry": { "type": "Point", "coordinates": [ -73.940859000499998, 40.6799210004 ] } },
{ "type": "Feature", "properties": { "objectid": 12920, "name": "qu-06-145790", "boroname": "Queens", "type": "Free", "provider": "LinkNYC - Citybridge", "location_t": "Outdoor Kiosk" }, "geometry": { "type": "Point", "coordinates": [ -73.835496219800007, 40.717212350099999 ] } },
{ "type": "Feature", "properties": { "objectid": 12789, "name": "mn-09-142532", "boroname": "Manhattan", "type": "Free", "provider": "LinkNYC - Citybridge", "location_t": "Outdoor Kiosk" }, "geometry": { "type": "Point", "coordinates": [ -73.954363709700004, 40.8157995997 ] } },
{ "type": "Feature", "properties": { "objectid": 12353, "name": "Rector St (R)", "boroname": "Manhattan", "type": "Free", "provider": "Transit Wireless", "location_t": "Subway Station" }, "geometry": { "type": "Point", "coordinates": [ -74.013342000199998, 40.707219999899998 ] } },
{ "type": "Feature", "properties": { "objectid": 11881, "name": "mn-11-120180", "boroname": "Manhattan", "type": "Free", "provider": "LinkNYC - Citybridge", "location_t": "Outdoor Kiosk" }, "geometry": { "type": "Point", "coordinates": [ -73.944966159700002, 40.800141530099999 ] } },
{ "type": "Feature", "properties": { "objectid": 10556, "name": "Madison Square Park", "boroname": "Manhattan", "type": "Limited Free", "provider": "SPECTRUM", "location_t": "Outdoor" }, "geometry": { "type": "Point", "coordinates": [ -73.988691999400004, 40.742377999600002 ] } },
{ "type": "Feature", "properties": { "objectid": 11243, "name": "mn-10-142813", "boroname": "Manhattan", "type": "Free", "provider": "LinkNYC - Citybridge", "location_t": "Outdoor Kiosk" }, "geometry": { "type": "Point", "coordinates": [ -73.951707680599995, 40.809268100200001 ] } },
{ "type": "Feature", "properties": { "objectid": 10925, "name": null, "boroname": "Manhattan", "type": "Free", "provider": "Harlem", "location_t": "Outdoor" }, "geometry": { "type": "Point", "coordinates": [ -73.948843, 40.8133660003 ] } },
{ "type": "Feature", "properties": { "objectid": 11196, "name": "qu-01-125145", "boroname": "Queens", "type": "Free", "provider": "LinkNYC - Citybridge", "location_t": "Outdoor Kiosk" }, "geometry": { "type": "Point", "coordinates": [ -73.918949869399995, 40.759168999899998 ] } },
{ "type": "Feature", "properties": { "objectid": 10694, "name": "mn-06-109579", "boroname": "Manhattan", "type": "Free", "provider": "LinkNYC - Citybridge", "location_t": "Outdoor Kiosk" }, "geometry": { "type": "Point", "coordinates": [ -73.96855237, 40.7550431903 ] } },
{ "type": "Feature", "properties": { "objectid": 11999, "name": "bk-08-126469", "boroname": "Brooklyn", "type": "Free", "provider": "LinkNYC - Citybridge", "location_t": "Outdoor Kiosk" }, "geometry": { "type": "Point", "coordinates": [ -73.950627000400004, 40.670115000400003 ] } },
{ "type": "Feature", "properties": { "objectid": 12421, "name": "Court St (M,R)/Borough Hall (2,3,4,5)", "boroname": "Brooklyn", "type": "Free", "provider": "Transit Wireless", "location_t": "Subway Station" }, "geometry": { "type": "Point", "coordinates": [ -73.990150999700006, 40.692404 ] } },
{ "type": "Feature", "properties": { "objectid": 11945, "name": "bk-03-145757", "boroname": "Brooklyn", "type": "Free", "provider": "LinkNYC - Citybridge", "location_t": "Outdoor Kiosk" }, "geometry": { "type": "Point", "coordinates": [ -73.942259999699999, 40.680058999899998 ] } },
{ "type": "Feature", "properties": { "objectid": 10541, "name": "mn-06-121770", "boroname": "Manhattan", "type": "Free", "provider": "LinkNYC - Citybridge", "location_t": "Outdoor Kiosk" }, "geometry": { "type": "Point", "coordinates": [ -73.965839699900002, 40.758777070100003 ] } },
{ "type": "Feature", "properties": { "objectid": 10856, "name": "Joyce Kilmer Park", "boroname": "Bronx", "type": "Limited Free", "provider": "ALTICEUSA", "location_t": "Outdoor" }, "geometry": { "type": "Point", "coordinates": [ -73.923074999899995, 40.828057000400001 ] } },
{ "type": "Feature", "properties": { "objectid": 9931, "name": "Astoria", "boroname": "Queens", "type": "Free", "provider": "QPL", "location_t": "Library" }, "geometry": { "type": "Point", "coordinates": [ -73.928718812599996, 40.772382889900001 ] } },
{ "type": "Feature", "properties": { "objectid": 11938, "name": "bk-03-145748", "boroname": "Brooklyn", "type": "Free", "provider": "LinkNYC - Citybridge", "location_t": "Outdoor Kiosk" }, "geometry": { "type": "Point", "coordinates": [ -73.958535000099999, 40.681853000099998 ] } },
{ "type": "Feature", "properties": { "objectid": 10994, "name": "Brooklyn Heights Promenade", "boroname": "Brooklyn", "type": "Limited Free", "provider": "SPECTRUM", "location_t": "Outdoor" }, "geometry": { "type": "Point", "coordinates": [ -73.997332999600005, 40.697343999700003 ] } },
{ "type": "Feature", "properties": { "objectid": 10482, "name": "Williamsbridge Oval", "boroname": "Bronx", "type": "Limited Free", "provider": "ALTICEUSA", "location_t": "Indoor" }, "geometry": { "type": "Point", "coordinates": [ -73.878541999600003, 40.8766430003 ] } },
{ "type": "Feature", "properties": { "objectid": 9739, "name": "0", "boroname": "Brooklyn", "type": "Free", "provider": "NYCHA", "location_t": "Outdoor" }, "geometry": { "type": "Point", "coordinates": [ -73.979813200099997, 40.694137 ] } },
{ "type": "Feature", "properties": { "objectid": 10327, "name": "bk-05-145937", "boroname": "Brooklyn", "type": "Free", "provider": "LinkNYC - Citybridge", "location_t": "Outdoor Kiosk" }, "geometry": { "type": "Point", "coordinates": [ -73.89835842, 40.676994120300002 ] } },
{ "type": "Feature", "properties": { "objectid": 10219, "name": "Red Hook Recreation Center", "boroname": "Brooklyn", "type": "Limited Free", "provider": "SPECTRUM", "location_t": "Indoor" }, "geometry": { "type": "Point", "coordinates": [ -74.004303, 40.672412999700001 ] } },
{ "type": "Feature", "properties": { "objectid": 10497, "name": "12", "boroname": "Manhattan", "type": "Free", "provider": "Manhattan Down Alliance", "location_t": "Outdoor" }, "geometry": { "type": "Point", "coordinates": [ -74.008300800300006, 40.704700499799998 ] } },
{ "type": "Feature", "properties": { "objectid": 10381, "name": "Manhattan Beach Park", "boroname": "Brooklyn", "type": "Limited Free", "provider": "ALTICEUSA", "location_t": "Outdoor" }, "geometry": { "type": "Point", "coordinates": [ -73.939919999500006, 40.578379999600003 ] } },
{ "type": "Feature", "properties": { "objectid": 9667, "name": "mn-05-135659", "boroname": "Manhattan", "type": "Free", "provider": "LinkNYC - Citybridge", "location_t": "Outdoor Kiosk" }, "geometry": { "type": "Point", "coordinates": [ -73.982722829699995, 40.7449836101 ] } },
{ "type": "Feature", "properties": { "objectid": 10444, "name": "Dyker Beach Park", "boroname": "Brooklyn", "type": "Limited Free", "provider": "SPECTRUM", "location_t": "Outdoor" }, "geometry": { "type": "Point", "coordinates": [ -74.012923999700007, 40.612990000400004 ] } },
{ "type": "Feature", "properties": { "objectid": 9803, "name": "Astoria Park", "boroname": "Queens", "type": "Free", "provider": "AT&T", "location_t": "Outdoor" }, "geometry": { "type": "Point", "coordinates": [ -73.925200000299995, 40.777000000299999 ] } },
{ "type": "Feature", "properties": { "objectid": 10241, "name": "qu-01-146036", "boroname": "Queens", "type": "Free", "provider": "LinkNYC - Citybridge", "location_t": "Outdoor Kiosk" }, "geometry": { "type": "Point", "coordinates": [ -73.915569999699997, 40.760686000100002 ] } },
{ "type": "Feature", "properties": { "objectid": 9726, "name": "Hansborough Recreation Center", "boroname": "Manhattan", "type": "Limited Free", "provider": "SPECTRUM", "location_t": "Indoor" }, "geometry": { "type": "Point", "coordinates": [ -73.939356999599994, 40.812680999599998 ] } },
{ "type": "Feature", "properties": { "objectid": 10682, "name": "mn-07-121239", "boroname": "Manhattan", "type": "Free", "provider": "LinkNYC - Citybridge", "location_t": "Outdoor Kiosk" }, "geometry": { "type": "Point", "coordinates": [ -73.978781000200001, 40.785005 ] } },
{ "type": "Feature", "properties": { "objectid": 12068, "name": "bk-01-125268", "boroname": "Brooklyn", "type": "Free", "provider": "LinkNYC - Citybridge", "location_t": "Outdoor Kiosk" }, "geometry": { "type": "Point", "coordinates": [ -73.953438999599996, 40.728132999899998 ] } },
{ "type": "Feature", "properties": { "objectid": 11496, "name": "Midland Beach and Franklin D. Roosevelt Boardwalk", "boroname": "Staten Island", "type": "Limited Free", "provider": "SPECTRUM", "location_t": "Outdoor" }, "geometry": { "type": "Point", "coordinates": [ -74.0816830001, 40.575082999899998 ] } },
{ "type": "Feature", "properties": { "objectid": 12070, "name": "bk-06-125931", "boroname": "Brooklyn", "type": "Free", "provider": "LinkNYC - Citybridge", "location_t": "Outdoor Kiosk" }, "geometry": { "type": "Point", "coordinates": [ -73.981935769700002, 40.674555510200001 ] } },
{ "type": "Feature", "properties": { "objectid": 9965, "name": "New Lots - Brooklyn Public Library", "boroname": "Brooklyn", "type": "Free", "provider": "BPL", "location_t": "Library" }, "geometry": { "type": "Point", "coordinates": [ -73.886070536800005, 40.6651593697 ] } },
{ "type": "Feature", "properties": { "objectid": 12653, "name": "mn-03-115305", "boroname": "Manhattan", "type": "Free", "provider": "LinkNYC - Citybridge", "location_t": "Outdoor Kiosk" }, "geometry": { "type": "Point", "coordinates": [ -73.985928020100005, 40.731157010300002 ] } },
{ "type": "Feature", "properties": { "objectid": 10519, "name": "Clove Lakes Park - Lake Club Restaurant", "boroname": "Staten Island", "type": "Limited Free", "provider": "SPECTRUM", "location_t": "Indoor" }, "geometry": { "type": "Point", "coordinates": [ -74.108185000299997, 40.617749999799997 ] } },
{ "type": "Feature", "properties": { "objectid": 9820, "name": "mn-06-121795", "boroname": "Manhattan", "type": "Free", "provider": "LinkNYC - Citybridge", "location_t": "Outdoor Kiosk" }, "geometry": { "type": "Point", "coordinates": [ -73.968276410399994, 40.755015019699997 ] } },
{ "type": "Feature", "properties": { "objectid": 12259, "name": "mn-06-121511", "boroname": "Manhattan", "type": "Free", "provider": "LinkNYC - Citybridge", "location_t": "Outdoor Kiosk" }, "geometry": { "type": "Point", "coordinates": [ -73.977005000600002, 40.747049999600002 ] } },
{ "type": "Feature", "properties": { "objectid": 11720, "name": "Crotona Park", "boroname": "Bronx", "type": "Limited Free", "provider": "ALTICEUSA", "location_t": "Outdoor" }, "geometry": { "type": "Point", "coordinates": [ -73.888713999800004, 40.8389890001 ] } },
{ "type": "Feature", "properties": { "objectid": 12866, "name": "mn-08-119821", "boroname": "Manhattan", "type": "Free", "provider": "LinkNYC - Citybridge", "location_t": "Outdoor Kiosk" }, "geometry": { "type": "Point", "coordinates": [ -73.952278999900003, 40.781502999899999 ] } },
{ "type": "Feature", "properties": { "objectid": 9948, "name": "Queensbridge, Now a Family Literacy Center", "boroname": "Queens", "type": "Free", "provider": "QPL", "location_t": "Library" }, "geometry": { "type": "Point", "coordinates": [ -73.944223894700002, 40.755200199400001 ] } },
{ "type": "Feature", "properties": { "objectid": 9833, "name": "bx-03-146043", "boroname": "Bronx", "type": "Free", "provider": "LinkNYC - Citybridge", "location_t": "Outdoor Kiosk" }, "geometry": { "type": "Point", "coordinates": [ -73.910690125399995, 40.822518791299998 ] } },
{ "type": "Feature", "properties": { "objectid": 10080, "name": "Andrew Heiskell Braille & Talking Book Library", "boroname": "Manhattan", "type": "Free", "provider": "NYPL", "location_t": "Library" }, "geometry": { "type": "Point", "coordinates": [ -73.993356911199996, 40.740465455600003 ] } },
{ "type": "Feature", "properties": { "objectid": 10796, "name": "Delancey St (F)/Essex St (J,M,Z) (Delancey Street)", "boroname": "Manhattan", "type": "Free", "provider": "Transit Wireless", "location_t": "Subway Station" }, "geometry": { "type": "Point", "coordinates": [ -73.988114, 40.718610999600003 ] } },
{ "type": "Feature", "properties": { "objectid": 12032, "name": "mn-06-138539", "boroname": "Manhattan", "type": "Free", "provider": "LinkNYC - Citybridge", "location_t": "Outdoor Kiosk" }, "geometry": { "type": "Point", "coordinates": [ -73.977305999899997, 40.7502370001 ] } },
{ "type": "Feature", "properties": { "objectid": 12746, "name": "mn-05-133359", "boroname": "Manhattan", "type": "Free", "provider": "LinkNYC - Citybridge", "location_t": "Outdoor Kiosk" }, "geometry": { "type": "Point", "coordinates": [ -73.984341999600005, 40.7599709996 ] } },
{ "type": "Feature", "properties": { "objectid": 10224, "name": "Rockaway Beach and Boardwalk", "boroname": "Queens", "type": "Limited Free", "provider": "SPECTRUM", "location_t": "Outdoor" }, "geometry": { "type": "Point", "coordinates": [ -73.811003000499994, 40.584551000200001 ] } },
{ "type": "Feature", "properties": { "objectid": 10409, "name": "Central Park North - West 110 Street", "boroname": "Manhattan", "type": "Free", "provider": "Harlem", "location_t": "Outdoor" }, "geometry": { "type": "Point", "coordinates": [ -73.950716999899996, 40.797466999599997 ] } },
{ "type": "Feature", "properties": { "objectid": 12212, "name": "mn-04-123136", "boroname": "Manhattan", "type": "Free", "provider": "LinkNYC - Citybridge", "location_t": "Outdoor Kiosk" }, "geometry": { "type": "Point", "coordinates": [ -73.995475090400006, 40.7394321803 ] } },
{ "type": "Feature", "properties": { "objectid": 10609, "name": "Baisley Pond Park", "boroname": "Queens", "type": "Limited Free", "provider": "SPECTRUM", "location_t": "Outdoor TWC Aerial" }, "geometry": { "type": "Point", "coordinates": [ -73.788960000200007, 40.669779999600003 ] } },
{ "type": "Feature", "properties": { "objectid": 10987, "name": "The Battery", "boroname": "Manhattan", "type": "Free", "provider": "AT&T", "location_t": "Outdoor" }, "geometry": { "type": "Point", "coordinates": [ -74.014899999899995, 40.701599999599999 ] } },
{ "type": "Feature", "properties": { "objectid": 11583, "name": "Roy Wilkins Recreation Center", "boroname": "Queens", "type": "Limited Free", "provider": "SPECTRUM", "location_t": "Indoor" }, "geometry": { "type": "Point", "coordinates": [ -73.769558999599994, 40.687191 ] } },
{ "type": "Feature", "properties": { "objectid": 12501, "name": "si-02-145522", "boroname": "Staten Island", "type": "Free", "provider": "LinkNYC - Citybridge", "location_t": "Outdoor Kiosk" }, "geometry": { "type": "Point", "coordinates": [ -74.082621360600001, 40.598396732700003 ] } },
{ "type": "Feature", "properties": { "objectid": 12139, "name": "mn-06-121695", "boroname": "Manhattan", "type": "Free", "provider": "LinkNYC - Citybridge", "location_t": "Outdoor Kiosk" }, "geometry": { "type": "Point", "coordinates": [ -73.96390551, 40.757173769600001 ] } },
{ "type": "Feature", "properties": { "objectid": 10048, "name": "Castle Hill", "boroname": "Bronx", "type": "Free", "provider": "NYPL", "location_t": "Library" }, "geometry": { "type": "Point", "coordinates": [ -73.850181457900007, 40.826609225399999 ] } },
{ "type": "Feature", "properties": { "objectid": 10813, "name": "IND -Norwood - 205 Street (D) 6 Av Express", "boroname": "Bronx", "type": "Free", "provider": "Transit Wireless", "location_t": "Subway Station" }, "geometry": { "type": "Point", "coordinates": [ -73.878855000399994, 40.874811000100003 ] } },
{ "type": "Feature", "properties": { "objectid": 11483, "name": "mn-05-123292", "boroname": "Manhattan", "type": "Free", "provider": "LinkNYC - Citybridge", "location_t": "Outdoor Kiosk" }, "geometry": { "type": "Point", "coordinates": [ -73.988135779900006, 40.740836170199998 ] } },
{ "type": "Feature", "properties": { "objectid": 10109, "name": "24", "boroname": "Manhattan", "type": "Free", "provider": "Manhattan Down Alliance", "location_t": "Outdoor" }, "geometry": { "type": "Point", "coordinates": [ -74.013999899699996, 40.705100999599999 ] } },
{ "type": "Feature", "properties": { "objectid": 11054, "name": "bk-07-125917", "boroname": "Brooklyn", "type": "Free", "provider": "LinkNYC - Citybridge", "location_t": "Outdoor Kiosk" }, "geometry": { "type": "Point", "coordinates": [ -73.991245620599997, 40.663550070200003 ] } },
{ "type": "Feature", "properties": { "objectid": 9668, "name": "mn-06-121447", "boroname": "Manhattan", "type": "Free", "provider": "LinkNYC - Citybridge", "location_t": "Outdoor Kiosk" }, "geometry": { "type": "Point", "coordinates": [ -73.979692999899996, 40.739762379699997 ] } },
{ "type": "Feature", "properties": { "objectid": 12457, "name": "mn-07-107810", "boroname": "Manhattan", "type": "Free", "provider": "LinkNYC - Citybridge", "location_t": "Outdoor Kiosk" }, "geometry": { "type": "Point", "coordinates": [ -73.968232239800003, 40.79933067 ] } },
{ "type": "Feature", "properties": { "objectid": 12085, "name": "bk-06-126392", "boroname": "Brooklyn", "type": "Free", "provider": "LinkNYC - Citybridge", "location_t": "Outdoor Kiosk" }, "geometry": { "type": "Point", "coordinates": [ -73.994526201100001, 40.685389756 ] } },
{ "type": "Feature", "properties": { "objectid": 11113, "name": "bx-07-145840", "boroname": "Bronx", "type": "Free", "provider": "LinkNYC - Citybridge", "location_t": "Outdoor Kiosk" }, "geometry": { "type": "Point", "coordinates": [ -73.900511869699997, 40.86366546 ] } },
{ "type": "Feature", "properties": { "objectid": 11360, "name": "21ST STREET - VAN ALST (21st Street & Jackson Avenue)", "boroname": "Queens", "type": "Free", "provider": "Transit Wireless", "location_t": "Subway Station" }, "geometry": { "type": "Point", "coordinates": [ -73.949723999699998, 40.744064999899997 ] } },
{ "type": "Feature", "properties": { "objectid": 12276, "name": "mn-06-139745", "boroname": "Manhattan", "type": "Free", "provider": "LinkNYC - Citybridge", "location_t": "Outdoor Kiosk" }, "geometry": { "type": "Point", "coordinates": [ -73.972867999599998, 40.753149 ] } },
{ "type": "Feature", "properties": { "objectid": 11458, "name": "mn-11-120070", "boroname": "Manhattan", "type": "Free", "provider": "LinkNYC - Citybridge", "location_t": "Outdoor Kiosk" }, "geometry": { "type": "Point", "coordinates": [ -73.94624056, 40.800781199600003 ] } },
{ "type": "Feature", "properties": { "objectid": 11303, "name": null, "boroname": "Manhattan", "type": "Free", "provider": "Harlem", "location_t": "Outdoor" }, "geometry": { "type": "Point", "coordinates": [ -73.949345999499997, 40.812871000100003 ] } },
{ "type": "Feature", "properties": { "objectid": 12764, "name": "mn-07-108008", "boroname": "Manhattan", "type": "Free", "provider": "LinkNYC - Citybridge", "location_t": "Outdoor Kiosk" }, "geometry": { "type": "Point", "coordinates": [ -73.968849000299997, 40.795950999600002 ] } },
{ "type": "Feature", "properties": { "objectid": 10628, "name": "mn-11-107915", "boroname": "Manhattan", "type": "Free", "provider": "LinkNYC - Citybridge", "location_t": "Outdoor Kiosk" }, "geometry": { "type": "Point", "coordinates": [ -73.942396540199994, 40.7949113799 ] } },
{ "type": "Feature", "properties": { "objectid": 9653, "name": "bk-01-146093", "boroname": "Brooklyn", "type": "Free", "provider": "LinkNYC - Citybridge", "location_t": "Outdoor Kiosk" }, "geometry": { "type": "Point", "coordinates": [ -73.968533809700006, 40.710988109900001 ] } },
{ "type": "Feature", "properties": { "objectid": 12217, "name": "mn-06-133896", "boroname": "Manhattan", "type": "Free", "provider": "LinkNYC - Citybridge", "location_t": "Outdoor Kiosk" }, "geometry": { "type": "Point", "coordinates": [ -73.986634390299997, 40.733840750200002 ] } },
{ "type": "Feature", "properties": { "objectid": 9825, "name": "Governors Island", "boroname": "Manhattan", "type": "Free", "provider": "Fiberless", "location_t": "Outdoor" }, "geometry": { "type": "Point", "coordinates": [ -74.019570000499996, 40.69071 ] } },
{ "type": "Feature", "properties": { "objectid": 11524, "name": null, "boroname": "Brooklyn", "type": "Free", "provider": "Downtown Brooklyn", "location_t": "Outdoor" }, "geometry": { "type": "Point", "coordinates": [ -73.974471999800002, 40.685308000299997 ] } },
{ "type": "Feature", "properties": { "objectid": 12554, "name": "mn-04-123501", "boroname": "Manhattan", "type": "Free", "provider": "LinkNYC - Citybridge", "location_t": "Outdoor Kiosk" }, "geometry": { "type": "Point", "coordinates": [ -73.998992999899997, 40.744403000399998 ] } },
{ "type": "Feature", "properties": { "objectid": 12565, "name": "mn-04-133373", "boroname": "Manhattan", "type": "Free", "provider": "LinkNYC - Citybridge", "location_t": "Outdoor Kiosk" }, "geometry": { "type": "Point", "coordinates": [ -73.983155289500004, 40.766939790199999 ] } },
{ "type": "Feature", "properties": { "objectid": 10754, "name": "Fox Playground", "boroname": "Bronx", "type": "Limited Free", "provider": "ALTICEUSA", "location_t": "Outdoor" }, "geometry": { "type": "Point", "coordinates": [ -73.898501999399997, 40.814690000200002 ] } },
{ "type": "Feature", "properties": { "objectid": 12741, "name": "mn-03-123820", "boroname": "Manhattan", "type": "Free", "provider": "LinkNYC - Citybridge", "location_t": "Outdoor Kiosk" }, "geometry": { "type": "Point", "coordinates": [ -73.989698000299995, 40.725641000099998 ] } },
{ "type": "Feature", "properties": { "objectid": 10426, "name": null, "boroname": "Brooklyn", "type": "Free", "provider": "Downtown Brooklyn", "location_t": "Outdoor" }, "geometry": { "type": "Point", "coordinates": [ -73.989634999499998, 40.690882999800003 ] } },
{ "type": "Feature", "properties": { "objectid": 11448, "name": "mn-06-121683", "boroname": "Manhattan", "type": "Free", "provider": "LinkNYC - Citybridge", "location_t": "Outdoor Kiosk" }, "geometry": { "type": "Point", "coordinates": [ -73.963817969499999, 40.756878750200002 ] } },
{ "type": "Feature", "properties": { "objectid": 10917, "name": null, "boroname": "Manhattan", "type": "Free", "provider": "Harlem", "location_t": "Outdoor" }, "geometry": { "type": "Point", "coordinates": [ -73.939714000400002, 40.807092000399997 ] } },
{ "type": "Feature", "properties": { "objectid": 11255, "name": "bk-01-108703", "boroname": "Brooklyn", "type": "Free", "provider": "LinkNYC - Citybridge", "location_t": "Outdoor Kiosk" }, "geometry": { "type": "Point", "coordinates": [ -73.950528953499997, 40.706822167 ] } },
{ "type": "Feature", "properties": { "objectid": 12676, "name": "mn-05-122615", "boroname": "Manhattan", "type": "Free", "provider": "LinkNYC - Citybridge", "location_t": "Outdoor Kiosk" }, "geometry": { "type": "Point", "coordinates": [ -73.984229450599997, 40.764646190400001 ] } },
{ "type": "Feature", "properties": { "objectid": 12721, "name": "mn-05-121959", "boroname": "Manhattan", "type": "Free", "provider": "LinkNYC - Citybridge", "location_t": "Outdoor Kiosk" }, "geometry": { "type": "Point", "coordinates": [ -73.975340749799997, 40.758632940299997 ] } },
{ "type": "Feature", "properties": { "objectid": 12817, "name": "qu-12-138097", "boroname": "Queens", "type": "Free", "provider": "LinkNYC - Citybridge", "location_t": "Outdoor Kiosk" }, "geometry": { "type": "Point", "coordinates": [ -73.799017510100001, 40.703895280200001 ] } },
{ "type": "Feature", "properties": { "objectid": 11733, "name": "mn-07-136666", "boroname": "Manhattan", "type": "Free", "provider": "LinkNYC - Citybridge", "location_t": "Outdoor Kiosk" }, "geometry": { "type": "Point", "coordinates": [ -73.961945690099995, 40.800690000300001 ] } },
{ "type": "Feature", "properties": { "objectid": 11287, "name": "mn-06-121789", "boroname": "Manhattan", "type": "Free", "provider": "LinkNYC - Citybridge", "location_t": "Outdoor Kiosk" }, "geometry": { "type": "Point", "coordinates": [ -73.967829080200005, 40.7561741504 ] } },
{ "type": "Feature", "properties": { "objectid": 10677, "name": "mn-07-107927", "boroname": "Manhattan", "type": "Free", "provider": "LinkNYC - Citybridge", "location_t": "Outdoor Kiosk" }, "geometry": { "type": "Point", "coordinates": [ -73.979996000200003, 40.784128000300001 ] } },
{ "type": "Feature", "properties": { "objectid": 10011, "name": "Borough Park - Brooklyn Public Library", "boroname": "Brooklyn", "type": "Free", "provider": "BPL", "location_t": "Library" }, "geometry": { "type": "Point", "coordinates": [ -73.989007783800005, 40.638885166800002 ] } },
{ "type": "Feature", "properties": { "objectid": 12358, "name": "Broadway-Lafayette St (B,D,F)/Bleecker St (6)", "boroname": "Manhattan", "type": "Free", "provider": "Transit Wireless", "location_t": "Subway Station" }, "geometry": { "type": "Point", "coordinates": [ -73.996203999900004, 40.725296999599998 ] } },
{ "type": "Feature", "properties": { "objectid": 11601, "name": "Snug Harbor Cultural Center", "boroname": "Staten Island", "type": "Limited Free", "provider": "SPECTRUM", "location_t": "Outdoor" }, "geometry": { "type": "Point", "coordinates": [ -74.102688000599997, 40.642339000299998 ] } },
{ "type": "Feature", "properties": { "objectid": 11426, "name": "mn-03-123294", "boroname": "Manhattan", "type": "Free", "provider": "LinkNYC - Citybridge", "location_t": "Outdoor Kiosk" }, "geometry": { "type": "Point", "coordinates": [ -73.9870394796, 40.725003550300002 ] } },
{ "type": "Feature", "properties": { "objectid": 9946, "name": "Port Richmond", "boroname": "Staten Island", "type": "Free", "provider": "NYPL", "location_t": "Library" }, "geometry": { "type": "Point", "coordinates": [ -74.1311046151, 40.637585616 ] } },
{ "type": "Feature", "properties": { "objectid": 12800, "name": "si-02-145727", "boroname": "Staten Island", "type": "Free", "provider": "LinkNYC - Citybridge", "location_t": "Outdoor Kiosk" }, "geometry": { "type": "Point", "coordinates": [ -74.113382999400002, 40.572620000199997 ] } },
{ "type": "Feature", "properties": { "objectid": 12410, "name": "Franklin Av (2,3,4,5)/Botanic Garden (S)", "boroname": "Brooklyn", "type": "Free", "provider": "Transit Wireless", "location_t": "Subway Station" }, "geometry": { "type": "Point", "coordinates": [ -73.958131000400002, 40.670682000399999 ] } },
{ "type": "Feature", "properties": { "objectid": 11228, "name": "mn-05-121998", "boroname": "Manhattan", "type": "Free", "provider": "LinkNYC - Citybridge", "location_t": "Outdoor Kiosk" }, "geometry": { "type": "Point", "coordinates": [ -73.991069420499997, 40.751273859900003 ] } },
{ "type": "Feature", "properties": { "objectid": 10896, "name": "mn-12-111656", "boroname": "Manhattan", "type": "Free", "provider": "LinkNYC - Citybridge", "location_t": "Outdoor Kiosk" }, "geometry": { "type": "Point", "coordinates": [ -73.931007150300005, 40.852857364800002 ] } },
{ "type": "Feature", "properties": { "objectid": 12298, "name": "qu-06-124182", "boroname": "Queens", "type": "Free", "provider": "LinkNYC - Citybridge", "location_t": "Outdoor Kiosk" }, "geometry": { "type": "Point", "coordinates": [ -73.8362619997, 40.717664000100001 ] } },
{ "type": "Feature", "properties": { "objectid": 10085, "name": "New Amsterdam", "boroname": "Manhattan", "type": "Free", "provider": "NYPL", "location_t": "Library" }, "geometry": { "type": "Point", "coordinates": [ -74.007861672399997, 40.7136065153 ] } },
{ "type": "Feature", "properties": { "objectid": 10737, "name": "Crotona Park", "boroname": "Bronx", "type": "Limited Free", "provider": "ALTICEUSA", "location_t": "Outdoor" }, "geometry": { "type": "Point", "coordinates": [ -73.891398000600006, 40.840705999900003 ] } },
{ "type": "Feature", "properties": { "objectid": 10906, "name": "bk-09-130021", "boroname": "Brooklyn", "type": "Free", "provider": "LinkNYC - Citybridge", "location_t": "Outdoor Kiosk" }, "geometry": { "type": "Point", "coordinates": [ -73.950919619800004, 40.664166479800002 ] } },
{ "type": "Feature", "properties": { "objectid": 12149, "name": "mn-09-136457", "boroname": "Manhattan", "type": "Free", "provider": "LinkNYC - Citybridge", "location_t": "Outdoor Kiosk" }, "geometry": { "type": "Point", "coordinates": [ -73.946225930500006, 40.827304939900003 ] } },
{ "type": "Feature", "properties": { "objectid": 12180, "name": "mn-04-134597", "boroname": "Manhattan", "type": "Free", "provider": "LinkNYC - Citybridge", "location_t": "Outdoor Kiosk" }, "geometry": { "type": "Point", "coordinates": [ -73.996295650299999, 40.738302399699997 ] } },
{ "type": "Feature", "properties": { "objectid": 12621, "name": "mn-12-111066", "boroname": "Manhattan", "type": "Free", "provider": "LinkNYC - Citybridge", "location_t": "Outdoor Kiosk" }, "geometry": { "type": "Point", "coordinates": [ -73.943185999799994, 40.836081000199997 ] } },
{ "type": "Feature", "properties": { "objectid": 11746, "name": "bx-01-117230", "boroname": "Bronx", "type": "Free", "provider": "LinkNYC - Citybridge", "location_t": "Outdoor Kiosk" }, "geometry": { "type": "Point", "coordinates": [ -73.91700042, 40.807377519799999 ] } },
{ "type": "Feature", "properties": { "objectid": 12689, "name": "mn-04-122598", "boroname": "Manhattan", "type": "Free", "provider": "LinkNYC - Citybridge", "location_t": "Outdoor Kiosk" }, "geometry": { "type": "Point", "coordinates": [ -73.986605999800005, 40.761816000099998 ] } },
{ "type": "Feature", "properties": { "objectid": 9621, "name": "mn-07-137179", "boroname": "Manhattan", "type": "Free", "provider": "LinkNYC - Citybridge", "location_t": "Outdoor Kiosk" }, "geometry": { "type": "Point", "coordinates": [ -73.980476399899999, 40.782285090099997 ] } },
{ "type": "Feature", "properties": { "objectid": 11778, "name": "mn-07-107864", "boroname": "Manhattan", "type": "Free", "provider": "LinkNYC - Citybridge", "location_t": "Outdoor Kiosk" }, "geometry": { "type": "Point", "coordinates": [ -73.97905068, 40.776573429599999 ] } },
{ "type": "Feature", "properties": { "objectid": 11556, "name": "Pelham Fritz Recreation Center", "boroname": "Manhattan", "type": "Limited Free", "provider": "SPECTRUM", "location_t": "Indoor" }, "geometry": { "type": "Point", "coordinates": [ -73.944908999899994, 40.805012999699997 ] } },
{ "type": "Feature", "properties": { "objectid": 11628, "name": "Washington Square Park", "boroname": "Manhattan", "type": "Limited Free", "provider": "SPECTRUM", "location_t": "Outdoor" }, "geometry": { "type": "Point", "coordinates": [ -73.998476, 40.7303940002 ] } },
{ "type": "Feature", "properties": { "objectid": 11103, "name": "si-02-145737", "boroname": "Staten Island", "type": "Free", "provider": "LinkNYC - Citybridge", "location_t": "Outdoor Kiosk" }, "geometry": { "type": "Point", "coordinates": [ -74.106916849599997, 40.573465989699997 ] } },
{ "type": "Feature", "properties": { "objectid": 11354, "name": "Times Square Shuttle - S", "boroname": "Manhattan", "type": "Free", "provider": "Transit Wireless", "location_t": "Subway Station" }, "geometry": { "type": "Point", "coordinates": [ -73.979188999800002, 40.752768999899999 ] } },
{ "type": "Feature", "properties": { "objectid": 12291, "name": "qu-09-135034", "boroname": "Queens", "type": "Free", "provider": "LinkNYC - Citybridge", "location_t": "Outdoor Kiosk" }, "geometry": { "type": "Point", "coordinates": [ -73.831608989800003, 40.699754470400002 ] } },
{ "type": "Feature", "properties": { "objectid": 10209, "name": "Red Hook Park", "boroname": "Brooklyn", "type": "Limited Free", "provider": "SPECTRUM", "location_t": "Outdoor TWC Aerial" }, "geometry": { "type": "Point", "coordinates": [ -74.005544000300006, 40.672582999900001 ] } },
{ "type": "Feature", "properties": { "objectid": 12028, "name": "bx-01-131467", "boroname": "Bronx", "type": "Free", "provider": "LinkNYC - Citybridge", "location_t": "Outdoor Kiosk" }, "geometry": { "type": "Point", "coordinates": [ -73.916466869800004, 40.812162720300002 ] } },
{ "type": "Feature", "properties": { "objectid": 10253, "name": "bk-01-146050", "boroname": "Brooklyn", "type": "Free", "provider": "LinkNYC - Citybridge", "location_t": "Outdoor Kiosk" }, "geometry": { "type": "Point", "coordinates": [ -73.951026147799993, 40.711666359699997 ] } },
{ "type": "Feature", "properties": { "objectid": 11011, "name": "Queens Central Library", "boroname": "Queens", "type": "Free", "provider": "QPL", "location_t": "Library" }, "geometry": { "type": "Point", "coordinates": [ -73.794678039900006, 40.7078731318 ] } },
{ "type": "Feature", "properties": { "objectid": 10193, "name": "qu-01-146040", "boroname": "Queens", "type": "Free", "provider": "LinkNYC - Citybridge", "location_t": "Outdoor Kiosk" }, "geometry": { "type": "Point", "coordinates": [ -73.922478000300003, 40.7639310004 ] } },
{ "type": "Feature", "properties": { "objectid": 10043, "name": "Bushwick - Brooklyn Public Library", "boroname": "Brooklyn", "type": "Free", "provider": "BPL", "location_t": "Library" }, "geometry": { "type": "Point", "coordinates": [ -73.939618421399999, 40.7045590639 ] } },
{ "type": "Feature", "properties": { "objectid": 10949, "name": null, "boroname": "Manhattan", "type": "Free", "provider": "Harlem", "location_t": "Outdoor" }, "geometry": { "type": "Point", "coordinates": [ -73.939112, 40.813433999700003 ] } },
{ "type": "Feature", "properties": { "objectid": 12701, "name": "mn-05-121481", "boroname": "Manhattan", "type": "Free", "provider": "LinkNYC - Citybridge", "location_t": "Outdoor Kiosk" }, "geometry": { "type": "Point", "coordinates": [ -73.982038550499993, 40.7433844603 ] } },
{ "type": "Feature", "properties": { "objectid": 12608, "name": "mn-09-120354", "boroname": "Manhattan", "type": "Free", "provider": "LinkNYC - Citybridge", "location_t": "Outdoor Kiosk" }, "geometry": { "type": "Point", "coordinates": [ -73.948868910300007, 40.829037129699998 ] } },
{ "type": "Feature", "properties": { "objectid": 12760, "name": "mn-07-134602", "boroname": "Manhattan", "type": "Free", "provider": "LinkNYC - Citybridge", "location_t": "Outdoor Kiosk" }, "geometry": { "type": "Point", "coordinates": [ -73.970051040399994, 40.794672590300003 ] } },
{ "type": "Feature", "properties": { "objectid": 10124, "name": "Clove Lakes Park - Stonehenge", "boroname": "Staten Island", "type": "Limited Free", "provider": "SPECTRUM", "location_t": "Indoor" }, "geometry": { "type": "Point", "coordinates": [ -74.107213000399994, 40.618237000199997 ] } },
{ "type": "Feature", "properties": { "objectid": 11059, "name": "bk-06-127417", "boroname": "Brooklyn", "type": "Free", "provider": "LinkNYC - Citybridge", "location_t": "Outdoor Kiosk" }, "geometry": { "type": "Point", "coordinates": [ -73.98029, 40.676409000299998 ] } },
{ "type": "Feature", "properties": { "objectid": 11706, "name": "Coney Island Beach & Boardwalk", "boroname": "Brooklyn", "type": "Limited Free", "provider": "ALTICEUSA", "location_t": "Outdoor" }, "geometry": { "type": "Point", "coordinates": [ -73.9857469998, 40.572669000200001 ] } },
{ "type": "Feature", "properties": { "objectid": 11805, "name": "mn-08-121031", "boroname": "Manhattan", "type": "Free", "provider": "LinkNYC - Citybridge", "location_t": "Outdoor Kiosk" }, "geometry": { "type": "Point", "coordinates": [ -73.964838869800005, 40.77237316 ] } },
{ "type": "Feature", "properties": { "objectid": 11541, "name": "London Planetree Playground", "boroname": "Queens", "type": "Limited Free", "provider": "SPECTRUM", "location_t": "Outdoor TWC Aerial" }, "geometry": { "type": "Point", "coordinates": [ -73.854034999700005, 40.686888999899999 ] } },
{ "type": "Feature", "properties": { "objectid": 10317, "name": "mn-08-120982", "boroname": "Manhattan", "type": "Free", "provider": "LinkNYC - Citybridge", "location_t": "Outdoor Kiosk" }, "geometry": { "type": "Point", "coordinates": [ -73.961380859599998, 40.76842289 ] } },
{ "type": "Feature", "properties": { "objectid": 10065, "name": "Stone Avenue - Brooklyn Public Library", "boroname": "Brooklyn", "type": "Free", "provider": "BPL", "location_t": "Library" }, "geometry": { "type": "Point", "coordinates": [ -73.905222311499998, 40.664453793 ] } },
{ "type": "Feature", "properties": { "objectid": 10891, "name": "mn-11-100223", "boroname": "Manhattan", "type": "Free", "provider": "LinkNYC - Citybridge", "location_t": "Outdoor Kiosk" }, "geometry": { "type": "Point", "coordinates": [ -73.946483520399994, 40.800446000100003 ] } },
{ "type": "Feature", "properties": { "objectid": 10248, "name": "bk-01-146012", "boroname": "Brooklyn", "type": "Free", "provider": "LinkNYC - Citybridge", "location_t": "Outdoor Kiosk" }, "geometry": { "type": "Point", "coordinates": [ -73.962740669799999, 40.715226630399997 ] } },
{ "type": "Feature", "properties": { "objectid": 11687, "name": "Coney Island Beach & Boardwalk", "boroname": "Brooklyn", "type": "Limited Free", "provider": "ALTICEUSA", "location_t": "Outdoor" }, "geometry": { "type": "Point", "coordinates": [ -73.977982000099999, 40.574061999800001 ] } },
{ "type": "Feature", "properties": { "objectid": 11162, "name": "bx-01-146074", "boroname": "Bronx", "type": "Free", "provider": "LinkNYC - Citybridge", "location_t": "Outdoor Kiosk" }, "geometry": { "type": "Point", "coordinates": [ -73.91616313, 40.819394150400001 ] } },
{ "type": "Feature", "properties": { "objectid": 12696, "name": "mn-05-108040", "boroname": "Manhattan", "type": "Free", "provider": "LinkNYC - Citybridge", "location_t": "Outdoor Kiosk" }, "geometry": { "type": "Point", "coordinates": [ -73.983047999899995, 40.742138999700003 ] } },
{ "type": "Feature", "properties": { "objectid": 11071, "name": "mn-05-123155", "boroname": "Manhattan", "type": "Free", "provider": "LinkNYC - Citybridge", "location_t": "Outdoor Kiosk" }, "geometry": { "type": "Point", "coordinates": [ -73.989183000099999, 40.736140999600003 ] } },
{ "type": "Feature", "properties": { "objectid": 12936, "name": "mn-06-138062", "boroname": "Manhattan", "type": "Free", "provider": "LinkNYC - Citybridge", "location_t": "Outdoor Kiosk" }, "geometry": { "type": "Point", "coordinates": [ -73.974818199500007, 40.749300730400002 ] } },
{ "type": "Feature", "properties": { "objectid": 12535, "name": "mn-08-121734", "boroname": "Manhattan", "type": "Free", "provider": "LinkNYC - Citybridge", "location_t": "Outdoor Kiosk" }, "geometry": { "type": "Point", "coordinates": [ -73.966388299800002, 40.761604120199998 ] } },
{ "type": "Feature", "properties": { "objectid": 12161, "name": "mn-07-136376", "boroname": "Manhattan", "type": "Free", "provider": "LinkNYC - Citybridge", "location_t": "Outdoor Kiosk" }, "geometry": { "type": "Point", "coordinates": [ -73.970283900200002, 40.789263180200003 ] } },
{ "type": "Feature", "properties": { "objectid": 10551, "name": "Kissena Park", "boroname": "Queens", "type": "Limited Free", "provider": "SPECTRUM", "location_t": "Outdoor TWC Aerial" }, "geometry": { "type": "Point", "coordinates": [ -73.807189999900004, 40.750169999599997 ] } },
{ "type": "Feature", "properties": { "objectid": 10509, "name": null, "boroname": "Manhattan", "type": "Free", "provider": "Chelsea", "location_t": "Outdoor" }, "geometry": { "type": "Point", "coordinates": [ -74.001857042699996, 40.741900312 ] } },
{ "type": "Feature", "properties": { "objectid": 12109, "name": "mn-05-122169", "boroname": "Manhattan", "type": "Free", "provider": "LinkNYC - Citybridge", "location_t": "Outdoor Kiosk" }, "geometry": { "type": "Point", "coordinates": [ -73.986935150400001, 40.754492989699997 ] } },
{ "type": "Feature", "properties": { "objectid": 10154, "name": null, "boroname": "Manhattan", "type": "Free", "provider": "Harlem", "location_t": "Outdoor" }, "geometry": { "type": "Point", "coordinates": [ -73.950536000100001, 40.805584000099998 ] } },
{ "type": "Feature", "properties": { "objectid": 9636, "name": "bx-04-119077", "boroname": "Bronx", "type": "Free", "provider": "LinkNYC - Citybridge", "location_t": "Outdoor Kiosk" }, "geometry": { "type": "Point", "coordinates": [ -73.918258089700004, 40.825604740199999 ] } },
{ "type": "Feature", "properties": { "objectid": 12926, "name": "mn-07-120927", "boroname": "Manhattan", "type": "Free", "provider": "LinkNYC - Citybridge", "location_t": "Outdoor Kiosk" }, "geometry": { "type": "Point", "coordinates": [ -73.981404, 40.773657 ] } },
{ "type": "Feature", "properties": { "objectid": 10960, "name": null, "boroname": "Manhattan", "type": "Free", "provider": "Harlem", "location_t": "Outdoor" }, "geometry": { "type": "Point", "coordinates": [ -73.950349, 40.798102 ] } },
{ "type": "Feature", "properties": { "objectid": 10349, "name": "Governors Island", "boroname": "Manhattan", "type": "Free", "provider": "Fiberless", "location_t": "Outdoor" }, "geometry": { "type": "Point", "coordinates": [ -74.014700000399998, 40.688569999800002 ] } },
{ "type": "Feature", "properties": { "objectid": 12248, "name": "mn-06-134922", "boroname": "Manhattan", "type": "Free", "provider": "LinkNYC - Citybridge", "location_t": "Outdoor Kiosk" }, "geometry": { "type": "Point", "coordinates": [ -73.980370999900003, 40.742432999800002 ] } },
{ "type": "Feature", "properties": { "objectid": 12470, "name": "mn-09-134377", "boroname": "Manhattan", "type": "Free", "provider": "LinkNYC - Citybridge", "location_t": "Outdoor Kiosk" }, "geometry": { "type": "Point", "coordinates": [ -73.965902500400006, 40.804959150099997 ] } },
{ "type": "Feature", "properties": { "objectid": 10359, "name": "Governors Island", "boroname": "Manhattan", "type": "Free", "provider": "Fiberless", "location_t": "Outdoor" }, "geometry": { "type": "Point", "coordinates": [ -74.021849999599993, 40.689229999600002 ] } },
{ "type": "Feature", "properties": { "objectid": 11005, "name": "Chelsea Recreation Center", "boroname": "Manhattan", "type": "Limited Free", "provider": "SPECTRUM", "location_t": "Indoor" }, "geometry": { "type": "Point", "coordinates": [ -74.002067999700003, 40.748270000399998 ] } },
{ "type": "Feature", "properties": { "objectid": 9885, "name": null, "boroname": "Brooklyn", "type": "Free", "provider": "Downtown Brooklyn", "location_t": "Outdoor" }, "geometry": { "type": "Point", "coordinates": [ -73.988433, 40.692022999700001 ] } },
{ "type": "Feature", "properties": { "objectid": 12484, "name": "mn-09-120261", "boroname": "Manhattan", "type": "Free", "provider": "LinkNYC - Citybridge", "location_t": "Outdoor Kiosk" }, "geometry": { "type": "Point", "coordinates": [ -73.964645550399993, 40.807295809700001 ] } },
{ "type": "Feature", "properties": { "objectid": 10568, "name": "mn-08-107971", "boroname": "Manhattan", "type": "Free", "provider": "LinkNYC - Citybridge", "location_t": "Outdoor Kiosk" }, "geometry": { "type": "Point", "coordinates": [ -73.954609360299997, 40.7695056596 ] } },
{ "type": "Feature", "properties": { "objectid": 10722, "name": "mn-03-107898", "boroname": "Manhattan", "type": "Free", "provider": "LinkNYC - Citybridge", "location_t": "Outdoor Kiosk" }, "geometry": { "type": "Point", "coordinates": [ -73.98319263, 40.73030035 ] } },
{ "type": "Feature", "properties": { "objectid": 11145, "name": "qu-04-145913", "boroname": "Queens", "type": "Free", "provider": "LinkNYC - Citybridge", "location_t": "Outdoor Kiosk" }, "geometry": { "type": "Point", "coordinates": [ -73.879360180500001, 40.7407371396 ] } },
{ "type": "Feature", "properties": { "objectid": 11270, "name": "mn-07-134281", "boroname": "Manhattan", "type": "Free", "provider": "LinkNYC - Citybridge", "location_t": "Outdoor Kiosk" }, "geometry": { "type": "Point", "coordinates": [ -73.975183709800007, 40.782539970099997 ] } },
{ "type": "Feature", "properties": { "objectid": 10119, "name": "34", "boroname": "Manhattan", "type": "Free", "provider": "Manhattan Down Alliance", "location_t": "Outdoor" }, "geometry": { "type": "Point", "coordinates": [ -74.012100200500001, 40.708198500199998 ] } },
{ "type": "Feature", "properties": { "objectid": 9848, "name": "Juniper Valley Park", "boroname": "Queens", "type": "Limited Free", "provider": "SPECTRUM", "location_t": "Outdoor TWC Aerial" }, "geometry": { "type": "Point", "coordinates": [ -73.885335, 40.71921 ] } },
{ "type": "Feature", "properties": { "objectid": 12238, "name": "mn-06-121501", "boroname": "Manhattan", "type": "Free", "provider": "LinkNYC - Citybridge", "location_t": "Outdoor Kiosk" }, "geometry": { "type": "Point", "coordinates": [ -73.982423559500006, 40.74004081 ] } },
{ "type": "Feature", "properties": { "objectid": 9679, "name": "Pelham Bay Park", "boroname": "Bronx", "type": "Limited Free", "provider": "ALTICEUSA", "location_t": "Outdoor" }, "geometry": { "type": "Point", "coordinates": [ -73.821071000399996, 40.848158999699997 ] } },
{ "type": "Feature", "properties": { "objectid": 11130, "name": "si-02-145738", "boroname": "Staten Island", "type": "Free", "provider": "LinkNYC - Citybridge", "location_t": "Outdoor Kiosk" }, "geometry": { "type": "Point", "coordinates": [ -74.115318, 40.564789000200001 ] } },
{ "type": "Feature", "properties": { "objectid": 10546, "name": "mn-09-146082", "boroname": "Manhattan", "type": "Free", "provider": "LinkNYC - Citybridge", "location_t": "Outdoor Kiosk" }, "geometry": { "type": "Point", "coordinates": [ -73.95586492, 40.814102829900001 ] } },
{ "type": "Feature", "properties": { "objectid": 10391, "name": "MARIA HERNANDEZ", "boroname": "Brooklyn", "type": "Limited Free", "provider": "ALTICEUSA", "location_t": "Outdoor" }, "geometry": { "type": "Point", "coordinates": [ -73.923628000600004, 40.703041000299997 ] } },
{ "type": "Feature", "properties": { "objectid": 11896, "name": "qu-01-125131", "boroname": "Queens", "type": "Free", "provider": "LinkNYC - Citybridge", "location_t": "Outdoor Kiosk" }, "geometry": { "type": "Point", "coordinates": [ -73.921275959499994, 40.766766290299998 ] } },
{ "type": "Feature", "properties": { "objectid": 9711, "name": "St. James Park", "boroname": "Bronx", "type": "Limited Free", "provider": "ALTICEUSA", "location_t": "Outdoor" }, "geometry": { "type": "Point", "coordinates": [ -73.899037, 40.864729999700003 ] } },
{ "type": "Feature", "properties": { "objectid": 10866, "name": "Brooklyn Heights Promenade", "boroname": "Brooklyn", "type": "Free", "provider": "AT&T", "location_t": "Outdoor" }, "geometry": { "type": "Point", "coordinates": [ -73.998800000200006, 40.6943000001 ] } },
{ "type": "Feature", "properties": { "objectid": 10769, "name": "Horseshoe Playground", "boroname": "Bronx", "type": "Limited Free", "provider": "ALTICEUSA", "location_t": "Outdoor" }, "geometry": { "type": "Point", "coordinates": [ -73.897910000099998, 40.824255 ] } },
{ "type": "Feature", "properties": { "objectid": 10860, "name": "Bowne Park", "boroname": "Queens", "type": "Limited Free", "provider": "SPECTRUM", "location_t": "Outdoor TWC Aerial" }, "geometry": { "type": "Point", "coordinates": [ -73.809050000200003, 40.771228999800002 ] } },
{ "type": "Feature", "properties": { "objectid": 10600, "name": "Baisley Pond Park", "boroname": "Queens", "type": "Limited Free", "provider": "SPECTRUM", "location_t": "Outdoor TWC Aerial" }, "geometry": { "type": "Point", "coordinates": [ -73.784679999600002, 40.680790000199998 ] } },
{ "type": "Feature", "properties": { "objectid": 9694, "name": "Prospect Park", "boroname": "Brooklyn", "type": "Limited Free", "provider": "ALTICEUSA", "location_t": "Outdoor" }, "geometry": { "type": "Point", "coordinates": [ -73.965120999700005, 40.660841999699997 ] } },
{ "type": "Feature", "properties": { "objectid": 9980, "name": "Spring Creek - Brooklyn Public Library", "boroname": "Brooklyn", "type": "Free", "provider": "BPL", "location_t": "Library" }, "geometry": { "type": "Point", "coordinates": [ -73.885909047599995, 40.653264072699997 ] } },
{ "type": "Feature", "properties": { "objectid": 9917, "name": "Brower Park - Brooklyn Public Library", "boroname": "Brooklyn", "type": "Free", "provider": "BPL", "location_t": "Library" }, "geometry": { "type": "Point", "coordinates": [ -73.948566136699995, 40.675370851899999 ] } },
{ "type": "Feature", "properties": { "objectid": 10709, "name": "mn-03-138508", "boroname": "Manhattan", "type": "Free", "provider": "LinkNYC - Citybridge", "location_t": "Outdoor Kiosk" }, "geometry": { "type": "Point", "coordinates": [ -73.988684999699998, 40.731014999599999 ] } },
{ "type": "Feature", "properties": { "objectid": 12706, "name": "mn-05-121596", "boroname": "Manhattan", "type": "Free", "provider": "LinkNYC - Citybridge", "location_t": "Outdoor Kiosk" }, "geometry": { "type": "Point", "coordinates": [ -73.977011800400007, 40.75027937 ] } },
{ "type": "Feature", "properties": { "objectid": 12002, "name": "bx-01-118947", "boroname": "Bronx", "type": "Free", "provider": "LinkNYC - Citybridge", "location_t": "Outdoor Kiosk" }, "geometry": { "type": "Point", "coordinates": [ -73.912838227400002, 40.820102494799997 ] } },
{ "type": "Feature", "properties": { "objectid": 9716, "name": "St. John's Recreation Center", "boroname": "Brooklyn", "type": "Limited Free", "provider": "ALTICEUSA", "location_t": "Outdoor" }, "geometry": { "type": "Point", "coordinates": [ -73.934629999799995, 40.6734299998 ] } },
{ "type": "Feature", "properties": { "objectid": 11982, "name": "qu-02-145782", "boroname": "Queens", "type": "Free", "provider": "LinkNYC - Citybridge", "location_t": "Outdoor Kiosk" }, "geometry": { "type": "Point", "coordinates": [ -73.952677659800003, 40.742630909900001 ] } },
{ "type": "Feature", "properties": { "objectid": 12314, "name": "qu-02-142875", "boroname": "Queens", "type": "Free", "provider": "LinkNYC - Citybridge", "location_t": "Outdoor Kiosk" }, "geometry": { "type": "Point", "coordinates": [ -73.927771999800001, 40.743975999699998 ] } },
{ "type": "Feature", "properties": { "objectid": 10524, "name": "McCarren Park", "boroname": "Brooklyn", "type": "Limited Free", "provider": "SPECTRUM", "location_t": "Outdoor" }, "geometry": { "type": "Point", "coordinates": [ -73.949510999799998, 40.7200789997 ] } },
{ "type": "Feature", "properties": { "objectid": 10075, "name": "New Dorp", "boroname": "Staten Island", "type": "Free", "provider": "NYPL", "location_t": "Library" }, "geometry": { "type": "Point", "coordinates": [ -74.111958147500005, 40.571931848399998 ] } },
{ "type": "Feature", "properties": { "objectid": 10342, "name": "Governors Island", "boroname": "Manhattan", "type": "Free", "provider": "Fiberless", "location_t": "Outdoor" }, "geometry": { "type": "Point", "coordinates": [ -74.015780000199996, 40.692719999600001 ] } },
{ "type": "Feature", "properties": { "objectid": 11211, "name": "mn-05-121570", "boroname": "Manhattan", "type": "Free", "provider": "LinkNYC - Citybridge", "location_t": "Outdoor Kiosk" }, "geometry": { "type": "Point", "coordinates": [ -73.983370040300002, 40.743891209700003 ] } },
{ "type": "Feature", "properties": { "objectid": 12487, "name": "mn-09-120360", "boroname": "Manhattan", "type": "Free", "provider": "LinkNYC - Citybridge", "location_t": "Outdoor Kiosk" }, "geometry": { "type": "Point", "coordinates": [ -73.951655699900002, 40.8250896001 ] } },
{ "type": "Feature", "properties": { "objectid": 11086, "name": "mn-10-119951", "boroname": "Manhattan", "type": "Free", "provider": "LinkNYC - Citybridge", "location_t": "Outdoor Kiosk" }, "geometry": { "type": "Point", "coordinates": [ -73.948688899399997, 40.809021869699997 ] } },
{ "type": "Feature", "properties": { "objectid": 10464, "name": "MARIA HERNANDEZ", "boroname": "Brooklyn", "type": "Limited Free", "provider": "ALTICEUSA", "location_t": "Outdoor" }, "geometry": { "type": "Point", "coordinates": [ -73.924737000299999, 40.702977999799998 ] } },
{ "type": "Feature", "properties": { "objectid": 12442, "name": "mn-07-133636", "boroname": "Manhattan", "type": "Free", "provider": "LinkNYC - Citybridge", "location_t": "Outdoor Kiosk" }, "geometry": { "type": "Point", "coordinates": [ -73.971856260099997, 40.794895659700003 ] } },
{ "type": "Feature", "properties": { "objectid": 10573, "name": "mn-06-134852", "boroname": "Manhattan", "type": "Free", "provider": "LinkNYC - Citybridge", "location_t": "Outdoor Kiosk" }, "geometry": { "type": "Point", "coordinates": [ -73.978820960099995, 40.745099810200003 ] } },
{ "type": "Feature", "properties": { "objectid": 11913, "name": "bk-08-127034", "boroname": "Brooklyn", "type": "Free", "provider": "LinkNYC - Citybridge", "location_t": "Outdoor Kiosk" }, "geometry": { "type": "Point", "coordinates": [ -73.949915999599995, 40.676976000099998 ] } },
{ "type": "Feature", "properties": { "objectid": 10114, "name": "29", "boroname": "Manhattan", "type": "Free", "provider": "Manhattan Down Alliance", "location_t": "Outdoor" }, "geometry": { "type": "Point", "coordinates": [ -74.010200500300002, 40.704299899600002 ] } },
{ "type": "Feature", "properties": { "objectid": 12469, "name": "mn-07-134385", "boroname": "Manhattan", "type": "Free", "provider": "LinkNYC - Citybridge", "location_t": "Outdoor Kiosk" }, "geometry": { "type": "Point", "coordinates": [ -73.966707540499996, 40.803861230099997 ] } },
{ "type": "Feature", "properties": { "objectid": 10662, "name": "mn-07-133408", "boroname": "Manhattan", "type": "Free", "provider": "LinkNYC - Citybridge", "location_t": "Outdoor Kiosk" }, "geometry": { "type": "Point", "coordinates": [ -73.981310510200004, 40.780321240200003 ] } },
{ "type": "Feature", "properties": { "objectid": 11633, "name": "Lawrence Virgilio Playground /Windmuller Park", "boroname": "Queens", "type": "Limited Free", "provider": "SPECTRUM", "location_t": "Outdoor" }, "geometry": { "type": "Point", "coordinates": [ -73.910575999900004, 40.747517999899998 ] } },
{ "type": "Feature", "properties": { "objectid": 12017, "name": "mn-09-120493", "boroname": "Manhattan", "type": "Free", "provider": "LinkNYC - Citybridge", "location_t": "Outdoor Kiosk" }, "geometry": { "type": "Point", "coordinates": [ -73.953848775300003, 40.811204832199998 ] } },
{ "type": "Feature", "properties": { "objectid": 10026, "name": "Huguenot Park", "boroname": "Staten Island", "type": "Free", "provider": "NYPL", "location_t": "Library" }, "geometry": { "type": "Point", "coordinates": [ -74.193236856, 40.534058299900003 ] } },
{ "type": "Feature", "properties": { "objectid": 11674, "name": "Claremont Park", "boroname": "Bronx", "type": "Limited Free", "provider": "ALTICEUSA", "location_t": "Outdoor" }, "geometry": { "type": "Point", "coordinates": [ -73.909734000200004, 40.842327000399997 ] } },
{ "type": "Feature", "properties": { "objectid": 10834, "name": "8 St-New York University (N,R)", "boroname": "Manhattan", "type": "Free", "provider": "Transit Wireless", "location_t": "Subway Station" }, "geometry": { "type": "Point", "coordinates": [ -73.992628999600001, 40.730328000299998 ] } },
{ "type": "Feature", "properties": { "objectid": 11615, "name": "Thomas Jefferson Park", "boroname": "Manhattan", "type": "Limited Free", "provider": "SPECTRUM", "location_t": "Indoor" }, "geometry": { "type": "Point", "coordinates": [ -73.936816000500002, 40.793669000199998 ] } },
{ "type": "Feature", "properties": { "objectid": 10354, "name": "Governors Island", "boroname": "Manhattan", "type": "Free", "provider": "Fiberless", "location_t": "Outdoor" }, "geometry": { "type": "Point", "coordinates": [ -74.017669999899994, 40.690409999800004 ] } },
{ "type": "Feature", "properties": { "objectid": 11026, "name": "mn-05-136868", "boroname": "Manhattan", "type": "Free", "provider": "LinkNYC - Citybridge", "location_t": "Outdoor Kiosk" }, "geometry": { "type": "Point", "coordinates": [ -73.990505989599995, 40.746250899700001 ] } },
{ "type": "Feature", "properties": { "objectid": 12425, "name": "34 St-Penn Station (1,2,3)", "boroname": "Manhattan", "type": "Free", "provider": "Transit Wireless", "location_t": "Subway Station" }, "geometry": { "type": "Point", "coordinates": [ -73.991057000300003, 40.750373 ] } },
{ "type": "Feature", "properties": { "objectid": 12053, "name": "mn-08-120945", "boroname": "Manhattan", "type": "Free", "provider": "LinkNYC - Citybridge", "location_t": "Outdoor Kiosk" }, "geometry": { "type": "Point", "coordinates": [ -73.959201629500001, 40.763217769800001 ] } },
{ "type": "Feature", "properties": { "objectid": 12373, "name": "DeKalb Av (L)", "boroname": "Brooklyn", "type": "Free", "provider": "Transit Wireless", "location_t": "Subway Station" }, "geometry": { "type": "Point", "coordinates": [ -73.918425000300005, 40.703811000100004 ] } },
{ "type": "Feature", "properties": { "objectid": 12916, "name": "qu-04-124926", "boroname": "Queens", "type": "Free", "provider": "LinkNYC - Citybridge", "location_t": "Outdoor Kiosk" }, "geometry": { "type": "Point", "coordinates": [ -73.885717469599996, 40.738108570199998 ] } },
{ "type": "Feature", "properties": { "objectid": 12049, "name": "mn-06-121677", "boroname": "Manhattan", "type": "Free", "provider": "LinkNYC - Citybridge", "location_t": "Outdoor Kiosk" }, "geometry": { "type": "Point", "coordinates": [ -73.965189559500004, 40.754990650300002 ] } },
{ "type": "Feature", "properties": { "objectid": 11885, "name": "qu-09-124791", "boroname": "Queens", "type": "Free", "provider": "LinkNYC - Citybridge", "location_t": "Outdoor Kiosk" }, "geometry": { "type": "Point", "coordinates": [ -73.851184739499999, 40.6939628501 ] } },
{ "type": "Feature", "properties": { "objectid": 10416, "name": null, "boroname": "Brooklyn", "type": "Free", "provider": "Downtown Brooklyn", "location_t": "Outdoor" }, "geometry": { "type": "Point", "coordinates": [ -73.983225999599995, 40.690137000100002 ] } },
{ "type": "Feature", "properties": { "objectid": 12851, "name": "mn-08-121023", "boroname": "Manhattan", "type": "Free", "provider": "LinkNYC - Citybridge", "location_t": "Outdoor Kiosk" }, "geometry": { "type": "Point", "coordinates": [ -73.955586000500006, 40.776833000099998 ] } },
{ "type": "Feature", "properties": { "objectid": 12074, "name": "bk-08-126502", "boroname": "Brooklyn", "type": "Free", "provider": "LinkNYC - Citybridge", "location_t": "Outdoor Kiosk" }, "geometry": { "type": "Point", "coordinates": [ -73.973252777100001, 40.678452794199998 ] } },
{ "type": "Feature", "properties": { "objectid": 10215, "name": "Red Hook Recreation Center", "boroname": "Brooklyn", "type": "Limited Free", "provider": "SPECTRUM", "location_t": "Indoor" }, "geometry": { "type": "Point", "coordinates": [ -74.004046000499997, 40.672356000100002 ] } },
{ "type": "Feature", "properties": { "objectid": 12038, "name": "mn-06-133555", "boroname": "Manhattan", "type": "Free", "provider": "LinkNYC - Citybridge", "location_t": "Outdoor Kiosk" }, "geometry": { "type": "Point", "coordinates": [ -73.981061070500004, 40.747054590300003 ] } },
{ "type": "Feature", "properties": { "objectid": 9758, "name": "mn-06-136617", "boroname": "Manhattan", "type": "Free", "provider": "LinkNYC - Citybridge", "location_t": "Outdoor Kiosk" }, "geometry": { "type": "Point", "coordinates": [ -73.978934619599997, 40.741225030099997 ] } },
{ "type": "Feature", "properties": { "objectid": 10793, "name": "Cathedral Pkwy-110 St (B,C)", "boroname": "Manhattan", "type": "Free", "provider": "Transit Wireless", "location_t": "Subway Station" }, "geometry": { "type": "Point", "coordinates": [ -73.958159000199998, 40.800605000099999 ] } },
{ "type": "Feature", "properties": { "objectid": 12625, "name": "bk-02-126628", "boroname": "Brooklyn", "type": "Free", "provider": "LinkNYC - Citybridge", "location_t": "Outdoor Kiosk" }, "geometry": { "type": "Point", "coordinates": [ -73.978201689700001, 40.687889609599999 ] } },
{ "type": "Feature", "properties": { "objectid": 10818, "name": "Lexington Ave - 59th St (N,R,W)/59 St (4,5,6)", "boroname": "Manhattan", "type": "Free", "provider": "Transit Wireless", "location_t": "Subway Station" }, "geometry": { "type": "Point", "coordinates": [ -73.967257999599994, 40.762659999599997 ] } },
{ "type": "Feature", "properties": { "objectid": 12644, "name": "qu-02-124952", "boroname": "Queens", "type": "Free", "provider": "LinkNYC - Citybridge", "location_t": "Outdoor Kiosk" }, "geometry": { "type": "Point", "coordinates": [ -73.931875210200005, 40.744450019699997 ] } },
{ "type": "Feature", "properties": { "objectid": 11383, "name": "103 St (1)", "boroname": "Manhattan", "type": "Free", "provider": "Transit Wireless", "location_t": "Subway Station" }, "geometry": { "type": "Point", "coordinates": [ -73.968378999600006, 40.799446000300001 ] } },
{ "type": "Feature", "properties": { "objectid": 10637, "name": "mn-11-143675", "boroname": "Manhattan", "type": "Free", "provider": "LinkNYC - Citybridge", "location_t": "Outdoor Kiosk" }, "geometry": { "type": "Point", "coordinates": [ -73.936106850200005, 40.803515669699998 ] } },
{ "type": "Feature", "properties": { "objectid": 10095, "name": "Morris Park", "boroname": "Bronx", "type": "Free", "provider": "NYPL", "location_t": "Library" }, "geometry": { "type": "Point", "coordinates": [ -73.856957853799997, 40.848029110100001 ] } },
{ "type": "Feature", "properties": { "objectid": 12785, "name": "mn-09-142953", "boroname": "Manhattan", "type": "Free", "provider": "LinkNYC - Citybridge", "location_t": "Outdoor Kiosk" }, "geometry": { "type": "Point", "coordinates": [ -73.9583210001, 40.8103780004 ] } },
{ "type": "Feature", "properties": { "objectid": 9853, "name": null, "boroname": "Brooklyn", "type": "Free", "provider": "Downtown Brooklyn", "location_t": "Outdoor" }, "geometry": { "type": "Point", "coordinates": [ -73.983327999699995, 40.693721000099998 ] } },
{ "type": "Feature", "properties": { "objectid": 9775, "name": "mn-05-108001", "boroname": "Manhattan", "type": "Free", "provider": "LinkNYC - Citybridge", "location_t": "Outdoor Kiosk" }, "geometry": { "type": "Point", "coordinates": [ -73.993592600499994, 40.741502049899999 ] } },
{ "type": "Feature", "properties": { "objectid": 10645, "name": "mn-07-135046", "boroname": "Manhattan", "type": "Free", "provider": "LinkNYC - Citybridge", "location_t": "Outdoor Kiosk" }, "geometry": { "type": "Point", "coordinates": [ -73.982388000300006, 40.774913000200002 ] } },
{ "type": "Feature", "properties": { "objectid": 10881, "name": "Kissena Park", "boroname": "Queens", "type": "Limited Free", "provider": "SPECTRUM", "location_t": "Outdoor TWC Aerial" }, "geometry": { "type": "Point", "coordinates": [ -73.821210000099995, 40.748490000099999 ] } },
{ "type": "Feature", "properties": { "objectid": 10501, "name": null, "boroname": "Manhattan", "type": "Free", "provider": "Chelsea", "location_t": "Outdoor" }, "geometry": { "type": "Point", "coordinates": [ -74.007672071499996, 40.742753828600001 ] } },
{ "type": "Feature", "properties": { "objectid": 12327, "name": "mn-07-121243", "boroname": "Manhattan", "type": "Free", "provider": "LinkNYC - Citybridge", "location_t": "Outdoor Kiosk" }, "geometry": { "type": "Point", "coordinates": [ -73.975041010200002, 40.7894572696 ] } },
{ "type": "Feature", "properties": { "objectid": 12036, "name": "mn-02-133430", "boroname": "Manhattan", "type": "Free", "provider": "LinkNYC - Citybridge", "location_t": "Outdoor Kiosk" }, "geometry": { "type": "Point", "coordinates": [ -73.997578000299995, 40.716869 ] } },
{ "type": "Feature", "properties": { "objectid": 11194, "name": "qu-04-125330", "boroname": "Queens", "type": "Free", "provider": "LinkNYC - Citybridge", "location_t": "Outdoor Kiosk" }, "geometry": { "type": "Point", "coordinates": [ -73.880026819700007, 40.747980950299997 ] } },
{ "type": "Feature", "properties": { "objectid": 10605, "name": "Hillside Park", "boroname": "Brooklyn", "type": "Free", "provider": "AT&T", "location_t": "Outdoor" }, "geometry": { "type": "Point", "coordinates": [ -73.994300000600006, 40.701499999799999 ] } },
{ "type": "Feature", "properties": { "objectid": 9648, "name": "mn-08-138568", "boroname": "Manhattan", "type": "Free", "provider": "LinkNYC - Citybridge", "location_t": "Outdoor Kiosk" }, "geometry": { "type": "Point", "coordinates": [ -73.961397429599998, 40.7609463402 ] } },
{ "type": "Feature", "properties": { "objectid": 11081, "name": "bx-05-119569", "boroname": "Bronx", "type": "Free", "provider": "LinkNYC - Citybridge", "location_t": "Outdoor Kiosk" }, "geometry": { "type": "Point", "coordinates": [ -73.89839588, 40.8621522603 ] } },
{ "type": "Feature", "properties": { "objectid": 12728, "name": "mn-03-138573", "boroname": "Manhattan", "type": "Free", "provider": "LinkNYC - Citybridge", "location_t": "Outdoor Kiosk" }, "geometry": { "type": "Point", "coordinates": [ -73.986389450100006, 40.730537060300001 ] } },
{ "type": "Feature", "properties": { "objectid": 10386, "name": "Manhattan Beach Park", "boroname": "Brooklyn", "type": "Limited Free", "provider": "ALTICEUSA", "location_t": "Outdoor" }, "geometry": { "type": "Point", "coordinates": [ -73.943589999400004, 40.576959999800003 ] } },
{ "type": "Feature", "properties": { "objectid": 11743, "name": "mn-04-135855", "boroname": "Manhattan", "type": "Free", "provider": "LinkNYC - Citybridge", "location_t": "Outdoor Kiosk" }, "geometry": { "type": "Point", "coordinates": [ -73.999150270200005, 40.739106549900001 ] } },
{ "type": "Feature", "properties": { "objectid": 11365, "name": "ELMHURST AVENUE", "boroname": "Queens", "type": "Free", "provider": "Transit Wireless", "location_t": "Subway Station" }, "geometry": { "type": "Point", "coordinates": [ -73.882016999399994, 40.742453999699997 ] } },
{ "type": "Feature", "properties": { "objectid": 9912, "name": "City Island", "boroname": "Bronx", "type": "Free", "provider": "NYPL", "location_t": "Library" }, "geometry": { "type": "Point", "coordinates": [ -73.786366589, 40.847691903600001 ] } },
{ "type": "Feature", "properties": { "objectid": 12613, "name": "mn-09-120356", "boroname": "Manhattan", "type": "Free", "provider": "LinkNYC - Citybridge", "location_t": "Outdoor Kiosk" }, "geometry": { "type": "Point", "coordinates": [ -73.947911479400005, 40.830209030399999 ] } },
{ "type": "Feature", "properties": { "objectid": 12657, "name": "mn-04-122565", "boroname": "Manhattan", "type": "Free", "provider": "LinkNYC - Citybridge", "location_t": "Outdoor Kiosk" }, "geometry": { "type": "Point", "coordinates": [ -73.991816020100003, 40.754665870399997 ] } },
{ "type": "Feature", "properties": { "objectid": 11413, "name": "42nd Street - Bryant Park - B, D, F, M", "boroname": "Manhattan", "type": "Free", "provider": "Transit Wireless", "location_t": "Subway Station" }, "geometry": { "type": "Point", "coordinates": [ -73.984569, 40.7542219997 ] } },
{ "type": "Feature", "properties": { "objectid": 10790, "name": "96 St (6)", "boroname": "Manhattan", "type": "Free", "provider": "Transit Wireless", "location_t": "Subway Station" }, "geometry": { "type": "Point", "coordinates": [ -73.951070000399994, 40.785672 ] } },
{ "type": "Feature", "properties": { "objectid": 11711, "name": "Crotona Park", "boroname": "Bronx", "type": "Limited Free", "provider": "ALTICEUSA", "location_t": "Outdoor" }, "geometry": { "type": "Point", "coordinates": [ -73.900089, 40.835691000399997 ] } },
{ "type": "Feature", "properties": { "objectid": 10825, "name": "Fordham Rd (B,D)", "boroname": "Bronx", "type": "Free", "provider": "Transit Wireless", "location_t": "Subway Station" }, "geometry": { "type": "Point", "coordinates": [ -73.897748999800001, 40.861295999600003 ] } },
{ "type": "Feature", "properties": { "objectid": 10178, "name": "0", "boroname": "Brooklyn", "type": "Free", "provider": "City Tech", "location_t": "Outdoor" }, "geometry": { "type": "Point", "coordinates": [ -73.988456000300005, 40.696026999700003 ] } },
{ "type": "Feature", "properties": { "objectid": 10141, "name": null, "boroname": "Manhattan", "type": "Free", "provider": "Harlem", "location_t": "Outdoor" }, "geometry": { "type": "Point", "coordinates": [ -73.949726000400005, 40.806858 ] } },
{ "type": "Feature", "properties": { "objectid": 11736, "name": "mn-01-145538", "boroname": "Manhattan", "type": "Free", "provider": "LinkNYC - Citybridge", "location_t": "Outdoor Kiosk" }, "geometry": { "type": "Point", "coordinates": [ -74.007979769800002, 40.722870420299998 ] } },
{ "type": "Feature", "properties": { "objectid": 12911, "name": "bk-02-126847", "boroname": "Brooklyn", "type": "Free", "provider": "LinkNYC - Citybridge", "location_t": "Outdoor Kiosk" }, "geometry": { "type": "Point", "coordinates": [ -73.987998400099997, 40.690594439800002 ] } },
{ "type": "Feature", "properties": { "objectid": 12590, "name": "mn-09-111986", "boroname": "Manhattan", "type": "Free", "provider": "LinkNYC - Citybridge", "location_t": "Outdoor Kiosk" }, "geometry": { "type": "Point", "coordinates": [ -73.950025860300002, 40.827320109799999 ] } },
{ "type": "Feature", "properties": { "objectid": 11826, "name": "mn-10-119959", "boroname": "Manhattan", "type": "Free", "provider": "LinkNYC - Citybridge", "location_t": "Outdoor Kiosk" }, "geometry": { "type": "Point", "coordinates": [ -73.952139930599998, 40.804046959600001 ] } },
{ "type": "Feature", "properties": { "objectid": 9722, "name": "St. John's Recreation Center", "boroname": "Brooklyn", "type": "Limited Free", "provider": "ALTICEUSA", "location_t": "Indoor" }, "geometry": { "type": "Point", "coordinates": [ -73.934934999700005, 40.673694999799999 ] } },
{ "type": "Feature", "properties": { "objectid": 12081, "name": "bk-02-126565", "boroname": "Brooklyn", "type": "Free", "provider": "LinkNYC - Citybridge", "location_t": "Outdoor Kiosk" }, "geometry": { "type": "Point", "coordinates": [ -73.980612999900004, 40.688850999700001 ] } },
{ "type": "Feature", "properties": { "objectid": 11820, "name": "bx-04-119152", "boroname": "Bronx", "type": "Free", "provider": "LinkNYC - Citybridge", "location_t": "Outdoor Kiosk" }, "geometry": { "type": "Point", "coordinates": [ -73.918225895800006, 40.834904157399997 ] } },
{ "type": "Feature", "properties": { "objectid": 12064, "name": "bk-01-109262", "boroname": "Brooklyn", "type": "Free", "provider": "LinkNYC - Citybridge", "location_t": "Outdoor Kiosk" }, "geometry": { "type": "Point", "coordinates": [ -73.942917579400003, 40.705060419699997 ] } },
{ "type": "Feature", "properties": { "objectid": 11985, "name": "bx-01-145819", "boroname": "Bronx", "type": "Free", "provider": "LinkNYC - Citybridge", "location_t": "Outdoor Kiosk" }, "geometry": { "type": "Point", "coordinates": [ -73.928886430199995, 40.817512190099997 ] } },
{ "type": "Feature", "properties": { "objectid": 10765, "name": "Haffen Park", "boroname": "Bronx", "type": "Limited Free", "provider": "ALTICEUSA", "location_t": "Outdoor" }, "geometry": { "type": "Point", "coordinates": [ -73.8391809994, 40.874776999600002 ] } },
{ "type": "Feature", "properties": { "objectid": 10421, "name": null, "boroname": "Brooklyn", "type": "Free", "provider": "Downtown Brooklyn", "location_t": "Outdoor" }, "geometry": { "type": "Point", "coordinates": [ -73.981414000399994, 40.690622000200001 ] } },
{ "type": "Feature", "properties": { "objectid": 9616, "name": "mn-11-106683", "boroname": "Manhattan", "type": "Free", "provider": "LinkNYC - Citybridge", "location_t": "Outdoor Kiosk" }, "geometry": { "type": "Point", "coordinates": [ -73.938923100099998, 40.799658550099998 ] } },
{ "type": "Feature", "properties": { "objectid": 10966, "name": null, "boroname": "Manhattan", "type": "Free", "provider": "Harlem", "location_t": "Outdoor" }, "geometry": { "type": "Point", "coordinates": [ -73.945756000499998, 40.801349999899998 ] } },
{ "type": "Feature", "properties": { "objectid": 10644, "name": "mn-07-121339", "boroname": "Manhattan", "type": "Free", "provider": "LinkNYC - Citybridge", "location_t": "Outdoor Kiosk" }, "geometry": { "type": "Point", "coordinates": [ -73.982005080199997, 40.774723109699998 ] } },
{ "type": "Feature", "properties": { "objectid": 11396, "name": "IRT-4-149TH ST - GRAND CONCOURSE", "boroname": "Bronx", "type": "Free", "provider": "Transit Wireless", "location_t": "Subway Station" }, "geometry": { "type": "Point", "coordinates": [ -73.927351, 40.818375000300001 ] } },
{ "type": "Feature", "properties": { "objectid": 12378, "name": "High St (A,C)", "boroname": "Brooklyn", "type": "Free", "provider": "Transit Wireless", "location_t": "Subway Station" }, "geometry": { "type": "Point", "coordinates": [ -73.990530999499995, 40.699336999800003 ] } },
{ "type": "Feature", "properties": { "objectid": 12202, "name": "mn-06-135228", "boroname": "Manhattan", "type": "Free", "provider": "LinkNYC - Citybridge", "location_t": "Outdoor Kiosk" }, "geometry": { "type": "Point", "coordinates": [ -73.980610449799997, 40.738502500199999 ] } },
{ "type": "Feature", "properties": { "objectid": 9952, "name": "Mckinley Park - Brooklyn Public Library", "boroname": "Brooklyn", "type": "Free", "provider": "BPL", "location_t": "Library" }, "geometry": { "type": "Point", "coordinates": [ -74.011869668200006, 40.629212097699998 ] } },
{ "type": "Feature", "properties": { "objectid": 12257, "name": "mn-06-121513", "boroname": "Manhattan", "type": "Free", "provider": "LinkNYC - Citybridge", "location_t": "Outdoor Kiosk" }, "geometry": { "type": "Point", "coordinates": [ -73.9774439997, 40.746449000200002 ] } },
{ "type": "Feature", "properties": { "objectid": 12885, "name": "bk-06-145994", "boroname": "Brooklyn", "type": "Free", "provider": "LinkNYC - Citybridge", "location_t": "Outdoor Kiosk" }, "geometry": { "type": "Point", "coordinates": [ -73.971835540100003, 40.676134050400002 ] } },
{ "type": "Feature", "properties": { "objectid": 11433, "name": "mn-07-119836", "boroname": "Manhattan", "type": "Free", "provider": "LinkNYC - Citybridge", "location_t": "Outdoor Kiosk" }, "geometry": { "type": "Point", "coordinates": [ -73.9784436769, 40.7773770899 ] } },
{ "type": "Feature", "properties": { "objectid": 12309, "name": "qu-02-124947", "boroname": "Queens", "type": "Free", "provider": "LinkNYC - Citybridge", "location_t": "Outdoor Kiosk" }, "geometry": { "type": "Point", "coordinates": [ -73.918540000500002, 40.742911999900002 ] } },
{ "type": "Feature", "properties": { "objectid": 11216, "name": "mn-05-121631", "boroname": "Manhattan", "type": "Free", "provider": "LinkNYC - Citybridge", "location_t": "Outdoor Kiosk" }, "geometry": { "type": "Point", "coordinates": [ -73.986647960300004, 40.742572860300001 ] } },
{ "type": "Feature", "properties": { "objectid": 9870, "name": null, "boroname": "Brooklyn", "type": "Free", "provider": "Downtown Brooklyn", "location_t": "Outdoor" }, "geometry": { "type": "Point", "coordinates": [ -73.988346999599997, 40.6936359997 ] } },
{ "type": "Feature", "properties": { "objectid": 11492, "name": "bx-01-123214", "boroname": "Bronx", "type": "Free", "provider": "LinkNYC - Citybridge", "location_t": "Outdoor Kiosk" }, "geometry": { "type": "Point", "coordinates": [ -73.9146837503, 40.818460740399999 ] } },
{ "type": "Feature", "properties": { "objectid": 12709, "name": "mn-05-138326", "boroname": "Manhattan", "type": "Free", "provider": "LinkNYC - Citybridge", "location_t": "Outdoor Kiosk" }, "geometry": { "type": "Point", "coordinates": [ -73.971703129900007, 40.757793190199997 ] } },
{ "type": "Feature", "properties": { "objectid": 9813, "name": "Ocean Breeze Park", "boroname": "Staten Island", "type": "Free", "provider": "AT&T", "location_t": "Outdoor" }, "geometry": { "type": "Point", "coordinates": [ -74.066699999899996, 40.5889999997 ] } },
{ "type": "Feature", "properties": { "objectid": 10087, "name": "Hunt's Point", "boroname": "Bronx", "type": "Free", "provider": "NYPL", "location_t": "Library" }, "geometry": { "type": "Point", "coordinates": [ -73.894135643300004, 40.818687403299997 ] } },
{ "type": "Feature", "properties": { "objectid": 10188, "name": "qu-01-145957", "boroname": "Queens", "type": "Free", "provider": "LinkNYC - Citybridge", "location_t": "Outdoor Kiosk" }, "geometry": { "type": "Point", "coordinates": [ -73.917702799500006, 40.753745629900003 ] } },
{ "type": "Feature", "properties": { "objectid": 12516, "name": "mn-06-133472", "boroname": "Manhattan", "type": "Free", "provider": "LinkNYC - Citybridge", "location_t": "Outdoor Kiosk" }, "geometry": { "type": "Point", "coordinates": [ -73.970111470099994, 40.756504890400002 ] } },
{ "type": "Feature", "properties": { "objectid": 11992, "name": "bx-07-144372", "boroname": "Bronx", "type": "Free", "provider": "LinkNYC - Citybridge", "location_t": "Outdoor Kiosk" }, "geometry": { "type": "Point", "coordinates": [ -73.907548000299997, 40.862685000100001 ] } },
{ "type": "Feature", "properties": { "objectid": 12145, "name": "mn-06-123285", "boroname": "Manhattan", "type": "Free", "provider": "LinkNYC - Citybridge", "location_t": "Outdoor Kiosk" }, "geometry": { "type": "Point", "coordinates": [ -73.982764699499995, 40.731521050200001 ] } },
{ "type": "Feature", "properties": { "objectid": 9748, "name": "0", "boroname": "Brooklyn", "type": "Free", "provider": "NYCHA", "location_t": "Outdoor" }, "geometry": { "type": "Point", "coordinates": [ -73.977351199799998, 40.6937239998 ] } },
{ "type": "Feature", "properties": { "objectid": 12326, "name": "mn-07-133629", "boroname": "Manhattan", "type": "Free", "provider": "LinkNYC - Citybridge", "location_t": "Outdoor Kiosk" }, "geometry": { "type": "Point", "coordinates": [ -73.975391000200005, 40.789424000300002 ] } },
{ "type": "Feature", "properties": { "objectid": 11307, "name": "The High Line", "boroname": "Manhattan", "type": "Free", "provider": "AT&T", "location_t": "Outdoor" }, "geometry": { "type": "Point", "coordinates": [ -74.0051, 40.7474 ] } },
{ "type": "Feature", "properties": { "objectid": 12518, "name": "mn-06-137315", "boroname": "Manhattan", "type": "Free", "provider": "LinkNYC - Citybridge", "location_t": "Outdoor Kiosk" }, "geometry": { "type": "Point", "coordinates": [ -73.97008839, 40.757113219700003 ] } },
{ "type": "Feature", "properties": { "objectid": 9784, "name": "bk-08-146084", "boroname": "Brooklyn", "type": "Free", "provider": "LinkNYC - Citybridge", "location_t": "Outdoor Kiosk" }, "geometry": { "type": "Point", "coordinates": [ -73.956826380199999, 40.674038869699999 ] } },
{ "type": "Feature", "properties": { "objectid": 10998, "name": "Chelsea Park", "boroname": "Manhattan", "type": "Limited Free", "provider": "SPECTRUM", "location_t": "Outdoor" }, "geometry": { "type": "Point", "coordinates": [ -74.000890000400005, 40.7499080001 ] } },
{ "type": "Feature", "properties": { "objectid": 11248, "name": "bk-01-143275", "boroname": "Brooklyn", "type": "Free", "provider": "LinkNYC - Citybridge", "location_t": "Outdoor Kiosk" }, "geometry": { "type": "Point", "coordinates": [ -73.951496000099993, 40.725456000299999 ] } },
{ "type": "Feature", "properties": { "objectid": 10931, "name": null, "boroname": "Manhattan", "type": "Free", "provider": "Harlem", "location_t": "Outdoor" }, "geometry": { "type": "Point", "coordinates": [ -73.944376, 40.8131219996 ] } },
{ "type": "Feature", "properties": { "objectid": 10876, "name": "Kissena Park", "boroname": "Queens", "type": "Limited Free", "provider": "SPECTRUM", "location_t": "Outdoor TWC Aerial" }, "geometry": { "type": "Point", "coordinates": [ -73.813960000600005, 40.743659999800002 ] } },
{ "type": "Feature", "properties": { "objectid": 12585, "name": "qu-12-141536", "boroname": "Queens", "type": "Free", "provider": "LinkNYC - Citybridge", "location_t": "Outdoor Kiosk" }, "geometry": { "type": "Point", "coordinates": [ -73.792367999500001, 40.706506999799998 ] } },
{ "type": "Feature", "properties": { "objectid": 11505, "name": "Overlook Park", "boroname": "Queens", "type": "Limited Free", "provider": "SPECTRUM", "location_t": "Indoor" }, "geometry": { "type": "Point", "coordinates": [ -73.835528000300002, 40.710818000099998 ] } },
{ "type": "Feature", "properties": { "objectid": 10008, "name": "Corona", "boroname": "Queens", "type": "Free", "provider": "QPL", "location_t": "Library" }, "geometry": { "type": "Point", "coordinates": [ -73.861976844, 40.750894080400002 ] } },
{ "type": "Feature", "properties": { "objectid": 10728, "name": "mn-05-138267", "boroname": "Manhattan", "type": "Free", "provider": "LinkNYC - Citybridge", "location_t": "Outdoor Kiosk" }, "geometry": { "type": "Point", "coordinates": [ -73.994285830300001, 40.746154849900002 ] } },
{ "type": "Feature", "properties": { "objectid": 10750, "name": "Ferry Point Park", "boroname": "Bronx", "type": "Limited Free", "provider": "ALTICEUSA", "location_t": "Outdoor" }, "geometry": { "type": "Point", "coordinates": [ -73.837448999800003, 40.816357 ] } },
{ "type": "Feature", "properties": { "objectid": 12603, "name": "Union Square Park", "boroname": "Manhattan", "type": "Partner Site", "provider": "Partner", "location_t": "Outdoor" }, "geometry": { "type": "Point", "coordinates": [ -73.990399999900006, 40.735999999699999 ] } },
{ "type": "Feature", "properties": { "objectid": 9969, "name": "Soundview", "boroname": "Bronx", "type": "Free", "provider": "NYPL", "location_t": "Library" }, "geometry": { "type": "Point", "coordinates": [ -73.862889956100005, 40.818709352200003 ] } },
{ "type": "Feature", "properties": { "objectid": 10983, "name": "Alley Pond Park", "boroname": "Queens", "type": "Limited Free", "provider": "SPECTRUM", "location_t": "Outdoor" }, "geometry": { "type": "Point", "coordinates": [ -73.736824999700005, 40.739353000100003 ] } },
{ "type": "Feature", "properties": { "objectid": 11503, "name": "Midland Beach and Franklin D. Roosevelt Boardwalk", "boroname": "Staten Island", "type": "Limited Free", "provider": "SPECTRUM", "location_t": "Outdoor" }, "geometry": { "type": "Point", "coordinates": [ -74.076359000300002, 40.579580999900003 ] } },
{ "type": "Feature", "properties": { "objectid": 12835, "name": "mn-08-120994", "boroname": "Manhattan", "type": "Free", "provider": "LinkNYC - Citybridge", "location_t": "Outdoor Kiosk" }, "geometry": { "type": "Point", "coordinates": [ -73.961324360099994, 40.769101620199997 ] } },
{ "type": "Feature", "properties": { "objectid": 11693, "name": "Coney Island Beach & Boardwalk", "boroname": "Brooklyn", "type": "Limited Free", "provider": "ALTICEUSA", "location_t": "Outdoor" }, "geometry": { "type": "Point", "coordinates": [ -73.978509999600007, 40.573432 ] } },
{ "type": "Feature", "properties": { "objectid": 12602, "name": "Brownsville Recreation Center", "boroname": "Brooklyn", "type": "Limited Free", "provider": "ALTICEUSA", "location_t": "Outdoor" }, "geometry": { "type": "Point", "coordinates": [ -73.902699999800006, 40.6571 ] } },
{ "type": "Feature", "properties": { "objectid": 12571, "name": "mn-04-144139", "boroname": "Manhattan", "type": "Free", "provider": "LinkNYC - Citybridge", "location_t": "Outdoor Kiosk" }, "geometry": { "type": "Point", "coordinates": [ -73.982563539699996, 40.767357589900001 ] } },
{ "type": "Feature", "properties": { "objectid": 9838, "name": "bk-02-145904", "boroname": "Brooklyn", "type": "Free", "provider": "LinkNYC - Citybridge", "location_t": "Outdoor Kiosk" }, "geometry": { "type": "Point", "coordinates": [ -73.991014000500002, 40.686177000400001 ] } },
{ "type": "Feature", "properties": { "objectid": 12114, "name": "mn-05-133511", "boroname": "Manhattan", "type": "Free", "provider": "LinkNYC - Citybridge", "location_t": "Outdoor Kiosk" }, "geometry": { "type": "Point", "coordinates": [ -73.984282891199996, 40.760632174400001 ] } },
{ "type": "Feature", "properties": { "objectid": 12672, "name": "mn-05-139462", "boroname": "Manhattan", "type": "Free", "provider": "LinkNYC - Citybridge", "location_t": "Outdoor Kiosk" }, "geometry": { "type": "Point", "coordinates": [ -73.986051999500006, 40.762151000400003 ] } },
{ "type": "Feature", "properties": { "objectid": 12187, "name": "mn-04-134867", "boroname": "Manhattan", "type": "Free", "provider": "LinkNYC - Citybridge", "location_t": "Outdoor Kiosk" }, "geometry": { "type": "Point", "coordinates": [ -73.991057379899999, 40.765875300200001 ] } },
{ "type": "Feature", "properties": { "objectid": 12768, "name": "mn-07-120536", "boroname": "Manhattan", "type": "Free", "provider": "LinkNYC - Citybridge", "location_t": "Outdoor Kiosk" }, "geometry": { "type": "Point", "coordinates": [ -73.968223460399997, 40.797178239700003 ] } },
{ "type": "Feature", "properties": { "objectid": 11226, "name": "mn-05-121991", "boroname": "Manhattan", "type": "Free", "provider": "LinkNYC - Citybridge", "location_t": "Outdoor Kiosk" }, "geometry": { "type": "Point", "coordinates": [ -73.988330040500003, 40.754311449900001 ] } },
{ "type": "Feature", "properties": { "objectid": 11108, "name": "bx-04-145838", "boroname": "Bronx", "type": "Free", "provider": "LinkNYC - Citybridge", "location_t": "Outdoor Kiosk" }, "geometry": { "type": "Point", "coordinates": [ -73.91292955, 40.843881210200003 ] } },
{ "type": "Feature", "properties": { "objectid": 11520, "name": null, "boroname": "Brooklyn", "type": "Free", "provider": "Downtown Brooklyn", "location_t": "Outdoor" }, "geometry": { "type": "Point", "coordinates": [ -73.983165000300005, 40.689633000100002 ] } },
{ "type": "Feature", "properties": { "objectid": 11477, "name": "mn-02-123086", "boroname": "Manhattan", "type": "Free", "provider": "LinkNYC - Citybridge", "location_t": "Outdoor Kiosk" }, "geometry": { "type": "Point", "coordinates": [ -73.991386929800001, 40.732391470400003 ] } },
{ "type": "Feature", "properties": { "objectid": 12197, "name": "mn-07-134642", "boroname": "Manhattan", "type": "Free", "provider": "LinkNYC - Citybridge", "location_t": "Outdoor Kiosk" }, "geometry": { "type": "Point", "coordinates": [ -73.970482430100006, 40.788986159700002 ] } },
{ "type": "Feature", "properties": { "objectid": 9997, "name": "Spuyten Duyvil", "boroname": "Bronx", "type": "Free", "provider": "NYPL", "location_t": "Library" }, "geometry": { "type": "Point", "coordinates": [ -73.914670014600006, 40.8862733773 ] } },
{ "type": "Feature", "properties": { "objectid": 9743, "name": "0", "boroname": "Brooklyn", "type": "Free", "provider": "NYCHA", "location_t": "Outdoor" }, "geometry": { "type": "Point", "coordinates": [ -73.975024200299998, 40.694867999899998 ] } },
{ "type": "Feature", "properties": { "objectid": 10733, "name": "mn-05-121613", "boroname": "Manhattan", "type": "Free", "provider": "LinkNYC - Citybridge", "location_t": "Outdoor Kiosk" }, "geometry": { "type": "Point", "coordinates": [ -73.984833440399996, 40.747736640299998 ] } },
{ "type": "Feature", "properties": { "objectid": 11259, "name": "bk-01-109252", "boroname": "Brooklyn", "type": "Free", "provider": "LinkNYC - Citybridge", "location_t": "Outdoor Kiosk" }, "geometry": { "type": "Point", "coordinates": [ -73.954194880399996, 40.707207860399997 ] } },
{ "type": "Feature", "properties": { "objectid": 11341, "name": "7th Avenue - B, D, E", "boroname": "Manhattan", "type": "Free", "provider": "Transit Wireless", "location_t": "Subway Station" }, "geometry": { "type": "Point", "coordinates": [ -73.981636999700001, 40.762862000299997 ] } },
{ "type": "Feature", "properties": { "objectid": 10137, "name": null, "boroname": "Manhattan", "type": "Free", "provider": "Harlem", "location_t": "Outdoor" }, "geometry": { "type": "Point", "coordinates": [ -73.946296000499999, 40.812598 ] } },
{ "type": "Feature", "properties": { "objectid": 9611, "name": "QUEENS BRIDGE - JACOB A. RIIS Settlement House", "boroname": "Queens", "type": "Free", "provider": "Spot On Networks", "location_t": "Indoor AP - South Maintenance Area" }, "geometry": { "type": "Point", "coordinates": [ -73.947657000299998, 40.755636 ] } },
{ "type": "Feature", "properties": { "objectid": 12929, "name": "mn-07-121191", "boroname": "Manhattan", "type": "Free", "provider": "LinkNYC - Citybridge", "location_t": "Outdoor Kiosk" }, "geometry": { "type": "Point", "coordinates": [ -73.983015149500005, 40.776530060200002 ] } },
{ "type": "Feature", "properties": { "objectid": 10270, "name": "bk-01-146017", "boroname": "Brooklyn", "type": "Free", "provider": "LinkNYC - Citybridge", "location_t": "Outdoor Kiosk" }, "geometry": { "type": "Point", "coordinates": [ -73.960352349900006, 40.7213825503 ] } },
{ "type": "Feature", "properties": { "objectid": 12796, "name": "mn-09-134420", "boroname": "Manhattan", "type": "Free", "provider": "LinkNYC - Citybridge", "location_t": "Outdoor Kiosk" }, "geometry": { "type": "Point", "coordinates": [ -73.949013820499999, 40.82312201 ] } },
{ "type": "Feature", "properties": { "objectid": 10308, "name": "qu-09-145982", "boroname": "Queens", "type": "Free", "provider": "LinkNYC - Citybridge", "location_t": "Outdoor Kiosk" }, "geometry": { "type": "Point", "coordinates": [ -73.831578969800006, 40.70615073 ] } },
{ "type": "Feature", "properties": { "objectid": 10534, "name": "Midland Beach and Franklin D. Roosevelt Boardwalk", "boroname": "Staten Island", "type": "Limited Free", "provider": "SPECTRUM", "location_t": "Outdoor" }, "geometry": { "type": "Point", "coordinates": [ -74.089489999799994, 40.569364999900003 ] } },
{ "type": "Feature", "properties": { "objectid": 10632, "name": "mn-11-120240", "boroname": "Manhattan", "type": "Free", "provider": "LinkNYC - Citybridge", "location_t": "Outdoor Kiosk" }, "geometry": { "type": "Point", "coordinates": [ -73.940036260200003, 40.798139459700003 ] } },
{ "type": "Feature", "properties": { "objectid": 12092, "name": "bx-05-119575", "boroname": "Bronx", "type": "Free", "provider": "LinkNYC - Citybridge", "location_t": "Outdoor Kiosk" }, "geometry": { "type": "Point", "coordinates": [ -73.898022999600002, 40.861349 ] } },
{ "type": "Feature", "properties": { "objectid": 12830, "name": "mn-08-120978", "boroname": "Manhattan", "type": "Free", "provider": "LinkNYC - Citybridge", "location_t": "Outdoor Kiosk" }, "geometry": { "type": "Point", "coordinates": [ -73.963135990200001, 40.766588020299999 ] } },
{ "type": "Feature", "properties": { "objectid": 11076, "name": "mn-10-120049", "boroname": "Manhattan", "type": "Free", "provider": "LinkNYC - Citybridge", "location_t": "Outdoor Kiosk" }, "geometry": { "type": "Point", "coordinates": [ -73.948124640499998, 40.808793089700004 ] } },
{ "type": "Feature", "properties": { "objectid": 11537, "name": "Juniper Valley Park", "boroname": "Queens", "type": "Limited Free", "provider": "SPECTRUM", "location_t": "Outdoor TWC Aerial" }, "geometry": { "type": "Point", "coordinates": [ -73.877118999900006, 40.7197 ] } },
{ "type": "Feature", "properties": { "objectid": 11066, "name": "mn-07-136685", "boroname": "Manhattan", "type": "Free", "provider": "LinkNYC - Citybridge", "location_t": "Outdoor Kiosk" }, "geometry": { "type": "Point", "coordinates": [ -73.961448410299994, 40.801001050300002 ] } },
{ "type": "Feature", "properties": { "objectid": 11381, "name": "UNION TURNPIKE (Kew Gardens)", "boroname": "Queens", "type": "Free", "provider": "Transit Wireless", "location_t": "Subway Station" }, "geometry": { "type": "Point", "coordinates": [ -73.831008000300002, 40.714440999600001 ] } },
{ "type": "Feature", "properties": { "objectid": 9810, "name": "Jackie Robinson Recreation Center", "boroname": "Manhattan", "type": "Limited Free", "provider": "SPECTRUM", "location_t": "Indoor" }, "geometry": { "type": "Point", "coordinates": [ -73.942464000599998, 40.824130999799998 ] } },
{ "type": "Feature", "properties": { "objectid": 11953, "name": "bk-16-145818", "boroname": "Brooklyn", "type": "Free", "provider": "LinkNYC - Citybridge", "location_t": "Outdoor Kiosk" }, "geometry": { "type": "Point", "coordinates": [ -73.907619579599995, 40.678035789600003 ] } },
{ "type": "Feature", "properties": { "objectid": 11184, "name": "qu-09-124798", "boroname": "Queens", "type": "Free", "provider": "LinkNYC - Citybridge", "location_t": "Outdoor Kiosk" }, "geometry": { "type": "Point", "coordinates": [ -73.86085811, 40.6924510598 ] } },
{ "type": "Feature", "properties": { "objectid": 10039, "name": "Clason's Point", "boroname": "Bronx", "type": "Free", "provider": "NYPL", "location_t": "Library" }, "geometry": { "type": "Point", "coordinates": [ -73.875020600200003, 40.8299928753 ] } },
{ "type": "Feature", "properties": { "objectid": 12558, "name": "mn-04-133655", "boroname": "Manhattan", "type": "Free", "provider": "LinkNYC - Citybridge", "location_t": "Outdoor Kiosk" }, "geometry": { "type": "Point", "coordinates": [ -73.998529349500004, 40.745038729699999 ] } },
{ "type": "Feature", "properties": { "objectid": 9865, "name": null, "boroname": "Brooklyn", "type": "Free", "provider": "Downtown Brooklyn", "location_t": "Outdoor" }, "geometry": { "type": "Point", "coordinates": [ -73.988346999599997, 40.6936359997 ] } },
{ "type": "Feature", "properties": { "objectid": 9984, "name": "Fort Washington", "boroname": "Manhattan", "type": "Free", "provider": "NYPL", "location_t": "Library" }, "geometry": { "type": "Point", "coordinates": [ -73.933865913099993, 40.847870041199997 ] } },
{ "type": "Feature", "properties": { "objectid": 10947, "name": null, "boroname": "Manhattan", "type": "Free", "provider": "Harlem", "location_t": "Outdoor" }, "geometry": { "type": "Point", "coordinates": [ -73.944460999599997, 40.809357000200002 ] } },
{ "type": "Feature", "properties": { "objectid": 11644, "name": "Phil \"Scooter\" Rizzuto Park", "boroname": "Queens", "type": "Limited Free", "provider": "SPECTRUM", "location_t": "Outdoor TWC Aerial" }, "geometry": { "type": "Point", "coordinates": [ -73.822367999500003, 40.694165000300003 ] } },
{ "type": "Feature", "properties": { "objectid": 11022, "name": "mn-07-135898", "boroname": "Manhattan", "type": "Free", "provider": "LinkNYC - Citybridge", "location_t": "Outdoor Kiosk" }, "geometry": { "type": "Point", "coordinates": [ -73.970335200099996, 40.788831630200001 ] } },
{ "type": "Feature", "properties": { "objectid": 12897, "name": "mn-09-120563", "boroname": "Manhattan", "type": "Free", "provider": "LinkNYC - Citybridge", "location_t": "Outdoor Kiosk" }, "geometry": { "type": "Point", "coordinates": [ -73.953007000499994, 40.817656 ] } },
{ "type": "Feature", "properties": { "objectid": 12393, "name": "Grant Av (A)", "boroname": "Brooklyn", "type": "Free", "provider": "Transit Wireless", "location_t": "Subway Station" }, "geometry": { "type": "Point", "coordinates": [ -73.86505, 40.677043999600002 ] } },
{ "type": "Feature", "properties": { "objectid": 10170, "name": "96 St (Q)", "boroname": "Manhattan", "type": "Free", "provider": "Transit Wireless", "location_t": "Subway Station" }, "geometry": { "type": "Point", "coordinates": [ -73.947114000100001, 40.784267000200003 ] } },
{ "type": "Feature", "properties": { "objectid": 12494, "name": "si-03-125464", "boroname": "Staten Island", "type": "Free", "provider": "LinkNYC - Citybridge", "location_t": "Outdoor Kiosk" }, "geometry": { "type": "Point", "coordinates": [ -74.112160609599997, 40.561755060199999 ] } },
{ "type": "Feature", "properties": { "objectid": 11840, "name": "qu-06-145846", "boroname": "Queens", "type": "Free", "provider": "LinkNYC - Citybridge", "location_t": "Outdoor Kiosk" }, "geometry": { "type": "Point", "coordinates": [ -73.853137999699996, 40.726494999700002 ] } },
{ "type": "Feature", "properties": { "objectid": 12129, "name": "mn-03-133442", "boroname": "Manhattan", "type": "Free", "provider": "LinkNYC - Citybridge", "location_t": "Outdoor Kiosk" }, "geometry": { "type": "Point", "coordinates": [ -73.989777980200003, 40.734127079799997 ] } },
{ "type": "Feature", "properties": { "objectid": 11480, "name": "mn-03-123282", "boroname": "Manhattan", "type": "Free", "provider": "LinkNYC - Citybridge", "location_t": "Outdoor Kiosk" }, "geometry": { "type": "Point", "coordinates": [ -73.9851321, 40.732246940400003 ] } },
{ "type": "Feature", "properties": { "objectid": 11281, "name": "mn-03-122246", "boroname": "Manhattan", "type": "Free", "provider": "LinkNYC - Citybridge", "location_t": "Outdoor Kiosk" }, "geometry": { "type": "Point", "coordinates": [ -73.992489610299998, 40.7145080596 ] } },
{ "type": "Feature", "properties": { "objectid": 11661, "name": "Bensonhurst Park", "boroname": "Brooklyn", "type": "Limited Free", "provider": "ALTICEUSA", "location_t": "Outdoor" }, "geometry": { "type": "Point", "coordinates": [ -74.001358999399997, 40.597160999700002 ] } },
{ "type": "Feature", "properties": { "objectid": 12021, "name": "bx-01-118956", "boroname": "Bronx", "type": "Free", "provider": "LinkNYC - Citybridge", "location_t": "Outdoor Kiosk" }, "geometry": { "type": "Point", "coordinates": [ -73.916482850199998, 40.816679069800003 ] } },
{ "type": "Feature", "properties": { "objectid": 11465, "name": "mn-07-121100", "boroname": "Manhattan", "type": "Free", "provider": "LinkNYC - Citybridge", "location_t": "Outdoor Kiosk" }, "geometry": { "type": "Point", "coordinates": [ -73.971978650300002, 40.792034799600003 ] } },
{ "type": "Feature", "properties": { "objectid": 12176, "name": "mn-04-140000", "boroname": "Manhattan", "type": "Free", "provider": "LinkNYC - Citybridge", "location_t": "Outdoor Kiosk" }, "geometry": { "type": "Point", "coordinates": [ -73.991311940100005, 40.765159210100002 ] } },
{ "type": "Feature", "properties": { "objectid": 12341, "name": "mn-07-107918", "boroname": "Manhattan", "type": "Free", "provider": "LinkNYC - Citybridge", "location_t": "Outdoor Kiosk" }, "geometry": { "type": "Point", "coordinates": [ -73.972034790400002, 40.793821659599999 ] } },
{ "type": "Feature", "properties": { "objectid": 11292, "name": null, "boroname": "Brooklyn", "type": "Free", "provider": "Downtown Brooklyn", "location_t": "Outdoor" }, "geometry": { "type": "Point", "coordinates": [ -73.985787999799996, 40.693350000099997 ] } },
{ "type": "Feature", "properties": { "objectid": 12165, "name": "mn-05-135169", "boroname": "Manhattan", "type": "Free", "provider": "LinkNYC - Citybridge", "location_t": "Outdoor Kiosk" }, "geometry": { "type": "Point", "coordinates": [ -73.988136780399998, 40.754593249599999 ] } },
{ "type": "Feature", "properties": { "objectid": 11970, "name": "qu-02-145780", "boroname": "Queens", "type": "Free", "provider": "LinkNYC - Citybridge", "location_t": "Outdoor Kiosk" }, "geometry": { "type": "Point", "coordinates": [ -73.933725999800004, 40.744608000299998 ] } },
{ "type": "Feature", "properties": { "objectid": 11873, "name": "qu-03-139602", "boroname": "Queens", "type": "Free", "provider": "LinkNYC - Citybridge", "location_t": "Outdoor Kiosk" }, "geometry": { "type": "Point", "coordinates": [ -73.887615088900006, 40.747412276299997 ] } },
{ "type": "Feature", "properties": { "objectid": 11917, "name": "qu-06-145767", "boroname": "Queens", "type": "Free", "provider": "LinkNYC - Citybridge", "location_t": "Outdoor Kiosk" }, "geometry": { "type": "Point", "coordinates": [ -73.857445647500001, 40.728067323300003 ] } },
{ "type": "Feature", "properties": { "objectid": 9604, "name": "QUEENS BRIDGE - JACOB A. RIIS Settlement House", "boroname": "Queens", "type": "Free", "provider": "Spot On Networks", "location_t": "Indoor AP - North Management Office" }, "geometry": { "type": "Point", "coordinates": [ -73.945165999699995, 40.755751000099998 ] } },
{ "type": "Feature", "properties": { "objectid": 11596, "name": "Snug Harbor Cultural Center", "boroname": "Staten Island", "type": "Limited Free", "provider": "SPECTRUM", "location_t": "Outdoor" }, "geometry": { "type": "Point", "coordinates": [ -74.101868999399997, 40.641982000299997 ] } },
{ "type": "Feature", "properties": { "objectid": 9937, "name": "Queens Village", "boroname": "Queens", "type": "Free", "provider": "QPL", "location_t": "Library" }, "geometry": { "type": "Point", "coordinates": [ -73.739043818900001, 40.719885554299999 ] } },
{ "type": "Feature", "properties": { "objectid": 10247, "name": "bk-01-146015", "boroname": "Brooklyn", "type": "Free", "provider": "LinkNYC - Citybridge", "location_t": "Outdoor Kiosk" }, "geometry": { "type": "Point", "coordinates": [ -73.95953976, 40.71385109 ] } },
{ "type": "Feature", "properties": { "objectid": 11801, "name": "qu-04-111010", "boroname": "Queens", "type": "Free", "provider": "LinkNYC - Citybridge", "location_t": "Outdoor Kiosk" }, "geometry": { "type": "Point", "coordinates": [ -73.892489710600003, 40.746670370399997 ] } },
{ "type": "Feature", "properties": { "objectid": 11177, "name": "bk-17-127011", "boroname": "Brooklyn", "type": "Free", "provider": "LinkNYC - Citybridge", "location_t": "Outdoor Kiosk" }, "geometry": { "type": "Point", "coordinates": [ -73.9499660006, 40.6553200002 ] } },
{ "type": "Feature", "properties": { "objectid": 11314, "name": null, "boroname": "Brooklyn", "type": "Free", "provider": "Downtown Brooklyn", "location_t": "Outdoor" }, "geometry": { "type": "Point", "coordinates": [ -73.9819749997, 40.689333999799999 ] } },
{ "type": "Feature", "properties": { "objectid": 10313, "name": "bk-08-145935", "boroname": "Brooklyn", "type": "Free", "provider": "LinkNYC - Citybridge", "location_t": "Outdoor Kiosk" }, "geometry": { "type": "Point", "coordinates": [ -73.964668349600004, 40.680887880199997 ] } },
{ "type": "Feature", "properties": { "objectid": 11398, "name": "14th Street- 8th Avenue - A, C, E, L", "boroname": "Manhattan", "type": "Free", "provider": "Transit Wireless", "location_t": "Subway Station" }, "geometry": { "type": "Point", "coordinates": [ -74.001690000599993, 40.740893000200003 ] } },
{ "type": "Feature", "properties": { "objectid": 11758, "name": "mn-08-135082", "boroname": "Manhattan", "type": "Free", "provider": "LinkNYC - Citybridge", "location_t": "Outdoor Kiosk" }, "geometry": { "type": "Point", "coordinates": [ -73.95646462, 40.766951730300001 ] } },
{ "type": "Feature", "properties": { "objectid": 11324, "name": "Sedgwick", "boroname": "Bronx", "type": "Free", "provider": "NYPL", "location_t": "Library" }, "geometry": { "type": "Point", "coordinates": [ -73.917577527199995, 40.849494080600003 ] } },
{ "type": "Feature", "properties": { "objectid": 10564, "name": "Mccarren Park", "boroname": "Brooklyn", "type": "Free", "provider": "AT&T", "location_t": "Outdoor" }, "geometry": { "type": "Point", "coordinates": [ -73.950200000199999, 40.720099999799999 ] } },
{ "type": "Feature", "properties": { "objectid": 9902, "name": null, "boroname": "Brooklyn", "type": "Free", "provider": "Downtown Brooklyn", "location_t": "Outdoor" }, "geometry": { "type": "Point", "coordinates": [ -73.988116999699997, 40.689924000200001 ] } },
{ "type": "Feature", "properties": { "objectid": 10667, "name": "mn-07-121223", "boroname": "Manhattan", "type": "Free", "provider": "LinkNYC - Citybridge", "location_t": "Outdoor Kiosk" }, "geometry": { "type": "Point", "coordinates": [ -73.9808266995, 40.781706760200002 ] } },
{ "type": "Feature", "properties": { "objectid": 11841, "name": "qu-06-145847", "boroname": "Queens", "type": "Free", "provider": "LinkNYC - Citybridge", "location_t": "Outdoor Kiosk" }, "geometry": { "type": "Point", "coordinates": [ -73.853929000500003, 40.726694999700001 ] } },
{ "type": "Feature", "properties": { "objectid": 11044, "name": "mn-08-120843", "boroname": "Manhattan", "type": "Free", "provider": "LinkNYC - Citybridge", "location_t": "Outdoor Kiosk" }, "geometry": { "type": "Point", "coordinates": [ -73.955690570499996, 40.767770130099997 ] } },
{ "type": "Feature", "properties": { "objectid": 11578, "name": "Roy Wilkins Recreation Center", "boroname": "Queens", "type": "Limited Free", "provider": "SPECTRUM", "location_t": "Indoor" }, "geometry": { "type": "Point", "coordinates": [ -73.769558999599994, 40.687191 ] } },
{ "type": "Feature", "properties": { "objectid": 11091, "name": "mn-10-120024", "boroname": "Manhattan", "type": "Free", "provider": "LinkNYC - Citybridge", "location_t": "Outdoor Kiosk" }, "geometry": { "type": "Point", "coordinates": [ -73.945830350199998, 40.807817719799999 ] } },
{ "type": "Feature", "properties": { "objectid": 11900, "name": "bx-05-119597", "boroname": "Bronx", "type": "Free", "provider": "LinkNYC - Citybridge", "location_t": "Outdoor Kiosk" }, "geometry": { "type": "Point", "coordinates": [ -73.908975659600003, 40.851878309600004 ] } },
{ "type": "Feature", "properties": { "objectid": 12107, "name": "mn-05-122057", "boroname": "Manhattan", "type": "Free", "provider": "LinkNYC - Citybridge", "location_t": "Outdoor Kiosk" }, "geometry": { "type": "Point", "coordinates": [ -73.987573740100004, 40.752339220400003 ] } },
{ "type": "Feature", "properties": { "objectid": 11723, "name": "Crotona Park", "boroname": "Bronx", "type": "Limited Free", "provider": "ALTICEUSA", "location_t": "Outdoor" }, "geometry": { "type": "Point", "coordinates": [ -73.895370000599996, 40.839891999599999 ] } },
{ "type": "Feature", "properties": { "objectid": 10914, "name": null, "boroname": "Manhattan", "type": "Free", "provider": "Harlem", "location_t": "Outdoor" }, "geometry": { "type": "Point", "coordinates": [ -73.950125999700006, 40.8112659998 ] } },
{ "type": "Feature", "properties": { "objectid": 12097, "name": "bx-07-119793", "boroname": "Bronx", "type": "Free", "provider": "LinkNYC - Citybridge", "location_t": "Outdoor Kiosk" }, "geometry": { "type": "Point", "coordinates": [ -73.891829960099997, 40.8619933198 ] } },
{ "type": "Feature", "properties": { "objectid": 11782, "name": "mn-07-107980", "boroname": "Manhattan", "type": "Free", "provider": "LinkNYC - Citybridge", "location_t": "Outdoor Kiosk" }, "geometry": { "type": "Point", "coordinates": [ -73.961891271, 40.800404549299998 ] } },
{ "type": "Feature", "properties": { "objectid": 12380, "name": "Hoyt-Schermerhorn Sts (A,C,G)", "boroname": "Brooklyn", "type": "Free", "provider": "Transit Wireless", "location_t": "Subway Station" }, "geometry": { "type": "Point", "coordinates": [ -73.985001000400004, 40.688484 ] } },
{ "type": "Feature", "properties": { "objectid": 11015, "name": "Brooklyn Central Library", "boroname": "Brooklyn", "type": "Free", "provider": "BPL", "location_t": "Library" }, "geometry": { "type": "Point", "coordinates": [ -73.968224382900004, 40.672343526299997 ] } },
{ "type": "Feature", "properties": { "objectid": 10845, "name": "Chambers St-WTC (A,C,E)/Park Pl (2,3)", "boroname": "Manhattan", "type": "Free", "provider": "Transit Wireless", "location_t": "Subway Station" }, "geometry": { "type": "Point", "coordinates": [ -74.008584999600004, 40.714110999900001 ] } },
{ "type": "Feature", "properties": { "objectid": 12346, "name": "bk-02-125682", "boroname": "Brooklyn", "type": "Free", "provider": "LinkNYC - Citybridge", "location_t": "Outdoor Kiosk" }, "geometry": { "type": "Point", "coordinates": [ -73.993028569700002, 40.6975877701 ] } },
{ "type": "Feature", "properties": { "objectid": 10022, "name": "Bay Terrace", "boroname": "Queens", "type": "Free", "provider": "QPL", "location_t": "Library" }, "geometry": { "type": "Point", "coordinates": [ -73.777008814, 40.7825312039 ] } },
{ "type": "Feature", "properties": { "objectid": 10276, "name": "qu-09-145885", "boroname": "Queens", "type": "Free", "provider": "LinkNYC - Citybridge", "location_t": "Outdoor Kiosk" }, "geometry": { "type": "Point", "coordinates": [ -73.865014780099997, 40.691733789899999 ] } },
{ "type": "Feature", "properties": { "objectid": 9690, "name": "Prospect Park", "boroname": "Brooklyn", "type": "Limited Free", "provider": "ALTICEUSA", "location_t": "Outdoor" }, "geometry": { "type": "Point", "coordinates": [ -73.968459999499999, 40.65068 ] } },
{ "type": "Feature", "properties": { "objectid": 11765, "name": "mn-04-134489", "boroname": "Manhattan", "type": "Free", "provider": "LinkNYC - Citybridge", "location_t": "Outdoor Kiosk" }, "geometry": { "type": "Point", "coordinates": [ -73.993209160399999, 40.742548419800002 ] } },
{ "type": "Feature", "properties": { "objectid": 11141, "name": "qu-01-145952", "boroname": "Queens", "type": "Free", "provider": "LinkNYC - Citybridge", "location_t": "Outdoor Kiosk" }, "geometry": { "type": "Point", "coordinates": [ -73.920763170499995, 40.75972324 ] } },
{ "type": "Feature", "properties": { "objectid": 10330, "name": "bk-05-145944", "boroname": "Brooklyn", "type": "Free", "provider": "LinkNYC - Citybridge", "location_t": "Outdoor Kiosk" }, "geometry": { "type": "Point", "coordinates": [ -73.902990049699994, 40.677894979599998 ] } },
{ "type": "Feature", "properties": { "objectid": 12943, "name": "mn-06-121413", "boroname": "Manhattan", "type": "Free", "provider": "LinkNYC - Citybridge", "location_t": "Outdoor Kiosk" }, "geometry": { "type": "Point", "coordinates": [ -73.970523580299997, 40.752342970199997 ] } },
{ "type": "Feature", "properties": { "objectid": 11767, "name": "mn-03-139058", "boroname": "Manhattan", "type": "Free", "provider": "LinkNYC - Citybridge", "location_t": "Outdoor Kiosk" }, "geometry": { "type": "Point", "coordinates": [ -73.988224180399996, 40.723807050300003 ] } },
{ "type": "Feature", "properties": { "objectid": 12853, "name": "mn-08-121021", "boroname": "Manhattan", "type": "Free", "provider": "LinkNYC - Citybridge", "location_t": "Outdoor Kiosk" }, "geometry": { "type": "Point", "coordinates": [ -73.954751999500004, 40.777561000200002 ] } },
{ "type": "Feature", "properties": { "objectid": 10954, "name": null, "boroname": "Manhattan", "type": "Free", "provider": "Harlem", "location_t": "Outdoor" }, "geometry": { "type": "Point", "coordinates": [ -73.939518999499995, 40.815704999700003 ] } },
{ "type": "Feature", "properties": { "objectid": 10596, "name": "Baisley Pond Park", "boroname": "Queens", "type": "Limited Free", "provider": "SPECTRUM", "location_t": "Outdoor TWC Aerial" }, "geometry": { "type": "Point", "coordinates": [ -73.787219999900003, 40.684950000199997 ] } },
{ "type": "Feature", "properties": { "objectid": 11655, "name": "NYC - Detective Keith Williams Park", "boroname": "Queens", "type": "Limited Free", "provider": "SPECTRUM", "location_t": "Outdoor TWC Aerial" }, "geometry": { "type": "Point", "coordinates": [ -73.784562000099996, 40.704264999700001 ] } },
{ "type": "Feature", "properties": { "objectid": 11950, "name": "bk-03-145817", "boroname": "Brooklyn", "type": "Free", "provider": "LinkNYC - Citybridge", "location_t": "Outdoor Kiosk" }, "geometry": { "type": "Point", "coordinates": [ -73.921801999500005, 40.679014999899998 ] } },
{ "type": "Feature", "properties": { "objectid": 12244, "name": "mn-06-136668", "boroname": "Manhattan", "type": "Free", "provider": "LinkNYC - Citybridge", "location_t": "Outdoor Kiosk" }, "geometry": { "type": "Point", "coordinates": [ -73.981732279799999, 40.740989269700002 ] } },
{ "type": "Feature", "properties": { "objectid": 12896, "name": "mn-09-120546", "boroname": "Manhattan", "type": "Free", "provider": "LinkNYC - Citybridge", "location_t": "Outdoor Kiosk" }, "geometry": { "type": "Point", "coordinates": [ -73.959029510400001, 40.8094122201 ] } },
{ "type": "Feature", "properties": { "objectid": 10302, "name": "bk-07-145886", "boroname": "Brooklyn", "type": "Free", "provider": "LinkNYC - Citybridge", "location_t": "Outdoor Kiosk" }, "geometry": { "type": "Point", "coordinates": [ -73.999532000399995, 40.6588079996 ] } },
{ "type": "Feature", "properties": { "objectid": 9675, "name": "Wingate Park", "boroname": "Brooklyn", "type": "Limited Free", "provider": "ALTICEUSA", "location_t": "Outdoor" }, "geometry": { "type": "Point", "coordinates": [ -73.9471600002, 40.657430000399998 ] } },
{ "type": "Feature", "properties": { "objectid": 12368, "name": "Atlantic Av (B,Q,2,3,4,5)/Pacific St (D,M,N,R)", "boroname": "Brooklyn", "type": "Free", "provider": "Transit Wireless", "location_t": "Subway Station" }, "geometry": { "type": "Point", "coordinates": [ -73.976890000500006, 40.6844600003 ] } },
{ "type": "Feature", "properties": { "objectid": 12753, "name": "mn-05-122657", "boroname": "Manhattan", "type": "Free", "provider": "LinkNYC - Citybridge", "location_t": "Outdoor Kiosk" }, "geometry": { "type": "Point", "coordinates": [ -73.981711, 40.763036000299998 ] } },
{ "type": "Feature", "properties": { "objectid": 12731, "name": "mn-03-123812", "boroname": "Manhattan", "type": "Free", "provider": "LinkNYC - Citybridge", "location_t": "Outdoor Kiosk" }, "geometry": { "type": "Point", "coordinates": [ -73.987080999900002, 40.729235999700002 ] } },
{ "type": "Feature", "properties": { "objectid": 10374, "name": "Manhattan Beach Park", "boroname": "Brooklyn", "type": "Limited Free", "provider": "ALTICEUSA", "location_t": "Outdoor" }, "geometry": { "type": "Point", "coordinates": [ -73.945560000300006, 40.577759999900003 ] } },
{ "type": "Feature", "properties": { "objectid": 12124, "name": "mn-05-134620", "boroname": "Manhattan", "type": "Free", "provider": "LinkNYC - Citybridge", "location_t": "Outdoor Kiosk" }, "geometry": { "type": "Point", "coordinates": [ -73.988739830399993, 40.734147649699999 ] } },
{ "type": "Feature", "properties": { "objectid": 12751, "name": "mn-05-122651", "boroname": "Manhattan", "type": "Free", "provider": "LinkNYC - Citybridge", "location_t": "Outdoor Kiosk" }, "geometry": { "type": "Point", "coordinates": [ -73.982996000499995, 40.761640000200003 ] } },
{ "type": "Feature", "properties": { "objectid": 12287, "name": "bk-17-126233", "boroname": "Brooklyn", "type": "Free", "provider": "LinkNYC - Citybridge", "location_t": "Outdoor Kiosk" }, "geometry": { "type": "Point", "coordinates": [ -73.943969300399999, 40.651046819800001 ] } },
{ "type": "Feature", "properties": { "objectid": 9643, "name": "mn-04-138822", "boroname": "Manhattan", "type": "Free", "provider": "LinkNYC - Citybridge", "location_t": "Outdoor Kiosk" }, "geometry": { "type": "Point", "coordinates": [ -74.003811000300004, 40.7530670003 ] } },
{ "type": "Feature", "properties": { "objectid": 11858, "name": "mn-06-134657", "boroname": "Manhattan", "type": "Free", "provider": "LinkNYC - Citybridge", "location_t": "Outdoor Kiosk" }, "geometry": { "type": "Point", "coordinates": [ -73.973828189499997, 40.747395250099999 ] } },
{ "type": "Feature", "properties": { "objectid": 11683, "name": "Coney Island Beach & Boardwalk", "boroname": "Brooklyn", "type": "Limited Free", "provider": "ALTICEUSA", "location_t": "Outdoor" }, "geometry": { "type": "Point", "coordinates": [ -73.981826, 40.573218 ] } },
{ "type": "Feature", "properties": { "objectid": 10577, "name": "St. Mary's Park", "boroname": "Bronx", "type": "Limited Free", "provider": "ALTICEUSA", "location_t": "Indoor" }, "geometry": { "type": "Point", "coordinates": [ -73.914137999900007, 40.811544 ] } },
{ "type": "Feature", "properties": { "objectid": 11967, "name": "qu-02-145741", "boroname": "Queens", "type": "Free", "provider": "LinkNYC - Citybridge", "location_t": "Outdoor Kiosk" }, "geometry": { "type": "Point", "coordinates": [ -73.915342448600001, 40.742532713700001 ] } },
{ "type": "Feature", "properties": { "objectid": 10778, "name": "145 St (3)", "boroname": "Manhattan", "type": "Free", "provider": "Transit Wireless", "location_t": "Subway Station" }, "geometry": { "type": "Point", "coordinates": [ -73.936244999899998, 40.820420999699998 ] } },
{ "type": "Feature", "properties": { "objectid": 9880, "name": null, "boroname": "Brooklyn", "type": "Free", "provider": "Downtown Brooklyn", "location_t": "Outdoor" }, "geometry": { "type": "Point", "coordinates": [ -73.987419000100004, 40.693347999899999 ] } },
{ "type": "Feature", "properties": { "objectid": 10468, "name": "MARINE PARK", "boroname": "Brooklyn", "type": "Limited Free", "provider": "ALTICEUSA", "location_t": "Outdoor" }, "geometry": { "type": "Point", "coordinates": [ -73.930027, 40.605008 ] } },
{ "type": "Feature", "properties": { "objectid": 10165, "name": "34 St - Hudson Yards (7)", "boroname": "Manhattan", "type": "Free", "provider": "Transit Wireless", "location_t": "Subway Station" }, "geometry": { "type": "Point", "coordinates": [ -74.001961100499997, 40.755838900400001 ] } },
{ "type": "Feature", "properties": { "objectid": 10864, "name": "Bowne Park", "boroname": "Queens", "type": "Limited Free", "provider": "SPECTRUM", "location_t": "Outdoor TWC Aerial" }, "geometry": { "type": "Point", "coordinates": [ -73.805506999499997, 40.770531999699998 ] } },
{ "type": "Feature", "properties": { "objectid": 9897, "name": "bk-01-145861", "boroname": "Brooklyn", "type": "Free", "provider": "LinkNYC - Citybridge", "location_t": "Outdoor Kiosk" }, "geometry": { "type": "Point", "coordinates": [ -73.955096, 40.734683999600001 ] } },
{ "type": "Feature", "properties": { "objectid": 11274, "name": "mn-05-136186", "boroname": "Manhattan", "type": "Free", "provider": "LinkNYC - Citybridge", "location_t": "Outdoor Kiosk" }, "geometry": { "type": "Point", "coordinates": [ -73.983248179699999, 40.7442592202 ] } },
{ "type": "Feature", "properties": { "objectid": 10070, "name": "Macon - Brooklyn Public Library", "boroname": "Brooklyn", "type": "Free", "provider": "BPL", "location_t": "Library" }, "geometry": { "type": "Point", "coordinates": [ -73.934805470300006, 40.683004902 ] } },
{ "type": "Feature", "properties": { "objectid": 12738, "name": "mn-03-123260", "boroname": "Manhattan", "type": "Free", "provider": "LinkNYC - Citybridge", "location_t": "Outdoor Kiosk" }, "geometry": { "type": "Point", "coordinates": [ -73.989248000399996, 40.726263 ] } },
{ "type": "Feature", "properties": { "objectid": 9707, "name": "Seton Falls Park", "boroname": "Bronx", "type": "Limited Free", "provider": "ALTICEUSA", "location_t": "Outdoor" }, "geometry": { "type": "Point", "coordinates": [ -73.835951000199998, 40.887637000200002 ] } },
{ "type": "Feature", "properties": { "objectid": 12104, "name": "mn-05-122180", "boroname": "Manhattan", "type": "Free", "provider": "LinkNYC - Citybridge", "location_t": "Outdoor Kiosk" }, "geometry": { "type": "Point", "coordinates": [ -73.988398999599994, 40.746623999900002 ] } },
{ "type": "Feature", "properties": { "objectid": 11560, "name": "Rockaway Beach and Boardwalk", "boroname": "Queens", "type": "Limited Free", "provider": "SPECTRUM", "location_t": "Outdoor" }, "geometry": { "type": "Point", "coordinates": [ -73.835761000600002, 40.577845999799997 ] } },
{ "type": "Feature", "properties": { "objectid": 10832, "name": "Christopher St-Sheridan Sq (1)", "boroname": "Manhattan", "type": "Free", "provider": "Transit Wireless", "location_t": "Subway Station" }, "geometry": { "type": "Point", "coordinates": [ -74.002905999700005, 40.733422000099999 ] } },
{ "type": "Feature", "properties": { "objectid": 9790, "name": "bk-04-103731", "boroname": "Brooklyn", "type": "Free", "provider": "LinkNYC - Citybridge", "location_t": "Outdoor Kiosk" }, "geometry": { "type": "Point", "coordinates": [ -73.93844701, 40.698876230099998 ] } },
{ "type": "Feature", "properties": { "objectid": 11928, "name": "bk-14-145813", "boroname": "Brooklyn", "type": "Free", "provider": "LinkNYC - Citybridge", "location_t": "Outdoor Kiosk" }, "geometry": { "type": "Point", "coordinates": [ -73.95850153, 40.65002892 ] } },
{ "type": "Feature", "properties": { "objectid": 10285, "name": "qu-09-145878", "boroname": "Queens", "type": "Free", "provider": "LinkNYC - Citybridge", "location_t": "Outdoor Kiosk" }, "geometry": { "type": "Point", "coordinates": [ -73.837292999400006, 40.697046999800001 ] } },
{ "type": "Feature", "properties": { "objectid": 10760, "name": "Gun Hill Playground", "boroname": "Bronx", "type": "Limited Free", "provider": "ALTICEUSA", "location_t": "Outdoor" }, "geometry": { "type": "Point", "coordinates": [ -73.865540000500005, 40.874549999599999 ] } },
{ "type": "Feature", "properties": { "objectid": 10803, "name": "Fulton St (J,M,Z,2,3,4,5)/Bway-Nassau St (A,C) (Fulton St [J,Z])", "boroname": "Manhattan", "type": "Free", "provider": "Transit Wireless", "location_t": "Subway Station" }, "geometry": { "type": "Point", "coordinates": [ -74.007582000200003, 40.710373999700003 ] } },
{ "type": "Feature", "properties": { "objectid": 10787, "name": "191 St (1)", "boroname": "Manhattan", "type": "Free", "provider": "Transit Wireless", "location_t": "Subway Station" }, "geometry": { "type": "Point", "coordinates": [ -73.929411999799996, 40.855225 ] } },
{ "type": "Feature", "properties": { "objectid": 10718, "name": "mn-03-115304", "boroname": "Manhattan", "type": "Free", "provider": "LinkNYC - Citybridge", "location_t": "Outdoor Kiosk" }, "geometry": { "type": "Point", "coordinates": [ -73.988390099900002, 40.723579929899998 ] } },
{ "type": "Feature", "properties": { "objectid": 10146, "name": null, "boroname": "Manhattan", "type": "Free", "provider": "Harlem", "location_t": "Outdoor" }, "geometry": { "type": "Point", "coordinates": [ -73.945597999900002, 40.798728 ] } },
{ "type": "Feature", "properties": { "objectid": 12825, "name": "mn-08-136989", "boroname": "Manhattan", "type": "Free", "provider": "LinkNYC - Citybridge", "location_t": "Outdoor Kiosk" }, "geometry": { "type": "Point", "coordinates": [ -73.965653000100005, 40.763037000200001 ] } },
{ "type": "Feature", "properties": { "objectid": 10436, "name": "Coffey Park", "boroname": "Brooklyn", "type": "Limited Free", "provider": "SPECTRUM", "location_t": "Outdoor" }, "geometry": { "type": "Point", "coordinates": [ -74.008722999599996, 40.677192999699997 ] } },
{ "type": "Feature", "properties": { "objectid": 9615, "name": "bx-01-146086", "boroname": "Bronx", "type": "Free", "provider": "LinkNYC - Citybridge", "location_t": "Outdoor Kiosk" }, "geometry": { "type": "Point", "coordinates": [ -73.923332280300002, 40.808292729800002 ] } },
{ "type": "Feature", "properties": { "objectid": 12923, "name": "mn-05-122096", "boroname": "Manhattan", "type": "Free", "provider": "LinkNYC - Citybridge", "location_t": "Outdoor Kiosk" }, "geometry": { "type": "Point", "coordinates": [ -73.985702829800005, 40.757869069599998 ] } },
{ "type": "Feature", "properties": { "objectid": 9762, "name": "mn-06-134834", "boroname": "Manhattan", "type": "Free", "provider": "LinkNYC - Citybridge", "location_t": "Outdoor Kiosk" }, "geometry": { "type": "Point", "coordinates": [ -73.977694490399998, 40.742068620399998 ] } },
{ "type": "Feature", "properties": { "objectid": 10505, "name": null, "boroname": "Manhattan", "type": "Free", "provider": "Chelsea", "location_t": "Outdoor" }, "geometry": { "type": "Point", "coordinates": [ -74.002962112399999, 40.742477453500001 ] } },
{ "type": "Feature", "properties": { "objectid": 12640, "name": "bk-02-126807", "boroname": "Brooklyn", "type": "Free", "provider": "LinkNYC - Citybridge", "location_t": "Outdoor Kiosk" }, "geometry": { "type": "Point", "coordinates": [ -73.976370791099995, 40.686960588200002 ] } },
{ "type": "Feature", "properties": { "objectid": 11136, "name": "qu-01-145958", "boroname": "Queens", "type": "Free", "provider": "LinkNYC - Citybridge", "location_t": "Outdoor Kiosk" }, "geometry": { "type": "Point", "coordinates": [ -73.934942740300002, 40.75114906 ] } },
{ "type": "Feature", "properties": { "objectid": 11798, "name": "bx-06-118932", "boroname": "Bronx", "type": "Free", "provider": "LinkNYC - Citybridge", "location_t": "Outdoor Kiosk" }, "geometry": { "type": "Point", "coordinates": [ -73.901391634299998, 40.846646411099996 ] } },
{ "type": "Feature", "properties": { "objectid": 12254, "name": "mn-06-133465", "boroname": "Manhattan", "type": "Free", "provider": "LinkNYC - Citybridge", "location_t": "Outdoor Kiosk" }, "geometry": { "type": "Point", "coordinates": [ -73.979316000200001, 40.743875999899998 ] } },
{ "type": "Feature", "properties": { "objectid": 10183, "name": "0", "boroname": "Brooklyn", "type": "Free", "provider": "City Tech", "location_t": "Outdoor" }, "geometry": { "type": "Point", "coordinates": [ -73.987394100399996, 40.695902199700001 ] } },
{ "type": "Feature", "properties": { "objectid": 11045, "name": "qu-02-124987", "boroname": "Queens", "type": "Free", "provider": "LinkNYC - Citybridge", "location_t": "Outdoor Kiosk" }, "geometry": { "type": "Point", "coordinates": [ -73.918995049399996, 40.7422112697 ] } },
{ "type": "Feature", "properties": { "objectid": 12146, "name": "mn-10-119900", "boroname": "Manhattan", "type": "Free", "provider": "LinkNYC - Citybridge", "location_t": "Outdoor Kiosk" }, "geometry": { "type": "Point", "coordinates": [ -73.939767339499994, 40.8259668699 ] } },
{ "type": "Feature", "properties": { "objectid": 11989, "name": "bk-09-127020", "boroname": "Brooklyn", "type": "Free", "provider": "LinkNYC - Citybridge", "location_t": "Outdoor Kiosk" }, "geometry": { "type": "Point", "coordinates": [ -73.950913349499999, 40.666202830300001 ] } },
{ "type": "Feature", "properties": { "objectid": 12078, "name": "bk-06-125921", "boroname": "Brooklyn", "type": "Free", "provider": "LinkNYC - Citybridge", "location_t": "Outdoor Kiosk" }, "geometry": { "type": "Point", "coordinates": [ -73.98595804, 40.669731049699998 ] } },
{ "type": "Feature", "properties": { "objectid": 10649, "name": "mn-07-121337", "boroname": "Manhattan", "type": "Free", "provider": "LinkNYC - Citybridge", "location_t": "Outdoor Kiosk" }, "geometry": { "type": "Point", "coordinates": [ -73.9818287895, 40.7753902798 ] } },
{ "type": "Feature", "properties": { "objectid": 10877, "name": "Bryant Park", "boroname": "Manhattan", "type": "Partner Site", "provider": "Partner", "location_t": "Outdoor" }, "geometry": { "type": "Point", "coordinates": [ -73.983300000100002, 40.753799999800002 ] } },
{ "type": "Feature", "properties": { "objectid": 10934, "name": null, "boroname": "Manhattan", "type": "Free", "provider": "Harlem", "location_t": "Outdoor" }, "geometry": { "type": "Point", "coordinates": [ -73.946688000500004, 40.8160890001 ] } },
{ "type": "Feature", "properties": { "objectid": 12433, "name": "14 St-Union Square (L,N,Q,R,4,5,6)", "boroname": "Manhattan", "type": "Free", "provider": "Transit Wireless", "location_t": "Subway Station" }, "geometry": { "type": "Point", "coordinates": [ -73.990730000100001, 40.734789000399999 ] } },
{ "type": "Feature", "properties": { "objectid": 11991, "name": "bx-05-119648", "boroname": "Bronx", "type": "Free", "provider": "LinkNYC - Citybridge", "location_t": "Outdoor Kiosk" }, "geometry": { "type": "Point", "coordinates": [ -73.896443550300006, 40.8611743803 ] } },
{ "type": "Feature", "properties": { "objectid": 9779, "name": "mn-05-122095", "boroname": "Manhattan", "type": "Free", "provider": "LinkNYC - Citybridge", "location_t": "Outdoor Kiosk" }, "geometry": { "type": "Point", "coordinates": [ -73.986633580499998, 40.756638150400001 ] } },
{ "type": "Feature", "properties": { "objectid": 11077, "name": "bx-05-119566", "boroname": "Bronx", "type": "Free", "provider": "LinkNYC - Citybridge", "location_t": "Outdoor Kiosk" }, "geometry": { "type": "Point", "coordinates": [ -73.911439, 40.854764000099998 ] } },
{ "type": "Feature", "properties": { "objectid": 10451, "name": "Gertrude Ederle Recreation Center", "boroname": "Manhattan", "type": "Limited Free", "provider": "SPECTRUM", "location_t": "Indoor" }, "geometry": { "type": "Point", "coordinates": [ -73.988108999600001, 40.7714420004 ] } },
{ "type": "Feature", "properties": { "objectid": 11409, "name": "28th Street - (6)", "boroname": "Manhattan", "type": "Free", "provider": "Transit Wireless", "location_t": "Subway Station" }, "geometry": { "type": "Point", "coordinates": [ -73.984263999899994, 40.743070000199999 ] } },
{ "type": "Feature", "properties": { "objectid": 11387, "name": "116 St (2,3)", "boroname": "Manhattan", "type": "Free", "provider": "Transit Wireless", "location_t": "Subway Station" }, "geometry": { "type": "Point", "coordinates": [ -73.949624999799994, 40.802098 ] } },
{ "type": "Feature", "properties": { "objectid": 10633, "name": "mn-11-137841", "boroname": "Manhattan", "type": "Free", "provider": "LinkNYC - Citybridge", "location_t": "Outdoor Kiosk" }, "geometry": { "type": "Point", "coordinates": [ -73.9372489995, 40.8015401826 ] } },
{ "type": "Feature", "properties": { "objectid": 11251, "name": "mn-08-115163", "boroname": "Manhattan", "type": "Free", "provider": "LinkNYC - Citybridge", "location_t": "Outdoor Kiosk" }, "geometry": { "type": "Point", "coordinates": [ -73.960152900200001, 40.761910270400001 ] } },
{ "type": "Feature", "properties": { "objectid": 11927, "name": "bk-14-145755", "boroname": "Brooklyn", "type": "Free", "provider": "LinkNYC - Citybridge", "location_t": "Outdoor Kiosk" }, "geometry": { "type": "Point", "coordinates": [ -73.959115290400007, 40.65245679 ] } },
{ "type": "Feature", "properties": { "objectid": 12581, "name": "bx-05-119592", "boroname": "Bronx", "type": "Free", "provider": "LinkNYC - Citybridge", "location_t": "Outdoor Kiosk" }, "geometry": { "type": "Point", "coordinates": [ -73.9054030004, 40.853157 ] } },
{ "type": "Feature", "properties": { "objectid": 10806, "name": "Fulton St (J,M,Z,2,3,4,5)/Bway-Nassau St (A,C) (4-5)", "boroname": "Manhattan", "type": "Free", "provider": "Transit Wireless", "location_t": "Subway Station" }, "geometry": { "type": "Point", "coordinates": [ -73.999153, 40.714170000400003 ] } },
{ "type": "Feature", "properties": { "objectid": 9626, "name": "mn-10-119884", "boroname": "Manhattan", "type": "Free", "provider": "LinkNYC - Citybridge", "location_t": "Outdoor Kiosk" }, "geometry": { "type": "Point", "coordinates": [ -73.947919579599997, 40.814447359699997 ] } },
{ "type": "Feature", "properties": { "objectid": 12198, "name": "mn-10-134720", "boroname": "Manhattan", "type": "Free", "provider": "LinkNYC - Citybridge", "location_t": "Outdoor Kiosk" }, "geometry": { "type": "Point", "coordinates": [ -73.938364549900001, 40.822902250200002 ] } },
{ "type": "Feature", "properties": { "objectid": 10232, "name": "Rockaway Beach and Boardwalk", "boroname": "Queens", "type": "Limited Free", "provider": "SPECTRUM", "location_t": "Outdoor" }, "geometry": { "type": "Point", "coordinates": [ -73.826295999699994, 40.580558999799997 ] } },
{ "type": "Feature", "properties": { "objectid": 10399, "name": null, "boroname": "Manhattan", "type": "Free", "provider": "Harlem", "location_t": "Outdoor" }, "geometry": { "type": "Point", "coordinates": [ -73.952793000300005, 40.807542999900001 ] } },
{ "type": "Feature", "properties": { "objectid": 9841, "name": "bk-06-145876", "boroname": "Brooklyn", "type": "Free", "provider": "LinkNYC - Citybridge", "location_t": "Outdoor Kiosk" }, "geometry": { "type": "Point", "coordinates": [ -73.992772539900002, 40.683436070100001 ] } },
{ "type": "Feature", "properties": { "objectid": 10004, "name": "Bay Ridge - Brooklyn Public Library", "boroname": "Brooklyn", "type": "Free", "provider": "BPL", "location_t": "Library" }, "geometry": { "type": "Point", "coordinates": [ -74.029538351900001, 40.633625713400001 ] } },
{ "type": "Feature", "properties": { "objectid": 11707, "name": "Coney Island Beach & Boardwalk", "boroname": "Brooklyn", "type": "Limited Free", "provider": "ALTICEUSA", "location_t": "Outdoor" }, "geometry": { "type": "Point", "coordinates": [ -73.9857469998, 40.572669000200001 ] } },
{ "type": "Feature", "properties": { "objectid": 10837, "name": "City Hall (R)", "boroname": "Manhattan", "type": "Free", "provider": "Transit Wireless", "location_t": "Subway Station" }, "geometry": { "type": "Point", "coordinates": [ -74.006977999699998, 40.7132820004 ] } },
{ "type": "Feature", "properties": { "objectid": 11830, "name": "mn-10-120055", "boroname": "Manhattan", "type": "Free", "provider": "LinkNYC - Citybridge", "location_t": "Outdoor Kiosk" }, "geometry": { "type": "Point", "coordinates": [ -73.942056000400001, 40.8172640003 ] } },
{ "type": "Feature", "properties": { "objectid": 10970, "name": "Prospect Park Band Shell", "boroname": "Brooklyn", "type": "Limited Free", "provider": "SPECTRUM", "location_t": "Outdoor TWC Aerial" }, "geometry": { "type": "Point", "coordinates": [ -73.976291999599994, 40.663094000199997 ] } },
{ "type": "Feature", "properties": { "objectid": 11942, "name": "bk-03-145837", "boroname": "Brooklyn", "type": "Free", "provider": "LinkNYC - Citybridge", "location_t": "Outdoor Kiosk" }, "geometry": { "type": "Point", "coordinates": [ -73.949473000400005, 40.679986999599997 ] } },
{ "type": "Feature", "properties": { "objectid": 11258, "name": "bk-01-108952", "boroname": "Brooklyn", "type": "Free", "provider": "LinkNYC - Citybridge", "location_t": "Outdoor Kiosk" }, "geometry": { "type": "Point", "coordinates": [ -73.949963490100004, 40.705370959900002 ] } },
{ "type": "Feature", "properties": { "objectid": 10601, "name": "Baisley Pond Park", "boroname": "Queens", "type": "Limited Free", "provider": "SPECTRUM", "location_t": "Outdoor TWC Aerial" }, "geometry": { "type": "Point", "coordinates": [ -73.786780000299999, 40.672679999899998 ] } },
{ "type": "Feature", "properties": { "objectid": 12889, "name": "mn-09-120370", "boroname": "Manhattan", "type": "Free", "provider": "LinkNYC - Citybridge", "location_t": "Outdoor Kiosk" }, "geometry": { "type": "Point", "coordinates": [ -73.953498289799995, 40.822703960299997 ] } },
{ "type": "Feature", "properties": { "objectid": 9828, "name": "Governors Island", "boroname": "Manhattan", "type": "Free", "provider": "Fiberless", "location_t": "Outdoor" }, "geometry": { "type": "Point", "coordinates": [ -74.018050000200006, 40.689330000299996 ] } },
{ "type": "Feature", "properties": { "objectid": 9956, "name": "Forest Hills", "boroname": "Queens", "type": "Free", "provider": "QPL", "location_t": "Library" }, "geometry": { "type": "Point", "coordinates": [ -73.843014996799994, 40.722146953200003 ] } },
{ "type": "Feature", "properties": { "objectid": 11868, "name": "mn-10-143395", "boroname": "Manhattan", "type": "Free", "provider": "LinkNYC - Citybridge", "location_t": "Outdoor Kiosk" }, "geometry": { "type": "Point", "coordinates": [ -73.942074509700007, 40.817821450399997 ] } },
{ "type": "Feature", "properties": { "objectid": 10200, "name": "0", "boroname": "Brooklyn", "type": "Free", "provider": "NYCHA", "location_t": "Outdoor" }, "geometry": { "type": "Point", "coordinates": [ -73.982909200199998, 40.693727 ] } },
{ "type": "Feature", "properties": { "objectid": 9973, "name": "Muhlenberg", "boroname": "Manhattan", "type": "Free", "provider": "NYPL", "location_t": "Library" }, "geometry": { "type": "Point", "coordinates": [ -73.995959716100003, 40.7445100483 ] } },
{ "type": "Feature", "properties": { "objectid": 11638, "name": "Wolfe's Pond Park", "boroname": "Staten Island", "type": "Limited Free", "provider": "SPECTRUM", "location_t": "Outdoor" }, "geometry": { "type": "Point", "coordinates": [ -74.188230999599995, 40.519237000099999 ] } },
{ "type": "Feature", "properties": { "objectid": 10926, "name": null, "boroname": "Manhattan", "type": "Free", "provider": "Harlem", "location_t": "Outdoor" }, "geometry": { "type": "Point", "coordinates": [ -73.9454440003, 40.812627999900002 ] } },
{ "type": "Feature", "properties": { "objectid": 9767, "name": "mn-07-144086", "boroname": "Manhattan", "type": "Free", "provider": "LinkNYC - Citybridge", "location_t": "Outdoor Kiosk" }, "geometry": { "type": "Point", "coordinates": [ -73.978629400499997, 40.777241209899998 ] } },
{ "type": "Feature", "properties": { "objectid": 12852, "name": "mn-08-134740", "boroname": "Manhattan", "type": "Free", "provider": "LinkNYC - Citybridge", "location_t": "Outdoor Kiosk" }, "geometry": { "type": "Point", "coordinates": [ -73.955139079800006, 40.777020029699997 ] } },
{ "type": "Feature", "properties": { "objectid": 12570, "name": "mn-05-136213", "boroname": "Manhattan", "type": "Free", "provider": "LinkNYC - Citybridge", "location_t": "Outdoor Kiosk" }, "geometry": { "type": "Point", "coordinates": [ -73.995553000100003, 40.749122000200003 ] } },
{ "type": "Feature", "properties": { "objectid": 11937, "name": "bk-08-145990", "boroname": "Brooklyn", "type": "Free", "provider": "LinkNYC - Citybridge", "location_t": "Outdoor Kiosk" }, "geometry": { "type": "Point", "coordinates": [ -73.955857999599999, 40.6767139998 ] } },
{ "type": "Feature", "properties": { "objectid": 12635, "name": "bk-09-126617", "boroname": "Brooklyn", "type": "Free", "provider": "LinkNYC - Citybridge", "location_t": "Outdoor Kiosk" }, "geometry": { "type": "Point", "coordinates": [ -73.958261419899998, 40.6696520904 ] } },
{ "type": "Feature", "properties": { "objectid": 11445, "name": "mn-07-120640", "boroname": "Manhattan", "type": "Free", "provider": "LinkNYC - Citybridge", "location_t": "Outdoor Kiosk" }, "geometry": { "type": "Point", "coordinates": [ -73.9617454, 40.800591579699997 ] } },
{ "type": "Feature", "properties": { "objectid": 9929, "name": "58th Street", "boroname": "Manhattan", "type": "Free", "provider": "NYPL", "location_t": "Library" }, "geometry": { "type": "Point", "coordinates": [ -73.969381704699998, 40.762186017700003 ] } },
{ "type": "Feature", "properties": { "objectid": 12842, "name": "mn-08-120999", "boroname": "Manhattan", "type": "Free", "provider": "LinkNYC - Citybridge", "location_t": "Outdoor Kiosk" }, "geometry": { "type": "Point", "coordinates": [ -73.958946830100004, 40.7723666296 ] } },
{ "type": "Feature", "properties": { "objectid": 11418, "name": "57th Street - F", "boroname": "Manhattan", "type": "Free", "provider": "Transit Wireless", "location_t": "Subway Station" }, "geometry": { "type": "Point", "coordinates": [ -73.977451, 40.763970999800001 ] } },
{ "type": "Feature", "properties": { "objectid": 11488, "name": "mn-04-123661", "boroname": "Manhattan", "type": "Free", "provider": "LinkNYC - Citybridge", "location_t": "Outdoor Kiosk" }, "geometry": { "type": "Point", "coordinates": [ -73.994536999900006, 40.745447999600003 ] } },
{ "type": "Feature", "properties": { "objectid": 11532, "name": null, "boroname": "Brooklyn", "type": "Free", "provider": "Downtown Brooklyn", "location_t": "Outdoor" }, "geometry": { "type": "Point", "coordinates": [ -73.986073999799999, 40.696651999799997 ] } },
{ "type": "Feature", "properties": { "objectid": 9817, "name": "mn-04-135171", "boroname": "Manhattan", "type": "Free", "provider": "LinkNYC - Citybridge", "location_t": "Outdoor Kiosk" }, "geometry": { "type": "Point", "coordinates": [ -74.0044441302, 40.742418549699998 ] } },
{ "type": "Feature", "properties": { "objectid": 12332, "name": "mn-07-121295", "boroname": "Manhattan", "type": "Free", "provider": "LinkNYC - Citybridge", "location_t": "Outdoor Kiosk" }, "geometry": { "type": "Point", "coordinates": [ -73.974809999499996, 40.790818000100003 ] } },
{ "type": "Feature", "properties": { "objectid": 9924, "name": "West Farms", "boroname": "Bronx", "type": "Free", "provider": "NYPL", "location_t": "Library" }, "geometry": { "type": "Point", "coordinates": [ -73.883044690399998, 40.844674090700003 ] } },
{ "type": "Feature", "properties": { "objectid": 12940, "name": "mn-06-121369", "boroname": "Manhattan", "type": "Free", "provider": "LinkNYC - Citybridge", "location_t": "Outdoor Kiosk" }, "geometry": { "type": "Point", "coordinates": [ -73.972507000199997, 40.749203000400001 ] } },
{ "type": "Feature", "properties": { "objectid": 12268, "name": "mn-06-121527", "boroname": "Manhattan", "type": "Free", "provider": "LinkNYC - Citybridge", "location_t": "Outdoor Kiosk" }, "geometry": { "type": "Point", "coordinates": [ -73.974741000400002, 40.750155999699999 ] } },
{ "type": "Feature", "properties": { "objectid": 9780, "name": "mn-01-123041", "boroname": "Manhattan", "type": "Free", "provider": "LinkNYC - Citybridge", "location_t": "Outdoor Kiosk" }, "geometry": { "type": "Point", "coordinates": [ -74.006511699900003, 40.714208650300002 ] } },
{ "type": "Feature", "properties": { "objectid": 12713, "name": "mn-06-121649", "boroname": "Manhattan", "type": "Free", "provider": "LinkNYC - Citybridge", "location_t": "Outdoor Kiosk" }, "geometry": { "type": "Point", "coordinates": [ -73.982371599499999, 40.74832255 ] } },
{ "type": "Feature", "properties": { "objectid": 10732, "name": "mn-05-121611", "boroname": "Manhattan", "type": "Free", "provider": "LinkNYC - Citybridge", "location_t": "Outdoor Kiosk" }, "geometry": { "type": "Point", "coordinates": [ -73.985244629799993, 40.747114409600002 ] } },
{ "type": "Feature", "properties": { "objectid": 11382, "name": "ROOSEVELT AVENUE (JACKSON HEIGHTS)", "boroname": "Queens", "type": "Free", "provider": "Transit Wireless", "location_t": "Subway Station" }, "geometry": { "type": "Point", "coordinates": [ -73.891337999499996, 40.7466439998 ] } },
{ "type": "Feature", "properties": { "objectid": 11330, "name": null, "boroname": "Brooklyn", "type": "Free", "provider": "Downtown Brooklyn", "location_t": "Outdoor" }, "geometry": { "type": "Point", "coordinates": [ -73.986620000499997, 40.691224000399998 ] } },
{ "type": "Feature", "properties": { "objectid": 11311, "name": "Chatham Square", "boroname": "Manhattan", "type": "Free", "provider": "NYPL", "location_t": "Library" }, "geometry": { "type": "Point", "coordinates": [ -73.996489866399997, 40.713333070499999 ] } },
{ "type": "Feature", "properties": { "objectid": 12509, "name": "mn-06-121816", "boroname": "Manhattan", "type": "Free", "provider": "LinkNYC - Citybridge", "location_t": "Outdoor Kiosk" }, "geometry": { "type": "Point", "coordinates": [ -73.972325999500001, 40.753899000300002 ] } },
{ "type": "Feature", "properties": { "objectid": 11002, "name": "Chelsea Park", "boroname": "Manhattan", "type": "Limited Free", "provider": "SPECTRUM", "location_t": "Outdoor" }, "geometry": { "type": "Point", "coordinates": [ -74.000710999399999, 40.749783000299999 ] } },
{ "type": "Feature", "properties": { "objectid": 10821, "name": "161 St-Yankee Stadium (B,D,4)", "boroname": "Bronx", "type": "Free", "provider": "Transit Wireless", "location_t": "Subway Station" }, "geometry": { "type": "Point", "coordinates": [ -73.925651000100004, 40.827904999700003 ] } },
{ "type": "Feature", "properties": { "objectid": 11568, "name": "Rockaway Beach and Boardwalk", "boroname": "Queens", "type": "Limited Free", "provider": "SPECTRUM", "location_t": "Outdoor TWC Aerial" }, "geometry": { "type": "Point", "coordinates": [ -73.747247000300007, 40.595714 ] } },
{ "type": "Feature", "properties": { "objectid": 11473, "name": "mn-07-122841", "boroname": "Manhattan", "type": "Free", "provider": "LinkNYC - Citybridge", "location_t": "Outdoor Kiosk" }, "geometry": { "type": "Point", "coordinates": [ -73.982773089899993, 40.7717801999 ] } },
{ "type": "Feature", "properties": { "objectid": 12448, "name": "mn-07-133628", "boroname": "Manhattan", "type": "Free", "provider": "LinkNYC - Citybridge", "location_t": "Outdoor Kiosk" }, "geometry": { "type": "Point", "coordinates": [ -73.970279009799995, 40.796425249899997 ] } },
{ "type": "Feature", "properties": { "objectid": 12874, "name": "si-02-145728", "boroname": "Staten Island", "type": "Free", "provider": "LinkNYC - Citybridge", "location_t": "Outdoor Kiosk" }, "geometry": { "type": "Point", "coordinates": [ -74.116074999600002, 40.5638429997 ] } },
{ "type": "Feature", "properties": { "objectid": 11697, "name": "Coney Island Beach & Boardwalk", "boroname": "Brooklyn", "type": "Limited Free", "provider": "ALTICEUSA", "location_t": "Outdoor" }, "geometry": { "type": "Point", "coordinates": [ -73.979852999399995, 40.573428000100002 ] } },
{ "type": "Feature", "properties": { "objectid": 10312, "name": "bk-02-145868", "boroname": "Brooklyn", "type": "Free", "provider": "LinkNYC - Citybridge", "location_t": "Outdoor Kiosk" }, "geometry": { "type": "Point", "coordinates": [ -73.967753180100004, 40.682267530099999 ] } },
{ "type": "Feature", "properties": { "objectid": 10995, "name": "Brooklyn Heights Promenade", "boroname": "Brooklyn", "type": "Limited Free", "provider": "SPECTRUM", "location_t": "Outdoor" }, "geometry": { "type": "Point", "coordinates": [ -73.997183000099994, 40.697669000099999 ] } },
{ "type": "Feature", "properties": { "objectid": 9877, "name": null, "boroname": "Brooklyn", "type": "Free", "provider": "Downtown Brooklyn", "location_t": "Outdoor" }, "geometry": { "type": "Point", "coordinates": [ -73.982158000499993, 40.689942 ] } },
{ "type": "Feature", "properties": { "objectid": 11450, "name": "mn-06-121694", "boroname": "Manhattan", "type": "Free", "provider": "LinkNYC - Citybridge", "location_t": "Outdoor Kiosk" }, "geometry": { "type": "Point", "coordinates": [ -73.963593449599998, 40.7576043101 ] } },
{ "type": "Feature", "properties": { "objectid": 11739, "name": "qu-09-143998", "boroname": "Queens", "type": "Free", "provider": "LinkNYC - Citybridge", "location_t": "Outdoor Kiosk" }, "geometry": { "type": "Point", "coordinates": [ -73.847844399799996, 40.694696859700002 ] } },
{ "type": "Feature", "properties": { "objectid": 11343, "name": "81st Street - Museum of Natural History - B, C", "boroname": "Manhattan", "type": "Free", "provider": "Transit Wireless", "location_t": "Subway Station" }, "geometry": { "type": "Point", "coordinates": [ -73.972143000100004, 40.781432999800003 ] } },
{ "type": "Feature", "properties": { "objectid": 11236, "name": "mn-03-122371", "boroname": "Manhattan", "type": "Free", "provider": "LinkNYC - Citybridge", "location_t": "Outdoor Kiosk" }, "geometry": { "type": "Point", "coordinates": [ -73.990581020199997, 40.717094750199998 ] } },
{ "type": "Feature", "properties": { "objectid": 11204, "name": "mn-06-121426", "boroname": "Manhattan", "type": "Free", "provider": "LinkNYC - Citybridge", "location_t": "Outdoor Kiosk" }, "geometry": { "type": "Point", "coordinates": [ -73.97424149, 40.747251059699998 ] } },
{ "type": "Feature", "properties": { "objectid": 11905, "name": "bx-05-119659", "boroname": "Bronx", "type": "Free", "provider": "LinkNYC - Citybridge", "location_t": "Outdoor Kiosk" }, "geometry": { "type": "Point", "coordinates": [ -73.893342999699996, 40.860026999699997 ] } },
{ "type": "Feature", "properties": { "objectid": 12652, "name": "mn-02-133446", "boroname": "Manhattan", "type": "Free", "provider": "LinkNYC - Citybridge", "location_t": "Outdoor Kiosk" }, "geometry": { "type": "Point", "coordinates": [ -73.991056030199999, 40.733891750200002 ] } },
{ "type": "Feature", "properties": { "objectid": 12749, "name": "mn-05-134283", "boroname": "Manhattan", "type": "Free", "provider": "LinkNYC - Citybridge", "location_t": "Outdoor Kiosk" }, "geometry": { "type": "Point", "coordinates": [ -73.983537500300002, 40.760526620299999 ] } },
{ "type": "Feature", "properties": { "objectid": 9966, "name": "Morrisania", "boroname": "Bronx", "type": "Free", "provider": "NYPL", "location_t": "Library" }, "geometry": { "type": "Point", "coordinates": [ -73.901788976500001, 40.831263722599999 ] } },
{ "type": "Feature", "properties": { "objectid": 10888, "name": "mn-05-122853", "boroname": "Manhattan", "type": "Free", "provider": "LinkNYC - Citybridge", "location_t": "Outdoor Kiosk" }, "geometry": { "type": "Point", "coordinates": [ -73.974732279799994, 40.7624675498 ] } },
{ "type": "Feature", "properties": { "objectid": 10266, "name": "bk-01-145995", "boroname": "Brooklyn", "type": "Free", "provider": "LinkNYC - Citybridge", "location_t": "Outdoor Kiosk" }, "geometry": { "type": "Point", "coordinates": [ -73.966930419600004, 40.7139138601 ] } },
{ "type": "Feature", "properties": { "objectid": 12575, "name": "mn-05-136910", "boroname": "Manhattan", "type": "Free", "provider": "LinkNYC - Citybridge", "location_t": "Outdoor Kiosk" }, "geometry": { "type": "Point", "coordinates": [ -73.994993000299999, 40.749879999800001 ] } },
{ "type": "Feature", "properties": { "objectid": 12061, "name": "bk-01-138951", "boroname": "Brooklyn", "type": "Free", "provider": "LinkNYC - Citybridge", "location_t": "Outdoor Kiosk" }, "geometry": { "type": "Point", "coordinates": [ -73.942488590099998, 40.7016675303 ] } },
{ "type": "Feature", "properties": { "objectid": 12141, "name": "mn-08-121764", "boroname": "Manhattan", "type": "Free", "provider": "LinkNYC - Citybridge", "location_t": "Outdoor Kiosk" }, "geometry": { "type": "Point", "coordinates": [ -73.964180670299996, 40.761049040400003 ] } },
{ "type": "Feature", "properties": { "objectid": 9834, "name": "bx-01-146065", "boroname": "Bronx", "type": "Free", "provider": "LinkNYC - Citybridge", "location_t": "Outdoor Kiosk" }, "geometry": { "type": "Point", "coordinates": [ -73.909427480399998, 40.822337919699997 ] } },
{ "type": "Feature", "properties": { "objectid": 11263, "name": "bk-09-127716", "boroname": "Brooklyn", "type": "Free", "provider": "LinkNYC - Citybridge", "location_t": "Outdoor Kiosk" }, "geometry": { "type": "Point", "coordinates": [ -73.950809280399994, 40.667346130399999 ] } },
{ "type": "Feature", "properties": { "objectid": 10620, "name": "mn-11-120226", "boroname": "Manhattan", "type": "Free", "provider": "LinkNYC - Citybridge", "location_t": "Outdoor Kiosk" }, "geometry": { "type": "Point", "coordinates": [ -73.945683000200006, 40.790401000300001 ] } },
{ "type": "Feature", "properties": { "objectid": 9993, "name": "Flushing", "boroname": "Queens", "type": "Free", "provider": "QPL", "location_t": "Library" }, "geometry": { "type": "Point", "coordinates": [ -73.828884685099993, 40.757774068300002 ] } },
{ "type": "Feature", "properties": { "objectid": 12808, "name": "qu-12-141534", "boroname": "Queens", "type": "Free", "provider": "LinkNYC - Citybridge", "location_t": "Outdoor Kiosk" }, "geometry": { "type": "Point", "coordinates": [ -73.806476999400005, 40.701852999700002 ] } },
{ "type": "Feature", "properties": { "objectid": 10420, "name": null, "boroname": "Brooklyn", "type": "Free", "provider": "Downtown Brooklyn", "location_t": "Outdoor" }, "geometry": { "type": "Point", "coordinates": [ -73.980927999800002, 40.689989000399997 ] } },
{ "type": "Feature", "properties": { "objectid": 12847, "name": "mn-08-121016", "boroname": "Manhattan", "type": "Free", "provider": "LinkNYC - Citybridge", "location_t": "Outdoor Kiosk" }, "geometry": { "type": "Point", "coordinates": [ -73.957498999899997, 40.774207000200001 ] } },
{ "type": "Feature", "properties": { "objectid": 9909, "name": "bk-01-145858", "boroname": "Brooklyn", "type": "Free", "provider": "LinkNYC - Citybridge", "location_t": "Outdoor Kiosk" }, "geometry": { "type": "Point", "coordinates": [ -73.946852999900003, 40.719510999900002 ] } },
{ "type": "Feature", "properties": { "objectid": 10132, "name": null, "boroname": "Manhattan", "type": "Free", "provider": "Harlem", "location_t": "Outdoor" }, "geometry": { "type": "Point", "coordinates": [ -73.950042000500005, 40.8116839996 ] } },
{ "type": "Feature", "properties": { "objectid": 10869, "name": "Bryant Park", "boroname": "Manhattan", "type": "Limited Free", "provider": "SPECTRUM", "location_t": "Outdoor" }, "geometry": { "type": "Point", "coordinates": [ -73.984768999600007, 40.753689 ] } },
{ "type": "Feature", "properties": { "objectid": 12315, "name": "qu-02-143797", "boroname": "Queens", "type": "Free", "provider": "LinkNYC - Citybridge", "location_t": "Outdoor Kiosk" }, "geometry": { "type": "Point", "coordinates": [ -73.929829000500007, 40.7441509999 ] } },
{ "type": "Feature", "properties": { "objectid": 11895, "name": "bx-01-123217", "boroname": "Bronx", "type": "Free", "provider": "LinkNYC - Citybridge", "location_t": "Outdoor Kiosk" }, "geometry": { "type": "Point", "coordinates": [ -73.914242459700006, 40.818860359699997 ] } },
{ "type": "Feature", "properties": { "objectid": 12230, "name": "mn-06-137072", "boroname": "Manhattan", "type": "Free", "provider": "LinkNYC - Citybridge", "location_t": "Outdoor Kiosk" }, "geometry": { "type": "Point", "coordinates": [ -73.97408803, 40.750716540299997 ] } },
{ "type": "Feature", "properties": { "objectid": 12543, "name": "mn-04-137007", "boroname": "Manhattan", "type": "Free", "provider": "LinkNYC - Citybridge", "location_t": "Outdoor Kiosk" }, "geometry": { "type": "Point", "coordinates": [ -74.001369999700003, 40.7411230003 ] } },
{ "type": "Feature", "properties": { "objectid": 11650, "name": "NYC - Detective Keith Williams Park", "boroname": "Queens", "type": "Limited Free", "provider": "SPECTRUM", "location_t": "Outdoor TWC Aerial" }, "geometry": { "type": "Point", "coordinates": [ -73.785704999900005, 40.703889999700003 ] } },
{ "type": "Feature", "properties": { "objectid": 9680, "name": "Pelham Bay Park", "boroname": "Bronx", "type": "Limited Free", "provider": "ALTICEUSA", "location_t": "Outdoor" }, "geometry": { "type": "Point", "coordinates": [ -73.820749999699999, 40.848322000400003 ] } },
{ "type": "Feature", "properties": { "objectid": 12100, "name": "mn-05-122522", "boroname": "Manhattan", "type": "Free", "provider": "LinkNYC - Citybridge", "location_t": "Outdoor Kiosk" }, "geometry": { "type": "Point", "coordinates": [ -73.981987809499998, 40.766174789600001 ] } },
{ "type": "Feature", "properties": { "objectid": 9934, "name": "Tottenville", "boroname": "Staten Island", "type": "Free", "provider": "NYPL", "location_t": "Library" }, "geometry": { "type": "Point", "coordinates": [ -74.244106708299995, 40.509531123899997 ] } },
{ "type": "Feature", "properties": { "objectid": 11296, "name": "Morningside Heights", "boroname": "Manhattan", "type": "Free", "provider": "NYPL", "location_t": "Library" }, "geometry": { "type": "Point", "coordinates": [ -73.964762060300004, 40.806090815600001 ] } },
{ "type": "Feature", "properties": { "objectid": 12169, "name": "mn-07-133639", "boroname": "Manhattan", "type": "Free", "provider": "LinkNYC - Citybridge", "location_t": "Outdoor Kiosk" }, "geometry": { "type": "Point", "coordinates": [ -73.970599430600004, 40.795995860300003 ] } },
{ "type": "Feature", "properties": { "objectid": 10293, "name": "bk-06-145895", "boroname": "Brooklyn", "type": "Free", "provider": "LinkNYC - Citybridge", "location_t": "Outdoor Kiosk" }, "geometry": { "type": "Point", "coordinates": [ -73.981468999499995, 40.675253999600002 ] } },
{ "type": "Feature", "properties": { "objectid": 12630, "name": "bk-03-126647", "boroname": "Brooklyn", "type": "Free", "provider": "LinkNYC - Citybridge", "location_t": "Outdoor Kiosk" }, "geometry": { "type": "Point", "coordinates": [ -73.916507, 40.678654000199998 ] } },
{ "type": "Feature", "properties": { "objectid": 10704, "name": "mn-02-123606", "boroname": "Manhattan", "type": "Free", "provider": "LinkNYC - Citybridge", "location_t": "Outdoor Kiosk" }, "geometry": { "type": "Point", "coordinates": [ -74.006986580499998, 40.727977979599999 ] } },
{ "type": "Feature", "properties": { "objectid": 12462, "name": "mn-07-134073", "boroname": "Manhattan", "type": "Free", "provider": "LinkNYC - Citybridge", "location_t": "Outdoor Kiosk" }, "geometry": { "type": "Point", "coordinates": [ -73.967707000100006, 40.801084000400003 ] } },
{ "type": "Feature", "properties": { "objectid": 12944, "name": "mn-06-121790", "boroname": "Manhattan", "type": "Free", "provider": "LinkNYC - Citybridge", "location_t": "Outdoor Kiosk" }, "geometry": { "type": "Point", "coordinates": [ -73.969261000200007, 40.753495999800002 ] } },
{ "type": "Feature", "properties": { "objectid": 10957, "name": null, "boroname": "Manhattan", "type": "Free", "provider": "Harlem", "location_t": "Outdoor" }, "geometry": { "type": "Point", "coordinates": [ -73.952404999500004, 40.802297999799997 ] } },
{ "type": "Feature", "properties": { "objectid": 10281, "name": "qu-09-145881", "boroname": "Queens", "type": "Free", "provider": "LinkNYC - Citybridge", "location_t": "Outdoor Kiosk" }, "geometry": { "type": "Point", "coordinates": [ -73.841187459599993, 40.695221380299998 ] } },
{ "type": "Feature", "properties": { "objectid": 9988, "name": "Library For Performing Arts", "boroname": "Manhattan", "type": "Free", "provider": "NYPL", "location_t": "Library" }, "geometry": { "type": "Point", "coordinates": [ -73.984546845200001, 40.773506991200001 ] } },
{ "type": "Feature", "properties": { "objectid": 9806, "name": "J. Hood Wright Recreation Center", "boroname": "Manhattan", "type": "Limited Free", "provider": "SPECTRUM", "location_t": "Indoor" }, "geometry": { "type": "Point", "coordinates": [ -73.940860000200004, 40.846561999899997 ] } },
{ "type": "Feature", "properties": { "objectid": 12136, "name": "mn-04-122470", "boroname": "Manhattan", "type": "Free", "provider": "LinkNYC - Citybridge", "location_t": "Outdoor Kiosk" }, "geometry": { "type": "Point", "coordinates": [ -73.9896589799, 40.76778999 ] } },
{ "type": "Feature", "properties": { "objectid": 11121, "name": "si-02-145826", "boroname": "Staten Island", "type": "Free", "provider": "LinkNYC - Citybridge", "location_t": "Outdoor Kiosk" }, "geometry": { "type": "Point", "coordinates": [ -74.101683999900004, 40.589032000099998 ] } },
{ "type": "Feature", "properties": { "objectid": 11037, "name": "mn-06-121773", "boroname": "Manhattan", "type": "Free", "provider": "LinkNYC - Citybridge", "location_t": "Outdoor Kiosk" }, "geometry": { "type": "Point", "coordinates": [ -73.965503789400003, 40.759233660200003 ] } },
{ "type": "Feature", "properties": { "objectid": 11665, "name": "Brownsville Recreation Center", "boroname": "Brooklyn", "type": "Limited Free", "provider": "ALTICEUSA", "location_t": "Outdoor" }, "geometry": { "type": "Point", "coordinates": [ -73.903152000299997, 40.657027999699999 ] } },
{ "type": "Feature", "properties": { "objectid": 11682, "name": "Coney Island Beach & Boardwalk", "boroname": "Brooklyn", "type": "Limited Free", "provider": "ALTICEUSA", "location_t": "Outdoor" }, "geometry": { "type": "Point", "coordinates": [ -73.981827000300001, 40.573218000200001 ] } },
{ "type": "Feature", "properties": { "objectid": 12203, "name": "mn-06-135647", "boroname": "Manhattan", "type": "Free", "provider": "LinkNYC - Citybridge", "location_t": "Outdoor Kiosk" }, "geometry": { "type": "Point", "coordinates": [ -73.979544190300004, 40.739962639700003 ] } },
{ "type": "Feature", "properties": { "objectid": 11974, "name": "mn-09-146052", "boroname": "Manhattan", "type": "Free", "provider": "LinkNYC - Citybridge", "location_t": "Outdoor Kiosk" }, "geometry": { "type": "Point", "coordinates": [ -73.9518703894, 40.8188679796 ] } },
{ "type": "Feature", "properties": { "objectid": 11754, "name": "qu-04-137796", "boroname": "Queens", "type": "Free", "provider": "LinkNYC - Citybridge", "location_t": "Outdoor Kiosk" }, "geometry": { "type": "Point", "coordinates": [ -73.888819900300007, 40.747059110400002 ] } },
{ "type": "Feature", "properties": { "objectid": 12879, "name": "bx-04-113552", "boroname": "Bronx", "type": "Free", "provider": "LinkNYC - Citybridge", "location_t": "Outdoor Kiosk" }, "geometry": { "type": "Point", "coordinates": [ -73.924832800499999, 40.827824709799998 ] } },
{ "type": "Feature", "properties": { "objectid": 10035, "name": "Williamsburgh - Brooklyn Public Library", "boroname": "Brooklyn", "type": "Free", "provider": "BPL", "location_t": "Library" }, "geometry": { "type": "Point", "coordinates": [ -73.957554613400006, 40.706930424699998 ] } },
{ "type": "Feature", "properties": { "objectid": 12562, "name": "mn-05-121354", "boroname": "Manhattan", "type": "Free", "provider": "LinkNYC - Citybridge", "location_t": "Outdoor Kiosk" }, "geometry": { "type": "Point", "coordinates": [ -73.989252000500002, 40.757753000299999 ] } },
{ "type": "Feature", "properties": { "objectid": 11173, "name": "bk-09-127022", "boroname": "Brooklyn", "type": "Free", "provider": "LinkNYC - Citybridge", "location_t": "Outdoor Kiosk" }, "geometry": { "type": "Point", "coordinates": [ -73.950406970200007, 40.657739649900002 ] } },
{ "type": "Feature", "properties": { "objectid": 11182, "name": "qu-01-125163", "boroname": "Queens", "type": "Free", "provider": "LinkNYC - Citybridge", "location_t": "Outdoor Kiosk" }, "geometry": { "type": "Point", "coordinates": [ -73.916673159799998, 40.76970698 ] } },
{ "type": "Feature", "properties": { "objectid": 11836, "name": "mn-12-121455", "boroname": "Manhattan", "type": "Free", "provider": "LinkNYC - Citybridge", "location_t": "Outdoor Kiosk" }, "geometry": { "type": "Point", "coordinates": [ -73.9351479, 40.8471969 ] } },
{ "type": "Feature", "properties": { "objectid": 12884, "name": "bk-06-145848", "boroname": "Brooklyn", "type": "Free", "provider": "LinkNYC - Citybridge", "location_t": "Outdoor Kiosk" }, "geometry": { "type": "Point", "coordinates": [ -73.973061800300002, 40.677588779700002 ] } },
{ "type": "Feature", "properties": { "objectid": 11098, "name": "mn-11-146004", "boroname": "Manhattan", "type": "Free", "provider": "LinkNYC - Citybridge", "location_t": "Outdoor Kiosk" }, "geometry": { "type": "Point", "coordinates": [ -73.939765239899998, 40.798785820399999 ] } },
{ "type": "Feature", "properties": { "objectid": 12667, "name": "mn-04-108148", "boroname": "Manhattan", "type": "Free", "provider": "LinkNYC - Citybridge", "location_t": "Outdoor Kiosk" }, "geometry": { "type": "Point", "coordinates": [ -73.9872514905, 40.76107343 ] } },
{ "type": "Feature", "properties": { "objectid": 11845, "name": "mn-04-136381", "boroname": "Manhattan", "type": "Free", "provider": "LinkNYC - Citybridge", "location_t": "Outdoor Kiosk" }, "geometry": { "type": "Point", "coordinates": [ -73.991589840200007, 40.764786279799999 ] } },
{ "type": "Feature", "properties": { "objectid": 12698, "name": "mn-06-136968", "boroname": "Manhattan", "type": "Free", "provider": "LinkNYC - Citybridge", "location_t": "Outdoor Kiosk" }, "geometry": { "type": "Point", "coordinates": [ -73.981797000300006, 40.743229000299998 ] } },
{ "type": "Feature", "properties": { "objectid": 10759, "name": "Gravesend Park", "boroname": "Brooklyn", "type": "Limited Free", "provider": "ALTICEUSA", "location_t": "Outdoor" }, "geometry": { "type": "Point", "coordinates": [ -73.982884000200002, 40.623457 ] } },
{ "type": "Feature", "properties": { "objectid": 12172, "name": "mn-06-135591", "boroname": "Manhattan", "type": "Free", "provider": "LinkNYC - Citybridge", "location_t": "Outdoor Kiosk" }, "geometry": { "type": "Point", "coordinates": [ -73.979985429899997, 40.739341230299999 ] } },
{ "type": "Feature", "properties": { "objectid": 12490, "name": "mn-09-111651", "boroname": "Manhattan", "type": "Free", "provider": "LinkNYC - Citybridge", "location_t": "Outdoor Kiosk" }, "geometry": { "type": "Point", "coordinates": [ -73.950482000400001, 40.826090000199997 ] } },
{ "type": "Feature", "properties": { "objectid": 10672, "name": "mn-07-121308", "boroname": "Manhattan", "type": "Free", "provider": "LinkNYC - Citybridge", "location_t": "Outdoor Kiosk" }, "geometry": { "type": "Point", "coordinates": [ -73.980756, 40.783226000100001 ] } },
{ "type": "Feature", "properties": { "objectid": 11606, "name": "Sorrentino Recreation Center", "boroname": "Queens", "type": "Limited Free", "provider": "SPECTRUM", "location_t": "Indoor" }, "geometry": { "type": "Point", "coordinates": [ -73.751402000300004, 40.602348999699998 ] } },
{ "type": "Feature", "properties": { "objectid": 12321, "name": "qu-01-136651", "boroname": "Queens", "type": "Free", "provider": "LinkNYC - Citybridge", "location_t": "Outdoor Kiosk" }, "geometry": { "type": "Point", "coordinates": [ -73.927492999699993, 40.751953000299999 ] } },
{ "type": "Feature", "properties": { "objectid": 11019, "name": "1", "boroname": "Manhattan", "type": "Free", "provider": "Manhattan Down Alliance", "location_t": "Outdoor" }, "geometry": { "type": "Point", "coordinates": [ -74.003700299599998, 40.707199099599997 ] } },
{ "type": "Feature", "properties": { "objectid": 12117, "name": "mn-05-133505", "boroname": "Manhattan", "type": "Free", "provider": "LinkNYC - Citybridge", "location_t": "Outdoor Kiosk" }, "geometry": { "type": "Point", "coordinates": [ -73.983076900200004, 40.762593299599999 ] } },
{ "type": "Feature", "properties": { "objectid": 9941, "name": "96th Street", "boroname": "Manhattan", "type": "Free", "provider": "NYPL", "location_t": "Library" }, "geometry": { "type": "Point", "coordinates": [ -73.951805671599999, 40.785959798599997 ] } },
{ "type": "Feature", "properties": { "objectid": 12240, "name": "mn-06-138462", "boroname": "Manhattan", "type": "Free", "provider": "LinkNYC - Citybridge", "location_t": "Outdoor Kiosk" }, "geometry": { "type": "Point", "coordinates": [ -73.982382999500004, 40.740245999700001 ] } },
{ "type": "Feature", "properties": { "objectid": 12384, "name": "Nostrand Av (A,C)", "boroname": "Brooklyn", "type": "Free", "provider": "Transit Wireless", "location_t": "Subway Station" }, "geometry": { "type": "Point", "coordinates": [ -73.950425999800004, 40.680438000099997 ] } },
{ "type": "Feature", "properties": { "objectid": 12908, "name": "bk-08-126609", "boroname": "Brooklyn", "type": "Free", "provider": "LinkNYC - Citybridge", "location_t": "Outdoor Kiosk" }, "geometry": { "type": "Point", "coordinates": [ -73.957457739899993, 40.6723020003 ] } },
{ "type": "Feature", "properties": { "objectid": 11851, "name": "mn-07-134429", "boroname": "Manhattan", "type": "Free", "provider": "LinkNYC - Citybridge", "location_t": "Outdoor Kiosk" }, "geometry": { "type": "Point", "coordinates": [ -73.982338040100004, 40.776237530099998 ] } },
{ "type": "Feature", "properties": { "objectid": 11535, "name": "Juniper Valley Park", "boroname": "Queens", "type": "Limited Free", "provider": "SPECTRUM", "location_t": "Outdoor TWC Aerial" }, "geometry": { "type": "Point", "coordinates": [ -73.884937999599998, 40.720507999600002 ] } },
{ "type": "Feature", "properties": { "objectid": 11574, "name": "Roy Wilkins Recreation Center", "boroname": "Queens", "type": "Limited Free", "provider": "SPECTRUM", "location_t": "Indoor" }, "geometry": { "type": "Point", "coordinates": [ -73.769558999599994, 40.687191 ] } },
{ "type": "Feature", "properties": { "objectid": 10980, "name": "Alfred E. Smith Playground", "boroname": "Manhattan", "type": "Limited Free", "provider": "SPECTRUM", "location_t": "Indoor" }, "geometry": { "type": "Point", "coordinates": [ -73.997979999899997, 40.7102499999 ] } },
{ "type": "Feature", "properties": { "objectid": 11377, "name": "63RD DRIVE - REGO PARK", "boroname": "Queens", "type": "Free", "provider": "Transit Wireless", "location_t": "Subway Station" }, "geometry": { "type": "Point", "coordinates": [ -73.861603999699994, 40.7298459999 ] } },
{ "type": "Feature", "properties": { "objectid": 12681, "name": "mn-05-122627", "boroname": "Manhattan", "type": "Free", "provider": "LinkNYC - Citybridge", "location_t": "Outdoor Kiosk" }, "geometry": { "type": "Point", "coordinates": [ -73.983592999699994, 40.765522000099999 ] } },
{ "type": "Feature", "properties": { "objectid": 12645, "name": "mn-01-122319", "boroname": "Manhattan", "type": "Free", "provider": "LinkNYC - Citybridge", "location_t": "Outdoor Kiosk" }, "geometry": { "type": "Point", "coordinates": [ -74.001015559899997, 40.7180331004 ] } },
{ "type": "Feature", "properties": { "objectid": 10909, "name": null, "boroname": "Manhattan", "type": "Free", "provider": "Harlem", "location_t": "Outdoor" }, "geometry": { "type": "Point", "coordinates": [ -73.951689000599998, 40.8095759996 ] } },
{ "type": "Feature", "properties": { "objectid": 10899, "name": "mn-12-111720", "boroname": "Manhattan", "type": "Free", "provider": "LinkNYC - Citybridge", "location_t": "Outdoor Kiosk" }, "geometry": { "type": "Point", "coordinates": [ -73.933322470199997, 40.84969774 ] } },
{ "type": "Feature", "properties": { "objectid": 9744, "name": "0", "boroname": "Brooklyn", "type": "Free", "provider": "NYCHA", "location_t": "Outdoor" }, "geometry": { "type": "Point", "coordinates": [ -73.975054199499994, 40.694393999900001 ] } },
{ "type": "Feature", "properties": { "objectid": 10280, "name": "qu-09-145882", "boroname": "Queens", "type": "Free", "provider": "LinkNYC - Citybridge", "location_t": "Outdoor Kiosk" }, "geometry": { "type": "Point", "coordinates": [ -73.846655949500004, 40.695048449600002 ] } },
{ "type": "Feature", "properties": { "objectid": 10581, "name": "St. Mary's Park", "boroname": "Bronx", "type": "Limited Free", "provider": "ALTICEUSA", "location_t": "Outdoor" }, "geometry": { "type": "Point", "coordinates": [ -73.914137999900007, 40.811544 ] } },
{ "type": "Feature", "properties": { "objectid": 10210, "name": "Red Hook Park", "boroname": "Brooklyn", "type": "Limited Free", "provider": "SPECTRUM", "location_t": "Outdoor TWC Aerial" }, "geometry": { "type": "Point", "coordinates": [ -74.008235000499994, 40.673348999700004 ] } },
{ "type": "Feature", "properties": { "objectid": 11651, "name": "NYC - Detective Keith Williams Park", "boroname": "Queens", "type": "Limited Free", "provider": "SPECTRUM", "location_t": "Outdoor TWC Aerial" }, "geometry": { "type": "Point", "coordinates": [ -73.785121999599994, 40.702982000299997 ] } },
{ "type": "Feature", "properties": { "objectid": 10849, "name": "Franklin St (1)", "boroname": "Manhattan", "type": "Free", "provider": "Transit Wireless", "location_t": "Subway Station" }, "geometry": { "type": "Point", "coordinates": [ -74.006886000400002, 40.719318000400001 ] } },
{ "type": "Feature", "properties": { "objectid": 12416, "name": "Church Av (2,5)", "boroname": "Brooklyn", "type": "Free", "provider": "Transit Wireless", "location_t": "Subway Station" }, "geometry": { "type": "Point", "coordinates": [ -73.949574999800006, 40.650843000199998 ] } },
{ "type": "Feature", "properties": { "objectid": 12677, "name": "mn-05-139461", "boroname": "Manhattan", "type": "Free", "provider": "LinkNYC - Citybridge", "location_t": "Outdoor Kiosk" }, "geometry": { "type": "Point", "coordinates": [ -73.984544590100001, 40.7642122496 ] } },
{ "type": "Feature", "properties": { "objectid": 10018, "name": "Bellerose", "boroname": "Queens", "type": "Free", "provider": "QPL", "location_t": "Library" }, "geometry": { "type": "Point", "coordinates": [ -73.717098970699993, 40.735156990299998 ] } },
{ "type": "Feature", "properties": { "objectid": 11712, "name": "Crotona Park", "boroname": "Bronx", "type": "Limited Free", "provider": "ALTICEUSA", "location_t": "Outdoor" }, "geometry": { "type": "Point", "coordinates": [ -73.894981000100003, 40.836660000400002 ] } },
{ "type": "Feature", "properties": { "objectid": 11319, "name": "Macombs Dam Park", "boroname": "Bronx", "type": "Limited Free", "provider": "ALTICEUSA", "location_t": "Outdoor" }, "geometry": { "type": "Point", "coordinates": [ -73.929157999799997, 40.827551999800001 ] } },
{ "type": "Feature", "properties": { "objectid": 10334, "name": "bk-17-145928", "boroname": "Brooklyn", "type": "Free", "provider": "LinkNYC - Citybridge", "location_t": "Outdoor Kiosk" }, "geometry": { "type": "Point", "coordinates": [ -73.945544629500006, 40.650947490299998 ] } },
{ "type": "Feature", "properties": { "objectid": 11392, "name": "mn-08-121049", "boroname": "Manhattan", "type": "Free", "provider": "LinkNYC - Citybridge", "location_t": "Outdoor Kiosk" }, "geometry": { "type": "Point", "coordinates": [ -73.9596808907, 40.779453812 ] } },
{ "type": "Feature", "properties": { "objectid": 10456, "name": "Greenbelt Recreation Center", "boroname": "Staten Island", "type": "Limited Free", "provider": "SPECTRUM", "location_t": "Outdoor TWC Aerial" }, "geometry": { "type": "Point", "coordinates": [ -74.138055999800002, 40.592023000099999 ] } },
{ "type": "Feature", "properties": { "objectid": 12394, "name": "York St (F)", "boroname": "Brooklyn", "type": "Free", "provider": "Transit Wireless", "location_t": "Subway Station" }, "geometry": { "type": "Point", "coordinates": [ -73.986884999899999, 40.699743 ] } },
{ "type": "Feature", "properties": { "objectid": 10298, "name": "bk-06-145902", "boroname": "Brooklyn", "type": "Free", "provider": "LinkNYC - Citybridge", "location_t": "Outdoor Kiosk" }, "geometry": { "type": "Point", "coordinates": [ -73.989056619500005, 40.666229710300001 ] } },
{ "type": "Feature", "properties": { "objectid": 12342, "name": "mn-07-121247", "boroname": "Manhattan", "type": "Free", "provider": "LinkNYC - Citybridge", "location_t": "Outdoor Kiosk" }, "geometry": { "type": "Point", "coordinates": [ -73.97748309, 40.786896040400002 ] } },
{ "type": "Feature", "properties": { "objectid": 11813, "name": "qu-01-125127", "boroname": "Queens", "type": "Free", "provider": "LinkNYC - Citybridge", "location_t": "Outdoor Kiosk" }, "geometry": { "type": "Point", "coordinates": [ -73.921545630599994, 40.766893800200002 ] } },
{ "type": "Feature", "properties": { "objectid": 12364, "name": "Union St (M,R)", "boroname": "Brooklyn", "type": "Free", "provider": "Transit Wireless", "location_t": "Subway Station" }, "geometry": { "type": "Point", "coordinates": [ -73.9831100002, 40.677315999599998 ] } },
{ "type": "Feature", "properties": { "objectid": 11963, "name": "qu-02-145742", "boroname": "Queens", "type": "Free", "provider": "LinkNYC - Citybridge", "location_t": "Outdoor Kiosk" }, "geometry": { "type": "Point", "coordinates": [ -73.899864000600004, 40.740726999899998 ] } },
{ "type": "Feature", "properties": { "objectid": 9856, "name": null, "boroname": "Brooklyn", "type": "Free", "provider": "Downtown Brooklyn", "location_t": "Outdoor" }, "geometry": { "type": "Point", "coordinates": [ -73.978540999700002, 40.686370999600001 ] } },
{ "type": "Feature", "properties": { "objectid": 12857, "name": "mn-08-107963", "boroname": "Manhattan", "type": "Free", "provider": "LinkNYC - Citybridge", "location_t": "Outdoor Kiosk" }, "geometry": { "type": "Point", "coordinates": [ -73.953990000399997, 40.778599999699999 ] } },
{ "type": "Feature", "properties": { "objectid": 12014, "name": "mn-10-119890", "boroname": "Manhattan", "type": "Free", "provider": "LinkNYC - Citybridge", "location_t": "Outdoor Kiosk" }, "geometry": { "type": "Point", "coordinates": [ -73.944658999699996, 40.818896999800003 ] } },
{ "type": "Feature", "properties": { "objectid": 11862, "name": "qu-04-136360", "boroname": "Queens", "type": "Free", "provider": "LinkNYC - Citybridge", "location_t": "Outdoor Kiosk" }, "geometry": { "type": "Point", "coordinates": [ -73.891214855100003, 40.746797754100001 ] } },
{ "type": "Feature", "properties": { "objectid": 12793, "name": "mn-09-118226", "boroname": "Manhattan", "type": "Free", "provider": "LinkNYC - Citybridge", "location_t": "Outdoor Kiosk" }, "geometry": { "type": "Point", "coordinates": [ -73.950117999699998, 40.8222119996 ] } },
{ "type": "Feature", "properties": { "objectid": 11417, "name": "50 Street - 1", "boroname": "Manhattan", "type": "Free", "provider": "Transit Wireless", "location_t": "Subway Station" }, "geometry": { "type": "Point", "coordinates": [ -73.983848999900005, 40.761727999599998 ] } },
{ "type": "Feature", "properties": { "objectid": 12662, "name": "mn-04-142001", "boroname": "Manhattan", "type": "Free", "provider": "LinkNYC - Citybridge", "location_t": "Outdoor Kiosk" }, "geometry": { "type": "Point", "coordinates": [ -73.988900489399995, 40.758666079800001 ] } },
{ "type": "Feature", "properties": { "objectid": 11191, "name": "qu-06-124234", "boroname": "Queens", "type": "Free", "provider": "LinkNYC - Citybridge", "location_t": "Outdoor Kiosk" }, "geometry": { "type": "Point", "coordinates": [ -73.850776960499999, 40.722499169899997 ] } },
{ "type": "Feature", "properties": { "objectid": 11770, "name": "qu-04-136657", "boroname": "Queens", "type": "Free", "provider": "LinkNYC - Citybridge", "location_t": "Outdoor Kiosk" }, "geometry": { "type": "Point", "coordinates": [ -73.87146338, 40.748878310400002 ] } },
{ "type": "Feature", "properties": { "objectid": 11034, "name": "mn-03-123791", "boroname": "Manhattan", "type": "Free", "provider": "LinkNYC - Citybridge", "location_t": "Outdoor Kiosk" }, "geometry": { "type": "Point", "coordinates": [ -73.983823690099996, 40.729435929700003 ] } },
{ "type": "Feature", "properties": { "objectid": 12283, "name": "bk-08-132895", "boroname": "Brooklyn", "type": "Free", "provider": "LinkNYC - Citybridge", "location_t": "Outdoor Kiosk" }, "geometry": { "type": "Point", "coordinates": [ -73.962869029499998, 40.673692000199999 ] } },
{ "type": "Feature", "properties": { "objectid": 10764, "name": "Haffen Park", "boroname": "Bronx", "type": "Limited Free", "provider": "ALTICEUSA", "location_t": "Outdoor" }, "geometry": { "type": "Point", "coordinates": [ -73.840586000599998, 40.873640000199998 ] } },
{ "type": "Feature", "properties": { "objectid": 12288, "name": "bk-17-126292", "boroname": "Brooklyn", "type": "Free", "provider": "LinkNYC - Citybridge", "location_t": "Outdoor Kiosk" }, "geometry": { "type": "Point", "coordinates": [ -73.940165999599998, 40.651340999699997 ] } },
{ "type": "Feature", "properties": { "objectid": 11957, "name": "qu-04-145775", "boroname": "Queens", "type": "Free", "provider": "LinkNYC - Citybridge", "location_t": "Outdoor Kiosk" }, "geometry": { "type": "Point", "coordinates": [ -73.876254230300006, 40.735387399799997 ] } },
{ "type": "Feature", "properties": { "objectid": 12389, "name": "Liberty Av (C)", "boroname": "Brooklyn", "type": "Free", "provider": "Transit Wireless", "location_t": "Subway Station" }, "geometry": { "type": "Point", "coordinates": [ -73.896547999899994, 40.674541999900001 ] } },
{ "type": "Feature", "properties": { "objectid": 10362, "name": "Linden Park", "boroname": "Brooklyn", "type": "Limited Free", "provider": "ALTICEUSA", "location_t": "Outdoor" }, "geometry": { "type": "Point", "coordinates": [ -73.887582999399996, 40.658385 ] } },
{ "type": "Feature", "properties": { "objectid": 10066, "name": "Cortelyou - Brooklyn Public Library", "boroname": "Brooklyn", "type": "Free", "provider": "BPL", "location_t": "Library" }, "geometry": { "type": "Point", "coordinates": [ -73.965965078099998, 40.640803547200001 ] } },
{ "type": "Feature", "properties": { "objectid": 10774, "name": "135 St (B,C)", "boroname": "Manhattan", "type": "Free", "provider": "Transit Wireless", "location_t": "Subway Station" }, "geometry": { "type": "Point", "coordinates": [ -73.947649000300004, 40.817894000099997 ] } },
{ "type": "Feature", "properties": { "objectid": 11932, "name": "bk-14-145907", "boroname": "Brooklyn", "type": "Free", "provider": "LinkNYC - Citybridge", "location_t": "Outdoor Kiosk" }, "geometry": { "type": "Point", "coordinates": [ -73.958050630299994, 40.647887370299998 ] } },
{ "type": "Feature", "properties": { "objectid": 11564, "name": "Rockaway Beach and Boardwalk", "boroname": "Queens", "type": "Limited Free", "provider": "SPECTRUM", "location_t": "Outdoor TWC Aerial" }, "geometry": { "type": "Point", "coordinates": [ -73.744987999700001, 40.596478999799999 ] } },
{ "type": "Feature", "properties": { "objectid": 12477, "name": "mn-09-120365", "boroname": "Manhattan", "type": "Free", "provider": "LinkNYC - Citybridge", "location_t": "Outdoor Kiosk" }, "geometry": { "type": "Point", "coordinates": [ -73.954807529899995, 40.820764189899997 ] } },
{ "type": "Feature", "properties": { "objectid": 9658, "name": "bx-01-102011", "boroname": "Bronx", "type": "Free", "provider": "LinkNYC - Citybridge", "location_t": "Outdoor Kiosk" }, "geometry": { "type": "Point", "coordinates": [ -73.92220947, 40.808909660099999 ] } },
{ "type": "Feature", "properties": { "objectid": 12783, "name": "mn-09-120545", "boroname": "Manhattan", "type": "Free", "provider": "LinkNYC - Citybridge", "location_t": "Outdoor Kiosk" }, "geometry": { "type": "Point", "coordinates": [ -73.958888999899997, 40.8099650001 ] } },
{ "type": "Feature", "properties": { "objectid": 10783, "name": "161 St-Yankee Stadium (B,D,4)", "boroname": "Manhattan", "type": "Free", "provider": "Transit Wireless", "location_t": "Subway Station" }, "geometry": { "type": "Point", "coordinates": [ -74.011028999700002, 40.710688000200001 ] } },
{ "type": "Feature", "properties": { "objectid": 12010, "name": "bx-01-123215", "boroname": "Bronx", "type": "Free", "provider": "LinkNYC - Citybridge", "location_t": "Outdoor Kiosk" }, "geometry": { "type": "Point", "coordinates": [ -73.913387999899996, 40.819567999599997 ] } },
{ "type": "Feature", "properties": { "objectid": 10828, "name": "Graham Avenue (L)", "boroname": "Brooklyn", "type": "Free", "provider": "Transit Wireless", "location_t": "Subway Station" }, "geometry": { "type": "Point", "coordinates": [ -73.944053000099998, 40.714565000299999 ] } },
{ "type": "Feature", "properties": { "objectid": 9794, "name": "bx-03-118929", "boroname": "Bronx", "type": "Free", "provider": "LinkNYC - Citybridge", "location_t": "Outdoor Kiosk" }, "geometry": { "type": "Point", "coordinates": [ -73.914029940500001, 40.823646289899997 ] } },
{ "type": "Feature", "properties": { "objectid": 9892, "name": null, "boroname": "Brooklyn", "type": "Free", "provider": "Downtown Brooklyn", "location_t": "Outdoor" }, "geometry": { "type": "Point", "coordinates": [ -73.989634999499998, 40.690882999800003 ] } },
{ "type": "Feature", "properties": { "objectid": 11278, "name": "mn-05-121624", "boroname": "Manhattan", "type": "Free", "provider": "LinkNYC - Citybridge", "location_t": "Outdoor Kiosk" }, "geometry": { "type": "Point", "coordinates": [ -73.98581619, 40.746425610199999 ] } },
{ "type": "Feature", "properties": { "objectid": 11109, "name": "bx-04-145851", "boroname": "Bronx", "type": "Free", "provider": "LinkNYC - Citybridge", "location_t": "Outdoor Kiosk" }, "geometry": { "type": "Point", "coordinates": [ -73.9197970301, 40.835132980399997 ] } },
{ "type": "Feature", "properties": { "objectid": 11219, "name": "mn-06-121703", "boroname": "Manhattan", "type": "Free", "provider": "LinkNYC - Citybridge", "location_t": "Outdoor Kiosk" }, "geometry": { "type": "Point", "coordinates": [ -73.962793350300004, 40.758154540299998 ] } },
{ "type": "Feature", "properties": { "objectid": 11589, "name": "Snug Harbor Cultural Center", "boroname": "Staten Island", "type": "Limited Free", "provider": "SPECTRUM", "location_t": "Outdoor TWC Aerial" }, "geometry": { "type": "Point", "coordinates": [ -74.100443000300004, 40.644816000299997 ] } },
{ "type": "Feature", "properties": { "objectid": 10842, "name": "West 4 St (A,B,C,D,E,F)", "boroname": "Manhattan", "type": "Free", "provider": "Transit Wireless", "location_t": "Subway Station" }, "geometry": { "type": "Point", "coordinates": [ -74.000494999899999, 40.732338000399999 ] } },
{ "type": "Feature", "properties": { "objectid": 11168, "name": "mn-11-120249", "boroname": "Manhattan", "type": "Free", "provider": "LinkNYC - Citybridge", "location_t": "Outdoor Kiosk" }, "geometry": { "type": "Point", "coordinates": [ -73.941541999799995, 40.798487999800003 ] } },
{ "type": "Feature", "properties": { "objectid": 11995, "name": "bk-08-145032", "boroname": "Brooklyn", "type": "Free", "provider": "LinkNYC - Citybridge", "location_t": "Outdoor Kiosk" }, "geometry": { "type": "Point", "coordinates": [ -73.950008000500006, 40.6759649997 ] } },
{ "type": "Feature", "properties": { "objectid": 10461, "name": null, "boroname": "Brooklyn", "type": "Free", "provider": "Downtown Brooklyn", "location_t": "Outdoor" }, "geometry": { "type": "Point", "coordinates": [ -73.987161999899996, 40.689319000300003 ] } },
{ "type": "Feature", "properties": { "objectid": 11049, "name": "mn-03-123792", "boroname": "Manhattan", "type": "Free", "provider": "LinkNYC - Citybridge", "location_t": "Outdoor Kiosk" }, "geometry": { "type": "Point", "coordinates": [ -73.984418670400004, 40.728621840300001 ] } },
{ "type": "Feature", "properties": { "objectid": 12734, "name": "mn-03-128751", "boroname": "Manhattan", "type": "Free", "provider": "LinkNYC - Citybridge", "location_t": "Outdoor Kiosk" }, "geometry": { "type": "Point", "coordinates": [ -73.987817520500002, 40.728231690400001 ] } },
{ "type": "Feature", "properties": { "objectid": 12776, "name": "mn-07-120400", "boroname": "Manhattan", "type": "Free", "provider": "LinkNYC - Citybridge", "location_t": "Outdoor Kiosk" }, "geometry": { "type": "Point", "coordinates": [ -73.966916999600002, 40.803579000200003 ] } },
{ "type": "Feature", "properties": { "objectid": 12862, "name": "mn-08-119825", "boroname": "Manhattan", "type": "Free", "provider": "LinkNYC - Citybridge", "location_t": "Outdoor Kiosk" }, "geometry": { "type": "Point", "coordinates": [ -73.953714999900001, 40.779534999900001 ] } },
{ "type": "Feature", "properties": { "objectid": 10394, "name": null, "boroname": "Manhattan", "type": "Free", "provider": "Chelsea", "location_t": "Outdoor" }, "geometry": { "type": "Point", "coordinates": [ -74.005917906600004, 40.743631720099998 ] } },
{ "type": "Feature", "properties": { "objectid": 12347, "name": "bk-02-126247", "boroname": "Brooklyn", "type": "Free", "provider": "LinkNYC - Citybridge", "location_t": "Outdoor Kiosk" }, "geometry": { "type": "Point", "coordinates": [ -73.99126379, 40.696070440200003 ] } },
{ "type": "Feature", "properties": { "objectid": 10455, "name": "Greenbelt Recreation Center", "boroname": "Staten Island", "type": "Limited Free", "provider": "SPECTRUM", "location_t": "Outdoor TWC Aerial" }, "geometry": { "type": "Point", "coordinates": [ -74.138573000199997, 40.591904000299998 ] } },
{ "type": "Feature", "properties": { "objectid": 9630, "name": "qu-01-146088", "boroname": "Queens", "type": "Free", "provider": "LinkNYC - Citybridge", "location_t": "Outdoor Kiosk" }, "geometry": { "type": "Point", "coordinates": [ -73.92149601, 40.771054600100001 ] } },
{ "type": "Feature", "properties": { "objectid": 10486, "name": "Williamsbridge Oval", "boroname": "Bronx", "type": "Limited Free", "provider": "ALTICEUSA", "location_t": "Outdoor" }, "geometry": { "type": "Point", "coordinates": [ -73.877384000099994, 40.876099000099998 ] } },
{ "type": "Feature", "properties": { "objectid": 12401, "name": "Myrtle-Willoughby Avs (G)", "boroname": "Brooklyn", "type": "Free", "provider": "Transit Wireless", "location_t": "Subway Station" }, "geometry": { "type": "Point", "coordinates": [ -73.949045999600003, 40.694568 ] } },
{ "type": "Feature", "properties": { "objectid": 12815, "name": "qu-12-142734", "boroname": "Queens", "type": "Free", "provider": "LinkNYC - Citybridge", "location_t": "Outdoor Kiosk" }, "geometry": { "type": "Point", "coordinates": [ -73.802018890499994, 40.702733510199998 ] } },
{ "type": "Feature", "properties": { "objectid": 12224, "name": "mn-06-133338", "boroname": "Manhattan", "type": "Free", "provider": "LinkNYC - Citybridge", "location_t": "Outdoor Kiosk" }, "geometry": { "type": "Point", "coordinates": [ -73.986487999800005, 40.734030999700003 ] } },
{ "type": "Feature", "properties": { "objectid": 10430, "name": null, "boroname": "Manhattan", "type": "Free", "provider": "Harlem", "location_t": "Outdoor" }, "geometry": { "type": "Point", "coordinates": [ -73.943795999399995, 40.801112 ] } },
{ "type": "Feature", "properties": { "objectid": 10493, "name": "8", "boroname": "Manhattan", "type": "Free", "provider": "Manhattan Down Alliance", "location_t": "Outdoor" }, "geometry": { "type": "Point", "coordinates": [ -74.004501299799998, 40.706501000099998 ] } },
{ "type": "Feature", "properties": { "objectid": 10698, "name": "mn-06-121778", "boroname": "Manhattan", "type": "Free", "provider": "LinkNYC - Citybridge", "location_t": "Outdoor Kiosk" }, "geometry": { "type": "Point", "coordinates": [ -73.966979999900005, 40.756779999599999 ] } },
{ "type": "Feature", "properties": { "objectid": 10990, "name": "Bowne Playground", "boroname": "Queens", "type": "Limited Free", "provider": "SPECTRUM", "location_t": "Outdoor TWC Aerial" }, "geometry": { "type": "Point", "coordinates": [ -73.825241000099993, 40.757970000199997 ] } },
{ "type": "Feature", "properties": { "objectid": 10079, "name": "Kips Bay", "boroname": "Manhattan", "type": "Free", "provider": "NYPL", "location_t": "Library" }, "geometry": { "type": "Point", "coordinates": [ -73.979907654399994, 40.7438226298 ] } },
{ "type": "Feature", "properties": { "objectid": 10323, "name": "bk-05-145939", "boroname": "Brooklyn", "type": "Free", "provider": "LinkNYC - Citybridge", "location_t": "Outdoor Kiosk" }, "geometry": { "type": "Point", "coordinates": [ -73.868308789500006, 40.684701553899998 ] } },
{ "type": "Feature", "properties": { "objectid": 11495, "name": "mn-05-108540", "boroname": "Manhattan", "type": "Free", "provider": "LinkNYC - Citybridge", "location_t": "Outdoor Kiosk" }, "geometry": { "type": "Point", "coordinates": [ -73.990731999900007, 40.746072999600003 ] } },
{ "type": "Feature", "properties": { "objectid": 12304, "name": "qu-04-124921", "boroname": "Queens", "type": "Free", "provider": "LinkNYC - Citybridge", "location_t": "Outdoor Kiosk" }, "geometry": { "type": "Point", "coordinates": [ -73.874704579799996, 40.734545160400003 ] } },
{ "type": "Feature", "properties": { "objectid": 10943, "name": null, "boroname": "Manhattan", "type": "Free", "provider": "Harlem", "location_t": "Outdoor" }, "geometry": { "type": "Point", "coordinates": [ -73.938941000400007, 40.8149520001 ] } },
{ "type": "Feature", "properties": { "objectid": 10237, "name": "Bergen St (2,3)", "boroname": "Brooklyn", "type": "Free", "provider": "Transit Wireless", "location_t": "Subway Station" }, "geometry": { "type": "Point", "coordinates": [ -73.975098, 40.680829000400003 ] } },
{ "type": "Feature", "properties": { "objectid": 10852, "name": "Chambers St-WTC (A,C,E)/Park Pl (2,3)", "boroname": "Manhattan", "type": "Free", "provider": "Transit Wireless", "location_t": "Subway Station" }, "geometry": { "type": "Point", "coordinates": [ -74.008811, 40.713051 ] } },
{ "type": "Feature", "properties": { "objectid": 11029, "name": "mn-07-145539", "boroname": "Manhattan", "type": "Free", "provider": "LinkNYC - Citybridge", "location_t": "Outdoor Kiosk" }, "geometry": { "type": "Point", "coordinates": [ -73.970075349499993, 40.789182470199997 ] } },
{ "type": "Feature", "properties": { "objectid": 10515, "name": null, "boroname": "Manhattan", "type": "Free", "provider": "Chelsea", "location_t": "Outdoor" }, "geometry": { "type": "Point", "coordinates": [ -74.003401994499995, 40.740949237700001 ] } },
{ "type": "Feature", "properties": { "objectid": 11775, "name": "mn-05-107796", "boroname": "Manhattan", "type": "Free", "provider": "LinkNYC - Citybridge", "location_t": "Outdoor Kiosk" }, "geometry": { "type": "Point", "coordinates": [ -73.986182923, 40.7473911282 ] } },
{ "type": "Feature", "properties": { "objectid": 11692, "name": "Coney Island Beach & Boardwalk", "boroname": "Brooklyn", "type": "Limited Free", "provider": "ALTICEUSA", "location_t": "Outdoor" }, "geometry": { "type": "Point", "coordinates": [ -73.978297000300003, 40.573439000299999 ] } },
{ "type": "Feature", "properties": { "objectid": 12788, "name": "mn-09-140440", "boroname": "Manhattan", "type": "Free", "provider": "LinkNYC - Citybridge", "location_t": "Outdoor Kiosk" }, "geometry": { "type": "Point", "coordinates": [ -73.954507260499994, 40.8155937704 ] } },
{ "type": "Feature", "properties": { "objectid": 9920, "name": "Arverne", "boroname": "Queens", "type": "Free", "provider": "QPL", "location_t": "Library" }, "geometry": { "type": "Point", "coordinates": [ -73.784040028600003, 40.593146783 ] } },
{ "type": "Feature", "properties": { "objectid": 11299, "name": "St. Albans", "boroname": "Queens", "type": "Free", "provider": "QPL", "location_t": "Library" }, "geometry": { "type": "Point", "coordinates": [ -73.760108788, 40.6925280532 ] } },
{ "type": "Feature", "properties": { "objectid": 9647, "name": "mn-08-135072", "boroname": "Manhattan", "type": "Free", "provider": "LinkNYC - Citybridge", "location_t": "Outdoor Kiosk" }, "geometry": { "type": "Point", "coordinates": [ -73.958947779499994, 40.764116580100001 ] } },
{ "type": "Feature", "properties": { "objectid": 11500, "name": "Midland Beach and Franklin D. Roosevelt Boardwalk", "boroname": "Staten Island", "type": "Limited Free", "provider": "SPECTRUM", "location_t": "Outdoor" }, "geometry": { "type": "Point", "coordinates": [ -74.078580999600007, 40.577221999700001 ] } },
{ "type": "Feature", "properties": { "objectid": 10104, "name": "19", "boroname": "Manhattan", "type": "Free", "provider": "Manhattan Down Alliance", "location_t": "Outdoor" }, "geometry": { "type": "Point", "coordinates": [ -74.009498599799997, 40.702800800399999 ] } },
{ "type": "Feature", "properties": { "objectid": 10613, "name": "bx-06-119558", "boroname": "Bronx", "type": "Free", "provider": "LinkNYC - Citybridge", "location_t": "Outdoor Kiosk" }, "geometry": { "type": "Point", "coordinates": [ -73.892194329600002, 40.846189760199998 ] } },
{ "type": "Feature", "properties": { "objectid": 12453, "name": "mn-07-133620", "boroname": "Manhattan", "type": "Free", "provider": "LinkNYC - Citybridge", "location_t": "Outdoor Kiosk" }, "geometry": { "type": "Point", "coordinates": [ -73.969556999900007, 40.798018000200003 ] } },
{ "type": "Feature", "properties": { "objectid": 9799, "name": "J. Hood Wright Park", "boroname": "Manhattan", "type": "Limited Free", "provider": "SPECTRUM", "location_t": "Outdoor" }, "geometry": { "type": "Point", "coordinates": [ -73.941347000500002, 40.8462000002 ] } },
{ "type": "Feature", "properties": { "objectid": 12046, "name": "mn-04-136184", "boroname": "Manhattan", "type": "Free", "provider": "LinkNYC - Citybridge", "location_t": "Outdoor Kiosk" }, "geometry": { "type": "Point", "coordinates": [ -73.989489736699994, 40.767663120800002 ] } },
{ "type": "Feature", "properties": { "objectid": 10810, "name": "Jamaica-Van Wyck (E)", "boroname": "Queens", "type": "Free", "provider": "Transit Wireless", "location_t": "Subway Station" }, "geometry": { "type": "Point", "coordinates": [ -73.816859000099996, 40.702565999699999 ] } },
{ "type": "Feature", "properties": { "objectid": 10560, "name": "Madison Square Park", "boroname": "Manhattan", "type": "Limited Free", "provider": "SPECTRUM", "location_t": "Outdoor" }, "geometry": { "type": "Point", "coordinates": [ -73.986906000600001, 40.7424920001 ] } },
{ "type": "Feature", "properties": { "objectid": 12263, "name": "mn-06-121519", "boroname": "Manhattan", "type": "Free", "provider": "LinkNYC - Citybridge", "location_t": "Outdoor Kiosk" }, "geometry": { "type": "Point", "coordinates": [ -73.976026290500002, 40.748818799600002 ] } },
{ "type": "Feature", "properties": { "objectid": 10655, "name": "mn-07-133487", "boroname": "Manhattan", "type": "Free", "provider": "LinkNYC - Citybridge", "location_t": "Outdoor Kiosk" }, "geometry": { "type": "Point", "coordinates": [ -73.982429590300001, 40.776473190300003 ] } },
{ "type": "Feature", "properties": { "objectid": 10800, "name": "IRT - East 149 St (6)", "boroname": "Bronx", "type": "Free", "provider": "Transit Wireless", "location_t": "Subway Station" }, "geometry": { "type": "Point", "coordinates": [ -73.904097999900003, 40.8121180001 ] } },
{ "type": "Feature", "properties": { "objectid": 10220, "name": "Richard Tucker Square", "boroname": "Manhattan", "type": "Limited Free", "provider": "SPECTRUM", "location_t": "Outdoor" }, "geometry": { "type": "Point", "coordinates": [ -73.981774000300007, 40.773542 ] } },
{ "type": "Feature", "properties": { "objectid": 9756, "name": "mn-02-123678", "boroname": "Manhattan", "type": "Free", "provider": "LinkNYC - Citybridge", "location_t": "Outdoor Kiosk" }, "geometry": { "type": "Point", "coordinates": [ -74.003876990199998, 40.732908560399999 ] } },
{ "type": "Feature", "properties": { "objectid": 12919, "name": "qu-06-145786", "boroname": "Queens", "type": "Free", "provider": "LinkNYC - Citybridge", "location_t": "Outdoor Kiosk" }, "geometry": { "type": "Point", "coordinates": [ -73.836805273099998, 40.717960312199999 ] } },
{ "type": "Feature", "properties": { "objectid": 9944, "name": "Douglaston/Little Neck", "boroname": "Queens", "type": "Free", "provider": "QPL", "location_t": "Library" }, "geometry": { "type": "Point", "coordinates": [ -73.738229440799998, 40.768225432 ] } },
{ "type": "Feature", "properties": { "objectid": 11422, "name": "5th Avenue - 53rd Street - E, M", "boroname": "Manhattan", "type": "Free", "provider": "Transit Wireless", "location_t": "Subway Station" }, "geometry": { "type": "Point", "coordinates": [ -73.975223999899995, 40.760166999900001 ] } },
{ "type": "Feature", "properties": { "objectid": 10052, "name": "Far Rockaway", "boroname": "Queens", "type": "Free", "provider": "QPL", "location_t": "Library" }, "geometry": { "type": "Point", "coordinates": [ -73.752091892699994, 40.604772113 ] } },
{ "type": "Feature", "properties": { "objectid": 12280, "name": "bk-07-125841", "boroname": "Brooklyn", "type": "Free", "provider": "LinkNYC - Citybridge", "location_t": "Outdoor Kiosk" }, "geometry": { "type": "Point", "coordinates": [ -74.002446000199996, 40.656011000100001 ] } },
{ "type": "Feature", "properties": { "objectid": 12073, "name": "bk-06-126514", "boroname": "Brooklyn", "type": "Free", "provider": "LinkNYC - Citybridge", "location_t": "Outdoor Kiosk" }, "geometry": { "type": "Point", "coordinates": [ -73.9743714568, 40.679638584199999 ] } },
{ "type": "Feature", "properties": { "objectid": 12336, "name": "mn-07-133625", "boroname": "Manhattan", "type": "Free", "provider": "LinkNYC - Citybridge", "location_t": "Outdoor Kiosk" }, "geometry": { "type": "Point", "coordinates": [ -73.9731247295, 40.792534470200003 ] } },
{ "type": "Feature", "properties": { "objectid": 10903, "name": "mn-04-115165", "boroname": "Manhattan", "type": "Free", "provider": "LinkNYC - Citybridge", "location_t": "Outdoor Kiosk" }, "geometry": { "type": "Point", "coordinates": [ -73.996549000399995, 40.742674260100003 ] } },
{ "type": "Feature", "properties": { "objectid": 11441, "name": "mn-04-122475", "boroname": "Manhattan", "type": "Free", "provider": "LinkNYC - Citybridge", "location_t": "Outdoor Kiosk" }, "geometry": { "type": "Point", "coordinates": [ -73.99149319, 40.76527687 ] } },
{ "type": "Feature", "properties": { "objectid": 12775, "name": "mn-07-133413", "boroname": "Manhattan", "type": "Free", "provider": "LinkNYC - Citybridge", "location_t": "Outdoor Kiosk" }, "geometry": { "type": "Point", "coordinates": [ -73.981664999499998, 40.778380999699998 ] } },
{ "type": "Feature", "properties": { "objectid": 12156, "name": "mn-06-136296", "boroname": "Manhattan", "type": "Free", "provider": "LinkNYC - Citybridge", "location_t": "Outdoor Kiosk" }, "geometry": { "type": "Point", "coordinates": [ -73.976843230100002, 40.743658539599998 ] } },
{ "type": "Feature", "properties": { "objectid": 11890, "name": "qu-01-125081", "boroname": "Queens", "type": "Free", "provider": "LinkNYC - Citybridge", "location_t": "Outdoor Kiosk" }, "geometry": { "type": "Point", "coordinates": [ -73.9196490004, 40.759199000199999 ] } },
{ "type": "Feature", "properties": { "objectid": 12192, "name": "mn-06-137023", "boroname": "Manhattan", "type": "Free", "provider": "LinkNYC - Citybridge", "location_t": "Outdoor Kiosk" }, "geometry": { "type": "Point", "coordinates": [ -73.965405610399998, 40.754695280299998 ] } },
{ "type": "Feature", "properties": { "objectid": 9685, "name": "Poe Park", "boroname": "Bronx", "type": "Limited Free", "provider": "ALTICEUSA", "location_t": "Outdoor" }, "geometry": { "type": "Point", "coordinates": [ -73.894553, 40.864437000199999 ] } },
{ "type": "Feature", "properties": { "objectid": 10884, "name": "Kissena Park", "boroname": "Queens", "type": "Limited Free", "provider": "SPECTRUM", "location_t": "Outdoor TWC Aerial" }, "geometry": { "type": "Point", "coordinates": [ -73.803419999599996, 40.745890000300001 ] } },
{ "type": "Feature", "properties": { "objectid": 11587, "name": "Staten Island Zoo", "boroname": "Staten Island", "type": "Limited Free", "provider": "SPECTRUM", "location_t": "Outdoor TWC Aerial" }, "geometry": { "type": "Point", "coordinates": [ -74.114738000100004, 40.625755999699997 ] } },
{ "type": "Feature", "properties": { "objectid": 12894, "name": "mn-11-107943", "boroname": "Manhattan", "type": "Free", "provider": "LinkNYC - Citybridge", "location_t": "Outdoor Kiosk" }, "geometry": { "type": "Point", "coordinates": [ -73.939035499699997, 40.799504650400003 ] } },
{ "type": "Feature", "properties": { "objectid": 9845, "name": "Juniper Valley Park", "boroname": "Queens", "type": "Limited Free", "provider": "SPECTRUM", "location_t": "Outdoor" }, "geometry": { "type": "Point", "coordinates": [ -73.877805999900005, 40.720230999599998 ] } },
{ "type": "Feature", "properties": { "objectid": 10921, "name": null, "boroname": "Manhattan", "type": "Free", "provider": "Harlem", "location_t": "Outdoor" }, "geometry": { "type": "Point", "coordinates": [ -73.940777999600002, 40.808224000099997 ] } },
{ "type": "Feature", "properties": { "objectid": 11621, "name": "Tony Dapolito Recreation Center", "boroname": "Manhattan", "type": "Limited Free", "provider": "SPECTRUM", "location_t": "Indoor" }, "geometry": { "type": "Point", "coordinates": [ -74.005461999800005, 40.729564 ] } },
{ "type": "Feature", "properties": { "objectid": 10975, "name": "West 79th Street Boat Basin", "boroname": "Manhattan", "type": "Limited Free", "provider": "SPECTRUM", "location_t": "Outdoor" }, "geometry": { "type": "Point", "coordinates": [ -73.985075000500004, 40.785957999600001 ] } },
{ "type": "Feature", "properties": { "objectid": 9961, "name": "Mcgoldrick", "boroname": "Queens", "type": "Free", "provider": "QPL", "location_t": "Library" }, "geometry": { "type": "Point", "coordinates": [ -73.8098334843, 40.763750316299998 ] } },
{ "type": "Feature", "properties": { "objectid": 10687, "name": "mn-07-143295", "boroname": "Manhattan", "type": "Free", "provider": "LinkNYC - Citybridge", "location_t": "Outdoor Kiosk" }, "geometry": { "type": "Point", "coordinates": [ -73.978438514199993, 40.785612983699998 ] } },
{ "type": "Feature", "properties": { "objectid": 12620, "name": "mn-12-111556", "boroname": "Manhattan", "type": "Free", "provider": "LinkNYC - Citybridge", "location_t": "Outdoor Kiosk" }, "geometry": { "type": "Point", "coordinates": [ -73.943872999600003, 40.835135000100003 ] } },
{ "type": "Feature", "properties": { "objectid": 11627, "name": "Washington Square Park", "boroname": "Manhattan", "type": "Limited Free", "provider": "SPECTRUM", "location_t": "Outdoor" }, "geometry": { "type": "Point", "coordinates": [ -73.997475999499997, 40.729855999900003 ] } },
{ "type": "Feature", "properties": { "objectid": 12820, "name": "qu-12-141538", "boroname": "Queens", "type": "Free", "provider": "LinkNYC - Citybridge", "location_t": "Outdoor Kiosk" }, "geometry": { "type": "Point", "coordinates": [ -73.7977431196, 40.704215849800001 ] } },
{ "type": "Feature", "properties": { "objectid": 12235, "name": "mn-06-133440", "boroname": "Manhattan", "type": "Free", "provider": "LinkNYC - Citybridge", "location_t": "Outdoor Kiosk" }, "geometry": { "type": "Point", "coordinates": [ -73.984749730100006, 40.736426470300003 ] } },
{ "type": "Feature", "properties": { "objectid": 11454, "name": "mn-07-121256", "boroname": "Manhattan", "type": "Free", "provider": "LinkNYC - Citybridge", "location_t": "Outdoor Kiosk" }, "geometry": { "type": "Point", "coordinates": [ -73.972055149599996, 40.7863345297 ] } },
{ "type": "Feature", "properties": { "objectid": 10817, "name": "IRT - Hunts Point Avenue (6)", "boroname": "Bronx", "type": "Free", "provider": "Transit Wireless", "location_t": "Subway Station" }, "geometry": { "type": "Point", "coordinates": [ -73.890549000199996, 40.8209480003 ] } },
{ "type": "Feature", "properties": { "objectid": 11158, "name": "bx-01-146056", "boroname": "Bronx", "type": "Free", "provider": "LinkNYC - Citybridge", "location_t": "Outdoor Kiosk" }, "geometry": { "type": "Point", "coordinates": [ -73.9151806494, 40.814394179700002 ] } },
{ "type": "Feature", "properties": { "objectid": 11513, "name": null, "boroname": "Brooklyn", "type": "Free", "provider": "Downtown Brooklyn", "location_t": "Outdoor" }, "geometry": { "type": "Point", "coordinates": [ -73.9819749997, 40.689333999799999 ] } },
{ "type": "Feature", "properties": { "objectid": 10875, "name": "Kissena Park", "boroname": "Queens", "type": "Limited Free", "provider": "SPECTRUM", "location_t": "Outdoor TWC Aerial" }, "geometry": { "type": "Point", "coordinates": [ -73.8173199995, 40.743700000099999 ] } },
{ "type": "Feature", "properties": { "objectid": 11349, "name": "Grand Central - 4, 5, 6", "boroname": "Manhattan", "type": "Free", "provider": "Transit Wireless", "location_t": "Subway Station" }, "geometry": { "type": "Point", "coordinates": [ -73.9768479998, 40.7517759996 ] } },
{ "type": "Feature", "properties": { "objectid": 12153, "name": "mn-01-138618", "boroname": "Manhattan", "type": "Free", "provider": "LinkNYC - Citybridge", "location_t": "Outdoor Kiosk" }, "geometry": { "type": "Point", "coordinates": [ -74.008084389800004, 40.72340371 ] } },
{ "type": "Feature", "properties": { "objectid": 12745, "name": "mn-05-133536", "boroname": "Manhattan", "type": "Free", "provider": "LinkNYC - Citybridge", "location_t": "Outdoor Kiosk" }, "geometry": { "type": "Point", "coordinates": [ -73.985831999599995, 40.758022000300002 ] } },
{ "type": "Feature", "properties": { "objectid": 12526, "name": "mn-06-136181", "boroname": "Manhattan", "type": "Free", "provider": "LinkNYC - Citybridge", "location_t": "Outdoor Kiosk" }, "geometry": { "type": "Point", "coordinates": [ -73.9680480002, 40.759755999600003 ] } },
{ "type": "Feature", "properties": { "objectid": 11208, "name": "mn-03-121470", "boroname": "Manhattan", "type": "Free", "provider": "LinkNYC - Citybridge", "location_t": "Outdoor Kiosk" }, "geometry": { "type": "Point", "coordinates": [ -73.984822529499993, 40.732205999900003 ] } },
{ "type": "Feature", "properties": { "objectid": 11922, "name": "bk-02-145747", "boroname": "Brooklyn", "type": "Free", "provider": "LinkNYC - Citybridge", "location_t": "Outdoor Kiosk" }, "geometry": { "type": "Point", "coordinates": [ -73.967092999900004, 40.683590999800003 ] } },
{ "type": "Feature", "properties": { "objectid": 9821, "name": "mn-06-121688", "boroname": "Manhattan", "type": "Free", "provider": "LinkNYC - Citybridge", "location_t": "Outdoor Kiosk" }, "geometry": { "type": "Point", "coordinates": [ -73.964595189600004, 40.755811739899997 ] } },
{ "type": "Feature", "properties": { "objectid": 12717, "name": "mn-05-133538", "boroname": "Manhattan", "type": "Free", "provider": "LinkNYC - Citybridge", "location_t": "Outdoor Kiosk" }, "geometry": { "type": "Point", "coordinates": [ -73.9797382406, 40.752335260300001 ] } },
{ "type": "Feature", "properties": { "objectid": 10249, "name": "bk-08-145919", "boroname": "Brooklyn", "type": "Free", "provider": "LinkNYC - Citybridge", "location_t": "Outdoor Kiosk" }, "geometry": { "type": "Point", "coordinates": [ -73.974374959800002, 40.6806498897 ] } },
{ "type": "Feature", "properties": { "objectid": 11735, "name": "mn-01-137026", "boroname": "Manhattan", "type": "Free", "provider": "LinkNYC - Citybridge", "location_t": "Outdoor Kiosk" }, "geometry": { "type": "Point", "coordinates": [ -74.008138779500001, 40.72311759 ] } },
{ "type": "Feature", "properties": { "objectid": 10973, "name": "Railroad Park", "boroname": "Queens", "type": "Limited Free", "provider": "SPECTRUM", "location_t": "Outdoor TWC Aerial" }, "geometry": { "type": "Point", "coordinates": [ -73.7706930003, 40.679471999699999 ] } },
{ "type": "Feature", "properties": { "objectid": 10060, "name": "Hudson Park", "boroname": "Manhattan", "type": "Free", "provider": "NYPL", "location_t": "Library" }, "geometry": { "type": "Point", "coordinates": [ -74.005331014500001, 40.729982914600001 ] } },
{ "type": "Feature", "properties": { "objectid": 10081, "name": "Jerome Park", "boroname": "Bronx", "type": "Free", "provider": "NYPL", "location_t": "Library" }, "geometry": { "type": "Point", "coordinates": [ -73.901193791599994, 40.8690393929 ] } },
{ "type": "Feature", "properties": { "objectid": 9873, "name": null, "boroname": "Brooklyn", "type": "Free", "provider": "Downtown Brooklyn", "location_t": "Outdoor" }, "geometry": { "type": "Point", "coordinates": [ -73.986706500500006, 40.6940105 ] } },
{ "type": "Feature", "properties": { "objectid": 12596, "name": "Harlem", "boroname": "Manhattan", "type": "Free", "provider": "NYPL", "location_t": "Library" }, "geometry": { "type": "Point", "coordinates": [ -73.943315598400005, 40.806160442100001 ] } },
{ "type": "Feature", "properties": { "objectid": 12406, "name": "Hoyt St (2,3)", "boroname": "Brooklyn", "type": "Free", "provider": "Transit Wireless", "location_t": "Subway Station" }, "geometry": { "type": "Point", "coordinates": [ -73.985064999900004, 40.6905449996 ] } },
{ "type": "Feature", "properties": { "objectid": 11642, "name": "Wolfe's Pond Park", "boroname": "Staten Island", "type": "Limited Free", "provider": "SPECTRUM", "location_t": "Outdoor" }, "geometry": { "type": "Point", "coordinates": [ -74.189823000199993, 40.517148000100001 ] } },
{ "type": "Feature", "properties": { "objectid": 11675, "name": "Claremont Park", "boroname": "Bronx", "type": "Limited Free", "provider": "ALTICEUSA", "location_t": "Outdoor" }, "geometry": { "type": "Point", "coordinates": [ -73.909631000299996, 40.841707999800001 ] } },
{ "type": "Feature", "properties": { "objectid": 9949, "name": "Washington Irving - Brooklyn Public Library", "boroname": "Brooklyn", "type": "Free", "provider": "BPL", "location_t": "Library" }, "geometry": { "type": "Point", "coordinates": [ -73.912210617499994, 40.697482248900002 ] } },
{ "type": "Feature", "properties": { "objectid": 10015, "name": "Riverside", "boroname": "Manhattan", "type": "Free", "provider": "NYPL", "location_t": "Library" }, "geometry": { "type": "Point", "coordinates": [ -73.984454650100005, 40.774202905400003 ] } },
{ "type": "Feature", "properties": { "objectid": 10187, "name": "qu-01-145956", "boroname": "Queens", "type": "Free", "provider": "LinkNYC - Citybridge", "location_t": "Outdoor Kiosk" }, "geometry": { "type": "Point", "coordinates": [ -73.914501139400002, 40.753521499800001 ] } },
{ "type": "Feature", "properties": { "objectid": 12300, "name": "qu-06-124194", "boroname": "Queens", "type": "Free", "provider": "LinkNYC - Citybridge", "location_t": "Outdoor Kiosk" }, "geometry": { "type": "Point", "coordinates": [ -73.844883709800001, 40.72152582 ] } },
{ "type": "Feature", "properties": { "objectid": 10225, "name": "Rockaway Beach and Boardwalk", "boroname": "Queens", "type": "Limited Free", "provider": "SPECTRUM", "location_t": "Outdoor" }, "geometry": { "type": "Point", "coordinates": [ -73.810694000400005, 40.584614000199998 ] } },
{ "type": "Feature", "properties": { "objectid": 10681, "name": "mn-07-121228", "boroname": "Manhattan", "type": "Free", "provider": "LinkNYC - Citybridge", "location_t": "Outdoor Kiosk" }, "geometry": { "type": "Point", "coordinates": [ -73.979223999599995, 40.784563999900001 ] } },
{ "type": "Feature", "properties": { "objectid": 11486, "name": "mn-04-123500", "boroname": "Manhattan", "type": "Free", "provider": "LinkNYC - Citybridge", "location_t": "Outdoor Kiosk" }, "geometry": { "type": "Point", "coordinates": [ -73.996168010100007, 40.74356421 ] } },
{ "type": "Feature", "properties": { "objectid": 11527, "name": null, "boroname": "Brooklyn", "type": "Free", "provider": "Downtown Brooklyn", "location_t": "Outdoor" }, "geometry": { "type": "Point", "coordinates": [ -73.982301999399994, 40.6888250003 ] } },
{ "type": "Feature", "properties": { "objectid": 12481, "name": "mn-09-141129", "boroname": "Manhattan", "type": "Free", "provider": "LinkNYC - Citybridge", "location_t": "Outdoor Kiosk" }, "geometry": { "type": "Point", "coordinates": [ -73.952581419799998, 40.82382134 ] } },
{ "type": "Feature", "properties": { "objectid": 10205, "name": "0", "boroname": "Brooklyn", "type": "Free", "provider": "NYCHA", "location_t": "Outdoor" }, "geometry": { "type": "Point", "coordinates": [ -73.981155200299995, 40.695317000099998 ] } },
{ "type": "Feature", "properties": { "objectid": 12184, "name": "mn-06-136682", "boroname": "Manhattan", "type": "Free", "provider": "LinkNYC - Citybridge", "location_t": "Outdoor Kiosk" }, "geometry": { "type": "Point", "coordinates": [ -73.97106076, 40.751187539599997 ] } },
{ "type": "Feature", "properties": { "objectid": 11337, "name": "66th Street ΓÇô (Lincoln Center) - 1", "boroname": "Manhattan", "type": "Free", "provider": "Transit Wireless", "location_t": "Subway Station" }, "geometry": { "type": "Point", "coordinates": [ -73.982209, 40.773439999600001 ] } },
{ "type": "Feature", "properties": { "objectid": 10547, "name": "mn-12-120768", "boroname": "Manhattan", "type": "Free", "provider": "LinkNYC - Citybridge", "location_t": "Outdoor Kiosk" }, "geometry": { "type": "Point", "coordinates": [ -73.934510060199997, 40.848082550199997 ] } },
{ "type": "Feature", "properties": { "objectid": 10708, "name": "mn-03-123268", "boroname": "Manhattan", "type": "Free", "provider": "LinkNYC - Citybridge", "location_t": "Outdoor Kiosk" }, "geometry": { "type": "Point", "coordinates": [ -73.986658369899999, 40.7298307302 ] } },
{ "type": "Feature", "properties": { "objectid": 12121, "name": "mn-05-118228", "boroname": "Manhattan", "type": "Free", "provider": "LinkNYC - Citybridge", "location_t": "Outdoor Kiosk" }, "geometry": { "type": "Point", "coordinates": [ -73.982129460199999, 40.765341219699998 ] } },
{ "type": "Feature", "properties": { "objectid": 12756, "name": "mn-07-120610", "boroname": "Manhattan", "type": "Free", "provider": "LinkNYC - Citybridge", "location_t": "Outdoor Kiosk" }, "geometry": { "type": "Point", "coordinates": [ -73.9710446606, 40.793310000399998 ] } },
{ "type": "Feature", "properties": { "objectid": 11240, "name": "qu-01-142873", "boroname": "Queens", "type": "Free", "provider": "LinkNYC - Citybridge", "location_t": "Outdoor Kiosk" }, "geometry": { "type": "Point", "coordinates": [ -73.917302759799995, 40.764902289799998 ] } },
{ "type": "Feature", "properties": { "objectid": 9699, "name": "Prospect Park", "boroname": "Brooklyn", "type": "Limited Free", "provider": "ALTICEUSA", "location_t": "Indoor" }, "geometry": { "type": "Point", "coordinates": [ -73.963697000099998, 40.657001000400001 ] } },
{ "type": "Feature", "properties": { "objectid": 12411, "name": "Nostrand Av (3)", "boroname": "Brooklyn", "type": "Free", "provider": "Transit Wireless", "location_t": "Subway Station" }, "geometry": { "type": "Point", "coordinates": [ -73.950466000399999, 40.669846999900003 ] } },
{ "type": "Feature", "properties": { "objectid": 10261, "name": "bk-01-145996", "boroname": "Brooklyn", "type": "Free", "provider": "LinkNYC - Citybridge", "location_t": "Outdoor Kiosk" }, "geometry": { "type": "Point", "coordinates": [ -73.9642430902, 40.715731750099998 ] } },
{ "type": "Feature", "properties": { "objectid": 10001, "name": "Brighton Beach - Brooklyn Public Library", "boroname": "Brooklyn", "type": "Free", "provider": "BPL", "location_t": "Library" }, "geometry": { "type": "Point", "coordinates": [ -73.966774876200006, 40.576107747 ] } },
{ "type": "Feature", "properties": { "objectid": 12295, "name": "qu-09-115253", "boroname": "Queens", "type": "Free", "provider": "LinkNYC - Citybridge", "location_t": "Outdoor Kiosk" }, "geometry": { "type": "Point", "coordinates": [ -73.826551020799997, 40.700864447400001 ] } },
{ "type": "Feature", "properties": { "objectid": 11153, "name": "bx-01-146024", "boroname": "Bronx", "type": "Free", "provider": "LinkNYC - Citybridge", "location_t": "Outdoor Kiosk" }, "geometry": { "type": "Point", "coordinates": [ -73.922622834899997, 40.809668192799997 ] } },
{ "type": "Feature", "properties": { "objectid": 11039, "name": "qu-01-125092", "boroname": "Queens", "type": "Free", "provider": "LinkNYC - Citybridge", "location_t": "Outdoor Kiosk" }, "geometry": { "type": "Point", "coordinates": [ -73.928513910299998, 40.76355288 ] } },
{ "type": "Feature", "properties": { "objectid": 9905, "name": null, "boroname": "Brooklyn", "type": "Free", "provider": "Downtown Brooklyn", "location_t": "Outdoor" }, "geometry": { "type": "Point", "coordinates": [ -73.987845999599998, 40.690296 ] } },
{ "type": "Feature", "properties": { "objectid": 11283, "name": "mn-02-122264", "boroname": "Manhattan", "type": "Free", "provider": "LinkNYC - Citybridge", "location_t": "Outdoor Kiosk" }, "geometry": { "type": "Point", "coordinates": [ -74.000238410400001, 40.732884329699999 ] } },
{ "type": "Feature", "properties": { "objectid": 11632, "name": "Lawrence Virgilio Playground /Windmuller Park", "boroname": "Queens", "type": "Limited Free", "provider": "SPECTRUM", "location_t": "Outdoor" }, "geometry": { "type": "Point", "coordinates": [ -73.910587999800001, 40.747454000300003 ] } },
{ "type": "Feature", "properties": { "objectid": 11978, "name": "qu-02-145792", "boroname": "Queens", "type": "Free", "provider": "LinkNYC - Citybridge", "location_t": "Outdoor Kiosk" }, "geometry": { "type": "Point", "coordinates": [ -73.945246049700003, 40.746088630099997 ] } },
{ "type": "Feature", "properties": { "objectid": 9712, "name": "St. James Park", "boroname": "Bronx", "type": "Limited Free", "provider": "ALTICEUSA", "location_t": "Indoor" }, "geometry": { "type": "Point", "coordinates": [ -73.899037, 40.864729999700003 ] } },
{ "type": "Feature", "properties": { "objectid": 11750, "name": "qu-02-139595", "boroname": "Queens", "type": "Free", "provider": "LinkNYC - Citybridge", "location_t": "Outdoor Kiosk" }, "geometry": { "type": "Point", "coordinates": [ -73.941419729499998, 40.747666989800003 ] } },
{ "type": "Feature", "properties": { "objectid": 12513, "name": "mn-06-121820", "boroname": "Manhattan", "type": "Free", "provider": "LinkNYC - Citybridge", "location_t": "Outdoor Kiosk" }, "geometry": { "type": "Point", "coordinates": [ -73.971029679799997, 40.7558772099 ] } },
{ "type": "Feature", "properties": { "objectid": 9804, "name": "Macdonald Park", "boroname": "Queens", "type": "Free", "provider": "AT&T", "location_t": "Outdoor" }, "geometry": { "type": "Point", "coordinates": [ -73.846600000099997, 40.722099999699999 ] } },
{ "type": "Feature", "properties": { "objectid": 12132, "name": "mn-07-121157", "boroname": "Manhattan", "type": "Free", "provider": "LinkNYC - Citybridge", "location_t": "Outdoor Kiosk" }, "geometry": { "type": "Point", "coordinates": [ -73.97785338, 40.778889040099997 ] } },
{ "type": "Feature", "properties": { "objectid": 11273, "name": "mn-06-138318", "boroname": "Manhattan", "type": "Free", "provider": "LinkNYC - Citybridge", "location_t": "Outdoor Kiosk" }, "geometry": { "type": "Point", "coordinates": [ -73.975445509500005, 40.745595960400003 ] } },
{ "type": "Feature", "properties": { "objectid": 12550, "name": "mn-05-122628", "boroname": "Manhattan", "type": "Free", "provider": "LinkNYC - Citybridge", "location_t": "Outdoor Kiosk" }, "geometry": { "type": "Point", "coordinates": [ -73.982246999899999, 40.767270999600001 ] } },
{ "type": "Feature", "properties": { "objectid": 9717, "name": "St. John's Recreation Center", "boroname": "Brooklyn", "type": "Limited Free", "provider": "ALTICEUSA", "location_t": "Outdoor" }, "geometry": { "type": "Point", "coordinates": [ -73.934717000399999, 40.673866000300002 ] } },
{ "type": "Feature", "properties": { "objectid": 11610, "name": "Thomas Jefferson Park", "boroname": "Manhattan", "type": "Limited Free", "provider": "SPECTRUM", "location_t": "Indoor" }, "geometry": { "type": "Point", "coordinates": [ -73.936816000500002, 40.793669000199998 ] } },
{ "type": "Feature", "properties": { "objectid": 10676, "name": "mn-07-121229", "boroname": "Manhattan", "type": "Free", "provider": "LinkNYC - Citybridge", "location_t": "Outdoor Kiosk" }, "geometry": { "type": "Point", "coordinates": [ -73.979707999799999, 40.783919999799998 ] } },
{ "type": "Feature", "properties": { "objectid": 12251, "name": "mn-06-121506", "boroname": "Manhattan", "type": "Free", "provider": "LinkNYC - Citybridge", "location_t": "Outdoor Kiosk" }, "geometry": { "type": "Point", "coordinates": [ -73.979812999499998, 40.743093000099996 ] } },
{ "type": "Feature", "properties": { "objectid": 12266, "name": "mn-06-121364", "boroname": "Manhattan", "type": "Free", "provider": "LinkNYC - Citybridge", "location_t": "Outdoor Kiosk" }, "geometry": { "type": "Point", "coordinates": [ -73.975648000099994, 40.748914000100001 ] } },
{ "type": "Feature", "properties": { "objectid": 11404, "name": "23rd Street - N, R", "boroname": "Manhattan", "type": "Free", "provider": "Transit Wireless", "location_t": "Subway Station" }, "geometry": { "type": "Point", "coordinates": [ -73.989343999799999, 40.741302999600002 ] } },
{ "type": "Feature", "properties": { "objectid": 11702, "name": "Coney Island Beach & Boardwalk", "boroname": "Brooklyn", "type": "Limited Free", "provider": "ALTICEUSA", "location_t": "Outdoor" }, "geometry": { "type": "Point", "coordinates": [ -73.980356000200004, 40.573227000099997 ] } },
{ "type": "Feature", "properties": { "objectid": 12089, "name": "bx-07-111540", "boroname": "Bronx", "type": "Free", "provider": "LinkNYC - Citybridge", "location_t": "Outdoor Kiosk" }, "geometry": { "type": "Point", "coordinates": [ -73.904575079500006, 40.8631140504 ] } },
{ "type": "Feature", "properties": { "objectid": 11545, "name": "Lost Battalion Hall Recreation Center", "boroname": "Queens", "type": "Limited Free", "provider": "SPECTRUM", "location_t": "Indoor" }, "geometry": { "type": "Point", "coordinates": [ -73.865607000300002, 40.731674999799999 ] } },
{ "type": "Feature", "properties": { "objectid": 12533, "name": "mn-06-121746", "boroname": "Manhattan", "type": "Free", "provider": "LinkNYC - Citybridge", "location_t": "Outdoor Kiosk" }, "geometry": { "type": "Point", "coordinates": [ -73.966779259600003, 40.76148352 ] } },
{ "type": "Feature", "properties": { "objectid": 12443, "name": "mn-07-120513", "boroname": "Manhattan", "type": "Free", "provider": "LinkNYC - Citybridge", "location_t": "Outdoor Kiosk" }, "geometry": { "type": "Point", "coordinates": [ -73.971047999500001, 40.7951709998 ] } },
{ "type": "Feature", "properties": { "objectid": 12486, "name": "mn-09-111652", "boroname": "Manhattan", "type": "Free", "provider": "LinkNYC - Citybridge", "location_t": "Outdoor Kiosk" }, "geometry": { "type": "Point", "coordinates": [ -73.951596999900005, 40.824558999799997 ] } },
{ "type": "Feature", "properties": { "objectid": 10742, "name": "Crotona Park", "boroname": "Bronx", "type": "Limited Free", "provider": "ALTICEUSA", "location_t": "Outdoor" }, "geometry": { "type": "Point", "coordinates": [ -73.894280999900005, 40.841820000200002 ] } },
{ "type": "Feature", "properties": { "objectid": 12685, "name": "mn-04-122579", "boroname": "Manhattan", "type": "Free", "provider": "LinkNYC - Citybridge", "location_t": "Outdoor Kiosk" }, "geometry": { "type": "Point", "coordinates": [ -73.988113859899997, 40.7597462397 ] } },
{ "type": "Feature", "properties": { "objectid": 12024, "name": "bx-05-138759", "boroname": "Bronx", "type": "Free", "provider": "LinkNYC - Citybridge", "location_t": "Outdoor Kiosk" }, "geometry": { "type": "Point", "coordinates": [ -73.901950999600004, 40.846169 ] } },
{ "type": "Feature", "properties": { "objectid": 11790, "name": "mn-02-108535", "boroname": "Manhattan", "type": "Free", "provider": "LinkNYC - Citybridge", "location_t": "Outdoor Kiosk" }, "geometry": { "type": "Point", "coordinates": [ -74.005465589899998, 40.738351049800002 ] } },
{ "type": "Feature", "properties": { "objectid": 11007, "name": "Chelsea Recreation Center", "boroname": "Manhattan", "type": "Limited Free", "provider": "SPECTRUM", "location_t": "Indoor" }, "geometry": { "type": "Point", "coordinates": [ -74.002067999700003, 40.748270000399998 ] } },
{ "type": "Feature", "properties": { "objectid": 10123, "name": "Clove Lakes Park - Stonehenge", "boroname": "Staten Island", "type": "Limited Free", "provider": "SPECTRUM", "location_t": "Indoor" }, "geometry": { "type": "Point", "coordinates": [ -74.107213000399994, 40.618237000199997 ] } },
{ "type": "Feature", "properties": { "objectid": 10574, "name": "bx-05-146095", "boroname": "Bronx", "type": "Free", "provider": "LinkNYC - Citybridge", "location_t": "Outdoor Kiosk" }, "geometry": { "type": "Point", "coordinates": [ -73.912136930100004, 40.84779956 ] } },
{ "type": "Feature", "properties": { "objectid": 11126, "name": "bk-08-145831", "boroname": "Brooklyn", "type": "Free", "provider": "LinkNYC - Citybridge", "location_t": "Outdoor Kiosk" }, "geometry": { "type": "Point", "coordinates": [ -73.949697030199999, 40.677503999800003 ] } },
{ "type": "Feature", "properties": { "objectid": 10353, "name": "Governors Island", "boroname": "Manhattan", "type": "Free", "provider": "Fiberless", "location_t": "Indoor" }, "geometry": { "type": "Point", "coordinates": [ -74.013139996, 40.6903200191 ] } },
{ "type": "Feature", "properties": { "objectid": 10355, "name": "Governors Island", "boroname": "Manhattan", "type": "Free", "provider": "Fiberless", "location_t": "Outdoor" }, "geometry": { "type": "Point", "coordinates": [ -74.016960000099999, 40.6891999996 ] } },
{ "type": "Feature", "properties": { "objectid": 12179, "name": "mn-05-133688", "boroname": "Manhattan", "type": "Free", "provider": "LinkNYC - Citybridge", "location_t": "Outdoor Kiosk" }, "geometry": { "type": "Point", "coordinates": [ -73.990775409799994, 40.745494070200003 ] } },
{ "type": "Feature", "properties": { "objectid": 10475, "name": "Van Cortlandt Park", "boroname": "Bronx", "type": "Limited Free", "provider": "ALTICEUSA", "location_t": "Outdoor" }, "geometry": { "type": "Point", "coordinates": [ -73.896288000300004, 40.894245999600003 ] } },
{ "type": "Feature", "properties": { "objectid": 10779, "name": "145 St (A,B,C,D)", "boroname": "Manhattan", "type": "Free", "provider": "Transit Wireless", "location_t": "Subway Station" }, "geometry": { "type": "Point", "coordinates": [ -73.944215999400001, 40.824783000099998 ] } },
{ "type": "Feature", "properties": { "objectid": 11716, "name": "Crotona Park", "boroname": "Bronx", "type": "Limited Free", "provider": "ALTICEUSA", "location_t": "Outdoor" }, "geometry": { "type": "Point", "coordinates": [ -73.8903759998, 40.837703999799999 ] } },
{ "type": "Feature", "properties": { "objectid": 11266, "name": "mn-04-140298", "boroname": "Manhattan", "type": "Free", "provider": "LinkNYC - Citybridge", "location_t": "Outdoor Kiosk" }, "geometry": { "type": "Point", "coordinates": [ -74.004755809900004, 40.752198230300003 ] } },
{ "type": "Feature", "properties": { "objectid": 10713, "name": "mn-03-100726", "boroname": "Manhattan", "type": "Free", "provider": "LinkNYC - Citybridge", "location_t": "Outdoor Kiosk" }, "geometry": { "type": "Point", "coordinates": [ -73.993453999899998, 40.721425000399996 ] } },
{ "type": "Feature", "properties": { "objectid": 10513, "name": null, "boroname": "Manhattan", "type": "Free", "provider": "Chelsea", "location_t": "Outdoor" }, "geometry": { "type": "Point", "coordinates": [ -74.005215168600003, 40.743406151800002 ] } },
{ "type": "Feature", "properties": { "objectid": 12904, "name": "mn-12-100263", "boroname": "Manhattan", "type": "Free", "provider": "LinkNYC - Citybridge", "location_t": "Outdoor Kiosk" }, "geometry": { "type": "Point", "coordinates": [ -73.941446609600007, 40.833860839800003 ] } },
{ "type": "Feature", "properties": { "objectid": 11372, "name": "36 STREET (NORTHERN BLVD)", "boroname": "Queens", "type": "Free", "provider": "Transit Wireless", "location_t": "Subway Station" }, "geometry": { "type": "Point", "coordinates": [ -73.928780999799997, 40.752038999900002 ] } },
{ "type": "Feature", "properties": { "objectid": 10366, "name": "Macombs Dam Park", "boroname": "Bronx", "type": "Limited Free", "provider": "ALTICEUSA", "location_t": "Outdoor" }, "geometry": { "type": "Point", "coordinates": [ -73.928536999599999, 40.826103000300002 ] } },
{ "type": "Feature", "properties": { "objectid": 10145, "name": null, "boroname": "Manhattan", "type": "Free", "provider": "Harlem", "location_t": "Outdoor" }, "geometry": { "type": "Point", "coordinates": [ -73.944695999800004, 40.800478999799999 ] } },
{ "type": "Feature", "properties": { "objectid": 12029, "name": "mn-05-137100", "boroname": "Manhattan", "type": "Free", "provider": "LinkNYC - Citybridge", "location_t": "Outdoor Kiosk" }, "geometry": { "type": "Point", "coordinates": [ -73.993513, 40.736805999600001 ] } },
{ "type": "Feature", "properties": { "objectid": 10569, "name": "mn-09-146114", "boroname": "Manhattan", "type": "Free", "provider": "LinkNYC - Citybridge", "location_t": "Outdoor Kiosk" }, "geometry": { "type": "Point", "coordinates": [ -73.953369889800001, 40.8171570497 ] } },
{ "type": "Feature", "properties": { "objectid": 10042, "name": "Hillcrest", "boroname": "Queens", "type": "Free", "provider": "QPL", "location_t": "Library" }, "geometry": { "type": "Point", "coordinates": [ -73.781908916600003, 40.729252946300001 ] } },
{ "type": "Feature", "properties": { "objectid": 12056, "name": "mn-08-121038", "boroname": "Manhattan", "type": "Free", "provider": "LinkNYC - Citybridge", "location_t": "Outdoor Kiosk" }, "geometry": { "type": "Point", "coordinates": [ -73.963722690400004, 40.774497529900003 ] } },
{ "type": "Feature", "properties": { "objectid": 10528, "name": "McKinley Park", "boroname": "Brooklyn", "type": "Limited Free", "provider": "SPECTRUM", "location_t": "Outdoor TWC Aerial" }, "geometry": { "type": "Point", "coordinates": [ -74.016509000300005, 40.625880000099997 ] } },
{ "type": "Feature", "properties": { "objectid": 10385, "name": "Manhattan Beach Park", "boroname": "Brooklyn", "type": "Limited Free", "provider": "ALTICEUSA", "location_t": "Outdoor" }, "geometry": { "type": "Point", "coordinates": [ -73.946979999500002, 40.576099999699998 ] } },
{ "type": "Feature", "properties": { "objectid": 12702, "name": "mn-06-133664", "boroname": "Manhattan", "type": "Free", "provider": "LinkNYC - Citybridge", "location_t": "Outdoor Kiosk" }, "geometry": { "type": "Point", "coordinates": [ -73.980035070599996, 40.745823810099999 ] } },
{ "type": "Feature", "properties": { "objectid": 12438, "name": "168 St-Washington Heights (A,C,1)", "boroname": "Manhattan", "type": "Free", "provider": "Transit Wireless", "location_t": "Subway Station" }, "geometry": { "type": "Point", "coordinates": [ -73.940133000299994, 40.840556 ] } },
{ "type": "Feature", "properties": { "objectid": 12207, "name": "mn-04-122427", "boroname": "Manhattan", "type": "Free", "provider": "LinkNYC - Citybridge", "location_t": "Outdoor Kiosk" }, "geometry": { "type": "Point", "coordinates": [ -73.997920580200002, 40.73790583 ] } },
{ "type": "Feature", "properties": { "objectid": 11187, "name": "qu-01-125088", "boroname": "Queens", "type": "Free", "provider": "LinkNYC - Citybridge", "location_t": "Outdoor Kiosk" }, "geometry": { "type": "Point", "coordinates": [ -73.922879, 40.760712999900001 ] } },
{ "type": "Feature", "properties": { "objectid": 12761, "name": "mn-07-120526", "boroname": "Manhattan", "type": "Free", "provider": "LinkNYC - Citybridge", "location_t": "Outdoor Kiosk" }, "geometry": { "type": "Point", "coordinates": [ -73.969837000400005, 40.794604000200003 ] } },
{ "type": "Feature", "properties": { "objectid": 9860, "name": null, "boroname": "Brooklyn", "type": "Free", "provider": "Downtown Brooklyn", "location_t": "Outdoor" }, "geometry": { "type": "Point", "coordinates": [ -73.983931000499993, 40.690406000300001 ] } },
{ "type": "Feature", "properties": { "objectid": 10588, "name": "Baisley Pond Park", "boroname": "Queens", "type": "Limited Free", "provider": "SPECTRUM", "location_t": "Outdoor TWC Aerial" }, "geometry": { "type": "Point", "coordinates": [ -73.78942, 40.6676 ] } },
{ "type": "Feature", "properties": { "objectid": 9976, "name": "Carroll Gardens - Brooklyn Public Library", "boroname": "Brooklyn", "type": "Free", "provider": "BPL", "location_t": "Library" }, "geometry": { "type": "Point", "coordinates": [ -73.998019060299995, 40.683213515299997 ] } },
{ "type": "Feature", "properties": { "objectid": 10545, "name": "si-02-125479", "boroname": "Staten Island", "type": "Free", "provider": "LinkNYC - Citybridge", "location_t": "Outdoor Kiosk" }, "geometry": { "type": "Point", "coordinates": [ -74.086209849599996, 40.595456039699997 ] } },
{ "type": "Feature", "properties": { "objectid": 11959, "name": "qu-04-145776", "boroname": "Queens", "type": "Free", "provider": "LinkNYC - Citybridge", "location_t": "Outdoor Kiosk" }, "geometry": { "type": "Point", "coordinates": [ -73.8803150002, 40.736981999800001 ] } },
{ "type": "Feature", "properties": { "objectid": 12041, "name": "mn-08-136195", "boroname": "Manhattan", "type": "Free", "provider": "LinkNYC - Citybridge", "location_t": "Outdoor Kiosk" }, "geometry": { "type": "Point", "coordinates": [ -73.9565366, 40.7672819398 ] } },
{ "type": "Feature", "properties": { "objectid": 10338, "name": "bk-14-145949", "boroname": "Brooklyn", "type": "Free", "provider": "LinkNYC - Citybridge", "location_t": "Outdoor Kiosk" }, "geometry": { "type": "Point", "coordinates": [ -73.957819590300005, 40.648607120100003 ] } },
{ "type": "Feature", "properties": { "objectid": 9731, "name": "Hansborough Recreation Center", "boroname": "Manhattan", "type": "Limited Free", "provider": "SPECTRUM", "location_t": "Indoor" }, "geometry": { "type": "Point", "coordinates": [ -73.939356999599994, 40.812680999599998 ] } },
{ "type": "Feature", "properties": { "objectid": 10666, "name": "mn-07-109544", "boroname": "Manhattan", "type": "Free", "provider": "LinkNYC - Citybridge", "location_t": "Outdoor Kiosk" }, "geometry": { "type": "Point", "coordinates": [ -73.980960999600001, 40.781474000099998 ] } },
{ "type": "Feature", "properties": { "objectid": 11090, "name": "mn-10-120002", "boroname": "Manhattan", "type": "Free", "provider": "LinkNYC - Citybridge", "location_t": "Outdoor Kiosk" }, "geometry": { "type": "Point", "coordinates": [ -73.950710649499996, 40.8109888097 ] } },
{ "type": "Feature", "properties": { "objectid": 11670, "name": "Brownsville Recreation Center", "boroname": "Brooklyn", "type": "Limited Free", "provider": "ALTICEUSA", "location_t": "Indoor" }, "geometry": { "type": "Point", "coordinates": [ -73.902570000099999, 40.656200000200002 ] } },
{ "type": "Feature", "properties": { "objectid": 10476, "name": "Van Cortlandt Park", "boroname": "Bronx", "type": "Limited Free", "provider": "ALTICEUSA", "location_t": "Outdoor" }, "geometry": { "type": "Point", "coordinates": [ -73.896220000300005, 40.893739000399997 ] } },
{ "type": "Feature", "properties": { "objectid": 11595, "name": "Snug Harbor Cultural Center", "boroname": "Staten Island", "type": "Limited Free", "provider": "SPECTRUM", "location_t": "Outdoor" }, "geometry": { "type": "Point", "coordinates": [ -74.101846000400002, 40.641797999600001 ] } },
{ "type": "Feature", "properties": { "objectid": 11223, "name": "mn-06-121794", "boroname": "Manhattan", "type": "Free", "provider": "LinkNYC - Citybridge", "location_t": "Outdoor Kiosk" }, "geometry": { "type": "Point", "coordinates": [ -73.969184199899999, 40.754391849900003 ] } },
{ "type": "Feature", "properties": { "objectid": 9662, "name": "mn-06-121446", "boroname": "Manhattan", "type": "Free", "provider": "LinkNYC - Citybridge", "location_t": "Outdoor Kiosk" }, "geometry": { "type": "Point", "coordinates": [ -73.980148120400003, 40.739137239599998 ] } },
{ "type": "Feature", "properties": { "objectid": 10030, "name": "Kensington - Brooklyn Public Library", "boroname": "Brooklyn", "type": "Free", "provider": "BPL", "location_t": "Library" }, "geometry": { "type": "Point", "coordinates": [ -73.974594708799998, 40.6356942225 ] } },
{ "type": "Feature", "properties": { "objectid": 12006, "name": "bx-06-119390", "boroname": "Bronx", "type": "Free", "provider": "LinkNYC - Citybridge", "location_t": "Outdoor Kiosk" }, "geometry": { "type": "Point", "coordinates": [ -73.899948349699997, 40.84740591 ] } },
{ "type": "Feature", "properties": { "objectid": 11552, "name": "Pelham Fritz Recreation Center", "boroname": "Manhattan", "type": "Limited Free", "provider": "SPECTRUM", "location_t": "Indoor" }, "geometry": { "type": "Point", "coordinates": [ -73.944908999899994, 40.805012999699997 ] } },
{ "type": "Feature", "properties": { "objectid": 9888, "name": null, "boroname": "Brooklyn", "type": "Free", "provider": "Downtown Brooklyn", "location_t": "Outdoor" }, "geometry": { "type": "Point", "coordinates": [ -73.988303999899998, 40.6921780001 ] } },
{ "type": "Feature", "properties": { "objectid": 9871, "name": null, "boroname": "Brooklyn", "type": "Free", "provider": "Downtown Brooklyn", "location_t": "Outdoor" }, "geometry": { "type": "Point", "coordinates": [ -73.986706500500006, 40.6940105 ] } },
{ "type": "Feature", "properties": { "objectid": 12140, "name": "mn-07-120599", "boroname": "Manhattan", "type": "Free", "provider": "LinkNYC - Citybridge", "location_t": "Outdoor Kiosk" }, "geometry": { "type": "Point", "coordinates": [ -73.9689154406, 40.790785780100002 ] } },
{ "type": "Feature", "properties": { "objectid": 10118, "name": "33", "boroname": "Manhattan", "type": "Free", "provider": "Manhattan Down Alliance", "location_t": "Outdoor" }, "geometry": { "type": "Point", "coordinates": [ -74.0118026998, 40.713298800300002 ] } },
{ "type": "Feature", "properties": { "objectid": 9849, "name": null, "boroname": "Brooklyn", "type": "Free", "provider": "Downtown Brooklyn", "location_t": "Outdoor" }, "geometry": { "type": "Point", "coordinates": [ -73.987161999899996, 40.689319000300003 ] } },
{ "type": "Feature", "properties": { "objectid": 10203, "name": "0", "boroname": "Brooklyn", "type": "Free", "provider": "NYCHA", "location_t": "Outdoor" }, "geometry": { "type": "Point", "coordinates": [ -73.981180299599998, 40.6948926998 ] } },
{ "type": "Feature", "properties": { "objectid": 10271, "name": "bk-01-146041", "boroname": "Brooklyn", "type": "Free", "provider": "LinkNYC - Citybridge", "location_t": "Outdoor Kiosk" }, "geometry": { "type": "Point", "coordinates": [ -73.95977484, 40.721943419699997 ] } },
{ "type": "Feature", "properties": { "objectid": 10814, "name": "IND - Bedford Park Blvd - Grand Concourse (B) (D)", "boroname": "Bronx", "type": "Free", "provider": "Transit Wireless", "location_t": "Subway Station" }, "geometry": { "type": "Point", "coordinates": [ -73.887138000099995, 40.8732440004 ] } },
{ "type": "Feature", "properties": { "objectid": 10584, "name": "Steeplechase Park", "boroname": "Brooklyn", "type": "Limited Free", "provider": "ALTICEUSA", "location_t": "Outdoor" }, "geometry": { "type": "Point", "coordinates": [ -73.983499999700001, 40.575850000199999 ] } },
{ "type": "Feature", "properties": { "objectid": 12323, "name": "bx-04-119157", "boroname": "Bronx", "type": "Free", "provider": "LinkNYC - Citybridge", "location_t": "Outdoor Kiosk" }, "geometry": { "type": "Point", "coordinates": [ -73.915848000500006, 40.8394450001 ] } },
{ "type": "Feature", "properties": { "objectid": 10770, "name": "125 St (2,3)", "boroname": "Manhattan", "type": "Free", "provider": "Transit Wireless", "location_t": "Subway Station" }, "geometry": { "type": "Point", "coordinates": [ -73.945501999800001, 40.807745000200001 ] } },
{ "type": "Feature", "properties": { "objectid": 12754, "name": "mn-05-122647", "boroname": "Manhattan", "type": "Free", "provider": "LinkNYC - Citybridge", "location_t": "Outdoor Kiosk" }, "geometry": { "type": "Point", "coordinates": [ -73.9804775498, 40.7647181 ] } },
{ "type": "Feature", "properties": { "objectid": 9710, "name": "Seton Falls Park", "boroname": "Bronx", "type": "Limited Free", "provider": "ALTICEUSA", "location_t": "Outdoor" }, "geometry": { "type": "Point", "coordinates": [ -73.834970000599995, 40.886621999799999 ] } },
{ "type": "Feature", "properties": { "objectid": 11897, "name": "mn-10-119982", "boroname": "Manhattan", "type": "Free", "provider": "LinkNYC - Citybridge", "location_t": "Outdoor Kiosk" }, "geometry": { "type": "Point", "coordinates": [ -73.956761559699999, 40.802368329799997 ] } },
{ "type": "Feature", "properties": { "objectid": 10303, "name": "bk-07-145866", "boroname": "Brooklyn", "type": "Free", "provider": "LinkNYC - Citybridge", "location_t": "Outdoor Kiosk" }, "geometry": { "type": "Point", "coordinates": [ -74.000688999700003, 40.657704000099997 ] } },
{ "type": "Feature", "properties": { "objectid": 9981, "name": "Briarwood", "boroname": "Queens", "type": "Free", "provider": "QPL", "location_t": "Library" }, "geometry": { "type": "Point", "coordinates": [ -73.819453120099993, 40.7100345578 ] } },
{ "type": "Feature", "properties": { "objectid": 10599, "name": "Baisley Pond Park", "boroname": "Queens", "type": "Limited Free", "provider": "SPECTRUM", "location_t": "Outdoor TWC Aerial" }, "geometry": { "type": "Point", "coordinates": [ -73.784439999699998, 40.679340000300002 ] } },
{ "type": "Feature", "properties": { "objectid": 11361, "name": "65TH STREET", "boroname": "Queens", "type": "Free", "provider": "Transit Wireless", "location_t": "Subway Station" }, "geometry": { "type": "Point", "coordinates": [ -73.898452999599996, 40.749669000300003 ] } },
{ "type": "Feature", "properties": { "objectid": 9689, "name": "Prospect Park", "boroname": "Brooklyn", "type": "Limited Free", "provider": "ALTICEUSA", "location_t": "Outdoor" }, "geometry": { "type": "Point", "coordinates": [ -73.968488999499996, 40.650721000399997 ] } },
{ "type": "Feature", "properties": { "objectid": 10861, "name": "Bowne Park", "boroname": "Queens", "type": "Limited Free", "provider": "SPECTRUM", "location_t": "Outdoor TWC Aerial" }, "geometry": { "type": "Point", "coordinates": [ -73.808747999700003, 40.769751 ] } },
{ "type": "Feature", "properties": { "objectid": 12458, "name": "mn-07-120392", "boroname": "Manhattan", "type": "Free", "provider": "LinkNYC - Citybridge", "location_t": "Outdoor Kiosk" }, "geometry": { "type": "Point", "coordinates": [ -73.967969619800002, 40.799629899800003 ] } },
{ "type": "Feature", "properties": { "objectid": 11859, "name": "mn-06-134661", "boroname": "Manhattan", "type": "Free", "provider": "LinkNYC - Citybridge", "location_t": "Outdoor Kiosk" }, "geometry": { "type": "Point", "coordinates": [ -73.97360371, 40.748120829599998 ] } },
{ "type": "Feature", "properties": { "objectid": 10710, "name": "mn-03-137104", "boroname": "Manhattan", "type": "Free", "provider": "LinkNYC - Citybridge", "location_t": "Outdoor Kiosk" }, "geometry": { "type": "Point", "coordinates": [ -73.988579139600006, 40.731570490300001 ] } },
{ "type": "Feature", "properties": { "objectid": 11517, "name": null, "boroname": "Brooklyn", "type": "Free", "provider": "Downtown Brooklyn", "location_t": "Outdoor" }, "geometry": { "type": "Point", "coordinates": [ -73.983165000300005, 40.689633000100002 ] } },
{ "type": "Feature", "properties": { "objectid": 10029, "name": "Flatlands - Brooklyn Public Library", "boroname": "Brooklyn", "type": "Free", "provider": "BPL", "location_t": "Library" }, "geometry": { "type": "Point", "coordinates": [ -73.933213256200006, 40.619768196300001 ] } },
{ "type": "Feature", "properties": { "objectid": 12374, "name": "Myrtle-Wyckoff Avs (L,M)", "boroname": "Brooklyn", "type": "Free", "provider": "Transit Wireless", "location_t": "Subway Station" }, "geometry": { "type": "Point", "coordinates": [ -73.911586, 40.699813999600003 ] } },
{ "type": "Feature", "properties": { "objectid": 10343, "name": "Governors Island", "boroname": "Manhattan", "type": "Free", "provider": "Fiberless", "location_t": "Outdoor" }, "geometry": { "type": "Point", "coordinates": [ -74.017330000399994, 40.688729999899998 ] } },
{ "type": "Feature", "properties": { "objectid": 11207, "name": "mn-06-121457", "boroname": "Manhattan", "type": "Free", "provider": "LinkNYC - Citybridge", "location_t": "Outdoor Kiosk" }, "geometry": { "type": "Point", "coordinates": [ -73.981055170499999, 40.738051729799999 ] } },
{ "type": "Feature", "properties": { "objectid": 11304, "name": null, "boroname": "Manhattan", "type": "Free", "provider": "Harlem", "location_t": "Outdoor" }, "geometry": { "type": "Point", "coordinates": [ -73.952133000200007, 40.804169000400002 ] } },
{ "type": "Feature", "properties": { "objectid": 11105, "name": "si-02-145731", "boroname": "Staten Island", "type": "Free", "provider": "LinkNYC - Citybridge", "location_t": "Outdoor Kiosk" }, "geometry": { "type": "Point", "coordinates": [ -74.103565380099994, 40.57681082 ] } },
{ "type": "Feature", "properties": { "objectid": 12022, "name": "mn-07-137419", "boroname": "Manhattan", "type": "Free", "provider": "LinkNYC - Citybridge", "location_t": "Outdoor Kiosk" }, "geometry": { "type": "Point", "coordinates": [ -73.961278529500007, 40.801247240199999 ] } },
{ "type": "Feature", "properties": { "objectid": 10365, "name": "Macombs Dam Park", "boroname": "Bronx", "type": "Limited Free", "provider": "ALTICEUSA", "location_t": "Outdoor" }, "geometry": { "type": "Point", "coordinates": [ -73.928134000399993, 40.825947000100001 ] } },
{ "type": "Feature", "properties": { "objectid": 12818, "name": "qu-12-141542", "boroname": "Queens", "type": "Free", "provider": "LinkNYC - Citybridge", "location_t": "Outdoor Kiosk" }, "geometry": { "type": "Point", "coordinates": [ -73.798470279599997, 40.703928399699997 ] } },
{ "type": "Feature", "properties": { "objectid": 10867, "name": "Bryant Park", "boroname": "Manhattan", "type": "Limited Free", "provider": "SPECTRUM", "location_t": "Outdoor" }, "geometry": { "type": "Point", "coordinates": [ -73.983094000500003, 40.7543170004 ] } },
{ "type": "Feature", "properties": { "objectid": 12816, "name": "qu-12-144028", "boroname": "Queens", "type": "Free", "provider": "LinkNYC - Citybridge", "location_t": "Outdoor Kiosk" }, "geometry": { "type": "Point", "coordinates": [ -73.7993433197, 40.703768560100002 ] } },
{ "type": "Feature", "properties": { "objectid": 10091, "name": "Coney Island - Brooklyn Public Library", "boroname": "Brooklyn", "type": "Free", "provider": "BPL", "location_t": "Library" }, "geometry": { "type": "Point", "coordinates": [ -73.9860619926, 40.5766377761 ] } },
{ "type": "Feature", "properties": { "objectid": 12111, "name": "mn-05-133361", "boroname": "Manhattan", "type": "Free", "provider": "LinkNYC - Citybridge", "location_t": "Outdoor Kiosk" }, "geometry": { "type": "Point", "coordinates": [ -73.984540799599998, 40.760412940099997 ] } },
{ "type": "Feature", "properties": { "objectid": 11671, "name": "Brownsville Recreation Center", "boroname": "Brooklyn", "type": "Limited Free", "provider": "ALTICEUSA", "location_t": "Indoor" }, "geometry": { "type": "Point", "coordinates": [ -73.902759999699995, 40.656100000099997 ] } },
{ "type": "Feature", "properties": { "objectid": 11730, "name": "mn-09-120571", "boroname": "Manhattan", "type": "Free", "provider": "LinkNYC - Citybridge", "location_t": "Outdoor Kiosk" }, "geometry": { "type": "Point", "coordinates": [ -73.949259390400002, 40.822663469600002 ] } },
{ "type": "Feature", "properties": { "objectid": 11849, "name": "qu-04-136655", "boroname": "Queens", "type": "Free", "provider": "LinkNYC - Citybridge", "location_t": "Outdoor Kiosk" }, "geometry": { "type": "Point", "coordinates": [ -73.874203069199993, 40.748594681299998 ] } },
{ "type": "Feature", "properties": { "objectid": 12525, "name": "mn-06-121850", "boroname": "Manhattan", "type": "Free", "provider": "LinkNYC - Citybridge", "location_t": "Outdoor Kiosk" }, "geometry": { "type": "Point", "coordinates": [ -73.968242000199993, 40.759610000400002 ] } },
{ "type": "Feature", "properties": { "objectid": 10059, "name": "Stephen A. Schwarzman Building", "boroname": "Manhattan", "type": "Free", "provider": "NYPL", "location_t": "Library" }, "geometry": { "type": "Point", "coordinates": [ -73.982158104099994, 40.753184045799998 ] } },
{ "type": "Feature", "properties": { "objectid": 11908, "name": "QUEENS BRIDGE - JACOB A. RIIS Settlement House", "boroname": "Queens", "type": "Free", "provider": "Spot On Networks", "location_t": "Indoor AP - Community Center - Activity Rm 1" }, "geometry": { "type": "Point", "coordinates": [ -73.944584432, 40.755735268199999 ] } },
{ "type": "Feature", "properties": { "objectid": 11212, "name": "mn-05-121579", "boroname": "Manhattan", "type": "Free", "provider": "LinkNYC - Citybridge", "location_t": "Outdoor Kiosk" }, "geometry": { "type": "Point", "coordinates": [ -73.981987109900004, 40.745739849899998 ] } },
{ "type": "Feature", "properties": { "objectid": 12669, "name": "mn-04-122299", "boroname": "Manhattan", "type": "Free", "provider": "LinkNYC - Citybridge", "location_t": "Outdoor Kiosk" }, "geometry": { "type": "Point", "coordinates": [ -74.002305000199996, 40.7398460004 ] } },
{ "type": "Feature", "properties": { "objectid": 11612, "name": "Thomas Jefferson Park", "boroname": "Manhattan", "type": "Limited Free", "provider": "SPECTRUM", "location_t": "Indoor" }, "geometry": { "type": "Point", "coordinates": [ -73.936816000500002, 40.793669000199998 ] } },
{ "type": "Feature", "properties": { "objectid": 10786, "name": "181 St (A)", "boroname": "Manhattan", "type": "Free", "provider": "Transit Wireless", "location_t": "Subway Station" }, "geometry": { "type": "Point", "coordinates": [ -73.937968999700004, 40.851694999700001 ] } },
{ "type": "Feature", "properties": { "objectid": 10535, "name": "Midland Beach and Franklin D. Roosevelt Boardwalk", "boroname": "Staten Island", "type": "Limited Free", "provider": "SPECTRUM", "location_t": "Outdoor" }, "geometry": { "type": "Point", "coordinates": [ -74.088546999599998, 40.5701950001 ] } },
{ "type": "Feature", "properties": { "objectid": 9963, "name": "Kings Bay - Brooklyn Public Library", "boroname": "Brooklyn", "type": "Free", "provider": "BPL", "location_t": "Library" }, "geometry": { "type": "Point", "coordinates": [ -73.941124923, 40.5948615151 ] } },
{ "type": "Feature", "properties": { "objectid": 11271, "name": "mn-07-134272", "boroname": "Manhattan", "type": "Free", "provider": "LinkNYC - Citybridge", "location_t": "Outdoor Kiosk" }, "geometry": { "type": "Point", "coordinates": [ -73.973816140500006, 40.7844233402 ] } },
{ "type": "Feature", "properties": { "objectid": 11244, "name": "mn-10-142513", "boroname": "Manhattan", "type": "Free", "provider": "LinkNYC - Citybridge", "location_t": "Outdoor Kiosk" }, "geometry": { "type": "Point", "coordinates": [ -73.945916920399995, 40.811973430400002 ] } },
{ "type": "Feature", "properties": { "objectid": 10781, "name": "155 St (C)", "boroname": "Manhattan", "type": "Free", "provider": "Transit Wireless", "location_t": "Subway Station" }, "geometry": { "type": "Point", "coordinates": [ -73.941513999600005, 40.830518000200001 ] } },
{ "type": "Feature", "properties": { "objectid": 11374, "name": "STEINWAY STREET", "boroname": "Queens", "type": "Free", "provider": "Transit Wireless", "location_t": "Subway Station" }, "geometry": { "type": "Point", "coordinates": [ -73.92074, 40.756878999800001 ] } },
{ "type": "Feature", "properties": { "objectid": 12050, "name": "mn-06-121676", "boroname": "Manhattan", "type": "Free", "provider": "LinkNYC - Citybridge", "location_t": "Outdoor Kiosk" }, "geometry": { "type": "Point", "coordinates": [ -73.965434250100003, 40.755080699799997 ] } },
{ "type": "Feature", "properties": { "objectid": 12033, "name": "mn-04-136625", "boroname": "Manhattan", "type": "Free", "provider": "LinkNYC - Citybridge", "location_t": "Outdoor Kiosk" }, "geometry": { "type": "Point", "coordinates": [ -73.983441530299999, 40.766861289799998 ] } },
{ "type": "Feature", "properties": { "objectid": 11747, "name": "qu-04-136456", "boroname": "Queens", "type": "Free", "provider": "LinkNYC - Citybridge", "location_t": "Outdoor Kiosk" }, "geometry": { "type": "Point", "coordinates": [ -73.884689500099995, 40.747489940299999 ] } },
{ "type": "Feature", "properties": { "objectid": 12426, "name": "14 St-Union Square (L,N,Q,R,4,5,6)", "boroname": "Manhattan", "type": "Free", "provider": "Transit Wireless", "location_t": "Subway Station" }, "geometry": { "type": "Point", "coordinates": [ -73.990568000400003, 40.735736 ] } },
{ "type": "Feature", "properties": { "objectid": 11660, "name": "Bensonhurst Park", "boroname": "Brooklyn", "type": "Limited Free", "provider": "ALTICEUSA", "location_t": "Outdoor" }, "geometry": { "type": "Point", "coordinates": [ -73.999685000200003, 40.597154000300002 ] } },
{ "type": "Feature", "properties": { "objectid": 11714, "name": "Crotona Park", "boroname": "Bronx", "type": "Limited Free", "provider": "ALTICEUSA", "location_t": "Outdoor" }, "geometry": { "type": "Point", "coordinates": [ -73.894892999800007, 40.837502999900003 ] } },
{ "type": "Feature", "properties": { "objectid": 11104, "name": "si-02-145823", "boroname": "Staten Island", "type": "Free", "provider": "LinkNYC - Citybridge", "location_t": "Outdoor Kiosk" }, "geometry": { "type": "Point", "coordinates": [ -74.104816500400005, 40.575553180199996 ] } },
{ "type": "Feature", "properties": { "objectid": 12039, "name": "mn-04-137195", "boroname": "Manhattan", "type": "Free", "provider": "LinkNYC - Citybridge", "location_t": "Outdoor Kiosk" }, "geometry": { "type": "Point", "coordinates": [ -73.990210097399995, 40.766683194800002 ] } },
{ "type": "Feature", "properties": { "objectid": 10040, "name": "Ravenswood, Now a Family Literacy Center", "boroname": "Queens", "type": "Free", "provider": "QPL", "location_t": "Library" }, "geometry": { "type": "Point", "coordinates": [ -73.936471987499999, 40.760643117599997 ] } },
{ "type": "Feature", "properties": { "objectid": 10171, "name": "bk-01-145892", "boroname": "Brooklyn", "type": "Free", "provider": "LinkNYC - Citybridge", "location_t": "Outdoor Kiosk" }, "geometry": { "type": "Point", "coordinates": [ -73.943398999899998, 40.707379000099998 ] } },
{ "type": "Feature", "properties": { "objectid": 10125, "name": "Coffey Park", "boroname": "Brooklyn", "type": "Limited Free", "provider": "SPECTRUM", "location_t": "Outdoor" }, "geometry": { "type": "Point", "coordinates": [ -74.008722999599996, 40.677192999699997 ] } },
{ "type": "Feature", "properties": { "objectid": 9864, "name": null, "boroname": "Brooklyn", "type": "Free", "provider": "Downtown Brooklyn", "location_t": "Outdoor" }, "geometry": { "type": "Point", "coordinates": [ -73.988519, 40.693625000099999 ] } },
{ "type": "Feature", "properties": { "objectid": 9998, "name": "Laurelton", "boroname": "Queens", "type": "Free", "provider": "QPL", "location_t": "Library" }, "geometry": { "type": "Point", "coordinates": [ -73.745673561299995, 40.676952728 ] } },
{ "type": "Feature", "properties": { "objectid": 9866, "name": null, "boroname": "Brooklyn", "type": "Free", "provider": "Downtown Brooklyn", "location_t": "Outdoor" }, "geometry": { "type": "Point", "coordinates": [ -73.988346999599997, 40.6936359997 ] } },
{ "type": "Feature", "properties": { "objectid": 10540, "name": "qu-03-125402", "boroname": "Queens", "type": "Free", "provider": "LinkNYC - Citybridge", "location_t": "Outdoor Kiosk" }, "geometry": { "type": "Point", "coordinates": [ -73.866434259599998, 40.757445620200002 ] } },
{ "type": "Feature", "properties": { "objectid": 11178, "name": "qu-01-125113", "boroname": "Queens", "type": "Free", "provider": "LinkNYC - Citybridge", "location_t": "Outdoor Kiosk" }, "geometry": { "type": "Point", "coordinates": [ -73.915958100200001, 40.764272570099997 ] } },
{ "type": "Feature", "properties": { "objectid": 11806, "name": "mn-04-123657", "boroname": "Manhattan", "type": "Free", "provider": "LinkNYC - Citybridge", "location_t": "Outdoor Kiosk" }, "geometry": { "type": "Point", "coordinates": [ -74.004177060399996, 40.747888550100001 ] } },
{ "type": "Feature", "properties": { "objectid": 11918, "name": "bk-02-145810", "boroname": "Brooklyn", "type": "Free", "provider": "LinkNYC - Citybridge", "location_t": "Outdoor Kiosk" }, "geometry": { "type": "Point", "coordinates": [ -73.992554600399998, 40.698280380299998 ] } },
{ "type": "Feature", "properties": { "objectid": 10254, "name": "bk-01-146047", "boroname": "Brooklyn", "type": "Free", "provider": "LinkNYC - Citybridge", "location_t": "Outdoor Kiosk" }, "geometry": { "type": "Point", "coordinates": [ -73.95070637, 40.709571630100001 ] } },
{ "type": "Feature", "properties": { "objectid": 12831, "name": "mn-08-120986", "boroname": "Manhattan", "type": "Free", "provider": "LinkNYC - Citybridge", "location_t": "Outdoor Kiosk" }, "geometry": { "type": "Point", "coordinates": [ -73.962529999799997, 40.767308999599997 ] } },
{ "type": "Feature", "properties": { "objectid": 10380, "name": "Manhattan Beach Park", "boroname": "Brooklyn", "type": "Limited Free", "provider": "ALTICEUSA", "location_t": "Outdoor" }, "geometry": { "type": "Point", "coordinates": [ -73.939069999899999, 40.578430000200001 ] } },
{ "type": "Feature", "properties": { "objectid": 10445, "name": "Elmhurst Park", "boroname": "Queens", "type": "Limited Free", "provider": "SPECTRUM", "location_t": "Outdoor TWC Aerial" }, "geometry": { "type": "Point", "coordinates": [ -73.884478999899997, 40.730822000099998 ] } },
{ "type": "Feature", "properties": { "objectid": 11315, "name": "Washington Square Park", "boroname": "Manhattan", "type": "Limited Free", "provider": "SPECTRUM", "location_t": "Outdoor" }, "geometry": { "type": "Point", "coordinates": [ -73.997991000200003, 40.730255000100001 ] } },
{ "type": "Feature", "properties": { "objectid": 12269, "name": "mn-06-137977", "boroname": "Manhattan", "type": "Free", "provider": "LinkNYC - Citybridge", "location_t": "Outdoor Kiosk" }, "geometry": { "type": "Point", "coordinates": [ -73.974887769700004, 40.750377969600002 ] } },
{ "type": "Feature", "properties": { "objectid": 11617, "name": "Thomas Jefferson Park", "boroname": "Manhattan", "type": "Limited Free", "provider": "SPECTRUM", "location_t": "Outdoor TWC Aerial" }, "geometry": { "type": "Point", "coordinates": [ -73.936242000099995, 40.793748000199997 ] } },
{ "type": "Feature", "properties": { "objectid": 11789, "name": "qu-01-108373", "boroname": "Queens", "type": "Free", "provider": "LinkNYC - Citybridge", "location_t": "Outdoor Kiosk" }, "geometry": { "type": "Point", "coordinates": [ -73.926808000299999, 40.762720000199998 ] } },
{ "type": "Feature", "properties": { "objectid": 11410, "name": "33rd Street - 6", "boroname": "Manhattan", "type": "Free", "provider": "Transit Wireless", "location_t": "Subway Station" }, "geometry": { "type": "Point", "coordinates": [ -73.982076000299998, 40.746081 ] } },
{ "type": "Feature", "properties": { "objectid": 11163, "name": "bx-01-146063", "boroname": "Bronx", "type": "Free", "provider": "LinkNYC - Citybridge", "location_t": "Outdoor Kiosk" }, "geometry": { "type": "Point", "coordinates": [ -73.914849077499994, 40.822111982 ] } },
{ "type": "Feature", "properties": { "objectid": 11817, "name": "bx-05-119631", "boroname": "Bronx", "type": "Free", "provider": "LinkNYC - Citybridge", "location_t": "Outdoor Kiosk" }, "geometry": { "type": "Point", "coordinates": [ -73.910930999900003, 40.849486000299997 ] } },
{ "type": "Feature", "properties": { "objectid": 12110, "name": "mn-05-122171", "boroname": "Manhattan", "type": "Free", "provider": "LinkNYC - Citybridge", "location_t": "Outdoor Kiosk" }, "geometry": { "type": "Point", "coordinates": [ -73.986359440100003, 40.754850870200002 ] } },
{ "type": "Feature", "properties": { "objectid": 10530, "name": "McKinley Park", "boroname": "Brooklyn", "type": "Limited Free", "provider": "SPECTRUM", "location_t": "Outdoor TWC Aerial" }, "geometry": { "type": "Point", "coordinates": [ -74.016786999399997, 40.626553000299999 ] } },
{ "type": "Feature", "properties": { "objectid": 10612, "name": "bx-06-144410", "boroname": "Bronx", "type": "Free", "provider": "LinkNYC - Citybridge", "location_t": "Outdoor Kiosk" }, "geometry": { "type": "Point", "coordinates": [ -73.893397669699993, 40.8465224499 ] } },
{ "type": "Feature", "properties": { "objectid": 11768, "name": "mn-07-134640", "boroname": "Manhattan", "type": "Free", "provider": "LinkNYC - Citybridge", "location_t": "Outdoor Kiosk" }, "geometry": { "type": "Point", "coordinates": [ -73.971413110399993, 40.787697829800003 ] } },
{ "type": "Feature", "properties": { "objectid": 9978, "name": "Langston Hughes", "boroname": "Queens", "type": "Free", "provider": "QPL", "location_t": "Library" }, "geometry": { "type": "Point", "coordinates": [ -73.868200295700007, 40.757711898799997 ] } },
{ "type": "Feature", "properties": { "objectid": 12162, "name": "mn-04-137461", "boroname": "Manhattan", "type": "Free", "provider": "LinkNYC - Citybridge", "location_t": "Outdoor Kiosk" }, "geometry": { "type": "Point", "coordinates": [ -73.989933070099994, 40.767047359899998 ] } },
{ "type": "Feature", "properties": { "objectid": 11014, "name": "125th Street", "boroname": "Manhattan", "type": "Free", "provider": "NYPL", "location_t": "Library" }, "geometry": { "type": "Point", "coordinates": [ -73.934847563299996, 40.803018161399997 ] } },
{ "type": "Feature", "properties": { "objectid": 9832, "name": "bx-01-146062", "boroname": "Bronx", "type": "Free", "provider": "LinkNYC - Citybridge", "location_t": "Outdoor Kiosk" }, "geometry": { "type": "Point", "coordinates": [ -73.916790959899998, 40.818016549600003 ] } },
{ "type": "Feature", "properties": { "objectid": 11131, "name": "bx-04-146072", "boroname": "Bronx", "type": "Free", "provider": "LinkNYC - Citybridge", "location_t": "Outdoor Kiosk" }, "geometry": { "type": "Point", "coordinates": [ -73.916032419800004, 40.842202630199999 ] } },
{ "type": "Feature", "properties": { "objectid": 11827, "name": "mn-10-119961", "boroname": "Manhattan", "type": "Free", "provider": "LinkNYC - Citybridge", "location_t": "Outdoor Kiosk" }, "geometry": { "type": "Point", "coordinates": [ -73.950754279400002, 40.805950280399998 ] } },
{ "type": "Feature", "properties": { "objectid": 10508, "name": null, "boroname": "Manhattan", "type": "Free", "provider": "Chelsea", "location_t": "Outdoor" }, "geometry": { "type": "Point", "coordinates": [ -74.001111387899996, 40.741554838500001 ] } },
{ "type": "Feature", "properties": { "objectid": 12471, "name": "mn-09-134690", "boroname": "Manhattan", "type": "Free", "provider": "LinkNYC - Citybridge", "location_t": "Outdoor Kiosk" }, "geometry": { "type": "Point", "coordinates": [ -73.965669519599999, 40.805279640400002 ] } },
{ "type": "Feature", "properties": { "objectid": 10348, "name": "Governors Island", "boroname": "Manhattan", "type": "Free", "provider": "Fiberless", "location_t": "Outdoor" }, "geometry": { "type": "Point", "coordinates": [ -74.014669999399999, 40.689340000199998 ] } },
{ "type": "Feature", "properties": { "objectid": 11886, "name": "mn-11-120314", "boroname": "Manhattan", "type": "Free", "provider": "LinkNYC - Citybridge", "location_t": "Outdoor Kiosk" }, "geometry": { "type": "Point", "coordinates": [ -73.937766279599998, 40.79682481 ] } },
{ "type": "Feature", "properties": { "objectid": 9700, "name": "Prospect Park", "boroname": "Brooklyn", "type": "Limited Free", "provider": "ALTICEUSA", "location_t": "Indoor" }, "geometry": { "type": "Point", "coordinates": [ -73.963697000099998, 40.657001000400001 ] } },
{ "type": "Feature", "properties": { "objectid": 10840, "name": "3 Av (L)", "boroname": "Manhattan", "type": "Free", "provider": "Transit Wireless", "location_t": "Subway Station" }, "geometry": { "type": "Point", "coordinates": [ -73.986122000199998, 40.732848999700003 ] } },
{ "type": "Feature", "properties": { "objectid": 9928, "name": "Woodhaven", "boroname": "Queens", "type": "Free", "provider": "QPL", "location_t": "Library" }, "geometry": { "type": "Point", "coordinates": [ -73.8614464594, 40.694546578500002 ] } },
{ "type": "Feature", "properties": { "objectid": 12856, "name": "mn-08-121019", "boroname": "Manhattan", "type": "Free", "provider": "LinkNYC - Citybridge", "location_t": "Outdoor Kiosk" }, "geometry": { "type": "Point", "coordinates": [ -73.954428000500002, 40.778003000299996 ] } },
{ "type": "Feature", "properties": { "objectid": 10850, "name": "Chambers St (1,2,3)", "boroname": "Manhattan", "type": "Free", "provider": "Transit Wireless", "location_t": "Subway Station" }, "geometry": { "type": "Point", "coordinates": [ -74.009266000500006, 40.715478000099999 ] } },
{ "type": "Feature", "properties": { "objectid": 12498, "name": "si-02-125472", "boroname": "Staten Island", "type": "Free", "provider": "LinkNYC - Citybridge", "location_t": "Outdoor Kiosk" }, "geometry": { "type": "Point", "coordinates": [ -74.114086660200002, 40.5728531898 ] } },
{ "type": "Feature", "properties": { "objectid": 10392, "name": null, "boroname": "Manhattan", "type": "Free", "provider": "Chelsea", "location_t": "Outdoor" }, "geometry": { "type": "Point", "coordinates": [ -74.004710913099998, 40.741583289099999 ] } },
{ "type": "Feature", "properties": { "objectid": 9678, "name": "Pelham Bay Park", "boroname": "Bronx", "type": "Limited Free", "provider": "ALTICEUSA", "location_t": "Outdoor" }, "geometry": { "type": "Point", "coordinates": [ -73.82223, 40.847596000099998 ] } },
{ "type": "Feature", "properties": { "objectid": 12125, "name": "mn-03-123149", "boroname": "Manhattan", "type": "Free", "provider": "LinkNYC - Citybridge", "location_t": "Outdoor Kiosk" }, "geometry": { "type": "Point", "coordinates": [ -73.989412090399995, 40.734140559799997 ] } },
{ "type": "Feature", "properties": { "objectid": 11146, "name": "qu-04-145914", "boroname": "Queens", "type": "Free", "provider": "LinkNYC - Citybridge", "location_t": "Outdoor Kiosk" }, "geometry": { "type": "Point", "coordinates": [ -73.879924848499996, 40.740936745500001 ] } },
{ "type": "Feature", "properties": { "objectid": 10333, "name": "bk-17-146003", "boroname": "Brooklyn", "type": "Free", "provider": "LinkNYC - Citybridge", "location_t": "Outdoor Kiosk" }, "geometry": { "type": "Point", "coordinates": [ -73.94206208, 40.651229970400003 ] } },
{ "type": "Feature", "properties": { "objectid": 12530, "name": "mn-06-121857", "boroname": "Manhattan", "type": "Free", "provider": "LinkNYC - Citybridge", "location_t": "Outdoor Kiosk" }, "geometry": { "type": "Point", "coordinates": [ -73.967305669699996, 40.760347130299998 ] } },
{ "type": "Feature", "properties": { "objectid": 11306, "name": null, "boroname": "Manhattan", "type": "Free", "provider": "Chelsea", "location_t": "Outdoor" }, "geometry": { "type": "Point", "coordinates": [ -74.0045885368, 40.744570308599997 ] } },
{ "type": "Feature", "properties": { "objectid": 10723, "name": "mn-02-123542", "boroname": "Manhattan", "type": "Free", "provider": "LinkNYC - Citybridge", "location_t": "Outdoor Kiosk" }, "geometry": { "type": "Point", "coordinates": [ -73.994741999400006, 40.736387000199997 ] } },
{ "type": "Feature", "properties": { "objectid": 12241, "name": "mn-06-134921", "boroname": "Manhattan", "type": "Free", "provider": "LinkNYC - Citybridge", "location_t": "Outdoor Kiosk" }, "geometry": { "type": "Point", "coordinates": [ -73.981988479600005, 40.740218230099998 ] } },
{ "type": "Feature", "properties": { "objectid": 9732, "name": "Hansborough Recreation Center", "boroname": "Manhattan", "type": "Limited Free", "provider": "SPECTRUM", "location_t": "Indoor" }, "geometry": { "type": "Point", "coordinates": [ -73.939356999599994, 40.812680999599998 ] } },
{ "type": "Feature", "properties": { "objectid": 10235, "name": "Rockaway Beach and Boardwalk", "boroname": "Queens", "type": "Limited Free", "provider": "SPECTRUM", "location_t": "Outdoor" }, "geometry": { "type": "Point", "coordinates": [ -73.825968999699995, 40.580704000200001 ] } },
{ "type": "Feature", "properties": { "objectid": 11966, "name": "qu-02-145787", "boroname": "Queens", "type": "Free", "provider": "LinkNYC - Citybridge", "location_t": "Outdoor Kiosk" }, "geometry": { "type": "Point", "coordinates": [ -73.907534157699999, 40.741433962499997 ] } },
{ "type": "Feature", "properties": { "objectid": 9669, "name": "qu-02-125015", "boroname": "Queens", "type": "Free", "provider": "LinkNYC - Citybridge", "location_t": "Outdoor Kiosk" }, "geometry": { "type": "Point", "coordinates": [ -73.952966259899995, 40.745496410400001 ] } },
{ "type": "Feature", "properties": { "objectid": 10375, "name": "Manhattan Beach Park", "boroname": "Brooklyn", "type": "Limited Free", "provider": "ALTICEUSA", "location_t": "Outdoor" }, "geometry": { "type": "Point", "coordinates": [ -73.943550000100004, 40.577979999599997 ] } },
{ "type": "Feature", "properties": { "objectid": 11512, "name": "Linden Park", "boroname": "Brooklyn", "type": "Limited Free", "provider": "ALTICEUSA", "location_t": "Outdoor" }, "geometry": { "type": "Point", "coordinates": [ -73.88744, 40.658147999800001 ] } },
{ "type": "Feature", "properties": { "objectid": 9859, "name": null, "boroname": "Brooklyn", "type": "Free", "provider": "Downtown Brooklyn", "location_t": "Outdoor" }, "geometry": { "type": "Point", "coordinates": [ -73.983931000499993, 40.690406000300001 ] } },
{ "type": "Feature", "properties": { "objectid": 12439, "name": "Nevins St (2,3,4,5)", "boroname": "Brooklyn", "type": "Free", "provider": "Transit Wireless", "location_t": "Subway Station" }, "geometry": { "type": "Point", "coordinates": [ -73.980492000200002, 40.688245999899998 ] } },
{ "type": "Feature", "properties": { "objectid": 12584, "name": "qu-12-141553", "boroname": "Queens", "type": "Free", "provider": "LinkNYC - Citybridge", "location_t": "Outdoor Kiosk" }, "geometry": { "type": "Point", "coordinates": [ -73.792205179899995, 40.706357360299997 ] } },
{ "type": "Feature", "properties": { "objectid": 12275, "name": "mn-06-121370", "boroname": "Manhattan", "type": "Free", "provider": "LinkNYC - Citybridge", "location_t": "Outdoor Kiosk" }, "geometry": { "type": "Point", "coordinates": [ -73.972445000299999, 40.753195999600003 ] } },
{ "type": "Feature", "properties": { "objectid": 10562, "name": "Prospect Park Band Shell", "boroname": "Brooklyn", "type": "Limited Free", "provider": "SPECTRUM", "location_t": "Outdoor TWC Aerial" }, "geometry": { "type": "Point", "coordinates": [ -73.976164000300002, 40.663256 ] } },
{ "type": "Feature", "properties": { "objectid": 12551, "name": "mn-04-123508", "boroname": "Manhattan", "type": "Free", "provider": "LinkNYC - Citybridge", "location_t": "Outdoor Kiosk" }, "geometry": { "type": "Point", "coordinates": [ -73.9998942199, 40.743578699799997 ] } },
{ "type": "Feature", "properties": { "objectid": 10751, "name": "Ferry Point Park", "boroname": "Bronx", "type": "Limited Free", "provider": "ALTICEUSA", "location_t": "Outdoor" }, "geometry": { "type": "Point", "coordinates": [ -73.837671000100002, 40.815346 ] } },
{ "type": "Feature", "properties": { "objectid": 10663, "name": "mn-07-133406", "boroname": "Manhattan", "type": "Free", "provider": "LinkNYC - Citybridge", "location_t": "Outdoor Kiosk" }, "geometry": { "type": "Point", "coordinates": [ -73.981172760500002, 40.7808257501 ] } },
{ "type": "Feature", "properties": { "objectid": 12177, "name": "mn-04-136045", "boroname": "Manhattan", "type": "Free", "provider": "LinkNYC - Citybridge", "location_t": "Outdoor Kiosk" }, "geometry": { "type": "Point", "coordinates": [ -73.991966530100001, 40.764624479799998 ] } },
{ "type": "Feature", "properties": { "objectid": 12566, "name": "mn-04-122621", "boroname": "Manhattan", "type": "Free", "provider": "LinkNYC - Citybridge", "location_t": "Outdoor Kiosk" }, "geometry": { "type": "Point", "coordinates": [ -73.982853210200005, 40.766963249699998 ] } },
{ "type": "Feature", "properties": { "objectid": 11087, "name": "mn-10-119988", "boroname": "Manhattan", "type": "Free", "provider": "LinkNYC - Citybridge", "location_t": "Outdoor Kiosk" }, "geometry": { "type": "Point", "coordinates": [ -73.954262736499999, 40.805792474299999 ] } },
{ "type": "Feature", "properties": { "objectid": 10777, "name": "145 St (1)", "boroname": "Manhattan", "type": "Free", "provider": "Transit Wireless", "location_t": "Subway Station" }, "geometry": { "type": "Point", "coordinates": [ -73.95036, 40.826550999600002 ] } },
{ "type": "Feature", "properties": { "objectid": 12218, "name": "mn-06-135588", "boroname": "Manhattan", "type": "Free", "provider": "LinkNYC - Citybridge", "location_t": "Outdoor Kiosk" }, "geometry": { "type": "Point", "coordinates": [ -73.986658249499996, 40.73422211 ] } },
{ "type": "Feature", "properties": { "objectid": 9898, "name": "bk-01-145863", "boroname": "Brooklyn", "type": "Free", "provider": "LinkNYC - Citybridge", "location_t": "Outdoor Kiosk" }, "geometry": { "type": "Point", "coordinates": [ -73.954580999800001, 40.732734999900003 ] } },
{ "type": "Feature", "properties": { "objectid": 10074, "name": "Eastchester", "boroname": "Bronx", "type": "Free", "provider": "NYPL", "location_t": "Library" }, "geometry": { "type": "Point", "coordinates": [ -73.845064275300004, 40.870139703 ] } },
{ "type": "Feature", "properties": { "objectid": 10471, "name": "Owen F. Dolen Park", "boroname": "Bronx", "type": "Limited Free", "provider": "ALTICEUSA", "location_t": "Outdoor" }, "geometry": { "type": "Point", "coordinates": [ -73.842668000200007, 40.840657000199997 ] } },
{ "type": "Feature", "properties": { "objectid": 12765, "name": "mn-07-133672", "boroname": "Manhattan", "type": "Free", "provider": "LinkNYC - Citybridge", "location_t": "Outdoor Kiosk" }, "geometry": { "type": "Point", "coordinates": [ -73.968681999599994, 40.796532999599997 ] } },
{ "type": "Feature", "properties": { "objectid": 10835, "name": "Canal St (J,M,N,Q,R,Z,6)", "boroname": "Manhattan", "type": "Free", "provider": "Transit Wireless", "location_t": "Subway Station" }, "geometry": { "type": "Point", "coordinates": [ -74.001774999600002, 40.719527000200003 ] } },
{ "type": "Feature", "properties": { "objectid": 10010, "name": "Inwood", "boroname": "Manhattan", "type": "Free", "provider": "NYPL", "location_t": "Library" }, "geometry": { "type": "Point", "coordinates": [ -73.925853309600001, 40.865729541299999 ] } },
{ "type": "Feature", "properties": { "objectid": 12355, "name": "Broadway-Lafayette St (B,D,F)/Bleecker St (6)", "boroname": "Manhattan", "type": "Free", "provider": "Transit Wireless", "location_t": "Subway Station" }, "geometry": { "type": "Point", "coordinates": [ -73.994659, 40.725915 ] } },
{ "type": "Feature", "properties": { "objectid": 9789, "name": "bk-03-108944", "boroname": "Brooklyn", "type": "Free", "provider": "LinkNYC - Citybridge", "location_t": "Outdoor Kiosk" }, "geometry": { "type": "Point", "coordinates": [ -73.938932349699996, 40.6989557598 ] } },
{ "type": "Feature", "properties": { "objectid": 11227, "name": "mn-05-121993", "boroname": "Manhattan", "type": "Free", "provider": "LinkNYC - Citybridge", "location_t": "Outdoor Kiosk" }, "geometry": { "type": "Point", "coordinates": [ -73.988321629699996, 40.753978009900003 ] } },
{ "type": "Feature", "properties": { "objectid": 10707, "name": "mn-02-123843", "boroname": "Manhattan", "type": "Free", "provider": "LinkNYC - Citybridge", "location_t": "Outdoor Kiosk" }, "geometry": { "type": "Point", "coordinates": [ -73.994079220100005, 40.731160160100004 ] } },
{ "type": "Feature", "properties": { "objectid": 11929, "name": "bk-14-145836", "boroname": "Brooklyn", "type": "Free", "provider": "LinkNYC - Citybridge", "location_t": "Outdoor Kiosk" }, "geometry": { "type": "Point", "coordinates": [ -73.958290999699997, 40.649115000400002 ] } },
{ "type": "Feature", "properties": { "objectid": 12301, "name": "qu-06-128370", "boroname": "Queens", "type": "Free", "provider": "LinkNYC - Citybridge", "location_t": "Outdoor Kiosk" }, "geometry": { "type": "Point", "coordinates": [ -73.852197, 40.726082000399998 ] } },
{ "type": "Feature", "properties": { "objectid": 10907, "name": "bx-01-116238", "boroname": "Bronx", "type": "Free", "provider": "LinkNYC - Citybridge", "location_t": "Outdoor Kiosk" }, "geometry": { "type": "Point", "coordinates": [ -73.919171370200004, 40.813997520100003 ] } },
{ "type": "Feature", "properties": { "objectid": 12093, "name": "bx-05-119587", "boroname": "Bronx", "type": "Free", "provider": "LinkNYC - Citybridge", "location_t": "Outdoor Kiosk" }, "geometry": { "type": "Point", "coordinates": [ -73.898580909900005, 40.86165512 ] } },
{ "type": "Feature", "properties": { "objectid": 11027, "name": "mn-04-135811", "boroname": "Manhattan", "type": "Free", "provider": "LinkNYC - Citybridge", "location_t": "Outdoor Kiosk" }, "geometry": { "type": "Point", "coordinates": [ -73.996830360199993, 40.74230081 ] } },
{ "type": "Feature", "properties": { "objectid": 12407, "name": "Atlantic Av (B,Q,2,3,4,5)/Pacific St (D,M,N,R)", "boroname": "Brooklyn", "type": "Free", "provider": "Transit Wireless", "location_t": "Subway Station" }, "geometry": { "type": "Point", "coordinates": [ -73.977666, 40.684358999700002 ] } },
{ "type": "Feature", "properties": { "objectid": 11048, "name": "bk-02-126016", "boroname": "Brooklyn", "type": "Free", "provider": "LinkNYC - Citybridge", "location_t": "Outdoor Kiosk" }, "geometry": { "type": "Point", "coordinates": [ -73.987068113500001, 40.687593607899998 ] } },
{ "type": "Feature", "properties": { "objectid": 11971, "name": "mn-09-146042", "boroname": "Manhattan", "type": "Free", "provider": "LinkNYC - Citybridge", "location_t": "Outdoor Kiosk" }, "geometry": { "type": "Point", "coordinates": [ -73.943445941, 40.830746241500002 ] } },
{ "type": "Feature", "properties": { "objectid": 10370, "name": "Macombs Dam Park", "boroname": "Bronx", "type": "Limited Free", "provider": "ALTICEUSA", "location_t": "Outdoor" }, "geometry": { "type": "Point", "coordinates": [ -73.926903000600007, 40.827868 ] } },
{ "type": "Feature", "properties": { "objectid": 12622, "name": "mn-12-120445", "boroname": "Manhattan", "type": "Free", "provider": "LinkNYC - Citybridge", "location_t": "Outdoor Kiosk" }, "geometry": { "type": "Point", "coordinates": [ -73.942787000099997, 40.836500999599998 ] } },
{ "type": "Feature", "properties": { "objectid": 12786, "name": "mn-09-136200", "boroname": "Manhattan", "type": "Free", "provider": "LinkNYC - Citybridge", "location_t": "Outdoor Kiosk" }, "geometry": { "type": "Point", "coordinates": [ -73.956189969899995, 40.813668989900002 ] } },
{ "type": "Feature", "properties": { "objectid": 12780, "name": "mn-12-120796", "boroname": "Manhattan", "type": "Free", "provider": "LinkNYC - Citybridge", "location_t": "Outdoor Kiosk" }, "geometry": { "type": "Point", "coordinates": [ -73.938787679699999, 40.844492930400001 ] } },
{ "type": "Feature", "properties": { "objectid": 9753, "name": "0", "boroname": "Brooklyn", "type": "Free", "provider": "NYCHA", "location_t": "Outdoor" }, "geometry": { "type": "Point", "coordinates": [ -73.9731930998, 40.693441799699997 ] } },
{ "type": "Feature", "properties": { "objectid": 11420, "name": "59th Street - Columbus Circle - 1", "boroname": "Manhattan", "type": "Free", "provider": "Transit Wireless", "location_t": "Subway Station" }, "geometry": { "type": "Point", "coordinates": [ -73.981929, 40.768246999699997 ] } },
{ "type": "Feature", "properties": { "objectid": 10950, "name": null, "boroname": "Manhattan", "type": "Free", "provider": "Harlem", "location_t": "Outdoor" }, "geometry": { "type": "Point", "coordinates": [ -73.942846000200007, 40.811137999899998 ] } },
{ "type": "Feature", "properties": { "objectid": 9622, "name": "mn-11-120248", "boroname": "Manhattan", "type": "Free", "provider": "LinkNYC - Citybridge", "location_t": "Outdoor Kiosk" }, "geometry": { "type": "Point", "coordinates": [ -73.936467979499994, 40.802636969700004 ] } },
{ "type": "Feature", "properties": { "objectid": 11779, "name": "mn-03-107871", "boroname": "Manhattan", "type": "Free", "provider": "LinkNYC - Citybridge", "location_t": "Outdoor Kiosk" }, "geometry": { "type": "Point", "coordinates": [ -73.993067710099993, 40.720188340299998 ] } },
{ "type": "Feature", "properties": { "objectid": 12503, "name": "bx-07-119874", "boroname": "Bronx", "type": "Free", "provider": "LinkNYC - Citybridge", "location_t": "Outdoor Kiosk" }, "geometry": { "type": "Point", "coordinates": [ -73.8995757, 40.86782871 ] } },
{ "type": "Feature", "properties": { "objectid": 11284, "name": "mn-07-121275", "boroname": "Manhattan", "type": "Free", "provider": "LinkNYC - Citybridge", "location_t": "Outdoor Kiosk" }, "geometry": { "type": "Point", "coordinates": [ -73.974248900099994, 40.783825379600003 ] } },
{ "type": "Feature", "properties": { "objectid": 10948, "name": null, "boroname": "Manhattan", "type": "Free", "provider": "Harlem", "location_t": "Outdoor" }, "geometry": { "type": "Point", "coordinates": [ -73.940052999599999, 40.813645999899997 ] } },
{ "type": "Feature", "properties": { "objectid": 10485, "name": "Williamsbridge Oval", "boroname": "Bronx", "type": "Limited Free", "provider": "ALTICEUSA", "location_t": "Outdoor" }, "geometry": { "type": "Point", "coordinates": [ -73.879322000499997, 40.877000999899998 ] } },
{ "type": "Feature", "properties": { "objectid": 12637, "name": "bk-02-142293", "boroname": "Brooklyn", "type": "Free", "provider": "LinkNYC - Citybridge", "location_t": "Outdoor Kiosk" }, "geometry": { "type": "Point", "coordinates": [ -73.983710079600002, 40.688672300100002 ] } },
{ "type": "Feature", "properties": { "objectid": 11351, "name": "Times Square - 7", "boroname": "Manhattan", "type": "Free", "provider": "Transit Wireless", "location_t": "Subway Station" }, "geometry": { "type": "Point", "coordinates": [ -73.987690999400002, 40.755477000200003 ] } },
{ "type": "Feature", "properties": { "objectid": 10218, "name": "Red Hook Recreation Center", "boroname": "Brooklyn", "type": "Limited Free", "provider": "SPECTRUM", "location_t": "Indoor" }, "geometry": { "type": "Point", "coordinates": [ -74.004648000399996, 40.672515000300002 ] } },
{ "type": "Feature", "properties": { "objectid": 11703, "name": "Coney Island Beach & Boardwalk", "boroname": "Brooklyn", "type": "Limited Free", "provider": "ALTICEUSA", "location_t": "Outdoor" }, "geometry": { "type": "Point", "coordinates": [ -73.985628999400006, 40.572783999599999 ] } },
{ "type": "Feature", "properties": { "objectid": 10103, "name": "18", "boroname": "Manhattan", "type": "Free", "provider": "Manhattan Down Alliance", "location_t": "Outdoor" }, "geometry": { "type": "Point", "coordinates": [ -74.009597800199998, 40.702899899800002 ] } },
{ "type": "Feature", "properties": { "objectid": 10589, "name": "Baisley Pond Park", "boroname": "Queens", "type": "Limited Free", "provider": "SPECTRUM", "location_t": "Outdoor TWC Aerial" }, "geometry": { "type": "Point", "coordinates": [ -73.788250000600001, 40.681610000200003 ] } },
{ "type": "Feature", "properties": { "objectid": 12605, "name": "190 St (A) (A-C)", "boroname": "Manhattan", "type": "Free", "provider": "Transit Wireless", "location_t": "Subway Station" }, "geometry": { "type": "Point", "coordinates": [ -73.934179999600005, 40.859021999799999 ] } },
{ "type": "Feature", "properties": { "objectid": 12164, "name": "qu-04-136653", "boroname": "Queens", "type": "Free", "provider": "LinkNYC - Citybridge", "location_t": "Outdoor Kiosk" }, "geometry": { "type": "Point", "coordinates": [ -73.887925919500006, 40.74715289 ] } },
{ "type": "Feature", "properties": { "objectid": 9991, "name": "Gravesend - Brooklyn Public Library", "boroname": "Brooklyn", "type": "Free", "provider": "BPL", "location_t": "Library" }, "geometry": { "type": "Point", "coordinates": [ -73.971808446300003, 40.59054439 ] } },
{ "type": "Feature", "properties": { "objectid": 12071, "name": "bk-06-125930", "boroname": "Brooklyn", "type": "Free", "provider": "LinkNYC - Citybridge", "location_t": "Outdoor Kiosk" }, "geometry": { "type": "Point", "coordinates": [ -73.979737990399997, 40.677619610400001 ] } },
{ "type": "Feature", "properties": { "objectid": 10791, "name": "IRT - Brook Av (6)", "boroname": "Bronx", "type": "Free", "provider": "Transit Wireless", "location_t": "Subway Station" }, "geometry": { "type": "Point", "coordinates": [ -73.919240000299993, 40.8075659999 ] } },
{ "type": "Feature", "properties": { "objectid": 12892, "name": "mn-09-120269", "boroname": "Manhattan", "type": "Free", "provider": "LinkNYC - Citybridge", "location_t": "Outdoor Kiosk" }, "geometry": { "type": "Point", "coordinates": [ -73.966051830500007, 40.8055162299 ] } },
{ "type": "Feature", "properties": { "objectid": 12654, "name": "mn-03-138575", "boroname": "Manhattan", "type": "Free", "provider": "LinkNYC - Citybridge", "location_t": "Outdoor Kiosk" }, "geometry": { "type": "Point", "coordinates": [ -73.985739000400002, 40.731079999899997 ] } },
{ "type": "Feature", "properties": { "objectid": 10246, "name": "bk-01-145997", "boroname": "Brooklyn", "type": "Free", "provider": "LinkNYC - Citybridge", "location_t": "Outdoor Kiosk" }, "geometry": { "type": "Point", "coordinates": [ -73.951310719399999, 40.710869829899998 ] } },
{ "type": "Feature", "properties": { "objectid": 12069, "name": "bk-01-140988", "boroname": "Brooklyn", "type": "Free", "provider": "LinkNYC - Citybridge", "location_t": "Outdoor Kiosk" }, "geometry": { "type": "Point", "coordinates": [ -73.9578690795, 40.717770240100002 ] } },
{ "type": "Feature", "properties": { "objectid": 11230, "name": "mn-05-122204", "boroname": "Manhattan", "type": "Free", "provider": "LinkNYC - Citybridge", "location_t": "Outdoor Kiosk" }, "geometry": { "type": "Point", "coordinates": [ -73.980193249799996, 40.754952510199999 ] } },
{ "type": "Feature", "properties": { "objectid": 11012, "name": "Middle Village", "boroname": "Queens", "type": "Free", "provider": "QPL", "location_t": "Library" }, "geometry": { "type": "Point", "coordinates": [ -73.880864273399993, 40.7129435708 ] } },
{ "type": "Feature", "properties": { "objectid": 11719, "name": "Crotona Park", "boroname": "Bronx", "type": "Limited Free", "provider": "ALTICEUSA", "location_t": "Outdoor" }, "geometry": { "type": "Point", "coordinates": [ -73.888714000299998, 40.8389879996 ] } },
{ "type": "Feature", "properties": { "objectid": 12485, "name": "mn-09-120387", "boroname": "Manhattan", "type": "Free", "provider": "LinkNYC - Citybridge", "location_t": "Outdoor Kiosk" }, "geometry": { "type": "Point", "coordinates": [ -73.965108000100003, 40.806760000099999 ] } },
{ "type": "Feature", "properties": { "objectid": 11577, "name": "Roy Wilkins Recreation Center", "boroname": "Queens", "type": "Limited Free", "provider": "SPECTRUM", "location_t": "Indoor" }, "geometry": { "type": "Point", "coordinates": [ -73.769558999599994, 40.687191 ] } },
{ "type": "Feature", "properties": { "objectid": 12577, "name": "mn-05-108471", "boroname": "Manhattan", "type": "Free", "provider": "LinkNYC - Citybridge", "location_t": "Outdoor Kiosk" }, "geometry": { "type": "Point", "coordinates": [ -73.992756419800003, 40.752699790400001 ] } },
{ "type": "Feature", "properties": { "objectid": 11072, "name": "bx-05-119638", "boroname": "Bronx", "type": "Free", "provider": "LinkNYC - Citybridge", "location_t": "Outdoor Kiosk" }, "geometry": { "type": "Point", "coordinates": [ -73.896078542200001, 40.862050980299998 ] } },
{ "type": "Feature", "properties": { "objectid": 9637, "name": "mn-05-134089", "boroname": "Manhattan", "type": "Free", "provider": "LinkNYC - Citybridge", "location_t": "Outdoor Kiosk" }, "geometry": { "type": "Point", "coordinates": [ -73.9870521701, 40.739464329699999 ] } },
{ "type": "Feature", "properties": { "objectid": 10797, "name": "Delancey St (F)/Essex St (J,M,Z) (Essex Street)", "boroname": "Manhattan", "type": "Free", "provider": "Transit Wireless", "location_t": "Subway Station" }, "geometry": { "type": "Point", "coordinates": [ -73.987437000499995, 40.718315000399997 ] } },
{ "type": "Feature", "properties": { "objectid": 12247, "name": "mn-06-121496", "boroname": "Manhattan", "type": "Free", "provider": "LinkNYC - Citybridge", "location_t": "Outdoor Kiosk" }, "geometry": { "type": "Point", "coordinates": [ -73.98068, 40.742006999700003 ] } },
{ "type": "Feature", "properties": { "objectid": 9755, "name": "mn-06-121437", "boroname": "Manhattan", "type": "Free", "provider": "LinkNYC - Citybridge", "location_t": "Outdoor Kiosk" }, "geometry": { "type": "Point", "coordinates": [ -73.978560999600006, 40.740893999599997 ] } },
{ "type": "Feature", "properties": { "objectid": 10410, "name": null, "boroname": "Manhattan", "type": "Free", "provider": "Harlem", "location_t": "Outdoor" }, "geometry": { "type": "Point", "coordinates": [ -73.950994000600005, 40.799703000299999 ] } },
{ "type": "Feature", "properties": { "objectid": 10567, "name": "Central Park", "boroname": "Manhattan", "type": "Free", "provider": "AT&T", "location_t": "Outdoor" }, "geometry": { "type": "Point", "coordinates": [ -73.970899999500006, 40.770999999799997 ] } },
{ "type": "Feature", "properties": { "objectid": 9959, "name": "Van Cortlandt", "boroname": "Bronx", "type": "Free", "provider": "NYPL", "location_t": "Library" }, "geometry": { "type": "Point", "coordinates": [ -73.8939224115, 40.882759756200002 ] } },
{ "type": "Feature", "properties": { "objectid": 11656, "name": "Bensonhurst Park", "boroname": "Brooklyn", "type": "Limited Free", "provider": "ALTICEUSA", "location_t": "Outdoor" }, "geometry": { "type": "Point", "coordinates": [ -74.0001399999, 40.5982570002 ] } },
{ "type": "Feature", "properties": { "objectid": 10051, "name": "Ridgewood", "boroname": "Queens", "type": "Free", "provider": "QPL", "location_t": "Library" }, "geometry": { "type": "Point", "coordinates": [ -73.902572375, 40.705172312899997 ] } },
{ "type": "Feature", "properties": { "objectid": 10275, "name": "qu-01-145948", "boroname": "Queens", "type": "Free", "provider": "LinkNYC - Citybridge", "location_t": "Outdoor Kiosk" }, "geometry": { "type": "Point", "coordinates": [ -73.911717080200006, 40.762277619800003 ] } },
{ "type": "Feature", "properties": { "objectid": 9891, "name": null, "boroname": "Brooklyn", "type": "Free", "provider": "Downtown Brooklyn", "location_t": "Outdoor" }, "geometry": { "type": "Point", "coordinates": [ -73.989634999499998, 40.690882999800003 ] } },
{ "type": "Feature", "properties": { "objectid": 10982, "name": "Alfred E. Smith Playground", "boroname": "Manhattan", "type": "Limited Free", "provider": "SPECTRUM", "location_t": "Indoor" }, "geometry": { "type": "Point", "coordinates": [ -73.997979999899997, 40.7102499999 ] } },
{ "type": "Feature", "properties": { "objectid": 12604, "name": "mn-09-120352", "boroname": "Manhattan", "type": "Free", "provider": "LinkNYC - Citybridge", "location_t": "Outdoor Kiosk" }, "geometry": { "type": "Point", "coordinates": [ -73.949132260300004, 40.828541849600001 ] } },
{ "type": "Feature", "properties": { "objectid": 11444, "name": "mn-02-123611", "boroname": "Manhattan", "type": "Free", "provider": "LinkNYC - Citybridge", "location_t": "Outdoor Kiosk" }, "geometry": { "type": "Point", "coordinates": [ -74.006415359599998, 40.73230778 ] } },
{ "type": "Feature", "properties": { "objectid": 11580, "name": "Roy Wilkins Recreation Center", "boroname": "Queens", "type": "Limited Free", "provider": "SPECTRUM", "location_t": "Indoor" }, "geometry": { "type": "Point", "coordinates": [ -73.769558999599994, 40.687191 ] } },
{ "type": "Feature", "properties": { "objectid": 12569, "name": "mn-04-123656", "boroname": "Manhattan", "type": "Free", "provider": "LinkNYC - Citybridge", "location_t": "Outdoor Kiosk" }, "geometry": { "type": "Point", "coordinates": [ -73.997126869699997, 40.747377169899998 ] } },
{ "type": "Feature", "properties": { "objectid": 11949, "name": "bk-03-145816", "boroname": "Brooklyn", "type": "Free", "provider": "LinkNYC - Citybridge", "location_t": "Outdoor Kiosk" }, "geometry": { "type": "Point", "coordinates": [ -73.929833999500005, 40.679381000100001 ] } },
{ "type": "Feature", "properties": { "objectid": 11667, "name": "Brownsville Recreation Center", "boroname": "Brooklyn", "type": "Limited Free", "provider": "ALTICEUSA", "location_t": "Indoor" }, "geometry": { "type": "Point", "coordinates": [ -73.902800000100001, 40.6567 ] } },
{ "type": "Feature", "properties": { "objectid": 10595, "name": "Baisley Pond Park", "boroname": "Queens", "type": "Limited Free", "provider": "SPECTRUM", "location_t": "Outdoor TWC Aerial" }, "geometry": { "type": "Point", "coordinates": [ -73.785890000500004, 40.68462 ] } },
{ "type": "Feature", "properties": { "objectid": 10997, "name": "Cadman Plaza Park", "boroname": "Brooklyn", "type": "Limited Free", "provider": "SPECTRUM", "location_t": "Outdoor" }, "geometry": { "type": "Point", "coordinates": [ -73.990348999700004, 40.696731999699999 ] } },
{ "type": "Feature", "properties": { "objectid": 11794, "name": "qu-09-133287", "boroname": "Queens", "type": "Free", "provider": "LinkNYC - Citybridge", "location_t": "Outdoor Kiosk" }, "geometry": { "type": "Point", "coordinates": [ -73.857546999899995, 40.692671999600002 ] } },
{ "type": "Feature", "properties": { "objectid": 11484, "name": "mn-04-123359", "boroname": "Manhattan", "type": "Free", "provider": "LinkNYC - Citybridge", "location_t": "Outdoor Kiosk" }, "geometry": { "type": "Point", "coordinates": [ -73.994985999799994, 40.744815 ] } },
{ "type": "Feature", "properties": { "objectid": 10199, "name": "0", "boroname": "Brooklyn", "type": "Free", "provider": "NYCHA", "location_t": "Outdoor" }, "geometry": { "type": "Point", "coordinates": [ -73.982906199499993, 40.693861999900001 ] } },
{ "type": "Feature", "properties": { "objectid": 9693, "name": "Prospect Park", "boroname": "Brooklyn", "type": "Limited Free", "provider": "ALTICEUSA", "location_t": "Outdoor" }, "geometry": { "type": "Point", "coordinates": [ -73.965167999900004, 40.660469000200003 ] } },
{ "type": "Feature", "properties": { "objectid": 11752, "name": "mn-04-134100", "boroname": "Manhattan", "type": "Free", "provider": "LinkNYC - Citybridge", "location_t": "Outdoor Kiosk" }, "geometry": { "type": "Point", "coordinates": [ -73.993003479799995, 40.742827920300002 ] } },
{ "type": "Feature", "properties": { "objectid": 10580, "name": "St. Mary's Park", "boroname": "Bronx", "type": "Limited Free", "provider": "ALTICEUSA", "location_t": "Indoor" }, "geometry": { "type": "Point", "coordinates": [ -73.914137999900007, 40.811544 ] } },
{ "type": "Feature", "properties": { "objectid": 10088, "name": "Allerton", "boroname": "Bronx", "type": "Free", "provider": "NYPL", "location_t": "Library" }, "geometry": { "type": "Point", "coordinates": [ -73.863222484800005, 40.866804429 ] } },
{ "type": "Feature", "properties": { "objectid": 10440, "name": "Cunningham Park", "boroname": "Queens", "type": "Limited Free", "provider": "SPECTRUM", "location_t": "Outdoor" }, "geometry": { "type": "Point", "coordinates": [ -73.773856999700001, 40.730123999600004 ] } },
{ "type": "Feature", "properties": { "objectid": 9968, "name": "New Utrecht - Brooklyn Public Library", "boroname": "Brooklyn", "type": "Free", "provider": "BPL", "location_t": "Library" }, "geometry": { "type": "Point", "coordinates": [ -74.003376545099997, 40.60800935 ] } },
{ "type": "Feature", "properties": { "objectid": 11684, "name": "Coney Island Beach & Boardwalk", "boroname": "Brooklyn", "type": "Limited Free", "provider": "ALTICEUSA", "location_t": "Outdoor" }, "geometry": { "type": "Point", "coordinates": [ -73.981995999700004, 40.574278 ] } },
{ "type": "Feature", "properties": { "objectid": 12343, "name": "mn-07-107814", "boroname": "Manhattan", "type": "Free", "provider": "LinkNYC - Citybridge", "location_t": "Outdoor Kiosk" }, "geometry": { "type": "Point", "coordinates": [ -73.976551030600007, 40.788001679600001 ] } },
{ "type": "Feature", "properties": { "objectid": 12836, "name": "mn-08-120995", "boroname": "Manhattan", "type": "Free", "provider": "LinkNYC - Citybridge", "location_t": "Outdoor Kiosk" }, "geometry": { "type": "Point", "coordinates": [ -73.960951900200001, 40.768943140099999 ] } },
{ "type": "Feature", "properties": { "objectid": 12188, "name": "mn-04-134558", "boroname": "Manhattan", "type": "Free", "provider": "LinkNYC - Citybridge", "location_t": "Outdoor Kiosk" }, "geometry": { "type": "Point", "coordinates": [ -73.994563169700001, 40.745267579900002 ] } },
{ "type": "Feature", "properties": { "objectid": 12658, "name": "mn-04-136316", "boroname": "Manhattan", "type": "Free", "provider": "LinkNYC - Citybridge", "location_t": "Outdoor Kiosk" }, "geometry": { "type": "Point", "coordinates": [ -73.991661620100004, 40.7548808397 ] } },
{ "type": "Feature", "properties": { "objectid": 12018, "name": "bk-01-125263", "boroname": "Brooklyn", "type": "Free", "provider": "LinkNYC - Citybridge", "location_t": "Outdoor Kiosk" }, "geometry": { "type": "Point", "coordinates": [ -73.954886000299993, 40.733400000099998 ] } },
{ "type": "Feature", "properties": { "objectid": 10627, "name": "mn-11-120232", "boroname": "Manhattan", "type": "Free", "provider": "LinkNYC - Citybridge", "location_t": "Outdoor Kiosk" }, "geometry": { "type": "Point", "coordinates": [ -73.942858939900006, 40.7942731204 ] } },
{ "type": "Feature", "properties": { "objectid": 12488, "name": "mn-09-135619", "boroname": "Manhattan", "type": "Free", "provider": "LinkNYC - Citybridge", "location_t": "Outdoor Kiosk" }, "geometry": { "type": "Point", "coordinates": [ -73.951487949500006, 40.82531855 ] } },
{ "type": "Feature", "properties": { "objectid": 12742, "name": "mn-03-108238", "boroname": "Manhattan", "type": "Free", "provider": "LinkNYC - Citybridge", "location_t": "Outdoor Kiosk" }, "geometry": { "type": "Point", "coordinates": [ -73.993343000300001, 40.721716 ] } },
{ "type": "Feature", "properties": { "objectid": 12003, "name": "mn-03-122032", "boroname": "Manhattan", "type": "Free", "provider": "LinkNYC - Citybridge", "location_t": "Outdoor Kiosk" }, "geometry": { "type": "Point", "coordinates": [ -73.9816594495, 40.730877569800001 ] } },
{ "type": "Feature", "properties": { "objectid": 11521, "name": null, "boroname": "Brooklyn", "type": "Free", "provider": "Downtown Brooklyn", "location_t": "Outdoor" }, "geometry": { "type": "Point", "coordinates": [ -73.986787000099994, 40.692144 ] } },
{ "type": "Feature", "properties": { "objectid": 11449, "name": "mn-06-121692", "boroname": "Manhattan", "type": "Free", "provider": "LinkNYC - Citybridge", "location_t": "Outdoor Kiosk" }, "geometry": { "type": "Point", "coordinates": [ -73.963213320199998, 40.757701219600001 ] } },
{ "type": "Feature", "properties": { "objectid": 10523, "name": "McCarren Park", "boroname": "Brooklyn", "type": "Limited Free", "provider": "SPECTRUM", "location_t": "Outdoor" }, "geometry": { "type": "Point", "coordinates": [ -73.949510999799998, 40.7200789997 ] } },
{ "type": "Feature", "properties": { "objectid": 10865, "name": "Bryant Park", "boroname": "Manhattan", "type": "Limited Free", "provider": "SPECTRUM", "location_t": "Outdoor" }, "geometry": { "type": "Point", "coordinates": [ -73.984221999799999, 40.754446999800003 ] } },
{ "type": "Feature", "properties": { "objectid": 11506, "name": "Overlook Park", "boroname": "Queens", "type": "Limited Free", "provider": "SPECTRUM", "location_t": "Outdoor" }, "geometry": { "type": "Point", "coordinates": [ -73.835599000100004, 40.709773 ] } },
{ "type": "Feature", "properties": { "objectid": 11602, "name": "Snug Harbor Cultural Center", "boroname": "Staten Island", "type": "Limited Free", "provider": "SPECTRUM", "location_t": "Indoor" }, "geometry": { "type": "Point", "coordinates": [ -74.102285000500004, 40.643167000200002 ] } },
{ "type": "Feature", "properties": { "objectid": 12724, "name": "mn-05-121966", "boroname": "Manhattan", "type": "Free", "provider": "LinkNYC - Citybridge", "location_t": "Outdoor Kiosk" }, "geometry": { "type": "Point", "coordinates": [ -73.973633200400002, 40.76024945 ] } },
{ "type": "Feature", "properties": { "objectid": 11634, "name": "Lawrence Virgilio Playground /Windmuller Park", "boroname": "Queens", "type": "Limited Free", "provider": "SPECTRUM", "location_t": "Outdoor" }, "geometry": { "type": "Point", "coordinates": [ -73.909415000300001, 40.7462380001 ] } },
{ "type": "Feature", "properties": { "objectid": 11348, "name": "Grand Central - 7", "boroname": "Manhattan", "type": "Free", "provider": "Transit Wireless", "location_t": "Subway Station" }, "geometry": { "type": "Point", "coordinates": [ -73.976040999899993, 40.751431000300002 ] } },
{ "type": "Feature", "properties": { "objectid": 12673, "name": "mn-05-122593", "boroname": "Manhattan", "type": "Free", "provider": "LinkNYC - Citybridge", "location_t": "Outdoor Kiosk" }, "geometry": { "type": "Point", "coordinates": [ -73.985922999500005, 40.762331 ] } },
{ "type": "Feature", "properties": { "objectid": 11914, "name": "bk-08-127080", "boroname": "Brooklyn", "type": "Free", "provider": "LinkNYC - Citybridge", "location_t": "Outdoor Kiosk" }, "geometry": { "type": "Point", "coordinates": [ -73.973932821800005, 40.682132535699999 ] } },
{ "type": "Feature", "properties": { "objectid": 10071, "name": "Schomburg Center For Research In Black Culture", "boroname": "Manhattan", "type": "Free", "provider": "NYPL", "location_t": "Library" }, "geometry": { "type": "Point", "coordinates": [ -73.940952989099998, 40.814688627899997 ] } },
{ "type": "Feature", "properties": { "objectid": 10738, "name": "Crotona Park", "boroname": "Bronx", "type": "Limited Free", "provider": "ALTICEUSA", "location_t": "Outdoor" }, "geometry": { "type": "Point", "coordinates": [ -73.896045000300006, 40.8407099999 ] } },
{ "type": "Feature", "properties": { "objectid": 12737, "name": "mn-03-123273", "boroname": "Manhattan", "type": "Free", "provider": "LinkNYC - Citybridge", "location_t": "Outdoor Kiosk" }, "geometry": { "type": "Point", "coordinates": [ -73.988371669599999, 40.727459860400003 ] } },
{ "type": "Feature", "properties": { "objectid": 11641, "name": "Wolfe's Pond Park", "boroname": "Staten Island", "type": "Limited Free", "provider": "SPECTRUM", "location_t": "Outdoor" }, "geometry": { "type": "Point", "coordinates": [ -74.190322999800003, 40.517044999699998 ] } },
{ "type": "Feature", "properties": { "objectid": 12103, "name": "mn-05-139806", "boroname": "Manhattan", "type": "Free", "provider": "LinkNYC - Citybridge", "location_t": "Outdoor Kiosk" }, "geometry": { "type": "Point", "coordinates": [ -73.9886708895, 40.745127050199997 ] } },
{ "type": "Feature", "properties": { "objectid": 12930, "name": "mn-07-138046", "boroname": "Manhattan", "type": "Free", "provider": "LinkNYC - Citybridge", "location_t": "Outdoor Kiosk" }, "geometry": { "type": "Point", "coordinates": [ -73.9832470005, 40.775999000299997 ] } },
{ "type": "Feature", "properties": { "objectid": 11326, "name": null, "boroname": "Manhattan", "type": "Free", "provider": "Harlem", "location_t": "Outdoor" }, "geometry": { "type": "Point", "coordinates": [ -73.947029000100002, 40.810975000399999 ] } },
{ "type": "Feature", "properties": { "objectid": 10307, "name": "qu-09-145987", "boroname": "Queens", "type": "Free", "provider": "LinkNYC - Citybridge", "location_t": "Outdoor Kiosk" }, "geometry": { "type": "Point", "coordinates": [ -73.831360819899999, 40.7075305503 ] } },
{ "type": "Feature", "properties": { "objectid": 9706, "name": "SARATOGA PARK", "boroname": "Brooklyn", "type": "Limited Free", "provider": "ALTICEUSA", "location_t": "Outdoor" }, "geometry": { "type": "Point", "coordinates": [ -73.91907, 40.685032000200003 ] } },
{ "type": "Feature", "properties": { "objectid": 12801, "name": "mn-08-136969", "boroname": "Manhattan", "type": "Free", "provider": "LinkNYC - Citybridge", "location_t": "Outdoor Kiosk" }, "geometry": { "type": "Point", "coordinates": [ -73.971424000100001, 40.763741999700002 ] } },
{ "type": "Feature", "properties": { "objectid": 12054, "name": "mn-03-136971", "boroname": "Manhattan", "type": "Free", "provider": "LinkNYC - Citybridge", "location_t": "Outdoor Kiosk" }, "geometry": { "type": "Point", "coordinates": [ -73.98430909, 40.729449080400002 ] } },
{ "type": "Feature", "properties": { "objectid": 10405, "name": null, "boroname": "Manhattan", "type": "Free", "provider": "Harlem", "location_t": "Outdoor" }, "geometry": { "type": "Point", "coordinates": [ -73.948989, 40.808337999800003 ] } },
{ "type": "Feature", "properties": { "objectid": 11167, "name": "mn-11-120233", "boroname": "Manhattan", "type": "Free", "provider": "LinkNYC - Citybridge", "location_t": "Outdoor Kiosk" }, "geometry": { "type": "Point", "coordinates": [ -73.9430640004, 40.793569999600003 ] } },
{ "type": "Feature", "properties": { "objectid": 10678, "name": "mn-07-137051", "boroname": "Manhattan", "type": "Free", "provider": "LinkNYC - Citybridge", "location_t": "Outdoor Kiosk" }, "geometry": { "type": "Point", "coordinates": [ -73.979745000099996, 40.784462999699997 ] } },
{ "type": "Feature", "properties": { "objectid": 10897, "name": "mn-12-111670", "boroname": "Manhattan", "type": "Free", "provider": "LinkNYC - Citybridge", "location_t": "Outdoor Kiosk" }, "geometry": { "type": "Point", "coordinates": [ -73.933341980099996, 40.8500375096 ] } },
{ "type": "Feature", "properties": { "objectid": 10033, "name": "Baisley Park", "boroname": "Queens", "type": "Free", "provider": "QPL", "location_t": "Library" }, "geometry": { "type": "Point", "coordinates": [ -73.791678611099996, 40.680311311600001 ] } },
{ "type": "Feature", "properties": { "objectid": 11065, "name": "mn-10-137182", "boroname": "Manhattan", "type": "Free", "provider": "LinkNYC - Citybridge", "location_t": "Outdoor Kiosk" }, "geometry": { "type": "Point", "coordinates": [ -73.942648580400004, 40.816445560299996 ] } },
{ "type": "Feature", "properties": { "objectid": 11462, "name": "mn-08-121040", "boroname": "Manhattan", "type": "Free", "provider": "LinkNYC - Citybridge", "location_t": "Outdoor Kiosk" }, "geometry": { "type": "Point", "coordinates": [ -73.960946570199994, 40.777606139900001 ] } },
{ "type": "Feature", "properties": { "objectid": 12037, "name": "mn-05-137241", "boroname": "Manhattan", "type": "Free", "provider": "LinkNYC - Citybridge", "location_t": "Outdoor Kiosk" }, "geometry": { "type": "Point", "coordinates": [ -73.987738400200001, 40.738096879899999 ] } },
{ "type": "Feature", "properties": { "objectid": 9664, "name": "mn-06-134831", "boroname": "Manhattan", "type": "Free", "provider": "LinkNYC - Citybridge", "location_t": "Outdoor Kiosk" }, "geometry": { "type": "Point", "coordinates": [ -73.97946572, 40.739646660299996 ] } },
{ "type": "Feature", "properties": { "objectid": 11549, "name": "Pelham Fritz Recreation Center", "boroname": "Manhattan", "type": "Limited Free", "provider": "SPECTRUM", "location_t": "Indoor" }, "geometry": { "type": "Point", "coordinates": [ -73.944908999899994, 40.805012999699997 ] } },
{ "type": "Feature", "properties": { "objectid": 12945, "name": "mn-06-121792", "boroname": "Manhattan", "type": "Free", "provider": "LinkNYC - Citybridge", "location_t": "Outdoor Kiosk" }, "geometry": { "type": "Point", "coordinates": [ -73.968835999500001, 40.754138 ] } },
{ "type": "Feature", "properties": { "objectid": 10286, "name": "qu-09-145889", "boroname": "Queens", "type": "Free", "provider": "LinkNYC - Citybridge", "location_t": "Outdoor Kiosk" }, "geometry": { "type": "Point", "coordinates": [ -73.83565709, 40.697902150300003 ] } },
{ "type": "Feature", "properties": { "objectid": 10292, "name": "bk-06-145872", "boroname": "Brooklyn", "type": "Free", "provider": "LinkNYC - Citybridge", "location_t": "Outdoor Kiosk" }, "geometry": { "type": "Point", "coordinates": [ -73.9784649196, 40.679501009600003 ] } },
{ "type": "Feature", "properties": { "objectid": 12542, "name": "mn-02-128511", "boroname": "Manhattan", "type": "Free", "provider": "LinkNYC - Citybridge", "location_t": "Outdoor Kiosk" }, "geometry": { "type": "Point", "coordinates": [ -74.002599979600006, 40.739447470099996 ] } },
{ "type": "Feature", "properties": { "objectid": 11378, "name": "67TH AVENUE", "boroname": "Queens", "type": "Free", "provider": "Transit Wireless", "location_t": "Subway Station" }, "geometry": { "type": "Point", "coordinates": [ -73.852718999499999, 40.726522999899998 ] } },
{ "type": "Feature", "properties": { "objectid": 11882, "name": "mn-11-120242", "boroname": "Manhattan", "type": "Free", "provider": "LinkNYC - Citybridge", "location_t": "Outdoor Kiosk" }, "geometry": { "type": "Point", "coordinates": [ -73.938107074599998, 40.803833513299999 ] } },
{ "type": "Feature", "properties": { "objectid": 11538, "name": "London Planetree Playground", "boroname": "Queens", "type": "Limited Free", "provider": "SPECTRUM", "location_t": "Outdoor TWC Aerial" }, "geometry": { "type": "Point", "coordinates": [ -73.852882000400001, 40.685616000099998 ] } },
{ "type": "Feature", "properties": { "objectid": 11135, "name": "qu-02-145926", "boroname": "Queens", "type": "Free", "provider": "LinkNYC - Citybridge", "location_t": "Outdoor Kiosk" }, "geometry": { "type": "Point", "coordinates": [ -73.939951977700005, 40.7481038954 ] } },
{ "type": "Feature", "properties": { "objectid": 11195, "name": "qu-01-125085", "boroname": "Queens", "type": "Free", "provider": "LinkNYC - Citybridge", "location_t": "Outdoor Kiosk" }, "geometry": { "type": "Point", "coordinates": [ -73.925050305699997, 40.7618968787 ] } },
{ "type": "Feature", "properties": { "objectid": 12557, "name": "mn-05-137326", "boroname": "Manhattan", "type": "Free", "provider": "LinkNYC - Citybridge", "location_t": "Outdoor Kiosk" }, "geometry": { "type": "Point", "coordinates": [ -73.996434000400001, 40.747905000300001 ] } },
{ "type": "Feature", "properties": { "objectid": 10638, "name": "mn-11-144673", "boroname": "Manhattan", "type": "Free", "provider": "LinkNYC - Citybridge", "location_t": "Outdoor Kiosk" }, "geometry": { "type": "Point", "coordinates": [ -73.936139000400004, 40.803731000399999 ] } },
{ "type": "Feature", "properties": { "objectid": 11954, "name": "qu-04-145768", "boroname": "Queens", "type": "Free", "provider": "LinkNYC - Citybridge", "location_t": "Outdoor Kiosk" }, "geometry": { "type": "Point", "coordinates": [ -73.871648000500002, 40.733578999700001 ] } },
{ "type": "Feature", "properties": { "objectid": 12898, "name": "mn-09-100231", "boroname": "Manhattan", "type": "Free", "provider": "LinkNYC - Citybridge", "location_t": "Outdoor Kiosk" }, "geometry": { "type": "Point", "coordinates": [ -73.946440650499994, 40.827196230200002 ] } },
{ "type": "Feature", "properties": { "objectid": 9649, "name": "mn-02-122259", "boroname": "Manhattan", "type": "Free", "provider": "LinkNYC - Citybridge", "location_t": "Outdoor Kiosk" }, "geometry": { "type": "Point", "coordinates": [ -74.001194070099999, 40.731887170299999 ] } },
{ "type": "Feature", "properties": { "objectid": 9738, "name": "0", "boroname": "Brooklyn", "type": "Free", "provider": "NYCHA", "location_t": "Outdoor" }, "geometry": { "type": "Point", "coordinates": [ -73.979909200500003, 40.694623000199996 ] } },
{ "type": "Feature", "properties": { "objectid": 10397, "name": null, "boroname": "Manhattan", "type": "Free", "provider": "Harlem", "location_t": "Outdoor" }, "geometry": { "type": "Point", "coordinates": [ -73.947426000600004, 40.795988 ] } },
{ "type": "Feature", "properties": { "objectid": 9854, "name": null, "boroname": "Brooklyn", "type": "Free", "provider": "Downtown Brooklyn", "location_t": "Outdoor" }, "geometry": { "type": "Point", "coordinates": [ -73.985787999799996, 40.693350000099997 ] } },
{ "type": "Feature", "properties": { "objectid": 10328, "name": "bk-05-145936", "boroname": "Brooklyn", "type": "Free", "provider": "LinkNYC - Citybridge", "location_t": "Outdoor Kiosk" }, "geometry": { "type": "Point", "coordinates": [ -73.899212079700007, 40.677042530199998 ] } },
{ "type": "Feature", "properties": { "objectid": 12290, "name": "qu-09-128721", "boroname": "Queens", "type": "Free", "provider": "LinkNYC - Citybridge", "location_t": "Outdoor Kiosk" }, "geometry": { "type": "Point", "coordinates": [ -73.833834389900005, 40.6988997204 ] } },
{ "type": "Feature", "properties": { "objectid": 11742, "name": "mn-05-133687", "boroname": "Manhattan", "type": "Free", "provider": "LinkNYC - Citybridge", "location_t": "Outdoor Kiosk" }, "geometry": { "type": "Point", "coordinates": [ -73.993363330500003, 40.74741879 ] } },
{ "type": "Feature", "properties": { "objectid": 12130, "name": "mn-04-123535", "boroname": "Manhattan", "type": "Free", "provider": "LinkNYC - Citybridge", "location_t": "Outdoor Kiosk" }, "geometry": { "type": "Point", "coordinates": [ -73.998319280499999, 40.738074160300002 ] } },
{ "type": "Feature", "properties": { "objectid": 10494, "name": "9", "boroname": "Manhattan", "type": "Free", "provider": "Manhattan Down Alliance", "location_t": "Outdoor" }, "geometry": { "type": "Point", "coordinates": [ -74.006103500099996, 40.706298800200003 ] } },
{ "type": "Feature", "properties": { "objectid": 11481, "name": "mn-03-123288", "boroname": "Manhattan", "type": "Free", "provider": "LinkNYC - Citybridge", "location_t": "Outdoor Kiosk" }, "geometry": { "type": "Point", "coordinates": [ -73.983097969699998, 40.73083305 ] } },
{ "type": "Feature", "properties": { "objectid": 11839, "name": "qu-04-145788", "boroname": "Queens", "type": "Free", "provider": "LinkNYC - Citybridge", "location_t": "Outdoor Kiosk" }, "geometry": { "type": "Point", "coordinates": [ -73.870837750500002, 40.733342100100003 ] } },
{ "type": "Feature", "properties": { "objectid": 11291, "name": "St. James Park", "boroname": "Bronx", "type": "Limited Free", "provider": "ALTICEUSA", "location_t": "Indoor" }, "geometry": { "type": "Point", "coordinates": [ -73.899037, 40.864729999700003 ] } },
{ "type": "Feature", "properties": { "objectid": 11870, "name": "qu-03-139600", "boroname": "Queens", "type": "Free", "provider": "LinkNYC - Citybridge", "location_t": "Outdoor Kiosk" }, "geometry": { "type": "Point", "coordinates": [ -73.882033700099996, 40.747990929700002 ] } },
{ "type": "Feature", "properties": { "objectid": 10034, "name": "Glendale", "boroname": "Queens", "type": "Free", "provider": "QPL", "location_t": "Library" }, "geometry": { "type": "Point", "coordinates": [ -73.875797108900002, 40.702576664799999 ] } },
{ "type": "Feature", "properties": { "objectid": 9605, "name": "QUEENS BRIDGE - JACOB A. RIIS Settlement House", "boroname": "Queens", "type": "Free", "provider": "Spot On Networks", "location_t": "Indoor AP - North Maintenance Area" }, "geometry": { "type": "Point", "coordinates": [ -73.945165999699995, 40.755751000099998 ] } },
{ "type": "Feature", "properties": { "objectid": 11872, "name": "qu-03-136451", "boroname": "Queens", "type": "Free", "provider": "LinkNYC - Citybridge", "location_t": "Outdoor Kiosk" }, "geometry": { "type": "Point", "coordinates": [ -73.880923729800003, 40.748019620400001 ] } },
{ "type": "Feature", "properties": { "objectid": 9800, "name": "J. Hood Wright Park", "boroname": "Manhattan", "type": "Limited Free", "provider": "SPECTRUM", "location_t": "Outdoor" }, "geometry": { "type": "Point", "coordinates": [ -73.939980999499994, 40.8464440001 ] } },
{ "type": "Feature", "properties": { "objectid": 10824, "name": "Lexington Av -53 St (E)/51 St(6)", "boroname": "Manhattan", "type": "Free", "provider": "Transit Wireless", "location_t": "Subway Station" }, "geometry": { "type": "Point", "coordinates": [ -73.971919999500003, 40.757106999900003 ] } },
{ "type": "Feature", "properties": { "objectid": 10179, "name": "0", "boroname": "Brooklyn", "type": "Free", "provider": "City Tech", "location_t": "Outdoor" }, "geometry": { "type": "Point", "coordinates": [ -73.988118499500004, 40.695920600400001 ] } },
{ "type": "Feature", "properties": { "objectid": 10360, "name": "Governors Island", "boroname": "Manhattan", "type": "Free", "provider": "Fiberless", "location_t": "Outdoor" }, "geometry": { "type": "Point", "coordinates": [ -74.02251, 40.687260000099997 ] } },
{ "type": "Feature", "properties": { "objectid": 9936, "name": "Kingsbridge", "boroname": "Bronx", "type": "Free", "provider": "NYPL", "location_t": "Library" }, "geometry": { "type": "Point", "coordinates": [ -73.907983371499995, 40.880322277300003 ] } },
{ "type": "Feature", "properties": { "objectid": 10892, "name": "mn-10-102771", "boroname": "Manhattan", "type": "Free", "provider": "LinkNYC - Citybridge", "location_t": "Outdoor Kiosk" }, "geometry": { "type": "Point", "coordinates": [ -73.952788679400001, 40.807325670099999 ] } },
{ "type": "Feature", "properties": { "objectid": 11321, "name": "Hansborough Recreation Center", "boroname": "Manhattan", "type": "Limited Free", "provider": "SPECTRUM", "location_t": "Outdoor" }, "geometry": { "type": "Point", "coordinates": [ -73.939356999599994, 40.812680999599998 ] } },
{ "type": "Feature", "properties": { "objectid": 9721, "name": "St. John's Recreation Center", "boroname": "Brooklyn", "type": "Limited Free", "provider": "ALTICEUSA", "location_t": "Indoor" }, "geometry": { "type": "Point", "coordinates": [ -73.934867000500006, 40.673726999899998 ] } },
{ "type": "Feature", "properties": { "objectid": 11856, "name": "mn-09-134111", "boroname": "Manhattan", "type": "Free", "provider": "LinkNYC - Citybridge", "location_t": "Outdoor Kiosk" }, "geometry": { "type": "Point", "coordinates": [ -73.946664800500002, 40.826707089599999 ] } },
{ "type": "Feature", "properties": { "objectid": 11802, "name": "qu-03-111054", "boroname": "Queens", "type": "Free", "provider": "LinkNYC - Citybridge", "location_t": "Outdoor Kiosk" }, "geometry": { "type": "Point", "coordinates": [ -73.8787156896, 40.748252670399999 ] } },
{ "type": "Feature", "properties": { "objectid": 11986, "name": "bx-01-145820", "boroname": "Bronx", "type": "Free", "provider": "LinkNYC - Citybridge", "location_t": "Outdoor Kiosk" }, "geometry": { "type": "Point", "coordinates": [ -73.929242848599998, 40.816751643400004 ] } },
{ "type": "Feature", "properties": { "objectid": 10422, "name": null, "boroname": "Brooklyn", "type": "Free", "provider": "Downtown Brooklyn", "location_t": "Outdoor" }, "geometry": { "type": "Point", "coordinates": [ -73.989634999499998, 40.690882999800003 ] } },
{ "type": "Feature", "properties": { "objectid": 9903, "name": null, "boroname": "Brooklyn", "type": "Free", "provider": "Downtown Brooklyn", "location_t": "Outdoor" }, "geometry": { "type": "Point", "coordinates": [ -73.988116999699997, 40.689924000200001 ] } },
{ "type": "Feature", "properties": { "objectid": 10552, "name": "Kissena Park", "boroname": "Queens", "type": "Limited Free", "provider": "SPECTRUM", "location_t": "Outdoor TWC Aerial" }, "geometry": { "type": "Point", "coordinates": [ -73.811700000499997, 40.747610000199998 ] } },
{ "type": "Feature", "properties": { "objectid": 12108, "name": "mn-05-122175", "boroname": "Manhattan", "type": "Free", "provider": "LinkNYC - Citybridge", "location_t": "Outdoor Kiosk" }, "geometry": { "type": "Point", "coordinates": [ -73.9873860302, 40.7530590804 ] } },
{ "type": "Feature", "properties": { "objectid": 11597, "name": "Snug Harbor Cultural Center", "boroname": "Staten Island", "type": "Limited Free", "provider": "SPECTRUM", "location_t": "Outdoor" }, "geometry": { "type": "Point", "coordinates": [ -74.102404000199996, 40.6438200001 ] } },
{ "type": "Feature", "properties": { "objectid": 10520, "name": "Clove Lakes Park - Lake Club Restaurant", "boroname": "Staten Island", "type": "Limited Free", "provider": "SPECTRUM", "location_t": "Indoor" }, "geometry": { "type": "Point", "coordinates": [ -74.108185000299997, 40.617749999799997 ] } },
{ "type": "Feature", "properties": { "objectid": 12258, "name": "mn-06-121512", "boroname": "Manhattan", "type": "Free", "provider": "LinkNYC - Citybridge", "location_t": "Outdoor Kiosk" }, "geometry": { "type": "Point", "coordinates": [ -73.9776875803, 40.746538880300001 ] } },
{ "type": "Feature", "properties": { "objectid": 10809, "name": "Inwood-207 St (A)", "boroname": "Manhattan", "type": "Free", "provider": "Transit Wireless", "location_t": "Subway Station" }, "geometry": { "type": "Point", "coordinates": [ -73.919898999799997, 40.868072 ] } },
{ "type": "Feature", "properties": { "objectid": 10766, "name": "Heckscher Playground", "boroname": "Brooklyn", "type": "Limited Free", "provider": "ALTICEUSA", "location_t": "Outdoor" }, "geometry": { "type": "Point", "coordinates": [ -73.918627000499995, 40.694836999700001 ] } },
{ "type": "Feature", "properties": { "objectid": 10668, "name": "mn-07-133404", "boroname": "Manhattan", "type": "Free", "provider": "LinkNYC - Citybridge", "location_t": "Outdoor Kiosk" }, "geometry": { "type": "Point", "coordinates": [ -73.980833000600001, 40.781843 ] } },
{ "type": "Feature", "properties": { "objectid": 10616, "name": "mn-02-122344", "boroname": "Manhattan", "type": "Free", "provider": "LinkNYC - Citybridge", "location_t": "Outdoor Kiosk" }, "geometry": { "type": "Point", "coordinates": [ -73.996630870399997, 40.71903975 ] } },
{ "type": "Feature", "properties": { "objectid": 12927, "name": "qu-02-125014", "boroname": "Queens", "type": "Free", "provider": "LinkNYC - Citybridge", "location_t": "Outdoor Kiosk" }, "geometry": { "type": "Point", "coordinates": [ -73.952126659499996, 40.742919339799997 ] } },
{ "type": "Feature", "properties": { "objectid": 9886, "name": null, "boroname": "Brooklyn", "type": "Free", "provider": "Downtown Brooklyn", "location_t": "Outdoor" }, "geometry": { "type": "Point", "coordinates": [ -73.988311000099998, 40.691976000399997 ] } },
{ "type": "Feature", "properties": { "objectid": 10643, "name": "mn-07-134467", "boroname": "Manhattan", "type": "Free", "provider": "LinkNYC - Citybridge", "location_t": "Outdoor Kiosk" }, "geometry": { "type": "Point", "coordinates": [ -73.981930000299997, 40.773805999799997 ] } },
{ "type": "Feature", "properties": { "objectid": 11092, "name": "mn-10-120039", "boroname": "Manhattan", "type": "Free", "provider": "LinkNYC - Citybridge", "location_t": "Outdoor Kiosk" }, "geometry": { "type": "Point", "coordinates": [ -73.948010999700003, 40.808939000199999 ] } },
{ "type": "Feature", "properties": { "objectid": 12867, "name": "mn-08-119833", "boroname": "Manhattan", "type": "Free", "provider": "LinkNYC - Citybridge", "location_t": "Outdoor Kiosk" }, "geometry": { "type": "Point", "coordinates": [ -73.951699, 40.782158999899998 ] } },
{ "type": "Feature", "properties": { "objectid": 11489, "name": "mn-05-123789", "boroname": "Manhattan", "type": "Free", "provider": "LinkNYC - Citybridge", "location_t": "Outdoor Kiosk" }, "geometry": { "type": "Point", "coordinates": [ -73.985068999399999, 40.7446140001 ] } },
{ "type": "Feature", "properties": { "objectid": 12379, "name": "Jay St-Borough Hall (A,C,F)", "boroname": "Brooklyn", "type": "Free", "provider": "Transit Wireless", "location_t": "Subway Station" }, "geometry": { "type": "Point", "coordinates": [ -73.987342000500007, 40.692337999599999 ] } },
{ "type": "Feature", "properties": { "objectid": 12008, "name": "bx-05-123186", "boroname": "Bronx", "type": "Free", "provider": "LinkNYC - Citybridge", "location_t": "Outdoor Kiosk" }, "geometry": { "type": "Point", "coordinates": [ -73.9114700003, 40.848729999900002 ] } },
{ "type": "Feature", "properties": { "objectid": 12213, "name": "mn-03-123265", "boroname": "Manhattan", "type": "Free", "provider": "LinkNYC - Citybridge", "location_t": "Outdoor Kiosk" }, "geometry": { "type": "Point", "coordinates": [ -73.987162000599994, 40.733106999699999 ] } },
{ "type": "Feature", "properties": { "objectid": 10156, "name": null, "boroname": "Manhattan", "type": "Free", "provider": "Harlem", "location_t": "Outdoor" }, "geometry": { "type": "Point", "coordinates": [ -73.953922000099993, 40.806229999800003 ] } },
{ "type": "Feature", "properties": { "objectid": 11430, "name": "mn-08-121988", "boroname": "Manhattan", "type": "Free", "provider": "LinkNYC - Citybridge", "location_t": "Outdoor Kiosk" }, "geometry": { "type": "Point", "coordinates": [ -73.969308000400005, 40.766735999600002 ] } },
{ "type": "Feature", "properties": { "objectid": 10961, "name": null, "boroname": "Manhattan", "type": "Free", "provider": "Harlem", "location_t": "Outdoor" }, "geometry": { "type": "Point", "coordinates": [ -73.954549000499995, 40.799928000400001 ] } },
{ "type": "Feature", "properties": { "objectid": 10189, "name": "qu-01-146067\nqu-01-146067\nqu-01-146067", "boroname": "Queens", "type": "Free", "provider": "LinkNYC - Citybridge", "location_t": "Outdoor Kiosk" }, "geometry": { "type": "Point", "coordinates": [ -73.926599829300002, 40.752348174600002 ] } },
{ "type": "Feature", "properties": { "objectid": 12239, "name": "mn-06-103457", "boroname": "Manhattan", "type": "Free", "provider": "LinkNYC - Citybridge", "location_t": "Outdoor Kiosk" }, "geometry": { "type": "Point", "coordinates": [ -73.982034840400004, 40.739975200300002 ] } },
{ "type": "Feature", "properties": { "objectid": 12517, "name": "mn-06-133477", "boroname": "Manhattan", "type": "Free", "provider": "LinkNYC - Citybridge", "location_t": "Outdoor Kiosk" }, "geometry": { "type": "Point", "coordinates": [ -73.969816210100007, 40.75691135 ] } },
{ "type": "Feature", "properties": { "objectid": 10846, "name": "World Trade Center", "boroname": "Manhattan", "type": "Free", "provider": "Transit Wireless", "location_t": "Subway Station" }, "geometry": { "type": "Point", "coordinates": [ -74.009781000299995, 40.712581999699999 ] } },
{ "type": "Feature", "properties": { "objectid": 9768, "name": "mn-12-131047", "boroname": "Manhattan", "type": "Free", "provider": "LinkNYC - Citybridge", "location_t": "Outdoor Kiosk" }, "geometry": { "type": "Point", "coordinates": [ -73.929389599800004, 40.85487571 ] } },
{ "type": "Feature", "properties": { "objectid": 11824, "name": "mn-04-134628", "boroname": "Manhattan", "type": "Free", "provider": "LinkNYC - Citybridge", "location_t": "Outdoor Kiosk" }, "geometry": { "type": "Point", "coordinates": [ -73.993521829399995, 40.742125649800002 ] } },
{ "type": "Feature", "properties": { "objectid": 10110, "name": "25", "boroname": "Manhattan", "type": "Free", "provider": "Manhattan Down Alliance", "location_t": "Outdoor" }, "geometry": { "type": "Point", "coordinates": [ -74.013900800100004, 40.705100999899997 ] } },
{ "type": "Feature", "properties": { "objectid": 12519, "name": "mn-06-121839", "boroname": "Manhattan", "type": "Free", "provider": "LinkNYC - Citybridge", "location_t": "Outdoor Kiosk" }, "geometry": { "type": "Point", "coordinates": [ -73.969614960100003, 40.7577290503 ] } },
{ "type": "Feature", "properties": { "objectid": 9674, "name": "Wingate Park", "boroname": "Brooklyn", "type": "Limited Free", "provider": "ALTICEUSA", "location_t": "Outdoor" }, "geometry": { "type": "Point", "coordinates": [ -73.947230000399998, 40.658000000299999 ] } },
{ "type": "Feature", "properties": { "objectid": 12367, "name": "45 St (R)", "boroname": "Brooklyn", "type": "Free", "provider": "Transit Wireless", "location_t": "Subway Station" }, "geometry": { "type": "Point", "coordinates": [ -74.010005999599997, 40.648938999800002 ] } },
{ "type": "Feature", "properties": { "objectid": 11114, "name": "bx-08-145850", "boroname": "Bronx", "type": "Free", "provider": "LinkNYC - Citybridge", "location_t": "Outdoor Kiosk" }, "geometry": { "type": "Point", "coordinates": [ -73.902100899399997, 40.868698489800003 ] } },
{ "type": "Feature", "properties": { "objectid": 9785, "name": "qu-03-134030", "boroname": "Queens", "type": "Free", "provider": "LinkNYC - Citybridge", "location_t": "Outdoor Kiosk" }, "geometry": { "type": "Point", "coordinates": [ -73.893639, 40.7545069998 ] } },
{ "type": "Feature", "properties": { "objectid": 12435, "name": "7 Av (F)", "boroname": "Brooklyn", "type": "Free", "provider": "Transit Wireless", "location_t": "Subway Station" }, "geometry": { "type": "Point", "coordinates": [ -73.980305000499996, 40.666270999699996 ] } },
{ "type": "Feature", "properties": { "objectid": 11812, "name": "bx-01-118944", "boroname": "Bronx", "type": "Free", "provider": "LinkNYC - Citybridge", "location_t": "Outdoor Kiosk" }, "geometry": { "type": "Point", "coordinates": [ -73.915829259899994, 40.817235 ] } },
{ "type": "Feature", "properties": { "objectid": 10932, "name": null, "boroname": "Manhattan", "type": "Free", "provider": "Harlem", "location_t": "Outdoor" }, "geometry": { "type": "Point", "coordinates": [ -73.941349999799996, 40.811835000099997 ] } },
{ "type": "Feature", "properties": { "objectid": 12732, "name": "mn-03-108511", "boroname": "Manhattan", "type": "Free", "provider": "LinkNYC - Citybridge", "location_t": "Outdoor Kiosk" }, "geometry": { "type": "Point", "coordinates": [ -73.987914439500003, 40.728755649900002 ] } },
{ "type": "Feature", "properties": { "objectid": 9918, "name": "Glen Oaks", "boroname": "Queens", "type": "Free", "provider": "QPL", "location_t": "Library" }, "geometry": { "type": "Point", "coordinates": [ -73.714837757200002, 40.745150518199999 ] } },
{ "type": "Feature", "properties": { "objectid": 12769, "name": "mn-07-133671", "boroname": "Manhattan", "type": "Free", "provider": "LinkNYC - Citybridge", "location_t": "Outdoor Kiosk" }, "geometry": { "type": "Point", "coordinates": [ -73.968070000500006, 40.797390999699999 ] } },
{ "type": "Feature", "properties": { "objectid": 10045, "name": "Howard Beach", "boroname": "Queens", "type": "Free", "provider": "QPL", "location_t": "Library" }, "geometry": { "type": "Point", "coordinates": [ -73.841796863799999, 40.663804460599998 ] } },
{ "type": "Feature", "properties": { "objectid": 11055, "name": "bk-14-126362", "boroname": "Brooklyn", "type": "Free", "provider": "LinkNYC - Citybridge", "location_t": "Outdoor Kiosk" }, "geometry": { "type": "Point", "coordinates": [ -73.962835849599998, 40.641858349899998 ] } },
{ "type": "Feature", "properties": { "objectid": 12705, "name": "mn-06-137950", "boroname": "Manhattan", "type": "Free", "provider": "LinkNYC - Citybridge", "location_t": "Outdoor Kiosk" }, "geometry": { "type": "Point", "coordinates": [ -73.976518509599998, 40.750014500200002 ] } },
{ "type": "Feature", "properties": { "objectid": 12710, "name": "mn-05-136857", "boroname": "Manhattan", "type": "Free", "provider": "LinkNYC - Citybridge", "location_t": "Outdoor Kiosk" }, "geometry": { "type": "Point", "coordinates": [ -73.970071560199997, 40.7598006399 ] } },
{ "type": "Feature", "properties": { "objectid": 10727, "name": "mn-05-123662", "boroname": "Manhattan", "type": "Free", "provider": "LinkNYC - Citybridge", "location_t": "Outdoor Kiosk" }, "geometry": { "type": "Point", "coordinates": [ -73.994039130499999, 40.7459684803 ] } },
{ "type": "Feature", "properties": { "objectid": 9632, "name": "mn-07-120277", "boroname": "Manhattan", "type": "Free", "provider": "LinkNYC - Citybridge", "location_t": "Outdoor Kiosk" }, "geometry": { "type": "Point", "coordinates": [ -73.96826, 40.800680999599997 ] } },
{ "type": "Feature", "properties": { "objectid": 11981, "name": "qu-02-145795", "boroname": "Queens", "type": "Free", "provider": "LinkNYC - Citybridge", "location_t": "Outdoor Kiosk" }, "geometry": { "type": "Point", "coordinates": [ -73.95080577, 40.7433823398 ] } },
{ "type": "Feature", "properties": { "objectid": 10147, "name": null, "boroname": "Manhattan", "type": "Free", "provider": "Harlem", "location_t": "Outdoor" }, "geometry": { "type": "Point", "coordinates": [ -73.948785999799995, 40.797893 ] } },
{ "type": "Feature", "properties": { "objectid": 9654, "name": "mn-06-138509", "boroname": "Manhattan", "type": "Free", "provider": "LinkNYC - Citybridge", "location_t": "Outdoor Kiosk" }, "geometry": { "type": "Point", "coordinates": [ -73.963978009599998, 40.756298359900001 ] } },
{ "type": "Feature", "properties": { "objectid": 10755, "name": "Gravesend Park", "boroname": "Brooklyn", "type": "Limited Free", "provider": "ALTICEUSA", "location_t": "Outdoor" }, "geometry": { "type": "Point", "coordinates": [ -73.984688999900001, 40.623000999699997 ] } },
{ "type": "Feature", "properties": { "objectid": 12913, "name": "bk-03-127093", "boroname": "Brooklyn", "type": "Free", "provider": "LinkNYC - Citybridge", "location_t": "Outdoor Kiosk" }, "geometry": { "type": "Point", "coordinates": [ -73.925473999700003, 40.6791430002 ] } },
{ "type": "Feature", "properties": { "objectid": 9839, "name": "bk-06-145906", "boroname": "Brooklyn", "type": "Free", "provider": "LinkNYC - Citybridge", "location_t": "Outdoor Kiosk" }, "geometry": { "type": "Point", "coordinates": [ -73.991581040200003, 40.684798950100003 ] } },
{ "type": "Feature", "properties": { "objectid": 12572, "name": "mn-05-122061", "boroname": "Manhattan", "type": "Free", "provider": "LinkNYC - Citybridge", "location_t": "Outdoor Kiosk" }, "geometry": { "type": "Point", "coordinates": [ -73.995244999500002, 40.749536999599997 ] } },
{ "type": "Feature", "properties": { "objectid": 12466, "name": "mn-07-134069", "boroname": "Manhattan", "type": "Free", "provider": "LinkNYC - Citybridge", "location_t": "Outdoor Kiosk" }, "geometry": { "type": "Point", "coordinates": [ -73.967461000200004, 40.802736000099998 ] } },
{ "type": "Feature", "properties": { "objectid": 9826, "name": "Governors Island", "boroname": "Manhattan", "type": "Free", "provider": "Fiberless", "location_t": "Outdoor" }, "geometry": { "type": "Point", "coordinates": [ -74.0191500002, 40.690259999600002 ] } },
{ "type": "Feature", "properties": { "objectid": 12601, "name": "Recreation Center 54", "boroname": "Manhattan", "type": "Limited Free", "provider": "SPECTRUM", "location_t": "Indoor" }, "geometry": { "type": "Point", "coordinates": [ -73.965084, 40.757418000400001 ] } },
{ "type": "Feature", "properties": { "objectid": 12725, "name": "mn-05-121964", "boroname": "Manhattan", "type": "Free", "provider": "LinkNYC - Citybridge", "location_t": "Outdoor Kiosk" }, "geometry": { "type": "Point", "coordinates": [ -73.973101419399995, 40.760963329900001 ] } },
{ "type": "Feature", "properties": { "objectid": 10115, "name": "30", "boroname": "Manhattan", "type": "Free", "provider": "Manhattan Down Alliance", "location_t": "Outdoor" }, "geometry": { "type": "Point", "coordinates": [ -74.012199399400004, 40.7079009996 ] } },
{ "type": "Feature", "properties": { "objectid": 10427, "name": null, "boroname": "Manhattan", "type": "Free", "provider": "Harlem", "location_t": "Outdoor" }, "geometry": { "type": "Point", "coordinates": [ -73.949974999800006, 40.798806000100001 ] } },
{ "type": "Feature", "properties": { "objectid": 9896, "name": "bk-01-145864", "boroname": "Brooklyn", "type": "Free", "provider": "LinkNYC - Citybridge", "location_t": "Outdoor Kiosk" }, "geometry": { "type": "Point", "coordinates": [ -73.955453189599993, 40.736913489700001 ] } },
{ "type": "Feature", "properties": { "objectid": 11476, "name": "mn-05-123077", "boroname": "Manhattan", "type": "Free", "provider": "LinkNYC - Citybridge", "location_t": "Outdoor Kiosk" }, "geometry": { "type": "Point", "coordinates": [ -73.986712000200001, 40.739408999799998 ] } },
{ "type": "Feature", "properties": { "objectid": 10773, "name": "135 St (2,3)", "boroname": "Manhattan", "type": "Free", "provider": "Transit Wireless", "location_t": "Subway Station" }, "geometry": { "type": "Point", "coordinates": [ -73.940769999899999, 40.814229000300003 ] } },
{ "type": "Feature", "properties": { "objectid": 9610, "name": "QUEENS BRIDGE - JACOB A. RIIS Settlement House", "boroname": "Queens", "type": "Free", "provider": "Spot On Networks", "location_t": "Indoor AP - South Maintenance Area" }, "geometry": { "type": "Point", "coordinates": [ -73.947657000299998, 40.755636 ] } },
{ "type": "Feature", "properties": { "objectid": 11222, "name": "mn-06-121772", "boroname": "Manhattan", "type": "Free", "provider": "LinkNYC - Citybridge", "location_t": "Outdoor Kiosk" }, "geometry": { "type": "Point", "coordinates": [ -73.965162417100004, 40.759149149499997 ] } },
{ "type": "Feature", "properties": { "objectid": 12403, "name": "Classon Av (G)", "boroname": "Brooklyn", "type": "Free", "provider": "Transit Wireless", "location_t": "Subway Station" }, "geometry": { "type": "Point", "coordinates": [ -73.960069999699996, 40.688872999799997 ] } },
{ "type": "Feature", "properties": { "objectid": 12807, "name": "qu-12-141535", "boroname": "Queens", "type": "Free", "provider": "LinkNYC - Citybridge", "location_t": "Outdoor Kiosk" }, "geometry": { "type": "Point", "coordinates": [ -73.807661000300001, 40.7018269999 ] } },
{ "type": "Feature", "properties": { "objectid": 11559, "name": "Rockaway Beach and Boardwalk", "boroname": "Queens", "type": "Limited Free", "provider": "SPECTRUM", "location_t": "Outdoor" }, "geometry": { "type": "Point", "coordinates": [ -73.829854999700004, 40.579985999900003 ] } },
{ "type": "Feature", "properties": { "objectid": 11553, "name": "Pelham Fritz Recreation Center", "boroname": "Manhattan", "type": "Limited Free", "provider": "SPECTRUM", "location_t": "Indoor" }, "geometry": { "type": "Point", "coordinates": [ -73.944908999899994, 40.805012999699997 ] } },
{ "type": "Feature", "properties": { "objectid": 12311, "name": "qu-02-142124", "boroname": "Queens", "type": "Free", "provider": "LinkNYC - Citybridge", "location_t": "Outdoor Kiosk" }, "geometry": { "type": "Point", "coordinates": [ -73.921257000599994, 40.743221000399998 ] } },
{ "type": "Feature", "properties": { "objectid": 12299, "name": "qu-06-124180", "boroname": "Queens", "type": "Free", "provider": "LinkNYC - Citybridge", "location_t": "Outdoor Kiosk" }, "geometry": { "type": "Point", "coordinates": [ -73.839740999699998, 40.719293000199997 ] } },
{ "type": "Feature", "properties": { "objectid": 9881, "name": null, "boroname": "Brooklyn", "type": "Free", "provider": "Downtown Brooklyn", "location_t": "Outdoor" }, "geometry": { "type": "Point", "coordinates": [ -73.987117, 40.692417 ] } },
{ "type": "Feature", "properties": { "objectid": 10467, "name": "MARINE PARK", "boroname": "Brooklyn", "type": "Limited Free", "provider": "ALTICEUSA", "location_t": "Indoor" }, "geometry": { "type": "Point", "coordinates": [ -73.93076, 40.604067999800002 ] } },
{ "type": "Feature", "properties": { "objectid": 10086, "name": "Hamilton Fish Park", "boroname": "Manhattan", "type": "Free", "provider": "NYPL", "location_t": "Library" }, "geometry": { "type": "Point", "coordinates": [ -73.979605595899997, 40.719397283799999 ] } },
{ "type": "Feature", "properties": { "objectid": 11340, "name": "79th Street - 1", "boroname": "Manhattan", "type": "Free", "provider": "Transit Wireless", "location_t": "Subway Station" }, "geometry": { "type": "Point", "coordinates": [ -73.979917000599997, 40.783933999600002 ] } },
{ "type": "Feature", "properties": { "objectid": 10621, "name": "mn-11-120225", "boroname": "Manhattan", "type": "Free", "provider": "LinkNYC - Citybridge", "location_t": "Outdoor Kiosk" }, "geometry": { "type": "Point", "coordinates": [ -73.945348000300001, 40.790862000099999 ] } },
{ "type": "Feature", "properties": { "objectid": 12148, "name": "mn-09-135244", "boroname": "Manhattan", "type": "Free", "provider": "LinkNYC - Citybridge", "location_t": "Outdoor Kiosk" }, "geometry": { "type": "Point", "coordinates": [ -73.945775429700006, 40.827925070200003 ] } },
{ "type": "Feature", "properties": { "objectid": 10023, "name": "67th Street", "boroname": "Manhattan", "type": "Free", "provider": "NYPL", "location_t": "Library" }, "geometry": { "type": "Point", "coordinates": [ -73.959549945800006, 40.764915006300001 ] } },
{ "type": "Feature", "properties": { "objectid": 12626, "name": "bk-03-145739", "boroname": "Brooklyn", "type": "Free", "provider": "LinkNYC - Citybridge", "location_t": "Outdoor Kiosk" }, "geometry": { "type": "Point", "coordinates": [ -73.951380999600005, 40.680556000300001 ] } },
{ "type": "Feature", "properties": { "objectid": 9908, "name": "bk-01-145859", "boroname": "Brooklyn", "type": "Free", "provider": "LinkNYC - Citybridge", "location_t": "Outdoor Kiosk" }, "geometry": { "type": "Point", "coordinates": [ -73.947627000300002, 40.720110999699997 ] } },
{ "type": "Feature", "properties": { "objectid": 12784, "name": "mn-09-142793", "boroname": "Manhattan", "type": "Free", "provider": "LinkNYC - Citybridge", "location_t": "Outdoor Kiosk" }, "geometry": { "type": "Point", "coordinates": [ -73.958744000500005, 40.810163000199999 ] } },
{ "type": "Feature", "properties": { "objectid": 10415, "name": null, "boroname": "Brooklyn", "type": "Free", "provider": "Downtown Brooklyn", "location_t": "Outdoor" }, "geometry": { "type": "Point", "coordinates": [ -73.988711000199999, 40.691569000299999 ] } },
{ "type": "Feature", "properties": { "objectid": 12013, "name": "qu-01-125114", "boroname": "Queens", "type": "Free", "provider": "LinkNYC - Citybridge", "location_t": "Outdoor Kiosk" }, "geometry": { "type": "Point", "coordinates": [ -73.914258999899999, 40.763620999899999 ] } },
{ "type": "Feature", "properties": { "objectid": 12352, "name": "Metropolitan Av (G)/Lorimer St (L)", "boroname": "Brooklyn", "type": "Free", "provider": "Transit Wireless", "location_t": "Subway Station" }, "geometry": { "type": "Point", "coordinates": [ -73.950275000399998, 40.714063 ] } },
{ "type": "Feature", "properties": { "objectid": 9774, "name": "mn-04-135797", "boroname": "Manhattan", "type": "Free", "provider": "LinkNYC - Citybridge", "location_t": "Outdoor Kiosk" }, "geometry": { "type": "Point", "coordinates": [ -73.993367689899998, 40.7623362896 ] } },
{ "type": "Feature", "properties": { "objectid": 10096, "name": "Mulberry Street", "boroname": "Manhattan", "type": "Free", "provider": "NYPL", "location_t": "Library" }, "geometry": { "type": "Point", "coordinates": [ -73.995698993, 40.724096360899999 ] } },
{ "type": "Feature", "properties": { "objectid": 10819, "name": "Tremont Ave (B,D)", "boroname": "Bronx", "type": "Free", "provider": "Transit Wireless", "location_t": "Subway Station" }, "geometry": { "type": "Point", "coordinates": [ -73.905227, 40.850410000399997 ] } },
{ "type": "Feature", "properties": { "objectid": 9987, "name": "Midwood - Brooklyn Public Library", "boroname": "Brooklyn", "type": "Free", "provider": "BPL", "location_t": "Library" }, "geometry": { "type": "Point", "coordinates": [ -73.960314492799995, 40.625893307200002 ] } },
{ "type": "Feature", "properties": { "objectid": 9811, "name": "Jackie Robinson Recreation Center", "boroname": "Manhattan", "type": "Limited Free", "provider": "SPECTRUM", "location_t": "Indoor" }, "geometry": { "type": "Point", "coordinates": [ -73.942464000599998, 40.824130999799998 ] } },
{ "type": "Feature", "properties": { "objectid": 10387, "name": "Governors Island", "boroname": "Manhattan", "type": "Free", "provider": "Fiberless", "location_t": "Outdoor" }, "geometry": { "type": "Point", "coordinates": [ -74.025260000200007, 40.685169999800003 ] } },
{ "type": "Feature", "properties": { "objectid": 10734, "name": "bk-02-126433", "boroname": "Brooklyn", "type": "Free", "provider": "LinkNYC - Citybridge", "location_t": "Outdoor Kiosk" }, "geometry": { "type": "Point", "coordinates": [ -73.980862, 40.689026000299997 ] } },
{ "type": "Feature", "properties": { "objectid": 10489, "name": "4", "boroname": "Manhattan", "type": "Free", "provider": "Manhattan Down Alliance", "location_t": "Outdoor" }, "geometry": { "type": "Point", "coordinates": [ -74.0031966998, 40.706600199900002 ] } },
{ "type": "Feature", "properties": { "objectid": 10500, "name": null, "boroname": "Manhattan", "type": "Free", "provider": "Chelsea", "location_t": "Outdoor" }, "geometry": { "type": "Point", "coordinates": [ -74.003257155200004, 40.741839346299997 ] } },
{ "type": "Feature", "properties": { "objectid": 11629, "name": "Washington Square Park", "boroname": "Manhattan", "type": "Limited Free", "provider": "SPECTRUM", "location_t": "Outdoor" }, "geometry": { "type": "Point", "coordinates": [ -73.999041999400006, 40.731844000300001 ] } },
{ "type": "Feature", "properties": { "objectid": 10695, "name": "mn-06-107988", "boroname": "Manhattan", "type": "Free", "provider": "LinkNYC - Citybridge", "location_t": "Outdoor Kiosk" }, "geometry": { "type": "Point", "coordinates": [ -73.9684439997, 40.755193000200002 ] } },
{ "type": "Feature", "properties": { "objectid": 12328, "name": "mn-07-133391", "boroname": "Manhattan", "type": "Free", "provider": "LinkNYC - Citybridge", "location_t": "Outdoor Kiosk" }, "geometry": { "type": "Point", "coordinates": [ -73.974767000499995, 40.790053000100002 ] } },
{ "type": "Feature", "properties": { "objectid": 11041, "name": "qu-01-125086", "boroname": "Queens", "type": "Free", "provider": "LinkNYC - Citybridge", "location_t": "Outdoor Kiosk" }, "geometry": { "type": "Point", "coordinates": [ -73.923869999600001, 40.7613410003 ] } },
{ "type": "Feature", "properties": { "objectid": 12812, "name": "qu-12-138109", "boroname": "Queens", "type": "Free", "provider": "LinkNYC - Citybridge", "location_t": "Outdoor Kiosk" }, "geometry": { "type": "Point", "coordinates": [ -73.793730050299999, 40.705839060199999 ] } },
{ "type": "Feature", "properties": { "objectid": 12693, "name": "mn-06-138284", "boroname": "Manhattan", "type": "Free", "provider": "LinkNYC - Citybridge", "location_t": "Outdoor Kiosk" }, "geometry": { "type": "Point", "coordinates": [ -73.983924529600003, 40.740092450100001 ] } },
{ "type": "Feature", "properties": { "objectid": 10878, "name": "Brooklyn Bridge Park", "boroname": "Manhattan", "type": "Free", "provider": "AT&T", "location_t": "Outdoor" }, "geometry": { "type": "Point", "coordinates": [ -74.001900000600003, 40.692999999599998 ] } },
{ "type": "Feature", "properties": { "objectid": 10194, "name": "qu-01-GF44202", "boroname": "Queens", "type": "Free", "provider": "LinkNYC - Citybridge", "location_t": "Outdoor Kiosk" }, "geometry": { "type": "Point", "coordinates": [ -73.921267000100002, 40.763207000199998 ] } },
{ "type": "Feature", "properties": { "objectid": 11933, "name": "bk-14-145758", "boroname": "Brooklyn", "type": "Free", "provider": "LinkNYC - Citybridge", "location_t": "Outdoor Kiosk" }, "geometry": { "type": "Point", "coordinates": [ -73.957990259699997, 40.643940860400001 ] } },
{ "type": "Feature", "properties": { "objectid": 12135, "name": "mn-05-122860", "boroname": "Manhattan", "type": "Free", "provider": "LinkNYC - Citybridge", "location_t": "Outdoor Kiosk" }, "geometry": { "type": "Point", "coordinates": [ -73.975683647099999, 40.7611177506 ] } },
{ "type": "Feature", "properties": { "objectid": 10260, "name": "bk-01-146016", "boroname": "Brooklyn", "type": "Free", "provider": "LinkNYC - Citybridge", "location_t": "Outdoor Kiosk" }, "geometry": { "type": "Point", "coordinates": [ -73.962765350300003, 40.719067362700002 ] } },
{ "type": "Feature", "properties": { "objectid": 12065, "name": "bk-14-126536", "boroname": "Brooklyn", "type": "Free", "provider": "LinkNYC - Citybridge", "location_t": "Outdoor Kiosk" }, "geometry": { "type": "Point", "coordinates": [ -73.9559243864, 40.6406662264 ] } },
{ "type": "Feature", "properties": { "objectid": 10646, "name": "mn-07-133488", "boroname": "Manhattan", "type": "Free", "provider": "LinkNYC - Citybridge", "location_t": "Outdoor Kiosk" }, "geometry": { "type": "Point", "coordinates": [ -73.982571000099995, 40.774894000400003 ] } },
{ "type": "Feature", "properties": { "objectid": 9913, "name": "Canarsie - Brooklyn Public Library", "boroname": "Brooklyn", "type": "Free", "provider": "BPL", "location_t": "Library" }, "geometry": { "type": "Point", "coordinates": [ -73.899524421199999, 40.642208453199999 ] } },
{ "type": "Feature", "properties": { "objectid": 10214, "name": "Red Hook Park", "boroname": "Brooklyn", "type": "Limited Free", "provider": "SPECTRUM", "location_t": "Outdoor TWC Aerial" }, "geometry": { "type": "Point", "coordinates": [ -74.003688000400004, 40.6711669998 ] } },
{ "type": "Feature", "properties": { "objectid": 11060, "name": "mn-10-119898", "boroname": "Manhattan", "type": "Free", "provider": "LinkNYC - Citybridge", "location_t": "Outdoor Kiosk" }, "geometry": { "type": "Point", "coordinates": [ -73.9426993, 40.821595510199998 ] } },
{ "type": "Feature", "properties": { "objectid": 12912, "name": "mn-07-120273", "boroname": "Manhattan", "type": "Free", "provider": "LinkNYC - Citybridge", "location_t": "Outdoor Kiosk" }, "geometry": { "type": "Point", "coordinates": [ -73.969278859799999, 40.798538 ] } },
{ "type": "Feature", "properties": { "objectid": 10056, "name": "Fort Hamilton - Brooklyn Public Library", "boroname": "Brooklyn", "type": "Free", "provider": "BPL", "location_t": "Library" }, "geometry": { "type": "Point", "coordinates": [ -74.0313694054, 40.616373110600001 ] } },
{ "type": "Feature", "properties": { "objectid": 11688, "name": "Coney Island Beach & Boardwalk", "boroname": "Brooklyn", "type": "Limited Free", "provider": "ALTICEUSA", "location_t": "Outdoor" }, "geometry": { "type": "Point", "coordinates": [ -73.977862999500005, 40.573491000200001 ] } },
{ "type": "Feature", "properties": { "objectid": 12888, "name": "mn-09-120359", "boroname": "Manhattan", "type": "Free", "provider": "LinkNYC - Citybridge", "location_t": "Outdoor Kiosk" }, "geometry": { "type": "Point", "coordinates": [ -73.952133999899999, 40.824578000199999 ] } },
{ "type": "Feature", "properties": { "objectid": 12547, "name": "mn-04-135231", "boroname": "Manhattan", "type": "Free", "provider": "LinkNYC - Citybridge", "location_t": "Outdoor Kiosk" }, "geometry": { "type": "Point", "coordinates": [ -74.00071086, 40.742046479800003 ] } },
{ "type": "Feature", "properties": { "objectid": 12747, "name": "mn-05-122148", "boroname": "Manhattan", "type": "Free", "provider": "LinkNYC - Citybridge", "location_t": "Outdoor Kiosk" }, "geometry": { "type": "Point", "coordinates": [ -73.984130999499996, 40.759713000399998 ] } },
{ "type": "Feature", "properties": { "objectid": 10242, "name": "qu-01-145950", "boroname": "Queens", "type": "Free", "provider": "LinkNYC - Citybridge", "location_t": "Outdoor Kiosk" }, "geometry": { "type": "Point", "coordinates": [ -73.919818707199994, 40.754135517599998 ] } },
{ "type": "Feature", "properties": { "objectid": 10318, "name": "bk-05-126737", "boroname": "Brooklyn", "type": "Free", "provider": "LinkNYC - Citybridge", "location_t": "Outdoor Kiosk" }, "geometry": { "type": "Point", "coordinates": [ -73.868094859600006, 40.691021430200003 ] } },
{ "type": "Feature", "properties": { "objectid": 11544, "name": "Lost Battalion Hall Recreation Center", "boroname": "Queens", "type": "Limited Free", "provider": "SPECTRUM", "location_t": "Outdoor TWC Aerial" }, "geometry": { "type": "Point", "coordinates": [ -73.865119, 40.732686000199998 ] } },
{ "type": "Feature", "properties": { "objectid": 11737, "name": "qu-04-137921", "boroname": "Queens", "type": "Free", "provider": "LinkNYC - Citybridge", "location_t": "Outdoor Kiosk" }, "geometry": { "type": "Point", "coordinates": [ -73.88970545, 40.746966380300002 ] } },
{ "type": "Feature", "properties": { "objectid": 12199, "name": "mn-06-134845", "boroname": "Manhattan", "type": "Free", "provider": "LinkNYC - Citybridge", "location_t": "Outdoor Kiosk" }, "geometry": { "type": "Point", "coordinates": [ -73.977158839699996, 40.746850050200003 ] } },
{ "type": "Feature", "properties": { "objectid": 12536, "name": "mn-06-136126", "boroname": "Manhattan", "type": "Free", "provider": "LinkNYC - Citybridge", "location_t": "Outdoor Kiosk" }, "geometry": { "type": "Point", "coordinates": [ -73.981480389799998, 40.741487090200003 ] } },
{ "type": "Feature", "properties": { "objectid": 11699, "name": "Coney Island Beach & Boardwalk", "boroname": "Brooklyn", "type": "Limited Free", "provider": "ALTICEUSA", "location_t": "Outdoor" }, "geometry": { "type": "Point", "coordinates": [ -73.979854999799997, 40.573276000100002 ] } },
{ "type": "Feature", "properties": { "objectid": 9955, "name": "Poppenhusen", "boroname": "Queens", "type": "Free", "provider": "QPL", "location_t": "Library" }, "geometry": { "type": "Point", "coordinates": [ -73.846013278399994, 40.786249136 ] } },
{ "type": "Feature", "properties": { "objectid": 10563, "name": "Prospect Park Band Shell", "boroname": "Brooklyn", "type": "Limited Free", "provider": "SPECTRUM", "location_t": "Outdoor TWC Aerial" }, "geometry": { "type": "Point", "coordinates": [ -73.976292000200004, 40.663018999800002 ] } },
{ "type": "Feature", "properties": { "objectid": 9995, "name": "Terrence Cardinal Cooke-Cathedral", "boroname": "Manhattan", "type": "Free", "provider": "NYPL", "location_t": "Library" }, "geometry": { "type": "Point", "coordinates": [ -73.972632471699995, 40.756857177599997 ] } },
{ "type": "Feature", "properties": { "objectid": 10700, "name": "mn-06-121780", "boroname": "Manhattan", "type": "Free", "provider": "LinkNYC - Citybridge", "location_t": "Outdoor Kiosk" }, "geometry": { "type": "Point", "coordinates": [ -73.966421359700007, 40.757974900199997 ] } },
{ "type": "Feature", "properties": { "objectid": 10606, "name": "Baisley Pond Park", "boroname": "Queens", "type": "Limited Free", "provider": "SPECTRUM", "location_t": "Outdoor TWC Aerial" }, "geometry": { "type": "Point", "coordinates": [ -73.787439999599997, 40.675059999799998 ] } },
{ "type": "Feature", "properties": { "objectid": 10965, "name": null, "boroname": "Manhattan", "type": "Free", "provider": "Harlem", "location_t": "Outdoor" }, "geometry": { "type": "Point", "coordinates": [ -73.946684999699997, 40.800592000400002 ] } },
{ "type": "Feature", "properties": { "objectid": 11097, "name": "bx-01-145852", "boroname": "Bronx", "type": "Free", "provider": "LinkNYC - Citybridge", "location_t": "Outdoor Kiosk" }, "geometry": { "type": "Point", "coordinates": [ -73.929073780400003, 40.80854426 ] } },
{ "type": "Feature", "properties": { "objectid": 12641, "name": "bk-06-125915", "boroname": "Brooklyn", "type": "Free", "provider": "LinkNYC - Citybridge", "location_t": "Outdoor Kiosk" }, "geometry": { "type": "Point", "coordinates": [ -73.989159, 40.665617999600002 ] } },
{ "type": "Feature", "properties": { "objectid": 11901, "name": "bk-01-126669", "boroname": "Brooklyn", "type": "Free", "provider": "LinkNYC - Citybridge", "location_t": "Outdoor Kiosk" }, "geometry": { "type": "Point", "coordinates": [ -73.942563000199996, 40.702935999799998 ] } },
{ "type": "Feature", "properties": { "objectid": 10435, "name": "Coffey Park", "boroname": "Brooklyn", "type": "Limited Free", "provider": "SPECTRUM", "location_t": "Outdoor" }, "geometry": { "type": "Point", "coordinates": [ -74.008722999599996, 40.677192999699997 ] } },
{ "type": "Feature", "properties": { "objectid": 9617, "name": "mn-11-146076", "boroname": "Manhattan", "type": "Free", "provider": "LinkNYC - Citybridge", "location_t": "Outdoor Kiosk" }, "geometry": { "type": "Point", "coordinates": [ -73.938605140099995, 40.800095730400002 ] } },
{ "type": "Feature", "properties": { "objectid": 11998, "name": "qu-09-124794", "boroname": "Queens", "type": "Free", "provider": "LinkNYC - Citybridge", "location_t": "Outdoor Kiosk" }, "geometry": { "type": "Point", "coordinates": [ -73.839606589599995, 40.6956027998 ] } },
{ "type": "Feature", "properties": { "objectid": 12587, "name": "qu-06-124184", "boroname": "Queens", "type": "Free", "provider": "LinkNYC - Citybridge", "location_t": "Outdoor Kiosk" }, "geometry": { "type": "Point", "coordinates": [ -73.833513000300002, 40.715758000299999 ] } },
{ "type": "Feature", "properties": { "objectid": 11842, "name": "qu-06-145764", "boroname": "Queens", "type": "Free", "provider": "LinkNYC - Citybridge", "location_t": "Outdoor Kiosk" }, "geometry": { "type": "Point", "coordinates": [ -73.854789, 40.727094999899997 ] } },
{ "type": "Feature", "properties": { "objectid": 9749, "name": "0", "boroname": "Brooklyn", "type": "Free", "provider": "NYCHA", "location_t": "Outdoor" }, "geometry": { "type": "Point", "coordinates": [ -73.977796199500006, 40.693740000399998 ] } },
{ "type": "Feature", "properties": { "objectid": 10231, "name": "Rockaway Beach and Boardwalk", "boroname": "Queens", "type": "Limited Free", "provider": "SPECTRUM", "location_t": "Outdoor" }, "geometry": { "type": "Point", "coordinates": [ -73.816689, 40.583098999900002 ] } },
{ "type": "Feature", "properties": { "objectid": 10910, "name": null, "boroname": "Manhattan", "type": "Free", "provider": "Harlem", "location_t": "Outdoor" }, "geometry": { "type": "Point", "coordinates": [ -73.946637, 40.807263000100001 ] } },
{ "type": "Feature", "properties": { "objectid": 11397, "name": "14th Street -7th Avenue - 1, 2, 3", "boroname": "Manhattan", "type": "Free", "provider": "Transit Wireless", "location_t": "Subway Station" }, "geometry": { "type": "Point", "coordinates": [ -74.000200999499995, 40.7378259997 ] } },
{ "type": "Feature", "properties": { "objectid": 11783, "name": "mn-04-108085", "boroname": "Manhattan", "type": "Free", "provider": "LinkNYC - Citybridge", "location_t": "Outdoor Kiosk" }, "geometry": { "type": "Point", "coordinates": [ -73.991677049700002, 40.7448470402 ] } },
{ "type": "Feature", "properties": { "objectid": 10683, "name": "mn-07-138882", "boroname": "Manhattan", "type": "Free", "provider": "LinkNYC - Citybridge", "location_t": "Outdoor Kiosk" }, "geometry": { "type": "Point", "coordinates": [ -73.978658150300006, 40.78506646 ] } },
{ "type": "Feature", "properties": { "objectid": 12310, "name": "qu-02-128387", "boroname": "Queens", "type": "Free", "provider": "LinkNYC - Citybridge", "location_t": "Outdoor Kiosk" }, "geometry": { "type": "Point", "coordinates": [ -73.9206815, 40.743062709599997 ] } },
{ "type": "Feature", "properties": { "objectid": 12098, "name": "mn-05-122622", "boroname": "Manhattan", "type": "Free", "provider": "LinkNYC - Citybridge", "location_t": "Outdoor Kiosk" }, "geometry": { "type": "Point", "coordinates": [ -73.983367870400002, 40.765829619599998 ] } },
{ "type": "Feature", "properties": { "objectid": 12678, "name": "mn-04-139460", "boroname": "Manhattan", "type": "Free", "provider": "LinkNYC - Citybridge", "location_t": "Outdoor Kiosk" }, "geometry": { "type": "Point", "coordinates": [ -73.984469999599995, 40.764743999799997 ] } },
{ "type": "Feature", "properties": { "objectid": 12233, "name": "mn-06-133890", "boroname": "Manhattan", "type": "Free", "provider": "LinkNYC - Citybridge", "location_t": "Outdoor Kiosk" }, "geometry": { "type": "Point", "coordinates": [ -73.985171000199998, 40.735838999800002 ] } },
{ "type": "Feature", "properties": { "objectid": 10211, "name": "Red Hook Park", "boroname": "Brooklyn", "type": "Limited Free", "provider": "SPECTRUM", "location_t": "Outdoor TWC Aerial" }, "geometry": { "type": "Point", "coordinates": [ -74.004849999599998, 40.673030999700003 ] } },
{ "type": "Feature", "properties": { "objectid": 9972, "name": "Jackson Heights", "boroname": "Queens", "type": "Free", "provider": "QPL", "location_t": "Library" }, "geometry": { "type": "Point", "coordinates": [ -73.885069324699998, 40.750196085600003 ] } },
{ "type": "Feature", "properties": { "objectid": 9812, "name": "Jackie Robinson Recreation Center", "boroname": "Manhattan", "type": "Limited Free", "provider": "SPECTRUM", "location_t": "Indoor" }, "geometry": { "type": "Point", "coordinates": [ -73.942464000599998, 40.824130999799998 ] } },
{ "type": "Feature", "properties": { "objectid": 12157, "name": "mn-06-134832", "boroname": "Manhattan", "type": "Free", "provider": "LinkNYC - Citybridge", "location_t": "Outdoor Kiosk" }, "geometry": { "type": "Point", "coordinates": [ -73.9790481597, 40.740232909900001 ] } },
{ "type": "Feature", "properties": { "objectid": 12797, "name": "mn-09-135240", "boroname": "Manhattan", "type": "Free", "provider": "LinkNYC - Citybridge", "location_t": "Outdoor Kiosk" }, "geometry": { "type": "Point", "coordinates": [ -73.947909000099997, 40.824645999799998 ] } },
{ "type": "Feature", "properties": { "objectid": 10279, "name": "qu-09-145883", "boroname": "Queens", "type": "Free", "provider": "LinkNYC - Citybridge", "location_t": "Outdoor Kiosk" }, "geometry": { "type": "Point", "coordinates": [ -73.848587430500004, 40.69467595 ] } },
{ "type": "Feature", "properties": { "objectid": 11440, "name": "mn-06-121791", "boroname": "Manhattan", "type": "Free", "provider": "LinkNYC - Citybridge", "location_t": "Outdoor Kiosk" }, "geometry": { "type": "Point", "coordinates": [ -73.969648710300007, 40.753660599699998 ] } },
{ "type": "Feature", "properties": { "objectid": 11637, "name": "Lawrence Virgilio Playground /Windmuller Park", "boroname": "Queens", "type": "Limited Free", "provider": "SPECTRUM", "location_t": "Outdoor TWC Aerial" }, "geometry": { "type": "Point", "coordinates": [ -73.909531999899997, 40.747449999600001 ] } },
{ "type": "Feature", "properties": { "objectid": 10986, "name": "Alley Pond Park", "boroname": "Queens", "type": "Limited Free", "provider": "SPECTRUM", "location_t": "Outdoor" }, "geometry": { "type": "Point", "coordinates": [ -73.734580000400001, 40.739908999900003 ] } },
{ "type": "Feature", "properties": { "objectid": 10457, "name": "Greenbelt Recreation Center", "boroname": "Staten Island", "type": "Limited Free", "provider": "SPECTRUM", "location_t": "Indoor" }, "geometry": { "type": "Point", "coordinates": [ -74.1391530004, 40.591847000400001 ] } },
{ "type": "Feature", "properties": { "objectid": 12331, "name": "mn-07-121255", "boroname": "Manhattan", "type": "Free", "provider": "LinkNYC - Citybridge", "location_t": "Outdoor Kiosk" }, "geometry": { "type": "Point", "coordinates": [ -73.974302289899995, 40.790901289600001 ] } },
{ "type": "Feature", "properties": { "objectid": 12824, "name": "mn-08-134750", "boroname": "Manhattan", "type": "Free", "provider": "LinkNYC - Citybridge", "location_t": "Outdoor Kiosk" }, "geometry": { "type": "Point", "coordinates": [ -73.965443000400001, 40.762896000399998 ] } },
{ "type": "Feature", "properties": { "objectid": 12619, "name": "mn-12-111616", "boroname": "Manhattan", "type": "Free", "provider": "LinkNYC - Citybridge", "location_t": "Outdoor Kiosk" }, "geometry": { "type": "Point", "coordinates": [ -73.944011000200007, 40.835545999600001 ] } },
{ "type": "Feature", "properties": { "objectid": 11371, "name": "GRAND AVENUE - NEWTOWN", "boroname": "Queens", "type": "Free", "provider": "Transit Wireless", "location_t": "Subway Station" }, "geometry": { "type": "Point", "coordinates": [ -73.877222999799997, 40.737015000200003 ] } },
{ "type": "Feature", "properties": { "objectid": 9686, "name": "Poe Park", "boroname": "Bronx", "type": "Limited Free", "provider": "ALTICEUSA", "location_t": "Outdoor" }, "geometry": { "type": "Point", "coordinates": [ -73.895114999599997, 40.864458000399999 ] } },
{ "type": "Feature", "properties": { "objectid": 11889, "name": "qu-01-125071", "boroname": "Queens", "type": "Free", "provider": "LinkNYC - Citybridge", "location_t": "Outdoor Kiosk" }, "geometry": { "type": "Point", "coordinates": [ -73.912336000400003, 40.755763999599999 ] } },
{ "type": "Feature", "properties": { "objectid": 11584, "name": "Roy Wilkins Recreation Center", "boroname": "Queens", "type": "Limited Free", "provider": "SPECTRUM", "location_t": "Indoor" }, "geometry": { "type": "Point", "coordinates": [ -73.769558999599994, 40.687191 ] } },
{ "type": "Feature", "properties": { "objectid": 10020, "name": "Crown Heights - Brooklyn Public Library", "boroname": "Brooklyn", "type": "Free", "provider": "BPL", "location_t": "Library" }, "geometry": { "type": "Point", "coordinates": [ -73.9481022991, 40.661189307699999 ] } },
{ "type": "Feature", "properties": { "objectid": 11117, "name": "si-02-145735", "boroname": "Staten Island", "type": "Free", "provider": "LinkNYC - Citybridge", "location_t": "Outdoor Kiosk" }, "geometry": { "type": "Point", "coordinates": [ -74.083050385600004, 40.598001994500002 ] } },
{ "type": "Feature", "properties": { "objectid": 11569, "name": "Rockaway Beach and Boardwalk", "boroname": "Queens", "type": "Limited Free", "provider": "SPECTRUM", "location_t": "Outdoor" }, "geometry": { "type": "Point", "coordinates": [ -73.747612000299995, 40.595592000099998 ] } },
{ "type": "Feature", "properties": { "objectid": 12752, "name": "mn-05-122656", "boroname": "Manhattan", "type": "Free", "provider": "LinkNYC - Citybridge", "location_t": "Outdoor Kiosk" }, "geometry": { "type": "Point", "coordinates": [ -73.9825520001, 40.762365999799997 ] } },
{ "type": "Feature", "properties": { "objectid": 11620, "name": "Tony Dapolito Recreation Center", "boroname": "Manhattan", "type": "Limited Free", "provider": "SPECTRUM", "location_t": "Indoor" }, "geometry": { "type": "Point", "coordinates": [ -74.005461999800005, 40.729564 ] } },
{ "type": "Feature", "properties": { "objectid": 11186, "name": "qu-01-125077", "boroname": "Queens", "type": "Free", "provider": "LinkNYC - Citybridge", "location_t": "Outdoor Kiosk" }, "geometry": { "type": "Point", "coordinates": [ -73.919926000399997, 40.7594900004 ] } },
{ "type": "Feature", "properties": { "objectid": 12267, "name": "mn-06-135586", "boroname": "Manhattan", "type": "Free", "provider": "LinkNYC - Citybridge", "location_t": "Outdoor Kiosk" }, "geometry": { "type": "Point", "coordinates": [ -73.97510442, 40.749657549699997 ] } },
{ "type": "Feature", "properties": { "objectid": 11504, "name": "Midland Beach and Franklin D. Roosevelt Boardwalk", "boroname": "Staten Island", "type": "Limited Free", "provider": "SPECTRUM", "location_t": "Outdoor" }, "geometry": { "type": "Point", "coordinates": [ -74.0758989996, 40.579986000399998 ] } },
{ "type": "Feature", "properties": { "objectid": 10255, "name": "bk-01-145999", "boroname": "Brooklyn", "type": "Free", "provider": "LinkNYC - Citybridge", "location_t": "Outdoor Kiosk" }, "geometry": { "type": "Point", "coordinates": [ -73.9532335504, 40.7230135004 ] } },
{ "type": "Feature", "properties": { "objectid": 12508, "name": "bx-05-119590", "boroname": "Bronx", "type": "Free", "provider": "LinkNYC - Citybridge", "location_t": "Outdoor Kiosk" }, "geometry": { "type": "Point", "coordinates": [ -73.905552219800001, 40.853042979599998 ] } },
{ "type": "Feature", "properties": { "objectid": 11001, "name": "Mapleton - Brooklyn Public Library", "boroname": "Brooklyn", "type": "Free", "provider": "BPL", "location_t": "Library" }, "geometry": { "type": "Point", "coordinates": [ -73.989446767199993, 40.623064534400001 ] } },
{ "type": "Feature", "properties": { "objectid": 10055, "name": "Ryder - Brooklyn Public Library", "boroname": "Brooklyn", "type": "Free", "provider": "BPL", "location_t": "Library" }, "geometry": { "type": "Point", "coordinates": [ -73.976040489400006, 40.6159160785 ] } },
{ "type": "Feature", "properties": { "objectid": 10126, "name": null, "boroname": "Manhattan", "type": "Free", "provider": "Harlem", "location_t": "Outdoor" }, "geometry": { "type": "Point", "coordinates": [ -73.945137000100004, 40.801845999900003 ] } },
{ "type": "Feature", "properties": { "objectid": 11835, "name": "mn-10-119896", "boroname": "Manhattan", "type": "Free", "provider": "LinkNYC - Citybridge", "location_t": "Outdoor Kiosk" }, "geometry": { "type": "Point", "coordinates": [ -73.942444530299994, 40.8223078 ] } },
{ "type": "Feature", "properties": { "objectid": 11416, "name": "49th Street ΓÇô 7th Avenue - N, R", "boroname": "Manhattan", "type": "Free", "provider": "Transit Wireless", "location_t": "Subway Station" }, "geometry": { "type": "Point", "coordinates": [ -73.984138999600006, 40.759900999899997 ] } },
{ "type": "Feature", "properties": { "objectid": 12792, "name": "mn-09-139323", "boroname": "Manhattan", "type": "Free", "provider": "LinkNYC - Citybridge", "location_t": "Outdoor Kiosk" }, "geometry": { "type": "Point", "coordinates": [ -73.950862999400002, 40.8209600004 ] } },
{ "type": "Feature", "properties": { "objectid": 9923, "name": "Greenpoint - Brooklyn Public Library", "boroname": "Brooklyn", "type": "Free", "provider": "BPL", "location_t": "Library" }, "geometry": { "type": "Point", "coordinates": [ -73.950690293500003, 40.726050662299997 ] } },
{ "type": "Feature", "properties": { "objectid": 10893, "name": "bx-05-111503", "boroname": "Bronx", "type": "Free", "provider": "LinkNYC - Citybridge", "location_t": "Outdoor Kiosk" }, "geometry": { "type": "Point", "coordinates": [ -73.900954110200004, 40.850548410400002 ] } },
{ "type": "Feature", "properties": { "objectid": 11696, "name": "Coney Island Beach & Boardwalk", "boroname": "Brooklyn", "type": "Limited Free", "provider": "ALTICEUSA", "location_t": "Outdoor" }, "geometry": { "type": "Point", "coordinates": [ -73.978936999699997, 40.573384000099999 ] } },
{ "type": "Feature", "properties": { "objectid": 9982, "name": "Tremont", "boroname": "Bronx", "type": "Free", "provider": "NYPL", "location_t": "Library" }, "geometry": { "type": "Point", "coordinates": [ -73.898340255600004, 40.846042324899997 ] } },
{ "type": "Feature", "properties": { "objectid": 11033, "name": "mn-03-123295", "boroname": "Manhattan", "type": "Free", "provider": "LinkNYC - Citybridge", "location_t": "Outdoor Kiosk" }, "geometry": { "type": "Point", "coordinates": [ -73.987336369600001, 40.724613999600003 ] } },
{ "type": "Feature", "properties": { "objectid": 12661, "name": "mn-04-122075", "boroname": "Manhattan", "type": "Free", "provider": "LinkNYC - Citybridge", "location_t": "Outdoor Kiosk" }, "geometry": { "type": "Point", "coordinates": [ -73.99093285, 40.755878089699998 ] } },
{ "type": "Feature", "properties": { "objectid": 10916, "name": null, "boroname": "Manhattan", "type": "Free", "provider": "Harlem", "location_t": "Outdoor" }, "geometry": { "type": "Point", "coordinates": [ -73.940149000399998, 40.806413000100001 ] } },
{ "type": "Feature", "properties": { "objectid": 10527, "name": "McKinley Park", "boroname": "Brooklyn", "type": "Limited Free", "provider": "SPECTRUM", "location_t": "Outdoor TWC Aerial" }, "geometry": { "type": "Point", "coordinates": [ -74.017343999600001, 40.625312999800002 ] } },
{ "type": "Feature", "properties": { "objectid": 12873, "name": "mn-11-120214", "boroname": "Manhattan", "type": "Free", "provider": "LinkNYC - Citybridge", "location_t": "Outdoor Kiosk" }, "geometry": { "type": "Point", "coordinates": [ -73.946262000100006, 40.789607999899999 ] } },
{ "type": "Feature", "properties": { "objectid": 11171, "name": "mn-12-120655", "boroname": "Manhattan", "type": "Free", "provider": "LinkNYC - Citybridge", "location_t": "Outdoor Kiosk" }, "geometry": { "type": "Point", "coordinates": [ -73.932186519599995, 40.851620179900003 ] } },
{ "type": "Feature", "properties": { "objectid": 12720, "name": "mn-05-137210", "boroname": "Manhattan", "type": "Free", "provider": "LinkNYC - Citybridge", "location_t": "Outdoor Kiosk" }, "geometry": { "type": "Point", "coordinates": [ -73.976529760099993, 40.756742180400003 ] } },
{ "type": "Feature", "properties": { "objectid": 10164, "name": null, "boroname": "Manhattan", "type": "Free", "provider": "Harlem", "location_t": "Outdoor" }, "geometry": { "type": "Point", "coordinates": [ -73.9449769995, 40.806568999900001 ] } },
{ "type": "Feature", "properties": { "objectid": 11958, "name": "qu-04-145745", "boroname": "Queens", "type": "Free", "provider": "LinkNYC - Citybridge", "location_t": "Outdoor Kiosk" }, "geometry": { "type": "Point", "coordinates": [ -73.877364, 40.736272999900002 ] } },
{ "type": "Feature", "properties": { "objectid": 11451, "name": "mn-02-123497", "boroname": "Manhattan", "type": "Free", "provider": "LinkNYC - Citybridge", "location_t": "Outdoor Kiosk" }, "geometry": { "type": "Point", "coordinates": [ -74.005285459800007, 40.738797829600003 ] } },
{ "type": "Feature", "properties": { "objectid": 10067, "name": "Richmond Hill", "boroname": "Queens", "type": "Free", "provider": "QPL", "location_t": "Library" }, "geometry": { "type": "Point", "coordinates": [ -73.831625416899996, 40.700765268 ] } },
{ "type": "Feature", "properties": { "objectid": 11235, "name": "mn-05-122269", "boroname": "Manhattan", "type": "Free", "provider": "LinkNYC - Citybridge", "location_t": "Outdoor Kiosk" }, "geometry": { "type": "Point", "coordinates": [ -73.992799500100006, 40.742722740200001 ] } },
{ "type": "Feature", "properties": { "objectid": 12476, "name": "mn-09-120374", "boroname": "Manhattan", "type": "Free", "provider": "LinkNYC - Citybridge", "location_t": "Outdoor Kiosk" }, "geometry": { "type": "Point", "coordinates": [ -73.955268040099995, 40.82027959 ] } },
{ "type": "Feature", "properties": { "objectid": 9742, "name": "0", "boroname": "Brooklyn", "type": "Free", "provider": "NYCHA", "location_t": "Outdoor" }, "geometry": { "type": "Point", "coordinates": [ -73.9754162001, 40.694892000099998 ] } },
{ "type": "Feature", "properties": { "objectid": 10182, "name": "0", "boroname": "Brooklyn", "type": "Free", "provider": "City Tech", "location_t": "Outdoor" }, "geometry": { "type": "Point", "coordinates": [ -73.988482100300004, 40.695110100400001 ] } },
{ "type": "Feature", "properties": { "objectid": 12007, "name": "bx-05-119610", "boroname": "Bronx", "type": "Free", "provider": "LinkNYC - Citybridge", "location_t": "Outdoor Kiosk" }, "geometry": { "type": "Point", "coordinates": [ -73.909387980199995, 40.853842030300001 ] } },
{ "type": "Feature", "properties": { "objectid": 11429, "name": "mn-08-121140", "boroname": "Manhattan", "type": "Free", "provider": "LinkNYC - Citybridge", "location_t": "Outdoor Kiosk" }, "geometry": { "type": "Point", "coordinates": [ -73.966604460100001, 40.770516570300003 ] } },
{ "type": "Feature", "properties": { "objectid": 11588, "name": "Staten Island Zoo", "boroname": "Staten Island", "type": "Limited Free", "provider": "SPECTRUM", "location_t": "Outdoor TWC Aerial" }, "geometry": { "type": "Point", "coordinates": [ -74.114210999799994, 40.624698000099997 ] } },
{ "type": "Feature", "properties": { "objectid": 10311, "name": "bk-06-145871", "boroname": "Brooklyn", "type": "Free", "provider": "LinkNYC - Citybridge", "location_t": "Outdoor Kiosk" }, "geometry": { "type": "Point", "coordinates": [ -73.975730170099993, 40.681038720300002 ] } },
{ "type": "Feature", "properties": { "objectid": 10963, "name": null, "boroname": "Manhattan", "type": "Free", "provider": "Harlem", "location_t": "Outdoor" }, "geometry": { "type": "Point", "coordinates": [ -73.948492000499996, 40.796527999600002 ] } },
{ "type": "Feature", "properties": { "objectid": 10631, "name": "mn-11-116230", "boroname": "Manhattan", "type": "Free", "provider": "LinkNYC - Citybridge", "location_t": "Outdoor Kiosk" }, "geometry": { "type": "Point", "coordinates": [ -73.940034999700003, 40.797709000399998 ] } },
{ "type": "Feature", "properties": { "objectid": 9895, "name": "bk-06-145875", "boroname": "Brooklyn", "type": "Free", "provider": "LinkNYC - Citybridge", "location_t": "Outdoor Kiosk" }, "geometry": { "type": "Point", "coordinates": [ -73.993467129699994, 40.682409869600001 ] } },
{ "type": "Feature", "properties": { "objectid": 10703, "name": "mn-02-135935", "boroname": "Manhattan", "type": "Free", "provider": "LinkNYC - Citybridge", "location_t": "Outdoor Kiosk" }, "geometry": { "type": "Point", "coordinates": [ -74.007486999700006, 40.726888999700002 ] } },
{ "type": "Feature", "properties": { "objectid": 9681, "name": "Pelham Bay Park", "boroname": "Bronx", "type": "Limited Free", "provider": "ALTICEUSA", "location_t": "Outdoor" }, "geometry": { "type": "Point", "coordinates": [ -73.821049999500005, 40.849232999599998 ] } },
{ "type": "Feature", "properties": { "objectid": 10282, "name": "qu-09-145880", "boroname": "Queens", "type": "Free", "provider": "LinkNYC - Citybridge", "location_t": "Outdoor Kiosk" }, "geometry": { "type": "Point", "coordinates": [ -73.840550559500002, 40.695419810399997 ] } },
{ "type": "Feature", "properties": { "objectid": 12546, "name": "mn-04-136455", "boroname": "Manhattan", "type": "Free", "provider": "LinkNYC - Citybridge", "location_t": "Outdoor Kiosk" }, "geometry": { "type": "Point", "coordinates": [ -74.001088000500005, 40.741509999800002 ] } },
{ "type": "Feature", "properties": { "objectid": 10462, "name": null, "boroname": "Brooklyn", "type": "Free", "provider": "Downtown Brooklyn", "location_t": "Outdoor" }, "geometry": { "type": "Point", "coordinates": [ -73.987161999899996, 40.689319000300003 ] } },
{ "type": "Feature", "properties": { "objectid": 10868, "name": "Bryant Park", "boroname": "Manhattan", "type": "Limited Free", "provider": "SPECTRUM", "location_t": "Outdoor" }, "geometry": { "type": "Point", "coordinates": [ -73.983964000200004, 40.753163999599998 ] } },
{ "type": "Feature", "properties": { "objectid": 12099, "name": "mn-05-122514", "boroname": "Manhattan", "type": "Free", "provider": "LinkNYC - Citybridge", "location_t": "Outdoor Kiosk" }, "geometry": { "type": "Point", "coordinates": [ -73.981859290299994, 40.767007811100001 ] } },
{ "type": "Feature", "properties": { "objectid": 11797, "name": "qu-09-126735", "boroname": "Queens", "type": "Free", "provider": "LinkNYC - Citybridge", "location_t": "Outdoor Kiosk" }, "geometry": { "type": "Point", "coordinates": [ -73.866734, 40.6914500002 ] } },
{ "type": "Feature", "properties": { "objectid": 10716, "name": "mn-03-138537", "boroname": "Manhattan", "type": "Free", "provider": "LinkNYC - Citybridge", "location_t": "Outdoor Kiosk" }, "geometry": { "type": "Point", "coordinates": [ -73.98926217, 40.7302316504 ] } },
{ "type": "Feature", "properties": { "objectid": 9850, "name": null, "boroname": "Brooklyn", "type": "Free", "provider": "Downtown Brooklyn", "location_t": "Outdoor" }, "geometry": { "type": "Point", "coordinates": [ -73.983849000299998, 40.694692999600001 ] } },
{ "type": "Feature", "properties": { "objectid": 11295, "name": "Pacific - Brooklyn Public Library", "boroname": "Brooklyn", "type": "Free", "provider": "BPL", "location_t": "Library" }, "geometry": { "type": "Point", "coordinates": [ -73.978541475499995, 40.683458832500001 ] } },
{ "type": "Feature", "properties": { "objectid": 12692, "name": "mn-05-123299", "boroname": "Manhattan", "type": "Free", "provider": "LinkNYC - Citybridge", "location_t": "Outdoor Kiosk" }, "geometry": { "type": "Point", "coordinates": [ -73.984278900500001, 40.740309800399999 ] } },
{ "type": "Feature", "properties": { "objectid": 11536, "name": "Juniper Valley Park", "boroname": "Queens", "type": "Limited Free", "provider": "SPECTRUM", "location_t": "Outdoor TWC Aerial" }, "geometry": { "type": "Point", "coordinates": [ -73.882523999599997, 40.718224000200003 ] } },
{ "type": "Feature", "properties": { "objectid": 10296, "name": "bk-06-145873", "boroname": "Brooklyn", "type": "Free", "provider": "LinkNYC - Citybridge", "location_t": "Outdoor Kiosk" }, "geometry": { "type": "Point", "coordinates": [ -73.987508999499994, 40.667873000199997 ] } },
{ "type": "Feature", "properties": { "objectid": 12779, "name": "mn-09-120436", "boroname": "Manhattan", "type": "Free", "provider": "LinkNYC - Citybridge", "location_t": "Outdoor Kiosk" }, "geometry": { "type": "Point", "coordinates": [ -73.949737999899995, 40.827117000400001 ] } },
{ "type": "Feature", "properties": { "objectid": 12863, "name": "mn-08-136620", "boroname": "Manhattan", "type": "Free", "provider": "LinkNYC - Citybridge", "location_t": "Outdoor Kiosk" }, "geometry": { "type": "Point", "coordinates": [ -73.953326999599994, 40.779366999700002 ] } },
{ "type": "Feature", "properties": { "objectid": 12733, "name": "mn-03-131017", "boroname": "Manhattan", "type": "Free", "provider": "LinkNYC - Citybridge", "location_t": "Outdoor Kiosk" }, "geometry": { "type": "Point", "coordinates": [ -73.987875920099995, 40.728480390100003 ] } },
{ "type": "Feature", "properties": { "objectid": 12432, "name": "Bay Ridge-95 St (R)", "boroname": "Brooklyn", "type": "Free", "provider": "Transit Wireless", "location_t": "Subway Station" }, "geometry": { "type": "Point", "coordinates": [ -74.030875999800003, 40.6166219996 ] } },
{ "type": "Feature", "properties": { "objectid": 12077, "name": "bk-06-125626", "boroname": "Brooklyn", "type": "Free", "provider": "LinkNYC - Citybridge", "location_t": "Outdoor Kiosk" }, "geometry": { "type": "Point", "coordinates": [ -73.986316999500005, 40.669017999899999 ] } },
{ "type": "Feature", "properties": { "objectid": 10548, "name": "Kissena Park", "boroname": "Queens", "type": "Limited Free", "provider": "SPECTRUM", "location_t": "Outdoor TWC Aerial" }, "geometry": { "type": "Point", "coordinates": [ -73.802859999899994, 40.747260000099999 ] } },
{ "type": "Feature", "properties": { "objectid": 11120, "name": "si-02-145825", "boroname": "Staten Island", "type": "Free", "provider": "LinkNYC - Citybridge", "location_t": "Outdoor Kiosk" }, "geometry": { "type": "Point", "coordinates": [ -74.103708219500007, 40.58738523 ] } },
{ "type": "Feature", "properties": { "objectid": 11990, "name": "bx-01-144251", "boroname": "Bronx", "type": "Free", "provider": "LinkNYC - Citybridge", "location_t": "Outdoor Kiosk" }, "geometry": { "type": "Point", "coordinates": [ -73.912326999900003, 40.821436999699998 ] } },
{ "type": "Feature", "properties": { "objectid": 10006, "name": "St. Agnes", "boroname": "Manhattan", "type": "Free", "provider": "NYPL", "location_t": "Library" }, "geometry": { "type": "Point", "coordinates": [ -73.977452115899993, 40.784834636699998 ] } },
{ "type": "Feature", "properties": { "objectid": 11681, "name": "Coney Island Beach & Boardwalk", "boroname": "Brooklyn", "type": "Limited Free", "provider": "ALTICEUSA", "location_t": "Outdoor" }, "geometry": { "type": "Point", "coordinates": [ -73.981893999600004, 40.5737390002 ] } },
{ "type": "Feature", "properties": { "objectid": 11466, "name": "mn-09-120570", "boroname": "Manhattan", "type": "Free", "provider": "LinkNYC - Citybridge", "location_t": "Outdoor Kiosk" }, "geometry": { "type": "Point", "coordinates": [ -73.948844000400001, 40.823361000200002 ] } },
{ "type": "Feature", "properties": { "objectid": 10634, "name": "mn-11-120235", "boroname": "Manhattan", "type": "Free", "provider": "LinkNYC - Citybridge", "location_t": "Outdoor Kiosk" }, "geometry": { "type": "Point", "coordinates": [ -73.937289069800002, 40.8018986103 ] } },
{ "type": "Feature", "properties": { "objectid": 10324, "name": "bk-05-145938", "boroname": "Brooklyn", "type": "Free", "provider": "LinkNYC - Citybridge", "location_t": "Outdoor Kiosk" }, "geometry": { "type": "Point", "coordinates": [ -73.866777329900003, 40.685130940400001 ] } },
{ "type": "Feature", "properties": { "objectid": 12294, "name": "qu-09-124777", "boroname": "Queens", "type": "Free", "provider": "LinkNYC - Citybridge", "location_t": "Outdoor Kiosk" }, "geometry": { "type": "Point", "coordinates": [ -73.830913700500005, 40.700158649899997 ] } },
{ "type": "Feature", "properties": { "objectid": 11080, "name": "bx-01-118955", "boroname": "Bronx", "type": "Free", "provider": "LinkNYC - Citybridge", "location_t": "Outdoor Kiosk" }, "geometry": { "type": "Point", "coordinates": [ -73.916208439900004, 40.8171412003 ] } },
{ "type": "Feature", "properties": { "objectid": 11894, "name": "qu-01-125118", "boroname": "Queens", "type": "Free", "provider": "LinkNYC - Citybridge", "location_t": "Outdoor Kiosk" }, "geometry": { "type": "Point", "coordinates": [ -73.912541289499998, 40.76266328 ] } },
{ "type": "Feature", "properties": { "objectid": 11609, "name": "Tappen Park", "boroname": "Staten Island", "type": "Limited Free", "provider": "SPECTRUM", "location_t": "Outdoor TWC Aerial" }, "geometry": { "type": "Point", "coordinates": [ -74.076173, 40.626579000200003 ] } },
{ "type": "Feature", "properties": { "objectid": 11038, "name": "bx-05-123185", "boroname": "Bronx", "type": "Free", "provider": "LinkNYC - Citybridge", "location_t": "Outdoor Kiosk" }, "geometry": { "type": "Point", "coordinates": [ -73.908661999399996, 40.853881000199998 ] } },
{ "type": "Feature", "properties": { "objectid": 11139, "name": "mn-10-146057", "boroname": "Manhattan", "type": "Free", "provider": "LinkNYC - Citybridge", "location_t": "Outdoor Kiosk" }, "geometry": { "type": "Point", "coordinates": [ -73.944183, 40.819549 ] } },
{ "type": "Feature", "properties": { "objectid": 12561, "name": "mn-05-107818", "boroname": "Manhattan", "type": "Free", "provider": "LinkNYC - Citybridge", "location_t": "Outdoor Kiosk" }, "geometry": { "type": "Point", "coordinates": [ -73.9894090003, 40.757544000400003 ] } },
{ "type": "Feature", "properties": { "objectid": 10516, "name": null, "boroname": "Manhattan", "type": "Free", "provider": "Chelsea", "location_t": "Outdoor" }, "geometry": { "type": "Point", "coordinates": [ -74.006803035499999, 40.743241547300002 ] } },
{ "type": "Feature", "properties": { "objectid": 10140, "name": null, "boroname": "Manhattan", "type": "Free", "provider": "Harlem", "location_t": "Outdoor" }, "geometry": { "type": "Point", "coordinates": [ -73.952532999799999, 40.804278999600001 ] } },
{ "type": "Feature", "properties": { "objectid": 10805, "name": "Fulton St (J,M,Z,2,3,4,5)/Bway-Nassau St (A,C) (4-5)", "boroname": "Manhattan", "type": "Free", "provider": "Transit Wireless", "location_t": "Subway Station" }, "geometry": { "type": "Point", "coordinates": [ -74.009508999700003, 40.710367999699997 ] } },
{ "type": "Feature", "properties": { "objectid": 12088, "name": "bk-02-126506", "boroname": "Brooklyn", "type": "Free", "provider": "LinkNYC - Citybridge", "location_t": "Outdoor Kiosk" }, "geometry": { "type": "Point", "coordinates": [ -73.980423550400005, 40.687648980299997 ] } },
{ "type": "Feature", "properties": { "objectid": 9796, "name": "qu-09-138287", "boroname": "Queens", "type": "Free", "provider": "LinkNYC - Citybridge", "location_t": "Outdoor Kiosk" }, "geometry": { "type": "Point", "coordinates": [ -73.824718999799998, 40.701039999899997 ] } },
{ "type": "Feature", "properties": { "objectid": 11926, "name": "bk-14-145754", "boroname": "Brooklyn", "type": "Free", "provider": "LinkNYC - Citybridge", "location_t": "Outdoor Kiosk" }, "geometry": { "type": "Point", "coordinates": [ -73.9595678795, 40.654704330400001 ] } },
{ "type": "Feature", "properties": { "objectid": 12493, "name": "mn-09-120565", "boroname": "Manhattan", "type": "Free", "provider": "LinkNYC - Citybridge", "location_t": "Outdoor Kiosk" }, "geometry": { "type": "Point", "coordinates": [ -73.947604000599995, 40.8254190002 ] } },
{ "type": "Feature", "properties": { "objectid": 9725, "name": "Hamilton Fish Recreation Center", "boroname": "Manhattan", "type": "Limited Free", "provider": "SPECTRUM", "location_t": "Indoor" }, "geometry": { "type": "Point", "coordinates": [ -73.981437999500002, 40.720005000199997 ] } },
{ "type": "Feature", "properties": { "objectid": 11499, "name": "Midland Beach and Franklin D. Roosevelt Boardwalk", "boroname": "Staten Island", "type": "Limited Free", "provider": "SPECTRUM", "location_t": "Outdoor" }, "geometry": { "type": "Point", "coordinates": [ -74.079624000500004, 40.576482999900001 ] } },
{ "type": "Feature", "properties": { "objectid": 9718, "name": "St. John's Recreation Center", "boroname": "Brooklyn", "type": "Limited Free", "provider": "ALTICEUSA", "location_t": "Indoor" }, "geometry": { "type": "Point", "coordinates": [ -73.934784999800002, 40.673805000199998 ] } },
{ "type": "Feature", "properties": { "objectid": 10490, "name": "5", "boroname": "Manhattan", "type": "Free", "provider": "Manhattan Down Alliance", "location_t": "Outdoor" }, "geometry": { "type": "Point", "coordinates": [ -74.002601599399995, 40.705101000299997 ] } },
{ "type": "Feature", "properties": { "objectid": 10404, "name": null, "boroname": "Manhattan", "type": "Free", "provider": "Harlem", "location_t": "Outdoor" }, "geometry": { "type": "Point", "coordinates": [ -73.939012000199995, 40.809888000400001 ] } },
{ "type": "Feature", "properties": { "objectid": 9940, "name": "Kew Gardens Hills", "boroname": "Queens", "type": "Free", "provider": "QPL", "location_t": "Library" }, "geometry": { "type": "Point", "coordinates": [ -73.820719069600003, 40.725918485599998 ] } },
{ "type": "Feature", "properties": { "objectid": 12262, "name": "mn-06-121352", "boroname": "Manhattan", "type": "Free", "provider": "LinkNYC - Citybridge", "location_t": "Outdoor Kiosk" }, "geometry": { "type": "Point", "coordinates": [ -73.976104999499995, 40.7482890004 ] } },
{ "type": "Feature", "properties": { "objectid": 10221, "name": "Rockaway Beach and Boardwalk", "boroname": "Queens", "type": "Limited Free", "provider": "SPECTRUM", "location_t": "Outdoor" }, "geometry": { "type": "Point", "coordinates": [ -73.7998939995, 40.586556 ] } },
{ "type": "Feature", "properties": { "objectid": 10575, "name": "bk-01-146091", "boroname": "Brooklyn", "type": "Free", "provider": "LinkNYC - Citybridge", "location_t": "Outdoor Kiosk" }, "geometry": { "type": "Point", "coordinates": [ -73.962440000499996, 40.709900000200001 ] } },
{ "type": "Feature", "properties": { "objectid": 11766, "name": "mn-03-138884", "boroname": "Manhattan", "type": "Free", "provider": "LinkNYC - Citybridge", "location_t": "Outdoor Kiosk" }, "geometry": { "type": "Point", "coordinates": [ -73.983979449900005, 40.72921987 ] } },
{ "type": "Feature", "properties": { "objectid": 11911, "name": "bk-08-127047", "boroname": "Brooklyn", "type": "Free", "provider": "LinkNYC - Citybridge", "location_t": "Outdoor Kiosk" }, "geometry": { "type": "Point", "coordinates": [ -73.949935000500005, 40.676751999899999 ] } },
{ "type": "Feature", "properties": { "objectid": 12383, "name": "Franklin Av (C,S)", "boroname": "Brooklyn", "type": "Free", "provider": "Transit Wireless", "location_t": "Subway Station" }, "geometry": { "type": "Point", "coordinates": [ -73.956847999900006, 40.681379999800001 ] } },
{ "type": "Feature", "properties": { "objectid": 10356, "name": "Governors Island", "boroname": "Manhattan", "type": "Free", "provider": "Fiberless", "location_t": "Outdoor" }, "geometry": { "type": "Point", "coordinates": [ -74.013309999599997, 40.6903199996 ] } },
{ "type": "Feature", "properties": { "objectid": 11325, "name": "Elmhurst", "boroname": "Queens", "type": "Free", "provider": "QPL", "location_t": "Library" }, "geometry": { "type": "Point", "coordinates": [ -73.876758766400002, 40.738581457400002 ] } },
{ "type": "Feature", "properties": { "objectid": 11434, "name": "mn-03-123464", "boroname": "Manhattan", "type": "Free", "provider": "LinkNYC - Citybridge", "location_t": "Outdoor Kiosk" }, "geometry": { "type": "Point", "coordinates": [ -73.989420999399997, 40.721773000399999 ] } },
{ "type": "Feature", "properties": { "objectid": 11867, "name": "qu-01-136769", "boroname": "Queens", "type": "Free", "provider": "LinkNYC - Citybridge", "location_t": "Outdoor Kiosk" }, "geometry": { "type": "Point", "coordinates": [ -73.929054629600003, 40.752278519599997 ] } },
{ "type": "Feature", "properties": { "objectid": 9945, "name": "Mid Manhattan", "boroname": "Manhattan", "type": "Free", "provider": "NYPL", "location_t": "Library" }, "geometry": { "type": "Point", "coordinates": [ -73.981698510800001, 40.751891561699999 ] } },
{ "type": "Feature", "properties": { "objectid": 11652, "name": "NYC - Detective Keith Williams Park", "boroname": "Queens", "type": "Limited Free", "provider": "SPECTRUM", "location_t": "Outdoor TWC Aerial" }, "geometry": { "type": "Point", "coordinates": [ -73.784528999399996, 40.702056999900002 ] } },
{ "type": "Feature", "properties": { "objectid": 12918, "name": "qu-06-145762", "boroname": "Queens", "type": "Free", "provider": "LinkNYC - Citybridge", "location_t": "Outdoor Kiosk" }, "geometry": { "type": "Point", "coordinates": [ -73.838976000200006, 40.718953000200003 ] } },
{ "type": "Feature", "properties": { "objectid": 12415, "name": "Sterling St (2,5)", "boroname": "Brooklyn", "type": "Free", "provider": "Transit Wireless", "location_t": "Subway Station" }, "geometry": { "type": "Point", "coordinates": [ -73.950849999499994, 40.6627419999 ] } },
{ "type": "Feature", "properties": { "objectid": 12841, "name": "mn-08-120998", "boroname": "Manhattan", "type": "Free", "provider": "LinkNYC - Citybridge", "location_t": "Outdoor Kiosk" }, "geometry": { "type": "Point", "coordinates": [ -73.958540219499994, 40.772357769800003 ] } },
{ "type": "Feature", "properties": { "objectid": 9764, "name": "bx-01-119011", "boroname": "Bronx", "type": "Free", "provider": "LinkNYC - Citybridge", "location_t": "Outdoor Kiosk" }, "geometry": { "type": "Point", "coordinates": [ -73.917657399899994, 40.806819540399999 ] } },
{ "type": "Feature", "properties": { "objectid": 10927, "name": null, "boroname": "Manhattan", "type": "Free", "provider": "Harlem", "location_t": "Outdoor" }, "geometry": { "type": "Point", "coordinates": [ -73.944689000500006, 40.812417999899999 ] } },
{ "type": "Feature", "properties": { "objectid": 11218, "name": "mn-08-121697", "boroname": "Manhattan", "type": "Free", "provider": "LinkNYC - Citybridge", "location_t": "Outdoor Kiosk" }, "geometry": { "type": "Point", "coordinates": [ -73.959998220100005, 40.761993239699997 ] } },
{ "type": "Feature", "properties": { "objectid": 11936, "name": "bk-08-145991", "boroname": "Brooklyn", "type": "Free", "provider": "LinkNYC - Citybridge", "location_t": "Outdoor Kiosk" }, "geometry": { "type": "Point", "coordinates": [ -73.956211579699996, 40.6757450701 ] } },
{ "type": "Feature", "properties": { "objectid": 11419, "name": "57th Street - N, Q, R", "boroname": "Manhattan", "type": "Free", "provider": "Transit Wireless", "location_t": "Subway Station" }, "geometry": { "type": "Point", "coordinates": [ -73.980658000199995, 40.7646640002 ] } },
{ "type": "Feature", "properties": { "objectid": 10019, "name": "Brownsville - Brooklyn Public Library", "boroname": "Brooklyn", "type": "Free", "provider": "BPL", "location_t": "Library" }, "geometry": { "type": "Point", "coordinates": [ -73.908603432899994, 40.671526655900003 ] } },
{ "type": "Feature", "properties": { "objectid": 11393, "name": "IRT-6-3RD AVE - 138TH STREET", "boroname": "Bronx", "type": "Free", "provider": "Transit Wireless", "location_t": "Subway Station" }, "geometry": { "type": "Point", "coordinates": [ -73.926138000099996, 40.8104760003 ] } },
{ "type": "Feature", "properties": { "objectid": 10883, "name": "Kissena Park", "boroname": "Queens", "type": "Limited Free", "provider": "SPECTRUM", "location_t": "Outdoor TWC Aerial" }, "geometry": { "type": "Point", "coordinates": [ -73.80816, 40.74191 ] } },
{ "type": "Feature", "properties": { "objectid": 11531, "name": null, "boroname": "Brooklyn", "type": "Free", "provider": "Downtown Brooklyn", "location_t": "Outdoor" }, "geometry": { "type": "Point", "coordinates": [ -73.990088999700006, 40.693069 ] } },
{ "type": "Feature", "properties": { "objectid": 9781, "name": "bx-01-119017", "boroname": "Bronx", "type": "Free", "provider": "LinkNYC - Citybridge", "location_t": "Outdoor Kiosk" }, "geometry": { "type": "Point", "coordinates": [ -73.91293263, 40.804705520399999 ] } },
{ "type": "Feature", "properties": { "objectid": 9962, "name": "Dekalb - Brooklyn Public Library", "boroname": "Brooklyn", "type": "Free", "provider": "BPL", "location_t": "Library" }, "geometry": { "type": "Point", "coordinates": [ -73.928398667400003, 40.6948167 ] } },
{ "type": "Feature", "properties": { "objectid": 10686, "name": "mn-07-121302", "boroname": "Manhattan", "type": "Free", "provider": "LinkNYC - Citybridge", "location_t": "Outdoor Kiosk" }, "geometry": { "type": "Point", "coordinates": [ -73.978293119499995, 40.785813049600002 ] } },
{ "type": "Feature", "properties": { "objectid": 10731, "name": "mn-05-107760", "boroname": "Manhattan", "type": "Free", "provider": "LinkNYC - Citybridge", "location_t": "Outdoor Kiosk" }, "geometry": { "type": "Point", "coordinates": [ -73.986207110099997, 40.746708869700001 ] } },
{ "type": "Feature", "properties": { "objectid": 11816, "name": "qu-04-136003", "boroname": "Queens", "type": "Free", "provider": "LinkNYC - Citybridge", "location_t": "Outdoor Kiosk" }, "geometry": { "type": "Point", "coordinates": [ -73.892355653500005, 40.746623816899998 ] } },
{ "type": "Feature", "properties": { "objectid": 12939, "name": "mn-06-121429", "boroname": "Manhattan", "type": "Free", "provider": "LinkNYC - Citybridge", "location_t": "Outdoor Kiosk" }, "geometry": { "type": "Point", "coordinates": [ -73.972961410500005, 40.748578530400003 ] } },
{ "type": "Feature", "properties": { "objectid": 11329, "name": "Rockaway Beach and Boardwalk", "boroname": "Queens", "type": "Limited Free", "provider": "SPECTRUM", "location_t": "Outdoor" }, "geometry": { "type": "Point", "coordinates": [ -73.811216999600006, 40.584485000400001 ] } },
{ "type": "Feature", "properties": { "objectid": 10062, "name": "North Forest Park", "boroname": "Queens", "type": "Free", "provider": "QPL", "location_t": "Library" }, "geometry": { "type": "Point", "coordinates": [ -73.853672778499998, 40.711185629100001 ] } },
{ "type": "Feature", "properties": { "objectid": 11879, "name": "mn-11-120199", "boroname": "Manhattan", "type": "Free", "provider": "LinkNYC - Citybridge", "location_t": "Outdoor Kiosk" }, "geometry": { "type": "Point", "coordinates": [ -73.938107317, 40.7963604555 ] } },
{ "type": "Feature", "properties": { "objectid": 11254, "name": "qu-03-100928", "boroname": "Queens", "type": "Free", "provider": "LinkNYC - Citybridge", "location_t": "Outdoor Kiosk" }, "geometry": { "type": "Point", "coordinates": [ -73.885497610200005, 40.747538820099997 ] } },
{ "type": "Feature", "properties": { "objectid": 12714, "name": "mn-05-121973", "boroname": "Manhattan", "type": "Free", "provider": "LinkNYC - Citybridge", "location_t": "Outdoor Kiosk" }, "geometry": { "type": "Point", "coordinates": [ -73.972203169899998, 40.762324369700004 ] } },
{ "type": "Feature", "properties": { "objectid": 11461, "name": "mn-12-120772", "boroname": "Manhattan", "type": "Free", "provider": "LinkNYC - Citybridge", "location_t": "Outdoor Kiosk" }, "geometry": { "type": "Point", "coordinates": [ -73.935362110499995, 40.84727016 ] } },
{ "type": "Feature", "properties": { "objectid": 12210, "name": "mn-04-123524", "boroname": "Manhattan", "type": "Free", "provider": "LinkNYC - Citybridge", "location_t": "Outdoor Kiosk" }, "geometry": { "type": "Point", "coordinates": [ -74.00416971, 40.742803140299998 ] } },
{ "type": "Feature", "properties": { "objectid": 12363, "name": "Atlantic Av (B,Q,2,3,4,5)/Pacific St (D,M,N,R)", "boroname": "Brooklyn", "type": "Free", "provider": "Transit Wireless", "location_t": "Subway Station" }, "geometry": { "type": "Point", "coordinates": [ -73.978809999500001, 40.683665999600002 ] } },
{ "type": "Feature", "properties": { "objectid": 10820, "name": "174-175 Sts (B,D)", "boroname": "Bronx", "type": "Free", "provider": "Transit Wireless", "location_t": "Subway Station" }, "geometry": { "type": "Point", "coordinates": [ -73.910136000500003, 40.845899999799997 ] } },
{ "type": "Feature", "properties": { "objectid": 9713, "name": "St. John's Recreation Center", "boroname": "Brooklyn", "type": "Limited Free", "provider": "ALTICEUSA", "location_t": "Outdoor" }, "geometry": { "type": "Point", "coordinates": [ -73.934697999799994, 40.674012999600002 ] } },
{ "type": "Feature", "properties": { "objectid": 11277, "name": "mn-07-121267", "boroname": "Manhattan", "type": "Free", "provider": "LinkNYC - Citybridge", "location_t": "Outdoor Kiosk" }, "geometry": { "type": "Point", "coordinates": [ -73.9726287095, 40.785681849900001 ] } },
{ "type": "Feature", "properties": { "objectid": 12152, "name": "mn-08-135869", "boroname": "Manhattan", "type": "Free", "provider": "LinkNYC - Citybridge", "location_t": "Outdoor Kiosk" }, "geometry": { "type": "Point", "coordinates": [ -73.959038810300001, 40.763432960400003 ] } },
{ "type": "Feature", "properties": { "objectid": 11472, "name": "mn-05-122768", "boroname": "Manhattan", "type": "Free", "provider": "LinkNYC - Citybridge", "location_t": "Outdoor Kiosk" }, "geometry": { "type": "Point", "coordinates": [ -73.988673029699996, 40.748772220100001 ] } },
{ "type": "Feature", "properties": { "objectid": 10991, "name": "Bowne Playground", "boroname": "Queens", "type": "Limited Free", "provider": "SPECTRUM", "location_t": "Outdoor TWC Aerial" }, "geometry": { "type": "Point", "coordinates": [ -73.825078000399998, 40.758580000099997 ] } },
{ "type": "Feature", "properties": { "objectid": 10996, "name": "Brooklyn Heights Promenade", "boroname": "Brooklyn", "type": "Limited Free", "provider": "SPECTRUM", "location_t": "Outdoor" }, "geometry": { "type": "Point", "coordinates": [ -73.996944000100001, 40.698103000400003 ] } },
{ "type": "Feature", "properties": { "objectid": 9876, "name": null, "boroname": "Brooklyn", "type": "Free", "provider": "Downtown Brooklyn", "location_t": "Outdoor" }, "geometry": { "type": "Point", "coordinates": [ -73.982158000499993, 40.689942 ] } },
{ "type": "Feature", "properties": { "objectid": 10570, "name": "mn-12-120667", "boroname": "Manhattan", "type": "Free", "provider": "LinkNYC - Citybridge", "location_t": "Outdoor Kiosk" }, "geometry": { "type": "Point", "coordinates": [ -73.931772969500003, 40.851831069799999 ] } },
{ "type": "Feature", "properties": { "objectid": 9822, "name": "mn-06-121684", "boroname": "Manhattan", "type": "Free", "provider": "LinkNYC - Citybridge", "location_t": "Outdoor Kiosk" }, "geometry": { "type": "Point", "coordinates": [ -73.964181880599995, 40.7562636 ] } },
{ "type": "Feature", "properties": { "objectid": 10243, "name": "qu-02-146051", "boroname": "Queens", "type": "Free", "provider": "LinkNYC - Citybridge", "location_t": "Outdoor Kiosk" }, "geometry": { "type": "Point", "coordinates": [ -73.950086000499994, 40.747793 ] } },
{ "type": "Feature", "properties": { "objectid": 11738, "name": "mn-12-134789", "boroname": "Manhattan", "type": "Free", "provider": "LinkNYC - Citybridge", "location_t": "Outdoor Kiosk" }, "geometry": { "type": "Point", "coordinates": [ -73.93565287, 40.846874769599999 ] } },
{ "type": "Feature", "properties": { "objectid": 12895, "name": "mn-11-132876", "boroname": "Manhattan", "type": "Free", "provider": "LinkNYC - Citybridge", "location_t": "Outdoor Kiosk" }, "geometry": { "type": "Point", "coordinates": [ -73.94478351, 40.791203039700001 ] } },
{ "type": "Feature", "properties": { "objectid": 11921, "name": "bk-02-145753", "boroname": "Brooklyn", "type": "Free", "provider": "LinkNYC - Citybridge", "location_t": "Outdoor Kiosk" }, "geometry": { "type": "Point", "coordinates": [ -73.970224619899994, 40.684549050400001 ] } },
{ "type": "Feature", "properties": { "objectid": 10082, "name": "Broadway", "boroname": "Queens", "type": "Free", "provider": "QPL", "location_t": "Library" }, "geometry": { "type": "Point", "coordinates": [ -73.918623320400002, 40.758529267 ] } },
{ "type": "Feature", "properties": { "objectid": 12576, "name": "mn-04-122691", "boroname": "Manhattan", "type": "Free", "provider": "LinkNYC - Citybridge", "location_t": "Outdoor Kiosk" }, "geometry": { "type": "Point", "coordinates": [ -73.995051369799995, 40.750226779899997 ] } },
{ "type": "Feature", "properties": { "objectid": 12811, "name": "qu-12-141549", "boroname": "Queens", "type": "Free", "provider": "LinkNYC - Citybridge", "location_t": "Outdoor Kiosk" }, "geometry": { "type": "Point", "coordinates": [ -73.799922999499998, 40.703351999900001 ] } },
{ "type": "Feature", "properties": { "objectid": 11563, "name": "Rockaway Beach and Boardwalk", "boroname": "Queens", "type": "Limited Free", "provider": "SPECTRUM", "location_t": "Outdoor TWC Aerial" }, "geometry": { "type": "Point", "coordinates": [ -73.835664000400001, 40.577871000199998 ] } },
{ "type": "Feature", "properties": { "objectid": 9967, "name": "Lefrak City", "boroname": "Queens", "type": "Free", "provider": "QPL", "location_t": "Library" }, "geometry": { "type": "Point", "coordinates": [ -73.861655929299999, 40.737434137900003 ] } },
{ "type": "Feature", "properties": { "objectid": 10833, "name": "Houston St (1)", "boroname": "Manhattan", "type": "Free", "provider": "Transit Wireless", "location_t": "Subway Station" }, "geometry": { "type": "Point", "coordinates": [ -74.005366999399996, 40.728250999799997 ] } },
{ "type": "Feature", "properties": { "objectid": 9950, "name": "South Beach", "boroname": "Staten Island", "type": "Free", "provider": "NYPL", "location_t": "Library" }, "geometry": { "type": "Point", "coordinates": [ -74.062980465199999, 40.595818146799999 ] } },
{ "type": "Feature", "properties": { "objectid": 11725, "name": "Crotona Park", "boroname": "Bronx", "type": "Limited Free", "provider": "ALTICEUSA", "location_t": "Outdoor" }, "geometry": { "type": "Point", "coordinates": [ -73.895167999500003, 40.840525999800001 ] } },
{ "type": "Feature", "properties": { "objectid": 12060, "name": "bk-01-126659", "boroname": "Brooklyn", "type": "Free", "provider": "LinkNYC - Citybridge", "location_t": "Outdoor Kiosk" }, "geometry": { "type": "Point", "coordinates": [ -73.942089999700002, 40.700990000300003 ] } },
{ "type": "Feature", "properties": { "objectid": 12651, "name": "mn-01-137399", "boroname": "Manhattan", "type": "Free", "provider": "LinkNYC - Citybridge", "location_t": "Outdoor Kiosk" }, "geometry": { "type": "Point", "coordinates": [ -74.0026667299, 40.715484090099999 ] } },
{ "type": "Feature", "properties": { "objectid": 9835, "name": "bx-01-146049", "boroname": "Bronx", "type": "Free", "provider": "LinkNYC - Citybridge", "location_t": "Outdoor Kiosk" }, "geometry": { "type": "Point", "coordinates": [ -73.926589620800002, 40.812078937199999 ] } },
{ "type": "Feature", "properties": { "objectid": 12009, "name": "bx-01-123212", "boroname": "Bronx", "type": "Free", "provider": "LinkNYC - Citybridge", "location_t": "Outdoor Kiosk" }, "geometry": { "type": "Point", "coordinates": [ -73.9143003497, 40.818559650300003 ] } },
{ "type": "Feature", "properties": { "objectid": 11336, "name": "Fulton St (G)", "boroname": "Brooklyn", "type": "Free", "provider": "Transit Wireless", "location_t": "Subway Station" }, "geometry": { "type": "Point", "coordinates": [ -73.975374999500005, 40.687119000400003 ] } },
{ "type": "Feature", "properties": { "objectid": 12848, "name": "mn-08-121005", "boroname": "Manhattan", "type": "Free", "provider": "LinkNYC - Citybridge", "location_t": "Outdoor Kiosk" }, "geometry": { "type": "Point", "coordinates": [ -73.957090000199997, 40.774349999800002 ] } },
{ "type": "Feature", "properties": { "objectid": 10226, "name": "Rockaway Beach and Boardwalk", "boroname": "Queens", "type": "Limited Free", "provider": "SPECTRUM", "location_t": "Outdoor" }, "geometry": { "type": "Point", "coordinates": [ -73.810682999799994, 40.584726999899999 ] } },
{ "type": "Feature", "properties": { "objectid": 12447, "name": "mn-07-107801", "boroname": "Manhattan", "type": "Free", "provider": "LinkNYC - Citybridge", "location_t": "Outdoor Kiosk" }, "geometry": { "type": "Point", "coordinates": [ -73.970651549699994, 40.796761249699998 ] } },
{ "type": "Feature", "properties": { "objectid": 9661, "name": "mn-02-133383", "boroname": "Manhattan", "type": "Free", "provider": "LinkNYC - Citybridge", "location_t": "Outdoor Kiosk" }, "geometry": { "type": "Point", "coordinates": [ -74.006770649700002, 40.723013379800001 ] } },
{ "type": "Feature", "properties": { "objectid": 10504, "name": null, "boroname": "Manhattan", "type": "Free", "provider": "Chelsea", "location_t": "Outdoor" }, "geometry": { "type": "Point", "coordinates": [ -74.004260301299993, 40.742607512699998 ] } },
{ "type": "Feature", "properties": { "objectid": 10650, "name": "mn-07-134449", "boroname": "Manhattan", "type": "Free", "provider": "LinkNYC - Citybridge", "location_t": "Outdoor Kiosk" }, "geometry": { "type": "Point", "coordinates": [ -73.981973000500005, 40.7755320001 ] } },
{ "type": "Feature", "properties": { "objectid": 11649, "name": "NYC - Alfred E. Smith Playground", "boroname": "Manhattan", "type": "Limited Free", "provider": "SPECTRUM", "location_t": "Indoor" }, "geometry": { "type": "Point", "coordinates": [ -73.997979999899997, 40.7102499999 ] } },
{ "type": "Feature", "properties": { "objectid": 12255, "name": "mn-06-121502", "boroname": "Manhattan", "type": "Free", "provider": "LinkNYC - Citybridge", "location_t": "Outdoor Kiosk" }, "geometry": { "type": "Point", "coordinates": [ -73.978415999399999, 40.745116 ] } },
{ "type": "Feature", "properties": { "objectid": 12183, "name": "mn-12-139589", "boroname": "Manhattan", "type": "Free", "provider": "LinkNYC - Citybridge", "location_t": "Outdoor Kiosk" }, "geometry": { "type": "Point", "coordinates": [ -73.935363089700004, 40.847513319599997 ] } },
{ "type": "Feature", "properties": { "objectid": 12461, "name": "mn-07-134423", "boroname": "Manhattan", "type": "Free", "provider": "LinkNYC - Citybridge", "location_t": "Outdoor Kiosk" }, "geometry": { "type": "Point", "coordinates": [ -73.96818631, 40.800475930200001 ] } },
{ "type": "Feature", "properties": { "objectid": 11526, "name": null, "boroname": "Brooklyn", "type": "Free", "provider": "Downtown Brooklyn", "location_t": "Outdoor" }, "geometry": { "type": "Point", "coordinates": [ -73.982301999399994, 40.6888250003 ] } },
{ "type": "Feature", "properties": { "objectid": 12120, "name": "mn-05-122532", "boroname": "Manhattan", "type": "Free", "provider": "LinkNYC - Citybridge", "location_t": "Outdoor Kiosk" }, "geometry": { "type": "Point", "coordinates": [ -73.982362640100007, 40.764671959600001 ] } },
{ "type": "Feature", "properties": { "objectid": 9935, "name": "Hamilton Grange", "boroname": "Manhattan", "type": "Free", "provider": "NYPL", "location_t": "Library" }, "geometry": { "type": "Point", "coordinates": [ -73.948032418899999, 40.825672373800003 ] } },
{ "type": "Feature", "properties": { "objectid": 11994, "name": "bx-01-144892", "boroname": "Bronx", "type": "Free", "provider": "LinkNYC - Citybridge", "location_t": "Outdoor Kiosk" }, "geometry": { "type": "Point", "coordinates": [ -73.919491220400005, 40.813575029600003 ] } },
{ "type": "Feature", "properties": { "objectid": 10617, "name": "mn-06-134810", "boroname": "Manhattan", "type": "Free", "provider": "LinkNYC - Citybridge", "location_t": "Outdoor Kiosk" }, "geometry": { "type": "Point", "coordinates": [ -73.980374049600002, 40.7450706 ] } },
{ "type": "Feature", "properties": { "objectid": 9778, "name": "mn-01-109612", "boroname": "Manhattan", "type": "Free", "provider": "LinkNYC - Citybridge", "location_t": "Outdoor Kiosk" }, "geometry": { "type": "Point", "coordinates": [ -74.006772039799998, 40.715027419800002 ] } },
{ "type": "Feature", "properties": { "objectid": 12629, "name": "bk-03-126644", "boroname": "Brooklyn", "type": "Free", "provider": "LinkNYC - Citybridge", "location_t": "Outdoor Kiosk" }, "geometry": { "type": "Point", "coordinates": [ -73.927098000100003, 40.679232000200003 ] } },
{ "type": "Feature", "properties": { "objectid": 10439, "name": "Cunningham Park", "boroname": "Queens", "type": "Limited Free", "provider": "SPECTRUM", "location_t": "Outdoor" }, "geometry": { "type": "Point", "coordinates": [ -73.773856999700001, 40.730123999600004 ] } },
{ "type": "Feature", "properties": { "objectid": 10111, "name": "26", "boroname": "Manhattan", "type": "Free", "provider": "Manhattan Down Alliance", "location_t": "Outdoor" }, "geometry": { "type": "Point", "coordinates": [ -74.010597199700001, 40.7041015999 ] } },
{ "type": "Feature", "properties": { "objectid": 11152, "name": "mn-07-121264", "boroname": "Manhattan", "type": "Free", "provider": "LinkNYC - Citybridge", "location_t": "Outdoor Kiosk" }, "geometry": { "type": "Point", "coordinates": [ -73.973137410600003, 40.785350099699997 ] } },
{ "type": "Feature", "properties": { "objectid": 10933, "name": null, "boroname": "Manhattan", "type": "Free", "provider": "Harlem", "location_t": "Outdoor" }, "geometry": { "type": "Point", "coordinates": [ -73.938925000099999, 40.810794999700001 ] } },
{ "type": "Feature", "properties": { "objectid": 10000, "name": "Fresh Meadows", "boroname": "Queens", "type": "Free", "provider": "QPL", "location_t": "Library" }, "geometry": { "type": "Point", "coordinates": [ -73.782274047200005, 40.741543574600001 ] } },
{ "type": "Feature", "properties": { "objectid": 10699, "name": "mn-06-136985", "boroname": "Manhattan", "type": "Free", "provider": "LinkNYC - Citybridge", "location_t": "Outdoor Kiosk" }, "geometry": { "type": "Point", "coordinates": [ -73.966527519799996, 40.757417389700002 ] } },
{ "type": "Feature", "properties": { "objectid": 12729, "name": "mn-03-123270", "boroname": "Manhattan", "type": "Free", "provider": "LinkNYC - Citybridge", "location_t": "Outdoor Kiosk" }, "geometry": { "type": "Point", "coordinates": [ -73.985882000399997, 40.730880999699998 ] } },
{ "type": "Feature", "properties": { "objectid": 12400, "name": "Flushing Av (G)", "boroname": "Brooklyn", "type": "Free", "provider": "Transit Wireless", "location_t": "Subway Station" }, "geometry": { "type": "Point", "coordinates": [ -73.950233999600002, 40.700377000300001 ] } },
{ "type": "Feature", "properties": { "objectid": 10748, "name": "Ferry Point Park", "boroname": "Bronx", "type": "Limited Free", "provider": "ALTICEUSA", "location_t": "Outdoor" }, "geometry": { "type": "Point", "coordinates": [ -73.823869999400003, 40.818062999799999 ] } },
{ "type": "Feature", "properties": { "objectid": 9904, "name": null, "boroname": "Brooklyn", "type": "Free", "provider": "Downtown Brooklyn", "location_t": "Outdoor" }, "geometry": { "type": "Point", "coordinates": [ -73.987161999899996, 40.689319000300003 ] } },
{ "type": "Feature", "properties": { "objectid": 9807, "name": "J. Hood Wright Recreation Center", "boroname": "Manhattan", "type": "Limited Free", "provider": "SPECTRUM", "location_t": "Indoor" }, "geometry": { "type": "Point", "coordinates": [ -73.940706000199995, 40.846383000199999 ] } },
{ "type": "Feature", "properties": { "objectid": 11757, "name": "mn-06-138188", "boroname": "Manhattan", "type": "Free", "provider": "LinkNYC - Citybridge", "location_t": "Outdoor Kiosk" }, "geometry": { "type": "Point", "coordinates": [ -73.971893340400001, 40.750457559799997 ] } },
{ "type": "Feature", "properties": { "objectid": 11494, "name": "qu-09-104094", "boroname": "Queens", "type": "Free", "provider": "LinkNYC - Citybridge", "location_t": "Outdoor Kiosk" }, "geometry": { "type": "Point", "coordinates": [ -73.8428399501, 40.695256400399998 ] } },
{ "type": "Feature", "properties": { "objectid": 10238, "name": "14 St-Union Square (L,N,Q,R,4,5,6)", "boroname": "Manhattan", "type": "Free", "provider": "Transit Wireless", "location_t": "Subway Station" }, "geometry": { "type": "Point", "coordinates": [ -73.989951, 40.734673000100003 ] } },
{ "type": "Feature", "properties": { "objectid": 11056, "name": "bk-08-127037", "boroname": "Brooklyn", "type": "Free", "provider": "LinkNYC - Citybridge", "location_t": "Outdoor Kiosk" }, "geometry": { "type": "Point", "coordinates": [ -73.950233999700004, 40.674265999600003 ] } },
{ "type": "Feature", "properties": { "objectid": 9629, "name": "mn-01-109587", "boroname": "Manhattan", "type": "Free", "provider": "LinkNYC - Citybridge", "location_t": "Outdoor Kiosk" }, "geometry": { "type": "Point", "coordinates": [ -74.005609689500005, 40.717725750200003 ] } },
{ "type": "Feature", "properties": { "objectid": 10450, "name": "Gertrude Ederle Recreation Center", "boroname": "Manhattan", "type": "Limited Free", "provider": "SPECTRUM", "location_t": "Indoor" }, "geometry": { "type": "Point", "coordinates": [ -73.988108999600001, 40.7714420004 ] } },
{ "type": "Feature", "properties": { "objectid": 11115, "name": "bx-07-145933", "boroname": "Bronx", "type": "Free", "provider": "LinkNYC - Citybridge", "location_t": "Outdoor Kiosk" }, "geometry": { "type": "Point", "coordinates": [ -73.897802779599999, 40.866765189900001 ] } },
{ "type": "Feature", "properties": { "objectid": 12591, "name": null, "boroname": "Manhattan", "type": "Free", "provider": "Chelsea", "location_t": "Outdoor" }, "geometry": { "type": "Point", "coordinates": [ -74.008305073100004, 40.7431196183 ] } },
{ "type": "Feature", "properties": { "objectid": 12131, "name": "mn-02-123538", "boroname": "Manhattan", "type": "Free", "provider": "LinkNYC - Citybridge", "location_t": "Outdoor Kiosk" }, "geometry": { "type": "Point", "coordinates": [ -74.000946099900005, 40.738996609799997 ] } },
{ "type": "Feature", "properties": { "objectid": 11846, "name": "mn-04-134727", "boroname": "Manhattan", "type": "Free", "provider": "LinkNYC - Citybridge", "location_t": "Outdoor Kiosk" }, "geometry": { "type": "Point", "coordinates": [ -73.99799948, 40.7406856598 ] } },
{ "type": "Feature", "properties": { "objectid": 10314, "name": "bk-08-145908", "boroname": "Brooklyn", "type": "Free", "provider": "LinkNYC - Citybridge", "location_t": "Outdoor Kiosk" }, "geometry": { "type": "Point", "coordinates": [ -73.964510719800003, 40.680238050200003 ] } },
{ "type": "Feature", "properties": { "objectid": 11548, "name": "McCarren Park", "boroname": "Brooklyn", "type": "Limited Free", "provider": "SPECTRUM", "location_t": "Outdoor" }, "geometry": { "type": "Point", "coordinates": [ -73.949510999799998, 40.7200789997 ] } },
{ "type": "Feature", "properties": { "objectid": 11710, "name": "Crotona Park", "boroname": "Bronx", "type": "Limited Free", "provider": "ALTICEUSA", "location_t": "Outdoor" }, "geometry": { "type": "Point", "coordinates": [ -73.898171, 40.834623000400001 ] } },
{ "type": "Feature", "properties": { "objectid": 12045, "name": "mn-08-135937", "boroname": "Manhattan", "type": "Free", "provider": "LinkNYC - Citybridge", "location_t": "Outdoor Kiosk" }, "geometry": { "type": "Point", "coordinates": [ -73.966994999500002, 40.763419000100001 ] } },
{ "type": "Feature", "properties": { "objectid": 12697, "name": "mn-05-121798", "boroname": "Manhattan", "type": "Free", "provider": "LinkNYC - Citybridge", "location_t": "Outdoor Kiosk" }, "geometry": { "type": "Point", "coordinates": [ -73.970369179499997, 40.7598074004 ] } },
{ "type": "Feature", "properties": { "objectid": 11403, "name": "23rd Street - C, E", "boroname": "Manhattan", "type": "Free", "provider": "Transit Wireless", "location_t": "Subway Station" }, "geometry": { "type": "Point", "coordinates": [ -73.998041, 40.745906000300003 ] } },
{ "type": "Feature", "properties": { "objectid": 9642, "name": "qu-01-146089", "boroname": "Queens", "type": "Free", "provider": "LinkNYC - Citybridge", "location_t": "Outdoor Kiosk" }, "geometry": { "type": "Point", "coordinates": [ -73.918894679700003, 40.770359889700003 ] } },
{ "type": "Feature", "properties": { "objectid": 10005, "name": "Brooklyn Heights - Brooklyn Public Library", "boroname": "Brooklyn", "type": "Free", "provider": "BPL", "location_t": "Library" }, "geometry": { "type": "Point", "coordinates": [ -73.991347988100003, 40.695682555200001 ] } },
{ "type": "Feature", "properties": { "objectid": 9840, "name": "bk-06-145905", "boroname": "Brooklyn", "type": "Free", "provider": "LinkNYC - Citybridge", "location_t": "Outdoor Kiosk" }, "geometry": { "type": "Point", "coordinates": [ -73.992184499499999, 40.684303739800001 ] } },
{ "type": "Feature", "properties": { "objectid": 12059, "name": "mn-12-119814", "boroname": "Manhattan", "type": "Free", "provider": "LinkNYC - Citybridge", "location_t": "Outdoor Kiosk" }, "geometry": { "type": "Point", "coordinates": [ -73.932926440399996, 40.850248499800003 ] } },
{ "type": "Feature", "properties": { "objectid": 10671, "name": "mn-07-138145", "boroname": "Manhattan", "type": "Free", "provider": "LinkNYC - Citybridge", "location_t": "Outdoor Kiosk" }, "geometry": { "type": "Point", "coordinates": [ -73.98070878, 40.783121360199999 ] } },
{ "type": "Feature", "properties": { "objectid": 10264, "name": "bk-01-146006", "boroname": "Brooklyn", "type": "Free", "provider": "LinkNYC - Citybridge", "location_t": "Outdoor Kiosk" }, "geometry": { "type": "Point", "coordinates": [ -73.961095498899994, 40.714497710099998 ] } },
{ "type": "Feature", "properties": { "objectid": 9745, "name": "0", "boroname": "Brooklyn", "type": "Free", "provider": "NYCHA", "location_t": "Outdoor" }, "geometry": { "type": "Point", "coordinates": [ -73.975336200300006, 40.694557000300001 ] } },
{ "type": "Feature", "properties": { "objectid": 10969, "name": "Central Park", "boroname": "Manhattan", "type": "Free", "provider": "AT&T", "location_t": "Outdoor" }, "geometry": { "type": "Point", "coordinates": [ -73.971199999800007, 40.768000000199997 ] } },
{ "type": "Feature", "properties": { "objectid": 10122, "name": "Clove Lakes Park - Stonehenge", "boroname": "Staten Island", "type": "Limited Free", "provider": "SPECTRUM", "location_t": "Indoor" }, "geometry": { "type": "Point", "coordinates": [ -74.107213000399994, 40.618237000199997 ] } },
{ "type": "Feature", "properties": { "objectid": 10131, "name": null, "boroname": "Manhattan", "type": "Free", "provider": "Harlem", "location_t": "Outdoor" }, "geometry": { "type": "Point", "coordinates": [ -73.943911999600004, 40.806296999899999 ] } },
{ "type": "Feature", "properties": { "objectid": 12907, "name": "mn-12-120457", "boroname": "Manhattan", "type": "Free", "provider": "LinkNYC - Citybridge", "location_t": "Outdoor Kiosk" }, "geometry": { "type": "Point", "coordinates": [ -73.940477309900004, 40.834815140400003 ] } },
{ "type": "Feature", "properties": { "objectid": 12682, "name": "mn-04-122625", "boroname": "Manhattan", "type": "Free", "provider": "LinkNYC - Citybridge", "location_t": "Outdoor Kiosk" }, "geometry": { "type": "Point", "coordinates": [ -73.983845189799993, 40.76560072 ] } },
{ "type": "Feature", "properties": { "objectid": 10602, "name": "Baisley Pond Park", "boroname": "Queens", "type": "Limited Free", "provider": "SPECTRUM", "location_t": "Outdoor TWC Aerial" }, "geometry": { "type": "Point", "coordinates": [ -73.785170000500003, 40.6731799999 ] } },
{ "type": "Feature", "properties": { "objectid": 10472, "name": "Owen F. Dolen Park", "boroname": "Bronx", "type": "Limited Free", "provider": "ALTICEUSA", "location_t": "Outdoor" }, "geometry": { "type": "Point", "coordinates": [ -73.842668000200007, 40.840657000199997 ] } },
{ "type": "Feature", "properties": { "objectid": 10898, "name": "mn-10-111709", "boroname": "Manhattan", "type": "Free", "provider": "LinkNYC - Citybridge", "location_t": "Outdoor Kiosk" }, "geometry": { "type": "Point", "coordinates": [ -73.949489439900006, 40.812655659599997 ] } },
{ "type": "Feature", "properties": { "objectid": 11869, "name": "mn-04-139118", "boroname": "Manhattan", "type": "Free", "provider": "LinkNYC - Citybridge", "location_t": "Outdoor Kiosk" }, "geometry": { "type": "Point", "coordinates": [ -73.9902617698, 40.766436899699997 ] } },
{ "type": "Feature", "properties": { "objectid": 11659, "name": "Bensonhurst Park", "boroname": "Brooklyn", "type": "Limited Free", "provider": "ALTICEUSA", "location_t": "Outdoor" }, "geometry": { "type": "Point", "coordinates": [ -74.0002820001, 40.597176000200001 ] } },
{ "type": "Feature", "properties": { "objectid": 11713, "name": "Crotona Park", "boroname": "Bronx", "type": "Limited Free", "provider": "ALTICEUSA", "location_t": "Outdoor" }, "geometry": { "type": "Point", "coordinates": [ -73.893309999699994, 40.837117000299997 ] } },
{ "type": "Feature", "properties": { "objectid": 12335, "name": "mn-07-121298", "boroname": "Manhattan", "type": "Free", "provider": "LinkNYC - Citybridge", "location_t": "Outdoor Kiosk" }, "geometry": { "type": "Point", "coordinates": [ -73.973761, 40.792254999800001 ] } },
{ "type": "Feature", "properties": { "objectid": 12903, "name": "mn-12-120460", "boroname": "Manhattan", "type": "Free", "provider": "LinkNYC - Citybridge", "location_t": "Outdoor Kiosk" }, "geometry": { "type": "Point", "coordinates": [ -73.941739999600003, 40.8334469996 ] } },
{ "type": "Feature", "properties": { "objectid": 10063, "name": "Jefferson Market", "boroname": "Manhattan", "type": "Free", "provider": "NYPL", "location_t": "Library" }, "geometry": { "type": "Point", "coordinates": [ -73.999169284299995, 40.734605525500001 ] } },
{ "type": "Feature", "properties": { "objectid": 11267, "name": "mn-04-140359", "boroname": "Manhattan", "type": "Free", "provider": "LinkNYC - Citybridge", "location_t": "Outdoor Kiosk" }, "geometry": { "type": "Point", "coordinates": [ -74.004912169799994, 40.751969129700001 ] } },
{ "type": "Feature", "properties": { "objectid": 11318, "name": "Winthrop St (2,5)", "boroname": "Brooklyn", "type": "Free", "provider": "Transit Wireless", "location_t": "Subway Station" }, "geometry": { "type": "Point", "coordinates": [ -73.950200000099997, 40.656651999799998 ] } },
{ "type": "Feature", "properties": { "objectid": 12556, "name": "mn-04-108509", "boroname": "Manhattan", "type": "Free", "provider": "LinkNYC - Citybridge", "location_t": "Outdoor Kiosk" }, "geometry": { "type": "Point", "coordinates": [ -73.998736000199997, 40.74475 ] } },
{ "type": "Feature", "properties": { "objectid": 10369, "name": "Macombs Dam Park", "boroname": "Bronx", "type": "Limited Free", "provider": "ALTICEUSA", "location_t": "Outdoor" }, "geometry": { "type": "Point", "coordinates": [ -73.926460999699998, 40.827069999800003 ] } },
{ "type": "Feature", "properties": { "objectid": 9816, "name": "Flushing Meadows Corona Park", "boroname": "Queens", "type": "Limited Free", "provider": "AT&T", "location_t": "Outdoor" }, "geometry": { "type": "Point", "coordinates": [ -73.844300000199993, 40.743199999700003 ] } },
{ "type": "Feature", "properties": { "objectid": 10009, "name": "Westchester Square", "boroname": "Bronx", "type": "Free", "provider": "NYPL", "location_t": "Library" }, "geometry": { "type": "Point", "coordinates": [ -73.846621655099995, 40.841105087700001 ] } },
{ "type": "Feature", "properties": { "objectid": 9844, "name": "Juniper Valley Park", "boroname": "Queens", "type": "Limited Free", "provider": "SPECTRUM", "location_t": "Outdoor TWC Aerial" }, "geometry": { "type": "Point", "coordinates": [ -73.885359999599999, 40.718812000200003 ] } },
{ "type": "Feature", "properties": { "objectid": 10299, "name": "bk-06-145909", "boroname": "Brooklyn", "type": "Free", "provider": "LinkNYC - Citybridge", "location_t": "Outdoor Kiosk" }, "geometry": { "type": "Point", "coordinates": [ -73.991788999600004, 40.666904 ] } },
{ "type": "Feature", "properties": { "objectid": 11290, "name": "Cunningham Park", "boroname": "Queens", "type": "Limited Free", "provider": "SPECTRUM", "location_t": "Outdoor TWC Aerial" }, "geometry": { "type": "Point", "coordinates": [ -73.777128999699997, 40.730423000199998 ] } },
{ "type": "Feature", "properties": { "objectid": 9867, "name": null, "boroname": "Brooklyn", "type": "Free", "provider": "Downtown Brooklyn", "location_t": "Outdoor" }, "geometry": { "type": "Point", "coordinates": [ -73.988346999599997, 40.6936359997 ] } },
{ "type": "Feature", "properties": { "objectid": 10144, "name": null, "boroname": "Manhattan", "type": "Free", "provider": "Harlem", "location_t": "Outdoor" }, "geometry": { "type": "Point", "coordinates": [ -73.942537000100003, 40.805429000399997 ] } },
{ "type": "Feature", "properties": { "objectid": 11788, "name": "qu-01-108362", "boroname": "Queens", "type": "Free", "provider": "LinkNYC - Citybridge", "location_t": "Outdoor Kiosk" }, "geometry": { "type": "Point", "coordinates": [ -73.922687479299995, 40.767432581800001 ] } },
{ "type": "Feature", "properties": { "objectid": 9977, "name": "Auburndale", "boroname": "Queens", "type": "Free", "provider": "QPL", "location_t": "Library" }, "geometry": { "type": "Point", "coordinates": [ -73.796343186, 40.773752108799997 ] } },
{ "type": "Feature", "properties": { "objectid": 11159, "name": "bx-01-146055", "boroname": "Bronx", "type": "Free", "provider": "LinkNYC - Citybridge", "location_t": "Outdoor Kiosk" }, "geometry": { "type": "Point", "coordinates": [ -73.916074349599995, 40.812840909800002 ] } },
{ "type": "Feature", "properties": { "objectid": 10384, "name": "Manhattan Beach Park", "boroname": "Brooklyn", "type": "Limited Free", "provider": "ALTICEUSA", "location_t": "Outdoor" }, "geometry": { "type": "Point", "coordinates": [ -73.94552, 40.576220000399999 ] } },
{ "type": "Feature", "properties": { "objectid": 11863, "name": "qu-04-136365", "boroname": "Queens", "type": "Free", "provider": "LinkNYC - Citybridge", "location_t": "Outdoor Kiosk" }, "geometry": { "type": "Point", "coordinates": [ -73.882270310500004, 40.747742377 ] } },
{ "type": "Feature", "properties": { "objectid": 12082, "name": "bk-02-125833", "boroname": "Brooklyn", "type": "Free", "provider": "LinkNYC - Citybridge", "location_t": "Outdoor Kiosk" }, "geometry": { "type": "Point", "coordinates": [ -73.980866589599998, 40.685218329800001 ] } },
{ "type": "Feature", "properties": { "objectid": 11190, "name": "qu-03-125337", "boroname": "Queens", "type": "Free", "provider": "LinkNYC - Citybridge", "location_t": "Outdoor Kiosk" }, "geometry": { "type": "Point", "coordinates": [ -73.883664750500003, 40.747728779699997 ] } },
{ "type": "Feature", "properties": { "objectid": 9927, "name": "Webster", "boroname": "Manhattan", "type": "Free", "provider": "NYPL", "location_t": "Library" }, "geometry": { "type": "Point", "coordinates": [ -73.951341694, 40.770652543499999 ] } },
{ "type": "Feature", "properties": { "objectid": 11406, "name": "23rd Street - 6", "boroname": "Manhattan", "type": "Free", "provider": "Transit Wireless", "location_t": "Subway Station" }, "geometry": { "type": "Point", "coordinates": [ -73.986598999700007, 40.739863999599997 ] } },
{ "type": "Feature", "properties": { "objectid": 11616, "name": "Thomas Jefferson Park", "boroname": "Manhattan", "type": "Limited Free", "provider": "SPECTRUM", "location_t": "Outdoor TWC Aerial" }, "geometry": { "type": "Point", "coordinates": [ -73.936759000400002, 40.7933050002 ] } },
{ "type": "Feature", "properties": { "objectid": 10874, "name": "Kissena Park", "boroname": "Queens", "type": "Limited Free", "provider": "SPECTRUM", "location_t": "Outdoor TWC Aerial" }, "geometry": { "type": "Point", "coordinates": [ -73.822839999699994, 40.750139999699996 ] } },
{ "type": "Feature", "properties": { "objectid": 10544, "name": "mn-09-118158", "boroname": "Manhattan", "type": "Free", "provider": "LinkNYC - Citybridge", "location_t": "Outdoor Kiosk" }, "geometry": { "type": "Point", "coordinates": [ -73.957517000500005, 40.811845000300004 ] } },
{ "type": "Feature", "properties": { "objectid": 10339, "name": "bk-01-146013", "boroname": "Brooklyn", "type": "Free", "provider": "LinkNYC - Citybridge", "location_t": "Outdoor Kiosk" }, "geometry": { "type": "Point", "coordinates": [ -73.959688410300004, 40.718187000100002 ] } },
{ "type": "Feature", "properties": { "objectid": 10920, "name": null, "boroname": "Manhattan", "type": "Free", "provider": "Harlem", "location_t": "Outdoor" }, "geometry": { "type": "Point", "coordinates": [ -73.938889999500006, 40.808296999699998 ] } },
{ "type": "Feature", "properties": { "objectid": 11960, "name": "qu-04-145777", "boroname": "Queens", "type": "Free", "provider": "LinkNYC - Citybridge", "location_t": "Outdoor Kiosk" }, "geometry": { "type": "Point", "coordinates": [ -73.883978000200003, 40.737776999899999 ] } },
{ "type": "Feature", "properties": { "objectid": 10168, "name": "Roosevelt Island (F)", "boroname": "Manhattan", "type": "Free", "provider": "Transit Wireless", "location_t": "Subway Station" }, "geometry": { "type": "Point", "coordinates": [ -73.953259999699995, 40.759145000099998 ] } },
{ "type": "Feature", "properties": { "objectid": 11734, "name": "mn-05-137138", "boroname": "Manhattan", "type": "Free", "provider": "LinkNYC - Citybridge", "location_t": "Outdoor Kiosk" }, "geometry": { "type": "Point", "coordinates": [ -73.984528730199997, 40.7457559801 ] } },
{ "type": "Feature", "properties": { "objectid": 9992, "name": "Mitchell-Linden", "boroname": "Queens", "type": "Free", "provider": "QPL", "location_t": "Library" }, "geometry": { "type": "Point", "coordinates": [ -73.826915809599996, 40.771125524699997 ] } },
{ "type": "Feature", "properties": { "objectid": 10531, "name": "Metropolitan Recreation Center - Pool", "boroname": "Brooklyn", "type": "Limited Free", "provider": "SPECTRUM", "location_t": "Indoor" }, "geometry": { "type": "Point", "coordinates": [ -73.960502000100007, 40.715087999700003 ] } },
{ "type": "Feature", "properties": { "objectid": 11904, "name": "mn-06-123801", "boroname": "Manhattan", "type": "Free", "provider": "LinkNYC - Citybridge", "location_t": "Outdoor Kiosk" }, "geometry": { "type": "Point", "coordinates": [ -73.983802290200003, 40.731959570100003 ] } },
{ "type": "Feature", "properties": { "objectid": 11203, "name": "mn-06-121368", "boroname": "Manhattan", "type": "Free", "provider": "LinkNYC - Citybridge", "location_t": "Outdoor Kiosk" }, "geometry": { "type": "Point", "coordinates": [ -73.975187780100001, 40.751181639800002 ] } },
{ "type": "Feature", "properties": { "objectid": 11594, "name": "Snug Harbor Cultural Center", "boroname": "Staten Island", "type": "Limited Free", "provider": "SPECTRUM", "location_t": "Outdoor TWC Aerial" }, "geometry": { "type": "Point", "coordinates": [ -74.103397999500004, 40.645453 ] } },
{ "type": "Feature", "properties": { "objectid": 10102, "name": "17", "boroname": "Manhattan", "type": "Free", "provider": "Manhattan Down Alliance", "location_t": "Outdoor" }, "geometry": { "type": "Point", "coordinates": [ -74.009300200200002, 40.703300499800001 ] } },
{ "type": "Feature", "properties": { "objectid": 12142, "name": "mn-07-137400", "boroname": "Manhattan", "type": "Free", "provider": "LinkNYC - Citybridge", "location_t": "Outdoor Kiosk" }, "geometry": { "type": "Point", "coordinates": [ -73.981079213900003, 40.774969881899999 ] } },
{ "type": "Feature", "properties": { "objectid": 11013, "name": "Queensboro Hill", "boroname": "Queens", "type": "Free", "provider": "QPL", "location_t": "Library" }, "geometry": { "type": "Point", "coordinates": [ -73.825169963899995, 40.742930946500003 ] } },
{ "type": "Feature", "properties": { "objectid": 10477, "name": "Vidalia Park", "boroname": "Bronx", "type": "Limited Free", "provider": "ALTICEUSA", "location_t": "Outdoor" }, "geometry": { "type": "Point", "coordinates": [ -73.88169, 40.844468 ] } },
{ "type": "Feature", "properties": { "objectid": 11425, "name": "mn-07-120641", "boroname": "Manhattan", "type": "Free", "provider": "LinkNYC - Citybridge", "location_t": "Outdoor Kiosk" }, "geometry": { "type": "Point", "coordinates": [ -73.961081530599998, 40.801497650400002 ] } },
{ "type": "Feature", "properties": { "objectid": 11262, "name": "qu-01-130522", "boroname": "Queens", "type": "Free", "provider": "LinkNYC - Citybridge", "location_t": "Outdoor Kiosk" }, "geometry": { "type": "Point", "coordinates": [ -73.9248555498, 40.761645780199999 ] } },
{ "type": "Feature", "properties": { "objectid": 12828, "name": "mn-08-120979", "boroname": "Manhattan", "type": "Free", "provider": "LinkNYC - Citybridge", "location_t": "Outdoor Kiosk" }, "geometry": { "type": "Point", "coordinates": [ -73.963180250500002, 40.765901649699998 ] } },
{ "type": "Feature", "properties": { "objectid": 9994, "name": "Windsor Park", "boroname": "Queens", "type": "Free", "provider": "QPL", "location_t": "Library" }, "geometry": { "type": "Point", "coordinates": [ -73.755681671100007, 40.734486263699999 ] } },
{ "type": "Feature", "properties": { "objectid": 10782, "name": "157 St (1)", "boroname": "Manhattan", "type": "Free", "provider": "Transit Wireless", "location_t": "Subway Station" }, "geometry": { "type": "Point", "coordinates": [ -73.944890000200004, 40.834041000100001 ] } },
{ "type": "Feature", "properties": { "objectid": 12529, "name": "mn-06-121733", "boroname": "Manhattan", "type": "Free", "provider": "LinkNYC - Citybridge", "location_t": "Outdoor Kiosk" }, "geometry": { "type": "Point", "coordinates": [ -73.9677744002, 40.7601348504 ] } },
{ "type": "Feature", "properties": { "objectid": 10186, "name": "qu-01-146037", "boroname": "Queens", "type": "Free", "provider": "LinkNYC - Citybridge", "location_t": "Outdoor Kiosk" }, "geometry": { "type": "Point", "coordinates": [ -73.918518000199995, 40.762073000299999 ] } },
{ "type": "Feature", "properties": { "objectid": 10841, "name": "1 Av (L)", "boroname": "Manhattan", "type": "Free", "provider": "Transit Wireless", "location_t": "Subway Station" }, "geometry": { "type": "Point", "coordinates": [ -73.981627999699995, 40.7309530004 ] } },
{ "type": "Feature", "properties": { "objectid": 9701, "name": "Prospect Park", "boroname": "Brooklyn", "type": "Limited Free", "provider": "ALTICEUSA", "location_t": "Indoor" }, "geometry": { "type": "Point", "coordinates": [ -73.963697000099998, 40.657001000400001 ] } },
{ "type": "Feature", "properties": { "objectid": 10267, "name": "bk-01-146018", "boroname": "Brooklyn", "type": "Free", "provider": "LinkNYC - Citybridge", "location_t": "Outdoor Kiosk" }, "geometry": { "type": "Point", "coordinates": [ -73.9592022004, 40.722504240100001 ] } },
{ "type": "Feature", "properties": { "objectid": 10419, "name": null, "boroname": "Brooklyn", "type": "Free", "provider": "Downtown Brooklyn", "location_t": "Outdoor" }, "geometry": { "type": "Point", "coordinates": [ -73.981213999800005, 40.689967000199999 ] } },
{ "type": "Feature", "properties": { "objectid": 12922, "name": "qu-09-145794", "boroname": "Queens", "type": "Free", "provider": "LinkNYC - Citybridge", "location_t": "Outdoor Kiosk" }, "geometry": { "type": "Point", "coordinates": [ -73.828160000099999, 40.711071999600001 ] } },
{ "type": "Feature", "properties": { "objectid": 12480, "name": "mn-09-120371", "boroname": "Manhattan", "type": "Free", "provider": "LinkNYC - Citybridge", "location_t": "Outdoor Kiosk" }, "geometry": { "type": "Point", "coordinates": [ -73.953041000499994, 40.823325999600002 ] } },
{ "type": "Feature", "properties": { "objectid": 12422, "name": "Bowling Green (4,5)", "boroname": "Manhattan", "type": "Free", "provider": "Transit Wireless", "location_t": "Subway Station" }, "geometry": { "type": "Point", "coordinates": [ -74.014064999799999, 40.704817 ] } },
{ "type": "Feature", "properties": { "objectid": 11197, "name": "mn-07-120926", "boroname": "Manhattan", "type": "Free", "provider": "LinkNYC - Citybridge", "location_t": "Outdoor Kiosk" }, "geometry": { "type": "Point", "coordinates": [ -73.980160850499999, 40.77535675 ] } },
{ "type": "Feature", "properties": { "objectid": 12027, "name": "mn-11-100200", "boroname": "Manhattan", "type": "Free", "provider": "LinkNYC - Citybridge", "location_t": "Outdoor Kiosk" }, "geometry": { "type": "Point", "coordinates": [ -73.946762000500001, 40.800070000399998 ] } },
{ "type": "Feature", "properties": { "objectid": 12688, "name": "mn-05-142002", "boroname": "Manhattan", "type": "Free", "provider": "LinkNYC - Citybridge", "location_t": "Outdoor Kiosk" }, "geometry": { "type": "Point", "coordinates": [ -73.986836000500006, 40.7608949997 ] } },
{ "type": "Feature", "properties": { "objectid": 9614, "name": "si-02-146099", "boroname": "Staten Island", "type": "Free", "provider": "LinkNYC - Citybridge", "location_t": "Outdoor Kiosk" }, "geometry": { "type": "Point", "coordinates": [ -74.102670540299997, 40.57739083 ] } },
{ "type": "Feature", "properties": { "objectid": 11239, "name": "qu-03-143455", "boroname": "Queens", "type": "Free", "provider": "LinkNYC - Citybridge", "location_t": "Outdoor Kiosk" }, "geometry": { "type": "Point", "coordinates": [ -73.885072040200001, 40.749606299600003 ] } },
{ "type": "Feature", "properties": { "objectid": 12759, "name": "mn-07-120609", "boroname": "Manhattan", "type": "Free", "provider": "LinkNYC - Citybridge", "location_t": "Outdoor Kiosk" }, "geometry": { "type": "Point", "coordinates": [ -73.970571169799996, 40.793962190199998 ] } },
{ "type": "Feature", "properties": { "objectid": 11386, "name": "110 St (6) (4, 6)", "boroname": "Manhattan", "type": "Free", "provider": "Transit Wireless", "location_t": "Subway Station" }, "geometry": { "type": "Point", "coordinates": [ -73.944250000400004, 40.795020000100003 ] } },
{ "type": "Feature", "properties": { "objectid": 10250, "name": "bk-01-146014", "boroname": "Brooklyn", "type": "Free", "provider": "LinkNYC - Citybridge", "location_t": "Outdoor Kiosk" }, "geometry": { "type": "Point", "coordinates": [ -73.958612480599996, 40.719246219600002 ] } },
{ "type": "Feature", "properties": { "objectid": 12158, "name": "mn-06-134374", "boroname": "Manhattan", "type": "Free", "provider": "LinkNYC - Citybridge", "location_t": "Outdoor Kiosk" }, "geometry": { "type": "Point", "coordinates": [ -73.979251799799997, 40.7403685604 ] } },
{ "type": "Feature", "properties": { "objectid": 11977, "name": "qu-02-145781", "boroname": "Queens", "type": "Free", "provider": "LinkNYC - Citybridge", "location_t": "Outdoor Kiosk" }, "geometry": { "type": "Point", "coordinates": [ -73.944138280299995, 40.746639180300001 ] } },
{ "type": "Feature", "properties": { "objectid": 10036, "name": "Kings Highway - Brooklyn Public Library", "boroname": "Brooklyn", "type": "Free", "provider": "BPL", "location_t": "Library" }, "geometry": { "type": "Point", "coordinates": [ -73.953105848700005, 40.6102566673 ] } },
{ "type": "Feature", "properties": { "objectid": 11751, "name": "mn-03-139034", "boroname": "Manhattan", "type": "Free", "provider": "LinkNYC - Citybridge", "location_t": "Outdoor Kiosk" }, "geometry": { "type": "Point", "coordinates": [ -73.982847090199996, 40.730767219900002 ] } },
{ "type": "Feature", "properties": { "objectid": 11664, "name": "Bronx Park", "boroname": "Bronx", "type": "Limited Free", "provider": "ALTICEUSA", "location_t": "Outdoor" }, "geometry": { "type": "Point", "coordinates": [ -73.870471999499998, 40.853979999800003 ] } },
{ "type": "Feature", "properties": { "objectid": 11084, "name": "mn-10-119881", "boroname": "Manhattan", "type": "Free", "provider": "LinkNYC - Citybridge", "location_t": "Outdoor Kiosk" }, "geometry": { "type": "Point", "coordinates": [ -73.946558050299998, 40.81629802 ] } },
{ "type": "Feature", "properties": { "objectid": 10855, "name": "Joyce Kilmer Park", "boroname": "Bronx", "type": "Limited Free", "provider": "ALTICEUSA", "location_t": "Outdoor" }, "geometry": { "type": "Point", "coordinates": [ -73.922699999900004, 40.828467999600001 ] } },
{ "type": "Feature", "properties": { "objectid": 12512, "name": "mn-06-121824", "boroname": "Manhattan", "type": "Free", "provider": "LinkNYC - Citybridge", "location_t": "Outdoor Kiosk" }, "geometry": { "type": "Point", "coordinates": [ -73.971032279599996, 40.755233479799998 ] } },
{ "type": "Feature", "properties": { "objectid": 11300, "name": "High Bridge", "boroname": "Bronx", "type": "Free", "provider": "NYPL", "location_t": "Library" }, "geometry": { "type": "Point", "coordinates": [ -73.923539612900001, 40.837958911699999 ] } },
{ "type": "Feature", "properties": { "objectid": 11821, "name": "mn-06-136611", "boroname": "Manhattan", "type": "Free", "provider": "LinkNYC - Citybridge", "location_t": "Outdoor Kiosk" }, "geometry": { "type": "Point", "coordinates": [ -73.971533600399994, 40.751295680299997 ] } },
{ "type": "Feature", "properties": { "objectid": 10836, "name": "Canal St (J,M,N,Q,R,Z,6)", "boroname": "Manhattan", "type": "Free", "provider": "Transit Wireless", "location_t": "Subway Station" }, "geometry": { "type": "Point", "coordinates": [ -74.000459999499995, 40.718382999799999 ] } },
{ "type": "Feature", "properties": { "objectid": 11272, "name": "mn-04-140360", "boroname": "Manhattan", "type": "Free", "provider": "LinkNYC - Citybridge", "location_t": "Outdoor Kiosk" }, "geometry": { "type": "Point", "coordinates": [ -74.005815549900007, 40.750745580299998 ] } },
{ "type": "Feature", "properties": { "objectid": 11626, "name": "Washington Square Park", "boroname": "Manhattan", "type": "Limited Free", "provider": "SPECTRUM", "location_t": "Outdoor" }, "geometry": { "type": "Point", "coordinates": [ -73.996078999800005, 40.730975000100003 ] } },
{ "type": "Feature", "properties": { "objectid": 12173, "name": "mn-05-134631", "boroname": "Manhattan", "type": "Free", "provider": "LinkNYC - Citybridge", "location_t": "Outdoor Kiosk" }, "geometry": { "type": "Point", "coordinates": [ -73.983878499799999, 40.743394680400002 ] } },
{ "type": "Feature", "properties": { "objectid": 10758, "name": "Gravesend Park", "boroname": "Brooklyn", "type": "Limited Free", "provider": "ALTICEUSA", "location_t": "Outdoor" }, "geometry": { "type": "Point", "coordinates": [ -73.984404000200001, 40.624243999800001 ] } },
{ "type": "Feature", "properties": { "objectid": 11605, "name": "Sorrentino Recreation Center", "boroname": "Queens", "type": "Limited Free", "provider": "SPECTRUM", "location_t": "Indoor" }, "geometry": { "type": "Point", "coordinates": [ -73.751402000300004, 40.602348999699998 ] } },
{ "type": "Feature", "properties": { "objectid": 11793, "name": "qu-09-114647", "boroname": "Queens", "type": "Free", "provider": "LinkNYC - Citybridge", "location_t": "Outdoor Kiosk" }, "geometry": { "type": "Point", "coordinates": [ -73.863261549599997, 40.691902290100003 ] } },
{ "type": "Feature", "properties": { "objectid": 11174, "name": "bk-02-127256", "boroname": "Brooklyn", "type": "Free", "provider": "LinkNYC - Citybridge", "location_t": "Outdoor Kiosk" }, "geometry": { "type": "Point", "coordinates": [ -73.981719399699998, 40.687210339899998 ] } },
{ "type": "Feature", "properties": { "objectid": 9696, "name": "Prospect Park", "boroname": "Brooklyn", "type": "Limited Free", "provider": "ALTICEUSA", "location_t": "Outdoor" }, "geometry": { "type": "Point", "coordinates": [ -73.963990999700002, 40.657451999700001 ] } },
{ "type": "Feature", "properties": { "objectid": 11850, "name": "mn-06-135679", "boroname": "Manhattan", "type": "Free", "provider": "LinkNYC - Citybridge", "location_t": "Outdoor Kiosk" }, "geometry": { "type": "Point", "coordinates": [ -73.9811585896, 40.737373060300001 ] } },
{ "type": "Feature", "properties": { "objectid": 11127, "name": "bk-08-145832", "boroname": "Brooklyn", "type": "Free", "provider": "LinkNYC - Citybridge", "location_t": "Outdoor Kiosk" }, "geometry": { "type": "Point", "coordinates": [ -73.950213899800005, 40.672114489800002 ] } },
{ "type": "Feature", "properties": { "objectid": 12497, "name": "si-02-125470", "boroname": "Staten Island", "type": "Free", "provider": "LinkNYC - Citybridge", "location_t": "Outdoor Kiosk" }, "geometry": { "type": "Point", "coordinates": [ -74.109917999900006, 40.570634999799999 ] } },
{ "type": "Feature", "properties": { "objectid": 10512, "name": null, "boroname": "Manhattan", "type": "Free", "provider": "Chelsea", "location_t": "Outdoor" }, "geometry": { "type": "Point", "coordinates": [ -74.006003738, 40.740258278600002 ] } },
{ "type": "Feature", "properties": { "objectid": 10956, "name": null, "boroname": "Manhattan", "type": "Free", "provider": "Harlem", "location_t": "Outdoor" }, "geometry": { "type": "Point", "coordinates": [ -73.954616000499996, 40.800652000299998 ] } },
{ "type": "Feature", "properties": { "objectid": 10559, "name": "Madison Square Park", "boroname": "Manhattan", "type": "Limited Free", "provider": "SPECTRUM", "location_t": "Outdoor" }, "geometry": { "type": "Point", "coordinates": [ -73.987363999600007, 40.7418749996 ] } },
{ "type": "Feature", "properties": { "objectid": 10660, "name": "mn-07-133410", "boroname": "Manhattan", "type": "Free", "provider": "LinkNYC - Citybridge", "location_t": "Outdoor Kiosk" }, "geometry": { "type": "Point", "coordinates": [ -73.981989949899997, 40.779330830399999 ] } },
{ "type": "Feature", "properties": { "objectid": 10654, "name": "mn-07-140140", "boroname": "Manhattan", "type": "Free", "provider": "LinkNYC - Citybridge", "location_t": "Outdoor Kiosk" }, "geometry": { "type": "Point", "coordinates": [ -73.982320790399996, 40.776522990399997 ] } },
{ "type": "Feature", "properties": { "objectid": 11831, "name": "mn-10-119948", "boroname": "Manhattan", "type": "Free", "provider": "LinkNYC - Citybridge", "location_t": "Outdoor Kiosk" }, "geometry": { "type": "Point", "coordinates": [ -73.942842489499995, 40.816779949800001 ] } },
{ "type": "Feature", "properties": { "objectid": 10289, "name": "qu-09-145911", "boroname": "Queens", "type": "Free", "provider": "LinkNYC - Citybridge", "location_t": "Outdoor Kiosk" }, "geometry": { "type": "Point", "coordinates": [ -73.856453800099999, 40.692607239600001 ] } },
{ "type": "Feature", "properties": { "objectid": 11762, "name": "qu-03-133667", "boroname": "Queens", "type": "Free", "provider": "LinkNYC - Citybridge", "location_t": "Outdoor Kiosk" }, "geometry": { "type": "Point", "coordinates": [ -73.884643520400004, 40.747626870399998 ] } },
{ "type": "Feature", "properties": { "objectid": 11729, "name": "qu-03-136452", "boroname": "Queens", "type": "Free", "provider": "LinkNYC - Citybridge", "location_t": "Outdoor Kiosk" }, "geometry": { "type": "Point", "coordinates": [ -73.878165479399996, 40.748311039599997 ] } },
{ "type": "Feature", "properties": { "objectid": 12279, "name": "bk-07-141113", "boroname": "Brooklyn", "type": "Free", "provider": "LinkNYC - Citybridge", "location_t": "Outdoor Kiosk" }, "geometry": { "type": "Point", "coordinates": [ -73.998985639699995, 40.659745440099996 ] } },
{ "type": "Feature", "properties": { "objectid": 10719, "name": "mn-03-108516", "boroname": "Manhattan", "type": "Free", "provider": "LinkNYC - Citybridge", "location_t": "Outdoor Kiosk" }, "geometry": { "type": "Point", "coordinates": [ -73.985325029899997, 40.727793510300003 ] } },
{ "type": "Feature", "properties": { "objectid": 10780, "name": "155 St (B,D)", "boroname": "Manhattan", "type": "Free", "provider": "Transit Wireless", "location_t": "Subway Station" }, "geometry": { "type": "Point", "coordinates": [ -73.938209000499995, 40.830135 ] } },
{ "type": "Feature", "properties": { "objectid": 12774, "name": "mn-07-121346", "boroname": "Manhattan", "type": "Free", "provider": "LinkNYC - Citybridge", "location_t": "Outdoor Kiosk" }, "geometry": { "type": "Point", "coordinates": [ -73.981853000399994, 40.777920999800003 ] } },
{ "type": "Feature", "properties": { "objectid": 10371, "name": "Macombs Dam Park", "boroname": "Bronx", "type": "Limited Free", "provider": "ALTICEUSA", "location_t": "Outdoor" }, "geometry": { "type": "Point", "coordinates": [ -73.927457000199993, 40.828149000099998 ] } },
{ "type": "Feature", "properties": { "objectid": 10902, "name": "bx-05-113539", "boroname": "Bronx", "type": "Free", "provider": "LinkNYC - Citybridge", "location_t": "Outdoor Kiosk" }, "geometry": { "type": "Point", "coordinates": [ -73.910217889699993, 40.854346219599996 ] } },
{ "type": "Feature", "properties": { "objectid": 11142, "name": "qu-01-145951", "boroname": "Queens", "type": "Free", "provider": "LinkNYC - Citybridge", "location_t": "Outdoor Kiosk" }, "geometry": { "type": "Point", "coordinates": [ -73.917229999900002, 40.758221000299997 ] } },
{ "type": "Feature", "properties": { "objectid": 11715, "name": "Crotona Park", "boroname": "Bronx", "type": "Limited Free", "provider": "ALTICEUSA", "location_t": "Outdoor" }, "geometry": { "type": "Point", "coordinates": [ -73.893657999400006, 40.837538999800003 ] } },
{ "type": "Feature", "properties": { "objectid": 10873, "name": "Kissena Park", "boroname": "Queens", "type": "Limited Free", "provider": "SPECTRUM", "location_t": "Outdoor TWC Aerial" }, "geometry": { "type": "Point", "coordinates": [ -73.824720000100001, 40.751410000100002 ] } },
{ "type": "Feature", "properties": { "objectid": 10388, "name": "Manhattan Beach Park", "boroname": "Brooklyn", "type": "Limited Free", "provider": "ALTICEUSA", "location_t": "Outdoor" }, "geometry": { "type": "Point", "coordinates": [ -73.943589999400004, 40.576959999800003 ] } },
{ "type": "Feature", "properties": { "objectid": 10607, "name": "Baisley Pond Park", "boroname": "Queens", "type": "Limited Free", "provider": "SPECTRUM", "location_t": "Outdoor TWC Aerial" }, "geometry": { "type": "Point", "coordinates": [ -73.789549999800002, 40.674539999899999 ] } },
{ "type": "Feature", "properties": { "objectid": 9960, "name": "Melrose", "boroname": "Bronx", "type": "Free", "provider": "NYPL", "location_t": "Library" }, "geometry": { "type": "Point", "coordinates": [ -73.917582651299995, 40.826591926799999 ] } },
{ "type": "Feature", "properties": { "objectid": 11457, "name": "mn-03-123794", "boroname": "Manhattan", "type": "Free", "provider": "LinkNYC - Citybridge", "location_t": "Outdoor Kiosk" }, "geometry": { "type": "Point", "coordinates": [ -73.985118988599993, 40.727649866199997 ] } },
{ "type": "Feature", "properties": { "objectid": 11310, "name": "Jamaica Bay - Brooklyn Public Library", "boroname": "Brooklyn", "type": "Free", "provider": "BPL", "location_t": "Library" }, "geometry": { "type": "Point", "coordinates": [ -73.889304648600003, 40.634474605199998 ] } },
{ "type": "Feature", "properties": { "objectid": 12397, "name": "15 St-Prospect Park (F)", "boroname": "Brooklyn", "type": "Free", "provider": "Transit Wireless", "location_t": "Subway Station" }, "geometry": { "type": "Point", "coordinates": [ -73.9794929997, 40.660365 ] } },
{ "type": "Feature", "properties": { "objectid": 12284, "name": "bk-09-126569", "boroname": "Brooklyn", "type": "Free", "provider": "LinkNYC - Citybridge", "location_t": "Outdoor Kiosk" }, "geometry": { "type": "Point", "coordinates": [ -73.960580999699999, 40.660851999800002 ] } },
{ "type": "Feature", "properties": { "objectid": 11516, "name": null, "boroname": "Brooklyn", "type": "Free", "provider": "Downtown Brooklyn", "location_t": "Outdoor" }, "geometry": { "type": "Point", "coordinates": [ -73.983165000300005, 40.689633000100002 ] } },
{ "type": "Feature", "properties": { "objectid": 12634, "name": "bk-09-126619", "boroname": "Brooklyn", "type": "Free", "provider": "LinkNYC - Citybridge", "location_t": "Outdoor Kiosk" }, "geometry": { "type": "Point", "coordinates": [ -73.958717000600004, 40.668799999599997 ] } },
{ "type": "Feature", "properties": { "objectid": 12072, "name": "bk-08-125716", "boroname": "Brooklyn", "type": "Free", "provider": "LinkNYC - Citybridge", "location_t": "Outdoor Kiosk" }, "geometry": { "type": "Point", "coordinates": [ -73.974060000500003, 40.679567999699998 ] } },
{ "type": "Feature", "properties": { "objectid": 12860, "name": "mn-08-119826", "boroname": "Manhattan", "type": "Free", "provider": "LinkNYC - Citybridge", "location_t": "Outdoor Kiosk" }, "geometry": { "type": "Point", "coordinates": [ -73.953980000399994, 40.779038 ] } },
{ "type": "Feature", "properties": { "objectid": 12502, "name": "bx-07-119873", "boroname": "Bronx", "type": "Free", "provider": "LinkNYC - Citybridge", "location_t": "Outdoor Kiosk" }, "geometry": { "type": "Point", "coordinates": [ -73.898729999500006, 40.867626999599999 ] } },
{ "type": "Feature", "properties": { "objectid": 11333, "name": "Haffen Park", "boroname": "Bronx", "type": "Limited Free", "provider": "ALTICEUSA", "location_t": "Outdoor" }, "geometry": { "type": "Point", "coordinates": [ -73.8386710005, 40.872935999900001 ] } },
{ "type": "Feature", "properties": { "objectid": 12206, "name": "mn-04-123537", "boroname": "Manhattan", "type": "Free", "provider": "LinkNYC - Citybridge", "location_t": "Outdoor Kiosk" }, "geometry": { "type": "Point", "coordinates": [ -73.999475740400001, 40.73866726 ] } },
{ "type": "Feature", "properties": { "objectid": 12880, "name": "bx-04-145687", "boroname": "Bronx", "type": "Free", "provider": "LinkNYC - Citybridge", "location_t": "Outdoor Kiosk" }, "geometry": { "type": "Point", "coordinates": [ -73.922644989600002, 40.831543000400004 ] } },
{ "type": "Feature", "properties": { "objectid": 11229, "name": "mn-03-122031", "boroname": "Manhattan", "type": "Free", "provider": "LinkNYC - Citybridge", "location_t": "Outdoor Kiosk" }, "geometry": { "type": "Point", "coordinates": [ -73.980767999799994, 40.730495999600002 ] } },
{ "type": "Feature", "properties": { "objectid": 11962, "name": "qu-02-145849", "boroname": "Queens", "type": "Free", "provider": "LinkNYC - Citybridge", "location_t": "Outdoor Kiosk" }, "geometry": { "type": "Point", "coordinates": [ -73.895295999699997, 40.739921999800004 ] } },
{ "type": "Feature", "properties": { "objectid": 11761, "name": "mn-12-134849", "boroname": "Manhattan", "type": "Free", "provider": "LinkNYC - Citybridge", "location_t": "Outdoor Kiosk" }, "geometry": { "type": "Point", "coordinates": [ -73.935833330199998, 40.846623330200003 ] } },
{ "type": "Feature", "properties": { "objectid": 12040, "name": "mn-08-135943", "boroname": "Manhattan", "type": "Free", "provider": "LinkNYC - Citybridge", "location_t": "Outdoor Kiosk" }, "geometry": { "type": "Point", "coordinates": [ -73.963213010100006, 40.7619766 ] } },
{ "type": "Feature", "properties": { "objectid": 10585, "name": "Steeplechase Park", "boroname": "Brooklyn", "type": "Limited Free", "provider": "ALTICEUSA", "location_t": "Outdoor" }, "geometry": { "type": "Point", "coordinates": [ -73.985670000300004, 40.57564 ] } },
{ "type": "Feature", "properties": { "objectid": 10763, "name": "Haffen Park", "boroname": "Bronx", "type": "Limited Free", "provider": "ALTICEUSA", "location_t": "Outdoor" }, "geometry": { "type": "Point", "coordinates": [ -73.839477999899998, 40.872676000399998 ] } },
{ "type": "Feature", "properties": { "objectid": 10692, "name": "mn-07-121306", "boroname": "Manhattan", "type": "Free", "provider": "LinkNYC - Citybridge", "location_t": "Outdoor Kiosk" }, "geometry": { "type": "Point", "coordinates": [ -73.977831999700001, 40.787027999899998 ] } },
{ "type": "Feature", "properties": { "objectid": 10078, "name": "West New Brighton", "boroname": "Staten Island", "type": "Free", "provider": "NYPL", "location_t": "Library" }, "geometry": { "type": "Point", "coordinates": [ -74.114821873400004, 40.634508942300002 ] } },
{ "type": "Feature", "properties": { "objectid": 10590, "name": "Baisley Pond Park", "boroname": "Queens", "type": "Limited Free", "provider": "SPECTRUM", "location_t": "Outdoor TWC Aerial" }, "geometry": { "type": "Point", "coordinates": [ -73.787470000100001, 40.680530000399997 ] } },
{ "type": "Feature", "properties": { "objectid": 9618, "name": "mn-02-122289", "boroname": "Manhattan", "type": "Free", "provider": "LinkNYC - Citybridge", "location_t": "Outdoor Kiosk" }, "geometry": { "type": "Point", "coordinates": [ -74.007972000199999, 40.724064999600003 ] } },
{ "type": "Feature", "properties": { "objectid": 10976, "name": "Alfred E. Smith Playground", "boroname": "Manhattan", "type": "Limited Free", "provider": "SPECTRUM", "location_t": "Outdoor" }, "geometry": { "type": "Point", "coordinates": [ -73.997979999899997, 40.7102499999 ] } },
{ "type": "Feature", "properties": { "objectid": 11773, "name": "qu-03-143034", "boroname": "Queens", "type": "Free", "provider": "LinkNYC - Citybridge", "location_t": "Outdoor Kiosk" }, "geometry": { "type": "Point", "coordinates": [ -73.89344842, 40.74670669 ] } },
{ "type": "Feature", "properties": { "objectid": 10974, "name": "Railroad Park", "boroname": "Queens", "type": "Limited Free", "provider": "SPECTRUM", "location_t": "Outdoor TWC Aerial" }, "geometry": { "type": "Point", "coordinates": [ -73.767752000300007, 40.679963000199997 ] } },
{ "type": "Feature", "properties": { "objectid": 9728, "name": "Hansborough Recreation Center", "boroname": "Manhattan", "type": "Limited Free", "provider": "SPECTRUM", "location_t": "Outdoor" }, "geometry": { "type": "Point", "coordinates": [ -73.939356999599994, 40.812680999599998 ] } },
{ "type": "Feature", "properties": { "objectid": 10337, "name": "bk-14-145929", "boroname": "Brooklyn", "type": "Free", "provider": "LinkNYC - Citybridge", "location_t": "Outdoor Kiosk" }, "geometry": { "type": "Point", "coordinates": [ -73.955961969800001, 40.648689190399999 ] } },
{ "type": "Feature", "properties": { "objectid": 10887, "name": "mn-05-122867", "boroname": "Manhattan", "type": "Free", "provider": "LinkNYC - Citybridge", "location_t": "Outdoor Kiosk" }, "geometry": { "type": "Point", "coordinates": [ -73.976990369700005, 40.759205200300002 ] } },
{ "type": "Feature", "properties": { "objectid": 9872, "name": null, "boroname": "Brooklyn", "type": "Free", "provider": "Downtown Brooklyn", "location_t": "Outdoor" }, "geometry": { "type": "Point", "coordinates": [ -73.986706500500006, 40.6940105 ] } },
{ "type": "Feature", "properties": { "objectid": 9657, "name": "mn-06-121680", "boroname": "Manhattan", "type": "Free", "provider": "LinkNYC - Citybridge", "location_t": "Outdoor Kiosk" }, "geometry": { "type": "Point", "coordinates": [ -73.9656502295, 40.754371220099998 ] } },
{ "type": "Feature", "properties": { "objectid": 10014, "name": "George Bruce", "boroname": "Manhattan", "type": "Free", "provider": "NYPL", "location_t": "Library" }, "geometry": { "type": "Point", "coordinates": [ -73.957063905200002, 40.813773431400001 ] } },
{ "type": "Feature", "properties": { "objectid": 10829, "name": "Greenpoint Avenue  (G)", "boroname": "Brooklyn", "type": "Free", "provider": "Transit Wireless", "location_t": "Subway Station" }, "geometry": { "type": "Point", "coordinates": [ -73.954449, 40.731352000100003 ] } },
{ "type": "Feature", "properties": { "objectid": 9793, "name": "mn-04-123521", "boroname": "Manhattan", "type": "Free", "provider": "LinkNYC - Citybridge", "location_t": "Outdoor Kiosk" }, "geometry": { "type": "Point", "coordinates": [ -74.004363419800001, 40.742124849699998 ] } },
{ "type": "Feature", "properties": { "objectid": 12359, "name": "Chambers St (J,M,Z)/Bklyn Bridge-City Hall (4,5,6)", "boroname": "Manhattan", "type": "Free", "provider": "Transit Wireless", "location_t": "Subway Station" }, "geometry": { "type": "Point", "coordinates": [ -74.004131000599997, 40.713065000299999 ] } },
{ "type": "Feature", "properties": { "objectid": 10135, "name": null, "boroname": "Manhattan", "type": "Free", "provider": "Harlem", "location_t": "Outdoor" }, "geometry": { "type": "Point", "coordinates": [ -73.956093999700002, 40.80349 ] } },
{ "type": "Feature", "properties": { "objectid": 11305, "name": null, "boroname": "Manhattan", "type": "Free", "provider": "Harlem", "location_t": "Outdoor" }, "geometry": { "type": "Point", "coordinates": [ -73.953053999700003, 40.805302000200001 ] } },
{ "type": "Feature", "properties": { "objectid": 10726, "name": "mn-05-123642", "boroname": "Manhattan", "type": "Free", "provider": "LinkNYC - Citybridge", "location_t": "Outdoor Kiosk" }, "geometry": { "type": "Point", "coordinates": [ -73.991375000299996, 40.744668 ] } },
{ "type": "Feature", "properties": { "objectid": 12609, "name": "mn-09-136852", "boroname": "Manhattan", "type": "Free", "provider": "LinkNYC - Citybridge", "location_t": "Outdoor Kiosk" }, "geometry": { "type": "Point", "coordinates": [ -73.948045999499996, 40.829424 ] } },
{ "type": "Feature", "properties": { "objectid": 12168, "name": "mn-07-134372", "boroname": "Manhattan", "type": "Free", "provider": "LinkNYC - Citybridge", "location_t": "Outdoor Kiosk" }, "geometry": { "type": "Point", "coordinates": [ -73.968295199799996, 40.800093040100002 ] } },
{ "type": "Feature", "properties": { "objectid": 11023, "name": "qu-03-136305", "boroname": "Queens", "type": "Free", "provider": "LinkNYC - Citybridge", "location_t": "Outdoor Kiosk" }, "geometry": { "type": "Point", "coordinates": [ -73.875774749599998, 40.748550950199999 ] } },
{ "type": "Feature", "properties": { "objectid": 9750, "name": "0", "boroname": "Brooklyn", "type": "Free", "provider": "NYCHA", "location_t": "Outdoor" }, "geometry": { "type": "Point", "coordinates": [ -73.977246000099996, 40.693679999799997 ] } },
{ "type": "Feature", "properties": { "objectid": 12595, "name": null, "boroname": "Brooklyn", "type": "Free", "provider": "Downtown Brooklyn", "location_t": "Outdoor" }, "geometry": { "type": "Point", "coordinates": [ -73.992083000500003, 40.689966999600003 ] } },
{ "type": "Feature", "properties": { "objectid": 12534, "name": "mn-06-133433", "boroname": "Manhattan", "type": "Free", "provider": "LinkNYC - Citybridge", "location_t": "Outdoor Kiosk" }, "geometry": { "type": "Point", "coordinates": [ -73.96707578, 40.761095159900002 ] } },
{ "type": "Feature", "properties": { "objectid": 10454, "name": "Greenbelt Recreation Center", "boroname": "Staten Island", "type": "Limited Free", "provider": "SPECTRUM", "location_t": "Outdoor TWC Aerial" }, "geometry": { "type": "Point", "coordinates": [ -74.1390869998, 40.592049999899999 ] } },
{ "type": "Feature", "properties": { "objectid": 11511, "name": "Linden Park", "boroname": "Brooklyn", "type": "Limited Free", "provider": "ALTICEUSA", "location_t": "Outdoor" }, "geometry": { "type": "Point", "coordinates": [ -73.887770000200007, 40.658661999899998 ] } },
{ "type": "Feature", "properties": { "objectid": 12390, "name": "Van Siclen Av (C)", "boroname": "Brooklyn", "type": "Free", "provider": "Transit Wireless", "location_t": "Subway Station" }, "geometry": { "type": "Point", "coordinates": [ -73.890358000199996, 40.67271 ] } },
{ "type": "Feature", "properties": { "objectid": 10121, "name": "36", "boroname": "Manhattan", "type": "Free", "provider": "Manhattan Down Alliance", "location_t": "Outdoor" }, "geometry": { "type": "Point", "coordinates": [ -74.011802700100006, 40.708000199799997 ] } },
{ "type": "Feature", "properties": { "objectid": 12465, "name": "mn-07-120266", "boroname": "Manhattan", "type": "Free", "provider": "LinkNYC - Citybridge", "location_t": "Outdoor Kiosk" }, "geometry": { "type": "Point", "coordinates": [ -73.968149000099999, 40.802454999699997 ] } },
{ "type": "Feature", "properties": { "objectid": 12223, "name": "mn-06-134118", "boroname": "Manhattan", "type": "Free", "provider": "LinkNYC - Citybridge", "location_t": "Outdoor Kiosk" }, "geometry": { "type": "Point", "coordinates": [ -73.969129719600005, 40.758275049600002 ] } },
{ "type": "Feature", "properties": { "objectid": 12320, "name": "qu-01-136650", "boroname": "Queens", "type": "Free", "provider": "LinkNYC - Citybridge", "location_t": "Outdoor Kiosk" }, "geometry": { "type": "Point", "coordinates": [ -73.929991999400002, 40.75191 ] } },
{ "type": "Feature", "properties": { "objectid": 11282, "name": "mn-08-121759", "boroname": "Manhattan", "type": "Free", "provider": "LinkNYC - Citybridge", "location_t": "Outdoor Kiosk" }, "geometry": { "type": "Point", "coordinates": [ -73.962235469899994, 40.7636906 ] } },
{ "type": "Feature", "properties": { "objectid": 11975, "name": "mn-09-146058", "boroname": "Manhattan", "type": "Free", "provider": "LinkNYC - Citybridge", "location_t": "Outdoor Kiosk" }, "geometry": { "type": "Point", "coordinates": [ -73.956373820500005, 40.818022859800003 ] } },
{ "type": "Feature", "properties": { "objectid": 9625, "name": "bx-07-117868", "boroname": "Bronx", "type": "Free", "provider": "LinkNYC - Citybridge", "location_t": "Outdoor Kiosk" }, "geometry": { "type": "Point", "coordinates": [ -73.901964719899993, 40.861762180200003 ] } },
{ "type": "Feature", "properties": { "objectid": 11355, "name": "21ST - L. I.CITY - QUEENSBRIDGE", "boroname": "Queens", "type": "Free", "provider": "Transit Wireless", "location_t": "Subway Station" }, "geometry": { "type": "Point", "coordinates": [ -73.942836000499994, 40.754202999699999 ] } },
{ "type": "Feature", "properties": { "objectid": 10938, "name": null, "boroname": "Manhattan", "type": "Free", "provider": "Harlem", "location_t": "Outdoor" }, "geometry": { "type": "Point", "coordinates": [ -73.938453, 40.811575000300003 ] } },
{ "type": "Feature", "properties": { "objectid": 9761, "name": "mn-06-136697", "boroname": "Manhattan", "type": "Free", "provider": "LinkNYC - Citybridge", "location_t": "Outdoor Kiosk" }, "geometry": { "type": "Point", "coordinates": [ -73.973276069700006, 40.7550883997 ] } },
{ "type": "Feature", "properties": { "objectid": 9863, "name": null, "boroname": "Brooklyn", "type": "Free", "provider": "Downtown Brooklyn", "location_t": "Outdoor" }, "geometry": { "type": "Point", "coordinates": [ -73.982488000199993, 40.691890000199997 ] } },
{ "type": "Feature", "properties": { "objectid": 11250, "name": "bx-01-111740", "boroname": "Bronx", "type": "Free", "provider": "LinkNYC - Citybridge", "location_t": "Outdoor Kiosk" }, "geometry": { "type": "Point", "coordinates": [ -73.916449850199996, 40.818768679800002 ] } },
{ "type": "Feature", "properties": { "objectid": 12580, "name": "mn-04-122068", "boroname": "Manhattan", "type": "Free", "provider": "LinkNYC - Citybridge", "location_t": "Outdoor Kiosk" }, "geometry": { "type": "Point", "coordinates": [ -73.992718400300006, 40.753424749899999 ] } },
{ "type": "Feature", "properties": { "objectid": 11181, "name": "qu-06-124230", "boroname": "Queens", "type": "Free", "provider": "LinkNYC - Citybridge", "location_t": "Outdoor Kiosk" }, "geometry": { "type": "Point", "coordinates": [ -73.844786999899995, 40.720016999599999 ] } },
{ "type": "Feature", "properties": { "objectid": 11774, "name": "mn-07-107744", "boroname": "Manhattan", "type": "Free", "provider": "LinkNYC - Citybridge", "location_t": "Outdoor Kiosk" }, "geometry": { "type": "Point", "coordinates": [ -73.9631832, 40.799472459900002 ] } },
{ "type": "Feature", "properties": { "objectid": 12666, "name": "mn-02-123540", "boroname": "Manhattan", "type": "Free", "provider": "LinkNYC - Citybridge", "location_t": "Outdoor Kiosk" }, "geometry": { "type": "Point", "coordinates": [ -74.002735309599998, 40.73967748 ] } },
{ "type": "Feature", "properties": { "objectid": 10174, "name": "bk-02-145877", "boroname": "Brooklyn", "type": "Free", "provider": "LinkNYC - Citybridge", "location_t": "Outdoor Kiosk" }, "geometry": { "type": "Point", "coordinates": [ -73.993785085200003, 40.686571347200001 ] } },
{ "type": "Feature", "properties": { "objectid": 11691, "name": "Coney Island Beach & Boardwalk", "boroname": "Brooklyn", "type": "Limited Free", "provider": "ALTICEUSA", "location_t": "Outdoor" }, "geometry": { "type": "Point", "coordinates": [ -73.9773659998, 40.5735509999 ] } },
{ "type": "Feature", "properties": { "objectid": 12699, "name": "mn-06-133365", "boroname": "Manhattan", "type": "Free", "provider": "LinkNYC - Citybridge", "location_t": "Outdoor Kiosk" }, "geometry": { "type": "Point", "coordinates": [ -73.968670549899997, 40.7606309803 ] } },
{ "type": "Feature", "properties": { "objectid": 10675, "name": "mn-07-133623", "boroname": "Manhattan", "type": "Free", "provider": "LinkNYC - Citybridge", "location_t": "Outdoor Kiosk" }, "geometry": { "type": "Point", "coordinates": [ -73.979752179499997, 40.783648750399998 ] } },
{ "type": "Feature", "properties": { "objectid": 10107, "name": "22", "boroname": "Manhattan", "type": "Free", "provider": "Manhattan Down Alliance", "location_t": "Outdoor" }, "geometry": { "type": "Point", "coordinates": [ -74.012496900499997, 40.701900500100002 ] } },
{ "type": "Feature", "properties": { "objectid": 12250, "name": "mn-06-134561", "boroname": "Manhattan", "type": "Free", "provider": "LinkNYC - Citybridge", "location_t": "Outdoor Kiosk" }, "geometry": { "type": "Point", "coordinates": [ -73.980241729499994, 40.743035199799998 ] } },
{ "type": "Feature", "properties": { "objectid": 10801, "name": "East Broadway (F)", "boroname": "Manhattan", "type": "Free", "provider": "Transit Wireless", "location_t": "Subway Station" }, "geometry": { "type": "Point", "coordinates": [ -73.990173000499993, 40.713715000100002 ] } },
{ "type": "Feature", "properties": { "objectid": 12454, "name": "mn-07-134106", "boroname": "Manhattan", "type": "Free", "provider": "LinkNYC - Citybridge", "location_t": "Outdoor Kiosk" }, "geometry": { "type": "Point", "coordinates": [ -73.969093, 40.798650000400002 ] } },
{ "type": "Feature", "properties": { "objectid": 9646, "name": "bk-01-146085", "boroname": "Brooklyn", "type": "Free", "provider": "LinkNYC - Citybridge", "location_t": "Outdoor Kiosk" }, "geometry": { "type": "Point", "coordinates": [ -73.966524969899993, 40.714707340300002 ] } },
{ "type": "Feature", "properties": { "objectid": 12116, "name": "mn-05-133508", "boroname": "Manhattan", "type": "Free", "provider": "LinkNYC - Citybridge", "location_t": "Outdoor Kiosk" }, "geometry": { "type": "Point", "coordinates": [ -73.984277390299994, 40.760882769699997 ] } },
{ "type": "Feature", "properties": { "objectid": 12935, "name": "mn-05-122166", "boroname": "Manhattan", "type": "Free", "provider": "LinkNYC - Citybridge", "location_t": "Outdoor Kiosk" }, "geometry": { "type": "Point", "coordinates": [ -73.986581000200005, 40.754144000399997 ] } },
{ "type": "Feature", "properties": { "objectid": 12191, "name": "mn-06-138795", "boroname": "Manhattan", "type": "Free", "provider": "LinkNYC - Citybridge", "location_t": "Outdoor Kiosk" }, "geometry": { "type": "Point", "coordinates": [ -73.9803960295, 40.738383759900003 ] } },
{ "type": "Feature", "properties": { "objectid": 11257, "name": "bk-01-108949", "boroname": "Brooklyn", "type": "Free", "provider": "LinkNYC - Citybridge", "location_t": "Outdoor Kiosk" }, "geometry": { "type": "Point", "coordinates": [ -73.942908, 40.701418999600001 ] } },
{ "type": "Feature", "properties": { "objectid": 11006, "name": "Chelsea Recreation Center", "boroname": "Manhattan", "type": "Limited Free", "provider": "SPECTRUM", "location_t": "Indoor" }, "geometry": { "type": "Point", "coordinates": [ -74.002067999700003, 40.748270000399998 ] } },
{ "type": "Feature", "properties": { "objectid": 10741, "name": "Crotona Park", "boroname": "Bronx", "type": "Limited Free", "provider": "ALTICEUSA", "location_t": "Outdoor" }, "geometry": { "type": "Point", "coordinates": [ -73.894399, 40.841693 ] } },
{ "type": "Feature", "properties": { "objectid": 11943, "name": "bk-03-145815", "boroname": "Brooklyn", "type": "Free", "provider": "LinkNYC - Citybridge", "location_t": "Outdoor Kiosk" }, "geometry": { "type": "Point", "coordinates": [ -73.946154929599999, 40.680272659800004 ] } },
{ "type": "Feature", "properties": { "objectid": 11052, "name": "mn-10-119886", "boroname": "Manhattan", "type": "Free", "provider": "LinkNYC - Citybridge", "location_t": "Outdoor Kiosk" }, "geometry": { "type": "Point", "coordinates": [ -73.943284980100003, 40.820796110400003 ] } },
{ "type": "Feature", "properties": { "objectid": 9930, "name": "Tompkins Square", "boroname": "Manhattan", "type": "Free", "provider": "NYPL", "location_t": "Library" }, "geometry": { "type": "Point", "coordinates": [ -73.9804076673, 40.727307312500002 ] } },
{ "type": "Feature", "properties": { "objectid": 12648, "name": "mn-01-137333", "boroname": "Manhattan", "type": "Free", "provider": "LinkNYC - Citybridge", "location_t": "Outdoor Kiosk" }, "geometry": { "type": "Point", "coordinates": [ -74.001739289900001, 40.717241040099999 ] } },
{ "type": "Feature", "properties": { "objectid": 11008, "name": "City Hall Park", "boroname": "Manhattan", "type": "Limited Free", "provider": "SPECTRUM", "location_t": "Outdoor" }, "geometry": { "type": "Point", "coordinates": [ -74.0069610006, 40.712306999699997 ] } },
{ "type": "Feature", "properties": { "objectid": 11573, "name": "Roy Wilkins Recreation Center", "boroname": "Queens", "type": "Limited Free", "provider": "SPECTRUM", "location_t": "Indoor" }, "geometry": { "type": "Point", "coordinates": [ -73.769558999599994, 40.687191 ] } },
{ "type": "Feature", "properties": { "objectid": 9831, "name": "bx-01-146066", "boroname": "Bronx", "type": "Free", "provider": "LinkNYC - Citybridge", "location_t": "Outdoor Kiosk" }, "geometry": { "type": "Point", "coordinates": [ -73.917078132599997, 40.817379827800004 ] } },
{ "type": "Feature", "properties": { "objectid": 10206, "name": "0", "boroname": "Brooklyn", "type": "Free", "provider": "NYCHA", "location_t": "Outdoor" }, "geometry": { "type": "Point", "coordinates": [ -73.981648200500004, 40.695544 ] } },
{ "type": "Feature", "properties": { "objectid": 10352, "name": "Governors Island", "boroname": "Manhattan", "type": "Free", "provider": "Fiberless", "location_t": "Outdoor" }, "geometry": { "type": "Point", "coordinates": [ -74.014749999700001, 40.692310000299997 ] } },
{ "type": "Feature", "properties": { "objectid": 11748, "name": "qu-01-145452", "boroname": "Queens", "type": "Free", "provider": "LinkNYC - Citybridge", "location_t": "Outdoor Kiosk" }, "geometry": { "type": "Point", "coordinates": [ -73.918494120399998, 40.758817649800001 ] } },
{ "type": "Feature", "properties": { "objectid": 11421, "name": "59th Street - Columbus Circle - A, B, C, D", "boroname": "Manhattan", "type": "Free", "provider": "Transit Wireless", "location_t": "Subway Station" }, "geometry": { "type": "Point", "coordinates": [ -73.981736000300003, 40.768295999899998 ] } },
{ "type": "Feature", "properties": { "objectid": 10098, "name": "13", "boroname": "Manhattan", "type": "Free", "provider": "Manhattan Down Alliance", "location_t": "Outdoor" }, "geometry": { "type": "Point", "coordinates": [ -74.0076981, 40.704101599799998 ] } },
{ "type": "Feature", "properties": { "objectid": 12832, "name": "mn-08-120988", "boroname": "Manhattan", "type": "Free", "provider": "LinkNYC - Citybridge", "location_t": "Outdoor Kiosk" }, "geometry": { "type": "Point", "coordinates": [ -73.962289819600002, 40.767234059700002 ] } },
{ "type": "Feature", "properties": { "objectid": 11074, "name": "bk-08-127039", "boroname": "Brooklyn", "type": "Free", "provider": "LinkNYC - Citybridge", "location_t": "Outdoor Kiosk" }, "geometry": { "type": "Point", "coordinates": [ -73.950078000299996, 40.673526999899998 ] } },
{ "type": "Feature", "properties": { "objectid": 11539, "name": "London Planetree Playground", "boroname": "Queens", "type": "Limited Free", "provider": "SPECTRUM", "location_t": "Outdoor TWC Aerial" }, "geometry": { "type": "Point", "coordinates": [ -73.853853999500004, 40.686245000200003 ] } },
{ "type": "Feature", "properties": { "objectid": 11379, "name": "SUTPHIN BLVD - ARCHER - JFK AIRPORT", "boroname": "Queens", "type": "Free", "provider": "Transit Wireless", "location_t": "Subway Station" }, "geometry": { "type": "Point", "coordinates": [ -73.807969000200004, 40.700486000300003 ] } },
{ "type": "Feature", "properties": { "objectid": 11875, "name": "mn-12-120664", "boroname": "Manhattan", "type": "Free", "provider": "LinkNYC - Citybridge", "location_t": "Outdoor Kiosk" }, "geometry": { "type": "Point", "coordinates": [ -73.930817599799994, 40.853121810300003 ] } },
{ "type": "Feature", "properties": { "objectid": 11630, "name": "West Harlem Piers", "boroname": "Manhattan", "type": "Limited Free", "provider": "SPECTRUM", "location_t": "Outdoor" }, "geometry": { "type": "Point", "coordinates": [ -73.959690000500004, 40.818499000400003 ] } },
{ "type": "Feature", "properties": { "objectid": 11646, "name": "Phil \"Scooter\" Rizzuto Park", "boroname": "Queens", "type": "Limited Free", "provider": "SPECTRUM", "location_t": "Outdoor TWC Aerial" }, "geometry": { "type": "Point", "coordinates": [ -73.820592999400006, 40.694624000200001 ] } },
{ "type": "Feature", "properties": { "objectid": 10041, "name": "Woodside", "boroname": "Queens", "type": "Free", "provider": "QPL", "location_t": "Library" }, "geometry": { "type": "Point", "coordinates": [ -73.909793738700003, 40.745341713 ] } },
{ "type": "Feature", "properties": { "objectid": 10149, "name": null, "boroname": "Manhattan", "type": "Free", "provider": "Harlem", "location_t": "Outdoor" }, "geometry": { "type": "Point", "coordinates": [ -73.953661000500006, 40.805392999799999 ] } },
{ "type": "Feature", "properties": { "objectid": 12899, "name": "mn-09-120573", "boroname": "Manhattan", "type": "Free", "provider": "LinkNYC - Citybridge", "location_t": "Outdoor Kiosk" }, "geometry": { "type": "Point", "coordinates": [ -73.946043000399996, 40.827195000300001 ] } },
{ "type": "Feature", "properties": { "objectid": 11285, "name": "mn-08-120842", "boroname": "Manhattan", "type": "Free", "provider": "LinkNYC - Citybridge", "location_t": "Outdoor Kiosk" }, "geometry": { "type": "Point", "coordinates": [ -73.9553617495, 40.768373930400003 ] } },
{ "type": "Feature", "properties": { "objectid": 11955, "name": "qu-04-145774", "boroname": "Queens", "type": "Free", "provider": "LinkNYC - Citybridge", "location_t": "Outdoor Kiosk" }, "geometry": { "type": "Point", "coordinates": [ -73.872709489800002, 40.733889020100001 ] } },
{ "type": "Feature", "properties": { "objectid": 9623, "name": "mn-01-122911", "boroname": "Manhattan", "type": "Free", "provider": "LinkNYC - Citybridge", "location_t": "Outdoor Kiosk" }, "geometry": { "type": "Point", "coordinates": [ -74.006222490100001, 40.71693937 ] } },
{ "type": "Feature", "properties": { "objectid": 11352, "name": "Times Square - N, Q, R", "boroname": "Manhattan", "type": "Free", "provider": "Transit Wireless", "location_t": "Subway Station" }, "geometry": { "type": "Point", "coordinates": [ -73.986753999599998, 40.754672000299998 ] } },
{ "type": "Feature", "properties": { "objectid": 12339, "name": "mn-07-107919", "boroname": "Manhattan", "type": "Free", "provider": "LinkNYC - Citybridge", "location_t": "Outdoor Kiosk" }, "geometry": { "type": "Point", "coordinates": [ -73.97304342, 40.793425809600002 ] } },
{ "type": "Feature", "properties": { "objectid": 12163, "name": "mn-05-133695", "boroname": "Manhattan", "type": "Free", "provider": "LinkNYC - Citybridge", "location_t": "Outdoor Kiosk" }, "geometry": { "type": "Point", "coordinates": [ -73.9875489402, 40.744174680100002 ] } },
{ "type": "Feature", "properties": { "objectid": 11838, "name": "qu-03-146069", "boroname": "Queens", "type": "Free", "provider": "LinkNYC - Citybridge", "location_t": "Outdoor Kiosk" }, "geometry": { "type": "Point", "coordinates": [ -73.885831896400006, 40.749532494199997 ] } },
{ "type": "Feature", "properties": { "objectid": 11704, "name": "Coney Island Beach & Boardwalk", "boroname": "Brooklyn", "type": "Limited Free", "provider": "ALTICEUSA", "location_t": "Outdoor" }, "geometry": { "type": "Point", "coordinates": [ -73.985617999799999, 40.572674999599997 ] } },
{ "type": "Feature", "properties": { "objectid": 11478, "name": "mn-02-123117", "boroname": "Manhattan", "type": "Free", "provider": "LinkNYC - Citybridge", "location_t": "Outdoor Kiosk" }, "geometry": { "type": "Point", "coordinates": [ -74.002385349500003, 40.729557700400001 ] } },
{ "type": "Feature", "properties": { "objectid": 9990, "name": "Cambria Heights", "boroname": "Queens", "type": "Free", "provider": "QPL", "location_t": "Library" }, "geometry": { "type": "Point", "coordinates": [ -73.739642569099999, 40.694777291599998 ] } },
{ "type": "Feature", "properties": { "objectid": 12127, "name": "mn-04-111683", "boroname": "Manhattan", "type": "Free", "provider": "LinkNYC - Citybridge", "location_t": "Outdoor Kiosk" }, "geometry": { "type": "Point", "coordinates": [ -73.996840660499998, 40.737560510400002 ] } },
{ "type": "Feature", "properties": { "objectid": 11972, "name": "mn-09-145960", "boroname": "Manhattan", "type": "Free", "provider": "LinkNYC - Citybridge", "location_t": "Outdoor Kiosk" }, "geometry": { "type": "Point", "coordinates": [ -73.944704267199995, 40.829389485199997 ] } },
{ "type": "Feature", "properties": { "objectid": 12606, "name": "3 Av-149 St (2,5)", "boroname": "Bronx", "type": "Free", "provider": "Transit Wireless", "location_t": "Subway Station" }, "geometry": { "type": "Point", "coordinates": [ -73.917757000199998, 40.816109000200001 ] } },
{ "type": "Feature", "properties": { "objectid": 11919, "name": "bk-02-145811", "boroname": "Brooklyn", "type": "Free", "provider": "LinkNYC - Citybridge", "location_t": "Outdoor Kiosk" }, "geometry": { "type": "Point", "coordinates": [ -73.981872150499996, 40.688038759900003 ] } },
{ "type": "Feature", "properties": { "objectid": 11179, "name": "qu-03-125359", "boroname": "Queens", "type": "Free", "provider": "LinkNYC - Citybridge", "location_t": "Outdoor Kiosk" }, "geometry": { "type": "Point", "coordinates": [ -73.884154529900002, 40.749829320300002 ] } },
{ "type": "Feature", "properties": { "objectid": 12391, "name": "Shepherd Av (C)", "boroname": "Brooklyn", "type": "Free", "provider": "Transit Wireless", "location_t": "Subway Station" }, "geometry": { "type": "Point", "coordinates": [ -73.880749999800003, 40.6741299997 ] } },
{ "type": "Feature", "properties": { "objectid": 9943, "name": "Stapleton", "boroname": "Staten Island", "type": "Free", "provider": "NYPL", "location_t": "Library" }, "geometry": { "type": "Point", "coordinates": [ -74.0778460903, 40.626237609900002 ] } },
{ "type": "Feature", "properties": { "objectid": 11322, "name": "Riverdale", "boroname": "Bronx", "type": "Free", "provider": "NYPL", "location_t": "Library" }, "geometry": { "type": "Point", "coordinates": [ -73.902772542799994, 40.9037227771 ] } },
{ "type": "Feature", "properties": { "objectid": 10319, "name": "bk-05-145943", "boroname": "Brooklyn", "type": "Free", "provider": "LinkNYC - Citybridge", "location_t": "Outdoor Kiosk" }, "geometry": { "type": "Point", "coordinates": [ -73.872078999899998, 40.683505999600001 ] } },
{ "type": "Feature", "properties": { "objectid": 12270, "name": "mn-06-121362", "boroname": "Manhattan", "type": "Free", "provider": "LinkNYC - Citybridge", "location_t": "Outdoor Kiosk" }, "geometry": { "type": "Point", "coordinates": [ -73.97446736, 40.7509597301 ] } },
{ "type": "Feature", "properties": { "objectid": 11598, "name": "Snug Harbor Cultural Center", "boroname": "Staten Island", "type": "Limited Free", "provider": "SPECTRUM", "location_t": "Outdoor" }, "geometry": { "type": "Point", "coordinates": [ -74.102002000100001, 40.641797000399997 ] } },
{ "type": "Feature", "properties": { "objectid": 9900, "name": null, "boroname": "Brooklyn", "type": "Free", "provider": "Downtown Brooklyn", "location_t": "Outdoor" }, "geometry": { "type": "Point", "coordinates": [ -73.991897000099996, 40.690021999899997 ] } },
{ "type": "Feature", "properties": { "objectid": 11689, "name": "Coney Island Beach & Boardwalk", "boroname": "Brooklyn", "type": "Limited Free", "provider": "ALTICEUSA", "location_t": "Outdoor" }, "geometry": { "type": "Point", "coordinates": [ -73.977562999499995, 40.573526999899997 ] } },
{ "type": "Feature", "properties": { "objectid": 11009, "name": "City Hall Park", "boroname": "Manhattan", "type": "Limited Free", "provider": "SPECTRUM", "location_t": "Outdoor" }, "geometry": { "type": "Point", "coordinates": [ -74.0099030003, 40.709350000100002 ] } },
{ "type": "Feature", "properties": { "objectid": 10481, "name": "Williamsbridge Oval", "boroname": "Bronx", "type": "Limited Free", "provider": "ALTICEUSA", "location_t": "Indoor" }, "geometry": { "type": "Point", "coordinates": [ -73.878873999800007, 40.876855 ] } },
{ "type": "Feature", "properties": { "objectid": 12190, "name": "mn-05-136386", "boroname": "Manhattan", "type": "Free", "provider": "LinkNYC - Citybridge", "location_t": "Outdoor Kiosk" }, "geometry": { "type": "Point", "coordinates": [ -73.99282602, 40.737279879799999 ] } },
{ "type": "Feature", "properties": { "objectid": 11902, "name": "bk-01-126657", "boroname": "Brooklyn", "type": "Free", "provider": "LinkNYC - Citybridge", "location_t": "Outdoor Kiosk" }, "geometry": { "type": "Point", "coordinates": [ -73.9422870004, 40.702246999800003 ] } },
{ "type": "Feature", "properties": { "objectid": 11069, "name": "mn-10-137181", "boroname": "Manhattan", "type": "Free", "provider": "LinkNYC - Citybridge", "location_t": "Outdoor Kiosk" }, "geometry": { "type": "Point", "coordinates": [ -73.950657999699999, 40.810690000199997 ] } },
{ "type": "Feature", "properties": { "objectid": 12537, "name": "mn-06-121490", "boroname": "Manhattan", "type": "Free", "provider": "LinkNYC - Citybridge", "location_t": "Outdoor Kiosk" }, "geometry": { "type": "Point", "coordinates": [ -73.982885999800004, 40.738827000299999 ] } },
{ "type": "Feature", "properties": { "objectid": 11576, "name": "Roy Wilkins Recreation Center", "boroname": "Queens", "type": "Limited Free", "provider": "SPECTRUM", "location_t": "Indoor" }, "geometry": { "type": "Point", "coordinates": [ -73.769558999599994, 40.687191 ] } },
{ "type": "Feature", "properties": { "objectid": 9887, "name": null, "boroname": "Brooklyn", "type": "Free", "provider": "Downtown Brooklyn", "location_t": "Outdoor" }, "geometry": { "type": "Point", "coordinates": [ -73.988669000300007, 40.692173999600001 ] } },
{ "type": "Feature", "properties": { "objectid": 11400, "name": "14th Street - 6th Avenue - F, M, L", "boroname": "Manhattan", "type": "Free", "provider": "Transit Wireless", "location_t": "Subway Station" }, "geometry": { "type": "Point", "coordinates": [ -73.9962090004, 40.738227999700001 ] } },
{ "type": "Feature", "properties": { "objectid": 11843, "name": "qu-01-136586", "boroname": "Queens", "type": "Free", "provider": "LinkNYC - Citybridge", "location_t": "Outdoor Kiosk" }, "geometry": { "type": "Point", "coordinates": [ -73.920719534400007, 40.753121769 ] } },
{ "type": "Feature", "properties": { "objectid": 12482, "name": "mn-09-120262", "boroname": "Manhattan", "type": "Free", "provider": "LinkNYC - Citybridge", "location_t": "Outdoor Kiosk" }, "geometry": { "type": "Point", "coordinates": [ -73.964210340500003, 40.808041240100003 ] } },
{ "type": "Feature", "properties": { "objectid": 11128, "name": "bk-09-145833", "boroname": "Brooklyn", "type": "Free", "provider": "LinkNYC - Citybridge", "location_t": "Outdoor Kiosk" }, "geometry": { "type": "Point", "coordinates": [ -73.950502299799993, 40.669167419700003 ] } },
{ "type": "Feature", "properties": { "objectid": 12382, "name": "Clinton-Washington Avs (C)", "boroname": "Brooklyn", "type": "Free", "provider": "Transit Wireless", "location_t": "Subway Station" }, "geometry": { "type": "Point", "coordinates": [ -73.965837999800002, 40.683263 ] } },
{ "type": "Feature", "properties": { "objectid": 12578, "name": "mn-05-122305", "boroname": "Manhattan", "type": "Free", "provider": "LinkNYC - Citybridge", "location_t": "Outdoor Kiosk" }, "geometry": { "type": "Point", "coordinates": [ -73.992761999699994, 40.752949000299999 ] } },
{ "type": "Feature", "properties": { "objectid": 10901, "name": "mn-12-111868", "boroname": "Manhattan", "type": "Free", "provider": "LinkNYC - Citybridge", "location_t": "Outdoor Kiosk" }, "geometry": { "type": "Point", "coordinates": [ -73.928996700499994, 40.855615370099997 ] } },
{ "type": "Feature", "properties": { "objectid": 11784, "name": "mn-03-108162", "boroname": "Manhattan", "type": "Free", "provider": "LinkNYC - Citybridge", "location_t": "Outdoor Kiosk" }, "geometry": { "type": "Point", "coordinates": [ -73.9990794096, 40.71716821 ] } },
{ "type": "Feature", "properties": { "objectid": 11149, "name": "qu-04-145900", "boroname": "Queens", "type": "Free", "provider": "LinkNYC - Citybridge", "location_t": "Outdoor Kiosk" }, "geometry": { "type": "Point", "coordinates": [ -73.8894507503, 40.745760919799999 ] } },
{ "type": "Feature", "properties": { "objectid": 12679, "name": "mn-05-122619", "boroname": "Manhattan", "type": "Free", "provider": "LinkNYC - Citybridge", "location_t": "Outdoor Kiosk" }, "geometry": { "type": "Point", "coordinates": [ -73.984099439600001, 40.764823180100002 ] } },
{ "type": "Feature", "properties": { "objectid": 10160, "name": null, "boroname": "Manhattan", "type": "Free", "provider": "Harlem", "location_t": "Outdoor" }, "geometry": { "type": "Point", "coordinates": [ -73.942356000499998, 40.803087 ] } },
{ "type": "Feature", "properties": { "objectid": 11268, "name": "mn-04-143655", "boroname": "Manhattan", "type": "Free", "provider": "LinkNYC - Citybridge", "location_t": "Outdoor Kiosk" }, "geometry": { "type": "Point", "coordinates": [ -74.005145900100004, 40.751233919599997 ] } },
{ "type": "Feature", "properties": { "objectid": 10332, "name": "bk-16-145930", "boroname": "Brooklyn", "type": "Free", "provider": "LinkNYC - Citybridge", "location_t": "Outdoor Kiosk" }, "geometry": { "type": "Point", "coordinates": [ -73.905901310600001, 40.67784547 ] } },
{ "type": "Feature", "properties": { "objectid": 10851, "name": "Rector St (1)", "boroname": "Manhattan", "type": "Free", "provider": "Transit Wireless", "location_t": "Subway Station" }, "geometry": { "type": "Point", "coordinates": [ -74.013783, 40.707513000399999 ] } },
{ "type": "Feature", "properties": { "objectid": 10167, "name": "72 St (Q)", "boroname": "Manhattan", "type": "Free", "provider": "Transit Wireless", "location_t": "Subway Station" }, "geometry": { "type": "Point", "coordinates": [ -73.958385999699999, 40.768775000399998 ] } },
{ "type": "Feature", "properties": { "objectid": 12855, "name": "mn-08-121017", "boroname": "Manhattan", "type": "Free", "provider": "LinkNYC - Citybridge", "location_t": "Outdoor Kiosk" }, "geometry": { "type": "Point", "coordinates": [ -73.954540999700001, 40.778271999700003 ] } },
{ "type": "Feature", "properties": { "objectid": 11147, "name": "qu-04-145897", "boroname": "Queens", "type": "Free", "provider": "LinkNYC - Citybridge", "location_t": "Outdoor Kiosk" }, "geometry": { "type": "Point", "coordinates": [ -73.882923299500007, 40.743023759899998 ] } },
{ "type": "Feature", "properties": { "objectid": 10024, "name": "Yorkville", "boroname": "Manhattan", "type": "Free", "provider": "NYPL", "location_t": "Library" }, "geometry": { "type": "Point", "coordinates": [ -73.9564040689, 40.773605820599997 ] } },
{ "type": "Feature", "properties": { "objectid": 10393, "name": null, "boroname": "Manhattan", "type": "Free", "provider": "Chelsea", "location_t": "Outdoor" }, "geometry": { "type": "Point", "coordinates": [ -74.001803398, 40.741046784399998 ] } },
{ "type": "Feature", "properties": { "objectid": 10181, "name": "0", "boroname": "Brooklyn", "type": "Free", "provider": "City Tech", "location_t": "Outdoor" }, "geometry": { "type": "Point", "coordinates": [ -73.988482100300004, 40.695110100400001 ] } },
{ "type": "Feature", "properties": { "objectid": 12941, "name": "mn-06-121418", "boroname": "Manhattan", "type": "Free", "provider": "LinkNYC - Citybridge", "location_t": "Outdoor Kiosk" }, "geometry": { "type": "Point", "coordinates": [ -73.972750570399995, 40.749291820300002 ] } },
{ "type": "Feature", "properties": { "objectid": 10583, "name": "Steeplechase Park", "boroname": "Brooklyn", "type": "Limited Free", "provider": "ALTICEUSA", "location_t": "Outdoor" }, "geometry": { "type": "Point", "coordinates": [ -73.984733999499994, 40.576110999599997 ] } },
{ "type": "Feature", "properties": { "objectid": 10952, "name": null, "boroname": "Manhattan", "type": "Free", "provider": "Harlem", "location_t": "Outdoor" }, "geometry": { "type": "Point", "coordinates": [ -73.942247999800003, 40.812491000400001 ] } },
{ "type": "Feature", "properties": { "objectid": 10274, "name": "qu-01-145947", "boroname": "Queens", "type": "Free", "provider": "LinkNYC - Citybridge", "location_t": "Outdoor Kiosk" }, "geometry": { "type": "Point", "coordinates": [ -73.918360409800002, 40.765401649799998 ] } },
{ "type": "Feature", "properties": { "objectid": 12126, "name": "mn-05-134468", "boroname": "Manhattan", "type": "Free", "provider": "LinkNYC - Citybridge", "location_t": "Outdoor Kiosk" }, "geometry": { "type": "Point", "coordinates": [ -73.993424380099995, 40.7361105198 ] } },
{ "type": "Feature", "properties": { "objectid": 9673, "name": "Wingate Park", "boroname": "Brooklyn", "type": "Limited Free", "provider": "ALTICEUSA", "location_t": "Outdoor" }, "geometry": { "type": "Point", "coordinates": [ -73.947230000399998, 40.658000000299999 ] } },
{ "type": "Feature", "properties": { "objectid": 11657, "name": "Bensonhurst Park", "boroname": "Brooklyn", "type": "Limited Free", "provider": "ALTICEUSA", "location_t": "Outdoor" }, "geometry": { "type": "Point", "coordinates": [ -74.000270000499995, 40.5976999998 ] } },
{ "type": "Feature", "properties": { "objectid": 12242, "name": "mn-06-121539", "boroname": "Manhattan", "type": "Free", "provider": "LinkNYC - Citybridge", "location_t": "Outdoor Kiosk" }, "geometry": { "type": "Point", "coordinates": [ -73.981728999599994, 40.740572999900003 ] } },
{ "type": "Feature", "properties": { "objectid": 11317, "name": "Crotona Park", "boroname": "Bronx", "type": "Limited Free", "provider": "ALTICEUSA", "location_t": "Outdoor" }, "geometry": { "type": "Point", "coordinates": [ -73.894093999800006, 40.8420460002 ] } },
{ "type": "Feature", "properties": { "objectid": 10724, "name": "mn-05-122442", "boroname": "Manhattan", "type": "Free", "provider": "LinkNYC - Citybridge", "location_t": "Outdoor Kiosk" }, "geometry": { "type": "Point", "coordinates": [ -73.992488750199996, 40.748615339700002 ] } },
{ "type": "Feature", "properties": { "objectid": 11965, "name": "qu-02-145744", "boroname": "Queens", "type": "Free", "provider": "LinkNYC - Citybridge", "location_t": "Outdoor Kiosk" }, "geometry": { "type": "Point", "coordinates": [ -73.906524, 40.741505999899999 ] } },
{ "type": "Feature", "properties": { "objectid": 11860, "name": "mn-09-135705", "boroname": "Manhattan", "type": "Free", "provider": "LinkNYC - Citybridge", "location_t": "Outdoor Kiosk" }, "geometry": { "type": "Point", "coordinates": [ -73.953290550099993, 40.822853889900003 ] } },
{ "type": "Feature", "properties": { "objectid": 11876, "name": "mn-12-120469", "boroname": "Manhattan", "type": "Free", "provider": "LinkNYC - Citybridge", "location_t": "Outdoor Kiosk" }, "geometry": { "type": "Point", "coordinates": [ -73.940074999800004, 40.835729000299999 ] } },
{ "type": "Feature", "properties": { "objectid": 11795, "name": "mn-02-133831", "boroname": "Manhattan", "type": "Free", "provider": "LinkNYC - Citybridge", "location_t": "Outdoor Kiosk" }, "geometry": { "type": "Point", "coordinates": [ -73.991208000499995, 40.7340359998 ] } },
{ "type": "Feature", "properties": { "objectid": 10304, "name": "bk-07-145901", "boroname": "Brooklyn", "type": "Free", "provider": "LinkNYC - Citybridge", "location_t": "Outdoor Kiosk" }, "geometry": { "type": "Point", "coordinates": [ -74.002053000499998, 40.656384 ] } },
{ "type": "Feature", "properties": { "objectid": 12755, "name": "mn-05-122649", "boroname": "Manhattan", "type": "Free", "provider": "LinkNYC - Citybridge", "location_t": "Outdoor Kiosk" }, "geometry": { "type": "Point", "coordinates": [ -73.980730890299995, 40.764874540400001 ] } },
{ "type": "Feature", "properties": { "objectid": 12285, "name": "bk-09-126559", "boroname": "Brooklyn", "type": "Free", "provider": "LinkNYC - Citybridge", "location_t": "Outdoor Kiosk" }, "geometry": { "type": "Point", "coordinates": [ -73.960426000300004, 40.658911000099998 ] } },
{ "type": "Feature", "properties": { "objectid": 12440, "name": "mn-07-120596", "boroname": "Manhattan", "type": "Free", "provider": "LinkNYC - Citybridge", "location_t": "Outdoor Kiosk" }, "geometry": { "type": "Point", "coordinates": [ -73.972567079900003, 40.794042269599998 ] } },
{ "type": "Feature", "properties": { "objectid": 10711, "name": "mn-03-133516", "boroname": "Manhattan", "type": "Free", "provider": "LinkNYC - Citybridge", "location_t": "Outdoor Kiosk" }, "geometry": { "type": "Point", "coordinates": [ -73.9881351497, 40.731776640200003 ] } },
{ "type": "Feature", "properties": { "objectid": 9601, "name": "QUEENS BRIDGE - JACOB A. RIIS Settlement House", "boroname": "Queens", "type": "Free", "provider": "Spot On Networks", "location_t": "Indoor AP - Community Center - Computer Rm" }, "geometry": { "type": "Point", "coordinates": [ -73.944583000099996, 40.755727 ] } },
{ "type": "Feature", "properties": { "objectid": 10771, "name": "125 St (4,5,6) (6)", "boroname": "Manhattan", "type": "Free", "provider": "Transit Wireless", "location_t": "Subway Station" }, "geometry": { "type": "Point", "coordinates": [ -73.937594000600001, 40.804137999700004 ] } },
{ "type": "Feature", "properties": { "objectid": 9733, "name": "Hoffman Park", "boroname": "Queens", "type": "Limited Free", "provider": "SPECTRUM", "location_t": "Outdoor TWC Aerial" }, "geometry": { "type": "Point", "coordinates": [ -73.870981000100002, 40.733142000100003 ] } },
{ "type": "Feature", "properties": { "objectid": 9858, "name": null, "boroname": "Brooklyn", "type": "Free", "provider": "Downtown Brooklyn", "location_t": "Outdoor" }, "geometry": { "type": "Point", "coordinates": [ -73.983025000200001, 40.692723000199997 ] } },
{ "type": "Feature", "properties": { "objectid": 11088, "name": "mn-10-119996", "boroname": "Manhattan", "type": "Free", "provider": "LinkNYC - Citybridge", "location_t": "Outdoor Kiosk" }, "geometry": { "type": "Point", "coordinates": [ -73.952093089499996, 40.808733290399999 ] } },
{ "type": "Feature", "properties": { "objectid": 12023, "name": "bk-01-140788", "boroname": "Brooklyn", "type": "Free", "provider": "LinkNYC - Citybridge", "location_t": "Outdoor Kiosk" }, "geometry": { "type": "Point", "coordinates": [ -73.944206, 40.713913000399998 ] } },
{ "type": "Feature", "properties": { "objectid": 9882, "name": null, "boroname": "Brooklyn", "type": "Free", "provider": "Downtown Brooklyn", "location_t": "Outdoor" }, "geometry": { "type": "Point", "coordinates": [ -73.987117, 40.692417 ] } },
{ "type": "Feature", "properties": { "objectid": 10664, "name": "mn-07-136462", "boroname": "Manhattan", "type": "Free", "provider": "LinkNYC - Citybridge", "location_t": "Outdoor Kiosk" }, "geometry": { "type": "Point", "coordinates": [ -73.98157091, 40.7808189904 ] } },
{ "type": "Feature", "properties": { "objectid": 12371, "name": "Morgan Av (L)", "boroname": "Brooklyn", "type": "Free", "provider": "Transit Wireless", "location_t": "Subway Station" }, "geometry": { "type": "Point", "coordinates": [ -73.933146999900003, 40.706152 ] } },
{ "type": "Feature", "properties": { "objectid": 11807, "name": "mn-03-123803", "boroname": "Manhattan", "type": "Free", "provider": "LinkNYC - Citybridge", "location_t": "Outdoor Kiosk" }, "geometry": { "type": "Point", "coordinates": [ -73.986107409699997, 40.732747360300003 ] } },
{ "type": "Feature", "properties": { "objectid": 12178, "name": "mn-06-134533", "boroname": "Manhattan", "type": "Free", "provider": "LinkNYC - Citybridge", "location_t": "Outdoor Kiosk" }, "geometry": { "type": "Point", "coordinates": [ -73.981608290099999, 40.7367472 ] } },
{ "type": "Feature", "properties": { "objectid": 12004, "name": "mn-12-120755", "boroname": "Manhattan", "type": "Free", "provider": "LinkNYC - Citybridge", "location_t": "Outdoor Kiosk" }, "geometry": { "type": "Point", "coordinates": [ -73.936847369800006, 40.844755729699997 ] } },
{ "type": "Feature", "properties": { "objectid": 9899, "name": null, "boroname": "Brooklyn", "type": "Free", "provider": "Downtown Brooklyn", "location_t": "Outdoor" }, "geometry": { "type": "Point", "coordinates": [ -73.991999999699999, 40.689996999800002 ] } },
{ "type": "Feature", "properties": { "objectid": 11848, "name": "mn-10-133684", "boroname": "Manhattan", "type": "Free", "provider": "LinkNYC - Citybridge", "location_t": "Outdoor Kiosk" }, "geometry": { "type": "Point", "coordinates": [ -73.938202000299995, 40.823124469600003 ] } },
{ "type": "Feature", "properties": { "objectid": 10470, "name": "MARINE PARK", "boroname": "Brooklyn", "type": "Limited Free", "provider": "ALTICEUSA", "location_t": "Outdoor" }, "geometry": { "type": "Point", "coordinates": [ -73.931062999700004, 40.604383 ] } },
{ "type": "Feature", "properties": { "objectid": 9788, "name": "mn-07-121120", "boroname": "Manhattan", "type": "Free", "provider": "LinkNYC - Citybridge", "location_t": "Outdoor Kiosk" }, "geometry": { "type": "Point", "coordinates": [ -73.969644310199996, 40.789541199799999 ] } },
{ "type": "Feature", "properties": { "objectid": 11934, "name": "bk-08-145993", "boroname": "Brooklyn", "type": "Free", "provider": "LinkNYC - Citybridge", "location_t": "Outdoor Kiosk" }, "geometry": { "type": "Point", "coordinates": [ -73.957792999700004, 40.671354999599998 ] } },
{ "type": "Feature", "properties": { "objectid": 10364, "name": "Macombs Dam Park", "boroname": "Bronx", "type": "Limited Free", "provider": "ALTICEUSA", "location_t": "Outdoor" }, "geometry": { "type": "Point", "coordinates": [ -73.9277309995, 40.825815000399999 ] } },
{ "type": "Feature", "properties": { "objectid": 11558, "name": "Recreation Center 54", "boroname": "Manhattan", "type": "Limited Free", "provider": "SPECTRUM", "location_t": "Indoor" }, "geometry": { "type": "Point", "coordinates": [ -73.965084, 40.757418000400001 ] } },
{ "type": "Feature", "properties": { "objectid": 10175, "name": "bk-06-145918", "boroname": "Brooklyn", "type": "Free", "provider": "LinkNYC - Citybridge", "location_t": "Outdoor Kiosk" }, "geometry": { "type": "Point", "coordinates": [ -73.994765470299996, 40.6845525198 ] } },
{ "type": "Feature", "properties": { "objectid": 12684, "name": "mn-04-139205", "boroname": "Manhattan", "type": "Free", "provider": "LinkNYC - Citybridge", "location_t": "Outdoor Kiosk" }, "geometry": { "type": "Point", "coordinates": [ -73.987514779500003, 40.760563040299999 ] } },
{ "type": "Feature", "properties": { "objectid": 10148, "name": null, "boroname": "Manhattan", "type": "Free", "provider": "Harlem", "location_t": "Outdoor" }, "geometry": { "type": "Point", "coordinates": [ -73.952822000500007, 40.801527000100002 ] } },
{ "type": "Feature", "properties": { "objectid": 12055, "name": "mn-05-122200", "boroname": "Manhattan", "type": "Free", "provider": "LinkNYC - Citybridge", "location_t": "Outdoor Kiosk" }, "geometry": { "type": "Point", "coordinates": [ -73.978258289799996, 40.7574067997 ] } },
{ "type": "Feature", "properties": { "objectid": 11028, "name": "mn-08-135066", "boroname": "Manhattan", "type": "Free", "provider": "LinkNYC - Citybridge", "location_t": "Outdoor Kiosk" }, "geometry": { "type": "Point", "coordinates": [ -73.962086690500001, 40.763890919600001 ] } },
{ "type": "Feature", "properties": { "objectid": 10287, "name": "qu-09-145890", "boroname": "Queens", "type": "Free", "provider": "LinkNYC - Citybridge", "location_t": "Outdoor Kiosk" }, "geometry": { "type": "Point", "coordinates": [ -73.834846749500002, 40.6980954203 ] } },
{ "type": "Feature", "properties": { "objectid": 11209, "name": "mn-06-121529", "boroname": "Manhattan", "type": "Free", "provider": "LinkNYC - Citybridge", "location_t": "Outdoor Kiosk" }, "geometry": { "type": "Point", "coordinates": [ -73.975533799499999, 40.749604929699998 ] } },
{ "type": "Feature", "properties": { "objectid": 11865, "name": "qu-03-136656", "boroname": "Queens", "type": "Free", "provider": "LinkNYC - Citybridge", "location_t": "Outdoor Kiosk" }, "geometry": { "type": "Point", "coordinates": [ -73.872933295899998, 40.748869202 ] } },
{ "type": "Feature", "properties": { "objectid": 10647, "name": "mn-07-134275", "boroname": "Manhattan", "type": "Free", "provider": "LinkNYC - Citybridge", "location_t": "Outdoor Kiosk" }, "geometry": { "type": "Point", "coordinates": [ -73.982506999500004, 40.774757 ] } },
{ "type": "Feature", "properties": { "objectid": 10795, "name": "IRT - Cypress Av (6)", "boroname": "Bronx", "type": "Free", "provider": "Transit Wireless", "location_t": "Subway Station" }, "geometry": { "type": "Point", "coordinates": [ -73.914041999899993, 40.8053679999 ] } },
{ "type": "Feature", "properties": { "objectid": 11385, "name": "103 St (B,C)", "boroname": "Manhattan", "type": "Free", "provider": "Transit Wireless", "location_t": "Subway Station" }, "geometry": { "type": "Point", "coordinates": [ -73.961453999900002, 40.796092 ] } },
{ "type": "Feature", "properties": { "objectid": 12615, "name": "mn-09-111936", "boroname": "Manhattan", "type": "Free", "provider": "LinkNYC - Citybridge", "location_t": "Outdoor Kiosk" }, "geometry": { "type": "Point", "coordinates": [ -73.946986000300001, 40.830875999600003 ] } },
{ "type": "Feature", "properties": { "objectid": 12051, "name": "mn-08-121133", "boroname": "Manhattan", "type": "Free", "provider": "LinkNYC - Citybridge", "location_t": "Outdoor Kiosk" }, "geometry": { "type": "Point", "coordinates": [ -73.967596999700007, 40.768648999699998 ] } },
{ "type": "Feature", "properties": { "objectid": 10093, "name": "Long Island City", "boroname": "Queens", "type": "Free", "provider": "QPL", "location_t": "Library" }, "geometry": { "type": "Point", "coordinates": [ -73.939309302, 40.757803428 ] } },
{ "type": "Feature", "properties": { "objectid": 12787, "name": "mn-09-120554", "boroname": "Manhattan", "type": "Free", "provider": "LinkNYC - Citybridge", "location_t": "Outdoor Kiosk" }, "geometry": { "type": "Point", "coordinates": [ -73.954836999700007, 40.81515 ] } },
{ "type": "Feature", "properties": { "objectid": 12849, "name": "mn-08-121015", "boroname": "Manhattan", "type": "Free", "provider": "LinkNYC - Citybridge", "location_t": "Outdoor Kiosk" }, "geometry": { "type": "Point", "coordinates": [ -73.956665000499996, 40.774855000300001 ] } },
{ "type": "Feature", "properties": { "objectid": 12423, "name": "Montrose Av (L)", "boroname": "Brooklyn", "type": "Free", "provider": "Transit Wireless", "location_t": "Subway Station" }, "geometry": { "type": "Point", "coordinates": [ -73.939850000099995, 40.707738999599997 ] } },
{ "type": "Feature", "properties": { "objectid": 10696, "name": "mn-06-121785", "boroname": "Manhattan", "type": "Free", "provider": "LinkNYC - Citybridge", "location_t": "Outdoor Kiosk" }, "geometry": { "type": "Point", "coordinates": [ -73.968041000200003, 40.755334999699997 ] } },
{ "type": "Feature", "properties": { "objectid": 10499, "name": null, "boroname": "Manhattan", "type": "Free", "provider": "Chelsea", "location_t": "Outdoor" }, "geometry": { "type": "Point", "coordinates": [ -74.005064964, 40.742591254799997 ] } },
{ "type": "Feature", "properties": { "objectid": 9752, "name": "0", "boroname": "Brooklyn", "type": "Free", "provider": "NYCHA", "location_t": "Outdoor" }, "geometry": { "type": "Point", "coordinates": [ -73.976635200299995, 40.693493000300002 ] } },
{ "type": "Feature", "properties": { "objectid": 10639, "name": "mn-08-120980", "boroname": "Manhattan", "type": "Free", "provider": "LinkNYC - Citybridge", "location_t": "Outdoor Kiosk" }, "geometry": { "type": "Point", "coordinates": [ -73.9635832397, 40.765879829799999 ] } },
{ "type": "Feature", "properties": { "objectid": 12329, "name": "mn-07-133633", "boroname": "Manhattan", "type": "Free", "provider": "LinkNYC - Citybridge", "location_t": "Outdoor Kiosk" }, "geometry": { "type": "Point", "coordinates": [ -73.974792999900004, 40.790234999699997 ] } },
{ "type": "Feature", "properties": { "objectid": 11987, "name": "bx-01-145841", "boroname": "Bronx", "type": "Free", "provider": "LinkNYC - Citybridge", "location_t": "Outdoor Kiosk" }, "geometry": { "type": "Point", "coordinates": [ -73.929885369800004, 40.815039310099998 ] } },
{ "type": "Feature", "properties": { "objectid": 12638, "name": "bk-02-126838", "boroname": "Brooklyn", "type": "Free", "provider": "LinkNYC - Citybridge", "location_t": "Outdoor Kiosk" }, "geometry": { "type": "Point", "coordinates": [ -73.98247226, 40.688449430299997 ] } },
{ "type": "Feature", "properties": { "objectid": 9914, "name": "Sheepshead Bay - Brooklyn Public Library", "boroname": "Brooklyn", "type": "Free", "provider": "BPL", "location_t": "Library" }, "geometry": { "type": "Point", "coordinates": [ -73.955428357499997, 40.586999956100001 ] } },
{ "type": "Feature", "properties": { "objectid": 12726, "name": "mn-05-134222", "boroname": "Manhattan", "type": "Free", "provider": "LinkNYC - Citybridge", "location_t": "Outdoor Kiosk" }, "geometry": { "type": "Point", "coordinates": [ -73.972744619300002, 40.761510714099998 ] } },
{ "type": "Feature", "properties": { "objectid": 11363, "name": "46TH STREET", "boroname": "Queens", "type": "Free", "provider": "Transit Wireless", "location_t": "Subway Station" }, "geometry": { "type": "Point", "coordinates": [ -73.913333000400002, 40.756312000299999 ] } },
{ "type": "Feature", "properties": { "objectid": 12222, "name": "mn-06-136202", "boroname": "Manhattan", "type": "Free", "provider": "LinkNYC - Citybridge", "location_t": "Outdoor Kiosk" }, "geometry": { "type": "Point", "coordinates": [ -73.976534679599993, 40.748287043700003 ] } },
{ "type": "Feature", "properties": { "objectid": 11241, "name": "mn-10-142812", "boroname": "Manhattan", "type": "Free", "provider": "LinkNYC - Citybridge", "location_t": "Outdoor Kiosk" }, "geometry": { "type": "Point", "coordinates": [ -73.951840319799999, 40.809437150299999 ] } },
{ "type": "Feature", "properties": { "objectid": 9737, "name": "0", "boroname": "Brooklyn", "type": "Free", "provider": "NYCHA", "location_t": "Outdoor" }, "geometry": { "type": "Point", "coordinates": [ -73.979547199500004, 40.695008999700001 ] } },
{ "type": "Feature", "properties": { "objectid": 11571, "name": "Roy Wilkins Recreation Center", "boroname": "Queens", "type": "Limited Free", "provider": "SPECTRUM", "location_t": "Outdoor" }, "geometry": { "type": "Point", "coordinates": [ -73.769815, 40.6871599997 ] } },
{ "type": "Feature", "properties": { "objectid": 10937, "name": null, "boroname": "Manhattan", "type": "Free", "provider": "Harlem", "location_t": "Outdoor" }, "geometry": { "type": "Point", "coordinates": [ -73.943416999600004, 40.809559000100002 ] } },
{ "type": "Feature", "properties": { "objectid": 12659, "name": "mn-04-122078", "boroname": "Manhattan", "type": "Free", "provider": "LinkNYC - Citybridge", "location_t": "Outdoor Kiosk" }, "geometry": { "type": "Point", "coordinates": [ -73.991370859900002, 40.755280839900003 ] } },
{ "type": "Feature", "properties": { "objectid": 11453, "name": "mn-03-137963", "boroname": "Manhattan", "type": "Free", "provider": "LinkNYC - Citybridge", "location_t": "Outdoor Kiosk" }, "geometry": { "type": "Point", "coordinates": [ -73.989474269599995, 40.719503759699997 ] } },
{ "type": "Feature", "properties": { "objectid": 12887, "name": "bk-08-146008", "boroname": "Brooklyn", "type": "Free", "provider": "LinkNYC - Citybridge", "location_t": "Outdoor Kiosk" }, "geometry": { "type": "Point", "coordinates": [ -73.963552999900003, 40.675659000400003 ] } },
{ "type": "Feature", "properties": { "objectid": 12455, "name": "mn-07-134421", "boroname": "Manhattan", "type": "Free", "provider": "LinkNYC - Citybridge", "location_t": "Outdoor Kiosk" }, "geometry": { "type": "Point", "coordinates": [ -73.968809070299997, 40.799042349799997 ] } },
{ "type": "Feature", "properties": { "objectid": 10792, "name": "Cathedral Pkwy-110 St (1)", "boroname": "Manhattan", "type": "Free", "provider": "Transit Wireless", "location_t": "Subway Station" }, "geometry": { "type": "Point", "coordinates": [ -73.966847000499996, 40.8039669996 ] } },
{ "type": "Feature", "properties": { "objectid": 10423, "name": null, "boroname": "Brooklyn", "type": "Free", "provider": "Downtown Brooklyn", "location_t": "Outdoor" }, "geometry": { "type": "Point", "coordinates": [ -73.989634999499998, 40.690882999800003 ] } },
{ "type": "Feature", "properties": { "objectid": 11818, "name": "mn-06-138042", "boroname": "Manhattan", "type": "Free", "provider": "LinkNYC - Citybridge", "location_t": "Outdoor Kiosk" }, "geometry": { "type": "Point", "coordinates": [ -73.980967999900002, 40.737627 ] } },
{ "type": "Feature", "properties": { "objectid": 10767, "name": "Heckscher Playground", "boroname": "Brooklyn", "type": "Limited Free", "provider": "ALTICEUSA", "location_t": "Outdoor" }, "geometry": { "type": "Point", "coordinates": [ -73.918510000300003, 40.694769000199997 ] } },
{ "type": "Feature", "properties": { "objectid": 10968, "name": "Central Park", "boroname": "Manhattan", "type": "Free", "provider": "AT&T", "location_t": "Outdoor" }, "geometry": { "type": "Point", "coordinates": [ -73.9771000004, 40.772100000099996 ] } },
{ "type": "Feature", "properties": { "objectid": 11411, "name": "34th Street - Herald Square - N, Q, R", "boroname": "Manhattan", "type": "Free", "provider": "Transit Wireless", "location_t": "Subway Station" }, "geometry": { "type": "Point", "coordinates": [ -73.987949999600005, 40.749567 ] } },
{ "type": "Feature", "properties": { "objectid": 9650, "name": "bk-01-146092", "boroname": "Brooklyn", "type": "Free", "provider": "LinkNYC - Citybridge", "location_t": "Outdoor Kiosk" }, "geometry": { "type": "Point", "coordinates": [ -73.955316489799998, 40.707581000300003 ] } },
{ "type": "Feature", "properties": { "objectid": 9843, "name": "Jackie Robinson Recreation Center", "boroname": "Manhattan", "type": "Limited Free", "provider": "SPECTRUM", "location_t": "Indoor" }, "geometry": { "type": "Point", "coordinates": [ -73.942464000599998, 40.824130999799998 ] } },
{ "type": "Feature", "properties": { "objectid": 10230, "name": "Rockaway Beach and Boardwalk", "boroname": "Queens", "type": "Limited Free", "provider": "SPECTRUM", "location_t": "Outdoor" }, "geometry": { "type": "Point", "coordinates": [ -73.817184999700004, 40.582957000100002 ] } },
{ "type": "Feature", "properties": { "objectid": 12256, "name": "mn-06-133470", "boroname": "Manhattan", "type": "Free", "provider": "LinkNYC - Citybridge", "location_t": "Outdoor Kiosk" }, "geometry": { "type": "Point", "coordinates": [ -73.977613999499994, 40.746216999799998 ] } },
{ "type": "Feature", "properties": { "objectid": 9754, "name": "mn-07-133371", "boroname": "Manhattan", "type": "Free", "provider": "LinkNYC - Citybridge", "location_t": "Outdoor Kiosk" }, "geometry": { "type": "Point", "coordinates": [ -73.973407290300003, 40.784612050200003 ] } },
{ "type": "Feature", "properties": { "objectid": 10207, "name": "0", "boroname": "Brooklyn", "type": "Free", "provider": "NYCHA", "location_t": "Outdoor" }, "geometry": { "type": "Point", "coordinates": [ -73.979752200600004, 40.6956699996 ] } },
{ "type": "Feature", "properties": { "objectid": 10657, "name": "mn-07-133652", "boroname": "Manhattan", "type": "Free", "provider": "LinkNYC - Citybridge", "location_t": "Outdoor Kiosk" }, "geometry": { "type": "Point", "coordinates": [ -73.982254639399997, 40.778148040300003 ] } },
{ "type": "Feature", "properties": { "objectid": 11769, "name": "qu-03-136366", "boroname": "Queens", "type": "Free", "provider": "LinkNYC - Citybridge", "location_t": "Outdoor Kiosk" }, "geometry": { "type": "Point", "coordinates": [ -73.870624160299997, 40.749111699899998 ] } },
{ "type": "Feature", "properties": { "objectid": 12909, "name": "bk-08-125707", "boroname": "Brooklyn", "type": "Free", "provider": "LinkNYC - Citybridge", "location_t": "Outdoor Kiosk" }, "geometry": { "type": "Point", "coordinates": [ -73.963610180100005, 40.676407510200001 ] } },
{ "type": "Feature", "properties": { "objectid": 10411, "name": null, "boroname": "Manhattan", "type": "Free", "provider": "Harlem", "location_t": "Outdoor" }, "geometry": { "type": "Point", "coordinates": [ -73.950994, 40.799435 ] } },
{ "type": "Feature", "properties": { "objectid": 11394, "name": "IRT-4-5-138TH ST - GRAND CONCOURSE", "boroname": "Bronx", "type": "Free", "provider": "Transit Wireless", "location_t": "Subway Station" }, "geometry": { "type": "Point", "coordinates": [ -73.929849000499999, 40.813223999599998 ] } },
{ "type": "Feature", "properties": { "objectid": 9773, "name": "mn-07-133679", "boroname": "Manhattan", "type": "Free", "provider": "LinkNYC - Citybridge", "location_t": "Outdoor Kiosk" }, "geometry": { "type": "Point", "coordinates": [ -73.970023790499994, 40.789621779599997 ] } },
{ "type": "Feature", "properties": { "objectid": 10611, "name": "bx-06-101312", "boroname": "Bronx", "type": "Free", "provider": "LinkNYC - Citybridge", "location_t": "Outdoor Kiosk" }, "geometry": { "type": "Point", "coordinates": [ -73.885974359499997, 40.841833540099998 ] } },
{ "type": "Feature", "properties": { "objectid": 10642, "name": "mn-07-133518", "boroname": "Manhattan", "type": "Free", "provider": "LinkNYC - Citybridge", "location_t": "Outdoor Kiosk" }, "geometry": { "type": "Point", "coordinates": [ -73.982501980600006, 40.769838680299998 ] } },
{ "type": "Feature", "properties": { "objectid": 11828, "name": "mn-10-119942", "boroname": "Manhattan", "type": "Free", "provider": "LinkNYC - Citybridge", "location_t": "Outdoor Kiosk" }, "geometry": { "type": "Point", "coordinates": [ -73.940551949699994, 40.819916210400002 ] } },
{ "type": "Feature", "properties": { "objectid": 9958, "name": "Pelham Bay", "boroname": "Bronx", "type": "Free", "provider": "NYPL", "location_t": "Library" }, "geometry": { "type": "Point", "coordinates": [ -73.827889907300005, 40.8442926727 ] } },
{ "type": "Feature", "properties": { "objectid": 12307, "name": "qu-04-132440", "boroname": "Queens", "type": "Free", "provider": "LinkNYC - Citybridge", "location_t": "Outdoor Kiosk" }, "geometry": { "type": "Point", "coordinates": [ -73.886253000300002, 40.7382079996 ] } },
{ "type": "Feature", "properties": { "objectid": 10798, "name": "Dyckman St (A) (1 Line)", "boroname": "Manhattan", "type": "Free", "provider": "Transit Wireless", "location_t": "Subway Station" }, "geometry": { "type": "Point", "coordinates": [ -73.927270999599997, 40.865490999899997 ] } },
{ "type": "Feature", "properties": { "objectid": 11887, "name": "mn-11-120309", "boroname": "Manhattan", "type": "Free", "provider": "LinkNYC - Citybridge", "location_t": "Outdoor Kiosk" }, "geometry": { "type": "Point", "coordinates": [ -73.934704391400004, 40.801404555300003 ] } },
{ "type": "Feature", "properties": { "objectid": 12143, "name": "mn-08-120942", "boroname": "Manhattan", "type": "Free", "provider": "LinkNYC - Citybridge", "location_t": "Outdoor Kiosk" }, "geometry": { "type": "Point", "coordinates": [ -73.968364000500003, 40.768092999700002 ] } },
{ "type": "Feature", "properties": { "objectid": 11443, "name": "mn-05-137863", "boroname": "Manhattan", "type": "Free", "provider": "LinkNYC - Citybridge", "location_t": "Outdoor Kiosk" }, "geometry": { "type": "Point", "coordinates": [ -73.990365331800007, 40.751539621600003 ] } },
{ "type": "Feature", "properties": { "objectid": 12227, "name": "mn-06-133521", "boroname": "Manhattan", "type": "Free", "provider": "LinkNYC - Citybridge", "location_t": "Outdoor Kiosk" }, "geometry": { "type": "Point", "coordinates": [ -73.985845669900002, 40.73534819 ] } },
{ "type": "Feature", "properties": { "objectid": 12324, "name": "bx-05-111577", "boroname": "Bronx", "type": "Free", "provider": "LinkNYC - Citybridge", "location_t": "Outdoor Kiosk" }, "geometry": { "type": "Point", "coordinates": [ -73.905075999700003, 40.853027999799998 ] } },
{ "type": "Feature", "properties": { "objectid": 11358, "name": "23RD - ELY AVENUE", "boroname": "Queens", "type": "Free", "provider": "Transit Wireless", "location_t": "Subway Station" }, "geometry": { "type": "Point", "coordinates": [ -73.945999999700007, 40.747846000400003 ] } },
{ "type": "Feature", "properties": { "objectid": 12568, "name": "mn-04-122605", "boroname": "Manhattan", "type": "Free", "provider": "LinkNYC - Citybridge", "location_t": "Outdoor Kiosk" }, "geometry": { "type": "Point", "coordinates": [ -73.985830170499995, 40.7630513597 ] } },
{ "type": "Feature", "properties": { "objectid": 10272, "name": "bk-01-146011", "boroname": "Brooklyn", "type": "Free", "provider": "LinkNYC - Citybridge", "location_t": "Outdoor Kiosk" }, "geometry": { "type": "Point", "coordinates": [ -73.952603089700006, 40.723290089800003 ] } },
{ "type": "Feature", "properties": { "objectid": 12334, "name": "mn-07-121253", "boroname": "Manhattan", "type": "Free", "provider": "LinkNYC - Citybridge", "location_t": "Outdoor Kiosk" }, "geometry": { "type": "Point", "coordinates": [ -73.973424999800002, 40.791943000300002 ] } },
{ "type": "Feature", "properties": { "objectid": 9975, "name": "Dyker - Brooklyn Public Library", "boroname": "Brooklyn", "type": "Free", "provider": "BPL", "location_t": "Library" }, "geometry": { "type": "Point", "coordinates": [ -74.011988520200006, 40.616308137 ] } },
{ "type": "Feature", "properties": { "objectid": 10202, "name": "0", "boroname": "Brooklyn", "type": "Free", "provider": "NYCHA", "location_t": "Outdoor" }, "geometry": { "type": "Point", "coordinates": [ -73.982192200399993, 40.693832999599998 ] } },
{ "type": "Feature", "properties": { "objectid": 10815, "name": "IND - Kingbridge Road - Grand Concourse (B) (D)", "boroname": "Bronx", "type": "Free", "provider": "Transit Wireless", "location_t": "Subway Station" }, "geometry": { "type": "Point", "coordinates": [ -73.893509, 40.866978 ] } },
{ "type": "Feature", "properties": { "objectid": 9815, "name": "Tompkins Square Park", "boroname": "Manhattan", "type": "Free", "provider": "AT&T", "location_t": "Outdoor" }, "geometry": { "type": "Point", "coordinates": [ -73.9817, 40.726500000100003 ] } },
{ "type": "Feature", "properties": { "objectid": 12531, "name": "mn-06-138438", "boroname": "Manhattan", "type": "Free", "provider": "LinkNYC - Citybridge", "location_t": "Outdoor Kiosk" }, "geometry": { "type": "Point", "coordinates": [ -73.967538499499994, 40.760456759599997 ] } },
{ "type": "Feature", "properties": { "objectid": 9868, "name": null, "boroname": "Brooklyn", "type": "Free", "provider": "Downtown Brooklyn", "location_t": "Outdoor" }, "geometry": { "type": "Point", "coordinates": [ -73.988346999599997, 40.6936359997 ] } },
{ "type": "Feature", "properties": { "objectid": 11566, "name": "Rockaway Beach and Boardwalk", "boroname": "Queens", "type": "Limited Free", "provider": "SPECTRUM", "location_t": "Outdoor TWC Aerial" }, "geometry": { "type": "Point", "coordinates": [ -73.745790999500002, 40.596321000400003 ] } },
{ "type": "Feature", "properties": { "objectid": 9786, "name": "mn-04-134450", "boroname": "Manhattan", "type": "Free", "provider": "LinkNYC - Citybridge", "location_t": "Outdoor Kiosk" }, "geometry": { "type": "Point", "coordinates": [ -73.999381379900001, 40.739155800100001 ] } },
{ "type": "Feature", "properties": { "objectid": 11246, "name": "mn-10-142855", "boroname": "Manhattan", "type": "Free", "provider": "LinkNYC - Citybridge", "location_t": "Outdoor Kiosk" }, "geometry": { "type": "Point", "coordinates": [ -73.947876699600002, 40.814863489799997 ] } },
{ "type": "Feature", "properties": { "objectid": 12840, "name": "mn-08-128748", "boroname": "Manhattan", "type": "Free", "provider": "LinkNYC - Citybridge", "location_t": "Outdoor Kiosk" }, "geometry": { "type": "Point", "coordinates": [ -73.958697000200004, 40.772143999900003 ] } },
{ "type": "Feature", "properties": { "objectid": 11507, "name": "Overlook Park", "boroname": "Queens", "type": "Limited Free", "provider": "SPECTRUM", "location_t": "Outdoor" }, "geometry": { "type": "Point", "coordinates": [ -73.835514999400004, 40.710687999699999 ] } },
{ "type": "Feature", "properties": { "objectid": 11160, "name": "bx-01-146060", "boroname": "Bronx", "type": "Free", "provider": "LinkNYC - Citybridge", "location_t": "Outdoor Kiosk" }, "geometry": { "type": "Point", "coordinates": [ -73.918343010499996, 40.807107779699997 ] } },
{ "type": "Feature", "properties": { "objectid": 12711, "name": "mn-05-121900", "boroname": "Manhattan", "type": "Free", "provider": "LinkNYC - Citybridge", "location_t": "Outdoor Kiosk" }, "geometry": { "type": "Point", "coordinates": [ -73.968801820600007, 40.761730859799997 ] } },
{ "type": "Feature", "properties": { "objectid": 12583, "name": "bx-04-119146", "boroname": "Bronx", "type": "Free", "provider": "LinkNYC - Citybridge", "location_t": "Outdoor Kiosk" }, "geometry": { "type": "Point", "coordinates": [ -73.92837, 40.818941999800003 ] } },
{ "type": "Feature", "properties": { "objectid": 10046, "name": "Science Industry And Business", "boroname": "Manhattan", "type": "Free", "provider": "NYPL", "location_t": "Library" }, "geometry": { "type": "Point", "coordinates": [ -73.983063099899994, 40.748124696399998 ] } },
{ "type": "Feature", "properties": { "objectid": 11301, "name": "Bedford - Brooklyn Public Library", "boroname": "Brooklyn", "type": "Free", "provider": "BPL", "location_t": "Library" }, "geometry": { "type": "Point", "coordinates": [ -73.9561085144, 40.681810197399997 ] } },
{ "type": "Feature", "properties": { "objectid": 11004, "name": "Chelsea Recreation Center", "boroname": "Manhattan", "type": "Limited Free", "provider": "SPECTRUM", "location_t": "Indoor" }, "geometry": { "type": "Point", "coordinates": [ -74.002067999700003, 40.748270000399998 ] } },
{ "type": "Feature", "properties": { "objectid": 10905, "name": "mn-04-136065", "boroname": "Manhattan", "type": "Free", "provider": "LinkNYC - Citybridge", "location_t": "Outdoor Kiosk" }, "geometry": { "type": "Point", "coordinates": [ -73.988098669500005, 40.769567339699996 ] } },
{ "type": "Feature", "properties": { "objectid": 10190, "name": "qu-01-146068", "boroname": "Queens", "type": "Free", "provider": "LinkNYC - Citybridge", "location_t": "Outdoor Kiosk" }, "geometry": { "type": "Point", "coordinates": [ -73.927183000499994, 40.752723999899999 ] } },
{ "type": "Feature", "properties": { "objectid": 11501, "name": "Midland Beach and Franklin D. Roosevelt Boardwalk", "boroname": "Staten Island", "type": "Limited Free", "provider": "SPECTRUM", "location_t": "Outdoor" }, "geometry": { "type": "Point", "coordinates": [ -74.077992999700001, 40.577772000400003 ] } },
{ "type": "Feature", "properties": { "objectid": 10626, "name": "mn-11-120221", "boroname": "Manhattan", "type": "Free", "provider": "LinkNYC - Citybridge", "location_t": "Outdoor Kiosk" }, "geometry": { "type": "Point", "coordinates": [ -73.943783529399994, 40.793008799900001 ] } },
{ "type": "Feature", "properties": { "objectid": 12112, "name": "mn-05-134185", "boroname": "Manhattan", "type": "Free", "provider": "LinkNYC - Citybridge", "location_t": "Outdoor Kiosk" }, "geometry": { "type": "Point", "coordinates": [ -73.984856699700003, 40.760266040399998 ] } },
{ "type": "Feature", "properties": { "objectid": 12770, "name": "mn-07-136087", "boroname": "Manhattan", "type": "Free", "provider": "LinkNYC - Citybridge", "location_t": "Outdoor Kiosk" }, "geometry": { "type": "Point", "coordinates": [ -73.967840459499996, 40.797700070200001 ] } },
{ "type": "Feature", "properties": { "objectid": 11924, "name": "bk-02-145793", "boroname": "Brooklyn", "type": "Free", "provider": "LinkNYC - Citybridge", "location_t": "Outdoor Kiosk" }, "geometry": { "type": "Point", "coordinates": [ -73.961648200300004, 40.6821995703 ] } },
{ "type": "Feature", "properties": { "objectid": 12876, "name": "bx-01-145688", "boroname": "Bronx", "type": "Free", "provider": "LinkNYC - Citybridge", "location_t": "Outdoor Kiosk" }, "geometry": { "type": "Point", "coordinates": [ -73.929212939699994, 40.818885989899997 ] } },
{ "type": "Feature", "properties": { "objectid": 12670, "name": "mn-04-123541", "boroname": "Manhattan", "type": "Free", "provider": "LinkNYC - Citybridge", "location_t": "Outdoor Kiosk" }, "geometry": { "type": "Point", "coordinates": [ -74.002216560400001, 40.739718559700002 ] } },
{ "type": "Feature", "properties": { "objectid": 10429, "name": null, "boroname": "Manhattan", "type": "Free", "provider": "Harlem", "location_t": "Outdoor" }, "geometry": { "type": "Point", "coordinates": [ -73.943461999500002, 40.801832 ] } },
{ "type": "Feature", "properties": { "objectid": 12524, "name": "mn-06-121854", "boroname": "Manhattan", "type": "Free", "provider": "LinkNYC - Citybridge", "location_t": "Outdoor Kiosk" }, "geometry": { "type": "Point", "coordinates": [ -73.968416979599994, 40.758819979800002 ] } },
{ "type": "Feature", "properties": { "objectid": 10977, "name": "Holcombe Rucker Park", "boroname": "Manhattan", "type": "Free", "provider": "AT&T", "location_t": "Outdoor" }, "geometry": { "type": "Point", "coordinates": [ -73.936100000099998, 40.8292000004 ] } },
{ "type": "Feature", "properties": { "objectid": 11475, "name": "mn-05-122878", "boroname": "Manhattan", "type": "Free", "provider": "LinkNYC - Citybridge", "location_t": "Outdoor Kiosk" }, "geometry": { "type": "Point", "coordinates": [ -73.977925630399994, 40.757957912099997 ] } },
{ "type": "Feature", "properties": { "objectid": 10306, "name": "bk-07-145865", "boroname": "Brooklyn", "type": "Free", "provider": "LinkNYC - Citybridge", "location_t": "Outdoor Kiosk" }, "geometry": { "type": "Point", "coordinates": [ -74.004403759499993, 40.654133229599999 ] } },
{ "type": "Feature", "properties": { "objectid": 11106, "name": "si-02-145736", "boroname": "Staten Island", "type": "Free", "provider": "LinkNYC - Citybridge", "location_t": "Outdoor Kiosk" }, "geometry": { "type": "Point", "coordinates": [ -74.100651579900003, 40.579634119799998 ] } },
{ "type": "Feature", "properties": { "objectid": 12563, "name": "mn-04-139167", "boroname": "Manhattan", "type": "Free", "provider": "LinkNYC - Citybridge", "location_t": "Outdoor Kiosk" }, "geometry": { "type": "Point", "coordinates": [ -73.997756610300002, 40.745924070100003 ] } },
{ "type": "Feature", "properties": { "objectid": 10691, "name": "mn-07-121304", "boroname": "Manhattan", "type": "Free", "provider": "LinkNYC - Citybridge", "location_t": "Outdoor Kiosk" }, "geometry": { "type": "Point", "coordinates": [ -73.978300000100006, 40.786402999800003 ] } },
{ "type": "Feature", "properties": { "objectid": 12600, "name": "mn-09-111874", "boroname": "Manhattan", "type": "Free", "provider": "LinkNYC - Citybridge", "location_t": "Outdoor Kiosk" }, "geometry": { "type": "Point", "coordinates": [ -73.949017000400005, 40.828097 ] } },
{ "type": "Feature", "properties": { "objectid": 12931, "name": "mn-07-121193", "boroname": "Manhattan", "type": "Free", "provider": "LinkNYC - Citybridge", "location_t": "Outdoor Kiosk" }, "geometry": { "type": "Point", "coordinates": [ -73.983632960400001, 40.776068519600003 ] } },
{ "type": "Feature", "properties": { "objectid": 12195, "name": "mn-03-136018", "boroname": "Manhattan", "type": "Free", "provider": "LinkNYC - Citybridge", "location_t": "Outdoor Kiosk" }, "geometry": { "type": "Point", "coordinates": [ -73.989246789500001, 40.730671599600001 ] } },
{ "type": "Feature", "properties": { "objectid": 9655, "name": "mn-02-133259", "boroname": "Manhattan", "type": "Free", "provider": "LinkNYC - Citybridge", "location_t": "Outdoor Kiosk" }, "geometry": { "type": "Point", "coordinates": [ -74.00202234, 40.724337920300002 ] } },
{ "type": "Feature", "properties": { "objectid": 10756, "name": "Gravesend Park", "boroname": "Brooklyn", "type": "Limited Free", "provider": "ALTICEUSA", "location_t": "Outdoor" }, "geometry": { "type": "Point", "coordinates": [ -73.985264999500004, 40.623314999900003 ] } },
{ "type": "Feature", "properties": { "objectid": 10092, "name": "Macomb's Bridge", "boroname": "Manhattan", "type": "Free", "provider": "NYPL", "location_t": "Library" }, "geometry": { "type": "Point", "coordinates": [ -73.935939588400004, 40.826567080099998 ] } },
{ "type": "Feature", "properties": { "objectid": 11518, "name": null, "boroname": "Brooklyn", "type": "Free", "provider": "Downtown Brooklyn", "location_t": "Outdoor" }, "geometry": { "type": "Point", "coordinates": [ -73.983165000300005, 40.689633000100002 ] } },
{ "type": "Feature", "properties": { "objectid": 12881, "name": "bx-07-145924", "boroname": "Bronx", "type": "Free", "provider": "LinkNYC - Citybridge", "location_t": "Outdoor Kiosk" }, "geometry": { "type": "Point", "coordinates": [ -73.900705879499995, 40.868100289600001 ] } },
{ "type": "Feature", "properties": { "objectid": 12743, "name": "mn-02-100727", "boroname": "Manhattan", "type": "Free", "provider": "LinkNYC - Citybridge", "location_t": "Outdoor Kiosk" }, "geometry": { "type": "Point", "coordinates": [ -73.994075090400003, 40.7205963599 ] } },
{ "type": "Feature", "properties": { "objectid": 12356, "name": "Wall St (4,5)", "boroname": "Manhattan", "type": "Free", "provider": "Transit Wireless", "location_t": "Subway Station" }, "geometry": { "type": "Point", "coordinates": [ -74.011861999800004, 40.707557 ] } },
{ "type": "Feature", "properties": { "objectid": 11436, "name": "mn-08-121980", "boroname": "Manhattan", "type": "Free", "provider": "LinkNYC - Citybridge", "location_t": "Outdoor Kiosk" }, "geometry": { "type": "Point", "coordinates": [ -73.970303000300007, 40.764821000200001 ] } },
{ "type": "Feature", "properties": { "objectid": 11731, "name": "qu-01-100721", "boroname": "Queens", "type": "Free", "provider": "LinkNYC - Citybridge", "location_t": "Outdoor Kiosk" }, "geometry": { "type": "Point", "coordinates": [ -73.924217809599995, 40.761507260199998 ] } },
{ "type": "Feature", "properties": { "objectid": 12802, "name": "mn-01-123002", "boroname": "Manhattan", "type": "Free", "provider": "LinkNYC - Citybridge", "location_t": "Outdoor Kiosk" }, "geometry": { "type": "Point", "coordinates": [ -74.009984574, 40.703311080200002 ] } },
{ "type": "Feature", "properties": { "objectid": 12302, "name": "qu-06-124204", "boroname": "Queens", "type": "Free", "provider": "LinkNYC - Citybridge", "location_t": "Outdoor Kiosk" }, "geometry": { "type": "Point", "coordinates": [ -73.8525186408, 40.726241268199999 ] } },
{ "type": "Feature", "properties": { "objectid": 12819, "name": "qu-12-141537", "boroname": "Queens", "type": "Free", "provider": "LinkNYC - Citybridge", "location_t": "Outdoor Kiosk" }, "geometry": { "type": "Point", "coordinates": [ -73.797865310399999, 40.704355100199997 ] } },
{ "type": "Feature", "properties": { "objectid": 11327, "name": "0", "boroname": "Brooklyn", "type": "Free", "provider": "City Tech", "location_t": "Outdoor" }, "geometry": { "type": "Point", "coordinates": [ -73.987331400599999, 40.695037899699997 ] } },
{ "type": "Feature", "properties": { "objectid": 10058, "name": "Richmondtown", "boroname": "Staten Island", "type": "Free", "provider": "NYPL", "location_t": "Library" }, "geometry": { "type": "Point", "coordinates": [ -74.138533876500006, 40.566530146200002 ] } },
{ "type": "Feature", "properties": { "objectid": 10679, "name": "mn-07-121312", "boroname": "Manhattan", "type": "Free", "provider": "LinkNYC - Citybridge", "location_t": "Outdoor Kiosk" }, "geometry": { "type": "Point", "coordinates": [ -73.979762309799995, 40.78459233 ] } },
{ "type": "Feature", "properties": { "objectid": 12094, "name": "bx-05-119628", "boroname": "Bronx", "type": "Free", "provider": "LinkNYC - Citybridge", "location_t": "Outdoor Kiosk" }, "geometry": { "type": "Point", "coordinates": [ -73.898552589600001, 40.859153720400002 ] } },
{ "type": "Feature", "properties": { "objectid": 10739, "name": "Crotona Park", "boroname": "Bronx", "type": "Limited Free", "provider": "ALTICEUSA", "location_t": "Outdoor" }, "geometry": { "type": "Point", "coordinates": [ -73.891900000199996, 40.841199999700002 ] } },
{ "type": "Feature", "properties": { "objectid": 12408, "name": "Grand Army Plaza (2,3)", "boroname": "Brooklyn", "type": "Free", "provider": "Transit Wireless", "location_t": "Subway Station" }, "geometry": { "type": "Point", "coordinates": [ -73.971045999400005, 40.675235000100002 ] } },
{ "type": "Feature", "properties": { "objectid": 12182, "name": "mn-08-135119", "boroname": "Manhattan", "type": "Free", "provider": "LinkNYC - Citybridge", "location_t": "Outdoor Kiosk" }, "geometry": { "type": "Point", "coordinates": [ -73.95964853, 40.7625953103 ] } },
{ "type": "Feature", "properties": { "objectid": 12691, "name": "mn-05-107819", "boroname": "Manhattan", "type": "Free", "provider": "LinkNYC - Citybridge", "location_t": "Outdoor Kiosk" }, "geometry": { "type": "Point", "coordinates": [ -73.987771550299996, 40.759655969699999 ] } },
{ "type": "Feature", "properties": { "objectid": 12946, "name": "mn-09-134414", "boroname": "Manhattan", "type": "Free", "provider": "LinkNYC - Citybridge", "location_t": "Outdoor" }, "geometry": { "type": "Point", "coordinates": [ -73.966555562799996, 40.804697143299997 ] } },
{ "type": "Feature", "properties": { "objectid": 11238, "name": "qu-01-143435", "boroname": "Queens", "type": "Free", "provider": "LinkNYC - Citybridge", "location_t": "Outdoor Kiosk" }, "geometry": { "type": "Point", "coordinates": [ -73.918015610099999, 40.758591250099997 ] } },
{ "type": "Feature", "properties": { "objectid": 12623, "name": "mn-12-100190", "boroname": "Manhattan", "type": "Free", "provider": "LinkNYC - Citybridge", "location_t": "Outdoor Kiosk" }, "geometry": { "type": "Point", "coordinates": [ -73.942288, 40.837103999900002 ] } },
{ "type": "Feature", "properties": { "objectid": 11042, "name": "qu-04-125340", "boroname": "Queens", "type": "Free", "provider": "LinkNYC - Citybridge", "location_t": "Outdoor Kiosk" }, "geometry": { "type": "Point", "coordinates": [ -73.884097859600004, 40.747543369699997 ] } },
{ "type": "Feature", "properties": { "objectid": 9875, "name": null, "boroname": "Brooklyn", "type": "Free", "provider": "Downtown Brooklyn", "location_t": "Outdoor" }, "geometry": { "type": "Point", "coordinates": [ -73.986706500500006, 40.6940105 ] } },
{ "type": "Feature", "properties": { "objectid": 12159, "name": "mn-05-134444", "boroname": "Manhattan", "type": "Free", "provider": "LinkNYC - Citybridge", "location_t": "Outdoor Kiosk" }, "geometry": { "type": "Point", "coordinates": [ -73.990241409600003, 40.74661929 ] } },
{ "type": "Feature", "properties": { "objectid": 9986, "name": "Walt Whitman - Brooklyn Public Library", "boroname": "Brooklyn", "type": "Free", "provider": "BPL", "location_t": "Library" }, "geometry": { "type": "Point", "coordinates": [ -73.9777326329, 40.694489698300004 ] } },
{ "type": "Feature", "properties": { "objectid": 11780, "name": "mn-08-107873", "boroname": "Manhattan", "type": "Free", "provider": "LinkNYC - Citybridge", "location_t": "Outdoor Kiosk" }, "geometry": { "type": "Point", "coordinates": [ -73.958734039899994, 40.7638452403 ] } },
{ "type": "Feature", "properties": { "objectid": 10257, "name": "bk-01-146002", "boroname": "Brooklyn", "type": "Free", "provider": "LinkNYC - Citybridge", "location_t": "Outdoor Kiosk" }, "geometry": { "type": "Point", "coordinates": [ -73.961286529800006, 40.7164305696 ] } },
{ "type": "Feature", "properties": { "objectid": 10112, "name": "27", "boroname": "Manhattan", "type": "Free", "provider": "Manhattan Down Alliance", "location_t": "Outdoor" }, "geometry": { "type": "Point", "coordinates": [ -74.010398899699993, 40.7038994 ] } },
{ "type": "Feature", "properties": { "objectid": 11915, "name": "qu-06-145765", "boroname": "Queens", "type": "Free", "provider": "LinkNYC - Citybridge", "location_t": "Outdoor Kiosk" }, "geometry": { "type": "Point", "coordinates": [ -73.856071159699994, 40.727489009700001 ] } },
{ "type": "Feature", "properties": { "objectid": 11101, "name": "si-02-145730", "boroname": "Staten Island", "type": "Free", "provider": "LinkNYC - Citybridge", "location_t": "Outdoor Kiosk" }, "geometry": { "type": "Point", "coordinates": [ -74.10861367, 40.571781519699996 ] } },
{ "type": "Feature", "properties": { "objectid": 12694, "name": "mn-05-121491", "boroname": "Manhattan", "type": "Free", "provider": "LinkNYC - Citybridge", "location_t": "Outdoor Kiosk" }, "geometry": { "type": "Point", "coordinates": [ -73.983767109499993, 40.7410117 ] } },
{ "type": "Feature", "properties": { "objectid": 12289, "name": "qu-09-124784", "boroname": "Queens", "type": "Free", "provider": "LinkNYC - Citybridge", "location_t": "Outdoor Kiosk" }, "geometry": { "type": "Point", "coordinates": [ -73.836280401, 40.697562874900001 ] } },
{ "type": "Feature", "properties": { "objectid": 10259, "name": "bk-08-145903", "boroname": "Brooklyn", "type": "Free", "provider": "LinkNYC - Citybridge", "location_t": "Outdoor Kiosk" }, "geometry": { "type": "Point", "coordinates": [ -73.967999380199998, 40.680425620299999 ] } },
{ "type": "Feature", "properties": { "objectid": 9808, "name": "Jackie Robinson Recreation Center", "boroname": "Manhattan", "type": "Limited Free", "provider": "SPECTRUM", "location_t": "Outdoor" }, "geometry": { "type": "Point", "coordinates": [ -73.942178, 40.824777999799998 ] } },
{ "type": "Feature", "properties": { "objectid": 12504, "name": "bx-05-119573", "boroname": "Bronx", "type": "Free", "provider": "LinkNYC - Citybridge", "location_t": "Outdoor Kiosk" }, "geometry": { "type": "Point", "coordinates": [ -73.900314039700007, 40.862313289600003 ] } },
{ "type": "Feature", "properties": { "objectid": 11565, "name": "Rockaway Beach and Boardwalk", "boroname": "Queens", "type": "Limited Free", "provider": "SPECTRUM", "location_t": "Outdoor TWC Aerial" }, "geometry": { "type": "Point", "coordinates": [ -73.745389000299994, 40.596373999699999 ] } },
{ "type": "Feature", "properties": { "objectid": 12511, "name": "mn-06-121813", "boroname": "Manhattan", "type": "Free", "provider": "LinkNYC - Citybridge", "location_t": "Outdoor Kiosk" }, "geometry": { "type": "Point", "coordinates": [ -73.971876089700004, 40.754511750100001 ] } },
{ "type": "Feature", "properties": { "objectid": 12541, "name": "mn-04-135039", "boroname": "Manhattan", "type": "Free", "provider": "LinkNYC - Citybridge", "location_t": "Outdoor Kiosk" }, "geometry": { "type": "Point", "coordinates": [ -74.001806999799996, 40.740530999900002 ] } },
{ "type": "Feature", "properties": { "objectid": 11608, "name": "Tappen Park", "boroname": "Staten Island", "type": "Limited Free", "provider": "SPECTRUM", "location_t": "Outdoor TWC Aerial" }, "geometry": { "type": "Point", "coordinates": [ -74.075847999399997, 40.62686 ] } },
{ "type": "Feature", "properties": { "objectid": 9606, "name": "QUEENS BRIDGE - JACOB A. RIIS Settlement House", "boroname": "Queens", "type": "Free", "provider": "Spot On Networks", "location_t": "Indoor AP - North Maintenance Area" }, "geometry": { "type": "Point", "coordinates": [ -73.945165999699995, 40.755751000099998 ] } },
{ "type": "Feature", "properties": { "objectid": 11119, "name": "si-02-145824", "boroname": "Staten Island", "type": "Free", "provider": "LinkNYC - Citybridge", "location_t": "Outdoor Kiosk" }, "geometry": { "type": "Point", "coordinates": [ -74.111350389500004, 40.581676849600001 ] } },
{ "type": "Feature", "properties": { "objectid": 11057, "name": "mn-10-120062", "boroname": "Manhattan", "type": "Free", "provider": "LinkNYC - Citybridge", "location_t": "Outdoor Kiosk" }, "geometry": { "type": "Point", "coordinates": [ -73.939285999700004, 40.821827999699998 ] } },
{ "type": "Feature", "properties": { "objectid": 10195, "name": "qu-02-145985", "boroname": "Queens", "type": "Free", "provider": "LinkNYC - Citybridge", "location_t": "Outdoor Kiosk" }, "geometry": { "type": "Point", "coordinates": [ -73.919005599900004, 40.741303480100001 ] } },
{ "type": "Feature", "properties": { "objectid": 11463, "name": "mn-12-120767", "boroname": "Manhattan", "type": "Free", "provider": "LinkNYC - Citybridge", "location_t": "Outdoor Kiosk" }, "geometry": { "type": "Point", "coordinates": [ -73.937259172799997, 40.844689118 ] } },
{ "type": "Feature", "properties": { "objectid": 9999, "name": "Marcy - Brooklyn Public Library", "boroname": "Brooklyn", "type": "Free", "provider": "BPL", "location_t": "Library" }, "geometry": { "type": "Point", "coordinates": [ -73.951283498, 40.691623087300002 ] } },
{ "type": "Feature", "properties": { "objectid": 12246, "name": "mn-06-121498", "boroname": "Manhattan", "type": "Free", "provider": "LinkNYC - Citybridge", "location_t": "Outdoor Kiosk" }, "geometry": { "type": "Point", "coordinates": [ -73.981296940199996, 40.741168979800001 ] } },
{ "type": "Feature", "properties": { "objectid": 11855, "name": "qu-03-134084", "boroname": "Queens", "type": "Free", "provider": "LinkNYC - Citybridge", "location_t": "Outdoor Kiosk" }, "geometry": { "type": "Point", "coordinates": [ -73.879510580399995, 40.74816825 ] } },
{ "type": "Feature", "properties": { "objectid": 11231, "name": "mn-05-122211", "boroname": "Manhattan", "type": "Free", "provider": "LinkNYC - Citybridge", "location_t": "Outdoor Kiosk" }, "geometry": { "type": "Point", "coordinates": [ -73.990289570200005, 40.746004859599999 ] } },
{ "type": "Feature", "properties": { "objectid": 11853, "name": "mn-10-118276", "boroname": "Manhattan", "type": "Free", "provider": "LinkNYC - Citybridge", "location_t": "Outdoor Kiosk" }, "geometry": { "type": "Point", "coordinates": [ -73.956003490300006, 40.803399600399999 ] } },
{ "type": "Feature", "properties": { "objectid": 12548, "name": "mn-04-108537", "boroname": "Manhattan", "type": "Free", "provider": "LinkNYC - Citybridge", "location_t": "Outdoor Kiosk" }, "geometry": { "type": "Point", "coordinates": [ -74.000939999600007, 40.742297000100002 ] } },
{ "type": "Feature", "properties": { "objectid": 10361, "name": "Governors Island", "boroname": "Manhattan", "type": "Free", "provider": "Fiberless", "location_t": "Outdoor" }, "geometry": { "type": "Point", "coordinates": [ -74.024019999800004, 40.686300000400003 ] } },
{ "type": "Feature", "properties": { "objectid": 11543, "name": "Lost Battalion Hall Recreation Center", "boroname": "Queens", "type": "Limited Free", "provider": "SPECTRUM", "location_t": "Outdoor TWC Aerial" }, "geometry": { "type": "Point", "coordinates": [ -73.865622999500005, 40.7322529996 ] } },
{ "type": "Feature", "properties": { "objectid": 11334, "name": "50th St. ΓÇô 8th Avenue - C, E", "boroname": "Manhattan", "type": "Free", "provider": "Transit Wireless", "location_t": "Subway Station" }, "geometry": { "type": "Point", "coordinates": [ -73.985984000299993, 40.762456000199997 ] } },
{ "type": "Feature", "properties": { "objectid": 12472, "name": "mn-09-120409", "boroname": "Manhattan", "type": "Free", "provider": "LinkNYC - Citybridge", "location_t": "Outdoor Kiosk" }, "geometry": { "type": "Point", "coordinates": [ -73.965526100100007, 40.805472040399998 ] } },
{ "type": "Feature", "properties": { "objectid": 11625, "name": "Washington Square Park", "boroname": "Manhattan", "type": "Limited Free", "provider": "SPECTRUM", "location_t": "Outdoor" }, "geometry": { "type": "Point", "coordinates": [ -73.996839999599999, 40.7313510002 ] } },
{ "type": "Feature", "properties": { "objectid": 11700, "name": "Coney Island Beach & Boardwalk", "boroname": "Brooklyn", "type": "Limited Free", "provider": "ALTICEUSA", "location_t": "Outdoor" }, "geometry": { "type": "Point", "coordinates": [ -73.980012, 40.573266000099999 ] } },
{ "type": "Feature", "properties": { "objectid": 10553, "name": "Fort Greene Park", "boroname": "Brooklyn", "type": "Free", "provider": "AT&T", "location_t": "Outdoor" }, "geometry": { "type": "Point", "coordinates": [ -73.975500000300002, 40.691500000200001 ] } },
{ "type": "Feature", "properties": { "objectid": 10912, "name": null, "boroname": "Manhattan", "type": "Free", "provider": "Harlem", "location_t": "Outdoor" }, "geometry": { "type": "Point", "coordinates": [ -73.950577000400003, 40.810600999899997 ] } },
{ "type": "Feature", "properties": { "objectid": 11678, "name": "Claremont Park", "boroname": "Bronx", "type": "Limited Free", "provider": "ALTICEUSA", "location_t": "Outdoor" }, "geometry": { "type": "Point", "coordinates": [ -73.90678, 40.841220000200003 ] } },
{ "type": "Feature", "properties": { "objectid": 10347, "name": "Governors Island", "boroname": "Manhattan", "type": "Free", "provider": "Fiberless", "location_t": "Outdoor" }, "geometry": { "type": "Point", "coordinates": [ -74.013399999699999, 40.689589999799999 ] } },
{ "type": "Feature", "properties": { "objectid": 11151, "name": "mn-06-120627", "boroname": "Manhattan", "type": "Free", "provider": "LinkNYC - Citybridge", "location_t": "Outdoor Kiosk" }, "geometry": { "type": "Point", "coordinates": [ -73.971614000599999, 40.756944689900003 ] } },
{ "type": "Feature", "properties": { "objectid": 11124, "name": "bk-03-145830", "boroname": "Brooklyn", "type": "Free", "provider": "LinkNYC - Citybridge", "location_t": "Outdoor Kiosk" }, "geometry": { "type": "Point", "coordinates": [ -73.949522499599993, 40.679485430200003 ] } },
{ "type": "Feature", "properties": { "objectid": 10245, "name": "qu-01-145986", "boroname": "Queens", "type": "Free", "provider": "LinkNYC - Citybridge", "location_t": "Outdoor Kiosk" }, "geometry": { "type": "Point", "coordinates": [ -73.922447819799999, 40.755219904699999 ] } },
{ "type": "Feature", "properties": { "objectid": 12087, "name": "bk-02-127278", "boroname": "Brooklyn", "type": "Free", "provider": "LinkNYC - Citybridge", "location_t": "Outdoor Kiosk" }, "geometry": { "type": "Point", "coordinates": [ -73.990022619599998, 40.687496599699998 ] } },
{ "type": "Feature", "properties": { "objectid": 10507, "name": null, "boroname": "Manhattan", "type": "Free", "provider": "Chelsea", "location_t": "Outdoor" }, "geometry": { "type": "Point", "coordinates": [ -74.007017612, 40.743696748700003 ] } },
{ "type": "Feature", "properties": { "objectid": 10566, "name": "Central Park", "boroname": "Manhattan", "type": "Free", "provider": "AT&T", "location_t": "Outdoor" }, "geometry": { "type": "Point", "coordinates": [ -73.974000000499998, 40.772900000200003 ] } },
{ "type": "Feature", "properties": { "objectid": 9939, "name": "Parkchester", "boroname": "Bronx", "type": "Free", "provider": "NYPL", "location_t": "Library" }, "geometry": { "type": "Point", "coordinates": [ -73.858355217699994, 40.833736297400002 ] } },
{ "type": "Feature", "properties": { "objectid": 9638, "name": "qu-01-146090", "boroname": "Queens", "type": "Free", "provider": "LinkNYC - Citybridge", "location_t": "Outdoor Kiosk" }, "geometry": { "type": "Point", "coordinates": [ -73.920354270499999, 40.770747079800003 ] } },
{ "type": "Feature", "properties": { "objectid": 11823, "name": "mn-06-121424", "boroname": "Manhattan", "type": "Free", "provider": "LinkNYC - Citybridge", "location_t": "Outdoor Kiosk" }, "geometry": { "type": "Point", "coordinates": [ -73.9746857401, 40.7466513201 ] } },
{ "type": "Feature", "properties": { "objectid": 10847, "name": "Grand St (B,D)", "boroname": "Manhattan", "type": "Free", "provider": "Transit Wireless", "location_t": "Subway Station" }, "geometry": { "type": "Point", "coordinates": [ -73.993753000300003, 40.718266999599997 ] } },
{ "type": "Feature", "properties": { "objectid": 9677, "name": "Pelham Bay Park", "boroname": "Bronx", "type": "Limited Free", "provider": "ALTICEUSA", "location_t": "Outdoor" }, "geometry": { "type": "Point", "coordinates": [ -73.824472000100002, 40.846313999899998 ] } },
{ "type": "Feature", "properties": { "objectid": 11811, "name": "bx-07-119802", "boroname": "Bronx", "type": "Free", "provider": "LinkNYC - Citybridge", "location_t": "Outdoor Kiosk" }, "geometry": { "type": "Point", "coordinates": [ -73.893894399800004, 40.862347309599997 ] } },
{ "type": "Feature", "properties": { "objectid": 11221, "name": "mn-08-121767", "boroname": "Manhattan", "type": "Free", "provider": "LinkNYC - Citybridge", "location_t": "Outdoor Kiosk" }, "geometry": { "type": "Point", "coordinates": [ -73.963311129900006, 40.761748249900002 ] } },
{ "type": "Feature", "properties": { "objectid": 10594, "name": "Joyce Kilmer Park", "boroname": "Bronx", "type": "Free", "provider": "AT&T", "location_t": "Outdoor" }, "geometry": { "type": "Point", "coordinates": [ -73.922699999499997, 40.828499999599998 ] } },
{ "type": "Feature", "properties": { "objectid": 11952, "name": "bk-16-145761", "boroname": "Brooklyn", "type": "Free", "provider": "LinkNYC - Citybridge", "location_t": "Outdoor Kiosk" }, "geometry": { "type": "Point", "coordinates": [ -73.910252660500007, 40.678311849899998 ] } },
{ "type": "Feature", "properties": { "objectid": 12414, "name": "President St (2,5)", "boroname": "Brooklyn", "type": "Free", "provider": "Transit Wireless", "location_t": "Subway Station" }, "geometry": { "type": "Point", "coordinates": [ -73.950683, 40.667882999900002 ] } },
{ "type": "Feature", "properties": { "objectid": 11264, "name": "mn-07-134114", "boroname": "Manhattan", "type": "Free", "provider": "LinkNYC - Citybridge", "location_t": "Outdoor Kiosk" }, "geometry": { "type": "Point", "coordinates": [ -73.972462792499996, 40.785773875799997 ] } },
{ "type": "Feature", "properties": { "objectid": 10376, "name": "Manhattan Beach Park", "boroname": "Brooklyn", "type": "Limited Free", "provider": "ALTICEUSA", "location_t": "Outdoor" }, "geometry": { "type": "Point", "coordinates": [ -73.943589999400004, 40.576959999800003 ] } },
{ "type": "Feature", "properties": { "objectid": 12436, "name": "Church Av (F)", "boroname": "Brooklyn", "type": "Free", "provider": "Transit Wireless", "location_t": "Subway Station" }, "geometry": { "type": "Point", "coordinates": [ -73.979677999700002, 40.644040999700003 ] } },
{ "type": "Feature", "properties": { "objectid": 10441, "name": "Cunningham Park", "boroname": "Queens", "type": "Limited Free", "provider": "SPECTRUM", "location_t": "Outdoor TWC Aerial" }, "geometry": { "type": "Point", "coordinates": [ -73.775861000399999, 40.726811000300003 ] } },
{ "type": "Feature", "properties": { "objectid": 9919, "name": "Mosholu", "boroname": "Bronx", "type": "Free", "provider": "NYPL", "location_t": "Library" }, "geometry": { "type": "Point", "coordinates": [ -73.878384350299996, 40.874379814 ] } },
{ "type": "Feature", "properties": { "objectid": 11898, "name": "mn-10-119980", "boroname": "Manhattan", "type": "Free", "provider": "LinkNYC - Citybridge", "location_t": "Outdoor Kiosk" }, "geometry": { "type": "Point", "coordinates": [ -73.956488130500006, 40.803024250199996 ] } },
{ "type": "Feature", "properties": { "objectid": 12344, "name": "bx-04-140582", "boroname": "Bronx", "type": "Free", "provider": "LinkNYC - Citybridge", "location_t": "Outdoor Kiosk" }, "geometry": { "type": "Point", "coordinates": [ -73.926846999600002, 40.819885999599997 ] } },
{ "type": "Feature", "properties": { "objectid": 9688, "name": "Poe Park", "boroname": "Bronx", "type": "Limited Free", "provider": "ALTICEUSA", "location_t": "Outdoor" }, "geometry": { "type": "Point", "coordinates": [ -73.894227000499995, 40.865167000100001 ] } },
{ "type": "Feature", "properties": { "objectid": 12708, "name": "mn-06-138051", "boroname": "Manhattan", "type": "Free", "provider": "LinkNYC - Citybridge", "location_t": "Outdoor Kiosk" }, "geometry": { "type": "Point", "coordinates": [ -73.971262730299998, 40.7567902499 ] } },
{ "type": "Feature", "properties": { "objectid": 10862, "name": "Bowne Park", "boroname": "Queens", "type": "Limited Free", "provider": "SPECTRUM", "location_t": "Outdoor TWC Aerial" }, "geometry": { "type": "Point", "coordinates": [ -73.807507999799995, 40.769652000199997 ] } },
{ "type": "Feature", "properties": { "objectid": 10579, "name": "St. Mary's Park", "boroname": "Bronx", "type": "Limited Free", "provider": "ALTICEUSA", "location_t": "Indoor" }, "geometry": { "type": "Point", "coordinates": [ -73.914137999900007, 40.811544 ] } },
{ "type": "Feature", "properties": { "objectid": 12611, "name": "mn-09-102722", "boroname": "Manhattan", "type": "Free", "provider": "LinkNYC - Citybridge", "location_t": "Outdoor Kiosk" }, "geometry": { "type": "Point", "coordinates": [ -73.947866, 40.829675000100004 ] } },
{ "type": "Feature", "properties": { "objectid": 10466, "name": "MARINE PARK", "boroname": "Brooklyn", "type": "Limited Free", "provider": "ALTICEUSA", "location_t": "Indoor" }, "geometry": { "type": "Point", "coordinates": [ -73.930670999699998, 40.603993000199999 ] } },
{ "type": "Feature", "properties": { "objectid": 11930, "name": "bk-14-145814", "boroname": "Brooklyn", "type": "Free", "provider": "LinkNYC - Citybridge", "location_t": "Outdoor Kiosk" }, "geometry": { "type": "Point", "coordinates": [ -73.958203470100003, 40.646179180399997 ] } },
{ "type": "Feature", "properties": { "objectid": 11032, "name": "bk-17-127012", "boroname": "Brooklyn", "type": "Free", "provider": "LinkNYC - Citybridge", "location_t": "Outdoor Kiosk" }, "geometry": { "type": "Point", "coordinates": [ -73.949870000600001, 40.652771000199998 ] } },
{ "type": "Feature", "properties": { "objectid": 12791, "name": "mn-09-120561", "boroname": "Manhattan", "type": "Free", "provider": "LinkNYC - Citybridge", "location_t": "Outdoor Kiosk" }, "geometry": { "type": "Point", "coordinates": [ -73.951942, 40.819599999700003 ] } },
{ "type": "Feature", "properties": { "objectid": 12312, "name": "qu-02-143422", "boroname": "Queens", "type": "Free", "provider": "LinkNYC - Citybridge", "location_t": "Outdoor Kiosk" }, "geometry": { "type": "Point", "coordinates": [ -73.926455000299995, 40.743823000399999 ] } },
{ "type": "Feature", "properties": { "objectid": 11166, "name": "mn-10-120058", "boroname": "Manhattan", "type": "Free", "provider": "LinkNYC - Citybridge", "location_t": "Outdoor Kiosk" }, "geometry": { "type": "Point", "coordinates": [ -73.940303970100004, 40.820406170200002 ] } },
{ "type": "Feature", "properties": { "objectid": 12467, "name": "mn-07-120401", "boroname": "Manhattan", "type": "Free", "provider": "LinkNYC - Citybridge", "location_t": "Outdoor Kiosk" }, "geometry": { "type": "Point", "coordinates": [ -73.967379, 40.8029440002 ] } },
{ "type": "Feature", "properties": { "objectid": 10028, "name": "Hollis", "boroname": "Queens", "type": "Free", "provider": "QPL", "location_t": "Library" }, "geometry": { "type": "Point", "coordinates": [ -73.762304112300001, 40.720168429600001 ] } },
{ "type": "Feature", "properties": { "objectid": 9705, "name": "SARATOGA PARK", "boroname": "Brooklyn", "type": "Limited Free", "provider": "ALTICEUSA", "location_t": "Outdoor" }, "geometry": { "type": "Point", "coordinates": [ -73.918932999700004, 40.685042999899999 ] } },
{ "type": "Feature", "properties": { "objectid": 11984, "name": "bx-01-145916", "boroname": "Bronx", "type": "Free", "provider": "LinkNYC - Citybridge", "location_t": "Outdoor Kiosk" }, "geometry": { "type": "Point", "coordinates": [ -73.927885969599998, 40.810158560200001 ] } },
{ "type": "Feature", "properties": { "objectid": 10073, "name": "Paerdegat - Brooklyn Public Library", "boroname": "Brooklyn", "type": "Free", "provider": "BPL", "location_t": "Library" }, "geometry": { "type": "Point", "coordinates": [ -73.919984880800001, 40.632636993 ] } },
{ "type": "Feature", "properties": { "objectid": 12019, "name": "mn-12-120468", "boroname": "Manhattan", "type": "Free", "provider": "LinkNYC - Citybridge", "location_t": "Outdoor Kiosk" }, "geometry": { "type": "Point", "coordinates": [ -73.939588999600005, 40.835586000399999 ] } },
{ "type": "Feature", "properties": { "objectid": 10068, "name": "Epiphany", "boroname": "Manhattan", "type": "Free", "provider": "NYPL", "location_t": "Library" }, "geometry": { "type": "Point", "coordinates": [ -73.982048889599994, 40.738087120400003 ] } },
{ "type": "Feature", "properties": { "objectid": 11672, "name": "Brownsville Recreation Center", "boroname": "Brooklyn", "type": "Limited Free", "provider": "ALTICEUSA", "location_t": "Indoor" }, "geometry": { "type": "Point", "coordinates": [ -73.902859999499995, 40.652100000399997 ] } },
{ "type": "Feature", "properties": { "objectid": 11635, "name": "Lawrence Virgilio Playground /Windmuller Park", "boroname": "Queens", "type": "Limited Free", "provider": "SPECTRUM", "location_t": "Outdoor TWC Aerial" }, "geometry": { "type": "Point", "coordinates": [ -73.907408000499998, 40.745691000400001 ] } },
{ "type": "Feature", "properties": { "objectid": 10344, "name": "Governors Island", "boroname": "Manhattan", "type": "Free", "provider": "Fiberless", "location_t": "Outdoor" }, "geometry": { "type": "Point", "coordinates": [ -74.014540000099998, 40.692529999800001 ] } },
{ "type": "Feature", "properties": { "objectid": 10291, "name": "bk-06-145896", "boroname": "Brooklyn", "type": "Free", "provider": "LinkNYC - Citybridge", "location_t": "Outdoor Kiosk" }, "geometry": { "type": "Point", "coordinates": [ -73.978034000400001, 40.680322999600001 ] } },
{ "type": "Feature", "properties": { "objectid": 12914, "name": "qu-02-125016", "boroname": "Queens", "type": "Free", "provider": "LinkNYC - Citybridge", "location_t": "Outdoor Kiosk" }, "geometry": { "type": "Point", "coordinates": [ -73.954479740500005, 40.741882439599998 ] } },
{ "type": "Feature", "properties": { "objectid": 10706, "name": "mn-04-123517", "boroname": "Manhattan", "type": "Free", "provider": "LinkNYC - Citybridge", "location_t": "Outdoor Kiosk" }, "geometry": { "type": "Point", "coordinates": [ -74.003724659900001, 40.743413829799998 ] } },
{ "type": "Feature", "properties": { "objectid": 12489, "name": "mn-09-111954", "boroname": "Manhattan", "type": "Free", "provider": "LinkNYC - Citybridge", "location_t": "Outdoor Kiosk" }, "geometry": { "type": "Point", "coordinates": [ -73.950906999599994, 40.825507999899997 ] } },
{ "type": "Feature", "properties": { "objectid": 11554, "name": "Pelham Fritz Recreation Center", "boroname": "Manhattan", "type": "Limited Free", "provider": "SPECTRUM", "location_t": "Indoor" }, "geometry": { "type": "Point", "coordinates": [ -73.944908999899994, 40.805012999699997 ] } },
{ "type": "Feature", "properties": { "objectid": 11613, "name": "Thomas Jefferson Park", "boroname": "Manhattan", "type": "Limited Free", "provider": "SPECTRUM", "location_t": "Indoor" }, "geometry": { "type": "Point", "coordinates": [ -73.936816000500002, 40.793669000199998 ] } },
{ "type": "Feature", "properties": { "objectid": 10785, "name": "175 St (A)", "boroname": "Manhattan", "type": "Free", "provider": "Transit Wireless", "location_t": "Subway Station" }, "geometry": { "type": "Point", "coordinates": [ -73.939704, 40.847390999799998 ] } },
{ "type": "Feature", "properties": { "objectid": 12627, "name": "bk-03-145808", "boroname": "Brooklyn", "type": "Free", "provider": "LinkNYC - Citybridge", "location_t": "Outdoor Kiosk" }, "geometry": { "type": "Point", "coordinates": [ -73.943843, 40.680014999900003 ] } },
{ "type": "Feature", "properties": { "objectid": 11871, "name": "qu-03-139608", "boroname": "Queens", "type": "Free", "provider": "LinkNYC - Citybridge", "location_t": "Outdoor Kiosk" }, "geometry": { "type": "Point", "coordinates": [ -73.885751300300001, 40.747602970199999 ] } },
{ "type": "Feature", "properties": { "objectid": 12419, "name": "Brooklyn College-Flatbush Av (2,5)", "boroname": "Brooklyn", "type": "Free", "provider": "Transit Wireless", "location_t": "Subway Station" }, "geometry": { "type": "Point", "coordinates": [ -73.947642000200005, 40.632835999800001 ] } },
{ "type": "Feature", "properties": { "objectid": 10329, "name": "bk-05-145945", "boroname": "Brooklyn", "type": "Free", "provider": "LinkNYC - Citybridge", "location_t": "Outdoor Kiosk" }, "geometry": { "type": "Point", "coordinates": [ -73.901951369700001, 40.677540000400001 ] } },
{ "type": "Feature", "properties": { "objectid": 12351, "name": "Metropolitan Av (G)/Lorimer St (L)", "boroname": "Brooklyn", "type": "Free", "provider": "Transit Wireless", "location_t": "Subway Station" }, "geometry": { "type": "Point", "coordinates": [ -73.951418000499999, 40.712792000299999 ] } },
{ "type": "Feature", "properties": { "objectid": 10396, "name": null, "boroname": "Manhattan", "type": "Free", "provider": "Harlem", "location_t": "Outdoor" }, "geometry": { "type": "Point", "coordinates": [ -73.937552999800005, 40.810014000400002 ] } },
{ "type": "Feature", "properties": { "objectid": 10879, "name": "Kissena Park", "boroname": "Queens", "type": "Limited Free", "provider": "SPECTRUM", "location_t": "Outdoor TWC Aerial" }, "geometry": { "type": "Point", "coordinates": [ -73.813569999699993, 40.7454899998 ] } },
{ "type": "Feature", "properties": { "objectid": 11883, "name": "mn-12-120347", "boroname": "Manhattan", "type": "Free", "provider": "LinkNYC - Citybridge", "location_t": "Outdoor Kiosk" }, "geometry": { "type": "Point", "coordinates": [ -73.945435999699995, 40.834973999799999 ] } },
{ "type": "Feature", "properties": { "objectid": 11134, "name": "qu-06-145955", "boroname": "Queens", "type": "Free", "provider": "LinkNYC - Citybridge", "location_t": "Outdoor Kiosk" }, "geometry": { "type": "Point", "coordinates": [ -73.845606570300006, 40.721176839599998 ] } },
{ "type": "Feature", "properties": { "objectid": 12234, "name": "mn-06-133525", "boroname": "Manhattan", "type": "Free", "provider": "LinkNYC - Citybridge", "location_t": "Outdoor Kiosk" }, "geometry": { "type": "Point", "coordinates": [ -73.985123480400006, 40.736331690299998 ] } },
{ "type": "Feature", "properties": { "objectid": 11446, "name": "mn-07-121209", "boroname": "Manhattan", "type": "Free", "provider": "LinkNYC - Citybridge", "location_t": "Outdoor Kiosk" }, "geometry": { "type": "Point", "coordinates": [ -73.979137469799994, 40.781861190100003 ] } },
{ "type": "Feature", "properties": { "objectid": 10808, "name": "Harlem-148 St (3)", "boroname": "Manhattan", "type": "Free", "provider": "Transit Wireless", "location_t": "Subway Station" }, "geometry": { "type": "Point", "coordinates": [ -73.936470000100002, 40.823879999900001 ] } },
{ "type": "Feature", "properties": { "objectid": 11603, "name": "Sorrentino Recreation Center", "boroname": "Queens", "type": "Limited Free", "provider": "SPECTRUM", "location_t": "Indoor" }, "geometry": { "type": "Point", "coordinates": [ -73.751402000300004, 40.602348999699998 ] } },
{ "type": "Feature", "properties": { "objectid": 12655, "name": "mn-04-108109", "boroname": "Manhattan", "type": "Free", "provider": "LinkNYC - Citybridge", "location_t": "Outdoor Kiosk" }, "geometry": { "type": "Point", "coordinates": [ -73.992562809800006, 40.7536420896 ] } },
{ "type": "Feature", "properties": { "objectid": 12813, "name": "qu-12-141540", "boroname": "Queens", "type": "Free", "provider": "LinkNYC - Citybridge", "location_t": "Outdoor Kiosk" }, "geometry": { "type": "Point", "coordinates": [ -73.795896999899995, 40.705143000299998 ] } },
{ "type": "Feature", "properties": { "objectid": 9855, "name": null, "boroname": "Brooklyn", "type": "Free", "provider": "Downtown Brooklyn", "location_t": "Outdoor" }, "geometry": { "type": "Point", "coordinates": [ -73.985787999799996, 40.693350000099997 ] } },
{ "type": "Feature", "properties": { "objectid": 12823, "name": "mn-08-121741", "boroname": "Manhattan", "type": "Free", "provider": "LinkNYC - Citybridge", "location_t": "Outdoor Kiosk" }, "geometry": { "type": "Point", "coordinates": [ -73.965809280499997, 40.76210714 ] } },
{ "type": "Feature", "properties": { "objectid": 10539, "name": "bx-05-146097", "boroname": "Bronx", "type": "Free", "provider": "LinkNYC - Citybridge", "location_t": "Outdoor Kiosk" }, "geometry": { "type": "Point", "coordinates": [ -73.910281729700003, 40.850173000399998 ] } },
{ "type": "Feature", "properties": { "objectid": 10446, "name": "Elmhurst Park", "boroname": "Queens", "type": "Limited Free", "provider": "SPECTRUM", "location_t": "Outdoor TWC Aerial" }, "geometry": { "type": "Point", "coordinates": [ -73.884200000500002, 40.7304889997 ] } },
{ "type": "Feature", "properties": { "objectid": 10379, "name": "Manhattan Beach Park", "boroname": "Brooklyn", "type": "Limited Free", "provider": "ALTICEUSA", "location_t": "Outdoor" }, "geometry": { "type": "Point", "coordinates": [ -73.940909999699997, 40.578290000400003 ] } },
{ "type": "Feature", "properties": { "objectid": 10213, "name": "Red Hook Park", "boroname": "Brooklyn", "type": "Limited Free", "provider": "SPECTRUM", "location_t": "Outdoor TWC Aerial" }, "geometry": { "type": "Point", "coordinates": [ -74.004145000099996, 40.6722139998 ] } },
{ "type": "Feature", "properties": { "objectid": 9665, "name": "mn-03-133491", "boroname": "Manhattan", "type": "Free", "provider": "LinkNYC - Citybridge", "location_t": "Outdoor Kiosk" }, "geometry": { "type": "Point", "coordinates": [ -73.989008, 40.730577999799998 ] } },
{ "type": "Feature", "properties": { "objectid": 10484, "name": "Williamsbridge Oval", "boroname": "Bronx", "type": "Limited Free", "provider": "ALTICEUSA", "location_t": "Outdoor" }, "geometry": { "type": "Point", "coordinates": [ -73.876272999899996, 40.876787999900003 ] } },
{ "type": "Feature", "properties": { "objectid": 10495, "name": "10", "boroname": "Manhattan", "type": "Free", "provider": "Manhattan Down Alliance", "location_t": "Outdoor" }, "geometry": { "type": "Point", "coordinates": [ -74.009300199500004, 40.704898799799999 ] } },
{ "type": "Feature", "properties": { "objectid": 10684, "name": "mn-07-121300", "boroname": "Manhattan", "type": "Free", "provider": "LinkNYC - Citybridge", "location_t": "Outdoor Kiosk" }, "geometry": { "type": "Point", "coordinates": [ -73.979245620599997, 40.785134529899999 ] } },
{ "type": "Feature", "properties": { "objectid": 11618, "name": "Tompkinsville Park", "boroname": "Staten Island", "type": "Limited Free", "provider": "SPECTRUM", "location_t": "Outdoor TWC Aerial" }, "geometry": { "type": "Point", "coordinates": [ -74.076762999799996, 40.637317000400003 ] } },
{ "type": "Feature", "properties": { "objectid": 12451, "name": "mn-07-133637", "boroname": "Manhattan", "type": "Free", "provider": "LinkNYC - Citybridge", "location_t": "Outdoor Kiosk" }, "geometry": { "type": "Point", "coordinates": [ -73.970010999500005, 40.797394000099999 ] } },
{ "type": "Feature", "properties": { "objectid": 9720, "name": "St. John's Recreation Center", "boroname": "Brooklyn", "type": "Limited Free", "provider": "ALTICEUSA", "location_t": "Indoor" }, "geometry": { "type": "Point", "coordinates": [ -73.935013999800006, 40.673754999899998 ] } },
{ "type": "Feature", "properties": { "objectid": 9801, "name": "J. Hood Wright Recreation Center", "boroname": "Manhattan", "type": "Limited Free", "provider": "SPECTRUM", "location_t": "Indoor" }, "geometry": { "type": "Point", "coordinates": [ -73.940883000499994, 40.846685999599998 ] } },
{ "type": "Feature", "properties": { "objectid": 12748, "name": "mn-05-144692", "boroname": "Manhattan", "type": "Free", "provider": "LinkNYC - Citybridge", "location_t": "Outdoor Kiosk" }, "geometry": { "type": "Point", "coordinates": [ -73.983693289599998, 40.760326360400001 ] } },
{ "type": "Feature", "properties": { "objectid": 11297, "name": "Dongan Hills", "boroname": "Staten Island", "type": "Free", "provider": "NYPL", "location_t": "Library" }, "geometry": { "type": "Point", "coordinates": [ -74.1011372894, 40.590391336 ] } },
{ "type": "Feature", "properties": { "objectid": 10615, "name": "mn-02-123559", "boroname": "Manhattan", "type": "Free", "provider": "LinkNYC - Citybridge", "location_t": "Outdoor Kiosk" }, "geometry": { "type": "Point", "coordinates": [ -74.003502179600005, 40.727115269800002 ] } },
{ "type": "Feature", "properties": { "objectid": 12034, "name": "mn-03-133426", "boroname": "Manhattan", "type": "Free", "provider": "LinkNYC - Citybridge", "location_t": "Outdoor Kiosk" }, "geometry": { "type": "Point", "coordinates": [ -73.997645920500005, 40.71665239 ] } },
{ "type": "Feature", "properties": { "objectid": 9954, "name": "Clarendon - Brooklyn Public Library", "boroname": "Brooklyn", "type": "Free", "provider": "BPL", "location_t": "Library" }, "geometry": { "type": "Point", "coordinates": [ -73.947620028499998, 40.635741284600002 ] } },
{ "type": "Feature", "properties": { "objectid": 12200, "name": "mn-12-135041", "boroname": "Manhattan", "type": "Free", "provider": "LinkNYC - Citybridge", "location_t": "Outdoor Kiosk" }, "geometry": { "type": "Point", "coordinates": [ -73.934240999799997, 40.848443850199999 ] } },
{ "type": "Feature", "properties": { "objectid": 12642, "name": "bk-06-125912", "boroname": "Brooklyn", "type": "Free", "provider": "LinkNYC - Citybridge", "location_t": "Outdoor Kiosk" }, "geometry": { "type": "Point", "coordinates": [ -73.987978999399999, 40.667304999599999 ] } },
{ "type": "Feature", "properties": { "objectid": 12868, "name": "mn-08-119832", "boroname": "Manhattan", "type": "Free", "provider": "LinkNYC - Citybridge", "location_t": "Outdoor Kiosk" }, "geometry": { "type": "Point", "coordinates": [ -73.951257289799997, 40.782765619700001 ] } },
{ "type": "Feature", "properties": { "objectid": 10228, "name": "Rockaway Beach and Boardwalk", "boroname": "Queens", "type": "Limited Free", "provider": "SPECTRUM", "location_t": "Outdoor" }, "geometry": { "type": "Point", "coordinates": [ -73.817877000300001, 40.582914000400002 ] } },
{ "type": "Feature", "properties": { "objectid": 11997, "name": "bx-06-118922", "boroname": "Bronx", "type": "Free", "provider": "LinkNYC - Citybridge", "location_t": "Outdoor Kiosk" }, "geometry": { "type": "Point", "coordinates": [ -73.898220556499993, 40.846926174700002 ] } },
{ "type": "Feature", "properties": { "objectid": 12588, "name": "mn-09-134826", "boroname": "Manhattan", "type": "Free", "provider": "LinkNYC - Citybridge", "location_t": "Outdoor Kiosk" }, "geometry": { "type": "Point", "coordinates": [ -73.9498679995, 40.826927999799999 ] } },
{ "type": "Feature", "properties": { "objectid": 12214, "name": "mn-06-136486", "boroname": "Manhattan", "type": "Free", "provider": "LinkNYC - Citybridge", "location_t": "Outdoor Kiosk" }, "geometry": { "type": "Point", "coordinates": [ -73.987043509499998, 40.73369379 ] } },
{ "type": "Feature", "properties": { "objectid": 11490, "name": "mn-03-123800", "boroname": "Manhattan", "type": "Free", "provider": "LinkNYC - Citybridge", "location_t": "Outdoor Kiosk" }, "geometry": { "type": "Point", "coordinates": [ -73.983245650399994, 40.731538570300003 ] } },
{ "type": "Feature", "properties": { "objectid": 11722, "name": "Crotona Park", "boroname": "Bronx", "type": "Limited Free", "provider": "ALTICEUSA", "location_t": "Outdoor" }, "geometry": { "type": "Point", "coordinates": [ -73.887757000099995, 40.839709999699998 ] } },
{ "type": "Feature", "properties": { "objectid": 11431, "name": "mn-07-121259", "boroname": "Manhattan", "type": "Free", "provider": "LinkNYC - Citybridge", "location_t": "Outdoor Kiosk" }, "geometry": { "type": "Point", "coordinates": [ -73.971881439800001, 40.787078839800003 ] } },
{ "type": "Feature", "properties": { "objectid": 12274, "name": "mn-06-121358", "boroname": "Manhattan", "type": "Free", "provider": "LinkNYC - Citybridge", "location_t": "Outdoor Kiosk" }, "geometry": { "type": "Point", "coordinates": [ -73.972842870199997, 40.752664820100001 ] } },
{ "type": "Feature", "properties": { "objectid": 10981, "name": "Alfred E. Smith Playground", "boroname": "Manhattan", "type": "Limited Free", "provider": "SPECTRUM", "location_t": "Indoor" }, "geometry": { "type": "Point", "coordinates": [ -73.997979999899997, 40.7102499999 ] } },
{ "type": "Feature", "properties": { "objectid": 10928, "name": null, "boroname": "Manhattan", "type": "Free", "provider": "Harlem", "location_t": "Outdoor" }, "geometry": { "type": "Point", "coordinates": [ -73.942724999800006, 40.811840999799998 ] } },
{ "type": "Feature", "properties": { "objectid": 9769, "name": "mn-09-134916", "boroname": "Manhattan", "type": "Free", "provider": "LinkNYC - Citybridge", "location_t": "Outdoor Kiosk" }, "geometry": { "type": "Point", "coordinates": [ -73.966788060300004, 40.8051138099 ] } },
{ "type": "Feature", "properties": { "objectid": 11581, "name": "Roy Wilkins Recreation Center", "boroname": "Queens", "type": "Limited Free", "provider": "SPECTRUM", "location_t": "Indoor" }, "geometry": { "type": "Point", "coordinates": [ -73.769558999599994, 40.687191 ] } },
{ "type": "Feature", "properties": { "objectid": 12499, "name": "si-02-125467", "boroname": "Staten Island", "type": "Free", "provider": "LinkNYC - Citybridge", "location_t": "Outdoor Kiosk" }, "geometry": { "type": "Point", "coordinates": [ -74.102310000200006, 40.577771000200002 ] } },
{ "type": "Feature", "properties": { "objectid": 11753, "name": "mn-03-138878", "boroname": "Manhattan", "type": "Free", "provider": "LinkNYC - Citybridge", "location_t": "Outdoor Kiosk" }, "geometry": { "type": "Point", "coordinates": [ -73.986842369399994, 40.725290990200001 ] } },
{ "type": "Feature", "properties": { "objectid": 12520, "name": "mn-06-139110", "boroname": "Manhattan", "type": "Free", "provider": "LinkNYC - Citybridge", "location_t": "Outdoor Kiosk" }, "geometry": { "type": "Point", "coordinates": [ -73.969436309599999, 40.757851450099999 ] } },
{ "type": "Feature", "properties": { "objectid": 11000, "name": "Highlawn - Brooklyn Public Library", "boroname": "Brooklyn", "type": "Free", "provider": "BPL", "location_t": "Library" }, "geometry": { "type": "Point", "coordinates": [ -73.986231625499997, 40.605690343 ] } },
{ "type": "Feature", "properties": { "objectid": 11199, "name": "mn-08-120963", "boroname": "Manhattan", "type": "Free", "provider": "LinkNYC - Citybridge", "location_t": "Outdoor Kiosk" }, "geometry": { "type": "Point", "coordinates": [ -73.957577989599997, 40.7659954899 ] } },
{ "type": "Feature", "properties": { "objectid": 10050, "name": "Rochdale Village", "boroname": "Queens", "type": "Free", "provider": "QPL", "location_t": "Library" }, "geometry": { "type": "Point", "coordinates": [ -73.770590216100004, 40.6728752044 ] } },
{ "type": "Feature", "properties": { "objectid": 10521, "name": null, "boroname": "Manhattan", "type": "Free", "provider": "Chelsea", "location_t": "Outdoor" }, "geometry": { "type": "Point", "coordinates": [ -74.0040446358, 40.741846395800003 ] } },
{ "type": "Feature", "properties": { "objectid": 9670, "name": "mn-06-121448", "boroname": "Manhattan", "type": "Free", "provider": "LinkNYC - Citybridge", "location_t": "Outdoor Kiosk" }, "geometry": { "type": "Point", "coordinates": [ -73.979326550400003, 40.739851540399997 ] } },
{ "type": "Feature", "properties": { "objectid": 11156, "name": "bx-01-146045", "boroname": "Bronx", "type": "Free", "provider": "LinkNYC - Citybridge", "location_t": "Outdoor Kiosk" }, "geometry": { "type": "Point", "coordinates": [ -73.912954332300004, 40.814470815100002 ] } },
{ "type": "Feature", "properties": { "objectid": 10198, "name": "0", "boroname": "Brooklyn", "type": "Free", "provider": "NYCHA", "location_t": "Outdoor" }, "geometry": { "type": "Point", "coordinates": [ -73.982195200600003, 40.693701000200001 ] } },
{ "type": "Feature", "properties": { "objectid": 11253, "name": "mn-10-142632", "boroname": "Manhattan", "type": "Free", "provider": "LinkNYC - Citybridge", "location_t": "Outdoor Kiosk" }, "geometry": { "type": "Point", "coordinates": [ -73.95141341, 40.810023340299999 ] } },
{ "type": "Feature", "properties": { "objectid": 10674, "name": "mn-07-133397", "boroname": "Manhattan", "type": "Free", "provider": "LinkNYC - Citybridge", "location_t": "Outdoor Kiosk" }, "geometry": { "type": "Point", "coordinates": [ -73.980123000500001, 40.783373000399997 ] } },
{ "type": "Feature", "properties": { "objectid": 11485, "name": "mn-04-123494", "boroname": "Manhattan", "type": "Free", "provider": "LinkNYC - Citybridge", "location_t": "Outdoor Kiosk" }, "geometry": { "type": "Point", "coordinates": [ -73.995891999899996, 40.744114000400003 ] } },
{ "type": "Feature", "properties": { "objectid": 11460, "name": "mn-12-120665", "boroname": "Manhattan", "type": "Free", "provider": "LinkNYC - Citybridge", "location_t": "Outdoor Kiosk" }, "geometry": { "type": "Point", "coordinates": [ -73.931451979399995, 40.85225684 ] } },
{ "type": "Feature", "properties": { "objectid": 10089, "name": "Bayside", "boroname": "Queens", "type": "Free", "provider": "QPL", "location_t": "Library" }, "geometry": { "type": "Point", "coordinates": [ -73.768361980700007, 40.760125581200001 ] } },
{ "type": "Feature", "properties": { "objectid": 9971, "name": "Rugby - Brooklyn Public Library", "boroname": "Brooklyn", "type": "Free", "provider": "BPL", "location_t": "Library" }, "geometry": { "type": "Point", "coordinates": [ -73.930373919700003, 40.648636705199998 ] } },
{ "type": "Feature", "properties": { "objectid": 11522, "name": null, "boroname": "Brooklyn", "type": "Free", "provider": "Downtown Brooklyn", "location_t": "Outdoor" }, "geometry": { "type": "Point", "coordinates": [ -73.986787000099994, 40.692144 ] } },
{ "type": "Feature", "properties": { "objectid": 9633, "name": "mn-05-121651", "boroname": "Manhattan", "type": "Free", "provider": "LinkNYC - Citybridge", "location_t": "Outdoor Kiosk" }, "geometry": { "type": "Point", "coordinates": [ -73.983697999900002, 40.747143999800002 ] } },
{ "type": "Feature", "properties": { "objectid": 11347, "name": "96th Street - Broadway - 1, 2, 3", "boroname": "Manhattan", "type": "Free", "provider": "Transit Wireless", "location_t": "Subway Station" }, "geometry": { "type": "Point", "coordinates": [ -73.972323000299994, 40.793919000300001 ] } },
{ "type": "Feature", "properties": { "objectid": 11309, "name": "Pelham Bay Park", "boroname": "Bronx", "type": "Limited Free", "provider": "ALTICEUSA", "location_t": "Outdoor" }, "geometry": { "type": "Point", "coordinates": [ -73.822992, 40.847100000200001 ] } },
{ "type": "Feature", "properties": { "objectid": 12552, "name": "mn-04-134912", "boroname": "Manhattan", "type": "Free", "provider": "LinkNYC - Citybridge", "location_t": "Outdoor Kiosk" }, "geometry": { "type": "Point", "coordinates": [ -73.9996452, 40.743919289899999 ] } },
{ "type": "Feature", "properties": { "objectid": 12446, "name": "mn-07-120285", "boroname": "Manhattan", "type": "Free", "provider": "LinkNYC - Citybridge", "location_t": "Outdoor Kiosk" }, "geometry": { "type": "Point", "coordinates": [ -73.970619000300005, 40.796565999599999 ] } },
{ "type": "Feature", "properties": { "objectid": 12215, "name": "mn-06-123261", "boroname": "Manhattan", "type": "Free", "provider": "LinkNYC - Citybridge", "location_t": "Outdoor Kiosk" }, "geometry": { "type": "Point", "coordinates": [ -73.987384000600002, 40.733470000200001 ] } },
{ "type": "Feature", "properties": { "objectid": 12573, "name": "mn-05-133689", "boroname": "Manhattan", "type": "Free", "provider": "LinkNYC - Citybridge", "location_t": "Outdoor Kiosk" }, "geometry": { "type": "Point", "coordinates": [ -73.995109999600004, 40.749728000300003 ] } },
{ "type": "Feature", "properties": { "objectid": 12766, "name": "mn-07-120524", "boroname": "Manhattan", "type": "Free", "provider": "LinkNYC - Citybridge", "location_t": "Outdoor Kiosk" }, "geometry": { "type": "Point", "coordinates": [ -73.968646839900003, 40.79673748 ] } },
{ "type": "Feature", "properties": { "objectid": 9836, "name": "bx-01-146046", "boroname": "Bronx", "type": "Free", "provider": "LinkNYC - Citybridge", "location_t": "Outdoor Kiosk" }, "geometry": { "type": "Point", "coordinates": [ -73.926243624400001, 40.812557477699997 ] } },
{ "type": "Feature", "properties": { "objectid": 12674, "name": "mn-04-107675", "boroname": "Manhattan", "type": "Free", "provider": "LinkNYC - Citybridge", "location_t": "Outdoor Kiosk" }, "geometry": { "type": "Point", "coordinates": [ -73.985157409899998, 40.7638027502 ] } },
{ "type": "Feature", "properties": { "objectid": 12872, "name": "mn-11-107836", "boroname": "Manhattan", "type": "Free", "provider": "LinkNYC - Citybridge", "location_t": "Outdoor Kiosk" }, "geometry": { "type": "Point", "coordinates": [ -73.947943999800003, 40.7873089996 ] } },
{ "type": "Feature", "properties": { "objectid": 12870, "name": "mn-08-119829", "boroname": "Manhattan", "type": "Free", "provider": "LinkNYC - Citybridge", "location_t": "Outdoor Kiosk" }, "geometry": { "type": "Point", "coordinates": [ -73.9498739199, 40.784662539899998 ] } },
{ "type": "Feature", "properties": { "objectid": 10689, "name": "mn-07-136212", "boroname": "Manhattan", "type": "Free", "provider": "LinkNYC - Citybridge", "location_t": "Outdoor Kiosk" }, "geometry": { "type": "Point", "coordinates": [ -73.977697999499995, 40.786206999800001 ] } },
{ "type": "Feature", "properties": { "objectid": 12723, "name": "mn-05-121967", "boroname": "Manhattan", "type": "Free", "provider": "LinkNYC - Citybridge", "location_t": "Outdoor Kiosk" }, "geometry": { "type": "Point", "coordinates": [ -73.9740080001, 40.7597119996 ] } },
{ "type": "Feature", "properties": { "objectid": 12404, "name": "Clinton-Washington Avs (G)", "boroname": "Brooklyn", "type": "Free", "provider": "Transit Wireless", "location_t": "Subway Station" }, "geometry": { "type": "Point", "coordinates": [ -73.966838999900006, 40.688089000300003 ] } },
{ "type": "Feature", "properties": { "objectid": 12806, "name": "qu-02-141373", "boroname": "Queens", "type": "Free", "provider": "LinkNYC - Citybridge", "location_t": "Outdoor Kiosk" }, "geometry": { "type": "Point", "coordinates": [ -73.953738860499996, 40.7435585598 ] } },
{ "type": "Feature", "properties": { "objectid": 9827, "name": "Governors Island", "boroname": "Manhattan", "type": "Free", "provider": "Fiberless", "location_t": "Outdoor" }, "geometry": { "type": "Point", "coordinates": [ -74.0182600001, 40.689190000399996 ] } },
{ "type": "Feature", "properties": { "objectid": 12429, "name": "59 St (N,R)", "boroname": "Brooklyn", "type": "Free", "provider": "Transit Wireless", "location_t": "Subway Station" }, "geometry": { "type": "Point", "coordinates": [ -74.017880999599996, 40.641362000400001 ] } },
{ "type": "Feature", "properties": { "objectid": 10406, "name": null, "boroname": "Manhattan", "type": "Free", "provider": "Harlem", "location_t": "Outdoor" }, "geometry": { "type": "Point", "coordinates": [ -73.940443000200005, 40.814105 ] } },
{ "type": "Feature", "properties": { "objectid": 10894, "name": "mn-12-111621", "boroname": "Manhattan", "type": "Free", "provider": "LinkNYC - Citybridge", "location_t": "Outdoor Kiosk" }, "geometry": { "type": "Point", "coordinates": [ -73.9378068404, 40.843567130399997 ] } },
{ "type": "Feature", "properties": { "objectid": 10013, "name": "Maspeth", "boroname": "Queens", "type": "Free", "provider": "QPL", "location_t": "Library" }, "geometry": { "type": "Point", "coordinates": [ -73.8931045649, 40.726995370099999 ] } },
{ "type": "Feature", "properties": { "objectid": 10622, "name": "mn-11-120224", "boroname": "Manhattan", "type": "Free", "provider": "LinkNYC - Citybridge", "location_t": "Outdoor Kiosk" }, "geometry": { "type": "Point", "coordinates": [ -73.944894819699996, 40.7914806398 ] } },
{ "type": "Feature", "properties": { "objectid": 12147, "name": "mn-12-120348", "boroname": "Manhattan", "type": "Free", "provider": "LinkNYC - Citybridge", "location_t": "Outdoor Kiosk" }, "geometry": { "type": "Point", "coordinates": [ -73.945449610300003, 40.834189249799998 ] } },
{ "type": "Feature", "properties": { "objectid": 11206, "name": "mn-06-121439", "boroname": "Manhattan", "type": "Free", "provider": "LinkNYC - Citybridge", "location_t": "Outdoor Kiosk" }, "geometry": { "type": "Point", "coordinates": [ -73.978363010199999, 40.741593160400001 ] } },
{ "type": "Feature", "properties": { "objectid": 9951, "name": "Homecrest - Brooklyn Public Library", "boroname": "Brooklyn", "type": "Free", "provider": "BPL", "location_t": "Library" }, "geometry": { "type": "Point", "coordinates": [ -73.960599369600004, 40.595236863099998 ] } },
{ "type": "Feature", "properties": { "objectid": 11640, "name": "Wolfe's Pond Park", "boroname": "Staten Island", "type": "Limited Free", "provider": "SPECTRUM", "location_t": "Outdoor" }, "geometry": { "type": "Point", "coordinates": [ -74.190996000200002, 40.517282999700001 ] } },
{ "type": "Feature", "properties": { "objectid": 10099, "name": "14", "boroname": "Manhattan", "type": "Free", "provider": "Manhattan Down Alliance", "location_t": "Outdoor" }, "geometry": { "type": "Point", "coordinates": [ -74.007499699600004, 40.703601800100003 ] } },
{ "type": "Feature", "properties": { "objectid": 10536, "name": "Midland Beach and Franklin D. Roosevelt Boardwalk", "boroname": "Staten Island", "type": "Limited Free", "provider": "SPECTRUM", "location_t": "Outdoor" }, "geometry": { "type": "Point", "coordinates": [ -74.087292999699997, 40.571268 ] } },
{ "type": "Feature", "properties": { "objectid": 12102, "name": "mn-05-108039", "boroname": "Manhattan", "type": "Free", "provider": "LinkNYC - Citybridge", "location_t": "Outdoor Kiosk" }, "geometry": { "type": "Point", "coordinates": [ -73.989015919600007, 40.7442430499 ] } },
{ "type": "Feature", "properties": { "objectid": 11339, "name": "72nd Street - Central Park West - B, C", "boroname": "Manhattan", "type": "Free", "provider": "Transit Wireless", "location_t": "Subway Station" }, "geometry": { "type": "Point", "coordinates": [ -73.976409999699996, 40.7755940001 ] } },
{ "type": "Feature", "properties": { "objectid": 12413, "name": "Crown Heights-Utica Av (3,4)", "boroname": "Brooklyn", "type": "Free", "provider": "Transit Wireless", "location_t": "Subway Station" }, "geometry": { "type": "Point", "coordinates": [ -73.932941999799993, 40.668897 ] } },
{ "type": "Feature", "properties": { "objectid": 12479, "name": "mn-09-120419", "boroname": "Manhattan", "type": "Free", "provider": "LinkNYC - Citybridge", "location_t": "Outdoor Kiosk" }, "geometry": { "type": "Point", "coordinates": [ -73.953006999500005, 40.822495 ] } },
{ "type": "Feature", "properties": { "objectid": 10702, "name": "mn-02-123595", "boroname": "Manhattan", "type": "Free", "provider": "LinkNYC - Citybridge", "location_t": "Outdoor Kiosk" }, "geometry": { "type": "Point", "coordinates": [ -74.007553769799998, 40.725334979800003 ] } },
{ "type": "Feature", "properties": { "objectid": 12460, "name": "mn-07-120391", "boroname": "Manhattan", "type": "Free", "provider": "LinkNYC - Citybridge", "location_t": "Outdoor Kiosk" }, "geometry": { "type": "Point", "coordinates": [ -73.967782000200003, 40.800580999799998 ] } },
{ "type": "Feature", "properties": { "objectid": 11510, "name": "Owl's Head Park", "boroname": "Brooklyn", "type": "Limited Free", "provider": "SPECTRUM", "location_t": "Outdoor" }, "geometry": { "type": "Point", "coordinates": [ -74.031895999499994, 40.639291999699999 ] } },
{ "type": "Feature", "properties": { "objectid": 11550, "name": "Pelham Fritz Recreation Center", "boroname": "Manhattan", "type": "Limited Free", "provider": "SPECTRUM", "location_t": "Indoor" }, "geometry": { "type": "Point", "coordinates": [ -73.944884999699994, 40.805010000300001 ] } },
{ "type": "Feature", "properties": { "objectid": 12119, "name": "mn-05-122529", "boroname": "Manhattan", "type": "Free", "provider": "LinkNYC - Citybridge", "location_t": "Outdoor Kiosk" }, "geometry": { "type": "Point", "coordinates": [ -73.982308559900005, 40.7641267204 ] } },
{ "type": "Feature", "properties": { "objectid": 10478, "name": "Vidalia Park", "boroname": "Bronx", "type": "Limited Free", "provider": "ALTICEUSA", "location_t": "Outdoor" }, "geometry": { "type": "Point", "coordinates": [ -73.881968, 40.8441409996 ] } },
{ "type": "Feature", "properties": { "objectid": 11593, "name": "Snug Harbor Cultural Center", "boroname": "Staten Island", "type": "Limited Free", "provider": "SPECTRUM", "location_t": "Outdoor TWC Aerial" }, "geometry": { "type": "Point", "coordinates": [ -74.102879999799995, 40.645438999600003 ] } },
{ "type": "Feature", "properties": { "objectid": 10549, "name": "Kissena Park", "boroname": "Queens", "type": "Limited Free", "provider": "SPECTRUM", "location_t": "Outdoor TWC Aerial" }, "geometry": { "type": "Point", "coordinates": [ -73.8027, 40.749139999599997 ] } },
{ "type": "Feature", "properties": { "objectid": 11064, "name": "mn-10-137385", "boroname": "Manhattan", "type": "Free", "provider": "LinkNYC - Citybridge", "location_t": "Outdoor Kiosk" }, "geometry": { "type": "Point", "coordinates": [ -73.941152000499997, 40.818504999699996 ] } },
{ "type": "Feature", "properties": { "objectid": 10295, "name": "bk-06-145894", "boroname": "Brooklyn", "type": "Free", "provider": "LinkNYC - Citybridge", "location_t": "Outdoor Kiosk" }, "geometry": { "type": "Point", "coordinates": [ -73.983626850099995, 40.672241809600003 ] } },
{ "type": "Feature", "properties": { "objectid": 12545, "name": "mn-04-134551", "boroname": "Manhattan", "type": "Free", "provider": "LinkNYC - Citybridge", "location_t": "Outdoor Kiosk" }, "geometry": { "type": "Point", "coordinates": [ -74.0013208604, 40.741621419799998 ] } },
{ "type": "Feature", "properties": { "objectid": 9907, "name": "bk-01-145860", "boroname": "Brooklyn", "type": "Free", "provider": "LinkNYC - Citybridge", "location_t": "Outdoor Kiosk" }, "geometry": { "type": "Point", "coordinates": [ -73.949671000099997, 40.722328 ] } },
{ "type": "Feature", "properties": { "objectid": 11234, "name": "mn-04-122265", "boroname": "Manhattan", "type": "Free", "provider": "LinkNYC - Citybridge", "location_t": "Outdoor Kiosk" }, "geometry": { "type": "Point", "coordinates": [ -73.996056670200005, 40.738639949700001 ] } },
{ "type": "Feature", "properties": { "objectid": 11467, "name": "mn-05-122445", "boroname": "Manhattan", "type": "Free", "provider": "LinkNYC - Citybridge", "location_t": "Outdoor Kiosk" }, "geometry": { "type": "Point", "coordinates": [ -73.9918012296, 40.749152530300002 ] } },
{ "type": "Feature", "properties": { "objectid": 10003, "name": "Edenwald", "boroname": "Bronx", "type": "Free", "provider": "NYPL", "location_t": "Library" }, "geometry": { "type": "Point", "coordinates": [ -73.840837127900002, 40.8888948958 ] } },
{ "type": "Feature", "properties": { "objectid": 11155, "name": "bx-01-146054", "boroname": "Bronx", "type": "Free", "provider": "LinkNYC - Citybridge", "location_t": "Outdoor Kiosk" }, "geometry": { "type": "Point", "coordinates": [ -73.91624535, 40.806384852100003 ] } },
{ "type": "Feature", "properties": { "objectid": 11294, "name": null, "boroname": "Brooklyn", "type": "Free", "provider": "Downtown Brooklyn", "location_t": "Outdoor" }, "geometry": { "type": "Point", "coordinates": [ -73.988346999599997, 40.6936359997 ] } },
{ "type": "Feature", "properties": { "objectid": 12560, "name": "mn-04-123646", "boroname": "Manhattan", "type": "Free", "provider": "LinkNYC - Citybridge", "location_t": "Outdoor Kiosk" }, "geometry": { "type": "Point", "coordinates": [ -73.998619089599998, 40.7454434797 ] } },
{ "type": "Feature", "properties": { "objectid": 11663, "name": "Bronx Park", "boroname": "Bronx", "type": "Limited Free", "provider": "ALTICEUSA", "location_t": "Outdoor" }, "geometry": { "type": "Point", "coordinates": [ -73.871349000400002, 40.873009999700002 ] } },
{ "type": "Feature", "properties": { "objectid": 11756, "name": "qu-04-134075", "boroname": "Queens", "type": "Free", "provider": "LinkNYC - Citybridge", "location_t": "Outdoor Kiosk" }, "geometry": { "type": "Point", "coordinates": [ -73.892144769699996, 40.746711120100002 ] } },
{ "type": "Feature", "properties": { "objectid": 9734, "name": "Hoffman Park", "boroname": "Queens", "type": "Limited Free", "provider": "SPECTRUM", "location_t": "Outdoor TWC Aerial" }, "geometry": { "type": "Point", "coordinates": [ -73.871127999500004, 40.733185999600003 ] } },
{ "type": "Feature", "properties": { "objectid": 9602, "name": "QUEENS BRIDGE - JACOB A. RIIS Settlement House", "boroname": "Queens", "type": "Free", "provider": "Spot On Networks", "location_t": "Indoor AP - Queens Public Library" }, "geometry": { "type": "Point", "coordinates": [ -73.944131000200002, 40.7553329996 ] } },
{ "type": "Feature", "properties": { "objectid": 12293, "name": "qu-09-124790", "boroname": "Queens", "type": "Free", "provider": "LinkNYC - Citybridge", "location_t": "Outdoor Kiosk" }, "geometry": { "type": "Point", "coordinates": [ -73.830936130300003, 40.699841120199999 ] } },
{ "type": "Feature", "properties": { "objectid": 11585, "name": "Roy Wilkins Recreation Center", "boroname": "Queens", "type": "Limited Free", "provider": "SPECTRUM", "location_t": "Indoor" }, "geometry": { "type": "Point", "coordinates": [ -73.769558999599994, 40.687191 ] } },
{ "type": "Feature", "properties": { "objectid": 12186, "name": "mn-04-135163", "boroname": "Manhattan", "type": "Free", "provider": "LinkNYC - Citybridge", "location_t": "Outdoor Kiosk" }, "geometry": { "type": "Point", "coordinates": [ -73.990852009600005, 40.765788509700002 ] } },
{ "type": "Feature", "properties": { "objectid": 12934, "name": "mn-05-122609", "boroname": "Manhattan", "type": "Free", "provider": "LinkNYC - Citybridge", "location_t": "Outdoor Kiosk" }, "geometry": { "type": "Point", "coordinates": [ -73.984987230100003, 40.76361577 ] } },
{ "type": "Feature", "properties": { "objectid": 11402, "name": "23 Street - 1", "boroname": "Manhattan", "type": "Free", "provider": "Transit Wireless", "location_t": "Subway Station" }, "geometry": { "type": "Point", "coordinates": [ -73.995657000500003, 40.7440809999 ] } },
{ "type": "Feature", "properties": { "objectid": 11604, "name": "Sorrentino Recreation Center", "boroname": "Queens", "type": "Limited Free", "provider": "SPECTRUM", "location_t": "Indoor" }, "geometry": { "type": "Point", "coordinates": [ -73.751402000300004, 40.602348999699998 ] } },
{ "type": "Feature", "properties": { "objectid": 12249, "name": "mn-06-134654", "boroname": "Manhattan", "type": "Free", "provider": "LinkNYC - Citybridge", "location_t": "Outdoor Kiosk" }, "geometry": { "type": "Point", "coordinates": [ -73.980459370199995, 40.742736000299999 ] } },
{ "type": "Feature", "properties": { "objectid": 12492, "name": "mn-09-100210", "boroname": "Manhattan", "type": "Free", "provider": "LinkNYC - Citybridge", "location_t": "Outdoor Kiosk" }, "geometry": { "type": "Point", "coordinates": [ -73.947867999799996, 40.825445999599999 ] } },
{ "type": "Feature", "properties": { "objectid": 11680, "name": "Claremont Park", "boroname": "Bronx", "type": "Limited Free", "provider": "ALTICEUSA", "location_t": "Outdoor" }, "geometry": { "type": "Point", "coordinates": [ -73.908339999800006, 40.838140000300001 ] } },
{ "type": "Feature", "properties": { "objectid": 11547, "name": "McCarren Park", "boroname": "Brooklyn", "type": "Limited Free", "provider": "SPECTRUM", "location_t": "Outdoor" }, "geometry": { "type": "Point", "coordinates": [ -73.949510999799998, 40.7200789997 ] } },
{ "type": "Feature", "properties": { "objectid": 10859, "name": "Joyce Kilmer Park", "boroname": "Bronx", "type": "Limited Free", "provider": "ALTICEUSA", "location_t": "Outdoor" }, "geometry": { "type": "Point", "coordinates": [ -73.923630999500006, 40.827562999800001 ] } },
{ "type": "Feature", "properties": { "objectid": 12058, "name": "mn-06-121430", "boroname": "Manhattan", "type": "Free", "provider": "LinkNYC - Citybridge", "location_t": "Outdoor Kiosk" }, "geometry": { "type": "Point", "coordinates": [ -73.977307319700003, 40.74303942 ] } },
{ "type": "Feature", "properties": { "objectid": 9719, "name": "St. John's Recreation Center", "boroname": "Brooklyn", "type": "Limited Free", "provider": "ALTICEUSA", "location_t": "Indoor" }, "geometry": { "type": "Point", "coordinates": [ -73.935109000300002, 40.673781 ] } },
{ "type": "Feature", "properties": { "objectid": 10090, "name": "Seaside", "boroname": "Queens", "type": "Free", "provider": "QPL", "location_t": "Library" }, "geometry": { "type": "Point", "coordinates": [ -73.837735602799995, 40.579390872200001 ] } },
{ "type": "Feature", "properties": { "objectid": 9697, "name": "Prospect Park", "boroname": "Brooklyn", "type": "Limited Free", "provider": "ALTICEUSA", "location_t": "Outdoor" }, "geometry": { "type": "Point", "coordinates": [ -73.963990999700002, 40.657451999700001 ] } },
{ "type": "Feature", "properties": { "objectid": 10357, "name": "Governors Island", "boroname": "Manhattan", "type": "Free", "provider": "Fiberless", "location_t": "Outdoor" }, "geometry": { "type": "Point", "coordinates": [ -74.020980000400002, 40.686550000099999 ] } },
{ "type": "Feature", "properties": { "objectid": 10263, "name": "bk-01-145988", "boroname": "Brooklyn", "type": "Free", "provider": "LinkNYC - Citybridge", "location_t": "Outdoor Kiosk" }, "geometry": { "type": "Point", "coordinates": [ -73.95028299, 40.714129640300001 ] } },
{ "type": "Feature", "properties": { "objectid": 11910, "name": "bx-05-119613", "boroname": "Bronx", "type": "Free", "provider": "LinkNYC - Citybridge", "location_t": "Outdoor Kiosk" }, "geometry": { "type": "Point", "coordinates": [ -73.907501820199997, 40.853930360200003 ] } },
{ "type": "Feature", "properties": { "objectid": 11792, "name": "mn-12-113582", "boroname": "Manhattan", "type": "Free", "provider": "LinkNYC - Citybridge", "location_t": "Outdoor Kiosk" }, "geometry": { "type": "Point", "coordinates": [ -73.928414987599993, 40.856420842 ] } },
{ "type": "Feature", "properties": { "objectid": 10173, "name": "bk-01-145855", "boroname": "Brooklyn", "type": "Free", "provider": "LinkNYC - Citybridge", "location_t": "Outdoor Kiosk" }, "geometry": { "type": "Point", "coordinates": [ -73.942989000200001, 40.704495999899997 ] } },
{ "type": "Feature", "properties": { "objectid": 10955, "name": null, "boroname": "Manhattan", "type": "Free", "provider": "Harlem", "location_t": "Outdoor" }, "geometry": { "type": "Point", "coordinates": [ -73.953553999500002, 40.801951000199999 ] } },
{ "type": "Feature", "properties": { "objectid": 10576, "name": "mn-02-123589", "boroname": "Manhattan", "type": "Free", "provider": "LinkNYC - Citybridge", "location_t": "Outdoor Kiosk" }, "geometry": { "type": "Point", "coordinates": [ -74.005407070299995, 40.7272836498 ] } },
{ "type": "Feature", "properties": { "objectid": 10130, "name": null, "boroname": "Manhattan", "type": "Free", "provider": "Harlem", "location_t": "Outdoor" }, "geometry": { "type": "Point", "coordinates": [ -73.946536999499997, 40.811568000400001 ] } },
{ "type": "Feature", "properties": { "objectid": 10511, "name": null, "boroname": "Manhattan", "type": "Free", "provider": "Chelsea", "location_t": "Outdoor" }, "geometry": { "type": "Point", "coordinates": [ -74.005451201900001, 40.740998011499997 ] } },
{ "type": "Feature", "properties": { "objectid": 12687, "name": "mn-05-122591", "boroname": "Manhattan", "type": "Free", "provider": "LinkNYC - Citybridge", "location_t": "Outdoor Kiosk" }, "geometry": { "type": "Point", "coordinates": [ -73.987312999699995, 40.760283 ] } },
{ "type": "Feature", "properties": { "objectid": 10473, "name": "Owen F. Dolen Park", "boroname": "Bronx", "type": "Limited Free", "provider": "ALTICEUSA", "location_t": "Indoor" }, "geometry": { "type": "Point", "coordinates": [ -73.842601999500005, 40.8406719997 ] } },
{ "type": "Feature", "properties": { "objectid": 11017, "name": "Aguilar", "boroname": "Manhattan", "type": "Free", "provider": "NYPL", "location_t": "Library" }, "geometry": { "type": "Point", "coordinates": [ -73.943451079599996, 40.794215612899997 ] } },
{ "type": "Feature", "properties": { "objectid": 11525, "name": null, "boroname": "Brooklyn", "type": "Free", "provider": "Downtown Brooklyn", "location_t": "Outdoor" }, "geometry": { "type": "Point", "coordinates": [ -73.974471999800002, 40.685308000299997 ] } },
{ "type": "Feature", "properties": { "objectid": 10351, "name": "Governors Island", "boroname": "Manhattan", "type": "Free", "provider": "Fiberless", "location_t": "Outdoor" }, "geometry": { "type": "Point", "coordinates": [ -74.014549999600007, 40.688599999600001 ] } },
{ "type": "Feature", "properties": { "objectid": 12902, "name": "mn-12-111956", "boroname": "Manhattan", "type": "Free", "provider": "LinkNYC - Citybridge", "location_t": "Outdoor Kiosk" }, "geometry": { "type": "Point", "coordinates": [ -73.942265760200002, 40.832731070100003 ] } },
{ "type": "Feature", "properties": { "objectid": 11040, "name": "qu-01-125084", "boroname": "Queens", "type": "Free", "provider": "LinkNYC - Citybridge", "location_t": "Outdoor Kiosk" }, "geometry": { "type": "Point", "coordinates": [ -73.926262000199998, 40.762463999700003 ] } },
{ "type": "Feature", "properties": { "objectid": 10372, "name": "Macombs Dam Park", "boroname": "Bronx", "type": "Limited Free", "provider": "ALTICEUSA", "location_t": "Outdoor" }, "geometry": { "type": "Point", "coordinates": [ -73.928356000099996, 40.827901999700003 ] } },
{ "type": "Feature", "properties": { "objectid": 11217, "name": "mn-06-121669", "boroname": "Manhattan", "type": "Free", "provider": "LinkNYC - Citybridge", "location_t": "Outdoor Kiosk" }, "geometry": { "type": "Point", "coordinates": [ -73.966651440199996, 40.753413889699999 ] } },
{ "type": "Feature", "properties": { "objectid": 10117, "name": "32", "boroname": "Manhattan", "type": "Free", "provider": "Manhattan Down Alliance", "location_t": "Outdoor" }, "geometry": { "type": "Point", "coordinates": [ -74.011802700399997, 40.713001300400002 ] } },
{ "type": "Feature", "properties": { "objectid": 12031, "name": "mn-05-138006", "boroname": "Manhattan", "type": "Free", "provider": "LinkNYC - Citybridge", "location_t": "Outdoor Kiosk" }, "geometry": { "type": "Point", "coordinates": [ -73.992084290600005, 40.743705500200001 ] } },
{ "type": "Feature", "properties": { "objectid": 11668, "name": "Brownsville Recreation Center", "boroname": "Brooklyn", "type": "Limited Free", "provider": "ALTICEUSA", "location_t": "Indoor" }, "geometry": { "type": "Point", "coordinates": [ -73.902700000400003, 40.656399999900003 ] } },
{ "type": "Feature", "properties": { "objectid": 11948, "name": "bk-03-145749", "boroname": "Brooklyn", "type": "Free", "provider": "LinkNYC - Citybridge", "location_t": "Outdoor Kiosk" }, "geometry": { "type": "Point", "coordinates": [ -73.935499729599996, 40.679560679700003 ] } },
{ "type": "Feature", "properties": { "objectid": 11185, "name": "qu-04-124856", "boroname": "Queens", "type": "Free", "provider": "LinkNYC - Citybridge", "location_t": "Outdoor Kiosk" }, "geometry": { "type": "Point", "coordinates": [ -73.881064769700004, 40.741990550099999 ] } },
{ "type": "Feature", "properties": { "objectid": 11096, "name": "bx-01-145854", "boroname": "Bronx", "type": "Free", "provider": "LinkNYC - Citybridge", "location_t": "Outdoor Kiosk" }, "geometry": { "type": "Point", "coordinates": [ -73.928664529900004, 40.812253380100003 ] } },
{ "type": "Feature", "properties": { "objectid": 12704, "name": "mn-06-121377", "boroname": "Manhattan", "type": "Free", "provider": "LinkNYC - Citybridge", "location_t": "Outdoor Kiosk" }, "geometry": { "type": "Point", "coordinates": [ -73.976794400499998, 40.750132529600002 ] } },
{ "type": "Feature", "properties": { "objectid": 11878, "name": "mn-12-120769", "boroname": "Manhattan", "type": "Free", "provider": "LinkNYC - Citybridge", "location_t": "Outdoor Kiosk" }, "geometry": { "type": "Point", "coordinates": [ -73.9340696, 40.848673040199998 ] } },
{ "type": "Feature", "properties": { "objectid": 9692, "name": "Prospect Park", "boroname": "Brooklyn", "type": "Limited Free", "provider": "ALTICEUSA", "location_t": "Outdoor" }, "geometry": { "type": "Point", "coordinates": [ -73.965843000099994, 40.6506999996 ] } },
{ "type": "Feature", "properties": { "objectid": 12366, "name": "36 St (D,M,N,R)", "boroname": "Brooklyn", "type": "Free", "provider": "Transit Wireless", "location_t": "Subway Station" }, "geometry": { "type": "Point", "coordinates": [ -74.003548999499998, 40.6551440004 ] } },
{ "type": "Feature", "properties": { "objectid": 11815, "name": "qu-01-133224", "boroname": "Queens", "type": "Free", "provider": "LinkNYC - Citybridge", "location_t": "Outdoor Kiosk" }, "geometry": { "type": "Point", "coordinates": [ -73.919881661299996, 40.765929966599998 ] } },
{ "type": "Feature", "properties": { "objectid": 12763, "name": "mn-07-135581", "boroname": "Manhattan", "type": "Free", "provider": "LinkNYC - Citybridge", "location_t": "Outdoor Kiosk" }, "geometry": { "type": "Point", "coordinates": [ -73.969418869400002, 40.7955439399 ] } },
{ "type": "Feature", "properties": { "objectid": 10143, "name": null, "boroname": "Manhattan", "type": "Free", "provider": "Harlem", "location_t": "Outdoor" }, "geometry": { "type": "Point", "coordinates": [ -73.952400000300003, 40.806016000200003 ] } },
{ "type": "Feature", "properties": { "objectid": 10598, "name": "Baisley Pond Park", "boroname": "Queens", "type": "Limited Free", "provider": "SPECTRUM", "location_t": "Outdoor TWC Aerial" }, "geometry": { "type": "Point", "coordinates": [ -73.786950000399997, 40.676620000100002 ] } },
{ "type": "Feature", "properties": { "objectid": 12418, "name": "Newkirk Av (2,5)", "boroname": "Brooklyn", "type": "Free", "provider": "Transit Wireless", "location_t": "Subway Station" }, "geometry": { "type": "Point", "coordinates": [ -73.948410999700002, 40.639967000299997 ] } },
{ "type": "Feature", "properties": { "objectid": 12209, "name": "mn-05-123023", "boroname": "Manhattan", "type": "Free", "provider": "LinkNYC - Citybridge", "location_t": "Outdoor Kiosk" }, "geometry": { "type": "Point", "coordinates": [ -73.992376699600001, 40.738039690199997 ] } },
{ "type": "Feature", "properties": { "objectid": 12396, "name": "Carroll St (F,G)", "boroname": "Brooklyn", "type": "Free", "provider": "Transit Wireless", "location_t": "Subway Station" }, "geometry": { "type": "Point", "coordinates": [ -73.995048000500006, 40.680303000099997 ] } },
{ "type": "Feature", "properties": { "objectid": 11170, "name": "mn-10-120621", "boroname": "Manhattan", "type": "Free", "provider": "LinkNYC - Citybridge", "location_t": "Outdoor Kiosk" }, "geometry": { "type": "Point", "coordinates": [ -73.952053000199996, 40.8113250002 ] } },
{ "type": "Feature", "properties": { "objectid": 10591, "name": "Baisley Pond Park", "boroname": "Queens", "type": "Limited Free", "provider": "SPECTRUM", "location_t": "Outdoor TWC Aerial" }, "geometry": { "type": "Point", "coordinates": [ -73.787450000099994, 40.679630000300001 ] } },
{ "type": "Feature", "properties": { "objectid": 10340, "name": "bx-03-146064", "boroname": "Bronx", "type": "Free", "provider": "LinkNYC - Citybridge", "location_t": "Outdoor Kiosk" }, "geometry": { "type": "Point", "coordinates": [ -73.908549440300007, 40.823925549899997 ] } },
{ "type": "Feature", "properties": { "objectid": 12134, "name": "mn-08-121137", "boroname": "Manhattan", "type": "Free", "provider": "LinkNYC - Citybridge", "location_t": "Outdoor Kiosk" }, "geometry": { "type": "Point", "coordinates": [ -73.968864999600001, 40.767364000199997 ] } },
{ "type": "Feature", "properties": { "objectid": 12245, "name": "mn-06-134618", "boroname": "Manhattan", "type": "Free", "provider": "LinkNYC - Citybridge", "location_t": "Outdoor Kiosk" }, "geometry": { "type": "Point", "coordinates": [ -73.9815117598, 40.741290790100003 ] } },
{ "type": "Feature", "properties": { "objectid": 9709, "name": "Seton Falls Park", "boroname": "Bronx", "type": "Limited Free", "provider": "ALTICEUSA", "location_t": "Outdoor" }, "geometry": { "type": "Point", "coordinates": [ -73.838521000399993, 40.885284000299997 ] } },
{ "type": "Feature", "properties": { "objectid": 11980, "name": "qu-02-145785", "boroname": "Queens", "type": "Free", "provider": "LinkNYC - Citybridge", "location_t": "Outdoor Kiosk" }, "geometry": { "type": "Point", "coordinates": [ -73.947662959400006, 40.74492115 ] } },
{ "type": "Feature", "properties": { "objectid": 11036, "name": "mn-12-120650", "boroname": "Manhattan", "type": "Free", "provider": "LinkNYC - Citybridge", "location_t": "Outdoor Kiosk" }, "geometry": { "type": "Point", "coordinates": [ -73.933528820099994, 40.849422749699997 ] } },
{ "type": "Feature", "properties": { "objectid": 10077, "name": "Mill Basin - Brooklyn Public Library", "boroname": "Brooklyn", "type": "Free", "provider": "BPL", "location_t": "Library" }, "geometry": { "type": "Point", "coordinates": [ -73.917021207100007, 40.619868421 ] } },
{ "type": "Feature", "properties": { "objectid": 11415, "name": "47-50th Street ΓÇô Rockefeller Center - B, D, F, M", "boroname": "Manhattan", "type": "Free", "provider": "Transit Wireless", "location_t": "Subway Station" }, "geometry": { "type": "Point", "coordinates": [ -73.981328999499993, 40.7586629997 ] } },
{ "type": "Feature", "properties": { "objectid": 10163, "name": null, "boroname": "Manhattan", "type": "Free", "provider": "Harlem", "location_t": "Outdoor" }, "geometry": { "type": "Point", "coordinates": [ -73.942812000100005, 40.805623999600002 ] } },
{ "type": "Feature", "properties": { "objectid": 11276, "name": "mn-07-120603", "boroname": "Manhattan", "type": "Free", "provider": "LinkNYC - Citybridge", "location_t": "Outdoor Kiosk" }, "geometry": { "type": "Point", "coordinates": [ -73.967704050500004, 40.7928044103 ] } },
{ "type": "Feature", "properties": { "objectid": 10522, "name": null, "boroname": "Manhattan", "type": "Free", "provider": "Chelsea", "location_t": "Outdoor" }, "geometry": { "type": "Point", "coordinates": [ -74.008026123299999, 40.743306576099997 ] } },
{ "type": "Feature", "properties": { "objectid": 12795, "name": "mn-09-134416", "boroname": "Manhattan", "type": "Free", "provider": "LinkNYC - Citybridge", "location_t": "Outdoor Kiosk" }, "geometry": { "type": "Point", "coordinates": [ -73.949640289800001, 40.822633450200001 ] } },
{ "type": "Feature", "properties": { "objectid": 10161, "name": null, "boroname": "Manhattan", "type": "Free", "provider": "Harlem", "location_t": "Outdoor" }, "geometry": { "type": "Point", "coordinates": [ -73.9417799995, 40.804242000199999 ] } },
{ "type": "Feature", "properties": { "objectid": 11123, "name": "si-02-145829", "boroname": "Staten Island", "type": "Free", "provider": "LinkNYC - Citybridge", "location_t": "Outdoor Kiosk" }, "geometry": { "type": "Point", "coordinates": [ -74.100861579899998, 40.591435579699997 ] } },
{ "type": "Feature", "properties": { "objectid": 10830, "name": "Nassau Avenue (G)", "boroname": "Brooklyn", "type": "Free", "provider": "Transit Wireless", "location_t": "Subway Station" }, "geometry": { "type": "Point", "coordinates": [ -73.951277000199994, 40.724635 ] } },
{ "type": "Feature", "properties": { "objectid": 9660, "name": "bk-07-125840", "boroname": "Brooklyn", "type": "Free", "provider": "LinkNYC - Citybridge", "location_t": "Outdoor Kiosk" }, "geometry": { "type": "Point", "coordinates": [ -74.00828534, 40.6503901703 ] } },
{ "type": "Feature", "properties": { "objectid": 9890, "name": null, "boroname": "Brooklyn", "type": "Free", "provider": "Downtown Brooklyn", "location_t": "Outdoor" }, "geometry": { "type": "Point", "coordinates": [ -73.984434999900003, 40.690364000300001 ] } },
{ "type": "Feature", "properties": { "objectid": 10762, "name": "Haffen Park", "boroname": "Bronx", "type": "Limited Free", "provider": "ALTICEUSA", "location_t": "Outdoor" }, "geometry": { "type": "Point", "coordinates": [ -73.8378249995, 40.87322 ] } },
{ "type": "Feature", "properties": { "objectid": 10032, "name": "North Hills", "boroname": "Queens", "type": "Free", "provider": "QPL", "location_t": "Library" }, "geometry": { "type": "Point", "coordinates": [ -73.731826681599998, 40.759245134799997 ] } },
{ "type": "Feature", "properties": { "objectid": 12012, "name": "qu-09-124799", "boroname": "Queens", "type": "Free", "provider": "LinkNYC - Citybridge", "location_t": "Outdoor Kiosk" }, "geometry": { "type": "Point", "coordinates": [ -73.858948000500007, 40.692466 ] } },
{ "type": "Feature", "properties": { "objectid": 9851, "name": null, "boroname": "Brooklyn", "type": "Free", "provider": "Downtown Brooklyn", "location_t": "Outdoor" }, "geometry": { "type": "Point", "coordinates": [ -73.983849000299998, 40.694692999600001 ] } },
{ "type": "Feature", "properties": { "objectid": 12076, "name": "bk-06-125910", "boroname": "Brooklyn", "type": "Free", "provider": "LinkNYC - Citybridge", "location_t": "Outdoor Kiosk" }, "geometry": { "type": "Point", "coordinates": [ -73.986956290500004, 40.6685332303 ] } },
{ "type": "Feature", "properties": { "objectid": 11993, "name": "bk-14-126532", "boroname": "Brooklyn", "type": "Free", "provider": "LinkNYC - Citybridge", "location_t": "Outdoor Kiosk" }, "geometry": { "type": "Point", "coordinates": [ -73.957574389499996, 40.642875029899997 ] } },
{ "type": "Feature", "properties": { "objectid": 12736, "name": "mn-03-107697", "boroname": "Manhattan", "type": "Free", "provider": "LinkNYC - Citybridge", "location_t": "Outdoor Kiosk" }, "geometry": { "type": "Point", "coordinates": [ -73.98812504, 40.7281577404 ] } },
{ "type": "Feature", "properties": { "objectid": 10715, "name": "mn-01-108445", "boroname": "Manhattan", "type": "Free", "provider": "LinkNYC - Citybridge", "location_t": "Outdoor Kiosk" }, "geometry": { "type": "Point", "coordinates": [ -74.004973999599997, 40.719678999800003 ] } },
{ "type": "Feature", "properties": { "objectid": 10554, "name": "Herbert Von King Park", "boroname": "Brooklyn", "type": "Free", "provider": "AT&T", "location_t": "Outdoor" }, "geometry": { "type": "Point", "coordinates": [ -73.946200000499999, 40.689799999599998 ] } },
{ "type": "Feature", "properties": { "objectid": 12864, "name": "mn-08-138052", "boroname": "Manhattan", "type": "Free", "provider": "LinkNYC - Citybridge", "location_t": "Outdoor Kiosk" }, "geometry": { "type": "Point", "coordinates": [ -73.953536999799994, 40.779635000200003 ] } },
{ "type": "Feature", "properties": { "objectid": 12349, "name": "bk-02-134976", "boroname": "Brooklyn", "type": "Free", "provider": "LinkNYC - Citybridge", "location_t": "Outdoor Kiosk" }, "geometry": { "type": "Point", "coordinates": [ -73.984481000200006, 40.690588000200002 ] } },
{ "type": "Feature", "properties": { "objectid": 10618, "name": "qu-01-146087", "boroname": "Queens", "type": "Free", "provider": "LinkNYC - Citybridge", "location_t": "Outdoor Kiosk" }, "geometry": { "type": "Point", "coordinates": [ -73.925777719600006, 40.772033139599998 ] } },
{ "type": "Feature", "properties": { "objectid": 12778, "name": "mn-07-120533", "boroname": "Manhattan", "type": "Free", "provider": "LinkNYC - Citybridge", "location_t": "Outdoor Kiosk" }, "geometry": { "type": "Point", "coordinates": [ -73.9668303, 40.7990884397 ] } },
{ "type": "Feature", "properties": { "objectid": 11800, "name": "mn-10-131051", "boroname": "Manhattan", "type": "Free", "provider": "LinkNYC - Citybridge", "location_t": "Outdoor Kiosk" }, "geometry": { "type": "Point", "coordinates": [ -73.956796260299996, 40.802606880399999 ] } },
{ "type": "Feature", "properties": { "objectid": 9613, "name": "mn-07-121224", "boroname": "Manhattan", "type": "Free", "provider": "LinkNYC - Citybridge", "location_t": "Outdoor Kiosk" }, "geometry": { "type": "Point", "coordinates": [ -73.980965989799998, 40.7809421798 ] } },
{ "type": "Feature", "properties": { "objectid": 10434, "name": "Coffey Park", "boroname": "Brooklyn", "type": "Limited Free", "provider": "SPECTRUM", "location_t": "Outdoor" }, "geometry": { "type": "Point", "coordinates": [ -74.008722999599996, 40.677192999699997 ] } },
{ "type": "Feature", "properties": { "objectid": 10488, "name": "Wingate Park", "boroname": "Brooklyn", "type": "Limited Free", "provider": "ALTICEUSA", "location_t": "Outdoor" }, "geometry": { "type": "Point", "coordinates": [ -73.944059999900006, 40.658310000100002 ] } },
{ "type": "Feature", "properties": { "objectid": 10491, "name": "6", "boroname": "Manhattan", "type": "Free", "provider": "Manhattan Down Alliance", "location_t": "Outdoor" }, "geometry": { "type": "Point", "coordinates": [ -74.002296399900004, 40.704799700099997 ] } },
{ "type": "Feature", "properties": { "objectid": 10325, "name": "bk-05-145932", "boroname": "Brooklyn", "type": "Free", "provider": "LinkNYC - Citybridge", "location_t": "Outdoor Kiosk" }, "geometry": { "type": "Point", "coordinates": [ -73.897167450500007, 40.676474669599997 ] } },
{ "type": "Feature", "properties": { "objectid": 10543, "name": "mn-08-120952", "boroname": "Manhattan", "type": "Free", "provider": "LinkNYC - Citybridge", "location_t": "Outdoor Kiosk" }, "geometry": { "type": "Point", "coordinates": [ -73.958062169900003, 40.765192969600001 ] } },
{ "type": "Feature", "properties": { "objectid": 11493, "name": "bk-08-126832", "boroname": "Brooklyn", "type": "Free", "provider": "LinkNYC - Citybridge", "location_t": "Outdoor Kiosk" }, "geometry": { "type": "Point", "coordinates": [ -73.95035244, 40.670646869899997 ] } },
{ "type": "Feature", "properties": { "objectid": 10453, "name": "Gertrude Ederle Recreation Center", "boroname": "Manhattan", "type": "Limited Free", "provider": "SPECTRUM", "location_t": "Indoor" }, "geometry": { "type": "Point", "coordinates": [ -73.988108999600001, 40.7714420004 ] } },
{ "type": "Feature", "properties": { "objectid": 10217, "name": "Red Hook Recreation Center", "boroname": "Brooklyn", "type": "Limited Free", "provider": "SPECTRUM", "location_t": "Indoor" }, "geometry": { "type": "Point", "coordinates": [ -74.003743999400001, 40.672289000299997 ] } },
{ "type": "Feature", "properties": { "objectid": 10100, "name": "15", "boroname": "Manhattan", "type": "Free", "provider": "Manhattan Down Alliance", "location_t": "Outdoor" }, "geometry": { "type": "Point", "coordinates": [ -74.008400000500004, 40.7033997 ] } },
{ "type": "Feature", "properties": { "objectid": 12399, "name": "Broadway (G)", "boroname": "Brooklyn", "type": "Free", "provider": "Transit Wireless", "location_t": "Subway Station" }, "geometry": { "type": "Point", "coordinates": [ -73.950308000600003, 40.706092000200002 ] } },
{ "type": "Feature", "properties": { "objectid": 10463, "name": null, "boroname": "Brooklyn", "type": "Free", "provider": "Downtown Brooklyn", "location_t": "Outdoor" }, "geometry": { "type": "Point", "coordinates": [ -73.987161999899996, 40.689319000300003 ] } },
{ "type": "Feature", "properties": { "objectid": 11079, "name": "qu-09-126733", "boroname": "Queens", "type": "Free", "provider": "LinkNYC - Citybridge", "location_t": "Outdoor Kiosk" }, "geometry": { "type": "Point", "coordinates": [ -73.86199361, 40.69210611 ] } },
{ "type": "Feature", "properties": { "objectid": 12220, "name": "mn-06-121495", "boroname": "Manhattan", "type": "Free", "provider": "LinkNYC - Citybridge", "location_t": "Outdoor Kiosk" }, "geometry": { "type": "Point", "coordinates": [ -73.980627999500001, 40.742624999900002 ] } },
{ "type": "Feature", "properties": { "objectid": 9628, "name": "mn-07-133634", "boroname": "Manhattan", "type": "Free", "provider": "LinkNYC - Citybridge", "location_t": "Outdoor Kiosk" }, "geometry": { "type": "Point", "coordinates": [ -73.973408999900002, 40.7921319999 ] } },
{ "type": "Feature", "properties": { "objectid": 10882, "name": "Kissena Park", "boroname": "Queens", "type": "Limited Free", "provider": "SPECTRUM", "location_t": "Outdoor TWC Aerial" }, "geometry": { "type": "Point", "coordinates": [ -73.804190000199995, 40.74381 ] } },
{ "type": "Feature", "properties": { "objectid": 12306, "name": "qu-04-142872", "boroname": "Queens", "type": "Free", "provider": "LinkNYC - Citybridge", "location_t": "Outdoor Kiosk" }, "geometry": { "type": "Point", "coordinates": [ -73.880939679899996, 40.737205959900002 ] } },
{ "type": "Feature", "properties": { "objectid": 11138, "name": "qu-01-145980", "boroname": "Queens", "type": "Free", "provider": "LinkNYC - Citybridge", "location_t": "Outdoor Kiosk" }, "geometry": { "type": "Point", "coordinates": [ -73.933379632, 40.751950441799998 ] } },
{ "type": "Feature", "properties": { "objectid": 11249, "name": "mn-08-128743", "boroname": "Manhattan", "type": "Free", "provider": "LinkNYC - Citybridge", "location_t": "Outdoor Kiosk" }, "geometry": { "type": "Point", "coordinates": [ -73.952820893099997, 40.778232557 ] } },
{ "type": "Feature", "properties": { "objectid": 12592, "name": "MARINE PARK", "boroname": "Brooklyn", "type": "Limited Free", "provider": "ALTICEUSA", "location_t": "Indoor" }, "geometry": { "type": "Point", "coordinates": [ -73.930430000100003, 40.604137000199998 ] } },
{ "type": "Feature", "properties": { "objectid": 12523, "name": "mn-06-121836", "boroname": "Manhattan", "type": "Free", "provider": "LinkNYC - Citybridge", "location_t": "Outdoor Kiosk" }, "geometry": { "type": "Point", "coordinates": [ -73.968723360400006, 40.758403019699998 ] } },
{ "type": "Feature", "properties": { "objectid": 12044, "name": "mn-08-137966", "boroname": "Manhattan", "type": "Free", "provider": "LinkNYC - Citybridge", "location_t": "Outdoor Kiosk" }, "geometry": { "type": "Point", "coordinates": [ -73.963353619499998, 40.762146540300002 ] } },
{ "type": "Feature", "properties": { "objectid": 9797, "name": "J. Hood Wright Park", "boroname": "Manhattan", "type": "Limited Free", "provider": "SPECTRUM", "location_t": "Outdoor" }, "geometry": { "type": "Point", "coordinates": [ -73.941333000200004, 40.846889000399997 ] } },
{ "type": "Feature", "properties": { "objectid": 10517, "name": null, "boroname": "Manhattan", "type": "Free", "provider": "Chelsea", "location_t": "Outdoor" }, "geometry": { "type": "Point", "coordinates": [ -74.003648758099999, 40.743436633899996 ] } },
{ "type": "Feature", "properties": { "objectid": 9645, "name": "qu-03-125430", "boroname": "Queens", "type": "Free", "provider": "LinkNYC - Citybridge", "location_t": "Outdoor Kiosk" }, "geometry": { "type": "Point", "coordinates": [ -73.86858881, 40.757484629899999 ] } },
{ "type": "Feature", "properties": { "objectid": 10401, "name": null, "boroname": "Manhattan", "type": "Free", "provider": "Harlem", "location_t": "Outdoor" }, "geometry": { "type": "Point", "coordinates": [ -73.9523960004, 40.798959 ] } },
{ "type": "Feature", "properties": { "objectid": 10106, "name": "21", "boroname": "Manhattan", "type": "Free", "provider": "Manhattan Down Alliance", "location_t": "Outdoor" }, "geometry": { "type": "Point", "coordinates": [ -74.012603800099996, 40.7023010001 ] } },
{ "type": "Feature", "properties": { "objectid": 10804, "name": "Fulton St (J,M,Z,2,3,4,5)/Bway-Nassau St (A,C) (2-3) Line", "boroname": "Manhattan", "type": "Free", "provider": "Transit Wireless", "location_t": "Subway Station" }, "geometry": { "type": "Point", "coordinates": [ -74.006570999700003, 40.709416000200001 ] } },
{ "type": "Feature", "properties": { "objectid": 10603, "name": "Baisley Pond Park", "boroname": "Queens", "type": "Limited Free", "provider": "SPECTRUM", "location_t": "Outdoor TWC Aerial" }, "geometry": { "type": "Point", "coordinates": [ -73.782539999799994, 40.676089999600002 ] } },
{ "type": "Feature", "properties": { "objectid": 12773, "name": "mn-07-120534", "boroname": "Manhattan", "type": "Free", "provider": "LinkNYC - Citybridge", "location_t": "Outdoor Kiosk" }, "geometry": { "type": "Point", "coordinates": [ -73.967265289899998, 40.798476639599997 ] } },
{ "type": "Feature", "properties": { "objectid": 9724, "name": "Hamilton Fish Recreation Center", "boroname": "Manhattan", "type": "Limited Free", "provider": "SPECTRUM", "location_t": "Outdoor" }, "geometry": { "type": "Point", "coordinates": [ -73.981466000200001, 40.719789000399999 ] } },
{ "type": "Feature", "properties": { "objectid": 11051, "name": "bk-09-126475", "boroname": "Brooklyn", "type": "Free", "provider": "LinkNYC - Citybridge", "location_t": "Outdoor Kiosk" }, "geometry": { "type": "Point", "coordinates": [ -73.950774650599996, 40.663826889900001 ] } },
{ "type": "Feature", "properties": { "objectid": 12261, "name": "mn-06-121522", "boroname": "Manhattan", "type": "Free", "provider": "LinkNYC - Citybridge", "location_t": "Outdoor Kiosk" }, "geometry": { "type": "Point", "coordinates": [ -73.97677658, 40.747787860199999 ] } },
{ "type": "Feature", "properties": { "objectid": 11435, "name": "mn-03-139623", "boroname": "Manhattan", "type": "Free", "provider": "LinkNYC - Citybridge", "location_t": "Outdoor Kiosk" }, "geometry": { "type": "Point", "coordinates": [ -73.983281296300007, 40.729962677700001 ] } },
{ "type": "Feature", "properties": { "objectid": 11718, "name": "Crotona Park", "boroname": "Bronx", "type": "Limited Free", "provider": "ALTICEUSA", "location_t": "Outdoor" }, "geometry": { "type": "Point", "coordinates": [ -73.893387999599994, 40.838217 ] } },
{ "type": "Feature", "properties": { "objectid": 12917, "name": "qu-06-145845", "boroname": "Queens", "type": "Free", "provider": "LinkNYC - Citybridge", "location_t": "Outdoor Kiosk" }, "geometry": { "type": "Point", "coordinates": [ -73.842845407400006, 40.720671378600002 ] } },
{ "type": "Feature", "properties": { "objectid": 11777, "name": "mn-07-107832", "boroname": "Manhattan", "type": "Free", "provider": "LinkNYC - Citybridge", "location_t": "Outdoor Kiosk" }, "geometry": { "type": "Point", "coordinates": [ -73.974049440300007, 40.78409642 ] } },
{ "type": "Feature", "properties": { "objectid": 10958, "name": null, "boroname": "Manhattan", "type": "Free", "provider": "Harlem", "location_t": "Outdoor" }, "geometry": { "type": "Point", "coordinates": [ -73.952427000399993, 40.800545999699999 ] } },
{ "type": "Feature", "properties": { "objectid": 10196, "name": "0", "boroname": "Brooklyn", "type": "Free", "provider": "City Tech", "location_t": "Outdoor" }, "geometry": { "type": "Point", "coordinates": [ -73.988104999499996, 40.695107000299998 ] } },
{ "type": "Feature", "properties": { "objectid": 9765, "name": "mn-02-123590", "boroname": "Manhattan", "type": "Free", "provider": "LinkNYC - Citybridge", "location_t": "Outdoor Kiosk" }, "geometry": { "type": "Point", "coordinates": [ -74.005232259500005, 40.72780341 ] } },
{ "type": "Feature", "properties": { "objectid": 12838, "name": "mn-08-120991", "boroname": "Manhattan", "type": "Free", "provider": "LinkNYC - Citybridge", "location_t": "Outdoor Kiosk" }, "geometry": { "type": "Point", "coordinates": [ -73.9599280005, 40.770456 ] } },
{ "type": "Feature", "properties": { "objectid": 10054, "name": "South Jamaica", "boroname": "Queens", "type": "Free", "provider": "QPL", "location_t": "Library" }, "geometry": { "type": "Point", "coordinates": [ -73.7902273917, 40.695540146600003 ] } },
{ "type": "Feature", "properties": { "objectid": 11636, "name": "Lawrence Virgilio Playground /Windmuller Park", "boroname": "Queens", "type": "Limited Free", "provider": "SPECTRUM", "location_t": "Outdoor TWC Aerial" }, "geometry": { "type": "Point", "coordinates": [ -73.908880000300002, 40.746852999799998 ] } },
{ "type": "Feature", "properties": { "objectid": 11888, "name": "bx-06-119388", "boroname": "Bronx", "type": "Free", "provider": "LinkNYC - Citybridge", "location_t": "Outdoor Kiosk" }, "geometry": { "type": "Point", "coordinates": [ -73.900030510400001, 40.8490930197 ] } },
{ "type": "Feature", "properties": { "objectid": 12194, "name": "mn-05-135518", "boroname": "Manhattan", "type": "Free", "provider": "LinkNYC - Citybridge", "location_t": "Outdoor Kiosk" }, "geometry": { "type": "Point", "coordinates": [ -73.990112159899994, 40.7515216396 ] } },
{ "type": "Feature", "properties": { "objectid": 12278, "name": "bk-07-141621", "boroname": "Brooklyn", "type": "Free", "provider": "LinkNYC - Citybridge", "location_t": "Outdoor Kiosk" }, "geometry": { "type": "Point", "coordinates": [ -73.998821999800001, 40.659901999600002 ] } },
{ "type": "Feature", "properties": { "objectid": 9687, "name": "Poe Park", "boroname": "Bronx", "type": "Limited Free", "provider": "ALTICEUSA", "location_t": "Outdoor" }, "geometry": { "type": "Point", "coordinates": [ -73.894626000599999, 40.864781000100002 ] } },
{ "type": "Feature", "properties": { "objectid": 10985, "name": "Alley Pond Park", "boroname": "Queens", "type": "Limited Free", "provider": "SPECTRUM", "location_t": "Outdoor" }, "geometry": { "type": "Point", "coordinates": [ -73.735040999399999, 40.739739000299998 ] } },
{ "type": "Feature", "properties": { "objectid": 10685, "name": "mn-07-121238", "boroname": "Manhattan", "type": "Free", "provider": "LinkNYC - Citybridge", "location_t": "Outdoor Kiosk" }, "geometry": { "type": "Point", "coordinates": [ -73.978785350199999, 40.785753290400002 ] } },
{ "type": "Feature", "properties": { "objectid": 11456, "name": "bx-01-116415", "boroname": "Bronx", "type": "Free", "provider": "LinkNYC - Citybridge", "location_t": "Outdoor Kiosk" }, "geometry": { "type": "Point", "coordinates": [ -73.9229548104, 40.816751319600002 ] } },
{ "type": "Feature", "properties": { "objectid": 11623, "name": "Washington Square Park", "boroname": "Manhattan", "type": "Limited Free", "provider": "SPECTRUM", "location_t": "Outdoor" }, "geometry": { "type": "Point", "coordinates": [ -73.998629000099996, 40.732142000400003 ] } },
{ "type": "Feature", "properties": { "objectid": 11787, "name": "bk-06-108348", "boroname": "Brooklyn", "type": "Free", "provider": "LinkNYC - Citybridge", "location_t": "Outdoor Kiosk" }, "geometry": { "type": "Point", "coordinates": [ -73.994046940299995, 40.681345640099998 ] } },
{ "type": "Feature", "properties": { "objectid": 10823, "name": "Lexington Av (N,R,W)/59 St (4,5,6)", "boroname": "Manhattan", "type": "Free", "provider": "Transit Wireless", "location_t": "Subway Station" }, "geometry": { "type": "Point", "coordinates": [ -73.967967000499996, 40.762526000299999 ] } },
{ "type": "Feature", "properties": { "objectid": 11345, "name": "86th Street - Central Park West - B, C", "boroname": "Manhattan", "type": "Free", "provider": "Transit Wireless", "location_t": "Subway Station" }, "geometry": { "type": "Point", "coordinates": [ -73.968915999700002, 40.785868 ] } },
{ "type": "Feature", "properties": { "objectid": 10730, "name": "mn-05-144509", "boroname": "Manhattan", "type": "Free", "provider": "LinkNYC - Citybridge", "location_t": "Outdoor Kiosk" }, "geometry": { "type": "Point", "coordinates": [ -73.984638999599994, 40.745126000399999 ] } },
{ "type": "Feature", "properties": { "objectid": 10127, "name": null, "boroname": "Manhattan", "type": "Free", "provider": "Harlem", "location_t": "Outdoor" }, "geometry": { "type": "Point", "coordinates": [ -73.941244000500006, 40.805974000299997 ] } },
{ "type": "Feature", "properties": { "objectid": 11515, "name": null, "boroname": "Brooklyn", "type": "Free", "provider": "Downtown Brooklyn", "location_t": "Outdoor" }, "geometry": { "type": "Point", "coordinates": [ -73.986620000499997, 40.691224000399998 ] } },
{ "type": "Feature", "properties": { "objectid": 10256, "name": "bk-01-145998", "boroname": "Brooklyn", "type": "Free", "provider": "LinkNYC - Citybridge", "location_t": "Outdoor Kiosk" }, "geometry": { "type": "Point", "coordinates": [ -73.954688690500006, 40.722532630300002 ] } },
{ "type": "Feature", "properties": { "objectid": 9922, "name": "Gerritsen Beach - Brooklyn Public Library", "boroname": "Brooklyn", "type": "Free", "provider": "BPL", "location_t": "Library" }, "geometry": { "type": "Point", "coordinates": [ -73.92396467, 40.5913570544 ] } },
{ "type": "Feature", "properties": { "objectid": 12822, "name": "qu-12-138095", "boroname": "Queens", "type": "Free", "provider": "LinkNYC - Citybridge", "location_t": "Outdoor Kiosk" }, "geometry": { "type": "Point", "coordinates": [ -73.796620389899999, 40.704686550399998 ] } },
{ "type": "Feature", "properties": { "objectid": 11116, "name": "si-02-145732", "boroname": "Staten Island", "type": "Free", "provider": "LinkNYC - Citybridge", "location_t": "Outdoor Kiosk" }, "geometry": { "type": "Point", "coordinates": [ -74.083828346399997, 40.597715078699999 ] } },
{ "type": "Feature", "properties": { "objectid": 12719, "name": "mn-05-121662", "boroname": "Manhattan", "type": "Free", "provider": "LinkNYC - Citybridge", "location_t": "Outdoor Kiosk" }, "geometry": { "type": "Point", "coordinates": [ -73.979246010200001, 40.7530030498 ] } },
{ "type": "Feature", "properties": { "objectid": 12450, "name": "mn-07-133626", "boroname": "Manhattan", "type": "Free", "provider": "LinkNYC - Citybridge", "location_t": "Outdoor Kiosk" }, "geometry": { "type": "Point", "coordinates": [ -73.969680999900007, 40.797248000400003 ] } },
{ "type": "Feature", "properties": { "objectid": 9983, "name": "Ottendorfer", "boroname": "Manhattan", "type": "Free", "provider": "NYPL", "location_t": "Library" }, "geometry": { "type": "Point", "coordinates": [ -73.987783733900002, 40.728920902900001 ] } },
{ "type": "Feature", "properties": { "objectid": 10017, "name": "East Elmhurst", "boroname": "Queens", "type": "Free", "provider": "QPL", "location_t": "Library" }, "geometry": { "type": "Point", "coordinates": [ -73.87386663, 40.762422129699999 ] } },
{ "type": "Feature", "properties": { "objectid": 12598, "name": "mn-09-111985", "boroname": "Manhattan", "type": "Free", "provider": "LinkNYC - Citybridge", "location_t": "Outdoor Kiosk" }, "geometry": { "type": "Point", "coordinates": [ -73.949581000099997, 40.827931999900002 ] } },
{ "type": "Feature", "properties": { "objectid": 11741, "name": "mn-03-138879", "boroname": "Manhattan", "type": "Free", "provider": "LinkNYC - Citybridge", "location_t": "Outdoor Kiosk" }, "geometry": { "type": "Point", "coordinates": [ -73.985131070199998, 40.731922889700002 ] } },
{ "type": "Feature", "properties": { "objectid": 12151, "name": "mn-09-134795", "boroname": "Manhattan", "type": "Free", "provider": "LinkNYC - Citybridge", "location_t": "Outdoor Kiosk" }, "geometry": { "type": "Point", "coordinates": [ -73.949298760399998, 40.828319589700001 ] } },
{ "type": "Feature", "properties": { "objectid": 10745, "name": "Ferry Point Park", "boroname": "Bronx", "type": "Limited Free", "provider": "ALTICEUSA", "location_t": "Outdoor" }, "geometry": { "type": "Point", "coordinates": [ -73.826653999599998, 40.821599000100001 ] } },
{ "type": "Feature", "properties": { "objectid": 10251, "name": "bk-01-146081", "boroname": "Brooklyn", "type": "Free", "provider": "LinkNYC - Citybridge", "location_t": "Outdoor Kiosk" }, "geometry": { "type": "Point", "coordinates": [ -73.951552409900003, 40.714190879599997 ] } },
{ "type": "Feature", "properties": { "objectid": 12431, "name": "86 St (R)", "boroname": "Brooklyn", "type": "Free", "provider": "Transit Wireless", "location_t": "Subway Station" }, "geometry": { "type": "Point", "coordinates": [ -74.028398000099997, 40.622687000299997 ] } },
{ "type": "Feature", "properties": { "objectid": 11062, "name": "mn-10-138528", "boroname": "Manhattan", "type": "Free", "provider": "LinkNYC - Citybridge", "location_t": "Outdoor Kiosk" }, "geometry": { "type": "Point", "coordinates": [ -73.949259099800003, 40.801948879900003 ] } },
{ "type": "Feature", "properties": { "objectid": 11428, "name": "mn-08-121042", "boroname": "Manhattan", "type": "Free", "provider": "LinkNYC - Citybridge", "location_t": "Outdoor Kiosk" }, "geometry": { "type": "Point", "coordinates": [ -73.961539569899998, 40.776918230299998 ] } },
{ "type": "Feature", "properties": { "objectid": 11202, "name": "mn-07-121161", "boroname": "Manhattan", "type": "Free", "provider": "LinkNYC - Citybridge", "location_t": "Outdoor Kiosk" }, "geometry": { "type": "Point", "coordinates": [ -73.976932160100006, 40.78014761 ] } },
{ "type": "Feature", "properties": { "objectid": 10418, "name": null, "boroname": "Brooklyn", "type": "Free", "provider": "Downtown Brooklyn", "location_t": "Outdoor" }, "geometry": { "type": "Point", "coordinates": [ -73.981327999800001, 40.690232999700001 ] } },
{ "type": "Feature", "properties": { "objectid": 11724, "name": "Crotona Park", "boroname": "Bronx", "type": "Limited Free", "provider": "ALTICEUSA", "location_t": "Outdoor" }, "geometry": { "type": "Point", "coordinates": [ -73.895219000200001, 40.840107000400003 ] } },
{ "type": "Feature", "properties": { "objectid": 12810, "name": "qu-12-141545", "boroname": "Queens", "type": "Free", "provider": "LinkNYC - Citybridge", "location_t": "Outdoor Kiosk" }, "geometry": { "type": "Point", "coordinates": [ -73.798690230099993, 40.704020280500004 ] } },
{ "type": "Feature", "properties": { "objectid": 10083, "name": "Central Adult Learning Center", "boroname": "Queens", "type": "Free", "provider": "QPL", "location_t": "Library" }, "geometry": { "type": "Point", "coordinates": [ -73.794407530699999, 40.705962093799997 ] } },
{ "type": "Feature", "properties": { "objectid": 10532, "name": "Metropolitan Recreation Center - Pool", "boroname": "Brooklyn", "type": "Limited Free", "provider": "SPECTRUM", "location_t": "Indoor" }, "geometry": { "type": "Point", "coordinates": [ -73.960502000100007, 40.715087999700003 ] } },
{ "type": "Feature", "properties": { "objectid": 10185, "name": "0", "boroname": "Brooklyn", "type": "Free", "provider": "City Tech", "location_t": "Outdoor" }, "geometry": { "type": "Point", "coordinates": [ -73.987331400599999, 40.695037899699997 ] } },
{ "type": "Feature", "properties": { "objectid": 11261, "name": "qu-01-142694", "boroname": "Queens", "type": "Free", "provider": "LinkNYC - Citybridge", "location_t": "Outdoor Kiosk" }, "geometry": { "type": "Point", "coordinates": [ -73.930599179599994, 40.76453793 ] } },
{ "type": "Feature", "properties": { "objectid": 10227, "name": "Rockaway Beach and Boardwalk", "boroname": "Queens", "type": "Limited Free", "provider": "SPECTRUM", "location_t": "Outdoor" }, "geometry": { "type": "Point", "coordinates": [ -73.817686000500004, 40.583050000100002 ] } },
{ "type": "Feature", "properties": { "objectid": 9702, "name": "Prospect Park", "boroname": "Brooklyn", "type": "Limited Free", "provider": "ALTICEUSA", "location_t": "Indoor" }, "geometry": { "type": "Point", "coordinates": [ -73.963697000099998, 40.657001000400001 ] } },
{ "type": "Feature", "properties": { "objectid": 10951, "name": null, "boroname": "Manhattan", "type": "Free", "provider": "Harlem", "location_t": "Outdoor" }, "geometry": { "type": "Point", "coordinates": [ -73.9440039996, 40.809672000200003 ] } },
{ "type": "Feature", "properties": { "objectid": 11375, "name": "PARSONS BOULEVARD", "boroname": "Queens", "type": "Free", "provider": "Transit Wireless", "location_t": "Subway Station" }, "geometry": { "type": "Point", "coordinates": [ -73.8033260001, 40.707563999599998 ] } },
{ "type": "Feature", "properties": { "objectid": 9682, "name": "Pelham Bay Park", "boroname": "Bronx", "type": "Limited Free", "provider": "ALTICEUSA", "location_t": "Outdoor" }, "geometry": { "type": "Point", "coordinates": [ -73.821055000300007, 40.849195999700001 ] } },
{ "type": "Feature", "properties": { "objectid": 9911, "name": "Bloomingdale", "boroname": "Manhattan", "type": "Free", "provider": "NYPL", "location_t": "Library" }, "geometry": { "type": "Point", "coordinates": [ -73.9678485166, 40.795919990800002 ] } },
{ "type": "Feature", "properties": { "objectid": 11572, "name": "Roy Wilkins Recreation Center", "boroname": "Queens", "type": "Limited Free", "provider": "SPECTRUM", "location_t": "Indoor" }, "geometry": { "type": "Point", "coordinates": [ -73.769558999599994, 40.687191 ] } },
{ "type": "Feature", "properties": { "objectid": 10134, "name": null, "boroname": "Manhattan", "type": "Free", "provider": "Harlem", "location_t": "Outdoor" }, "geometry": { "type": "Point", "coordinates": [ -73.937833999800006, 40.812181000300001 ] } },
{ "type": "Feature", "properties": { "objectid": 10025, "name": "Peninsula", "boroname": "Queens", "type": "Free", "provider": "QPL", "location_t": "Library" }, "geometry": { "type": "Point", "coordinates": [ -73.816061620100001, 40.585839407800002 ] } },
{ "type": "Feature", "properties": { "objectid": 10871, "name": "Carroll Park", "boroname": "Brooklyn", "type": "Limited Free", "provider": "SPECTRUM", "location_t": "Outdoor TWC Aerial" }, "geometry": { "type": "Point", "coordinates": [ -73.995381999499998, 40.680629999799997 ] } },
{ "type": "Feature", "properties": { "objectid": 10037, "name": "Lefferts", "boroname": "Queens", "type": "Free", "provider": "QPL", "location_t": "Library" }, "geometry": { "type": "Point", "coordinates": [ -73.824829698499997, 40.686907288199997 ] } },
{ "type": "Feature", "properties": { "objectid": 11024, "name": "qu-04-136367", "boroname": "Queens", "type": "Free", "provider": "LinkNYC - Citybridge", "location_t": "Outdoor Kiosk" }, "geometry": { "type": "Point", "coordinates": [ -73.879386480099996, 40.748049180300001 ] } },
{ "type": "Feature", "properties": { "objectid": 11648, "name": "NYC - Alfred E. Smith Playground", "boroname": "Manhattan", "type": "Limited Free", "provider": "SPECTRUM", "location_t": "Outdoor" }, "geometry": { "type": "Point", "coordinates": [ -73.997979999899997, 40.7102499999 ] } },
{ "type": "Feature", "properties": { "objectid": 11533, "name": null, "boroname": "Brooklyn", "type": "Free", "provider": "Downtown Brooklyn", "location_t": "Outdoor" }, "geometry": { "type": "Point", "coordinates": [ -73.986073999799999, 40.696651999799997 ] } },
{ "type": "Feature", "properties": { "objectid": 10283, "name": "qu-09-145879", "boroname": "Queens", "type": "Free", "provider": "LinkNYC - Citybridge", "location_t": "Outdoor Kiosk" }, "geometry": { "type": "Point", "coordinates": [ -73.838809880499994, 40.695912519799997 ] } },
{ "type": "Feature", "properties": { "objectid": 12464, "name": "mn-07-134388", "boroname": "Manhattan", "type": "Free", "provider": "LinkNYC - Citybridge", "location_t": "Outdoor Kiosk" }, "geometry": { "type": "Point", "coordinates": [ -73.967584999600007, 40.802297999899999 ] } },
{ "type": "Feature", "properties": { "objectid": 12496, "name": "si-02-125463", "boroname": "Staten Island", "type": "Free", "provider": "LinkNYC - Citybridge", "location_t": "Outdoor Kiosk" }, "geometry": { "type": "Point", "coordinates": [ -74.109657290100003, 40.570311849600003 ] } },
{ "type": "Feature", "properties": { "objectid": 11810, "name": "bx-01-118942", "boroname": "Bronx", "type": "Free", "provider": "LinkNYC - Citybridge", "location_t": "Outdoor Kiosk" }, "geometry": { "type": "Point", "coordinates": [ -73.915573999499998, 40.817445999699999 ] } },
{ "type": "Feature", "properties": { "objectid": 11068, "name": "mn-10-138120", "boroname": "Manhattan", "type": "Free", "provider": "LinkNYC - Citybridge", "location_t": "Outdoor Kiosk" }, "geometry": { "type": "Point", "coordinates": [ -73.947503359600006, 40.815375769900001 ] } },
{ "type": "Feature", "properties": { "objectid": 10336, "name": "bk-17-145979", "boroname": "Brooklyn", "type": "Free", "provider": "LinkNYC - Citybridge", "location_t": "Outdoor Kiosk" }, "geometry": { "type": "Point", "coordinates": [ -73.952413999599997, 40.648733000199996 ] } },
{ "type": "Feature", "properties": { "objectid": 10368, "name": "Macombs Dam Park", "boroname": "Bronx", "type": "Limited Free", "provider": "ALTICEUSA", "location_t": "Outdoor" }, "geometry": { "type": "Point", "coordinates": [ -73.926762000599993, 40.826566999900002 ] } },
{ "type": "Feature", "properties": { "objectid": 10383, "name": "Manhattan Beach Park", "boroname": "Brooklyn", "type": "Limited Free", "provider": "ALTICEUSA", "location_t": "Outdoor" }, "geometry": { "type": "Point", "coordinates": [ -73.9446, 40.577870000200001 ] } },
{ "type": "Feature", "properties": { "objectid": 10389, "name": "Manhattan Beach Park", "boroname": "Brooklyn", "type": "Limited Free", "provider": "ALTICEUSA", "location_t": "Outdoor" }, "geometry": { "type": "Point", "coordinates": [ -73.944590000600002, 40.576869999899998 ] } },
{ "type": "Feature", "properties": { "objectid": 10407, "name": null, "boroname": "Manhattan", "type": "Free", "provider": "Harlem", "location_t": "Outdoor" }, "geometry": { "type": "Point", "coordinates": [ -73.939684999700006, 40.815132000399998 ] } },
{ "type": "Feature", "properties": { "objectid": 10414, "name": null, "boroname": "Brooklyn", "type": "Free", "provider": "Downtown Brooklyn", "location_t": "Outdoor" }, "geometry": { "type": "Point", "coordinates": [ -73.988841, 40.691676999800002 ] } },
{ "type": "Feature", "properties": { "objectid": 10424, "name": null, "boroname": "Brooklyn", "type": "Free", "provider": "Downtown Brooklyn", "location_t": "Outdoor" }, "geometry": { "type": "Point", "coordinates": [ -73.989634999499998, 40.690882999800003 ] } },
{ "type": "Feature", "properties": { "objectid": 10438, "name": "Cunningham Park", "boroname": "Queens", "type": "Limited Free", "provider": "SPECTRUM", "location_t": "Outdoor TWC Aerial" }, "geometry": { "type": "Point", "coordinates": [ -73.776717999799999, 40.7305439999 ] } },
{ "type": "Feature", "properties": { "objectid": 10449, "name": "Gertrude Ederle Recreation Center", "boroname": "Manhattan", "type": "Limited Free", "provider": "SPECTRUM", "location_t": "Indoor" }, "geometry": { "type": "Point", "coordinates": [ -73.988108999600001, 40.7714420004 ] } },
{ "type": "Feature", "properties": { "objectid": 10458, "name": "Greenbelt Recreation Center", "boroname": "Staten Island", "type": "Limited Free", "provider": "SPECTRUM", "location_t": "Indoor" }, "geometry": { "type": "Point", "coordinates": [ -74.138119999699995, 40.592030000400001 ] } },
{ "type": "Feature", "properties": { "objectid": 10571, "name": "si-02-146100", "boroname": "Staten Island", "type": "Free", "provider": "LinkNYC - Citybridge", "location_t": "Outdoor Kiosk" }, "geometry": { "type": "Point", "coordinates": [ -74.10092195, 40.590453110299997 ] } },
{ "type": "Feature", "properties": { "objectid": 10586, "name": "Hunts Point Riverside Park", "boroname": "Bronx", "type": "Free", "provider": "AT&T", "location_t": "Outdoor" }, "geometry": { "type": "Point", "coordinates": [ -73.881100000100005, 40.817699999699997 ] } },
{ "type": "Feature", "properties": { "objectid": 10608, "name": "Baisley Pond Park", "boroname": "Queens", "type": "Limited Free", "provider": "SPECTRUM", "location_t": "Outdoor TWC Aerial" }, "geometry": { "type": "Point", "coordinates": [ -73.788609999900004, 40.671400000299997 ] } },
{ "type": "Feature", "properties": { "objectid": 10623, "name": "mn-11-132877", "boroname": "Manhattan", "type": "Free", "provider": "LinkNYC - Citybridge", "location_t": "Outdoor Kiosk" }, "geometry": { "type": "Point", "coordinates": [ -73.944218049499995, 40.7912824004 ] } },
{ "type": "Feature", "properties": { "objectid": 10630, "name": "mn-11-107218", "boroname": "Manhattan", "type": "Free", "provider": "LinkNYC - Citybridge", "location_t": "Outdoor Kiosk" }, "geometry": { "type": "Point", "coordinates": [ -73.940256209699996, 40.79783525 ] } },
{ "type": "Feature", "properties": { "objectid": 10635, "name": "mn-11-142952", "boroname": "Manhattan", "type": "Free", "provider": "LinkNYC - Citybridge", "location_t": "Outdoor Kiosk" }, "geometry": { "type": "Point", "coordinates": [ -73.936721019900006, 40.802663440400003 ] } },
{ "type": "Feature", "properties": { "objectid": 10640, "name": "mn-07-122843", "boroname": "Manhattan", "type": "Free", "provider": "LinkNYC - Citybridge", "location_t": "Outdoor Kiosk" }, "geometry": { "type": "Point", "coordinates": [ -73.981841151300003, 40.769565741800001 ] } },
{ "type": "Feature", "properties": { "objectid": 10503, "name": null, "boroname": "Manhattan", "type": "Free", "provider": "Chelsea", "location_t": "Outdoor" }, "geometry": { "type": "Point", "coordinates": [ -74.006636739100003, 40.744407993300001 ] } },
{ "type": "Feature", "properties": { "objectid": 10526, "name": "McKinley Park", "boroname": "Brooklyn", "type": "Limited Free", "provider": "SPECTRUM", "location_t": "Outdoor TWC Aerial" }, "geometry": { "type": "Point", "coordinates": [ -74.017875000399997, 40.625003999599997 ] } },
{ "type": "Feature", "properties": { "objectid": 10558, "name": "Madison Square Park", "boroname": "Manhattan", "type": "Limited Free", "provider": "SPECTRUM", "location_t": "Outdoor" }, "geometry": { "type": "Point", "coordinates": [ -73.987913999900002, 40.741100000300001 ] } },
{ "type": "Feature", "properties": { "objectid": 9609, "name": "QUEENS BRIDGE - JACOB A. RIIS Settlement House", "boroname": "Queens", "type": "Free", "provider": "Spot On Networks", "location_t": "Indoor AP - South Management Office" }, "geometry": { "type": "Point", "coordinates": [ -73.945632999899999, 40.755289999699997 ] } },
{ "type": "Feature", "properties": { "objectid": 9619, "name": "si-02-125465", "boroname": "Staten Island", "type": "Free", "provider": "LinkNYC - Citybridge", "location_t": "Outdoor Kiosk" }, "geometry": { "type": "Point", "coordinates": [ -74.103479000500002, 40.576540999800002 ] } },
{ "type": "Feature", "properties": { "objectid": 9624, "name": "mn-08-121861", "boroname": "Manhattan", "type": "Free", "provider": "LinkNYC - Citybridge", "location_t": "Outdoor Kiosk" }, "geometry": { "type": "Point", "coordinates": [ -73.969978669599996, 40.766215510400002 ] } },
{ "type": "Feature", "properties": { "objectid": 9641, "name": "mn-01-122285", "boroname": "Manhattan", "type": "Free", "provider": "LinkNYC - Citybridge", "location_t": "Outdoor Kiosk" }, "geometry": { "type": "Point", "coordinates": [ -74.006556200099993, 40.720567749799997 ] } },
{ "type": "Feature", "properties": { "objectid": 9651, "name": "qu-01-125165", "boroname": "Queens", "type": "Free", "provider": "LinkNYC - Citybridge", "location_t": "Outdoor Kiosk" }, "geometry": { "type": "Point", "coordinates": [ -73.912836999600003, 40.769095520100002 ] } },
{ "type": "Feature", "properties": { "objectid": 9656, "name": "mn-06-137127", "boroname": "Manhattan", "type": "Free", "provider": "LinkNYC - Citybridge", "location_t": "Outdoor Kiosk" }, "geometry": { "type": "Point", "coordinates": [ -73.965970249600005, 40.753751060399999 ] } },
{ "type": "Feature", "properties": { "objectid": 9714, "name": "St. John's Recreation Center", "boroname": "Brooklyn", "type": "Limited Free", "provider": "ALTICEUSA", "location_t": "Outdoor" }, "geometry": { "type": "Point", "coordinates": [ -73.935053000300002, 40.674039999800002 ] } },
{ "type": "Feature", "properties": { "objectid": 9729, "name": "Hansborough Recreation Center", "boroname": "Manhattan", "type": "Limited Free", "provider": "SPECTRUM", "location_t": "Indoor" }, "geometry": { "type": "Point", "coordinates": [ -73.939356999599994, 40.812680999599998 ] } },
{ "type": "Feature", "properties": { "objectid": 9741, "name": "0", "boroname": "Brooklyn", "type": "Free", "provider": "NYCHA", "location_t": "Outdoor" }, "geometry": { "type": "Point", "coordinates": [ -73.975180200400004, 40.694626000100001 ] } },
{ "type": "Feature", "properties": { "objectid": 9746, "name": "0", "boroname": "Brooklyn", "type": "Free", "provider": "NYCHA", "location_t": "Outdoor" }, "geometry": { "type": "Point", "coordinates": [ -73.9739232, 40.693391999799999 ] } },
{ "type": "Feature", "properties": { "objectid": 9751, "name": "0", "boroname": "Brooklyn", "type": "Free", "provider": "NYCHA", "location_t": "Outdoor" }, "geometry": { "type": "Point", "coordinates": [ -73.976981199899996, 40.693509000100001 ] } },
{ "type": "Feature", "properties": { "objectid": 9760, "name": "qu-02-125075", "boroname": "Queens", "type": "Free", "provider": "LinkNYC - Citybridge", "location_t": "Outdoor Kiosk" }, "geometry": { "type": "Point", "coordinates": [ -73.907453540099993, 40.753139169900003 ] } },
{ "type": "Feature", "properties": { "objectid": 9777, "name": "mn-07-135057", "boroname": "Manhattan", "type": "Free", "provider": "LinkNYC - Citybridge", "location_t": "Outdoor Kiosk" }, "geometry": { "type": "Point", "coordinates": [ -73.969155249600007, 40.7904444801 ] } },
{ "type": "Feature", "properties": { "objectid": 9782, "name": "mn-07-134709", "boroname": "Manhattan", "type": "Free", "provider": "LinkNYC - Citybridge", "location_t": "Outdoor Kiosk" }, "geometry": { "type": "Point", "coordinates": [ -73.968176619700003, 40.791794210100001 ] } },
{ "type": "Feature", "properties": { "objectid": 9787, "name": "mn-07-120527", "boroname": "Manhattan", "type": "Free", "provider": "LinkNYC - Citybridge", "location_t": "Outdoor Kiosk" }, "geometry": { "type": "Point", "coordinates": [ -73.967005240099994, 40.793402089600001 ] } },
{ "type": "Feature", "properties": { "objectid": 9792, "name": "mn-06-139576", "boroname": "Manhattan", "type": "Free", "provider": "LinkNYC - Citybridge", "location_t": "Outdoor Kiosk" }, "geometry": { "type": "Point", "coordinates": [ -73.97047, 40.756576999799996 ] } },
{ "type": "Feature", "properties": { "objectid": 9819, "name": "qu-09-145884", "boroname": "Queens", "type": "Free", "provider": "LinkNYC - Citybridge", "location_t": "Outdoor Kiosk" }, "geometry": { "type": "Point", "coordinates": [ -73.850569160500001, 40.694140339800001 ] } },
{ "type": "Feature", "properties": { "objectid": 9830, "name": "Governors Island", "boroname": "Manhattan", "type": "Free", "provider": "Fiberless", "location_t": "Outdoor" }, "geometry": { "type": "Point", "coordinates": [ -74.018040000599996, 40.68816 ] } },
{ "type": "Feature", "properties": { "objectid": 10222, "name": "Rockaway Beach and Boardwalk", "boroname": "Queens", "type": "Limited Free", "provider": "SPECTRUM", "location_t": "Outdoor" }, "geometry": { "type": "Point", "coordinates": [ -73.799973, 40.586540999699999 ] } },
{ "type": "Feature", "properties": { "objectid": 10234, "name": "Rockaway Beach and Boardwalk", "boroname": "Queens", "type": "Limited Free", "provider": "SPECTRUM", "location_t": "Outdoor" }, "geometry": { "type": "Point", "coordinates": [ -73.825957999699995, 40.580554999599997 ] } },
{ "type": "Feature", "properties": { "objectid": 10239, "name": "qu-01-146038", "boroname": "Queens", "type": "Free", "provider": "LinkNYC - Citybridge", "location_t": "Outdoor Kiosk" }, "geometry": { "type": "Point", "coordinates": [ -73.919578999799995, 40.762564000399998 ] } },
{ "type": "Feature", "properties": { "objectid": 10268, "name": "bk-01-146010", "boroname": "Brooklyn", "type": "Free", "provider": "LinkNYC - Citybridge", "location_t": "Outdoor Kiosk" }, "geometry": { "type": "Point", "coordinates": [ -73.960474313899994, 40.719404331600003 ] } },
{ "type": "Feature", "properties": { "objectid": 10278, "name": "qu-09-145989", "boroname": "Queens", "type": "Free", "provider": "LinkNYC - Citybridge", "location_t": "Outdoor Kiosk" }, "geometry": { "type": "Point", "coordinates": [ -73.852557069400007, 40.693739784100003 ] } },
{ "type": "Feature", "properties": { "objectid": 10288, "name": "qu-09-145912", "boroname": "Queens", "type": "Free", "provider": "LinkNYC - Citybridge", "location_t": "Outdoor Kiosk" }, "geometry": { "type": "Point", "coordinates": [ -73.8270968697, 40.700634829899997 ] } },
{ "type": "Feature", "properties": { "objectid": 10300, "name": "bk-07-145887", "boroname": "Brooklyn", "type": "Free", "provider": "LinkNYC - Citybridge", "location_t": "Outdoor Kiosk" }, "geometry": { "type": "Point", "coordinates": [ -73.993714999700003, 40.664406000200003 ] } },
{ "type": "Feature", "properties": { "objectid": 10305, "name": "bk-07-145862", "boroname": "Brooklyn", "type": "Free", "provider": "LinkNYC - Citybridge", "location_t": "Outdoor Kiosk" }, "geometry": { "type": "Point", "coordinates": [ -74.003050319699994, 40.655437600399999 ] } },
{ "type": "Feature", "properties": { "objectid": 10310, "name": "qu-02-145981", "boroname": "Queens", "type": "Free", "provider": "LinkNYC - Citybridge", "location_t": "Outdoor Kiosk" }, "geometry": { "type": "Point", "coordinates": [ -73.922069660600002, 40.739680250100001 ] } },
{ "type": "Feature", "properties": { "objectid": 10315, "name": "bk-08-145920", "boroname": "Brooklyn", "type": "Free", "provider": "LinkNYC - Citybridge", "location_t": "Outdoor Kiosk" }, "geometry": { "type": "Point", "coordinates": [ -73.963730000499993, 40.678540000200002 ] } },
{ "type": "Feature", "properties": { "objectid": 10886, "name": "mn-05-122658", "boroname": "Manhattan", "type": "Free", "provider": "LinkNYC - Citybridge", "location_t": "Outdoor Kiosk" }, "geometry": { "type": "Point", "coordinates": [ -73.984636660099994, 40.759378840300002 ] } },
{ "type": "Feature", "properties": { "objectid": 10919, "name": null, "boroname": "Manhattan", "type": "Free", "provider": "Harlem", "location_t": "Outdoor" }, "geometry": { "type": "Point", "coordinates": [ -73.941112, 40.815113999600001 ] } },
{ "type": "Feature", "properties": { "objectid": 10946, "name": null, "boroname": "Manhattan", "type": "Free", "provider": "Harlem", "location_t": "Outdoor" }, "geometry": { "type": "Point", "coordinates": [ -73.941262000099996, 40.8137129996 ] } },
{ "type": "Feature", "properties": { "objectid": 12106, "name": "mn-05-122369", "boroname": "Manhattan", "type": "Free", "provider": "LinkNYC - Citybridge", "location_t": "Outdoor Kiosk" }, "geometry": { "type": "Point", "coordinates": [ -73.988083784599993, 40.749720910400001 ] } },
{ "type": "Feature", "properties": { "objectid": 12115, "name": "mn-05-134155", "boroname": "Manhattan", "type": "Free", "provider": "LinkNYC - Citybridge", "location_t": "Outdoor Kiosk" }, "geometry": { "type": "Point", "coordinates": [ -73.984633629800001, 40.7607176004 ] } },
{ "type": "Feature", "properties": { "objectid": 12138, "name": "mn-08-121051", "boroname": "Manhattan", "type": "Free", "provider": "LinkNYC - Citybridge", "location_t": "Outdoor Kiosk" }, "geometry": { "type": "Point", "coordinates": [ -73.960115665100005, 40.778794646199998 ] } },
{ "type": "Feature", "properties": { "objectid": 10972, "name": "Railroad Park", "boroname": "Queens", "type": "Limited Free", "provider": "SPECTRUM", "location_t": "Outdoor TWC Aerial" }, "geometry": { "type": "Point", "coordinates": [ -73.765364, 40.675978999599998 ] } },
{ "type": "Feature", "properties": { "objectid": 10992, "name": "Brooklyn Heights Promenade", "boroname": "Brooklyn", "type": "Limited Free", "provider": "SPECTRUM", "location_t": "Outdoor" }, "geometry": { "type": "Point", "coordinates": [ -73.997656, 40.696674999899997 ] } },
{ "type": "Feature", "properties": { "objectid": 11148, "name": "qu-04-145899", "boroname": "Queens", "type": "Free", "provider": "LinkNYC - Citybridge", "location_t": "Outdoor Kiosk" }, "geometry": { "type": "Point", "coordinates": [ -73.883788790599993, 40.743563222900001 ] } },
{ "type": "Feature", "properties": { "objectid": 12167, "name": "mn-05-134490", "boroname": "Manhattan", "type": "Free", "provider": "LinkNYC - Citybridge", "location_t": "Outdoor Kiosk" }, "geometry": { "type": "Point", "coordinates": [ -73.991882865799994, 40.7439706953 ] } },
{ "type": "Feature", "properties": { "objectid": 12174, "name": "mn-04-139998", "boroname": "Manhattan", "type": "Free", "provider": "LinkNYC - Citybridge", "location_t": "Outdoor Kiosk" }, "geometry": { "type": "Point", "coordinates": [ -73.991819590099993, 40.764455889700002 ] } },
{ "type": "Feature", "properties": { "objectid": 12205, "name": "mn-02-123547", "boroname": "Manhattan", "type": "Free", "provider": "LinkNYC - Citybridge", "location_t": "Outdoor Kiosk" }, "geometry": { "type": "Point", "coordinates": [ -73.9981060004, 40.737804999799998 ] } },
{ "type": "Feature", "properties": { "objectid": 12226, "name": "mn-06-133531", "boroname": "Manhattan", "type": "Free", "provider": "LinkNYC - Citybridge", "location_t": "Outdoor Kiosk" }, "geometry": { "type": "Point", "coordinates": [ -73.986259349899996, 40.734769629600002 ] } },
{ "type": "Feature", "properties": { "objectid": 11047, "name": "qu-02-124996", "boroname": "Queens", "type": "Free", "provider": "LinkNYC - Citybridge", "location_t": "Outdoor Kiosk" }, "geometry": { "type": "Point", "coordinates": [ -73.918732520099994, 40.742180250399997 ] } },
{ "type": "Feature", "properties": { "objectid": 11073, "name": "qu-01-125132", "boroname": "Queens", "type": "Free", "provider": "LinkNYC - Citybridge", "location_t": "Outdoor Kiosk" }, "geometry": { "type": "Point", "coordinates": [ -73.92045929, 40.766386120100002 ] } },
{ "type": "Feature", "properties": { "objectid": 11083, "name": "mn-10-119880", "boroname": "Manhattan", "type": "Free", "provider": "LinkNYC - Citybridge", "location_t": "Outdoor Kiosk" }, "geometry": { "type": "Point", "coordinates": [ -73.946548090500002, 40.816688920200001 ] } },
{ "type": "Feature", "properties": { "objectid": 11094, "name": "bx-01-145821", "boroname": "Bronx", "type": "Free", "provider": "LinkNYC - Citybridge", "location_t": "Outdoor Kiosk" }, "geometry": { "type": "Point", "coordinates": [ -73.930400280599997, 40.813594739800003 ] } },
{ "type": "Feature", "properties": { "objectid": 11100, "name": "si-02-145822", "boroname": "Staten Island", "type": "Free", "provider": "LinkNYC - Citybridge", "location_t": "Outdoor Kiosk" }, "geometry": { "type": "Point", "coordinates": [ -74.108959420600002, 40.571437019599998 ] } },
{ "type": "Feature", "properties": { "objectid": 12827, "name": "mn-08-136012", "boroname": "Manhattan", "type": "Free", "provider": "LinkNYC - Citybridge", "location_t": "Outdoor Kiosk" }, "geometry": { "type": "Point", "coordinates": [ -73.964099439600005, 40.76475912 ] } },
{ "type": "Feature", "properties": { "objectid": 12844, "name": "mn-08-120997", "boroname": "Manhattan", "type": "Free", "provider": "LinkNYC - Citybridge", "location_t": "Outdoor Kiosk" }, "geometry": { "type": "Point", "coordinates": [ -73.958474000300001, 40.773002999699997 ] } },
{ "type": "Feature", "properties": { "objectid": 12845, "name": "mn-08-134739", "boroname": "Manhattan", "type": "Free", "provider": "LinkNYC - Citybridge", "location_t": "Outdoor Kiosk" }, "geometry": { "type": "Point", "coordinates": [ -73.958220429899995, 40.77281462 ] } },
{ "type": "Feature", "properties": { "objectid": 12859, "name": "mn-08-133368", "boroname": "Manhattan", "type": "Free", "provider": "LinkNYC - Citybridge", "location_t": "Outdoor Kiosk" }, "geometry": { "type": "Point", "coordinates": [ -73.953662999900004, 40.778791999900001 ] } },
{ "type": "Feature", "properties": { "objectid": 12877, "name": "bx-04-119160", "boroname": "Bronx", "type": "Free", "provider": "LinkNYC - Citybridge", "location_t": "Outdoor Kiosk" }, "geometry": { "type": "Point", "coordinates": [ -73.925902519499999, 40.82755199 ] } },
{ "type": "Feature", "properties": { "objectid": 12891, "name": "mn-09-136680", "boroname": "Manhattan", "type": "Free", "provider": "LinkNYC - Citybridge", "location_t": "Outdoor Kiosk" }, "geometry": { "type": "Point", "coordinates": [ -73.9593700004, 40.814504539799998 ] } },
{ "type": "Feature", "properties": { "objectid": 11111, "name": "bx-05-145959", "boroname": "Bronx", "type": "Free", "provider": "LinkNYC - Citybridge", "location_t": "Outdoor Kiosk" }, "geometry": { "type": "Point", "coordinates": [ -73.897399999499996, 40.8611500003 ] } },
{ "type": "Feature", "properties": { "objectid": 11133, "name": "qu-06-145961", "boroname": "Queens", "type": "Free", "provider": "LinkNYC - Citybridge", "location_t": "Outdoor Kiosk" }, "geometry": { "type": "Point", "coordinates": [ -73.84588685, 40.72073474 ] } },
{ "type": "Feature", "properties": { "objectid": 11143, "name": "qu-01-145953", "boroname": "Queens", "type": "Free", "provider": "LinkNYC - Citybridge", "location_t": "Outdoor Kiosk" }, "geometry": { "type": "Point", "coordinates": [ -73.9143831, 40.756724310199999 ] } },
{ "type": "Feature", "properties": { "objectid": 11175, "name": "bk-01-126207", "boroname": "Brooklyn", "type": "Free", "provider": "LinkNYC - Citybridge", "location_t": "Outdoor Kiosk" }, "geometry": { "type": "Point", "coordinates": [ -73.959182569700005, 40.708779850399999 ] } },
{ "type": "Feature", "properties": { "objectid": 11180, "name": "qu-06-124227", "boroname": "Queens", "type": "Free", "provider": "LinkNYC - Citybridge", "location_t": "Outdoor Kiosk" }, "geometry": { "type": "Point", "coordinates": [ -73.844644299500004, 40.720245159599997 ] } },
{ "type": "Feature", "properties": { "objectid": 12906, "name": "mn-12-120458", "boroname": "Manhattan", "type": "Free", "provider": "LinkNYC - Citybridge", "location_t": "Outdoor Kiosk" }, "geometry": { "type": "Point", "coordinates": [ -73.940919000099996, 40.834077999599998 ] } },
{ "type": "Feature", "properties": { "objectid": 12921, "name": "qu-06-145763", "boroname": "Queens", "type": "Free", "provider": "LinkNYC - Citybridge", "location_t": "Outdoor Kiosk" }, "geometry": { "type": "Point", "coordinates": [ -73.832340999899998, 40.714860999700001 ] } },
{ "type": "Feature", "properties": { "objectid": 12938, "name": "mn-06-121416", "boroname": "Manhattan", "type": "Free", "provider": "LinkNYC - Citybridge", "location_t": "Outdoor Kiosk" }, "geometry": { "type": "Point", "coordinates": [ -73.973319000399997, 40.748513000199999 ] } },
{ "type": "Feature", "properties": { "objectid": 11189, "name": "qu-04-125322", "boroname": "Queens", "type": "Free", "provider": "LinkNYC - Citybridge", "location_t": "Outdoor Kiosk" }, "geometry": { "type": "Point", "coordinates": [ -73.876522683399998, 40.748349751799999 ] } },
{ "type": "Feature", "properties": { "objectid": 11198, "name": "mn-08-120956", "boroname": "Manhattan", "type": "Free", "provider": "LinkNYC - Citybridge", "location_t": "Outdoor Kiosk" }, "geometry": { "type": "Point", "coordinates": [ -73.958601460099999, 40.763864269899997 ] } },
{ "type": "Feature", "properties": { "objectid": 11213, "name": "mn-05-121636", "boroname": "Manhattan", "type": "Free", "provider": "LinkNYC - Citybridge", "location_t": "Outdoor Kiosk" }, "geometry": { "type": "Point", "coordinates": [ -73.985428490100006, 40.743961790199997 ] } },
{ "type": "Feature", "properties": { "objectid": 11245, "name": "mn-10-142858", "boroname": "Manhattan", "type": "Free", "provider": "LinkNYC - Citybridge", "location_t": "Outdoor Kiosk" }, "geometry": { "type": "Point", "coordinates": [ -73.9570669995, 40.801938 ] } },
{ "type": "Feature", "properties": { "objectid": 12252, "name": "mn-06-134920", "boroname": "Manhattan", "type": "Free", "provider": "LinkNYC - Citybridge", "location_t": "Outdoor Kiosk" }, "geometry": { "type": "Point", "coordinates": [ -73.979907360499993, 40.743493619699997 ] } },
{ "type": "Feature", "properties": { "objectid": 12281, "name": "bk-07-125846", "boroname": "Brooklyn", "type": "Free", "provider": "LinkNYC - Citybridge", "location_t": "Outdoor Kiosk" }, "geometry": { "type": "Point", "coordinates": [ -74.00525819, 40.653711109699998 ] } },
{ "type": "Feature", "properties": { "objectid": 11256, "name": "qu-09-108791", "boroname": "Queens", "type": "Free", "provider": "LinkNYC - Citybridge", "location_t": "Outdoor Kiosk" }, "geometry": { "type": "Point", "coordinates": [ -73.8452259994, 40.695225000199997 ] } },
{ "type": "Feature", "properties": { "objectid": 11288, "name": "mn-06-121442", "boroname": "Manhattan", "type": "Free", "provider": "LinkNYC - Citybridge", "location_t": "Outdoor Kiosk" }, "geometry": { "type": "Point", "coordinates": [ -73.97789516, 40.7422341101 ] } },
{ "type": "Feature", "properties": { "objectid": 11332, "name": "Crotona Park", "boroname": "Bronx", "type": "Limited Free", "provider": "ALTICEUSA", "location_t": "Outdoor" }, "geometry": { "type": "Point", "coordinates": [ -73.890394999600005, 40.837184000400001 ] } },
{ "type": "Feature", "properties": { "objectid": 12317, "name": "qu-02-141148", "boroname": "Queens", "type": "Free", "provider": "LinkNYC - Citybridge", "location_t": "Outdoor Kiosk" }, "geometry": { "type": "Point", "coordinates": [ -73.951617200200005, 40.743183790400003 ] } },
{ "type": "Feature", "properties": { "objectid": 12319, "name": "bx-07-119760", "boroname": "Bronx", "type": "Free", "provider": "LinkNYC - Citybridge", "location_t": "Outdoor Kiosk" }, "geometry": { "type": "Point", "coordinates": [ -73.89764488, 40.867370549900002 ] } },
{ "type": "Feature", "properties": { "objectid": 12338, "name": "mn-07-134701", "boroname": "Manhattan", "type": "Free", "provider": "LinkNYC - Citybridge", "location_t": "Outdoor Kiosk" }, "geometry": { "type": "Point", "coordinates": [ -73.973288570500003, 40.792887080299998 ] } },
{ "type": "Feature", "properties": { "objectid": 12360, "name": "Court St (M,R)/Borough Hall (2,3,4,5)", "boroname": "Brooklyn", "type": "Free", "provider": "Transit Wireless", "location_t": "Subway Station" }, "geometry": { "type": "Point", "coordinates": [ -73.991776999500004, 40.694099999599999 ] } },
{ "type": "Feature", "properties": { "objectid": 11356, "name": "VERNON - JACKSON AVENUE", "boroname": "Queens", "type": "Free", "provider": "Transit Wireless", "location_t": "Subway Station" }, "geometry": { "type": "Point", "coordinates": [ -73.953580999899998, 40.742625999700003 ] } },
{ "type": "Feature", "properties": { "objectid": 11357, "name": "HUNTERS POINT", "boroname": "Queens", "type": "Free", "provider": "Transit Wireless", "location_t": "Subway Station" }, "geometry": { "type": "Point", "coordinates": [ -73.948915999799993, 40.742215999899997 ] } },
{ "type": "Feature", "properties": { "objectid": 11362, "name": "WOODHAVEN BLVD - QUEENS MALL", "boroname": "Queens", "type": "Free", "provider": "Transit Wireless", "location_t": "Subway Station" }, "geometry": { "type": "Point", "coordinates": [ -73.869229000299995, 40.733105999899998 ] } },
{ "type": "Feature", "properties": { "objectid": 11368, "name": "SUTPHIN BOULEVARD", "boroname": "Queens", "type": "Free", "provider": "Transit Wireless", "location_t": "Subway Station" }, "geometry": { "type": "Point", "coordinates": [ -73.8107079997, 40.705459999699997 ] } },
{ "type": "Feature", "properties": { "objectid": 11370, "name": "179TH STREET - JAMAICA", "boroname": "Queens", "type": "Free", "provider": "Transit Wireless", "location_t": "Subway Station" }, "geometry": { "type": "Point", "coordinates": [ -73.783816999500004, 40.712645999899998 ] } },
{ "type": "Feature", "properties": { "objectid": 11389, "name": "116 St (A, B,C)", "boroname": "Manhattan", "type": "Free", "provider": "Transit Wireless", "location_t": "Subway Station" }, "geometry": { "type": "Point", "coordinates": [ -73.954882000500007, 40.805085000399998 ] } },
{ "type": "Feature", "properties": { "objectid": 11390, "name": "116 St-Columbia University (1)", "boroname": "Manhattan", "type": "Free", "provider": "Transit Wireless", "location_t": "Subway Station" }, "geometry": { "type": "Point", "coordinates": [ -73.964109999900003, 40.807722000299997 ] } },
{ "type": "Feature", "properties": { "objectid": 11407, "name": "28th Street - 1", "boroname": "Manhattan", "type": "Free", "provider": "Transit Wireless", "location_t": "Subway Station" }, "geometry": { "type": "Point", "coordinates": [ -73.993365000200001, 40.747215000099999 ] } },
{ "type": "Feature", "properties": { "objectid": 12386, "name": "Utica Av (A,C)", "boroname": "Brooklyn", "type": "Free", "provider": "Transit Wireless", "location_t": "Subway Station" }, "geometry": { "type": "Point", "coordinates": [ -73.930729000300005, 40.6793640004 ] } },
{ "type": "Feature", "properties": { "objectid": 12387, "name": "Ralph Av (C)", "boroname": "Brooklyn", "type": "Free", "provider": "Transit Wireless", "location_t": "Subway Station" }, "geometry": { "type": "Point", "coordinates": [ -73.920786000500001, 40.678822 ] } },
{ "type": "Feature", "properties": { "objectid": 12428, "name": "25 St (M,R)", "boroname": "Brooklyn", "type": "Free", "provider": "Transit Wireless", "location_t": "Subway Station" }, "geometry": { "type": "Point", "coordinates": [ -73.998090999699997, 40.660397000099998 ] } },
{ "type": "Feature", "properties": { "objectid": 11424, "name": "5th Avenue - 7", "boroname": "Manhattan", "type": "Free", "provider": "Transit Wireless", "location_t": "Subway Station" }, "geometry": { "type": "Point", "coordinates": [ -73.981962999800004, 40.753820999699997 ] } },
{ "type": "Feature", "properties": { "objectid": 11439, "name": "mn-06-121671", "boroname": "Manhattan", "type": "Free", "provider": "LinkNYC - Citybridge", "location_t": "Outdoor Kiosk" }, "geometry": { "type": "Point", "coordinates": [ -73.966728530300003, 40.75254917 ] } },
{ "type": "Feature", "properties": { "objectid": 11452, "name": "mn-02-123612", "boroname": "Manhattan", "type": "Free", "provider": "LinkNYC - Citybridge", "location_t": "Outdoor Kiosk" }, "geometry": { "type": "Point", "coordinates": [ -74.006407509699997, 40.731592520299998 ] } },
{ "type": "Feature", "properties": { "objectid": 11471, "name": "mn-04-122766", "boroname": "Manhattan", "type": "Free", "provider": "LinkNYC - Citybridge", "location_t": "Outdoor Kiosk" }, "geometry": { "type": "Point", "coordinates": [ -73.992508260199997, 40.743510130300002 ] } },
{ "type": "Feature", "properties": { "objectid": 12475, "name": "mn-09-120412", "boroname": "Manhattan", "type": "Free", "provider": "LinkNYC - Citybridge", "location_t": "Outdoor Kiosk" }, "geometry": { "type": "Point", "coordinates": [ -73.955795890399997, 40.818813380199998 ] } },
{ "type": "Feature", "properties": { "objectid": 12507, "name": "bx-04-101603", "boroname": "Bronx", "type": "Free", "provider": "LinkNYC - Citybridge", "location_t": "Outdoor Kiosk" }, "geometry": { "type": "Point", "coordinates": [ -73.923905990600005, 40.827655320300003 ] } },
{ "type": "Feature", "properties": { "objectid": 12514, "name": "mn-06-121822", "boroname": "Manhattan", "type": "Free", "provider": "LinkNYC - Citybridge", "location_t": "Outdoor Kiosk" }, "geometry": { "type": "Point", "coordinates": [ -73.971250959900004, 40.7553562302 ] } },
{ "type": "Feature", "properties": { "objectid": 12528, "name": "mn-06-121849", "boroname": "Manhattan", "type": "Free", "provider": "LinkNYC - Citybridge", "location_t": "Outdoor Kiosk" }, "geometry": { "type": "Point", "coordinates": [ -73.967827509800003, 40.759631639799998 ] } },
{ "type": "Feature", "properties": { "objectid": 11498, "name": "Midland Beach and Franklin D. Roosevelt Boardwalk", "boroname": "Staten Island", "type": "Limited Free", "provider": "SPECTRUM", "location_t": "Outdoor" }, "geometry": { "type": "Point", "coordinates": [ -74.079986999900001, 40.576236000400002 ] } },
{ "type": "Feature", "properties": { "objectid": 11530, "name": null, "boroname": "Brooklyn", "type": "Free", "provider": "Downtown Brooklyn", "location_t": "Outdoor" }, "geometry": { "type": "Point", "coordinates": [ -73.990088999700006, 40.693069 ] } },
{ "type": "Feature", "properties": { "objectid": 11557, "name": "Recreation Center 54", "boroname": "Manhattan", "type": "Limited Free", "provider": "SPECTRUM", "location_t": "Indoor" }, "geometry": { "type": "Point", "coordinates": [ -73.965084, 40.757418000400001 ] } },
{ "type": "Feature", "properties": { "objectid": 11562, "name": "Rockaway Beach and Boardwalk", "boroname": "Queens", "type": "Limited Free", "provider": "SPECTRUM", "location_t": "Outdoor" }, "geometry": { "type": "Point", "coordinates": [ -73.835601000300002, 40.577897999699999 ] } },
{ "type": "Feature", "properties": { "objectid": 12555, "name": "mn-04-108002", "boroname": "Manhattan", "type": "Free", "provider": "LinkNYC - Citybridge", "location_t": "Outdoor Kiosk" }, "geometry": { "type": "Point", "coordinates": [ -73.999159580099999, 40.7445840504 ] } },
{ "type": "Feature", "properties": { "objectid": 12579, "name": "mn-04-136691", "boroname": "Manhattan", "type": "Free", "provider": "LinkNYC - Citybridge", "location_t": "Outdoor Kiosk" }, "geometry": { "type": "Point", "coordinates": [ -73.992947169700003, 40.753107319800002 ] } },
{ "type": "Feature", "properties": { "objectid": 11570, "name": "Roy Wilkins Recreation Center", "boroname": "Queens", "type": "Limited Free", "provider": "SPECTRUM", "location_t": "Outdoor" }, "geometry": { "type": "Point", "coordinates": [ -73.769813999600004, 40.687262000099999 ] } },
{ "type": "Feature", "properties": { "objectid": 11591, "name": "Snug Harbor Cultural Center", "boroname": "Staten Island", "type": "Limited Free", "provider": "SPECTRUM", "location_t": "Outdoor TWC Aerial" }, "geometry": { "type": "Point", "coordinates": [ -74.101629000599999, 40.6451229997 ] } },
{ "type": "Feature", "properties": { "objectid": 12610, "name": "mn-09-120442", "boroname": "Manhattan", "type": "Free", "provider": "LinkNYC - Citybridge", "location_t": "Outdoor Kiosk" }, "geometry": { "type": "Point", "coordinates": [ -73.947647073499994, 40.829341376499997 ] } },
{ "type": "Feature", "properties": { "objectid": 12616, "name": "mn-12-120450", "boroname": "Manhattan", "type": "Free", "provider": "LinkNYC - Citybridge", "location_t": "Outdoor Kiosk" }, "geometry": { "type": "Point", "coordinates": [ -73.94477152, 40.833910540200002 ] } },
{ "type": "Feature", "properties": { "objectid": 12618, "name": "mn-12-111735", "boroname": "Manhattan", "type": "Free", "provider": "LinkNYC - Citybridge", "location_t": "Outdoor Kiosk" }, "geometry": { "type": "Point", "coordinates": [ -73.944175999400002, 40.834722000399999 ] } },
{ "type": "Feature", "properties": { "objectid": 12633, "name": "bk-05-114742", "boroname": "Brooklyn", "type": "Free", "provider": "LinkNYC - Citybridge", "location_t": "Outdoor Kiosk" }, "geometry": { "type": "Point", "coordinates": [ -73.869635999500005, 40.684317 ] } },
{ "type": "Feature", "properties": { "objectid": 12647, "name": "mn-01-137940", "boroname": "Manhattan", "type": "Free", "provider": "LinkNYC - Citybridge", "location_t": "Outdoor Kiosk" }, "geometry": { "type": "Point", "coordinates": [ -74.001519380199994, 40.717482109700001 ] } },
{ "type": "Feature", "properties": { "objectid": 12650, "name": "mn-01-123431", "boroname": "Manhattan", "type": "Free", "provider": "LinkNYC - Citybridge", "location_t": "Outdoor Kiosk" }, "geometry": { "type": "Point", "coordinates": [ -74.002569999399995, 40.716033000099998 ] } },
{ "type": "Feature", "properties": { "objectid": 12664, "name": "mn-04-122583", "boroname": "Manhattan", "type": "Free", "provider": "LinkNYC - Citybridge", "location_t": "Outdoor Kiosk" }, "geometry": { "type": "Point", "coordinates": [ -73.988579459600004, 40.75910666 ] } },
{ "type": "Feature", "properties": { "objectid": 12665, "name": "mn-05-122092", "boroname": "Manhattan", "type": "Free", "provider": "LinkNYC - Citybridge", "location_t": "Outdoor Kiosk" }, "geometry": { "type": "Point", "coordinates": [ -73.9881871698, 40.759221489799998 ] } },
{ "type": "Feature", "properties": { "objectid": 11653, "name": "NYC - Detective Keith Williams Park", "boroname": "Queens", "type": "Limited Free", "provider": "SPECTRUM", "location_t": "Outdoor TWC Aerial" }, "geometry": { "type": "Point", "coordinates": [ -73.783594000199997, 40.702707000300002 ] } },
{ "type": "Feature", "properties": { "objectid": 11685, "name": "Coney Island Beach & Boardwalk", "boroname": "Brooklyn", "type": "Limited Free", "provider": "ALTICEUSA", "location_t": "Outdoor" }, "geometry": { "type": "Point", "coordinates": [ -73.977901000200006, 40.574582000200003 ] } },
{ "type": "Feature", "properties": { "objectid": 11709, "name": "Crotona Park", "boroname": "Bronx", "type": "Limited Free", "provider": "ALTICEUSA", "location_t": "Outdoor" }, "geometry": { "type": "Point", "coordinates": [ -73.897581999600007, 40.834479999899997 ] } },
{ "type": "Feature", "properties": { "objectid": 12683, "name": "mn-04-122623", "boroname": "Manhattan", "type": "Free", "provider": "LinkNYC - Citybridge", "location_t": "Outdoor Kiosk" }, "geometry": { "type": "Point", "coordinates": [ -73.983547610599999, 40.766011420200002 ] } },
{ "type": "Feature", "properties": { "objectid": 12700, "name": "mn-06-138038", "boroname": "Manhattan", "type": "Free", "provider": "LinkNYC - Citybridge", "location_t": "Outdoor Kiosk" }, "geometry": { "type": "Point", "coordinates": [ -73.974717225800006, 40.752636491799997 ] } },
{ "type": "Feature", "properties": { "objectid": 12715, "name": "mn-05-133558", "boroname": "Manhattan", "type": "Free", "provider": "LinkNYC - Citybridge", "location_t": "Outdoor Kiosk" }, "geometry": { "type": "Point", "coordinates": [ -73.981559800100001, 40.74983207 ] } },
{ "type": "Feature", "properties": { "objectid": 12740, "name": "mn-03-137382", "boroname": "Manhattan", "type": "Free", "provider": "LinkNYC - Citybridge", "location_t": "Outdoor Kiosk" }, "geometry": { "type": "Point", "coordinates": [ -73.989402999800006, 40.726049000300002 ] } },
{ "type": "Feature", "properties": { "objectid": 11728, "name": "mn-12-120461", "boroname": "Manhattan", "type": "Free", "provider": "LinkNYC - Citybridge", "location_t": "Outdoor Kiosk" }, "geometry": { "type": "Point", "coordinates": [ -73.941886519899995, 40.832748980399998 ] } },
{ "type": "Feature", "properties": { "objectid": 11745, "name": "mn-06-134971", "boroname": "Manhattan", "type": "Free", "provider": "LinkNYC - Citybridge", "location_t": "Outdoor Kiosk" }, "geometry": { "type": "Point", "coordinates": [ -73.98229109, 40.736164839799997 ] } },
{ "type": "Feature", "properties": { "objectid": 11760, "name": "mn-10-134578", "boroname": "Manhattan", "type": "Free", "provider": "LinkNYC - Citybridge", "location_t": "Outdoor Kiosk" }, "geometry": { "type": "Point", "coordinates": [ -73.94192414, 40.8180290699 ] } },
{ "type": "Feature", "properties": { "objectid": 11763, "name": "mn-05-134626", "boroname": "Manhattan", "type": "Free", "provider": "LinkNYC - Citybridge", "location_t": "Outdoor Kiosk" }, "geometry": { "type": "Point", "coordinates": [ -73.994393139600007, 40.7405129801 ] } },
{ "type": "Feature", "properties": { "objectid": 11772, "name": "qu-01-140339", "boroname": "Queens", "type": "Free", "provider": "LinkNYC - Citybridge", "location_t": "Outdoor Kiosk" }, "geometry": { "type": "Point", "coordinates": [ -73.912974659699998, 40.75607269 ] } },
{ "type": "Feature", "properties": { "objectid": 12758, "name": "mn-07-135446", "boroname": "Manhattan", "type": "Free", "provider": "LinkNYC - Citybridge", "location_t": "Outdoor Kiosk" }, "geometry": { "type": "Point", "coordinates": [ -73.970375999699996, 40.793866999599999 ] } },
{ "type": "Feature", "properties": { "objectid": 12781, "name": "mn-07-107743", "boroname": "Manhattan", "type": "Free", "provider": "LinkNYC - Citybridge", "location_t": "Outdoor Kiosk" }, "geometry": { "type": "Point", "coordinates": [ -73.966106609700006, 40.80050433 ] } },
{ "type": "Feature", "properties": { "objectid": 12798, "name": "mn-09-120576", "boroname": "Manhattan", "type": "Free", "provider": "LinkNYC - Citybridge", "location_t": "Outdoor Kiosk" }, "geometry": { "type": "Point", "coordinates": [ -73.946953139800002, 40.825947479900002 ] } },
{ "type": "Feature", "properties": { "objectid": 11803, "name": "qu-04-111122", "boroname": "Queens", "type": "Free", "provider": "LinkNYC - Citybridge", "location_t": "Outdoor Kiosk" }, "geometry": { "type": "Point", "coordinates": [ -73.870488700400003, 40.7489710101 ] } },
{ "type": "Feature", "properties": { "objectid": 11832, "name": "mn-10-119944", "boroname": "Manhattan", "type": "Free", "provider": "LinkNYC - Citybridge", "location_t": "Outdoor Kiosk" }, "geometry": { "type": "Point", "coordinates": [ -73.944756000500007, 40.814156000099999 ] } },
{ "type": "Feature", "properties": { "objectid": 11834, "name": "mn-10-120042", "boroname": "Manhattan", "type": "Free", "provider": "LinkNYC - Citybridge", "location_t": "Outdoor Kiosk" }, "geometry": { "type": "Point", "coordinates": [ -73.950094589800003, 40.806248960300003 ] } },
{ "type": "Feature", "properties": { "objectid": 11847, "name": "mn-06-134535", "boroname": "Manhattan", "type": "Free", "provider": "LinkNYC - Citybridge", "location_t": "Outdoor Kiosk" }, "geometry": { "type": "Point", "coordinates": [ -73.981367900099997, 40.737087999899998 ] } },
{ "type": "Feature", "properties": { "objectid": 11864, "name": "qu-03-136453", "boroname": "Queens", "type": "Free", "provider": "LinkNYC - Citybridge", "location_t": "Outdoor Kiosk" }, "geometry": { "type": "Point", "coordinates": [ -73.881387419700005, 40.7479706799 ] } },
{ "type": "Feature", "properties": { "objectid": 11866, "name": "qu-03-136703", "boroname": "Queens", "type": "Free", "provider": "LinkNYC - Citybridge", "location_t": "Outdoor Kiosk" }, "geometry": { "type": "Point", "coordinates": [ -73.874392890300001, 40.748708419899998 ] } },
{ "type": "Feature", "properties": { "objectid": 10651, "name": "mn-07-134469", "boroname": "Manhattan", "type": "Free", "provider": "LinkNYC - Citybridge", "location_t": "Outdoor Kiosk" }, "geometry": { "type": "Point", "coordinates": [ -73.9823502104, 40.775794960200002 ] } },
{ "type": "Feature", "properties": { "objectid": 10653, "name": "mn-07-121336", "boroname": "Manhattan", "type": "Free", "provider": "LinkNYC - Citybridge", "location_t": "Outdoor Kiosk" }, "geometry": { "type": "Point", "coordinates": [ -73.981937389799995, 40.776311030099997 ] } },
{ "type": "Feature", "properties": { "objectid": 10659, "name": "mn-07-133403", "boroname": "Manhattan", "type": "Free", "provider": "LinkNYC - Citybridge", "location_t": "Outdoor Kiosk" }, "geometry": { "type": "Point", "coordinates": [ -73.982054390599998, 40.77909594 ] } },
{ "type": "Feature", "properties": { "objectid": 10670, "name": "mn-07-121221", "boroname": "Manhattan", "type": "Free", "provider": "LinkNYC - Citybridge", "location_t": "Outdoor Kiosk" }, "geometry": { "type": "Point", "coordinates": [ -73.9805862897, 40.782528080200002 ] } },
{ "type": "Feature", "properties": { "objectid": 11893, "name": "mn-12-120451", "boroname": "Manhattan", "type": "Free", "provider": "LinkNYC - Citybridge", "location_t": "Outdoor Kiosk" }, "geometry": { "type": "Point", "coordinates": [ -73.945091590299995, 40.833285320400002 ] } },
{ "type": "Feature", "properties": { "objectid": 11907, "name": "QUEENS BRIDGE - JACOB A. RIIS Settlement House", "boroname": "Queens", "type": "Free", "provider": "Spot On Networks", "location_t": "Indoor AP - Community Center - Cafeteria" }, "geometry": { "type": "Point", "coordinates": [ -73.944584432, 40.755735268199999 ] } },
{ "type": "Feature", "properties": { "objectid": 11920, "name": "bk-02-145752", "boroname": "Brooklyn", "type": "Free", "provider": "LinkNYC - Citybridge", "location_t": "Outdoor Kiosk" }, "geometry": { "type": "Point", "coordinates": [ -73.973320000399994, 40.685786999599998 ] } },
{ "type": "Feature", "properties": { "objectid": 11925, "name": "bk-09-145751", "boroname": "Brooklyn", "type": "Free", "provider": "LinkNYC - Citybridge", "location_t": "Outdoor Kiosk" }, "geometry": { "type": "Point", "coordinates": [ -73.958800999700003, 40.6681559998 ] } },
{ "type": "Feature", "properties": { "objectid": 11940, "name": "bk-03-145796", "boroname": "Brooklyn", "type": "Free", "provider": "LinkNYC - Citybridge", "location_t": "Outdoor Kiosk" }, "geometry": { "type": "Point", "coordinates": [ -73.955703562799997, 40.680951260500002 ] } },
{ "type": "Feature", "properties": { "objectid": 10720, "name": "mn-03-108269", "boroname": "Manhattan", "type": "Free", "provider": "LinkNYC - Citybridge", "location_t": "Outdoor Kiosk" }, "geometry": { "type": "Point", "coordinates": [ -73.985083000299994, 40.728126000099998 ] } },
{ "type": "Feature", "properties": { "objectid": 10725, "name": "mn-05-107739", "boroname": "Manhattan", "type": "Free", "provider": "LinkNYC - Citybridge", "location_t": "Outdoor Kiosk" }, "geometry": { "type": "Point", "coordinates": [ -73.99100163, 40.745578140399999 ] } },
{ "type": "Feature", "properties": { "objectid": 10735, "name": "mn-05-121576", "boroname": "Manhattan", "type": "Free", "provider": "LinkNYC - Citybridge", "location_t": "Outdoor Kiosk" }, "geometry": { "type": "Point", "coordinates": [ -73.981064500299993, 40.746880749900001 ] } },
{ "type": "Feature", "properties": { "objectid": 10747, "name": "Ferry Point Park", "boroname": "Bronx", "type": "Limited Free", "provider": "ALTICEUSA", "location_t": "Outdoor" }, "geometry": { "type": "Point", "coordinates": [ -73.8258389999, 40.820619000199997 ] } },
{ "type": "Feature", "properties": { "objectid": 10752, "name": "Ferry Point Park", "boroname": "Bronx", "type": "Limited Free", "provider": "ALTICEUSA", "location_t": "Outdoor" }, "geometry": { "type": "Point", "coordinates": [ -73.833997999700003, 40.8164119996 ] } },
{ "type": "Feature", "properties": { "objectid": 10757, "name": "Gravesend Park", "boroname": "Brooklyn", "type": "Limited Free", "provider": "ALTICEUSA", "location_t": "Outdoor" }, "geometry": { "type": "Point", "coordinates": [ -73.983591999599994, 40.623831000099997 ] } },
{ "type": "Feature", "properties": { "objectid": 10776, "name": "IRT-4-5-6-86TH ST - GRAND CONCOURSE", "boroname": "Manhattan", "type": "Free", "provider": "Transit Wireless", "location_t": "Subway Station" }, "geometry": { "type": "Point", "coordinates": [ -73.955588999900002, 40.779492 ] } },
{ "type": "Feature", "properties": { "objectid": 11944, "name": "bk-03-145756", "boroname": "Brooklyn", "type": "Free", "provider": "LinkNYC - Citybridge", "location_t": "Outdoor Kiosk" }, "geometry": { "type": "Point", "coordinates": [ -73.944902929400001, 40.680197380199999 ] } },
{ "type": "Feature", "properties": { "objectid": 11961, "name": "qu-02-145740", "boroname": "Queens", "type": "Free", "provider": "LinkNYC - Citybridge", "location_t": "Outdoor Kiosk" }, "geometry": { "type": "Point", "coordinates": [ -73.8924979998, 40.739393000299998 ] } },
{ "type": "Feature", "properties": { "objectid": 11976, "name": "qu-02-145791", "boroname": "Queens", "type": "Free", "provider": "LinkNYC - Citybridge", "location_t": "Outdoor Kiosk" }, "geometry": { "type": "Point", "coordinates": [ -73.94279179, 40.7470746897 ] } },
{ "type": "Feature", "properties": { "objectid": 10827, "name": "Bedford Avenue (L)", "boroname": "Brooklyn", "type": "Free", "provider": "Transit Wireless", "location_t": "Subway Station" }, "geometry": { "type": "Point", "coordinates": [ -73.956871999499995, 40.7173040001 ] } },
{ "type": "Feature", "properties": { "objectid": 10839, "name": "Canal St (J,M,N,Q,R,Z,6)", "boroname": "Manhattan", "type": "Free", "provider": "Transit Wireless", "location_t": "Subway Station" }, "geometry": { "type": "Point", "coordinates": [ -73.999891999799999, 40.718092 ] } },
{ "type": "Feature", "properties": { "objectid": 10854, "name": "Spring St (6)", "boroname": "Manhattan", "type": "Free", "provider": "Transit Wireless", "location_t": "Subway Station" }, "geometry": { "type": "Point", "coordinates": [ -73.997141000100001, 40.722301 ] } },
{ "type": "Feature", "properties": { "objectid": 10872, "name": "Carroll Park", "boroname": "Brooklyn", "type": "Limited Free", "provider": "SPECTRUM", "location_t": "Outdoor TWC Aerial" }, "geometry": { "type": "Point", "coordinates": [ -73.995381999499998, 40.680629999799997 ] } },
{ "type": "Feature", "properties": { "objectid": 12026, "name": "bx-01-138789", "boroname": "Bronx", "type": "Free", "provider": "LinkNYC - Citybridge", "location_t": "Outdoor Kiosk" }, "geometry": { "type": "Point", "coordinates": [ -73.9214341701, 40.810896490399998 ] } },
{ "type": "Feature", "properties": { "objectid": 12063, "name": "bk-01-143982", "boroname": "Brooklyn", "type": "Free", "provider": "LinkNYC - Citybridge", "location_t": "Outdoor Kiosk" }, "geometry": { "type": "Point", "coordinates": [ -73.942239238100001, 40.701930344099999 ] } },
{ "type": "Feature", "properties": { "objectid": 12066, "name": "bk-17-126527", "boroname": "Brooklyn", "type": "Free", "provider": "LinkNYC - Citybridge", "location_t": "Outdoor Kiosk" }, "geometry": { "type": "Point", "coordinates": [ -73.953603237799996, 40.638559608800001 ] } },
{ "type": "Feature", "properties": { "objectid": 12083, "name": "bk-02-108355", "boroname": "Brooklyn", "type": "Free", "provider": "LinkNYC - Citybridge", "location_t": "Outdoor Kiosk" }, "geometry": { "type": "Point", "coordinates": [ -73.984969613499999, 40.6868115694 ] } }
]
}
