zone_id,segment_id,street_name,visual_condition,sample_count,zone_length_m,mean_tree_distance_m,mean_building_distance_m,stable_zone,screening_potential,stable_screening_zone
SEG_00001_Z01,SEG_00001,LEXINGTON AVE,Vegetated Buffer,6,56.59070494968508,11.0448989427692,11.536546984349036,True,True,True
SEG_00002_Z01,SEG_00002,E 28 ST,Open Field,1,9.999999999994298,23.023524275384265,10.88891886325305,False,False,False
SEG_00002_Z02,SEG_00002,E 28 ST,Vegetated Buffer,3,30.000000000013962,7.541818988852493,10.047507001602721,True,True,True
SEG_00002_Z03,SEG_00002,E 28 ST,Screened Edge,7,69.99999999998687,5.976722372704758,9.07404640252532,True,True,True
SEG_00003_Z01,SEG_00003,PARK AVE S,Screened Edge,5,49.99999999999938,7.199049383182109,9.03415484864691,True,True,True
SEG_00003_Z02,SEG_00003,PARK AVE S,Vegetated Buffer,1,9.58720387362689,18.49982272489696,10.536986994127641,False,True,False
SEG_00004_Z01,SEG_00004,E 27 ST,Vegetated Buffer,1,10.000000000000897,20.235926646609443,12.754465749154887,False,True,False
SEG_00004_Z02,SEG_00004,E 27 ST,Screened Edge,7,70.00000000000198,8.394255600658571,9.588426934933876,True,True,True
SEG_00004_Z03,SEG_00004,E 27 ST,Exposed Edge,4,37.63860802027023,35.93543027079714,9.40528572234637,True,False,False
SEG_00005_Z01,SEG_00005,MADISON AVE,Open Field,4,39.99999999999637,28.882567981064483,11.421942542146944,True,False,False
SEG_00006_Z01,SEG_00006,PARK AVE S,Vegetated Buffer,2,19.999999999991175,5.773131221587427,10.218348790990422,True,True,True
SEG_00006_Z02,SEG_00006,PARK AVE S,Screened Edge,4,40.00000000000705,8.358692595065039,9.674522080751101,True,True,True
SEG_00006_Z03,SEG_00006,PARK AVE S,Open Field,1,5.045810392615729,22.501508174745112,13.042410917414912,False,False,False
SEG_00007_Z01,SEG_00007,E 28 ST,Open Field,1,10.000000000014326,21.83935751546693,17.074831433221682,False,False,False
SEG_00008_Z01,SEG_00008,E 29 ST,Open Field,1,9.999999999994355,30.2115521949724,10.252684161770118,False,False,False
SEG_00008_Z02,SEG_00008,E 29 ST,Exposed Edge,3,30.000000000009816,30.34153576901123,9.071480167097782,True,False,False
SEG_00008_Z03,SEG_00008,E 29 ST,Screened Edge,10,99.99999999999704,6.201617537760631,8.93748938079732,True,True,True
SEG_00008_Z04,SEG_00008,E 29 ST,Vegetated Buffer,1,9.434368251631806,13.519548029563753,10.685132690070212,False,True,False
SEG_00009_Z01,SEG_00009,PARK AVE S,Open Field,2,20.000000000001023,27.64900167496847,13.21994031499651,True,False,False
SEG_00009_Z02,SEG_00009,PARK AVE S,Vegetated Buffer,1,9.99999999999576,18.015905634461593,11.800519824085203,False,True,False
SEG_00009_Z03,SEG_00009,PARK AVE S,Screened Edge,4,40.000000000002046,11.9500829460295,8.927879126753814,True,True,True
SEG_00009_Z04,SEG_00009,PARK AVE S,Open Field,1,8.451845152472956,24.204188738765264,10.74695939401166,False,False,False
SEG_00010_Z01,SEG_00010,PARK AVE S,Open Field,1,9.999999999994547,27.390279156547976,10.598326306257547,False,False,False
SEG_00010_Z02,SEG_00010,PARK AVE S,Exposed Edge,1,10.000000000011736,27.915730051833005,9.565267075092862,False,False,False
SEG_00010_Z03,SEG_00010,PARK AVE S,Screened Edge,2,19.999999999989093,13.859209846101846,9.581376170280125,True,True,True
SEG_00010_Z04,SEG_00010,PARK AVE S,Vegetated Buffer,4,38.743574183102,9.409873298854535,10.898256625271983,True,True,True
SEG_00011_Z01,SEG_00011,E 28 ST,Vegetated Buffer,1,9.999999999989514,14.570051397378979,11.359280009404166,False,True,False
SEG_00011_Z02,SEG_00011,E 28 ST,Screened Edge,5,50.000000000005315,11.260786396686537,9.402517265868443,True,True,True
SEG_00011_Z03,SEG_00011,E 28 ST,Exposed Edge,2,20.00000000000575,25.97376770541141,9.427664565119295,True,False,False
SEG_00011_Z04,SEG_00011,E 28 ST,Screened Edge,5,50.000000000005315,10.647664952027252,9.13756513577205,True,True,True
SEG_00011_Z05,SEG_00011,E 28 ST,Exposed Edge,2,20.000000000010054,26.428393717169367,9.545860614004695,True,False,False
SEG_00012_Z01,SEG_00012,E 29 ST,Open Field,1,10.000000000007441,22.548061960587823,16.540651554134083,False,False,False
SEG_00013_Z01,SEG_00013,E 30 ST,Screened Edge,4,39.99999999999249,11.029582669378538,7.832269609836765,True,True,True
SEG_00013_Z02,SEG_00013,E 30 ST,Vegetated Buffer,1,10.00000000002142,6.069601050544836,10.98932643419262,False,True,False
SEG_00013_Z03,SEG_00013,E 30 ST,Screened Edge,9,89.99999999997964,5.878124225477364,9.439886922557545,True,True,True
SEG_00013_Z04,SEG_00013,E 30 ST,Vegetated Buffer,1,9.823173613998982,13.043054016030878,11.692893763659594,False,True,False
SEG_00014_Z01,SEG_00014,PARK AVE S,Open Field,1,10.000000000001245,27.324017968487446,11.005666089328994,False,False,False
SEG_00014_Z02,SEG_00014,PARK AVE S,Vegetated Buffer,1,10.000000000001245,17.724641419878143,10.324166952640622,False,True,False
SEG_00014_Z03,SEG_00014,PARK AVE S,Screened Edge,5,49.999999999998444,7.332016729895363,8.975726148717376,True,True,True
SEG_00014_Z04,SEG_00014,PARK AVE S,Vegetated Buffer,1,8.21821004291194,17.866267685387907,10.934442749453103,False,True,False
SEG_00015_Z01,SEG_00015,PARK AVE S,Exposed Edge,1,9.999999999995007,25.86396842158778,9.701296226828715,False,False,False
SEG_00015_Z02,SEG_00015,PARK AVE S,Screened Edge,6,60.00000000000282,8.957961532016542,8.984059742962172,True,True,True
SEG_00015_Z03,SEG_00015,PARK AVE S,Vegetated Buffer,1,8.261593260206054,17.786286416921367,10.551095691792478,False,True,False
SEG_00016_Z01,SEG_00016,BROADWAY,Open Field,1,5.527783011885786,74.69583528242597,11.540625002401798,False,False,False
SEG_00017_Z01,SEG_00017,W 26 ST,Exposed Edge,5,49.99999999999997,70.38821197578949,8.443123290106719,True,False,False
SEG_00017_Z02,SEG_00017,W 26 ST,Open Field,1,5.020618207420048,73.55730158052286,11.88107822452252,False,False,False
SEG_00018_Z01,SEG_00018,BROADWAY,Open Field,8,80.00000000000334,71.81822354828417,11.008752993722679,True,False,False
SEG_00019_Z01,SEG_00019,W 26 ST,Open Field,1,9.999999999999654,68.54470474883416,10.686546399732034,False,False,False
SEG_00019_Z02,SEG_00019,W 26 ST,Exposed Edge,4,39.999999999998614,43.62575802124299,8.555396144064897,True,False,False
SEG_00019_Z03,SEG_00019,W 26 ST,Screened Edge,5,50.000000000002544,10.091860349555386,8.806087014347899,True,True,True
SEG_00019_Z04,SEG_00019,W 26 ST,Exposed Edge,4,39.999999999998614,31.06755155137423,8.770486054221355,True,False,False
SEG_00019_Z05,SEG_00019,W 26 ST,Screened Edge,8,79.99999999999038,8.510081214027686,8.857637704049935,True,True,True
SEG_00019_Z06,SEG_00019,W 26 ST,Vegetated Buffer,1,10.000000000019147,13.320800652171478,12.870994597263708,False,True,False
SEG_00020_Z01,SEG_00020,AVE OF THE AMERICAS,Vegetated Buffer,1,1.0941277160785017,17.563146030861418,17.38877086304304,False,True,False
SEG_00021_Z01,SEG_00021,MADISON AVE,Vegetated Buffer,8,78.57477968579423,11.295378426481127,11.29514937129467,True,True,True
SEG_00022_Z01,SEG_00022,E 27 ST,Vegetated Buffer,1,9.999999999998865,18.33705397315473,13.268354483713292,False,True,False
SEG_00022_Z02,SEG_00022,E 27 ST,Screened Edge,5,50.00000000000294,10.051296088599296,8.638090810415619,True,True,True
SEG_00022_Z03,SEG_00022,E 27 ST,Exposed Edge,9,89.99999999999841,44.378690239031215,8.853954894740891,True,False,False
SEG_00023_Z01,SEG_00023,5 AVE,Open Field,7,69.99999999999994,37.064001100675966,15.398628751384146,True,False,False
SEG_00024_Z01,SEG_00024,W 27 ST,Open Field,1,10.000000000010958,28.11345517983098,13.675626381467954,False,False,False
SEG_00024_Z02,SEG_00024,W 27 ST,Exposed Edge,9,89.99999999998691,74.28190332635421,8.614693838834244,True,False,False
SEG_00024_Z03,SEG_00024,W 27 ST,Open Field,1,8.051326063196688,87.55497628710596,10.2857223218997,False,False,False
SEG_00025_Z01,SEG_00025,MADISON AVE,Vegetated Buffer,8,78.62349438570857,10.073195589558528,11.67144420197389,True,True,True
SEG_00026_Z01,SEG_00026,E 28 ST,Open Field,1,9.999999999987443,69.08117595927781,13.943739164944025,False,False,False
SEG_00026_Z02,SEG_00026,E 28 ST,Exposed Edge,4,40.000000000003304,44.19880728456269,9.357769002082247,True,False,False
SEG_00026_Z03,SEG_00026,E 28 ST,Screened Edge,7,70.00000000002345,10.515008257575293,8.166136987056975,True,True,True
SEG_00026_Z04,SEG_00026,E 28 ST,Exposed Edge,3,29.999999999989097,27.742569163191757,8.78250914735399,True,False,False
SEG_00027_Z01,SEG_00027,5 AVE,Open Field,8,78.20238916000272,44.39568629882509,15.444121497137807,True,False,False
SEG_00028_Z01,SEG_00028,MADISON AVE,Vegetated Buffer,8,78.4133760746082,9.301675781335073,11.497351115070774,True,True,True
SEG_00029_Z01,SEG_00029,E 29 ST,Vegetated Buffer,1,10.000000000008784,18.034365563728677,13.131769913358013,False,True,False
SEG_00029_Z02,SEG_00029,E 29 ST,Exposed Edge,4,39.999999999981625,28.234771441186243,8.837794837484417,True,False,False
SEG_00029_Z03,SEG_00029,E 29 ST,Vegetated Buffer,4,40.00000000001268,10.365812635802993,11.118905802271794,True,True,True
SEG_00029_Z04,SEG_00029,E 29 ST,Screened Edge,2,19.999999999990813,14.783956950215941,8.993140475744394,True,True,True
SEG_00029_Z05,SEG_00029,E 29 ST,Exposed Edge,1,10.00000000001308,21.76103812478888,8.821294732957123,False,False,False
SEG_00029_Z06,SEG_00029,E 29 ST,Screened Edge,3,29.9999999999996,10.808983825401057,8.86552048138215,True,True,True
SEG_00030_Z01,SEG_00030,W 28 ST,Open Field,1,10.000000000000295,78.46790488814274,13.969903690011582,False,False,False
SEG_00030_Z02,SEG_00030,W 28 ST,Exposed Edge,12,119.99999999998543,77.44911614346326,9.037276757350176,True,False,False
SEG_00030_Z03,SEG_00030,W 28 ST,Open Field,1,8.271465022770965,82.82842653382644,10.505588971573207,False,False,False
SEG_00031_Z01,SEG_00031,E 29 ST,Vegetated Buffer,1,9.999999999988454,19.1764987039309,10.779794473915219,False,True,False
SEG_00031_Z02,SEG_00031,E 29 ST,Screened Edge,1,10.000000000015197,19.846889735967682,8.621315546912859,False,True,False
SEG_00031_Z03,SEG_00031,E 29 ST,Exposed Edge,7,69.99999999999942,37.39569160278943,8.953774168762287,True,False,False
SEG_00031_Z04,SEG_00031,E 29 ST,Screened Edge,4,40.00000000000731,12.787788722686177,9.051475816685217,True,True,True
SEG_00031_Z05,SEG_00031,E 29 ST,Exposed Edge,1,9.999999999984158,23.01088846102005,8.915663872562725,False,False,False
SEG_00031_Z06,SEG_00031,E 29 ST,Screened Edge,1,10.000000000019496,20.418244573988776,9.548663657864807,False,True,False
SEG_00032_Z01,SEG_00032,E 30 ST,Vegetated Buffer,1,9.999999999996701,20.099184157830035,16.16486435694214,False,True,False
SEG_00033_Z01,SEG_00033,E 31 ST,Screened Edge,14,139.99999999999932,8.05493648757996,8.918765350159518,True,True,True
SEG_00033_Z02,SEG_00033,E 31 ST,Vegetated Buffer,1,9.467806603095415,12.201996126424023,11.151626819321576,False,True,False
SEG_00034_Z01,SEG_00034,PARK AVE S,Exposed Edge,6,59.99999999999708,31.7528125497878,7.951597132042843,True,False,False
SEG_00034_Z02,SEG_00034,PARK AVE S,Screened Edge,1,9.999999999996291,17.546011027100107,8.413041305649804,False,True,False
SEG_00034_Z03,SEG_00034,PARK AVE S,Vegetated Buffer,1,8.546069093062838,16.52786585241079,10.200372142281115,False,True,False
SEG_00035_Z01,SEG_00035,PARK AVE S,Open Field,1,9.99999999999926,25.729629369769814,10.606568226730108,False,False,False
SEG_00035_Z02,SEG_00035,PARK AVE S,Exposed Edge,6,60.00000000000331,38.03175980030227,9.787749926102684,True,False,False
SEG_00035_Z03,SEG_00035,PARK AVE S,Open Field,1,8.438051619470368,28.519730021367693,11.39001541743336,False,False,False
SEG_00036_Z01,SEG_00036,E 30 ST,Vegetated Buffer,1,9.999999999995799,11.603397710265757,10.974741676888453,False,True,False
SEG_00036_Z02,SEG_00036,E 30 ST,Screened Edge,3,30.00000000001842,11.254700114143125,8.880767127536375,True,True,True
SEG_00036_Z03,SEG_00036,E 30 ST,Exposed Edge,1,9.999999999995799,26.306463920660637,7.983165160741602,False,False,False
SEG_00036_Z04,SEG_00036,E 30 ST,Screened Edge,6,60.00000000000151,10.399062017532785,8.723317463563914,True,True,True
SEG_00036_Z05,SEG_00036,E 30 ST,Exposed Edge,4,39.999999999983196,29.717342563459205,8.807564222658565,True,False,False
SEG_00037_Z01,SEG_00037,E 31 ST,Open Field,1,9.999999999992935,24.322262632174294,16.54400384987555,False,False,False
SEG_00038_Z01,SEG_00038,PARK AVE S,Screened Edge,1,10.000000000010484,20.11296299988209,9.21693142628465,False,True,False
SEG_00038_Z02,SEG_00038,PARK AVE S,Exposed Edge,2,19.999999999996252,31.592232481821668,9.269264054998505,True,False,False
SEG_00038_Z03,SEG_00038,PARK AVE S,Open Field,5,48.296504846479024,34.95222333871608,17.876976876177604,True,False,False
SEG_00039_Z01,SEG_00039,PARK AVE S,Exposed Edge,8,78.43425158425944,41.38214658378417,8.325449525426968,True,False,False
SEG_00040_Z01,SEG_00040,E 31 ST,Vegetated Buffer,1,9.999999999992735,19.093810801521762,11.415960097283707,False,True,False
SEG_00040_Z02,SEG_00040,E 31 ST,Screened Edge,6,60.00000000000559,10.78358038901011,8.895003896665697,True,True,True
SEG_00040_Z03,SEG_00040,E 31 ST,Exposed Edge,8,79.99999999999106,46.36178376347119,9.226136389568731,True,False,False
SEG_00041_Z01,SEG_00041,BROADWAY,Open Field,8,79.99999999999682,101.06896629694086,10.95166436155313,True,False,False
SEG_00042_Z01,SEG_00042,W 27 ST,Exposed Edge,12,120.00000000000595,61.47409426096803,8.911890377097265,True,False,False
SEG_00042_Z02,SEG_00042,W 27 ST,Screened Edge,7,69.99999999999902,7.7577951998463845,9.236978174298445,True,True,True
SEG_00042_Z03,SEG_00042,W 27 ST,Vegetated Buffer,1,9.999999999996046,17.521835094133465,12.187037528964154,False,True,False
SEG_00043_Z01,SEG_00043,AVE OF THE AMERICAS,Vegetated Buffer,7,69.99999999999731,11.080156574698659,15.08227979753253,True,True,True
SEG_00043_Z02,SEG_00043,AVE OF THE AMERICAS,Open Field,1,8.47998753546031,21.28699389851819,15.629602076752315,False,False,False
SEG_00044_Z01,SEG_00044,W 26 ST,Vegetated Buffer,1,8.290188080963022,18.20268483590452,13.76035878049716,False,True,False
SEG_00045_Z01,SEG_00045,BROADWAY,Open Field,8,80.0000000000005,51.61971079820881,11.16506050214292,True,False,False
SEG_00046_Z01,SEG_00046,W 28 ST,Open Field,1,10.000000000011743,83.24084678925949,10.029631217451922,False,False,False
SEG_00046_Z02,SEG_00046,W 28 ST,Exposed Edge,12,119.9999999999944,66.28238768705573,8.710071658502251,True,False,False
SEG_00046_Z03,SEG_00046,W 28 ST,Screened Edge,3,30.000000000004203,9.982712854877152,8.864544813233989,True,True,True
SEG_00046_Z04,SEG_00046,W 28 ST,Vegetated Buffer,1,9.999999999985022,14.736921722526866,12.047039158457984,False,True,False
SEG_00047_Z01,SEG_00047,AVE OF THE AMERICAS,Vegetated Buffer,8,78.72260216383845,13.097846534592614,15.09239306429406,True,True,True
SEG_00048_Z01,SEG_00048,W 27 ST,Open Field,1,9.999999999991616,22.97911569906262,13.239887433514992,False,False,False
SEG_00048_Z02,SEG_00048,W 27 ST,Exposed Edge,1,10.000000000018375,21.681274388387912,9.154109970377002,False,False,False
SEG_00048_Z03,SEG_00048,W 27 ST,Screened Edge,4,39.99999999999323,10.109139324421811,9.147300090507793,True,True,True
SEG_00048_Z04,SEG_00048,W 27 ST,Exposed Edge,7,69.99999999999054,36.98026803004614,9.105934664987984,True,False,False
SEG_00048_Z05,SEG_00048,W 27 ST,Screened Edge,8,80.0000000000175,9.271271442639826,9.19758463083092,True,True,True
SEG_00048_Z06,SEG_00048,W 27 ST,Exposed Edge,5,49.99999999998054,41.32025704177674,9.021628443574981,True,False,False
SEG_00048_Z07,SEG_00048,W 27 ST,Open Field,1,10.000000000018375,35.18578606175506,10.95751244086228,False,False,False
SEG_00049_Z01,SEG_00049,W 29 ST,Open Field,1,10.00000000000243,32.208750288098,10.097047584385743,False,False,False
SEG_00049_Z02,SEG_00049,W 29 ST,Exposed Edge,1,10.00000000000243,22.340107497153436,9.030405489144332,False,False,False
SEG_00049_Z03,SEG_00049,W 29 ST,Screened Edge,3,30.000000000007287,8.862219508550663,9.477892301597693,True,True,True
SEG_00049_Z04,SEG_00049,W 29 ST,Vegetated Buffer,2,19.99999999997813,12.192028477769634,10.2132606579803,True,True,True
SEG_00049_Z05,SEG_00049,W 29 ST,Screened Edge,6,60.00000000001457,8.077386107647134,9.107988460970594,True,True,True
SEG_00049_Z06,SEG_00049,W 29 ST,Open Field,1,10.00000000000243,21.716938176556226,12.19903847594515,False,False,False
SEG_00050_Z01,SEG_00050,AVE OF THE AMERICAS,Vegetated Buffer,5,49.99999999999899,12.878558206688243,15.059005188003473,True,True,True
SEG_00050_Z02,SEG_00050,AVE OF THE AMERICAS,Open Field,2,19.999999999997424,25.7988058191393,15.078979989207735,True,False,False
SEG_00050_Z03,SEG_00050,AVE OF THE AMERICAS,Vegetated Buffer,1,8.442458060626004,19.325261757020776,16.20404626281272,False,True,False
SEG_00051_Z01,SEG_00051,5 AVE,Open Field,7,70.00000000000126,51.4943063385365,15.262305803117231,True,False,False
SEG_00051_Z02,SEG_00051,5 AVE,Vegetated Buffer,1,8.677573397048715,18.07228217539473,16.54308160529109,False,True,False
SEG_00052_Z01,SEG_00052,E 30 ST,Open Field,1,9.999999999991829,23.23515885919861,12.878633659960244,False,False,False
SEG_00052_Z02,SEG_00052,E 30 ST,Exposed Edge,7,70.00000000001344,31.954926399139442,8.62757441283506,True,False,False
SEG_00052_Z03,SEG_00052,E 30 ST,Screened Edge,5,49.999999999994465,8.868841263089674,9.281679478478608,True,True,True
SEG_00052_Z04,SEG_00052,E 30 ST,Exposed Edge,1,9.999999999991829,21.11820289665956,8.957071874324555,False,False,False
SEG_00052_Z05,SEG_00052,E 30 ST,Screened Edge,1,9.999999999991829,16.93267396041171,9.08396500888296,False,True,False
SEG_00053_Z01,SEG_00053,5 AVE,Vegetated Buffer,6,60.0000000000031,10.92862018591739,14.971036530824186,True,True,True
SEG_00053_Z02,SEG_00053,5 AVE,Open Field,2,18.775889129137127,27.594848045466495,15.877304823525519,True,False,False
SEG_00054_Z01,SEG_00054,W 29 ST,Vegetated Buffer,5,50.000000000000604,6.669304432579248,13.412020785684874,True,True,True
SEG_00054_Z02,SEG_00054,W 29 ST,Screened Edge,2,19.99999999999318,7.247946705955648,9.498423314618126,True,True,True
SEG_00054_Z03,SEG_00054,W 29 ST,Vegetated Buffer,2,19.99999999999318,12.758233010686634,11.911961155373277,True,True,True
SEG_00054_Z04,SEG_00054,W 29 ST,Screened Edge,1,10.00000000000996,4.613174555513399,9.759755345095911,False,True,False
SEG_00054_Z05,SEG_00054,W 29 ST,Vegetated Buffer,2,19.99999999999318,7.259636993824704,10.771861720682894,True,True,True
SEG_00054_Z06,SEG_00054,W 29 ST,Screened Edge,4,40.000000000017394,9.998002541502794,8.90903840645143,True,True,True
SEG_00054_Z07,SEG_00054,W 29 ST,Open Field,1,8.575354527722375,30.283406985628645,11.748618563310467,False,False,False
SEG_00055_Z01,SEG_00055,E 31 ST,Open Field,1,10.000000000000625,21.117286228023087,11.005187315115972,False,False,False
SEG_00055_Z02,SEG_00055,E 31 ST,Screened Edge,5,49.999999999990244,11.876185458297975,7.220283195883399,True,True,True
SEG_00055_Z03,SEG_00055,E 31 ST,Exposed Edge,2,20.00000000000125,29.699875138554543,8.37554931354381,True,False,False
SEG_00055_Z04,SEG_00055,E 31 ST,Screened Edge,7,70.00000000002254,12.95279379542861,9.130574303008974,True,True,True
SEG_00056_Z01,SEG_00056,5 AVE,Vegetated Buffer,8,77.90778707643649,12.543981576783937,14.968113946252181,True,True,True
SEG_00057_Z01,SEG_00057,W 30 ST,Open Field,1,9.999999999992214,27.17792616564742,13.49292904068154,False,False,False
SEG_00057_Z02,SEG_00057,W 30 ST,Exposed Edge,6,60.00000000000677,54.23515530747378,8.79953893986677,True,False,False
SEG_00057_Z03,SEG_00057,W 30 ST,Open Field,1,9.999999999987917,76.97867377936645,10.67137398167372,False,False,False
SEG_00057_Z04,SEG_00057,W 30 ST,Exposed Edge,4,40.000000000026645,74.82943236514254,9.305376725137824,True,False,False
SEG_00057_Z05,SEG_00057,W 30 ST,Open Field,4,39.9999999999956,75.24587873548303,10.033914579985801,True,False,False
SEG_00057_Z06,SEG_00057,W 30 ST,Exposed Edge,3,30.000000000003386,79.2575713518221,9.054581216172624,True,False,False
SEG_00057_Z07,SEG_00057,W 30 ST,Open Field,1,8.820961980831408,75.11995942431112,10.1715365773307,False,False,False
SEG_00058_Z01,SEG_00058,5 AVE,Open Field,1,10.000000000001553,23.0887531019672,13.423679535928274,False,False,False
SEG_00058_Z02,SEG_00058,5 AVE,Vegetated Buffer,5,50.00000000000596,13.326017981125357,14.016488318069833,True,True,True
SEG_00058_Z03,SEG_00058,5 AVE,Open Field,2,18.405242532002102,22.95743265622462,12.743466694740185,True,False,False
SEG_00059_Z01,SEG_00059,W 31 ST,Vegetated Buffer,1,9.999999999996783,16.940779849742427,12.418474622753465,False,True,False
SEG_00059_Z02,SEG_00059,W 31 ST,Screened Edge,1,10.000000000001103,18.127385366458842,8.417789877709696,False,True,False
SEG_00059_Z03,SEG_00059,W 31 ST,Exposed Edge,3,29.99999999999467,28.34187215413465,8.48764144201236,True,False,False
SEG_00059_Z04,SEG_00059,W 31 ST,Screened Edge,7,70.00000000002143,9.93618866002976,8.922034027357206,True,True,True
SEG_00059_Z05,SEG_00059,W 31 ST,Exposed Edge,7,69.99999999999044,56.848032660155276,8.937298960219138,True,False,False
SEG_00059_Z06,SEG_00059,W 31 ST,Open Field,4,37.907690516662285,103.98591575578928,11.853927489144501,True,False,False
SEG_00060_Z01,SEG_00060,BROADWAY,Open Field,8,79.99999999999972,101.26117403957083,11.517451918748131,True,False,False
SEG_00061_Z01,SEG_00061,MADISON AVE,Vegetated Buffer,8,78.27895544357246,11.871924167655303,11.783120483523515,True,True,True
SEG_00062_Z01,SEG_00062,E 32 ST,Open Field,1,6.210670509014423,25.173695573380638,19.532961440578628,False,False,False
SEG_00063_Z01,SEG_00063,E 32 ST,Open Field,1,7.093104872627214,31.73668132529908,13.979209335367404,False,False,False
SEG_00064_Z01,SEG_00064,PARK AVE,Open Field,7,69.57316423947215,37.97581095512249,15.41115164170937,True,False,False
SEG_00065_Z01,SEG_00065,PARK AVE,Open Field,7,69.99999999999211,47.78241804063033,13.007549818353343,True,False,False
SEG_00066_Z01,SEG_00066,E 32 ST,Vegetated Buffer,1,9.999999999996648,16.407017242395572,12.312319682398858,False,True,False
SEG_00066_Z02,SEG_00066,E 32 ST,Screened Edge,5,50.00000000000142,7.910397360129124,9.370091483037587,True,True,True
SEG_00066_Z03,SEG_00066,E 32 ST,Exposed Edge,9,89.08119057625528,48.13006354046278,9.201943096345946,True,False,False
SEG_00067_Z01,SEG_00067,MADISON AVE,Vegetated Buffer,7,69.99999999999453,9.359518597833091,12.6111714449863,True,True,True
SEG_00067_Z02,SEG_00067,MADISON AVE,Open Field,1,8.30129975035646,22.030044423633345,13.79417735475948,False,False,False
SEG_00068_Z01,SEG_00068,CONNECTOR,Open Field,1,10.000000000003668,45.77454163185186,18.678478785582396,False,False,False
SEG_00069_Z01,SEG_00069,PARK AVE,Open Field,1,8.052285904899215,49.7360284009571,13.13491118880242,False,False,False
SEG_00070_Z01,SEG_00070,E 33 ST,Vegetated Buffer,1,10.000000000006805,20.048757060160522,11.315166441462043,False,True,False
SEG_00070_Z02,SEG_00070,E 33 ST,Screened Edge,9,89.99999999998543,9.011206454094427,9.03409153294837,True,True,True
SEG_00070_Z03,SEG_00070,E 33 ST,Exposed Edge,4,40.000000000004825,39.53060463918964,9.247785416057233,True,False,False
SEG_00070_Z04,SEG_00070,E 33 ST,Open Field,1,7.363771581373705,47.499395450797685,13.457266389018594,False,False,False
SEG_00071_Z01,SEG_00071,7 AVE,Open Field,2,15.065726685878056,26.552857185547648,14.859160219530363,True,False,False
SEG_00072_Z01,SEG_00072,7 AVE,Open Field,8,78.57132314006276,50.864721565606644,15.132985421955851,True,False,False
SEG_00073_Z01,SEG_00073,W 29 ST,Open Field,1,9.999999999997849,32.746185731514174,12.986964102492419,False,False,False
SEG_00073_Z02,SEG_00073,W 29 ST,Exposed Edge,1,10.000000000002117,22.879614169883705,8.61268354349211,False,False,False
SEG_00073_Z03,SEG_00073,W 29 ST,Screened Edge,2,19.999999999999968,9.147511610903232,8.665939681289505,True,True,True
SEG_00074_Z01,SEG_00074,W 27 ST,Exposed Edge,4,39.99999999998665,28.61188622586315,2.468363407150993,True,False,False
SEG_00075_Z01,SEG_00075,W 28 ST,Open Field,1,10.000000000006937,44.828322132201976,13.634898148818877,False,False,False
SEG_00075_Z02,SEG_00075,W 28 ST,Exposed Edge,2,19.99999999998289,30.104819426007833,9.15192625829366,True,False,False
SEG_00075_Z03,SEG_00075,W 28 ST,Screened Edge,17,169.9753636252344,8.725453339954294,8.956676206485026,True,True,True
SEG_00076_Z01,SEG_00076,W 29 ST,Open Field,1,10.000000000010301,20.744152817166935,14.042051153541932,False,False,False
SEG_00076_Z02,SEG_00076,W 29 ST,Exposed Edge,2,19.99999999999387,27.31084340025866,9.365159701483684,True,False,False
SEG_00076_Z03,SEG_00076,W 29 ST,Screened Edge,4,39.99999999998344,12.646790678061043,9.274155438892539,True,True,True
SEG_00076_Z04,SEG_00076,W 29 ST,Exposed Edge,4,40.00000000001447,29.653198433618282,9.255245579849479,True,False,False
SEG_00076_Z05,SEG_00076,W 29 ST,Screened Edge,15,149.9999999999812,8.351289513140166,9.019787793911865,True,True,True
SEG_00076_Z06,SEG_00076,W 29 ST,Vegetated Buffer,1,10.000000000014602,19.254860943993958,9.995010397015477,False,True,False
SEG_00077_Z01,SEG_00077,W 30 ST,Open Field,1,9.999999999995461,66.66609582438402,13.45000342227448,False,False,False
SEG_00077_Z02,SEG_00077,W 30 ST,Exposed Edge,25,249.999999999994,72.88240883875282,9.011986651007495,True,False,False
SEG_00077_Z03,SEG_00077,W 30 ST,Open Field,1,9.999999999995461,27.658111202333764,10.425157846320678,False,False,False
SEG_00078_Z01,SEG_00078,W 31 ST,Open Field,21,210.00000000000918,137.50393149292043,10.590114378826252,True,False,False
SEG_00078_Z02,SEG_00078,W 31 ST,Exposed Edge,5,49.99999999999765,59.35864137041953,9.886178828358357,True,False,False
SEG_00078_Z03,SEG_00078,W 31 ST,Open Field,1,9.999999999996097,51.6807329592187,11.82263540545262,False,False,False
SEG_00079_Z01,SEG_00079,8 AVE,Open Field,1,9.999999999995365,25.661726562301556,15.20884778086062,False,False,False
SEG_00079_Z02,SEG_00079,8 AVE,Vegetated Buffer,3,30.000000000012832,14.921789750859716,14.775381833164067,True,True,True
SEG_00079_Z03,SEG_00079,8 AVE,Open Field,4,38.98763749160216,35.09229761902633,15.55404715764866,True,False,False
SEG_00080_Z01,SEG_00080,8 AVE,Open Field,16,156.01784800190453,106.1582510536236,20.52695774645086,True,False,False
SEG_00081_Z01,SEG_00081,8 AVE,Open Field,8,80.00000000000674,64.59457066217433,15.462323911526262,True,False,False
SEG_00082_Z01,SEG_00082,W 34 ST,Open Field,3,30.000000000003848,37.71101346741101,16.225196836623667,True,False,False
SEG_00082_Z02,SEG_00082,W 34 ST,Vegetated Buffer,23,229.9999999999953,10.528278598683555,15.377963913430216,True,True,True
SEG_00082_Z03,SEG_00082,W 34 ST,Open Field,1,10.00000000001306,22.311446489188956,16.382221445489222,False,False,False
SEG_00083_Z01,SEG_00083,W 35 ST,Open Field,1,9.999999999987578,77.67727499933027,13.523020958655312,False,False,False
SEG_00083_Z02,SEG_00083,W 35 ST,Exposed Edge,5,50.00000000002222,47.77848426100916,8.795847394080543,True,False,False
SEG_00083_Z03,SEG_00083,W 35 ST,Screened Edge,13,129.99999999998664,8.86453774114462,9.106687537316494,True,True,True
SEG_00083_Z04,SEG_00083,W 35 ST,Exposed Edge,2,19.999999999995598,24.11900566824245,9.369213407247319,True,False,False
SEG_00083_Z05,SEG_00083,W 35 ST,Screened Edge,5,50.00000000001314,7.351143654563788,8.915348503680121,True,True,True
SEG_00083_Z06,SEG_00083,W 35 ST,Vegetated Buffer,1,9.999999999982304,12.684033377717416,10.396157910032255,False,True,False
SEG_00084_Z01,SEG_00084,8 AVE,Open Field,3,30.000000000002085,29.400255231908854,15.359606534144428,True,False,False
SEG_00085_Z01,SEG_00085,8 AVE,Open Field,8,78.60637633260573,41.28762803143934,14.857558515656967,True,False,False
SEG_00086_Z01,SEG_00086,W 30 ST,Open Field,1,10.000000000009072,32.45884744612998,13.05820718945164,False,False,False
SEG_00086_Z02,SEG_00086,W 30 ST,Exposed Edge,2,19.99999999998295,25.661471837639453,8.419286669540924,True,False,False
SEG_00086_Z03,SEG_00086,W 30 ST,Screened Edge,4,40.00000000000551,6.641782613329632,8.293896487976818,True,True,True
SEG_00086_Z04,SEG_00086,W 30 ST,Vegetated Buffer,1,10.00000000000466,5.619786463338514,10.32088498088859,False,True,False
SEG_00086_Z05,SEG_00086,W 30 ST,Screened Edge,6,58.40637145661949,8.587698716666432,9.059040388334362,True,True,True
SEG_00087_Z01,SEG_00087,W 31 ST,Open Field,1,10.000000000001522,54.38090007319845,14.322638022243341,False,False,False
SEG_00087_Z02,SEG_00087,W 31 ST,Exposed Edge,1,9.999999999997227,58.33927823414116,9.578201438793803,False,False,False
SEG_00087_Z03,SEG_00087,W 31 ST,Open Field,13,130.00000000000261,70.5002886741222,11.143605429609458,True,False,False
SEG_00087_Z04,SEG_00087,W 31 ST,Exposed Edge,2,19.99999999999875,32.59301436878128,9.890546425863057,True,False,False
SEG_00087_Z05,SEG_00087,W 31 ST,Screened Edge,4,39.9999999999975,11.427318631307969,9.80958677828154,True,True,True
SEG_00088_Z01,SEG_00088,W 33 ST,Open Field,1,10.0000000000082,87.82346346464047,14.158311151560184,False,False,False
SEG_00088_Z02,SEG_00088,W 33 ST,Exposed Edge,10,100.00000000000271,76.00853867532983,9.518749220402745,True,False,False
SEG_00088_Z03,SEG_00088,W 33 ST,Open Field,1,9.999999999972873,74.43217367883162,11.594488192649509,False,False,False
SEG_00088_Z04,SEG_00088,W 33 ST,Exposed Edge,7,70.00000000001776,74.49963245035698,9.50213477315891,True,False,False
SEG_00088_Z05,SEG_00088,W 33 ST,Open Field,2,20.000000000012086,63.08774731859083,11.586264012960395,True,False,False
SEG_00088_Z06,SEG_00088,W 33 ST,Exposed Edge,3,29.999999999989274,38.580579942511804,9.402452262661408,True,False,False
SEG_00088_Z07,SEG_00088,W 33 ST,Screened Edge,2,20.000000000012086,15.771920286428005,9.37036477272947,True,True,True
SEG_00088_Z08,SEG_00088,W 33 ST,Vegetated Buffer,1,9.999999999972873,9.597982245893634,11.496134678610469,False,True,False
SEG_00089_Z01,SEG_00089,9 AVE,Open Field,6,59.99999999999142,39.54849187462391,16.58291304418714,True,False,False
SEG_00089_Z02,SEG_00089,9 AVE,Vegetated Buffer,1,7.26741327268807,16.704123415134436,18.828276107434363,False,True,False
SEG_00090_Z01,SEG_00090,9 AVE,Vegetated Buffer,7,69.99999999999955,12.939061539376667,15.514445764628153,True,True,True
SEG_00090_Z02,SEG_00090,9 AVE,Open Field,1,9.999999999994646,25.511177071201192,16.26693357807417,False,False,False
SEG_00091_Z01,SEG_00091,W 34 ST,Open Field,1,9.999999999987676,24.90380681066406,18.397241248288275,False,False,False
SEG_00091_Z02,SEG_00091,W 34 ST,Vegetated Buffer,9,90.00000000000935,11.765178527768121,15.187543716266735,True,True,True
SEG_00092_Z01,SEG_00092,9 AVE,Open Field,1,10.00000000000348,21.77878005175117,18.366709269738962,False,False,False
SEG_00092_Z02,SEG_00092,9 AVE,Vegetated Buffer,7,69.99999999999942,12.181548252324673,15.248267992896144,True,True,True
SEG_00093_Z01,SEG_00093,W 35 ST,Vegetated Buffer,1,9.999999999988688,15.845471876006496,14.012734972285843,False,True,False
SEG_00093_Z02,SEG_00093,W 35 ST,Screened Edge,3,30.00000000000131,5.25501289929118,9.814691331720931,True,True,True
SEG_00093_Z03,SEG_00093,W 35 ST,Vegetated Buffer,1,10.000000000019556,5.063647523851835,9.946128861148447,False,True,False
SEG_00093_Z04,SEG_00093,W 35 ST,Screened Edge,5,49.999999999978684,8.535482072841244,8.347611112044737,True,True,True
SEG_00093_Z05,SEG_00093,W 35 ST,Exposed Edge,1,10.000000000019556,21.602283518801446,8.566729331235566,False,False,False
SEG_00093_Z06,SEG_00093,W 35 ST,Open Field,1,8.470652538447611,27.86319289171273,14.242472226479292,False,False,False
SEG_00094_Z01,SEG_00094,9 AVE,Open Field,1,10.00000000000708,72.56649746610633,16.085750333398636,False,False,False
SEG_00095_Z01,SEG_00095,W 33 ST,Vegetated Buffer,1,10.000000000003615,19.46640372236726,13.512601850990068,False,True,False
SEG_00095_Z02,SEG_00095,W 33 ST,Screened Edge,3,30.000000000002277,10.833886442349737,9.002706176303912,True,True,True
SEG_00095_Z03,SEG_00095,W 33 ST,Exposed Edge,1,10.000000000003615,23.13419014765484,8.970438584127338,False,False,False
SEG_00095_Z04,SEG_00095,W 33 ST,Open Field,1,5.813789204817494,32.77181132664517,10.412028791005298,False,False,False
SEG_00096_Z01,SEG_00096,DYER AVE,Open Field,2,20.00000000000866,29.181623224812768,13.925493726325186,True,False,False
SEG_00096_Z02,SEG_00096,DYER AVE,Vegetated Buffer,1,9.999999999996481,17.82630067580984,19.98600436732032,False,True,False
SEG_00097_Z01,SEG_00097,LINCOLN TUNNEL EN W 35 ST,Vegetated Buffer,1,10.000000000016023,17.43020722011605,24.97364248381753,False,True,False
SEG_00097_Z02,SEG_00097,LINCOLN TUNNEL EN W 35 ST,Open Field,1,5.495387030768171,24.216834350744872,17.59513634210679,False,False,False
SEG_00098_Z01,SEG_00098,DYER AVE,Vegetated Buffer,1,10.000000000008589,14.584771767676882,22.803936184995894,False,True,False
SEG_00099_Z01,SEG_00099,W 35 ST,Open Field,1,8.76819001122002,20.603560131031696,21.08885204178427,False,False,False
SEG_00100_Z01,SEG_00100,9 AVE,Vegetated Buffer,8,80.00000000000072,12.63955376170084,15.360639066673757,True,True,True
SEG_00101_Z01,SEG_00101,DYER AVE,Vegetated Buffer,1,10.000000000009027,19.967144731809118,23.703799092516523,False,True,False
SEG_00101_Z02,SEG_00101,DYER AVE,Open Field,3,26.43686052870698,37.10120559768409,21.042713613887486,True,False,False
SEG_00102_Z01,SEG_00102,LINCOLN TUNNEL EN W 35 ST,Open Field,1,10.00000000000717,27.839797697436357,14.176496125866933,False,False,False
SEG_00102_Z02,SEG_00102,LINCOLN TUNNEL EN W 35 ST,Exposed Edge,6,55.416597106252716,36.610737661724734,5.816371310376263,True,False,False
SEG_00103_Z01,SEG_00103,W 36 ST,Vegetated Buffer,6,59.99999999999077,9.34556386207755,19.13737505757851,True,True,True
SEG_00103_Z02,SEG_00103,W 36 ST,Screened Edge,3,27.360148908592652,7.172103073806632,9.792870119307379,True,True,True
SEG_00104_Z01,SEG_00104,LINCOLN TUNNEL ENTRANCE,Open Field,2,20.000000000012744,45.174845252463086,17.092100481462804,True,False,False
SEG_00104_Z02,SEG_00104,LINCOLN TUNNEL ENTRANCE,Exposed Edge,2,16.52948069907284,30.228173108663437,7.775386985930213,True,False,False
SEG_00105_Z01,SEG_00105,DYER AVE,Open Field,3,28.070594751171278,38.691049872330105,23.787693609785194,True,False,False
SEG_00106_Z01,SEG_00106,LINCOLN TUNNEL ENTRANCE 9 AVE,Vegetated Buffer,1,10.000000000004096,9.311452790254847,13.661531991785372,False,True,False
SEG_00106_Z02,SEG_00106,LINCOLN TUNNEL ENTRANCE 9 AVE,Screened Edge,7,69.9999999999788,10.950363719739784,7.526071204941616,True,True,True
SEG_00106_Z03,SEG_00106,LINCOLN TUNNEL ENTRANCE 9 AVE,Vegetated Buffer,1,10.000000000002656,10.234219371973722,11.396040575642473,False,True,False
SEG_00107_Z01,SEG_00107,LINCOLN TUNNEL ENTRANCE,Screened Edge,2,19.999999999989996,15.987496582437222,5.569877538537238,True,True,True
SEG_00108_Z01,SEG_00108,LINCOLN TUNNEL EN W 35 ST,Exposed Edge,1,10.000000000002983,21.779469760402755,7.8688885544962766,False,False,False
SEG_00109_Z01,SEG_00109,W 36 ST,Screened Edge,1,9.99999999999034,9.503537607799329,9.58188929826764,False,True,False
SEG_00110_Z01,SEG_00110,W 36 ST,Open Field,1,10.000000000000837,24.357654996605614,13.760747672785998,False,False,False
SEG_00110_Z02,SEG_00110,W 36 ST,Screened Edge,17,169.99999999999676,8.580777435544432,8.5423866792615,True,True,True
SEG_00110_Z03,SEG_00110,W 36 ST,Exposed Edge,1,10.000000000000837,27.84235061087655,7.842070833967489,False,False,False
SEG_00110_Z04,SEG_00110,W 36 ST,Screened Edge,8,80.00000000000232,9.431792394892787,7.76717817020592,True,True,True
SEG_00111_Z01,SEG_00111,W 37 ST,Open Field,1,10.000000000009553,26.20721880938498,13.676915205725829,False,False,False
SEG_00111_Z02,SEG_00111,W 37 ST,Screened Edge,13,130.00000000000443,10.22020128972008,9.31979494068272,True,True,True
SEG_00111_Z03,SEG_00111,W 37 ST,Exposed Edge,1,9.999999999978538,28.22674917324618,9.171456411941717,False,False,False
SEG_00111_Z04,SEG_00111,W 37 ST,Screened Edge,11,110.00000000001634,9.275443933575291,9.167046311005908,True,True,True
SEG_00111_Z05,SEG_00111,W 37 ST,Vegetated Buffer,1,9.999999999978538,16.263931309496613,11.006940158868732,False,True,False
SEG_00112_Z01,SEG_00112,9 AVE,Vegetated Buffer,5,45.24165550927823,12.528898553732466,15.269688671968458,True,True,True
SEG_00113_Z01,SEG_00113,9 AVE,Vegetated Buffer,3,29.99999999999693,13.332797775910771,15.197497795926404,True,True,True
SEG_00114_Z01,SEG_00114,W 37 ST,Vegetated Buffer,1,9.999999999991937,13.46608425605314,13.64131345488809,False,True,False
SEG_00114_Z02,SEG_00114,W 37 ST,Screened Edge,5,49.999999999999325,9.092520647421576,9.428418973150777,True,True,True
SEG_00115_Z01,SEG_00115,9 AVE,Vegetated Buffer,8,78.42945281282869,12.010448597034829,15.37074955517481,True,True,True
SEG_00116_Z01,SEG_00116,LINCOLN TUNNEL ENTRANCE,Open Field,3,28.016219747820628,37.295075796414345,14.940074040721015,True,False,False
SEG_00117_Z01,SEG_00117,LINCOLN TUNNEL ENTRANCE,Open Field,3,28.01617999035801,44.0879325368085,11.59083063726885,True,False,False
SEG_00118_Z01,SEG_00118,LINCOLN TUNNEL EXIT,Open Field,5,47.86249407551403,49.25461670795231,21.183008366371382,True,False,False
SEG_00119_Z01,SEG_00119,W 38 ST,Vegetated Buffer,1,10.000000000011816,20.507278345032777,13.059988482913129,False,True,False
SEG_00119_Z02,SEG_00119,W 38 ST,Exposed Edge,4,39.99999999998526,29.556534238927245,8.595234790891098,True,False,False
SEG_00120_Z01,SEG_00120,W 38 ST,Open Field,1,9.999999999997966,51.23006288892507,15.713729775964495,False,False,False
SEG_00121_Z01,SEG_00121,BROADWAY,Open Field,8,80.00000000000118,44.58319936559444,11.400462120910873,True,False,False
SEG_00122_Z01,SEG_00122,W 28 ST,Open Field,1,9.999999999993904,22.95617012296605,13.261213720673867,False,False,False
SEG_00122_Z02,SEG_00122,W 28 ST,Exposed Edge,4,40.00000000001096,31.73532350947545,8.782541068835403,True,False,False
SEG_00122_Z03,SEG_00122,W 28 ST,Screened Edge,4,40.00000000000667,10.955706563084135,9.241003128100104,True,True,True
SEG_00122_Z04,SEG_00122,W 28 ST,Exposed Edge,1,9.999999999993904,26.174716268132634,9.162771337691577,False,False,False
SEG_00122_Z05,SEG_00122,W 28 ST,Screened Edge,4,40.00000000001096,10.971676652638992,9.205038853116788,True,True,True
SEG_00122_Z06,SEG_00122,W 28 ST,Exposed Edge,5,49.99999999996951,33.393441805575414,9.22675556418299,True,False,False
SEG_00122_Z07,SEG_00122,W 28 ST,Screened Edge,5,50.00000000000487,9.75705552646475,9.183769155931376,True,True,True
SEG_00122_Z08,SEG_00122,W 28 ST,Exposed Edge,2,20.00000000001887,27.175384395827514,8.844421586676898,True,False,False
SEG_00122_Z09,SEG_00122,W 28 ST,Open Field,1,9.999999999993904,42.078931000001376,9.977917020011944,False,False,False
SEG_00123_Z01,SEG_00123,AVE OF THE AMERICAS,Vegetated Buffer,3,29.99999999999409,12.48896752319403,15.431827910264957,True,True,True
SEG_00123_Z02,SEG_00123,AVE OF THE AMERICAS,Open Field,1,10.000000000012097,21.098140545450786,15.21803319467485,False,False,False
SEG_00123_Z03,SEG_00123,AVE OF THE AMERICAS,Vegetated Buffer,3,29.99999999999409,14.41491877707741,14.858201971201323,True,True,True
SEG_00123_Z04,SEG_00123,AVE OF THE AMERICAS,Open Field,1,8.36355241798078,25.41830155187172,15.705837223417255,False,False,False
SEG_00124_Z01,SEG_00124,W 30 ST,Open Field,1,10.000000000011097,74.38821202872386,10.179341986470245,False,False,False
SEG_00124_Z02,SEG_00124,W 30 ST,Exposed Edge,9,89.99999999998951,52.452525223967974,8.831038201616193,True,False,False
SEG_00124_Z03,SEG_00124,W 30 ST,Open Field,1,10.000000000011097,26.29603047842286,11.553856115859086,False,False,False
SEG_00125_Z01,SEG_00125,W 29 ST,Vegetated Buffer,1,10.000000000009871,14.109409046129345,13.64870875911462,False,True,False
SEG_00125_Z02,SEG_00125,W 29 ST,Screened Edge,13,129.99999999998266,12.073537191491697,9.07025707705338,True,True,True
SEG_00125_Z03,SEG_00125,W 29 ST,Exposed Edge,1,10.000000000005576,26.61221459559883,9.070723610188919,False,False,False
SEG_00125_Z04,SEG_00125,W 29 ST,Screened Edge,5,50.00000000001401,10.221758511901761,9.19814917843746,True,True,True
SEG_00125_Z05,SEG_00125,W 29 ST,Exposed Edge,1,9.999999999974527,24.157153669870702,9.7945860423551,False,False,False
SEG_00125_Z06,SEG_00125,W 29 ST,Screened Edge,5,50.00000000000972,8.772768022616258,9.172917376024866,True,True,True
SEG_00125_Z07,SEG_00125,W 29 ST,Vegetated Buffer,1,10.000000000009871,12.834548283846948,10.37902004034724,False,True,False
SEG_00126_Z01,SEG_00126,7 AVE,Open Field,7,69.99999999999068,45.42900666916531,14.665087018990828,True,False,False
SEG_00126_Z02,SEG_00126,7 AVE,Vegetated Buffer,1,8.605730297845309,20.123798838080646,15.580857568366342,False,True,False
SEG_00127_Z01,SEG_00127,AVE OF THE AMERICAS,Open Field,8,78.58845250884835,38.47869685199351,15.452358131813583,True,False,False
SEG_00128_Z01,SEG_00128,W 31 ST,Open Field,1,10.000000000005699,94.151609776964,10.693981156523245,False,False,False
SEG_00128_Z02,SEG_00128,W 31 ST,Exposed Edge,6,60.0000000000031,62.82392204185708,8.515320473856908,True,False,False
SEG_00128_Z03,SEG_00128,W 31 ST,Open Field,1,9.99999999997887,29.665228353035104,11.375170732699443,False,False,False
SEG_00129_Z01,SEG_00129,W 30 ST,Open Field,1,9.999999999988889,30.84045635071301,13.559719189331577,False,False,False
SEG_00129_Z02,SEG_00129,W 30 ST,Exposed Edge,25,250.00000000000938,70.8486504452255,9.221231863200963,True,False,False
SEG_00129_Z03,SEG_00129,W 30 ST,Open Field,1,9.999999999993173,64.74397428992006,10.940789403730458,False,False,False
SEG_00130_Z01,SEG_00130,7 AVE,Vegetated Buffer,3,30.00000000000302,13.60128533202259,15.445909441358923,True,True,True
SEG_00130_Z02,SEG_00130,7 AVE,Open Field,5,48.00861701102394,43.29680153794287,15.34788341362999,True,False,False
SEG_00131_Z01,SEG_00131,MADISON AVE,Open Field,2,19.999999999993197,21.16247461644152,13.439579953776938,True,False,False
SEG_00131_Z02,SEG_00131,MADISON AVE,Vegetated Buffer,6,58.713744138783426,8.949409604727856,13.279138706190617,True,True,True
SEG_00132_Z01,SEG_00132,E 32 ST,Vegetated Buffer,1,9.999999999983467,14.774876634719622,10.859524966033211,False,True,False
SEG_00132_Z02,SEG_00132,E 32 ST,Screened Edge,11,110.00000000001725,7.371868758579976,8.16590231779532,True,True,True
SEG_00132_Z03,SEG_00132,E 32 ST,Exposed Edge,3,29.999999999985736,24.745648868445482,8.557234416840268,True,False,False
SEG_00133_Z01,SEG_00133,MADISON AVE,Vegetated Buffer,7,70.0000000000091,12.86781677397349,12.207046621573317,True,True,True
SEG_00133_Z02,SEG_00133,MADISON AVE,Open Field,1,9.999999999991935,26.76734874538295,13.504496494536728,False,False,False
SEG_00134_Z01,SEG_00134,E 33 ST,Open Field,1,9.999999999986313,20.972005445762367,13.995505674280253,False,False,False
SEG_00134_Z02,SEG_00134,E 33 ST,Exposed Edge,5,50.00000000001608,28.799011720610842,9.419415485060181,True,False,False
SEG_00134_Z03,SEG_00134,E 33 ST,Screened Edge,5,49.999999999985036,12.127846933619256,9.589967376955556,True,True,True
SEG_00134_Z04,SEG_00134,E 33 ST,Vegetated Buffer,1,10.00000000001735,5.579592117169271,10.12714293848095,False,True,False
SEG_00134_Z05,SEG_00134,E 33 ST,Screened Edge,2,19.999999999999364,6.161751995329542,9.556421218940624,True,True,True
SEG_00134_Z06,SEG_00134,E 33 ST,Vegetated Buffer,1,9.999999999986313,10.42856966323889,10.012215451791995,False,True,False
SEG_00135_Z01,SEG_00135,E 34 ST,Open Field,6,59.99999999998927,32.18048859159792,15.044542161089817,True,False,False
SEG_00135_Z02,SEG_00135,E 34 ST,Vegetated Buffer,4,40.00000000000031,12.926620903784663,15.335417612959963,True,True,True
SEG_00135_Z03,SEG_00135,E 34 ST,Open Field,5,47.281223642744685,31.771333208572592,15.909624587987462,True,False,False
SEG_00136_Z01,SEG_00136,MADISON AVE,Open Field,1,10.000000000007407,27.050054617739487,15.755819057013523,False,False,False
SEG_00136_Z02,SEG_00136,MADISON AVE,Vegetated Buffer,4,39.999999999996945,13.732652205884136,11.706146766000401,True,True,True
SEG_00136_Z03,SEG_00136,MADISON AVE,Open Field,3,29.999999999989534,24.228781189536004,11.605239705810439,True,False,False
SEG_00137_Z01,SEG_00137,E 34 ST,Open Field,3,29.99999999999215,38.54420347984914,16.581805164150854,True,False,False
SEG_00137_Z02,SEG_00137,E 34 ST,Vegetated Buffer,12,119.99999999999966,13.163502273659782,15.499163110900563,True,True,True
SEG_00138_Z01,SEG_00138,5 AVE,Vegetated Buffer,4,39.99999999999981,14.711087217679713,15.950506987593254,True,True,True
SEG_00138_Z02,SEG_00138,5 AVE,Open Field,4,39.99999999999981,39.789592497466636,15.706822406507577,True,False,False
SEG_00139_Z01,SEG_00139,MADISON AVE,Vegetated Buffer,5,49.999999999999496,10.717514424832405,11.939617100724785,True,True,True
SEG_00139_Z02,SEG_00139,MADISON AVE,Open Field,1,10.000000000001453,22.038337311660136,11.6105029382322,False,False,False
SEG_00139_Z03,SEG_00139,MADISON AVE,Vegetated Buffer,2,18.348920541901535,19.922561771231983,12.385275335113757,True,True,True
SEG_00140_Z01,SEG_00140,E 35 ST,Open Field,1,9.999999999995563,22.440258822033098,13.646767479234848,False,False,False
SEG_00140_Z02,SEG_00140,E 35 ST,Screened Edge,9,90.00000000000824,7.934798406050494,9.195370936438517,True,True,True
SEG_00140_Z03,SEG_00140,E 35 ST,Exposed Edge,5,49.999999999990614,30.451449402543215,9.445145813238305,True,False,False
SEG_00141_Z01,SEG_00141,5 AVE,Vegetated Buffer,8,78.71989914771692,13.778803118657436,15.622837595283066,True,True,True
SEG_00142_Z01,SEG_00142,W 32 ST,Open Field,1,9.99999999999072,24.437474854920037,14.639728585000565,False,False,False
SEG_00142_Z02,SEG_00142,W 32 ST,Exposed Edge,24,240.00000000001663,66.86024600533148,8.823948372566768,True,False,False
SEG_00142_Z03,SEG_00142,W 32 ST,Open Field,1,9.226787254631565,77.87176526802796,10.972891696104721,False,False,False
SEG_00143_Z01,SEG_00143,BROADWAY,Open Field,8,79.99999999999756,80.25792122297102,11.828424574059111,True,False,False
SEG_00144_Z01,SEG_00144,W 33 ST,Open Field,1,10.000000000006976,25.35950508401498,13.942678409601895,False,False,False
SEG_00144_Z02,SEG_00144,W 33 ST,Exposed Edge,5,49.9999999999995,35.49093949774974,9.297334921751936,True,False,False
SEG_00144_Z03,SEG_00144,W 33 ST,Screened Edge,10,100.00000000000328,10.162524046084306,8.98602034204876,True,True,True
SEG_00144_Z04,SEG_00144,W 33 ST,Exposed Edge,2,19.999999999999112,28.08269114602625,8.806054286870308,True,False,False
SEG_00144_Z05,SEG_00144,W 33 ST,Screened Edge,5,50.00000000000441,11.190680681785334,8.750219957454826,True,True,True
SEG_00144_Z06,SEG_00144,W 33 ST,Exposed Edge,5,50.000000000000156,45.44031201417302,8.669314225839832,True,False,False
SEG_00144_Z07,SEG_00144,W 33 ST,Open Field,1,8.326410645832256,75.19606019814513,11.447319710926163,False,False,False
SEG_00145_Z01,SEG_00145,BROADWAY,Open Field,8,79.99999999999598,74.00424665404611,11.148635233927314,True,False,False
SEG_00146_Z01,SEG_00146,W 34 ST,Open Field,9,89.99999999998495,54.136964719842005,15.713721803839285,True,False,False
SEG_00146_Z02,SEG_00146,W 34 ST,Vegetated Buffer,4,40.000000000016406,12.825907021519317,14.961578486966765,True,True,True
SEG_00146_Z03,SEG_00146,W 34 ST,Open Field,1,9.9999999999875,25.17733792409473,15.612114417149124,False,False,False
SEG_00146_Z04,SEG_00146,W 34 ST,Vegetated Buffer,1,6.4851566643226475,15.857915015707546,15.775451039800839,False,True,False
SEG_00147_Z01,SEG_00147,W 33 ST,Open Field,2,19.999999999989804,88.5066869090136,20.453636377845033,True,False,False
SEG_00148_Z01,SEG_00148,BROADWAY,Open Field,5,50.000000000005336,73.7281138062256,12.128348633116051,True,False,False
SEG_00149_Z01,SEG_00149,AVE OF THE AMERICAS,Open Field,5,45.835072979589796,76.16183837585518,16.71038002034441,True,False,False
SEG_00150_Z01,SEG_00150,W 34 ST,Vegetated Buffer,14,139.99999999998528,9.824523600216299,15.121707872006796,True,True,True
SEG_00150_Z02,SEG_00150,W 34 ST,Open Field,2,20.000000000006153,27.20925575117289,15.379260280690213,True,False,False
SEG_00151_Z01,SEG_00151,AVE OF THE AMERICAS,Open Field,2,19.99999999999978,22.252069072539857,15.407395537216923,True,False,False
SEG_00151_Z02,SEG_00151,AVE OF THE AMERICAS,Vegetated Buffer,3,29.999999999995797,12.11846612574452,15.256524630316155,True,True,True
SEG_00151_Z03,SEG_00151,AVE OF THE AMERICAS,Open Field,3,28.53387778164943,30.40773368479813,15.610459868837793,True,False,False
SEG_00152_Z01,SEG_00152,W 32 ST,Open Field,1,9.999999999994692,70.32237355449394,10.263855512624428,False,False,False
SEG_00152_Z02,SEG_00152,W 32 ST,Exposed Edge,3,30.00000000001517,56.028309511584276,7.965031766742313,True,False,False
SEG_00152_Z03,SEG_00152,W 32 ST,Open Field,1,9.999999999990418,45.33199776373998,12.433558597510823,False,False,False
SEG_00153_Z01,SEG_00153,W 31 ST,Vegetated Buffer,1,10.000000000011998,16.858786942482517,13.37284237602254,False,True,False
SEG_00153_Z02,SEG_00153,W 31 ST,Screened Edge,3,29.999999999974033,8.846657714388352,8.624178551148608,True,True,True
SEG_00153_Z03,SEG_00153,W 31 ST,Exposed Edge,4,40.00000000001702,29.059371001280013,8.487093713280675,True,False,False
SEG_00153_Z04,SEG_00153,W 31 ST,Screened Edge,2,19.99999999999302,10.055048318897185,8.395391466909611,True,True,True
SEG_00153_Z05,SEG_00153,W 31 ST,Vegetated Buffer,1,10.000000000011998,6.9871130018680425,10.112526245334653,False,True,False
SEG_00153_Z06,SEG_00153,W 31 ST,Screened Edge,4,39.99999999998604,8.765343978783571,7.134750703852478,True,True,True
SEG_00153_Z07,SEG_00153,W 31 ST,Exposed Edge,11,110.00000000000372,77.85883257866362,8.732217182760099,True,False,False
SEG_00153_Z08,SEG_00153,W 31 ST,Open Field,1,10.000000000011998,137.79765142108332,12.560687489715525,False,False,False
SEG_00154_Z01,SEG_00154,7 AVE,Open Field,8,79.99999999998789,105.32368164755957,15.250941435801845,True,False,False
SEG_00155_Z01,SEG_00155,AVE OF THE AMERICAS,Open Field,8,79.44799698944432,73.5441131649473,16.24115946880568,True,False,False
SEG_00156_Z01,SEG_00156,W 32 ST,Open Field,1,9.999999999998431,42.595179870410725,13.23361366838428,False,False,False
SEG_00156_Z02,SEG_00156,W 32 ST,Exposed Edge,2,19.99999999999259,34.82307735101223,8.58557585316204,True,False,False
SEG_00156_Z03,SEG_00156,W 32 ST,Screened Edge,4,40.00000000001626,12.92063610319883,8.648325798832603,True,True,True
SEG_00156_Z04,SEG_00156,W 32 ST,Exposed Edge,2,19.999999999996863,23.070333155584635,2.6576347164684546,True,False,False
SEG_00156_Z05,SEG_00156,W 32 ST,Screened Edge,5,49.99999999998361,9.816164749476819,8.784880425158018,True,True,True
SEG_00156_Z06,SEG_00156,W 32 ST,Exposed Edge,12,120.00000000002196,75.30339871562617,8.880873544904615,True,False,False
SEG_00156_Z07,SEG_00156,W 32 ST,Open Field,1,9.999999999998431,140.02418558899012,13.153772082886757,False,False,False
SEG_00157_Z01,SEG_00157,7 AVE,Open Field,8,76.8287269462364,149.50536864542272,17.606053712734997,True,False,False
SEG_00158_Z01,SEG_00158,W 33 ST,Open Field,1,10.000000000008646,100.29988765213015,15.812403366527565,False,False,False
SEG_00158_Z02,SEG_00158,W 33 ST,Exposed Edge,25,250.0000000000007,96.91465660435242,8.773825555603912,True,False,False
SEG_00158_Z03,SEG_00158,W 33 ST,Open Field,2,16.188116085156665,93.8560713736284,14.075702518479261,True,False,False
SEG_00159_Z01,SEG_00159,7 AVE,Open Field,8,78.09679152566407,123.25245287699764,17.08586812491132,True,False,False
SEG_00160_Z01,SEG_00160,W 34 ST,Open Field,26,259.5480920322672,107.17673990057588,15.167816361877941,True,False,False
SEG_00161_Z01,SEG_00161,5 AVE,Open Field,8,79.99999999999643,51.77785713021045,15.66495158105008,True,False,False
SEG_00162_Z01,SEG_00162,W 35 ST,Open Field,1,9.999999999986112,26.628240841888463,14.07939502899336,False,False,False
SEG_00162_Z02,SEG_00162,W 35 ST,Exposed Edge,2,17.850846876932483,37.423147197056196,9.145960889425407,True,False,False
SEG_00163_Z01,SEG_00163,E 36 ST,Vegetated Buffer,1,10.000000000008855,20.304233881432133,13.219639525681393,False,True,False
SEG_00163_Z02,SEG_00163,E 36 ST,Screened Edge,1,9.999999999977828,20.14859663506075,9.024611705678678,False,True,False
SEG_00163_Z03,SEG_00163,E 36 ST,Exposed Edge,2,20.000000000013404,26.40623700587666,9.047936895815619,True,False,False
SEG_00163_Z04,SEG_00163,E 36 ST,Screened Edge,5,50.00000000000894,12.814198882196347,9.217425429056501,True,True,True
SEG_00163_Z05,SEG_00163,E 36 ST,Exposed Edge,5,49.999999999977916,32.00283200248126,9.233765023773008,True,False,False
SEG_00163_Z06,SEG_00163,E 36 ST,Vegetated Buffer,1,10.000000000008855,20.477354430702523,10.116571700926082,False,True,False
SEG_00164_Z01,SEG_00164,5 AVE,Vegetated Buffer,8,78.99791506188163,13.823830871241626,15.449797329405797,True,True,True
SEG_00165_Z01,SEG_00165,E 37 ST,Open Field,1,10.000000000013358,22.056485556730838,11.634938052802754,False,False,False
SEG_00165_Z02,SEG_00165,E 37 ST,Screened Edge,5,49.9999999999918,8.709396735790119,7.850993840475003,True,True,True
SEG_00165_Z03,SEG_00165,E 37 ST,Exposed Edge,2,19.99999999999137,21.81447958731092,8.876071627182025,True,False,False
SEG_00165_Z04,SEG_00165,E 37 ST,Screened Edge,7,70.00000000001852,12.46570691915395,9.080793905465072,True,True,True
SEG_00166_Z01,SEG_00166,5 AVE,Vegetated Buffer,5,49.99999999999662,10.486520289318104,14.329099633902436,True,True,True
SEG_00166_Z02,SEG_00166,5 AVE,Open Field,2,19.999999999997712,23.891081464061024,13.537812595399027,True,False,False
SEG_00166_Z03,SEG_00166,5 AVE,Vegetated Buffer,1,8.385206201719585,20.228837795589364,14.290443119862726,False,True,False
SEG_00167_Z01,SEG_00167,E 38 ST,Vegetated Buffer,1,10.000000000009479,15.252586623115107,13.814803936273977,False,True,False
SEG_00167_Z02,SEG_00167,E 38 ST,Screened Edge,4,39.99999999999829,10.070005906407827,9.513615014892178,True,True,True
SEG_00167_Z03,SEG_00167,E 38 ST,Exposed Edge,10,99.99999999998452,43.01149445533603,9.55871250781054,True,False,False
SEG_00168_Z01,SEG_00168,5 AVE,Vegetated Buffer,8,78.33670261429708,10.667770511867875,15.168847279655433,True,True,True
SEG_00169_Z01,SEG_00169,W 37 ST,Vegetated Buffer,1,9.999999999984714,14.310772039723552,13.80076897022658,False,True,False
SEG_00169_Z02,SEG_00169,W 37 ST,Screened Edge,6,60.00000000001431,6.304792044865672,8.864548781034784,True,True,True
SEG_00169_Z03,SEG_00169,W 37 ST,Exposed Edge,5,49.99999999999855,31.38391815032786,8.682360109493102,True,False,False
SEG_00169_Z04,SEG_00169,W 37 ST,Screened Edge,3,29.99999999998948,10.812098846033217,9.002142555701814,True,True,True
SEG_00169_Z05,SEG_00169,W 37 ST,Vegetated Buffer,1,10.000000000020055,4.785902110052662,9.973857940638652,False,True,False
SEG_00169_Z06,SEG_00169,W 37 ST,Screened Edge,2,20.000000000000476,11.12330030839418,9.262001429719238,True,True,True
SEG_00169_Z07,SEG_00169,W 37 ST,Exposed Edge,3,29.99999999999378,35.10394524081846,9.33544084262615,True,False,False
SEG_00169_Z08,SEG_00169,W 37 ST,Open Field,1,9.999999999984714,54.96663721966648,9.989285929306194,False,False,False
SEG_00169_Z09,SEG_00169,W 37 ST,Exposed Edge,4,40.000000000009535,38.467939153757754,9.495183854412481,True,False,False
SEG_00169_Z10,SEG_00169,W 37 ST,Screened Edge,4,40.000000000009535,12.17097815554173,9.445761466807532,True,True,True
SEG_00169_Z11,SEG_00169,W 37 ST,Open Field,1,9.99999999998901,25.606066641051687,13.300039303613925,False,False,False
SEG_00170_Z01,SEG_00170,5 AVE,Vegetated Buffer,6,60.00000000000158,12.661176577016322,13.405335611471765,True,True,True
SEG_00170_Z02,SEG_00170,5 AVE,Open Field,2,18.439894023871638,25.248518643336645,15.35237319504947,True,False,False
SEG_00171_Z01,SEG_00171,AVE OF THE AMERICAS,Open Field,4,37.15662970868849,46.945336298870046,14.803303704829993,True,False,False
SEG_00172_Z01,SEG_00172,BROADWAY,Open Field,4,39.99999999999774,54.77221992546133,16.029904242772076,True,False,False
SEG_00173_Z01,SEG_00173,W 35 ST,Exposed Edge,27,268.84683762828456,75.78600880140151,8.743919244162916,True,False,False
SEG_00174_Z01,SEG_00174,W 34 ST,Open Field,2,16.055387177708518,49.81574755889403,22.269218139263,True,False,False
SEG_00175_Z01,SEG_00175,AVE OF THE AMERICAS,Open Field,8,79.9999999999974,54.50264737547079,14.480590650171312,True,False,False
SEG_00176_Z01,SEG_00176,BROADWAY,Open Field,9,90.00000000000486,78.16837374257561,16.292206274601842,True,False,False
SEG_00177_Z01,SEG_00177,W 36 ST,Vegetated Buffer,1,10.000000000011319,18.059665407634185,14.435886789247943,False,True,False
SEG_00177_Z02,SEG_00177,W 36 ST,Screened Edge,1,9.999999999984556,19.191444619028147,9.12132328718586,False,True,False
SEG_00177_Z03,SEG_00177,W 36 ST,Exposed Edge,1,10.000000000011319,24.70772305364267,8.797155091224964,False,False,False
SEG_00177_Z04,SEG_00177,W 36 ST,Screened Edge,5,49.99999999999878,11.25147645652363,8.617183980991655,True,True,True
SEG_00177_Z05,SEG_00177,W 36 ST,Exposed Edge,19,190.0000000000086,61.65568632867596,8.821202091021313,True,False,False
SEG_00177_Z06,SEG_00177,W 36 ST,Screened Edge,3,29.99999999999181,8.00669606400608,9.22931140011498,True,True,True
SEG_00177_Z07,SEG_00177,W 36 ST,Vegetated Buffer,1,9.999999999988349,17.539512977709464,12.948776252522114,False,True,False
SEG_00178_Z01,SEG_00178,W 35 ST,Exposed Edge,1,9.999999999998412,82.80995009884136,9.91907130034533,False,False,False
SEG_00179_Z01,SEG_00179,W 35 ST,Open Field,2,19.99999999999063,86.08919511077451,12.511069516776413,True,False,False
SEG_00179_Z02,SEG_00179,W 35 ST,Exposed Edge,2,20.000000000021505,84.00489036130347,9.875357281591992,True,False,False
SEG_00179_Z03,SEG_00179,W 35 ST,Open Field,1,7.107475107366227,83.93015803681796,14.441066592815403,False,False,False
SEG_00180_Z01,SEG_00180,AVE OF THE AMERICAS,Open Field,8,79.37672590290153,51.16154030336367,15.281790032634266,True,False,False
SEG_00181_Z01,SEG_00181,7 AVE,Open Field,9,85.3108929883874,62.52511954821604,16.080042090955416,True,False,False
SEG_00182_Z01,SEG_00182,W 33 ST,Open Field,27,269.999999999992,76.58375517704125,13.49762947630587,True,False,False
SEG_00183_Z01,SEG_00183,W 35 ST,Open Field,1,9.999999999994234,84.41593345115007,12.181251105167489,False,False,False
SEG_00183_Z02,SEG_00183,W 35 ST,Exposed Edge,18,180.00000000000296,80.24585504775892,9.223865815142334,True,False,False
SEG_00183_Z03,SEG_00183,W 35 ST,Screened Edge,3,30.0000000000137,8.676224053687404,9.276482357682285,True,True,True
SEG_00183_Z04,SEG_00183,W 35 ST,Vegetated Buffer,1,7.65809519535727,20.13598379882785,15.639564816624167,False,True,False
SEG_00184_Z01,SEG_00184,7 AVE,Open Field,8,79.9999999999974,47.100211178430015,15.820862145756257,True,False,False
SEG_00185_Z01,SEG_00185,W 34 ST,Open Field,3,30.000000000009024,36.36984775060386,16.654737776500692,True,False,False
SEG_00185_Z02,SEG_00185,W 34 ST,Vegetated Buffer,21,209.9999999999934,10.236912102628605,15.992278228308502,True,True,True
SEG_00185_Z03,SEG_00185,W 34 ST,Open Field,3,29.999999999998984,33.49986808204602,22.270919286733598,True,False,False
SEG_00186_Z01,SEG_00186,W 36 ST,Vegetated Buffer,1,10.000000000004444,19.65577603906105,12.07982202901556,False,True,False
SEG_00186_Z02,SEG_00186,W 36 ST,Exposed Edge,18,179.9999999999868,72.88944718635386,9.204254728740748,True,False,False
SEG_00186_Z03,SEG_00186,W 36 ST,Open Field,1,7.6788068474477855,76.98508406484686,16.308005395063358,False,False,False
SEG_00187_Z01,SEG_00187,7 AVE,Open Field,8,78.39983666403867,44.80197241581508,15.400992683533332,True,False,False
SEG_00188_Z01,SEG_00188,W 35 ST,Open Field,1,9.999999999997511,27.67076977421029,14.138899071538047,False,False,False
SEG_00188_Z02,SEG_00188,W 35 ST,Exposed Edge,25,250.00000000001708,75.34547957423402,9.309128321566705,True,False,False
SEG_00188_Z03,SEG_00188,W 35 ST,Open Field,1,9.999999999997511,91.75055797098574,10.931235550622207,False,False,False
SEG_00189_Z01,SEG_00189,8 AVE,Open Field,8,80.00000000000743,67.32221623301514,15.692743547738012,True,False,False
SEG_00190_Z01,SEG_00190,7 AVE,Open Field,8,78.16985128458137,116.61027779230372,14.8712908907581,True,False,False
SEG_00191_Z01,SEG_00191,BROADWAY,Open Field,8,80.00000000000286,52.00488974182683,15.526667896882918,True,False,False
SEG_00192_Z01,SEG_00192,W 36 ST,Vegetated Buffer,1,9.999999999984253,19.097193065935237,13.411400313857829,False,True,False
SEG_00192_Z02,SEG_00192,W 36 ST,Screened Edge,5,50.000000000027185,8.61257582345397,9.547430927444186,True,True,True
SEG_00192_Z03,SEG_00192,W 36 ST,Vegetated Buffer,2,16.86609035661859,17.723672421815067,13.427526042313453,True,True,True
SEG_00193_Z01,SEG_00193,AVE OF THE AMERICAS,Vegetated Buffer,5,50.00000000000172,13.846927735237234,16.102630056528703,True,True,True
SEG_00193_Z02,SEG_00193,AVE OF THE AMERICAS,Open Field,3,28.502010528515378,30.10200541225124,15.604669926095491,True,False,False
SEG_00194_Z01,SEG_00194,BROADWAY,Vegetated Buffer,5,49.99999999999989,13.195131557109912,15.624319559842766,True,True,True
SEG_00194_Z02,SEG_00194,BROADWAY,Open Field,3,29.999999999998188,37.062396072719785,15.494568615645912,True,False,False
SEG_00195_Z01,SEG_00195,W 37 ST,Open Field,1,10.000000000004098,36.53015913680034,13.669412854674427,False,False,False
SEG_00195_Z02,SEG_00195,W 37 ST,Exposed Edge,8,80.00000000000601,51.59072525432412,9.002027641817623,True,False,False
SEG_00195_Z03,SEG_00195,W 37 ST,Open Field,2,15.343824299529263,52.32403792225436,13.00289131564457,True,False,False
SEG_00196_Z01,SEG_00196,AVE OF THE AMERICAS,Open Field,8,78.4467336659019,58.453890019704794,15.370254295091112,True,False,False
SEG_00197_Z01,SEG_00197,BROADWAY,Open Field,8,80.00000000000023,92.15610084050425,15.382856090813446,True,False,False
SEG_00198_Z01,SEG_00198,W 37 ST,Open Field,1,10.00000000001409,57.3866275584337,13.533631606998965,False,False,False
SEG_00198_Z02,SEG_00198,W 37 ST,Exposed Edge,15,149.99999999999926,117.98455967822497,9.299627901254235,True,False,False
SEG_00198_Z03,SEG_00198,W 37 ST,Open Field,1,9.086390915296965,153.54201290148202,15.059509183692635,False,False,False
SEG_00199_Z01,SEG_00199,W 38 ST,Open Field,1,9.999999999989452,93.37376848545654,13.676679581144345,False,False,False
SEG_00199_Z02,SEG_00199,W 38 ST,Exposed Edge,10,100.00000000001005,116.24033827021574,9.063120433643455,True,False,False
SEG_00199_Z03,SEG_00199,W 38 ST,Open Field,2,20.00000000000563,109.78558978859758,11.031174617400229,True,False,False
SEG_00200_Z01,SEG_00200,AVE OF THE AMERICAS,Open Field,8,78.82701175593394,81.89150851381923,15.248597093288742,True,False,False
SEG_00201_Z01,SEG_00201,W 38 ST,Open Field,1,10.000000000010218,20.688202894170193,13.800095282549883,False,False,False
SEG_00201_Z02,SEG_00201,W 38 ST,Screened Edge,4,39.99999999998739,13.403946569749428,7.164023532159603,True,True,True
SEG_00201_Z03,SEG_00201,W 38 ST,Exposed Edge,25,249.99999999999233,70.87891191325818,8.679022073685722,True,False,False
SEG_00201_Z04,SEG_00201,W 38 ST,Open Field,1,10.000000000010218,89.74173788835661,12.90106274510514,False,False,False
SEG_00202_Z01,SEG_00202,5 AVE,Vegetated Buffer,5,50.0000000000044,15.015409064692012,15.344053420424896,True,True,True
SEG_00202_Z02,SEG_00202,5 AVE,Open Field,3,28.72576160107579,25.586719910890622,15.696711936535932,True,False,False
SEG_00203_Z01,SEG_00203,W 39 ST,Open Field,1,9.999999999988106,24.440223315010762,13.352322387274748,False,False,False
SEG_00203_Z02,SEG_00203,W 39 ST,Exposed Edge,13,130.00000000001768,55.425822303837805,9.088729904365373,True,False,False
SEG_00203_Z03,SEG_00203,W 39 ST,Screened Edge,5,50.00000000000687,10.125438425516014,9.194182896526447,True,True,True
SEG_00203_Z04,SEG_00203,W 39 ST,Exposed Edge,1,9.999999999988106,21.106772247172852,8.948392893295347,False,False,False
SEG_00203_Z05,SEG_00203,W 39 ST,Screened Edge,6,59.99999999999928,10.256366892573295,8.879292732698474,True,True,True
SEG_00203_Z06,SEG_00203,W 39 ST,Exposed Edge,4,39.99999999998775,37.36966171740843,8.780605780313827,True,False,False
SEG_00203_Z07,SEG_00203,W 39 ST,Open Field,1,10.000000000019124,62.21734398913945,12.740614127181935,False,False,False
SEG_00204_Z01,SEG_00204,W 40 ST,Open Field,1,10.000000000013763,20.84306584071832,14.02672524974806,False,False,False
SEG_00204_Z02,SEG_00204,W 40 ST,Exposed Edge,29,290.00000000000045,73.62895981848625,9.226308405954414,True,False,False
SEG_00204_Z03,SEG_00204,W 40 ST,Open Field,1,9.99999999997333,96.27535864899377,13.014628271276905,False,False,False
SEG_00205_Z01,SEG_00205,AVE OF THE AMERICAS,Open Field,8,78.82350497651007,115.71473242216847,15.370778715961888,True,False,False
SEG_00206_Z01,SEG_00206,W 42 ST,Open Field,4,39.9999999999991,51.04469722511835,14.973495600895045,True,False,False
SEG_00206_Z02,SEG_00206,W 42 ST,Exposed Edge,1,10.00000000000646,33.4274101866743,9.34305293129121,False,False,False
SEG_00206_Z03,SEG_00206,W 42 ST,Open Field,1,10.00000000000646,24.11030410241734,12.835923996896803,False,False,False
SEG_00206_Z04,SEG_00206,W 42 ST,Vegetated Buffer,10,99.99999999998009,12.723898640408693,15.301086983005893,True,True,True
SEG_00206_Z05,SEG_00206,W 42 ST,Open Field,9,90.00000000000036,43.74735590114135,15.27794628152951,True,False,False
SEG_00206_Z06,SEG_00206,W 42 ST,Vegetated Buffer,1,10.00000000000646,14.837277000985463,15.277248158198327,False,True,False
SEG_00206_Z07,SEG_00206,W 42 ST,Screened Edge,2,20.00000000001292,7.986564978881715,9.555210782622185,True,True,True
SEG_00206_Z08,SEG_00206,W 42 ST,Vegetated Buffer,2,19.99999999998618,14.488965852502073,15.257838722811496,True,True,True
SEG_00206_Z09,SEG_00206,W 42 ST,Open Field,1,10.00000000000646,28.123309399683265,17.895026183688454,False,False,False
SEG_00207_Z01,SEG_00207,AVE OF THE AMERICAS,Open Field,8,79.9999999999908,63.18949454031847,18.010589964029446,True,False,False
SEG_00208_Z01,SEG_00208,W 43 ST,Vegetated Buffer,1,9.999999999994328,16.826650802572477,14.077058049162403,False,True,False
SEG_00208_Z02,SEG_00208,W 43 ST,Screened Edge,1,9.999999999994328,18.25891964198028,9.60682332966653,False,True,False
SEG_00208_Z03,SEG_00208,W 43 ST,Exposed Edge,28,279.9999999999964,67.25910666434926,9.233949309867587,True,False,False
SEG_00208_Z04,SEG_00208,W 43 ST,Open Field,1,10.000000000025365,30.365397185752684,13.074712070512543,False,False,False
SEG_00209_Z01,SEG_00209,AVE OF THE AMERICAS,Open Field,9,85.6832762586528,36.568941697767144,17.04541696372369,True,False,False
SEG_00210_Z01,SEG_00210,AVE OF THE AMERICAS,Open Field,8,79.27800773813449,28.99772900350826,15.221709097277028,True,False,False
SEG_00211_Z01,SEG_00211,W 36 ST,Open Field,1,10.000000000013495,79.37855642478925,13.38224922545325,False,False,False
SEG_00211_Z02,SEG_00211,W 36 ST,Exposed Edge,12,119.99999999999285,72.13920462365151,9.117045118072136,True,False,False
SEG_00211_Z03,SEG_00211,W 36 ST,Screened Edge,5,49.999999999978634,10.974160922530443,9.095578182643965,True,True,True
SEG_00211_Z04,SEG_00211,W 36 ST,Exposed Edge,8,80.00000000002771,50.10121262225992,9.078768357785236,True,False,False
SEG_00211_Z05,SEG_00211,W 36 ST,Open Field,1,9.999999999982451,37.8868584004001,11.155507536912722,False,False,False
SEG_00212_Z01,SEG_00212,8 AVE,Open Field,8,78.72442428190597,53.87420311418181,15.335216960623214,True,False,False
SEG_00213_Z01,SEG_00213,7 AVE,Open Field,8,79.05073525654372,164.28771667165302,15.039183257213221,True,False,False
SEG_00214_Z01,SEG_00214,W 37 ST,Open Field,1,9.999999999988768,154.92902981743748,12.985595124136655,False,False,False
SEG_00214_Z02,SEG_00214,W 37 ST,Exposed Edge,16,160.00000000000986,92.96555165439348,8.634959788302643,True,False,False
SEG_00214_Z03,SEG_00214,W 37 ST,Screened Edge,5,50.000000000014516,10.404192385278384,8.767327728508956,True,True,True
SEG_00214_Z04,SEG_00214,W 37 ST,Exposed Edge,4,39.999999999994714,39.355462962090016,8.824663473098905,True,False,False
SEG_00214_Z05,SEG_00214,W 37 ST,Open Field,1,9.999999999988768,39.66212369072957,11.576549526505342,False,False,False
SEG_00215_Z01,SEG_00215,8 AVE,Open Field,8,78.35143059079427,34.073980790144695,15.393959628897287,True,False,False
SEG_00216_Z01,SEG_00216,7 AVE,Open Field,8,78.0454578505633,118.40218470664107,15.265983993022024,True,False,False
SEG_00217_Z01,SEG_00217,W 38 ST,Open Field,1,9.999999999992474,147.54690786306642,13.454508896644356,False,False,False
SEG_00217_Z02,SEG_00217,W 38 ST,Exposed Edge,25,249.9999999999996,105.36455095968847,8.860586390184897,True,False,False
SEG_00217_Z03,SEG_00217,W 38 ST,Open Field,1,10.000000000023567,51.6208832458408,11.224124142855498,False,False,False
SEG_00218_Z01,SEG_00218,8 AVE,Open Field,8,78.07051370778125,43.0029767079962,15.294885324251984,True,False,False
SEG_00219_Z01,SEG_00219,W 39 ST,Open Field,1,10.000000000008763,87.44861110129591,13.58930697512864,False,False,False
SEG_00219_Z02,SEG_00219,W 39 ST,Exposed Edge,25,250.0000000000062,108.11551410762384,9.114176844526865,True,False,False
SEG_00219_Z03,SEG_00219,W 39 ST,Open Field,1,9.999999999977739,82.81447904123205,10.989292597796103,False,False,False
SEG_00220_Z01,SEG_00220,8 AVE,Open Field,8,79.15473559030546,63.92341375447922,15.48328449436896,True,False,False
SEG_00221_Z01,SEG_00221,W 35 ST,Vegetated Buffer,2,19.276324072065254,10.583820171370771,22.07629684884447,True,True,True
SEG_00222_Z01,SEG_00222,LINCOLN TUNNEL ENTRANCE,Open Field,3,29.999999999990862,31.6049620267507,27.899240356036895,True,False,False
SEG_00223_Z01,SEG_00223,LINCOLN TUNNEL EXIT,Open Field,5,50.00000000000407,33.205709926887735,18.05078602107083,True,False,False
SEG_00224_Z01,SEG_00224,DYER AVENUE UNDERPASS 31 ST,Exposed Edge,2,20.000000000012,25.894941425417713,5.511966301746707,True,False,False
SEG_00224_Z02,SEG_00224,DYER AVENUE UNDERPASS 31 ST,Screened Edge,2,19.999999999993317,17.691898228618392,6.384436864079335,True,True,True
SEG_00224_Z03,SEG_00224,DYER AVENUE UNDERPASS 31 ST,Open Field,1,7.879117045193807,23.081976156685784,14.705962524040517,False,False,False
SEG_00225_Z01,SEG_00225,LINCOLN TUNNEL ENTRANCE,Vegetated Buffer,2,20.000000000012523,4.564785237417664,17.385778747781135,True,True,True
SEG_00226_Z01,SEG_00226,W 36 ST,Vegetated Buffer,1,10.000000000009189,18.972660652990683,15.682832725620496,False,True,False
SEG_00226_Z02,SEG_00226,W 36 ST,Open Field,1,7.57499291575148,28.51209913302434,23.001273549903768,False,False,False
SEG_00227_Z01,SEG_00227,LINCOLN TUNNEL EXIT,Open Field,1,9.999999999996394,37.3684870637751,25.40923592840397,False,False,False
SEG_00228_Z01,SEG_00228,DYER AVE,Open Field,1,9.999999999996772,34.807476300099054,24.60502287443624,False,False,False
SEG_00229_Z01,SEG_00229,W 36 ST,Open Field,1,7.918908968902029,34.897727067277046,27.758023716824248,False,False,False
SEG_00230_Z01,SEG_00230,LINCOLN TUNNEL EN W 36 ST,Vegetated Buffer,3,30.000000000005144,12.72874929915014,22.90992216211701,True,True,True
SEG_00230_Z02,SEG_00230,LINCOLN TUNNEL EN W 36 ST,Open Field,1,6.581631558606668,25.78412427439199,26.429628782567974,False,False,False
SEG_00231_Z01,SEG_00231,LINCOLN TUNNEL ENTRANCE 9 AVE,Vegetated Buffer,1,9.999999999993976,13.735279157515443,18.684643990180884,False,True,False
SEG_00231_Z02,SEG_00231,LINCOLN TUNNEL ENTRANCE 9 AVE,Open Field,1,10.000000000003823,21.73237435990168,24.114704583534667,False,False,False
SEG_00232_Z01,SEG_00232,W 36 ST,Open Field,1,9.999999999990385,31.180882284572082,22.582315922503074,False,False,False
SEG_00233_Z01,SEG_00233,DYER AVE,Open Field,3,29.06157245239005,38.70437629862291,36.60528684185638,True,False,False
SEG_00234_Z01,SEG_00234,LINCOLN TUNNEL ENTRANCE,Vegetated Buffer,1,10.000000000002387,15.3309508000489,12.60770134102286,False,True,False
SEG_00234_Z02,SEG_00234,LINCOLN TUNNEL ENTRANCE,Exposed Edge,4,39.99999999999386,28.193813019839368,8.165951987388002,True,False,False
SEG_00234_Z03,SEG_00234,LINCOLN TUNNEL ENTRANCE,Screened Edge,1,10.00000000000275,20.392768780548444,8.724505952317422,False,True,False
SEG_00235_Z01,SEG_00235,LINCOLN TUNNEL EXIT,Open Field,9,88.47952092147135,33.48492267300223,31.180903432712096,True,False,False
SEG_00236_Z01,SEG_00236,LINCOLN TUNNEL ENTRANCE,Open Field,5,47.771994862059564,34.63457440906357,21.414290941633148,True,False,False
SEG_00237_Z01,SEG_00237,LINCOLN TUNNEL EXIT 36 STREET,Open Field,6,60.00000000000603,44.41754364213185,46.252635611353725,True,False,False
SEG_00238_Z01,SEG_00238,W 37 ST,Open Field,1,8.347874032078902,24.15788529937932,15.052710107099962,False,False,False
SEG_00239_Z01,SEG_00239,W 37 ST,Open Field,1,8.461360067827373,32.45339414686889,22.20096047958944,False,False,False
SEG_00240_Z01,SEG_00240,DYER AVE,Open Field,5,50.000000000000014,33.97405956843644,36.28325628190359,True,False,False
SEG_00241_Z01,SEG_00241,LINCOLN TUNNEL ENTRANCE,Vegetated Buffer,1,9.999999999997764,19.66974686562188,16.27619577231098,False,True,False
SEG_00241_Z02,SEG_00241,LINCOLN TUNNEL ENTRANCE,Open Field,1,10.000000000006834,22.424185908969527,24.8254440379409,False,False,False
SEG_00242_Z01,SEG_00242,W 37 ST,Open Field,1,9.99999999999892,41.63648918241011,30.729176942338178,False,False,False
SEG_00243_Z01,SEG_00243,LINCOLN TUNNEL ENTRANCE,Open Field,2,20.000000000010633,25.680981884339964,23.21618963177826,True,False,False
SEG_00244_Z01,SEG_00244,LINCOLN TUNNEL EXIT,Open Field,3,29.999999999987068,35.345176912002046,29.612682810951977,True,False,False
SEG_00245_Z01,SEG_00245,W 37 ST,Open Field,3,30.000000000001094,34.312224492841075,33.72221273638708,True,False,False
SEG_00246_Z01,SEG_00246,LINCOLN TUNNEL EXIT 36 STREET,Open Field,4,37.49074866274063,42.0155561022716,34.771217133680715,True,False,False
SEG_00247_Z01,SEG_00247,DYER AVE,Vegetated Buffer,2,19.999999999994756,19.19640079243394,16.54699847000503,True,True,True
SEG_00247_Z02,SEG_00247,DYER AVE,Open Field,6,58.14470420905077,48.34247709700643,16.172310515531475,True,False,False
SEG_00248_Z01,SEG_00248,W 37 ST,Vegetated Buffer,1,9.999999999997817,14.14765190284526,15.094926235735459,False,True,False
SEG_00248_Z02,SEG_00248,W 37 ST,Screened Edge,7,68.97385389455073,5.880048178965067,9.16532093185111,True,True,True
SEG_00249_Z01,SEG_00249,W 38 ST,Open Field,6,59.99999999999238,75.1927326091329,36.82745930533075,True,False,False
SEG_00250_Z01,SEG_00250,DYER AVE,Open Field,3,26.38504370655492,79.08286735244235,26.156537289482575,True,False,False
SEG_00251_Z01,SEG_00251,LINCOLN TUNNEL EXIT,Open Field,4,39.75321718855978,68.5529980208768,20.35630777579448,True,False,False
SEG_00252_Z01,SEG_00252,LINCOLN TUNNEL EXIT,Open Field,2,19.999999999999243,65.78494161722861,29.38287774131782,True,False,False
SEG_00253_Z01,SEG_00253,LINCOLN TUNNEL EXIT,Open Field,2,18.2328593484569,73.20272149595328,35.580817557926416,True,False,False
SEG_00254_Z01,SEG_00254,LINCOLN TUNNEL EXIT,Open Field,4,39.99999999999799,73.29456245676366,47.07870071825395,True,False,False
SEG_00255_Z01,SEG_00255,9 AVE,Vegetated Buffer,8,78.4762790176092,12.892790805427957,15.383319989808085,True,True,True
SEG_00256_Z01,SEG_00256,LINCOLN TUNNEL EXIT,Open Field,4,35.202474197354576,57.61259194291667,23.286658515627824,True,False,False
SEG_00257_Z01,SEG_00257,LINCOLN TUNNEL EXIT,Open Field,4,35.202440070168024,49.485568359641746,33.357967318101466,True,False,False
SEG_00258_Z01,SEG_00258,LINCOLN TUNNEL EXIT,Open Field,1,9.9999999999904,52.71206621952119,50.12027835703156,False,False,False
SEG_00259_Z01,SEG_00259,LINCOLN TUNNEL ENTRANCE,Open Field,5,45.19636902333596,48.2367589283106,13.939173169822633,True,False,False
SEG_00260_Z01,SEG_00260,LINCOLN TUNNEL ENTRANCE,Open Field,3,27.81096445408495,39.77078990712634,24.182598288020085,True,False,False
SEG_00261_Z01,SEG_00261,LINCOLN TUNNEL ENTRANCE,Open Field,3,27.810996540224743,45.9682747568691,45.61869080616726,True,False,False
SEG_00262_Z01,SEG_00262,W 39 ST,Vegetated Buffer,1,9.999999999992136,13.137173489257925,13.478883550945493,False,True,False
SEG_00262_Z02,SEG_00262,W 39 ST,Screened Edge,6,57.06585802201504,5.41243325857112,8.57567533345475,True,True,True
SEG_00263_Z01,SEG_00263,9 AVE,Vegetated Buffer,8,78.57897211166178,13.019831743401241,15.114248271632878,True,True,True
SEG_00264_Z01,SEG_00264,DYER AVE,Open Field,1,9.999999999996307,54.805942563913746,55.381803789642625,False,False,False
SEG_00265_Z01,SEG_00265,PATH BUS TRML ENTRANCE W 39 ST,Screened Edge,1,10.000000000001968,4.632704441232977,6.395840735754721,False,True,False
SEG_00266_Z01,SEG_00266,PATH BUS TRML ENTRANCE W 39 ST,Vegetated Buffer,1,10.000000000006297,15.92925611937509,13.49471514340163,False,True,False
SEG_00266_Z02,SEG_00266,PATH BUS TRML ENTRANCE W 39 ST,Open Field,1,7.367489898032366,25.857092036303552,22.97762039886244,False,False,False
SEG_00267_Z01,SEG_00267,W 39 ST,Screened Edge,1,10.000000000006986,6.531870948476744,9.008891895232477,False,True,False
SEG_00267_Z02,SEG_00267,W 39 ST,Vegetated Buffer,1,10.000000000006986,15.626439065055902,16.001641438501647,False,True,False
SEG_00267_Z03,SEG_00267,W 39 ST,Open Field,3,29.999999999989956,35.329970409955685,34.78305840351268,True,False,False
SEG_00268_Z01,SEG_00268,DYER AVE,Open Field,1,9.274277610412295,53.601518184054825,53.12196619083483,False,False,False
SEG_00269_Z01,SEG_00269,LINCOLN TUNNEL ENTRANCE,Open Field,2,17.66186550724085,61.6617093235439,61.05415351860502,True,False,False
SEG_00270_Z01,SEG_00270,W 36 ST,Vegetated Buffer,1,10.000000000005862,20.376389136468784,13.834749146721087,False,True,False
SEG_00270_Z02,SEG_00270,W 36 ST,Screened Edge,3,29.99999999998662,9.772468697667765,8.699188579081428,True,True,True
SEG_00271_Z01,SEG_00271,W 38 ST,Open Field,2,20.000000000007752,72.06596674337328,13.545599429038852,True,False,False
SEG_00271_Z02,SEG_00271,W 38 ST,Exposed Edge,2,19.999999999981185,55.30833113758461,9.00559248155299,True,False,False
SEG_00271_Z03,SEG_00271,W 38 ST,Open Field,1,10.00000000002151,40.53226359793534,10.477338234411425,False,False,False
SEG_00271_Z04,SEG_00271,W 38 ST,Exposed Edge,2,19.99999999997683,26.074264720424573,8.970765836409441,True,False,False
SEG_00271_Z05,SEG_00271,W 38 ST,Screened Edge,2,20.0000000000121,10.479835110759463,9.207009201551038,True,True,True
SEG_00272_Z01,SEG_00272,LINCOLN TUNNEL EXIT,Open Field,5,47.97516383910018,71.84567734366891,50.937452347008254,True,False,False
SEG_00273_Z01,SEG_00273,LINCOLN TUNNEL EXIT,Open Field,1,10.000000000010147,60.448016005416825,60.50925083242239,False,False,False
SEG_00274_Z01,SEG_00274,LINCOLN TUNNEL EXIT,Open Field,2,17.08443433181262,59.501712317815574,59.70829026569716,True,False,False
SEG_00275_Z01,SEG_00275,LINCOLN TUNNEL EXIT,Open Field,6,59.99999999999181,34.393447261891005,26.000858488021567,True,False,False
SEG_00276_Z01,SEG_00276,LINCOLN TUNNEL EXIT,Open Field,7,68.13024986032896,46.57040076424345,36.98566125504713,True,False,False
SEG_00277_Z01,SEG_00277,LINCOLN TUNNEL EXIT,Open Field,11,107.42690411272795,60.945125508108454,45.50128633525064,True,False,False
SEG_00278_Z01,SEG_00278,LINCOLN TUNNEL EXIT,Open Field,10,99.92923012931017,65.80347275120448,51.95286255458721,True,False,False
SEG_00279_Z01,SEG_00279,LINCOLN TUNNEL BUS EXIT,Open Field,10,100.00000000000577,69.17772414804386,57.45907023566409,True,False,False
SEG_00280_Z01,SEG_00280,PORT AUTHORITY BUS TERMINAL EN,Exposed Edge,1,9.999999999992928,24.514268205115354,8.980901459614897,False,False,False
SEG_00281_Z01,SEG_00281,PORT AUTHORITY BUS TERMINAL EN,Open Field,1,10.000000000009452,23.21047788924736,18.05881914051376,False,False,False
SEG_00282_Z01,SEG_00282,W 39 ST,Open Field,1,10.000000000003643,58.547540737753145,57.6654104187231,False,False,False
SEG_00283_Z01,SEG_00283,PORT AUTHORITY BUS TERMINAL EN,Open Field,3,27.20302038173571,42.53772601193311,40.32706937227142,True,False,False
SEG_00284_Z01,SEG_00284,DYER AVE,Open Field,1,10.000000000001698,53.60290346372865,52.36193731449583,False,False,False
SEG_00285_Z01,SEG_00285,LINCOLN TUNNEL BUS EXIT,Open Field,2,18.39759015024778,60.29616089991997,58.93132567497757,True,False,False
SEG_00286_Z01,SEG_00286,PORT AUTHORITY BUS TERMINAL EN,Open Field,5,49.091816833025206,37.066156070805995,29.478734180583082,True,False,False
SEG_00287_Z01,SEG_00287,DYER AVE,Open Field,1,8.5160804373721,55.42080964771018,52.73842381072535,False,False,False
SEG_00288_Z01,SEG_00288,9 AVE,Vegetated Buffer,3,29.999999999994635,14.79758762616973,15.036836555133645,True,True,True
SEG_00289_Z01,SEG_00289,PATH BUS TRML ENTRANCE DYER AVE,Open Field,5,49.99999999998934,39.233830935537114,36.30461530487888,True,False,False
SEG_00290_Z01,SEG_00290,PATH BUS TRML ENTRANCE DYER AVE,Screened Edge,1,10.000000000002304,16.424562729676477,9.717898772103037,False,True,False
SEG_00290_Z02,SEG_00290,PATH BUS TRML ENTRANCE DYER AVE,Exposed Edge,1,6.066548581472486,22.960892453343476,5.114056800125138,False,False,False
SEG_00291_Z01,SEG_00291,PATH BUS TRML ENTRANCE DYER AVE,Exposed Edge,2,16.06660783327478,28.683615352604363,4.996060770483257,True,False,False
SEG_00292_Z01,SEG_00292,PORT AUTHORITY BUS TERMINAL EN,Open Field,2,17.33523017685667,64.18599858240708,62.20704430639968,True,False,False
SEG_00293_Z01,SEG_00293,PORT AUTHORITY BUS TERMINAL EN,Open Field,2,17.335132390456195,78.23581065803963,67.30121286578836,True,False,False
SEG_00294_Z01,SEG_00294,DYER AVE,Open Field,2,18.76378883932238,60.924480595157156,53.37457492945049,True,False,False
SEG_00295_Z01,SEG_00295,PORT AUTHORITY BUS TERMINAL EN,Open Field,3,25.602384707197135,71.62223796196803,61.55766440326229,True,False,False
SEG_00296_Z01,SEG_00296,PORT AUTHORITY BUS TERMINAL RAMP,Vegetated Buffer,1,6.4481456999745035,15.664831321559356,11.9898464492656,False,True,False
SEG_00297_Z01,SEG_00297,W 40 ST,Vegetated Buffer,1,9.99999999999268,15.43858370498747,14.036854753678305,False,True,False
SEG_00297_Z02,SEG_00297,W 40 ST,Screened Edge,7,70.00000000001141,5.845340195556838,9.342684264833988,True,True,True
SEG_00297_Z03,SEG_00297,W 40 ST,Vegetated Buffer,1,10.00000000000693,15.025780586965265,12.74348592314571,False,True,False
SEG_00297_Z04,SEG_00297,W 40 ST,Open Field,3,29.99999999998543,34.45565524508995,30.160939751207618,True,False,False
SEG_00298_Z01,SEG_00298,PORT AUTHORITY BUS TERMINAL EN,Open Field,1,7.737289242847726,85.37478720970624,56.370950493810824,False,False,False
SEG_00299_Z01,SEG_00299,9 AVE,Vegetated Buffer,1,9.999999999996383,17.39383252989189,15.082124382873955,False,True,False
SEG_00300_Z01,SEG_00300,PORT AUTHORITY BUS TERMINAL EN,Open Field,1,7.731375051810746,22.66776897495785,11.629536993538524,False,False,False
SEG_00301_Z01,SEG_00301,DYER AVE,Open Field,2,20.000000000003386,57.93864407808564,54.095193735205044,True,False,False
SEG_00302_Z01,SEG_00302,PORT AUTHORITY BUS TERMINAL EN,Open Field,2,20.00000000000073,82.0612807278684,51.07931636527799,True,False,False
SEG_00303_Z01,SEG_00303,9 AVE,Open Field,1,8.121125650173715,25.539941264096562,15.197028087781455,False,False,False
SEG_00304_Z01,SEG_00304,W 39 ST,Open Field,10,96.927712565832,70.92390004584385,62.43424246425851,True,False,False
SEG_00305_Z01,SEG_00305,PORT AUTHORITY BUS TERMINAL EN,Open Field,5,47.569414337761664,90.00070144522536,67.63183412177776,True,False,False
SEG_00306_Z01,SEG_00306,LINCOLN TUNNEL ENTRANCE,Open Field,10,97.45387767703232,71.48623826170872,63.23667003624291,True,False,False
SEG_00307_Z01,SEG_00307,PORT AUTHORITY BUS TERMINAL EN,Open Field,4,39.99999999999047,65.29616556352444,56.31648156554321,True,False,False
SEG_00308_Z01,SEG_00308,PORT AUTHORITY BUS TERMINAL EXIT,Open Field,3,25.921779324840116,75.9898735368508,46.94263756965597,True,False,False
SEG_00309_Z01,SEG_00309,PORT AUTHORITY BUS TERMINAL EN,Open Field,1,7.090213958705959,68.30063017119839,51.44247713050564,False,False,False
SEG_00310_Z01,SEG_00310,PORT AUTHORITY BUS TERMINAL EN,Open Field,3,26.217659916995505,69.7617738223693,37.47974274370495,True,False,False
SEG_00311_Z01,SEG_00311,PORT AUTHORITY BUS TERMINAL EN,Open Field,2,19.999999999992532,56.5765998427065,58.45068620122797,True,False,False
SEG_00312_Z01,SEG_00312,PORT AUTHORITY BUS TERMINAL EN,Open Field,3,26.590653216615756,66.50374559647572,59.18970867124144,True,False,False
SEG_00313_Z01,SEG_00313,PORT AUTHORITY BUS TERMINAL EXIT,Open Field,5,49.878335994169156,56.10881459351344,51.36451000200178,True,False,False
SEG_00314_Z01,SEG_00314,W 38 ST,Open Field,1,10.000000000006914,103.29914642993923,12.497093207139354,False,False,False
SEG_00314_Z02,SEG_00314,W 38 ST,Exposed Edge,12,119.99999999999854,108.40013670244058,9.217632098279536,True,False,False
SEG_00314_Z03,SEG_00314,W 38 ST,Open Field,1,10.000000000006914,138.3380230443991,12.010496910138977,False,False,False
SEG_00315_Z01,SEG_00315,AVE OF THE AMERICAS,Open Field,8,78.31966360179032,79.08112766583764,15.108801098368609,True,False,False
SEG_00316_Z01,SEG_00316,BROADWAY,Open Field,8,80.0000000000019,65.3359678397966,15.829631622694198,True,False,False
SEG_00317_Z01,SEG_00317,W 39 ST,Open Field,1,9.999999999990655,72.63362508906395,14.455256227789622,False,False,False
SEG_00317_Z02,SEG_00317,W 39 ST,Exposed Edge,14,140.0000000000106,79.91925808488506,9.006695110344761,True,False,False
SEG_00318_Z01,SEG_00318,W 39 ST,Open Field,1,9.999999999993026,22.176457410101992,15.269985464242552,False,False,False
SEG_00318_Z02,SEG_00318,W 39 ST,Screened Edge,1,9.999999999997314,19.702191767223102,9.516962979715192,False,True,False
SEG_00318_Z03,SEG_00318,W 39 ST,Exposed Edge,9,90.00000000000794,54.821250006436216,9.174708672808404,True,False,False
SEG_00318_Z04,SEG_00318,W 39 ST,Open Field,1,9.999999999997314,91.21691595513926,13.43792181318271,False,False,False
SEG_00319_Z01,SEG_00319,W 40 ST,Open Field,1,10.000000000014177,103.67474130040718,13.997882732061976,False,False,False
SEG_00319_Z02,SEG_00319,W 40 ST,Exposed Edge,15,149.99999999999937,89.85475356181664,9.10767504404622,True,False,False
SEG_00319_Z03,SEG_00319,W 40 ST,Open Field,2,15.681339867208328,23.00975514788133,13.060995688813545,True,False,False
SEG_00320_Z01,SEG_00320,BROADWAY,Vegetated Buffer,8,80.0000000000046,12.240973675612963,15.175715391170192,True,True,True
SEG_00321_Z01,SEG_00321,7 AVE,Open Field,8,78.31335557449924,55.82338464384056,15.021986601492012,True,False,False
SEG_00322_Z01,SEG_00322,W 40 ST,Vegetated Buffer,1,10.000000000011866,20.41135930907642,17.229683861653786,False,True,False
SEG_00322_Z02,SEG_00322,W 40 ST,Open Field,1,9.999999999980814,23.181922793890923,10.869089939662107,False,False,False
SEG_00322_Z03,SEG_00322,W 40 ST,Exposed Edge,6,60.00000000001768,47.971831725101055,9.358066274601622,True,False,False
SEG_00322_Z04,SEG_00322,W 40 ST,Open Field,2,19.017227430605615,41.34255393966954,12.67851515466355,True,False,False
SEG_00323_Z01,SEG_00323,W 41 ST,Open Field,1,9.99999999998973,99.41402257993938,13.861910294424824,False,False,False
SEG_00323_Z02,SEG_00323,W 41 ST,Exposed Edge,18,179.9999999999962,116.11246358429213,9.351757337140064,True,False,False
SEG_00323_Z03,SEG_00323,W 41 ST,Open Field,1,7.083689690974924,100.5283279789906,15.327467950632798,False,False,False
SEG_00324_Z01,SEG_00324,BROADWAY,Open Field,8,80.00000000000414,59.46597278625032,15.432221360845382,True,False,False
SEG_00325_Z01,SEG_00325,7 AVE,Open Field,8,78.79432177226109,50.373235549415796,14.831816259555003,True,False,False
SEG_00326_Z01,SEG_00326,W 41 ST,Open Field,1,10.000000000008082,101.8695105749156,12.946334171530774,False,False,False
SEG_00326_Z02,SEG_00326,W 41 ST,Exposed Edge,5,49.999999999978264,101.51935110275062,9.423639821563295,True,False,False
SEG_00326_Z03,SEG_00326,W 41 ST,Open Field,2,17.84586880720884,83.98300447387882,13.394305309660538,True,False,False
SEG_00327_Z01,SEG_00327,W 42 ST,Open Field,22,220.00000000000034,116.84610770621542,15.309560412344632,True,False,False
SEG_00328_Z01,SEG_00328,BROADWAY,Open Field,9,88.15492059640795,144.23705996914853,15.770332121633954,True,False,False
SEG_00329_Z01,SEG_00329,7 AVE,Open Field,8,79.99999999999389,118.6359338646694,16.37687736122951,True,False,False
SEG_00330_Z01,SEG_00330,W 42 ST,Open Field,5,50.00000000000934,170.38860310241847,15.650626589720702,True,False,False
SEG_00331_Z01,SEG_00331,BROADWAY,Open Field,9,87.28506315273664,192.0121921848621,14.935139765128927,True,False,False
SEG_00332_Z01,SEG_00332,7 AVE,Open Field,9,85.55904814251214,191.27531958999714,14.365305744859638,True,False,False
SEG_00333_Z01,SEG_00333,W 42 ST,Open Field,27,269.9999999999982,115.34849795853873,15.529224426273993,True,False,False
SEG_00334_Z01,SEG_00334,W 38 ST,Open Field,1,9.999999999991433,37.537352705116206,13.18999358115552,False,False,False
SEG_00334_Z02,SEG_00334,W 38 ST,Exposed Edge,1,10.000000000022427,27.80965024146853,8.586612256209854,False,False,False
SEG_00334_Z03,SEG_00334,W 38 ST,Screened Edge,24,239.99999999999406,7.247590835911578,9.0373413564397,True,True,True
SEG_00334_Z04,SEG_00334,W 38 ST,Vegetated Buffer,1,9.999999999991433,12.262844305108269,11.362838499957999,False,True,False
SEG_00335_Z01,SEG_00335,W 40 ST,Open Field,1,10.000000000007873,27.45614425203125,13.44163091650663,False,False,False
SEG_00335_Z02,SEG_00335,W 40 ST,Screened Edge,5,49.99999999998168,9.516008738309171,9.473173779118088,True,True,True
SEG_00335_Z03,SEG_00335,W 40 ST,Exposed Edge,20,200.0000000000154,78.35283701797546,8.82945555846545,True,False,False
SEG_00335_Z04,SEG_00335,W 40 ST,Open Field,1,10.000000000007873,37.919484685400576,11.802399044155134,False,False,False
SEG_00336_Z01,SEG_00336,8 AVE,Open Field,8,78.73648339703482,48.41572406143683,15.275007694812345,True,False,False
SEG_00337_Z01,SEG_00337,W 39 ST,Open Field,1,10.00000000001482,76.332483156638,13.78763261716023,False,False,False
SEG_00337_Z02,SEG_00337,W 39 ST,Exposed Edge,9,89.99999999998774,58.719286296224105,9.070977844605968,True,False,False
SEG_00337_Z03,SEG_00337,W 39 ST,Screened Edge,16,159.99999999998977,8.013105283396564,9.088018555011532,True,True,True
SEG_00337_Z04,SEG_00337,W 39 ST,Vegetated Buffer,1,10.000000000010521,19.124769430548085,10.651065575191572,False,True,False
SEG_00338_Z01,SEG_00338,W 41 ST,Open Field,1,10.00000000001549,78.67014778783066,13.056903692921102,False,False,False
SEG_00338_Z02,SEG_00338,W 41 ST,Exposed Edge,23,229.99999999998482,103.97007881835184,9.49017323386351,True,False,False
SEG_00338_Z03,SEG_00338,W 41 ST,Open Field,3,30.000000000011134,87.85727183618212,13.677412529258879,True,False,False
SEG_00339_Z01,SEG_00339,8 AVE,Open Field,8,78.37075074582239,48.40734735886118,14.946361789000587,True,False,False
SEG_00340_Z01,SEG_00340,W 40 ST,Open Field,1,9.999999999991848,24.043252001185312,13.238076393515636,False,False,False
SEG_00340_Z02,SEG_00340,W 40 ST,Screened Edge,6,60.00000000001747,8.269079086598962,8.71617249853697,True,True,True
SEG_00340_Z03,SEG_00340,W 40 ST,Exposed Edge,1,9.999999999996144,21.537839477770103,8.614806864331154,False,False,False
SEG_00340_Z04,SEG_00340,W 40 ST,Screened Edge,18,179.9999999999946,7.513030593740306,8.34077844836209,True,True,True
SEG_00340_Z05,SEG_00340,W 40 ST,Vegetated Buffer,1,9.999999999991848,18.220437162830155,10.192380839805955,False,True,False
SEG_00341_Z01,SEG_00341,8 AVE,Open Field,8,79.99999999999557,64.11824361316243,15.143099634486878,True,False,False
SEG_00342_Z01,SEG_00342,W 41 ST,Exposed Edge,15,150.0000000000032,66.79936038989028,1.7039681651663514,True,False,False
SEG_00342_Z02,SEG_00342,W 41 ST,Screened Edge,4,40.000000000007034,11.649196839003912,7.68213785748763,True,True,True
SEG_00342_Z03,SEG_00342,W 41 ST,Exposed Edge,3,29.99999999998209,26.70705981798608,7.31557655011234,True,False,False
SEG_00342_Z04,SEG_00342,W 41 ST,Screened Edge,4,39.99999999999324,10.942953684996823,7.715324780496319,True,True,True
SEG_00342_Z05,SEG_00342,W 41 ST,Vegetated Buffer,1,10.00000000001069,16.267504250966223,10.574182162673262,False,True,False
SEG_00343_Z01,SEG_00343,8 AVE,Open Field,9,85.62115334933632,50.19745964458267,15.685278189874323,True,False,False
SEG_00344_Z01,SEG_00344,W 43 ST,Open Field,1,9.999999999987208,192.65725984556212,12.091070621162144,False,False,False
SEG_00344_Z02,SEG_00344,W 43 ST,Exposed Edge,2,20.000000000005397,198.9444109392313,9.555832025904941,True,False,False
SEG_00345_Z01,SEG_00345,BROADWAY,Open Field,8,80.0000000000024,172.5268560008805,12.63389162411469,True,False,False
SEG_00346_Z01,SEG_00346,7 AVE,Open Field,8,79.2921048488925,158.72648819717762,13.439854392110735,True,False,False
SEG_00347_Z01,SEG_00347,W 44 ST,Open Field,2,18.713945768839274,136.1709127450609,20.92064945488326,True,False,False
SEG_00348_Z01,SEG_00348,W 43 ST,Open Field,1,10.000000000009232,188.6594001222974,13.867907599069813,False,False,False
SEG_00348_Z02,SEG_00348,W 43 ST,Exposed Edge,17,169.9999999999984,103.19079992851293,9.155735678318946,True,False,False
SEG_00348_Z03,SEG_00348,W 43 ST,Screened Edge,6,59.999999999980425,9.74581067155296,8.887784315625817,True,True,True
SEG_00348_Z04,SEG_00348,W 43 ST,Exposed Edge,2,20.000000000014168,34.62158532403772,8.773835067928678,True,False,False
SEG_00348_Z05,SEG_00348,W 43 ST,Open Field,1,10.000000000009232,49.528518092074265,10.82471726229295,False,False,False
SEG_00349_Z01,SEG_00349,W 44 ST,Open Field,1,9.999999999987907,125.62213572235098,12.835106354273348,False,False,False
SEG_00349_Z02,SEG_00349,W 44 ST,Exposed Edge,7,70.00000000000847,100.97847132560467,8.899475191208971,True,False,False
SEG_00349_Z03,SEG_00349,W 44 ST,Open Field,1,9.999999999987907,85.05698729007555,10.795398417972589,False,False,False
SEG_00349_Z04,SEG_00349,W 44 ST,Exposed Edge,2,20.000000000006853,84.15618872870073,9.023595178204388,True,False,False
SEG_00350_Z01,SEG_00350,BROADWAY,Open Field,8,79.99999999999476,119.0973824880462,15.522558358887208,True,False,False
SEG_00351_Z01,SEG_00351,7 AVE,Open Field,8,80.00000000000917,110.34479386618837,15.397153308573955,True,False,False
SEG_00352_Z01,SEG_00352,SHUBERT ALY,Exposed Edge,6,60.00000000000167,54.3965490750582,6.125227787935117,True,False,False
SEG_00352_Z02,SEG_00352,SHUBERT ALY,Screened Edge,2,19.99999999999492,15.264939050065045,6.746408017848017,True,True,True
SEG_00353_Z01,SEG_00353,W 44 ST,Exposed Edge,15,149.99999999999224,80.1861503968269,9.126717097408706,True,False,False
SEG_00353_Z02,SEG_00353,W 44 ST,Open Field,1,10.000000000010452,75.85103588006962,12.074596955389714,False,False,False
SEG_00354_Z01,SEG_00354,W 43 ST,Vegetated Buffer,1,10.000000000004281,18.794903547056844,13.42739581683635,False,True,False
SEG_00354_Z02,SEG_00354,W 43 ST,Screened Edge,4,39.999999999990365,6.896307088631839,9.46270215500595,True,True,True
SEG_00354_Z03,SEG_00354,W 43 ST,Vegetated Buffer,1,10.000000000008574,14.051220872669935,9.969818150548784,False,True,False
SEG_00354_Z04,SEG_00354,W 43 ST,Exposed Edge,17,169.99999999999682,101.32599533598581,9.190792638153807,True,False,False
SEG_00354_Z05,SEG_00354,W 43 ST,Open Field,1,9.563330331286558,183.82980342385443,11.854834916445528,False,False,False
SEG_00355_Z01,SEG_00355,AVE OF THE AMERICAS,Open Field,7,70.00000000000875,30.404419073239865,16.31043640201608,True,False,False
SEG_00355_Z02,SEG_00355,AVE OF THE AMERICAS,Vegetated Buffer,1,9.951888718462978,16.902814278262948,16.887393131884338,False,True,False
SEG_00356_Z01,SEG_00356,W 44 ST,Vegetated Buffer,1,10.000000000014198,20.015107101226686,13.549244904692307,False,True,False
SEG_00356_Z02,SEG_00356,W 44 ST,Screened Edge,3,29.9999999999848,7.8416643782557,9.378125920607788,True,True,True
SEG_00356_Z03,SEG_00356,W 44 ST,Vegetated Buffer,1,10.000000000018495,7.9403150035222305,10.02867869500271,False,True,False
SEG_00356_Z04,SEG_00356,W 44 ST,Screened Edge,4,39.999999999999005,11.633094442525392,8.84965752201628,True,True,True
SEG_00356_Z05,SEG_00356,W 44 ST,Exposed Edge,16,160.0000000000003,101.47384710397858,8.872547228755082,True,False,False
SEG_00356_Z06,SEG_00356,W 44 ST,Open Field,1,6.079449515183429,145.0231503041324,16.449455649197645,False,False,False
SEG_00357_Z01,SEG_00357,AVE OF THE AMERICAS,Vegetated Buffer,8,78.54404266047597,14.615872698294117,15.362406164111732,True,True,True
SEG_00358_Z01,SEG_00358,W 45 ST,Vegetated Buffer,5,49.99999999999709,5.838198079708132,12.493955037360669,True,True,True
SEG_00358_Z02,SEG_00358,W 45 ST,Screened Edge,6,60.000000000007894,11.765365247425871,8.747010773312303,True,True,True
SEG_00358_Z03,SEG_00358,W 45 ST,Exposed Edge,2,20.00000000000863,32.41251032104868,8.721216346419737,True,False,False
SEG_00358_Z04,SEG_00358,W 45 ST,Open Field,2,19.999999999981984,52.01228847655982,10.229470170848863,True,False,False
SEG_00358_Z05,SEG_00358,W 45 ST,Exposed Edge,11,110.00000000000497,108.87437054306245,8.095282048905077,True,False,False
SEG_00358_Z06,SEG_00358,W 45 ST,Open Field,1,10.000000000002148,107.95135679733716,10.27494564931537,False,False,False
SEG_00359_Z01,SEG_00359,AVE OF THE AMERICAS,Vegetated Buffer,1,10.000000000004013,18.753185653626474,16.546169363507794,False,True,False
SEG_00359_Z02,SEG_00359,AVE OF THE AMERICAS,Open Field,7,69.9999999999921,46.34418226041451,15.980725280807821,True,False,False
SEG_00360_Z01,SEG_00360,W 46 ST,Vegetated Buffer,7,70.0000000000066,7.220681142802952,12.288732810618942,True,True,True
SEG_00360_Z02,SEG_00360,W 46 ST,Screened Edge,2,19.99999999998356,9.007166559229189,8.489081539009756,True,True,True
SEG_00360_Z03,SEG_00360,W 46 ST,Exposed Edge,17,170.000000000026,98.20926527813398,9.092604949426812,True,False,False
SEG_00360_Z04,SEG_00360,W 46 ST,Open Field,1,9.999999999989619,132.08976681918884,10.630174231238659,False,False,False
SEG_00361_Z01,SEG_00361,W 47 ST,Open Field,7,69.99999999998722,75.98300858282616,10.84999644049412,True,False,False
SEG_00361_Z02,SEG_00361,W 47 ST,Exposed Edge,19,190.00000000002154,117.92186117107526,8.552227303422566,True,False,False
SEG_00361_Z03,SEG_00361,W 47 ST,Open Field,1,9.999999999989894,125.80638652246269,10.008965330643948,False,False,False
SEG_00362_Z01,SEG_00362,7 AVE,Open Field,8,78.42428542830744,124.70642292039952,12.623314342309609,True,False,False
SEG_00363_Z01,SEG_00363,W 48 ST,Open Field,14,139.9999999999919,88.25023195471438,15.616912908248052,True,False,False
SEG_00363_Z02,SEG_00363,W 48 ST,Exposed Edge,12,120.00000000001093,94.59675955657349,9.055383303391862,True,False,False
SEG_00363_Z03,SEG_00363,W 48 ST,Open Field,1,10.000000000006008,86.86258493116556,10.661605839675417,False,False,False
SEG_00364_Z01,SEG_00364,PORT AUTHORITY BUS TERMINAL EXIT,Open Field,1,7.510878901484254,36.87365628853568,11.134454138926923,False,False,False
SEG_00365_Z01,SEG_00365,9 AVE,Open Field,2,20.000000000008246,30.9940687299372,15.887115659388325,True,False,False
SEG_00366_Z01,SEG_00366,W 42 ST,Open Field,2,19.999999999986084,27.521468350112137,16.46745954292013,True,False,False
SEG_00366_Z02,SEG_00366,W 42 ST,Vegetated Buffer,4,39.99999999999892,13.718563549701944,14.939239901044042,True,True,True
SEG_00366_Z03,SEG_00366,W 42 ST,Open Field,5,50.00000000002945,37.012724978197966,15.106994737475452,True,False,False
SEG_00366_Z04,SEG_00366,W 42 ST,Vegetated Buffer,15,149.99999999998232,10.45745466294032,15.192178680615841,True,True,True
SEG_00366_Z05,SEG_00366,W 42 ST,Open Field,1,9.999999999990894,21.154706940322633,16.40547980433629,False,False,False
SEG_00367_Z01,SEG_00367,9 AVE,Vegetated Buffer,7,70.00000000000674,11.89474917424293,15.549132799597185,True,True,True
SEG_00367_Z02,SEG_00367,9 AVE,Open Field,1,6.415318966098887,21.35780083487712,21.000184074045936,False,False,False
SEG_00368_Z01,SEG_00368,8 AVE,Open Field,8,79.50045085376962,66.36979251372765,15.314644632718293,True,False,False
SEG_00369_Z01,SEG_00369,W 43 ST,Open Field,1,10.000000000000037,63.58073183288498,13.585259797154544,False,False,False
SEG_00369_Z02,SEG_00369,W 43 ST,Exposed Edge,7,70.00000000001316,56.99809951194481,8.850737917603583,True,False,False
SEG_00369_Z03,SEG_00369,W 43 ST,Screened Edge,18,179.99999999999974,7.830587908156748,9.181827420821863,True,True,True
SEG_00369_Z04,SEG_00369,W 43 ST,Vegetated Buffer,1,10.00000000000434,16.119503302186157,10.561556975816211,False,True,False
SEG_00370_Z01,SEG_00370,9 AVE,Open Field,1,10.000000000004963,20.660281161456147,18.462785872719202,False,False,False
SEG_00370_Z02,SEG_00370,9 AVE,Vegetated Buffer,7,69.99999999998877,12.047185853960357,15.103304833861491,True,True,True
SEG_00370_Z03,SEG_00370,9 AVE,Open Field,1,5.864310090306835,22.170357477448782,17.062933609684784,False,False,False
SEG_00371_Z01,SEG_00371,8 AVE,Open Field,8,79.76546097472365,43.06052387384967,15.398264821391443,True,False,False
SEG_00372_Z01,SEG_00372,W 44 ST,Open Field,1,9.999999999999355,63.59433311283395,13.974026605360987,False,False,False
SEG_00372_Z02,SEG_00372,W 44 ST,Exposed Edge,4,39.99999999999742,38.68159701068552,9.190460033181374,True,False,False
SEG_00372_Z03,SEG_00372,W 44 ST,Screened Edge,4,39.99999999999742,10.874258176900993,9.094532859438415,True,True,True
SEG_00372_Z04,SEG_00372,W 44 ST,Exposed Edge,2,19.99999999999871,24.179128008747607,9.046383486902585,True,False,False
SEG_00372_Z05,SEG_00372,W 44 ST,Screened Edge,15,149.9999999999946,7.179523967819864,9.004633939056639,True,True,True
SEG_00372_Z06,SEG_00372,W 44 ST,Vegetated Buffer,1,9.999999999999355,16.58788576242812,10.776859824257272,False,True,False
SEG_00373_Z01,SEG_00373,9 AVE,Vegetated Buffer,7,69.99999999999955,12.537006525540862,14.807390214580542,True,True,True
SEG_00373_Z02,SEG_00373,9 AVE,Open Field,1,9.133192233740532,20.720310691081096,15.890265892192533,False,False,False
SEG_00374_Z01,SEG_00374,W 45 ST,Open Field,2,20.000000000011813,89.58305401545798,16.234425222093634,True,False,False
SEG_00374_Z02,SEG_00374,W 45 ST,Exposed Edge,6,59.999999999977774,49.62370480933337,7.981114057940875,True,False,False
SEG_00374_Z03,SEG_00374,W 45 ST,Screened Edge,3,30.000000000000064,8.686080419880563,7.540792140351459,True,True,True
SEG_00375_Z01,SEG_00375,7 AVE,Open Field,8,78.35524762506161,110.04073709911302,13.419557668457434,True,False,False
SEG_00376_Z01,SEG_00376,BROADWAY,Open Field,8,80.00000000000382,97.27499337819647,16.080543083887314,True,False,False
SEG_00377_Z01,SEG_00377,W 46 ST,Open Field,3,27.81447660786237,116.11555143155863,20.58270477867676,True,False,False
SEG_00378_Z01,SEG_00378,W 45 ST,Screened Edge,3,30.000000000014158,5.786429494054904,7.778158187526479,True,True,True
SEG_00378_Z02,SEG_00378,W 45 ST,Exposed Edge,5,49.999999999995225,33.353694938082285,8.117723922667768,True,False,False
SEG_00378_Z03,SEG_00378,W 45 ST,Open Field,1,10.000000000006127,21.359139794946035,10.320120417021922,False,False,False
SEG_00378_Z04,SEG_00378,W 45 ST,Vegetated Buffer,4,39.99999999998909,11.11065165933858,10.091038192365492,True,True,True
SEG_00378_Z05,SEG_00378,W 45 ST,Exposed Edge,2,20.000000000008026,34.160670174340176,9.793690553774777,True,False,False
SEG_00378_Z06,SEG_00378,W 45 ST,Open Field,1,9.999999999974937,29.422743393411547,13.130121888080135,False,False,False
SEG_00379_Z01,SEG_00379,BROADWAY,Open Field,3,29.999999999999858,104.45738981564784,14.152711292773995,True,False,False
SEG_00379_Z02,SEG_00379,BROADWAY,Exposed Edge,3,29.999999999999897,86.1674362243633,3.8596091462279123,True,False,False
SEG_00379_Z03,SEG_00379,BROADWAY,Open Field,2,20.000000000005652,74.91562870218058,13.078977982814948,True,False,False
SEG_00380_Z01,SEG_00380,W 46 ST,Open Field,1,10.00000000001384,103.05267115350924,12.317144365036746,False,False,False
SEG_00380_Z02,SEG_00380,W 46 ST,Exposed Edge,21,209.99999999997553,70.02824977112707,8.80292936558183,True,False,False
SEG_00380_Z03,SEG_00380,W 46 ST,Screened Edge,2,20.000000000000995,16.611892612655947,8.822666556147865,True,True,True
SEG_00380_Z04,SEG_00380,W 46 ST,Vegetated Buffer,1,10.00000000001384,15.91145131978378,13.232156083297001,False,True,False
SEG_00381_Z01,SEG_00381,8 AVE,Open Field,6,59.99999999999326,29.53009271528282,14.854008871512475,True,False,False
SEG_00381_Z02,SEG_00381,8 AVE,Vegetated Buffer,2,19.807902474439054,18.593075344316084,14.89027007929344,True,True,True
SEG_00382_Z01,SEG_00382,W 47 ST,Open Field,1,10.00000000000681,67.06417530810643,10.96131741192454,False,False,False
SEG_00382_Z02,SEG_00382,W 47 ST,Exposed Edge,4,39.999999999987615,42.30916302396869,9.129336979001103,True,False,False
SEG_00382_Z03,SEG_00382,W 47 ST,Screened Edge,7,70.00000000000804,12.132251885100244,9.010322813707322,True,True,True
SEG_00382_Z04,SEG_00382,W 47 ST,Exposed Edge,10,99.99999999999315,45.097509917028745,8.831688184144742,True,False,False
SEG_00382_Z05,SEG_00382,W 47 ST,Open Field,1,8.99596280559597,26.055870126534206,14.000492547584546,False,False,False
SEG_00383_Z01,SEG_00383,8 AVE,Vegetated Buffer,6,60.00000000000094,15.009069631605612,15.160172964045243,True,True,True
SEG_00383_Z02,SEG_00383,8 AVE,Open Field,2,18.154089142901004,23.692502581045296,15.46043638951447,True,False,False
SEG_00384_Z01,SEG_00384,W 47 STREET BIKE PATH,Open Field,1,10.000000000010749,75.8449474767778,15.596797038932609,False,False,False
SEG_00384_Z02,SEG_00384,W 47 STREET BIKE PATH,Exposed Edge,3,29.999999999988308,95.55732321248264,6.423163694355367,True,False,False
SEG_00384_Z03,SEG_00384,W 47 STREET BIKE PATH,Open Field,1,9.205644522924729,115.32388227126815,12.715403528676283,False,False,False
SEG_00385_Z01,SEG_00385,W 47 ST,Open Field,1,10.000000000006159,113.74212753753606,13.049770995750505,False,False,False
SEG_00385_Z02,SEG_00385,W 47 ST,Exposed Edge,2,19.999999999981306,98.77393603224598,9.417522765905124,True,False,False
SEG_00385_Z03,SEG_00385,W 47 ST,Open Field,2,16.820996291699437,78.83457967919736,13.464582257148702,True,False,False
SEG_00386_Z01,SEG_00386,7 AVE,Open Field,8,79.99999999999369,113.8130902505289,14.0536403156676,True,False,False
SEG_00387_Z01,SEG_00387,BROADWAY,Open Field,8,80.00000000000824,76.46725554251105,13.692282246209514,True,False,False
SEG_00388_Z01,SEG_00388,W 49 ST,Open Field,12,120.00000000000962,73.36082939338615,23.37668850412889,True,False,False
SEG_00388_Z02,SEG_00388,W 49 ST,Exposed Edge,5,49.99999999997549,79.48617197100246,8.82933037322962,True,False,False
SEG_00388_Z03,SEG_00388,W 49 ST,Open Field,1,10.000000000013765,56.52317420949753,9.991718318764661,False,False,False
SEG_00388_Z04,SEG_00388,W 49 ST,Exposed Edge,3,30.000000000010186,36.67912524861223,8.891967657181503,True,False,False
SEG_00388_Z05,SEG_00388,W 49 ST,Screened Edge,5,50.0000000000066,10.771901396189282,8.31299322783405,True,True,True
SEG_00388_Z06,SEG_00388,W 49 ST,Open Field,1,9.999999999982652,24.8544304297959,10.357093782831353,False,False,False
SEG_00389_Z01,SEG_00389,W 48 ST,Open Field,1,9.999999999993904,84.80933404910344,14.322986675360028,False,False,False
SEG_00389_Z02,SEG_00389,W 48 ST,Exposed Edge,4,40.00000000000256,75.94617831044694,9.642416545205181,True,False,False
SEG_00389_Z03,SEG_00389,W 48 ST,Open Field,1,9.999999999993904,66.73496933560116,13.411612398039038,False,False,False
SEG_00390_Z01,SEG_00390,7 AVE,Open Field,7,69.99999999999817,52.58848402502725,15.138546805470709,True,False,False
SEG_00390_Z02,SEG_00390,7 AVE,Vegetated Buffer,1,7.9381744573044735,20.012601663611036,16.052574579175033,False,True,False
SEG_00391_Z01,SEG_00391,BROADWAY,Open Field,5,50.00000000000386,41.028124138873586,14.587234877822302,True,False,False
SEG_00391_Z02,SEG_00391,BROADWAY,Vegetated Buffer,3,30.00000000000232,10.1754720320073,12.622304070138249,True,True,True
SEG_00392_Z01,SEG_00392,W 50 ST,Open Field,1,9.999999999992562,26.07072525957027,22.78216030771776,False,False,False
SEG_00392_Z02,SEG_00392,W 50 ST,Vegetated Buffer,11,110.00000000000607,6.843841929069874,18.789265310933946,True,True,True
SEG_00392_Z03,SEG_00392,W 50 ST,Screened Edge,4,40.00000000000989,7.59628848336418,8.952252428727116,True,True,True
SEG_00392_Z04,SEG_00392,W 50 ST,Exposed Edge,5,50.00000000000245,31.924554748224317,8.775221956439804,True,False,False
SEG_00392_Z05,SEG_00392,W 50 ST,Screened Edge,5,49.99999999997571,12.220085178118195,8.912141331762212,True,True,True
SEG_00392_Z06,SEG_00392,W 50 ST,Open Field,1,10.00000000002361,24.99968596330865,11.189608407352178,False,False,False
SEG_00393_Z01,SEG_00393,W 49 ST,Vegetated Buffer,1,10.000000000000167,14.208992463647315,13.052120490835252,False,True,False
SEG_00393_Z02,SEG_00393,W 49 ST,Screened Edge,5,49.99999999998773,6.843725588707147,8.488394100761479,True,True,True
SEG_00393_Z03,SEG_00393,W 49 ST,Vegetated Buffer,2,15.80388298550854,13.961093023202732,13.696276617679308,True,True,True
SEG_00394_Z01,SEG_00394,W 45 ST,Vegetated Buffer,1,10.000000000006807,17.473748990903037,13.171893492590712,False,True,False
SEG_00394_Z02,SEG_00394,W 45 ST,Screened Edge,25,250.00000000000398,5.942677994805252,8.895855590897403,True,True,True
SEG_00394_Z03,SEG_00394,W 45 ST,Vegetated Buffer,1,9.999999999975726,17.141357324839955,11.010348738973194,False,True,False
SEG_00395_Z01,SEG_00395,9 AVE,Vegetated Buffer,8,79.32763396547402,12.482938020137702,14.941599792475133,True,True,True
SEG_00396_Z01,SEG_00396,W 44 ST,Vegetated Buffer,1,10.000000000005091,17.80237119081291,13.227593044828943,False,True,False
SEG_00396_Z02,SEG_00396,W 44 ST,Screened Edge,21,205.56658824090624,7.242519584986742,9.325834115819319,True,True,True
SEG_00397_Z01,SEG_00397,W 46 ST,Vegetated Buffer,1,9.999999999998925,13.915747392846093,13.170108125212751,False,True,False
SEG_00397_Z02,SEG_00397,W 46 ST,Screened Edge,2,20.000000000002178,6.354406438833824,8.221740288795402,True,True,True
SEG_00397_Z03,SEG_00397,W 46 ST,Vegetated Buffer,1,10.00000000000325,3.4120760031449744,10.016228560797261,False,True,False
SEG_00397_Z04,SEG_00397,W 46 ST,Screened Edge,10,100.00000000000223,5.4773252250552655,9.138588450985148,True,True,True
SEG_00397_Z05,SEG_00397,W 46 ST,Vegetated Buffer,1,10.00000000000325,6.190920889764138,10.209164249403148,False,True,False
SEG_00397_Z06,SEG_00397,W 46 ST,Screened Edge,12,119.99999999997343,5.203334936336581,8.299537163479458,True,True,True
SEG_00398_Z01,SEG_00398,9 AVE,Vegetated Buffer,8,79.99999999999477,11.716643880506712,14.979749163824712,True,True,True
SEG_00399_Z01,SEG_00399,W 45 ST,Vegetated Buffer,1,9.999999999990834,15.260845919595278,13.16482269419974,False,True,False
SEG_00399_Z02,SEG_00399,W 45 ST,Screened Edge,19,186.82976691715442,9.2673739753531,8.767903192512422,True,True,True
SEG_00400_Z01,SEG_00400,W 47 ST,Vegetated Buffer,1,9.999999999998172,17.256989499104726,13.72416215432697,False,True,False
SEG_00400_Z02,SEG_00400,W 47 ST,Screened Edge,26,260.00000000000244,6.265531541632507,8.761144213398005,True,True,True
SEG_00401_Z01,SEG_00401,9 AVE,Vegetated Buffer,7,70.00000000000226,11.485294887677535,14.582449392030258,True,True,True
SEG_00401_Z02,SEG_00401,9 AVE,Open Field,1,7.734603708243467,22.95652580918781,15.587875267345547,False,False,False
SEG_00402_Z01,SEG_00402,W 46 ST,Vegetated Buffer,1,10.000000000001194,16.483409635995358,13.02771829485507,False,True,False
SEG_00402_Z02,SEG_00402,W 46 ST,Screened Edge,16,159.99999999999318,3.788722934762449,8.090669386898174,True,True,True
SEG_00403_Z01,SEG_00403,W 48 ST,Open Field,1,9.999999999986354,24.133211572154952,13.747098684392874,False,False,False
SEG_00403_Z02,SEG_00403,W 48 ST,Screened Edge,13,130.00000000000844,8.061792676256509,9.155222344505571,True,True,True
SEG_00403_Z03,SEG_00403,W 48 ST,Vegetated Buffer,1,10.00000000001752,5.876877977945498,10.43570872125193,False,True,False
SEG_00403_Z04,SEG_00403,W 48 ST,Screened Edge,11,109.99999999997867,6.010858181917982,8.779794277313272,True,True,True
SEG_00403_Z05,SEG_00403,W 48 ST,Vegetated Buffer,1,10.000000000021814,13.603667480814304,10.036096343954853,False,True,False
SEG_00404_Z01,SEG_00404,7 AVE,Vegetated Buffer,2,20.000000000003574,19.153979815931724,15.430835505855267,True,True,True
SEG_00404_Z02,SEG_00404,7 AVE,Open Field,6,60.00000000000117,34.681055482787016,15.343784718947077,True,False,False
SEG_00405_Z01,SEG_00405,BROADWAY,Vegetated Buffer,8,79.99999999999464,9.96677050497273,13.221648949859038,True,True,True
SEG_00406_Z01,SEG_00406,W 50 ST,Open Field,1,9.999999999995547,38.400849758288324,12.86512176883536,False,False,False
SEG_00406_Z02,SEG_00406,W 50 ST,Exposed Edge,5,49.999999999995985,38.75614842974957,8.68523712840423,True,False,False
SEG_00406_Z03,SEG_00406,W 50 ST,Screened Edge,1,9.999999999995547,15.962121040817424,9.781245292047341,False,True,False
SEG_00406_Z04,SEG_00406,W 50 ST,Vegetated Buffer,1,5.8454166797670055,13.610819612083905,16.772239483526956,False,True,False
SEG_00407_Z01,SEG_00407,7 AVE,Open Field,8,79.34566079643025,43.33002929155616,14.823914637607398,True,False,False
SEG_00408_Z01,SEG_00408,W 51 ST,Screened Edge,10,99.99999999999933,9.053710899523928,9.584799521519932,True,True,True
SEG_00408_Z02,SEG_00408,W 51 ST,Open Field,1,9.999999999995218,28.007499206756208,13.705077939352767,False,False,False
SEG_00409_Z01,SEG_00409,BROADWAY,Vegetated Buffer,1,10.00000000000136,18.698858006232072,15.793547145906638,False,True,False
SEG_00409_Z02,SEG_00409,BROADWAY,Open Field,7,69.63938993873462,56.20018043983372,14.943139967577943,True,False,False
SEG_00410_Z01,SEG_00410,W 51 ST,Open Field,1,10.000000000015119,38.496625275089684,13.044623262596456,False,False,False
SEG_00410_Z02,SEG_00410,W 51 ST,Exposed Edge,6,59.9999999999847,64.83193847510358,8.99545599438791,True,False,False
SEG_00410_Z03,SEG_00410,W 51 ST,Open Field,1,9.302338826395903,66.9977310872711,13.592804920925873,False,False,False
SEG_00411_Z01,SEG_00411,7 AVE,Open Field,8,79.35388170062178,32.845444104363466,15.580998295550874,True,False,False
SEG_00412_Z01,SEG_00412,BROADWAY,Open Field,5,50.000000000006956,41.99629953757669,15.038724527695473,True,False,False
SEG_00412_Z02,SEG_00412,BROADWAY,Vegetated Buffer,3,29.43987808590296,8.647914028508133,15.461195029569732,True,True,True
SEG_00413_Z01,SEG_00413,W 51 ST,Open Field,1,10.000000000011946,67.13199219612149,13.945126029455807,False,False,False
SEG_00413_Z02,SEG_00413,W 51 ST,Exposed Edge,17,169.99999999998911,70.78025067972976,9.08366515724822,True,False,False
SEG_00413_Z03,SEG_00413,W 51 ST,Open Field,1,10.000000000011946,33.79048119292591,10.672392159409952,False,False,False
SEG_00414_Z01,SEG_00414,PORT AUTHORITY BUS TERMINAL EXIT,Open Field,1,7.7191520563675375,30.081952045895385,11.423870749293329,False,False,False
SEG_00415_Z01,SEG_00415,PORT AUTHORITY BUS TERMINAL EN,Open Field,1,10.000000000002313,88.05535570531205,47.66274284610941,False,False,False
SEG_00416_Z01,SEG_00416,PORT AUTHORITY BUS TERMINAL EN,Open Field,2,19.156699079330288,82.65909428852046,45.494694223395655,True,False,False
SEG_00417_Z01,SEG_00417,PATH BUS TRML ENTRANCE DYER AVE,Open Field,2,20.000000000002036,64.02053662484673,45.45602855302674,True,False,False
SEG_00418_Z01,SEG_00418,PORT AUTHORITY BUS TERMINAL EXIT,Open Field,1,9.99999999998522,82.2237489758666,39.16303482378699,False,False,False
SEG_00419_Z01,SEG_00419,9 AVE,Open Field,1,10.000000000001048,34.04194021953638,15.054670723208647,False,False,False
SEG_00420_Z01,SEG_00420,PORT AUTHORITY BUS TERMINAL RAMP,Open Field,2,15.5951513629266,46.37560030930369,36.35586417722284,True,False,False
SEG_00421_Z01,SEG_00421,PORT AUTHORITY BUS TERMINAL RAMP,Open Field,2,15.59515251521334,38.76137843341954,25.396760477765184,True,False,False
SEG_00422_Z01,SEG_00422,PORT AUTHORITY BUS TERMINAL RAMP,Open Field,3,26.31980111401756,32.922645289845256,14.435788802858326,True,False,False
SEG_00423_Z01,SEG_00423,PORT AUTHORITY BUS TERMINAL RAMP,Open Field,3,29.999999999991132,32.64273055613029,12.793835017928117,True,False,False
SEG_00423_Z02,SEG_00423,PORT AUTHORITY BUS TERMINAL RAMP,Exposed Edge,1,8.786631893481701,28.58749120933035,6.5195083327305925,False,False,False
SEG_00424_Z01,SEG_00424,PORT AUTHORITY BUS TERMINAL RAMP,Exposed Edge,1,10.000000000009047,21.526767897671796,6.573031628287373,False,False,False
SEG_00424_Z02,SEG_00424,PORT AUTHORITY BUS TERMINAL RAMP,Screened Edge,1,9.9999999999877,14.676638643628104,5.422083886558563,False,True,False
SEG_00425_Z01,SEG_00425,PORT AUTHORITY BUS TERMINAL RAMP,Screened Edge,1,9.999999999989873,11.46718246566704,8.927649495461623,False,True,False
SEG_00426_Z01,SEG_00426,DYER AVE,Open Field,2,15.261024140718412,52.11354893193694,47.846511611396565,True,False,False
SEG_00427_Z01,SEG_00427,PATH BUS TRML ENTRANCE DYER AVE,Open Field,2,17.86591104455327,62.73436869675723,42.09346941802629,True,False,False
SEG_00428_Z01,SEG_00428,PORT AUTHORITY BUS TERMINAL EN,Open Field,1,9.771987765453497,80.76229137699849,36.77679158950271,False,False,False
SEG_00429_Z01,SEG_00429,PORT AUTHORITY BUS TERMINAL EN,Open Field,1,7.696930096582654,53.17350333862066,51.79514989577066,False,False,False
SEG_00430_Z01,SEG_00430,PORT AUTHORITY BUS TERMINAL EN,Open Field,2,20.000000000011724,56.23063873245677,51.693862507038745,True,False,False
SEG_00431_Z01,SEG_00431,PORT AUTHORITY BUS TERMINAL EN,Open Field,4,36.252017530165844,70.69777082486148,61.30662314884511,True,False,False
SEG_00432_Z01,SEG_00432,PORT AUTHORITY BUS TERMINAL EN,Open Field,1,5.088469042402843,70.46035730835679,52.194044124189425,False,False,False
SEG_00433_Z01,SEG_00433,PATH BUS TRML ENTRANCE 10 AVE,Open Field,1,8.241077498756901,44.74171613501633,40.718795044649305,False,False,False
SEG_00434_Z01,SEG_00434,PORT AUTHORITY BUS TERMINAL EN,Open Field,1,10.00000000000066,45.9010537404613,42.39176964407501,False,False,False
SEG_00435_Z01,SEG_00435,PATH BUS TRML ENTRANCE DYER AVE,Open Field,2,19.043925189915104,61.37185749740813,26.28460686862224,True,False,False
SEG_00436_Z01,SEG_00436,PORT AUTHORITY BUS TERMINAL EXIT,Open Field,5,49.999999999985754,47.19144391693901,39.24958636166691,True,False,False
SEG_00437_Z01,SEG_00437,PORT AUTHORITY BUS TERMINAL EXIT,Open Field,1,6.8298002762456385,48.47481308894742,52.67086904508811,False,False,False
SEG_00438_Z01,SEG_00438,PORT AUTHORITY BUS TERMINAL EXIT,Open Field,1,9.09869757000879,54.28518142997678,21.375425814315275,False,False,False
SEG_00439_Z01,SEG_00439,PATH BUS TRML ENTRANCE DYER AVE,Open Field,1,10.000000000002272,82.74368672732348,35.182676792943184,False,False,False
SEG_00440_Z01,SEG_00440,PORT AUTHORITY BUS TERMINAL RAMP,Open Field,1,10.000000000011113,75.06324372492499,36.38516416399037,False,False,False
SEG_00441_Z01,SEG_00441,PATH BUS TRML ENTRANCE DYER AVE,Open Field,1,7.298119350512623,74.8330254358971,30.100234628927353,False,False,False
SEG_00442_Z01,SEG_00442,PORT AUTHORITY BUS TERMINAL EN,Open Field,1,9.999999999992461,79.52574828392929,29.1944005422874,False,False,False
SEG_00443_Z01,SEG_00443,PORT AUTHORITY BUS TERMINAL EN,Open Field,1,6.829609271302556,50.16836303036108,29.36090879389609,False,False,False
SEG_00444_Z01,SEG_00444,PORT AUTHORITY BUS TERMINAL EN,Open Field,1,6.829521837451711,50.5626471580363,31.760475107688663,False,False,False
SEG_00445_Z01,SEG_00445,PORT AUTHORITY BUS TERMINAL EN,Open Field,1,8.946010269992838,48.42962405445895,33.622421014875556,False,False,False
SEG_00446_Z01,SEG_00446,PORT AUTHORITY BUS TERMINAL EN,Open Field,1,8.945774690174666,45.13781795013444,28.02916716032537,False,False,False
SEG_00447_Z01,SEG_00447,PORT AUTHORITY BUS TERMINAL EN,Open Field,1,9.999999999992335,42.780977257385004,23.763077223865213,False,False,False
SEG_00448_Z01,SEG_00448,PORT AUTHORITY BUS TERMINAL EN,Open Field,6,59.99999999999283,36.762469362347446,17.787237971313505,True,False,False
SEG_00449_Z01,SEG_00449,PORT AUTHORITY BUS TERMINAL EN,Open Field,2,17.939270335609148,21.143793865330032,15.110771164224058,True,False,False
SEG_00450_Z01,SEG_00450,W 40 ST,Open Field,1,9.999999999986663,55.87593418444313,42.435513204389764,False,False,False
SEG_00451_Z01,SEG_00451,PATH BUS TRML ENTRANCE DYER AVE,Open Field,1,10.000000000008804,74.17678969537245,30.111868670610473,False,False,False
SEG_00452_Z01,SEG_00452,PORT AUTHORITY BUS TERMINAL RAMP,Open Field,1,9.862366904899151,66.24042625756269,34.385734504178565,False,False,False
SEG_00453_Z01,SEG_00453,PORT AUTHORITY BUS TERMINAL EN,Open Field,1,9.999999999999174,72.86047530850092,25.369964936585838,False,False,False
SEG_00454_Z01,SEG_00454,DYER AVE,Open Field,1,10.00000000000473,50.713425816835276,45.442402743929726,False,False,False
SEG_00455_Z01,SEG_00455,PATH BUS TRML ENTRANCE DYER AVE,Open Field,1,6.7988209591493005,78.88516932825321,23.542072126151787,False,False,False
SEG_00456_Z01,SEG_00456,PORT AUTHORITY BUS TERMINAL RAMP,Open Field,1,9.701455397116634,60.611777303520526,36.80970102788124,False,False,False
SEG_00457_Z01,SEG_00457,PORT AUTHORITY BUS TERMINAL RAMP,Open Field,1,9.70138042234606,54.77709120610821,40.91059864945131,False,False,False
SEG_00458_Z01,SEG_00458,PORT AUTHORITY BUS TERMINAL EN,Open Field,1,8.5672256970494,75.48920112434702,22.759819735128016,False,False,False
SEG_00459_Z01,SEG_00459,W 40 ST,Open Field,2,16.22212131915334,69.82112973681589,25.683940845765378,True,False,False
SEG_00460_Z01,SEG_00460,PORT AUTHORITY BUS TERMINAL EN,Open Field,1,9.907087282836432,75.41435688335012,20.06105488074092,False,False,False
SEG_00461_Z01,SEG_00461,PORT AUTHORITY BUS TERMINAL EXIT,Open Field,2,19.547717982490386,29.368221589198498,20.85511483189132,True,False,False
SEG_00462_Z01,SEG_00462,PORT AUTHORITY BUS TERMINAL EXIT,Open Field,5,50.00000000000554,39.49561839121308,25.4481746511838,True,False,False
SEG_00463_Z01,SEG_00463,PORT AUTHORITY BUS TERMINAL EXIT,Open Field,2,19.999999999987075,42.570123613727475,30.008288786380643,True,False,False
SEG_00464_Z01,SEG_00464,PORT AUTHORITY BUS TERMINAL EXIT,Open Field,3,27.12649068685491,41.9548161344153,28.752447412955124,True,False,False
SEG_00465_Z01,SEG_00465,PATH BUS TRML ENTRANCE DYER AVE,Open Field,2,19.575181575180686,65.79944022131461,18.598235777131677,True,False,False
SEG_00466_Z01,SEG_00466,W 40 ST,Open Field,1,9.999999999985436,71.26475407390078,15.675735037580857,False,False,False
SEG_00466_Z02,SEG_00466,W 40 ST,Exposed Edge,1,6.222179017395368,64.9694343356569,9.595405578415635,False,False,False
SEG_00467_Z01,SEG_00467,DYER AVE,Open Field,1,9.999999999994658,53.160423853128755,35.214724404564066,False,False,False
SEG_00468_Z01,SEG_00468,PORT AUTHORITY BUS TERMINAL EXIT,Open Field,9,89.99999999999146,36.39529809445104,32.337960074724705,True,False,False
SEG_00469_Z01,SEG_00469,PORT AUTHORITY BUS TERMINAL EXIT,Open Field,2,17.03758673963524,37.325776278079566,37.56006433251919,True,False,False
SEG_00470_Z01,SEG_00470,PORT AUTHORITY BUS TERMINAL EXIT,Open Field,2,17.03765361071157,37.300518289947036,23.83642161499605,True,False,False
SEG_00471_Z01,SEG_00471,PORT AUTHORITY BUS TERMINAL EXIT,Open Field,1,2.240744622927812,48.35595523986097,52.2873352069526,False,False,False
SEG_00472_Z01,SEG_00472,PATH BUS TRML ENTRANCE DYER AVE,Open Field,2,20.000000000009912,43.557044916918954,24.677984268041236,True,False,False
SEG_00473_Z01,SEG_00473,PATH BUS TRML ENTRANCE DYER AVE,Open Field,2,19.99999999998915,28.439751876243967,28.021490013174386,True,False,False
SEG_00474_Z01,SEG_00474,PATH BUS TRML ENTRANCE DYER AVE,Open Field,2,18.526412069728217,40.54203569089601,44.64477572411229,True,False,False
SEG_00475_Z01,SEG_00475,PATH BUS TRML ENTRANCE DYER AVE,Open Field,3,29.999999999985064,42.5171734438103,18.802173752888972,True,False,False
SEG_00476_Z01,SEG_00476,PATH BUS TRML ENTRANCE DYER AVE,Open Field,1,9.999999999992797,23.753230665979242,19.59783042523939,False,False,False
SEG_00476_Z02,SEG_00476,PATH BUS TRML ENTRANCE DYER AVE,Vegetated Buffer,1,10.000000000023956,20.033464315777614,22.242396681426357,False,True,False
SEG_00476_Z03,SEG_00476,PATH BUS TRML ENTRANCE DYER AVE,Open Field,1,9.116089652896061,23.742287051580508,27.93992304290292,False,False,False
SEG_00477_Z01,SEG_00477,PATH BUS TRML ENTRANCE DYER AVE,Open Field,1,9.363703198144655,31.032412241753335,34.79791845137704,False,False,False
SEG_00478_Z01,SEG_00478,W 40 ST,Exposed Edge,4,40.000000000003794,43.85926921178792,9.16766878769194,True,False,False
SEG_00478_Z02,SEG_00478,W 40 ST,Screened Edge,3,29.999999999987324,11.418317748763338,9.101173738549486,True,True,True
SEG_00479_Z01,SEG_00479,PORT AUTHORITY BUS TERMINAL EN,Open Field,2,19.668094297963403,63.722683835675014,24.310619691151068,True,False,False
SEG_00480_Z01,SEG_00480,PORT AUTHORITY BUS TERMINAL EN,Open Field,2,19.668022376967905,52.97569234913597,30.20184085234601,True,False,False
SEG_00481_Z01,SEG_00481,PORT AUTHORITY BUS TERMINAL EXIT,Open Field,1,10.000000000007232,60.683192866038134,12.798134094109272,False,False,False
SEG_00482_Z01,SEG_00482,PORT AUTHORITY BUS TERMINAL EXIT,Open Field,5,50.00000000001046,46.24627803884515,17.629207914136,True,False,False
SEG_00482_Z02,SEG_00482,PORT AUTHORITY BUS TERMINAL EXIT,Exposed Edge,1,10.00000000000155,66.24493621845902,7.470054610309128,False,False,False
SEG_00483_Z01,SEG_00483,DYER AVE,Open Field,2,17.3886105873674,41.69343316572062,22.158463446937574,True,False,False
SEG_00484_Z01,SEG_00484,W 41 ST,Vegetated Buffer,2,20.00000000000304,16.946094577404473,16.67703068125101,True,True,True
SEG_00484_Z02,SEG_00484,W 41 ST,Open Field,1,10.00000000000152,21.837251335248634,14.767315738503344,False,False,False
SEG_00484_Z03,SEG_00484,W 41 ST,Vegetated Buffer,10,96.10016379892453,11.993809581757478,14.540722411284815,True,True,True
SEG_00485_Z01,SEG_00485,DYER AVE,Open Field,4,40.00000000000461,25.995630688532792,18.191806092840807,True,False,False
SEG_00486_Z01,SEG_00486,DYER AVE,Vegetated Buffer,2,19.999999999999144,19.814154553820096,11.795494748174555,True,True,True
SEG_00486_Z02,SEG_00486,DYER AVE,Open Field,6,56.616895798072555,29.551144869833024,12.556160015566542,True,False,False
SEG_00487_Z01,SEG_00487,W 41 ST,Open Field,1,10.000000000011948,22.733389527027708,11.43664596302966,False,False,False
SEG_00487_Z02,SEG_00487,W 41 ST,Screened Edge,2,19.999999999992475,15.94703020666557,9.824917484022741,True,True,True
SEG_00487_Z03,SEG_00487,W 41 ST,Vegetated Buffer,2,19.999999999992475,16.58807078255927,10.231088515580243,True,True,True
SEG_00487_Z04,SEG_00487,W 41 ST,Open Field,5,49.9999999999969,31.377445263463425,10.946705815416966,True,False,False
SEG_00487_Z05,SEG_00487,W 41 ST,Vegetated Buffer,2,15.866071294492778,10.661878635668943,11.68539384421251,True,True,True
SEG_00488_Z01,SEG_00488,W 42 ST,Open Field,1,10.00000000001478,20.814244733322322,19.775030202042657,False,False,False
SEG_00488_Z02,SEG_00488,W 42 ST,Vegetated Buffer,11,109.9999999999902,10.593615068511609,15.691767809067953,True,True,True
SEG_00488_Z03,SEG_00488,W 42 ST,Open Field,1,5.856090597208412,26.89437968814464,15.364003799253728,False,False,False
SEG_00489_Z01,SEG_00489,W 42 ST,Open Field,1,10.000000000012541,21.381206748418837,15.364960161201251,False,False,False
SEG_00489_Z02,SEG_00489,W 42 ST,Vegetated Buffer,10,99.99999999997974,9.897890326130169,15.37835060755551,True,True,True
SEG_00490_Z01,SEG_00490,W 43 ST,Vegetated Buffer,1,9.999999999986876,19.528029891969837,13.013724593870243,False,True,False
SEG_00490_Z02,SEG_00490,W 43 ST,Screened Edge,12,120.0000000000016,6.0113301330390785,9.049657453204663,True,True,True
SEG_00490_Z03,SEG_00490,W 43 ST,Vegetated Buffer,3,30.000000000009106,6.81253098248376,10.128624534841096,True,True,True
SEG_00490_Z04,SEG_00490,W 43 ST,Screened Edge,5,50.00000000000196,6.3032531378958465,9.554779309807639,True,True,True
SEG_00490_Z05,SEG_00490,W 43 ST,Vegetated Buffer,2,19.65208879039979,6.654793160755885,9.961611450285595,True,True,True
SEG_00491_Z01,SEG_00491,W 48 ST,Open Field,1,9.9999999999932,65.64722059319868,14.10669752244449,False,False,False
SEG_00491_Z02,SEG_00491,W 48 ST,Exposed Edge,8,79.99999999999037,52.72963777703938,9.068635523894194,True,False,False
SEG_00491_Z03,SEG_00491,W 48 ST,Screened Edge,11,110.00000000003199,8.287160625485644,9.440949139523243,True,True,True
SEG_00491_Z04,SEG_00491,W 48 ST,Vegetated Buffer,1,9.9999999999932,19.80172996603272,13.44388768972253,False,True,False
SEG_00492_Z01,SEG_00492,8 AVE,Open Field,8,80.00000000000583,30.214301482752727,15.465547493264209,True,False,False
SEG_00493_Z01,SEG_00493,W 49 ST,Vegetated Buffer,1,9.999999999989232,18.013120918022295,10.887995083185974,False,True,False
SEG_00493_Z02,SEG_00493,W 49 ST,Exposed Edge,14,140.0,51.617446838773354,9.167902278051482,True,False,False
SEG_00493_Z03,SEG_00493,W 49 ST,Screened Edge,4,40.00000000001465,11.066230731414175,9.248156654671252,True,True,True
SEG_00493_Z04,SEG_00493,W 49 ST,Open Field,1,8.057349664828207,28.432947186042494,15.395475957172343,False,False,False
SEG_00494_Z01,SEG_00494,8 AVE,Vegetated Buffer,5,49.99999999999368,14.626794930455151,15.290981244028305,True,True,True
SEG_00494_Z02,SEG_00494,8 AVE,Open Field,3,29.06061226791105,29.741358197594167,15.432847022863648,True,False,False
SEG_00495_Z01,SEG_00495,W 50 ST,Vegetated Buffer,1,10.000000000006933,15.416865468622142,13.37383692881682,False,True,False
SEG_00495_Z02,SEG_00495,W 50 ST,Exposed Edge,6,60.00000000000627,41.977641687993106,9.349057970360521,True,False,False
SEG_00495_Z03,SEG_00495,W 50 ST,Open Field,1,9.999999999975904,41.313729479002795,12.98010540837196,False,False,False
SEG_00495_Z04,SEG_00495,W 50 ST,Exposed Edge,2,20.000000000013866,26.708119861409138,9.482945691835022,True,False,False
SEG_00495_Z05,SEG_00495,W 50 ST,Screened Edge,3,29.99999999998977,10.637444094924865,9.337010098413701,True,True,True
SEG_00495_Z06,SEG_00495,W 50 ST,Exposed Edge,6,60.00000000000627,31.056930117548294,9.056204421951746,True,False,False
SEG_00495_Z07,SEG_00495,W 50 ST,Open Field,1,8.383012127308847,23.693492258048614,14.872350723610955,False,False,False
SEG_00496_Z01,SEG_00496,8 AVE,Open Field,3,30.000000000001513,31.07332047383024,15.80672516271431,True,False,False
SEG_00496_Z02,SEG_00496,8 AVE,Vegetated Buffer,5,49.89363245004124,16.90971911554484,15.662674943716123,True,True,True
SEG_00497_Z01,SEG_00497,W 49 ST,Open Field,1,9.999999999996549,34.389659396662886,13.357393179947996,False,False,False
SEG_00497_Z02,SEG_00497,W 49 ST,Exposed Edge,1,9.999999999992243,24.70245389977763,8.614096559552324,False,False,False
SEG_00497_Z03,SEG_00497,W 49 ST,Screened Edge,25,250.00000000000577,6.6007960859388355,8.703914887195241,True,True,True
SEG_00498_Z01,SEG_00498,8 AVE,Open Field,8,79.41502461939926,32.67074844908281,15.417664194530891,True,False,False
SEG_00499_Z01,SEG_00499,W 50 ST,Vegetated Buffer,1,9.999999999988935,15.939223997750759,13.98634524846499,False,True,False
SEG_00499_Z02,SEG_00499,W 50 ST,Screened Edge,25,250.00000000001307,7.387584053750909,9.21914361391729,True,True,True
SEG_00499_Z03,SEG_00499,W 50 ST,Vegetated Buffer,1,9.999999999994637,18.78761280264088,10.920293487644011,False,True,False
SEG_00500_Z01,SEG_00500,8 AVE,Open Field,2,20.00000000000968,26.14937754212691,15.25141177375465,True,False,False
SEG_00500_Z02,SEG_00500,8 AVE,Vegetated Buffer,5,49.99999999997833,14.348934038849157,14.951089105808407,True,True,True
SEG_00500_Z03,SEG_00500,8 AVE,Open Field,1,9.708810288762123,22.42561648863764,16.32184391667958,False,False,False
SEG_00501_Z01,SEG_00501,9 AVE,Vegetated Buffer,7,69.99999999998923,11.934825282194883,14.739171365912416,True,True,True
SEG_00501_Z02,SEG_00501,9 AVE,Open Field,1,9.628453734752611,21.403319970579627,15.015712205012138,False,False,False
SEG_00502_Z01,SEG_00502,W 47 ST,Vegetated Buffer,1,10.000000000007427,18.8940144774967,13.900340888944092,False,True,False
SEG_00502_Z02,SEG_00502,W 47 ST,Screened Edge,13,128.01386473203152,5.756499130789602,8.944040526547708,True,True,True
SEG_00503_Z01,SEG_00503,9 AVE,Vegetated Buffer,8,78.85991157298596,12.376555000130137,14.72741828857514,True,True,True
SEG_00504_Z01,SEG_00504,W 48 ST,Vegetated Buffer,1,10.000000000003094,19.425494926289,12.752111712318547,False,True,False
SEG_00504_Z02,SEG_00504,W 48 ST,Screened Edge,9,89.31953691269233,6.835215333879223,8.559408367469445,True,True,True
SEG_00505_Z01,SEG_00505,9 AVE,Vegetated Buffer,7,69.99999999999139,12.31585497652733,14.692412004024304,True,True,True
SEG_00505_Z02,SEG_00505,9 AVE,Open Field,1,6.181877210838482,23.978693971342857,15.35251069590309,False,False,False
SEG_00506_Z01,SEG_00506,W 49 ST,Vegetated Buffer,1,10.000000000010472,12.975589815966199,12.356231161237528,False,True,False
SEG_00506_Z02,SEG_00506,W 49 ST,Screened Edge,4,40.00000000000225,11.854600947978275,8.132274088870432,True,True,True
SEG_00507_Z01,SEG_00507,W 52 ST,Open Field,1,10.000000000003102,32.33064809299956,14.067163865303753,False,False,False
SEG_00507_Z02,SEG_00507,W 52 ST,Exposed Edge,5,49.99999999999306,40.38495249490365,9.324625836690718,True,False,False
SEG_00507_Z03,SEG_00507,W 52 ST,Screened Edge,1,10.000000000007399,18.56811883595749,8.694935490128094,False,True,False
SEG_00507_Z04,SEG_00507,W 52 ST,Vegetated Buffer,1,10.000000000003102,13.005307951475679,10.632937211347228,False,True,False
SEG_00508_Z01,SEG_00508,7 AVE,Open Field,8,79.42042573434055,50.18768557970037,17.128284736164733,True,False,False
SEG_00509_Z01,SEG_00509,BROADWAY,Vegetated Buffer,3,29.999999999993285,7.034630045692494,15.090464474093269,True,True,True
SEG_00509_Z02,SEG_00509,BROADWAY,Open Field,2,20.000000000010317,20.713589915031058,15.988302954695405,True,False,False
SEG_00509_Z03,SEG_00509,BROADWAY,Vegetated Buffer,3,30.000000000001346,7.603610750541904,17.249683167169064,True,True,True
SEG_00510_Z01,SEG_00510,W 52 ST,Vegetated Buffer,1,9.99999999999266,15.080793240677753,13.636997473165643,False,True,False
SEG_00510_Z02,SEG_00510,W 52 ST,Screened Edge,1,10.00000000002367,20.517256135211433,9.478051657947926,False,True,False
SEG_00510_Z03,SEG_00510,W 52 ST,Exposed Edge,15,149.99999999997002,54.415383458742504,9.330143026626358,True,False,False
SEG_00510_Z04,SEG_00510,W 52 ST,Screened Edge,1,10.00000000002367,16.67768487049617,9.094918443223449,False,True,False
SEG_00510_Z05,SEG_00510,W 52 ST,Vegetated Buffer,1,9.999999999988349,17.269702277821146,13.339613427204034,False,True,False
SEG_00511_Z01,SEG_00511,W 53 ST,Open Field,7,69.99999999998624,41.553822582366514,15.559120834703881,True,False,False
SEG_00511_Z02,SEG_00511,W 53 ST,Vegetated Buffer,2,19.536497438080634,16.07162211499968,14.504460633493323,True,True,True
SEG_00512_Z01,SEG_00512,BROADWAY,Vegetated Buffer,3,30.000000000001492,7.738247552904395,15.226304195276072,True,True,True
SEG_00512_Z02,SEG_00512,BROADWAY,Open Field,1,10.000000000000497,22.055710757654616,16.00825461716462,False,False,False
SEG_00512_Z03,SEG_00512,BROADWAY,Vegetated Buffer,4,39.84103914482389,13.24373239381788,15.108743700727118,True,True,True
SEG_00513_Z01,SEG_00513,W 53 ST,Vegetated Buffer,1,9.999999999984524,14.230802515946834,13.110674173609398,False,True,False
SEG_00513_Z02,SEG_00513,W 53 ST,Screened Edge,1,10.000000000015637,20.24149030614968,6.692357410932694,False,True,False
SEG_00513_Z03,SEG_00513,W 53 ST,Exposed Edge,10,100.00000000000763,48.05439206042659,8.940191413505726,True,False,False
SEG_00513_Z04,SEG_00513,W 53 ST,Screened Edge,5,49.99999999999872,9.221383128427277,9.19153260522414,True,True,True
SEG_00513_Z05,SEG_00513,W 53 ST,Vegetated Buffer,1,10.000000000002323,15.518379574968352,11.126089737388055,False,True,False
SEG_00514_Z01,SEG_00514,W 54 ST,Vegetated Buffer,1,10.00000000000983,17.513072318524284,11.946780333053571,False,True,False
SEG_00514_Z02,SEG_00514,W 54 ST,Screened Edge,5,49.99999999998716,9.240881440234002,7.9449722977031625,True,True,True
SEG_00514_Z03,SEG_00514,W 54 ST,Exposed Edge,1,10.00000000000983,26.94333496190603,9.773982087633746,False,False,False
SEG_00514_Z04,SEG_00514,W 54 ST,Open Field,1,10.00000000000983,28.515625987250377,11.532693493576309,False,False,False
SEG_00514_Z05,SEG_00514,W 54 ST,Vegetated Buffer,2,19.99999999998866,17.31863731078847,18.428641728921882,True,True,True
SEG_00515_Z01,SEG_00515,8 AVE,Vegetated Buffer,8,79.47646112917256,13.362956449079974,15.8323188128245,True,True,True
SEG_00516_Z01,SEG_00516,BROADWAY,Vegetated Buffer,3,30.0000000000057,8.257494403310789,14.91764202443966,True,True,True
SEG_00516_Z02,SEG_00516,BROADWAY,Open Field,1,8.310657372290796,22.183665348512232,14.483806414837309,False,False,False
SEG_00517_Z01,SEG_00517,W 51 ST,Open Field,1,9.999999999992028,23.45228028111721,14.150325006417678,False,False,False
SEG_00517_Z02,SEG_00517,W 51 ST,Screened Edge,20,195.35320843346753,6.590988948861552,9.018678614352584,True,True,True
SEG_00518_Z01,SEG_00518,W 52 ST,Vegetated Buffer,1,9.999999999996712,19.849725612208623,13.906523200141555,False,True,False
SEG_00518_Z02,SEG_00518,W 52 ST,Screened Edge,11,109.99999999999773,7.091321824690066,8.805993994062838,True,True,True
SEG_00518_Z03,SEG_00518,W 52 ST,Exposed Edge,1,5.601983081027673,26.3578413673553,9.35432902549914,False,False,False
SEG_00519_Z01,SEG_00519,W 53 ST,Open Field,1,9.999999999999753,21.687399115201607,13.802089237565973,False,False,False
SEG_00519_Z02,SEG_00519,W 53 ST,Screened Edge,2,19.057265547934733,12.304766039361915,9.059470366828013,True,True,True
SEG_00520_Z01,SEG_00520,W 54 ST,Vegetated Buffer,1,9.999999999995408,12.232659485799584,12.734783345691604,False,True,False
SEG_00520_Z02,SEG_00520,W 54 ST,Screened Edge,7,69.99999999999041,9.179344171795476,8.795989142713934,True,True,True
SEG_00521_Z01,SEG_00521,8 AVE,Vegetated Buffer,2,19.99999999999191,14.35990499533817,15.66870532200354,True,True,True
SEG_00522_Z01,SEG_00522,E 35 ST,Screened Edge,2,20.00000000001189,10.725762799913019,9.556107326041236,True,True,True
SEG_00523_Z01,SEG_00523,E 36 ST,Vegetated Buffer,6,57.93909078671297,8.924046929165199,47.105237831647514,True,True,True
SEG_00524_Z01,SEG_00524,QUEENS MIDTOWN TUNL ENTRANCE,Open Field,1,9.999999999995287,23.486286745333675,27.79778642646441,False,False,False
SEG_00524_Z02,SEG_00524,QUEENS MIDTOWN TUNL ENTRANCE,Vegetated Buffer,4,35.82319079158114,19.951560847623128,50.73196333820906,True,True,True
SEG_00525_Z01,SEG_00525,QUEENS MIDTOWN TUNL ENTRANCE,Open Field,2,19.99999999999465,36.299009491344705,27.939287953210666,True,False,False
SEG_00526_Z01,SEG_00526,QUEENS MIDTOWN TUNL ENTRANCE,Open Field,3,30.00000000000175,27.055559785527233,49.64903975225875,True,False,False
SEG_00527_Z01,SEG_00527,QUEENS MIDTOWN TUNL EXIT,Open Field,1,9.999999999993026,22.489970406078417,26.20009592276461,False,False,False
SEG_00528_Z01,SEG_00528,QUEENS MIDTOWN TUNL EXIT,Open Field,4,39.99999999999234,28.41863063040542,31.628061415779936,True,False,False
SEG_00529_Z01,SEG_00529,E 37 ST,Screened Edge,6,60.00000000001133,7.770014785875847,9.190761571883002,True,True,True
SEG_00530_Z01,SEG_00530,QUEENS MIDTOWN TUNL EXIT,Open Field,1,9.999999999992513,25.359426233723603,24.742956922444126,False,False,False
SEG_00531_Z01,SEG_00531,QUEENS MIDTOWN TUNL ENTRANCE,Vegetated Buffer,1,9.999999999999606,16.63047889797527,15.41301458629483,False,True,False
SEG_00531_Z02,SEG_00531,QUEENS MIDTOWN TUNL ENTRANCE,Open Field,1,9.999999999999606,23.916818047357737,24.96424804024128,False,False,False
SEG_00532_Z01,SEG_00532,E 38 ST,Screened Edge,8,78.61637950274499,8.622876880899481,9.122237396999207,True,True,True
SEG_00533_Z01,SEG_00533,QUEENS MIDTOWN TUNL APPROACH,Screened Edge,1,10.000000000000247,16.704688799774722,7.8342587706482565,False,True,False
SEG_00533_Z02,SEG_00533,QUEENS MIDTOWN TUNL APPROACH,Exposed Edge,5,49.99999999999168,26.877103767521355,6.151141710245194,True,False,False
SEG_00533_Z03,SEG_00533,QUEENS MIDTOWN TUNL APPROACH,Screened Edge,2,17.97537681395635,14.62345750478239,7.226784232156752,True,True,True
SEG_00534_Z01,SEG_00534,E 38 ST,Vegetated Buffer,1,10.000000000005175,17.683863023784376,13.291414344862627,False,True,False
SEG_00534_Z02,SEG_00534,E 38 ST,Screened Edge,7,70.00000000000084,7.5375745514455135,8.826023819431185,True,True,True
SEG_00535_Z01,SEG_00535,E 39 ST,Screened Edge,7,70.0000000000033,8.945037817283572,9.527993424492578,True,True,True
SEG_00535_Z02,SEG_00535,E 39 ST,Vegetated Buffer,2,20.000000000009802,9.403100310298402,12.810012491308965,True,True,True
SEG_00536_Z01,SEG_00536,3 AVE,Vegetated Buffer,2,18.10509889768259,15.518914060264333,15.306692742154727,True,True,True
SEG_00537_Z01,SEG_00537,E 29 ST,Vegetated Buffer,1,10.00000000000376,16.81537324467654,11.131809685668854,False,True,False
SEG_00537_Z02,SEG_00537,E 29 ST,Screened Edge,7,70.00000000000395,5.733120391618962,9.06117816539401,True,True,True
SEG_00538_Z01,SEG_00538,3 AVE,Vegetated Buffer,7,70.00000000000306,12.035095494135472,14.989046038249922,True,True,True
SEG_00538_Z02,SEG_00538,3 AVE,Open Field,1,8.68847423507412,21.033190227155988,16.423785535141388,False,False,False
SEG_00539_Z01,SEG_00539,E 30 ST,Vegetated Buffer,1,10.000000000000266,17.13402142819102,10.603624428254378,False,True,False
SEG_00539_Z02,SEG_00539,E 30 ST,Screened Edge,13,130.00000000001208,6.287584701699992,8.843632145699264,True,True,True
SEG_00539_Z03,SEG_00539,E 30 ST,Vegetated Buffer,1,10.000000000000266,7.988367265020118,10.503194990016636,False,True,False
SEG_00540_Z01,SEG_00540,LEXINGTON AVE,Vegetated Buffer,8,78.3282411602609,9.961105855419985,11.726086743689505,True,True,True
SEG_00541_Z01,SEG_00541,3 AVE,Vegetated Buffer,8,78.45967272522957,12.904392481717593,18.67231277267113,True,True,True
SEG_00542_Z01,SEG_00542,E 31 ST,Vegetated Buffer,1,9.999999999985594,19.1612116160108,10.84687892762697,False,True,False
SEG_00542_Z02,SEG_00542,E 31 ST,Screened Edge,3,30.000000000018897,13.96980925838146,8.627636733079958,True,True,True
SEG_00542_Z03,SEG_00542,E 31 ST,Vegetated Buffer,2,20.000000000006537,5.415529700910657,10.410954325966426,True,True,True
SEG_00542_Z04,SEG_00542,E 31 ST,Screened Edge,8,79.99999999997793,5.3019625144562035,9.336815416637908,True,True,True
SEG_00542_Z05,SEG_00542,E 31 ST,Vegetated Buffer,1,10.000000000020943,13.467433166262476,12.9411695530966,False,True,False
SEG_00543_Z01,SEG_00543,E 30 ST,Vegetated Buffer,1,9.999999999997636,19.07619570897827,13.894548133958533,False,True,False
SEG_00543_Z02,SEG_00543,E 30 ST,Screened Edge,1,9.51591128052603,19.08071888400224,8.919832503225312,False,True,False
SEG_00544_Z01,SEG_00544,E 31 ST,Vegetated Buffer,1,10.000000000000266,19.492132369253294,13.567275894534669,False,True,False
SEG_00544_Z02,SEG_00544,E 31 ST,Screened Edge,6,60.00000000000159,8.608407891361589,8.968259436795435,True,True,True
SEG_00544_Z03,SEG_00544,E 31 ST,Vegetated Buffer,3,26.348835259336777,5.284338181921072,10.055557367708646,True,True,True
SEG_00545_Z01,SEG_00545,E 32 ST,Vegetated Buffer,4,40.0000000000061,7.8509509418286925,11.843117713431795,True,True,True
SEG_00545_Z02,SEG_00545,E 32 ST,Screened Edge,12,119.99999999999586,7.968918788158132,9.205317886656033,True,True,True
SEG_00546_Z01,SEG_00546,E 33 ST,Vegetated Buffer,1,10.000000000000036,17.683091620161125,12.883705522197657,False,True,False
SEG_00546_Z02,SEG_00546,E 33 ST,Screened Edge,19,190.0000000000045,7.231853240852162,8.72754758278445,True,True,True
SEG_00546_Z03,SEG_00546,E 33 ST,Exposed Edge,1,10.000000000000036,25.89723404093364,9.222319704221297,False,False,False
SEG_00547_Z01,SEG_00547,3 AVE,Vegetated Buffer,7,70.0000000000037,13.135693043639877,15.124197316095527,True,True,True
SEG_00547_Z02,SEG_00547,3 AVE,Open Field,1,8.14408167841755,20.728688552623403,16.411811719407883,False,False,False
SEG_00548_Z01,SEG_00548,E 34 ST,Vegetated Buffer,13,129.9999999999926,10.91405498663086,15.101278109176942,True,True,True
SEG_00548_Z02,SEG_00548,E 34 ST,Open Field,1,9.999999999994593,27.735045036244784,16.434647667539227,False,False,False
SEG_00549_Z01,SEG_00549,2 AVE,Vegetated Buffer,8,80.00000000000962,13.374832150300168,15.719657240240645,True,True,True
SEG_00550_Z01,SEG_00550,E 34 ST,Vegetated Buffer,5,48.01790450622553,12.316482918023326,16.352038559125326,True,True,True
SEG_00551_Z01,SEG_00551,QUEENS MIDTOWN TUNL APPROACH,Exposed Edge,4,40.00000000000249,30.21986295782931,6.645084625749261,True,False,False
SEG_00551_Z02,SEG_00551,QUEENS MIDTOWN TUNL APPROACH,Screened Edge,1,9.999999999988285,17.82469740599271,6.648622583018084,False,True,False
SEG_00552_Z01,SEG_00552,2 AVE,Vegetated Buffer,8,79.99999999998818,13.16127517512472,15.671417625642004,True,True,True
SEG_00553_Z01,SEG_00553,E 35 ST,Vegetated Buffer,1,9.999999999999762,17.79132538731108,13.71038876488151,False,True,False
SEG_00553_Z02,SEG_00553,E 35 ST,Screened Edge,5,50.00000000000732,10.530084997325588,9.49380061912448,True,True,True
SEG_00554_Z01,SEG_00554,QUEENS MIDTOWN TUNL APPROACH,Vegetated Buffer,1,10.000000000003125,20.435160832325103,16.01294826288993,False,True,False
SEG_00554_Z02,SEG_00554,QUEENS MIDTOWN TUNL APPROACH,Open Field,4,40.00000000000458,29.308178757185125,40.2198767054409,True,False,False
SEG_00554_Z03,SEG_00554,QUEENS MIDTOWN TUNL APPROACH,Vegetated Buffer,3,28.36381988426457,12.869056401393912,44.31740091420263,True,True,True
SEG_00555_Z01,SEG_00555,E 35 ST,Screened Edge,8,79.99999999999194,6.529636958659253,9.270058841197207,True,True,True
SEG_00555_Z02,SEG_00555,E 35 ST,Vegetated Buffer,1,9.999999999999533,9.564856127482622,9.944298087303236,False,True,False
SEG_00555_Z03,SEG_00555,E 35 ST,Screened Edge,3,29.999999999994277,6.751464636919245,8.970161758756849,True,True,True
SEG_00555_Z04,SEG_00555,E 35 ST,Vegetated Buffer,2,15.145600383441096,17.773867982030133,14.005465391818618,True,True,True
SEG_00556_Z01,SEG_00556,LEXINGTON AVE,Vegetated Buffer,8,78.34995548808772,11.407381344019154,11.635854017566682,True,True,True
SEG_00557_Z01,SEG_00557,E 32 ST,Vegetated Buffer,1,10.00000000001096,15.313628762159423,11.370447064340969,False,True,False
SEG_00557_Z02,SEG_00557,E 32 ST,Screened Edge,8,79.99999999999021,8.210155796964994,9.188436045973546,True,True,True
SEG_00557_Z03,SEG_00557,E 32 ST,Vegetated Buffer,1,10.00000000001096,5.427795238482195,11.089017379463971,False,True,False
SEG_00557_Z04,SEG_00557,E 32 ST,Screened Edge,4,39.99999999998171,6.924392066510745,9.124058112132717,True,True,True
SEG_00557_Z05,SEG_00557,E 32 ST,Vegetated Buffer,1,10.00000000001096,16.974443933672354,10.615200701422632,False,True,False
SEG_00558_Z01,SEG_00558,LEXINGTON AVE,Vegetated Buffer,8,78.41232021761923,13.48849540826993,11.620014020735217,True,True,True
SEG_00559_Z01,SEG_00559,E 33 ST,Vegetated Buffer,1,10.000000000004166,16.80073048126693,11.643890780493557,False,True,False
SEG_00559_Z02,SEG_00559,E 33 ST,Screened Edge,13,129.99999999999636,5.652757952758033,9.31086154677357,True,True,True
SEG_00559_Z03,SEG_00559,E 33 ST,Vegetated Buffer,1,10.000000000004166,10.514644981802885,10.840075036968454,False,True,False
SEG_00560_Z01,SEG_00560,LEXINGTON AVE,Vegetated Buffer,8,78.3514932390243,9.335206298782627,11.809173337708819,True,True,True
SEG_00561_Z01,SEG_00561,E 32 ST,Vegetated Buffer,1,9.999999999999263,17.268932912956586,14.00816799822608,False,True,False
SEG_00561_Z02,SEG_00561,E 32 ST,Screened Edge,8,80.000000000007,8.320276569883923,9.129812748506843,True,True,True
SEG_00561_Z03,SEG_00561,E 32 ST,Exposed Edge,1,10.000000000003558,28.487205550216192,9.254689738375651,False,False,False
SEG_00561_Z04,SEG_00561,E 32 ST,Screened Edge,4,40.00000000000135,9.805938616128099,9.278954277603647,True,True,True
SEG_00561_Z05,SEG_00561,E 32 ST,Vegetated Buffer,1,10.000000000003558,15.31008569693442,11.254826544511557,False,True,False
SEG_00562_Z01,SEG_00562,E 33 ST,Open Field,1,10.000000000003968,39.48574468048005,13.700134189415852,False,False,False
SEG_00562_Z02,SEG_00562,E 33 ST,Exposed Edge,6,59.99999999998847,39.67072195664704,8.927347501489455,True,False,False
SEG_00562_Z03,SEG_00562,E 33 ST,Screened Edge,1,10.000000000003968,16.5802751322389,8.981953854717187,False,True,False
SEG_00562_Z04,SEG_00562,E 33 ST,Vegetated Buffer,1,10.000000000003968,7.312779973598008,11.381419826300935,False,True,False
SEG_00562_Z05,SEG_00562,E 33 ST,Screened Edge,5,49.99999999998449,5.575241537534909,9.25754206351787,True,True,True
SEG_00562_Z06,SEG_00562,E 33 ST,Vegetated Buffer,1,9.86937093358488,17.603409726463184,11.396504483072707,False,True,False
SEG_00563_Z01,SEG_00563,LEXINGTON AVE,Open Field,4,40.00000000000438,26.970602454817715,12.485659291687728,True,False,False
SEG_00563_Z02,SEG_00563,LEXINGTON AVE,Vegetated Buffer,4,39.999999999994984,14.314979091756307,11.490027570451833,True,True,True
SEG_00564_Z01,SEG_00564,PARK AVE,Open Field,1,8.784503835982134,44.56660932592994,15.900333527469016,False,False,False
SEG_00565_Z01,SEG_00565,E 33 ST,Open Field,1,6.870596264322935,41.230683028363046,20.851054305952154,False,False,False
SEG_00566_Z01,SEG_00566,2 AVE,Open Field,1,9.999999999990216,21.74427777036912,15.708927182679814,False,False,False
SEG_00566_Z02,SEG_00566,2 AVE,Vegetated Buffer,7,70.00000000001515,13.060803789022618,15.298416316642706,True,True,True
SEG_00567_Z01,SEG_00567,QUEENS MIDTOWN TUNL APPROACH,Vegetated Buffer,2,20.000000000008445,17.917393157039818,28.76898303250242,True,True,True
SEG_00567_Z02,SEG_00567,QUEENS MIDTOWN TUNL APPROACH,Open Field,1,9.999999999991902,25.14998449402956,24.50827477134462,False,False,False
SEG_00568_Z01,SEG_00568,E 36 ST,Vegetated Buffer,6,59.528467622962,11.067116642902455,27.819114890359412,True,True,True
SEG_00569_Z01,SEG_00569,QUEENS MIDTOWN TUNL ENTRANCE,Vegetated Buffer,3,30.000000000003528,18.475836625118895,21.338666680908318,True,True,True
SEG_00569_Z02,SEG_00569,QUEENS MIDTOWN TUNL ENTRANCE,Open Field,5,49.99999999998674,27.908895893247585,13.285461428357172,True,False,False
SEG_00570_Z01,SEG_00570,QUEENS MIDTOWN TUNL ENTRANCE,Vegetated Buffer,1,9.999999999996835,14.337153210589875,16.157832997339472,False,True,False
SEG_00570_Z02,SEG_00570,QUEENS MIDTOWN TUNL ENTRANCE,Exposed Edge,5,49.99999999999275,30.168746706072852,6.2896499225360145,True,False,False
SEG_00570_Z03,SEG_00570,QUEENS MIDTOWN TUNL ENTRANCE,Open Field,2,20.00000000002462,33.32405155399526,13.447640573005545,True,False,False
SEG_00571_Z01,SEG_00571,2 AVE,Open Field,1,10.000000000002181,23.53385149046391,22.185413132939832,False,False,False
SEG_00571_Z02,SEG_00571,2 AVE,Vegetated Buffer,2,20.000000000004363,12.36053600224987,22.36019494453657,True,True,True
SEG_00572_Z01,SEG_00572,QUEENS MIDTOWN TUNL EXIT,Vegetated Buffer,1,10.000000000001812,19.394128037095825,16.624530475805322,False,True,False
SEG_00572_Z02,SEG_00572,QUEENS MIDTOWN TUNL EXIT,Open Field,1,9.999999999994358,20.749855439284545,10.378615290397969,False,False,False
SEG_00572_Z03,SEG_00572,QUEENS MIDTOWN TUNL EXIT,Exposed Edge,4,39.9999999999921,22.412256293165928,7.161695429833097,True,False,False
SEG_00572_Z04,SEG_00572,QUEENS MIDTOWN TUNL EXIT,Open Field,1,10.000000000001211,26.999977157586695,14.265090701253621,False,False,False
SEG_00573_Z01,SEG_00573,E 36 ST,Screened Edge,5,49.999999999984134,8.460340099061812,9.323991334343498,True,True,True
SEG_00573_Z02,SEG_00573,E 36 ST,Vegetated Buffer,8,80.00000000002477,10.021098845544481,11.271894992319375,True,True,True
SEG_00574_Z01,SEG_00574,QUEENS MIDTOWN TUNL EXIT,Vegetated Buffer,6,59.9999999999882,15.420190642689155,15.73947895547488,True,True,True
SEG_00574_Z02,SEG_00574,QUEENS MIDTOWN TUNL EXIT,Open Field,1,10.000000000022624,22.710665961406082,20.903006725564175,False,False,False
SEG_00575_Z01,SEG_00575,QUEENS MIDTOWN TUNL EXIT,Vegetated Buffer,7,70.00000000000404,11.616105688158692,22.207021008698185,True,True,True
SEG_00576_Z01,SEG_00576,3 AVE,Vegetated Buffer,8,80.0000000000063,12.945191646477427,15.160487102721497,True,True,True
SEG_00577_Z01,SEG_00577,E 34 ST,Open Field,1,9.999999999991527,25.61066782812866,18.328397880115535,False,False,False
SEG_00577_Z02,SEG_00577,E 34 ST,Vegetated Buffer,6,59.99999999999311,11.563180936449442,14.997198664117617,True,True,True
SEG_00578_Z01,SEG_00578,QUEENS MIDTOWN TUNL EXIT,Screened Edge,2,19.99999999999702,13.219427673644637,8.075309233015819,True,True,True
SEG_00578_Z02,SEG_00578,QUEENS MIDTOWN TUNL EXIT,Exposed Edge,2,20.00000000000434,25.00359855425922,8.978859739384397,True,False,False
SEG_00578_Z03,SEG_00578,QUEENS MIDTOWN TUNL EXIT,Open Field,1,9.999999999994852,36.76048398983357,10.730472640041889,False,False,False
SEG_00578_Z04,SEG_00578,QUEENS MIDTOWN TUNL EXIT,Exposed Edge,2,20.00000000000434,25.085249876025088,8.41075698322944,True,False,False
SEG_00578_Z05,SEG_00578,QUEENS MIDTOWN TUNL EXIT,Screened Edge,1,9.999999999994852,17.26843187508382,9.367235562172437,False,True,False
SEG_00578_Z06,SEG_00578,QUEENS MIDTOWN TUNL EXIT,Vegetated Buffer,1,5.054208610041967,11.581415508446602,15.410200437007838,False,True,False
SEG_00579_Z01,SEG_00579,3 AVE,Open Field,1,10.000000000006393,21.382475437229253,18.370145267917252,False,False,False
SEG_00579_Z02,SEG_00579,3 AVE,Vegetated Buffer,7,69.99999999999292,11.142316110932523,15.294690446081043,True,True,True
SEG_00580_Z01,SEG_00580,E 34 ST,Vegetated Buffer,15,150.00000000000273,9.596684618901415,15.303088992839628,True,True,True
SEG_00581_Z01,SEG_00581,E 35 ST,Vegetated Buffer,1,9.999999999992273,17.911124923611986,13.412695962358022,False,True,False
SEG_00581_Z02,SEG_00581,E 35 ST,Screened Edge,7,69.99999999999945,7.725998966160011,8.4458151608675,True,True,True
SEG_00582_Z01,SEG_00582,QUEENS MIDTOWN TUNL EXIT,Screened Edge,2,19.999999999994,13.064211992730995,8.158607329182455,True,True,True
SEG_00582_Z02,SEG_00582,QUEENS MIDTOWN TUNL EXIT,Exposed Edge,4,40.000000000006075,26.495920108878813,7.03133726576365,True,False,False
SEG_00582_Z03,SEG_00582,QUEENS MIDTOWN TUNL EXIT,Screened Edge,2,17.607131281235123,16.449590605978845,7.174803217494873,True,True,True
SEG_00583_Z01,SEG_00583,3 AVE,Vegetated Buffer,8,78.46454995094808,12.382636327840215,15.243308555647324,True,True,True
SEG_00584_Z01,SEG_00584,E 35 ST,Vegetated Buffer,1,10.000000000007253,17.875937386556483,11.538897685318183,False,True,False
SEG_00584_Z02,SEG_00584,E 35 ST,Screened Edge,13,129.999999999984,5.279386646381363,9.18141744619332,True,True,True
SEG_00584_Z03,SEG_00584,E 35 ST,Vegetated Buffer,1,10.000000000002952,12.057370335876328,10.639450555167826,False,True,False
SEG_00585_Z01,SEG_00585,E 36 ST,Vegetated Buffer,1,9.999999999996394,15.6788630640152,14.17375542040979,False,True,False
SEG_00585_Z02,SEG_00585,E 36 ST,Screened Edge,7,70.00000000000563,7.886820624745925,9.280384581360918,True,True,True
SEG_00586_Z01,SEG_00586,2 AVE,Vegetated Buffer,1,10.00000000000688,13.748119391950938,20.5157779967446,False,True,False
SEG_00586_Z02,SEG_00586,2 AVE,Open Field,1,6.222949255351984,22.09890122905864,21.107275800365358,False,False,False
SEG_00587_Z01,SEG_00587,2 AVE,Open Field,1,8.407788297278843,27.078661299023548,23.169533743365772,False,False,False
SEG_00588_Z01,SEG_00588,E 37 ST,Vegetated Buffer,1,9.999999999999979,18.835026300851595,14.162235707493732,False,True,False
SEG_00588_Z02,SEG_00588,E 37 ST,Screened Edge,7,69.99999999999984,6.40974025845562,9.134618063638337,True,True,True
SEG_00589_Z01,SEG_00589,2 AVE,Open Field,1,6.4646648774268245,26.580224416480725,27.519197465366577,False,False,False
SEG_00590_Z01,SEG_00590,2 AVE,Open Field,1,10.000000000001997,24.811122426608787,24.29103245856124,False,False,False
SEG_00591_Z01,SEG_00591,QUEENS MIDTOWN TUNL EXIT,Open Field,6,59.99999999998433,28.98222827842122,30.471105622540946,True,False,False
SEG_00591_Z02,SEG_00591,QUEENS MIDTOWN TUNL EXIT,Exposed Edge,4,37.524283362130916,38.561967318136546,6.287593923206533,True,False,False
SEG_00592_Z01,SEG_00592,QUEENS MIDTOWN TUNL EXIT,Open Field,9,89.36391015578847,28.17560316755641,24.378953557784353,True,False,False
SEG_00593_Z01,SEG_00593,QUEENS MIDTOWN TUNL EXIT,Exposed Edge,4,40.00000000000963,30.335838314822716,7.839717976973658,True,False,False
SEG_00593_Z02,SEG_00593,QUEENS MIDTOWN TUNL EXIT,Screened Edge,2,19.999999999986922,18.313526510878486,8.901231040919242,True,True,True
SEG_00594_Z01,SEG_00594,QUEENS MIDTOWN TUNL EXIT,Open Field,2,20.000000000011177,23.351443415342914,25.18205056666651,True,False,False
SEG_00594_Z02,SEG_00594,QUEENS MIDTOWN TUNL EXIT,Vegetated Buffer,1,10.00000000000346,20.463559403555767,24.247753391621654,False,True,False
SEG_00594_Z03,SEG_00594,QUEENS MIDTOWN TUNL EXIT,Open Field,1,9.999999999972317,21.222341746770102,24.255435541821452,False,False,False
SEG_00594_Z04,SEG_00594,QUEENS MIDTOWN TUNL EXIT,Vegetated Buffer,1,10.000000000007713,20.283996248990416,24.974276042496903,False,True,False
SEG_00594_Z05,SEG_00594,QUEENS MIDTOWN TUNL EXIT,Open Field,5,48.55856686406752,23.2067928529874,22.830933004074808,True,False,False
SEG_00595_Z01,SEG_00595,E 37 ST,Exposed Edge,3,29.99999999998801,27.61116400191545,9.371970440289344,True,False,False
SEG_00595_Z02,SEG_00595,E 37 ST,Screened Edge,2,20.00000000002735,10.58497897749893,9.20551164476731,True,True,True
SEG_00595_Z03,SEG_00595,E 37 ST,Vegetated Buffer,4,39.999999999984006,10.870526271336901,14.982359152907481,True,True,True
SEG_00595_Z04,SEG_00595,E 37 ST,Screened Edge,3,29.9999999999923,7.541984893754755,9.53848056847192,True,True,True
SEG_00595_Z05,SEG_00595,E 37 ST,Vegetated Buffer,1,9.999999999996001,13.702745592225112,12.816163448978237,False,True,False
SEG_00596_Z01,SEG_00596,PARK AVE,Open Field,2,20.000000000001823,30.631725834539658,21.258925598821904,True,False,False
SEG_00596_Z02,SEG_00596,PARK AVE,Vegetated Buffer,6,60.00000000000547,10.805159958840958,19.706702177564683,True,True,True
SEG_00597_Z01,SEG_00597,E 34 ST,Vegetated Buffer,15,148.0490406936889,11.7044378079534,16.06316832862571,True,True,True
SEG_00598_Z01,SEG_00598,LEXINGTON AVE,Vegetated Buffer,8,80.00000000000155,10.37953187002876,12.843021736841962,True,True,True
SEG_00599_Z01,SEG_00599,PARK AVE,Open Field,3,29.99999999999125,29.34770092754755,20.975273823292778,True,False,False
SEG_00599_Z02,SEG_00599,PARK AVE,Vegetated Buffer,5,50.00000000000222,16.459769482388857,21.16273337525239,True,True,True
SEG_00600_Z01,SEG_00600,PARK AVE,Open Field,8,79.99999999999571,28.65600298363445,12.504494476710512,True,False,False
SEG_00601_Z01,SEG_00601,E 34 ST,Open Field,1,7.794849763770739,24.455995400618473,23.439669719631283,False,False,False
SEG_00602_Z01,SEG_00602,E 34 ST,Open Field,1,9.021680630952657,29.323102793540475,22.611263569365608,False,False,False
SEG_00603_Z01,SEG_00603,PARK AVE,Open Field,6,60.00000000000558,24.064832657931305,13.594455118676656,True,False,False
SEG_00603_Z02,SEG_00603,PARK AVE,Vegetated Buffer,3,25.423720839485366,16.92119685072717,13.028009941145866,True,True,True
SEG_00604_Z01,SEG_00604,E 35 ST,Vegetated Buffer,1,10.00000000000904,11.039025814590198,10.363828153216208,False,True,False
SEG_00604_Z02,SEG_00604,E 35 ST,Screened Edge,4,40.00000000000519,5.13153423526959,8.574953600169025,True,True,True
SEG_00604_Z03,SEG_00604,E 35 ST,Vegetated Buffer,1,9.999999999973738,8.681711714102537,9.951636376214807,False,True,False
SEG_00604_Z04,SEG_00604,E 35 ST,Screened Edge,2,20.00000000001808,4.909869655943115,9.447758600701151,True,True,True
SEG_00604_Z05,SEG_00604,E 35 ST,Vegetated Buffer,2,19.999999999987104,6.142610897856905,10.14022302141596,True,True,True
SEG_00604_Z06,SEG_00604,E 35 ST,Screened Edge,4,40.00000000000519,6.25809143643408,9.79364982385385,True,True,True
SEG_00604_Z07,SEG_00604,E 35 ST,Vegetated Buffer,1,6.370967791142399,17.121821473742678,13.701805883620885,False,True,False
SEG_00605_Z01,SEG_00605,PARK AVE,Open Field,1,10.000000000006107,27.830349416306014,23.856746773536216,False,False,False
SEG_00605_Z02,SEG_00605,PARK AVE,Vegetated Buffer,8,75.30850707864045,16.038212678062106,21.588542809436234,True,True,True
SEG_00606_Z01,SEG_00606,2 AVE,Vegetated Buffer,8,78.00584445473362,12.152294342325437,15.472844829792221,True,True,True
SEG_00607_Z01,SEG_00607,QUEENS MIDTOWN TUNL EXIT,Open Field,3,28.65558719024842,34.502895402734545,21.381609251610286,True,False,False
SEG_00608_Z01,SEG_00608,QUEENS MIDTOWN TUNL EXIT,Open Field,1,10.000000000002935,36.37033243292942,17.987294011417482,False,False,False
SEG_00609_Z01,SEG_00609,QUEENS MIDTOWN TUNL EXIT,Open Field,1,10.00000000000273,25.880766431468363,14.831953168955037,False,False,False
SEG_00609_Z02,SEG_00609,QUEENS MIDTOWN TUNL EXIT,Vegetated Buffer,1,5.430512599178567,15.883431784983962,9.995227411944485,False,True,False
SEG_00610_Z01,SEG_00610,QUEENS MIDTOWN TUNL EXIT,Screened Edge,1,9.99999999999409,10.642638939750377,7.848554912786624,False,True,False
SEG_00611_Z01,SEG_00611,QUEENS MIDTOWN TUNL EXIT,Open Field,2,19.999999999998284,32.100052170899765,22.660524523369407,True,False,False
SEG_00612_Z01,SEG_00612,QUEENS MIDTOWN TUNL EXIT,Open Field,2,17.60022762800437,26.480977566609287,15.9459833800768,True,False,False
SEG_00613_Z01,SEG_00613,E 37 ST,Screened Edge,2,19.898029576375407,10.993870888546356,9.368199294082935,True,True,True
SEG_00614_Z01,SEG_00614,E 37 ST,Vegetated Buffer,1,10.00000000000145,18.408986385762947,13.837774719889035,False,True,False
SEG_00614_Z02,SEG_00614,E 37 ST,Screened Edge,5,50.00000000001156,7.09170470343913,9.039827573156789,True,True,True
SEG_00615_Z01,SEG_00615,QUEENS MIDTOWN TUNL EXIT,Screened Edge,1,9.999999999989281,18.927294202825944,7.466858083367997,False,True,False
SEG_00615_Z02,SEG_00615,QUEENS MIDTOWN TUNL EXIT,Exposed Edge,5,50.000000000019114,26.519049510527044,5.933349627202165,True,False,False
SEG_00615_Z03,SEG_00615,QUEENS MIDTOWN TUNL EXIT,Screened Edge,2,18.64684457631335,13.546130226979331,6.885833529469801,True,True,True
SEG_00616_Z01,SEG_00616,E 38 ST,Vegetated Buffer,1,9.999999999992685,13.268443525690456,10.483911514293823,False,True,False
SEG_00616_Z02,SEG_00616,E 38 ST,Screened Edge,3,30.000000000009024,4.738289655769312,9.705517248545538,True,True,True
SEG_00616_Z03,SEG_00616,E 38 ST,Vegetated Buffer,4,40.000000000001705,5.139404908301282,13.577176872566842,True,True,True
SEG_00616_Z04,SEG_00616,E 38 ST,Screened Edge,4,40.000000000001705,6.132633531608139,9.036873053039319,True,True,True
SEG_00616_Z05,SEG_00616,E 38 ST,Vegetated Buffer,1,9.999999999992685,15.568619998471213,11.398085293938058,False,True,False
SEG_00617_Z01,SEG_00617,E 38 ST,Vegetated Buffer,1,10.000000000014552,15.406018414446157,14.463893035722524,False,True,False
SEG_00617_Z02,SEG_00617,E 38 ST,Screened Edge,7,69.99999999997759,7.3346278595553605,9.349599147650144,True,True,True
SEG_00618_Z01,SEG_00618,QUEENS MIDTOWN TUNL EXIT,Screened Edge,2,20.00000000001039,19.01168401074961,7.607402136094354,True,True,True
SEG_00618_Z02,SEG_00618,QUEENS MIDTOWN TUNL EXIT,Exposed Edge,4,39.999999999995836,28.816863530089357,6.9754111794324665,True,False,False
SEG_00618_Z03,SEG_00618,QUEENS MIDTOWN TUNL EXIT,Screened Edge,2,18.723200975579548,16.520142013489732,8.109630946958442,True,True,True
SEG_00619_Z01,SEG_00619,E 39 ST,Screened Edge,13,130.0000000000053,7.069092772008907,9.081320204933515,True,True,True
SEG_00620_Z01,SEG_00620,PARK AVE,Open Field,1,10.000000000001386,24.17781788253693,16.301445227088514,False,False,False
SEG_00620_Z02,SEG_00620,PARK AVE,Vegetated Buffer,8,75.17850428769465,9.209278855381386,12.944902966140974,True,True,True
SEG_00621_Z01,SEG_00621,E 35 ST,Vegetated Buffer,1,9.48241980251533,15.650168815577661,18.222142431899563,False,True,False
SEG_00622_Z01,SEG_00622,E 35 ST,Vegetated Buffer,1,8.930219879712672,15.680406516675413,19.335308958260867,False,True,False
SEG_00623_Z01,SEG_00623,E 36 ST,Vegetated Buffer,1,10.00000000000324,14.964635384084945,11.245204383554784,False,True,False
SEG_00623_Z02,SEG_00623,E 36 ST,Screened Edge,2,20.00000000000648,4.928309650748237,9.165722445563357,True,True,True
SEG_00623_Z03,SEG_00623,E 36 ST,Vegetated Buffer,1,9.999999999976536,4.230736970531345,11.588095939707703,False,True,False
SEG_00623_Z04,SEG_00623,E 36 ST,Screened Edge,5,50.00000000001621,3.352706022634704,9.779732613833875,True,True,True
SEG_00623_Z05,SEG_00623,E 36 ST,Vegetated Buffer,2,20.00000000001079,3.6872283487545765,10.01988973085944,True,True,True
SEG_00623_Z06,SEG_00623,E 36 ST,Screened Edge,1,9.999999999972227,2.4029956661032053,9.831424266230794,False,True,False
SEG_00623_Z07,SEG_00623,E 36 ST,Vegetated Buffer,3,26.15510831918243,8.671390825297083,11.301269780313385,True,True,True
SEG_00624_Z01,SEG_00624,PARK AVE,Vegetated Buffer,8,78.02177073646403,9.44621536182902,12.57899970852859,True,True,True
SEG_00625_Z01,SEG_00625,PARK AVE,Vegetated Buffer,8,78.12385408523528,5.479785221700298,21.55560206873623,True,True,True
SEG_00626_Z01,SEG_00626,PARK AVE,Vegetated Buffer,8,77.73842972871324,8.20436374867795,13.191311723929218,True,True,True
SEG_00627_Z01,SEG_00627,E 35 ST,Vegetated Buffer,1,10.000000000009432,16.54449041913511,12.004747099338916,False,True,False
SEG_00627_Z02,SEG_00627,E 35 ST,Screened Edge,3,29.999999999992937,9.027963211038454,9.734023220325895,True,True,True
SEG_00627_Z03,SEG_00627,E 35 ST,Vegetated Buffer,7,69.99999999999959,5.752866863656556,11.50407938464554,True,True,True
SEG_00627_Z04,SEG_00627,E 35 ST,Screened Edge,3,29.99999999999722,7.607177272440889,8.714827017232937,True,True,True
SEG_00627_Z05,SEG_00627,E 35 ST,Vegetated Buffer,1,7.519469858536763,13.252132645110649,13.447737504559543,False,True,False
SEG_00628_Z01,SEG_00628,E 36 ST,Vegetated Buffer,1,9.97844606464931,15.781356714447606,18.934509417112846,False,True,False
SEG_00629_Z01,SEG_00629,E 36 ST,Vegetated Buffer,1,8.485684205746514,15.94593950605669,19.12635783994974,False,True,False
SEG_00630_Z01,SEG_00630,SNIFFEN CT,Screened Edge,3,29.99999999999411,9.94764570172339,3.1768513652033192,True,True,True
SEG_00630_Z02,SEG_00630,SNIFFEN CT,Exposed Edge,1,9.893269115480116,27.716774272830047,1.303664617619918,False,False,False
SEG_00631_Z01,SEG_00631,E 36 ST,Screened Edge,5,50.00000000000739,8.165421614566087,9.268698303959985,True,True,True
SEG_00631_Z02,SEG_00631,E 36 ST,Vegetated Buffer,1,10.000000000004057,18.312133675659656,13.071559384777888,False,True,False
SEG_00632_Z01,SEG_00632,3 AVE,Vegetated Buffer,8,78.51868450441471,12.72076090426812,14.989100923589074,True,True,True
SEG_00633_Z01,SEG_00633,LEXINGTON AVE,Vegetated Buffer,8,78.35363180695124,11.40802413732713,11.415189858861924,True,True,True
SEG_00634_Z01,SEG_00634,E 36 ST,Vegetated Buffer,1,9.999999999992632,16.39194340585531,11.480473408578595,False,True,False
SEG_00634_Z02,SEG_00634,E 36 ST,Screened Edge,8,80.00000000001175,6.681786317547627,9.381013966065188,True,True,True
SEG_00635_Z01,SEG_00635,3 AVE,Vegetated Buffer,8,78.29154689569643,11.941922356240418,15.732409454075183,True,True,True
SEG_00636_Z01,SEG_00636,E 37 ST,Vegetated Buffer,1,10.000000000012522,11.967680671169745,11.295011396717749,False,True,False
SEG_00636_Z02,SEG_00636,E 37 ST,Screened Edge,4,39.99999999999228,4.401939508608635,9.296943352780215,True,True,True
SEG_00636_Z03,SEG_00636,E 37 ST,Vegetated Buffer,6,60.00000000000681,6.948427979102838,10.549759239174756,True,True,True
SEG_00636_Z04,SEG_00636,E 37 ST,Screened Edge,3,29.999999999985207,6.031336382129695,9.05249480432156,True,True,True
SEG_00636_Z05,SEG_00636,E 37 ST,Vegetated Buffer,1,10.000000000005418,14.65190216909082,10.444375030263563,False,True,False
SEG_00637_Z01,SEG_00637,LEXINGTON AVE,Vegetated Buffer,8,78.45216249508935,10.138864189195235,11.557493036662876,True,True,True
SEG_00638_Z01,SEG_00638,ALLEY,Screened Edge,3,30.000000000005567,13.051260959655844,5.0263203274356085,True,True,True
SEG_00638_Z02,SEG_00638,ALLEY,Exposed Edge,3,29.999999999997783,27.985340985565315,4.331697117498586,True,False,False
SEG_00638_Z03,SEG_00638,ALLEY,Screened Edge,2,18.362428007835078,14.101336495708772,5.679592476958539,True,True,True
SEG_00639_Z01,SEG_00639,E 38 ST,Vegetated Buffer,1,9.999999999998877,14.427865692598195,11.313867382894282,False,True,False
SEG_00639_Z02,SEG_00639,E 38 ST,Screened Edge,13,130.0000000000153,6.241923096632802,9.188640568429882,True,True,True
SEG_00639_Z03,SEG_00639,E 38 ST,Vegetated Buffer,1,9.999999999988136,13.829175418828944,11.00855697167976,False,True,False
SEG_00640_Z01,SEG_00640,PARK AVE,Vegetated Buffer,8,78.38306050375726,8.696782623725639,11.85964080395662,True,True,True
SEG_00641_Z01,SEG_00641,PARK AVE,Vegetated Buffer,8,78.53229606948712,3.8318608777079257,21.278258571032225,True,True,True
SEG_00642_Z01,SEG_00642,PARK AVE,Vegetated Buffer,8,78.76737118118558,9.293137387714417,12.856248555254345,True,True,True
SEG_00643_Z01,SEG_00643,E 36 ST,Vegetated Buffer,1,9.999999999989972,14.651456589481837,12.211997784757,False,True,False
SEG_00643_Z02,SEG_00643,E 36 ST,Screened Edge,4,40.0000000000219,6.111586884705709,9.212103138146968,True,True,True
SEG_00643_Z03,SEG_00643,E 36 ST,Vegetated Buffer,5,49.99999999998087,5.324666234357397,11.459696740742356,True,True,True
SEG_00643_Z04,SEG_00643,E 36 ST,Screened Edge,4,40.0000000000219,7.497737962314354,9.143851445530295,True,True,True
SEG_00643_Z05,SEG_00643,E 36 ST,Vegetated Buffer,1,7.993773493434842,15.188300110646793,13.459620205601233,False,True,False
SEG_00644_Z01,SEG_00644,E 37 ST,Vegetated Buffer,1,10.000000000002991,15.602420948020027,18.173858888706786,False,True,False
SEG_00645_Z01,SEG_00645,E 37 ST,Vegetated Buffer,1,8.739682488625258,13.79650285933552,19.36342760452709,False,True,False
SEG_00646_Z01,SEG_00646,PARK AVE,Vegetated Buffer,8,78.47341367120258,9.712533431390689,12.235537293015774,True,True,True
SEG_00647_Z01,SEG_00647,PARK AVE,Vegetated Buffer,8,78.46057172274641,4.396737473576081,21.533179235876194,True,True,True
SEG_00648_Z01,SEG_00648,PARK AVE,Vegetated Buffer,8,78.50114454158673,7.6125047978008755,12.843494596861618,True,True,True
SEG_00649_Z01,SEG_00649,E 37 ST,Vegetated Buffer,1,9.999999999997636,20.359128654853823,10.679567664789408,False,True,False
SEG_00649_Z02,SEG_00649,E 37 ST,Exposed Edge,3,29.999999999988603,26.11138461560248,8.653483963236782,True,False,False
SEG_00649_Z03,SEG_00649,E 37 ST,Open Field,1,10.000000000028663,21.689066866646684,10.115859875572161,False,False,False
SEG_00649_Z04,SEG_00649,E 37 ST,Vegetated Buffer,6,59.999999999977206,5.321503378849659,10.751227756245013,True,True,True
SEG_00649_Z05,SEG_00649,E 37 ST,Screened Edge,3,30.000000000023935,6.177768663507031,9.295478292618746,True,True,True
SEG_00649_Z06,SEG_00649,E 37 ST,Vegetated Buffer,1,7.454357000767532,10.221389014674397,13.79359516589005,False,True,False
SEG_00650_Z01,SEG_00650,3 AVE,Vegetated Buffer,8,79.99999999999258,12.39104298433012,14.408503513327865,True,True,True
SEG_00651_Z01,SEG_00651,E 39 ST,Vegetated Buffer,2,19.999999999998373,16.49438047640974,13.353483802579174,True,True,True
SEG_00651_Z02,SEG_00651,E 39 ST,Screened Edge,6,60.00000000000401,6.534946879588276,9.187858914448585,True,True,True
SEG_00651_Z03,SEG_00651,E 39 ST,Vegetated Buffer,1,5.058568247392314,16.87613407777697,11.699809208029695,False,True,False
SEG_00652_Z01,SEG_00652,QUEENS MIDTOWN TUNL EXIT,Screened Edge,2,19.99999999999277,17.838639342890737,7.5442236333978325,True,True,True
SEG_00652_Z02,SEG_00652,QUEENS MIDTOWN TUNL EXIT,Exposed Edge,6,58.340775283550514,34.2294099982132,7.356135286550557,True,False,False
SEG_00653_Z01,SEG_00653,3 AVE,Vegetated Buffer,8,76.78236684856704,12.255148221276507,14.78110695850004,True,True,True
SEG_00654_Z01,SEG_00654,E 40 ST,Vegetated Buffer,2,19.999999999988315,17.612870597143893,13.038467768745704,True,True,True
SEG_00654_Z02,SEG_00654,E 40 ST,Exposed Edge,2,20.000000000019345,21.282162526039357,9.803602991948095,True,False,False
SEG_00654_Z03,SEG_00654,E 40 ST,Screened Edge,4,39.99999999997663,11.356159944595372,9.754937644366063,True,True,True
SEG_00655_Z01,SEG_00655,QUEENS MIDTOWN TUNL EXIT,Exposed Edge,6,60.00000000000601,31.306093232004798,6.972834012725317,True,False,False
SEG_00655_Z02,SEG_00655,QUEENS MIDTOWN TUNL EXIT,Screened Edge,2,18.298621051477642,12.74348578174557,8.036122692831015,True,True,True
SEG_00656_Z01,SEG_00656,3 AVE,Vegetated Buffer,8,78.23728200199537,14.230984366883249,15.322162363268147,True,True,True
SEG_00657_Z01,SEG_00657,E 40 ST,Vegetated Buffer,1,9.999999999988555,17.21959056252842,11.349123329513521,False,True,False
SEG_00657_Z02,SEG_00657,E 40 ST,Screened Edge,13,130.00000000002368,6.916276625881157,8.940668861875567,True,True,True
SEG_00657_Z03,SEG_00657,E 40 ST,Vegetated Buffer,1,9.999999999992845,17.182110858797362,10.36899451366378,False,True,False
SEG_00658_Z01,SEG_00658,E 41 ST,Vegetated Buffer,1,9.999999999991534,19.910252980029345,14.410193401627437,False,True,False
SEG_00658_Z02,SEG_00658,E 41 ST,Screened Edge,4,40.00000000001962,9.339520104484688,9.465902247590527,True,True,True
SEG_00658_Z03,SEG_00658,E 41 ST,Vegetated Buffer,3,29.999999999997044,6.086766132844285,11.272635415434463,True,True,True
SEG_00659_Z01,SEG_00659,3 AVE,Vegetated Buffer,7,69.99999999998981,12.193565912318451,15.368910555788586,True,True,True
SEG_00659_Z02,SEG_00659,3 AVE,Open Field,1,10.000000000016458,21.57925650123021,16.56708730985297,False,False,False
SEG_00660_Z01,SEG_00660,LEXINGTON AVE,Vegetated Buffer,8,78.51313810503558,9.644794672325371,11.609952658911956,True,True,True
SEG_00661_Z01,SEG_00661,E 37 ST,Vegetated Buffer,1,9.999999999989525,15.743615967512168,10.436131902970963,False,True,False
SEG_00661_Z02,SEG_00661,E 37 ST,Screened Edge,4,40.00000000002446,5.784590546692341,9.083977612160698,True,True,True
SEG_00661_Z03,SEG_00661,E 37 ST,Vegetated Buffer,5,49.999999999978655,5.008518575015513,10.195340668020073,True,True,True
SEG_00661_Z04,SEG_00661,E 37 ST,Screened Edge,4,40.00000000002446,6.570413991094895,9.00472213311422,True,True,True
SEG_00661_Z05,SEG_00661,E 37 ST,Vegetated Buffer,1,6.213909403065827,15.50653159230713,13.655854790397223,False,True,False
SEG_00662_Z01,SEG_00662,E 39 ST,Vegetated Buffer,1,9.999999999998387,17.14423152742789,10.449833770068699,False,True,False
SEG_00662_Z02,SEG_00662,E 39 ST,Screened Edge,14,139.999999999996,6.491346653693826,8.770961163916244,True,True,True
SEG_00663_Z01,SEG_00663,LEXINGTON AVE,Vegetated Buffer,8,78.63046293477518,9.867908543765228,11.508366445668548,True,True,True
SEG_00664_Z01,SEG_00664,E 38 ST,Vegetated Buffer,1,9.999999999987947,11.998966649860021,10.994046849189573,False,True,False
SEG_00664_Z02,SEG_00664,E 38 ST,Screened Edge,13,130.0000000000166,8.121359481264902,9.003539976462324,True,True,True
SEG_00664_Z03,SEG_00664,E 38 ST,Vegetated Buffer,1,6.052424917329634,16.455329249281032,13.614823137493516,False,True,False
SEG_00665_Z01,SEG_00665,LEXINGTON AVE,Open Field,1,9.999999999998264,21.296711835514166,12.431031303178678,False,False,False
SEG_00665_Z02,SEG_00665,LEXINGTON AVE,Vegetated Buffer,7,68.33055441799465,11.613364331882147,11.79465495271595,True,True,True
SEG_00666_Z01,SEG_00666,E 39 ST,Vegetated Buffer,1,10.000000000005368,13.374416049977519,10.608356591770088,False,True,False
SEG_00666_Z02,SEG_00666,E 39 ST,Screened Edge,5,49.99999999999149,7.58830079554203,8.979238068510451,True,True,True
SEG_00666_Z03,SEG_00666,E 39 ST,Vegetated Buffer,5,49.99999999999577,5.119140431698165,10.460282956704585,True,True,True
SEG_00666_Z04,SEG_00666,E 39 ST,Screened Edge,3,30.000000000011823,7.903356312116917,9.093759032464462,True,True,True
SEG_00666_Z05,SEG_00666,E 39 ST,Vegetated Buffer,1,6.116660031889543,17.670755824552383,13.75575746069628,False,True,False
SEG_00667_Z01,SEG_00667,E 39 ST,Vegetated Buffer,1,10.000000000001927,12.3275074167278,18.126179383043862,False,True,False
SEG_00668_Z01,SEG_00668,LEXINGTON AVE,Vegetated Buffer,8,78.53591569177156,10.919217837859089,11.50141397618684,True,True,True
SEG_00669_Z01,SEG_00669,E 40 ST,Vegetated Buffer,1,9.999999999996238,17.524207605680317,10.728554745331966,False,True,False
SEG_00669_Z02,SEG_00669,E 40 ST,Screened Edge,9,90.00000000001106,6.192629506300985,9.330883861505882,True,True,True
SEG_00669_Z03,SEG_00669,E 40 ST,Exposed Edge,4,39.99999999997636,25.91581708095731,9.218024562201313,True,False,False
SEG_00670_Z01,SEG_00670,MADISON AVE,Vegetated Buffer,8,78.58121962634632,9.432026338326502,13.06840013980735,True,True,True
SEG_00671_Z01,SEG_00671,E 38 ST,Vegetated Buffer,1,9.99364894359301,15.285815663056317,18.713110407030026,False,True,False
SEG_00672_Z01,SEG_00672,E 38 ST,Vegetated Buffer,1,9.029335704772485,15.321254841018282,19.24199769887716,False,True,False
SEG_00673_Z01,SEG_00673,PARK AVE,Vegetated Buffer,8,78.26108455025096,8.357694974263042,11.40554775219866,True,True,True
SEG_00674_Z01,SEG_00674,PARK AVE,Vegetated Buffer,8,78.11901970805495,3.6432676140760396,21.312937487185753,True,True,True
SEG_00675_Z01,SEG_00675,PARK AVE,Vegetated Buffer,8,78.15367490800065,7.658844010008023,13.501198105340979,True,True,True
SEG_00676_Z01,SEG_00676,E 38 ST,Vegetated Buffer,1,10.000000000008923,20.118470935018475,11.185128235304239,False,True,False
SEG_00676_Z02,SEG_00676,E 38 ST,Screened Edge,4,40.0000000000021,8.884930538148772,8.989058270164119,True,True,True
SEG_00676_Z03,SEG_00676,E 38 ST,Vegetated Buffer,1,9.999999999989415,4.877432960395808,10.18204166975888,False,True,False
SEG_00676_Z04,SEG_00676,E 38 ST,Screened Edge,1,9.999999999993696,4.14688908992213,9.479237689969201,False,True,False
SEG_00676_Z05,SEG_00676,E 38 ST,Vegetated Buffer,4,40.00000000001981,6.634952687044844,10.072901274717612,True,True,True
SEG_00676_Z06,SEG_00676,E 38 ST,Screened Edge,3,29.999999999999318,5.852231430241069,9.227464903480213,True,True,True
SEG_00676_Z07,SEG_00676,E 38 ST,Vegetated Buffer,1,7.157301214629553,12.821737762322426,13.807797699064006,False,True,False
SEG_00677_Z01,SEG_00677,MADISON AVE,Vegetated Buffer,7,69.99999999999388,11.538976264450968,11.392478264902154,True,True,True
SEG_00677_Z02,SEG_00677,MADISON AVE,Open Field,1,8.073588371632454,24.077975540521898,13.081204667167142,False,False,False
SEG_00678_Z01,SEG_00678,E 39 ST,Vegetated Buffer,1,8.94212799667148,12.257407696203067,19.71239302720142,False,True,False
SEG_00679_Z01,SEG_00679,ALLEY,Screened Edge,2,20.00000000000287,13.916657267610749,3.8557714273282175,True,True,True
SEG_00679_Z02,SEG_00679,ALLEY,Exposed Edge,4,39.9999999999985,27.04822053697233,3.1420401681036245,True,False,False
SEG_00679_Z03,SEG_00679,ALLEY,Screened Edge,2,18.813074503725044,10.008296939068021,5.159488466149181,True,True,True
SEG_00680_Z01,SEG_00680,PARK AVE,Vegetated Buffer,7,70.00000000000328,7.328629651334496,11.165722128769469,True,True,True
SEG_00680_Z02,SEG_00680,PARK AVE,Open Field,1,8.547092051273182,20.865333633393544,11.826815704426833,False,False,False
SEG_00681_Z01,SEG_00681,PARK AVE,Vegetated Buffer,7,69.99999999999383,14.19718386792104,21.568291050191025,True,True,True
SEG_00681_Z02,SEG_00681,PARK AVE,Open Field,1,8.938093595972376,21.07804198956385,21.73408210095,False,False,False
SEG_00682_Z01,SEG_00682,PARK AVE,Vegetated Buffer,8,78.9647753263045,7.131927324606416,12.79156334123935,True,True,True
SEG_00683_Z01,SEG_00683,E 40 ST,Open Field,1,10.000000000000457,22.92953838609518,19.64398999110712,False,False,False
SEG_00684_Z01,SEG_00684,CONNECTOR,Vegetated Buffer,2,15.170846145315597,19.688027444473022,19.986263159465153,True,True,True
SEG_00685_Z01,SEG_00685,E 40 ST,Open Field,1,9.595647559017749,21.974600658453674,18.686219127268533,False,False,False
SEG_00686_Z01,SEG_00686,PARK AVE,Open Field,1,9.068566998208855,23.063295203060488,21.525547589748346,False,False,False
SEG_00687_Z01,SEG_00687,CONNECTOR,Open Field,1,9.999999999993937,24.814937874844805,16.14038208447613,False,False,False
SEG_00688_Z01,SEG_00688,E 41 ST,Exposed Edge,13,130.00000000000773,46.20668204114672,9.343925420923787,True,False,False
SEG_00688_Z02,SEG_00688,E 41 ST,Open Field,1,9.999999999981492,23.34162607022575,9.965819116014107,False,False,False
SEG_00689_Z01,SEG_00689,PARK AVE,Vegetated Buffer,4,39.99999999999936,8.486873848984121,19.317975547967592,True,True,True
SEG_00689_Z02,SEG_00689,PARK AVE,Screened Edge,1,10.000000000009434,5.433128550857421,9.340165108211329,False,True,False
SEG_00689_Z03,SEG_00689,PARK AVE,Vegetated Buffer,3,28.592314501701512,11.689657407375748,15.797231247499477,True,True,True
SEG_00690_Z01,SEG_00690,PARK AVE,Vegetated Buffer,6,60.00000000000718,18.42339526108109,21.269935718357015,True,True,True
SEG_00690_Z02,SEG_00690,PARK AVE,Open Field,1,8.701218297551206,25.533057014713698,15.010947846998606,False,False,False
SEG_00691_Z01,SEG_00691,PARK AVE,Open Field,8,77.8265523674411,28.113920066997125,10.828867714472727,True,False,False
SEG_00692_Z01,SEG_00692,E 41 ST,Open Field,1,10.000000000005931,25.705565469394884,11.091004091273893,False,False,False
SEG_00693_Z01,SEG_00693,E 41 ST,Open Field,1,9.999999999997385,29.725019163488742,11.412011424678804,False,False,False
SEG_00694_Z01,SEG_00694,E 42 ST,Open Field,10,99.99999999999504,111.42985876557475,15.446550978770702,True,False,False
SEG_00695_Z01,SEG_00695,PARK AVE,Exposed Edge,7,69.99999999999996,54.658569790312434,7.934691186460867,True,False,False
SEG_00695_Z02,SEG_00695,PARK AVE,Open Field,1,10.00000000000514,85.4056438652949,10.865183538664146,False,False,False
SEG_00696_Z01,SEG_00696,PARK AVE,Exposed Edge,8,80.00000000000327,52.56822246465592,1.7360829106520506,True,False,False
SEG_00697_Z01,SEG_00697,E 41 ST,Vegetated Buffer,1,9.99999999998986,19.495912765866347,11.629152070303657,False,True,False
SEG_00697_Z02,SEG_00697,E 41 ST,Screened Edge,5,50.00000000002422,9.65828338129364,9.226692188411885,True,True,True
SEG_00697_Z03,SEG_00697,E 41 ST,Exposed Edge,4,39.999999999999076,32.35763315319477,9.118337193486127,True,False,False
SEG_00697_Z04,SEG_00697,E 41 ST,Screened Edge,4,39.999999999999076,11.454260727021115,8.966274459922223,True,True,True
SEG_00698_Z01,SEG_00698,PARK AVE,Exposed Edge,7,70.00000000000198,40.98664975141732,7.16040917574191,True,False,False
SEG_00698_Z02,SEG_00698,PARK AVE,Open Field,1,9.999999999996877,73.9881125570643,10.226298758448294,False,False,False
SEG_00699_Z01,SEG_00699,E 42 ST,Open Field,4,40.000000000003595,104.02410764414633,15.082709545100743,True,False,False
SEG_00700_Z01,SEG_00700,E 39 ST,Vegetated Buffer,1,9.99999999999691,12.147112920261893,11.267553073366823,False,True,False
SEG_00700_Z02,SEG_00700,E 39 ST,Screened Edge,4,40.00000000000423,5.893753947527508,9.228338479939115,True,True,True
SEG_00700_Z03,SEG_00700,E 39 ST,Vegetated Buffer,2,19.9999999999872,7.346500762797987,10.553605939348863,True,True,True
SEG_00700_Z04,SEG_00700,E 39 ST,Screened Edge,7,70.00000000002366,9.188739566306555,9.555537886565073,True,True,True
SEG_00700_Z05,SEG_00700,E 39 ST,Vegetated Buffer,1,7.55837296378283,11.301945179782924,14.051101686165476,False,True,False
SEG_00701_Z01,SEG_00701,MADISON AVE,Open Field,7,70.00000000000148,33.61242210042867,11.821469729461498,True,False,False
SEG_00701_Z02,SEG_00701,MADISON AVE,Vegetated Buffer,1,8.890091095092266,18.2220013064187,12.925527444404402,False,True,False
SEG_00702_Z01,SEG_00702,E 40 ST,Vegetated Buffer,1,9.999999999991484,20.026124576576454,11.503716318303399,False,True,False
SEG_00702_Z02,SEG_00702,E 40 ST,Exposed Edge,3,29.999999999996913,24.57458546276101,9.516637880954056,True,False,False
SEG_00702_Z03,SEG_00702,E 40 ST,Screened Edge,8,80.00000000001215,11.499993363079863,9.419881336442462,True,True,True
SEG_00702_Z04,SEG_00702,E 40 ST,Exposed Edge,2,20.000000000009724,23.524637098140595,9.33329392055748,True,False,False
SEG_00702_Z05,SEG_00702,E 40 ST,Vegetated Buffer,1,6.174887095019168,20.41942682616011,13.826147144240805,False,True,False
SEG_00703_Z01,SEG_00703,MADISON AVE,Vegetated Buffer,3,30.000000000004,11.717036315063192,11.739436867659903,True,True,True
SEG_00703_Z02,SEG_00703,MADISON AVE,Open Field,1,9.999999999996168,21.994337421417697,11.580665071013959,False,False,False
SEG_00703_Z03,SEG_00703,MADISON AVE,Vegetated Buffer,4,38.4434083499738,13.573349948804495,11.827475359831316,True,True,True
SEG_00704_Z01,SEG_00704,E 39 ST,Vegetated Buffer,1,10.000000000012363,17.109940671452584,14.30250842915715,False,True,False
SEG_00704_Z02,SEG_00704,E 39 ST,Screened Edge,9,89.99999999999984,8.861304958635039,9.406964391959667,True,True,True
SEG_00704_Z03,SEG_00704,E 39 ST,Exposed Edge,5,49.9999999999729,31.066309443635483,9.286202744610236,True,False,False
SEG_00705_Z01,SEG_00705,MADISON AVE,Open Field,7,69.9999999999982,38.956253292192045,11.310047372360922,True,False,False
SEG_00705_Z02,SEG_00705,MADISON AVE,Vegetated Buffer,1,8.61682487258233,20.252378943837186,13.187704749987713,False,True,False
SEG_00706_Z01,SEG_00706,E 40 ST,Vegetated Buffer,1,10.000000000005901,15.088459072475962,13.552488193179027,False,True,False
SEG_00706_Z02,SEG_00706,E 40 ST,Screened Edge,2,19.99999999998077,17.607582403990975,8.659135466582942,True,True,True
SEG_00706_Z03,SEG_00706,E 40 ST,Exposed Edge,12,120.00000000000017,49.58437847663151,8.708403471902832,True,False,False
SEG_00707_Z01,SEG_00707,MADISON AVE,Vegetated Buffer,7,70.00000000000412,9.69573295797521,12.913317605234836,True,True,True
SEG_00707_Z02,SEG_00707,MADISON AVE,Open Field,1,9.999999999994039,25.121257693702688,15.232939224938617,False,False,False
SEG_00708_Z01,SEG_00708,E 41 ST,Open Field,1,10.000000000004212,43.69321695160495,13.570494692134144,False,False,False
SEG_00708_Z02,SEG_00708,E 41 ST,Exposed Edge,4,39.99999999998578,51.11179394146985,8.945941608965397,True,False,False
SEG_00708_Z03,SEG_00708,E 41 ST,Open Field,2,20.000000000008423,32.120508738058334,10.680115295544272,True,False,False
SEG_00708_Z04,SEG_00708,E 41 ST,Vegetated Buffer,4,39.999999999990074,12.733651150979574,10.56855885488608,True,True,True
SEG_00708_Z05,SEG_00708,E 41 ST,Open Field,2,20.000000000008423,26.146003451633014,10.465048998450573,True,False,False
SEG_00708_Z06,SEG_00708,E 41 ST,Vegetated Buffer,2,20.000000000008423,17.862448949801326,10.426080393679072,True,True,True
SEG_00709_Z01,SEG_00709,5 AVE,Vegetated Buffer,6,60.00000000000853,12.351701796741617,15.693743950195186,True,True,True
SEG_00709_Z02,SEG_00709,5 AVE,Open Field,2,18.361991660982113,34.30786584787812,15.420347300162273,True,False,False
SEG_00710_Z01,SEG_00710,E 41 ST,Vegetated Buffer,1,10.00000000000968,16.20156657248459,11.61137680447864,False,True,False
SEG_00710_Z02,SEG_00710,E 41 ST,Screened Edge,5,49.999999999977746,9.353437724143891,9.418029738762806,True,True,True
SEG_00710_Z03,SEG_00710,E 41 ST,Exposed Edge,2,20.000000000015056,26.291090437363025,9.37226383275987,True,False,False
SEG_00710_Z04,SEG_00710,E 41 ST,Screened Edge,6,59.999999999987416,9.486376777547884,9.399988792523772,True,True,True
SEG_00710_Z05,SEG_00710,E 41 ST,Vegetated Buffer,1,10.00000000000968,18.01646184060408,10.84475911539188,False,True,False
SEG_00711_Z01,SEG_00711,E 42 ST,Open Field,15,150.00000000000395,66.94266681924388,15.43835036872415,True,False,False
SEG_00712_Z01,SEG_00712,3 AVE,Open Field,1,10.00000000000986,22.80193304312833,18.46641426331192,False,False,False
SEG_00712_Z02,SEG_00712,3 AVE,Vegetated Buffer,7,69.99999999999469,13.474388251710256,15.038408663587775,True,True,True
SEG_00712_Z03,SEG_00712,3 AVE,Open Field,1,5.562698002722999,22.269469566715507,17.070893030613664,False,False,False
SEG_00713_Z01,SEG_00713,LEXINGTON AVE,Open Field,8,80.0000000000015,53.452581574751804,11.90461715625182,True,False,False
SEG_00714_Z01,SEG_00714,LEXINGTON AVE,Open Field,9,85.61075703050395,51.14208109113988,12.074505701202217,True,False,False
SEG_00715_Z01,SEG_00715,E 43 ST,Vegetated Buffer,1,10.000000000000329,16.27800315105935,11.83228763642715,False,True,False
SEG_00715_Z02,SEG_00715,E 43 ST,Screened Edge,13,129.99999999999136,7.317316447587144,9.297613155316046,True,True,True
SEG_00715_Z03,SEG_00715,E 43 ST,Vegetated Buffer,1,10.000000000000329,13.423963932945146,10.559096707652019,False,True,False
SEG_00716_Z01,SEG_00716,E 44 ST,Vegetated Buffer,1,9.999999999995444,15.756726520378004,11.764309030504549,False,True,False
SEG_00716_Z02,SEG_00716,E 44 ST,Screened Edge,7,69.99999999999051,5.988825904950377,9.537742505639567,True,True,True
SEG_00716_Z03,SEG_00716,E 44 ST,Vegetated Buffer,1,10.00000000002646,12.053662433816182,10.266896044450021,False,True,False
SEG_00716_Z04,SEG_00716,E 44 ST,Exposed Edge,2,19.999999999986578,22.043926847493562,9.632447110081863,True,False,False
SEG_00716_Z05,SEG_00716,E 44 ST,Screened Edge,3,30.00000000001304,7.82981608591255,8.712889132627657,True,True,True
SEG_00716_Z06,SEG_00716,E 44 ST,Vegetated Buffer,1,9.999999999995444,10.982515874499304,10.223519841586123,False,True,False
SEG_00717_Z01,SEG_00717,LEXINGTON AVE,Open Field,6,60.00000000000013,28.16056817639749,11.696194412045797,True,False,False
SEG_00717_Z02,SEG_00717,LEXINGTON AVE,Vegetated Buffer,2,19.365086878034507,19.64528595507513,11.760906449198233,True,True,True
SEG_00718_Z01,SEG_00718,DE PEW PL,Open Field,1,9.999999999996524,117.7664845899909,13.43805358717387,False,False,False
SEG_00718_Z02,SEG_00718,DE PEW PL,Exposed Edge,23,229.99999999999895,121.20644622964939,7.814371573470431,True,False,False
SEG_00719_Z01,SEG_00719,LEXINGTON AVE,Open Field,1,9.999999999995195,22.62339609365073,11.779136432635015,False,False,False
SEG_00719_Z02,SEG_00719,LEXINGTON AVE,Vegetated Buffer,7,69.39084478444704,13.184011665911529,11.827563360917619,True,True,True
SEG_00720_Z01,SEG_00720,E 42 ST,Open Field,1,9.999999999992394,88.89847798326787,16.94666128891189,False,False,False
SEG_00721_Z01,SEG_00721,E 42 ST,Open Field,1,9.999999999994257,84.39269714247034,16.984035457903722,False,False,False
SEG_00722_Z01,SEG_00722,PARK AVE VIADUCT,Open Field,2,20.000000000006064,96.10439154057431,19.83345551419702,True,False,False
SEG_00723_Z01,SEG_00723,E 42 ST,Open Field,5,50.00000000000528,80.89033456440485,14.955269756050455,True,False,False
SEG_00724_Z01,SEG_00724,PARK AVE VIADUCT,Exposed Edge,1,8.15077116677044,113.2768209921256,4.621093970834442,False,False,False
SEG_00725_Z01,SEG_00725,E 42 ST,Open Field,9,89.99999999999483,57.75237752473432,15.274937621329542,True,False,False
SEG_00726_Z01,SEG_00726,VANDERBILT AVE,Open Field,7,70.00000000000172,95.98779215528761,11.462555142981643,True,False,False
SEG_00726_Z02,SEG_00726,VANDERBILT AVE,Exposed Edge,1,9.99999999999432,96.01027026773973,9.901459273551644,False,False,False
SEG_00726_Z03,SEG_00726,VANDERBILT AVE,Open Field,1,6.271497542482403,97.08135461325114,13.015449595359195,False,False,False
SEG_00727_Z01,SEG_00727,PARK AVE VIADUCT,Exposed Edge,27,269.9999999999964,123.90850556185923,5.808626898021007,True,False,False
SEG_00728_Z01,SEG_00728,MADISON AVE,Vegetated Buffer,9,86.63998018954261,12.292525535237834,12.954619177884423,True,True,True
SEG_00729_Z01,SEG_00729,E 43 ST,Open Field,1,9.999999999986498,22.7409997801687,11.684018994867658,False,False,False
SEG_00729_Z02,SEG_00729,E 43 ST,Exposed Edge,7,70.00000000001154,56.55399617542862,9.025162157707975,True,False,False
SEG_00729_Z03,SEG_00729,E 43 ST,Open Field,1,7.6411479621647675,94.70029743204829,11.936416671593431,False,False,False
SEG_00730_Z01,SEG_00730,E 40 ST,Screened Edge,8,79.9999999999871,8.218500786727297,8.97804799005068,True,True,True
SEG_00730_Z02,SEG_00730,E 40 ST,Vegetated Buffer,2,18.78780562335809,8.046019756963545,12.743131747632653,True,True,True
SEG_00731_Z01,SEG_00731,TUDOR CITY PL,Vegetated Buffer,6,60.00000000000226,9.78169482168622,12.491284159477395,True,True,True
SEG_00732_Z01,SEG_00732,E 41 ST,Vegetated Buffer,1,9.99999999999697,10.83032854806011,10.547168548312646,False,True,False
SEG_00733_Z01,SEG_00733,TUDOR CITY PL,Vegetated Buffer,1,10.000000000001638,12.337273544552039,10.441553507560265,False,True,False
SEG_00733_Z02,SEG_00733,TUDOR CITY PL,Screened Edge,6,58.36131843240212,6.030396615772884,8.708460208562167,True,True,True
SEG_00734_Z01,SEG_00734,QUEENS MIDTOWN TUNL APPROACH,Screened Edge,2,19.999999999994422,17.879169916242887,7.3020420518180345,True,True,True
SEG_00734_Z02,SEG_00734,QUEENS MIDTOWN TUNL APPROACH,Exposed Edge,4,40.00000000001391,27.63409540747806,6.864504591573338,True,False,False
SEG_00734_Z03,SEG_00734,QUEENS MIDTOWN TUNL APPROACH,Screened Edge,2,18.586812023995794,14.444188190848378,8.23193933134155,True,True,True
SEG_00735_Z01,SEG_00735,2 AVE,Vegetated Buffer,5,49.999999999999034,13.961888063909873,15.09936783659893,True,True,True
SEG_00735_Z02,SEG_00735,2 AVE,Open Field,3,29.108703235185125,24.605911362351193,14.55486441233117,True,False,False
SEG_00736_Z01,SEG_00736,E 39 ST,Open Field,1,10.000000000004725,20.91131891229205,17.654923211147633,False,False,False
SEG_00736_Z02,SEG_00736,E 39 ST,Vegetated Buffer,1,10.000000000004725,12.029147465559419,10.72019709708873,False,True,False
SEG_00736_Z03,SEG_00736,E 39 ST,Screened Edge,2,19.999999999978435,5.1117229857247946,9.535630633018265,True,True,True
SEG_00736_Z04,SEG_00736,E 39 ST,Vegetated Buffer,4,40.000000000023206,8.903286702349035,12.332315138532248,True,True,True
SEG_00737_Z01,SEG_00737,QUEENS MIDTOWN TUNL APPROACH,Screened Edge,1,9.999999999997414,14.265698746593467,8.229472025801877,False,True,False
SEG_00737_Z02,SEG_00737,QUEENS MIDTOWN TUNL APPROACH,Exposed Edge,6,60.00000000000361,30.087695797376867,6.443858755932108,True,False,False
SEG_00737_Z03,SEG_00737,QUEENS MIDTOWN TUNL APPROACH,Screened Edge,1,8.822970483453501,20.438234337426998,8.911081821971305,False,True,False
SEG_00738_Z01,SEG_00738,2 AVE,Vegetated Buffer,8,78.56012697907832,11.330471590257662,13.780692090617649,True,True,True
SEG_00739_Z01,SEG_00739,E 40 ST,Vegetated Buffer,1,10.000000000011745,18.38086162393311,14.01457179274547,False,True,False
SEG_00739_Z02,SEG_00739,E 40 ST,Screened Edge,2,19.999999999988137,7.395011392388298,8.931198131014394,True,True,True
SEG_00739_Z03,SEG_00739,E 40 ST,Vegetated Buffer,3,29.99999999999988,6.522301191014708,11.314767375596253,True,True,True
SEG_00739_Z04,SEG_00739,E 40 ST,Screened Edge,2,19.999999999988137,5.218059025015691,8.832546550709537,True,True,True
SEG_00740_Z01,SEG_00740,E 41 ST,Open Field,1,10.000000000008784,22.421816594024705,13.823094204814812,False,False,False
SEG_00740_Z02,SEG_00740,E 41 ST,Screened Edge,9,90.00000000000414,7.239798176031162,9.135355715579415,True,True,True
SEG_00740_Z03,SEG_00740,E 41 ST,Vegetated Buffer,2,19.99999999998227,4.469552729307363,10.669112120429478,True,True,True
SEG_00740_Z04,SEG_00740,E 41 ST,Screened Edge,3,30.000000000021924,5.449436544802443,9.546610034892906,True,True,True
SEG_00740_Z05,SEG_00740,E 41 ST,Vegetated Buffer,2,19.999999999984947,6.777164303545609,14.16691031384309,True,True,True
SEG_00741_Z01,SEG_00741,E 40 ST,Exposed Edge,3,29.999999999988965,32.585146131469024,9.21811511240596,True,False,False
SEG_00741_Z02,SEG_00741,E 40 ST,Screened Edge,2,20.000000000003,12.852741856924206,9.453554817833409,True,True,True
SEG_00741_Z03,SEG_00741,E 40 ST,Vegetated Buffer,1,10.000000000017026,5.029024669954784,10.178384056852854,False,True,False
SEG_00741_Z04,SEG_00741,E 40 ST,Screened Edge,2,20.000000000003,11.052634696531912,9.648058819938312,True,True,True
SEG_00741_Z05,SEG_00741,E 40 ST,Vegetated Buffer,5,49.99999999998914,10.222725868683138,14.841448517279868,True,True,True
SEG_00742_Z01,SEG_00742,2 AVE,Vegetated Buffer,7,69.99999999999453,13.650744276439143,15.349680846337506,True,True,True
SEG_00742_Z02,SEG_00742,2 AVE,Open Field,1,8.4388501271258,26.26682424800234,16.248100255011593,False,False,False
SEG_00743_Z01,SEG_00743,E 41 ST,Screened Edge,10,100.0000000000099,11.199038757016847,9.452607889028005,True,True,True
SEG_00743_Z02,SEG_00743,E 41 ST,Exposed Edge,2,19.99999999998408,25.27102791329847,9.289331929625028,True,False,False
SEG_00743_Z03,SEG_00743,E 41 ST,Open Field,1,9.999999999996328,21.862336192280964,11.792918601239121,False,False,False
SEG_00744_Z01,SEG_00744,E 42 ST,Vegetated Buffer,1,7.853049832752858,16.406780130187077,15.115250866352502,False,True,False
SEG_00745_Z01,SEG_00745,TUDOR CITY PL,Screened Edge,1,9.999999999992225,12.136275599675843,9.003018972906714,False,True,False
SEG_00745_Z02,SEG_00745,TUDOR CITY PL,Vegetated Buffer,1,7.536929941732483,17.356084110130453,16.006705843400862,False,True,False
SEG_00746_Z01,SEG_00746,TUDOR CITY PL,Vegetated Buffer,1,9.999999999998685,14.37135950096575,12.330968183778912,False,True,False
SEG_00746_Z02,SEG_00746,TUDOR CITY PL,Screened Edge,1,6.847954240485062,6.642423829194194,8.260509433534656,False,True,False
SEG_00747_Z01,SEG_00747,TUDOR CITY PARK PTH,Vegetated Buffer,1,9.999999999992085,7.373834292777247,11.346697647764126,False,True,False
SEG_00747_Z02,SEG_00747,TUDOR CITY PARK PTH,Screened Edge,2,20.000000000020254,4.634682017357804,5.994212978034407,True,True,True
SEG_00747_Z03,SEG_00747,TUDOR CITY PARK PTH,Vegetated Buffer,6,58.13942212671829,6.030812628172626,23.807442340633106,True,True,True
SEG_00748_Z01,SEG_00748,E 42 ST,Vegetated Buffer,7,65.2447076832203,9.342495660750613,26.719855098857714,True,True,True
SEG_00749_Z01,SEG_00749,TUDOR CITY PARK PTH,Vegetated Buffer,5,48.429795388973254,8.02674486918632,26.43217947936224,True,True,True
SEG_00750_Z01,SEG_00750,TUDOR CITY PARK PTH,Vegetated Buffer,1,10.000000000009592,3.753757728081279,14.365180018216684,False,True,False
SEG_00750_Z02,SEG_00750,TUDOR CITY PARK PTH,Screened Edge,1,9.99999999999307,8.019582262194977,6.6672448268128575,False,True,False
SEG_00750_Z03,SEG_00750,TUDOR CITY PARK PTH,Vegetated Buffer,2,19.999999999983682,10.633786539623596,15.76262142943138,True,True,True
SEG_00751_Z01,SEG_00751,TUDOR CITY PL,Screened Edge,6,60.000000000007134,6.326262481873165,9.097419209716202,True,True,True
SEG_00751_Z02,SEG_00751,TUDOR CITY PL,Vegetated Buffer,1,7.769712798634407,7.270728197440415,11.749664806599066,False,True,False
SEG_00752_Z01,SEG_00752,E 42 ST,Open Field,4,39.9999999999927,24.69579193687548,15.780479481609825,True,False,False
SEG_00752_Z02,SEG_00752,E 42 ST,Vegetated Buffer,7,67.52883264157589,8.775031596835081,16.021565625309826,True,True,True
SEG_00753_Z01,SEG_00753,E 43 ST,Screened Edge,1,0.9580194704769894,4.486648231625338,9.220670712444399,False,True,False
SEG_00754_Z01,SEG_00754,E 43 ST,Vegetated Buffer,1,10.000000000013952,18.927327801798263,13.818159551648119,False,True,False
SEG_00754_Z02,SEG_00754,E 43 ST,Screened Edge,16,159.99999999999224,5.706308702725049,9.236054752156498,True,True,True
SEG_00755_Z01,SEG_00755,E 44 ST,Open Field,1,9.999999999990067,20.723213121211387,14.28776806824343,False,False,False
SEG_00755_Z02,SEG_00755,E 44 ST,Screened Edge,6,60.00000000002001,7.4265515381891065,8.93972058601692,True,True,True
SEG_00755_Z03,SEG_00755,E 44 ST,Vegetated Buffer,2,19.99999999997577,5.464870747281408,11.021004705671137,True,True,True
SEG_00755_Z04,SEG_00755,E 44 ST,Screened Edge,7,69.40691642832034,6.350541816963295,8.656563549559346,True,True,True
SEG_00756_Z01,SEG_00756,2 AVE,Vegetated Buffer,8,79.48323889999968,13.277186759706794,15.230189818388665,True,True,True
SEG_00757_Z01,SEG_00757,E 45 ST,Vegetated Buffer,1,9.999999999987118,12.246740285983638,14.392558272410794,False,True,False
SEG_00757_Z02,SEG_00757,E 45 ST,Screened Edge,8,80.00000000002157,5.033763202599706,9.060095163094939,True,True,True
SEG_00757_Z03,SEG_00757,E 45 ST,Vegetated Buffer,5,47.84895010363909,5.577266118079399,10.641369015143097,True,True,True
SEG_00758_Z01,SEG_00758,2 AVE,Vegetated Buffer,8,80.00000000000348,13.854851340703817,15.760330688518394,True,True,True
SEG_00759_Z01,SEG_00759,ALLEY,Screened Edge,2,19.999999999990788,12.673723109233126,8.945523495471294,True,True,True
SEG_00759_Z02,SEG_00759,ALLEY,Exposed Edge,4,40.00000000000474,26.52645722242037,7.332400376966598,True,False,False
SEG_00759_Z03,SEG_00759,ALLEY,Screened Edge,2,20.000000000016186,11.094100114662446,8.47294768884393,True,True,True
SEG_00760_Z01,SEG_00760,2 AVE,Vegetated Buffer,9,85.25023742615997,13.146738806610943,15.927615777512143,True,True,True
SEG_00761_Z01,SEG_00761,E 42 ST,Open Field,1,10.000000000013715,25.128193621958566,18.936298884682945,False,False,False
SEG_00761_Z02,SEG_00761,E 42 ST,Vegetated Buffer,3,29.99999999997903,13.967651522716539,15.791440018560321,True,True,True
SEG_00761_Z03,SEG_00761,E 42 ST,Open Field,4,39.99999999999274,27.620047300577397,15.517030903667619,True,False,False
SEG_00761_Z04,SEG_00761,E 42 ST,Vegetated Buffer,13,130.00000000001125,10.340124471489617,15.359592003013903,True,True,True
SEG_00761_Z05,SEG_00761,E 42 ST,Open Field,1,6.210215906192418,22.43575415936123,20.93439982930672,False,False,False
SEG_00762_Z01,SEG_00762,E 43 ST,Vegetated Buffer,1,9.99999999999235,20.418858317767835,13.397145034810995,False,True,False
SEG_00762_Z02,SEG_00762,E 43 ST,Screened Edge,7,69.99999999999991,11.141717526328728,9.258854429462588,True,True,True
SEG_00762_Z03,SEG_00762,E 43 ST,Exposed Edge,4,39.99999999999613,29.890873256382946,9.312906049917402,True,False,False
SEG_00762_Z04,SEG_00762,E 43 ST,Screened Edge,8,80.0000000000233,8.65218446075988,9.224492777063332,True,True,True
SEG_00762_Z05,SEG_00762,E 43 ST,Vegetated Buffer,2,16.913038574816632,11.605571882561135,13.323402965342076,True,True,True
SEG_00763_Z01,SEG_00763,E 44 ST,Vegetated Buffer,1,9.999999999994953,15.393108140477926,14.249422203401698,False,True,False
SEG_00763_Z02,SEG_00763,E 44 ST,Screened Edge,6,60.00000000001366,8.93201346881269,9.1942825650722,True,True,True
SEG_00763_Z03,SEG_00763,E 44 ST,Exposed Edge,5,49.99999999998765,31.323651570393984,9.325328142649244,True,False,False
SEG_00763_Z04,SEG_00763,E 44 ST,Screened Edge,3,29.999999999989154,8.743400935822375,9.446120502987844,True,True,True
SEG_00763_Z05,SEG_00763,E 44 ST,Vegetated Buffer,1,10.0000000000303,6.885853794402453,11.030649891799563,False,True,False
SEG_00763_Z06,SEG_00763,E 44 ST,Screened Edge,5,49.99999999998336,10.11386614272163,9.460206218185844,True,True,True
SEG_00763_Z07,SEG_00763,E 44 ST,Vegetated Buffer,1,6.21804295861268,19.436920864458173,16.189410146844924,False,True,False
SEG_00764_Z01,SEG_00764,3 AVE,Open Field,2,20.00000000000383,21.622199329175572,15.161576406471085,True,False,False
SEG_00764_Z02,SEG_00764,3 AVE,Vegetated Buffer,6,59.29138565281722,13.207733337128033,15.046400466845666,True,True,True
SEG_00765_Z01,SEG_00765,E 45 ST,Open Field,1,9.999999999993362,22.02873503405192,14.195845662311886,False,False,False
SEG_00765_Z02,SEG_00765,E 45 ST,Screened Edge,20,200.00000000001063,9.223565602998658,9.06777438058523,True,True,True
SEG_00765_Z03,SEG_00765,E 45 ST,Vegetated Buffer,1,6.344311117941636,16.90821446946439,16.004853780218923,False,True,False
SEG_00766_Z01,SEG_00766,3 AVE,Vegetated Buffer,8,79.59978830124311,13.378690153340747,15.076743179709961,True,True,True
SEG_00767_Z01,SEG_00767,3 AVE,Vegetated Buffer,8,79.50681036461117,11.932549297263753,15.105331092188376,True,True,True
SEG_00768_Z01,SEG_00768,E 46 ST,Vegetated Buffer,1,9.99999999999723,16.132430709985908,13.356732209289081,False,True,False
SEG_00768_Z02,SEG_00768,E 46 ST,Screened Edge,2,19.99999999999012,16.897495917877436,8.505721369491202,True,True,True
SEG_00768_Z03,SEG_00768,E 46 ST,Exposed Edge,4,40.000000000019874,29.01924478400614,8.688467841420131,True,False,False
SEG_00768_Z04,SEG_00768,E 46 ST,Screened Edge,3,29.999999999987356,10.228042788901996,8.694717215439091,True,True,True
SEG_00768_Z05,SEG_00768,E 46 ST,Vegetated Buffer,1,9.99999999999723,5.830688695376439,10.480930019627793,False,True,False
SEG_00769_Z01,SEG_00769,E 47 ST,Vegetated Buffer,1,9.999999999993717,17.124737339053404,13.62458738968209,False,True,False
SEG_00769_Z02,SEG_00769,E 47 ST,Screened Edge,4,40.00000000000562,8.684863181186858,9.377433346691106,True,True,True
SEG_00769_Z03,SEG_00769,E 47 ST,Vegetated Buffer,3,30.00000000001191,5.248723749642594,10.45512706309195,True,True,True
SEG_00770_Z01,SEG_00770,E 48 ST,Vegetated Buffer,1,10.000000000003732,19.484614495898903,13.82305608679884,False,True,False
SEG_00770_Z02,SEG_00770,E 48 ST,Screened Edge,3,30.000000000011195,6.181846663169236,9.175511609434125,True,True,True
SEG_00771_Z01,SEG_00771,2 AVE,Vegetated Buffer,8,79.2933563023386,12.77137382246375,15.43831088604146,True,True,True
SEG_00772_Z01,SEG_00772,2 AVE,Vegetated Buffer,7,69.99999999999615,12.572066536904277,15.14830881830237,True,True,True
SEG_00773_Z01,SEG_00773,2 AVE,Vegetated Buffer,8,79.5784343035892,12.916615027154936,15.264301921764947,True,True,True
SEG_00774_Z01,SEG_00774,2 AVE,Vegetated Buffer,8,80.00000000000641,13.528628345378348,15.266428802367855,True,True,True
SEG_00775_Z01,SEG_00775,2 AVE,Vegetated Buffer,7,69.99999999999281,11.87269276534156,16.163540792402994,True,True,True
SEG_00775_Z02,SEG_00775,2 AVE,Open Field,1,8.874905313095013,21.839570841946035,19.900193678406296,False,False,False
SEG_00776_Z01,SEG_00776,E 46 ST,Vegetated Buffer,1,9.999999999999252,19.217413934992216,14.388327922681135,False,True,False
SEG_00776_Z02,SEG_00776,E 46 ST,Screened Edge,11,109.99999999998629,6.714537946100635,9.659237193992867,True,True,True
SEG_00776_Z03,SEG_00776,E 46 ST,Vegetated Buffer,1,9.999999999999252,4.141162116221619,10.633748366549607,False,True,False
SEG_00776_Z04,SEG_00776,E 46 ST,Screened Edge,7,70.00000000001184,4.762429047346913,9.048699207050136,True,True,True
SEG_00776_Z05,SEG_00776,E 46 ST,Vegetated Buffer,2,16.54650117179067,13.828348176513845,13.647892960400148,True,True,True
SEG_00777_Z01,SEG_00777,E 47 ST,Vegetated Buffer,1,10.000000000003464,19.33136915699773,14.676509700567292,False,True,False
SEG_00777_Z02,SEG_00777,E 47 ST,Screened Edge,16,160.00000000001148,6.820234303042341,9.431705216501951,True,True,True
SEG_00777_Z03,SEG_00777,E 47 ST,Vegetated Buffer,4,39.9999999999785,8.90125339824352,13.650283618754655,True,True,True
SEG_00777_Z04,SEG_00777,E 47 ST,Open Field,1,7.048039764734543,21.01902285000105,19.460198258450337,False,False,False
SEG_00778_Z01,SEG_00778,E 48 ST,Vegetated Buffer,1,10.000000000013138,14.061487673349808,15.200822613060852,False,True,False
SEG_00778_Z02,SEG_00778,E 48 ST,Screened Edge,4,39.99999999998187,5.25341875771712,9.405999504678507,True,True,True
SEG_00778_Z03,SEG_00778,E 48 ST,Vegetated Buffer,1,10.000000000013138,7.315832476896251,9.931578274496626,False,True,False
SEG_00778_Z04,SEG_00778,E 48 ST,Screened Edge,8,80.00000000000337,5.456676620733473,8.806235593622272,True,True,True
SEG_00778_Z05,SEG_00778,E 48 ST,Vegetated Buffer,3,30.000000000004075,5.313619401008565,10.196099356141547,True,True,True
SEG_00778_Z06,SEG_00778,E 48 ST,Screened Edge,4,39.99999999998187,7.1738952115618755,9.354382922400605,True,True,True
SEG_00778_Z07,SEG_00778,E 48 ST,Vegetated Buffer,1,6.821389624028393,20.145726452683487,16.3429229042132,False,True,False
SEG_00779_Z01,SEG_00779,E 49 ST,Vegetated Buffer,1,10.000000000005134,14.335253616483682,13.877122173024231,False,True,False
SEG_00779_Z02,SEG_00779,E 49 ST,Screened Edge,4,40.000000000011944,9.707834793723247,9.254266008710534,True,True,True
SEG_00779_Z03,SEG_00779,E 49 ST,Vegetated Buffer,2,19.99999999997492,6.418605647624509,10.393135758080408,True,True,True
SEG_00779_Z04,SEG_00779,E 49 ST,Screened Edge,2,20.000000000005972,4.233092804277344,9.313204896959052,True,True,True
SEG_00779_Z05,SEG_00779,E 49 ST,Vegetated Buffer,1,10.000000000000838,4.396688914597306,10.478240492247519,False,True,False
SEG_00779_Z06,SEG_00779,E 49 ST,Screened Edge,5,50.000000000017074,6.196122721422215,9.33635444851566,True,True,True
SEG_00779_Z07,SEG_00779,E 49 ST,Vegetated Buffer,1,9.99999999996979,6.289703567218473,10.74895184661543,False,True,False
SEG_00779_Z08,SEG_00779,E 49 ST,Screened Edge,4,40.000000000011944,5.127503345697938,9.586045913881968,True,True,True
SEG_00779_Z09,SEG_00779,E 49 ST,Vegetated Buffer,1,10.000000000005134,13.6557435305469,10.261373981659624,False,True,False
SEG_00780_Z01,SEG_00780,3 AVE,Vegetated Buffer,8,79.40774328029445,12.560167928635348,19.719145810648605,True,True,True
SEG_00781_Z01,SEG_00781,3 AVE,Vegetated Buffer,8,79.9999999999973,12.71670330239532,15.604865943412129,True,True,True
SEG_00782_Z01,SEG_00782,3 AVE,Vegetated Buffer,8,79.24522628377036,11.095636368835699,15.073827552641493,True,True,True
SEG_00783_Z01,SEG_00783,E 45 ST,Open Field,1,9.999999999990354,21.981745853377742,11.480818067831578,False,False,False
SEG_00783_Z02,SEG_00783,E 45 ST,Exposed Edge,3,30.000000000002103,24.70108207308422,9.149999992992527,True,False,False
SEG_00783_Z03,SEG_00783,E 45 ST,Screened Edge,2,20.000000000011745,12.558119537557712,9.236274858816508,True,True,True
SEG_00783_Z04,SEG_00783,E 45 ST,Vegetated Buffer,2,19.999999999985004,7.776139756548796,10.120511269854788,True,True,True
SEG_00783_Z05,SEG_00783,E 45 ST,Screened Edge,6,60.000000000004206,7.805512510305708,9.364218159236769,True,True,True
SEG_00783_Z06,SEG_00783,E 45 ST,Vegetated Buffer,1,10.000000000021394,15.828634274537908,10.627904715309768,False,True,False
SEG_00784_Z01,SEG_00784,3 AVE,Vegetated Buffer,8,79.26632847846386,12.948585435839028,15.248233404944395,True,True,True
SEG_00785_Z01,SEG_00785,E 46 ST,Open Field,1,9.999999999985453,25.547177756831356,11.442276419549536,False,False,False
SEG_00785_Z02,SEG_00785,E 46 ST,Screened Edge,13,130.00000000001856,7.143351896081482,9.225815585799081,True,True,True
SEG_00785_Z03,SEG_00785,E 46 ST,Vegetated Buffer,1,9.999999999989754,12.49142193975103,10.515950358784446,False,True,False
SEG_00786_Z01,SEG_00786,3 AVE,Vegetated Buffer,8,79.63840341056698,13.100386790522167,15.006740729109909,True,True,True
SEG_00787_Z01,SEG_00787,E 47 ST,Open Field,1,10.00000000000051,78.95719060052892,11.441161966376727,False,False,False
SEG_00787_Z02,SEG_00787,E 47 ST,Exposed Edge,6,60.000000000011674,46.18093498493528,9.383581226925177,True,False,False
SEG_00787_Z03,SEG_00787,E 47 ST,Screened Edge,7,69.99999999998117,5.813528212838818,9.259892579854894,True,True,True
SEG_00787_Z04,SEG_00787,E 47 ST,Vegetated Buffer,1,10.00000000000051,13.606065102275162,10.74495646462991,False,True,False
SEG_00788_Z01,SEG_00788,E 48 ST,Open Field,1,10.000000000008352,41.952383849874835,11.30468703323737,False,False,False
SEG_00788_Z02,SEG_00788,E 48 ST,Exposed Edge,2,19.99999999998137,27.085966596146235,9.337653080303674,True,False,False
SEG_00788_Z03,SEG_00788,E 48 ST,Screened Edge,11,110.00000000000831,6.6566336931537275,9.382782287589919,True,True,True
SEG_00788_Z04,SEG_00788,E 48 ST,Vegetated Buffer,1,10.000000000004057,10.51656869257206,10.93561576086277,False,True,False
SEG_00789_Z01,SEG_00789,LEXINGTON AVE,Open Field,8,79.45221852866447,65.62074721464485,11.696855475796617,True,False,False
SEG_00790_Z01,SEG_00790,E 49 ST,Vegetated Buffer,1,9.99999999999516,13.662597004239247,11.545207057352355,False,True,False
SEG_00790_Z02,SEG_00790,E 49 ST,Screened Edge,10,100.00000000000934,6.01677684147445,9.46357318939847,True,True,True
SEG_00790_Z03,SEG_00790,E 49 ST,Vegetated Buffer,4,40.000000000007354,9.028129927214948,15.680883422568304,True,True,True
SEG_00791_Z01,SEG_00791,LEXINGTON AVE,Open Field,7,69.99999999999496,42.72055758850279,11.10005412689273,True,False,False
SEG_00791_Z02,SEG_00791,LEXINGTON AVE,Vegetated Buffer,1,9.564447038486348,19.938799349840767,11.604260526885732,False,True,False
SEG_00792_Z01,SEG_00792,ALLEY,Exposed Edge,8,79.6789294953483,76.92515637673726,6.0748149108506295,True,False,False
SEG_00793_Z01,SEG_00793,E 50 ST,Vegetated Buffer,2,19.999999999996767,15.288512098333285,12.390513231202199,True,True,True
SEG_00793_Z02,SEG_00793,E 50 ST,Screened Edge,11,110.0000000000089,5.65511677221363,9.4592677735912,True,True,True
SEG_00793_Z03,SEG_00793,E 50 ST,Vegetated Buffer,1,9.999999999994069,4.696767995384025,10.24594420073273,False,True,False
SEG_00793_Z04,SEG_00793,E 50 ST,Screened Edge,2,15.2534488828704,5.010261907763858,9.398701868626953,True,True,True
SEG_00794_Z01,SEG_00794,E 51 ST,Vegetated Buffer,1,10.000000000010926,18.764020350983785,14.39893911561633,False,True,False
SEG_00794_Z02,SEG_00794,E 51 ST,Screened Edge,8,80.00000000000291,4.974885004878004,9.494098708966488,True,True,True
SEG_00795_Z01,SEG_00795,E 52 ST,Vegetated Buffer,1,10.000000000011063,17.69280709477521,14.540523012146094,False,True,False
SEG_00796_Z01,SEG_00796,3 AVE,Vegetated Buffer,1,8.98955708099164,17.009447003578003,16.429673596811902,False,True,False
SEG_00797_Z01,SEG_00797,LEXINGTON AVE,Vegetated Buffer,1,9.99999999999726,18.199111665603787,12.149193207154863,False,True,False
SEG_00797_Z02,SEG_00797,LEXINGTON AVE,Open Field,6,60.00000000000684,30.175004855711762,11.30794683421054,True,False,False
SEG_00797_Z03,SEG_00797,LEXINGTON AVE,Vegetated Buffer,1,9.620369137343854,15.600004405117502,12.290357343070617,False,True,False
SEG_00798_Z01,SEG_00798,E 49 ST,Open Field,1,9.999999999983451,26.230935052262943,10.993381312357574,False,False,False
SEG_00798_Z02,SEG_00798,E 49 ST,Exposed Edge,13,130.0000000000123,56.9266272383194,8.770047475266152,True,False,False
SEG_00798_Z03,SEG_00798,E 49 ST,Vegetated Buffer,1,5.797204071287668,19.305526449864416,13.186416232667712,False,True,False
SEG_00799_Z01,SEG_00799,LEXINGTON AVE,Vegetated Buffer,2,20.000000000000835,14.71846798407348,12.160195978641841,True,True,True
SEG_00799_Z02,SEG_00799,LEXINGTON AVE,Open Field,6,59.56078496086055,35.11033703154087,11.951184283319622,True,False,False
SEG_00800_Z01,SEG_00800,E 50 ST,Open Field,1,9.999999999992749,30.21199355067833,11.627345894553924,False,False,False
SEG_00800_Z02,SEG_00800,E 50 ST,Exposed Edge,1,9.999999999997046,28.22548047840355,9.59985322310507,False,False,False
SEG_00800_Z03,SEG_00800,E 50 ST,Screened Edge,6,60.000000000000426,9.295423757135655,9.479844695662583,True,True,True
SEG_00800_Z04,SEG_00800,E 50 ST,Exposed Edge,1,10.00000000002379,22.000133802087223,9.359783693919308,False,False,False
SEG_00800_Z05,SEG_00800,E 50 ST,Screened Edge,5,49.99999999997664,6.123438227208377,9.257893454940202,True,True,True
SEG_00800_Z06,SEG_00800,E 50 ST,Vegetated Buffer,1,6.13574815442593,12.421629456359668,13.783546955287425,False,True,False
SEG_00801_Z01,SEG_00801,E 51 ST,Vegetated Buffer,4,40.00000000001023,9.192026234454135,16.398336727050282,True,True,True
SEG_00801_Z02,SEG_00801,E 51 ST,Screened Edge,3,29.99999999997881,6.2475154334079805,9.589116876854968,True,True,True
SEG_00801_Z03,SEG_00801,E 51 ST,Vegetated Buffer,1,10.000000000000405,4.917566626113144,11.368344441406457,False,True,False
SEG_00801_Z04,SEG_00801,E 51 ST,Screened Edge,5,50.00000000001495,6.410171549158116,9.53383179791573,True,True,True
SEG_00801_Z05,SEG_00801,E 51 ST,Vegetated Buffer,1,10.000000000000405,20.40172609881657,10.312091016309322,False,True,False
SEG_00801_Z06,SEG_00801,E 51 ST,Open Field,1,6.029139897163586,30.277142209168094,15.63403876042872,False,False,False
SEG_00802_Z01,SEG_00802,PARK AVE,Open Field,1,10.000000000005226,23.526812883545478,18.619287918872402,False,False,False
SEG_00802_Z02,SEG_00802,PARK AVE,Vegetated Buffer,7,69.75811678227956,13.368438558255859,19.04040005860469,True,True,True
SEG_00803_Z01,SEG_00803,PARK AVE,Open Field,1,9.999999999998025,23.719241816051174,12.997436029374734,False,False,False
SEG_00803_Z02,SEG_00803,PARK AVE,Vegetated Buffer,7,69.57505069899113,13.918151259670207,12.299249673604205,True,True,True
SEG_00804_Z01,SEG_00804,E 51 ST,Vegetated Buffer,2,19.570126842104887,12.264495802534034,22.908257514443775,True,True,True
SEG_00805_Z01,SEG_00805,E 52 ST,Vegetated Buffer,2,20.00000000000944,14.406378216822805,15.669128466281286,True,True,True
SEG_00805_Z02,SEG_00805,E 52 ST,Screened Edge,2,19.999999999978417,8.025766869655808,9.865464413742421,True,True,True
SEG_00805_Z03,SEG_00805,E 52 ST,Vegetated Buffer,3,30.000000000025366,8.743717172185088,9.982690983460841,True,True,True
SEG_00805_Z04,SEG_00805,E 52 ST,Screened Edge,2,19.999999999978417,14.22812619940846,9.280356724016666,True,True,True
SEG_00805_Z05,SEG_00805,E 52 ST,Exposed Edge,1,10.000000000020233,26.286034475822497,9.346397985506703,False,False,False
SEG_00805_Z06,SEG_00805,E 52 ST,Screened Edge,3,29.999999999998646,11.097852539479193,9.382915786194895,True,True,True
SEG_00805_Z07,SEG_00805,E 52 ST,Vegetated Buffer,1,9.999999999984903,11.818397615427557,10.984040579016973,False,True,False
SEG_00805_Z08,SEG_00805,E 52 ST,Open Field,1,6.3885534768410785,20.617456731728375,16.088471880052108,False,False,False
SEG_00806_Z01,SEG_00806,PARK AVE,Vegetated Buffer,8,79.28783464065255,10.677601728833116,24.963189270610165,True,True,True
SEG_00807_Z01,SEG_00807,E 50 ST,Vegetated Buffer,1,10.000000000011738,18.29649916731981,11.649735984293967,False,True,False
SEG_00807_Z02,SEG_00807,E 50 ST,Exposed Edge,6,59.99999999998578,38.51476584744566,9.393728254533203,True,False,False
SEG_00807_Z03,SEG_00807,E 50 ST,Vegetated Buffer,1,10.000000000016023,19.280725443097822,10.428120603595975,False,True,False
SEG_00807_Z04,SEG_00807,E 50 ST,Screened Edge,6,59.99999999998578,5.913840751976203,9.26403360981059,True,True,True
SEG_00807_Z05,SEG_00807,E 50 ST,Vegetated Buffer,1,10.000000000011738,8.739660739747968,10.737489780471547,False,True,False
SEG_00808_Z01,SEG_00808,3 AVE,Vegetated Buffer,8,79.55795056090746,12.751891379807113,15.009251977983945,True,True,True
SEG_00809_Z01,SEG_00809,E 51 ST,Open Field,1,10.000000000010955,36.26361828696033,11.299223265438451,False,False,False
SEG_00809_Z02,SEG_00809,E 51 ST,Exposed Edge,8,79.99999999998592,46.7760127538697,9.141136627926143,True,False,False
SEG_00809_Z03,SEG_00809,E 51 ST,Screened Edge,5,49.9999999999884,11.98041298409639,9.172224633476631,True,True,True
SEG_00809_Z04,SEG_00809,E 51 ST,Vegetated Buffer,1,10.000000000010955,11.772600132370796,10.759611018052444,False,True,False
SEG_00810_Z01,SEG_00810,E 52 ST,Vegetated Buffer,1,9.999999999995428,17.188902079546924,11.587574336363657,False,True,False
SEG_00810_Z02,SEG_00810,E 52 ST,Screened Edge,10,100.00000000000355,9.66300100220403,9.491272910934597,True,True,True
SEG_00810_Z03,SEG_00810,E 52 ST,Exposed Edge,2,19.999999999986567,26.9010046609892,9.433222952035278,True,False,False
SEG_00810_Z04,SEG_00810,E 52 ST,Screened Edge,1,10.000000000026489,16.8169032977913,9.383750116517083,False,True,False
SEG_00810_Z05,SEG_00810,E 52 ST,Vegetated Buffer,1,9.999999999995428,14.081959825764601,11.19767517932743,False,True,False
SEG_00811_Z01,SEG_00811,LEXINGTON AVE,Open Field,8,79.34003805898665,30.925673149303385,11.845376390115534,True,False,False
SEG_00812_Z01,SEG_00812,E 53 ST,Vegetated Buffer,7,68.2479550717957,10.36648961892958,11.66922403013132,True,True,True
SEG_00813_Z01,SEG_00813,LEXINGTON AVE,Vegetated Buffer,5,50.00000000001074,14.103966479410042,12.55552880373334,True,True,True
SEG_00813_Z02,SEG_00813,LEXINGTON AVE,Open Field,2,19.99999999998585,25.25629385107912,11.72406100692628,True,False,False
SEG_00813_Z03,SEG_00813,LEXINGTON AVE,Vegetated Buffer,1,9.31543509224997,19.844591798631605,12.81110293612078,False,True,False
SEG_00814_Z01,SEG_00814,LEXINGTON AVE,Vegetated Buffer,1,10.000000000005032,17.491865691837088,11.924595795491053,False,True,False
SEG_00814_Z02,SEG_00814,LEXINGTON AVE,Screened Edge,1,9.999999999987777,20.1216383027154,7.863955306802247,False,True,False
SEG_00814_Z03,SEG_00814,LEXINGTON AVE,Open Field,1,10.000000000005032,26.529140404237896,12.239430328944945,False,False,False
SEG_00814_Z04,SEG_00814,LEXINGTON AVE,Vegetated Buffer,2,17.948214844280695,16.89641280632855,12.266878728446075,True,True,True
SEG_00815_Z01,SEG_00815,E 54 ST,Open Field,1,9.99999999999584,23.049055971421502,18.773395750104143,False,False,False
SEG_00815_Z02,SEG_00815,E 54 ST,Vegetated Buffer,1,9.999999999991552,17.955157872954175,11.486779843134087,False,True,False
SEG_00815_Z03,SEG_00815,E 54 ST,Screened Edge,7,70.00000000002443,7.610044307837721,9.349684758564559,True,True,True
SEG_00816_Z01,SEG_00816,PARK AVE,Vegetated Buffer,8,79.25537739998025,10.823248422794036,12.043242144307486,True,True,True
SEG_00817_Z01,SEG_00817,E 52 ST,Vegetated Buffer,2,19.427703972007475,14.08292426209767,22.90518742675188,True,True,True
SEG_00818_Z01,SEG_00818,E 53 ST,Vegetated Buffer,2,20.00000000000551,13.969484591514824,15.23701286660927,True,True,True
SEG_00818_Z02,SEG_00818,E 53 ST,Screened Edge,4,40.000000000006715,5.9573875606620685,9.910378711139689,True,True,True
SEG_00818_Z03,SEG_00818,E 53 ST,Vegetated Buffer,1,9.999999999973886,5.2992556978020655,9.928538910882317,False,True,False
SEG_00818_Z04,SEG_00818,E 53 ST,Screened Edge,7,70.00000000001714,6.051944582599532,9.504968228725136,True,True,True
SEG_00818_Z05,SEG_00818,E 53 ST,Vegetated Buffer,1,6.526311392702811,16.746902406051397,13.855170466013057,False,True,False
SEG_00819_Z01,SEG_00819,PARK AVE,Vegetated Buffer,8,79.33274973974996,12.1450750532773,29.363885146140372,True,True,True
SEG_00820_Z01,SEG_00820,PARK AVE,Vegetated Buffer,8,79.65656559325905,10.48872014679764,11.344313959677093,True,True,True
SEG_00821_Z01,SEG_00821,E 52 ST,Vegetated Buffer,1,10.000000000005105,10.46529642901673,12.203163702642605,False,True,False
SEG_00821_Z02,SEG_00821,E 52 ST,Screened Edge,5,49.999999999994515,8.747459603412583,9.207236432062675,True,True,True
SEG_00821_Z03,SEG_00821,E 52 ST,Exposed Edge,1,10.000000000009187,21.260537952427235,8.982647048801194,False,False,False
SEG_00821_Z04,SEG_00821,E 52 ST,Screened Edge,5,49.999999999978,9.715772782228305,8.660009318598252,True,True,True
SEG_00821_Z05,SEG_00821,E 52 ST,Exposed Edge,2,20.00000000002756,25.389298870410713,8.519185235256757,True,False,False
SEG_00821_Z06,SEG_00821,E 52 ST,Vegetated Buffer,1,6.108695223933458,17.360225962850254,13.203164198605617,False,True,False
SEG_00822_Z01,SEG_00822,E 53 ST,Vegetated Buffer,2,19.270282407726967,18.49206529180091,22.800975954778053,True,True,True
SEG_00823_Z01,SEG_00823,PARK AVE,Open Field,1,9.999999999996598,21.889607766069293,21.627013494955822,False,False,False
SEG_00823_Z02,SEG_00823,PARK AVE,Vegetated Buffer,6,60.000000000002856,9.987902719704275,15.49871828059984,True,True,True
SEG_00823_Z03,SEG_00823,PARK AVE,Open Field,1,9.393117321482768,24.2652543064046,20.19701645804822,False,False,False
SEG_00824_Z01,SEG_00824,PARK AVE,Open Field,1,10.00000000000376,23.31871298339537,12.759874721733167,False,False,False
SEG_00824_Z02,SEG_00824,PARK AVE,Vegetated Buffer,6,59.99999999999496,13.55301215607434,11.795575297850105,True,True,True
SEG_00824_Z03,SEG_00824,PARK AVE,Open Field,1,9.123920215247784,24.66640773186733,12.605987256082457,False,False,False
SEG_00825_Z01,SEG_00825,E 53 ST,Open Field,1,9.999999999983595,22.852364562666914,12.052550828768803,False,False,False
SEG_00825_Z02,SEG_00825,E 53 ST,Exposed Edge,4,40.000000000000725,31.18283350457024,9.144654410046826,True,False,False
SEG_00825_Z03,SEG_00825,E 53 ST,Screened Edge,6,60.000000000003254,10.877958290459743,9.10524306248392,True,True,True
SEG_00825_Z04,SEG_00825,E 53 ST,Exposed Edge,3,30.00000000001283,29.138514934807052,8.830204212237872,True,False,False
SEG_00825_Z05,SEG_00825,E 53 ST,Vegetated Buffer,1,6.291792734617285,19.959192591777388,13.26270762393181,False,True,False
SEG_00826_Z01,SEG_00826,E 54 ST,Vegetated Buffer,2,19.844349496376324,18.85316498780573,22.7919897347263,True,True,True
SEG_00827_Z01,SEG_00827,PARK AVE,Vegetated Buffer,5,46.789114586184894,11.537982113506983,30.526979441680986,True,True,True
SEG_00828_Z01,SEG_00828,PARK AVE,Vegetated Buffer,6,55.802464886128284,12.30982951246397,12.091165209092859,True,True,True
SEG_00829_Z01,SEG_00829,E 54 ST,Vegetated Buffer,1,10.000000000005961,16.827142864496693,12.315273372002801,False,True,False
SEG_00829_Z02,SEG_00829,E 54 ST,Screened Edge,3,29.999999999986894,6.445674385400886,9.537460628091091,True,True,True
SEG_00829_Z03,SEG_00829,E 54 ST,Vegetated Buffer,2,20.000000000007606,5.796022208634532,10.543444723263548,True,True,True
SEG_00829_Z04,SEG_00829,E 54 ST,Screened Edge,3,29.999999999986894,9.380939553640653,9.345631075662098,True,True,True
SEG_00829_Z05,SEG_00829,E 54 ST,Exposed Edge,5,49.99999999999882,33.61758729546055,9.268176480684627,True,False,False
SEG_00829_Z06,SEG_00829,E 54 ST,Open Field,1,5.5923128063375245,21.330332589370233,14.274859617962019,False,False,False
SEG_00830_Z01,SEG_00830,E 55 ST,Vegetated Buffer,1,9.999999999997254,20.240671016337487,11.385050238230127,False,True,False
SEG_00830_Z02,SEG_00830,E 55 ST,Exposed Edge,3,29.999999999991758,26.805571533684105,8.803659467923895,True,False,False
SEG_00830_Z03,SEG_00830,E 55 ST,Screened Edge,3,30.00000000002284,11.168967906799478,8.888883783297922,True,True,True
SEG_00830_Z04,SEG_00830,E 55 ST,Exposed Edge,2,16.570486942073998,26.176802388511724,9.594519977070181,True,False,False
SEG_00831_Z01,SEG_00831,MADISON AVE,Vegetated Buffer,8,79.38281474130152,10.386311800665965,12.58501645186265,True,True,True
SEG_00832_Z01,SEG_00832,MADISON AVE,Open Field,3,29.721139080933977,29.22637199472778,12.0374693482523,True,False,False
SEG_00833_Z01,SEG_00833,PARK AVE VIADUCT,Exposed Edge,5,50.000000000005464,105.0230772925235,8.546113183546174,True,False,False
SEG_00833_Z02,SEG_00833,PARK AVE VIADUCT,Open Field,3,30.000000000002167,108.15519465733371,12.154693077231583,True,False,False
SEG_00833_Z03,SEG_00833,PARK AVE VIADUCT,Exposed Edge,19,189.99999999998832,101.64891388650864,8.424227949826253,True,False,False
SEG_00833_Z04,SEG_00833,PARK AVE VIADUCT,Open Field,1,5.895870651300916,100.45989719593945,10.660032583817584,False,False,False
SEG_00834_Z01,SEG_00834,VANDERBILT AVE,Open Field,8,78.20404335839493,92.0663463429931,10.38838321112538,True,False,False
SEG_00835_Z01,SEG_00835,MADISON AVE,Open Field,1,10.000000000000975,21.635348212152497,12.984540907246396,False,False,False
SEG_00835_Z02,SEG_00835,MADISON AVE,Vegetated Buffer,4,40.0000000000039,13.328406822594633,12.296102369394255,True,True,True
SEG_00835_Z03,SEG_00835,MADISON AVE,Open Field,2,20.00000000000195,28.7616791236615,12.245085797099879,True,False,False
SEG_00835_Z04,SEG_00835,MADISON AVE,Vegetated Buffer,1,8.666646731764498,19.304499951548316,13.340224496571496,False,True,False
SEG_00836_Z01,SEG_00836,E 44 ST,Vegetated Buffer,1,10.00000000000402,19.000968674241275,11.536757523125507,False,True,False
SEG_00836_Z02,SEG_00836,E 44 ST,Exposed Edge,7,69.9999999999885,43.22811918984053,8.584298908487524,True,False,False
SEG_00836_Z03,SEG_00836,E 44 ST,Open Field,1,7.0581294120274904,78.28075307393362,11.08781250244708,False,False,False
SEG_00837_Z01,SEG_00837,VANDERBILT AVE,Exposed Edge,8,79.99999999999294,79.13526978572301,8.857909841575571,True,False,False
SEG_00838_Z01,SEG_00838,E 45 ST,Open Field,1,10.0000000000013,91.84170017450798,10.893287515342504,False,False,False
SEG_00839_Z01,SEG_00839,MADISON AVE,Vegetated Buffer,6,59.99999999999051,11.666387324270035,12.1410549241262,True,True,True
SEG_00839_Z02,SEG_00839,MADISON AVE,Open Field,2,19.783588256786555,33.224143684197486,12.517394631799593,True,False,False
SEG_00840_Z01,SEG_00840,E 45 ST,Open Field,1,10.000000000010356,41.72606059819089,11.071374995421024,False,False,False
SEG_00840_Z02,SEG_00840,E 45 ST,Exposed Edge,7,69.99999999997509,56.470167164778154,8.565236885173716,True,False,False
SEG_00840_Z03,SEG_00840,E 45 ST,Open Field,1,7.012416934466824,85.63854188270884,10.79586390167,False,False,False
SEG_00841_Z01,SEG_00841,VANDERBILT AVE,Exposed Edge,8,79.51524727653047,112.14935880657576,8.84708134156348,True,False,False
SEG_00842_Z01,SEG_00842,MADISON AVE,Open Field,8,79.53594938183547,59.44441561985958,12.150852948843998,True,False,False
SEG_00843_Z01,SEG_00843,E 45 ST,Exposed Edge,9,90.00000000000739,70.41291146758387,9.356208608307501,True,False,False
SEG_00843_Z02,SEG_00843,E 45 ST,Open Field,1,10.000000000000819,27.05161222647821,10.461544555248336,False,False,False
SEG_00844_Z01,SEG_00844,LEXINGTON AVE,Vegetated Buffer,4,40.00000000000057,14.476762719242176,11.673265894200107,True,True,True
SEG_00844_Z02,SEG_00844,LEXINGTON AVE,Open Field,4,39.61426990492558,31.212724935807838,11.777186262149803,True,False,False
SEG_00845_Z01,SEG_00845,E 45 ST,Open Field,1,9.19427297212311,118.0311601015054,10.105464479095124,False,False,False
SEG_00846_Z01,SEG_00846,E 45 ST,Exposed Edge,10,98.75662562674226,133.7408655161633,9.494771711241489,True,False,False
SEG_00847_Z01,SEG_00847,DE PEW PL,Exposed Edge,8,79.73749674248526,113.28548157820686,2.0641078913830073,True,False,False
SEG_00848_Z01,SEG_00848,E 46 ST,Exposed Edge,9,90.00000000001525,82.07290339155712,9.254562761999598,True,False,False
SEG_00848_Z02,SEG_00848,E 46 ST,Open Field,1,8.500653680889972,33.945737800810996,12.24846791970219,False,False,False
SEG_00849_Z01,SEG_00849,PARK AVE VIADUCT,Exposed Edge,10,97.75446897070272,148.80577456408906,1.2021527241932728,True,False,False
SEG_00850_Z01,SEG_00850,LEXINGTON AVE,Open Field,8,79.36770100763927,49.36376383344366,12.023101424055744,True,False,False
SEG_00851_Z01,SEG_00851,PARK AVE,Exposed Edge,11,108.52526628999597,144.55638829875372,1.0106841809885596,True,False,False
SEG_00852_Z01,SEG_00852,E 46 ST,Exposed Edge,4,39.99999999999344,146.95036214131255,9.769831713347346,True,False,False
SEG_00852_Z02,SEG_00852,E 46 ST,Open Field,1,7.463522941902067,124.20240375385289,11.427317110622328,False,False,False
SEG_00853_Z01,SEG_00853,E 42 ST,Open Field,6,59.99999999998631,46.90980716555912,16.038390315854727,True,False,False
SEG_00853_Z02,SEG_00853,E 42 ST,Vegetated Buffer,7,70.00000000001356,13.853156168391807,15.421966874141443,True,True,True
SEG_00853_Z03,SEG_00853,E 42 ST,Open Field,2,19.99999999999688,24.88973959312775,15.53055179144198,True,False,False
SEG_00854_Z01,SEG_00854,5 AVE,Open Field,8,80.0000000000034,68.5393674852179,15.44535742084517,True,False,False
SEG_00855_Z01,SEG_00855,E 43 ST,Open Field,1,9.999999999999238,20.81934041358172,14.183962500654504,False,False,False
SEG_00855_Z02,SEG_00855,E 43 ST,Exposed Edge,6,59.99999999999543,35.75309253562478,9.526456205414902,True,False,False
SEG_00855_Z03,SEG_00855,E 43 ST,Screened Edge,8,79.99999999999818,9.007893980750048,9.259117471516388,True,True,True
SEG_00855_Z04,SEG_00855,E 43 ST,Vegetated Buffer,1,5.40882010750565,20.1918178761381,14.978477710720892,False,True,False
SEG_00856_Z01,SEG_00856,5 AVE,Open Field,3,30.000000000005787,39.64791106132862,16.44451702642016,True,False,False
SEG_00856_Z02,SEG_00856,5 AVE,Vegetated Buffer,6,55.56730340411122,12.550649545626044,15.925503846323872,True,True,True
SEG_00857_Z01,SEG_00857,E 44 ST,Open Field,1,9.999999999992884,57.94849365347664,13.94066296281036,False,False,False
SEG_00857_Z02,SEG_00857,E 44 ST,Exposed Edge,3,30.000000000013948,38.04867241174697,9.108241758369864,True,False,False
SEG_00857_Z03,SEG_00857,E 44 ST,Screened Edge,4,40.0000000000025,11.28790213288821,9.271077664849823,True,True,True
SEG_00857_Z04,SEG_00857,E 44 ST,Exposed Edge,5,49.99999999999971,31.822059766335627,9.164962413440637,True,False,False
SEG_00857_Z05,SEG_00857,E 44 ST,Screened Edge,2,19.999999999985768,16.358844393573772,9.169513154912172,True,True,True
SEG_00857_Z06,SEG_00857,E 44 ST,Vegetated Buffer,1,5.2385630983850255,15.908280564903153,14.991441554613647,False,True,False
SEG_00858_Z01,SEG_00858,5 AVE,Open Field,8,79.76607389013914,51.27903599868893,15.517136516402113,True,False,False
SEG_00859_Z01,SEG_00859,5 AVE,Open Field,8,79.01250845417741,72.75992252858931,15.604282454429233,True,False,False
SEG_00860_Z01,SEG_00860,W 44 ST,Open Field,1,10.000000000007043,67.92562297897331,13.748607932037736,False,False,False
SEG_00860_Z02,SEG_00860,W 44 ST,Exposed Edge,9,89.99999999998306,64.56046492975837,9.01968910261072,True,False,False
SEG_00860_Z03,SEG_00860,W 44 ST,Screened Edge,14,140.00000000002257,10.232019002406366,8.792768436271263,True,True,True
SEG_00860_Z04,SEG_00860,W 44 ST,Exposed Edge,6,59.99999999998871,41.75972053725212,9.344517823204745,True,False,False
SEG_00860_Z05,SEG_00860,W 44 ST,Open Field,1,10.000000000011331,31.269976127865743,13.17697988424873,False,False,False
SEG_00861_Z01,SEG_00861,5 AVE,Open Field,8,79.68664116923689,54.23757718741314,15.261686217482303,True,False,False
SEG_00862_Z01,SEG_00862,W 45 ST,Open Field,1,10.00000000001568,86.95546994395556,14.040817813827102,False,False,False
SEG_00862_Z02,SEG_00862,W 45 ST,Exposed Edge,23,229.999999999998,83.08596625687635,8.98517690204136,True,False,False
SEG_00862_Z03,SEG_00862,W 45 ST,Open Field,2,20.00000000000035,50.46040229585644,10.095899791847359,True,False,False
SEG_00862_Z04,SEG_00862,W 45 ST,Exposed Edge,3,29.999999999980712,28.761781887814944,9.187865513335774,True,False,False
SEG_00862_Z05,SEG_00862,W 45 ST,Screened Edge,1,10.00000000001568,17.491662935533792,9.249011768130517,False,True,False
SEG_00862_Z06,SEG_00862,W 45 ST,Vegetated Buffer,1,9.99999999998467,18.94141205478416,13.13483853551621,False,True,False
SEG_00863_Z01,SEG_00863,E 46 ST,Exposed Edge,2,19.092775782530616,171.74284065866976,9.598391294593164,True,False,False
SEG_00864_Z01,SEG_00864,E 46 ST,Open Field,1,10.00000000000801,130.5005964555128,10.162925945713306,False,False,False
SEG_00864_Z02,SEG_00864,E 46 ST,Exposed Edge,5,49.56421350568499,151.4461192919428,9.23882606429155,True,False,False
SEG_00865_Z01,SEG_00865,E 47 ST,Open Field,2,20.00000000000458,109.13941301243383,14.275573495721147,True,False,False
SEG_00865_Z02,SEG_00865,E 47 ST,Exposed Edge,8,79.99999999999162,119.9311957726609,9.751863986168669,True,False,False
SEG_00865_Z03,SEG_00865,E 47 ST,Open Field,5,45.31068973766417,91.06810797066774,11.08225384318133,True,False,False
SEG_00866_Z01,SEG_00866,PARK AVE,Open Field,8,79.42226197874345,144.958897660625,19.975154347953875,True,False,False
SEG_00867_Z01,SEG_00867,PARK AVE,Open Field,8,79.27634416090673,143.10156300140136,12.270133321298292,True,False,False
SEG_00868_Z01,SEG_00868,VANDERBILT AVE,Open Field,1,9.99999999999741,123.47307524291945,10.252502271438765,False,False,False
SEG_00868_Z02,SEG_00868,VANDERBILT AVE,Exposed Edge,6,59.99999999999997,99.45486253025324,9.31371600505203,True,False,False
SEG_00868_Z03,SEG_00868,VANDERBILT AVE,Open Field,1,9.447722057236192,81.39691373588575,10.360866380828806,False,False,False
SEG_00869_Z01,SEG_00869,E 47 ST,Open Field,2,19.96087566933625,107.232098538696,22.876815030019593,True,False,False
SEG_00870_Z01,SEG_00870,E 47 ST,Open Field,1,10.000000000012275,84.87528804166851,10.02215642439581,False,False,False
SEG_00870_Z02,SEG_00870,E 47 ST,Exposed Edge,4,39.9999999999828,105.30279556546995,8.97129094072244,True,False,False
SEG_00870_Z03,SEG_00870,E 47 ST,Open Field,1,9.291584477628795,108.197567758016,11.749871515064276,False,False,False
SEG_00871_Z01,SEG_00871,E 48 ST,Open Field,7,69.99999999999731,53.9852630763534,11.571476989033746,True,False,False
SEG_00871_Z02,SEG_00871,E 48 ST,Exposed Edge,7,70.00000000001808,82.58802132685149,8.185379067222268,True,False,False
SEG_00871_Z03,SEG_00871,E 48 ST,Open Field,1,6.0779535672905185,48.00254858486059,12.939280658789327,False,False,False
SEG_00872_Z01,SEG_00872,PARK AVE,Open Field,8,79.74853163282084,67.94593701731007,19.994466284033344,True,False,False
SEG_00873_Z01,SEG_00873,E 45 ST,Open Field,1,10.000000000011946,76.99559413758794,13.714847844362675,False,False,False
SEG_00873_Z02,SEG_00873,E 45 ST,Exposed Edge,5,49.99999999999333,47.28571187104645,9.150122992941244,True,False,False
SEG_00873_Z03,SEG_00873,E 45 ST,Screened Edge,7,69.99999999999045,9.538829699840463,9.109447410805187,True,True,True
SEG_00873_Z04,SEG_00873,E 45 ST,Exposed Edge,2,19.999999999988546,28.992666325284326,9.185151645726819,True,False,False
SEG_00873_Z05,SEG_00873,E 45 ST,Open Field,1,5.191031535039506,42.66569951370352,14.941159156744424,False,False,False
SEG_00874_Z01,SEG_00874,E 46 ST,Open Field,1,10.000000000002242,89.64151035816032,11.380029958055992,False,False,False
SEG_00874_Z02,SEG_00874,E 46 ST,Exposed Edge,7,70.0000000000114,108.05458147432684,8.991379720253025,True,False,False
SEG_00874_Z03,SEG_00874,E 46 ST,Open Field,1,7.049150794021903,126.1947696265329,11.152452117114919,False,False,False
SEG_00875_Z01,SEG_00875,MADISON AVE,Open Field,8,79.43979321888783,61.806401247287475,12.361089818045937,True,False,False
SEG_00876_Z01,SEG_00876,E 46 ST,Vegetated Buffer,1,9.999999999988047,15.11330090313703,13.710268611214351,False,True,False
SEG_00876_Z02,SEG_00876,E 46 ST,Screened Edge,1,10.000000000019087,15.094718508320158,9.369690588214253,False,True,False
SEG_00876_Z03,SEG_00876,E 46 ST,Exposed Edge,13,129.99999999998693,61.25558390981515,8.738000723208588,True,False,False
SEG_00876_Z04,SEG_00876,E 46 ST,Open Field,1,5.143970836096025,86.94177812542377,14.846717552399467,False,False,False
SEG_00877_Z01,SEG_00877,E 47 ST,Open Field,1,10.000000000012834,22.692195050692007,12.402541508062846,False,False,False
SEG_00877_Z02,SEG_00877,E 47 ST,Exposed Edge,6,59.99999999997531,38.87209265765053,9.680702421820262,True,False,False
SEG_00877_Z03,SEG_00877,E 47 ST,Open Field,2,17.026353299508067,73.3437165397072,12.351679432946808,True,False,False
SEG_00878_Z01,SEG_00878,MADISON AVE,Vegetated Buffer,4,40.0000000000013,14.763040948691526,12.827494955954814,True,True,True
SEG_00878_Z02,SEG_00878,MADISON AVE,Open Field,4,39.50113048257471,39.322209455091894,12.86727912329778,True,False,False
SEG_00879_Z01,SEG_00879,E 47 ST,Vegetated Buffer,1,10.000000000004512,18.946649086027442,13.65797802542617,False,True,False
SEG_00879_Z02,SEG_00879,E 47 ST,Screened Edge,1,10.000000000004512,18.85857540226399,9.469594569671118,False,True,False
SEG_00879_Z03,SEG_00879,E 47 ST,Exposed Edge,13,129.99999999997834,49.47718966488992,9.334803844254644,True,False,False
SEG_00880_Z01,SEG_00880,5 AVE,Vegetated Buffer,8,79.28689889970065,11.608849130240184,15.383461473698574,True,True,True
SEG_00881_Z01,SEG_00881,E 48 ST,Vegetated Buffer,1,10.000000000003322,19.018202646108044,13.040403955834805,False,True,False
SEG_00881_Z02,SEG_00881,E 48 ST,Exposed Edge,3,29.99999999998321,30.74400285475927,8.401296762192942,True,False,False
SEG_00881_Z03,SEG_00881,E 48 ST,Screened Edge,3,30.00000000000997,11.681574098832384,9.09491494573036,True,True,True
SEG_00881_Z04,SEG_00881,E 48 ST,Vegetated Buffer,2,20.000000000006644,4.513352515405032,11.058083262796707,True,True,True
SEG_00881_Z05,SEG_00881,E 48 ST,Screened Edge,3,29.99999999998321,10.204594115079532,9.15589449716734,True,True,True
SEG_00881_Z06,SEG_00881,E 48 ST,Exposed Edge,3,30.00000000000997,37.32442040211249,9.016660090789756,True,False,False
SEG_00881_Z07,SEG_00881,E 48 ST,Open Field,1,5.613118421898767,57.22119638183476,14.598895593874675,False,False,False
SEG_00882_Z01,SEG_00882,5 AVE,Open Field,1,10.000000000003293,25.02843127011696,15.792648683892143,False,False,False
SEG_00882_Z02,SEG_00882,5 AVE,Vegetated Buffer,4,39.99999999999495,14.744430347353415,15.383584288411983,True,True,True
SEG_00882_Z03,SEG_00882,5 AVE,Open Field,2,20.000000000006587,29.165364488302366,15.581768252997698,True,False,False
SEG_00882_Z04,SEG_00882,5 AVE,Vegetated Buffer,1,9.54097601541758,20.295514395091722,16.36730876262983,False,True,False
SEG_00883_Z01,SEG_00883,PARK AVE,Open Field,8,79.41333489985777,68.06451679787071,18.31810037785077,True,False,False
SEG_00884_Z01,SEG_00884,E 48 ST,Open Field,2,19.209519078840728,28.119148930383382,24.910261921378552,True,False,False
SEG_00885_Z01,SEG_00885,PARK AVE,Open Field,1,10.000000000003594,24.466439414559012,18.246714401678545,False,False,False
SEG_00885_Z02,SEG_00885,PARK AVE,Vegetated Buffer,6,59.99999999998702,13.36123316356535,14.947757775066156,True,True,True
SEG_00885_Z03,SEG_00885,PARK AVE,Open Field,1,9.379964836708675,27.64332480104174,17.529492599695683,False,False,False
SEG_00886_Z01,SEG_00886,PARK AVE,Open Field,1,9.99999999999497,24.714365601157777,18.286892254891836,False,False,False
SEG_00886_Z02,SEG_00886,PARK AVE,Vegetated Buffer,6,59.99999999999447,12.853110751091203,15.816833125428351,True,True,True
SEG_00886_Z03,SEG_00886,PARK AVE,Open Field,1,9.872658308661956,28.050617688169442,17.630022743517095,False,False,False
SEG_00887_Z01,SEG_00887,E 48 ST,Open Field,15,146.4891450053454,59.82343450528379,13.346107505231801,True,False,False
SEG_00888_Z01,SEG_00888,E 49 ST,Open Field,2,19.999999999995513,21.86465491332462,18.946426619261636,True,False,False
SEG_00889_Z01,SEG_00889,PARK AVE,Vegetated Buffer,6,59.999999999997634,14.15439878231706,11.571115238147312,True,True,True
SEG_00889_Z02,SEG_00889,PARK AVE,Open Field,2,19.273467962905794,30.52730252292596,12.098759082420125,True,False,False
SEG_00890_Z01,SEG_00890,PARK AVE,Vegetated Buffer,6,59.99999999999873,13.693882285886454,12.023262569626533,True,True,True
SEG_00890_Z02,SEG_00890,PARK AVE,Open Field,2,19.513810161087825,30.504012345621177,12.75966551660174,True,False,False
SEG_00891_Z01,SEG_00891,E 49 ST,Open Field,1,9.999999999987782,30.85034505381982,11.994759202118454,False,False,False
SEG_00891_Z02,SEG_00891,E 49 ST,Exposed Edge,3,30.00000000001684,50.507672919112075,9.438305221600594,True,False,False
SEG_00891_Z03,SEG_00891,E 49 ST,Open Field,3,29.999999999990095,80.29185720422737,13.914677820317046,True,False,False
SEG_00891_Z04,SEG_00891,E 49 ST,Exposed Edge,7,69.99999999999471,55.424305618194936,9.121971640127219,True,False,False
SEG_00891_Z05,SEG_00891,E 49 ST,Open Field,1,5.468578497781865,23.77565692533429,14.463032532181044,False,False,False
SEG_00892_Z01,SEG_00892,MADISON AVE,Open Field,8,79.55733766535602,41.549629744648485,12.469749585879894,True,False,False
SEG_00893_Z01,SEG_00893,W 46 ST,Open Field,1,9.9999999999977,20.71832240432459,14.104435364979338,False,False,False
SEG_00893_Z02,SEG_00893,W 46 ST,Exposed Edge,4,39.99999999999937,42.69167792923841,9.335352279677636,True,False,False
SEG_00893_Z03,SEG_00893,W 46 ST,Open Field,10,99.99999999999842,89.7839569612886,10.968667020405439,True,False,False
SEG_00893_Z04,SEG_00893,W 46 ST,Exposed Edge,5,50.00000000000135,43.69808514703779,8.919749885436547,True,False,False
SEG_00893_Z05,SEG_00893,W 46 ST,Screened Edge,2,19.999999999999684,11.411191202288935,9.013561804363796,True,True,True
SEG_00893_Z06,SEG_00893,W 46 ST,Vegetated Buffer,5,49.99999999999707,9.145313224951634,11.018785792149876,True,True,True
SEG_00893_Z07,SEG_00893,W 46 ST,Screened Edge,3,30.000000000001666,7.8018974375139285,9.643670635614223,True,True,True
SEG_00893_Z08,SEG_00893,W 46 ST,Vegetated Buffer,1,9.9999999999977,15.23766281403431,13.381738558077021,False,True,False
SEG_00894_Z01,SEG_00894,W 47 ST,Open Field,1,9.999999999986908,23.723734000043777,14.504979821894793,False,False,False
SEG_00894_Z02,SEG_00894,W 47 ST,Exposed Edge,29,290.000000000007,77.75013994220318,8.880862969215114,True,False,False
SEG_00894_Z03,SEG_00894,W 47 ST,Open Field,1,10.000000000013605,80.56008747780835,12.257247530679606,False,False,False
SEG_00895_Z01,SEG_00895,ROCKEFELLER PLZ,Vegetated Buffer,1,10.000000000008331,16.197466354590915,10.083547253360514,False,True,False
SEG_00895_Z02,SEG_00895,ROCKEFELLER PLZ,Screened Edge,1,9.999999999991253,19.53663422484054,9.015719226752909,False,True,False
SEG_00895_Z03,SEG_00895,ROCKEFELLER PLZ,Exposed Edge,4,39.99999999999139,28.21479236662089,8.961206939225988,True,False,False
SEG_00895_Z04,SEG_00895,ROCKEFELLER PLZ,Screened Edge,1,10.000000000008331,14.644409340926346,8.906711492861344,False,True,False
SEG_00895_Z05,SEG_00895,ROCKEFELLER PLZ,Vegetated Buffer,1,9.130499894431415,13.058025510797634,10.06117974386458,False,True,False
SEG_00896_Z01,SEG_00896,W 48 ST,Exposed Edge,1,9.99999999998376,21.546221603064833,9.372326382654219,False,False,False
SEG_00896_Z02,SEG_00896,W 48 ST,Screened Edge,17,170.00000000002908,7.342446011909601,9.340455804418177,True,True,True
SEG_00896_Z03,SEG_00896,W 48 ST,Vegetated Buffer,1,9.99999999998376,15.522190040826441,13.853903353853978,False,True,False
SEG_00897_Z01,SEG_00897,AVE OF THE AMERICAS,Open Field,8,79.14978311292866,49.43466828059825,16.07804794161654,True,False,False
SEG_00898_Z01,SEG_00898,W 49 ST,Screened Edge,8,80.00000000000101,5.669384535710901,9.058893064387751,True,True,True
SEG_00898_Z02,SEG_00898,W 49 ST,Vegetated Buffer,2,20.00000000001124,4.820429469434584,10.83092720099455,True,True,True
SEG_00898_Z03,SEG_00898,W 49 ST,Screened Edge,8,80.00000000000101,7.8740812721646725,9.225364785308473,True,True,True
SEG_00898_Z04,SEG_00898,W 49 ST,Open Field,1,9.99999999999011,27.05783722995662,13.559142269799672,False,False,False
SEG_00899_Z01,SEG_00899,AVE OF THE AMERICAS,Open Field,8,79.37939459934638,33.99042564635395,16.409847963963017,True,False,False
SEG_00900_Z01,SEG_00900,W 50 ST,Screened Edge,18,179.99999999999636,7.288876990998593,8.890662393353345,True,True,True
SEG_00900_Z02,SEG_00900,W 50 ST,Open Field,1,10.000000000011388,23.03537862812001,13.623739352998566,False,False,False
SEG_00901_Z01,SEG_00901,AVE OF THE AMERICAS,Open Field,8,79.85302783193436,34.608710826509544,15.771707755055212,True,False,False
SEG_00902_Z01,SEG_00902,AVE OF THE AMERICAS,Open Field,8,79.35658031098103,31.602770915816595,16.450718768493324,True,False,False
SEG_00903_Z01,SEG_00903,W 48 ST,Vegetated Buffer,1,10.000000000002242,14.493852489189898,14.310666035227735,False,True,False
SEG_00903_Z02,SEG_00903,W 48 ST,Screened Edge,4,40.00000000001328,8.616447372666428,9.38641509547743,True,True,True
SEG_00903_Z03,SEG_00903,W 48 ST,Exposed Edge,3,29.999999999975717,26.25845944506355,9.325294624518547,True,False,False
SEG_00903_Z04,SEG_00903,W 48 ST,Screened Edge,4,40.00000000001328,8.137585463958123,9.501626608009616,True,True,True
SEG_00904_Z01,SEG_00904,E 49 ST,Vegetated Buffer,1,9.999999999985771,17.504539701938437,13.625319480146786,False,True,False
SEG_00904_Z02,SEG_00904,E 49 ST,Exposed Edge,5,50.00000000002194,30.995081753411295,8.768935174703529,True,False,False
SEG_00904_Z03,SEG_00904,E 49 ST,Screened Edge,3,29.999999999988344,9.274368785669969,8.532156769636309,True,True,True
SEG_00904_Z04,SEG_00904,E 49 ST,Vegetated Buffer,1,10.000000000016799,8.349750426852207,11.485884101203629,False,True,False
SEG_00904_Z05,SEG_00904,E 49 ST,Screened Edge,5,49.99999999999522,12.0601781927122,9.353104818806383,True,True,True
SEG_00904_Z06,SEG_00904,E 49 ST,Open Field,1,5.4381376733186935,25.60539363673834,15.43793317612155,False,False,False
SEG_00905_Z01,SEG_00905,5 AVE,Vegetated Buffer,5,49.99999999999291,10.60246149877128,14.938742896273672,True,True,True
SEG_00905_Z02,SEG_00905,5 AVE,Open Field,2,20.000000000009106,25.82183762449887,14.720707617766696,True,False,False
SEG_00905_Z03,SEG_00905,5 AVE,Vegetated Buffer,1,9.780543713775476,18.831435487330985,15.442146777911898,False,True,False
SEG_00906_Z01,SEG_00906,W 49 ST,Vegetated Buffer,1,10.00000000001632,12.869865525761817,14.145696073534209,False,True,False
SEG_00906_Z02,SEG_00906,W 49 ST,Screened Edge,10,99.99999999999487,6.799764988622248,9.162554658855731,True,True,True
SEG_00906_Z03,SEG_00906,W 49 ST,Vegetated Buffer,1,9.999999999985217,10.714019869113661,9.932582781841807,False,True,False
SEG_00907_Z01,SEG_00907,5 AVE,Vegetated Buffer,8,79.45908273167039,9.07958457961285,15.575764524859387,True,True,True
SEG_00908_Z01,SEG_00908,ROCKEFELLER PLZ,Vegetated Buffer,1,10.000000000006445,17.428164668482182,10.210465669910635,False,True,False
SEG_00908_Z02,SEG_00908,ROCKEFELLER PLZ,Screened Edge,1,9.9999999999987,20.396119972923696,9.145362472359487,False,True,False
SEG_00908_Z03,SEG_00908,ROCKEFELLER PLZ,Open Field,3,29.99999999999428,31.1912332561437,11.622299932741662,True,False,False
SEG_00908_Z04,SEG_00908,ROCKEFELLER PLZ,Exposed Edge,1,9.9999999999987,23.017092060754113,9.843918612713217,False,False,False
SEG_00908_Z05,SEG_00908,ROCKEFELLER PLZ,Screened Edge,2,19.951515791854483,15.219411265269766,8.890429078133469,True,True,True
SEG_00909_Z01,SEG_00909,W 50 ST,Vegetated Buffer,1,10.000000000011612,12.362049800354004,14.37044089646662,False,True,False
SEG_00909_Z02,SEG_00909,W 50 ST,Screened Edge,11,109.99999999999501,5.46041459814453,9.340097681195898,True,True,True
SEG_00910_Z01,SEG_00910,5 AVE,Vegetated Buffer,8,79.52956456518334,9.631054331550384,16.198928898604738,True,True,True
SEG_00911_Z01,SEG_00911,ROCKEFELLER PLZ,Vegetated Buffer,1,9.999999999996799,10.128289337314525,9.930904307044761,False,True,False
SEG_00911_Z02,SEG_00911,ROCKEFELLER PLZ,Screened Edge,1,9.999999999996799,14.597385825717225,9.163775202571458,False,True,False
SEG_00911_Z03,SEG_00911,ROCKEFELLER PLZ,Exposed Edge,1,10.000000000014168,22.881982016189358,9.229314954764476,False,False,False
SEG_00911_Z04,SEG_00911,ROCKEFELLER PLZ,Open Field,2,19.999999999993598,30.327015678042216,11.210877589675587,True,False,False
SEG_00911_Z05,SEG_00911,ROCKEFELLER PLZ,Screened Edge,2,19.999999999993598,15.45847470877261,9.480780860810455,True,True,True
SEG_00911_Z06,SEG_00911,ROCKEFELLER PLZ,Vegetated Buffer,1,9.544728393571805,9.782034693201123,10.837317563217152,False,True,False
SEG_00912_Z01,SEG_00912,W 51 ST,Vegetated Buffer,1,10.000000000012449,14.321870749685816,13.849552134564641,False,True,False
SEG_00912_Z02,SEG_00912,W 51 ST,Screened Edge,11,109.99999999998178,8.02584828582104,9.155257990901742,True,True,True
SEG_00913_Z01,SEG_00913,E 50 ST,Open Field,2,19.386159415814593,27.040801342775527,19.11723535174178,True,False,False
SEG_00914_Z01,SEG_00914,E 50 ST,Open Field,1,9.999999999989756,91.90286446559186,11.768244981729083,False,False,False
SEG_00914_Z02,SEG_00914,E 50 ST,Exposed Edge,13,130.00000000001342,72.71863694383981,9.347650371901809,True,False,False
SEG_00914_Z03,SEG_00914,E 50 ST,Open Field,1,6.24275776343272,28.787789220093202,14.389597006842362,False,False,False
SEG_00915_Z01,SEG_00915,MADISON AVE,Open Field,8,79.55006705946111,54.88916441925834,12.85141826203585,True,False,False
SEG_00916_Z01,SEG_00916,E 51 ST,Open Field,1,9.999999999996739,65.28556980307654,11.608790764761856,False,False,False
SEG_00916_Z02,SEG_00916,E 51 ST,Exposed Edge,4,40.00000000001367,40.377374756177545,8.849709947936718,True,False,False
SEG_00916_Z03,SEG_00916,E 51 ST,Screened Edge,6,59.999999999976126,7.967254734559485,9.115294794330632,True,True,True
SEG_00916_Z04,SEG_00916,E 51 ST,Exposed Edge,3,30.000000000016932,26.02395063066744,9.012087187892197,True,False,False
SEG_00916_Z05,SEG_00916,E 51 ST,Vegetated Buffer,1,6.105416140271439,15.558067135786546,14.00073090499765,False,True,False
SEG_00917_Z01,SEG_00917,MADISON AVE,Open Field,8,79.66125288698953,83.64348621012586,12.753183258459977,True,False,False
SEG_00918_Z01,SEG_00918,E 50 ST,Vegetated Buffer,1,9.99999999999297,12.775057921788422,15.643039028460244,False,True,False
SEG_00918_Z02,SEG_00918,E 50 ST,Screened Edge,2,20.000000000016975,16.11571414999259,9.24908597472668,True,True,True
SEG_00918_Z03,SEG_00918,E 50 ST,Exposed Edge,12,119.9999999999863,69.5300919454815,9.099534330902156,True,False,False
SEG_00918_Z04,SEG_00918,E 50 ST,Open Field,1,5.350100732054539,90.31676334827159,14.619187855320915,False,False,False
SEG_00919_Z01,SEG_00919,MADISON AVE,Open Field,6,60.0000000000069,43.9429653053831,12.168618161761067,True,False,False
SEG_00919_Z02,SEG_00919,MADISON AVE,Vegetated Buffer,2,19.442350293412513,13.315734237176688,12.627649532249794,True,True,True
SEG_00920_Z01,SEG_00920,E 51 ST,Vegetated Buffer,1,10.000000000001851,19.18987632752893,13.852540874219494,False,True,False
SEG_00920_Z02,SEG_00920,E 51 ST,Exposed Edge,14,140.00000000001305,68.50969584665283,9.028828549485002,True,False,False
SEG_00920_Z03,SEG_00920,E 51 ST,Open Field,1,5.429229506059764,70.70558306092096,15.10073920095319,False,False,False
SEG_00921_Z01,SEG_00921,MADISON AVE,Vegetated Buffer,1,10.0000000000014,17.54398634629,12.523033434685642,False,True,False
SEG_00921_Z02,SEG_00921,MADISON AVE,Open Field,6,60.000000000000625,34.40369918728169,11.827896515907335,True,False,False
SEG_00921_Z03,SEG_00921,MADISON AVE,Vegetated Buffer,1,9.504554654044554,19.511405365518957,13.785225826029274,False,True,False
SEG_00922_Z01,SEG_00922,E 52 ST,Open Field,1,10.000000000007223,57.30236857030024,13.84104289047576,False,False,False
SEG_00922_Z02,SEG_00922,E 52 ST,Exposed Edge,3,29.999999999999122,37.4045116244969,9.047541436313983,True,False,False
SEG_00922_Z03,SEG_00922,E 52 ST,Screened Edge,9,89.99999999998455,9.338745992935563,9.128929465647827,True,True,True
SEG_00922_Z04,SEG_00922,E 52 ST,Exposed Edge,2,20.00000000001872,26.486587364403338,9.001649456345785,True,False,False
SEG_00922_Z05,SEG_00922,E 52 ST,Vegetated Buffer,1,5.091843607365887,14.46682329900635,14.772130507765873,False,True,False
SEG_00923_Z01,SEG_00923,MADISON AVE,Vegetated Buffer,1,10.000000000002826,17.492436969786667,13.503964849885694,False,True,False
SEG_00923_Z02,SEG_00923,MADISON AVE,Open Field,1,10.000000000002826,20.563148435644905,12.840748009890278,False,False,False
SEG_00923_Z03,SEG_00923,MADISON AVE,Vegetated Buffer,6,59.36942216212397,9.544087775206853,12.956115828021822,True,True,True
SEG_00924_Z01,SEG_00924,E 53 ST,Open Field,1,10.000000000002212,22.858795303302188,13.52791872185535,False,False,False
SEG_00924_Z02,SEG_00924,E 53 ST,Exposed Edge,2,20.000000000004423,24.797652482734257,8.4700613874145,True,False,False
SEG_00924_Z03,SEG_00924,E 53 ST,Screened Edge,5,49.99999999998433,10.033382045165855,8.907298991725167,True,True,True
SEG_00924_Z04,SEG_00924,E 53 ST,Vegetated Buffer,8,75.20546731011783,7.022285940627409,11.90050398740533,True,True,True
SEG_00925_Z01,SEG_00925,5 AVE,Open Field,8,80.00000000000212,47.47023046243807,15.557366777900297,True,False,False
SEG_00926_Z01,SEG_00926,W 53 ST,Open Field,1,10.000000000001123,20.83159364784393,14.353227888475264,False,False,False
SEG_00926_Z02,SEG_00926,W 53 ST,Screened Edge,11,108.18693936262201,8.249339960663479,9.506316565769142,True,True,True
SEG_00927_Z01,SEG_00927,E 54 ST,Vegetated Buffer,1,9.999999999987214,17.739840739993138,13.601645637518438,False,True,False
SEG_00927_Z02,SEG_00927,E 54 ST,Exposed Edge,7,69.99999999999937,30.72516431616689,9.211812848370856,True,False,False
SEG_00927_Z03,SEG_00927,E 54 ST,Screened Edge,7,69.99999999999937,11.564307844991086,9.44541207109614,True,True,True
SEG_00927_Z04,SEG_00927,E 54 ST,Vegetated Buffer,1,5.113758312305319,15.660894021892517,15.379022953338696,False,True,False
SEG_00928_Z01,SEG_00928,5 AVE,Vegetated Buffer,8,79.04098503610729,14.63207088370139,15.424611664279135,True,True,True
SEG_00929_Z01,SEG_00929,E 55 ST,Open Field,1,10.000000000000405,35.02177398483414,13.588217522899686,False,False,False
SEG_00929_Z02,SEG_00929,E 55 ST,Exposed Edge,10,100.00000000000834,52.570187946918544,9.139392995012107,True,False,False
SEG_00929_Z03,SEG_00929,E 55 ST,Screened Edge,4,40.000000000005926,10.220055018410976,8.953739038794179,True,True,True
SEG_00929_Z04,SEG_00929,E 55 ST,Vegetated Buffer,1,5.120201901615042,17.47516639868229,14.717021619303802,False,True,False
SEG_00930_Z01,SEG_00930,5 AVE,Vegetated Buffer,5,50.00000000000412,9.377460973985679,15.705049306310325,True,True,True
SEG_00930_Z02,SEG_00930,5 AVE,Open Field,3,29.716426375529053,28.09239369461746,15.862141261666466,True,False,False
SEG_00931_Z01,SEG_00931,5 AVE,Open Field,6,59.999999999994856,36.69538494316773,15.084565151634507,True,False,False
SEG_00932_Z01,SEG_00932,5 AVE,Open Field,8,79.07979453510012,46.62601695351715,15.648487635907419,True,False,False
SEG_00933_Z01,SEG_00933,W 52 ST,Open Field,1,10.000000000005343,54.34946750606619,14.143989958661157,False,False,False
SEG_00933_Z02,SEG_00933,W 52 ST,Exposed Edge,3,29.999999999980698,34.46713431499557,9.371901759418433,True,False,False
SEG_00933_Z03,SEG_00933,W 52 ST,Screened Edge,7,67.99174583401793,7.263558901152275,9.42880255496655,True,True,True
SEG_00934_Z01,SEG_00934,W 51 ST,Screened Edge,4,40.000000000012776,8.45801978693283,9.132240890376526,True,True,True
SEG_00934_Z02,SEG_00934,W 51 ST,Exposed Edge,14,139.99999999997834,57.2871453441121,9.141356876446519,True,False,False
SEG_00934_Z03,SEG_00934,W 51 ST,Open Field,1,10.000000000018716,30.080532095207293,13.4711916951689,False,False,False
SEG_00935_Z01,SEG_00935,W 52 ST,Screened Edge,5,49.99999999999349,9.159978451975244,9.469946502522571,True,True,True
SEG_00935_Z02,SEG_00935,W 52 ST,Exposed Edge,3,30.00000000001299,29.060820396183527,9.497880269737406,True,False,False
SEG_00935_Z03,SEG_00935,W 52 ST,Screened Edge,11,109.99999999998845,8.210852657412591,9.54510782886255,True,True,True
SEG_00935_Z04,SEG_00935,W 52 ST,Open Field,1,10.00000000000146,22.459576552240627,12.206574999045538,False,False,False
SEG_00936_Z01,SEG_00936,W 53 ST,Screened Edge,1,10.000000000007384,16.33030594260972,8.872325178216252,False,True,False
SEG_00936_Z02,SEG_00936,W 53 ST,Exposed Edge,1,10.000000000007384,21.77717653267311,8.988425782637712,False,False,False
SEG_00936_Z03,SEG_00936,W 53 ST,Screened Edge,9,89.99999999998062,6.144476983861384,9.430451438556767,True,True,True
SEG_00936_Z04,SEG_00936,W 53 ST,Vegetated Buffer,1,9.999999999995461,9.317893164134338,10.570895237234891,False,True,False
SEG_00936_Z05,SEG_00936,W 53 ST,Screened Edge,3,30.00000000001746,8.049978313828763,8.986420899603269,True,True,True
SEG_00936_Z06,SEG_00936,W 53 ST,Vegetated Buffer,3,29.99999999999066,10.718649774482541,14.710399352841174,True,True,True
SEG_00936_Z07,SEG_00936,W 53 ST,Open Field,1,9.999999999995461,24.362777094386065,19.44120915744061,False,False,False
SEG_00937_Z01,SEG_00937,W 54 ST,Vegetated Buffer,1,9.999999999987411,11.398865144179572,14.141043683379223,False,True,False
SEG_00937_Z02,SEG_00937,W 54 ST,Screened Edge,8,80.00000000001496,5.594781661687342,9.409391423493883,True,True,True
SEG_00937_Z03,SEG_00937,W 54 ST,Vegetated Buffer,3,29.999999999989008,4.728920989292399,10.529916097067453,True,True,True
SEG_00937_Z04,SEG_00937,W 54 ST,Screened Edge,1,10.000000000018474,4.140445490892807,9.449303287985945,False,True,False
SEG_00937_Z05,SEG_00937,W 54 ST,Vegetated Buffer,1,9.999999999983123,5.721600777180946,11.330466214239387,False,True,False
SEG_00937_Z06,SEG_00937,W 54 ST,Screened Edge,12,119.99999999999137,6.83357953743542,9.05253691410081,True,True,True
SEG_00937_Z07,SEG_00937,W 54 ST,Exposed Edge,4,40.00000000000748,35.49149917044288,9.702248601288266,True,False,False
SEG_00937_Z08,SEG_00937,W 54 ST,Open Field,1,10.000000000018474,26.975788052829255,13.478622919031398,False,False,False
SEG_00938_Z01,SEG_00938,AVE OF THE AMERICAS,Open Field,2,19.99999999999308,27.17850517665787,15.503180745238325,True,False,False
SEG_00938_Z02,SEG_00938,AVE OF THE AMERICAS,Vegetated Buffer,4,40.000000000011106,12.091764161044878,15.130841520133039,True,True,True
SEG_00938_Z03,SEG_00938,AVE OF THE AMERICAS,Open Field,2,19.38873759861853,26.51916550959834,15.481911498788719,True,False,False
SEG_00939_Z01,SEG_00939,W 55 ST,Open Field,1,10.000000000003228,25.10826960646987,14.01241406924204,False,False,False
SEG_00939_Z02,SEG_00939,W 55 ST,Screened Edge,21,210.00000000000898,8.201897931368515,9.22645628279707,True,True,True
SEG_00939_Z03,SEG_00939,W 55 ST,Exposed Edge,3,29.99999999998293,27.89776462202477,9.06266609166722,True,False,False
SEG_00939_Z04,SEG_00939,W 55 ST,Screened Edge,1,10.000000000007521,13.77904481640112,9.049731103705835,False,True,False
SEG_00939_Z05,SEG_00939,W 55 ST,Vegetated Buffer,1,10.000000000003228,5.289256081435102,10.111051310913968,False,True,False
SEG_00939_Z06,SEG_00939,W 55 ST,Screened Edge,3,29.99999999998293,9.15821138541265,9.241072749899184,True,True,True
SEG_00939_Z07,SEG_00939,W 55 ST,Open Field,1,10.000000000007521,23.82623599312878,13.125391046122141,False,False,False
SEG_00940_Z01,SEG_00940,AVE OF THE AMERICAS,Vegetated Buffer,7,70.00000000000024,11.551664691988632,17.262819521566456,True,True,True
SEG_00940_Z02,SEG_00940,AVE OF THE AMERICAS,Open Field,1,9.917556022826995,22.048720606182616,20.306315846959137,False,False,False
SEG_00941_Z01,SEG_00941,AVE OF THE AMERICAS,Open Field,7,69.17743847455588,36.93152501593513,14.79873543609129,True,False,False
SEG_00942_Z01,SEG_00942,AVE OF THE AMERICAS,Open Field,8,79.37047096507979,29.055813097841376,17.08101204103112,True,False,False
SEG_00943_Z01,SEG_00943,W 51 ST,Vegetated Buffer,9,89.9999999999884,9.170161994134125,10.614980487797743,True,True,True
SEG_00943_Z02,SEG_00943,W 51 ST,Screened Edge,7,70.00000000000178,7.575348742888083,9.812859574738356,True,True,True
SEG_00944_Z01,SEG_00944,AVE OF THE AMERICAS,Open Field,8,79.08955564139337,35.06617866079027,23.631533954476176,True,False,False
SEG_00945_Z01,SEG_00945,W 52 ST,Open Field,1,9.999999999999167,22.301097541369963,22.908524237274772,False,False,False
SEG_00945_Z02,SEG_00945,W 52 ST,Vegetated Buffer,9,90.00000000000541,7.454598140949876,14.872365474591748,True,True,True
SEG_00945_Z03,SEG_00945,W 52 ST,Screened Edge,6,59.999999999999304,10.60920948152404,9.361453540140001,True,True,True
SEG_00946_Z01,SEG_00946,6 1/2 AVE,Screened Edge,3,29.999999999990255,9.247150584223045,2.463966617519893,True,True,True
SEG_00946_Z02,SEG_00946,6 1/2 AVE,Exposed Edge,2,20.000000000007546,25.77288894108583,0.0,True,False,False
SEG_00946_Z03,SEG_00946,6 1/2 AVE,Screened Edge,3,29.601974679290322,8.108461797643292,2.777665653975449,True,True,True
SEG_00947_Z01,SEG_00947,W 52 ST,Screened Edge,8,79.99999999999208,11.760252889850658,9.598135063380598,True,True,True
SEG_00947_Z02,SEG_00947,W 52 ST,Vegetated Buffer,2,20.000000000022396,12.537889642385867,11.753468981923707,True,True,True
SEG_00947_Z03,SEG_00947,W 52 ST,Open Field,1,9.999999999977986,22.571948529544663,15.864529496975619,False,False,False
SEG_00948_Z01,SEG_00948,W 53 ST,Open Field,2,20.000000000001506,29.408905409103873,12.072503343711949,True,False,False
SEG_00948_Z02,SEG_00948,W 53 ST,Screened Edge,11,110.00000000000627,8.397702231768472,9.62994350382983,True,True,True
SEG_00948_Z03,SEG_00948,W 53 ST,Exposed Edge,3,29.99999999998106,34.35593520251059,9.252958593259857,True,False,False
SEG_00949_Z01,SEG_00949,6 1/2 AVE,Screened Edge,1,9.999999999994953,15.914734770679312,4.422791602497956,False,True,False
SEG_00949_Z02,SEG_00949,6 1/2 AVE,Exposed Edge,7,69.30213856123768,47.392719399388795,2.1688323067244784,True,False,False
SEG_00950_Z01,SEG_00950,W 53 ST,Exposed Edge,10,99.99999999999486,69.5385157303682,9.335961992284448,True,False,False
SEG_00950_Z02,SEG_00950,W 53 ST,Open Field,1,10.00000000002165,46.65807694433682,15.383038115860803,False,False,False
SEG_00951_Z01,SEG_00951,W 54 ST,Open Field,1,10.000000000010278,22.725683448001195,13.478388007374983,False,False,False
SEG_00951_Z02,SEG_00951,W 54 ST,Screened Edge,10,99.99999999999251,8.882434356329778,9.009038115897445,True,True,True
SEG_00951_Z03,SEG_00951,W 54 ST,Exposed Edge,5,49.99999999998075,40.54281457018967,9.239585273501564,True,False,False
SEG_00952_Z01,SEG_00952,6 1/2 AVE,Exposed Edge,8,79.36395800141686,62.05478022691028,1.1813634491797933,True,False,False
SEG_00953_Z01,SEG_00953,W 54 ST,Exposed Edge,1,7.893009307823469,72.16175022416265,9.358306069883124,False,False,False
SEG_00954_Z01,SEG_00954,7 AVE,Open Field,3,30.00000000000404,30.808114648962018,18.55675189117143,True,False,False
SEG_00954_Z02,SEG_00954,7 AVE,Vegetated Buffer,5,49.65408313047267,11.753381672416031,14.533389178943844,True,True,True
SEG_00955_Z01,SEG_00955,W 54 ST,Exposed Edge,9,90.00000000001265,59.84282898320461,9.2852616532927,True,False,False
SEG_00955_Z02,SEG_00955,W 54 ST,Open Field,1,9.999999999984082,23.821394918740644,11.668459776195462,False,False,False
SEG_00956_Z01,SEG_00956,6 1/2 AVE,Exposed Edge,5,49.99999999999508,47.87072447298345,0.8884797832412799,True,False,False
SEG_00956_Z02,SEG_00956,6 1/2 AVE,Screened Edge,3,29.75736983857145,13.616905706505541,0.45976726758207936,True,True,True
SEG_00957_Z01,SEG_00957,7 AVE,Open Field,8,79.56280619509384,43.9010809997246,15.078277401821826,True,False,False
SEG_00958_Z01,SEG_00958,W 55 ST,Screened Edge,7,70.00000000000304,8.646396663226186,8.885580084437985,True,True,True
SEG_00958_Z02,SEG_00958,W 55 ST,Exposed Edge,2,20.000000000008985,35.079103612793475,9.288856544142073,True,False,False
SEG_00958_Z03,SEG_00958,W 55 ST,Open Field,1,9.999999999984674,50.01096788631123,11.530943503920078,False,False,False
SEG_00959_Z01,SEG_00959,6 1/2 AVE,Screened Edge,2,19.999999999998327,16.02363521366944,2.06573999984926,True,True,True
SEG_00959_Z02,SEG_00959,6 1/2 AVE,Exposed Edge,2,15.546510526426653,29.691171162338684,0.0,True,False,False
SEG_00960_Z01,SEG_00960,W 55 ST,Open Field,1,9.581728546576494,62.98006608642806,14.093031483723292,False,False,False
SEG_00961_Z01,SEG_00961,7 AVE,Open Field,1,3.5224853513583145,58.10565824314588,17.238592565266963,False,False,False
SEG_00962_Z01,SEG_00962,W 55 ST,Open Field,1,10.000000000011642,25.362385321663204,13.30715795455703,False,False,False
SEG_00962_Z02,SEG_00962,W 55 ST,Screened Edge,7,69.99999999997982,9.824951064437963,9.172154194490796,True,True,True
SEG_00962_Z03,SEG_00962,W 55 ST,Vegetated Buffer,3,29.999999999999602,6.1735324436593695,12.694572531319992,True,True,True
SEG_00962_Z04,SEG_00962,W 55 ST,Screened Edge,6,60.00000000000351,8.439087946848353,8.70324480120135,True,True,True
