{"type": "FeatureCollection", "features": [{"type": "Feature", "properties": {"site_id": "OS001", "Approved On Street": "DEISIUS STREET", "Approved From Street": "KINGDOM AVENUE", "Approved To Street": "STECHER STREET", "Borough Name": "Staten Island", "program_type": "Full Closure: Schools", "Organization Name": "PS 5", "approved_start": "2024-09-05", "approved_end": "2025-06-27", "approved_days_per_week": 5, "weekly_approved_hours": 37.5, "total_approved_hours": 1590.0, "monday_open_min": 450.0, "monday_close_min": 900.0, "monday_schedule": "07:30\u201315:00", "tuesday_open_min": 450.0, "tuesday_close_min": 900.0, "tuesday_schedule": "07:30\u201315:00", "wednesday_open_min": 450.0, "wednesday_close_min": 900.0, "wednesday_schedule": "07:30\u201315:00", "thursday_open_min": 450.0, "thursday_close_min": 900.0, "thursday_schedule": "07:30\u201315:00", "friday_open_min": 450.0, "friday_close_min": 900.0, "friday_schedule": "07:30\u201315:00", "saturday_open_min": null, "saturday_close_min": null, "saturday_schedule": null, "sunday_open_min": null, "sunday_close_min": null, "sunday_schedule": null}, "geometry": {"type": "LineString", "coordinates": [[-74.1873831898433, 40.53027724133192], [-74.18822428664825, 40.52993529401474]]}}, {"type": "Feature", "properties": {"site_id": "OS002", "Approved On Street": "SUFFOLK AVENUE", "Approved From Street": "HAROLD STREET", "Approved To Street": "QUEEN STREET", "Borough Name": "Staten Island", "program_type": "Full Closure", "Organization Name": "Council of Jewish Organizations of Staten Island, a project of the Igud Harabonim of America Inc", "approved_start": "2024-03-29", "approved_end": "2024-10-31", "approved_days_per_week": 3, "weekly_approved_hours": 31.0, "total_approved_hours": 961.0, "monday_open_min": null, "monday_close_min": null, "monday_schedule": null, "tuesday_open_min": null, "tuesday_close_min": null, "tuesday_schedule": null, "wednesday_open_min": null, "wednesday_close_min": null, "wednesday_schedule": null, "thursday_open_min": null, "thursday_close_min": null, "thursday_schedule": null, "friday_open_min": 840.0, "friday_close_min": 1260.0, "friday_schedule": "14:00\u201321:00", "saturday_open_min": 540.0, "saturday_close_min": 1260.0, "saturday_schedule": "09:00\u201321:00", "sunday_open_min": 540.0, "sunday_close_min": 1260.0, "sunday_schedule": "09:00\u201321:00"}, "geometry": {"type": "MultiLineString", "coordinates": [[[-74.12783562100836, 40.602878201340694], [-74.12771571744001, 40.60202371219403]], [[-74.12771571744001, 40.60202371219403], [-74.12765627029424, 40.60163641824394]]]}}, {"type": "Feature", "properties": {"site_id": "OS003", "Approved On Street": "VERMONT COURT", "Approved From Street": "GANSEVOORT BOULEVARD", "Approved To Street": "SUFFOLK AVENUE", "Borough Name": "Staten Island", "program_type": "Full Closure", "Organization Name": "Council of Jewish Organizations of Staten Island, a project of the Igud Harabonim of America Inc", "approved_start": "2024-03-29", "approved_end": "2024-10-31", "approved_days_per_week": 3, "weekly_approved_hours": 31.0, "total_approved_hours": 961.0, "monday_open_min": null, "monday_close_min": null, "monday_schedule": null, "tuesday_open_min": null, "tuesday_close_min": null, "tuesday_schedule": null, "wednesday_open_min": null, "wednesday_close_min": null, "wednesday_schedule": null, "thursday_open_min": null, "thursday_close_min": null, "thursday_schedule": null, "friday_open_min": 840.0, "friday_close_min": 1260.0, "friday_schedule": "14:00\u201321:00", "saturday_open_min": 540.0, "saturday_close_min": 1260.0, "saturday_schedule": "09:00\u201321:00", "sunday_open_min": 540.0, "sunday_close_min": 1260.0, "sunday_schedule": "09:00\u201321:00"}, "geometry": {"type": "LineString", "coordinates": [[-74.12620041947886, 40.6020860093294], [-74.12771571744001, 40.60202371219403]]}}, {"type": "Feature", "properties": {"site_id": "OS004", "Approved On Street": "9 STREET", "Approved From Street": "ROSE AVENUE", "Approved To Street": "NEW DORP LANE", "Borough Name": "Staten Island", "program_type": "Full Closure", "Organization Name": "New Dorp Lane Management Association", "approved_start": "2024-05-24", "approved_end": "2024-11-01", "approved_days_per_week": 3, "weekly_approved_hours": 14.0, "total_approved_hours": 326.0, "monday_open_min": null, "monday_close_min": null, "monday_schedule": null, "tuesday_open_min": null, "tuesday_close_min": null, "tuesday_schedule": null, "wednesday_open_min": null, "wednesday_close_min": null, "wednesday_schedule": null, "thursday_open_min": null, "thursday_close_min": null, "thursday_schedule": null, "friday_open_min": 1140.0, "friday_close_min": 1380.0, "friday_schedule": "19:00\u201323:00", "saturday_open_min": 1080.0, "saturday_close_min": 1380.0, "saturday_schedule": "18:00\u201323:00", "sunday_open_min": 1080.0, "sunday_close_min": 1380.0, "sunday_schedule": "18:00\u201323:00"}, "geometry": {"type": "LineString", "coordinates": [[-74.11480751234811, 40.57315907351162], [-74.11576065378974, 40.57216682767418]]}}, {"type": "Feature", "properties": {"site_id": "OS005", "Approved On Street": "3 AVENUE", "Approved From Street": "82 STREET", "Approved To Street": "MARINE AVENUE", "Borough Name": "Brooklyn", "program_type": "Full Closure", "Organization Name": "Merchants of third Avenue Civic improvement assoc, inc", "approved_start": "2024-07-19", "approved_end": "2024-08-02", "approved_days_per_week": 1, "weekly_approved_hours": 6.0, "total_approved_hours": 18.0, "monday_open_min": null, "monday_close_min": null, "monday_schedule": null, "tuesday_open_min": null, "tuesday_close_min": null, "tuesday_schedule": null, "wednesday_open_min": null, "wednesday_close_min": null, "wednesday_schedule": null, "thursday_open_min": null, "thursday_close_min": null, "thursday_schedule": null, "friday_open_min": 960.0, "friday_close_min": 1320.0, "friday_schedule": "16:00\u201322:00", "saturday_open_min": null, "saturday_close_min": null, "saturday_schedule": null, "sunday_open_min": null, "sunday_close_min": null, "sunday_schedule": null}, "geometry": {"type": "MultiLineString", "coordinates": [[[-74.03418995725625, 40.61580488357103], [-74.03453827155818, 40.61493893845266]], [[-74.03414586357573, 40.615913472483165], [-74.03418995725625, 40.61580488357103]], [[-74.03331256674338, 40.61794500465979], [-74.03358936528736, 40.61727619650968]], [[-74.03303206530377, 40.61864093504046], [-74.03331256674338, 40.61794500465979]], [[-74.03295871695441, 40.61881739510156], [-74.03303206530377, 40.61864093504046]], [[-74.03275211847779, 40.61932301632135], [-74.03295871695441, 40.61881739510156]], [[-74.03264688747291, 40.61957917141344], [-74.03275211847779, 40.61932301632135]], [[-74.03247442258227, 40.62000389674144], [-74.03264688747291, 40.61957917141344]], [[-74.03232748562894, 40.62036185002722], [-74.03247442258227, 40.62000389674144]], [[-74.03219532778388, 40.620687470289326], [-74.03232748562894, 40.62036185002722]], [[-74.03205002825436, 40.62104063196695], [-74.03219532778388, 40.620687470289326]], [[-74.03191786810369, 40.62136707136047], [-74.03205002825436, 40.62104063196695]], [[-74.03163907998064, 40.62204849112885], [-74.03191786810369, 40.62136707136047]], [[-74.0313598837787, 40.62272872159556], [-74.03163907998064, 40.62204849112885]], [[-74.03105991808857, 40.623462898106474], [-74.0313598837787, 40.62272872159556]], [[-74.03070775554673, 40.62432825748892], [-74.03105991808857, 40.623462898106474]], [[-74.030427276358, 40.62500993570258], [-74.03070775554673, 40.62432825748892]], [[-74.03014945041245, 40.6256909461009], [-74.030427276358, 40.62500993570258]], [[-74.0298710403257, 40.626373441786896], [-74.03014945041245, 40.6256909461009]], [[-74.0338657733214, 40.61659397090031], [-74.03389978904505, 40.61651131107116]], [[-74.03389978904505, 40.61651131107116], [-74.03414586357573, 40.615913472483165]], [[-74.03358936528736, 40.61727619650968], [-74.03361284144368, 40.61721888050532]], [[-74.03361284144368, 40.61721888050532], [-74.0338657733214, 40.61659397090031]]]}}, {"type": "Feature", "properties": {"site_id": "OS006", "Approved On Street": "3 AVENUE", "Approved From Street": "68 STREET", "Approved To Street": "82 STREET", "Borough Name": "Brooklyn", "program_type": "Full Closure", "Organization Name": "Merchants Of third Avenue Civic Improvement assoc. Inc", "approved_start": "2024-07-26", "approved_end": "2024-08-09", "approved_days_per_week": 1, "weekly_approved_hours": 6.0, "total_approved_hours": 18.0, "monday_open_min": null, "monday_close_min": null, "monday_schedule": null, "tuesday_open_min": null, "tuesday_close_min": null, "tuesday_schedule": null, "wednesday_open_min": null, "wednesday_close_min": null, "wednesday_schedule": null, "thursday_open_min": null, "thursday_close_min": null, "thursday_schedule": null, "friday_open_min": 960.0, "friday_close_min": 1320.0, "friday_schedule": "16:00\u201322:00", "saturday_open_min": null, "saturday_close_min": null, "saturday_schedule": null, "sunday_open_min": null, "sunday_close_min": null, "sunday_schedule": null}, "geometry": {"type": "MultiLineString", "coordinates": [[[-74.02957284842162, 40.627103552321586], [-74.0298710403257, 40.626373441786896]], [[-74.02927464966953, 40.62783292360009], [-74.02957284842162, 40.627103552321586]], [[-74.02897575964259, 40.62856407725013], [-74.02927464966953, 40.62783292360009]], [[-74.02867799736445, 40.62929432926363], [-74.02897575964259, 40.62856407725013]], [[-74.02838003867271, 40.63002274343595], [-74.02867799736445, 40.62929432926363]], [[-74.02808018355611, 40.63075415597077], [-74.02838003867271, 40.63002274343595]], [[-74.02779098610115, 40.631463367285676], [-74.02808018355611, 40.63075415597077]], [[-74.02750722417623, 40.6321546021514], [-74.02779098610115, 40.631463367285676]], [[-74.027229551641, 40.63283606418795], [-74.02750722417623, 40.6321546021514]], [[-74.02695077349583, 40.633515931842645], [-74.027229551641, 40.63283606418795]], [[-74.02667961447618, 40.6341972558435], [-74.02695077349583, 40.633515931842645]], [[-74.0263794618838, 40.63486579753734], [-74.02667961447618, 40.6341972558435]], [[-74.02603960484392, 40.635741189405046], [-74.0263794618838, 40.63486579753734]], [[-74.02574552328825, 40.63646534490262], [-74.02603960484392, 40.635741189405046]]]}}, {"type": "Feature", "properties": {"site_id": "OS007", "Approved On Street": "71 STREET", "Approved From Street": "6 AVENUE", "Approved To Street": "7 AVENUE", "Borough Name": "Brooklyn", "program_type": "Full Closure: Schools", "Organization Name": "PS 170K The Ralph A. Fabrizio School", "approved_start": "2024-09-05", "approved_end": "2025-06-27", "approved_days_per_week": 5, "weekly_approved_hours": 2.5, "total_approved_hours": 106.0, "monday_open_min": 870.0, "monday_close_min": 900.0, "monday_schedule": "14:30\u201315:00", "tuesday_open_min": 870.0, "tuesday_close_min": 900.0, "tuesday_schedule": "14:30\u201315:00", "wednesday_open_min": 870.0, "wednesday_close_min": 900.0, "wednesday_schedule": "14:30\u201315:00", "thursday_open_min": 870.0, "thursday_close_min": 900.0, "thursday_schedule": "14:30\u201315:00", "friday_open_min": 870.0, "friday_close_min": 900.0, "friday_schedule": "14:30\u201315:00", "saturday_open_min": null, "saturday_close_min": null, "saturday_schedule": null, "sunday_open_min": null, "sunday_close_min": null, "sunday_schedule": null}, "geometry": {"type": "LineString", "coordinates": [[-74.01906269227025, 40.63103852461099], [-74.01812288842963, 40.63047165550852]]}}, {"type": "Feature", "properties": {"site_id": "OS008", "Approved On Street": "REED STREET", "Approved From Street": "CONOVER STREET", "Approved To Street": "VAN BRUNT STREET", "Borough Name": "Brooklyn", "program_type": "Full Closure", "Organization Name": "Hometown Bar B Que", "approved_start": "2024-04-01", "approved_end": "2024-12-01", "approved_days_per_week": 6, "weekly_approved_hours": 46.0, "total_approved_hours": 1610.0, "monday_open_min": null, "monday_close_min": null, "monday_schedule": null, "tuesday_open_min": 960.0, "tuesday_close_min": 1320.0, "tuesday_schedule": "16:00\u201322:00", "wednesday_open_min": 960.0, "wednesday_close_min": 1320.0, "wednesday_schedule": "16:00\u201322:00", "thursday_open_min": 960.0, "thursday_close_min": 1320.0, "thursday_schedule": "16:00\u201322:00", "friday_open_min": 960.0, "friday_close_min": 1380.0, "friday_schedule": "16:00\u201323:00", "saturday_open_min": 720.0, "saturday_close_min": 1380.0, "saturday_schedule": "12:00\u201323:00", "sunday_open_min": 720.0, "sunday_close_min": 1320.0, "sunday_schedule": "12:00\u201322:00"}, "geometry": {"type": "LineString", "coordinates": [[-74.01603631662975, 40.67467939105836], [-74.01726307328852, 40.675504778571884]]}}, {"type": "Feature", "properties": {"site_id": "OS009", "Approved On Street": "WEST 12 STREET", "Approved From Street": "SURF AVENUE", "Approved To Street": "BOWERY", "Borough Name": "Brooklyn", "program_type": "Full Closure", "Organization Name": "Alliance for Coney Island", "approved_start": "2024-06-29", "approved_end": "2024-07-27", "approved_days_per_week": 1, "weekly_approved_hours": 9.0, "total_approved_hours": 45.0, "monday_open_min": null, "monday_close_min": null, "monday_schedule": null, "tuesday_open_min": null, "tuesday_close_min": null, "tuesday_schedule": null, "wednesday_open_min": null, "wednesday_close_min": null, "wednesday_schedule": null, "thursday_open_min": null, "thursday_close_min": null, "thursday_schedule": null, "friday_open_min": null, "friday_close_min": null, "friday_schedule": null, "saturday_open_min": 630.0, "saturday_close_min": 1170.0, "saturday_schedule": "10:30\u201319:30", "sunday_open_min": null, "sunday_close_min": null, "sunday_schedule": null}, "geometry": {"type": "LineString", "coordinates": [[-73.97963850334689, 40.575536730356745], [-73.97964342665841, 40.574770538051176]]}}, {"type": "Feature", "properties": {"site_id": "OS010", "Approved On Street": "BENSON AVENUE", "Approved From Street": "BAY 19 STREET", "Approved To Street": "18 AVENUE", "Borough Name": "Brooklyn", "program_type": "Full Closure", "Organization Name": "Federation of Italian American Organizations", "approved_start": "2024-07-01", "approved_end": "2024-08-09", "approved_days_per_week": 5, "weekly_approved_hours": 35.0, "total_approved_hours": 210.0, "monday_open_min": 480.0, "monday_close_min": 900.0, "monday_schedule": "08:00\u201315:00", "tuesday_open_min": 480.0, "tuesday_close_min": 900.0, "tuesday_schedule": "08:00\u201315:00", "wednesday_open_min": 480.0, "wednesday_close_min": 900.0, "wednesday_schedule": "08:00\u201315:00", "thursday_open_min": 480.0, "thursday_close_min": 900.0, "thursday_schedule": "08:00\u201315:00", "friday_open_min": 480.0, "friday_close_min": 900.0, "friday_schedule": "08:00\u201315:00", "saturday_open_min": null, "saturday_close_min": null, "saturday_schedule": null, "sunday_open_min": null, "sunday_close_min": null, "sunday_schedule": null}, "geometry": {"type": "LineString", "coordinates": [[-74.0049344885168, 40.60507440608618], [-74.00444636784215, 40.60480184705256]]}}, {"type": "Feature", "properties": {"site_id": "OS011", "Approved On Street": "82 STREET", "Approved From Street": "24 AVENUE", "Approved To Street": "STILLWELL AVENUE", "Borough Name": "Brooklyn", "program_type": "Full Closure: Schools", "Organization Name": "Bet Yaakov Yesodot Hatorah", "approved_start": "2024-09-09", "approved_end": "2025-06-18", "approved_days_per_week": 5, "weekly_approved_hours": 21.0, "total_approved_hours": 855.0, "monday_open_min": 600.0, "monday_close_min": 900.0, "monday_schedule": "10:00\u201315:00", "tuesday_open_min": 600.0, "tuesday_close_min": 900.0, "tuesday_schedule": "10:00\u201315:00", "wednesday_open_min": 600.0, "wednesday_close_min": 900.0, "wednesday_schedule": "10:00\u201315:00", "thursday_open_min": 600.0, "thursday_close_min": 900.0, "thursday_schedule": "10:00\u201315:00", "friday_open_min": 600.0, "friday_close_min": 660.0, "friday_schedule": "10:00\u201311:00", "saturday_open_min": null, "saturday_close_min": null, "saturday_schedule": null, "sunday_open_min": null, "sunday_close_min": null, "sunday_schedule": null}, "geometry": {"type": "LineString", "coordinates": [[-73.98702478121979, 40.60153373761037], [-73.98605968626204, 40.600957740668825]]}}, {"type": "Feature", "properties": {"site_id": "OS012", "Approved On Street": "43 STREET", "Approved From Street": "8 AVENUE", "Approved To Street": "7 AVENUE", "Borough Name": "Brooklyn", "program_type": "Full Closure: Schools", "Organization Name": "PS 169 Sunset Park School", "approved_start": "2024-09-05", "approved_end": "2025-06-27", "approved_days_per_week": 3, "weekly_approved_hours": 13.5, "total_approved_hours": 576.0, "monday_open_min": 570.0, "monday_close_min": 840.0, "monday_schedule": "09:30\u201314:00", "tuesday_open_min": null, "tuesday_close_min": null, "tuesday_schedule": null, "wednesday_open_min": null, "wednesday_close_min": null, "wednesday_schedule": null, "thursday_open_min": 570.0, "thursday_close_min": 840.0, "thursday_schedule": "09:30\u201314:00", "friday_open_min": 570.0, "friday_close_min": 840.0, "friday_schedule": "09:30\u201314:00", "saturday_open_min": null, "saturday_close_min": null, "saturday_schedule": null, "sunday_open_min": null, "sunday_close_min": null, "sunday_schedule": null}, "geometry": {"type": "LineString", "coordinates": [[-74.00183596298312, 40.646370189225976], [-73.99963885933298, 40.64504188709992]]}}, {"type": "Feature", "properties": {"site_id": "OS013", "Approved On Street": "CHESTER AVENUE", "Approved From Street": "CHURCH AVENUE", "Approved To Street": "LOUISA STREET", "Borough Name": "Brooklyn", "program_type": "Full Closure", "Organization Name": "MASJID NUR AL ISLAM", "approved_start": "2024-03-08", "approved_end": "2025-03-31", "approved_days_per_week": 1, "weekly_approved_hours": 3.0, "total_approved_hours": 168.0, "monday_open_min": null, "monday_close_min": null, "monday_schedule": null, "tuesday_open_min": null, "tuesday_close_min": null, "tuesday_schedule": null, "wednesday_open_min": null, "wednesday_close_min": null, "wednesday_schedule": null, "thursday_open_min": null, "thursday_close_min": null, "thursday_schedule": null, "friday_open_min": 720.0, "friday_close_min": 900.0, "friday_schedule": "12:00\u201315:00", "saturday_open_min": null, "saturday_close_min": null, "saturday_schedule": null, "sunday_open_min": null, "sunday_close_min": null, "sunday_schedule": null}, "geometry": {"type": "LineString", "coordinates": [[-73.98311929003879, 40.64253981433924], [-73.98244454209303, 40.64153862598363]]}}, {"type": "Feature", "properties": {"site_id": "OS014", "Approved On Street": "WEST 9 STREET", "Approved From Street": "HENRY STREET", "Approved To Street": "HICKS STREET", "Borough Name": "Brooklyn", "program_type": "Full Closure", "Organization Name": "Red Hook Initiative", "approved_start": "2024-07-01", "approved_end": "2024-12-31", "approved_days_per_week": 5, "weekly_approved_hours": 48.0, "total_approved_hours": 1270.0, "monday_open_min": 420.0, "monday_close_min": 1140.0, "monday_schedule": "07:00\u201319:00", "tuesday_open_min": 540.0, "tuesday_close_min": 1140.0, "tuesday_schedule": "09:00\u201319:00", "wednesday_open_min": 540.0, "wednesday_close_min": 1140.0, "wednesday_schedule": "09:00\u201319:00", "thursday_open_min": 540.0, "thursday_close_min": 1140.0, "thursday_schedule": "09:00\u201319:00", "friday_open_min": 540.0, "friday_close_min": 900.0, "friday_schedule": "09:00\u201315:00", "saturday_open_min": null, "saturday_close_min": null, "saturday_schedule": null, "sunday_open_min": null, "sunday_close_min": null, "sunday_schedule": null}, "geometry": {"type": "LineString", "coordinates": [[-74.00476403718542, 40.676709567056136], [-74.00319364334875, 40.676271052680576]]}}, {"type": "Feature", "properties": {"site_id": "OS015", "Approved On Street": "COLUMBIA STREET", "Approved From Street": "HAMILTON AVENUE", "Approved To Street": "WOODHULL STREET", "Borough Name": "Brooklyn", "program_type": "Full Closure", "Organization Name": "Living Traditions Inc.", "approved_start": "2024-06-01", "approved_end": "2024-07-13", "approved_days_per_week": 1, "weekly_approved_hours": 11.0, "total_approved_hours": 77.0, "monday_open_min": null, "monday_close_min": null, "monday_schedule": null, "tuesday_open_min": null, "tuesday_close_min": null, "tuesday_schedule": null, "wednesday_open_min": null, "wednesday_close_min": null, "wednesday_schedule": null, "thursday_open_min": null, "thursday_close_min": null, "thursday_schedule": null, "friday_open_min": null, "friday_close_min": null, "friday_schedule": null, "saturday_open_min": 660.0, "saturday_close_min": 1320.0, "saturday_schedule": "11:00\u201322:00", "sunday_open_min": null, "sunday_close_min": null, "sunday_schedule": null}, "geometry": {"type": "LineString", "coordinates": [[-74.00430130375715, 40.68170753042009], [-74.00456896589824, 40.68114997575057]]}}, {"type": "Feature", "properties": {"site_id": "OS016", "Approved On Street": "SUMMIT STREET", "Approved From Street": "HENRY STREET", "Approved To Street": "HICKS STREET", "Borough Name": "Brooklyn", "program_type": "Full Closure: Schools", "Organization Name": "Mary McDowell Friends School", "approved_start": "2024-09-09", "approved_end": "2025-06-27", "approved_days_per_week": 5, "weekly_approved_hours": 10.0, "total_approved_hours": 420.0, "monday_open_min": 750.0, "monday_close_min": 870.0, "monday_schedule": "12:30\u201314:30", "tuesday_open_min": 750.0, "tuesday_close_min": 870.0, "tuesday_schedule": "12:30\u201314:30", "wednesday_open_min": 750.0, "wednesday_close_min": 870.0, "wednesday_schedule": "12:30\u201314:30", "thursday_open_min": 750.0, "thursday_close_min": 870.0, "thursday_schedule": "12:30\u201314:30", "friday_open_min": 750.0, "friday_close_min": 870.0, "friday_schedule": "12:30\u201314:30", "saturday_open_min": null, "saturday_close_min": null, "saturday_schedule": null, "sunday_open_min": null, "sunday_close_min": null, "sunday_schedule": null}, "geometry": {"type": "LineString", "coordinates": [[-74.00225222129774, 40.68189321175296], [-74.00069415415123, 40.68146340728884]]}}, {"type": "Feature", "properties": {"site_id": "OS017", "Approved On Street": "4 STREET", "Approved From Street": "5 AVENUE", "Approved To Street": "DEAD END", "Borough Name": "Brooklyn", "program_type": "Full Closure", "Organization Name": "Park Slope Fifth Avenue BID", "approved_start": "2024-01-08", "approved_end": "2024-12-31", "approved_days_per_week": 7, "weekly_approved_hours": 98.0, "total_approved_hours": 5026.0, "monday_open_min": 480.0, "monday_close_min": 1320.0, "monday_schedule": "08:00\u201322:00", "tuesday_open_min": 480.0, "tuesday_close_min": 1320.0, "tuesday_schedule": "08:00\u201322:00", "wednesday_open_min": 480.0, "wednesday_close_min": 1320.0, "wednesday_schedule": "08:00\u201322:00", "thursday_open_min": 480.0, "thursday_close_min": 1320.0, "thursday_schedule": "08:00\u201322:00", "friday_open_min": 480.0, "friday_close_min": 1320.0, "friday_schedule": "08:00\u201322:00", "saturday_open_min": 480.0, "saturday_close_min": 1320.0, "saturday_schedule": "08:00\u201322:00", "sunday_open_min": 480.0, "sunday_close_min": 1320.0, "sunday_schedule": "08:00\u201322:00"}, "geometry": {"type": "LineString", "coordinates": [[-73.98505876955763, 40.67278658382859], [-73.98378623283008, 40.672193306120306]]}}, {"type": "Feature", "properties": {"site_id": "OS018", "Approved On Street": "5 AVENUE", "Approved From Street": "PRESIDENT STREET", "Approved To Street": "2 STREET", "Borough Name": "Brooklyn", "program_type": "Full Closure", "Organization Name": "5th Avenue Open Streets Merchants Association", "approved_start": "2024-05-04", "approved_end": "2024-10-26", "approved_days_per_week": 1, "weekly_approved_hours": 11.0, "total_approved_hours": 286.0, "monday_open_min": null, "monday_close_min": null, "monday_schedule": null, "tuesday_open_min": null, "tuesday_close_min": null, "tuesday_schedule": null, "wednesday_open_min": null, "wednesday_close_min": null, "wednesday_schedule": null, "thursday_open_min": null, "thursday_close_min": null, "thursday_schedule": null, "friday_open_min": null, "friday_close_min": null, "friday_schedule": null, "saturday_open_min": 660.0, "saturday_close_min": 1320.0, "saturday_schedule": "11:00\u201322:00", "sunday_open_min": null, "sunday_close_min": null, "sunday_schedule": null}, "geometry": {"type": "MultiLineString", "coordinates": [[[-73.98227686951823, 40.67400014718355], [-73.98278109154674, 40.6733987598457]], [[-73.98177482760104, 40.674601882014606], [-73.98227686951823, 40.67400014718355]], [[-73.98132614554528, 40.67514568505819], [-73.98177482760104, 40.674601882014606]], [[-73.98088902318365, 40.675778369051905], [-73.98132614554528, 40.67514568505819]]]}}, {"type": "Feature", "properties": {"site_id": "OS019", "Approved On Street": "PECK SLIP", "Approved From Street": "WATER STREET", "Approved To Street": "PEARL STREET", "Borough Name": "Manhattan", "program_type": "Full Closure: Schools", "Organization Name": "Peck Slip School", "approved_start": "2024-09-05", "approved_end": "2025-06-27", "approved_days_per_week": 5, "weekly_approved_hours": 42.5, "total_approved_hours": 1802.0, "monday_open_min": 450.0, "monday_close_min": 960.0, "monday_schedule": "07:30\u201316:00", "tuesday_open_min": 450.0, "tuesday_close_min": 960.0, "tuesday_schedule": "07:30\u201316:00", "wednesday_open_min": 450.0, "wednesday_close_min": 960.0, "wednesday_schedule": "07:30\u201316:00", "thursday_open_min": 450.0, "thursday_close_min": 960.0, "thursday_schedule": "07:30\u201316:00", "friday_open_min": 450.0, "friday_close_min": 960.0, "friday_schedule": "07:30\u201316:00", "saturday_open_min": null, "saturday_close_min": null, "saturday_schedule": null, "sunday_open_min": null, "sunday_close_min": null, "sunday_schedule": null}, "geometry": {"type": "LineString", "coordinates": [[-74.0025025398103, 40.7088456291383], [-74.00189948329663, 40.7082729228218]]}}, {"type": "Feature", "properties": {"site_id": "OS020", "Approved On Street": "JORALEMON STREET", "Approved From Street": "HICKS STREET", "Approved To Street": "FURMAN STREET", "Borough Name": "Brooklyn", "program_type": "Limited Local Access", "Organization Name": "The Willowtown Assocation", "approved_start": "2024-04-15", "approved_end": "2024-10-31", "approved_days_per_week": 7, "weekly_approved_hours": 79.0, "total_approved_hours": 2252.0, "monday_open_min": 480.0, "monday_close_min": 1260.0, "monday_schedule": "08:00\u201321:00", "tuesday_open_min": 480.0, "tuesday_close_min": 1260.0, "tuesday_schedule": "08:00\u201321:00", "wednesday_open_min": 480.0, "wednesday_close_min": 1260.0, "wednesday_schedule": "08:00\u201321:00", "thursday_open_min": 480.0, "thursday_close_min": 540.0, "thursday_schedule": "08:00\u201309:00", "friday_open_min": 480.0, "friday_close_min": 1260.0, "friday_schedule": "08:00\u201321:00", "saturday_open_min": 480.0, "saturday_close_min": 1260.0, "saturday_schedule": "08:00\u201321:00", "sunday_open_min": 480.0, "sunday_close_min": 1260.0, "sunday_schedule": "08:00\u201321:00"}, "geometry": {"type": "MultiLineString", "coordinates": [[[-73.9976087591235, 40.69360030652262], [-73.99671702665385, 40.69343932687651]], [[-73.9983102567652, 40.69373069520518], [-73.9976087591235, 40.69360030652262]], [[-73.99907181657612, 40.69385113934905], [-73.9983102567652, 40.69373069520518]], [[-73.99923561743012, 40.6938863866241], [-73.99920975475816, 40.693880010818916]], [[-73.99913183431677, 40.69386102744791], [-73.99907181657612, 40.69385113934905]], [[-73.99920975475816, 40.693880010818916], [-73.99913183431677, 40.69386102744791]]]}}, {"type": "Feature", "properties": {"site_id": "OS021", "Approved On Street": "PELL STREET", "Approved From Street": "MOTT STREET", "Approved To Street": "BOWERY", "Borough Name": "Manhattan", "program_type": "Full Closure", "Organization Name": "Chinatown District Management Association, Inc. (aka Chinatown BID)", "approved_start": "2024-04-01", "approved_end": "2024-10-31", "approved_days_per_week": 2, "weekly_approved_hours": 26.0, "total_approved_hours": 780.0, "monday_open_min": null, "monday_close_min": null, "monday_schedule": null, "tuesday_open_min": null, "tuesday_close_min": null, "tuesday_schedule": null, "wednesday_open_min": null, "wednesday_close_min": null, "wednesday_schedule": null, "thursday_open_min": null, "thursday_close_min": null, "thursday_schedule": null, "friday_open_min": null, "friday_close_min": null, "friday_schedule": null, "saturday_open_min": 540.0, "saturday_close_min": 1380.0, "saturday_schedule": "09:00\u201323:00", "sunday_open_min": 540.0, "sunday_close_min": 1260.0, "sunday_schedule": "09:00\u201321:00"}, "geometry": {"type": "MultiLineString", "coordinates": [[[-73.99803530495666, 40.71482456235078], [-73.99886659022607, 40.714994598892176]], [[-73.99716462447765, 40.714634224037255], [-73.99803530495666, 40.71482456235078]]]}}, {"type": "Feature", "properties": {"site_id": "OS022", "Approved On Street": "MONTAGUE STREET", "Approved From Street": "CLINTON STREET", "Approved To Street": "HICKS STREET", "Borough Name": "Brooklyn", "program_type": "Full Closure", "Organization Name": "MONTAGUE ST BID", "approved_start": "2024-05-05", "approved_end": "2024-09-29", "approved_days_per_week": 1, "weekly_approved_hours": 9.0, "total_approved_hours": 198.0, "monday_open_min": null, "monday_close_min": null, "monday_schedule": null, "tuesday_open_min": null, "tuesday_close_min": null, "tuesday_schedule": null, "wednesday_open_min": null, "wednesday_close_min": null, "wednesday_schedule": null, "thursday_open_min": null, "thursday_close_min": null, "thursday_schedule": null, "friday_open_min": null, "friday_close_min": null, "friday_schedule": null, "saturday_open_min": null, "saturday_close_min": null, "saturday_schedule": null, "sunday_open_min": 600.0, "sunday_close_min": 1140.0, "sunday_schedule": "10:00\u201319:00"}, "geometry": {"type": "MultiLineString", "coordinates": [[[-73.99585487348715, 40.69522062130904], [-73.9942981569393, 40.694791686458665]], [[-73.9942981569393, 40.694791686458665], [-73.99242347214458, 40.69427608881283]]]}}, {"type": "Feature", "properties": {"site_id": "OS023", "Approved On Street": "FORSYTH STREET", "Approved From Street": "EAST BROADWAY", "Approved To Street": "DIVISION STREET", "Borough Name": "Manhattan", "program_type": "Full Closure", "Organization Name": "Chinatown District Management Association, Inc. (aka Chinatown BID)", "approved_start": "2024-04-01", "approved_end": "2024-10-31", "approved_days_per_week": 1, "weekly_approved_hours": 7.0, "total_approved_hours": 210.0, "monday_open_min": null, "monday_close_min": null, "monday_schedule": null, "tuesday_open_min": null, "tuesday_close_min": null, "tuesday_schedule": null, "wednesday_open_min": null, "wednesday_close_min": null, "wednesday_schedule": null, "thursday_open_min": null, "thursday_close_min": null, "thursday_schedule": null, "friday_open_min": null, "friday_close_min": null, "friday_schedule": null, "saturday_open_min": 540.0, "saturday_close_min": 960.0, "saturday_schedule": "09:00\u201316:00", "sunday_open_min": null, "sunday_close_min": null, "sunday_schedule": null}, "geometry": {"type": "LineString", "coordinates": [[-73.99394456260964, 40.713744032494525], [-73.99414039105886, 40.714268932155505]]}}, {"type": "Feature", "properties": {"site_id": "OS024", "Approved On Street": "POPLAR STREET", "Approved From Street": "HICKS STREET", "Approved To Street": "HENRY STREET", "Borough Name": "Brooklyn", "program_type": "Full Closure: Schools", "Organization Name": "PS 8 The Emily Warren Roebling School", "approved_start": "2024-10-17", "approved_end": "2025-06-27", "approved_days_per_week": 5, "weekly_approved_hours": 28.75, "total_approved_hours": 1046.5, "monday_open_min": 555.0, "monday_close_min": 900.0, "monday_schedule": "09:15\u201315:00", "tuesday_open_min": 555.0, "tuesday_close_min": 900.0, "tuesday_schedule": "09:15\u201315:00", "wednesday_open_min": 555.0, "wednesday_close_min": 900.0, "wednesday_schedule": "09:15\u201315:00", "thursday_open_min": 555.0, "thursday_close_min": 900.0, "thursday_schedule": "09:15\u201315:00", "friday_open_min": 555.0, "friday_close_min": 900.0, "friday_schedule": "09:15\u201315:00", "saturday_open_min": null, "saturday_close_min": null, "saturday_schedule": null, "sunday_open_min": null, "sunday_close_min": null, "sunday_schedule": null}, "geometry": {"type": "LineString", "coordinates": [[-73.99305377192404, 40.70113638386732], [-73.99145327625324, 40.70069061276886]]}}, {"type": "Feature", "properties": {"site_id": "OS025", "Approved On Street": "CANAL STREET", "Approved From Street": "ESSEX STREET", "Approved To Street": "ORCHARD STREET", "Borough Name": "Manhattan", "program_type": "Full Closure", "Organization Name": "Cervo's", "approved_start": "2024-04-01", "approved_end": "2024-11-29", "approved_days_per_week": 7, "weekly_approved_hours": 56.0, "total_approved_hours": 1944.0, "monday_open_min": 900.0, "monday_close_min": 1380.0, "monday_schedule": "15:00\u201323:00", "tuesday_open_min": 900.0, "tuesday_close_min": 1380.0, "tuesday_schedule": "15:00\u201323:00", "wednesday_open_min": 900.0, "wednesday_close_min": 1380.0, "wednesday_schedule": "15:00\u201323:00", "thursday_open_min": 900.0, "thursday_close_min": 1380.0, "thursday_schedule": "15:00\u201323:00", "friday_open_min": 900.0, "friday_close_min": 1380.0, "friday_schedule": "15:00\u201323:00", "saturday_open_min": 900.0, "saturday_close_min": 1380.0, "saturday_schedule": "15:00\u201323:00", "sunday_open_min": 900.0, "sunday_close_min": 1380.0, "sunday_schedule": "15:00\u201323:00"}, "geometry": {"type": "MultiLineString", "coordinates": [[[-73.99113282082077, 40.71466862943554], [-73.99188986319511, 40.71489866659527]], [[-73.99022012638989, 40.71440494010906], [-73.99075515363099, 40.714554072817485]], [[-73.99075515363099, 40.714554072817485], [-73.99113282082077, 40.71466862943554]]]}}, {"type": "Feature", "properties": {"site_id": "OS026", "Approved On Street": "HOYT STREET", "Approved From Street": "ATLANTIC AVENUE", "Approved To Street": "STATE STREET", "Borough Name": "Brooklyn", "program_type": "Full Closure", "Organization Name": "Atlantic Avenue BID", "approved_start": "2024-04-06", "approved_end": "2024-11-03", "approved_days_per_week": 3, "weekly_approved_hours": 29.0, "total_approved_hours": 892.0, "monday_open_min": null, "monday_close_min": null, "monday_schedule": null, "tuesday_open_min": null, "tuesday_close_min": null, "tuesday_schedule": null, "wednesday_open_min": null, "wednesday_close_min": null, "wednesday_schedule": null, "thursday_open_min": null, "thursday_close_min": null, "thursday_schedule": null, "friday_open_min": 960.0, "friday_close_min": 1380.0, "friday_schedule": "16:00\u201323:00", "saturday_open_min": 720.0, "saturday_close_min": 1380.0, "saturday_schedule": "12:00\u201323:00", "sunday_open_min": 720.0, "sunday_close_min": 1380.0, "sunday_schedule": "12:00\u201323:00"}, "geometry": {"type": "LineString", "coordinates": [[-73.98656822204654, 40.688408252381215], [-73.98700001480103, 40.68777311580134]]}}, {"type": "Feature", "properties": {"site_id": "OS027", "Approved On Street": "WILLOUGHBY STREET", "Approved From Street": "PEARL STREET", "Approved To Street": "JAY STREET", "Borough Name": "Brooklyn", "program_type": "Full Closure", "Organization Name": "Downtown Brooklyn Partnership", "approved_start": "2024-01-02", "approved_end": "2024-12-31", "approved_days_per_week": 5, "weekly_approved_hours": 50.0, "total_approved_hours": 2610.0, "monday_open_min": 420.0, "monday_close_min": 1020.0, "monday_schedule": "07:00\u201317:00", "tuesday_open_min": 420.0, "tuesday_close_min": 1020.0, "tuesday_schedule": "07:00\u201317:00", "wednesday_open_min": 420.0, "wednesday_close_min": 1020.0, "wednesday_schedule": "07:00\u201317:00", "thursday_open_min": 420.0, "thursday_close_min": 1020.0, "thursday_schedule": "07:00\u201317:00", "friday_open_min": 420.0, "friday_close_min": 1020.0, "friday_schedule": "07:00\u201317:00", "saturday_open_min": null, "saturday_close_min": null, "saturday_schedule": null, "sunday_open_min": null, "sunday_close_min": null, "sunday_schedule": null}, "geometry": {"type": "LineString", "coordinates": [[-73.98818594311793, 40.692277016513096], [-73.98729894907973, 40.69223407563189]]}}, {"type": "Feature", "properties": {"site_id": "OS028", "Approved On Street": "PEARL STREET", "Approved From Street": "FULTON STREET", "Approved To Street": "DEAD END", "Borough Name": "Brooklyn", "program_type": "Full Closure", "Organization Name": "Downtown Brooklyn Partnership", "approved_start": "2024-01-02", "approved_end": "2024-12-31", "approved_days_per_week": 5, "weekly_approved_hours": 50.0, "total_approved_hours": 2610.0, "monday_open_min": 420.0, "monday_close_min": 1020.0, "monday_schedule": "07:00\u201317:00", "tuesday_open_min": 420.0, "tuesday_close_min": 1020.0, "tuesday_schedule": "07:00\u201317:00", "wednesday_open_min": 420.0, "wednesday_close_min": 1020.0, "wednesday_schedule": "07:00\u201317:00", "thursday_open_min": 420.0, "thursday_close_min": 1020.0, "thursday_schedule": "07:00\u201317:00", "friday_open_min": 420.0, "friday_close_min": 1020.0, "friday_schedule": "07:00\u201317:00", "saturday_open_min": null, "saturday_close_min": null, "saturday_schedule": null, "sunday_open_min": null, "sunday_close_min": null, "sunday_schedule": null}, "geometry": {"type": "MultiLineString", "coordinates": [[[-73.98814772329912, 40.69331101753772], [-73.98818594311793, 40.692277016513096]], [[-73.9882258081034, 40.6918486384588], [-73.9882095590922, 40.69180575436477]], [[-73.98818594311793, 40.692277016513096], [-73.9882258081034, 40.6918486384588]]]}}, {"type": "Feature", "properties": {"site_id": "OS029", "Approved On Street": "WASHINGTON STREET", "Approved From Street": "FRONT STREET", "Approved To Street": "WATER STREET", "Borough Name": "Brooklyn", "program_type": "Full Closure", "Organization Name": "Dumbo Business Improvement District", "approved_start": "2024-04-01", "approved_end": "2024-12-31", "approved_days_per_week": 7, "weekly_approved_hours": 71.0, "total_approved_hours": 2789.0, "monday_open_min": 660.0, "monday_close_min": 1260.0, "monday_schedule": "11:00\u201321:00", "tuesday_open_min": 660.0, "tuesday_close_min": 1260.0, "tuesday_schedule": "11:00\u201321:00", "wednesday_open_min": 660.0, "wednesday_close_min": 1260.0, "wednesday_schedule": "11:00\u201321:00", "thursday_open_min": 660.0, "thursday_close_min": 1260.0, "thursday_schedule": "11:00\u201321:00", "friday_open_min": 660.0, "friday_close_min": 1260.0, "friday_schedule": "11:00\u201321:00", "saturday_open_min": 660.0, "saturday_close_min": 1260.0, "saturday_schedule": "11:00\u201321:00", "sunday_open_min": 600.0, "sunday_close_min": 1260.0, "sunday_schedule": "10:00\u201321:00"}, "geometry": {"type": "LineString", "coordinates": [[-73.98958312195846, 40.70319979805829], [-73.98962349406878, 40.702523229209156]]}}, {"type": "Feature", "properties": {"site_id": "OS030", "Approved On Street": "JEFFERSON STREET", "Approved From Street": "EAST BROADWAY", "Approved To Street": "HENRY STREET", "Borough Name": "Manhattan", "program_type": "Full Closure", "Organization Name": "Office Ho Jonot", "approved_start": "2024-03-01", "approved_end": "2024-11-30", "approved_days_per_week": 4, "weekly_approved_hours": 36.0, "total_approved_hours": 1423.0, "monday_open_min": null, "monday_close_min": null, "monday_schedule": null, "tuesday_open_min": null, "tuesday_close_min": null, "tuesday_schedule": null, "wednesday_open_min": null, "wednesday_close_min": null, "wednesday_schedule": null, "thursday_open_min": 900.0, "thursday_close_min": 1260.0, "thursday_schedule": "15:00\u201321:00", "friday_open_min": 900.0, "friday_close_min": 1320.0, "friday_schedule": "15:00\u201322:00", "saturday_open_min": 600.0, "saturday_close_min": 1320.0, "saturday_schedule": "10:00\u201322:00", "sunday_open_min": 600.0, "sunday_close_min": 1260.0, "sunday_schedule": "10:00\u201321:00"}, "geometry": {"type": "LineString", "coordinates": [[-73.98870191271887, 40.714185541245286], [-73.98859973854482, 40.71351091735807]]}}, {"type": "Feature", "properties": {"site_id": "OS031", "Approved On Street": "HANOVER PLACE", "Approved From Street": "FULTON STREET", "Approved To Street": "LIVINGSTON STREET", "Borough Name": "Brooklyn", "program_type": "Full Closure: Schools", "Organization Name": "Brooklyn RISE Charter School", "approved_start": "2024-08-21", "approved_end": "2025-06-27", "approved_days_per_week": 5, "weekly_approved_hours": 50.0, "total_approved_hours": 2230.0, "monday_open_min": 420.0, "monday_close_min": 1020.0, "monday_schedule": "07:00\u201317:00", "tuesday_open_min": 420.0, "tuesday_close_min": 1020.0, "tuesday_schedule": "07:00\u201317:00", "wednesday_open_min": 420.0, "wednesday_close_min": 1020.0, "wednesday_schedule": "07:00\u201317:00", "thursday_open_min": 420.0, "thursday_close_min": 1020.0, "thursday_schedule": "07:00\u201317:00", "friday_open_min": 420.0, "friday_close_min": 1020.0, "friday_schedule": "07:00\u201317:00", "saturday_open_min": null, "saturday_close_min": null, "saturday_schedule": null, "sunday_open_min": null, "sunday_close_min": null, "sunday_schedule": null}, "geometry": {"type": "MultiLineString", "coordinates": [[[-73.98241623300369, 40.688896284413886], [-73.9827147158508, 40.68845873415603]], [[-73.98209737984415, 40.68935800948967], [-73.98241623300369, 40.688896284413886]]]}}, {"type": "Feature", "properties": {"site_id": "OS032", "Approved On Street": "EAST 23 STREET", "Approved From Street": "CAMPUS ROAD", "Approved To Street": "GLENWOOD ROAD", "Borough Name": "Brooklyn", "program_type": "Full Closure: Schools", "Organization Name": "PS 152", "approved_start": "2024-04-19", "approved_end": "2025-06-27", "approved_days_per_week": 5, "weekly_approved_hours": 40.0, "total_approved_hours": 2488.0, "monday_open_min": 540.0, "monday_close_min": 1020.0, "monday_schedule": "09:00\u201317:00", "tuesday_open_min": 540.0, "tuesday_close_min": 1020.0, "tuesday_schedule": "09:00\u201317:00", "wednesday_open_min": 540.0, "wednesday_close_min": 1020.0, "wednesday_schedule": "09:00\u201317:00", "thursday_open_min": 540.0, "thursday_close_min": 1020.0, "thursday_schedule": "09:00\u201317:00", "friday_open_min": 540.0, "friday_close_min": 1020.0, "friday_schedule": "09:00\u201317:00", "saturday_open_min": null, "saturday_close_min": null, "saturday_schedule": null, "sunday_open_min": null, "sunday_close_min": null, "sunday_schedule": null}, "geometry": {"type": "LineString", "coordinates": [[-73.95486002394703, 40.63321885772484], [-73.95461862174656, 40.63194351019931]]}}, {"type": "Feature", "properties": {"site_id": "OS033", "Approved On Street": "NEWKIRK AVENUE", "Approved From Street": "EAST 17 STREET", "Approved To Street": "CONEY ISLAND AVENUE", "Borough Name": "Brooklyn", "program_type": "Full Closure", "Organization Name": "Flatbush Development Corporation", "approved_start": "2024-05-19", "approved_end": "2024-07-15", "approved_days_per_week": 1, "weekly_approved_hours": 9.0, "total_approved_hours": 81.0, "monday_open_min": null, "monday_close_min": null, "monday_schedule": null, "tuesday_open_min": null, "tuesday_close_min": null, "tuesday_schedule": null, "wednesday_open_min": null, "wednesday_close_min": null, "wednesday_schedule": null, "thursday_open_min": null, "thursday_close_min": null, "thursday_schedule": null, "friday_open_min": null, "friday_close_min": null, "friday_schedule": null, "saturday_open_min": null, "saturday_close_min": null, "saturday_schedule": null, "sunday_open_min": 660.0, "sunday_close_min": 1200.0, "sunday_schedule": "11:00\u201320:00"}, "geometry": {"type": "MultiLineString", "coordinates": [[[-73.96718530330695, 40.63370377714635], [-73.96595081037755, 40.63426593742218]], [[-73.96595081037755, 40.63426593742218], [-73.9650826362832, 40.63468368003236]], [[-73.9650826362832, 40.63468368003236], [-73.96421566840479, 40.63510003775251]], [[-73.96248058882877, 40.6359331041767], [-73.96158252431248, 40.63636804737454]], [[-73.9633486533201, 40.635518074676995], [-73.96308759779865, 40.63564288955852]], [[-73.96277454673496, 40.635792562962145], [-73.96248058882877, 40.6359331041767]], [[-73.96308759779865, 40.63564288955852], [-73.96285500622159, 40.63575409539577]], [[-73.96285500622159, 40.63575409539577], [-73.96277454673496, 40.635792562962145]], [[-73.96421566840479, 40.63510003775251], [-73.96411574608477, 40.63514821680178]], [[-73.96411574608477, 40.63514821680178], [-73.9633486533201, 40.635518074676995]]]}}, {"type": "Feature", "properties": {"site_id": "OS034", "Approved On Street": "MARTENSE STREET", "Approved From Street": "BEDFORD AVENUE", "Approved To Street": "FLATBUSH AVENUE", "Borough Name": "Brooklyn", "program_type": "Full Closure", "Organization Name": "GrowHouse Community Design + Development Group", "approved_start": "2024-07-20", "approved_end": "2024-08-10", "approved_days_per_week": 1, "weekly_approved_hours": 10.0, "total_approved_hours": 40.0, "monday_open_min": null, "monday_close_min": null, "monday_schedule": null, "tuesday_open_min": null, "tuesday_close_min": null, "tuesday_schedule": null, "wednesday_open_min": null, "wednesday_close_min": null, "wednesday_schedule": null, "thursday_open_min": null, "thursday_close_min": null, "thursday_schedule": null, "friday_open_min": null, "friday_close_min": null, "friday_schedule": null, "saturday_open_min": 720.0, "saturday_close_min": 1320.0, "saturday_schedule": "12:00\u201322:00", "sunday_open_min": null, "sunday_close_min": null, "sunday_schedule": null}, "geometry": {"type": "MultiLineString", "coordinates": [[[-73.95892527282302, 40.65121154987073], [-73.95801341208222, 40.651261019218126]], [[-73.95801341208222, 40.651261019218126], [-73.95590670780572, 40.651368833258736]]]}}, {"type": "Feature", "properties": {"site_id": "OS035", "Approved On Street": "7 STREET", "Approved From Street": "8 AVENUE", "Approved To Street": "PROSPECT PARK WEST", "Borough Name": "Brooklyn", "program_type": "Full Closure: Schools", "Organization Name": "Saint Saviour Catholic Academy", "approved_start": "2024-09-05", "approved_end": "2025-06-27", "approved_days_per_week": 5, "weekly_approved_hours": 8.75, "total_approved_hours": 371.0, "monday_open_min": 705.0, "monday_close_min": 810.0, "monday_schedule": "11:45\u201313:30", "tuesday_open_min": 705.0, "tuesday_close_min": 810.0, "tuesday_schedule": "11:45\u201313:30", "wednesday_open_min": 705.0, "wednesday_close_min": 810.0, "wednesday_schedule": "11:45\u201313:30", "thursday_open_min": 705.0, "thursday_close_min": 810.0, "thursday_schedule": "11:45\u201313:30", "friday_open_min": 705.0, "friday_close_min": 810.0, "friday_schedule": "11:45\u201313:30", "saturday_open_min": null, "saturday_close_min": null, "saturday_schedule": null, "sunday_open_min": null, "sunday_close_min": null, "sunday_schedule": null}, "geometry": {"type": "LineString", "coordinates": [[-73.97821264176295, 40.666963308238], [-73.97583132335943, 40.66581507921897]]}}, {"type": "Feature", "properties": {"site_id": "OS036", "Approved On Street": "POLHEMUS PLACE", "Approved From Street": "CARROLL STREET", "Approved To Street": "GARFIELD PLACE", "Borough Name": "Brooklyn", "program_type": "Limited Local Access", "Organization Name": "Polhemus Place Block Association", "approved_start": "2024-03-09", "approved_end": "2024-11-16", "approved_days_per_week": 1, "weekly_approved_hours": 6.0, "total_approved_hours": 222.0, "monday_open_min": null, "monday_close_min": null, "monday_schedule": null, "tuesday_open_min": null, "tuesday_close_min": null, "tuesday_schedule": null, "wednesday_open_min": null, "wednesday_close_min": null, "wednesday_schedule": null, "thursday_open_min": null, "thursday_close_min": null, "thursday_schedule": null, "friday_open_min": null, "friday_close_min": null, "friday_schedule": null, "saturday_open_min": 630.0, "saturday_close_min": 990.0, "saturday_schedule": "10:30\u201316:30", "sunday_open_min": null, "sunday_close_min": null, "sunday_schedule": null}, "geometry": {"type": "LineString", "coordinates": [[-73.97547709141712, 40.67286903059282], [-73.97626308127853, 40.67193350701525]]}}, {"type": "Feature", "properties": {"site_id": "OS037", "Approved On Street": "VANDERBILT AVENUE", "Approved From Street": "ATLANTIC AVENUE", "Approved To Street": "PARK PLACE", "Borough Name": "Brooklyn", "program_type": "Full Closure", "Organization Name": "Prospect Heights Neighborhood Development Council", "approved_start": "2024-05-03", "approved_end": "2024-09-29", "approved_days_per_week": 3, "weekly_approved_hours": 26.0, "total_approved_hours": 572.0, "monday_open_min": null, "monday_close_min": null, "monday_schedule": null, "tuesday_open_min": null, "tuesday_close_min": null, "tuesday_schedule": null, "wednesday_open_min": null, "wednesday_close_min": null, "wednesday_schedule": null, "thursday_open_min": null, "thursday_close_min": null, "thursday_schedule": null, "friday_open_min": 960.0, "friday_close_min": 1380.0, "friday_schedule": "16:00\u201323:00", "saturday_open_min": 660.0, "saturday_close_min": 1380.0, "saturday_schedule": "11:00\u201323:00", "sunday_open_min": 660.0, "sunday_close_min": 1080.0, "sunday_schedule": "11:00\u201318:00"}, "geometry": {"type": "MultiLineString", "coordinates": [[[-73.96885941033179, 40.67766461675142], [-73.96917758154191, 40.67678516971549]], [[-73.96854214317247, 40.67854305448671], [-73.96885941033179, 40.67766461675142]], [[-73.96822664425599, 40.679419097275776], [-73.96854214317247, 40.67854305448671]], [[-73.96795384916945, 40.68018936578505], [-73.96822664425599, 40.679419097275776]], [[-73.96767828305204, 40.680955455312606], [-73.96795384916945, 40.68018936578505]], [[-73.96747796358216, 40.681586290156055], [-73.96767828305204, 40.680955455312606]], [[-73.96750697811225, 40.6816870208689], [-73.96747796358216, 40.681586290156055]]]}}, {"type": "Feature", "properties": {"site_id": "OS038", "Approved On Street": "PROSPECT PLACE", "Approved From Street": "CLASSON AVENUE", "Approved To Street": "GRAND AVENUE", "Borough Name": "Brooklyn", "program_type": "Full Closure", "Organization Name": "Prospect Place Block Association 2.0", "approved_start": "2024-07-06", "approved_end": "2024-07-27", "approved_days_per_week": 1, "weekly_approved_hours": 12.0, "total_approved_hours": 48.0, "monday_open_min": null, "monday_close_min": null, "monday_schedule": null, "tuesday_open_min": null, "tuesday_close_min": null, "tuesday_schedule": null, "wednesday_open_min": null, "wednesday_close_min": null, "wednesday_schedule": null, "thursday_open_min": null, "thursday_close_min": null, "thursday_schedule": null, "friday_open_min": null, "friday_close_min": null, "friday_schedule": null, "saturday_open_min": 480.0, "saturday_close_min": 1200.0, "saturday_schedule": "08:00\u201320:00", "sunday_open_min": null, "sunday_close_min": null, "sunday_schedule": null}, "geometry": {"type": "LineString", "coordinates": [[-73.96286444234691, 40.67640534122806], [-73.95975807247396, 40.67575600702486]]}}, {"type": "Feature", "properties": {"site_id": "OS039", "Approved On Street": "MARCY AVENUE", "Approved From Street": "FULTON STREET", "Approved To Street": "MAC DONOUGH STREET", "Borough Name": "Brooklyn", "program_type": "Full Closure", "Organization Name": "Bedford Stuyvesant Gateway District Management Association, Inc.", "approved_start": "2024-11-30", "approved_end": "2024-12-22", "approved_days_per_week": 3, "weekly_approved_hours": 27.0, "total_approved_hours": 90.0, "monday_open_min": null, "monday_close_min": null, "monday_schedule": null, "tuesday_open_min": null, "tuesday_close_min": null, "tuesday_schedule": null, "wednesday_open_min": null, "wednesday_close_min": null, "wednesday_schedule": null, "thursday_open_min": 600.0, "thursday_close_min": 1140.0, "thursday_schedule": "10:00\u201319:00", "friday_open_min": 600.0, "friday_close_min": 1140.0, "friday_schedule": "10:00\u201319:00", "saturday_open_min": 600.0, "saturday_close_min": 1140.0, "saturday_schedule": "10:00\u201319:00", "sunday_open_min": null, "sunday_close_min": null, "sunday_schedule": null}, "geometry": {"type": "LineString", "coordinates": [[-73.94628674620687, 40.68071878131457], [-73.94627470957366, 40.68021332593404]]}}, {"type": "Feature", "properties": {"site_id": "OS040", "Approved On Street": "TOMPKINS AVENUE", "Approved From Street": "GATES AVENUE", "Approved To Street": "HALSEY STREET", "Borough Name": "Brooklyn", "program_type": "Full Closure", "Organization Name": "Bridge Street Development Corporation", "approved_start": "2024-06-02", "approved_end": "2024-10-27", "approved_days_per_week": 1, "weekly_approved_hours": 9.0, "total_approved_hours": 198.0, "monday_open_min": null, "monday_close_min": null, "monday_schedule": null, "tuesday_open_min": null, "tuesday_close_min": null, "tuesday_schedule": null, "wednesday_open_min": null, "wednesday_close_min": null, "wednesday_schedule": null, "thursday_open_min": null, "thursday_close_min": null, "thursday_schedule": null, "friday_open_min": null, "friday_close_min": null, "friday_schedule": null, "saturday_open_min": null, "saturday_close_min": null, "saturday_schedule": null, "sunday_open_min": 660.0, "sunday_close_min": 1200.0, "sunday_schedule": "11:00\u201320:00"}, "geometry": {"type": "MultiLineString", "coordinates": [[[-73.94418325035566, 40.684705554304955], [-73.94403664799397, 40.68397248267738]], [[-73.94389115009261, 40.68323948337484], [-73.94374461113986, 40.68250758193895]], [[-73.94432825921781, 40.68543830072182], [-73.94418325035566, 40.684705554304955]], [[-73.9444752819654, 40.686171471101154], [-73.94432825921781, 40.68543830072182]], [[-73.94462127898173, 40.68690436157148], [-73.9444752819654, 40.686171471101154]], [[-73.94395975877131, 40.68358513323866], [-73.94389115009261, 40.68323948337484]], [[-73.94403664799397, 40.68397248267738], [-73.94395975877131, 40.68358513323866]]]}}, {"type": "Feature", "properties": {"site_id": "OS041", "Approved On Street": "WILLOUGHBY AVENUE", "Approved From Street": "WASHINGTON PARK", "Approved To Street": "WASHINGTON AVENUE", "Borough Name": "Brooklyn", "program_type": "Limited Local Access", "Organization Name": "NYC Department of Transportation", "approved_start": "2024-01-10", "approved_end": "2024-12-31", "approved_days_per_week": 7, "weekly_approved_hours": 84.0, "total_approved_hours": 4284.0, "monday_open_min": 480.0, "monday_close_min": 1200.0, "monday_schedule": "08:00\u201320:00", "tuesday_open_min": 480.0, "tuesday_close_min": 1200.0, "tuesday_schedule": "08:00\u201320:00", "wednesday_open_min": 480.0, "wednesday_close_min": 1200.0, "wednesday_schedule": "08:00\u201320:00", "thursday_open_min": 480.0, "thursday_close_min": 1200.0, "thursday_schedule": "08:00\u201320:00", "friday_open_min": 480.0, "friday_close_min": 1200.0, "friday_schedule": "08:00\u201320:00", "saturday_open_min": 480.0, "saturday_close_min": 1200.0, "saturday_schedule": "08:00\u201320:00", "sunday_open_min": 480.0, "sunday_close_min": 1200.0, "sunday_schedule": "08:00\u201320:00"}, "geometry": {"type": "MultiLineString", "coordinates": [[[-73.97354018566924, 40.69170760909857], [-73.97255342365318, 40.69167948820153]], [[-73.97255342365318, 40.69167948820153], [-73.97155972123632, 40.69164066083394]], [[-73.97155972123632, 40.69164066083394], [-73.97054932687219, 40.6916018647403]], [[-73.97054932687219, 40.6916018647403], [-73.96952115195634, 40.691563559354805]], [[-73.96952115195634, 40.691563559354805], [-73.96849273236627, 40.691544803860666]], [[-73.96849273236627, 40.691544803860666], [-73.96753122823033, 40.69164378215354]], [[-73.96753122823033, 40.69164378215354], [-73.96656628621817, 40.69175568278202]]]}}, {"type": "Feature", "properties": {"site_id": "OS042", "Approved On Street": "HALL STREET", "Approved From Street": "PARK AVENUE", "Approved To Street": "MYRTLE AVENUE", "Borough Name": "Brooklyn", "program_type": "Limited Local Access", "Organization Name": "Hall Street Block Association", "approved_start": "2024-03-01", "approved_end": "2025-02-28", "approved_days_per_week": 7, "weekly_approved_hours": 77.0, "total_approved_hours": 4015.0, "monday_open_min": 480.0, "monday_close_min": 1140.0, "monday_schedule": "08:00\u201319:00", "tuesday_open_min": 480.0, "tuesday_close_min": 1140.0, "tuesday_schedule": "08:00\u201319:00", "wednesday_open_min": 480.0, "wednesday_close_min": 1140.0, "wednesday_schedule": "08:00\u201319:00", "thursday_open_min": 480.0, "thursday_close_min": 1140.0, "thursday_schedule": "08:00\u201319:00", "friday_open_min": 480.0, "friday_close_min": 1140.0, "friday_schedule": "08:00\u201319:00", "saturday_open_min": 480.0, "saturday_close_min": 1140.0, "saturday_schedule": "08:00\u201319:00", "sunday_open_min": 480.0, "sunday_close_min": 1140.0, "sunday_schedule": "08:00\u201319:00"}, "geometry": {"type": "LineString", "coordinates": [[-73.96635937275236, 40.695660534467045], [-73.9659053815794, 40.693433072560886]]}}, {"type": "Feature", "properties": {"site_id": "OS043", "Approved On Street": "BERRY STREET", "Approved From Street": "BROADWAY", "Approved To Street": "NORTH 12 STREET", "Borough Name": "Brooklyn", "program_type": "Limited Local Access", "Organization Name": "North Brooklyn Open Streets Community Coalition (NBK OSCC)", "approved_start": "2024-02-01", "approved_end": "2024-12-31", "approved_days_per_week": 7, "weekly_approved_hours": 84.0, "total_approved_hours": 4020.0, "monday_open_min": 480.0, "monday_close_min": 1200.0, "monday_schedule": "08:00\u201320:00", "tuesday_open_min": 480.0, "tuesday_close_min": 1200.0, "tuesday_schedule": "08:00\u201320:00", "wednesday_open_min": 480.0, "wednesday_close_min": 1200.0, "wednesday_schedule": "08:00\u201320:00", "thursday_open_min": 480.0, "thursday_close_min": 1200.0, "thursday_schedule": "08:00\u201320:00", "friday_open_min": 480.0, "friday_close_min": 1200.0, "friday_schedule": "08:00\u201320:00", "saturday_open_min": 480.0, "saturday_close_min": 1200.0, "saturday_schedule": "08:00\u201320:00", "sunday_open_min": 480.0, "sunday_close_min": 1200.0, "sunday_schedule": "08:00\u201320:00"}, "geometry": {"type": "MultiLineString", "coordinates": [[[-73.96536909885948, 40.71100611301107], [-73.96549209098873, 40.710482457832505]], [[-73.96446261244937, 40.71245948627591], [-73.96495778319382, 40.71167810280675]], [[-73.96407128220108, 40.71307939341401], [-73.96446261244937, 40.71245948627591]], [[-73.96360082061356, 40.71382551675433], [-73.96407128220108, 40.71307939341401]], [[-73.96320184738887, 40.71445515293131], [-73.96360082061356, 40.71382551675433]], [[-73.96277758702746, 40.71510663488936], [-73.96320184738887, 40.71445515293131]], [[-73.9622885519631, 40.71557953183773], [-73.96277758702746, 40.71510663488936]], [[-73.96191191833822, 40.7159292651105], [-73.9622885519631, 40.71557953183773]], [[-73.96142298817139, 40.716383914031475], [-73.96191191833822, 40.7159292651105]], [[-73.96079164271563, 40.716972859551156], [-73.96142298817139, 40.716383914031475]], [[-73.96019654586776, 40.717528116115325], [-73.96079164271563, 40.716972859551156]], [[-73.9596060091252, 40.71808078850282], [-73.96019654586776, 40.717528116115325]], [[-73.95900820561019, 40.718636435024315], [-73.9596060091252, 40.71808078850282]], [[-73.95841618175702, 40.71918882064574], [-73.95900820561019, 40.718636435024315]], [[-73.95782063328396, 40.71974058864703], [-73.95841618175702, 40.71918882064574]], [[-73.95722538131609, 40.72029263459963], [-73.95782063328396, 40.71974058864703]], [[-73.95663008550925, 40.72084596424931], [-73.95722538131609, 40.72029263459963]], [[-73.95603779782694, 40.721397743055526], [-73.95663008550925, 40.72084596424931]], [[-73.96521646447329, 40.71126056666823], [-73.96536909885948, 40.71100611301107]], [[-73.96516417342717, 40.71134774732014], [-73.96521646447329, 40.71126056666823]], [[-73.96499333080433, 40.71162193165421], [-73.96504618959372, 40.7115384145332]], [[-73.96495778319382, 40.71167810280675], [-73.96499333080433, 40.71162193165421]], [[-73.96510643529771, 40.71143428783429], [-73.96516417342717, 40.71134774732014]], [[-73.96504618959372, 40.7115384145332], [-73.96510643529771, 40.71143428783429]]]}}, {"type": "Feature", "properties": {"site_id": "OS044", "Approved On Street": "GRAHAM AVENUE", "Approved From Street": "SCHOLES STREET", "Approved To Street": "MESEROLE STREET", "Borough Name": "Brooklyn", "program_type": "Full Closure", "Organization Name": "Pizzette", "approved_start": "2024-05-01", "approved_end": "2024-11-16", "approved_days_per_week": 2, "weekly_approved_hours": 26.0, "total_approved_hours": 741.0, "monday_open_min": null, "monday_close_min": null, "monday_schedule": null, "tuesday_open_min": null, "tuesday_close_min": null, "tuesday_schedule": null, "wednesday_open_min": null, "wednesday_close_min": null, "wednesday_schedule": null, "thursday_open_min": null, "thursday_close_min": null, "thursday_schedule": null, "friday_open_min": null, "friday_close_min": null, "friday_schedule": null, "saturday_open_min": 660.0, "saturday_close_min": 1440.0, "saturday_schedule": "11:00\u201300:00", "sunday_open_min": 660.0, "sunday_close_min": 1440.0, "sunday_schedule": "11:00\u201300:00"}, "geometry": {"type": "LineString", "coordinates": [[-73.943322944243, 40.70807019517536], [-73.94344009740793, 40.70878089128286]]}}, {"type": "Feature", "properties": {"site_id": "OS045", "Approved On Street": "BEDFORD STREET", "Approved From Street": "CHRISTOPHER STREET", "Approved To Street": "GROVE STREET", "Borough Name": "Manhattan", "program_type": "Full Closure: Schools", "Organization Name": "PS3 Charrette School", "approved_start": "2024-09-05", "approved_end": "2025-06-27", "approved_days_per_week": 5, "weekly_approved_hours": 37.5, "total_approved_hours": 1590.0, "monday_open_min": 480.0, "monday_close_min": 930.0, "monday_schedule": "08:00\u201315:30", "tuesday_open_min": 480.0, "tuesday_close_min": 930.0, "tuesday_schedule": "08:00\u201315:30", "wednesday_open_min": 480.0, "wednesday_close_min": 930.0, "wednesday_schedule": "08:00\u201315:30", "thursday_open_min": 480.0, "thursday_close_min": 930.0, "thursday_schedule": "08:00\u201315:30", "friday_open_min": 480.0, "friday_close_min": 930.0, "friday_schedule": "08:00\u201315:30", "saturday_open_min": null, "saturday_close_min": null, "saturday_schedule": null, "sunday_open_min": null, "sunday_close_min": null, "sunday_schedule": null}, "geometry": {"type": "LineString", "coordinates": [[-74.00546283761398, 40.732448063517985], [-74.00586159464908, 40.7331469931238]]}}, {"type": "Feature", "properties": {"site_id": "OS046", "Approved On Street": "GANSEVOORT STREET", "Approved From Street": "HUDSON STREET", "Approved To Street": "10 AVENUE", "Borough Name": "Manhattan", "program_type": "Full Closure", "Organization Name": "Meatpacking District Management Association", "approved_start": "2024-04-01", "approved_end": "2024-12-31", "approved_days_per_week": 5, "weekly_approved_hours": 44.0, "total_approved_hours": 1716.0, "monday_open_min": null, "monday_close_min": null, "monday_schedule": null, "tuesday_open_min": null, "tuesday_close_min": null, "tuesday_schedule": null, "wednesday_open_min": 840.0, "wednesday_close_min": 1320.0, "wednesday_schedule": "14:00\u201322:00", "thursday_open_min": 840.0, "thursday_close_min": 1320.0, "thursday_schedule": "14:00\u201322:00", "friday_open_min": 840.0, "friday_close_min": 1320.0, "friday_schedule": "14:00\u201322:00", "saturday_open_min": 720.0, "saturday_close_min": 1320.0, "saturday_schedule": "12:00\u201322:00", "sunday_open_min": 720.0, "sunday_close_min": 1320.0, "sunday_schedule": "12:00\u201322:00"}, "geometry": {"type": "MultiLineString", "coordinates": [[[-74.00645011832746, 40.739404029671846], [-74.00805064100945, 40.73937540083737]], [[-74.00591813957394, 40.739416737380886], [-74.00645011832746, 40.739404029671846]], [[-74.00539035974165, 40.73941197259409], [-74.00591813957394, 40.739416737380886]], [[-74.00805064100945, 40.73937540083737], [-74.0082577257511, 40.739375929180895]], [[-74.0082577257511, 40.739375929180895], [-74.009679958722, 40.73937954381968]]]}}, {"type": "Feature", "properties": {"site_id": "OS047", "Approved On Street": "LITTLE WEST 12 STREET", "Approved From Street": "9 AVENUE", "Approved To Street": "WASHINGTON STREET", "Borough Name": "Manhattan", "program_type": "Full Closure", "Organization Name": "Meatpacking District Management Association", "approved_start": "2024-04-01", "approved_end": "2024-12-31", "approved_days_per_week": 5, "weekly_approved_hours": 44.0, "total_approved_hours": 1716.0, "monday_open_min": null, "monday_close_min": null, "monday_schedule": null, "tuesday_open_min": null, "tuesday_close_min": null, "tuesday_schedule": null, "wednesday_open_min": 840.0, "wednesday_close_min": 1320.0, "wednesday_schedule": "14:00\u201322:00", "thursday_open_min": 840.0, "thursday_close_min": 1320.0, "thursday_schedule": "14:00\u201322:00", "friday_open_min": 840.0, "friday_close_min": 1320.0, "friday_schedule": "14:00\u201322:00", "saturday_open_min": 720.0, "saturday_close_min": 1320.0, "saturday_schedule": "12:00\u201322:00", "sunday_open_min": 720.0, "sunday_close_min": 1320.0, "sunday_schedule": "12:00\u201322:00"}, "geometry": {"type": "LineString", "coordinates": [[-74.00633307542539, 40.739631099085614], [-74.00794008902885, 40.740297077703424]]}}, {"type": "Feature", "properties": {"site_id": "OS048", "Approved On Street": "WEST 13 STREET", "Approved From Street": "9 AVENUE", "Approved To Street": "WASHINGTON STREET", "Borough Name": "Manhattan", "program_type": "Full Closure", "Organization Name": "Meatpacking District Management Association", "approved_start": "2024-04-01", "approved_end": "2024-12-31", "approved_days_per_week": 5, "weekly_approved_hours": 44.0, "total_approved_hours": 1716.0, "monday_open_min": null, "monday_close_min": null, "monday_schedule": null, "tuesday_open_min": null, "tuesday_close_min": null, "tuesday_schedule": null, "wednesday_open_min": 840.0, "wednesday_close_min": 1320.0, "wednesday_schedule": "14:00\u201322:00", "thursday_open_min": 840.0, "thursday_close_min": 1320.0, "thursday_schedule": "14:00\u201322:00", "friday_open_min": 840.0, "friday_close_min": 1320.0, "friday_schedule": "14:00\u201322:00", "saturday_open_min": 720.0, "saturday_close_min": 1320.0, "saturday_schedule": "12:00\u201322:00", "sunday_open_min": 720.0, "sunday_close_min": 1320.0, "sunday_schedule": "12:00\u201322:00"}, "geometry": {"type": "LineString", "coordinates": [[-74.00586426283292, 40.740261442969626], [-74.00748240699482, 40.74094190750279]]}}, {"type": "Feature", "properties": {"site_id": "OS049", "Approved On Street": "SPRING STREET", "Approved From Street": "THOMPSON STREET", "Approved To Street": "WEST BROADWAY", "Borough Name": "Manhattan", "program_type": "Full Closure", "Organization Name": "RDK Restaurant Corp dba Bistro Les Amis", "approved_start": "2024-03-01", "approved_end": "2024-12-31", "approved_days_per_week": 7, "weekly_approved_hours": 87.0, "total_approved_hours": 3803.0, "monday_open_min": 600.0, "monday_close_min": 1320.0, "monday_schedule": "10:00\u201322:00", "tuesday_open_min": 600.0, "tuesday_close_min": 1320.0, "tuesday_schedule": "10:00\u201322:00", "wednesday_open_min": 600.0, "wednesday_close_min": 1320.0, "wednesday_schedule": "10:00\u201322:00", "thursday_open_min": 600.0, "thursday_close_min": 1380.0, "thursday_schedule": "10:00\u201323:00", "friday_open_min": 600.0, "friday_close_min": 1380.0, "friday_schedule": "10:00\u201323:00", "saturday_open_min": 600.0, "saturday_close_min": 1380.0, "saturday_schedule": "10:00\u201323:00", "sunday_open_min": 600.0, "sunday_close_min": 1320.0, "sunday_schedule": "10:00\u201322:00"}, "geometry": {"type": "LineString", "coordinates": [[-74.0019335322445, 40.724551787330164], [-74.00261903393506, 40.72488003637742]]}}, {"type": "Feature", "properties": {"site_id": "OS050", "Approved On Street": "GROVE STREET", "Approved From Street": "BLEECKER STREET", "Approved To Street": "7 AVENUE SOUTH", "Borough Name": "Manhattan", "program_type": "Full Closure", "Organization Name": "Via Carota", "approved_start": "2024-03-15", "approved_end": "2024-12-29", "approved_days_per_week": 3, "weekly_approved_hours": 44.0, "total_approved_hours": 1848.0, "monday_open_min": null, "monday_close_min": null, "monday_schedule": null, "tuesday_open_min": null, "tuesday_close_min": null, "tuesday_schedule": null, "wednesday_open_min": null, "wednesday_close_min": null, "wednesday_schedule": null, "thursday_open_min": null, "thursday_close_min": null, "thursday_schedule": null, "friday_open_min": 540.0, "friday_close_min": 1440.0, "friday_schedule": "09:00\u201300:00", "saturday_open_min": 540.0, "saturday_close_min": 1440.0, "saturday_schedule": "09:00\u201300:00", "sunday_open_min": 540.0, "sunday_close_min": 1380.0, "sunday_schedule": "09:00\u201323:00"}, "geometry": {"type": "LineString", "coordinates": [[-74.00397602150782, 40.73291501992655], [-74.00303209571072, 40.73321509795394]]}}, {"type": "Feature", "properties": {"site_id": "OS051", "Approved On Street": "WAVERLY PLACE", "Approved From Street": "7 AVENUE SOUTH", "Approved To Street": "CHRISTOPHER STREET", "Borough Name": "Manhattan", "program_type": "Full Closure", "Organization Name": "Jeffrey's Grocery", "approved_start": "2024-03-14", "approved_end": "2024-10-28", "approved_days_per_week": 4, "weekly_approved_hours": 52.0, "total_approved_hours": 1716.0, "monday_open_min": null, "monday_close_min": null, "monday_schedule": null, "tuesday_open_min": null, "tuesday_close_min": null, "tuesday_schedule": null, "wednesday_open_min": null, "wednesday_close_min": null, "wednesday_schedule": null, "thursday_open_min": 660.0, "thursday_close_min": 1380.0, "thursday_schedule": "11:00\u201323:00", "friday_open_min": 660.0, "friday_close_min": 1380.0, "friday_schedule": "11:00\u201323:00", "saturday_open_min": 540.0, "saturday_close_min": 1380.0, "saturday_schedule": "09:00\u201323:00", "sunday_open_min": 540.0, "sunday_close_min": 1380.0, "sunday_schedule": "09:00\u201323:00"}, "geometry": {"type": "MultiLineString", "coordinates": [[[-74.00138878549443, 40.73448281966093], [-74.00157447249346, 40.73512780605465]], [[-74.00120475952991, 40.7338430918596], [-74.00138878549443, 40.73448281966093]], [[-74.00157447249346, 40.73512780605465], [-74.00169304446304, 40.73553459077607]]]}}, {"type": "Feature", "properties": {"site_id": "OS052", "Approved On Street": "JANE STREET", "Approved From Street": "HUDSON STREET", "Approved To Street": "8 AVENUE", "Borough Name": "Manhattan", "program_type": "Full Closure", "Organization Name": "JST Restaurant Corp", "approved_start": "2024-06-01", "approved_end": "2024-11-03", "approved_days_per_week": 4, "weekly_approved_hours": 35.0, "total_approved_hours": 793.0, "monday_open_min": null, "monday_close_min": null, "monday_schedule": null, "tuesday_open_min": null, "tuesday_close_min": null, "tuesday_schedule": null, "wednesday_open_min": null, "wednesday_close_min": null, "wednesday_schedule": null, "thursday_open_min": 1020.0, "thursday_close_min": 1380.0, "thursday_schedule": "17:00\u201323:00", "friday_open_min": 1020.0, "friday_close_min": 1380.0, "friday_schedule": "17:00\u201323:00", "saturday_open_min": 660.0, "saturday_close_min": 1380.0, "saturday_schedule": "11:00\u201323:00", "sunday_open_min": 660.0, "sunday_close_min": 1320.0, "sunday_schedule": "11:00\u201322:00"}, "geometry": {"type": "LineString", "coordinates": [[-74.00417529818985, 40.738134347133574], [-74.00559157320723, 40.738138969716374]]}}, {"type": "Feature", "properties": {"site_id": "OS053", "Approved On Street": "MULBERRY STREET", "Approved From Street": "BROOME STREET", "Approved To Street": "CANAL STREET", "Borough Name": "Manhattan", "program_type": "Full Closure", "Organization Name": "Little Italy Merchants Association", "approved_start": "2024-03-15", "approved_end": "2024-12-31", "approved_days_per_week": 4, "weekly_approved_hours": 40.0, "total_approved_hours": 1673.0, "monday_open_min": null, "monday_close_min": null, "monday_schedule": null, "tuesday_open_min": null, "tuesday_close_min": null, "tuesday_schedule": null, "wednesday_open_min": null, "wednesday_close_min": null, "wednesday_schedule": null, "thursday_open_min": 990.0, "thursday_close_min": 1410.0, "thursday_schedule": "16:30\u201323:30", "friday_open_min": 990.0, "friday_close_min": 1410.0, "friday_schedule": "16:30\u201323:30", "saturday_open_min": 630.0, "saturday_close_min": 1410.0, "saturday_schedule": "10:30\u201323:30", "sunday_open_min": 630.0, "sunday_close_min": 1410.0, "sunday_schedule": "10:30\u201323:30"}, "geometry": {"type": "MultiLineString", "coordinates": [[[-73.99858925561153, 40.717099511397095], [-73.99793049777948, 40.71815869031513]], [[-73.99793049777948, 40.71815869031513], [-73.99775512435718, 40.71844393255326], [-73.99759193865151, 40.71873350622145], [-73.99744120237203, 40.71902696922648], [-73.99730315238789, 40.71932384705364]], [[-73.99730315238789, 40.71932384705364], [-73.99683631217684, 40.72050439442459]]]}}, {"type": "Feature", "properties": {"site_id": "OS054", "Approved On Street": "WASHINGTON PLACE", "Approved From Street": "AVENUE OF THE AMERICAS", "Approved To Street": "BARROW STREET", "Borough Name": "Manhattan", "program_type": "Full Closure: Schools", "Organization Name": "Academy of St. Joseph", "approved_start": "2024-07-01", "approved_end": "2025-06-27", "approved_days_per_week": 5, "weekly_approved_hours": 10.0, "total_approved_hours": 520.0, "monday_open_min": 670.0, "monday_close_min": 790.0, "monday_schedule": "11:10\u201313:10", "tuesday_open_min": 670.0, "tuesday_close_min": 790.0, "tuesday_schedule": "11:10\u201313:10", "wednesday_open_min": 670.0, "wednesday_close_min": 790.0, "wednesday_schedule": "11:10\u201313:10", "thursday_open_min": 670.0, "thursday_close_min": 790.0, "thursday_schedule": "11:10\u201313:10", "friday_open_min": 670.0, "friday_close_min": 790.0, "friday_schedule": "11:10\u201313:10", "saturday_open_min": null, "saturday_close_min": null, "saturday_schedule": null, "sunday_open_min": null, "sunday_close_min": null, "sunday_schedule": null}, "geometry": {"type": "LineString", "coordinates": [[-74.00051066363521, 40.732315222921756], [-74.00180602000448, 40.73294884346063]]}}, {"type": "Feature", "properties": {"site_id": "OS055", "Approved On Street": "HESTER STREET", "Approved From Street": "MULBERRY STREET", "Approved To Street": "MOTT STREET", "Borough Name": "Manhattan", "program_type": "Full Closure", "Organization Name": "Little Italy Merchant Association", "approved_start": "2024-03-15", "approved_end": "2024-12-31", "approved_days_per_week": 4, "weekly_approved_hours": 40.0, "total_approved_hours": 1673.0, "monday_open_min": null, "monday_close_min": null, "monday_schedule": null, "tuesday_open_min": null, "tuesday_close_min": null, "tuesday_schedule": null, "wednesday_open_min": null, "wednesday_close_min": null, "wednesday_schedule": null, "thursday_open_min": 990.0, "thursday_close_min": 1410.0, "thursday_schedule": "16:30\u201323:30", "friday_open_min": 990.0, "friday_close_min": 1410.0, "friday_schedule": "16:30\u201323:30", "saturday_open_min": 630.0, "saturday_close_min": 1410.0, "saturday_schedule": "10:30\u201323:30", "sunday_open_min": 630.0, "sunday_close_min": 1410.0, "sunday_schedule": "10:30\u201323:30"}, "geometry": {"type": "LineString", "coordinates": [[-73.99710823583376, 40.71786961700545], [-73.99793049777948, 40.71815869031513]]}}, {"type": "Feature", "properties": {"site_id": "OS056", "Approved On Street": "ELIZABETH STREET", "Approved From Street": "PRINCE STREET", "Approved To Street": "SPRING STREET", "Borough Name": "Manhattan", "program_type": "Full Closure", "Organization Name": "Peasant", "approved_start": "2024-04-04", "approved_end": "2024-11-01", "approved_days_per_week": 7, "weekly_approved_hours": 56.5, "total_approved_hours": 1708.0, "monday_open_min": 990.0, "monday_close_min": 1380.0, "monday_schedule": "16:30\u201323:00", "tuesday_open_min": 990.0, "tuesday_close_min": 1380.0, "tuesday_schedule": "16:30\u201323:00", "wednesday_open_min": 990.0, "wednesday_close_min": 1380.0, "wednesday_schedule": "16:30\u201323:00", "thursday_open_min": 990.0, "thursday_close_min": 1380.0, "thursday_schedule": "16:30\u201323:00", "friday_open_min": 990.0, "friday_close_min": 1380.0, "friday_schedule": "16:30\u201323:00", "saturday_open_min": 660.0, "saturday_close_min": 1380.0, "saturday_schedule": "11:00\u201323:00", "sunday_open_min": 660.0, "sunday_close_min": 1380.0, "sunday_schedule": "11:00\u201323:00"}, "geometry": {"type": "LineString", "coordinates": [[-73.99470513882002, 40.721308533357394], [-73.99415315289791, 40.722722559572766]]}}, {"type": "Feature", "properties": {"site_id": "OS057", "Approved On Street": "HESTER STREET", "Approved From Street": "ORCHARD STREET", "Approved To Street": "LUDLOW STREET", "Borough Name": "Manhattan", "program_type": "Full Closure: Schools", "Organization Name": "PS 42M The Benjamin Altman School", "approved_start": "2024-09-05", "approved_end": "2025-06-27", "approved_days_per_week": 5, "weekly_approved_hours": 35.0, "total_approved_hours": 1484.0, "monday_open_min": 465.0, "monday_close_min": 885.0, "monday_schedule": "07:45\u201314:45", "tuesday_open_min": 465.0, "tuesday_close_min": 885.0, "tuesday_schedule": "07:45\u201314:45", "wednesday_open_min": 465.0, "wednesday_close_min": 885.0, "wednesday_schedule": "07:45\u201314:45", "thursday_open_min": 465.0, "thursday_close_min": 885.0, "thursday_schedule": "07:45\u201314:45", "friday_open_min": 465.0, "friday_close_min": 885.0, "friday_schedule": "07:45\u201314:45", "saturday_open_min": null, "saturday_close_min": null, "saturday_schedule": null, "sunday_open_min": null, "sunday_close_min": null, "sunday_schedule": null}, "geometry": {"type": "LineString", "coordinates": [[-73.99055802401342, 40.715794239612286], [-73.9913094202137, 40.71602304639149]]}}, {"type": "Feature", "properties": {"site_id": "OS058", "Approved On Street": "ORCHARD STREET", "Approved From Street": "GRAND STREET", "Approved To Street": "DELANCEY STREET", "Borough Name": "Manhattan", "program_type": "Full Closure", "Organization Name": "Lower East Side Partnership", "approved_start": "2024-02-23", "approved_end": "2025-01-31", "approved_days_per_week": 7, "weekly_approved_hours": 66.0, "total_approved_hours": 3244.0, "monday_open_min": 720.0, "monday_close_min": 1260.0, "monday_schedule": "12:00\u201321:00", "tuesday_open_min": 720.0, "tuesday_close_min": 1260.0, "tuesday_schedule": "12:00\u201321:00", "wednesday_open_min": 720.0, "wednesday_close_min": 1260.0, "wednesday_schedule": "12:00\u201321:00", "thursday_open_min": 720.0, "thursday_close_min": 1320.0, "thursday_schedule": "12:00\u201322:00", "friday_open_min": 720.0, "friday_close_min": 1320.0, "friday_schedule": "12:00\u201322:00", "saturday_open_min": 720.0, "saturday_close_min": 1320.0, "saturday_schedule": "12:00\u201322:00", "sunday_open_min": 720.0, "sunday_close_min": 1260.0, "sunday_schedule": "12:00\u201321:00"}, "geometry": {"type": "MultiLineString", "coordinates": [[[-73.99070290092804, 40.71720060511603], [-73.99023340438795, 40.718124084283346]], [[-73.99023340438795, 40.718124084283346], [-73.9898143310417, 40.718937873889985]]]}}, {"type": "Feature", "properties": {"site_id": "OS059", "Approved On Street": "BROOME STREET", "Approved From Street": "ALLEN STREET", "Approved To Street": "LUDLOW STREET", "Borough Name": "Manhattan", "program_type": "Full Closure", "Organization Name": "Lower East Side Partnership", "approved_start": "2024-02-23", "approved_end": "2025-01-31", "approved_days_per_week": 7, "weekly_approved_hours": 66.0, "total_approved_hours": 3244.0, "monday_open_min": 720.0, "monday_close_min": 1260.0, "monday_schedule": "12:00\u201321:00", "tuesday_open_min": 720.0, "tuesday_close_min": 1260.0, "tuesday_schedule": "12:00\u201321:00", "wednesday_open_min": 720.0, "wednesday_close_min": 1260.0, "wednesday_schedule": "12:00\u201321:00", "thursday_open_min": 720.0, "thursday_close_min": 1320.0, "thursday_schedule": "12:00\u201322:00", "friday_open_min": 720.0, "friday_close_min": 1320.0, "friday_schedule": "12:00\u201322:00", "saturday_open_min": 720.0, "saturday_close_min": 1320.0, "saturday_schedule": "12:00\u201322:00", "sunday_open_min": 720.0, "sunday_close_min": 1260.0, "sunday_schedule": "12:00\u201321:00"}, "geometry": {"type": "MultiLineString", "coordinates": [[[-73.99023340438795, 40.718124084283346], [-73.99071607853661, 40.71826922338487]], [[-73.98947341974383, 40.717893126548425], [-73.99023340438795, 40.718124084283346]]]}}, {"type": "Feature", "properties": {"site_id": "OS060", "Approved On Street": "BLEECKER STREET", "Approved From Street": "MOTT STREET", "Approved To Street": "BOWERY", "Borough Name": "Manhattan", "program_type": "Full Closure", "Organization Name": "Von Design Limited", "approved_start": "2024-04-01", "approved_end": "2024-10-31", "approved_days_per_week": 5, "weekly_approved_hours": 42.0, "total_approved_hours": 1272.0, "monday_open_min": null, "monday_close_min": null, "monday_schedule": null, "tuesday_open_min": null, "tuesday_close_min": null, "tuesday_schedule": null, "wednesday_open_min": 1020.0, "wednesday_close_min": 1380.0, "wednesday_schedule": "17:00\u201323:00", "thursday_open_min": 1020.0, "thursday_close_min": 1380.0, "thursday_schedule": "17:00\u201323:00", "friday_open_min": 1020.0, "friday_close_min": 1380.0, "friday_schedule": "17:00\u201323:00", "saturday_open_min": 660.0, "saturday_close_min": 1380.0, "saturday_schedule": "11:00\u201323:00", "sunday_open_min": 660.0, "sunday_close_min": 1380.0, "sunday_schedule": "11:00\u201323:00"}, "geometry": {"type": "MultiLineString", "coordinates": [[[-73.99304198121565, 40.72545161616501], [-73.9937571119299, 40.7256462670703]], [[-73.99227762101506, 40.7252492680744], [-73.99304198121565, 40.72545161616501]]]}}, {"type": "Feature", "properties": {"site_id": "OS061", "Approved On Street": "EAST 4 STREET", "Approved From Street": "2 AVENUE", "Approved To Street": "BOWERY", "Borough Name": "Manhattan", "program_type": "Full Closure", "Organization Name": "Fourth Arts Block (aka FABnyc)", "approved_start": "2024-04-18", "approved_end": "2024-10-31", "approved_days_per_week": 1, "weekly_approved_hours": 5.0, "total_approved_hours": 145.0, "monday_open_min": null, "monday_close_min": null, "monday_schedule": null, "tuesday_open_min": null, "tuesday_close_min": null, "tuesday_schedule": null, "wednesday_open_min": null, "wednesday_close_min": null, "wednesday_schedule": null, "thursday_open_min": 960.0, "thursday_close_min": 1260.0, "thursday_schedule": "16:00\u201321:00", "friday_open_min": null, "friday_close_min": null, "friday_schedule": null, "saturday_open_min": null, "saturday_close_min": null, "saturday_schedule": null, "sunday_open_min": null, "sunday_close_min": null, "sunday_schedule": null}, "geometry": {"type": "LineString", "coordinates": [[-73.99155207621389, 40.72709433659872], [-73.98942914193304, 40.72618746315763]]}}, {"type": "Feature", "properties": {"site_id": "OS062", "Approved On Street": "BROOME STREET", "Approved From Street": "ESSEX STREET", "Approved To Street": "NORFOLK STREET", "Borough Name": "Manhattan", "program_type": "Full Closure", "Organization Name": "Lower East Side Partnership", "approved_start": "2024-02-01", "approved_end": "2025-01-31", "approved_days_per_week": 1, "weekly_approved_hours": 12.0, "total_approved_hours": 624.0, "monday_open_min": null, "monday_close_min": null, "monday_schedule": null, "tuesday_open_min": null, "tuesday_close_min": null, "tuesday_schedule": null, "wednesday_open_min": null, "wednesday_close_min": null, "wednesday_schedule": null, "thursday_open_min": null, "thursday_close_min": null, "thursday_schedule": null, "friday_open_min": null, "friday_close_min": null, "friday_schedule": null, "saturday_open_min": null, "saturday_close_min": null, "saturday_schedule": null, "sunday_open_min": 480.0, "sunday_close_min": 1200.0, "sunday_schedule": "08:00\u201320:00"}, "geometry": {"type": "LineString", "coordinates": [[-73.9878793578841, 40.71740897264596], [-73.98867046851716, 40.717649588449106]]}}, {"type": "Feature", "properties": {"site_id": "OS063", "Approved On Street": "ORCHARD STREET", "Approved From Street": "DELANCEY STREET", "Approved To Street": "EAST HOUSTON STREET", "Borough Name": "Manhattan", "program_type": "Full Closure", "Organization Name": "Lower East Side Partnership", "approved_start": "2024-02-04", "approved_end": "2025-01-26", "approved_days_per_week": 1, "weekly_approved_hours": 10.0, "total_approved_hours": 520.0, "monday_open_min": null, "monday_close_min": null, "monday_schedule": null, "tuesday_open_min": null, "tuesday_close_min": null, "tuesday_schedule": null, "wednesday_open_min": null, "wednesday_close_min": null, "wednesday_schedule": null, "thursday_open_min": null, "thursday_close_min": null, "thursday_schedule": null, "friday_open_min": null, "friday_close_min": null, "friday_schedule": null, "saturday_open_min": null, "saturday_close_min": null, "saturday_schedule": null, "sunday_open_min": 480.0, "sunday_close_min": 1080.0, "sunday_schedule": "08:00\u201318:00"}, "geometry": {"type": "MultiLineString", "coordinates": [[[-73.98911349129648, 40.72030742208203], [-73.9885225217559, 40.72146152175198]], [[-73.9885225217559, 40.72146152175198], [-73.98790241273662, 40.72262663648767]], [[-73.98973302022377, 40.719096249239726], [-73.9896284484745, 40.719300688915695]], [[-73.9896284484745, 40.719300688915695], [-73.98911349129648, 40.72030742208203]]]}}, {"type": "Feature", "properties": {"site_id": "OS064", "Approved On Street": "STANTON STREET", "Approved From Street": "ESSEX STREET", "Approved To Street": "NORFOLK STREET", "Borough Name": "Manhattan", "program_type": "Full Closure", "Organization Name": "More Gardens! Fund", "approved_start": "2024-07-01", "approved_end": "2024-10-31", "approved_days_per_week": 1, "weekly_approved_hours": 8.0, "total_approved_hours": 136.0, "monday_open_min": null, "monday_close_min": null, "monday_schedule": null, "tuesday_open_min": null, "tuesday_close_min": null, "tuesday_schedule": null, "wednesday_open_min": null, "wednesday_close_min": null, "wednesday_schedule": null, "thursday_open_min": null, "thursday_close_min": null, "thursday_schedule": null, "friday_open_min": null, "friday_close_min": null, "friday_schedule": null, "saturday_open_min": null, "saturday_close_min": null, "saturday_schedule": null, "sunday_open_min": 600.0, "sunday_close_min": 1080.0, "sunday_schedule": "10:00\u201318:00"}, "geometry": {"type": "LineString", "coordinates": [[-73.98694969679084, 40.72098300352804], [-73.98615766458234, 40.72074493334858]]}}, {"type": "Feature", "properties": {"site_id": "OS065", "Approved On Street": "IRVING PLACE", "Approved From Street": "EAST 16 STREET", "Approved To Street": "EAST 17 STREET", "Borough Name": "Manhattan", "program_type": "Full Closure: Schools", "Organization Name": "NYCDOE/Washington Irving Educational Campus", "approved_start": "2024-09-05", "approved_end": "2025-06-27", "approved_days_per_week": 5, "weekly_approved_hours": 47.5, "total_approved_hours": 2014.0, "monday_open_min": 420.0, "monday_close_min": 990.0, "monday_schedule": "07:00\u201316:30", "tuesday_open_min": 420.0, "tuesday_close_min": 990.0, "tuesday_schedule": "07:00\u201316:30", "wednesday_open_min": 420.0, "wednesday_close_min": 990.0, "wednesday_schedule": "07:00\u201316:30", "thursday_open_min": 420.0, "thursday_close_min": 990.0, "thursday_schedule": "07:00\u201316:30", "friday_open_min": 420.0, "friday_close_min": 990.0, "friday_schedule": "07:00\u201316:30", "saturday_open_min": null, "saturday_close_min": null, "saturday_schedule": null, "sunday_open_min": null, "sunday_close_min": null, "sunday_schedule": null}, "geometry": {"type": "LineString", "coordinates": [[-73.9878164509699, 40.73529228043558], [-73.98738718481158, 40.73587893306892]]}}, {"type": "Feature", "properties": {"site_id": "OS066", "Approved On Street": "ST MARKS PLACE", "Approved From Street": "1 AVENUE", "Approved To Street": "AVENUE A", "Borough Name": "Manhattan", "program_type": "Full Closure", "Organization Name": "St. Marks Business Coalition", "approved_start": "2024-04-01", "approved_end": "2024-12-01", "approved_days_per_week": 3, "weekly_approved_hours": 28.5, "total_approved_hours": 997.5, "monday_open_min": null, "monday_close_min": null, "monday_schedule": null, "tuesday_open_min": null, "tuesday_close_min": null, "tuesday_schedule": null, "wednesday_open_min": null, "wednesday_close_min": null, "wednesday_schedule": null, "thursday_open_min": null, "thursday_close_min": null, "thursday_schedule": null, "friday_open_min": 990.0, "friday_close_min": 1380.0, "friday_schedule": "16:30\u201323:00", "saturday_open_min": 690.0, "saturday_close_min": 1380.0, "saturday_schedule": "11:30\u201323:00", "sunday_open_min": 690.0, "sunday_close_min": 1320.0, "sunday_schedule": "11:30\u201322:00"}, "geometry": {"type": "LineString", "coordinates": [[-73.98529382893115, 40.727592837808075], [-73.9830906414119, 40.72666581356263]]}}, {"type": "Feature", "properties": {"site_id": "OS067", "Approved On Street": "RUTHERFORD PLACE", "Approved From Street": "EAST 17 STREET", "Approved To Street": "EAST 15 STREET", "Borough Name": "Manhattan", "program_type": "Full Closure: Schools", "Organization Name": "Friends Seminary", "approved_start": "2024-08-01", "approved_end": "2025-07-31", "approved_days_per_week": 5, "weekly_approved_hours": 40.0, "total_approved_hours": 2088.0, "monday_open_min": 450.0, "monday_close_min": 930.0, "monday_schedule": "07:30\u201315:30", "tuesday_open_min": 450.0, "tuesday_close_min": 930.0, "tuesday_schedule": "07:30\u201315:30", "wednesday_open_min": 450.0, "wednesday_close_min": 930.0, "wednesday_schedule": "07:30\u201315:30", "thursday_open_min": 450.0, "thursday_close_min": 930.0, "thursday_schedule": "07:30\u201315:30", "friday_open_min": 450.0, "friday_close_min": 930.0, "friday_schedule": "07:30\u201315:30", "saturday_open_min": null, "saturday_close_min": null, "saturday_schedule": null, "sunday_open_min": null, "sunday_close_min": null, "sunday_schedule": null}, "geometry": {"type": "MultiLineString", "coordinates": [[[-73.98477231231493, 40.73401232338179], [-73.98524200472272, 40.73337237635215]], [[-73.98435975647327, 40.73460335522022], [-73.98477231231493, 40.73401232338179]]]}}, {"type": "Feature", "properties": {"site_id": "OS068", "Approved On Street": "AVENUE B", "Approved From Street": "EAST 7 STREET", "Approved To Street": "EAST 10 STREET", "Borough Name": "Manhattan", "program_type": "Limited Local Access", "Organization Name": "Loisaida Open Streets Community Coalition", "approved_start": "2024-02-01", "approved_end": "2025-01-31", "approved_days_per_week": 7, "weekly_approved_hours": 84.0, "total_approved_hours": 4392.0, "monday_open_min": 480.0, "monday_close_min": 1200.0, "monday_schedule": "08:00\u201320:00", "tuesday_open_min": 480.0, "tuesday_close_min": 1200.0, "tuesday_schedule": "08:00\u201320:00", "wednesday_open_min": 480.0, "wednesday_close_min": 1200.0, "wednesday_schedule": "08:00\u201320:00", "thursday_open_min": 480.0, "thursday_close_min": 1200.0, "thursday_schedule": "08:00\u201320:00", "friday_open_min": 480.0, "friday_close_min": 1200.0, "friday_schedule": "08:00\u201320:00", "saturday_open_min": 480.0, "saturday_close_min": 1200.0, "saturday_schedule": "08:00\u201320:00", "sunday_open_min": 480.0, "sunday_close_min": 1200.0, "sunday_schedule": "08:00\u201320:00"}, "geometry": {"type": "MultiLineString", "coordinates": [[[-73.98121129569077, 40.72507280002537], [-73.98075774655966, 40.72567760878287]], [[-73.98075774655966, 40.72567760878287], [-73.98060768248618, 40.725890545889634]], [[-73.98060768248618, 40.725890545889634], [-73.98052809695857, 40.726003475199924]], [[-73.98052809695857, 40.726003475199924], [-73.98033298291035, 40.72628033594738]], [[-73.98033298291035, 40.72628033594738], [-73.98016968507719, 40.726504498651316]], [[-73.98016968507719, 40.726504498651316], [-73.9799065028015, 40.726865772326775]]]}}, {"type": "Feature", "properties": {"site_id": "OS069", "Approved On Street": "WEST 21 STREET", "Approved From Street": "9 AVENUE", "Approved To Street": "10 AVENUE", "Borough Name": "Manhattan", "program_type": "Limited Local Access", "Organization Name": "West 21 Street Open Street Coalition", "approved_start": "2024-02-01", "approved_end": "2025-02-01", "approved_days_per_week": 7, "weekly_approved_hours": 84.0, "total_approved_hours": 4404.0, "monday_open_min": 480.0, "monday_close_min": 1200.0, "monday_schedule": "08:00\u201320:00", "tuesday_open_min": 480.0, "tuesday_close_min": 1200.0, "tuesday_schedule": "08:00\u201320:00", "wednesday_open_min": 480.0, "wednesday_close_min": 1200.0, "wednesday_schedule": "08:00\u201320:00", "thursday_open_min": 480.0, "thursday_close_min": 1200.0, "thursday_schedule": "08:00\u201320:00", "friday_open_min": 480.0, "friday_close_min": 1200.0, "friday_schedule": "08:00\u201320:00", "saturday_open_min": 480.0, "saturday_close_min": 1200.0, "saturday_schedule": "08:00\u201320:00", "sunday_open_min": 480.0, "sunday_close_min": 1200.0, "sunday_schedule": "08:00\u201320:00"}, "geometry": {"type": "LineString", "coordinates": [[-74.00226475735678, 40.74520684772069], [-74.00510713444312, 40.74640277258079]]}}, {"type": "Feature", "properties": {"site_id": "OS070", "Approved On Street": "BROADWAY", "Approved From Street": "WEST 35 STREET", "Approved To Street": "WEST 36 STREET", "Borough Name": "Manhattan", "program_type": "Full Closure", "Organization Name": "34th Street Partnership", "approved_start": "2024-12-06", "approved_end": "2025-01-03", "approved_days_per_week": 7, "weekly_approved_hours": 167.88333333333333, "total_approved_hours": 695.5166666666667, "monday_open_min": 0.0, "monday_close_min": 1439.0, "monday_schedule": "00:00\u201323:59", "tuesday_open_min": 0.0, "tuesday_close_min": 1439.0, "tuesday_schedule": "00:00\u201323:59", "wednesday_open_min": 0.0, "wednesday_close_min": 1439.0, "wednesday_schedule": "00:00\u201323:59", "thursday_open_min": 0.0, "thursday_close_min": 1439.0, "thursday_schedule": "00:00\u201323:59", "friday_open_min": 0.0, "friday_close_min": 1439.0, "friday_schedule": "00:00\u201323:59", "saturday_open_min": 0.0, "saturday_close_min": 1439.0, "saturday_schedule": "00:00\u201323:59", "sunday_open_min": 0.0, "sunday_close_min": 1439.0, "sunday_schedule": "00:00\u201323:59"}, "geometry": {"type": "LineString", "coordinates": [[-73.98777909954923, 40.75066071401039], [-73.98764453794713, 40.75141923174592]]}}, {"type": "Feature", "properties": {"site_id": "OS071", "Approved On Street": "COLUMBUS AVENUE", "Approved From Street": "WEST 68 STREET", "Approved To Street": "WEST 77 STREET", "Borough Name": "Manhattan", "program_type": "Full Closure", "Organization Name": "Columbus Avenue Business Improvement District", "approved_start": "2024-05-05", "approved_end": "2024-06-23", "approved_days_per_week": 1, "weekly_approved_hours": 10.0, "total_approved_hours": 80.0, "monday_open_min": null, "monday_close_min": null, "monday_schedule": null, "tuesday_open_min": null, "tuesday_close_min": null, "tuesday_schedule": null, "wednesday_open_min": null, "wednesday_close_min": null, "wednesday_schedule": null, "thursday_open_min": null, "thursday_close_min": null, "thursday_schedule": null, "friday_open_min": null, "friday_close_min": null, "friday_schedule": null, "saturday_open_min": null, "saturday_close_min": null, "saturday_schedule": null, "sunday_open_min": 600.0, "sunday_close_min": 1200.0, "sunday_schedule": "10:00\u201320:00"}, "geometry": {"type": "MultiLineString", "coordinates": [[[-73.98065976273116, 40.77485167804067], [-73.98020908089121, 40.77548038469618]], [[-73.98020908089121, 40.77548038469618], [-73.97974565923401, 40.77611153035542]], [[-73.97974565923401, 40.77611153035542], [-73.97928670497116, 40.7767247593992]], [[-73.97928670497116, 40.7767247593992], [-73.97879904892143, 40.777412933695366]], [[-73.97879904892143, 40.777412933695366], [-73.97829244278431, 40.778095523678026]], [[-73.97829244278431, 40.778095523678026], [-73.97783301702559, 40.778730721617976]], [[-73.97783301702559, 40.778730721617976], [-73.97736845837075, 40.77936425253069]], [[-73.97736845837075, 40.77936425253069], [-73.97690314233175, 40.77999735722292]], [[-73.97690314233175, 40.77999735722292], [-73.97666324476106, 40.78032864949386]], [[-73.97666324476106, 40.78032864949386], [-73.97641669631618, 40.78065055755876]]]}}, {"type": "Feature", "properties": {"site_id": "OS072", "Approved On Street": "COLUMBUS AVENUE", "Approved From Street": "WEST 68 STREET", "Approved To Street": "WEST 77 STREET", "Borough Name": "Manhattan", "program_type": "Full Closure", "Organization Name": "Columbus Avenue Business Improvement District", "approved_start": "2024-09-15", "approved_end": "2024-10-27", "approved_days_per_week": 1, "weekly_approved_hours": 10.0, "total_approved_hours": 70.0, "monday_open_min": null, "monday_close_min": null, "monday_schedule": null, "tuesday_open_min": null, "tuesday_close_min": null, "tuesday_schedule": null, "wednesday_open_min": null, "wednesday_close_min": null, "wednesday_schedule": null, "thursday_open_min": null, "thursday_close_min": null, "thursday_schedule": null, "friday_open_min": null, "friday_close_min": null, "friday_schedule": null, "saturday_open_min": null, "saturday_close_min": null, "saturday_schedule": null, "sunday_open_min": 600.0, "sunday_close_min": 1200.0, "sunday_schedule": "10:00\u201320:00"}, "geometry": {"type": "MultiLineString", "coordinates": [[[-73.98065976273116, 40.77485167804067], [-73.98020908089121, 40.77548038469618]], [[-73.98020908089121, 40.77548038469618], [-73.97974565923401, 40.77611153035542]], [[-73.97974565923401, 40.77611153035542], [-73.97928670497116, 40.7767247593992]], [[-73.97928670497116, 40.7767247593992], [-73.97879904892143, 40.777412933695366]], [[-73.97879904892143, 40.777412933695366], [-73.97829244278431, 40.778095523678026]], [[-73.97829244278431, 40.778095523678026], [-73.97783301702559, 40.778730721617976]], [[-73.97783301702559, 40.778730721617976], [-73.97736845837075, 40.77936425253069]], [[-73.97736845837075, 40.77936425253069], [-73.97690314233175, 40.77999735722292]], [[-73.97690314233175, 40.77999735722292], [-73.97666324476106, 40.78032864949386]], [[-73.97666324476106, 40.78032864949386], [-73.97641669631618, 40.78065055755876]]]}}, {"type": "Feature", "properties": {"site_id": "OS073", "Approved On Street": "BEDFORD AVENUE", "Approved From Street": "LORIMER STREET", "Approved To Street": "MANHATTAN AVENUE", "Borough Name": "Brooklyn", "program_type": "Full Closure", "Organization Name": "North Brooklyn Open Streets Community Coalition", "approved_start": "2024-04-20", "approved_end": "2024-11-30", "approved_days_per_week": 7, "weekly_approved_hours": 91.0, "total_approved_hours": 2925.0, "monday_open_min": 420.0, "monday_close_min": 1200.0, "monday_schedule": "07:00\u201320:00", "tuesday_open_min": 420.0, "tuesday_close_min": 1200.0, "tuesday_schedule": "07:00\u201320:00", "wednesday_open_min": 420.0, "wednesday_close_min": 1200.0, "wednesday_schedule": "07:00\u201320:00", "thursday_open_min": 420.0, "thursday_close_min": 1200.0, "thursday_schedule": "07:00\u201320:00", "friday_open_min": 420.0, "friday_close_min": 1200.0, "friday_schedule": "07:00\u201320:00", "saturday_open_min": 420.0, "saturday_close_min": 1200.0, "saturday_schedule": "07:00\u201320:00", "sunday_open_min": 420.0, "sunday_close_min": 1200.0, "sunday_schedule": "07:00\u201320:00"}, "geometry": {"type": "LineString", "coordinates": [[-73.9509775452122, 40.72409738135267], [-73.95164632211751, 40.723485857168505]]}}, {"type": "Feature", "properties": {"site_id": "OS074", "Approved On Street": "5 AVENUE", "Approved From Street": "EAST 48 STREET", "Approved To Street": "EAST 57 STREET", "Borough Name": "Manhattan", "program_type": "Full Closure", "Organization Name": "Fifth Avenue Association", "approved_start": "2024-12-08", "approved_end": "2024-12-08", "approved_days_per_week": 1, "weekly_approved_hours": 11.0, "total_approved_hours": 11.0, "monday_open_min": null, "monday_close_min": null, "monday_schedule": null, "tuesday_open_min": null, "tuesday_close_min": null, "tuesday_schedule": null, "wednesday_open_min": null, "wednesday_close_min": null, "wednesday_schedule": null, "thursday_open_min": null, "thursday_close_min": null, "thursday_schedule": null, "friday_open_min": null, "friday_close_min": null, "friday_schedule": null, "saturday_open_min": null, "saturday_close_min": null, "saturday_schedule": null, "sunday_open_min": 540.0, "sunday_close_min": 1200.0, "sunday_schedule": "09:00\u201320:00"}, "geometry": {"type": "MultiLineString", "coordinates": [[[-73.97811607124811, 40.75728442745147], [-73.9776548278053, 40.757911423577774]], [[-73.9776548278053, 40.757911423577774], [-73.97720026571109, 40.75853793285152]], [[-73.97720026571109, 40.75853793285152], [-73.97674467649142, 40.759164738135695]], [[-73.97674467649142, 40.759164738135695], [-73.97628870143396, 40.75978674899689]], [[-73.97628870143396, 40.75978674899689], [-73.97583011953861, 40.760418519822295]], [[-73.97583011953861, 40.760418519822295], [-73.97537360649422, 40.761039906390266]], [[-73.97537360649422, 40.761039906390266], [-73.97491476261246, 40.761667269936545]], [[-73.97491476261246, 40.761667269936545], [-73.97445730581376, 40.762293083039324]], [[-73.97445730581376, 40.762293083039324], [-73.97396798923295, 40.76296658678874]]]}}, {"type": "Feature", "properties": {"site_id": "OS075", "Approved On Street": "EAST 92 STREET", "Approved From Street": "5 AVENUE", "Approved To Street": "MADISON AVENUE", "Borough Name": "Manhattan", "program_type": "Full Closure: Schools", "Organization Name": "The Nightingale Bamford School", "approved_start": "2024-09-05", "approved_end": "2025-06-27", "approved_days_per_week": 5, "weekly_approved_hours": 27.5, "total_approved_hours": 1166.0, "monday_open_min": 540.0, "monday_close_min": 870.0, "monday_schedule": "09:00\u201314:30", "tuesday_open_min": 540.0, "tuesday_close_min": 870.0, "tuesday_schedule": "09:00\u201314:30", "wednesday_open_min": 540.0, "wednesday_close_min": 870.0, "wednesday_schedule": "09:00\u201314:30", "thursday_open_min": 540.0, "thursday_close_min": 870.0, "thursday_schedule": "09:00\u201314:30", "friday_open_min": 540.0, "friday_close_min": 870.0, "friday_schedule": "09:00\u201314:30", "saturday_open_min": null, "saturday_close_min": null, "saturday_schedule": null, "sunday_open_min": null, "sunday_close_min": null, "sunday_schedule": null}, "geometry": {"type": "LineString", "coordinates": [[-73.95763599385073, 40.78534345749885], [-73.95603053229628, 40.78466992047179]]}}, {"type": "Feature", "properties": {"site_id": "OS076", "Approved On Street": "EAST 82 STREET", "Approved From Street": "2 AVENUE", "Approved To Street": "1 AVENUE", "Borough Name": "Manhattan", "program_type": "Full Closure: Schools", "Organization Name": "PS 290 The Manhattan New School", "approved_start": "2024-09-05", "approved_end": "2025-06-27", "approved_days_per_week": 5, "weekly_approved_hours": 35.0, "total_approved_hours": 1484.0, "monday_open_min": 480.0, "monday_close_min": 900.0, "monday_schedule": "08:00\u201315:00", "tuesday_open_min": 480.0, "tuesday_close_min": 900.0, "tuesday_schedule": "08:00\u201315:00", "wednesday_open_min": 480.0, "wednesday_close_min": 900.0, "wednesday_schedule": "08:00\u201315:00", "thursday_open_min": 480.0, "thursday_close_min": 900.0, "thursday_schedule": "08:00\u201315:00", "friday_open_min": 480.0, "friday_close_min": 900.0, "friday_schedule": "08:00\u201315:00", "saturday_open_min": null, "saturday_close_min": null, "saturday_schedule": null, "sunday_open_min": null, "sunday_close_min": null, "sunday_schedule": null}, "geometry": {"type": "LineString", "coordinates": [[-73.95362762524242, 40.77529067344616], [-73.95126173428294, 40.7742919399094]]}}, {"type": "Feature", "properties": {"site_id": "OS077", "Approved On Street": "AMSTERDAM AVENUE", "Approved From Street": "WEST 106 STREET", "Approved To Street": "CATHEDRAL PARKWAY", "Borough Name": "Manhattan", "program_type": "Full Closure", "Organization Name": "Lenape Bloemendael DMA dba Columbus Amsterdam Business Improvement District", "approved_start": "2024-04-20", "approved_end": "2024-11-10", "approved_days_per_week": 2, "weekly_approved_hours": 14.0, "total_approved_hours": 420.0, "monday_open_min": null, "monday_close_min": null, "monday_schedule": null, "tuesday_open_min": null, "tuesday_close_min": null, "tuesday_schedule": null, "wednesday_open_min": null, "wednesday_close_min": null, "wednesday_schedule": null, "thursday_open_min": null, "thursday_close_min": null, "thursday_schedule": null, "friday_open_min": null, "friday_close_min": null, "friday_schedule": null, "saturday_open_min": 660.0, "saturday_close_min": 1140.0, "saturday_schedule": "11:00\u201319:00", "sunday_open_min": 720.0, "sunday_close_min": 1080.0, "sunday_schedule": "12:00\u201318:00"}, "geometry": {"type": "MultiLineString", "coordinates": [[[-73.9652151143523, 40.80111115028984], [-73.96475930379877, 40.80174161330712]], [[-73.96475930379877, 40.80174161330712], [-73.96430100520557, 40.80237265001026]], [[-73.96430100520557, 40.80237265001026], [-73.9638612634734, 40.80297203811626]], [[-73.96571058656656, 40.80043706983064], [-73.96543604966564, 40.80081200971317]], [[-73.96543604966564, 40.80081200971317], [-73.96540460696797, 40.80085470375008]], [[-73.96540460696797, 40.80085470375008], [-73.9652151143523, 40.80111115028984]]]}}, {"type": "Feature", "properties": {"site_id": "OS078", "Approved On Street": "FREDERICK DOUGLASS BOULEVARD", "Approved From Street": "WEST 112 STREET", "Approved To Street": "WEST 121 STREET", "Borough Name": "Manhattan", "program_type": "Full Closure", "Organization Name": "Frederick Douglass Boulevard Alliance", "approved_start": "2024-06-15", "approved_end": "2024-10-06", "approved_days_per_week": 2, "weekly_approved_hours": 18.983333333333334, "total_approved_hours": 322.71666666666664, "monday_open_min": null, "monday_close_min": null, "monday_schedule": null, "tuesday_open_min": null, "tuesday_close_min": null, "tuesday_schedule": null, "wednesday_open_min": null, "wednesday_close_min": null, "wednesday_schedule": null, "thursday_open_min": null, "thursday_close_min": null, "thursday_schedule": null, "friday_open_min": null, "friday_close_min": null, "friday_schedule": null, "saturday_open_min": 720.0, "saturday_close_min": 1320.0, "saturday_schedule": "12:00\u201322:00", "sunday_open_min": 721.0, "sunday_close_min": 1260.0, "sunday_schedule": "12:01\u201321:00"}, "geometry": {"type": "MultiLineString", "coordinates": [[[-73.95723749365877, 40.80185796129603], [-73.9567781119241, 40.80248744585842]], [[-73.9567781119241, 40.80248744585842], [-73.9563211507074, 40.80311534456945]], [[-73.9563211507074, 40.80311534456945], [-73.95586271530266, 40.80374449523976]], [[-73.95586271530266, 40.80374449523976], [-73.95536845698138, 40.80441986536616]], [[-73.95536845698138, 40.80441986536616], [-73.95487450985411, 40.80509688403995]], [[-73.95487450985411, 40.80509688403995], [-73.95441604415457, 40.80572517868592]], [[-73.95441604415457, 40.80572517868592], [-73.95395687069113, 40.806353319882284]], [[-73.95395687069113, 40.806353319882284], [-73.95349969153126, 40.8069812879991]], [[-73.95349969153126, 40.8069812879991], [-73.95304020364024, 40.80761060404983]]]}}, {"type": "Feature", "properties": {"site_id": "OS079", "Approved On Street": "WEST 128 STREET", "Approved From Street": "FREDERICK DOUGLASS BOULEVARD", "Approved To Street": "ST NICHOLAS AVENUE", "Borough Name": "Manhattan", "program_type": "Full Closure", "Organization Name": "Harlem Mothers Stop Another Violent End", "approved_start": "2024-07-02", "approved_end": "2024-08-30", "approved_days_per_week": 2, "weekly_approved_hours": 15.0, "total_approved_hours": 135.0, "monday_open_min": null, "monday_close_min": null, "monday_schedule": null, "tuesday_open_min": 570.0, "tuesday_close_min": 1020.0, "tuesday_schedule": "09:30\u201317:00", "wednesday_open_min": 570.0, "wednesday_close_min": 1020.0, "wednesday_schedule": "09:30\u201317:00", "thursday_open_min": null, "thursday_close_min": null, "thursday_schedule": null, "friday_open_min": null, "friday_close_min": null, "friday_schedule": null, "saturday_open_min": null, "saturday_close_min": null, "saturday_schedule": null, "sunday_open_min": null, "sunday_close_min": null, "sunday_schedule": null}, "geometry": {"type": "LineString", "coordinates": [[-73.9497577708401, 40.81210359623715], [-73.95092865718738, 40.81257507154871]]}}, {"type": "Feature", "properties": {"site_id": "OS080", "Approved On Street": "WEST 142 STREET", "Approved From Street": "AMSTERDAM AVENUE", "Approved To Street": "HAMILTON PLACE", "Borough Name": "Manhattan", "program_type": "Full Closure", "Organization Name": "Harlem One Stop Inc", "approved_start": "2024-06-22", "approved_end": "2024-08-31", "approved_days_per_week": 1, "weekly_approved_hours": 7.5, "total_approved_hours": 82.5, "monday_open_min": null, "monday_close_min": null, "monday_schedule": null, "tuesday_open_min": null, "tuesday_close_min": null, "tuesday_schedule": null, "wednesday_open_min": null, "wednesday_close_min": null, "wednesday_schedule": null, "thursday_open_min": null, "thursday_close_min": null, "thursday_schedule": null, "friday_open_min": null, "friday_close_min": null, "friday_schedule": null, "saturday_open_min": 660.0, "saturday_close_min": 1110.0, "saturday_schedule": "11:00\u201318:30", "sunday_open_min": null, "sunday_close_min": null, "sunday_schedule": null}, "geometry": {"type": "LineString", "coordinates": [[-73.94900611385265, 40.82331426967713], [-73.94969330201722, 40.823604000802945]]}}, {"type": "Feature", "properties": {"site_id": "OS081", "Approved On Street": "STRAUSS STREET", "Approved From Street": "RIVERDALE AVENUE", "Approved To Street": "NEWPORT STREET", "Borough Name": "Brooklyn", "program_type": "Full Closure: Schools", "Organization Name": "Riverdale Avenue Community School", "approved_start": "2024-09-05", "approved_end": "2025-06-27", "approved_days_per_week": 1, "weekly_approved_hours": 9.0, "total_approved_hours": 387.0, "monday_open_min": null, "monday_close_min": null, "monday_schedule": null, "tuesday_open_min": null, "tuesday_close_min": null, "tuesday_schedule": null, "wednesday_open_min": null, "wednesday_close_min": null, "wednesday_schedule": null, "thursday_open_min": null, "thursday_close_min": null, "thursday_schedule": null, "friday_open_min": 450.0, "friday_close_min": 990.0, "friday_schedule": "07:30\u201316:30", "saturday_open_min": null, "saturday_close_min": null, "saturday_schedule": null, "sunday_open_min": null, "sunday_close_min": null, "sunday_schedule": null}, "geometry": {"type": "LineString", "coordinates": [[-73.91413057983934, 40.66018143957461], [-73.91373611748729, 40.658645420771]]}}, {"type": "Feature", "properties": {"site_id": "OS082", "Approved On Street": "JEFFERSON AVENUE", "Approved From Street": "MALCOLM X BOULEVARD", "Approved To Street": "PATCHEN AVENUE", "Borough Name": "Brooklyn", "program_type": "Full Closure", "Organization Name": "The 700 Jefferson Avenue Block Association", "approved_start": "2024-01-13", "approved_end": "2024-12-31", "approved_days_per_week": 3, "weekly_approved_hours": 27.0, "total_approved_hours": 1368.0, "monday_open_min": null, "monday_close_min": null, "monday_schedule": null, "tuesday_open_min": null, "tuesday_close_min": null, "tuesday_schedule": null, "wednesday_open_min": null, "wednesday_close_min": null, "wednesday_schedule": null, "thursday_open_min": null, "thursday_close_min": null, "thursday_schedule": null, "friday_open_min": 720.0, "friday_close_min": 1260.0, "friday_schedule": "12:00\u201321:00", "saturday_open_min": 720.0, "saturday_close_min": 1260.0, "saturday_schedule": "12:00\u201321:00", "sunday_open_min": 720.0, "sunday_close_min": 1260.0, "sunday_schedule": "12:00\u201321:00"}, "geometry": {"type": "LineString", "coordinates": [[-73.92959057545474, 40.685635048797245], [-73.92667582495696, 40.68597069605679]]}}, {"type": "Feature", "properties": {"site_id": "OS083", "Approved On Street": "BRISTOL STREET", "Approved From Street": "DUMONT AVENUE", "Approved To Street": "BLAKE AVENUE", "Borough Name": "Brooklyn", "program_type": "Limited Local Access", "Organization Name": "NYC Department of Health and Mental Hygiene", "approved_start": "2024-04-22", "approved_end": "2024-09-23", "approved_days_per_week": 1, "weekly_approved_hours": 2.0, "total_approved_hours": 44.0, "monday_open_min": null, "monday_close_min": null, "monday_schedule": null, "tuesday_open_min": null, "tuesday_close_min": null, "tuesday_schedule": null, "wednesday_open_min": null, "wednesday_close_min": null, "wednesday_schedule": null, "thursday_open_min": null, "thursday_close_min": null, "thursday_schedule": null, "friday_open_min": 840.0, "friday_close_min": 960.0, "friday_schedule": "14:00\u201316:00", "saturday_open_min": null, "saturday_close_min": null, "saturday_schedule": null, "sunday_open_min": null, "sunday_close_min": null, "sunday_schedule": null}, "geometry": {"type": "LineString", "coordinates": [[-73.91155871838961, 40.66535035660432], [-73.91116635398302, 40.66381449359967]]}}, {"type": "Feature", "properties": {"site_id": "OS084", "Approved On Street": "THATFORD AVENUE", "Approved From Street": "BELMONT AVENUE", "Approved To Street": "DEAD END", "Borough Name": "Brooklyn", "program_type": "Full Closure", "Organization Name": "Justice Innovation Inc. d/b/a Center for Justice Innovation (Brownsville Community Justice Center)", "approved_start": "2024-03-18", "approved_end": "2024-12-18", "approved_days_per_week": 5, "weekly_approved_hours": 30.0, "total_approved_hours": 1188.0, "monday_open_min": 660.0, "monday_close_min": 1020.0, "monday_schedule": "11:00\u201317:00", "tuesday_open_min": 660.0, "tuesday_close_min": 1020.0, "tuesday_schedule": "11:00\u201317:00", "wednesday_open_min": 660.0, "wednesday_close_min": 1020.0, "wednesday_schedule": "11:00\u201317:00", "thursday_open_min": 660.0, "thursday_close_min": 1020.0, "thursday_schedule": "11:00\u201317:00", "friday_open_min": 660.0, "friday_close_min": 1020.0, "friday_schedule": "11:00\u201317:00", "saturday_open_min": null, "saturday_close_min": null, "saturday_schedule": null, "sunday_open_min": null, "sunday_close_min": null, "sunday_schedule": null}, "geometry": {"type": "LineString", "coordinates": [[-73.90947503847897, 40.6685605980344], [-73.90939058333187, 40.66821340961263]]}}, {"type": "Feature", "properties": {"site_id": "OS085", "Approved On Street": "WATKINS STREET", "Approved From Street": "BELMONT AVENUE", "Approved To Street": "DEAD END", "Borough Name": "Brooklyn", "program_type": "Full Closure", "Organization Name": "Justice Innovation Inc. d/b/a Center for Justice Innovation (Brownsville Community Justice Center)", "approved_start": "2024-03-18", "approved_end": "2024-12-18", "approved_days_per_week": 5, "weekly_approved_hours": 30.0, "total_approved_hours": 1188.0, "monday_open_min": 660.0, "monday_close_min": 1020.0, "monday_schedule": "11:00\u201317:00", "tuesday_open_min": 660.0, "tuesday_close_min": 1020.0, "tuesday_schedule": "11:00\u201317:00", "wednesday_open_min": 660.0, "wednesday_close_min": 1020.0, "wednesday_schedule": "11:00\u201317:00", "thursday_open_min": 660.0, "thursday_close_min": 1020.0, "thursday_schedule": "11:00\u201317:00", "friday_open_min": 660.0, "friday_close_min": 1020.0, "friday_schedule": "11:00\u201317:00", "saturday_open_min": null, "saturday_close_min": null, "saturday_schedule": null, "sunday_open_min": null, "sunday_close_min": null, "sunday_schedule": null}, "geometry": {"type": "LineString", "coordinates": [[-73.90763826491444, 40.66883142709046], [-73.90754834211101, 40.668485078514884]]}}, {"type": "Feature", "properties": {"site_id": "OS086", "Approved On Street": "SHARON STREET", "Approved From Street": "OLIVE STREET", "Approved To Street": "MORGAN AVENUE", "Borough Name": "Brooklyn", "program_type": "Limited Local Access", "Organization Name": "Sharon Street Block Association", "approved_start": "2024-02-01", "approved_end": "2024-12-31", "approved_days_per_week": 7, "weekly_approved_hours": 84.0, "total_approved_hours": 4020.0, "monday_open_min": 480.0, "monday_close_min": 1200.0, "monday_schedule": "08:00\u201320:00", "tuesday_open_min": 480.0, "tuesday_close_min": 1200.0, "tuesday_schedule": "08:00\u201320:00", "wednesday_open_min": 480.0, "wednesday_close_min": 1200.0, "wednesday_schedule": "08:00\u201320:00", "thursday_open_min": 480.0, "thursday_close_min": 1200.0, "thursday_schedule": "08:00\u201320:00", "friday_open_min": 480.0, "friday_close_min": 1200.0, "friday_schedule": "08:00\u201320:00", "saturday_open_min": 480.0, "saturday_close_min": 1200.0, "saturday_schedule": "08:00\u201320:00", "sunday_open_min": 480.0, "sunday_close_min": 1200.0, "sunday_schedule": "08:00\u201320:00"}, "geometry": {"type": "LineString", "coordinates": [[-73.93869574855565, 40.71532359170306], [-73.93561374082381, 40.715190930002485]]}}, {"type": "Feature", "properties": {"site_id": "OS087", "Approved On Street": "TROUTMAN STREET", "Approved From Street": "IRVING AVENUE", "Approved To Street": "ST NICHOLAS AVENUE", "Borough Name": "Brooklyn", "program_type": "Full Closure", "Organization Name": "Troutman Street Open Street Coalition", "approved_start": "2024-04-22", "approved_end": "2024-10-31", "approved_days_per_week": 2, "weekly_approved_hours": 24.0, "total_approved_hours": 648.0, "monday_open_min": null, "monday_close_min": null, "monday_schedule": null, "tuesday_open_min": null, "tuesday_close_min": null, "tuesday_schedule": null, "wednesday_open_min": null, "wednesday_close_min": null, "wednesday_schedule": null, "thursday_open_min": null, "thursday_close_min": null, "thursday_schedule": null, "friday_open_min": null, "friday_close_min": null, "friday_schedule": null, "saturday_open_min": 600.0, "saturday_close_min": 1320.0, "saturday_schedule": "10:00\u201322:00", "sunday_open_min": 600.0, "sunday_close_min": 1320.0, "sunday_schedule": "10:00\u201322:00"}, "geometry": {"type": "MultiLineString", "coordinates": [[[-73.92458598687635, 40.70482504099606], [-73.92286348621984, 40.706575593983075]], [[-73.92286348621984, 40.706575593983075], [-73.92176576884313, 40.70765242245752]]]}}, {"type": "Feature", "properties": {"site_id": "OS088", "Approved On Street": "88 AVENUE", "Approved From Street": "102 STREET", "Approved To Street": "104 STREET", "Borough Name": "Queens", "program_type": "Full Closure: Schools", "Organization Name": "Public School 273Q", "approved_start": "2024-09-05", "approved_end": "2025-06-27", "approved_days_per_week": 5, "weekly_approved_hours": 13.75, "total_approved_hours": 583.0, "monday_open_min": 660.0, "monday_close_min": 825.0, "monday_schedule": "11:00\u201313:45", "tuesday_open_min": 660.0, "tuesday_close_min": 825.0, "tuesday_schedule": "11:00\u201313:45", "wednesday_open_min": 660.0, "wednesday_close_min": 825.0, "wednesday_schedule": "11:00\u201313:45", "thursday_open_min": 660.0, "thursday_close_min": 825.0, "thursday_schedule": "11:00\u201313:45", "friday_open_min": 660.0, "friday_close_min": 825.0, "friday_schedule": "11:00\u201313:45", "saturday_open_min": null, "saturday_close_min": null, "saturday_schedule": null, "sunday_open_min": null, "sunday_close_min": null, "sunday_schedule": null}, "geometry": {"type": "LineString", "coordinates": [[-73.84470105325589, 40.69372569521913], [-73.84297466634008, 40.69421660032193]]}}, {"type": "Feature", "properties": {"site_id": "OS089", "Approved On Street": "141 STREET", "Approved From Street": "109 AVENUE", "Approved To Street": "LAKEWOOD AVENUE", "Borough Name": "Queens", "program_type": "Full Closure", "Organization Name": "JAMROCK JERK LLC", "approved_start": "2024-04-27", "approved_end": "2024-10-31", "approved_days_per_week": 3, "weekly_approved_hours": 31.95, "total_approved_hours": 854.6666666666665, "monday_open_min": null, "monday_close_min": null, "monday_schedule": null, "tuesday_open_min": null, "tuesday_close_min": null, "tuesday_schedule": null, "wednesday_open_min": null, "wednesday_close_min": null, "wednesday_schedule": null, "thursday_open_min": null, "thursday_close_min": null, "thursday_schedule": null, "friday_open_min": 960.0, "friday_close_min": 1439.0, "friday_schedule": "16:00\u201323:59", "saturday_open_min": 720.0, "saturday_close_min": 1439.0, "saturday_schedule": "12:00\u201323:59", "sunday_open_min": 720.0, "sunday_close_min": 1439.0, "sunday_schedule": "12:00\u201323:59"}, "geometry": {"type": "LineString", "coordinates": [[-73.80572163685346, 40.687826814713915], [-73.80529160225845, 40.6874503567212]]}}, {"type": "Feature", "properties": {"site_id": "OS090", "Approved On Street": "156 STREET", "Approved From Street": "108 AVENUE", "Approved To Street": "107 AVENUE", "Borough Name": "Queens", "program_type": "Limited Local Access", "Organization Name": "HOOD WORKS INC", "approved_start": "2024-06-01", "approved_end": "2024-09-28", "approved_days_per_week": 6, "weekly_approved_hours": 36.0, "total_approved_hours": 618.0, "monday_open_min": 600.0, "monday_close_min": 960.0, "monday_schedule": "10:00\u201316:00", "tuesday_open_min": 600.0, "tuesday_close_min": 960.0, "tuesday_schedule": "10:00\u201316:00", "wednesday_open_min": 600.0, "wednesday_close_min": 960.0, "wednesday_schedule": "10:00\u201316:00", "thursday_open_min": 600.0, "thursday_close_min": 960.0, "thursday_schedule": "10:00\u201316:00", "friday_open_min": 600.0, "friday_close_min": 960.0, "friday_schedule": "10:00\u201316:00", "saturday_open_min": 660.0, "saturday_close_min": 1020.0, "saturday_schedule": "11:00\u201317:00", "sunday_open_min": null, "sunday_close_min": null, "sunday_schedule": null}, "geometry": {"type": "LineString", "coordinates": [[-73.79748122395601, 40.696002128130765], [-73.7963233593598, 40.69441792491311]]}}, {"type": "Feature", "properties": {"site_id": "OS091", "Approved On Street": "165 STREET", "Approved From Street": "JAMAICA AVENUE", "Approved To Street": "89 AVENUE", "Borough Name": "Queens", "program_type": "Full Closure", "Organization Name": "Downtown Jamaica Partnership", "approved_start": "2024-05-01", "approved_end": "2024-12-31", "approved_days_per_week": 7, "weekly_approved_hours": 42.0, "total_approved_hours": 1470.0, "monday_open_min": 720.0, "monday_close_min": 1080.0, "monday_schedule": "12:00\u201318:00", "tuesday_open_min": 720.0, "tuesday_close_min": 1080.0, "tuesday_schedule": "12:00\u201318:00", "wednesday_open_min": 720.0, "wednesday_close_min": 1080.0, "wednesday_schedule": "12:00\u201318:00", "thursday_open_min": 720.0, "thursday_close_min": 1080.0, "thursday_schedule": "12:00\u201318:00", "friday_open_min": 720.0, "friday_close_min": 1080.0, "friday_schedule": "12:00\u201318:00", "saturday_open_min": 720.0, "saturday_close_min": 1080.0, "saturday_schedule": "12:00\u201318:00", "sunday_open_min": 720.0, "sunday_close_min": 1080.0, "sunday_schedule": "12:00\u201318:00"}, "geometry": {"type": "LineString", "coordinates": [[-73.79631660911042, 40.707723094187756], [-73.79489532788946, 40.70546074647533]]}}, {"type": "Feature", "properties": {"site_id": "OS092", "Approved On Street": "READS LANE", "Approved From Street": "CORNAGA AVENUE", "Approved To Street": "MEEHAN AVENUE", "Borough Name": "Queens", "program_type": "Limited Local Access", "Organization Name": "Kesher Bridging Communities", "approved_start": "2024-01-01", "approved_end": "2024-12-31", "approved_days_per_week": 3, "weekly_approved_hours": 19.5, "total_approved_hours": 1014.0, "monday_open_min": null, "monday_close_min": null, "monday_schedule": null, "tuesday_open_min": null, "tuesday_close_min": null, "tuesday_schedule": null, "wednesday_open_min": null, "wednesday_close_min": null, "wednesday_schedule": null, "thursday_open_min": null, "thursday_close_min": null, "thursday_schedule": null, "friday_open_min": 930.0, "friday_close_min": 1140.0, "friday_schedule": "15:30\u201319:00", "saturday_open_min": 480.0, "saturday_close_min": 1200.0, "saturday_schedule": "08:00\u201320:00", "sunday_open_min": 720.0, "sunday_close_min": 960.0, "sunday_schedule": "12:00\u201316:00"}, "geometry": {"type": "MultiLineString", "coordinates": [[[-73.74172925009412, 40.60229646816876], [-73.7422212556127, 40.602832647282256]], [[-73.73857551171513, 40.599682746564305], [-73.73915126556885, 40.600223605151974]], [[-73.74085553909852, 40.601563774943685], [-73.74103479536834, 40.601657863433545], [-73.74120343222454, 40.6017649520372], [-73.74135906031331, 40.601883934980876], [-73.74149963305324, 40.60201335426471], [-73.7416234474319, 40.60215149871765], [-73.74172925009412, 40.60229646816876]], [[-73.74029877895575, 40.6012191961911], [-73.74085553909852, 40.601563774943685]], [[-73.73972262865874, 40.60075423889453], [-73.74029877895575, 40.6012191961911]], [[-73.73915126556885, 40.600223605151974], [-73.73972262865874, 40.60075423889453]], [[-73.74260909897208, 40.60334336728362], [-73.74309047992499, 40.60385338463343]], [[-73.74230717277551, 40.60292487280628], [-73.74228813155858, 40.60297571972999]], [[-73.74228813155858, 40.60297571972999], [-73.74260909897208, 40.60334336728362]]]}}, {"type": "Feature", "properties": {"site_id": "OS093", "Approved On Street": "109 AVENUE", "Approved From Street": "203 STREET", "Approved To Street": "204 STREET", "Borough Name": "Queens", "program_type": "Full Closure: Schools", "Organization Name": "PS 134Q: Langston Hughes School", "approved_start": "2024-09-05", "approved_end": "2025-06-27", "approved_days_per_week": 5, "weekly_approved_hours": 20.0, "total_approved_hours": 848.0, "monday_open_min": 600.0, "monday_close_min": 840.0, "monday_schedule": "10:00\u201314:00", "tuesday_open_min": 600.0, "tuesday_close_min": 840.0, "tuesday_schedule": "10:00\u201314:00", "wednesday_open_min": 600.0, "wednesday_close_min": 840.0, "wednesday_schedule": "10:00\u201314:00", "thursday_open_min": 600.0, "thursday_close_min": 840.0, "thursday_schedule": "10:00\u201314:00", "friday_open_min": 600.0, "friday_close_min": 840.0, "friday_schedule": "10:00\u201314:00", "saturday_open_min": null, "saturday_close_min": null, "saturday_schedule": null, "sunday_open_min": null, "sunday_close_min": null, "sunday_schedule": null}, "geometry": {"type": "LineString", "coordinates": [[-73.7554168966385, 40.70796357270561], [-73.75452474163696, 40.70817695967671]]}}, {"type": "Feature", "properties": {"site_id": "OS094", "Approved On Street": "29 STREET", "Approved From Street": "47 AVENUE", "Approved To Street": "SKILLMAN AVENUE", "Borough Name": "Queens", "program_type": "Full Closure", "Organization Name": "LaGuardia Community College", "approved_start": "2024-05-01", "approved_end": "2024-11-01", "approved_days_per_week": 5, "weekly_approved_hours": 60.0, "total_approved_hours": 1596.0, "monday_open_min": 480.0, "monday_close_min": 1200.0, "monday_schedule": "08:00\u201320:00", "tuesday_open_min": 480.0, "tuesday_close_min": 1200.0, "tuesday_schedule": "08:00\u201320:00", "wednesday_open_min": 480.0, "wednesday_close_min": 1200.0, "wednesday_schedule": "08:00\u201320:00", "thursday_open_min": 480.0, "thursday_close_min": 1200.0, "thursday_schedule": "08:00\u201320:00", "friday_open_min": 480.0, "friday_close_min": 1200.0, "friday_schedule": "08:00\u201320:00", "saturday_open_min": null, "saturday_close_min": null, "saturday_schedule": null, "sunday_open_min": null, "sunday_close_min": null, "sunday_schedule": null}, "geometry": {"type": "LineString", "coordinates": [[-73.93825761873377, 40.74506843728699], [-73.93856966072069, 40.74341956883915]]}}, {"type": "Feature", "properties": {"site_id": "OS095", "Approved On Street": "37 STREET", "Approved From Street": "36 AVENUE", "Approved To Street": "35 AVENUE", "Borough Name": "Queens", "program_type": "Full Closure: Schools", "Organization Name": "Our World Neighborhood Charter School", "approved_start": "2024-09-05", "approved_end": "2025-06-27", "approved_days_per_week": 5, "weekly_approved_hours": 16.25, "total_approved_hours": 689.0, "monday_open_min": 600.0, "monday_close_min": 795.0, "monday_schedule": "10:00\u201313:15", "tuesday_open_min": 600.0, "tuesday_close_min": 795.0, "tuesday_schedule": "10:00\u201313:15", "wednesday_open_min": 600.0, "wednesday_close_min": 795.0, "wednesday_schedule": "10:00\u201313:15", "thursday_open_min": 600.0, "thursday_close_min": 795.0, "thursday_schedule": "10:00\u201313:15", "friday_open_min": 600.0, "friday_close_min": 795.0, "friday_schedule": "10:00\u201313:15", "saturday_open_min": null, "saturday_close_min": null, "saturday_schedule": null, "sunday_open_min": null, "sunday_close_min": null, "sunday_schedule": null}, "geometry": {"type": "LineString", "coordinates": [[-73.92370440142724, 40.75588003725904], [-73.92495400124389, 40.7543367511981]]}}, {"type": "Feature", "properties": {"site_id": "OS096", "Approved On Street": "31 AVENUE", "Approved From Street": "33 STREET", "Approved To Street": "35 STREET", "Borough Name": "Queens", "program_type": "Full Closure", "Organization Name": "31st Ave Open Street Collective", "approved_start": "2024-04-06", "approved_end": "2024-12-29", "approved_days_per_week": 2, "weekly_approved_hours": 16.0, "total_approved_hours": 624.0, "monday_open_min": null, "monday_close_min": null, "monday_schedule": null, "tuesday_open_min": null, "tuesday_close_min": null, "tuesday_schedule": null, "wednesday_open_min": null, "wednesday_close_min": null, "wednesday_schedule": null, "thursday_open_min": null, "thursday_close_min": null, "thursday_schedule": null, "friday_open_min": null, "friday_close_min": null, "friday_schedule": null, "saturday_open_min": 720.0, "saturday_close_min": 1200.0, "saturday_schedule": "12:00\u201320:00", "sunday_open_min": 720.0, "sunday_close_min": 1200.0, "sunday_schedule": "12:00\u201320:00"}, "geometry": {"type": "MultiLineString", "coordinates": [[[-73.92188016164027, 40.76357438580629], [-73.92108063899165, 40.76319941199185]], [[-73.92108063899165, 40.76319941199185], [-73.92028343686519, 40.76282270343773]]]}}, {"type": "Feature", "properties": {"site_id": "OS097", "Approved On Street": "EAST 115 STREET", "Approved From Street": "PLEASANT AVENUE", "Approved To Street": "1 AVENUE", "Borough Name": "Manhattan", "program_type": "Full Closure", "Organization Name": "Salsa Stories", "approved_start": "2024-07-20", "approved_end": "2024-08-24", "approved_days_per_week": 1, "weekly_approved_hours": 4.0, "total_approved_hours": 24.0, "monday_open_min": null, "monday_close_min": null, "monday_schedule": null, "tuesday_open_min": null, "tuesday_close_min": null, "tuesday_schedule": null, "wednesday_open_min": null, "wednesday_close_min": null, "wednesday_schedule": null, "thursday_open_min": null, "thursday_close_min": null, "thursday_schedule": null, "friday_open_min": null, "friday_close_min": null, "friday_schedule": null, "saturday_open_min": 1020.0, "saturday_close_min": 1260.0, "saturday_schedule": "17:00\u201321:00", "sunday_open_min": null, "sunday_close_min": null, "sunday_schedule": null}, "geometry": {"type": "LineString", "coordinates": [[-73.93591227007374, 40.79531183757365], [-73.93364741404376, 40.7943765032474]]}}, {"type": "Feature", "properties": {"site_id": "OS098", "Approved On Street": "NEWTOWN AVENUE", "Approved From Street": "23 STREET", "Approved To Street": "CRESCENT STREET", "Borough Name": "Queens", "program_type": "Full Closure: Schools", "Organization Name": "The Young Women\u2019s Leadership School of Astoria", "approved_start": "2024-03-11", "approved_end": "2025-06-27", "approved_days_per_week": 5, "weekly_approved_hours": 45.0, "total_approved_hours": 3060.0, "monday_open_min": 450.0, "monday_close_min": 990.0, "monday_schedule": "07:30\u201316:30", "tuesday_open_min": 450.0, "tuesday_close_min": 990.0, "tuesday_schedule": "07:30\u201316:30", "wednesday_open_min": 450.0, "wednesday_close_min": 990.0, "wednesday_schedule": "07:30\u201316:30", "thursday_open_min": 450.0, "thursday_close_min": 990.0, "thursday_schedule": "07:30\u201316:30", "friday_open_min": 450.0, "friday_close_min": 990.0, "friday_schedule": "07:30\u201316:30", "saturday_open_min": null, "saturday_close_min": null, "saturday_schedule": null, "sunday_open_min": null, "sunday_close_min": null, "sunday_schedule": null}, "geometry": {"type": "LineString", "coordinates": [[-73.92478315052978, 40.771354772176636], [-73.92363353401703, 40.770427523887854]]}}, {"type": "Feature", "properties": {"site_id": "OS099", "Approved On Street": "23 STREET", "Approved From Street": "NEWTOWN AVENUE", "Approved To Street": "ASTORIA BOULEVARD", "Borough Name": "Queens", "program_type": "Full Closure: Schools", "Organization Name": "The Young Women\u2019s Leadership School of Astoria", "approved_start": "2024-04-01", "approved_end": "2025-06-27", "approved_days_per_week": 5, "weekly_approved_hours": 22.5, "total_approved_hours": 1462.5, "monday_open_min": 600.0, "monday_close_min": 870.0, "monday_schedule": "10:00\u201314:30", "tuesday_open_min": 600.0, "tuesday_close_min": 870.0, "tuesday_schedule": "10:00\u201314:30", "wednesday_open_min": 600.0, "wednesday_close_min": 870.0, "wednesday_schedule": "10:00\u201314:30", "thursday_open_min": 600.0, "thursday_close_min": 870.0, "thursday_schedule": "10:00\u201314:30", "friday_open_min": 600.0, "friday_close_min": 870.0, "friday_schedule": "10:00\u201314:30", "saturday_open_min": null, "saturday_close_min": null, "saturday_schedule": null, "sunday_open_min": null, "sunday_close_min": null, "sunday_schedule": null}, "geometry": {"type": "LineString", "coordinates": [[-73.92444128039068, 40.77177595709695], [-73.92478315052978, 40.771354772176636]]}}, {"type": "Feature", "properties": {"site_id": "OS100", "Approved On Street": "WEST 142 STREET", "Approved From Street": "CHISUM PLACE", "Approved To Street": "5 AVENUE", "Borough Name": "Manhattan", "program_type": "Full Closure: Schools", "Organization Name": "Global Community Charter School", "approved_start": "2024-09-05", "approved_end": "2025-06-27", "approved_days_per_week": 5, "weekly_approved_hours": 22.5, "total_approved_hours": 954.0, "monday_open_min": 630.0, "monday_close_min": 900.0, "monday_schedule": "10:30\u201315:00", "tuesday_open_min": 630.0, "tuesday_close_min": 900.0, "tuesday_schedule": "10:30\u201315:00", "wednesday_open_min": 630.0, "wednesday_close_min": 900.0, "wednesday_schedule": "10:30\u201315:00", "thursday_open_min": 630.0, "thursday_close_min": 900.0, "thursday_schedule": "10:30\u201315:00", "friday_open_min": 630.0, "friday_close_min": 900.0, "friday_schedule": "10:30\u201315:00", "saturday_open_min": null, "saturday_close_min": null, "saturday_schedule": null, "sunday_open_min": null, "sunday_close_min": null, "sunday_schedule": null}, "geometry": {"type": "LineString", "coordinates": [[-73.93445400187738, 40.81718852805841], [-73.9359602751406, 40.81779301086131]]}}, {"type": "Feature", "properties": {"site_id": "OS101", "Approved On Street": "RAE STREET", "Approved From Street": "ST ANNS AVENUE", "Approved To Street": "DEAD END", "Borough Name": "Bronx", "program_type": "Full Closure", "Organization Name": "I Challenge Myself", "approved_start": "2024-05-04", "approved_end": "2024-05-25", "approved_days_per_week": 1, "weekly_approved_hours": 3.0, "total_approved_hours": 12.0, "monday_open_min": null, "monday_close_min": null, "monday_schedule": null, "tuesday_open_min": null, "tuesday_close_min": null, "tuesday_schedule": null, "wednesday_open_min": null, "wednesday_close_min": null, "wednesday_schedule": null, "thursday_open_min": null, "thursday_close_min": null, "thursday_schedule": null, "friday_open_min": null, "friday_close_min": null, "friday_schedule": null, "saturday_open_min": 720.0, "saturday_close_min": 900.0, "saturday_schedule": "12:00\u201315:00", "sunday_open_min": null, "sunday_close_min": null, "sunday_schedule": null}, "geometry": {"type": "LineString", "coordinates": [[-73.9123517611332, 40.81750957837833], [-73.91138050181156, 40.817372564651464]]}}, {"type": "Feature", "properties": {"site_id": "OS102", "Approved On Street": "RAE STREET", "Approved From Street": "DEAD END", "Approved To Street": "ST ANNS AVENUE", "Borough Name": "Bronx", "program_type": "Limited Local Access", "Organization Name": "I Challenge Myself", "approved_start": "2024-07-08", "approved_end": "2024-08-02", "approved_days_per_week": 5, "weekly_approved_hours": 10.0, "total_approved_hours": 40.0, "monday_open_min": 840.0, "monday_close_min": 960.0, "monday_schedule": "14:00\u201316:00", "tuesday_open_min": 840.0, "tuesday_close_min": 960.0, "tuesday_schedule": "14:00\u201316:00", "wednesday_open_min": 840.0, "wednesday_close_min": 960.0, "wednesday_schedule": "14:00\u201316:00", "thursday_open_min": 840.0, "thursday_close_min": 960.0, "thursday_schedule": "14:00\u201316:00", "friday_open_min": 840.0, "friday_close_min": 960.0, "friday_schedule": "14:00\u201316:00", "saturday_open_min": null, "saturday_close_min": null, "saturday_schedule": null, "sunday_open_min": null, "sunday_close_min": null, "sunday_schedule": null}, "geometry": {"type": "LineString", "coordinates": [[-73.9123517611332, 40.81750957837833], [-73.91138050181156, 40.817372564651464]]}}, {"type": "Feature", "properties": {"site_id": "OS103", "Approved On Street": "EAST 150 STREET", "Approved From Street": "CONCORD AVENUE", "Approved To Street": "WALES AVENUE", "Borough Name": "Bronx", "program_type": "Full Closure: Schools", "Organization Name": "PS/MS 5 Port Morris School of Community Leadership", "approved_start": "2024-03-01", "approved_end": "2025-06-27", "approved_days_per_week": 5, "weekly_approved_hours": 40.0, "total_approved_hours": 2768.0, "monday_open_min": 480.0, "monday_close_min": 960.0, "monday_schedule": "08:00\u201316:00", "tuesday_open_min": 480.0, "tuesday_close_min": 960.0, "tuesday_schedule": "08:00\u201316:00", "wednesday_open_min": 480.0, "wednesday_close_min": 960.0, "wednesday_schedule": "08:00\u201316:00", "thursday_open_min": 480.0, "thursday_close_min": 960.0, "thursday_schedule": "08:00\u201316:00", "friday_open_min": 480.0, "friday_close_min": 960.0, "friday_schedule": "08:00\u201316:00", "saturday_open_min": null, "saturday_close_min": null, "saturday_schedule": null, "sunday_open_min": null, "sunday_close_min": null, "sunday_schedule": null}, "geometry": {"type": "LineString", "coordinates": [[-73.90786782004743, 40.8138344585595], [-73.90696621330879, 40.813651905174495]]}}, {"type": "Feature", "properties": {"site_id": "OS104", "Approved On Street": "WADSWORTH AVENUE", "Approved From Street": "WEST 182 STREET", "Approved To Street": "WEST 183 STREET", "Borough Name": "Manhattan", "program_type": "Full Closure: Schools", "Organization Name": "PS 528 Bea Fuller Rogers School", "approved_start": "2024-04-01", "approved_end": "2025-06-27", "approved_days_per_week": 5, "weekly_approved_hours": 17.5, "total_approved_hours": 1137.5, "monday_open_min": 600.0, "monday_close_min": 810.0, "monday_schedule": "10:00\u201313:30", "tuesday_open_min": 600.0, "tuesday_close_min": 810.0, "tuesday_schedule": "10:00\u201313:30", "wednesday_open_min": 600.0, "wednesday_close_min": 810.0, "wednesday_schedule": "10:00\u201313:30", "thursday_open_min": 600.0, "thursday_close_min": 810.0, "thursday_schedule": "10:00\u201313:30", "friday_open_min": 600.0, "friday_close_min": 810.0, "friday_schedule": "10:00\u201313:30", "saturday_open_min": null, "saturday_close_min": null, "saturday_schedule": null, "sunday_open_min": null, "sunday_close_min": null, "sunday_schedule": null}, "geometry": {"type": "LineString", "coordinates": [[-73.93454397331827, 40.85041663405527], [-73.93409858262933, 40.851021285858366]]}}, {"type": "Feature", "properties": {"site_id": "OS105", "Approved On Street": "WEST 182 STREET", "Approved From Street": "AMSTERDAM AVENUE", "Approved To Street": "AUDUBON AVENUE", "Borough Name": "Manhattan", "program_type": "Full Closure: Schools", "Organization Name": "Futures Ignite", "approved_start": "2024-04-01", "approved_end": "2024-10-25", "approved_days_per_week": 2, "weekly_approved_hours": 18.0, "total_approved_hours": 540.0, "monday_open_min": null, "monday_close_min": null, "monday_schedule": null, "tuesday_open_min": null, "tuesday_close_min": null, "tuesday_schedule": null, "wednesday_open_min": 480.0, "wednesday_close_min": 1020.0, "wednesday_schedule": "08:00\u201317:00", "thursday_open_min": null, "thursday_close_min": null, "thursday_schedule": null, "friday_open_min": 480.0, "friday_close_min": 1020.0, "friday_schedule": "08:00\u201317:00", "saturday_open_min": null, "saturday_close_min": null, "saturday_schedule": null, "sunday_open_min": null, "sunday_close_min": null, "sunday_schedule": null}, "geometry": {"type": "LineString", "coordinates": [[-73.93046666804214, 40.84869746135779], [-73.9319167907235, 40.84930859793181]]}}, {"type": "Feature", "properties": {"site_id": "OS106", "Approved On Street": "WALTON AVENUE", "Approved From Street": "EAST 167 STREET", "Approved To Street": "EAST 168 STREET", "Borough Name": "Bronx", "program_type": "Full Closure", "Organization Name": "WHEDCo/P.S./I.S. 218", "approved_start": "2024-07-02", "approved_end": "2024-08-16", "approved_days_per_week": 4, "weekly_approved_hours": 22.0, "total_approved_hours": 148.5, "monday_open_min": 690.0, "monday_close_min": 1020.0, "monday_schedule": "11:30\u201317:00", "tuesday_open_min": 690.0, "tuesday_close_min": 1020.0, "tuesday_schedule": "11:30\u201317:00", "wednesday_open_min": 690.0, "wednesday_close_min": 1020.0, "wednesday_schedule": "11:30\u201317:00", "thursday_open_min": 690.0, "thursday_close_min": 1020.0, "thursday_schedule": "11:30\u201317:00", "friday_open_min": null, "friday_close_min": null, "friday_schedule": null, "saturday_open_min": null, "saturday_close_min": null, "saturday_schedule": null, "sunday_open_min": null, "sunday_close_min": null, "sunday_schedule": null}, "geometry": {"type": "LineString", "coordinates": [[-73.91945523086237, 40.83509990027467], [-73.91841189089796, 40.8364392185593]]}}, {"type": "Feature", "properties": {"site_id": "OS107", "Approved On Street": "GOBLE PLACE", "Approved From Street": "JEROME AVENUE", "Approved To Street": "INWOOD AVENUE", "Borough Name": "Bronx", "program_type": "Full Closure", "Organization Name": "New Settlement", "approved_start": "2024-04-20", "approved_end": "2024-06-15", "approved_days_per_week": 1, "weekly_approved_hours": 8.0, "total_approved_hours": 72.0, "monday_open_min": null, "monday_close_min": null, "monday_schedule": null, "tuesday_open_min": null, "tuesday_close_min": null, "tuesday_schedule": null, "wednesday_open_min": null, "wednesday_close_min": null, "wednesday_schedule": null, "thursday_open_min": null, "thursday_close_min": null, "thursday_schedule": null, "friday_open_min": null, "friday_close_min": null, "friday_schedule": null, "saturday_open_min": 540.0, "saturday_close_min": 1020.0, "saturday_schedule": "09:00\u201317:00", "sunday_open_min": null, "sunday_close_min": null, "sunday_schedule": null}, "geometry": {"type": "LineString", "coordinates": [[-73.91655582435216, 40.84382242458248], [-73.91544686047185, 40.84336763342391]]}}, {"type": "Feature", "properties": {"site_id": "OS108", "Approved On Street": "AUDUBON AVENUE", "Approved From Street": "WEST 189 STREET", "Approved To Street": "WEST 190 STREET", "Borough Name": "Manhattan", "program_type": "Full Closure", "Organization Name": "Connectemonos", "approved_start": "2024-07-10", "approved_end": "2024-08-09", "approved_days_per_week": 3, "weekly_approved_hours": 18.0, "total_approved_hours": 90.0, "monday_open_min": null, "monday_close_min": null, "monday_schedule": null, "tuesday_open_min": null, "tuesday_close_min": null, "tuesday_schedule": null, "wednesday_open_min": 660.0, "wednesday_close_min": 1020.0, "wednesday_schedule": "11:00\u201317:00", "thursday_open_min": 660.0, "thursday_close_min": 1020.0, "thursday_schedule": "11:00\u201317:00", "friday_open_min": 660.0, "friday_close_min": 1020.0, "friday_schedule": "11:00\u201317:00", "saturday_open_min": null, "saturday_close_min": null, "saturday_schedule": null, "sunday_open_min": null, "sunday_close_min": null, "sunday_schedule": null}, "geometry": {"type": "LineString", "coordinates": [[-73.92869147619706, 40.85372289491013], [-73.92825425798922, 40.85432143257046]]}}, {"type": "Feature", "properties": {"site_id": "OS109", "Approved On Street": "ACADEMY STREET", "Approved From Street": "BROADWAY", "Approved To Street": "VERMILYEA AVENUE", "Borough Name": "Manhattan", "program_type": "Full Closure", "Organization Name": "Community League of the Heights (CLOTH)", "approved_start": "2024-07-08", "approved_end": "2024-08-16", "approved_days_per_week": 5, "weekly_approved_hours": 40.0, "total_approved_hours": 240.0, "monday_open_min": 480.0, "monday_close_min": 960.0, "monday_schedule": "08:00\u201316:00", "tuesday_open_min": 480.0, "tuesday_close_min": 960.0, "tuesday_schedule": "08:00\u201316:00", "wednesday_open_min": 480.0, "wednesday_close_min": 960.0, "wednesday_schedule": "08:00\u201316:00", "thursday_open_min": 480.0, "thursday_close_min": 960.0, "thursday_schedule": "08:00\u201316:00", "friday_open_min": 480.0, "friday_close_min": 960.0, "friday_schedule": "08:00\u201316:00", "saturday_open_min": null, "saturday_close_min": null, "saturday_schedule": null, "sunday_open_min": null, "sunday_close_min": null, "sunday_schedule": null}, "geometry": {"type": "LineString", "coordinates": [[-73.92438411016889, 40.86536547539443], [-73.92500420676517, 40.866336544731915]]}}, {"type": "Feature", "properties": {"site_id": "OS110", "Approved On Street": "ACADEMY STREET", "Approved From Street": "BROADWAY", "Approved To Street": "VERMILYEA AVENUE", "Borough Name": "Manhattan", "program_type": "Full Closure: Schools", "Organization Name": "Muscota New School/Amistad", "approved_start": "2024-09-05", "approved_end": "2025-06-27", "approved_days_per_week": 5, "weekly_approved_hours": 17.5, "total_approved_hours": 742.0, "monday_open_min": 600.0, "monday_close_min": 810.0, "monday_schedule": "10:00\u201313:30", "tuesday_open_min": 600.0, "tuesday_close_min": 810.0, "tuesday_schedule": "10:00\u201313:30", "wednesday_open_min": 600.0, "wednesday_close_min": 810.0, "wednesday_schedule": "10:00\u201313:30", "thursday_open_min": 600.0, "thursday_close_min": 810.0, "thursday_schedule": "10:00\u201313:30", "friday_open_min": 600.0, "friday_close_min": 810.0, "friday_schedule": "10:00\u201313:30", "saturday_open_min": null, "saturday_close_min": null, "saturday_schedule": null, "sunday_open_min": null, "sunday_close_min": null, "sunday_schedule": null}, "geometry": {"type": "LineString", "coordinates": [[-73.92438411016889, 40.86536547539443], [-73.92500420676517, 40.866336544731915]]}}, {"type": "Feature", "properties": {"site_id": "OS111", "Approved On Street": "COOPER STREET", "Approved From Street": "WEST 207 STREET", "Approved To Street": "ISHAM STREET", "Borough Name": "Manhattan", "program_type": "Full Closure: Schools", "Organization Name": "School in the Square", "approved_start": "2024-07-01", "approved_end": "2025-06-27", "approved_days_per_week": 3, "weekly_approved_hours": 9.0, "total_approved_hours": 468.0, "monday_open_min": 600.0, "monday_close_min": 780.0, "monday_schedule": "10:00\u201313:00", "tuesday_open_min": 600.0, "tuesday_close_min": 780.0, "tuesday_schedule": "10:00\u201313:00", "wednesday_open_min": null, "wednesday_close_min": null, "wednesday_schedule": null, "thursday_open_min": null, "thursday_close_min": null, "thursday_schedule": null, "friday_open_min": 600.0, "friday_close_min": 780.0, "friday_schedule": "10:00\u201313:00", "saturday_open_min": null, "saturday_close_min": null, "saturday_schedule": null, "sunday_open_min": null, "sunday_close_min": null, "sunday_schedule": null}, "geometry": {"type": "LineString", "coordinates": [[-73.9217261317312, 40.86849673949897], [-73.92031958337313, 40.86900013984727]]}}, {"type": "Feature", "properties": {"site_id": "OS112", "Approved On Street": "72 STREET", "Approved From Street": "WOODSIDE AVENUE", "Approved To Street": "43 AVENUE", "Borough Name": "Queens", "program_type": "Full Closure: Schools", "Organization Name": "P.S. 012 James B. Colgate", "approved_start": "2024-09-05", "approved_end": "2025-06-27", "approved_days_per_week": 5, "weekly_approved_hours": 35.0, "total_approved_hours": 1484.0, "monday_open_min": 450.0, "monday_close_min": 870.0, "monday_schedule": "07:30\u201314:30", "tuesday_open_min": 450.0, "tuesday_close_min": 870.0, "tuesday_schedule": "07:30\u201314:30", "wednesday_open_min": 450.0, "wednesday_close_min": 870.0, "wednesday_schedule": "07:30\u201314:30", "thursday_open_min": 450.0, "thursday_close_min": 870.0, "thursday_schedule": "07:30\u201314:30", "friday_open_min": 450.0, "friday_close_min": 870.0, "friday_schedule": "07:30\u201314:30", "saturday_open_min": null, "saturday_close_min": null, "saturday_schedule": null, "sunday_open_min": null, "sunday_close_min": null, "sunday_schedule": null}, "geometry": {"type": "LineString", "coordinates": [[-73.89282064638911, 40.74274053441509], [-73.89265983373296, 40.742030766635594]]}}, {"type": "Feature", "properties": {"site_id": "OS113", "Approved On Street": "62 STREET", "Approved From Street": "WOODSIDE AVENUE", "Approved To Street": "DEAD END", "Borough Name": "Queens", "program_type": "Full Closure", "Organization Name": "Korean Art Forum, Inc (aka. Korea Art Forum)", "approved_start": "2024-03-31", "approved_end": "2024-04-21", "approved_days_per_week": 1, "weekly_approved_hours": 6.0, "total_approved_hours": 24.0, "monday_open_min": null, "monday_close_min": null, "monday_schedule": null, "tuesday_open_min": null, "tuesday_close_min": null, "tuesday_schedule": null, "wednesday_open_min": null, "wednesday_close_min": null, "wednesday_schedule": null, "thursday_open_min": null, "thursday_close_min": null, "thursday_schedule": null, "friday_open_min": null, "friday_close_min": null, "friday_schedule": null, "saturday_open_min": null, "saturday_close_min": null, "saturday_schedule": null, "sunday_open_min": 720.0, "sunday_close_min": 1080.0, "sunday_schedule": "12:00\u201318:00"}, "geometry": {"type": "LineString", "coordinates": [[-73.90242842531859, 40.745069555971476], [-73.9026255991796, 40.74463255361594]]}}, {"type": "Feature", "properties": {"site_id": "OS114", "Approved On Street": "WOODSIDE AVENUE", "Approved From Street": "76 STREET", "Approved To Street": "79 STREET", "Borough Name": "Queens", "program_type": "Full Closure", "Organization Name": "Thai Community USA NYC", "approved_start": "2024-04-20", "approved_end": "2024-11-02", "approved_days_per_week": 1, "weekly_approved_hours": 8.0, "total_approved_hours": 232.0, "monday_open_min": null, "monday_close_min": null, "monday_schedule": null, "tuesday_open_min": null, "tuesday_close_min": null, "tuesday_schedule": null, "wednesday_open_min": null, "wednesday_close_min": null, "wednesday_schedule": null, "thursday_open_min": null, "thursday_close_min": null, "thursday_schedule": null, "friday_open_min": null, "friday_close_min": null, "friday_schedule": null, "saturday_open_min": 690.0, "saturday_close_min": 1170.0, "saturday_schedule": "11:30\u201319:30", "sunday_open_min": null, "sunday_close_min": null, "sunday_schedule": null}, "geometry": {"type": "MultiLineString", "coordinates": [[[-73.88886955122378, 40.74339932017701], [-73.88798650843741, 40.74354819213172]], [[-73.88798650843741, 40.74354819213172], [-73.88709844069113, 40.74367591747939]], [[-73.88709844069113, 40.74367591747939], [-73.88620818000958, 40.74377540290299]]]}}, {"type": "Feature", "properties": {"site_id": "OS115", "Approved On Street": "BRITTON AVENUE", "Approved From Street": "HAMPTON STREET", "Approved To Street": "GLEANE STREET", "Borough Name": "Queens", "program_type": "Full Closure: Schools", "Organization Name": "PS89Q: The Jose Peralta School of Dreamers (24Q089)", "approved_start": "2024-07-05", "approved_end": "2025-06-27", "approved_days_per_week": 5, "weekly_approved_hours": 32.083333333333336, "total_approved_hours": 1642.6666666666667, "monday_open_min": 465.0, "monday_close_min": 850.0, "monday_schedule": "07:45\u201314:10", "tuesday_open_min": 465.0, "tuesday_close_min": 850.0, "tuesday_schedule": "07:45\u201314:10", "wednesday_open_min": 465.0, "wednesday_close_min": 850.0, "wednesday_schedule": "07:45\u201314:10", "thursday_open_min": 465.0, "thursday_close_min": 850.0, "thursday_schedule": "07:45\u201314:10", "friday_open_min": 465.0, "friday_close_min": 850.0, "friday_schedule": "07:45\u201314:10", "saturday_open_min": null, "saturday_close_min": null, "saturday_schedule": null, "sunday_open_min": null, "sunday_close_min": null, "sunday_schedule": null}, "geometry": {"type": "LineString", "coordinates": [[-73.88028404017506, 40.7458354137675], [-73.87981764520957, 40.74644190599732]]}}, {"type": "Feature", "properties": {"site_id": "OS116", "Approved On Street": "94 STREET", "Approved From Street": "BENHAM STREET", "Approved To Street": "40 DRIVE", "Borough Name": "Queens", "program_type": "Full Closure: Schools", "Organization Name": "Moving Up Children Center", "approved_start": "2024-09-05", "approved_end": "2025-06-27", "approved_days_per_week": 5, "weekly_approved_hours": 20.0, "total_approved_hours": 848.0, "monday_open_min": 480.0, "monday_close_min": 720.0, "monday_schedule": "08:00\u201312:00", "tuesday_open_min": 480.0, "tuesday_close_min": 720.0, "tuesday_schedule": "08:00\u201312:00", "wednesday_open_min": 480.0, "wednesday_close_min": 720.0, "wednesday_schedule": "08:00\u201312:00", "thursday_open_min": 480.0, "thursday_close_min": 720.0, "thursday_schedule": "08:00\u201312:00", "friday_open_min": 480.0, "friday_close_min": 720.0, "friday_schedule": "08:00\u201312:00", "saturday_open_min": null, "saturday_close_min": null, "saturday_schedule": null, "sunday_open_min": null, "sunday_close_min": null, "sunday_schedule": null}, "geometry": {"type": "LineString", "coordinates": [[-73.87206844655077, 40.74748065043448], [-73.87196437526234, 40.74698438319568]]}}, {"type": "Feature", "properties": {"site_id": "OS117", "Approved On Street": "LONGFELLOW AVENUE", "Approved From Street": "LAFAYETTE AVENUE", "Approved To Street": "SPOFFORD AVENUE", "Borough Name": "Bronx", "program_type": "Full Closure: Schools", "Organization Name": "Leaders In Our Neighborhood Charter School", "approved_start": "2024-09-05", "approved_end": "2025-06-27", "approved_days_per_week": 5, "weekly_approved_hours": 10.0, "total_approved_hours": 424.0, "monday_open_min": 660.0, "monday_close_min": 780.0, "monday_schedule": "11:00\u201313:00", "tuesday_open_min": 660.0, "tuesday_close_min": 780.0, "tuesday_schedule": "11:00\u201313:00", "wednesday_open_min": 660.0, "wednesday_close_min": 780.0, "wednesday_schedule": "11:00\u201313:00", "thursday_open_min": 660.0, "thursday_close_min": 780.0, "thursday_schedule": "11:00\u201313:00", "friday_open_min": 660.0, "friday_close_min": 780.0, "friday_schedule": "11:00\u201313:00", "saturday_open_min": null, "saturday_close_min": null, "saturday_schedule": null, "sunday_open_min": null, "sunday_close_min": null, "sunday_schedule": null}, "geometry": {"type": "LineString", "coordinates": [[-73.88464175169496, 40.81478227806044], [-73.8852397045974, 40.81707010272991]]}}, {"type": "Feature", "properties": {"site_id": "OS118", "Approved On Street": "JENNINGS STREET", "Approved From Street": "PROSPECT AVENUE", "Approved To Street": "CHISHOLM STREET", "Borough Name": "Bronx", "program_type": "Full Closure", "Organization Name": "Caldwell Enrichment Program Inc.", "approved_start": "2024-06-08", "approved_end": "2024-10-31", "approved_days_per_week": 6, "weekly_approved_hours": 46.0, "total_approved_hours": 958.0, "monday_open_min": 660.0, "monday_close_min": 1140.0, "monday_schedule": "11:00\u201319:00", "tuesday_open_min": 660.0, "tuesday_close_min": 1140.0, "tuesday_schedule": "11:00\u201319:00", "wednesday_open_min": 660.0, "wednesday_close_min": 1140.0, "wednesday_schedule": "11:00\u201319:00", "thursday_open_min": 660.0, "thursday_close_min": 1140.0, "thursday_schedule": "11:00\u201319:00", "friday_open_min": 660.0, "friday_close_min": 1140.0, "friday_schedule": "11:00\u201319:00", "saturday_open_min": 780.0, "saturday_close_min": 1140.0, "saturday_schedule": "13:00\u201319:00", "sunday_open_min": null, "sunday_close_min": null, "sunday_schedule": null}, "geometry": {"type": "LineString", "coordinates": [[-73.89669216111301, 40.831966143871924], [-73.89587182341708, 40.832047594302374]]}}, {"type": "Feature", "properties": {"site_id": "OS119", "Approved On Street": "BATHGATE AVENUE", "Approved From Street": "EAST 182 STREET", "Approved To Street": "EAST 181 STREET", "Borough Name": "Bronx", "program_type": "Full Closure: Schools", "Organization Name": "PS 59 Community School of Technology", "approved_start": "2024-09-05", "approved_end": "2025-06-27", "approved_days_per_week": 1, "weekly_approved_hours": 9.0, "total_approved_hours": 378.0, "monday_open_min": 450.0, "monday_close_min": 990.0, "monday_schedule": "07:30\u201316:30", "tuesday_open_min": null, "tuesday_close_min": null, "tuesday_schedule": null, "wednesday_open_min": null, "wednesday_close_min": null, "wednesday_schedule": null, "thursday_open_min": null, "thursday_close_min": null, "thursday_schedule": null, "friday_open_min": null, "friday_close_min": null, "friday_schedule": null, "saturday_open_min": null, "saturday_close_min": null, "saturday_schedule": null, "sunday_open_min": null, "sunday_close_min": null, "sunday_schedule": null}, "geometry": {"type": "LineString", "coordinates": [[-73.89431774086066, 40.851891311259045], [-73.89307140956154, 40.85324998666093]]}}, {"type": "Feature", "properties": {"site_id": "OS120", "Approved On Street": "BEAUMONT AVENUE", "Approved From Street": "EAST 183 STREET", "Approved To Street": "GROTE STREET", "Borough Name": "Bronx", "program_type": "Full Closure: Schools", "Organization Name": "P.S. 32 The Belmont School", "approved_start": "2024-03-01", "approved_end": "2025-06-27", "approved_days_per_week": 1, "weekly_approved_hours": 8.0, "total_approved_hours": 552.0, "monday_open_min": null, "monday_close_min": null, "monday_schedule": null, "tuesday_open_min": 480.0, "tuesday_close_min": 960.0, "tuesday_schedule": "08:00\u201316:00", "wednesday_open_min": null, "wednesday_close_min": null, "wednesday_schedule": null, "thursday_open_min": null, "thursday_close_min": null, "thursday_schedule": null, "friday_open_min": null, "friday_close_min": null, "friday_schedule": null, "saturday_open_min": null, "saturday_close_min": null, "saturday_schedule": null, "sunday_open_min": null, "sunday_close_min": null, "sunday_schedule": null}, "geometry": {"type": "LineString", "coordinates": [[-73.8859505832068, 40.85118433571493], [-73.88554330591762, 40.851998256449555]]}}, {"type": "Feature", "properties": {"site_id": "OS121", "Approved On Street": "EVELYN PLACE", "Approved From Street": "GRAND AVENUE", "Approved To Street": "AQUEDUCT AVENUE EAST", "Borough Name": "Bronx", "program_type": "Full Closure", "Organization Name": "I AM MY COMMUNITY INC", "approved_start": "2024-05-11", "approved_end": "2024-11-30", "approved_days_per_week": 7, "weekly_approved_hours": 91.0, "total_approved_hours": 2652.0, "monday_open_min": 480.0, "monday_close_min": 1260.0, "monday_schedule": "08:00\u201321:00", "tuesday_open_min": 480.0, "tuesday_close_min": 1260.0, "tuesday_schedule": "08:00\u201321:00", "wednesday_open_min": 480.0, "wednesday_close_min": 1260.0, "wednesday_schedule": "08:00\u201321:00", "thursday_open_min": 480.0, "thursday_close_min": 1260.0, "thursday_schedule": "08:00\u201321:00", "friday_open_min": 480.0, "friday_close_min": 1260.0, "friday_schedule": "08:00\u201321:00", "saturday_open_min": 480.0, "saturday_close_min": 1260.0, "saturday_schedule": "08:00\u201321:00", "sunday_open_min": 480.0, "sunday_close_min": 1260.0, "sunday_schedule": "08:00\u201321:00"}, "geometry": {"type": "LineString", "coordinates": [[-73.90532952047678, 40.85964365779309], [-73.9062521087703, 40.85996234735367]]}}, {"type": "Feature", "properties": {"site_id": "OS122", "Approved On Street": "FIELD PLACE", "Approved From Street": "CRESTON AVENUE", "Approved To Street": "MORRIS AVENUE", "Borough Name": "Bronx", "program_type": "Full Closure: Schools", "Organization Name": "Public School 363 (10X363/APLE)", "approved_start": "2024-09-05", "approved_end": "2025-06-27", "approved_days_per_week": 5, "weekly_approved_hours": 45.0, "total_approved_hours": 1908.0, "monday_open_min": 450.0, "monday_close_min": 990.0, "monday_schedule": "07:30\u201316:30", "tuesday_open_min": 450.0, "tuesday_close_min": 990.0, "tuesday_schedule": "07:30\u201316:30", "wednesday_open_min": 450.0, "wednesday_close_min": 990.0, "wednesday_schedule": "07:30\u201316:30", "thursday_open_min": 450.0, "thursday_close_min": 990.0, "thursday_schedule": "07:30\u201316:30", "friday_open_min": 450.0, "friday_close_min": 990.0, "friday_schedule": "07:30\u201316:30", "saturday_open_min": null, "saturday_close_min": null, "saturday_schedule": null, "sunday_open_min": null, "sunday_close_min": null, "sunday_schedule": null}, "geometry": {"type": "LineString", "coordinates": [[-73.90116152396511, 40.85934914191446], [-73.90019240082604, 40.8590161796035]]}}, {"type": "Feature", "properties": {"site_id": "OS123", "Approved On Street": "DECATUR AVENUE", "Approved From Street": "EAST 194 STREET", "Approved To Street": "EAST 195 STREET", "Borough Name": "Bronx", "program_type": "Full Closure", "Organization Name": "Decatur Block Association", "approved_start": "2024-06-01", "approved_end": "2024-08-24", "approved_days_per_week": 3, "weekly_approved_hours": 19.5, "total_approved_hours": 234.0, "monday_open_min": null, "monday_close_min": null, "monday_schedule": null, "tuesday_open_min": null, "tuesday_close_min": null, "tuesday_schedule": null, "wednesday_open_min": 600.0, "wednesday_close_min": 990.0, "wednesday_schedule": "10:00\u201316:30", "thursday_open_min": 600.0, "thursday_close_min": 990.0, "thursday_schedule": "10:00\u201316:30", "friday_open_min": 600.0, "friday_close_min": 990.0, "friday_schedule": "10:00\u201316:30", "saturday_open_min": null, "saturday_close_min": null, "saturday_schedule": null, "sunday_open_min": null, "sunday_close_min": null, "sunday_schedule": null}, "geometry": {"type": "LineString", "coordinates": [[-73.89016163710265, 40.863476362330644], [-73.8888956610507, 40.86475415244596]]}}, {"type": "Feature", "properties": {"site_id": "OS124", "Approved On Street": "50 AVENUE", "Approved From Street": "99 STREET", "Approved To Street": "98 STREET", "Borough Name": "Queens", "program_type": "Full Closure: Schools", "Organization Name": "I.S.61Q Leonardo Da Vinci", "approved_start": "2024-09-05", "approved_end": "2025-06-27", "approved_days_per_week": 5, "weekly_approved_hours": 38.333333333333336, "total_approved_hours": 1625.3333333333335, "monday_open_min": 470.0, "monday_close_min": 930.0, "monday_schedule": "07:50\u201315:30", "tuesday_open_min": 470.0, "tuesday_close_min": 930.0, "tuesday_schedule": "07:50\u201315:30", "wednesday_open_min": 470.0, "wednesday_close_min": 930.0, "wednesday_schedule": "07:50\u201315:30", "thursday_open_min": 470.0, "thursday_close_min": 930.0, "thursday_schedule": "07:50\u201315:30", "friday_open_min": 470.0, "friday_close_min": 930.0, "friday_schedule": "07:50\u201315:30", "saturday_open_min": null, "saturday_close_min": null, "saturday_schedule": null, "sunday_open_min": null, "sunday_close_min": null, "sunday_schedule": null}, "geometry": {"type": "LineString", "coordinates": [[-73.86424055514564, 40.74245625017027], [-73.86240979499465, 40.742889896454294]]}}, {"type": "Feature", "properties": {"site_id": "OS125", "Approved On Street": "VAN DOREN STREET", "Approved From Street": "OTIS AVENUE", "Approved To Street": "MARTENSE AVENUE", "Borough Name": "Queens", "program_type": "Full Closure: Schools", "Organization Name": "PS14Q Fairview School", "approved_start": "2024-09-05", "approved_end": "2025-06-27", "approved_days_per_week": 5, "weekly_approved_hours": 38.75, "total_approved_hours": 1643.0, "monday_open_min": 450.0, "monday_close_min": 915.0, "monday_schedule": "07:30\u201315:15", "tuesday_open_min": 450.0, "tuesday_close_min": 915.0, "tuesday_schedule": "07:30\u201315:15", "wednesday_open_min": 450.0, "wednesday_close_min": 915.0, "wednesday_schedule": "07:30\u201315:15", "thursday_open_min": 450.0, "thursday_close_min": 915.0, "thursday_schedule": "07:30\u201315:15", "friday_open_min": 450.0, "friday_close_min": 915.0, "friday_schedule": "07:30\u201315:15", "saturday_open_min": null, "saturday_close_min": null, "saturday_schedule": null, "sunday_open_min": null, "sunday_close_min": null, "sunday_schedule": null}, "geometry": {"type": "LineString", "coordinates": [[-73.8557235588309, 40.740956707233046], [-73.85417520017258, 40.74045647881662]]}}, {"type": "Feature", "properties": {"site_id": "OS126", "Approved On Street": "OTIS AVENUE", "Approved From Street": "VAN DOREN STREET", "Approved To Street": "108 STREET", "Borough Name": "Queens", "program_type": "Full Closure: Schools", "Organization Name": "PS14Q Fairview School", "approved_start": "2024-09-05", "approved_end": "2025-06-27", "approved_days_per_week": 5, "weekly_approved_hours": 38.75, "total_approved_hours": 1643.0, "monday_open_min": 450.0, "monday_close_min": 915.0, "monday_schedule": "07:30\u201315:15", "tuesday_open_min": 450.0, "tuesday_close_min": 915.0, "tuesday_schedule": "07:30\u201315:15", "wednesday_open_min": 450.0, "wednesday_close_min": 915.0, "wednesday_schedule": "07:30\u201315:15", "thursday_open_min": 450.0, "thursday_close_min": 915.0, "thursday_schedule": "07:30\u201315:15", "friday_open_min": 450.0, "friday_close_min": 915.0, "friday_schedule": "07:30\u201315:15", "saturday_open_min": null, "saturday_close_min": null, "saturday_schedule": null, "sunday_open_min": null, "sunday_close_min": null, "sunday_schedule": null}, "geometry": {"type": "LineString", "coordinates": [[-73.85417520017258, 40.74045647881662], [-73.85381298690326, 40.741103818342786]]}}, {"type": "Feature", "properties": {"site_id": "OS127", "Approved On Street": "9 AVENUE", "Approved From Street": "128 STREET", "Approved To Street": "129 STREET", "Borough Name": "Queens", "program_type": "Full Closure: Schools", "Organization Name": "PS 129", "approved_start": "2024-03-08", "approved_end": "2025-06-27", "approved_days_per_week": 4, "weekly_approved_hours": 36.0, "total_approved_hours": 2457.0, "monday_open_min": 450.0, "monday_close_min": 990.0, "monday_schedule": "07:30\u201316:30", "tuesday_open_min": null, "tuesday_close_min": null, "tuesday_schedule": null, "wednesday_open_min": 450.0, "wednesday_close_min": 990.0, "wednesday_schedule": "07:30\u201316:30", "thursday_open_min": 450.0, "thursday_close_min": 990.0, "thursday_schedule": "07:30\u201316:30", "friday_open_min": 450.0, "friday_close_min": 990.0, "friday_schedule": "07:30\u201316:30", "saturday_open_min": null, "saturday_close_min": null, "saturday_schedule": null, "sunday_open_min": null, "sunday_close_min": null, "sunday_schedule": null}, "geometry": {"type": "LineString", "coordinates": [[-73.83999984516475, 40.789251996543044], [-73.8390837704842, 40.789220653390856]]}}, {"type": "Feature", "properties": {"site_id": "OS128", "Approved On Street": "BOLTON AVENUE", "Approved From Street": "LAFAYETTE AVENUE", "Approved To Street": "STORY AVENUE", "Borough Name": "Bronx", "program_type": "Full Closure", "Organization Name": "Frontline Nutrition Services", "approved_start": "2024-08-03", "approved_end": "2024-08-24", "approved_days_per_week": 1, "weekly_approved_hours": 7.0, "total_approved_hours": 28.0, "monday_open_min": null, "monday_close_min": null, "monday_schedule": null, "tuesday_open_min": null, "tuesday_close_min": null, "tuesday_schedule": null, "wednesday_open_min": null, "wednesday_close_min": null, "wednesday_schedule": null, "thursday_open_min": null, "thursday_close_min": null, "thursday_schedule": null, "friday_open_min": null, "friday_close_min": null, "friday_schedule": null, "saturday_open_min": 660.0, "saturday_close_min": 1080.0, "saturday_schedule": "11:00\u201318:00", "sunday_open_min": null, "sunday_close_min": null, "sunday_schedule": null}, "geometry": {"type": "LineString", "coordinates": [[-73.8592616200388, 40.8218818453363], [-73.85978424897755, 40.824074363678584]]}}, {"type": "Feature", "properties": {"site_id": "OS129", "Approved On Street": "RHINELANDER AVENUE", "Approved From Street": "BOGART AVENUE", "Approved To Street": "RADCLIFF AVENUE", "Borough Name": "Bronx", "program_type": "Full Closure: Schools", "Organization Name": "P.S. 83 The Donald Hertz School", "approved_start": "2024-09-05", "approved_end": "2025-06-27", "approved_days_per_week": 5, "weekly_approved_hours": 20.0, "total_approved_hours": 848.0, "monday_open_min": 600.0, "monday_close_min": 840.0, "monday_schedule": "10:00\u201314:00", "tuesday_open_min": 600.0, "tuesday_close_min": 840.0, "tuesday_schedule": "10:00\u201314:00", "wednesday_open_min": 600.0, "wednesday_close_min": 840.0, "wednesday_schedule": "10:00\u201314:00", "thursday_open_min": 600.0, "thursday_close_min": 840.0, "thursday_schedule": "10:00\u201314:00", "friday_open_min": 600.0, "friday_close_min": 840.0, "friday_schedule": "10:00\u201314:00", "saturday_open_min": null, "saturday_close_min": null, "saturday_schedule": null, "sunday_open_min": null, "sunday_close_min": null, "sunday_schedule": null}, "geometry": {"type": "LineString", "coordinates": [[-73.85942540007598, 40.849323937631034], [-73.8586172345919, 40.84968784772023]]}}, {"type": "Feature", "properties": {"site_id": "OS130", "Approved On Street": "155 STREET", "Approved From Street": "65 AVENUE", "Approved To Street": "DEAD END", "Borough Name": "Queens", "program_type": "Full Closure: Schools", "Organization Name": "PS201 Q", "approved_start": "2024-02-05", "approved_end": "2024-06-28", "approved_days_per_week": 5, "weekly_approved_hours": 50.0, "total_approved_hours": 1050.0, "monday_open_min": 450.0, "monday_close_min": 1050.0, "monday_schedule": "07:30\u201317:30", "tuesday_open_min": 450.0, "tuesday_close_min": 1050.0, "tuesday_schedule": "07:30\u201317:30", "wednesday_open_min": 450.0, "wednesday_close_min": 1050.0, "wednesday_schedule": "07:30\u201317:30", "thursday_open_min": 450.0, "thursday_close_min": 1050.0, "thursday_schedule": "07:30\u201317:30", "friday_open_min": 450.0, "friday_close_min": 1050.0, "friday_schedule": "07:30\u201317:30", "saturday_open_min": null, "saturday_close_min": null, "saturday_schedule": null, "sunday_open_min": null, "sunday_close_min": null, "sunday_schedule": null}, "geometry": {"type": "LineString", "coordinates": [[-73.81332953570728, 40.73710230076505], [-73.81338660488946, 40.736199713317085]]}}, {"type": "Feature", "properties": {"site_id": "OS131", "Approved On Street": "136 STREET", "Approved From Street": "58 AVENUE", "Approved To Street": "58 ROAD", "Borough Name": "Queens", "program_type": "Full Closure: Schools", "Organization Name": "P.S. 120 Queens", "approved_start": "2024-01-01", "approved_end": "2025-06-27", "approved_days_per_week": 5, "weekly_approved_hours": 26.25, "total_approved_hours": 2047.5, "monday_open_min": 510.0, "monday_close_min": 825.0, "monday_schedule": "08:30\u201313:45", "tuesday_open_min": 510.0, "tuesday_close_min": 825.0, "tuesday_schedule": "08:30\u201313:45", "wednesday_open_min": 510.0, "wednesday_close_min": 825.0, "wednesday_schedule": "08:30\u201313:45", "thursday_open_min": 510.0, "thursday_close_min": 825.0, "thursday_schedule": "08:30\u201313:45", "friday_open_min": 510.0, "friday_close_min": 825.0, "friday_schedule": "08:30\u201313:45", "saturday_open_min": null, "saturday_close_min": null, "saturday_schedule": null, "sunday_open_min": null, "sunday_close_min": null, "sunday_schedule": null}, "geometry": {"type": "LineString", "coordinates": [[-73.82930054634949, 40.74563335033686], [-73.82941823423873, 40.74493227188409]]}}, {"type": "Feature", "properties": {"site_id": "OS132", "Approved On Street": "BARTON AVENUE", "Approved From Street": "149 PLACE", "Approved To Street": "150 STREET", "Borough Name": "Queens", "program_type": "Full Closure", "Organization Name": "Asian American Federation", "approved_start": "2024-03-15", "approved_end": "2024-11-15", "approved_days_per_week": 3, "weekly_approved_hours": 40.0, "total_approved_hours": 1414.0, "monday_open_min": null, "monday_close_min": null, "monday_schedule": null, "tuesday_open_min": null, "tuesday_close_min": null, "tuesday_schedule": null, "wednesday_open_min": null, "wednesday_close_min": null, "wednesday_schedule": null, "thursday_open_min": null, "thursday_close_min": null, "thursday_schedule": null, "friday_open_min": 540.0, "friday_close_min": 1380.0, "friday_schedule": "09:00\u201323:00", "saturday_open_min": 540.0, "saturday_close_min": 1380.0, "saturday_schedule": "09:00\u201323:00", "sunday_open_min": 540.0, "sunday_close_min": 1260.0, "sunday_schedule": "09:00\u201321:00"}, "geometry": {"type": "LineString", "coordinates": [[-73.81501666744683, 40.762850473085415], [-73.81415161869404, 40.763083167471585]]}}, {"type": "Feature", "properties": {"site_id": "OS133", "Approved On Street": "110 AVENUE", "Approved From Street": "180 STREET", "Approved To Street": "DEAD END", "Borough Name": "Queens", "program_type": "Full Closure", "Organization Name": "ADDISLEIGH PARK CIVIC ORGANIZATION", "approved_start": "2024-06-22", "approved_end": "2024-11-30", "approved_days_per_week": 7, "weekly_approved_hours": 59.0, "total_approved_hours": 1365.0, "monday_open_min": 600.0, "monday_close_min": 1140.0, "monday_schedule": "10:00\u201319:00", "tuesday_open_min": 600.0, "tuesday_close_min": 1140.0, "tuesday_schedule": "10:00\u201319:00", "wednesday_open_min": 600.0, "wednesday_close_min": 1140.0, "wednesday_schedule": "10:00\u201319:00", "thursday_open_min": 600.0, "thursday_close_min": 1140.0, "thursday_schedule": "10:00\u201319:00", "friday_open_min": 600.0, "friday_close_min": 1140.0, "friday_schedule": "10:00\u201319:00", "saturday_open_min": 540.0, "saturday_close_min": 1020.0, "saturday_schedule": "09:00\u201317:00", "sunday_open_min": 720.0, "sunday_close_min": 1080.0, "sunday_schedule": "12:00\u201318:00"}, "geometry": {"type": "LineString", "coordinates": [[-73.77395659522011, 40.699805780409655], [-73.77359394938746, 40.69999438291307]]}}, {"type": "Feature", "properties": {"site_id": "OS134", "Approved On Street": "MURDOCK AVENUE", "Approved From Street": "180 STREET", "Approved To Street": "DEAD END", "Borough Name": "Queens", "program_type": "Full Closure", "Organization Name": "Addisleigh Park Civic Organization", "approved_start": "2024-01-01", "approved_end": "2024-12-31", "approved_days_per_week": 7, "weekly_approved_hours": 91.0, "total_approved_hours": 4758.0, "monday_open_min": 540.0, "monday_close_min": 1320.0, "monday_schedule": "09:00\u201322:00", "tuesday_open_min": 540.0, "tuesday_close_min": 1320.0, "tuesday_schedule": "09:00\u201322:00", "wednesday_open_min": 540.0, "wednesday_close_min": 1320.0, "wednesday_schedule": "09:00\u201322:00", "thursday_open_min": 540.0, "thursday_close_min": 1320.0, "thursday_schedule": "09:00\u201322:00", "friday_open_min": 540.0, "friday_close_min": 1320.0, "friday_schedule": "09:00\u201322:00", "saturday_open_min": 540.0, "saturday_close_min": 1320.0, "saturday_schedule": "09:00\u201322:00", "sunday_open_min": 540.0, "sunday_close_min": 1320.0, "sunday_schedule": "09:00\u201322:00"}, "geometry": {"type": "LineString", "coordinates": [[-73.77034371987644, 40.69605956213117], [-73.76997093937987, 40.69627023261931]]}}, {"type": "Feature", "properties": {"site_id": "OS135", "Approved On Street": "34 AVENUE", "Approved From Street": "69 STREET", "Approved To Street": "JUNCTION BOULEVARD", "Borough Name": "Queens", "program_type": "Limited Local Access", "Organization Name": "34th Avenue Open Streets Coalition", "approved_start": "2024-02-01", "approved_end": "2024-12-31", "approved_days_per_week": 7, "weekly_approved_hours": 91.0, "total_approved_hours": 4355.0, "monday_open_min": 420.0, "monday_close_min": 1200.0, "monday_schedule": "07:00\u201320:00", "tuesday_open_min": 420.0, "tuesday_close_min": 1200.0, "tuesday_schedule": "07:00\u201320:00", "wednesday_open_min": 420.0, "wednesday_close_min": 1200.0, "wednesday_schedule": "07:00\u201320:00", "thursday_open_min": 420.0, "thursday_close_min": 1200.0, "thursday_schedule": "07:00\u201320:00", "friday_open_min": 420.0, "friday_close_min": 1200.0, "friday_schedule": "07:00\u201320:00", "saturday_open_min": 420.0, "saturday_close_min": 1200.0, "saturday_schedule": "07:00\u201320:00", "sunday_open_min": 420.0, "sunday_close_min": 1200.0, "sunday_schedule": "07:00\u201320:00"}, "geometry": {"type": "MultiLineString", "coordinates": [[[-73.89715726900846, 40.75245698572436], [-73.89705160055586, 40.7525012331622]], [[-73.87572997723949, 40.754660509135824], [-73.87480201131594, 40.754767601079095]], [[-73.8803944511152, 40.754257463392385], [-73.87946297673437, 40.75435401728946]], [[-73.88132235355795, 40.754163627719095], [-73.8803944511152, 40.754257463392385]], [[-73.88316798434425, 40.7538780908337], [-73.88223775942433, 40.7539765054642]], [[-73.89246656053848, 40.752911204047464], [-73.89153637689665, 40.75300034744038]], [[-73.89619819425857, 40.752593146485445], [-73.89526532406734, 40.75268813393489]], [[-73.87574710144773, 40.754755287882105], [-73.87481744766366, 40.75485244554507]], [[-73.89432229697792, 40.752711523269674], [-73.8933897385441, 40.752808765093675]], [[-73.89155178802983, 40.75308442330976], [-73.89061993388877, 40.75318050063391]], [[-73.87852079061304, 40.75436834604385], [-73.87758913533159, 40.75446434429692]], [[-73.88130574852767, 40.75407217320478], [-73.88037843319854, 40.75416947630304]], [[-73.89526532406734, 40.75268813393489], [-73.89433755893178, 40.75279551848474]], [[-73.87853519996877, 40.754447460808215], [-73.8776051020358, 40.754552457790616]], [[-73.87758913533159, 40.75446434429692], [-73.87665879995191, 40.75456233465308]], [[-73.8961854307138, 40.75252296753448], [-73.89525205677165, 40.752615865248046]], [[-73.89060571031546, 40.75310226825239], [-73.88967658623733, 40.75319988040478]], [[-73.87388541804204, 40.754939588481356], [-73.87271067401507, 40.755063520770285]], [[-73.88690314972068, 40.753574863086484], [-73.88597226363176, 40.753670938888874]], [[-73.88597226363176, 40.753670938888874], [-73.8850428033547, 40.753762667252175]], [[-73.88409736020752, 40.75378285563047], [-73.88316798434425, 40.7538780908337]], [[-73.89248074927131, 40.752989607263004], [-73.89155178802983, 40.75308442330976]], [[-73.89061993388877, 40.75318050063391], [-73.88969104266643, 40.75327986821061]], [[-73.89153637689665, 40.75300034744038], [-73.89060571031546, 40.75310226825239]], [[-73.8776051020358, 40.754552457790616], [-73.87667506996807, 40.75465226852366]], [[-73.88502886804369, 40.75368580414008], [-73.88409736020752, 40.75378285563047]], [[-73.88688775447339, 40.75349179337716], [-73.8859568135523, 40.75358597793778]], [[-73.8850428033547, 40.753762667252175], [-73.88410673992288, 40.753870727463436]], [[-73.88037843319854, 40.75416947630304], [-73.87944713649308, 40.754266670516465]], [[-73.87667506996807, 40.75465226852366], [-73.87574710144773, 40.754755287882105]], [[-73.87944713649308, 40.754266670516465], [-73.87852079061304, 40.75436834604385]], [[-73.87387016070036, 40.754855258275356], [-73.87266966985626, 40.75498679824508]], [[-73.88410673992288, 40.753870727463436], [-73.88318405207386, 40.753966743960284]], [[-73.89433755893178, 40.75279551848474], [-73.89340443486667, 40.752889572116565]], [[-73.87946297673437, 40.75435401728946], [-73.87853519996877, 40.754447460808215]], [[-73.88318405207386, 40.753966743960284], [-73.88225301590495, 40.754060501373395]], [[-73.88223775942433, 40.7539765054642], [-73.88130574852767, 40.75407217320478]], [[-73.89525205677165, 40.752615865248046], [-73.89432229697792, 40.752711523269674]], [[-73.87665879995191, 40.75456233465308], [-73.87572997723949, 40.754660509135824]], [[-73.8933897385441, 40.752808765093675], [-73.89246656053848, 40.752911204047464]], [[-73.8859568135523, 40.75358597793778], [-73.88502886804369, 40.75368580414008]], [[-73.88225301590495, 40.754060501373395], [-73.88132235355795, 40.754163627719095]], [[-73.88781742388635, 40.753398680663516], [-73.88688775447339, 40.75349179337716]], [[-73.89715726900846, 40.75245698572436], [-73.89704298191411, 40.75243100307964]], [[-73.89704298191411, 40.75243100307964], [-73.8961854307138, 40.75252296753448]], [[-73.88967658623733, 40.75319988040478], [-73.88874882665968, 40.75330132163808]], [[-73.89340443486667, 40.752889572116565], [-73.89248074927131, 40.752989607263004]], [[-73.88969104266643, 40.75327986821061], [-73.88876187499983, 40.75337292448723]], [[-73.89705160055586, 40.7525012331622], [-73.89619819425857, 40.752593146485445]], [[-73.87480201131594, 40.754767601079095], [-73.87387016070036, 40.754855258275356]], [[-73.87481744766366, 40.75485244554507], [-73.87388541804204, 40.754939588481356]], [[-73.88876187499983, 40.75337292448723], [-73.88782926789756, 40.75346760884225]], [[-73.88782926789756, 40.75346760884225], [-73.88690314972068, 40.753574863086484]], [[-73.88874882665968, 40.75330132163808], [-73.88781742388635, 40.753398680663516]]]}}, {"type": "Feature", "properties": {"site_id": "OS136", "Approved On Street": "18 STREET", "Approved From Street": "7 AVENUE", "Approved To Street": "6 AVENUE", "Borough Name": "Brooklyn", "program_type": "Full Closure: Schools", "Organization Name": "Middle School 88", "approved_start": "2024-09-05", "approved_end": "2025-06-27", "approved_days_per_week": 5, "weekly_approved_hours": 15.0, "total_approved_hours": 636.0, "monday_open_min": 630.0, "monday_close_min": 810.0, "monday_schedule": "10:30\u201313:30", "tuesday_open_min": 630.0, "tuesday_close_min": 810.0, "tuesday_schedule": "10:30\u201313:30", "wednesday_open_min": 630.0, "wednesday_close_min": 810.0, "wednesday_schedule": "10:30\u201313:30", "thursday_open_min": 630.0, "thursday_close_min": 810.0, "thursday_schedule": "10:30\u201313:30", "friday_open_min": 630.0, "friday_close_min": 810.0, "friday_schedule": "10:30\u201313:30", "saturday_open_min": null, "saturday_close_min": null, "saturday_schedule": null, "sunday_open_min": null, "sunday_close_min": null, "sunday_schedule": null}, "geometry": {"type": "MultiLineString", "coordinates": [[[-73.98760345301754, 40.66040122876986], [-73.98744982508757, 40.66018957273091]], [[-73.98735174565768, 40.660387189332056], [-73.98725068956914, 40.66037895646052]], [[-73.98760345301754, 40.66040122876986], [-73.98735174565768, 40.660387189332056]], [[-73.98787862270379, 40.660734440172234], [-73.98760345301754, 40.66040122876986]], [[-73.98947000090756, 40.661699040882404], [-73.98787862270379, 40.660734440172234]]]}}, {"type": "Feature", "properties": {"site_id": "OS137", "Approved On Street": "7 STREET", "Approved From Street": "4 AVENUE", "Approved To Street": "5 AVENUE", "Borough Name": "Brooklyn", "program_type": "Full Closure: Schools", "Organization Name": "PS 118", "approved_start": "2024-04-17", "approved_end": "2025-06-27", "approved_days_per_week": 5, "weekly_approved_hours": 45.0, "total_approved_hours": 2817.0, "monday_open_min": 450.0, "monday_close_min": 990.0, "monday_schedule": "07:30\u201316:30", "tuesday_open_min": 450.0, "tuesday_close_min": 990.0, "tuesday_schedule": "07:30\u201316:30", "wednesday_open_min": 450.0, "wednesday_close_min": 990.0, "wednesday_schedule": "07:30\u201316:30", "thursday_open_min": 450.0, "thursday_close_min": 990.0, "thursday_schedule": "07:30\u201316:30", "friday_open_min": 450.0, "friday_close_min": 990.0, "friday_schedule": "07:30\u201316:30", "saturday_open_min": null, "saturday_close_min": null, "saturday_schedule": null, "sunday_open_min": null, "sunday_close_min": null, "sunday_schedule": null}, "geometry": {"type": "LineString", "coordinates": [[-73.98764894288934, 40.67152199137228], [-73.98529421367746, 40.67038520198756]]}}, {"type": "Feature", "properties": {"site_id": "OS138", "Approved On Street": "SUFFOLK STREET", "Approved From Street": "RIVINGTON STREET", "Approved To Street": "DELANCEY STREET", "Borough Name": "Manhattan", "program_type": "Full Closure", "Organization Name": "Salsa Stories", "approved_start": "2024-08-11", "approved_end": "2024-09-15", "approved_days_per_week": 1, "weekly_approved_hours": 3.5, "total_approved_hours": 21.0, "monday_open_min": null, "monday_close_min": null, "monday_schedule": null, "tuesday_open_min": null, "tuesday_close_min": null, "tuesday_schedule": null, "wednesday_open_min": null, "wednesday_close_min": null, "wednesday_schedule": null, "thursday_open_min": null, "thursday_close_min": null, "thursday_schedule": null, "friday_open_min": null, "friday_close_min": null, "friday_schedule": null, "saturday_open_min": null, "saturday_close_min": null, "saturday_schedule": null, "sunday_open_min": 960.0, "sunday_close_min": 1170.0, "sunday_schedule": "16:00\u201319:30"}, "geometry": {"type": "LineString", "coordinates": [[-73.98652333180374, 40.71811203466014], [-73.9859109239171, 40.71933897360257]]}}, {"type": "Feature", "properties": {"site_id": "OS139", "Approved On Street": "EAST 73 STREET", "Approved From Street": "LEXINGTON AVENUE", "Approved To Street": "PARK AVENUE", "Borough Name": "Manhattan", "program_type": "Full Closure: Schools", "Organization Name": "The Buckley School", "approved_start": "2024-07-01", "approved_end": "2025-06-27", "approved_days_per_week": 5, "weekly_approved_hours": 25.0, "total_approved_hours": 1300.0, "monday_open_min": 540.0, "monday_close_min": 840.0, "monday_schedule": "09:00\u201314:00", "tuesday_open_min": 540.0, "tuesday_close_min": 840.0, "tuesday_schedule": "09:00\u201314:00", "wednesday_open_min": 540.0, "wednesday_close_min": 840.0, "wednesday_schedule": "09:00\u201314:00", "thursday_open_min": 540.0, "thursday_close_min": 840.0, "thursday_schedule": "09:00\u201314:00", "friday_open_min": 540.0, "friday_close_min": 840.0, "friday_schedule": "09:00\u201314:00", "saturday_open_min": null, "saturday_close_min": null, "saturday_schedule": null, "sunday_open_min": null, "sunday_close_min": null, "sunday_schedule": null}, "geometry": {"type": "LineString", "coordinates": [[-73.9632139725931, 40.77174036980946], [-73.96170832767773, 40.771105582818414]]}}, {"type": "Feature", "properties": {"site_id": "OS140", "Approved On Street": "EAST 78 STREET", "Approved From Street": "PARK AVENUE", "Approved To Street": "LEXINGTON AVENUE", "Borough Name": "Manhattan", "program_type": "Full Closure: Schools", "Organization Name": "The Allen-Stevenson School", "approved_start": "2024-09-05", "approved_end": "2025-06-27", "approved_days_per_week": 5, "weekly_approved_hours": 40.0, "total_approved_hours": 1696.0, "monday_open_min": 450.0, "monday_close_min": 930.0, "monday_schedule": "07:30\u201315:30", "tuesday_open_min": 450.0, "tuesday_close_min": 930.0, "tuesday_schedule": "07:30\u201315:30", "wednesday_open_min": 450.0, "wednesday_close_min": 930.0, "wednesday_schedule": "07:30\u201315:30", "thursday_open_min": 450.0, "thursday_close_min": 930.0, "thursday_schedule": "07:30\u201315:30", "friday_open_min": 450.0, "friday_close_min": 930.0, "friday_schedule": "07:30\u201315:30", "saturday_open_min": null, "saturday_close_min": null, "saturday_schedule": null, "sunday_open_min": null, "sunday_close_min": null, "sunday_schedule": null}, "geometry": {"type": "LineString", "coordinates": [[-73.96090437938227, 40.774909028553154], [-73.95939395625123, 40.774277965115104]]}}, {"type": "Feature", "properties": {"site_id": "OS141", "Approved On Street": "EAST 91 STREET", "Approved From Street": "PARK AVENUE", "Approved To Street": "MADISON AVENUE", "Borough Name": "Manhattan", "program_type": "Full Closure: Schools", "Organization Name": "The Dalton School", "approved_start": "2024-09-05", "approved_end": "2025-06-27", "approved_days_per_week": 5, "weekly_approved_hours": 17.5, "total_approved_hours": 742.0, "monday_open_min": 630.0, "monday_close_min": 840.0, "monday_schedule": "10:30\u201314:00", "tuesday_open_min": 630.0, "tuesday_close_min": 840.0, "tuesday_schedule": "10:30\u201314:00", "wednesday_open_min": 630.0, "wednesday_close_min": 840.0, "wednesday_schedule": "10:30\u201314:00", "thursday_open_min": 630.0, "thursday_close_min": 840.0, "thursday_schedule": "10:30\u201314:00", "friday_open_min": 630.0, "friday_close_min": 840.0, "friday_schedule": "10:30\u201314:00", "saturday_open_min": null, "saturday_close_min": null, "saturday_schedule": null, "sunday_open_min": null, "sunday_close_min": null, "sunday_schedule": null}, "geometry": {"type": "LineString", "coordinates": [[-73.95648701141026, 40.78404455137182], [-73.95498705345706, 40.7834060689576]]}}, {"type": "Feature", "properties": {"site_id": "OS142", "Approved On Street": "EAST 101 STREET", "Approved From Street": "PARK AVENUE", "Approved To Street": "LEXINGTON AVENUE", "Borough Name": "Manhattan", "program_type": "Full Closure", "Organization Name": "Uptown Grand Central", "approved_start": "2024-05-18", "approved_end": "2024-06-29", "approved_days_per_week": 1, "weekly_approved_hours": 8.0, "total_approved_hours": 56.0, "monday_open_min": null, "monday_close_min": null, "monday_schedule": null, "tuesday_open_min": null, "tuesday_close_min": null, "tuesday_schedule": null, "wednesday_open_min": null, "wednesday_close_min": null, "wednesday_schedule": null, "thursday_open_min": null, "thursday_close_min": null, "thursday_schedule": null, "friday_open_min": null, "friday_close_min": null, "friday_schedule": null, "saturday_open_min": 720.0, "saturday_close_min": 1200.0, "saturday_schedule": "12:00\u201320:00", "sunday_open_min": null, "sunday_close_min": null, "sunday_schedule": null}, "geometry": {"type": "LineString", "coordinates": [[-73.95009123554955, 40.78968413911953], [-73.94860467689013, 40.78905508931315]]}}, {"type": "Feature", "properties": {"site_id": "OS143", "Approved On Street": "LA SALLE STREET", "Approved From Street": "CLAREMONT AVENUE", "Approved To Street": "BROADWAY", "Borough Name": "Manhattan", "program_type": "Full Closure", "Organization Name": "Morningside Area Alliance", "approved_start": "2024-05-02", "approved_end": "2024-10-31", "approved_days_per_week": 1, "weekly_approved_hours": 5.5, "total_approved_hours": 148.5, "monday_open_min": null, "monday_close_min": null, "monday_schedule": null, "tuesday_open_min": null, "tuesday_close_min": null, "tuesday_schedule": null, "wednesday_open_min": null, "wednesday_close_min": null, "wednesday_schedule": null, "thursday_open_min": 930.0, "thursday_close_min": 1260.0, "thursday_schedule": "15:30\u201321:00", "friday_open_min": null, "friday_close_min": null, "friday_schedule": null, "saturday_open_min": null, "saturday_close_min": null, "saturday_schedule": null, "sunday_open_min": null, "sunday_close_min": null, "sunday_schedule": null}, "geometry": {"type": "LineString", "coordinates": [[-73.95979225988911, 40.813823474267245], [-73.96069039830704, 40.81418686806528]]}}, {"type": "Feature", "properties": {"site_id": "OS144", "Approved On Street": "WEST 120 STREET", "Approved From Street": "LENOX AVENUE", "Approved To Street": "MOUNT MORRIS PARK WEST", "Borough Name": "Manhattan", "program_type": "Limited Local Access", "Organization Name": "120 Marcus Meets Malcolm, Inc", "approved_start": "2024-02-01", "approved_end": "2025-01-31", "approved_days_per_week": 7, "weekly_approved_hours": 74.0, "total_approved_hours": 3870.0, "monday_open_min": 600.0, "monday_close_min": 1200.0, "monday_schedule": "10:00\u201320:00", "tuesday_open_min": 600.0, "tuesday_close_min": 1200.0, "tuesday_schedule": "10:00\u201320:00", "wednesday_open_min": 600.0, "wednesday_close_min": 1200.0, "wednesday_schedule": "10:00\u201320:00", "thursday_open_min": 600.0, "thursday_close_min": 1200.0, "thursday_schedule": "10:00\u201320:00", "friday_open_min": 600.0, "friday_close_min": 1320.0, "friday_schedule": "10:00\u201322:00", "saturday_open_min": 600.0, "saturday_close_min": 1320.0, "saturday_schedule": "10:00\u201322:00", "sunday_open_min": 600.0, "sunday_close_min": 1200.0, "sunday_schedule": "10:00\u201320:00"}, "geometry": {"type": "LineString", "coordinates": [[-73.94613131009999, 40.803877357760726], [-73.94772447951024, 40.80454929595729]]}}, {"type": "Feature", "properties": {"site_id": "OS145", "Approved On Street": "WEST 124 STREET", "Approved From Street": "MOUNT MORRIS PARK WEST", "Approved To Street": "LENOX AVENUE", "Borough Name": "Manhattan", "program_type": "Full Closure", "Organization Name": "The Police Athletic League", "approved_start": "2024-07-08", "approved_end": "2024-08-22", "approved_days_per_week": 4, "weekly_approved_hours": 20.0, "total_approved_hours": 140.0, "monday_open_min": 660.0, "monday_close_min": 960.0, "monday_schedule": "11:00\u201316:00", "tuesday_open_min": 660.0, "tuesday_close_min": 960.0, "tuesday_schedule": "11:00\u201316:00", "wednesday_open_min": 660.0, "wednesday_close_min": 960.0, "wednesday_schedule": "11:00\u201316:00", "thursday_open_min": 660.0, "thursday_close_min": 960.0, "thursday_schedule": "11:00\u201316:00", "friday_open_min": null, "friday_close_min": null, "friday_schedule": null, "saturday_open_min": null, "saturday_close_min": null, "saturday_schedule": null, "sunday_open_min": null, "sunday_close_min": null, "sunday_schedule": null}, "geometry": {"type": "LineString", "coordinates": [[-73.94430194558471, 40.806390823697235], [-73.94589436249717, 40.807062985541904]]}}, {"type": "Feature", "properties": {"site_id": "OS146", "Approved On Street": "235 STREET", "Approved From Street": "120 AVENUE", "Approved To Street": "121 AVENUE", "Borough Name": "Queens", "program_type": "Full Closure: Schools", "Organization Name": "P.S. 176 The Cambria Heights School", "approved_start": "2024-09-05", "approved_end": "2025-06-27", "approved_days_per_week": 5, "weekly_approved_hours": 37.5, "total_approved_hours": 1590.0, "monday_open_min": 450.0, "monday_close_min": 900.0, "monday_schedule": "07:30\u201315:00", "tuesday_open_min": 450.0, "tuesday_close_min": 900.0, "tuesday_schedule": "07:30\u201315:00", "wednesday_open_min": 450.0, "wednesday_close_min": 900.0, "wednesday_schedule": "07:30\u201315:00", "thursday_open_min": 450.0, "thursday_close_min": 900.0, "thursday_schedule": "07:30\u201315:00", "friday_open_min": 450.0, "friday_close_min": 900.0, "friday_schedule": "07:30\u201315:00", "saturday_open_min": null, "saturday_close_min": null, "saturday_schedule": null, "sunday_open_min": null, "sunday_close_min": null, "sunday_schedule": null}, "geometry": {"type": "LineString", "coordinates": [[-73.72960505858767, 40.686249786610674], [-73.7304396947666, 40.68462333808121]]}}, {"type": "Feature", "properties": {"site_id": "OS147", "Approved On Street": "WEST 158 STREET", "Approved From Street": "BROADWAY", "Approved To Street": "AMSTERDAM AVENUE", "Borough Name": "Manhattan", "program_type": "Full Closure: Schools", "Organization Name": "NYC DoE - Community Health Academy of the Heights", "approved_start": "2024-09-05", "approved_end": "2025-06-27", "approved_days_per_week": 5, "weekly_approved_hours": 12.25, "total_approved_hours": 519.25, "monday_open_min": 690.0, "monday_close_min": 840.0, "monday_schedule": "11:30\u201314:00", "tuesday_open_min": 690.0, "tuesday_close_min": 840.0, "tuesday_schedule": "11:30\u201314:00", "wednesday_open_min": 690.0, "wednesday_close_min": 840.0, "wednesday_schedule": "11:30\u201314:00", "thursday_open_min": 690.0, "thursday_close_min": 840.0, "thursday_schedule": "11:30\u201314:00", "friday_open_min": 660.0, "friday_close_min": 795.0, "friday_schedule": "11:00\u201313:15", "saturday_open_min": null, "saturday_close_min": null, "saturday_schedule": null, "sunday_open_min": null, "sunday_close_min": null, "sunday_schedule": null}, "geometry": {"type": "LineString", "coordinates": [[-73.9415772405953, 40.83348746649071], [-73.94431628874683, 40.83463503368576]]}}, {"type": "Feature", "properties": {"site_id": "OS148", "Approved On Street": "41 AVENUE", "Approved From Street": "75 STREET", "Approved To Street": "76 STREET", "Borough Name": "Queens", "program_type": "Full Closure: Schools", "Organization Name": "NYCDOE Mosaic 3K/Pre-k Center 24Q331 @ Q364", "approved_start": "2024-09-05", "approved_end": "2025-06-27", "approved_days_per_week": 2, "weekly_approved_hours": 6.0, "total_approved_hours": 255.0, "monday_open_min": null, "monday_close_min": null, "monday_schedule": null, "tuesday_open_min": null, "tuesday_close_min": null, "tuesday_schedule": null, "wednesday_open_min": 510.0, "wednesday_close_min": 690.0, "wednesday_schedule": "08:30\u201311:30", "thursday_open_min": null, "thursday_close_min": null, "thursday_schedule": null, "friday_open_min": 510.0, "friday_close_min": 690.0, "friday_schedule": "08:30\u201311:30", "saturday_open_min": null, "saturday_close_min": null, "saturday_schedule": null, "sunday_open_min": null, "sunday_close_min": null, "sunday_schedule": null}, "geometry": {"type": "LineString", "coordinates": [[-73.89015144589978, 40.74530813979647], [-73.88925529154983, 40.74541056078926]]}}, {"type": "Feature", "properties": {"site_id": "OS149", "Approved On Street": "110 STREET", "Approved From Street": "34 AVENUE", "Approved To Street": "NORTHERN BOULEVARD", "Borough Name": "Queens", "program_type": "Full Closure: Schools", "Organization Name": "PS 330Q Helen M. Marshall", "approved_start": "2024-09-05", "approved_end": "2025-06-27", "approved_days_per_week": 5, "weekly_approved_hours": 36.25, "total_approved_hours": 1537.0, "monday_open_min": 435.0, "monday_close_min": 870.0, "monday_schedule": "07:15\u201314:30", "tuesday_open_min": 435.0, "tuesday_close_min": 870.0, "tuesday_schedule": "07:15\u201314:30", "wednesday_open_min": 435.0, "wednesday_close_min": 870.0, "wednesday_schedule": "07:15\u201314:30", "thursday_open_min": 435.0, "thursday_close_min": 870.0, "thursday_schedule": "07:15\u201314:30", "friday_open_min": 435.0, "friday_close_min": 870.0, "friday_schedule": "07:15\u201314:30", "saturday_open_min": null, "saturday_close_min": null, "saturday_schedule": null, "sunday_open_min": null, "sunday_close_min": null, "sunday_schedule": null}, "geometry": {"type": "LineString", "coordinates": [[-73.85951332469818, 40.75787858993176], [-73.85882008495498, 40.75653410703103]]}}, {"type": "Feature", "properties": {"site_id": "OS150", "Approved On Street": "47 AVENUE", "Approved From Street": "109 STREET", "Approved To Street": "111 STREET", "Borough Name": "Queens", "program_type": "Full Closure: Schools", "Organization Name": "P.S. 28Q The Thomas Emanuel Early Childhood Center", "approved_start": "2024-09-05", "approved_end": "2025-06-27", "approved_days_per_week": 5, "weekly_approved_hours": 40.0, "total_approved_hours": 1696.0, "monday_open_min": 420.0, "monday_close_min": 900.0, "monday_schedule": "07:00\u201315:00", "tuesday_open_min": 420.0, "tuesday_close_min": 900.0, "tuesday_schedule": "07:00\u201315:00", "wednesday_open_min": 420.0, "wednesday_close_min": 900.0, "wednesday_schedule": "07:00\u201315:00", "thursday_open_min": 420.0, "thursday_close_min": 900.0, "thursday_schedule": "07:00\u201315:00", "friday_open_min": 420.0, "friday_close_min": 900.0, "friday_schedule": "07:00\u201315:00", "saturday_open_min": null, "saturday_close_min": null, "saturday_schedule": null, "sunday_open_min": null, "sunday_close_min": null, "sunday_schedule": null}, "geometry": {"type": "LineString", "coordinates": [[-73.85515353957521, 40.74703827379825], [-73.85368224705618, 40.74746858573734]]}}, {"type": "Feature", "properties": {"site_id": "OS151", "Approved On Street": "113 STREET", "Approved From Street": "34 AVENUE", "Approved To Street": "37 AVENUE", "Borough Name": "Queens", "program_type": "Full Closure: Schools", "Organization Name": "PS143Q The Louis Armstrong Elementary School", "approved_start": "2024-09-05", "approved_end": "2025-06-27", "approved_days_per_week": 5, "weekly_approved_hours": 32.916666666666664, "total_approved_hours": 1395.6666666666665, "monday_open_min": 475.0, "monday_close_min": 870.0, "monday_schedule": "07:55\u201314:30", "tuesday_open_min": 475.0, "tuesday_close_min": 870.0, "tuesday_schedule": "07:55\u201314:30", "wednesday_open_min": 475.0, "wednesday_close_min": 870.0, "wednesday_schedule": "07:55\u201314:30", "thursday_open_min": 475.0, "thursday_close_min": 870.0, "thursday_schedule": "07:55\u201314:30", "friday_open_min": 475.0, "friday_close_min": 870.0, "friday_schedule": "07:55\u201314:30", "saturday_open_min": null, "saturday_close_min": null, "saturday_schedule": null, "sunday_open_min": null, "sunday_close_min": null, "sunday_schedule": null}, "geometry": {"type": "LineString", "coordinates": [[-73.85601772284632, 40.75702992418647], [-73.85477642117732, 40.75468165973275]]}}, {"type": "Feature", "properties": {"site_id": "OS152", "Approved On Street": "BOND STREET", "Approved From Street": "LAFAYETTE STREET", "Approved To Street": "BOWERY", "Borough Name": "Manhattan", "program_type": "Full Closure", "Organization Name": "il Buco", "approved_start": "2024-04-01", "approved_end": "2024-10-31", "approved_days_per_week": 7, "weekly_approved_hours": 58.5, "total_approved_hours": 1781.0, "monday_open_min": 990.0, "monday_close_min": 1380.0, "monday_schedule": "16:30\u201323:00", "tuesday_open_min": 990.0, "tuesday_close_min": 1380.0, "tuesday_schedule": "16:30\u201323:00", "wednesday_open_min": 990.0, "wednesday_close_min": 1380.0, "wednesday_schedule": "16:30\u201323:00", "thursday_open_min": 990.0, "thursday_close_min": 1380.0, "thursday_schedule": "16:30\u201323:00", "friday_open_min": 990.0, "friday_close_min": 1380.0, "friday_schedule": "16:30\u201323:00", "saturday_open_min": 600.0, "saturday_close_min": 1380.0, "saturday_schedule": "10:00\u201323:00", "sunday_open_min": 600.0, "sunday_close_min": 1380.0, "sunday_schedule": "10:00\u201323:00"}, "geometry": {"type": "LineString", "coordinates": [[-73.99412963258047, 40.72663963721408], [-73.99213361907887, 40.725677139708274]]}}, {"type": "Feature", "properties": {"site_id": "OS153", "Approved On Street": "HUDSON BOULEVARD EAST", "Approved From Street": "WEST 35 STREET", "Approved To Street": "WEST 36 STREET", "Borough Name": "Manhattan", "program_type": "Limited Local Access", "Organization Name": "Hudson Yards Hell's Kitchen Alliance", "approved_start": "2024-05-01", "approved_end": "2024-11-02", "approved_days_per_week": 6, "weekly_approved_hours": 60.0, "total_approved_hours": 1600.0, "monday_open_min": 480.0, "monday_close_min": 1080.0, "monday_schedule": "08:00\u201318:00", "tuesday_open_min": 480.0, "tuesday_close_min": 1080.0, "tuesday_schedule": "08:00\u201318:00", "wednesday_open_min": 480.0, "wednesday_close_min": 1080.0, "wednesday_schedule": "08:00\u201318:00", "thursday_open_min": 480.0, "thursday_close_min": 1080.0, "thursday_schedule": "08:00\u201318:00", "friday_open_min": 480.0, "friday_close_min": 1080.0, "friday_schedule": "08:00\u201318:00", "saturday_open_min": 480.0, "saturday_close_min": 1080.0, "saturday_schedule": "08:00\u201318:00", "sunday_open_min": null, "sunday_close_min": null, "sunday_schedule": null}, "geometry": {"type": "LineString", "coordinates": [[-73.99995867710625, 40.75579967668107], [-73.99946001417979, 40.75639124788932]]}}, {"type": "Feature", "properties": {"site_id": "OS154", "Approved On Street": "EAST 123 STREET", "Approved From Street": "2 AVENUE", "Approved To Street": "3 AVENUE", "Borough Name": "Manhattan", "program_type": "Full Closure", "Organization Name": "Boriken Neighborhood Health Center/ East Harlem Council for Human Services, Inc.", "approved_start": "2024-07-12", "approved_end": "2024-08-30", "approved_days_per_week": 1, "weekly_approved_hours": 6.0, "total_approved_hours": 48.0, "monday_open_min": null, "monday_close_min": null, "monday_schedule": null, "tuesday_open_min": null, "tuesday_close_min": null, "tuesday_schedule": null, "wednesday_open_min": null, "wednesday_close_min": null, "wednesday_schedule": null, "thursday_open_min": null, "thursday_close_min": null, "thursday_schedule": null, "friday_open_min": 600.0, "friday_close_min": 960.0, "friday_schedule": "10:00\u201316:00", "saturday_open_min": null, "saturday_close_min": null, "saturday_schedule": null, "sunday_open_min": null, "sunday_close_min": null, "sunday_schedule": null}, "geometry": {"type": "LineString", "coordinates": [[-73.93676968378777, 40.80239634306321], [-73.93453295745067, 40.80145222686599]]}}, {"type": "Feature", "properties": {"site_id": "OS155", "Approved On Street": "CHRISTOPHER STREET", "Approved From Street": "WAVERLY PLACE", "Approved To Street": "7 AVENUE SOUTH", "Borough Name": "Manhattan", "program_type": "Full Closure", "Organization Name": "Kettle of Fish", "approved_start": "2024-04-12", "approved_end": "2025-04-11", "approved_days_per_week": 3, "weekly_approved_hours": 28.0, "total_approved_hours": 1462.0, "monday_open_min": null, "monday_close_min": null, "monday_schedule": null, "tuesday_open_min": null, "tuesday_close_min": null, "tuesday_schedule": null, "wednesday_open_min": null, "wednesday_close_min": null, "wednesday_schedule": null, "thursday_open_min": null, "thursday_close_min": null, "thursday_schedule": null, "friday_open_min": 1020.0, "friday_close_min": 1380.0, "friday_schedule": "17:00\u201323:00", "saturday_open_min": 720.0, "saturday_close_min": 1380.0, "saturday_schedule": "12:00\u201323:00", "sunday_open_min": 720.0, "sunday_close_min": 1380.0, "sunday_schedule": "12:00\u201323:00"}, "geometry": {"type": "MultiLineString", "coordinates": [[[-74.0026600259461, 40.73364649644159], [-74.00278641410671, 40.733632508562806]], [[-74.00175809764825, 40.73376824351932], [-74.0026600259461, 40.73364649644159]], [[-74.00120475952991, 40.7338430918596], [-74.00175809764825, 40.73376824351932]]]}}, {"type": "Feature", "properties": {"site_id": "OS156", "Approved On Street": "PALISADE PLACE", "Approved From Street": "POPHAM AVENUE", "Approved To Street": "POPHAM AVENUE", "Borough Name": "Bronx", "program_type": "Full Closure: Schools", "Organization Name": "PS 109 Sedgwick School", "approved_start": "2024-09-05", "approved_end": "2025-06-27", "approved_days_per_week": 1, "weekly_approved_hours": 9.0, "total_approved_hours": 378.0, "monday_open_min": 450.0, "monday_close_min": 990.0, "monday_schedule": "07:30\u201316:30", "tuesday_open_min": null, "tuesday_close_min": null, "tuesday_schedule": null, "wednesday_open_min": null, "wednesday_close_min": null, "wednesday_schedule": null, "thursday_open_min": null, "thursday_close_min": null, "thursday_schedule": null, "friday_open_min": null, "friday_close_min": null, "friday_schedule": null, "saturday_open_min": null, "saturday_close_min": null, "saturday_schedule": null, "sunday_open_min": null, "sunday_close_min": null, "sunday_schedule": null}, "geometry": {"type": "MultiLineString", "coordinates": [[[-73.91832575515636, 40.85154322578239], [-73.91819882014791, 40.85181870434768]], [[-73.91819882014791, 40.85181870434768], [-73.91863790511044, 40.85238196627199]], [[-73.91863790511044, 40.85238196627199], [-73.91883794737883, 40.852770777391974]]]}}, {"type": "Feature", "properties": {"site_id": "OS157", "Approved On Street": "84 AVENUE", "Approved From Street": "168 STREET", "Approved To Street": "164 PLACE", "Borough Name": "Queens", "program_type": "Full Closure: Schools", "Organization Name": "Thomas A. Edison CTE High School", "approved_start": "2024-09-05", "approved_end": "2025-06-27", "approved_days_per_week": 5, "weekly_approved_hours": 45.0, "total_approved_hours": 1908.0, "monday_open_min": 450.0, "monday_close_min": 990.0, "monday_schedule": "07:30\u201316:30", "tuesday_open_min": 450.0, "tuesday_close_min": 990.0, "tuesday_schedule": "07:30\u201316:30", "wednesday_open_min": 450.0, "wednesday_close_min": 990.0, "wednesday_schedule": "07:30\u201316:30", "thursday_open_min": 450.0, "thursday_close_min": 990.0, "thursday_schedule": "07:30\u201316:30", "friday_open_min": 450.0, "friday_close_min": 990.0, "friday_schedule": "07:30\u201316:30", "saturday_open_min": null, "saturday_close_min": null, "saturday_schedule": null, "sunday_open_min": null, "sunday_close_min": null, "sunday_schedule": null}, "geometry": {"type": "MultiLineString", "coordinates": [[[-73.801570243488, 40.71520377315624], [-73.79958920258824, 40.71549416981052]], [[-73.79958920258824, 40.71549416981052], [-73.79943243098079, 40.71553938168446]], [[-73.79943243098079, 40.71553938168446], [-73.79928191747227, 40.71559717541223]], [[-73.79928191747227, 40.71559717541223], [-73.79914023277611, 40.7156666910113]], [[-73.7976219215303, 40.71590108291711], [-73.79748433578536, 40.71578931248378]], [[-73.79914023277611, 40.7156666910113], [-73.79900962922983, 40.715746689738886]], [[-73.79900962922983, 40.715746689738886], [-73.7988908504728, 40.7158142819013]], [[-73.7988908504728, 40.7158142819013], [-73.79875653713037, 40.71586844715942]], [[-73.79875653713037, 40.71586844715942], [-73.79861091106275, 40.71590635622993]], [[-73.79861091106275, 40.71590635622993], [-73.79845924411711, 40.71592629832]], [[-73.79845924411711, 40.71592629832], [-73.79830725403366, 40.71592784217194]], [[-73.79830725403366, 40.71592784217194], [-73.79816040582693, 40.71591194290393]], [[-73.79816040582693, 40.71591194290393], [-73.7976219215303, 40.71590108291711]]]}}, {"type": "Feature", "properties": {"site_id": "OS158", "Approved On Street": "MINTHORNE STREET", "Approved From Street": "BAY STREET", "Approved To Street": "VICTORY BOULEVARD", "Borough Name": "Staten Island", "program_type": "Full Closure", "Organization Name": "Staten Island Chamber of Commerce Foundation Inc. / The Angiuli Group, LLC", "approved_start": "2024-04-19", "approved_end": "2024-10-31", "approved_days_per_week": 2, "weekly_approved_hours": 21.0, "total_approved_hours": 588.0, "monday_open_min": null, "monday_close_min": null, "monday_schedule": null, "tuesday_open_min": null, "tuesday_close_min": null, "tuesday_schedule": null, "wednesday_open_min": null, "wednesday_close_min": null, "wednesday_schedule": null, "thursday_open_min": null, "thursday_close_min": null, "thursday_schedule": null, "friday_open_min": 960.0, "friday_close_min": 1440.0, "friday_schedule": "16:00\u201300:00", "saturday_open_min": 660.0, "saturday_close_min": 1440.0, "saturday_schedule": "11:00\u201300:00", "sunday_open_min": null, "sunday_close_min": null, "sunday_schedule": null}, "geometry": {"type": "MultiLineString", "coordinates": [[[-74.07556065573438, 40.636744398373125], [-74.07617948713154, 40.636561797917196]], [[-74.07532908811164, 40.63763885316002], [-74.07556065573438, 40.636744398373125]], [[-74.07529215391295, 40.637785257627286], [-74.07532908811164, 40.63763885316002]]]}}, {"type": "Feature", "properties": {"site_id": "OS159", "Approved On Street": "9 AVENUE", "Approved From Street": "WEST 14 STREET", "Approved To Street": "WEST 15 STREET", "Borough Name": "Manhattan", "program_type": "Full Closure", "Organization Name": "Meatpacking District Management Association", "approved_start": "2024-04-01", "approved_end": "2024-12-31", "approved_days_per_week": 7, "weekly_approved_hours": 167.76666666666665, "total_approved_hours": 6590.833333333333, "monday_open_min": 1.0, "monday_close_min": 1439.0, "monday_schedule": "00:01\u201323:59", "tuesday_open_min": 1.0, "tuesday_close_min": 1439.0, "tuesday_schedule": "00:01\u201323:59", "wednesday_open_min": 1.0, "wednesday_close_min": 1439.0, "wednesday_schedule": "00:01\u201323:59", "thursday_open_min": 1.0, "thursday_close_min": 1439.0, "thursday_schedule": "00:01\u201323:59", "friday_open_min": 1.0, "friday_close_min": 1439.0, "friday_schedule": "00:01\u201323:59", "saturday_open_min": 1.0, "saturday_close_min": 1439.0, "saturday_schedule": "00:01\u201323:59", "sunday_open_min": 1.0, "sunday_close_min": 1439.0, "sunday_schedule": "00:01\u201323:59"}, "geometry": {"type": "MultiLineString", "coordinates": [[[-74.00544214819755, 40.74098214047756], [-74.00538904476784, 40.741055790048804]], [[-74.00538904476784, 40.741055790048804], [-74.00515888286897, 40.74137112575465]], [[-74.00515888286897, 40.74137112575465], [-74.00493759875863, 40.741674382105266]]]}}, {"type": "Feature", "properties": {"site_id": "OS160", "Approved On Street": "EAST 89 STREET", "Approved From Street": "5 AVENUE", "Approved To Street": "MADISON AVENUE", "Borough Name": "Manhattan", "program_type": "Full Closure: Schools", "Organization Name": "Saint David's School", "approved_start": "2024-07-01", "approved_end": "2025-06-27", "approved_days_per_week": 5, "weekly_approved_hours": 20.0, "total_approved_hours": 1040.0, "monday_open_min": 600.0, "monday_close_min": 840.0, "monday_schedule": "10:00\u201314:00", "tuesday_open_min": 600.0, "tuesday_close_min": 840.0, "tuesday_schedule": "10:00\u201314:00", "wednesday_open_min": 600.0, "wednesday_close_min": 840.0, "wednesday_schedule": "10:00\u201314:00", "thursday_open_min": 600.0, "thursday_close_min": 840.0, "thursday_schedule": "10:00\u201314:00", "friday_open_min": 600.0, "friday_close_min": 840.0, "friday_schedule": "10:00\u201314:00", "saturday_open_min": null, "saturday_close_min": null, "saturday_schedule": null, "sunday_open_min": null, "sunday_close_min": null, "sunday_schedule": null}, "geometry": {"type": "MultiLineString", "coordinates": [[[-73.95764535429892, 40.78289087935348], [-73.95740399322997, 40.782790023354934]], [[-73.95785462981371, 40.78297691166382], [-73.95764535429892, 40.78289087935348]], [[-73.95901176689073, 40.78346128471961], [-73.95785462981371, 40.78297691166382]]]}}, {"type": "Feature", "properties": {"site_id": "OS161", "Approved On Street": "WEST 75 STREET", "Approved From Street": "WEST END AVENUE", "Approved To Street": "RIVERSIDE DRIVE", "Borough Name": "Manhattan", "program_type": "Full Closure: Schools", "Organization Name": "Manhattan Day School", "approved_start": "2024-09-05", "approved_end": "2025-06-27", "approved_days_per_week": 5, "weekly_approved_hours": 26.75, "total_approved_hours": 1133.0, "monday_open_min": 600.0, "monday_close_min": 945.0, "monday_schedule": "10:00\u201315:45", "tuesday_open_min": 600.0, "tuesday_close_min": 945.0, "tuesday_schedule": "10:00\u201315:45", "wednesday_open_min": 600.0, "wednesday_close_min": 945.0, "wednesday_schedule": "10:00\u201315:45", "thursday_open_min": 600.0, "thursday_close_min": 945.0, "thursday_schedule": "10:00\u201315:45", "friday_open_min": 600.0, "friday_close_min": 825.0, "friday_schedule": "10:00\u201313:45", "saturday_open_min": null, "saturday_close_min": null, "saturday_schedule": null, "sunday_open_min": null, "sunday_close_min": null, "sunday_schedule": null}, "geometry": {"type": "MultiLineString", "coordinates": [[[-73.98306206521265, 40.781757615992035], [-73.98346365931796, 40.781931800736]], [[-73.98346365931796, 40.781931800736], [-73.98365415286847, 40.78201162587256]], [[-73.98365415286847, 40.78201162587256], [-73.9847788908747, 40.78248292599504]]]}}, {"type": "Feature", "properties": {"site_id": "OS162", "Approved On Street": "WEST 108 STREET", "Approved From Street": "AMSTERDAM AVENUE", "Approved To Street": "BROADWAY", "Borough Name": "Manhattan", "program_type": "Full Closure: Schools", "Organization Name": "PS 421M West Prep Academy, NYCPS", "approved_start": "2024-09-05", "approved_end": "2025-06-27", "approved_days_per_week": 5, "weekly_approved_hours": 35.0, "total_approved_hours": 1484.0, "monday_open_min": 480.0, "monday_close_min": 900.0, "monday_schedule": "08:00\u201315:00", "tuesday_open_min": 480.0, "tuesday_close_min": 900.0, "tuesday_schedule": "08:00\u201315:00", "wednesday_open_min": 480.0, "wednesday_close_min": 900.0, "wednesday_schedule": "08:00\u201315:00", "thursday_open_min": 480.0, "thursday_close_min": 900.0, "thursday_schedule": "08:00\u201315:00", "friday_open_min": 480.0, "friday_close_min": 900.0, "friday_schedule": "08:00\u201315:00", "saturday_open_min": null, "saturday_close_min": null, "saturday_schedule": null, "sunday_open_min": null, "sunday_close_min": null, "sunday_schedule": null}, "geometry": {"type": "MultiLineString", "coordinates": [[[-73.96475930379877, 40.80174161330712], [-73.96673033268226, 40.802571674690235]], [[-73.96673033268226, 40.802571674690235], [-73.96722228303508, 40.80277884210666]], [[-73.96722228303508, 40.80277884210666], [-73.96749723013971, 40.80289462415002]]]}}, {"type": "Feature", "properties": {"site_id": "OS163", "Approved On Street": "WEST 159 STREET", "Approved From Street": "BROADWAY", "Approved To Street": "AMSTERDAM AVENUE", "Borough Name": "Manhattan", "program_type": "Full Closure", "Organization Name": "Community League of the Heights (CLOTH)", "approved_start": "2024-07-08", "approved_end": "2024-08-16", "approved_days_per_week": 5, "weekly_approved_hours": 40.0, "total_approved_hours": 240.0, "monday_open_min": 480.0, "monday_close_min": 960.0, "monday_schedule": "08:00\u201316:00", "tuesday_open_min": 480.0, "tuesday_close_min": 960.0, "tuesday_schedule": "08:00\u201316:00", "wednesday_open_min": 480.0, "wednesday_close_min": 960.0, "wednesday_schedule": "08:00\u201316:00", "thursday_open_min": 480.0, "thursday_close_min": 960.0, "thursday_schedule": "08:00\u201316:00", "friday_open_min": 480.0, "friday_close_min": 960.0, "friday_schedule": "08:00\u201316:00", "saturday_open_min": null, "saturday_close_min": null, "saturday_schedule": null, "sunday_open_min": null, "sunday_close_min": null, "sunday_schedule": null}, "geometry": {"type": "MultiLineString", "coordinates": [[[-73.941118195768, 40.8341137610109], [-73.94310089025379, 40.83494532799916]], [[-73.94310089025379, 40.83494532799916], [-73.94324363370166, 40.83500519384838]], [[-73.94324363370166, 40.83500519384838], [-73.94386764907583, 40.8352669000909]]]}}, {"type": "Feature", "properties": {"site_id": "OS164", "Approved On Street": "MOUNT HOPE PLACE", "Approved From Street": "MONROE AVENUE", "Approved To Street": "ANTHONY AVENUE", "Borough Name": "Bronx", "program_type": "Full Closure: Schools", "Organization Name": "PS 28 Mount Hope", "approved_start": "2024-09-05", "approved_end": "2025-06-27", "approved_days_per_week": 1, "weekly_approved_hours": 4.0, "total_approved_hours": 172.0, "monday_open_min": null, "monday_close_min": null, "monday_schedule": null, "tuesday_open_min": null, "tuesday_close_min": null, "tuesday_schedule": null, "wednesday_open_min": null, "wednesday_close_min": null, "wednesday_schedule": null, "thursday_open_min": null, "thursday_close_min": null, "thursday_schedule": null, "friday_open_min": 600.0, "friday_close_min": 840.0, "friday_schedule": "10:00\u201314:00", "saturday_open_min": null, "saturday_close_min": null, "saturday_schedule": null, "sunday_open_min": null, "sunday_close_min": null, "sunday_schedule": null}, "geometry": {"type": "MultiLineString", "coordinates": [[[-73.90481117697186, 40.84815375998855], [-73.90356494855868, 40.84790773690461]], [[-73.90604399799986, 40.84839712022892], [-73.90542700604423, 40.848275327819124]], [[-73.90489574472834, 40.84817045373259], [-73.90481117697186, 40.84815375998855]], [[-73.90514454019545, 40.84821956793017], [-73.90489574472834, 40.84817045373259]], [[-73.90542700604423, 40.848275327819124], [-73.90514454019545, 40.84821956793017]]]}}, {"type": "Feature", "properties": {"site_id": "OS165", "Approved On Street": "MORRIS AVENUE", "Approved From Street": "MOUNT HOPE PLACE", "Approved To Street": "EAST 176 STREET", "Borough Name": "Bronx", "program_type": "Full Closure: Schools", "Organization Name": "IS 117: Joseph H. Wade School", "approved_start": "2024-09-05", "approved_end": "2025-06-27", "approved_days_per_week": 5, "weekly_approved_hours": 5.0, "total_approved_hours": 212.0, "monday_open_min": 840.0, "monday_close_min": 900.0, "monday_schedule": "14:00\u201315:00", "tuesday_open_min": 840.0, "tuesday_close_min": 900.0, "tuesday_schedule": "14:00\u201315:00", "wednesday_open_min": 840.0, "wednesday_close_min": 900.0, "wednesday_schedule": "14:00\u201315:00", "thursday_open_min": 840.0, "thursday_close_min": 900.0, "thursday_schedule": "14:00\u201315:00", "friday_open_min": 840.0, "friday_close_min": 900.0, "friday_schedule": "14:00\u201315:00", "saturday_open_min": null, "saturday_close_min": null, "saturday_schedule": null, "sunday_open_min": null, "sunday_close_min": null, "sunday_schedule": null}, "geometry": {"type": "MultiLineString", "coordinates": [[[-73.9085812972093, 40.84802250093054], [-73.90850187514415, 40.848258522771445]], [[-73.90850187514415, 40.848258522771445], [-73.90846908856544, 40.84835595615686]], [[-73.90846908856544, 40.84835595615686], [-73.90830376225485, 40.84884725777433]]]}}, {"type": "Feature", "properties": {"site_id": "OS166", "Approved On Street": "WEST 164 STREET", "Approved From Street": "AMSTERDAM AVENUE", "Approved To Street": "EDGECOMBE AVENUE", "Borough Name": "Manhattan", "program_type": "Full Closure", "Organization Name": "Community League of the Heights (CLOTH)", "approved_start": "2024-07-08", "approved_end": "2024-08-16", "approved_days_per_week": 5, "weekly_approved_hours": 40.0, "total_approved_hours": 240.0, "monday_open_min": 480.0, "monday_close_min": 960.0, "monday_schedule": "08:00\u201316:00", "tuesday_open_min": 480.0, "tuesday_close_min": 960.0, "tuesday_schedule": "08:00\u201316:00", "wednesday_open_min": 480.0, "wednesday_close_min": 960.0, "wednesday_schedule": "08:00\u201316:00", "thursday_open_min": 480.0, "thursday_close_min": 960.0, "thursday_schedule": "08:00\u201316:00", "friday_open_min": 480.0, "friday_close_min": 960.0, "friday_schedule": "08:00\u201316:00", "saturday_open_min": null, "saturday_close_min": null, "saturday_schedule": null, "sunday_open_min": null, "sunday_close_min": null, "sunday_schedule": null}, "geometry": {"type": "MultiLineString", "coordinates": [[[-73.93702354051005, 40.836468947519315], [-73.93748948008148, 40.8366641192206]], [[-73.93748948008148, 40.8366641192206], [-73.93794638058752, 40.836855501193746]], [[-73.93794638058752, 40.836855501193746], [-73.93800478311665, 40.83687996480232]], [[-73.93831835744732, 40.83701131057844], [-73.93883989883555, 40.837229761778744]], [[-73.93814812946724, 40.836940008356414], [-73.93820768533706, 40.83696495424459]], [[-73.93820768533706, 40.83696495424459], [-73.93831835744732, 40.83701131057844]], [[-73.93800478311665, 40.83687996480232], [-73.93808619496552, 40.83691406611473]], [[-73.93808619496552, 40.83691406611473], [-73.93814812946724, 40.836940008356414]]]}}, {"type": "Feature", "properties": {"site_id": "OS167", "Approved On Street": "109 AVENUE", "Approved From Street": "159 STREET", "Approved To Street": "160 STREET", "Borough Name": "Queens", "program_type": "Full Closure", "Organization Name": "Family Unity in Our Community Incorporated", "approved_start": "2024-07-13", "approved_end": "2024-08-24", "approved_days_per_week": 1, "weekly_approved_hours": 5.0, "total_approved_hours": 35.0, "monday_open_min": null, "monday_close_min": null, "monday_schedule": null, "tuesday_open_min": null, "tuesday_close_min": null, "tuesday_schedule": null, "wednesday_open_min": null, "wednesday_close_min": null, "wednesday_schedule": null, "thursday_open_min": null, "thursday_close_min": null, "thursday_schedule": null, "friday_open_min": null, "friday_close_min": null, "friday_schedule": null, "saturday_open_min": 660.0, "saturday_close_min": 960.0, "saturday_schedule": "11:00\u201316:00", "sunday_open_min": null, "sunday_close_min": null, "sunday_schedule": null}, "geometry": {"type": "MultiLineString", "coordinates": [[[-73.79289164566032, 40.69378957230882], [-73.79282746388795, 40.69381712422247]], [[-73.79282746388795, 40.69381712422247], [-73.79278144930689, 40.69383687703098]], [[-73.79264912627994, 40.693893680942814], [-73.79260253109561, 40.69391368207648]], [[-73.79260253109561, 40.69391368207648], [-73.79213031298069, 40.69411639250882]], [[-73.79278144930689, 40.69383687703098], [-73.79273927665422, 40.69385498069246]], [[-73.79273927665422, 40.69385498069246], [-73.79269115208054, 40.693875640085906]], [[-73.79269115208054, 40.693875640085906], [-73.79264912627994, 40.693893680942814]]]}}, {"type": "Feature", "properties": {"site_id": "OS168", "Approved On Street": "EAST 5 STREET", "Approved From Street": "AVENUE C", "Approved To Street": "DEAD END", "Borough Name": "Manhattan", "program_type": "Full Closure: Schools", "Organization Name": "PS 64M Robert Simon School", "approved_start": "2024-09-05", "approved_end": "2025-06-27", "approved_days_per_week": 5, "weekly_approved_hours": 15.0, "total_approved_hours": 636.0, "monday_open_min": 600.0, "monday_close_min": 780.0, "monday_schedule": "10:00\u201313:00", "tuesday_open_min": 600.0, "tuesday_close_min": 780.0, "tuesday_schedule": "10:00\u201313:00", "wednesday_open_min": 600.0, "wednesday_close_min": 780.0, "wednesday_schedule": "10:00\u201313:00", "thursday_open_min": 600.0, "thursday_close_min": 780.0, "thursday_schedule": "10:00\u201313:00", "friday_open_min": 600.0, "friday_close_min": 780.0, "friday_schedule": "10:00\u201313:00", "saturday_open_min": null, "saturday_close_min": null, "saturday_schedule": null, "sunday_open_min": null, "sunday_close_min": null, "sunday_schedule": null}, "geometry": {"type": "MultiLineString", "coordinates": [[[-73.98053381372345, 40.723241209281205], [-73.97972660697124, 40.722890597133684]], [[-73.9805738638572, 40.72325860488101], [-73.98053381372345, 40.723241209281205]], [[-73.98060741670409, 40.723273178076845], [-73.9805738638572, 40.72325860488101]], [[-73.98076612869687, 40.72334211347495], [-73.98072680985494, 40.723325035044]], [[-73.98068769932556, 40.723308048486466], [-73.98064905155748, 40.723291261906446]], [[-73.98064905155748, 40.723291261906446], [-73.98060741670409, 40.723273178076845]], [[-73.98072680985494, 40.723325035044], [-73.98068769932556, 40.723308048486466]], [[-73.98097001585082, 40.72343066832162], [-73.9809332212786, 40.72341468719888]], [[-73.98113038547811, 40.7235003211959], [-73.98108619521301, 40.72348112859423]], [[-73.98143721969058, 40.72363358971846], [-73.98113038547811, 40.7235003211959]], [[-73.98104708568403, 40.723464142159315], [-73.98101006621253, 40.723448062868705]], [[-73.98101006621253, 40.723448062868705], [-73.98097001585082, 40.72343066832162]], [[-73.98108619521301, 40.72348112859423], [-73.98104708568403, 40.723464142159315]], [[-73.98088901692553, 40.72339548731489], [-73.98085130992587, 40.72337910979036]], [[-73.9809332212786, 40.72341468719888], [-73.98088901692553, 40.72339548731489]], [[-73.98080801808555, 40.72336030715153], [-73.98076612869687, 40.72334211347495]], [[-73.98085130992587, 40.72337910979036], [-73.98080801808555, 40.72336030715153]]]}}, {"type": "Feature", "properties": {"site_id": "OS169", "Approved On Street": "ANDREWS AVENUE SOUTH", "Approved From Street": "WEST BURNSIDE AVENUE", "Approved To Street": "WEST 179 STREET", "Borough Name": "Bronx", "program_type": "Full Closure: Schools", "Organization Name": "Middle School 390", "approved_start": "2024-09-05", "approved_end": "2025-06-27", "approved_days_per_week": 5, "weekly_approved_hours": 45.0, "total_approved_hours": 1908.0, "monday_open_min": 450.0, "monday_close_min": 990.0, "monday_schedule": "07:30\u201316:30", "tuesday_open_min": 450.0, "tuesday_close_min": 990.0, "tuesday_schedule": "07:30\u201316:30", "wednesday_open_min": 450.0, "wednesday_close_min": 990.0, "wednesday_schedule": "07:30\u201316:30", "thursday_open_min": 450.0, "thursday_close_min": 990.0, "thursday_schedule": "07:30\u201316:30", "friday_open_min": 450.0, "friday_close_min": 990.0, "friday_schedule": "07:30\u201316:30", "saturday_open_min": null, "saturday_close_min": null, "saturday_schedule": null, "sunday_open_min": null, "sunday_close_min": null, "sunday_schedule": null}, "geometry": {"type": "MultiLineString", "coordinates": [[[-73.91384894907132, 40.85381088340427], [-73.91383248836343, 40.8539296369355]], [[-73.91383248836343, 40.8539296369355], [-73.91276117700986, 40.85525129346922]]]}}, {"type": "Feature", "properties": {"site_id": "OS170", "Approved On Street": "AMSTERDAM AVENUE", "Approved From Street": "CATHEDRAL PARKWAY", "Approved To Street": "WEST 111 STREET", "Borough Name": "Manhattan", "program_type": "Full Closure", "Organization Name": "West 111th Street Block Association", "approved_start": "2024-03-16", "approved_end": "2024-12-29", "approved_days_per_week": 2, "weekly_approved_hours": 28.0, "total_approved_hours": 1176.0, "monday_open_min": null, "monday_close_min": null, "monday_schedule": null, "tuesday_open_min": null, "tuesday_close_min": null, "tuesday_schedule": null, "wednesday_open_min": null, "wednesday_close_min": null, "wednesday_schedule": null, "thursday_open_min": null, "thursday_close_min": null, "thursday_schedule": null, "friday_open_min": null, "friday_close_min": null, "friday_schedule": null, "saturday_open_min": 600.0, "saturday_close_min": 1440.0, "saturday_schedule": "10:00\u201300:00", "sunday_open_min": 600.0, "sunday_close_min": 1440.0, "sunday_schedule": "10:00\u201300:00"}, "geometry": {"type": "MultiLineString", "coordinates": [[[-73.9638612634734, 40.80297203811626], [-73.96367946999935, 40.803221998169555]], [[-73.96367946999935, 40.803221998169555], [-73.96338788813422, 40.803628992602015]]]}}, {"type": "Feature", "properties": {"site_id": "OS171", "Approved On Street": "RAPELYE STREET", "Approved From Street": "HICKS STREET", "Approved To Street": "HENRY STREET", "Borough Name": "Brooklyn", "program_type": "Full Closure: Schools", "Organization Name": "PS 146 Brooklyn New School", "approved_start": "2024-09-05", "approved_end": "2025-06-27", "approved_days_per_week": 5, "weekly_approved_hours": 37.5, "total_approved_hours": 1590.0, "monday_open_min": 450.0, "monday_close_min": 900.0, "monday_schedule": "07:30\u201315:00", "tuesday_open_min": 450.0, "tuesday_close_min": 900.0, "tuesday_schedule": "07:30\u201315:00", "wednesday_open_min": 450.0, "wednesday_close_min": 900.0, "wednesday_schedule": "07:30\u201315:00", "thursday_open_min": 450.0, "thursday_close_min": 900.0, "thursday_schedule": "07:30\u201315:00", "friday_open_min": 450.0, "friday_close_min": 900.0, "friday_schedule": "07:30\u201315:00", "saturday_open_min": null, "saturday_close_min": null, "saturday_schedule": null, "sunday_open_min": null, "sunday_close_min": null, "sunday_schedule": null}, "geometry": {"type": "MultiLineString", "coordinates": [[[-74.00213829434544, 40.68034636463299], [-74.0013398065458, 40.68012115807079]], [[-74.00289363583705, 40.68055940979824], [-74.00213829434544, 40.68034636463299]]]}}, {"type": "Feature", "properties": {"site_id": "OS172", "Approved On Street": "EAST 212 STREET", "Approved From Street": "WHITE PLAINS ROAD", "Approved To Street": "WHITE PLAINS ROAD", "Borough Name": "Bronx", "program_type": "Full Closure", "Organization Name": "Uptown & Boogie Healthy Project", "approved_start": "2024-06-01", "approved_end": "2024-11-24", "approved_days_per_week": 1, "weekly_approved_hours": 6.0, "total_approved_hours": 156.0, "monday_open_min": null, "monday_close_min": null, "monday_schedule": null, "tuesday_open_min": null, "tuesday_close_min": null, "tuesday_schedule": null, "wednesday_open_min": null, "wednesday_close_min": null, "wednesday_schedule": null, "thursday_open_min": null, "thursday_close_min": null, "thursday_schedule": null, "friday_open_min": null, "friday_close_min": null, "friday_schedule": null, "saturday_open_min": 540.0, "saturday_close_min": 900.0, "saturday_schedule": "09:00\u201315:00", "sunday_open_min": null, "sunday_close_min": null, "sunday_schedule": null}, "geometry": {"type": "MultiLineString", "coordinates": [[[-73.86577049477033, 40.87855967938012], [-73.86557417302413, 40.878497152404606]], [[-73.86583214270105, 40.87857592743365], [-73.86577049477033, 40.87855967938012]]]}}, {"type": "Feature", "properties": {"site_id": "OS173", "Approved On Street": "EAST 22 STREET", "Approved From Street": "PARK AVENUE SOUTH", "Approved To Street": "LEXINGTON AVENUE", "Borough Name": "Manhattan", "program_type": "Full Closure: Schools", "Organization Name": "The \u00c9cole", "approved_start": "2024-06-30", "approved_end": "2025-06-27", "approved_days_per_week": 5, "weekly_approved_hours": 22.5, "total_approved_hours": 1170.0, "monday_open_min": 570.0, "monday_close_min": 840.0, "monday_schedule": "09:30\u201314:00", "tuesday_open_min": 570.0, "tuesday_close_min": 840.0, "tuesday_schedule": "09:30\u201314:00", "wednesday_open_min": 570.0, "wednesday_close_min": 840.0, "wednesday_schedule": "09:30\u201314:00", "thursday_open_min": 570.0, "thursday_close_min": 840.0, "thursday_schedule": "09:30\u201314:00", "friday_open_min": 570.0, "friday_close_min": 840.0, "friday_schedule": "09:30\u201314:00", "saturday_open_min": null, "saturday_close_min": null, "saturday_schedule": null, "sunday_open_min": null, "sunday_close_min": null, "sunday_schedule": null}, "geometry": {"type": "MultiLineString", "coordinates": [[[-73.98647195032133, 40.73936282088685], [-73.98523224580666, 40.73884023023462]], [[-73.98677423740972, 40.739492898261794], [-73.98647195032133, 40.73936282088685]]]}}, {"type": "Feature", "properties": {"site_id": "OS174", "Approved On Street": "LEXINGTON AVENUE", "Approved From Street": "CLASSON AVENUE", "Approved To Street": "GRAND AVENUE", "Borough Name": "Brooklyn", "program_type": "Full Closure", "Organization Name": "The Brooklyn Bazaar Festival Inc.", "approved_start": "2024-05-25", "approved_end": "2024-10-26", "approved_days_per_week": 2, "weekly_approved_hours": 16.0, "total_approved_hours": 360.0, "monday_open_min": null, "monday_close_min": null, "monday_schedule": null, "tuesday_open_min": null, "tuesday_close_min": null, "tuesday_schedule": null, "wednesday_open_min": null, "wednesday_close_min": null, "wednesday_schedule": null, "thursday_open_min": null, "thursday_close_min": null, "thursday_schedule": null, "friday_open_min": null, "friday_close_min": null, "friday_schedule": null, "saturday_open_min": 840.0, "saturday_close_min": 1320.0, "saturday_schedule": "14:00\u201322:00", "sunday_open_min": 840.0, "sunday_close_min": 1320.0, "sunday_schedule": "14:00\u201322:00"}, "geometry": {"type": "MultiLineString", "coordinates": [[[-73.96239800416481, 40.686352018233066], [-73.96207233324401, 40.68639005711551]], [[-73.96207233324401, 40.68639005711551], [-73.95956770229138, 40.686682555691775]]]}}, {"type": "Feature", "properties": {"site_id": "OS175", "Approved On Street": "CLARKSON STREET", "Approved From Street": "VARICK STREET", "Approved To Street": "HUDSON STREET", "Borough Name": "Manhattan", "program_type": "Full Closure: Schools", "Organization Name": "City-As School: High School M560", "approved_start": "2024-09-05", "approved_end": "2025-06-27", "approved_days_per_week": 5, "weekly_approved_hours": 22.5, "total_approved_hours": 954.0, "monday_open_min": 630.0, "monday_close_min": 900.0, "monday_schedule": "10:30\u201315:00", "tuesday_open_min": 630.0, "tuesday_close_min": 900.0, "tuesday_schedule": "10:30\u201315:00", "wednesday_open_min": 630.0, "wednesday_close_min": 900.0, "wednesday_schedule": "10:30\u201315:00", "thursday_open_min": 630.0, "thursday_close_min": 900.0, "thursday_schedule": "10:30\u201315:00", "friday_open_min": 630.0, "friday_close_min": 900.0, "friday_schedule": "10:30\u201315:00", "saturday_open_min": null, "saturday_close_min": null, "saturday_schedule": null, "sunday_open_min": null, "sunday_close_min": null, "sunday_schedule": null}, "geometry": {"type": "MultiLineString", "coordinates": [[[-74.00517157395001, 40.72944721023154], [-74.00542391483259, 40.729339852596894]], [[-74.00542391483259, 40.729339852596894], [-74.00697298804742, 40.72949498987261]]]}}, {"type": "Feature", "properties": {"site_id": "OS176", "Approved On Street": "GROVE STREET", "Approved From Street": "HUDSON STREET", "Approved To Street": "BEDFORD STREET", "Borough Name": "Manhattan", "program_type": "Full Closure: Schools", "Organization Name": "PS3 Charrette School", "approved_start": "2024-09-05", "approved_end": "2025-06-27", "approved_days_per_week": 5, "weekly_approved_hours": 37.5, "total_approved_hours": 1590.0, "monday_open_min": 480.0, "monday_close_min": 930.0, "monday_schedule": "08:00\u201315:30", "tuesday_open_min": 480.0, "tuesday_close_min": 930.0, "tuesday_schedule": "08:00\u201315:30", "wednesday_open_min": 480.0, "wednesday_close_min": 930.0, "wednesday_schedule": "08:00\u201315:30", "thursday_open_min": 480.0, "thursday_close_min": 930.0, "thursday_schedule": "08:00\u201315:30", "friday_open_min": 480.0, "friday_close_min": 930.0, "friday_schedule": "08:00\u201315:30", "saturday_open_min": null, "saturday_close_min": null, "saturday_schedule": null, "sunday_open_min": null, "sunday_close_min": null, "sunday_schedule": null}, "geometry": {"type": "MultiLineString", "coordinates": [[[-74.00650135334578, 40.73242587507695], [-74.00579422084894, 40.73237233259109]], [[-74.00579422084894, 40.73237233259109], [-74.00546283761398, 40.732448063517985]]]}}, {"type": "Feature", "properties": {"site_id": "OS177", "Approved On Street": "HARROD PLACE", "Approved From Street": "WESTCHESTER AVENUE", "Approved To Street": "MORRISON AVENUE", "Borough Name": "Bronx", "program_type": "Full Closure", "Organization Name": "Youth Ministries for Peace and Justice, Inc.", "approved_start": "2024-05-11", "approved_end": "2024-11-02", "approved_days_per_week": 1, "weekly_approved_hours": 7.0, "total_approved_hours": 182.0, "monday_open_min": null, "monday_close_min": null, "monday_schedule": null, "tuesday_open_min": null, "tuesday_close_min": null, "tuesday_schedule": null, "wednesday_open_min": null, "wednesday_close_min": null, "wednesday_schedule": null, "thursday_open_min": null, "thursday_close_min": null, "thursday_schedule": null, "friday_open_min": null, "friday_close_min": null, "friday_schedule": null, "saturday_open_min": 600.0, "saturday_close_min": 1020.0, "saturday_schedule": "10:00\u201317:00", "sunday_open_min": null, "sunday_close_min": null, "sunday_schedule": null}, "geometry": {"type": "MultiLineString", "coordinates": [[[-73.8744376980946, 40.829047266362416], [-73.87363397239272, 40.82927582580175]], [[-73.87363397239272, 40.82927582580175], [-73.87372870269583, 40.82975288615043]]]}}, {"type": "Feature", "properties": {"site_id": "OS178", "Approved On Street": "RIVINGTON STREET", "Approved From Street": "ALLEN STREET", "Approved To Street": "ALLEN STREET", "Borough Name": "Manhattan", "program_type": "Full Closure", "Organization Name": "SONNYBOY", "approved_start": "2024-03-01", "approved_end": "2024-11-30", "approved_days_per_week": 6, "weekly_approved_hours": 66.0, "total_approved_hours": 2601.5, "monday_open_min": null, "monday_close_min": null, "monday_schedule": null, "tuesday_open_min": 1005.0, "tuesday_close_min": 1380.0, "tuesday_schedule": "16:45\u201323:00", "wednesday_open_min": 1005.0, "wednesday_close_min": 1380.0, "wednesday_schedule": "16:45\u201323:00", "thursday_open_min": 600.0, "thursday_close_min": 1380.0, "thursday_schedule": "10:00\u201323:00", "friday_open_min": 600.0, "friday_close_min": 1425.0, "friday_schedule": "10:00\u201323:45", "saturday_open_min": 600.0, "saturday_close_min": 1425.0, "saturday_schedule": "10:00\u201323:45", "sunday_open_min": 600.0, "sunday_close_min": 1380.0, "sunday_schedule": "10:00\u201323:00"}, "geometry": {"type": "MultiLineString", "coordinates": [[[-73.98972000093538, 40.720478584578366], [-73.98958546988145, 40.72043681585432]], [[-73.98985454399376, 40.72052035314608], [-73.98972000093538, 40.720478584578366]]]}}, {"type": "Feature", "properties": {"site_id": "OS179", "Approved On Street": "MASPETH AVENUE", "Approved From Street": "HUMBOLDT STREET", "Approved To Street": "WOODPOINT ROAD", "Borough Name": "Brooklyn", "program_type": "Full Closure", "Organization Name": "Friends of Cooper Park", "approved_start": "2024-05-25", "approved_end": "2024-06-15", "approved_days_per_week": 1, "weekly_approved_hours": 12.0, "total_approved_hours": 48.0, "monday_open_min": null, "monday_close_min": null, "monday_schedule": null, "tuesday_open_min": null, "tuesday_close_min": null, "tuesday_schedule": null, "wednesday_open_min": null, "wednesday_close_min": null, "wednesday_schedule": null, "thursday_open_min": null, "thursday_close_min": null, "thursday_schedule": null, "friday_open_min": null, "friday_close_min": null, "friday_schedule": null, "saturday_open_min": 420.0, "saturday_close_min": 1140.0, "saturday_schedule": "07:00\u201319:00", "sunday_open_min": null, "sunday_close_min": null, "sunday_schedule": null}, "geometry": {"type": "MultiLineString", "coordinates": [[[-73.94273549727382, 40.71486784437244], [-73.94258994583357, 40.71487728577411]], [[-73.94258994583357, 40.71487728577411], [-73.94216076916554, 40.71506304798576]]]}}, {"type": "Feature", "properties": {"site_id": "OS180", "Approved On Street": "DOCK STREET", "Approved From Street": "FRONT STREET", "Approved To Street": "WATER STREET", "Borough Name": "Brooklyn", "program_type": "Full Closure: Schools", "Organization Name": "The Dock Street School for STEAM Studies", "approved_start": "2024-09-05", "approved_end": "2025-06-27", "approved_days_per_week": 5, "weekly_approved_hours": 7.5, "total_approved_hours": 318.0, "monday_open_min": 675.0, "monday_close_min": 765.0, "monday_schedule": "11:15\u201312:45", "tuesday_open_min": 675.0, "tuesday_close_min": 765.0, "tuesday_schedule": "11:15\u201312:45", "wednesday_open_min": 675.0, "wednesday_close_min": 765.0, "wednesday_schedule": "11:15\u201312:45", "thursday_open_min": 675.0, "thursday_close_min": 765.0, "thursday_schedule": "11:15\u201312:45", "friday_open_min": 675.0, "friday_close_min": 765.0, "friday_schedule": "11:15\u201312:45", "saturday_open_min": null, "saturday_close_min": null, "saturday_schedule": null, "sunday_open_min": null, "sunday_close_min": null, "sunday_schedule": null}, "geometry": {"type": "MultiLineString", "coordinates": [[[-73.99257265019506, 40.70278102167569], [-73.99250677311387, 40.70261188328405]], [[-73.99254747050486, 40.70330834171049], [-73.99257265019506, 40.70278102167569]]]}}, {"type": "Feature", "properties": {"site_id": "OS181", "Approved On Street": "WATER STREET", "Approved From Street": "BEACH STREET", "Approved To Street": "CANAL STREET", "Borough Name": "Staten Island", "program_type": "Full Closure", "Organization Name": "Van Duzer Civic Association", "approved_start": "2024-06-01", "approved_end": "2024-09-28", "approved_days_per_week": 1, "weekly_approved_hours": 5.0, "total_approved_hours": 90.0, "monday_open_min": null, "monday_close_min": null, "monday_schedule": null, "tuesday_open_min": null, "tuesday_close_min": null, "tuesday_schedule": null, "wednesday_open_min": null, "wednesday_close_min": null, "wednesday_schedule": null, "thursday_open_min": null, "thursday_close_min": null, "thursday_schedule": null, "friday_open_min": null, "friday_close_min": null, "friday_schedule": null, "saturday_open_min": 720.0, "saturday_close_min": 1020.0, "saturday_schedule": "12:00\u201317:00", "sunday_open_min": null, "sunday_close_min": null, "sunday_schedule": null}, "geometry": {"type": "MultiLineString", "coordinates": [[[-74.07766169236253, 40.62699638683289], [-74.07790082507539, 40.6269306851952]], [[-74.07638043696835, 40.62713785238522], [-74.07766169236253, 40.62699638683289]]]}}, {"type": "Feature", "properties": {"site_id": "OS182", "Approved On Street": "SIMPSON STREET", "Approved From Street": "EAST 163 STREET", "Approved To Street": "FOX STREET", "Borough Name": "Bronx", "program_type": "Full Closure", "Organization Name": "Banana Kelly Community Improvement Association, Inc.", "approved_start": "2024-06-22", "approved_end": "2024-08-10", "approved_days_per_week": 2, "weekly_approved_hours": 14.0, "total_approved_hours": 105.0, "monday_open_min": null, "monday_close_min": null, "monday_schedule": null, "tuesday_open_min": null, "tuesday_close_min": null, "tuesday_schedule": null, "wednesday_open_min": null, "wednesday_close_min": null, "wednesday_schedule": null, "thursday_open_min": null, "thursday_close_min": null, "thursday_schedule": null, "friday_open_min": null, "friday_close_min": null, "friday_schedule": null, "saturday_open_min": 660.0, "saturday_close_min": 1080.0, "saturday_schedule": "11:00\u201318:00", "sunday_open_min": 660.0, "sunday_close_min": 1080.0, "sunday_schedule": "11:00\u201318:00"}, "geometry": {"type": "MultiLineString", "coordinates": [[[-73.89389462499463, 40.819860288986234], [-73.8929015621665, 40.820811223103604]], [[-73.8929015621665, 40.820811223103604], [-73.89283653037859, 40.820974053548674]]]}}, {"type": "Feature", "properties": {"site_id": "OS183", "Approved On Street": "BROADWAY", "Approved From Street": "EAST 20 STREET", "Approved To Street": "EAST 19 STREET", "Borough Name": "Manhattan", "program_type": "Full Closure: Schools", "Organization Name": "Ballet Tech School", "approved_start": "2024-09-05", "approved_end": "2025-06-27", "approved_days_per_week": 5, "weekly_approved_hours": 15.0, "total_approved_hours": 636.0, "monday_open_min": 570.0, "monday_close_min": 750.0, "monday_schedule": "09:30\u201312:30", "tuesday_open_min": 570.0, "tuesday_close_min": 750.0, "tuesday_schedule": "09:30\u201312:30", "wednesday_open_min": 570.0, "wednesday_close_min": 750.0, "wednesday_schedule": "09:30\u201312:30", "thursday_open_min": 570.0, "thursday_close_min": 750.0, "thursday_schedule": "09:30\u201312:30", "friday_open_min": 570.0, "friday_close_min": 750.0, "friday_schedule": "09:30\u201312:30", "saturday_open_min": null, "saturday_close_min": null, "saturday_schedule": null, "sunday_open_min": null, "sunday_close_min": null, "sunday_schedule": null}, "geometry": {"type": "MultiLineString", "coordinates": [[[-73.98995645586373, 40.73847714394977], [-73.98988442006281, 40.73873590205635]], [[-73.98988442006281, 40.73873590205635], [-73.9897648749965, 40.739177088783094]]]}}, {"type": "Feature", "properties": {"site_id": "OS184", "Approved On Street": "GRAND AVENUE", "Approved From Street": "WEST BURNSIDE AVENUE", "Approved To Street": "WEST TREMONT AVENUE", "Borough Name": "Bronx", "program_type": "Full Closure: Schools", "Organization Name": "Bright Leaders Group Family Day Care Inc.", "approved_start": "2024-07-12", "approved_end": "2024-09-06", "approved_days_per_week": 1, "weekly_approved_hours": 3.5, "total_approved_hours": 31.5, "monday_open_min": null, "monday_close_min": null, "monday_schedule": null, "tuesday_open_min": null, "tuesday_close_min": null, "tuesday_schedule": null, "wednesday_open_min": null, "wednesday_close_min": null, "wednesday_schedule": null, "thursday_open_min": null, "thursday_close_min": null, "thursday_schedule": null, "friday_open_min": 750.0, "friday_close_min": 960.0, "friday_schedule": "12:30\u201316:00", "saturday_open_min": null, "saturday_close_min": null, "saturday_schedule": null, "sunday_open_min": null, "sunday_close_min": null, "sunday_schedule": null}, "geometry": {"type": "MultiLineString", "coordinates": [[[-73.91077673469154, 40.851938758326156], [-73.9107827939098, 40.85208084261316], [-73.91078279378901, 40.852080932662254], [-73.91078278063519, 40.852081013696335], [-73.91076972031928, 40.85222492019589], [-73.91076970821844, 40.852225100284905], [-73.9107696723991, 40.85222528035555], [-73.91073693787804, 40.85236889247629], [-73.91073691401449, 40.852369000516845], [-73.91073687829169, 40.85236910854823], [-73.9106845317698, 40.85251016608732], [-73.91068447225568, 40.85251032812977], [-73.9106843902089, 40.85251049015475], [-73.91061313327563, 40.85264661633118], [-73.91061305122852, 40.852646778356124], [-73.91061294310303, 40.85264693135594], [-73.9105240735081, 40.85277603800079], [-73.91052395468455, 40.852776209002045], [-73.91052381215442, 40.85277637098002], [-73.91041905180754, 40.852896694426335], [-73.9104190031114, 40.85289674841802], [-73.91041894374183, 40.85289680240143], [-73.91030042688271, 40.85300688546952]], [[-73.91030042688271, 40.85300688546952], [-73.90942957541111, 40.853959438474945]]]}}, {"type": "Feature", "properties": {"site_id": "OS185", "Approved On Street": "CHAUNCEY STREET", "Approved From Street": "HOWARD AVENUE", "Approved To Street": "SARATOGA AVENUE", "Borough Name": "Brooklyn", "program_type": "Limited Local Access", "Organization Name": "Chauncey Street Block & Tenants Association", "approved_start": "2024-03-01", "approved_end": "2024-10-31", "approved_days_per_week": 1, "weekly_approved_hours": 8.0, "total_approved_hours": 280.0, "monday_open_min": null, "monday_close_min": null, "monday_schedule": null, "tuesday_open_min": null, "tuesday_close_min": null, "tuesday_schedule": null, "wednesday_open_min": null, "wednesday_close_min": null, "wednesday_schedule": null, "thursday_open_min": null, "thursday_close_min": null, "thursday_schedule": null, "friday_open_min": null, "friday_close_min": null, "friday_schedule": null, "saturday_open_min": 600.0, "saturday_close_min": 1080.0, "saturday_schedule": "10:00\u201318:00", "sunday_open_min": null, "sunday_close_min": null, "sunday_schedule": null}, "geometry": {"type": "MultiLineString", "coordinates": [[[-73.91972011265803, 40.6815190348678], [-73.91735516792353, 40.6817919094427]], [[-73.91735516792353, 40.6817919094427], [-73.91697632892352, 40.68183415901816]]]}}, {"type": "Feature", "properties": {"site_id": "OS186", "Approved On Street": "BECK STREET", "Approved From Street": "LEGGETT AVENUE", "Approved To Street": "AVENUE ST JOHN", "Borough Name": "Bronx", "program_type": "Full Closure", "Organization Name": "Salsa Stories", "approved_start": "2024-08-02", "approved_end": "2024-08-23", "approved_days_per_week": 1, "weekly_approved_hours": 3.0, "total_approved_hours": 12.0, "monday_open_min": null, "monday_close_min": null, "monday_schedule": null, "tuesday_open_min": null, "tuesday_close_min": null, "tuesday_schedule": null, "wednesday_open_min": null, "wednesday_close_min": null, "wednesday_schedule": null, "thursday_open_min": null, "thursday_close_min": null, "thursday_schedule": null, "friday_open_min": 1080.0, "friday_close_min": 1260.0, "friday_schedule": "18:00\u201321:00", "saturday_open_min": null, "saturday_close_min": null, "saturday_schedule": null, "sunday_open_min": null, "sunday_close_min": null, "sunday_schedule": null}, "geometry": {"type": "MultiLineString", "coordinates": [[[-73.902218502923, 40.8144932655015], [-73.9014496054109, 40.81470946868599]], [[-73.9014496054109, 40.81470946868599], [-73.90012021612286, 40.81508326401045]]]}}, {"type": "Feature", "properties": {"site_id": "OS187", "Approved On Street": "18 STREET", "Approved From Street": "5 AVENUE", "Approved To Street": "4 AVENUE", "Borough Name": "Brooklyn", "program_type": "Full Closure: Schools", "Organization Name": "Hellenic Classical Charter Schools", "approved_start": "2024-09-05", "approved_end": "2025-06-27", "approved_days_per_week": 5, "weekly_approved_hours": 36.666666666666664, "total_approved_hours": 1554.6666666666665, "monday_open_min": 495.0, "monday_close_min": 935.0, "monday_schedule": "08:15\u201315:35", "tuesday_open_min": 495.0, "tuesday_close_min": 935.0, "tuesday_schedule": "08:15\u201315:35", "wednesday_open_min": 495.0, "wednesday_close_min": 935.0, "wednesday_schedule": "08:15\u201315:35", "thursday_open_min": 495.0, "thursday_close_min": 935.0, "thursday_schedule": "08:15\u201315:35", "friday_open_min": 495.0, "friday_close_min": 935.0, "friday_schedule": "08:15\u201315:35", "saturday_open_min": null, "saturday_close_min": null, "saturday_schedule": null, "sunday_open_min": null, "sunday_close_min": null, "sunday_schedule": null}, "geometry": {"type": "MultiLineString", "coordinates": [[[-73.99200716532654, 40.663232003030195], [-73.99167274842982, 40.663028679679364]], [[-73.99387610081584, 40.664368339381824], [-73.99200716532654, 40.663232003030195]]]}}, {"type": "Feature", "properties": {"site_id": "OS188", "Approved On Street": "DECATUR STREET", "Approved From Street": "HOWARD AVENUE", "Approved To Street": "SARATOGA AVENUE", "Borough Name": "Brooklyn", "program_type": "Limited Local Access", "Organization Name": "DHS Block Association", "approved_start": "2024-05-25", "approved_end": "2024-10-26", "approved_days_per_week": 1, "weekly_approved_hours": 8.0, "total_approved_hours": 184.0, "monday_open_min": null, "monday_close_min": null, "monday_schedule": null, "tuesday_open_min": null, "tuesday_close_min": null, "tuesday_schedule": null, "wednesday_open_min": null, "wednesday_close_min": null, "wednesday_schedule": null, "thursday_open_min": null, "thursday_close_min": null, "thursday_schedule": null, "friday_open_min": null, "friday_close_min": null, "friday_schedule": null, "saturday_open_min": 720.0, "saturday_close_min": 1200.0, "saturday_schedule": "12:00\u201320:00", "sunday_open_min": null, "sunday_close_min": null, "sunday_schedule": null}, "geometry": {"type": "MultiLineString", "coordinates": [[[-73.92001111872648, 40.68298653580679], [-73.91764775462853, 40.6832592193675]], [[-73.91764775462853, 40.6832592193675], [-73.91726632653388, 40.68330322404602]]]}}]}